% time-domain voltage integration by openEMS v0.0.36-93-g7b9cd51 @Tue Sep  8 09:50:29 2026
% start-coordinates: (0.02,0,0.001524) m -> [12,4,13]
% stop-coordinates: (0.02,0,0) m -> [12,4,1]
% t/s	voltage
0	0
4.09299826492e-12	0
8.18599652984e-12	3.9193006656e-36
1.22789947948e-11	5.69258677e-32
1.63719930597e-11	4.30989624667e-29
2.04649913246e-11	7.23589906811e-27
2.45579895895e-11	4.68125730524e-25
2.86509878545e-11	1.56449368788e-23
3.27439861194e-11	3.2152666352e-22
3.68369843843e-11	4.54497394074e-21
4.09299826492e-11	4.76841548271e-20
4.50229809141e-11	3.91895271664e-19
4.91159791791e-11	2.62451199323e-18
5.3208977444e-11	1.47511957191e-17
5.73019757089e-11	7.11609112852e-17
6.13949739738e-11	2.99726390256e-16
6.54879722388e-11	1.11660044156e-15
6.95809705037e-11	3.71398785199e-15
7.36739687686e-11	1.1096111492e-14
7.77669670335e-11	2.9844872589e-14
8.18599652984e-11	7.20542726267e-14
8.59529635634e-11	1.54285503813e-13
9.00459618283e-11	2.83642805966e-13
9.41389600932e-11	4.06132569117e-13
9.82319583581e-11	2.63067879316e-13
1.02324956623e-10	-9.51601881875e-13
1.06417954888e-10	-5.32883104505e-12
1.10510953153e-10	-1.77136341619e-11
1.14603951418e-10	-4.84579616017e-11
1.18696949683e-10	-1.18327911705e-10
1.22789947948e-10	-2.66888995279e-10
1.26882946213e-10	-5.66296013554e-10
1.30975944478e-10	-1.14310996779e-09
1.35068942742e-10	-2.21131260525e-09
1.39161941007e-10	-4.11946837753e-09
1.43254939272e-10	-7.41272088156e-09
1.47347937537e-10	-1.29038602026e-08
1.51440935802e-10	-2.1733860045e-08
1.55533934067e-10	-3.53775273521e-08
1.59626932332e-10	-5.55110908351e-08
1.63719930597e-10	-8.36060727316e-08
1.67812928862e-10	-1.20054156838e-07
1.71905927127e-10	-1.62577418195e-07
1.75998925392e-10	-2.03666280285e-07
1.80091923657e-10	-2.26851360807e-07
1.84184921922e-10	-2.01796925836e-07
1.88277920186e-10	-7.8529366121e-08
1.92370918451e-10	2.18428084509e-07
1.96463916716e-10	7.94709734464e-07
2.00556914981e-10	1.78779200155e-06
2.04649913246e-10	3.36375094889e-06
2.08742911511e-10	5.7074469737e-06
2.12835909776e-10	9.00545740024e-06
2.16928908041e-10	1.34227892659e-05
2.21021906306e-10	1.90765885009e-05
2.25114904571e-10	2.60123481439e-05
2.29207902836e-10	3.41896634382e-05
2.33300901101e-10	4.34846613189e-05
2.37393899365e-10	5.37138816981e-05
2.4148689763e-10	6.46798530397e-05
2.45579895895e-10	7.62313529776e-05
2.4967289416e-10	8.83240086296e-05
2.53765892425e-10	0.000101060074485
2.5785889069e-10	0.00011468383309
2.61951888955e-10	0.00012951214012
2.6604488722e-10	0.000145790647366
2.70137885485e-10	0.000163482819517
2.7423088375e-10	0.000182021286491
2.78323882015e-10	0.000200071157451
2.8241688028e-10	0.000215368176214
2.86509878545e-10	0.000224698578677
2.90602876809e-10	0.0002240687827
2.94695875074e-10	0.000209084759263
2.98788873339e-10	0.000175512561327
3.02881871604e-10	0.000119942333185
3.06974869869e-10	4.04362476729e-05
3.11067868134e-10	-6.29887099421e-05
3.15160866399e-10	-0.000188178219105
3.19253864664e-10	-0.000331065064529
3.23346862929e-10	-0.000486324694066
3.27439861194e-10	-0.00064840102641
3.31532859459e-10	-0.000812744649011
3.35625857724e-10	-0.000977025956672
3.39718855989e-10	-0.00114205917635
3.43811854253e-10	-0.00131218363094
3.47904852518e-10	-0.00149494038487
3.51997850783e-10	-0.00170000897197
3.56090849048e-10	-0.0019375228876
3.60183847313e-10	-0.00221606013656
3.64276845578e-10	-0.00254068264621
3.68369843843e-10	-0.00291147782991
3.72462842108e-10	-0.00332297160639
3.76555840373e-10	-0.00376465328736
3.80648838638e-10	-0.00422262816573
3.84741836903e-10	-0.00468216539593
3.88834835168e-10	-0.005130666279
3.92927833433e-10	-0.00556046000565
3.97020831697e-10	-0.00597074005054
4.01113829962e-10	-0.00636815122562
4.05206828227e-10	-0.00676567008486
4.09299826492e-10	-0.00717989116674
4.13392824757e-10	-0.00762708636466
4.17485823022e-10	-0.00811879895627
4.21578821287e-10	-0.0086579011404
4.25671819552e-10	-0.00923605507705
4.29764817817e-10	-0.00983329926385
4.33857816082e-10	-0.0104201430222
4.37950814347e-10	-0.0109619679279
4.42043812612e-10	-0.0114250837942
4.46136810877e-10	-0.0117832993856
4.50229809141e-10	-0.0120236685034
4.54322807406e-10	-0.0121500665555
4.58415805671e-10	-0.0121836641338
4.62508803936e-10	-0.0121598013211
4.66601802201e-10	-0.0121216396801
4.70694800466e-10	-0.0121115548536
4.74787798731e-10	-0.0121618283447
4.78880796996e-10	-0.0122865726007
4.82973795261e-10	-0.0124765438959
4.87066793526e-10	-0.0126982652582
4.91159791791e-10	-0.0128978786524
4.95252790056e-10	-0.0130094795022
4.99345788321e-10	-0.0129664995475
5.03438786585e-10	-0.0127142237034
5.0753178485e-10	-0.0122210870031
5.11624783115e-10	-0.0114863890922
5.1571778138e-10	-0.0105429028627
5.19810779645e-10	-0.0094534343807
5.2390377791e-10	-0.00830175011652
5.27996776175e-10	-0.00717929861275
5.3208977444e-10	-0.00616996176541
5.36182772705e-10	-0.00533569027903
5.4027577097e-10	-0.00470560626127
5.44368769235e-10	-0.0042708014953
5.484617675e-10	-0.00398587429663
5.52554765765e-10	-0.00377711092005
5.56647764029e-10	-0.00355597140151
5.60740762294e-10	-0.00323540746467
5.64833760559e-10	-0.00274615829403
5.68926758824e-10	-0.00204993605439
5.73019757089e-10	-0.0011471282487
5.77112755354e-10	-7.75991893534e-05
5.81205753619e-10	0.00108558127249
5.85298751884e-10	0.00224819507275
5.89391750149e-10	0.00331053833361
5.93484748414e-10	0.00418370414991
5.97577746679e-10	0.0048035402142
6.01670744944e-10	0.00513985371799
6.05763743209e-10	0.00519929479924
6.09856741473e-10	0.00502180113108
6.13949739738e-10	0.0046714716882
6.18042738003e-10	0.00422397616785
6.22135736268e-10	0.0037530278496
6.26228734533e-10	0.00331850210205
6.30321732798e-10	0.00295839336468
6.34414731063e-10	0.00268574462098
6.38507729328e-10	0.00249077565968
6.42600727593e-10	0.00234725956398
6.46693725858e-10	0.00222138664685
6.50786724123e-10	0.00208107026992
6.54879722388e-10	0.00190349141485
6.58972720653e-10	0.00167943850101
6.63065718917e-10	0.0014136179816
6.67158717182e-10	0.00112116021046
6.71251715447e-10	0.000821488341899
6.75344713712e-10	0.000531148107257
6.79437711977e-10	0.00025766372346
6.83530710242e-10	-3.97479470848e-06
6.87623708507e-10	-0.000271086995781
6.91716706772e-10	-0.000569122290472
6.95809705037e-10	-0.000924419407966
6.99902703302e-10	-0.0013553796889
7.03995701567e-10	-0.00186426792061
7.08088699832e-10	-0.00243168335874
7.12181698096e-10	-0.0030153550033
7.16274696361e-10	-0.00355412004865
7.20367694626e-10	-0.00397666357458
7.24460692891e-10	-0.00421375437872
7.28553691156e-10	-0.00421162592829
7.32646689421e-10	-0.00394389696885
7.36739687686e-10	-0.0034195217886
7.40832685951e-10	-0.00268482450338
7.44925684216e-10	-0.00181893976696
7.49018682481e-10	-0.00092302995472
7.53111680746e-10	-0.000105021423678
7.57204679011e-10	0.000537545151019
7.61297677276e-10	0.000933616312977
7.6539067554e-10	0.00105071586586
7.69483673805e-10	0.000900971099327
7.7357667207e-10	0.000539899992873
7.77669670335e-10	5.81609128858e-05
7.817626686e-10	-0.000432312328485
7.85855666865e-10	-0.000815567509562
7.8994866513e-10	-0.000989347157883
7.94041663395e-10	-0.000880542560481
7.9813466166e-10	-0.000455994180811
8.02227659925e-10	0.000272861181656
8.0632065819e-10	0.00125186388323
8.10413656455e-10	0.00239202509692
8.1450665472e-10	0.00358182456694
8.18599652984e-10	0.00470193906222
8.22692651249e-10	0.0056401345355
8.26785649514e-10	0.00630424817791
8.30878647779e-10	0.00663182971766
8.34971646044e-10	0.00659549876582
8.39064644309e-10	0.00620401790366
8.43157642574e-10	0.00549950223649
8.47250640839e-10	0.00455167298787
8.51343639104e-10	0.00345021046815
8.55436637369e-10	0.00229605792265
8.59529635634e-10	0.00119246251415
8.63622633899e-10	0.000236111529375
8.67715632164e-10	-0.000491321898153
8.71808630428e-10	-0.000930976668315
8.75901628693e-10	-0.00105357046414
8.79994626958e-10	-0.000864422952873
8.84087625223e-10	-0.000405903021601
8.88180623488e-10	0.000243735968979
8.92273621753e-10	0.000975922266662
8.96366620018e-10	0.00166203959088
9.00459618283e-10	0.00216802416253
9.04552616548e-10	0.00237187472521
9.08645614813e-10	0.0021819438989
9.12738613078e-10	0.00155319082842
9.16831611343e-10	0.000498482222611
9.20924609608e-10	-0.000907514593564
9.25017607872e-10	-0.00253343187796
9.29110606137e-10	-0.00420536613092
9.33203604402e-10	-0.00572875511716
9.37296602667e-10	-0.00691507320153
9.41389600932e-10	-0.00760942744091
9.45482599197e-10	-0.00771475268994
9.49575597462e-10	-0.00720850523794
9.53668595727e-10	-0.0061488901265
9.57761593992e-10	-0.0046691596508
9.61854592257e-10	-0.00296043560957
9.65947590522e-10	-0.00124544688151
9.70040588787e-10	0.000252998859651
9.74133587052e-10	0.00134392223117
9.78226585316e-10	0.00189554055396
9.82319583581e-10	0.00185382396739
9.86412581846e-10	0.00124934189807
9.90505580111e-10	0.000191510666809
9.94598578376e-10	-0.00114873260463
9.98691576641e-10	-0.00256481159886
1.00278457491e-09	-0.00384470474091
1.00687757317e-09	-0.00480063393479
1.01097057144e-09	-0.00529368899879
1.0150635697e-09	-0.00525001302594
1.01915656797e-09	-0.00466666396824
1.02324956623e-09	-0.00360723995254
1.0273425645e-09	-0.00218893832061
1.03143556276e-09	-0.000563953064557
1.03552856103e-09	0.00110128604865
1.03962155929e-09	0.00264584386605
1.04371455756e-09	0.00393037841422
1.04780755582e-09	0.00484830950154
1.05190055409e-09	0.00533180811908
1.05599355235e-09	0.00535333622247
1.06008655061e-09	0.00492406633566
1.06417954888e-09	0.00409038594807
1.06827254714e-09	0.00292951548181
1.07236554541e-09	0.00154450356786
1.07645854367e-09	5.83410683248e-05
1.08055154194e-09	-0.00139340539317
1.0846445402e-09	-0.00267218226509
1.08873753847e-09	-0.00364840019029
1.09283053673e-09	-0.00421537843067
1.096923535e-09	-0.00430388716632
1.10101653326e-09	-0.00389518184238
1.10510953153e-09	-0.0030300389335
1.10920252979e-09	-0.00181118294131
1.11329552806e-09	-0.000397349092964
1.11738852632e-09	0.0010118223654
1.12148152459e-09	0.00219917904178
1.12557452285e-09	0.00295925770479
1.12966752112e-09	0.0031294352666
1.13376051938e-09	0.00261810331722
1.13785351765e-09	0.00142498513014
1.14194651591e-09	-0.000350693575456
1.14603951418e-09	-0.002516757595
1.15013251244e-09	-0.00480962841539
1.15422551071e-09	-0.00692868779879
1.15831850897e-09	-0.0085786744603
1.16241150724e-09	-0.00951379386242
1.1665045055e-09	-0.00957632838981
1.17059750377e-09	-0.0087231338839
1.17469050203e-09	-0.00703527050791
1.1787835003e-09	-0.00470846326789
1.18287649856e-09	-0.00202570777037
1.18696949683e-09	0.000683995796862
1.19106249509e-09	0.00309403977008
1.19515549336e-09	0.00492791488068
1.19924849162e-09	0.00599859026261
1.20334148989e-09	0.00623319024453
1.20743448815e-09	0.00567951673293
1.21152748642e-09	0.00449376870529
1.21562048468e-09	0.00291216454934
1.21971348295e-09	0.00121171113278
1.22380648121e-09	-0.000333226200382
1.22789947948e-09	-0.00149127523764
1.23199247774e-09	-0.00210525616421
1.23608547601e-09	-0.00210979561962
1.24017847427e-09	-0.00153353615315
1.24427147254e-09	-0.0004868653632
1.2483644708e-09	0.00086178840138
1.25245746907e-09	0.0023160798446
1.25655046733e-09	0.00368288546451
1.2606434656e-09	0.00479916448239
1.26473646386e-09	0.00555054622237
1.26882946213e-09	0.00587963109137
1.27292246039e-09	0.00578388408758
1.27701545866e-09	0.00530524324859
1.28110845692e-09	0.0045147218334
1.28520145519e-09	0.00349598599132
1.28929445345e-09	0.00233161475626
1.29338745172e-09	0.00109441398672
1.29748044998e-09	-0.000155105884915
1.30157344825e-09	-0.00136608250614
1.30566644651e-09	-0.0024915728136
1.30975944478e-09	-0.00348269712413
1.31385244304e-09	-0.00428560801083
1.31794544131e-09	-0.00484308411251
1.32203843957e-09	-0.00510146532906
1.32613143783e-09	-0.00502166783554
1.3302244361e-09	-0.00459184503416
1.33431743436e-09	-0.00383840530412
1.33841043263e-09	-0.00283196824603
1.34250343089e-09	-0.00168592008413
1.34659642916e-09	-0.000546400293388
1.35068942742e-09	0.000425429119787
1.35478242569e-09	0.00107636638859
1.35887542395e-09	0.00128575315466
1.36296842222e-09	0.000987198269286
1.36706142048e-09	0.000183563410246
1.37115441875e-09	-0.0010479765042
1.37524741701e-09	-0.00256219154107
1.37934041528e-09	-0.00416293539456
1.38343341354e-09	-0.00562905197148
1.38752641181e-09	-0.0067451633513
1.39161941007e-09	-0.00733290228527
1.39571240834e-09	-0.00727768160868
1.3998054066e-09	-0.00654687616043
1.40389840487e-09	-0.0051965166349
1.40799140313e-09	-0.00336522288853
1.4120844014e-09	-0.00125629293325
1.41617739966e-09	0.000889614777407
1.42027039793e-09	0.0028270418843
1.42436339619e-09	0.00433880090714
1.42845639446e-09	0.0052647931152
1.43254939272e-09	0.00552244705614
1.43664239099e-09	0.00511627783999
1.44073538925e-09	0.00413551786914
1.44482838752e-09	0.00274071004242
1.44892138578e-09	0.00114157977805
1.45301438405e-09	-0.000430597148807
1.45710738231e-09	-0.00175229214074
1.46120038058e-09	-0.0026352203713
1.46529337884e-09	-0.00294889979705
1.46938637711e-09	-0.00263603267376
1.47347937537e-09	-0.00171936217521
1.47757237364e-09	-0.000299353883747
1.4816653719e-09	0.00145694149978
1.48575837017e-09	0.0033349324367
1.48985136843e-09	0.00509767839685
1.4939443667e-09	0.0065147082787
1.49803736496e-09	0.00739144656109
1.50213036323e-09	0.00759553950047
1.50622336149e-09	0.00707657687599
1.51031635976e-09	0.00587591994554
1.51440935802e-09	0.00412450282602
1.51850235629e-09	0.00202806568996
1.52259535455e-09	-0.000159050805451
1.52668835282e-09	-0.00216821688809
1.53078135108e-09	-0.00375435897149
1.53487434935e-09	-0.00473167488235
1.53896734761e-09	-0.00500158977229
1.54306034588e-09	-0.00456839404069
1.54715334414e-09	-0.00353952453588
1.55124634241e-09	-0.00211005768506
1.55533934067e-09	-0.000533280446689
1.55943233894e-09	0.00091842324764
1.5635253372e-09	0.00199632882141
1.56761833547e-09	0.00251518517325
1.57171133373e-09	0.00238341676595
1.575804332e-09	0.00161864730762
1.57989733026e-09	0.000345535800079
1.58399032852e-09	-0.00122427556198
1.58808332679e-09	-0.00282711662294
1.59217632505e-09	-0.0041917716735
1.59626932332e-09	-0.00508593270206
1.60036232158e-09	-0.00535662024049
1.60445531985e-09	-0.00495727613452
1.60854831811e-09	-0.00395623341319
1.61264131638e-09	-0.00252479448682
1.61673431464e-09	-0.000906526285689
1.62082731291e-09	0.000626755569101
1.62492031117e-09	0.00182433373993
1.62901330944e-09	0.0025021869078
1.6331063077e-09	0.00257607393723
1.63719930597e-09	0.00207601946022
1.64129230423e-09	0.00113927859638
1.6453853025e-09	-1.6762789528e-05
1.64947830076e-09	-0.00113651783613
1.65357129903e-09	-0.00197506129916
1.65766429729e-09	-0.0023444784747
1.66175729556e-09	-0.0021492059459
1.66585029382e-09	-0.00140373801696
1.66994329209e-09	-0.000229642389968
1.67403629035e-09	0.00116727122804
1.67812928862e-09	0.00253535161028
1.68222228688e-09	0.00362371309893
1.68631528515e-09	0.00422863682616
1.69040828341e-09	0.00423126769601
1.69450128168e-09	0.00361981042079
1.69859427994e-09	0.00249241031997
1.70268727821e-09	0.00104004611057
1.70678027647e-09	-0.000487289376906
1.71087327474e-09	-0.0018251540605
1.714966273e-09	-0.0027419145772
1.71905927127e-09	-0.00308006125852
1.72315226953e-09	-0.00278422373231
1.7272452678e-09	-0.00191059500503
1.73133826606e-09	-0.000616240140516
1.73543126433e-09	0.000869745854288
1.73952426259e-09	0.00228777241136
1.74361726086e-09	0.0033940586145
1.74771025912e-09	0.0040032210818
1.75180325739e-09	0.00401916343253
1.75589625565e-09	0.00344900321215
1.75998925392e-09	0.00239797042741
1.76408225218e-09	0.00104695868504
1.76817525045e-09	-0.00038221761497
1.77226824871e-09	-0.00166696503584
1.77636124698e-09	-0.00262164356536
1.78045424524e-09	-0.00312629248947
1.78454724351e-09	-0.0031418215076
1.78864024177e-09	-0.00270998707856
1.79273324004e-09	-0.00193962514459
1.7968262383e-09	-0.000982743978966
1.80091923657e-09	-5.79460947847e-06
1.80501223483e-09	0.000838420754008
1.8091052331e-09	0.00143343789387
1.81319823136e-09	0.00171305931872
1.81729122963e-09	0.0016653015773
1.82138422789e-09	0.00132680265233
1.82547722616e-09	0.000769944919739
1.82957022442e-09	8.59017845869e-05
1.83366322269e-09	-0.000632884748484
1.83775622095e-09	-0.00130735732091
1.84184921922e-09	-0.0018813591887
1.84594221748e-09	-0.00232471470372
1.85003521574e-09	-0.00263017608086
1.85412821401e-09	-0.00280583347194
1.85822121227e-09	-0.00286536944623
1.86231421054e-09	-0.00281918577093
1.8664072088e-09	-0.00266879242554
1.87050020707e-09	-0.00240616303927
1.87459320533e-09	-0.00201826528064
1.8786862036e-09	-0.001495428005
1.88277920186e-09	-0.000841224325995
1.88687220013e-09	-8.06494181234e-05
1.89096519839e-09	0.000736121026421
1.89505819666e-09	0.00153628713451
1.89915119492e-09	0.0022336034599
1.90324419319e-09	0.00274260969309
1.90733719145e-09	0.00299516762607
1.91143018972e-09	0.0029554964276
1.91552318798e-09	0.00263025841559
1.91961618625e-09	0.00207113559009
1.92370918451e-09	0.00136885607935
1.92780218278e-09	0.000639689082163
1.93189518104e-09	6.65977938752e-06
1.93598817931e-09	-0.00042090707575
1.94008117757e-09	-0.000565900074434
1.94417417584e-09	-0.000396819195885
1.9482671741e-09	6.62026150167e-05
1.95236017237e-09	0.000753385502321
1.95645317063e-09	0.0015549682721
1.9605461689e-09	0.0023368333641
1.96463916716e-09	0.002959796082
1.96873216543e-09	0.00329993016203
1.97282516369e-09	0.00326705741463
1.97691816196e-09	0.00281908489706
1.98101116022e-09	0.00197002667119
1.98510415849e-09	0.000790492646047
1.98919715675e-09	-0.000599763287028
1.99329015502e-09	-0.00204666651553
1.99738315328e-09	-0.00338209755137
2.00147615155e-09	-0.00444708086434
2.00556914981e-09	-0.00511438489775
2.00966214808e-09	-0.00530713429907
2.01375514634e-09	-0.00501050124876
2.01784814461e-09	-0.00427438708721
2.02194114287e-09	-0.00320677121636
2.02603414114e-09	-0.00195851172612
2.0301271394e-09	-0.000702029105014
2.03422013767e-09	0.000392973071939
2.03831313593e-09	0.00118332393322
2.0424061342e-09	0.00157230679179
2.04649913246e-09	0.00152324239025
2.05059213073e-09	0.00106488011079
2.05468512899e-09	0.000287977050903
2.05877812726e-09	-0.000666608641041
2.06287112552e-09	-0.00162716834166
2.06696412379e-09	-0.00241544372693
2.07105712205e-09	-0.00287323452358
2.07515012032e-09	-0.00288765567529
2.07924311858e-09	-0.00241125868342
2.08333611685e-09	-0.00147346869926
2.08742911511e-09	-0.000180453096618
2.09152211338e-09	0.00129758520052
2.09561511164e-09	0.00275092608354
2.09970810991e-09	0.00396338984137
2.10380110817e-09	0.00474871526239
2.10789410644e-09	0.00498398745549
2.1119871047e-09	0.00463355376269
2.11608010296e-09	0.00375851718127
2.12017310123e-09	0.00250913578202
2.12426609949e-09	0.00110072391544
2.12835909776e-09	-0.00022298179465
2.13245209602e-09	-0.00123275884107
2.13654509429e-09	-0.00175513802969
2.14063809255e-09	-0.00170444161631
2.14473109082e-09	-0.00109954267828
2.14882408908e-09	-6.19897723482e-05
2.15291708735e-09	0.00120424330089
2.15701008561e-09	0.00244822443346
2.16110308388e-09	0.00341649595066
2.16519608214e-09	0.0038988997112
2.16928908041e-09	0.00376783226966
2.17338207867e-09	0.00300379688269
2.17747507694e-09	0.00170263391919
2.1815680752e-09	6.23435621492e-05
2.18566107347e-09	-0.00164879176009
2.18975407173e-09	-0.00313798547722
2.19384707e-09	-0.00414021353936
2.19794006826e-09	-0.00446765834931
2.20203306653e-09	-0.00404745401465
2.20612606479e-09	-0.00293995697575
2.21021906306e-09	-0.00133323739283
2.21431206132e-09	0.00048634293853
2.21840505959e-09	0.00218325122842
2.22249805785e-09	0.00343291126774
2.22659105612e-09	0.00398206018144
2.23068405438e-09	0.00369762917398
2.23477705265e-09	0.00259442497918
2.23887005091e-09	0.00083586746041
2.24296304918e-09	-0.00129315072263
2.24705604744e-09	-0.00343629764393
2.25114904571e-09	-0.00522963530966
2.25524204397e-09	-0.00636719388422
2.25933504224e-09	-0.0066559225088
2.2634280405e-09	-0.00605001900112
2.26752103877e-09	-0.00465823945706
2.27161403703e-09	-0.00272344342375
2.2757070353e-09	-0.000578310660785
2.27980003356e-09	0.00141434545367
2.28389303183e-09	0.0029256871203
2.28798603009e-09	0.00371821195586
2.29207902836e-09	0.00368612623424
2.29617202662e-09	0.00287225005741
2.30026502489e-09	0.00145863672515
2.30435802315e-09	-0.000267165418336
2.30845102142e-09	-0.00196402279835
2.31254401968e-09	-0.00329843114014
2.31663701795e-09	-0.00400395924225
2.32073001621e-09	-0.00392862470471
2.32482301448e-09	-0.00306155590806
2.32891601274e-09	-0.00153394414519
2.33300901101e-09	0.000405823266192
2.33710200927e-09	0.00243867006793
2.34119500754e-09	0.00423403320019
2.3452880058e-09	0.00551075028488
2.34938100407e-09	0.00608791562263
2.35347400233e-09	0.00591577863088
2.3575670006e-09	0.00508108662325
2.36165999886e-09	0.00378581194673
2.36575299713e-09	0.00230417191051
2.36984599539e-09	0.000926739572606
2.37393899365e-09	-9.69958505266e-05
2.37803199192e-09	-0.000605940629612
2.38212499018e-09	-0.000555899048777
2.38621798845e-09	-2.38763722109e-05
2.39031098671e-09	0.000811494217487
2.39440398498e-09	0.00170880656515
2.39849698324e-09	0.00241391961754
2.40258998151e-09	0.00271092413459
2.40668297977e-09	0.00246482646617
2.41077597804e-09	0.00164798143669
2.4148689763e-09	0.00034617201527
2.41896197457e-09	-0.00125620778999
2.42305497283e-09	-0.00290901654807
2.4271479711e-09	-0.00434091410716
2.43124096936e-09	-0.00530819330015
2.43533396763e-09	-0.00563918155967
2.43942696589e-09	-0.00526669912506
2.44351996416e-09	-0.00424288454815
2.44761296242e-09	-0.00273319828557
2.45170596069e-09	-0.000990467749943
2.45579895895e-09	0.000687427975208
2.45989195722e-09	0.00200898632465
2.46398495548e-09	0.00274077797076
2.46807795375e-09	0.00275023760332
2.47217095201e-09	0.00203121584491
2.47626395028e-09	0.000707607159711
2.48035694854e-09	-0.000986345541605
2.48444994681e-09	-0.00274559746322
2.48854294507e-09	-0.0042465836741
2.49263594334e-09	-0.00520301956567
2.4967289416e-09	-0.00541484492715
2.50082193987e-09	-0.00480215327116
2.50491493813e-09	-0.00341831566766
2.5090079364e-09	-0.00144076755532
2.51310093466e-09	0.000858016777784
2.51719393293e-09	0.00315409444738
2.52128693119e-09	0.0051222256443
2.52537992946e-09	0.00648492784239
2.52947292772e-09	0.0070529927616
2.53356592599e-09	0.00675197754754
2.53765892425e-09	0.00563175787101
2.54175192252e-09	0.00385804384132
2.54584492078e-09	0.00168784844573
2.54993791905e-09	-0.000567859213334
2.55403091731e-09	-0.00258907317766
2.55812391558e-09	-0.00409295532154
2.56221691384e-09	-0.00487505705678
2.56630991211e-09	-0.00483900294057
2.57040291037e-09	-0.00401021001744
2.57449590864e-09	-0.00253090217302
2.5785889069e-09	-0.000636813350866
2.58268190517e-09	0.00138065570354
2.58677490343e-09	0.00322097382741
2.5908679017e-09	0.00462141289609
2.59496089996e-09	0.00539659653441
2.59905389823e-09	0.00546392649994
2.60314689649e-09	0.00485081318766
2.60723989476e-09	0.00368363564485
2.61133289302e-09	0.00216100281978
2.61542589129e-09	0.00051735013767
2.61951888955e-09	-0.0010163281986
2.62361188782e-09	-0.00224777770927
2.62770488608e-09	-0.00304910060368
2.63179788435e-09	-0.00336989510106
2.63589088261e-09	-0.00323677764391
2.63998388087e-09	-0.00274111334875
2.64407687914e-09	-0.00201799153001
2.6481698774e-09	-0.00122035294044
2.65226287567e-09	-0.000492851286253
2.65635587393e-09	5.10027683731e-05
2.6604488722e-09	0.000344765805494
2.66454187046e-09	0.000376039550247
2.66863486873e-09	0.000183539414138
2.67272786699e-09	-0.000155373681082
2.67682086526e-09	-0.000544088132301
2.68091386352e-09	-0.000889749870112
2.68500686179e-09	-0.00112483770499
2.68909986005e-09	-0.00122260552598
2.69319285832e-09	-0.00120262603014
2.69728585658e-09	-0.00112429964793
2.70137885485e-09	-0.00106963493454
2.70547185311e-09	-0.0011186022457
2.70956485138e-09	-0.0013231443736
2.71365784964e-09	-0.0016864529025
2.71775084791e-09	-0.00215312153159
2.72184384617e-09	-0.00261396240967
2.72593684444e-09	-0.00292507206905
2.7300298427e-09	-0.00293794366007
2.73412284097e-09	-0.00253408717981
2.73821583923e-09	-0.00165636849124
2.7423088375e-09	-0.000330103306624
2.74640183576e-09	0.00133158799872
2.75049483403e-09	0.00313961625216
2.75458783229e-09	0.00485642661806
2.75868083056e-09	0.00623427447863
2.76277382882e-09	0.00705718999961
2.76686682709e-09	0.00717952294508
2.77095982535e-09	0.00655390397878
2.77505282362e-09	0.00524410005892
2.77914582188e-09	0.00342016993091
2.78323882015e-09	0.00133617631218
2.78733181841e-09	-0.000706306491338
2.79142481668e-09	-0.00240420545742
2.79551781494e-09	-0.00350120812072
2.79961081321e-09	-0.00383105169749
2.80370381147e-09	-0.00334835521062
2.80779680974e-09	-0.00214086618507
2.811889808e-09	-0.000420147574914
2.81598280627e-09	0.00150966105866
2.82007580453e-09	0.0033003964927
2.8241688028e-09	0.00461827262188
2.82826180106e-09	0.00520189429517
2.83235479933e-09	0.00490881156293
2.83644779759e-09	0.00374193361495
2.84054079586e-09	0.00184982357314
2.84463379412e-09	-0.000499134534039
2.84872679239e-09	-0.00296399922809
2.85281979065e-09	-0.00519089732552
2.85691278892e-09	-0.00687310245121
2.86100578718e-09	-0.00780068064341
2.86509878545e-09	-0.00789038435323
2.86919178371e-09	-0.00719157676212
2.87328478198e-09	-0.00586855865549
2.87737778024e-09	-0.00416406829027
2.88147077851e-09	-0.00235242517374
2.88556377677e-09	-0.000691176715918
2.88965677504e-09	0.000619748134341
2.8937497733e-09	0.00146513719665
2.89784277157e-09	0.00182454969035
2.90193576983e-09	0.00176488434954
2.90602876809e-09	0.00141860970325
2.91012176636e-09	0.000952018119278
2.91421476462e-09	0.000529835651832
2.91830776289e-09	0.000282447435893
2.92240076115e-09	0.000281308319245
2.92649375942e-09	0.000527291416802
2.93058675768e-09	0.000953747381573
2.93467975595e-09	0.00144424783502
2.93877275421e-09	0.00186153926188
2.94286575248e-09	0.00208186550299
2.94695875074e-09	0.00202757056104
2.95105174901e-09	0.00169001353788
2.95514474727e-09	0.00113727737335
2.95923774554e-09	0.000503522784129
2.9633307438e-09	-3.8668418938e-05
2.96742374207e-09	-0.000317369051118
2.97151674033e-09	-0.000203655651603
2.9756097386e-09	0.000353005549186
2.97970273686e-09	0.00130461195658
2.98379573513e-09	0.00250538386172
2.98788873339e-09	0.00373430093168
2.99198173166e-09	0.00473505450645
2.99607472992e-09	0.00526582583552
3.00016772819e-09	0.00514826973085
3.00426072645e-09	0.00430608910392
3.00835372472e-09	0.00278543274908
3.01244672298e-09	0.000753085063479
3.01653972125e-09	-0.00152673707635
3.02063271951e-09	-0.00373314513126
3.02472571778e-09	-0.00553935163771
3.02881871604e-09	-0.00666529947193
3.03291171431e-09	-0.00692384620197
3.03700471257e-09	-0.00625320913969
3.04109771084e-09	-0.00473116373178
3.0451907091e-09	-0.00256814420572
3.04928370737e-09	-7.99713643573e-05
3.05337670563e-09	0.00235667965899
3.0574697039e-09	0.00436041245121
3.06156270216e-09	0.00560444817529
3.06565570043e-09	0.00587047485169
3.06974869869e-09	0.00508741542581
3.07384169696e-09	0.00334797505639
3.07793469522e-09	0.000898879137821
3.08202769349e-09	-0.0018951396778
3.08612069175e-09	-0.0046078877931
3.09021369002e-09	-0.00681997038191
3.09430668828e-09	-0.00818648911081
3.09839968655e-09	-0.00849228468724
3.10249268481e-09	-0.00768518797122
3.10658568308e-09	-0.00588139152387
3.11067868134e-09	-0.00334337033564
3.11477167961e-09	-0.000434811565356
3.11886467787e-09	0.00243839462928
3.12295767614e-09	0.0048904576106
3.1270506744e-09	0.00661143002799
3.13114367267e-09	0.00740778859472
3.13523667093e-09	0.00722366553964
3.1393296692e-09	0.00614105822751
3.14342266746e-09	0.00436099639046
3.14751566573e-09	0.00216994546645
3.15160866399e-09	-0.000103569669136
3.15570166226e-09	-0.00213559235272
3.15979466052e-09	-0.00365107989637
3.16388765879e-09	-0.0044601878617
3.16798065705e-09	-0.00448174824123
3.17207365531e-09	-0.00375100865494
3.17616665358e-09	-0.0024098874419
3.18025965184e-09	-0.000681518085912
3.18435265011e-09	0.00116729600268
3.18844564837e-09	0.00286934192991
3.19253864664e-09	0.00419823310222
3.1966316449e-09	0.00500063644722
3.20072464317e-09	0.00521346001187
3.20481764143e-09	0.00486401363742
3.2089106397e-09	0.00405418634182
3.21300363796e-09	0.00293327419786
3.21709663623e-09	0.00166648429877
3.22118963449e-09	0.00040581563735
3.22528263276e-09	-0.000730564024707
3.22937563102e-09	-0.00166781403823
3.23346862929e-09	-0.00237292266684
3.23756162755e-09	-0.00284499090048
3.24165462582e-09	-0.003102093091
3.24574762408e-09	-0.00316876056604
3.24984062235e-09	-0.00306773986085
3.25393362061e-09	-0.00281713648292
3.25802661888e-09	-0.00243232656794
3.26211961714e-09	-0.00193095683062
3.26621261541e-09	-0.00133823513897
3.27030561367e-09	-0.000690915716405
3.27439861194e-09	-3.84417614896e-05
3.2784916102e-09	0.000558950683626
3.28258460847e-09	0.00103479328391
3.28667760673e-09	0.00132342916186
3.290770605e-09	0.00136862938962
3.29486360326e-09	0.00113362246339
3.29895660153e-09	0.00061141893093
3.30304959979e-09	-0.000166095889654
3.30714259806e-09	-0.00112235657434
3.31123559632e-09	-0.00213668301876
3.31532859459e-09	-0.00305315078003
3.31942159285e-09	-0.00369911291637
3.32351459112e-09	-0.00391203674371
3.32760758938e-09	-0.00357072791667
3.33170058765e-09	-0.00262527761515
3.33579358591e-09	-0.00111828366789
3.33988658418e-09	0.000808463591966
3.34397958244e-09	0.00292579382949
3.34807258071e-09	0.00494729631464
3.35216557897e-09	0.00657320563914
3.35625857724e-09	0.00754066440277
3.3603515755e-09	0.00767033197917
3.36444457377e-09	0.00690057274187
3.36853757203e-09	0.00530235891347
3.3726305703e-09	0.00307193340268
3.37672356856e-09	0.000502989685629
3.38081656683e-09	-0.00205698701029
3.38490956509e-09	-0.00425829199958
3.38900256336e-09	-0.00580048572738
3.39309556162e-09	-0.00647616555216
3.39718855989e-09	-0.00620091019664
3.40128155815e-09	-0.00502610660624
3.40537455642e-09	-0.00313279175316
3.40946755468e-09	-0.000807613701909
3.41356055295e-09	0.00159651375725
3.41765355121e-09	0.0037105428346
3.42174654948e-09	0.00520359337679
3.42583954774e-09	0.00583427635138
3.429932546e-09	0.00549057222088
3.43402554427e-09	0.00421129865572
3.43811854253e-09	0.00218414924166
3.4422115408e-09	-0.000281137297861
3.44630453906e-09	-0.00280089877197
3.45039753733e-09	-0.00497976748738
3.45449053559e-09	-0.00647583516547
3.45858353386e-09	-0.00705709122121
3.46267653212e-09	-0.00663872814039
3.46676953039e-09	-0.00529438286321
3.47086252865e-09	-0.00324014449143
3.47495552692e-09	-0.000794863626652
3.47904852518e-09	0.00167480669916
3.48314152345e-09	0.00381405523513
3.48723452171e-09	0.00533390633063
3.49132751998e-09	0.00605076708598
3.49542051824e-09	0.00590695856954
3.49951351651e-09	0.00497080627247
3.50360651477e-09	0.003418617649
3.50769951304e-09	0.00150311058678
3.5117925113e-09	-0.000486416025524
3.51588550957e-09	-0.00226609804668
3.51997850783e-09	-0.0035967809963
3.5240715061e-09	-0.00431576074334
3.52816450436e-09	-0.00435721885879
3.53225750263e-09	-0.00375882882508
3.53635050089e-09	-0.00265288636729
3.54044349916e-09	-0.00124305840291
3.54453649742e-09	0.000230480627579
3.54862949569e-09	0.00153198593762
3.55272249395e-09	0.00246993901965
3.55681549222e-09	0.00292850285769
3.56090849048e-09	0.00288402329898
3.56500148875e-09	0.00240358772862
3.56909448701e-09	0.00162593863206
3.57318748528e-09	0.000729190665879
3.57728048354e-09	-0.000107078405563
3.58137348181e-09	-0.000737251444662
3.58546648007e-09	-0.00107474677498
3.58955947834e-09	-0.00110240608774
3.5936524766e-09	-0.00086722974811
3.59774547487e-09	-0.000462209714897
3.60183847313e-09	-1.0541454003e-06
3.6059314714e-09	0.000408164705732
3.61002446966e-09	0.000684373644617
3.61411746793e-09	0.000786438387877
3.61821046619e-09	0.000716490048944
3.62230346446e-09	0.000514453025971
3.62639646272e-09	0.000246573070399
3.63048946099e-09	-9.60162850561e-06
3.63458245925e-09	-0.000180846314834
3.63867545752e-09	-0.000212572775126
3.64276845578e-09	-8.03251950856e-05
3.64686145405e-09	0.0002032623579
3.65095445231e-09	0.000587007980357
3.65504745058e-09	0.000986780389212
3.65914044884e-09	0.00129834728432
3.66323344711e-09	0.00141657803761
3.66732644537e-09	0.00125848883181
3.67141944364e-09	0.000785326723417
3.6755124419e-09	1.87383222965e-05
3.67960544017e-09	-0.000954281953454
3.68369843843e-09	-0.00199054312543
3.6877914367e-09	-0.00291365210433
3.69188443496e-09	-0.00354734424036
3.69597743322e-09	-0.00375190118211
3.70007043149e-09	-0.00345573568484
3.70416342975e-09	-0.00267424927733
3.70825642802e-09	-0.0015110536624
3.71234942628e-09	-0.00014093714617
3.71644242455e-09	0.00122225971427
3.72053542281e-09	0.00236549075635
3.72462842108e-09	0.00311579625122
3.72872141934e-09	0.00337087395019
3.73281441761e-09	0.00311515445355
3.73690741587e-09	0.0024194818543
3.74100041414e-09	0.00142533322651
3.7450934124e-09	0.000318015960147
3.74918641067e-09	-0.000705818318238
3.75327940893e-09	-0.0014706905713
3.7573724072e-09	-0.00184975941374
3.76146540546e-09	-0.00178410712397
3.76555840373e-09	-0.00129129922425
3.76965140199e-09	-0.000462583637272
3.77374440026e-09	0.000551173765416
3.77783739852e-09	0.00156359164976
3.78193039679e-09	0.0023837848421
3.78602339505e-09	0.00285039041773
3.79011639332e-09	0.002862579262
3.79420939158e-09	0.00240207301977
3.79830238985e-09	0.00154075128376
3.80239538811e-09	0.000430405227235
3.80648838638e-09	-0.000724593963241
3.81058138464e-09	-0.00170768614043
3.81467438291e-09	-0.00233528899844
3.81876738117e-09	-0.00249690853525
3.82286037944e-09	-0.0021808885067
3.8269533777e-09	-0.00147887655476
3.83104637597e-09	-0.000567620656511
3.83513937423e-09	0.000328695836288
3.8392323725e-09	0.000987173043541
3.84332537076e-09	0.0012350747711
3.84741836903e-09	0.000988327177765
3.85151136729e-09	0.000271009552307
3.85560436556e-09	-0.000787539313023
3.85969736382e-09	-0.00197710114298
3.86379036209e-09	-0.00304681435227
3.86788336035e-09	-0.00375280008302
3.87197635862e-09	-0.00390445141238
3.87606935688e-09	-0.00340090756072
3.88016235515e-09	-0.00225234753452
3.88425535341e-09	-0.000582962802582
3.88834835168e-09	0.00138456858986
3.89244134994e-09	0.00336057628738
3.89653434821e-09	0.00503208846203
3.90062734647e-09	0.00611246976769
3.90472034474e-09	0.00639040122041
3.908813343e-09	0.0057704448991
3.91290634127e-09	0.00429771558265
3.91699933953e-09	0.00216108829773
3.9210923378e-09	-0.000328450441884
3.92518533606e-09	-0.00278266982059
3.92927833433e-09	-0.00479851197451
3.93337133259e-09	-0.00602779485052
3.93746433086e-09	-0.00624123343732
3.94155732912e-09	-0.00537433105637
3.94565032739e-09	-0.00354479384259
3.94974332565e-09	-0.00103720535844
3.95383632392e-09	0.00174312708259
3.95792932218e-09	0.0043388713384
3.96202232044e-09	0.00631859735586
3.96611531871e-09	0.00734970311169
3.97020831697e-09	0.0072527686134
3.97430131524e-09	0.00602855818579
3.9783943135e-09	0.00385439800448
3.98248731177e-09	0.00105210798938
3.98658031003e-09	-0.00196494504053
3.9906733083e-09	-0.00475633377209
3.99476630656e-09	-0.00691988423932
3.99885930483e-09	-0.00814859656384
4.00295230309e-09	-0.00827230780851
4.00704530136e-09	-0.00727918476332
4.01113829962e-09	-0.00531558526563
4.01523129789e-09	-0.00266431909404
4.01932429615e-09	0.000295802867186
4.02341729442e-09	0.00314417105983
4.02751029268e-09	0.00547962260316
4.03160329095e-09	0.00697968661552
4.03569628921e-09	0.00744903209852
4.03978928748e-09	0.00684851215919
4.04388228574e-09	0.00529926019954
4.04797528401e-09	0.00306058127899
4.05206828227e-09	0.000484842494188
4.05616128054e-09	-0.00204208686773
4.0602542788e-09	-0.00416400618269
4.06434727707e-09	-0.00560921669239
4.06844027533e-09	-0.00622717890656
4.0725332736e-09	-0.00600169453537
4.07662627186e-09	-0.00503986715921
4.08071927013e-09	-0.00354183808668
4.08481226839e-09	-0.00175899211899
4.08890526666e-09	5.01018698742e-05
4.09299826492e-09	0.00165782328986
4.09709126319e-09	0.00289460383647
4.10118426145e-09	0.00366255114204
4.10527725972e-09	0.00393681635614
4.10937025798e-09	0.00375719237491
4.11346325625e-09	0.00321331861778
4.11755625451e-09	0.0024266641849
4.12164925278e-09	0.00153122229676
4.12574225104e-09	0.000655034276861
4.12983524931e-09	-9.62322978921e-05
4.13392824757e-09	-0.000651691669191
4.13802124584e-09	-0.00098165228701
4.1421142441e-09	-0.00109673391125
4.14620724237e-09	-0.00103889777529
4.15030024063e-09	-0.000866212460096
4.1543932389e-09	-0.000634514792182
4.15848623716e-09	-0.000380877119824
4.16257923543e-09	-0.000114025802759
4.16667223369e-09	0.00018511750568
4.17076523196e-09	0.000551693745365
4.17485823022e-09	0.00101710451418
4.17895122849e-09	0.00158673056285
4.18304422675e-09	0.00222233275417
4.18713722502e-09	0.00283590983599
4.19123022328e-09	0.0032983533456
4.19532322155e-09	0.00346288931905
4.19941621981e-09	0.00319833104732
4.20350921808e-09	0.00242438816349
4.20760221634e-09	0.00114026517258
4.21169521461e-09	-0.000561338343687
4.21578821287e-09	-0.0024986880162
4.21988121113e-09	-0.0044242607546
4.2239742094e-09	-0.0060623594909
4.22806720766e-09	-0.00715401984053
4.23216020593e-09	-0.00750115915434
4.23625320419e-09	-0.00700203416636
4.24034620246e-09	-0.00567274677451
4.24443920072e-09	-0.00365138074267
4.24853219899e-09	-0.00118440131337
4.25262519725e-09	0.00140306922549
4.25671819552e-09	0.00374998725601
4.26081119378e-09	0.00551003764849
4.26490419205e-09	0.00640450482024
4.26899719031e-09	0.00626990752062
4.27309018858e-09	0.00509274200886
4.27718318684e-09	0.0030241519853
4.28127618511e-09	0.000368947064999
4.28536918337e-09	-0.00245229119901
4.28946218164e-09	-0.00496500675217
4.2935551799e-09	-0.00671756389784
4.29764817817e-09	-0.00736031378619
4.30174117643e-09	-0.00671212159796
4.3058341747e-09	-0.00480028422317
4.30992717296e-09	-0.00186483186553
4.31402017123e-09	0.00167552080529
4.31811316949e-09	0.00529045180883
4.32220616776e-09	0.00842593773268
4.32629916602e-09	0.0105969241122
4.33039216429e-09	0.011467373115
4.33448516255e-09	0.0109037792427
4.33857816082e-09	0.00899343710626
4.34267115908e-09	0.00602574757067
4.34676415735e-09	0.00244178957655
4.35085715561e-09	-0.00123820854787
4.35495015388e-09	-0.00449642562307
4.35904315214e-09	-0.00689533748664
4.36313615041e-09	-0.0081406099489
4.36722914867e-09	-0.00812058808515
4.37132214694e-09	-0.00691802386427
4.3754151452e-09	-0.00479275814723
4.37950814347e-09	-0.00213840401557
4.38360114173e-09	0.000580999698286
4.38769414e-09	0.0029053377948
4.39178713826e-09	0.00445234993822
4.39588013653e-09	0.00497956603067
4.39997313479e-09	0.00442309406935
4.40406613306e-09	0.00290598487481
4.40815913132e-09	0.00071374115214
4.41225212959e-09	-0.0017593306693
4.41634512785e-09	-0.00408282663557
4.42043812612e-09	-0.00586835388094
4.42453112438e-09	-0.00683737813961
4.42862412265e-09	-0.00686572649283
4.43271712091e-09	-0.00599667360075
4.43681011918e-09	-0.00442126125563
4.44090311744e-09	-0.00243208477332
4.44499611571e-09	-0.000361575295756
4.44908911397e-09	0.00148129485751
4.45318211224e-09	0.00286299388972
4.4572751105e-09	0.00365721606067
4.46136810877e-09	0.00385248858947
4.46546110703e-09	0.00353777135024
4.4695541053e-09	0.00287190519157
4.47364710356e-09	0.00204524405126
4.47774010183e-09	0.00124180443527
4.48183310009e-09	0.00060817627309
4.48592609835e-09	0.000233470096646
4.49001909662e-09	0.000141413852361
4.49411209488e-09	0.000294154780931
4.49820509315e-09	0.00060590801877
4.50229809141e-09	0.000963574995694
4.50639108968e-09	0.00125142977777
4.51048408794e-09	0.0013757993438
4.51457708621e-09	0.00128582547768
4.51867008447e-09	0.00098610437999
4.52276308274e-09	0.000537776253623
4.526856081e-09	4.69019691991e-05
4.53094907927e-09	-0.000358920984581
4.53504207753e-09	-0.000561056185688
4.5391350758e-09	-0.000480828537547
4.54322807406e-09	-0.000103296732505
4.54732107233e-09	0.000513080067321
4.55141407059e-09	0.00124414388847
4.55550706886e-09	0.00192467290617
4.55960006712e-09	0.00238441690453
4.56369306539e-09	0.00248709472362
4.56778606365e-09	0.00216289145465
4.57187906192e-09	0.00142620319821
4.57597206018e-09	0.000374715658836
4.58006505845e-09	-0.000829954893561
4.58415805671e-09	-0.00199481043092
4.58825105498e-09	-0.0029333015118
4.59234405324e-09	-0.00350001480547
4.59643705151e-09	-0.00361497857375
4.60053004977e-09	-0.00327413153718
4.60462304804e-09	-0.00254547252553
4.6087160463e-09	-0.00155381228251
4.61280904457e-09	-0.000458557093225
4.61690204283e-09	0.000571157775994
4.6209950411e-09	0.00138002866879
4.62508803936e-09	0.00184689753223
4.62918103763e-09	0.00190028289217
4.63327403589e-09	0.001528367633
4.63736703416e-09	0.000782564282417
4.64146003242e-09	-0.000226803238547
4.64555303069e-09	-0.00134330597939
4.64964602895e-09	-0.00238590134541
4.65373902722e-09	-0.00317694435944
4.65783202548e-09	-0.00357261497993
4.66192502375e-09	-0.00349018385168
4.66601802201e-09	-0.00292568821169
4.67011102028e-09	-0.00195754792367
4.67420401854e-09	-0.000733963068342
4.67829701681e-09	0.000553966288862
4.68239001507e-09	0.00170788723335
4.68648301334e-09	0.00255920219934
4.6905760116e-09	0.00299911774346
4.69466900987e-09	0.00299591009389
4.69876200813e-09	0.00259634006943
4.7028550064e-09	0.00191220763372
4.70694800466e-09	0.00109637760761
4.71104100293e-09	0.000313845805067
4.71513400119e-09	-0.000285891894237
4.71922699946e-09	-0.000591010604694
4.72331999772e-09	-0.000541627036
4.72741299599e-09	-0.000135756113195
4.73150599425e-09	0.000571871947614
4.73559899252e-09	0.00147731203469
4.73969199078e-09	0.00244000798557
4.74378498905e-09	0.00330026127631
4.74787798731e-09	0.00390092917951
4.75197098557e-09	0.00411166521371
4.75606398384e-09	0.00385302456561
4.7601569821e-09	0.00311563961441
4.76424998037e-09	0.00196974123537
4.76834297863e-09	0.0005607496023
4.7724359769e-09	-0.000910756578378
4.77652897516e-09	-0.00222249540093
4.78062197343e-09	-0.00317189010093
4.78471497169e-09	-0.00361659590271
4.78880796996e-09	-0.00350509895361
4.79290096822e-09	-0.0028898013843
4.79699396649e-09	-0.00191874653683
4.80108696475e-09	-0.000807516524219
4.80517996302e-09	0.000203088066883
4.80927296128e-09	0.000894150674867
4.81336595955e-09	0.00111069836566
4.81745895781e-09	0.000790362832049
4.82155195608e-09	-2.6524936402e-05
4.82564495434e-09	-0.00120584214164
4.82973795261e-09	-0.00254484136531
4.83383095087e-09	-0.00380766869057
4.83792394914e-09	-0.0047646232124
4.8420169474e-09	-0.00522899534553
4.84610994567e-09	-0.0050862179487
4.85020294393e-09	-0.00431226190994
4.8542959422e-09	-0.00297898289864
4.85838894046e-09	-0.00124589887855
4.86248193873e-09	0.000661139365548
4.86657493699e-09	0.00248264668335
4.87066793526e-09	0.00396553514292
4.87476093352e-09	0.00490523673943
4.87885393179e-09	0.00518251411268
4.88294693005e-09	0.00478760109399
4.88703992832e-09	0.00382561891456
4.89113292658e-09	0.00249998360232
4.89522592485e-09	0.0010757141572
4.89931892311e-09	-0.000171385237081
4.90341192138e-09	-0.00100923058199
4.90750491964e-09	-0.00129590059805
4.91159791791e-09	-0.00100763309456
4.91569091617e-09	-0.000241529833147
4.91978391444e-09	0.000807390482805
4.9238769127e-09	0.00188975290803
4.92796991097e-09	0.00275577258435
4.93206290923e-09	0.00320730579551
4.9361559075e-09	0.00313694882789
4.94024890576e-09	0.00254612608114
4.94434190403e-09	0.00154001393821
4.94843490229e-09	0.000301823512928
4.95252790056e-09	-0.000946600790485
4.95662089882e-09	-0.00198879028903
4.96071389709e-09	-0.00265379186021
4.96480689535e-09	-0.0028452044935
4.96889989362e-09	-0.00255543914682
4.97299289188e-09	-0.0018640155613
4.97708589015e-09	-0.000921326849493
4.98117888841e-09	7.86833475104e-05
4.98527188668e-09	0.000932944218221
4.98936488494e-09	0.00146540407877
4.99345788321e-09	0.00155976158567
4.99755088147e-09	0.00118328443205
5.00164387974e-09	0.000396815368731
5.005736878e-09	-0.000651927781291
5.00982987627e-09	-0.00175264864811
5.01392287453e-09	-0.00267109551351
5.01801587279e-09	-0.00319570236024
5.02210887106e-09	-0.00318306265399
5.02620186932e-09	-0.00259200525761
5.03029486759e-09	-0.00149812833115
5.03438786585e-09	-8.38780306367e-05
5.03848086412e-09	0.00139469886199
5.04257386238e-09	0.00265812112775
5.04666686065e-09	0.00345994051895
5.05075985891e-09	0.00363676814595
5.05485285718e-09	0.00314119661925
5.05894585544e-09	0.00205038340937
5.06303885371e-09	0.000549319061975
5.06713185197e-09	-0.00110656169272
5.07122485024e-09	-0.00264072303253
5.0753178485e-09	-0.00380564614898
5.07941084677e-09	-0.00442418531748
5.08350384503e-09	-0.00441493379185
5.0875968433e-09	-0.00379889347823
5.09168984156e-09	-0.00268875619804
5.09578283983e-09	-0.00126461117179
5.09987583809e-09	0.000257949666775
5.10396883636e-09	0.00166209951567
5.10806183462e-09	0.00276143598603
5.11215483289e-09	0.00342545341118
5.11624783115e-09	0.00359647383448
5.12034082942e-09	0.0032959219825
5.12443382768e-09	0.00261936069001
5.12852682595e-09	0.00172003512853
5.13261982421e-09	0.000782651353802
5.13671282248e-09	-9.01823818822e-06
5.14080582074e-09	-0.000505697669723
5.14489881901e-09	-0.000620550283202
5.14899181727e-09	-0.000345811838997
5.15308481554e-09	0.000246315656113
5.1571778138e-09	0.0010193651251
5.16127081207e-09	0.00180171159445
5.16536381033e-09	0.00242306134896
5.1694568086e-09	0.00274961757532
5.17354980686e-09	0.00271024326503
5.17764280513e-09	0.00230783248844
5.18173580339e-09	0.00161400726938
5.18582880166e-09	0.00074980390491
5.18992179992e-09	-0.000142424752994
5.19401479819e-09	-0.000928353299969
5.19810779645e-09	-0.00150595282321
5.20220079472e-09	-0.00182030562428
5.20629379298e-09	-0.0018674415478
5.21038679125e-09	-0.00168902240694
5.21447978951e-09	-0.00136059964279
5.21857278778e-09	-0.000977261559456
5.22266578604e-09	-0.000639138266706
5.22675878431e-09	-0.000437941678683
5.23085178257e-09	-0.000445039517217
5.23494478084e-09	-0.000700486500136
5.2390377791e-09	-0.0012039071662
5.24313077737e-09	-0.00190846032638
5.24722377563e-09	-0.00272035191301
5.2513167739e-09	-0.00350652102497
5.25540977216e-09	-0.00411133115995
5.25950277043e-09	-0.00438168738037
5.26359576869e-09	-0.00419646126102
5.26768876696e-09	-0.00349453618401
5.27178176522e-09	-0.00229484649026
5.27587476348e-09	-0.000702509227267
5.27996776175e-09	0.00110138715536
5.28406076001e-09	0.00288585743692
5.28815375828e-09	0.00440705104847
5.29224675654e-09	0.00544910877943
5.29633975481e-09	0.00586103659589
5.30043275307e-09	0.0055823600851
5.30452575134e-09	0.00465378709487
5.3086187496e-09	0.00321147375507
5.31271174787e-09	0.00146703622886
5.31680474613e-09	-0.000322637342833
5.3208977444e-09	-0.00189131879597
5.32499074266e-09	-0.00299993660883
5.32908374093e-09	-0.00347004874493
5.33317673919e-09	-0.0032105416758
5.33726973746e-09	-0.00223456614185
5.34136273572e-09	-0.000664231949486
5.34545573399e-09	0.00127953843912
5.34954873225e-09	0.00330236024456
5.35364173052e-09	0.00507602945436
5.35773472878e-09	0.00628806301393
5.36182772705e-09	0.00669385219226
5.36592072531e-09	0.00616257800721
5.37001372358e-09	0.0047068662825
5.37410672184e-09	0.00248924452171
5.37819972011e-09	-0.000198261781406
5.38229271837e-09	-0.0029790874687
5.38638571664e-09	-0.00545382499695
5.3904787149e-09	-0.0072674487601
5.39457171317e-09	-0.00816854980076
5.39866471143e-09	-0.00804962706752
5.4027577097e-09	-0.00696097436594
5.40685070796e-09	-0.00509657195653
5.41094370623e-09	-0.00275645394868
5.41503670449e-09	-0.000293506316666
5.41912970276e-09	0.00194417883176
5.42322270102e-09	0.00366556423251
5.42731569929e-09	0.00467549904715
5.43140869755e-09	0.00489541722345
5.43550169582e-09	0.00436539752991
5.43959469408e-09	0.00322891995893
5.44368769235e-09	0.00170471456659
5.44778069061e-09	5.02627290189e-05
5.45187368888e-09	-0.00147786876187
5.45596668714e-09	-0.00266131706303
5.46005968541e-09	-0.00335047135013
5.46415268367e-09	-0.00348339285119
5.46824568194e-09	-0.00309045778704
5.4723386802e-09	-0.0022834820702
5.47643167847e-09	-0.00123067214008
5.48052467673e-09	-0.000122298000861
5.484617675e-09	0.000866717702593
5.48871067326e-09	0.00160891028645
5.49280367153e-09	0.00204427678545
5.49689666979e-09	0.00218384114851
5.50098966806e-09	0.00209606261342
5.50508266632e-09	0.00188067305135
5.50917566459e-09	0.00163676460215
5.51326866285e-09	0.00143437989027
5.51736166112e-09	0.00129720975383
5.52145465938e-09	0.00120064332441
5.52554765765e-09	0.00108553513564
5.52964065591e-09	0.000882529733644
5.53373365418e-09	0.00053989024309
5.53782665244e-09	4.6211165909e-05
5.5419196507e-09	-0.000558648243896
5.54601264897e-09	-0.001187169888
5.55010564723e-09	-0.00172178390494
5.5541986455e-09	-0.00204114554799
5.55829164376e-09	-0.00204870008747
5.56238464203e-09	-0.00169647621806
5.56647764029e-09	-0.000998688825348
5.57057063856e-09	-3.31474550421e-05
5.57466363682e-09	0.00106969276385
5.57875663509e-09	0.00214675154712
5.58284963335e-09	0.00302774214651
5.58694263162e-09	0.00356177325011
5.59103562988e-09	0.0036410454195
5.59512862815e-09	0.00321919398266
5.59922162641e-09	0.00232137842977
5.60331462468e-09	0.00104491658567
5.60740762294e-09	-0.000450642499345
5.61150062121e-09	-0.0019640098908
5.61559361947e-09	-0.00328101593186
5.61968661774e-09	-0.0042087319307
5.623779616e-09	-0.00460882685729
5.62787261427e-09	-0.00442397868028
5.63196561253e-09	-0.00369124289136
5.6360586108e-09	-0.00253801327199
5.64015160906e-09	-0.00116054136015
5.64424460733e-09	0.000212042055864
5.64833760559e-09	0.00136062780075
5.65243060386e-09	0.00211691958248
5.65652360212e-09	0.00239334491198
5.66061660039e-09	0.00219521649706
5.66470959865e-09	0.00161356780154
5.66880259692e-09	0.000800680965767
5.67289559518e-09	-6.48850209473e-05
5.67698859345e-09	-0.000815201223304
5.68108159171e-09	-0.0013238610336
5.68517458998e-09	-0.00152438336227
5.68926758824e-09	-0.00141438777064
5.69336058651e-09	-0.00104646086402
5.69745358477e-09	-0.0005100089802
5.70154658304e-09	9.03913369257e-05
5.7056395813e-09	0.000655644111248
5.70973257957e-09	0.00110776696238
5.71382557783e-09	0.00139952096652
5.7179185761e-09	0.00151779229054
5.72201157436e-09	0.00148167749285
5.72610457263e-09	0.00133668552007
5.73019757089e-09	0.00114539412607
5.73429056916e-09	0.00097581135924
5.73838356742e-09	0.000887941241672
5.74247656569e-09	0.000920300022699
5.74656956395e-09	0.00107898157876
5.75066256222e-09	0.00133171673224
5.75475556048e-09	0.00161002506502
5.75884855875e-09	0.00182007615513
5.76294155701e-09	0.00186151496018
5.76703455528e-09	0.00165081075102
5.77112755354e-09	0.00114358046267
5.77522055181e-09	0.000350690430423
5.77931355007e-09	-0.000657019128994
5.78340654834e-09	-0.00175697311352
5.7874995466e-09	-0.00279498328746
5.79159254487e-09	-0.00361311787856
5.79568554313e-09	-0.00407873259974
5.7997785414e-09	-0.00410886647296
5.80387153966e-09	-0.00368465014617
5.80796453792e-09	-0.00285378791159
5.81205753619e-09	-0.00172182508686
5.81615053445e-09	-0.000434854388004
5.82024353272e-09	0.000841769193357
5.82433653098e-09	0.00194536575873
5.82842952925e-09	0.00273539057525
5.83252252751e-09	0.0031092139252
5.83661552578e-09	0.00301406049402
5.84070852404e-09	0.00245465026819
5.84480152231e-09	0.00149655892164
5.84889452057e-09	0.0002636256595
5.85298751884e-09	-0.00107190835115
5.8570805171e-09	-0.00230759756232
5.86117351537e-09	-0.00323719059816
5.86526651363e-09	-0.00368209046428
5.8693595119e-09	-0.0035234754032
5.87345251016e-09	-0.0027283677482
5.87754550843e-09	-0.00136353335984
5.88163850669e-09	0.000407047646149
5.88573150496e-09	0.00234270779765
5.88982450322e-09	0.00416143116308
5.89391750149e-09	0.00558435474522
5.89801049975e-09	0.00638101331424
5.90210349802e-09	0.00640700070653
5.90619649628e-09	0.00562769061071
5.91028949455e-09	0.00412397834589
5.91438249281e-09	0.00208036470576
5.91847549108e-09	-0.000242075971983
5.92256848934e-09	-0.00254276087799
5.92666148761e-09	-0.00452284616767
5.93075448587e-09	-0.00592545239488
5.93484748414e-09	-0.00656970677665
5.9389404824e-09	-0.00637530820677
5.94303348067e-09	-0.00537457564496
5.94712647893e-09	-0.00371021052706
5.9512194772e-09	-0.00161834557366
5.95531247546e-09	0.000602595020609
5.95940547373e-09	0.00263365713181
5.96349847199e-09	0.00418283970794
5.96759147026e-09	0.005030848959
5.97168446852e-09	0.00506697793026
5.97577746679e-09	0.00430825434159
5.97987046505e-09	0.00289676715329
5.98396346332e-09	0.00107517989818
5.98805646158e-09	-0.000855800230056
5.99214945985e-09	-0.00258986988047
5.99624245811e-09	-0.00386696017813
6.00033545638e-09	-0.00451471452834
6.00442845464e-09	-0.00447148032254
6.00852145291e-09	-0.00378785611247
6.01261445117e-09	-0.00260805430298
6.01670744944e-09	-0.00113661088835
6.0208004477e-09	0.000401138440793
6.02489344597e-09	0.00179694121471
6.02898644423e-09	0.00288863666356
6.0330794425e-09	0.00357687767246
6.03717244076e-09	0.00382889667526
6.04126543903e-09	0.00367123747128
6.04535843729e-09	0.00317550409818
6.04945143556e-09	0.0024405294389
6.05354443382e-09	0.00157479727932
6.05763743209e-09	0.000681165427523
6.06173043035e-09	-0.000154776182171
6.06582342861e-09	-0.000871685500897
6.06991642688e-09	-0.00143502770516
6.07400942514e-09	-0.00183468154864
6.07810242341e-09	-0.00207855983172
6.08219542167e-09	-0.00218339555431
6.08628841994e-09	-0.00216467349674
6.0903814182e-09	-0.00202891076333
6.09447441647e-09	-0.00177040297422
6.09856741473e-09	-0.00137469181936
6.102660413e-09	-0.000828347176139
6.10675341126e-09	-0.000132796132675
6.11084640953e-09	0.000681677600369
6.11493940779e-09	0.00154729576025
6.11903240606e-09	0.00235929411429
6.12312540432e-09	0.00298817298608
6.12721840259e-09	0.003302451747
6.13131140085e-09	0.00319741069688
6.13540439912e-09	0.00262348155957
6.13949739738e-09	0.00160632097686
6.14359039565e-09	0.000253110220001
6.14768339391e-09	-0.00125811470207
6.15177639218e-09	-0.00270489645482
6.15586939044e-09	-0.003857305157
6.15996238871e-09	-0.00451841132599
6.16405538697e-09	-0.00455955951475
6.16814838524e-09	-0.00394408171996
6.1722413835e-09	-0.00273516385641
6.17633438177e-09	-0.0010870608312
6.18042738003e-09	0.000777531939093
6.1845203783e-09	0.00260003541189
6.18861337656e-09	0.00412246913766
6.19270637483e-09	0.00512306697783
6.19679937309e-09	0.00544660771266
6.20089237136e-09	0.00502599595347
6.20498536962e-09	0.00389339783578
6.20907836789e-09	0.00217897372204
6.21317136615e-09	9.72762254605e-05
6.21726436442e-09	-0.00207830604631
6.22135736268e-09	-0.00405090770801
6.22545036095e-09	-0.00554105869378
6.22954335921e-09	-0.00632800167659
6.23363635748e-09	-0.00628435867839
6.23772935574e-09	-0.00539825393935
6.24182235401e-09	-0.00377814090461
6.24591535227e-09	-0.00163843636983
6.25000835054e-09	0.000731709325919
6.2541013488e-09	0.0030118530558
6.25819434707e-09	0.00489785152604
6.26228734533e-09	0.00614571210463
6.2663803436e-09	0.00660465704277
6.27047334186e-09	0.00623449968407
6.27456634013e-09	0.00510650119395
6.27865933839e-09	0.0033887164027
6.28275233666e-09	0.00132000365556
6.28684533492e-09	-0.000822795918793
6.29093833319e-09	-0.00276013098483
6.29503133145e-09	-0.00424324182677
6.29912432972e-09	-0.00508359330706
6.30321732798e-09	-0.00517545692855
6.30731032625e-09	-0.00450996434665
6.31140332451e-09	-0.00317874847678
6.31549632278e-09	-0.00136530832242
6.31958932104e-09	0.000675944662362
6.32368231931e-09	0.00265239433793
6.32777531757e-09	0.00427385570947
6.33186831583e-09	0.00529568953789
6.3359613141e-09	0.00555749548948
6.34005431236e-09	0.00500979952631
6.34414731063e-09	0.00372374145081
6.34824030889e-09	0.00188074537436
6.35233330716e-09	-0.0002561778565
6.35642630542e-09	-0.00238443099079
6.36051930369e-09	-0.00420973700238
6.36461230195e-09	-0.00549083790975
6.36870530022e-09	-0.00607386231422
6.37279829848e-09	-0.005910806678
6.37689129675e-09	-0.00506039476022
6.38098429501e-09	-0.00367291356088
6.38507729328e-09	-0.00196250404406
6.38917029154e-09	-0.000172809618562
6.39326328981e-09	0.00145899177005
6.39735628807e-09	0.00273452367401
6.40144928634e-09	0.00351908153971
6.4055422846e-09	0.00375673029339
6.40963528287e-09	0.00347368398798
6.41372828113e-09	0.00277027861739
6.4178212794e-09	0.00180212536361
6.42191427766e-09	0.000753066859033
6.42600727593e-09	-0.000196012794731
6.43010027419e-09	-0.000897855679796
6.43419327246e-09	-0.00126288158935
6.43828627072e-09	-0.00127229093778
6.44237926899e-09	-0.000976919422101
6.44647226725e-09	-0.000481803330331
6.45056526552e-09	8.00709231044e-05
6.45465826378e-09	0.000579397899855
6.45875126205e-09	0.000919598496694
6.46284426031e-09	0.00105675522354
6.46693725858e-09	0.00100551267678
6.47103025684e-09	0.000829662574688
6.47512325511e-09	0.000620604274445
6.47921625337e-09	0.000469096677989
6.48330925164e-09	0.000438395542005
6.4874022499e-09	0.000545529899682
6.49149524817e-09	0.000755504843255
6.49558824643e-09	0.000989953710814
6.4996812447e-09	0.00114729299094
6.50377424296e-09	0.00112964725849
6.50786724123e-09	0.000869417897775
6.51196023949e-09	0.000349379804902
6.51605323776e-09	-0.0003880649856
6.52014623602e-09	-0.00124474050972
6.52423923429e-09	-0.00208216773171
6.52833223255e-09	-0.00274601548153
6.53242523082e-09	-0.00309459565324
6.53651822908e-09	-0.00302640470909
6.54061122735e-09	-0.0025022681657
6.54470422561e-09	-0.00155778351473
6.54879722388e-09	-0.000304124045215
6.55289022214e-09	0.00108420618199
6.55698322041e-09	0.0023935672798
6.56107621867e-09	0.00340439402498
6.56516921694e-09	0.0039290364075
6.5692622152e-09	0.00384743596078
6.57335521347e-09	0.00313428827212
6.57744821173e-09	0.00187114127039
6.58154121e-09	0.000239476708884
6.58563420826e-09	-0.00150557380402
6.58972720653e-09	-0.0030778364453
6.59382020479e-09	-0.00421112793265
6.59791320305e-09	-0.00470930465963
6.60200620132e-09	-0.00448478423641
6.60609919958e-09	-0.00357702697511
6.61019219785e-09	-0.00214693459566
6.61428519611e-09	-0.000447307527793
6.61837819438e-09	0.00122430636111
6.62247119264e-09	0.00258116106852
6.62656419091e-09	0.00340002801386
6.63065718917e-09	0.0035605476005
6.63475018744e-09	0.00306450988865
6.6388431857e-09	0.00203171245812
6.64293618397e-09	0.000674754548527
6.64702918223e-09	-0.000741719133657
6.6511221805e-09	-0.00194926775293
6.65521517876e-09	-0.00272229305119
6.65930817703e-09	-0.00291585832019
6.66340117529e-09	-0.00248849519994
6.66749417356e-09	-0.00150745878636
6.67158717182e-09	-0.000136161819682
6.67568017009e-09	0.00139404979564
6.67977316835e-09	0.00282283547858
6.68386616662e-09	0.00390508037526
6.68795916488e-09	0.00445297721308
6.69205216315e-09	0.00436930780415
6.69614516141e-09	0.00366597593529
6.70023815968e-09	0.00246353549301
6.70433115794e-09	0.000971380621195
6.70842415621e-09	-0.000549247830349
6.71251715447e-09	-0.00183281238424
6.71661015274e-09	-0.00265897226927
6.720703151e-09	-0.00289455651364
6.72479614927e-09	-0.00251904551988
6.72888914753e-09	-0.00162870697386
6.7329821458e-09	-0.00041784322093
6.73707514406e-09	0.000858852406964
6.74116814233e-09	0.00193514866987
6.74526114059e-09	0.00258380167361
6.74935413886e-09	0.00265834132733
6.75344713712e-09	0.00211890663195
6.75754013539e-09	0.00103759903141
6.76163313365e-09	-0.00041645451347
6.76572613192e-09	-0.00200825669162
6.76981913018e-09	-0.00347827497171
6.77391212845e-09	-0.0045858163212
6.77800512671e-09	-0.00514777825447
6.78209812498e-09	-0.00506684090942
6.78619112324e-09	-0.00434552627848
6.79028412151e-09	-0.00308510492323
6.79437711977e-09	-0.00146952264913
6.79847011804e-09	0.00026265483757
6.8025631163e-09	0.00185486880946
6.80665611457e-09	0.00307256286032
6.81074911283e-09	0.0037406628544
6.8148421111e-09	0.0037730318727
6.81893510936e-09	0.00318812436308
6.82302810763e-09	0.00210786420212
6.82712110589e-09	0.000738577477023
6.83121410416e-09	-0.000663589024043
6.83530710242e-09	-0.00183691638813
6.83940010069e-09	-0.00256061799882
6.84349309895e-09	-0.0026943236735
6.84758609722e-09	-0.00220327208808
6.85167909548e-09	-0.00116409339535
6.85577209375e-09	0.0002500060491
6.85986509201e-09	0.00180114453542
6.86395809027e-09	0.0032298132719
6.86805108854e-09	0.00430014339508
6.8721440868e-09	0.00483929552138
6.87623708507e-09	0.00476421392523
6.88033008333e-09	0.00409163508448
6.8844230816e-09	0.00293133613013
6.88851607986e-09	0.00146451695036
6.89260907813e-09	-8.76475546647e-05
6.89670207639e-09	-0.00149989896454
6.90079507466e-09	-0.0025777436822
6.90488807292e-09	-0.00318597484147
6.90898107119e-09	-0.00326770797255
6.91307406945e-09	-0.00285103755596
6.91716706772e-09	-0.00204279748141
6.92126006598e-09	-0.00101010481012
6.92535306425e-09	4.81317890717e-05
6.92944606251e-09	0.000935165408009
6.93353906078e-09	0.00149094640074
6.93763205904e-09	0.00162072025705
6.94172505731e-09	0.00131229104591
6.94581805557e-09	0.000638130848529
6.94991105384e-09	-0.00025915716833
6.9540040521e-09	-0.00119521783927
6.95809705037e-09	-0.00198124028975
6.96219004863e-09	-0.00246217306994
6.9662830469e-09	-0.00254779907118
6.97037604516e-09	-0.00223015958909
6.97446904343e-09	-0.00158315793669
6.97856204169e-09	-0.000745141776861
6.98265503996e-09	0.000111873538117
6.98674803822e-09	0.000819138113002
6.99084103649e-09	0.00124606213649
6.99493403475e-09	0.00132608062268
6.99902703302e-09	0.00106798546767
7.00312003128e-09	0.000551592896954
7.00721302955e-09	-9.08941678972e-05
7.01130602781e-09	-0.00070329184382
7.01539902608e-09	-0.00113740166125
7.01949202434e-09	-0.0012827718092
7.02358502261e-09	-0.00108839424502
7.02767802087e-09	-0.00057319059124
7.03177101914e-09	0.000176518704393
7.0358640174e-09	0.00102209608303
7.03995701567e-09	0.00179745187052
7.04405001393e-09	0.00234023573285
7.0481430122e-09	0.00252372090472
7.05223601046e-09	0.00228414377489
7.05632900873e-09	0.00163804284239
7.06042200699e-09	0.000685241131578
7.06451500526e-09	-0.000404051905207
7.06860800352e-09	-0.00141759963299
7.07270100179e-09	-0.00214030026109
7.07679400005e-09	-0.00239741285623
7.08088699832e-09	-0.00209328264464
7.08497999658e-09	-0.00123673580674
7.08907299485e-09	5.27448964931e-05
7.09316599311e-09	0.0015612418938
7.09725899138e-09	0.00301662378479
7.10135198964e-09	0.00413837528322
7.10544498791e-09	0.00469150225399
7.10953798617e-09	0.00453321108944
7.11363098444e-09	0.00364331156015
7.1177239827e-09	0.00213163258741
7.12181698096e-09	0.000221155465624
7.12590997923e-09	-0.00178977249016
7.13000297749e-09	-0.00357913502376
7.13409597576e-09	-0.00485666905297
7.13818897402e-09	-0.00541356220492
7.14228197229e-09	-0.00515761523275
7.14637497055e-09	-0.00412850099383
7.15046796882e-09	-0.00249140489905
7.15456096708e-09	-0.000510286987264
7.15865396535e-09	0.00149407910794
7.16274696361e-09	0.0031950136763
7.16683996188e-09	0.00431176318671
7.17093296014e-09	0.00465436116792
7.17502595841e-09	0.00415497631184
7.17911895667e-09	0.0028801895678
7.18321195494e-09	0.00102230721677
7.1873049532e-09	-0.00112986010936
7.19139795147e-09	-0.00323657103581
7.19549094973e-09	-0.00496173987631
7.199583948e-09	-0.00602795917075
7.20367694626e-09	-0.00626189366449
7.20776994453e-09	-0.00562234444078
7.21186294279e-09	-0.00420566505636
7.21595594106e-09	-0.0022274882358
7.22004893932e-09	1.52725883709e-05
7.22414193759e-09	0.00219539062527
7.22823493585e-09	0.00400912715122
7.23232793412e-09	0.00522348150844
7.23642093238e-09	0.0057088661415
7.24051393065e-09	0.00545230388525
7.24460692891e-09	0.00455098590464
7.24869992718e-09	0.00318859162508
7.25279292544e-09	0.00160053698346
7.25688592371e-09	3.47518837316e-05
7.26097892197e-09	-0.00128556321579
7.26507192024e-09	-0.00219154698425
7.2691649185e-09	-0.00258801158634
7.27325791677e-09	-0.00246061765938
7.27735091503e-09	-0.00187165524403
7.2814439133e-09	-0.00094601627643
7.28553691156e-09	0.000150505554302
7.28962990983e-09	0.00123699181859
7.29372290809e-09	0.00214446146856
7.29781590636e-09	0.00274010027351
7.30190890462e-09	0.00294538195885
7.30600190289e-09	0.00274541586987
7.31009490115e-09	0.00218748656334
7.31418789942e-09	0.00136960647069
7.31828089768e-09	0.000420634529291
7.32237389595e-09	-0.000523827635334
7.32646689421e-09	-0.00134499176056
7.33055989248e-09	-0.00195953654475
7.33465289074e-09	-0.00232931328355
7.33874588901e-09	-0.00246134823828
7.34283888727e-09	-0.0023985713633
7.34693188554e-09	-0.00220445537707
7.3510248838e-09	-0.00194584428391
7.35511788207e-09	-0.00167765637161
7.35921088033e-09	-0.00143324935198
7.3633038786e-09	-0.0012212765505
7.36739687686e-09	-0.00102905571111
7.37148987513e-09	-0.000830591030535
7.37558287339e-09	-0.000596410216531
7.37967587166e-09	-0.000303326407447
7.38376886992e-09	5.83610526519e-05
7.38786186818e-09	0.000480648148368
7.39195486645e-09	0.000937014367082
7.39604786471e-09	0.00138487856748
7.40014086298e-09	0.00177043442091
7.40423386124e-09	0.00203609757591
7.40832685951e-09	0.00212944223313
7.41241985777e-09	0.00201324035879
7.41651285604e-09	0.00167521860567
7.4206058543e-09	0.00113534256525
7.42469885257e-09	0.000449045295682
7.42879185083e-09	-0.000296129044727
7.4328848491e-09	-0.000990784916212
7.43697784736e-09	-0.00152037116641
7.44107084563e-09	-0.00178591582517
7.44516384389e-09	-0.00172438658774
7.44925684216e-09	-0.00132470899553
7.45334984042e-09	-0.000634748412267
7.45744283869e-09	0.000242764810537
7.46153583695e-09	0.00116545405035
7.46562883522e-09	0.0019753978122
7.46972183348e-09	0.00252696650568
7.47381483175e-09	0.00271346623776
7.47790783001e-09	0.00248680209916
7.48200082828e-09	0.00186665006913
7.48609382654e-09	0.000937727367273
7.49018682481e-09	-0.000164383299307
7.49427982307e-09	-0.00127532718761
7.49837282134e-09	-0.00222847951227
7.5024658196e-09	-0.0028809698124
7.50655881787e-09	-0.00313532433938
7.51065181613e-09	-0.00295398870367
7.5147448144e-09	-0.00236440612935
7.51883781266e-09	-0.00145478444028
7.52293081093e-09	-0.000360661229934
7.52702380919e-09	0.000755703767936
7.53111680746e-09	0.00173027573328
7.53520980572e-09	0.00242336800147
7.53930280399e-09	0.00274222968437
7.54339580225e-09	0.00265669341024
7.54748880052e-09	0.00220421556151
7.55158179878e-09	0.00148279999848
7.55567479705e-09	0.000632688854239
7.55976779531e-09	-0.000190657484382
7.56386079358e-09	-0.000846532166179
7.56795379184e-09	-0.00123627888388
7.57204679011e-09	-0.00132176379702
7.57613978837e-09	-0.00113080586743
7.58023278664e-09	-0.000748676247895
7.5843257849e-09	-0.000296978050756
7.58841878317e-09	9.4681407063e-05
7.59251178143e-09	0.000318185853757
7.5966047797e-09	0.000310839173835
7.60069777796e-09	6.83093694533e-05
7.60479077623e-09	-0.000355424410373
7.60888377449e-09	-0.000861221909872
7.61297677276e-09	-0.00132712828054
7.61706977102e-09	-0.00163503241492
7.62116276929e-09	-0.00169597528293
7.62525576755e-09	-0.00146869449964
7.62934876582e-09	-0.000968679931248
7.63344176408e-09	-0.000265892360403
7.63753476235e-09	0.000527544871147
7.64162776061e-09	0.00127727067593
7.64572075888e-09	0.00185086792044
7.64981375714e-09	0.00214174234134
7.6539067554e-09	0.00208941499295
7.65799975367e-09	0.00169232033659
7.66209275193e-09	0.0010110175208
7.6661857502e-09	0.000160814033734
7.67027874846e-09	-0.000706031729351
7.67437174673e-09	-0.00142560391396
7.67846474499e-09	-0.00185175432125
7.68255774326e-09	-0.0018840880075
7.68665074152e-09	-0.00148917942715
7.69074373979e-09	-0.000710612774128
7.69483673805e-09	0.000335402201017
7.69892973632e-09	0.00147820360144
7.70302273458e-09	0.00252221310802
7.70711573285e-09	0.00328205610276
7.71120873111e-09	0.00361630762927
7.71530172938e-09	0.00345350900898
7.71939472764e-09	0.0028047201049
7.72348772591e-09	0.0017609341885
7.72758072417e-09	0.000475863682368
7.73167372244e-09	-0.000861930813699
7.7357667207e-09	-0.00206151555176
7.73985971897e-09	-0.00296093386714
7.74395271723e-09	-0.003451305005
7.7480457155e-09	-0.00349067835486
7.75213871376e-09	-0.00310608526343
7.75623171203e-09	-0.00238462732523
7.76032471029e-09	-0.00145657991379
7.76441770856e-09	-0.000473220312415
7.76851070682e-09	0.000416397830122
7.77260370509e-09	0.00108702709258
7.77669670335e-09	0.00145444468944
7.78078970162e-09	0.00148610842734
7.78488269988e-09	0.00120459125901
7.78897569815e-09	0.000682611589582
7.79306869641e-09	3.07253988012e-05
7.79716169468e-09	-0.000621123013843
7.80125469294e-09	-0.00114562181989
7.80534769121e-09	-0.00143973754894
7.80944068947e-09	-0.00144280482345
7.81353368774e-09	-0.00114692234638
7.817626686e-09	-0.000597953454417
7.82171968427e-09	0.00011337657088
7.82581268253e-09	0.000868838062161
7.8299056808e-09	0.00154448598914
7.83399867906e-09	0.00203316383704
7.83809167733e-09	0.00226271375141
7.84218467559e-09	0.00220690856804
7.84627767386e-09	0.00188757832802
7.85037067212e-09	0.0013678701871
7.85446367039e-09	0.000739339040592
7.85855666865e-09	0.000105163820081
7.86264966692e-09	-0.00043682812975
7.86674266518e-09	-0.000808823417174
7.87083566345e-09	-0.000963831938861
7.87492866171e-09	-0.000891231953574
7.87902165998e-09	-0.00061761305551
7.88311465824e-09	-0.000202562061531
7.88720765651e-09	0.000269778131042
7.89130065477e-09	0.000702660265233
7.89539365304e-09	0.00100158624991
7.8994866513e-09	0.00108980858931
7.90357964957e-09	0.000922974817513
7.90767264783e-09	0.000499745714478
7.91176564609e-09	-0.000134013930619
7.91585864436e-09	-0.000889055780135
7.91995164262e-09	-0.00164549413603
7.92404464089e-09	-0.00227227053256
7.92813763915e-09	-0.0026506704744
7.93223063742e-09	-0.00269700585341
7.93632363568e-09	-0.00237969923182
7.94041663395e-09	-0.00172735091473
7.94450963221e-09	-0.000825219234684
7.94860263048e-09	0.000198718837055
7.95269562874e-09	0.00119583721244
7.95678862701e-09	0.00202249093854
7.96088162527e-09	0.00256397403427
7.96497462354e-09	0.00275291930302
7.9690676218e-09	0.00257844720909
7.97316062007e-09	0.00208561096224
7.97725361833e-09	0.00136560805549
7.9813466166e-09	0.000539037380804
7.98543961486e-09	-0.000264238637101
7.98953261313e-09	-0.000925909058424
7.99362561139e-09	-0.00135693007906
7.99771860966e-09	-0.00151021957572
8.00181160792e-09	-0.00138646277628
8.00590460619e-09	-0.00103205227788
8.00999760445e-09	-0.000529908407771
8.01409060272e-09	1.62480465633e-05
8.01818360098e-09	0.000501147347677
8.02227659925e-09	0.00083785206516
8.02636959751e-09	0.000974488692009
8.03046259578e-09	0.00090388978424
8.03455559404e-09	0.000664299481286
8.03864859231e-09	0.000329759322995
8.04274159057e-09	-7.67462609019e-06
8.04683458884e-09	-0.000260354558122
8.0509275871e-09	-0.000367098538845
8.05502058537e-09	-0.000308929053062
8.05911358363e-09	-0.000114939777632
8.0632065819e-09	0.000144286482282
8.06729958016e-09	0.000374200459191
8.07139257843e-09	0.000480817547214
8.07548557669e-09	0.000396701081627
8.07957857496e-09	0.000101324452316
8.08367157322e-09	-0.000368782397345
8.08776457149e-09	-0.000923541643715
8.09185756975e-09	-0.00143596404814
8.09595056802e-09	-0.0017683787737
8.10004356628e-09	-0.00180316784827
8.10413656455e-09	-0.0014707424416
8.10822956281e-09	-0.000769406986365
8.11232256108e-09	0.000227589731367
8.11641555934e-09	0.00137952692603
8.12050855761e-09	0.00249884248478
8.12460155587e-09	0.00338215485681
8.12869455414e-09	0.00384575873613
8.1327875524e-09	0.00376015537768
8.13688055067e-09	0.00307738265838
8.14097354893e-09	0.00184598131455
8.1450665472e-09	0.000210771488128
8.14915954546e-09	-0.00160427835362
8.15325254373e-09	-0.00332779553719
8.15734554199e-09	-0.00468348804861
8.16143854026e-09	-0.00543675463996
8.16553153852e-09	-0.00543713138904
8.16962453679e-09	-0.00464921531966
8.17371753505e-09	-0.00316484129871
8.17781053331e-09	-0.00119354079652
8.18190353158e-09	0.000968515101704
8.18599652984e-09	0.00298656290397
8.19008952811e-09	0.00454350269865
8.19418252637e-09	0.00539474579273
8.19827552464e-09	0.00541069367318
8.2023685229e-09	0.00459915175452
8.20646152117e-09	0.00310345939943
8.21055451943e-09	0.00117653952475
8.2146475177e-09	-0.000863310291606
8.21874051596e-09	-0.0026870512811
8.22283351423e-09	-0.00400931347394
8.22692651249e-09	-0.00463325195597
8.23101951076e-09	-0.00447883503512
8.23511250902e-09	-0.00359029887477
8.23920550729e-09	-0.00212360323349
8.24329850555e-09	-0.000316699288305
8.24739150382e-09	0.00155104187434
8.25148450208e-09	0.00320322942571
8.25557750035e-09	0.00440796892508
8.25967049861e-09	0.00500991713488
8.26376349688e-09	0.00494935008464
8.26785649514e-09	0.00426559953485
8.27194949341e-09	0.00308535783552
8.27604249167e-09	0.00159838072432
8.28013548994e-09	2.4409697744e-05
8.2842284882e-09	-0.00142248396878
8.28832148647e-09	-0.00256677062134
8.29241448473e-09	-0.00329568074085
8.296507483e-09	-0.00357094735955
8.30060048126e-09	-0.00342685959185
8.30469347953e-09	-0.00295526461559
8.30878647779e-09	-0.0022819339938
8.31287947606e-09	-0.00153921205492
8.31697247432e-09	-0.000841126988234
8.32106547259e-09	-0.000266098059001
8.32515847085e-09	0.000150271845087
8.32925146912e-09	0.00041144026909
8.33334446738e-09	0.000548154872376
8.33743746565e-09	0.000602411080763
8.34153046391e-09	0.000611938372458
8.34562346218e-09	0.000599538252573
8.34971646044e-09	0.000569036135857
8.35380945871e-09	0.000508658617036
8.35790245697e-09	0.000399501248467
8.36199545524e-09	0.000226279411436
8.3660884535e-09	-1.28619295197e-05
8.37018145177e-09	-0.000300615352899
8.37427445003e-09	-0.000599685081397
8.3783674483e-09	-0.000857510502101
8.38246044656e-09	-0.00101496440038
8.38655344483e-09	-0.00101721876126
8.39064644309e-09	-0.000824972405098
8.39473944136e-09	-0.000423614670581
8.39883243962e-09	0.000170499243723
8.40292543789e-09	0.000908213638468
8.40701843615e-09	0.00171049930213
8.41111143442e-09	0.00247618168942
8.41520443268e-09	0.00309448389453
8.41929743095e-09	0.00346062943572
8.42339042921e-09	0.00349316676147
8.42748342748e-09	0.00314989406615
8.43157642574e-09	0.00243937555933
8.43566942401e-09	0.00142544389382
8.43976242227e-09	0.000222262471652
8.44385542053e-09	-0.00101969294337
8.4479484188e-09	-0.00213555111259
8.45204141706e-09	-0.00297207114636
8.45613441533e-09	-0.00341299263528
8.46022741359e-09	-0.00339923382853
8.46432041186e-09	-0.00293942631106
8.46841341012e-09	-0.00210929194873
8.47250640839e-09	-0.00103965144808
8.47659940665e-09	0.000104481849121
8.48069240492e-09	0.00114956271864
8.48478540318e-09	0.00193995110749
8.48887840145e-09	0.00236030416272
8.49297139971e-09	0.00235134435934
8.49706439798e-09	0.0019170128071
8.50115739624e-09	0.00112260122114
8.50525039451e-09	8.50835613164e-05
8.50934339277e-09	-0.00104342772102
8.51343639104e-09	-0.00209641018591
8.5175293893e-09	-0.00291594248847
8.52162238757e-09	-0.0033752170566
8.52571538583e-09	-0.00339745907695
8.5298083841e-09	-0.00296892033657
8.53390138236e-09	-0.00214281692752
8.53799438063e-09	-0.00103329876583
8.54208737889e-09	0.000200836704607
8.54618037716e-09	0.00138080355828
8.55027337542e-09	0.00233669819136
8.55436637369e-09	0.00293613830581
8.55845937195e-09	0.00310664484277
8.56255237022e-09	0.00284772360465
8.56664536848e-09	0.00222992945055
8.57073836675e-09	0.00138075024006
8.57483136501e-09	0.000460539922642
8.57892436328e-09	-0.00036730955253
8.58301736154e-09	-0.000965584615187
8.58711035981e-09	-0.00124658826098
8.59120335807e-09	-0.00118552214553
8.59529635634e-09	-0.000821564652142
8.5993893546e-09	-0.000247675186984
8.60348235287e-09	0.000408981715736
8.60757535113e-09	0.00101162317878
8.6116683494e-09	0.00143907757592
8.61576134766e-09	0.00160760169092
8.61985434593e-09	0.00148530139268
8.62394734419e-09	0.00109755248559
8.62804034246e-09	0.000522049773281
8.63213334072e-09	-0.00012553750912
8.63622633899e-09	-0.000713081532012
8.64031933725e-09	-0.00111764145549
8.64441233552e-09	-0.00125023897272
8.64850533378e-09	-0.00107567237865
8.65259833205e-09	-0.000622677591309
8.65669133031e-09	1.82830478934e-05
8.66078432858e-09	0.000709991374606
8.66487732684e-09	0.00129466610815
8.66897032511e-09	0.00162609177642
8.67306332337e-09	0.00160177335783
8.67715632164e-09	0.00118782642676
8.6812493199e-09	0.000430636078818
8.68534231817e-09	-0.000547694282432
8.68943531643e-09	-0.00157055284944
8.6935283147e-09	-0.00244027611916
8.69762131296e-09	-0.00297756219516
8.70171431123e-09	-0.00305853819009
8.70580730949e-09	-0.00264143923414
8.70990030775e-09	-0.00177772589086
8.71399330602e-09	-0.000604664204729
8.71808630428e-09	0.000678663065628
8.72217930255e-09	0.00184740031546
8.72627230081e-09	0.00269207455858
8.73036529908e-09	0.00305668765213
8.73445829734e-09	0.00286739379226
8.73855129561e-09	0.00214619591134
8.74264429387e-09	0.00100792221201
8.74673729214e-09	-0.000358847533789
8.7508302904e-09	-0.00172371574445
8.75492328867e-09	-0.00285330713086
8.75901628693e-09	-0.0035511260794
8.7631092852e-09	-0.00369123925338
8.76720228346e-09	-0.00324031276978
8.77129528173e-09	-0.00226410871255
8.77538827999e-09	-0.000916586832318
8.77948127826e-09	0.000586320293223
8.78357427652e-09	0.00200454577862
8.78766727479e-09	0.00311628097552
8.79176027305e-09	0.00375723344041
8.79585327132e-09	0.00384943475365
8.79994626958e-09	0.00341340698651
8.80403926785e-09	0.00256173174421
8.80813226611e-09	0.00147477452992
8.81222526438e-09	0.000363807792382
8.81631826264e-09	-0.000570772590436
8.82041126091e-09	-0.00117779836
8.82450425917e-09	-0.00138194023748
8.82859725744e-09	-0.00119397640083
8.8326902557e-09	-0.000702902147168
8.83678325397e-09	-5.24857953224e-05
8.84087625223e-09	0.000591831852944
8.8449692505e-09	0.00107868030318
8.84906224876e-09	0.00130108493613
8.85315524703e-09	0.0012159422331
8.85724824529e-09	0.000849171876325
8.86134124356e-09	0.000286417340249
8.86543424182e-09	-0.000347602477632
8.86952724009e-09	-0.0009168281249
8.87362023835e-09	-0.00130244427419
8.87771323662e-09	-0.00142721546581
8.88180623488e-09	-0.00127109825553
8.88589923315e-09	-0.000875311357959
8.88999223141e-09	-0.000334718977683
8.89408522968e-09	0.000220605283175
8.89817822794e-09	0.000650942361972
8.90227122621e-09	0.000835374055896
8.90636422447e-09	0.000697963638231
8.91045722274e-09	0.000226287693295
8.914550221e-09	-0.000521173846209
8.91864321927e-09	-0.00142148596933
8.92273621753e-09	-0.00230680360983
8.9268292158e-09	-0.00299413991161
8.93092221406e-09	-0.00332024562522
8.93501521233e-09	-0.00317449404974
8.93910821059e-09	-0.00252363047912
8.94320120886e-09	-0.001422610585
8.94729420712e-09	-9.16170233722e-06
8.95138720539e-09	0.00151726117474
8.95548020365e-09	0.00292859329784
8.95957320192e-09	0.00400661362801
8.96366620018e-09	0.00458003528183
8.96775919844e-09	0.0045531274809
8.97185219671e-09	0.00392116678995
8.97594519497e-09	0.00277078896761
8.98003819324e-09	0.00126556747273
8.9841311915e-09	-0.000379459261239
8.98822418977e-09	-0.00193008969654
8.99231718803e-09	-0.00316662399564
8.9964101863e-09	-0.00391407727147
9.00050318456e-09	-0.00406551119522
9.00459618283e-09	-0.00359550042776
9.00868918109e-09	-0.0025631278113
9.01278217936e-09	-0.00110411619244
9.01687517762e-09	0.000586721154832
9.02096817589e-09	0.00228053830506
9.02506117415e-09	0.00374458057922
9.02915417242e-09	0.00477322284132
9.03324717068e-09	0.00521635171026
9.03734016895e-09	0.00500080766506
9.04143316721e-09	0.00414154172176
9.04552616548e-09	0.00274081976386
9.04961916374e-09	0.000974797658273
9.05371216201e-09	-0.000930183472519
9.05780516027e-09	-0.00272848297027
9.06189815854e-09	-0.00418848489062
9.0659911568e-09	-0.00512335635722
9.07008415507e-09	-0.0054154334066
9.07417715333e-09	-0.00503067343379
9.0782701516e-09	-0.00402224512072
9.08236314986e-09	-0.00252304620517
9.08645614813e-09	-0.000728499686375
9.09054914639e-09	0.00112781263306
9.09464214466e-09	0.00280340010067
9.09873514292e-09	0.0040772811044
9.10282814119e-09	0.00477868266171
9.10692113945e-09	0.00481043790933
9.11101413772e-09	0.00416370667517
9.11510713598e-09	0.00292181812983
9.11920013425e-09	0.00125117205607
9.12329313251e-09	-0.000620061080554
9.12738613078e-09	-0.0024334762129
9.13147912904e-09	-0.00393789826194
9.13557212731e-09	-0.00492667302024
9.13966512557e-09	-0.0052689970762
9.14375812384e-09	-0.00492918799864
9.1478511221e-09	-0.00397073701606
9.15194412037e-09	-0.00254423242586
9.15603711863e-09	-0.000861283711856
9.1601301169e-09	0.000840268228785
9.16422311516e-09	0.00233396398835
9.16831611343e-09	0.00343809658079
9.17240911169e-09	0.00403966297745
9.17650210996e-09	0.00410563769401
9.18059510822e-09	0.00368054708815
9.18468810649e-09	0.00287257510354
9.18878110475e-09	0.00183119493886
9.19287410302e-09	0.00072118155731
9.19696710128e-09	-0.000302678652588
9.20106009955e-09	-0.00111657473462
9.20515309781e-09	-0.00164135055093
9.20924609608e-09	-0.00184818050184
9.21333909434e-09	-0.00175580858195
9.21743209261e-09	-0.00142092321039
9.22152509087e-09	-0.000923814848647
9.22561808914e-09	-0.000351847582351
9.2297110874e-09	0.000215731948629
9.23380408566e-09	0.000719422587281
9.23789708393e-09	0.0011250699099
9.24199008219e-09	0.00142285930633
9.24608308046e-09	0.00162055106193
9.25017607872e-09	0.00173274273402
9.25426907699e-09	0.00176991312765
9.25836207525e-09	0.00173015330802
9.26245507352e-09	0.00159666623222
9.26654807178e-09	0.00134221094777
9.27064107005e-09	0.000939406934776
9.27473406831e-09	0.000374681649191
9.27882706658e-09	-0.000338752635798
9.28292006484e-09	-0.00115266111243
9.28701306311e-09	-0.00198375270702
9.29110606137e-09	-0.00272323164972
9.29519905964e-09	-0.0032543327834
9.2992920579e-09	-0.00347493673326
9.30338505617e-09	-0.00331978456234
9.30747805443e-09	-0.00277748054941
9.3115710527e-09	-0.0018980911409
9.31566405096e-09	-0.000788994664617
9.31975704923e-09	0.000400147258915
9.32385004749e-09	0.00150107295485
9.32794304576e-09	0.00235442642588
9.33203604402e-09	0.00283619250695
9.33612904229e-09	0.00287848993321
9.34022204055e-09	0.00248086461215
9.34431503882e-09	0.00171086414775
9.34840803708e-09	0.000693504691299
9.35250103535e-09	-0.000408262028941
9.35659403361e-09	-0.00141900374001
9.36068703188e-09	-0.00217851786874
9.36478003014e-09	-0.0025670745672
9.36887302841e-09	-0.00252471395652
9.37296602667e-09	-0.00206095640897
9.37705902494e-09	-0.00125320116786
9.3811520232e-09	-0.000233819406276
9.38524502147e-09	0.000832602076116
9.38933801973e-09	0.00177759669896
9.393431018e-09	0.00245818110125
9.39752401626e-09	0.00278142605384
9.40161701453e-09	0.00271945520944
9.40571001279e-09	0.00231213022198
9.40980301106e-09	0.00165646152163
9.41389600932e-09	0.000885571629624
9.41798900759e-09	0.000141358844303
9.42208200585e-09	-0.000453128814115
9.42617500412e-09	-0.000815733292256
9.43026800238e-09	-0.000917720753932
9.43436100065e-09	-0.000784300784289
9.43845399891e-09	-0.000484380616399
9.44254699718e-09	-0.000112299351713
9.44663999544e-09	0.000233914479395
9.45073299371e-09	0.000472681356769
9.45482599197e-09	0.000553927930014
9.45891899024e-09	0.000466107616376
9.4630119885e-09	0.000235121839069
9.46710498677e-09	-8.38842106532e-05
9.47119798503e-09	-0.000419646643422
9.4752909833e-09	-0.000699589250871
9.47938398156e-09	-0.000864120636834
9.48347697983e-09	-0.000877628139278
9.48756997809e-09	-0.00073494807657
9.49166297636e-09	-0.000462457497633
9.49575597462e-09	-0.000113440189125
9.49984897288e-09	0.000241117339101
9.50394197115e-09	0.000525507151906
9.50803496941e-09	0.000673572594678
9.51212796768e-09	0.000642004146357
9.51622096594e-09	0.000420189335273
9.52031396421e-09	3.40452156706e-05
9.52440696247e-09	-0.000456825429865
9.52849996074e-09	-0.000969043314399
9.532592959e-09	-0.00141040936433
9.53668595727e-09	-0.00169704984
9.54077895553e-09	-0.00176946213469
9.5448719538e-09	-0.00160361731832
9.54896495206e-09	-0.00121537563973
9.55305795033e-09	-0.000657022221276
9.55715094859e-09	-7.16339388873e-06
9.56124394686e-09	0.000643483203021
9.56533694512e-09	0.00120764699386
9.56942994339e-09	0.00161481066607
9.57352294165e-09	0.00182060575753
9.57761593992e-09	0.00181094932486
9.58170893818e-09	0.00160122456145
9.58580193645e-09	0.00123186612473
9.58989493471e-09	0.000761293675168
9.59398793298e-09	0.000258068926996
9.59808093124e-09	-0.000207354749364
9.60217392951e-09	-0.000570608262933
9.60626692777e-09	-0.000780780603236
9.61035992604e-09	-0.00080719262769
9.6144529243e-09	-0.000644304240268
9.61854592257e-09	-0.000314288372465
9.62263892083e-09	0.000134190081553
9.6267319191e-09	0.000631571580016
9.63082491736e-09	0.00109699668974
9.63491791563e-09	0.00145118477667
9.63901091389e-09	0.00162986066425
9.64310391216e-09	0.00159556043218
9.64719691042e-09	0.0013450180486
9.65128990869e-09	0.000910347887839
9.65538290695e-09	0.000353944544258
9.65947590522e-09	-0.000242466479904
9.66356890348e-09	-0.000791904145444
9.66766190175e-09	-0.00121695890994
9.67175490001e-09	-0.00146251339174
9.67584789828e-09	-0.00150402139116
9.67994089654e-09	-0.00135067428346
9.68403389481e-09	-0.00104275377817
9.68812689307e-09	-0.000644440900942
9.69221989134e-09	-0.000233124503211
9.6963128896e-09	0.000113242715088
9.70040588787e-09	0.000328696794895
9.70449888613e-09	0.00037062094998
9.7085918844e-09	0.000227724362048
9.71268488266e-09	-7.63693633417e-05
9.71677788093e-09	-0.000485110213049
9.72087087919e-09	-0.000917169847526
9.72496387746e-09	-0.00127963894192
9.72905687572e-09	-0.00148505934339
9.73314987399e-09	-0.00146885426511
9.73724287225e-09	-0.00120391719975
9.74133587052e-09	-0.000708975454472
9.74542886878e-09	-4.79484788229e-05
9.74952186705e-09	0.000679786280671
9.75361486531e-09	0.0013573589531
9.75770786357e-09	0.00187271475443
9.76180086184e-09	0.00214071955997
9.7658938601e-09	0.00212041044142
9.76998685837e-09	0.00182308499643
9.77407985663e-09	0.00131001148839
9.7781728549e-09	0.000679798067722
9.78226585316e-09	4.85834580104e-05
9.78635885143e-09	-0.000472571966384
9.79045184969e-09	-0.000798642431619
9.79454484796e-09	-0.000885268593265
9.79863784622e-09	-0.000735073899705
9.80273084449e-09	-0.000394598806452
9.80682384275e-09	5.67535062146e-05
9.81091684102e-09	0.000522931164596
9.81500983928e-09	0.000909720365598
9.81910283755e-09	0.00114154721086
9.82319583581e-09	0.0011743319119
9.82728883408e-09	0.00100217660656
9.83138183234e-09	0.000657041255181
9.83547483061e-09	0.000201971002753
9.83956782887e-09	-0.000281433945929
9.84366082714e-09	-0.0007086139085
9.8477538254e-09	-0.00100842368556
9.85184682367e-09	-0.00113709249854
9.85593982193e-09	-0.00108677543176
9.8600328202e-09	-0.000887111993507
9.86412581846e-09	-0.000598485934461
9.86821881673e-09	-0.000298522061712
9.87231181499e-09	-6.41584510959e-05
9.87640481326e-09	4.67869515433e-05
9.88049781152e-09	9.90506399035e-06
9.88459080979e-09	-0.000158780036145
9.88868380805e-09	-0.000405691796914
9.89277680632e-09	-0.000651767146337
9.89686980458e-09	-0.00081129175669
9.90096280285e-09	-0.000813278493297
9.90505580111e-09	-0.000619826805632
9.90914879938e-09	-0.000237525899138
9.91324179764e-09	0.00028148236197
9.91733479591e-09	0.000848832991323
9.92142779417e-09	0.00135758572287
9.92552079244e-09	0.00170450149744
9.9296137907e-09	0.00181149944547
9.93370678897e-09	0.0016423008492
9.93779978723e-09	0.00121048428991
9.9418927855e-09	0.000577797232836
9.94598578376e-09	-0.000156466285262
9.95007878203e-09	-0.000873073295224
9.95417178029e-09	-0.00145343304757
9.95826477856e-09	-0.00179998809472
9.96235777682e-09	-0.00185266498011
9.96645077509e-09	-0.00159888328926
9.97054377335e-09	-0.00107592694985
9.97463677162e-09	-0.000364897303371
9.97872976988e-09	0.000422253186116
9.98282276815e-09	0.00116109951341
9.98691576641e-09	0.00173542845005
9.99100876468e-09	0.00205671908043
9.99510176294e-09	0.00207934070204
9.99919476121e-09	0.00180801881652
1.00032877595e-08	0.0012964411726
1.00073807577e-08	0.00063665948619
1.0011473756e-08	-5.87287127018e-05
1.00155667543e-08	-0.000677853662637
1.00196597525e-08	-0.00113035224786
1.00237527508e-08	-0.001362731462
1.00278457491e-08	-0.00136560157262
1.00319387473e-08	-0.00117129187129
1.00360317456e-08	-0.000842799592647
1.00401247439e-08	-0.00045747376862
1.00442177421e-08	-8.90897849786e-05
1.00483107404e-08	0.000206854647331
1.00524037386e-08	0.000401781941036
1.00564967369e-08	0.000495111737109
1.00605897352e-08	0.000508191340487
1.00646827334e-08	0.00047392592387
1.00687757317e-08	0.00042482466597
1.007286873e-08	0.000383225640689
1.00769617282e-08	0.000355811795089
1.00810547265e-08	0.000333316180331
1.00851477248e-08	0.000295263462249
1.0089240723e-08	0.000217529934162
1.00933337213e-08	8.10509354778e-05
1.00974267196e-08	-0.000120901685477
1.01015197178e-08	-0.000378411910788
1.01056127161e-08	-0.000664217648591
1.01097057144e-08	-0.000937137177971
1.01137987126e-08	-0.00114842019684
1.01178917109e-08	-0.00125042581203
1.01219847092e-08	-0.00120596704801
1.01260777074e-08	-0.000996713795757
1.01301707057e-08	-0.00062944730962
1.01342637039e-08	-0.000138217988024
1.01383567022e-08	0.000418009760324
1.01424497005e-08	0.000962877718848
1.01465426987e-08	0.00141448900104
1.0150635697e-08	0.00169960437051
1.01547286953e-08	0.00176800135523
1.01588216935e-08	0.00160338217393
1.01629146918e-08	0.00122862172429
1.01670076901e-08	0.000703424444509
1.01711006883e-08	0.000114310498248
1.01751936866e-08	-0.000440973424702
1.01792866849e-08	-0.000871936194017
1.01833796831e-08	-0.00111218565871
1.01874726814e-08	-0.0011313410505
1.01915656797e-08	-0.000939359735639
1.01956586779e-08	-0.000582398679398
1.01997516762e-08	-0.000131937376864
1.02038446745e-08	0.000330588867655
1.02079376727e-08	0.000729521329049
1.0212030671e-08	0.00100797017512
1.02161236692e-08	0.00113568342931
1.02202166675e-08	0.00111054410081
1.02243096658e-08	0.000954820599873
1.0228402664e-08	0.000707296130713
1.02324956623e-08	0.000413930247305
1.02365886606e-08	0.000118988270515
1.02406816588e-08	-0.000142007475006
1.02447746571e-08	-0.000346299777448
1.02488676554e-08	-0.000485391377879
1.02529606536e-08	-0.000563854024222
1.02570536519e-08	-0.00059634300851
1.02611466502e-08	-0.000603418851824
1.02652396484e-08	-0.000606466939644
1.02693326467e-08	-0.000622894844128
1.0273425645e-08	-0.000661779307848
1.02775186432e-08	-0.000721234857338
1.02816116415e-08	-0.000788065954112
1.02857046397e-08	-0.000839948814246
1.0289797638e-08	-0.000850401469506
1.02938906363e-08	-0.000795092586486
1.02979836345e-08	-0.000658577180729
1.03020766328e-08	-0.000439420422481
1.03061696311e-08	-0.000152253568558
1.03102626293e-08	0.000173709320734
1.03143556276e-08	0.000499991834658
1.03184486259e-08	0.000786212913226
1.03225416241e-08	0.000998056661047
1.03266346224e-08	0.00111367032514
1.03307276207e-08	0.00112684201304
1.03348206189e-08	0.00104680138611
1.03389136172e-08	0.000894545752089
1.03430066155e-08	0.000697564093571
1.03470996137e-08	0.000484293657792
1.0351192612e-08	0.000279807376501
1.03552856103e-08	0.000103799324279
1.03593786085e-08	-2.97425103781e-05
1.03634716068e-08	-0.000111393195766
1.0367564605e-08	-0.000135285161377
1.03716576033e-08	-9.89622649286e-05
1.03757506016e-08	-4.32076177503e-06
1.03798435998e-08	0.000140347243359
1.03839365981e-08	0.000318772068567
1.03880295964e-08	0.000506190499436
1.03921225946e-08	0.000671131747367
1.03962155929e-08	0.00077962733485
1.04003085912e-08	0.000800935507868
1.04044015894e-08	0.000713995403203
1.04084945877e-08	0.000512451639224
1.0412587586e-08	0.000207403720196
1.04166805842e-08	-0.000173067924152
1.04207735825e-08	-0.000587612845266
1.04248665808e-08	-0.000987350198557
1.0428959579e-08	-0.00132298818789
1.04330525773e-08	-0.00155148256454
1.04371455756e-08	-0.0016416299768
1.04412385738e-08	-0.00157795747509
1.04453315721e-08	-0.0013624921412
1.04494245703e-08	-0.00101498069853
1.04535175686e-08	-0.000571063585085
1.04576105669e-08	-7.89499072198e-05
1.04617035651e-08	0.000405629358283
1.04657965634e-08	0.000826093593787
1.04698895617e-08	0.00113238410268
1.04739825599e-08	0.00128862405836
1.04780755582e-08	0.00127912242169
1.04821685565e-08	0.00111167911382
1.04862615547e-08	0.00081701335148
1.0490354553e-08	0.000443753411673
1.04944475513e-08	5.01974927829e-05
1.04985405495e-08	-0.000306098892906
1.05026335478e-08	-0.000578143037274
1.05067265461e-08	-0.00073676046668
1.05108195443e-08	-0.000773778432631
1.05149125426e-08	-0.000700290056557
1.05190055409e-08	-0.000541370554856
1.05230985391e-08	-0.000328449743392
1.05271915374e-08	-9.19750777939e-05
1.05312845356e-08	0.000143772758747
1.05353775339e-08	0.000362819682778
1.05394705322e-08	0.000556106919248
1.05435635304e-08	0.000718235180102
1.05476565287e-08	0.000843505069497
1.0551749527e-08	0.000923238141695
1.05558425252e-08	0.000945589694311
1.05599355235e-08	0.00089772479987
1.05640285218e-08	0.000770236787503
1.056812152e-08	0.000561839278816
1.05722145183e-08	0.000283194665826
1.05763075166e-08	-4.154414205e-05
1.05804005148e-08	-0.000376341849915
1.05844935131e-08	-0.000677438914863
1.05885865114e-08	-0.000899903912796
1.05926795096e-08	-0.00100487004966
1.05967725079e-08	-0.000966486717516
1.06008655061e-08	-0.000777487381129
1.06049585044e-08	-0.000452139029221
1.06090515027e-08	-2.65668351176e-05
1.06131445009e-08	0.000444445093308
1.06172374992e-08	0.000893696720595
1.06213304975e-08	0.00125058681442
1.06254234957e-08	0.00145215279917
1.0629516494e-08	0.00145415022416
1.06336094923e-08	0.00124081069953
1.06377024905e-08	0.000830568984384
1.06417954888e-08	0.00027624186805
1.06458884871e-08	-0.000341285236573
1.06499814853e-08	-0.000925840853597
1.06540744836e-08	-0.00138275120844
1.06581674819e-08	-0.00163706390595
1.06622604801e-08	-0.00164889344887
1.06663534784e-08	-0.00142245837924
1.06704464767e-08	-0.00100657111761
1.06745394749e-08	-0.000485568976728
1.06786324732e-08	3.70870156985e-05
1.06827254714e-08	0.000459681479697
1.06868184697e-08	0.000702778874256
1.0690911468e-08	0.000724976234778
1.06950044662e-08	0.000530865079782
1.06990974645e-08	0.000169130585164
1.07031904628e-08	-0.000277968028968
1.0707283461e-08	-0.000711697288352
1.07113764593e-08	-0.00103664121707
1.07154694576e-08	-0.00117896995653
1.07195624558e-08	-0.00110017248517
1.07236554541e-08	-0.000803334856755
1.07277484524e-08	-0.000331739791363
1.07318414506e-08	0.000239867760683
1.07359344489e-08	0.000819470602437
1.07400274472e-08	0.00131443655846
1.07441204454e-08	0.00164826105174
1.07482134437e-08	0.00177395023638
1.0752306442e-08	0.00168221765489
1.07563994402e-08	0.00140284263762
1.07604924385e-08	0.000998653267743
1.07645854367e-08	0.000553461402887
1.0768678435e-08	0.000155434474436
1.07727714333e-08	-0.000120476906886
1.07768644315e-08	-0.000227867079957
1.07809574298e-08	-0.000158646828822
1.07850504281e-08	5.5370372138e-05
1.07891434263e-08	0.000349209782144
1.07932364246e-08	0.00063917359148
1.07973294229e-08	0.000841490480525
1.08014224211e-08	0.000891199568287
1.08055154194e-08	0.00075706478674
1.08096084177e-08	0.00044860674825
1.08137014159e-08	1.41481782521e-05
1.08177944142e-08	-0.000470165930892
1.08218874125e-08	-0.000917410929105
1.08259804107e-08	-0.00124895856425
1.0830073409e-08	-0.0014114450023
1.08341664072e-08	-0.00138731885818
1.08382594055e-08	-0.00119739611546
1.08423524038e-08	-0.000894761709787
1.0846445402e-08	-0.000551972654648
1.08505384003e-08	-0.000244832124736
1.08546313986e-08	-3.59828890169e-05
1.08587243968e-08	3.76922298528e-05
1.08628173951e-08	-2.79662109506e-05
1.08669103934e-08	-0.000204476795261
1.08710033916e-08	-0.000437436996435
1.08750963899e-08	-0.000658050335915
1.08791893882e-08	-0.000797667744337
1.08832823864e-08	-0.000802056085377
1.08873753847e-08	-0.000643280818622
1.0891468383e-08	-0.000326803126882
1.08955613812e-08	0.000107773983473
1.08996543795e-08	0.000592351309024
1.09037473778e-08	0.00104229247518
1.0907840376e-08	0.00137228331732
1.09119333743e-08	0.00151365033526
1.09160263725e-08	0.0014296947702
1.09201193708e-08	0.00112543664
1.09242123691e-08	0.000649777182844
1.09283053673e-08	8.84114492692e-05
1.09323983656e-08	-0.00045118691196
1.09364913639e-08	-0.000860236490553
1.09405843621e-08	-0.00105060972419
1.09446773604e-08	-0.000973239759333
1.09487703587e-08	-0.000629497339105
1.09528633569e-08	-7.2383575116e-05
1.09569563552e-08	0.000602507367148
1.09610493535e-08	0.00127449263528
1.09651423517e-08	0.00182042051165
1.096923535e-08	0.00213728813105
1.09733283483e-08	0.00216099890531
1.09774213465e-08	0.00187733402709
1.09815143448e-08	0.00132367845799
1.09856073431e-08	0.000581794240134
1.09897003413e-08	-0.000236917465372
1.09937933396e-08	-0.00101011154766
1.09978863378e-08	-0.00162437852123
1.10019793361e-08	-0.00199272955069
1.10060723344e-08	-0.00206729011552
1.10101653326e-08	-0.00184586382238
1.10142583309e-08	-0.00137122331944
1.10183513292e-08	-0.000724067369447
1.10224443274e-08	-1.02202237713e-05
1.10265373257e-08	0.000655807856674
1.1030630324e-08	0.00116846807214
1.10347233222e-08	0.00144775692752
1.10388163205e-08	0.00145152096957
1.10429093188e-08	0.00118198137352
1.1047002317e-08	0.000684840706526
1.10510953153e-08	4.11487831116e-05
1.10551883136e-08	-0.000646422424325
1.10592813118e-08	-0.00127089818125
1.10633743101e-08	-0.00173809574335
1.10674673084e-08	-0.00198095712403
1.10715603066e-08	-0.00196843847516
1.10756533049e-08	-0.00170774386788
1.10797463031e-08	-0.00124054595653
1.10838393014e-08	-0.000634011656075
1.10879322997e-08	3.05806577217e-05
1.10920252979e-08	0.000669815635774
1.10961182962e-08	0.0012087379946
1.11002112945e-08	0.00158872832253
1.11043042927e-08	0.00177283298399
1.1108397291e-08	0.00174809693999
1.11124902893e-08	0.00152586797776
1.11165832875e-08	0.0011400759613
1.11206762858e-08	0.00064352764457
1.11247692841e-08	0.000102560057712
1.11288622823e-08	-0.000410515043768
1.11329552806e-08	-0.000826129893539
1.11370482789e-08	-0.00108687031752
1.11411412771e-08	-0.00115602612641
1.11452342754e-08	-0.00102345310734
1.11493272736e-08	-0.000707890259946
1.11534202719e-08	-0.000254366770605
1.11575132702e-08	0.000272503988526
1.11616062684e-08	0.000798489840236
1.11656992667e-08	0.00125114099501
1.1169792265e-08	0.00157015524746
1.11738852632e-08	0.00171551536187
1.11779782615e-08	0.00167163541482
1.11820712598e-08	0.0014477394725
1.1186164258e-08	0.00107482945168
1.11902572563e-08	0.00060004619445
1.11943502546e-08	8.0093474935e-05
1.11984432528e-08	-0.000425934100349
1.12025362511e-08	-0.000863016968651
1.12066292494e-08	-0.00118590225611
1.12107222476e-08	-0.00136373835994
1.12148152459e-08	-0.00138301731931
1.12189082442e-08	-0.00124908097496
1.12230012424e-08	-0.000985196711554
1.12270942407e-08	-0.00062955284011
1.12311872389e-08	-0.000230176412515
1.12352802372e-08	0.000161718802701
1.12393732355e-08	0.000498391429574
1.12434662337e-08	0.000741645486414
1.1247559232e-08	0.000866643182235
1.12516522303e-08	0.000863293607836
1.12557452285e-08	0.000735330111638
1.12598382268e-08	0.000497528599226
1.12639312251e-08	0.000172790400029
1.12680242233e-08	-0.000210523145142
1.12721172216e-08	-0.000619904389168
1.12762102199e-08	-0.00101904167968
1.12803032181e-08	-0.00136815102451
1.12843962164e-08	-0.00162497829297
1.12884892147e-08	-0.0017481129762
1.12925822129e-08	-0.0017023292603
1.12966752112e-08	-0.00146574565588
1.13007682095e-08	-0.00103723607754
1.13048612077e-08	-0.000441704461991
1.1308954206e-08	0.000268190666247
1.13130472042e-08	0.00101585219818
1.13171402025e-08	0.00170967946178
1.13212332008e-08	0.00225618401601
1.1325326199e-08	0.00257512496319
1.13294191973e-08	0.00261332523951
1.13335121956e-08	0.00235509157937
1.13376051938e-08	0.00182653781667
1.13416981921e-08	0.00109337759932
1.13457911904e-08	0.000252431816989
1.13498841886e-08	-0.000582025648328
1.13539771869e-08	-0.00129435280542
1.13580701852e-08	-0.00178436010901
1.13621631834e-08	-0.00198189936054
1.13662561817e-08	-0.00185752921971
1.137034918e-08	-0.00142784429045
1.13744421782e-08	-0.000754123553634
1.13785351765e-08	6.51453824503e-05
1.13826281747e-08	0.000907885878405
1.1386721173e-08	0.00164609214698
1.13908141713e-08	0.00216521513357
1.13949071695e-08	0.00238250796974
1.13990001678e-08	0.00226055349049
1.14030931661e-08	0.00181402079761
1.14071861643e-08	0.00110747664439
1.14112791626e-08	0.000244632317845
1.14153721609e-08	-0.000649070261716
1.14194651591e-08	-0.00144773461943
1.14235581574e-08	-0.00204538292019
1.14276511557e-08	-0.00237220873532
1.14317441539e-08	-0.0024033155205
1.14358371522e-08	-0.00215884578938
1.14399301505e-08	-0.00169645280403
1.14440231487e-08	-0.00109779904597
1.1448116147e-08	-0.000453033655504
1.14522091453e-08	0.000154060377099
1.14563021435e-08	0.000657291191601
1.14603951418e-08	0.00101415919926
1.146448814e-08	0.00120718643302
1.14685811383e-08	0.00124076096108
1.14726741366e-08	0.00113579542085
1.14767671348e-08	0.000923355386476
1.14808601331e-08	0.000638725807221
1.14849531314e-08	0.000316976158501
1.14890461296e-08	-1.03004094285e-05
1.14931391279e-08	-0.000316431802275
1.14972321262e-08	-0.000580208972679
1.15013251244e-08	-0.00078548923193
1.15054181227e-08	-0.000920131540624
1.1509511121e-08	-0.000975075221504
1.15136041192e-08	-0.000943309583818
1.15176971175e-08	-0.000819928391138
1.15217901158e-08	-0.000603107589995
1.1525883114e-08	-0.000296234160487
1.15299761123e-08	8.89657326297e-05
1.15340691106e-08	0.000529787226696
1.15381621088e-08	0.000990892258415
1.15422551071e-08	0.00142550023156
1.15463481053e-08	0.00177979355794
1.15504411036e-08	0.0020003625832
1.15545341019e-08	0.00204397282505
1.15586271001e-08	0.00188693322707
1.15627200984e-08	0.00153239291103
1.15668130967e-08	0.00101290510793
1.15709060949e-08	0.000387251420761
1.15749990932e-08	-0.00026800332671
1.15790920915e-08	-0.000871213691426
1.15831850897e-08	-0.00134917028481
1.1587278088e-08	-0.00164911970205
1.15913710863e-08	-0.00174635864096
1.15954640845e-08	-0.00164596972172
1.15995570828e-08	-0.00137920473935
1.16036500811e-08	-0.000995197980956
1.16077430793e-08	-0.000551051245566
1.16118360776e-08	-0.000102146951576
1.16159290758e-08	0.000305162571749
1.16200220741e-08	0.000637257759081
1.16241150724e-08	0.000874006465892
1.16282080706e-08	0.0010066775867
1.16323010689e-08	0.00103502895217
1.16363940672e-08	0.000964388862485
1.16404870654e-08	0.000803558192274
1.16445800637e-08	0.000564251608012
1.1648673062e-08	0.000261156843408
1.16527660602e-08	-8.70857729751e-05
1.16568590585e-08	-0.000457133250165
1.16609520568e-08	-0.000820669389213
1.1665045055e-08	-0.00114473443682
1.16691380533e-08	-0.00139350746031
1.16732310516e-08	-0.00153093039989
1.16773240498e-08	-0.00152497894305
1.16814170481e-08	-0.00135298866371
1.16855100464e-08	-0.00100751037826
1.16896030446e-08	-0.000502081020386
1.16936960429e-08	0.000125275250866
1.16977890411e-08	0.000811646452348
1.17018820394e-08	0.00147386967001
1.17059750377e-08	0.00201840593945
1.17100680359e-08	0.00235545156465
1.17141610342e-08	0.00241566239856
1.17182540325e-08	0.00216542994895
1.17223470307e-08	0.0016177840007
1.1726440029e-08	0.000835351136629
1.17305330273e-08	-7.62333311286e-05
1.17346260255e-08	-0.000983643491054
1.17387190238e-08	-0.00174804728886
1.17428120221e-08	-0.00224914439605
1.17469050203e-08	-0.00240677707188
1.17509980186e-08	-0.00219540424587
1.17550910169e-08	-0.00164835774922
1.17591840151e-08	-0.000851704811794
1.17632770134e-08	7.15239079909e-05
1.17673700117e-08	0.000982659337751
1.17714630099e-08	0.00175046235381
1.17755560082e-08	0.00227161961084
1.17796490064e-08	0.00248493428808
1.17837420047e-08	0.00237798987655
1.1787835003e-08	0.00198515903321
1.17919280012e-08	0.00137868268939
1.17960209995e-08	0.000654613981169
1.18001139978e-08	-8.39159856696e-05
1.1804206996e-08	-0.000742806325434
1.18082999943e-08	-0.00125076078984
1.18123929926e-08	-0.00156795863586
1.18164859908e-08	-0.00168886844767
1.18205789891e-08	-0.0016388042277
1.18246719874e-08	-0.00146462571138
1.18287649856e-08	-0.0012221465513
1.18328579839e-08	-0.000962161670031
1.18369509822e-08	-0.000718904226233
1.18410439804e-08	-0.000503451821714
1.18451369787e-08	-0.000303758695736
1.1849229977e-08	-9.20536053854e-05
1.18533229752e-08	0.000162869953783
1.18574159735e-08	0.000480941849673
1.18615089717e-08	0.000858326573507
1.186560197e-08	0.00126092176652
1.18696949683e-08	0.00162603901117
1.18737879665e-08	0.00187337695388
1.18778809648e-08	0.00192247306404
1.18819739631e-08	0.00171336151834
1.18860669613e-08	0.00122509400535
1.18901599596e-08	0.000487254266773
1.18942529579e-08	-0.000418295410782
1.18983459561e-08	-0.00136724195909
1.19024389544e-08	-0.00221191741002
1.19065319527e-08	-0.00280656828545
1.19106249509e-08	-0.00303378188983
1.19147179492e-08	-0.0028266911977
1.19188109475e-08	-0.00218349967327
1.19229039457e-08	-0.00117094252346
1.1926996944e-08	8.31969282444e-05
1.19310899422e-08	0.00140765265678
1.19351829405e-08	0.00261266711459
1.19392759388e-08	0.0035181704734
1.1943368937e-08	0.00398177054012
1.19474619353e-08	0.00392162290518
1.19515549336e-08	0.0033311744628
1.19556479318e-08	0.00228300185699
1.19597409301e-08	0.000920261234569
1.19638339284e-08	-0.000562992321647
1.19679269266e-08	-0.00195092635113
1.19720199249e-08	-0.00303945990163
1.19761129232e-08	-0.00366908707656
1.19802059214e-08	-0.00375125551363
1.19842989197e-08	-0.00328286050353
1.1988391918e-08	-0.00234666350298
1.19924849162e-08	-0.00109656568384
1.19965779145e-08	0.000269024190857
1.20006709128e-08	0.00154083660163
1.2004763911e-08	0.00253332506691
1.20088569093e-08	0.00311315114959
1.20129499075e-08	0.00321753739263
1.20170429058e-08	0.00285918933514
1.20211359041e-08	0.00211843586294
1.20252289023e-08	0.00112527039164
1.20293219006e-08	3.5019046436e-05
1.20334148989e-08	-0.000996816561383
1.20375078971e-08	-0.00183717386972
1.20416008954e-08	-0.00239185168175
1.20456938937e-08	-0.00261442520423
1.20497868919e-08	-0.00250778975897
1.20538798902e-08	-0.00211852516804
1.20579728885e-08	-0.00152644685295
1.20620658867e-08	-0.000830368975585
1.2066158885e-08	-0.000132461408612
1.20702518833e-08	0.000476743131003
1.20743448815e-08	0.000931175425649
1.20784378798e-08	0.00119722665841
1.20825308781e-08	0.00127639453422
1.20866238763e-08	0.00120140787476
1.20907168746e-08	0.00102665702434
1.20948098728e-08	0.000815051833342
1.20989028711e-08	0.00062342592355
1.21029958694e-08	0.000490549849928
1.21070888676e-08	0.000429744326539
1.21111818659e-08	0.000428177707363
1.21152748642e-08	0.000452876534837
1.21193678624e-08	0.000461289288069
1.21234608607e-08	0.000414341058786
1.2127553859e-08	0.000287795161057
1.21316468572e-08	7.9745297171e-05
1.21357398555e-08	-0.00018763294338
1.21398328538e-08	-0.000472427207569
1.2143925852e-08	-0.000721418975445
1.21480188503e-08	-0.000881239320734
1.21521118486e-08	-0.000908985442948
1.21562048468e-08	-0.0007807421498
1.21602978451e-08	-0.000496791355545
1.21643908433e-08	-8.26646228234e-05
1.21684838416e-08	0.000412881596276
1.21725768399e-08	0.000923289982893
1.21766698381e-08	0.00137178642763
1.21807628364e-08	0.00168087352358
1.21848558347e-08	0.00178339405102
1.21889488329e-08	0.00163357402198
1.21930418312e-08	0.00121745884098
1.21971348295e-08	0.000559960604733
1.22012278277e-08	-0.000273115771051
1.2205320826e-08	-0.00117976009642
1.22094138243e-08	-0.00203416592558
1.22135068225e-08	-0.00270497231395
1.22175998208e-08	-0.00307742596488
1.22216928191e-08	-0.00307467841776
1.22257858173e-08	-0.00267400516896
1.22298788156e-08	-0.00191437474859
1.22339718139e-08	-0.000892619493243
1.22380648121e-08	0.000250675300776
1.22421578104e-08	0.00135385272733
1.22462508086e-08	0.00226063431182
1.22503438069e-08	0.00284535990795
1.22544368052e-08	0.00303289009025
1.22585298034e-08	0.00280911952723
1.22626228017e-08	0.00222167136963
1.22667158e-08	0.00137064601586
1.22708087982e-08	0.000391823872633
1.22749017965e-08	-0.000564413956454
1.22789947948e-08	-0.00135581477662
1.2283087793e-08	-0.00186862448754
1.22871807913e-08	-0.00203383088228
1.22912737896e-08	-0.001836756579
1.22953667878e-08	-0.00131873235659
1.22994597861e-08	-0.000570831787627
1.23035527844e-08	0.000280625212326
1.23076457826e-08	0.00109416642226
1.23117387809e-08	0.00173665928014
1.23158317792e-08	0.00210601085564
1.23199247774e-08	0.00214865099406
1.23240177757e-08	0.00186878067325
1.23281107739e-08	0.00132629383006
1.23322037722e-08	0.00062425255237
1.23362967705e-08	-0.000112203490971
1.23403897687e-08	-0.000760990478739
1.2344482767e-08	-0.00122635425214
1.23485757653e-08	-0.00145595309004
1.23526687635e-08	-0.00144730350439
1.23567617618e-08	-0.00124334506836
1.23608547601e-08	-0.000918501173146
1.23649477583e-08	-0.000558961626666
1.23690407566e-08	-0.000242812400757
1.23731337549e-08	-2.38171127194e-05
1.23772267531e-08	7.7008696735e-05
1.23813197514e-08	7.14690590939e-05
1.23854127497e-08	-3.1331389323e-06
1.23895057479e-08	-9.64745336205e-05
1.23935987462e-08	-0.00015864164925
1.23976917444e-08	-0.000152273178173
1.24017847427e-08	-6.0398214373e-05
1.2405877741e-08	0.00011070317214
1.24099707392e-08	0.000333319065248
1.24140637375e-08	0.000564516434679
1.24181567358e-08	0.00075449146243
1.2422249734e-08	0.00085649931134
1.24263427323e-08	0.00083634256589
1.24304357306e-08	0.000680118235323
1.24345287288e-08	0.000399279058911
1.24386217271e-08	3.09858426135e-05
1.24427147254e-08	-0.000366078755178
1.24468077236e-08	-0.000721188724128
1.24509007219e-08	-0.000964817969361
1.24549937202e-08	-0.00104316184297
1.24590867184e-08	-0.000931383663556
1.24631797167e-08	-0.00064132839907
1.2467272715e-08	-0.000222050790398
1.24713657132e-08	0.000248390279012
1.24754587115e-08	0.000678530072037
1.24795517097e-08	0.000982836136245
1.2483644708e-08	0.00110102419421
1.24877377063e-08	0.00101167288813
1.24918307045e-08	0.000737403806852
1.24959237028e-08	0.000339846248608
1.25000167011e-08	-9.45127430896e-05
1.25041096993e-08	-0.000473475163744
1.25082026976e-08	-0.000719423183909
1.25122956959e-08	-0.000785061383795
1.25163886941e-08	-0.00066180633803
1.25204816924e-08	-0.000379295663151
1.25245746907e-08	3.4369718378e-06
1.25286676889e-08	0.000411605677073
1.25327606872e-08	0.00077051059634
1.25368536855e-08	0.00101927593641
1.25409466837e-08	0.00112044656271
1.2545039682e-08	0.0010643996211
1.25491326803e-08	0.000868123257533
1.25532256785e-08	0.000570332496864
1.25573186768e-08	0.000223394323257
1.2561411675e-08	-0.000115839825412
1.25655046733e-08	-0.000395275968913
1.25695976716e-08	-0.00057618882056
1.25736906698e-08	-0.00063938441599
1.25777836681e-08	-0.000588858390984
1.25818766664e-08	-0.000451158954093
1.25859696646e-08	-0.000270444765192
1.25900626629e-08	-9.96418493742e-05
1.25941556612e-08	1.14771401627e-05
1.25982486594e-08	2.79583630345e-05
1.26023416577e-08	-6.08991213085e-05
1.2606434656e-08	-0.000237732589085
1.26105276542e-08	-0.00046026452037
1.26146206525e-08	-0.000670859732054
1.26187136508e-08	-0.000811117788544
1.2622806649e-08	-0.000836877414258
1.26268996473e-08	-0.000730368712539
1.26309926456e-08	-0.000505582851474
1.26350856438e-08	-0.00020515633696
1.26391786421e-08	0.000109982659524
1.26432716403e-08	0.000376270032575
1.26473646386e-08	0.000543272581126
1.26514576369e-08	0.000585987672821
1.26555506351e-08	0.000510263496835
1.26596436334e-08	0.000349914867911
1.26637366317e-08	0.000157438005772
1.26678296299e-08	-9.74995231218e-06
1.26719226282e-08	-0.00010291137869
1.26760156265e-08	-9.25577419366e-05
1.26801086247e-08	2.61765717369e-05
1.2684201623e-08	0.000234407358221
1.26882946213e-08	0.000494693140354
1.26923876195e-08	0.000759578455472
1.26964806178e-08	0.000980572025583
1.27005736161e-08	0.00111613074841
1.27046666143e-08	0.00113795507059
1.27087596126e-08	0.00103455420322
1.27128526108e-08	0.0008131563809
1.27169456091e-08	0.000499134042911
1.27210386074e-08	0.000133407713292
1.27251316056e-08	-0.000232380532907
1.27292246039e-08	-0.000543446047232
1.27333176022e-08	-0.00075068212027
1.27374106004e-08	-0.000820361055958
1.27415035987e-08	-0.000741889129131
1.2745596597e-08	-0.000531736830453
1.27496895952e-08	-0.000232155412959
1.27537825935e-08	9.6466850664e-05
1.27578755918e-08	0.000387381278415
1.276196859e-08	0.000581658812735
1.27660615883e-08	0.000640691036097
1.27701545866e-08	0.000553806403332
1.27742475848e-08	0.000339484087817
1.27783405831e-08	3.91358450997e-05
1.27824335814e-08	-0.000293651577522
1.27865265796e-08	-0.000605986671872
1.27906195779e-08	-0.00085668230895
1.27947125761e-08	-0.00102236300881
1.27988055744e-08	-0.00109823173261
1.28028985727e-08	-0.00109323568176
1.28069915709e-08	-0.00102290831273
1.28110845692e-08	-0.000902194464288
1.28151775675e-08	-0.000740868323192
1.28192705657e-08	-0.000543266163731
1.2823363564e-08	-0.000311042000249
1.28274565623e-08	-4.82549598928e-05
1.28315495605e-08	0.00023440959194
1.28356425588e-08	0.000517896623933
1.28397355571e-08	0.000776259774284
1.28438285553e-08	0.000981623765256
1.28479215536e-08	0.00111002867925
1.28520145519e-08	0.00114709686022
1.28561075501e-08	0.00109111821075
1.28602005484e-08	0.000952897971729
1.28642935467e-08	0.000753191372496
1.28683865449e-08	0.000518084867508
1.28724795432e-08	0.000274929438092
1.28765725414e-08	4.91170583246e-05
1.28806655397e-08	-0.000137510900458
1.2884758538e-08	-0.000266970439043
1.28888515362e-08	-0.000325853683535
1.28929445345e-08	-0.000306330523017
1.28970375328e-08	-0.00020868240972
1.2901130531e-08	-4.39760549398e-05
1.29052235293e-08	0.000164376698194
1.29093165276e-08	0.000381295008992
1.29134095258e-08	0.00056478298211
1.29175025241e-08	0.000673448874295
1.29215955224e-08	0.000676093764923
1.29256885206e-08	0.000560316369956
1.29297815189e-08	0.000337248116921
1.29338745172e-08	4.1156886482e-05
1.29379675154e-08	-0.00027745890111
1.29420605137e-08	-0.000562768716918
1.29461535119e-08	-0.000766276469221
1.29502465102e-08	-0.000857573424582
1.29543395085e-08	-0.000829842043458
1.29584325067e-08	-0.000699596701452
1.2962525505e-08	-0.000500150181324
1.29666185033e-08	-0.000272001072517
1.29707115015e-08	-5.28125801793e-05
1.29748044998e-08	0.000130168999931
1.29788974981e-08	0.000262833522356
1.29829904963e-08	0.000342986979376
1.29870834946e-08	0.000375625117158
1.29911764929e-08	0.000367777050997
1.29952694911e-08	0.000324943903252
1.29993624894e-08	0.00025003328301
1.30034554877e-08	0.000145556623465
1.30075484859e-08	1.66866313975e-05
1.30116414842e-08	-0.000125819830828
1.30157344825e-08	-0.000265029662842
1.30198274807e-08	-0.000380352492357
1.3023920479e-08	-0.000451957715995
1.30280134772e-08	-0.000466473931738
1.30321064755e-08	-0.00042090743591
1.30361994738e-08	-0.000323965574353
1.3040292472e-08	-0.000194015752641
1.30443854703e-08	-5.40533806088e-05
1.30484784686e-08	7.37867148928e-05
1.30525714668e-08	0.000173303547854
1.30566644651e-08	0.000236490008319
1.30607574634e-08	0.000263134910711
1.30648504616e-08	0.000258565010881
1.30689434599e-08	0.000230395122344
1.30730364582e-08	0.000186808572835
1.30771294564e-08	0.000136132159241
1.30812224547e-08	8.82403664946e-05
1.3085315453e-08	5.62543095839e-05
1.30894084512e-08	5.65116242797e-05
1.30935014495e-08	0.000106366866021
1.30975944478e-08	0.000218596815103
1.3101687446e-08	0.000394698312448
1.31057804443e-08	0.000618972793745
1.31098734425e-08	0.000856170452607
1.31139664408e-08	0.00105533180613
1.31180594391e-08	0.00115916048526
1.31221524373e-08	0.00111823952466
1.31262454356e-08	0.000905723281903
1.31303384339e-08	0.000528469197889
1.31344314321e-08	3.11585233703e-05
1.31385244304e-08	-0.00050937485139
1.31426174287e-08	-0.000997922354145
1.31467104269e-08	-0.00134070477361
1.31508034252e-08	-0.0014658928485
1.31548964235e-08	-0.00133983210981
1.31589894217e-08	-0.000975656970695
1.316308242e-08	-0.000431509062764
1.31671754183e-08	0.000199875190447
1.31712684165e-08	0.000808317039628
1.31753614148e-08	0.00128589346423
1.31794544131e-08	0.00154498584743
1.31835474113e-08	0.00153247969865
1.31876404096e-08	0.0012373326972
1.31917334078e-08	0.000692137942679
1.31958264061e-08	-3.14186581818e-05
1.31999194044e-08	-0.00083222338435
1.32040124026e-08	-0.00159286722192
1.32081054009e-08	-0.00219605966413
1.32121983992e-08	-0.00254173931899
1.32162913974e-08	-0.00256370061834
1.32203843957e-08	-0.00224276140216
1.3224477394e-08	-0.00161331376876
1.32285703922e-08	-0.000761668525229
1.32326633905e-08	0.000185979109119
1.32367563888e-08	0.00108390099922
1.3240849387e-08	0.00179283253965
1.32449423853e-08	0.00220642572094
1.32490353836e-08	0.0022717583779
1.32531283818e-08	0.00199992128182
1.32572213801e-08	0.00146283811773
1.32613143783e-08	0.000777656605351
1.32654073766e-08	8.19292672531e-05
1.32695003749e-08	-0.000494822455948
1.32735933731e-08	-0.000855820719153
1.32776863714e-08	-0.00095367191534
1.32817793697e-08	-0.000794877545559
1.32858723679e-08	-0.000432967528468
1.32899653662e-08	4.69566330139e-05
1.32940583645e-08	0.000548236806935
1.32981513627e-08	0.000981365410553
1.3302244361e-08	0.00127869763674
1.33063373593e-08	0.00140226980147
1.33104303575e-08	0.00134510942007
1.33145233558e-08	0.00112769922998
1.33186163541e-08	0.000790829784819
1.33227093523e-08	0.000387808024243
1.33268023506e-08	-2.38748345964e-05
1.33308953489e-08	-0.000390185530705
1.33349883471e-08	-0.000667403724947
1.33390813454e-08	-0.000828376840218
1.33431743436e-08	-0.000866406320711
1.33472673419e-08	-0.000796804968559
1.33513603402e-08	-0.000654143321299
1.33554533384e-08	-0.000485291759105
1.33595463367e-08	-0.000339304344379
1.3363639335e-08	-0.000255481545537
1.33677323332e-08	-0.00025369537434
1.33718253315e-08	-0.000328819947754
1.33759183298e-08	-0.000451921183412
1.3380011328e-08	-0.000578167597268
1.33841043263e-08	-0.000659034965793
1.33881973246e-08	-0.000656303109281
1.33922903228e-08	-0.00055268430151
1.33963833211e-08	-0.000356824579285
1.34004763194e-08	-0.000100805346847
1.34045693176e-08	0.000169109921444
1.34086623159e-08	0.000404812741181
1.34127553142e-08	0.000568953590118
1.34168483124e-08	0.000643064522592
1.34209413107e-08	0.00062981445808
1.34250343089e-08	0.000549182605027
1.34291273072e-08	0.000430033109296
1.34332203055e-08	0.000301200559989
1.34373133037e-08	0.000184058780178
1.3441406302e-08	8.96013971214e-05
1.34454993003e-08	1.98253582084e-05
1.34495922985e-08	-2.81105628801e-05
1.34536852968e-08	-5.6585173752e-05
1.34577782951e-08	-6.45528257337e-05
1.34618712933e-08	-4.71679197744e-05
1.34659642916e-08	1.29467092336e-06
1.34700572899e-08	8.2884801941e-05
1.34741502881e-08	0.000192395853446
1.34782432864e-08	0.000315710436553
1.34823362847e-08	0.000432136050222
1.34864292829e-08	0.000519177803653
1.34905222812e-08	0.000558565941901
1.34946152794e-08	0.000541442099347
1.34987082777e-08	0.000470171980851
1.3502801276e-08	0.000357232111128
1.35068942742e-08	0.000220719028221
1.35109872725e-08	7.90700064499e-05
1.35150802708e-08	-5.31660070919e-05
1.3519173269e-08	-0.000167421748301
1.35232662673e-08	-0.000259764985458
1.35273592656e-08	-0.000328258169247
1.35314522638e-08	-0.000369783017959
1.35355452621e-08	-0.000378736309358
1.35396382604e-08	-0.000348696576111
1.35437312586e-08	-0.000276008588116
1.35478242569e-08	-0.000164769818184
1.35519172552e-08	-2.97231663353e-05
1.35560102534e-08	0.000104115885733
1.35601032517e-08	0.000206170378078
1.356419625e-08	0.00024883385413
1.35682892482e-08	0.000216370086491
1.35723822465e-08	0.000112118980724
1.35764752447e-08	-3.99175607981e-05
1.3580568243e-08	-0.000199832637009
1.35846612413e-08	-0.000322024690831
1.35887542395e-08	-0.000368697294107
1.35928472378e-08	-0.000321491705108
1.35969402361e-08	-0.000188562169569
1.36010332343e-08	-3.79389871341e-06
1.36051262326e-08	0.000181645912562
1.36092192309e-08	0.000312760965244
1.36133122291e-08	0.000346189104675
1.36174052274e-08	0.000262125398876
1.36214982257e-08	7.04102412783e-05
1.36255912239e-08	-0.000191282049855
1.36296842222e-08	-0.00046636056868
1.36337772205e-08	-0.00069199896825
1.36378702187e-08	-0.000813174279756
1.3641963217e-08	-0.000793596555013
1.36460562153e-08	-0.000622319588729
1.36501492135e-08	-0.000315102810418
1.36542422118e-08	8.91234149094e-05
1.365833521e-08	0.000534327555215
1.36624282083e-08	0.000955734831223
1.36665212066e-08	0.0012883270465
1.36706142048e-08	0.00147561114136
1.36747072031e-08	0.00147831868526
1.36788002014e-08	0.00128177414445
1.36828931996e-08	0.000901868756046
1.36869861979e-08	0.000386710089515
1.36910791962e-08	-0.000186852366824
1.36951721944e-08	-0.000723156295862
1.36992651927e-08	-0.00112390422873
1.3703358191e-08	-0.00130720100424
1.37074511892e-08	-0.00122660122724
1.37115441875e-08	-0.000884243978362
1.37156371858e-08	-0.000334662932801
1.3719730184e-08	0.000322823887473
1.37238231823e-08	0.000962954829447
1.37279161805e-08	0.00145968003199
1.37320091788e-08	0.00171299881185
1.37361021771e-08	0.0016701213317
1.37401951753e-08	0.00133619932603
1.37442881736e-08	0.000772480671003
1.37483811719e-08	8.18143530523e-05
1.37524741701e-08	-0.000613436510321
1.37565671684e-08	-0.00119662118232
1.37606601667e-08	-0.00157866712834
1.37647531649e-08	-0.00171220106131
1.37688461632e-08	-0.00159646825341
1.37729391615e-08	-0.00127235456603
1.37770321597e-08	-0.000811163074104
1.3781125158e-08	-0.000299496510706
1.37852181563e-08	0.0001760931018
1.37893111545e-08	0.000542020447028
1.37934041528e-08	0.000747760132072
1.37974971511e-08	0.000771471808548
1.38015901493e-08	0.000622320152615
1.38056831476e-08	0.000338746622219
1.38097761458e-08	-1.73323705894e-05
1.38138691441e-08	-0.000369764466086
1.38179621424e-08	-0.000641330698272
1.38220551406e-08	-0.000768012694607
1.38261481389e-08	-0.000712757668225
1.38302411372e-08	-0.000475111428386
1.38343341354e-08	-9.35391217354e-05
1.38384271337e-08	0.000360301681212
1.3842520132e-08	0.000796093758254
1.38466131302e-08	0.00112424309918
1.38507061285e-08	0.00127631671057
1.38547991268e-08	0.00122127508803
1.3858892125e-08	0.000972625814029
1.38629851233e-08	0.000585510093515
1.38670781216e-08	0.000143245597428
1.38711711198e-08	-0.000262171894065
1.38752641181e-08	-0.00055092007824
1.38793571164e-08	-0.000672497451887
1.38834501146e-08	-0.000614351785771
1.38875431129e-08	-0.000401705176046
1.38916361111e-08	-8.84944856807e-05
1.38957291094e-08	0.000256601697401
1.38998221077e-08	0.000565112793993
1.39039151059e-08	0.000781638387707
1.39080081042e-08	0.000871283031302
1.39121011025e-08	0.000822494963359
1.39161941007e-08	0.0006452785492
1.3920287099e-08	0.000367025233572
1.39243800973e-08	2.77776773601e-05
1.39284730955e-08	-0.00032509418088
1.39325660938e-08	-0.000641575650661
1.39366590921e-08	-0.000874767545611
1.39407520903e-08	-0.000987226630969
1.39448450886e-08	-0.000957626150921
1.39489380869e-08	-0.000786928918387
1.39530310851e-08	-0.000500991031004
1.39571240834e-08	-0.000149016868818
1.39612170817e-08	0.00020407086231
1.39653100799e-08	0.000490044658363
1.39694030782e-08	0.000651860482321
1.39734960764e-08	0.0006574011677
1.39775890747e-08	0.000507471428136
1.3981682073e-08	0.000236662988755
1.39857750712e-08	-9.43071399888e-05
1.39898680695e-08	-0.000412795059674
1.39939610678e-08	-0.00065075173552
1.3998054066e-08	-0.000760215261835
1.40021470643e-08	-0.00072263513357
1.40062400626e-08	-0.000551011617063
1.40103330608e-08	-0.000284460571493
1.40144260591e-08	2.2766246957e-05
1.40185190574e-08	0.000313601361995
1.40226120556e-08	0.000539695873158
1.40267050539e-08	0.000668603486702
1.40307980522e-08	0.000686750710884
1.40348910504e-08	0.000598738992267
1.40389840487e-08	0.000424059169745
1.40430770469e-08	0.000193852743905
1.40471700452e-08	-5.27588315435e-05
1.40512630435e-08	-0.000271842252914
1.40553560417e-08	-0.00041875376337
1.405944904e-08	-0.000454175056802
1.40635420383e-08	-0.000351336690073
1.40676350365e-08	-0.000104504050796
1.40717280348e-08	0.000264834765403
1.40758210331e-08	0.000705931775883
1.40799140313e-08	0.0011432701649
1.40840070296e-08	0.00148860132322
1.40881000279e-08	0.00165781151736
1.40921930261e-08	0.00159027945483
1.40962860244e-08	0.00126482507767
1.41003790227e-08	0.000708372459485
1.41044720209e-08	-5.38850190424e-06
1.41085650192e-08	-0.000768388454162
1.41126580175e-08	-0.00145785486529
1.41167510157e-08	-0.00195999938296
1.4120844014e-08	-0.00219144564471
1.41249370122e-08	-0.00211403422873
1.41290300105e-08	-0.00174072309164
1.41331230088e-08	-0.00113115678687
1.4137216007e-08	-0.000380071080144
1.41413090053e-08	0.000399465214286
1.41454020036e-08	0.00109383970266
1.41494950018e-08	0.00160475431767
1.41535880001e-08	0.00186215773283
1.41576809984e-08	0.00183222854685
1.41617739966e-08	0.00152158291894
1.41658669949e-08	0.000976725095825
1.41699599932e-08	0.000278879202597
1.41740529914e-08	-0.000465549026558
1.41781459897e-08	-0.00113975250133
1.4182238988e-08	-0.00163406148204
1.41863319862e-08	-0.00186501725693
1.41904249845e-08	-0.00179177784594
1.41945179828e-08	-0.00142585351568
1.4198610981e-08	-0.000831760844449
1.42027039793e-08	-0.000116016781249
1.42067969775e-08	0.000592832660914
1.42108899758e-08	0.00117014977877
1.42149829741e-08	0.00152092549251
1.42190759723e-08	0.00159870156494
1.42231689706e-08	0.00141400535358
1.42272619689e-08	0.00102897477336
1.42313549671e-08	0.000540858643944
1.42354479654e-08	5.81384051657e-05
1.42395409637e-08	-0.000324568954966
1.42436339619e-08	-0.000545902617887
1.42477269602e-08	-0.000588261467783
1.42518199585e-08	-0.000476439647173
1.42559129567e-08	-0.000266811734036
1.4260005955e-08	-3.04277821215e-05
1.42640989533e-08	0.000165591421137
1.42681919515e-08	0.000272880050034
1.42722849498e-08	0.000271257042186
1.4276377948e-08	0.000170470568264
1.42804709463e-08	5.73344928512e-06
1.42845639446e-08	-0.00017108571592
1.42886569428e-08	-0.000303121272736
1.42927499411e-08	-0.000339770211212
1.42968429394e-08	-0.000247390447839
1.43009359376e-08	-1.72366790139e-05
1.43050289359e-08	0.000329979655362
1.43091219342e-08	0.000743576907553
1.43132149324e-08	0.00114839258458
1.43173079307e-08	0.0014553044748
1.4321400929e-08	0.00157734315144
1.43254939272e-08	0.00144841925794
1.43295869255e-08	0.00104104971979
1.43336799238e-08	0.000379329481802
1.4337772922e-08	-0.00045820734158
1.43418659203e-08	-0.00134693572181
1.43459589186e-08	-0.00213649286889
1.43500519168e-08	-0.00267932447605
1.43541449151e-08	-0.00286114112532
1.43582379133e-08	-0.00262715283316
1.43623309116e-08	-0.00199630056159
1.43664239099e-08	-0.00106080438854
1.43705169081e-08	3.00710141801e-05
1.43746099064e-08	0.00109846363193
1.43787029047e-08	0.0019715163653
1.43827959029e-08	0.00251379437395
1.43868889012e-08	0.00265037482313
1.43909818995e-08	0.00237737095449
1.43950748977e-08	0.00175836453855
1.4399167896e-08	0.000908586647711
1.44032608943e-08	-2.78142824754e-05
1.44073538925e-08	-0.000903514992387
1.44114468908e-08	-0.00159075437114
1.44155398891e-08	-0.00199857872212
1.44196328873e-08	-0.00208289490547
1.44237258856e-08	-0.0018485977489
1.44278188839e-08	-0.00134578328289
1.44319118821e-08	-0.000659908211674
1.44360048804e-08	0.000101681347587
1.44400978786e-08	0.000825919894851
1.44441908769e-08	0.00141137705941
1.44482838752e-08	0.00178360166319
1.44523768734e-08	0.00190712526091
1.44564698717e-08	0.00179030535219
1.446056287e-08	0.00148217607057
1.44646558682e-08	0.00106111927016
1.44687488665e-08	0.000616750206973
1.44728418648e-08	0.000230058389207
1.4476934863e-08	-4.46554120117e-05
1.44810278613e-08	-0.000190316176486
1.44851208596e-08	-0.000227698626986
1.44892138578e-08	-0.000206128799618
1.44933068561e-08	-0.000186016107364
1.44973998544e-08	-0.000219426705371
1.45014928526e-08	-0.000333105075697
1.45055858509e-08	-0.000519643836014
1.45096788491e-08	-0.000739117000194
1.45137718474e-08	-0.000930022040848
1.45178648457e-08	-0.00102729329956
1.45219578439e-08	-0.000980890959909
1.45260508422e-08	-0.000770835446019
1.45301438405e-08	-0.000414248206653
1.45342368387e-08	3.72652234546e-05
1.4538329837e-08	0.000507835149619
1.45424228353e-08	0.000913305593713
1.45465158335e-08	0.00117761497677
1.45506088318e-08	0.00124680696899
1.45547018301e-08	0.0010980684674
1.45587948283e-08	0.000742439631722
1.45628878266e-08	0.000222917402425
1.45669808249e-08	-0.000392127480154
1.45710738231e-08	-0.00101767869637
1.45751668214e-08	-0.00156253617024
1.45792598197e-08	-0.00194102272508
1.45833528179e-08	-0.00208445561293
1.45874458162e-08	-0.00195268340758
1.45915388144e-08	-0.00154271924112
1.45956318127e-08	-0.00089328919421
1.4599724811e-08	-8.30175808915e-05
1.46038178092e-08	0.000779346832132
1.46079108075e-08	0.00157099278294
1.46120038058e-08	0.00217621977208
1.4616096804e-08	0.00250739579496
1.46201898023e-08	0.00252154667396
1.46242828006e-08	0.00222858913185
1.46283757988e-08	0.00168823370768
1.46324687971e-08	0.000997368166281
1.46365617954e-08	0.000269755468253
1.46406547936e-08	-0.000386068964872
1.46447477919e-08	-0.000885726360139
1.46488407902e-08	-0.00118112461496
1.46529337884e-08	-0.00126284060389
1.46570267867e-08	-0.00115486781579
1.4661119785e-08	-0.000903363943507
1.46652127832e-08	-0.000563907833566
1.46693057815e-08	-0.000190858359929
1.46733987797e-08	0.000169848081896
1.4677491778e-08	0.000482860898046
1.46815847763e-08	0.000723114510038
1.46856777745e-08	0.000874047225807
1.46897707728e-08	0.000926412656554
1.46938637711e-08	0.000878890445165
1.46979567693e-08	0.000738971899409
1.47020497676e-08	0.000524158014741
1.47061427659e-08	0.00026080207499
1.47102357641e-08	-1.94755464236e-05
1.47143287624e-08	-0.000285327141683
1.47184217607e-08	-0.00051237450316
1.47225147589e-08	-0.000687622043188
1.47266077572e-08	-0.000811052595964
1.47307007555e-08	-0.000892626630957
1.47347937537e-08	-0.000945827130636
1.4738886752e-08	-0.000980341967079
1.47429797503e-08	-0.000995651476842
1.47470727485e-08	-0.000979328186077
1.47511657468e-08	-0.000909918941034
1.4755258745e-08	-0.000764431511925
1.47593517433e-08	-0.000528098225914
1.47634447416e-08	-0.000202454999453
1.47675377398e-08	0.000189963640878
1.47716307381e-08	0.000607343965385
1.47757237364e-08	0.00099551074527
1.47798167346e-08	0.00129848150391
1.47839097329e-08	0.00147003878374
1.47880027312e-08	0.00148226930469
1.47920957294e-08	0.00133039483626
1.47961887277e-08	0.00103214523551
1.4800281726e-08	0.000623454561719
1.48043747242e-08	0.000152391119627
1.48084677225e-08	-0.000327429988829
1.48125607208e-08	-0.000761504663387
1.4816653719e-08	-0.00109844563849
1.48207467173e-08	-0.00129314528021
1.48248397155e-08	-0.0013106825063
1.48289327138e-08	-0.00113196108578
1.48330257121e-08	-0.000759582733735
1.48371187103e-08	-0.000223559685764
1.48412117086e-08	0.00041689293721
1.48453047069e-08	0.00107699602086
1.48493977051e-08	0.00165659608319
1.48534907034e-08	0.00205667648697
1.48575837017e-08	0.00219800385821
1.48616766999e-08	0.00203889617114
1.48657696982e-08	0.00158646781347
1.48698626965e-08	0.000898448233784
1.48739556947e-08	7.48049847061e-05
1.4878048693e-08	-0.000760184986575
1.48821416913e-08	-0.00148017177708
1.48862346895e-08	-0.00197947662673
1.48903276878e-08	-0.00219068099977
1.48944206861e-08	-0.0020938309608
1.48985136843e-08	-0.00171682475775
1.49026066826e-08	-0.00112692861148
1.49066996808e-08	-0.000417540377384
1.49107926791e-08	0.000307611084281
1.49148856774e-08	0.000949424262217
1.49189786756e-08	0.0014253934205
1.49230716739e-08	0.00167878679349
1.49271646722e-08	0.00168369141466
1.49312576704e-08	0.00144745063153
1.49353506687e-08	0.00100963038858
1.4939443667e-08	0.000437316048192
1.49435366652e-08	-0.000182983064406
1.49476296635e-08	-0.000757868067012
1.49517226618e-08	-0.00120145690744
1.495581566e-08	-0.0014504609062
1.49599086583e-08	-0.00147623400699
1.49640016566e-08	-0.00129038367595
1.49680946548e-08	-0.000942780978221
1.49721876531e-08	-0.000510428617417
1.49762806514e-08	-8.06059888419e-05
1.49803736496e-08	0.000268585219601
1.49844666479e-08	0.000485259097331
1.49885596461e-08	0.000553406178369
1.49926526444e-08	0.000493895397085
1.49967456427e-08	0.000355535759809
1.50008386409e-08	0.000200059248527
1.50049316392e-08	8.49072735036e-05
1.50090246375e-08	4.83805220028e-05
1.50131176357e-08	0.000101816904134
1.5017210634e-08	0.000229051021961
1.50213036323e-08	0.000393690050259
1.50253966305e-08	0.000550551703782
1.50294896288e-08	0.000657790984405
1.50335826271e-08	0.000686982788466
1.50376756253e-08	0.000627914596407
1.50417686236e-08	0.000489127702167
1.50458616219e-08	0.000294114459393
1.50499546201e-08	7.55998430577e-05
1.50540476184e-08	-0.000130112834086
1.50581406166e-08	-0.000288577855827
1.50622336149e-08	-0.000370872556232
1.50663266132e-08	-0.000357260314559
1.50704196114e-08	-0.000240366733124
1.50745126097e-08	-2.80303895579e-05
1.5078605608e-08	0.00025439462479
1.50826986062e-08	0.000564804879104
1.50867916045e-08	0.000848039097036
1.50908846028e-08	0.00104418509727
1.5094977601e-08	0.00110002182919
1.50990705993e-08	0.000981143275567
1.51031635976e-08	0.000682475114445
1.51072565958e-08	0.000232668753597
1.51113495941e-08	-0.000308273849441
1.51154425924e-08	-0.000859208659676
1.51195355906e-08	-0.00133357566665
1.51236285889e-08	-0.00165636850579
1.51277215872e-08	-0.00177921549766
1.51318145854e-08	-0.00168854475487
1.51359075837e-08	-0.0014062655755
1.51400005819e-08	-0.000982794976153
1.51440935802e-08	-0.000484772350319
1.51481865785e-08	1.80522574738e-05
1.51522795767e-08	0.000464630837087
1.5156372575e-08	0.000809450073575
1.51604655733e-08	0.00102485392563
1.51645585715e-08	0.0010997288482
1.51686515698e-08	0.00103611427039
1.51727445681e-08	0.000846963717777
1.51768375663e-08	0.000554746708076
1.51809305646e-08	0.000191921108126
1.51850235629e-08	-0.000198764008019
1.51891165611e-08	-0.000566085123864
1.51932095594e-08	-0.000854729893035
1.51973025577e-08	-0.00101371402707
1.52013955559e-08	-0.00100601340091
1.52054885542e-08	-0.000817868589365
1.52095815525e-08	-0.00046459591249
1.52136745507e-08	9.75442242179e-06
1.5217767549e-08	0.000538360924111
1.52218605472e-08	0.00104345578438
1.52259535455e-08	0.00145005891682
1.52300465438e-08	0.00169901041954
1.5234139542e-08	0.00175647171272
1.52382325403e-08	0.00161738270253
1.52423255386e-08	0.00130417820037
1.52464185368e-08	0.000860690393893
1.52505115351e-08	0.000344362782926
1.52546045334e-08	-0.000181606867955
1.52586975316e-08	-0.000655480642308
1.52627905299e-08	-0.00102219720429
1.52668835282e-08	-0.00123854917911
1.52709765264e-08	-0.00127761952172
1.52750695247e-08	-0.00113328747102
1.5279162523e-08	-0.000824035225378
1.52832555212e-08	-0.000393651120248
1.52873485195e-08	9.15306432034e-05
1.52914415178e-08	0.000551291683223
1.5295534516e-08	0.000904550550331
1.52996275143e-08	0.00108491060382
1.53037205125e-08	0.00105561476084
1.53078135108e-08	0.000818782275019
1.53119065091e-08	0.000417252511397
1.53159995073e-08	-7.34570771783e-05
1.53200925056e-08	-0.000560932341614
1.53241855039e-08	-0.000955665731453
1.53282785021e-08	-0.00119068254571
1.53323715004e-08	-0.00123474113207
1.53364644987e-08	-0.00109723371861
1.53405574969e-08	-0.000822864560178
1.53446504952e-08	-0.000478386715258
1.53487434935e-08	-0.000135724118081
1.53528364917e-08	0.000144958948113
1.535692949e-08	0.000326704721374
1.53610224883e-08	0.000400726632506
1.53651154865e-08	0.000383907605283
1.53692084848e-08	0.000310589100991
1.5373301483e-08	0.000222297143409
1.53773944813e-08	0.000157001029947
1.53814874796e-08	0.000141556494782
1.53855804778e-08	0.000187192086742
1.53896734761e-08	0.000288399698547
1.53937664744e-08	0.000424914956966
1.53978594726e-08	0.00056490838324
1.54019524709e-08	0.000670376430207
1.54060454692e-08	0.000703188994521
1.54101384674e-08	0.000632463274087
1.54142314657e-08	0.00044260967843
1.5418324464e-08	0.000139943769682
1.54224174622e-08	-0.000242781487032
1.54265104605e-08	-0.000647513006697
1.54306034588e-08	-0.000997942312097
1.5434696457e-08	-0.00121282623149
1.54387894553e-08	-0.0012238907002
1.54428824536e-08	-0.000993405396002
1.54469754518e-08	-0.000528189615579
1.54510684501e-08	0.000115629878565
1.54551614483e-08	0.000838713269331
1.54592544466e-08	0.00151522828673
1.54633474449e-08	0.00201770282001
1.54674404431e-08	0.00224318659457
1.54715334414e-08	0.00213594074012
1.54756264397e-08	0.00170007236011
1.54797194379e-08	0.000999614974717
1.54838124362e-08	0.000146511910316
1.54879054345e-08	-0.000721451782738
1.54919984327e-08	-0.00146615919948
1.5496091431e-08	-0.00197385711363
1.55001844293e-08	-0.00217335796333
1.55042774275e-08	-0.00204508198658
1.55083704258e-08	-0.00162113952683
1.55124634241e-08	-0.000976592760708
1.55165564223e-08	-0.0002159961914
1.55206494206e-08	0.000543180070963
1.55247424189e-08	0.00118727819063
1.55288354171e-08	0.00162132026162
1.55329284154e-08	0.00178186382982
1.55370214136e-08	0.00164538802346
1.55411144119e-08	0.00123261423869
1.55452074102e-08	0.000606759273069
1.55493004084e-08	-0.00013479815334
1.55533934067e-08	-0.000874546531122
1.5557486405e-08	-0.00149426235294
1.55615794032e-08	-0.00189524161397
1.55656724015e-08	-0.00201651873067
1.55697653998e-08	-0.00184634291509
1.5573858398e-08	-0.00142365129432
1.55779513963e-08	-0.00082969795767
1.55820443946e-08	-0.000170129449543
1.55861373928e-08	0.000446978061518
1.55902303911e-08	0.000932758171984
1.55943233894e-08	0.00123354435345
1.55984163876e-08	0.00133709683723
1.56025093859e-08	0.00126947935496
1.56066023841e-08	0.00108295815153
1.56106953824e-08	0.000840117310872
1.56147883807e-08	0.000598236565565
1.56188813789e-08	0.000397699743189
1.56229743772e-08	0.000257599660472
1.56270673755e-08	0.000177040690687
1.56311603737e-08	0.000141667357639
1.5635253372e-08	0.000131511716063
1.56393463703e-08	0.000127662430714
1.56434393685e-08	0.000116688586786
1.56475323668e-08	9.13162671168e-05
1.56516253651e-08	4.98360850543e-05
1.56557183633e-08	-5.58594288691e-06
1.56598113616e-08	-6.98457811268e-05
1.56639043599e-08	-0.0001345834944
1.56679973581e-08	-0.000188191342204
1.56720903564e-08	-0.000215865293285
1.56761833547e-08	-0.000202184612135
1.56802763529e-08	-0.000135371476063
1.56843693512e-08	-1.25476749417e-05
1.56884623494e-08	0.000155323938998
1.56925553477e-08	0.000342217324942
1.5696648346e-08	0.000509531688294
1.57007413442e-08	0.000613736960076
1.57048343425e-08	0.000616939378233
1.57089273408e-08	0.000497361772432
1.5713020339e-08	0.000257390389379
1.57171133373e-08	-7.48594457036e-05
1.57212063356e-08	-0.000449945036962
1.57252993338e-08	-0.000807471609733
1.57293923321e-08	-0.00108933876618
1.57334853304e-08	-0.00125166829093
1.57375783286e-08	-0.00127337079175
1.57416713269e-08	-0.00115794180601
1.57457643252e-08	-0.000929891342821
1.57498573234e-08	-0.000626921635558
1.57539503217e-08	-0.000290577745545
1.575804332e-08	4.09195115481e-05
1.57621363182e-08	0.000337372875947
1.57662293165e-08	0.000577126662392
1.57703223147e-08	0.00074568708078
1.5774415313e-08	0.0008340159402
1.57785083113e-08	0.000837621511891
1.57826013095e-08	0.000758340735047
1.57866943078e-08	0.00060658644361
1.57907873061e-08	0.000403726000513
1.57948803043e-08	0.000181886099199
1.57989733026e-08	-2.01669307671e-05
1.58030663009e-08	-0.000163995867297
1.58071592991e-08	-0.000221046893785
1.58112522974e-08	-0.000180465344783
1.58153452957e-08	-5.33962017926e-05
1.58194382939e-08	0.000128488864902
1.58235312922e-08	0.000320851726428
1.58276242905e-08	0.000477816658531
1.58317172887e-08	0.000564584403037
1.5835810287e-08	0.000566431270272
1.58399032852e-08	0.000492038776429
1.58439962835e-08	0.000370213834685
1.58480892818e-08	0.000240260127612
1.585218228e-08	0.00014036459288
1.58562752783e-08	9.61473169809e-05
1.58603682766e-08	0.000113747740215
1.58644612748e-08	0.000178836275154
1.58685542731e-08	0.000260920838627
1.58726472714e-08	0.000322339321428
1.58767402696e-08	0.000327639341776
1.58808332679e-08	0.000252085515967
1.58849262662e-08	8.673307957e-05
1.58890192644e-08	-0.000160430811775
1.58931122627e-08	-0.000465728855488
1.5897205261e-08	-0.000793637860625
1.59012982592e-08	-0.00110061251326
1.59053912575e-08	-0.00133959919185
1.59094842558e-08	-0.00146505499288
1.5913577254e-08	-0.00143852059409
1.59176702523e-08	-0.00123612545576
1.59217632505e-08	-0.000855758524267
1.59258562488e-08	-0.000323531705362
1.59299492471e-08	0.000303749849991
1.59340422453e-08	0.000942443475651
1.59381352436e-08	0.00149249652168
1.59422282419e-08	0.0018550115492
1.59463212401e-08	0.00195234092826
1.59504142384e-08	0.00174720326322
1.59545072367e-08	0.00125529010984
1.59586002349e-08	0.000546934767044
1.59626932332e-08	-0.000262538467723
1.59667862315e-08	-0.00103381727968
1.59708792297e-08	-0.0016301706346
1.5974972228e-08	-0.0019443785277
1.59790652263e-08	-0.00191985067795
1.59831582245e-08	-0.00156051421072
1.59872512228e-08	-0.000929017893213
1.59913442211e-08	-0.000132867279717
1.59954372193e-08	0.000696642975527
1.59995302176e-08	0.0014282033153
1.60036232158e-08	0.00195248806267
1.60077162141e-08	0.00219757757441
1.60118092124e-08	0.00213753167191
1.60159022106e-08	0.00179263358586
1.60199952089e-08	0.00122342742543
1.60240882072e-08	0.000520249668625
1.60281812054e-08	-0.000210794149098
1.60322742037e-08	-0.000862507506099
1.6036367202e-08	-0.00134214113496
1.60404602002e-08	-0.00158503098646
1.60445531985e-08	-0.00156499455625
1.60486461968e-08	-0.00129978191399
1.6052739195e-08	-0.000848655821756
1.60568321933e-08	-0.000302886819554
1.60609251916e-08	0.000231408990658
1.60650181898e-08	0.000654303283227
1.60691111881e-08	0.000892656527867
1.60732041864e-08	0.000916078468435
1.60772971846e-08	0.000742683747376
1.60813901829e-08	0.000434191642853
1.60854831811e-08	7.99850467956e-05
1.60895761794e-08	-0.000225524307098
1.60936691777e-08	-0.000406151946663
1.60977621759e-08	-0.000422819695814
1.61018551742e-08	-0.000281746823021
1.61059481725e-08	-3.14253600209e-05
1.61100411707e-08	0.000251364588621
1.6114134169e-08	0.000482313145767
1.61182271673e-08	0.000590756102611
1.61223201655e-08	0.000537144504051
1.61264131638e-08	0.000321298221024
1.61305061621e-08	-1.86319520026e-05
1.61345991603e-08	-0.000415858441556
1.61386921586e-08	-0.00079044400627
1.61427851569e-08	-0.00106551755744
1.61468781551e-08	-0.00118219239812
1.61509711534e-08	-0.00110926698108
1.61550641516e-08	-0.000847769959364
1.61591571499e-08	-0.000430421492638
1.61632501482e-08	8.38054806991e-05
1.61673431464e-08	0.000617629961198
1.61714361447e-08	0.0010866389639
1.6175529143e-08	0.00141154556331
1.61796221412e-08	0.0015310759045
1.61837151395e-08	0.00141411097866
1.61878081378e-08	0.00106778391637
1.6191901136e-08	0.000540666358575
1.61959941343e-08	-8.2348354681e-05
1.62000871326e-08	-0.000692887013429
1.62041801308e-08	-0.00117832013348
1.62082731291e-08	-0.00144446884951
1.62123661274e-08	-0.00143548139022
1.62164591256e-08	-0.0011474209532
1.62205521239e-08	-0.000630494323559
1.62246451222e-08	2.05679541523e-05
1.62287381204e-08	0.000685850078298
1.62328311187e-08	0.0012457541161
1.62369241169e-08	0.00160508874978
1.62410171152e-08	0.00171145323839
1.62451101135e-08	0.00156285971752
1.62492031117e-08	0.00120373454411
1.625329611e-08	0.000711829605279
1.62573891083e-08	0.00017889074752
1.62614821065e-08	-0.000308256147036
1.62655751048e-08	-0.000683123711497
1.62696681031e-08	-0.000908078814973
1.62737611013e-08	-0.000975318369456
1.62778540996e-08	-0.000902753963601
1.62819470979e-08	-0.000725792058802
1.62860400961e-08	-0.000489104098961
1.62901330944e-08	-0.000239024815528
1.62942260927e-08	-1.7540921931e-05
1.62983190909e-08	0.000141752336276
1.63024120892e-08	0.0002175529753
1.63065050875e-08	0.00020320249314
1.63105980857e-08	0.000108464250843
1.6314691084e-08	-4.09778958783e-05
1.63187840822e-08	-0.0002073835185
1.63228770805e-08	-0.000347489070919
1.63269700788e-08	-0.000422361757956
1.6331063077e-08	-0.00040691702452
1.63351560753e-08	-0.000297466871416
1.63392490736e-08	-0.000114373649922
1.63433420718e-08	0.000102147356301
1.63474350701e-08	0.000301319112623
1.63515280684e-08	0.000435414378444
1.63556210666e-08	0.000472567004181
1.63597140649e-08	0.000405716262321
1.63638070632e-08	0.000255019758697
1.63679000614e-08	6.20566006546e-05
1.63719930597e-08	-0.000121075867355
1.6376086058e-08	-0.000245963334237
1.63801790562e-08	-0.000280110132735
1.63842720545e-08	-0.000214128072912
1.63883650527e-08	-6.26776977697e-05
1.6392458051e-08	0.000141668824654
1.63965510493e-08	0.000357700271707
1.64006440475e-08	0.00054613753673
1.64047370458e-08	0.000677639796777
1.64088300441e-08	0.000736366375349
1.64129230423e-08	0.000719921299606
1.64170160406e-08	0.000635561496892
1.64211090389e-08	0.000496384931466
1.64252020371e-08	0.000318186130244
1.64292950354e-08	0.000118247332466
1.64333880337e-08	-8.38608389131e-05
1.64374810319e-08	-0.000266135737547
1.64415740302e-08	-0.00040464732956
1.64456670285e-08	-0.000477101650176
1.64497600267e-08	-0.000468301019282
1.6453853025e-08	-0.000375848805561
1.64579460233e-08	-0.000214634192162
1.64620390215e-08	-1.64142315953e-05
1.64661320198e-08	0.000174941678779
1.6470225018e-08	0.000313076319799
1.64743180163e-08	0.000360825904863
1.64784110146e-08	0.000300134168356
1.64825040128e-08	0.000138214260005
1.64865970111e-08	-9.3619956715e-05
1.64906900094e-08	-0.000346966429788
1.64947830076e-08	-0.000568052142626
1.64988760059e-08	-0.000710783824616
1.65029690042e-08	-0.000746658217395
1.65070620024e-08	-0.000670357625495
1.65111550007e-08	-0.000498506957229
1.6515247999e-08	-0.000263827567323
1.65193409972e-08	-6.59018445504e-06
1.65234339955e-08	0.000234269829889
1.65275269938e-08	0.000426948823588
1.6531619992e-08	0.000550170003407
1.65357129903e-08	0.000593152763031
1.65398059886e-08	0.000554460795684
1.65438989868e-08	0.000441199896159
1.65479919851e-08	0.000268534322458
1.65520849833e-08	6.06932649134e-05
1.65561779816e-08	-0.000149418236106
1.65602709799e-08	-0.000322331394273
1.65643639781e-08	-0.000417385257606
1.65684569764e-08	-0.000401500412408
1.65725499747e-08	-0.000258367779679
1.65766429729e-08	3.25449383354e-06
1.65807359712e-08	0.000346714707121
1.65848289695e-08	0.000711254011549
1.65889219677e-08	0.00102262739529
1.6593014966e-08	0.00120929822151
1.65971079643e-08	0.00121889417642
1.66012009625e-08	0.00103201582533
1.66052939608e-08	0.000668314227369
1.66093869591e-08	0.000183499637387
1.66134799573e-08	-0.000341676530297
1.66175729556e-08	-0.000818684027763
1.66216659538e-08	-0.00116878126573
1.66257589521e-08	-0.00133805439691
1.66298519504e-08	-0.00130583196733
1.66339449486e-08	-0.00108543724491
1.66380379469e-08	-0.000718994015187
1.66421309452e-08	-0.000267204693955
1.66462239434e-08	0.000201430631932
1.66503169417e-08	0.000620926610281
1.665440994e-08	0.000935812291573
1.66585029382e-08	0.00110631604184
1.66625959365e-08	0.00111238928366
1.66666889348e-08	0.000955476163654
1.6670781933e-08	0.000659549030388
1.66748749313e-08	0.000269732054221
1.66789679296e-08	-0.000152343119225
1.66830609278e-08	-0.000536327170266
1.66871539261e-08	-0.000815116560261
1.66912469244e-08	-0.000937567630899
1.66953399226e-08	-0.000880346793565
1.66994329209e-08	-0.000654968749586
1.67035259191e-08	-0.000307111966322
1.67076189174e-08	9.15046061891e-05
1.67117119157e-08	0.000458813970909
1.67158049139e-08	0.000720529773389
1.67198979122e-08	0.000827010939247
1.67239909105e-08	0.00076419247489
1.67280839087e-08	0.000554991980607
1.6732176907e-08	0.000252297726547
1.67362699053e-08	-7.57849420552e-05
1.67403629035e-08	-0.000362846792996
1.67444559018e-08	-0.00055913542019
1.67485489001e-08	-0.000641012589767
1.67526418983e-08	-0.000612001829722
1.67567348966e-08	-0.000497646291478
1.67608278949e-08	-0.000335192802595
1.67649208931e-08	-0.000162692767844
1.67690138914e-08	-1.05182881498e-05
1.67731068897e-08	0.000103517762909
1.67771998879e-08	0.000173858416019
1.67812928862e-08	0.000204657228096
1.67853858844e-08	0.000205579963222
1.67894788827e-08	0.000188387693925
1.6793571881e-08	0.000165392201779
1.67976648792e-08	0.00014844974703
1.68017578775e-08	0.00014908646699
1.68058508758e-08	0.000177089592398
1.6809943874e-08	0.000238200902459
1.68140368723e-08	0.00033119307227
1.68181298706e-08	0.00044502981109
1.68222228688e-08	0.000559127398446
1.68263158671e-08	0.000646138094453
1.68304088654e-08	0.000678530934238
1.68345018636e-08	0.000636713331915
1.68385948619e-08	0.00051593295575
1.68426878602e-08	0.000330326573021
1.68467808584e-08	0.000110753695481
1.68508738567e-08	-0.000102064516796
1.6854966855e-08	-0.000268389241683
1.68590598532e-08	-0.000360762462151
1.68631528515e-08	-0.00037152715413
1.68672458497e-08	-0.000315243960358
1.6871338848e-08	-0.000223553795877
1.68754318463e-08	-0.000135351428071
1.68795248445e-08	-8.47478645483e-05
1.68836178428e-08	-9.05775364117e-05
1.68877108411e-08	-0.000151747123709
1.68918038393e-08	-0.000248360785918
1.68958968376e-08	-0.000349469743014
1.68999898359e-08	-0.000423596364271
1.69040828341e-08	-0.000448695860541
1.69081758324e-08	-0.000418847012043
1.69122688307e-08	-0.000344495983882
1.69163618289e-08	-0.000248098220254
1.69204548272e-08	-0.000155750824888
1.69245478255e-08	-8.86222273948e-05
1.69286408237e-08	-5.71918390051e-05
1.6932733822e-08	-5.90164249843e-05
1.69368268202e-08	-8.16182841845e-05
1.69409198185e-08	-0.000107411752651
1.69450128168e-08	-0.000119564695524
1.6949105815e-08	-0.00010634089449
1.69531988133e-08	-6.22206166554e-05
1.69572918116e-08	1.26962261788e-05
1.69613848098e-08	0.000115391093459
1.69654778081e-08	0.000241635319981
1.69695708064e-08	0.000386309497117
1.69736638046e-08	0.000542264930118
1.69777568029e-08	0.000697716146533
1.69818498012e-08	0.000835350714624
1.69859427994e-08	0.000933071176405
1.69900357977e-08	0.000968175729213
1.6994128796e-08	0.00092383257288
1.69982217942e-08	0.00079530205403
1.70023147925e-08	0.000594627425016
1.70064077908e-08	0.000350038397301
1.7010500789e-08	0.000100784791357
1.70145937873e-08	-0.000112325630653
1.70186867855e-08	-0.00025803423523
1.70227797838e-08	-0.000322959487676
1.70268727821e-08	-0.000315642544592
1.70309657803e-08	-0.000263248595729
1.70350587786e-08	-0.000202851340873
1.70391517769e-08	-0.000169629062839
1.70432447751e-08	-0.000185310431334
1.70473377734e-08	-0.000251804585787
1.70514307717e-08	-0.000350593752955
1.70555237699e-08	-0.000449366190878
1.70596167682e-08	-0.000512850630912
1.70637097665e-08	-0.000514216262673
1.70678027647e-08	-0.000444193203293
1.7071895763e-08	-0.000313747801556
1.70759887613e-08	-0.000151210272634
1.70800817595e-08	6.0291309012e-06
1.70841747578e-08	0.000122006730635
1.70882677561e-08	0.000171142927684
1.70923607543e-08	0.000144389844536
1.70964537526e-08	4.98449444422e-05
1.71005467508e-08	-9.01688358681e-05
1.71046397491e-08	-0.000244773680606
1.71087327474e-08	-0.000380949073588
1.71128257456e-08	-0.000468249567348
1.71169187439e-08	-0.000482733386889
1.71210117422e-08	-0.00040882034591
1.71251047404e-08	-0.000241138752244
1.71291977387e-08	1.35053709869e-05
1.7133290737e-08	0.000334626656695
1.71373837352e-08	0.000686797004164
1.71414767335e-08	0.00102173579944
1.71455697318e-08	0.00128347222926
1.714966273e-08	0.00141765661829
1.71537557283e-08	0.00138361967402
1.71578487266e-08	0.00116552126565
1.71619417248e-08	0.000780587572081
1.71660347231e-08	0.000279762589344
1.71701277213e-08	-0.00025937493956
1.71742207196e-08	-0.000747046011384
1.71783137179e-08	-0.00110028019117
1.71824067161e-08	-0.001260607125
1.71864997144e-08	-0.00120726061141
1.71905927127e-08	-0.000960928024142
1.71946857109e-08	-0.000577973678446
1.71987787092e-08	-0.000136794887112
1.72028717075e-08	0.000280628664768
1.72069647057e-08	0.00060568407207
1.7211057704e-08	0.000795922293037
1.72151507023e-08	0.000839867796458
1.72192437005e-08	0.000754195767513
1.72233366988e-08	0.000575584715989
1.72274296971e-08	0.000349235573594
1.72315226953e-08	0.000118944514725
1.72356156936e-08	-8.04983487797e-05
1.72397086919e-08	-0.000226751986702
1.72438016901e-08	-0.000309867073156
1.72478946884e-08	-0.000330881879563
1.72519876866e-08	-0.000298992767057
1.72560806849e-08	-0.000229738661801
1.72601736832e-08	-0.000142837333442
1.72642666814e-08	-5.968166397e-05
1.72683596797e-08	-2.76265353705e-07
1.7272452678e-08	2.15236901795e-05
1.72765456762e-08	1.94100641693e-06
1.72806386745e-08	-4.96520724482e-05
1.72847316728e-08	-0.000111203223241
1.7288824671e-08	-0.000152774603521
1.72929176693e-08	-0.000144451864799
1.72970106676e-08	-6.68393740852e-05
1.73011036658e-08	8.05786221463e-05
1.73051966641e-08	0.000275024422081
1.73092896624e-08	0.000472733303468
1.73133826606e-08	0.000618503869191
1.73174756589e-08	0.000659341167193
1.73215686572e-08	0.000560043059522
1.73256616554e-08	0.000314729853926
1.73297546537e-08	-4.82970117446e-05
1.73338476519e-08	-0.000470278802823
1.73379406502e-08	-0.000874233126524
1.73420336485e-08	-0.00118117492821
1.73461266467e-08	-0.00132758203836
1.7350219645e-08	-0.0012783668426
1.73543126433e-08	-0.0010330185105
1.73584056415e-08	-0.00062430826074
1.73624986398e-08	-0.000109758459075
1.73665916381e-08	0.000439705130702
1.73706846363e-08	0.000952267830144
1.73747776346e-08	0.00136520691012
1.73788706329e-08	0.00163128724671
1.73829636311e-08	0.00172236318758
1.73870566294e-08	0.00162982539041
1.73911496277e-08	0.00136474421743
1.73952426259e-08	0.000956936695729
1.73993356242e-08	0.000453435146483
1.74034286225e-08	-8.43492143758e-05
1.74075216207e-08	-0.000586835070862
1.7411614619e-08	-0.000984592152236
1.74157076172e-08	-0.00121954246424
1.74198006155e-08	-0.00125583898625
1.74238936138e-08	-0.00108792855463
1.7427986612e-08	-0.000743863551179
1.74320796103e-08	-0.000281060798443
1.74361726086e-08	0.00022345398429
1.74402656068e-08	0.000687558516802
1.74443586051e-08	0.00103912289342
1.74484516034e-08	0.00122789209126
1.74525446016e-08	0.00123253160564
1.74566375999e-08	0.00106030773168
1.74607305982e-08	0.000741986466892
1.74648235964e-08	0.00032318655758
1.74689165947e-08	-0.000144644295688
1.7473009593e-08	-0.000610716881056
1.74771025912e-08	-0.00102922991209
1.74811955895e-08	-0.00136036871845
1.74852885877e-08	-0.00157094211318
1.7489381586e-08	-0.00163558211352
1.74934745843e-08	-0.00153934623813
1.74975675825e-08	-0.00128244060761
1.75016605808e-08	-0.000883942921064
1.75057535791e-08	-0.000383940900065
1.75098465773e-08	0.000159020206411
1.75139395756e-08	0.000675558872899
1.75180325739e-08	0.0010965885449
1.75221255721e-08	0.00136675628892
1.75262185704e-08	0.00145513933967
1.75303115687e-08	0.00136157926318
1.75344045669e-08	0.00111605446727
1.75384975652e-08	0.000771150575019
1.75425905635e-08	0.000390680193959
1.75466835617e-08	3.61451222943e-05
1.755077656e-08	-0.000243927017436
1.75548695583e-08	-0.000420536660386
1.75589625565e-08	-0.000485467102408
1.75630555548e-08	-0.000447563663329
1.7567148553e-08	-0.000327409927195
1.75712415513e-08	-0.00015104004342
1.75753345496e-08	5.41303911632e-05
1.75794275478e-08	0.000261464754658
1.75835205461e-08	0.000446055488283
1.75876135444e-08	0.000584780944337
1.75917065426e-08	0.000658198678138
1.75957995409e-08	0.00065303080919
1.75998925392e-08	0.000565809838008
1.76039855374e-08	0.000405779912398
1.76080785357e-08	0.000194864487639
1.7612171534e-08	-3.5032966025e-05
1.76162645322e-08	-0.00024886090614
1.76203575305e-08	-0.000416321257944
1.76244505288e-08	-0.000519237612025
1.7628543527e-08	-0.00055591158889
1.76326365253e-08	-0.000539933742402
1.76367295236e-08	-0.00049499801753
1.76408225218e-08	-0.000445797875727
1.76449155201e-08	-0.000409181204304
1.76490085183e-08	-0.000388233245758
1.76531015166e-08	-0.000370992849639
1.76571945149e-08	-0.000335537515639
1.76612875131e-08	-0.000258286094322
1.76653805114e-08	-0.000124100488392
1.76694735097e-08	6.6106903887e-05
1.76735665079e-08	0.000292914246529
1.76776595062e-08	0.000521194051544
1.76817525045e-08	0.000708761832357
1.76858455027e-08	0.000816668143671
1.7689938501e-08	0.000819191365736
1.76940314993e-08	0.000710228712705
1.76981244975e-08	0.000504125986481
1.77022174958e-08	0.000232374635743
1.77063104941e-08	-6.38694009467e-05
1.77104034923e-08	-0.000341575991115
1.77144964906e-08	-0.000562723133044
1.77185894888e-08	-0.000698981293681
1.77226824871e-08	-0.000733223063435
1.77267754854e-08	-0.000660188346956
1.77308684836e-08	-0.000485763914185
1.77349614819e-08	-0.000226940645007
1.77390544802e-08	8.81161263351e-05
1.77431474784e-08	0.000421137290687
1.77472404767e-08	0.00072591940625
1.7751333475e-08	0.000954081551754
1.77554264732e-08	0.00106271757249
1.77595194715e-08	0.00102353097463
1.77636124698e-08	0.000831024131912
1.7767705468e-08	0.000506293665239
1.77717984663e-08	9.6020019555e-05
1.77758914646e-08	-0.000335440350682
1.77799844628e-08	-0.000718128481822
1.77840774611e-08	-0.000990372922388
1.77881704594e-08	-0.00111129862489
1.77922634576e-08	-0.00106764429074
1.77963564559e-08	-0.000874865887454
1.78004494541e-08	-0.000571228636545
1.78045424524e-08	-0.000207952070923
1.78086354507e-08	0.000161641276463
1.78127284489e-08	0.000491747916385
1.78168214472e-08	0.000749011829612
1.78209144455e-08	0.000914033182198
1.78250074437e-08	0.00097919095424
1.7829100442e-08	0.000945366737142
1.78331934403e-08	0.000819834895083
1.78372864385e-08	0.000615224911598
1.78413794368e-08	0.000350978456481
1.78454724351e-08	5.44015933883e-05
1.78495654333e-08	-0.00023944475106
1.78536584316e-08	-0.000490545848152
1.78577514299e-08	-0.00066043883271
1.78618444281e-08	-0.000719811581803
1.78659374264e-08	-0.000656605487166
1.78700304247e-08	-0.000480665552459
1.78741234229e-08	-0.000223618706514
1.78782164212e-08	6.62746424496e-05
1.78823094194e-08	0.000334307751473
1.78864024177e-08	0.000530439370777
1.7890495416e-08	0.000619873437245
1.78945884142e-08	0.000589421386394
1.78986814125e-08	0.000448470898846
1.79027744108e-08	0.000225513604164
1.7906867409e-08	-3.95945482978e-05
1.79109604073e-08	-0.000303652124785
1.79150534056e-08	-0.000527642321686
1.79191464038e-08	-0.000681757774146
1.79232394021e-08	-0.000747438287362
1.79273324004e-08	-0.000718210136256
1.79314253986e-08	-0.000598748494667
1.79355183969e-08	-0.000404517104471
1.79396113952e-08	-0.000160940146088
1.79437043934e-08	9.83200407063e-05
1.79477973917e-08	0.00033424191497
1.79518903899e-08	0.000508485623868
1.79559833882e-08	0.00059058322222
1.79600763865e-08	0.000566184658965
1.79641693847e-08	0.00044326511852
1.7968262383e-08	0.000253570049608
1.79723553813e-08	4.87117199555e-05
1.79764483795e-08	-0.000110689701614
1.79805413778e-08	-0.000169257081325
1.79846343761e-08	-9.20589313864e-05
1.79887273743e-08	0.000123711378365
1.79928203726e-08	0.000444818440883
1.79969133709e-08	0.000806237927463
1.80010063691e-08	0.00112461265962
1.80050993674e-08	0.00131649879768
1.80091923657e-08	0.00131764174876
1.80132853639e-08	0.00109871123277
1.80173783622e-08	0.000672762645991
1.80214713605e-08	9.43435261433e-05
1.80255643587e-08	-0.000550724405912
1.8029657357e-08	-0.0011611516602
1.80337503552e-08	-0.00163822900504
1.80378433535e-08	-0.00190307742741
1.80419363518e-08	-0.00190890021622
1.804602935e-08	-0.00164834552561
1.80501223483e-08	-0.00115420427028
1.80542153466e-08	-0.000494755135151
1.80583083448e-08	0.00023512910775
1.80624013431e-08	0.000927074383071
1.80664943414e-08	0.00147377950634
1.80705873396e-08	0.001785323082
1.80746803379e-08	0.00180416351941
1.80787733362e-08	0.00151679238479
1.80828663344e-08	0.000960026962275
1.80869593327e-08	0.000218387847781
1.8091052331e-08	-0.000586746456975
1.80951453292e-08	-0.00131678191974
1.80992383275e-08	-0.00184052735858
1.81033313258e-08	-0.00205894268584
1.8107424324e-08	-0.00192560054711
1.81115173223e-08	-0.0014565434758
1.81156103205e-08	-0.000728457682271
1.81197033188e-08	0.000135917144689
1.81237963171e-08	0.000991678680293
1.81278893153e-08	0.00169913313584
1.81319823136e-08	0.00214986231003
1.81360753119e-08	0.00228445850371
1.81401683101e-08	0.00210010822047
1.81442613084e-08	0.00164658304129
1.81483543067e-08	0.00101257654023
1.81524473049e-08	0.000307156988129
1.81565403032e-08	-0.000360811945939
1.81606333015e-08	-0.000899727594515
1.81647262997e-08	-0.00124746931397
1.8168819298e-08	-0.00137735139288
1.81729122963e-08	-0.00129762585129
1.81770052945e-08	-0.00104695656046
1.81810982928e-08	-0.000685559829435
1.81851912911e-08	-0.000284838961306
1.81892842893e-08	8.42169934003e-05
1.81933772876e-08	0.000362661854524
1.81974702858e-08	0.00051289946714
1.82015632841e-08	0.000525545496203
1.82056562824e-08	0.000420595260948
1.82097492806e-08	0.000243183367274
1.82138422789e-08	5.36108368578e-05
1.82179352772e-08	-8.7174451437e-05
1.82220282754e-08	-0.000132373959786
1.82261212737e-08	-6.2314277784e-05
1.8230214272e-08	0.000109432351564
1.82343072702e-08	0.000338003534125
1.82384002685e-08	0.000557336774364
1.82424932668e-08	0.000696978990163
1.8246586265e-08	0.000700012315065
1.82506792633e-08	0.000538978903933
1.82547722616e-08	0.000224381637963
1.82588652598e-08	-0.000196000206415
1.82629582581e-08	-0.000646371940093
1.82670512563e-08	-0.00103945964656
1.82711442546e-08	-0.00129458863375
1.82752372529e-08	-0.00135444912303
1.82793302511e-08	-0.00119604744395
1.82834232494e-08	-0.000834084581584
1.82875162477e-08	-0.000317718984661
1.82916092459e-08	0.000279103722278
1.82957022442e-08	0.000869594936376
1.82997952425e-08	0.00136719460716
1.83038882407e-08	0.00169738444674
1.8307981239e-08	0.00180682171776
1.83120742373e-08	0.00167061125103
1.83161672355e-08	0.0012958840598
1.83202602338e-08	0.000722926091839
1.83243532321e-08	2.23094076546e-05
1.83284462303e-08	-0.000712446893885
1.83325392286e-08	-0.00137596191053
1.83366322269e-08	-0.00186645859503
1.83407252251e-08	-0.00210191271617
1.83448182234e-08	-0.00203522824449
1.83489112216e-08	-0.00166454608552
1.83530042199e-08	-0.00103561655123
1.83570972182e-08	-0.000236175235841
1.83611902164e-08	0.000618537975242
1.83652832147e-08	0.00140486648161
1.8369376213e-08	0.00201142179139
1.83734692112e-08	0.00235701564816
1.83775622095e-08	0.00240165709693
1.83816552078e-08	0.00215038951137
1.8385748206e-08	0.00164856652555
1.83898412043e-08	0.000971832785581
1.83939342026e-08	0.000212994445974
1.83980272008e-08	-0.00053177232985
1.84021201991e-08	-0.00117420128663
1.84062131974e-08	-0.00164335366571
1.84103061956e-08	-0.00189155129192
1.84143991939e-08	-0.00189823277469
1.84184921922e-08	-0.00167184940074
1.84225851904e-08	-0.00124889365543
1.84266781887e-08	-0.000690924640367
1.84307711869e-08	-7.73583542468e-05
1.84348641852e-08	0.000504674182594
1.84389571835e-08	0.000973084854195
1.84430501817e-08	0.00126446840295
1.844714318e-08	0.00134472118953
1.84512361783e-08	0.00121549530741
1.84553291765e-08	0.000913069627131
1.84594221748e-08	0.000500466929225
1.84635151731e-08	5.42656043763e-05
1.84676081713e-08	-0.000351464901541
1.84717011696e-08	-0.000658901630231
1.84757941679e-08	-0.000836179860926
1.84798871661e-08	-0.000879782790435
1.84839801644e-08	-0.000810270990769
1.84880731627e-08	-0.000663443515805
1.84921661609e-08	-0.000478827740153
1.84962591592e-08	-0.000290251668048
1.85003521574e-08	-0.000119300554616
1.85044451557e-08	2.62771693542e-05
1.8508538154e-08	0.000149947418322
1.85126311522e-08	0.000261809742369
1.85167241505e-08	0.000372629547201
1.85208171488e-08	0.000489750113047
1.8524910147e-08	0.000614331293036
1.85290031453e-08	0.000740610383218
1.85330961436e-08	0.000856851700519
1.85371891418e-08	0.000946292755543
1.85412821401e-08	0.000989336615021
1.85453751384e-08	0.000965529397945
1.85494681366e-08	0.00085678895266
1.85535611349e-08	0.000651837279293
1.85576541332e-08	0.000350813641489
1.85617471314e-08	-2.96954322039e-05
1.85658401297e-08	-0.000454566168628
1.8569933128e-08	-0.000871315678523
1.85740261262e-08	-0.00121631587535
1.85781191245e-08	-0.00142593248893
1.85822121227e-08	-0.00144969217217
1.8586305121e-08	-0.00126390025252
1.85903981193e-08	-0.000880506348039
1.85944911175e-08	-0.000349333078702
1.85985841158e-08	0.000248045693297
1.86026771141e-08	0.00081263283937
1.86067701123e-08	0.00124635690736
1.86108631106e-08	0.00147184008529
1.86149561089e-08	0.00144769297913
1.86190491071e-08	0.00117658998352
1.86231421054e-08	0.000704642894561
1.86272351037e-08	0.000111645651486
1.86313281019e-08	-0.000503801511513
1.86354211002e-08	-0.00104233351158
1.86395140985e-08	-0.00142024514935
1.86436070967e-08	-0.00158179471327
1.8647700095e-08	-0.00150640534412
1.86517930933e-08	-0.00120921804773
1.86558860915e-08	-0.000737368736736
1.86599790898e-08	-0.000161802039656
1.8664072088e-08	0.0004332764438
1.86681650863e-08	0.000962002312008
1.86722580846e-08	0.00134933806112
1.86763510828e-08	0.00154169040616
1.86804440811e-08	0.00151578179793
1.86845370794e-08	0.00128301793302
1.86886300776e-08	0.000888349612069
1.86927230759e-08	0.000403547062888
1.86968160742e-08	-8.58028583934e-05
1.87009090724e-08	-0.000495920765388
1.87050020707e-08	-0.000761345778301
1.8709095069e-08	-0.000847818038892
1.87131880672e-08	-0.000758299203881
1.87172810655e-08	-0.000531341960595
1.87213740638e-08	-0.000230636478591
1.8725467062e-08	7.02187498973e-05
1.87295600603e-08	0.000305034531266
1.87336530585e-08	0.00042970800132
1.87377460568e-08	0.000430262673035
1.87418390551e-08	0.000323782785927
1.87459320533e-08	0.000151051669491
1.87500250516e-08	-3.52546589966e-05
1.87541180499e-08	-0.000184199180694
1.87582110481e-08	-0.000258530686551
1.87623040464e-08	-0.000241445408392
1.87663970447e-08	-0.000138608498673
1.87704900429e-08	2.56673906733e-05
1.87745830412e-08	0.000215168347495
1.87786760395e-08	0.000389786702726
1.87827690377e-08	0.000513388553372
1.8786862036e-08	0.000559127205634
1.87909550343e-08	0.000513444621902
1.87950480325e-08	0.000377409633074
1.87991410308e-08	0.000166607844221
1.88032340291e-08	-9.02699675862e-05
1.88073270273e-08	-0.000355092448444
1.88114200256e-08	-0.000584843241086
1.88155130238e-08	-0.0007385676181
1.88196060221e-08	-0.000784727941209
1.88236990204e-08	-0.000708101939381
1.88277920186e-08	-0.000514888917678
1.88318850169e-08	-0.000233153130466
1.88359780152e-08	9.06713694349e-05
1.88400710134e-08	0.000400417979108
1.88441640117e-08	0.000641390961391
1.884825701e-08	0.000771555067331
1.88523500082e-08	0.000770669692429
1.88564430065e-08	0.000643614406727
1.88605360048e-08	0.000418612682552
1.8864629003e-08	0.0001397728347
1.88687220013e-08	-0.00014337655557
1.88728149996e-08	-0.0003860802899
1.88769079978e-08	-0.000556757386221
1.88810009961e-08	-0.000640268423012
1.88850939944e-08	-0.000637322020339
1.88891869926e-08	-0.00056018046962
1.88932799909e-08	-0.000426763741416
1.88973729891e-08	-0.000256044826529
1.89014659874e-08	-6.47056426715e-05
1.89055589857e-08	0.000132958049107
1.89096519839e-08	0.000323939160808
1.89137449822e-08	0.000495023443364
1.89178379805e-08	0.000631901071756
1.89219309787e-08	0.000720792715583
1.8926023977e-08	0.000750780192902
1.89301169753e-08	0.000717373219231
1.89342099735e-08	0.000624890359177
1.89383029718e-08	0.000486600656586
1.89423959701e-08	0.000322943558785
1.89464889683e-08	0.000156889315804
1.89505819666e-08	9.37130567991e-06
1.89546749649e-08	-0.000104987407212
1.89587679631e-08	-0.000179983769158
1.89628609614e-08	-0.000217009974222
1.89669539597e-08	-0.000222913680773
1.89710469579e-08	-0.00020614132336
1.89751399562e-08	-0.000174153614353
1.89792329544e-08	-0.000132122974719
1.89833259527e-08	-8.33595609038e-05
1.8987418951e-08	-3.15920510729e-05
1.89915119492e-08	1.75060359879e-05
1.89956049475e-08	5.51358371013e-05
1.89996979458e-08	7.06468345015e-05
1.9003790944e-08	5.44824683857e-05
1.90078839423e-08	1.54690320642e-06
1.90119769406e-08	-8.5376052084e-05
1.90160699388e-08	-0.000195113872905
1.90201629371e-08	-0.000309603516143
1.90242559354e-08	-0.00040813486703
1.90283489336e-08	-0.000472831117804
1.90324419319e-08	-0.000492885879794
1.90365349302e-08	-0.000467330937681
1.90406279284e-08	-0.00040384773456
1.90447209267e-08	-0.000315321760354
1.90488139249e-08	-0.000214794115891
1.90529069232e-08	-0.000110513346044
1.90569999215e-08	-3.92808840388e-06
1.90610929197e-08	0.000109996693936
1.9065185918e-08	0.000238772538069
1.90692789163e-08	0.00038714965558
1.90733719145e-08	0.00055237054039
1.90774649128e-08	0.000721187363524
1.90815579111e-08	0.000871161100804
1.90856509093e-08	0.000974566028162
1.90897439076e-08	0.00100512813515
1.90938369059e-08	0.000944933468418
1.90979299041e-08	0.000789329671534
1.91020229024e-08	0.00054943871146
1.91061159007e-08	0.00025029698736
1.91102088989e-08	-7.31510858714e-05
1.91143018972e-08	-0.000382016754884
1.91183948955e-08	-0.000639566034806
1.91224878937e-08	-0.000815671024611
1.9126580892e-08	-0.00089043754997
1.91306738902e-08	-0.000855461490573
1.91347668885e-08	-0.000714624471584
1.91388598868e-08	-0.000484069631057
1.9142952885e-08	-0.000191281762454
1.91470458833e-08	0.000126110956444
1.91511388816e-08	0.000423977839091
1.91552318798e-08	0.000656577827613
1.91593248781e-08	0.000783683346526
1.91634178764e-08	0.000778556976002
1.91675108746e-08	0.000634445932519
1.91716038729e-08	0.000368889646779
1.91756968712e-08	2.25564677976e-05
1.91797898694e-08	-0.000346515827914
1.91838828677e-08	-0.000673274887959
1.9187975866e-08	-0.000898553444131
1.91920688642e-08	-0.000980602868367
1.91961618625e-08	-0.000903887797904
1.92002548608e-08	-0.00068147798811
1.9204347859e-08	-0.000351682445398
1.92084408573e-08	3.04105174109e-05
1.92125338555e-08	0.000404693277233
1.92166268538e-08	0.0007169501514
1.92207198521e-08	0.000928015950194
1.92248128503e-08	0.00101814189838
1.92289058486e-08	0.000987153107417
1.92329988469e-08	0.000851343706017
1.92370918451e-08	0.000637748333247
1.92411848434e-08	0.000378948487196
1.92452778417e-08	0.000107947791548
1.92493708399e-08	-0.000145181727021
1.92534638382e-08	-0.000355478441634
1.92575568365e-08	-0.000505032789079
1.92616498347e-08	-0.000583781566093
1.9265742833e-08	-0.000590797928453
1.92698358313e-08	-0.000534194183274
1.92739288295e-08	-0.000429996471212
1.92780218278e-08	-0.000299678576994
1.9282114826e-08	-0.000165656088939
1.92862078243e-08	-4.70794775538e-05
1.92903008226e-08	4.44550623797e-05
1.92943938208e-08	0.000106739596959
1.92984868191e-08	0.000146028281961
1.93025798174e-08	0.000173889748112
1.93066728156e-08	0.000201626928174
1.93107658139e-08	0.000235604460613
1.93148588122e-08	0.000273763720543
1.93189518104e-08	0.000305514437059
1.93230448087e-08	0.000315204471917
1.9327137807e-08	0.000287372218736
1.93312308052e-08	0.000213449942748
1.93353238035e-08	9.61517325777e-05
1.93394168018e-08	-4.88538353238e-05
1.93435098e-08	-0.000195182428797
1.93476027983e-08	-0.000311731118927
1.93516957966e-08	-0.000369602252249
1.93557887948e-08	-0.00034947624772
1.93598817931e-08	-0.000245981085754
1.93639747913e-08	-6.89099010742e-05
1.93680677896e-08	0.000158804135026
1.93721607879e-08	0.000406208589993
1.93762537861e-08	0.000639537745883
1.93803467844e-08	0.0008276596418
1.93844397827e-08	0.000945476851484
1.93885327809e-08	0.000975642891717
1.93926257792e-08	0.000909444752324
1.93967187775e-08	0.00074643685366
1.94008117757e-08	0.000495083262649
1.9404904774e-08	0.000172957774339
1.94089977723e-08	-0.00019298942243
1.94130907705e-08	-0.000567074032006
1.94171837688e-08	-0.000908033587621
1.94212767671e-08	-0.0011735179869
1.94253697653e-08	-0.00132705213764
1.94294627636e-08	-0.00134481742862
1.94335557619e-08	-0.00122109203949
1.94376487601e-08	-0.000971047236817
1.94417417584e-08	-0.000628780708212
1.94458347566e-08	-0.000242290532697
1.94499277549e-08	0.000135031720674
1.94540207532e-08	0.000453495795227
1.94581137514e-08	0.000674913702824
1.94622067497e-08	0.000778267974965
1.9466299748e-08	0.000761059411161
1.94703927462e-08	0.000638192668703
1.94744857445e-08	0.00043796790851
1.94785787428e-08	0.000197026465685
1.9482671741e-08	-4.43995916157e-05
1.94867647393e-08	-0.000247483401836
1.94908577376e-08	-0.000378350159735
1.94949507358e-08	-0.000411958495533
1.94990437341e-08	-0.000335392382112
1.95031367324e-08	-0.000150526961988
1.95072297306e-08	0.000123898660604
1.95113227289e-08	0.000453177912277
1.95154157271e-08	0.000789660378359
1.95195087254e-08	0.00107950244274
1.95236017237e-08	0.00127175616217
1.95276947219e-08	0.00132788155315
1.95317877202e-08	0.00123052648996
1.95358807185e-08	0.000987743216683
1.95399737167e-08	0.000632743453025
1.9544066715e-08	0.000217866512685
1.95481597133e-08	-0.000195807902855
1.95522527115e-08	-0.000550151988136
1.95563457098e-08	-0.000801536167273
1.95604387081e-08	-0.000927966677409
1.95645317063e-08	-0.000931663351366
1.95686247046e-08	-0.000836168488604
1.95727177029e-08	-0.00067892050356
1.95768107011e-08	-0.000502447604958
1.95809036994e-08	-0.000344888025211
1.95849966977e-08	-0.000233409529756
1.95890896959e-08	-0.000180476029527
1.95931826942e-08	-0.000183402254152
1.95972756924e-08	-0.000227229647862
1.96013686907e-08	-0.000288518109301
1.9605461689e-08	-0.000340733866324
1.96095546872e-08	-0.000358988576409
1.96136476855e-08	-0.000324407486914
1.96177406838e-08	-0.000227959691983
1.9621833682e-08	-7.23550015209e-05
1.96259266803e-08	0.000126839307086
1.96300196786e-08	0.000343003259331
1.96341126768e-08	0.000542300917004
1.96382056751e-08	0.000689683238306
1.96422986734e-08	0.00075677462155
1.96463916716e-08	0.000728695646103
1.96504846699e-08	0.000609589289525
1.96545776682e-08	0.000423607674747
1.96586706664e-08	0.00021121266218
1.96627636647e-08	2.11975068396e-05
1.9666856663e-08	-0.000100947450392
1.96709496612e-08	-0.000124053824038
1.96750426595e-08	-4.03248373004e-05
1.96791356577e-08	0.000131314120154
1.9683228656e-08	0.000348414101609
1.96873216543e-08	0.000553717378352
1.96914146525e-08	0.000688654188707
1.96955076508e-08	0.00070676246105
1.96996006491e-08	0.000585171757848
1.97036936473e-08	0.000330604198098
1.97077866456e-08	-2.15123230873e-05
1.97118796439e-08	-0.00041352810149
1.97159726421e-08	-0.000777492190537
1.97200656404e-08	-0.00104818084219
1.97241586387e-08	-0.00117566468543
1.97282516369e-08	-0.00113463092566
1.97323446352e-08	-0.00092846503685
1.97364376335e-08	-0.000588975570281
1.97405306317e-08	-0.000170519597305
1.974462363e-08	0.000258839132584
1.97487166283e-08	0.00062857440571
1.97528096265e-08	0.000877749276697
1.97569026248e-08	0.000965248807915
1.9760995623e-08	0.000878115599335
1.97650886213e-08	0.0006348244533
1.97691816196e-08	0.000283715386104
1.97732746178e-08	-0.000104223190647
1.97773676161e-08	-0.000448033915745
1.97814606144e-08	-0.000671795314702
1.97855536126e-08	-0.000720813884982
1.97896466109e-08	-0.000574095221964
1.97937396092e-08	-0.000250916058576
1.97978326074e-08	0.000190542734344
1.98019256057e-08	0.000663720791636
1.9806018604e-08	0.00107010560168
1.98101116022e-08	0.00131982484891
1.98142046005e-08	0.00135067749943
1.98182975988e-08	0.0011417759597
1.9822390597e-08	0.000719100251445
1.98264835953e-08	0.000150482781464
1.98305765935e-08	-0.000467223668238
1.98346695918e-08	-0.00102739124122
1.98387625901e-08	-0.00143415548519
1.98428555883e-08	-0.00162001106946
1.98469485866e-08	-0.0015579231258
1.98510415849e-08	-0.00126449904928
1.98551345831e-08	-0.00079580736201
1.98592275814e-08	-0.000235925346715
1.98633205797e-08	0.000318713013257
1.98674135779e-08	0.000775826672907
1.98715065762e-08	0.00106307859824
1.98755995745e-08	0.00113918339048
1.98796925727e-08	0.0010003858697
1.9883785571e-08	0.000680552297126
1.98878785693e-08	0.000245020617513
1.98919715675e-08	-0.000220131243623
1.98960645658e-08	-0.000623345680651
1.99001575641e-08	-0.000883416898432
1.99042505623e-08	-0.000944574887399
1.99083435606e-08	-0.000787454649981
1.99124365588e-08	-0.000433280263678
1.99165295571e-08	5.88003217672e-05
1.99206225554e-08	0.000602715947025
1.99247155536e-08	0.00110138480522
1.99288085519e-08	0.00146542143193
1.99329015502e-08	0.00163061766943
1.99369945484e-08	0.00156970319222
1.99410875467e-08	0.00129727435706
1.9945180545e-08	0.000865312977112
1.99492735432e-08	0.000351789602064
1.99533665415e-08	-0.000155518117026
1.99574595398e-08	-0.000576621911023
1.9961552538e-08	-0.000853441160871
1.99656455363e-08	-0.000959303804848
1.99697385346e-08	-0.000900846607692
1.99738315328e-08	-0.000713667213859
1.99779245311e-08	-0.000453173393907
1.99820175294e-08	-0.000182252009836
1.99861105276e-08	4.02392420256e-05
1.99902035259e-08	0.000169804803591
1.99942965241e-08	0.00018271206136
1.99983895224e-08	7.85851980254e-05
2.00024825207e-08	-0.000120415071251
2.00065755189e-08	-0.00037447982686
2.00106685172e-08	-0.000632678747934
2.00147615155e-08	-0.000841854169266
2.00188545137e-08	-0.000955683462962
2.0022947512e-08	-0.000942841375945
2.00270405103e-08	-0.000793616469309
2.00311335085e-08	-0.000522200869455
2.00352265068e-08	-0.00016549879274
2.00393195051e-08	0.000223133583859
2.00434125033e-08	0.000583678945986
2.00475055016e-08	0.000860726155224
2.00515984999e-08	0.00101495038689
2.00556914981e-08	0.00103062866401
2.00597844964e-08	0.000918951103813
2.00638774946e-08	0.000715186295565
2.00679704929e-08	0.000470546339784
2.00720634912e-08	0.000241316640313
2.00761564894e-08	7.6424415056e-05
2.00802494877e-08	7.90856545763e-06
2.0084342486e-08	4.49130368452e-05
2.00884354842e-08	0.000172949094122
2.00925284825e-08	0.000358370100003
2.00966214808e-08	0.000555606558919
2.0100714479e-08	0.000716897400707
2.01048074773e-08	0.000800857997092
2.01089004756e-08	0.000779523797974
2.01129934738e-08	0.000642704359052
2.01170864721e-08	0.000398773849156
2.01211794704e-08	7.36239767321e-05
2.01252724686e-08	-0.00029346098745
2.01293654669e-08	-0.000654955740174
2.01334584652e-08	-0.000961548808846
2.01375514634e-08	-0.00116951399832
2.01416444617e-08	-0.00124717776634
2.01457374599e-08	-0.00118116963131
2.01498304582e-08	-0.00097961701249
2.01539234565e-08	-0.000672451853461
2.01580164547e-08	-0.000307874994178
2.0162109453e-08	5.55176393391e-05
2.01662024513e-08	0.000358455656169
2.01702954495e-08	0.000552434587007
2.01743884478e-08	0.000609027865721
2.01784814461e-08	0.000525721465237
2.01825744443e-08	0.000326955125274
2.01866674426e-08	5.8999832163e-05
2.01907604409e-08	-0.000218727471292
2.01948534391e-08	-0.000445649224275
2.01989464374e-08	-0.00057157178162
2.02030394357e-08	-0.000565779111639
2.02071324339e-08	-0.00042256827146
2.02112254322e-08	-0.000161117751304
2.02153184305e-08	0.00017822342943
2.02194114287e-08	0.000541624503967
2.0223504427e-08	0.00087100280507
2.02275974252e-08	0.00111308578198
2.02316904235e-08	0.00122799196106
2.02357834218e-08	0.00119473557424
2.023987642e-08	0.00101478736178
2.02439694183e-08	0.000712111897883
2.02480624166e-08	0.000330006749209
2.02521554148e-08	-7.45171696508e-05
2.02562484131e-08	-0.000439688272309
2.02603414114e-08	-0.000708521172783
2.02644344096e-08	-0.000839069856738
2.02685274079e-08	-0.000812674625195
2.02726204062e-08	-0.000638315344986
2.02767134044e-08	-0.000352705557816
2.02808064027e-08	-1.40177851904e-05
2.0284899401e-08	0.000308297836455
2.02889923992e-08	0.000547022471437
2.02930853975e-08	0.000650828180369
2.02971783958e-08	0.000594614972215
2.0301271394e-08	0.000385467235901
2.03053643923e-08	6.11743971604e-05
2.03094573905e-08	-0.000316900639518
2.03135503888e-08	-0.000675928713463
2.03176433871e-08	-0.000946091371588
2.03217363853e-08	-0.00107345348806
2.03258293836e-08	-0.00103020948154
2.03299223819e-08	-0.00081881150254
2.03340153801e-08	-0.00047079761498
2.03381083784e-08	-4.04787563184e-05
2.03422013767e-08	0.000405464343203
2.03462943749e-08	0.000799114750407
2.03503873732e-08	0.00108291675133
2.03544803715e-08	0.00121837751794
2.03585733697e-08	0.00119163670752
2.0362666368e-08	0.00101522929617
2.03667593663e-08	0.000724994006305
2.03708523645e-08	0.00037417661224
2.03749453628e-08	2.38571959699e-05
2.0379038361e-08	-0.000267541205176
2.03831313593e-08	-0.00045450368998
2.03872243576e-08	-0.000513045051775
2.03913173558e-08	-0.000444704517577
2.03954103541e-08	-0.000276586446489
2.03995033524e-08	-5.55740307391e-05
2.04035963506e-08	0.000161371814102
2.04076893489e-08	0.000319003416735
2.04117823472e-08	0.000376031806809
2.04158753454e-08	0.000313580732836
2.04199683437e-08	0.000139584652061
2.0424061342e-08	-0.000113241260806
2.04281543402e-08	-0.000394833012251
2.04322473385e-08	-0.000648460132652
2.04363403368e-08	-0.000823377806228
2.0440433335e-08	-0.000884887384018
2.04445263333e-08	-0.000821208101115
2.04486193316e-08	-0.000644843705231
2.04527123298e-08	-0.000388574822864
2.04568053281e-08	-9.81483817668e-05
2.04608983263e-08	0.000177976099621
2.04649913246e-08	0.000397824285756
2.04690843229e-08	0.000533592432475
2.04731773211e-08	0.00057595180624
2.04772703194e-08	0.000534143873665
2.04813633177e-08	0.000433456680184
2.04854563159e-08	0.000309142800688
2.04895493142e-08	0.00019961281032
2.04936423125e-08	0.000138996574606
2.04977353107e-08	0.000150347480485
2.0501828309e-08	0.000241317433392
2.05059213073e-08	0.000401486180635
2.05100143055e-08	0.000603644646617
2.05141073038e-08	0.000807642492873
2.05182003021e-08	0.0009670553045
2.05222933003e-08	0.00103804481478
2.05263862986e-08	0.00098769905162
2.05304792969e-08	0.000801897047495
2.05345722951e-08	0.000489341793582
2.05386652934e-08	8.17522450234e-05
2.05427582916e-08	-0.000370283189113
2.05468512899e-08	-0.000805943345767
2.05509442882e-08	-0.00116417049139
2.05550372864e-08	-0.00139474089519
2.05591302847e-08	-0.00146674296411
2.0563223283e-08	-0.00137347318378
2.05673162812e-08	-0.00113321750541
2.05714092795e-08	-0.000784854732046
2.05755022778e-08	-0.000381110046874
2.0579595276e-08	2.06586738614e-05
2.05836882743e-08	0.000367226139133
2.05877812726e-08	0.000616578960035
2.05918742708e-08	0.000743181935832
2.05959672691e-08	0.000739572195016
2.06000602674e-08	0.000616316039668
2.06041532656e-08	0.00039929365812
2.06082462639e-08	0.000125637237034
2.06123392621e-08	-0.000160874973517
2.06164322604e-08	-0.00041573420458
2.06205252587e-08	-0.000598734128289
2.06246182569e-08	-0.000679404685798
2.06287112552e-08	-0.000641058559268
2.06328042535e-08	-0.000483097257529
2.06368972517e-08	-0.00022180828455
2.064099025e-08	0.00011213885773
2.06450832483e-08	0.000477485998999
2.06491762465e-08	0.000828408963571
2.06532692448e-08	0.00112100803381
2.06573622431e-08	0.00131892360514
2.06614552413e-08	0.00139828422107
2.06655482396e-08	0.00134962288575
2.06696412379e-08	0.00117840812163
2.06737342361e-08	0.000903271851712
2.06778272344e-08	0.000552839446755
2.06819202327e-08	0.000162544576597
2.06860132309e-08	-0.000229570652664
2.06901062292e-08	-0.000585944650084
2.06941992274e-08	-0.000872986900504
2.06982922257e-08	-0.00106416021299
2.0702385224e-08	-0.00114240761468
2.07064782222e-08	-0.00110282665264
2.07105712205e-08	-0.000953419745201
2.07146642188e-08	-0.000715209371265
2.0718757217e-08	-0.000420082360506
2.07228502153e-08	-0.000106690236862
2.07269432136e-08	0.000184486331818
2.07310362118e-08	0.000417536874011
2.07351292101e-08	0.000566030386835
2.07392222084e-08	0.000616956684098
2.07433152066e-08	0.000572089160414
2.07474082049e-08	0.000446414040198
2.07515012032e-08	0.00026513607736
2.07555942014e-08	5.84015615459e-05
2.07596871997e-08	-0.000143376384585
2.0763780198e-08	-0.000313882041155
2.07678731962e-08	-0.000433894510934
2.07719661945e-08	-0.000492067476443
2.07760591927e-08	-0.000485186683363
2.0780152191e-08	-0.00041656673784
2.07842451893e-08	-0.000294768635285
2.07883381875e-08	-0.000132175549879
2.07924311858e-08	5.64918332202e-05
2.07965241841e-08	0.000254657687037
2.08006171823e-08	0.000445257101092
2.08047101806e-08	0.000611340648902
2.08088031789e-08	0.000737319227483
2.08128961771e-08	0.000810356614238
2.08169891754e-08	0.000821139576146
2.08210821737e-08	0.000765298726037
2.08251751719e-08	0.000643524501356
2.08292681702e-08	0.000462008651084
2.08333611685e-08	0.000232339843933
2.08374541667e-08	-2.9158571806e-05
2.0841547165e-08	-0.000301595058772
2.08456401632e-08	-0.000561016891879
2.08497331615e-08	-0.000781624141382
2.08538261598e-08	-0.000938216478971
2.0857919158e-08	-0.0010093898818
2.08620121563e-08	-0.000980613178399
2.08661051546e-08	-0.00084801196499
2.08701981528e-08	-0.000620210568741
2.08742911511e-08	-0.000319098295222
2.08783841494e-08	2.1976265657e-05
2.08824771476e-08	0.000362663058695
2.08865701459e-08	0.000661124380713
2.08906631442e-08	0.000881228901562
2.08947561424e-08	0.00099821981712
2.08988491407e-08	0.00100293236028
2.0902942139e-08	0.000903153573745
2.09070351372e-08	0.000721315151168
2.09111281355e-08	0.000490400077979
2.09152211338e-08	0.000247260912147
2.0919314132e-08	2.64025877641e-05
2.09234071303e-08	-0.000145453283039
2.09275001285e-08	-0.000253057402006
2.09315931268e-08	-0.000293133844025
2.09356861251e-08	-0.000273538822512
2.09397791233e-08	-0.000209824884223
2.09438721216e-08	-0.000121480255075
2.09479651199e-08	-2.81693457964e-05
2.09520581181e-08	5.38359299753e-05
2.09561511164e-08	0.000113195704216
2.09602441147e-08	0.000144708841617
2.09643371129e-08	0.00014855340396
2.09684301112e-08	0.000128859285724
2.09725231095e-08	9.19520675779e-05
2.09766161077e-08	4.37314595274e-05
2.0980709106e-08	-1.16528318586e-05
2.09848021043e-08	-7.32491034796e-05
2.09888951025e-08	-0.000143093875522
2.09929881008e-08	-0.000224814151807
2.09970810991e-08	-0.000321704608723
2.10011740973e-08	-0.000433422410424
2.10052670956e-08	-0.000553930840397
2.10093600938e-08	-0.000669827455567
2.10134530921e-08	-0.000760853581596
2.10175460904e-08	-0.000802830028988
2.10216390886e-08	-0.000771815044573
2.10257320869e-08	-0.000650307567412
2.10298250852e-08	-0.00043232761891
2.10339180834e-08	-0.00012741449973
2.10380110817e-08	0.00023826445431
2.104210408e-08	0.000624742242508
2.10461970782e-08	0.000983464247838
2.10502900765e-08	0.00126573883608
2.10543830748e-08	0.00143109608325
2.1058476073e-08	0.00145486470137
2.10625690713e-08	0.0013332728704
2.10666620696e-08	0.00108414138958
2.10707550678e-08	0.00074460155156
2.10748480661e-08	0.00036453670873
2.10789410644e-08	-1.54726677692e-06
2.10830340626e-08	-0.000303328972223
2.10871270609e-08	-0.000502992501424
2.10912200591e-08	-0.000580441312195
2.10953130574e-08	-0.000536399300472
2.10994060557e-08	-0.000391332589061
2.11034990539e-08	-0.000181554376468
2.11075920522e-08	4.69584940674e-05
2.11116850505e-08	0.000246896577664
2.11157780487e-08	0.000377212239982
2.1119871047e-08	0.000410546170315
2.11239640453e-08	0.000337762123308
2.11280570435e-08	0.000169388948962
2.11321500418e-08	-6.60552873342e-05
2.11362430401e-08	-0.000327912495777
2.11403360383e-08	-0.00057066172667
2.11444290366e-08	-0.000752942272811
2.11485220349e-08	-0.000845404203574
2.11526150331e-08	-0.000835917031509
2.11567080314e-08	-0.000731805434043
2.11608010296e-08	-0.000557095441764
2.11648940279e-08	-0.000347163851984
2.11689870262e-08	-0.000140572705277
2.11730800244e-08	2.9363229487e-05
2.11771730227e-08	0.000141058852932
2.1181266021e-08	0.00018898345661
2.11853590192e-08	0.00018326216923
2.11894520175e-08	0.000146502972711
2.11935450158e-08	0.000107615888737
2.1197638014e-08	9.43481936702e-05
2.12017310123e-08	0.000127005879222
2.12058240106e-08	0.000213167797483
2.12099170088e-08	0.000346175267623
2.12140100071e-08	0.000506069933181
2.12181030054e-08	0.000663366980007
2.12221960036e-08	0.000785110096331
2.12262890019e-08	0.000840852932015
2.12303820002e-08	0.000809231205494
2.12344749984e-08	0.00068228260352
2.12385679967e-08	0.000467960446258
2.12426609949e-08	0.000190113127246
2.12467539932e-08	-0.000114933283839
2.12508469915e-08	-0.000403265519708
2.12549399897e-08	-0.000630879338132
2.1259032988e-08	-0.000761072165915
2.12631259863e-08	-0.000771199323935
2.12672189845e-08	-0.000657712960674
2.12713119828e-08	-0.000437214588601
2.12754049811e-08	-0.000144815722706
2.12794979793e-08	0.000171806288563
2.12835909776e-08	0.00046044274859
2.12876839759e-08	0.000673263115459
2.12917769741e-08	0.000775558568421
2.12958699724e-08	0.000751122788643
2.12999629707e-08	0.000605051132879
2.13040559689e-08	0.00036200359682
2.13081489672e-08	6.12665171502e-05
2.13122419655e-08	-0.000250031453106
2.13163349637e-08	-0.000525235795067
2.1320427962e-08	-0.000724757243006
2.13245209602e-08	-0.000821664056275
2.13286139585e-08	-0.00080440317106
2.13327069568e-08	-0.000676984400343
2.1336799955e-08	-0.000457727288449
2.13408929533e-08	-0.000175626025339
2.13449859516e-08	0.000133174186885
2.13490789498e-08	0.000429963383795
2.13531719481e-08	0.000677894833643
2.13572649464e-08	0.000845830050821
2.13613579446e-08	0.00091247355158
2.13654509429e-08	0.000868637653184
2.13695439412e-08	0.000719066334568
2.13736369394e-08	0.000482087569253
2.13777299377e-08	0.000187297993762
2.1381822936e-08	-0.00012791933932
2.13859159342e-08	-0.000424064968684
2.13900089325e-08	-0.000664655810397
2.13941019307e-08	-0.000821539135359
2.1398194929e-08	-0.000878588252817
2.14022879273e-08	-0.000833083555335
2.14063809255e-08	-0.000695756174537
2.14104739238e-08	-0.000487978850288
2.14145669221e-08	-0.000238553831878
2.14186599203e-08	2.05836046234e-05
2.14227529186e-08	0.000258661624684
2.14268459169e-08	0.000449278806627
2.14309389151e-08	0.000573749937757
2.14350319134e-08	0.000622559495241
2.14391249117e-08	0.000596535213845
2.14432179099e-08	0.000506667551235
2.14473109082e-08	0.000372385420633
2.14514039065e-08	0.000219327366722
2.14554969047e-08	7.49964128772e-05
2.1459589903e-08	-3.53792145233e-05
2.14636829013e-08	-9.3441772151e-05
2.14677758995e-08	-9.13360904633e-05
2.14718688978e-08	-3.29140505073e-05
2.1475961896e-08	6.65784818921e-05
2.14800548943e-08	0.000184238497241
2.14841478926e-08	0.000294316045256
2.14882408908e-08	0.000373949587811
2.14923338891e-08	0.000408447092923
2.14964268874e-08	0.000393792404793
2.15005198856e-08	0.000337360314006
2.15046128839e-08	0.000254921809756
2.15087058822e-08	0.000166105088283
2.15127988804e-08	8.90571959644e-05
2.15168918787e-08	3.52275035311e-05
2.1520984877e-08	6.96137888667e-06
2.15250778752e-08	-3.29911771502e-06
2.15291708735e-08	-1.04739600602e-05
2.15332638718e-08	-3.26699321249e-05
2.153735687e-08	-8.64365438247e-05
2.15414498683e-08	-0.000181625020559
2.15455428666e-08	-0.000318588638038
2.15496358648e-08	-0.000486447923322
2.15537288631e-08	-0.000664075712848
2.15578218613e-08	-0.000823029826279
2.15619148596e-08	-0.000931468624913
2.15660078579e-08	-0.000959862838499
2.15701008561e-08	-0.000885925408511
2.15741938544e-08	-0.000699792530213
2.15782868527e-08	-0.000407603311032
2.15823798509e-08	-3.2772917848e-05
2.15864728492e-08	0.000384684077289
2.15905658475e-08	0.000792828162957
2.15946588457e-08	0.00113437874097
2.1598751844e-08	0.00135589131241
2.16028448423e-08	0.00141748843453
2.16069378405e-08	0.00130083605472
2.16110308388e-08	0.00101489619556
2.16151238371e-08	0.000596130634221
2.16192168353e-08	0.000104353781353
2.16233098336e-08	-0.000386374944355
2.16274028318e-08	-0.000800161986263
2.16314958301e-08	-0.00107173860306
2.16355888284e-08	-0.00115814764285
2.16396818266e-08	-0.00104558595922
2.16437748249e-08	-0.000751619816583
2.16478678232e-08	-0.000321920395436
2.16519608214e-08	0.000178016533937
2.16560538197e-08	0.000673131879012
2.1660146818e-08	0.00109088801401
2.16642398162e-08	0.00137145781628
2.16683328145e-08	0.00147569179535
2.16724258128e-08	0.0013898706311
2.1676518811e-08	0.00112608988275
2.16806118093e-08	0.00072020715379
2.16847048076e-08	0.000226003870921
2.16887978058e-08	-0.000292130418529
2.16928908041e-08	-0.000767783589254
2.16969838024e-08	-0.00114176369971
2.17010768006e-08	-0.00136954118352
2.17051697989e-08	-0.00142765715282
2.17092627971e-08	-0.00131630131364
2.17133557954e-08	-0.00105865203659
2.17174487937e-08	-0.000696791488735
2.17215417919e-08	-0.000283995654172
2.17256347902e-08	0.000123597887978
2.17297277885e-08	0.000476175890071
2.17338207867e-08	0.000737013993785
2.1737913785e-08	0.000886304165761
2.17420067833e-08	0.000921903003473
2.17460997815e-08	0.000856056794873
2.17501927798e-08	0.000711079243047
2.17542857781e-08	0.000513601582497
2.17583787763e-08	0.000289999248707
2.17624717746e-08	6.36641630081e-05
2.17665647729e-08	-0.00014652084883
2.17706577711e-08	-0.000325306991726
2.17747507694e-08	-0.000460595289042
2.17788437677e-08	-0.000542611651326
2.17829367659e-08	-0.000564076588489
2.17870297642e-08	-0.000521705791471
2.17911227624e-08	-0.000417288287281
2.17952157607e-08	-0.000259449428995
2.1799308759e-08	-6.35245824014e-05
2.18034017572e-08	0.000149586190673
2.18074947555e-08	0.000355748412403
2.18115877538e-08	0.000531356563442
2.1815680752e-08	0.000656100568449
2.18197737503e-08	0.000715916958143
2.18238667486e-08	0.000704043352016
2.18279597468e-08	0.000620980794338
2.18320527451e-08	0.000473979565868
2.18361457434e-08	0.000275332764431
2.18402387416e-08	4.17802211814e-05
2.18443317399e-08	-0.000206680624615
2.18484247382e-08	-0.000447451780929
2.18525177364e-08	-0.000656181367958
2.18566107347e-08	-0.000808966455224
2.1860703733e-08	-0.000884453656909
2.18647967312e-08	-0.000867519709573
2.18688897295e-08	-0.000752203137381
2.18729827277e-08	-0.000543874841242
2.1877075726e-08	-0.000260082118984
2.18811687243e-08	7.1564616519e-05
2.18852617225e-08	0.000416434049839
2.18893547208e-08	0.000738033049856
2.18934477191e-08	0.00100289362308
2.18975407173e-08	0.00118450202717
2.19016337156e-08	0.00126628593716
2.19057267139e-08	0.00124186483299
2.19098197121e-08	0.0011148509584
2.19139127104e-08	0.000897147983778
2.19180057087e-08	0.000607320318522
2.19220987069e-08	0.000269597390798
2.19261917052e-08	-8.77262923495e-05
2.19302847035e-08	-0.000433054654422
2.19343777017e-08	-0.000733875120204
2.19384707e-08	-0.000959743600106
2.19425636982e-08	-0.00108615879435
2.19466566965e-08	-0.00109934843204
2.19507496948e-08	-0.000999284944555
2.1954842693e-08	-0.000801705638878
2.19589356913e-08	-0.000536551899131
2.19630286896e-08	-0.000243622082053
2.19671216878e-08	3.3756425637e-05
2.19712146861e-08	0.000256815275861
2.19753076844e-08	0.000397624167817
2.19794006826e-08	0.000443932982307
2.19834936809e-08	0.000400208908104
2.19875866792e-08	0.000285241814709
2.19916796774e-08	0.000127751866785
2.19957726757e-08	-4.02161101647e-05
2.1999865674e-08	-0.000188651563803
2.20039586722e-08	-0.000294263929391
2.20080516705e-08	-0.000342891195032
2.20121446688e-08	-0.000329578617311
2.2016237667e-08	-0.000257984784184
2.20203306653e-08	-0.000137978635394
2.20244236635e-08	1.60204679673e-05
2.20285166618e-08	0.000187103534699
2.20326096601e-08	0.000357817174518
2.20367026583e-08	0.000511500136781
2.20407956566e-08	0.000634616226307
2.20448886549e-08	0.000717955252185
2.20489816531e-08	0.000758096175559
2.20530746514e-08	0.000757608388085
2.20571676497e-08	0.000723605357052
2.20612606479e-08	0.000665795720124
2.20653536462e-08	0.000592754127865
2.20694466445e-08	0.000509314555529
2.20735396427e-08	0.000414684949646
2.2077632641e-08	0.000302624786855
2.20817256393e-08	0.000164472301549
2.20858186375e-08	-7.07457112981e-06
2.20899116358e-08	-0.000212707460378
2.20940046341e-08	-0.000443170443759
2.20980976323e-08	-0.000678160729876
2.21021906306e-08	-0.000888190625119
2.21062836288e-08	-0.00104025842302
2.21103766271e-08	-0.00110435158422
2.21144696254e-08	-0.00106096487434
2.21185626236e-08	-0.000906246939849
2.21226556219e-08	-0.000653934126603
2.21267486202e-08	-0.000334080359607
2.21308416184e-08	1.24650203475e-05
2.21349346167e-08	0.000340598178809
2.2139027615e-08	0.000608705584455
2.21431206132e-08	0.000784956027928
2.21472136115e-08	0.000851127493661
2.21513066098e-08	0.000804649331258
2.2155399608e-08	0.000657305303321
2.21594926063e-08	0.000433207529568
2.21635856046e-08	0.000165171084518
2.21676786028e-08	-0.000109379929199
2.21717716011e-08	-0.000352208184268
2.21758645993e-08	-0.000529113975063
2.21799575976e-08	-0.000613706837612
2.21840505959e-08	-0.000591573520069
2.21881435941e-08	-0.000463046180812
2.21922365924e-08	-0.000243881417191
2.21963295907e-08	3.57739347692e-05
2.22004225889e-08	0.000336091914505
2.22045155872e-08	0.000613458098087
2.22086085855e-08	0.000827980213217
2.22127015837e-08	0.000950372523221
2.2216794582e-08	0.000966198618698
2.22208875803e-08	0.000877848353412
2.22249805785e-08	0.00070204995427
2.22290735768e-08	0.000465497181722
2.22331665751e-08	0.000198812931558
2.22372595733e-08	-6.93453453096e-05
2.22413525716e-08	-0.000315657112878
2.22454455699e-08	-0.00052407343901
2.22495385681e-08	-0.000684490845742
2.22536315664e-08	-0.000790731566667
2.22577245646e-08	-0.000838419204229
2.22618175629e-08	-0.000823475813377
2.22659105612e-08	-0.000743230564694
2.22700035594e-08	-0.000597944064793
2.22740965577e-08	-0.000393759743019
2.2278189556e-08	-0.000144629641909
2.22822825542e-08	0.000127685563712
2.22863755525e-08	0.000395098693843
2.22904685508e-08	0.000627680670732
2.2294561549e-08	0.000798187851615
2.22986545473e-08	0.000887005589902
2.23027475456e-08	0.000885555564309
2.23068405438e-08	0.000797045089712
2.23109335421e-08	0.000635883825453
2.23150265404e-08	0.000424317964644
2.23191195386e-08	0.0001890861422
2.23232125369e-08	-4.2287430233e-05
2.23273055352e-08	-0.000244767143158
2.23313985334e-08	-0.000397545263695
2.23354915317e-08	-0.000486165314214
2.23395845299e-08	-0.000503261933773
2.23436775282e-08	-0.000449732986453
2.23477705265e-08	-0.000335393262503
2.23518635247e-08	-0.000178325235538
2.2355956523e-08	-3.80371625397e-06
2.23600495213e-08	0.000159454093591
2.23641425195e-08	0.000283544932245
2.23682355178e-08	0.000346648024788
2.23723285161e-08	0.000337816425599
2.23764215143e-08	0.000259101545453
2.23805145126e-08	0.000125819859932
2.23846075109e-08	-3.72565609723e-05
2.23887005091e-08	-0.000201337870749
2.23927935074e-08	-0.00034003698056
2.23968865057e-08	-0.000435277819633
2.24009795039e-08	-0.00047980015006
2.24050725022e-08	-0.000477444591525
2.24091655005e-08	-0.000439496969193
2.24132584987e-08	-0.000379634195269
2.2417351497e-08	-0.000308929415041
2.24214444952e-08	-0.000231797983361
2.24255374935e-08	-0.000145737641105
2.24296304918e-08	-4.29779731803e-05
2.243372349e-08	8.50304386404e-05
2.24378164883e-08	0.00024266298351
2.24419094866e-08	0.000426630489528
2.24460024848e-08	0.000623902626103
2.24500954831e-08	0.000813513244793
2.24541884814e-08	0.000969875676674
2.24582814796e-08	0.00106791758299
2.24623744779e-08	0.001088330333
2.24664674762e-08	0.00102091940062
2.24705604744e-08	0.000867045113409
2.24746534727e-08	0.000638995672489
2.2478746471e-08	0.000358443976438
2.24828394692e-08	5.37019241165e-05
2.24869324675e-08	-0.000243898997724
2.24910254657e-08	-0.000502861210407
2.2495118464e-08	-0.000695472372172
2.24992114623e-08	-0.000800822599558
2.25033044605e-08	-0.000808139637229
2.25073974588e-08	-0.000719611711247
2.25114904571e-08	-0.000551195629669
2.25155834553e-08	-0.00033231364614
2.25196764536e-08	-0.000101859716779
2.25237694519e-08	9.75967545855e-05
2.25278624501e-08	0.000227492009799
2.25319554484e-08	0.000261456782027
2.25360484467e-08	0.000190854549146
2.25401414449e-08	2.79433178321e-05
2.25442344432e-08	-0.000196287301151
2.25483274415e-08	-0.000437975173554
2.25524204397e-08	-0.000649062192679
2.2556513438e-08	-0.000787423879956
2.25606064363e-08	-0.000824470356747
2.25646994345e-08	-0.000750425548176
2.25687924328e-08	-0.000574564604904
2.2572885431e-08	-0.000321673154758
2.25769784293e-08	-2.61612443637e-05
2.25810714276e-08	0.000275580689049
2.25851644258e-08	0.000550844208192
2.25892574241e-08	0.000775087864895
2.25933504224e-08	0.00093336901773
2.25974434206e-08	0.00101958967571
2.26015364189e-08	0.00103517204843
2.26056294172e-08	0.000986486134934
2.26097224154e-08	0.000883777873241
2.26138154137e-08	0.000739905393857
2.2617908412e-08	0.000569641644688
2.26220014102e-08	0.000389155760786
2.26260944085e-08	0.00021411140915
2.26301874068e-08	5.83223468311e-05
2.2634280405e-08	-6.86531129759e-05
2.26383734033e-08	-0.000162776947946
2.26424664016e-08	-0.000225536152357
2.26465593998e-08	-0.000263086276391
2.26506523981e-08	-0.000283206669337
2.26547453963e-08	-0.000292934213576
2.26588383946e-08	-0.000296037582302
2.26629313929e-08	-0.000292271466606
2.26670243911e-08	-0.00027879911795
2.26711173894e-08	-0.000252233667197
2.26752103877e-08	-0.000212215403735
2.26793033859e-08	-0.000163195418281
2.26833963842e-08	-0.000114912234494
2.26874893825e-08	-8.05818021945e-05
2.26915823807e-08	-7.26165581e-05
2.2695675379e-08	-9.86570985333e-05
2.26997683773e-08	-0.000157412934641
2.27038613755e-08	-0.000237592958001
2.27079543738e-08	-0.000319519818731
2.27120473721e-08	-0.000379166816856
2.27161403703e-08	-0.000394583628804
2.27202333686e-08	-0.000351105019945
2.27243263668e-08	-0.000245719211307
2.27284193651e-08	-8.78954610926e-05
2.27325123634e-08	0.000102723790405
2.27366053616e-08	0.000300440875435
2.27406983599e-08	0.000479582373373
2.27447913582e-08	0.000618909634795
2.27488843564e-08	0.000705064576323
2.27529773547e-08	0.000733401026082
2.2757070353e-08	0.000706531733158
2.27611633512e-08	0.000632544055406
2.27652563495e-08	0.000522029200511
2.27693493478e-08	0.000386780233384
2.2773442346e-08	0.000238805840127
2.27775353443e-08	9.00313034435e-05
2.27816283426e-08	-4.73813499866e-05
2.27857213408e-08	-0.000162206100867
2.27898143391e-08	-0.000244989065322
2.27939073374e-08	-0.000290215026325
2.27980003356e-08	-0.000297929516819
2.28020933339e-08	-0.000274094349152
2.28061863321e-08	-0.000230179888604
2.28102793304e-08	-0.000180110283509
2.28143723287e-08	-0.000137255441587
2.28184653269e-08	-0.000110876548206
2.28225583252e-08	-0.000103837010101
2.28266513235e-08	-0.000112823507152
2.28307443217e-08	-0.000129641332933
2.283483732e-08	-0.000144966180414
2.28389303183e-08	-0.000151401673975
2.28430233165e-08	-0.00014580297011
2.28471163148e-08	-0.00012987406808
2.28512093131e-08	-0.000107918211143
2.28553023113e-08	-8.43205152705e-05
2.28593953096e-08	-5.99771087764e-05
2.28634883079e-08	-3.07414181862e-05
2.28675813061e-08	1.19112891639e-05
2.28716743044e-08	7.8363132161e-05
2.28757673027e-08	0.000175853491783
2.28798603009e-08	0.000304580054944
2.28839532992e-08	0.000454601671663
2.28880462974e-08	0.000606036319368
2.28921392957e-08	0.000732679789508
2.2896232294e-08	0.0008073068675
2.29003252922e-08	0.000808886339655
2.29044182905e-08	0.000727700065909
2.29085112888e-08	0.000568454845052
2.2912604287e-08	0.000349815050868
2.29166972853e-08	0.00010019223555
2.29207902836e-08	-0.00014760996055
2.29248832818e-08	-0.000363296237992
2.29289762801e-08	-0.000523951661307
2.29330692784e-08	-0.000617137175141
2.29371622766e-08	-0.000641705482849
2.29412552749e-08	-0.000605824247032
2.29453482732e-08	-0.000524862291059
2.29494412714e-08	-0.000417916569859
2.29535342697e-08	-0.000305287296214
2.29576272679e-08	-0.000206238939427
2.29617202662e-08	-0.000136523826768
2.29658132645e-08	-0.000106864038571
2.29699062627e-08	-0.000120369817523
2.2973999261e-08	-0.000171293650965
2.29780922593e-08	-0.00024448464319
2.29821852575e-08	-0.000316549891068
2.29862782558e-08	-0.000360014286343
2.29903712541e-08	-0.000348399613358
2.29944642523e-08	-0.000263253235971
2.29985572506e-08	-9.97052438834e-05
2.30026502489e-08	0.000130354696921
2.30067432471e-08	0.000398471212975
2.30108362454e-08	0.000664896178932
2.30149292437e-08	0.000886056688614
2.30190222419e-08	0.00102435250301
2.30231152402e-08	0.00105649985926
2.30272082385e-08	0.000978528492851
2.30313012367e-08	0.000806940326584
2.3035394235e-08	0.000574172689085
2.30394872332e-08	0.000321628254824
2.30435802315e-08	9.05099050215e-05
2.30476732298e-08	-8.63726863827e-05
2.3051766228e-08	-0.000189742587281
2.30558592263e-08	-0.00021636499514
2.30599522246e-08	-0.000177052264917
2.30640452228e-08	-9.31615336413e-05
2.30681382211e-08	8.48233150919e-06
2.30722312194e-08	0.000100638568256
2.30763242176e-08	0.000159094037372
2.30804172159e-08	0.000166032304151
2.30845102142e-08	0.000111437873784
2.30886032124e-08	-5.35074951813e-06
2.30926962107e-08	-0.000174803088157
2.3096789209e-08	-0.000377568158001
2.31008822072e-08	-0.000585291956668
2.31049752055e-08	-0.000764381147746
2.31090682038e-08	-0.000880759529537
2.3113161202e-08	-0.00090647948673
2.31172542003e-08	-0.00082648586249
2.31213471985e-08	-0.000643043324089
2.31254401968e-08	-0.000377915763238
2.31295331951e-08	-6.92463549967e-05
2.31336261933e-08	0.000234879289565
2.31377191916e-08	0.000485865337396
2.31418121899e-08	0.000644993342576
2.31459051881e-08	0.000691026685672
2.31499981864e-08	0.000624980391876
2.31540911847e-08	0.000469008555228
2.31581841829e-08	0.000261233266428
2.31622771812e-08	4.7545822099e-05
2.31663701795e-08	-0.000128167878756
2.31704631777e-08	-0.000231524705669
2.3174556176e-08	-0.000243392023549
2.31786491743e-08	-0.000161400806974
2.31827421725e-08	1.3940499457e-06
2.31868351708e-08	0.000219608906264
2.31909281691e-08	0.000460452796688
2.31950211673e-08	0.000687619001837
2.31991141656e-08	0.000865809786774
2.32032071638e-08	0.000964392762398
2.32073001621e-08	0.000960883189691
2.32113931604e-08	0.000844937028887
2.32154861586e-08	0.000620767979854
2.32195791569e-08	0.000309246421239
2.32236721552e-08	-5.3237578868e-05
2.32277651534e-08	-0.000418774885475
2.32318581517e-08	-0.000734722005291
2.323595115e-08	-0.000953479844611
2.32400441482e-08	-0.00104143655335
2.32441371465e-08	-0.000986873892543
2.32482301448e-08	-0.000803186740086
2.3252323143e-08	-0.000526803458342
2.32564161413e-08	-0.000210596428587
2.32605091396e-08	8.73323056112e-05
2.32646021378e-08	0.000314894929033
2.32686951361e-08	0.000436457441538
2.32727881343e-08	0.000439079842181
2.32768811326e-08	0.000333371561283
2.32809741309e-08	0.000150288203258
2.32850671291e-08	-6.67480603624e-05
2.32891601274e-08	-0.000270321261269
2.32932531257e-08	-0.000417693274358
2.32973461239e-08	-0.000477577053971
2.33014391222e-08	-0.000433705161413
2.33055321205e-08	-0.000286810933176
2.33096251187e-08	-5.33712911874e-05
2.3313718117e-08	0.000236410371144
2.33178111153e-08	0.000542223351658
2.33219041135e-08	0.000818746084406
2.33259971118e-08	0.00102106277336
2.33300901101e-08	0.00111204577843
2.33341831083e-08	0.00106881454121
2.33382761066e-08	0.000888607311936
2.33423691049e-08	0.000591826170421
2.33464621031e-08	0.000220335536142
2.33505551014e-08	-0.000168015197232
2.33546480996e-08	-0.00051014215569
2.33587410979e-08	-0.000749908176658
2.33628340962e-08	-0.000850156859087
2.33669270944e-08	-0.000801512862381
2.33710200927e-08	-0.000624517007964
2.3375113091e-08	-0.000366030233636
2.33792060892e-08	-8.85633794496e-05
2.33832990875e-08	0.00014341789938
2.33873920858e-08	0.000277586384982
2.3391485084e-08	0.00028534908779
2.33955780823e-08	0.000166901374541
2.33996710806e-08	-4.92068638778e-05
2.34037640788e-08	-0.000313343171001
2.34078570771e-08	-0.000565662016015
2.34119500754e-08	-0.00074803019379
2.34160430736e-08	-0.000815425963083
2.34201360719e-08	-0.000743021882954
2.34242290702e-08	-0.000530152956344
2.34283220684e-08	-0.000199508842343
2.34324150667e-08	0.000206989492654
2.34365080649e-08	0.000634206520772
2.34406010632e-08	0.00102222651185
2.34446940615e-08	0.00131430968031
2.34487870597e-08	0.00146559674613
2.3452880058e-08	0.00145039270865
2.34569730563e-08	0.00126714593353
2.34610660545e-08	0.000940920006542
2.34651590528e-08	0.000520525292814
2.34692520511e-08	7.20437660675e-05
2.34733450493e-08	-0.000332373090714
2.34774380476e-08	-0.00062789860749
2.34815310459e-08	-0.00076957148849
2.34856240441e-08	-0.000742449672543
2.34897170424e-08	-0.000564801608562
2.34938100407e-08	-0.000285070866084
2.34979030389e-08	2.82756179786e-05
2.35019960372e-08	0.000301610954921
2.35060890354e-08	0.000471406485303
2.35101820337e-08	0.000497996235936
2.3514275032e-08	0.000372705562768
2.35183680302e-08	0.000118562405078
2.35224610285e-08	-0.000215953295992
2.35265540268e-08	-0.000568508308788
2.3530647025e-08	-0.000875491547049
2.35347400233e-08	-0.00108452702261
2.35388330216e-08	-0.0011625116822
2.35429260198e-08	-0.00109938704554
2.35470190181e-08	-0.000907489411475
2.35511120164e-08	-0.000616701661784
2.35552050146e-08	-0.00026873607203
2.35592980129e-08	9.01417574823e-05
2.35633910112e-08	0.000415209538914
2.35674840094e-08	0.000668648430292
2.35715770077e-08	0.000824345195724
2.3575670006e-08	0.00087065185653
2.35797630042e-08	0.000812797989056
2.35838560025e-08	0.000672348804073
2.35879490007e-08	0.000484521882754
2.3592041999e-08	0.000292811389954
2.35961349973e-08	0.000140552713674
2.36002279955e-08	6.2529594743e-05
2.36043209938e-08	7.64962173889e-05
2.36084139921e-08	0.000178561614121
2.36125069903e-08	0.000343129449902
2.36165999886e-08	0.000527635515027
2.36206929869e-08	0.000682507168676
2.36247859851e-08	0.000762129202485
2.36288789834e-08	0.000735981968319
2.36329719817e-08	0.000595744026214
2.36370649799e-08	0.00035692810161
2.36411579782e-08	5.55231231374e-05
2.36452509765e-08	-0.000260888640696
2.36493439747e-08	-0.000543074933375
2.3653436973e-08	-0.000750281207729
2.36575299713e-08	-0.00085728502745
2.36616229695e-08	-0.000856952741742
2.36657159678e-08	-0.000759650523833
2.3669808966e-08	-0.000588595605223
2.36739019643e-08	-0.00037483273627
2.36779949626e-08	-0.000151842506966
2.36820879608e-08	4.88836205932e-05
2.36861809591e-08	0.000200383310585
2.36902739574e-08	0.000282988494291
2.36943669556e-08	0.000285729758616
2.36984599539e-08	0.000208472330996
2.37025529522e-08	6.34345510662e-05
2.37066459504e-08	-0.000124885161313
2.37107389487e-08	-0.000321068268022
2.3714831947e-08	-0.000483986503241
2.37189249452e-08	-0.000573535064177
2.37230179435e-08	-0.000559174281079
2.37271109418e-08	-0.000427803490311
2.373120394e-08	-0.000188066024748
2.37352969383e-08	0.000128902142933
2.37393899365e-08	0.000474922431749
2.37434829348e-08	0.000793646482634
2.37475759331e-08	0.00103180278529
2.37516689313e-08	0.00115016555355
2.37557619296e-08	0.00113045969192
2.37598549279e-08	0.000978533054877
2.37639479261e-08	0.000721443873772
2.37680409244e-08	0.000401086090278
2.37721339227e-08	6.58117278363e-05
2.37762269209e-08	-0.000238441443798
2.37803199192e-08	-0.000474152453535
2.37844129175e-08	-0.000616650966549
2.37885059157e-08	-0.000655203311908
2.3792598914e-08	-0.000592600194068
2.37966919123e-08	-0.000444167926617
2.38007849105e-08	-0.000235526104007
2.38048779088e-08	-9.93271726202e-07
2.38089709071e-08	0.000219950892642
2.38130639053e-08	0.000387104599213
2.38171569036e-08	0.000465531080408
2.38212499018e-08	0.000433008728578
2.38253429001e-08	0.000285790456473
2.38294358984e-08	4.28169760198e-05
2.38335288966e-08	-0.000255281205682
2.38376218949e-08	-0.000552055927983
2.38417148932e-08	-0.000785368996731
2.38458078914e-08	-0.000900867140444
2.38499008897e-08	-0.000863818844664
2.3853993888e-08	-0.000668228560244
2.38580868862e-08	-0.000339223070114
2.38621798845e-08	7.15155565558e-05
2.38662728828e-08	0.000495690492244
2.3870365881e-08	0.000862766952196
2.38744588793e-08	0.00111332886445
2.38785518776e-08	0.00121019298967
2.38826448758e-08	0.00114393689728
2.38867378741e-08	0.000932226634177
2.38908308724e-08	0.000614915337792
2.38949238706e-08	0.000244863522312
2.38990168689e-08	-0.000121172346553
2.39031098671e-08	-0.000431360618677
2.39072028654e-08	-0.000645545358566
2.39112958637e-08	-0.000739059083571
2.39153888619e-08	-0.0007053960544
2.39194818602e-08	-0.000555971833819
2.39235748585e-08	-0.00031909039717
2.39276678567e-08	-3.6729790736e-05
2.3931760855e-08	0.000241025951254
2.39358538533e-08	0.000462805979623
2.39399468515e-08	0.00058526612338
2.39440398498e-08	0.000581320124184
2.39481328481e-08	0.000446963476861
2.39522258463e-08	0.000203964489629
2.39563188446e-08	-0.000103400729131
2.39604118429e-08	-0.000416051196225
2.39645048411e-08	-0.000672827085509
2.39685978394e-08	-0.000823439855594
2.39726908377e-08	-0.00083956229355
2.39767838359e-08	-0.000720997806638
2.39808768342e-08	-0.000494302894367
2.39849698324e-08	-0.000206023849387
2.39890628307e-08	8.9506335371e-05
2.3993155829e-08	0.000342830726368
2.39972488272e-08	0.000519794120919
2.40013418255e-08	0.000607588284765
2.40054348238e-08	0.000613895233982
2.4009527822e-08	0.00056198630773
2.40136208203e-08	0.000481915587443
2.40177138186e-08	0.000401855253585
2.40218068168e-08	0.000341807550285
2.40258998151e-08	0.000310066932798
2.40299928134e-08	0.000304359833535
2.40340858116e-08	0.000314472192258
2.40381788099e-08	0.000326539680827
2.40422718082e-08	0.000326775547364
2.40463648064e-08	0.000303453853121
2.40504578047e-08	0.000248654319876
2.40545508029e-08	0.00015827246807
2.40586438012e-08	3.30253858465e-05
2.40627367995e-08	-0.000120590520964
2.40668297977e-08	-0.000289499274004
2.4070922796e-08	-0.000453320888482
2.40750157943e-08	-0.000586572856264
2.40791087925e-08	-0.000662195099721
2.40832017908e-08	-0.000657830809359
2.40872947891e-08	-0.000562654979149
2.40913877873e-08	-0.000382338606869
2.40954807856e-08	-0.000141518869896
2.40995737839e-08	0.000119610074762
2.41036667821e-08	0.000352463459421
2.41077597804e-08	0.000510779409524
2.41118527787e-08	0.000561853848922
2.41159457769e-08	0.000494296698889
2.41200387752e-08	0.000321711493598
2.41241317735e-08	7.9174529219e-05
2.41282247717e-08	-0.000184837831512
2.413231777e-08	-0.000419587824581
2.41364107682e-08	-0.000583442910283
2.41405037665e-08	-0.000651155471132
2.41445967648e-08	-0.000617367408267
2.4148689763e-08	-0.000494123352837
2.41527827613e-08	-0.000305206693156
2.41568757596e-08	-7.92600280874e-05
2.41609687578e-08	0.000156847158905
2.41650617561e-08	0.000381042369554
2.41691547544e-08	0.000577286915359
2.41732477526e-08	0.00073400106703
2.41773407509e-08	0.000842103305331
2.41814337492e-08	0.000894341501407
2.41855267474e-08	0.000885274428583
2.41896197457e-08	0.000813713981188
2.4193712744e-08	0.000684462262143
2.41978057422e-08	0.000509464007337
2.42018987405e-08	0.000306999820168
2.42059917388e-08	9.80042987067e-05
2.4210084737e-08	-9.78150492301e-05
2.42141777353e-08	-0.000266627450401
2.42182707335e-08	-0.000402396559366
2.42223637318e-08	-0.000506105250679
2.42264567301e-08	-0.000582674318139
2.42305497283e-08	-0.000635594267806
2.42346427266e-08	-0.000663354559947
2.42387357249e-08	-0.000657506727293
2.42428287231e-08	-0.000604917564488
2.42469217214e-08	-0.000493403815199
2.42510147197e-08	-0.000318215923471
2.42551077179e-08	-8.8529416189e-05
2.42592007162e-08	0.000170711095052
2.42632937145e-08	0.000421148928581
2.42673867127e-08	0.000618425674475
2.4271479711e-08	0.000722929147742
2.42755727093e-08	0.000709607029421
2.42796657075e-08	0.000575764370296
2.42837587058e-08	0.000342506789821
2.4287851704e-08	5.0802712849e-05
2.42919447023e-08	-0.000247115411184
2.42960377006e-08	-0.00049918890727
2.43001306988e-08	-0.000663090828311
2.43042236971e-08	-0.000713609169907
2.43083166954e-08	-0.000644733281661
2.43124096936e-08	-0.000467846639367
2.43165026919e-08	-0.000207602055525
2.43205956902e-08	0.000103843035504
2.43246886884e-08	0.000430642372521
2.43287816867e-08	0.000736617424991
2.4332874685e-08	0.000986928047496
2.43369676832e-08	0.00114963341184
2.43410606815e-08	0.00119883409934
2.43451536798e-08	0.00111806616042
2.4349246678e-08	0.000905444539967
2.43533396763e-08	0.000577046801482
2.43574326746e-08	0.000167815727764
2.43615256728e-08	-0.000271350658295
2.43656186711e-08	-0.000681699795678
2.43697116693e-08	-0.00100661295437
2.43738046676e-08	-0.00120310248894
2.43778976659e-08	-0.00125018964172
2.43819906641e-08	-0.00115231462405
2.43860836624e-08	-0.000937340751989
2.43901766607e-08	-0.000648254244879
2.43942696589e-08	-0.000333041156409
2.43983626572e-08	-3.38957934218e-05
2.44024556555e-08	0.000220160103709
2.44065486537e-08	0.000415555710788
2.4410641652e-08	0.00055249309662
2.44147346503e-08	0.000638899040496
2.44188276485e-08	0.000684618047671
2.44229206468e-08	0.000696577732015
2.44270136451e-08	0.000677025091136
2.44311066433e-08	0.00062546137633
2.44351996416e-08	0.000541421522939
2.44392926399e-08	0.000428329058195
2.44433856381e-08	0.000294697967547
2.44474786364e-08	0.000153099842464
2.44515716346e-08	1.72799727807e-05
2.44556646329e-08	-0.000102220312328
2.44597576312e-08	-0.000200152899197
2.44638506294e-08	-0.000277164250292
2.44679436277e-08	-0.000336978997439
2.4472036626e-08	-0.000381925583497
2.44761296242e-08	-0.000409318519814
2.44802226225e-08	-0.000409220632719
2.44843156208e-08	-0.000367025140804
2.4488408619e-08	-0.000268698611762
2.44925016173e-08	-0.000108258787805
2.44965946156e-08	0.000105349484329
2.45006876138e-08	0.000345840888258
2.45047806121e-08	0.000571512162423
2.45088736104e-08	0.000733701970603
2.45129666086e-08	0.000788200995885
2.45170596069e-08	0.000707115421392
2.45211526052e-08	0.000488086901896
2.45252456034e-08	0.000156603251526
2.45293386017e-08	-0.000237461690631
2.45334315999e-08	-0.000630047776212
2.45375245982e-08	-0.000955827490543
2.45416175965e-08	-0.00116057116975
2.45457105947e-08	-0.00121094050701
2.4549803593e-08	-0.00109806362889
2.45538965913e-08	-0.000836980500026
2.45579895895e-08	-0.000461551524495
2.45620825878e-08	-1.76824287337e-05
2.45661755861e-08	0.000442806212959
2.45702685843e-08	0.000868107992574
2.45743615826e-08	0.00121000759827
2.45784545809e-08	0.0014278831004
2.45825475791e-08	0.00149258974125
2.45866405774e-08	0.00139066419069
2.45907335757e-08	0.00112911375618
2.45948265739e-08	0.000737322647183
2.45989195722e-08	0.000266451377684
2.46030125704e-08	-0.000216675602132
2.46071055687e-08	-0.000640207072138
2.4611198567e-08	-0.000940241588978
2.46152915652e-08	-0.00107450250653
2.46193845635e-08	-0.00103103345464
2.46234775618e-08	-0.000831164812553
2.462757056e-08	-0.000524273935298
2.46316635583e-08	-0.000175744928129
2.46357565566e-08	0.000147808083966
2.46398495548e-08	0.000393754315155
2.46439425531e-08	0.000533013881068
2.46480355514e-08	0.00056338163995
2.46521285496e-08	0.00050549466323
2.46562215479e-08	0.000393047077523
2.46603145462e-08	0.000262035062406
2.46644075444e-08	0.000140501366332
2.46685005427e-08	4.3489386826e-05
2.4672593541e-08	-2.73297744116e-05
2.46766865392e-08	-7.99603039923e-05
2.46807795375e-08	-0.000125597150145
2.46848725357e-08	-0.000173674880898
2.4688965534e-08	-0.000228095374041
2.46930585323e-08	-0.000287067545287
2.46971515305e-08	-0.000344920077623
2.47012445288e-08	-0.000394133439841
2.47053375271e-08	-0.000427539460361
2.47094305253e-08	-0.000437892831542
2.47135235236e-08	-0.00041728841461
2.47176165219e-08	-0.000356185802957
2.47217095201e-08	-0.000243850430707
2.47258025184e-08	-7.19188619769e-05
2.47298955167e-08	0.000161060438586
2.47339885149e-08	0.000443552700744
2.47380815132e-08	0.000747736230551
2.47421745115e-08	0.00103029147431
2.47462675097e-08	0.00123820302542
2.4750360508e-08	0.00132027806103
2.47544535063e-08	0.00123976995383
2.47585465045e-08	0.000986502062005
2.47626395028e-08	0.000583219356486
2.4766732501e-08	8.40741408865e-05
2.47708254993e-08	-0.000434252102423
2.47749184976e-08	-0.000888496026164
2.47790114958e-08	-0.00120571007574
2.47831044941e-08	-0.0013384854683
2.47871974924e-08	-0.00127370898554
2.47912904906e-08	-0.00103280408075
2.47953834889e-08	-0.000665298703098
2.47994764872e-08	-0.000236185744143
2.48035694854e-08	0.00018716429804
