% time-domain voltage integration by openEMS v0.0.36-93-g7b9cd51 @Tue Sep  8 09:50:29 2026
% start-coordinates: (-0.03,0,0.001524) m -> [1,4,13]
% stop-coordinates: (-0.03,0,0) m -> [1,4,1]
% t/s	voltage
0	0
4.09299826492e-12	7.07577930825e-06
8.18599652984e-12	1.59952356853e-05
1.22789947948e-11	2.03004187824e-05
1.63719930597e-11	1.50858073766e-06
2.04649913246e-11	-7.90265694377e-05
2.45579895895e-11	-0.000285004451143
2.86509878545e-11	-0.000696386021446
3.27439861194e-11	-0.00137188035296
3.68369843843e-11	-0.00226985335757
4.09299826492e-11	-0.00313100995845
4.50229809141e-11	-0.00335965302656
4.91159791791e-11	-0.00198266873485
5.3208977444e-11	0.00220831287152
5.73019757089e-11	0.0102511943551
6.13949739738e-11	0.0223656177986
6.54879722388e-11	0.037249495741
6.95809705037e-11	0.0516637139954
7.36739687686e-11	0.0606888211332
7.77669670335e-11	0.0588692696765
8.18599652984e-11	0.0420876762364
8.59529635634e-11	0.00957417604513
9.00459618283e-11	-0.0348120960407
9.41389600932e-11	-0.0827863942832
9.82319583581e-11	-0.123564803973
1.02324956623e-10	-0.147016881034
1.06417954888e-10	-0.146942237392
1.10510953153e-10	-0.123216692358
1.14603951418e-10	-0.0819553830661
1.18696949683e-10	-0.0336249335669
1.22789947948e-10	0.0101661321241
1.26882946213e-10	0.0400135605596
1.30975944478e-10	0.0510711027309
1.35068942742e-10	0.0437691977713
1.39161941007e-10	0.0229155867128
1.43254939272e-10	-0.00426153253647
1.47347937537e-10	-0.0303294318728
1.51440935802e-10	-0.049421378877
1.55533934067e-10	-0.0581750511192
1.59626932332e-10	-0.0558224353008
1.63719930597e-10	-0.0436863962095
1.67812928862e-10	-0.0244337911718
1.71905927127e-10	-0.00136720616501
1.75998925392e-10	0.0221173076425
1.80091923657e-10	0.0429190250579
1.84184921922e-10	0.0585413500667
1.88277920186e-10	0.0673642633483
1.92370918451e-10	0.0688491459005
1.96463916716e-10	0.0635900991037
2.00556914981e-10	0.0531298471615
2.04649913246e-10	0.0395575144794
2.08742911511e-10	0.0249894994777
2.12835909776e-10	0.0111060580239
2.16928908041e-10	-0.00109683662595
2.21021906306e-10	-0.0112729548709
2.25114904571e-10	-0.0194654815132
2.29207902836e-10	-0.0257697792258
2.33300901101e-10	-0.0300857692491
2.37393899365e-10	-0.0320653081872
2.4148689763e-10	-0.0312558852602
2.45579895895e-10	-0.0273505353834
2.4967289416e-10	-0.0204187958734
2.53765892425e-10	-0.0110220787465
2.5785889069e-10	-0.000184794488405
2.61951888955e-10	0.0107427863986
2.6604488722e-10	0.0202664601384
2.70137885485e-10	0.0269283391535
2.7423088375e-10	0.0294772733469
2.78323882015e-10	0.0270478944294
2.8241688028e-10	0.0193598949118
2.86509878545e-10	0.00690944056259
2.90602876809e-10	-0.00892088096589
2.94695875074e-10	-0.0259234781843
2.98788873339e-10	-0.041354322806
3.02881871604e-10	-0.0524267377332
3.06974869869e-10	-0.0569021278061
3.11067868134e-10	-0.0536127602682
3.15160866399e-10	-0.0427594475914
3.19253864664e-10	-0.0258949301206
3.23346862929e-10	-0.00560485268943
3.27439861194e-10	0.0150117635494
3.31532859459e-10	0.0329180543777
3.35625857724e-10	0.0456385952421
3.39718855989e-10	0.0516039915383
3.43811854253e-10	0.0503217149526
3.47904852518e-10	0.0423929728568
3.51997850783e-10	0.0294000033755
3.56090849048e-10	0.0136751423124
3.60183847313e-10	-0.00204527463939
3.64276845578e-10	-0.0150634057354
3.68369843843e-10	-0.0232019906398
3.72462842108e-10	-0.0252266547177
3.76555840373e-10	-0.0210930374451
3.80648838638e-10	-0.0119336757343
3.84741836903e-10	0.000229947371054
3.88834835168e-10	0.0129761701683
3.92927833433e-10	0.024032428395
3.97020831697e-10	0.0317304257769
4.01113829962e-10	0.0352548747323
4.05206828227e-10	0.0346520654857
4.09299826492e-10	0.030645545572
4.13392824757e-10	0.0243536289781
4.17485823022e-10	0.0170059504453
4.21578821287e-10	0.00972171145258
4.25671819552e-10	0.00336769709247
4.29764817817e-10	-0.00151756282139
4.33857816082e-10	-0.00475131589337
4.37950814347e-10	-0.00648973416537
4.42043812612e-10	-0.00715682283044
4.46136810877e-10	-0.00731184316101
4.50229809141e-10	-0.00747100572335
4.54322807406e-10	-0.00793009926565
4.58415805671e-10	-0.00865309120854
4.62508803936e-10	-0.00928059674334
4.66601802201e-10	-0.00927128747571
4.70694800466e-10	-0.0081350330147
4.74787798731e-10	-0.00567419236177
4.78880796996e-10	-0.00213979270484
4.82973795261e-10	0.00176190329512
4.87066793526e-10	0.00502232625149
4.91159791791e-10	0.00659581145737
4.95252790056e-10	0.00569432182238
4.99345788321e-10	0.00202494507539
5.03438786585e-10	-0.00409191768267
5.0753178485e-10	-0.0117468071403
5.11624783115e-10	-0.0195948354667
5.1571778138e-10	-0.026101795258
5.19810779645e-10	-0.0298349987715
5.2390377791e-10	-0.0297497280408
5.27996776175e-10	-0.0254229367711
5.3208977444e-10	-0.017189143924
5.36182772705e-10	-0.00614324046182
5.4027577097e-10	0.0060069883184
5.44368769235e-10	0.0172255255748
5.484617675e-10	0.0255240357947
5.52554765765e-10	0.0293558211997
5.56647764029e-10	0.0279438791331
5.60740762294e-10	0.0214689855929
5.64833760559e-10	0.0110728639411
5.68926758824e-10	-0.00133002801886
5.73019757089e-10	-0.0133991270559
5.77112755354e-10	-0.0228092308389
5.81205753619e-10	-0.0277030963916
5.85298751884e-10	-0.0270662412513
5.89391750149e-10	-0.0209458997706
5.93484748414e-10	-0.0104615863529
5.97577746679e-10	0.00240462202055
6.01670744944e-10	0.0152012939798
6.05763743209e-10	0.0255021369085
6.09856741473e-10	0.0313926285598
6.13949739738e-10	0.0318402091507
6.18042738003e-10	0.0268695547711
6.22135736268e-10	0.0175158727216
6.26228734533e-10	0.00558269076282
6.30321732798e-10	-0.00672857905738
6.34414731063e-10	-0.0172348029446
6.38507729328e-10	-0.0241568216588
6.42600727593e-10	-0.0264174437616
6.46693725858e-10	-0.0238146313932
6.50786724123e-10	-0.017048746231
6.54879722388e-10	-0.00759452406783
6.58972720653e-10	0.00257428037003
6.63065718917e-10	0.0113717269269
6.67158717182e-10	0.0170295806602
6.71251715447e-10	0.0184750781627
6.75344713712e-10	0.0155590628274
6.79437711977e-10	0.00906660297187
6.83530710242e-10	0.000501193145283
6.87623708507e-10	-0.00829882232938
6.91716706772e-10	-0.0156022831798
6.95809705037e-10	-0.02016349521
6.99902703302e-10	-0.0214438154362
7.03995701567e-10	-0.0196408672491
7.08088699832e-10	-0.0155500421533
7.12181698096e-10	-0.0103228752851
7.16274696361e-10	-0.00519538368098
7.20367694626e-10	-0.00124291620159
7.24460692891e-10	0.00080788300329
7.28553691156e-10	0.000697997667885
7.32646689421e-10	-0.00132213239704
7.36739687686e-10	-0.00453893799568
7.40832685951e-10	-0.00791946303798
7.44925684216e-10	-0.0103447596775
7.49018682481e-10	-0.0108945099055
7.53111680746e-10	-0.00911319814622
7.57204679011e-10	-0.00517542046146
7.61297677276e-10	0.000113803661407
7.6539067554e-10	0.00550059173838
7.69483673805e-10	0.00960293115349
7.7357667207e-10	0.011279995495
7.77669670335e-10	0.0099430285627
7.817626686e-10	0.0057217090507
7.85855666865e-10	-0.000552413210926
7.8994866513e-10	-0.00752950657625
7.94041663395e-10	-0.0136350909015
7.9813466166e-10	-0.0173998816172
8.02227659925e-10	-0.0177575577982
8.0632065819e-10	-0.0142604659777
8.10413656455e-10	-0.00718402175698
8.1450665472e-10	0.00249355645792
8.18599652984e-10	0.0132354171947
8.22692651249e-10	0.0231990102911
8.26785649514e-10	0.0305633132812
8.30878647779e-10	0.0338764004409
8.34971646044e-10	0.0323547255248
8.39064644309e-10	0.0260678823106
8.43157642574e-10	0.0159609223483
8.47250640839e-10	0.00370117317652
8.51343639104e-10	-0.00862328801304
8.55436637369e-10	-0.0188932847232
8.59529635634e-10	-0.0253568331245
8.63622633899e-10	-0.0269560003653
8.67715632164e-10	-0.0235188517254
8.71808630428e-10	-0.0157811805839
8.75901628693e-10	-0.00523608279764
8.79994626958e-10	0.00615712295985
8.84087625223e-10	0.0163440635661
8.88180623488e-10	0.0235510084312
8.92273621753e-10	0.0265895612538
8.96366620018e-10	0.0250333624426
9.00459618283e-10	0.0192407560535
9.04552616548e-10	0.010234803718
9.08645614813e-10	-0.000518295426446
9.12738613078e-10	-0.0113775366335
9.16831611343e-10	-0.0207902828697
9.20924609608e-10	-0.0275126567576
9.25017607872e-10	-0.0307661504485
9.29110606137e-10	-0.0303216888569
9.33203604402e-10	-0.0265058642253
9.37296602667e-10	-0.0201257856097
9.41389600932e-10	-0.0123163410462
9.45482599197e-10	-0.00432916372665
9.49575597462e-10	0.00269716369803
9.53668595727e-10	0.00793130439706
9.57761593992e-10	0.0109568678308
9.61854592257e-10	0.0117668162566
9.65947590522e-10	0.0106569709606
9.70040588787e-10	0.00806783471489
9.74133587052e-10	0.00444032548694
9.78226585316e-10	0.000138731698371
9.82319583581e-10	-0.00454189628363
9.86412581846e-10	-0.00930933241034
9.90505580111e-10	-0.0138014991535
9.94598578376e-10	-0.0175594231114
9.98691576641e-10	-0.0200702724978
1.00278457491e-09	-0.020867229905
1.00687757317e-09	-0.0196449122159
1.01097057144e-09	-0.0163446371444
1.0150635697e-09	-0.0111830214155
1.01915656797e-09	-0.00462662719656
1.02324956623e-09	0.00266379144159
1.0273425645e-09	0.00989420566475
1.03143556276e-09	0.0161956534721
1.03552856103e-09	0.0206927146064
1.03962155929e-09	0.0226038993569
1.04371455756e-09	0.0213824857492
1.04780755582e-09	0.0168767332798
1.05190055409e-09	0.00945879804203
1.05599355235e-09	6.12260698745e-05
1.06008655061e-09	-0.009921148594
1.06417954888e-09	-0.0188626794843
1.06827254714e-09	-0.0252216781955
1.07236554541e-09	-0.0278557436541
1.07645854367e-09	-0.0262534150388
1.08055154194e-09	-0.020626494661
1.0846445402e-09	-0.0118519822136
1.08873753847e-09	-0.00129390351503
1.09283053673e-09	0.00944257481024
1.096923535e-09	0.0187713619089
1.10101653326e-09	0.0253611169755
1.10510953153e-09	0.0283231537323
1.10920252979e-09	0.0273371732328
1.11329552806e-09	0.0227010385133
1.11738852632e-09	0.0152911790647
1.12148152459e-09	0.00642599590356
1.12557452285e-09	-0.0023566850432
1.12966752112e-09	-0.00957457791083
1.13376051938e-09	-0.0140734466258
1.13785351765e-09	-0.0152364918031
1.14194651591e-09	-0.0130820339546
1.14603951418e-09	-0.00822877592873
1.15013251244e-09	-0.00174128760409
1.15422551071e-09	0.00510368216783
1.15831850897e-09	0.0110748774023
1.16241150724e-09	0.0152129075723
1.1665045055e-09	0.0169822110329
1.17059750377e-09	0.0163252953207
1.17469050203e-09	0.013616897515
1.1787835003e-09	0.0095362510765
1.18287649856e-09	0.00489158334676
1.18696949683e-09	0.000439546561211
1.19106249509e-09	-0.00325893433183
1.19515549336e-09	-0.00591691263253
1.19924849162e-09	-0.00752411491703
1.20334148989e-09	-0.00828520214418
1.20743448815e-09	-0.00852021889295
1.21152748642e-09	-0.00855780456914
1.21562048468e-09	-0.00864561909111
1.21971348295e-09	-0.00889099534834
1.22380648121e-09	-0.00923545006663
1.22789947948e-09	-0.00946320628282
1.23199247774e-09	-0.0092450301745
1.23608547601e-09	-0.00821875262773
1.24017847427e-09	-0.00610103097279
1.24427147254e-09	-0.00281021717819
1.2483644708e-09	0.00143583463796
1.25245746907e-09	0.00608965073479
1.25655046733e-09	0.0103420721134
1.2606434656e-09	0.0132886540378
1.26473646386e-09	0.0141563685611
1.26882946213e-09	0.0125237767352
1.27292246039e-09	0.0084629120538
1.27701545866e-09	0.00255553505849
1.28110845692e-09	-0.00422058717231
1.28520145519e-09	-0.0106960218982
1.28929445345e-09	-0.0157412048429
1.29338745172e-09	-0.0184650979936
1.29748044998e-09	-0.0183458472602
1.30157344825e-09	-0.015289836796
1.30566644651e-09	-0.00963487540139
1.30975944478e-09	-0.0021135743882
1.31385244304e-09	0.00622074608691
1.31794544131e-09	0.0141162715154
1.32203843957e-09	0.0203019009205
1.32613143783e-09	0.0237111498136
1.3302244361e-09	0.0237084054388
1.33431743436e-09	0.020253330702
1.33841043263e-09	0.0139422360808
1.34250343089e-09	0.00589893545839
1.34659642916e-09	-0.0024642344215
1.35068942742e-09	-0.00974897714332
1.35478242569e-09	-0.0148506386904
1.35887542395e-09	-0.0171426541638
1.36296842222e-09	-0.016532683745
1.36706142048e-09	-0.013403056073
1.37115441875e-09	-0.00847899232758
1.37524741701e-09	-0.00267376680858
1.37934041528e-09	0.00305533054052
1.38343341354e-09	0.00782979186624
1.38752641181e-09	0.0109555567033
1.39161941007e-09	0.0120143746026
1.39571240834e-09	0.0109307574457
1.3998054066e-09	0.00799257232575
1.40389840487e-09	0.00380349718034
1.40799140313e-09	-0.000837497827888
1.4120844014e-09	-0.00510747270891
1.41617739966e-09	-0.00833677977789
1.42027039793e-09	-0.0101408662158
1.42436339619e-09	-0.0104697925271
1.42845639446e-09	-0.00956727657467
1.43254939272e-09	-0.00786139140837
1.43664239099e-09	-0.00582815491362
1.44073538925e-09	-0.003870865301
1.44482838752e-09	-0.0022446011717
1.44892138578e-09	-0.00103501583362
1.45301438405e-09	-0.000183554089745
1.45710738231e-09	0.000458225153125
1.46120038058e-09	0.00106380305078
1.46529337884e-09	0.0017715482827
1.46938637711e-09	0.00264009510283
1.47347937537e-09	0.00362638180377
1.47757237364e-09	0.00458991757478
1.4816653719e-09	0.00532227172516
1.48575837017e-09	0.00559521911782
1.48985136843e-09	0.00521668212605
1.4939443667e-09	0.00408240460092
1.49803736496e-09	0.00221352468361
1.50213036323e-09	-0.000225624356744
1.50622336149e-09	-0.00293184640759
1.51031635976e-09	-0.00549086596584
1.51440935802e-09	-0.0074301813147
1.51850235629e-09	-0.00829663604964
1.52259535455e-09	-0.0077517820755
1.52668835282e-09	-0.00566711343708
1.53078135108e-09	-0.00219197965635
1.53487434935e-09	0.00223415116488
1.53896734761e-09	0.00694163166918
1.54306034588e-09	0.0111560855294
1.54715334414e-09	0.014157943544
1.55124634241e-09	0.015429395251
1.55533934067e-09	0.014746222645
1.55943233894e-09	0.0121931670001
1.5635253372e-09	0.00811157893622
1.56761833547e-09	0.00301115245384
1.57171133373e-09	-0.00251778398524
1.575804332e-09	-0.0078686166089
1.57989733026e-09	-0.0124606199097
1.58399032852e-09	-0.0157777559943
1.58808332679e-09	-0.017423607409
1.59217632505e-09	-0.0171944366302
1.59626932332e-09	-0.0151485594688
1.60036232158e-09	-0.0116351784673
1.60445531985e-09	-0.00725223025074
1.60854831811e-09	-0.00272965691693
1.61264131638e-09	0.00123063369392
1.61673431464e-09	0.0041045662947
1.62082731291e-09	0.00563352109748
1.62492031117e-09	0.00582526795915
1.62901330944e-09	0.00488231520285
1.6331063077e-09	0.00310149570578
1.63719930597e-09	0.000794052240963
1.64129230423e-09	-0.00174518108543
1.6453853025e-09	-0.00422481726855
1.64947830076e-09	-0.00633256213041
1.65357129903e-09	-0.00773716636468
1.65766429729e-09	-0.00813541398384
1.66175729556e-09	-0.00733175396454
1.66585029382e-09	-0.00531340253656
1.66994329209e-09	-0.00228067688295
1.67403629035e-09	0.00138764483563
1.67812928862e-09	0.0052224152023
1.68222228688e-09	0.00876853970112
1.68631528515e-09	0.0116636630264
1.69040828341e-09	0.0136661374709
1.69450128168e-09	0.0146364911925
1.69859427994e-09	0.0145007773535
1.70268727821e-09	0.0132292396156
1.70678027647e-09	0.0108494048472
1.71087327474e-09	0.00748715369264
1.714966273e-09	0.00340802472783
1.71905927127e-09	-0.000973795387836
1.72315226953e-09	-0.0051372240996
1.7272452678e-09	-0.00854155962588
1.73133826606e-09	-0.0107325827121
1.73543126433e-09	-0.0114330982324
1.73952426259e-09	-0.010591446422
1.74361726086e-09	-0.0083796872641
1.74771025912e-09	-0.00515087417443
1.75180325739e-09	-0.00137446109147
1.75589625565e-09	0.00243233410583
1.75998925392e-09	0.0057670432434
1.76408225218e-09	0.00819590716856
1.76817525045e-09	0.00940052198712
1.77226824871e-09	0.00921636045678
1.77636124698e-09	0.00765867554583
1.78045424524e-09	0.00492877603392
1.78454724351e-09	0.00139523378311
1.78864024177e-09	-0.00245091097895
1.79273324004e-09	-0.00606268993579
1.7968262383e-09	-0.00891713547753
1.80091923657e-09	-0.0105973480968
1.80501223483e-09	-0.0108638157835
1.8091052331e-09	-0.00970067846356
1.81319823136e-09	-0.00732382963179
1.81729122963e-09	-0.00414305573213
1.82138422789e-09	-0.000681382582115
1.82547722616e-09	0.0025316318206
1.82957022442e-09	0.0050646274467
1.83366322269e-09	0.00665724871214
1.83775622095e-09	0.00724141130922
1.84184921922e-09	0.00691060966346
1.84594221748e-09	0.00585680181393
1.85003521574e-09	0.00430476706242
1.85412821401e-09	0.00246908317786
1.85822121227e-09	0.000542029669305
1.86231421054e-09	-0.00129908535746
1.8664072088e-09	-0.00288700054807
1.87050020707e-09	-0.00407873420045
1.87459320533e-09	-0.0047884111118
1.8786862036e-09	-0.00501935210195
1.88277920186e-09	-0.00486916405498
1.88687220013e-09	-0.0044923327514
1.89096519839e-09	-0.0040289768076
1.89505819666e-09	-0.00353202479891
1.89915119492e-09	-0.00293309656263
1.90324419319e-09	-0.00207272380067
1.90733719145e-09	-0.000789044359408
1.91143018972e-09	0.000972849906248
1.91552318798e-09	0.00308368291007
1.91961618625e-09	0.00522573533817
1.92370918451e-09	0.00696913007414
1.92780218278e-09	0.00789873191388
1.93189518104e-09	0.00773911690339
1.93598817931e-09	0.00642936024815
1.94008117757e-09	0.00412639428396
1.94417417584e-09	0.00115011114394
1.9482671741e-09	-0.00209390632517
1.95236017237e-09	-0.00517877747188
1.95645317063e-09	-0.00769304670393
1.9605461689e-09	-0.00926094263559
1.96463916716e-09	-0.00957176310476
1.96873216543e-09	-0.00843656843062
1.97282516369e-09	-0.00586596791982
1.97691816196e-09	-0.00213640384027
1.98101116022e-09	0.00219831956201
1.98510415849e-09	0.00637979072053
1.98919715675e-09	0.00959785049781
1.99329015502e-09	0.0111831446411
1.99738315328e-09	0.0107776265941
2.00147615155e-09	0.00842693872983
2.00556914981e-09	0.00456741792732
2.00966214808e-09	-8.14337977602e-05
2.01375514634e-09	-0.00467871167348
2.01784814461e-09	-0.0084286245401
2.02194114287e-09	-0.0107134061982
2.02603414114e-09	-0.0111760863801
2.0301271394e-09	-0.00975552032469
2.03422013767e-09	-0.00668392883381
2.03831313593e-09	-0.0024536337296
2.0424061342e-09	0.00224750096095
2.04649913246e-09	0.00663492939202
2.05059213073e-09	0.00995620904723
2.05468512899e-09	0.0116317549255
2.05877812726e-09	0.0113767540315
2.06287112552e-09	0.00927066634176
2.06696412379e-09	0.00575048557948
2.07105712205e-09	0.00152423838153
2.07515012032e-09	-0.00257702007366
2.07924311858e-09	-0.00577389300452
2.08333611685e-09	-0.00749968789751
2.08742911511e-09	-0.00751243537525
2.09152211338e-09	-0.00593555287924
2.09561511164e-09	-0.00322033057455
2.09970810991e-09	-3.96830600948e-05
2.10380110817e-09	0.00286358501762
2.10789410644e-09	0.00484035749105
2.1119871047e-09	0.0054739319603
2.11608010296e-09	0.00466239749221
2.12017310123e-09	0.00262703071348
2.12426609949e-09	-0.00015130144152
2.12835909776e-09	-0.00304698731634
2.13245209602e-09	-0.00542426476022
2.13654509429e-09	-0.00676064257277
2.14063809255e-09	-0.00673813652247
2.14473109082e-09	-0.00529454651405
2.14882408908e-09	-0.00263581273612
2.15291708735e-09	0.000787810957263
2.15701008561e-09	0.00434264758951
2.16110308388e-09	0.00731185515178
2.16519608214e-09	0.00903081003344
2.16928908041e-09	0.00903786113486
2.17338207867e-09	0.00720388238551
2.17747507694e-09	0.00379668019013
2.1815680752e-09	-0.000552807468921
2.18566107347e-09	-0.00498604177847
2.18975407173e-09	-0.00862096238416
2.19384707e-09	-0.0107634826563
2.19794006826e-09	-0.0110610761913
2.20203306653e-09	-0.00955518888077
2.20612606479e-09	-0.00662825262407
2.21021906306e-09	-0.00287843905971
2.21431206132e-09	0.00102596519719
2.21840505959e-09	0.00446771696443
2.22249805785e-09	0.00695729930885
2.22659105612e-09	0.00817234389251
2.23068405438e-09	0.00798000011127
2.23477705265e-09	0.00645585427992
2.23887005091e-09	0.00389379015542
2.24296304918e-09	0.000784629337431
2.24705604744e-09	-0.00225798280735
2.25114904571e-09	-0.0046256337082
2.25524204397e-09	-0.00586766068591
2.25933504224e-09	-0.00581600249279
2.2634280405e-09	-0.0046308177989
2.26752103877e-09	-0.00274244691536
2.27161403703e-09	-0.000706803206413
2.2757070353e-09	0.00097202409961
2.27980003356e-09	0.00198563128652
2.28389303183e-09	0.00228239824355
2.28798603009e-09	0.00203408263042
2.29207902836e-09	0.00153522996698
2.29617202662e-09	0.00108467006794
2.30026502489e-09	0.000894962671737
2.30435802315e-09	0.00105261484714
2.30845102142e-09	0.00152413888281
2.31254401968e-09	0.00218601977394
2.31663701795e-09	0.00285712858022
2.32073001621e-09	0.00332562468247
2.32482301448e-09	0.00337720860261
2.32891601274e-09	0.00283637500252
2.33300901101e-09	0.00162325965357
2.33710200927e-09	-0.000187958250763
2.34119500754e-09	-0.002336167061
2.3452880058e-09	-0.00439227416064
2.34938100407e-09	-0.00584024740965
2.35347400233e-09	-0.00620546500431
2.3575670006e-09	-0.00519387415261
2.36165999886e-09	-0.00279764700099
2.36575299713e-09	0.000668146596581
2.36984599539e-09	0.00461124224239
2.37393899365e-09	0.00827874511015
2.37803199192e-09	0.0109143152367
2.38212499018e-09	0.0119177533779
2.38621798845e-09	0.0109719237662
2.39031098671e-09	0.00811223260825
2.39440398498e-09	0.00372669377248
2.39849698324e-09	-0.00151199994434
2.40258998151e-09	-0.00676852581091
2.40668297977e-09	-0.0111972322338
2.41077597804e-09	-0.0140944340965
2.4148689763e-09	-0.0150206900435
2.41896197457e-09	-0.0138700034004
2.42305497283e-09	-0.0108763854369
2.4271479711e-09	-0.00656207161956
2.43124096936e-09	-0.00164234997646
2.43533396763e-09	0.00309377413942
2.43942696589e-09	0.00690951308934
2.44351996416e-09	0.0092377132969
2.44761296242e-09	0.00977561890613
2.45170596069e-09	0.00854078924749
2.45579895895e-09	0.00587148111663
2.45989195722e-09	0.0023605726019
2.46398495548e-09	-0.00127264413459
2.46807795375e-09	-0.00434682835476
2.47217095201e-09	-0.00637508142972
2.47626395028e-09	-0.00716486247256
2.48035694854e-09	-0.00682803016389
2.48444994681e-09	-0.00569914019434
2.48854294507e-09	-0.00419459867408
2.49263594334e-09	-0.00266740725783
2.4967289416e-09	-0.00131049995252
2.50082193987e-09	-0.000137425795657
2.50491493813e-09	0.000965910832747
2.5090079364e-09	0.00215293689689
2.51310093466e-09	0.00353407743387
2.51719393293e-09	0.00512948969845
2.52128693119e-09	0.00686106004287
2.52537992946e-09	0.00856749195373
2.52947292772e-09	0.0100219880696
2.53356592599e-09	0.0109448494622
2.53765892425e-09	0.0110221775249
2.54175192252e-09	0.00995173695264
2.54584492078e-09	0.00752805004595
2.54993791905e-09	0.00375342322513
2.55403091731e-09	-0.00106601243897
2.55812391558e-09	-0.00629192759516
2.56221691384e-09	-0.0110310764285
2.56630991211e-09	-0.0143177756108
2.57040291037e-09	-0.0153563348576
2.57449590864e-09	-0.0137477265671
2.5785889069e-09	-0.00962546176743
2.58268190517e-09	-0.00365608202992
2.58677490343e-09	0.00309308811848
2.5908679017e-09	0.00937455886742
2.59496089996e-09	0.014005486737
2.59905389823e-09	0.0160790156806
2.60314689649e-09	0.0151089660358
2.60723989476e-09	0.0111004260834
2.61133289302e-09	0.00455317061278
2.61542589129e-09	-0.00359468613169
2.61951888955e-09	-0.0120823782054
2.62361188782e-09	-0.0195024374407
2.62770488608e-09	-0.0245276240166
2.63179788435e-09	-0.0261577975471
2.63589088261e-09	-0.0239351473283
2.63998388087e-09	-0.0180692084832
2.64407687914e-09	-0.00942791823763
2.6481698774e-09	0.000615148077486
2.65226287567e-09	0.0104454556713
2.65635587393e-09	0.018520795973
2.6604488722e-09	0.023658582475
2.66454187046e-09	0.0252346091438
2.66863486873e-09	0.0232588035287
2.67272786699e-09	0.0183255015872
2.67682086526e-09	0.0114630869357
2.68091386352e-09	0.00392226985423
2.68500686179e-09	-0.00305394164752
2.68909986005e-09	-0.00843857240397
2.69319285832e-09	-0.0115746590891
2.69728585658e-09	-0.012252910994
2.70137885485e-09	-0.0107040929724
2.70547185311e-09	-0.00751202780521
2.70956485138e-09	-0.00346890254878
2.71365784964e-09	0.000594950422965
2.71775084791e-09	0.00397134295781
2.72184384617e-09	0.00619395903777
2.72593684444e-09	0.00709802040365
2.7300298427e-09	0.00681365292985
2.73412284097e-09	0.00569867482409
2.73821583923e-09	0.00422635645373
2.7423088375e-09	0.00285120285116
2.74640183576e-09	0.00188215909293
2.75049483403e-09	0.00139532836329
2.75458783229e-09	0.00121397315525
2.75868083056e-09	0.000969254833763
2.76277382882e-09	0.000231684761275
2.76686682709e-09	-0.00132263177511
2.77095982535e-09	-0.00376454295474
2.77505282362e-09	-0.00683639885392
2.77914582188e-09	-0.00998045870801
2.78323882015e-09	-0.0124674093677
2.78733181841e-09	-0.0135860294104
2.79142481668e-09	-0.0128345377743
2.79551781494e-09	-0.0100574028911
2.79961081321e-09	-0.00549522420624
2.80370381147e-09	0.000253273685303
2.80779680974e-09	0.00633388699498
2.811889808e-09	0.01177337626
2.81598280627e-09	0.0156261549564
2.82007580453e-09	0.0171201033518
2.8241688028e-09	0.015796220745
2.82826180106e-09	0.0116287032142
2.83235479933e-09	0.00509760648129
2.83644779759e-09	-0.0028232709883
2.84054079586e-09	-0.0107922882307
2.84463379412e-09	-0.0173377762549
2.84872679239e-09	-0.0211645981763
2.85281979065e-09	-0.0214511704398
2.85691278892e-09	-0.0180503571173
2.86100578718e-09	-0.011532041477
2.86509878545e-09	-0.00305487881997
2.86919178371e-09	0.00589155091438
2.87328478198e-09	0.0137968675699
2.87737778024e-09	0.01941094629
2.88147077851e-09	0.0219382633222
2.88556377677e-09	0.0211257892661
2.88965677504e-09	0.0172559111379
2.8937497733e-09	0.0110698868521
2.89784277157e-09	0.00364325026749
2.90193576983e-09	-0.00377599307103
2.90602876809e-09	-0.0099598239176
2.91012176636e-09	-0.0139071912272
2.91421476462e-09	-0.0150322865229
2.91830776289e-09	-0.0132870333036
2.92240076115e-09	-0.00917480222415
2.92649375942e-09	-0.00363745455979
2.93058675768e-09	0.00216298608575
2.93467975595e-09	0.00711085862713
2.93877275421e-09	0.0103772112052
2.94286575248e-09	0.011569815746
2.94695875074e-09	0.0107610544655
2.95105174901e-09	0.0084024037933
2.95514474727e-09	0.00516606328893
2.95923774554e-09	0.00176690466469
2.9633307438e-09	-0.00118931615725
2.96742374207e-09	-0.00330454047071
2.97151674033e-09	-0.00442715696408
2.9756097386e-09	-0.00463792201481
2.97970273686e-09	-0.00419573849649
2.98379573513e-09	-0.00345698141609
2.98788873339e-09	-0.00278250071278
2.99198173166e-09	-0.00244853633922
2.99607472992e-09	-0.00257978105219
3.00016772819e-09	-0.0031211063615
3.00426072645e-09	-0.0038568826858
3.00835372472e-09	-0.00447471230291
3.01244672298e-09	-0.00465765999979
3.01653972125e-09	-0.00418066125712
3.02063271951e-09	-0.00298545812257
3.02472571778e-09	-0.00121414691966
3.02881871604e-09	0.000808636963484
3.03291171431e-09	0.00264338462148
3.03700471257e-09	0.00384082150413
3.04109771084e-09	0.00406222484889
3.0451907091e-09	0.00318583007902
3.04928370737e-09	0.00136822909553
3.05337670563e-09	-0.00096393097192
3.0574697039e-09	-0.00320050970186
3.06156270216e-09	-0.0046975586738
3.06565570043e-09	-0.00495182161103
3.06974869869e-09	-0.00374845528859
3.07384169696e-09	-0.00123489657562
3.07793469522e-09	0.0021039313142
3.08202769349e-09	0.00556137412786
3.08612069175e-09	0.00837900832994
3.09021369002e-09	0.00992029655026
3.09430668828e-09	0.00980339455418
3.09839968655e-09	0.00796942849411
3.10249268481e-09	0.00468580247252
3.10658568308e-09	0.000498691282701
3.11067868134e-09	-0.00385002041003
3.11477167961e-09	-0.0075336007867
3.11886467787e-09	-0.00977705122204
3.12295767614e-09	-0.010012130253
3.1270506744e-09	-0.00802743656095
3.13114367267e-09	-0.00407222670037
3.13523667093e-09	0.00113264597894
3.1393296692e-09	0.00650660257088
3.14342266746e-09	0.010836258356
3.14751566573e-09	0.0130655650282
3.15160866399e-09	0.0125667349203
3.15570166226e-09	0.00930919416714
3.15979466052e-09	0.00387508238782
3.16388765879e-09	-0.00267944634834
3.16798065705e-09	-0.00906888960162
3.17207365531e-09	-0.0140548005002
3.17616665358e-09	-0.0166837194702
3.18025965184e-09	-0.0164432686288
3.18435265011e-09	-0.0133260523435
3.18844564837e-09	-0.00781395903323
3.19253864664e-09	-0.000800390283985
3.1966316449e-09	0.00653893366689
3.20072464317e-09	0.0129229603335
3.20481764143e-09	0.0171811806504
3.2089106397e-09	0.0184815266402
3.21300363796e-09	0.0165226081153
3.21709663623e-09	0.0116326384014
3.22118963449e-09	0.00473138256348
3.22528263276e-09	-0.00285210771835
3.22937563102e-09	-0.0096675354871
3.23346862929e-09	-0.0144618055783
3.23756162755e-09	-0.0164423221722
3.24165462582e-09	-0.0154186349828
3.24574762408e-09	-0.0117965555983
3.24984062235e-09	-0.00644321535947
3.25393362061e-09	-0.000472382986118
3.25802661888e-09	0.00499049387872
3.26211961714e-09	0.00901413708925
3.26621261541e-09	0.0110073334654
3.27030561367e-09	0.0107923742034
3.27439861194e-09	0.00860524654854
3.2784916102e-09	0.00502777498332
3.28258460847e-09	0.000862090957526
3.28667760673e-09	-0.00303420165437
3.290770605e-09	-0.00592361626332
3.29486360326e-09	-0.007339057629
3.29895660153e-09	-0.0071732350043
3.30304959979e-09	-0.00568399240728
3.30714259806e-09	-0.00341267613112
3.31123559632e-09	-0.00103596288682
3.31532859459e-09	0.000811284895462
3.31942159285e-09	0.00169761823781
3.32351459112e-09	0.00150177570322
3.32760758938e-09	0.000439300880316
3.33170058765e-09	-0.000997357827146
3.33579358591e-09	-0.00217181655171
3.33988658418e-09	-0.00247911069891
3.34397958244e-09	-0.00152085963055
3.34807258071e-09	0.000765470715123
3.35216557897e-09	0.00406058630324
3.35625857724e-09	0.00771800195798
3.3603515755e-09	0.0109090658952
3.36444457377e-09	0.0128214753931
3.36853757203e-09	0.012858041795
3.3726305703e-09	0.0107836009702
3.37672356856e-09	0.00678536557825
3.38081656683e-09	0.00143913632201
3.38490956509e-09	-0.00440107585746
3.38900256336e-09	-0.00975823582849
3.39309556162e-09	-0.0137003962882
3.39718855989e-09	-0.0154980334919
3.40128155815e-09	-0.0147549590329
3.40537455642e-09	-0.0114991662558
3.40946755468e-09	-0.00621589244111
3.41356055295e-09	0.000197840164219
3.41765355121e-09	0.00656977295876
3.42174654948e-09	0.0116712130839
3.42583954774e-09	0.0144781918498
3.429932546e-09	0.0144096163567
3.43402554427e-09	0.0114719407284
3.43811854253e-09	0.00626127555734
3.4422115408e-09	-0.00018169660234
3.44630453906e-09	-0.00662085309159
3.45039753733e-09	-0.0119019474369
3.45449053559e-09	-0.0151801764732
3.45858353386e-09	-0.0160463330103
3.46267653212e-09	-0.0145407351665
3.46676953039e-09	-0.0110807640012
3.47086252865e-09	-0.00634342804551
3.47495552692e-09	-0.00113791438343
3.47904852518e-09	0.00371539476328
3.48314152345e-09	0.00749903754331
3.48723452171e-09	0.0097065261798
3.49132751998e-09	0.0101332158665
3.49542051824e-09	0.00892381172162
3.49951351651e-09	0.00654717284488
3.50360651477e-09	0.00368535140296
3.50769951304e-09	0.00105534429167
3.5117925113e-09	-0.000785909305705
3.51588550957e-09	-0.00158830947476
3.51997850783e-09	-0.00145464928937
3.5240715061e-09	-0.00076995372001
3.52816450436e-09	-4.2416805627e-05
3.53225750263e-09	0.000283845587148
3.53635050089e-09	-2.2220747752e-05
3.54044349916e-09	-0.000913730866159
3.54453649742e-09	-0.00209540055948
3.54862949569e-09	-0.00312434404623
3.55272249395e-09	-0.00354126590537
3.55681549222e-09	-0.00299280519539
3.56090849048e-09	-0.00132018994918
3.56500148875e-09	0.00139430083073
3.56909448701e-09	0.00482211180497
3.57318748528e-09	0.00842251430731
3.57728048354e-09	0.0115163921146
3.58137348181e-09	0.0133985208813
3.58546648007e-09	0.0134780533845
3.58955947834e-09	0.0114232915221
3.5936524766e-09	0.00727508275304
3.59774547487e-09	0.00149274211435
3.60183847313e-09	-0.00509122735821
3.6059314714e-09	-0.0114073829027
3.61002446966e-09	-0.0163511796854
3.61411746793e-09	-0.019006106304
3.61821046619e-09	-0.0188372384291
3.62230346446e-09	-0.0158118077088
3.62639646272e-09	-0.0104199147318
3.63048946099e-09	-0.00359020504402
3.63458245925e-09	0.00348310390837
3.63867545752e-09	0.00956730649341
3.64276845578e-09	0.0136264041066
3.64686145405e-09	0.0150151632261
3.65095445231e-09	0.0135911802063
3.65504745058e-09	0.00972247839672
3.65914044884e-09	0.00419321359368
3.66323344711e-09	-0.00196571217384
3.66732644537e-09	-0.00767851260025
3.67141944364e-09	-0.0120139456121
3.6755124419e-09	-0.0143283074722
3.67960544017e-09	-0.0143454687204
3.68369843843e-09	-0.0121728148079
3.6877914367e-09	-0.0082612411934
3.69188443496e-09	-0.00331844275934
3.69597743322e-09	0.0018154377176
3.70007043149e-09	0.00631789228646
3.70416342975e-09	0.00953824649332
3.70825642802e-09	0.0111235198565
3.71234942628e-09	0.0110794047941
3.71644242455e-09	0.00974100513849
3.72053542281e-09	0.00765399448574
3.72462842108e-09	0.00539971285616
3.72872141934e-09	0.00342201688909
3.73281441761e-09	0.00191619693942
3.73690741587e-09	0.00081744131603
3.74100041414e-09	-0.000113468689051
3.7450934124e-09	-0.00114780717558
3.74918641067e-09	-0.00245024086325
3.75327940893e-09	-0.00399657009984
3.7573724072e-09	-0.00557128121727
3.76146540546e-09	-0.00683304120321
3.76555840373e-09	-0.0074128221022
3.76965140199e-09	-0.00700719258748
3.77374440026e-09	-0.00544511608314
3.77783739852e-09	-0.00272747379495
3.78193039679e-09	0.000950096840825
3.78602339505e-09	0.00518517033197
3.79011639332e-09	0.00937670993153
3.79420939158e-09	0.0127759004245
3.79830238985e-09	0.0145987631986
3.80239538811e-09	0.0141973814461
3.80648838638e-09	0.0112537307432
3.81058138464e-09	0.0059343179455
3.81467438291e-09	-0.00105814793642
3.81876738117e-09	-0.00857361091767
3.82286037944e-09	-0.0152347764233
3.8269533777e-09	-0.0197336619021
3.83104637597e-09	-0.0211230312707
3.83513937423e-09	-0.0190251072636
3.8392323725e-09	-0.0137099600397
3.84332537076e-09	-0.00603725016117
3.84741836903e-09	0.00271025487746
3.85151136729e-09	0.0110555372667
3.85560436556e-09	0.0175740523264
3.85969736382e-09	0.0211236722535
3.86379036209e-09	0.021033399622
3.86788336035e-09	0.0172292115167
3.87197635862e-09	0.0102749490761
3.87606935688e-09	0.0013089707063
3.88016235515e-09	-0.00812957726885
3.88425535341e-09	-0.0163670347538
3.88834835168e-09	-0.0219081359683
3.89244134994e-09	-0.0237299334258
3.89653434821e-09	-0.0214886296308
3.90062734647e-09	-0.015589886927
3.90472034474e-09	-0.00710592052201
3.908813343e-09	0.00244006079447
3.91290634127e-09	0.0113717981149
3.91699933953e-09	0.0181760324631
3.9210923378e-09	0.0217735960614
3.92518533606e-09	0.0216969412286
3.92927833433e-09	0.0181462391047
3.93337133259e-09	0.0119205197552
3.93746433086e-09	0.00424279816798
3.94155732912e-09	-0.00348296877928
3.94565032739e-09	-0.00993411772652
3.94974332565e-09	-0.0140993684763
3.95383632392e-09	-0.0154355171835
3.95792932218e-09	-0.0139274119865
3.96202232044e-09	-0.0100499367109
3.96611531871e-09	-0.00464951433241
3.97020831697e-09	0.00122601607291
3.97430131524e-09	0.0065174891497
3.9783943135e-09	0.010335496394
3.98248731177e-09	0.0121070797322
3.98658031003e-09	0.0116658239276
3.9906733083e-09	0.00926739582792
3.99476630656e-09	0.0055218313355
3.99885930483e-09	0.00124972185586
4.00295230309e-09	-0.00270846563217
4.00704530136e-09	-0.00568247912452
4.01113829962e-09	-0.00730911485152
4.01523129789e-09	-0.00757639924996
4.01932429615e-09	-0.00676627137
4.02341729442e-09	-0.00532215822022
4.02751029268e-09	-0.00369345137733
4.03160329095e-09	-0.00221239922394
4.03569628921e-09	-0.00103923790448
4.03978928748e-09	-0.000178883482477
4.04388228574e-09	0.000456981037132
4.04797528401e-09	0.00098082954355
4.05206828227e-09	0.00148280529538
4.05616128054e-09	0.00201442182879
4.0602542788e-09	0.00258956538164
4.06434727707e-09	0.0031834631518
4.06844027533e-09	0.00372064963449
4.0725332736e-09	0.0040616162587
4.07662627186e-09	0.00401066022459
4.08071927013e-09	0.00336349860299
4.08481226839e-09	0.0019921870844
4.08890526666e-09	-6.20066994088e-05
4.09299826492e-09	-0.00253327962128
4.09709126319e-09	-0.00495218264405
4.10118426145e-09	-0.00675220316043
4.10527725972e-09	-0.0074327783077
4.10937025798e-09	-0.00672100635711
4.11346325625e-09	-0.00467071449384
4.11755625451e-09	-0.00166163842368
4.12164925278e-09	0.00169877783628
4.12574225104e-09	0.00473202954163
4.12983524931e-09	0.00684825290227
4.13392824757e-09	0.00766231049784
4.13802124584e-09	0.00704542140011
4.1421142441e-09	0.00511921901489
4.14620724237e-09	0.00221444595081
4.15030024063e-09	-0.00118529157044
4.1543932389e-09	-0.00450694642495
4.15848623716e-09	-0.00716278667096
4.16257923543e-09	-0.00864149921108
4.16667223369e-09	-0.008609336277
4.17076523196e-09	-0.0069986754097
4.17485823022e-09	-0.00405184042756
4.17895122849e-09	-0.000293965187666
4.18304422675e-09	0.00357027654536
4.18713722502e-09	0.00681364350021
4.19123022328e-09	0.00885351374745
4.19532322155e-09	0.00938093214063
4.19941621981e-09	0.00841627252521
4.20350921808e-09	0.00628124614013
4.20760221634e-09	0.00350243409048
4.21169521461e-09	0.000678326265188
4.21578821287e-09	-0.00165377883241
4.21988121113e-09	-0.00312174134888
4.2239742094e-09	-0.00357607731712
4.22806720766e-09	-0.00309612604906
4.23216020593e-09	-0.00194969485165
4.23625320419e-09	-0.000518235166965
4.24034620246e-09	0.000795371604909
4.24443920072e-09	0.00165669349371
4.24853219899e-09	0.00186818560178
4.25262519725e-09	0.00140235891013
4.25671819552e-09	0.000394848477299
4.26081119378e-09	-0.000897371071915
4.26490419205e-09	-0.00216002234083
4.26899719031e-09	-0.00309277890483
4.27309018858e-09	-0.00347455518204
4.27718318684e-09	-0.00321320761577
4.28127618511e-09	-0.00237228590413
4.28536918337e-09	-0.00116799904208
4.28946218164e-09	6.93351598784e-05
4.2935551799e-09	0.000969801840256
4.29764817817e-09	0.00122370766621
4.30174117643e-09	0.000682327678078
4.3058341747e-09	-0.000573884357436
4.30992717296e-09	-0.00223020893463
4.31402017123e-09	-0.00380856401171
4.31811316949e-09	-0.00479968584841
4.32220616776e-09	-0.00481600372586
4.32629916602e-09	-0.00371318685939
4.33039216429e-09	-0.00163824268384
4.33448516255e-09	0.00101033339888
4.33857816082e-09	0.00369171315106
4.34267115908e-09	0.00585962596233
4.34676415735e-09	0.00708230928285
4.35085715561e-09	0.00711716065416
4.35495015388e-09	0.00593598198611
4.35904315214e-09	0.00371547820396
4.36313615041e-09	0.000810667559563
4.36722914867e-09	-0.00228195292584
4.37132214694e-09	-0.00497955892934
4.3754151452e-09	-0.00669954030309
4.37950814347e-09	-0.00697927753208
4.38360114173e-09	-0.00560777753708
4.38769414e-09	-0.0027260533825
4.39178713826e-09	0.001151417644
4.39588013653e-09	0.00522217378602
4.39997313479e-09	0.0085777597269
4.40406613306e-09	0.0104324038257
4.40815913132e-09	0.0103265056969
4.41225212959e-09	0.0082405161229
4.41634512785e-09	0.00458787503885
4.42043812612e-09	9.92504219539e-05
4.42453112438e-09	-0.00435565956286
4.42862412265e-09	-0.00795179203851
4.43271712091e-09	-0.0100539409905
4.43681011918e-09	-0.0103054579231
4.44090311744e-09	-0.0086649605073
4.44499611571e-09	-0.00540417284355
4.44908911397e-09	-0.00107432059303
4.45318211224e-09	0.00356245157309
4.4572751105e-09	0.00764424871886
4.46136810877e-09	0.0103608992067
4.46546110703e-09	0.0111233351054
4.4695541053e-09	0.00970913749188
4.47364710356e-09	0.00633720232872
4.47774010183e-09	0.00163926779351
4.48183310009e-09	-0.00347301058355
4.48592609835e-09	-0.00801216455875
4.49001909662e-09	-0.0111340931035
4.49411209488e-09	-0.012313537416
4.49820509315e-09	-0.0114347283379
4.50229809141e-09	-0.00878441234818
4.50639108968e-09	-0.00496181743802
4.51048408794e-09	-0.000737393449526
4.51457708621e-09	0.00310431694379
4.51867008447e-09	0.0059076755133
4.52276308274e-09	0.00725381885422
4.526856081e-09	0.00702083809301
4.53094907927e-09	0.0053899839113
4.53504207753e-09	0.00279829915962
4.5391350758e-09	-0.00015441555297
4.54322807406e-09	-0.00282764344593
4.54732107233e-09	-0.00466775603127
4.55141407059e-09	-0.00531539553776
4.55550706886e-09	-0.00467123658746
4.55960006712e-09	-0.00290811625018
4.56369306539e-09	-0.000428578539868
4.56778606365e-09	0.00222302640032
4.57187906192e-09	0.00447714331676
4.57597206018e-09	0.00586263943114
4.58006505845e-09	0.00611285481136
4.58415805671e-09	0.0052295976202
4.58825105498e-09	0.00348569863127
4.59234405324e-09	0.00135962566856
4.59643705151e-09	-0.000586277110415
4.60053004977e-09	-0.0018533468392
4.60462304804e-09	-0.00213768887625
4.6087160463e-09	-0.00140515094245
4.61280904457e-09	0.000111674015898
4.61690204283e-09	0.00198934997024
4.6209950411e-09	0.0037327237078
4.62508803936e-09	0.00489621199085
4.62918103763e-09	0.00517262081848
4.63327403589e-09	0.00443444395205
4.63736703416e-09	0.00273407426721
4.64146003242e-09	0.000281396439277
4.64555303069e-09	-0.00258547136036
4.64964602895e-09	-0.00543367175851
4.65373902722e-09	-0.0077832271927
4.65783202548e-09	-0.00917999108788
4.66192502375e-09	-0.00929225271102
4.66601802201e-09	-0.00800850137603
4.67011102028e-09	-0.00549901288468
4.67420401854e-09	-0.00220664864173
4.67829701681e-09	0.00124494440388
4.68239001507e-09	0.00420395450783
4.68648301334e-09	0.00615399837261
4.6905760116e-09	0.00683204230154
4.69466900987e-09	0.0062626003637
4.69876200813e-09	0.00470551845501
4.7028550064e-09	0.00254953301919
4.70694800466e-09	0.000200556451091
4.71104100293e-09	-0.00199451821391
4.71513400119e-09	-0.00377411590307
4.71922699946e-09	-0.00495282420889
4.72331999772e-09	-0.00540634916979
4.72741299599e-09	-0.00507438823115
4.73150599425e-09	-0.00398435784155
4.73559899252e-09	-0.00227710029867
4.73969199078e-09	-0.000207372011573
4.74378498905e-09	0.00189737949404
4.74787798731e-09	0.00371303508291
4.75197098557e-09	0.0050007077225
4.75606398384e-09	0.00565872294828
4.7601569821e-09	0.00572176062269
4.76424998037e-09	0.0053101303638
4.76834297863e-09	0.00455681292806
4.7724359769e-09	0.0035498313955
4.77652897516e-09	0.00231753327535
4.78062197343e-09	0.000860447173181
4.78471497169e-09	-0.000791347196355
4.78880796996e-09	-0.00252885071677
4.79290096822e-09	-0.00415099319071
4.79699396649e-09	-0.00539701009984
4.80108696475e-09	-0.00601177156204
4.80517996302e-09	-0.00581793492893
4.80927296128e-09	-0.00476870656712
4.81336595955e-09	-0.00296633824473
4.81745895781e-09	-0.000645909094601
4.82155195608e-09	0.001865004102
4.82564495434e-09	0.0041975567292
4.82973795261e-09	0.00599422882078
4.83383095087e-09	0.00695829233155
4.83792394914e-09	0.00689817877719
4.8420169474e-09	0.00576322994311
4.84610994567e-09	0.00366455910262
4.85020294393e-09	0.000873240649526
4.8542959422e-09	-0.00220902710862
4.85838894046e-09	-0.00510605232557
4.86248193873e-09	-0.00734241871396
4.86657493699e-09	-0.00852544617373
4.87066793526e-09	-0.00841962033883
4.87476093352e-09	-0.00699954619631
4.87885393179e-09	-0.00446950120386
4.88294693005e-09	-0.00124117267842
4.88703992832e-09	0.00213276797149
4.89113292658e-09	0.00506182736717
4.89522592485e-09	0.00703846517717
4.89931892311e-09	0.00774771883152
4.90341192138e-09	0.00713475822704
4.90750491964e-09	0.00540893667494
4.91159791791e-09	0.00298207068408
4.91569091617e-09	0.000360591664503
4.91978391444e-09	-0.00197357669822
4.9238769127e-09	-0.00365772322402
4.92796991097e-09	-0.00449641651358
4.93206290923e-09	-0.00446211252711
4.9361559075e-09	-0.00366512380424
4.94024890576e-09	-0.00231515841733
4.94434190403e-09	-0.000688300777256
4.94843490229e-09	0.000901724328287
4.95252790056e-09	0.00213995155354
4.95662089882e-09	0.00276427704375
4.96071389709e-09	0.00263277551858
4.96480689535e-09	0.00178175889596
4.96889989362e-09	0.000443335284217
4.97299289188e-09	-0.000999885181955
4.97708589015e-09	-0.00212020070467
4.98117888841e-09	-0.00257820588013
4.98527188668e-09	-0.00223418654059
4.98936488494e-09	-0.00119247425027
4.99345788321e-09	0.000239377326579
4.99755088147e-09	0.00165855996602
5.00164387974e-09	0.00269665787346
5.005736878e-09	0.0031202978862
5.00982987627e-09	0.00287076047971
5.01392287453e-09	0.00204202796158
5.01801587279e-09	0.00082358950749
5.02210887106e-09	-0.000557085651963
5.02620186932e-09	-0.00186931791541
5.03029486759e-09	-0.00289132393664
5.03438786585e-09	-0.00341833027778
5.03848086412e-09	-0.00328778798576
5.04257386238e-09	-0.00242746918229
5.04666686065e-09	-0.000909674025024
5.05075985891e-09	0.00102026424429
5.05485285718e-09	0.00296956469538
5.05894585544e-09	0.00448411691468
5.06303885371e-09	0.00517215792206
5.06713185197e-09	0.00482164413552
5.07122485024e-09	0.00346646702383
5.0753178485e-09	0.00137684831134
5.07941084677e-09	-0.00101981467014
5.08350384503e-09	-0.00325509850518
5.0875968433e-09	-0.00493028399069
5.09168984156e-09	-0.00578892134945
5.09578283983e-09	-0.00573990913108
5.09987583809e-09	-0.00484103223425
5.10396883636e-09	-0.00326335779391
5.10806183462e-09	-0.00125430811022
5.11215483289e-09	0.000894071272342
5.11624783115e-09	0.00287543023296
5.12034082942e-09	0.00440500545665
5.12443382768e-09	0.00526254170109
5.12852682595e-09	0.0053345557244
5.13261982421e-09	0.00464175877278
5.13671282248e-09	0.00333883121493
5.14080582074e-09	0.00168237795879
5.14489881901e-09	-2.56570649526e-05
5.14899181727e-09	-0.00150342965208
5.15308481554e-09	-0.00254559445602
5.1571778138e-09	-0.00305704737548
5.16127081207e-09	-0.00305819752975
5.16536381033e-09	-0.00266367307631
5.1694568086e-09	-0.0020420114306
5.17354980686e-09	-0.00136722211755
5.17764280513e-09	-0.000774410935264
5.18173580339e-09	-0.000331098239258
5.18582880166e-09	-3.23248782479e-05
5.18992179992e-09	0.000179178899998
5.19401479819e-09	0.000375490672013
5.19810779645e-09	0.000603865846642
5.20220079472e-09	0.000862107845023
5.20629379298e-09	0.00109994190279
5.21038679125e-09	0.00124516469805
5.21447978951e-09	0.00124080129171
5.21857278778e-09	0.0010736676486
5.22266578604e-09	0.000779483132646
5.22675878431e-09	0.000423011082603
5.23085178257e-09	6.6271736614e-05
5.23494478084e-09	-0.000255119439316
5.2390377791e-09	-0.00053274943275
5.24313077737e-09	-0.000763683747209
5.24722377563e-09	-0.000922378218092
5.2513167739e-09	-0.000948810637055
5.25540977216e-09	-0.000767312609241
5.25950277043e-09	-0.000331675179041
5.26359576869e-09	0.000326877865518
5.26768876696e-09	0.00107911039959
5.27178176522e-09	0.00172398769064
5.27587476348e-09	0.0020570045308
5.27996776175e-09	0.00195170259394
5.28406076001e-09	0.00141507831722
5.28815375828e-09	0.000588135437283
5.29224675654e-09	-0.000310475950755
5.29633975481e-09	-0.0010709618
5.30043275307e-09	-0.00156731458264
5.30452575134e-09	-0.00178609129216
5.3086187496e-09	-0.0017998242547
5.31271174787e-09	-0.00170523310953
5.31680474613e-09	-0.00156336424698
5.3208977444e-09	-0.00137434073258
5.32499074266e-09	-0.00109675227577
5.32908374093e-09	-0.000694606125762
5.33317673919e-09	-0.000179176968231
5.33726973746e-09	0.00038219731141
5.34136273572e-09	0.000896635334357
5.34545573399e-09	0.00129646192363
5.34954873225e-09	0.00157744553871
5.35364173052e-09	0.00179822854989
5.35773472878e-09	0.00203745650651
5.36182772705e-09	0.0023309775861
5.36592072531e-09	0.00262523184938
5.37001372358e-09	0.00277632199868
5.37410672184e-09	0.00260083757166
5.37819972011e-09	0.00195717532188
5.38229271837e-09	0.000819736713311
5.38638571664e-09	-0.000688537951646
5.3904787149e-09	-0.00231966322463
5.39457171317e-09	-0.00376863300335
5.39866471143e-09	-0.00475639113574
5.4027577097e-09	-0.00509600862279
5.40685070796e-09	-0.00472320901463
5.41094370623e-09	-0.00369130415493
5.41503670449e-09	-0.00214485469041
5.41912970276e-09	-0.000289328689178
5.42322270102e-09	0.00163326258189
5.42731569929e-09	0.0033639385656
5.43140869755e-09	0.00464960519457
5.43550169582e-09	0.00527580856578
5.43959469408e-09	0.00510789832333
5.44368769235e-09	0.00412973764469
5.44778069061e-09	0.00246491823054
5.45187368888e-09	0.000368729910406
5.45596668714e-09	-0.00181165430695
5.46005968541e-09	-0.00370092663798
5.46415268367e-09	-0.00496829705662
5.46824568194e-09	-0.00539228861453
5.4723386802e-09	-0.00490368405008
5.47643167847e-09	-0.00359804727486
5.48052467673e-09	-0.00171531966771
5.484617675e-09	0.000409668362408
5.48871067326e-09	0.0024155908759
5.49280367153e-09	0.00398649548879
5.49689666979e-09	0.00490937836003
5.50098966806e-09	0.00510291242972
5.50508266632e-09	0.00461162204738
5.50917566459e-09	0.00357189323404
5.51326866285e-09	0.00216599773557
5.51736166112e-09	0.000582749416935
5.52145465938e-09	-0.00100337900221
5.52554765765e-09	-0.0024352146429
5.52964065591e-09	-0.0035695254046
5.53373365418e-09	-0.00428182139876
5.53782665244e-09	-0.00448626140133
5.5419196507e-09	-0.00416413578205
5.54601264897e-09	-0.00338354014093
5.55010564723e-09	-0.00229254717124
5.5541986455e-09	-0.00108017881576
5.55829164376e-09	8.20402265163e-05
5.56238464203e-09	0.00109136393439
5.56647764029e-09	0.00193139765179
5.57057063856e-09	0.00264518658514
5.57466363682e-09	0.00327690449194
5.57875663509e-09	0.00381387767266
5.58284963335e-09	0.00416289217537
5.58694263162e-09	0.00417781420401
5.59103562988e-09	0.00372800685
5.59512862815e-09	0.00277386259404
5.59922162641e-09	0.00141009606159
5.60331462468e-09	-0.000146933110045
5.60740762294e-09	-0.00162317589275
5.61150062121e-09	-0.00277154684591
5.61559361947e-09	-0.00343792396598
5.61968661774e-09	-0.00358171804692
5.623779616e-09	-0.00325043991324
5.62787261427e-09	-0.00253233166586
5.63196561253e-09	-0.00151980142982
5.6360586108e-09	-0.000304875795337
5.64015160906e-09	0.000996421695163
5.64424460733e-09	0.00221572550072
5.64833760559e-09	0.00313071519486
5.65243060386e-09	0.00350671188789
5.65652360212e-09	0.00317173512303
5.66061660039e-09	0.00209242354322
5.66470959865e-09	0.000412343073549
5.66880259692e-09	-0.00157065881649
5.67289559518e-09	-0.00348300632322
5.67698859345e-09	-0.00497865161742
5.68108159171e-09	-0.0058254977921
5.68517458998e-09	-0.00594379787799
5.68926758824e-09	-0.00538993446389
5.69336058651e-09	-0.00430412817514
5.69745358477e-09	-0.00285287074803
5.70154658304e-09	-0.00119225025264
5.7056395813e-09	0.000539403474249
5.70973257957e-09	0.00220981297025
5.71382557783e-09	0.00368175978656
5.7179185761e-09	0.00481836221297
5.72201157436e-09	0.0055067523499
5.72610457263e-09	0.00568845096859
5.73019757089e-09	0.0053789994854
5.73429056916e-09	0.00466472207336
5.73838356742e-09	0.00367671219283
5.74247656569e-09	0.00255385797936
5.74656956395e-09	0.00141135795275
5.75066256222e-09	0.000326929814037
5.75475556048e-09	-0.000653002251056
5.75884855875e-09	-0.00149450691242
5.76294155701e-09	-0.00215694397048
5.76703455528e-09	-0.00258387223585
5.77112755354e-09	-0.00270884860947
5.77522055181e-09	-0.00247434704215
5.77931355007e-09	-0.00185751804383
5.78340654834e-09	-0.000894495620742
5.7874995466e-09	0.000305069257593
5.79159254487e-09	0.0015602647909
5.79568554313e-09	0.00264204088307
5.7997785414e-09	0.00331614213064
5.80387153966e-09	0.00339764458477
5.80796453792e-09	0.00280235114042
5.81205753619e-09	0.00157782636234
5.81615053445e-09	-9.85739609405e-05
5.82024353272e-09	-0.00195640757738
5.82433653098e-09	-0.0036920568964
5.82842952925e-09	-0.00503168712021
5.83252252751e-09	-0.00577752557001
5.83661552578e-09	-0.00582759955432
5.84070852404e-09	-0.00517282445799
5.84480152231e-09	-0.00388488531462
5.84889452057e-09	-0.00210798587068
5.85298751884e-09	-5.74342727759e-05
5.8570805171e-09	0.00198488381284
5.86117351537e-09	0.00369461160153
5.86526651363e-09	0.00475905515486
5.8693595119e-09	0.00495482500992
5.87345251016e-09	0.00422368571162
5.87754550843e-09	0.00271261256421
5.88163850669e-09	0.000752872143494
5.88573150496e-09	-0.00122303999524
5.88982450322e-09	-0.00279986801615
5.89391750149e-09	-0.00368947137031
5.89801049975e-09	-0.00379155800329
5.90210349802e-09	-0.0031872971158
5.90619649628e-09	-0.00207847548882
5.91028949455e-09	-0.00070691377914
5.91438249281e-09	0.000708314142685
5.91847549108e-09	0.00199540251924
5.92256848934e-09	0.00302134465892
5.92666148761e-09	0.00367489067139
5.93075448587e-09	0.00386666296981
5.93484748414e-09	0.00355583702913
5.9389404824e-09	0.00278931581124
5.94303348067e-09	0.00172437207948
5.94712647893e-09	0.000609112095844
5.9512194772e-09	-0.000283838095129
5.95531247546e-09	-0.000747876099922
5.95940547373e-09	-0.000717632396118
5.96349847199e-09	-0.000292576458378
5.96759147026e-09	0.000304257719108
5.97168446852e-09	0.000814983974124
5.97577746679e-09	0.001043534583
5.97987046505e-09	0.000918742793147
5.98396346332e-09	0.000500730224303
5.98805646158e-09	-6.42853915451e-05
5.99214945985e-09	-0.000612782234384
5.99624245811e-09	-0.00102205807343
6.00033545638e-09	-0.00123518993496
6.00442845464e-09	-0.00125158868468
6.00852145291e-09	-0.00109998652624
6.01261445117e-09	-0.000815957697341
6.01670744944e-09	-0.000437334249
6.0208004477e-09	-1.51989684589e-05
6.02489344597e-09	0.000374056433429
6.02898644423e-09	0.000631505437923
6.0330794425e-09	0.000659540870402
6.03717244076e-09	0.000398855818275
6.04126543903e-09	-0.000139311271596
6.04535843729e-09	-0.000863371889864
6.04945143556e-09	-0.00162174241268
6.05354443382e-09	-0.00224706575682
6.05763743209e-09	-0.00260735950724
6.06173043035e-09	-0.00264486971719
6.06582342861e-09	-0.00238942212309
6.06991642688e-09	-0.00194358653971
6.07400942514e-09	-0.00144668175926
6.07810242341e-09	-0.00103013130865
6.08219542167e-09	-0.000777348592237
6.08628841994e-09	-0.000698674546584
6.0903814182e-09	-0.000727713759261
6.09447441647e-09	-0.000740490686439
6.09856741473e-09	-0.000593354114244
6.102660413e-09	-0.000169901479239
6.10675341126e-09	0.000576924274355
6.11084640953e-09	0.00160161024542
6.11493940779e-09	0.00277042013477
6.11903240606e-09	0.00389234797331
6.12312540432e-09	0.00476554920897
6.12721840259e-09	0.00522289934452
6.13131140085e-09	0.00516263168538
6.13540439912e-09	0.00455906582647
6.13949739738e-09	0.00345867450233
6.14359039565e-09	0.00197193433996
6.14768339391e-09	0.00026819923005
6.15177639218e-09	-0.00142871502612
6.15586939044e-09	-0.00285533272836
6.15996238871e-09	-0.00374568277039
6.16405538697e-09	-0.00389279631781
6.16814838524e-09	-0.00321965260082
6.1722413835e-09	-0.00183122551243
6.17633438177e-09	-1.82747767354e-05
6.18042738003e-09	0.00180087737681
6.1845203783e-09	0.00318849645555
6.18861337656e-09	0.0038095281343
6.19270637483e-09	0.00352285249392
6.19679937309e-09	0.00240882554499
6.20089237136e-09	0.000727356306015
6.20498536962e-09	-0.00117017322918
6.20907836789e-09	-0.00293585230247
6.21317136615e-09	-0.00429220852675
6.21726436442e-09	-0.00505738821812
6.22135736268e-09	-0.00513909224537
6.22545036095e-09	-0.00452164397575
6.22954335921e-09	-0.003266066371
6.23363635748e-09	-0.00152462134429
6.23772935574e-09	0.000448378254077
6.24182235401e-09	0.00231483601965
6.24591535227e-09	0.00371432965039
6.25000835054e-09	0.00435826744069
6.2541013488e-09	0.0041228889022
6.25819434707e-09	0.00309936926351
6.26228734533e-09	0.0015733493492
6.2663803436e-09	-6.37182970422e-05
6.27047334186e-09	-0.00143835534982
6.27456634013e-09	-0.00230517126329
6.27865933839e-09	-0.00260210719716
6.28275233666e-09	-0.00243577394576
6.28684533492e-09	-0.00201271050901
6.29093833319e-09	-0.0015525209019
6.29503133145e-09	-0.00121933995251
6.29912432972e-09	-0.00109148317279
6.30321732798e-09	-0.00116652028373
6.30731032625e-09	-0.00138361192512
6.31140332451e-09	-0.00164391857106
6.31549632278e-09	-0.00182121357648
6.31958932104e-09	-0.00176925103005
6.32368231931e-09	-0.00133958392689
6.32777531757e-09	-0.000418549392634
6.33186831583e-09	0.00102192222403
6.3359613141e-09	0.00287912058411
6.34005431236e-09	0.00490434511448
6.34414731063e-09	0.00673386995913
6.34824030889e-09	0.0079647047678
6.35233330716e-09	0.00825500307838
6.35642630542e-09	0.00741841533454
6.36051930369e-09	0.00548337752116
6.36461230195e-09	0.00270041935437
6.36870530022e-09	-0.000502909315401
6.37279829848e-09	-0.00360563650611
6.37689129675e-09	-0.006094451237
6.38098429501e-09	-0.00756031676428
6.38507729328e-09	-0.00777253194246
6.38917029154e-09	-0.00671817286639
6.39326328981e-09	-0.00460108811967
6.39735628807e-09	-0.00180180401367
6.40144928634e-09	0.0011932870475
6.4055422846e-09	0.00387874804437
6.40963528287e-09	0.00581524177687
6.41372828113e-09	0.00669721176382
6.4178212794e-09	0.00639362004586
6.42191427766e-09	0.0049597065954
6.42600727593e-09	0.00262354273582
6.43010027419e-09	-0.000247649661105
6.43419327246e-09	-0.00319839824806
6.43828627072e-09	-0.00575170922093
6.44237926899e-09	-0.00748778891284
6.44647226725e-09	-0.00812383933226
6.45056526552e-09	-0.00757619919023
6.45465826378e-09	-0.00598311709473
6.45875126205e-09	-0.00367408856982
6.46284426031e-09	-0.00108872514102
6.46693725858e-09	0.00133208635089
6.47103025684e-09	0.00324679652113
6.47512325511e-09	0.00447201234056
6.47921625337e-09	0.00498344152584
6.48330925164e-09	0.00486824996187
6.4874022499e-09	0.00425821330282
6.49149524817e-09	0.00327781663509
6.49558824643e-09	0.00202839587291
6.4996812447e-09	0.000606182693446
6.50377424296e-09	-0.000868088733114
6.50786724123e-09	-0.00223575743439
6.51196023949e-09	-0.00331884977641
6.51605323776e-09	-0.00396473219735
6.52014623602e-09	-0.00409256495186
6.52423923429e-09	-0.0037140478089
6.52833223255e-09	-0.00291521601321
6.53242523082e-09	-0.00180936556717
6.53651822908e-09	-0.000489452268084
6.54061122735e-09	0.000990100263152
6.54470422561e-09	0.00258951842261
6.54879722388e-09	0.00423134237644
6.55289022214e-09	0.00575351438602
6.55698322041e-09	0.00690340338042
6.56107621867e-09	0.00738905358594
6.56516921694e-09	0.00697362597566
6.5692622152e-09	0.00557431671768
6.57335521347e-09	0.00332100418746
6.57744821173e-09	0.000546423063497
6.58154121e-09	-0.00229004622088
6.58563420826e-09	-0.00471504559391
6.58972720653e-09	-0.00634814571822
6.59382020479e-09	-0.00696941721253
6.59791320305e-09	-0.00653657130897
6.60200620132e-09	-0.00516346615041
6.60609919958e-09	-0.0030827850278
6.61019219785e-09	-0.000611214472883
6.61428519611e-09	0.00187926013314
6.61837819438e-09	0.00399376414134
6.62247119264e-09	0.00536339893006
6.62656419091e-09	0.00571301122545
6.63065718917e-09	0.0049336811644
6.63475018744e-09	0.0031332653889
6.6388431857e-09	0.000638749312202
6.64293618397e-09	-0.00206126025296
6.64702918223e-09	-0.00442339346046
6.6511221805e-09	-0.00597587099764
6.65521517876e-09	-0.00642716273433
6.65930817703e-09	-0.00572676770389
6.66340117529e-09	-0.00406516974908
6.66749417356e-09	-0.001818892546
6.67158717182e-09	0.000539718446817
6.67568017009e-09	0.00254360942927
6.67977316835e-09	0.00382159123546
6.68386616662e-09	0.00416331348242
6.68795916488e-09	0.0035504331463
6.69205216315e-09	0.00215137755731
6.69614516141e-09	0.000282246839561
6.70023815968e-09	-0.00165845025913
6.70433115794e-09	-0.00326848321129
6.70842415621e-09	-0.00421847682446
6.71251715447e-09	-0.00431172025856
6.71661015274e-09	-0.00351708455128
6.720703151e-09	-0.00197156879585
6.72479614927e-09	4.54478797565e-05
6.72888914753e-09	0.00216100142279
6.7329821458e-09	0.0039743159432
6.73707514406e-09	0.00513228855561
6.74116814233e-09	0.00540418573655
6.74526114059e-09	0.00474020064576
6.74935413886e-09	0.00329572148621
6.75344713712e-09	0.00140682803612
6.75754013539e-09	-0.000485193260829
6.76163313365e-09	-0.00194472070143
6.76572613192e-09	-0.00265623517043
6.76981913018e-09	-0.00250512007915
6.77391212845e-09	-0.00159738682851
6.77800512671e-09	-0.000213229724977
6.78209812498e-09	0.00128541939193
6.78619112324e-09	0.0025570444559
6.79028412151e-09	0.00335676505347
6.79437711977e-09	0.00356751505751
6.79847011804e-09	0.00319009553641
6.8025631163e-09	0.00231269520009
6.80665611457e-09	0.00108263686707
6.81074911283e-09	-0.000309157438096
6.8148421111e-09	-0.0016377158172
6.81893510936e-09	-0.00266457426187
6.82302810763e-09	-0.00318179291207
6.82712110589e-09	-0.00307455597795
6.83121410416e-09	-0.00237805016513
6.83530710242e-09	-0.00129617357015
6.83940010069e-09	-0.000160310483807
6.84349309895e-09	0.000667686454108
6.84758609722e-09	0.000915707685635
6.85167909548e-09	0.000496971904795
6.85577209375e-09	-0.00045940533164
6.85986509201e-09	-0.00165594779537
6.86395809027e-09	-0.00273162657686
6.86805108854e-09	-0.00337971563567
6.8721440868e-09	-0.00343289619195
6.87623708507e-09	-0.00288932592957
6.88033008333e-09	-0.00188275755499
6.8844230816e-09	-0.000622752446361
6.88851607986e-09	0.000663140945107
6.89260907813e-09	0.00176556730003
6.89670207639e-09	0.00250826573756
6.90079507466e-09	0.00275702444196
6.90488807292e-09	0.00243854697328
6.90898107119e-09	0.00157199414389
6.91307406945e-09	0.000298491586364
6.91716706772e-09	-0.00111554947944
6.92126006598e-09	-0.00231943956169
6.92535306425e-09	-0.00296232264373
6.92944606251e-09	-0.0027964705514
6.93353906078e-09	-0.00176239975553
6.93763205904e-09	-2.19566166066e-05
6.94172505731e-09	0.00207521184348
6.94581805557e-09	0.00408102030633
6.94991105384e-09	0.00556341579068
6.9540040521e-09	0.00620940345107
6.95809705037e-09	0.00588888887432
6.96219004863e-09	0.00466875248821
6.9662830469e-09	0.00278325047111
6.97037604516e-09	0.000576653983444
6.97446904343e-09	-0.00156526069622
6.97856204169e-09	-0.00328240281669
6.98265503996e-09	-0.00429855744005
6.98674803822e-09	-0.00446534907678
6.99084103649e-09	-0.00378667464247
6.99493403475e-09	-0.00241858314257
6.99902703302e-09	-0.000642072631308
7.00312003128e-09	0.00118835487956
7.00721302955e-09	0.00271139093093
7.01130602781e-09	0.00362787774066
7.01539902608e-09	0.00375842914218
7.01949202434e-09	0.00307896785671
7.02358502261e-09	0.00172752678918
7.02767802087e-09	-1.98924331158e-05
7.03177101914e-09	-0.00180240410555
7.0358640174e-09	-0.00324899121188
7.03995701567e-09	-0.00406151474454
7.04405001393e-09	-0.00408677975065
7.0481430122e-09	-0.00335662713042
7.05223601046e-09	-0.0020807525143
7.05632900873e-09	-0.000590253770497
7.06042200699e-09	0.000752851439756
7.06451500526e-09	0.00165147513326
7.06860800352e-09	0.00194319635921
7.07270100179e-09	0.00162298770738
7.07679400005e-09	0.000817612373794
7.08088699832e-09	-0.000270355109024
7.08497999658e-09	-0.00142162974225
7.08907299485e-09	-0.00244025333086
7.09316599311e-09	-0.00316803678288
7.09725899138e-09	-0.00348368863342
7.10135198964e-09	-0.00330443886924
7.10544498791e-09	-0.00260187966342
7.10953798617e-09	-0.00142812870035
7.11363098444e-09	6.61660405799e-05
7.1177239827e-09	0.0016435009893
7.12181698096e-09	0.00303021281434
7.12590997923e-09	0.00399381603347
7.13000297749e-09	0.00441598653561
7.13409597576e-09	0.0043266931898
7.13818897402e-09	0.00388025367283
7.14228197229e-09	0.00328172469744
7.14637497055e-09	0.00269711800502
7.15046796882e-09	0.00218977719487
7.15456096708e-09	0.00171225034865
7.15865396535e-09	0.00115484336129
7.16274696361e-09	0.00042359631334
7.16683996188e-09	-0.000493092953548
7.17093296014e-09	-0.00150184128142
7.17502595841e-09	-0.00243373916601
7.17911895667e-09	-0.00310704534058
7.18321195494e-09	-0.00338973090402
7.1873049532e-09	-0.00323316146387
7.19139795147e-09	-0.00266802874103
7.19549094973e-09	-0.00177581308526
7.199583948e-09	-0.000660298635921
7.20367694626e-09	0.00056191245676
7.20776994453e-09	0.00175091477286
7.21186294279e-09	0.00273016393476
7.21595594106e-09	0.00329395732842
7.22004893932e-09	0.00324935495155
7.22414193759e-09	0.00248512135295
7.22823493585e-09	0.00104018909042
7.23232793412e-09	-0.00086288231978
7.23642093238e-09	-0.00284305374953
7.24051393065e-09	-0.00444445398171
7.24460692891e-09	-0.00525368383387
7.24869992718e-09	-0.0050119390653
7.25279292544e-09	-0.00368611697922
7.25688592371e-09	-0.00147979873145
7.26097892197e-09	0.00121330977709
7.26507192024e-09	0.00389426248148
7.2691649185e-09	0.00605705671478
7.27325791677e-09	0.00727901840582
7.27735091503e-09	0.00729094207054
7.2814439133e-09	0.00602152990177
7.28553691156e-09	0.0036139000149
7.28962990983e-09	0.000411651943068
7.29372290809e-09	-0.00308713215054
7.29781590636e-09	-0.00630613730755
7.30190890462e-09	-0.00868813158013
7.30600190289e-09	-0.00979680620367
7.31009490115e-09	-0.00940277584596
7.31418789942e-09	-0.00753474538215
7.31828089768e-09	-0.00448373446125
7.32237389595e-09	-0.000757664882258
7.32646689421e-09	0.00300691375742
7.33055989248e-09	0.00616126996465
7.33465289074e-09	0.00816852890421
7.33874588901e-09	0.00871136382921
7.34283888727e-09	0.00775915192207
7.34693188554e-09	0.00557612584089
7.3510248838e-09	0.00266393789207
7.35511788207e-09	-0.000350972552042
7.35921088033e-09	-0.0028579528589
7.3633038786e-09	-0.00439385802019
7.36739687686e-09	-0.00473137039808
7.37148987513e-09	-0.00390420670738
7.37558287339e-09	-0.00217085583427
7.37967587166e-09	6.29981839211e-05
7.38376886992e-09	0.00233522160852
7.38786186818e-09	0.00420808774652
7.39195486645e-09	0.0053293282981
7.39604786471e-09	0.00547586529865
7.40014086298e-09	0.00458648335189
7.40423386124e-09	0.00278354088368
7.40832685951e-09	0.000373342038074
7.41241985777e-09	-0.00219044543337
7.41651285604e-09	-0.00438903816394
7.4206058543e-09	-0.00575659336755
7.42469885257e-09	-0.0060030927998
7.42879185083e-09	-0.00509964724188
7.4328848491e-09	-0.00329132459592
7.43697784736e-09	-0.00102757591958
7.44107084563e-09	0.00116705214896
7.44516384389e-09	0.00283557626244
7.44925684216e-09	0.00369500537636
7.45334984042e-09	0.00367543462198
7.45744283869e-09	0.00289167180017
7.46153583695e-09	0.00157407554798
7.46562883522e-09	-4.44275728739e-06
7.46972183348e-09	-0.00157838722225
7.47381483175e-09	-0.00291133344581
7.47790783001e-09	-0.00380373522057
7.48200082828e-09	-0.00410699984059
7.48609382654e-09	-0.00375302572502
7.49018682481e-09	-0.00278940905991
7.49427982307e-09	-0.00139635121013
7.49837282134e-09	0.000137294526212
7.5024658196e-09	0.00148374441778
7.50655881787e-09	0.00237221230054
7.51065181613e-09	0.0026739242021
7.5147448144e-09	0.00243953008612
7.51883781266e-09	0.00187154721061
7.52293081093e-09	0.00124302917538
7.52702380919e-09	0.000796977496066
7.53111680746e-09	0.000667471493216
7.53520980572e-09	0.000850758420711
7.53930280399e-09	0.00123011819232
7.54339580225e-09	0.00163534363674
7.54748880052e-09	0.00190698369988
7.55158179878e-09	0.0019404815248
7.55567479705e-09	0.00170070680906
7.55976779531e-09	0.00121325281361
7.56386079358e-09	0.000546711660718
7.56795379184e-09	-0.000202442520276
7.57204679011e-09	-0.000919833371881
7.57613978837e-09	-0.00148366110807
7.58023278664e-09	-0.0017828783748
7.5843257849e-09	-0.00174458351103
7.58841878317e-09	-0.00136344516795
7.59251178143e-09	-0.00072007408744
7.5966047797e-09	2.35789617591e-05
7.60069777796e-09	0.000655938056298
7.60479077623e-09	0.000968137996097
7.60888377449e-09	0.000812320125988
7.61297677276e-09	0.000148743686623
7.61706977102e-09	-0.00093202804419
7.62116276929e-09	-0.00221858726582
7.62525576755e-09	-0.00341864509392
7.62934876582e-09	-0.00422162300674
7.63344176408e-09	-0.00437083191355
7.63753476235e-09	-0.00372896110639
7.64162776061e-09	-0.00232010606851
7.64572075888e-09	-0.000335231408826
7.64981375714e-09	0.00190339953406
7.6539067554e-09	0.00401140967733
7.65799975367e-09	0.00562647834886
7.66209275193e-09	0.00648347870447
7.6661857502e-09	0.00646026671166
7.67027874846e-09	0.0055854007951
7.67437174673e-09	0.00401361449622
7.67846474499e-09	0.00198473014461
7.68255774326e-09	-0.000217576265641
7.68665074152e-09	-0.00229887053138
7.69074373979e-09	-0.00398138348828
7.69483673805e-09	-0.00503430774552
7.69892973632e-09	-0.00531198456883
7.70302273458e-09	-0.004793909
7.70711573285e-09	-0.00360914802877
7.71120873111e-09	-0.00202508860093
7.71530172938e-09	-0.000390922537918
7.71939472764e-09	0.000953492301051
7.72348772591e-09	0.00177332978637
7.72758072417e-09	0.00200178343221
7.73167372244e-09	0.00174388931191
7.7357667207e-09	0.00121969776956
7.73985971897e-09	0.000672308269714
7.74395271723e-09	0.000281244645521
7.7480457155e-09	0.000116626685667
7.75213871376e-09	0.000147312453009
7.75623171203e-09	0.000288941237159
7.76032471029e-09	0.000460123890662
7.76441770856e-09	0.000616066507064
7.76851070682e-09	0.000746775942389
7.77260370509e-09	0.000850411925057
7.77669670335e-09	0.000907056986762
7.78078970162e-09	0.000875711557455
7.78488269988e-09	0.000719760249922
7.78897569815e-09	0.000444833531219
7.79306869641e-09	0.000121485883938
7.79716169468e-09	-0.000128823643536
7.80125469294e-09	-0.000185136078471
7.80534769121e-09	7.0237713885e-06
7.80944068947e-09	0.000390074877942
7.81353368774e-09	0.000797229506134
7.817626686e-09	0.00100868617301
7.82171968427e-09	0.000839102263853
7.82581268253e-09	0.000217910773245
7.8299056808e-09	-0.000773176190705
7.83399867906e-09	-0.00192097412946
7.83809167733e-09	-0.00294890525402
7.84218467559e-09	-0.00360205839388
7.84627767386e-09	-0.00371584697859
7.85037067212e-09	-0.00324730144348
7.85446367039e-09	-0.00226789760927
7.85855666865e-09	-0.000932410621317
7.86264966692e-09	0.000557326671697
7.86674266518e-09	0.00198184428154
7.87083566345e-09	0.0031262114353
7.87492866171e-09	0.00380230860901
7.87902165998e-09	0.00387769492227
7.88311465824e-09	0.00330943844165
7.88720765651e-09	0.00217159453314
7.89130065477e-09	0.000661018086248
7.89539365304e-09	-0.000929208836169
7.8994866513e-09	-0.00226780958474
7.90357964957e-09	-0.0030612279952
7.90767264783e-09	-0.00312614138238
7.91176564609e-09	-0.00243767072971
7.91585864436e-09	-0.00113984048221
7.91995164262e-09	0.000484073658299
7.92404464089e-09	0.00207368997508
7.92813763915e-09	0.00327155107516
7.93223063742e-09	0.00380325075821
7.93632363568e-09	0.00354006877751
7.94041663395e-09	0.00252964008541
7.94450963221e-09	0.000986399863905
7.94860263048e-09	-0.00075722881229
7.95269562874e-09	-0.00232741140644
7.95678862701e-09	-0.0033934158273
7.96088162527e-09	-0.00373790136655
7.96497462354e-09	-0.00329603411956
7.9690676218e-09	-0.00215768639464
7.97316062007e-09	-0.000539047454367
7.97725361833e-09	0.00126271644694
7.9813466166e-09	0.00291870508227
7.98543961486e-09	0.00411482542404
7.98953261313e-09	0.00459609425161
7.99362561139e-09	0.00421121448744
7.99771860966e-09	0.00295442646893
8.00181160792e-09	0.000992522422166
8.00590460619e-09	-0.00134076671384
8.00999760445e-09	-0.00359647738514
8.01409060272e-09	-0.00530598530895
8.01818360098e-09	-0.0060978687834
8.02227659925e-09	-0.00579870879301
8.02636959751e-09	-0.00448106380645
8.03046259578e-09	-0.00243957432394
8.03455559404e-09	-0.000103729430066
8.03864859231e-09	0.00207919588138
8.04274159057e-09	0.00374838447897
8.04683458884e-09	0.0046886538039
8.0509275871e-09	0.00483632675605
8.05502058537e-09	0.00424793464481
8.05911358363e-09	0.003059779061
8.0632065819e-09	0.00146066204616
8.06729958016e-09	-0.000318068510751
8.07139257843e-09	-0.00200926270918
8.07548557669e-09	-0.0033334196778
8.07957857496e-09	-0.00404864765005
8.08367157322e-09	-0.00401652447181
8.08776457149e-09	-0.00325579495984
8.09185756975e-09	-0.00195331587747
8.09595056802e-09	-0.000417305269366
8.10004356628e-09	0.00101511211687
8.10413656455e-09	0.00208088787622
8.10822956281e-09	0.00266248043044
8.11232256108e-09	0.00279964640504
8.11641555934e-09	0.00264120954671
8.12050855761e-09	0.00236351200147
8.12460155587e-09	0.0020948513411
8.12869455414e-09	0.00187769081094
8.1327875524e-09	0.00167818232148
8.13688055067e-09	0.00142844555376
8.14097354893e-09	0.00107379418478
8.1450665472e-09	0.000600378105446
8.14915954546e-09	3.45995039197e-05
8.15325254373e-09	-0.000576502643526
8.15734554199e-09	-0.00118543155986
8.16143854026e-09	-0.00175030216633
8.16553153852e-09	-0.00222514281631
8.16962453679e-09	-0.00254599712207
8.17371753505e-09	-0.00262919768284
8.17781053331e-09	-0.00239163014339
8.18190353158e-09	-0.00178893032717
8.18599652984e-09	-0.00085482596478
8.19008952811e-09	0.000279252190012
8.19418252637e-09	0.00139822829078
8.19827552464e-09	0.0022507848189
8.2023685229e-09	0.00261567169218
8.20646152117e-09	0.00236493333068
8.21055451943e-09	0.00150391770876
8.2146475177e-09	0.000176915244083
8.21874051596e-09	-0.00136145266151
8.22283351423e-09	-0.00279994383163
8.22692651249e-09	-0.0038358377351
8.23101951076e-09	-0.00423732108902
8.23511250902e-09	-0.0038907310809
8.23920550729e-09	-0.00282363957376
8.24329850555e-09	-0.00119914605602
8.24739150382e-09	0.000717382685252
8.25148450208e-09	0.00261123407108
8.25557750035e-09	0.00417811685475
8.25967049861e-09	0.00517660204787
8.26376349688e-09	0.00546293030493
8.26785649514e-09	0.00500487268437
8.27194949341e-09	0.00387822088669
8.27604249167e-09	0.00225234324171
8.28013548994e-09	0.000369054780094
8.2842284882e-09	-0.00148586221621
8.28832148647e-09	-0.00302200287115
8.29241448473e-09	-0.00399517026381
8.296507483e-09	-0.00426209013676
8.30060048126e-09	-0.00382223044289
8.30469347953e-09	-0.00282713386696
8.30878647779e-09	-0.00154525903781
8.31287947606e-09	-0.000287181254862
8.31697247432e-09	0.00068538866617
8.32106547259e-09	0.00123325838649
8.32515847085e-09	0.00136735996784
8.32925146912e-09	0.00122078575805
8.33334446738e-09	0.000980095443083
8.33743746565e-09	0.000808042201243
8.34153046391e-09	0.000791026555817
8.34562346218e-09	0.000929220870603
8.34971646044e-09	0.00116412844363
8.35380945871e-09	0.00142030480492
8.35790245697e-09	0.00163487899408
8.36199545524e-09	0.0017612586671
8.3660884535e-09	0.00175344230956
8.37018145177e-09	0.00155193974206
8.37427445003e-09	0.00109190717922
8.3783674483e-09	0.000338590083629
8.38246044656e-09	-0.000665961873892
8.38655344483e-09	-0.00177440297557
8.39064644309e-09	-0.00274945767887
8.39473944136e-09	-0.00332832254935
8.39883243962e-09	-0.00331486135838
8.40292543789e-09	-0.00266050352366
8.40701843615e-09	-0.00149633638648
8.41111143442e-09	-9.96823373498e-05
8.41520443268e-09	0.00119198102038
8.41929743095e-09	0.00208390750049
8.42339042921e-09	0.00240294373361
8.42748342748e-09	0.00212627503788
8.43157642574e-09	0.00135929609678
8.43566942401e-09	0.000283793615381
8.43976242227e-09	-0.000894765733392
8.44385542053e-09	-0.00198078920948
8.4479484188e-09	-0.00280083234247
8.45204141706e-09	-0.00320757660666
8.45613441533e-09	-0.00309185357764
8.46022741359e-09	-0.0024093689135
8.46432041186e-09	-0.00121323604253
8.46841341012e-09	0.000327542315063
8.47250640839e-09	0.00194254129019
8.47659940665e-09	0.00331285834545
8.48069240492e-09	0.00414959754562
8.48478540318e-09	0.00427148118615
8.48887840145e-09	0.00365384996985
8.49297139971e-09	0.00243241406861
8.49706439798e-09	0.000862927525304
8.50115739624e-09	-0.000746499539673
8.50525039451e-09	-0.00210697876173
8.50934339277e-09	-0.00300423245062
8.51343639104e-09	-0.00332764611812
8.5175293893e-09	-0.00307331749354
8.52162238757e-09	-0.00232789258007
8.52571538583e-09	-0.00124161206622
8.5298083841e-09	2.70646235379e-06
8.53390138236e-09	0.00122021332936
8.53799438063e-09	0.00225062157551
8.54208737889e-09	0.0029777019663
8.54618037716e-09	0.00333939358825
8.55027337542e-09	0.00332824484212
8.55436637369e-09	0.00298435414152
8.55845937195e-09	0.00238414498745
8.56255237022e-09	0.00162757773069
8.56664536848e-09	0.00082408709568
8.57073836675e-09	7.61542969485e-05
8.57483136501e-09	-0.000539365923032
8.57892436328e-09	-0.00098832713411
8.58301736154e-09	-0.00128726133698
8.58711035981e-09	-0.00149482031702
8.59120335807e-09	-0.00168493344972
8.59529635634e-09	-0.00190946216753
8.5993893546e-09	-0.00216641520092
8.60348235287e-09	-0.0023909156298
8.60757535113e-09	-0.00247761966602
8.6116683494e-09	-0.00232807020075
8.61576134766e-09	-0.00190228247084
8.61985434593e-09	-0.00124903528194
8.62394734419e-09	-0.000497823893966
8.62804034246e-09	0.000186165779269
8.63213334072e-09	0.000663820206682
8.63622633899e-09	0.000871426214871
8.64031933725e-09	0.000834839876916
8.64441233552e-09	0.000644380619633
8.64850533378e-09	0.000406846866099
8.65259833205e-09	0.000201925538931
8.65669133031e-09	6.52716728951e-05
8.66078432858e-09	2.76425577184e-06
8.66487732684e-09	2.05758381639e-05
8.66897032511e-09	0.00014592199301
8.67306332337e-09	0.00041981672257
8.67715632164e-09	0.000862252229126
8.6812493199e-09	0.00143045420555
8.68534231817e-09	0.00199952004186
8.68943531643e-09	0.00238563925086
8.6935283147e-09	0.00240932048473
8.69762131296e-09	0.00197240749549
8.70171431123e-09	0.00111167087744
8.70580730949e-09	5.63223096606e-07
8.70990030775e-09	-0.0011048669694
8.71399330602e-09	-0.00195282194181
8.71808630428e-09	-0.0023769987165
8.72217930255e-09	-0.00233831269725
8.72627230081e-09	-0.0019143030222
8.73036529908e-09	-0.00124922498799
8.73445829734e-09	-0.000494378655276
8.73855129561e-09	0.000232533478993
8.74264429387e-09	0.000856177168316
8.74673729214e-09	0.00132827967172
8.7508302904e-09	0.00160901065101
8.75492328867e-09	0.00166410683596
8.75901628693e-09	0.00148257904948
8.7631092852e-09	0.00110283874528
8.76720228346e-09	0.000626051372819
8.77129528173e-09	0.000200335281988
8.77538827999e-09	-2.47886371199e-05
8.77948127826e-09	4.33971853795e-05
8.78357427652e-09	0.000396317518607
8.78766727479e-09	0.000915266515221
8.79176027305e-09	0.00140450400795
8.79585327132e-09	0.00165400425612
8.79994626958e-09	0.00150752102491
8.80403926785e-09	0.000911215160158
8.80813226611e-09	-7.17599757678e-05
8.81222526438e-09	-0.00128087334451
8.81631826264e-09	-0.00250074685027
8.82041126091e-09	-0.00351085732109
8.82450425917e-09	-0.00412933834014
8.82859725744e-09	-0.00424368816311
8.8326902557e-09	-0.00382658379385
8.83678325397e-09	-0.00293758526095
8.84087625223e-09	-0.00171194935683
8.8449692505e-09	-0.000337978484822
8.84906224876e-09	0.000974228161795
8.85315524703e-09	0.00202783640998
8.85724824529e-09	0.00267184809491
8.86134124356e-09	0.00282550473639
8.86543424182e-09	0.0024911803921
8.86952724009e-09	0.00175497871533
8.87362023835e-09	0.000775437343691
8.87771323662e-09	-0.000239540429902
8.88180623488e-09	-0.00106751833664
8.88589923315e-09	-0.00151605691644
8.88999223141e-09	-0.00146983672312
8.89408522968e-09	-0.000927513494389
8.89817822794e-09	-1.3144885898e-05
8.90227122621e-09	0.00104831817589
8.90636422447e-09	0.00198980839923
8.91045722274e-09	0.00257881416474
8.914550221e-09	0.00268547244195
8.91864321927e-09	0.00231651477225
8.92273621753e-09	0.00160252423666
8.9268292158e-09	0.000745585202822
8.93092221406e-09	-4.90308533472e-05
8.93501521233e-09	-0.000628599827905
8.93910821059e-09	-0.00091701146448
8.94320120886e-09	-0.00090626040037
8.94729420712e-09	-0.000631146402156
8.95138720539e-09	-0.000148566610733
8.95548020365e-09	0.000465543616883
8.95957320192e-09	0.00110521337774
8.96366620018e-09	0.00162696136977
8.96775919844e-09	0.00186518566625
8.97185219671e-09	0.00167707049695
8.97594519497e-09	0.00100342046062
8.98003819324e-09	-8.36109757074e-05
8.9841311915e-09	-0.00137519858981
8.98822418977e-09	-0.00257526439964
8.99231718803e-09	-0.00339066496235
8.9964101863e-09	-0.00362680503167
9.00050318456e-09	-0.00324865619768
9.00459618283e-09	-0.00238251632254
9.00868918109e-09	-0.00126122208167
9.01278217936e-09	-0.000140678110711
9.01687517762e-09	0.000774600550358
9.02096817589e-09	0.00136892113369
9.02506117415e-09	0.00161042070249
9.02915417242e-09	0.00152060334221
9.03324717068e-09	0.00114486901293
9.03734016895e-09	0.00054314549925
9.04143316721e-09	-0.000198714533326
9.04552616548e-09	-0.000953532675339
9.04961916374e-09	-0.00155543065921
9.05371216201e-09	-0.00183243543142
9.05780516027e-09	-0.00166171827004
9.06189815854e-09	-0.00102341396268
9.0659911568e-09	-2.50170787837e-05
9.07008415507e-09	0.00111987274431
9.07417715333e-09	0.00215340257273
9.0782701516e-09	0.00285163651279
9.08236314986e-09	0.00308764155488
9.08645614813e-09	0.0028563017695
9.09054914639e-09	0.00225618285185
9.09464214466e-09	0.00144232754246
9.09873514292e-09	0.000573506895307
9.10282814119e-09	-0.00022534501295
9.10692113945e-09	-0.000876605641679
9.11101413772e-09	-0.00134368387808
9.11510713598e-09	-0.00161684230261
9.11920013425e-09	-0.00170219123538
9.12329313251e-09	-0.00161826734256
9.12738613078e-09	-0.00139732696698
9.13147912904e-09	-0.00108516636101
9.13557212731e-09	-0.000735126061045
9.13966512557e-09	-0.000396656287194
9.14375812384e-09	-0.000102974148831
9.1478511221e-09	0.000136650296554
9.15194412037e-09	0.000336659551976
9.15603711863e-09	0.000527133419382
9.1601301169e-09	0.000740649884392
9.16422311516e-09	0.000997763476335
9.16831611343e-09	0.00129464405472
9.17240911169e-09	0.0015962022153
9.17650210996e-09	0.00183796464989
9.18059510822e-09	0.00193907503854
9.18468810649e-09	0.00182581295667
9.18878110475e-09	0.00146003186819
9.19287410302e-09	0.000862077926286
9.19696710128e-09	0.00011658805488
9.20106009955e-09	-0.00064552337426
9.20515309781e-09	-0.00128561933525
9.20924609608e-09	-0.00170239251747
9.21333909434e-09	-0.00186404037231
9.21743209261e-09	-0.0018123940099
9.22152509087e-09	-0.00163652481569
9.22561808914e-09	-0.0014285403231
9.2297110874e-09	-0.0012435940007
9.23380408566e-09	-0.00108385920612
9.23789708393e-09	-0.000913015923288
9.24199008219e-09	-0.000690803615726
9.24608308046e-09	-0.000406073435443
9.25017607872e-09	-8.83256852831e-05
9.25426907699e-09	0.000208728540201
9.25836207525e-09	0.000440367046394
9.26245507352e-09	0.000598471146077
9.26654807178e-09	0.000713927092875
9.27064107005e-09	0.000829711847473
9.27473406831e-09	0.000959947072261
9.27882706658e-09	0.00106150031206
9.28292006484e-09	0.00104026495683
9.28701306311e-09	0.00079550868395
9.29110606137e-09	0.00028282274252
9.29519905964e-09	-0.000437504109868
9.2992920579e-09	-0.00119579293096
9.30338505617e-09	-0.0017604054301
9.30747805443e-09	-0.00191932203597
9.3115710527e-09	-0.00156003520533
9.31566405096e-09	-0.000712369175744
9.31975704923e-09	0.000462704574602
9.32385004749e-09	0.00172904983629
9.32794304576e-09	0.002847230513
9.33203604402e-09	0.00363037546049
9.33612904229e-09	0.00396596663631
9.34022204055e-09	0.00380723521812
9.34431503882e-09	0.00315393094206
9.34840803708e-09	0.00204403958924
9.35250103535e-09	0.000565098722291
9.35659403361e-09	-0.00112503750279
9.36068703188e-09	-0.00279025528289
9.36478003014e-09	-0.00414103036746
9.36887302841e-09	-0.00489579240093
9.37296602667e-09	-0.00486130599165
9.37705902494e-09	-0.00400083660497
9.3811520232e-09	-0.0024602724443
9.38524502147e-09	-0.000538804491953
9.38933801973e-09	0.00138636823976
9.393431018e-09	0.00295393934357
9.39752401626e-09	0.00389913705294
9.40161701453e-09	0.00409853280871
9.40571001279e-09	0.00357375247404
9.40980301106e-09	0.002464133795
9.41389600932e-09	0.000985461927485
9.41798900759e-09	-0.000610943960055
9.42208200585e-09	-0.0020726617513
9.42617500412e-09	-0.00317528701271
9.43026800238e-09	-0.00374954321887
9.43436100065e-09	-0.00370646128431
9.43845399891e-09	-0.00305557769025
9.44254699718e-09	-0.0019086462562
9.44663999544e-09	-0.000463403499452
9.45073299371e-09	0.00103189997753
9.45482599197e-09	0.00232606043573
9.45891899024e-09	0.00321338570211
9.4630119885e-09	0.00357193482341
9.46710498677e-09	0.00338357238797
9.47119798503e-09	0.00273226304853
9.4752909833e-09	0.00178119150223
9.47938398156e-09	0.000733168217266
9.48347697983e-09	-0.000217614961002
9.48756997809e-09	-0.00093104296684
9.49166297636e-09	-0.00135104539368
9.49575597462e-09	-0.00150998441677
9.49984897288e-09	-0.00150487595238
9.50394197115e-09	-0.00145325710764
9.50803496941e-09	-0.00144531753176
9.51212796768e-09	-0.0015112514011
9.51622096594e-09	-0.00161644809123
9.52031396421e-09	-0.00168434131774
9.52440696247e-09	-0.00163382846222
9.52849996074e-09	-0.00141216008342
9.532592959e-09	-0.00100858109363
9.53668595727e-09	-0.000446312813438
9.54077895553e-09	0.000236500998653
9.5448719538e-09	0.0010004019714
9.54896495206e-09	0.00180164372432
9.55305795033e-09	0.00257491027878
9.55715094859e-09	0.00321702781366
9.56124394686e-09	0.00359064820805
9.56533694512e-09	0.0035577188246
9.56942994339e-09	0.00303458637791
9.57352294165e-09	0.00204424474214
9.57761593992e-09	0.0007369197956
9.58170893818e-09	-0.000638100958895
9.58580193645e-09	-0.00180351398012
9.58989493471e-09	-0.00254020889406
9.59398793298e-09	-0.00275201824843
9.59808093124e-09	-0.00248207928962
9.60217392951e-09	-0.00187722820556
9.60626692777e-09	-0.00112150674977
9.61035992604e-09	-0.000372482931198
9.6144529243e-09	0.000271697659628
9.61854592257e-09	0.000766678094806
9.62263892083e-09	0.00109227143548
9.6267319191e-09	0.00122528973588
9.63082491736e-09	0.00113615656301
9.63491791563e-09	0.000812313970528
9.63901091389e-09	0.000291569343972
9.64310391216e-09	-0.000320561632179
9.64719691042e-09	-0.00086800421559
9.65128990869e-09	-0.00119439802802
9.65538290695e-09	-0.00120465468353
9.65947590522e-09	-0.000906928064069
9.66356890348e-09	-0.000412259389122
9.66766190175e-09	0.000109928538677
9.67175490001e-09	0.000500001919136
9.67584789828e-09	0.000668039370794
9.67994089654e-09	0.000618802831013
9.68403389481e-09	0.000433576929936
9.68812689307e-09	0.000222055127779
9.69221989134e-09	7.02899076259e-05
9.6963128896e-09	9.153476209e-06
9.70040588787e-09	1.40886935407e-05
9.70449888613e-09	2.98442268729e-05
9.7085918844e-09	2.78690394584e-06
9.71268488266e-09	-9.66507568592e-05
9.71677788093e-09	-0.000269531577942
9.72087087919e-09	-0.000498185156175
9.72496387746e-09	-0.000759068825573
9.72905687572e-09	-0.00102847207745
9.73314987399e-09	-0.00127810544654
9.73724287225e-09	-0.0014659464141
9.74133587052e-09	-0.00153184012743
9.74542886878e-09	-0.00140501906571
9.74952186705e-09	-0.00102395271824
9.75361486531e-09	-0.000361860125849
9.75770786357e-09	0.000552203819097
9.76180086184e-09	0.00162540189922
9.7658938601e-09	0.00271030236036
9.76998685837e-09	0.00362977475743
9.77407985663e-09	0.00421206085593
9.7781728549e-09	0.00432850542711
9.78226585316e-09	0.00392558425665
9.78635885143e-09	0.00304313746165
9.79045184969e-09	0.00181229757436
9.79454484796e-09	0.000430690841313
9.79863784622e-09	-0.000881123647559
9.80273084449e-09	-0.00193067135115
9.80682384275e-09	-0.00259643596655
9.81091684102e-09	-0.00284846562135
9.81500983928e-09	-0.00274068264116
9.81910283755e-09	-0.00238033995265
9.82319583581e-09	-0.00188931261073
9.82728883408e-09	-0.00137380462547
9.83138183234e-09	-0.000912293056899
9.83547483061e-09	-0.000559806820092
9.83956782887e-09	-0.000356930811904
9.84366082714e-09	-0.000330424489221
9.8477538254e-09	-0.000480207880173
9.85184682367e-09	-0.000760040875321
9.85593982193e-09	-0.00106821769441
9.8600328202e-09	-0.00126325790188
9.86412581846e-09	-0.00120716905076
9.86821881673e-09	-0.000821793742944
9.87231181499e-09	-0.000132079563627
9.87640481326e-09	0.000728073144273
9.88049781152e-09	0.00155570716015
9.88459080979e-09	0.00215030448453
9.88868380805e-09	0.00238587826607
9.89277680632e-09	0.0022511301795
9.89686980458e-09	0.00184059527237
9.90096280285e-09	0.00130398460169
9.90505580111e-09	0.000781103841291
9.90914879938e-09	0.000354768782927
9.91324179764e-09	4.17275096254e-05
9.91733479591e-09	-0.000180980535333
9.92142779417e-09	-0.000336200973834
9.92552079244e-09	-0.000420798049163
9.9296137907e-09	-0.000409839380154
9.93370678897e-09	-0.000286221546048
9.93779978723e-09	-7.37401715014e-05
9.9418927855e-09	0.000151778485815
9.94598578376e-09	0.000285860880467
9.95007878203e-09	0.000244457023655
9.95417178029e-09	1.26483792826e-05
9.95826477856e-09	-0.000335649370754
9.96235777682e-09	-0.000661548328935
9.96645077509e-09	-0.000820073000796
9.97054377335e-09	-0.000726346577721
9.97463677162e-09	-0.000396724837628
9.97872976988e-09	5.50414060854e-05
9.98282276815e-09	0.000464098007797
9.98691576641e-09	0.000680497072608
9.99100876468e-09	0.000624519259873
9.99510176294e-09	0.000308898790536
9.99919476121e-09	-0.000176389305125
1.00032877595e-08	-0.000703429777786
1.00073807577e-08	-0.00114820023009
1.0011473756e-08	-0.0014176278346
1.00155667543e-08	-0.00145687579061
1.00196597525e-08	-0.00124407972908
1.00237527508e-08	-0.000784703399404
1.00278457491e-08	-0.000113512337521
1.00319387473e-08	0.000697191309882
1.00360317456e-08	0.00153238196799
1.00401247439e-08	0.00224280331167
1.00442177421e-08	0.00267172227905
1.00483107404e-08	0.00269470541389
1.00524037386e-08	0.00225943225087
1.00564967369e-08	0.00141072756378
1.00605897352e-08	0.000290807662168
1.00646827334e-08	-0.000886727153556
1.00687757317e-08	-0.00188239348063
1.007286873e-08	-0.00248420065327
1.00769617282e-08	-0.00255622918485
1.00810547265e-08	-0.00207159717684
1.00851477248e-08	-0.00112233762775
1.0089240723e-08	9.69377656475e-05
1.00933337213e-08	0.00132940653566
1.00974267196e-08	0.00231216954126
1.01015197178e-08	0.0028346478357
1.01056127161e-08	0.0027837522648
1.01097057144e-08	0.00216370375711
1.01137987126e-08	0.00108666054439
1.01178917109e-08	-0.000259643546997
1.01219847092e-08	-0.00165394954092
1.01260777074e-08	-0.0028794696118
1.01301707057e-08	-0.00375027419068
1.01342637039e-08	-0.00412743352354
1.01383567022e-08	-0.00393187528243
1.01424497005e-08	-0.00315974670229
1.01465426987e-08	-0.00189824405243
1.0150635697e-08	-0.000331129333063
1.01547286953e-08	0.00127966915898
1.01588216935e-08	0.00264308872283
1.01629146918e-08	0.00351045557181
1.01670076901e-08	0.00374647631543
1.01711006883e-08	0.00337100162869
1.01751936866e-08	0.00255124902469
1.01792866849e-08	0.00154434917204
1.01833796831e-08	0.000612093695963
1.01874726814e-08	-5.76983042206e-05
1.01915656797e-08	-0.000392751924664
1.01956586779e-08	-0.000429242227256
1.01997516762e-08	-0.000267865645583
1.02038446745e-08	-2.06161764851e-05
1.02079376727e-08	0.000224503152822
1.0212030671e-08	0.000408752071962
1.02161236692e-08	0.000486294829898
1.02202166675e-08	0.000407876756071
1.02243096658e-08	0.000124384204355
1.0228402664e-08	-0.000385401368476
1.02324956623e-08	-0.00107796362863
1.02365886606e-08	-0.00182515404595
1.02406816588e-08	-0.00243208500615
1.02447746571e-08	-0.00269445982121
1.02488676554e-08	-0.00247433359618
1.02529606536e-08	-0.00176027420093
1.02570536519e-08	-0.00068257786188
1.02611466502e-08	0.000525436866155
1.02652396484e-08	0.00160366829368
1.02693326467e-08	0.00234567675216
1.0273425645e-08	0.00265030526498
1.02775186432e-08	0.00252785683551
1.02816116415e-08	0.00206729519414
1.02857046397e-08	0.00138794211671
1.0289797638e-08	0.000601772429945
1.02938906363e-08	-0.000199263179638
1.02979836345e-08	-0.000934240895731
1.03020766328e-08	-0.001519111167
1.03061696311e-08	-0.00186501421558
1.03102626293e-08	-0.00189634028357
1.03143556276e-08	-0.00158108626783
1.03184486259e-08	-0.000956121344643
1.03225416241e-08	-0.000130843085572
1.03266346224e-08	0.000736589146982
1.03307276207e-08	0.00148204278958
1.03348206189e-08	0.00197936860786
1.03389136172e-08	0.00216780960909
1.03430066155e-08	0.00205403617292
1.03470996137e-08	0.00169237160299
1.0351192612e-08	0.00115571510833
1.03552856103e-08	0.000511331523739
1.03593786085e-08	-0.000189627558939
1.03634716068e-08	-0.000908312918909
1.0367564605e-08	-0.00160617736401
1.03716576033e-08	-0.00223321579688
1.03757506016e-08	-0.00272304049577
1.03798435998e-08	-0.00299760831695
1.03839365981e-08	-0.00298080133507
1.03880295964e-08	-0.00261780872825
1.03921225946e-08	-0.00189575714467
1.03962155929e-08	-0.000860085638124
1.04003085912e-08	0.000379550094294
1.04044015894e-08	0.00165879180713
1.04084945877e-08	0.002784576267
1.0412587586e-08	0.0035728206276
1.04166805842e-08	0.0038874578895
1.04207735825e-08	0.00366880279034
1.04248665808e-08	0.00294278527144
1.0428959579e-08	0.00181057385635
1.04330525773e-08	0.000426085869549
1.04371455756e-08	-0.0010277954716
1.04412385738e-08	-0.00235666276421
1.04453315721e-08	-0.00336630293168
1.04494245703e-08	-0.00387668822077
1.04535175686e-08	-0.00374720687978
1.04576105669e-08	-0.00291469255171
1.04617035651e-08	-0.00143367421697
1.04657965634e-08	0.000501196420373
1.04698895617e-08	0.00256997747056
1.04739825599e-08	0.00438652816229
1.04780755582e-08	0.00558906327933
1.04821685565e-08	0.00593283603666
1.04862615547e-08	0.00535131475772
1.0490354553e-08	0.00396382735926
1.04944475513e-08	0.00203004555078
1.04985405495e-08	-0.000126592275137
1.05026335478e-08	-0.00219438837667
1.05067265461e-08	-0.0039220333274
1.05108195443e-08	-0.00513316545403
1.05149125426e-08	-0.00571891030995
1.05190055409e-08	-0.00562956387876
1.05230985391e-08	-0.00488056306494
1.05271915374e-08	-0.00357126243762
1.05312845356e-08	-0.00189892480557
1.05353775339e-08	-0.000145705986142
1.05394705322e-08	0.0013725029421
1.05435635304e-08	0.00238551753864
1.05476565287e-08	0.00274768209783
1.0551749527e-08	0.00248183275107
1.05558425252e-08	0.0017668602959
1.05599355235e-08	0.000872030926985
1.05640285218e-08	6.52441721058e-05
1.056812152e-08	-0.00046685498819
1.05722145183e-08	-0.000656969939882
1.05763075166e-08	-0.00054522854407
1.05804005148e-08	-0.000232606300415
1.05844935131e-08	0.000171855740064
1.05885865114e-08	0.000584755402087
1.05926795096e-08	0.000953548908001
1.05967725079e-08	0.00124212112132
1.06008655061e-08	0.00141552331479
1.06049585044e-08	0.00143942836439
1.06090515027e-08	0.00129668878799
1.06131445009e-08	0.00100928037864
1.06172374992e-08	0.000647880642646
1.06213304975e-08	0.000317129581163
1.06254234957e-08	0.000118599971302
1.0629516494e-08	0.000107291778932
1.06336094923e-08	0.000262921706963
1.06377024905e-08	0.000491259241244
1.06417954888e-08	0.000656752934447
1.06458884871e-08	0.000633237654256
1.06499814853e-08	0.000351917073203
1.06540744836e-08	-0.000171806127582
1.06581674819e-08	-0.000841034525365
1.06622604801e-08	-0.00150593441504
1.06663534784e-08	-0.00200609235617
1.06704464767e-08	-0.00221252722258
1.06745394749e-08	-0.00205856481625
1.06786324732e-08	-0.00155422542593
1.06827254714e-08	-0.000783567891631
1.06868184697e-08	0.000112686049761
1.0690911468e-08	0.000965344705037
1.06950044662e-08	0.00161037997168
1.06990974645e-08	0.00192138865532
1.07031904628e-08	0.00183396304783
1.0707283461e-08	0.00135682198015
1.07113764593e-08	0.000568427523831
1.07154694576e-08	-0.00039799694423
1.07195624558e-08	-0.00137575987173
1.07236554541e-08	-0.00218790877261
1.07277484524e-08	-0.00267098721815
1.07318414506e-08	-0.00270053859276
1.07359344489e-08	-0.00221867443179
1.07400274472e-08	-0.00125940717408
1.07441204454e-08	3.8209600234e-05
1.07482134437e-08	0.00144104276114
1.0752306442e-08	0.00266364391427
1.07563994402e-08	0.0034355664975
1.07604924385e-08	0.00357555094524
1.07645854367e-08	0.00304653006606
1.0768678435e-08	0.00196927107754
1.07727714333e-08	0.000587672613619
1.07768644315e-08	-0.000801633712399
1.07809574298e-08	-0.00192815705668
1.07850504281e-08	-0.00260616968444
1.07891434263e-08	-0.0027564001648
1.07932364246e-08	-0.00239322955895
1.07973294229e-08	-0.00159530605015
1.08014224211e-08	-0.000480941173009
1.08055154194e-08	0.00080023414921
1.08096084177e-08	0.00206437446468
1.08137014159e-08	0.00309647060931
1.08177944142e-08	0.00367620156612
1.08218874125e-08	0.00362977391342
1.08259804107e-08	0.00289192705532
1.0830073409e-08	0.0015494889376
1.08341664072e-08	-0.000159545904353
1.08382594055e-08	-0.00189966266043
1.08423524038e-08	-0.00332781727775
1.0846445402e-08	-0.00418563594576
1.08505384003e-08	-0.00435824453598
1.08546313986e-08	-0.00388028094312
1.08587243968e-08	-0.00289470161078
1.08628173951e-08	-0.00159047557099
1.08669103934e-08	-0.000150547324665
1.08710033916e-08	0.00127001995133
1.08750963899e-08	0.00253694837738
1.08791893882e-08	0.00351942941779
1.08832823864e-08	0.00408571452135
1.08873753847e-08	0.00412406856776
1.0891468383e-08	0.00358276063344
1.08955613812e-08	0.00250770158891
1.08996543795e-08	0.00105398816959
1.09037473778e-08	-0.0005405672091
1.0907840376e-08	-0.0020126530726
1.09119333743e-08	-0.00313862139592
1.09160263725e-08	-0.00378151537734
1.09201193708e-08	-0.0039040633128
1.09242123691e-08	-0.00354918159428
1.09283053673e-08	-0.00280446260876
1.09323983656e-08	-0.00177146110218
1.09364913639e-08	-0.00055331978001
1.09405843621e-08	0.000739466959203
1.09446773604e-08	0.00197733167442
1.09487703587e-08	0.003009431588
1.09528633569e-08	0.00368029667879
1.09569563552e-08	0.00386306157452
1.09610493535e-08	0.00349709196598
1.09651423517e-08	0.00261440494796
1.096923535e-08	0.00134374874324
1.09733283483e-08	-0.000109920620162
1.09774213465e-08	-0.00150426558685
1.09815143448e-08	-0.00260574364802
1.09856073431e-08	-0.00323230944923
1.09897003413e-08	-0.00328486986109
1.09937933396e-08	-0.0027632106212
1.09978863378e-08	-0.0017649083311
1.10019793361e-08	-0.000467780893814
1.10060723344e-08	0.000901326602616
1.10101653326e-08	0.00210597336991
1.10142583309e-08	0.0029400382482
1.10183513292e-08	0.00326030090218
1.10224443274e-08	0.00300644378876
1.10265373257e-08	0.00220758694923
1.1030630324e-08	0.000977869021881
1.10347233222e-08	-0.000495878393849
1.10388163205e-08	-0.00197366869543
1.10429093188e-08	-0.00319157520426
1.1047002317e-08	-0.00390322267776
1.10510953153e-08	-0.00393135056947
1.10551883136e-08	-0.00321886240272
1.10592813118e-08	-0.00186185144412
1.10633743101e-08	-0.000106887103811
1.10674673084e-08	0.00169556976471
1.10715603066e-08	0.00317346124211
1.10756533049e-08	0.00402696887613
1.10797463031e-08	0.00410274363821
1.10838393014e-08	0.00342394490144
1.10879322997e-08	0.00216901370732
1.10920252979e-08	0.000612459560216
1.10961182962e-08	-0.000946292420849
1.11002112945e-08	-0.00224066070223
1.11043042927e-08	-0.0030688935949
1.1108397291e-08	-0.00330459565157
1.11124902893e-08	-0.00290036022488
1.11165832875e-08	-0.00189688005776
1.11206762858e-08	-0.000437420781964
1.11247692841e-08	0.00122657301836
1.11288622823e-08	0.00275835195498
1.11329552806e-08	0.00379776506452
1.11370482789e-08	0.00405299209524
1.11411412771e-08	0.00339313538279
1.11452342754e-08	0.00190452861716
1.11493272736e-08	-0.000116318509981
1.11534202719e-08	-0.00223583950719
1.11575132702e-08	-0.00399801283493
1.11616062684e-08	-0.00503964890959
1.11656992667e-08	-0.00516802855418
1.1169792265e-08	-0.00438177175238
1.11738852632e-08	-0.00284100271529
1.11779782615e-08	-0.000810940997326
1.11820712598e-08	0.00139419869083
1.1186164258e-08	0.00345175422262
1.11902572563e-08	0.00505750364391
1.11943502546e-08	0.00595168152358
1.11984432528e-08	0.00595531356521
1.12025362511e-08	0.00501530928886
1.12066292494e-08	0.00324174875277
1.12107222476e-08	0.000914497475605
1.12148152459e-08	-0.00155687223014
1.12189082442e-08	-0.00371735470253
1.12230012424e-08	-0.005172187055
1.12270942407e-08	-0.00568002238288
1.12311872389e-08	-0.0052032393578
1.12352802372e-08	-0.00390170858009
1.12393732355e-08	-0.00207758943725
1.12434662337e-08	-9.4517996331e-05
1.1247559232e-08	0.00170147462632
1.12516522303e-08	0.00303962087492
1.12557452285e-08	0.00375411543064
1.12598382268e-08	0.00379045345471
1.12639312251e-08	0.00319755994133
1.12680242233e-08	0.00211244638194
1.12721172216e-08	0.000739072234865
1.12762102199e-08	-0.000680304281559
1.12803032181e-08	-0.00190180077334
1.12843962164e-08	-0.00272076809779
1.12884892147e-08	-0.00300858277478
1.12925822129e-08	-0.00273593941529
1.12966752112e-08	-0.00197608857707
1.13007682095e-08	-0.000887109235919
1.13048612077e-08	0.000322160531141
1.1308954206e-08	0.00143458603998
1.13130472042e-08	0.00226679859043
1.13171402025e-08	0.0027029368357
1.13212332008e-08	0.00271355218138
1.1325326199e-08	0.00235533941304
1.13294191973e-08	0.00175076076994
1.13335121956e-08	0.0010517390765
1.13376051938e-08	0.000397260206228
1.13416981921e-08	-0.000121632111586
1.13457911904e-08	-0.000477339413919
1.13498841886e-08	-0.000696753366356
1.13539771869e-08	-0.000833316902572
1.13580701852e-08	-0.000934233692533
1.13621631834e-08	-0.00101883240859
1.13662561817e-08	-0.00107765331632
1.137034918e-08	-0.00108994877519
1.13744421782e-08	-0.00104664234823
1.13785351765e-08	-0.00096277367993
1.13826281747e-08	-0.000870272582688
1.1386721173e-08	-0.000794870735263
1.13908141713e-08	-0.000732290700398
1.13949071695e-08	-0.000641251557681
1.13990001678e-08	-0.000461941752292
1.14030931661e-08	-0.000153042405145
1.14071861643e-08	0.000272683391813
1.14112791626e-08	0.000736385230994
1.14153721609e-08	0.00111578009091
1.14194651591e-08	0.00129472436674
1.14235581574e-08	0.00121596564713
1.14276511557e-08	0.000909668488021
1.14317441539e-08	0.000481966977532
1.14358371522e-08	6.87191376585e-05
1.14399301505e-08	-0.000221749870434
1.14440231487e-08	-0.000347443929058
1.1448116147e-08	-0.000334233558533
1.14522091453e-08	-0.000242404979872
1.14563021435e-08	-0.000119983791592
1.14603951418e-08	2.86543831862e-05
1.146448814e-08	0.000240164386923
1.14685811383e-08	0.000557480492716
1.14726741366e-08	0.000984210768365
1.14767671348e-08	0.00145642448479
1.14808601331e-08	0.00185062996752
1.14849531314e-08	0.00202642666409
1.14890461296e-08	0.00188279636495
1.14931391279e-08	0.00139957280771
1.14972321262e-08	0.000643988736556
1.15013251244e-08	-0.000258626871073
1.15054181227e-08	-0.00117216181388
1.1509511121e-08	-0.00198948360048
1.15136041192e-08	-0.00264605176926
1.15176971175e-08	-0.00310587789863
1.15217901158e-08	-0.00333505347953
1.1525883114e-08	-0.00328472114052
1.15299761123e-08	-0.00289856990275
1.15340691106e-08	-0.00214400184632
1.15381621088e-08	-0.00105064369563
1.15422551071e-08	0.000266254013695
1.15463481053e-08	0.00161369626585
1.15504411036e-08	0.00276120919443
1.15545341019e-08	0.00349931581877
1.15586271001e-08	0.00369424757082
1.15627200984e-08	0.00332002164214
1.15668130967e-08	0.00245984031062
1.15709060949e-08	0.00128132049576
1.15749990932e-08	-2.28123509771e-06
1.15790920915e-08	-0.00117207461881
1.15831850897e-08	-0.00203680399864
1.1587278088e-08	-0.00245738873491
1.15913710863e-08	-0.00236401696748
1.15954640845e-08	-0.00176667995402
1.15995570828e-08	-0.000757676367357
1.16036500811e-08	0.000496884989843
1.16077430793e-08	0.00177862324927
1.16118360776e-08	0.00285018455179
1.16159290758e-08	0.00349543901393
1.16200220741e-08	0.00355943044997
1.16241150724e-08	0.00298094228492
1.16282080706e-08	0.00181159692875
1.16323010689e-08	0.000216952330447
1.16363940672e-08	-0.00154351801029
1.16404870654e-08	-0.00315796848736
1.16445800637e-08	-0.00432109800749
1.1648673062e-08	-0.00479990069289
1.16527660602e-08	-0.00448996201158
1.16568590585e-08	-0.00344482716173
1.16609520568e-08	-0.00186663749628
1.1665045055e-08	-5.81869865357e-05
1.16691380533e-08	0.00164959594258
1.16732310516e-08	0.0029717956495
1.16773240498e-08	0.00372273792163
1.16814170481e-08	0.00383588604745
1.16855100464e-08	0.00335287451162
1.16896030446e-08	0.00239551914274
1.16936960429e-08	0.00113713846076
1.16977890411e-08	-0.000217942057134
1.17018820394e-08	-0.00144949187961
1.17059750377e-08	-0.0023418271594
1.17100680359e-08	-0.00271853382583
1.17141610342e-08	-0.00248909718357
1.17182540325e-08	-0.00169113709126
1.17223470307e-08	-0.000504939853272
1.1726440029e-08	0.000776878237957
1.17305330273e-08	0.00182368338574
1.17346260255e-08	0.00236272359325
1.17387190238e-08	0.00226123086759
1.17428120221e-08	0.00156252784654
1.17469050203e-08	0.000462918000267
1.17509980186e-08	-0.000758533711632
1.17550910169e-08	-0.00182617572136
1.17591840151e-08	-0.00253570600762
1.17632770134e-08	-0.00278314721072
1.17673700117e-08	-0.00255603274854
1.17714630099e-08	-0.0019056180754
1.17755560082e-08	-0.000923081948713
1.17796490064e-08	0.000267727251412
1.17837420047e-08	0.00150576409942
1.1787835003e-08	0.00259382197692
1.17919280012e-08	0.00332210841589
1.17960209995e-08	0.00351766779204
1.18001139978e-08	0.0031043975905
1.1804206996e-08	0.00214618215978
1.18082999943e-08	0.000848230360134
1.18123929926e-08	-0.000491487404361
1.18164859908e-08	-0.00156599785259
1.18205789891e-08	-0.0021471355285
1.18246719874e-08	-0.00214448274346
1.18287649856e-08	-0.00161617728008
1.18328579839e-08	-0.000733672266506
1.18369509822e-08	0.000279274065178
1.18410439804e-08	0.00120686086302
1.18451369787e-08	0.00188116452773
1.1849229977e-08	0.00219673001266
1.18533229752e-08	0.00210798080661
1.18574159735e-08	0.00162247176922
1.18615089717e-08	0.000798453445896
1.186560197e-08	-0.000254253707681
1.18696949683e-08	-0.00137836188514
1.18737879665e-08	-0.00238692908897
1.18778809648e-08	-0.00309682829538
1.18819739631e-08	-0.00337046509958
1.18860669613e-08	-0.00315187338856
1.18901599596e-08	-0.00248367921449
1.18942529579e-08	-0.00149825528206
1.18983459561e-08	-0.000385909577744
1.19024389544e-08	0.000649527344649
1.19065319527e-08	0.001434727179
1.19106249509e-08	0.00185967612197
1.19147179492e-08	0.00189341584337
1.19188109475e-08	0.00158173640375
1.19229039457e-08	0.00102958422212
1.1926996944e-08	0.000373211565602
1.19310899422e-08	-0.000251218578342
1.19351829405e-08	-0.000735048874049
1.19392759388e-08	-0.00101369673212
1.1943368937e-08	-0.00106870025047
1.19474619353e-08	-0.00091681174672
1.19515549336e-08	-0.000593061362451
1.19556479318e-08	-0.000137030892802
1.19597409301e-08	0.000410973982071
1.19638339284e-08	0.00100386852137
1.19679269266e-08	0.00157904186926
1.19720199249e-08	0.00205716963683
1.19761129232e-08	0.00235522200819
1.19802059214e-08	0.0024113603431
1.19842989197e-08	0.00221040258475
1.1988391918e-08	0.00179516430944
1.19924849162e-08	0.00125451070198
1.19965779145e-08	0.000691017219651
1.20006709128e-08	0.000183199103049
1.2004763911e-08	-0.000238233480559
1.20088569093e-08	-0.000587261434703
1.20129499075e-08	-0.000894481599971
1.20170429058e-08	-0.0011707754893
1.20211359041e-08	-0.00138529563264
1.20252289023e-08	-0.00147316759103
1.20293219006e-08	-0.00137135441764
1.20334148989e-08	-0.00106384682294
1.20375078971e-08	-0.000609902868746
1.20416008954e-08	-0.000136447775958
1.20456938937e-08	0.0002055139812
1.20497868919e-08	0.000300803247228
1.20538798902e-08	0.000116958480703
1.20579728885e-08	-0.000284985912003
1.20620658867e-08	-0.000780078717071
1.2066158885e-08	-0.00123271319171
1.20702518833e-08	-0.0015456276742
1.20743448815e-08	-0.00168118457077
1.20784378798e-08	-0.00164882066019
1.20825308781e-08	-0.00147236040357
1.20866238763e-08	-0.00116153655108
1.20907168746e-08	-0.00070758135189
1.20948098728e-08	-0.000105973406335
1.20989028711e-08	0.000609182457993
1.21029958694e-08	0.00134393736516
1.21070888676e-08	0.00195534453087
1.21111818659e-08	0.00229541870067
1.21152748642e-08	0.00226964250032
1.21193678624e-08	0.00188153293857
1.21234608607e-08	0.00124014130415
1.2127553859e-08	0.000525227551407
1.21316468572e-08	-7.46195971715e-05
1.21357398555e-08	-0.000423454313932
1.21398328538e-08	-0.000473720832815
1.2143925852e-08	-0.000265295104327
1.21480188503e-08	0.000105043593294
1.21521118486e-08	0.000524582625076
1.21562048468e-08	0.000896489691513
1.21602978451e-08	0.00115255916171
1.21643908433e-08	0.00124994222278
1.21684838416e-08	0.00116330421588
1.21725768399e-08	0.000883438580786
1.21766698381e-08	0.000425585156336
1.21807628364e-08	-0.000158721757543
1.21848558347e-08	-0.000777334040322
1.21889488329e-08	-0.00130917479692
1.21930418312e-08	-0.00163220011746
1.21971348295e-08	-0.00165895406099
1.22012278277e-08	-0.00136639545963
1.2205320826e-08	-0.00080840755254
1.22094138243e-08	-0.000106134425096
1.22135068225e-08	0.000580725340114
1.22175998208e-08	0.00109279194294
1.22216928191e-08	0.00130940406234
1.22257858173e-08	0.00117734243395
1.22298788156e-08	0.000723763252608
1.22339718139e-08	5.06423734805e-05
1.22380648121e-08	-0.000688431708113
1.22421578104e-08	-0.00132444286282
1.22462508086e-08	-0.00171354482882
1.22503438069e-08	-0.00177112092206
1.22544368052e-08	-0.00148936796177
1.22585298034e-08	-0.000933494746278
1.22626228017e-08	-0.000219336161535
1.22667158e-08	0.000518025495694
1.22708087982e-08	0.00115268895024
1.22749017965e-08	0.00158523522259
1.22789947948e-08	0.00174841019907
1.2283087793e-08	0.0016076649481
1.22871807913e-08	0.00116468643682
1.22912737896e-08	0.000467005997052
1.22953667878e-08	-0.00038194634908
1.22994597861e-08	-0.00122433688375
1.23035527844e-08	-0.00187156892207
1.23076457826e-08	-0.00215069009573
1.23117387809e-08	-0.00196039334696
1.23158317792e-08	-0.00131376511126
1.23199247774e-08	-0.000346236431142
1.23240177757e-08	0.000719538980775
1.23281107739e-08	0.00164081172261
1.23322037722e-08	0.00222740320896
1.23362967705e-08	0.00239065744972
1.23403897687e-08	0.00215112093429
1.2344482767e-08	0.00160767060879
1.23485757653e-08	0.0008886114083
1.23526687635e-08	0.000111063612167
1.23567617618e-08	-0.000633991097857
1.23608547601e-08	-0.0012716963538
1.23649477583e-08	-0.00172510564153
1.23690407566e-08	-0.00191001816711
1.23731337549e-08	-0.0017544014554
1.23772267531e-08	-0.00123589555005
1.23813197514e-08	-0.000415829323174
1.23854127497e-08	0.000554299705982
1.23895057479e-08	0.00146550458885
1.23935987462e-08	0.00211404108268
1.23976917444e-08	0.00236785419111
1.24017847427e-08	0.00220657132741
1.2405877741e-08	0.00171722348023
1.24099707392e-08	0.00104958782322
1.24140637375e-08	0.000354444917321
1.24181567358e-08	-0.000265349735855
1.2422249734e-08	-0.00077041858458
1.24263427323e-08	-0.00116581696784
1.24304357306e-08	-0.00146450788452
1.24345287288e-08	-0.00165775441565
1.24386217271e-08	-0.0017099093966
1.24427147254e-08	-0.00157890292758
1.24468077236e-08	-0.0012480809819
1.24509007219e-08	-0.000748966052925
1.24549937202e-08	-0.000160665104886
1.24590867184e-08	0.00041423183211
1.24631797167e-08	0.000884048567968
1.2467272715e-08	0.00119451994397
1.24713657132e-08	0.00133484730759
1.24754587115e-08	0.0013231171979
1.24795517097e-08	0.00118229718646
1.2483644708e-08	0.000922218772757
1.24877377063e-08	0.000538103053259
1.24918307045e-08	2.58230459167e-05
1.24959237028e-08	-0.000595644905843
1.25000167011e-08	-0.00126792524679
1.25041096993e-08	-0.00189299418707
1.25082026976e-08	-0.00235076628451
1.25122956959e-08	-0.0025283422583
1.25163886941e-08	-0.00235054027871
1.25204816924e-08	-0.00180208003439
1.25245746907e-08	-0.000935746415053
1.25286676889e-08	0.000134506217364
1.25327606872e-08	0.00125318259961
1.25368536855e-08	0.00225132127525
1.25409466837e-08	0.00297762011178
1.2545039682e-08	0.00332631281344
1.25491326803e-08	0.00325545723899
1.25532256785e-08	0.00279109214898
1.25573186768e-08	0.00201655675482
1.2561411675e-08	0.00105136501952
1.25655046733e-08	2.7549940981e-05
1.25695976716e-08	-0.000928730463784
1.25736906698e-08	-0.00170693921973
1.25777836681e-08	-0.00221594938193
1.25818766664e-08	-0.00238852611801
1.25859696646e-08	-0.00219195819227
1.25900626629e-08	-0.00164401021902
1.25941556612e-08	-0.000825827766676
1.25982486594e-08	0.000120047322525
1.26023416577e-08	0.00101436326804
1.2606434656e-08	0.00168550216767
1.26105276542e-08	0.00201852983446
1.26146206525e-08	0.00198814010946
1.26187136508e-08	0.00165948590438
1.2622806649e-08	0.00115517061204
1.26268996473e-08	0.000603182677878
1.26309926456e-08	9.03945715436e-05
1.26350856438e-08	-0.000356709924745
1.26391786421e-08	-0.00075703728362
1.26432716403e-08	-0.00113703899842
1.26473646386e-08	-0.00149355269241
1.26514576369e-08	-0.00177953927778
1.26555506351e-08	-0.00192096628598
1.26596436334e-08	-0.00185449636774
1.26637366317e-08	-0.00156321605027
1.26678296299e-08	-0.00108892135904
1.26719226282e-08	-0.000513594204676
1.26760156265e-08	7.86827304182e-05
1.26801086247e-08	0.000636109911284
1.2684201623e-08	0.00114866463991
1.26882946213e-08	0.00162664303207
1.26923876195e-08	0.00206167524448
1.26964806178e-08	0.00239573727595
1.27005736161e-08	0.00252094365715
1.27046666143e-08	0.00231631426141
1.27087596126e-08	0.00170647967025
1.27128526108e-08	0.000713396704668
1.27169456091e-08	-0.000526332711161
1.27210386074e-08	-0.00178970540583
1.27251316056e-08	-0.0028302311257
1.27292246039e-08	-0.00344851240516
1.27333176022e-08	-0.00354176192195
1.27374106004e-08	-0.00311597186374
1.27415035987e-08	-0.00226376086357
1.2745596597e-08	-0.00112581368012
1.27496895952e-08	0.000142888105074
1.27537825935e-08	0.00138989875268
1.27578755918e-08	0.00246742827585
1.276196859e-08	0.00323260636651
1.27660615883e-08	0.00355923530878
1.27701545866e-08	0.00336510947091
1.27742475848e-08	0.00264595729823
1.27783405831e-08	0.00149861018144
1.27824335814e-08	0.000117467656764
1.27865265796e-08	-0.00124102767586
1.27906195779e-08	-0.00231689919019
1.27947125761e-08	-0.0029089894233
1.27988055744e-08	-0.00292067529517
1.28028985727e-08	-0.00237590054167
1.28069915709e-08	-0.00140414835187
1.28110845692e-08	-0.000203317438718
1.28151775675e-08	0.00100606524211
1.28192705657e-08	0.00202313266345
1.2823363564e-08	0.00269807301811
1.28274565623e-08	0.00295012694551
1.28315495605e-08	0.00277261677547
1.28356425588e-08	0.00222653707897
1.28397355571e-08	0.00142465651152
1.28438285553e-08	0.000509055844304
1.28479215536e-08	-0.000373708222469
1.28520145519e-08	-0.00109516381053
1.28561075501e-08	-0.00156180106569
1.28602005484e-08	-0.00172521609056
1.28642935467e-08	-0.00158662216563
1.28683865449e-08	-0.00119707301928
1.28724795432e-08	-0.00065284707307
1.28765725414e-08	-8.32561690913e-05
1.28806655397e-08	0.000371777648979
1.2884758538e-08	0.000593311029661
1.28888515362e-08	0.000516911517479
1.28929445345e-08	0.000155893730152
1.28970375328e-08	-0.0003976738044
1.2901130531e-08	-0.000998853007331
1.29052235293e-08	-0.00149554399832
1.29093165276e-08	-0.00177669001278
1.29134095258e-08	-0.00180297036422
1.29175025241e-08	-0.00160740496358
1.29215955224e-08	-0.00126760191779
1.29256885206e-08	-0.000865361304022
1.29297815189e-08	-0.000454987948615
1.29338745172e-08	-5.56052391403e-05
1.29379675154e-08	0.000331860645019
1.29420605137e-08	0.000697193998349
1.29461535119e-08	0.0010032928476
1.29502465102e-08	0.00119254629681
1.29543395085e-08	0.00121593241056
1.29584325067e-08	0.00106816998596
1.2962525505e-08	0.000806437165011
1.29666185033e-08	0.000537864456419
1.29707115015e-08	0.000378381222617
1.29748044998e-08	0.000402551915613
1.29788974981e-08	0.000610676543147
1.29829904963e-08	0.000931189686526
1.29870834946e-08	0.00125749933795
1.29911764929e-08	0.00149952288484
1.29952694911e-08	0.00162208572146
1.29993624894e-08	0.00164991764177
1.30034554877e-08	0.00163794812397
1.30075484859e-08	0.00162528487272
1.30116414842e-08	0.00160030862025
1.30157344825e-08	0.00149779376807
1.30198274807e-08	0.00123058843019
1.3023920479e-08	0.000738765294955
1.30280134772e-08	2.94095075191e-05
1.30321064755e-08	-0.000814460225229
1.30361994738e-08	-0.00166028588137
1.3040292472e-08	-0.00237329211086
1.30443854703e-08	-0.00286033097655
1.30484784686e-08	-0.00308973516803
1.30525714668e-08	-0.00308141700225
1.30566644651e-08	-0.00287807529094
1.30607574634e-08	-0.00251742689579
1.30648504616e-08	-0.00202201274806
1.30689434599e-08	-0.00141043585609
1.30730364582e-08	-0.000719583407772
1.30771294564e-08	-2.02934361369e-05
1.30812224547e-08	0.000587358888879
1.3085315453e-08	0.00100082502468
1.30894084512e-08	0.00115252679825
1.30935014495e-08	0.00103989988565
1.30975944478e-08	0.000733022134227
1.3101687446e-08	0.000355477091944
1.31057804443e-08	4.62848873042e-05
1.31098734425e-08	-8.18597452508e-05
1.31139664408e-08	2.69531482218e-05
1.31180594391e-08	0.000361062120646
1.31221524373e-08	0.000849929070682
1.31262454356e-08	0.00138587933907
1.31303384339e-08	0.00185059326759
1.31344314321e-08	0.00213981322304
1.31385244304e-08	0.00218253652565
1.31426174287e-08	0.00195303543296
1.31467104269e-08	0.00147476743587
1.31508034252e-08	0.000815706378489
1.31548964235e-08	7.57318889555e-05
1.31589894217e-08	-0.000631360820989
1.316308242e-08	-0.0011972129505
1.31671754183e-08	-0.00153566033987
1.31712684165e-08	-0.00159485646873
1.31753614148e-08	-0.00136512309109
1.31794544131e-08	-0.000883796419657
1.31835474113e-08	-0.00023670291921
1.31876404096e-08	0.000447071750386
1.31917334078e-08	0.00101205788815
1.31958264061e-08	0.00130748646916
1.31999194044e-08	0.00122843046847
1.32040124026e-08	0.000754887780204
1.32081054009e-08	-2.75930078715e-05
1.32121983992e-08	-0.000938712175412
1.32162913974e-08	-0.00174742513627
1.32203843957e-08	-0.00223651192209
1.3224477394e-08	-0.00226482849394
1.32285703922e-08	-0.00180422575795
1.32326633905e-08	-0.000938919423788
1.32367563888e-08	0.000168258338817
1.3240849387e-08	0.00132460403256
1.32449423853e-08	0.00234954644111
1.32490353836e-08	0.00309637020109
1.32531283818e-08	0.00345471221954
1.32572213801e-08	0.00334700226085
1.32613143783e-08	0.00273402730818
1.32654073766e-08	0.00163533701561
1.32695003749e-08	0.00015531473764
1.32735933731e-08	-0.00150492461398
1.32776863714e-08	-0.00306821530103
1.32817793697e-08	-0.00423890555976
1.32858723679e-08	-0.00478179895435
1.32899653662e-08	-0.00459257731563
1.32940583645e-08	-0.00372989714378
1.32981513627e-08	-0.00239458936267
1.3302244361e-08	-0.000864636851475
1.33063373593e-08	0.000586325335462
1.33104303575e-08	0.00175423310429
1.33145233558e-08	0.00253200315638
1.33186163541e-08	0.00289819274622
1.33227093523e-08	0.00288443996396
1.33268023506e-08	0.00254574972496
1.33308953489e-08	0.00194968399592
1.33349883471e-08	0.00118398459745
1.33390813454e-08	0.000367751985323
1.33431743436e-08	-0.00035223911982
1.33472673419e-08	-0.0008291441045
1.33513603402e-08	-0.000960352968832
1.33554533384e-08	-0.000728144415916
1.33595463367e-08	-0.000214524154217
1.3363639335e-08	0.000420858883444
1.33677323332e-08	0.000992952205706
1.33718253315e-08	0.00135210091685
1.33759183298e-08	0.00142796315049
1.3380011328e-08	0.00123998817435
1.33841043263e-08	0.000874205441505
1.33881973246e-08	0.00044098854778
1.33922903228e-08	3.45593790598e-05
1.33963833211e-08	-0.000289765734124
1.34004763194e-08	-0.000516210631758
1.34045693176e-08	-0.000654138526443
1.34086623159e-08	-0.000720987307432
1.34127553142e-08	-0.000732407417672
1.34168483124e-08	-0.000702118137269
1.34209413107e-08	-0.000646985146886
1.34250343089e-08	-0.000590182979067
1.34291273072e-08	-0.000557829691388
1.34332203055e-08	-0.000569692168938
1.34373133037e-08	-0.000628847228654
1.3441406302e-08	-0.000716065231245
1.34454993003e-08	-0.000792237922724
1.34495922985e-08	-0.000808356955531
1.34536852968e-08	-0.000719652271073
1.34577782951e-08	-0.000499698322528
1.34618712933e-08	-0.000150982566083
1.34659642916e-08	0.000290498917821
1.34700572899e-08	0.000758372079872
1.34741502881e-08	0.00116761939717
1.34782432864e-08	0.00143389982986
1.34823362847e-08	0.00149630689702
1.34864292829e-08	0.00133631722565
1.34905222812e-08	0.000984939055343
1.34946152794e-08	0.000513446386321
1.34987082777e-08	9.91200538181e-06
1.3502801276e-08	-0.000448988525022
1.35068942742e-08	-0.000818077147414
1.35109872725e-08	-0.00108618297236
1.35150802708e-08	-0.00126067946985
1.3519173269e-08	-0.00134385690762
1.35232662673e-08	-0.00131628802046
1.35273592656e-08	-0.00113903132296
1.35314522638e-08	-0.000775742748374
1.35355452621e-08	-0.000223354987611
1.35396382604e-08	0.000466706937004
1.35437312586e-08	0.00119117124268
1.35478242569e-08	0.00182333592966
1.35519172552e-08	0.0022545651882
1.35560102534e-08	0.00242810092459
1.35601032517e-08	0.00234808004461
1.356419625e-08	0.00206044454535
1.35682892482e-08	0.00161853099416
1.35723822465e-08	0.00105508170964
1.35764752447e-08	0.000378444046873
1.3580568243e-08	-0.000404222471843
1.35846612413e-08	-0.00125143564946
1.35887542395e-08	-0.00206379819429
1.35928472378e-08	-0.00269191716507
1.35969402361e-08	-0.00297868465714
1.36010332343e-08	-0.00281896464003
1.36051262326e-08	-0.00220826995792
1.36092192309e-08	-0.00125567560463
1.36133122291e-08	-0.000153370603584
1.36174052274e-08	0.000883530039573
1.36214982257e-08	0.00167948979652
1.36255912239e-08	0.00213691030513
1.36296842222e-08	0.0022385513148
1.36337772205e-08	0.00202173036814
1.36378702187e-08	0.00154536608898
1.3641963217e-08	0.000870801835845
1.36460562153e-08	6.48133268442e-05
1.36501492135e-08	-0.00078350246622
1.36542422118e-08	-0.00155092809291
1.365833521e-08	-0.00209033810825
1.36624282083e-08	-0.00226651376579
1.36665212066e-08	-0.00200455203594
1.36706142048e-08	-0.00132773740916
1.36747072031e-08	-0.000364349401934
1.36788002014e-08	0.000683215119352
1.36828931996e-08	0.00159596104641
1.36869861979e-08	0.00219941583055
1.36910791962e-08	0.00240505138936
1.36951721944e-08	0.00221933654393
1.36992651927e-08	0.00172309704067
1.3703358191e-08	0.00103550904169
1.37074511892e-08	0.000279887352008
1.37115441875e-08	-0.000437492933997
1.37156371858e-08	-0.00103422675602
1.3719730184e-08	-0.001450653348
1.37238231823e-08	-0.00164887908613
1.37279161805e-08	-0.0016160672385
1.37320091788e-08	-0.00137008800812
1.37361021771e-08	-0.000961799923971
1.37401951753e-08	-0.000468920628919
1.37442881736e-08	1.9282882576e-05
1.37483811719e-08	0.000422322940722
1.37524741701e-08	0.000687086958351
1.37565671684e-08	0.00079868890316
1.37606601667e-08	0.000780680740718
1.37647531649e-08	0.000685262453771
1.37688461632e-08	0.000576477246796
1.37729391615e-08	0.000510448873683
1.37770321597e-08	0.000517158183357
1.3781125158e-08	0.000588606457313
1.37852181563e-08	0.000678005610098
1.37893111545e-08	0.000712715598638
1.37934041528e-08	0.000619361358986
1.37974971511e-08	0.000353920269845
1.38015901493e-08	-7.45878810449e-05
1.38056831476e-08	-0.000597846919845
1.38097761458e-08	-0.00110438888805
1.38138691441e-08	-0.00147344179277
1.38179621424e-08	-0.00161316730373
1.38220551406e-08	-0.00148736336268
1.38261481389e-08	-0.00112018913933
1.38302411372e-08	-0.000579429175559
1.38343341354e-08	5.0528709707e-05
1.38384271337e-08	0.000690727494657
1.3842520132e-08	0.00127446971601
1.38466131302e-08	0.00173995034129
1.38507061285e-08	0.00202022625308
1.38547991268e-08	0.00204489557655
1.3858892125e-08	0.00176065928827
1.38629851233e-08	0.00116437777615
1.38670781216e-08	0.000330572611347
1.38711711198e-08	-0.000586604914133
1.38752641181e-08	-0.00138661219535
1.38793571164e-08	-0.001882776618
1.38834501146e-08	-0.00196566981322
1.38875431129e-08	-0.00164143818256
1.38916361111e-08	-0.00102717443224
1.38957291094e-08	-0.000305497296722
1.38998221077e-08	0.000340410848366
1.39039151059e-08	0.000782020790211
1.39080081042e-08	0.00096896164905
1.39121011025e-08	0.000916957411391
1.39161941007e-08	0.000674953196722
1.3920287099e-08	0.000294775632938
1.39243800973e-08	-0.000178981350473
1.39284730955e-08	-0.00069708524461
1.39325660938e-08	-0.00118606830074
1.39366590921e-08	-0.00154148670845
1.39407520903e-08	-0.0016471974086
1.39448450886e-08	-0.00141717943916
1.39489380869e-08	-0.000840516979224
1.39530310851e-08	-4.7017274909e-06
1.39571240834e-08	0.000918847152207
1.39612170817e-08	0.0017247585929
1.39653100799e-08	0.00223905076564
1.39694030782e-08	0.00237199245021
1.39734960764e-08	0.00213715486461
1.39775890747e-08	0.00163215681096
1.3981682073e-08	0.000994341360638
1.39857750712e-08	0.000354004474502
1.39898680695e-08	-0.000195155419533
1.39939610678e-08	-0.000601170075242
1.3998054066e-08	-0.000841323409986
1.40021470643e-08	-0.000906626155484
1.40062400626e-08	-0.000795788037067
1.40103330608e-08	-0.000521904086781
1.40144260591e-08	-0.00012490514564
1.40185190574e-08	0.000321965171679
1.40226120556e-08	0.000720333842764
1.40267050539e-08	0.000969656110101
1.40307980522e-08	0.000996409238724
1.40348910504e-08	0.000777239765739
1.40389840487e-08	0.000346520553649
1.40430770469e-08	-0.000213984705624
1.40471700452e-08	-0.000798235094408
1.40512630435e-08	-0.00130262950552
1.40553560417e-08	-0.00164777055033
1.405944904e-08	-0.00179043994285
1.40635420383e-08	-0.00172526073584
1.40676350365e-08	-0.00147830613423
1.40717280348e-08	-0.00109590592183
1.40758210331e-08	-0.00063197016425
1.40799140313e-08	-0.000136992351145
1.40840070296e-08	0.000348255402059
1.40881000279e-08	0.000792501217802
1.40921930261e-08	0.00116799627722
1.40962860244e-08	0.00144285094575
1.41003790227e-08	0.00157784823386
1.41044720209e-08	0.00153270772716
1.41085650192e-08	0.00128193716955
1.41126580175e-08	0.000834069789562
1.41167510157e-08	0.000243891654463
1.4120844014e-08	-0.000391476507502
1.41249370122e-08	-0.000954709146754
1.41290300105e-08	-0.00134112490196
1.41331230088e-08	-0.00148817639274
1.4137216007e-08	-0.00138817926927
1.41413090053e-08	-0.00107924290205
1.41454020036e-08	-0.000621033115749
1.41494950018e-08	-7.02360994183e-05
1.41535880001e-08	0.000529826778802
1.41576809984e-08	0.00114040984045
1.41617739966e-08	0.00170748308301
1.41658669949e-08	0.00214774304186
1.41699599932e-08	0.0023559636611
1.41740529914e-08	0.00223731287406
1.41781459897e-08	0.00175237072108
1.4182238988e-08	0.000951990972681
1.41863319862e-08	-1.92243438022e-05
1.41904249845e-08	-0.000958053373324
1.41945179828e-08	-0.00166438681481
1.4198610981e-08	-0.00200351452804
1.42027039793e-08	-0.00194212025963
1.42067969775e-08	-0.00154430945986
1.42108899758e-08	-0.000933857285418
1.42149829741e-08	-0.000244621991442
1.42190759723e-08	0.000415977654484
1.42231689706e-08	0.000976298557362
1.42272619689e-08	0.00138639559736
1.42313549671e-08	0.00159834217629
1.42354479654e-08	0.00156078136934
1.42395409637e-08	0.00123651497415
1.42436339619e-08	0.000634866137261
1.42477269602e-08	-0.00016204964777
1.42518199585e-08	-0.00100014315103
1.42559129567e-08	-0.0016892124404
1.4260005955e-08	-0.00206275036908
1.42640989533e-08	-0.0020364181255
1.42681919515e-08	-0.00163867553056
1.42722849498e-08	-0.000999579300696
1.4276377948e-08	-0.000303352626361
1.42804709463e-08	0.000273620151347
1.42845639446e-08	0.0006131773589
1.42886569428e-08	0.000676578289131
1.42927499411e-08	0.000494933949085
1.42968429394e-08	0.000141521049045
1.43009359376e-08	-0.000296185440675
1.43050289359e-08	-0.000732304153644
1.43091219342e-08	-0.00108502808143
1.43132149324e-08	-0.00127443653037
1.43173079307e-08	-0.00122667490359
1.4321400929e-08	-0.000889845905476
1.43254939272e-08	-0.000257261557636
1.43295869255e-08	0.000613646905549
1.43336799238e-08	0.00159897236153
1.4337772922e-08	0.00252817575529
1.43418659203e-08	0.003221887775
1.43459589186e-08	0.00353551449371
1.43500519168e-08	0.00339450108004
1.43541449151e-08	0.00281103081943
1.43582379133e-08	0.00187919207383
1.43623309116e-08	0.000752505431592
1.43664239099e-08	-0.000388587221096
1.43705169081e-08	-0.00137107761839
1.43746099064e-08	-0.00205904587347
1.43787029047e-08	-0.00237399579783
1.43827959029e-08	-0.00230314029614
1.43868889012e-08	-0.00189487427997
1.43909818995e-08	-0.00124338883325
1.43950748977e-08	-0.000467225167085
1.4399167896e-08	0.00031176878656
1.44032608943e-08	0.000983617610473
1.44073538925e-08	0.00145774860721
1.44114468908e-08	0.00166575353069
1.44155398891e-08	0.00156487282948
1.44196328873e-08	0.00114611774916
1.44237258856e-08	0.000445791090897
1.44278188839e-08	-0.000446633574029
1.44319118821e-08	-0.00139346590731
1.44360048804e-08	-0.00223179828026
1.44400978786e-08	-0.00281085370807
1.44441908769e-08	-0.00303099441226
1.44482838752e-08	-0.00286813169078
1.44523768734e-08	-0.00237240488059
1.44564698717e-08	-0.00164195289835
1.446056287e-08	-0.000785124961112
1.44646558682e-08	0.000109776206045
1.44687488665e-08	0.000982855301118
1.44728418648e-08	0.00178783835145
1.4476934863e-08	0.00246720304131
1.44810278613e-08	0.00293716842134
1.44851208596e-08	0.00309745338745
1.44892138578e-08	0.00286606195732
1.44933068561e-08	0.00222333559941
1.44973998544e-08	0.00124146090093
1.45014928526e-08	8.08805514225e-05
1.45055858509e-08	-0.00104875122634
1.45096788491e-08	-0.00194727985945
1.45137718474e-08	-0.00247661373578
1.45178648457e-08	-0.00258518668124
1.45219578439e-08	-0.00229790509911
1.45260508422e-08	-0.00168341016979
1.45301438405e-08	-0.000821061868919
1.45342368387e-08	0.000213036732021
1.4538329837e-08	0.00133623541478
1.45424228353e-08	0.00243802773184
1.45465158335e-08	0.00336872373009
1.45506088318e-08	0.00395502359606
1.45547018301e-08	0.0040437343705
1.45587948283e-08	0.00355693529127
1.45628878266e-08	0.00253233592957
1.45669808249e-08	0.00112725580402
1.45710738231e-08	-0.000418897499912
1.45751668214e-08	-0.00184926432848
1.45792598197e-08	-0.00295488462143
1.45833528179e-08	-0.00361598841846
1.45874458162e-08	-0.00380800693529
1.45915388144e-08	-0.00357848277781
1.45956318127e-08	-0.00301309209317
1.4599724811e-08	-0.00220945099136
1.46038178092e-08	-0.00126771721989
1.46079108075e-08	-0.000293987950499
1.46120038058e-08	0.000596130557824
1.4616096804e-08	0.0012854960878
1.46201898023e-08	0.00167780258926
1.46242828006e-08	0.00172625771665
1.46283757988e-08	0.00145415318548
1.46324687971e-08	0.000955091702053
1.46365617954e-08	0.000369808964024
1.46406547936e-08	-0.000152569575221
1.46447477919e-08	-0.00049434745597
1.46488407902e-08	-0.00059609690652
1.46529337884e-08	-0.000463156677142
1.46570267867e-08	-0.000153184070314
1.4661119785e-08	0.00024739530636
1.46652127832e-08	0.000648464130791
1.46693057815e-08	0.00097563493182
1.46733987797e-08	0.00118092299817
1.4677491778e-08	0.00124497542129
1.46815847763e-08	0.00117280559061
1.46856777745e-08	0.000985464692349
1.46897707728e-08	0.000710318334313
1.46938637711e-08	0.000372970480385
1.46979567693e-08	-6.27499879613e-06
1.47020497676e-08	-0.000410109067161
1.47061427659e-08	-0.000817661915789
1.47102357641e-08	-0.0011981919597
1.47143287624e-08	-0.0015102650359
1.47184217607e-08	-0.00170910632005
1.47225147589e-08	-0.00175986351678
1.47266077572e-08	-0.00165001029382
1.47307007555e-08	-0.00139325395867
1.47347937537e-08	-0.00102148746373
1.4738886752e-08	-0.000568626601307
1.47429797503e-08	-5.61269398531e-05
1.47470727485e-08	0.000509526562382
1.47511657468e-08	0.00112347873073
1.4755258745e-08	0.00175959043554
1.47593517433e-08	0.00235222841729
1.47634447416e-08	0.00279733802017
1.47675377398e-08	0.00297858529666
1.47716307381e-08	0.00281053282379
1.47757237364e-08	0.00227960849588
1.47798167346e-08	0.00146192139073
1.47839097329e-08	0.000506679694809
1.47880027312e-08	-0.000409394875533
1.47920957294e-08	-0.00113675066677
1.47961887277e-08	-0.00159260231885
1.4800281726e-08	-0.0017696719442
1.48043747242e-08	-0.00171492660593
1.48084677225e-08	-0.00149449594755
1.48125607208e-08	-0.00116631352284
1.4816653719e-08	-0.000774567102781
1.48207467173e-08	-0.00036434220965
1.48248397155e-08	-7.02531252728e-07
1.48289327138e-08	0.000227427892241
1.48330257121e-08	0.000229128274441
1.48371187103e-08	-4.73031907404e-05
1.48412117086e-08	-0.000574741960008
1.48453047069e-08	-0.00123338511185
1.48493977051e-08	-0.00183588657819
1.48534907034e-08	-0.0021852664504
1.48575837017e-08	-0.00214207536192
1.48616766999e-08	-0.00167169384076
1.48657696982e-08	-0.000851962831803
1.48698626965e-08	0.000159506456839
1.48739556947e-08	0.00118053423648
1.4878048693e-08	0.0020560324192
1.48821416913e-08	0.00268588571635
1.48862346895e-08	0.00302417128114
1.48903276878e-08	0.00306059146533
1.48944206861e-08	0.00280226745235
1.48985136843e-08	0.00226955588732
1.49026066826e-08	0.00150692691386
1.49066996808e-08	0.000597731599555
1.49107926791e-08	-0.00033281488686
1.49148856774e-08	-0.00113609436812
1.49189786756e-08	-0.00167709353263
1.49230716739e-08	-0.00187532952987
1.49271646722e-08	-0.00173121319676
1.49312576704e-08	-0.00132534463046
1.49353506687e-08	-0.000790623780631
1.4939443667e-08	-0.000269098496574
1.49435366652e-08	0.000128993784529
1.49476296635e-08	0.000349482468664
1.49517226618e-08	0.000396377592551
1.495581566e-08	0.000316113026201
1.49599086583e-08	0.000173907219505
1.49640016566e-08	3.21742198821e-05
1.49680946548e-08	-6.33231281881e-05
1.49721876531e-08	-8.89225379979e-05
1.49762806514e-08	-4.2516195137e-05
1.49803736496e-08	6.02323069927e-05
1.49844666479e-08	0.000191318657016
1.49885596461e-08	0.000316885530992
1.49926526444e-08	0.000404129452363
1.49967456427e-08	0.000427398932516
1.50008386409e-08	0.000372170143237
1.50049316392e-08	0.000236577408941
1.50090246375e-08	3.15867549574e-05
1.50131176357e-08	-0.000218634013436
1.5017210634e-08	-0.000475912016555
1.50213036323e-08	-0.000689004678861
1.50253966305e-08	-0.000799934845418
1.50294896288e-08	-0.000758010115533
1.50335826271e-08	-0.000539315627975
1.50376756253e-08	-0.000164180109095
1.50417686236e-08	0.000297364684229
1.50458616219e-08	0.000739098166378
1.50499546201e-08	0.00104977758019
1.50540476184e-08	0.00115101430856
1.50581406166e-08	0.00102552393946
1.50622336149e-08	0.000722094104276
1.50663266132e-08	0.000334070717145
1.50704196114e-08	-3.87665511425e-05
1.50745126097e-08	-0.000326568497258
1.5078605608e-08	-0.000506758569827
1.50826986062e-08	-0.000595756646362
1.50867916045e-08	-0.000622815547104
1.50908846028e-08	-0.000603514621616
1.5094977601e-08	-0.000529877957888
1.50990705993e-08	-0.000383216416594
1.51031635976e-08	-0.000160921080351
1.51072565958e-08	0.000101429470305
1.51113495941e-08	0.000329864256855
1.51154425924e-08	0.000438455288531
1.51195355906e-08	0.000370731526345
1.51236285889e-08	0.000133748515964
1.51277215872e-08	-0.000195610717128
1.51318145854e-08	-0.000498512705235
1.51359075837e-08	-0.00066412131855
1.51400005819e-08	-0.000636933964415
1.51440935802e-08	-0.000437613110989
1.51481865785e-08	-0.000147325999023
1.51522795767e-08	0.000135006886921
1.5156372575e-08	0.000339203852491
1.51604655733e-08	0.00044984379565
1.51645585715e-08	0.00050011518033
1.51686515698e-08	0.000540193170309
1.51727445681e-08	0.000600624563958
1.51768375663e-08	0.000672649526678
1.51809305646e-08	0.000716187787475
1.51850235629e-08	0.000689265827532
1.51891165611e-08	0.000579983792704
1.51932095594e-08	0.00042093225602
1.51973025577e-08	0.000276648555882
1.52013955559e-08	0.000210669354601
1.52054885542e-08	0.000250623172178
1.52095815525e-08	0.000370909347112
1.52136745507e-08	0.000502566977957
1.5217767549e-08	0.00056497112746
1.52218605472e-08	0.000502553852129
1.52259535455e-08	0.000308001366648
1.52300465438e-08	2.16178666896e-05
1.5234139542e-08	-0.000290399597361
1.52382325403e-08	-0.000565672718949
1.52423255386e-08	-0.000767867393733
1.52464185368e-08	-0.000892011237738
1.52505115351e-08	-0.000953650931478
1.52546045334e-08	-0.000970875684288
1.52586975316e-08	-0.000950416979322
1.52627905299e-08	-0.000884851302544
1.52668835282e-08	-0.000760716306104
1.52709765264e-08	-0.000571487267734
1.52750695247e-08	-0.000327758305502
1.5279162523e-08	-5.96181624815e-05
1.52832555212e-08	0.000189254938959
1.52873485195e-08	0.000372671865989
1.52914415178e-08	0.000453911547083
1.5295534516e-08	0.000415247010096
1.52996275143e-08	0.000263169493337
1.53037205125e-08	2.84803711565e-05
1.53078135108e-08	-0.000239092043557
1.53119065091e-08	-0.00048132972006
1.53159995073e-08	-0.000644967942208
1.53200925056e-08	-0.000694165471941
1.53241855039e-08	-0.000617300185695
1.53282785021e-08	-0.00042515250243
1.53323715004e-08	-0.000141626851473
1.53364644987e-08	0.000207517477975
1.53405574969e-08	0.000600820927502
1.53446504952e-08	0.00101783626451
1.53487434935e-08	0.00142838544707
1.53528364917e-08	0.00178255653009
1.535692949e-08	0.00201146100881
1.53610224883e-08	0.00204405946715
1.53651154865e-08	0.00183598948934
1.53692084848e-08	0.00139734498225
1.5373301483e-08	0.000803638271464
1.53773944813e-08	0.000180300966349
1.53814874796e-08	-0.000336162283929
1.53855804778e-08	-0.000644764280878
1.53896734761e-08	-0.000713467954483
1.53937664744e-08	-0.000584277240705
1.53978594726e-08	-0.000348801857399
1.54019524709e-08	-0.000107910542283
1.54060454692e-08	6.36485192445e-05
1.54101384674e-08	0.000131265386244
1.54142314657e-08	9.02775955183e-05
1.5418324464e-08	-5.6580491389e-05
1.54224174622e-08	-0.000315280560244
1.54265104605e-08	-0.000696434235579
1.54306034588e-08	-0.00119158058078
1.5434696457e-08	-0.00174516541301
1.54387894553e-08	-0.00224354559032
1.54428824536e-08	-0.00253530876944
1.54469754518e-08	-0.00248034061224
1.54510684501e-08	-0.00200781061722
1.54551614483e-08	-0.00115566440945
1.54592544466e-08	-7.10606673238e-05
1.54633474449e-08	0.0010307622797
1.54674404431e-08	0.00193204171956
1.54715334414e-08	0.00247456278885
1.54756264397e-08	0.00259394988825
1.54797194379e-08	0.0023172886722
1.54838124362e-08	0.00173346520751
1.54879054345e-08	0.000956672207394
1.54919984327e-08	0.000101944882772
1.5496091431e-08	-0.000720390809875
1.55001844293e-08	-0.0013989752988
1.55042774275e-08	-0.00181983856601
1.55083704258e-08	-0.00188114384946
1.55124634241e-08	-0.00152431016613
1.55165564223e-08	-0.000768223144405
1.55206494206e-08	0.000272869279797
1.55247424189e-08	0.00140221251058
1.55288354171e-08	0.00238481577253
1.55329284154e-08	0.00300896223052
1.55370214136e-08	0.00314246304333
1.55411144119e-08	0.00276370554639
1.55452074102e-08	0.00195890893519
1.55493004084e-08	0.000890833754966
1.55533934067e-08	-0.000246219731707
1.5557486405e-08	-0.00126881080359
1.55615794032e-08	-0.00203366056667
1.55656724015e-08	-0.00245175286545
1.55697653998e-08	-0.00249134365004
1.5573858398e-08	-0.0021752956236
1.55779513963e-08	-0.00157554743055
1.55820443946e-08	-0.000804009556305
1.55861373928e-08	2.25670349607e-06
1.55902303911e-08	0.000702207787981
1.55943233894e-08	0.00117557321209
1.55984163876e-08	0.00134580794838
1.56025093859e-08	0.00119545865164
1.56066023841e-08	0.00077008925291
1.56106953824e-08	0.000169894306964
1.56147883807e-08	-0.000469369264465
1.56188813789e-08	-0.0010030138219
1.56229743772e-08	-0.00130748748779
1.56270673755e-08	-0.00130854145391
1.56311603737e-08	-0.001000855038
1.5635253372e-08	-0.00045236313963
1.56393463703e-08	0.000210780342968
1.56434393685e-08	0.00083683172852
1.56475323668e-08	0.00128982155729
1.56516253651e-08	0.00148592318874
1.56557183633e-08	0.00141177578189
1.56598113616e-08	0.00111859663593
1.56639043599e-08	0.000696316819813
1.56679973581e-08	0.000240610199398
1.56720903564e-08	-0.00017228228171
1.56761833547e-08	-0.000493901316077
1.56802763529e-08	-0.000696603241522
1.56843693512e-08	-0.000761854804296
1.56884623494e-08	-0.000676303465298
1.56925553477e-08	-0.000441506952484
1.5696648346e-08	-9.19742801671e-05
1.57007413442e-08	0.000292588330922
1.57048343425e-08	0.000595065495872
1.57089273408e-08	0.000693299713021
1.5713020339e-08	0.000507027671119
1.57171133373e-08	3.83774168817e-05
1.57212063356e-08	-0.000615398505033
1.57252993338e-08	-0.00128662255884
1.57293923321e-08	-0.0017910427996
1.57334853304e-08	-0.00198791761068
1.57375783286e-08	-0.00182039725769
1.57416713269e-08	-0.00132057255541
1.57457643252e-08	-0.000581756987231
1.57498573234e-08	0.00028355239192
1.57539503217e-08	0.00117669945757
1.575804332e-08	0.00202195721795
1.57621363182e-08	0.00275323387177
1.57662293165e-08	0.00329439420602
1.57703223147e-08	0.00355309946463
1.5774415313e-08	0.00343917601276
1.57785083113e-08	0.00290208325896
1.57826013095e-08	0.00196820691053
1.57866943078e-08	0.000755698536523
1.57907873061e-08	-0.000545524570043
1.57948803043e-08	-0.00172335986281
1.57989733026e-08	-0.00260229177366
1.58030663009e-08	-0.00308641037554
1.58071592991e-08	-0.00317030306906
1.58112522974e-08	-0.00291785177251
1.58153452957e-08	-0.00242414422974
1.58194382939e-08	-0.00178147612314
1.58235312922e-08	-0.00106441166281
1.58276242905e-08	-0.000335367665684
1.58317172887e-08	0.000340412405421
1.5835810287e-08	0.000886258210812
1.58399032852e-08	0.0012222240548
1.58439962835e-08	0.00128879431577
1.58480892818e-08	0.00107433401718
1.585218228e-08	0.000630914488283
1.58562752783e-08	6.84223896315e-05
1.58603682766e-08	-0.000472490217362
1.58644612748e-08	-0.000858159663039
1.58685542731e-08	-0.000995867005258
1.58726472714e-08	-0.000852693177876
1.58767402696e-08	-0.000455760062323
1.58808332679e-08	0.000121888803278
1.58849262662e-08	0.000781568778621
1.58890192644e-08	0.00141810228524
1.58931122627e-08	0.00193431142543
1.5897205261e-08	0.0022511130519
1.59012982592e-08	0.00231496643391
1.59053912575e-08	0.00210376424366
1.59094842558e-08	0.00163063303626
1.5913577254e-08	0.000944261679251
1.59176702523e-08	0.000124848607356
1.59217632505e-08	-0.00072416200419
1.59258562488e-08	-0.00148781216558
1.59299492471e-08	-0.00205426283355
1.59340422453e-08	-0.00233198203205
1.59381352436e-08	-0.00226833907072
1.59422282419e-08	-0.00186609360389
1.59463212401e-08	-0.00119182844355
1.59504142384e-08	-0.000369889554349
1.59545072367e-08	0.000441208772827
1.59586002349e-08	0.00108614178316
1.59626932332e-08	0.00145285383769
1.59667862315e-08	0.00150089577073
1.59708792297e-08	0.00126678566448
1.5974972228e-08	0.000844393252919
1.59790652263e-08	0.000349445606844
1.59831582245e-08	-0.00011595247588
1.59872512228e-08	-0.000484157593746
1.59913442211e-08	-0.000722551394574
1.59954372193e-08	-0.000819909713755
1.59995302176e-08	-0.000772183549998
1.60036232158e-08	-0.000579970375838
1.60077162141e-08	-0.000260482473095
1.60118092124e-08	0.000135101234264
1.60159022106e-08	0.000514688766998
1.60199952089e-08	0.0007610232351
1.60240882072e-08	0.000769928432419
1.60281812054e-08	0.000496250588185
1.60322742037e-08	-1.51743891337e-05
1.6036367202e-08	-0.000631992887065
1.60404602002e-08	-0.00117353491805
1.60445531985e-08	-0.00147187806579
1.60486461968e-08	-0.0014285290963
1.6052739195e-08	-0.00104244754766
1.60568321933e-08	-0.000399544398533
1.60609251916e-08	0.00036732010085
1.60650181898e-08	0.00112557004468
1.60691111881e-08	0.00177470879862
1.60732041864e-08	0.00225182945724
1.60772971846e-08	0.00251673544699
1.60813901829e-08	0.00253419201181
1.60854831811e-08	0.00227070464462
1.60895761794e-08	0.00171172461705
1.60936691777e-08	0.000889707407623
1.60977621759e-08	-9.6415436019e-05
1.61018551742e-08	-0.00108770110091
1.61059481725e-08	-0.00190190541616
1.61100411707e-08	-0.00238791185257
1.6114134169e-08	-0.0024745555711
1.61182271673e-08	-0.00219183435547
1.61223201655e-08	-0.00165531992388
1.61264131638e-08	-0.00102187246375
1.61305061621e-08	-0.000437244860223
1.61345991603e-08	2.39058071827e-06
1.61386921586e-08	0.000262368244876
1.61427851569e-08	0.000356712602297
1.61468781551e-08	0.000323589963955
1.61509711534e-08	0.000204543724976
1.61550641516e-08	3.67078650925e-05
1.61591571499e-08	-0.000143096473039
1.61632501482e-08	-0.000291264916086
1.61673431464e-08	-0.000357172921213
1.61714361447e-08	-0.000294012928862
1.6175529143e-08	-7.67527217249e-05
1.61796221412e-08	0.000282251819954
1.61837151395e-08	0.000729157614842
1.61878081378e-08	0.00117968671111
1.6191901136e-08	0.00154165345884
1.61959941343e-08	0.00174031910137
1.62000871326e-08	0.00173743009509
1.62041801308e-08	0.00153835327365
1.62082731291e-08	0.00118680426385
1.62123661274e-08	0.000750597770093
1.62164591256e-08	0.000303513856124
1.62205521239e-08	-9.19616745705e-05
1.62246451222e-08	-0.000397350653657
1.62287381204e-08	-0.000603693788435
1.62328311187e-08	-0.000728419927327
1.62369241169e-08	-0.000804126088042
1.62410171152e-08	-0.000862647262693
1.62451101135e-08	-0.000920387763472
1.62492031117e-08	-0.000971360917902
1.625329611e-08	-0.000991566266748
1.62573891083e-08	-0.000952902817517
1.62614821065e-08	-0.00083952555724
1.62655751048e-08	-0.00065762133454
1.62696681031e-08	-0.000432823111623
1.62737611013e-08	-0.000196561963094
1.62778540996e-08	3.03381290792e-05
1.62819470979e-08	0.000246107849307
1.62860400961e-08	0.000462039817648
1.62901330944e-08	0.000684589151206
1.62942260927e-08	0.000896578880202
1.62983190909e-08	0.00105095072649
1.63024120892e-08	0.00108459655894
1.63065050875e-08	0.000948195214733
1.63105980857e-08	0.000637301331153
1.6314691084e-08	0.000206821925531
1.63187840822e-08	-0.000241804138568
1.63228770805e-08	-0.000597260910581
1.63269700788e-08	-0.000781947463111
1.6331063077e-08	-0.000780812930316
1.63351560753e-08	-0.00064079198637
1.63392490736e-08	-0.000441659256467
1.63433420718e-08	-0.000254441956713
1.63474350701e-08	-0.000109931017505
1.63515280684e-08	6.39577746142e-06
1.63556210666e-08	0.000132124660013
1.63597140649e-08	0.000293167284326
1.63638070632e-08	0.00047831907068
1.63679000614e-08	0.000638999998046
1.63719930597e-08	0.000714775342203
1.6376086058e-08	0.000669567922159
1.63801790562e-08	0.000516672796948
1.63842720545e-08	0.000316812578603
1.63883650527e-08	0.00014903002193
1.6392458051e-08	7.01228206026e-05
1.63965510493e-08	8.52838993524e-05
1.64006440475e-08	0.000146566670992
1.64047370458e-08	0.000180250946869
1.64088300441e-08	0.000128043847326
1.64129230423e-08	-2.04837576803e-05
1.64170160406e-08	-0.000221636133574
1.64211090389e-08	-0.000400191926019
1.64252020371e-08	-0.000487821231218
1.64292950354e-08	-0.000456332312751
1.64333880337e-08	-0.00032867347727
1.64374810319e-08	-0.000163571348821
1.64415740302e-08	-2.40287662621e-05
1.64456670285e-08	5.23945727764e-05
1.64497600267e-08	6.62757038299e-05
1.6453853025e-08	4.75039811363e-05
1.64579460233e-08	3.25896582893e-05
1.64620390215e-08	4.24149799407e-05
1.64661320198e-08	7.27256269784e-05
1.6470225018e-08	0.000100981761079
1.64743180163e-08	0.00010346256704
1.64784110146e-08	7.13525496394e-05
1.64825040128e-08	1.63639627715e-05
1.64865970111e-08	-3.65762746242e-05
1.64906900094e-08	-6.44439037387e-05
1.64947830076e-08	-5.99969719133e-05
1.64988760059e-08	-3.68515992477e-05
1.65029690042e-08	-2.34813315387e-05
1.65070620024e-08	-4.95982137636e-05
1.65111550007e-08	-0.000131482730467
1.6515247999e-08	-0.000262367741016
1.65193409972e-08	-0.000411065542721
1.65234339955e-08	-0.000528754157131
1.65275269938e-08	-0.000561671207834
1.6531619992e-08	-0.000466557852633
1.65357129903e-08	-0.00022533538322
1.65398059886e-08	0.000144827107761
1.65438989868e-08	0.000589857198065
1.65479919851e-08	0.00102793853148
1.65520849833e-08	0.00136863976513
1.65561779816e-08	0.00153690100706
1.65602709799e-08	0.00149363985111
1.65643639781e-08	0.00124504290579
1.65684569764e-08	0.000837068386318
1.65725499747e-08	0.000338514420946
1.65766429729e-08	-0.000178649248483
1.65807359712e-08	-0.000652305869153
1.65848289695e-08	-0.0010320767833
1.65889219677e-08	-0.00127338607126
1.6593014966e-08	-0.00133284966432
1.65971079643e-08	-0.00117393062101
1.66012009625e-08	-0.00078491010936
1.66052939608e-08	-0.000201414963158
1.66093869591e-08	0.00048085796152
1.66134799573e-08	0.00111605800339
1.66175729556e-08	0.00154356563871
1.66216659538e-08	0.00163797158166
1.66257589521e-08	0.00135314683575
1.66298519504e-08	0.000740308540117
1.66339449486e-08	-6.87805902544e-05
1.66380379469e-08	-0.000905998254893
1.66421309452e-08	-0.00161816217587
1.66462239434e-08	-0.0021029899508
1.66503169417e-08	-0.00231698491552
1.665440994e-08	-0.00225855229655
1.66585029382e-08	-0.00194269340136
1.66625959365e-08	-0.00138632972084
1.66666889348e-08	-0.000614185599261
1.6670781933e-08	0.000320065759297
1.66748749313e-08	0.00131467790197
1.66789679296e-08	0.00222114262579
1.66830609278e-08	0.00287373646279
1.66871539261e-08	0.00313842453761
1.66912469244e-08	0.00295948435087
1.66953399226e-08	0.00238101085415
1.66994329209e-08	0.00153183296788
1.67035259191e-08	0.000580347630603
1.67076189174e-08	-0.000319537713949
1.67117119157e-08	-0.00106695172144
1.67158049139e-08	-0.00162237744371
1.67198979122e-08	-0.00198773053125
1.67239909105e-08	-0.00217460139538
1.67280839087e-08	-0.00218129504356
1.6732176907e-08	-0.0019916248275
1.67362699053e-08	-0.00159404544684
1.67403629035e-08	-0.00100712916901
1.67444559018e-08	-0.000293853205221
1.67485489001e-08	0.00044593065104
1.67526418983e-08	0.00110249618592
1.67567348966e-08	0.00158930786711
1.67608278949e-08	0.00186571187805
1.67649208931e-08	0.00193908259098
1.67690138914e-08	0.00184768853069
1.67731068897e-08	0.00163546405383
1.67771998879e-08	0.00133279411239
1.67812928862e-08	0.000952411617618
1.67853858844e-08	0.000500093443407
1.67894788827e-08	-8.36074639565e-06
1.6793571881e-08	-0.000535052447958
1.67976648792e-08	-0.00102027598768
1.68017578775e-08	-0.00139544453123
1.68058508758e-08	-0.00160249444889
1.6809943874e-08	-0.00161119949189
1.68140368723e-08	-0.001427888943
1.68181298706e-08	-0.00109349860577
1.68222228688e-08	-0.000673066751915
1.68263158671e-08	-0.000240828599999
1.68304088654e-08	0.000134999872898
1.68345018636e-08	0.000404751332098
1.68385948619e-08	0.000545088303625
1.68426878602e-08	0.000560565888009
1.68467808584e-08	0.000478413559904
1.68508738567e-08	0.000337844317983
1.6854966855e-08	0.000177500827704
1.68590598532e-08	2.6032679898e-05
1.68631528515e-08	-0.000100251508229
1.68672458497e-08	-0.0001923571308
1.6871338848e-08	-0.00024035165552
1.68754318463e-08	-0.000228541517572
1.68795248445e-08	-0.000139115364618
1.68836178428e-08	3.60893326778e-05
1.68877108411e-08	0.000282275941572
1.68918038393e-08	0.000556368184334
1.68958968376e-08	0.000796291085862
1.68999898359e-08	0.000943485712924
1.69040828341e-08	0.000968602289504
1.69081758324e-08	0.000886364905455
1.69122688307e-08	0.00074958823825
1.69163618289e-08	0.000622961641056
1.69204548272e-08	0.000548831856577
1.69245478255e-08	0.000522996928339
1.69286408237e-08	0.000494540647196
1.6932733822e-08	0.00039138124157
1.69368268202e-08	0.00015913560992
1.69409198185e-08	-0.000206936248105
1.69450128168e-08	-0.000653927123494
1.6949105815e-08	-0.00109144217276
1.69531988133e-08	-0.00142884236266
1.69572918116e-08	-0.00160941360809
1.69613848098e-08	-0.00162378927052
1.69654778081e-08	-0.00149755858001
1.69695708064e-08	-0.00126330884086
1.69736638046e-08	-0.000936368262046
1.69777568029e-08	-0.000510724952619
1.69818498012e-08	2.14041490381e-05
1.69859427994e-08	0.000638470817648
1.69900357977e-08	0.00126782813459
1.6994128796e-08	0.00179051319719
1.69982217942e-08	0.00207551993662
1.70023147925e-08	0.00202952310792
1.70064077908e-08	0.0016381835012
1.7010500789e-08	0.000978163698164
1.70145937873e-08	0.000193274068806
1.70186867855e-08	-0.000553996407689
1.70227797838e-08	-0.00113289168803
1.70268727821e-08	-0.00147484144691
1.70309657803e-08	-0.00157411585678
1.70350587786e-08	-0.00146492500789
1.70391517769e-08	-0.00119222893409
1.70432447751e-08	-0.000793729981524
1.70473377734e-08	-0.000300788435197
1.70514307717e-08	0.000247222587859
1.70555237699e-08	0.00078932276665
1.70596167682e-08	0.00124356814922
1.70637097665e-08	0.00152607185009
1.70678027647e-08	0.00158062680566
1.7071895763e-08	0.00140370603913
1.70759887613e-08	0.0010509465792
1.70800817595e-08	0.000620393653662
1.70841747578e-08	0.000219311501496
1.70882677561e-08	-7.09861192263e-05
1.70923607543e-08	-0.000217817687371
1.70964537526e-08	-0.000239781596974
1.71005467508e-08	-0.000191388126041
1.71046397491e-08	-0.000138754247018
1.71087327474e-08	-0.000137043286941
1.71128257456e-08	-0.0002168186993
1.71169187439e-08	-0.000380830118957
1.71210117422e-08	-0.000608342164924
1.71251047404e-08	-0.000862746790517
1.71291977387e-08	-0.00109944054566
1.7133290737e-08	-0.00127289935335
1.71373837352e-08	-0.0013429960236
1.71414767335e-08	-0.00128047386534
1.71455697318e-08	-0.00107095563726
1.714966273e-08	-0.000716941587598
1.71537557283e-08	-0.000238090928178
1.71578487266e-08	0.000329148429955
1.71619417248e-08	0.000931832575588
1.71660347231e-08	0.0015016891557
1.71701277213e-08	0.00195988459745
1.71742207196e-08	0.00222824010416
1.71783137179e-08	0.00224698234524
1.71824067161e-08	0.00199455460825
1.71864997144e-08	0.00150114422286
1.71905927127e-08	0.000847686897032
1.71946857109e-08	0.000147210071418
1.71987787092e-08	-0.000486289827677
1.72028717075e-08	-0.000969276552496
1.72069647057e-08	-0.00126684036513
1.7211057704e-08	-0.00138995858288
1.72151507023e-08	-0.00137478068064
1.72192437005e-08	-0.0012563890923
1.72233366988e-08	-0.00105227762833
1.72274296971e-08	-0.00076478975825
1.72315226953e-08	-0.000400016484491
1.72356156936e-08	1.00795921156e-05
1.72397086919e-08	0.000398651574869
1.72438016901e-08	0.000677601081406
1.72478946884e-08	0.000770078324422
1.72519876866e-08	0.000645981148409
1.72560806849e-08	0.000341034176017
1.72601736832e-08	-5.24107509534e-05
1.72642666814e-08	-0.000419835700086
1.72683596797e-08	-0.000667470274493
1.7272452678e-08	-0.000752195850509
1.72765456762e-08	-0.000684354061377
1.72806386745e-08	-0.000504703682964
1.72847316728e-08	-0.000251289955486
1.7288824671e-08	6.28293460068e-05
1.72929176693e-08	0.000447254024039
1.72970106676e-08	0.000908982190595
1.73011036658e-08	0.00142053057789
1.73051966641e-08	0.00190290353203
1.73092896624e-08	0.00223739574722
1.73133826606e-08	0.00230413863028
1.73174756589e-08	0.00202993938001
1.73215686572e-08	0.00142193103238
1.73256616554e-08	0.000570341351704
1.73297546537e-08	-0.000380628796847
1.73338476519e-08	-0.00127904362307
1.73379406502e-08	-0.00200667984609
1.73420336485e-08	-0.00249852494744
1.73461266467e-08	-0.00273666158319
1.7350219645e-08	-0.00272881407
1.73543126433e-08	-0.00248851074139
1.73584056415e-08	-0.00202988076489
1.73624986398e-08	-0.00137870481558
1.73665916381e-08	-0.000589701518038
1.73706846363e-08	0.000244817403654
1.73747776346e-08	0.00100529130577
1.73788706329e-08	0.00157357848366
1.73829636311e-08	0.0018684493989
1.73870566294e-08	0.00187181435467
1.73911496277e-08	0.00163362253807
1.73952426259e-08	0.00125347440917
1.73993356242e-08	0.000847359850013
1.74034286225e-08	0.00051342631923
1.74075216207e-08	0.000309060478685
1.7411614619e-08	0.000244761589784
1.74157076172e-08	0.00029256540256
1.74198006155e-08	0.000402043442591
1.74238936138e-08	0.000516636860993
1.7427986612e-08	0.000586052221479
1.74320796103e-08	0.000573947832891
1.74361726086e-08	0.000462090814835
1.74402656068e-08	0.000252086472756
1.74443586051e-08	-3.52196610152e-05
1.74484516034e-08	-0.000363058767107
1.74525446016e-08	-0.000684612474288
1.74566375999e-08	-0.000950267567532
1.74607305982e-08	-0.00111476119491
1.74648235964e-08	-0.00114346118062
1.74689165947e-08	-0.0010182286278
1.7473009593e-08	-0.000743533400964
1.74771025912e-08	-0.000352072995156
1.74811955895e-08	9.32586754061e-05
1.74852885877e-08	0.000505483021698
1.7489381586e-08	0.000790507780039
1.74934745843e-08	0.000872780190548
1.74975675825e-08	0.000721541215171
1.75016605808e-08	0.000366354752259
1.75057535791e-08	-0.000107108962766
1.75098465773e-08	-0.000582164677326
1.75139395756e-08	-0.000948241766309
1.75180325739e-08	-0.00113467349001
1.75221255721e-08	-0.00112667502981
1.75262185704e-08	-0.00095766450977
1.75303115687e-08	-0.000684040562192
1.75344045669e-08	-0.000357238661309
1.75384975652e-08	-8.26664618003e-06
1.75425905635e-08	0.000348449915691
1.75466835617e-08	0.000697453404428
1.755077656e-08	0.00100532663055
1.75548695583e-08	0.00121881336963
1.75589625565e-08	0.00128296739422
1.75630555548e-08	0.00117092378787
1.7567148553e-08	0.000907771049242
1.75712415513e-08	0.000572050907067
1.75753345496e-08	0.000269763126198
1.75794275478e-08	9.12569480533e-05
1.75835205461e-08	7.2124027156e-05
1.75876135444e-08	0.000178587075425
1.75917065426e-08	0.000325692417391
1.75957995409e-08	0.000419402800617
1.75998925392e-08	0.000401010936912
1.76039855374e-08	0.000271322127446
1.76080785357e-08	8.33573399177e-05
1.7612171534e-08	-9.05001650153e-05
1.76162645322e-08	-0.000197658968318
1.76203575305e-08	-0.000229321953157
1.76244505288e-08	-0.000217725091716
1.7628543527e-08	-0.000210822917325
1.76326365253e-08	-0.000241192781687
1.76367295236e-08	-0.000308124588628
1.76408225218e-08	-0.00038284549737
1.76449155201e-08	-0.00043228807408
1.76490085183e-08	-0.000445505680545
1.76531015166e-08	-0.00044535861889
1.76571945149e-08	-0.000477100009448
1.76612875131e-08	-0.000579472365644
1.76653805114e-08	-0.000754650267481
1.76694735097e-08	-0.000954679642746
1.76735665079e-08	-0.00109341181087
1.76776595062e-08	-0.00107935829146
1.76817525045e-08	-0.000854060672282
1.76858455027e-08	-0.000418157867898
1.7689938501e-08	0.000165909530551
1.76940314993e-08	0.000793904873717
1.76981244975e-08	0.00135184390092
1.77022174958e-08	0.00174589721428
1.77063104941e-08	0.00191988667939
1.77104034923e-08	0.00185804933426
1.77144964906e-08	0.00157792567916
1.77185894888e-08	0.00112084252032
1.77226824871e-08	0.000545152644918
1.77267754854e-08	-7.72841212893e-05
1.77308684836e-08	-0.000664650411636
1.77349614819e-08	-0.0011324652296
1.77390544802e-08	-0.00140579097933
1.77431474784e-08	-0.00143400405068
1.77472404767e-08	-0.00120364196482
1.7751333475e-08	-0.00074505464363
1.77554264732e-08	-0.000130578261633
1.77595194715e-08	0.00053571639728
1.77636124698e-08	0.00113504964247
1.7767705468e-08	0.00155529011681
1.77717984663e-08	0.00171343098918
1.77758914646e-08	0.0015748203441
1.77799844628e-08	0.00116375974903
1.77840774611e-08	0.00056067454716
1.77881704594e-08	-0.00011578319527
1.77922634576e-08	-0.000737983344152
1.77963564559e-08	-0.00120092616271
1.78004494541e-08	-0.0014451601819
1.78045424524e-08	-0.0014630411606
1.78086354507e-08	-0.00128774882614
1.78127284489e-08	-0.00097249069222
1.78168214472e-08	-0.000571481774386
1.78209144455e-08	-0.000131969292852
1.78250074437e-08	0.000301249659969
1.7829100442e-08	0.000676121002471
1.78331934403e-08	0.000929950998398
1.78372864385e-08	0.00100043605926
1.78413794368e-08	0.000849702839332
1.78454724351e-08	0.000489848782308
1.78495654333e-08	-5.68363914777e-06
1.78536584316e-08	-0.000515497853485
1.78577514299e-08	-0.000906663342903
1.78618444281e-08	-0.00107958742592
1.78659374264e-08	-0.00100085668964
1.78700304247e-08	-0.000708602467057
1.78741234229e-08	-0.000288659543003
1.78782164212e-08	0.000165235433087
1.78823094194e-08	0.000586133603065
1.78864024177e-08	0.000946314758039
1.7890495416e-08	0.00124378953478
1.78945884142e-08	0.00147448742791
1.78986814125e-08	0.0016099758941
1.79027744108e-08	0.00159687148698
1.7906867409e-08	0.00138062903716
1.79109604073e-08	0.000941058773606
1.79150534056e-08	0.000318685750244
1.79191464038e-08	-0.000384995850254
1.79232394021e-08	-0.00103645446507
1.79273324004e-08	-0.00151528549759
1.79314253986e-08	-0.00175374474202
1.79355183969e-08	-0.00175193385803
1.79396113952e-08	-0.00156329628953
1.79437043934e-08	-0.00126076862944
1.79477973917e-08	-0.000903295338503
1.79518903899e-08	-0.000520211149706
1.79559833882e-08	-0.0001192168138
1.79600763865e-08	0.000290662092084
1.79641693847e-08	0.000678230357153
1.7968262383e-08	0.000986470215139
1.79723553813e-08	0.00115024809202
1.79764483795e-08	0.00112642588647
1.79805413778e-08	0.000919675228943
1.79846343761e-08	0.000589217324887
1.79887273743e-08	0.000231812378843
1.79928203726e-08	-5.13877653958e-05
1.79969133709e-08	-0.000188810625332
1.80010063691e-08	-0.000158642714723
1.80050993674e-08	1.14363650141e-05
1.80091923657e-08	0.000261366494669
1.80132853639e-08	0.000522154539794
1.80173783622e-08	0.000734706900403
1.80214713605e-08	0.000858252467879
1.80255643587e-08	0.000869474824867
1.8029657357e-08	0.000758028207201
1.80337503552e-08	0.000524139464687
1.80378433535e-08	0.000180523296876
1.80419363518e-08	-0.000243418448918
1.804602935e-08	-0.000699347991031
1.80501223483e-08	-0.00112318060565
1.80542153466e-08	-0.00144443189492
1.80583083448e-08	-0.00159959764278
1.80624013431e-08	-0.00154608163575
1.80664943414e-08	-0.00127340180188
1.80705873396e-08	-0.000809295233921
1.80746803379e-08	-0.000219058171751
1.80787733362e-08	0.000403020230806
1.80828663344e-08	0.000950247042056
1.80869593327e-08	0.00132601728546
1.8091052331e-08	0.00146697158925
1.80951453292e-08	0.00135940361361
1.80992383275e-08	0.00104217866465
1.81033313258e-08	0.000593833749008
1.8107424324e-08	0.000108117475065
1.81115173223e-08	-0.000332275301844
1.81156103205e-08	-0.000672981987009
1.81197033188e-08	-0.000890129951586
1.81237963171e-08	-0.000979493524937
1.81278893153e-08	-0.000941911202972
1.81319823136e-08	-0.000775965163484
1.81360753119e-08	-0.000483743289806
1.81401683101e-08	-8.61870389599e-05
1.81442613084e-08	0.000363297549484
1.81483543067e-08	0.000779458037869
1.81524473049e-08	0.00106550975033
1.81565403032e-08	0.00114695890807
1.81606333015e-08	0.00100327369728
1.81647262997e-08	0.000680371194903
1.8168819298e-08	0.000275400883766
1.81729122963e-08	-0.000100568098787
1.81770052945e-08	-0.000364398651072
1.81810982928e-08	-0.00048691696793
1.81851912911e-08	-0.000491174905619
1.81892842893e-08	-0.00042606473653
1.81933772876e-08	-0.000331728409947
1.81974702858e-08	-0.000217140840505
1.82015632841e-08	-6.24588615921e-05
1.82056562824e-08	0.000156325071657
1.82097492806e-08	0.000436434234871
1.82138422789e-08	0.000731182655727
1.82179352772e-08	0.000958984812314
1.82220282754e-08	0.00103557221155
1.82261212737e-08	0.000912746407266
1.8230214272e-08	0.000602652005909
1.82343072702e-08	0.000174272488948
1.82384002685e-08	-0.000275929682175
1.82424932668e-08	-0.000663307891955
1.8246586265e-08	-0.000943530933
1.82506792633e-08	-0.00111651151383
1.82547722616e-08	-0.00120640439854
1.82588652598e-08	-0.00123181594972
1.82629582581e-08	-0.00118520546675
1.82670512563e-08	-0.00103416406637
1.82711442546e-08	-0.000743838529161
1.82752372529e-08	-0.000307140395307
1.82793302511e-08	0.000235269621044
1.82834232494e-08	0.000797538472398
1.82875162477e-08	0.00127366968081
1.82916092459e-08	0.00157304515596
1.82957022442e-08	0.00164951921033
1.82997952425e-08	0.00151144542906
1.83038882407e-08	0.00121050942107
1.8307981239e-08	0.000817616630229
1.83120742373e-08	0.000398959404265
1.83161672355e-08	2.62537409412e-06
1.83202602338e-08	-0.000341551116435
1.83243532321e-08	-0.000613912168774
1.83284462303e-08	-0.000797142980446
1.83325392286e-08	-0.000875047691807
1.83366322269e-08	-0.000838693056721
1.83407252251e-08	-0.000695407958119
1.83448182234e-08	-0.000474228119856
1.83489112216e-08	-0.000223428171921
1.83530042199e-08	-9.00437271412e-08
1.83570972182e-08	0.000144567493862
1.83611902164e-08	0.00017891141033
1.83652832147e-08	9.94951383291e-05
1.8369376213e-08	-6.74498842272e-05
1.83734692112e-08	-0.00027165350366
1.83775622095e-08	-0.000450389503385
1.83816552078e-08	-0.000543963091332
1.8385748206e-08	-0.000511971291417
1.83898412043e-08	-0.000345942540662
1.83939342026e-08	-7.35984340281e-05
1.83980272008e-08	0.000248272499448
1.84021201991e-08	0.000551272361918
1.84062131974e-08	0.00077726298332
1.84103061956e-08	0.000895795412362
1.84143991939e-08	0.000909504880838
1.84184921922e-08	0.000845435002702
1.84225851904e-08	0.000737449954613
1.84266781887e-08	0.000609723439993
1.84307711869e-08	0.000470533497719
1.84348641852e-08	0.000319241287798
1.84389571835e-08	0.000160872902597
1.84430501817e-08	1.72740042785e-05
1.844714318e-08	-7.48587522139e-05
1.84512361783e-08	-8.08487502582e-05
1.84553291765e-08	8.50764687854e-06
1.84594221748e-08	0.000161261686117
1.84635151731e-08	0.000308431957819
1.84676081713e-08	0.000369759938621
1.84717011696e-08	0.000290314377708
1.84757941679e-08	6.94554138647e-05
1.84798871661e-08	-0.000234063561948
1.84839801644e-08	-0.000525405077497
1.84880731627e-08	-0.000714926776709
1.84921661609e-08	-0.000757061578042
1.84962591592e-08	-0.00066739495378
1.85003521574e-08	-0.000510072419274
1.85044451557e-08	-0.00036351923336
1.8508538154e-08	-0.000283578403469
1.85126311522e-08	-0.000283450242932
1.85167241505e-08	-0.000339188949511
1.85208171488e-08	-0.000414344307501
1.8524910147e-08	-0.000486533048388
1.85290031453e-08	-0.000558571402507
1.85330961436e-08	-0.000647226759611
1.85371891418e-08	-0.00075731913239
1.85412821401e-08	-0.000858943370986
1.85453751384e-08	-0.000884832174052
1.85494681366e-08	-0.000753586769861
1.85535611349e-08	-0.000409183307056
1.85576541332e-08	0.000143335244502
1.85617471314e-08	0.000825514995086
1.85658401297e-08	0.00150470700464
1.8569933128e-08	0.00203712120128
1.85740261262e-08	0.00231534551131
1.85781191245e-08	0.00229953497183
1.85822121227e-08	0.00202079603332
1.8586305121e-08	0.00155946367886
1.85903981193e-08	0.00101227041159
1.85944911175e-08	0.000464996006485
1.85985841158e-08	-1.92511265169e-05
1.86026771141e-08	-0.000396910292693
1.86067701123e-08	-0.000635291264189
1.86108631106e-08	-0.000709138115781
1.86149561089e-08	-0.000607578356721
1.86190491071e-08	-0.000347844998032
1.86231421054e-08	1.40258084942e-05
1.86272351037e-08	0.000385248020393
1.86313281019e-08	0.000654680374282
1.86354211002e-08	0.000722683045751
1.86395140985e-08	0.00053154275156
1.86436070967e-08	8.50219475979e-05
1.8647700095e-08	-0.0005497495913
1.86517930933e-08	-0.00125777122594
1.86558860915e-08	-0.00190300011309
1.86599790898e-08	-0.00235808429716
1.8664072088e-08	-0.00252971547889
1.86681650863e-08	-0.00237512480817
1.86722580846e-08	-0.00190803174337
1.86763510828e-08	-0.00119418904796
1.86804440811e-08	-0.000337904150001
1.86845370794e-08	0.000537820720638
1.86886300776e-08	0.00131338147185
1.86927230759e-08	0.00189185113413
1.86968160742e-08	0.00221123718075
1.87009090724e-08	0.002248158562
1.87050020707e-08	0.00201491067128
1.8709095069e-08	0.00155402180098
1.87131880672e-08	0.000933748306124
1.87172810655e-08	0.000244679780735
1.87213740638e-08	-0.000406035896958
1.8725467062e-08	-0.000907583744265
1.87295600603e-08	-0.00116717274068
1.87336530585e-08	-0.00113609489927
1.87377460568e-08	-0.000830022057926
1.87418390551e-08	-0.000332362709742
1.87459320533e-08	0.000225120800678
1.87500250516e-08	0.000700183853041
1.87541180499e-08	0.000982722616754
1.87582110481e-08	0.00102488680568
1.87623040464e-08	0.000846641669341
1.87663970447e-08	0.000516354459251
1.87704900429e-08	0.000118015628686
1.87745830412e-08	-0.000277631932477
1.87786760395e-08	-0.000624687530944
1.87827690377e-08	-0.000894383869309
1.8786862036e-08	-0.00105816722498
1.87909550343e-08	-0.00107722276152
1.87950480325e-08	-0.000909658017918
1.87991410308e-08	-0.000534517846972
1.88032340291e-08	2.05961396063e-05
1.88073270273e-08	0.000666583830025
1.88114200256e-08	0.00126697267842
1.88155130238e-08	0.00167743138445
1.88196060221e-08	0.00179465355177
1.88236990204e-08	0.00159218243789
1.88277920186e-08	0.00112642501335
1.88318850169e-08	0.000510823829245
1.88359780152e-08	-0.00012804049129
1.88400710134e-08	-0.000690621753165
1.88441640117e-08	-0.00112296534644
1.884825701e-08	-0.00140911512426
1.88523500082e-08	-0.0015477334091
1.88564430065e-08	-0.00153120385949
1.88605360048e-08	-0.00134211628028
1.8864629003e-08	-0.0009697537389
1.88687220013e-08	-0.000435581703641
1.88728149996e-08	0.000190039868357
1.88769079978e-08	0.000793708022684
1.88810009961e-08	0.00124877294729
1.88850939944e-08	0.00145684339077
1.88891869926e-08	0.00138179747591
1.88932799909e-08	0.00106048481393
1.88973729891e-08	0.000586017657042
1.89014659874e-08	7.27942237972e-05
1.89055589857e-08	-0.000379892124329
1.89096519839e-08	-0.000710372656613
1.89137449822e-08	-0.000897056866961
1.89178379805e-08	-0.000945615029195
1.89219309787e-08	-0.000872284515935
1.8926023977e-08	-0.000694020338415
1.89301169753e-08	-0.000429498955782
1.89342099735e-08	-0.000106984985905
1.89383029718e-08	0.000229396431678
1.89423959701e-08	0.000522175974766
1.89464889683e-08	0.000713279587217
1.89505819666e-08	0.000762102765293
1.89546749649e-08	0.000660707915813
1.89587679631e-08	0.000439199822722
1.89628609614e-08	0.000158880906383
1.89669539597e-08	-0.00010408855178
1.89710469579e-08	-0.000278730311038
1.89751399562e-08	-0.000317022222589
1.89792329544e-08	-0.000205239591196
1.89833259527e-08	3.30216744118e-05
1.8987418951e-08	0.00034229328412
1.89915119492e-08	0.000648080032988
1.89956049475e-08	0.000874723576999
1.89996979458e-08	0.000964262158959
1.9003790944e-08	0.000891022595169
1.90078839423e-08	0.000667069878546
1.90119769406e-08	0.000336442113621
1.90160699388e-08	-3.94483150385e-05
1.90201629371e-08	-0.000398970880269
1.90242559354e-08	-0.000692780544341
1.90283489336e-08	-0.000887516674993
1.90324419319e-08	-0.000962115824223
1.90365349302e-08	-0.000902853345906
1.90406279284e-08	-0.000703937588696
1.90447209267e-08	-0.000376143934773
1.90488139249e-08	4.09882932217e-05
1.90529069232e-08	0.000473040858196
1.90569999215e-08	0.000819800799945
1.90610929197e-08	0.000981585377303
1.9065185918e-08	0.000894713353773
1.90692789163e-08	0.000560642460187
1.90733719145e-08	5.3590023299e-05
1.90774649128e-08	-0.000499670051795
1.90815579111e-08	-0.000960873876465
1.90856509093e-08	-0.00122472624935
1.90897439076e-08	-0.00124748489179
1.90938369059e-08	-0.00104868464405
1.90979299041e-08	-0.000688958683895
1.91020229024e-08	-0.000238753958911
1.91061159007e-08	0.000244192116043
1.91102088989e-08	0.000718079747458
1.91143018972e-08	0.00114370110532
1.91183948955e-08	0.00146833035251
1.91224878937e-08	0.00162284573889
1.9126580892e-08	0.0015397376701
1.91306738902e-08	0.00118570774794
1.91347668885e-08	0.000591413514485
1.91388598868e-08	-0.000140448971251
1.9142952885e-08	-0.000857759492646
1.91470458833e-08	-0.00140545026079
1.91511388816e-08	-0.00167597437394
1.91552318798e-08	-0.00164111042977
1.91593248781e-08	-0.00135162459628
1.91634178764e-08	-0.000907309156901
1.91675108746e-08	-0.000414044414356
1.91716038729e-08	5.08373818775e-05
1.91756968712e-08	0.000450437884865
1.91797898694e-08	0.000776895678428
1.91838828677e-08	0.00102888909169
1.9187975866e-08	0.00119474858366
1.91920688642e-08	0.00125223588839
1.91961618625e-08	0.00118416544865
1.92002548608e-08	0.000998420138785
1.9204347859e-08	0.000737770220439
1.92084408573e-08	0.000470849234262
1.92125338555e-08	0.000266875576926
1.92166268538e-08	0.000166455566614
1.92207198521e-08	0.000163546391377
1.92248128503e-08	0.00020797281195
1.92289058486e-08	0.000227341193749
1.92329988469e-08	0.000157723118718
1.92370918451e-08	-3.09571869366e-05
1.92411848434e-08	-0.000325067727317
1.92452778417e-08	-0.000674853778037
1.92493708399e-08	-0.00101340785477
1.92534638382e-08	-0.00127735398564
1.92575568365e-08	-0.00142126157152
1.92616498347e-08	-0.0014228482396
1.9265742833e-08	-0.00128095143737
1.92698358313e-08	-0.0010105565234
1.92739288295e-08	-0.000638341480226
1.92780218278e-08	-0.000199828209588
1.9282114826e-08	0.000262785675659
1.92862078243e-08	0.000703432935552
1.92903008226e-08	0.00107612270949
1.92943938208e-08	0.00133954187913
1.92984868191e-08	0.00146170612425
1.93025798174e-08	0.00142451378633
1.93066728156e-08	0.00122831604676
1.93107658139e-08	0.00089585481328
1.93148588122e-08	0.000473477975902
1.93189518104e-08	2.67180071205e-05
1.93230448087e-08	-0.000371478372472
1.9327137807e-08	-0.000658152523101
1.93312308052e-08	-0.000797645981947
1.93353238035e-08	-0.00079117462883
1.93394168018e-08	-0.0006731407193
1.93435098e-08	-0.000494627674925
1.93476027983e-08	-0.000301393456539
1.93516957966e-08	-0.000117360227705
1.93557887948e-08	5.76326356168e-05
1.93598817931e-08	0.000234679046116
1.93639747913e-08	0.000415150134359
1.93680677896e-08	0.000575545655011
1.93721607879e-08	0.000668568700348
1.93762537861e-08	0.000642172177322
1.93803467844e-08	0.00046751100308
1.93844397827e-08	0.000160420601787
1.93885327809e-08	-0.000216627802729
1.93926257792e-08	-0.000574967125431
1.93967187775e-08	-0.000833005688037
1.94008117757e-08	-0.000945279316511
1.9404904774e-08	-0.000912324132514
1.94089977723e-08	-0.000767204350268
1.94130907705e-08	-0.000547946216102
1.94171837688e-08	-0.000273275069048
1.94212767671e-08	6.30202130196e-05
1.94253697653e-08	0.000475164099043
1.94294627636e-08	0.000956114505243
1.94335557619e-08	0.0014546688908
1.94376487601e-08	0.00187535891018
1.94417417584e-08	0.00210530811455
1.94458347566e-08	0.0020568499167
1.94499277549e-08	0.00170518855157
1.94540207532e-08	0.0011020209422
1.94581137514e-08	0.000358227462129
1.94622067497e-08	-0.000395410999772
1.9466299748e-08	-0.00104987210216
1.94703927462e-08	-0.0015425941092
1.94744857445e-08	-0.00185654396773
1.94785787428e-08	-0.00199960022292
1.9482671741e-08	-0.00198038633971
1.94867647393e-08	-0.00179675173422
1.94908577376e-08	-0.00144365710003
1.94949507358e-08	-0.000934152500122
1.94990437341e-08	-0.000318370961395
1.95031367324e-08	0.000314020602673
1.95072297306e-08	0.000853077806823
1.95113227289e-08	0.0012022327719
1.95154157271e-08	0.00131058385159
1.95195087254e-08	0.00118843381642
1.95236017237e-08	0.000899261591258
1.95276947219e-08	0.000533100621396
1.95317877202e-08	0.000174692609107
1.95358807185e-08	-0.000119357037875
1.95399737167e-08	-0.000326601062625
1.9544066715e-08	-0.000449570270575
1.95481597133e-08	-0.000500071200804
1.95522527115e-08	-0.000486922133859
1.95563457098e-08	-0.000412827786931
1.95604387081e-08	-0.000279563886579
1.95645317063e-08	-9.58737323344e-05
1.95686247046e-08	0.000118162752187
1.95727177029e-08	0.000333391149979
1.95768107011e-08	0.000519227247423
1.95809036994e-08	0.000652586819342
1.95849966977e-08	0.000723914072296
1.95890896959e-08	0.000738210706913
1.95931826942e-08	0.000711454220436
1.95972756924e-08	0.000664270904963
1.96013686907e-08	0.000614849897829
1.9605461689e-08	0.000572635017306
1.96095546872e-08	0.000534174738277
1.96136476855e-08	0.000482726016344
1.96177406838e-08	0.000393030699342
1.9621833682e-08	0.000241259436734
1.96259266803e-08	1.74480231294e-05
1.96300196786e-08	-0.000264747210167
1.96341126768e-08	-0.000566567319765
1.96382056751e-08	-0.000833613637951
1.96422986734e-08	-0.00101361253473
1.96463916716e-08	-0.00107484171895
1.96504846699e-08	-0.00101616504253
1.96545776682e-08	-0.000863300345372
1.96586706664e-08	-0.000653217255604
1.96627636647e-08	-0.000415481590608
1.9666856663e-08	-0.000161600009051
1.96709496612e-08	0.000110906751615
1.96750426595e-08	0.000401886965847
1.96791356577e-08	0.00068993869354
1.9683228656e-08	0.000924945125007
1.96873216543e-08	0.00103951030906
1.96914146525e-08	0.000976274233835
1.96955076508e-08	0.0007179254535
1.96996006491e-08	0.000303454524328
1.97036936473e-08	-0.000179747586117
1.97077866456e-08	-0.000625854656391
1.97118796439e-08	-0.000948467743001
1.97159726421e-08	-0.00110768382001
1.97200656404e-08	-0.00111346490303
1.97241586387e-08	-0.00100553943048
1.97282516369e-08	-0.000823053029308
1.97323446352e-08	-0.000582487158681
1.97364376335e-08	-0.000276819162536
1.97405306317e-08	0.000104317699879
1.974462363e-08	0.000546913670405
1.97487166283e-08	0.00099601290276
1.97528096265e-08	0.00136315311101
1.97569026248e-08	0.00155689302483
1.9760995623e-08	0.00152175022231
1.97650886213e-08	0.00126510130212
1.97691816196e-08	0.000857356535562
1.97732746178e-08	0.000404746884669
1.97773676161e-08	8.37061170955e-06
1.97814606144e-08	-0.00027017798493
1.97855536126e-08	-0.000420789066993
1.97896466109e-08	-0.000471491028293
1.97937396092e-08	-0.000460501116322
1.97978326074e-08	-0.000411165750847
1.98019256057e-08	-0.000323739111991
1.9806018604e-08	-0.000186703709915
1.98101116022e-08	1.70840581859e-06
1.98142046005e-08	0.000216965398067
1.98182975988e-08	0.00040833530511
1.9822390597e-08	0.000516983505804
1.98264835953e-08	0.00050254350208
1.98305765935e-08	0.000363535191354
1.98346695918e-08	0.000140351638947
1.98387625901e-08	-0.000100971007214
1.98428555883e-08	-0.000295902027574
1.98469485866e-08	-0.000406095838116
1.98510415849e-08	-0.00043044517588
1.98551345831e-08	-0.00039907502287
1.98592275814e-08	-0.000355350503014
1.98633205797e-08	-0.000335753491527
1.98674135779e-08	-0.000356627218935
1.98715065762e-08	-0.00041174206126
1.98755995745e-08	-0.000478804813611
1.98796925727e-08	-0.000529647197254
1.9883785571e-08	-0.000539012806257
1.98878785693e-08	-0.000489525795274
1.98919715675e-08	-0.000373279024643
1.98960645658e-08	-0.00019181546304
1.99001575641e-08	4.41818836094e-05
1.99042505623e-08	0.000315379649692
1.99083435606e-08	0.000595003897615
1.99124365588e-08	0.00085103672609
1.99165295571e-08	0.00104898217978
1.99206225554e-08	0.00115473856567
1.99247155536e-08	0.00113789179159
1.99288085519e-08	0.000976674775302
1.99329015502e-08	0.000665574323648
1.99369945484e-08	0.000224565188546
1.99410875467e-08	-0.000293990102364
1.9945180545e-08	-0.000806480493338
1.99492735432e-08	-0.00121141994168
1.99533665415e-08	-0.00141424739559
1.99574595398e-08	-0.00135626392876
1.9961552538e-08	-0.00103624867188
1.99656455363e-08	-0.000514465500601
1.99697385346e-08	0.000104309298422
1.99738315328e-08	0.000702528825059
1.99779245311e-08	0.00118306123477
1.99820175294e-08	0.00148996739881
1.99861105276e-08	0.00160982445232
1.99902035259e-08	0.00155703886412
1.99942965241e-08	0.0013548337447
1.99983895224e-08	0.00102474341111
2.00024825207e-08	0.000590616917179
2.00065755189e-08	9.24284029225e-05
2.00106685172e-08	-0.000402784191465
2.00147615155e-08	-0.000805463409051
2.00188545137e-08	-0.00102752860403
2.0022947512e-08	-0.00101731580071
2.00270405103e-08	-0.000788055462181
2.00311335085e-08	-0.000423032161052
2.00352265068e-08	-5.0985658163e-05
2.00393195051e-08	0.000199603057808
2.00434125033e-08	0.000247366830081
2.00475055016e-08	8.48692616273e-05
2.00515984999e-08	-0.000225848416449
2.00556914981e-08	-0.000584580528084
2.00597844964e-08	-0.00089390809444
2.00638774946e-08	-0.00108956151962
2.00679704929e-08	-0.00114797743299
2.00720634912e-08	-0.00107285923877
2.00761564894e-08	-0.000874268720509
2.00802494877e-08	-0.000556495033379
2.0084342486e-08	-0.000123451510262
2.00884354842e-08	0.000402467070671
2.00925284825e-08	0.000962347359746
2.00966214808e-08	0.00145905402314
2.0100714479e-08	0.00177877950773
2.01048074773e-08	0.00182929653965
2.01089004756e-08	0.00157780339941
2.01129934738e-08	0.0010698616461
2.01170864721e-08	0.000419392796175
2.01211794704e-08	-0.000226447869863
2.01252724686e-08	-0.000732257649361
2.01293654669e-08	-0.00101057189022
2.01334584652e-08	-0.00103661728645
2.01375514634e-08	-0.000840394219267
2.01416444617e-08	-0.000485176831717
2.01457374599e-08	-4.53910341918e-05
2.01498304582e-08	0.000406775452575
2.01539234565e-08	0.00080462043843
2.01580164547e-08	0.00108564470429
2.0162109453e-08	0.00119344505219
2.01662024513e-08	0.0010870065089
2.01702954495e-08	0.000755223889428
2.01743884478e-08	0.00022951043502
2.01784814461e-08	-0.000413297311752
2.01825744443e-08	-0.00106169216451
2.01866674426e-08	-0.00159189978149
2.01907604409e-08	-0.00189517583931
2.01948534391e-08	-0.00190182111692
2.01989464374e-08	-0.00159575263388
2.02030394357e-08	-0.00101709792216
2.02071324339e-08	-0.000253670801612
2.02112254322e-08	0.000575899972318
2.02153184305e-08	0.00134380422242
2.02194114287e-08	0.00193557975581
2.0223504427e-08	0.00226938948617
2.02275974252e-08	0.00230796301912
2.02316904235e-08	0.00206052807334
2.02357834218e-08	0.00157491980644
2.023987642e-08	0.000923496663745
2.02439694183e-08	0.000188633830476
2.02480624166e-08	-0.000547126866877
2.02521554148e-08	-0.00120488026005
2.02562484131e-08	-0.00171026494354
2.02603414114e-08	-0.00199710686866
2.02644344096e-08	-0.00201785609534
2.02685274079e-08	-0.00175956143357
2.02726204062e-08	-0.00125820007815
2.02767134044e-08	-0.000601637209911
2.02808064027e-08	8.52269299685e-05
2.0284899401e-08	0.000671345318551
2.02889923992e-08	0.00105575476482
2.02930853975e-08	0.00119420405099
2.02971783958e-08	0.00110465315083
2.0301271394e-08	0.0008500029071
2.03053643923e-08	0.00050766860295
2.03094573905e-08	0.000141843982419
2.03135503888e-08	-0.000208233053854
2.03176433871e-08	-0.000520718996995
2.03217363853e-08	-0.00077283992141
2.03258293836e-08	-0.000926915607124
2.03299223819e-08	-0.000933106588491
2.03340153801e-08	-0.000750524304749
2.03381083784e-08	-0.000375914029064
2.03422013767e-08	0.000137536044349
2.03462943749e-08	0.000685102480929
2.03503873732e-08	0.0011408541468
2.03544803715e-08	0.00140100270073
2.03585733697e-08	0.00142005288944
2.0362666368e-08	0.00122253483278
2.03667593663e-08	0.000885557878064
2.03708523645e-08	0.000502378374222
2.03749453628e-08	0.000146277555359
2.0379038361e-08	-0.000147704966366
2.03831313593e-08	-0.00037688086195
2.03872243576e-08	-0.000548694864847
2.03913173558e-08	-0.000658738463244
2.03954103541e-08	-0.00068410258973
2.03995033524e-08	-0.000596652895183
2.04035963506e-08	-0.000387774322007
2.04076893489e-08	-8.83211723703e-05
2.04117823472e-08	0.000230449031733
2.04158753454e-08	0.000478567773825
2.04199683437e-08	0.000582280175877
2.0424061342e-08	0.000514962805028
2.04281543402e-08	0.000308463721012
2.04322473385e-08	3.93602372242e-05
2.04363403368e-08	-0.000202708120923
2.0440433335e-08	-0.000349156465745
2.04445263333e-08	-0.00037373397754
2.04486193316e-08	-0.000293561262879
2.04527123298e-08	-0.000153222695189
2.04568053281e-08	-2.69534504582e-06
2.04608983263e-08	0.000119360872304
2.04649913246e-08	0.000190899028894
2.04690843229e-08	0.000202036328119
2.04731773211e-08	0.000147761094922
2.04772703194e-08	2.48411523103e-05
2.04813633177e-08	-0.000164346054589
2.04854563159e-08	-0.000403868121793
2.04895493142e-08	-0.000658263314108
2.04936423125e-08	-0.000873910074006
2.04977353107e-08	-0.000989280160866
2.0501828309e-08	-0.00095110975235
2.05059213073e-08	-0.00073087686178
2.05100143055e-08	-0.000336111826982
2.05141073038e-08	0.000186739575838
2.05182003021e-08	0.000758456539188
2.05222933003e-08	0.00128081981529
2.05263862986e-08	0.0016555114853
2.05304792969e-08	0.00180485351302
2.05345722951e-08	0.00169012189144
2.05386652934e-08	0.0013225910734
2.05427582916e-08	0.000763179989008
2.05468512899e-08	0.000109408955723
2.05509442882e-08	-0.000527186777617
2.05550372864e-08	-0.00104608436232
2.05591302847e-08	-0.00137681870547
2.0563223283e-08	-0.00148639787949
2.05673162812e-08	-0.00137513732625
2.05714092795e-08	-0.00106658191362
2.05755022778e-08	-0.000599279759626
2.0579595276e-08	-2.52933704417e-05
2.05836882743e-08	0.000585940113524
2.05877812726e-08	0.00114553728781
2.05918742708e-08	0.0015531519748
2.05959672691e-08	0.00171828988823
2.06000602674e-08	0.00158953928621
2.06041532656e-08	0.00117901213525
2.06082462639e-08	0.000568396651943
2.06123392621e-08	-0.000110027493065
2.06164322604e-08	-0.000712242679583
2.06205252587e-08	-0.00112570811325
2.06246182569e-08	-0.00129860293964
2.06287112552e-08	-0.00124345354561
2.06328042535e-08	-0.0010164033738
2.06368972517e-08	-0.000685366696416
2.064099025e-08	-0.000304760218569
2.06450832483e-08	9.10995663617e-05
2.06491762465e-08	0.000476144974527
2.06532692448e-08	0.000814178340079
2.06573622431e-08	0.00104993560672
2.06614552413e-08	0.00111950901919
2.06655482396e-08	0.000977406205493
2.06696412379e-08	0.000625831864454
2.06737342361e-08	0.000128283381855
2.06778272344e-08	-0.000403346184612
2.06819202327e-08	-0.000845004695293
2.06860132309e-08	-0.00110398793913
2.06901062292e-08	-0.00114921465138
2.06941992274e-08	-0.00101436927071
2.06982922257e-08	-0.000774069008912
2.0702385224e-08	-0.000506803877215
2.07064782222e-08	-0.000264066311502
2.07105712205e-08	-6.00266025685e-05
2.07146642188e-08	0.000116432948744
2.0718757217e-08	0.000278043802609
2.07228502153e-08	0.000420073973146
2.07269432136e-08	0.000517845743161
2.07310362118e-08	0.000541843000974
2.07351292101e-08	0.000480358841742
2.07392222084e-08	0.000355014066372
2.07433152066e-08	0.000218653016418
2.07474082049e-08	0.000135358542138
2.07515012032e-08	0.000152498991156
2.07555942014e-08	0.000279043380942
2.07596871997e-08	0.000480807011627
2.0763780198e-08	0.000694215326803
2.07678731962e-08	0.000850968048326
2.07719661945e-08	0.000901564642845
2.07760591927e-08	0.000827883915917
2.0780152191e-08	0.000641792012175
2.07842451893e-08	0.000373947466869
2.07883381875e-08	6.06181206422e-05
2.07924311858e-08	-0.000264857693764
2.07965241841e-08	-0.000573765766603
2.08006171823e-08	-0.000839257176267
2.08047101806e-08	-0.00103360475623
2.08088031789e-08	-0.00112890404853
2.08128961771e-08	-0.00110182740173
2.08169891754e-08	-0.000940492303926
2.08210821737e-08	-0.000650562808005
2.08251751719e-08	-0.000258379935985
2.08292681702e-08	0.000189829188457
2.08333611685e-08	0.000632769428194
2.08374541667e-08	0.00100276929879
2.0841547165e-08	0.00123777769477
2.08456401632e-08	0.00129497807211
2.08497331615e-08	0.00116256803449
2.08538261598e-08	0.000865173962666
2.0857919158e-08	0.000459340906673
2.08620121563e-08	1.90433676153e-05
2.08661051546e-08	-0.000384202627174
2.08701981528e-08	-0.000698828913301
2.08742911511e-08	-0.000901083149074
2.08783841494e-08	-0.000990731517959
2.08824771476e-08	-0.000978544499958
2.08865701459e-08	-0.000874168312293
2.08906631442e-08	-0.000682578807755
2.08947561424e-08	-0.000411705481383
2.08988491407e-08	-8.59860747369e-05
2.0902942139e-08	0.000244574393946
2.09070351372e-08	0.000509220411914
2.09111281355e-08	0.000637067991192
2.09152211338e-08	0.000585650381254
2.0919314132e-08	0.000363110379112
2.09234071303e-08	3.11267543367e-05
2.09275001285e-08	-0.000315269075145
2.09315931268e-08	-0.000582711469178
2.09356861251e-08	-0.000712771823601
2.09397791233e-08	-0.000697399933415
2.09438721216e-08	-0.000569892159547
2.09479651199e-08	-0.000377991636924
2.09520581181e-08	-0.000155297437232
2.09561511164e-08	9.25564377212e-05
2.09602441147e-08	0.000379712333597
2.09643371129e-08	0.000716034559446
2.09684301112e-08	0.00108311585791
2.09725231095e-08	0.00142652944487
2.09766161077e-08	0.00167110856273
2.0980709106e-08	0.00175226868305
2.09848021043e-08	0.00164640138973
2.09888951025e-08	0.00138315762888
2.09929881008e-08	0.00103212505201
2.09970810991e-08	0.000670607365464
2.10011740973e-08	0.00034972708454
2.10052670956e-08	7.68200961829e-05
2.10093600938e-08	-0.000177204653482
2.10134530921e-08	-0.000450824059953
2.10175460904e-08	-0.000761174480431
2.10216390886e-08	-0.00108705461753
2.10257320869e-08	-0.00137477494718
2.10298250852e-08	-0.00156287620484
2.10339180834e-08	-0.00161149023916
2.10380110817e-08	-0.00152027173317
2.104210408e-08	-0.001325997815
2.10461970782e-08	-0.00108258378168
2.10502900765e-08	-0.000835585800814
2.10543830748e-08	-0.000605217544944
2.1058476073e-08	-0.000385897303204
2.10625690713e-08	-0.000160405239512
2.10666620696e-08	8.12262555883e-05
2.10707550678e-08	0.000329652129949
2.10748480661e-08	0.000557511491934
2.10789410644e-08	0.000732390562916
2.10830340626e-08	0.000833228506963
2.10871270609e-08	0.000860679501784
2.10912200591e-08	0.000836089471704
2.10953130574e-08	0.00079032809299
2.10994060557e-08	0.000748928549001
2.11034990539e-08	0.000721106418496
2.11075920522e-08	0.00069735818397
2.11116850505e-08	0.0006555973996
2.11157780487e-08	0.000572052056668
2.1119871047e-08	0.000431994951214
2.11239640453e-08	0.000236660118389
2.11280570435e-08	4.92992489498e-06
2.11321500418e-08	-0.000229883225984
2.11362430401e-08	-0.000427105336712
2.11403360383e-08	-0.000548301755771
2.11444290366e-08	-0.000567565759411
2.11485220349e-08	-0.000479791848193
2.11526150331e-08	-0.000303803250063
2.11567080314e-08	-7.82736929068e-05
2.11608010296e-08	0.00014890685452
2.11648940279e-08	0.000333942480211
2.11689870262e-08	0.000447484937467
2.11730800244e-08	0.000477664376376
2.11771730227e-08	0.000425468624599
2.1181266021e-08	0.000296808231724
2.11853590192e-08	9.78392795332e-05
2.11894520175e-08	-0.000161943000421
2.11935450158e-08	-0.000459929135104
2.1197638014e-08	-0.000750900653657
2.12017310123e-08	-0.000966920582869
2.12058240106e-08	-0.00103203839535
2.12099170088e-08	-0.000889021983312
2.12140100071e-08	-0.000527138465259
2.12181030054e-08	3.16741340711e-06
2.12221960036e-08	0.000598279195401
2.12262890019e-08	0.0011311647977
2.12303820002e-08	0.00149091758067
2.12344749984e-08	0.00161481433315
2.12385679967e-08	0.00149934530782
2.12426609949e-08	0.00118758952158
2.12467539932e-08	0.000742517240724
2.12508469915e-08	0.000222278004003
2.12549399897e-08	-0.000329396138113
2.1259032988e-08	-0.000875059260579
2.12631259863e-08	-0.00136693139939
2.12672189845e-08	-0.00173703033943
2.12713119828e-08	-0.00190555711742
2.12754049811e-08	-0.00180766957055
2.12794979793e-08	-0.00142628241156
2.12835909776e-08	-0.00081266748748
2.12876839759e-08	-8.11635959508e-05
2.12917769741e-08	0.000622941661277
2.12958699724e-08	0.0011691749969
2.12999629707e-08	0.00148080990039
2.13040559689e-08	0.00154995881894
2.13081489672e-08	0.00142421235796
2.13122419655e-08	0.00117455313011
2.13163349637e-08	0.000862734035763
2.1320427962e-08	0.000524361450516
2.13245209602e-08	0.000173328190613
2.13286139585e-08	-0.000179593425855
2.13327069568e-08	-0.000508813351189
2.1336799955e-08	-0.000769810583733
2.13408929533e-08	-0.000912562325539
2.13449859516e-08	-0.000904895779968
2.13490789498e-08	-0.00075168944386
2.13531719481e-08	-0.000497945049574
2.13572649464e-08	-0.000212849899071
2.13613579446e-08	3.73861631005e-05
2.13654509429e-08	0.000214112300455
2.13695439412e-08	0.000316208883305
2.13736369394e-08	0.000371645404812
2.13777299377e-08	0.000416564183979
2.1381822936e-08	0.000473650317872
2.13859159342e-08	0.000540666649613
2.13900089325e-08	0.000593603166635
2.13941019307e-08	0.000600937739364
2.1398194929e-08	0.000540460969205
2.14022879273e-08	0.000410208871472
2.14063809255e-08	0.000229420231335
2.14104739238e-08	3.09707918262e-05
2.14145669221e-08	-0.000149673831856
2.14186599203e-08	-0.000283793538983
2.14227529186e-08	-0.000354272211553
2.14268459169e-08	-0.000356178563379
2.14309389151e-08	-0.000294934136036
2.14350319134e-08	-0.0001838277567
2.14391249117e-08	-4.15772167202e-05
2.14432179099e-08	0.000110110413516
2.14473109082e-08	0.000248957032454
2.14514039065e-08	0.000353994277248
2.14554969047e-08	0.000406389392083
2.1459589903e-08	0.000389596778405
2.14636829013e-08	0.000290410138405
2.14677758995e-08	0.000102726482055
2.14718688978e-08	-0.000165753775036
2.1475961896e-08	-0.000486552096845
2.14800548943e-08	-0.000808134202089
2.14841478926e-08	-0.00106292090641
2.14882408908e-08	-0.00118440043298
2.14923338891e-08	-0.001129399192
2.14964268874e-08	-0.000896184290468
2.15005198856e-08	-0.000529057724634
2.15046128839e-08	-0.000105463735963
2.15087058822e-08	0.000289961990347
2.15127988804e-08	0.000593033579207
2.15168918787e-08	0.000776689797931
2.1520984877e-08	0.000849633579492
2.15250778752e-08	0.000839571279357
2.15291708735e-08	0.00077203960609
2.15332638718e-08	0.00065783795435
2.153735687e-08	0.000496376287629
2.15414498683e-08	0.000291900181765
2.15455428666e-08	7.07660803982e-05
2.15496358648e-08	-0.000113826416055
2.15537288631e-08	-0.000196434699319
2.15578218613e-08	-0.00012837567192
2.15619148596e-08	9.36175958941e-05
2.15660078579e-08	0.000415633097873
2.15701008561e-08	0.000740477542422
2.15741938544e-08	0.000962629070273
2.15782868527e-08	0.001008136991
2.15823798509e-08	0.000860370259034
2.15864728492e-08	0.000559858544875
2.15905658475e-08	0.000180184667443
2.15946588457e-08	-0.000205805822588
2.1598751844e-08	-0.000551143453777
2.16028448423e-08	-0.000839260319481
2.16069378405e-08	-0.00106877276266
2.16110308388e-08	-0.00123112455913
2.16151238371e-08	-0.00129747601022
2.16192168353e-08	-0.00122502820159
2.16233098336e-08	-0.000980565950158
2.16274028318e-08	-0.00056784532353
2.16314958301e-08	-4.20991964525e-05
2.16355888284e-08	0.000498630892253
2.16396818266e-08	0.000943165337958
2.16437748249e-08	0.00120432993572
2.16478678232e-08	0.00124616531684
2.16519608214e-08	0.00108935873868
2.16560538197e-08	0.000794594874606
2.1660146818e-08	0.000434423971456
2.16642398162e-08	6.86107996835e-05
2.16683328145e-08	-0.000266148939772
2.16724258128e-08	-0.000550704080524
2.1676518811e-08	-0.000769811893406
2.16806118093e-08	-0.000901724284631
2.16847048076e-08	-0.000918922196433
2.16887978058e-08	-0.000800081870693
2.16928908041e-08	-0.000546008384845
2.16969838024e-08	-0.000189616439457
2.17010768006e-08	0.000206738490306
2.17051697989e-08	0.000566512142541
2.17092627971e-08	0.000820429529995
2.17133557954e-08	0.000925252083107
2.17174487937e-08	0.000873065313499
2.17215417919e-08	0.000689211468853
2.17256347902e-08	0.000421728429501
2.17297277885e-08	0.000127487478494
2.17338207867e-08	-0.000140355299663
2.1737913785e-08	-0.000341111444868
2.17420067833e-08	-0.000451123065432
2.17460997815e-08	-0.00046465261039
2.17501927798e-08	-0.000391696976294
2.17542857781e-08	-0.000253334861554
2.17583787763e-08	-7.57870529924e-05
2.17624717746e-08	0.00011489548433
2.17665647729e-08	0.000295574607662
2.17706577711e-08	0.000445613561169
2.17747507694e-08	0.000544945622096
2.17788437677e-08	0.000573862354941
2.17829367659e-08	0.000517247732205
2.17870297642e-08	0.000373037568352
2.17911227624e-08	0.000160794255862
2.17952157607e-08	-7.59123461194e-05
2.1799308759e-08	-0.000278012908893
2.18034017572e-08	-0.000389737386286
2.18074947555e-08	-0.000380688141377
2.18115877538e-08	-0.000260598460954
2.1815680752e-08	-7.81670707966e-05
2.18197737503e-08	9.7359231404e-05
2.18238667486e-08	0.000204209125513
2.18279597468e-08	0.000212463277421
2.18320527451e-08	0.00013288432001
2.18361457434e-08	6.32450256433e-06
2.18402387416e-08	-0.0001197129518
2.18443317399e-08	-0.000213863791942
2.18484247382e-08	-0.00027034499908
2.18525177364e-08	-0.000300623172734
2.18566107347e-08	-0.000313898801323
2.1860703733e-08	-0.000300174990116
2.18647967312e-08	-0.000228523058468
2.18688897295e-08	-6.4000185148e-05
2.18729827277e-08	0.000205233685847
2.1877075726e-08	0.00054661867398
2.18811687243e-08	0.000882111140527
2.18852617225e-08	0.00111134882172
2.18893547208e-08	0.00114967193076
2.18934477191e-08	0.000962795995292
2.18975407173e-08	0.000580934378377
2.19016337156e-08	8.56344004205e-05
2.19057267139e-08	-0.000423287856393
2.19098197121e-08	-0.000863444445713
2.19139127104e-08	-0.00119074099348
2.19180057087e-08	-0.00139733082324
2.19220987069e-08	-0.00149191190576
2.19261917052e-08	-0.00147720022505
2.19302847035e-08	-0.00133982950501
2.19343777017e-08	-0.00105927100958
2.19384707e-08	-0.000629980244412
2.19425636982e-08	-8.23391028462e-05
2.19466566965e-08	0.000511982401804
2.19507496948e-08	0.00105593883927
2.1954842693e-08	0.00145791961404
2.19589356913e-08	0.00166256498778
2.19630286896e-08	0.00166658447415
2.19671216878e-08	0.00151259412814
2.19712146861e-08	0.00126555247698
2.19753076844e-08	0.000984746242466
2.19794006826e-08	0.000705261267285
2.19834936809e-08	0.000436307298514
2.19875866792e-08	0.000174005842382
2.19916796774e-08	-8.11923177935e-05
2.19957726757e-08	-0.000313481294143
2.1999865674e-08	-0.000493135928991
2.20039586722e-08	-0.000588728140428
2.20080516705e-08	-0.000582555996516
2.20121446688e-08	-0.000480682567286
2.2016237667e-08	-0.000312734460749
2.20203306653e-08	-0.000122414763609
2.20244236635e-08	4.59511854842e-05
2.20285166618e-08	0.000158685718816
2.20326096601e-08	0.000198110238671
2.20367026583e-08	0.000161899373779
2.20407956566e-08	5.89567898714e-05
2.20448886549e-08	-9.52190930548e-05
2.20489816531e-08	-0.000281912047285
2.20530746514e-08	-0.000481053531985
2.20571676497e-08	-0.000672066951665
2.20612606479e-08	-0.000834087943076
2.20653536462e-08	-0.000945737512666
2.20694466445e-08	-0.000984938313195
2.20735396427e-08	-0.000930082278501
2.2077632641e-08	-0.000764135846111
2.20817256393e-08	-0.000482150706375
2.20858186375e-08	-0.00010010798087
2.20899116358e-08	0.000339468220773
2.20940046341e-08	0.000770234459196
2.20980976323e-08	0.00111543865933
2.21021906306e-08	0.0013091560686
2.21062836288e-08	0.00131749178399
2.21103766271e-08	0.00115022351383
2.21144696254e-08	0.000856794031279
2.21185626236e-08	0.000507810163981
2.21226556219e-08	0.000170558703758
2.21267486202e-08	-0.000109829671146
2.21308416184e-08	-0.000315147821311
2.21349346167e-08	-0.000444508470537
2.2139027615e-08	-0.000498447090649
2.21431206132e-08	-0.000468447306048
2.21472136115e-08	-0.00033999952575
2.21513066098e-08	-0.00010833783108
2.2155399608e-08	0.000203077765036
2.21594926063e-08	0.000534737355338
2.21635856046e-08	0.000802551177912
2.21676786028e-08	0.000926503977098
2.21717716011e-08	0.000863716348249
2.21758645993e-08	0.000628991667327
2.21799575976e-08	0.000291166224997
2.21840505959e-08	-5.4223472489e-05
2.21881435941e-08	-0.000323018921335
2.21922365924e-08	-0.000472663909022
2.21963295907e-08	-0.000510437192133
2.22004225889e-08	-0.000477638586744
2.22045155872e-08	-0.000420586457039
2.22086085855e-08	-0.00036568239193
2.22127015837e-08	-0.000312178204695
2.2216794582e-08	-0.000244921649937
2.22208875803e-08	-0.000157078172379
2.22249805785e-08	-6.68773964208e-05
2.22290735768e-08	-1.62366828818e-05
2.22331665751e-08	-5.03605967879e-05
2.22372595733e-08	-0.0001893628787
2.22413525716e-08	-0.00040856364285
2.22454455699e-08	-0.000640010210191
2.22495385681e-08	-0.0007963157841
2.22536315664e-08	-0.000805688570836
2.22577245646e-08	-0.000640915775875
2.22618175629e-08	-0.000328425167027
2.22659105612e-08	6.57669593238e-05
2.22700035594e-08	0.000464596261736
2.22740965577e-08	0.000807864198578
2.2278189556e-08	0.00106643301115
2.22822825542e-08	0.00123839358275
2.22863755525e-08	0.00133306043426
2.22904685508e-08	0.00135440014856
2.2294561549e-08	0.00129415639094
2.22986545473e-08	0.00113787868031
2.23027475456e-08	0.00087892836018
2.23068405438e-08	0.000531050012796
2.23109335421e-08	0.000131488488478
2.23150265404e-08	-0.000267514134975
2.23191195386e-08	-0.000614432581642
2.23232125369e-08	-0.00087346132932
2.23273055352e-08	-0.0010320115689
2.23313985334e-08	-0.00109840169898
2.23354915317e-08	-0.00109245889325
2.23395845299e-08	-0.00103447962465
2.23436775282e-08	-0.00093753735564
2.23477705265e-08	-0.000805412972113
2.23518635247e-08	-0.000635492782749
2.2355956523e-08	-0.000424331352406
2.23600495213e-08	-0.000173511309185
2.23641425195e-08	0.000105873394205
2.23682355178e-08	0.000391252255213
2.23723285161e-08	0.000650107718684
2.23764215143e-08	0.000845672060677
2.23805145126e-08	0.000946245716477
2.23846075109e-08	0.000935638461669
2.23887005091e-08	0.000820535460662
2.23927935074e-08	0.000630729009572
2.23968865057e-08	0.000410766171626
2.24009795039e-08	0.000205779428143
2.24050725022e-08	4.77549906464e-05
2.24091655005e-08	-5.11246689712e-05
2.24132584987e-08	-9.50095027292e-05
2.2417351497e-08	-9.35033317546e-05
2.24214444952e-08	-5.07867424631e-05
2.24255374935e-08	3.74579761342e-05
2.24296304918e-08	0.000176157349415
2.243372349e-08	0.000356146269041
2.24378164883e-08	0.000542391830095
2.24419094866e-08	0.000674921848258
2.24460024848e-08	0.000685985738528
2.24500954831e-08	0.000527564985532
2.24541884814e-08	0.000196180259081
2.24582814796e-08	-0.000258408321315
2.24623744779e-08	-0.000746660854929
2.24664674762e-08	-0.00116961933963
2.24705604744e-08	-0.00145190858166
2.24746534727e-08	-0.00156167960085
2.2478746471e-08	-0.00150904370821
2.24828394692e-08	-0.00132648915314
2.24869324675e-08	-0.00104455580731
2.24910254657e-08	-0.000677987442032
2.2495118464e-08	-0.000230485873544
2.24992114623e-08	0.00028588078203
2.25033044605e-08	0.000830338540254
2.25073974588e-08	0.00132747428142
2.25114904571e-08	0.00168320692319
2.25155834553e-08	0.00181736658851
2.25196764536e-08	0.00169713266951
2.25237694519e-08	0.00135381896689
2.25278624501e-08	0.000873524855706
2.25319554484e-08	0.000365637964933
2.25360484467e-08	-7.54499533286e-05
2.25401414449e-08	-0.000397205345507
2.25442344432e-08	-0.000593144672166
2.25483274415e-08	-0.000685838709614
2.25524204397e-08	-0.000701311433659
2.2556513438e-08	-0.000650724741718
2.25606064363e-08	-0.000529330409336
2.25646994345e-08	-0.000331377210387
2.25687924328e-08	-6.97674611274e-05
2.2572885431e-08	0.000213507031731
2.25769784293e-08	0.000454458291642
2.25810714276e-08	0.000589494065935
2.25851644258e-08	0.000581788164709
2.25892574241e-08	0.000437777660409
2.25933504224e-08	0.000205211128559
2.25974434206e-08	-4.60939704681e-05
2.26015364189e-08	-0.000250981463978
2.26056294172e-08	-0.000370483054212
2.26097224154e-08	-0.000399317985284
2.26138154137e-08	-0.000358469922503
2.2617908412e-08	-0.000279251162283
2.26220014102e-08	-0.000188141702893
2.26260944085e-08	-9.92839427454e-05
2.26301874068e-08	-1.59893538623e-05
2.2634280405e-08	6.24695095439e-05
2.26383734033e-08	0.000134431393235
2.26424664016e-08	0.000193735721041
2.26465593998e-08	0.000232323605815
2.26506523981e-08	0.000244978849878
2.26547453963e-08	0.000232875650909
2.26588383946e-08	0.000203929765121
2.26629313929e-08	0.00017006005146
2.26670243911e-08	0.000142864272675
2.26711173894e-08	0.000129361927065
2.26752103877e-08	0.000128837971715
2.26793033859e-08	0.000131383273583
2.26833963842e-08	0.000118846349324
2.26874893825e-08	6.9123780122e-05
2.26915823807e-08	-3.59176958682e-05
2.2695675379e-08	-0.000200458153813
2.26997683773e-08	-0.000406538758398
2.27038613755e-08	-0.000612570514932
2.27079543738e-08	-0.000761742681789
2.27120473721e-08	-0.000799253881269
2.27161403703e-08	-0.00069229599103
2.27202333686e-08	-0.000444044035248
2.27243263668e-08	-9.46438756273e-05
2.27284193651e-08	0.000291953676424
2.27325123634e-08	0.000649369008897
2.27366053616e-08	0.000928121145989
2.27406983599e-08	0.00110393798968
2.27447913582e-08	0.0011725786535
2.27488843564e-08	0.00113672070438
2.27529773547e-08	0.000995249385596
2.2757070353e-08	0.0007436059459
2.27611633512e-08	0.000386358402466
2.27652563495e-08	-4.57685230231e-05
2.27693493478e-08	-0.000487010318466
2.2773442346e-08	-0.000845589027449
2.27775353443e-08	-0.0010309788704
2.27816283426e-08	-0.000988739622699
2.27857213408e-08	-0.000726186273823
2.27898143391e-08	-0.000315090006552
2.27939073374e-08	0.00013164064967
2.27980003356e-08	0.000499317531649
2.28020933339e-08	0.000708915045834
2.28061863321e-08	0.000736090638384
2.28102793304e-08	0.000605463199463
2.28143723287e-08	0.000366954762285
2.28184653269e-08	6.96103884366e-05
2.28225583252e-08	-0.000252268260738
2.28266513235e-08	-0.000575020221731
2.28307443217e-08	-0.000869979623531
2.283483732e-08	-0.00109036738286
2.28389303183e-08	-0.00117341147416
2.28430233165e-08	-0.00106079647958
2.28471163148e-08	-0.000728467002773
2.28512093131e-08	-0.00020948630663
2.28553023113e-08	0.000404384165449
2.28593953096e-08	0.00098633608286
2.28634883079e-08	0.00141438260471
2.28675813061e-08	0.00160998078354
2.28716743044e-08	0.00155871603056
2.28757673027e-08	0.0013055764357
2.28798603009e-08	0.000929891204578
2.28839532992e-08	0.000513855742611
2.28880462974e-08	0.000119422677926
2.28921392957e-08	-0.000218510791456
2.2896232294e-08	-0.000484662883537
2.29003252922e-08	-0.000670999295835
2.29044182905e-08	-0.00076953516691
2.29085112888e-08	-0.000774984902819
2.2912604287e-08	-0.000694214002579
2.29166972853e-08	-0.000554318885406
2.29207902836e-08	-0.000401620774937
2.29248832818e-08	-0.000289235609671
2.29289762801e-08	-0.000257790607066
2.29330692784e-08	-0.000318148044244
2.29371622766e-08	-0.000444408524345
2.29412552749e-08	-0.000580620308028
2.29453482732e-08	-0.000658442742861
2.29494412714e-08	-0.000618734975433
2.29535342697e-08	-0.000429436258855
2.29576272679e-08	-9.47127609834e-05
2.29617202662e-08	0.000345822722011
2.29658132645e-08	0.000825991606689
2.29699062627e-08	0.00126690923207
2.2973999261e-08	0.0015927132772
2.29780922593e-08	0.00174543076719
2.29821852575e-08	0.00169631562312
2.29862782558e-08	0.0014511790796
2.29903712541e-08	0.00104820255365
2.29944642523e-08	0.000548729694856
2.29985572506e-08	2.40516320673e-05
2.30026502489e-08	-0.000457409802038
2.30067432471e-08	-0.000838774547447
2.30108362454e-08	-0.00107827876491
2.30149292437e-08	-0.00115003760584
2.30190222419e-08	-0.00104572691635
2.30231152402e-08	-0.000779340545705
2.30272082385e-08	-0.000393223719584
2.30313012367e-08	4.01142697228e-05
2.3035394235e-08	0.000426380785939
2.30394872332e-08	0.000670128349157
2.30435802315e-08	0.000702805045876
2.30476732298e-08	0.000507520155224
2.3051766228e-08	0.000128792525629
2.30558592263e-08	-0.000339075766533
2.30599522246e-08	-0.000781752285548
2.30640452228e-08	-0.00110063634929
2.30681382211e-08	-0.00123943669314
2.30722312194e-08	-0.00119111390813
2.30763242176e-08	-0.000985019170912
2.30804172159e-08	-0.000664133494865
2.30845102142e-08	-0.000266525225015
2.30886032124e-08	0.00017895415931
2.30926962107e-08	0.000642681097816
2.3096789209e-08	0.00107977922016
2.31008822072e-08	0.00142457939364
2.31049752055e-08	0.00160246610176
2.31090682038e-08	0.00155662695761
2.3113161202e-08	0.00127681397134
2.31172542003e-08	0.000813820995972
2.31213471985e-08	0.000269405103609
2.31254401968e-08	-0.000236190423493
2.31295331951e-08	-0.000604984321399
2.31336261933e-08	-0.000791437036241
2.31377191916e-08	-0.000808643664641
2.31418121899e-08	-0.000709604137228
2.31459051881e-08	-0.000555281370907
2.31499981864e-08	-0.000386990770494
2.31540911847e-08	-0.000216638138227
2.31581841829e-08	-3.71187691037e-05
2.31622771812e-08	0.000156535682436
2.31663701795e-08	0.000350167169017
2.31704631777e-08	0.000509025907377
2.3174556176e-08	0.000593028438743
2.31786491743e-08	0.00057939441831
2.31827421725e-08	0.000478614827443
2.31868351708e-08	0.000333452846462
2.31909281691e-08	0.000200467640752
2.31950211673e-08	0.00012356547586
2.31991141656e-08	0.000113569443329
2.32032071638e-08	0.000144366783843
2.32073001621e-08	0.00016712996694
2.32113931604e-08	0.000134652916131
2.32154861586e-08	2.32419142066e-05
2.32195791569e-08	-0.000158059583555
2.32236721552e-08	-0.000373708428015
2.32277651534e-08	-0.000578164508624
2.32318581517e-08	-0.000733214448701
2.323595115e-08	-0.000817988919152
2.32400441482e-08	-0.000828862168419
2.32441371465e-08	-0.000772257644712
2.32482301448e-08	-0.000656415908452
2.3252323143e-08	-0.000487240209623
2.32564161413e-08	-0.000269698837656
2.32605091396e-08	-1.25678549416e-05
2.32646021378e-08	0.000267364468527
2.32686951361e-08	0.00054458230079
2.32727881343e-08	0.000788218556409
2.32768811326e-08	0.000968034866673
2.32809741309e-08	0.00106078609679
2.32850671291e-08	0.00105527332926
2.32891601274e-08	0.000955205585342
2.32932531257e-08	0.000779369620432
2.32973461239e-08	0.000558530984563
2.33014391222e-08	0.000328733674905
2.33055321205e-08	0.000121833039884
2.33096251187e-08	-4.39627347077e-05
2.3313718117e-08	-0.000169404739609
2.33178111153e-08	-0.000271872057056
2.33219041135e-08	-0.000375012603399
2.33259971118e-08	-0.000494314001116
2.33300901101e-08	-0.000625642416708
2.33341831083e-08	-0.000743330670957
2.33382761066e-08	-0.000809953206044
2.33423691049e-08	-0.000793579922174
2.33464621031e-08	-0.000683605725499
2.33505551014e-08	-0.000496379409014
2.33546480996e-08	-0.000267163967692
2.33587410979e-08	-3.27862544083e-05
2.33628340962e-08	0.000184937371159
2.33669270944e-08	0.000384919063436
2.33710200927e-08	0.000577818263992
2.3375113091e-08	0.000767603636632
2.33792060892e-08	0.000935440453759
2.33832990875e-08	0.00103746022796
2.33873920858e-08	0.00102054775198
2.3391485084e-08	0.000849596355692
2.33955780823e-08	0.000531974572368
2.33996710806e-08	0.00012497131047
2.34037640788e-08	-0.000279740972474
2.34078570771e-08	-0.000588433656958
2.34119500754e-08	-0.000739075254387
2.34160430736e-08	-0.000720229323633
2.34201360719e-08	-0.000566846985748
2.34242290702e-08	-0.0003371539824
2.34283220684e-08	-8.46999682835e-05
2.34324150667e-08	0.000158827295309
2.34365080649e-08	0.000381879988709
2.34406010632e-08	0.000576285488933
2.34446940615e-08	0.000718711649824
2.34487870597e-08	0.000764799875469
2.3452880058e-08	0.00066266464637
2.34569730563e-08	0.000380324452635
2.34610660545e-08	-6.77156956499e-05
2.34651590528e-08	-0.000610503459029
2.34692520511e-08	-0.00113501153101
2.34733450493e-08	-0.00151999085938
2.34774380476e-08	-0.00167435257754
2.34815310459e-08	-0.00156312466424
2.34856240441e-08	-0.00121094665519
2.34897170424e-08	-0.000684683313011
2.34938100407e-08	-6.65595098326e-05
2.34979030389e-08	0.000567996663449
2.35019960372e-08	0.00115884139814
2.35060890354e-08	0.00165648080292
2.35101820337e-08	0.00201284399373
2.3514275032e-08	0.00217791993055
2.35183680302e-08	0.00210794131272
2.35224610285e-08	0.00178255750507
2.35265540268e-08	0.00122183252824
2.3530647025e-08	0.000492817031045
2.35347400233e-08	-0.000299723405988
2.35388330216e-08	-0.00103609974758
2.35429260198e-08	-0.00160942443472
2.35470190181e-08	-0.00194800081954
2.35511120164e-08	-0.00202549133974
2.35552050146e-08	-0.00185796229925
2.35592980129e-08	-0.00149209609663
2.35633910112e-08	-0.000990870910755
2.35674840094e-08	-0.000421661585278
2.35715770077e-08	0.000151454611114
2.3575670006e-08	0.000671980531479
2.35797630042e-08	0.00109364248783
2.35838560025e-08	0.00138248758594
2.35879490007e-08	0.00151850369002
2.3592041999e-08	0.00149639053416
2.35961349973e-08	0.00132546712121
2.36002279955e-08	0.00102908595727
2.36043209938e-08	0.000643725477858
2.36084139921e-08	0.000216962213017
2.36125069903e-08	-0.000197169651074
2.36165999886e-08	-0.000546403847693
2.36206929869e-08	-0.000790968995716
2.36247859851e-08	-0.000913193609449
2.36288789834e-08	-0.000921197519347
2.36329719817e-08	-0.000843519352202
2.36370649799e-08	-0.000715793295967
2.36411579782e-08	-0.000565236448892
2.36452509765e-08	-0.000400874334446
2.36493439747e-08	-0.000215191360439
2.3653436973e-08	3.13393350382e-06
2.36575299713e-08	0.000252368932706
2.36616229695e-08	0.0005069314102
2.36657159678e-08	0.000720319054381
2.3669808966e-08	0.000842004490551
2.36739019643e-08	0.000840219428937
2.36779949626e-08	0.000718329269148
2.36820879608e-08	0.000515126888786
2.36861809591e-08	0.000287948878395
2.36902739574e-08	8.71686793289e-05
2.36943669556e-08	-6.4167873802e-05
2.36984599539e-08	-0.000174438569047
2.37025529522e-08	-0.00026935434289
2.37066459504e-08	-0.000368372249795
2.37107389487e-08	-0.000466072164272
2.3714831947e-08	-0.000530302175321
2.37189249452e-08	-0.000519110104506
2.37230179435e-08	-0.000407144740166
2.37271109418e-08	-0.000206035729207
2.373120394e-08	3.39451167974e-05
2.37352969383e-08	0.000243296519329
2.37393899365e-08	0.000364069315765
2.37434829348e-08	0.000375584619178
2.37475759331e-08	0.000301202640912
2.37516689313e-08	0.000192696602426
2.37557619296e-08	0.000101236861155
2.37598549279e-08	5.1225784091e-05
2.37639479261e-08	3.12390595809e-05
2.37680409244e-08	6.31475415958e-06
2.37721339227e-08	-5.63375444926e-05
2.37762269209e-08	-0.000163486782185
2.37803199192e-08	-0.00028762212969
2.37844129175e-08	-0.000378739186999
2.37885059157e-08	-0.000389132819691
2.3792598914e-08	-0.000297098094961
2.37966919123e-08	-0.000116656153295
2.38007849105e-08	0.000111165918042
2.38048779088e-08	0.000339418500516
2.38089709071e-08	0.000536094925337
2.38130639053e-08	0.000693214697094
2.38171569036e-08	0.000820104287413
2.38212499018e-08	0.000926264779991
2.38253429001e-08	0.00100501551788
2.38294358984e-08	0.0010281812356
2.38335288966e-08	0.000955427291046
2.38376218949e-08	0.000753519434511
2.38417148932e-08	0.000415503873228
2.38458078914e-08	-2.9769349041e-05
2.38499008897e-08	-0.000522043526871
2.3853993888e-08	-0.000985294711427
2.38580868862e-08	-0.00134731674189
2.38621798845e-08	-0.00155557063408
2.38662728828e-08	-0.00158492707124
2.3870365881e-08	-0.00143743456283
2.38744588793e-08	-0.00113728201541
2.38785518776e-08	-0.00072452344466
2.38826448758e-08	-0.000249507709668
2.38867378741e-08	0.000231991751207
2.38908308724e-08	0.000663842754875
2.38949238706e-08	0.000995312191662
2.38990168689e-08	0.00118697552534
2.39031098671e-08	0.00121575927915
2.39072028654e-08	0.00107839755219
2.39112958637e-08	0.00079326130799
2.39153888619e-08	0.000400616641855
2.39194818602e-08	-3.93823964941e-05
2.39235748585e-08	-0.000452631320513
2.39276678567e-08	-0.000762428906455
2.3931760855e-08	-0.000905742854229
2.39358538533e-08	-0.000850596072269
2.39399468515e-08	-0.000608090365859
2.39440398498e-08	-0.000232764075918
2.39481328481e-08	0.000191184893993
2.39522258463e-08	0.000574080197111
2.39563188446e-08	0.000846274291689
2.39604118429e-08	0.000974622955255
2.39645048411e-08	0.000963656813838
2.39685978394e-08	0.000842775058118
2.39726908377e-08	0.000647792283416
2.39767838359e-08	0.000407503157476
2.39808768342e-08	0.000142021852298
2.39849698324e-08	-0.000128328661049
2.39890628307e-08	-0.000372071157472
2.3993155829e-08	-0.000544089452887
2.39972488272e-08	-0.000597195103182
2.40013418255e-08	-0.000504155086674
2.40054348238e-08	-0.000278554702163
2.4009527822e-08	1.87957860582e-05
2.40136208203e-08	0.00029489213739
2.40177138186e-08	0.000456801801192
2.40218068168e-08	0.000447100101155
2.40258998151e-08	0.000265708693405
2.40299928134e-08	-3.23251397276e-05
2.40340858116e-08	-0.000361447157047
2.40381788099e-08	-0.000639734142169
2.40422718082e-08	-0.000815555096779
2.40463648064e-08	-0.000875010257005
2.40504578047e-08	-0.000829836113553
2.40545508029e-08	-0.000696446877555
2.40586438012e-08	-0.000480941966089
2.40627367995e-08	-0.000180000345608
2.40668297977e-08	0.000203251537641
2.4070922796e-08	0.000639545560261
2.40750157943e-08	0.00106447729195
2.40791087925e-08	0.00138923629856
2.40832017908e-08	0.00152882676048
2.40872947891e-08	0.00143506208406
2.40913877873e-08	0.00111801005551
2.40954807856e-08	0.000644940744678
2.40995737839e-08	0.000117135144137
2.41036667821e-08	-0.000364265917597
2.41077597804e-08	-0.000727601127437
2.41118527787e-08	-0.000943314196775
2.41159457769e-08	-0.00101765975705
2.41200387752e-08	-0.000974987800873
2.41241317735e-08	-0.000840653097839
2.41282247717e-08	-0.000633856150671
2.413231777e-08	-0.000372073556719
2.41364107682e-08	-8.10367496342e-05
2.41405037665e-08	0.000199050669835
2.41445967648e-08	0.000417600720539
2.4148689763e-08	0.000527872663952
2.41527827613e-08	0.000504770767293
2.41568757596e-08	0.000357160553904
2.41609687578e-08	0.000128275710722
2.41650617561e-08	-0.000116343847822
2.41691547544e-08	-0.000308243514155
2.41732477526e-08	-0.000395049319195
2.41773407509e-08	-0.000352643855877
2.41814337492e-08	-0.000187960898074
2.41855267474e-08	6.62536143636e-05
2.41896197457e-08	0.000361242438885
2.4193712744e-08	0.000643165021756
2.41978057422e-08	0.000862982727995
2.42018987405e-08	0.000984241392871
2.42059917388e-08	0.000988098952803
2.4210084737e-08	0.000874916491739
2.42141777353e-08	0.000662094022118
2.42182707335e-08	0.000378914715839
2.42223637318e-08	6.0402217855e-05
2.42264567301e-08	-0.00025742989601
2.42305497283e-08	-0.000539685104741
2.42346427266e-08	-0.000753039861593
2.42387357249e-08	-0.000867340750119
2.42428287231e-08	-0.00086091744015
2.42469217214e-08	-0.000729501389287
2.42510147197e-08	-0.000494925621751
2.42551077179e-08	-0.000207482193218
2.42592007162e-08	6.2826095018e-05
2.42632937145e-08	0.00024596190633
2.42673867127e-08	0.000295935546092
2.4271479711e-08	0.000208872692383
2.42755727093e-08	2.59290078475e-05
2.42796657075e-08	-0.00018153559904
2.42837587058e-08	-0.000338485046086
2.4287851704e-08	-0.000392404523154
2.42919447023e-08	-0.00032738486334
2.42960377006e-08	-0.000160961558322
2.43001306988e-08	7.20155189811e-05
2.43042236971e-08	0.000337413943271
2.43083166954e-08	0.000610599938227
2.43124096936e-08	0.000871582640684
2.43165026919e-08	0.00109170324868
2.43205956902e-08	0.00122359889792
2.43246886884e-08	0.00120533848531
2.43287816867e-08	0.000981488825346
2.4332874685e-08	0.000532940928679
2.43369676832e-08	-9.9878160654e-05
2.43410606815e-08	-0.000814639708551
2.43451536798e-08	-0.00147036525595
2.4349246678e-08	-0.00192829118168
2.43533396763e-08	-0.00209322739101
2.43574326746e-08	-0.00193802514696
2.43615256728e-08	-0.00150237468188
2.43656186711e-08	-0.000869987379701
2.43697116693e-08	-0.000138043631523
2.43738046676e-08	0.000605676999839
2.43778976659e-08	0.00128954538377
2.43819906641e-08	0.001851435547
2.43860836624e-08	0.00222980970284
2.43901766607e-08	0.00236436729028
2.43942696589e-08	0.00221099318878
2.43983626572e-08	0.00176513084443
2.44024556555e-08	0.00108027878014
2.44065486537e-08	0.000268571366178
2.4410641652e-08	-0.00052147968745
2.44147346503e-08	-0.00114359840518
2.44188276485e-08	-0.00149379001232
2.44229206468e-08	-0.00153600277554
2.44270136451e-08	-0.00130453035672
2.44311066433e-08	-0.000885052977537
2.44351996416e-08	-0.000384855364246
2.44392926399e-08	9.46840846154e-05
2.44433856381e-08	0.000474485532322
2.44474786364e-08	0.000701917502738
2.44515716346e-08	0.000748006412323
2.44556646329e-08	0.000604815388215
2.44597576312e-08	0.00028699529139
2.44638506294e-08	-0.000163898745086
2.44679436277e-08	-0.00067764168125
2.4472036626e-08	-0.00116145128413
2.44761296242e-08	-0.00151560260565
2.44802226225e-08	-0.00165509585349
2.44843156208e-08	-0.00153052504174
2.4488408619e-08	-0.00114122460946
2.44925016173e-08	-0.000536750350875
2.44965946156e-08	0.000193097351257
2.45006876138e-08	0.00093620242842
2.45047806121e-08	0.00157925994426
2.45088736104e-08	0.00202776183141
2.45129666086e-08	0.00222158625547
2.45170596069e-08	0.002143864549
2.45211526052e-08	0.0018216324097
2.45252456034e-08	0.00131794688787
2.45293386017e-08	0.000717123675713
2.45334315999e-08	0.000106989984488
2.45375245982e-08	-0.000436691734649
2.45416175965e-08	-0.000859414722072
2.45457105947e-08	-0.00112948870083
2.4549803593e-08	-0.00123447422084
2.45538965913e-08	-0.00117716912064
2.45579895895e-08	-0.000974984977802
2.45620825878e-08	-0.000662876755086
2.45661755861e-08	-0.000295801206448
2.45702685843e-08	5.50848776584e-05
2.45743615826e-08	0.000315871582643
2.45784545809e-08	0.000430680764111
2.45825475791e-08	0.000381669313356
2.45866405774e-08	0.000198091573111
2.45907335757e-08	-5.20371788753e-05
2.45948265739e-08	-0.000286011232674
2.45989195722e-08	-0.000436338577856
2.46030125704e-08	-0.000472918512969
2.46071055687e-08	-0.000407440940762
2.4611198567e-08	-0.000279047808363
2.46152915652e-08	-0.000130098311274
2.46193845635e-08	1.42068652593e-05
2.46234775618e-08	0.000151471253048
2.462757056e-08	0.000291291398753
2.46316635583e-08	0.000436329752119
2.46357565566e-08	0.000568635987293
2.46398495548e-08	0.000651444130199
2.46439425531e-08	0.000647073826258
2.46480355514e-08	0.000541159479326
2.46521285496e-08	0.00035846737228
2.46562215479e-08	0.000159317271027
2.46603145462e-08	1.61656470254e-05
2.46644075444e-08	-1.86878322168e-05
2.46685005427e-08	6.22864936304e-05
2.4672593541e-08	0.000217938746573
2.46766865392e-08	0.000377397982447
2.46807795375e-08	0.000472003805044
2.46848725357e-08	0.000463810221845
2.4688965534e-08	0.000356810471203
2.46930585323e-08	0.000187029037988
2.46971515305e-08	-8.20308002858e-07
2.47012445288e-08	-0.000175809746906
2.47053375271e-08	-0.000330007083903
2.47094305253e-08	-0.000470876435429
2.47135235236e-08	-0.000603697844781
2.47176165219e-08	-0.000716602302418
2.47217095201e-08	-0.000778787187301
2.47258025184e-08	-0.000754139950004
2.47298955167e-08	-0.000622925723292
2.47339885149e-08	-0.000399026717787
2.47380815132e-08	-0.000132317619773
2.47421745115e-08	0.000106302462427
2.47462675097e-08	0.000250542292633
2.4750360508e-08	0.000263055471805
2.47544535063e-08	0.000147755072248
2.47585465045e-08	-5.40797414033e-05
2.47626395028e-08	-0.000280175368971
2.4766732501e-08	-0.000467419435154
2.47708254993e-08	-0.000567233819311
2.47749184976e-08	-0.000551949531655
2.47790114958e-08	-0.000413412919443
2.47831044941e-08	-0.000158451749485
2.47871974924e-08	0.000194336136701
2.47912904906e-08	0.000614871718426
2.47953834889e-08	0.00106061682891
2.47994764872e-08	0.00147750631731
2.48035694854e-08	0.00180508260382
