% time-domain voltage integration by openEMS v0.0.36-93-g7b9cd51 @Tue Sep  8 09:50:29 2026
% start-coordinates: (0.03,0,0.001524) m -> [13,4,13]
% stop-coordinates: (0.03,0,0) m -> [13,4,1]
% t/s	voltage
0	0
4.09299826492e-12	0
8.18599652984e-12	0
1.22789947948e-11	3.55446189328e-36
1.63719930597e-11	7.76106135625e-33
2.04649913246e-11	2.04551873286e-30
2.45579895895e-11	1.9133003729e-28
2.86509878545e-11	8.74557454768e-27
3.27439861194e-11	2.36181449831e-25
3.68369843843e-11	4.25750599596e-24
4.09299826492e-11	5.56668462014e-23
4.50229809141e-11	5.60048760969e-22
4.91159791791e-11	4.52823739204e-21
5.3208977444e-11	3.04096129904e-20
5.73019757089e-11	1.74008287287e-19
6.13949739738e-11	8.65769790125e-19
6.54879722388e-11	3.80725303846e-18
6.95809705037e-11	1.49978559113e-17
7.36739687686e-11	5.35182059563e-17
7.77669670335e-11	1.74612420857e-16
8.18599652984e-11	5.24910744484e-16
8.59529635634e-11	1.46266594303e-15
9.00459618283e-11	3.79317127122e-15
9.41389600932e-11	9.16654703887e-15
9.82319583581e-11	2.05786128316e-14
1.02324956623e-10	4.24538859335e-14
1.06417954888e-10	7.83039832553e-14
1.10510953153e-10	1.19850711725e-13
1.14603951418e-10	1.11351050349e-13
1.18696949683e-10	-1.49993393052e-13
1.22789947948e-10	-1.26377342835e-12
1.26882946213e-10	-4.80144683778e-12
1.30975944478e-10	-1.45350646666e-11
1.35068942742e-10	-3.88850867738e-11
1.39161941007e-10	-9.54736342068e-11
1.43254939272e-10	-2.19020440673e-10
1.47347937537e-10	-4.74042902154e-10
1.51440935802e-10	-9.73597293064e-10
1.55533934067e-10	-1.90408837308e-09
1.59626932332e-10	-3.55322715695e-09
1.63719930597e-10	-6.33266616923e-09
1.67812928862e-10	-1.07779959957e-08
1.71905927127e-10	-1.74966106048e-08
1.75998925392e-10	-2.70196600649e-08
1.80091923657e-10	-3.95011936494e-08
1.84184921922e-10	-5.42012874583e-08
1.88277920186e-10	-6.86978416375e-08
1.92370918451e-10	-7.78026567616e-08
1.96463916716e-10	-7.22165904854e-08
2.00556914981e-10	-3.70470010225e-08
2.04649913246e-10	4.95833716307e-08
2.08742911511e-10	2.17506597622e-07
2.12835909776e-10	5.04671998414e-07
2.16928908041e-10	9.56143431097e-07
2.21021906306e-10	1.62173040508e-06
2.25114904571e-10	2.55235067925e-06
2.29207902836e-10	3.79563866204e-06
2.33300901101e-10	5.39177128189e-06
2.37393899365e-10	7.37083905733e-06
2.4148689763e-10	9.75319341023e-06
2.45579895895e-10	1.25538442717e-05
2.4967289416e-10	1.579107618e-05
2.53765892425e-10	1.9498115762e-05
2.5785889069e-10	2.37348724568e-05
2.61951888955e-10	2.8595181675e-05
2.6604488722e-10	3.42039400039e-05
2.70137885485e-10	4.06987114729e-05
2.7423088375e-10	4.81921588289e-05
2.78323882015e-10	5.67153097109e-05
2.8241688028e-10	6.61468361614e-05
2.86509878545e-10	7.61391543165e-05
2.90602876809e-10	8.6057460976e-05
2.94695875074e-10	9.49504274104e-05
2.98788873339e-10	0.000101570674815
3.02881871604e-10	0.000104457344605
3.06974869869e-10	0.000102083108686
3.11067868134e-10	9.3053724413e-05
3.15160866399e-10	7.63335506235e-05
3.19253864664e-10	5.14579010087e-05
3.23346862929e-10	1.8684915176e-05
3.27439861194e-10	-2.09577038959e-05
3.31532859459e-10	-6.57635487187e-05
3.35625857724e-10	-0.000113586930638
3.39718855989e-10	-0.000162212165378
3.43811854253e-10	-0.000209802907193
3.47904852518e-10	-0.000255355080299
3.51997850783e-10	-0.000299063993225
3.56090849048e-10	-0.000342518451362
3.60183847313e-10	-0.000388657485018
3.64276845578e-10	-0.000441466509074
3.68369843843e-10	-0.000505442774738
3.72462842108e-10	-0.000584913421335
3.76555840373e-10	-0.000683334841597
3.80648838638e-10	-0.00080272188643
3.84741836903e-10	-0.000943350336456
3.88834835168e-10	-0.00110383145511
3.92927833433e-10	-0.00128158795269
3.97020831697e-10	-0.00147367405589
4.01113829962e-10	-0.00167780158517
4.05206828227e-10	-0.00189335361938
4.09299826492e-10	-0.00212215742795
4.13392824757e-10	-0.00236879700969
4.17485823022e-10	-0.0026403228112
4.21578821287e-10	-0.00294533299166
4.25671819552e-10	-0.00329253490781
4.29764817817e-10	-0.0036890154297
4.33857816082e-10	-0.00413855505758
4.37950814347e-10	-0.00464034138713
4.42043812612e-10	-0.00518840059522
4.46136810877e-10	-0.00577193300705
4.50229809141e-10	-0.00637658056803
4.54322807406e-10	-0.00698644760996
4.58415805671e-10	-0.00758652808145
4.62508803936e-10	-0.00816504785325
4.66601802201e-10	-0.00871524272952
4.70694800466e-10	-0.00923615338979
4.74787798731e-10	-0.0097321823705
4.78880796996e-10	-0.010211442539
4.82973795261e-10	-0.0106831814628
4.87066793526e-10	-0.0111547812703
4.91159791791e-10	-0.011628976732
4.95252790056e-10	-0.0121019700309
4.99345788321e-10	-0.012562937336
5.03438786585e-10	-0.0129951693816
5.0753178485e-10	-0.013378774398
5.11624783115e-10	-0.0136944391998
5.1571778138e-10	-0.0139275647234
5.19810779645e-10	-0.014071852318
5.2390377791e-10	-0.014131493168
5.27996776175e-10	-0.0141213490861
5.3208977444e-10	-0.0140648337547
5.36182772705e-10	-0.0139897725312
5.4027577097e-10	-0.0139228536282
5.44368769235e-10	-0.0138837269042
5.484617675e-10	-0.0138799495762
5.52554765765e-10	-0.0139038396301
5.56647764029e-10	-0.0139320703456
5.60740762294e-10	-0.0139282901073
5.64833760559e-10	-0.0138484212803
5.68926758824e-10	-0.0136477765627
5.73019757089e-10	-0.0132887226064
5.77112755354e-10	-0.0127473920584
5.81205753619e-10	-0.0120181097882
5.85298751884e-10	-0.0111146282288
5.89391750149e-10	-0.0100678278832
5.93484748414e-10	-0.00892036152072
5.97577746679e-10	-0.00771918927785
6.01670744944e-10	-0.00650755793322
6.05763743209e-10	-0.0053180718096
6.09856741473e-10	-0.0041682884621
6.13949739738e-10	-0.00305974463117
6.18042738003e-10	-0.00198062085838
6.22135736268e-10	-0.000911512019229
6.26228734533e-10	0.000167010840414
6.30321732798e-10	0.00126676796208
6.34414731063e-10	0.00238597855787
6.38507729328e-10	0.00350632652408
6.42600727593e-10	0.00459390724427
6.46693725858e-10	0.00560399433016
6.50786724123e-10	0.00648865941912
6.54879722388e-10	0.00720563204959
6.58972720653e-10	0.00772647140548
6.63065718917e-10	0.00804219947895
6.67158717182e-10	0.00816499505891
6.71251715447e-10	0.00812543346547
6.75344713712e-10	0.0079658246832
6.79437711977e-10	0.00773103319807
6.83530710242e-10	0.00745883170748
6.87623708507e-10	0.00717208458809
6.91716706772e-10	0.00687473028665
6.95809705037e-10	0.00655272207223
6.99902703302e-10	0.00617997627705
7.03995701567e-10	0.00572818514775
7.08088699832e-10	0.00517837866209
7.12181698096e-10	0.00453140420723
7.16274696361e-10	0.00381460197968
7.20367694626e-10	0.00308255352138
7.24460692891e-10	0.00241092892247
7.28553691156e-10	0.00188398355385
7.32646689421e-10	0.00157774866966
7.36739687686e-10	0.00154218882381
7.40832685951e-10	0.00178613526805
7.44925684216e-10	0.00226861292322
7.49018682481e-10	0.0028992123116
7.53111680746e-10	0.00354849841096
7.57204679011e-10	0.00406741426559
7.61297677276e-10	0.00431269555702
7.6539067554e-10	0.00417383827153
7.69483673805e-10	0.00359645360732
7.7357667207e-10	0.0025970848219
7.77669670335e-10	0.00126595300389
7.817626686e-10	-0.000243824407335
7.85855666865e-10	-0.00173943495611
7.8994866513e-10	-0.00302043135162
7.94041663395e-10	-0.00391408291762
7.9813466166e-10	-0.00430750430678
8.02227659925e-10	-0.00417033821577
8.0632065819e-10	-0.00356323341839
8.10413656455e-10	-0.00262980865955
8.1450665472e-10	-0.00157286206377
8.18599652984e-10	-0.000618665959337
8.22692651249e-10	2.44299524184e-05
8.26785649514e-10	0.000205546498364
8.30878647779e-10	-0.000138535747283
8.34971646044e-10	-0.000968559157627
8.39064644309e-10	-0.00214661470091
8.43157642574e-10	-0.00345845537959
8.47250640839e-10	-0.00465068791527
8.51343639104e-10	-0.00547632103553
8.55436637369e-10	-0.00574038800551
8.59529635634e-10	-0.00533716188511
8.63622633899e-10	-0.0042719093035
8.67715632164e-10	-0.00266284545069
8.71808630428e-10	-0.000722606826457
8.75901628693e-10	0.00127764340141
8.79994626958e-10	0.00305505824508
8.84087625223e-10	0.0043643823301
8.88180623488e-10	0.00504063270637
8.92273621753e-10	0.00502729319851
8.96366620018e-10	0.00438481441233
9.00459618283e-10	0.00327784728142
9.04552616548e-10	0.00194363831542
9.08645614813e-10	0.000647483131615
9.12738613078e-10	-0.000366419440979
9.16831611343e-10	-0.000919551392144
9.20924609608e-10	-0.000930822556256
9.25017607872e-10	-0.000429647967394
9.29110606137e-10	0.000451938503829
9.33203604402e-10	0.00150647756527
9.37296602667e-10	0.00249230090412
9.41389600932e-10	0.00318090277142
9.45482599197e-10	0.00340148800751
9.49575597462e-10	0.0030743018724
9.53668595727e-10	0.00222652684897
9.57761593992e-10	0.000987835665001
9.61854592257e-10	-0.000433462399087
9.65947590522e-10	-0.00178916219738
9.70040588787e-10	-0.0028375066322
9.74133587052e-10	-0.00338849995751
9.78226585316e-10	-0.0033398141677
9.82319583581e-10	-0.00269671289425
9.86412581846e-10	-0.00157238812244
9.90505580111e-10	-0.000168695919911
9.94598578376e-10	0.00125917039986
9.98691576641e-10	0.00244770037534
1.00278457491e-09	0.00317174298107
1.00687757317e-09	0.00328459878801
1.01097057144e-09	0.00274454372993
1.0150635697e-09	0.00162324949633
1.01915656797e-09	9.47370476752e-05
1.02324956623e-09	-0.00159317483485
1.0273425645e-09	-0.00316004172782
1.03143556276e-09	-0.00433966662968
1.03552856103e-09	-0.00492494308855
1.03962155929e-09	-0.00480339469505
1.04371455756e-09	-0.0039777388447
1.04780755582e-09	-0.00256825583347
1.05190055409e-09	-0.000796639134933
1.05599355235e-09	0.00104614897282
1.06008655061e-09	0.00264315356617
1.06417954888e-09	0.00369936777861
1.06827254714e-09	0.00398725198465
1.07236554541e-09	0.00338320140145
1.07645854367e-09	0.00188965805864
1.08055154194e-09	-0.000360436255505
1.0846445402e-09	-0.0031177115161
1.08873753847e-09	-0.00604729074985
1.09283053673e-09	-0.00877260474954
1.096923535e-09	-0.0109263943159
1.10101653326e-09	-0.0122020877898
1.10510953153e-09	-0.0123985032551
1.10920252979e-09	-0.0114515266614
1.11329552806e-09	-0.00944793823874
1.11738852632e-09	-0.00661867146846
1.12148152459e-09	-0.00331161712529
1.12557452285e-09	5.31701534783e-05
1.12966752112e-09	0.00304038706236
1.13376051938e-09	0.00526097090915
1.13785351765e-09	0.00642945006257
1.14194651591e-09	0.00640857225517
1.14603951418e-09	0.00523395743221
1.15013251244e-09	0.00311401905492
1.15422551071e-09	0.000403861746236
1.15831850897e-09	-0.00244418589864
1.16241150724e-09	-0.00494694380905
1.1665045055e-09	-0.00666419271147
1.17059750377e-09	-0.00726871873485
1.17469050203e-09	-0.0066013110918
1.1787835003e-09	-0.0047013113799
1.18287649856e-09	-0.00180678381003
1.18696949683e-09	0.00167696364224
1.19106249509e-09	0.00523663286003
1.19515549336e-09	0.00832932174671
1.19924849162e-09	0.0104678801144
1.20334148989e-09	0.0112995045492
1.20743448815e-09	0.0106644549523
1.21152748642e-09	0.00862474617315
1.21562048468e-09	0.00545743756811
1.21971348295e-09	0.00161300375476
1.22380648121e-09	-0.00235479578259
1.22789947948e-09	-0.00587619864382
1.23199247774e-09	-0.00845542416209
1.23608547601e-09	-0.00974829134066
1.24017847427e-09	-0.00961445865687
1.24427147254e-09	-0.00813559658127
1.2483644708e-09	-0.00559669613722
1.25245746907e-09	-0.00243413409044
1.25655046733e-09	0.000840078930196
1.2606434656e-09	0.00372438452905
1.26473646386e-09	0.00580902220099
1.26882946213e-09	0.00683861720609
1.27292246039e-09	0.00674564979272
1.27701545866e-09	0.00564996746834
1.28110845692e-09	0.00382576676202
1.28520145519e-09	0.00164334490546
1.28929445345e-09	-0.000502679893543
1.29338745172e-09	-0.0022648293525
1.29748044998e-09	-0.00340071084793
1.30157344825e-09	-0.00380732465419
1.30566644651e-09	-0.00352653625305
1.30975944478e-09	-0.00272233161377
1.31385244304e-09	-0.00163599217194
1.31794544131e-09	-0.000529419081431
1.32203843957e-09	0.000371219897715
1.32613143783e-09	0.000919955622521
1.3302244361e-09	0.00107492370444
1.33431743436e-09	0.00089767818281
1.33841043263e-09	0.000529238917807
1.34250343089e-09	0.00014911285416
1.34659642916e-09	-7.29852478969e-05
1.35068942742e-09	-2.16061905576e-05
1.35478242569e-09	0.000333851859978
1.35887542395e-09	0.000929331683437
1.36296842222e-09	0.00161928584566
1.36706142048e-09	0.00220994169649
1.37115441875e-09	0.00250530993799
1.37524741701e-09	0.00235566867923
1.37934041528e-09	0.00169757782714
1.38343341354e-09	0.000576164980885
1.38752641181e-09	-0.000855851067172
1.39161941007e-09	-0.00236301904079
1.39571240834e-09	-0.00367134937551
1.3998054066e-09	-0.00452304224018
1.40389840487e-09	-0.00473049114225
1.40799140313e-09	-0.00421821753844
1.4120844014e-09	-0.00304364803014
1.41617739966e-09	-0.00139185081935
1.42027039793e-09	0.000455333274658
1.42436339619e-09	0.00217007337778
1.42845639446e-09	0.00343942965264
1.43254939272e-09	0.00402433771524
1.43664239099e-09	0.00380497606238
1.44073538925e-09	0.00280348351225
1.44482838752e-09	0.00117956066242
1.44892138578e-09	-0.000800121481006
1.45301438405e-09	-0.00281250599073
1.45710738231e-09	-0.0045385696576
1.46120038058e-09	-0.00572155849659
1.46529337884e-09	-0.00621162500465
1.46938637711e-09	-0.00598838482983
1.47347937537e-09	-0.00515749776969
1.47757237364e-09	-0.00392277404899
1.4816653719e-09	-0.00254026702896
1.48575837017e-09	-0.00126431952231
1.48985136843e-09	-0.000296959298794
1.4939443667e-09	0.000248951781941
1.49803736496e-09	0.000365598307326
1.50213036323e-09	0.000142553192745
1.50622336149e-09	-0.000261883453277
1.51031635976e-09	-0.000663325066853
1.51440935802e-09	-0.000897975784028
1.51850235629e-09	-0.000862676773977
1.52259535455e-09	-0.000539274031325
1.52668835282e-09	2.15293573547e-06
1.53078135108e-09	0.000621886876615
1.53487434935e-09	0.00114672596828
1.53896734761e-09	0.00141540776531
1.54306034588e-09	0.00132279561512
1.54715334414e-09	0.000852401310112
1.55124634241e-09	8.91945749117e-05
1.55533934067e-09	-0.00079115205881
1.55943233894e-09	-0.00155528185132
1.5635253372e-09	-0.00196114761638
1.56761833547e-09	-0.0018129402597
1.57171133373e-09	-0.00101021297451
1.575804332e-09	0.000419790765591
1.57989733026e-09	0.00231449575222
1.58399032852e-09	0.00439606769942
1.58808332679e-09	0.00631660106592
1.59217632505e-09	0.00772057822905
1.59626932332e-09	0.00831295456737
1.60036232158e-09	0.00791966030374
1.60445531985e-09	0.00652840913972
1.60854831811e-09	0.0043010894733
1.61264131638e-09	0.00155438564252
1.61673431464e-09	-0.00128885956656
1.62082731291e-09	-0.00376936755492
1.62492031117e-09	-0.00546998553909
1.62901330944e-09	-0.0060890467721
1.6331063077e-09	-0.00549530980061
1.63719930597e-09	-0.00375447265105
1.64129230423e-09	-0.00112239874579
1.6453853025e-09	0.00199391586648
1.64947830076e-09	0.0051008760347
1.65357129903e-09	0.00769723346457
1.65766429729e-09	0.00935400847811
1.66175729556e-09	0.00978204177227
1.66585029382e-09	0.00887628790224
1.66994329209e-09	0.00673015520442
1.67403629035e-09	0.00361848252942
1.67812928862e-09	-4.71213315905e-05
1.68222228688e-09	-0.00378246908076
1.68631528515e-09	-0.00710366381099
1.69040828341e-09	-0.00959703978151
1.69450128168e-09	-0.0109757609316
1.69859427994e-09	-0.0111153342878
1.70268727821e-09	-0.0100641163299
1.70678027647e-09	-0.00802889122861
1.71087327474e-09	-0.0053392337577
1.714966273e-09	-0.00239702027466
1.71905927127e-09	0.000381030808057
1.72315226953e-09	0.0026197241823
1.7272452678e-09	0.00403351345449
1.73133826606e-09	0.00446094566723
1.73543126433e-09	0.00388207114884
1.73952426259e-09	0.00241764550447
1.74361726086e-09	0.000311011739541
1.74771025912e-09	-0.00210479855014
1.75180325739e-09	-0.00445084288367
1.75589625565e-09	-0.0063520699623
1.75998925392e-09	-0.00748761929572
1.76408225218e-09	-0.00763584329979
1.76817525045e-09	-0.0067084429902
1.77226824871e-09	-0.00476878951304
1.77636124698e-09	-0.00203088804847
1.78045424524e-09	0.00116255908506
1.78454724351e-09	0.00438187515829
1.78864024177e-09	0.00716793799074
1.79273324004e-09	0.00909866002621
1.7968262383e-09	0.009855298209
1.80091923657e-09	0.00927838421194
1.80501223483e-09	0.00740346679231
1.8091052331e-09	0.00446900856332
1.81319823136e-09	0.000892544521776
1.81729122963e-09	-0.00278392889595
1.82138422789e-09	-0.00597292737802
1.82547722616e-09	-0.00813368090894
1.82957022442e-09	-0.00886309926864
1.83366322269e-09	-0.00796993530821
1.83775622095e-09	-0.00551822147099
1.84184921922e-09	-0.00183039097465
1.84594221748e-09	0.00255314444075
1.85003521574e-09	0.00695368542802
1.85412821401e-09	0.0106616848498
1.85822121227e-09	0.0130547117442
1.86231421054e-09	0.0137058253167
1.8664072088e-09	0.0124628890771
1.87050020707e-09	0.00948347139638
1.87459320533e-09	0.00521727072191
1.8786862036e-09	0.00033708231058
1.88277920186e-09	-0.00437138843699
1.88687220013e-09	-0.00814272189746
1.89096519839e-09	-0.0103649946977
1.89505819666e-09	-0.0106892596814
1.89915119492e-09	-0.00909510091878
1.90324419319e-09	-0.00589941357612
1.90733719145e-09	-0.00170558318496
1.91143018972e-09	0.00269913727243
1.91552318798e-09	0.00648061465472
1.91961618625e-09	0.00890520098619
1.92370918451e-09	0.00947125325911
1.92780218278e-09	0.00800103484653
1.93189518104e-09	0.00467610027408
1.93598817931e-09	9.32556076805e-06
1.94008117757e-09	-0.00524187737028
1.94417417584e-09	-0.0102059257915
1.9482671741e-09	-0.0140479292022
1.95236017237e-09	-0.016114242957
1.95645317063e-09	-0.0160450261319
1.9605461689e-09	-0.0138350112829
1.96463916716e-09	-0.00983210763661
1.96873216543e-09	-0.00467474653851
1.97282516369e-09	0.000820207962533
1.97691816196e-09	0.00579850858776
1.98101116022e-09	0.00951312255347
1.98510415849e-09	0.0114468896063
1.98919715675e-09	0.0113923537428
1.99329015502e-09	0.00947601598455
1.99738315328e-09	0.00612452824134
2.00147615155e-09	0.00198082244606
2.00556914981e-09	-0.00221310048073
2.00966214808e-09	-0.00574483061791
2.01375514634e-09	-0.00804865371902
2.01784814461e-09	-0.00879124383209
2.02194114287e-09	-0.00791272538481
2.02603414114e-09	-0.0056186542206
2.0301271394e-09	-0.00232759263599
2.03422013767e-09	0.00141348585748
2.03831313593e-09	0.00502866081661
2.0424061342e-09	0.00800875679124
2.04649913246e-09	0.00998674816219
2.05059213073e-09	0.0107814828516
2.05468512899e-09	0.0104052032111
2.05877812726e-09	0.00903739861678
2.06287112552e-09	0.00697355921147
2.06696412379e-09	0.00456121997559
2.07105712205e-09	0.00213667673233
2.07515012032e-09	-2.60572501247e-05
2.07924311858e-09	-0.00174627911474
2.08333611685e-09	-0.00294495323033
2.08742911511e-09	-0.00363273368566
2.09152211338e-09	-0.00388393836329
2.09561511164e-09	-0.00380483813933
2.09970810991e-09	-0.00350461172638
2.10380110817e-09	-0.00307527763653
2.10789410644e-09	-0.00258372693497
2.1119871047e-09	-0.00207519523974
2.11608010296e-09	-0.0015843920628
2.12017310123e-09	-0.00114861576731
2.12426609949e-09	-0.000816972074972
2.12835909776e-09	-0.000651292357361
2.13245209602e-09	-0.000717082770279
2.13654509429e-09	-0.00106610885996
2.14063809255e-09	-0.00171509358916
2.14473109082e-09	-0.00262678101717
2.14882408908e-09	-0.0036997977586
2.15291708735e-09	-0.00477216544095
2.15701008561e-09	-0.0056403017079
2.16110308388e-09	-0.0060916300281
2.16519608214e-09	-0.00594529265072
2.16928908041e-09	-0.00509288080502
2.17338207867e-09	-0.00353021809133
2.17747507694e-09	-0.00137230550899
2.1815680752e-09	0.00115349115367
2.18566107347e-09	0.00373664361541
2.18975407173e-09	0.00603103224421
2.19384707e-09	0.00771278637694
2.19794006826e-09	0.00853771466063
2.20203306653e-09	0.00838716555154
2.20612606479e-09	0.00729300780222
2.21021906306e-09	0.00543619177188
2.21431206132e-09	0.00311838038033
2.21840505959e-09	0.000711419626896
2.22249805785e-09	-0.00140625942004
2.22659105612e-09	-0.00291449304495
2.23068405438e-09	-0.00360539567191
2.23477705265e-09	-0.00341651347117
2.23887005091e-09	-0.00243715403485
2.24296304918e-09	-0.000887109334144
2.24705604744e-09	0.000927668217628
2.25114904571e-09	0.00267348646594
2.25524204397e-09	0.00404998517479
2.25933504224e-09	0.00484220919316
2.2634280405e-09	0.00495409654104
2.26752103877e-09	0.00441775331274
2.27161403703e-09	0.00337787219905
2.2757070353e-09	0.00205559303868
2.27980003356e-09	0.000699990887369
2.28389303183e-09	-0.000462510986836
2.28798603009e-09	-0.00127055833582
2.29207902836e-09	-0.00165404946893
2.29617202662e-09	-0.00163977501506
2.30026502489e-09	-0.00133668156195
2.30435802315e-09	-0.000905155080545
2.30845102142e-09	-0.000517843378475
2.31254401968e-09	-0.000320902467138
2.31663701795e-09	-0.000403940397518
2.32073001621e-09	-0.000784547184594
2.32482301448e-09	-0.00140977671253
2.32891601274e-09	-0.00217307447747
2.33300901101e-09	-0.00294177472824
2.33710200927e-09	-0.00358821626287
2.34119500754e-09	-0.00401712776511
2.3452880058e-09	-0.00418323499616
2.34938100407e-09	-0.00409567181487
2.35347400233e-09	-0.00380907385261
2.3575670006e-09	-0.00340446422342
2.36165999886e-09	-0.00296535844973
2.36575299713e-09	-0.00255542286322
2.36984599539e-09	-0.00220339129737
2.37393899365e-09	-0.0018989363889
2.37803199192e-09	-0.00160022088676
2.38212499018e-09	-0.00125082064187
2.38621798845e-09	-0.000801273352408
2.39031098671e-09	-0.000229222814596
2.39440398498e-09	0.000447609854746
2.39849698324e-09	0.00116963406617
2.40258998151e-09	0.00184595644532
2.40668297977e-09	0.00237529090373
2.41077597804e-09	0.00267237328808
2.4148689763e-09	0.00269326595298
2.41896197457e-09	0.00245276982605
2.42305497283e-09	0.00202866696054
2.4271479711e-09	0.00155041251855
2.43124096936e-09	0.00117354316171
2.43533396763e-09	0.00104466390621
2.43942696589e-09	0.00126457539591
2.44351996416e-09	0.0018581666809
2.44761296242e-09	0.00275881413836
2.45170596069e-09	0.00381228752667
2.45579895895e-09	0.0048010678438
2.45989195722e-09	0.0054854269838
2.46398495548e-09	0.00565352389822
2.46807795375e-09	0.0051702169003
2.47217095201e-09	0.00401379950927
2.47626395028e-09	0.00229178146401
2.48035694854e-09	0.00023077879996
2.48444994681e-09	-0.00185918147326
2.48854294507e-09	-0.00364011951024
2.49263594334e-09	-0.00481097819284
2.4967289416e-09	-0.00516903094831
2.50082193987e-09	-0.0046549688559
2.50491493813e-09	-0.00337155212765
2.5090079364e-09	-0.00157073031005
2.51310093466e-09	0.000389593455111
2.51719393293e-09	0.00211171637056
2.52128693119e-09	0.00323479322833
2.52537992946e-09	0.00350698959664
2.52947292772e-09	0.00283851349377
2.53356592599e-09	0.00132427315111
2.53765892425e-09	-0.000769271144236
2.54175192252e-09	-0.00305149095948
2.54584492078e-09	-0.0050807336811
2.54993791905e-09	-0.00644938636106
2.55403091731e-09	-0.00686431443319
2.55812391558e-09	-0.00620669842465
2.56221691384e-09	-0.00455905628041
2.56630991211e-09	-0.00219355498848
2.57040291037e-09	0.000476774861454
2.57449590864e-09	0.00297492195386
2.5785889069e-09	0.00485017575556
2.58268190517e-09	0.00576432677917
2.58677490343e-09	0.00555692007765
2.5908679017e-09	0.00427664793096
2.59496089996e-09	0.00217253433948
2.59905389823e-09	-0.000353526404069
2.60314689649e-09	-0.00282373801747
2.60723989476e-09	-0.00477590993978
2.61133289302e-09	-0.00585165360826
2.61542589129e-09	-0.00586404357455
2.61951888955e-09	-0.0048316095781
2.62361188782e-09	-0.00297217653133
2.62770488608e-09	-0.000657969390886
2.63179788435e-09	0.00165897861007
2.63589088261e-09	0.0035363000934
2.63998388087e-09	0.00462800762034
2.64407687914e-09	0.00475148981786
2.6481698774e-09	0.00392185049714
2.65226287567e-09	0.00234715458646
2.65635587393e-09	0.00038585611037
2.6604488722e-09	-0.00152492408233
2.66454187046e-09	-0.00295607540465
2.66863486873e-09	-0.00357116840314
2.67272786699e-09	-0.0031927821401
2.67682086526e-09	-0.00183791374729
2.68091386352e-09	0.000283945178126
2.68500686179e-09	0.00280926564301
2.68909986005e-09	0.00528771372046
2.69319285832e-09	0.00726508634398
2.69728585658e-09	0.00836621178314
2.70137885485e-09	0.00836244790116
2.70547185311e-09	0.00721165776486
2.70956485138e-09	0.00506408172077
2.71365784964e-09	0.00223393981287
2.71775084791e-09	-0.000857029684994
2.72184384617e-09	-0.00375299574807
2.72593684444e-09	-0.00604073307477
2.7300298427e-09	-0.00741593661951
2.73412284097e-09	-0.00772805087036
2.73821583923e-09	-0.00699703668943
2.7423088375e-09	-0.00540087910485
2.74640183576e-09	-0.00323795259465
2.75049483403e-09	-0.000872475058713
2.75458783229e-09	0.00132640742231
2.75868083056e-09	0.00304118019994
2.76277382882e-09	0.00404926168267
2.76686682709e-09	0.00424740978633
2.77095982535e-09	0.00365550792776
2.77505282362e-09	0.00240173599741
2.77914582188e-09	0.00069403319867
2.78323882015e-09	-0.00121570715419
2.78733181841e-09	-0.00306820881087
2.79142481668e-09	-0.00462880151463
2.79551781494e-09	-0.00571141380351
2.79961081321e-09	-0.00619332317729
2.80370381147e-09	-0.00602126971353
2.80779680974e-09	-0.00521065594512
2.811889808e-09	-0.00383991730632
2.81598280627e-09	-0.00204167772608
2.82007580453e-09	8.45451381792e-06
2.8241688028e-09	0.00210547680035
2.82826180106e-09	0.00403144452139
2.83235479933e-09	0.00557512408704
2.83644779759e-09	0.00655440258561
2.84054079586e-09	0.00683979998576
2.84463379412e-09	0.00637610291597
2.84872679239e-09	0.00519818346947
2.85281979065e-09	0.0034368657216
2.85691278892e-09	0.00131151762616
2.86100578718e-09	-0.0008920939581
2.86509878545e-09	-0.00285754284414
2.86919178371e-09	-0.00428305912646
2.87328478198e-09	-0.0049298396043
2.87737778024e-09	-0.00466517804307
2.88147077851e-09	-0.00349213930895
2.88556377677e-09	-0.00155903454288
2.88965677504e-09	0.000854978330608
2.8937497733e-09	0.00337770782062
2.89784277157e-09	0.00560027320171
2.90193576983e-09	0.00714322854765
2.90602876809e-09	0.0077212410979
2.91012176636e-09	0.00719469849719
2.91421476462e-09	0.00559829018312
2.91830776289e-09	0.0031404842739
2.92240076115e-09	0.000172888193447
2.92649375942e-09	-0.00286593819328
2.93058675768e-09	-0.00552278416581
2.93467975595e-09	-0.00740552321076
2.93877275421e-09	-0.00824871240184
2.94286575248e-09	-0.00795718404697
2.94695875074e-09	-0.00661971396767
2.95105174901e-09	-0.00449039853993
2.95514474727e-09	-0.00194137917424
2.95923774554e-09	0.000604127613769
2.9633307438e-09	0.00274589960463
2.96742374207e-09	0.0041741746536
2.97151674033e-09	0.00471828095033
2.9756097386e-09	0.00436806111247
2.97970273686e-09	0.00326507838327
2.98379573513e-09	0.00166652195912
2.98788873339e-09	-0.00011011851052
2.99198173166e-09	-0.00175009814848
2.99607472992e-09	-0.00299953832291
3.00016772819e-09	-0.00370745841064
3.00426072645e-09	-0.00384422851494
3.00835372472e-09	-0.00349402116262
3.01244672298e-09	-0.00282425105979
3.01653972125e-09	-0.00203966138361
3.02063271951e-09	-0.00133167278545
3.02472571778e-09	-0.00083423621254
3.02881871604e-09	-0.000595682180574
3.03291171431e-09	-0.000572304801608
3.03700471257e-09	-0.000644520347123
3.04109771084e-09	-0.000651421098155
3.0451907091e-09	-0.000435470446973
3.04928370737e-09	0.000113135127776
3.05337670563e-09	0.00102280435385
3.0574697039e-09	0.00222557802044
3.06156270216e-09	0.00356469428516
3.06565570043e-09	0.00482351871324
3.06974869869e-09	0.00576984969666
3.07384169696e-09	0.00620609533507
3.07793469522e-09	0.00601432484109
3.08202769349e-09	0.00518609659048
3.08612069175e-09	0.00383009610232
3.09021369002e-09	0.00215527400724
3.09430668828e-09	0.000432411434304
3.09839968655e-09	-0.00105827840162
3.10249268481e-09	-0.00208280328661
3.10658568308e-09	-0.00250070360198
3.11067868134e-09	-0.00229400556418
3.11477167961e-09	-0.00157150925952
3.11886467787e-09	-0.000547153220396
3.12295767614e-09	0.000503427087096
3.1270506744e-09	0.00129948585527
3.13114367267e-09	0.00161341972125
3.13523667093e-09	0.0013187761142
3.1393296692e-09	0.000418118330344
3.14342266746e-09	-0.000955107207119
3.14751566573e-09	-0.00256128975889
3.15160866399e-09	-0.00410114476108
3.15570166226e-09	-0.00527471100213
3.15979466052e-09	-0.00584103245637
3.16388765879e-09	-0.00566651270492
3.16798065705e-09	-0.00475223149988
3.17207365531e-09	-0.003234742122
3.17616665358e-09	-0.00136019714409
3.18025965184e-09	0.000562920944503
3.18435265011e-09	0.00222291605314
3.18844564837e-09	0.00336398076615
3.19253864664e-09	0.00383346370654
3.1966316449e-09	0.00360798087786
3.20072464317e-09	0.00279345159652
3.20481764143e-09	0.00159950312809
3.2089106397e-09	0.000293881059406
3.21300363796e-09	-0.000853469937283
3.21709663623e-09	-0.00162498757709
3.22118963449e-09	-0.00189752041479
3.22528263276e-09	-0.00166337552946
3.22937563102e-09	-0.00102643632999
3.23346862929e-09	-0.000174648275788
3.23756162755e-09	0.00066488601442
3.24165462582e-09	0.0012783835773
3.24574762408e-09	0.00151412042032
3.24984062235e-09	0.00131702546059
3.25393362061e-09	0.000741776624636
3.25802661888e-09	-5.83868541071e-05
3.26211961714e-09	-0.000864799025294
3.26621261541e-09	-0.00144149942207
3.27030561367e-09	-0.00158826430561
3.27439861194e-09	-0.00118739471509
3.2784916102e-09	-0.000234353463384
3.28258460847e-09	0.00115438686043
3.28667760673e-09	0.00275829988823
3.290770605e-09	0.00429155290476
3.29486360326e-09	0.00545613674331
3.29895660153e-09	0.00599902262911
3.30304959979e-09	0.00576215481851
3.30714259806e-09	0.00471542213927
3.31123559632e-09	0.00296609068755
3.31532859459e-09	0.000742742358852
3.31942159285e-09	-0.00164328393294
3.32351459112e-09	-0.00385166547494
3.32760758938e-09	-0.00557192598353
3.33170058765e-09	-0.00657628971385
3.33579358591e-09	-0.00675683806185
3.33988658418e-09	-0.00614042574307
3.34397958244e-09	-0.00487911736127
3.34807258071e-09	-0.00321860212716
3.35216557897e-09	-0.00145116982458
3.35625857724e-09	0.00013754200836
3.3603515755e-09	0.00131792715547
3.36444457377e-09	0.00195299672487
3.36853757203e-09	0.00201606929477
3.3726305703e-09	0.00158732800628
3.37672356856e-09	0.0008311313577
3.38081656683e-09	-4.0512771875e-05
3.38490956509e-09	-0.000810591867776
3.38900256336e-09	-0.0012974860947
3.39309556162e-09	-0.00138576077734
3.39718855989e-09	-0.00104236391053
3.40128155815e-09	-0.000316407875289
3.40537455642e-09	0.000676004841807
3.40946755468e-09	0.00177770595474
3.41356055295e-09	0.0028212415782
3.41765355121e-09	0.00365824266919
3.42174654948e-09	0.00418201895081
3.42583954774e-09	0.00433991083992
3.429932546e-09	0.00413434088114
3.43402554427e-09	0.00361390676699
3.43811854253e-09	0.00285772245843
3.4422115408e-09	0.00195722829085
3.44630453906e-09	0.000999669835437
3.45039753733e-09	5.65358957374e-05
3.45449053559e-09	-0.000821374334919
3.45858353386e-09	-0.00160239401157
3.46267653212e-09	-0.00226769055007
3.46676953039e-09	-0.00280306024069
3.47086252865e-09	-0.00319192899042
3.47495552692e-09	-0.0034121091594
3.47904852518e-09	-0.00343765091384
3.48314152345e-09	-0.00324555946281
3.48723452171e-09	-0.00282565869566
3.49132751998e-09	-0.00219078216469
3.49542051824e-09	-0.00138408607017
3.49951351651e-09	-0.000480750368297
3.50360651477e-09	0.000417501531047
3.50769951304e-09	0.00119498821732
3.5117925113e-09	0.00173995066143
3.51588550957e-09	0.00196448915813
3.51997850783e-09	0.00182256930566
3.5240715061e-09	0.00132222525281
3.52816450436e-09	0.000529036857188
3.53225750263e-09	-0.000440416320998
3.53635050089e-09	-0.00143447415758
3.54044349916e-09	-0.00228917207278
3.54453649742e-09	-0.00285398864071
3.54862949569e-09	-0.0030160893657
3.55272249395e-09	-0.00271884532413
3.55681549222e-09	-0.00197147595463
3.56090849048e-09	-0.000848307805427
3.56500148875e-09	0.000521980073245
3.56909448701e-09	0.00197506182303
3.57318748528e-09	0.00333432847401
3.57728048354e-09	0.00443503790302
3.58137348181e-09	0.00514555483824
3.58546648007e-09	0.00538279232569
3.58955947834e-09	0.0051201954775
3.5936524766e-09	0.00438793597277
3.59774547487e-09	0.00326625970774
3.60183847313e-09	0.00187377959082
3.6059314714e-09	0.000352885641405
3.61002446966e-09	-0.00114562429371
3.61411746793e-09	-0.00247701318585
3.61821046619e-09	-0.00351515045622
3.62230346446e-09	-0.00416272124858
3.62639646272e-09	-0.00435909099178
3.63048946099e-09	-0.0040859200526
3.63458245925e-09	-0.00337047400535
3.63867545752e-09	-0.00228620441339
3.64276845578e-09	-0.000949802197283
3.64686145405e-09	0.000486222310428
3.65095445231e-09	0.00184616250044
3.65504745058e-09	0.00294900828158
3.65914044884e-09	0.00363060331438
3.66323344711e-09	0.00376779196085
3.66732644537e-09	0.00330111721996
3.67141944364e-09	0.00225191561913
3.6755124419e-09	0.000729666662664
3.67960544017e-09	-0.00107357877278
3.68369843843e-09	-0.00290306858369
3.6877914367e-09	-0.00447437248658
3.69188443496e-09	-0.00551572523545
3.69597743322e-09	-0.00581350323046
3.70007043149e-09	-0.00525318155997
3.70416342975e-09	-0.00384793168632
3.70825642802e-09	-0.00174839592364
3.71234942628e-09	0.00077006653737
3.71644242455e-09	0.00334259602823
3.72053542281e-09	0.00556833547307
3.72462842108e-09	0.00707432971103
3.72872141934e-09	0.00757941044867
3.73281441761e-09	0.00694684730843
3.73690741587e-09	0.00521582199144
3.74100041414e-09	0.00260487565538
3.7450934124e-09	-0.000514894141816
3.74918641067e-09	-0.00367384968558
3.75327940893e-09	-0.00637701892992
3.7573724072e-09	-0.00818469101796
3.76146540546e-09	-0.00878676353022
3.76555840373e-09	-0.00805772066815
3.76965140199e-09	-0.00608210527571
3.77374440026e-09	-0.0031451798568
3.77783739852e-09	0.000310547460685
3.78193039679e-09	0.0037561916397
3.78602339505e-09	0.00666298920987
3.79011639332e-09	0.00858968420653
3.79420939158e-09	0.00925563240889
3.79830238985e-09	0.00858671247261
3.80239538811e-09	0.0067259259522
3.80648838638e-09	0.00400671281386
3.81058138464e-09	0.000893784272193
3.81467438291e-09	-0.00209803844336
3.81876738117e-09	-0.00449243266485
3.82286037944e-09	-0.00593181332806
3.8269533777e-09	-0.00623508979334
3.83104637597e-09	-0.00542302365648
3.83513937423e-09	-0.00370727933478
3.8392323725e-09	-0.00144594498124
3.84332537076e-09	0.000925562555494
3.84741836903e-09	0.00297499503358
3.85151136729e-09	0.00435018882854
3.85560436556e-09	0.00483844126575
3.85969736382e-09	0.00439800927415
3.86379036209e-09	0.00315690186108
3.86788336035e-09	0.00138042213075
3.87197635862e-09	-0.000585277317441
3.87606935688e-09	-0.00238209454983
3.88016235515e-09	-0.00370778585784
3.88425535341e-09	-0.00436978266225
3.88834835168e-09	-0.00431526178727
3.89244134994e-09	-0.00363264043699
3.89653434821e-09	-0.00252533331513
3.90062734647e-09	-0.00126399815781
3.90472034474e-09	-0.000127575516217
3.908813343e-09	0.000654654275422
3.91290634127e-09	0.000948391170823
3.91699933953e-09	0.000738236285542
3.9210923378e-09	0.000125948271489
3.92518533606e-09	-0.000695882266882
3.92927833433e-09	-0.00148862233618
3.93337133259e-09	-0.00202109455131
3.93746433086e-09	-0.00212043509237
3.94155732912e-09	-0.00170966911537
3.94565032739e-09	-0.000824287046271
3.94974332565e-09	0.000395374652726
3.95383632392e-09	0.00173404077941
3.95792932218e-09	0.00294715625932
3.96202232044e-09	0.00381251430372
3.96611531871e-09	0.00417688049492
3.97020831697e-09	0.00398778298404
3.97430131524e-09	0.00330385446432
3.9783943135e-09	0.00228163701831
3.98248731177e-09	0.00114170671441
3.98658031003e-09	0.000121303747619
3.9906733083e-09	-0.000576498681767
3.99476630656e-09	-0.000826370196592
3.99885930483e-09	-0.000607850721281
4.00295230309e-09	-1.02408870362e-05
4.00704530136e-09	0.000785942236689
4.01113829962e-09	0.0015472741361
4.01523129789e-09	0.00203770269582
4.01932429615e-09	0.00207049242454
4.02341729442e-09	0.00155108903709
4.02751029268e-09	0.000501889822772
4.03160329095e-09	-0.000936540352996
4.03569628921e-09	-0.00252854387509
4.03978928748e-09	-0.00398659787606
4.04388228574e-09	-0.00502645238885
4.04797528401e-09	-0.00542343623238
4.05206828227e-09	-0.00505876849638
4.05616128054e-09	-0.00394654989941
4.0602542788e-09	-0.00223576501594
4.06434727707e-09	-0.000186468193533
4.06844027533e-09	0.0018756424106
4.0725332736e-09	0.0036178251903
4.07662627186e-09	0.00476095383056
4.08071927013e-09	0.00513067873544
4.08481226839e-09	0.00468930372153
4.08890526666e-09	0.00354227909702
4.09299826492e-09	0.00191804724454
4.09709126319e-09	0.000125097541968
4.10118426145e-09	-0.0015055990516
4.10527725972e-09	-0.00268186959147
4.10937025798e-09	-0.00320384543738
4.11346325625e-09	-0.00299980063573
4.11755625451e-09	-0.0021378534293
4.12164925278e-09	-0.000811687248643
4.12574225104e-09	0.000696685990988
4.12983524931e-09	0.00206992153835
4.13392824757e-09	0.00301416689763
4.13802124584e-09	0.00331295348587
4.1421142441e-09	0.00286655555828
4.14620724237e-09	0.00171011184284
4.15030024063e-09	7.79099241299e-06
4.1543932389e-09	-0.00197540178488
4.15848623716e-09	-0.0039187198272
4.16257923543e-09	-0.00549945718376
4.16667223369e-09	-0.00644604163244
4.17076523196e-09	-0.00658160477178
4.17485823022e-09	-0.00585117455921
4.17895122849e-09	-0.00432873392128
4.18304422675e-09	-0.00220388181333
4.18713722502e-09	0.000248769933023
4.19123022328e-09	0.00271176066599
4.19532322155e-09	0.00487138031167
4.19941621981e-09	0.00646139960736
4.20350921808e-09	0.0072976523079
4.20760221634e-09	0.00729917525314
4.21169521461e-09	0.00649405497825
4.21578821287e-09	0.00501051283209
4.21988121113e-09	0.00305581258726
4.2239742094e-09	0.000886885136424
4.22806720766e-09	-0.00122286703845
4.23216020593e-09	-0.00301635055803
4.23625320419e-09	-0.00428161796299
4.24034620246e-09	-0.00487419476849
4.24443920072e-09	-0.00473135965876
4.24853219899e-09	-0.00387771087117
4.25262519725e-09	-0.00242197660555
4.25671819552e-09	-0.000545471066289
4.26081119378e-09	0.00151693609951
4.26490419205e-09	0.00350204817369
4.26899719031e-09	0.00514787263819
4.27309018858e-09	0.00622486998327
4.27718318684e-09	0.00656564813107
4.28127618511e-09	0.00608934724005
4.28536918337e-09	0.00481698958902
4.28946218164e-09	0.00287461612606
4.2935551799e-09	0.000482386025396
4.29764817817e-09	-0.00207032251637
4.30174117643e-09	-0.00446156325052
4.3058341747e-09	-0.00638077402255
4.30992717296e-09	-0.00757387111662
4.31402017123e-09	-0.00788253714563
4.31811316949e-09	-0.00727105647093
4.32220616776e-09	-0.00583559696679
4.32629916602e-09	-0.00379337495542
4.33039216429e-09	-0.00145240389975
4.33448516255e-09	0.000834169135487
4.33857816082e-09	0.00272232193674
4.34267115908e-09	0.00393136264756
4.34676415735e-09	0.00428909444599
4.35085715561e-09	0.00376019827672
4.35495015388e-09	0.00245268380968
4.35904315214e-09	0.000600936502451
4.36313615041e-09	-0.00147211940202
4.36722914867e-09	-0.00340752143529
4.37132214694e-09	-0.00486859574448
4.3754151452e-09	-0.00559519129456
4.37950814347e-09	-0.0054446295253
4.38360114173e-09	-0.00441252463497
4.38769414e-09	-0.0026302941551
4.39178713826e-09	-0.000340398186381
4.39588013653e-09	0.00214569897798
4.39997313479e-09	0.0044988860609
4.40406613306e-09	0.00642372411676
4.40815913132e-09	0.0077008054941
4.41225212959e-09	0.0082133563119
4.41634512785e-09	0.00795462331735
4.42043812612e-09	0.00701649714028
4.42453112438e-09	0.00556335359579
4.42862412265e-09	0.00379764067475
4.43271712091e-09	0.00192477263045
4.43681011918e-09	0.000124202478673
4.44090311744e-09	-0.00146848758595
4.44499611571e-09	-0.00276670706808
4.44908911397e-09	-0.00372659222921
4.45318211224e-09	-0.00433338884613
4.4572751105e-09	-0.00458599627018
4.46136810877e-09	-0.0044852035935
4.46546110703e-09	-0.00402968845447
4.4695541053e-09	-0.0032213187078
4.47364710356e-09	-0.00207830152067
4.47774010183e-09	-0.00065206367799
4.48183310009e-09	0.000957987387665
4.48592609835e-09	0.00259792164434
4.49001909662e-09	0.00406569798361
4.49411209488e-09	0.00513246815535
4.49820509315e-09	0.00557713257149
4.50229809141e-09	0.00522886129329
4.50639108968e-09	0.00400942726992
4.51048408794e-09	0.00196587419487
4.51457708621e-09	-0.000715213809599
4.51867008447e-09	-0.00371783974697
4.52276308274e-09	-0.00663274212275
4.526856081e-09	-0.00901598186465
4.53094907927e-09	-0.0104613166186
4.53504207753e-09	-0.0106739733019
4.5391350758e-09	-0.00953186198603
4.54322807406e-09	-0.00712146761362
4.54732107233e-09	-0.00373937471886
4.55141407059e-09	0.000143693334849
4.55550706886e-09	0.00395243515959
4.55960006712e-09	0.0070996255381
4.56369306539e-09	0.00908629392507
4.56778606365e-09	0.00959153356962
4.57187906192e-09	0.00853502587415
4.57597206018e-09	0.0060996193788
4.58006505845e-09	0.00270817812998
4.58415805671e-09	-0.00104281761014
4.58825105498e-09	-0.00448246640735
4.59234405324e-09	-0.00698060676223
4.59643705151e-09	-0.00805868837051
4.60053004977e-09	-0.00747639883775
4.60462304804e-09	-0.00527814458474
4.6087160463e-09	-0.00179039697105
4.61280904457e-09	0.00243036265601
4.61690204283e-09	0.00669043412199
4.6209950411e-09	0.010276369343
4.62508803936e-09	0.0125765640987
4.62918103763e-09	0.0131856165826
4.63327403589e-09	0.0119731579907
4.63736703416e-09	0.00910513009876
4.64146003242e-09	0.00501413378515
4.64555303069e-09	0.000324501977957
4.64964602895e-09	-0.00425432121847
4.65373902722e-09	-0.00804699352011
4.65783202548e-09	-0.0105230241315
4.66192502375e-09	-0.0113799707033
4.66601802201e-09	-0.0105853449204
4.67011102028e-09	-0.00837108428823
4.67420401854e-09	-0.00518314706278
4.67829701681e-09	-0.00159675514442
4.68239001507e-09	0.00178644806147
4.68648301334e-09	0.00444050537772
4.6905760116e-09	0.00599857675843
4.69466900987e-09	0.00630392832682
4.69876200813e-09	0.0054213021649
4.7028550064e-09	0.00360902014654
4.70694800466e-09	0.00125930166541
4.71104100293e-09	-0.00118045935233
4.71513400119e-09	-0.00328999047633
4.71922699946e-09	-0.00474691973068
4.72331999772e-09	-0.00537414333667
4.72741299599e-09	-0.0051570753858
4.73150599425e-09	-0.00423009577207
4.73559899252e-09	-0.00283728331851
4.73969199078e-09	-0.00127692161914
4.74378498905e-09	0.00015851790522
4.74787798731e-09	0.00123540283676
4.75197098557e-09	0.00181574028102
4.75606398384e-09	0.00187240948435
4.7601569821e-09	0.0014820697761
4.76424998037e-09	0.000799311310402
4.76834297863e-09	1.88398148566e-05
4.7724359769e-09	-0.000665896459395
4.77652897516e-09	-0.00109935499495
4.78062197343e-09	-0.00118930388999
4.78471497169e-09	-0.000917351389944
4.78880796996e-09	-0.0003342780401
4.79290096822e-09	0.000457134723547
4.79699396649e-09	0.00132691635372
4.80108696475e-09	0.0021445354796
4.80517996302e-09	0.00280188428587
4.80927296128e-09	0.00322862158646
4.81336595955e-09	0.00339800311485
4.81745895781e-09	0.00332356125
4.82155195608e-09	0.00304890985717
4.82564495434e-09	0.00263403786812
4.82973795261e-09	0.00214166035585
4.83383095087e-09	0.00162649598497
4.83792394914e-09	0.0011291105111
4.8420169474e-09	0.000674496746797
4.84610994567e-09	0.000274310052191
4.85020294393e-09	-6.90674955877e-05
4.8542959422e-09	-0.000358514202162
4.85838894046e-09	-0.000599556027737
4.86248193873e-09	-0.00079963033204
4.86657493699e-09	-0.000968744679994
4.87066793526e-09	-0.00112035036727
4.87476093352e-09	-0.00127107473963
4.87885393179e-09	-0.00143834178016
4.88294693005e-09	-0.00163573985628
4.88703992832e-09	-0.00186699512415
4.89113292658e-09	-0.00212028808892
4.89522592485e-09	-0.0023650622752
4.89931892311e-09	-0.00255324569298
4.90341192138e-09	-0.00262588550686
4.90750491964e-09	-0.00252483304939
4.91159791791e-09	-0.00220756811905
4.91569091617e-09	-0.00166197621729
4.91978391444e-09	-0.000917253528314
4.9238769127e-09	-4.74027328892e-05
4.92796991097e-09	0.000835002370877
4.93206290923e-09	0.00159512311802
4.9361559075e-09	0.00210020664963
4.94024890576e-09	0.00224772392539
4.94434190403e-09	0.00199152753339
4.94843490229e-09	0.0013598866135
4.95252790056e-09	0.000460225266579
4.95662089882e-09	-0.000532341491635
4.96071389709e-09	-0.00140240514884
4.96480689535e-09	-0.00193378585391
4.96889989362e-09	-0.00195429498854
4.97299289188e-09	-0.00137691971759
4.97708589015e-09	-0.000228371848607
4.98117888841e-09	0.00134238737519
4.98527188668e-09	0.00307962842635
4.98936488494e-09	0.00465969846118
4.99345788321e-09	0.00574769050581
4.99755088147e-09	0.00606219272595
5.00164387974e-09	0.00543581802049
5.005736878e-09	0.00385901352274
5.00982987627e-09	0.00149699136091
5.01392287453e-09	-0.00132577828481
5.01801587279e-09	-0.00417294944054
5.02210887106e-09	-0.00656863790937
5.02620186932e-09	-0.00808237009915
5.03029486759e-09	-0.00841099931858
5.03438786585e-09	-0.00744167162338
5.03848086412e-09	-0.00528271289659
5.04257386238e-09	-0.00225491230958
5.04666686065e-09	0.00115704984637
5.05075985891e-09	0.00438559820759
5.05485285718e-09	0.00687967916019
5.05894585544e-09	0.00820459524402
5.06303885371e-09	0.00812358560506
5.06713185197e-09	0.0066453392501
5.07122485024e-09	0.00402766291518
5.0753178485e-09	0.000735561527108
5.07941084677e-09	-0.00263944912876
5.08350384503e-09	-0.00548451175564
5.0875968433e-09	-0.0072760283947
5.09168984156e-09	-0.00767530751182
5.09578283983e-09	-0.00659140996868
5.09987583809e-09	-0.00419932071236
5.10396883636e-09	-0.000909846829018
5.10806183462e-09	0.00270335732785
5.11215483289e-09	0.00600621866761
5.11624783115e-09	0.00841723784106
5.12034082942e-09	0.00951020244975
5.12443382768e-09	0.00908783019986
5.12852682595e-09	0.00721318245633
5.13261982421e-09	0.00419374965713
5.13671282248e-09	0.000522047714185
5.14080582074e-09	-0.00321529587382
5.14489881901e-09	-0.00644233205821
5.14899181727e-09	-0.00869264034554
5.15308481554e-09	-0.00968415522948
5.1571778138e-09	-0.00935703562573
5.16127081207e-09	-0.00786919635721
5.16536381033e-09	-0.00555250269827
5.1694568086e-09	-0.00284008805465
5.17354980686e-09	-0.00018042962256
5.17764280513e-09	0.00204440468224
5.18173580339e-09	0.00358069050708
5.18582880166e-09	0.00433431033161
5.18992179992e-09	0.00436737574637
5.19401479819e-09	0.00386360753328
5.19810779645e-09	0.00307213969063
5.20220079472e-09	0.00224340255954
5.20629379298e-09	0.00157165923156
5.21038679125e-09	0.00115653069952
5.21447978951e-09	0.000990997861663
5.21857278778e-09	0.000977084098849
5.22266578604e-09	0.000964079154073
5.22675878431e-09	0.000799143766926
5.23085178257e-09	0.000377476726499
5.23494478084e-09	-0.000320475515764
5.2390377791e-09	-0.00121415412286
5.24313077737e-09	-0.00213451700984
5.24722377563e-09	-0.00286011466233
5.2513167739e-09	-0.00316974887392
5.25540977216e-09	-0.00289974195766
5.25950277043e-09	-0.00199238340429
5.26359576869e-09	-0.000523620430613
5.26768876696e-09	0.0012977474471
5.27178176522e-09	0.00316103512887
5.27587476348e-09	0.00470983490231
5.27996776175e-09	0.00561264256248
5.28406076001e-09	0.00563358142972
5.28815375828e-09	0.0046881705639
5.29224675654e-09	0.00287159989239
5.29633975481e-09	0.000452215594123
5.30043275307e-09	-0.00217013430665
5.30452575134e-09	-0.00453402069979
5.3086187496e-09	-0.00620175275253
5.31271174787e-09	-0.00684370088857
5.31680474613e-09	-0.00630497722887
5.3208977444e-09	-0.00464092553011
5.32499074266e-09	-0.00211370497709
5.32908374093e-09	0.000850213313242
5.33317673919e-09	0.00373429714818
5.33726973746e-09	0.00602434121538
5.34136273572e-09	0.00730178679805
5.34545573399e-09	0.00732051878003
5.34954873225e-09	0.00605277810246
5.35364173052e-09	0.00369562293054
5.35773472878e-09	0.000636773089354
5.36182772705e-09	-0.00261371585657
5.36592072531e-09	-0.00551324046683
5.37001372358e-09	-0.00758144451538
5.37410672184e-09	-0.00848286040127
5.37819972011e-09	-0.00808275031159
5.38229271837e-09	-0.00646669062553
5.38638571664e-09	-0.00392126178485
5.3904787149e-09	-0.000880268882611
5.39457171317e-09	0.00215304619633
5.39866471143e-09	0.00469329499174
5.4027577097e-09	0.00635409110691
5.40685070796e-09	0.00690914766164
5.41094370623e-09	0.00632351776585
5.41503670449e-09	0.00475089979591
5.41912970276e-09	0.0024991514656
5.42322270102e-09	-2.83509493784e-05
5.42731569929e-09	-0.00240414791915
5.43140869755e-09	-0.00424799145549
5.43550169582e-09	-0.00528595008655
5.43959469408e-09	-0.00538824516116
5.44368769235e-09	-0.00458106957376
5.44778069061e-09	-0.00303244357929
5.45187368888e-09	-0.00101648362761
5.45596668714e-09	0.00113632247667
5.46005968541e-09	0.00309373062919
5.46415268367e-09	0.00457231281325
5.46824568194e-09	0.00537667347817
5.4723386802e-09	0.00542257912457
5.47643167847e-09	0.00474226835649
5.48052467673e-09	0.00347297894768
5.484617675e-09	0.00183187457151
5.48871067326e-09	8.18978592179e-05
5.49280367153e-09	-0.00150642621884
5.49689666979e-09	-0.00269238751207
5.50098966806e-09	-0.00329750715173
5.50508266632e-09	-0.00322964941734
5.50917566459e-09	-0.00249644153519
5.51326866285e-09	-0.00120653066551
5.51736166112e-09	0.000441777950982
5.52145465938e-09	0.00218391550879
5.52554765765e-09	0.00372264621546
5.52964065591e-09	0.00476870100829
5.53373365418e-09	0.00508394397912
5.53782665244e-09	0.00452150430647
5.5419196507e-09	0.00305677237338
5.54601264897e-09	0.000803506642114
5.55010564723e-09	-0.00198936439119
5.5541986455e-09	-0.00496224866947
5.55829164376e-09	-0.00768953328952
5.56238464203e-09	-0.00973963364959
5.56647764029e-09	-0.0107424271991
5.57057063856e-09	-0.0104537036386
5.57466363682e-09	-0.0088054498774
5.57875663509e-09	-0.00593196158297
5.58284963335e-09	-0.00216484605335
5.58694263162e-09	0.00200520404906
5.59103562988e-09	0.0059963138774
5.59512862815e-09	0.0092237816425
5.59922162641e-09	0.0111951489234
5.60331462468e-09	0.011595926364
5.60740762294e-09	0.0103502450511
5.61150062121e-09	0.00764414353762
5.61559361947e-09	0.00390509868157
5.61968661774e-09	-0.000261051115558
5.623779616e-09	-0.00416682043578
5.62787261427e-09	-0.00715782458428
5.63196561253e-09	-0.00872590340441
5.6360586108e-09	-0.00860030658077
5.64015160906e-09	-0.00679985067109
5.64424460733e-09	-0.00363539421232
5.64833760559e-09	0.000339273488862
5.65243060386e-09	0.0044206562452
5.65652360212e-09	0.00787709001452
5.66061660039e-09	0.0100772689912
5.66470959865e-09	0.0106026876019
5.66880259692e-09	0.00932347541675
5.67289559518e-09	0.00642347033136
5.67698859345e-09	0.00236953007698
5.68108159171e-09	-0.0021697422053
5.68517458998e-09	-0.00644135312177
5.68926758824e-09	-0.00974021159345
5.69336058651e-09	-0.0115323824575
5.69745358477e-09	-0.0115469998564
5.70154658304e-09	-0.00982032046886
5.7056395813e-09	-0.00668437837157
5.70973257957e-09	-0.00270283887221
5.71382557783e-09	0.00143353632302
5.7179185761e-09	0.00503204995766
5.72201157436e-09	0.00752059259685
5.72610457263e-09	0.0085450730403
5.73019757089e-09	0.00802436878439
5.73429056916e-09	0.00615369679872
5.73838356742e-09	0.00335727652418
5.74247656569e-09	0.000200607072657
5.74656956395e-09	-0.00271986032021
5.75066256222e-09	-0.00488809589297
5.75475556048e-09	-0.00595974584576
5.75884855875e-09	-0.00581666233484
5.76294155701e-09	-0.00457574462052
5.76703455528e-09	-0.00255230464973
5.77112755354e-09	-0.000187036625903
5.77522055181e-09	0.00204750026751
5.77931355007e-09	0.00374151364667
5.78340654834e-09	0.00462493416853
5.7874995466e-09	0.00461213276139
5.79159254487e-09	0.0038068726717
5.79568554313e-09	0.00246831365803
5.7997785414e-09	0.000946770691371
5.80387153966e-09	-0.000396242408897
5.80796453792e-09	-0.001266517771
5.81205753619e-09	-0.00149791902368
5.81615053445e-09	-0.0010833424094
5.82024353272e-09	-0.000170415428329
5.82433653098e-09	0.0009760105022
5.82842952925e-09	0.00203570186568
5.83252252751e-09	0.00270551124413
5.83661552578e-09	0.00276687410951
5.84070852404e-09	0.00213415878534
5.84480152231e-09	0.000874029414263
5.84889452057e-09	-0.000807777119917
5.85298751884e-09	-0.00260898849228
5.8570805171e-09	-0.00419332218007
5.86117351537e-09	-0.0052596606547
5.86526651363e-09	-0.00560341213713
5.8693595119e-09	-0.00515743382857
5.87345251016e-09	-0.00400436922791
5.87754550843e-09	-0.00235829369922
5.88163850669e-09	-0.00051997288756
5.88573150496e-09	0.00118456013297
5.88982450322e-09	0.00246916453762
5.89391750149e-09	0.00314303324558
5.89801049975e-09	0.00314522933331
5.90210349802e-09	0.00255171908066
5.90619649628e-09	0.00155417701171
5.91028949455e-09	0.00041571665497
5.91438249281e-09	-0.000586647336604
5.91847549108e-09	-0.00122049560014
5.92256848934e-09	-0.00134525421163
5.92666148761e-09	-0.000938682125707
5.93075448587e-09	-9.76808860287e-05
5.93484748414e-09	0.000985988343018
5.9389404824e-09	0.00206927942054
5.94303348067e-09	0.00291106163058
5.94712647893e-09	0.00332352338592
5.9512194772e-09	0.00321108498611
5.95531247546e-09	0.00258901659981
5.95940547373e-09	0.00157838384621
5.96349847199e-09	0.000378986140277
5.96759147026e-09	-0.000773548104917
5.97168446852e-09	-0.00165722097154
5.97577746679e-09	-0.00210930455069
5.97987046505e-09	-0.00205883993476
5.98396346332e-09	-0.00153962388868
5.98805646158e-09	-0.000681473982695
5.99214945985e-09	0.000317932257531
5.99624245811e-09	0.00123446353246
6.00033545638e-09	0.00186348614807
6.00442845464e-09	0.00206097889168
6.00852145291e-09	0.00177167468064
6.01261445117e-09	0.00103893178311
6.01670744944e-09	-5.14471753377e-06
6.0208004477e-09	-0.0011668178704
6.02489344597e-09	-0.00222923456749
6.02898644423e-09	-0.00299444724806
6.0330794425e-09	-0.00332066972624
6.03717244076e-09	-0.0031477806333
6.04126543903e-09	-0.00250667551882
6.04535843729e-09	-0.0015114012931
6.04945143556e-09	-0.000336379807777
6.05354443382e-09	0.000816265433969
6.05763743209e-09	0.00175274425419
6.06173043035e-09	0.00232030109328
6.06582342861e-09	0.00243102414242
6.06991642688e-09	0.0020733132842
6.07400942514e-09	0.00131011802296
6.07810242341e-09	0.000265506330834
6.08219542167e-09	-0.000897046193131
6.08628841994e-09	-0.00200031571148
6.0903814182e-09	-0.00287858875527
6.09447441647e-09	-0.00339897154481
6.09856741473e-09	-0.00347649067407
6.102660413e-09	-0.00308210303774
6.10675341126e-09	-0.00224391929805
6.11084640953e-09	-0.00104265875416
6.11493940779e-09	0.000397392825107
6.11903240606e-09	0.00192075791711
6.12312540432e-09	0.00335565340356
6.12721840259e-09	0.00453076863778
6.13131140085e-09	0.00529328847188
6.13540439912e-09	0.00552717910614
6.13949739738e-09	0.00517019449035
6.14359039565e-09	0.00422736431938
6.14768339391e-09	0.00277833202563
6.15177639218e-09	0.000975991955784
6.15586939044e-09	-0.000965378894762
6.15996238871e-09	-0.00279289910395
6.16405538697e-09	-0.00424723158358
6.16814838524e-09	-0.00510044346447
6.1722413835e-09	-0.00519411335699
6.17633438177e-09	-0.00447114201961
6.18042738003e-09	-0.00299484969582
6.1845203783e-09	-0.000950261710386
6.18861337656e-09	0.0013748630081
6.19270637483e-09	0.00362824517651
6.19679937309e-09	0.00544581038412
6.20089237136e-09	0.00651097780792
6.20498536962e-09	0.00661050021881
6.20907836789e-09	0.00567654741462
6.21317136615e-09	0.00380638678325
6.21726436442e-09	0.00125454457157
6.22135736268e-09	-0.00160296740069
6.22545036095e-09	-0.00432754380745
6.22954335921e-09	-0.00649055262329
6.23363635748e-09	-0.00774704309879
6.23772935574e-09	-0.00789721822366
6.24182235401e-09	-0.00692400243133
6.24591535227e-09	-0.00499897668487
6.25000835054e-09	-0.00245467221248
6.2541013488e-09	0.000272518827842
6.25819434707e-09	0.00271894776961
6.26228734533e-09	0.00447602334316
6.2663803436e-09	0.00526305296808
6.27047334186e-09	0.00497698347317
6.27456634013e-09	0.0037096220185
6.27865933839e-09	0.00172896601725
6.28275233666e-09	-0.000571965694689
6.28684533492e-09	-0.00274914424517
6.29093833319e-09	-0.0043903577025
6.29503133145e-09	-0.00519113978953
6.29912432972e-09	-0.00500944149098
6.30321732798e-09	-0.00388875926728
6.30731032625e-09	-0.00204561273858
6.31140332451e-09	0.00017581744396
6.31549632278e-09	0.00237268854107
6.31958932104e-09	0.004162383324
6.32368231931e-09	0.00525571018807
6.32777531757e-09	0.00551005921443
6.33186831583e-09	0.00495224542101
6.3359613141e-09	0.00376691107522
6.34005431236e-09	0.00225331480033
6.34414731063e-09	0.000759650218242
6.34824030889e-09	-0.000391448931623
6.35233330716e-09	-0.00097080264095
6.35642630542e-09	-0.000889995528269
6.36051930369e-09	-0.000218394266994
6.36461230195e-09	0.000833607256936
6.36870530022e-09	0.00196161509666
6.37279829848e-09	0.00283472389856
6.37689129675e-09	0.0031693581841
6.38098429501e-09	0.002793973792
6.38507729328e-09	0.00169089995325
6.38917029154e-09	6.19281877334e-06
6.39326328981e-09	-0.00197510798171
6.39735628807e-09	-0.00388380105142
6.40144928634e-09	-0.00534064622479
6.4055422846e-09	-0.00603494525421
6.40963528287e-09	-0.00579160224879
6.41372828113e-09	-0.004612743709
6.4178212794e-09	-0.00268493089243
6.42191427766e-09	-0.000349705411281
6.42600727593e-09	0.00195747868565
6.43010027419e-09	0.00378863018705
6.43419327246e-09	0.00476944426191
6.43828627072e-09	0.00467374903383
6.44237926899e-09	0.0034716524824
6.44647226725e-09	0.00134175358835
6.45056526552e-09	-0.00135547119135
6.45465826378e-09	-0.00413865692099
6.45875126205e-09	-0.0064900071593
6.46284426031e-09	-0.00794785487233
6.46693725858e-09	-0.00819043949014
6.47103025684e-09	-0.00709563307464
6.47512325511e-09	-0.00476579763927
6.47921625337e-09	-0.00151330116205
6.48330925164e-09	0.00219055671187
6.4874022499e-09	0.00579394237138
6.49149524817e-09	0.00875617784914
6.49558824643e-09	0.0106365729007
6.4996812447e-09	0.0111650860636
6.50377424296e-09	0.0102830589749
6.50786724123e-09	0.00814784452086
6.51196023949e-09	0.00510168963228
6.51605323776e-09	0.0016113956226
6.52014623602e-09	-0.00180998844735
6.52423923429e-09	-0.00468553727842
6.52833223255e-09	-0.00664699013578
6.53242523082e-09	-0.00748601171654
6.53651822908e-09	-0.00717700907262
6.54061122735e-09	-0.00586951730656
6.54470422561e-09	-0.00385341927176
6.54879722388e-09	-0.0015045220207
6.55289022214e-09	0.000779305839387
6.55698322041e-09	0.00264061917551
6.56107621867e-09	0.00381379647297
6.56516921694e-09	0.00415830788552
6.5692622152e-09	0.00367040644051
6.57335521347e-09	0.00247353303712
6.57744821173e-09	0.000790920137661
6.58154121e-09	-0.00109379475907
6.58563420826e-09	-0.00288103117782
6.58972720653e-09	-0.00429800883285
6.59382020479e-09	-0.0051341362705
6.59791320305e-09	-0.0052651798178
6.60200620132e-09	-0.00466435679118
6.60609919958e-09	-0.00340046483325
6.61019219785e-09	-0.0016247088497
6.61428519611e-09	0.00045107429105
6.61837819438e-09	0.00258159008808
6.62247119264e-09	0.0045173727558
6.62656419091e-09	0.00603315449553
6.63065718917e-09	0.00695268873824
6.63475018744e-09	0.00716788542923
6.6388431857e-09	0.00665056193247
6.64293618397e-09	0.00545569037786
6.64702918223e-09	0.00371558152256
6.6511221805e-09	0.00162529252702
6.65521517876e-09	-0.000579701445531
6.65930817703e-09	-0.002651459552
6.66340117529e-09	-0.00436005750089
6.66749417356e-09	-0.00552285241429
6.67158717182e-09	-0.00602852576412
6.67568017009e-09	-0.00585216819309
6.67977316835e-09	-0.00505862935097
6.68386616662e-09	-0.00379301956855
6.68795916488e-09	-0.0022592079622
6.69205216315e-09	-0.000689155094733
6.69614516141e-09	0.000692321245879
6.70023815968e-09	0.00170173263177
6.70433115794e-09	0.00222437545017
6.70842415621e-09	0.00223035445379
6.71251715447e-09	0.00177635072032
6.71661015274e-09	0.000992789726297
6.720703151e-09	5.87082438415e-05
6.72479614927e-09	-0.000831121629744
6.72888914753e-09	-0.0015008404298
6.7329821458e-09	-0.00182363693602
6.73707514406e-09	-0.00174196485023
6.74116814233e-09	-0.00127437455376
6.74526114059e-09	-0.000508097611601
6.74935413886e-09	0.000420728520112
6.75344713712e-09	0.00135498834425
6.75754013539e-09	0.00214696755575
6.76163313365e-09	0.00268515585049
6.76572613192e-09	0.00291234829638
6.76981913018e-09	0.00283182079147
6.77391212845e-09	0.00250090027112
6.77800512671e-09	0.00201387646666
6.78209812498e-09	0.00147836820543
6.78619112324e-09	0.000990543005173
6.79028412151e-09	0.000614692056843
6.79437711977e-09	0.00037157774932
6.79847011804e-09	0.00023795524794
6.8025631163e-09	0.000157104202117
6.80665611457e-09	5.76842379587e-05
6.81074911283e-09	-0.000123707437979
6.8148421111e-09	-0.000421800594268
6.81893510936e-09	-0.000828947100672
6.82302810763e-09	-0.00129213892797
6.82712110589e-09	-0.00172202011163
6.83121410416e-09	-0.0020123806753
6.83530710242e-09	-0.00206606896245
6.83940010069e-09	-0.00182154387585
6.84349309895e-09	-0.00127378806064
6.84758609722e-09	-0.000484188680275
6.85167909548e-09	0.000423848352511
6.85577209375e-09	0.00128378904628
6.85986509201e-09	0.00191642608843
6.86395809027e-09	0.00216622959124
6.86805108854e-09	0.00193626692635
6.8721440868e-09	0.00121420616051
6.87623708507e-09	8.33164608594e-05
6.88033008333e-09	-0.00128488941118
6.8844230816e-09	-0.00265615647368
6.88851607986e-09	-0.00377323647263
6.89260907813e-09	-0.00440292965504
6.89670207639e-09	-0.00438168327673
6.90079507466e-09	-0.0036508688645
6.90488807292e-09	-0.00227447894576
6.90898107119e-09	-0.000435017496784
6.91307406945e-09	0.00159260779037
6.91716706772e-09	0.00348527528695
6.92126006598e-09	0.00492646876955
6.92535306425e-09	0.00566207800875
6.92944606251e-09	0.00554707989795
6.93353906078e-09	0.00457440019818
6.93763205904e-09	0.0028803251771
6.94172505731e-09	0.000724965510017
6.94581805557e-09	-0.00154924078379
6.94991105384e-09	-0.00357399400673
6.9540040521e-09	-0.00501685260679
6.95809705037e-09	-0.00563743326347
6.96219004863e-09	-0.00532825198025
6.9662830469e-09	-0.00413306729752
6.97037604516e-09	-0.00223956123227
6.97446904343e-09	5.22926868598e-05
6.97856204169e-09	0.00238056659873
6.98265503996e-09	0.0043815918616
6.98674803822e-09	0.00574963784311
6.99084103649e-09	0.0062859064783
6.99493403475e-09	0.00592873862479
6.99902703302e-09	0.00476032993174
7.00312003128e-09	0.00298946831026
7.00721302955e-09	0.000913846182812
7.01130602781e-09	-0.00113110012171
7.01539902608e-09	-0.00282785794116
7.01949202434e-09	-0.00392760446994
7.02358502261e-09	-0.00428787025157
7.02767802087e-09	-0.00389145751251
7.03177101914e-09	-0.00284429846215
7.0358640174e-09	-0.00135355462407
7.03995701567e-09	0.00030962470737
7.04405001393e-09	0.00185593236529
7.0481430122e-09	0.00302457713406
7.05223601046e-09	0.00362334059901
7.05632900873e-09	0.00355602955096
7.06042200699e-09	0.00283367419615
7.06451500526e-09	0.00156862263975
7.06860800352e-09	-4.66137171315e-05
7.07270100179e-09	-0.00177165697096
7.07679400005e-09	-0.00335611932678
7.08088699832e-09	-0.00457697786624
7.08497999658e-09	-0.00526990566868
7.08907299485e-09	-0.00535028098966
7.09316599311e-09	-0.00482145691058
7.09725899138e-09	-0.00376990862424
7.10135198964e-09	-0.00234884297242
7.10544498791e-09	-0.000753381045797
7.10953798617e-09	0.000808607714134
7.11363098444e-09	0.00214565660281
7.1177239827e-09	0.00310780791915
7.12181698096e-09	0.00360453035682
7.12590997923e-09	0.0036135042028
7.13000297749e-09	0.00317967531737
7.13409597576e-09	0.00240531310556
7.13818897402e-09	0.00143291750283
7.14228197229e-09	0.000423587298428
7.14637497055e-09	-0.000466073026473
7.15046796882e-09	-0.00110540502646
7.15456096708e-09	-0.00140674870636
7.15865396535e-09	-0.00133597913373
7.16274696361e-09	-0.00091530905047
7.16683996188e-09	-0.000218181585296
7.17093296014e-09	0.000642867136776
7.17502595841e-09	0.00153354553913
7.17911895667e-09	0.00231779941532
7.18321195494e-09	0.00287754416058
7.1873049532e-09	0.00312927804771
7.19139795147e-09	0.00303518539295
7.19549094973e-09	0.00260720755614
7.199583948e-09	0.00190360720444
7.20367694626e-09	0.00101875036489
7.20776994453e-09	6.78696228533e-05
7.21186294279e-09	-0.00083066784282
7.21595594106e-09	-0.0015727380669
7.22004893932e-09	-0.00208278285572
7.22414193759e-09	-0.00232296879403
7.22823493585e-09	-0.00229600290186
7.23232793412e-09	-0.00204152794322
7.23642093238e-09	-0.00162710645236
7.24051393065e-09	-0.00113562949264
7.24460692891e-09	-0.00065147695932
7.24869992718e-09	-0.000247813897658
7.25279292544e-09	2.29891260801e-05
7.25688592371e-09	0.000134534117024
7.26097892197e-09	8.68025267664e-05
7.26507192024e-09	-9.76643800641e-05
7.2691649185e-09	-0.000380521547413
7.27325791677e-09	-0.000715602807759
7.27735091503e-09	-0.00105638991226
7.2814439133e-09	-0.00136156322696
7.28553691156e-09	-0.00159786621225
7.28962990983e-09	-0.00174029672053
7.29372290809e-09	-0.00177038590482
7.29781590636e-09	-0.00167381030042
7.30190890462e-09	-0.00143874390778
7.30600190289e-09	-0.00105610478204
7.31009490115e-09	-0.000522241032741
7.31418789942e-09	0.00015623879699
7.31828089768e-09	0.000956625786785
7.32237389595e-09	0.00183504031156
7.32646689421e-09	0.00272414745996
7.33055989248e-09	0.00353539767093
7.33465289074e-09	0.00416674342705
7.33874588901e-09	0.00451563618844
7.34283888727e-09	0.00449578205007
7.34693188554e-09	0.00405497735483
7.3510248838e-09	0.00319058116293
7.35511788207e-09	0.00195909313334
7.35921088033e-09	0.000476936831546
7.3633038786e-09	-0.00108909906703
7.36739687686e-09	-0.00254153461719
7.37148987513e-09	-0.0036797747016
7.37558287339e-09	-0.00433160873945
7.37967587166e-09	-0.00438349242904
7.38376886992e-09	-0.00380416362896
7.38786186818e-09	-0.00265681248857
7.39195486645e-09	-0.00109663125477
7.39604786471e-09	0.000647092048894
7.40014086298e-09	0.00230255367933
7.40423386124e-09	0.00359635162749
7.40832685951e-09	0.00429748537135
7.41241985777e-09	0.00425723876106
7.41651285604e-09	0.00343798234826
7.4206058543e-09	0.00192539260024
7.42469885257e-09	-7.88633442426e-05
7.42879185083e-09	-0.00228379898181
7.4328848491e-09	-0.00435164239025
7.43697784736e-09	-0.00594990345417
7.44107084563e-09	-0.0068047392997
7.44516384389e-09	-0.00674685230479
7.44925684216e-09	-0.00574206502642
7.45334984042e-09	-0.00390101937228
7.45744283869e-09	-0.00146580592263
7.46153583695e-09	0.00122490998911
7.46562883522e-09	0.00378704443574
7.46972183348e-09	0.00585048366338
7.47381483175e-09	0.00711714447243
7.47790783001e-09	0.00740822730586
7.48200082828e-09	0.00669284013566
7.48609382654e-09	0.00509316977696
7.49018682481e-09	0.00286524553667
7.49427982307e-09	0.000358343040716
7.49837282134e-09	-0.0020404188399
7.5024658196e-09	-0.0039672764542
7.50655881787e-09	-0.00513886121917
7.51065181613e-09	-0.00539588456741
7.5147448144e-09	-0.00472648596042
7.51883781266e-09	-0.00326563129784
7.52293081093e-09	-0.00127094411437
7.52702380919e-09	0.000920786915231
7.53111680746e-09	0.00294908897195
7.53520980572e-09	0.00448802360916
7.53930280399e-09	0.00529757945333
7.54339580225e-09	0.00525995265343
7.54748880052e-09	0.00439508634736
7.55158179878e-09	0.00285338649701
7.55567479705e-09	0.00088736408361
7.55976779531e-09	-0.00119252911827
7.56386079358e-09	-0.00307006252115
7.56795379184e-09	-0.00447444539168
7.57204679011e-09	-0.00522202684078
7.57613978837e-09	-0.00524179398781
7.58023278664e-09	-0.00458093700581
7.5843257849e-09	-0.00339031472686
7.58841878317e-09	-0.00189314033196
7.59251178143e-09	-0.000343029196301
7.5966047797e-09	0.00102083384263
7.60069777796e-09	0.00201340172498
7.60479077623e-09	0.00253156390681
7.60888377449e-09	0.00256565505697
7.61297677276e-09	0.00219340178592
7.61706977102e-09	0.00155824882677
7.62116276929e-09	0.000836809987959
7.62525576755e-09	0.000202029462343
7.62934876582e-09	-0.000210815062928
7.63344176408e-09	-0.000328923712004
7.63753476235e-09	-0.000153174982188
7.64162776061e-09	0.000245993483986
7.64572075888e-09	0.00074673416384
7.64981375714e-09	0.00120399308798
7.6539067554e-09	0.00148192736378
7.65799975367e-09	0.00148395956785
7.66209275193e-09	0.00117442428018
7.6661857502e-09	0.000587473539781
7.67027874846e-09	-0.000178548345502
7.67437174673e-09	-0.000980156648438
7.67846474499e-09	-0.0016574395122
7.68255774326e-09	-0.00206672080094
7.68665074152e-09	-0.00211063008464
7.69074373979e-09	-0.00175949683762
7.69483673805e-09	-0.00105965702096
7.69892973632e-09	-0.000126798481688
7.70302273458e-09	0.000874586243299
7.70711573285e-09	0.00176180135168
7.71120873111e-09	0.00236873593531
7.71530172938e-09	0.00257808745664
7.71939472764e-09	0.00234468805138
7.72348772591e-09	0.00170527402952
7.72758072417e-09	0.000772636260081
7.73167372244e-09	-0.000284887568341
7.7357667207e-09	-0.00127475946647
7.73985971897e-09	-0.00201648217626
7.74395271723e-09	-0.0023758176394
7.7480457155e-09	-0.002290415272
7.75213871376e-09	-0.00178190028237
7.75623171203e-09	-0.000952046502789
7.76032471029e-09	3.62894985528e-05
7.76441770856e-09	0.00098987788806
7.76851070682e-09	0.00172166120319
7.77260370509e-09	0.00208620463673
7.77669670335e-09	0.00200731353834
7.78078970162e-09	0.00149258055171
7.78488269988e-09	0.000632114089967
7.78897569815e-09	-0.000418301406171
7.79306869641e-09	-0.00146639213926
7.79716169468e-09	-0.00231937928766
7.80125469294e-09	-0.00281992905366
7.80534769121e-09	-0.00287526255124
7.80944068947e-09	-0.0024739724031
7.81353368774e-09	-0.00168742182723
7.817626686e-09	-0.000655599436868
7.82171968427e-09	0.000439757408458
7.82581268253e-09	0.00140956469841
7.8299056808e-09	0.00209270017513
7.83399867906e-09	0.00238552426163
7.83809167733e-09	0.00226009788457
7.84218467559e-09	0.001767802416
7.84627767386e-09	0.00102792088001
7.85037067212e-09	0.000203587391297
7.85446367039e-09	-0.000530101009645
7.85855666865e-09	-0.00101964957867
7.86264966692e-09	-0.00116204524238
7.86674266518e-09	-0.000923608538869
7.87083566345e-09	-0.000345494345311
7.87492866171e-09	0.000464873875899
7.87902165998e-09	0.00135450436937
7.88311465824e-09	0.0021535486012
7.88720765651e-09	0.002706528001
7.89130065477e-09	0.0029002889205
7.89539365304e-09	0.00268370535923
7.8994866513e-09	0.00207582605071
7.90357964957e-09	0.00116140614409
7.90767264783e-09	7.50744204652e-05
7.91176564609e-09	-0.00102261804568
7.91585864436e-09	-0.00197272532387
7.91995164262e-09	-0.00264404913469
7.92404464089e-09	-0.00295344332699
7.92813763915e-09	-0.00287710256816
7.93223063742e-09	-0.00245143652137
7.93632363568e-09	-0.00176401609497
7.94041663395e-09	-0.000936783180805
7.94450963221e-09	-0.000104874494355
7.94860263048e-09	0.000605115546932
7.95269562874e-09	0.00109384157258
7.95678862701e-09	0.00130213989905
7.96088162527e-09	0.00121670973022
7.96497462354e-09	0.000868434864969
7.9690676218e-09	0.000324444488797
7.97316062007e-09	-0.000324121294398
7.97725361833e-09	-0.00097627419018
7.9813466166e-09	-0.00153500115266
7.98543961486e-09	-0.00191895576427
7.98953261313e-09	-0.00207090970071
7.99362561139e-09	-0.00196254928596
7.99771860966e-09	-0.00159578961029
8.00181160792e-09	-0.00100113506778
8.00590460619e-09	-0.000233727681916
8.00999760445e-09	0.000632345305348
8.01409060272e-09	0.0015110673703
8.01818360098e-09	0.00231251781224
8.02227659925e-09	0.00295159351663
8.02636959751e-09	0.00335695876856
8.03046259578e-09	0.00347949165734
8.03455559404e-09	0.00329922814853
8.03864859231e-09	0.00282965283259
8.04274159057e-09	0.00211823296559
8.04683458884e-09	0.00124247308122
8.0509275871e-09	0.000301346755805
8.05502058537e-09	-0.000597188500251
8.05911358363e-09	-0.00135105045047
8.0632065819e-09	-0.0018790706963
8.06729958016e-09	-0.00213368234108
8.07139257843e-09	-0.00210884249827
8.07548557669e-09	-0.00184142128273
8.07957857496e-09	-0.00140534446109
8.08367157322e-09	-0.000899087484868
8.08776457149e-09	-0.000428410156019
8.09185756975e-09	-8.72573734227e-05
8.09595056802e-09	5.96981677745e-05
8.10004356628e-09	-1.04976288071e-05
8.10413656455e-09	-0.000274217749393
8.10822956281e-09	-0.000665204792313
8.11232256108e-09	-0.00108690795605
8.11641555934e-09	-0.0014311065097
8.12050855761e-09	-0.00159938469005
8.12460155587e-09	-0.00152331478603
8.12869455414e-09	-0.00117930774286
8.1327875524e-09	-0.000595006564254
8.13688055067e-09	0.000154314530846
8.14097354893e-09	0.00095889691147
8.1450665472e-09	0.00169481159537
8.14915954546e-09	0.00224753606017
8.15325254373e-09	0.00253412616439
8.15734554199e-09	0.00251948031655
8.16143854026e-09	0.0022232834599
8.16553153852e-09	0.00171608131495
8.16962453679e-09	0.00110512477113
8.17371753505e-09	0.000512705555593
8.17781053331e-09	5.13103959747e-05
8.18190353158e-09	-0.000199369775146
8.18599652984e-09	-0.000208861729334
8.19008952811e-09	-2.34508058838e-06
8.19418252637e-09	0.000344318870702
8.19827552464e-09	0.000720064759662
8.2023685229e-09	0.00100155416294
8.20646152117e-09	0.0010789773296
8.21055451943e-09	0.000879544051713
8.2146475177e-09	0.00038392825445
8.21874051596e-09	-0.000367665361409
8.22283351423e-09	-0.00128105632029
8.22692651249e-09	-0.00222418909834
8.23101951076e-09	-0.00305062008556
8.23511250902e-09	-0.00362580092042
8.23920550729e-09	-0.00385106907925
8.24329850555e-09	-0.00368078166503
8.24739150382e-09	-0.00312947339262
8.25148450208e-09	-0.0022679764661
8.25557750035e-09	-0.00120961186622
8.25967049861e-09	-8.95054697594e-05
8.26376349688e-09	0.000958697979513
8.26785649514e-09	0.00182411594142
8.27194949341e-09	0.00243394309655
8.27604249167e-09	0.00276029472298
8.28013548994e-09	0.0028179987421
8.2842284882e-09	0.00265469192527
8.28832148647e-09	0.00233614853641
8.29241448473e-09	0.00193057721481
8.296507483e-09	0.00149557227269
8.30060048126e-09	0.00107045850018
8.30469347953e-09	0.000675226205203
8.30878647779e-09	0.00031546154969
8.31287947606e-09	-8.88425222456e-06
8.31697247432e-09	-0.000294032688544
8.32106547259e-09	-0.000525514700712
8.32515847085e-09	-0.000676453531923
8.32925146912e-09	-0.000712089393346
8.33334446738e-09	-0.000599834653258
8.33743746565e-09	-0.000322425776176
8.34153046391e-09	0.000109442653866
8.34562346218e-09	0.000648939640087
8.34971646044e-09	0.00121262433822
8.35380945871e-09	0.00168935263355
8.35790245697e-09	0.00195808222634
8.36199545524e-09	0.00191182388517
8.3660884535e-09	0.00148314244871
8.37018145177e-09	0.00066565366069
8.37427445003e-09	-0.00047381335753
8.3783674483e-09	-0.00179630141065
8.38246044656e-09	-0.00310655435896
8.38655344483e-09	-0.00418211575015
8.39064644309e-09	-0.00481130875414
8.39473944136e-09	-0.00483347068075
8.39883243962e-09	-0.00417378809652
8.40292543789e-09	-0.0028654851485
8.40701843615e-09	-0.00105406275543
8.41111143442e-09	0.00101863221789
8.41520443268e-09	0.00304897298338
8.41929743095e-09	0.00471956774709
8.42339042921e-09	0.00575268876855
8.42748342748e-09	0.00595964060631
8.43157642574e-09	0.00527690624585
8.43566942401e-09	0.00378199256375
8.43976242227e-09	0.00168535769626
8.44385542053e-09	-0.000700891665474
8.4479484188e-09	-0.00301258184481
8.45204141706e-09	-0.00489291679696
8.45613441533e-09	-0.00605145416921
8.46022741359e-09	-0.0063122419524
8.46432041186e-09	-0.00564259334351
8.46841341012e-09	-0.00415747016086
8.47250640839e-09	-0.00209881250339
8.47659940665e-09	0.000206310931389
8.48069240492e-09	0.00240116682835
8.48478540318e-09	0.00415853760205
8.48887840145e-09	0.00523324150709
8.49297139971e-09	0.00549910910195
8.49706439798e-09	0.00496453608503
8.50115739624e-09	0.00376475183293
8.50525039451e-09	0.00213311784319
8.50934339277e-09	0.000357458991857
8.51343639104e-09	-0.00127026113478
8.5175293893e-09	-0.00250187228085
8.52162238757e-09	-0.0031703984132
8.52571538583e-09	-0.00321116525447
8.5298083841e-09	-0.00266417906096
8.53390138236e-09	-0.00165885064052
8.53799438063e-09	-0.000385201972676
8.54208737889e-09	0.00094223877386
8.54618037716e-09	0.00212084165832
8.55027337542e-09	0.00299020350212
8.55436637369e-09	0.00345181411831
8.55845937195e-09	0.00347592745675
8.56255237022e-09	0.0030961339944
8.56664536848e-09	0.00239440528094
8.57073836675e-09	0.00148084595276
8.57483136501e-09	0.000472776038805
8.57892436328e-09	-0.000522824069776
8.58301736154e-09	-0.00142082786624
8.58711035981e-09	-0.00216255045962
8.59120335807e-09	-0.00271427517873
8.59529635634e-09	-0.00306185297086
8.5993893546e-09	-0.00320406202809
8.60348235287e-09	-0.00314721625182
8.60757535113e-09	-0.00290264691284
8.6116683494e-09	-0.00248742142867
8.61576134766e-09	-0.00192738934129
8.61985434593e-09	-0.00126073213323
8.62394734419e-09	-0.000539891618246
8.62804034246e-09	0.000169921848283
8.63213334072e-09	0.000796506370534
8.63622633899e-09	0.0012703055545
8.64031933725e-09	0.00153622438665
8.64441233552e-09	0.0015650569112
8.64850533378e-09	0.00136166712036
8.65259833205e-09	0.000967508043686
8.65669133031e-09	0.000456171808764
8.66078432858e-09	-7.77946611379e-05
8.66487732684e-09	-0.00053502161245
8.66897032511e-09	-0.000829342097859
8.67306332337e-09	-0.000904010805243
8.67715632164e-09	-0.000742606247513
8.6812493199e-09	-0.00037212863208
8.68534231817e-09	0.000142592391967
8.68943531643e-09	0.000712200650014
8.6935283147e-09	0.00124112557387
8.69762131296e-09	0.00164701284666
8.70171431123e-09	0.00187705294229
8.70580730949e-09	0.00191759901645
8.70990030775e-09	0.0017948927707
8.71399330602e-09	0.00156668988348
8.71808630428e-09	0.00130665857432
8.72217930255e-09	0.00108512643783
8.72627230081e-09	0.000950691814069
8.73036529908e-09	0.000917147866858
8.73445829734e-09	0.000959058175795
8.73855129561e-09	0.00101739256206
8.74264429387e-09	0.00101429776987
8.74673729214e-09	0.000873844845046
8.7508302904e-09	0.000544012611499
8.75492328867e-09	1.45995107914e-05
8.75901628693e-09	-0.000673616097629
8.7631092852e-09	-0.00143137431587
8.76720228346e-09	-0.00213545540464
8.77129528173e-09	-0.00265283066256
8.77538827999e-09	-0.00286967233114
8.77948127826e-09	-0.00271899628569
8.78357427652e-09	-0.0022005999781
8.78766727479e-09	-0.00138822630834
8.79176027305e-09	-0.00042137561104
8.79585327132e-09	0.000517633616255
8.79994626958e-09	0.00123752249783
8.80403926785e-09	0.00157643390412
8.80813226611e-09	0.0014371038269
8.81222526438e-09	0.000811336962215
8.81631826264e-09	-0.000211879307244
8.82041126091e-09	-0.00145718870044
8.82450425917e-09	-0.00269141886383
8.82859725744e-09	-0.00366503314581
8.8326902557e-09	-0.00415885652183
8.83678325397e-09	-0.0040271023754
8.84087625223e-09	-0.00322815412073
8.8449692505e-09	-0.00183674202708
8.84906224876e-09	-3.46058909599e-05
8.85315524703e-09	0.00191907056433
8.85724824529e-09	0.00373223554925
8.86134124356e-09	0.00513129492174
8.86543424182e-09	0.00590952549828
8.86952724009e-09	0.00596338364994
8.87362023835e-09	0.00530980582698
8.87771323662e-09	0.00408124629757
8.88180623488e-09	0.00249953959428
8.88589923315e-09	0.000833783764392
8.88999223141e-09	-0.000649524987239
8.89408522968e-09	-0.00173442569212
8.89817822794e-09	-0.00229232250422
8.90227122621e-09	-0.00230089091929
8.90636422447e-09	-0.00184191414155
8.91045722274e-09	-0.00107914237742
8.914550221e-09	-0.000221214734665
8.91864321927e-09	0.000522438305779
8.92273621753e-09	0.000983620258921
8.9268292158e-09	0.00106693156704
8.93092221406e-09	0.000764878677728
8.93501521233e-09	0.000154120092702
8.93910821059e-09	-0.000625567045063
8.94320120886e-09	-0.00140446422301
8.94729420712e-09	-0.00202074248227
8.95138720539e-09	-0.00235472763597
8.95548020365e-09	-0.00235241683549
8.95957320192e-09	-0.0020335988811
8.96366620018e-09	-0.00148342260218
8.96775919844e-09	-0.000829883516417
8.97185219671e-09	-0.000212698673749
8.97594519497e-09	0.000249219141551
8.98003819324e-09	0.000484328229504
8.9841311915e-09	0.000483194507979
8.98822418977e-09	0.000298291051877
8.99231718803e-09	2.91600210574e-05
8.9964101863e-09	-0.000203468647669
9.00050318456e-09	-0.000288526571239
9.00459618283e-09	-0.000153236779624
9.00868918109e-09	0.000217155942664
9.01278217936e-09	0.000773235504312
9.01687517762e-09	0.00141047368379
9.02096817589e-09	0.00199168200197
9.02506117415e-09	0.00237796321744
9.02915417242e-09	0.0024612579582
9.03324717068e-09	0.00219109439058
9.03734016895e-09	0.0015892930096
9.04143316721e-09	0.000748925001972
9.04552616548e-09	-0.000182730163942
9.04961916374e-09	-0.00103392027086
9.05371216201e-09	-0.0016446482332
9.05780516027e-09	-0.00190159110934
9.06189815854e-09	-0.00176398959593
9.0659911568e-09	-0.0012745579661
9.07008415507e-09	-0.000552584639081
9.07417715333e-09	0.000229815426792
9.0782701516e-09	0.000883647306182
9.08236314986e-09	0.0012437858968
9.08645614813e-09	0.00120591037557
9.09054914639e-09	0.000751600538933
9.09464214466e-09	-4.41074328137e-05
9.09873514292e-09	-0.00102484629315
9.10282814119e-09	-0.00198275060393
9.10692113945e-09	-0.00270026615181
9.11101413772e-09	-0.00299556495156
9.11510713598e-09	-0.00276225499692
9.11920013425e-09	-0.00199503205658
9.12329313251e-09	-0.000795615997049
9.12738613078e-09	0.000642795337626
9.13147912904e-09	0.00207000448427
9.13557212731e-09	0.00322581030196
9.13966512557e-09	0.00389047991484
9.14375812384e-09	0.00392881769221
9.1478511221e-09	0.00331903420738
9.15194412037e-09	0.00216047604044
9.15603711863e-09	0.000658305238176
9.1601301169e-09	-0.000912329487619
9.16422311516e-09	-0.00225612525537
9.16831611343e-09	-0.00311222713208
9.17240911169e-09	-0.00330339797074
9.17650210996e-09	-0.00277054785693
9.18059510822e-09	-0.00158612732776
9.18468810649e-09	5.61595782074e-05
9.18878110475e-09	0.0018735237245
9.19287410302e-09	0.00354231320671
9.19696710128e-09	0.00475365165039
9.20106009955e-09	0.00526664464269
9.20515309781e-09	0.00494991365122
9.20924609608e-09	0.00380447990028
9.21333909434e-09	0.00196445456822
9.21743209261e-09	-0.000324049600749
9.22152509087e-09	-0.0027417071251
9.22561808914e-09	-0.00494557915954
9.2297110874e-09	-0.00662118394393
9.23380408566e-09	-0.00752872863086
9.23789708393e-09	-0.00753662141506
9.24199008219e-09	-0.00663786090445
9.24608308046e-09	-0.00494783156319
9.25017607872e-09	-0.00268499123922
9.25426907699e-09	-0.000138285806315
9.25836207525e-09	0.00237325752096
9.26245507352e-09	0.00454279955011
9.26654807178e-09	0.00611420208588
9.27064107005e-09	0.00691224320326
9.27473406831e-09	0.00686149514513
9.27882706658e-09	0.0059924958623
9.28292006484e-09	0.00443536249804
9.28701306311e-09	0.00240222802677
9.29110606137e-09	0.000160832448273
9.29519905964e-09	-0.00199776538648
9.2992920579e-09	-0.00379403328407
9.30338505617e-09	-0.00499388427124
9.30747805443e-09	-0.00543814405682
9.3115710527e-09	-0.00506422921899
9.31566405096e-09	-0.00391715430305
9.31975704923e-09	-0.00214780858369
9.32385004749e-09	2.38573306888e-06
9.32794304576e-09	0.00222975747602
9.33203604402e-09	0.00420710799517
9.33612904229e-09	0.00562856360921
9.34022204055e-09	0.00625477795256
9.34431503882e-09	0.00595191324828
9.34840803708e-09	0.00471787873539
9.35250103535e-09	0.00269061645668
9.35659403361e-09	0.00013555281339
9.36068703188e-09	-0.00258763441525
9.36478003014e-09	-0.0050752820971
9.36887302841e-09	-0.00694015988847
9.37296602667e-09	-0.00787287094863
9.37705902494e-09	-0.00769417494303
9.3811520232e-09	-0.00638899492333
9.38524502147e-09	-0.00411533613806
9.38933801973e-09	-0.0011853628821
9.393431018e-09	0.00197950369329
9.39752401626e-09	0.00491293647792
9.40161701453e-09	0.00717730348697
9.40571001279e-09	0.0084342926275
9.40980301106e-09	0.00850041955709
9.41389600932e-09	0.00737759424374
9.41798900759e-09	0.00525306162308
9.42208200585e-09	0.00246832297125
9.42617500412e-09	-0.000537873642315
9.43026800238e-09	-0.00330268850666
9.43436100065e-09	-0.00541582741425
9.43845399891e-09	-0.00658628152451
9.44254699718e-09	-0.00668755022343
9.44663999544e-09	-0.0057736482122
9.45073299371e-09	-0.00406351053971
9.45482599197e-09	-0.00189712934662
9.45891899024e-09	0.000328162506776
9.4630119885e-09	0.00222935003694
9.46710498677e-09	0.00350417179288
9.47119798503e-09	0.00398043700261
9.4752909833e-09	0.00363977090456
9.47938398156e-09	0.00261229251919
9.48347697983e-09	0.00114426957589
9.48756997809e-09	-0.000454135461041
9.49166297636e-09	-0.0018703868991
9.49575597462e-09	-0.00284832109173
9.49984897288e-09	-0.00323300683522
9.50394197115e-09	-0.00299368437845
9.50803496941e-09	-0.00222136119555
9.51212796768e-09	-0.00110274910548
9.51622096594e-09	0.000123158054521
9.52031396421e-09	0.00121636817494
9.52440696247e-09	0.00198432346224
9.52849996074e-09	0.00231777649606
9.532592959e-09	0.00220738757343
9.53668595727e-09	0.00173854341847
9.54077895553e-09	0.00106651141687
9.5448719538e-09	0.000378047956474
9.54896495206e-09	-0.000151783409365
9.55305795033e-09	-0.000398163479986
9.55715094859e-09	-0.000312323274557
9.56124394686e-09	7.05200247921e-05
9.56533694512e-09	0.000642233444523
9.56942994339e-09	0.00124884213437
9.57352294165e-09	0.00172722103889
9.57761593992e-09	0.00194309309882
9.58170893818e-09	0.00182191861677
9.58580193645e-09	0.00136595309596
9.58989493471e-09	0.000653866314678
9.59398793298e-09	-0.000176801430825
9.59808093124e-09	-0.000960355289862
9.60217392951e-09	-0.001539997902
9.60626692777e-09	-0.00180303699744
9.61035992604e-09	-0.00170650445216
9.6144529243e-09	-0.00128754179605
9.61854592257e-09	-0.000656207132124
9.62263892083e-09	2.78357099432e-05
9.6267319191e-09	0.000589818107983
9.63082491736e-09	0.000878196377016
9.63491791563e-09	0.000798605586169
9.63901091389e-09	0.000336128869094
9.64310391216e-09	-0.000438981163825
9.64719691042e-09	-0.00138352081558
9.65128990869e-09	-0.0023090968607
9.65538290695e-09	-0.00301976510673
9.65947590522e-09	-0.00335181478295
9.66356890348e-09	-0.00320751377149
9.66766190175e-09	-0.00257587213127
9.67175490001e-09	-0.00153618394688
9.67584789828e-09	-0.000243644741204
9.67994089654e-09	0.00109997405525
9.68403389481e-09	0.00228460239305
9.68812689307e-09	0.00313138196361
9.69221989134e-09	0.0035255321709
9.6963128896e-09	0.00343617438921
9.70040588787e-09	0.0029194689705
9.70449888613e-09	0.00210483954288
9.7085918844e-09	0.00116745693958
9.71268488266e-09	0.0002928151589
9.71677788093e-09	-0.000359355635737
9.72087087919e-09	-0.000684707167238
9.72496387746e-09	-0.000651814945741
9.72905687572e-09	-0.000304650624457
9.73314987399e-09	0.000249889417319
9.73724287225e-09	0.000866281778144
9.74133587052e-09	0.0013911594433
9.74542886878e-09	0.00169418509176
9.74952186705e-09	0.00169288470352
9.75361486531e-09	0.00136682241282
9.75770786357e-09	0.000758857324399
9.76180086184e-09	-3.60392235734e-05
9.7658938601e-09	-0.000891469673661
9.76998685837e-09	-0.00167509865423
9.77407985663e-09	-0.00227355393872
9.7781728549e-09	-0.00261181515816
9.78226585316e-09	-0.00266361523245
9.78635885143e-09	-0.00245146687666
9.79045184969e-09	-0.00203718189732
9.79454484796e-09	-0.0015056670818
9.79863784622e-09	-0.000945987230807
9.80273084449e-09	-0.00043393264059
9.80682384275e-09	-1.96240501964e-05
9.81091684102e-09	0.000277703513348
9.81500983928e-09	0.000467388665129
9.81910283755e-09	0.000578895196668
9.82319583581e-09	0.000649912599329
9.82728883408e-09	0.000714241592505
9.83138183234e-09	0.000792461891251
9.83547483061e-09	0.000887456029886
9.83956782887e-09	0.000985488535662
9.84366082714e-09	0.0010620782632
9.8477538254e-09	0.0010907316173
9.85184682367e-09	0.00105197128869
9.85593982193e-09	0.000940159035963
9.8600328202e-09	0.000766287281294
9.86412581846e-09	0.000556052404136
9.86821881673e-09	0.000343789115504
9.87231181499e-09	0.000163937645993
9.87640481326e-09	4.23409972257e-05
9.88049781152e-09	-1.0293531659e-05
9.88459080979e-09	-1.00541406312e-06
9.88868380805e-09	4.74625535389e-05
9.89277680632e-09	0.000102874090089
9.89686980458e-09	0.000132295498133
9.90096280285e-09	0.000111194084639
9.90505580111e-09	3.04218521308e-05
9.90914879938e-09	-0.000100840401046
9.91324179764e-09	-0.000257091172898
9.91733479591e-09	-0.00040311479097
9.92142779417e-09	-0.000503617102368
9.92552079244e-09	-0.000533452774107
9.9296137907e-09	-0.000485715529067
9.93370678897e-09	-0.000375358018573
9.93779978723e-09	-0.0002370320708
9.9418927855e-09	-0.0001172490729
9.94598578376e-09	-6.24405215603e-05
9.95007878203e-09	-0.000105681935565
9.95417178029e-09	-0.000255420225585
9.95826477856e-09	-0.000489332036523
9.96235777682e-09	-0.000755439650675
9.96645077509e-09	-0.000981008859526
9.97054377335e-09	-0.00108788908256
9.97463677162e-09	-0.00101125163201
9.97872976988e-09	-0.000717582523066
9.98282276815e-09	-0.000217572500333
9.98691576641e-09	0.000429667894423
9.99100876468e-09	0.00112296191946
9.99510176294e-09	0.00173562760756
9.99919476121e-09	0.00213954783976
1.00032877595e-08	0.00223213962454
1.00073807577e-08	0.00196060817689
1.0011473756e-08	0.00133801549964
1.00155667543e-08	0.000447077760327
1.00196597525e-08	-0.000570074691495
1.00237527508e-08	-0.00153506759671
1.00278457491e-08	-0.00226548073988
1.00319387473e-08	-0.0026100519317
1.00360317456e-08	-0.00247991149081
1.00401247439e-08	-0.0018693167076
1.00442177421e-08	-0.000861170767166
1.00483107404e-08	0.000384505035981
1.00524037386e-08	0.00165759809897
1.00564967369e-08	0.00273569667479
1.00605897352e-08	0.00342556615942
1.00646827334e-08	0.00360025299597
1.00687757317e-08	0.00322437903378
1.007286873e-08	0.00236230960581
1.00769617282e-08	0.001167186354
1.00810547265e-08	-0.000147438280919
1.00851477248e-08	-0.00134811084718
1.0089240723e-08	-0.00222632280202
1.00933337213e-08	-0.00263886457833
1.00974267196e-08	-0.00253562588478
1.01015197178e-08	-0.00196914139087
1.01056127161e-08	-0.00108374711999
1.01097057144e-08	-8.63003328959e-05
1.01137987126e-08	0.000795848507551
1.01178917109e-08	0.00136129872408
1.01219847092e-08	0.00147614345769
1.01260777074e-08	0.00110217659676
1.01301707057e-08	0.000305928035232
1.01342637039e-08	-0.000753497188271
1.01383567022e-08	-0.0018555214192
1.01424497005e-08	-0.00276205551927
1.01465426987e-08	-0.00326559058158
1.0150635697e-08	-0.00323178974213
1.01547286953e-08	-0.00262798320909
1.01588216935e-08	-0.00153176736785
1.01629146918e-08	-0.000117821508411
1.01670076901e-08	0.00137456852826
1.01711006883e-08	0.00268695801788
1.01751936866e-08	0.0035912427993
1.01792866849e-08	0.00393348620855
1.01833796831e-08	0.00366345595103
1.01874726814e-08	0.00284408922016
1.01915656797e-08	0.00163904577494
1.01956586779e-08	0.000280850359559
1.01997516762e-08	-0.000974102287728
1.02038446745e-08	-0.00189485301962
1.02079376727e-08	-0.00231988249288
1.0212030671e-08	-0.00218729946937
1.02161236692e-08	-0.00154545945406
1.02202166675e-08	-0.000542126832443
1.02243096658e-08	0.000605522855039
1.0228402664e-08	0.00165403538267
1.02324956623e-08	0.0023814442975
1.02365886606e-08	0.002630383824
1.02406816588e-08	0.00233826649492
1.02447746571e-08	0.00154887640383
1.02488676554e-08	0.000403386919061
1.02529606536e-08	-0.000887149377377
1.02570536519e-08	-0.00208228567499
1.02611466502e-08	-0.00295769669174
1.02652396484e-08	-0.00334697950166
1.02693326467e-08	-0.0031719020335
1.0273425645e-08	-0.00245567256934
1.02775186432e-08	-0.00131717767363
1.02816116415e-08	5.22074512901e-05
1.02857046397e-08	0.00142438502371
1.0289797638e-08	0.00257580868492
1.02938906363e-08	0.0033264553058
1.02979836345e-08	0.00356943067163
1.03020766328e-08	0.00328617394553
1.03061696311e-08	0.00254517239227
1.03102626293e-08	0.00148525519762
1.03143556276e-08	0.000287372671664
1.03184486259e-08	-0.00085933948867
1.03225416241e-08	-0.0017906864814
1.03266346224e-08	-0.00239371688804
1.03307276207e-08	-0.00262184129679
1.03348206189e-08	-0.00249678106047
1.03389136172e-08	-0.00209794596594
1.03430066155e-08	-0.00154212153575
1.03470996137e-08	-0.000957968877628
1.0351192612e-08	-0.00046048969125
1.03552856103e-08	-0.000130249597987
1.03593786085e-08	-8.92324862889e-07
1.03634716068e-08	-5.66754904412e-05
1.0367564605e-08	-0.000239746248553
1.03716576033e-08	-0.000465057248221
1.03757506016e-08	-0.000639547401079
1.03798435998e-08	-0.000681686775351
1.03839365981e-08	-0.000537714946404
1.03880295964e-08	-0.000191791372345
1.03921225946e-08	0.000331385748723
1.03962155929e-08	0.000971434943494
1.04003085912e-08	0.00164323532954
1.04044015894e-08	0.00225163095456
1.04084945877e-08	0.00270713462669
1.0412587586e-08	0.0029399569903
1.04166805842e-08	0.00291024078615
1.04207735825e-08	0.00261324137682
1.04248665808e-08	0.00207911060716
1.0428959579e-08	0.00136778961314
1.04330525773e-08	0.000560155618587
1.04371455756e-08	-0.000253073554632
1.04412385738e-08	-0.000983073856332
1.04453315721e-08	-0.00155384161917
1.04494245703e-08	-0.00191111367894
1.04535175686e-08	-0.00202840768907
1.04576105669e-08	-0.00190966657829
1.04617035651e-08	-0.00158829352586
1.04657965634e-08	-0.00112267999793
1.04698895617e-08	-0.000588636525208
1.04739825599e-08	-6.94713439771e-05
1.04780755582e-08	0.000355221192876
1.04821685565e-08	0.000620748829533
1.04862615547e-08	0.000686990733811
1.0490354553e-08	0.000545053146197
1.04944475513e-08	0.000219676998313
1.04985405495e-08	-0.000233339807892
1.05026335478e-08	-0.000734735021979
1.05067265461e-08	-0.00119360887766
1.05108195443e-08	-0.00152189392247
1.05149125426e-08	-0.0016492465802
1.05190055409e-08	-0.00153585246881
1.05230985391e-08	-0.00118077346997
1.05271915374e-08	-0.00062406098732
1.05312845356e-08	5.8167962834e-05
1.05353775339e-08	0.000765258977481
1.05394705322e-08	0.00138847721246
1.05435635304e-08	0.00182968869922
1.05476565287e-08	0.00201897295483
1.0551749527e-08	0.00192786724074
1.05558425252e-08	0.00157557969214
1.05599355235e-08	0.00102671396598
1.05640285218e-08	0.000380576717362
1.056812152e-08	-0.000246246929237
1.05722145183e-08	-0.000740977124224
1.05763075166e-08	-0.00101549147075
1.05804005148e-08	-0.00102296371915
1.05844935131e-08	-0.000766991994169
1.05885865114e-08	-0.000301288937408
1.05926795096e-08	0.000280200034467
1.05967725079e-08	0.00086099156033
1.06008655061e-08	0.00132423880859
1.06049585044e-08	0.00157510036661
1.06090515027e-08	0.00155892255134
1.06131445009e-08	0.0012716257188
1.06172374992e-08	0.000760219118092
1.06213304975e-08	0.000113313775728
1.06254234957e-08	-0.000556476843485
1.0629516494e-08	-0.00113471807708
1.06336094923e-08	-0.00152744322986
1.06377024905e-08	-0.00167905910348
1.06417954888e-08	-0.00158227008069
1.06458884871e-08	-0.00127804939984
1.06499814853e-08	-0.000845727270644
1.06540744836e-08	-0.000385297898902
1.06581674819e-08	4.34561775364e-06
1.06622604801e-08	0.000246691623033
1.06663534784e-08	0.000303948887449
1.06704464767e-08	0.000185002568287
1.06745394749e-08	-5.67266531561e-05
1.06786324732e-08	-0.000335138829541
1.06827254714e-08	-0.000550611417566
1.06868184697e-08	-0.000612494670349
1.0690911468e-08	-0.000460247185401
1.06950044662e-08	-7.87377405231e-05
1.06990974645e-08	0.000495606178447
1.07031904628e-08	0.00117928046529
1.0707283461e-08	0.00185612402856
1.07113764593e-08	0.00239893537946
1.07154694576e-08	0.00269404318533
1.07195624558e-08	0.00266394016217
1.07236554541e-08	0.00228344633069
1.07277484524e-08	0.00158614083193
1.07318414506e-08	0.000659726865706
1.07359344489e-08	-0.000368800319848
1.07400274472e-08	-0.00135528550163
1.07441204454e-08	-0.00216353617725
1.07482134437e-08	-0.00268858917116
1.0752306442e-08	-0.0028737209941
1.07563994402e-08	-0.00271812708525
1.07604924385e-08	-0.00227409880608
1.07645854367e-08	-0.00163463021454
1.0768678435e-08	-0.000914242584258
1.07727714333e-08	-0.00022703558534
1.07768644315e-08	0.000333632271577
1.07809574298e-08	0.000709957828803
1.07850504281e-08	0.000886440837348
1.07891434263e-08	0.00088775344193
1.07932364246e-08	0.000768763537053
1.07973294229e-08	0.000599304847128
1.08014224211e-08	0.000447243677627
1.08055154194e-08	0.00036353633368
1.08096084177e-08	0.000372331505787
1.08137014159e-08	0.000467928693979
1.08177944142e-08	0.000618826521531
1.08218874125e-08	0.000777514560468
1.08259804107e-08	0.000893453223398
1.0830073409e-08	0.000926086744585
1.08341664072e-08	0.000854859368701
1.08382594055e-08	0.000683989943354
1.08423524038e-08	0.000441039926955
1.0846445402e-08	0.000169783384081
1.08505384003e-08	-8.07942774372e-05
1.08546313986e-08	-0.000268653664534
1.08587243968e-08	-0.000369047920685
1.08628173951e-08	-0.000380529463655
1.08669103934e-08	-0.000325122193317
1.08710033916e-08	-0.000242541844273
1.08750963899e-08	-0.000179759366802
1.08791893882e-08	-0.00017833444781
1.08832823864e-08	-0.000262539908363
1.08873753847e-08	-0.000431196593127
1.0891468383e-08	-0.000655353131151
1.08955613812e-08	-0.000882658292539
1.08996543795e-08	-0.00104776712396
1.09037473778e-08	-0.00108672145143
1.0907840376e-08	-0.000952264490479
1.09119333743e-08	-0.000626714376267
1.09160263725e-08	-0.000129422181089
1.09201193708e-08	0.000483101750433
1.09242123691e-08	0.00112481661927
1.09283053673e-08	0.00169433242991
1.09323983656e-08	0.00209304553573
1.09364913639e-08	0.00224374821119
1.09405843621e-08	0.00210603137384
1.09446773604e-08	0.00168537144782
1.09487703587e-08	0.0010339726141
1.09528633569e-08	0.000243035574385
1.09569563552e-08	-0.000572212884435
1.09610493535e-08	-0.00129200961965
1.09651423517e-08	-0.00181246748252
1.096923535e-08	-0.002063138425
1.09733283483e-08	-0.00201852151076
1.09774213465e-08	-0.00170148701
1.09815143448e-08	-0.00117812545068
1.09856073431e-08	-0.000545134560525
1.09897003413e-08	8.77767211023e-05
1.09937933396e-08	0.000617137218796
1.09978863378e-08	0.000963078578934
1.10019793361e-08	0.00108176196227
1.10060723344e-08	0.000970859873632
1.10101653326e-08	0.000667468575557
1.10142583309e-08	0.00023925514688
1.10183513292e-08	-0.000229144316108
1.10224443274e-08	-0.00065170345988
1.10265373257e-08	-0.00095561404305
1.1030630324e-08	-0.00109237651486
1.10347233222e-08	-0.00104370102054
1.10388163205e-08	-0.000821668530989
1.10429093188e-08	-0.000463731164928
1.1047002317e-08	-2.40395544324e-05
1.10510953153e-08	0.000436891124991
1.10551883136e-08	0.00086209494475
1.10592813118e-08	0.00120593231986
1.10633743101e-08	0.00143869203021
1.10674673084e-08	0.0015477737179
1.10715603066e-08	0.00153593091818
1.10756533049e-08	0.0014175759643
1.10797463031e-08	0.00121435126493
1.10838393014e-08	0.000951058711507
1.10879322997e-08	0.000652686019748
1.10920252979e-08	0.000342775712852
1.10961182962e-08	4.29073013493e-05
1.11002112945e-08	-0.000227256010476
1.11043042927e-08	-0.000450013452792
1.1108397291e-08	-0.000610298204265
1.11124902893e-08	-0.000697191200743
1.11165832875e-08	-0.000706082555553
1.11206762858e-08	-0.000640911977825
1.11247692841e-08	-0.000515693511261
1.11288622823e-08	-0.000354532936399
1.11329552806e-08	-0.000189585548469
1.11370482789e-08	-5.68455611756e-05
1.11411412771e-08	9.79332072149e-06
1.11452342754e-08	-1.47598758815e-05
1.11493272736e-08	-0.000140655315136
1.11534202719e-08	-0.000358944509571
1.11575132702e-08	-0.000640585614747
1.11616062684e-08	-0.000939266050409
1.11656992667e-08	-0.00119796506624
1.1169792265e-08	-0.00135838198185
1.11738852632e-08	-0.00137166996137
1.11779782615e-08	-0.00120848790539
1.11820712598e-08	-0.000866357084305
1.1186164258e-08	-0.000372689855794
1.11902572563e-08	0.000217409987272
1.11943502546e-08	0.00082851685147
1.11984432528e-08	0.00137635917054
1.12025362511e-08	0.00178150422289
1.12066292494e-08	0.00198286025261
1.12107222476e-08	0.0019485510129
1.12148152459e-08	0.00168214111181
1.12189082442e-08	0.00122300368821
1.12230012424e-08	0.000640649817797
1.12270942407e-08	2.39387132979e-05
1.12311872389e-08	-0.00053302474771
1.12352802372e-08	-0.000945903535467
1.12393732355e-08	-0.00115352302964
1.12434662337e-08	-0.00112743480713
1.1247559232e-08	-0.000876126701769
1.12516522303e-08	-0.000443287681264
1.12557452285e-08	9.94710903797e-05
1.12598382268e-08	0.000664129707729
1.12639312251e-08	0.00116006999451
1.12680242233e-08	0.00150795889203
1.12721172216e-08	0.00165156611183
1.12762102199e-08	0.00156579040049
1.12803032181e-08	0.00125981446035
1.12843962164e-08	0.000775118824095
1.12884892147e-08	0.000178832281563
1.12925822129e-08	-0.000446440055384
1.12966752112e-08	-0.00101474322582
1.13007682095e-08	-0.00144909336086
1.13048612077e-08	-0.00169229974563
1.1308954206e-08	-0.00171487577609
1.13130472042e-08	-0.00151905883104
1.13171402025e-08	-0.00113849282934
1.13212332008e-08	-0.000633667401416
1.1325326199e-08	-8.37081965983e-05
1.13294191973e-08	0.000424481917435
1.13335121956e-08	0.000808407261502
1.13376051938e-08	0.00100198806467
1.13416981921e-08	0.000965851708315
1.13457911904e-08	0.000694488655427
1.13498841886e-08	0.000219127594391
1.13539771869e-08	-0.000394383434468
1.13580701852e-08	-0.00105281298602
1.13621631834e-08	-0.00164734384452
1.13662561817e-08	-0.00206866300141
1.137034918e-08	-0.00222345143266
1.13744421782e-08	-0.00204994453816
1.13785351765e-08	-0.0015301098465
1.13826281747e-08	-0.000696236715157
1.1386721173e-08	0.000369620349375
1.13908141713e-08	0.00154389518138
1.13949071695e-08	0.00267681936384
1.13990001678e-08	0.00361291310401
1.14030931661e-08	0.00421376954182
1.14071861643e-08	0.00437963037984
1.14112791626e-08	0.00406620543799
1.14153721609e-08	0.00329373686691
1.14194651591e-08	0.00214645780216
1.14235581574e-08	0.000762125549954
1.14276511557e-08	-0.000687077616021
1.14317441539e-08	-0.00201941738487
1.14358371522e-08	-0.00307035839069
1.14399301505e-08	-0.00371686395374
1.14440231487e-08	-0.003895231348
1.1448116147e-08	-0.00360948426533
1.14522091453e-08	-0.00292894459562
1.14563021435e-08	-0.00197544183175
1.14603951418e-08	-0.000902409228729
1.146448814e-08	0.000130476442791
1.14685811383e-08	0.000982701567409
1.14726741366e-08	0.00155400890799
1.14767671348e-08	0.00179766595829
1.14808601331e-08	0.00172387828934
1.14849531314e-08	0.00139315476554
1.14890461296e-08	0.000901292463823
1.14931391279e-08	0.000359159101208
1.14972321262e-08	-0.000128693470742
1.15013251244e-08	-0.000482461622596
1.15054181227e-08	-0.000659203906253
1.1509511121e-08	-0.00065667103263
1.15136041192e-08	-0.000508632023411
1.15176971175e-08	-0.000273226614809
1.15217901158e-08	-1.72624385186e-05
1.1525883114e-08	0.000199885549591
1.15299761123e-08	0.000339191574312
1.15340691106e-08	0.000388977472539
1.15381621088e-08	0.000364673129297
1.15422551071e-08	0.000301708869301
1.15463481053e-08	0.000243499885983
1.15504411036e-08	0.000227615480981
1.15545341019e-08	0.000273639248917
1.15586271001e-08	0.000375841205823
1.15627200984e-08	0.000502679948113
1.15668130967e-08	0.000603558793955
1.15709060949e-08	0.000621528477495
1.15749990932e-08	0.000509150093421
1.15790920915e-08	0.000243825317739
1.15831850897e-08	-0.000161203785865
1.1587278088e-08	-0.00065324154275
1.15913710863e-08	-0.00114549609134
1.15954640845e-08	-0.00153110068641
1.15995570828e-08	-0.00170356541639
1.16036500811e-08	-0.00157985038823
1.16077430793e-08	-0.00112139744306
1.16118360776e-08	-0.000348506373484
1.16159290758e-08	0.000655503310554
1.16200220741e-08	0.00175210456655
1.16241150724e-08	0.00276682885305
1.16282080706e-08	0.0035171766358
1.16323010689e-08	0.00384449007106
1.16363940672e-08	0.00364407830057
1.16404870654e-08	0.00288789738261
1.16445800637e-08	0.00163521332433
1.1648673062e-08	2.86970978323e-05
1.16527660602e-08	-0.00172401686723
1.16568590585e-08	-0.0033806390129
1.16609520568e-08	-0.0047015104501
1.1665045055e-08	-0.00548761608661
1.16691380533e-08	-0.00561284035211
1.16732310516e-08	-0.00504491614993
1.16773240498e-08	-0.00385146564804
1.16814170481e-08	-0.00219007680425
1.16855100464e-08	-0.000284138797724
1.16896030446e-08	0.00161144074809
1.16936960429e-08	0.00324887849274
1.16977890411e-08	0.00442414116696
1.17018820394e-08	0.00500569216092
1.17059750377e-08	0.00495099640102
1.17100680359e-08	0.00430862986832
1.17141610342e-08	0.00320628826739
1.17182540325e-08	0.0018272952293
1.17223470307e-08	0.000379975246688
1.1726440029e-08	-0.000934832896746
1.17305330273e-08	-0.00195287793758
1.17346260255e-08	-0.00256785687816
1.17387190238e-08	-0.00274222763255
1.17428120221e-08	-0.00250658341974
1.17469050203e-08	-0.00194862189528
1.17509980186e-08	-0.00119432808424
1.17550910169e-08	-0.000385005183489
1.17591840151e-08	0.000345867310898
1.17632770134e-08	0.000892327458132
1.17673700117e-08	0.0011894552008
1.17714630099e-08	0.00121926460997
1.17755560082e-08	0.00100884363201
1.17796490064e-08	0.000621837134531
1.17837420047e-08	0.000145260517343
1.1787835003e-08	-0.000325915956637
1.17919280012e-08	-0.000703935234924
1.17960209995e-08	-0.000921045226278
1.18001139978e-08	-0.00093838351313
1.1804206996e-08	-0.00075013762762
1.18082999943e-08	-0.000382868853194
1.18123929926e-08	0.000109511627954
1.18164859908e-08	0.000654178016703
1.18205789891e-08	0.00117001262697
1.18246719874e-08	0.00157904408115
1.18287649856e-08	0.00181730608165
1.18328579839e-08	0.00184381115832
1.18369509822e-08	0.00164651656814
1.18410439804e-08	0.00124444770336
1.18451369787e-08	0.000685542509018
1.1849229977e-08	4.03047816917e-05
1.18533229752e-08	-0.000608067730354
1.18574159735e-08	-0.00117584353575
1.18615089717e-08	-0.00159149599494
1.186560197e-08	-0.00180704533705
1.18696949683e-08	-0.00180606657523
1.18737879665e-08	-0.00160679362307
1.18778809648e-08	-0.00125945957552
1.18819739631e-08	-0.000837950741698
1.18860669613e-08	-0.000426894548582
1.18901599596e-08	-0.00010620480316
1.18942529579e-08	6.42500525032e-05
1.18983459561e-08	5.70012608705e-05
1.19024389544e-08	-0.00011616224333
1.19065319527e-08	-0.000404501648518
1.19106249509e-08	-0.000726235699403
1.19147179492e-08	-0.000983071331575
1.19188109475e-08	-0.00107904534525
1.19229039457e-08	-0.000940368190641
1.1926996944e-08	-0.000532535628736
1.19310899422e-08	0.000128769095909
1.19351829405e-08	0.000975520881184
1.19392759388e-08	0.00189498215332
1.1943368937e-08	0.00274635649112
1.19474619353e-08	0.0033839509415
1.19515549336e-08	0.00368294504005
1.19556479318e-08	0.00356313114753
1.19597409301e-08	0.0030061325233
1.19638339284e-08	0.00206259293191
1.19679269266e-08	0.000847527422593
1.19720199249e-08	-0.000475826360343
1.19761129232e-08	-0.00172120104253
1.19802059214e-08	-0.0027093312674
1.19842989197e-08	-0.0032975905342
1.1988391918e-08	-0.00340396177489
1.19924849162e-08	-0.00302102224668
1.19965779145e-08	-0.00221738540858
1.20006709128e-08	-0.00112629773503
1.2004763911e-08	7.65979930293e-05
1.20088569093e-08	0.00120236109797
1.20129499075e-08	0.00207954306097
1.20170429058e-08	0.00258128537098
1.20211359041e-08	0.00264411693206
1.20252289023e-08	0.00227545035887
1.20293219006e-08	0.00154890907288
1.20334148989e-08	0.000588844839513
1.20375078971e-08	-0.000452705739008
1.20416008954e-08	-0.00142215957021
1.20456938937e-08	-0.00218882427725
1.20497868919e-08	-0.00266342774557
1.20538798902e-08	-0.0028079047479
1.20579728885e-08	-0.00263543349865
1.20620658867e-08	-0.00220162593178
1.2066158885e-08	-0.00158941278642
1.20702518833e-08	-0.000891184899956
1.20743448815e-08	-0.000191992103282
1.20784378798e-08	0.000442970685981
1.20825308781e-08	0.000974557362497
1.20866238763e-08	0.00138906740176
1.20907168746e-08	0.00169193863985
1.20948098728e-08	0.00189806133858
1.20989028711e-08	0.00202165433438
1.21029958694e-08	0.00206855882425
1.21070888676e-08	0.00203300431895
1.21111818659e-08	0.00189965945901
1.21152748642e-08	0.00165032659424
1.21193678624e-08	0.00127337745653
1.21234608607e-08	0.000773213141656
1.2127553859e-08	0.000176913174982
1.21316468572e-08	-0.000464190234197
1.21357398555e-08	-0.00107910353836
1.21398328538e-08	-0.00158754501899
1.2143925852e-08	-0.00191426108358
1.21480188503e-08	-0.00200436687737
1.21521118486e-08	-0.00183632777771
1.21562048468e-08	-0.00142949136352
1.21602978451e-08	-0.000844095920911
1.21643908433e-08	-0.000173184815139
1.21684838416e-08	0.000472444498882
1.21725768399e-08	0.000983609468676
1.21766698381e-08	0.00127277847059
1.21807628364e-08	0.00129084577929
1.21848558347e-08	0.00103724886867
1.21889488329e-08	0.000561246601137
1.21930418312e-08	-4.61027257188e-05
1.21971348295e-08	-0.000667915264785
1.22012278277e-08	-0.00118249634397
1.2205320826e-08	-0.00148548102879
1.22094138243e-08	-0.00150893672981
1.22135068225e-08	-0.00123383784376
1.22175998208e-08	-0.000693609585142
1.22216928191e-08	3.18423134331e-05
1.22257858173e-08	0.000830396798847
1.22298788156e-08	0.00157749681966
1.22339718139e-08	0.00215766552719
1.22380648121e-08	0.00248374856892
1.22421578104e-08	0.00251043948811
1.22462508086e-08	0.00223984627519
1.22503438069e-08	0.00171847092861
1.22544368052e-08	0.00102665621671
1.22585298034e-08	0.000262934712737
1.22626228017e-08	-0.000473456861073
1.22667158e-08	-0.00109848596912
1.22708087982e-08	-0.00155481108231
1.22749017965e-08	-0.00181712713675
1.22789947948e-08	-0.00189103574667
1.2283087793e-08	-0.00180645711953
1.22871807913e-08	-0.00160760583822
1.22912737896e-08	-0.00134208225063
1.22953667878e-08	-0.00105150458694
1.22994597861e-08	-0.000765486889577
1.23035527844e-08	-0.000499758425576
1.23076457826e-08	-0.000258169218796
1.23117387809e-08	-3.74083209351e-05
1.23158317792e-08	0.000167292410879
1.23199247774e-08	0.000357246279236
1.23240177757e-08	0.000527572934516
1.23281107739e-08	0.000667305717798
1.23322037722e-08	0.000762172974646
1.23362967705e-08	0.000799106244813
1.23403897687e-08	0.000771053462813
1.2344482767e-08	0.000680613029544
1.23485757653e-08	0.000541321922356
1.23526687635e-08	0.000376067042453
1.23567617618e-08	0.000212872702832
1.23608547601e-08	7.90601568497e-05
1.23649477583e-08	-4.74592511068e-06
1.23690407566e-08	-2.91980885265e-05
1.23731337549e-08	1.87393729334e-06
1.23772267531e-08	7.28623494979e-05
1.23813197514e-08	0.000160851636792
1.23854127497e-08	0.000242093006818
1.23895057479e-08	0.000298818900774
1.23935987462e-08	0.000324539043504
1.23976917444e-08	0.000326229903294
1.24017847427e-08	0.000322545292875
1.2405877741e-08	0.000338177296726
1.24099707392e-08	0.000395552900954
1.24140637375e-08	0.000505898573465
1.24181567358e-08	0.00066210947989
1.2422249734e-08	0.000835683509649
1.24263427323e-08	0.000979191107035
1.24304357306e-08	0.00103450515599
1.24345287288e-08	0.00094558505225
1.24386217271e-08	0.000673312912113
1.24427147254e-08	0.000209041127164
1.24468077236e-08	-0.000416612963818
1.24509007219e-08	-0.0011325033629
1.24549937202e-08	-0.0018345858407
1.24590867184e-08	-0.00240193448553
1.24631797167e-08	-0.00271870140568
1.2467272715e-08	-0.00269799298258
1.24713657132e-08	-0.00230280123651
1.24754587115e-08	-0.00155927569722
1.24795517097e-08	-0.000558814634132
1.2483644708e-08	0.000552542584046
1.24877377063e-08	0.00159641323262
1.24918307045e-08	0.00239260117814
1.24959237028e-08	0.00279246436548
1.25000167011e-08	0.00270877334697
1.25041096993e-08	0.00213597732363
1.25082026976e-08	0.00115631298104
1.25122956959e-08	-7.02829518104e-05
1.25163886941e-08	-0.00133147020097
1.25204816924e-08	-0.00239900326414
1.25245746907e-08	-0.00307003781199
1.25286676889e-08	-0.00320561605622
1.25327606872e-08	-0.00275889705517
1.25368536855e-08	-0.00178735074587
1.25409466837e-08	-0.000445947898697
1.2545039682e-08	0.00103808091808
1.25491326803e-08	0.00240480533103
1.25532256785e-08	0.00340850497014
1.25573186768e-08	0.00386333634378
1.2561411675e-08	0.0036791159946
1.25655046733e-08	0.00288023510075
1.25695976716e-08	0.00160375487758
1.25736906698e-08	7.65750269238e-05
1.25777836681e-08	-0.0014244822305
1.25818766664e-08	-0.00262252984976
1.25859696646e-08	-0.00329128073645
1.25900626629e-08	-0.00329711311497
1.25941556612e-08	-0.00262466027925
1.25982486594e-08	-0.00138105538645
1.26023416577e-08	0.000222084969209
1.2606434656e-08	0.00190569688857
1.26105276542e-08	0.00337257087813
1.26146206525e-08	0.00435991873383
1.26187136508e-08	0.00468564673793
1.2622806649e-08	0.00428000997636
1.26268996473e-08	0.00319709238829
1.26309926456e-08	0.00160430705
1.26350856438e-08	-0.000247848443905
1.26391786421e-08	-0.00207002536627
1.26432716403e-08	-0.00358406922896
1.26473646386e-08	-0.00456984512857
1.26514576369e-08	-0.0049006153713
1.26555506351e-08	-0.00456105655758
1.26596436334e-08	-0.00364530328079
1.26637366317e-08	-0.00233604980167
1.26678296299e-08	-0.000869142633746
1.26719226282e-08	0.00050948228818
1.26760156265e-08	0.00158653547987
1.26801086247e-08	0.00221622938989
1.2684201623e-08	0.00234143905982
1.26882946213e-08	0.00199808349134
1.26923876195e-08	0.00130282256578
1.26964806178e-08	0.00042717406177
1.27005736161e-08	-0.000436553622421
1.27046666143e-08	-0.00111096756154
1.27087596126e-08	-0.00146447888983
1.27128526108e-08	-0.00143218327867
1.27169456091e-08	-0.0010236892922
1.27210386074e-08	-0.000317407122566
1.27251316056e-08	0.000556757106096
1.27292246039e-08	0.00144244614057
1.27333176022e-08	0.00218473322457
1.27374106004e-08	0.00265586980095
1.27415035987e-08	0.00277476463816
1.2745596597e-08	0.00251752969052
1.27496895952e-08	0.00191820367763
1.27537825935e-08	0.0010604911804
1.27578755918e-08	6.27148601779e-05
1.276196859e-08	-0.000941012491239
1.27660615883e-08	-0.00182021761429
1.27701545866e-08	-0.00246527625131
1.27742475848e-08	-0.00280031535658
1.27783405831e-08	-0.00279065727955
1.27824335814e-08	-0.0024445681338
1.27865265796e-08	-0.00180982018355
1.27906195779e-08	-0.000966076986515
1.27947125761e-08	-1.43595148074e-05
1.27988055744e-08	0.000935087096877
1.28028985727e-08	0.00177528319182
1.28069915709e-08	0.00241423719854
1.28110845692e-08	0.00278490784694
1.28151775675e-08	0.00285253142647
1.28192705657e-08	0.00261854830023
1.2823363564e-08	0.0021205587982
1.28274565623e-08	0.00142802315531
1.28315495605e-08	0.000633827159618
1.28356425588e-08	-0.000157614726959
1.28397355571e-08	-0.000844475442136
1.28438285553e-08	-0.00134208098461
1.28479215536e-08	-0.00159580683976
1.28520145519e-08	-0.00159013156372
1.28561075501e-08	-0.00135201394005
1.28602005484e-08	-0.000947511238337
1.28642935467e-08	-0.000471597235446
1.28683865449e-08	-3.23707567986e-05
1.28724795432e-08	0.00026801333297
1.28765725414e-08	0.000352503837348
1.28806655397e-08	0.000184898939551
1.2884758538e-08	-0.000220994122174
1.28888515362e-08	-0.000800964018708
1.28929445345e-08	-0.00144943567284
1.28970375328e-08	-0.00203685103043
1.2901130531e-08	-0.00243261779542
1.29052235293e-08	-0.00252959763748
1.29093165276e-08	-0.00226558151189
1.29134095258e-08	-0.00163754999812
1.29175025241e-08	-0.000705702514097
1.29215955224e-08	0.000413920020947
1.29256885206e-08	0.00156726143905
1.29297815189e-08	0.00258754139941
1.29338745172e-08	0.00332353272825
1.29379675154e-08	0.00366568012396
1.29420605137e-08	0.00356523902155
1.29461535119e-08	0.00304287890322
1.29502465102e-08	0.00218511276762
1.29543395085e-08	0.00112921374239
1.29584325067e-08	3.94029982544e-05
1.2962525505e-08	-0.000921290396946
1.29666185033e-08	-0.00161834104802
1.29707115015e-08	-0.00196725943533
1.29748044998e-08	-0.00194557216309
1.29788974981e-08	-0.00159335455101
1.29829904963e-08	-0.00100258737803
1.29870834946e-08	-0.000297717324429
1.29911764929e-08	0.000388594286051
1.29952694911e-08	0.000939757177548
1.29993624894e-08	0.00127496830828
1.30034554877e-08	0.00136082932295
1.30075484859e-08	0.00121305976791
1.30116414842e-08	0.000888544913323
1.30157344825e-08	0.000469903927296
1.30198274807e-08	4.61927691049e-05
1.3023920479e-08	-0.000306029027342
1.30280134772e-08	-0.000537317006092
1.30321064755e-08	-0.000632804505585
1.30361994738e-08	-0.000611353923887
1.3040292472e-08	-0.000517124182807
1.30443854703e-08	-0.000405939568736
1.30484784686e-08	-0.000329901937221
1.30525714668e-08	-0.000323949809172
1.30566644651e-08	-0.00039747602932
1.30607574634e-08	-0.000532814949111
1.30648504616e-08	-0.000690726243192
1.30689434599e-08	-0.000821341753181
1.30730364582e-08	-0.000877763108292
1.30771294564e-08	-0.000828890588309
1.30812224547e-08	-0.000668285360007
1.3085315453e-08	-0.000416853985371
1.30894084512e-08	-0.000118632052363
1.30935014495e-08	0.000169406454006
1.30975944478e-08	0.000391135585232
1.3101687446e-08	0.000505374184286
1.31057804443e-08	0.00049687036153
1.31098734425e-08	0.000381406605811
1.31139664408e-08	0.000203561973649
1.31180594391e-08	2.7334522855e-05
1.31221524373e-08	-7.85081851973e-05
1.31262454356e-08	-5.71940955467e-05
1.31303384339e-08	0.000120942136164
1.31344314321e-08	0.0004485703721
1.31385244304e-08	0.000879259692738
1.31426174287e-08	0.00133410751005
1.31467104269e-08	0.0017161618016
1.31508034252e-08	0.00192994921235
1.31548964235e-08	0.0019021761691
1.31589894217e-08	0.00159922159219
1.316308242e-08	0.00103751092684
1.31671754183e-08	0.000284199544694
1.31712684165e-08	-0.000552469726244
1.31753614148e-08	-0.00134162947506
1.31794544131e-08	-0.00195366884873
1.31835474113e-08	-0.00228488208086
1.31876404096e-08	-0.00227791414363
1.31917334078e-08	-0.00193376556854
1.31958264061e-08	-0.00131274451269
1.31999194044e-08	-0.000523952116055
1.32040124026e-08	0.000294784982543
1.32081054009e-08	0.00100265700166
1.32121983992e-08	0.0014822344383
1.32162913974e-08	0.00166124185489
1.32203843957e-08	0.00152544931916
1.3224477394e-08	0.00112018280925
1.32285703922e-08	0.00054025933423
1.32326633905e-08	-8.95341700016e-05
1.32367563888e-08	-0.000639448189759
1.3240849387e-08	-0.00100024505082
1.32449423853e-08	-0.00110411249625
1.32490353836e-08	-0.000936988872127
1.32531283818e-08	-0.000540065113455
1.32572213801e-08	-4.13489829043e-07
1.32613143783e-08	0.000567156224861
1.32654073766e-08	0.00104323987034
1.32695003749e-08	0.00132732625207
1.32735933731e-08	0.00135703462001
1.32776863714e-08	0.00111947662663
1.32817793697e-08	0.00065277421163
1.32858723679e-08	3.77594213319e-05
1.32899653662e-08	-0.000618199366727
1.32940583645e-08	-0.00120183134277
1.32981513627e-08	-0.00161490746541
1.3302244361e-08	-0.0017914501077
1.33063373593e-08	-0.00170808633266
1.33104303575e-08	-0.00138592919393
1.33145233558e-08	-0.000884129854967
1.33186163541e-08	-0.000286889313429
1.33227093523e-08	0.000313081513013
1.33268023506e-08	0.000831169883895
1.33308953489e-08	0.00120429594972
1.33349883471e-08	0.00139885233511
1.33390813454e-08	0.00141218260978
1.33431743436e-08	0.00126810445363
1.33472673419e-08	0.00100819435465
1.33513603402e-08	0.000681301411532
1.33554533384e-08	0.000333863894411
1.33595463367e-08	3.08909011437e-06
1.3363639335e-08	-0.000285916856228
1.33677323332e-08	-0.000519143428392
1.33718253315e-08	-0.000689905147738
1.33759183298e-08	-0.000794085972302
1.3380011328e-08	-0.000826306306408
1.33841043263e-08	-0.000778510151576
1.33881973246e-08	-0.000641634105705
1.33922903228e-08	-0.000409995198424
1.33963833211e-08	-8.7087558768e-05
1.34004763194e-08	0.000309112459945
1.34045693176e-08	0.00074331196447
1.34086623159e-08	0.00116404610162
1.34127553142e-08	0.00150939876039
1.34168483124e-08	0.00171673807199
1.34209413107e-08	0.00173478809302
1.34250343089e-08	0.00153555754514
1.34291273072e-08	0.00112335873564
1.34332203055e-08	0.000538525469892
1.34373133037e-08	-0.000145642437019
1.3441406302e-08	-0.000832821984659
1.34454993003e-08	-0.00141914748383
1.34495922985e-08	-0.00181156108738
1.34536852968e-08	-0.00194554841437
1.34577782951e-08	-0.0017986427556
1.34618712933e-08	-0.00139669838973
1.34659642916e-08	-0.000811219637399
1.34700572899e-08	-0.000147758140884
1.34741502881e-08	0.000472790528875
1.34782432864e-08	0.000936613498197
1.34823362847e-08	0.00115883888066
1.34864292829e-08	0.00110046169721
1.34905222812e-08	0.000776793734985
1.34946152794e-08	0.000255491069765
1.34987082777e-08	-0.000355750933522
1.3502801276e-08	-0.000929643974814
1.35068942742e-08	-0.00134400009847
1.35109872725e-08	-0.0015058235731
1.35150802708e-08	-0.00136999405368
1.3519173269e-08	-0.00094875387731
1.35232662673e-08	-0.000310022049234
1.35273592656e-08	0.000435215679317
1.35314522638e-08	0.00115398999333
1.35355452621e-08	0.00171675170714
1.35396382604e-08	0.00202208002156
1.35437312586e-08	0.00201584423485
1.35478242569e-08	0.00170111091575
1.35519172552e-08	0.0011369632557
1.35560102534e-08	0.000426614784374
1.35601032517e-08	-0.000302690605167
1.356419625e-08	-0.000923922176298
1.35682892482e-08	-0.00133385035588
1.35723822465e-08	-0.00147141750494
1.35764752447e-08	-0.00132747187308
1.3580568243e-08	-0.000944239451201
1.35846612413e-08	-0.000404973361583
1.35887542395e-08	0.000183850033864
1.35928472378e-08	0.00071400748493
1.35969402361e-08	0.00109629319923
1.36010332343e-08	0.00127647044428
1.36051262326e-08	0.00124341993069
1.36092192309e-08	0.00102817887091
1.36133122291e-08	0.000694468290021
1.36174052274e-08	0.000323040578223
1.36214982257e-08	-6.60867607394e-06
1.36255912239e-08	-0.000233197633861
1.36296842222e-08	-0.000325733379213
1.36337772205e-08	-0.000288318811727
1.36378702187e-08	-0.000156946767675
1.3641963217e-08	1.07032259393e-05
1.36460562153e-08	0.000149947029968
1.36501492135e-08	0.000204825502806
1.36542422118e-08	0.000141320802868
1.365833521e-08	-4.48335986221e-05
1.36624282083e-08	-0.000327347774146
1.36665212066e-08	-0.000655562183965
1.36706142048e-08	-0.000966043975495
1.36747072031e-08	-0.00119683078083
1.36788002014e-08	-0.001301037948
1.36828931996e-08	-0.00125677604228
1.36869861979e-08	-0.00107125278737
1.36910791962e-08	-0.000778305191488
1.36951721944e-08	-0.000430108062574
1.36992651927e-08	-8.51026161399e-05
1.3703358191e-08	0.00020501274048
1.37074511892e-08	0.000406255454436
1.37115441875e-08	0.000508855606313
1.37156371858e-08	0.00052790895279
1.3719730184e-08	0.000498178422276
1.37238231823e-08	0.000464356984594
1.37279161805e-08	0.000469106471428
1.37320091788e-08	0.000541664310731
1.37361021771e-08	0.000689655669703
1.37401951753e-08	0.000896009361895
1.37442881736e-08	0.00112172150693
1.37483811719e-08	0.00131390378374
1.37524741701e-08	0.0014173829768
1.37565671684e-08	0.00138731568586
1.37606601667e-08	0.00120003896154
1.37647531649e-08	0.000859742496687
1.37688461632e-08	0.000399439268222
1.37729391615e-08	-0.00012405038342
1.37770321597e-08	-0.000640101690806
1.3781125158e-08	-0.00107720084634
1.37852181563e-08	-0.00137607521174
1.37893111545e-08	-0.00150030060468
1.37934041528e-08	-0.0014422235472
1.37974971511e-08	-0.00122307772835
1.38015901493e-08	-0.000887458721991
1.38056831476e-08	-0.000493551709951
1.38097761458e-08	-0.000101381043805
1.38138691441e-08	0.000238284279476
1.38179621424e-08	0.000491992963362
1.38220551406e-08	0.000647072065476
1.38261481389e-08	0.000710065192834
1.38302411372e-08	0.000700947279256
1.38343341354e-08	0.000644906442176
1.38384271337e-08	0.00056400532776
1.3842520132e-08	0.000470967373985
1.38466131302e-08	0.000366705042325
1.38507061285e-08	0.000242178644839
1.38547991268e-08	8.39905737848e-05
1.3858892125e-08	-0.000117917361422
1.38629851233e-08	-0.000362715338269
1.38670781216e-08	-0.000633590410871
1.38711711198e-08	-0.000896876896149
1.38752641181e-08	-0.00110618281178
1.38793571164e-08	-0.00121102963749
1.38834501146e-08	-0.00116831914784
1.38875431129e-08	-0.000954085509875
1.38916361111e-08	-0.000572689499677
1.38957291094e-08	-6.09556077507e-05
1.38998221077e-08	0.00051430253734
1.39039151059e-08	0.00106556413812
1.39080081042e-08	0.00149937471724
1.39121011025e-08	0.00173398102925
1.39161941007e-08	0.00171635567676
1.3920287099e-08	0.00143500341801
1.39243800973e-08	0.000925559637835
1.39284730955e-08	0.000267483675998
1.39325660938e-08	-0.00042813089749
1.39366590921e-08	-0.00103776567266
1.39407520903e-08	-0.00144828596967
1.39448450886e-08	-0.00157898833277
1.39489380869e-08	-0.00139845221565
1.39530310851e-08	-0.000932578455831
1.39571240834e-08	-0.000261811153905
1.39612170817e-08	0.000492375133035
1.39653100799e-08	0.00118947092415
1.39694030782e-08	0.001696364081
1.39734960764e-08	0.00191313285904
1.39775890747e-08	0.0017930943286
1.3981682073e-08	0.00135301014234
1.39857750712e-08	0.000671209225402
1.39898680695e-08	-0.000126265249492
1.39939610678e-08	-0.000888996481081
1.3998054066e-08	-0.00147063223267
1.40021470643e-08	-0.00175696112274
1.40062400626e-08	-0.00168819617829
1.40103330608e-08	-0.00127111417532
1.40144260591e-08	-0.00057865249255
1.40185190574e-08	0.000263029056441
1.40226120556e-08	0.00109760717169
1.40267050539e-08	0.00176741069299
1.40307980522e-08	0.00214255659375
1.40348910504e-08	0.00214494472311
1.40389840487e-08	0.00176265697519
1.40430770469e-08	0.00105211919436
1.40471700452e-08	0.000127729887936
1.40512630435e-08	-0.000859003535879
1.40553560417e-08	-0.00174684297235
1.405944904e-08	-0.00239357748069
1.40635420383e-08	-0.00270085019292
1.40676350365e-08	-0.00263054898824
1.40717280348e-08	-0.00220991585229
1.40758210331e-08	-0.00152466430154
1.40799140313e-08	-0.000701659304468
1.40840070296e-08	0.000115386800189
1.40881000279e-08	0.000792506391008
1.40921930261e-08	0.00122937653214
1.40962860244e-08	0.00137618096051
1.41003790227e-08	0.00124053356558
1.41044720209e-08	0.000883515342139
1.41085650192e-08	0.000405954779126
1.41126580175e-08	-7.2135562732e-05
1.41167510157e-08	-0.000434896559455
1.4120844014e-08	-0.000592323860474
1.41249370122e-08	-0.000496432905493
1.41290300105e-08	-0.000149199099269
1.41331230088e-08	0.000398770009269
1.4137216007e-08	0.00105812911352
1.41413090053e-08	0.00171706089168
1.41454020036e-08	0.00226073664089
1.41494950018e-08	0.00259046517021
1.41535880001e-08	0.00263933370297
1.41576809984e-08	0.00238200929016
1.41617739966e-08	0.00183751784789
1.41658669949e-08	0.00106510775367
1.41699599932e-08	0.000154391412252
1.41740529914e-08	-0.000788280798588
1.41781459897e-08	-0.00165488719358
1.4182238988e-08	-0.00234994357743
1.41863319862e-08	-0.00280196330277
1.41904249845e-08	-0.00297090629465
1.41945179828e-08	-0.00285104764043
1.4198610981e-08	-0.00246938111377
1.42027039793e-08	-0.00188025181706
1.42067969775e-08	-0.00115725840442
1.42108899758e-08	-0.000383634693208
1.42149829741e-08	0.000357643701136
1.42190759723e-08	0.000992935507384
1.42231689706e-08	0.00146532982762
1.42272619689e-08	0.00173975600046
1.42313549671e-08	0.00180545377953
1.42354479654e-08	0.00167569957557
1.42395409637e-08	0.00138492025872
1.42436339619e-08	0.000983533202088
1.42477269602e-08	0.000531069403223
1.42518199585e-08	8.83242526015e-05
1.42559129567e-08	-0.000290554093226
1.4260005955e-08	-0.000565028229175
1.42640989533e-08	-0.000713193421689
1.42681919515e-08	-0.000734041015676
1.42722849498e-08	-0.000646481948934
1.4276377948e-08	-0.000485130560264
1.42804709463e-08	-0.000293418946967
1.42845639446e-08	-0.00011515119968
1.42886569428e-08	1.39970040323e-05
1.42927499411e-08	7.33883357498e-05
1.42968429394e-08	6.1292560531e-05
1.43009359376e-08	-5.20601381027e-06
1.43050289359e-08	-9.44120720305e-05
1.43091219342e-08	-0.000167613354279
1.43132149324e-08	-0.000188547996913
1.43173079307e-08	-0.00013271237367
1.4321400929e-08	5.62169498153e-06
1.43254939272e-08	0.000210417952076
1.43295869255e-08	0.000445855122962
1.43336799238e-08	0.000663152863126
1.4337772922e-08	0.00081101788237
1.43418659203e-08	0.000847586532473
1.43459589186e-08	0.000751251725887
1.43500519168e-08	0.000527841897565
1.43541449151e-08	0.000212259756154
1.43582379133e-08	-0.000136219471642
1.43623309116e-08	-0.000444465400506
1.43664239099e-08	-0.000640009515337
1.43705169081e-08	-0.000666766463837
1.43746099064e-08	-0.000498715147842
1.43787029047e-08	-0.000148497718328
1.43827959029e-08	0.000331252140313
1.43868889012e-08	0.000854683567013
1.43909818995e-08	0.00131684335065
1.43950748977e-08	0.00161283258058
1.4399167896e-08	0.0016585336416
1.44032608943e-08	0.00140889710019
1.44073538925e-08	0.000870015195687
1.44114468908e-08	0.000102201654727
1.44155398891e-08	-0.000787080771261
1.44196328873e-08	-0.00165969161026
1.44237258856e-08	-0.00237005238887
1.44278188839e-08	-0.00279106463131
1.44319118821e-08	-0.0028379009018
1.44360048804e-08	-0.00248507311335
1.44400978786e-08	-0.0017733155837
1.44441908769e-08	-0.000804632185464
1.44482838752e-08	0.000273899227977
1.44523768734e-08	0.00129480557371
1.44564698717e-08	0.0020989478071
1.446056287e-08	0.00256302946946
1.44646558682e-08	0.0026207788469
1.44687488665e-08	0.00227388957865
1.44728418648e-08	0.0015907605557
1.4476934863e-08	0.000693384845363
1.44810278613e-08	-0.000265024476903
1.44851208596e-08	-0.00112736379378
1.44892138578e-08	-0.0017597493279
1.44933068561e-08	-0.00207341440546
1.44973998544e-08	-0.00203754790709
1.45014928526e-08	-0.00168106077763
1.45055858509e-08	-0.00108346008346
1.45096788491e-08	-0.000357095732397
1.45137718474e-08	0.00037538626384
1.45178648457e-08	0.00100379209471
1.45219578439e-08	0.00144892188109
1.45260508422e-08	0.00167353649158
1.45301438405e-08	0.00168407801539
1.45342368387e-08	0.00152343288937
1.4538329837e-08	0.00125685309467
1.45424228353e-08	0.000954507318966
1.45465158335e-08	0.000674690796586
1.45506088318e-08	0.000451435080322
1.45547018301e-08	0.000289152252662
1.45587948283e-08	0.000165295112311
1.45628878266e-08	4.01702542661e-05
1.45669808249e-08	-0.00012861864775
1.45710738231e-08	-0.0003707171727
1.45751668214e-08	-0.0006904563852
1.45792598197e-08	-0.00106047170266
1.45833528179e-08	-0.00142343060725
1.45874458162e-08	-0.00170196223189
1.45915388144e-08	-0.00181496363075
1.45956318127e-08	-0.00169688453025
1.4599724811e-08	-0.00131572696409
1.46038178092e-08	-0.000685547263856
1.46079108075e-08	0.000129749616463
1.46120038058e-08	0.0010228208921
1.4616096804e-08	0.00185887196858
1.46201898023e-08	0.00249854428694
1.46242828006e-08	0.0028234670317
1.46283757988e-08	0.00275950084324
1.46324687971e-08	0.00229298627528
1.46365617954e-08	0.00147653619933
1.46406547936e-08	0.000422863067797
1.46447477919e-08	-0.000712569926691
1.46488407902e-08	-0.00175713430508
1.46529337884e-08	-0.00255031448614
1.46570267867e-08	-0.00297135068104
1.4661119785e-08	-0.00296018217341
1.46652127832e-08	-0.00252783292672
1.46693057815e-08	-0.00175433671393
1.46733987797e-08	-0.000774550127971
1.4677491778e-08	0.000245586888923
1.46815847763e-08	0.00113802876149
1.46856777745e-08	0.00176161606214
1.46897707728e-08	0.00202591245761
1.46938637711e-08	0.00190570634732
1.46979567693e-08	0.00144372487557
1.47020497676e-08	0.000741293450119
1.47061427659e-08	-6.11323209796e-05
1.47102357641e-08	-0.000809843215393
1.47143287624e-08	-0.00136537179787
1.47184217607e-08	-0.00162662769435
1.47225147589e-08	-0.00154744638712
1.47266077572e-08	-0.00114285216841
1.47307007555e-08	-0.00048429218441
1.47347937537e-08	0.00031487535307
1.4738886752e-08	0.00112063399865
1.47429797503e-08	0.00180219160393
1.47470727485e-08	0.00225410817075
1.47511657468e-08	0.00241285427182
1.4755258745e-08	0.00226518558338
1.47593517433e-08	0.00184734912182
1.47634447416e-08	0.0012358459644
1.47675377398e-08	0.000531937512278
1.47716307381e-08	-0.000156948697622
1.47757237364e-08	-0.000735460700525
1.47798167346e-08	-0.0011350778077
1.47839097329e-08	-0.00132309058245
1.47880027312e-08	-0.0013047158136
1.47920957294e-08	-0.00111853252747
1.47961887277e-08	-0.000826560826681
1.4800281726e-08	-0.000501108439494
1.48043747242e-08	-0.000210911183785
1.48084677225e-08	-9.00760619515e-06
1.48125607208e-08	7.56856538828e-05
1.4816653719e-08	4.18884696956e-05
1.48207467173e-08	-8.57483555592e-05
1.48248397155e-08	-0.000262980131083
1.48289327138e-08	-0.000435595251474
1.48330257121e-08	-0.000550516546355
1.48371187103e-08	-0.000566401133256
1.48412117086e-08	-0.000461914009065
1.48453047069e-08	-0.000240290231886
1.48493977051e-08	7.05369104708e-05
1.48534907034e-08	0.000422216067818
1.48575837017e-08	0.000753925884055
1.48616766999e-08	0.00100267753442
1.48657696982e-08	0.00111429055687
1.48698626965e-08	0.00105325901677
1.48739556947e-08	0.000809910365206
1.4878048693e-08	0.000403670128435
1.48821416913e-08	-0.000118179538731
1.48862346895e-08	-0.000686190418492
1.48903276878e-08	-0.00121816609317
1.48944206861e-08	-0.0016310296196
1.48985136843e-08	-0.00185345740465
1.49026066826e-08	-0.00183739892964
1.49066996808e-08	-0.00156667342526
1.49107926791e-08	-0.00106117987889
1.49148856774e-08	-0.00037582144796
1.49189786756e-08	0.000406002804084
1.49230716739e-08	0.00118365593517
1.49271646722e-08	0.0018537586293
1.49312576704e-08	0.00232577974384
1.49353506687e-08	0.00253624893958
1.4939443667e-08	0.00245918074506
1.49435366652e-08	0.00211077992572
1.49476296635e-08	0.00154737925914
1.49517226618e-08	0.000856686572661
1.495581566e-08	0.000143609977385
1.49599086583e-08	-0.00048702053391
1.49640016566e-08	-0.000947876193095
1.49680946548e-08	-0.00118359820772
1.49721876531e-08	-0.0011796577237
1.49762806514e-08	-0.000963917344052
1.49803736496e-08	-0.000600536037382
1.49844666479e-08	-0.000177293795787
1.49885596461e-08	0.00021134002418
1.49926526444e-08	0.000482221075799
1.49967456427e-08	0.000579216710321
1.50008386409e-08	0.000483567164338
1.50049316392e-08	0.000216921724132
1.50090246375e-08	-0.000163554979736
1.50131176357e-08	-0.000577069000428
1.5017210634e-08	-0.000935760363063
1.50213036323e-08	-0.00116268826241
1.50253966305e-08	-0.00120767060434
1.50294896288e-08	-0.0010577794601
1.50335826271e-08	-0.000740304418287
1.50376756253e-08	-0.000317467871355
1.50417686236e-08	0.000126160997752
1.50458616219e-08	0.000501113638165
1.50499546201e-08	0.00073184030407
1.50540476184e-08	0.000773028405092
1.50581406166e-08	0.000619952781562
1.50622336149e-08	0.000310514536977
1.50663266132e-08	-8.17214523181e-05
1.50704196114e-08	-0.00046232585737
1.50745126097e-08	-0.000735792113119
1.5078605608e-08	-0.000826316223538
1.50826986062e-08	-0.000695214315783
1.50867916045e-08	-0.000351168333509
1.50908846028e-08	0.000149158005115
1.5094977601e-08	0.000710662297934
1.50990705993e-08	0.00121792753635
1.51031635976e-08	0.00155849590374
1.51072565958e-08	0.00164666937781
1.51113495941e-08	0.00144294594065
1.51154425924e-08	0.000964911938354
1.51195355906e-08	0.000287019678581
1.51236285889e-08	-0.000471143346658
1.51277215872e-08	-0.00116616684682
1.51318145854e-08	-0.00165781896794
1.51359075837e-08	-0.00183660017501
1.51400005819e-08	-0.00164645994664
1.51440935802e-08	-0.00109809314017
1.51481865785e-08	-0.000269964601102
1.51522795767e-08	0.000703481349774
1.5156372575e-08	0.00165451828798
1.51604655733e-08	0.00241171922244
1.51645585715e-08	0.00283101935929
1.51686515698e-08	0.00282249099109
1.51727445681e-08	0.00236779946135
1.51768375663e-08	0.00152496411465
1.51809305646e-08	0.000419417099693
1.51850235629e-08	-0.00077712393977
1.51891165611e-08	-0.00187616763287
1.51932095594e-08	-0.00270499449107
1.51973025577e-08	-0.00313630799064
1.52013955559e-08	-0.00310962597723
1.52054885542e-08	-0.00264059010078
1.52095815525e-08	-0.00181667793368
1.52136745507e-08	-0.00078032365127
1.5217767549e-08	0.000297212016449
1.52218605472e-08	0.00124622001022
1.52259535455e-08	0.00192750473798
1.52300465438e-08	0.00225469224097
1.5234139542e-08	0.00220605477807
1.52382325403e-08	0.0018241385842
1.52423255386e-08	0.00120387407514
1.52464185368e-08	0.000471983235911
1.52505115351e-08	-0.000237977588768
1.52546045334e-08	-0.000809999859484
1.52586975316e-08	-0.00116487386549
1.52627905299e-08	-0.0012710119554
1.52668835282e-08	-0.0011453981715
1.52709765264e-08	-0.000845236536406
1.52750695247e-08	-0.000452650419902
1.5279162523e-08	-5.59868248615e-05
1.52832555212e-08	0.000268291340035
1.52873485195e-08	0.000469539452752
1.52914415178e-08	0.000530219782377
1.5295534516e-08	0.000465599696327
1.52996275143e-08	0.000316536197715
1.53037205125e-08	0.000137414961955
1.53078135108e-08	-1.78121415502e-05
1.53119065091e-08	-0.000108324745398
1.53159995073e-08	-0.00011515241556
1.53200925056e-08	-4.41965133859e-05
1.53241855039e-08	7.68307743328e-05
1.53282785021e-08	0.000206586208151
1.53323715004e-08	0.000301333855532
1.53364644987e-08	0.000326566974763
1.53405574969e-08	0.000266307073616
1.53446504952e-08	0.000127934772991
1.53487434935e-08	-5.85669192787e-05
1.53528364917e-08	-0.000246811167017
1.535692949e-08	-0.000384290828151
1.53610224883e-08	-0.000424482164817
1.53651154865e-08	-0.000338097275744
1.53692084848e-08	-0.000120981870168
1.5373301483e-08	0.000203127316126
1.53773944813e-08	0.000585672085435
1.53814874796e-08	0.000961615318374
1.53855804778e-08	0.00126139396161
1.53896734761e-08	0.00142408319516
1.53937664744e-08	0.00140913938958
1.53978594726e-08	0.00120441438048
1.54019524709e-08	0.000828917312901
1.54060454692e-08	0.000329875196257
1.54101384674e-08	-0.000225236104598
1.54142314657e-08	-0.000760075941798
1.5418324464e-08	-0.00120206417341
1.54224174622e-08	-0.00149394082837
1.54265104605e-08	-0.00160228168534
1.54306034588e-08	-0.00152166788757
1.5434696457e-08	-0.00127407819673
1.54387894553e-08	-0.000903945736354
1.54428824536e-08	-0.000470040296932
1.54469754518e-08	-3.57630080998e-05
1.54510684501e-08	0.000340445260008
1.54551614483e-08	0.000613069019892
1.54592544466e-08	0.000754785789468
1.54633474449e-08	0.000758539390517
1.54674404431e-08	0.000636502540146
1.54715334414e-08	0.000416496688558
1.54756264397e-08	0.000136752188155
1.54797194379e-08	-0.000159990839165
1.54838124362e-08	-0.000432113109127
1.54879054345e-08	-0.0006437728116
1.54919984327e-08	-0.000768188394431
1.5496091431e-08	-0.000789460726082
1.55001844293e-08	-0.000703089866875
1.55042774275e-08	-0.000515472136613
1.55083704258e-08	-0.000242689506194
1.55124634241e-08	9.11676356736e-05
1.55165564223e-08	0.000456018908153
1.55206494206e-08	0.000818144610093
1.55247424189e-08	0.00114289976773
1.55288354171e-08	0.00139777574805
1.55329284154e-08	0.0015556623548
1.55370214136e-08	0.00159799831454
1.55411144119e-08	0.00151735405962
1.55452074102e-08	0.00131890933699
1.55493004084e-08	0.0010203826605
1.55533934067e-08	0.000650181733363
1.5557486405e-08	0.000243867736572
1.55615794032e-08	-0.000160580902957
1.55656724015e-08	-0.000527917371073
1.55697653998e-08	-0.00083024684136
1.5573858398e-08	-0.00105022623757
1.55779513963e-08	-0.00118220836157
1.55820443946e-08	-0.00123113131121
1.55861373928e-08	-0.00120947977121
1.55902303911e-08	-0.00113309498556
1.55943233894e-08	-0.00101688048744
1.55984163876e-08	-0.000871481352078
1.56025093859e-08	-0.000701778335497
1.56066023841e-08	-0.000507589124027
1.56106953824e-08	-0.000286382659397
1.56147883807e-08	-3.72678050553e-05
1.56188813789e-08	0.00023487130602
1.56229743772e-08	0.000516350643011
1.56270673755e-08	0.000783843723184
1.56311603737e-08	0.0010063305308
1.5635253372e-08	0.00114980054059
1.56393463703e-08	0.00118398663471
1.56434393685e-08	0.00108981064841
1.56475323668e-08	0.000865876761964
1.56516253651e-08	0.000532361329533
1.56557183633e-08	0.000131022826281
1.56598113616e-08	-0.000279248621155
1.56639043599e-08	-0.000631041599263
1.56679973581e-08	-0.00085996092821
1.56720903564e-08	-0.000917096949706
1.56761833547e-08	-0.000780015347118
1.56802763529e-08	-0.00045989479986
1.56843693512e-08	-2.97948002981e-06
1.56884623494e-08	0.000514541228767
1.56925553477e-08	0.000997870396532
1.5696648346e-08	0.00134953056113
1.57007413442e-08	0.00148719642311
1.57048343425e-08	0.00136016015313
1.57089273408e-08	0.000961171099334
1.5713020339e-08	0.000331076056682
1.57171133373e-08	-0.000445087585831
1.57212063356e-08	-0.00125032637152
1.57252993338e-08	-0.00195441073447
1.57293923321e-08	-0.00243590779428
1.57334853304e-08	-0.00260359774984
1.57375783286e-08	-0.00241332473524
1.57416713269e-08	-0.00187708412705
1.57457643252e-08	-0.00106251177931
1.57498573234e-08	-8.26934497127e-05
1.57539503217e-08	0.000922014107346
1.575804332e-08	0.00180695904419
1.57621363182e-08	0.00244691841363
1.57662293165e-08	0.00275639549363
1.57703223147e-08	0.00270296595409
1.5774415313e-08	0.00231143827841
1.57785083113e-08	0.00165826296143
1.57826013095e-08	0.000857380051457
1.57866943078e-08	4.01797315135e-05
1.57907873061e-08	-0.000666779877065
1.57948803043e-08	-0.00116237535258
1.57989733026e-08	-0.00138633407187
1.58030663009e-08	-0.00132701131224
1.58071592991e-08	-0.00102051768772
1.58112522974e-08	-0.000541764013178
1.58153452957e-08	1.06004503664e-05
1.58194382939e-08	0.000532381181984
1.58235312922e-08	0.000931789945753
1.58276242905e-08	0.00114401730389
1.58317172887e-08	0.00114008638047
1.5835810287e-08	0.000928837369429
1.58399032852e-08	0.000552239187527
1.58439962835e-08	7.54495372348e-05
1.58480892818e-08	-0.000426113871072
1.585218228e-08	-0.000880077132024
1.58562752783e-08	-0.00122835787624
1.58603682766e-08	-0.00143457054219
1.58644612748e-08	-0.00148674905358
1.58685542731e-08	-0.00139556209615
1.58726472714e-08	-0.0011890473761
1.58767402696e-08	-0.000905417335161
1.58808332679e-08	-0.000585615853197
1.58849262662e-08	-0.000267046480076
1.58890192644e-08	2.06369206808e-05
1.58931122627e-08	0.000257423762378
1.5897205261e-08	0.000432847948105
1.59012982592e-08	0.00054461432228
1.59053912575e-08	0.000596767251409
1.59094842558e-08	0.000598053778958
1.5913577254e-08	0.000560812517506
1.59176702523e-08	0.000500334415847
1.59217632505e-08	0.000434330682765
1.59258562488e-08	0.000381994417694
1.59299492471e-08	0.000362234390195
1.59340422453e-08	0.000390942848753
1.59381352436e-08	0.0004775535308
1.59422282419e-08	0.000621536248218
1.59463212401e-08	0.000809741621197
1.59504142384e-08	0.00101557131711
1.59545072367e-08	0.00120072541176
1.59586002349e-08	0.00131982253515
1.59626932332e-08	0.00132756312814
1.59667862315e-08	0.001187456146
1.59708792297e-08	0.000880588515429
1.5974972228e-08	0.000412638593843
1.59790652263e-08	-0.00018258320415
1.59831582245e-08	-0.000844330927066
1.59872512228e-08	-0.00149134958338
1.59913442211e-08	-0.00203300801513
1.59954372193e-08	-0.00238359732612
1.59995302176e-08	-0.002477465634
1.60036232158e-08	-0.00228222653095
1.60077162141e-08	-0.00180736440234
1.60118092124e-08	-0.00110619404586
1.60159022106e-08	-0.000270231301329
1.60199952089e-08	0.000583566226851
1.60240882072e-08	0.00133083514083
1.60281812054e-08	0.00186015407962
1.60322742037e-08	0.00209212295886
1.6036367202e-08	0.0019936409808
1.60404602002e-08	0.00158460972307
1.60445531985e-08	0.000935617179493
1.60486461968e-08	0.000156773041454
1.6052739195e-08	-0.000620464223175
1.60568321933e-08	-0.00126532064314
1.60609251916e-08	-0.00166971061844
1.60650181898e-08	-0.00176632091461
1.60691111881e-08	-0.00153960386524
1.60732041864e-08	-0.00102781438909
1.60772971846e-08	-0.000315868917824
1.60813901829e-08	0.000479551326862
1.60854831811e-08	0.0012298929214
1.60895761794e-08	0.0018160653708
1.60936691777e-08	0.00214751852036
1.60977621759e-08	0.0021758981311
1.61018551742e-08	0.00190121420019
1.61059481725e-08	0.00136984576238
1.61100411707e-08	0.000665147206746
1.6114134169e-08	-0.000107334676159
1.61182271673e-08	-0.000837236955704
1.61223201655e-08	-0.00142628623144
1.61264131638e-08	-0.00180198832822
1.61305061621e-08	-0.00192613710533
1.61345991603e-08	-0.00179725815542
1.61386921586e-08	-0.00144725745486
1.61427851569e-08	-0.000933519753744
1.61468781551e-08	-0.000328353460645
1.61509711534e-08	0.000292101425657
1.61550641516e-08	0.000857621787873
1.61591571499e-08	0.00131100902945
1.61632501482e-08	0.00161204027245
1.61673431464e-08	0.00173849868588
1.61714361447e-08	0.00168507729541
1.6175529143e-08	0.00146120256977
1.61796221412e-08	0.00108873244608
1.61837151395e-08	0.000600105646299
1.61878081378e-08	3.69874053376e-05
1.6191901136e-08	-0.000551035223907
1.61959941343e-08	-0.00110844436131
1.62000871326e-08	-0.00157718839182
1.62041801308e-08	-0.00190187252883
1.62082731291e-08	-0.00203654855432
1.62123661274e-08	-0.00195224155323
1.62164591256e-08	-0.00164380148635
1.62205521239e-08	-0.00113439821871
1.62246451222e-08	-0.000476127825095
1.62287381204e-08	0.00025422239014
1.62328311187e-08	0.000964295511949
1.62369241169e-08	0.00155917835946
1.62410171152e-08	0.00195634143893
1.62451101135e-08	0.00209988046845
1.62492031117e-08	0.00197128945729
1.625329611e-08	0.00159442366567
1.62573891083e-08	0.00103325415694
1.62614821065e-08	0.000382309892302
1.62655751048e-08	-0.000248871857366
1.62696681031e-08	-0.000754713972128
1.62737611013e-08	-0.001052601423
1.62778540996e-08	-0.00109833059832
1.62819470979e-08	-0.000894918521226
1.62860400961e-08	-0.00049283271801
1.62901330944e-08	1.87456597018e-05
1.62942260927e-08	0.000528282267624
1.62983190909e-08	0.000923002706259
1.63024120892e-08	0.00111083643424
1.63065050875e-08	0.00103895740904
1.63105980857e-08	0.000705201779056
1.6314691084e-08	0.000159922702551
1.63187840822e-08	-0.000502364004205
1.63228770805e-08	-0.00116018633707
1.63269700788e-08	-0.00168802421831
1.6331063077e-08	-0.00198054521752
1.63351560753e-08	-0.00197341637977
1.63392490736e-08	-0.0016565182159
1.63433420718e-08	-0.0010768195134
1.63474350701e-08	-0.000330171465976
1.63515280684e-08	0.000456515612314
1.63556210666e-08	0.0011493090351
1.63597140649e-08	0.00163282499125
1.63638070632e-08	0.0018323057011
1.63679000614e-08	0.00172782906156
1.63719930597e-08	0.00135782523284
1.6376086058e-08	0.000811169622466
1.63801790562e-08	0.000209374332371
1.63842720545e-08	-0.000317638319757
1.63883650527e-08	-0.000657437343762
1.6392458051e-08	-0.000737588437914
1.63965510493e-08	-0.000540365683264
1.64006440475e-08	-0.000106785487333
1.64047370458e-08	0.000470854272862
1.64088300441e-08	0.00106653002877
1.64129230423e-08	0.00154480614583
1.64170160406e-08	0.00178726723243
1.64211090389e-08	0.00171603802301
1.64252020371e-08	0.00130989796889
1.64292950354e-08	0.000609924674791
1.64333880337e-08	-0.000286464215606
1.64374810319e-08	-0.00124199714628
1.64415740302e-08	-0.00210353365401
1.64456670285e-08	-0.00272911628417
1.64497600267e-08	-0.00301310955547
1.6453853025e-08	-0.00290483032586
1.64579460233e-08	-0.00241732565337
1.64620390215e-08	-0.0016247927997
1.64661320198e-08	-0.000649252273433
1.6470225018e-08	0.000360938247468
1.64743180163e-08	0.00125670042326
1.64784110146e-08	0.00191330093367
1.64825040128e-08	0.00225041648082
1.64865970111e-08	0.00224379030988
1.64906900094e-08	0.00192672526464
1.64947830076e-08	0.00138156595494
1.64988760059e-08	0.000723116256268
1.65029690042e-08	7.72795133344e-05
1.65070620024e-08	-0.000441103191406
1.65111550007e-08	-0.000747327601857
1.6515247999e-08	-0.000799705332611
1.65193409972e-08	-0.000604404751357
1.65234339955e-08	-0.000211909711652
1.65275269938e-08	0.000293783201414
1.6531619992e-08	0.000810957972135
1.65357129903e-08	0.0012380398839
1.65398059886e-08	0.00149048492312
1.65438989868e-08	0.00151403908967
1.65479919851e-08	0.00129248905432
1.65520849833e-08	0.000849047843076
1.65561779816e-08	0.000241578487476
1.65602709799e-08	-0.000447219135822
1.65643639781e-08	-0.00112286806689
1.65684569764e-08	-0.00169329169148
1.65725499747e-08	-0.00208197336178
1.65766429729e-08	-0.00223828708113
1.65807359712e-08	-0.00214371869515
1.65848289695e-08	-0.00181337844697
1.65889219677e-08	-0.00129287836899
1.6593014966e-08	-0.000651268070214
1.65971079643e-08	2.88289617174e-05
1.66012009625e-08	0.000662476115394
1.66052939608e-08	0.00117359316937
1.66093869591e-08	0.00150465131446
1.66134799573e-08	0.00162376534718
1.66175729556e-08	0.00152839290968
1.66216659538e-08	0.00124523387058
1.66257589521e-08	0.000826327428513
1.66298519504e-08	0.000341793394909
1.66339449486e-08	-0.000129958943944
1.66380379469e-08	-0.000513379884069
1.66421309452e-08	-0.000746866724512
1.66462239434e-08	-0.00079224161891
1.66503169417e-08	-0.000641151764285
1.665440994e-08	-0.000317233299938
1.66585029382e-08	0.000126585315229
1.66625959365e-08	0.000615556746197
1.66666889348e-08	0.00106448348379
1.6670781933e-08	0.00139135940117
1.66748749313e-08	0.00153113505803
1.66789679296e-08	0.00144725681457
1.66830609278e-08	0.00113885931933
1.66871539261e-08	0.000642138242256
1.66912469244e-08	2.54061662872e-05
1.66953399226e-08	-0.000621536783001
1.66994329209e-08	-0.00120202828111
1.67035259191e-08	-0.0016286689206
1.67076189174e-08	-0.00183809186274
1.67117119157e-08	-0.00180171053216
1.67158049139e-08	-0.00153046404012
1.67198979122e-08	-0.00107267045678
1.67239909105e-08	-0.000505358508235
1.67280839087e-08	7.93506847003e-05
1.6732176907e-08	0.000590322826611
1.67362699053e-08	0.000952993446845
1.67403629035e-08	0.00112162088044
1.67444559018e-08	0.00108602741238
1.67485489001e-08	0.000871699165145
1.67526418983e-08	0.000533377664397
1.67567348966e-08	0.000143520725032
1.67608278949e-08	-0.000222021244554
1.67649208931e-08	-0.000498273446283
1.67690138914e-08	-0.000642565861199
1.67731068897e-08	-0.000640958747681
1.67771998879e-08	-0.000508556040586
1.67812928862e-08	-0.000283872877844
1.67853858844e-08	-1.8666594201e-05
1.67894788827e-08	0.000234417848333
1.6793571881e-08	0.000433591420006
1.67976648792e-08	0.000556426828553
1.68017578775e-08	0.000603259984928
1.68058508758e-08	0.00059479778065
1.6809943874e-08	0.000564586691326
1.68140368723e-08	0.000548214269656
1.68181298706e-08	0.000571924327232
1.68222228688e-08	0.00064353383641
1.68263158671e-08	0.000748046062654
1.68304088654e-08	0.000849300224218
1.68345018636e-08	0.000897590907698
1.68385948619e-08	0.000841756205773
1.68426878602e-08	0.000643077517452
1.68467808584e-08	0.000287749968265
1.68508738567e-08	-0.000205172515052
1.6854966855e-08	-0.000782599017839
1.68590598532e-08	-0.00136383612698
1.68631528515e-08	-0.00185383095231
1.68672458497e-08	-0.00216087633453
1.6871338848e-08	-0.00221532756404
1.68754318463e-08	-0.00198545589228
1.68795248445e-08	-0.00148695232201
1.68836178428e-08	-0.000783719879109
1.68877108411e-08	2.07361658795e-05
1.68918038393e-08	0.000800153291493
1.68958968376e-08	0.00142769589729
1.68999898359e-08	0.00179940735688
1.69040828341e-08	0.00185442203656
1.69081758324e-08	0.00158786885731
1.69122688307e-08	0.00105367053038
1.69163618289e-08	0.0003563017126
1.69204548272e-08	-0.000367303093299
1.69245478255e-08	-0.00097257685411
1.69286408237e-08	-0.00133435877797
1.6932733822e-08	-0.00137103057205
1.69368268202e-08	-0.00106105730083
1.69409198185e-08	-0.000448597431387
1.69450128168e-08	0.00036313493365
1.6949105815e-08	0.0012297552239
1.69531988133e-08	0.00199165511003
1.69572918116e-08	0.00250321083877
1.69613848098e-08	0.00265977496747
1.69654778081e-08	0.00241735408781
1.69695708064e-08	0.00180122938764
1.69736638046e-08	0.000901882536709
1.69777568029e-08	-0.00014100198041
1.69818498012e-08	-0.00116342591355
1.69859427994e-08	-0.00200617341034
1.69900357977e-08	-0.00254268986464
1.6994128796e-08	-0.00270061654737
1.69982217942e-08	-0.00247313301952
1.70023147925e-08	-0.00191825724323
1.70064077908e-08	-0.00114652146294
1.7010500789e-08	-0.000299584820823
1.70145937873e-08	0.000476052315207
1.70186867855e-08	0.00105526478001
1.70227797838e-08	0.00135566524841
1.70268727821e-08	0.00135038098233
1.70309657803e-08	0.00107022294105
1.70350587786e-08	0.00059522144511
1.70391517769e-08	3.74817525426e-05
1.70432447751e-08	-0.000481157894683
1.70473377734e-08	-0.000852355122333
1.70514307717e-08	-0.00100105546881
1.70555237699e-08	-0.000898315498489
1.70596167682e-08	-0.000565037949855
1.70637097665e-08	-6.62792804178e-05
1.70678027647e-08	0.000502450511704
1.7071895763e-08	0.00103403469257
1.70759887613e-08	0.0014300249677
1.70800817595e-08	0.00161850778386
1.70841747578e-08	0.00156634970335
1.70882677561e-08	0.0012838116163
1.70923607543e-08	0.000821035377157
1.70964537526e-08	0.000257457140833
1.71005467508e-08	-0.000313516760798
1.71046397491e-08	-0.000801495705673
1.71087327474e-08	-0.00113456005784
1.71128257456e-08	-0.00127049200091
1.71169187439e-08	-0.00120205734856
1.71210117422e-08	-0.000955833063927
1.71251047404e-08	-0.000585289999435
1.71291977387e-08	-0.000159818342581
1.7133290737e-08	0.000248039952567
1.71373837352e-08	0.000574788165977
1.71414767335e-08	0.000775584230723
1.71455697318e-08	0.000829897879157
1.714966273e-08	0.00074266235606
1.71537557283e-08	0.000541189208889
1.71578487266e-08	0.000268785002845
1.71619417248e-08	-2.35668610173e-05
1.71660347231e-08	-0.000285952610284
1.71701277213e-08	-0.000477305460663
1.71742207196e-08	-0.000571122083784
1.71783137179e-08	-0.000558458519663
1.71824067161e-08	-0.000448014016001
1.71864997144e-08	-0.000263551570242
1.71905927127e-08	-3.92507731704e-05
1.71946857109e-08	0.000186178342119
1.71987787092e-08	0.000375701923986
1.72028717075e-08	0.000499598110764
1.72069647057e-08	0.000539763772395
1.7211057704e-08	0.000492156606924
1.72151507023e-08	0.000367105161786
1.72192437005e-08	0.000187496773833
1.72233366988e-08	-1.48831838374e-05
1.72274296971e-08	-0.000204366002436
1.72315226953e-08	-0.000347085899193
1.72356156936e-08	-0.000416553157265
1.72397086919e-08	-0.000398302061512
1.72438016901e-08	-0.000292871995043
1.72478946884e-08	-0.000116541891657
1.72519876866e-08	0.000100505264527
1.72560806849e-08	0.000318542506648
1.72601736832e-08	0.000494722451549
1.72642666814e-08	0.000590679141169
1.72683596797e-08	0.000580089883442
1.7272452678e-08	0.000454804918263
1.72765456762e-08	0.00022822263054
1.72806386745e-08	-6.5080967488e-05
1.72847316728e-08	-0.000373861943444
1.7288824671e-08	-0.000638473822619
1.72929176693e-08	-0.000801690730441
1.72970106676e-08	-0.000820222740003
1.73011036658e-08	-0.000674697697832
1.73051966641e-08	-0.0003759341962
1.73092896624e-08	3.4146910366e-05
1.73133826606e-08	0.000487698336656
1.73174756589e-08	0.000901754203369
1.73215686572e-08	0.0011930281762
1.73256616554e-08	0.00129410245427
1.73297546537e-08	0.00116791056644
1.73338476519e-08	0.00081751455582
1.73379406502e-08	0.000288884528345
1.73420336485e-08	-0.000334387648763
1.73461266467e-08	-0.000943984436162
1.7350219645e-08	-0.00142540706292
1.73543126433e-08	-0.00167898301152
1.73584056415e-08	-0.00163949155831
1.73624986398e-08	-0.00129059864412
1.73665916381e-08	-0.000671076617436
1.73706846363e-08	0.00012882181818
1.73747776346e-08	0.000980692719168
1.73788706329e-08	0.00173902846291
1.73829636311e-08	0.00226647045929
1.73870566294e-08	0.00245880428702
1.73911496277e-08	0.00226507576008
1.73952426259e-08	0.00169891712721
1.73993356242e-08	0.000838648033096
1.74034286225e-08	-0.000184275848369
1.74075216207e-08	-0.00120673687343
1.7411614619e-08	-0.00206172808248
1.74157076172e-08	-0.00260751185124
1.74198006155e-08	-0.00275284974487
1.74238936138e-08	-0.0024735917541
1.7427986612e-08	-0.00181743537541
1.74320796103e-08	-0.000895826116903
1.74361726086e-08	0.000135634619255
1.74402656068e-08	0.00110475295514
1.74443586051e-08	0.0018532184622
1.74484516034e-08	0.00226438342361
1.74525446016e-08	0.00228324533964
1.74566375999e-08	0.00192500792036
1.74607305982e-08	0.00127076163335
1.74648235964e-08	0.000451264873846
1.74689165947e-08	-0.000377982503778
1.7473009593e-08	-0.0010656093873
1.74771025912e-08	-0.00149176396371
1.74811955895e-08	-0.00158898408699
1.74852885877e-08	-0.0013528476411
1.7489381586e-08	-0.000840699452965
1.74934745843e-08	-0.000159024062668
1.74975675825e-08	0.00055787464953
1.75016605808e-08	0.0011736657616
1.75057535791e-08	0.00157530537399
1.75098465773e-08	0.0016931588325
1.75139395756e-08	0.00151233776705
1.75180325739e-08	0.00107340125396
1.75221255721e-08	0.000462641273771
1.75262185704e-08	-0.00020587504514
1.75303115687e-08	-0.000812817721453
1.75344045669e-08	-0.001256216201
1.75384975652e-08	-0.00146984979801
1.75425905635e-08	-0.00143400851084
1.75466835617e-08	-0.00117681831034
1.755077656e-08	-0.000766210996517
1.75548695583e-08	-0.000294451394439
1.75589625565e-08	0.000141473111398
1.75630555548e-08	0.000459555481939
1.7567148553e-08	0.000608630591159
1.75712415513e-08	0.000577363334742
1.75753345496e-08	0.000394795573811
1.75794275478e-08	0.000122620735965
1.75835205461e-08	-0.000158998474944
1.75876135444e-08	-0.000369015759134
1.75917065426e-08	-0.00044285725744
1.75957995409e-08	-0.000346088509104
1.75998925392e-08	-8.17692798591e-05
1.76039855374e-08	0.00030979501571
1.76080785357e-08	0.000758676222176
1.7612171534e-08	0.00117867734662
1.76162645322e-08	0.0014837441995
1.76203575305e-08	0.00160427976516
1.76244505288e-08	0.00150034858962
1.7628543527e-08	0.00116944724141
1.76326365253e-08	0.000647587774438
1.76367295236e-08	3.68774419712e-06
1.76408225218e-08	-0.000671582463838
1.76449155201e-08	-0.00128043292352
1.76490085183e-08	-0.00173350660771
1.76531015166e-08	-0.00196376611711
1.76571945149e-08	-0.00193655020848
1.76612875131e-08	-0.00165436642419
1.76653805114e-08	-0.00115589954657
1.76694735097e-08	-0.000509663674165
1.76735665079e-08	0.000196467786736
1.76776595062e-08	0.000868083021487
1.76817525045e-08	0.00141740975232
1.76858455027e-08	0.00177496290416
1.7689938501e-08	0.00189816499187
1.76940314993e-08	0.00177599111339
1.76981244975e-08	0.00142931888695
1.77022174958e-08	0.000907241003006
1.77063104941e-08	0.000280077270872
1.77104034923e-08	-0.000369879451682
1.77144964906e-08	-0.000958719399932
1.77185894888e-08	-0.00141121615161
1.77226824871e-08	-0.00166999266366
1.77267754854e-08	-0.00170263071777
1.77308684836e-08	-0.00150597069296
1.77349614819e-08	-0.00110707073327
1.77390544802e-08	-0.000560542746825
1.77431474784e-08	5.76903976253e-05
1.77472404767e-08	0.000659768458718
1.7751333475e-08	0.0011574911332
1.77554264732e-08	0.00147480116721
1.77595194715e-08	0.00155948691827
1.77636124698e-08	0.00139230446803
1.7767705468e-08	0.000991866159893
1.77717984663e-08	0.000414104735682
1.77758914646e-08	-0.000254107097135
1.77799844628e-08	-0.000906673303689
1.77840774611e-08	-0.00143386560376
1.77881704594e-08	-0.0017395314062
1.77922634576e-08	-0.0017571895587
1.77963564559e-08	-0.00146227958612
1.78004494541e-08	-0.000878289873071
1.78045424524e-08	-7.54285053972e-05
1.78086354507e-08	0.000838311301777
1.78127284489e-08	0.00173253045068
1.78168214472e-08	0.00247394875623
1.78209144455e-08	0.00294700206723
1.78250074437e-08	0.0030721478397
1.7829100442e-08	0.00281881171395
1.78331934403e-08	0.00221074974979
1.78372864385e-08	0.00132285147265
1.78413794368e-08	0.000269840269539
1.78454724351e-08	-0.000811296813481
1.78495654333e-08	-0.0017822427908
1.78536584316e-08	-0.00252416584408
1.78577514299e-08	-0.00295495685714
1.78618444281e-08	-0.0030400766409
1.78659374264e-08	-0.00279536403832
1.78700304247e-08	-0.00228157415404
1.78741234229e-08	-0.0015918850695
1.78782164212e-08	-0.000834825252241
1.78823094194e-08	-0.000115832733627
1.78864024177e-08	0.000479244434246
1.7890495416e-08	0.000895898498129
1.78945884142e-08	0.00111617154471
1.78986814125e-08	0.00115686532081
1.79027744108e-08	0.00106165149191
1.7906867409e-08	0.000889099057531
1.79109604073e-08	0.000699285028531
1.79150534056e-08	0.000541744135262
1.79191464038e-08	0.000447019556304
1.79232394021e-08	0.000423162869993
1.79273324004e-08	0.000457403501059
1.79314253986e-08	0.000522121848917
1.79355183969e-08	0.000583419321629
1.79396113952e-08	0.00061016370455
1.79437043934e-08	0.000581458349188
1.79477973917e-08	0.000491004535434
1.79518903899e-08	0.000347630893884
1.79559833882e-08	0.000172168942299
1.79600763865e-08	-8.33777920661e-06
1.79641693847e-08	-0.000167554475411
1.7968262383e-08	-0.000286189047983
1.79723553813e-08	-0.000356242264388
1.79764483795e-08	-0.000382225054636
1.79805413778e-08	-0.000379134004106
1.79846343761e-08	-0.000367743343304
1.79887273743e-08	-0.000368398470528
1.79928203726e-08	-0.000394844668335
1.79969133709e-08	-0.000449630460935
1.80010063691e-08	-0.000522267739143
1.80050993674e-08	-0.000590704385104
1.80091923657e-08	-0.000625898086582
1.80132853639e-08	-0.000598547376285
1.80173783622e-08	-0.000486508193717
1.80214713605e-08	-0.000281201930193
1.80255643587e-08	8.50910862482e-06
1.8029657357e-08	0.000355985823262
1.80337503552e-08	0.000720256062777
1.80378433535e-08	0.00105265287129
1.80419363518e-08	0.00130534826894
1.804602935e-08	0.00144004137837
1.80501223483e-08	0.00143499660771
1.80542153466e-08	0.00128897079412
1.80583083448e-08	0.00102123533725
1.80624013431e-08	0.000667744508974
1.80664943414e-08	0.000274315671049
1.80705873396e-08	-0.000111704821393
1.80746803379e-08	-0.000449538030807
1.80787733362e-08	-0.000711188338755
1.80828663344e-08	-0.000884609587956
1.80869593327e-08	-0.000973368376435
1.8091052331e-08	-0.000993137597106
1.80951453292e-08	-0.000966035426245
1.80992383275e-08	-0.000914239652047
1.81033313258e-08	-0.000854385325511
1.8107424324e-08	-0.000793997940491
1.81115173223e-08	-0.0007306901025
1.81156103205e-08	-0.000654167750326
1.81197033188e-08	-0.00055042697204
1.81237963171e-08	-0.000407018716942
1.81278893153e-08	-0.000218040480831
1.81319823136e-08	1.24171699269e-05
1.81360753119e-08	0.000269271047728
1.81401683101e-08	0.000528220185515
1.81442613084e-08	0.000759961720178
1.81483543067e-08	0.000935938063776
1.81524473049e-08	0.00103433091135
1.81565403032e-08	0.00104491200182
1.81606333015e-08	0.000971592424321
1.81647262997e-08	0.000831997276691
1.8168819298e-08	0.000654066574498
1.81729122963e-08	0.00047036775868
1.81770052945e-08	0.000311350790071
1.81810982928e-08	0.00019906214311
1.81851912911e-08	0.000142762661199
1.81892842893e-08	0.000137483499202
1.81933772876e-08	0.000165895522514
1.81974702858e-08	0.000203090407012
1.82015632841e-08	0.000223156681386
1.82056562824e-08	0.000205964470297
1.82097492806e-08	0.000142492783198
1.82138422789e-08	3.73479517748e-05
1.82179352772e-08	-9.22329077184e-05
1.82220282754e-08	-0.000220755971895
1.82261212737e-08	-0.000321237414028
1.8230214272e-08	-0.000372728098228
1.82343072702e-08	-0.000366702455722
1.82384002685e-08	-0.00031060148649
1.82424932668e-08	-0.000227428496146
1.8246586265e-08	-0.000151192914927
1.82506792633e-08	-0.000118994988952
1.82547722616e-08	-0.000161402203958
1.82588652598e-08	-0.000293294659059
1.82629582581e-08	-0.000507408814883
1.82670512563e-08	-0.000772362516727
1.82711442546e-08	-0.00103606124321
1.82752372529e-08	-0.00123426214122
1.82793302511e-08	-0.00130292393442
1.82834232494e-08	-0.00119204483781
1.82875162477e-08	-0.000878194798133
1.82916092459e-08	-0.000373000719264
1.82957022442e-08	0.000274524030829
1.82997952425e-08	0.000982813406154
1.83038882407e-08	0.00164938844682
1.8307981239e-08	0.00216756644659
1.83120742373e-08	0.00244537957769
1.83161672355e-08	0.00242321593396
1.83202602338e-08	0.00208674062742
1.83243532321e-08	0.00147237500641
1.83284462303e-08	0.000663883354719
1.83325392286e-08	-0.000219749650569
1.83366322269e-08	-0.00104331352486
1.83407252251e-08	-0.00167801763746
1.83448182234e-08	-0.00202375451045
1.83489112216e-08	-0.00202689312573
1.83530042199e-08	-0.00169025688956
1.83570972182e-08	-0.00107331684558
1.83611902164e-08	-0.00028241862492
1.83652832147e-08	0.000547287749214
1.8369376213e-08	0.00127501757379
1.83734692112e-08	0.00177845035796
1.83775622095e-08	0.00197444253718
1.83816552078e-08	0.00183269042464
1.8385748206e-08	0.00138000759034
1.83898412043e-08	0.000694613136147
1.83939342026e-08	-0.000108342297608
1.83980272008e-08	-0.000897247009561
1.84021201991e-08	-0.00154670840129
1.84062131974e-08	-0.00195838022046
1.84103061956e-08	-0.00207634364779
1.84143991939e-08	-0.00189455144573
1.84184921922e-08	-0.00145534313197
1.84225851904e-08	-0.000839690757857
1.84266781887e-08	-0.000151289624228
1.84307711869e-08	0.000502384235006
1.84348641852e-08	0.00102852407144
1.84389571835e-08	0.0013636746371
1.84430501817e-08	0.00148220694246
1.844714318e-08	0.0013974051908
1.84512361783e-08	0.00115540680417
1.84553291765e-08	0.000823556561954
1.84594221748e-08	0.000475708362501
1.84635151731e-08	0.000177464808985
1.84676081713e-08	-2.58028649114e-05
1.84717011696e-08	-0.0001159843805
1.84757941679e-08	-0.000103211881196
1.84798871661e-08	-2.09386727619e-05
1.84839801644e-08	8.3565816567e-05
1.84880731627e-08	0.000161116059644
1.84921661609e-08	0.000172336401192
1.84962591592e-08	9.67809005488e-05
1.85003521574e-08	-6.23664986961e-05
1.85044451557e-08	-0.000278880004771
1.8508538154e-08	-0.000509136447363
1.85126311522e-08	-0.000701567983924
1.85167241505e-08	-0.000807947180874
1.85208171488e-08	-0.000794205217971
1.8524910147e-08	-0.000648617318802
1.85290031453e-08	-0.000385717023164
1.85330961436e-08	-4.51245250588e-05
1.85371891418e-08	0.000314573457217
1.85412821401e-08	0.000625850650977
1.85453751384e-08	0.000824423979793
1.85494681366e-08	0.000861457912833
1.85535611349e-08	0.000713627112418
1.85576541332e-08	0.000389206787077
1.85617471314e-08	-7.10026765773e-05
1.85658401297e-08	-0.000598282567807
1.8569933128e-08	-0.00110558897723
1.85740261262e-08	-0.001500769009
1.85781191245e-08	-0.00170140685805
1.85822121227e-08	-0.00164896763454
1.8586305121e-08	-0.00131993456307
1.85903981193e-08	-0.000732016131224
1.85944911175e-08	5.5795706885e-05
1.85985841158e-08	0.000949607710936
1.86026771141e-08	0.00183274697338
1.86067701123e-08	0.00258199713426
1.86108631106e-08	0.00308562390273
1.86149561089e-08	0.00326049714931
1.86190491071e-08	0.00306564211496
1.86231421054e-08	0.00251002941513
1.86272351037e-08	0.00165319837106
1.86313281019e-08	0.00059837590743
1.86354211002e-08	-0.000521137597389
1.86395140985e-08	-0.00156049393991
1.86436070967e-08	-0.00238408858422
1.8647700095e-08	-0.00288553517021
1.86517930933e-08	-0.00300375829102
1.86558860915e-08	-0.0027326191921
1.86599790898e-08	-0.00212240198744
1.8664072088e-08	-0.0012726727291
1.86681650863e-08	-0.000317375477607
1.86722580846e-08	0.000595689809415
1.86763510828e-08	0.00132788968767
1.86804440811e-08	0.00177163815533
1.86845370794e-08	0.00186753219168
1.86886300776e-08	0.00161380924692
1.86927230759e-08	0.00106639448495
1.86968160742e-08	0.000329344784404
1.87009090724e-08	-0.000462862437416
1.87050020707e-08	-0.00116828225146
1.8709095069e-08	-0.00166180270026
1.87131880672e-08	-0.00185658878763
1.87172810655e-08	-0.00171888673503
1.87213740638e-08	-0.0012735176424
1.8725467062e-08	-0.000599038496148
1.87295600603e-08	0.00018660274327
1.87336530585e-08	0.000947360567807
1.87377460568e-08	0.00155350778368
1.87418390551e-08	0.00190474900592
1.87459320533e-08	0.00194783270126
1.87500250516e-08	0.00168545360793
1.87541180499e-08	0.00117484958901
1.87582110481e-08	0.00051639549929
1.87623040464e-08	-0.000165628456671
1.87663970447e-08	-0.000746474637708
1.87704900429e-08	-0.00112415869808
1.87745830412e-08	-0.00123810926743
1.87786760395e-08	-0.00107971648686
1.87827690377e-08	-0.000692808873282
1.8786862036e-08	-0.000164023236721
1.87909550343e-08	0.000395026010665
1.87950480325e-08	0.000870270712767
1.87991410308e-08	0.00116796698421
1.88032340291e-08	0.00123321149294
1.88073270273e-08	0.00106049980241
1.88114200256e-08	0.000694188591297
1.88155130238e-08	0.000218738948206
1.88196060221e-08	-0.000259320968325
1.88236990204e-08	-0.000634078285657
1.88277920186e-08	-0.000822941547085
1.88318850169e-08	-0.000784672949521
1.88359780152e-08	-0.000528948970896
1.88400710134e-08	-0.000115331854431
1.88441640117e-08	0.000358320281521
1.884825701e-08	0.000775817468821
1.88523500082e-08	0.00102703253651
1.88564430065e-08	0.00103180381848
1.88605360048e-08	0.000758431178838
1.8864629003e-08	0.000232848610722
1.88687220013e-08	-0.000463632051833
1.88728149996e-08	-0.00120785308536
1.88769079978e-08	-0.00185721945309
1.88810009961e-08	-0.00227678645751
1.88850939944e-08	-0.00236582786602
1.88891869926e-08	-0.00207869167207
1.88932799909e-08	-0.00143577431299
1.88973729891e-08	-0.000522303231264
1.89014659874e-08	0.000525076691702
1.89055589857e-08	0.00154159025988
1.89096519839e-08	0.00236326715094
1.89137449822e-08	0.00285617694317
1.89178379805e-08	0.0029405146779
1.89219309787e-08	0.002605025511
1.8926023977e-08	0.00190903300245
1.89301169753e-08	0.000971678600763
1.89342099735e-08	-4.96424313496e-05
1.89383029718e-08	-0.000987620733213
1.89423959701e-08	-0.00169486773666
1.89464889683e-08	-0.00206970360887
1.89505819666e-08	-0.00207313989813
1.89546749649e-08	-0.00173400100903
1.89587679631e-08	-0.00114141268568
1.89628609614e-08	-0.000426263271947
1.89669539597e-08	0.000264687962044
1.89710469579e-08	0.000797043605417
1.89751399562e-08	0.00107396069507
1.89792329544e-08	0.00105360540329
1.89833259527e-08	0.000755741228204
1.8987418951e-08	0.00025643771005
1.89915119492e-08	-0.000327839705278
1.89956049475e-08	-0.000863523455337
1.89996979458e-08	-0.00122606578952
1.9003790944e-08	-0.0013239148102
1.90078839423e-08	-0.00111590691813
1.90119769406e-08	-0.000618994541583
1.90160699388e-08	9.49031682467e-05
1.90201629371e-08	0.000912088180485
1.90242559354e-08	0.00169765847386
1.90283489336e-08	0.00231954354967
1.90324419319e-08	0.00267156792688
1.90365349302e-08	0.00269143657351
1.90406279284e-08	0.00237060176732
1.90447209267e-08	0.00175453447446
1.90488139249e-08	0.000933697810979
1.90529069232e-08	2.71490512205e-05
1.90569999215e-08	-0.000838051833853
1.90610929197e-08	-0.0015478432324
1.9065185918e-08	-0.00201890231983
1.90692789163e-08	-0.00221022017649
1.90733719145e-08	-0.00212683637801
1.90774649128e-08	-0.00181553611765
1.90815579111e-08	-0.00135377235711
1.90856509093e-08	-0.000834190221212
1.90897439076e-08	-0.000347750885339
1.90938369059e-08	3.14861292736e-05
1.90979299041e-08	0.000257393059655
1.91020229024e-08	0.000317025753247
1.91061159007e-08	0.000229660003242
1.91102088989e-08	4.03129752158e-05
1.91143018972e-08	-0.00019063032687
1.91183948955e-08	-0.000399522687076
1.91224878937e-08	-0.000531037061592
1.9126580892e-08	-0.000547300875041
1.91306738902e-08	-0.000433269742643
1.91347668885e-08	-0.00019781237188
1.91388598868e-08	0.000129234801534
1.9142952885e-08	0.000503135463077
1.91470458833e-08	0.000872142940352
1.91511388816e-08	0.00118578739784
1.91552318798e-08	0.00140225709038
1.91593248781e-08	0.00149387576676
1.91634178764e-08	0.00145010199049
1.91675108746e-08	0.0012779099925
1.91716038729e-08	0.000999808537017
1.91756968712e-08	0.00065003157215
1.91797898694e-08	0.000269604321147
1.91838828677e-08	-9.8989576145e-05
1.9187975866e-08	-0.000416849357862
1.91920688642e-08	-0.000652852668281
1.91961618625e-08	-0.000786626682384
1.92002548608e-08	-0.000810101540992
1.9204347859e-08	-0.000727629736502
1.92084408573e-08	-0.000554793328774
1.92125338555e-08	-0.000316132602165
1.92166268538e-08	-4.21102820383e-05
1.92207198521e-08	0.000234334323977
1.92248128503e-08	0.000481278180814
1.92289058486e-08	0.000671013389365
1.92329988469e-08	0.000782648916356
1.92370918451e-08	0.000803874223493
1.92411848434e-08	0.000731736483431
1.92452778417e-08	0.000572394790652
1.92493708399e-08	0.00033994374644
1.92534638382e-08	5.45141078874e-05
1.92575568365e-08	-0.000260049344433
1.92616498347e-08	-0.000578578066779
1.9265742833e-08	-0.000876700483786
1.92698358313e-08	-0.00113244345994
1.92739288295e-08	-0.00132721682894
1.92780218278e-08	-0.00144624584209
1.9282114826e-08	-0.00147866657062
1.92862078243e-08	-0.00141757869278
1.92903008226e-08	-0.00126034206187
1.92943938208e-08	-0.00100928905158
1.92984868191e-08	-0.000672820631735
1.93025798174e-08	-0.000266605549768
1.93066728156e-08	0.000185586709449
1.93107658139e-08	0.000651985006698
1.93148588122e-08	0.00109433699254
1.93189518104e-08	0.00147111405386
1.93230448087e-08	0.00174229541153
1.9327137807e-08	0.0018751900061
1.93312308052e-08	0.00185036548646
1.93353238035e-08	0.00166650139727
1.93394168018e-08	0.0013429882456
1.93435098e-08	0.000919368751056
1.93476027983e-08	0.000451204436104
1.93516957966e-08	2.62214336999e-06
1.93557887948e-08	-0.000363487417417
1.93598817931e-08	-0.000596060031967
1.93639747913e-08	-0.000665349271003
1.93680677896e-08	-0.000569434909266
1.93721607879e-08	-0.000336247325322
1.93762537861e-08	-2.03286499527e-05
1.93803467844e-08	0.000305515628497
1.93844397827e-08	0.000562543325941
1.93885327809e-08	0.000680397453834
1.93926257792e-08	0.000610910970863
1.93967187775e-08	0.000338791818649
1.94008117757e-08	-0.000113009784855
1.9404904774e-08	-0.000684610640747
1.94089977723e-08	-0.00128738632338
1.94130907705e-08	-0.00181796678226
1.94171837688e-08	-0.00217580141907
1.94212767671e-08	-0.00228126288857
1.94253697653e-08	-0.00209101742075
1.94294627636e-08	-0.00160770208458
1.94335557619e-08	-0.000881879524968
1.94376487601e-08	-5.59168006475e-06
1.94417417584e-08	0.000901629973669
1.94458347566e-08	0.00171200862678
1.94499277549e-08	0.00231068769062
1.94540207532e-08	0.00261503856746
1.94581137514e-08	0.0025886031508
1.94622067497e-08	0.00224708787573
1.9466299748e-08	0.00165526839555
1.94703927462e-08	0.000915323667869
1.94744857445e-08	0.000148721692312
1.94785787428e-08	-0.000525021765498
1.9482671741e-08	-0.00100884314452
1.94867647393e-08	-0.00124418341147
1.94908577376e-08	-0.00121972345369
1.94949507358e-08	-0.000971334615315
1.94990437341e-08	-0.000573433397221
1.95031367324e-08	-0.000123531154713
1.95072297306e-08	0.000277008144622
1.95113227289e-08	0.000542330009921
1.95154157271e-08	0.000617940408119
1.95195087254e-08	0.000490147886012
1.95236017237e-08	0.000187466334864
1.95276947219e-08	-0.000226103734349
1.95317877202e-08	-0.000664454299113
1.95358807185e-08	-0.00103671102261
1.95399737167e-08	-0.0012651265788
1.9544066715e-08	-0.00130007908592
1.95481597133e-08	-0.00112933237688
1.95522527115e-08	-0.000779873022111
1.95563457098e-08	-0.000312097272399
1.95604387081e-08	0.000192382891328
1.95645317063e-08	0.000646834738291
1.95686247046e-08	0.000976219133008
1.95727177029e-08	0.00113143830822
1.95768107011e-08	0.00109828156565
1.95809036994e-08	0.000899420119822
1.95849966977e-08	0.000589194318309
1.95890896959e-08	0.000242332060225
1.95931826942e-08	-6.11160166955e-05
1.95972756924e-08	-0.000251652974839
1.96013686907e-08	-0.00028395557456
1.9605461689e-08	-0.000145681741742
1.96095546872e-08	0.000140117506362
1.96136476855e-08	0.000519311030075
1.96177406838e-08	0.000916781929845
1.9621833682e-08	0.00125031515927
1.96259266803e-08	0.00144565884693
1.96300196786e-08	0.00145001555939
1.96341126768e-08	0.00124159298139
1.96382056751e-08	0.000833633122966
1.96422986734e-08	0.000272386418146
1.96463916716e-08	-0.000370424535504
1.96504846699e-08	-0.00100919638498
1.96545776682e-08	-0.00155801439541
1.96586706664e-08	-0.00194388396631
1.96627636647e-08	-0.00211749374284
1.9666856663e-08	-0.0020599092968
1.96709496612e-08	-0.00178435033013
1.96750426595e-08	-0.00133305230702
1.96791356577e-08	-0.000769973528804
1.9683228656e-08	-0.0001707231404
1.96873216543e-08	0.000388600376027
1.96914146525e-08	0.000841940032842
1.96955076508e-08	0.0011417062924
1.96996006491e-08	0.00126407438802
1.97036936473e-08	0.00121067820874
1.97077866456e-08	0.0010067718249
1.97118796439e-08	0.000696396629792
1.97159726421e-08	0.000335427992468
1.97200656404e-08	-1.64619120824e-05
1.97241586387e-08	-0.000303881332002
1.97282516369e-08	-0.000482911393192
1.97323446352e-08	-0.000526658077433
1.97364376335e-08	-0.000428614917837
1.97405306317e-08	-0.000203509371204
1.974462363e-08	0.00011446087592
1.97487166283e-08	0.000475870743685
1.97528096265e-08	0.000822424066428
1.97569026248e-08	0.00109480343963
1.9760995623e-08	0.00124115043582
1.97650886213e-08	0.00122511164955
1.97691816196e-08	0.00103230316017
1.97732746178e-08	0.00067409989424
1.97773676161e-08	0.000187917909898
1.97814606144e-08	-0.000366415386452
1.97855536126e-08	-0.000914036390895
1.97896466109e-08	-0.00137535669637
1.97937396092e-08	-0.00167791983404
1.97978326074e-08	-0.00176801878843
1.98019256057e-08	-0.0016201640392
1.9806018604e-08	-0.00124269387015
1.98101116022e-08	-0.000678337844874
1.98142046005e-08	6.74277657708e-07
1.98182975988e-08	0.000702451045072
1.9822390597e-08	0.00132884664345
1.98264835953e-08	0.0017903772823
1.98305765935e-08	0.00202023802558
1.98346695918e-08	0.00198505935259
1.98387625901e-08	0.00169052496494
1.98428555883e-08	0.00118078092783
1.98469485866e-08	0.00053162205586
1.98510415849e-08	-0.000161493091582
1.98551345831e-08	-0.000798632463557
1.98592275814e-08	-0.00129123778606
1.98633205797e-08	-0.00157595136261
1.98674135779e-08	-0.00162406943855
1.98715065762e-08	-0.00144502756302
1.98755995745e-08	-0.00108339951112
1.98796925727e-08	-0.00061005594398
1.9883785571e-08	-0.0001091484678
1.98878785693e-08	0.000336689883625
1.98919715675e-08	0.000660252957459
1.98960645658e-08	0.000820325600216
1.99001575641e-08	0.00080714685464
1.99042505623e-08	0.000642014339974
1.99083435606e-08	0.000371382335288
1.99124365588e-08	5.68154025586e-05
1.99165295571e-08	-0.000237118933001
1.99206225554e-08	-0.000454669261671
1.99247155536e-08	-0.000558263007406
1.99288085519e-08	-0.000533845162863
1.99329015502e-08	-0.000391499885154
1.99369945484e-08	-0.000161623434906
1.99410875467e-08	0.000112254194391
1.9945180545e-08	0.0003823459665
1.99492735432e-08	0.000605343408097
1.99533665415e-08	0.000749364313378
1.99574595398e-08	0.000797987937403
1.9961552538e-08	0.000750968865759
1.99656455363e-08	0.000621935858362
1.99697385346e-08	0.00043396766705
1.99738315328e-08	0.000214272784433
1.99779245311e-08	-1.07550325197e-05
1.99820175294e-08	-0.000219091649342
1.99861105276e-08	-0.000394712255002
1.99902035259e-08	-0.000527323169081
1.99942965241e-08	-0.000610724193393
1.99983895224e-08	-0.00064066539926
2.00024825207e-08	-0.000613145173702
2.00065755189e-08	-0.000523921462445
2.00106685172e-08	-0.000369600713384
2.00147615155e-08	-0.000150150934132
2.00188545137e-08	0.000127838132357
2.0022947512e-08	0.000448179591331
2.00270405103e-08	0.000783527357271
2.00311335085e-08	0.00109616452391
2.00352265068e-08	0.00134160371817
2.00393195051e-08	0.00147481177555
2.00434125033e-08	0.00145816597069
2.00475055016e-08	0.00126968278346
2.00515984999e-08	0.000909764094104
2.00556914981e-08	0.000404800230172
2.00597844964e-08	-0.000193572188437
2.00638774946e-08	-0.000813980514067
2.00679704929e-08	-0.00137506477768
2.00720634912e-08	-0.00179802245111
2.00761564894e-08	-0.00201981452119
2.00802494877e-08	-0.0020045923884
2.0084342486e-08	-0.00175110531563
2.00884354842e-08	-0.00129446880601
2.00925284825e-08	-0.000701670178387
2.00966214808e-08	-6.13447894011e-05
2.0100714479e-08	0.000530547662493
2.01048074773e-08	0.000986678642221
2.01089004756e-08	0.00124311386026
2.01129934738e-08	0.00127020776563
2.01170864721e-08	0.0010776148265
2.01211794704e-08	0.000712432531145
2.01252724686e-08	0.000250746550591
2.01293654669e-08	-0.000215946505705
2.01334584652e-08	-0.000597015183303
2.01375514634e-08	-0.000818757544039
2.01416444617e-08	-0.000837374078401
2.01457374599e-08	-0.000646530261292
2.01498304582e-08	-0.000278177591099
2.01539234565e-08	0.00020346538804
2.01580164547e-08	0.000713631237886
2.0162109453e-08	0.00116224950762
2.01662024513e-08	0.00146993387898
2.01702954495e-08	0.00158183980966
2.01743884478e-08	0.00147695273336
2.01784814461e-08	0.00117123703239
2.01825744443e-08	0.000714222369425
2.01866674426e-08	0.000179812441274
2.01907604409e-08	-0.000346878177879
2.01948534391e-08	-0.00078420319187
2.01989464374e-08	-0.00106755138404
2.02030394357e-08	-0.00115946834558
2.02071324339e-08	-0.00105472176074
2.02112254322e-08	-0.000779695801612
2.02153184305e-08	-0.000386530547985
2.02194114287e-08	5.66728585909e-05
2.0223504427e-08	0.000477661087643
2.02275974252e-08	0.000811711528513
2.02316904235e-08	0.00101124015782
2.02357834218e-08	0.00105189452006
2.023987642e-08	0.00093442783691
2.02439694183e-08	0.000682434154442
2.02480624166e-08	0.000336724870067
2.02521554148e-08	-5.23974438238e-05
2.02562484131e-08	-0.000433492125012
2.02603414114e-08	-0.000761548100854
2.02644344096e-08	-0.00100365019898
2.02685274079e-08	-0.00114207938168
2.02726204062e-08	-0.00117469799443
2.02767134044e-08	-0.00111293600639
2.02808064027e-08	-0.000978028489044
2.0284899401e-08	-0.000796337619249
2.02889923992e-08	-0.000594622946664
2.02930853975e-08	-0.000395994185965
2.02971783958e-08	-0.000217055878238
2.0301271394e-08	-6.64802482788e-05
2.03053643923e-08	5.49951787434e-05
2.03094573905e-08	0.000153346682964
2.03135503888e-08	0.000239140426856
2.03176433871e-08	0.000324889619151
2.03217363853e-08	0.00042226898222
2.03258293836e-08	0.000539525830391
2.03299223819e-08	0.000679378867062
2.03340153801e-08	0.000837653766212
2.03381083784e-08	0.00100286291126
2.03422013767e-08	0.00115688089136
2.03462943749e-08	0.00127677532146
2.03503873732e-08	0.00133772368281
2.03544803715e-08	0.00131677259196
2.03585733697e-08	0.00119701045332
2.0362666368e-08	0.000971544104686
2.03667593663e-08	0.000646550040983
2.03708523645e-08	0.000242689769948
2.03749453628e-08	-0.000205653015655
2.0379038361e-08	-0.000653553750453
2.03831313593e-08	-0.00105096865445
2.03872243576e-08	-0.00134975418041
2.03913173558e-08	-0.00151123097021
2.03954103541e-08	-0.00151298954734
2.03995033524e-08	-0.0013536203478
2.04035963506e-08	-0.00105429474934
2.04076893489e-08	-0.000656628217257
2.04117823472e-08	-0.000216900800297
2.04158753454e-08	0.000202578008611
2.04199683437e-08	0.000543570629816
2.0424061342e-08	0.000761696894187
2.04281543402e-08	0.000834074453451
2.04322473385e-08	0.000763301388361
2.04363403368e-08	0.000576881018787
2.0440433335e-08	0.000322026644426
2.04445263333e-08	5.66664834878e-05
2.04486193316e-08	-0.000161744920661
2.04527123298e-08	-0.000287512380964
2.04568053281e-08	-0.000295884345178
2.04608983263e-08	-0.000188269495084
2.04649913246e-08	7.66693455034e-06
2.04690843229e-08	0.000243219414187
2.04731773211e-08	0.000458309754322
2.04772703194e-08	0.000593824828684
2.04813633177e-08	0.000604237360676
2.04854563159e-08	0.000467980720714
2.04895493142e-08	0.000193401221622
2.04936423125e-08	-0.000181086090379
2.04977353107e-08	-0.000592908178078
2.0501828309e-08	-0.000966375417192
2.05059213073e-08	-0.0012268552091
2.05100143055e-08	-0.00131537970447
2.05141073038e-08	-0.0012008179765
2.05182003021e-08	-0.00088713918376
2.05222933003e-08	-0.000414182879467
2.05263862986e-08	0.000148408318637
2.05304792969e-08	0.000713103017915
2.05345722951e-08	0.00119007324247
2.05386652934e-08	0.00150353330537
2.05427582916e-08	0.00160570260778
2.05468512899e-08	0.0014856873604
2.05509442882e-08	0.00117152796156
2.05550372864e-08	0.000724960216758
2.05591302847e-08	0.000229839435633
2.0563223283e-08	-0.000223574408665
2.05673162812e-08	-0.000555480452022
2.05714092795e-08	-0.000711337204848
2.05755022778e-08	-0.00067178806421
2.0579595276e-08	-0.000455832519947
2.05836882743e-08	-0.000116671579235
2.05877812726e-08	0.000268932759354
2.05918742708e-08	0.000615706248936
2.05959672691e-08	0.000846404618642
2.06000602674e-08	0.000906675682927
2.06041532656e-08	0.000775418237026
2.06082462639e-08	0.000468708993139
2.06123392621e-08	3.66143882502e-05
2.06164322604e-08	-0.00044641855493
2.06205252587e-08	-0.00089566873794
2.06246182569e-08	-0.00123199030349
2.06287112552e-08	-0.00139636553649
2.06328042535e-08	-0.00136043006205
2.06368972517e-08	-0.0011310634145
2.064099025e-08	-0.00074832521932
2.06450832483e-08	-0.000277317682048
2.06491762465e-08	0.000204291814953
2.06532692448e-08	0.000620566381258
2.06573622431e-08	0.000910642396775
2.06614552413e-08	0.00103863813274
2.06655482396e-08	0.000998409537715
2.06696412379e-08	0.000812518948806
2.06737342361e-08	0.000525952800672
2.06778272344e-08	0.000196130065888
2.06819202327e-08	-0.000118610508252
2.06860132309e-08	-0.000369685547412
2.06901062292e-08	-0.000526060757693
2.06941992274e-08	-0.000577827308007
2.06982922257e-08	-0.000535178445716
2.0702385224e-08	-0.000423391757067
2.07064782222e-08	-0.00027522695018
2.07105712205e-08	-0.000122604780699
2.07146642188e-08	1.0527523159e-05
2.0718757217e-08	0.000112620154596
2.07228502153e-08	0.000185391634659
2.07269432136e-08	0.000241149877183
2.07310362118e-08	0.000297394177323
2.07351292101e-08	0.000370138757717
2.07392222084e-08	0.000467668811325
2.07433152066e-08	0.000586315301916
2.07474082049e-08	0.000709365416697
2.07515012032e-08	0.000809504963399
2.07555942014e-08	0.000854367950524
2.07596871997e-08	0.000814038947283
2.0763780198e-08	0.00066886611603
2.07678731962e-08	0.000415814916778
2.07719661945e-08	7.18500623407e-05
2.07760591927e-08	-0.00032658893906
2.0780152191e-08	-0.000728159073333
2.07842451893e-08	-0.00107453431701
2.07883381875e-08	-0.00131025919109
2.07924311858e-08	-0.00139268860949
2.07965241841e-08	-0.00130011291185
2.08006171823e-08	-0.00103648458025
2.08047101806e-08	-0.000631796610833
2.08088031789e-08	-0.000137973023811
2.08128961771e-08	0.000379014352802
2.08169891754e-08	0.000849407253554
2.08210821737e-08	0.0012104804191
2.08251751719e-08	0.00141604629607
2.08292681702e-08	0.00144307006849
2.08333611685e-08	0.00129438265867
2.08374541667e-08	0.000997203729639
2.0841547165e-08	0.000597933063545
2.08456401632e-08	0.000154286688485
2.08497331615e-08	-0.000273761832432
2.08538261598e-08	-0.000632696403045
2.0857919158e-08	-0.000882483029272
2.08620121563e-08	-0.00100096085953
2.08661051546e-08	-0.000985186568869
2.08701981528e-08	-0.000849876087159
2.08742911511e-08	-0.000623542789981
2.08783841494e-08	-0.000343224639437
2.08824771476e-08	-4.87817028443e-05
2.08865701459e-08	0.000222349576688
2.08906631442e-08	0.00043929354797
2.08947561424e-08	0.000580418949539
2.08988491407e-08	0.000634528172668
2.0902942139e-08	0.000600758768996
2.09070351372e-08	0.000487537610752
2.09111281355e-08	0.000310949730192
2.09152211338e-08	9.28075542106e-05
2.0919314132e-08	-0.000141403627822
2.09234071303e-08	-0.000364642448403
2.09275001285e-08	-0.000550510845642
2.09315931268e-08	-0.000675560480886
2.09356861251e-08	-0.000721660620911
2.09397791233e-08	-0.000678251344652
2.09438721216e-08	-0.000544194164831
2.09479651199e-08	-0.000328855276166
2.09520581181e-08	-5.20617024904e-05
2.09561511164e-08	0.000257327976215
2.09602441147e-08	0.000564294208743
2.09643371129e-08	0.000831754136016
2.09684301112e-08	0.0010254013614
2.09725231095e-08	0.00111859489698
2.09766161077e-08	0.00109651230014
2.0980709106e-08	0.000958843964327
2.09848021043e-08	0.000720489606465
2.09888951025e-08	0.000410036187532
2.09929881008e-08	6.61673122977e-05
2.09970810991e-08	-0.000267484532742
2.10011740973e-08	-0.000548263065866
2.10052670956e-08	-0.000740291819966
2.10093600938e-08	-0.000819285633042
2.10134530921e-08	-0.000775680971856
2.10175460904e-08	-0.000615682758507
2.10216390886e-08	-0.000360179519703
2.10257320869e-08	-4.18016574599e-05
2.10298250852e-08	0.000299345691019
2.10339180834e-08	0.000620613580395
2.10380110817e-08	0.000881729545654
2.104210408e-08	0.00104912692768
2.10461970782e-08	0.00109927135782
2.10502900765e-08	0.00102077863266
2.10543830748e-08	0.000815299463284
2.1058476073e-08	0.00049726625366
2.10625690713e-08	9.26566526687e-05
2.10666620696e-08	-0.000363070776075
2.10707550678e-08	-0.00082774276234
2.10748480661e-08	-0.00125585080241
2.10789410644e-08	-0.00160245163715
2.10830340626e-08	-0.00182744758786
2.10871270609e-08	-0.00189998612041
2.10912200591e-08	-0.0018025659665
2.10953130574e-08	-0.00153430560022
2.10994060557e-08	-0.00111276869575
2.11034990539e-08	-0.000573776022065
2.11075920522e-08	3.11848092451e-05
2.11116850505e-08	0.00064002093859
2.11157780487e-08	0.00118721099716
2.1119871047e-08	0.00161228826619
2.11239640453e-08	0.00186844049313
2.11280570435e-08	0.00192983835586
2.11321500418e-08	0.00179633806692
2.11362430401e-08	0.00149448071897
2.11403360383e-08	0.00107427730836
2.11444290366e-08	0.000601974636083
2.11485220349e-08	0.000149765731294
2.11526150331e-08	-0.000215953990846
2.11567080314e-08	-0.000445784222393
2.11608010296e-08	-0.000515935375006
2.11648940279e-08	-0.000432560016634
2.11689870262e-08	-0.000230793570154
2.11730800244e-08	3.15595527809e-05
2.11771730227e-08	0.000284747604383
2.1181266021e-08	0.000460380702862
2.11853590192e-08	0.000504927935253
2.11894520175e-08	0.00039085024946
2.11935450158e-08	0.000123149864294
2.1197638014e-08	-0.000260102168795
2.12017310123e-08	-0.000693602058163
2.12058240106e-08	-0.00109615847759
2.12099170088e-08	-0.0013855988509
2.12140100071e-08	-0.00149453862105
2.12181030054e-08	-0.00138403529127
2.12221960036e-08	-0.00105244753649
2.12262890019e-08	-0.000537635103683
2.12303820002e-08	8.81561868482e-05
2.12344749984e-08	0.000729991625121
2.12385679967e-08	0.00128653515276
2.12426609949e-08	0.00166800217994
2.12467539932e-08	0.00181244463602
2.12508469915e-08	0.00169727030152
2.12549399897e-08	0.00134373514447
2.1259032988e-08	0.000813443170046
2.12631259863e-08	0.000197393113922
2.12672189845e-08	-0.000400468943553
2.12713119828e-08	-0.000882150736288
2.12754049811e-08	-0.00117343149759
2.12794979793e-08	-0.00123721436103
2.12835909776e-08	-0.00107986702642
2.12876839759e-08	-0.000749323586206
2.12917769741e-08	-0.000325290511682
2.12958699724e-08	9.65861345321e-05
2.12999629707e-08	0.000423575518653
2.13040559689e-08	0.000584132776567
2.13081489672e-08	0.000542077224964
2.13122419655e-08	0.000303944587358
2.13163349637e-08	-8.19141866941e-05
2.1320427962e-08	-0.000534343762411
2.13245209602e-08	-0.000954817282036
2.13286139585e-08	-0.00124638563284
2.13327069568e-08	-0.00133255562832
2.1336799955e-08	-0.00117252652853
2.13408929533e-08	-0.000769899968873
2.13449859516e-08	-0.000173211649781
2.13490789498e-08	0.000531837933522
2.13531719481e-08	0.00123703310237
2.13572649464e-08	0.0018304833211
2.13613579446e-08	0.00221619520744
2.13654509429e-08	0.0023308100499
2.13695439412e-08	0.00215450722317
2.13736369394e-08	0.00171418297396
2.13777299377e-08	0.00107843570731
2.1381822936e-08	0.000345400747392
2.13859159342e-08	-0.000374259107048
2.13900089325e-08	-0.00097606988129
2.13941019307e-08	-0.00137881367846
2.1398194929e-08	-0.00153699511429
2.14022879273e-08	-0.00144668210123
2.14063809255e-08	-0.00114397529978
2.14104739238e-08	-0.000696700015396
2.14145669221e-08	-0.000191106257262
2.14186599203e-08	0.000283824958387
2.14227529186e-08	0.000651568770991
2.14268459169e-08	0.000860091335198
2.14309389151e-08	0.000888810027391
2.14350319134e-08	0.000749570932385
2.14391249117e-08	0.000481870683871
2.14432179099e-08	0.000143567908708
2.14473109082e-08	-0.00020093485
2.14514039065e-08	-0.000492733219289
2.14554969047e-08	-0.000688499640091
2.1459589903e-08	-0.000766918747104
2.14636829013e-08	-0.000730568761355
2.14677758995e-08	-0.000603228294494
2.14718688978e-08	-0.0004234216849
2.1475961896e-08	-0.000235660745602
2.14800548943e-08	-8.11587315184e-05
2.14841478926e-08	1.02235818815e-05
2.14882408908e-08	2.53690315049e-05
2.14923338891e-08	-3.02331553996e-05
2.14964268874e-08	-0.000134325532144
2.15005198856e-08	-0.000252908328548
2.15046128839e-08	-0.000347385204805
2.15087058822e-08	-0.000382428434023
2.15127988804e-08	-0.00033310107392
2.15168918787e-08	-0.000189969829989
2.1520984877e-08	3.86552935652e-05
2.15250778752e-08	0.000327694409862
2.15291708735e-08	0.000639251797111
2.15332638718e-08	0.000928817433305
2.153735687e-08	0.00115262935287
2.15414498683e-08	0.00127496229834
2.15455428666e-08	0.00127415090537
2.15496358648e-08	0.00114638084779
2.15537288631e-08	0.000906644563656
2.15578218613e-08	0.000586717160331
2.15619148596e-08	0.000230461684623
2.15660078579e-08	-0.000112824657663
2.15701008561e-08	-0.000396018163883
2.15741938544e-08	-0.000581572217925
2.15782868527e-08	-0.000647560049401
2.15823798509e-08	-0.000591383875872
2.15864728492e-08	-0.000430499760114
2.15905658475e-08	-0.00019993848764
2.15946588457e-08	5.31084986051e-05
2.1598751844e-08	0.000276894261333
2.16028448423e-08	0.000423779325502
2.16069378405e-08	0.000458579845144
2.16110308388e-08	0.000365197294741
2.16151238371e-08	0.000150322175614
2.16192168353e-08	-0.00015656567939
2.16233098336e-08	-0.000507111242769
2.16274028318e-08	-0.000841470071464
2.16314958301e-08	-0.00109809424612
2.16355888284e-08	-0.00122435686353
2.16396818266e-08	-0.00118621540605
2.16437748249e-08	-0.000975194583589
2.16478678232e-08	-0.000611325540376
2.16519608214e-08	-0.00014132260003
2.16560538197e-08	0.00036793626532
2.1660146818e-08	0.000839715823531
2.16642398162e-08	0.00119989458472
2.16683328145e-08	0.00138951913686
2.16724258128e-08	0.0013752577579
2.1676518811e-08	0.00115584231389
2.16806118093e-08	0.000763224597904
2.16847048076e-08	0.000258059608313
2.16887978058e-08	-0.000279866713754
2.16928908041e-08	-0.000764717027778
2.16969838024e-08	-0.00111895351438
2.17010768006e-08	-0.0012864359378
2.17051697989e-08	-0.00124190223869
2.17092627971e-08	-0.000995074413368
2.17133557954e-08	-0.000588580584008
2.17174487937e-08	-9.00302893569e-05
2.17215417919e-08	0.000420317861426
2.17256347902e-08	0.000864001107402
2.17297277885e-08	0.00117819790466
2.17338207867e-08	0.00132634401962
2.1737913785e-08	0.00130349600659
2.17420067833e-08	0.00113544279884
2.17460997815e-08	0.00087180131959
2.17501927798e-08	0.000574541929382
2.17542857781e-08	0.00030431574487
2.17583787763e-08	0.00010742028644
2.17624717746e-08	6.13324692722e-06
2.17665647729e-08	-5.52507025731e-06
2.17706577711e-08	4.03551366617e-05
2.17747507694e-08	9.37275690376e-05
2.17788437677e-08	9.90990747596e-05
2.17829367659e-08	9.77057459295e-06
2.17870297642e-08	-0.000199247204364
2.17911227624e-08	-0.000522528483998
2.17952157607e-08	-0.000921852879401
2.1799308759e-08	-0.00133102700056
2.18034017572e-08	-0.00166730639467
2.18074947555e-08	-0.00184741640987
2.18115877538e-08	-0.00180512118095
2.1815680752e-08	-0.00150682966341
2.18197737503e-08	-0.000961928824836
2.18238667486e-08	-0.000225412830332
2.18279597468e-08	0.000608196907706
2.18320527451e-08	0.00141897942376
2.18361457434e-08	0.00208151662082
2.18402387416e-08	0.0024870622583
2.18443317399e-08	0.0025638666848
2.18484247382e-08	0.00229173000844
2.18525177364e-08	0.00170779955806
2.18566107347e-08	0.000902177518583
2.1860703733e-08	3.7872506482e-06
2.18647967312e-08	-0.000841200147988
2.18688897295e-08	-0.00149460787361
2.18729827277e-08	-0.00185063487152
2.1877075726e-08	-0.00185489808791
2.18811687243e-08	-0.00151454897423
2.18852617225e-08	-0.000897491270734
2.18893547208e-08	-0.000120715343655
2.18934477191e-08	0.000670232970151
2.18975407173e-08	0.00132701030816
2.19016337156e-08	0.00172483715869
2.19057267139e-08	0.00178471577237
2.19098197121e-08	0.00148752806126
2.19139127104e-08	0.000877513557498
2.19180057087e-08	5.45657881048e-05
2.19220987069e-08	-0.000843205962155
2.19261917052e-08	-0.00166346687183
2.19302847035e-08	-0.00226589445083
2.19343777017e-08	-0.00254602303903
2.19384707e-08	-0.00245255469054
2.19425636982e-08	-0.00199524103664
2.19466566965e-08	-0.00124217843404
2.19507496948e-08	-0.000307265856463
2.1954842693e-08	0.000669726148772
2.19589356913e-08	0.00154678833496
2.19630286896e-08	0.00220278967754
2.19671216878e-08	0.00255610322347
2.19712146861e-08	0.00257571799739
2.19753076844e-08	0.00228326969955
2.19794006826e-08	0.00174611461989
2.19834936809e-08	0.00106314813456
2.19875866792e-08	0.000346270004229
2.19916796774e-08	-0.000298972685414
2.19957726757e-08	-0.000790099838923
2.1999865674e-08	-0.00107901154843
2.20039586722e-08	-0.00115630833898
2.20080516705e-08	-0.00104840984568
2.20121446688e-08	-0.000808606826467
2.2016237667e-08	-0.000504224499309
2.20203306653e-08	-0.000202626670216
2.20244236635e-08	4.12119472912e-05
2.20285166618e-08	0.000193360662706
2.20326096601e-08	0.000244522667344
2.20367026583e-08	0.000208352076697
2.20407956566e-08	0.000115333553822
2.20448886549e-08	3.85648581869e-06
2.20489816531e-08	-8.94471290849e-05
2.20530746514e-08	-0.000138050218993
2.20571676497e-08	-0.000130934103254
2.20612606479e-08	-7.41311700949e-05
2.20653536462e-08	1.16748307732e-05
2.20694466445e-08	9.67700170804e-05
2.20735396427e-08	0.000149911402332
2.2077632641e-08	0.000146044686517
2.20817256393e-08	7.26049083823e-05
2.20858186375e-08	-6.68877464705e-05
2.20899116358e-08	-0.000252638672464
2.20940046341e-08	-0.000451806419733
2.20980976323e-08	-0.000624484582659
2.21021906306e-08	-0.000731249925593
2.21062836288e-08	-0.000740809970011
2.21103766271e-08	-0.000636285221844
2.21144696254e-08	-0.00041895522736
2.21185626236e-08	-0.000108794677544
2.21226556219e-08	0.000258269492406
2.21267486202e-08	0.000635859010799
2.21308416184e-08	0.000974394592049
2.21349346167e-08	0.00122880691197
2.2139027615e-08	0.00136539617961
2.21431206132e-08	0.00136672962981
2.21472136115e-08	0.00123385717598
2.21513066098e-08	0.000985605940514
2.2155399608e-08	0.000655207801174
2.21594926063e-08	0.000284942998405
2.21635856046e-08	-8.02584793291e-05
2.21676786028e-08	-0.000399217311497
2.21717716011e-08	-0.000639946585579
2.21758645993e-08	-0.000783398347266
2.21799575976e-08	-0.000825080511277
2.21840505959e-08	-0.000774460211687
2.21881435941e-08	-0.000652388614981
2.21922365924e-08	-0.000487057226565
2.21963295907e-08	-0.000309170458422
2.22004225889e-08	-0.000147077540987
2.22045155872e-08	-2.25756728298e-05
2.22086085855e-08	5.20161979694e-05
2.22127015837e-08	7.5116780863e-05
2.2216794582e-08	5.53426302758e-05
2.22208875803e-08	9.30842298885e-06
2.22249805785e-08	-4.1849941681e-05
2.22290735768e-08	-7.66464054323e-05
2.22331665751e-08	-7.74087743594e-05
2.22372595733e-08	-3.37295595045e-05
2.22413525716e-08	5.53921906885e-05
2.22454455699e-08	0.000181097379937
2.22495385681e-08	0.000326003339069
2.22536315664e-08	0.000467118275992
2.22577245646e-08	0.00057984824889
2.22618175629e-08	0.00064240773645
2.22659105612e-08	0.000639854279143
2.22700035594e-08	0.000567012728425
2.22740965577e-08	0.000429737854574
2.2278189556e-08	0.000244246921284
2.22822825542e-08	3.45904959431e-05
2.22863755525e-08	-0.000171336757376
2.22904685508e-08	-0.000346561901097
2.2294561549e-08	-0.000469718386739
2.22986545473e-08	-0.000528776679857
2.23027475456e-08	-0.000523094917298
2.23068405438e-08	-0.000463350734208
2.23109335421e-08	-0.000369287532521
2.23150265404e-08	-0.00026563631036
2.23191195386e-08	-0.000176944958184
2.23232125369e-08	-0.000122314220789
2.23273055352e-08	-0.000111102354822
2.23313985334e-08	-0.000140523287882
2.23354915317e-08	-0.000195736016394
2.23395845299e-08	-0.000252546851698
2.23436775282e-08	-0.000282318511381
2.23477705265e-08	-0.000258194639173
2.23518635247e-08	-0.000161423033205
2.2355956523e-08	1.35296726569e-05
2.23600495213e-08	0.000256201245065
2.23641425195e-08	0.000540404143976
2.23682355178e-08	0.000827673269669
2.23723285161e-08	0.00107339010719
2.23764215143e-08	0.00123451491527
2.23805145126e-08	0.00127749817329
2.23846075109e-08	0.0011848547947
2.23887005091e-08	0.000959116820013
2.23927935074e-08	0.000623341897153
2.23968865057e-08	0.000218007307922
2.24009795039e-08	-0.000205198841286
2.24050725022e-08	-0.000591584706854
2.24091655005e-08	-0.000892174219189
2.24132584987e-08	-0.00107136846054
2.2417351497e-08	-0.00111219428072
2.24214444952e-08	-0.00101825336606
2.24255374935e-08	-0.000812119884358
2.24296304918e-08	-0.000530599245394
2.243372349e-08	-0.00021785232093
2.24378164883e-08	8.22499578135e-05
2.24419094866e-08	0.00033308611637
2.24460024848e-08	0.000510296835273
2.24500954831e-08	0.000604041691986
2.24541884814e-08	0.000618280580966
2.24582814796e-08	0.000567487240914
2.24623744779e-08	0.000471724688396
2.24664674762e-08	0.000351317637978
2.24705604744e-08	0.000222382823267
2.24746534727e-08	9.42082920119e-05
2.2478746471e-08	-3.10027381829e-05
2.24828394692e-08	-0.000156105033966
2.24869324675e-08	-0.0002853593287
2.24910254657e-08	-0.000420242769906
2.2495118464e-08	-0.000555969138077
2.24992114623e-08	-0.000679809407302
2.25033044605e-08	-0.000771877959778
2.25073974588e-08	-0.000808447970485
2.25114904571e-08	-0.000767203811847
2.25155834553e-08	-0.000633287407254
2.25196764536e-08	-0.000404693015298
2.25237694519e-08	-9.55923960646e-05
2.25278624501e-08	0.000263460638962
2.25319554484e-08	0.000628863315796
2.25360484467e-08	0.000950480025494
2.25401414449e-08	0.00118025765551
2.25442344432e-08	0.0012813065041
2.25483274415e-08	0.0012355961444
2.25524204397e-08	0.0010485856983
2.2556513438e-08	0.000749638638808
2.25606064363e-08	0.000387884574593
2.25646994345e-08	2.40868577066e-05
2.25687924328e-08	-0.00028009734342
2.2572885431e-08	-0.000473487485579
2.25769784293e-08	-0.000525191113411
2.25810714276e-08	-0.000430892745499
2.25851644258e-08	-0.000214285705624
2.25892574241e-08	7.67968854234e-05
2.25933504224e-08	0.000378968074074
2.25974434206e-08	0.000625077474979
2.26015364189e-08	0.000757018540753
2.26056294172e-08	0.000737108483008
2.26097224154e-08	0.000555818602152
2.26138154137e-08	0.000234285453189
2.2617908412e-08	-0.000178975611561
2.26220014102e-08	-0.000616630793957
2.26260944085e-08	-0.00100479416869
2.26301874068e-08	-0.00127668575442
2.2634280405e-08	-0.00138506085932
2.26383734033e-08	-0.00131100386352
2.26424664016e-08	-0.00106737286114
2.26465593998e-08	-0.000696226488799
2.26506523981e-08	-0.000260731758317
2.26547453963e-08	0.000166861773323
2.26588383946e-08	0.000518820183061
2.26629313929e-08	0.000744426251913
2.26670243911e-08	0.000818955188151
2.26711173894e-08	0.000747420235712
2.26752103877e-08	0.000562424535019
2.26793033859e-08	0.000316643196129
2.26833963842e-08	7.15093638064e-05
2.26874893825e-08	-0.000115571394417
2.26915823807e-08	-0.000202895238544
2.2695675379e-08	-0.0001726974333
2.26997683773e-08	-3.43409126344e-05
2.27038613755e-08	0.000178126595529
2.27079543738e-08	0.000413497997215
2.27120473721e-08	0.000614453059825
2.27161403703e-08	0.000729863520974
2.27202333686e-08	0.000725856960344
2.27243263668e-08	0.000593386263063
2.27284193651e-08	0.000350763259121
2.27325123634e-08	4.06039819723e-05
2.27366053616e-08	-0.000278253979559
2.27406983599e-08	-0.000542302273971
2.27447913582e-08	-0.000696119215718
2.27488843564e-08	-0.000703806148522
2.27529773547e-08	-0.000556826988031
2.2757070353e-08	-0.000276653710898
2.27611633512e-08	8.83809434526e-05
2.27652563495e-08	0.000471506453323
2.27693493478e-08	0.000799664383521
2.2773442346e-08	0.00100709852268
2.27775353443e-08	0.00104781293339
2.27816283426e-08	0.000904533219
2.27857213408e-08	0.000592473203142
2.27898143391e-08	0.000157187533659
2.27939073374e-08	-0.000333101315846
2.27980003356e-08	-0.000799276007456
2.28020933339e-08	-0.00116502898163
2.28061863321e-08	-0.0013700050622
2.28102793304e-08	-0.00138004053588
2.28143723287e-08	-0.0011927312662
2.28184653269e-08	-0.000837453488202
2.28225583252e-08	-0.000369969995518
2.28266513235e-08	0.000137296266985
2.28307443217e-08	0.000607507707173
2.283483732e-08	0.000971995883447
2.28389303183e-08	0.00118104452849
2.28430233165e-08	0.0012111399119
2.28471163148e-08	0.0010676300808
2.28512093131e-08	0.000782560557127
2.28553023113e-08	0.000408285533922
2.28593953096e-08	8.12042981124e-06
2.28634883079e-08	-0.000354278625309
2.28675813061e-08	-0.000625013730314
2.28716743044e-08	-0.00076791166066
2.28757673027e-08	-0.00076919246203
2.28798603009e-08	-0.000638276789687
2.28839532992e-08	-0.000404841604905
2.28880462974e-08	-0.000112831649403
2.28921392957e-08	0.000187419807844
2.2896232294e-08	0.000447577211162
2.29003252922e-08	0.000628830075584
2.29044182905e-08	0.000707419567334
2.29085112888e-08	0.000677424093737
2.2912604287e-08	0.000550553009816
2.29166972853e-08	0.000353195688149
2.29207902836e-08	0.00012138259126
2.29248832818e-08	-0.000105429782252
2.29289762801e-08	-0.000290719717668
2.29330692784e-08	-0.000406438422942
2.29371622766e-08	-0.000436950609583
2.29412552749e-08	-0.000380897778086
2.29453482732e-08	-0.000250836237683
2.29494412714e-08	-7.0815023264e-05
2.29535342697e-08	0.000127666308344
2.29576272679e-08	0.00031068793578
2.29617202662e-08	0.000447178128525
2.29658132645e-08	0.000513659600983
2.29699062627e-08	0.000497794495459
2.2973999261e-08	0.000400218177674
2.29780922593e-08	0.000234386925513
2.29821852575e-08	2.44458888687e-05
2.29862782558e-08	-0.000198572543013
2.29903712541e-08	-0.000401636816605
2.29944642523e-08	-0.000554915939574
2.29985572506e-08	-0.00063644153488
2.30026502489e-08	-0.000635447417153
2.30067432471e-08	-0.000553806734388
2.30108362454e-08	-0.000405305010645
2.30149292437e-08	-0.000212884952816
2.30190222419e-08	-4.37489705973e-06
2.30231152402e-08	0.000192491911548
2.30272082385e-08	0.000354825651812
2.30313012367e-08	0.000468191727123
2.3035394235e-08	0.00052839656928
2.30394872332e-08	0.000541122233699
2.30435802315e-08	0.000519528988661
2.30476732298e-08	0.000480367893033
2.3051766228e-08	0.000439460036432
2.30558592263e-08	0.00040754195652
2.30599522246e-08	0.00038741913886
2.30640452228e-08	0.000373105956896
2.30681382211e-08	0.000351228261934
2.30722312194e-08	0.000304474506265
2.30763242176e-08	0.000216408541746
2.30804172159e-08	7.66205853324e-05
2.30845102142e-08	-0.000114953989396
2.30886032124e-08	-0.000345617758285
2.30926962107e-08	-0.000590150513744
2.3096789209e-08	-0.000813945647678
2.31008822072e-08	-0.00097867349541
2.31049752055e-08	-0.001049524064
2.31090682038e-08	-0.00100265129731
2.3113161202e-08	-0.00083127925609
2.31172542003e-08	-0.000549052023416
2.31213471985e-08	-0.000189658568161
2.31254401968e-08	0.000197546496565
2.31295331951e-08	0.000555394261028
2.31336261933e-08	0.000828937343613
2.31377191916e-08	0.000975823735644
2.31418121899e-08	0.00097495548107
2.31459051881e-08	0.000831573081086
2.31499981864e-08	0.000577501225052
2.31540911847e-08	0.000266189510512
2.31581841829e-08	-3.67855091099e-05
2.31622771812e-08	-0.000266133438345
2.31663701795e-08	-0.000369876059267
2.31704631777e-08	-0.00032043862484
2.3174556176e-08	-0.00012150598377
2.31786491743e-08	0.000190944370843
2.31827421725e-08	0.000553946163564
2.31868351708e-08	0.00088847434381
2.31909281691e-08	0.00111415397259
2.31950211673e-08	0.00116508903011
2.31991141656e-08	0.00100381961238
2.32032071638e-08	0.000630638594885
2.32073001621e-08	8.62601145855e-05
2.32113931604e-08	-0.000552989295102
2.32154861586e-08	-0.00118690494855
2.32195791569e-08	-0.00170818262268
2.32236721552e-08	-0.00202135609288
2.32277651534e-08	-0.00206048887048
2.32318581517e-08	-0.00180231381091
2.323595115e-08	-0.00127225265896
2.32400441482e-08	-0.000541948538739
2.32441371465e-08	0.000281507296677
2.32482301448e-08	0.00107296001079
2.3252323143e-08	0.00171021957067
2.32564161413e-08	0.002095027623
2.32605091396e-08	0.00217018132389
2.32646021378e-08	0.00192964874441
2.32686951361e-08	0.00141975091537
2.32727881343e-08	0.000731096744857
2.32768811326e-08	-1.73486969288e-05
2.32809741309e-08	-0.000699233143678
2.32850671291e-08	-0.00120304525626
2.32891601274e-08	-0.0014515722869
2.32932531257e-08	-0.00141506268847
2.32973461239e-08	-0.00111572543392
2.33014391222e-08	-0.000622803785518
2.33055321205e-08	-3.91940775444e-05
2.33096251187e-08	0.000517895048688
2.3313718117e-08	0.000938668294111
2.33178111153e-08	0.00114087752445
2.33219041135e-08	0.00108471677959
2.33259971118e-08	0.000779833171691
2.33300901101e-08	0.000283273559035
2.33341831083e-08	-0.000311166313622
2.33382761066e-08	-0.000890179733688
2.33423691049e-08	-0.00134160989546
2.33464621031e-08	-0.0015747937432
2.33505551014e-08	-0.00153695388872
2.33546480996e-08	-0.0012227635234
2.33587410979e-08	-0.000675450315612
2.33628340962e-08	2.06542172236e-05
2.33669270944e-08	0.000754724402213
2.33710200927e-08	0.00140856367216
2.3375113091e-08	0.00187683494005
2.33792060892e-08	0.00208485964686
2.33832990875e-08	0.00200093287276
2.33873920858e-08	0.00164112221682
2.3391485084e-08	0.00106586021138
2.33955780823e-08	0.000369092704204
2.33996710806e-08	-0.000337992916684
2.34037640788e-08	-0.000945740706811
2.34078570771e-08	-0.00136403583747
2.34119500754e-08	-0.00153652795416
2.34160430736e-08	-0.00144879593427
2.34201360719e-08	-0.0011292890631
2.34242290702e-08	-0.000643136860162
2.34283220684e-08	-8.01312671683e-05
2.34324150667e-08	0.000460901577753
2.34365080649e-08	0.000888628994289
2.34406010632e-08	0.00113390858314
2.34446940615e-08	0.00116034107486
2.34487870597e-08	0.000969147229625
2.3452880058e-08	0.000597810849285
2.34569730563e-08	0.000112943107979
2.34610660545e-08	-0.000401292774768
2.34651590528e-08	-0.000857219383761
2.34692520511e-08	-0.00117787072668
2.34733450493e-08	-0.00130919295771
2.34774380476e-08	-0.0012283860342
2.34815310459e-08	-0.00094717356842
2.34856240441e-08	-0.000509599947691
2.34897170424e-08	1.52177618133e-05
2.34938100407e-08	0.00054418966829
2.34979030389e-08	0.000993464534986
2.35019960372e-08	0.00129170072614
2.35060890354e-08	0.00139134287019
2.35101820337e-08	0.0012761640246
2.3514275032e-08	0.000963911828876
2.35183680302e-08	0.00050364859635
2.35224610285e-08	-3.18183947456e-05
2.35265540268e-08	-0.000557257320907
2.3530647025e-08	-0.000988343104837
2.35347400233e-08	-0.00125494068925
2.35388330216e-08	-0.00131226865778
2.35429260198e-08	-0.00114819135342
2.35470190181e-08	-0.000785466501839
2.35511120164e-08	-0.000278541483567
2.35552050146e-08	0.000294673473036
2.35592980129e-08	0.00084484207764
2.35633910112e-08	0.00128520884027
2.35674840094e-08	0.00154539800133
2.35715770077e-08	0.00158281304175
2.3575670006e-08	0.00138977530878
2.35797630042e-08	0.000995168302325
2.35838560025e-08	0.00046019723959
2.35879490007e-08	-0.000131173669615
2.3592041999e-08	-0.000685647257342
2.35961349973e-08	-0.00111574467155
2.36002279955e-08	-0.00135419969592
2.36043209938e-08	-0.00136516688508
2.36084139921e-08	-0.00115029369044
2.36125069903e-08	-0.000748534141167
2.36165999886e-08	-0.000229641951591
2.36206929869e-08	0.0003176222599
2.36247859851e-08	0.000800579262432
2.36288789834e-08	0.00113842840801
2.36329719817e-08	0.00127600903215
2.36370649799e-08	0.00119310920127
2.36411579782e-08	0.000907677247596
2.36452509765e-08	0.000472365114547
2.36493439747e-08	-3.49632605321e-05
2.3653436973e-08	-0.0005250715476
2.36575299713e-08	-0.000913077485166
2.36616229695e-08	-0.001133272468
2.36657159678e-08	-0.00115042142716
2.3669808966e-08	-0.000965575709415
2.36739019643e-08	-0.000615420212853
2.36779949626e-08	-0.000165333327459
2.36820879608e-08	0.000302544058286
2.36861809591e-08	0.000704061840224
2.36902739574e-08	0.000967994725215
2.36943669556e-08	0.00104849664058
2.36984599539e-08	0.000932888629904
2.37025529522e-08	0.000643446262984
2.37066459504e-08	0.000232956022955
2.37107389487e-08	-0.00022508125403
2.3714831947e-08	-0.000649767589493
2.37189249452e-08	-0.00096719503199
2.37230179435e-08	-0.00112328927207
2.37271109418e-08	-0.00109280858305
2.373120394e-08	-0.000882956475834
2.37352969383e-08	-0.000531085617695
2.37393899365e-08	-9.70723817773e-05
2.37434829348e-08	0.000348084406141
2.37475759331e-08	0.000735218785849
2.37516689313e-08	0.00100905344152
2.37557619296e-08	0.00113715480984
2.37598549279e-08	0.00111425102659
2.37639479261e-08	0.000961317069596
2.37680409244e-08	0.000719853225746
2.37721339227e-08	0.000442681142886
2.37762269209e-08	0.000183184753951
2.37803199192e-08	-1.48630773822e-05
2.37844129175e-08	-0.000124971288642
2.37885059157e-08	-0.000141758942846
2.3792598914e-08	-8.04233677627e-05
2.37966919123e-08	2.7807452625e-05
2.38007849105e-08	0.000143140428918
2.38048779088e-08	0.00022599154363
2.38089709071e-08	0.000245286120844
2.38130639053e-08	0.000184687074579
2.38171569036e-08	4.56337045307e-05
2.38212499018e-08	-0.000153257589773
2.38253429001e-08	-0.000380170044082
2.38294358984e-08	-0.000596537163801
2.38335288966e-08	-0.000764624492149
2.38376218949e-08	-0.000854732155858
2.38417148932e-08	-0.000850643431477
2.38458078914e-08	-0.000752337447921
2.38499008897e-08	-0.000575539674173
2.3853993888e-08	-0.000348320450939
2.38580868862e-08	-0.000105497434106
2.38621798845e-08	0.00011798638252
2.38662728828e-08	0.000293383298413
2.3870365881e-08	0.000402949255658
2.38744588793e-08	0.000442381806351
2.38785518776e-08	0.000420538191975
2.38826448758e-08	0.000356633734555
2.38867378741e-08	0.000275612004771
2.38908308724e-08	0.000202712688406
2.38949238706e-08	0.000158363443916
2.38990168689e-08	0.000154388974806
2.39031098671e-08	0.000192194886949
2.39072028654e-08	0.000263145739154
2.39112958637e-08	0.00035090286292
2.39153888619e-08	0.0004351198113
2.39194818602e-08	0.00049567602764
2.39235748585e-08	0.000516587031598
2.39276678567e-08	0.000488876670715
2.3931760855e-08	0.000411965902458
2.39358538533e-08	0.000293451030302
2.39399468515e-08	0.000147447583004
2.39440398498e-08	-8.08520556461e-06
2.39481328481e-08	-0.000154484846462
2.39522258463e-08	-0.000275421603874
2.39563188446e-08	-0.000359340916475
2.39604118429e-08	-0.000400968969188
2.39645048411e-08	-0.000401714569307
2.39685978394e-08	-0.000368979357518
2.39726908377e-08	-0.000314543151035
2.39767838359e-08	-0.0002523207786
2.39808768342e-08	-0.00019585582595
2.39849698324e-08	-0.000155940700097
2.39890628307e-08	-0.000138715467983
2.3993155829e-08	-0.000144539102621
2.39972488272e-08	-0.000167818850969
2.40013418255e-08	-0.000197847193704
2.40054348238e-08	-0.00022054447254
2.4009527822e-08	-0.000220866690142
2.40136208203e-08	-0.000185541918654
2.40177138186e-08	-0.000105733211512
2.40218068168e-08	2.07857544012e-05
2.40258998151e-08	0.000188312927094
2.40299928134e-08	0.000383031227102
2.40340858116e-08	0.000584078981774
2.40381788099e-08	0.000765839846281
2.40422718082e-08	0.000901241874089
2.40463648064e-08	0.000965688057477
2.40504578047e-08	0.000941105368838
2.40545508029e-08	0.000819497166958
2.40586438012e-08	0.000605389330303
2.40627367995e-08	0.000316636460411
2.40668297977e-08	-1.67544258147e-05
2.4070922796e-08	-0.00035585452315
2.40750157943e-08	-0.000657825828966
2.40791087925e-08	-0.00088209209207
2.40832017908e-08	-0.000996756454697
2.40872947891e-08	-0.000984191778116
2.40913877873e-08	-0.000844753049023
2.40954807856e-08	-0.000597795071371
2.40995737839e-08	-0.00027957803286
2.41036667821e-08	6.18096919993e-05
2.41077597804e-08	0.000373819864762
2.41118527787e-08	0.000607934689469
2.41159457769e-08	0.000727827795345
2.41200387752e-08	0.000715735663107
2.41241317735e-08	0.000575832782488
2.41282247717e-08	0.000333902733473
2.413231777e-08	3.3254143716e-05
2.41364107682e-08	-0.000272476963801
2.41405037665e-08	-0.000528417527676
2.41445967648e-08	-0.000687865085638
2.4148689763e-08	-0.000720359377738
2.41527827613e-08	-0.000616992841969
2.41568757596e-08	-0.00039201186155
2.41609687578e-08	-8.04209998932e-05
2.41650617561e-08	0.000267985837127
2.41691547544e-08	0.000597110145463
2.41732477526e-08	0.000854055302625
2.41773407509e-08	0.00099798769952
2.41814337492e-08	0.00100680995092
2.41855267474e-08	0.000880495099409
2.41896197457e-08	0.000640547077637
2.4193712744e-08	0.000325749913827
2.41978057422e-08	-1.49449927562e-05
2.42018987405e-08	-0.000331035646013
2.42059917388e-08	-0.000578979961574
2.4210084737e-08	-0.000729031980882
2.42141777353e-08	-0.000769191145082
2.42182707335e-08	-0.000705646187271
2.42223637318e-08	-0.000559814550797
2.42264567301e-08	-0.000362760547432
2.42305497283e-08	-0.000148272991282
2.42346427266e-08	5.38714052709e-05
2.42387357249e-08	0.000223037852265
2.42428287231e-08	0.00035024159115
2.42469217214e-08	0.000437646413047
2.42510147197e-08	0.000495369600685
2.42551077179e-08	0.000536519946763
2.42592007162e-08	0.000571793367271
2.42632937145e-08	0.000605023957178
2.42673867127e-08	0.000630853905022
2.4271479711e-08	0.000635176726064
2.42755727093e-08	0.00059834217609
2.42796657075e-08	0.000500438527524
2.42837587058e-08	0.000327450788973
2.4287851704e-08	7.68540132867e-05
2.42919447023e-08	-0.000238742311922
2.42960377006e-08	-0.000590920513787
2.43001306988e-08	-0.000938176592172
2.43042236971e-08	-0.00123175363115
2.43083166954e-08	-0.00142363479972
2.43124096936e-08	-0.00147525055218
2.43165026919e-08	-0.00136523866968
2.43205956902e-08	-0.00109469269228
2.43246886884e-08	-0.000688747659296
2.43287816867e-08	-0.000193995257177
2.4332874685e-08	0.000328003787217
2.43369676832e-08	0.000810092467873
2.43410606815e-08	0.00119017722318
2.43451536798e-08	0.00142128501466
2.4349246678e-08	0.00147919152369
2.43533396763e-08	0.00136618882243
2.43574326746e-08	0.00111027340608
2.43615256728e-08	0.000759874747018
2.43656186711e-08	0.000375101353711
2.43697116693e-08	1.71384452301e-05
2.43738046676e-08	-0.000262229508735
2.43778976659e-08	-0.000429029743827
2.43819906641e-08	-0.000471925493912
2.43860836624e-08	-0.000402666417358
2.43901766607e-08	-0.000252248801189
2.43942696589e-08	-6.37056300548e-05
2.43983626572e-08	0.000116930168588
2.44024556555e-08	0.000249647981036
2.44065486537e-08	0.000307713724396
2.4410641652e-08	0.000281840411844
2.44147346503e-08	0.00018064005144
2.44188276485e-08	2.751006555e-05
2.44229206468e-08	-0.000145185647852
2.44270136451e-08	-0.000303290169541
2.44311066433e-08	-0.000417848605139
2.44351996416e-08	-0.000470521306852
2.44392926399e-08	-0.000456412115454
2.44433856381e-08	-0.00038389769179
2.44474786364e-08	-0.000271688584689
2.44515716346e-08	-0.000143905724144
2.44556646329e-08	-2.43283321453e-05
2.44597576312e-08	6.89197868269e-05
2.44638506294e-08	0.000127105638967
2.44679436277e-08	0.000152274277752
2.4472036626e-08	0.000156030178005
2.44761296242e-08	0.000156019315909
2.44802226225e-08	0.00017091254449
2.44843156208e-08	0.000215012290937
2.4488408619e-08	0.000293707538731
2.44925016173e-08	0.000400841112423
2.44965946156e-08	0.000518675791682
2.45006876138e-08	0.00062060340133
2.45047806121e-08	0.000676153551467
2.45088736104e-08	0.000657354547002
2.45129666086e-08	0.00054517762328
2.45170596069e-08	0.000334733378622
2.45211526052e-08	3.80946635232e-05
2.45252456034e-08	-0.000315937029882
2.45293386017e-08	-0.000685208018695
2.45334315999e-08	-0.00102020634949
2.45375245982e-08	-0.00127164068545
2.45416175965e-08	-0.00139828381361
2.45457105947e-08	-0.00137372185418
2.4549803593e-08	-0.00119086599443
2.45538965913e-08	-0.000863501372805
2.45579895895e-08	-0.000424683676101
2.45620825878e-08	7.76684023549e-05
2.45661755861e-08	0.000587219616136
2.45702685843e-08	0.00104667196138
2.45743615826e-08	0.00140511651261
2.45784545809e-08	0.00162427577015
2.45825475791e-08	0.00168287160341
2.45866405774e-08	0.00157865714573
2.45907335757e-08	0.00132801687869
2.45948265739e-08	0.000963333623076
2.45989195722e-08	0.000528569875314
2.46030125704e-08	7.36876304472e-05
2.46071055687e-08	-0.000351376536855
2.4611198567e-08	-0.000702455581632
2.46152915652e-08	-0.000945971420151
2.46193845635e-08	-0.0010623162234
2.46234775618e-08	-0.00104747075966
2.462757056e-08	-0.000912744661036
2.46316635583e-08	-0.00068274989826
2.46357565566e-08	-0.000391912988562
2.46398495548e-08	-7.99851563897e-05
2.46439425531e-08	0.000212900868064
2.46480355514e-08	0.00045105323079
2.46521285496e-08	0.0006073834993
2.46562215479e-08	0.000666448140692
2.46603145462e-08	0.000626036719041
2.46644075444e-08	0.000497122979141
2.46685005427e-08	0.00030217434869
2.4672593541e-08	7.19814843251e-05
2.46766865392e-08	-0.00015864613033
2.46807795375e-08	-0.000355794680218
2.46848725357e-08	-0.000491316845
2.4688965534e-08	-0.000546950701391
2.46930585323e-08	-0.000517035547091
2.46971515305e-08	-0.000409326083172
2.47012445288e-08	-0.000243679909545
2.47053375271e-08	-4.8739473641e-05
2.47094305253e-08	0.000142893085467
2.47135235236e-08	0.000300185402011
2.47176165219e-08	0.000398933108954
2.47217095201e-08	0.000425785819971
2.47258025184e-08	0.000380283847335
2.47298955167e-08	0.00027452161703
2.47339885149e-08	0.000130506779897
2.47380815132e-08	-2.4249456601e-05
2.47421745115e-08	-0.000162021444339
2.47462675097e-08	-0.00025998394085
2.4750360508e-08	-0.000304151319142
2.47544535063e-08	-0.000291401467621
2.47585465045e-08	-0.00022924244513
2.47626395028e-08	-0.000133452150294
2.4766732501e-08	-2.41551533691e-05
2.47708254993e-08	7.87940989539e-05
2.47749184976e-08	0.000160133352438
2.47790114958e-08	0.000212316957914
2.47831044941e-08	0.000236794159719
2.47871974924e-08	0.000243176911681
2.47912904906e-08	0.000246473768129
2.47953834889e-08	0.000262968893367
2.47994764872e-08	0.00030562446409
2.48035694854e-08	0.000380000161385
