% time-domain current integration by openEMS v0.0.36-93-g7b9cd51 @Tue Sep  8 09:50:29 2026
% start-coordinates: (-0.04,-0.00616235,0.001397) m -> [0,1,12]
% stop-coordinates: (-0.04,0.00177885,0.001524) m -> [0,6,13]
% t/s	current
6.20151252261e-14	0
4.15501339015e-12	-5.56751000858e-09
8.24801165507e-12	-2.27866525648e-08
1.234100992e-11	-4.24140615962e-08
1.64340081849e-11	-3.63900198863e-08
2.05270064498e-11	5.61523734177e-08
2.46200047148e-11	3.41822214978e-07
2.87130029797e-11	9.69330699263e-07
3.28060012446e-11	2.08656138057e-06
3.68989995095e-11	3.71788019038e-06
4.09919977745e-11	5.55955330128e-06
4.50849960394e-11	6.72731721352e-06
4.91779943043e-11	5.59677937417e-06
5.32709925692e-11	-6.05347736382e-08
5.73639908341e-11	-1.24474036056e-05
6.14569890991e-11	-3.25898145093e-05
6.5549987364e-11	-5.8980895119e-05
6.96429856289e-11	-8.66834670887e-05
7.37359838938e-11	-0.000107710176962
7.78289821588e-11	-0.000113133923151
8.19219804237e-11	-9.65321523836e-05
8.60149786886e-11	-5.73154829908e-05
9.01079769535e-11	-1.94333551917e-06
9.42009752184e-11	5.84009285376e-05
9.82939734834e-11	0.000113339308882
1.02386971748e-10	0.000159464194439
1.06479970013e-10	0.000203295581741
1.10572968278e-10	0.000258018146269
1.14665966543e-10	0.000334096344886
1.18758964808e-10	0.000427813269198
1.22851963073e-10	0.000514282495715
1.26944961338e-10	0.000550575787202
1.31037959603e-10	0.000490150705446
1.35130957868e-10	0.000303743581753
1.39223956133e-10	-2.43899194174e-06
1.43316954398e-10	-0.000380369427148
1.47409952662e-10	-0.00075006892439
1.51502950927e-10	-0.00102278357372
1.55595949192e-10	-0.00112845993135
1.59688947457e-10	-0.00103674456477
1.63781945722e-10	-0.00076403922867
1.67874943987e-10	-0.000365634914488
1.71967942252e-10	8.18909102236e-05
1.76060940517e-10	0.000499980931636
1.80153938782e-10	0.00082250777632
1.84246937047e-10	0.00100293045398
1.88339935312e-10	0.00101606664248
1.92432933577e-10	0.000858213810716
1.96525931842e-10	0.00054810650181
2.00618930106e-10	0.000128232481075
2.04711928371e-10	-0.000336468801834
2.08804926636e-10	-0.000765735050663
2.12897924901e-10	-0.00107779551763
2.16990923166e-10	-0.00120724993758
2.21083921431e-10	-0.00112168747
2.25176919696e-10	-0.000831390731037
2.29269917961e-10	-0.000388605782064
2.33362916226e-10	0.00012362623238
2.37455914491e-10	0.000609783513937
2.41548912756e-10	0.000982296071015
2.45641911021e-10	0.00117908313405
2.49734909285e-10	0.00117458635941
2.5382790755e-10	0.000982530531473
2.57920905815e-10	0.000650469213724
2.6201390408e-10	0.000247719843173
2.66106902345e-10	-0.000150433217641
2.7019990061e-10	-0.00047848833492
2.74292898875e-10	-0.0006926166825
2.7838589714e-10	-0.0007759219734
2.82478895405e-10	-0.000736502406653
2.8657189367e-10	-0.000600190833211
2.90664891935e-10	-0.00040150777204
2.947578902e-10	-0.000176277055289
2.98850888465e-10	4.24461686634e-05
3.02943886729e-10	0.000225918221986
3.07036884994e-10	0.000351085443981
3.11129883259e-10	0.000403726415243
3.15222881524e-10	0.000383112637792
3.19315879789e-10	0.000305389403366
3.23408878054e-10	0.000201927497983
3.27501876319e-10	0.000110615830636
3.31594874584e-10	6.19006386842e-05
3.35687872849e-10	6.5229338361e-05
3.39780871114e-10	0.000102891310235
3.43873869379e-10	0.000135747381137
3.47966867644e-10	0.000119826545415
3.52059865909e-10	2.69899428531e-05
3.56152864173e-10	-0.00013989477884
3.60245862438e-10	-0.000344807631336
3.64338860703e-10	-0.000530899153091
3.68431858968e-10	-0.000641709542833
3.72524857233e-10	-0.000641492311843
3.76617855498e-10	-0.000525723793544
3.80710853763e-10	-0.000318343169056
3.84803852028e-10	-5.91543430346e-05
3.88896850293e-10	0.000210639947909
3.92989848558e-10	0.000457179441582
3.97082846823e-10	0.000654085888527
4.01175845088e-10	0.000777263427153
4.05268843353e-10	0.000801261863671
4.09361841617e-10	0.000702991499566
4.13454839882e-10	0.000473325781059
4.17547838147e-10	0.000130895219627
4.21640836412e-10	-0.000270833174
4.25733834677e-10	-0.000650126021355
4.29826832942e-10	-0.000917658268008
4.33919831207e-10	-0.00100427947473
4.38012829472e-10	-0.000884501147084
4.42105827737e-10	-0.00058561010519
4.46198826002e-10	-0.000178656089702
4.50291824267e-10	0.00024441635469
4.54384822532e-10	0.000597573409323
4.58477820797e-10	0.000821050314698
4.62570819061e-10	0.000889323709998
4.66663817326e-10	0.000807334668934
4.70756815591e-10	0.000600659404881
4.74849813856e-10	0.000306304078549
4.78942812121e-10	-3.20920153172e-05
4.83035810386e-10	-0.00036549376091
4.87128808651e-10	-0.000641141552478
4.91221806916e-10	-0.000808518903796
4.95314805181e-10	-0.00083026685752
4.99407803446e-10	-0.00069454946788
5.03500801711e-10	-0.000423024815973
5.07593799976e-10	-6.94369082339e-05
5.11686798241e-10	0.000292314216495
5.15779796505e-10	0.000587174145039
5.1987279477e-10	0.00075844861567
5.23965793035e-10	0.000781223294325
5.280587913e-10	0.000665810424834
5.32151789565e-10	0.000451291096397
5.3624478783e-10	0.000192529085325
5.40337786095e-10	-5.46314622625e-05
5.4443078436e-10	-0.000245814706432
5.48523782625e-10	-0.00035577325616
5.5261678089e-10	-0.000380598910851
5.56709779155e-10	-0.000335063668899
5.6080277742e-10	-0.000246389303356
5.64895775685e-10	-0.000146116639371
5.68988773949e-10	-6.20638456894e-05
5.73081772214e-10	-1.23278186948e-05
5.77174770479e-10	-2.71542739938e-06
5.81267768744e-10	-2.78168336081e-05
5.85360767009e-10	-7.45616925997e-05
5.89453765274e-10	-0.000126373313833
5.93546763539e-10	-0.000166304787854
5.97639761804e-10	-0.000178873509867
6.01732760069e-10	-0.000151617670781
6.05825758334e-10	-7.78190151323e-05
6.09918756599e-10	3.92655201722e-05
6.14011754864e-10	0.000182356438017
6.18104753129e-10	0.000319491839036
6.22197751393e-10	0.000409676868003
6.26290749658e-10	0.000415059941588
6.30383747923e-10	0.000316092395224
6.34476746188e-10	0.000123204983538
6.38569744453e-10	-0.000121309014503
6.42662742718e-10	-0.000353882962372
6.46755740983e-10	-0.0005097608082
6.50848739248e-10	-0.000544726615772
6.54941737513e-10	-0.000449437822681
6.59034735778e-10	-0.000250487297308
6.63127734043e-10	1.40622978506e-06
6.67220732308e-10	0.00024980638409
6.71313730572e-10	0.000448820006568
6.75406728837e-10	0.000570727977902
6.79499727102e-10	0.000604105414823
6.83592725367e-10	0.000547022791579
6.87685723632e-10	0.000402201752877
6.91778721897e-10	0.000178553134901
6.95871720162e-10	-0.000101833764347
6.99964718427e-10	-0.000397237716243
7.04057716692e-10	-0.000647645443678
7.08150714957e-10	-0.000787544762716
7.12243713222e-10	-0.000767252699006
7.16336711487e-10	-0.000573933473788
7.20429709752e-10	-0.000241999106947
7.24522708016e-10	0.000153438799316
7.28615706281e-10	0.000518645974807
7.32708704546e-10	0.000770152779296
7.36801702811e-10	0.000858674931806
7.40894701076e-10	0.000779033754952
7.44987699341e-10	0.000564070069231
7.49080697606e-10	0.000267831463134
7.53173695871e-10	-5.27335578226e-05
7.57266694136e-10	-0.000349720881786
7.61359692401e-10	-0.000587179791182
7.65452690666e-10	-0.000738129019737
7.69545688931e-10	-0.000781761016697
7.73638687196e-10	-0.000705480575562
7.7773168546e-10	-0.000511937774718
7.81824683725e-10	-0.000226499367272
7.8591768199e-10	0.000101077261206
7.90010680255e-10	0.00040476443246
7.9410367852e-10	0.000619069905952
7.98196676785e-10	0.000698515505064
8.0228967505e-10	0.000631812261418
8.06382673315e-10	0.000444767647423
8.1047567158e-10	0.000190943479538
8.14568669845e-10	-6.58046046738e-05
8.1866166811e-10	-0.000269830954494
8.22754666375e-10	-0.00038677349221
8.2684766464e-10	-0.000407944811741
8.30940662904e-10	-0.000346733402694
8.35033661169e-10	-0.000230436155107
8.39126659434e-10	-9.13704716368e-05
8.43219657699e-10	4.01148499805e-05
8.47312655964e-10	0.000140045012813
8.51405654229e-10	0.000193164742086
8.55498652494e-10	0.000193990563275
8.59591650759e-10	0.000146875740029
8.63684649024e-10	6.48923087283e-05
8.67777647289e-10	-3.25958208123e-05
8.71870645554e-10	-0.000123478865135
8.75963643819e-10	-0.000186896126252
8.80056642084e-10	-0.000207044271519
8.84149640348e-10	-0.000176356756128
8.88242638613e-10	-9.78153038886e-05
8.92335636878e-10	1.40140573421e-05
8.96428635143e-10	0.000134112153319
9.00521633408e-10	0.000231253827224
9.04614631673e-10	0.000275664642686
9.08707629938e-10	0.000248625292443
9.12800628203e-10	0.000150812178617
9.16893626468e-10	5.37091409569e-06
9.20986624733e-10	-0.00014698789164
9.25079622998e-10	-0.000260360655375
9.29172621263e-10	-0.00029933033511
9.33265619528e-10	-0.000251517980359
9.37358617792e-10	-0.000131478096591
9.41451616057e-10	2.58932559518e-05
9.45544614322e-10	0.000179243274033
9.49637612587e-10	0.000295288366033
9.53730610852e-10	0.00035732210381
9.57823609117e-10	0.00036459020339
9.61916607382e-10	0.000324686639942
9.66009605647e-10	0.000244871189352
9.70102603912e-10	0.000128445390146
9.74195602177e-10	-2.1413918148e-05
9.78288600442e-10	-0.000193233194295
9.82381598707e-10	-0.000360805133823
9.86474596972e-10	-0.000484954245621
9.90567595236e-10	-0.000525176292285
9.94660593501e-10	-0.000456757785287
9.98753591766e-10	-0.000284757988993
1.00284659003e-09	-4.68332946184e-05
1.0069395883e-09	0.000197963396204
1.01103258656e-09	0.000390048371628
1.01512558483e-09	0.000490295118652
1.01921858309e-09	0.000491425336804
1.02331158136e-09	0.000415008573327
1.02740457962e-09	0.000296772486763
1.03149757789e-09	0.000168649625266
1.03559057615e-09	4.70292761747e-05
1.03968357442e-09	-6.7558590672e-05
1.04377657268e-09	-0.000180937175173
1.04786957095e-09	-0.000293060147669
1.05196256921e-09	-0.000391297799069
1.05605556748e-09	-0.000453609682154
1.06014856574e-09	-0.000459756876808
1.06424156401e-09	-0.000403659272706
1.06833456227e-09	-0.000299234059639
1.07242756053e-09	-0.000175802459125
1.0765205588e-09	-6.52046437608e-05
1.08061355706e-09	1.243249244e-05
1.08470655533e-09	5.65906084375e-05
1.08879955359e-09	8.37711704662e-05
1.09289255186e-09	0.000116112249088
1.09698555012e-09	0.00016756777768
1.10107854839e-09	0.000235076222452
1.10517154665e-09	0.000299166538753
1.10926454492e-09	0.000333260337356
1.11335754318e-09	0.000316566496622
1.11745054145e-09	0.000244021532126
1.12154353971e-09	0.000128866246087
1.12563653798e-09	-2.53849793808e-06
1.12972953624e-09	-0.000120333686937
1.13382253451e-09	-0.000200456095627
1.13791553277e-09	-0.000229998477153
1.14200853104e-09	-0.000207667733775
1.1461015293e-09	-0.000140907475725
1.15019452757e-09	-4.21999757236e-05
1.15428752583e-09	7.35093708499e-05
1.1583805241e-09	0.000189881742699
1.16247352236e-09	0.000289576651994
1.16656652063e-09	0.000355146999937
1.17065951889e-09	0.000371074187569
1.17475251716e-09	0.000326713663526
1.17884551542e-09	0.000219406254473
1.18293851369e-09	5.68609975744e-05
1.18703151195e-09	-0.000141865370097
1.19112451022e-09	-0.000347402063198
1.19521750848e-09	-0.000523618014995
1.19931050675e-09	-0.000633929856122
1.20340350501e-09	-0.000649742898531
1.20749650328e-09	-0.000559074105695
1.21158950154e-09	-0.000372351962142
1.21568249981e-09	-0.000122370242025
1.21977549807e-09	0.000142880046042
1.22386849634e-09	0.000372912123566
1.2279614946e-09	0.000528573640622
1.23205449287e-09	0.000591608521063
1.23614749113e-09	0.000566184869967
1.2402404894e-09	0.000472323270515
1.24433348766e-09	0.00033512263326
1.24842648593e-09	0.000175563298399
1.25251948419e-09	7.42145493859e-06
1.25661248246e-09	-0.000159123839694
1.26070548072e-09	-0.000310855946736
1.26479847899e-09	-0.000427617400419
1.26889147725e-09	-0.000485322263557
1.27298447552e-09	-0.000465625867946
1.27707747378e-09	-0.000367272819858
1.28117047205e-09	-0.000212058541365
1.28526347031e-09	-4.05037135351e-05
1.28935646858e-09	0.000102279278508
1.29344946684e-09	0.000184316158993
1.29754246511e-09	0.000199282294489
1.30163546337e-09	0.000167176767718
1.30572846164e-09	0.000122576428112
1.3098214599e-09	9.65040526353e-05
1.31391445817e-09	0.000101362194982
1.31800745643e-09	0.000126682949485
1.3221004547e-09	0.000147428043419
1.32619345296e-09	0.000139709271025
1.33028645123e-09	9.48852393776e-05
1.33437944949e-09	2.42522128246e-05
1.33847244775e-09	-4.78266301798e-05
1.34256544602e-09	-9.78382886387e-05
1.34665844428e-09	-0.000115666822239
1.35075144255e-09	-0.000108473002911
1.35484444081e-09	-9.3943279353e-05
1.35893743908e-09	-8.73299504747e-05
1.36303043734e-09	-9.03866166482e-05
1.36712343561e-09	-8.9120308985e-05
1.37121643387e-09	-6.20591890765e-05
1.37530943214e-09	5.54062171432e-06
1.3794024304e-09	0.000109702115878
1.38349542867e-09	0.000225052644964
1.38758842693e-09	0.000313486088999
1.3916814252e-09	0.000340027181664
1.39577442346e-09	0.000288002484012
1.39986742173e-09	0.000166148005519
1.40396041999e-09	4.7152825573e-06
1.40805341826e-09	-0.000156789363245
1.41214641652e-09	-0.000283783389023
1.41623941479e-09	-0.000356209638994
1.42033241305e-09	-0.000370296300389
1.42442541132e-09	-0.000333665928338
1.42851840958e-09	-0.000258111598669
1.43261140785e-09	-0.000154554989422
1.43670440611e-09	-3.24305074173e-05
1.44079740438e-09	9.75366128841e-05
1.44489040264e-09	0.000220251647988
1.44898340091e-09	0.000315959827276
1.45307639917e-09	0.000363892089808
1.45716939744e-09	0.000348551897332
1.4612623957e-09	0.000265832815785
1.46535539397e-09	0.000126177430502
1.46944839223e-09	-4.65551711386e-05
1.4735413905e-09	-0.000220150570385
1.47763438876e-09	-0.000361325481208
1.48172738703e-09	-0.000443204218755
1.48582038529e-09	-0.00045119508286
1.48991338356e-09	-0.000386007479392
1.49400638182e-09	-0.000263122579781
1.49809938009e-09	-0.000108624226414
1.50219237835e-09	4.77397989016e-05
1.50628537662e-09	0.000180409260793
1.51037837488e-09	0.000274139456451
1.51447137315e-09	0.000326098932419
1.51856437141e-09	0.000343115039868
1.52265736968e-09	0.00033549539512
1.52675036794e-09	0.000310698524117
1.53084336621e-09	0.000270290765911
1.53493636447e-09	0.00021190008556
1.53902936274e-09	0.000134825531859
1.543122361e-09	4.55638146377e-05
1.54721535927e-09	-4.08863415942e-05
1.55130835753e-09	-0.000105778693978
1.5554013558e-09	-0.000135527283419
1.55949435406e-09	-0.000129844207549
1.56358735233e-09	-0.00010382894834
1.56768035059e-09	-8.17172694951e-05
1.57177334886e-09	-8.46812472446e-05
1.57586634712e-09	-0.000118962896522
1.57995934539e-09	-0.000171102627064
1.58405234365e-09	-0.000213613617234
1.58814534192e-09	-0.000218793007662
1.59223834018e-09	-0.000173588487087
1.59633133844e-09	-8.74827310327e-05
1.60042433671e-09	1.11558183562e-05
1.60451733497e-09	8.85379849933e-05
1.60861033324e-09	0.000121602555737
1.6127033315e-09	0.000108189880848
1.61679632977e-09	6.5915795858e-05
1.62088932803e-09	2.08238707273e-05
1.6249823263e-09	-7.42360361983e-06
1.62907532456e-09	-1.52053735292e-05
1.63316832283e-09	-1.40854244819e-05
1.63726132109e-09	-2.03574018087e-05
1.64135431936e-09	-4.16587208747e-05
1.64544731762e-09	-6.91322420607e-05
1.64954031589e-09	-8.0333877122e-05
1.65363331415e-09	-5.17726221005e-05
1.65772631242e-09	2.59254320554e-05
1.66181931068e-09	0.000139005802339
1.66591230895e-09	0.000253359379712
1.67000530721e-09	0.000328228401486
1.67409830548e-09	0.000333989941282
1.67819130374e-09	0.000264994625468
1.68228430201e-09	0.000141138298204
1.68637730027e-09	-2.00263457373e-06
1.69047029854e-09	-0.000128842686536
1.6945632968e-09	-0.00021702752565
1.69865629507e-09	-0.00026213892852
1.70274929333e-09	-0.000272895296803
1.7068422916e-09	-0.000261101871729
1.71093528986e-09	-0.000232980848523
1.71502828813e-09	-0.000186831079191
1.71912128639e-09	-0.000117743678857
1.72321428466e-09	-2.56574203377e-05
1.72730728292e-09	7.8739845776e-05
1.73140028119e-09	0.000174345768755
1.73549327945e-09	0.000236503256019
1.73958627772e-09	0.000246944546234
1.74367927598e-09	0.000201789924176
1.74777227425e-09	0.000113674701424
1.75186527251e-09	7.26999587641e-06
1.75595827078e-09	-8.94777913345e-05
1.76005126904e-09	-0.000154357097927
1.76414426731e-09	-0.000176695146365
1.76823726557e-09	-0.000158436014317
1.77233026384e-09	-0.000111136498163
1.7764232621e-09	-5.08783123223e-05
1.78051626037e-09	6.87240253683e-06
1.78460925863e-09	5.10078534717e-05
1.7887022569e-09	7.65961376601e-05
1.79279525516e-09	8.47144983709e-05
1.79688825343e-09	8.06192329037e-05
1.80098125169e-09	7.08551960997e-05
1.80507424996e-09	6.02959771641e-05
1.80916724822e-09	5.03967567056e-05
1.81326024649e-09	3.95618262701e-05
1.81735324475e-09	2.5604142138e-05
1.82144624302e-09	8.8899560069e-06
1.82553924128e-09	-5.94979246671e-06
1.82963223955e-09	-1.14266813398e-05
1.83372523781e-09	-1.63784943652e-06
1.83781823608e-09	2.25143085117e-05
1.84191123434e-09	5.07105287397e-05
1.84600423261e-09	6.58215722069e-05
1.85009723087e-09	5.15634892508e-05
1.85419022914e-09	1.85573480849e-06
1.8582832274e-09	-7.3252376751e-05
1.86237622566e-09	-0.000149159925058
1.86646922393e-09	-0.000196178356418
1.87056222219e-09	-0.000192893741769
1.87465522046e-09	-0.000136746486533
1.87874821872e-09	-4.61094459752e-05
1.88284121699e-09	4.76770583191e-05
1.88693421525e-09	0.000114476220915
1.89102721352e-09	0.000138425035402
1.89512021178e-09	0.000123146499391
1.89921321005e-09	8.66374612087e-05
1.90330620831e-09	4.92420149385e-05
1.90739920658e-09	2.19258872676e-05
1.91149220484e-09	1.81560244528e-06
1.91558520311e-09	-2.25294716074e-05
1.91967820137e-09	-5.96186946495e-05
1.92377119964e-09	-0.00010479415505
1.9278641979e-09	-0.000138334769872
1.93195719617e-09	-0.000134103815071
1.93605019443e-09	-7.46408622945e-05
1.9401431927e-09	3.5763685446e-05
1.94423619096e-09	0.0001679083216
1.94832918923e-09	0.000277278682915
1.95242218749e-09	0.000322301842971
1.95651518576e-09	0.000282293563941
1.96060818402e-09	0.000166192912729
1.96470118229e-09	7.93272192823e-06
1.96879418055e-09	-0.000148646475282
1.97288717882e-09	-0.000267340976279
1.97698017708e-09	-0.000330880226102
1.98107317535e-09	-0.00034139570198
1.98516617361e-09	-0.000311745912768
1.98925917188e-09	-0.000254180573393
1.99335217014e-09	-0.000173616484972
1.99744516841e-09	-6.91669920343e-05
2.00153816667e-09	5.78533399676e-05
2.00563116494e-09	0.000195465574507
2.0097241632e-09	0.000318436039379
2.01381716147e-09	0.000394435191993
2.01791015973e-09	0.000396596820792
2.022003158e-09	0.000316201039823
2.02609615626e-09	0.000168895727256
2.03018915453e-09	-8.99038241187e-06
2.03428215279e-09	-0.000172455300344
2.03837515106e-09	-0.000282748020254
2.04246814932e-09	-0.00031881549512
2.04656114759e-09	-0.000281168147922
2.05065414585e-09	-0.000187954414287
2.05474714412e-09	-6.6370179411e-05
2.05884014238e-09	5.61874367122e-05
2.06293314065e-09	0.000157997550559
2.06702613891e-09	0.000224985691602
2.07111913718e-09	0.00025001578615
2.07521213544e-09	0.000231454439927
2.07930513371e-09	0.000172393774847
2.08339813197e-09	8.06957032182e-05
2.08749113024e-09	-3.0913764931e-05
2.0915841285e-09	-0.000145565645653
2.09567712677e-09	-0.000244201859459
2.09977012503e-09	-0.000308518123347
2.1038631233e-09	-0.000324356660713
2.10795612156e-09	-0.000284962414298
2.11204911983e-09	-0.00019352324307
2.11614211809e-09	-6.42613667878e-05
2.12023511636e-09	7.88680554251e-05
2.12432811462e-09	0.00020655876142
2.12842111288e-09	0.000291355885565
2.13251411115e-09	0.000315881014103
2.13660710941e-09	0.000279004627373
2.14070010768e-09	0.000196891021915
2.14479310594e-09	9.75312432274e-05
2.14888610421e-09	1.03617821878e-05
2.15297910247e-09	-4.47926540801e-05
2.15707210074e-09	-6.43585808575e-05
2.161165099e-09	-6.00205057708e-05
2.16525809727e-09	-5.06546020915e-05
2.16935109553e-09	-5.14892926731e-05
2.1734440938e-09	-6.63707760395e-05
2.17753709206e-09	-8.72485979926e-05
2.18163009033e-09	-0.000100892793853
2.18572308859e-09	-9.85126389423e-05
2.18981608686e-09	-8.21812136564e-05
2.19390908512e-09	-6.37693810859e-05
2.19800208339e-09	-5.66999588045e-05
2.20209508165e-09	-6.54926334391e-05
2.20618807992e-09	-7.99026311142e-05
2.21028107818e-09	-7.82358256401e-05
2.21437407645e-09	-3.9069858758e-05
2.21846707471e-09	4.4621006964e-05
2.22256007298e-09	0.000157121481607
2.22665307124e-09	0.000262999907136
2.23074606951e-09	0.000321121187881
2.23483906777e-09	0.000303119217278
2.23893206604e-09	0.000206998243812
2.2430250643e-09	5.88492002862e-05
2.24711806257e-09	-9.82289784588e-05
2.25121106083e-09	-0.000222200498683
2.2553040591e-09	-0.000287982547889
2.25939705736e-09	-0.000293570104986
2.26349005563e-09	-0.000254528422374
2.26758305389e-09	-0.000191392668057
2.27167605216e-09	-0.000117994291941
2.27576905042e-09	-3.74587907572e-05
2.27986204869e-09	5.26137591805e-05
2.28395504695e-09	0.000150065141497
2.28804804522e-09	0.000240612687776
2.29214104348e-09	0.000298654369544
2.29623404175e-09	0.000297217338812
2.30032704001e-09	0.000222115631914
2.30442003828e-09	8.24760063551e-05
2.30851303654e-09	-8.86206980795e-05
2.31260603481e-09	-0.000244573107921
2.31669903307e-09	-0.000342124723829
2.32079203134e-09	-0.000356855161954
2.3248850296e-09	-0.000290376483463
2.32897802787e-09	-0.000166775338585
2.33307102613e-09	-2.11062870221e-05
2.3371640244e-09	0.000113892987429
2.34125702266e-09	0.000216841173824
2.34535002093e-09	0.000279665255221
2.34944301919e-09	0.000303650915157
2.35353601746e-09	0.00029352286947
2.35762901572e-09	0.000253489764873
2.36172201399e-09	0.000187074067071
2.36581501225e-09	9.97006281978e-05
2.36990801052e-09	1.34081165015e-06
2.37400100878e-09	-9.32890252443e-05
2.37809400705e-09	-0.000167752456036
2.38218700531e-09	-0.000208875455428
2.38628000357e-09	-0.000211328966543
2.39037300184e-09	-0.000179692287929
2.3944660001e-09	-0.000127166858874
2.39855899837e-09	-7.15122514521e-05
2.40265199663e-09	-2.96661110042e-05
2.4067449949e-09	-1.26776903926e-05
2.41083799316e-09	-2.22721573664e-05
2.41493099143e-09	-4.99705674883e-05
2.41902398969e-09	-7.92519858805e-05
2.42311698796e-09	-9.06354980543e-05
2.42720998622e-09	-6.86179409968e-05
2.43130298449e-09	-8.32341083878e-06
2.43539598275e-09	8.08219920145e-05
2.43948898102e-09	0.00017653874238
2.44358197928e-09	0.000250490644248
2.44767497755e-09	0.000278193649137
2.45176797581e-09	0.000247956719249
2.45586097408e-09	0.000164836412296
2.45995397234e-09	4.78045003547e-05
2.46404697061e-09	-7.83328869147e-05
2.46813996887e-09	-0.000191973580513
2.47223296714e-09	-0.000280098465737
2.4763259654e-09	-0.000337609148119
2.48041896367e-09	-0.000362071965355
2.48451196193e-09	-0.000348267669324
2.4886049602e-09	-0.000287238450255
2.49269795846e-09	-0.000171709602
2.49679095673e-09	-5.32877675141e-06
2.50088395499e-09	0.000190059799934
2.50497695326e-09	0.000374949537218
2.50906995152e-09	0.000502561801113
2.51316294979e-09	0.000535683589987
2.51725594805e-09	0.000462291442091
2.52134894632e-09	0.000302034139168
2.52544194458e-09	9.97608003672e-05
2.52953494285e-09	-9.13214753382e-05
2.53362794111e-09	-0.000228937744396
2.53772093938e-09	-0.000294512632536
2.54181393764e-09	-0.000294029421639
2.54590693591e-09	-0.00024811172625
2.54999993417e-09	-0.00017799345369
2.55409293244e-09	-9.56610310823e-05
2.5581859307e-09	-3.28125679516e-06
2.56227892897e-09	9.90394255496e-05
2.56637192723e-09	0.000203267656616
2.5704649255e-09	0.000288796785753
2.57455792376e-09	0.000327316432958
2.57865092203e-09	0.000295473902952
2.58274392029e-09	0.000188458507182
2.58683691856e-09	2.65034905169e-05
2.59092991682e-09	-0.000150157517055
2.59502291509e-09	-0.000296172307571
2.59911591335e-09	-0.0003786192392
2.60320891162e-09	-0.000388658489101
2.60730190988e-09	-0.000341803359333
2.61139490815e-09	-0.000267419207375
2.61548790641e-09	-0.000193457381101
2.61958090468e-09	-0.000134421949042
2.62367390294e-09	-8.81857267814e-05
2.62776690121e-09	-4.20574215241e-05
2.63185989947e-09	1.63446457009e-05
2.63595289774e-09	8.99709702935e-05
2.640045896e-09	0.000169730425114
2.64413889427e-09	0.000239070694079
2.64823189253e-09	0.000282351102214
2.65232489079e-09	0.000291940290481
2.65641788906e-09	0.000270332209766
2.66051088732e-09	0.00022680973052
2.66460388559e-09	0.000171371750184
2.66869688385e-09	0.000109807355329
2.67278988212e-09	4.26882761531e-05
2.67688288038e-09	-3.15632569254e-05
2.68097587865e-09	-0.00011176794942
2.68506887691e-09	-0.000190345133888
2.68916187518e-09	-0.000253180565778
2.69325487344e-09	-0.000283244909951
2.69734787171e-09	-0.00026645019534
2.70144086997e-09	-0.000197348679649
2.70553386824e-09	-8.26040195534e-05
2.7096268665e-09	5.88614057051e-05
2.71371986477e-09	0.000199139874894
2.71781286303e-09	0.000307296519168
2.7219058613e-09	0.000356825970812
2.72599885956e-09	0.000332861265633
2.73009185783e-09	0.000237146567088
2.73418485609e-09	8.88599170139e-05
2.73827785436e-09	-7.96449749032e-05
2.74237085262e-09	-0.000231351616094
2.74646385089e-09	-0.000334703800036
2.75055684915e-09	-0.000371624832042
2.75464984742e-09	-0.000340510974638
2.75874284568e-09	-0.000253420235822
2.76283584395e-09	-0.000129535183078
2.76692884221e-09	1.13722671813e-05
2.77102184048e-09	0.00015215863823
2.77511483874e-09	0.000277322891634
2.77920783701e-09	0.000370039400877
2.78330083527e-09	0.000411036366131
2.78739383354e-09	0.00038234697422
2.7914868318e-09	0.000275602913462
2.79557983007e-09	0.000100935882074
2.79967282833e-09	-0.000109287437226
2.8037658266e-09	-0.000306053669192
2.80785882486e-09	-0.000438230694272
2.81195182313e-09	-0.000470664992463
2.81604482139e-09	-0.000397671596147
2.82013781966e-09	-0.000245345145231
2.82423081792e-09	-6.11651776126e-05
2.82832381619e-09	0.000104349033791
2.83241681445e-09	0.000215354302782
2.83650981272e-09	0.000259840657236
2.84060281098e-09	0.000247058982495
2.84469580925e-09	0.000196428678464
2.84878880751e-09	0.000125227175886
2.85288180578e-09	4.23050732934e-05
2.85697480404e-09	-4.94105734106e-05
2.86106780231e-09	-0.000144629651913
2.86516080057e-09	-0.000228467513807
2.86925379884e-09	-0.000276553211734
2.8733467971e-09	-0.000264087109827
2.87743979537e-09	-0.000179631897481
2.88153279363e-09	-3.56685595762e-05
2.8856257919e-09	0.000130991495098
2.88971879016e-09	0.000270815275144
2.89381178843e-09	0.00034048827365
2.89790478669e-09	0.000320335733704
2.90199778496e-09	0.000221881724428
2.90609078322e-09	8.20775603643e-05
2.91018378149e-09	-5.25749710505e-05
2.91427677975e-09	-0.000144142846693
2.91836977801e-09	-0.000175267952727
2.92246277628e-09	-0.000150634412421
2.92655577454e-09	-8.91873860382e-05
2.93064877281e-09	-1.27821476781e-05
2.93474177107e-09	6.22471343377e-05
2.93883476934e-09	0.000127020990476
2.9429277676e-09	0.000176398723852
2.94702076587e-09	0.000203884788789
2.95111376413e-09	0.000199741887627
2.9552067624e-09	0.000154335022671
2.95929976066e-09	6.49928406347e-05
2.96339275893e-09	-5.79538282182e-05
2.96748575719e-09	-0.000190148944966
2.97157875546e-09	-0.000298877304886
2.97567175372e-09	-0.000353481096681
2.97976475199e-09	-0.000336174678523
2.98385775025e-09	-0.000248683034442
2.98795074852e-09	-0.000112128480396
2.99204374678e-09	3.94188609789e-05
2.99613674505e-09	0.000169007689692
3.00022974331e-09	0.000246836571023
3.00432274158e-09	0.000257381994743
3.00841573984e-09	0.000202149894903
3.01250873811e-09	9.8093849374e-05
3.01660173637e-09	-2.73648547591e-05
3.02069473464e-09	-0.000143341676448
3.0247877329e-09	-0.000222873757593
3.02888073117e-09	-0.00024900882272
3.03297372943e-09	-0.00021799922979
3.0370667277e-09	-0.000138812349178
3.04115972596e-09	-2.93071370834e-05
3.04525272423e-09	8.92295938684e-05
3.04934572249e-09	0.000196926383069
3.05343872076e-09	0.000277886399999
3.05753171902e-09	0.000320307764923
3.06162471729e-09	0.00031572493026
3.06571771555e-09	0.000259431399172
3.06981071382e-09	0.000153219880303
3.07390371208e-09	9.3353446573e-06
3.07799671035e-09	-0.000147335813381
3.08208970861e-09	-0.000282031600364
3.08618270688e-09	-0.000358984339982
3.09027570514e-09	-0.000353969255229
3.09436870341e-09	-0.000265251204837
3.09846170167e-09	-0.000117117328045
3.10255469994e-09	4.69044935016e-05
3.1066476982e-09	0.000179243157618
3.11074069647e-09	0.00024554139236
3.11483369473e-09	0.000236209452851
3.118926693e-09	0.000167153193615
3.12301969126e-09	6.98685907992e-05
3.12711268953e-09	-2.35211464314e-05
3.13120568779e-09	-9.25522836042e-05
3.13529868606e-09	-0.000132227825816
3.13939168432e-09	-0.000147788465256
3.14348468259e-09	-0.000145093945321
3.14757768085e-09	-0.000123577134218
3.15167067912e-09	-7.67100791563e-05
3.15576367738e-09	2.36099367612e-07
3.15985667565e-09	0.000100393837783
3.16394967391e-09	0.000200704991585
3.16804267218e-09	0.000267102150247
3.17213567044e-09	0.000268399220658
3.17622866871e-09	0.000192247738596
3.18032166697e-09	5.4512245697e-05
3.18441466523e-09	-0.000103757491161
3.1885076635e-09	-0.000231320445891
3.19260066176e-09	-0.000286975933705
3.19669366003e-09	-0.000255538150668
3.20078665829e-09	-0.000152230917593
3.20487965656e-09	-1.41574109875e-05
3.20897265482e-09	0.000116123264888
3.21306565309e-09	0.000206503958907
3.21715865135e-09	0.000243553571636
3.22125164962e-09	0.000230792327784
3.22534464788e-09	0.000180264789378
3.22943764615e-09	0.000103745514934
3.23353064441e-09	8.96091478353e-06
3.23762364268e-09	-9.78045864031e-05
3.24171664094e-09	-0.000205828866456
3.24580963921e-09	-0.00029615877429
3.24990263747e-09	-0.000343936088029
3.25399563574e-09	-0.000327015237417
3.258088634e-09	-0.000236899184529
3.26218163227e-09	-8.61781954882e-05
3.26627463053e-09	9.1967289336e-05
3.2703676288e-09	0.000252804689808
3.27446062706e-09	0.000354108255124
3.27855362533e-09	0.000369520566892
3.28264662359e-09	0.000296090729535
3.28673962186e-09	0.000153783155838
3.29083262012e-09	-2.18529694394e-05
3.29492561839e-09	-0.000190310820471
3.29901861665e-09	-0.000316184334224
3.30311161492e-09	-0.000376044888981
3.30720461318e-09	-0.000361344544217
3.31129761145e-09	-0.0002779487113
3.31539060971e-09	-0.000143367302371
3.31948360798e-09	1.73417683982e-05
3.32357660624e-09	0.000176315428689
3.32766960451e-09	0.000307598995278
3.33176260277e-09	0.00039108475903
3.33585560104e-09	0.000415031885495
3.3399485993e-09	0.000376941869035
3.34404159757e-09	0.000283197354292
3.34813459583e-09	0.000148125749547
3.3522275941e-09	-7.12062319508e-06
3.35632059236e-09	-0.000156285794219
3.36041359063e-09	-0.000271292810794
3.36450658889e-09	-0.000327751768054
3.36859958716e-09	-0.000312038726406
3.37269258542e-09	-0.000227509328397
3.37678558369e-09	-9.6558695077e-05
3.38087858195e-09	4.3962001655e-05
3.38497158022e-09	0.000153670931468
3.38906457848e-09	0.000202373426873
3.39315757675e-09	0.000180871007615
3.39725057501e-09	0.000103810933069
3.40134357328e-09	2.92446748063e-06
3.40543657154e-09	-8.64344037836e-05
3.40952956981e-09	-0.000139119467349
3.41362256807e-09	-0.0001479874918
3.41771556634e-09	-0.00012243106903
3.4218085646e-09	-7.95167288743e-05
3.42590156287e-09	-3.34055621352e-05
3.42999456113e-09	1.06513653009e-05
3.4340875594e-09	5.46236260561e-05
3.43818055766e-09	0.000100195182313
3.44227355592e-09	0.000141130207339
3.44636655419e-09	0.000161544390721
3.45045955245e-09	0.000142464443343
3.45455255072e-09	7.37469599699e-05
3.45864554898e-09	-3.56057134923e-05
3.46273854725e-09	-0.000155641973834
3.46683154551e-09	-0.000244868249865
3.47092454378e-09	-0.000267348747002
3.47501754204e-09	-0.000209303689189
3.47911054031e-09	-8.6707630544e-05
3.48320353857e-09	6.03332700848e-05
3.48729653684e-09	0.00018388411263
3.4913895351e-09	0.00024725892581
3.49548253337e-09	0.000237799904426
3.49957553163e-09	0.000167938414961
3.5036685299e-09	6.54589020996e-05
3.50776152816e-09	-4.07383849961e-05
3.51185452643e-09	-0.000131449560286
3.51594752469e-09	-0.000199596819584
3.52004052296e-09	-0.000244729249971
3.52413352122e-09	-0.000264776637778
3.52822651949e-09	-0.000251493300311
3.53231951775e-09	-0.000193217318156
3.53641251602e-09	-8.36427934701e-05
3.54050551428e-09	6.88950822223e-05
3.54459851255e-09	0.000237854837906
3.54869151081e-09	0.000383992795832
3.55278450908e-09	0.000468258658657
3.55687750734e-09	0.000466298195533
3.56097050561e-09	0.000377781980205
3.56506350387e-09	0.00022632945911
3.56915650214e-09	5.04585223098e-05
3.5732495004e-09	-0.000109976128442
3.57734249867e-09	-0.000225794414291
3.58143549693e-09	-0.000284501118585
3.5855284952e-09	-0.000289241259452
3.58962149346e-09	-0.000252955243923
3.59371449173e-09	-0.000191538594663
3.59780748999e-09	-0.000119094067486
3.60190048826e-09	-4.63797550765e-05
3.60599348652e-09	1.84948657989e-05
3.61008648479e-09	6.88992804498e-05
3.61417948305e-09	9.94038418867e-05
3.61827248132e-09	0.000106641164166
3.62236547958e-09	9.05673441594e-05
3.62645847785e-09	5.52169476578e-05
3.63055147611e-09	8.36431991047e-06
3.63464447438e-09	-3.98319534725e-05
3.63873747264e-09	-7.8879573266e-05
3.64283047091e-09	-0.000100292105344
3.64692346917e-09	-9.98648392851e-05
3.65101646744e-09	-7.93929721112e-05
3.6551094657e-09	-4.69791557407e-05
3.65920246397e-09	-1.51632148118e-05
3.66329546223e-09	3.36338234774e-06
3.6673884605e-09	1.28868850879e-06
3.67148145876e-09	-1.88465983229e-05
3.67557445703e-09	-4.39366122009e-05
3.67966745529e-09	-5.47584786545e-05
3.68376045356e-09	-3.44879190379e-05
3.68785345182e-09	2.22763792408e-05
3.69194645009e-09	0.000104612030555
3.69603944835e-09	0.000187573983567
3.70013244662e-09	0.000241480622208
3.70422544488e-09	0.000244142196607
3.70831844314e-09	0.000190228107385
3.71241144141e-09	9.31171380216e-05
3.71650443967e-09	-2.15822492464e-05
3.72059743794e-09	-0.000127231702209
3.7246904362e-09	-0.000206068216357
3.72878343447e-09	-0.000252693425864
3.73287643273e-09	-0.000270051823463
3.736969431e-09	-0.000261328619672
3.74106242926e-09	-0.000223781637033
3.74515542753e-09	-0.000149289277033
3.74924842579e-09	-3.20505932905e-05
3.75334142406e-09	0.000121031393064
3.75743442232e-09	0.000284305249806
3.76152742059e-09	0.000416949333157
3.76562041885e-09	0.000476390036056
3.76971341712e-09	0.000435947702499
3.77380641538e-09	0.000298061873764
3.77789941365e-09	9.60443358053e-05
3.78199241191e-09	-0.000117193878395
3.78608541018e-09	-0.000288390583592
3.79017840844e-09	-0.000382241327316
3.79427140671e-09	-0.000390570203308
3.79836440497e-09	-0.000329268747009
3.80245740324e-09	-0.000226246425882
3.8065504015e-09	-0.000107837215182
3.81064339977e-09	9.08657602849e-06
3.81473639803e-09	0.000116340597742
3.8188293963e-09	0.000207561330171
3.82292239456e-09	0.000271497003268
3.82701539283e-09	0.000291170028504
3.83110839109e-09	0.000250605575275
3.83520138936e-09	0.000145594734931
3.83929438762e-09	-8.13655969978e-06
3.84338738589e-09	-0.000175114080776
3.84748038415e-09	-0.000310133444145
3.85157338242e-09	-0.00037418177817
3.85566638068e-09	-0.000349069887307
3.85975937895e-09	-0.000244016468059
3.86385237721e-09	-9.14220581762e-05
3.86794537548e-09	6.57625423628e-05
3.87203837374e-09	0.000189064681763
3.87613137201e-09	0.000255498947809
3.88022437027e-09	0.000260956090642
3.88431736854e-09	0.000216370739508
3.8884103668e-09	0.000140223506605
3.89250336507e-09	5.16147665621e-05
3.89659636333e-09	-3.3461554267e-05
3.9006893616e-09	-0.000102555211924
3.90478235986e-09	-0.000145818135934
3.90887535813e-09	-0.00015576108126
3.91296835639e-09	-0.000128704268718
3.91706135466e-09	-6.71571033308e-05
3.92115435292e-09	1.85401695489e-05
3.92524735119e-09	0.000110837616376
3.92934034945e-09	0.000188275298569
3.93343334772e-09	0.000230575882597
3.93752634598e-09	0.000224029150559
3.94161934425e-09	0.000165551609825
3.94571234251e-09	6.44394021947e-05
3.94980534078e-09	-5.87501672271e-05
3.95389833904e-09	-0.000176163783181
3.95799133731e-09	-0.000259039545199
3.96208433557e-09	-0.000285350135528
3.96617733384e-09	-0.000246681447607
3.9702703321e-09	-0.000151919521159
3.97436333036e-09	-2.57009232882e-05
3.97845632863e-09	9.86158411251e-05
3.98254932689e-09	0.000189466722077
3.98664232516e-09	0.000227098847972
3.99073532342e-09	0.000208975368878
3.99482832169e-09	0.000148305596667
3.99892131995e-09	6.66637060931e-05
4.00301431822e-09	-1.5390192857e-05
4.00710731648e-09	-8.49561110954e-05
4.01120031475e-09	-0.000137651251862
4.01529331301e-09	-0.000173219799763
4.01938631128e-09	-0.000189596379641
4.02347930954e-09	-0.000180118717253
4.02757230781e-09	-0.00013653782662
4.03166530607e-09	-5.64955189475e-05
4.03575830434e-09	4.92565013701e-05
4.0398513026e-09	0.000155406858539
4.04394430087e-09	0.0002290791017
4.04803729913e-09	0.00024314399343
4.0521302974e-09	0.000189500453416
4.05622329566e-09	8.50845099194e-05
4.06031629393e-09	-3.33908792527e-05
4.06440929219e-09	-0.000124269383377
4.06850229046e-09	-0.000158406954142
4.07259528872e-09	-0.000130766202346
4.07668828699e-09	-6.05372697464e-05
4.08078128525e-09	1.97789868253e-05
4.08487428352e-09	8.02258073236e-05
4.08896728178e-09	0.000105819097371
4.09306028005e-09	9.95353620965e-05
4.09715327831e-09	7.54975844757e-05
4.10124627658e-09	4.74479966215e-05
4.10533927484e-09	1.99723835976e-05
4.10943227311e-09	-1.22916999317e-05
4.11352527137e-09	-5.74106743443e-05
4.11761826964e-09	-0.00011597390403
4.1217112679e-09	-0.000175040433533
4.12580426617e-09	-0.000210867234273
4.12989726443e-09	-0.000199840171263
4.1339902627e-09	-0.000131896915263
4.13808326096e-09	-1.88929661817e-05
4.14217625923e-09	0.000107232372102
4.14626925749e-09	0.000206259952392
4.15036225576e-09	0.000245923030889
4.15445525402e-09	0.000214805128053
4.15854825229e-09	0.000125937556732
4.16264125055e-09	1.00584074971e-05
4.16673424882e-09	-9.75000875769e-05
4.17082724708e-09	-0.000169685779838
4.17492024535e-09	-0.000194776599528
4.17901324361e-09	-0.000175759225385
4.18310624188e-09	-0.000124228259665
4.18719924014e-09	-5.3362811741e-05
4.19129223841e-09	2.61729019257e-05
4.19538523667e-09	0.000106083170976
4.19947823494e-09	0.000177769776201
4.2035712332e-09	0.000230206424021
4.20766423147e-09	0.000250769138802
4.21175722973e-09	0.000229258585023
4.215850228e-09	0.000163096992765
4.21994322626e-09	6.08793634456e-05
4.22403622453e-09	-5.79257139179e-05
4.22812922279e-09	-0.000167344958754
4.23222222105e-09	-0.000241882458795
4.23631521932e-09	-0.000263622147031
4.24040821758e-09	-0.000227248237934
4.24450121585e-09	-0.000141678916407
4.24859421411e-09	-2.80504318653e-05
4.25268721238e-09	8.53387391544e-05
4.25678021064e-09	0.000170058570802
4.26087320891e-09	0.000204936193768
4.26496620717e-09	0.000181929950486
4.26905920544e-09	0.00010853492131
4.2731522037e-09	5.57086059416e-06
4.27724520197e-09	-9.93036373984e-05
4.28133820023e-09	-0.000180220464244
4.2854311985e-09	-0.000220561865717
4.28952419676e-09	-0.000216326938244
4.29361719503e-09	-0.000174308835994
4.29771019329e-09	-0.000106630221126
4.30180319156e-09	-2.49852237175e-05
4.30589618982e-09	6.21088402113e-05
4.30998918809e-09	0.000147823302541
4.31408218635e-09	0.000223060313147
4.31817518462e-09	0.000273709621979
4.32226818288e-09	0.000282489112578
4.32636118115e-09	0.000235902421991
4.33045417941e-09	0.000133264402393
4.33454717768e-09	-7.53216590965e-06
4.33864017594e-09	-0.000152045453433
4.34273317421e-09	-0.00025988323614
4.34682617247e-09	-0.00029992783675
4.35091917074e-09	-0.000263088120846
4.355012169e-09	-0.000166143829119
4.35910516727e-09	-4.43875178462e-05
4.36319816553e-09	6.34901516605e-05
4.3672911638e-09	0.000130851316499
4.37138416206e-09	0.000151402971824
4.37547716033e-09	0.000136828777613
4.37957015859e-09	0.000106138497358
4.38366315686e-09	7.34432833269e-05
4.38775615512e-09	4.13317211496e-05
4.39184915339e-09	3.26651570504e-06
4.39594215165e-09	-4.71973035019e-05
4.40003514992e-09	-0.00010679976549
4.40412814818e-09	-0.000159290415468
4.40822114645e-09	-0.000181334267836
4.41231414471e-09	-0.000154820038006
4.41640714298e-09	-7.85916490713e-05
4.42050014124e-09	2.75053007499e-05
4.42459313951e-09	0.000129314721562
4.42868613777e-09	0.000192933628568
4.43277913604e-09	0.000199784873985
4.4368721343e-09	0.000154494773597
4.44096513257e-09	8.16154424683e-05
4.44505813083e-09	1.32197947096e-05
4.4491511291e-09	-2.6018715289e-05
4.45324412736e-09	-2.86948688881e-05
4.45733712563e-09	-5.09199890075e-06
4.46143012389e-09	2.49373879342e-05
4.46552312216e-09	4.34180838056e-05
4.46961612042e-09	4.25620673923e-05
4.47370911869e-09	2.60730976152e-05
4.47780211695e-09	3.8071484596e-06
4.48189511522e-09	-1.60463168868e-05
4.48598811348e-09	-3.22487358062e-05
4.49008111175e-09	-5.02338152728e-05
4.49417411001e-09	-7.68797981436e-05
4.49826710827e-09	-0.000113934198453
4.50236010654e-09	-0.000154268258484
4.5064531048e-09	-0.000183422394912
4.51054610307e-09	-0.000185690529179
4.51463910133e-09	-0.000151633794303
4.5187320996e-09	-8.31898723845e-05
4.52282509786e-09	5.95511846768e-06
4.52691809613e-09	9.47004300542e-05
4.53101109439e-09	0.00016146316193
4.53510409266e-09	0.000190813065274
4.53919709092e-09	0.000177605077624
4.54329008919e-09	0.000127679551952
4.54738308745e-09	5.55565202376e-05
4.55147608572e-09	-1.98325997189e-05
4.55556908398e-09	-8.01141140983e-05
4.55966208225e-09	-0.000111996632768
4.56375508051e-09	-0.000110310546006
4.56784807878e-09	-7.86832242738e-05
4.57194107704e-09	-2.75628826785e-05
4.57603407531e-09	2.98394788842e-05
4.58012707357e-09	8.20718123578e-05
4.58422007184e-09	0.000122443627333
4.5883130701e-09	0.000149118364789
4.59240606837e-09	0.000162467433256
4.59649906663e-09	0.000161585136084
4.6005920649e-09	0.000142541248351
4.60468506316e-09	0.000100143246527
4.60877806143e-09	3.26873305312e-05
4.61287105969e-09	-5.30366705789e-05
4.61696405796e-09	-0.000140146963531
4.62105705622e-09	-0.000205707503483
4.62515005449e-09	-0.00022952069412
4.62924305275e-09	-0.000203688949114
4.63333605102e-09	-0.000137713330332
4.63742904928e-09	-5.57292441954e-05
4.64152204755e-09	1.35832178785e-05
4.64561504581e-09	4.96951652167e-05
4.64970804408e-09	4.90713136969e-05
4.65380104234e-09	2.54128954111e-05
4.65789404061e-09	1.10132896225e-06
4.66198703887e-09	-5.5036143749e-06
4.66608003714e-09	1.00894467323e-05
4.6701730354e-09	3.69726549252e-05
4.67426603367e-09	5.63452485949e-05
4.67835903193e-09	5.35813087481e-05
4.6824520302e-09	2.77080671367e-05
4.68654502846e-09	-7.39649294701e-06
4.69063802673e-09	-3.09111710521e-05
4.69473102499e-09	-2.75493475783e-05
4.69882402326e-09	2.77109438684e-06
4.70291702152e-09	4.39290852228e-05
4.70701001979e-09	7.21570540918e-05
4.71110301805e-09	6.94716727594e-05
4.71519601632e-09	3.42925886798e-05
4.71928901458e-09	-1.68952665263e-05
4.72338201285e-09	-5.80462401558e-05
4.72747501111e-09	-6.75596675137e-05
4.73156800938e-09	-4.00793651352e-05
4.73566100764e-09	1.04600349005e-05
4.73975400591e-09	5.81484637223e-05
4.74384700417e-09	7.8649725765e-05
4.74794000244e-09	6.15872268099e-05
4.7520330007e-09	1.51520725922e-05
4.75612599897e-09	-3.90675886592e-05
4.76021899723e-09	-7.77888126322e-05
4.76431199549e-09	-8.75563782756e-05
4.76840499376e-09	-7.00515010976e-05
4.77249799202e-09	-3.89131746488e-05
4.77659099029e-09	-1.06677762233e-05
4.78068398855e-09	4.61921536044e-06
4.78477698682e-09	7.76848355599e-06
4.78886998508e-09	7.94306288299e-06
4.79296298335e-09	1.53413820954e-05
4.79705598161e-09	3.37622113875e-05
4.80114897988e-09	5.74995719944e-05
4.80524197814e-09	7.41592375562e-05
4.80933497641e-09	7.15795831638e-05
4.81342797467e-09	4.48598439107e-05
4.81752097294e-09	-3.34590367856e-07
4.8216139712e-09	-4.97146938869e-05
4.82570696947e-09	-8.63643654156e-05
4.82979996773e-09	-9.76552837528e-05
4.833892966e-09	-7.99701956566e-05
4.83798596426e-09	-3.9521662984e-05
4.84207896253e-09	1.04762721094e-05
4.84617196079e-09	5.46197625226e-05
4.85026495906e-09	8.01792630227e-05
4.85435795732e-09	8.05214658612e-05
4.85845095559e-09	5.65005029785e-05
4.86254395385e-09	1.57601534738e-05
4.86663695212e-09	-2.97005080938e-05
4.87072995038e-09	-6.71225425322e-05
4.87482294865e-09	-8.6819040007e-05
4.87891594691e-09	-8.49680072861e-05
4.88300894518e-09	-6.42599115963e-05
4.88710194344e-09	-3.19444370689e-05
4.89119494171e-09	3.83834048989e-06
4.89528793997e-09	3.75830422854e-05
4.89938093824e-09	6.77474890836e-05
4.9034739365e-09	9.50201938394e-05
4.90756693477e-09	0.000118582102004
4.91165993303e-09	0.000132959656185
4.9157529313e-09	0.000128210594994
4.91984592956e-09	9.43706108956e-05
4.92393892783e-09	2.8406504498e-05
4.92803192609e-09	-6.02654472459e-05
4.93212492436e-09	-0.000149620536831
4.93621792262e-09	-0.00021171203116
4.94031092089e-09	-0.000223914015805
4.94440391915e-09	-0.000179414986633
4.94849691742e-09	-9.14085030672e-05
4.95258991568e-09	1.17385716294e-05
4.95668291395e-09	9.83954669209e-05
4.96077591221e-09	0.000146827442222
4.96486891048e-09	0.000152991240611
4.96896190874e-09	0.000129143940285
4.97305490701e-09	9.45440333453e-05
4.97714790527e-09	6.38021738268e-05
4.98124090354e-09	3.96842151531e-05
4.9853339018e-09	1.43545312312e-05
4.98942690007e-09	-2.20724323299e-05
4.99351989833e-09	-7.12610562914e-05
4.9976128966e-09	-0.000121498873341
5.00170589486e-09	-0.000151441257913
5.00579889313e-09	-0.000141315045767
5.00989189139e-09	-8.5302075604e-05
5.01398488966e-09	2.20128640649e-06
5.01807788792e-09	9.07278299564e-05
5.02217088619e-09	0.000146785081597
5.02626388445e-09	0.000149241837789
5.03035688271e-09	9.90708504105e-05
5.03444988098e-09	1.83207866939e-05
5.03854287924e-09	-6.09005946899e-05
5.04263587751e-09	-0.000111532666779
5.04672887577e-09	-0.00012279683142
5.05082187404e-09	-0.000102201993286
5.0549148723e-09	-6.81710153003e-05
5.05900787057e-09	-3.82355246984e-05
5.06310086883e-09	-1.97690114874e-05
5.0671938671e-09	-8.13773567643e-06
5.07128686536e-09	7.40125597076e-06
5.07537986363e-09	3.4372380469e-05
5.07947286189e-09	7.0283174864e-05
5.08356586016e-09	0.000102592894109
5.08765885842e-09	0.000115425835247
5.09175185669e-09	9.90233602352e-05
5.09584485495e-09	5.64055699215e-05
5.09993785322e-09	3.33622119797e-06
5.10403085148e-09	-3.84360391763e-05
5.10812384975e-09	-5.11393591296e-05
5.11221684801e-09	-2.90122643491e-05
5.11630984628e-09	1.93786545424e-05
5.12040284454e-09	7.52215419197e-05
5.12449584281e-09	0.00011748453835
5.12858884107e-09	0.000130861299112
5.13268183934e-09	0.000110349719762
5.1367748376e-09	6.12175281276e-05
5.14086783587e-09	-4.53179200122e-06
5.14496083413e-09	-7.29397288524e-05
5.1490538324e-09	-0.000131995126139
5.15314683066e-09	-0.000173638662091
5.15723982893e-09	-0.000194022781216
5.16133282719e-09	-0.000192724750377
5.16542582546e-09	-0.000171666470123
5.16951882372e-09	-0.000134093104862
5.17361182199e-09	-8.38473133626e-05
5.17770482025e-09	-2.50940993283e-05
5.18179781852e-09	3.73437287635e-05
5.18589081678e-09	9.71913977992e-05
5.18998381505e-09	0.000146145597682
5.19407681331e-09	0.000174475833774
5.19816981158e-09	0.000173497319338
5.20226280984e-09	0.000139486350236
5.20635580811e-09	7.73447318352e-05
5.21044880637e-09	1.65140227182e-06
5.21454180464e-09	-6.65491097607e-05
5.2186348029e-09	-0.000106826657429
5.22272780117e-09	-0.000107601117634
5.22682079943e-09	-7.1516042226e-05
5.2309137977e-09	-1.48277904373e-05
5.23500679596e-09	3.95215975004e-05
5.23909979423e-09	7.21009273548e-05
5.24319279249e-09	7.53482891014e-05
5.24728579076e-09	5.57439198019e-05
5.25137878902e-09	2.86042159132e-05
5.25547178729e-09	8.49471325637e-06
5.25956478555e-09	7.42207703297e-07
5.26365778382e-09	-9.32801413001e-07
5.26775078208e-09	-9.20278034755e-06
5.27184378035e-09	-3.34253163601e-05
5.27593677861e-09	-7.13697372703e-05
5.28002977688e-09	-0.000107832580397
5.28412277514e-09	-0.000121594617667
5.2882157734e-09	-9.73127243924e-05
5.29230877167e-09	-3.5575038055e-05
5.29640176993e-09	4.49176222901e-05
5.3004947682e-09	0.000114960872452
5.30458776646e-09	0.000148604842252
5.30868076473e-09	0.000135772133945
5.31277376299e-09	8.69139184942e-05
5.31686676126e-09	2.70848431683e-05
5.32095975952e-09	-1.72364270838e-05
5.32505275779e-09	-3.14112257911e-05
5.32914575605e-09	-1.87642908713e-05
5.33323875432e-09	3.42158455169e-06
5.33733175258e-09	1.53388173203e-05
5.34142475085e-09	6.69119162922e-06
5.34551774911e-09	-1.76225294126e-05
5.34961074738e-09	-4.1216477257e-05
5.35370374564e-09	-4.69167825941e-05
5.35779674391e-09	-2.79506493825e-05
5.36188974217e-09	6.95872950018e-06
5.36598274044e-09	3.76267489628e-05
5.3700757387e-09	4.32812521467e-05
5.37416873697e-09	1.41399896165e-05
5.37826173523e-09	-4.27230188507e-05
5.3823547335e-09	-0.000106368082925
5.38644773176e-09	-0.00015198692563
5.39054073003e-09	-0.000162430151249
5.39463372829e-09	-0.000135231719469
5.39872672656e-09	-8.19434426376e-05
5.40281972482e-09	-2.09052432183e-05
5.40691272309e-09	3.20861363434e-05
5.41100572135e-09	7.009057299e-05
5.41509871962e-09	9.5479284937e-05
5.41919171788e-09	0.000115148024634
5.42328471615e-09	0.000133967521833
5.42737771441e-09	0.000150453735841
5.43147071268e-09	0.000156972091645
5.43556371094e-09	0.000144019664731
5.43965670921e-09	0.000105933853774
5.44374970747e-09	4.49313483841e-05
5.44784270574e-09	-2.84798825305e-05
5.451935704e-09	-9.86127997749e-05
5.45602870227e-09	-0.00014961391571
5.46012170053e-09	-0.000170210798387
5.4642146988e-09	-0.000156628404511
5.46830769706e-09	-0.000113128051453
5.47240069533e-09	-5.04593263031e-05
5.47649369359e-09	1.70734620042e-05
5.48058669186e-09	7.51969782868e-05
5.48467969012e-09	0.000113102985779
5.48877268839e-09	0.000125857215608
5.49286568665e-09	0.00011496047955
5.49695868492e-09	8.67010676302e-05
5.50105168318e-09	4.88971891173e-05
5.50514468145e-09	7.53641870688e-06
5.50923767971e-09	-3.48352623405e-05
5.51333067798e-09	-7.79411275289e-05
5.51742367624e-09	-0.000120410026284
5.52151667451e-09	-0.000156411173521
5.52560967277e-09	-0.000175001652678
5.52970267104e-09	-0.000163596938364
5.5337956693e-09	-0.000114604947157
5.53788866757e-09	-3.18240163324e-05
5.54198166583e-09	6.73542381264e-05
5.5460746641e-09	0.000156281224918
5.55016766236e-09	0.000208810728509
5.55426066062e-09	0.000210130936466
5.55835365889e-09	0.000163223958225
5.56244665715e-09	8.73203389347e-05
5.56653965542e-09	8.91030867933e-06
5.57063265368e-09	-5.02045077155e-05
5.57472565195e-09	-8.15077946754e-05
5.57881865021e-09	-9.06445930013e-05
5.58291164848e-09	-9.04745829757e-05
5.58700464674e-09	-9.07581998035e-05
5.59109764501e-09	-9.08755901037e-05
5.59519064327e-09	-8.01478163339e-05
5.59928364154e-09	-4.57950809505e-05
5.6033766398e-09	1.62820360856e-05
5.60746963807e-09	9.46316722548e-05
5.61156263633e-09	0.000164175129612
5.6156556346e-09	0.000196734530618
5.61974863286e-09	0.000174919521669
5.62384163113e-09	0.000101818965049
5.62793462939e-09	9.3292510428e-07
5.63202762766e-09	-9.39718884183e-05
5.63612062592e-09	-0.000153962901095
5.64021362419e-09	-0.000167123842402
5.64430662245e-09	-0.000141702854307
5.64839962072e-09	-9.9090510048e-05
5.65249261898e-09	-6.10554343439e-05
5.65658561725e-09	-3.85482271668e-05
5.66067861551e-09	-2.80574840872e-05
5.66477161378e-09	-1.69312042999e-05
5.66886461204e-09	6.18609738012e-06
5.67295761031e-09	4.23447600042e-05
5.67705060857e-09	8.01881615189e-05
5.68114360684e-09	0.000101933452243
5.6852366051e-09	9.3832379207e-05
5.68932960337e-09	5.4952372011e-05
5.69342260163e-09	-8.64109097165e-07
5.6975155999e-09	-5.10033969476e-05
5.70160859816e-09	-7.48047314119e-05
5.70570159643e-09	-6.32065493846e-05
5.70979459469e-09	-2.24089635594e-05
5.71388759296e-09	2.99732600979e-05
5.71798059122e-09	7.37569425837e-05
5.72207358949e-09	9.51889160206e-05
5.72616658775e-09	9.17030702112e-05
5.73025958602e-09	7.06995197106e-05
5.73435258428e-09	4.39242103312e-05
5.73844558255e-09	2.09669433389e-05
5.74253858081e-09	5.2971417972e-06
5.74663157908e-09	-5.67472125113e-06
5.75072457734e-09	-1.73540011019e-05
5.75481757561e-09	-3.38391000696e-05
5.75891057387e-09	-5.52052224521e-05
5.76300357214e-09	-7.72682833485e-05
5.7670965704e-09	-9.34821582632e-05
5.77118956867e-09	-9.77261952357e-05
5.77528256693e-09	-8.66977497935e-05
5.7793755652e-09	-6.1178834585e-05
5.78346856346e-09	-2.5973220545e-05
5.78756156173e-09	1.13075784611e-05
5.79165455999e-09	4.23753626819e-05
5.79574755826e-09	6.08553564234e-05
5.79984055652e-09	6.45955806249e-05
5.80393355479e-09	5.66757589695e-05
5.80802655305e-09	4.42468153778e-05
5.81211955132e-09	3.52551869582e-05
5.81621254958e-09	3.42494495271e-05
5.82030554784e-09	3.94914459321e-05
5.82439854611e-09	4.32672204624e-05
5.82849154437e-09	3.59152327292e-05
5.83258454264e-09	1.18349798868e-05
5.8366775409e-09	-2.57661486103e-05
5.84077053917e-09	-6.44741667202e-05
5.84486353743e-09	-8.76612975844e-05
5.8489565357e-09	-8.27730764286e-05
5.85304953396e-09	-4.8679048632e-05
5.85714253223e-09	2.27664850172e-06
5.86123553049e-09	4.91865648655e-05
5.86532852876e-09	7.24054407328e-05
5.86942152702e-09	6.32033625152e-05
5.87351452529e-09	2.79577125184e-05
5.87760752355e-09	-1.55743637151e-05
5.88170052182e-09	-4.80114213133e-05
5.88579352008e-09	-5.86567584833e-05
5.88988651835e-09	-5.05368661834e-05
5.89397951661e-09	-3.71959467884e-05
5.89807251488e-09	-3.31656847266e-05
5.90216551314e-09	-4.37943526777e-05
5.90625851141e-09	-6.07053552812e-05
5.91035150967e-09	-6.60044315737e-05
5.91444450794e-09	-4.31555599789e-05
5.9185375062e-09	1.16162273116e-05
5.92263050447e-09	8.42787558213e-05
5.92672350273e-09	0.000147748287418
5.930816501e-09	0.00017445650883
5.93490949926e-09	0.000150177787873
5.93900249753e-09	8.16455285531e-05
5.94309549579e-09	-6.19709317107e-06
5.94718849406e-09	-8.19050328573e-05
5.95128149232e-09	-0.000121891913295
5.95537449059e-09	-0.000119964708574
5.95946748885e-09	-8.73761164257e-05
5.96356048712e-09	-4.41723859694e-05
5.96765348538e-09	-7.30713782104e-06
5.97174648365e-09	1.75934837898e-05
5.97583948191e-09	3.64427542081e-05
5.97993248018e-09	5.95015771978e-05
5.98402547844e-09	9.16678254725e-05
5.98811847671e-09	0.000126528175315
5.99221147497e-09	0.000147964630742
5.99630447324e-09	0.00013858397142
6.0003974715e-09	9.01640887605e-05
6.00449046977e-09	1.01041750895e-05
6.00858346803e-09	-7.98724286142e-05
6.0126764663e-09	-0.000152286724187
6.01676946456e-09	-0.000185354962014
6.02086246283e-09	-0.00017165915051
6.02495546109e-09	-0.000120080905617
6.02904845936e-09	-5.07117438246e-05
6.03314145762e-09	1.40954271046e-05
6.03723445589e-09	5.79719489906e-05
6.04132745415e-09	7.45547295082e-05
6.04542045242e-09	6.64931139909e-05
6.04951345068e-09	4.12180488638e-05
6.05360644895e-09	6.44101237413e-06
6.05769944721e-09	-3.22826163028e-05
6.06179244548e-09	-7.13731860742e-05
6.06588544374e-09	-0.000107453219243
6.06997844201e-09	-0.000135759764817
6.07407144027e-09	-0.000149947154569
6.07816443853e-09	-0.000143509751069
6.0822574368e-09	-0.000112070934847
6.08635043506e-09	-5.55131337023e-05
6.09044343333e-09	2.0817740733e-05
6.09453643159e-09	0.000106238992885
6.09862942986e-09	0.000186201417819
6.10272242812e-09	0.000245094968705
6.10681542639e-09	0.000270006305072
6.11090842465e-09	0.000254691054579
6.11500142292e-09	0.000202356430236
6.11909442118e-09	0.000125762846437
6.12318741945e-09	4.38377610408e-05
6.12728041771e-09	-2.45474293479e-05
6.13137341598e-09	-6.72634123475e-05
6.13546641424e-09	-8.30674543977e-05
6.13955941251e-09	-8.09049088275e-05
6.14365241077e-09	-7.44763528928e-05
6.14774540904e-09	-7.46470759623e-05
6.1518384073e-09	-8.37459592731e-05
6.15593140557e-09	-9.49761888478e-05
6.16002440383e-09	-9.73719579633e-05
6.1641174021e-09	-8.35448081489e-05
6.16821040036e-09	-5.55304795853e-05
6.17230339863e-09	-2.49926451943e-05
6.17639639689e-09	-7.13418285159e-06
6.18048939516e-09	-1.15768198157e-05
6.18458239342e-09	-3.55649463017e-05
6.18867539169e-09	-6.38970886939e-05
6.19276838995e-09	-7.63234638725e-05
6.19686138822e-09	-5.86628921155e-05
6.20095438648e-09	-1.14831354949e-05
6.20504738475e-09	4.89084413857e-05
6.20914038301e-09	9.81893463177e-05
6.21323338128e-09	0.000116582195915
6.21732637954e-09	9.94026704575e-05
6.22141937781e-09	5.96216559643e-05
6.22551237607e-09	2.08644578379e-05
6.22960537434e-09	4.55560530099e-06
6.2336983726e-09	1.83492338692e-05
6.23779137087e-09	5.22174486832e-05
6.24188436913e-09	8.43468587846e-05
6.2459773674e-09	9.34150157264e-05
6.25007036566e-09	7.0287467679e-05
6.25416336393e-09	2.26305801334e-05
6.25825636219e-09	-2.99731327686e-05
6.26234936046e-09	-6.73145987093e-05
6.26644235872e-09	-7.96633321443e-05
6.27053535699e-09	-7.23078337614e-05
6.27462835525e-09	-6.11512659816e-05
6.27872135352e-09	-6.21678627795e-05
6.28281435178e-09	-8.10193887446e-05
6.28690735005e-09	-0.000108937252662
6.29100034831e-09	-0.000127220191644
6.29509334658e-09	-0.000117768868222
6.29918634484e-09	-7.36405636417e-05
6.30327934311e-09	-3.74924593416e-06
6.30737234137e-09	7.08005827619e-05
6.31146533964e-09	0.000126609083964
6.3155583379e-09	0.000148676306708
6.31965133617e-09	0.000136386544909
6.32374433443e-09	0.000102075406176
6.3278373327e-09	6.36196491541e-05
6.33193033096e-09	3.54169060302e-05
6.33602332923e-09	2.24970426643e-05
6.34011632749e-09	2.03038125619e-05
6.34420932575e-09	1.93531541299e-05
6.34830232402e-09	1.15977563837e-05
6.35239532228e-09	-5.16306135978e-06
6.35648832055e-09	-2.67921932391e-05
6.36058131881e-09	-4.58700924355e-05
6.36467431708e-09	-5.60561093153e-05
6.36876731534e-09	-5.52501733182e-05
6.37286031361e-09	-4.61466515844e-05
6.37695331187e-09	-3.43355932273e-05
6.38104631014e-09	-2.53545113083e-05
6.3851393084e-09	-2.21827467612e-05
6.38923230667e-09	-2.41911056946e-05
6.39332530493e-09	-2.76240079984e-05
6.3974183032e-09	-2.72213164862e-05
6.40151130146e-09	-1.83728898264e-05
6.40560429973e-09	7.67192432249e-07
6.40969729799e-09	2.77723393083e-05
6.41379029626e-09	5.57680541533e-05
6.41788329452e-09	7.50890685595e-05
6.42197629279e-09	7.67692690715e-05
6.42606929105e-09	5.67633323953e-05
6.43016228932e-09	1.90168721019e-05
6.43425528758e-09	-2.45751634793e-05
6.43834828585e-09	-5.81056920055e-05
6.44244128411e-09	-6.82527606841e-05
6.44653428238e-09	-5.06078722537e-05
6.45062728064e-09	-1.23541849462e-05
6.45472027891e-09	3.04883815261e-05
6.45881327717e-09	6.03152329859e-05
6.46290627544e-09	6.6115782829e-05
6.4669992737e-09	4.82544564875e-05
6.47109227197e-09	1.72089658008e-05
6.47518527023e-09	-1.30773096316e-05
6.4792782685e-09	-3.33549614879e-05
6.48337126676e-09	-4.39042887592e-05
6.48746426503e-09	-5.29813260073e-05
6.49155726329e-09	-6.9678753789e-05
6.49565026156e-09	-9.55298455665e-05
6.49974325982e-09	-0.000120328288176
6.50383625809e-09	-0.000125495236716
6.50792925635e-09	-9.38921584748e-05
6.51202225462e-09	-2.09638783417e-05
6.51611525288e-09	7.93106955825e-05
6.52020825115e-09	0.000177690410055
6.52430124941e-09	0.000241322530201
6.52839424768e-09	0.000248155934969
6.53248724594e-09	0.000196741049876
6.53658024421e-09	0.000106348248664
6.54067324247e-09	7.43153350413e-06
6.54476624074e-09	-7.23500270396e-05
6.548859239e-09	-0.000119194781291
6.55295223727e-09	-0.000135801921715
6.55704523553e-09	-0.00013506540563
6.5611382338e-09	-0.000129302468849
6.56523123206e-09	-0.000121792792925
6.56932423033e-09	-0.000105684957816
6.57341722859e-09	-7.06261853338e-05
6.57751022686e-09	-1.27295970742e-05
6.58160322512e-09	5.86510905123e-05
6.58569622339e-09	0.000122014986118
6.58978922165e-09	0.000152752225404
6.59388221992e-09	0.000135475565912
6.59797521818e-09	7.28899103706e-05
6.60206821645e-09	-1.37754232128e-05
6.60616121471e-09	-9.32818147703e-05
6.61025421297e-09	-0.000137574999826
6.61434721124e-09	-0.000133121735416
6.6184402095e-09	-8.50835349411e-05
6.62253320777e-09	-1.29857508e-05
6.62662620603e-09	5.90905256104e-05
6.6307192043e-09	0.000112451940367
6.63481220256e-09	0.000139147552545
6.63890520083e-09	0.000141158991028
6.64299819909e-09	0.000125265534734
6.64709119736e-09	9.74493159447e-05
6.65118419562e-09	6.01887768426e-05
6.65527719389e-09	1.36874714372e-05
6.65937019215e-09	-4.0486222133e-05
6.66346319042e-09	-9.62789636105e-05
6.66755618868e-09	-0.000142868142575
6.67164918695e-09	-0.000167752528796
6.67574218521e-09	-0.000161678035511
6.67983518348e-09	-0.000122962403111
6.68392818174e-09	-5.91479765717e-05
6.68802118001e-09	1.46892916746e-05
6.69211417827e-09	8.01755813882e-05
6.69620717654e-09	0.000120841228636
6.7003001748e-09	0.000126626051497
6.70439317307e-09	9.66023508226e-05
6.70848617133e-09	3.93348418584e-05
6.7125791696e-09	-2.91812611977e-05
6.71667216786e-09	-8.96933925105e-05
6.72076516613e-09	-0.000125111531815
6.72485816439e-09	-0.000125668942928
6.72895116266e-09	-9.20300008147e-05
6.73304416092e-09	-3.48820685758e-05
6.73713715919e-09	2.91161122732e-05
6.74123015745e-09	8.35386163089e-05
6.74532315572e-09	0.000117804796901
6.74941615398e-09	0.000129594263854
6.75350915225e-09	0.000123063407955
6.75760215051e-09	0.000104150793049
6.76169514878e-09	7.60492257541e-05
6.76578814704e-09	3.78198201361e-05
6.76988114531e-09	-1.27349976538e-05
6.77397414357e-09	-7.37227819627e-05
6.77806714184e-09	-0.000135054840939
6.7821601401e-09	-0.000179098569788
6.78625313837e-09	-0.000187049285159
6.79034613663e-09	-0.00014836761693
6.7944391349e-09	-6.82708778186e-05
6.79853213316e-09	3.1488489185e-05
6.80262513143e-09	0.000120017284644
6.80671812969e-09	0.00016994116595
6.81081112796e-09	0.000169183724211
6.81490412622e-09	0.000125804857817
6.81899712449e-09	6.32927112747e-05
6.82309012275e-09	8.70467010827e-06
6.82718312102e-09	-2.00612557819e-05
6.83127611928e-09	-2.12576596823e-05
6.83536911755e-09	-7.15797796147e-06
6.83946211581e-09	5.36114021088e-06
6.84355511408e-09	5.69308394915e-06
6.84764811234e-09	-4.62904699816e-06
6.85174111061e-09	-1.43772649608e-05
6.85583410887e-09	-1.1579855709e-05
6.85992710714e-09	6.74972579873e-06
6.8640201054e-09	3.04309050989e-05
6.86811310367e-09	4.04875208915e-05
6.87220610193e-09	1.99770383915e-05
6.87629910019e-09	-3.48426583514e-05
6.88039209846e-09	-0.000109646789497
6.88448509672e-09	-0.000176721063326
6.88857809499e-09	-0.000207209537621
6.89267109325e-09	-0.000184659540537
6.89676409152e-09	-0.00011289678514
6.90085708978e-09	-1.42723602039e-05
6.90495008805e-09	8.05208037491e-05
6.90904308631e-09	0.000145574638736
6.91313608458e-09	0.000169244798599
6.91722908284e-09	0.000155775109306
6.92132208111e-09	0.000119434196677
6.92541507937e-09	7.5333940913e-05
6.92950807764e-09	3.23928179569e-05
6.9336010759e-09	-8.08081949799e-06
6.93769407417e-09	-4.83711810375e-05
6.94178707243e-09	-8.82902822923e-05
6.9458800707e-09	-0.000121416858747
6.94997306896e-09	-0.000136210670462
6.95406606723e-09	-0.000121525627037
6.95815906549e-09	-7.33091947041e-05
6.96225206376e-09	1.33856519824e-06
6.96634506202e-09	8.51093136589e-05
6.97043806029e-09	0.000156091438839
6.97453105855e-09	0.000195376138436
6.97862405682e-09	0.00019332136435
6.98271705508e-09	0.000152037711814
6.98681005335e-09	8.36924882606e-05
6.99090305161e-09	5.90685976931e-06
6.99499604988e-09	-6.36356780888e-05
6.99908904814e-09	-0.000111570538138
7.00318204641e-09	-0.000131299369968
7.00727504467e-09	-0.000123362493468
7.01136804294e-09	-9.41381658777e-05
7.0154610412e-09	-5.33359561814e-05
7.01955403947e-09	-1.09794691525e-05
7.02364703773e-09	2.5316614483e-05
7.027740036e-09	5.1821123634e-05
7.03183303426e-09	6.8299821578e-05
7.03592603253e-09	7.59888280299e-05
7.04001903079e-09	7.50655162847e-05
7.04411202906e-09	6.33488816675e-05
7.04820502732e-09	3.73613511329e-05
7.05229802559e-09	-4.41838801635e-06
7.05639102385e-09	-5.79751758778e-05
7.06048402212e-09	-0.000112369940325
7.06457702038e-09	-0.00015226737014
7.06867001865e-09	-0.000163960488862
7.07276301691e-09	-0.000142098448123
7.07685601518e-09	-9.33939445531e-05
7.08094901344e-09	-3.46333472407e-05
7.08504201171e-09	1.46565771502e-05
7.08913500997e-09	4.14692003687e-05
7.09322800824e-09	4.5557244448e-05
7.0973210065e-09	3.89943088521e-05
7.10141400477e-09	3.89507549698e-05
7.10550700303e-09	5.73972502025e-05
7.1096000013e-09	9.35001007747e-05
7.11369299956e-09	0.000133140551043
7.11778599783e-09	0.000156171474373
7.12187899609e-09	0.000147536193253
7.12597199436e-09	0.000106036954094
7.13006499262e-09	4.56888665212e-05
7.13415799088e-09	-1.13191099445e-05
7.13825098915e-09	-4.61808231194e-05
7.14234398741e-09	-5.30916004209e-05
7.14643698568e-09	-4.14391324739e-05
7.15052998394e-09	-2.93797256745e-05
7.15462298221e-09	-3.25514774886e-05
7.15871598047e-09	-5.45291222807e-05
7.16280897874e-09	-8.46489856485e-05
7.166901977e-09	-0.000104494742118
7.17099497527e-09	-9.93188004941e-05
7.17508797353e-09	-6.76527706673e-05
7.1791809718e-09	-2.33918763115e-05
7.18327397006e-09	1.11226590889e-05
7.18736696833e-09	1.72917316377e-05
7.19145996659e-09	-9.07528374228e-06
7.19555296486e-09	-5.45868206245e-05
7.19964596312e-09	-9.44526109379e-05
7.20373896139e-09	-0.000104672522866
7.20783195965e-09	-7.3749863077e-05
7.21192495792e-09	-7.85131851444e-06
7.21601795618e-09	7.28732265998e-05
7.22011095445e-09	0.000144297780935
7.22420395271e-09	0.00018900919531
7.22829695098e-09	0.000202137773158
7.23238994924e-09	0.000190014397958
7.23648294751e-09	0.000163436896401
7.24057594577e-09	0.000130168438773
7.24466894404e-09	9.11685710889e-05
7.2487619423e-09	4.24110803579e-05
7.25285494057e-09	-1.93473897525e-05
7.25694793883e-09	-9.08182119019e-05
7.2610409371e-09	-0.000160182476975
7.26513393536e-09	-0.000210337602766
7.26922693363e-09	-0.000225774361752
7.27331993189e-09	-0.000199574278668
7.27741293016e-09	-0.000137042094138
7.28150592842e-09	-5.43519709026e-05
7.28559892669e-09	2.69160573225e-05
7.28969192495e-09	8.68158094818e-05
7.29378492322e-09	0.000112767345854
7.29787792148e-09	0.000102258651168
7.30197091975e-09	6.22246807325e-05
7.30606391801e-09	6.06542198511e-06
7.31015691628e-09	-5.0370941608e-05
7.31424991454e-09	-9.27136134123e-05
7.31834291281e-09	-0.000111126559204
7.32243591107e-09	-0.000102067402622
7.32652890934e-09	-6.83792095515e-05
7.3306219076e-09	-1.77510955837e-05
7.33471490587e-09	4.00039243686e-05
7.33880790413e-09	9.5762356068e-05
7.3429009024e-09	0.000142780656461
7.34699390066e-09	0.000176577421371
7.35108689893e-09	0.000193395302631
7.35517989719e-09	0.000188749138033
7.35927289546e-09	0.000157682137797
7.36336589372e-09	9.74805734586e-05
7.36745889199e-09	1.17313611554e-05
7.37155189025e-09	-8.67933413247e-05
7.37564488852e-09	-0.000177077337867
7.37973788678e-09	-0.000235597282881
7.38383088505e-09	-0.000245075236307
7.38792388331e-09	-0.000202312090551
7.39201688158e-09	-0.000120827622595
7.39610987984e-09	-2.63144484052e-05
7.4002028781e-09	5.35356448381e-05
7.40429587637e-09	0.000100086654129
7.40838887463e-09	0.000110248809506
7.4124818729e-09	9.5210649306e-05
7.41657487116e-09	7.23304474377e-05
7.42066786943e-09	5.4885433201e-05
7.42476086769e-09	4.54481451015e-05
7.42885386596e-09	3.6550052755e-05
7.43294686422e-09	1.79040798685e-05
7.43703986249e-09	-1.44555688166e-05
7.44113286075e-09	-5.30163670192e-05
7.44522585902e-09	-8.12123907963e-05
7.44931885728e-09	-8.24474918772e-05
7.45341185555e-09	-5.06216674694e-05
7.45750485381e-09	4.22653783971e-06
7.46159785208e-09	5.8991878177e-05
7.46569085034e-09	8.82421445567e-05
7.46978384861e-09	7.70760962041e-05
7.47387684687e-09	2.90980733553e-05
7.47796984514e-09	-3.49607653334e-05
7.4820628434e-09	-8.73935932759e-05
7.48615584167e-09	-0.000107028630737
7.49024883993e-09	-8.89415096026e-05
7.4943418382e-09	-4.54043547506e-05
7.49843483646e-09	1.98972520593e-06
7.50252783473e-09	3.42762868968e-05
7.50662083299e-09	4.44531760877e-05
7.51071383126e-09	3.92897272832e-05
7.51480682952e-09	3.32432864525e-05
7.51889982779e-09	3.85241255572e-05
7.52299282605e-09	5.73216530029e-05
7.52708582432e-09	8.05983363534e-05
7.53117882258e-09	9.38118100748e-05
7.53527182085e-09	8.59300344018e-05
7.53936481911e-09	5.62946843274e-05
7.54345781738e-09	1.54210320034e-05
7.54755081564e-09	-2.06305958272e-05
7.55164381391e-09	-3.8942838728e-05
7.55573681217e-09	-3.65915038856e-05
7.55982981044e-09	-2.19718604058e-05
7.5639228087e-09	-1.00936103991e-05
7.56801580697e-09	-1.46274333019e-05
7.57210880523e-09	-4.09242638852e-05
7.5762018035e-09	-8.34576858324e-05
7.58029480176e-09	-0.000128490180941
7.58438780003e-09	-0.000160191091709
7.58848079829e-09	-0.000166976009496
7.59257379656e-09	-0.000145292826346
7.59666679482e-09	-9.97761890176e-05
7.60075979309e-09	-4.04925522162e-05
7.60485279135e-09	2.08988294617e-05
7.60894578962e-09	7.44338613003e-05
7.61303878788e-09	0.000113656773465
7.61713178615e-09	0.000136013492011
7.62122478441e-09	0.000142252596561
7.62531778268e-09	0.000135310081532
7.62941078094e-09	0.000119004966109
7.63350377921e-09	9.68182503129e-05
7.63759677747e-09	7.12019391358e-05
7.64168977574e-09	4.37438939116e-05
7.645782774e-09	1.62397082022e-05
7.64987577227e-09	-8.02904651209e-06
7.65396877053e-09	-2.38986831391e-05
7.6580617688e-09	-2.57414903899e-05
7.66215476706e-09	-1.05972894744e-05
7.66624776532e-09	1.84500495379e-05
7.67034076359e-09	5.08601369802e-05
7.67443376185e-09	7.09721061867e-05
7.67852676012e-09	6.39546924504e-05
7.68261975838e-09	2.3066491849e-05
7.68671275665e-09	-4.54937689938e-05
7.69080575491e-09	-0.000123194156913
7.69489875318e-09	-0.000185772165423
7.69899175144e-09	-0.000213151943171
7.70308474971e-09	-0.000197896108148
7.70717774797e-09	-0.000147879210999
7.71127074624e-09	-8.1701320596e-05
7.7153637445e-09	-1.92967454495e-05
7.71945674277e-09	2.71922799584e-05
7.72354974103e-09	5.73275865463e-05
7.7276427393e-09	7.91508355178e-05
7.73173573756e-09	0.000101091151009
7.73582873583e-09	0.00012418726692
7.73992173409e-09	0.000139701165608
7.74401473236e-09	0.000133956884383
7.74810773062e-09	9.77783638518e-05
7.75220072889e-09	3.48143948941e-05
7.75629372715e-09	-3.67250650015e-05
7.76038672542e-09	-9.08125803107e-05
7.76447972368e-09	-0.000105822102341
7.76857272195e-09	-7.577733777e-05
7.77266572021e-09	-1.43561219375e-05
7.77675871848e-09	5.08866505697e-05
7.78085171674e-09	9.13356270758e-05
7.78494471501e-09	9.05557608348e-05
7.78903771327e-09	5.11669895786e-05
7.79313071154e-09	-7.96310268925e-06
7.7972237098e-09	-6.22043808107e-05
7.80131670807e-09	-9.33617848204e-05
7.80540970633e-09	-9.70251421677e-05
7.8095027046e-09	-8.16302854219e-05
7.81359570286e-09	-6.06718022027e-05
7.81768870113e-09	-4.32531851402e-05
7.82178169939e-09	-2.88131941488e-05
7.82587469766e-09	-8.96687924978e-06
7.82996769592e-09	2.49589902523e-05
7.83406069419e-09	7.3627626989e-05
7.83815369245e-09	0.000125936669065
7.84224669072e-09	0.000162433163496
7.84633968898e-09	0.000164332508575
7.85043268725e-09	0.000123295889352
7.85452568551e-09	4.67312966066e-05
7.85861868378e-09	-4.4257263653e-05
7.86271168204e-09	-0.000123147576232
7.86680468031e-09	-0.000168371392647
7.87089767857e-09	-0.000170833736775
7.87499067684e-09	-0.00013553746976
7.8790836751e-09	-7.7442091424e-05
7.88317667337e-09	-1.43533625305e-05
7.88726967163e-09	3.9430866309e-05
7.8913626699e-09	7.62269846746e-05
7.89545566816e-09	9.44053463172e-05
7.89954866643e-09	9.57513111643e-05
7.90364166469e-09	8.28508782433e-05
7.90773466296e-09	5.79778425163e-05
7.91182766122e-09	2.35935603996e-05
7.91592065949e-09	-1.64840712387e-05
7.92001365775e-09	-5.63673056604e-05
7.92410665601e-09	-8.85467743501e-05
7.92819965428e-09	-0.000105359300505
7.93229265254e-09	-0.000100982797449
7.93638565081e-09	-7.32987537049e-05
7.94047864907e-09	-2.52132122114e-05
7.94457164734e-09	3.49284819094e-05
7.9486646456e-09	9.42168262554e-05
7.95275764387e-09	0.000137646013172
7.95685064213e-09	0.000152105174493
7.9609436404e-09	0.000130907690618
7.96503663866e-09	7.71684135543e-05
7.96912963693e-09	4.10658230976e-06
7.97322263519e-09	-6.86113053234e-05
7.97731563346e-09	-0.00012160713959
7.98140863172e-09	-0.000142909906572
7.98550162999e-09	-0.000132120025228
7.98959462825e-09	-9.9452190625e-05
7.99368762652e-09	-5.99607810727e-05
7.99778062478e-09	-2.59237058344e-05
8.00187362305e-09	-1.45032663568e-06
8.00596662131e-09	1.77096499101e-05
8.01005961958e-09	3.91565627069e-05
8.01415261784e-09	6.67328422423e-05
8.01824561611e-09	9.58403979894e-05
8.02233861437e-09	0.000114457157906
8.02643161264e-09	0.000109742497443
8.0305246109e-09	7.65935983509e-05
8.03461760917e-09	2.29296219914e-05
8.03871060743e-09	-3.20178332913e-05
8.0428036057e-09	-6.62375969114e-05
8.04689660396e-09	-6.60593796056e-05
8.05098960223e-09	-3.37478268193e-05
8.05508260049e-09	1.29188429128e-05
8.05917559876e-09	4.92857507197e-05
8.06326859702e-09	5.62733912375e-05
8.06736159529e-09	2.99551993521e-05
8.07145459355e-09	-1.69084487425e-05
8.07554759182e-09	-6.21838917141e-05
8.07964059008e-09	-8.63547757035e-05
8.08373358835e-09	-8.25222159619e-05
8.08782658661e-09	-5.89255505474e-05
8.09191958488e-09	-3.28568421537e-05
8.09601258314e-09	-1.97616755031e-05
8.10010558141e-09	-2.39485452767e-05
8.10419857967e-09	-3.63227591151e-05
8.10829157794e-09	-4.02945624955e-05
8.1123845762e-09	-2.23333845497e-05
8.11647757447e-09	1.91205126612e-05
8.12057057273e-09	7.15760543244e-05
8.124663571e-09	0.000114499998745
8.12875656926e-09	0.00013001030311
8.13284956753e-09	0.000112214183901
8.13694256579e-09	7.00857272022e-05
8.14103556406e-09	2.24119357881e-05
8.14512856232e-09	-1.21284410852e-05
8.14922156059e-09	-2.42581390921e-05
8.15331455885e-09	-1.77861693373e-05
8.15740755712e-09	-6.10232018516e-06
8.16150055538e-09	-3.86887177228e-06
8.16559355365e-09	-1.87053992704e-05
8.16968655191e-09	-4.73464242532e-05
8.17377955018e-09	-7.78887842898e-05
8.17787254844e-09	-9.64491555351e-05
8.18196554671e-09	-9.42687329371e-05
8.18605854497e-09	-7.15928763384e-05
8.19015154323e-09	-3.67096799891e-05
8.1942445415e-09	-1.28157580548e-06
8.19833753976e-09	2.51449182542e-05
8.20243053803e-09	3.86620959034e-05
8.20652353629e-09	4.11830915255e-05
8.21061653456e-09	3.79580342269e-05
8.21470953282e-09	3.4185271943e-05
8.21880253109e-09	3.26079934894e-05
8.22289552935e-09	3.29601862177e-05
8.22698852762e-09	3.30336406478e-05
8.23108152588e-09	3.04568984575e-05
8.23517452415e-09	2.42245696427e-05
8.23926752241e-09	1.54917324835e-05
8.24336052068e-09	7.44496173866e-06
8.24745351894e-09	4.3603577069e-06
8.25154651721e-09	9.92697368929e-06
8.25563951547e-09	2.51895107795e-05
8.25973251374e-09	4.68025536975e-05
8.263825512e-09	6.66289633955e-05
8.26791851027e-09	7.35610956326e-05
8.27201150853e-09	5.75302328798e-05
8.2761045068e-09	1.44183750308e-05
8.28019750506e-09	-5.04581767018e-05
8.28429050333e-09	-0.000122458848637
8.28838350159e-09	-0.000182052215678
8.29247649986e-09	-0.00021206290694
8.29656949812e-09	-0.000204456358915
8.30066249639e-09	-0.000163247183082
8.30475549465e-09	-0.000101895973785
8.30884849292e-09	-3.64781080862e-05
8.31294149118e-09	2.16880052903e-05
8.31703448945e-09	6.9879606599e-05
8.32112748771e-09	0.000112140231067
8.32522048598e-09	0.000153062210302
8.32931348424e-09	0.00019118344062
8.33340648251e-09	0.000216522341361
8.33749948077e-09	0.000214440166019
8.34159247904e-09	0.000174184358912
8.3456854773e-09	9.73338610493e-05
8.34977847557e-09	8.20498826215e-07
8.35387147383e-09	-8.8036103989e-05
8.3579644721e-09	-0.000142714692629
8.36205747036e-09	-0.000149321480421
8.36615046863e-09	-0.000112854759209
8.37024346689e-09	-5.43977803318e-05
8.37433646516e-09	-6.17181285634e-07
8.37842946342e-09	2.88772625936e-05
8.38252246169e-09	2.96838861686e-05
8.38661545995e-09	1.21471275634e-05
8.39070845822e-09	-6.86663770466e-06
8.39480145648e-09	-1.49130064528e-05
8.39889445475e-09	-1.11356803245e-05
8.40298745301e-09	-5.66496692045e-06
8.40708045128e-09	-1.18848602142e-05
8.41117344954e-09	-3.64438565157e-05
8.41526644781e-09	-7.32294502086e-05
8.41935944607e-09	-0.000105090235593
8.42345244434e-09	-0.000112612717203
8.4275454426e-09	-8.49869829835e-05
8.43163844087e-09	-2.68253152171e-05
8.43573143913e-09	4.30387444794e-05
8.4398244374e-09	0.000100202400063
8.44391743566e-09	0.000126135520986
8.44801043393e-09	0.000116375282232
8.45210343219e-09	8.13187944004e-05
8.45619643045e-09	3.97042604163e-05
8.46028942872e-09	8.63750847202e-06
8.46438242698e-09	-4.32898377767e-06
8.46847542525e-09	-3.19683817906e-06
8.47256842351e-09	8.00431962489e-07
8.47666142178e-09	-3.19174455399e-06
8.48075442004e-09	-1.92622828763e-05
8.48484741831e-09	-4.2855994252e-05
8.48894041657e-09	-6.3945306465e-05
8.49303341484e-09	-7.28776867618e-05
8.4971264131e-09	-6.54538816889e-05
8.50121941137e-09	-4.45547193522e-05
8.50531240963e-09	-1.79117996595e-05
8.5094054079e-09	6.28356065135e-06
8.51349840616e-09	2.33386017499e-05
8.51759140443e-09	3.35874574375e-05
8.52168440269e-09	4.1124800191e-05
8.52577740096e-09	5.07953918714e-05
8.52987039922e-09	6.5206833824e-05
8.53396339749e-09	8.30996432342e-05
8.53805639575e-09	9.95605805656e-05
8.54214939402e-09	0.000107704741822
8.54624239228e-09	0.00010108150309
8.55033539055e-09	7.60746333981e-05
8.55442838881e-09	3.36948833137e-05
8.55852138708e-09	-1.97665758606e-05
8.56261438534e-09	-7.37017689971e-05
8.56670738361e-09	-0.000115928538435
8.57080038187e-09	-0.000136661401484
8.57489338014e-09	-0.000132343280711
8.5789863784e-09	-0.000107522006147
8.58307937667e-09	-7.34611021471e-05
8.58717237493e-09	-4.36079644714e-05
8.5912653732e-09	-2.77514554909e-05
8.59535837146e-09	-2.77463404927e-05
8.59945136973e-09	-3.71257556253e-05
8.60354436799e-09	-4.50555089628e-05
8.60763736626e-09	-4.25635516876e-05
8.61173036452e-09	-2.75829970633e-05
8.61582336279e-09	-5.76784623263e-06
8.61991636105e-09	1.35612681333e-05
8.62400935932e-09	2.40249755734e-05
8.62810235758e-09	2.72730576398e-05
8.63219535585e-09	3.30098955601e-05
8.63628835411e-09	5.33604652446e-05
8.64038135238e-09	9.43841732806e-05
8.64447435064e-09	0.000149763509398
8.64856734891e-09	0.000200860115001
8.65266034717e-09	0.00022404572519
8.65675334544e-09	0.000201999311685
8.6608463437e-09	0.000133084526169
8.66493934197e-09	3.36131815857e-05
8.66903234023e-09	-6.8627508881e-05
8.6731253385e-09	-0.00014639692381
8.67721833676e-09	-0.000184423755854
8.68131133503e-09	-0.000184320393601
8.68540433329e-09	-0.0001607775921
8.68949733156e-09	-0.000131635082653
8.69359032982e-09	-0.000107735839265
8.69768332809e-09	-8.8381828391e-05
8.70177632635e-09	-6.46577391308e-05
8.70586932462e-09	-2.82230575976e-05
8.70996232288e-09	2.018930536e-05
8.71405532115e-09	6.8072702561e-05
8.71814831941e-09	9.63468773989e-05
8.72224131767e-09	8.97639038158e-05
8.72633431594e-09	4.65939738206e-05
8.7304273142e-09	-1.8114777049e-05
8.73452031247e-09	-7.79937472544e-05
8.73861331073e-09	-0.000106917897938
8.742706309e-09	-9.08048314159e-05
8.74679930726e-09	-3.36019802489e-05
8.75089230553e-09	4.52964086435e-05
8.75498530379e-09	0.00012044441246
8.75907830206e-09	0.000171377556399
8.76317130032e-09	0.000189694226719
8.76726429859e-09	0.000179263850441
8.77135729685e-09	0.00015053912648
8.77545029512e-09	0.0001130670571
8.77954329338e-09	7.0668218541e-05
8.78363629165e-09	2.17347915168e-05
8.78772928991e-09	-3.62614518963e-05
8.79182228818e-09	-0.000101362602436
8.79591528644e-09	-0.000164476397913
8.80000828471e-09	-0.000211304432014
8.80410128297e-09	-0.00022790809453
8.80819428124e-09	-0.000206964105018
8.8122872795e-09	-0.000151468761032
8.81638027777e-09	-7.41766270949e-05
8.82047327603e-09	6.76528634358e-06
8.8245662743e-09	7.37933005439e-05
8.82865927256e-09	0.000114970403956
8.83275227083e-09	0.000126398939756
8.83684526909e-09	0.000111756758997
8.84093826736e-09	7.98150940682e-05
8.84503126562e-09	4.12219924328e-05
8.84912426389e-09	5.57892053621e-06
8.85321726215e-09	-2.05976612051e-05
8.85731026042e-09	-3.47884961229e-05
8.86140325868e-09	-3.81562058465e-05
8.86549625695e-09	-3.40903643519e-05
8.86958925521e-09	-2.60831748164e-05
8.87368225348e-09	-1.5824331058e-05
8.87777525174e-09	-2.58601448877e-06
8.88186825001e-09	1.55556954269e-05
8.88596124827e-09	3.90900822822e-05
8.89005424654e-09	6.45918407827e-05
8.8941472448e-09	8.42108784127e-05
8.89824024307e-09	8.81765517988e-05
8.90233324133e-09	6.95902126608e-05
8.9064262396e-09	2.91265096166e-05
8.91051923786e-09	-2.32340462389e-05
8.91461223613e-09	-7.11270840839e-05
8.91870523439e-09	-9.85313527053e-05
8.92279823266e-09	-9.71605622908e-05
8.92689123092e-09	-7.05012425897e-05
8.93098422919e-09	-3.20419640047e-05
8.93507722745e-09	1.7233141989e-06
8.93917022572e-09	1.98563611775e-05
8.94326322398e-09	2.23379811359e-05
8.94735622225e-09	1.90829960047e-05
8.95144922051e-09	2.29771976592e-05
8.95554221878e-09	4.09177519032e-05
8.95963521704e-09	6.81479359628e-05
8.96372821531e-09	8.95682460396e-05
8.96782121357e-09	8.76846461324e-05
8.97191421184e-09	5.29512981302e-05
8.9760072101e-09	-9.40786230785e-06
8.98010020836e-09	-8.02758004284e-05
8.98419320663e-09	-0.000135108799441
8.98828620489e-09	-0.000155626708874
8.99237920316e-09	-0.000138350267662
8.99647220142e-09	-9.53782437136e-05
9.00056519969e-09	-4.70477825729e-05
9.00465819795e-09	-1.07429987111e-05
9.00875119622e-09	7.80926620791e-06
9.01284419448e-09	1.59471783263e-05
9.01693719275e-09	2.76195460174e-05
9.02103019101e-09	5.31391706318e-05
9.02512318928e-09	9.12864416023e-05
9.02921618754e-09	0.000128583633341
9.03330918581e-09	0.000146241567563
9.03740218407e-09	0.00013088855485
9.04149518234e-09	8.29112686915e-05
9.0455881806e-09	1.76026478584e-05
9.04968117887e-09	-4.16231559939e-05
9.05377417713e-09	-7.43220443837e-05
9.0578671754e-09	-7.24351848476e-05
9.06196017366e-09	-4.32227025158e-05
9.06605317193e-09	-4.49646540801e-06
9.07014617019e-09	2.48131909757e-05
9.07423916846e-09	3.35413024004e-05
9.07833216672e-09	2.20976762648e-05
9.08242516499e-09	-1.59994669957e-07
9.08651816325e-09	-2.17364322452e-05
9.09061116152e-09	-3.57309691026e-05
9.09470415978e-09	-4.27209524787e-05
9.09879715805e-09	-4.86603566969e-05
9.10289015631e-09	-5.95714482188e-05
9.10698315458e-09	-7.6513926615e-05
9.11107615284e-09	-9.38272860367e-05
9.11516915111e-09	-0.000101549965621
9.11926214937e-09	-9.05133420019e-05
9.12335514764e-09	-5.72725548409e-05
9.1274481459e-09	-6.3680531639e-06
9.13154114417e-09	5.09976962348e-05
9.13563414243e-09	0.000100975208625
9.1397271407e-09	0.000131783002871
9.14382013896e-09	0.000137239592732
9.14791313723e-09	0.000118072675832
9.15200613549e-09	8.10503406683e-05
9.15609913376e-09	3.66171952919e-05
9.16019213202e-09	-4.11790961152e-06
9.16428513029e-09	-3.22969426634e-05
9.16837812855e-09	-4.35394904343e-05
9.17247112682e-09	-3.88495791412e-05
9.17656412508e-09	-2.38325810642e-05
9.18065712335e-09	-6.23906180408e-06
9.18475012161e-09	7.29434486857e-06
9.18884311988e-09	1.38913401315e-05
9.19293611814e-09	1.50530513565e-05
9.19702911641e-09	1.47552673297e-05
9.20112211467e-09	1.60168565344e-05
9.20521511294e-09	1.79649869096e-05
9.2093081112e-09	1.55244197231e-05
9.21340110947e-09	2.36618961935e-06
9.21749410773e-09	-2.42032674578e-05
9.221587106e-09	-5.93667718931e-05
9.22568010426e-09	-9.07434368855e-05
9.22977310253e-09	-0.000103074547951
9.23386610079e-09	-8.58004204929e-05
9.23795909906e-09	-3.95376628148e-05
9.24205209732e-09	2.23687511607e-05
9.24614509558e-09	7.87808312452e-05
9.25023809385e-09	0.000110108885565
9.25433109211e-09	0.000107391853817
9.25842409038e-09	7.62253039284e-05
9.26251708864e-09	3.32715062541e-05
9.26661008691e-09	-2.81650773104e-06
9.27070308517e-09	-2.11347633012e-05
9.27479608344e-09	-2.34536728385e-05
9.2788890817e-09	-2.16594089579e-05
9.28298207997e-09	-2.92397071462e-05
9.28707507823e-09	-5.19157474628e-05
9.2911680765e-09	-8.30369972391e-05
9.29526107476e-09	-0.000106622697785
9.29935407303e-09	-0.00010649257456
9.30344707129e-09	-7.6175405411e-05
9.30754006956e-09	-2.37856093008e-05
9.31163306782e-09	3.12724259857e-05
9.31572606609e-09	6.81139499648e-05
9.31981906435e-09	7.53301210352e-05
9.32391206262e-09	5.69057083339e-05
9.32800506088e-09	2.97217084153e-05
9.33209805915e-09	1.40325792017e-05
9.33619105741e-09	2.21879236051e-05
9.34028405568e-09	5.18978413311e-05
9.34437705394e-09	8.76268895809e-05
9.34847005221e-09	0.000109211701783
9.35256305047e-09	0.000102747013443
9.35665604874e-09	6.77574425936e-05
9.360749047e-09	1.69358008861e-05
9.36484204527e-09	-3.1019681046e-05
9.36893504353e-09	-6.11504583503e-05
9.3730280418e-09	-6.91301611369e-05
9.37712104006e-09	-6.17764962954e-05
9.38121403833e-09	-5.14769926667e-05
9.38530703659e-09	-4.81755596411e-05
9.38940003486e-09	-5.3654621297e-05
9.39349303312e-09	-6.12107251072e-05
9.39758603139e-09	-6.05001878284e-05
9.40167902965e-09	-4.44402830908e-05
9.40577202792e-09	-1.40767751873e-05
9.40986502618e-09	2.12681279663e-05
9.41395802445e-09	4.84441770823e-05
9.41805102271e-09	5.69542353333e-05
9.42214402098e-09	4.39546565758e-05
9.42623701924e-09	1.54312674567e-05
9.43033001751e-09	-1.67154812516e-05
9.43442301577e-09	-3.98472184315e-05
9.43851601404e-09	-4.54571018054e-05
9.4426090123e-09	-3.17508020089e-05
9.44670201057e-09	-3.34679498337e-06
9.45079500883e-09	3.10984214593e-05
9.4548880071e-09	6.2051207351e-05
9.45898100536e-09	8.17929758341e-05
9.46307400363e-09	8.61144799273e-05
9.46716700189e-09	7.48428719817e-05
9.47126000016e-09	5.13416380272e-05
9.47535299842e-09	2.11371789192e-05
9.47944599669e-09	-1.00223678601e-05
9.48353899495e-09	-3.80191922886e-05
9.48763199322e-09	-6.13625234109e-05
9.49172499148e-09	-8.0638405052e-05
9.49581798975e-09	-9.65975341387e-05
9.49991098801e-09	-0.000107893079985
9.50400398628e-09	-0.000110082211904
9.50809698454e-09	-9.7032818303e-05
9.5121899828e-09	-6.45183754386e-05
9.51628298107e-09	-1.42633289215e-05
9.52037597933e-09	4.41788579337e-05
9.5244689776e-09	9.54861243372e-05
9.52856197586e-09	0.000124398284242
9.53265497413e-09	0.000122729965369
9.53674797239e-09	9.38668526942e-05
9.54084097066e-09	5.19267632626e-05
9.54493396892e-09	1.54206481966e-05
9.54902696719e-09	-1.58286729857e-06
9.55311996545e-09	3.75770650862e-06
9.55721296372e-09	2.21482714551e-05
9.56130596198e-09	3.7731086195e-05
9.56539896025e-09	3.71907408407e-05
9.56949195851e-09	1.72850104718e-05
9.57358495678e-09	-1.35205882543e-05
9.57767795504e-09	-4.02848090744e-05
9.58177095331e-09	-5.07303484483e-05
9.58586395157e-09	-4.28497041867e-05
9.58995694984e-09	-2.64184927801e-05
9.5940499481e-09	-1.72460368049e-05
9.59814294637e-09	-2.73872901744e-05
9.60223594463e-09	-5.70044867345e-05
9.6063289429e-09	-9.28504377953e-05
9.61042194116e-09	-0.000114633134217
9.61451493943e-09	-0.000105926366814
9.61860793769e-09	-6.36015538475e-05
9.62270093596e-09	-3.66193944501e-07
9.62679393422e-09	6.11508367001e-05
9.63088693249e-09	9.96444650809e-05
9.63497993075e-09	0.000105567065475
9.63907292902e-09	8.51158984005e-05
9.64316592728e-09	5.578956916e-05
9.64725892555e-09	3.62168502761e-05
9.65135192381e-09	3.60619633284e-05
9.65544492208e-09	5.15384308528e-05
9.65953792034e-09	6.87007341185e-05
9.66363091861e-09	7.22545446479e-05
9.66772391687e-09	5.46023766219e-05
9.67181691514e-09	2.00144677365e-05
9.6759099134e-09	-1.82211060746e-05
9.68000291167e-09	-4.56677298644e-05
9.68409590993e-09	-5.49081851204e-05
9.6881889082e-09	-4.9339254474e-05
9.69228190646e-09	-4.06054205087e-05
9.69637490473e-09	-4.14229507442e-05
9.70046790299e-09	-5.79750048928e-05
9.70456090126e-09	-8.61720327521e-05
9.70865389952e-09	-0.000113601599878
9.71274689779e-09	-0.000125889942865
9.71683989605e-09	-0.000113850954222
9.72093289432e-09	-7.77236346039e-05
9.72502589258e-09	-2.66497645498e-05
9.72911889085e-09	2.58609325101e-05
9.73321188911e-09	6.77661591908e-05
9.73730488738e-09	9.27634901018e-05
9.74139788564e-09	0.00010128680151
9.74549088391e-09	9.85095393844e-05
9.74958388217e-09	9.09101072466e-05
9.75367688044e-09	8.3286096924e-05
9.7577698787e-09	7.73592910264e-05
9.76186287697e-09	7.20526732039e-05
9.76595587523e-09	6.48201457807e-05
9.77004887349e-09	5.3189080063e-05
9.77414187176e-09	3.60233862011e-05
9.77823487002e-09	1.42197623063e-05
9.78232786829e-09	-9.2684313131e-06
9.78642086655e-09	-3.02128064504e-05
9.79051386482e-09	-4.46689809905e-05
9.79460686308e-09	-5.08552984684e-05
9.79869986135e-09	-5.04811687279e-05
9.80279285961e-09	-4.8490226618e-05
9.80688585788e-09	-5.08602715854e-05
9.81097885614e-09	-6.11500800005e-05
9.81507185441e-09	-7.7577366028e-05
9.81916485267e-09	-9.25742497202e-05
9.82325785094e-09	-9.57163283601e-05
9.8273508492e-09	-7.90731210145e-05
9.83144384747e-09	-4.22784360126e-05
9.83553684573e-09	5.64260972169e-06
9.839629844e-09	4.93327970617e-05
9.84372284226e-09	7.39796669222e-05
9.84781584053e-09	7.26580838091e-05
9.85190883879e-09	5.00986134284e-05
9.85600183706e-09	2.05222640943e-05
9.86009483532e-09	3.84384406971e-07
9.86418783359e-09	-2.15688032768e-07
9.86828083185e-09	1.73209082277e-05
9.87237383012e-09	4.13273846789e-05
9.87646682838e-09	5.69206640648e-05
9.88055982665e-09	5.48405405425e-05
9.88465282491e-09	3.69413028238e-05
9.88874582318e-09	1.49897305164e-05
9.89283882144e-09	3.32411582349e-06
9.89693181971e-09	9.6235453384e-06
9.90102481797e-09	2.931457675e-05
9.90511781624e-09	4.72260981041e-05
9.9092108145e-09	4.59142320324e-05
9.91330381277e-09	1.6116324332e-05
9.91739681103e-09	-3.66790554835e-05
9.9214898093e-09	-9.35461575864e-05
9.92558280756e-09	-0.000130948668811
9.92967580583e-09	-0.000132451707032
9.93376880409e-09	-9.69836401055e-05
9.93786180236e-09	-3.91834073525e-05
9.94195480062e-09	1.82401781785e-05
9.94604779889e-09	5.58591709705e-05
9.95014079715e-09	6.63584942231e-05
9.95423379542e-09	5.62798559258e-05
9.95832679368e-09	4.018393156e-05
9.96241979195e-09	3.10459581669e-05
9.96651279021e-09	3.25791261275e-05
9.97060578848e-09	3.78140321118e-05
9.97469878674e-09	3.44457512256e-05
9.97879178501e-09	1.34826086651e-05
9.98288478327e-09	-2.40384033532e-05
9.98697778154e-09	-6.62921083858e-05
9.9910707798e-09	-9.62659760262e-05
9.99516377807e-09	-0.000100566263427
9.99925677633e-09	-7.64590731706e-05
1.00033497746e-08	-3.33687494276e-05
1.00074427729e-08	1.18145535453e-05
1.00115357711e-08	4.29010760854e-05
1.00156287694e-08	5.16517575306e-05
1.00197217677e-08	4.05794125982e-05
1.00238147659e-08	2.03290001082e-05
1.00279077642e-08	3.61527008863e-06
1.00320007625e-08	-8.8342875415e-07
1.00360937607e-08	8.31953184388e-06
1.0040186759e-08	2.63032834482e-05
1.00442797572e-08	4.53209577245e-05
1.00483727555e-08	5.88521288591e-05
1.00524657538e-08	6.40347861918e-05
1.0056558752e-08	6.17247351329e-05
1.00606517503e-08	5.4756004829e-05
1.00647447486e-08	4.57748101326e-05
1.00688377468e-08	3.58092875103e-05
1.00729307451e-08	2.40541285166e-05
1.00770237434e-08	8.65164292918e-06
1.00811167416e-08	-1.20798513308e-05
1.00852097399e-08	-3.84018130717e-05
1.00893027382e-08	-6.82489044266e-05
1.00933957364e-08	-9.68979002209e-05
1.00974887347e-08	-0.000117585615953
1.0101581733e-08	-0.000123291567434
1.01056747312e-08	-0.00010944706446
1.01097677295e-08	-7.66273660702e-05
1.01138607277e-08	-3.17594094668e-05
1.0117953726e-08	1.32773911901e-05
1.01220467243e-08	4.57479109173e-05
1.01261397225e-08	5.72931676288e-05
1.01302327208e-08	4.7811477998e-05
1.01343257191e-08	2.5700792321e-05
1.01384187173e-08	3.90855257137e-06
1.01425117156e-08	-6.48301829642e-06
1.01466047139e-08	-1.83239535545e-06
1.01506977121e-08	1.25150709209e-05
1.01547907104e-08	2.57445444731e-05
1.01588837087e-08	2.8387790735e-05
1.01629767069e-08	1.85154603969e-05
1.01670697052e-08	3.55571501132e-06
1.01711627035e-08	-3.68933160644e-06
1.01752557017e-08	7.17134207662e-06
1.01793487e-08	3.69779299945e-05
1.01834416983e-08	7.48807069613e-05
1.01875346965e-08	0.000102932492155
1.01916276948e-08	0.000105224113213
1.0195720693e-08	7.6608164818e-05
1.01998136913e-08	2.59980588453e-05
1.02039066896e-08	-2.78627267107e-05
1.02079996878e-08	-6.60108271404e-05
1.02120926861e-08	-7.89874393377e-05
1.02161856844e-08	-7.11801476427e-05
1.02202786826e-08	-5.7320252381e-05
1.02243716809e-08	-5.31173063791e-05
1.02284646792e-08	-6.54177711112e-05
1.02325576774e-08	-8.76192207215e-05
1.02366506757e-08	-0.000103055659565
1.0240743674e-08	-9.45595093071e-05
1.02448366722e-08	-5.47598901903e-05
1.02489296705e-08	8.69103678269e-06
1.02530226688e-08	7.59945323807e-05
1.0257115667e-08	0.000124602462165
1.02612086653e-08	0.000139960859087
1.02653016636e-08	0.000121803299407
1.02693946618e-08	8.27909752843e-05
1.02734876601e-08	4.07236511819e-05
1.02775806583e-08	8.94260847417e-06
1.02816736566e-08	-9.5925779533e-06
1.02857666549e-08	-2.15639283851e-05
1.02898596531e-08	-3.68055625586e-05
1.02939526514e-08	-6.02889704169e-05
1.02980456497e-08	-8.74943652889e-05
1.03021386479e-08	-0.00010589825979
1.03062316462e-08	-0.000101735815406
1.03103246445e-08	-6.81001838529e-05
1.03144176427e-08	-9.86801296676e-06
1.0318510641e-08	5.72706776438e-05
1.03226036393e-08	0.000113082664029
1.03266966375e-08	0.000141058670124
1.03307896358e-08	0.000134600064484
1.03348826341e-08	9.84378420981e-05
1.03389756323e-08	4.53008397017e-05
1.03430686306e-08	-9.94253241515e-06
1.03471616288e-08	-5.55670412723e-05
1.03512546271e-08	-8.55547259562e-05
1.03553476254e-08	-9.90968837868e-05
1.03594406236e-08	-9.82716082945e-05
1.03635336219e-08	-8.57348786667e-05
1.03676266202e-08	-6.3623971073e-05
1.03717196184e-08	-3.38870013366e-05
1.03758126167e-08	7.34581590223e-07
1.0379905615e-08	3.59611221938e-05
1.03839986132e-08	6.60446530674e-05
1.03880916115e-08	8.46775510581e-05
1.03921846098e-08	8.64015310071e-05
1.0396277608e-08	6.82116442476e-05
1.04003706063e-08	3.10000541504e-05
1.04044636046e-08	-1.94500717043e-05
1.04085566028e-08	-7.25398567738e-05
1.04126496011e-08	-0.000114542985102
1.04167425994e-08	-0.000132094981382
1.04208355976e-08	-0.000116739603982
1.04249285959e-08	-6.88196523697e-05
1.04290215941e-08	1.25687756736e-06
1.04331145924e-08	7.56476219976e-05
1.04372075907e-08	0.000135018664878
1.04413005889e-08	0.000165494187968
1.04453935872e-08	0.000163382574101
1.04494865855e-08	0.000135349750053
1.04535795837e-08	9.39567617024e-05
1.0457672582e-08	5.09686724399e-05
1.04617655803e-08	1.21684552141e-05
1.04658585785e-08	-2.34784656641e-05
1.04699515768e-08	-5.995437823e-05
1.04740445751e-08	-9.82245401246e-05
1.04781375733e-08	-0.000132216096972
1.04822305716e-08	-0.000149803090608
1.04863235699e-08	-0.000138915725984
1.04904165681e-08	-9.5527706435e-05
1.04945095664e-08	-2.87544608e-05
1.04986025647e-08	4.06009094149e-05
1.05026955629e-08	8.81337036844e-05
1.05067885612e-08	9.68290914898e-05
1.05108815594e-08	6.52664748486e-05
1.05149745577e-08	8.49738444231e-06
1.0519067556e-08	-4.90549136885e-05
1.05231605542e-08	-8.51066797622e-05
1.05272535525e-08	-8.93496326171e-05
1.05313465508e-08	-6.66100386297e-05
1.0535439549e-08	-3.198784907e-05
1.05395325473e-08	-1.15924558486e-06
1.05436255456e-08	1.84050277312e-05
1.05477185438e-08	3.03381712001e-05
1.05518115421e-08	4.49691251561e-05
1.05559045404e-08	7.06367281964e-05
1.05599975386e-08	0.000106162478914
1.05640905369e-08	0.000139311436214
1.05681835352e-08	0.000152404376422
1.05722765334e-08	0.000132046756335
1.05763695317e-08	7.7429729572e-05
1.05804625299e-08	2.3622324079e-06
1.05845555282e-08	-7.027391257e-05
1.05886485265e-08	-0.000118805401144
1.05927415247e-08	-0.000132311994093
1.0596834523e-08	-0.00011456014181
1.06009275213e-08	-8.05895397207e-05
1.06050205195e-08	-4.8213514674e-05
1.06091135178e-08	-2.92443328362e-05
1.06132065161e-08	-2.49667355092e-05
1.06172995143e-08	-2.77554790955e-05
1.06213925126e-08	-2.71868302661e-05
1.06254855109e-08	-1.6788533685e-05
1.06295785091e-08	2.39125120061e-06
1.06336715074e-08	2.30339337577e-05
1.06377645057e-08	3.63611070497e-05
1.06418575039e-08	3.74550691049e-05
1.06459505022e-08	2.79905179923e-05
1.06500435005e-08	1.51284521053e-05
1.06541364987e-08	7.46915156924e-06
1.0658229497e-08	1.05282715595e-05
1.06623224952e-08	2.41054767685e-05
1.06664154935e-08	4.26353581133e-05
1.06705084918e-08	5.79938750889e-05
1.067460149e-08	6.30754075246e-05
1.06786944883e-08	5.45181028428e-05
1.06827874866e-08	3.35954318871e-05
1.06868804848e-08	5.38610720469e-06
1.06909734831e-08	-2.31602862186e-05
1.06950664814e-08	-4.54531727883e-05
1.06991594796e-08	-5.71959280933e-05
1.07032524779e-08	-5.76363599976e-05
1.07073454762e-08	-4.97546134284e-05
1.07114384744e-08	-3.91765061067e-05
1.07155314727e-08	-3.18586971844e-05
1.0719624471e-08	-3.12935371767e-05
1.07237174692e-08	-3.64553743566e-05
1.07278104675e-08	-4.17695518991e-05
1.07319034658e-08	-3.95885945181e-05
1.0735996464e-08	-2.42820024141e-05
1.07400894623e-08	4.0686045395e-06
1.07441824605e-08	3.86037354474e-05
1.07482754588e-08	6.82570971549e-05
1.07523684571e-08	8.30170902191e-05
1.07564614553e-08	7.91632046457e-05
1.07605544536e-08	6.14304517512e-05
1.07646474519e-08	4.05774699175e-05
1.07687404501e-08	2.73555815511e-05
1.07728334484e-08	2.6201014407e-05
1.07769264467e-08	3.23561653204e-05
1.07810194449e-08	3.44560176018e-05
1.07851124432e-08	2.14276860788e-05
1.07892054415e-08	-1.01087116491e-05
1.07932984397e-08	-5.23574199178e-05
1.0797391438e-08	-8.92489260877e-05
1.08014844363e-08	-0.000104517661384
1.08055774345e-08	-9.06882924028e-05
1.08096704328e-08	-5.38047461305e-05
1.08137634311e-08	-1.09925476863e-05
1.08178564293e-08	1.81576397154e-05
1.08219494276e-08	2.17777542275e-05
1.08260424258e-08	1.85386852536e-06
1.08301354241e-08	-2.71482713288e-05
1.08342284224e-08	-4.64538570668e-05
1.08383214206e-08	-4.33521054219e-05
1.08424144189e-08	-1.79774833668e-05
1.08465074172e-08	1.72850086528e-05
1.08506004154e-08	4.52773347206e-05
1.08546934137e-08	5.403279647e-05
1.0858786412e-08	4.34505927842e-05
1.08628794102e-08	2.48674296017e-05
1.08669724085e-08	1.38831355798e-05
1.08710654068e-08	2.06992099265e-05
1.0875158405e-08	4.3651300075e-05
1.08792514033e-08	6.97179857525e-05
1.08833444016e-08	8.17310501589e-05
1.08874373998e-08	6.81865058141e-05
1.08915303981e-08	3.00636129396e-05
1.08956233963e-08	-1.91428734979e-05
1.08997163946e-08	-6.01582069066e-05
1.09038093929e-08	-7.76367887738e-05
1.09079023911e-08	-6.75678820699e-05
1.09119953894e-08	-3.85622261092e-05
1.09160883877e-08	-6.67888571115e-06
1.09201813859e-08	1.30275257106e-05
1.09242743842e-08	1.36164180731e-05
1.09283673825e-08	-1.55610655383e-06
1.09324603807e-08	-2.21233458433e-05
1.0936553379e-08	-3.7092675484e-05
1.09406463773e-08	-4.05131067964e-05
1.09447393755e-08	-3.35056392942e-05
1.09488323738e-08	-2.20889851335e-05
1.09529253721e-08	-1.26041995827e-05
1.09570183703e-08	-7.69101916376e-06
1.09611113686e-08	-5.02390867041e-06
1.09652043669e-08	7.36679453439e-07
1.09692973651e-08	1.42323588079e-05
1.09733903634e-08	3.61127131328e-05
1.09774833616e-08	6.1905477196e-05
1.09815763599e-08	8.34471211419e-05
1.09856693582e-08	9.19849553611e-05
1.09897623564e-08	8.14924351289e-05
1.09938553547e-08	5.09152014274e-05
1.0997948353e-08	4.7874482334e-06
1.10020413512e-08	-4.77596186101e-05
1.10061343495e-08	-9.51778929448e-05
1.10102273478e-08	-0.00012638962653
1.1014320346e-08	-0.000133794615977
1.10184133443e-08	-0.000115613409434
1.10225063426e-08	-7.67035453464e-05
1.10265993408e-08	-2.72075321845e-05
1.10306923391e-08	2.07915218198e-05
1.10347853374e-08	5.74675068492e-05
1.10388783356e-08	7.84428411862e-05
1.10429713339e-08	8.53766832734e-05
1.10470643322e-08	8.35904356791e-05
1.10511573304e-08	7.79979964136e-05
1.10552503287e-08	6.97696450516e-05
1.10593433269e-08	5.58587053092e-05
1.10634363252e-08	3.19622849929e-05
1.10675293235e-08	-2.77131766779e-06
1.10716223217e-08	-4.23038763984e-05
1.107571532e-08	-7.42280171835e-05
1.10798083183e-08	-8.47848496051e-05
1.10839013165e-08	-6.61272133584e-05
1.10879943148e-08	-2.18589593715e-05
1.10920873131e-08	3.27046655002e-05
1.10961803113e-08	7.6395488577e-05
1.11002733096e-08	9.16618737392e-05
1.11043663079e-08	7.28098093532e-05
1.11084593061e-08	2.85909009108e-05
1.11125523044e-08	-2.24098366743e-05
1.11166453027e-08	-6.11944415141e-05
1.11207383009e-08	-7.74932268541e-05
1.11248312992e-08	-7.36847214284e-05
1.11289242974e-08	-6.14810851403e-05
1.11330172957e-08	-5.3544768889e-05
1.1137110294e-08	-5.50809054403e-05
1.11412032922e-08	-6.04565757385e-05
1.11452962905e-08	-5.69059084228e-05
1.11493892888e-08	-3.31555165758e-05
1.1153482287e-08	1.21939083328e-05
1.11575752853e-08	6.76877389196e-05
1.11616682836e-08	0.000113530724775
1.11657612818e-08	0.000131349588628
1.11698542801e-08	0.000113857633551
1.11739472784e-08	6.89820662956e-05
1.11780402766e-08	1.61015886988e-05
1.11821332749e-08	-2.36172108998e-05
1.11862262732e-08	-3.75087329303e-05
1.11903192714e-08	-2.68455805781e-05
1.11944122697e-08	-4.72318333777e-06
1.1198505268e-08	1.20642271213e-05
1.12025982662e-08	1.23887257359e-05
1.12066912645e-08	-3.74713727069e-06
1.12107842627e-08	-2.63964284386e-05
1.1214877261e-08	-4.23081182817e-05
1.12189702593e-08	-4.29455431004e-05
1.12230632575e-08	-2.92166459985e-05
1.12271562558e-08	-1.04824557638e-05
1.12312492541e-08	1.25412157104e-06
1.12353422523e-08	-1.58956299856e-06
1.12394352506e-08	-1.79314920388e-05
1.12435282489e-08	-3.87636537198e-05
1.12476212471e-08	-5.22100199305e-05
1.12517142454e-08	-4.98303525092e-05
1.12558072437e-08	-3.0773357139e-05
1.12599002419e-08	-1.75297680016e-06
1.12639932402e-08	2.67089726549e-05
1.12680862385e-08	4.54643304693e-05
1.12721792367e-08	5.06212018081e-05
1.1276272235e-08	4.44089964731e-05
1.12803652333e-08	3.31448536599e-05
1.12844582315e-08	2.37239692069e-05
1.12885512298e-08	2.0546525775e-05
1.1292644228e-08	2.40872195718e-05
1.12967372263e-08	3.13247001031e-05
1.13008302246e-08	3.74200899387e-05
1.13049232228e-08	3.77409378416e-05
1.13090162211e-08	2.95931677101e-05
1.13131092194e-08	1.3243158719e-05
1.13172022176e-08	-7.9090887084e-06
1.13212952159e-08	-2.81943994196e-05
1.13253882142e-08	-4.15170616179e-05
1.13294812124e-08	-4.3752239435e-05
1.13335742107e-08	-3.47850073013e-05
1.1337667209e-08	-1.90370374185e-05
1.13417602072e-08	-3.8701136873e-06
1.13458532055e-08	3.78327172257e-06
1.13499462038e-08	9.54557776822e-07
1.1354039202e-08	-9.60133093031e-06
1.13581322003e-08	-2.07430330192e-05
1.13622251985e-08	-2.49889690167e-05
1.13663181968e-08	-1.91671988432e-05
1.13704111951e-08	-6.91454897606e-06
1.13745041933e-08	2.84205225398e-06
1.13785971916e-08	9.74371687334e-07
1.13826901899e-08	-1.58133589139e-05
1.13867831881e-08	-4.16411930928e-05
1.13908761864e-08	-6.31843577139e-05
1.13949691847e-08	-6.61134326947e-05
1.13990621829e-08	-4.30262589362e-05
1.14031551812e-08	1.57088868491e-06
1.14072481795e-08	5.23227026861e-05
1.14113411777e-08	9.00190134416e-05
1.1415434176e-08	0.000100981793366
1.14195271743e-08	8.37978586787e-05
1.14236201725e-08	4.96452994412e-05
1.14277131708e-08	1.5951518435e-05
1.14318061691e-08	-3.07849768433e-06
1.14358991673e-08	-3.75595709556e-06
1.14399921656e-08	6.10027655057e-06
1.14440851638e-08	1.29330328491e-05
1.14481781621e-08	6.50728361506e-06
1.14522711604e-08	-1.31483566292e-05
1.14563641586e-08	-3.51772250724e-05
1.14604571569e-08	-4.41536467406e-05
1.14645501552e-08	-2.96607086057e-05
1.14686431534e-08	6.46808757665e-06
1.14727361517e-08	4.9590569688e-05
1.147682915e-08	7.90202830103e-05
1.14809221482e-08	7.85398369771e-05
1.14850151465e-08	4.48976497864e-05
1.14891081448e-08	-1.0312829545e-05
1.1493201143e-08	-6.64254330331e-05
1.14972941413e-08	-0.000103824895632
1.15013871396e-08	-0.000112981011625
1.15054801378e-08	-9.76449737209e-05
1.15095731361e-08	-7.09646556061e-05
1.15136661344e-08	-4.71643652418e-05
1.15177591326e-08	-3.36898774549e-05
1.15218521309e-08	-2.81731863652e-05
1.15259451291e-08	-2.14555821003e-05
1.15300381274e-08	-4.50939978691e-06
1.15341311257e-08	2.51062592724e-05
1.15382241239e-08	6.09661583439e-05
1.15423171222e-08	9.08744113985e-05
1.15464101205e-08	0.000103356476757
1.15505031187e-08	9.37613658607e-05
1.1554596117e-08	6.66727137286e-05
1.15586891153e-08	3.34683936671e-05
1.15627821135e-08	6.66575169816e-06
1.15668751118e-08	-5.85730140301e-06
1.15709681101e-08	-3.81640711566e-06
1.15750611083e-08	6.44752117296e-06
1.15791541066e-08	1.58707625815e-05
1.15832471049e-08	1.72283052962e-05
1.15873401031e-08	8.08300319477e-06
1.15914331014e-08	-8.86504494702e-06
1.15955260997e-08	-2.76934479189e-05
1.15996190979e-08	-4.207460006e-05
1.16037120962e-08	-4.76989916933e-05
1.16078050944e-08	-4.35141701018e-05
1.16118980927e-08	-3.17007943522e-05
1.1615991091e-08	-1.67336347658e-05
1.16200840892e-08	-3.86574583899e-06
1.16241770875e-08	2.57805731962e-06
1.16282700858e-08	7.56468580221e-07
1.1632363084e-08	-7.87584212958e-06
1.16364560823e-08	-1.89906641026e-05
1.16405490806e-08	-2.71898570645e-05
1.16446420788e-08	-2.8583141102e-05
1.16487350771e-08	-2.28494682233e-05
1.16528280754e-08	-1.35018635774e-05
1.16569210736e-08	-5.83544351684e-06
1.16610140719e-08	-3.45967782778e-06
1.16651070702e-08	-5.37347477803e-06
1.16692000684e-08	-5.62532568438e-06
1.16732930667e-08	3.67558550352e-06
1.16773860649e-08	2.72589732049e-05
1.16814790632e-08	6.22979059699e-05
1.16855720615e-08	9.7626245406e-05
1.16896650597e-08	0.000117727817269
1.1693758058e-08	0.000109986300231
1.16978510563e-08	7.15623318683e-05
1.17019440545e-08	1.20142685773e-05
1.17060370528e-08	-5.01353351865e-05
1.17101300511e-08	-9.55109571805e-05
1.17142230493e-08	-0.000112523921416
1.17183160476e-08	-0.000101993588032
1.17224090459e-08	-7.52768828534e-05
1.17265020441e-08	-4.70494160254e-05
1.17305950424e-08	-2.69476258836e-05
1.17346880407e-08	-1.48749622895e-05
1.17387810389e-08	-2.72636680165e-06
1.17428740372e-08	1.86584948096e-05
1.17469670355e-08	5.15617721248e-05
1.17510600337e-08	8.75590776559e-05
1.1755153032e-08	0.000110491120722
1.17592460302e-08	0.000104961196485
1.17633390285e-08	6.56880583847e-05
1.17674320268e-08	2.21841037273e-06
1.1771525025e-08	-6.39797581243e-05
1.17756180233e-08	-0.000108948093839
1.17797110216e-08	-0.000117273128126
1.17838040198e-08	-8.89800285222e-05
1.17878970181e-08	-3.86894789699e-05
1.17919900164e-08	1.22644069052e-05
1.17960830146e-08	4.63151736767e-05
1.18001760129e-08	5.71353375562e-05
1.18042690112e-08	5.03631636093e-05
1.18083620094e-08	3.79012417397e-05
1.18124550077e-08	2.95490899589e-05
1.1816548006e-08	2.70869113592e-05
1.18206410042e-08	2.40950284933e-05
1.18247340025e-08	1.13008736662e-05
1.18288270008e-08	-1.60451727425e-05
1.1832919999e-08	-5.33853744855e-05
1.18370129973e-08	-8.75956393429e-05
1.18411059955e-08	-0.000103005528217
1.18451989938e-08	-8.93397955224e-05
1.18492919921e-08	-4.72879983135e-05
1.18533849903e-08	1.12525031e-05
1.18574779886e-08	6.8224457209e-05
1.18615709869e-08	0.000106986779429
1.18656639851e-08	0.000118618045235
1.18697569834e-08	0.000104116217699
1.18738499817e-08	7.21107935533e-05
1.18779429799e-08	3.38902973454e-05
1.18820359782e-08	-1.3926023712e-06
1.18861289765e-08	-2.91768392344e-05
1.18902219747e-08	-4.90562415507e-05
1.1894314973e-08	-6.25062966719e-05
1.18984079713e-08	-7.05344282323e-05
1.19025009695e-08	-7.2567287134e-05
1.19065939678e-08	-6.69163855491e-05
1.1910686966e-08	-5.21895781276e-05
1.19147799643e-08	-2.87176699203e-05
1.19188729626e-08	7.20358002582e-07
1.19229659608e-08	3.10719187837e-05
1.19270589591e-08	5.59425025131e-05
1.19311519574e-08	6.90576780471e-05
1.19352449556e-08	6.60295409034e-05
1.19393379539e-08	4.60978335468e-05
1.19434309522e-08	1.32627628773e-05
1.19475239504e-08	-2.39517576119e-05
1.19516169487e-08	-5.45777875232e-05
1.1955709947e-08	-6.88285872457e-05
1.19598029452e-08	-6.195010792e-05
1.19638959435e-08	-3.64622464986e-05
1.19679889418e-08	-1.36440576171e-06
1.197208194e-08	3.17232770612e-05
1.19761749383e-08	5.37655687367e-05
1.19802679366e-08	6.2209990574e-05
1.19843609348e-08	6.13169759163e-05
1.19884539331e-08	5.86109017604e-05
1.19925469313e-08	5.93373370066e-05
1.19966399296e-08	6.22614024905e-05
1.20007329279e-08	5.95584024268e-05
1.20048259261e-08	4.1308474465e-05
1.20089189244e-08	2.31252488447e-06
1.20130119227e-08	-5.27684787812e-05
1.20171049209e-08	-0.000109290005639
1.20211979192e-08	-0.000148284889292
1.20252909175e-08	-0.000155227200594
1.20293839157e-08	-0.000127316743601
1.2033476914e-08	-7.51414700062e-05
1.20375699123e-08	-1.76122794073e-05
1.20416629105e-08	2.72320157819e-05
1.20457559088e-08	5.05715943291e-05
1.20498489071e-08	5.57226048841e-05
1.20539419053e-08	5.41796907783e-05
1.20580349036e-08	5.72025346628e-05
1.20621279019e-08	6.80583470967e-05
1.20662209001e-08	7.95598316472e-05
1.20703138984e-08	7.85095326137e-05
1.20744068966e-08	5.44955109945e-05
1.20784998949e-08	7.84411713539e-06
1.20825928932e-08	-4.81340211991e-05
1.20866858914e-08	-9.23207699088e-05
1.20907788897e-08	-0.000105805302155
1.2094871888e-08	-8.14205850475e-05
1.20989648862e-08	-2.7587688237e-05
1.21030578845e-08	3.55560368916e-05
1.21071508828e-08	8.56193291838e-05
1.2111243881e-08	0.000107895859401
1.21153368793e-08	0.000100647710497
1.21194298776e-08	7.34215282137e-05
1.21235228758e-08	3.99731979996e-05
1.21276158741e-08	1.02762242022e-05
1.21317088724e-08	-1.38381001307e-05
1.21358018706e-08	-3.72345202777e-05
1.21398948689e-08	-6.56578922644e-05
1.21439878671e-08	-9.94428555714e-05
1.21480808654e-08	-0.000130790896947
1.21521738637e-08	-0.000146418373333
1.21562668619e-08	-0.000134152578539
1.21603598602e-08	-8.98327707546e-05
1.21644528585e-08	-2.06890636036e-05
1.21685458567e-08	5.65738955629e-05
1.2172638855e-08	0.000121995748486
1.21767318533e-08	0.000159724339028
1.21808248515e-08	0.000163128177519
1.21849178498e-08	0.00013571413001
1.21890108481e-08	8.81540909177e-05
1.21931038463e-08	3.34638170898e-05
1.21971968446e-08	-1.72464406205e-05
1.22012898429e-08	-5.68871000723e-05
1.22053828411e-08	-8.22918882477e-05
1.22094758394e-08	-9.28798544919e-05
1.22135688377e-08	-8.93267570063e-05
1.22176618359e-08	-7.29640305508e-05
1.22217548342e-08	-4.59099537693e-05
1.22258478324e-08	-1.14559816211e-05
1.22299408307e-08	2.57418341789e-05
1.2234033829e-08	5.98701371928e-05
1.22381268272e-08	8.45359390951e-05
1.22422198255e-08	9.36980650295e-05
1.22463128238e-08	8.29843338579e-05
1.2250405822e-08	5.13464619871e-05
1.22544988203e-08	2.61880336438e-06
1.22585918186e-08	-5.38962631254e-05
1.22626848168e-08	-0.000104723563709
1.22667778151e-08	-0.000135719790705
1.22708708134e-08	-0.000136892253067
1.22749638116e-08	-0.000106625651824
1.22790568099e-08	-5.30794750375e-05
1.22831498082e-08	8.383540262e-06
1.22872428064e-08	6.10294555372e-05
1.22913358047e-08	9.32628900046e-05
1.2295428803e-08	0.000102625024738
1.22995218012e-08	9.52414266067e-05
1.23036147995e-08	8.10344499769e-05
1.23077077977e-08	6.74860057188e-05
1.2311800796e-08	5.55336337129e-05
1.23158937943e-08	4.01130200771e-05
1.23199867925e-08	1.50053356265e-05
1.23240797908e-08	-2.09767204069e-05
1.23281727891e-08	-6.05181703577e-05
1.23322657873e-08	-8.96918718354e-05
1.23363587856e-08	-9.46924701566e-05
1.23404517839e-08	-6.9908441219e-05
1.23445447821e-08	-2.25554758799e-05
1.23486377804e-08	2.91754331556e-05
1.23527307787e-08	6.40836806269e-05
1.23568237769e-08	6.80371522321e-05
1.23609167752e-08	4.08290943597e-05
1.23650097735e-08	-3.96376162826e-06
1.23691027717e-08	-4.61280251329e-05
1.237319577e-08	-6.90521483193e-05
1.23772887683e-08	-6.75485862303e-05
1.23813817665e-08	-4.90537495352e-05
1.23854747648e-08	-2.7900783607e-05
1.2389567763e-08	-1.61689749802e-05
1.23936607613e-08	-1.65481069416e-05
1.23977537596e-08	-2.13036164496e-05
1.24018467578e-08	-1.77823440026e-05
1.24059397561e-08	2.904404937e-06
1.24100327544e-08	3.93031587009e-05
1.24141257526e-08	7.9071323853e-05
1.24182187509e-08	0.000104963866761
1.24223117492e-08	0.000103969490738
1.24264047474e-08	7.44928547647e-05
1.24304977457e-08	2.75621659966e-05
1.2434590744e-08	-1.85619828699e-05
1.24386837422e-08	-4.73234649689e-05
1.24427767405e-08	-5.15250212629e-05
1.24468697388e-08	-3.57190074283e-05
1.2450962737e-08	-1.24892158055e-05
1.24550557353e-08	4.94817049912e-06
1.24591487335e-08	9.54731513048e-06
1.24632417318e-08	3.08408766614e-06
1.24673347301e-08	-6.32439832771e-06
1.24714277283e-08	-9.93114826997e-06
1.24755207266e-08	-3.78918775823e-06
1.24796137249e-08	9.07855246624e-06
1.24837067231e-08	2.06777222047e-05
1.24877997214e-08	2.2721800633e-05
1.24918927197e-08	1.12105390144e-05
1.24959857179e-08	-1.14989670692e-05
1.25000787162e-08	-3.79489029001e-05
1.25041717145e-08	-5.91301941313e-05
1.25082647127e-08	-6.83130492689e-05
1.2512357711e-08	-6.33519521216e-05
1.25164507093e-08	-4.67298959848e-05
1.25205437075e-08	-2.38446918956e-05
1.25246367058e-08	-6.34467141936e-07
1.25287297041e-08	1.83534211828e-05
1.25328227023e-08	3.09679744532e-05
1.25369157006e-08	3.74931187253e-05
1.25410086988e-08	3.99749405915e-05
1.25451016971e-08	4.1082923417e-05
1.25491946954e-08	4.27277554991e-05
1.25532876936e-08	4.48761129519e-05
1.25573806919e-08	4.50865991297e-05
1.25614736902e-08	3.93647314922e-05
1.25655666884e-08	2.4273953386e-05
1.25696596867e-08	-4.48402943221e-07
1.2573752685e-08	-3.02404732793e-05
1.25778456832e-08	-5.63491630601e-05
1.25819386815e-08	-6.90274464432e-05
1.25860316798e-08	-6.21385261184e-05
1.2590124678e-08	-3.67754364561e-05
1.25942176763e-08	-1.75649574885e-06
1.25983106746e-08	2.98441100313e-05
1.26024036728e-08	4.6652945457e-05
1.26064966711e-08	4.44554389105e-05
1.26105896694e-08	2.80954336631e-05
1.26146826676e-08	8.54468089528e-06
1.26187756659e-08	-3.37277106155e-06
1.26228686641e-08	-3.17983221976e-06
1.26269616624e-08	4.83781013827e-06
1.26310546607e-08	1.05039298433e-05
1.26351476589e-08	4.46501417173e-06
1.26392406572e-08	-1.5210386664e-05
1.26433336555e-08	-4.06092003686e-05
1.26474266537e-08	-5.75354642933e-05
1.2651519652e-08	-5.34115970368e-05
1.26556126503e-08	-2.50742796197e-05
1.26597056485e-08	1.80869010364e-05
1.26637986468e-08	5.78823564865e-05
1.26678916451e-08	7.62069685152e-05
1.26719846433e-08	6.4374464273e-05
1.26760776416e-08	2.77372291748e-05
1.26801706399e-08	-1.70315524883e-05
1.26842636381e-08	-5.05308926222e-05
1.26883566364e-08	-6.04265078437e-05
1.26924496346e-08	-4.705136962e-05
1.26965426329e-08	-2.19345292862e-05
1.27006356312e-08	-3.28302121488e-07
1.27047286294e-08	7.77234981797e-06
1.27088216277e-08	2.93521156891e-06
1.2712914626e-08	-5.00807891513e-06
1.27170076242e-08	-3.90154309571e-06
1.27211006225e-08	1.24367343233e-05
1.27251936208e-08	3.95210772695e-05
1.2729286619e-08	6.39554709778e-05
1.27333796173e-08	7.06767459633e-05
1.27374726156e-08	5.15615356562e-05
1.27415656138e-08	1.05210747279e-05
1.27456586121e-08	-3.77889082301e-05
1.27497516104e-08	-7.48925376683e-05
1.27538446086e-08	-8.72794771567e-05
1.27579376069e-08	-7.23942794139e-05
1.27620306052e-08	-3.89080523746e-05
1.27661236034e-08	-1.58384546012e-06
1.27702166017e-08	2.6176974643e-05
1.27743095999e-08	3.80417623091e-05
1.27784025982e-08	3.60627600458e-05
1.27824955965e-08	2.75359343505e-05
1.27865885947e-08	1.9776973204e-05
1.2790681593e-08	1.59713763423e-05
1.27947745913e-08	1.421673187e-05
1.27988675895e-08	9.85460337688e-06
1.28029605878e-08	-7.39250026527e-07
1.28070535861e-08	-1.72300242411e-05
1.28111465843e-08	-3.49133333657e-05
1.28152395826e-08	-4.67928839498e-05
1.28193325809e-08	-4.68729776912e-05
1.28234255791e-08	-3.2917036151e-05
1.28275185774e-08	-7.45173065297e-06
1.28316115757e-08	2.31285594054e-05
1.28357045739e-08	5.07613221998e-05
1.28397975722e-08	6.81874589645e-05
1.28438905705e-08	7.10015665391e-05
1.28479835687e-08	5.88010880165e-05
1.2852076567e-08	3.5311011743e-05
1.28561695652e-08	7.39598635846e-06
1.28602625635e-08	-1.69829581864e-05
1.28643555618e-08	-3.14120770781e-05
1.286844856e-08	-3.34468932124e-05
1.28725415583e-08	-2.56204330071e-05
1.28766345566e-08	-1.43451225085e-05
1.28807275548e-08	-6.83059852236e-06
1.28848205531e-08	-7.40810401112e-06
1.28889135514e-08	-1.51853764692e-05
1.28930065496e-08	-2.45179016929e-05
1.28970995479e-08	-2.83448644041e-05
1.29011925462e-08	-2.26470638154e-05
1.29052855444e-08	-9.4712304417e-06
1.29093785427e-08	3.58715965376e-06
1.2913471541e-08	7.49600212657e-06
1.29175645392e-08	-2.573422762e-06
1.29216575375e-08	-2.34098988585e-05
1.29257505358e-08	-4.43098178948e-05
1.2929843534e-08	-5.22088048456e-05
1.29339365323e-08	-3.88859079976e-05
1.29380295305e-08	-6.17987188889e-06
1.29421225288e-08	3.3956610423e-05
1.29462155271e-08	6.5053900471e-05
1.29503085253e-08	7.45447396184e-05
1.29544015236e-08	6.04269807809e-05
1.29584945219e-08	3.23382555507e-05
1.29625875201e-08	6.26013388683e-06
1.29666805184e-08	-4.30327327194e-06
1.29707735167e-08	4.23848041464e-06
1.29748665149e-08	2.37671029026e-05
1.29789595132e-08	3.93549671571e-05
1.29830525115e-08	3.81006102543e-05
1.29871455097e-08	1.68277601915e-05
1.2991238508e-08	-1.58082802955e-05
1.29953315063e-08	-4.40641088062e-05
1.29994245045e-08	-5.40119835932e-05
1.30035175028e-08	-4.14894602727e-05
1.3007610501e-08	-1.45216054079e-05
1.30117034993e-08	1.11774452307e-05
1.30157964976e-08	2.10555153899e-05
1.30198894958e-08	9.85543556453e-06
1.30239824941e-08	-1.55659199663e-05
1.30280754924e-08	-4.0276798245e-05
1.30321684906e-08	-4.97802902828e-05
1.30362614889e-08	-3.81311110687e-05
1.30403544872e-08	-1.11262324936e-05
1.30444474854e-08	1.71046795003e-05
1.30485404837e-08	3.2000545616e-05
1.3052633482e-08	2.64759146376e-05
1.30567264802e-08	4.46756394012e-06
1.30608194785e-08	-2.1589357857e-05
1.30649124768e-08	-3.76843236154e-05
1.3069005475e-08	-3.55463162123e-05
1.30730984733e-08	-1.64005359693e-05
1.30771914716e-08	1.05353774416e-05
1.30812844698e-08	3.35717923008e-05
1.30853774681e-08	4.47122365586e-05
1.30894704663e-08	4.31398038927e-05
1.30935634646e-08	3.4427139326e-05
1.30976564629e-08	2.64354184765e-05
1.31017494611e-08	2.45074479608e-05
1.31058424594e-08	2.86592658085e-05
1.31099354577e-08	3.4064072679e-05
1.31140284559e-08	3.41533741448e-05
1.31181214542e-08	2.44116454269e-05
1.31222144525e-08	4.78275615023e-06
1.31263074507e-08	-2.0289553504e-05
1.3130400449e-08	-4.39040377387e-05
1.31344934473e-08	-5.95479286858e-05
1.31385864455e-08	-6.34300376987e-05
1.31426794438e-08	-5.55199803784e-05
1.31467724421e-08	-3.92187066609e-05
1.31508654403e-08	-2.00831891561e-05
1.31549584386e-08	-4.05326727559e-06
1.31590514369e-08	4.36499976786e-06
1.31631444351e-08	3.61524826076e-06
1.31672374334e-08	-4.21625009039e-06
1.31713304316e-08	-1.39702679007e-05
1.31754234299e-08	-1.93814339582e-05
1.31795164282e-08	-1.58837010531e-05
1.31836094264e-08	-3.00906867778e-06
1.31877024247e-08	1.49616853378e-05
1.3191795423e-08	3.08234120894e-05
1.31958884212e-08	3.80811907235e-05
1.31999814195e-08	3.46052984241e-05
1.32040744178e-08	2.41280649789e-05
1.3208167416e-08	1.44335181176e-05
1.32122604143e-08	1.29124027808e-05
1.32163534126e-08	2.18653367483e-05
1.32204464108e-08	3.64113948308e-05
1.32245394091e-08	4.65666598757e-05
1.32286324074e-08	4.27509585279e-05
1.32327254056e-08	2.17419765249e-05
1.32368184039e-08	-1.04294822449e-05
1.32409114021e-08	-4.07189618272e-05
1.32450044004e-08	-5.56091908948e-05
1.32490973987e-08	-4.85248310724e-05
1.32531903969e-08	-2.39064975176e-05
1.32572833952e-08	4.6324903451e-06
1.32613763935e-08	2.13429848372e-05
1.32654693917e-08	1.68475507962e-05
1.326956239e-08	-6.64784420223e-06
1.32736553883e-08	-3.64633015124e-05
1.32777483865e-08	-5.63971443626e-05
1.32818413848e-08	-5.56761151529e-05
1.32859343831e-08	-3.48525645677e-05
1.32900273813e-08	-5.2879586292e-06
1.32941203796e-08	1.74929700734e-05
1.32982133779e-08	2.27606178669e-05
1.33023063761e-08	1.06854404294e-05
1.33063993744e-08	-7.92840546637e-06
1.33104923727e-08	-1.81289906322e-05
1.33145853709e-08	-9.74797148956e-06
1.33186783692e-08	1.63912027347e-05
1.33227713674e-08	4.86013341288e-05
1.33268643657e-08	7.07389990566e-05
1.3330957364e-08	7.12219043635e-05
1.33350503622e-08	4.95341482747e-05
1.33391433605e-08	1.65324599948e-05
1.33432363588e-08	-1.15336497402e-05
1.3347329357e-08	-2.18929380935e-05
1.33514223553e-08	-1.20194399642e-05
1.33555153536e-08	9.34340187086e-06
1.33596083518e-08	2.72745019174e-05
1.33637013501e-08	2.88724004349e-05
1.33677943484e-08	9.97554343485e-06
1.33718873466e-08	-2.30739133258e-05
1.33759803449e-08	-5.72490098421e-05
1.33800733432e-08	-7.9730147263e-05
1.33841663414e-08	-8.39857675601e-05
1.33882593397e-08	-7.18903902452e-05
1.3392352338e-08	-5.12400947628e-05
1.33964453362e-08	-3.05896537611e-05
1.34005383345e-08	-1.45762442116e-05
1.34046313327e-08	-2.29988495448e-06
1.3408724331e-08	1.07388468678e-05
1.34128173293e-08	2.86240756395e-05
1.34169103275e-08	5.15084575454e-05
1.34210033258e-08	7.45604920667e-05
1.34250963241e-08	8.98412617971e-05
1.34291893223e-08	8.99539809325e-05
1.34332823206e-08	7.15152200428e-05
1.34373753189e-08	3.68890796381e-05
1.34414683171e-08	-6.41387805445e-06
1.34455613154e-08	-4.80804519611e-05
1.34496543137e-08	-7.80480258982e-05
1.34537473119e-08	-8.91958770808e-05
1.34578403102e-08	-7.90816120571e-05
1.34619333085e-08	-5.04867530253e-05
1.34660263067e-08	-1.07136220322e-05
1.3470119305e-08	3.02511070913e-05
1.34742123032e-08	6.24570384389e-05
1.34783053015e-08	7.8834265878e-05
1.34823982998e-08	7.72046332713e-05
1.3486491298e-08	6.0490649048e-05
1.34905842963e-08	3.49172878487e-05
1.34946772946e-08	6.98977146385e-06
1.34987702928e-08	-1.91879917111e-05
1.35028632911e-08	-4.26996848546e-05
1.35069562894e-08	-6.42505910946e-05
1.35110492876e-08	-8.32064688439e-05
1.35151422859e-08	-9.5363764558e-05
1.35192352842e-08	-9.33472038014e-05
1.35233282824e-08	-7.01214521541e-05
1.35274212807e-08	-2.40354020207e-05
1.3531514279e-08	3.75534727937e-05
1.35356072772e-08	9.8720411188e-05
1.35397002755e-08	0.000140182411997
1.35437932738e-08	0.000147223923705
1.3547886272e-08	0.000116489827633
1.35519792703e-08	5.79726765864e-05
1.35560722685e-08	-9.1495057859e-06
1.35601652668e-08	-6.48960776743e-05
1.35642582651e-08	-9.68514068518e-05
1.35683512633e-08	-0.000104189268313
1.35724442616e-08	-9.54686693149e-05
1.35765372599e-08	-8.17759573692e-05
1.35806302581e-08	-6.94217596902e-05
1.35847232564e-08	-5.65843038203e-05
1.35888162547e-08	-3.58350407623e-05
1.35929092529e-08	-9.43473423831e-07
1.35970022512e-08	4.64125623694e-05
1.36010952495e-08	9.44358689594e-05
1.36051882477e-08	0.00012542460172
1.3609281246e-08	0.000124474419863
1.36133742443e-08	8.79405779415e-05
1.36174672425e-08	2.68065341515e-05
1.36215602408e-08	-3.72799477191e-05
1.36256532391e-08	-8.14529921627e-05
1.36297462373e-08	-9.17705183383e-05
1.36338392356e-08	-6.87902938807e-05
1.36379322338e-08	-2.59344797087e-05
1.36420252321e-08	1.81327868631e-05
1.36461182304e-08	4.87403740408e-05
1.36502112286e-08	6.10796341789e-05
1.36543042269e-08	5.99821687501e-05
1.36583972252e-08	5.43948481209e-05
1.36624902234e-08	5.03657356603e-05
1.36665832217e-08	4.68414946226e-05
1.367067622e-08	3.67150860257e-05
1.36747692182e-08	1.22629207908e-05
1.36788622165e-08	-2.84920934064e-05
1.36829552148e-08	-7.84051444498e-05
1.3687048213e-08	-0.000123005331261
1.36911412113e-08	-0.000146564823808
1.36952342096e-08	-0.000139269774081
1.36993272078e-08	-0.000101714686025
1.37034202061e-08	-4.45818550361e-05
1.37075132044e-08	1.60589115694e-05
1.37116062026e-08	6.52489688946e-05
1.37156992009e-08	9.42077022046e-05
1.37197921991e-08	0.000101963581983
1.37238851974e-08	9.34369891183e-05
1.37279781957e-08	7.57063025958e-05
1.37320711939e-08	5.4611118685e-05
1.37361641922e-08	3.32294985128e-05
1.37402571905e-08	1.23878744489e-05
1.37443501887e-08	-7.74635918788e-06
1.3748443187e-08	-2.62084795395e-05
1.37525361853e-08	-4.07836341765e-05
1.37566291835e-08	-4.85627206217e-05
1.37607221818e-08	-4.70885497634e-05
1.37648151801e-08	-3.5466720874e-05
1.37689081783e-08	-1.51047952386e-05
1.37730011766e-08	1.00748384284e-05
1.37770941749e-08	3.40500155289e-05
1.37811871731e-08	4.98426015838e-05
1.37852801714e-08	5.14412822668e-05
1.37893731696e-08	3.60885824193e-05
1.37934661679e-08	6.08608661423e-06
1.37975591662e-08	-3.09943170578e-05
1.38016521644e-08	-6.43364473945e-05
1.38057451627e-08	-8.37299085106e-05
1.3809838161e-08	-8.37067927932e-05
1.38139311592e-08	-6.58678545733e-05
1.38180241575e-08	-3.79953380616e-05
1.38221171558e-08	-1.01080986497e-05
1.3826210154e-08	1.05883564174e-05
1.38303031523e-08	2.3084692657e-05
1.38343961506e-08	3.2268166251e-05
1.38384891488e-08	4.49153594673e-05
1.38425821471e-08	6.42669547233e-05
1.38466751454e-08	8.6461470346e-05
1.38507681436e-08	0.000101332865597
1.38548611419e-08	9.75582297542e-05
1.38589541402e-08	6.95062844898e-05
1.38630471384e-08	2.18319582928e-05
1.38671401367e-08	-3.11915646307e-05
1.38712331349e-08	-7.17084476491e-05
1.38753261332e-08	-8.67585331434e-05
1.38794191315e-08	-7.45933502913e-05
1.38835121297e-08	-4.53120046586e-05
1.3887605128e-08	-1.5307630747e-05
1.38916981263e-08	1.46156389746e-06
1.38957911245e-08	5.38996914656e-07
1.38998841228e-08	-1.15342809295e-05
1.39039771211e-08	-2.20728743443e-05
1.39080701193e-08	-2.05034993996e-05
1.39121631176e-08	-5.17423632118e-06
1.39162561159e-08	1.53606251843e-05
1.39203491141e-08	2.73792011285e-05
1.39244421124e-08	2.04568423214e-05
1.39285351107e-08	-5.59761247132e-06
1.39326281089e-08	-3.95037277485e-05
1.39367211072e-08	-6.38483761577e-05
1.39408141055e-08	-6.41706064926e-05
1.39449071037e-08	-3.67497486877e-05
1.3949000102e-08	9.1827569122e-06
1.39530931002e-08	5.59826476092e-05
1.39571860985e-08	8.63261375343e-05
1.39612790968e-08	9.13344701985e-05
1.3965372095e-08	7.38653980079e-05
1.39694650933e-08	4.55260378658e-05
1.39735580916e-08	1.95438315131e-05
1.39776510898e-08	3.69608278561e-06
1.39817440881e-08	-2.80013182419e-06
1.39858370864e-08	-7.07245726517e-06
1.39899300846e-08	-1.68113274412e-05
1.39940230829e-08	-3.45615335391e-05
1.39981160812e-08	-5.55013320991e-05
1.40022090794e-08	-6.98435178492e-05
1.40063020777e-08	-6.83569087414e-05
1.4010395076e-08	-4.77481007692e-05
1.40144880742e-08	-1.29447980726e-05
1.40185810725e-08	2.48497453867e-05
1.40226740707e-08	5.31254772795e-05
1.4026767069e-08	6.33701565675e-05
1.40308600673e-08	5.41619265277e-05
1.40349530655e-08	3.08645176119e-05
1.40390460638e-08	2.60213255387e-06
1.40431390621e-08	-2.16893004108e-05
1.40472320603e-08	-3.62509781553e-05
1.40513250586e-08	-3.95511524403e-05
1.40554180569e-08	-3.35433906002e-05
1.40595110551e-08	-2.19915418711e-05
1.40636040534e-08	-8.81210144144e-06
1.40676970517e-08	3.04786817651e-06
1.40717900499e-08	1.20919276014e-05
1.40758830482e-08	1.82373914868e-05
1.40799760465e-08	2.2353926397e-05
1.40840690447e-08	2.54397618846e-05
1.4088162043e-08	2.76723512798e-05
1.40922550413e-08	2.77869003185e-05
1.40963480395e-08	2.33618047787e-05
1.41004410378e-08	1.22026976896e-05
1.4104534036e-08	-5.65543268749e-06
1.41086270343e-08	-2.64914251602e-05
1.41127200326e-08	-4.32229098806e-05
1.41168130308e-08	-4.79620102851e-05
1.41209060291e-08	-3.59595105692e-05
1.41249990274e-08	-8.91881973075e-06
1.41290920256e-08	2.43915310421e-05
1.41331850239e-08	5.11787475261e-05
1.41372780222e-08	6.02379259362e-05
1.41413710204e-08	4.7431425628e-05
1.41454640187e-08	1.80273145816e-05
1.4149557017e-08	-1.56484202307e-05
1.41536500152e-08	-4.02581972594e-05
1.41577430135e-08	-4.80774906464e-05
1.41618360118e-08	-4.05313221563e-05
1.416592901e-08	-2.66284223471e-05
1.41700220083e-08	-1.71082137967e-05
1.41741150066e-08	-1.76900066435e-05
1.41782080048e-08	-2.54274746112e-05
1.41823010031e-08	-3.04746154143e-05
1.41863940013e-08	-2.24012055696e-05
1.41904869996e-08	2.60516571871e-06
1.41945799979e-08	3.80157798645e-05
1.41986729961e-08	6.92493267707e-05
1.42027659944e-08	8.10309284134e-05
1.42068589927e-08	6.58532153466e-05
1.42109519909e-08	2.87191560346e-05
1.42150449892e-08	-1.47101118273e-05
1.42191379875e-08	-4.57673377241e-05
1.42232309857e-08	-5.21545880474e-05
1.4227323984e-08	-3.39228790835e-05
1.42314169823e-08	-2.83097688225e-06
1.42355099805e-08	2.44512957579e-05
1.42396029788e-08	3.54048497684e-05
1.42436959771e-08	2.79148298432e-05
1.42477889753e-08	1.0373250916e-05
1.42518819736e-08	-4.16586044594e-06
1.42559749718e-08	-6.17055047769e-06
1.42600679701e-08	4.63305605081e-06
1.42641609684e-08	1.92392981262e-05
1.42682539666e-08	2.4909446438e-05
1.42723469649e-08	1.29504260258e-05
1.42764399632e-08	-1.58073053171e-05
1.42805329614e-08	-5.09530218551e-05
1.42846259597e-08	-7.77865425334e-05
1.4288718958e-08	-8.49225907587e-05
1.42928119562e-08	-6.99449519743e-05
1.42969049545e-08	-4.01579709433e-05
1.43009979528e-08	-8.27853455121e-06
1.4305090951e-08	1.43003353514e-05
1.43091839493e-08	2.29246543313e-05
1.43132769476e-08	2.10387170227e-05
1.43173699458e-08	1.71446063177e-05
1.43214629441e-08	1.94461372303e-05
1.43255559424e-08	3.12378870149e-05
1.43296489406e-08	4.94080777571e-05
1.43337419389e-08	6.64586186758e-05
1.43378349371e-08	7.4571929872e-05
1.43419279354e-08	6.93903057254e-05
1.43460209337e-08	5.16694162798e-05
1.43501139319e-08	2.63796737272e-05
1.43542069302e-08	1.37654353694e-07
1.43582999285e-08	-2.14915271499e-05
1.43623929267e-08	-3.56295058737e-05
1.4366485925e-08	-4.2262905481e-05
1.43705789233e-08	-4.33446293755e-05
1.43746719215e-08	-4.15175854869e-05
1.43787649198e-08	-3.89772940252e-05
1.43828579181e-08	-3.67482643924e-05
1.43869509163e-08	-3.44022664649e-05
1.43910439146e-08	-3.03244942188e-05
1.43951369129e-08	-2.25753483392e-05
1.43992299111e-08	-1.02306948975e-05
1.44033229094e-08	5.32094054506e-06
1.44074159077e-08	1.99689347937e-05
1.44115089059e-08	2.79847008642e-05
1.44156019042e-08	2.46160980168e-05
1.44196949024e-08	9.05361321202e-06
1.44237879007e-08	-1.38692048495e-05
1.4427880899e-08	-3.46606539097e-05
1.44319738972e-08	-4.29198698839e-05
1.44360668955e-08	-3.23211897921e-05
1.44401598938e-08	-4.29015108239e-06
1.4444252892e-08	3.18702186632e-05
1.44483458903e-08	6.28460111329e-05
1.44524388886e-08	7.74796135374e-05
1.44565318868e-08	7.20001553418e-05
1.44606248851e-08	5.14572384418e-05
1.44647178834e-08	2.64439659077e-05
1.44688108816e-08	6.90254546498e-06
1.44729038799e-08	-3.42592397828e-06
1.44769968782e-08	-8.61986336531e-06
1.44810898764e-08	-1.71685715031e-05
1.44851828747e-08	-3.55010197381e-05
1.4489275873e-08	-6.23500309302e-05
1.44933688712e-08	-8.76179547049e-05
1.44974618695e-08	-9.68827298493e-05
1.45015548677e-08	-7.93436265667e-05
1.4505647866e-08	-3.48030225723e-05
1.45097408643e-08	2.44942948484e-05
1.45138338625e-08	7.85785377957e-05
1.45179268608e-08	0.000108821710455
1.45220198591e-08	0.000106600709842
1.45261128573e-08	7.69262114773e-05
1.45302058556e-08	3.51620547008e-05
1.45342988539e-08	-1.27881367007e-06
1.45383918521e-08	-2.1585236027e-05
1.45424848504e-08	-2.5882072805e-05
1.45465778487e-08	-2.30923214986e-05
1.45506708469e-08	-2.39711716858e-05
1.45547638452e-08	-3.36367193086e-05
1.45588568435e-08	-4.80660819449e-05
1.45629498417e-08	-5.6605636928e-05
1.456704284e-08	-4.88809564558e-05
1.45711358382e-08	-2.1981781174e-05
1.45752288365e-08	1.6450887415e-05
1.45793218348e-08	5.11352554895e-05
1.4583414833e-08	6.65731713525e-05
1.45875078313e-08	5.49188553123e-05
1.45916008296e-08	2.00205158762e-05
1.45956938278e-08	-2.44186230702e-05
1.45997868261e-08	-6.14421369391e-05
1.46038798244e-08	-7.85324300523e-05
1.46079728226e-08	-7.247528265e-05
1.46120658209e-08	-4.92104591103e-05
1.46161588192e-08	-1.93671949091e-05
1.46202518174e-08	7.63631942391e-06
1.46243448157e-08	2.76608698186e-05
1.4628437814e-08	4.21735494456e-05
1.46325308122e-08	5.53055288037e-05
1.46366238105e-08	6.97780342307e-05
1.46407168088e-08	8.42750741867e-05
1.4644809807e-08	9.3646653113e-05
1.46489028053e-08	9.15972559596e-05
1.46529958035e-08	7.41836629459e-05
1.46570888018e-08	4.21513832407e-05
1.46611818001e-08	1.0736830518e-06
1.46652747983e-08	-4.06077306252e-05
1.46693677966e-08	-7.44567732909e-05
1.46734607949e-08	-9.45863721427e-05
1.46775537931e-08	-9.89970430965e-05
1.46816467914e-08	-8.9572626166e-05
1.46857397897e-08	-7.10757594788e-05
1.46898327879e-08	-4.95531712659e-05
1.46939257862e-08	-3.05873436446e-05
1.46980187845e-08	-1.76649828063e-05
1.47021117827e-08	-1.11702111099e-05
1.4706204781e-08	-8.42157169245e-06
1.47102977793e-08	-5.03994124301e-06
1.47143907775e-08	2.72508259513e-06
1.47184837758e-08	1.57296344696e-05
1.47225767741e-08	3.09991082759e-05
1.47266697723e-08	4.29648789577e-05
1.47307627706e-08	4.64924814878e-05
1.47348557688e-08	4.02152836614e-05
1.47389487671e-08	2.81282791548e-05
1.47430417654e-08	1.81686082215e-05
1.47471347636e-08	1.81274481292e-05
1.47512277619e-08	3.09459064738e-05
1.47553207602e-08	5.21448637301e-05
1.47594137584e-08	7.11915272404e-05
1.47635067567e-08	7.65107834013e-05
1.4767599755e-08	6.16230245214e-05
1.47716927532e-08	2.89903364319e-05
1.47757857515e-08	-1.07887271952e-05
1.47798787498e-08	-4.42912023573e-05
1.4783971748e-08	-6.22574661975e-05
1.47880647463e-08	-6.43478851998e-05
1.47921577446e-08	-5.88114126003e-05
1.47962507428e-08	-5.71126511204e-05
1.48003437411e-08	-6.65171683067e-05
1.48044367393e-08	-8.49567295518e-05
1.48085297376e-08	-0.00010138428479
1.48126227359e-08	-0.000101650519355
1.48167157341e-08	-7.67826131778e-05
1.48208087324e-08	-2.89090367005e-05
1.48249017307e-08	2.86474587483e-05
1.48289947289e-08	7.74180225562e-05
1.48330877272e-08	0.000102762496681
1.48371807255e-08	0.000100843528344
1.48412737237e-08	7.98145119916e-05
1.4845366722e-08	5.46196788491e-05
1.48494597203e-08	3.84946106351e-05
1.48535527185e-08	3.59609475709e-05
1.48576457168e-08	4.12450135627e-05
1.48617387151e-08	4.27967061114e-05
1.48658317133e-08	3.10906470986e-05
1.48699247116e-08	5.07033109898e-06
1.48740177099e-08	-2.65773505816e-05
1.48781107081e-08	-5.00000605825e-05
1.48822037064e-08	-5.39880384167e-05
1.48862967046e-08	-3.64797342627e-05
1.48903897029e-08	-6.10798088019e-06
1.48944827012e-08	2.20543570322e-05
1.48985756994e-08	3.41407721862e-05
1.49026686977e-08	2.42953556153e-05
1.4906761696e-08	-2.88878982246e-06
1.49108546942e-08	-3.53677387466e-05
1.49149476925e-08	-6.00632556598e-05
1.49190406908e-08	-6.91068853484e-05
1.4923133689e-08	-6.26571418252e-05
1.49272266873e-08	-4.72354367957e-05
1.49313196856e-08	-3.10529358103e-05
1.49354126838e-08	-1.92222141777e-05
1.49395056821e-08	-1.15384445962e-05
1.49435986804e-08	-3.67680650015e-06
1.49476916786e-08	9.23149218579e-06
1.49517846769e-08	2.89864055958e-05
1.49558776752e-08	5.26622679899e-05
1.49599706734e-08	7.36649526516e-05
1.49640636717e-08	8.4697821876e-05
1.49681566699e-08	8.09588163975e-05
1.49722496682e-08	6.20742648607e-05
1.49763426665e-08	3.20856670442e-05
1.49804356647e-08	-2.11407950701e-06
1.4984528663e-08	-3.30393813783e-05
1.49886216613e-08	-5.46500377823e-05
1.49927146595e-08	-6.36995828245e-05
1.49968076578e-08	-6.02412037551e-05
1.50009006561e-08	-4.73209875054e-05
1.50049936543e-08	-2.99025887216e-05
1.50090866526e-08	-1.31739525386e-05
1.50131796509e-08	-6.8683311838e-07
1.50172726491e-08	6.92538469593e-06
1.50213656474e-08	1.18980642583e-05
1.50254586457e-08	1.77101956069e-05
1.50295516439e-08	2.65329581453e-05
1.50336446422e-08	3.71376700059e-05
1.50377376405e-08	4.46914527856e-05
1.50418306387e-08	4.2987659981e-05
1.5045923637e-08	2.82002529275e-05
1.50500166352e-08	2.13034763874e-06
1.50541096335e-08	-2.72123670584e-05
1.50582026318e-08	-4.85211494379e-05
1.506229563e-08	-5.25087089045e-05
1.50663886283e-08	-3.68759901903e-05
1.50704816266e-08	-8.08990807855e-06
1.50745746248e-08	2.13584135054e-05
1.50786676231e-08	3.90373788832e-05
1.50827606214e-08	3.87890722777e-05
1.50868536196e-08	2.36307823798e-05
1.50909466179e-08	3.56809687219e-06
1.50950396162e-08	-1.04945575004e-05
1.50991326144e-08	-1.33054618345e-05
1.51032256127e-08	-8.3607956185e-06
1.5107318611e-08	-5.58749343327e-06
1.51114116092e-08	-1.47827367982e-05
1.51155046075e-08	-3.85925195587e-05
1.51195976057e-08	-6.93101028446e-05
1.5123690604e-08	-9.16844583116e-05
1.51277836023e-08	-9.05621855054e-05
1.51318766005e-08	-5.92467840761e-05
1.51359695988e-08	-3.92735182686e-06
1.51400625971e-08	5.84489716857e-05
1.51441555953e-08	0.000107852501969
1.51482485936e-08	0.000130301297759
1.51523415919e-08	0.000123604142573
1.51564345901e-08	9.67761152424e-05
1.51605275884e-08	6.38311394141e-05
1.51646205867e-08	3.57004064426e-05
1.51687135849e-08	1.49799889186e-05
1.51728065832e-08	-3.66294079868e-06
1.51768995815e-08	-2.79876967397e-05
1.51809925797e-08	-6.11374198343e-05
1.5185085578e-08	-9.75094662863e-05
1.51891785763e-08	-0.000124164100271
1.51932715745e-08	-0.000127195613459
1.51973645728e-08	-9.94881265797e-05
1.5201457571e-08	-4.5533888624e-05
1.52055505693e-08	1.94573294721e-05
1.52096435676e-08	7.57326488383e-05
1.52137365658e-08	0.000107241117803
1.52178295641e-08	0.000107796367956
1.52219225624e-08	8.23039081297e-05
1.52260155606e-08	4.301770241e-05
1.52301085589e-08	3.24848724631e-06
1.52342015572e-08	-2.79725045402e-05
1.52382945554e-08	-4.78627043776e-05
1.52423875537e-08	-5.81702661293e-05
1.5246480552e-08	-6.15735043539e-05
1.52505735502e-08	-5.87266913499e-05
1.52546665485e-08	-4.7729947255e-05
1.52587595468e-08	-2.60969754891e-05
1.5262852545e-08	6.26635937806e-06
1.52669455433e-08	4.50249863206e-05
1.52710385416e-08	8.16580432002e-05
1.52751315398e-08	0.000105926745164
1.52792245381e-08	0.000109416738269
1.52833175363e-08	8.85509361979e-05
1.52874105346e-08	4.59580405732e-05
1.52915035329e-08	-1.0117819329e-05
1.52955965311e-08	-6.79100412526e-05
1.52996895294e-08	-0.000114972659503
1.53037825277e-08	-0.000141058597364
1.53078755259e-08	-0.000140492600622
1.53119685242e-08	-0.000113574176794
1.53160615225e-08	-6.65812549414e-05
1.53201545207e-08	-1.01514715425e-05
1.5324247519e-08	4.37101334683e-05
1.53283405173e-08	8.50730430102e-05
1.53324335155e-08	0.000108660125989
1.53365265138e-08	0.000114417009172
1.53406195121e-08	0.000105884071672
1.53447125103e-08	8.73137760209e-05
1.53488055086e-08	6.12983421888e-05
1.53528985068e-08	2.83964291157e-05
1.53569915051e-08	-1.09404491013e-05
1.53610845034e-08	-5.34399296157e-05
1.53651775016e-08	-9.12937102839e-05
1.53692704999e-08	-0.000113430374768
1.53733634982e-08	-0.000109896092908
1.53774564964e-08	-7.73523934186e-05
1.53815494947e-08	-2.26232568821e-05
1.5385642493e-08	3.82342550438e-05
1.53897354912e-08	8.55827966006e-05
1.53938284895e-08	0.000104228121927
1.53979214878e-08	8.98711296031e-05
1.5402014486e-08	5.06094002048e-05
1.54061074843e-08	2.64003574557e-06
1.54102004826e-08	-3.76248099201e-05
1.54142934808e-08	-6.0803591623e-05
1.54183864791e-08	-6.73782778904e-05
1.54224794774e-08	-6.48207424092e-05
1.54265724756e-08	-6.10627612332e-05
1.54306654739e-08	-5.843485269e-05
1.54347584721e-08	-5.18642227689e-05
1.54388514704e-08	-3.25573419104e-05
1.54429444687e-08	5.04880244989e-06
1.54470374669e-08	5.73311699554e-05
1.54511304652e-08	0.000110486449557
1.54552234635e-08	0.000145602563862
1.54593164617e-08	0.000147435392137
1.546340946e-08	0.000112213347165
1.54675024583e-08	5.01486756548e-05
1.54715954565e-08	-1.88117883226e-05
1.54756884548e-08	-7.38691815059e-05
1.54797814531e-08	-0.000102193334897
1.54838744513e-08	-0.000103259939351
1.54879674496e-08	-8.67475609994e-05
1.54920604479e-08	-6.57135606161e-05
1.54961534461e-08	-4.91341997986e-05
1.55002464444e-08	-3.7976737076e-05
1.55043394427e-08	-2.66678052867e-05
1.55084324409e-08	-8.55623784446e-06
1.55125254392e-08	1.81965588126e-05
1.55166184374e-08	4.80274538859e-05
1.55207114357e-08	7.01877725078e-05
1.5524804434e-08	7.44963472243e-05
1.55288974322e-08	5.72253266e-05
1.55329904305e-08	2.37748790823e-05
1.55370834288e-08	-1.33636749524e-05
1.5541176427e-08	-4.02173063776e-05
1.55452694253e-08	-4.74961998407e-05
1.55493624236e-08	-3.42459752574e-05
1.55534554218e-08	-7.39838787922e-06
1.55575484201e-08	2.20741458179e-05
1.55616414184e-08	4.41482225142e-05
1.55657344166e-08	5.33652273589e-05
1.55698274149e-08	4.96933425893e-05
1.55739204132e-08	3.68644323316e-05
1.55780134114e-08	1.9615781639e-05
1.55821064097e-08	1.47039054355e-06
1.55861994079e-08	-1.60166327987e-05
1.55902924062e-08	-3.26375520672e-05
1.55943854045e-08	-4.8303125368e-05
1.55984784027e-08	-6.20731007075e-05
1.5602571401e-08	-7.18815499567e-05
1.56066643993e-08	-7.49422470108e-05
1.56107573975e-08	-6.85511404299e-05
1.56148503958e-08	-5.10388163093e-05
1.56189433941e-08	-2.27275741054e-05
1.56230363923e-08	1.33427929541e-05
1.56271293906e-08	5.12586047989e-05
1.56312223889e-08	8.31417419249e-05
1.56353153871e-08	0.000101234822068
1.56394083854e-08	0.0001007068131
1.56435013837e-08	8.19747219793e-05
1.56475943819e-08	5.12089609401e-05
1.56516873802e-08	1.83196862054e-05
1.56557803785e-08	-7.04498233972e-06
1.56598733767e-08	-1.96464825422e-05
1.5663966375e-08	-2.08187666431e-05
1.56680593732e-08	-1.72585205291e-05
1.56721523715e-08	-1.69398517755e-05
1.56762453698e-08	-2.4281336664e-05
1.5680338368e-08	-3.73656002921e-05
1.56844313663e-08	-4.89910125907e-05
1.56885243646e-08	-5.11258440383e-05
1.56926173628e-08	-4.03002341045e-05
1.56967103611e-08	-2.06057047762e-05
1.57008033594e-08	-2.26351949095e-06
1.57048963576e-08	3.84120494346e-06
1.57089893559e-08	-7.30452575226e-06
1.57130823542e-08	-3.10474824801e-05
1.57171753524e-08	-5.44967115275e-05
1.57212683507e-08	-6.28155175946e-05
1.5725361349e-08	-4.70714039693e-05
1.57294543472e-08	-9.37199547479e-06
1.57335473455e-08	3.77542928618e-05
1.57376403438e-08	7.74988875492e-05
1.5741733342e-08	9.71752160694e-05
1.57458263403e-08	9.42525221035e-05
1.57499193385e-08	7.670361083e-05
1.57540123368e-08	5.76301754336e-05
1.57581053351e-08	4.72917236038e-05
1.57621983333e-08	4.72423344036e-05
1.57662913316e-08	4.98739937029e-05
1.57703843299e-08	4.36246700701e-05
1.57744773281e-08	2.06766053452e-05
1.57785703264e-08	-1.74059459823e-05
1.57826633247e-08	-5.94826233282e-05
1.57867563229e-08	-9.03252075659e-05
1.57908493212e-08	-9.86831219052e-05
1.57949423195e-08	-8.34182501421e-05
1.57990353177e-08	-5.42038542335e-05
1.5803128316e-08	-2.64733444055e-05
1.58072213143e-08	-1.34073707159e-05
1.58113143125e-08	-1.93834221136e-05
1.58154073108e-08	-3.83147380489e-05
1.58195003091e-08	-5.75072990614e-05
1.58235933073e-08	-6.4642430516e-05
1.58276863056e-08	-5.39388565812e-05
1.58317793038e-08	-2.83148037852e-05
1.58358723021e-08	3.22274627251e-06
1.58399653004e-08	3.10362593154e-05
1.58440582986e-08	4.98626322951e-05
1.58481512969e-08	6.06480934948e-05
1.58522442952e-08	6.85315026203e-05
1.58563372934e-08	7.8542616393e-05
1.58604302917e-08	9.17340730666e-05
1.586452329e-08	0.000103967679024
1.58686162882e-08	0.000107919702714
1.58727092865e-08	9.6989555459e-05
1.58768022848e-08	6.89472071826e-05
1.5880895283e-08	2.7424257496e-05
1.58849882813e-08	-1.92683801288e-05
1.58890812796e-08	-6.11983559793e-05
1.58931742778e-08	-9.01766034076e-05
1.58972672761e-08	-0.000102038029581
1.59013602743e-08	-9.72576308413e-05
1.59054532726e-08	-8.00632842584e-05
1.59095462709e-08	-5.67622373637e-05
1.59136392691e-08	-3.3852589695e-05
1.59177322674e-08	-1.6396983483e-05
1.59218252657e-08	-6.86356361257e-06
1.59259182639e-08	-4.70259965368e-06
1.59300112622e-08	-6.86963994667e-06
1.59341042605e-08	-9.26803932089e-06
1.59381972587e-08	-8.69696032169e-06
1.5942290257e-08	-4.36320351582e-06
1.59463832553e-08	1.8744776753e-06
1.59504762535e-08	6.90182423568e-06
1.59545692518e-08	8.69765972311e-06
1.59586622501e-08	8.25025745144e-06
1.59627552483e-08	9.63159436651e-06
1.59668482466e-08	1.7750870029e-05
1.59709412449e-08	3.48301146005e-05
1.59750342431e-08	5.7615347032e-05
1.59791272414e-08	7.73880819906e-05
1.59832202396e-08	8.33555095596e-05
1.59873132379e-08	6.80901212036e-05
1.59914062362e-08	3.21658371831e-05
1.59954992344e-08	-1.47894297697e-05
1.59995922327e-08	-5.76382699364e-05
1.6003685231e-08	-8.24457092676e-05
1.60077782292e-08	-8.2900034613e-05
1.60118712275e-08	-6.30398790236e-05
1.60159642258e-08	-3.46646666003e-05
1.6020057224e-08	-1.08316125988e-05
1.60241502223e-08	9.90992020888e-07
1.60282432206e-08	2.26493330047e-06
1.60323362188e-08	1.33967932925e-06
1.60364292171e-08	7.33429624233e-06
1.60405222154e-08	2.35881852859e-05
1.60446152136e-08	4.47464626632e-05
1.60487082119e-08	5.934429646e-05
1.60528012102e-08	5.65928930882e-05
1.60568942084e-08	3.33974603564e-05
1.60609872067e-08	-2.60595061263e-06
1.60650802049e-08	-3.60564336006e-05
1.60691732032e-08	-5.1526894822e-05
1.60732662015e-08	-4.1683393647e-05
1.60773591997e-08	-1.1426216588e-05
1.6081452198e-08	2.43735867116e-05
1.60855451963e-08	4.83378498757e-05
1.60896381945e-08	4.92230064992e-05
1.60937311928e-08	2.7098110877e-05
1.60978241911e-08	-7.54422671889e-06
1.61019171893e-08	-3.99526979891e-05
1.61060101876e-08	-5.88972907281e-05
1.61101031859e-08	-6.17406549281e-05
1.61141961841e-08	-5.42190791748e-05
1.61182891824e-08	-4.55237932329e-05
1.61223821807e-08	-4.18805429945e-05
1.61264751789e-08	-4.25393009209e-05
1.61305681772e-08	-4.0438339056e-05
1.61346611754e-08	-2.69951924565e-05
1.61387541737e-08	1.92413290279e-06
1.6142847172e-08	4.2422892875e-05
1.61469401702e-08	8.34368984215e-05
1.61510331685e-08	0.00011159828864
1.61551261668e-08	0.000117389121442
1.6159219165e-08	9.93921785266e-05
1.61633121633e-08	6.45516847726e-05
1.61674051616e-08	2.46548297582e-05
1.61714981598e-08	-8.91313538887e-06
1.61755911581e-08	-2.94521505566e-05
1.61796841564e-08	-3.64325896953e-05
1.61837771546e-08	-3.4056185541e-05
1.61878701529e-08	-2.81574411929e-05
1.61919631512e-08	-2.33262471738e-05
1.61960561494e-08	-2.14858227991e-05
1.62001491477e-08	-2.21878217417e-05
1.6204242146e-08	-2.38987904595e-05
1.62083351442e-08	-2.53161961155e-05
1.62124281425e-08	-2.60572269326e-05
1.62165211407e-08	-2.66053957603e-05
1.6220614139e-08	-2.78310672002e-05
1.62247071373e-08	-3.03694832837e-05
1.62288001355e-08	-3.40785118169e-05
1.62328931338e-08	-3.76200769097e-05
1.62369861321e-08	-3.83480146411e-05
1.62410791303e-08	-3.27706984535e-05
1.62451721286e-08	-1.77857364179e-05
1.62492651269e-08	7.50858635001e-06
1.62533581251e-08	4.02395635319e-05
1.62574511234e-08	7.34486675356e-05
1.62615441217e-08	9.78108510026e-05
1.62656371199e-08	0.000105078222987
1.62697301182e-08	9.18683872442e-05
1.62738231165e-08	6.1805563746e-05
1.62779161147e-08	2.45699575316e-05
1.6282009113e-08	-8.06733260106e-06
1.62861021113e-08	-2.74769954558e-05
1.62901951095e-08	-3.19324935845e-05
1.62942881078e-08	-2.68324292847e-05
1.6298381106e-08	-2.10900525417e-05
1.63024741043e-08	-2.16733824345e-05
1.63065671026e-08	-2.93874400086e-05
1.63106601008e-08	-3.84686100006e-05
1.63147530991e-08	-4.03725425713e-05
1.63188460974e-08	-2.96129837807e-05
1.63229390956e-08	-8.15755720396e-06
1.63270320939e-08	1.45128688018e-05
1.63311250922e-08	2.60661872744e-05
1.63352180904e-08	1.83287593245e-05
1.63393110887e-08	-7.39590859666e-06
1.6343404087e-08	-3.99292439397e-05
1.63474970852e-08	-6.33547315374e-05
1.63515900835e-08	-6.50872971164e-05
1.63556830818e-08	-4.25067119068e-05
1.635977608e-08	-4.43805947725e-06
1.63638690783e-08	3.34184915118e-05
1.63679620765e-08	5.6609747844e-05
1.63720550748e-08	5.91364769207e-05
1.63761480731e-08	4.57796777482e-05
1.63802410713e-08	2.84132256638e-05
1.63843340696e-08	1.85609060281e-05
1.63884270679e-08	2.05886899494e-05
1.63925200661e-08	2.94300043606e-05
1.63966130644e-08	3.40884289471e-05
1.64007060627e-08	2.47524476436e-05
1.64047990609e-08	-6.8697045208e-07
1.64088920592e-08	-3.45635562553e-05
1.64129850575e-08	-6.30229551462e-05
1.64170780557e-08	-7.32514163246e-05
1.6421171054e-08	-6.02685067861e-05
1.64252640523e-08	-2.95198278764e-05
1.64293570505e-08	6.04659908277e-06
1.64334500488e-08	3.2672254747e-05
1.64375430471e-08	4.24707322964e-05
1.64416360453e-08	3.65742926078e-05
1.64457290436e-08	2.32952588703e-05
1.64498220418e-08	1.27311286633e-05
1.64539150401e-08	1.1015092241e-05
1.64580080384e-08	1.73818334588e-05
1.64621010366e-08	2.53728867392e-05
1.64661940349e-08	2.71225962933e-05
1.64702870332e-08	1.80859206012e-05
1.64743800314e-08	-4.49850176665e-07
1.64784730297e-08	-2.21927330131e-05
1.6482566028e-08	-3.92730544263e-05
1.64866590262e-08	-4.616285878e-05
1.64907520245e-08	-4.20343421865e-05
1.64948450228e-08	-3.05608482449e-05
1.6498938021e-08	-1.7644953914e-05
1.65030310193e-08	-8.51895129017e-06
1.65071240176e-08	-5.65859591006e-06
1.65112170158e-08	-8.29905275168e-06
1.65153100141e-08	-1.33463436214e-05
1.65194030124e-08	-1.69805844052e-05
1.65234960106e-08	-1.61515490618e-05
1.65275890089e-08	-9.54634560912e-06
1.65316820071e-08	2.06721551876e-06
1.65357750054e-08	1.60918916663e-05
1.65398680037e-08	2.88730261673e-05
1.65439610019e-08	3.69712761312e-05
1.65480540002e-08	3.85856874345e-05
1.65521469985e-08	3.45778025803e-05
1.65562399967e-08	2.83658373519e-05
1.6560332995e-08	2.44148741331e-05
1.65644259933e-08	2.57834326476e-05
1.65685189915e-08	3.19344326272e-05
1.65726119898e-08	3.82447542506e-05
1.65767049881e-08	3.78573604394e-05
1.65807979863e-08	2.53181224252e-05
1.65848909846e-08	1.08044105218e-07
1.65889839829e-08	-3.1983039662e-05
1.65930769811e-08	-6.08356422163e-05
1.65971699794e-08	-7.6623102359e-05
1.66012629777e-08	-7.47469239286e-05
1.66053559759e-08	-5.83222717978e-05
1.66094489742e-08	-3.65769374184e-05
1.66135419724e-08	-1.9851126126e-05
1.66176349707e-08	-1.38461782626e-05
1.6621727969e-08	-1.64769007824e-05
1.66258209672e-08	-1.92575953406e-05
1.66299139655e-08	-1.26432778416e-05
1.66340069638e-08	7.68158406572e-06
1.6638099962e-08	3.72925132979e-05
1.66421929603e-08	6.45671607344e-05
1.66462859586e-08	7.66956873122e-05
1.66503789568e-08	6.68794018566e-05
1.66544719551e-08	3.86076098948e-05
1.66585649534e-08	4.39222048954e-06
1.66626579516e-08	-2.05436808756e-05
1.66667509499e-08	-2.62114408542e-05
1.66708439482e-08	-1.30222497319e-05
1.66749369464e-08	8.74422585184e-06
1.66790299447e-08	2.48723117693e-05
1.66831229429e-08	2.51802084676e-05
1.66872159412e-08	9.03002728592e-06
1.66913089395e-08	-1.47137543536e-05
1.66954019377e-08	-3.31199335051e-05
1.6699494936e-08	-3.68409637304e-05
1.67035879343e-08	-2.55068462138e-05
1.67076809325e-08	-7.80561549618e-06
1.67117739308e-08	3.74039427697e-06
1.67158669291e-08	2.31631872794e-07
1.67199599273e-08	-1.82370276889e-05
1.67240529256e-08	-4.23091769335e-05
1.67281459239e-08	-5.83457949688e-05
1.67322389221e-08	-5.57414568902e-05
1.67363319204e-08	-3.25389737554e-05
1.67404249187e-08	3.69518647858e-06
1.67445179169e-08	3.99751697842e-05
1.67486109152e-08	6.451435911e-05
1.67527039135e-08	7.2171271313e-05
1.67567969117e-08	6.58938370179e-05
1.676088991e-08	5.3805510106e-05
1.67649829082e-08	4.38989263785e-05
1.67690759065e-08	3.95305687562e-05
1.67731689048e-08	3.80945384677e-05
1.6777261903e-08	3.33216630679e-05
1.67813549013e-08	1.9573893951e-05
1.67854478996e-08	-4.45004206995e-06
1.67895408978e-08	-3.45582266164e-05
1.67936338961e-08	-6.29193382338e-05
1.67977268944e-08	-8.16447500256e-05
1.68018198926e-08	-8.61679873196e-05
1.68059128909e-08	-7.6793738117e-05
1.68100058892e-08	-5.79960687901e-05
1.68140988874e-08	-3.61841630365e-05
1.68181918857e-08	-1.71720057551e-05
1.6822284884e-08	-4.46302556156e-06
1.68263778822e-08	1.30817534227e-06
1.68304708805e-08	1.90431410374e-06
1.68345638788e-08	4.95002950629e-07
1.6838656877e-08	4.8202105063e-07
1.68427498753e-08	4.38720235252e-06
1.68468428735e-08	1.29946074594e-05
1.68509358718e-08	2.5002815164e-05
1.68550288701e-08	3.75255913241e-05
1.68591218683e-08	4.73874533782e-05
1.68632148666e-08	5.27903357579e-05
1.68673078649e-08	5.43873575225e-05
1.68714008631e-08	5.49743854208e-05
1.68754938614e-08	5.76114871365e-05
1.68795868597e-08	6.30392678431e-05
1.68836798579e-08	6.79615695844e-05
1.68877728562e-08	6.55606199871e-05
1.68918658545e-08	4.85628988827e-05
1.68959588527e-08	1.35449427034e-05
1.6900051851e-08	-3.58030738425e-05
1.69041448493e-08	-8.85991612449e-05
1.69082378475e-08	-0.000130446336698
1.69123308458e-08	-0.000149366838741
1.6916423844e-08	-0.000141051059472
1.69205168423e-08	-0.00011057802476
1.69246098406e-08	-6.95854832884e-05
1.69287028388e-08	-3.03443848679e-05
1.69327958371e-08	9.49512468651e-09
1.69368888354e-08	2.18559816858e-05
1.69409818336e-08	4.08069463447e-05
1.69450748319e-08	6.21977233095e-05
1.69491678302e-08	8.58399362187e-05
1.69532608284e-08	0.00010442531493
1.69573538267e-08	0.000106919695099
1.6961446825e-08	8.52508237585e-05
1.69655398232e-08	4.04304300901e-05
1.69696328215e-08	-1.56642108777e-05
1.69737258198e-08	-6.43979001325e-05
1.6977818818e-08	-8.85223053047e-05
1.69819118163e-08	-8.0226760474e-05
1.69860048146e-08	-4.47591446573e-05
1.69900978128e-08	2.29855595535e-06
1.69941908111e-08	4.26249098382e-05
1.69982838093e-08	6.3540021074e-05
1.70023768076e-08	6.27641784376e-05
1.70064698059e-08	4.73727704957e-05
1.70105628041e-08	2.79940577457e-05
1.70146558024e-08	1.20035801956e-05
1.70187488007e-08	-2.83720510197e-07
1.70228417989e-08	-1.43189299706e-05
1.70269347972e-08	-3.60037047358e-05
1.70310277955e-08	-6.58351782477e-05
1.70351207937e-08	-9.62739577517e-05
1.7039213792e-08	-0.000114217706141
1.70433067903e-08	-0.000107363550342
1.70473997885e-08	-7.1036425652e-05
1.70514927868e-08	-1.16597257147e-05
1.70555857851e-08	5.50636796106e-05
1.70596787833e-08	0.000110358552774
1.70637717816e-08	0.000139819036121
1.70678647799e-08	0.00013843497436
1.70719577781e-08	0.000111119210487
1.70760507764e-08	6.90244269208e-05
1.70801437746e-08	2.40813678829e-05
1.70842367729e-08	-1.53591354319e-05
1.70883297712e-08	-4.59230650449e-05
1.70924227694e-08	-6.77062926115e-05
1.70965157677e-08	-8.15137755126e-05
1.7100608766e-08	-8.68309434736e-05
1.71047017642e-08	-8.17817635834e-05
1.71087947625e-08	-6.48046916467e-05
1.71128877608e-08	-3.68172295566e-05
1.7116980759e-08	-2.35554216488e-06
1.71210737573e-08	3.10677751258e-05
1.71251667556e-08	5.51387856831e-05
1.71292597538e-08	6.34565585642e-05
1.71333527521e-08	5.363796663e-05
1.71374457504e-08	2.8162057788e-05
1.71415387486e-08	-6.19810998614e-06
1.71456317469e-08	-4.00016870117e-05
1.71497247452e-08	-6.34222960798e-05
1.71538177434e-08	-6.87393476255e-05
1.71579107417e-08	-5.2575218433e-05
1.71620037399e-08	-1.7266789655e-05
1.71660967382e-08	2.92803160846e-05
1.71701897365e-08	7.55602668505e-05
1.71742827347e-08	0.000109898996016
1.7178375733e-08	0.000124161218992
1.71824687313e-08	0.0001161748296
1.71865617295e-08	8.97328063729e-05
1.71906547278e-08	5.21577385371e-05
1.71947477261e-08	1.07425403257e-05
1.71988407243e-08	-2.99734274449e-05
1.72029337226e-08	-6.85535778757e-05
1.72070267209e-08	-0.000104557460872
1.72111197191e-08	-0.000135514594149
1.72152127174e-08	-0.000155258356244
1.72193057157e-08	-0.0001553051261
1.72233987139e-08	-0.000129062333144
1.72274917122e-08	-7.67588499002e-05
1.72315847104e-08	-8.03141119832e-06
1.72356777087e-08	5.99174891249e-05
1.7239770707e-08	0.000108410269604
1.72438637052e-08	0.000124954662169
1.72479567035e-08	0.000108610780444
1.72520497018e-08	7.01963435858e-05
1.72561427e-08	2.70341806754e-05
1.72602356983e-08	-5.05565549247e-06
1.72643286966e-08	-1.84075033758e-05
1.72684216948e-08	-1.53895853146e-05
1.72725146931e-08	-4.86869612359e-06
1.72766076914e-08	4.36885602539e-06
1.72807006896e-08	9.19687590795e-06
1.72847936879e-08	1.3390525055e-05
1.72888866862e-08	2.39063738263e-05
1.72929796844e-08	4.45928744739e-05
1.72970726827e-08	7.14260822861e-05
1.7301165681e-08	9.25024214666e-05
1.73052586792e-08	9.32909315452e-05
1.73093516775e-08	6.44628089503e-05
1.73134446757e-08	7.94423067418e-06
1.7317537674e-08	-6.23394516879e-05
1.73216306723e-08	-0.000125734717585
1.73257236705e-08	-0.000163537348271
1.73298166688e-08	-0.000166680125403
1.73339096671e-08	-0.000138606104883
1.73380026653e-08	-9.22004692256e-05
1.73420956636e-08	-4.28341008956e-05
1.73461886619e-08	-1.44328669194e-06
1.73502816601e-08	2.87740131171e-05
1.73543746584e-08	5.0834070862e-05
1.73584676567e-08	6.91718887538e-05
1.73625606549e-08	8.49104690133e-05
1.73666536532e-08	9.41501566558e-05
1.73707466515e-08	9.02388346731e-05
1.73748396497e-08	6.85040431563e-05
1.7378932648e-08	3.04681707348e-05
1.73830256463e-08	-1.50563691932e-05
1.73871186445e-08	-5.48040225112e-05
1.73912116428e-08	-7.63666248531e-05
1.7395304641e-08	-7.3301816883e-05
1.73993976393e-08	-4.75342276332e-05
1.74034906376e-08	-8.13609949546e-06
1.74075836358e-08	3.26112131006e-05
1.74116766341e-08	6.37885386823e-05
1.74157696324e-08	7.90186022641e-05
1.74198626306e-08	7.72821367718e-05
1.74239556289e-08	6.16670513409e-05
1.74280486272e-08	3.72234389943e-05
1.74321416254e-08	9.08092442842e-06
1.74362346237e-08	-1.85455010069e-05
1.7440327622e-08	-4.25388025178e-05
1.74444206202e-08	-6.06639841862e-05
1.74485136185e-08	-7.13360932423e-05
1.74526066168e-08	-7.35023568268e-05
1.7456699615e-08	-6.66028281557e-05
1.74607926133e-08	-5.06217693328e-05
1.74648856115e-08	-2.63512374659e-05
1.74689786098e-08	4.06756726079e-06
1.74730716081e-08	3.65256637451e-05
1.74771646063e-08	6.48125787848e-05
1.74812576046e-08	8.15695093479e-05
1.74853506029e-08	8.05159215815e-05
1.74894436011e-08	5.9282683651e-05
1.74935365994e-08	2.14888168557e-05
1.74976295977e-08	-2.334407327e-05
1.75017225959e-08	-6.26090477454e-05
1.75058155942e-08	-8.52611410664e-05
1.75099085925e-08	-8.62371962285e-05
1.75140015907e-08	-6.83453254169e-05
1.7518094589e-08	-4.0518163587e-05
1.75221875873e-08	-1.31685483211e-05
1.75262805855e-08	6.89639000484e-06
1.75303735838e-08	1.92156257981e-05
1.75344665821e-08	2.85274545604e-05
1.75385595803e-08	4.04275924666e-05
1.75426525786e-08	5.65083901165e-05
1.75467455768e-08	7.20500538591e-05
1.75508385751e-08	7.79944821261e-05
1.75549315734e-08	6.63041137159e-05
1.75590245716e-08	3.56888522219e-05
1.75631175699e-08	-5.85436328038e-06
1.75672105682e-08	-4.35963302152e-05
1.75713035664e-08	-6.27675835858e-05
1.75753965647e-08	-5.5951095419e-05
1.7579489563e-08	-2.70945383818e-05
1.75835825612e-08	1.0178584489e-05
1.75876755595e-08	3.92208021367e-05
1.75917685578e-08	4.8433576012e-05
1.7595861556e-08	3.64390070899e-05
1.75999545543e-08	1.16570499813e-05
1.76040475526e-08	-1.32539298647e-05
1.76081405508e-08	-2.87462826236e-05
1.76122335491e-08	-3.32956406055e-05
1.76163265474e-08	-3.31322225975e-05
1.76204195456e-08	-3.71760870621e-05
1.76245125439e-08	-5.03553965245e-05
1.76286055421e-08	-6.9409594289e-05
1.76326985404e-08	-8.38010601001e-05
1.76367915387e-08	-8.13087899587e-05
1.76408845369e-08	-5.51745397388e-05
1.76449775352e-08	-8.67803828442e-06
1.76490705335e-08	4.54667897429e-05
1.76531635317e-08	9.06570567167e-05
1.765725653e-08	0.000113895970571
1.76613495283e-08	0.000111282526632
1.76654425265e-08	8.87868154678e-05
1.76695355248e-08	5.8233323216e-05
1.76736285231e-08	3.10142131639e-05
1.76777215213e-08	1.297570725e-05
1.76818145196e-08	3.03299293591e-06
1.76859075179e-08	-4.27524446422e-06
1.76900005161e-08	-1.42189228427e-05
1.76940935144e-08	-2.81430129689e-05
1.76981865126e-08	-4.26269762102e-05
1.77022795109e-08	-5.17196531291e-05
1.77063725092e-08	-5.06985779793e-05
1.77104655074e-08	-3.90364148188e-05
1.77145585057e-08	-2.09673926292e-05
1.7718651504e-08	-3.4900403989e-06
1.77227445022e-08	6.94379923516e-06
1.77268375005e-08	7.25978816263e-06
1.77309304988e-08	-1.1861375242e-06
1.7735023497e-08	-1.35896061693e-05
1.77391164953e-08	-2.39298624365e-05
1.77432094936e-08	-2.73229961749e-05
1.77473024918e-08	-2.15775635297e-05
1.77513954901e-08	-7.62145100452e-06
1.77554884884e-08	1.10226610559e-05
1.77595814866e-08	2.93915709335e-05
1.77636744849e-08	4.252160943e-05
1.77677674832e-08	4.69550941489e-05
1.77718604814e-08	4.19176612922e-05
1.77759534797e-08	2.97345286526e-05
1.77800464779e-08	1.50801133714e-05
1.77841394762e-08	3.10011728288e-06
1.77882324745e-08	-2.89134572995e-06
1.77923254727e-08	-3.03205320051e-06
1.7796418471e-08	-7.95228515926e-07
1.78005114693e-08	-1.00155216387e-06
1.78046044675e-08	-6.83494363329e-06
1.78086974658e-08	-1.75923196366e-05
1.78127904641e-08	-2.86371996481e-05
1.78168834623e-08	-3.3886753954e-05
1.78209764606e-08	-2.96077178064e-05
1.78250694589e-08	-1.72658437805e-05
1.78291624571e-08	-3.51374956153e-06
1.78332554554e-08	3.13891814585e-06
1.78373484537e-08	-2.66217284661e-06
1.78414414519e-08	-1.92303523363e-05
1.78455344502e-08	-3.75948184228e-05
1.78496274485e-08	-4.55013978353e-05
1.78537204467e-08	-3.38030076819e-05
1.7857813445e-08	-1.85055296242e-06
1.78619064432e-08	4.12498811784e-05
1.78659994415e-08	8.04406663519e-05
1.78700924398e-08	0.000101758261735
1.7874185438e-08	9.88787360257e-05
1.78782784363e-08	7.5625590398e-05
1.78823714346e-08	4.31446387665e-05
1.78864644328e-08	1.34184210765e-05
1.78905574311e-08	-7.08338984623e-06
1.78946504294e-08	-2.00063186639e-05
1.78987434276e-08	-3.25201908709e-05
1.79028364259e-08	-5.12376063853e-05
1.79069294242e-08	-7.64292126405e-05
1.79110224224e-08	-0.000100194331026
1.79151154207e-08	-0.000109978587716
1.7919208419e-08	-9.55942887231e-05
1.79233014172e-08	-5.58097708563e-05
1.79273944155e-08	-5.8513978729e-07
1.79314874138e-08	5.25271025253e-05
1.7935580412e-08	8.61110747792e-05
1.79396734103e-08	9.0719157015e-05
1.79437664085e-08	6.8726039899e-05
1.79478594068e-08	3.23790882248e-05
1.79519524051e-08	-2.68135090664e-06
1.79560454033e-08	-2.47549214691e-05
1.79601384016e-08	-3.04650020553e-05
1.79642313999e-08	-2.42275746132e-05
1.79683243981e-08	-1.37415672725e-05
1.79724173964e-08	-4.557577995e-06
1.79765103947e-08	3.00508054352e-06
1.79806033929e-08	1.29373020172e-05
1.79846963912e-08	2.95223053399e-05
1.79887893895e-08	5.28892669536e-05
1.79928823877e-08	7.70323749748e-05
1.7996975386e-08	9.16125063668e-05
1.80010683843e-08	8.66456466611e-05
1.80051613825e-08	5.75811718591e-05
1.80092543808e-08	8.06891785032e-06
1.8013347379e-08	-5.09031960974e-05
1.80174403773e-08	-0.0001049804996
1.80215333756e-08	-0.000141468000947
1.80256263738e-08	-0.000153176210006
1.80297193721e-08	-0.00013970801956
1.80338123704e-08	-0.000106214123662
1.80379053686e-08	-6.07780821156e-05
1.80419983669e-08	-1.17892132039e-05
1.80460913652e-08	3.37251549354e-05
1.80501843634e-08	7.07150029484e-05
1.80542773617e-08	9.60208199103e-05
1.805837036e-08	0.000108111606096
1.80624633582e-08	0.00010687806207
1.80665563565e-08	9.34542986215e-05
1.80706493548e-08	7.00192540535e-05
1.8074742353e-08	3.95821334678e-05
1.80788353513e-08	5.9271696955e-06
1.80829283496e-08	-2.63257024926e-05
1.80870213478e-08	-5.17763619428e-05
1.80911143461e-08	-6.49106950732e-05
1.80952073443e-08	-6.16259785602e-05
1.80993003426e-08	-4.12783774664e-05
1.81033933409e-08	-8.27623443911e-06
1.81074863391e-08	2.80183357972e-05
1.81115793374e-08	5.57027378818e-05
1.81156723357e-08	6.45578402327e-05
1.81197653339e-08	5.03229930473e-05
1.81238583322e-08	1.68851402123e-05
1.81279513305e-08	-2.49958684435e-05
1.81320443287e-08	-6.21172730462e-05
1.8136137327e-08	-8.43440648168e-05
1.81402303253e-08	-8.84375258465e-05
1.81443233235e-08	-7.82066272222e-05
1.81484163218e-08	-6.10285351286e-05
1.81525093201e-08	-4.28406856372e-05
1.81566023183e-08	-2.46397066803e-05
1.81606953166e-08	-2.68719759333e-06
1.81647883149e-08	2.76523496723e-05
1.81688813131e-08	6.67682470521e-05
1.81729743114e-08	0.000107735708298
1.81770673096e-08	0.000137637645821
1.81811603079e-08	0.000143112629303
1.81852533062e-08	0.000117345844046
1.81893463044e-08	6.45961554255e-05
1.81934393027e-08	-4.9376512834e-07
1.8197532301e-08	-5.88327129663e-05
1.82016252992e-08	-9.51046022237e-05
1.82057182975e-08	-0.0001040493662
1.82098112958e-08	-9.15368291317e-05
1.8213904294e-08	-7.00771342963e-05
1.82179972923e-08	-5.1447939768e-05
1.82220902906e-08	-4.0623908717e-05
1.82261832888e-08	-3.43428073393e-05
1.82302762871e-08	-2.48124270001e-05
1.82343692854e-08	-6.11369250691e-06
1.82384622836e-08	2.07287048397e-05
1.82425552819e-08	4.71315979667e-05
1.82466482801e-08	6.12768199062e-05
1.82507412784e-08	5.4901745898e-05
1.82548342767e-08	2.85921960312e-05
1.82589272749e-08	-7.51714333092e-06
1.82630202732e-08	-3.81826757803e-05
1.82671132715e-08	-5.02417824464e-05
1.82712062697e-08	-3.8730831875e-05
1.8275299268e-08	-8.75164005265e-06
1.82793922663e-08	2.76545179076e-05
1.82834852645e-08	5.76614547754e-05
1.82875782628e-08	7.34390778234e-05
1.82916712611e-08	7.45939469198e-05
1.82957642593e-08	6.6443652031e-05
1.82998572576e-08	5.55839287699e-05
1.83039502559e-08	4.55969275208e-05
1.83080432541e-08	3.53129253199e-05
1.83121362524e-08	2.03675499506e-05
1.83162292507e-08	-3.16009186463e-06
1.83203222489e-08	-3.53527029802e-05
1.83244152472e-08	-7.12464388926e-05
1.83285082454e-08	-0.000102438054455
1.83326012437e-08	-0.00012048924691
1.8336694242e-08	-0.00012033557141
1.83407872402e-08	-0.000102057711047
1.83448802385e-08	-7.04498961568e-05
1.83489732368e-08	-3.2932490285e-05
1.8353066235e-08	3.02652188111e-06
1.83571592333e-08	3.18813508784e-05
1.83612522316e-08	5.08893026563e-05
1.83653452298e-08	5.99735394644e-05
1.83694382281e-08	6.09945600445e-05
1.83735312264e-08	5.67659408262e-05
1.83776242246e-08	5.00430032844e-05
1.83817172229e-08	4.26440819865e-05
1.83858102212e-08	3.49571855622e-05
1.83899032194e-08	2.61358109128e-05
1.83939962177e-08	1.50744408529e-05
1.8398089216e-08	1.81244377018e-06
1.84021822142e-08	-1.1444239135e-05
1.84062752125e-08	-2.05240612559e-05
1.84103682107e-08	-2.10090383916e-05
1.8414461209e-08	-1.08397553049e-05
1.84185542073e-08	7.62178706282e-06
1.84226472055e-08	2.75141683233e-05
1.84267402038e-08	3.99312848458e-05
1.84308332021e-08	3.80061319447e-05
1.84349262003e-08	2.05703727261e-05
1.84390191986e-08	-6.72933583701e-06
1.84431121969e-08	-3.37998571922e-05
1.84472051951e-08	-5.09384044562e-05
1.84512981934e-08	-5.36411826033e-05
1.84553911917e-08	-4.46649719379e-05
1.84594841899e-08	-3.20698418363e-05
1.84635771882e-08	-2.4224857043e-05
1.84676701865e-08	-2.46137824433e-05
1.84717631847e-08	-2.95479676424e-05
1.8475856183e-08	-3.02896696667e-05
1.84799491812e-08	-1.85654898814e-05
1.84840421795e-08	7.69672169554e-06
1.84881351778e-08	4.1845945816e-05
1.8492228176e-08	7.09698579158e-05
1.84963211743e-08	8.22346046334e-05
1.85004141726e-08	6.96966890246e-05
1.85045071708e-08	3.77584910893e-05
1.85086001691e-08	-7.98539076641e-07
1.85126931674e-08	-3.12016854878e-05
1.85167861656e-08	-4.40289113612e-05
1.85208791639e-08	-3.94377784687e-05
1.85249721622e-08	-2.60235028691e-05
1.85290651604e-08	-1.50843707161e-05
1.85331581587e-08	-1.3693852452e-05
1.8537251157e-08	-2.062051135e-05
1.85413441552e-08	-2.73973546427e-05
1.85454371535e-08	-2.38704687945e-05
1.85495301518e-08	-4.89510875923e-06
1.855362315e-08	2.57486681221e-05
1.85577161483e-08	5.65761765756e-05
1.85618091465e-08	7.41067924537e-05
1.85659021448e-08	6.9880639785e-05
1.85699951431e-08	4.49073559139e-05
1.85740881413e-08	9.13456824492e-06
1.85781811396e-08	-2.36103933275e-05
1.85822741379e-08	-4.23675810453e-05
1.85863671361e-08	-4.37968483311e-05
1.85904601344e-08	-3.26340741594e-05
1.85945531327e-08	-1.7980719349e-05
1.85986461309e-08	-7.85356678534e-06
1.86027391292e-08	-5.14268958796e-06
1.86068321275e-08	-7.03489786247e-06
1.86109251257e-08	-7.86181954027e-06
1.8615018124e-08	-3.3485575841e-06
1.86191111223e-08	6.31107104709e-06
1.86232041205e-08	1.63141885423e-05
1.86272971188e-08	1.99298265215e-05
1.86313901171e-08	1.23701265693e-05
1.86354831153e-08	-6.33939589534e-06
1.86395761136e-08	-3.09489987558e-05
1.86436691118e-08	-5.3066512919e-05
1.86477621101e-08	-6.45383697702e-05
1.86518551084e-08	-6.04493106948e-05
1.86559481066e-08	-4.05733298976e-05
1.86600411049e-08	-8.99370843399e-06
1.86641341032e-08	2.75292532024e-05
1.86682271014e-08	6.15777025814e-05
1.86723200997e-08	8.68017523317e-05
1.8676413098e-08	9.90608896245e-05
1.86805060962e-08	9.69718457782e-05
1.86845990945e-08	8.18833432277e-05
1.86886920928e-08	5.72754433961e-05
1.8692785091e-08	2.76455684798e-05
1.86968780893e-08	-2.81303391603e-06
1.87009710876e-08	-3.11704279738e-05
1.87050640858e-08	-5.5851021898e-05
1.87091570841e-08	-7.57620000513e-05
1.87132500824e-08	-8.90505034477e-05
1.87173430806e-08	-9.24896448851e-05
1.87214360789e-08	-8.23197333375e-05
1.87255290771e-08	-5.65253903915e-05
1.87296220754e-08	-1.74260567292e-05
1.87337150737e-08	2.7093305107e-05
1.87378080719e-08	6.50435831631e-05
1.87419010702e-08	8.44160240376e-05
1.87459940685e-08	7.82688221079e-05
1.87500870667e-08	4.82582618133e-05
1.8754180065e-08	4.55711096947e-06
1.87582730633e-08	-3.8144105929e-05
1.87623660615e-08	-6.67834538035e-05
1.87664590598e-08	-7.51289262553e-05
1.87705520581e-08	-6.54078903608e-05
1.87746450563e-08	-4.56041707366e-05
1.87787380546e-08	-2.41372072196e-05
1.87828310529e-08	-5.09151095685e-06
1.87869240511e-08	1.31714268718e-05
1.87910170494e-08	3.52175884473e-05
1.87951100476e-08	6.34024472674e-05
1.87992030459e-08	9.37248405535e-05
1.88032960442e-08	0.000115655595437
1.88073890424e-08	0.000116569106467
1.88114820407e-08	8.86553971213e-05
1.8815575039e-08	3.4448945371e-05
1.88196680372e-08	-3.23971253238e-05
1.88237610355e-08	-9.19456288102e-05
1.88278540338e-08	-0.000126256505609
1.8831947032e-08	-0.000126900122268
1.88360400303e-08	-9.79414908215e-05
1.88401330286e-08	-5.29723256477e-05
1.88442260268e-08	-8.04707724456e-06
1.88483190251e-08	2.55800223385e-05
1.88524120234e-08	4.51288651675e-05
1.88565050216e-08	5.48020580027e-05
1.88605980199e-08	6.06332760071e-05
1.88646910182e-08	6.51008303976e-05
1.88687840164e-08	6.49578942102e-05
1.88728770147e-08	5.35160579602e-05
1.88769700129e-08	2.59353091678e-05
1.88810630112e-08	-1.58650764206e-05
1.88851560095e-08	-6.18443373241e-05
1.88892490077e-08	-9.71516274149e-05
1.8893342006e-08	-0.000108574749902
1.88974350043e-08	-9.07317735255e-05
1.89015280025e-08	-4.88097211928e-05
1.89056210008e-08	3.55169595423e-06
1.89097139991e-08	5.00017958984e-05
1.89138069973e-08	7.79203110142e-05
1.89178999956e-08	8.25060415082e-05
1.89219929939e-08	6.69674336677e-05
1.89260859921e-08	3.9416965592e-05
1.89301789904e-08	8.57639952301e-06
1.89342719887e-08	-1.93647174456e-05
1.89383649869e-08	-4.15174981754e-05
1.89424579852e-08	-5.6999429944e-05
1.89465509835e-08	-6.50075817248e-05
1.89506439817e-08	-6.37801422272e-05
1.895473698e-08	-5.11128127982e-05
1.89588299782e-08	-2.6023510145e-05
1.89629229765e-08	9.57909105637e-06
1.89670159748e-08	5.02851908095e-05
1.8971108973e-08	8.8058935944e-05
1.89752019713e-08	0.000114253678476
1.89792949696e-08	0.00012194293231
1.89833879678e-08	0.000107820254925
1.89874809661e-08	7.31804466341e-05
1.89915739644e-08	2.38903485297e-05
1.89956669626e-08	-3.06338988594e-05
1.89997599609e-08	-7.93386425357e-05
1.90038529592e-08	-0.000112110566988
1.90079459574e-08	-0.000122512938106
1.90120389557e-08	-0.00010978501814
1.9016131954e-08	-7.92273349361e-05
1.90202249522e-08	-4.04704878747e-05
1.90243179505e-08	-4.10496932091e-06
1.90284109487e-08	2.20038564294e-05
1.9032503947e-08	3.50318441633e-05
1.90365969453e-08	3.7035177229e-05
1.90406899435e-08	3.25252804032e-05
1.90447829418e-08	2.52162717516e-05
1.90488759401e-08	1.59875926329e-05
1.90529689383e-08	3.32054787577e-06
1.90570619366e-08	-1.40117535921e-05
1.90611549349e-08	-3.38209065376e-05
1.90652479331e-08	-4.92660765303e-05
1.90693409314e-08	-5.08724842803e-05
1.90734339297e-08	-3.12776573992e-05
1.90775269279e-08	9.78107163974e-06
1.90816199262e-08	6.3177998527e-05
1.90857129245e-08	0.00011269049719
1.90898059227e-08	0.000141228651046
1.9093898921e-08	0.000138148912811
1.90979919193e-08	0.000103934769868
1.91020849175e-08	4.97518922202e-05
1.91061779158e-08	-7.88423949416e-06
1.9110270914e-08	-5.45578186575e-05
1.91143639123e-08	-8.35305763758e-05
1.91184569106e-08	-9.67106316239e-05
1.91225499088e-08	-0.000100837569335
1.91266429071e-08	-0.000101537203591
1.91307359054e-08	-9.89904365269e-05
1.91348289036e-08	-8.79108774825e-05
1.91389219019e-08	-6.18634294369e-05
1.91430149002e-08	-1.9184917619e-05
1.91471078984e-08	3.32502495439e-05
1.91512008967e-08	8.11218924355e-05
1.9155293895e-08	0.000108432279376
1.91593868932e-08	0.000105078208435
1.91634798915e-08	7.21219694242e-05
1.91675728898e-08	2.18373061216e-05
1.9171665888e-08	-2.75902966678e-05
1.91757588863e-08	-5.99929117016e-05
1.91798518846e-08	-6.77007046761e-05
1.91839448828e-08	-5.34779537702e-05
1.91880378811e-08	-2.73511086561e-05
1.91921308793e-08	-5.35446815775e-07
1.91962238776e-08	2.00138965738e-05
1.92003168759e-08	3.35992917826e-05
1.92044098741e-08	4.37120761489e-05
1.92085028724e-08	5.36943553016e-05
1.92125958707e-08	6.30748108961e-05
1.92166888689e-08	6.69073851896e-05
1.92207818672e-08	5.84849003644e-05
1.92248748655e-08	3.37362507707e-05
1.92289678637e-08	-5.33211004949e-06
1.9233060862e-08	-5.02202929056e-05
1.92371538603e-08	-8.88355716597e-05
1.92412468585e-08	-0.000110234053864
1.92453398568e-08	-0.000108826316136
1.92494328551e-08	-8.61278749653e-05
1.92535258533e-08	-4.95371350553e-05
1.92576188516e-08	-9.06565219339e-06
1.92617118499e-08	2.62348003162e-05
1.92658048481e-08	5.06808501086e-05
1.92698978464e-08	6.25609027338e-05
1.92739908446e-08	6.32968585705e-05
1.92780838429e-08	5.5996410083e-05
1.92821768412e-08	4.41442425654e-05
1.92862698394e-08	3.07871159748e-05
1.92903628377e-08	1.81393115781e-05
1.9294455836e-08	7.49229639041e-06
1.92985488342e-08	-6.80490302329e-07
1.93026418325e-08	-6.37189987174e-06
1.93067348308e-08	-9.54628831096e-06
1.9310827829e-08	-9.78045136435e-06
1.93149208273e-08	-6.40244888928e-06
1.93190138256e-08	7.02972101863e-07
1.93231068238e-08	1.00218094303e-05
1.93271998221e-08	1.78151767614e-05
1.93312928204e-08	1.884262565e-05
1.93353858186e-08	8.51334334584e-06
1.93394788169e-08	-1.43112465594e-05
1.93435718151e-08	-4.54080873169e-05
1.93476648134e-08	-7.56059744162e-05
1.93517578117e-08	-9.38739904086e-05
1.93558508099e-08	-9.19911763049e-05
1.93599438082e-08	-6.8496541644e-05
1.93640368065e-08	-2.98010163533e-05
1.93681298047e-08	1.24345815493e-05
1.9372222803e-08	4.64601362182e-05
1.93763158013e-08	6.5529042331e-05
1.93804087995e-08	7.01976387063e-05
1.93845017978e-08	6.66072155582e-05
1.93885947961e-08	6.18373014731e-05
1.93926877943e-08	5.90852505411e-05
1.93967807926e-08	5.56703853363e-05
1.94008737909e-08	4.51216583315e-05
1.94049667891e-08	2.22243797907e-05
1.94090597874e-08	-1.20858967421e-05
1.94131527857e-08	-4.91433529533e-05
1.94172457839e-08	-7.56720182835e-05
1.94213387822e-08	-8.02373979241e-05
1.94254317804e-08	-5.95438323217e-05
1.94295247787e-08	-2.09929294215e-05
1.9433617777e-08	2.02014380193e-05
1.94377107752e-08	4.79925511172e-05
1.94418037735e-08	5.29705721419e-05
1.94458967718e-08	3.63562066923e-05
1.944998977e-08	8.49682510307e-06
1.94540827683e-08	-1.71353640326e-05
1.94581757666e-08	-3.10054165311e-05
1.94622687648e-08	-3.17354097206e-05
1.94663617631e-08	-2.5355075195e-05
1.94704547614e-08	-2.03605577553e-05
1.94745477596e-08	-2.174797919e-05
1.94786407579e-08	-2.76482187473e-05
1.94827337562e-08	-3.05383946397e-05
1.94868267544e-08	-2.22359758482e-05
1.94909197527e-08	3.68407199858e-07
1.9495012751e-08	3.2309020753e-05
1.94991057492e-08	6.21368017164e-05
1.95031987475e-08	7.7331198554e-05
1.95072917457e-08	7.0575006248e-05
1.9511384744e-08	4.3513806304e-05
1.95154777423e-08	6.03841181146e-06
1.95195707405e-08	-2.83764893538e-05
1.95236637388e-08	-4.87235010951e-05
1.95277567371e-08	-5.07993427163e-05
1.95318497353e-08	-3.78806580557e-05
1.95359427336e-08	-1.7902437321e-05
1.95400357319e-08	9.54057554736e-07
1.95441287301e-08	1.3768777535e-05
1.95482217284e-08	1.99100613827e-05
1.95523147267e-08	2.15563632082e-05
1.95564077249e-08	2.11004262383e-05
1.95605007232e-08	1.91849794646e-05
1.95645937215e-08	1.44529767567e-05
1.95686867197e-08	4.93260859002e-06
1.9572779718e-08	-1.00172828752e-05
1.95768727162e-08	-2.84185298369e-05
1.95809657145e-08	-4.5804779802e-05
1.95850587128e-08	-5.66245071241e-05
1.9589151711e-08	-5.62146124139e-05
1.95932447093e-08	-4.2488481995e-05
1.95973377076e-08	-1.6791975213e-05
1.96014307058e-08	1.61797888723e-05
1.96055237041e-08	4.93072075187e-05
1.96096167024e-08	7.45754659874e-05
1.96137097006e-08	8.50549840834e-05
1.96178026989e-08	7.6937751146e-05
1.96218956972e-08	5.10791651323e-05
1.96259886954e-08	1.32992281578e-05
1.96300816937e-08	-2.70222863037e-05
1.9634174692e-08	-5.9836114815e-05
1.96382676902e-08	-7.78049361543e-05
1.96423606885e-08	-7.86459931987e-05
1.96464536868e-08	-6.53262613923e-05
1.9650546685e-08	-4.39226569142e-05
1.96546396833e-08	-2.03423824132e-05
1.96587326815e-08	2.28637759392e-06
1.96628256798e-08	2.40099543589e-05
1.96669186781e-08	4.6036344429e-05
1.96710116763e-08	6.76753406879e-05
1.96751046746e-08	8.43808593345e-05
1.96791976729e-08	8.86299458216e-05
1.96832906711e-08	7.36120346119e-05
1.96873836694e-08	3.79302728106e-05
1.96914766677e-08	-1.15479660963e-05
1.96955696659e-08	-6.07808251516e-05
1.96996626642e-08	-9.36821452342e-05
1.97037556625e-08	-9.90212574834e-05
1.97078486607e-08	-7.56003137212e-05
1.9711941659e-08	-3.29234098899e-05
1.97160346573e-08	1.31645019792e-05
1.97201276555e-08	4.76420245832e-05
1.97242206538e-08	6.2586441345e-05
1.97283136521e-08	5.93381446379e-05
1.97324066503e-08	4.57165733678e-05
1.97364996486e-08	3.02107146126e-05
1.97405926468e-08	1.67365797097e-05
1.97446856451e-08	3.08508947455e-06
1.97487786434e-08	-1.61273528647e-05
1.97528716416e-08	-4.39734249085e-05
1.97569646399e-08	-7.67815654399e-05
1.97610576382e-08	-0.000103801852674
1.97651506364e-08	-0.000111623754492
1.97692436347e-08	-9.11500028451e-05
1.9773336633e-08	-4.32720626122e-05
1.97774296312e-08	2.00453978323e-05
1.97815226295e-08	8.01234346e-05
1.97856156278e-08	0.000119276577607
1.9789708626e-08	0.000127970473841
1.97938016243e-08	0.000107928986836
1.97978946226e-08	6.99122465448e-05
1.98019876208e-08	2.77748295048e-05
1.98060806191e-08	-7.82388724474e-06
1.98101736173e-08	-3.28035966959e-05
1.98142666156e-08	-4.88385485369e-05
1.98183596139e-08	-5.95072779106e-05
1.98224526121e-08	-6.61834710627e-05
1.98265456104e-08	-6.63386890665e-05
1.98306386087e-08	-5.51962220925e-05
1.98347316069e-08	-2.96011385217e-05
1.98388246052e-08	8.4232633526e-06
1.98429176035e-08	5.07068580191e-05
1.98470106017e-08	8.53223464219e-05
1.98511036e-08	0.000101203622762
1.98551965983e-08	9.26511274884e-05
1.98592895965e-08	6.15861135884e-05
1.98633825948e-08	1.66082063515e-05
1.98674755931e-08	-3.03978085867e-05
1.98715685913e-08	-6.83989928802e-05
1.98756615896e-08	-9.02987230802e-05
1.98797545879e-08	-9.40319514484e-05
1.98838475861e-08	-8.18325497676e-05
1.98879405844e-08	-5.85047746426e-05
1.98920335826e-08	-2.9701506719e-05
1.98961265809e-08	-6.87893816576e-07
1.99002195792e-08	2.429145934e-05
1.99043125774e-08	4.23066740041e-05
1.99084055757e-08	5.1814946346e-05
1.9912498574e-08	5.25460782228e-05
1.99165915722e-08	4.51871746918e-05
1.99206845705e-08	3.09647257382e-05
1.99247775688e-08	1.14603035399e-05
1.9928870567e-08	-1.11837780423e-05
1.99329635653e-08	-3.37030214723e-05
1.99370565636e-08	-5.14024068252e-05
1.99411495618e-08	-5.87109170738e-05
1.99452425601e-08	-5.09400269948e-05
1.99493355584e-08	-2.67262621492e-05
1.99534285566e-08	1.00789047792e-05
1.99575215549e-08	5.04087147419e-05
1.99616145532e-08	8.25292299851e-05
1.99657075514e-08	9.63554703048e-05
1.99698005497e-08	8.76812991919e-05
1.99738935479e-08	6.00921921432e-05
1.99779865462e-08	2.34046237892e-05
1.99820795445e-08	-1.08031190393e-05
1.99861725427e-08	-3.43304309354e-05
1.9990265541e-08	-4.54606415587e-05
1.99943585393e-08	-4.84019547002e-05
1.99984515375e-08	-4.94619016536e-05
2.00025445358e-08	-5.2308645536e-05
2.00066375341e-08	-5.52273304493e-05
2.00107305323e-08	-5.21703768754e-05
2.00148235306e-08	-3.71015885321e-05
2.00189165289e-08	-9.04461103346e-06
2.00230095271e-08	2.53707949014e-05
2.00271025254e-08	5.37905361853e-05
2.00311955237e-08	6.38142373646e-05
2.00352885219e-08	4.95226995554e-05
2.00393815202e-08	1.52054471982e-05
2.00434745185e-08	-2.59952939814e-05
2.00475675167e-08	-5.80070809519e-05
2.0051660515e-08	-6.92872999934e-05
2.00557535132e-08	-5.78502804274e-05
2.00598465115e-08	-3.12741431117e-05
2.00639395098e-08	-1.86364104593e-06
2.0068032508e-08	2.01725342777e-05
2.00721255063e-08	3.16466102959e-05
2.00762185046e-08	3.67897482647e-05
2.00803115028e-08	4.31360531365e-05
2.00844045011e-08	5.55925798835e-05
2.00884974994e-08	7.2326452937e-05
2.00925904976e-08	8.50139404065e-05
2.00966834959e-08	8.33499361761e-05
2.01007764942e-08	6.12089497736e-05
2.01048694924e-08	2.08983983612e-05
2.01089624907e-08	-2.70079362963e-05
2.0113055489e-08	-6.81957244524e-05
2.01171484872e-08	-9.10848320927e-05
2.01212414855e-08	-9.17731813388e-05
2.01253344837e-08	-7.49832834117e-05
2.0129427482e-08	-5.07969816681e-05
2.01335204803e-08	-2.92056574835e-05
2.01376134785e-08	-1.55454235937e-05
2.01417064768e-08	-9.04584430828e-06
2.01457994751e-08	-4.90174170409e-06
2.01498924733e-08	1.78280470209e-06
2.01539854716e-08	1.25890046547e-05
2.01580784699e-08	2.48151518463e-05
2.01621714681e-08	3.32415875164e-05
2.01662644664e-08	3.33408170263e-05
2.01703574647e-08	2.4030712666e-05
2.01744504629e-08	8.43106590764e-06
2.01785434612e-08	-7.54722532292e-06
2.01826364595e-08	-1.79112994374e-05
2.01867294577e-08	-1.90637110791e-05
2.0190822456e-08	-1.09766224341e-05
2.01949154543e-08	3.24054008161e-06
2.01990084525e-08	1.88643625734e-05
2.02031014508e-08	3.12966112688e-05
2.0207194449e-08	3.73969633074e-05
2.02112874473e-08	3.60868471034e-05
2.02153804456e-08	2.83617373498e-05
2.02194734438e-08	1.679351044e-05
2.02235664421e-08	4.68070356874e-06
2.02276594404e-08	-5.08185166836e-06
2.02317524386e-08	-1.11081108116e-05
2.02358454369e-08	-1.41138280014e-05
2.02399384352e-08	-1.65458022821e-05
2.02440314334e-08	-2.11477745324e-05
2.02481244317e-08	-2.90678126476e-05
2.025221743e-08	-3.85278144677e-05
2.02563104282e-08	-4.50653642474e-05
2.02604034265e-08	-4.35535403085e-05
2.02644964248e-08	-3.1150997529e-05
2.0268589423e-08	-9.5568557299e-06
2.02726824213e-08	1.49326160681e-05
2.02767754196e-08	3.39683610946e-05
2.02808684178e-08	4.11898945458e-05
2.02849614161e-08	3.56046875822e-05
2.02890544143e-08	2.22758753807e-05
2.02931474126e-08	9.69105349213e-06
2.02972404109e-08	5.06012111146e-06
2.03013334091e-08	1.01571677078e-05
2.03054264074e-08	2.0160454369e-05
2.03095194057e-08	2.63662604993e-05
2.03136124039e-08	2.13952680497e-05
2.03177054022e-08	3.93905611418e-06
2.03217984005e-08	-1.97827903321e-05
2.03258913987e-08	-3.89470042137e-05
2.0329984397e-08	-4.39387513325e-05
2.03340773953e-08	-3.18555539707e-05
2.03381703935e-08	-8.47859064379e-06
2.03422633918e-08	1.45422991409e-05
2.03463563901e-08	2.58523141383e-05
2.03504493883e-08	2.04978587135e-05
2.03545423866e-08	2.51134656537e-06
2.03586353848e-08	-1.74789220182e-05
2.03627283831e-08	-2.82937544398e-05
2.03668213814e-08	-2.44270850089e-05
2.03709143796e-08	-8.93196556717e-06
2.03750073779e-08	8.65530000738e-06
2.03791003762e-08	1.80921924766e-05
2.03831933744e-08	1.45116691783e-05
2.03872863727e-08	1.29979662233e-06
2.0391379371e-08	-1.19186097436e-05
2.03954723692e-08	-1.49652760228e-05
2.03995653675e-08	-3.20801837006e-06
2.04036583658e-08	1.94512758753e-05
2.0407751364e-08	4.23813762609e-05
2.04118443623e-08	5.3774780099e-05
2.04159373606e-08	4.68547914352e-05
2.04200303588e-08	2.33013433899e-05
2.04241233571e-08	-7.79894708103e-06
2.04282163554e-08	-3.47516106558e-05
2.04323093536e-08	-4.89762751386e-05
2.04364023519e-08	-4.86034514324e-05
2.04404953501e-08	-3.82213183912e-05
2.04445883484e-08	-2.53251819231e-05
2.04486813467e-08	-1.5785528376e-05
2.04527743449e-08	-1.09209995571e-05
2.04568673432e-08	-7.68443442212e-06
2.04609603415e-08	-1.46414231494e-06
2.04650533397e-08	1.03282163764e-05
2.0469146338e-08	2.61051536654e-05
2.04732393363e-08	4.05130267609e-05
2.04773323345e-08	4.7074547183e-05
2.04814253328e-08	4.15012218582e-05
2.04855183311e-08	2.39048476942e-05
2.04896113293e-08	-1.07859796117e-06
2.04937043276e-08	-2.61321201833e-05
2.04977973259e-08	-4.3969725084e-05
2.05018903241e-08	-4.97121654917e-05
2.05059833224e-08	-4.20755823143e-05
2.05100763207e-08	-2.329189374e-05
2.05141693189e-08	1.87540763363e-06
2.05182623172e-08	2.75012571365e-05
2.05223553154e-08	4.78973670397e-05
2.05264483137e-08	5.88502880419e-05
2.0530541312e-08	5.85139205214e-05
2.05346343102e-08	4.77198700537e-05
2.05387273085e-08	2.948160909e-05
2.05428203068e-08	7.76044544182e-06
2.0546913305e-08	-1.40200163514e-05
2.05510063033e-08	-3.39498692483e-05
2.05550993016e-08	-5.14958082931e-05
2.05591922998e-08	-6.62816819386e-05
2.05632852981e-08	-7.6589116361e-05
2.05673782964e-08	-7.87560202298e-05
2.05714712946e-08	-6.83074322296e-05
2.05755642929e-08	-4.25874641223e-05
2.05796572912e-08	-3.57890667146e-06
2.05837502894e-08	4.09396197938e-05
2.05878432877e-08	7.90943377069e-05
2.05919362859e-08	9.9212556961e-05
2.05960292842e-08	9.48414817685e-05
2.06001222825e-08	6.79166987538e-05
2.06042152807e-08	2.82406872429e-05
2.0608308279e-08	-1.07386567834e-05
2.06124012773e-08	-3.77887990908e-05
2.06164942755e-08	-4.84071788378e-05
2.06205872738e-08	-4.56267771369e-05
2.06246802721e-08	-3.68483269995e-05
2.06287732703e-08	-2.86621725536e-05
2.06328662686e-08	-2.27926429943e-05
2.06369592669e-08	-1.56250534928e-05
2.06410522651e-08	-1.58038756126e-06
2.06451452634e-08	2.17446868191e-05
2.06492382617e-08	5.00037021993e-05
2.06533312599e-08	7.25923746359e-05
2.06574242582e-08	7.73953070166e-05
2.06615172565e-08	5.73722027184e-05
2.06656102547e-08	1.52892407641e-05
2.0669703253e-08	-3.62445680366e-05
2.06737962512e-08	-7.98113978817e-05
2.06778892495e-08	-0.000100800214568
2.06819822478e-08	-9.37215154408e-05
2.0686075246e-08	-6.39747668174e-05
2.06901682443e-08	-2.43560170929e-05
2.06942612426e-08	1.1591870134e-05
2.06983542408e-08	3.56974996976e-05
2.07024472391e-08	4.75432025269e-05
2.07065402374e-08	5.22639602423e-05
2.07106332356e-08	5.54871148779e-05
2.07147262339e-08	5.87671311223e-05
2.07188192322e-08	5.8289457229e-05
2.07229122304e-08	4.75990054838e-05
2.07270052287e-08	2.25755229621e-05
2.0731098227e-08	-1.44571386045e-05
2.07351912252e-08	-5.40911278222e-05
2.07392842235e-08	-8.32992664073e-05
2.07433772218e-08	-9.12144896574e-05
2.074747022e-08	-7.42343690945e-05
2.07515632183e-08	-3.776387166e-05
2.07556562165e-08	6.14352347839e-06
2.07597492148e-08	4.39251707576e-05
2.07638422131e-08	6.57562341075e-05
2.07679352113e-08	6.84820697643e-05
2.07720282096e-08	5.52708370378e-05
2.07761212079e-08	3.27588204527e-05
2.07802142061e-08	7.61147566664e-06
2.07843072044e-08	-1.57286503963e-05
2.07884002027e-08	-3.5296430724e-05
2.07924932009e-08	-5.03824012412e-05
2.07965861992e-08	-6.00400162512e-05
2.08006791975e-08	-6.24481399427e-05
2.08047721957e-08	-5.54930920771e-05
2.0808865194e-08	-3.81028148695e-05
2.08129581923e-08	-1.14651447802e-05
2.08170511905e-08	2.05853284569e-05
2.08211441888e-08	5.21955516888e-05
2.08252371871e-08	7.68377358327e-05
2.08293301853e-08	8.88815848157e-05
2.08334231836e-08	8.49796051625e-05
2.08375161818e-08	6.50523652439e-05
2.08416091801e-08	3.26959343511e-05
2.08457021784e-08	-5.19706873092e-06
2.08497951766e-08	-3.98055817641e-05
2.08538881749e-08	-6.26825931249e-05
2.08579811732e-08	-6.84106635163e-05
2.08620741714e-08	-5.66253947909e-05
2.08661671697e-08	-3.23278363794e-05
2.0870260168e-08	-4.08454570788e-06
2.08743531662e-08	1.9327568225e-05
2.08784461645e-08	3.2309533708e-05
2.08825391628e-08	3.4192653402e-05
2.0886632161e-08	2.84454217763e-05
2.08907251593e-08	1.98031739274e-05
2.08948181576e-08	1.10628498078e-05
2.08989111558e-08	1.50101470808e-06
2.09030041541e-08	-1.19767673823e-05
2.09070971523e-08	-3.15994984703e-05
2.09111901506e-08	-5.5426844483e-05
2.09152831489e-08	-7.63155621826e-05
2.09193761471e-08	-8.4300612798e-05
2.09234691454e-08	-7.14986090316e-05
2.09275621437e-08	-3.69801200577e-05
2.09316551419e-08	1.13026999315e-05
2.09357481402e-08	5.89831252e-05
2.09398411385e-08	9.12535761017e-05
2.09439341367e-08	9.9382501503e-05
2.0948027135e-08	8.43649249873e-05
2.09521201333e-08	5.57700259378e-05
2.09562131315e-08	2.64127229457e-05
2.09603061298e-08	5.8357436501e-06
2.09643991281e-08	-3.86168085242e-06
2.09684921263e-08	-7.62984018365e-06
2.09725851246e-08	-1.30044109028e-05
2.09766781229e-08	-2.43830691034e-05
2.09807711211e-08	-3.95537390432e-05
2.09848641194e-08	-5.06374672113e-05
2.09889571176e-08	-4.88907571707e-05
2.09930501159e-08	-3.05655448756e-05
2.09971431142e-08	-2.22240942094e-07
2.10012361124e-08	3.0578346923e-05
2.10053291107e-08	4.87158467877e-05
2.1009422109e-08	4.61281961179e-05
2.10135151072e-08	2.39794244408e-05
2.10176081055e-08	-7.8965058492e-06
2.10217011038e-08	-3.59670666512e-05
2.1025794102e-08	-4.9603611842e-05
2.10298871003e-08	-4.58327085653e-05
2.10339800986e-08	-2.98162303807e-05
2.10380730968e-08	-1.11761100925e-05
2.10421660951e-08	1.55802808877e-06
2.10462590934e-08	5.19896730111e-06
2.10503520916e-08	2.67555287792e-06
2.10544450899e-08	2.7656454904e-07
2.10585380882e-08	3.26591543853e-06
2.10626310864e-08	1.25636906887e-05
2.10667240847e-08	2.43082085944e-05
2.10708170829e-08	3.23549938912e-05
2.10749100812e-08	3.20514154737e-05
2.10790030795e-08	2.30367859331e-05
2.10830960777e-08	9.53467497311e-06
2.1087189076e-08	-1.89845457044e-06
2.10912820743e-08	-5.78657818551e-06
2.10953750725e-08	-4.46414560429e-07
2.10994680708e-08	1.13139249152e-05
2.11035610691e-08	2.36513587879e-05
2.11076540673e-08	3.03376909869e-05
2.11117470656e-08	2.7276975743e-05
2.11158400639e-08	1.3832627701e-05
2.11199330621e-08	-7.26469170331e-06
2.11240260604e-08	-3.10725808959e-05
2.11281190587e-08	-5.19846580573e-05
2.11322120569e-08	-6.5161526436e-05
2.11363050552e-08	-6.76079434925e-05
2.11403980534e-08	-5.87860849919e-05
2.11444910517e-08	-4.07150801038e-05
2.114858405e-08	-1.73866174009e-05
2.11526770482e-08	6.42654322291e-06
2.11567700465e-08	2.66782881226e-05
2.11608630448e-08	4.11998917116e-05
2.1164956043e-08	4.98937261e-05
2.11690490413e-08	5.37956366315e-05
2.11731420396e-08	5.35260915058e-05
2.11772350378e-08	4.81960450998e-05
2.11813280361e-08	3.56602467946e-05
2.11854210344e-08	1.43102215588e-05
2.11895140326e-08	-1.45397616507e-05
2.11936070309e-08	-4.52319727628e-05
2.11977000292e-08	-6.86477142153e-05
2.12017930274e-08	-7.55365254008e-05
2.12058860257e-08	-6.09070448263e-05
2.1209979024e-08	-2.72169436357e-05
2.12140720222e-08	1.563652404e-05
2.12181650205e-08	5.39193824807e-05
2.12222580187e-08	7.57332309149e-05
2.1226351017e-08	7.59539034334e-05
2.12304440153e-08	5.78739964112e-05
2.12345370135e-08	3.07405425701e-05
2.12386300118e-08	4.5686242629e-06
2.12427230101e-08	-1.47889386426e-05
2.12468160083e-08	-2.76008868241e-05
2.12509090066e-08	-3.82199941669e-05
2.12550020049e-08	-5.04878698848e-05
2.12590950031e-08	-6.35763935861e-05
2.12631880014e-08	-7.10619860911e-05
2.12672809997e-08	-6.4148378442e-05
2.12713739979e-08	-3.73256516468e-05
2.12754669962e-08	6.79799859427e-06
2.12795599945e-08	5.66274029552e-05
2.12836529927e-08	9.55940558924e-05
2.1287745991e-08	0.000109307220555
2.12918389893e-08	9.21792161535e-05
2.12959319875e-08	5.00600435771e-05
2.13000249858e-08	-2.48677565651e-06
2.1304117984e-08	-4.880574852e-05
2.13082109823e-08	-7.71367704147e-05
2.13123039806e-08	-8.44765745569e-05
2.13163969788e-08	-7.56495937821e-05
2.13204899771e-08	-5.87006361457e-05
2.13245829754e-08	-3.96222530981e-05
2.13286759736e-08	-1.95717220777e-05
2.13327689719e-08	3.99804775952e-06
2.13368619702e-08	3.33462376148e-05
2.13409549684e-08	6.63659593556e-05
2.13450479667e-08	9.52378031798e-05
2.1349140965e-08	0.000108956650365
2.13532339632e-08	9.85349324765e-05
2.13573269615e-08	6.2081940996e-05
2.13614199598e-08	6.92146386427e-06
2.1365512958e-08	-5.24691567989e-05
2.13696059563e-08	-9.97612514766e-05
2.13736989545e-08	-0.000122729034047
2.13777919528e-08	-0.000117138406495
2.13818849511e-08	-8.71039010235e-05
2.13859779493e-08	-4.22834273195e-05
2.13900709476e-08	6.24806671112e-06
2.13941639459e-08	4.94091436849e-05
2.13982569441e-08	8.15177190816e-05
2.14023499424e-08	9.98347604764e-05
2.14064429407e-08	0.000103269034298
2.14105359389e-08	9.14956035558e-05
2.14146289372e-08	6.50795482215e-05
2.14187219355e-08	2.63358469965e-05
2.14228149337e-08	-1.98758789338e-05
2.1426907932e-08	-6.622580986e-05
2.14310009303e-08	-0.00010406151705
2.14350939285e-08	-0.000125329941511
2.14391869268e-08	-0.000124561120174
2.14432799251e-08	-0.000100345510873
2.14473729233e-08	-5.59636027901e-05
2.14514659216e-08	8.92544221642e-07
2.14555589198e-08	5.92849901295e-05
2.14596519181e-08	0.00010705558816
2.14637449164e-08	0.000133511959575
2.14678379146e-08	0.000132288841996
2.14719309129e-08	0.000103483442217
2.14760239112e-08	5.40991022717e-05
2.14801169094e-08	-3.73389366359e-06
2.14842099077e-08	-5.63920475543e-05
2.1488302906e-08	-9.29086963879e-05
2.14923959042e-08	-0.000107934800326
2.14964889025e-08	-0.00010223883146
2.15005819008e-08	-8.07385222288e-05
2.1504674899e-08	-4.93377410749e-05
2.15087678973e-08	-1.2462781342e-05
2.15128608956e-08	2.7287958801e-05
2.15169538938e-08	6.74086113577e-05
2.15210468921e-08	0.000103097911051
2.15251398904e-08	0.000126343162265
2.15292328886e-08	0.000127773892018
2.15333258869e-08	0.000100935387309
2.15374188851e-08	4.6829249186e-05
2.15415118834e-08	-2.40246245085e-05
2.15456048817e-08	-9.37679724302e-05
2.15496978799e-08	-0.000143227938679
2.15537908782e-08	-0.000159165603691
2.15578838765e-08	-0.000139309559017
2.15619768747e-08	-9.26377251744e-05
2.1566069873e-08	-3.48588946508e-05
2.15701628713e-08	1.85331791727e-05
2.15742558695e-08	5.80207415624e-05
2.15783488678e-08	8.18778789835e-05
2.15824418661e-08	9.36010328587e-05
2.15865348643e-08	9.7027834272e-05
2.15906278626e-08	9.24603809835e-05
2.15947208609e-08	7.63041680329e-05
2.15988138591e-08	4.44674151368e-05
2.16029068574e-08	-2.69716247203e-06
2.16069998557e-08	-5.72322314838e-05
2.16110928539e-08	-0.000104627019027
2.16151858522e-08	-0.00012910006626
2.16192788504e-08	-0.000120598866488
2.16233718487e-08	-7.98622932052e-05
2.1627464847e-08	-1.877687464e-05
2.16315578452e-08	4.4291082304e-05
2.16356508435e-08	9.18587466003e-05
2.16397438418e-08	0.000113771609904
2.164383684e-08	0.000109727698145
2.16479298383e-08	8.71581723914e-05
2.16520228366e-08	5.61341948924e-05
2.16561158348e-08	2.43847225647e-05
2.16602088331e-08	-4.99590896652e-06
2.16643018314e-08	-3.23924832628e-05
2.16683948296e-08	-5.84008812439e-05
2.16724878279e-08	-8.09293851489e-05
2.16765808262e-08	-9.46677100728e-05
2.16806738244e-08	-9.3381597253e-05
2.16847668227e-08	-7.36188885639e-05
2.16888598209e-08	-3.76295320166e-05
2.16929528192e-08	6.33125091554e-06
2.16970458175e-08	4.66091078124e-05
2.17011388157e-08	7.24329947843e-05
2.1705231814e-08	7.78145840741e-05
2.17093248123e-08	6.33382878732e-05
2.17134178105e-08	3.53136892954e-05
2.17175108088e-08	2.98613440464e-06
2.17216038071e-08	-2.47196021519e-05
2.17256968053e-08	-4.16324546677e-05
2.17297898036e-08	-4.53025531897e-05
2.17338828019e-08	-3.66821259377e-05
2.17379758001e-08	-1.90970786207e-05
2.17420687984e-08	2.9257589631e-06
2.17461617967e-08	2.46841391345e-05
2.17502547949e-08	4.21396180172e-05
2.17543477932e-08	5.25350260432e-05
2.17584407915e-08	5.46817573195e-05
2.17625337897e-08	4.87896541017e-05
2.1766626788e-08	3.58917168342e-05
2.17707197862e-08	1.72154195752e-05
2.17748127845e-08	-6.04003435001e-06
2.17789057828e-08	-3.22400446748e-05
2.1782998781e-08	-5.84488443565e-05
2.17870917793e-08	-7.98959590611e-05
2.17911847776e-08	-9.05857086764e-05
2.17952777758e-08	-8.53030214785e-05
2.17993707741e-08	-6.23142987024e-05
2.18034637724e-08	-2.53570906352e-05
2.18075567706e-08	1.65293167811e-05
2.18116497689e-08	5.17710832355e-05
2.18157427672e-08	7.07128638169e-05
2.18198357654e-08	6.96548231645e-05
2.18239287637e-08	5.2366653108e-05
2.1828021762e-08	2.81142165477e-05
2.18321147602e-08	7.08725201548e-06
2.18362077585e-08	-4.39439963884e-06
2.18403007568e-08	-6.34546086076e-06
2.1844393755e-08	-3.91182857129e-06
2.18484867533e-08	-3.31034789269e-06
2.18525797515e-08	-7.3580172284e-06
2.18566727498e-08	-1.33654839374e-05
2.18607657481e-08	-1.47700384332e-05
2.18648587463e-08	-5.64293577554e-06
2.18689517446e-08	1.46267029777e-05
2.18730447429e-08	3.94565431634e-05
2.18771377411e-08	5.74444711674e-05
2.18812307394e-08	5.79865554755e-05
2.18853237377e-08	3.71244677808e-05
2.18894167359e-08	2.92339791486e-07
2.18935097342e-08	-3.97409494326e-05
2.18976027325e-08	-6.88081345288e-05
2.19016957307e-08	-7.80131813372e-05
2.1905788729e-08	-6.75928895362e-05
2.19098817273e-08	-4.59486618638e-05
2.19139747255e-08	-2.45467435889e-05
2.19180677238e-08	-1.1647579413e-05
2.1922160722e-08	-8.35566515889e-06
2.19262537203e-08	-9.08452147996e-06
2.19303467186e-08	-5.88031434745e-06
2.19344397168e-08	6.06782850809e-06
2.19385327151e-08	2.50798311754e-05
2.19426257134e-08	4.3695763452e-05
2.19467187116e-08	5.2985669754e-05
2.19508117099e-08	4.78654183098e-05
2.19549047082e-08	3.02938151435e-05
2.19589977064e-08	8.52481389302e-06
2.19630907047e-08	-7.17584043741e-06
2.1967183703e-08	-9.8749933386e-06
2.19712767012e-08	5.16411375884e-07
2.19753696995e-08	1.74423239514e-05
2.19794626978e-08	3.12918382406e-05
2.1983555696e-08	3.43199571944e-05
2.19876486943e-08	2.42370879278e-05
2.19917416926e-08	4.74886428492e-06
2.19958346908e-08	-1.68829628819e-05
2.19999276891e-08	-3.36743578373e-05
2.20040206873e-08	-4.19699717895e-05
2.20081136856e-08	-4.23123747169e-05
2.20122066839e-08	-3.80400306312e-05
2.20162996821e-08	-3.27872548951e-05
2.20203926804e-08	-2.84215166175e-05
2.20244856787e-08	-2.4450251658e-05
2.20285786769e-08	-1.89455404325e-05
2.20326716752e-08	-1.01725463537e-05
2.20367646735e-08	2.08131609725e-06
2.20408576717e-08	1.61390908033e-05
2.204495067e-08	2.90389834845e-05
2.20490436683e-08	3.76461321139e-05
2.20531366665e-08	3.97375224566e-05
2.20572296648e-08	3.47018321918e-05
2.20613226631e-08	2.38038719544e-05
2.20654156613e-08	1.00048055174e-05
2.20695086596e-08	-2.65390144705e-06
2.20736016579e-08	-1.0141337043e-05
2.20776946561e-08	-9.86286249827e-06
2.20817876544e-08	-1.93690902961e-06
2.20858806526e-08	1.03371385194e-05
2.20899736509e-08	2.1389034373e-05
2.20940666492e-08	2.55481645581e-05
2.20981596474e-08	1.96676883206e-05
2.21022526457e-08	4.84594784211e-06
2.2106345644e-08	-1.38144205266e-05
2.21104386422e-08	-2.95304744213e-05
2.21145316405e-08	-3.71773821826e-05
2.21186246388e-08	-3.58249817509e-05
2.2122717637e-08	-2.89929357677e-05
2.21268106353e-08	-2.23118659051e-05
2.21309036336e-08	-1.98831585294e-05
2.21349966318e-08	-2.1475545509e-05
2.21390896301e-08	-2.23845217988e-05
2.21431826284e-08	-1.62817159435e-05
2.21472756266e-08	4.6396576181e-07
2.21513686249e-08	2.55373579421e-05
2.21554616232e-08	5.06724645675e-05
2.21595546214e-08	6.52495946269e-05
2.21636476197e-08	6.17626355961e-05
2.21677406179e-08	4.01600591431e-05
2.21718336162e-08	8.48384024721e-06
2.21759266145e-08	-2.07530902117e-05
2.21800196127e-08	-3.66746389773e-05
2.2184112611e-08	-3.53155555786e-05
2.21882056093e-08	-2.12135855691e-05
2.21922986075e-08	-4.42982718596e-06
2.21963916058e-08	5.26816984348e-06
2.22004846041e-08	3.74412775273e-06
2.22045776023e-08	-5.63372304896e-06
2.22086706006e-08	-1.46038692037e-05
2.22127635989e-08	-1.54272493091e-05
2.22168565971e-08	-5.91376829107e-06
2.22209495954e-08	9.0051389634e-06
2.22250425937e-08	2.00616341317e-05
2.22291355919e-08	1.9220789909e-05
2.22332285902e-08	4.75616707263e-06
2.22373215884e-08	-1.71723513631e-05
2.22414145867e-08	-3.54111689376e-05
2.2245507585e-08	-3.96482064389e-05
2.22496005832e-08	-2.59099251707e-05
2.22536935815e-08	1.24014400171e-06
2.22577865798e-08	3.09960378218e-05
2.2261879578e-08	5.17070693604e-05
2.22659725763e-08	5.64225483686e-05
2.22700655746e-08	4.5666594815e-05
2.22741585728e-08	2.6210967917e-05
2.22782515711e-08	6.87490864948e-06
2.22823445694e-08	-6.13246265857e-06
2.22864375676e-08	-1.17520048661e-05
2.22905305659e-08	-1.33921766974e-05
2.22946235642e-08	-1.57978465722e-05
2.22987165624e-08	-2.15620530071e-05
2.23028095607e-08	-2.93709381367e-05
2.2306902559e-08	-3.48689682141e-05
2.23109955572e-08	-3.34609976562e-05
2.23150885555e-08	-2.3286738724e-05
2.23191815537e-08	-6.66301730234e-06
2.2323274552e-08	1.07364521682e-05
2.23273675503e-08	2.24270006584e-05
2.23314605485e-08	2.39655364567e-05
2.23355535468e-08	1.47560003825e-05
2.23396465451e-08	-1.90062860383e-06
2.23437395433e-08	-2.02350565814e-05
2.23478325416e-08	-3.41101658705e-05
2.23519255399e-08	-3.88866246794e-05
2.23560185381e-08	-3.25347937178e-05
2.23601115364e-08	-1.59311148309e-05
2.23642045347e-08	7.52740061216e-06
2.23682975329e-08	3.27750021825e-05
2.23723905312e-08	5.4311050917e-05
2.23764835295e-08	6.75911651342e-05
2.23805765277e-08	7.02504039509e-05
2.2384669526e-08	6.26463079243e-05
2.23887625243e-08	4.7387657105e-05
2.23928555225e-08	2.79825253529e-05
2.23969485208e-08	7.2495358836e-06
2.2401041519e-08	-1.35675309139e-05
2.24051345173e-08	-3.44069740095e-05
2.24092275156e-08	-5.48784082639e-05
2.24133205138e-08	-7.26569123799e-05
2.24174135121e-08	-8.30645585665e-05
2.24215065104e-08	-8.05593590485e-05
2.24255995086e-08	-6.17273326498e-05
2.24296925069e-08	-2.81922239083e-05
2.24337855052e-08	1.23973431982e-05
2.24378785034e-08	4.83939002152e-05
2.24419715017e-08	6.8622372055e-05
2.24460645e-08	6.72505047987e-05
2.24501574982e-08	4.65350822196e-05
2.24542504965e-08	1.58152852237e-05
2.24583434948e-08	-1.28461670101e-05
2.2462436493e-08	-3.02158605336e-05
2.24665294913e-08	-3.36642988259e-05
2.24706224895e-08	-2.72467113973e-05
2.24747154878e-08	-1.81694322237e-05
2.24788084861e-08	-1.18565185403e-05
2.24829014843e-08	-8.61118041939e-06
2.24869944826e-08	-3.88190164813e-06
2.24910874809e-08	7.98330165708e-06
2.24951804791e-08	2.8865177228e-05
2.24992734774e-08	5.39490683877e-05
2.25033664757e-08	7.28844170226e-05
2.25074594739e-08	7.46788064134e-05
2.25115524722e-08	5.37970554433e-05
2.25156454705e-08	1.39989297168e-05
2.25197384687e-08	-3.24111060763e-05
2.2523831467e-08	-6.97534705978e-05
2.25279244653e-08	-8.59727952047e-05
2.25320174635e-08	-7.78084577178e-05
2.25361104618e-08	-5.15543433721e-05
2.25402034601e-08	-1.91835679288e-05
2.25442964583e-08	7.83174345997e-06
2.25483894566e-08	2.36073374253e-05
2.25524824548e-08	2.92410877591e-05
2.25565754531e-08	3.01682994177e-05
2.25606684514e-08	3.14367789542e-05
2.25647614496e-08	3.39228354278e-05
2.25688544479e-08	3.37683341058e-05
2.25729474462e-08	2.52635891229e-05
2.25770404444e-08	5.30048782821e-06
2.25811334427e-08	-2.33884366025e-05
2.2585226441e-08	-5.22759510204e-05
2.25893194392e-08	-7.04971898813e-05
2.25934124375e-08	-6.99084921507e-05
2.25975054358e-08	-4.90571328555e-05
2.2601598434e-08	-1.40205856951e-05
2.26056914323e-08	2.41936268139e-05
2.26097844306e-08	5.42505622434e-05
2.26138774288e-08	6.87359424774e-05
2.26179704271e-08	6.61902231514e-05
2.26220634254e-08	5.03604314872e-05
2.26261564236e-08	2.75877755485e-05
2.26302494219e-08	3.93920890929e-06
2.26343424201e-08	-1.6526928448e-05
2.26384354184e-08	-3.19085957017e-05
2.26425284167e-08	-4.15482063545e-05
2.26466214149e-08	-4.49939834652e-05
2.26507144132e-08	-4.16085749748e-05
2.26548074115e-08	-3.09435636154e-05
2.26589004097e-08	-1.34996098495e-05
2.2662993408e-08	8.71626070875e-06
2.26670864063e-08	3.21811530739e-05
2.26711794045e-08	5.23904382135e-05
2.26752724028e-08	6.47273482173e-05
2.26793654011e-08	6.54229006614e-05
2.26834583993e-08	5.25168870809e-05
2.26875513976e-08	2.67158739007e-05
2.26916443959e-08	-8.07258402347e-06
2.26957373941e-08	-4.49446888524e-05
2.26998303924e-08	-7.53152417019e-05
2.27039233906e-08	-9.12739778869e-05
2.27080163889e-08	-8.83293105289e-05
2.27121093872e-08	-6.73225367791e-05
2.27162023854e-08	-3.44570289599e-05
2.27202953837e-08	9.1054926088e-07
2.2724388382e-08	2.987607877e-05
2.27284813802e-08	4.73309955851e-05
2.27325743785e-08	5.33631973667e-05
2.27366673768e-08	5.19757377333e-05
2.2740760375e-08	4.79256777908e-05
2.27448533733e-08	4.35179754277e-05
2.27489463716e-08	3.73659859179e-05
2.27530393698e-08	2.5894254577e-05
2.27571323681e-08	6.75615956425e-06
2.27612253664e-08	-1.80467395694e-05
2.27653183646e-08	-4.15112444898e-05
2.27694113629e-08	-5.42847628822e-05
2.27735043612e-08	-4.94789637742e-05
2.27775973594e-08	-2.69807605946e-05
2.27816903577e-08	5.32782269147e-06
2.27857833559e-08	3.45425287378e-05
2.27898763542e-08	4.85776909045e-05
2.27939693525e-08	4.19351781602e-05
2.27980623507e-08	1.82713483809e-05
2.2802155349e-08	-1.16389655886e-05
2.28062483473e-08	-3.54638905264e-05
2.28103413455e-08	-4.53682623629e-05
2.28144343438e-08	-4.12840454374e-05
2.28185273421e-08	-2.97606165987e-05
2.28226203403e-08	-1.92530460481e-05
2.28267133386e-08	-1.47624796227e-05
2.28308063369e-08	-1.49928910105e-05
2.28348993351e-08	-1.36620437843e-05
2.28389923334e-08	-4.08174764743e-06
2.28430853317e-08	1.58139737323e-05
2.28471783299e-08	4.11101609643e-05
2.28512713282e-08	6.17669575149e-05
2.28553643265e-08	6.77613352309e-05
2.28594573247e-08	5.46435840079e-05
2.2863550323e-08	2.63676065515e-05
2.28676433212e-08	-6.24952781436e-06
2.28717363195e-08	-3.06290276058e-05
2.28758293178e-08	-3.83608130505e-05
2.2879922316e-08	-2.88479332085e-05
2.28840153143e-08	-8.91208037501e-06
2.28881083126e-08	1.11536410259e-05
2.28922013108e-08	2.276369014e-05
2.28962943091e-08	2.26544343604e-05
2.29003873074e-08	1.32893974296e-05
2.29044803056e-08	2.79698724626e-07
2.29085733039e-08	-1.13193327707e-05
2.29126663022e-08	-1.9612867618e-05
2.29167593004e-08	-2.60198467004e-05
2.29208522987e-08	-3.3217449527e-05
2.2924945297e-08	-4.23949095421e-05
2.29290382952e-08	-5.15856772836e-05
2.29331312935e-08	-5.61079286854e-05
2.29372242918e-08	-5.08120538143e-05
2.294131729e-08	-3.28630558215e-05
2.29454102883e-08	-3.55470683644e-06
2.29495032865e-08	3.16982477671e-05
2.29535962848e-08	6.50639703963e-05
2.29576892831e-08	8.88224458322e-05
2.29617822813e-08	9.76136216195e-05
2.29658752796e-08	8.97145509953e-05
2.29699682779e-08	6.71575544402e-05
2.29740612761e-08	3.4966662497e-05
2.29781542744e-08	-1.36491962621e-07
2.29822472727e-08	-3.12616539304e-05
2.29863402709e-08	-5.2875122492e-05
2.29904332692e-08	-6.20710925432e-05
2.29945262675e-08	-5.91564021306e-05
2.29986192657e-08	-4.72793035442e-05
2.3002712264e-08	-3.1066887459e-05
2.30068052623e-08	-1.48321742017e-05
2.30108982605e-08	-1.16572391562e-06
2.30149912588e-08	9.32922193897e-06
2.3019084257e-08	1.70382736542e-05
2.30231772553e-08	2.17903998418e-05
2.30272702536e-08	2.18774221139e-05
2.30313632518e-08	1.46056527228e-05
2.30354562501e-08	-1.69958912011e-06
2.30395492484e-08	-2.52795834967e-05
2.30436422466e-08	-4.98352965224e-05
2.30477352449e-08	-6.58803401166e-05
2.30518282432e-08	-6.44447936793e-05
2.30559212414e-08	-4.15161121055e-05
2.30600142397e-08	-8.50187461765e-07
2.3064107238e-08	4.65878438263e-05
2.30682002362e-08	8.6687708972e-05
2.30722932345e-08	0.000107900101284
2.30763862328e-08	0.000105813189293
2.3080479231e-08	8.42484732857e-05
2.30845722293e-08	5.24378046975e-05
2.30886652276e-08	1.99489622901e-05
2.30927582258e-08	-7.74339332565e-06
2.30968512241e-08	-3.05925714201e-05
2.31009442223e-08	-5.16754771525e-05
2.31050372206e-08	-7.28891318431e-05
2.31091302189e-08	-9.15762648219e-05
2.31132232171e-08	-0.000100454468338
2.31173162154e-08	-9.12460236577e-05
2.31214092137e-08	-6.00710518484e-05
2.31255022119e-08	-1.14059939733e-05
2.31295952102e-08	4.19924472226e-05
2.31336882085e-08	8.36327526486e-05
2.31377812067e-08	0.000100213801488
2.3141874205e-08	8.74278848642e-05
2.31459672033e-08	5.16684813192e-05
2.31500602015e-08	6.80493621985e-06
2.31541531998e-08	-3.21724728565e-05
2.31582461981e-08	-5.53108839085e-05
2.31623391963e-08	-6.06136309216e-05
2.31664321946e-08	-5.2655217587e-05
2.31705251929e-08	-3.8242280425e-05
2.31746181911e-08	-2.19684516196e-05
2.31787111894e-08	-4.31627404396e-06
2.31828041876e-08	1.68430524354e-05
2.31868971859e-08	4.25967700721e-05
2.31909901842e-08	6.97918731021e-05
2.31950831824e-08	9.054766997e-05
2.31991761807e-08	9.51064284891e-05
2.3203269179e-08	7.66141019994e-05
2.32073621772e-08	3.52280185325e-05
2.32114551755e-08	-2.07015509659e-05
2.32155481738e-08	-7.71371342125e-05
2.3219641172e-08	-0.000119328178698
2.32237341703e-08	-0.000136927847052
2.32278271686e-08	-0.000126994651509
2.32319201668e-08	-9.38956363825e-05
2.32360131651e-08	-4.66944256914e-05
2.32401061634e-08	4.38381039203e-06
2.32441991616e-08	5.07070071762e-05
2.32482921599e-08	8.64119938342e-05
2.32523851581e-08	0.000108156309579
2.32564781564e-08	0.000114354857942
2.32605711547e-08	0.000104719045339
2.32646641529e-08	8.04200462881e-05
2.32687571512e-08	4.45774167019e-05
2.32728501495e-08	2.45367755269e-06
2.32769431477e-08	-3.9007027226e-05
2.3281036146e-08	-7.23577686585e-05
2.32851291443e-08	-9.11302049644e-05
2.32892221425e-08	-9.12402610993e-05
2.32933151408e-08	-7.19787567505e-05
2.32974081391e-08	-3.64990082744e-05
2.33015011373e-08	8.28748306958e-06
2.33055941356e-08	5.25930227013e-05
2.33096871339e-08	8.55332473293e-05
2.33137801321e-08	9.77701420197e-05
2.33178731304e-08	8.43712186906e-05
2.33219661287e-08	4.69049082312e-05
2.33260591269e-08	-6.36042659607e-06
2.33301521252e-08	-6.25875254627e-05
2.33342451234e-08	-0.000108289852506
2.33383381217e-08	-0.000133522640681
2.334243112e-08	-0.000134533649543
2.33465241182e-08	-0.000113787973532
2.33506171165e-08	-7.75577573222e-05
2.33547101148e-08	-3.26157532982e-05
2.3358803113e-08	1.60728432093e-05
2.33628961113e-08	6.54028553981e-05
2.33669891096e-08	0.000112211884698
2.33710821078e-08	0.000151035259478
2.33751751061e-08	0.000173557418748
2.33792681044e-08	0.000170849642018
2.33833611026e-08	0.000137692128192
2.33874541009e-08	7.67261371948e-05
2.33915470992e-08	-1.80706138053e-07
2.33956400974e-08	-7.47467347537e-05
2.33997330957e-08	-0.000128462372231
2.3403826094e-08	-0.000149426967255
2.34079190922e-08	-0.00013654542272
2.34120120905e-08	-9.90465778159e-05
2.34161050887e-08	-5.16810578119e-05
2.3420198087e-08	-8.16675219539e-06
2.34242910853e-08	2.37345429923e-05
2.34283840835e-08	4.32428387285e-05
2.34324770818e-08	5.36822008144e-05
2.34365700801e-08	5.79731204198e-05
2.34406630783e-08	5.55241422262e-05
2.34447560766e-08	4.25601901952e-05
2.34488490749e-08	1.56611113198e-05
2.34529420731e-08	-2.38236407313e-05
2.34570350714e-08	-6.7492328526e-05
2.34611280697e-08	-0.000101654659375
2.34652210679e-08	-0.000112648966024
2.34693140662e-08	-9.31528338697e-05
2.34734070645e-08	-4.61352829007e-05
2.34775000627e-08	1.57058420882e-05
2.3481593061e-08	7.48450183892e-05
2.34856860592e-08	0.000115753879072
2.34897790575e-08	0.000130323940539
2.34938720558e-08	0.000119532181998
2.3497965054e-08	9.10186499823e-05
2.35020580523e-08	5.44273971173e-05
2.35061510506e-08	1.72041727637e-05
2.35102440488e-08	-1.7068690795e-05
2.35143370471e-08	-4.747435014e-05
2.35184300454e-08	-7.31063628336e-05
2.35225230436e-08	-9.10375383683e-05
2.35266160419e-08	-9.64674836723e-05
2.35307090402e-08	-8.50079522934e-05
2.35348020384e-08	-5.57714156457e-05
2.35388950367e-08	-1.33129015012e-05
2.3542988035e-08	3.28308815369e-05
2.35470810332e-08	7.09738596925e-05
2.35511740315e-08	9.12120012799e-05
2.35552670298e-08	8.86637208168e-05
2.3559360028e-08	6.47760389256e-05
2.35634530263e-08	2.63598376478e-05
2.35675460245e-08	-1.68715341715e-05
2.35716390228e-08	-5.51591001567e-05
2.35757320211e-08	-8.09289194876e-05
2.35798250193e-08	-9.00003360584e-05
2.35839180176e-08	-8.1833335571e-05
2.35880110159e-08	-5.90953204664e-05
2.35921040141e-08	-2.68221592705e-05
2.35961970124e-08	8.74007673701e-06
2.36002900107e-08	4.14237074438e-05
2.36043830089e-08	6.63269674988e-05
2.36084760072e-08	8.04904993856e-05
2.36125690055e-08	8.28776319395e-05
2.36166620037e-08	7.37724913051e-05
2.3620755002e-08	5.41149020137e-05
2.36248480003e-08	2.53606995102e-05
2.36289409985e-08	-9.92824425339e-06
2.36330339968e-08	-4.71737439511e-05
2.36371269951e-08	-7.94667212176e-05
2.36412199933e-08	-9.86494414974e-05
2.36453129916e-08	-9.78946336545e-05
2.36494059898e-08	-7.48296442907e-05
2.36534989881e-08	-3.35882723448e-05
2.36575919864e-08	1.56244805112e-05
2.36616849846e-08	5.97430007474e-05
2.36657779829e-08	8.76300982782e-05
2.36698709812e-08	9.42146507441e-05
2.36739639794e-08	8.1916077761e-05
2.36780569777e-08	5.86060450587e-05
2.3682149976e-08	3.32317940774e-05
2.36862429742e-08	1.14849899546e-05
2.36903359725e-08	-6.10002825852e-06
2.36944289708e-08	-2.26667470997e-05
2.3698521969e-08	-4.12392510043e-05
2.37026149673e-08	-6.10723946011e-05
2.37067079656e-08	-7.66125158407e-05
2.37108009638e-08	-7.99498302513e-05
2.37148939621e-08	-6.55434560031e-05
2.37189869604e-08	-3.44212603522e-05
2.37230799586e-08	4.79225809613e-06
2.37271729569e-08	3.90006025555e-05
2.37312659551e-08	5.65113368793e-05
2.37353589534e-08	5.2584837249e-05
2.37394519517e-08	3.1652256439e-05
2.37435449499e-08	4.92251729156e-06
2.37476379482e-08	-1.53178953042e-05
2.37517309465e-08	-2.16655425902e-05
2.37558239447e-08	-1.46262045746e-05
2.3759916943e-08	-1.24352118291e-06
2.37640099413e-08	9.65161325439e-06
2.37681029395e-08	1.2720106497e-05
2.37721959378e-08	8.86450652615e-06
2.37762889361e-08	4.03191415899e-06
2.37803819343e-08	4.9241070883e-06
2.37844749326e-08	1.4329682017e-05
2.37885679309e-08	2.88757855742e-05
2.37926609291e-08	4.05576538469e-05
2.37967539274e-08	4.11538785556e-05
2.38008469256e-08	2.69620868494e-05
2.38049399239e-08	1.17986826353e-06
2.38090329222e-08	-2.74300000456e-05
2.38131259204e-08	-4.87531942781e-05
2.38172189187e-08	-5.61287961318e-05
2.3821311917e-08	-4.91562022944e-05
2.38254049152e-08	-3.32130839524e-05
2.38294979135e-08	-1.61930838658e-05
2.38335909118e-08	-4.42272994405e-06
2.383768391e-08	3.63127128367e-08
2.38417769083e-08	-4.80609799069e-07
2.38458699066e-08	-1.42053067975e-06
2.38499629048e-08	1.03382080852e-06
2.38540559031e-08	7.88421220932e-06
2.38581489014e-08	1.71181618498e-05
2.38622418996e-08	2.51589390245e-05
2.38663348979e-08	2.89352356049e-05
2.38704278962e-08	2.73640762316e-05
2.38745208944e-08	2.15774216485e-05
2.38786138927e-08	1.40468400787e-05
2.38827068909e-08	7.25499376131e-06
2.38867998892e-08	2.67029759016e-06
2.38908928875e-08	3.71902501684e-07
2.38949858857e-08	-6.93727088219e-07
2.3899078884e-08	-2.13706971408e-06
2.39031718823e-08	-5.47050740352e-06
2.39072648805e-08	-1.14939684863e-05
2.39113578788e-08	-1.97831250262e-05
2.39154508771e-08	-2.8435853892e-05
2.39195438753e-08	-3.43426472682e-05
2.39236368736e-08	-3.41607446899e-05
2.39277298719e-08	-2.58306317846e-05
2.39318228701e-08	-1.00017996374e-05
2.39359158684e-08	9.4889292086e-06
2.39400088667e-08	2.66584756901e-05
2.39441018649e-08	3.57553508366e-05
2.39481948632e-08	3.39484613505e-05
2.39522878615e-08	2.28852641158e-05
2.39563808597e-08	8.11067093309e-06
2.3960473858e-08	-3.58314855475e-06
2.39645668562e-08	-7.56857889428e-06
2.39686598545e-08	-3.70872839994e-06
2.39727528528e-08	3.80416349799e-06
2.3976845851e-08	9.10414746613e-06
2.39809388493e-08	8.32505065773e-06
2.39850318476e-08	2.11387077798e-06
2.39891248458e-08	-4.64469985673e-06
2.39932178441e-08	-5.89024602959e-06
2.39973108424e-08	1.4526663108e-06
2.40014038406e-08	1.4765702872e-05
2.40054968389e-08	2.63002148131e-05
2.40095898372e-08	2.70289783657e-05
2.40136828354e-08	1.1809285752e-05
2.40177758337e-08	-1.70580551639e-05
2.4021868832e-08	-5.00376918353e-05
2.40259618302e-08	-7.44995486457e-05
2.40300548285e-08	-8.06782481959e-05
2.40341478267e-08	-6.63154132781e-05
2.4038240825e-08	-3.74583469238e-05
2.40423338233e-08	-5.0488870329e-06
2.40464268215e-08	2.07471493923e-05
2.40505198198e-08	3.53018476744e-05
2.40546128181e-08	4.07805637224e-05
2.40587058163e-08	4.34214816778e-05
2.40627988146e-08	4.86102035211e-05
2.40668918129e-08	5.68569194002e-05
2.40709848111e-08	6.31001821603e-05
2.40750778094e-08	5.98115875619e-05
2.40791708077e-08	4.2041810957e-05
2.40832638059e-08	1.13786109068e-05
2.40873568042e-08	-2.36126252275e-05
2.40914498025e-08	-5.0934333558e-05
2.40955428007e-08	-6.08020709478e-05
2.4099635799e-08	-5.0416085287e-05
2.41037287973e-08	-2.52736426773e-05
2.41078217955e-08	3.54993585461e-06
2.41119147938e-08	2.46338222496e-05
2.4116007792e-08	3.11463409162e-05
2.41201007903e-08	2.30535661103e-05
2.41241937886e-08	5.83242990615e-06
2.41282867868e-08	-1.32075656438e-05
2.41323797851e-08	-2.86745853373e-05
2.41364727834e-08	-3.89392371289e-05
2.41405657816e-08	-4.5347303967e-05
2.41446587799e-08	-4.97484397783e-05
2.41487517782e-08	-5.21092078998e-05
2.41528447764e-08	-4.97863766213e-05
2.41569377747e-08	-3.88887929148e-05
2.4161030773e-08	-1.68502865563e-05
2.41651237712e-08	1.53058444994e-05
2.41692167695e-08	5.23334492755e-05
2.41733097678e-08	8.60959335114e-05
2.4177402766e-08	0.000108215033833
2.41814957643e-08	0.000112790585263
2.41855887626e-08	9.81111588771e-05
2.41896817608e-08	6.68994834996e-05
2.41937747591e-08	2.52953177551e-05
2.41978677573e-08	-1.88238809642e-05
2.42019607556e-08	-5.76183010708e-05
2.42060537539e-08	-8.48036870593e-05
2.42101467521e-08	-9.67524683801e-05
2.42142397504e-08	-9.30530659389e-05
2.42183327487e-08	-7.63579664635e-05
2.42224257469e-08	-5.14640960319e-05
2.42265187452e-08	-2.38041775447e-05
2.42306117435e-08	2.10306279769e-06
2.42347047417e-08	2.35691841226e-05
2.423879774e-08	3.96026116505e-05
2.42428907383e-08	4.98883164255e-05
2.42469837365e-08	5.36603838555e-05
2.42510767348e-08	4.93723600812e-05
2.42551697331e-08	3.56675955118e-05
2.42592627313e-08	1.32098239192e-05
2.42633557296e-08	-1.38097002491e-05
2.42674487279e-08	-3.77902761102e-05
2.42715417261e-08	-5.0016795285e-05
2.42756347244e-08	-4.43672615802e-05
2.42797277226e-08	-2.0658097128e-05
2.42838207209e-08	1.43426841532e-05
2.42879137192e-08	4.91040191264e-05
2.42920067174e-08	7.19657691661e-05
2.42960997157e-08	7.60091716074e-05
2.4300192714e-08	6.1680591898e-05
2.43042857122e-08	3.5828576074e-05
2.43083787105e-08	7.69982125348e-06
2.43124717088e-08	-1.58037419169e-05
2.4316564707e-08	-3.29936810886e-05
2.43206577053e-08	-4.67965583084e-05
2.43247507036e-08	-6.12359726802e-05
2.43288437018e-08	-7.72679341026e-05
2.43329367001e-08	-9.06885397853e-05
2.43370296984e-08	-9.36503274716e-05
2.43411226966e-08	-7.90863123257e-05
2.43452156949e-08	-4.55791123386e-05
2.43493086931e-08	3.40864517057e-07
2.43534016914e-08	4.60326482425e-05
2.43574946897e-08	7.80626724008e-05
2.43615876879e-08	8.82604072103e-05
2.43656806862e-08	7.72993080318e-05
2.43697736845e-08	5.39009233762e-05
2.43738666827e-08	3.01116524497e-05
2.4377959681e-08	1.53005275934e-05
2.43820526793e-08	1.20452868941e-05
2.43861456775e-08	1.60183953994e-05
2.43902386758e-08	1.9586601411e-05
2.43943316741e-08	1.68549013324e-05
2.43984246723e-08	7.15946907803e-06
2.44025176706e-08	-4.91205491926e-06
2.44066106689e-08	-1.27656658151e-05
2.44107036671e-08	-1.22493811432e-05
2.44147966654e-08	-4.54477958556e-06
2.44188896637e-08	4.18576019001e-06
2.44229826619e-08	6.20253558736e-06
2.44270756602e-08	-3.3621415696e-06
2.44311686584e-08	-2.35395127675e-05
2.44352616567e-08	-4.76803070342e-05
2.4439354655e-08	-6.65976185701e-05
2.44434476532e-08	-7.29082603357e-05
2.44475406515e-08	-6.42924787826e-05
2.44516336498e-08	-4.40899093519e-05
2.4455726648e-08	-1.92044353753e-05
2.44598196463e-08	3.32890203936e-06
2.44639126446e-08	1.92477818928e-05
2.44680056428e-08	2.80957337964e-05
2.44720986411e-08	3.22473242704e-05
2.44761916394e-08	3.48084467987e-05
2.44802846376e-08	3.77189862775e-05
2.44843776359e-08	4.09806234529e-05
2.44884706342e-08	4.31333392044e-05
2.44925636324e-08	4.2426669097e-05
2.44966566307e-08	3.78836557502e-05
2.4500749629e-08	2.97680944641e-05
2.45048426272e-08	1.93830474018e-05
2.45089356255e-08	8.52029734233e-06
2.45130286237e-08	-1.12022848953e-06
2.4517121622e-08	-8.38147025206e-06
2.45212146203e-08	-1.29476011352e-05
2.45253076185e-08	-1.5506411728e-05
2.45294006168e-08	-1.76193534571e-05
2.45334936151e-08	-2.11687147385e-05
2.45375866133e-08	-2.73592268059e-05
2.45416796116e-08	-3.56716627721e-05
2.45457726099e-08	-4.34077228419e-05
2.45498656081e-08	-4.63675096398e-05
2.45539586064e-08	-4.06950020988e-05
2.45580516047e-08	-2.51130913966e-05
2.45621446029e-08	-2.37049630414e-06
2.45662376012e-08	2.11817841773e-05
2.45703305995e-08	3.79860139219e-05
2.45744235977e-08	4.26717742812e-05
2.4578516596e-08	3.47064196831e-05
2.45826095942e-08	1.87606547115e-05
2.45867025925e-08	2.4387418307e-06
2.45907955908e-08	-7.56514964451e-06
2.4594888589e-08	-8.76113699633e-06
2.45989815873e-08	-3.78946378987e-06
2.46030745856e-08	1.63412369147e-06
2.46071675838e-08	2.54522092291e-06
2.46112605821e-08	-1.94683411792e-06
2.46153535804e-08	-7.91304682934e-06
2.46194465786e-08	-9.05675096874e-06
2.46235395769e-08	-9.8447981145e-07
2.46276325752e-08	1.52186994455e-05
2.46317255734e-08	3.2479485526e-05
2.46358185717e-08	4.08739542763e-05
2.463991157e-08	3.29315589624e-05
2.46440045682e-08	8.18610351416e-06
2.46480975665e-08	-2.56755083683e-05
2.46521905648e-08	-5.59040090593e-05
2.4656283563e-08	-7.05470665707e-05
2.46603765613e-08	-6.39789213892e-05
2.46644695595e-08	-3.9235004806e-05
2.46685625578e-08	-5.97489361098e-06
2.46726555561e-08	2.46296476689e-05
2.46767485543e-08	4.51835694548e-05
2.46808415526e-08	5.46583687537e-05
2.46849345509e-08	5.70780030102e-05
2.46890275491e-08	5.74277000851e-05
2.46931205474e-08	5.74578079977e-05
2.46972135457e-08	5.40660257684e-05
2.47013065439e-08	4.12719091401e-05
2.47053995422e-08	1.46173342728e-05
2.47094925405e-08	-2.46847976086e-05
2.47135855387e-08	-6.84528858983e-05
2.4717678537e-08	-0.000104075079435
2.47217715353e-08	-0.000119724638353
2.47258645335e-08	-0.000109566368337
2.47299575318e-08	-7.63156203902e-05
2.47340505301e-08	-2.99472158076e-05
2.47381435283e-08	1.6618087102e-05
2.47422365266e-08	5.25387404195e-05
2.47463295248e-08	7.23845078028e-05
2.47504225231e-08	7.64919095673e-05
2.47545155214e-08	6.88002837705e-05
2.47586085196e-08	5.38229724043e-05
2.47627015179e-08	3.45928820025e-05
2.47667945162e-08	1.25136621136e-05
2.47708875144e-08	-1.12726556836e-05
2.47749805127e-08	-3.4258395317e-05
2.4779073511e-08	-5.20171961398e-05
2.47831665092e-08	-5.92353826505e-05
2.47872595075e-08	-5.18675697094e-05
2.47913525058e-08	-2.92465447274e-05
2.4795445504e-08	4.94766618431e-06
2.47995385023e-08	4.33303466707e-05
2.48036315006e-08	7.6778116636e-05
