% time-domain voltage integration by openEMS v0.0.36-93-g7b9cd51 @Tue Sep  8 09:50:29 2026
% start-coordinates: (-0.02,0,0.001524) m -> [2,4,13]
% stop-coordinates: (-0.02,0,0) m -> [2,4,1]
% t/s	voltage
0	0
4.09299826492e-12	4.1658791694e-09
8.18599652984e-12	3.68484227575e-08
1.22789947948e-11	1.30748607496e-07
1.63719930597e-11	2.95220473845e-07
2.04649913246e-11	4.39599929791e-07
2.45579895895e-11	2.1977150233e-07
2.86509878545e-11	-1.20336927978e-06
3.27439861194e-11	-5.44658581703e-06
3.68369843843e-11	-1.50673766939e-05
4.09299826492e-11	-3.3292338685e-05
4.50229809141e-11	-6.28712909929e-05
4.91159791791e-11	-0.000103657724139
5.3208977444e-11	-0.000148879156768
5.73019757089e-11	-0.000180823869414
6.13949739738e-11	-0.000167691183378
6.54879722388e-11	-6.41789315523e-05
6.95809705037e-11	0.000181666285243
7.36739687686e-11	0.000614322423644
7.77669670335e-11	0.00125140095042
8.18599652984e-11	0.00206466572126
8.59529635634e-11	0.00296972302021
9.00459618283e-11	0.00383223898825
9.41389600932e-11	0.00449412831222
9.82319583581e-11	0.00481549699907
1.02324956623e-10	0.00472002109746
1.06417954888e-10	0.00422661888297
1.10510953153e-10	0.00345193746034
1.14603951418e-10	0.00257671826694
1.18696949683e-10	0.00178231447353
1.22789947948e-10	0.00117614378541
1.26882946213e-10	0.00073180011168
1.30975944478e-10	0.000267219154921
1.35068942742e-10	-0.000526881492988
1.39161941007e-10	-0.0020123157592
1.43254939272e-10	-0.00450220252969
1.47347937537e-10	-0.00816205225419
1.51440935802e-10	-0.0129418724682
1.55533934067e-10	-0.018558633863
1.59626932332e-10	-0.024533539312
1.63719930597e-10	-0.0302734901197
1.67812928862e-10	-0.0351754049771
1.71905927127e-10	-0.038728625048
1.75998925392e-10	-0.0405941708013
1.80091923657e-10	-0.0406477930956
1.84184921922e-10	-0.0389834509697
1.88277920186e-10	-0.0358816969674
1.92370918451e-10	-0.0317531388719
1.96463916716e-10	-0.0270689290483
2.00556914981e-10	-0.0222907984862
2.04649913246e-10	-0.0178116881289
2.08742911511e-10	-0.01391546987
2.12835909776e-10	-0.0107610627892
2.16928908041e-10	-0.00839106010972
2.21021906306e-10	-0.00676004972775
2.25114904571e-10	-0.005772965902
2.29207902836e-10	-0.00532125559403
2.33300901101e-10	-0.00530567410169
2.37393899365e-10	-0.0056386400247
2.4148689763e-10	-0.00622614385793
2.45579895895e-10	-0.00693653523922
2.4967289416e-10	-0.00756902358262
2.53765892425e-10	-0.00783700443571
2.5785889069e-10	-0.00737866642885
2.61951888955e-10	-0.00580123800319
2.6604488722e-10	-0.00275614799466
2.70137885485e-10	0.00196708193107
2.7423088375e-10	0.00834794377442
2.78323882015e-10	0.0160670094192
2.8241688028e-10	0.0244853915647
2.86509878545e-10	0.0326872961596
2.90602876809e-10	0.0395894867834
2.94695875074e-10	0.0441063065082
2.98788873339e-10	0.0453449855559
3.02881871604e-10	0.042794297915
3.06974869869e-10	0.0364669961855
3.11067868134e-10	0.0269608849194
3.15160866399e-10	0.0154175428906
3.19253864664e-10	0.00337760522962
3.23346862929e-10	-0.00744836853119
3.27439861194e-10	-0.0154547282727
3.31532859459e-10	-0.0194137456128
3.35625857724e-10	-0.018696966581
3.39718855989e-10	-0.01340373524
3.43811854253e-10	-0.00437266391236
3.47904852518e-10	0.00692955055274
3.51997850783e-10	0.0186250518309
3.56090849048e-10	0.0287142687012
3.60183847313e-10	0.0353919004556
3.64276845578e-10	0.0373382859398
3.68369843843e-10	0.0339392109308
3.72462842108e-10	0.0253962061834
3.76555840373e-10	0.0127081776736
3.80648838638e-10	-0.00247546244645
3.84741836903e-10	-0.0181077403249
3.88834835168e-10	-0.0320619905833
3.92927833433e-10	-0.0424628898036
3.97020831697e-10	-0.0479744300246
4.01113829962e-10	-0.0479975142516
4.05206828227e-10	-0.0427449576091
4.09299826492e-10	-0.0331835937686
4.13392824757e-10	-0.0208578627789
4.17485823022e-10	-0.00762761267833
4.21578821287e-10	0.00463065886288
4.25671819552e-10	0.0143084265292
4.29764817817e-10	0.0202883905731
4.33857816082e-10	0.0220733922906
4.37950814347e-10	0.0198082259158
4.42043812612e-10	0.0141991198761
4.46136810877e-10	0.00635600247188
4.50229809141e-10	-0.0024088149803
4.54322807406e-10	-0.010787236446
4.58415805671e-10	-0.0176528148586
4.62508803936e-10	-0.0221867940854
4.66601802201e-10	-0.0239406197798
4.70694800466e-10	-0.0228385543451
4.74787798731e-10	-0.0191319189034
4.78880796996e-10	-0.0133221134311
4.82973795261e-10	-0.00607171497541
4.87066793526e-10	0.00188287919445
4.91159791791e-10	0.00980567495571
4.95252790056e-10	0.0170186846517
4.99345788321e-10	0.0229428220773
5.03438786585e-10	0.0271243471652
5.0753178485e-10	0.0292526071426
5.11624783115e-10	0.0291713953484
5.1571778138e-10	0.0268878412899
5.19810779645e-10	0.0225785059156
5.2390377791e-10	0.0165902768495
5.27996776175e-10	0.00943283934612
5.3208977444e-10	0.00175558921183
5.36182772705e-10	-0.00569433433702
5.4027577097e-10	-0.0121364151128
5.44368769235e-10	-0.0168410176411
5.484617675e-10	-0.0192249018
5.52554765765e-10	-0.0189458280802
5.56647764029e-10	-0.0159773911582
5.60740762294e-10	-0.0106479802635
5.64833760559e-10	-0.00362956884783
5.68926758824e-10	0.00412962556584
5.73019757089e-10	0.0115229501971
5.77112755354e-10	0.0174396729562
5.81205753619e-10	0.0209303462179
5.85298751884e-10	0.0213560435222
5.89391750149e-10	0.0184945109067
5.93484748414e-10	0.0125829902245
5.97577746679e-10	0.00429068290396
6.01670744944e-10	-0.00537609579624
6.05763743209e-10	-0.0152183148311
6.09856741473e-10	-0.0240142873954
6.13949739738e-10	-0.0306879419368
6.18042738003e-10	-0.0344491412397
6.22135736268e-10	-0.0348888286389
6.26228734533e-10	-0.0320178607944
6.30321732798e-10	-0.0262500618119
6.34414731063e-10	-0.0183363608085
6.38507729328e-10	-0.00926180952229
6.42600727593e-10	-0.000121615930766
6.46693725858e-10	0.00801014935132
6.50786724123e-10	0.0142034697346
6.54879722388e-10	0.0177755835466
6.58972720653e-10	0.0183645904763
6.63065718917e-10	0.0159658730263
6.67158717182e-10	0.010929394397
6.71251715447e-10	0.00391701419721
6.75344713712e-10	-0.00417429566733
6.79437711977e-10	-0.0123152756132
6.83530710242e-10	-0.0194623820717
6.87623708507e-10	-0.024677102454
6.91716706772e-10	-0.0272352029569
6.95809705037e-10	-0.0267132059671
6.99902703302e-10	-0.0230436162092
7.03995701567e-10	-0.0165326512652
7.08088699832e-10	-0.00783675228013
7.12181698096e-10	0.00210074175266
7.16274696361e-10	0.0121496921638
7.20367694626e-10	0.0211214077426
7.24460692891e-10	0.0279130716808
7.28553691156e-10	0.0316529576667
7.32646689421e-10	0.0318269766867
7.36739687686e-10	0.0283682569861
7.40832685951e-10	0.02169165737
7.44925684216e-10	0.0126623268006
7.49018682481e-10	0.00249575672206
7.53111680746e-10	-0.00740248151124
7.57204679011e-10	-0.0156359478133
7.61297677276e-10	-0.0210271442775
7.6539067554e-10	-0.0228024338139
7.69483673805e-10	-0.0207198448479
7.7357667207e-10	-0.0151154797059
7.77669670335e-10	-0.00685683614574
7.817626686e-10	0.00278981482552
7.85855666865e-10	0.0123575794278
7.8994866513e-10	0.0204081536504
7.94041663395e-10	0.0257531017996
7.9813466166e-10	0.0276309745386
8.02227659925e-10	0.0258107713889
8.0632065819e-10	0.0206088245614
8.10413656455e-10	0.0128186746733
8.1450665472e-10	0.00356989577995
8.18599652984e-10	-0.0058577269956
8.22692651249e-10	-0.0142339125741
8.26785649514e-10	-0.0205575304572
8.30878647779e-10	-0.0241906186566
8.34971646044e-10	-0.0249270792119
8.39064644309e-10	-0.0229891989147
8.43157642574e-10	-0.018957605469
8.47250640839e-10	-0.0136486620177
8.51343639104e-10	-0.00796489906497
8.55436637369e-10	-0.00274406715471
8.59529635634e-10	0.0013658588432
8.63622633899e-10	0.00398522402975
8.67715632164e-10	0.00502500063158
8.71808630428e-10	0.00465195762808
8.75901628693e-10	0.00321074065869
8.79994626958e-10	0.00112220803567
8.84087625223e-10	-0.00121679539006
8.88180623488e-10	-0.00350884898216
8.92273621753e-10	-0.00559233920649
8.96366620018e-10	-0.00743210723158
9.00459618283e-10	-0.00907309725881
9.04552616548e-10	-0.0105727755581
9.08645614813e-10	-0.0119342679391
9.12738613078e-10	-0.0130625151796
9.16831611343e-10	-0.0137564232573
9.20924609608e-10	-0.0137432623887
9.25017607872e-10	-0.0127466133563
9.29110606137e-10	-0.0105714997626
9.33203604402e-10	-0.00718502240488
9.37296602667e-10	-0.00276919406315
9.41389600932e-10	0.00226835187641
9.45482599197e-10	0.00733412400587
9.49575597462e-10	0.0117334435345
9.53668595727e-10	0.0147855858086
9.57761593992e-10	0.0159487511264
9.61854592257e-10	0.0149292334681
9.65947590522e-10	0.0117547094123
9.70040588787e-10	0.0067946970812
9.74133587052e-10	0.000722544809832
9.78226585316e-10	-0.00557666431996
9.82319583581e-10	-0.0111396452412
9.86412581846e-10	-0.0150768458843
9.90505580111e-10	-0.0167191684013
9.94598578376e-10	-0.0157332395902
9.98691576641e-10	-0.0121848891722
1.00278457491e-09	-0.00653913849965
1.00687757317e-09	0.000406545364967
1.01097057144e-09	0.007644482248
1.0150635697e-09	0.0141161988722
1.01915656797e-09	0.0188815892907
1.02324956623e-09	0.0212682927959
1.0273425645e-09	0.0209761888254
1.03143556276e-09	0.0181170050055
1.03552856103e-09	0.0131843015552
1.03962155929e-09	0.00695945863845
1.04371455756e-09	0.000372779482859
1.04780755582e-09	-0.00565272042877
1.05190055409e-09	-0.0103470192407
1.05599355235e-09	-0.0132010724628
1.06008655061e-09	-0.0140220484463
1.06417954888e-09	-0.0129302609712
1.06827254714e-09	-0.0103046142613
1.07236554541e-09	-0.00669366569491
1.07645854367e-09	-0.00271128934401
1.08055154194e-09	0.00106119980046
1.0846445402e-09	0.00415184765006
1.08873753847e-09	0.00624470884213
1.09283053673e-09	0.00719407567522
1.096923535e-09	0.00701227068203
1.10101653326e-09	0.00583746214397
1.10510953153e-09	0.00389250577427
1.10920252979e-09	0.00144272871694
1.11329552806e-09	-0.00124096138461
1.11738852632e-09	-0.00390865351073
1.12148152459e-09	-0.00634795217775
1.12557452285e-09	-0.00838967569871
1.12966752112e-09	-0.00990632438334
1.13376051938e-09	-0.0108065102831
1.13785351765e-09	-0.0110284608672
1.14194651591e-09	-0.0105373460101
1.14603951418e-09	-0.00932686467422
1.15013251244e-09	-0.00742686202284
1.15422551071e-09	-0.00491431649425
1.15831850897e-09	-0.00192367988348
1.16241150724e-09	0.00134743336093
1.1665045055e-09	0.00464365025982
1.17059750377e-09	0.00766982522327
1.17469050203e-09	0.0101227739942
1.1787835003e-09	0.0117326594191
1.18287649856e-09	0.0123063103529
1.18696949683e-09	0.0117647701409
1.19106249509e-09	0.010164761974
1.19515549336e-09	0.00769944366766
1.19924849162e-09	0.00467620941345
1.20334148989e-09	0.0014748624817
1.20743448815e-09	-0.00150514325651
1.21152748642e-09	-0.0038999064127
1.21562048468e-09	-0.00542761656106
1.21971348295e-09	-0.00592045058147
1.22380648121e-09	-0.00533854274545
1.22789947948e-09	-0.00376641520415
1.23199247774e-09	-0.00139710838266
1.23608547601e-09	0.00149247505033
1.24017847427e-09	0.00456925501931
1.24427147254e-09	0.00747276644688
1.2483644708e-09	0.00984466791851
1.25245746907e-09	0.0113586147781
1.25655046733e-09	0.0117525804671
1.2606434656e-09	0.0108612178592
1.26473646386e-09	0.0086461683386
1.26882946213e-09	0.00521873807884
1.27292246039e-09	0.000847856026667
1.27701545866e-09	-0.00405119083007
1.28110845692e-09	-0.00895202596439
1.28520145519e-09	-0.013274214929
1.28929445345e-09	-0.0164569877088
1.29338745172e-09	-0.0180399360834
1.29748044998e-09	-0.0177370280726
1.30157344825e-09	-0.0154926250689
1.30566644651e-09	-0.0115072865156
1.30975944478e-09	-0.00622797798133
1.31385244304e-09	-0.000301503980154
1.31794544131e-09	0.00550483010011
1.32203843957e-09	0.0104043034371
1.32613143783e-09	0.0137018486857
1.3302244361e-09	0.0148984150728
1.33431743436e-09	0.0137736876495
1.33841043263e-09	0.0104336981894
1.34250343089e-09	0.0053122700192
1.34659642916e-09	-0.000876253492606
1.35068942742e-09	-0.00723134120926
1.35478242569e-09	-0.0127954104682
1.35887542395e-09	-0.0166994733736
1.36296842222e-09	-0.0183026520535
1.36706142048e-09	-0.0172998778289
1.37115441875e-09	-0.0137789042201
1.37524741701e-09	-0.00821305345744
1.37934041528e-09	-0.00138947710366
1.38343341354e-09	0.00571533385664
1.38752641181e-09	0.012092452147
1.39161941007e-09	0.0168602500344
1.39571240834e-09	0.019400451798
1.3998054066e-09	0.0194462271174
1.40389840487e-09	0.0171088229399
1.40799140313e-09	0.0128418689128
1.4120844014e-09	0.00735139084281
1.41617739966e-09	0.00147209704301
1.42027039793e-09	-0.00396820052993
1.42436339619e-09	-0.00827189476695
1.42845639446e-09	-0.0109631349333
1.43254939272e-09	-0.0118369688862
1.43664239099e-09	-0.0109609816573
1.44073538925e-09	-0.00863593892427
1.44482838752e-09	-0.0053254358063
1.44892138578e-09	-0.00156953508849
1.45301438405e-09	0.00210119085386
1.45710738231e-09	0.00523902632995
1.46120038058e-09	0.00752806896344
1.46529337884e-09	0.00880540057551
1.46938637711e-09	0.00905417022295
1.47347937537e-09	0.00837373535614
1.47757237364e-09	0.00693713745568
1.4816653719e-09	0.00494515534956
1.48575837017e-09	0.00258912132995
1.48985136843e-09	2.9116235055e-05
1.4939443667e-09	-0.00260905615869
1.49803736496e-09	-0.00521957880119
1.50213036323e-09	-0.00769368838519
1.50622336149e-09	-0.00989652867429
1.51031635976e-09	-0.0116557638394
1.51440935802e-09	-0.0127688033972
1.51850235629e-09	-0.013030629023
1.52259535455e-09	-0.0122791121248
1.52668835282e-09	-0.0104459253489
1.53078135108e-09	-0.00760118447943
1.53487434935e-09	-0.00397685082862
1.53896734761e-09	4.07448524129e-05
1.54306034588e-09	0.00395199563354
1.54715334414e-09	0.00721561675891
1.55124634241e-09	0.00933701300528
1.55533934067e-09	0.0099581425311
1.55943233894e-09	0.00892995978938
1.5635253372e-09	0.00635203218553
1.56761833547e-09	0.00257128404337
1.57171133373e-09	-0.00186283777293
1.575804332e-09	-0.00627791864099
1.57989733026e-09	-0.00998045678716
1.58399032852e-09	-0.0123624874977
1.58808332679e-09	-0.0129948528484
1.59217632505e-09	-0.0116939528962
1.59626932332e-09	-0.00855063606286
1.60036232158e-09	-0.00391925912118
1.60445531985e-09	0.00163132201124
1.60854831811e-09	0.00739736791002
1.61264131638e-09	0.0126376332482
1.61673431464e-09	0.0166764748283
1.62082731291e-09	0.0189963417361
1.62492031117e-09	0.0193078316515
1.62901330944e-09	0.0175868617371
1.6331063077e-09	0.0140730292769
1.63719930597e-09	0.00923129171133
1.64129230423e-09	0.00368168149726
1.6453853025e-09	-0.00188966169662
1.64947830076e-09	-0.00682456389768
1.65357129903e-09	-0.0105775519623
1.65766429729e-09	-0.0127782264026
1.66175729556e-09	-0.013265926973
1.66585029382e-09	-0.0120932810241
1.66994329209e-09	-0.00950355746318
1.67403629035e-09	-0.00588835787494
1.67812928862e-09	-0.00173338595778
1.68222228688e-09	0.00243850592233
1.68631528515e-09	0.00612299225759
1.69040828341e-09	0.0088832648471
1.69450128168e-09	0.0103912352934
1.69859427994e-09	0.0104595859884
1.70268727821e-09	0.00906200008467
1.70678027647e-09	0.00634095387068
1.71087327474e-09	0.00259861955419
1.714966273e-09	-0.00172989354178
1.71905927127e-09	-0.00612158665899
1.72315226953e-09	-0.0100267174421
1.7272452678e-09	-0.0129382777959
1.73133826606e-09	-0.0144621987129
1.73543126433e-09	-0.0143756094621
1.73952426259e-09	-0.0126635978231
1.74361726086e-09	-0.00952687626705
1.74771025912e-09	-0.00535662329639
1.75180325739e-09	-0.000680999724864
1.75589625565e-09	0.00391013364424
1.75998925392e-09	0.00784889166243
1.76408225218e-09	0.0106685678475
1.76817525045e-09	0.0120663398411
1.77226824871e-09	0.0119391848566
1.77636124698e-09	0.0103901231778
1.78045424524e-09	0.00770367315272
1.78454724351e-09	0.00429662654642
1.78864024177e-09	0.000652481368888
1.79273324004e-09	-0.00275064112793
1.7968262383e-09	-0.00550609492348
1.80091923657e-09	-0.00733063556254
1.80501223483e-09	-0.00809340027627
1.8091052331e-09	-0.00781904603355
1.81319823136e-09	-0.00666613818612
1.81729122963e-09	-0.00488492695149
1.82138422789e-09	-0.00276507005037
1.82547722616e-09	-0.000582525739446
1.82957022442e-09	0.00144250065932
1.83366322269e-09	0.00316871821997
1.83775622095e-09	0.00453502417076
1.84184921922e-09	0.00554037935217
1.84594221748e-09	0.00621115189278
1.85003521574e-09	0.00656518922187
1.85412821401e-09	0.00658505735919
1.85822121227e-09	0.0062099621864
1.86231421054e-09	0.00534962897655
1.8664072088e-09	0.00391946581658
1.87050020707e-09	0.0018865580787
1.87459320533e-09	-0.000685561975843
1.8786862036e-09	-0.00360804598313
1.88277920186e-09	-0.00656599615468
1.88687220013e-09	-0.00914977135835
1.89096519839e-09	-0.0109174416866
1.89505819666e-09	-0.0114762403537
1.89915119492e-09	-0.0105675510131
1.90324419319e-09	-0.00813718658173
1.90733719145e-09	-0.0043735432555
1.91143018972e-09	0.000295351966997
1.91552318798e-09	0.00525030930294
1.91961618625e-09	0.00976776663447
1.92370918451e-09	0.0131318357307
1.92780218278e-09	0.0147536853328
1.93189518104e-09	0.0142764047487
1.93598817931e-09	0.0116483098827
1.94008117757e-09	0.00714903866174
1.94417417584e-09	0.00136243768793
1.9482671741e-09	-0.00490159748006
1.95236017237e-09	-0.0107268373249
1.95645317063e-09	-0.0152319020126
1.9605461689e-09	-0.0177117296262
1.96463916716e-09	-0.0177541304147
1.96873216543e-09	-0.0153109927196
1.97282516369e-09	-0.010711527837
1.97691816196e-09	-0.00461255636765
1.98101116022e-09	0.00210474527557
1.98510415849e-09	0.00847558461828
1.98919715675e-09	0.0136049061548
1.99329015502e-09	0.0168062124867
1.99738315328e-09	0.0177034345688
2.00147615155e-09	0.0162772348849
2.00556914981e-09	0.0128513454692
2.00966214808e-09	0.00802290509455
2.01375514634e-09	0.00255199584353
2.01784814461e-09	-0.00276671239408
2.02194114287e-09	-0.00722820661031
2.02603414114e-09	-0.0103141284781
2.0301271394e-09	-0.0117499507614
2.03422013767e-09	-0.0115164145827
2.03831313593e-09	-0.00981875869911
2.0424061342e-09	-0.00702641584212
2.04649913246e-09	-0.00359646207653
2.05059213073e-09	1.68160204339e-06
2.05468512899e-09	0.00334872680833
2.05877812726e-09	0.00611725519411
2.06287112552e-09	0.00808952969965
2.06696412379e-09	0.0091559450957
2.07105712205e-09	0.00929832080146
2.07515012032e-09	0.00856729515363
2.07924311858e-09	0.00706035830081
2.08333611685e-09	0.00490534221171
2.08742911511e-09	0.00225319257879
2.09152211338e-09	-0.000722617463907
2.09561511164e-09	-0.00382156556589
2.09970810991e-09	-0.00681275944225
2.10380110817e-09	-0.00943813944468
2.10789410644e-09	-0.011425631179
2.1119871047e-09	-0.0125157120638
2.11608010296e-09	-0.0124977512751
2.12017310123e-09	-0.0112523066346
2.12426609949e-09	-0.00879026850453
2.12835909776e-09	-0.00527871408849
2.13245209602e-09	-0.00104573978024
2.13654509429e-09	0.00344337007846
2.14063809255e-09	0.00763767177705
2.14473109082e-09	0.0109754659352
2.14882408908e-09	0.0129712772323
2.15291708735e-09	0.0132988783298
2.15701008561e-09	0.0118557662936
2.16110308388e-09	0.00879362667911
2.16519608214e-09	0.00450825018925
2.16928908041e-09	-0.00041198755207
2.17338207867e-09	-0.00527159884223
2.17747507694e-09	-0.00937183143105
2.1815680752e-09	-0.0121166108875
2.18566107347e-09	-0.0131011792691
2.18975407173e-09	-0.0121701995376
2.19384707e-09	-0.00943710521096
2.19794006826e-09	-0.00526271475246
2.20203306653e-09	-0.000200082525225
2.20612606479e-09	0.00508585039643
2.21021906306e-09	0.00990956067108
2.21431206132e-09	0.0136545535643
2.21840505959e-09	0.0158501311671
2.22249805785e-09	0.0162252716254
2.22659105612e-09	0.0147362934658
2.23068405438e-09	0.0115651492961
2.23477705265e-09	0.00709142250707
2.23887005091e-09	0.00184279381938
2.24296304918e-09	-0.00357019322109
2.24705604744e-09	-0.00852534378646
2.25114904571e-09	-0.0124599277042
2.25524204397e-09	-0.0149327615509
2.25933504224e-09	-0.015671849018
2.2634280405e-09	-0.0146037817467
2.26752103877e-09	-0.0118611064972
2.27161403703e-09	-0.00776911369758
2.2757070353e-09	-0.00281164620537
2.27980003356e-09	0.00242000476283
2.28389303183e-09	0.00729074631818
2.28798603009e-09	0.0111931908759
2.29207902836e-09	0.0136187226744
2.29617202662e-09	0.014222649741
2.30026502489e-09	0.0128743910464
2.30435802315e-09	0.00968606281094
2.30845102142e-09	0.00501380258356
2.31254401968e-09	-0.000573091117985
2.31663701795e-09	-0.00635356619023
2.32073001621e-09	-0.0115438523935
2.32482301448e-09	-0.0154033823637
2.32891601274e-09	-0.0173435665201
2.33300901101e-09	-0.0170232446399
2.33710200927e-09	-0.0144123052014
2.34119500754e-09	-0.0098117403104
2.3452880058e-09	-0.00382171038655
2.34938100407e-09	0.00273973090225
2.35347400233e-09	0.00895600841613
2.3575670006e-09	0.0139517374337
2.36165999886e-09	0.0170280591119
2.36575299713e-09	0.0177719427738
2.36984599539e-09	0.0161195464898
2.37393899365e-09	0.0123630042654
2.37803199192e-09	0.00710051110946
2.38212499018e-09	0.00113740062079
2.38621798845e-09	-0.00464281605673
2.39031098671e-09	-0.00941665872233
2.39440398498e-09	-0.0125446059974
2.39849698324e-09	-0.0136606168235
2.40258998151e-09	-0.0127151947236
2.40668297977e-09	-0.00996545114322
2.41077597804e-09	-0.00591788411839
2.4148689763e-09	-0.00123469077516
2.41896197457e-09	0.003378892201
2.42305497283e-09	0.00728569208877
2.4271479711e-09	0.010009116435
2.43124096936e-09	0.0112910724711
2.43533396763e-09	0.0111090296414
2.43942696589e-09	0.0096517932252
2.44351996416e-09	0.00726136466255
2.44761296242e-09	0.00435581436614
2.45170596069e-09	0.00134815179626
2.45579895895e-09	-0.00142079805664
2.45989195722e-09	-0.00372416948085
2.46398495548e-09	-0.00545947195496
2.46807795375e-09	-0.00662855623523
2.47217095201e-09	-0.00729759020032
2.47626395028e-09	-0.00754864461487
2.48035694854e-09	-0.00743893743493
2.48444994681e-09	-0.0069788385299
2.48854294507e-09	-0.00613432092359
2.49263594334e-09	-0.00485375677818
2.4967289416e-09	-0.00310907015228
2.50082193987e-09	-0.000940035395615
2.50491493813e-09	0.00151366747741
2.5090079364e-09	0.00400419314974
2.51310093466e-09	0.00619649217697
2.51719393293e-09	0.00771891546901
2.52128693119e-09	0.00823310227133
2.52537992946e-09	0.00751049083192
2.52947292772e-09	0.00549778537243
2.53356592599e-09	0.00235528420308
2.53765892425e-09	-0.00154200708494
2.54175192252e-09	-0.00564619337092
2.54584492078e-09	-0.00931493821554
2.54993791905e-09	-0.0119153269334
2.55403091731e-09	-0.012934643426
2.55812391558e-09	-0.012076936313
2.56221691384e-09	-0.00932813738473
2.56630991211e-09	-0.00497451453703
2.57040291037e-09	0.000429365001764
2.57449590864e-09	0.00614015432075
2.5785889069e-09	0.0113406279124
2.58268190517e-09	0.0152697557351
2.58677490343e-09	0.0173475410556
2.5908679017e-09	0.0172710906481
2.59496089996e-09	0.0150659194915
2.59905389823e-09	0.0110825800803
2.60314689649e-09	0.00593783857767
2.60723989476e-09	0.000411923274442
2.61133289302e-09	-0.00468185215141
2.61542589129e-09	-0.00863015640061
2.61951888955e-09	-0.0109322845237
2.62361188782e-09	-0.0113728670985
2.62770488608e-09	-0.0100414950866
2.63179788435e-09	-0.00729969883105
2.63589088261e-09	-0.00370215758448
2.63998388087e-09	0.000109499404971
2.64407687914e-09	0.00351924219285
2.6481698774e-09	0.00603529269574
2.65226287567e-09	0.00735657091718
2.65635587393e-09	0.00739992124727
2.6604488722e-09	0.00628594623413
2.66454187046e-09	0.00429176306352
2.66863486873e-09	0.00178394179966
2.67272786699e-09	-0.000854476333188
2.67682086526e-09	-0.00328665968846
2.68091386352e-09	-0.0052659966459
2.68500686179e-09	-0.00665504625067
2.68909986005e-09	-0.00742046354571
2.69319285832e-09	-0.00761029095156
2.69728585658e-09	-0.00732028641505
2.70137885485e-09	-0.0066606887849
2.70547185311e-09	-0.00572950590868
2.70956485138e-09	-0.00459827334271
2.71365784964e-09	-0.00331194273895
2.71775084791e-09	-0.00189930776833
2.72184384617e-09	-0.000391133018638
2.72593684444e-09	0.00116249753773
2.7300298427e-09	0.00268028242863
2.73412284097e-09	0.0040482270997
2.73821583923e-09	0.00513121904805
2.7423088375e-09	0.00579437229317
2.74640183576e-09	0.00593178218696
2.75049483403e-09	0.0054940697155
2.75458783229e-09	0.00450845892192
2.75868083056e-09	0.00308555108495
2.76277382882e-09	0.00140832453326
2.76686682709e-09	-0.000293724058793
2.77095982535e-09	-0.00178264689748
2.77505282362e-09	-0.00285294710193
2.77914582188e-09	-0.0033668311662
2.78323882015e-09	-0.00327674250002
2.78733181841e-09	-0.00262863178796
2.79142481668e-09	-0.00154775218107
2.79551781494e-09	-0.000209012414416
2.79961081321e-09	0.00119963564794
2.80370381147e-09	0.00251174021105
2.80779680974e-09	0.00360800797353
2.811889808e-09	0.00442571699386
2.81598280627e-09	0.0049529291573
2.82007580453e-09	0.00520917825634
2.8241688028e-09	0.00521998922341
2.82826180106e-09	0.00499444190064
2.83235479933e-09	0.00451192518813
2.83644779759e-09	0.00372528971639
2.84054079586e-09	0.00257897202391
2.84463379412e-09	0.00103896914516
2.84872679239e-09	-0.00087346300279
2.85281979065e-09	-0.00305576814571
2.85691278892e-09	-0.00531306894845
2.86100578718e-09	-0.00737051741453
2.86509878545e-09	-0.00890845648246
2.86919178371e-09	-0.00961635168642
2.87328478198e-09	-0.00925660948269
2.87737778024e-09	-0.00772386864992
2.88147077851e-09	-0.00508879657718
2.88556377677e-09	-0.00161333144933
2.88965677504e-09	0.00226791400928
2.8937497733e-09	0.00600047013722
2.89784277157e-09	0.00899204122834
2.90193576983e-09	0.0107094913255
2.90602876809e-09	0.0107765481807
2.91012176636e-09	0.00905255955877
2.91421476462e-09	0.00567669488373
2.91830776289e-09	0.00106702255289
2.92240076115e-09	-0.00413064140594
2.92649375942e-09	-0.00913628691342
2.93058675768e-09	-0.0131592645776
2.93467975595e-09	-0.0155297443271
2.93877275421e-09	-0.015814508195
2.94286575248e-09	-0.0138964545913
2.94695875074e-09	-0.010000473063
2.95105174901e-09	-0.00466187257553
2.95514474727e-09	0.00135923740163
2.95923774554e-09	0.00720186164835
2.9633307438e-09	0.0120436549187
2.96742374207e-09	0.0152324868832
2.97151674033e-09	0.0163851176621
2.9756097386e-09	0.0154382952023
2.97970273686e-09	0.0126439855667
2.98379573513e-09	0.00851223955397
2.98788873339e-09	0.00371535471641
2.99198173166e-09	-0.00102907594555
2.99607472992e-09	-0.00507257599384
3.00016772819e-09	-0.00792935997015
3.00426072645e-09	-0.00933397351764
3.00835372472e-09	-0.00925617868779
3.01244672298e-09	-0.00787628721446
3.01653972125e-09	-0.00552834619884
3.02063271951e-09	-0.00262705859495
3.02472571778e-09	0.000407093222748
3.02881871604e-09	0.0032101990364
3.03291171431e-09	0.00551415537484
3.03700471257e-09	0.00716046907473
3.04109771084e-09	0.00808898790274
3.0451907091e-09	0.0083105659578
3.04928370737e-09	0.00787339406088
3.05337670563e-09	0.00683366553858
3.0574697039e-09	0.00524043320911
3.06156270216e-09	0.00313703221036
3.06565570043e-09	0.000579480529268
3.06974869869e-09	-0.00233597203624
3.07384169696e-09	-0.00544612875092
3.07793469522e-09	-0.0085053363
3.08202769349e-09	-0.0111918996554
3.08612069175e-09	-0.0131388669834
3.09021369002e-09	-0.0139887453988
3.09430668828e-09	-0.0134627533844
3.09839968655e-09	-0.0114305621828
3.10249268481e-09	-0.00796567904763
3.10658568308e-09	-0.00336970345234
3.11067868134e-09	0.0018428015901
3.11477167961e-09	0.0070026430185
3.11886467787e-09	0.0113808821188
3.12295767614e-09	0.0143048256868
3.1270506744e-09	0.0152762529906
3.13114367267e-09	0.0140675557777
3.13523667093e-09	0.0107777258381
3.1393296692e-09	0.00583461066708
3.14342266746e-09	-5.98952155997e-05
3.14751566573e-09	-0.00603275076719
3.15160866399e-09	-0.0111756973783
3.15570166226e-09	-0.0146892725024
3.15979466052e-09	-0.0160114321625
3.16388765879e-09	-0.0149085868616
3.16798065705e-09	-0.0115131796338
3.17207365531e-09	-0.00630351749714
3.17616665358e-09	-2.79360829154e-05
3.18025965184e-09	0.00641184666893
3.18435265011e-09	0.0120996353216
3.18844564837e-09	0.0162432546495
3.19253864664e-09	0.0182895013131
3.1966316449e-09	0.01799968665
3.20072464317e-09	0.0154732817318
3.20481764143e-09	0.0111194461933
3.2089106397e-09	0.00558289623586
3.21300363796e-09	-0.000362015600331
3.21709663623e-09	-0.00592887203675
3.22118963449e-09	-0.0104307500296
3.22528263276e-09	-0.0133671337971
3.22937563102e-09	-0.0144760855474
3.23346862929e-09	-0.0137473224895
3.23756162755e-09	-0.0113981589675
3.24165462582e-09	-0.00782252143836
3.24574762408e-09	-0.00352291073068
3.24984062235e-09	0.00096068426501
3.25393362061e-09	0.00511506342446
3.25802661888e-09	0.00850452488521
3.26211961714e-09	0.0108037307509
3.26621261541e-09	0.0118152955547
3.27030561367e-09	0.0114734917297
3.27439861194e-09	0.00983928760979
3.2784916102e-09	0.00708987138933
3.28258460847e-09	0.00350337367854
3.28667760673e-09	-0.000559828233236
3.290770605e-09	-0.00468281164649
3.29486360326e-09	-0.00842485734029
3.29895660153e-09	-0.0113623258658
3.30304959979e-09	-0.0131358554354
3.30714259806e-09	-0.0134975542314
3.31123559632e-09	-0.0123528497061
3.31532859459e-09	-0.0097868561279
3.31942159285e-09	-0.00606933631934
3.32351459112e-09	-0.00163350901857
3.32760758938e-09	0.00297227472765
3.33170058765e-09	0.00715355074499
3.33579358591e-09	0.0103523178841
3.33988658418e-09	0.0121290476527
3.34397958244e-09	0.0122316018678
3.34807258071e-09	0.010639193817
3.35216557897e-09	0.00757157045882
3.35625857724e-09	0.00346232598531
3.3603515755e-09	-0.00110265890544
3.36444457377e-09	-0.00547116957023
3.36853757203e-09	-0.0090218053665
3.3726305703e-09	-0.0112574435188
3.37672356856e-09	-0.0118778623873
3.38081656683e-09	-0.0108217808884
3.38490956509e-09	-0.00826979131671
3.38900256336e-09	-0.00460929889232
3.39309556162e-09	-0.000368332923244
3.39718855989e-09	0.00387095470796
3.40128155815e-09	0.00756180239841
3.40537455642e-09	0.0102719439892
3.40946755468e-09	0.011737846944
3.41356055295e-09	0.0118867801502
3.41765355121e-09	0.0108261568239
3.42174654948e-09	0.00880369602237
3.42583954774e-09	0.0061510161031
3.429932546e-09	0.00322180602234
3.43402554427e-09	0.000338313941029
3.43811854253e-09	-0.00224441052706
3.4422115408e-09	-0.00435365617159
3.44630453906e-09	-0.00589327019406
3.45039753733e-09	-0.00682544411393
3.45449053559e-09	-0.00714759080438
3.45858353386e-09	-0.00687365740305
3.46267653212e-09	-0.00602690235246
3.46676953039e-09	-0.00464446758269
3.47086252865e-09	-0.0027932607336
3.47495552692e-09	-0.000588936356507
3.47904852518e-09	0.00178942551429
3.48314152345e-09	0.00409670913359
3.48723452171e-09	0.00603801285615
3.49132751998e-09	0.00730290374486
3.49542051824e-09	0.00761593389325
3.49951351651e-09	0.00679347611731
3.50360651477e-09	0.00479559318046
3.50769951304e-09	0.00176122835546
3.5117925113e-09	-0.00198568096675
3.51588550957e-09	-0.00596308434615
3.51997850783e-09	-0.00959212268936
3.5240715061e-09	-0.012284406228
3.52816450436e-09	-0.0135411679512
3.53225750263e-09	-0.0130479020299
3.53635050089e-09	-0.0107439585263
3.54044349916e-09	-0.0068538368796
3.54453649742e-09	-0.00186973105883
3.54862949569e-09	0.00351466142456
3.55272249395e-09	0.00850929791341
3.55681549222e-09	0.0123567985138
3.56090849048e-09	0.0144608173287
3.56500148875e-09	0.0144922322361
3.56909448701e-09	0.0124518721132
3.57318748528e-09	0.00867650180589
3.57728048354e-09	0.00378665333847
3.58137348181e-09	-0.00141765413719
3.58546648007e-09	-0.00609304645332
3.58955947834e-09	-0.009497596242
3.5936524766e-09	-0.0111174400663
3.59774547487e-09	-0.0107510340749
3.60183847313e-09	-0.00853769091191
3.6059314714e-09	-0.00492372046574
3.61002446966e-09	-0.00057539259069
3.61411746793e-09	0.00374492487754
3.61821046619e-09	0.00731588416966
3.62230346446e-09	0.00958058406832
3.62639646272e-09	0.0102361699683
3.63048946099e-09	0.00927252077963
3.63458245925e-09	0.00695667602122
3.63867545752e-09	0.00376810933813
3.64276845578e-09	0.000298626084259
3.64686145405e-09	-0.00286090475856
3.65095445231e-09	-0.005227171554
3.65504745058e-09	-0.00650289963232
3.65914044884e-09	-0.00661512062652
3.66323344711e-09	-0.00570856194827
3.66732644537e-09	-0.00409712400869
3.67141944364e-09	-0.00218748801854
3.6755124419e-09	-0.000389697592254
3.67960544017e-09	0.000965204788372
3.68369843843e-09	0.00168474829115
3.6877914367e-09	0.00174169897218
3.69188443496e-09	0.00126259806711
3.69597743322e-09	0.000484781947307
3.70007043149e-09	-0.000308953962303
3.70416342975e-09	-0.000861572872964
3.70825642802e-09	-0.00100259165629
3.71234942628e-09	-0.000686268427671
3.71644242455e-09	2.64993764176e-06
3.72053542281e-09	0.000873842589499
3.72462842108e-09	0.00168170056713
3.72872141934e-09	0.00218793627573
3.73281441761e-09	0.0022208099108
3.73690741587e-09	0.00171872283681
3.74100041414e-09	0.000746305559005
3.7450934124e-09	-0.000518292828929
3.74918641067e-09	-0.0018224457599
3.75327940893e-09	-0.0028950580745
3.7573724072e-09	-0.00350548163988
3.76146540546e-09	-0.00351413816679
3.76555840373e-09	-0.00290193063847
3.76965140199e-09	-0.00177409900061
3.77374440026e-09	-0.000337718734954
3.77783739852e-09	0.00114236585068
3.78193039679e-09	0.00239774053625
3.78602339505e-09	0.00321113370592
3.79011639332e-09	0.00345818861388
3.79420939158e-09	0.00312900432618
3.79830238985e-09	0.00232550785586
3.80239538811e-09	0.00123493582942
3.80648838638e-09	8.7797496235e-05
3.81058138464e-09	-0.000892140997166
3.81467438291e-09	-0.0015332690964
3.81876738117e-09	-0.00174801211688
3.82286037944e-09	-0.0015454862878
3.8269533777e-09	-0.00102157473157
3.83104637597e-09	-0.000331639132128
3.83513937423e-09	0.00034924211468
3.8392323725e-09	0.000868029426783
3.84332537076e-09	0.00112808143604
3.84741836903e-09	0.00110954642878
3.85151136729e-09	0.000869546653121
3.85560436556e-09	0.000524428258359
3.85969736382e-09	0.000216782074858
3.86379036209e-09	7.58518881412e-05
3.86788336035e-09	0.000181430651537
3.87197635862e-09	0.00053875111189
3.87606935688e-09	0.00107295424095
3.88016235515e-09	0.00164314681024
3.88425535341e-09	0.00207448002766
3.88834835168e-09	0.00220081114094
3.89244134994e-09	0.00190688042494
3.89653434821e-09	0.00116163378698
3.90062734647e-09	3.23602300796e-05
3.90472034474e-09	-0.00132253514312
3.908813343e-09	-0.00268174761732
3.91290634127e-09	-0.0038047543203
3.91699933953e-09	-0.00448003839119
3.9210923378e-09	-0.00456943229074
3.92518533606e-09	-0.00403709101374
3.92927833433e-09	-0.00295829604147
3.93337133259e-09	-0.00150621923967
3.93746433086e-09	8.13058327367e-05
3.94155732912e-09	0.00154609225865
3.94565032739e-09	0.00265790850972
3.94974332565e-09	0.00325540293125
3.95383632392e-09	0.00327264270163
3.95792932218e-09	0.00274708784127
3.96202232044e-09	0.00180693605216
3.96611531871e-09	0.000643359868263
3.97020831697e-09	-0.000528084477992
3.97430131524e-09	-0.00150750657485
3.9783943135e-09	-0.0021445916791
3.98248731177e-09	-0.00236110160768
3.98658031003e-09	-0.00215667470184
3.9906733083e-09	-0.00160007711384
3.99476630656e-09	-0.000807271411759
3.99885930483e-09	8.70976355145e-05
4.00295230309e-09	0.000957581432885
4.00704530136e-09	0.00171011804196
4.01113829962e-09	0.00229186573415
4.01523129789e-09	0.00268930390303
4.01932429615e-09	0.00291513824777
4.02341729442e-09	0.00298926638789
4.02751029268e-09	0.00292125251144
4.03160329095e-09	0.00269879504049
4.03569628921e-09	0.00228860476636
4.03978928748e-09	0.00164865754778
4.04388228574e-09	0.000749723167246
4.04797528401e-09	-0.000399684700824
4.05206828227e-09	-0.00173409693525
4.05616128054e-09	-0.00312276289333
4.0602542788e-09	-0.00437901425175
4.06434727707e-09	-0.00528661793214
4.06844027533e-09	-0.00563968735514
4.0725332736e-09	-0.00528932205634
4.07662627186e-09	-0.00418504085974
4.08071927013e-09	-0.00240282060986
4.08481226839e-09	-0.000149691251863
4.08890526666e-09	0.00225811987184
4.09299826492e-09	0.00444169156253
4.09709126319e-09	0.00602470902959
4.10118426145e-09	0.00670379842632
4.10527725972e-09	0.00631199096097
4.10937025798e-09	0.00486045941943
4.11346325625e-09	0.00254904570465
4.11755625451e-09	-0.000257676385445
4.12164925278e-09	-0.00308783154469
4.12574225104e-09	-0.00544168407214
4.12983524931e-09	-0.00688082608394
4.13392824757e-09	-0.00710981956217
4.13802124584e-09	-0.00603462674189
4.1421142441e-09	-0.00378757808357
4.14620724237e-09	-0.00071124374881
4.15030024063e-09	0.00269508546626
4.1543932389e-09	0.00585909170331
4.15848623716e-09	0.00823449989548
4.16257923543e-09	0.00939707556972
4.16667223369e-09	0.00912160146981
4.17076523196e-09	0.00742326083127
4.17485823022e-09	0.0045570465154
4.17895122849e-09	0.000973917121883
4.18304422675e-09	-0.00275858375244
4.18713722502e-09	-0.00605518865632
4.19123022328e-09	-0.00841467134887
4.19532322155e-09	-0.00950358988484
4.19941621981e-09	-0.00920823367778
4.20350921808e-09	-0.00764572632033
4.20760221634e-09	-0.00513287508511
4.21169521461e-09	-0.00212202040711
4.21578821287e-09	0.000884697517904
4.21988121113e-09	0.00342389006983
4.2239742094e-09	0.00514671058045
4.22806720766e-09	0.00586901171482
4.23216020593e-09	0.00558727586758
4.23625320419e-09	0.00446208351059
4.24034620246e-09	0.00277309375815
4.24443920072e-09	0.000857957682456
4.24853219899e-09	-0.000952166206844
4.25262519725e-09	-0.00238879225799
4.25671819552e-09	-0.00328268905287
4.26081119378e-09	-0.00357821950456
4.26490419205e-09	-0.00332377775339
4.26899719031e-09	-0.00264424474153
4.27309018858e-09	-0.00170364229416
4.27718318684e-09	-0.000665868614306
4.28127618511e-09	0.000335973134497
4.28536918337e-09	0.0012178996185
4.28946218164e-09	0.00194709759671
4.2935551799e-09	0.00252972326416
4.29764817817e-09	0.00299007957801
4.30174117643e-09	0.00334637751803
4.3058341747e-09	0.00359260346158
4.30992717296e-09	0.00369034937466
4.31402017123e-09	0.003574537026
4.31811316949e-09	0.00317216373514
4.32220616776e-09	0.00242815408274
4.32629916602e-09	0.00133320149325
4.33039216429e-09	-5.65012446714e-05
4.33448516255e-09	-0.00161264876078
4.33857816082e-09	-0.00314540197724
4.34267115908e-09	-0.00443130140775
4.34676415735e-09	-0.0052520892641
4.35085715561e-09	-0.00543875573203
4.35495015388e-09	-0.00490948741208
4.35904315214e-09	-0.00369395007147
4.36313615041e-09	-0.00193784265139
4.36722914867e-09	0.000115605890642
4.37132214694e-09	0.00216266805364
4.3754151452e-09	0.00389012802043
4.37950814347e-09	0.00502907478949
4.38360114173e-09	0.00540159526281
4.38769414e-09	0.00495191465598
4.39178713826e-09	0.00375449005514
4.39588013653e-09	0.00199992123817
4.39997313479e-09	-3.99020041186e-05
4.40406613306e-09	-0.00205906160409
4.40815913132e-09	-0.00376788849826
4.41225212959e-09	-0.00493813253706
4.41634512785e-09	-0.00543347129133
4.42043812612e-09	-0.00522327615181
4.42453112438e-09	-0.00437743755174
4.42862412265e-09	-0.00304566783598
4.43271712091e-09	-0.00142734083784
4.43681011918e-09	0.000263386895313
4.44090311744e-09	0.00182854615559
4.44499611571e-09	0.00311038346263
4.44908911397e-09	0.00400436256314
4.45318211224e-09	0.00446062520496
4.4572751105e-09	0.004477171693
4.46136810877e-09	0.00408645661082
4.46546110703e-09	0.00334221101366
4.4695541053e-09	0.00230901592295
4.47364710356e-09	0.00105780079321
4.47774010183e-09	-0.000331758550601
4.48183310009e-09	-0.00176591554191
4.48592609835e-09	-0.00313043547794
4.49001909662e-09	-0.00428984247264
4.49411209488e-09	-0.00509494831203
4.49820509315e-09	-0.00540013055434
4.50229809141e-09	-0.00508993913536
4.50639108968e-09	-0.00410819021636
4.51048408794e-09	-0.00248474674299
4.51457708621e-09	-0.000350691141648
4.51867008447e-09	0.00206373202673
4.52276308274e-09	0.00445086849504
4.526856081e-09	0.00646754511399
4.53094907927e-09	0.00778910476947
4.53504207753e-09	0.00816812482662
4.5391350758e-09	0.00748520111665
4.54322807406e-09	0.00578086607857
4.54732107233e-09	0.00326181488344
4.55141407059e-09	0.000276183283859
4.55550706886e-09	-0.00273729171022
4.55960006712e-09	-0.00531979458174
4.56369306539e-09	-0.00706972600892
4.56778606365e-09	-0.00771214091219
4.57187906192e-09	-0.00714891479583
4.57597206018e-09	-0.00547788539552
4.58006505845e-09	-0.00297882730956
4.58415805671e-09	-6.70928689033e-05
4.58825105498e-09	0.00277707523492
4.59234405324e-09	0.00508992842515
4.59643705151e-09	0.00650361162843
4.60053004977e-09	0.006807133439
4.60462304804e-09	0.00597955280682
4.6087160463e-09	0.00418883570819
4.61280904457e-09	0.00175645375566
4.61690204283e-09	-0.00090369375539
4.6209950411e-09	-0.00336216943106
4.62508803936e-09	-0.00524992632563
4.62918103763e-09	-0.00632008741377
4.63327403589e-09	-0.00648412585724
4.63736703416e-09	-0.00581540178973
4.64146003242e-09	-0.00452258065343
4.64555303069e-09	-0.00289753063407
4.64964602895e-09	-0.00125102346647
4.65373902722e-09	0.000150667646267
4.65783202548e-09	0.00113561907347
4.66192502375e-09	0.00165113322146
4.66601802201e-09	0.00176150364859
4.67011102028e-09	0.00161847192794
4.67420401854e-09	0.0014134685407
4.67829701681e-09	0.00132326691528
4.68239001507e-09	0.0014610856233
4.68648301334e-09	0.00184658990474
4.6905760116e-09	0.00239966087975
4.69466900987e-09	0.00296091425116
4.69876200813e-09	0.00333316958859
4.7028550064e-09	0.00333344136016
4.70694800466e-09	0.00284457881935
4.71104100293e-09	0.001852197689
4.71513400119e-09	0.00046004376054
4.71922699946e-09	-0.00112160356366
4.72331999772e-09	-0.0026125137374
4.72741299599e-09	-0.00371593039017
4.73150599425e-09	-0.00418003680534
4.73559899252e-09	-0.00385279665352
4.73969199078e-09	-0.00272057327675
4.74378498905e-09	-0.000921259226743
4.74787798731e-09	0.00127212933148
4.75197098557e-09	0.00349393978831
4.75606398384e-09	0.00534939640784
4.7601569821e-09	0.00648555200314
4.76424998037e-09	0.00665769091574
4.76834297863e-09	0.00577798808808
4.7724359769e-09	0.00393568741856
4.77652897516e-09	0.00138624496321
4.78062197343e-09	-0.00149117542605
4.78471497169e-09	-0.00425820754026
4.78880796996e-09	-0.00649260060163
4.79290096822e-09	-0.00786054925993
4.79699396649e-09	-0.00817125127651
4.80108696475e-09	-0.00740610383218
4.80517996302e-09	-0.00571587349987
4.80927296128e-09	-0.00338891640422
4.81336595955e-09	-0.000797205997515
4.81745895781e-09	0.00166981051734
4.82155195608e-09	0.00366904999828
4.82564495434e-09	0.00495608907659
4.82973795261e-09	0.0054156127153
4.83383095087e-09	0.00506726390449
4.83792394914e-09	0.00404853085638
4.8420169474e-09	0.00257878247066
4.84610994567e-09	0.000915126787731
4.85020294393e-09	-0.000692916244589
4.8542959422e-09	-0.00204027084692
4.85838894046e-09	-0.00298959109932
4.86248193873e-09	-0.00347980504739
4.86657493699e-09	-0.00351922941627
4.87066793526e-09	-0.00316942253266
4.87476093352e-09	-0.00252305717731
4.87885393179e-09	-0.00168229996052
4.88294693005e-09	-0.000742359159631
4.88703992832e-09	0.000218621305976
4.89113292658e-09	0.00114069067058
4.89522592485e-09	0.00197809230303
4.89931892311e-09	0.00269157631556
4.90341192138e-09	0.00324111781083
4.90750491964e-09	0.00358308971045
4.91159791791e-09	0.00367194815772
4.91569091617e-09	0.00346885542967
4.91978391444e-09	0.00295342419122
4.9238769127e-09	0.00213643662573
4.92796991097e-09	0.0010698365586
4.93206290923e-09	-0.000150976384248
4.9361559075e-09	-0.0013925775711
4.94024890576e-09	-0.00249925679236
4.94434190403e-09	-0.00331548796385
4.94843490229e-09	-0.00371179115609
4.95252790056e-09	-0.00360975496005
4.95662089882e-09	-0.00299912702758
4.96071389709e-09	-0.00194512930466
4.96480689535e-09	-0.000581751883146
4.96889989362e-09	0.000907287118025
4.97299289188e-09	0.00231655078824
4.97708589015e-09	0.00345186764025
4.98117888841e-09	0.00415987439919
4.98527188668e-09	0.00435066770297
4.98936488494e-09	0.0040080572071
4.99345788321e-09	0.00318685328239
4.99755088147e-09	0.00199964774947
5.00164387974e-09	0.000595164823608
5.005736878e-09	-0.000864648405695
5.00982987627e-09	-0.00222627120093
5.01392287453e-09	-0.00336061583948
5.01801587279e-09	-0.00417198089417
5.02210887106e-09	-0.00460172546445
5.02620186932e-09	-0.00462627387606
5.03029486759e-09	-0.00425392622128
5.03438786585e-09	-0.00352073286194
5.03848086412e-09	-0.00248722167453
5.04257386238e-09	-0.00123685238214
5.04666686065e-09	0.00012630301535
5.05075985891e-09	0.00147979571193
5.05485285718e-09	0.00268866182887
5.05894585544e-09	0.00361501451698
5.06303885371e-09	0.00413186472724
5.06713185197e-09	0.00414161736262
5.07122485024e-09	0.00359491200652
5.0753178485e-09	0.0025084992667
5.07941084677e-09	0.000976082221314
5.08350384503e-09	-0.000831321660371
5.0875968433e-09	-0.00267776379769
5.09168984156e-09	-0.0042897532694
5.09578283983e-09	-0.00539408353507
5.09987583809e-09	-0.00576299210661
5.10396883636e-09	-0.00525787289371
5.10806183462e-09	-0.00386318052188
5.11215483289e-09	-0.00170390144922
5.11624783115e-09	0.00096089602448
5.12034082942e-09	0.00376773436437
5.12443382768e-09	0.0063005303964
5.12852682595e-09	0.00815628806595
5.13261982421e-09	0.00901328260079
5.13671282248e-09	0.00869093637448
5.14080582074e-09	0.00718748616055
5.14489881901e-09	0.00468926256872
5.14899181727e-09	0.00154701176507
5.15308481554e-09	-0.00177766490378
5.1571778138e-09	-0.0047859614715
5.16127081207e-09	-0.00702473102137
5.16536381033e-09	-0.00816159043461
5.1694568086e-09	-0.00804054178298
5.17354980686e-09	-0.00670735538006
5.17764280513e-09	-0.0043999174668
5.18173580339e-09	-0.00150703443796
5.18582880166e-09	0.0014987764298
5.18992179992e-09	0.00414029305102
5.19401479819e-09	0.0060137922992
5.19810779645e-09	0.00685270444956
5.20220079472e-09	0.00656525255181
5.20629379298e-09	0.00524232015596
5.21038679125e-09	0.00313324117451
5.21447978951e-09	0.000596897283685
5.21857278778e-09	-0.00196307594888
5.22266578604e-09	-0.00416715748725
5.22675878431e-09	-0.005719218374
5.23085178257e-09	-0.00644840137102
5.23494478084e-09	-0.00632527720882
5.2390377791e-09	-0.00545260004583
5.24313077737e-09	-0.00403393898159
5.24722377563e-09	-0.00232693417638
5.2513167739e-09	-0.000593106320594
5.25540977216e-09	0.000947804881434
5.25950277043e-09	0.00214849722397
5.26359576869e-09	0.00294590563863
5.26768876696e-09	0.00335397355957
5.27178176522e-09	0.00344002325437
5.27587476348e-09	0.00329431329737
5.27996776175e-09	0.00299933375209
5.28406076001e-09	0.00260841885756
5.28815375828e-09	0.00213829144195
5.29224675654e-09	0.00157570235024
5.29633975481e-09	0.000896845391253
5.30043275307e-09	9.0836047093e-05
5.30452575134e-09	-0.00081840265193
5.3086187496e-09	-0.00175994055462
5.31271174787e-09	-0.00261788466014
5.31680474613e-09	-0.00324704361265
5.3208977444e-09	-0.00350144476397
5.32499074266e-09	-0.00326742650941
5.32908374093e-09	-0.00249543857353
5.33317673919e-09	-0.00122250793356
5.33726973746e-09	0.000421251512307
5.34136273572e-09	0.00222317095904
5.34545573399e-09	0.00391729615512
5.34954873225e-09	0.00522606173763
5.35364173052e-09	0.00590837269556
5.35773472878e-09	0.00580535922199
5.36182772705e-09	0.00487361761043
5.36592072531e-09	0.00320103036938
5.37001372358e-09	0.00099902349757
5.37410672184e-09	-0.00142673596565
5.37819972011e-09	-0.00372323178453
5.38229271837e-09	-0.00554738478968
5.38638571664e-09	-0.00662192120217
5.3904787149e-09	-0.00678211060585
5.39457171317e-09	-0.00600300118094
5.39866471143e-09	-0.00440343515947
5.4027577097e-09	-0.0022262626444
5.40685070796e-09	0.000202788714887
5.41094370623e-09	0.00252806294884
5.41503670449e-09	0.00442129466683
5.41912970276e-09	0.00563158880686
5.42322270102e-09	0.00602012587478
5.42731569929e-09	0.00557503860909
5.43140869755e-09	0.00440352267469
5.43550169582e-09	0.00270645800629
5.43959469408e-09	0.00073977545253
5.44368769235e-09	-0.00122823329002
5.44778069061e-09	-0.00295571782044
5.45187368888e-09	-0.00425724510569
5.45596668714e-09	-0.00501954354695
5.46005968541e-09	-0.00520490936469
5.46415268367e-09	-0.00484297738876
5.46824568194e-09	-0.00401537885773
5.4723386802e-09	-0.00283834719448
5.47643167847e-09	-0.00144524915959
5.48052467673e-09	2.64104919552e-05
5.484617675e-09	0.00144483552867
5.48871067326e-09	0.00269014429068
5.49280367153e-09	0.00365843533655
5.49689666979e-09	0.00426661374513
5.50098966806e-09	0.00445704191225
5.50508266632e-09	0.00420441385359
5.50917566459e-09	0.00352218505577
5.51326866285e-09	0.00246738843271
5.51736166112e-09	0.00114220860269
5.52145465938e-09	-0.000311354555379
5.52554765765e-09	-0.00172263977583
5.52964065591e-09	-0.00291117053712
5.53373365418e-09	-0.00371020339662
5.53782665244e-09	-0.00399189419113
5.5419196507e-09	-0.00369108983432
5.54601264897e-09	-0.00282121807686
5.55010564723e-09	-0.00148050973803
5.5541986455e-09	0.000155839867148
5.55829164376e-09	0.00185729988152
5.56238464203e-09	0.00337068765657
5.56647764029e-09	0.00446071606711
5.57057063856e-09	0.00494932103902
5.57466363682e-09	0.004748278443
5.57875663509e-09	0.00387697530095
5.58284963335e-09	0.00246116025664
5.58694263162e-09	0.000713145895133
5.59103562988e-09	-0.00110515787674
5.59512862815e-09	-0.00272719567874
5.59922162641e-09	-0.00392767754965
5.60331462468e-09	-0.00455970608164
5.60740762294e-09	-0.00457566548721
5.61150062121e-09	-0.00402989133727
5.61559361947e-09	-0.00306133562117
5.61968661774e-09	-0.00186260283226
5.623779616e-09	-0.000640853268123
5.62787261427e-09	0.000421176438977
5.63196561253e-09	0.00119545158668
5.6360586108e-09	0.00162667305267
5.64015160906e-09	0.00173319743772
5.64424460733e-09	0.00159349829482
5.64833760559e-09	0.00132114893495
5.65243060386e-09	0.00103393788595
5.65652360212e-09	0.000825617593364
5.66061660039e-09	0.000744389173633
5.66470959865e-09	0.000784699703217
5.66880259692e-09	0.000892444651981
5.67289559518e-09	0.000982217250566
5.67698859345e-09	0.000963261380093
5.68108159171e-09	0.000766059238231
5.68517458998e-09	0.00036535961226
5.68926758824e-09	-0.000207729544854
5.69336058651e-09	-0.000866928035975
5.69745358477e-09	-0.00148523278767
5.70154658304e-09	-0.00192144655739
5.7056395813e-09	-0.00205130082031
5.70973257957e-09	-0.00179854033922
5.71382557783e-09	-0.00115747716336
5.7179185761e-09	-0.000201698747333
5.72201157436e-09	0.000923081344808
5.72610457263e-09	0.00202338502277
5.73019757089e-09	0.00289304442413
5.73429056916e-09	0.00335387443192
5.73838356742e-09	0.00329247777699
5.74247656569e-09	0.00268494441116
5.74656956395e-09	0.0016052872088
5.75066256222e-09	0.000213493154661
5.75475556048e-09	-0.00127238124696
5.75884855875e-09	-0.00261582044186
5.76294155701e-09	-0.00360465992708
5.76703455528e-09	-0.00408772783703
5.77112755354e-09	-0.00400008831639
5.77522055181e-09	-0.00337038389989
5.77931355007e-09	-0.00231161199918
5.78340654834e-09	-0.000997142291453
5.7874995466e-09	0.000372688517018
5.79159254487e-09	0.00160513760056
5.79568554313e-09	0.00254617792962
5.7997785414e-09	0.00310071685817
5.80387153966e-09	0.00324069315684
5.80796453792e-09	0.0030005069566
5.81205753619e-09	0.00246144276753
5.81615053445e-09	0.00173112236371
5.82024353272e-09	0.000920683145523
5.82433653098e-09	0.000126335979985
5.82842952925e-09	-0.000582439202844
5.83252252751e-09	-0.00116661423817
5.83661552578e-09	-0.00161242310423
5.84070852404e-09	-0.00192169469665
5.84480152231e-09	-0.0020990595076
5.84889452057e-09	-0.00214173705899
5.85298751884e-09	-0.00203482578218
5.8570805171e-09	-0.00175342794682
5.86117351537e-09	-0.00127327480004
5.86526651363e-09	-0.000585182526265
5.8693595119e-09	0.000288913939585
5.87345251016e-09	0.0012847207181
5.87754550843e-09	0.0022938541515
5.88163850669e-09	0.00317307567457
5.88573150496e-09	0.00376635746215
5.88982450322e-09	0.00393406412331
5.89391750149e-09	0.00358487162157
5.89801049975e-09	0.00270247919252
5.90210349802e-09	0.00135963771027
5.90619649628e-09	-0.000283309360384
5.91028949455e-09	-0.00199878890999
5.91438249281e-09	-0.00352647202089
5.91847549108e-09	-0.00461708739749
5.92256848934e-09	-0.00507742108312
5.92666148761e-09	-0.00480667490046
5.93075448587e-09	-0.0038189132465
5.93484748414e-09	-0.00224473123671
5.9389404824e-09	-0.000312927462801
5.94303348067e-09	0.00168553568074
5.94712647893e-09	0.00344558563665
5.9512194772e-09	0.00469791074283
5.95531247546e-09	0.00525381098851
5.95940547373e-09	0.00503508403199
5.96349847199e-09	0.00408499862533
5.96759147026e-09	0.00255877779273
5.97168446852e-09	0.000694709506206
5.97577746679e-09	-0.00122650345293
5.97987046505e-09	-0.00292870029807
5.98396346332e-09	-0.00418350900873
5.98805646158e-09	-0.00484321377007
5.99214945985e-09	-0.00485868973192
5.99624245811e-09	-0.0042786084814
6.00033545638e-09	-0.00323331641266
6.00442845464e-09	-0.00190540350741
6.00852145291e-09	-0.000494514133607
6.01261445117e-09	0.000816607265733
6.01670744944e-09	0.00188942479144
6.0208004477e-09	0.0026436917542
6.02489344597e-09	0.00305885574198
6.02898644423e-09	0.00316255385405
6.0330794425e-09	0.00301127525745
6.03717244076e-09	0.00266960823501
6.04126543903e-09	0.00219242570165
6.04535843729e-09	0.00161659256264
6.04945143556e-09	0.000961776269833
6.05354443382e-09	0.000240325805862
6.05763743209e-09	-0.000527993342985
6.06173043035e-09	-0.00130287787761
6.06582342861e-09	-0.00201535294764
6.06991642688e-09	-0.00257052878442
6.07400942514e-09	-0.0028603974788
6.07810242341e-09	-0.00278546559275
6.08219542167e-09	-0.00228095213242
6.08628841994e-09	-0.00133984135027
6.0903814182e-09	-2.87211348677e-05
6.09447441647e-09	0.00151055422612
6.09856741473e-09	0.00307411083486
6.102660413e-09	0.00442344890325
6.10675341126e-09	0.00532375398325
6.11084640953e-09	0.00558464467758
6.11493940779e-09	0.00509793515084
6.11903240606e-09	0.00386322682607
6.12312540432e-09	0.0019967458793
6.12721840259e-09	-0.000278881341728
6.13131140085e-09	-0.00266460848798
6.13540439912e-09	-0.00482838012977
6.13949739738e-09	-0.00645718059968
6.14359039565e-09	-0.00730765156914
6.14768339391e-09	-0.00724676524987
6.15177639218e-09	-0.00627604121109
6.15586939044e-09	-0.00453273093444
6.15996238871e-09	-0.00226942532754
6.16405538697e-09	0.00018646603985
6.16814838524e-09	0.00248542270856
6.1722413835e-09	0.00431090776692
6.17633438177e-09	0.0054284738726
6.18042738003e-09	0.0057182420569
6.1845203783e-09	0.0051877660153
6.18861337656e-09	0.00396276541869
6.19270637483e-09	0.00225917859643
6.19679937309e-09	0.000343886016708
6.20089237136e-09	-0.00150977325393
6.20498536962e-09	-0.00306142834597
6.20907836789e-09	-0.0041337198345
6.21317136615e-09	-0.00462841326953
6.21726436442e-09	-0.00452781192143
6.22135736268e-09	-0.00388517056126
6.22545036095e-09	-0.00280604888394
6.22954335921e-09	-0.00142765855708
6.23363635748e-09	0.000100942454992
6.23772935574e-09	0.00163437581796
6.24182235401e-09	0.00304014486028
6.24591535227e-09	0.0042040872795
6.25000835054e-09	0.00503179579391
6.2541013488e-09	0.00545046894695
6.25819434707e-09	0.00541214886471
6.26228734533e-09	0.00489889644086
6.2663803436e-09	0.00393053871812
6.27047334186e-09	0.00257066841004
6.27456634013e-09	0.00093022564397
6.27865933839e-09	-0.000835715305584
6.28275233666e-09	-0.00253928839811
6.28684533492e-09	-0.00397866294952
6.29093833319e-09	-0.004964494874
6.29503133145e-09	-0.00534824866918
6.29912432972e-09	-0.00504969671601
6.30321732798e-09	-0.00407727464335
6.30731032625e-09	-0.00253637855349
6.31140332451e-09	-0.000623652660579
6.31549632278e-09	0.00139589735772
6.31958932104e-09	0.00322478130693
6.32368231931e-09	0.00457863498013
6.32777531757e-09	0.00523367754067
6.33186831583e-09	0.00506662542466
6.3359613141e-09	0.00408076419262
6.34005431236e-09	0.00240995208151
6.34414731063e-09	0.000300525729472
6.34824030889e-09	-0.00192770342983
6.35233330716e-09	-0.00393480906496
6.35642630542e-09	-0.00541744392831
6.36051930369e-09	-0.00616031745449
6.36461230195e-09	-0.0060705607757
6.36870530022e-09	-0.00519032674492
6.37279829848e-09	-0.00368509549298
6.37689129675e-09	-0.00180980967707
6.38098429501e-09	0.000138366547617
6.38507729328e-09	0.00187347950123
6.38917029154e-09	0.0031681827968
6.39326328981e-09	0.00388768466655
6.39735628807e-09	0.00400479341624
6.40144928634e-09	0.00359326746548
6.4055422846e-09	0.00280428794213
6.40963528287e-09	0.00182971222966
6.41372828113e-09	0.000861786153109
6.4178212794e-09	5.69412304685e-05
6.42191427766e-09	-0.000490193295263
6.42600727593e-09	-0.000756427092711
6.43010027419e-09	-0.000784642186773
6.43419327246e-09	-0.000663620608975
6.43828627072e-09	-0.000499379057146
6.44237926899e-09	-0.000384876922908
6.44647226725e-09	-0.000373887156456
6.45056526552e-09	-0.000467168258183
6.45465826378e-09	-0.000612080715655
6.45875126205e-09	-0.000717558476026
6.46284426031e-09	-0.000680450357322
6.46693725858e-09	-0.000416298247728
6.47103025684e-09	0.000111388469122
6.47512325511e-09	0.000873166965903
6.47921625337e-09	0.00177018376417
6.48330925164e-09	0.00264825919294
6.4874022499e-09	0.0033272538858
6.49149524817e-09	0.00363847444532
6.49558824643e-09	0.00346396595705
6.4996812447e-09	0.00276657067297
6.50377424296e-09	0.00160532505834
6.50786724123e-09	0.000131468045765
6.51196023949e-09	-0.00143549797212
6.51605323776e-09	-0.00284571759403
6.52014623602e-09	-0.00386569366674
6.52423923429e-09	-0.00432241687668
6.52833223255e-09	-0.00413723054226
6.53242523082e-09	-0.0033424331923
6.53651822908e-09	-0.0020760466432
6.54061122735e-09	-0.000557714200113
6.54470422561e-09	0.000951680762228
6.54879722388e-09	0.00219695545093
6.55289022214e-09	0.00297371446504
6.55698322041e-09	0.00316360901343
6.56107621867e-09	0.00275186463841
6.56516921694e-09	0.00182662965381
6.5692622152e-09	0.00055900255029
6.57335521347e-09	-0.000830494966067
6.57744821173e-09	-0.00211237104668
6.58154121e-09	-0.00308899534866
6.58563420826e-09	-0.00362642179243
6.58972720653e-09	-0.0036739676143
6.59382020479e-09	-0.00326671334915
6.59791320305e-09	-0.00251188431866
6.60200620132e-09	-0.001562906662
6.60609919958e-09	-0.000585217854677
6.61019219785e-09	0.000276675300483
6.61428519611e-09	0.000926047629036
6.61837819438e-09	0.00132784021116
6.62247119264e-09	0.00150725962885
6.62656419091e-09	0.00153522397159
6.63065718917e-09	0.00150292027683
6.63475018744e-09	0.00149441686517
6.6388431857e-09	0.00156255139154
6.64293618397e-09	0.00171487835178
6.64702918223e-09	0.00191337180149
6.6511221805e-09	0.00208600361657
6.65521517876e-09	0.00214901818254
6.65930817703e-09	0.00203185333521
6.66340117529e-09	0.00169957695471
6.66749417356e-09	0.00116690201685
6.67158717182e-09	0.000499177229358
6.67568017009e-09	-0.000198076148081
6.67977316835e-09	-0.000800964044174
6.68386616662e-09	-0.00119354374328
6.68795916488e-09	-0.00129358886625
6.69205216315e-09	-0.00107247394044
6.69614516141e-09	-0.000563294786843
6.70023815968e-09	0.00014232706144
6.70433115794e-09	0.000910278860829
6.70842415621e-09	0.00158815865871
6.71251715447e-09	0.00203316527768
6.71661015274e-09	0.00213932614133
6.720703151e-09	0.00185701809824
6.72479614927e-09	0.00120348212658
6.72888914753e-09	0.000260512177192
6.7329821458e-09	-0.000839345004351
6.73707514406e-09	-0.00193523171765
6.74116814233e-09	-0.00286648738256
6.74526114059e-09	-0.00349973211996
6.74935413886e-09	-0.0037516412267
6.75344713712e-09	-0.00360161185381
6.75754013539e-09	-0.00309234295855
6.76163313365e-09	-0.0023194445821
6.76572613192e-09	-0.00141064626951
6.76981913018e-09	-0.000501513637573
6.77391212845e-09	0.000289024112135
6.77800512671e-09	0.000877347156347
6.78209812498e-09	0.00122434283549
6.78619112324e-09	0.00133557054505
6.79028412151e-09	0.00125142040633
6.79437711977e-09	0.00103282991768
6.79847011804e-09	0.000745126486436
6.8025631163e-09	0.000444449760835
6.80665611457e-09	0.000170513870216
6.81074911283e-09	-5.52343171876e-05
6.8148421111e-09	-0.00022460344735
6.81893510936e-09	-0.000335356515279
6.82302810763e-09	-0.00038376723387
6.82712110589e-09	-0.000359806846973
6.83121410416e-09	-0.000248259746513
6.83530710242e-09	-3.35960979214e-05
6.83940010069e-09	0.000290783031232
6.84349309895e-09	0.000713615929271
6.84758609722e-09	0.00120007689111
6.85167909548e-09	0.00169115432072
6.85577209375e-09	0.00211117470462
6.85986509201e-09	0.00238023685233
6.86395809027e-09	0.00243099786167
6.86805108854e-09	0.00222487581777
6.8721440868e-09	0.00176360711339
6.87623708507e-09	0.00109449047886
6.88033008333e-09	0.000305560328343
6.8844230816e-09	-0.000486695800646
6.88851607986e-09	-0.00115679488954
6.89260907813e-09	-0.00159305898705
6.89670207639e-09	-0.00171894156665
6.90079507466e-09	-0.00151062531222
6.90488807292e-09	-0.00100492218917
6.90898107119e-09	-0.000297160462651
6.91307406945e-09	0.000472786210594
6.91716706772e-09	0.00114492853027
6.92126006598e-09	0.00156891005463
6.92535306425e-09	0.00163568402058
6.92944606251e-09	0.00130231367075
6.93353906078e-09	0.000605652323429
6.93763205904e-09	-0.000339695496223
6.94172505731e-09	-0.00136072457099
6.94581805557e-09	-0.00225801327906
6.94991105384e-09	-0.00284649891546
6.9540040521e-09	-0.00299458033987
6.95809705037e-09	-0.00265412041335
6.96219004863e-09	-0.00187441468006
6.9662830469e-09	-0.000795185362222
6.97037604516e-09	0.000378535914933
6.97446904343e-09	0.00141702046676
6.97856204169e-09	0.00211195192242
6.98265503996e-09	0.00231900875224
6.98674803822e-09	0.00198857409123
6.99084103649e-09	0.00117641383258
6.99493403475e-09	3.42983146311e-05
6.99902703302e-09	-0.0012194804076
7.00312003128e-09	-0.00234237276891
7.00721302955e-09	-0.00311406413675
7.01130602781e-09	-0.00337913969997
7.01539902608e-09	-0.0030757097993
7.01949202434e-09	-0.00224693276687
7.02358502261e-09	-0.001031888547
7.02767802087e-09	0.000361470600183
7.03177101914e-09	0.00169537511829
7.0358640174e-09	0.00274751168035
7.03995701567e-09	0.00335183480638
7.04405001393e-09	0.00342930314946
7.0481430122e-09	0.00300147448434
7.05223601046e-09	0.00218435167335
7.05632900873e-09	0.00116468867782
7.06042200699e-09	0.000161301240951
7.06451500526e-09	-0.000618798516371
7.06860800352e-09	-0.0010223141071
7.07270100179e-09	-0.000980263517704
7.07679400005e-09	-0.000520306424733
7.08088699832e-09	0.000240278524871
7.08497999658e-09	0.00112164287566
7.08907299485e-09	0.00192059061374
7.09316599311e-09	0.00245471406379
7.09725899138e-09	0.00260167550005
7.10135198964e-09	0.00232397328364
7.10544498791e-09	0.00167576568492
7.10953798617e-09	0.000788272162026
7.11363098444e-09	-0.000160968837008
7.1177239827e-09	-0.000988577150565
7.12181698096e-09	-0.00154666946037
7.12590997923e-09	-0.00175415593549
7.13000297749e-09	-0.00161320867483
7.13409597576e-09	-0.00120554776367
7.13818897402e-09	-0.00067127820148
7.14228197229e-09	-0.000175457197656
7.14637497055e-09	0.000130699157125
7.15046796882e-09	0.00014334296884
7.15456096708e-09	-0.000170695473571
7.15865396535e-09	-0.00076706901018
7.16274696361e-09	-0.00153350399341
7.16683996188e-09	-0.00231278006686
7.17093296014e-09	-0.00293550973583
7.17502595841e-09	-0.00325395603431
7.17911895667e-09	-0.00317245090264
7.18321195494e-09	-0.0026674081746
7.1873049532e-09	-0.00179345284414
7.19139795147e-09	-0.000675420134939
7.19549094973e-09	0.000514393916092
7.199583948e-09	0.00158753542928
7.20367694626e-09	0.00237522728276
7.20776994453e-09	0.00276091571141
7.21186294279e-09	0.00270247050503
7.21595594106e-09	0.002240674512
7.22004893932e-09	0.00148980527592
7.22414193759e-09	0.000614133336057
7.22823493585e-09	-0.000206116834306
7.23232793412e-09	-0.000811655634607
7.23642093238e-09	-0.00109485939902
7.24051393065e-09	-0.00101950011594
7.24460692891e-09	-0.000623283562163
7.24869992718e-09	-5.05036962295e-06
7.25279292544e-09	0.000700638145645
7.25688592371e-09	0.00135537289316
7.26097892197e-09	0.0018461371219
7.26507192024e-09	0.00210728938691
7.2691649185e-09	0.00212866591755
7.27325791677e-09	0.00195031416661
7.27735091503e-09	0.00164596521063
7.2814439133e-09	0.00129942577769
7.28553691156e-09	0.000982138437394
7.28962990983e-09	0.000735430945497
7.29372290809e-09	0.000563333054743
7.29781590636e-09	0.000436081492808
7.30190890462e-09	0.000302341844872
7.30600190289e-09	0.000107760784886
7.31009490115e-09	-0.000187225186892
7.31418789942e-09	-0.000592703330767
7.31828089768e-09	-0.00108264418668
7.32237389595e-09	-0.001597350667
7.32646689421e-09	-0.00205357681261
7.33055989248e-09	-0.00236195897742
7.33465289074e-09	-0.00244601142185
7.33874588901e-09	-0.00226074784587
7.34283888727e-09	-0.00180605876085
7.34693188554e-09	-0.00113160462934
7.3510248838e-09	-0.000332957066348
7.35511788207e-09	0.000463141972432
7.35921088033e-09	0.00112015381455
7.3633038786e-09	0.00151761485904
7.36739687686e-09	0.00157606172434
7.37148987513e-09	0.0012749335001
7.37558287339e-09	0.000660910256556
7.37967587166e-09	-0.00015807701584
7.38376886992e-09	-0.00103088759352
7.38786186818e-09	-0.00179120623216
7.39195486645e-09	-0.00229019233666
7.39604786471e-09	-0.0024255302269
7.40014086298e-09	-0.00216249682126
7.40423386124e-09	-0.00154011648556
7.40832685951e-09	-0.000662432608806
7.41241985777e-09	0.000323598917021
7.41651285604e-09	0.00125921126892
7.4206058543e-09	0.00200497449259
7.42469885257e-09	0.00246702310687
7.42879185083e-09	0.00261080794735
7.4328848491e-09	0.0024610622786
7.43697784736e-09	0.00208930691588
7.44107084563e-09	0.00159183923097
7.44516384389e-09	0.00106637825229
7.44925684216e-09	0.000591183772485
7.45334984042e-09	0.000212730094063
7.45744283869e-09	-5.67246938772e-05
7.46153583695e-09	-0.000233296132137
7.46562883522e-09	-0.00034855238664
7.46972183348e-09	-0.000435767862655
7.47381483175e-09	-0.000517203923664
7.47790783001e-09	-0.000596421057708
7.48200082828e-09	-0.000657147706079
7.48609382654e-09	-0.000667377400532
7.49018682481e-09	-0.000589550014411
7.49427982307e-09	-0.000392458390706
7.49837282134e-09	-6.3885059717e-05
7.5024658196e-09	0.000379467634048
7.50655881787e-09	0.000888103859324
7.51065181613e-09	0.00138209782017
7.5147448144e-09	0.00176261350862
7.51883781266e-09	0.00192948062613
7.52293081093e-09	0.0018030962965
7.52702380919e-09	0.00134623015038
7.53111680746e-09	0.000579293413466
7.53520980572e-09	-0.000413544385083
7.53930280399e-09	-0.00149255484575
7.54339580225e-09	-0.00248338317033
7.54748880052e-09	-0.00320822081994
7.55158179878e-09	-0.00352191462298
7.55567479705e-09	-0.00334362863214
7.55976779531e-09	-0.00267869938398
7.56386079358e-09	-0.00162293971516
7.56795379184e-09	-0.000348418931026
7.57204679011e-09	0.000927197637793
7.57613978837e-09	0.0019828920631
7.58023278664e-09	0.00263724967954
7.5843257849e-09	0.00278490479104
7.58841878317e-09	0.00241687259404
7.59251178143e-09	0.00162103405455
7.5966047797e-09	0.000563494260859
7.60069777796e-09	-0.000546406310605
7.60479077623e-09	-0.00149753878941
7.60888377449e-09	-0.00211802987906
7.61297677276e-09	-0.00230647274293
7.61706977102e-09	-0.00204763589136
7.62116276929e-09	-0.00141159514897
7.62525576755e-09	-0.000535527440661
7.62934876582e-09	0.000405319777201
7.63344176408e-09	0.0012330991085
7.63753476235e-09	0.0018018092378
7.64162776061e-09	0.00202389818151
7.64572075888e-09	0.00188597234956
7.64981375714e-09	0.00144880654261
7.6539067554e-09	0.000833737569337
7.65799975367e-09	0.000196688153665
7.66209275193e-09	-0.000305283867419
7.6661857502e-09	-0.000547413263121
7.67027874846e-09	-0.000465806606371
7.67437174673e-09	-7.28402474124e-05
7.67846474499e-09	0.000542795249203
7.68255774326e-09	0.00123299472762
7.68665074152e-09	0.00182180006232
7.69074373979e-09	0.00214384336141
7.69483673805e-09	0.0020835158939
7.69892973632e-09	0.00160389057419
7.70302273458e-09	0.000759533410019
7.70711573285e-09	-0.000310669025566
7.71120873111e-09	-0.001410859717
7.71530172938e-09	-0.00232818495715
7.71939472764e-09	-0.00287868792657
7.72348772591e-09	-0.002946994995
7.72758072417e-09	-0.00251157699677
7.73167372244e-09	-0.00165048222698
7.7357667207e-09	-0.000525133807969
7.73985971897e-09	0.000651598107652
7.74395271723e-09	0.0016576910275
7.7480457155e-09	0.00230413906684
7.75213871376e-09	0.00246882793726
7.75623171203e-09	0.00211719026265
7.76032471029e-09	0.00130507985159
7.76441770856e-09	0.000166942440956
7.76851070682e-09	-0.00110915113328
7.77260370509e-09	-0.00231368880486
7.77669670335e-09	-0.00324920541607
7.78078970162e-09	-0.00376142881578
7.78488269988e-09	-0.00376161956228
7.78897569815e-09	-0.00323927230784
7.79306869641e-09	-0.00226222958008
7.79716169468e-09	-0.000964629733062
7.80125469294e-09	0.000474408636364
7.80534769121e-09	0.00185981408868
7.80944068947e-09	0.00301034594304
7.81353368774e-09	0.00378590056789
7.817626686e-09	0.00410683816881
7.82171968427e-09	0.00396181613905
7.82581268253e-09	0.00340468302602
7.8299056808e-09	0.00253968992911
7.83399867906e-09	0.0015007207694
7.83809167733e-09	0.000427868941188
7.84218467559e-09	-0.000553535315703
7.84627767386e-09	-0.00134675182926
7.85037067212e-09	-0.00189056697127
7.85446367039e-09	-0.00215766832116
7.85855666865e-09	-0.00214887689799
7.86264966692e-09	-0.00188575284847
7.86674266518e-09	-0.00140436034417
7.87083566345e-09	-0.000753382832045
7.87492866171e-09	5.90871013628e-06
7.87902165998e-09	0.000797766377218
7.88311465824e-09	0.00153271968884
7.88720765651e-09	0.0021132966649
7.89130065477e-09	0.00244487056625
7.89539365304e-09	0.00245230550354
7.8994866513e-09	0.00209672181518
7.90357964957e-09	0.00138967872044
7.90767264783e-09	0.00039931493302
7.91176564609e-09	-0.000754670094466
7.91585864436e-09	-0.00191600449034
7.91995164262e-09	-0.00291645932884
7.92404464089e-09	-0.00360323156929
7.92813763915e-09	-0.00386506054201
7.93223063742e-09	-0.00365158129716
7.93632363568e-09	-0.00298154971097
7.94041663395e-09	-0.00194058650231
7.94450963221e-09	-0.00066720612449
7.94860263048e-09	0.000668152508297
7.95269562874e-09	0.00188835387235
7.95678862701e-09	0.00283534181654
7.96088162527e-09	0.00339154861285
7.96497462354e-09	0.0034962623613
7.9690676218e-09	0.00315288090496
7.97316062007e-09	0.00242760239053
7.97725361833e-09	0.00143914771616
7.9813466166e-09	0.000339807640557
7.98543961486e-09	-0.000707955619873
7.98953261313e-09	-0.00155800204084
7.99362561139e-09	-0.00210367231921
7.99771860966e-09	-0.00229410755855
8.00181160792e-09	-0.00214031223732
8.00590460619e-09	-0.00170802745561
8.00999760445e-09	-0.00110074639088
8.01409060272e-09	-0.000434692596173
8.01818360098e-09	0.000186644638234
8.02227659925e-09	0.000692431465723
8.02636959751e-09	0.00105460134364
8.03046259578e-09	0.00128423720889
8.03455559404e-09	0.00141803485167
8.03864859231e-09	0.00149769292329
8.04274159057e-09	0.00154997770733
8.04683458884e-09	0.00157403665071
8.0509275871e-09	0.00153887331544
8.05502058537e-09	0.00139384430076
8.05911358363e-09	0.00108706769242
8.0632065819e-09	0.00058771719705
8.06729958016e-09	-9.50147027652e-05
8.07139257843e-09	-0.000902827647224
8.07548557669e-09	-0.00173068357981
8.07957857496e-09	-0.00244296039455
8.08367157322e-09	-0.00289829995017
8.08776457149e-09	-0.00297890705406
8.09185756975e-09	-0.00261807402421
8.09595056802e-09	-0.00181879977754
8.10004356628e-09	-0.000661390258756
8.10413656455e-09	0.000703957568476
8.10822956281e-09	0.00207720504841
8.11232256108e-09	0.00323862908408
8.11641555934e-09	0.00398502289318
8.12050855761e-09	0.00416447766474
8.12460155587e-09	0.00370611506514
8.12869455414e-09	0.00263758061919
8.1327875524e-09	0.00108767169149
8.13688055067e-09	-0.000727555147023
8.14097354893e-09	-0.00253557848919
8.1450665472e-09	-0.00404932518722
8.14915954546e-09	-0.00501602233271
8.15325254373e-09	-0.00526296169846
8.15734554199e-09	-0.00473188215983
8.16143854026e-09	-0.0034949114779
8.16553153852e-09	-0.00174580229213
8.16962453679e-09	0.000231297723076
8.17371753505e-09	0.00211244920501
8.17781053331e-09	0.00359312616638
8.18190353158e-09	0.004444037535
8.18599652984e-09	0.00455302305636
8.19008952811e-09	0.00394232341205
8.19418252637e-09	0.00276003246836
8.19827552464e-09	0.00124656116532
8.2023685229e-09	-0.000315308492645
8.20646152117e-09	-0.00165508674399
8.21055451943e-09	-0.00256399466889
8.2146475177e-09	-0.00292749791697
8.21874051596e-09	-0.00273779772397
8.22283351423e-09	-0.00208460666181
8.22692651249e-09	-0.00112837507186
8.23101951076e-09	-6.4127308633e-05
8.23511250902e-09	0.0009179845365
8.23920550729e-09	0.00166572420858
8.24329850555e-09	0.00208782442496
8.24739150382e-09	0.0021635027515
8.25148450208e-09	0.00193783623399
8.25557750035e-09	0.00150667698472
8.25967049861e-09	0.000992500034044
8.26376349688e-09	0.000517836604558
8.26785649514e-09	0.000179717159881
8.27194949341e-09	2.98636663274e-05
8.27604249167e-09	6.54037439745e-05
8.28013548994e-09	0.000230340559938
8.2842284882e-09	0.000430153591878
8.28832148647e-09	0.000555289978365
8.29241448473e-09	0.000509577257617
8.296507483e-09	0.000237516256675
8.30060048126e-09	-0.000257878080447
8.30469347953e-09	-0.0009097969305
8.30878647779e-09	-0.00159932138922
8.31287947606e-09	-0.00218088491238
8.31697247432e-09	-0.0025160896912
8.32106547259e-09	-0.00250861125824
8.32515847085e-09	-0.00212948938133
8.32925146912e-09	-0.00142822285125
8.33334446738e-09	-0.000524812996446
8.33743746565e-09	0.000414708349126
8.34153046391e-09	0.00121299902821
8.34562346218e-09	0.00171948262141
8.34971646044e-09	0.00184089892718
8.35380945871e-09	0.0015597261081
8.35790245697e-09	0.000935771364311
8.36199545524e-09	9.19224135032e-05
8.3660884535e-09	-0.000810858771729
8.37018145177e-09	-0.00160505785607
8.37427445003e-09	-0.00214588470408
8.3783674483e-09	-0.00233479353483
8.38246044656e-09	-0.00213301365147
8.38655344483e-09	-0.00156379357213
8.39064644309e-09	-0.000705880473106
8.39473944136e-09	0.000321564568367
8.39883243962e-09	0.00137755665492
8.40292543789e-09	0.00231999308744
8.40701843615e-09	0.00302561625722
8.41111143442e-09	0.00340614537708
8.41520443268e-09	0.00342057761736
8.41929743095e-09	0.00307982930099
8.42339042921e-09	0.00244455713255
8.42748342748e-09	0.00161502337141
8.43157642574e-09	0.000713914268999
8.43566942401e-09	-0.000133826742967
8.43976242227e-09	-0.000822378555313
8.44385542053e-09	-0.0012812167115
8.4479484188e-09	-0.00148400265607
8.45204141706e-09	-0.00144806558092
8.45613441533e-09	-0.00122434430523
8.46022741359e-09	-0.000882691514562
8.46432041186e-09	-0.000494851268741
8.46841341012e-09	-0.000121527247757
8.47250640839e-09	0.000194406645278
8.47659940665e-09	0.000428159572039
8.48069240492e-09	0.00056723158923
8.48478540318e-09	0.000605177625403
8.48887840145e-09	0.00053649610345
8.49297139971e-09	0.000356597827704
8.49706439798e-09	6.66264386382e-05
8.50115739624e-09	-0.000319806033076
8.50525039451e-09	-0.00076978099969
8.50934339277e-09	-0.00122998520965
8.51343639104e-09	-0.00163168790459
8.5175293893e-09	-0.00190263941477
8.52162238757e-09	-0.00198338810878
8.52571538583e-09	-0.00184226168494
8.5298083841e-09	-0.001486363617
8.53390138236e-09	-0.000962955557043
8.53799438063e-09	-0.000351717188096
8.54208737889e-09	0.000250890305324
8.54618037716e-09	0.000751953033614
8.55027337542e-09	0.00108039166662
8.55436637369e-09	0.00120086184324
8.55845937195e-09	0.00111851334805
8.56255237022e-09	0.000875221434399
8.56664536848e-09	0.000539136206498
8.57073836675e-09	0.000189412571672
8.57483136501e-09	-9.83794293461e-05
8.57892436328e-09	-0.000265498229055
8.58301736154e-09	-0.000278656147202
8.58711035981e-09	-0.000134016698212
8.59120335807e-09	0.000142566625982
8.59529635634e-09	0.000500380872836
8.5993893546e-09	0.000871211726917
8.60348235287e-09	0.00118077726802
8.60757535113e-09	0.00136222672882
8.6116683494e-09	0.00136989775638
8.61576134766e-09	0.00119185365475
8.61985434593e-09	0.00085591772222
8.62394734419e-09	0.000428506667959
8.62804034246e-09	3.27099746755e-06
8.63213334072e-09	-0.000318775868436
8.63622633899e-09	-0.000453223605291
8.64031933725e-09	-0.000356175029083
8.64441233552e-09	-3.94831088215e-05
8.64850533378e-09	0.000425885620643
8.65259833205e-09	0.000921805156395
8.65669133031e-09	0.00130861588696
8.66078432858e-09	0.00145779179002
8.66487732684e-09	0.00128564426996
8.66897032511e-09	0.000777369976277
8.67306332337e-09	-3.6109283883e-06
8.67715632164e-09	-0.000924725274672
8.6812493199e-09	-0.00181078742025
8.68534231817e-09	-0.0024805682624
8.68943531643e-09	-0.00278696401801
8.6935283147e-09	-0.00264958226762
8.69762131296e-09	-0.00207352929283
8.70171431123e-09	-0.00115043101687
8.70580730949e-09	-4.08731198149e-05
8.70990030775e-09	0.00105555851042
8.71399330602e-09	0.00193808993208
8.71808630428e-09	0.00244121567812
8.72217930255e-09	0.00246390061511
8.72627230081e-09	0.00198750758136
8.73036529908e-09	0.00107872044464
8.73445829734e-09	-0.00012021384191
8.73855129561e-09	-0.00141405213071
8.74264429387e-09	-0.00258540571667
8.74673729214e-09	-0.00342975559761
8.7508302904e-09	-0.00379071495263
8.75492328867e-09	-0.00358807799057
8.75901628693e-09	-0.00283548815059
8.7631092852e-09	-0.0016417800507
8.76720228346e-09	-0.000194842634301
8.77129528173e-09	0.00126998877386
8.77538827999e-09	0.00251342583215
8.77948127826e-09	0.00333720530034
8.78357427652e-09	0.00362297380343
8.78766727479e-09	0.00335504379473
8.79176027305e-09	0.00262163233128
8.79585327132e-09	0.00159497529967
8.79994626958e-09	0.000492929295433
8.80403926785e-09	-0.000467017576739
8.80813226611e-09	-0.00111233063217
8.81222526438e-09	-0.00134787669231
8.81631826264e-09	-0.00116906171752
8.82041126091e-09	-0.000655336931231
8.82450425917e-09	5.48538662315e-05
8.82859725744e-09	0.000798535904323
8.8326902557e-09	0.00142448122642
8.83678325397e-09	0.00182284892071
8.84087625223e-09	0.0019415019633
8.8449692505e-09	0.00178894822602
8.84906224876e-09	0.00142341086757
8.85315524703e-09	0.000934079231229
8.85724824529e-09	0.000419101266743
8.86134124356e-09	-3.51686906015e-05
8.86543424182e-09	-0.000368692793927
8.86952724009e-09	-0.000556440769287
8.87362023835e-09	-0.00060902387122
8.87771323662e-09	-0.000567443577893
8.88180623488e-09	-0.000493030373036
8.88589923315e-09	-0.000453199878393
8.88999223141e-09	-0.000506780528667
8.89408522968e-09	-0.000689104308549
8.89817822794e-09	-0.00100141589792
8.90227122621e-09	-0.00140650828689
8.90636422447e-09	-0.00183226396621
8.91045722274e-09	-0.00218497401511
8.914550221e-09	-0.00236858226708
8.91864321927e-09	-0.00230794727395
8.92273621753e-09	-0.0019692829228
8.9268292158e-09	-0.00137253286084
8.93092221406e-09	-0.000592561002122
8.93501521233e-09	0.00025383468892
8.93910821059e-09	0.00103064292489
8.94320120886e-09	0.00161160284188
8.94729420712e-09	0.001907468235
8.95138720539e-09	0.00188448744302
8.95548020365e-09	0.00157082258374
8.95957320192e-09	0.00104762698902
8.96366620018e-09	0.000429469273513
8.96775919844e-09	-0.000161793049301
8.97185219671e-09	-0.000622445972112
8.97594519497e-09	-0.000884643675818
8.98003819324e-09	-0.000924536579987
8.9841311915e-09	-0.000758276277338
8.98822418977e-09	-0.000430579144449
8.99231718803e-09	3.77649826078e-07
8.9964101863e-09	0.000477007142763
9.00050318456e-09	0.000950416309934
9.00459618283e-09	0.00138351759233
9.00868918109e-09	0.00174830592005
9.01278217936e-09	0.00202163413633
9.01687517762e-09	0.00218208342267
9.02096817589e-09	0.00220909394557
9.02506117415e-09	0.00208640417259
9.02915417242e-09	0.00180631355033
9.03324717068e-09	0.00137459589314
9.03734016895e-09	0.000813135251519
9.04143316721e-09	0.000159242459631
9.04552616548e-09	-0.000536757313967
9.04961916374e-09	-0.00121657366253
9.05371216201e-09	-0.00181832227099
9.05780516027e-09	-0.00228117010556
9.06189815854e-09	-0.00255003065104
9.0659911568e-09	-0.00258043779468
9.07008415507e-09	-0.00234598985116
9.07417715333e-09	-0.0018459653802
9.0782701516e-09	-0.00111339905561
9.08236314986e-09	-0.00021968251167
9.08645614813e-09	0.000727573675249
9.09054914639e-09	0.00159445502504
9.09464214466e-09	0.00224058212189
9.09873514292e-09	0.00254412741924
9.10282814119e-09	0.00242845824687
9.10692113945e-09	0.00188331436948
9.11101413772e-09	0.000973758593318
9.11510713598e-09	-0.000165257615663
9.11920013425e-09	-0.00135098949249
9.12329313251e-09	-0.00238579773577
9.12738613078e-09	-0.00309486556216
9.13147912904e-09	-0.00336019872339
9.13557212731e-09	-0.0031420456362
9.13966512557e-09	-0.0024849370966
9.14375812384e-09	-0.0015055603435
9.1478511221e-09	-0.000367603815903
9.15194412037e-09	0.000750600520405
9.15603711863e-09	0.00168869482877
9.1601301169e-09	0.0023290123645
9.16422311516e-09	0.00261144143587
9.16831611343e-09	0.00253546626482
9.17240911169e-09	0.00215231010225
9.17650210996e-09	0.00155053997878
9.18059510822e-09	0.00083783561422
9.18468810649e-09	0.000124125285765
9.18878110475e-09	-0.000493877781992
9.19287410302e-09	-0.000943841951084
9.19696710128e-09	-0.00118479979574
9.20106009955e-09	-0.00121013481839
9.20515309781e-09	-0.00104474742693
9.20924609608e-09	-0.000738592076232
9.21333909434e-09	-0.000355281561497
9.21743209261e-09	4.12792828683e-05
9.22152509087e-09	0.000399676398956
9.22561808914e-09	0.000691118526447
9.2297110874e-09	0.000912230199901
9.23380408566e-09	0.00108129424916
9.23789708393e-09	0.00122695617756
9.24199008219e-09	0.00137312443258
9.24608308046e-09	0.00152516018716
9.25017607872e-09	0.00166076124879
9.25426907699e-09	0.00173132198688
9.25836207525e-09	0.00167274707928
9.26245507352e-09	0.00142470963328
9.26654807178e-09	0.000952976741246
9.27064107005e-09	0.000267059367616
9.27473406831e-09	-0.000571078195208
9.27882706658e-09	-0.00145301942393
9.28292006484e-09	-0.00224257668015
9.28701306311e-09	-0.00280371226836
9.29110606137e-09	-0.00303106167121
9.29519905964e-09	-0.00287377844506
9.2992920579e-09	-0.00234859179182
9.30338505617e-09	-0.00153710840095
9.30747805443e-09	-0.000569801079109
9.3115710527e-09	0.000399091557483
9.31566405096e-09	0.00122043415467
9.31975704923e-09	0.00177474049269
9.32385004749e-09	0.0019900593179
9.32794304576e-09	0.00184937074664
9.33203604402e-09	0.00138875054836
9.33612904229e-09	0.000688692158292
9.34022204055e-09	-0.00014025679593
9.34431503882e-09	-0.000973032168986
9.34840803708e-09	-0.00168705897522
9.35250103535e-09	-0.00217796150537
9.35659403361e-09	-0.00237301303423
9.36068703188e-09	-0.00224176242773
9.36478003014e-09	-0.00180028402247
9.36887302841e-09	-0.00110975488496
9.37296602667e-09	-0.000266879527771
9.37705902494e-09	0.00061206880855
9.3811520232e-09	0.00141069670644
9.38524502147e-09	0.00203293043887
9.38933801973e-09	0.00241789873689
9.393431018e-09	0.00254775580834
9.39752401626e-09	0.00244528069743
9.40161701453e-09	0.00216250837548
9.40571001279e-09	0.00176470499719
9.40980301106e-09	0.00131278538174
9.41389600932e-09	0.000851389406307
9.41798900759e-09	0.000404126625654
9.42208200585e-09	-2.23452009323e-05
9.42617500412e-09	-0.000427436927566
9.43026800238e-09	-0.000804849812994
9.43436100065e-09	-0.00113295274787
9.43845399891e-09	-0.00137347233249
9.44254699718e-09	-0.00147837472468
9.44663999544e-09	-0.00140356640622
9.45073299371e-09	-0.00112587177136
9.45482599197e-09	-0.000655928495689
9.45891899024e-09	-4.43991668817e-05
9.4630119885e-09	0.000622931915132
9.46710498677e-09	0.0012395423837
9.47119798503e-09	0.00169833539985
9.4752909833e-09	0.00191374661517
9.47938398156e-09	0.00183839598321
9.48347697983e-09	0.0014726016816
9.48756997809e-09	0.000863707820827
9.49166297636e-09	9.66612137745e-05
9.49575597462e-09	-0.000720556188753
9.49984897288e-09	-0.00147489706433
9.50394197115e-09	-0.00206414707645
9.50803496941e-09	-0.00241052173078
9.51212796768e-09	-0.00246984130354
9.51622096594e-09	-0.00223595720308
9.52031396421e-09	-0.00174191473343
9.52440696247e-09	-0.001055794477
9.52849996074e-09	-0.000273286244919
9.532592959e-09	0.000494629133755
9.53668595727e-09	0.00113774161582
9.54077895553e-09	0.00156384737056
9.5448719538e-09	0.00171591289109
9.54896495206e-09	0.00158315550652
9.55305795033e-09	0.00120459639584
9.55715094859e-09	0.000662068800011
9.56124394686e-09	6.32098290225e-05
9.56533694512e-09	-0.00048081955174
9.56942994339e-09	-0.000879467224877
9.57352294165e-09	-0.00108042646025
9.57761593992e-09	-0.00107762948755
9.58170893818e-09	-0.000907105604711
9.58580193645e-09	-0.000631671427982
9.58989493471e-09	-0.000321014409565
9.59398793298e-09	-3.13005702992e-05
9.59808093124e-09	0.00020773432334
9.60217392951e-09	0.000395864539314
9.60626692777e-09	0.000555549129786
9.61035992604e-09	0.000717132195859
9.6144529243e-09	0.000903412183106
9.61854592257e-09	0.00111684339208
9.62263892083e-09	0.00133503122197
9.6267319191e-09	0.00151513704623
9.63082491736e-09	0.00160490984854
9.63491791563e-09	0.0015582946362
9.63901091389e-09	0.00134884045838
9.64310391216e-09	0.000979111951892
9.64719691042e-09	0.000482718773128
9.65128990869e-09	-8.1065030372e-05
9.65538290695e-09	-0.000637161712802
9.65947590522e-09	-0.00110835090163
9.66356890348e-09	-0.00142768459045
9.66766190175e-09	-0.00154922466027
9.67175490001e-09	-0.00145519959915
9.67584789828e-09	-0.00115860252845
9.67994089654e-09	-0.000702976321918
9.68403389481e-09	-0.000157319905156
9.68812689307e-09	0.000391721841879
9.69221989134e-09	0.000851455442898
9.6963128896e-09	0.00113775769569
9.70040588787e-09	0.001189895469
9.70449888613e-09	0.000984852558759
9.7085918844e-09	0.000545513335965
9.71268488266e-09	-5.87563281442e-05
9.71677788093e-09	-0.00072166591417
9.72087087919e-09	-0.00131969261565
9.72496387746e-09	-0.00173688512587
9.72905687572e-09	-0.00189131069055
9.73314987399e-09	-0.00175443835906
9.73724287225e-09	-0.00135911180405
9.74133587052e-09	-0.000793154082203
9.74542886878e-09	-0.000178515857442
9.74952186705e-09	0.000357180271749
9.75361486531e-09	0.000711503274943
9.75770786357e-09	0.000830815894005
9.76180086184e-09	0.000721264241292
9.7658938601e-09	0.000445082867373
9.76998685837e-09	0.000102200319816
9.77407985663e-09	-0.000195510974663
9.7781728549e-09	-0.000352342765837
9.78226585316e-09	-0.000310910487315
9.78635885143e-09	-6.35502883597e-05
9.79045184969e-09	0.000347822517142
9.79454484796e-09	0.000843959511258
9.79863784622e-09	0.00132655574998
9.80273084449e-09	0.00169944184017
9.80682384275e-09	0.0018873092049
9.81091684102e-09	0.00184831436491
9.81500983928e-09	0.00158068639576
9.81910283755e-09	0.00112128064939
9.82319583581e-09	0.000539261451195
9.82728883408e-09	-7.50341973799e-05
9.83138183234e-09	-0.000624421030807
9.83547483061e-09	-0.00101993522549
9.83956782887e-09	-0.00119685762911
9.84366082714e-09	-0.0011272411939
9.8477538254e-09	-0.000828090443974
9.85184682367e-09	-0.000361770526069
9.85593982193e-09	0.000173307266778
9.8600328202e-09	0.000659850029479
9.86412581846e-09	0.000986022154393
9.86821881673e-09	0.00106983770092
9.87231181499e-09	0.000878933940839
9.87640481326e-09	0.000439991184976
9.88049781152e-09	-0.000166241054103
9.88459080979e-09	-0.000821979294415
9.88868380805e-09	-0.00139959362423
9.89277680632e-09	-0.00179035325709
9.89686980458e-09	-0.00192816652998
9.90096280285e-09	-0.00180262546928
9.90505580111e-09	-0.00145705358591
9.90914879938e-09	-0.000974742593826
9.91324179764e-09	-0.000455774126749
9.91733479591e-09	7.63002185522e-06
9.92142779417e-09	0.000351014950866
9.92552079244e-09	0.000549057000171
9.9296137907e-09	0.00061477086274
9.93370678897e-09	0.000590174862737
9.93779978723e-09	0.000530350687768
9.9418927855e-09	0.000486707602249
9.94598578376e-09	0.000494154890475
9.95007878203e-09	0.000563573670661
9.95417178029e-09	0.000682377834892
9.95826477856e-09	0.000819788234367
9.96235777682e-09	0.000935892960115
9.96645077509e-09	0.000991509237792
9.97054377335e-09	0.000955973759119
9.97463677162e-09	0.000813635342638
9.97872976988e-09	0.000566660375625
9.98282276815e-09	0.000236251493334
9.98691576641e-09	-0.000138598375997
9.99100876468e-09	-0.000505266209075
9.99510176294e-09	-0.000803593182354
9.99919476121e-09	-0.000976034571067
1.00032877595e-08	-0.000978851676336
1.00073807577e-08	-0.000793778133811
1.0011473756e-08	-0.000436705980974
1.00155667543e-08	4.05492403388e-05
1.00196597525e-08	0.000555709106266
1.00237527508e-08	0.00101089390955
1.00278457491e-08	0.00131241510826
1.00319387473e-08	0.00139184598083
1.00360317456e-08	0.00122297823691
1.00401247439e-08	0.000828593481856
1.00442177421e-08	0.000276726032098
1.00483107404e-08	-0.000334845626639
1.00524037386e-08	-0.0009003755913
1.00564967369e-08	-0.00132879322337
1.00605897352e-08	-0.00156197103206
1.00646827334e-08	-0.00158256862778
1.00687757317e-08	-0.00141226293636
1.007286873e-08	-0.00110024675087
1.00769617282e-08	-0.000707307535777
1.00810547265e-08	-0.000290769416097
1.00851477248e-08	0.000106604486064
1.0089240723e-08	0.000459461909486
1.00933337213e-08	0.000756980916776
1.00974267196e-08	0.00099530161242
1.01015197178e-08	0.0011694984496
1.01056127161e-08	0.00126918547903
1.01097057144e-08	0.0012779256067
1.01137987126e-08	0.00117842615873
1.01178917109e-08	0.000959605626122
1.01219847092e-08	0.000623764972261
1.01260777074e-08	0.000191298206119
1.01301707057e-08	-0.000299752455248
1.01342637039e-08	-0.000797238812083
1.01383567022e-08	-0.00124234657414
1.01424497005e-08	-0.00157745777688
1.01465426987e-08	-0.00175339823181
1.0150635697e-08	-0.00173588861071
1.01547286953e-08	-0.00150952898548
1.01588216935e-08	-0.00108176779031
1.01629146918e-08	-0.000484978354507
1.01670076901e-08	0.000222899874643
1.01711006883e-08	0.000960473138548
1.01751936866e-08	0.00163042449276
1.01792866849e-08	0.00213124063157
1.01833796831e-08	0.0023744154314
1.01874726814e-08	0.00230278361414
1.01915656797e-08	0.00190633250168
1.01956586779e-08	0.00123138650815
1.01997516762e-08	0.000377889522497
1.02038446745e-08	-0.000514400348038
1.02079376727e-08	-0.00129091514827
1.0212030671e-08	-0.00181243744737
1.02161236692e-08	-0.00198369647842
1.02202166675e-08	-0.00177455194353
1.02243096658e-08	-0.00122662022477
1.0228402664e-08	-0.000445436624432
1.02324956623e-08	0.000421686429036
1.02365886606e-08	0.00121621303697
1.02406816588e-08	0.00179963621486
1.02447746571e-08	0.00207969911571
1.02488676554e-08	0.00202411104692
1.02529606536e-08	0.00166148311109
1.02570536519e-08	0.00106951520866
1.02611466502e-08	0.000354657620846
1.02652396484e-08	-0.000370206616935
1.02693326467e-08	-0.0010066489267
1.0273425645e-08	-0.00148432452988
1.02775186432e-08	-0.0017675501731
1.02816116415e-08	-0.00185463680828
1.02857046397e-08	-0.00177141559834
1.0289797638e-08	-0.00156269939907
1.02938906363e-08	-0.00128155328275
1.02979836345e-08	-0.000979701137112
1.03020766328e-08	-0.00069869985964
1.03061696311e-08	-0.0004629297473
1.03102626293e-08	-0.000276426420896
1.03143556276e-08	-0.000122842738165
1.03184486259e-08	2.86320937448e-05
1.03225416241e-08	0.000213450777665
1.03266346224e-08	0.000458979680843
1.03307276207e-08	0.000771674414864
1.03348206189e-08	0.00112947371963
1.03389136172e-08	0.0014807319385
1.03430066155e-08	0.00175329447666
1.03470996137e-08	0.00187131449638
1.0351192612e-08	0.0017762613279
1.03552856103e-08	0.00144733461639
1.03593786085e-08	0.000913448755455
1.03634716068e-08	0.000254364093053
1.0367564605e-08	-0.000412304678321
1.03716576033e-08	-0.000955128314672
1.03757506016e-08	-0.00125811792532
1.03798435998e-08	-0.00124918835354
1.03839365981e-08	-0.000918563426239
1.03880295964e-08	-0.000324118873323
1.03921225946e-08	0.00041917395356
1.03962155929e-08	0.00116286695993
1.04003085912e-08	0.00175516206946
1.04044015894e-08	0.00207209942164
1.04084945877e-08	0.00204089407634
1.0412587586e-08	0.00165257771732
1.04166805842e-08	0.000961410340096
1.04207735825e-08	7.22135864635e-05
1.04248665808e-08	-0.000879403429281
1.0428959579e-08	-0.00175137908082
1.04330525773e-08	-0.00241769039712
1.04371455756e-08	-0.00278709401027
1.04412385738e-08	-0.00281567325874
1.04453315721e-08	-0.00251139690226
1.04494245703e-08	-0.00193223972747
1.04535175686e-08	-0.00117614088958
1.04576105669e-08	-0.000365609497749
1.04617035651e-08	0.000372212211005
1.04657965634e-08	0.000927492175833
1.04698895617e-08	0.00122680295317
1.04739825599e-08	0.00124743358901
1.04780755582e-08	0.00102152970067
1.04821685565e-08	0.000629715508694
1.04862615547e-08	0.000184302724847
1.0490354553e-08	-0.00019554174105
1.04944475513e-08	-0.00040978479592
1.04985405495e-08	-0.000400603130402
1.05026335478e-08	-0.000165181925695
1.05067265461e-08	0.000244143579039
1.05108195443e-08	0.000732491309464
1.05149125426e-08	0.00118588160694
1.05190055409e-08	0.0014978658146
1.05230985391e-08	0.00159457921109
1.05271915374e-08	0.00145070701547
1.05312845356e-08	0.00109324179357
1.05353775339e-08	0.00059343418252
1.05394705322e-08	4.82654561438e-05
1.05435635304e-08	-0.000441348489403
1.05476565287e-08	-0.000791732323705
1.0551749527e-08	-0.000951326081122
1.05558425252e-08	-0.000906776818738
1.05599355235e-08	-0.000681569214066
1.05640285218e-08	-0.000327430028847
1.056812152e-08	8.64354901751e-05
1.05722145183e-08	0.000485033098812
1.05763075166e-08	0.000797962937213
1.05804005148e-08	0.000967340638454
1.05844935131e-08	0.000955064941081
1.05885865114e-08	0.000747631653212
1.05926795096e-08	0.000360032550816
1.05967725079e-08	-0.000163356437952
1.06008655061e-08	-0.000752251020458
1.06049585044e-08	-0.00131805631827
1.06090515027e-08	-0.00176720082527
1.06131445009e-08	-0.00201639866282
1.06172374992e-08	-0.00200833503914
1.06213304975e-08	-0.00172365859908
1.06254234957e-08	-0.00118572574866
1.0629516494e-08	-0.000458212358353
1.06336094923e-08	0.000365849233276
1.06377024905e-08	0.00117928459076
1.06417954888e-08	0.00187778988038
1.06458884871e-08	0.00237513336469
1.06499814853e-08	0.00261286080058
1.06540744836e-08	0.0025653848279
1.06581674819e-08	0.00223910492787
1.06622604801e-08	0.00166887494561
1.06663534784e-08	0.000913149320695
1.06704464767e-08	4.85342502543e-05
1.06745394749e-08	-0.000834636601212
1.06786324732e-08	-0.00163866153162
1.06827254714e-08	-0.00226621552429
1.06868184697e-08	-0.00263143829943
1.0690911468e-08	-0.0026736932632
1.06950044662e-08	-0.00237069778086
1.06990974645e-08	-0.00174926749605
1.07031904628e-08	-0.00088783037063
1.0707283461e-08	9.03763693714e-05
1.07113764593e-08	0.00103451713221
1.07154694576e-08	0.00179180584382
1.07195624558e-08	0.0022352222004
1.07236554541e-08	0.00228907962446
1.07277484524e-08	0.00194467647816
1.07318414506e-08	0.00126336640824
1.07359344489e-08	0.000366016238331
1.07400274472e-08	-0.00058977088338
1.07441204454e-08	-0.0014380302091
1.07482134437e-08	-0.0020343761862
1.0752306442e-08	-0.00228009237617
1.07563994402e-08	-0.00213691698445
1.07604924385e-08	-0.00163099120255
1.07645854367e-08	-0.000844981041155
1.0768678435e-08	9.73773626356e-05
1.07727714333e-08	0.00105288845225
1.07768644315e-08	0.00188173927017
1.07809574298e-08	0.00246844836511
1.07850504281e-08	0.00273909770476
1.07891434263e-08	0.00267105262901
1.07932364246e-08	0.00229588897491
1.07973294229e-08	0.00169323802402
1.08014224211e-08	0.00097673862183
1.08055154194e-08	0.000274002302831
1.08096084177e-08	-0.000297806567687
1.08137014159e-08	-0.000654592633509
1.08177944142e-08	-0.000763257805374
1.08218874125e-08	-0.000649167850497
1.08259804107e-08	-0.000390681710996
1.0830073409e-08	-0.000101630394965
1.08341664072e-08	9.66791458268e-05
1.08382594055e-08	0.000105764689579
1.08423524038e-08	-0.000123280326079
1.0846445402e-08	-0.000574487650738
1.08505384003e-08	-0.00116790984612
1.08546313986e-08	-0.00177589082159
1.08587243968e-08	-0.00225288132788
1.08628173951e-08	-0.00246972109016
1.08669103934e-08	-0.00234522383835
1.08710033916e-08	-0.00186707590183
1.08750963899e-08	-0.00109645565681
1.08791893882e-08	-0.000157207820848
1.08832823864e-08	0.000789397672634
1.08873753847e-08	0.00157667168241
1.0891468383e-08	0.00206507279654
1.08955613812e-08	0.00216901721433
1.08996543795e-08	0.00187195024046
1.09037473778e-08	0.00122948166972
1.0907840376e-08	0.000358992760084
1.09119333743e-08	-0.000580476800678
1.09160263725e-08	-0.00141471747338
1.09201193708e-08	-0.00198370049475
1.09242123691e-08	-0.00216783180076
1.09283053673e-08	-0.00190925096103
1.09323983656e-08	-0.00122323872347
1.09364913639e-08	-0.00019853602771
1.09405843621e-08	0.00101398680272
1.09446773604e-08	0.00222452566959
1.09487703587e-08	0.00323453641613
1.09528633569e-08	0.00387110328302
1.09569563552e-08	0.00401805673027
1.09610493535e-08	0.00363810310955
1.09651423517e-08	0.00278170229285
1.096923535e-08	0.00157864518405
1.09733283483e-08	0.000215290523556
1.09774213465e-08	-0.00109992421494
1.09815143448e-08	-0.00217465538299
1.09856073431e-08	-0.00286635675002
1.09897003413e-08	-0.00310561773949
1.09937933396e-08	-0.00290287645475
1.09978863378e-08	-0.00233993603615
1.10019793361e-08	-0.00154793266847
1.10060723344e-08	-0.000678184820572
1.10101653326e-08	0.000126546726278
1.10142583309e-08	0.000755832021241
1.10183513292e-08	0.00114451332774
1.10224443274e-08	0.00127564868308
1.10265373257e-08	0.00117404046614
1.1030630324e-08	0.00089367019973
1.10347233222e-08	0.000503951185237
1.10388163205e-08	7.61420524213e-05
1.10429093188e-08	-0.000326198280163
1.1047002317e-08	-0.000653689570754
1.10510953153e-08	-0.000874417222803
1.10551883136e-08	-0.000974273098109
1.10592813118e-08	-0.000956510782999
1.10633743101e-08	-0.000838790641865
1.10674673084e-08	-0.000649509962386
1.10715603066e-08	-0.000422361124947
1.10756533049e-08	-0.000189639013115
1.10797463031e-08	2.35190682361e-05
1.10838393014e-08	0.000204182206289
1.10879322997e-08	0.000352464527168
1.10920252979e-08	0.000478898520669
1.10961182962e-08	0.000598189672019
1.11002112945e-08	0.000720651056326
1.11043042927e-08	0.00084550891188
1.1108397291e-08	0.000956867705099
1.11124902893e-08	0.00102592426992
1.11165832875e-08	0.0010182797123
1.11206762858e-08	0.000904464017367
1.11247692841e-08	0.000671342724672
1.11288622823e-08	0.000329009077177
1.11329552806e-08	-8.74893066793e-05
1.11370482789e-08	-0.000523834871274
1.11411412771e-08	-0.000917377998121
1.11452342754e-08	-0.00120969535055
1.11493272736e-08	-0.00135848905484
1.11534202719e-08	-0.00134392039763
1.11575132702e-08	-0.0011699440729
1.11616062684e-08	-0.000860180523887
1.11656992667e-08	-0.000450659892522
1.1169792265e-08	1.68367503193e-05
1.11738852632e-08	0.000500372978422
1.11779782615e-08	0.000959549302934
1.11820712598e-08	0.00135553964355
1.1186164258e-08	0.00165056504193
1.11902572563e-08	0.00180842010013
1.11943502546e-08	0.00179877075425
1.11984432528e-08	0.00160325308389
1.12025362511e-08	0.00122365729476
1.12066292494e-08	0.000688349296979
1.12107222476e-08	5.42439124729e-05
1.12148152459e-08	-0.000596791305725
1.12189082442e-08	-0.00116922598681
1.12230012424e-08	-0.00156935607083
1.12270942407e-08	-0.0017234019324
1.12311872389e-08	-0.0015934718831
1.12352802372e-08	-0.00118725548964
1.12393732355e-08	-0.000560319433134
1.12434662337e-08	0.000191485427422
1.1247559232e-08	0.000946267347899
1.12516522303e-08	0.00157537937048
1.12557452285e-08	0.00196403535665
1.12598382268e-08	0.00202909334621
1.12639312251e-08	0.00173316073779
1.12680242233e-08	0.00109153197263
1.12721172216e-08	0.000172884917447
1.12762102199e-08	-0.000907137196918
1.12803032181e-08	-0.00199947541114
1.12843962164e-08	-0.00294024033064
1.12884892147e-08	-0.00357464945409
1.12925822129e-08	-0.00378181130509
1.12966752112e-08	-0.00349781589466
1.13007682095e-08	-0.00273235460918
1.13048612077e-08	-0.00157370262605
1.1308954206e-08	-0.000180771595296
1.13130472042e-08	0.00124007060367
1.13171402025e-08	0.00246893372969
1.13212332008e-08	0.00331195484614
1.1325326199e-08	0.0036388435401
1.13294191973e-08	0.00340901507298
1.13335121956e-08	0.00268183856679
1.13376051938e-08	0.00160632694315
1.13416981921e-08	0.000393062800867
1.13457911904e-08	-0.000726219615899
1.13498841886e-08	-0.00154366018251
1.13539771869e-08	-0.00191394946887
1.13580701852e-08	-0.00178062237683
1.13621631834e-08	-0.00118356722669
1.13662561817e-08	-0.000247904028583
1.137034918e-08	0.000842255038151
1.13744421782e-08	0.00188023278315
1.13785351765e-08	0.00267418277508
1.13826281747e-08	0.00308033762849
1.1386721173e-08	0.0030255599122
1.13908141713e-08	0.00251664998359
1.13949071695e-08	0.0016366574564
1.13990001678e-08	0.000528170003236
1.14030931661e-08	-0.000631522623735
1.14071861643e-08	-0.00166104627715
1.14112791626e-08	-0.00240588356974
1.14153721609e-08	-0.0027646455128
1.14194651591e-08	-0.00270727749739
1.14235581574e-08	-0.00227982833167
1.14276511557e-08	-0.00159588383394
1.14317441539e-08	-0.00081413146836
1.14358371522e-08	-0.000106149378553
1.14399301505e-08	0.00037877581417
1.14440231487e-08	0.000545794144273
1.1448116147e-08	0.000374570096028
1.14522091453e-08	-7.60378679843e-05
1.14563021435e-08	-0.000681085068209
1.14603951418e-08	-0.00127788280224
1.146448814e-08	-0.00170225482725
1.14685811383e-08	-0.00182609338663
1.14726741366e-08	-0.00158590103092
1.14767671348e-08	-0.000997198876576
1.14808601331e-08	-0.000151342691424
1.14849531314e-08	0.000804696108389
1.14890461296e-08	0.00169923518843
1.14931391279e-08	0.0023720585159
1.14972321262e-08	0.00270628987346
1.15013251244e-08	0.00265035974735
1.15054181227e-08	0.00222619832493
1.1509511121e-08	0.00152199946751
1.15136041192e-08	0.000673772217851
1.15176971175e-08	-0.000161598042723
1.15217901158e-08	-0.000834874474094
1.1525883114e-08	-0.00123000524036
1.15299761123e-08	-0.00128330938605
1.15340691106e-08	-0.000992580607999
1.15381621088e-08	-0.000417188050051
1.15422551071e-08	0.000332076026098
1.15463481053e-08	0.00111090088467
1.15504411036e-08	0.00176480818482
1.15545341019e-08	0.00215578205825
1.15586271001e-08	0.0021865866147
1.15627200984e-08	0.0018203825166
1.15668130967e-08	0.00109022487595
1.15709060949e-08	9.63297811722e-05
1.15749990932e-08	-0.00100897928496
1.15790920915e-08	-0.00204788253177
1.15831850897e-08	-0.00284867723531
1.1587278088e-08	-0.00327775540063
1.15913710863e-08	-0.00326422372018
1.15954640845e-08	-0.00281204245402
1.15995570828e-08	-0.00199811834318
1.16036500811e-08	-0.000955583222094
1.16077430793e-08	0.000151912370711
1.16118360776e-08	0.00116041684669
1.16159290758e-08	0.00193338240206
1.16200220741e-08	0.00238126864133
1.16241150724e-08	0.00247144572495
1.16282080706e-08	0.00222638899868
1.16323010689e-08	0.00171399237297
1.16363940672e-08	0.00103231960384
1.16404870654e-08	0.000292534596156
1.16445800637e-08	-0.000396296265535
1.1648673062e-08	-0.000940585588978
1.16527660602e-08	-0.00127150995831
1.16568590585e-08	-0.00135188257991
1.16609520568e-08	-0.00118007794663
1.1665045055e-08	-0.00079033246584
1.16691380533e-08	-0.000249942540904
1.16732310516e-08	0.000349198300682
1.16773240498e-08	0.000903041356651
1.16814170481e-08	0.00131179054006
1.16855100464e-08	0.00149752965081
1.16896030446e-08	0.00141875909321
1.16936960429e-08	0.00107989941171
1.16977890411e-08	0.000531437297468
1.17018820394e-08	-0.0001383557792
1.17059750377e-08	-0.000819277389382
1.17100680359e-08	-0.001399542125
1.17141610342e-08	-0.00178513066203
1.17182540325e-08	-0.00191592461488
1.17223470307e-08	-0.00177411160257
1.1726440029e-08	-0.00138506294024
1.17305330273e-08	-0.000811193378468
1.17346260255e-08	-0.000139994567689
1.17387190238e-08	0.000529696728336
1.17428120221e-08	0.00110270162986
1.17469050203e-08	0.00150040494918
1.17509980186e-08	0.00167115313525
1.17550910169e-08	0.00159762553812
1.17591840151e-08	0.00129940040642
1.17632770134e-08	0.000831908349937
1.17673700117e-08	0.000279522408164
1.17714630099e-08	-0.000256049874224
1.17755560082e-08	-0.000671611291182
1.17796490064e-08	-0.000881369531271
1.17837420047e-08	-0.000834267608298
1.1787835003e-08	-0.000527758718817
1.17919280012e-08	-1.27264302137e-05
1.17960209995e-08	0.000612134106632
1.18001139978e-08	0.0012165711596
1.1804206996e-08	0.00166438127053
1.18082999943e-08	0.00184167016414
1.18123929926e-08	0.00168312589813
1.18164859908e-08	0.00118872105668
1.18205789891e-08	0.000426727605372
1.18246719874e-08	-0.000477595240227
1.18287649856e-08	-0.00136680919968
1.18328579839e-08	-0.00208237288462
1.18369509822e-08	-0.00249653523497
1.18410439804e-08	-0.00253726194205
1.18451369787e-08	-0.00220101934974
1.1849229977e-08	-0.00155237766739
1.18533229752e-08	-0.000709731426468
1.18574159735e-08	0.000177520922989
1.18615089717e-08	0.000956655938353
1.186560197e-08	0.00149856210919
1.18696949683e-08	0.00171889379271
1.18737879665e-08	0.00159182783682
1.18778809648e-08	0.00115304622159
1.18819739631e-08	0.000493428371556
1.18860669613e-08	-0.000256361439824
1.18901599596e-08	-0.000948318564042
1.18942529579e-08	-0.00144238770736
1.18983459561e-08	-0.00163238034293
1.19024389544e-08	-0.00146639723971
1.19065319527e-08	-0.000958958458796
1.19106249509e-08	-0.000191318546058
1.19147179492e-08	0.000701735862094
1.19188109475e-08	0.00155575561803
1.19229039457e-08	0.00220882303256
1.1926996944e-08	0.0025341820874
1.19310899422e-08	0.00246711914951
1.19351829405e-08	0.00201982985891
1.19392759388e-08	0.00127942749532
1.1943368937e-08	0.000390555305785
1.19474619353e-08	-0.000475467506476
1.19515549336e-08	-0.00115681582975
1.19556479318e-08	-0.00153483972827
1.19597409301e-08	-0.00155814585742
1.19638339284e-08	-0.00125060954451
1.19679269266e-08	-0.000703736914147
1.19720199249e-08	-5.43164592273e-05
1.19761129232e-08	0.000546086248505
1.19802059214e-08	0.000962709942542
1.19842989197e-08	0.00110448437044
1.1988391918e-08	0.000939663099416
1.19924849162e-08	0.000499700876389
1.19965779145e-08	-0.000129528170874
1.20006709128e-08	-0.000825981223898
1.2004763911e-08	-0.00145470316784
1.20088569093e-08	-0.00189302014769
1.20129499075e-08	-0.00205184478546
1.20170429058e-08	-0.0018914721004
1.20211359041e-08	-0.00142867251998
1.20252289023e-08	-0.000734108889446
1.20293219006e-08	7.87497583588e-05
1.20334148989e-08	0.000873277873325
1.20375078971e-08	0.00151332246605
1.20416008954e-08	0.001888327286
1.20456938937e-08	0.00193493635743
1.20497868919e-08	0.00165030290373
1.20538798902e-08	0.00109511798655
1.20579728885e-08	0.000383236470952
1.20620658867e-08	-0.000339290965712
1.2066158885e-08	-0.000923042505747
1.20702518833e-08	-0.00124602110736
1.20743448815e-08	-0.00123891461408
1.20784378798e-08	-0.000900514736713
1.20825308781e-08	-0.000297920742014
1.20866238763e-08	0.000447353733762
1.20907168746e-08	0.00118479070079
1.20948098728e-08	0.00176627929613
1.20989028711e-08	0.00207520350523
1.21029958694e-08	0.00204854521144
1.21070888676e-08	0.00168620832846
1.21111818659e-08	0.00104763459967
1.21152748642e-08	0.000237625099544
1.21193678624e-08	-0.000615279051999
1.21234608607e-08	-0.00138134839654
1.2127553859e-08	-0.00195052147319
1.21316468572e-08	-0.00224719489051
1.21357398555e-08	-0.00223835514043
1.21398328538e-08	-0.00193556245358
1.2143925852e-08	-0.00139049065911
1.21480188503e-08	-0.000686912593665
1.21521118486e-08	7.14704510756e-05
1.21562048468e-08	0.000775215878093
1.21602978451e-08	0.0013242422865
1.21643908433e-08	0.00164295137802
1.21684838416e-08	0.00169165224361
1.21725768399e-08	0.00147379302507
1.21766698381e-08	0.00103572113585
1.21807628364e-08	0.000459003542346
1.21848558347e-08	-0.000153476510604
1.21889488329e-08	-0.000696321687428
1.21930418312e-08	-0.0010799304946
1.21971348295e-08	-0.00124611069623
1.22012278277e-08	-0.00117667790619
1.2205320826e-08	-0.000893735923455
1.22094138243e-08	-0.000452862506791
1.22135068225e-08	7.00334444446e-05
1.22175998208e-08	0.000593025011767
1.22216928191e-08	0.00104174983426
1.22257858173e-08	0.00135901182512
1.22298788156e-08	0.00150917573774
1.22339718139e-08	0.00147907012433
1.22380648121e-08	0.00127524990967
1.22421578104e-08	0.000921122533327
1.22462508086e-08	0.00045391209278
1.22503438069e-08	-7.80642803875e-05
1.22544368052e-08	-0.000617851550487
1.22585298034e-08	-0.00110461816075
1.22626228017e-08	-0.00147964377538
1.22667158e-08	-0.00169477678719
1.22708087982e-08	-0.00172109236883
1.22749017965e-08	-0.00155528108007
1.22789947948e-08	-0.00122256755276
1.2283087793e-08	-0.000773005049268
1.22871807913e-08	-0.000272958775895
1.22912737896e-08	0.000207694140045
1.22953667878e-08	0.000609273534792
1.22994597861e-08	0.000892810196092
1.23035527844e-08	0.0010460548292
1.23076457826e-08	0.0010818986193
1.23117387809e-08	0.00103140465217
1.23158317792e-08	0.000932921248022
1.23199247774e-08	0.000820412344183
1.23240177757e-08	0.00071533989103
1.23281107739e-08	0.000622622348601
1.23322037722e-08	0.000533027221536
1.23362967705e-08	0.00042958413178
1.23403897687e-08	0.000296037416774
1.2344482767e-08	0.000125145527818
1.23485757653e-08	-7.69308771851e-05
1.23526687635e-08	-0.00028954753725
1.23567617618e-08	-0.000481253569887
1.23608547601e-08	-0.000616097520833
1.23649477583e-08	-0.000660764519125
1.23690407566e-08	-0.000592001360928
1.23731337549e-08	-0.000401627283281
1.23772267531e-08	-0.000100448138255
1.23813197514e-08	0.000280392270724
1.23854127497e-08	0.000690390053933
1.23895057479e-08	0.00106293781573
1.23935987462e-08	0.00132289937028
1.23976917444e-08	0.00139703125024
1.24017847427e-08	0.00122821603873
1.2405877741e-08	0.000790525133198
1.24099707392e-08	0.000101734162399
1.24140637375e-08	-0.000769680242229
1.24181567358e-08	-0.0017081026308
1.2422249734e-08	-0.00256467242434
1.24263427323e-08	-0.00318166584475
1.24304357306e-08	-0.00342274873401
1.24345287288e-08	-0.00320233096136
1.24386217271e-08	-0.00250842605601
1.24427147254e-08	-0.00141144236113
1.24468077236e-08	-5.74449068154e-05
1.24509007219e-08	0.00135451209644
1.24549937202e-08	0.00260683134547
1.24590867184e-08	0.00350182558759
1.24631797167e-08	0.00389797514072
1.2467272715e-08	0.00373514229432
1.24713657132e-08	0.00304530677386
1.24754587115e-08	0.00194670616474
1.24795517097e-08	0.000622543349891
1.2483644708e-08	-0.000710039708792
1.24877377063e-08	-0.00183660430775
1.24918307045e-08	-0.00257980506285
1.24959237028e-08	-0.00282706876169
1.25000167011e-08	-0.00254761015822
1.25041096993e-08	-0.0017957497912
1.25082026976e-08	-0.000701963632309
1.25122956959e-08	0.000548601037735
1.25163886941e-08	0.00174574526318
1.25204816924e-08	0.00268824018713
1.25245746907e-08	0.00321757755592
1.25286676889e-08	0.00324462083518
1.25327606872e-08	0.00276595684409
1.25368536855e-08	0.00186477413808
1.25409466837e-08	0.000696246039297
1.2545039682e-08	-0.00054061636547
1.25491326803e-08	-0.00164053151093
1.25532256785e-08	-0.00243004501681
1.25573186768e-08	-0.00280000529892
1.2561411675e-08	-0.00272417307133
1.25655046733e-08	-0.00226055990788
1.25695976716e-08	-0.00153583131032
1.25736906698e-08	-0.000715291011147
1.25777836681e-08	3.28739553197e-05
1.25818766664e-08	0.000572603770706
1.25859696646e-08	0.000825655370136
1.25900626629e-08	0.000782996692578
1.25941556612e-08	0.000501250127854
1.25982486594e-08	8.46119473863e-05
1.26023416577e-08	-0.000341017152095
1.2606434656e-08	-0.000656809876091
1.26105276542e-08	-0.000775884924224
1.26146206525e-08	-0.000659219636873
1.26187136508e-08	-0.000321566320054
1.2622806649e-08	0.00017431537799
1.26268996473e-08	0.000731303549401
1.26309926456e-08	0.00123729206098
1.26350856438e-08	0.00158652549726
1.26391786421e-08	0.00169867316436
1.26432716403e-08	0.00153443323507
1.26473646386e-08	0.00110370360198
1.26514576369e-08	0.00046637612104
1.26555506351e-08	-0.000275514259556
1.26596436334e-08	-0.000994099558739
1.26637366317e-08	-0.00155725025979
1.26678296299e-08	-0.0018537488213
1.26719226282e-08	-0.00181572634028
1.26760156265e-08	-0.00143457654485
1.26801086247e-08	-0.00076607921801
1.2684201623e-08	7.80651976129e-05
1.26882946213e-08	0.000949818415393
1.26923876195e-08	0.00169346061011
1.26964806178e-08	0.00217578779848
1.27005736161e-08	0.00231187199824
1.27046666143e-08	0.00208102673059
1.27087596126e-08	0.00152860970411
1.27128526108e-08	0.000755493972974
1.27169456091e-08	-0.000103423869405
1.27210386074e-08	-0.000905320128368
1.27251316056e-08	-0.00152464986604
1.27292246039e-08	-0.00187329830078
1.27333176022e-08	-0.0019111543661
1.27374106004e-08	-0.00164819243946
1.27415035987e-08	-0.00113780685933
1.2745596597e-08	-0.000464746317448
1.27496895952e-08	0.000269210766419
1.27537825935e-08	0.000960438410402
1.27578755918e-08	0.00151604771963
1.276196859e-08	0.00186469212349
1.27660615883e-08	0.00196397902619
1.27701545866e-08	0.0018045836041
1.27742475848e-08	0.00141142773646
1.27783405831e-08	0.000840035165311
1.27824335814e-08	0.000169620660927
1.27865265796e-08	-0.00050830199325
1.27906195779e-08	-0.00110374282667
1.27947125761e-08	-0.00154214157374
1.27988055744e-08	-0.00177673314465
1.28028985727e-08	-0.00179504972766
1.28069915709e-08	-0.00161960224796
1.28110845692e-08	-0.00130133450148
1.28151775675e-08	-0.00090771446412
1.28192705657e-08	-0.000508990193339
1.2823363564e-08	-0.000164502939697
1.28274565623e-08	8.6265380105e-05
1.28315495605e-08	0.000227859944061
1.28356425588e-08	0.000267411598543
1.28397355571e-08	0.000228831406275
1.28438285553e-08	0.000145882186189
1.28479215536e-08	5.45098250768e-05
1.28520145519e-08	-1.24678145994e-05
1.28561075501e-08	-2.92215524951e-05
1.28602005484e-08	2.06156036029e-05
1.28642935467e-08	0.000142758483889
1.28683865449e-08	0.000330491398927
1.28724795432e-08	0.000564304933505
1.28765725414e-08	0.000812223326648
1.28806655397e-08	0.00103278787719
1.2884758538e-08	0.00118148521869
1.28888515362e-08	0.00121925695566
1.28929445345e-08	0.00112318378524
1.28970375328e-08	0.000894949953363
1.2901130531e-08	0.000565427235415
1.29052235293e-08	0.000192619183508
1.29093165276e-08	-0.000148338445797
1.29134095258e-08	-0.000380347008104
1.29175025241e-08	-0.000443085660663
1.29215955224e-08	-0.000309145945721
1.29256885206e-08	6.01828298841e-06
1.29297815189e-08	0.000443363147497
1.29338745172e-08	0.000910451097297
1.29379675154e-08	0.00129897657462
1.29420605137e-08	0.00150730242603
1.29461535119e-08	0.00146162346209
1.29502465102e-08	0.00113156547741
1.29543395085e-08	0.000537625870493
1.29584325067e-08	-0.000251876150287
1.2962525505e-08	-0.00113147297816
1.29666185033e-08	-0.00197587735602
1.29707115015e-08	-0.00265977538947
1.29748044998e-08	-0.00307693902869
1.29788974981e-08	-0.00315700637293
1.29829904963e-08	-0.00287635361019
1.29870834946e-08	-0.00226345268311
1.29911764929e-08	-0.00139650810161
1.29952694911e-08	-0.000393635418732
1.29993624894e-08	0.000603280408541
1.30034554877e-08	0.00145065445395
1.30075484859e-08	0.00202637941402
1.30116414842e-08	0.00225176088861
1.30157344825e-08	0.00210688593506
1.30198274807e-08	0.00163576535124
1.3023920479e-08	0.000940216035815
1.30280134772e-08	0.000161279487656
1.30321064755e-08	-0.000546968436538
1.30361994738e-08	-0.00104738359369
1.3040292472e-08	-0.00124668108037
1.30443854703e-08	-0.00111298762204
1.30484784686e-08	-0.000681344605255
1.30525714668e-08	-4.42932698661e-05
1.30566644651e-08	0.000668669912557
1.30607574634e-08	0.00131891153433
1.30648504616e-08	0.00178731937194
1.30689434599e-08	0.00199659989448
1.30730364582e-08	0.00192416802747
1.30771294564e-08	0.00160188901646
1.30812224547e-08	0.00110507784848
1.3085315453e-08	0.000533643495146
1.30894084512e-08	-1.02483184037e-05
1.30935014495e-08	-0.000441831030912
1.30975944478e-08	-0.000708695748472
1.3101687446e-08	-0.000797303306172
1.31057804443e-08	-0.000731809177523
1.31098734425e-08	-0.000566248807445
1.31139664408e-08	-0.000371231351892
1.31180594391e-08	-0.00021914039462
1.31221524373e-08	-0.000168516202393
1.31262454356e-08	-0.000251417715845
1.31303384339e-08	-0.000465292694571
1.31344314321e-08	-0.000770733648096
1.31385244304e-08	-0.00109739881736
1.31426174287e-08	-0.00135619717912
1.31467104269e-08	-0.00145777979196
1.31508034252e-08	-0.00133306023054
1.31548964235e-08	-0.000951631052885
1.31589894217e-08	-0.000334368391123
1.316308242e-08	0.000444965437055
1.31671754183e-08	0.0012689696232
1.31712684165e-08	0.00199711808818
1.31753614148e-08	0.00249307353806
1.31794544131e-08	0.00265271271928
1.31835474113e-08	0.00242764531868
1.31876404096e-08	0.00183703711082
1.31917334078e-08	0.000966373314441
1.31958264061e-08	-4.7816878805e-05
1.31999194044e-08	-0.00104369303881
1.32040124026e-08	-0.0018638560141
1.32081054009e-08	-0.00238413698389
1.32121983992e-08	-0.00253393972525
1.32162913974e-08	-0.00230603662203
1.32203843957e-08	-0.0017542259302
1.3224477394e-08	-0.000980299817456
1.32285703922e-08	-0.000114966032015
1.32326633905e-08	0.000704818248778
1.32367563888e-08	0.00135657413193
1.3240849387e-08	0.00174939137651
1.32449423853e-08	0.00183540460421
1.32490353836e-08	0.00161419130745
1.32531283818e-08	0.00113151635014
1.32572213801e-08	0.000471084804303
1.32613143783e-08	-0.000258280742855
1.32654073766e-08	-0.000939290046517
1.32695003749e-08	-0.00146465886792
1.32735933731e-08	-0.00175348461198
1.32776863714e-08	-0.00176424783422
1.32817793697e-08	-0.00150024668255
1.32858723679e-08	-0.00100739145273
1.32899653662e-08	-0.000364413743227
1.32940583645e-08	0.000333071164277
1.32981513627e-08	0.000989798842056
1.3302244361e-08	0.001527296321
1.33063373593e-08	0.00189465467702
1.33104303575e-08	0.00207250670064
1.33145233558e-08	0.00207027801662
1.33186163541e-08	0.00191733750398
1.33227093523e-08	0.00165264432144
1.33268023506e-08	0.00131441259873
1.33308953489e-08	0.000933633215027
1.33349883471e-08	0.000532301510248
1.33390813454e-08	0.000125296882288
1.33431743436e-08	-0.000274459531283
1.33472673419e-08	-0.000651791444398
1.33513603402e-08	-0.000986624247162
1.33554533384e-08	-0.00125492748339
1.33595463367e-08	-0.0014330987251
1.3363639335e-08	-0.00150323299749
1.33677323332e-08	-0.00145880872151
1.33718253315e-08	-0.00130713586987
1.33759183298e-08	-0.00106886745925
1.3380011328e-08	-0.00077444119961
1.33841043263e-08	-0.000458207654447
1.33881973246e-08	-0.000153440345457
1.33922903228e-08	0.000112008223368
1.33963833211e-08	0.000317168718539
1.34004763194e-08	0.000447776517831
1.34045693176e-08	0.000495612348459
1.34086623159e-08	0.000457576919871
1.34127553142e-08	0.000336862854965
1.34168483124e-08	0.000144358376929
1.34209413107e-08	-9.93857784124e-05
1.34250343089e-08	-0.000363456289051
1.34291273072e-08	-0.00060884172126
1.34332203055e-08	-0.000792692742834
1.34373133037e-08	-0.00087566140428
1.3441406302e-08	-0.000829173761304
1.34454993003e-08	-0.000641618036752
1.34495922985e-08	-0.000321784984408
1.34536852968e-08	0.000102239655462
1.34577782951e-08	0.000586861813645
1.34618712933e-08	0.00107995341386
1.34659642916e-08	0.00152795577014
1.34700572899e-08	0.00188203177822
1.34741502881e-08	0.002102827013
1.34782432864e-08	0.00216250744415
1.34823362847e-08	0.00204650653177
1.34864292829e-08	0.00175433630648
1.34905222812e-08	0.00130102237017
1.34946152794e-08	0.000718939685612
1.34987082777e-08	5.80665391681e-05
1.3502801276e-08	-0.000615306697
1.35068942742e-08	-0.00122448716866
1.35109872725e-08	-0.00169191378518
1.35150802708e-08	-0.00195176684065
1.3519173269e-08	-0.00196360336849
1.35232662673e-08	-0.00172239948006
1.35273592656e-08	-0.0012635818639
1.35314522638e-08	-0.000659476252622
1.35355452621e-08	-8.15769112705e-06
1.35396382604e-08	0.000583319848374
1.35437312586e-08	0.00101861628355
1.35478242569e-08	0.00122897554684
1.35519172552e-08	0.00118538978859
1.35560102534e-08	0.00090247222397
1.35601032517e-08	0.000434271143604
1.356419625e-08	-0.000136166969241
1.35682892482e-08	-0.000712171971827
1.35723822465e-08	-0.00119901933795
1.35764752447e-08	-0.00151860468031
1.3580568243e-08	-0.00162019138224
1.35846612413e-08	-0.00148627055023
1.35887542395e-08	-0.00113413642248
1.35928472378e-08	-0.000611964285781
1.35969402361e-08	8.15158307432e-06
1.36010332343e-08	0.000640696671326
1.36051262326e-08	0.00119902395818
1.36092192309e-08	0.00160768348724
1.36133122291e-08	0.00181435990089
1.36174052274e-08	0.00179784413194
1.36214982257e-08	0.00157195561042
1.36255912239e-08	0.0011831368538
1.36296842222e-08	0.000701734137692
1.36337772205e-08	0.00020897066679
1.36378702187e-08	-0.000219351139094
1.3641963217e-08	-0.000527223222889
1.36460562153e-08	-0.000688810345309
1.36501492135e-08	-0.000711594893801
1.36542422118e-08	-0.000631170878478
1.365833521e-08	-0.000500191468745
1.36624282083e-08	-0.000372934457118
1.36665212066e-08	-0.00029124613684
1.36706142048e-08	-0.000274588575849
1.36747072031e-08	-0.000316822655805
1.36788002014e-08	-0.000390818771848
1.36828931996e-08	-0.000457665206341
1.36869861979e-08	-0.000479055277538
1.36910791962e-08	-0.000427887815022
1.36951721944e-08	-0.000295014184303
1.36992651927e-08	-9.1079334652e-05
1.3703358191e-08	0.000157358604156
1.37074511892e-08	0.000414152393205
1.37115441875e-08	0.000641832441033
1.37156371858e-08	0.000808668366517
1.3719730184e-08	0.000893495976925
1.37238231823e-08	0.00088857847004
1.37279161805e-08	0.000799307577836
1.37320091788e-08	0.000643049141217
1.37361021771e-08	0.000446180652943
1.37401951753e-08	0.000240383866185
1.37442881736e-08	5.85239117754e-05
1.37483811719e-08	-7.0813214279e-05
1.37524741701e-08	-0.000128001904159
1.37565671684e-08	-0.000107080992166
1.37606601667e-08	-1.81179673291e-05
1.37647531649e-08	0.000113552900075
1.37688461632e-08	0.000251123676207
1.37729391615e-08	0.000354166748366
1.37770321597e-08	0.000387353957194
1.3781125158e-08	0.000329289665387
1.37852181563e-08	0.000178209715159
1.37893111545e-08	-4.74237783692e-05
1.37934041528e-08	-0.000312895075695
1.37974971511e-08	-0.000576330199692
1.38015901493e-08	-0.000798778572062
1.38056831476e-08	-0.000953439397563
1.38097761458e-08	-0.00103095988015
1.38138691441e-08	-0.00103877222864
1.38179621424e-08	-0.000996177543129
1.38220551406e-08	-0.000925415180973
1.38261481389e-08	-0.000843188252475
1.38302411372e-08	-0.000754703360144
1.38343341354e-08	-0.000652055521641
1.38384271337e-08	-0.00051830915254
1.3842520132e-08	-0.000334370621204
1.38466131302e-08	-8.79144145074e-05
1.38507061285e-08	0.000219662590098
1.38547991268e-08	0.000570051073737
1.3858892125e-08	0.000929092813749
1.38629851233e-08	0.00125307762937
1.38670781216e-08	0.00149699095346
1.38711711198e-08	0.00162405789888
1.38752641181e-08	0.00161346365348
1.38793571164e-08	0.00146458631207
1.38834501146e-08	0.00119795778301
1.38875431129e-08	0.000851586664794
1.38916361111e-08	0.000475246066344
1.38957291094e-08	0.000122678433399
1.38998221077e-08	-0.000156561117365
1.39039151059e-08	-0.000324139722579
1.39080081042e-08	-0.000359384241165
1.39121011025e-08	-0.000262816980467
1.39161941007e-08	-5.77548089495e-05
1.3920287099e-08	0.000211574435525
1.39243800973e-08	0.000485784021294
1.39284730955e-08	0.000698973253748
1.39325660938e-08	0.000790873367805
1.39366590921e-08	0.000718891227734
1.39407520903e-08	0.00046870643564
1.39448450886e-08	6.00673988629e-05
1.39489380869e-08	-0.000454732165963
1.39530310851e-08	-0.000999034520646
1.39571240834e-08	-0.00148692993389
1.39612170817e-08	-0.00184052134864
1.39653100799e-08	-0.00200609207968
1.39694030782e-08	-0.001965025338
1.39734960764e-08	-0.00173592590727
1.39775890747e-08	-0.00136895174364
1.3981682073e-08	-0.000932469207328
1.39857750712e-08	-0.000496973578265
1.39898680695e-08	-0.000119942690617
1.39939610678e-08	0.000165066281625
1.3998054066e-08	0.000351699107341
1.40021470643e-08	0.000457984519016
1.40062400626e-08	0.000517425476573
1.40103330608e-08	0.000567818311538
1.40144260591e-08	0.000640685197141
1.40185190574e-08	0.00075296509749
1.40226120556e-08	0.000903852414922
1.40267050539e-08	0.00107524399937
1.40307980522e-08	0.00123641853861
1.40348910504e-08	0.00135098012834
1.40389840487e-08	0.00138428796345
1.40430770469e-08	0.0013112703673
1.40471700452e-08	0.00112193463428
1.40512630435e-08	0.000825412163977
1.40553560417e-08	0.00045081636199
1.405944904e-08	4.45976886567e-05
1.40635420383e-08	-0.000335043341693
1.40676350365e-08	-0.000627840392553
1.40717280348e-08	-0.000782401235483
1.40758210331e-08	-0.000767883720982
1.40799140313e-08	-0.000583168199228
1.40840070296e-08	-0.000260657392573
1.40881000279e-08	0.000136000037855
1.40921930261e-08	0.000522343496414
1.40962860244e-08	0.00080861322931
1.41003790227e-08	0.000918326746614
1.41044720209e-08	0.000805528288765
1.41085650192e-08	0.000465874323709
1.41126580175e-08	-5.99216782575e-05
1.41167510157e-08	-0.000692925903422
1.4120844014e-08	-0.00133028372511
1.41249370122e-08	-0.00186442525592
1.41290300105e-08	-0.00220312864985
1.41331230088e-08	-0.00228516850621
1.4137216007e-08	-0.0020901656244
1.41413090053e-08	-0.00163973060262
1.41454020036e-08	-0.00099161779508
1.41494950018e-08	-0.000228658611377
1.41535880001e-08	0.000555447761144
1.41576809984e-08	0.00126932306739
1.41617739966e-08	0.00183569655928
1.41658669949e-08	0.00219916715287
1.41699599932e-08	0.00233042458422
1.41740529914e-08	0.00222748375381
1.41781459897e-08	0.00191344571067
1.4182238988e-08	0.00143297165778
1.41863319862e-08	0.000846212482429
1.41904249845e-08	0.000221708347453
1.41945179828e-08	-0.000371550404452
1.4198610981e-08	-0.000872724442161
1.42027039793e-08	-0.00123581315711
1.42067969775e-08	-0.00143486679735
1.42108899758e-08	-0.00146524673619
1.42149829741e-08	-0.00134145138873
1.42190759723e-08	-0.00109234004776
1.42231689706e-08	-0.000754207489081
1.42272619689e-08	-0.000365227688235
1.42313549671e-08	3.88307796584e-05
1.42354479654e-08	0.000425726870162
1.42395409637e-08	0.0007655845111
1.42436339619e-08	0.00102959102514
1.42477269602e-08	0.00118907081924
1.42518199585e-08	0.00121810812561
1.42559129567e-08	0.00109847162821
1.4260005955e-08	0.000826522715215
1.42640989533e-08	0.000419904627051
1.42681919515e-08	-7.96584372438e-05
1.42722849498e-08	-0.000607913956628
1.4276377948e-08	-0.00108630787145
1.42804709463e-08	-0.00143453375495
1.42845639446e-08	-0.00158518258831
1.42886569428e-08	-0.00149764918024
1.42927499411e-08	-0.00116676286416
1.42968429394e-08	-0.00062572753086
1.43009359376e-08	5.86591086176e-05
1.43050289359e-08	0.000796514301328
1.43091219342e-08	0.00148871757847
1.43132149324e-08	0.00204221610329
1.43173079307e-08	0.00238259608159
1.4321400929e-08	0.00246373402479
1.43254939272e-08	0.00227241791436
1.43295869255e-08	0.00182843118091
1.43336799238e-08	0.00118128512986
1.4337772922e-08	0.000403198991989
1.43418659203e-08	-0.000419103249442
1.43459589186e-08	-0.00119455718959
1.43500519168e-08	-0.00183824497799
1.43541449151e-08	-0.00228129531024
1.43582379133e-08	-0.00247998349369
1.43623309116e-08	-0.00242111373518
1.43664239099e-08	-0.00212412702967
1.43705169081e-08	-0.00163788351347
1.43746099064e-08	-0.00103276792652
1.43787029047e-08	-0.000389831722714
1.43827959029e-08	0.000212189952435
1.43868889012e-08	0.000707756920747
1.43909818995e-08	0.00105265495949
1.43950748977e-08	0.00122716517944
1.4399167896e-08	0.00123432344117
1.44032608943e-08	0.00109541890561
1.44073538925e-08	0.000843134701427
1.44114468908e-08	0.000516021376825
1.44155398891e-08	0.000154275461682
1.44196328873e-08	-0.000202369894396
1.44237258856e-08	-0.000514954972459
1.44278188839e-08	-0.000746397930925
1.44319118821e-08	-0.000862973080075
1.44360048804e-08	-0.000838379804918
1.44400978786e-08	-0.000659012090182
1.44441908769e-08	-0.000329145495925
1.44482838752e-08	0.000125007006318
1.44523768734e-08	0.000655700096104
1.44564698717e-08	0.00119781326794
1.446056287e-08	0.00167790276464
1.44646558682e-08	0.0020260445599
1.44687488665e-08	0.00218761844735
1.44728418648e-08	0.00213353415893
1.4476934863e-08	0.00186499486153
1.44810278613e-08	0.00141332032217
1.44851208596e-08	0.000834117192426
1.44892138578e-08	0.000197447843675
1.44933068561e-08	-0.000422948924097
1.44973998544e-08	-0.000960668730841
1.45014928526e-08	-0.00136450798163
1.45055858509e-08	-0.00160377651628
1.45096788491e-08	-0.00167043073452
1.45137718474e-08	-0.00157810532255
1.45178648457e-08	-0.00135972596036
1.45219578439e-08	-0.00106232565304
1.45260508422e-08	-0.000740825424145
1.45301438405e-08	-0.000449998100521
1.45342368387e-08	-0.000235492938373
1.4538329837e-08	-0.000126042322336
1.45424228353e-08	-0.000127162153149
1.45465158335e-08	-0.000219813271542
1.45506088318e-08	-0.000363695575288
1.45547018301e-08	-0.00050566218124
1.45587948283e-08	-0.000591958254518
1.45628878266e-08	-0.000580391486437
1.45669808249e-08	-0.000450930434454
1.45710738231e-08	-0.000210446558413
1.45751668214e-08	0.000108671707494
1.45792598197e-08	0.000455872657767
1.45833528179e-08	0.000774517575337
1.45874458162e-08	0.00101420441206
1.45915388144e-08	0.00114185648999
1.45956318127e-08	0.00114766394836
1.4599724811e-08	0.00104542292684
1.46038178092e-08	0.000867904724146
1.46079108075e-08	0.000657812830468
1.46120038058e-08	0.000458364731458
1.4616096804e-08	0.000304257555399
1.46201898023e-08	0.000215918209506
1.46242828006e-08	0.000197557743377
1.46283757988e-08	0.000238096050452
1.46324687971e-08	0.000315405995934
1.46365617954e-08	0.000400907181756
1.46406547936e-08	0.00046486129213
1.46447477919e-08	0.000480938488181
1.46488407902e-08	0.000429600269854
1.46529337884e-08	0.000301371353999
1.46570267867e-08	9.83354393611e-05
1.4661119785e-08	-0.000164742616107
1.46652127832e-08	-0.000461282390461
1.46693057815e-08	-0.000755860775826
1.46733987797e-08	-0.00100871963514
1.4677491778e-08	-0.00118266489153
1.46815847763e-08	-0.00124946160213
1.46856777745e-08	-0.00119562068721
1.46897707728e-08	-0.00102528125717
1.46938637711e-08	-0.000759153612307
1.46979567693e-08	-0.000430648360634
1.47020497676e-08	-7.87087242315e-05
1.47061427659e-08	0.000259170123172
1.47102357641e-08	0.00055298411462
1.47143287624e-08	0.000783525356383
1.47184217607e-08	0.00094189428637
1.47225147589e-08	0.00102720235736
1.47266077572e-08	0.00104223880771
1.47307007555e-08	0.000990349704807
1.47347937537e-08	0.000874083503732
1.4738886752e-08	0.000696028379025
1.47429797503e-08	0.00046227671919
1.47470727485e-08	0.000185515913472
1.47511657468e-08	-0.000112371869363
1.4755258745e-08	-0.000400903732952
1.47593517433e-08	-0.000644933403237
1.47634447416e-08	-0.000810786528746
1.47675377398e-08	-0.000874240329722
1.47716307381e-08	-0.000826469244203
1.47757237364e-08	-0.000677479991282
1.47798167346e-08	-0.000455024302937
1.47839097329e-08	-0.000199097712539
1.47880027312e-08	4.57023541003e-05
1.47920957294e-08	0.000239410179347
1.47961887277e-08	0.000353705490852
1.4800281726e-08	0.000376424170099
1.48043747242e-08	0.000312521948217
1.48084677225e-08	0.000181413608516
1.48125607208e-08	1.29869741841e-05
1.4816653719e-08	-0.000158190094226
1.48207467173e-08	-0.000297998283713
1.48248397155e-08	-0.000377629090508
1.48289327138e-08	-0.000377927688533
1.48330257121e-08	-0.000292141412501
1.48371187103e-08	-0.000128211206174
1.48412117086e-08	9.16568083085e-05
1.48453047069e-08	0.000333444046191
1.48493977051e-08	0.000556541926926
1.48534907034e-08	0.000721683893062
1.48575837017e-08	0.00079901819845
1.48616766999e-08	0.000775992622948
1.48657696982e-08	0.000661376958305
1.48698626965e-08	0.000484794141812
1.48739556947e-08	0.000291198291961
1.4878048693e-08	0.000130394635562
1.48821416913e-08	4.53085658592e-05
1.48862346895e-08	6.03392545599e-05
1.48903276878e-08	0.000174115957634
1.48944206861e-08	0.000358238341505
1.48985136843e-08	0.000562311779504
1.49026066826e-08	0.000725420399249
1.49066996808e-08	0.000789861151134
1.49107926791e-08	0.000715303518518
1.49148856774e-08	0.000488989364385
1.49189786756e-08	0.00012963732479
1.49230716739e-08	-0.000315095147016
1.49271646722e-08	-0.000778243826062
1.49312576704e-08	-0.00118635371473
1.49353506687e-08	-0.0014737932288
1.4939443667e-08	-0.0015949470253
1.49435366652e-08	-0.00153170489648
1.49476296635e-08	-0.00129628855939
1.49517226618e-08	-0.000927899476665
1.495581566e-08	-0.000485789856612
1.49599086583e-08	-3.92561107674e-05
1.49640016566e-08	0.00034361543112
1.49680946548e-08	0.000606181216426
1.49721876531e-08	0.000712544078851
1.49762806514e-08	0.00065312553852
1.49803736496e-08	0.000446928370366
1.49844666479e-08	0.00013920699439
1.49885596461e-08	-0.000205809201361
1.49926526444e-08	-0.000515326981258
1.49967456427e-08	-0.000721528682334
1.50008386409e-08	-0.000774294589064
1.50049316392e-08	-0.000651480884699
1.50090246375e-08	-0.000364141234968
1.50131176357e-08	4.54326707313e-05
1.5017210634e-08	0.000511422360432
1.50213036323e-08	0.000957987860602
1.50253966305e-08	0.00131429867179
1.50294896288e-08	0.00152831747255
1.50335826271e-08	0.00157642201521
1.50376756253e-08	0.00146577075793
1.50417686236e-08	0.00123065510707
1.50458616219e-08	0.000922618848563
1.50499546201e-08	0.000598119488131
1.50540476184e-08	0.000306657975671
1.50581406166e-08	8.15021276139e-05
1.50622336149e-08	-6.3939429765e-05
1.50663266132e-08	-0.00013553145709
1.50704196114e-08	-0.000153303768457
1.50745126097e-08	-0.000144437814015
1.5078605608e-08	-0.000136546562317
1.50826986062e-08	-0.000151696452122
1.50867916045e-08	-0.000203445490115
1.50908846028e-08	-0.000295239262414
1.5094977601e-08	-0.000420800759457
1.50990705993e-08	-0.00056569413573
1.51031635976e-08	-0.000709127383743
1.51072565958e-08	-0.000827305389976
1.51113495941e-08	-0.000896688754437
1.51154425924e-08	-0.000898387064808
1.51195355906e-08	-0.000822325615445
1.51236285889e-08	-0.000670080898999
1.51277215872e-08	-0.000456380017567
1.51318145854e-08	-0.0002070183873
1.51359075837e-08	4.51764458376e-05
1.51400005819e-08	0.000266669485427
1.51440935802e-08	0.000430008960393
1.51481865785e-08	0.000518796496181
1.51522795767e-08	0.000530773773789
1.5156372575e-08	0.000476732591778
1.51604655733e-08	0.000377026761271
1.51645585715e-08	0.00025604914299
1.51686515698e-08	0.000136218518492
1.51727445681e-08	3.40595720445e-05
1.51768375663e-08	-4.20964151999e-05
1.51809305646e-08	-9.09362561288e-05
1.51850235629e-08	-0.000115372608889
1.51891165611e-08	-0.000119044986604
1.51932095594e-08	-0.00010306724198
1.51973025577e-08	-6.54760751786e-05
1.52013955559e-08	-2.150927088e-06
1.52054885542e-08	8.98069451978e-05
1.52095815525e-08	0.000208320199818
1.52136745507e-08	0.000343814566804
1.5217767549e-08	0.00047830504991
1.52218605472e-08	0.000588177263126
1.52259535455e-08	0.000648626770271
1.52300465438e-08	0.000639709869574
1.5234139542e-08	0.00055186494501
1.52382325403e-08	0.000388854263292
1.52423255386e-08	0.000168474230122
1.52464185368e-08	-8.05939189377e-05
1.52505115351e-08	-0.00032347760316
1.52546045334e-08	-0.000524932671397
1.52586975316e-08	-0.000654998122627
1.52627905299e-08	-0.000692690486176
1.52668835282e-08	-0.000628874953691
1.52709765264e-08	-0.000466801793664
1.52750695247e-08	-0.000221876774958
1.5279162523e-08	7.95575215307e-05
1.52832555212e-08	0.000402827656217
1.52873485195e-08	0.000707833067281
1.52914415178e-08	0.000953952716372
1.5295534516e-08	0.00110525045602
1.52996275143e-08	0.00113622705976
1.53037205125e-08	0.00103698764724
1.53078135108e-08	0.000815701117972
1.53119065091e-08	0.000498783560033
1.53159995073e-08	0.000126763738081
1.53200925056e-08	-0.000252404746789
1.53241855039e-08	-0.000591736745264
1.53282785021e-08	-0.000853774428833
1.53323715004e-08	-0.00101614330924
1.53364644987e-08	-0.001074297179
1.53405574969e-08	-0.00103952119389
1.53446504952e-08	-0.000933894974878
1.53487434935e-08	-0.000783794021118
1.53528364917e-08	-0.000613173440797
1.535692949e-08	-0.00043983631258
1.53610224883e-08	-0.000273950010524
1.53651154865e-08	-0.000119894371892
1.53692084848e-08	2.029557794e-05
1.5373301483e-08	0.000143891288644
1.53773944813e-08	0.000245142267886
1.53814874796e-08	0.000316005804052
1.53855804778e-08	0.000348206238414
1.53896734761e-08	0.000336606923156
1.53937664744e-08	0.000282407689156
1.53978594726e-08	0.000194222377104
1.54019524709e-08	8.78907057995e-05
1.54060454692e-08	-1.64142352332e-05
1.54101384674e-08	-9.76707387963e-05
1.54142314657e-08	-0.000137642043228
1.5418324464e-08	-0.00012407664326
1.54224174622e-08	-5.18696397194e-05
1.54265104605e-08	7.62432091506e-05
1.54306034588e-08	0.000250666918873
1.5434696457e-08	0.000456155790744
1.54387894553e-08	0.000673095149978
1.54428824536e-08	0.000879475810507
1.54469754518e-08	0.00105224747676
1.54510684501e-08	0.00116979585437
1.54551614483e-08	0.0012142197229
1.54592544466e-08	0.00117380826123
1.54633474449e-08	0.00104553312121
1.54674404431e-08	0.000835856975755
1.54715334414e-08	0.000560901618883
1.54756264397e-08	0.000244198881774
1.54797194379e-08	-8.67252701937e-05
1.54838124362e-08	-0.000404411322961
1.54879054345e-08	-0.000685847149725
1.54919984327e-08	-0.000914711599762
1.5496091431e-08	-0.00108238343819
1.55001844293e-08	-0.00118629640201
1.55042774275e-08	-0.00122697470215
1.55083704258e-08	-0.00120526819228
1.55124634241e-08	-0.00112012957834
1.55165564223e-08	-0.00096950835723
1.55206494206e-08	-0.00075297744479
1.55247424189e-08	-0.000476267887279
1.55288354171e-08	-0.000155783829541
1.55329284154e-08	0.000179532963557
1.55370214136e-08	0.000489180940349
1.55411144119e-08	0.00072699950033
1.55452074102e-08	0.000849801654113
1.55493004084e-08	0.000827423122246
1.55533934067e-08	0.000651794631267
1.5557486405e-08	0.000341577180734
1.55615794032e-08	-5.76998204451e-05
1.55656724015e-08	-0.000479835674923
1.55697653998e-08	-0.000848397336085
1.5573858398e-08	-0.0010896438398
1.55779513963e-08	-0.00114605380804
1.55820443946e-08	-0.000986747181742
1.55861373928e-08	-0.000614529861195
1.55902303911e-08	-6.71377865729e-05
1.55943233894e-08	0.000586821832258
1.55984163876e-08	0.00125653136638
1.56025093859e-08	0.00184205392725
1.56066023841e-08	0.00224873630214
1.56106953824e-08	0.00240249738272
1.56147883807e-08	0.0022627414728
1.56188813789e-08	0.00183104221651
1.56229743772e-08	0.00115430435835
1.56270673755e-08	0.000319952254358
1.56311603737e-08	-0.000555384576728
1.5635253372e-08	-0.00134379347583
1.56393463703e-08	-0.00192721780331
1.56434393685e-08	-0.00221796204278
1.56475323668e-08	-0.00217541519669
1.56516253651e-08	-0.00181393015373
1.56557183633e-08	-0.00120127354603
1.56598113616e-08	-0.000446471829491
1.56639043599e-08	0.000320388451655
1.56679973581e-08	0.000971866233158
1.56720903564e-08	0.00140669205575
1.56761833547e-08	0.00156688332208
1.56802763529e-08	0.00144650693255
1.56843693512e-08	0.00108998513315
1.56884623494e-08	0.000580780022574
1.56925553477e-08	2.40604284727e-05
1.5696648346e-08	-0.000474285719974
1.57007413442e-08	-0.00082672888675
1.57048343425e-08	-0.000979002390523
1.57089273408e-08	-0.000918105833989
1.5713020339e-08	-0.000672032314469
1.57171133373e-08	-0.000302864918922
1.57212063356e-08	0.000106685934952
1.57252993338e-08	0.000469408139907
1.57293923321e-08	0.000710301264917
1.57334853304e-08	0.000780938768003
1.57375783286e-08	0.000668136101012
1.57416713269e-08	0.000396674284275
1.57457643252e-08	2.40142840084e-05
1.57498573234e-08	-0.000371021473256
1.57539503217e-08	-0.000704037771357
1.575804332e-08	-0.000902759435121
1.57621363182e-08	-0.000922038139834
1.57662293165e-08	-0.000754466760554
1.57703223147e-08	-0.000432784647273
1.5774415313e-08	-2.40193203354e-05
1.57785083113e-08	0.000383840157156
1.57826013095e-08	0.000700834960298
1.57866943078e-08	0.000854404861457
1.57907873061e-08	0.000806292839115
1.57948803043e-08	0.00056191801923
1.57989733026e-08	0.000170365355189
1.58030663009e-08	-0.000284852621917
1.58071592991e-08	-0.000703362169588
1.58112522974e-08	-0.000988500913081
1.58153452957e-08	-0.00106773525476
1.58194382939e-08	-0.000907700326934
1.58235312922e-08	-0.000520960973518
1.58276242905e-08	3.58451184184e-05
1.58317172887e-08	0.000672970858432
1.5835810287e-08	0.00128363176191
1.58399032852e-08	0.0017631064984
1.58439962835e-08	0.00202688407444
1.58480892818e-08	0.00202458302374
1.585218228e-08	0.0017486627039
1.58562752783e-08	0.00123536214232
1.58603682766e-08	0.000559288346267
1.58644612748e-08	-0.000178371667971
1.58685542731e-08	-0.000866155329277
1.58726472714e-08	-0.00140001557884
1.58767402696e-08	-0.00170091356267
1.58808332679e-08	-0.0017278969608
1.58849262662e-08	-0.00148545543198
1.58890192644e-08	-0.00102305584005
1.58931122627e-08	-0.000426364931627
1.5897205261e-08	0.000197468736587
1.59012982592e-08	0.000739290295314
1.59053912575e-08	0.00110712649621
1.59094842558e-08	0.00124229783978
1.5913577254e-08	0.00112917116348
1.59176702523e-08	0.000796094100224
1.59217632505e-08	0.000308814280288
1.59258562488e-08	-0.00024344983467
1.59299492471e-08	-0.000764986187278
1.59340422453e-08	-0.0011706569785
1.59381352436e-08	-0.00140001659747
1.59422282419e-08	-0.00142516855703
1.59463212401e-08	-0.00125295241742
1.59504142384e-08	-0.000920479767956
1.59545072367e-08	-0.000486547363835
1.59586002349e-08	-2.07585277394e-05
1.59626932332e-08	0.000408271309425
1.59667862315e-08	0.00074267207674
1.59708792297e-08	0.000943428996834
1.5974972228e-08	0.000994858855847
1.59790652263e-08	0.000905752669496
1.59831582245e-08	0.000707327522832
1.59872512228e-08	0.000447228845587
1.59913442211e-08	0.000181680539754
1.59954372193e-08	-3.45950604697e-05
1.59995302176e-08	-0.000158127552822
1.60036232158e-08	-0.000164616088114
1.60077162141e-08	-5.39792686141e-05
1.60118092124e-08	0.000149827561472
1.60159022106e-08	0.000402955116442
1.60199952089e-08	0.0006503376826
1.60240882072e-08	0.000836596074805
1.60281812054e-08	0.000916827390029
1.60322742037e-08	0.000865964269906
1.6036367202e-08	0.000683421498252
1.60404602002e-08	0.000393505208194
1.60445531985e-08	4.0577014488e-05
1.60486461968e-08	-0.000319653865517
1.6052739195e-08	-0.000630316266324
1.60568321933e-08	-0.000844113383209
1.60609251916e-08	-0.000931104477786
1.60650181898e-08	-0.000883486063685
1.60691111881e-08	-0.000716106053005
1.60732041864e-08	-0.000462890180643
1.60772971846e-08	-0.000171011086422
1.60813901829e-08	0.000107410233795
1.60854831811e-08	0.000323353142448
1.60895761794e-08	0.000438717353973
1.60936691777e-08	0.000432710017776
1.60977621759e-08	0.000305522497001
1.61018551742e-08	7.98313003543e-05
1.61059481725e-08	-0.000201942051717
1.61100411707e-08	-0.000483451709442
1.6114134169e-08	-0.000703665871697
1.61182271673e-08	-0.000808367971331
1.61223201655e-08	-0.000761044626415
1.61264131638e-08	-0.000552152687305
1.61305061621e-08	-0.000203012850761
1.61345991603e-08	0.00023599452652
1.61386921586e-08	0.000693406545906
1.61427851569e-08	0.00108992131572
1.61468781551e-08	0.00135311614576
1.61509711534e-08	0.00143194440898
1.61550641516e-08	0.0013066344909
1.61591571499e-08	0.000992690533167
1.61632501482e-08	0.000538322365173
1.61673431464e-08	1.5209359276e-05
1.61714361447e-08	-0.000494068393891
1.6175529143e-08	-0.000910811992071
1.61796221412e-08	-0.00117337734991
1.61837151395e-08	-0.00124688912183
1.61878081378e-08	-0.00112848711433
1.6191901136e-08	-0.000846413939144
1.61959941343e-08	-0.000454808796349
1.62000871326e-08	-2.39032309537e-05
1.62041801308e-08	0.000371980369891
1.62082731291e-08	0.000666781837936
1.62123661274e-08	0.000814293038275
1.62164591256e-08	0.00079582460603
1.62205521239e-08	0.000624006723228
1.62246451222e-08	0.000340715980201
1.62287381204e-08	9.55527622182e-06
1.62328311187e-08	-0.000295746134725
1.62369241169e-08	-0.000506164928083
1.62410171152e-08	-0.000571237851545
1.62451101135e-08	-0.000470342605695
1.62492031117e-08	-0.000217969622099
1.625329611e-08	0.000138466283715
1.62573891083e-08	0.000527437128767
1.62614821065e-08	0.00086833757814
1.62655751048e-08	0.0010881540511
1.62696681031e-08	0.00113721076923
1.62737611013e-08	0.00100003446278
1.62778540996e-08	0.000698606687365
1.62819470979e-08	0.000288358252874
1.62860400961e-08	-0.000153516240061
1.62901330944e-08	-0.00054354275926
1.62942260927e-08	-0.000808782999229
1.62983190909e-08	-0.000901493127458
1.63024120892e-08	-0.000808110431535
1.63065050875e-08	-0.000552220019017
1.63105980857e-08	-0.000189725105884
1.6314691084e-08	0.000201597122214
1.63187840822e-08	0.000536613704753
1.63228770805e-08	0.00073908405102
1.63269700788e-08	0.000755777153245
1.6331063077e-08	0.000567402836168
1.63351560753e-08	0.000193153243345
1.63392490736e-08	-0.00031113197474
1.63433420718e-08	-0.000861132328282
1.63474350701e-08	-0.00135805045284
1.63515280684e-08	-0.00170509387681
1.63556210666e-08	-0.00182520523958
1.63597140649e-08	-0.00167585190502
1.63638070632e-08	-0.00125861090055
1.63679000614e-08	-0.00062169380908
1.63719930597e-08	0.00014654813549
1.6376086058e-08	0.00093111989554
1.63801790562e-08	0.00161008625582
1.63842720545e-08	0.0020760315092
1.63883650527e-08	0.00225529144518
1.6392458051e-08	0.00212169985753
1.63965510493e-08	0.00170087625156
1.64006440475e-08	0.00106565361784
1.64047370458e-08	0.000322578962368
1.64088300441e-08	-0.000407052026276
1.64129230423e-08	-0.00100756390748
1.64170160406e-08	-0.0013878128666
1.64211090389e-08	-0.00149416407658
1.64252020371e-08	-0.0013172380859
1.64292950354e-08	-0.000891159754246
1.64333880337e-08	-0.000286407181193
1.64374810319e-08	0.000401474353566
1.64415740302e-08	0.00106658414734
1.64456670285e-08	0.00160734241945
1.64497600267e-08	0.0019405871426
1.6453853025e-08	0.00201287090022
1.64579460233e-08	0.00180744055251
1.64620390215e-08	0.00134689313563
1.64661320198e-08	0.000689635726303
1.6470225018e-08	-7.81738544902e-05
1.64743180163e-08	-0.000855173588207
1.64784110146e-08	-0.00153978622984
1.64825040128e-08	-0.00204477118677
1.64865970111e-08	-0.00231011569849
1.64906900094e-08	-0.0023107049492
1.64947830076e-08	-0.00205875428219
1.64988760059e-08	-0.0016001285403
1.65029690042e-08	-0.00100532907527
1.65070620024e-08	-0.000357882710887
1.65111550007e-08	0.000258948703049
1.6515247999e-08	0.000773461302742
1.65193409972e-08	0.00113412339124
1.65234339955e-08	0.00131432153285
1.65275269938e-08	0.0013126984486
1.6531619992e-08	0.00115089805331
1.65357129903e-08	0.00086823325546
1.65398059886e-08	0.000515538911714
1.65438989868e-08	0.000148284669194
1.65479919851e-08	-0.000180576869752
1.65520849833e-08	-0.000426688224252
1.65561779816e-08	-0.000560110984225
1.65602709799e-08	-0.000568785810174
1.65643639781e-08	-0.000459948612843
1.65684569764e-08	-0.00025861726499
1.65725499747e-08	-2.60065166913e-06
1.65766429729e-08	0.000264222733676
1.65807359712e-08	0.000500511159771
1.65848289695e-08	0.000674918686855
1.65889219677e-08	0.000771393511968
1.6593014966e-08	0.000791080710769
1.65971079643e-08	0.000749593076762
1.66012009625e-08	0.00067158924503
1.66052939608e-08	0.000582747525186
1.66093869591e-08	0.000502241477079
1.66134799573e-08	0.000437362872617
1.66175729556e-08	0.000381336056307
1.66216659538e-08	0.000315961844535
1.66257589521e-08	0.000217099941437
1.66298519504e-08	6.27979193268e-05
1.66339449486e-08	-0.000158748416652
1.66380379469e-08	-0.000443457065558
1.66421309452e-08	-0.000768594742112
1.66462239434e-08	-0.00109494692151
1.66503169417e-08	-0.00137217677548
1.665440994e-08	-0.00154733035015
1.66585029382e-08	-0.0015744700504
1.66625959365e-08	-0.00142337602301
1.66666889348e-08	-0.00108695191011
1.6670781933e-08	-0.000584865010751
1.66748749313e-08	3.59306961855e-05
1.66789679296e-08	0.000704908845364
1.66830609278e-08	0.00133588020253
1.66871539261e-08	0.00183788573486
1.66912469244e-08	0.00212927944085
1.66953399226e-08	0.00215176299389
1.66994329209e-08	0.00188300930313
1.67035259191e-08	0.00134468959732
1.67076189174e-08	0.000603158088779
1.67117119157e-08	-0.000237427009779
1.67158049139e-08	-0.00105058504414
1.67198979122e-08	-0.00170800769411
1.67239909105e-08	-0.00210213269747
1.67280839087e-08	-0.00216622676817
1.6732176907e-08	-0.00188707752386
1.67362699053e-08	-0.00130874578463
1.67403629035e-08	-0.000525116720382
1.67444559018e-08	0.000336223971317
1.67485489001e-08	0.00113606271771
1.67526418983e-08	0.00174762574898
1.67567348966e-08	0.00207719909668
1.67608278949e-08	0.00207908416633
1.67649208931e-08	0.00176130377804
1.67690138914e-08	0.00118238247524
1.67731068897e-08	0.000440169053036
1.67771998879e-08	-0.000345650012605
1.67812928862e-08	-0.00105301429721
1.67853858844e-08	-0.00157710224448
1.67894788827e-08	-0.00184598650958
1.6793571881e-08	-0.00183056801325
1.67976648792e-08	-0.00154773172108
1.68017578775e-08	-0.00105541852099
1.68058508758e-08	-0.000441794589278
1.6809943874e-08	0.000191017341422
1.68140368723e-08	0.000745105433452
1.68181298706e-08	0.00114377972932
1.68222228688e-08	0.00134487204195
1.68263158671e-08	0.00134647714731
1.68304088654e-08	0.00118515607755
1.68345018636e-08	0.000925715801714
1.68385948619e-08	0.000645162192086
1.68426878602e-08	0.000414593610913
1.68467808584e-08	0.000282274984784
1.68508738567e-08	0.000263168161837
1.6854966855e-08	0.00033614970198
1.68590598532e-08	0.000450417101092
1.68631528515e-08	0.000539319666132
1.68672458497e-08	0.000537647130841
1.6871338848e-08	0.000399304448365
1.68754318463e-08	0.00010984367691
1.68795248445e-08	-0.000307912325297
1.68836178428e-08	-0.00079688191181
1.68877108411e-08	-0.00127673074894
1.68918038393e-08	-0.00165944795299
1.68958968376e-08	-0.00186735141324
1.68999898359e-08	-0.00184853325482
1.69040828341e-08	-0.00158766558161
1.69081758324e-08	-0.00111010774708
1.69122688307e-08	-0.000478309422761
1.69163618289e-08	0.000217489876377
1.69204548272e-08	0.000873824545124
1.69245478255e-08	0.00139027698606
1.69286408237e-08	0.00168553409458
1.6932733822e-08	0.00171103255707
1.69368268202e-08	0.00145933264139
1.69409198185e-08	0.000967099440459
1.69450128168e-08	0.00031065019175
1.6949105815e-08	-0.000404823942517
1.69531988133e-08	-0.00106133292866
1.69572918116e-08	-0.00154764711624
1.69613848098e-08	-0.00177798140794
1.69654778081e-08	-0.00170758257445
1.69695708064e-08	-0.00134087057086
1.69736638046e-08	-0.000730781335733
1.69777568029e-08	3.06585238832e-05
1.69818498012e-08	0.000829476150102
1.69859427994e-08	0.00154979397485
1.69900357977e-08	0.00209376977
1.6994128796e-08	0.0023965066066
1.69982217942e-08	0.00243351294193
1.70023147925e-08	0.00222042879614
1.70064077908e-08	0.0018050668441
1.7010500789e-08	0.00125566244969
1.70145937873e-08	0.000647283508442
1.70186867855e-08	4.98492197494e-05
1.70227797838e-08	-0.000480225586216
1.70268727821e-08	-0.000904857384739
1.70309657803e-08	-0.00120463249186
1.70350587786e-08	-0.00137694442674
1.70391517769e-08	-0.00143214742275
1.70432447751e-08	-0.0013890376722
1.70473377734e-08	-0.00127083955886
1.70514307717e-08	-0.00110103964107
1.70555237699e-08	-0.000900655410078
1.70596167682e-08	-0.000685971052008
1.70637097665e-08	-0.000467628560727
1.70678027647e-08	-0.000251348243182
1.7071895763e-08	-3.94995283841e-05
1.70759887613e-08	0.000165569407727
1.70800817595e-08	0.000358504867108
1.70841747578e-08	0.000528329746885
1.70882677561e-08	0.000657666896586
1.70923607543e-08	0.000725014164345
1.70964537526e-08	0.000709091505996
1.71005467508e-08	0.00059572851751
1.71046397491e-08	0.000384426002711
1.71087327474e-08	9.31583354031e-05
1.71128257456e-08	-0.000240435525484
1.71169187439e-08	-0.000563272660656
1.71210117422e-08	-0.000814981998701
1.71251047404e-08	-0.00093968262081
1.71291977387e-08	-0.000897815218195
1.7133290737e-08	-0.00067549522646
1.71373837352e-08	-0.000289454963422
1.71414767335e-08	0.000214593314013
1.71455697318e-08	0.000768563135352
1.714966273e-08	0.00129316760285
1.71537557283e-08	0.00171059834247
1.71578487266e-08	0.00195624490152
1.71619417248e-08	0.00198821650702
1.71660347231e-08	0.001792362571
1.71701277213e-08	0.00138387704646
1.71742207196e-08	0.000804899347713
1.71783137179e-08	0.000119242743494
1.71824067161e-08	-0.00059466361563
1.71864997144e-08	-0.00125296077749
1.71905927127e-08	-0.00177579830051
1.71946857109e-08	-0.00209754421667
1.71987787092e-08	-0.00217599650205
1.72028717075e-08	-0.00199930820963
1.72069647057e-08	-0.00158976059174
1.7211057704e-08	-0.00100195487903
1.72151507023e-08	-0.000316162091622
1.72192437005e-08	0.000373636354198
1.72233366988e-08	0.000974743481493
1.72274296971e-08	0.00141072352562
1.72315226953e-08	0.00163409057132
1.72356156936e-08	0.00163279783737
1.72397086919e-08	0.00143028206367
1.72438016901e-08	0.00107853562804
1.72478946884e-08	0.000646182019409
1.72519876866e-08	0.000205074093174
1.72560806849e-08	-0.000182548240446
1.72601736832e-08	-0.000472609161079
1.72642666814e-08	-0.000643285540718
1.72683596797e-08	-0.00069433558383
1.7272452678e-08	-0.000642675280687
1.72765456762e-08	-0.000516751286341
1.72806386745e-08	-0.000350004509528
1.72847316728e-08	-0.000175591062543
1.7288824671e-08	-2.19211500507e-05
1.72929176693e-08	9.08389461074e-05
1.72970106676e-08	0.000152782080477
1.73011036658e-08	0.000165665566783
1.73051966641e-08	0.000142019298437
1.73092896624e-08	0.000102580890598
1.73133826606e-08	7.14931770744e-05
1.73174756589e-08	6.96914657965e-05
1.73215686572e-08	0.000108645945147
1.73256616554e-08	0.000185068388419
1.73297546537e-08	0.00027955094447
1.73338476519e-08	0.000359413701517
1.73379406502e-08	0.000385898489185
1.73420336485e-08	0.000324825834468
1.73461266467e-08	0.000157182754265
1.7350219645e-08	-0.000112099988655
1.73543126433e-08	-0.000450906813057
1.73584056415e-08	-0.000803213013569
1.73624986398e-08	-0.00109859331133
1.73665916381e-08	-0.00126685413125
1.73706846363e-08	-0.00125338532234
1.73747776346e-08	-0.00103270339605
1.73788706329e-08	-0.000616085835645
1.73829636311e-08	-5.16200020684e-05
1.73870566294e-08	0.000582964545174
1.73911496277e-08	0.00119400069525
1.73952426259e-08	0.00168797271908
1.73993356242e-08	0.00198770614224
1.74034286225e-08	0.00204513517383
1.74075216207e-08	0.00184858437569
1.7411614619e-08	0.00142455164314
1.74157076172e-08	0.000833146223158
1.74198006155e-08	0.000159403969519
1.74238936138e-08	-0.000499014673551
1.7427986612e-08	-0.00104596687015
1.74320796103e-08	-0.00140079145785
1.74361726086e-08	-0.00151134534099
1.74402656068e-08	-0.00136301700695
1.74443586051e-08	-0.000982993886282
1.74484516034e-08	-0.000437781087385
1.74525446016e-08	0.000176543680936
1.74566375999e-08	0.000749719314626
1.74607305982e-08	0.0011770827623
1.74648235964e-08	0.00137891544
1.74689165947e-08	0.00131615942519
1.7473009593e-08	0.000998590367089
1.74771025912e-08	0.00048293502914
1.74811955895e-08	-0.00013807940104
1.74852885877e-08	-0.000754658030928
1.7489381586e-08	-0.00126163526875
1.74934745843e-08	-0.00157868681708
1.74975675825e-08	-0.00166465349321
1.75016605808e-08	-0.00152244701167
1.75057535791e-08	-0.00119509445358
1.75098465773e-08	-0.000753408006858
1.75139395756e-08	-0.000279615169347
1.75180325739e-08	0.00014933570219
1.75221255721e-08	0.00047554192497
1.75262185704e-08	0.000667743308441
1.75303115687e-08	0.000723332126654
1.75344045669e-08	0.000664469149342
1.75384975652e-08	0.000530718509253
1.75425905635e-08	0.000370143148757
1.75466835617e-08	0.000229865912843
1.755077656e-08	0.000148359713421
1.75548695583e-08	0.000148954368342
1.75589625565e-08	0.00023604288981
1.75630555548e-08	0.000394115199015
1.7567148553e-08	0.000589772025705
1.75712415513e-08	0.000777799366915
1.75753345496e-08	0.000909623755433
1.75794275478e-08	0.00094396865461
1.75835205461e-08	0.000856878810737
1.75876135444e-08	0.0006486833081
1.75917065426e-08	0.000346345241269
1.75957995409e-08	-1.00434846217e-06
1.75998925392e-08	-0.000331678360453
1.76039855374e-08	-0.00058511754105
1.76080785357e-08	-0.000715995935025
1.7612171534e-08	-0.000704927704646
1.76162645322e-08	-0.000563735560718
1.76203575305e-08	-0.000332670249918
1.76244505288e-08	-7.12428604857e-05
1.7628543527e-08	0.000155756390086
1.76326365253e-08	0.000293442204566
1.76367295236e-08	0.000308923512421
1.76408225218e-08	0.000198415536943
1.76449155201e-08	-1.32391073748e-05
1.76490085183e-08	-0.000279183475868
1.76531015166e-08	-0.000541683886695
1.76571945149e-08	-0.000745020799513
1.76612875131e-08	-0.000846284776344
1.76653805114e-08	-0.000823030051833
1.76694735097e-08	-0.000675654617226
1.76735665079e-08	-0.000425596172136
1.76776595062e-08	-0.000110394676085
1.76817525045e-08	0.000223378116061
1.76858455027e-08	0.000526992494997
1.7689938501e-08	0.000756625995564
1.76940314993e-08	0.000879202212673
1.76981244975e-08	0.000877245307493
1.77022174958e-08	0.000752486936108
1.77063104941e-08	0.000526715684828
1.77104034923e-08	0.000240174082137
1.77144964906e-08	-5.42027923984e-05
1.77185894888e-08	-0.000299683810226
1.77226824871e-08	-0.00044666701433
1.77267754854e-08	-0.000463845208287
1.77308684836e-08	-0.000345879967426
1.77349614819e-08	-0.000116389606774
1.77390544802e-08	0.000176018244019
1.77431474784e-08	0.00046769776236
1.77472404767e-08	0.00069360982161
1.7751333475e-08	0.000802074209787
1.77554264732e-08	0.000765882185078
1.77595194715e-08	0.000588103870541
1.77636124698e-08	0.000300516652715
1.7767705468e-08	-4.44451031854e-05
1.77717984663e-08	-0.000385454106436
1.77758914646e-08	-0.000665508741804
1.77799844628e-08	-0.00084225583123
1.77840774611e-08	-0.000894289638381
1.77881704594e-08	-0.00082216411829
1.77922634576e-08	-0.000644811814709
1.77963564559e-08	-0.000393860522308
1.78004494541e-08	-0.000106726596641
1.78045424524e-08	0.000178800495632
1.78086354507e-08	0.000428696119343
1.78127284489e-08	0.000615485372691
1.78168214472e-08	0.000719937754184
1.78209144455e-08	0.000733171240427
1.78250074437e-08	0.00065798718424
1.7829100442e-08	0.0005098813308
1.78331934403e-08	0.000316138472044
1.78372864385e-08	0.00011217771771
1.78413794368e-08	-6.42177747068e-05
1.78454724351e-08	-0.000180916169484
1.78495654333e-08	-0.000218656161451
1.78536584316e-08	-0.000176178467882
1.78577514299e-08	-7.12104179001e-05
1.78618444281e-08	6.36880968159e-05
1.78659374264e-08	0.000188706217159
1.78700304247e-08	0.000266941868176
1.78741234229e-08	0.000273375588222
1.78782164212e-08	0.000200830711037
1.78823094194e-08	6.1406034547e-05
1.78864024177e-08	-0.000117385375233
1.7890495416e-08	-0.000299445948258
1.78945884142e-08	-0.000448940540082
1.78986814125e-08	-0.000537913067092
1.79027744108e-08	-0.00055122111371
1.7906867409e-08	-0.000488292887894
1.79109604073e-08	-0.000361121152309
1.79150534056e-08	-0.000190806529645
1.79191464038e-08	-2.99330147868e-06
1.79232394021e-08	0.000175939024302
1.79273324004e-08	0.00032144166471
1.79314253986e-08	0.000412927078287
1.79355183969e-08	0.000435057816503
1.79396113952e-08	0.000380021079764
1.79437043934e-08	0.000249975151746
1.79477973917e-08	5.94291550442e-05
1.79518903899e-08	-0.000163432760019
1.79559833882e-08	-0.000378745207854
1.79600763865e-08	-0.000539954886335
1.79641693847e-08	-0.000602659754804
1.7968262383e-08	-0.000534967151907
1.79723553813e-08	-0.000326813718857
1.79764483795e-08	4.07911790035e-06
1.79805413778e-08	0.00041283873361
1.79846343761e-08	0.000834110476717
1.79887273743e-08	0.00119447626639
1.79928203726e-08	0.00142734029214
1.79969133709e-08	0.00148641385022
1.80010063691e-08	0.00135530212719
1.80050993674e-08	0.00104998128518
1.80091923657e-08	0.000615023611317
1.80132853639e-08	0.000114288896839
1.80173783622e-08	-0.000381225261663
1.80214713605e-08	-0.000805010378826
1.80255643587e-08	-0.00110490730731
1.8029657357e-08	-0.00124880216754
1.80337503552e-08	-0.00122703916713
1.80378433535e-08	-0.00105175073986
1.80419363518e-08	-0.000753840358811
1.804602935e-08	-0.00037912524931
1.80501223483e-08	1.7208226609e-05
1.80542153466e-08	0.00037671258724
1.80583083448e-08	0.000645098603854
1.80624013431e-08	0.000780354770541
1.80664943414e-08	0.000759966875194
1.80705873396e-08	0.000586599031521
1.80746803379e-08	0.000289302366582
1.80787733362e-08	-7.99396257207e-05
1.80828663344e-08	-0.000454871969851
1.80869593327e-08	-0.000767597251979
1.8091052331e-08	-0.000961744655797
1.80951453292e-08	-0.00100406627462
1.80992383275e-08	-0.000890430412255
1.81033313258e-08	-0.000645390227874
1.8107424324e-08	-0.000315357601721
1.81115173223e-08	4.30785453318e-05
1.81156103205e-08	0.000375520186935
1.81197033188e-08	0.000640646128886
1.81237963171e-08	0.000816101448436
1.81278893153e-08	0.00089898967417
1.81319823136e-08	0.000901860315935
1.81360753119e-08	0.000845503134769
1.81401683101e-08	0.000752174026275
1.81442613084e-08	0.000640187834506
1.81483543067e-08	0.000521745991136
1.81524473049e-08	0.000403581147111
1.81565403032e-08	0.00028888109955
1.81606333015e-08	0.000179979109816
1.81647262997e-08	7.94528732513e-05
1.8168819298e-08	-9.77807155778e-06
1.81729122963e-08	-8.55747734931e-05
1.81770052945e-08	-0.000148076115693
1.81810982928e-08	-0.000199895732294
1.81851912911e-08	-0.000245545174039
1.81892842893e-08	-0.000289068455459
1.81933772876e-08	-0.000331576748067
1.81974702858e-08	-0.000369589593902
1.82015632841e-08	-0.000394840932131
1.82056562824e-08	-0.000396846367948
1.82097492806e-08	-0.00036652880226
1.82138422789e-08	-0.000300617835819
1.82179352772e-08	-0.000204527586902
1.82220282754e-08	-9.2313787718e-05
1.82261212737e-08	1.60864606187e-05
1.8230214272e-08	0.000100656034192
1.82343072702e-08	0.000147193544763
1.82384002685e-08	0.000151977537826
1.82424932668e-08	0.000123086922031
1.8246586265e-08	7.73990891503e-05
1.82506792633e-08	3.49869267211e-05
1.82547722616e-08	1.18190453691e-05
1.82588652598e-08	1.4394330492e-05
1.82629582581e-08	3.77610347186e-05
1.82670512563e-08	6.77401808389e-05
1.82711442546e-08	8.71551783348e-05
1.82752372529e-08	8.28431875561e-05
1.82793302511e-08	5.18911906511e-05
1.82834232494e-08	3.92312364283e-06
1.82875162477e-08	-4.11865250953e-05
1.82916092459e-08	-5.92298270021e-05
1.82957022442e-08	-3.0041300306e-05
1.82997952425e-08	5.54923349227e-05
1.83038882407e-08	0.000191082870515
1.8307981239e-08	0.000355319411028
1.83120742373e-08	0.000516358904861
1.83161672355e-08	0.00063898557346
1.83202602338e-08	0.000692894707754
1.83243532321e-08	0.000658906315948
1.83284462303e-08	0.000532612590177
1.83325392286e-08	0.000324696928146
1.83366322269e-08	5.82693537581e-05
1.83407252251e-08	-0.000234786421061
1.83448182234e-08	-0.000518425666087
1.83489112216e-08	-0.000756207220547
1.83530042199e-08	-0.000914806143555
1.83570972182e-08	-0.000967534026131
1.83611902164e-08	-0.000897691163118
1.83652832147e-08	-0.000702715522493
1.8369376213e-08	-0.00039723304144
1.83734692112e-08	-1.46351615058e-05
1.83775622095e-08	0.000394685066567
1.83816552078e-08	0.000769542661146
1.8385748206e-08	0.00104756342625
1.83898412043e-08	0.0011776503743
1.83939342026e-08	0.00113143253839
1.83980272008e-08	0.000911253802769
1.84021201991e-08	0.000552019962925
1.84062131974e-08	0.000115342754725
1.84103061956e-08	-0.000322096253512
1.84143991939e-08	-0.000684382092004
1.84184921922e-08	-0.000911640461709
1.84225851904e-08	-0.00097146317421
1.84266781887e-08	-0.000864046705829
1.84307711869e-08	-0.000619489590463
1.84348641852e-08	-0.000289543333565
1.84389571835e-08	6.46603493806e-05
1.84430501817e-08	0.000384911083529
1.844714318e-08	0.000625586108072
1.84512361783e-08	0.000759452741477
1.84553291765e-08	0.000778358298703
1.84594221748e-08	0.000690940079949
1.84635151731e-08	0.000517998556461
1.84676081713e-08	0.00028767207732
1.84717011696e-08	3.16016573834e-05
1.84757941679e-08	-0.00021839373585
1.84798871661e-08	-0.000432423214079
1.84839801644e-08	-0.000585172601859
1.84880731627e-08	-0.000658649882098
1.84921661609e-08	-0.000644998803182
1.84962591592e-08	-0.00054894151981
1.85003521574e-08	-0.000387763167964
1.85044451557e-08	-0.000189150638107
1.8508538154e-08	1.41762092198e-05
1.85126311522e-08	0.000191464871023
1.85167241505e-08	0.000320602457577
1.85208171488e-08	0.000393023201468
1.8524910147e-08	0.000414173773606
1.85290031453e-08	0.000400307737436
1.85330961436e-08	0.000371866008209
1.85371891418e-08	0.000345948437825
1.85412821401e-08	0.000330866574586
1.85453751384e-08	0.000323860693243
1.85494681366e-08	0.000313768352498
1.85535611349e-08	0.000286616019366
1.85576541332e-08	0.000232461929045
1.85617471314e-08	0.000150868963829
1.85658401297e-08	5.22773220837e-05
1.8569933128e-08	-4.43461640316e-05
1.85740261262e-08	-0.000117794864309
1.85781191245e-08	-0.000151799000378
1.85822121227e-08	-0.000140765283504
1.8586305121e-08	-9.23266688915e-05
1.85903981193e-08	-2.49874460678e-05
1.85944911175e-08	3.72793040242e-05
1.85985841158e-08	7.25804920876e-05
1.86026771141e-08	6.77109969729e-05
1.86067701123e-08	2.17052452172e-05
1.86108631106e-08	-5.40941091458e-05
1.86149561089e-08	-0.000140190543789
1.86190491071e-08	-0.000214687519474
1.86231421054e-08	-0.000259465035924
1.86272351037e-08	-0.000264559161224
1.86313281019e-08	-0.000229370725719
1.86354211002e-08	-0.000161603212291
1.86395140985e-08	-7.37948030292e-05
1.86436070967e-08	2.00277057729e-05
1.8647700095e-08	0.000106939622128
1.86517930933e-08	0.000176335813194
1.86558860915e-08	0.000219475223275
1.86599790898e-08	0.000229323470194
1.8664072088e-08	0.000200588543521
1.86681650863e-08	0.000131412081828
1.86722580846e-08	2.60257786522e-05
1.86763510828e-08	-0.000103056265289
1.86804440811e-08	-0.000234033672314
1.86845370794e-08	-0.000338386822477
1.86886300776e-08	-0.000386212326703
1.86927230759e-08	-0.000353983376044
1.86968160742e-08	-0.00023250803315
1.87009090724e-08	-3.19126177146e-05
1.87050020707e-08	0.000217492974116
1.8709095069e-08	0.000470492272143
1.87131880672e-08	0.000676597301208
1.87172810655e-08	0.000792028040451
1.87213740638e-08	0.000790965292254
1.8725467062e-08	0.000672118541843
1.87295600603e-08	0.000459718416096
1.87336530585e-08	0.000197604649657
1.87377460568e-08	-6.12701437603e-05
1.87418390551e-08	-0.000267117193289
1.87459320533e-08	-0.000384552960895
1.87500250516e-08	-0.000399092903535
1.87541180499e-08	-0.000318689677442
1.87582110481e-08	-0.00016965470968
1.87623040464e-08	1.09000088173e-05
1.87663970447e-08	0.000183532959454
1.87704900429e-08	0.000314369037369
1.87745830412e-08	0.000379867924494
1.87786760395e-08	0.000369218354535
1.87827690377e-08	0.000284185123746
1.8786862036e-08	0.000137555169204
1.87909550343e-08	-4.85374243908e-05
1.87950480325e-08	-0.000245150948103
1.87991410308e-08	-0.000419154544943
1.88032340291e-08	-0.000537478135811
1.88073270273e-08	-0.000572725341044
1.88114200256e-08	-0.000509396970301
1.88155130238e-08	-0.000349932375684
1.88196060221e-08	-0.000117399071314
1.88236990204e-08	0.000145897048242
1.88277920186e-08	0.000385430201277
1.88318850169e-08	0.000546023136849
1.88359780152e-08	0.000585002428124
1.88400710134e-08	0.000484330728796
1.88441640117e-08	0.000257054323811
1.884825701e-08	-5.32576887053e-05
1.88523500082e-08	-0.000380929061066
1.88564430065e-08	-0.000652669830743
1.88605360048e-08	-0.00080388574861
1.8864629003e-08	-0.000793693645392
1.88687220013e-08	-0.000613898238953
1.88728149996e-08	-0.000290696843877
1.88769079978e-08	0.000121139117255
1.88810009961e-08	0.000550127668248
1.88850939944e-08	0.000922002174775
1.88891869926e-08	0.00117355043767
1.88932799909e-08	0.00126270245528
1.88973729891e-08	0.00117401753232
1.89014659874e-08	0.000919521546166
1.89055589857e-08	0.000535117826075
1.89096519839e-08	7.49613122935e-05
1.89137449822e-08	-0.000396123890823
1.89178379805e-08	-0.000810564146377
1.89219309787e-08	-0.00110620554915
1.8926023977e-08	-0.0012348323944
1.89301169753e-08	-0.0011695970752
1.89342099735e-08	-0.00091142198653
1.89383029718e-08	-0.000491779952426
1.89423959701e-08	2.91214387289e-05
1.89464889683e-08	0.000569670970435
1.89505819666e-08	0.00103999218118
1.89546749649e-08	0.00135789717024
1.89587679631e-08	0.00146551268699
1.89628609614e-08	0.00134182594047
1.89669539597e-08	0.00100810713775
1.89710469579e-08	0.000524732506165
1.89751399562e-08	-2.10345961023e-05
1.89792329544e-08	-0.000532522510184
1.89833259527e-08	-0.000923274667002
1.8987418951e-08	-0.00113365133438
1.89915119492e-08	-0.00114076822501
1.89956049475e-08	-0.000960548328294
1.89996979458e-08	-0.000641181897663
1.9003790944e-08	-0.000251346709774
1.90078839423e-08	0.000134438576424
1.90119769406e-08	0.000449649523944
1.90160699388e-08	0.000645972577331
1.90201629371e-08	0.000699489039107
1.90242559354e-08	0.00061168468892
1.90283489336e-08	0.000407179762988
1.90324419319e-08	0.000128629577375
1.90365349302e-08	-0.000170208248164
1.90406279284e-08	-0.000432076842117
1.90447209267e-08	-0.000605113364145
1.90488139249e-08	-0.000651335933071
1.90529069232e-08	-0.00055460524527
1.90569999215e-08	-0.00032607970752
1.90610929197e-08	-5.07952455564e-06
1.9065185918e-08	0.000345277778251
1.90692789163e-08	0.000649105651974
1.90733719145e-08	0.000833019905258
1.90774649128e-08	0.000843300753331
1.90815579111e-08	0.00066070810135
1.90856509093e-08	0.000308272925395
1.90897439076e-08	-0.000149794174831
1.90938369059e-08	-0.00061976849247
1.90979299041e-08	-0.000997577117232
1.91020229024e-08	-0.001191521078
1.91061159007e-08	-0.0011433089021
1.91102088989e-08	-0.0008415854536
1.91143018972e-08	-0.000325837892888
1.91183948955e-08	0.000321050192724
1.91224878937e-08	0.000988886793493
1.9126580892e-08	0.00156112853438
1.91306738902e-08	0.00193657049385
1.91347668885e-08	0.0020465782145
1.91388598868e-08	0.00186615494022
1.9142952885e-08	0.00141673455073
1.91470458833e-08	0.00076158180309
1.91511388816e-08	-4.51288701697e-06
1.91552318798e-08	-0.000769980295445
1.91593248781e-08	-0.00142247328768
1.91634178764e-08	-0.00186527596088
1.91675108746e-08	-0.00203159046941
1.91716038729e-08	-0.00189515559759
1.91756968712e-08	-0.0014760367194
1.91797898694e-08	-0.000839259482746
1.91838828677e-08	-8.67163885232e-05
1.9187975866e-08	0.000658250650304
1.91920688642e-08	0.00127125588915
1.91961618625e-08	0.00164886425773
1.92002548608e-08	0.0017286058137
1.9204347859e-08	0.00150155901792
1.92084408573e-08	0.00101524520142
1.92125338555e-08	0.00036476668356
1.92166268538e-08	-0.000326221490468
1.92207198521e-08	-0.000930371381401
1.92248128503e-08	-0.00134264335065
1.92289058486e-08	-0.00150044058682
1.92329988469e-08	-0.0013942704245
1.92370918451e-08	-0.00106630643131
1.92411848434e-08	-0.000597685160756
1.92452778417e-08	-8.87975279511e-05
1.92493708399e-08	0.000363354642104
1.92534638382e-08	0.000684382619511
1.92575568365e-08	0.000835131031636
1.92616498347e-08	0.000815562212665
1.9265742833e-08	0.000659896009893
1.92698358313e-08	0.000426072045229
1.92739288295e-08	0.000181469238669
1.92780218278e-08	-1.10349807301e-05
1.9282114826e-08	-0.000104827727228
1.92862078243e-08	-7.77139766797e-05
1.92903008226e-08	6.48413306408e-05
1.92943938208e-08	0.000290420324745
1.92984868191e-08	0.000545206450624
1.93025798174e-08	0.000763079631724
1.93066728156e-08	0.000877687758475
1.93107658139e-08	0.000836382190755
1.93148588122e-08	0.000612951414951
1.93189518104e-08	0.000217538285142
1.93230448087e-08	-0.000300070802041
1.9327137807e-08	-0.000855186459376
1.93312308052e-08	-0.00134140705632
1.93353238035e-08	-0.00165115558775
1.93394168018e-08	-0.00169871482649
1.93435098e-08	-0.00144165425445
1.93476027983e-08	-0.000894416058145
1.93516957966e-08	-0.000130365219775
1.93557887948e-08	0.000728815193725
1.93598817931e-08	0.00153547429363
1.93639747913e-08	0.00214431663335
1.93680677896e-08	0.00244137692789
1.93721607879e-08	0.00236654914625
1.93762537861e-08	0.00192487078311
1.93803467844e-08	0.00118504435522
1.93844397827e-08	0.000265228154603
1.93885327809e-08	-0.000689151576807
1.93926257792e-08	-0.00153139157919
1.93967187775e-08	-0.00213775545126
1.94008117757e-08	-0.00242566030647
1.9404904774e-08	-0.0023642416927
1.94089977723e-08	-0.00197566226416
1.94130907705e-08	-0.00132910011598
1.94171837688e-08	-0.000528474894963
1.94212767671e-08	0.000303894268654
1.94253697653e-08	0.00104505980562
1.94294627636e-08	0.00158948947501
1.94335557619e-08	0.00186417814984
1.94376487601e-08	0.00183963988093
1.94417417584e-08	0.00153449279605
1.94458347566e-08	0.00101218386408
1.94499277549e-08	0.00037042452459
1.94540207532e-08	-0.000276418370049
1.94581137514e-08	-0.000818094005808
1.94622067497e-08	-0.0011690758256
1.9466299748e-08	-0.00128449950716
1.94703927462e-08	-0.00116728078137
1.94744857445e-08	-0.000865435089509
1.94785787428e-08	-0.000459029641206
1.9482671741e-08	-4.06758738336e-05
1.94867647393e-08	0.000306067968268
1.94908577376e-08	0.000525206916791
1.94949507358e-08	0.00059856331427
1.94990437341e-08	0.000546537201444
1.95031367324e-08	0.000418796076701
1.95072297306e-08	0.000278595112832
1.95113227289e-08	0.000185132292245
1.95154157271e-08	0.00017819655568
1.95195087254e-08	0.00026956106376
1.95236017237e-08	0.000441528656665
1.95276947219e-08	0.000652855185763
1.95317877202e-08	0.000849255477078
1.95358807185e-08	0.000975325609033
1.95399737167e-08	0.000985852937447
1.9544066715e-08	0.000853701036249
1.95481597133e-08	0.000574653146032
1.95522527115e-08	0.000168635582668
1.95563457098e-08	-0.00032202840157
1.95604387081e-08	-0.000836579267343
1.95645317063e-08	-0.00130281774182
1.95686247046e-08	-0.00164604291786
1.95727177029e-08	-0.0018004738813
1.95768107011e-08	-0.00172148886486
1.95809036994e-08	-0.00139648166805
1.95849966977e-08	-0.000852321194543
1.95890896959e-08	-0.000155803694724
1.95931826942e-08	0.000593397140619
1.95972756924e-08	0.00127783700736
1.96013686907e-08	0.00178292232158
1.9605461689e-08	0.00201860030938
1.96095546872e-08	0.00193808387849
1.96136476855e-08	0.00154810209642
1.96177406838e-08	0.00090893079323
1.9621833682e-08	0.000123514721963
1.96259266803e-08	-0.00068192013714
1.96300196786e-08	-0.0013807176656
1.96341126768e-08	-0.00186800214578
1.96382056751e-08	-0.00207674740523
1.96422986734e-08	-0.001985817682
1.96463916716e-08	-0.00161930329341
1.96504846699e-08	-0.00103834459151
1.96545776682e-08	-0.000329069935106
1.96586706664e-08	0.000411512075516
1.96627636647e-08	0.00108837451262
1.9666856663e-08	0.00161937698431
1.96709496612e-08	0.00194386857038
1.96750426595e-08	0.00202841519786
1.96791356577e-08	0.00187063364137
1.9683228656e-08	0.00149960673298
1.96873216543e-08	0.00097297992761
1.96914146525e-08	0.000369863060769
1.96955076508e-08	-0.00022068511862
1.96996006491e-08	-0.000713479272235
1.97036936473e-08	-0.00104205781827
1.97077866456e-08	-0.00117045382649
1.97118796439e-08	-0.00109951852937
1.97159726421e-08	-0.000865907284606
1.97200656404e-08	-0.000532987105544
1.97241586387e-08	-0.000176560026375
1.97282516369e-08	0.000132240355924
1.97323446352e-08	0.000341864515576
1.97364376335e-08	0.000429719806561
1.97405306317e-08	0.000404176178563
1.974462363e-08	0.000298374185149
1.97487166283e-08	0.000159055952281
1.97528096265e-08	3.28952130531e-05
1.97569026248e-08	-4.52660010524e-05
1.9760995623e-08	-5.93761433265e-05
1.97650886213e-08	-1.36776269528e-05
1.97691816196e-08	7.16299041414e-05
1.97732746178e-08	0.000167400362443
1.97773676161e-08	0.000243512002271
1.97814606144e-08	0.00027529216095
1.97855536126e-08	0.000247048117672
1.97896466109e-08	0.000153679829054
1.97937396092e-08	2.30194558526e-07
1.97978326074e-08	-0.000198524501684
1.98019256057e-08	-0.000418608036853
1.9806018604e-08	-0.000627828678262
1.98101116022e-08	-0.000787686178228
1.98142046005e-08	-0.000858243583934
1.98182975988e-08	-0.00080513399007
1.9822390597e-08	-0.00060862873579
1.98264835953e-08	-0.000272166547802
1.98305765935e-08	0.000172771819962
1.98346695918e-08	0.000667154181428
1.98387625901e-08	0.00113250192953
1.98428555883e-08	0.00148467889812
1.98469485866e-08	0.00165116542485
1.98510415849e-08	0.00158756776364
1.98551345831e-08	0.00128856271476
1.98592275814e-08	0.000791193648183
1.98633205797e-08	0.000168444489645
1.98674135779e-08	-0.000484514795971
1.98715065762e-08	-0.00106838904321
1.98755995745e-08	-0.00149800024519
1.98796925727e-08	-0.00171591329854
1.9883785571e-08	-0.0016999932559
1.98878785693e-08	-0.00146321440843
1.98919715675e-08	-0.00104770527832
1.98960645658e-08	-0.000515351093782
1.99001575641e-08	6.29002347523e-05
1.99042505623e-08	0.000616045708739
1.99083435606e-08	0.00108057920443
1.99124365588e-08	0.00140577101411
1.99165295571e-08	0.00155774895393
1.99206225554e-08	0.00152304460062
1.99247155536e-08	0.00131066551694
1.99288085519e-08	0.000952896327362
1.99329015502e-08	0.000502532238897
1.99369945484e-08	2.64399477601e-05
1.99410875467e-08	-0.000404485468607
1.9945180545e-08	-0.000727884802473
1.99492735432e-08	-0.000901359657291
1.99533665415e-08	-0.000910842914891
1.99574595398e-08	-0.000772558618337
1.9961552538e-08	-0.000528184576979
1.99656455363e-08	-0.000234502422245
1.99697385346e-08	5.0392004141e-05
1.99738315328e-08	0.000279513160422
1.99779245311e-08	0.000425753394666
1.99820175294e-08	0.000484211195726
1.99861105276e-08	0.000468212874694
1.99902035259e-08	0.000401379402319
1.99942965241e-08	0.00030786726893
1.99983895224e-08	0.000205152613489
2.00024825207e-08	0.000100617407043
2.00065755189e-08	-6.99713666563e-06
2.00106685172e-08	-0.00012234175847
2.00147615155e-08	-0.000247578451308
2.00188545137e-08	-0.00037746021917
2.0022947512e-08	-0.000498410769069
2.00270405103e-08	-0.000591268148128
2.00311335085e-08	-0.00063675839192
2.00352265068e-08	-0.000621900282567
2.00393195051e-08	-0.000543983933312
2.00434125033e-08	-0.000411658551457
2.00475055016e-08	-0.000241937957981
2.00515984999e-08	-5.49426099496e-05
2.00556914981e-08	0.000131328632051
2.00597844964e-08	0.000304739114654
2.00638774946e-08	0.000458969909232
2.00679704929e-08	0.000591070431256
2.00720634912e-08	0.000697384926752
2.00761564894e-08	0.00077033231355
2.00802494877e-08	0.000798312445113
2.0084342486e-08	0.000768459976825
2.00884354842e-08	0.000672468984703
2.00925284825e-08	0.000512261933181
2.00966214808e-08	0.000303487977362
2.0100714479e-08	7.49936843931e-05
2.01048074773e-08	-0.000136805291731
2.01089004756e-08	-0.000296216707284
2.01129934738e-08	-0.000377688782464
2.01170864721e-08	-0.000372473199604
2.01211794704e-08	-0.000290557425615
2.01252724686e-08	-0.000157563143148
2.01293654669e-08	-6.88697213036e-06
2.01334584652e-08	0.000129191111228
2.01375514634e-08	0.000227457880101
2.01416444617e-08	0.000277786533843
2.01457374599e-08	0.00028229867894
2.01498304582e-08	0.000251133122219
2.01539234565e-08	0.000195927423192
2.01580164547e-08	0.000124801029415
2.0162109453e-08	4.00403371259e-05
2.01662024513e-08	-6.04678257332e-05
2.01702954495e-08	-0.000178613621756
2.01743884478e-08	-0.000311251496896
2.01784814461e-08	-0.000446528803877
2.01825744443e-08	-0.000564256297366
2.01866674426e-08	-0.000640092141111
2.01907604409e-08	-0.000652329672448
2.01948534391e-08	-0.000589469564147
2.01989464374e-08	-0.000454800625448
2.02030394357e-08	-0.000267193052423
2.02071324339e-08	-5.67869310544e-05
2.02112254322e-08	0.000142755856359
2.02153184305e-08	0.000302584299789
2.02194114287e-08	0.000405604299885
2.0223504427e-08	0.00044882165821
2.02275974252e-08	0.000441637450422
2.02316904235e-08	0.000400549073674
2.02357834218e-08	0.000342593604728
2.023987642e-08	0.000280621796264
2.02439694183e-08	0.000221073503781
2.02480624166e-08	0.000165720962286
2.02521554148e-08	0.000115258472761
2.02562484131e-08	7.30268993721e-05
2.02603414114e-08	4.70210475214e-05
2.02644344096e-08	4.81460754145e-05
2.02685274079e-08	8.61465182425e-05
2.02726204062e-08	0.00016377643351
2.02767134044e-08	0.0002723692578
2.02808064027e-08	0.00039095845932
2.0284899401e-08	0.000489484136779
2.02889923992e-08	0.00053653244322
2.02930853975e-08	0.000508256547619
2.02971783958e-08	0.000396401999751
2.0301271394e-08	0.000212185088458
2.03053643923e-08	-1.57466799919e-05
2.03094573905e-08	-0.000248100288445
2.03135503888e-08	-0.000445433339337
2.03176433871e-08	-0.000577961553063
2.03217363853e-08	-0.000632218856481
2.03258293836e-08	-0.000612476153037
2.03299223819e-08	-0.000536348259629
2.03340153801e-08	-0.000427469076385
2.03381083784e-08	-0.000307063506625
2.03422013767e-08	-0.000188393220014
2.03462943749e-08	-7.54415204938e-05
2.03503873732e-08	3.43466883805e-05
2.03544803715e-08	0.000144203169839
2.03585733697e-08	0.000252901349086
2.0362666368e-08	0.00035173771721
2.03667593663e-08	0.000425720816565
2.03708523645e-08	0.000458404087112
2.03749453628e-08	0.000437937458628
2.0379038361e-08	0.000362722037607
2.03831313593e-08	0.000243244672674
2.03872243576e-08	0.000100164395008
2.03913173558e-08	-4.1132021579e-05
2.03954103541e-08	-0.000157612545081
2.03995033524e-08	-0.000234012499277
2.04035963506e-08	-0.000265721742835
2.04076893489e-08	-0.000257317869909
2.04117823472e-08	-0.000218420171223
2.04158753454e-08	-0.000158696875587
2.04199683437e-08	-8.38777732497e-05
2.0424061342e-08	4.59845287537e-06
2.04281543402e-08	0.000107232423034
2.04322473385e-08	0.000221635353228
2.04363403368e-08	0.000338054585882
2.0440433335e-08	0.000437792521552
2.04445263333e-08	0.000495291660627
2.04486193316e-08	0.000484929718368
2.04527123298e-08	0.000389544922655
2.04568053281e-08	0.00020854037939
2.04608983263e-08	-3.77674862193e-05
2.04649913246e-08	-0.000310053499561
2.04690843229e-08	-0.000557337381906
2.04731773211e-08	-0.000729086925276
2.04772703194e-08	-0.000787609125837
2.04813633177e-08	-0.000717514652933
2.04854563159e-08	-0.00052948614757
2.04895493142e-08	-0.000256668623479
2.04936423125e-08	5.39487900824e-05
2.04977353107e-08	0.000353367822754
2.0501828309e-08	0.000601186104177
2.05059213073e-08	0.000772260071244
2.05100143055e-08	0.000858471321408
2.05141073038e-08	0.000865200614498
2.05182003021e-08	0.000805783216492
2.05222933003e-08	0.000695544757036
2.05263862986e-08	0.000548149047972
2.05304792969e-08	0.000375172618078
2.05345722951e-08	0.000187551060662
2.05386652934e-08	-1.71401921989e-06
2.05427582916e-08	-0.000176677166564
2.05468512899e-08	-0.000319743130603
2.05509442882e-08	-0.000415328628151
2.05550372864e-08	-0.00045488644173
2.05591302847e-08	-0.000440250398242
2.0563223283e-08	-0.000384567814763
2.05673162812e-08	-0.000308909306113
2.05714092795e-08	-0.000235882645939
2.05755022778e-08	-0.000182396814125
2.0579595276e-08	-0.000153686128215
2.05836882743e-08	-0.00014205061143
2.05877812726e-08	-0.000130096412249
2.05918742708e-08	-9.84263133432e-05
2.05959672691e-08	-3.48297205619e-05
2.06000602674e-08	5.87901768085e-05
2.06041532656e-08	0.000163800019436
2.06082462639e-08	0.000249044795055
2.06123392621e-08	0.000279914764178
2.06164322604e-08	0.000230039380767
2.06205252587e-08	9.16918743314e-05
2.06246182569e-08	-0.000119286695735
2.06287112552e-08	-0.000364897905456
2.06328042535e-08	-0.00059353677716
2.06368972517e-08	-0.000752240383008
2.064099025e-08	-0.000799240202468
2.06450832483e-08	-0.000713487035682
2.06491762465e-08	-0.000497958597407
2.06532692448e-08	-0.000177616779183
2.06573622431e-08	0.000207510633118
2.06614552413e-08	0.000610781611613
2.06655482396e-08	0.000986318533251
2.06696412379e-08	0.00129428292712
2.06737342361e-08	0.00150278241199
2.06778272344e-08	0.00158866385755
2.06819202327e-08	0.00153783908172
2.06860132309e-08	0.00134672319837
2.06901062292e-08	0.00102520102519
2.06941992274e-08	0.000599126578891
2.06982922257e-08	0.000111620711323
2.0702385224e-08	-0.000379825374694
2.07064782222e-08	-0.000810607365565
2.07105712205e-08	-0.00111996200576
2.07146642188e-08	-0.00126382751478
2.0718757217e-08	-0.00122514629766
2.07228502153e-08	-0.00101948299562
2.07269432136e-08	-0.000692891542712
2.07310362118e-08	-0.000312423759169
2.07351292101e-08	4.8268762157e-05
2.07392222084e-08	0.000325257573422
2.07433152066e-08	0.000477113568195
2.07474082049e-08	0.000491890681587
2.07515012032e-08	0.000386163064832
2.07555942014e-08	0.00019717217765
2.07596871997e-08	-2.84597435893e-05
2.0763780198e-08	-0.000246735520705
2.07678731962e-08	-0.000424480098445
2.07719661945e-08	-0.000542928864888
2.07760591927e-08	-0.000596438287175
2.0780152191e-08	-0.000587927715969
2.07842451893e-08	-0.000524441416928
2.07883381875e-08	-0.000413806617871
2.07924311858e-08	-0.000264436805082
2.07965241841e-08	-8.68920524226e-05
2.08006171823e-08	0.000104374543298
2.08047101806e-08	0.000290433632472
2.08088031789e-08	0.000450607960374
2.08128961771e-08	0.000566993494431
2.08169891754e-08	0.000630119440757
2.08210821737e-08	0.00064286680572
2.08251751719e-08	0.000620366445219
2.08292681702e-08	0.000585881192819
2.08333611685e-08	0.000562460467336
2.08374541667e-08	0.000564102683711
2.0841547165e-08	0.000588915027038
2.08456401632e-08	0.000617263442109
2.08497331615e-08	0.000616652167082
2.08538261598e-08	0.000551364966668
2.0857919158e-08	0.000395172399294
2.08620121563e-08	0.000142087099448
2.08661051546e-08	-0.000188010810234
2.08701981528e-08	-0.000550847511477
2.08742911511e-08	-0.00088692051213
2.08783841494e-08	-0.00113470762153
2.08824771476e-08	-0.00124519236124
2.08865701459e-08	-0.00119285215624
2.08906631442e-08	-0.000980507204076
2.08947561424e-08	-0.000637733395706
2.08988491407e-08	-0.00021318105064
2.0902942139e-08	0.000235216821238
2.09070351372e-08	0.000650160749501
2.09111281355e-08	0.000982277677394
2.09152211338e-08	0.00119396586524
2.0919314132e-08	0.00126129192358
2.09234071303e-08	0.00117428886006
2.09275001285e-08	0.000938150966249
2.09315931268e-08	0.000574771624088
2.09356861251e-08	0.000123889910356
2.09397791233e-08	-0.000357543722203
2.09438721216e-08	-0.000800564419478
2.09479651199e-08	-0.00113342930854
2.09520581181e-08	-0.00129491471307
2.09561511164e-08	-0.00124826646061
2.09602441147e-08	-0.000991845750832
2.09643371129e-08	-0.000563564997719
2.09684301112e-08	-3.58109280114e-05
2.09725231095e-08	0.000497660683322
2.09766161077e-08	0.000940923564485
2.0980709106e-08	0.00121625972679
2.09848021043e-08	0.00128015078371
2.09888951025e-08	0.00113175750448
2.09929881008e-08	0.000810780264146
2.09970810991e-08	0.000386682870158
2.10011740973e-08	-5.80588098273e-05
2.10052670956e-08	-0.000446152116638
2.10093600938e-08	-0.000719918458344
2.10134530921e-08	-0.000850024473039
2.10175460904e-08	-0.000836335842905
2.10216390886e-08	-0.000702948866092
2.10257320869e-08	-0.000489641377499
2.10298250852e-08	-0.000242212456214
2.10339180834e-08	-4.84864943928e-06
2.10380110817e-08	0.000185786961083
2.104210408e-08	0.00030388113737
2.10461970782e-08	0.000336695940859
2.10502900765e-08	0.000286376309305
2.10543830748e-08	0.000170530935975
2.1058476073e-08	2.17746081717e-05
2.10625690713e-08	-0.000116279848953
2.10666620696e-08	-0.000196436150873
2.10707550678e-08	-0.000178549043085
2.10748480661e-08	-4.15980287016e-05
2.10789410644e-08	0.00020712647347
2.10830340626e-08	0.000528082207893
2.10871270609e-08	0.00085435546498
2.10912200591e-08	0.00110488257633
2.10953130574e-08	0.00120348801283
2.10994060557e-08	0.00109965133743
2.11034990539e-08	0.0007841952538
2.11075920522e-08	0.000296245360005
2.11116850505e-08	-0.000281996051854
2.11157780487e-08	-0.000841559296532
2.1119871047e-08	-0.00126993921003
2.11239640453e-08	-0.00147630729771
2.11280570435e-08	-0.00141133426223
2.11321500418e-08	-0.00107801757258
2.11362430401e-08	-0.000530756587978
2.11403360383e-08	0.000136333495902
2.11444290366e-08	0.000807825366792
2.11485220349e-08	0.00136853638833
2.11526150331e-08	0.00172255089274
2.11567080314e-08	0.00180747482227
2.11608010296e-08	0.00160215827054
2.11648940279e-08	0.00112778635958
2.11689870262e-08	0.000444359000539
2.11730800244e-08	-0.000357416662155
2.11771730227e-08	-0.00116680881183
2.1181266021e-08	-0.00186657124141
2.11853590192e-08	-0.0023487011058
2.11894520175e-08	-0.00253065729339
2.11935450158e-08	-0.00237090801238
2.1197638014e-08	-0.00187943740457
2.12017310123e-08	-0.00112088221795
2.12058240106e-08	-0.000207544984733
2.12099170088e-08	0.000718215149391
2.12140100071e-08	0.00150885789481
2.12181030054e-08	0.00204006720742
2.12221960036e-08	0.00223520120198
2.12262890019e-08	0.00208057551936
2.12303820002e-08	0.00162756045756
2.12344749984e-08	0.000980297438218
2.12385679967e-08	0.000273002731774
2.12426609949e-08	-0.000358744784535
2.12467539932e-08	-0.000804938499641
2.12508469915e-08	-0.00100071693305
2.12549399897e-08	-0.00093500832736
2.1259032988e-08	-0.000646731015877
2.12631259863e-08	-0.000211987098737
2.12672189845e-08	0.000274705707852
2.12713119828e-08	0.000719580366422
2.12754049811e-08	0.0010453631985
2.12794979793e-08	0.0012018256748
2.12835909776e-08	0.00116966383212
2.12876839759e-08	0.000959918579611
2.12917769741e-08	0.000609467002505
2.12958699724e-08	0.000174474875166
2.12999629707e-08	-0.000277268800346
2.13040559689e-08	-0.000675728922943
2.13081489672e-08	-0.000958383367106
2.13122419655e-08	-0.00108085949614
2.13163349637e-08	-0.00102604062704
2.1320427962e-08	-0.000809521363408
2.13245209602e-08	-0.000479550679302
2.13286139585e-08	-0.000109062737465
2.13327069568e-08	0.000218492752538
2.1336799955e-08	0.000427880382631
2.13408929533e-08	0.000470386254165
2.13449859516e-08	0.00033656189953
2.13490789498e-08	6.01945625931e-05
2.13531719481e-08	-0.000289243669613
2.13572649464e-08	-0.000622962201305
2.13613579446e-08	-0.00085458419926
2.13654509429e-08	-0.000921201070014
2.13695439412e-08	-0.000797711254563
2.13736369394e-08	-0.000501806036482
2.13777299377e-08	-8.76994631653e-05
2.1381822936e-08	0.00036799688678
2.13859159342e-08	0.000784385381849
2.13900089325e-08	0.00109348028491
2.13941019307e-08	0.00125170524552
2.1398194929e-08	0.00124488098663
2.14022879273e-08	0.00108587081922
2.14063809255e-08	0.000807901713415
2.14104739238e-08	0.000456192719867
2.14145669221e-08	7.99204599389e-05
2.14186599203e-08	-0.000273227327853
2.14227529186e-08	-0.000561210577871
2.14268459169e-08	-0.000750394261559
2.14309389151e-08	-0.000818524837086
2.14350319134e-08	-0.000758324633352
2.14391249117e-08	-0.00058023272868
2.14432179099e-08	-0.000313849537633
2.14473109082e-08	-5.19822947354e-06
2.14514039065e-08	0.000290166677587
2.14554969047e-08	0.000517801730894
2.1459589903e-08	0.000636835400655
2.14636829013e-08	0.0006298651424
2.14677758995e-08	0.000508162709593
2.14718688978e-08	0.000309045111862
2.1475961896e-08	8.61922399054e-05
2.14800548943e-08	-0.000104529774944
2.14841478926e-08	-0.000220288658966
2.14882408908e-08	-0.000241943966103
2.14923338891e-08	-0.000178078958015
2.14964268874e-08	-6.05160066698e-05
2.15005198856e-08	6.67373005854e-05
2.15046128839e-08	0.000161080675753
2.15087058822e-08	0.00019399746634
2.15127988804e-08	0.00015792823524
2.15168918787e-08	6.6696428803e-05
2.1520984877e-08	-5.05647954014e-05
2.15250778752e-08	-0.000159436908689
2.15291708735e-08	-0.000230030209423
2.15332638718e-08	-0.00024457877953
2.153735687e-08	-0.00019985515064
2.15414498683e-08	-0.000105407120827
2.15455428666e-08	2.11062744029e-05
2.15496358648e-08	0.000159489970429
2.15537288631e-08	0.000290546542601
2.15578218613e-08	0.000397861498641
2.15619148596e-08	0.000467171848868
2.15660078579e-08	0.000485453445435
2.15701008561e-08	0.000441380663688
2.15741938544e-08	0.000327470532284
2.15782868527e-08	0.000144673998875
2.15823798509e-08	-9.34729905566e-05
2.15864728492e-08	-0.000358565022907
2.15905658475e-08	-0.000609329079452
2.15946588457e-08	-0.000798929584562
2.1598751844e-08	-0.000885458292032
2.16028448423e-08	-0.000843867957883
2.16069378405e-08	-0.000674435643305
2.16110308388e-08	-0.000405193211918
2.16151238371e-08	-8.68134543452e-05
2.16192168353e-08	0.000219653682507
2.16233098336e-08	0.000457786572952
2.16274028318e-08	0.000590195384575
2.16314958301e-08	0.000607090612903
2.16355888284e-08	0.000526887488377
2.16396818266e-08	0.000389201693906
2.16437748249e-08	0.000241933199504
2.16478678232e-08	0.000127775659166
2.16519608214e-08	7.32393705221e-05
2.16560538197e-08	8.38150967866e-05
2.1660146818e-08	0.000145921318108
2.16642398162e-08	0.000233554686929
2.16683328145e-08	0.000317777445161
2.16724258128e-08	0.000374627947167
2.1676518811e-08	0.000390142289689
2.16806118093e-08	0.00036134862421
2.16847048076e-08	0.000293853445328
2.16887978058e-08	0.000198696807274
2.16928908041e-08	8.91163294909e-05
2.16969838024e-08	-2.06249795838e-05
2.17010768006e-08	-0.00011529900803
2.17051697989e-08	-0.000178743416654
2.17092627971e-08	-0.000194779517187
2.17133557954e-08	-0.000150956793732
2.17174487937e-08	-4.35487349932e-05
2.17215417919e-08	0.000116901705042
2.17256347902e-08	0.000302462131003
2.17297277885e-08	0.00046965569345
2.17338207867e-08	0.000566500959394
2.1737913785e-08	0.000545001439605
2.17420067833e-08	0.000375011310098
2.17460997815e-08	5.61085889785e-05
2.17501927798e-08	-0.000376714211598
2.17542857781e-08	-0.000856600192492
2.17583787763e-08	-0.00129660197126
2.17624717746e-08	-0.0016082257207
2.17665647729e-08	-0.00172109245614
2.17706577711e-08	-0.00159901876759
2.17747507694e-08	-0.0012485306579
2.17788437677e-08	-0.000717121693015
2.17829367659e-08	-8.3254115907e-05
2.17870297642e-08	0.000559932177566
2.17911227624e-08	0.00112210253428
2.17952157607e-08	0.00153050660447
2.1799308759e-08	0.00173982841079
2.18034017572e-08	0.00173528250889
2.18074947555e-08	0.00153107686492
2.18115877538e-08	0.00116509034706
2.1815680752e-08	0.000692223617079
2.18197737503e-08	0.000177790755515
2.18238667486e-08	-0.000309509725412
2.18279597468e-08	-0.000704277430486
2.18320527451e-08	-0.000952291309659
2.18361457434e-08	-0.0010185093488
2.18402387416e-08	-0.000894162702025
2.18443317399e-08	-0.000601330360951
2.18484247382e-08	-0.00019186170357
2.18525177364e-08	0.000259488824668
2.18566107347e-08	0.000668398177368
2.1860703733e-08	0.000957896074397
2.18647967312e-08	0.00107484000182
2.18688897295e-08	0.00100222783658
2.18729827277e-08	0.000762660463806
2.1877075726e-08	0.000412686546042
2.18811687243e-08	2.8515789154e-05
2.18852617225e-08	-0.000312846203087
2.18893547208e-08	-0.00055146143859
2.18934477191e-08	-0.000657368371321
2.18975407173e-08	-0.000634221611108
2.19016337156e-08	-0.000514299426868
2.19057267139e-08	-0.000346583903593
2.19098197121e-08	-0.000181918269845
2.19139127104e-08	-6.03700814281e-05
2.19180057087e-08	-3.00842317813e-06
2.19220987069e-08	-1.05588446786e-05
2.19261917052e-08	-6.7222861162e-05
2.19302847035e-08	-0.00014758148609
2.19343777017e-08	-0.000224221274038
2.19384707e-08	-0.000273047769952
2.19425636982e-08	-0.000276671740721
2.19466566965e-08	-0.000225274143304
2.19507496948e-08	-0.000116729368528
2.1954842693e-08	4.28974026363e-05
2.19589356913e-08	0.000238860968238
2.19630286896e-08	0.000446834048489
2.19671216878e-08	0.000634088744846
2.19712146861e-08	0.000763119649491
2.19753076844e-08	0.000798366927484
2.19794006826e-08	0.000715388920071
2.19834936809e-08	0.000509256729856
2.19875866792e-08	0.000200403725103
2.19916796774e-08	-0.000165686727087
2.19957726757e-08	-0.000525435960299
2.1999865674e-08	-0.000809783043223
2.20039586722e-08	-0.000960140067036
2.20080516705e-08	-0.000942411978031
2.20121446688e-08	-0.000756129571528
2.2016237667e-08	-0.000435086509242
2.20203306653e-08	-3.94422720547e-05
2.20244236635e-08	0.000358219171176
2.20285166618e-08	0.000689767162839
2.20326096601e-08	0.000905579487153
2.20367026583e-08	0.000983181686024
2.20407956566e-08	0.000928132598347
2.20448886549e-08	0.000767907076806
2.20489816531e-08	0.000542086036148
2.20530746514e-08	0.000291353435387
2.20571676497e-08	4.96356715303e-05
2.20612606479e-08	-0.000159811021149
2.20653536462e-08	-0.000324097252815
2.20694466445e-08	-0.00043746535448
2.20735396427e-08	-0.000498200435686
2.2077632641e-08	-0.000506332835357
2.20817256393e-08	-0.000463925636723
2.20858186375e-08	-0.000376657560992
2.20899116358e-08	-0.000255266850218
2.20940046341e-08	-0.00011587937388
2.20980976323e-08	2.26653610298e-05
2.21021906306e-08	0.000142922673149
2.21062836288e-08	0.000233800828937
2.21103766271e-08	0.00029390387499
2.21144696254e-08	0.000331295583237
2.21185626236e-08	0.000359992718586
2.21226556219e-08	0.000393041682401
2.21267486202e-08	0.000435611989815
2.21308416184e-08	0.000480219401652
2.21349346167e-08	0.000506422136823
2.2139027615e-08	0.000486275326693
2.21431206132e-08	0.000393286707549
2.21472136115e-08	0.000213164774323
2.21513066098e-08	-4.82070804537e-05
2.2155399608e-08	-0.000362194326954
2.21594926063e-08	-0.000681372741383
2.21635856046e-08	-0.000949964836764
2.21676786028e-08	-0.00111671331251
2.21717716011e-08	-0.00114738716366
2.21758645993e-08	-0.0010325696785
2.21799575976e-08	-0.00078877966007
2.21840505959e-08	-0.000453555450804
2.21881435941e-08	-7.56069975978e-05
2.21922365924e-08	0.000295531293887
2.21963295907e-08	0.000618188678345
2.22004225889e-08	0.0008631788005
2.22045155872e-08	0.00101398285915
2.22086085855e-08	0.00106465923454
2.22127015837e-08	0.00101648741838
2.2216794582e-08	0.000876362297277
2.22208875803e-08	0.000656954354781
2.22249805785e-08	0.000378199500119
2.22290735768e-08	6.89798689564e-05
2.22331665751e-08	-0.000233851411394
2.22372595733e-08	-0.000489057438244
2.22413525716e-08	-0.00065801362507
2.22454455699e-08	-0.000712992488843
2.22495385681e-08	-0.000644070991257
2.22536315664e-08	-0.000462941130536
2.22577245646e-08	-0.000201008351723
2.22618175629e-08	9.69586872088e-05
2.22659105612e-08	0.000382646943763
2.22700035594e-08	0.000614445951214
2.22740965577e-08	0.000764725504268
2.2278189556e-08	0.000823117523396
2.22822825542e-08	0.000794248291641
2.22863755525e-08	0.000692277080816
2.22904685508e-08	0.00053422568817
2.2294561549e-08	0.000334681568347
2.22986545473e-08	0.00010445423959
2.23027475456e-08	-0.000147651467159
2.23068405438e-08	-0.000410183623899
2.23109335421e-08	-0.0006648001945
2.23150265404e-08	-0.000884757871972
2.23191195386e-08	-0.00103724840301
2.23232125369e-08	-0.00109039141535
2.23273055352e-08	-0.00102182322735
2.23313985334e-08	-0.00082693828881
2.23354915317e-08	-0.000523258389876
2.23395845299e-08	-0.000148999324665
2.23436775282e-08	0.000243469596171
2.23477705265e-08	0.000598520207859
2.23518635247e-08	0.0008683025153
2.2355956523e-08	0.00102158776281
2.23600495213e-08	0.00104794862273
2.23641425195e-08	0.000956341580604
2.23682355178e-08	0.000770190170442
2.23723285161e-08	0.000520096880791
2.23764215143e-08	0.000237693311647
2.23805145126e-08	-4.82470802581e-05
2.23846075109e-08	-0.00031310542181
2.23887005091e-08	-0.000535355084139
2.23927935074e-08	-0.00069587719554
2.23968865057e-08	-0.000778050663939
2.24009795039e-08	-0.000770143247792
2.24050725022e-08	-0.000669157074299
2.24091655005e-08	-0.000484148600663
2.24132584987e-08	-0.000237957723584
2.2417351497e-08	3.52662755176e-05
2.24214444952e-08	0.000295881603961
2.24255374935e-08	0.000507188964548
2.24296304918e-08	0.00064401927375
2.243372349e-08	0.000698037962138
2.24378164883e-08	0.000678813223203
2.24419094866e-08	0.000609072783845
2.24460024848e-08	0.00051645336498
2.24500954831e-08	0.000424272431701
2.24541884814e-08	0.00034423787838
2.24582814796e-08	0.000274437188637
2.24623744779e-08	0.000202193352379
2.24664674762e-08	0.000111568124339
2.24705604744e-08	-7.9338320802e-06
2.24746534727e-08	-0.000154773860231
2.2478746471e-08	-0.000312846670568
2.24828394692e-08	-0.000454959947092
2.24869324675e-08	-0.00055009575226
2.24910254657e-08	-0.00057274320352
2.2495118464e-08	-0.000510832258442
2.24992114623e-08	-0.000369442259398
2.25033044605e-08	-0.00017010315787
2.25073974588e-08	5.47836666556e-05
2.25114904571e-08	0.000269327185379
2.25155834553e-08	0.000441494328697
2.25196764536e-08	0.00054836614072
2.25237694519e-08	0.000577812508709
2.25278624501e-08	0.000528036824107
2.25319554484e-08	0.000405165104894
2.25360484467e-08	0.000221325241
2.25401414449e-08	-6.1574320398e-06
2.25442344432e-08	-0.000254725244304
2.25483274415e-08	-0.000495843843964
2.25524204397e-08	-0.000696157923812
2.2556513438e-08	-0.000820671652036
2.25606064363e-08	-0.000838873784232
2.25646994345e-08	-0.000732665666874
2.25687924328e-08	-0.000503312214278
2.2572885431e-08	-0.000175784733074
2.25769784293e-08	0.000202783390705
2.25810714276e-08	0.000570311178308
2.25851644258e-08	0.000861872904352
2.25892574241e-08	0.00102407176746
2.25933504224e-08	0.00102709946077
2.25974434206e-08	0.000872149626957
2.26015364189e-08	0.000591046904447
2.26056294172e-08	0.000238844400883
2.26097224154e-08	-0.000118571308121
2.26138154137e-08	-0.000418929521402
2.2617908412e-08	-0.000615368004219
2.26220014102e-08	-0.000683973885316
2.26260944085e-08	-0.000625077624136
2.26301874068e-08	-0.000459468192275
2.2634280405e-08	-0.000221776088438
2.26383734033e-08	4.7387243967e-05
2.26424664016e-08	0.000307538204652
2.26465593998e-08	0.000522975413332
2.26506523981e-08	0.000665525712975
2.26547453963e-08	0.000716367474524
2.26588383946e-08	0.000668223103276
2.26629313929e-08	0.000527024014445
2.26670243911e-08	0.000313454149364
2.26711173894e-08	6.21158110334e-05
2.26752103877e-08	-0.000182417436918
2.26793033859e-08	-0.000372794091163
2.26833963842e-08	-0.000469112797873
2.26874893825e-08	-0.000448783164757
2.26915823807e-08	-0.000314151819111
2.2695675379e-08	-9.44595703913e-05
2.26997683773e-08	0.000159120019816
2.27038613755e-08	0.000384304650652
2.27079543738e-08	0.000522818714671
2.27120473721e-08	0.000534755581612
2.27161403703e-08	0.000409094263887
2.27202333686e-08	0.000166924438417
2.27243263668e-08	-0.00014369593282
2.27284193651e-08	-0.00045907265303
2.27325123634e-08	-0.000715205380402
2.27366053616e-08	-0.000861914806592
2.27406983599e-08	-0.000872922733834
2.27447913582e-08	-0.000749629471102
2.27488843564e-08	-0.000518036638823
2.27529773547e-08	-0.000221439853703
2.2757070353e-08	8.96409451343e-05
2.27611633512e-08	0.000366712223695
2.27652563495e-08	0.000570479387534
2.27693493478e-08	0.000675468727422
2.2773442346e-08	0.000671721878462
2.27775353443e-08	0.000565417893085
2.27816283426e-08	0.000377858763386
2.27857213408e-08	0.000143595265399
2.27898143391e-08	-9.30187425183e-05
2.27939073374e-08	-0.000283846222374
2.27980003356e-08	-0.000384649869375
2.28020933339e-08	-0.000364645215086
2.28061863321e-08	-0.000214969693843
2.28102793304e-08	4.59356645024e-05
2.28143723287e-08	0.000372214384697
2.28184653269e-08	0.000697620183928
2.28225583252e-08	0.000947984270169
2.28266513235e-08	0.00105776001146
2.28307443217e-08	0.000985994825896
2.283483732e-08	0.000727767841454
2.28389303183e-08	0.000318183678246
2.28430233165e-08	-0.00017342722731
2.28471163148e-08	-0.000656974068988
2.28512093131e-08	-0.0010405747089
2.28553023113e-08	-0.00124996186787
2.28593953096e-08	-0.00124366629461
2.28634883079e-08	-0.00102123486431
2.28675813061e-08	-0.000622023795586
2.28716743044e-08	-0.000116539787996
2.28757673027e-08	0.000407869600167
2.28798603009e-08	0.00086322248535
2.28839532992e-08	0.00117533212324
2.28880462974e-08	0.00129503048811
2.28921392957e-08	0.00120400976448
2.2896232294e-08	0.000916368197068
2.29003252922e-08	0.000475943212223
2.29044182905e-08	-4.98625763612e-05
2.29085112888e-08	-0.000578568073252
2.2912604287e-08	-0.0010240334741
2.29166972853e-08	-0.00130901410012
2.29207902836e-08	-0.00137837363582
2.29248832818e-08	-0.0012105525966
2.29289762801e-08	-0.000824331465992
2.29330692784e-08	-0.000279328409306
2.29371622766e-08	0.000332240133503
2.29412552749e-08	0.000901027262444
2.29453482732e-08	0.00132125958044
2.29494412714e-08	0.00151240026753
2.29535342697e-08	0.00143617373396
2.29576272679e-08	0.00110565924115
2.29617202662e-08	0.000582935936109
2.29658132645e-08	-3.36038390287e-05
2.29699062627e-08	-0.000629657057289
2.2973999261e-08	-0.00109861318924
2.29780922593e-08	-0.00136210229539
2.29821852575e-08	-0.00138405365578
2.29862782558e-08	-0.00117467667587
2.29903712541e-08	-0.000784929485235
2.29944642523e-08	-0.000293647641229
2.29985572506e-08	0.000209637781154
2.30026502489e-08	0.000641266928142
2.30067432471e-08	0.00093732883397
2.30108362454e-08	0.00106211000093
2.30149292437e-08	0.00101102868211
2.30190222419e-08	0.000808933677035
2.30231152402e-08	0.000504064148117
2.30272082385e-08	0.000159897179401
2.30313012367e-08	-0.000155205252668
2.3035394235e-08	-0.00037900677853
2.30394872332e-08	-0.000466037090519
2.30435802315e-08	-0.000396885254304
2.30476732298e-08	-0.000183309432032
2.3051766228e-08	0.000131516374495
2.30558592263e-08	0.000479547907162
2.30599522246e-08	0.000780490379839
2.30640452228e-08	0.00095824735763
2.30681382211e-08	0.00095850827347
2.30722312194e-08	0.000762246614613
2.30763242176e-08	0.000392468336941
2.30804172159e-08	-8.86045268089e-05
2.30845102142e-08	-0.000591657968471
2.30886032124e-08	-0.00101865892066
2.30926962107e-08	-0.00128412439517
2.3096789209e-08	-0.00133322797774
2.31008822072e-08	-0.00115339190961
2.31049752055e-08	-0.00077647704893
2.31090682038e-08	-0.000271262488241
2.3113161202e-08	0.000270885166174
2.31172542003e-08	0.000754543296352
2.31213471985e-08	0.00109776526369
2.31254401968e-08	0.0012457769044
2.31295331951e-08	0.00117856352881
2.31336261933e-08	0.000911388000532
2.31377191916e-08	0.000490137688757
2.31418121899e-08	-1.78016840664e-05
2.31459051881e-08	-0.000534254020749
2.31499981864e-08	-0.000981357785349
2.31540911847e-08	-0.00129212907632
2.31581841829e-08	-0.00141902916948
2.31622771812e-08	-0.00134096274996
2.31663701795e-08	-0.00106684830098
2.31704631777e-08	-0.000635532887827
2.3174556176e-08	-0.000111115902655
2.31786491743e-08	0.000426897739089
2.31827421725e-08	0.000896671408555
2.31868351708e-08	0.00122918833222
2.31909281691e-08	0.00138137783506
2.31950211673e-08	0.00134440981492
2.31991141656e-08	0.001144919137
2.32032071638e-08	0.000837814535771
2.32073001621e-08	0.000493215058668
2.32113931604e-08	0.000179761575055
2.32154861586e-08	-5.07133363499e-05
2.32195791569e-08	-0.000173424240529
2.32236721552e-08	-0.00019373017858
2.32277651534e-08	-0.000141877476381
2.32318581517e-08	-6.23258160886e-05
2.323595115e-08	-7.37908294468e-08
2.32400441482e-08	1.17111794111e-05
2.32441371465e-08	-4.04725572025e-05
2.32482301448e-08	-0.0001481218751
2.3252323143e-08	-0.000284764440948
2.32564161413e-08	-0.000413657246099
2.32605091396e-08	-0.000497446300869
2.32646021378e-08	-0.000507112708874
2.32686951361e-08	-0.000428029266914
2.32727881343e-08	-0.000263198417088
2.32768811326e-08	-3.26753024638e-05
2.32809741309e-08	0.000229235538427
2.32850671291e-08	0.000478784440929
2.32891601274e-08	0.000669077991915
2.32932531257e-08	0.000756839115638
2.32973461239e-08	0.000710231852281
2.33014391222e-08	0.000515939755132
2.33055321205e-08	0.000185026001418
2.33096251187e-08	-0.000244323480729
2.3313718117e-08	-0.000709142481355
2.33178111153e-08	-0.00112915756472
2.33219041135e-08	-0.00142008192779
2.33259971118e-08	-0.00150977776502
2.33300901101e-08	-0.00135450925882
2.33341831083e-08	-0.000951406509557
2.33382761066e-08	-0.000343073344993
2.33423691049e-08	0.00038654961827
2.33464621031e-08	0.00112584837916
2.33505551014e-08	0.00175533817674
2.33546480996e-08	0.00216967967572
2.33587410979e-08	0.00229745758406
2.33628340962e-08	0.00211376552761
2.33669270944e-08	0.00164425151888
2.33710200927e-08	0.000959326294833
2.3375113091e-08	0.000160875128131
2.33792060892e-08	-0.000635380445601
2.33832990875e-08	-0.00131882281858
2.33873920858e-08	-0.00179990526522
2.3391485084e-08	-0.0020219633152
2.33955780823e-08	-0.0019669682224
2.33996710806e-08	-0.00165556540014
2.34037640788e-08	-0.00114243846474
2.34078570771e-08	-0.000507259803271
2.34119500754e-08	0.000156518977747
2.34160430736e-08	0.000754866698117
2.34201360719e-08	0.00120642693946
2.34242290702e-08	0.00145429815893
2.34283220684e-08	0.00147510458919
2.34324150667e-08	0.00128257051256
2.34365080649e-08	0.000925377004023
2.34406010632e-08	0.000478149180708
2.34446940615e-08	2.70856030511e-05
2.34487870597e-08	-0.000346883538441
2.3452880058e-08	-0.000584548422921
2.34569730563e-08	-0.000659606525005
2.34610660545e-08	-0.00058273079776
2.34651590528e-08	-0.000396816187276
2.34692520511e-08	-0.000164654400578
2.34733450493e-08	4.72736296615e-05
2.34774380476e-08	0.000185578997844
2.34815310459e-08	0.000222057935389
2.34856240441e-08	0.000159072978022
2.34897170424e-08	2.69409188149e-05
2.34938100407e-08	-0.000125667675093
2.34979030389e-08	-0.000244724478762
2.35019960372e-08	-0.000284792169623
2.35060890354e-08	-0.000219709119847
2.35101820337e-08	-4.85670334456e-05
2.3514275032e-08	0.000203837429581
2.35183680302e-08	0.000492024919367
2.35224610285e-08	0.000757988957048
2.35265540268e-08	0.000941846068599
2.3530647025e-08	0.000992424756987
2.35347400233e-08	0.000876799422258
2.35388330216e-08	0.000587789018027
2.35429260198e-08	0.000147673436913
2.35470190181e-08	-0.000391718593164
2.35511120164e-08	-0.000954209950578
2.35552050146e-08	-0.00144917810394
2.35592980129e-08	-0.0017855221231
2.35633910112e-08	-0.00188830733532
2.35674840094e-08	-0.00171432713978
2.35715770077e-08	-0.00126425523922
2.3575670006e-08	-0.000587307342357
2.35797630042e-08	0.000223198285312
2.35838560025e-08	0.00104341010592
2.35879490007e-08	0.00174031039933
2.3592041999e-08	0.00219587668835
2.35961349973e-08	0.00232999488071
2.36002279955e-08	0.00211645441595
2.36043209938e-08	0.00158861995442
2.36084139921e-08	0.000833907768538
2.36125069903e-08	-2.25194385166e-05
2.36165999886e-08	-0.000840271786728
2.36206929869e-08	-0.0014886038407
2.36247859851e-08	-0.0018683297676
2.36288789834e-08	-0.00192680973851
2.36329719817e-08	-0.00166455177532
2.36370649799e-08	-0.00113217956095
2.36411579782e-08	-0.000420154978201
2.36452509765e-08	0.000357048491423
2.36493439747e-08	0.00107931262755
2.3653436973e-08	0.00163865603099
2.36575299713e-08	0.00195495197841
2.36616229695e-08	0.00198670217651
2.36657159678e-08	0.00173647778865
2.3669808966e-08	0.00124982945999
2.36739019643e-08	0.000607532205322
2.36779949626e-08	-8.73733542903e-05
2.36820879608e-08	-0.000726967631635
2.36861809591e-08	-0.00121659090655
2.36902739574e-08	-0.00149122781295
2.36943669556e-08	-0.00152670481475
2.36984599539e-08	-0.00134283267835
2.37025529522e-08	-0.000998307827103
2.37066459504e-08	-0.00057717720847
2.37107389487e-08	-0.000170515760146
2.3714831947e-08	0.00014309819835
2.37189249452e-08	0.000313932487188
2.37230179435e-08	0.000329929267536
2.37271109418e-08	0.000217043943849
2.373120394e-08	3.03667536627e-05
2.37352969383e-08	-0.000160755530487
2.37393899365e-08	-0.000289930610961
2.37434829348e-08	-0.000309390639814
2.37475759331e-08	-0.0001998473399
2.37516689313e-08	2.62407205582e-05
2.37557619296e-08	0.000328867534336
2.37598549279e-08	0.000649970403174
2.37639479261e-08	0.000925592408748
2.37680409244e-08	0.00109862912359
2.37721339227e-08	0.00112898259249
2.37762269209e-08	0.0010007554738
2.37803199192e-08	0.00072509705933
2.37844129175e-08	0.000338905636454
2.37885059157e-08	-0.000100004122032
2.3792598914e-08	-0.000521552123246
2.37966919123e-08	-0.000854007717862
2.38007849105e-08	-0.0010362408284
2.38048779088e-08	-0.00102930889989
2.38089709071e-08	-0.000825217110105
2.38130639053e-08	-0.000451316620456
2.38171569036e-08	3.21656900724e-05
2.38212499018e-08	0.000540843881026
2.38253429001e-08	0.000980823569989
2.38294358984e-08	0.00126644734701
2.38335288966e-08	0.00133723943873
2.38376218949e-08	0.00117105183745
2.38417148932e-08	0.00078932614997
2.38458078914e-08	0.00025393121723
2.38499008897e-08	-0.000344438960383
2.3853993888e-08	-0.000903835491044
2.38580868862e-08	-0.00133021101647
2.38621798845e-08	-0.00155491782061
2.38662728828e-08	-0.0015460037248
2.3870365881e-08	-0.00131206653168
2.38744588793e-08	-0.000898232567124
2.38785518776e-08	-0.000375555035134
2.38826448758e-08	0.000172677462615
2.38867378741e-08	0.000665681214741
2.38908308724e-08	0.00103741541534
2.38949238706e-08	0.00124516533106
2.38990168689e-08	0.00127378533216
2.39031098671e-08	0.0011352375077
2.39072028654e-08	0.000865019981575
2.39112958637e-08	0.000515340925631
2.39153888619e-08	0.000146713555296
2.39194818602e-08	-0.000181413962309
2.39235748585e-08	-0.000420170010329
2.39276678567e-08	-0.000538896867511
2.3931760855e-08	-0.000530514822458
2.39358538533e-08	-0.000412457739003
2.39399468515e-08	-0.000223108942009
2.39440398498e-08	-1.39542983106e-05
2.39481328481e-08	0.000161698635566
2.39522258463e-08	0.000260281047304
2.39563188446e-08	0.000258101232248
2.39604118429e-08	0.00015680616707
2.39645048411e-08	-1.70015094909e-05
2.39685978394e-08	-0.000217865235754
2.39726908377e-08	-0.00039256895252
2.39767838359e-08	-0.000492619336001
2.39808768342e-08	-0.000485929609567
2.39849698324e-08	-0.000364311916201
2.39890628307e-08	-0.000145165810864
2.3993155829e-08	0.000132354635753
2.39972488272e-08	0.000416276216129
2.40013418255e-08	0.000652526305203
2.40054348238e-08	0.000795641404693
2.4009527822e-08	0.000816905907413
2.40136208203e-08	0.000708487976226
2.40177138186e-08	0.000484082331241
2.40218068168e-08	0.000175751877578
2.40258998151e-08	-0.000171021001734
2.40299928134e-08	-0.000503701059642
2.40340858116e-08	-0.000769666083215
2.40381788099e-08	-0.000922927065403
2.40422718082e-08	-0.000931093505642
2.40463648064e-08	-0.000781001755968
2.40504578047e-08	-0.000482891293359
2.40545508029e-08	-7.15441283319e-05
2.40586438012e-08	0.00039678734538
2.40627367995e-08	0.000851382581459
2.40668297977e-08	0.00121828743431
2.4070922796e-08	0.00143305341771
2.40750157943e-08	0.00145306032209
2.40791087925e-08	0.00126652652398
2.40832017908e-08	0.000895625133126
2.40872947891e-08	0.000393578538933
2.40913877873e-08	-0.000164716737345
2.40954807856e-08	-0.000695766852004
2.40995737839e-08	-0.00112189265928
2.41036667821e-08	-0.00138416628033
2.41077597804e-08	-0.0014508772656
2.41118527787e-08	-0.00132118804322
2.41159457769e-08	-0.00102297903504
2.41200387752e-08	-0.000606577657891
2.41241317735e-08	-0.000135876792228
2.41282247717e-08	0.00032173310683
2.413231777e-08	0.000704283818777
2.41364107682e-08	0.000962988175161
2.41405037665e-08	0.00106750314444
2.41445967648e-08	0.00100898990058
2.4148689763e-08	0.000801032707386
2.41527827613e-08	0.000477716133901
2.41568757596e-08	8.96978708624e-05
2.41609687578e-08	-0.000302642747556
2.41650617561e-08	-0.000637816570816
2.41691547544e-08	-0.00086276006914
2.41732477526e-08	-0.000942036764172
2.41773407509e-08	-0.000864049623488
2.41814337492e-08	-0.000643621868221
2.41855267474e-08	-0.000319210697853
2.41896197457e-08	5.44814342902e-05
2.4193712744e-08	0.00041696460903
2.41978057422e-08	0.000713727342372
2.42018987405e-08	0.000905795866856
2.42059917388e-08	0.000975920935161
2.4210084737e-08	0.000929577930947
2.42141777353e-08	0.000791186655988
2.42182707335e-08	0.000597198057221
2.42223637318e-08	0.000387268031773
2.42264567301e-08	0.000196570179469
2.42305497283e-08	4.99408688484e-05
2.42346427266e-08	-4.08826874718e-05
2.42387357249e-08	-7.69845692048e-05
2.42428287231e-08	-7.02193724464e-05
2.42469217214e-08	-3.94231790324e-05
2.42510147197e-08	-6.69717167057e-06
2.42551077179e-08	6.44351208479e-06
2.42592007162e-08	-1.74077022166e-05
2.42632937145e-08	-8.87146238711e-05
2.42673867127e-08	-0.000208239884159
2.4271479711e-08	-0.000365729394616
2.42755727093e-08	-0.000539758730156
2.42796657075e-08	-0.000699886444636
2.42837587058e-08	-0.000811407611764
2.4287851704e-08	-0.000841803492222
2.42919447023e-08	-0.000768627105572
2.42960377006e-08	-0.000586069651035
2.43001306988e-08	-0.000308988817778
2.43042236971e-08	2.73957450645e-05
2.43083166954e-08	0.00037292437446
2.43124096936e-08	0.000671501074976
2.43165026919e-08	0.000872662392794
2.43205956902e-08	0.000942137397942
2.43246886884e-08	0.000869340219651
2.43287816867e-08	0.000669977627695
2.4332874685e-08	0.000382762973459
2.43369676832e-08	6.19774350525e-05
2.43410606815e-08	-0.000233186610785
2.43451536798e-08	-0.000449402705271
2.4349246678e-08	-0.000548273525055
2.43533396763e-08	-0.000512443672051
2.43574326746e-08	-0.00034744392724
2.43615256728e-08	-8.03750021987e-05
2.43656186711e-08	0.000244808410571
2.43697116693e-08	0.000573970570258
2.43738046676e-08	0.000850583994179
2.43778976659e-08	0.00102425456862
2.43819906641e-08	0.00105826235813
2.43860836624e-08	0.000936145945161
2.43901766607e-08	0.00066555239755
2.43942696589e-08	0.000278749410427
2.43983626572e-08	-0.000170610983332
2.44024556555e-08	-0.000615187414951
2.44065486537e-08	-0.000984364844044
2.4410641652e-08	-0.00121667431813
2.44147346503e-08	-0.00127137797244
2.44188276485e-08	-0.00113685544056
2.44229206468e-08	-0.000834211437905
2.44270136451e-08	-0.000414162885136
2.44311066433e-08	5.15712795277e-05
2.44351996416e-08	0.000483550560602
2.44392926399e-08	0.000809521741758
2.44433856381e-08	0.000977653937298
2.44474786364e-08	0.000965985585935
2.44515716346e-08	0.000785353215178
2.44556646329e-08	0.000476336572319
2.44597576312e-08	0.000100635936178
2.44638506294e-08	-0.000270963288131
2.44679436277e-08	-0.000571091375605
2.4472036626e-08	-0.000747262420191
2.44761296242e-08	-0.000769633166783
2.44802226225e-08	-0.00063497550218
2.44843156208e-08	-0.00036637426274
2.4488408619e-08	-8.9302983497e-06
2.44925016173e-08	0.000377117827156
2.44965946156e-08	0.000725863712432
2.45006876138e-08	0.000975801573077
2.45047806121e-08	0.00107988738455
2.45088736104e-08	0.00101405107125
2.45129666086e-08	0.000782276678365
2.45170596069e-08	0.000417790401116
2.45211526052e-08	-2.13386169889e-05
2.45252456034e-08	-0.000461196636024
2.45293386017e-08	-0.000824785180157
2.45334315999e-08	-0.00104644733074
2.45375245982e-08	-0.00108451112465
2.45416175965e-08	-0.000930277550651
2.45457105947e-08	-0.000610344934103
2.4549803593e-08	-0.000182118112207
2.45538965913e-08	0.000276877268334
2.45579895895e-08	0.000684054517478
2.45620825878e-08	0.00096726049378
2.45661755861e-08	0.0010783630787
2.45702685843e-08	0.00100142080919
2.45743615826e-08	0.000754412576498
2.45784545809e-08	0.000384682469303
2.45825475791e-08	-4.11039097798e-05
2.45866405774e-08	-0.000449296505394
2.45907335757e-08	-0.000772273051552
2.45948265739e-08	-0.000959239230724
2.45989195722e-08	-0.000983450496278
2.46030125704e-08	-0.000845476344693
2.46071055687e-08	-0.000571701024455
2.4611198567e-08	-0.00020951334227
2.46152915652e-08	0.000180811521204
2.46193845635e-08	0.000535986771865
2.46234775618e-08	0.000799942790763
2.462757056e-08	0.000933464907575
2.46316635583e-08	0.000920747792406
2.46357565566e-08	0.000772418410634
2.46398495548e-08	0.000523500621057
2.46439425531e-08	0.000226566957281
2.46480355514e-08	-5.85200164096e-05
2.46521285496e-08	-0.000277039423963
2.46562215479e-08	-0.000390489607526
2.46603145462e-08	-0.000384651073546
2.46644075444e-08	-0.000272293165835
2.46685005427e-08	-8.97783825167e-05
2.4672593541e-08	0.000111202390144
2.46766865392e-08	0.000275756121482
2.46807795375e-08	0.000358121475074
2.46848725357e-08	0.000332076024279
2.4688965534e-08	0.000196867709747
2.46930585323e-08	-2.28700558864e-05
2.46971515305e-08	-0.000282360750134
2.47012445288e-08	-0.000526672909473
2.47053375271e-08	-0.000702306588209
2.47094305253e-08	-0.000768291618442
2.47135235236e-08	-0.000704525456968
2.47176165219e-08	-0.000515312010975
2.47217095201e-08	-0.000228540031458
2.47258025184e-08	0.000109903113298
2.47298955167e-08	0.00044444789819
2.47339885149e-08	0.000719497224054
2.47380815132e-08	0.000889029433893
2.47421745115e-08	0.000924016581848
2.47462675097e-08	0.000817585962068
2.4750360508e-08	0.000586393787671
2.47544535063e-08	0.000268480755039
2.47585465045e-08	-8.22683859951e-05
2.47626395028e-08	-0.000404951908422
2.4766732501e-08	-0.000641748796625
2.47708254993e-08	-0.000748595623008
2.47749184976e-08	-0.000703757585143
2.47790114958e-08	-0.000512720594998
2.47831044941e-08	-0.000208320505408
2.47871974924e-08	0.000154965712682
2.47912904906e-08	0.00051080609046
2.47953834889e-08	0.000793845654698
2.47994764872e-08	0.000952401293034
2.48035694854e-08	0.000958324868407
