% time-domain current integration by openEMS v0.0.36-93-g7b9cd51 @Tue Sep  8 09:50:29 2026
% start-coordinates: (-0.03,-0.00616235,0.001397) m -> [1,1,12]
% stop-coordinates: (-0.03,0.00177885,0.001524) m -> [1,6,13]
% t/s	current
6.20151252261e-14	0
4.15501339015e-12	5.79884629204e-09
8.24801165507e-12	2.5900883216e-08
1.234100992e-11	5.98250693429e-08
1.64340081849e-11	8.73364243148e-08
2.05270064498e-11	3.99144681751e-08
2.46200047148e-11	-2.42340604473e-07
2.87130029797e-11	-1.05649166926e-06
3.28060012446e-11	-2.85064311356e-06
3.68989995095e-11	-6.14380542174e-06
4.09919977745e-11	-1.12738707685e-05
4.50849960394e-11	-1.79188173206e-05
4.91779943043e-11	-2.44248149102e-05
5.32709925692e-11	-2.71308144875e-05
5.73639908341e-11	-2.00552913157e-05
6.14569890991e-11	4.59507873529e-06
6.5549987364e-11	5.4743981309e-05
6.96429856289e-11	0.00013562006643
7.37359838938e-11	0.000246394774877
7.78289821588e-11	0.000377435761038
8.19219804237e-11	0.000509516336024
8.60149786886e-11	0.000615925237071
9.01079769535e-11	0.000667462940328
9.42009752184e-11	0.000639159465209
9.82939734834e-11	0.000516711501405
1.02386971748e-10	0.00030059312121
1.06479970013e-10	6.57032069284e-06
1.10572968278e-10	-0.000337366538588
1.14665966543e-10	-0.000696483533829
1.18758964808e-10	-0.00103546259925
1.22851963073e-10	-0.00132371659856
1.26944961338e-10	-0.00153902010061
1.31037959603e-10	-0.00166936696041
1.35130957868e-10	-0.00171337719075
1.39223956133e-10	-0.00167960696854
1.43316954398e-10	-0.00158490380272
1.47409952662e-10	-0.00145179475658
1.51502950927e-10	-0.00130494823679
1.55595949192e-10	-0.0011670619715
1.59688947457e-10	-0.00105483096559
1.63781945722e-10	-0.000975862960331
1.67874943987e-10	-0.000927337328903
1.71967942252e-10	-0.00089684734121
1.76060940517e-10	-0.000865377369337
1.80153938782e-10	-0.000811853795312
1.84246937047e-10	-0.000718299648724
1.88339935312e-10	-0.000574470672291
1.92432933577e-10	-0.000380914105335
1.96525931842e-10	-0.000149701561895
2.00618930106e-10	9.74093782133e-05
2.04711928371e-10	0.000333076139214
2.08804926636e-10	0.000529918645043
2.12897924901e-10	0.000666312873363
2.16990923166e-10	0.000731137930416
2.21083921431e-10	0.00072638731217
2.25176919696e-10	0.000666980165988
2.29269917961e-10	0.000577757193241
2.33362916226e-10	0.000488253950607
2.37455914491e-10	0.000426351762144
2.41548912756e-10	0.000412178080296
2.45641911021e-10	0.000453577260487
2.49734909285e-10	0.000544156413525
2.5382790755e-10	0.000664372870233
2.57920905815e-10	0.00078547821613
2.6201390408e-10	0.000875535130035
2.66106902345e-10	0.000906256493181
2.7019990061e-10	0.000859219464473
2.74292898875e-10	0.000730118656065
2.7838589714e-10	0.000530114863068
2.82478895405e-10	0.000283953559119
2.8657189367e-10	2.52302997978e-05
2.90664891935e-10	-0.000210221740417
2.947578902e-10	-0.000391425361158
2.98850888465e-10	-0.000498350942507
3.02943886729e-10	-0.000525754643604
3.07036884994e-10	-0.000483973388327
3.11129883259e-10	-0.000396542309318
3.15222881524e-10	-0.000295134697808
3.19315879789e-10	-0.000212856612052
3.23408878054e-10	-0.000177267749677
3.27501876319e-10	-0.000204561234568
3.31594874584e-10	-0.000296112470096
3.35687872849e-10	-0.000438141141785
3.39780871114e-10	-0.000604603381362
3.43873869379e-10	-0.00076271709986
3.47966867644e-10	-0.000879968691152
3.52059865909e-10	-0.000931077403948
3.56152864173e-10	-0.000903402746189
3.60245862438e-10	-0.000799613306299
3.64338860703e-10	-0.000637068878859
3.68431858968e-10	-0.00044409694965
3.72524857233e-10	-0.000254018668784
3.76617855498e-10	-9.82550554909e-05
3.80710853763e-10	4.02651494369e-08
3.84803852028e-10	3.05156718241e-05
3.88896850293e-10	-2.54387850873e-06
3.92989848558e-10	-8.13827937236e-05
3.97082846823e-10	-0.000178664457053
4.01175845088e-10	-0.00026327042724
4.05268843353e-10	-0.000306839880068
4.09361841617e-10	-0.000289721065201
4.13454839882e-10	-0.000205111093237
4.17547838147e-10	-6.04940578341e-05
4.21640836412e-10	0.000123940917547
4.25733834677e-10	0.000319589365972
4.29826832942e-10	0.000495493237395
4.33919831207e-10	0.000624836771749
4.38012829472e-10	0.000690440530889
4.42105827737e-10	0.000688049127348
4.46198826002e-10	0.000626756751444
4.50291824267e-10	0.000526557967532
4.54384822532e-10	0.000413663306972
4.58477820797e-10	0.000314675271511
4.62570819061e-10	0.000250900164247
4.66663817326e-10	0.000233981496422
4.70756815591e-10	0.000263721420197
4.74849813856e-10	0.000328459078446
4.78942812121e-10	0.000407876505051
4.83035810386e-10	0.000477610563394
4.87128808651e-10	0.000514687621035
4.91221806916e-10	0.000502640381455
4.95314805181e-10	0.00043521457701
4.99407803446e-10	0.000317847589031
5.03500801711e-10	0.000166596728377
5.07593799976e-10	4.73982800031e-06
5.11686798241e-10	-0.000142204400618
5.15779796505e-10	-0.00025191163877
5.1987279477e-10	-0.000309942959575
5.23965793035e-10	-0.000312654825393
5.280587913e-10	-0.000267720402917
5.32151789565e-10	-0.000192192324903
5.3624478783e-10	-0.000108585518319
5.40337786095e-10	-3.98743286496e-05
5.4443078436e-10	-4.49396611657e-06
5.48523782625e-10	-1.24327489175e-05
5.5261678089e-10	-6.32208102616e-05
5.56709779155e-10	-0.000146226069774
5.6080277742e-10	-0.000243160524406
5.64895775685e-10	-0.00033223250648
5.68988773949e-10	-0.000393022753997
5.73081772214e-10	-0.000411016750149
5.77174770479e-10	-0.000380801968277
5.81267768744e-10	-0.000307231850456
5.85360767009e-10	-0.000204336596653
5.89453765274e-10	-9.2229587608e-05
5.93546763539e-10	7.28425220586e-06
5.97639761804e-10	7.54477878218e-05
6.01732760069e-10	0.000100616198324
6.05825758334e-10	8.07964606793e-05
6.09918756599e-10	2.41317356995e-05
6.14011754864e-10	-5.27757838427e-05
6.18104753129e-10	-0.000128350104205
6.22197751393e-10	-0.000180623013875
6.26290749658e-10	-0.000191950734006
6.30383747923e-10	-0.00015285788686
6.34476746188e-10	-6.41708902549e-05
6.38569744453e-10	6.30278664175e-05
6.42662742718e-10	0.000209635429201
6.46755740983e-10	0.000352441886207
6.50848739248e-10	0.000468852114864
6.54941737513e-10	0.000541384855751
6.59034735778e-10	0.000560978543945
6.63127734043e-10	0.000528460368514
6.67220732308e-10	0.000453964545159
6.71313730572e-10	0.000354523188435
6.75406728837e-10	0.000250424636761
6.79499727102e-10	0.000161126168678
6.83592725367e-10	0.000101530604297
6.87685723632e-10	7.93323415564e-05
6.91778721897e-10	9.3896749604e-05
6.95871720162e-10	0.000136839880724
6.99964718427e-10	0.000194152351469
7.04057716692e-10	0.000249405216891
7.08150714957e-10	0.000287348113488
7.12243713222e-10	0.000297105871141
7.16336711487e-10	0.00027427347959
7.20429709752e-10	0.000221454974962
7.24522708016e-10	0.000147174388985
7.28615706281e-10	6.3507068262e-05
7.32708704546e-10	-1.69228733284e-05
7.36801702811e-10	-8.38092673803e-05
7.40894701076e-10	-0.000131189648528
7.44987699341e-10	-0.000158226001076
7.49080697606e-10	-0.000168668164406
7.53173695871e-10	-0.00016925977252
7.57266694136e-10	-0.000167587189935
7.61359692401e-10	-0.000169936873135
7.65452690666e-10	-0.000179670678335
7.69545688931e-10	-0.000196479013539
7.73638687196e-10	-0.000216658925638
7.7773168546e-10	-0.000234325110796
7.81824683725e-10	-0.000243271919317
7.8591768199e-10	-0.000239025059273
7.90010680255e-10	-0.000220552494284
7.9410367852e-10	-0.0001911354193
7.98196676785e-10	-0.000158079012181
8.0228967505e-10	-0.000131205684738
8.06382673315e-10	-0.000120409262308
8.1047567158e-10	-0.00013284679153
8.14568669845e-10	-0.000170470724697
8.1866166811e-10	-0.000228607459576
8.22754666375e-10	-0.000296047481243
8.2684766464e-10	-0.000356761360308
8.30940662904e-10	-0.000392966496293
8.35033661169e-10	-0.000388935266528
8.39126659434e-10	-0.000334720447427
8.43219657699e-10	-0.000228972436162
8.47312655964e-10	-8.0176119809e-05
8.51405654229e-10	9.40722820815e-05
8.55498652494e-10	0.000269718089839
8.59591650759e-10	0.000420417753048
8.63684649024e-10	0.000522462301888
8.67777647289e-10	0.000559497391805
8.71870645554e-10	0.000526059768163
8.75963643819e-10	0.00042915227823
8.80056642084e-10	0.00028744834708
8.84149640348e-10	0.000128177576698
8.88242638613e-10	-1.77626425284e-05
8.92335636878e-10	-0.000121555494843
8.96428635143e-10	-0.000161975040101
9.00521633408e-10	-0.000129573381855
9.04614631673e-10	-2.87005968858e-05
9.08707629938e-10	0.00012306246208
9.12800628203e-10	0.000298024446238
9.16893626468e-10	0.000463506730739
9.20986624733e-10	0.000588015653193
9.25079622998e-10	0.000647298176773
9.29172621263e-10	0.000629077083431
9.33265619528e-10	0.000535504543222
9.37358617792e-10	0.000382822356187
9.41451616057e-10	0.000198263267521
9.45544614322e-10	1.48100334627e-05
9.49637612587e-10	-0.000135122551001
9.53730610852e-10	-0.000225829920964
9.57823609117e-10	-0.000243075861363
9.61916607382e-10	-0.000186590492376
9.66009605647e-10	-6.98897492839e-05
9.70102603912e-10	8.24655289762e-05
9.74195602177e-10	0.000239593384322
9.78288600442e-10	0.000370087567717
9.82381598707e-10	0.000447806000011
9.86474596972e-10	0.000456602341728
9.90567595236e-10	0.000393142690882
9.94660593501e-10	0.000267289113253
9.98753591766e-10	9.9979370134e-05
1.00284659003e-09	-8.09644261608e-05
1.0069395883e-09	-0.000246275507379
1.01103258656e-09	-0.000370809691958
1.01512558483e-09	-0.000438112299889
1.01921858309e-09	-0.000443090626504
1.02331158136e-09	-0.000392312387703
1.02740457962e-09	-0.000302000145894
1.03149757789e-09	-0.000194270294742
1.03559057615e-09	-9.24897976802e-05
1.03968357442e-09	-1.67245525518e-05
1.04377657268e-09	1.98434463528e-05
1.04786957095e-09	1.29372529045e-05
1.05196256921e-09	-3.26177832903e-05
1.05605556748e-09	-0.000104442748125
1.06014856574e-09	-0.000185508688446
1.06424156401e-09	-0.000257798295934
1.06833456227e-09	-0.00030600791797
1.07242756053e-09	-0.000320566847222
1.0765205588e-09	-0.000299372244626
1.08061355706e-09	-0.000247911899351
1.08470655533e-09	-0.000177762121893
1.08879955359e-09	-0.000103824932012
1.09289255186e-09	-4.09495551139e-05
1.09698555012e-09	-6.9663656177e-07
1.10107854839e-09	1.1037242075e-05
1.10517154665e-09	-4.94345840707e-06
1.10926454492e-09	-4.15820504713e-05
1.11335754318e-09	-8.73181852512e-05
1.11745054145e-09	-0.00012868954218
1.12154353971e-09	-0.0001531970629
1.12563653798e-09	-0.000151853630086
1.12972953624e-09	-0.000120934615552
1.13382253451e-09	-6.26371911494e-05
1.13791553277e-09	1.54309891514e-05
1.14200853104e-09	0.000101801953861
1.1461015293e-09	0.000183403317351
1.15019452757e-09	0.000248081458267
1.15428752583e-09	0.000286889728159
1.1583805241e-09	0.000295692065265
1.16247352236e-09	0.000275795697235
1.16656652063e-09	0.00023350736592
1.17065951889e-09	0.000178742600838
1.17475251716e-09	0.000123011835967
1.17884551542e-09	7.71860650275e-05
1.18293851369e-09	4.94788619108e-05
1.18703151195e-09	4.40154435637e-05
1.19112451022e-09	6.02033724135e-05
1.19521750848e-09	9.29909729166e-05
1.19931050675e-09	0.000133930705488
1.20340350501e-09	0.000172812156961
1.20749650328e-09	0.000199562404305
1.21158950154e-09	0.000206057404284
1.21568249981e-09	0.000187517376617
1.21977549807e-09	0.000143269746331
1.22386849634e-09	7.67871970311e-05
1.2279614946e-09	-4.94339155921e-06
1.23205449287e-09	-9.25439162529e-05
1.23614749113e-09	-0.000175635825144
1.2402404894e-09	-0.000244276947342
1.24433348766e-09	-0.000290266965749
1.24842648593e-09	-0.000308197777485
1.25251948419e-09	-0.000296167039778
1.25661248246e-09	-0.000256086728768
1.26070548072e-09	-0.000193530780962
1.26479847899e-09	-0.000117096875329
1.26889147725e-09	-3.73172515538e-05
1.27298447552e-09	3.47612112819e-05
1.27707747378e-09	8.91250456334e-05
1.28117047205e-09	0.000118226664199
1.28526347031e-09	0.000118081545224
1.28935646858e-09	8.8871405751e-05
1.29344946684e-09	3.49913061655e-05
1.29754246511e-09	-3.54427647835e-05
1.30163546337e-09	-0.000111556983029
1.30572846164e-09	-0.00018107095093
1.3098214599e-09	-0.000231930898735
1.31391445817e-09	-0.000254074548138
1.31800745643e-09	-0.000241125817411
1.3221004547e-09	-0.000191721235751
1.32619345296e-09	-0.00011016697681
1.33028645123e-09	-6.19037109573e-06
1.33437944949e-09	0.000106310893898
1.33847244775e-09	0.0002113803057
1.34256544602e-09	0.000293618591968
1.34665844428e-09	0.000340829632478
1.35075144255e-09	0.00034617469646
1.35484444081e-09	0.00030942822923
1.35893743908e-09	0.000237128537265
1.36303043734e-09	0.000141592798172
1.36712343561e-09	3.89729102608e-05
1.37121643387e-09	-5.33354032086e-05
1.37530943214e-09	-0.000119555130368
1.3794024304e-09	-0.000148214036017
1.38349542867e-09	-0.000134220565087
1.38758842693e-09	-7.99511108198e-05
1.3916814252e-09	4.92535764351e-06
1.39577442346e-09	0.00010493958689
1.39986742173e-09	0.000201437986107
1.40396041999e-09	0.000275882950518
1.40805341826e-09	0.000313214753987
1.41214641652e-09	0.000304620130919
1.41623941479e-09	0.000249161676038
1.42033241305e-09	0.000153951114044
1.42442541132e-09	3.28604182869e-05
1.42851840958e-09	-9.59590397542e-05
1.43261140785e-09	-0.00021326544811
1.43670440611e-09	-0.000302026426652
1.44079740438e-09	-0.00035026227124
1.44489040264e-09	-0.000352945935447
1.44898340091e-09	-0.000312653428409
1.45307639917e-09	-0.000238880573306
1.45716939744e-09	-0.000146160848089
1.4612623957e-09	-5.13385239174e-05
1.46535539397e-09	2.94889014185e-05
1.46944839223e-09	8.37901388877e-05
1.4735413905e-09	0.00010466051026
1.47763438876e-09	9.17478246265e-05
1.48172738703e-09	5.09198871441e-05
1.48582038529e-09	-7.20762182027e-06
1.48991338356e-09	-6.95511553204e-05
1.49400638182e-09	-0.000123164514662
1.49809938009e-09	-0.00015765518765
1.50219237835e-09	-0.000166963058291
1.50628537662e-09	-0.000150183856022
1.51037837488e-09	-0.000111317407573
1.51447137315e-09	-5.80519663345e-05
1.51856437141e-09	1.3817953004e-07
1.52265736968e-09	5.41406297998e-05
1.52675036794e-09	9.7115553217e-05
1.53084336621e-09	0.000125762220705
1.53493636447e-09	0.000140673757414
1.53902936274e-09	0.000145747559145
1.543122361e-09	0.000146847669384
1.54721535927e-09	0.000150067731738
1.55130835753e-09	0.000160021270858
1.5554013558e-09	0.000178551272256
1.55949435406e-09	0.000204116076929
1.56358735233e-09	0.000231974117924
1.56768035059e-09	0.00025511282729
1.57177334886e-09	0.000265741691692
1.57586634712e-09	0.000257076171692
1.57995934539e-09	0.000225059964578
1.58405234365e-09	0.000169672013726
1.58814534192e-09	9.54969291342e-05
1.59223834018e-09	1.13420501293e-05
1.59633133844e-09	-7.11102984496e-05
1.60042433671e-09	-0.000139412499266
1.60451733497e-09	-0.000182822710485
1.60861033324e-09	-0.000194582127733
1.6127033315e-09	-0.000173495034687
1.61679632977e-09	-0.000124434707686
1.62088932803e-09	-5.76381025894e-05
1.6249823263e-09	1.30507032736e-05
1.62907532456e-09	7.26421567379e-05
1.63316832283e-09	0.00010769959772
1.63726132109e-09	0.00010879067122
1.64135431936e-09	7.22950717318e-05
1.64544731762e-09	1.28810643218e-06
1.64954031589e-09	-9.46697109612e-05
1.65363331415e-09	-0.000200835958822
1.65772631242e-09	-0.000299545848975
1.66181931068e-09	-0.000373127637431
1.66591230895e-09	-0.000407010753406
1.67000530721e-09	-0.000392479472794
1.67409830548e-09	-0.000328526017256
1.67819130374e-09	-0.000222396760364
1.68228430201e-09	-8.86617199285e-05
1.68637730027e-09	5.30444995093e-05
1.69047029854e-09	0.00018121645553
1.6945632968e-09	0.000276024336927
1.69865629507e-09	0.000322591920849
1.70274929333e-09	0.000313466996886
1.7068422916e-09	0.000249910051934
1.71093528986e-09	0.00014182223822
1.71502828813e-09	6.33809622741e-06
1.71912128639e-09	-0.000134718196932
1.72321428466e-09	-0.000258163025137
1.72730728292e-09	-0.000343082589097
1.73140028119e-09	-0.000374215625925
1.73549327945e-09	-0.000344525207765
1.73958627772e-09	-0.000256509956671
1.74367927598e-09	-0.000121984339785
1.74777227425e-09	3.96822906623e-05
1.75186527251e-09	0.000204589538043
1.75595827078e-09	0.000348097120877
1.76005126904e-09	0.000448753125966
1.76414426731e-09	0.000491701590363
1.76823726557e-09	0.000471028237371
1.77233026384e-09	0.000390678120311
1.7764232621e-09	0.000263784197159
1.78051626037e-09	0.000110540517198
1.78460925863e-09	-4.50575607829e-05
1.7887022569e-09	-0.000179088834557
1.79279525516e-09	-0.000271555152722
1.79688825343e-09	-0.000309583672788
1.80098125169e-09	-0.000289443996735
1.80507424996e-09	-0.00021703238599
1.80916724822e-09	-0.000106757892354
1.81326024649e-09	2.09715326491e-05
1.81735324475e-09	0.000143246725202
1.82144624302e-09	0.000238528242335
1.82553924128e-09	0.000290265248623
1.82963223955e-09	0.000289652380161
1.83372523781e-09	0.000237062922679
1.83781823608e-09	0.00014190901129
1.84191123434e-09	2.09365480259e-05
1.84600423261e-09	-0.000104763545096
1.85009723087e-09	-0.000213507417357
1.85419022914e-09	-0.000286847498501
1.8582832274e-09	-0.000312775722705
1.86237622566e-09	-0.000287705974188
1.86646922393e-09	-0.000216896645725
1.87056222219e-09	-0.000113276881166
1.87465522046e-09	5.03704541188e-06
1.87874821872e-09	0.000118035110063
1.88284121699e-09	0.000207298377063
1.88693421525e-09	0.000259063672274
1.89102721352e-09	0.000266387593001
1.89512021178e-09	0.000230081408517
1.89921321005e-09	0.000158304144861
1.90330620831e-09	6.48959539831e-05
1.90739920658e-09	-3.32506278937e-05
1.91149220484e-09	-0.000119328731671
1.91558520311e-09	-0.000179677168489
1.91967820137e-09	-0.000206169119338
1.92377119964e-09	-0.000197455432499
1.9278641979e-09	-0.000158810580615
1.93195719617e-09	-0.000100647921499
1.93605019443e-09	-3.60737685696e-05
1.9401431927e-09	2.19453340833e-05
1.94423619096e-09	6.31816437817e-05
1.94832918923e-09	8.19627748569e-05
1.95242218749e-09	7.79187248554e-05
1.95651518576e-09	5.55997612537e-05
1.96060818402e-09	2.31372323469e-05
1.96470118229e-09	-9.70624023466e-06
1.96879418055e-09	-3.37024830515e-05
1.97288717882e-09	-4.21371441917e-05
1.97698017708e-09	-3.22351152136e-05
1.98107317535e-09	-5.77068749408e-06
1.98516617361e-09	3.1268758903e-05
1.98925917188e-09	6.99528463883e-05
1.99335217014e-09	0.00010036349704
1.99744516841e-09	0.000113847992907
2.00153816667e-09	0.000105063416413
2.00563116494e-09	7.33293272788e-05
2.0097241632e-09	2.29602028412e-05
2.01381716147e-09	-3.75164891011e-05
2.01791015973e-09	-9.70746041276e-05
2.022003158e-09	-0.000144447491039
2.02609615626e-09	-0.000170422528754
2.03018915453e-09	-0.000169693536009
2.03428215279e-09	-0.000141911456012
2.03837515106e-09	-9.17709330679e-05
2.04246814932e-09	-2.81361935777e-05
2.04656114759e-09	3.7591526052e-05
2.05065414585e-09	9.35670395847e-05
2.05474714412e-09	0.000129682157421
2.05884014238e-09	0.000139427866088
2.06293314065e-09	0.000121112287161
2.06702613891e-09	7.81934359111e-05
2.07111913718e-09	1.86530887731e-05
2.07521213544e-09	-4.64723489131e-05
2.07930513371e-09	-0.000105114944745
2.08339813197e-09	-0.000146370526636
2.08749113024e-09	-0.000162434967933
2.0915841285e-09	-0.000149935280206
2.09567712677e-09	-0.000110441134893
2.09977012503e-09	-5.00935529999e-05
2.1038631233e-09	2.15355175897e-05
2.10795612156e-09	9.31222748477e-05
2.11204911983e-09	0.000153491972014
2.11614211809e-09	0.0001934246975
2.12023511636e-09	0.000207056320505
2.12432811462e-09	0.000192673236597
2.12842111288e-09	0.000152807566337
2.13251411115e-09	9.36617288971e-05
2.13660710941e-09	2.40290773945e-05
2.14070010768e-09	-4.60647715954e-05
2.14479310594e-09	-0.000106767176476
2.14888610421e-09	-0.000149651546963
2.15297910247e-09	-0.000168690021383
2.15707210074e-09	-0.000160907453392
2.161165099e-09	-0.000126690807519
2.16525809727e-09	-6.97671785019e-05
2.16935109553e-09	3.15213992508e-06
2.1734440938e-09	8.3067061496e-05
2.17753709206e-09	0.000159690025612
2.18163009033e-09	0.00022267177701
2.18572308859e-09	0.000262910180027
2.18981608686e-09	0.000273772457149
2.19390908512e-09	0.000252057187026
2.19800208339e-09	0.000198571302462
2.20209508165e-09	0.000118249983643
2.20618807992e-09	1.97957160708e-05
2.21028107818e-09	-8.5159423179e-05
2.21437407645e-09	-0.000183329044376
2.21846707471e-09	-0.00026142981369
2.22256007298e-09	-0.000308082293486
2.22665307124e-09	-0.000315705983667
2.23074606951e-09	-0.000282093300484
2.23483906777e-09	-0.000211283710087
2.23893206604e-09	-0.000113437010441
2.2430250643e-09	-3.58695251634e-06
2.24711806257e-09	0.000100618766737
2.25121106083e-09	0.000181832510862
2.2553040591e-09	0.000226032687351
2.25939705736e-09	0.00022509568953
2.26349005563e-09	0.000178414629772
2.26758305389e-09	9.32549737627e-05
2.27167605216e-09	-1.62304095284e-05
2.27576905042e-09	-0.000131191671244
2.27986204869e-09	-0.000231151207117
2.28395504695e-09	-0.000297487596981
2.28804804522e-09	-0.000316774734529
2.29214104348e-09	-0.000283398199826
2.29623404175e-09	-0.000200929964194
2.30032704001e-09	-8.19028064143e-05
2.30442003828e-09	5.40967012057e-05
2.30851303654e-09	0.000183762153029
2.31260603481e-09	0.000284267822281
2.31669903307e-09	0.000337526784278
2.32079203134e-09	0.000333662086632
2.3248850296e-09	0.000272989011137
2.32897802787e-09	0.000166090583662
2.33307102613e-09	3.19697282976e-05
2.3371640244e-09	-0.000105359315057
2.34125702266e-09	-0.000221201044042
2.34535002093e-09	-0.000294622790534
2.34944301919e-09	-0.000312204589136
2.35353601746e-09	-0.000270437798463
2.35762901572e-09	-0.000176332978299
2.36172201399e-09	-4.61259878648e-05
2.36581501225e-09	9.7692842246e-05
2.36990801052e-09	0.000230490681133
2.37400100878e-09	0.00032998342067
2.37809400705e-09	0.000380254350603
2.38218700531e-09	0.000374528637622
2.38628000357e-09	0.000316180870868
2.39037300184e-09	0.00021779385861
2.3944660001e-09	9.84872822301e-05
2.39855899837e-09	-1.99176683964e-05
2.40265199663e-09	-0.000117125018733
2.4067449949e-09	-0.000178150134161
2.41083799316e-09	-0.000195931497728
2.41493099143e-09	-0.000172304949956
2.41902398969e-09	-0.000117188807053
2.42311698796e-09	-4.61895906483e-05
2.42720998622e-09	2.283905269e-05
2.43130298449e-09	7.35667344998e-05
2.43539598275e-09	9.44967468968e-05
2.43948898102e-09	8.11424251879e-05
2.44358197928e-09	3.66492677131e-05
2.44767497755e-09	-2.92106742563e-05
2.45176797581e-09	-0.000102394187707
2.45586097408e-09	-0.000167729172972
2.45995397234e-09	-0.000212151702726
2.46404697061e-09	-0.00022735184757
2.46813996887e-09	-0.000211317819776
2.47223296714e-09	-0.000168506841874
2.4763259654e-09	-0.000108652850031
2.48041896367e-09	-4.45112673333e-05
2.48451196193e-09	1.09971788333e-05
2.4886049602e-09	4.76346467622e-05
2.49269795846e-09	6.0084668803e-05
2.49679095673e-09	4.90909624205e-05
2.50088395499e-09	2.12180311792e-05
2.50497695326e-09	-1.27528810481e-05
2.50906995152e-09	-4.04325219279e-05
2.51316294979e-09	-5.08507509949e-05
2.51725594805e-09	-3.71858259314e-05
2.52134894632e-09	1.47729269884e-06
2.52544194458e-09	5.97592988925e-05
2.52953494285e-09	0.000127072387841
2.53362794111e-09	0.000189898200915
2.53772093938e-09	0.000234727573115
2.54181393764e-09	0.00025100185303
2.54590693591e-09	0.000233445229242
2.54999993417e-09	0.000183323863894
2.55409293244e-09	0.000108402215119
2.5581859307e-09	2.16157532122e-05
2.56227892897e-09	-6.1308441218e-05
2.56637192723e-09	-0.000124847181723
2.5704649255e-09	-0.000156755340868
2.57455792376e-09	-0.000150605192175
2.57865092203e-09	-0.000107272629975
2.58274392029e-09	-3.49908004864e-05
2.58683691856e-09	5.20937283e-05
2.59092991682e-09	0.000136606773594
2.59502291509e-09	0.000201334609301
2.59911591335e-09	0.000232582882745
2.60320891162e-09	0.000222805887461
2.60730190988e-09	0.000171962834429
2.61139490815e-09	8.73821918503e-05
2.61548790641e-09	-1.77774018084e-05
2.61958090468e-09	-0.000127070874441
2.62367390294e-09	-0.000223781418754
2.62776690121e-09	-0.00029381737113
2.63185989947e-09	-0.00032799289329
2.63595289774e-09	-0.000323333835695
2.640045896e-09	-0.000283238827251
2.64413889427e-09	-0.000216534463107
2.64823189253e-09	-0.000135619964567
2.65232489079e-09	-5.40968940186e-05
2.65641788906e-09	1.56786736625e-05
2.66051088732e-09	6.46425614832e-05
2.66460388559e-09	8.82919630385e-05
2.66869688385e-09	8.69831128512e-05
2.67278988212e-09	6.52860326227e-05
2.67688288038e-09	3.06157235173e-05
2.68097587865e-09	-8.48081435834e-06
2.68506887691e-09	-4.39821233158e-05
2.68916187518e-09	-6.96789065842e-05
2.69325487344e-09	-8.18651387817e-05
2.69734787171e-09	-7.94283987489e-05
2.70144086997e-09	-6.34313328192e-05
2.70553386824e-09	-3.63943872799e-05
2.7096268665e-09	-1.51325093611e-06
2.71371986477e-09	3.79821431125e-05
2.71781286303e-09	7.91949569248e-05
2.7219058613e-09	0.000119615098811
2.72599885956e-09	0.000156927970238
2.73009185783e-09	0.000188734586118
2.73418485609e-09	0.000212359940633
2.73827785436e-09	0.000224920004257
2.74237085262e-09	0.000223694456508
2.74646385089e-09	0.000206774857361
2.75055684915e-09	0.000173805616214
2.75464984742e-09	0.000126596889459
2.75874284568e-09	6.93845577189e-05
2.76283584395e-09	8.5802284957e-06
2.76692884221e-09	-4.80104936287e-05
2.77102184048e-09	-9.24023916014e-05
2.77511483874e-09	-0.000117868199595
2.77920783701e-09	-0.000120336713735
2.78330083527e-09	-9.94471192826e-05
2.78739383354e-09	-5.9026380768e-05
2.7914868318e-09	-6.79334925735e-06
2.79557983007e-09	4.67446698167e-05
2.79967282833e-09	9.00972663658e-05
2.8037658266e-09	0.000113004578452
2.80785882486e-09	0.000108629916213
2.81195182313e-09	7.52323539928e-05
2.81604482139e-09	1.68698970811e-05
2.82013781966e-09	-5.70966258238e-05
2.82423081792e-09	-0.000133691806695
2.82832381619e-09	-0.000198863403057
2.83241681445e-09	-0.000240337132709
2.83650981272e-09	-0.00025015702704
2.84060281098e-09	-0.000226367570576
2.84469580925e-09	-0.000173470863956
2.84878880751e-09	-0.000101592835563
2.85288180578e-09	-2.45303708653e-05
2.85697480404e-09	4.29463107139e-05
2.86106780231e-09	8.80040897755e-05
2.86516080057e-09	0.000102352889371
2.86925379884e-09	8.40139691718e-05
2.8733467971e-09	3.78796539735e-05
2.87743979537e-09	-2.5125049433e-05
2.88153279363e-09	-9.0186833404e-05
2.8856257919e-09	-0.000141686119605
2.88971879016e-09	-0.000166586512933
2.89381178843e-09	-0.000157386355568
2.89790478669e-09	-0.000113933565444
2.90199778496e-09	-4.36311129306e-05
2.90609078322e-09	4.00432509196e-05
2.91018378149e-09	0.000120418044389
2.91427677975e-09	0.000181240437087
2.91836977801e-09	0.000210240308661
2.92246277628e-09	0.000201848553843
2.92655577454e-09	0.000158489739988
2.93064877281e-09	9.01897801668e-05
2.93474177107e-09	1.25740543808e-05
2.93883476934e-09	-5.6344535551e-05
2.9429277676e-09	-9.99530602712e-05
2.94702076587e-09	-0.000106646934
2.95111376413e-09	-7.2530201578e-05
2.9552067624e-09	-2.58617365034e-06
2.95929976066e-09	8.99749284144e-05
2.96339275893e-09	0.000186159653822
2.96748575719e-09	0.000264989619609
2.97157875546e-09	0.000307895155856
2.97567175372e-09	0.000302781059872
2.97976475199e-09	0.000246865994995
2.98385775025e-09	0.000147643426317
2.98795074852e-09	2.16923654079e-05
2.99204374678e-09	-0.000108444524813
2.99613674505e-09	-0.000218710571062
3.00022974331e-09	-0.000288404640742
3.00432274158e-09	-0.000304470013361
3.00841573984e-09	-0.000264314730885
3.01250873811e-09	-0.000176563102286
3.01660173637e-09	-5.95376077399e-05
3.02069473464e-09	6.22626248514e-05
3.0247877329e-09	0.000163007935043
3.02888073117e-09	0.000220763526158
3.03297372943e-09	0.000222018454224
3.0370667277e-09	0.000164589262567
3.04115972596e-09	5.8279845689e-05
3.04525272423e-09	-7.6869604527e-05
3.04934572249e-09	-0.000214409461478
3.05343872076e-09	-0.000326632463839
3.05753171902e-09	-0.000390038243495
3.06162471729e-09	-0.00039003090933
3.06571771555e-09	-0.000323930551531
3.06981071382e-09	-0.000201695569558
3.07390371208e-09	-4.41972224507e-05
3.07799671035e-09	0.000120647237054
3.08208970861e-09	0.0002631660318
3.08618270688e-09	0.00035762420157
3.09027570514e-09	0.000387201784179
3.09436870341e-09	0.000347258348484
3.09846170167e-09	0.000246205512667
3.10255469994e-09	0.000103811275039
3.1066476982e-09	-5.27007941855e-05
3.11074069647e-09	-0.000193964136997
3.11483369473e-09	-0.000294077210128
3.118926693e-09	-0.000335399468895
3.12301969126e-09	-0.000311628507916
3.12711268953e-09	-0.000228621487622
3.13120568779e-09	-0.000102920821519
3.13529868606e-09	4.16452676291e-05
3.13939168432e-09	0.000178583024535
3.14348468259e-09	0.00028368877247
3.14757768085e-09	0.000339421676472
3.15167067912e-09	0.00033792265458
3.15576367738e-09	0.000282134133158
3.15985667565e-09	0.000184848060599
3.16394967391e-09	6.58932476654e-05
3.16804267218e-09	-5.19511813764e-05
3.17213567044e-09	-0.000147465412738
3.17622866871e-09	-0.000204985393793
3.18032166697e-09	-0.000217067470658
3.18441466523e-09	-0.000185348471859
3.1885076635e-09	-0.000119524585898
3.19260066176e-09	-3.48131434293e-05
3.19669366003e-09	5.14436105732e-05
3.20078665829e-09	0.000123259698739
3.20487965656e-09	0.000168868107721
3.20897265482e-09	0.000182462681551
3.21306565309e-09	0.000164627359482
3.21715865135e-09	0.000121513818158
3.22125164962e-09	6.30541253486e-05
3.22534464788e-09	6.47835804557e-07
3.22943764615e-09	-5.51973862457e-05
3.23353064441e-09	-9.67964515439e-05
3.23762364268e-09	-0.000120430275274
3.24171664094e-09	-0.000126503990032
3.24580963921e-09	-0.000118763884529
3.24990263747e-09	-0.000102814949059
3.25399563574e-09	-8.43685047585e-05
3.258088634e-09	-6.76952840877e-05
3.26218163227e-09	-5.46947776456e-05
3.26627463053e-09	-4.47870988864e-05
3.2703676288e-09	-3.56018426828e-05
3.27446062706e-09	-2.42085807258e-05
3.27855362533e-09	-8.47129649628e-06
3.28264662359e-09	1.1859312508e-05
3.28673962186e-09	3.46666638507e-05
3.29083262012e-09	5.57291496079e-05
3.29492561839e-09	6.9667599746e-05
3.29901861665e-09	7.13449626346e-05
3.30311161492e-09	5.73756187805e-05
3.30720461318e-09	2.7352158213e-05
3.31129761145e-09	-1.55321777129e-05
3.31539060971e-09	-6.46697590128e-05
3.31948360798e-09	-0.000111081062641
3.32357660624e-09	-0.000145113517647
3.32766960451e-09	-0.000158479786478
3.33176260277e-09	-0.000146163176396
3.33585560104e-09	-0.000107761195977
3.3399485993e-09	-4.79108639411e-05
3.34404159757e-09	2.4338156436e-05
3.34813459583e-09	9.71144181676e-05
3.3522275941e-09	0.000157982343808
3.35632059236e-09	0.000196392124053
3.36041359063e-09	0.000205834163353
3.36450658889e-09	0.000185233133379
3.36859958716e-09	0.000139284078614
3.37269258542e-09	7.76086526457e-05
3.37678558369e-09	1.28920364659e-05
3.38087858195e-09	-4.16771763412e-05
3.38497158022e-09	-7.51227780711e-05
3.38906457848e-09	-8.09746634332e-05
3.39315757675e-09	-5.86410205869e-05
3.39725057501e-09	-1.3513083104e-05
3.40134357328e-09	4.42175587523e-05
3.40543657154e-09	0.000101777623058
3.40952956981e-09	0.000146545906318
3.41362256807e-09	0.000168699887581
3.41771556634e-09	0.000163175951457
3.4218085646e-09	0.000130570595502
3.42590156287e-09	7.68277750467e-05
3.42999456113e-09	1.18429361464e-05
3.4340875594e-09	-5.26810799784e-05
3.43818055766e-09	-0.000105671249912
3.44227355592e-09	-0.000138914532727
3.44636655419e-09	-0.000148664417793
3.45045955245e-09	-0.000136276095873
3.45455255072e-09	-0.000107759151433
3.45864554898e-09	-7.22938057152e-05
3.46273854725e-09	-4.00237477152e-05
3.46683154551e-09	-1.96080927708e-05
3.47092454378e-09	-1.61192656378e-05
3.47501754204e-09	-2.98057711916e-05
3.47911054031e-09	-5.60632361157e-05
3.48320353857e-09	-8.66449554451e-05
3.48729653684e-09	-0.00011179788271
3.4913895351e-09	-0.000122808894957
3.49548253337e-09	-0.000114281072456
3.49957553163e-09	-8.56025726534e-05
3.5036685299e-09	-4.12429435528e-05
3.50776152816e-09	1.0157736142e-05
3.51185452643e-09	5.76953170821e-05
3.51594752469e-09	9.06624045456e-05
3.52004052296e-09	0.000101029312646
3.52413352122e-09	8.5433217464e-05
3.52822651949e-09	4.6228436986e-05
3.53231951775e-09	-8.64105186338e-06
3.53641251602e-09	-6.70055305818e-05
3.54050551428e-09	-0.000114846712677
3.54459851255e-09	-0.000139274838148
3.54869151081e-09	-0.000131458888063
3.55278450908e-09	-8.88752110768e-05
3.55687750734e-09	-1.63038494065e-05
3.56097050561e-09	7.47427548049e-05
3.56506350387e-09	0.000168089623912
3.56915650214e-09	0.000246093142778
3.5732495004e-09	0.000293266202789
3.57734249867e-09	0.000299559265841
3.58143549693e-09	0.000262570392806
3.5855284952e-09	0.000188226025784
3.58962149346e-09	8.97567806533e-05
3.59371449173e-09	-1.48104263644e-05
3.59780748999e-09	-0.000106158026028
3.60190048826e-09	-0.000167487596627
3.60599348652e-09	-0.000187867786735
3.61008648479e-09	-0.000164463708643
3.61417948305e-09	-0.000103166545159
3.61827248132e-09	-1.74939104909e-05
3.62236547958e-09	7.406588702e-05
3.62645847785e-09	0.000151731946971
3.63055147611e-09	0.000198397785425
3.63464447438e-09	0.000203077273909
3.63873747264e-09	0.000163127886481
3.64283047091e-09	8.47950796015e-05
3.64692346917e-09	-1.8015734895e-05
3.65101646744e-09	-0.000126484883367
3.6551094657e-09	-0.000220594316488
3.65920246397e-09	-0.00028304324951
3.66329546223e-09	-0.000302609871142
3.6673884605e-09	-0.000276277191006
3.67148145876e-09	-0.000209712219657
3.67557445703e-09	-0.00011600968719
3.67966745529e-09	-1.29701229525e-05
3.68376045356e-09	8.05216041044e-05
3.68785345182e-09	0.000148244202137
3.69194645009e-09	0.000179728725925
3.69603944835e-09	0.000172066138475
3.70013244662e-09	0.00013009137183
3.70422544488e-09	6.49868161418e-05
3.70831844314e-09	-8.32695604913e-06
3.71241144141e-09	-7.43948185118e-05
3.71650443967e-09	-0.000120350327052
3.72059743794e-09	-0.000138315896038
3.7246904362e-09	-0.000126668164739
3.72878343447e-09	-8.99807491805e-05
3.73287643273e-09	-3.77155847673e-05
3.736969431e-09	1.80204151548e-05
3.74106242926e-09	6.51841110084e-05
3.74515542753e-09	9.44045605138e-05
3.74924842579e-09	0.000100937861134
3.75334142406e-09	8.55358084664e-05
3.75743442232e-09	5.40480505151e-05
3.76152742059e-09	1.58300117619e-05
3.76562041885e-09	-1.86339239008e-05
3.76971341712e-09	-4.03148442274e-05
3.77380641538e-09	-4.37829221482e-05
3.77789941365e-09	-2.83875415334e-05
3.78199241191e-09	1.77095171239e-06
3.78608541018e-09	3.90266759496e-05
3.79017840844e-09	7.41287949495e-05
3.79427140671e-09	9.85108854366e-05
3.79836440497e-09	0.000106301085907
3.80245740324e-09	9.56384610618e-05
3.8065504015e-09	6.90387896611e-05
3.81064339977e-09	3.27850721078e-05
3.81473639803e-09	-4.52183303423e-06
3.8188293963e-09	-3.39357575285e-05
3.82292239456e-09	-4.82510004076e-05
3.82701539283e-09	-4.37754497398e-05
3.83110839109e-09	-2.13582643482e-05
3.83520138936e-09	1.35891687023e-05
3.83929438762e-09	5.21510155522e-05
3.84338738589e-09	8.38673804537e-05
3.84748038415e-09	9.91675333353e-05
3.85157338242e-09	9.17036668397e-05
3.85566638068e-09	6.00171188125e-05
3.85975937895e-09	8.10365054349e-06
3.86385237721e-09	-5.52765777684e-05
3.86794537548e-09	-0.000118385563837
3.87203837374e-09	-0.000168985061464
3.87613137201e-09	-0.000196940876776
3.88022437027e-09	-0.000196379289264
3.88431736854e-09	-0.000166944373632
3.8884103668e-09	-0.000113905429316
3.89250336507e-09	-4.71067069157e-05
3.89659636333e-09	2.10189227801e-05
3.9006893616e-09	7.79667461757e-05
3.90478235986e-09	0.000113698901259
3.90887535813e-09	0.000122684738017
3.91296835639e-09	0.000104996142909
3.91706135466e-09	6.62286911393e-05
3.92115435292e-09	1.62386440934e-05
3.92524735119e-09	-3.3031534258e-05
3.92934034945e-09	-7.01695826137e-05
3.93343334772e-09	-8.67772032507e-05
3.93752634598e-09	-7.92698774603e-05
3.94161934425e-09	-4.96046122862e-05
3.94571234251e-09	-4.77786488773e-06
3.94980534078e-09	4.47766688012e-05
3.95389833904e-09	8.75458936207e-05
3.95799133731e-09	0.000113523019536
3.96208433557e-09	0.000116473209346
3.96617733384e-09	9.53593698796e-05
3.9702703321e-09	5.46223527635e-05
3.97436333036e-09	3.22649520967e-06
3.97845632863e-09	-4.73375548609e-05
3.98254932689e-09	-8.5634928837e-05
3.98664232516e-09	-0.000102898280602
3.99073532342e-09	-9.50466346694e-05
3.99482832169e-09	-6.3654690166e-05
3.99892131995e-09	-1.5648365661e-05
4.00301431822e-09	3.81921818189e-05
4.00710731648e-09	8.55934922583e-05
4.01120031475e-09	0.00011546647147
4.01529331301e-09	0.000120346259791
4.01938631128e-09	9.80833574431e-05
4.02347930954e-09	5.24270617461e-05
4.02757230781e-09	-7.59564318287e-06
4.03166530607e-09	-6.94260670571e-05
4.03575830434e-09	-0.00011950545013
4.0398513026e-09	-0.000146118749399
4.04394430087e-09	-0.00014196849952
4.04803729913e-09	-0.000105928193079
4.0521302974e-09	-4.35417459812e-05
4.05622329566e-09	3.3893109503e-05
4.06031629393e-09	0.000111517831101
4.06440929219e-09	0.000173932785401
4.06850229046e-09	0.000208379060496
4.07259528872e-09	0.000207389879506
4.07668828699e-09	0.000170315295691
4.08078128525e-09	0.000103436774225
4.08487428352e-09	1.86715442396e-05
4.08896728178e-09	-6.87966312398e-05
4.09306028005e-09	-0.000143453202327
4.09715327831e-09	-0.000192364619579
4.10124627658e-09	-0.000207534525543
4.10533927484e-09	-0.000187293626368
4.10943227311e-09	-0.000136498536449
4.11352527137e-09	-6.55257026665e-05
4.11761826964e-09	1.17698000395e-05
4.1217112679e-09	8.07370597613e-05
4.12580426617e-09	0.00012876126857
4.12989726443e-09	0.000147656479385
4.1339902627e-09	0.000135141424835
4.13808326096e-09	9.50625399128e-05
4.14217625923e-09	3.635729081e-05
4.14626925749e-09	-2.89879317279e-05
4.15036225576e-09	-8.85008339537e-05
4.15445525402e-09	-0.000131701992359
4.15854825229e-09	-0.000151993590407
4.16264125055e-09	-0.000147594575537
4.16673424882e-09	-0.000121431599837
4.17082724708e-09	-8.01075148047e-05
4.17492024535e-09	-3.22765554301e-05
4.17901324361e-09	1.32263212436e-05
4.18310624188e-09	4.90842248837e-05
4.18719924014e-09	7.07371509634e-05
4.19129223841e-09	7.69602047512e-05
4.19538523667e-09	6.96991482982e-05
4.19947823494e-09	5.32765261596e-05
4.2035712332e-09	3.31513074343e-05
4.20766423147e-09	1.4559531337e-05
4.21175722973e-09	1.34008405439e-06
4.215850228e-09	-4.75762135466e-06
4.21994322626e-09	-4.16516195401e-06
4.22403622453e-09	1.0160574675e-06
4.22812922279e-09	7.92475839262e-06
4.23222222105e-09	1.39759231388e-05
4.23631521932e-09	1.77213769348e-05
4.24040821758e-09	1.92800398509e-05
4.24450121585e-09	2.02549817914e-05
4.24859421411e-09	2.31299181905e-05
4.25268721238e-09	3.03556898871e-05
4.25678021064e-09	4.33520617662e-05
4.26087320891e-09	6.17262703599e-05
4.26496620717e-09	8.29386699479e-05
4.26905920544e-09	0.000102565289126
4.2731522037e-09	0.000115144059237
4.27724520197e-09	0.000115450573503
4.28133820023e-09	9.99145267997e-05
4.2854311985e-09	6.77943826304e-05
4.28952419676e-09	2.18129280256e-05
4.29361719503e-09	-3.19967475662e-05
4.29771019329e-09	-8.52318189573e-05
4.30180319156e-09	-0.000128703555674
4.30589618982e-09	-0.000154315348482
4.30998918809e-09	-0.000156846013851
4.31408218635e-09	-0.000135237365612
4.31817518462e-09	-9.30963869905e-05
4.32226818288e-09	-3.82903272111e-05
4.32636118115e-09	1.83561296581e-05
4.33045417941e-09	6.50363581371e-05
4.33454717768e-09	9.12886607694e-05
4.33864017594e-09	9.0217050456e-05
4.34273317421e-09	6.0167065385e-05
4.34682617247e-09	5.42482666788e-06
4.35091917074e-09	-6.42653612886e-05
4.355012169e-09	-0.00013538118219
4.35910516727e-09	-0.000193216706975
4.36319816553e-09	-0.00022485255613
4.3672911638e-09	-0.000221886279178
4.37138416206e-09	-0.0001822886843
4.37547716033e-09	-0.000110992368718
4.37957015859e-09	-1.90664995898e-05
4.38366315686e-09	7.83193390816e-05
4.38775615512e-09	0.00016473478172
4.39184915339e-09	0.000225544077693
4.39594215165e-09	0.000250615295954
4.40003514992e-09	0.000236191117438
4.40412814818e-09	0.000185596029041
4.40822114645e-09	0.000108664993604
4.41231414471e-09	1.99539190362e-05
4.41640714298e-09	-6.39400896034e-05
4.42050014124e-09	-0.000127507504658
4.42459313951e-09	-0.000159283532412
4.42868613777e-09	-0.000154046865646
4.43277913604e-09	-0.000113786154543
4.4368721343e-09	-4.720655852e-05
4.44096513257e-09	3.21295956383e-05
4.44505813083e-09	0.000108611900941
4.4491511291e-09	0.000167724210769
4.45324412736e-09	0.000198852329049
4.45733712563e-09	0.000197165645659
4.46143012389e-09	0.000164270182722
4.46552312216e-09	0.000107557701995
4.46961612042e-09	3.84755985579e-05
4.47370911869e-09	-2.98812428809e-05
4.47780211695e-09	-8.53636302054e-05
4.48189511522e-09	-0.000119050906505
4.48598811348e-09	-0.000126812519738
4.49008111175e-09	-0.000109874061309
4.49417411001e-09	-7.43078562664e-05
4.49826710827e-09	-2.95595127682e-05
4.50236010654e-09	1.36715752888e-05
4.5064531048e-09	4.57444621134e-05
4.51054610307e-09	6.00753483013e-05
4.51463910133e-09	5.44026188436e-05
4.5187320996e-09	3.10439063469e-05
4.52282509786e-09	-3.86682722819e-06
4.52691809613e-09	-4.19510834035e-05
4.53101109439e-09	-7.45847210055e-05
4.53510409266e-09	-9.48471497395e-05
4.53919709092e-09	-9.89924592432e-05
4.54329008919e-09	-8.71474403539e-05
4.54738308745e-09	-6.31084622e-05
4.55147608572e-09	-3.33172720275e-05
4.55556908398e-09	-5.27275733475e-06
4.55966208225e-09	1.42675071402e-05
4.56375508051e-09	2.08754754567e-05
4.56784807878e-09	1.3482012946e-05
4.57194107704e-09	-5.388585123e-06
4.57603407531e-09	-3.02221651509e-05
4.58012707357e-09	-5.38158674317e-05
4.58422007184e-09	-6.89703374519e-05
4.5883130701e-09	-7.01737735653e-05
4.59240606837e-09	-5.49052165297e-05
4.59649906663e-09	-2.42716614594e-05
4.6005920649e-09	1.71455594682e-05
4.60468506316e-09	6.21866784059e-05
4.60877806143e-09	0.000102554389741
4.61287105969e-09	0.000130520027597
4.61696405796e-09	0.000140533637023
4.62105705622e-09	0.00013042674982
4.62515005449e-09	0.000101952311525
4.62924305275e-09	6.05132590863e-05
4.63333605102e-09	1.41175678436e-05
4.63742904928e-09	-2.82540349872e-05
4.64152204755e-09	-5.85260859225e-05
4.64561504581e-09	-7.12243127055e-05
4.64970804408e-09	-6.45997788524e-05
4.65380104234e-09	-4.09262684116e-05
4.65789404061e-09	-5.91111120229e-06
4.66198703887e-09	3.26085610141e-05
4.66608003714e-09	6.6361593781e-05
4.6701730354e-09	8.83302855073e-05
4.67426603367e-09	9.40823665587e-05
4.67835903193e-09	8.25108581921e-05
4.6824520302e-09	5.58955471206e-05
4.68654502846e-09	1.93372870854e-05
4.69063802673e-09	-2.02978299058e-05
4.69473102499e-09	-5.57287785341e-05
4.69882402326e-09	-8.06582684163e-05
4.70291702152e-09	-9.09811278689e-05
4.70701001979e-09	-8.55726539157e-05
4.71110301805e-09	-6.64636027068e-05
4.71519601632e-09	-3.83647275157e-05
4.71928901458e-09	-7.60065904615e-06
4.72338201285e-09	1.92980278371e-05
4.72747501111e-09	3.70069283235e-05
4.73156800938e-09	4.24821118941e-05
4.73566100764e-09	3.54514559149e-05
4.73975400591e-09	1.82390158443e-05
4.74384700417e-09	-4.97195833304e-06
4.74794000244e-09	-2.91913929686e-05
4.7520330007e-09	-4.97246546729e-05
4.75612599897e-09	-6.30518916296e-05
4.76021899723e-09	-6.7361514084e-05
4.76431199549e-09	-6.26735127298e-05
4.76840499376e-09	-5.06169490109e-05
4.77249799202e-09	-3.39362049999e-05
4.77659099029e-09	-1.58448547154e-05
4.78068398855e-09	6.4689629653e-07
4.78477698682e-09	1.33280182126e-05
4.78886998508e-09	2.11621772905e-05
4.79296298335e-09	2.43854083237e-05
4.79705598161e-09	2.42780206463e-05
4.80114897988e-09	2.26869124162e-05
4.80524197814e-09	2.14119900193e-05
4.80933497641e-09	2.16599873966e-05
4.81342797467e-09	2.37097337958e-05
4.81752097294e-09	2.689314897e-05
4.8216139712e-09	2.98894101434e-05
4.82570696947e-09	3.12063748424e-05
4.82979996773e-09	2.97185888485e-05
4.833892966e-09	2.50668708759e-05
4.83798596426e-09	1.78358895937e-05
4.84207896253e-09	9.43644317886e-06
4.84617196079e-09	1.75510058398e-06
4.85026495906e-09	-3.34904325427e-06
4.85435795732e-09	-4.56641191704e-06
4.85845095559e-09	-1.53973269335e-06
4.86254395385e-09	4.9525333452e-06
4.86663695212e-09	1.31031420096e-05
4.87072995038e-09	2.04597617994e-05
4.87482294865e-09	2.45268493018e-05
4.87891594691e-09	2.34113904298e-05
4.88300894518e-09	1.63868971867e-05
4.88710194344e-09	4.18283889303e-06
4.89119494171e-09	-1.10677419798e-05
4.89528793997e-09	-2.62272005784e-05
4.89938093824e-09	-3.78250551876e-05
4.9034739365e-09	-4.28362836828e-05
4.90756693477e-09	-3.94001472159e-05
4.91165993303e-09	-2.73194018519e-05
4.9157529313e-09	-8.24076869321e-06
4.91984592956e-09	1.4555060261e-05
4.92393892783e-09	3.670643855e-05
4.92803192609e-09	5.36219231435e-05
4.93212492436e-09	6.14496966591e-05
4.93621792262e-09	5.79845545872e-05
4.94031092089e-09	4.32868400821e-05
4.94440391915e-09	1.98269826797e-05
4.94849691742e-09	-7.92337596067e-06
4.95258991568e-09	-3.44219552062e-05
4.95668291395e-09	-5.42893867532e-05
4.96077591221e-09	-6.35648684693e-05
4.96486891048e-09	-6.06426365266e-05
4.96896190874e-09	-4.66712153866e-05
4.97305490701e-09	-2.52953650488e-05
4.97714790527e-09	-1.84260727565e-06
4.98124090354e-09	1.78668815352e-05
4.9853339018e-09	2.88003011519e-05
4.98942690007e-09	2.7813235647e-05
4.99351989833e-09	1.43818288052e-05
4.9976128966e-09	-9.18573823583e-06
5.00170589486e-09	-3.80763449357e-05
5.00579889313e-09	-6.58317730995e-05
5.00989189139e-09	-8.55970720295e-05
5.01398488966e-09	-9.15826822165e-05
5.01807788792e-09	-8.04293449619e-05
5.02217088619e-09	-5.21816582477e-05
5.02626388445e-09	-1.05879335024e-05
5.03035688271e-09	3.74218434445e-05
5.03444988098e-09	8.30241988297e-05
5.03854287924e-09	0.000117312498332
5.04263587751e-09	0.000133203968289
5.04672887577e-09	0.000127022736706
5.05082187404e-09	9.93529538391e-05
5.0549148723e-09	5.50183976884e-05
5.05900787057e-09	2.1752430257e-06
5.06310086883e-09	-4.92552062497e-05
5.0671938671e-09	-8.94837285159e-05
5.07128686536e-09	-0.000110724075057
5.07537986363e-09	-0.000108686697786
5.07947286189e-09	-8.34420497995e-05
5.08356586016e-09	-3.94858543586e-05
5.08765885842e-09	1.50124305947e-05
5.09175185669e-09	6.97046707501e-05
5.09584485495e-09	0.00011401669326
5.09993785322e-09	0.000139233190566
5.10403085148e-09	0.000140265503433
5.10812384975e-09	0.000116729504953
5.11221684801e-09	7.30836036382e-05
5.11630984628e-09	1.77605288627e-05
5.12040284454e-09	-3.85138919228e-05
5.12449584281e-09	-8.4876533947e-05
5.12858884107e-09	-0.000112487658043
5.13268183934e-09	-0.000116268100101
5.1367748376e-09	-9.58592281677e-05
5.14086783587e-09	-5.5660813814e-05
5.14496083413e-09	-3.93410164179e-06
5.1490538324e-09	4.88125042466e-05
5.15314683066e-09	9.1851426987e-05
5.15723982893e-09	0.000116292430903
5.16133282719e-09	0.000116758994409
5.16542582546e-09	9.23943734961e-05
5.16951882372e-09	4.69865990453e-05
5.17361182199e-09	-1.17846984722e-05
5.17770482025e-09	-7.38320522942e-05
5.18179781852e-09	-0.000128552579554
5.18589081678e-09	-0.000166772471857
5.18998381505e-09	-0.000182350573596
5.19407681331e-09	-0.000173170919879
5.19816981158e-09	-0.000141367068863
5.20226280984e-09	-9.27642395254e-05
5.20635580811e-09	-3.56886193913e-05
5.21044880637e-09	2.06338118005e-05
5.21454180464e-09	6.77624848322e-05
5.2186348029e-09	9.95171358227e-05
5.22272780117e-09	0.000112941990665
5.22682079943e-09	0.000108606909635
5.2309137977e-09	9.01932871784e-05
5.23500679596e-09	6.34874668322e-05
5.23909979423e-09	3.50394620909e-05
5.24319279249e-09	1.07949617814e-05
5.24728579076e-09	-4.98993176734e-06
5.25137878902e-09	-1.03567290353e-05
5.25547178729e-09	-5.70382962906e-06
5.25956478555e-09	6.61471676722e-06
5.26365778382e-09	2.30064051721e-05
5.26775078208e-09	3.94570015487e-05
5.27184378035e-09	5.22992086189e-05
5.27593677861e-09	5.88142975175e-05
5.28002977688e-09	5.7600242144e-05
5.28412277514e-09	4.86957542307e-05
5.2882157734e-09	3.34362048307e-05
5.29230877167e-09	1.4086599549e-05
5.29640176993e-09	-6.68364236844e-06
5.3004947682e-09	-2.63672518486e-05
5.30458776646e-09	-4.30795844295e-05
5.30868076473e-09	-5.5785265431e-05
5.31277376299e-09	-6.42413942842e-05
5.31686676126e-09	-6.86869389028e-05
5.32095975952e-09	-6.94270711392e-05
5.32505275779e-09	-6.65007246425e-05
5.32914575605e-09	-5.95644378336e-05
5.33323875432e-09	-4.80653361592e-05
5.33733175258e-09	-3.16257246595e-05
5.34142475085e-09	-1.04831151475e-05
5.34551774911e-09	1.41758973768e-05
5.34961074738e-09	4.01366742153e-05
5.35370374564e-09	6.4365529397e-05
5.35779674391e-09	8.34531820146e-05
5.36188974217e-09	9.41924081417e-05
5.36598274044e-09	9.41625912674e-05
5.3700757387e-09	8.22247457108e-05
5.37416873697e-09	5.88563561905e-05
5.37826173523e-09	2.62708526861e-05
5.3823547335e-09	-1.17250910989e-05
5.38644773176e-09	-5.01526519656e-05
5.39054073003e-09	-8.35567043396e-05
5.39463372829e-09	-0.000106888503069
5.39872672656e-09	-0.000116430805065
5.40281972482e-09	-0.000110561479232
5.40691272309e-09	-9.01555613382e-05
5.41100572135e-09	-5.85081361351e-05
5.41509871962e-09	-2.07583798328e-05
5.41919171788e-09	1.7054440832e-05
5.42328471615e-09	4.91091050208e-05
5.42737771441e-09	7.08457882865e-05
5.43147071268e-09	7.97323009465e-05
5.43556371094e-09	7.56185036153e-05
5.43965670921e-09	6.06398534728e-05
5.44374970747e-09	3.87211039197e-05
5.44784270574e-09	1.4785699932e-05
5.451935704e-09	-6.17743717157e-06
5.45602870227e-09	-2.00288886845e-05
5.46012170053e-09	-2.42084133788e-05
5.4642146988e-09	-1.81610139407e-05
5.46830769706e-09	-3.36806260748e-06
5.47240069533e-09	1.69956128957e-05
5.47649369359e-09	3.8714344555e-05
5.48058669186e-09	5.73515935685e-05
5.48467969012e-09	6.90623564878e-05
5.48877268839e-09	7.12555047357e-05
5.49286568665e-09	6.29898131592e-05
5.49695868492e-09	4.5056003728e-05
5.50105168318e-09	1.97627341549e-05
5.50514468145e-09	-9.51460151555e-06
5.50923767971e-09	-3.89423657907e-05
5.51333067798e-09	-6.48583300062e-05
5.51742367624e-09	-8.43357047415e-05
5.52151667451e-09	-9.55583673203e-05
5.52560967277e-09	-9.79553733487e-05
5.52970267104e-09	-9.20914826565e-05
5.5337956693e-09	-7.93646468082e-05
5.53788866757e-09	-6.16228717263e-05
5.54198166583e-09	-4.08148516726e-05
5.5460746641e-09	-1.87653404282e-05
5.55016766236e-09	2.90920911539e-06
5.55426066062e-09	2.27718428505e-05
5.55835365889e-09	3.95313545596e-05
5.56244665715e-09	5.20477478858e-05
5.56653965542e-09	5.9437523305e-05
5.57063265368e-09	6.12276780885e-05
5.57472565195e-09	5.74995210627e-05
5.57881865021e-09	4.89597441629e-05
5.58291164848e-09	3.68844266632e-05
5.58700464674e-09	2.29696961469e-05
5.59109764501e-09	9.10879225557e-06
5.59519064327e-09	-2.83314602711e-06
5.59928364154e-09	-1.12471025204e-05
5.6033766398e-09	-1.49804536704e-05
5.60746963807e-09	-1.35431691888e-05
5.61156263633e-09	-7.27120641386e-06
5.6156556346e-09	2.59664193436e-06
5.61974863286e-09	1.40051724884e-05
5.62384163113e-09	2.44010152528e-05
5.62793462939e-09	3.12418924295e-05
5.63202762766e-09	3.26269982907e-05
5.63612062592e-09	2.78335828625e-05
5.64021362419e-09	1.76168523467e-05
5.64430662245e-09	4.11468090533e-06
5.64839962072e-09	-9.61710702541e-06
5.65249261898e-09	-2.03338950087e-05
5.65658561725e-09	-2.53980470006e-05
5.66067861551e-09	-2.34270628425e-05
5.66477161378e-09	-1.46540496644e-05
5.66886461204e-09	-9.1810397862e-07
5.67295761031e-09	1.46650309034e-05
5.67705060857e-09	2.83058434434e-05
5.68114360684e-09	3.62629652955e-05
5.6852366051e-09	3.56157470378e-05
5.68932960337e-09	2.49341883318e-05
5.69342260163e-09	4.73705313198e-06
5.6975155999e-09	-2.23826555157e-05
5.70160859816e-09	-5.20627036167e-05
5.70570159643e-09	-7.88915713201e-05
5.70979459469e-09	-9.74665599642e-05
5.71388759296e-09	-0.000103557213151
5.71798059122e-09	-9.51299734879e-05
5.72207358949e-09	-7.29403618607e-05
5.72616658775e-09	-4.05472819693e-05
5.73025958602e-09	-3.68834480469e-06
5.73435258428e-09	3.08362577925e-05
5.73844558255e-09	5.65488589928e-05
5.74253858081e-09	6.8651890615e-05
5.74663157908e-09	6.50575893815e-05
5.75072457734e-09	4.69046572107e-05
5.75481757561e-09	1.84178825293e-05
5.75891057387e-09	-1.38438308568e-05
5.76300357214e-09	-4.22462908318e-05
5.7670965704e-09	-5.96027603024e-05
5.77118956867e-09	-6.06889043411e-05
5.77528256693e-09	-4.34214962297e-05
5.7793755652e-09	-9.46138334257e-06
5.78346856346e-09	3.59264740837e-05
5.78756156173e-09	8.47598639666e-05
5.79165455999e-09	0.000127803126816
5.79574755826e-09	0.000156357404194
5.79984055652e-09	0.000163992750458
5.80393355479e-09	0.000147908387589
5.80802655305e-09	0.000109616405098
5.81211955132e-09	5.48243478988e-05
5.81621254958e-09	-7.50134995542e-06
5.82030554784e-09	-6.67285639793e-05
5.82439854611e-09	-0.000112532055937
5.82849154437e-09	-0.000136876129545
5.83258454264e-09	-0.000135606940603
5.8366775409e-09	-0.000109329615952
5.84077053917e-09	-6.334639329e-05
5.84486353743e-09	-6.67849963065e-06
5.8489565357e-09	4.96742504765e-05
5.85304953396e-09	9.48405941017e-05
5.85714253223e-09	0.000120139928185
5.86123553049e-09	0.000120676450024
5.86532852876e-09	9.61701152846e-05
5.86942152702e-09	5.09129095008e-05
5.87351452529e-09	-7.10738640919e-06
5.87760752355e-09	-6.77091738908e-05
5.88170052182e-09	-0.000120377932035
5.88579352008e-09	-0.000156141730258
5.88988651835e-09	-0.000169169783476
5.89397951661e-09	-0.00015779142268
5.89807251488e-09	-0.00012476235861
5.90216551314e-09	-7.66892917454e-05
5.90625851141e-09	-2.27075070143e-05
5.91035150967e-09	2.73399946309e-05
5.91444450794e-09	6.48531568004e-05
5.9185375062e-09	8.4114530182e-05
5.92263050447e-09	8.32869773149e-05
5.92672350273e-09	6.45522377454e-05
5.930816501e-09	3.34257056238e-05
5.93490949926e-09	-2.54988140114e-06
5.93900249753e-09	-3.53958530468e-05
5.94309549579e-09	-5.82313732593e-05
5.94718849406e-09	-6.64549006615e-05
5.95128149232e-09	-5.84160879953e-05
5.95537449059e-09	-3.5523364204e-05
5.95946748885e-09	-1.82239728019e-06
5.96356048712e-09	3.68329783669e-05
5.96765348538e-09	7.38917806302e-05
5.97174648365e-09	0.000103296333691
5.97583948191e-09	0.000120557757327
5.97993248018e-09	0.000123505466036
5.98402547844e-09	0.000112557900138
5.98811847671e-09	9.04569169506e-05
5.99221147497e-09	6.15392782493e-05
5.99630447324e-09	3.07315167447e-05
6.0003974715e-09	2.53382677329e-06
6.00449046977e-09	-1.97646677407e-05
6.00858346803e-09	-3.44840882462e-05
6.0126764663e-09	-4.15209287894e-05
6.01676946456e-09	-4.19948191848e-05
6.02086246283e-09	-3.77107353415e-05
6.02495546109e-09	-3.06199908664e-05
6.02904845936e-09	-2.24077848543e-05
6.03314145762e-09	-1.42637381941e-05
6.03723445589e-09	-6.84464794176e-06
6.04132745415e-09	-3.87991917705e-07
6.04542045242e-09	5.088695616e-06
6.04951345068e-09	9.56191524892e-06
6.05360644895e-09	1.28120573208e-05
6.05769944721e-09	1.43437655424e-05
6.06179244548e-09	1.34367455757e-05
6.06588544374e-09	9.34610125114e-06
6.06997844201e-09	1.59854789672e-06
6.07407144027e-09	-9.70316796156e-06
6.07816443853e-09	-2.36665600823e-05
6.0822574368e-09	-3.858715354e-05
6.08635043506e-09	-5.21531692357e-05
6.09044343333e-09	-6.18615449639e-05
6.09453643159e-09	-6.55497424304e-05
6.09862942986e-09	-6.19244965492e-05
6.10272242812e-09	-5.0956819905e-05
6.10681542639e-09	-3.40383812727e-05
6.11090842465e-09	-1.38441082527e-05
6.11500142292e-09	6.1012324295e-06
6.11909442118e-09	2.20838883251e-05
6.12318741945e-09	3.09721726808e-05
6.12728041771e-09	3.09286551783e-05
6.13137341598e-09	2.19059529627e-05
6.13546641424e-09	5.77801984036e-06
6.13955941251e-09	-1.39544536069e-05
6.14365241077e-09	-3.28419846483e-05
6.14774540904e-09	-4.64149707113e-05
6.1518384073e-09	-5.11314356118e-05
6.15593140557e-09	-4.51409359812e-05
6.16002440383e-09	-2.86779068119e-05
6.1641174021e-09	-4.01998659072e-06
6.16821040036e-09	2.49598160735e-05
6.17230339863e-09	5.35416038474e-05
6.17639639689e-09	7.70378974266e-05
6.18048939516e-09	9.16538774618e-05
6.18458239342e-09	9.51808178797e-05
6.18867539169e-09	8.74164834386e-05
6.19276838995e-09	7.02185134287e-05
6.19686138822e-09	4.7175315558e-05
6.20095438648e-09	2.28971784964e-05
6.20504738475e-09	2.06389813684e-06
6.20914038301e-09	-1.15802940854e-05
6.21323338128e-09	-1.60609724844e-05
6.21732637954e-09	-1.15839520731e-05
6.22141937781e-09	-4.29017745773e-07
6.22551237607e-09	1.36771031976e-05
6.22960537434e-09	2.6525787689e-05
6.2336983726e-09	3.4471260733e-05
6.23779137087e-09	3.52716742782e-05
6.24188436913e-09	2.85416608676e-05
6.2459773674e-09	1.57293634402e-05
6.25007036566e-09	-3.24972916133e-07
6.25416336393e-09	-1.60968920682e-05
6.25825636219e-09	-2.8203427064e-05
6.26234936046e-09	-3.41494887834e-05
6.26644235872e-09	-3.29001195496e-05
6.27053535699e-09	-2.51570963883e-05
6.27462835525e-09	-1.32948634928e-05
6.27872135352e-09	-9.29037923925e-07
6.28281435178e-09	7.83948416938e-06
6.28690735005e-09	9.37509867072e-06
6.29100034831e-09	1.4567249309e-06
6.29509334658e-09	-1.60260715347e-05
6.29918634484e-09	-4.08260784752e-05
6.30327934311e-09	-6.86675557517e-05
6.30737234137e-09	-9.40838872339e-05
6.31146533964e-09	-0.000111595800263
6.3155583379e-09	-0.000116925599286
6.31965133617e-09	-0.000107963409391
6.32374433443e-09	-8.52589000715e-05
6.3278373327e-09	-5.19430941495e-05
6.33193033096e-09	-1.31244041768e-05
6.33602332923e-09	2.51032088272e-05
6.34011632749e-09	5.68167088204e-05
6.34420932575e-09	7.73806605139e-05
6.34830232402e-09	8.43009256641e-05
6.35239532228e-09	7.76754459366e-05
6.35648832055e-09	6.0143716837e-05
6.36058131881e-09	3.63422004739e-05
6.36467431708e-09	1.19457417895e-05
6.36876731534e-09	-7.5025982369e-06
6.37286031361e-09	-1.77467300091e-05
6.37695331187e-09	-1.66964036907e-05
6.38104631014e-09	-4.82616269437e-06
6.3851393084e-09	1.49713732753e-05
6.38923230667e-09	3.80706514989e-05
6.39332530493e-09	5.91528805671e-05
6.3974183032e-09	7.33858905733e-05
6.40151130146e-09	7.74745712988e-05
6.40560429973e-09	7.03711120877e-05
6.40969729799e-09	5.34820719622e-05
6.41379029626e-09	3.03539982269e-05
6.41788329452e-09	5.8859368437e-06
6.42197629279e-09	-1.47599985212e-05
6.42606929105e-09	-2.72980105365e-05
6.43016228932e-09	-2.92844506475e-05
6.43425528758e-09	-2.0644891265e-05
6.43834828585e-09	-3.68185283151e-06
6.44244128411e-09	1.74659398908e-05
6.44653428238e-09	3.77584146918e-05
6.45062728064e-09	5.23676426383e-05
6.45472027891e-09	5.77037571929e-05
6.45881327717e-09	5.21366455359e-05
6.46290627544e-09	3.62797909474e-05
6.4669992737e-09	1.27981902551e-05
6.47109227197e-09	-1.41677046486e-05
6.47518527023e-09	-3.98759148084e-05
6.4792782685e-09	-5.9939455241e-05
6.48337126676e-09	-7.12311448297e-05
6.48746426503e-09	-7.25310383132e-05
6.49155726329e-09	-6.47904817015e-05
6.49565026156e-09	-5.09292731294e-05
6.49974325982e-09	-3.51700437022e-05
6.50383625809e-09	-2.20472102228e-05
6.50792925635e-09	-1.52971133502e-05
6.51202225462e-09	-1.69382710737e-05
6.51611525288e-09	-2.67541690846e-05
6.52020825115e-09	-4.23540041083e-05
6.52430124941e-09	-5.97590551479e-05
6.52839424768e-09	-7.43702694308e-05
6.53248724594e-09	-8.20417044451e-05
6.53658024421e-09	-7.99975387054e-05
6.54067324247e-09	-6.73937320244e-05
6.54476624074e-09	-4.54306245956e-05
6.548859239e-09	-1.70638559212e-05
6.55295223727e-09	1.36163953357e-05
6.55704523553e-09	4.21659569838e-05
6.5611382338e-09	6.46220069029e-05
6.56523123206e-09	7.82322895247e-05
6.56932423033e-09	8.19652777864e-05
6.57341722859e-09	7.66881348682e-05
6.57751022686e-09	6.49492358207e-05
6.58160322512e-09	5.03757983097e-05
6.58569622339e-09	3.67996835848e-05
6.58978922165e-09	2.73238820228e-05
6.59388221992e-09	2.35642437474e-05
6.59797521818e-09	2.53103953582e-05
6.60206821645e-09	3.06728034047e-05
6.60616121471e-09	3.67067696061e-05
6.61025421297e-09	4.03055128118e-05
6.61434721124e-09	3.91137509723e-05
6.6184402095e-09	3.22155319736e-05
6.62253320777e-09	2.04156585824e-05
6.62662620603e-09	6.07086349191e-06
6.6307192043e-09	-7.46688056097e-06
6.63481220256e-09	-1.66477948369e-05
6.63890520083e-09	-1.85923618119e-05
6.64299819909e-09	-1.18240131997e-05
6.64709119736e-09	3.24924803863e-06
6.65118419562e-09	2.42484675255e-05
6.65527719389e-09	4.71537678095e-05
6.65937019215e-09	6.70228619128e-05
6.66346319042e-09	7.89865662227e-05
6.66755618868e-09	7.93071230873e-05
6.67164918695e-09	6.62751554046e-05
6.67574218521e-09	4.07096777053e-05
6.67983518348e-09	5.92917240283e-06
6.68392818174e-09	-3.28454989358e-05
6.68802118001e-09	-6.95188937243e-05
6.69211417827e-09	-9.83789213933e-05
6.69620717654e-09	-0.000115286362416
6.7003001748e-09	-0.000118540723633
6.70439317307e-09	-0.00010922880756
6.70848617133e-09	-9.09632799448e-05
6.7125791696e-09	-6.90739616402e-05
6.71667216786e-09	-4.93950101372e-05
6.72076516613e-09	-3.69255430996e-05
6.72485816439e-09	-3.4637945646e-05
6.72895116266e-09	-4.2723822844e-05
6.73304416092e-09	-5.84588597121e-05
6.73713715919e-09	-7.67464807723e-05
6.74123015745e-09	-9.12391988095e-05
6.74532315572e-09	-9.57874726737e-05
6.74941615398e-09	-8.58991261339e-05
6.75350915225e-09	-5.98686601734e-05
6.75760215051e-09	-1.93374216906e-05
6.76169514878e-09	3.0850089388e-05
6.76578814704e-09	8.34580205265e-05
6.76988114531e-09	0.00013019220205
6.77397414357e-09	0.000163291289937
6.77806714184e-09	0.00017707956431
6.7821601401e-09	0.000169187100255
6.78625313837e-09	0.000141167169204
6.79034613663e-09	9.83672871371e-05
6.7944391349e-09	4.90086968057e-05
6.79853213316e-09	2.61552486336e-06
6.80262513143e-09	-3.19030114042e-05
6.80671812969e-09	-4.81216848129e-05
6.81081112796e-09	-4.34897883679e-05
6.81490412622e-09	-1.99052519747e-05
6.81899712449e-09	1.66679365066e-05
6.82309012275e-09	5.7462562836e-05
6.82718312102e-09	9.27652581595e-05
6.83127611928e-09	0.000113936788694
6.83536911755e-09	0.000115180984722
6.83946211581e-09	9.47100270423e-05
6.84355511408e-09	5.51020857529e-05
6.84764811234e-09	2.82574478661e-06
6.85174111061e-09	-5.29734606971e-05
6.85583410887e-09	-0.000102193618659
6.85992710714e-09	-0.000135706184665
6.8640201054e-09	-0.000147158745676
6.86811310367e-09	-0.000134301895741
6.87220610193e-09	-9.95567679638e-05
6.87629910019e-09	-4.96596403536e-05
6.88039209846e-09	5.598181815e-06
6.88448509672e-09	5.5296208302e-05
6.88857809499e-09	8.95795674296e-05
6.89267109325e-09	0.000101643548987
6.89676409152e-09	8.90629453352e-05
6.90085708978e-09	5.41975750821e-05
6.90495008805e-09	3.61114643965e-06
6.90904308631e-09	-5.33239181095e-05
6.91313608458e-09	-0.000106299085019
6.91722908284e-09	-0.0001460245403
6.92132208111e-09	-0.000165893638041
6.92541507937e-09	-0.000163066230016
6.92950807764e-09	-0.000138820149004
6.9336010759e-09	-9.81392586255e-05
6.93769407417e-09	-4.86357421323e-05
6.94178707243e-09	9.79944161372e-07
6.9458800707e-09	4.26030201197e-05
6.94997306896e-09	7.02707329765e-05
6.95406606723e-09	8.12342623249e-05
6.95815906549e-09	7.63280477258e-05
6.96225206376e-09	5.95793644607e-05
6.96634506202e-09	3.71516980522e-05
6.97043806029e-09	1.5875477402e-05
6.97453105855e-09	1.71640203916e-06
6.97862405682e-09	-1.48768413055e-06
6.98271705508e-09	7.25142945157e-06
6.98681005335e-09	2.60050874203e-05
6.99090305161e-09	5.05018215335e-05
6.99499604988e-09	7.51593470341e-05
6.99908904814e-09	9.43587656366e-05
7.00318204641e-09	0.000103659600427
7.00727504467e-09	0.000100718752947
7.01136804294e-09	8.57355844346e-05
7.0154610412e-09	6.13273005001e-05
7.01955403947e-09	3.1905794458e-05
7.02364703773e-09	2.67809082288e-06
7.027740036e-09	-2.1467476472e-05
7.03183303426e-09	-3.69645131286e-05
7.03592603253e-09	-4.22229713877e-05
7.04001903079e-09	-3.78281110898e-05
7.04411202906e-09	-2.62628946075e-05
7.04820502732e-09	-1.12500756586e-05
7.05229802559e-09	3.11369512929e-06
7.05639102385e-09	1.32530876726e-05
7.06048402212e-09	1.68322585523e-05
7.06457702038e-09	1.31972446979e-05
7.06867001865e-09	3.41918530467e-06
7.07276301691e-09	-1.00256893347e-05
7.07685601518e-09	-2.39002838498e-05
7.08094901344e-09	-3.50262707798e-05
7.08504201171e-09	-4.107829227e-05
7.08913500997e-09	-4.116925993e-05
7.09322800824e-09	-3.60483463737e-05
7.0973210065e-09	-2.78669194813e-05
7.10141400477e-09	-1.9551916921e-05
7.10550700303e-09	-1.39899511851e-05
7.1096000013e-09	-1.32240420498e-05
7.11369299956e-09	-1.79157668754e-05
7.11778599783e-09	-2.718153155e-05
7.12187899609e-09	-3.88277294405e-05
7.12597199436e-09	-4.98952140333e-05
7.13006499262e-09	-5.73412689846e-05
7.13415799088e-09	-5.8717407228e-05
7.13825098915e-09	-5.26858457306e-05
7.14234398741e-09	-3.93234222429e-05
7.14643698568e-09	-2.01540879061e-05
7.15052998394e-09	2.0788522761e-06
7.15462298221e-09	2.38915527007e-05
7.15871598047e-09	4.17225601268e-05
7.16280897874e-09	5.26777221239e-05
7.166901977e-09	5.51890843781e-05
7.17099497527e-09	4.9418395065e-05
7.17508797353e-09	3.7278419768e-05
7.1791809718e-09	2.20131405513e-05
7.18327397006e-09	7.44821772969e-06
7.18736696833e-09	-2.9154598451e-06
7.19145996659e-09	-6.70155895932e-06
7.19555296486e-09	-3.150651537e-06
7.19964596312e-09	6.81267920299e-06
7.20373896139e-09	2.09064310184e-05
7.20783195965e-09	3.60969534086e-05
7.21192495792e-09	4.92995168315e-05
7.21601795618e-09	5.80046944378e-05
7.22011095445e-09	6.07203037362e-05
7.22420395271e-09	5.71657365072e-05
7.22829695098e-09	4.82334435219e-05
7.23238994924e-09	3.57292265107e-05
7.23648294751e-09	2.19661123992e-05
7.24057594577e-09	9.2523823696e-06
7.24466894404e-09	-6.03308762948e-07
7.2487619423e-09	-6.67422273182e-06
7.25285494057e-09	-9.08096808416e-06
7.25694793883e-09	-8.87562600838e-06
7.2610409371e-09	-7.67321580497e-06
7.26513393536e-09	-7.11949996912e-06
7.26922693363e-09	-8.36503022583e-06
7.27331993189e-09	-1.16945611808e-05
7.27741293016e-09	-1.6454996512e-05
7.28150592842e-09	-2.12741160794e-05
7.28559892669e-09	-2.45340925176e-05
7.28969192495e-09	-2.49362710747e-05
7.29378492322e-09	-2.20012552745e-05
7.29787792148e-09	-1.63624972629e-05
7.30197091975e-09	-9.74534123088e-06
7.30606391801e-09	-4.64240110887e-06
7.31015691628e-09	-3.71861096937e-06
7.31424991454e-09	-9.09574555408e-06
7.31834291281e-09	-2.16592125071e-05
7.32243591107e-09	-4.05782047892e-05
7.32652890934e-09	-6.3171974034e-05
7.3306219076e-09	-8.52185985423e-05
7.33471490587e-09	-0.00010167225264
7.33880790413e-09	-0.000107672298327
7.3429009024e-09	-9.96467570076e-05
7.34699390066e-09	-7.62383206165e-05
7.35108689893e-09	-3.88692023989e-05
7.35517989719e-09	8.23886966828e-06
7.35927289546e-09	5.86051501159e-05
7.36336589372e-09	0.000104523052869
7.36745889199e-09	0.000138411807711
7.37155189025e-09	0.000154250257765
7.37564488852e-09	0.000148819439346
7.37973788678e-09	0.000122504527098
7.38383088505e-09	7.9463570728e-05
7.38792388331e-09	2.70552245638e-05
7.39201688158e-09	-2.54022561421e-05
7.39610987984e-09	-6.8361099693e-05
7.4002028781e-09	-9.39102174016e-05
7.40429587637e-09	-9.73921414698e-05
7.40838887463e-09	-7.83963332651e-05
7.4124818729e-09	-4.08978994528e-05
7.41657487116e-09	7.50107210479e-06
7.42066786943e-09	5.70681222598e-05
7.42476086769e-09	9.78441239567e-05
7.42885386596e-09	0.000121571691125
7.43294686422e-09	0.000123264981085
7.43703986249e-09	0.000102149439044
7.44113286075e-09	6.18118501734e-05
7.44522585902e-09	9.55784526013e-06
7.44931885728e-09	-4.49264807685e-05
7.45341185555e-09	-9.13759577088e-05
7.45750485381e-09	-0.000120911114209
7.46159785208e-09	-0.00012780414545
7.46569085034e-09	-0.000110681066872
7.46978384861e-09	-7.28898157831e-05
7.47387684687e-09	-2.18939603656e-05
7.47796984514e-09	3.22000814776e-05
7.4820628434e-09	7.86962191341e-05
7.48615584167e-09	0.000108483487566
7.49024883993e-09	0.000115854665637
7.4943418382e-09	9.95796726784e-05
7.49843483646e-09	6.30335562164e-05
7.50252783473e-09	1.33936318889e-05
7.50662083299e-09	-3.98702322855e-05
7.51071383126e-09	-8.68697097758e-05
7.51480682952e-09	-0.000119179436297
7.51889982779e-09	-0.000131358014187
7.52299282605e-09	-0.0001218841644
7.52708582432e-09	-9.33435221668e-05
7.53117882258e-09	-5.18394772371e-05
7.53527182085e-09	-5.74660225539e-06
7.53936481911e-09	3.59808072972e-05
7.54345781738e-09	6.56123593217e-05
7.54755081564e-09	7.81881535659e-05
7.55164381391e-09	7.24710043869e-05
7.55573681217e-09	5.11000762344e-05
7.55982981044e-09	1.9894909201e-05
7.5639228087e-09	-1.3499619854e-05
7.56801580697e-09	-4.13210982515e-05
7.57210880523e-09	-5.73584547965e-05
7.5762018035e-09	-5.82078137086e-05
7.58029480176e-09	-4.38847273472e-05
7.58438780003e-09	-1.76792927959e-05
7.58848079829e-09	1.46549482452e-05
7.59257379656e-09	4.61906965938e-05
7.59666679482e-09	7.03078112565e-05
7.60075979309e-09	8.2066799223e-05
7.60485279135e-09	7.9205041402e-05
7.60894578962e-09	6.25577376923e-05
7.61303878788e-09	3.58313081961e-05
7.61713178615e-09	4.77495996165e-06
7.62122478441e-09	-2.40535628109e-05
7.62531778268e-09	-4.46794692834e-05
7.62941078094e-09	-5.29416211066e-05
7.63350377921e-09	-4.73161308037e-05
7.63759677747e-09	-2.91654851026e-05
7.64168977574e-09	-2.37863196162e-06
7.645782774e-09	2.74902558886e-05
7.64987577227e-09	5.43995665794e-05
7.65396877053e-09	7.30517785996e-05
7.6580617688e-09	7.99463305157e-05
7.66215476706e-09	7.4023817433e-05
7.66624776532e-09	5.67914066778e-05
7.67034076359e-09	3.19020909956e-05
7.67443376185e-09	4.27829490945e-06
7.67852676012e-09	-2.10121288546e-05
7.68261975838e-09	-3.98765878344e-05
7.68671275665e-09	-5.00472524436e-05
7.69080575491e-09	-5.14600833412e-05
7.69489875318e-09	-4.60826668132e-05
7.69899175144e-09	-3.72748290829e-05
7.70308474971e-09	-2.88467181235e-05
7.70717774797e-09	-2.40831031988e-05
7.71127074624e-09	-2.49613258347e-05
7.7153637445e-09	-3.17175945383e-05
7.71945674277e-09	-4.2839525122e-05
7.72354974103e-09	-5.54349899176e-05
7.7276427393e-09	-6.58808858134e-05
7.73173573756e-09	-7.06219580024e-05
7.73582873583e-09	-6.69685105095e-05
7.73992173409e-09	-5.37482992513e-05
7.74401473236e-09	-3.16861187457e-05
7.74810773062e-09	-3.39258212989e-06
7.75220072889e-09	2.70606542472e-05
7.75629372715e-09	5.4936925153e-05
7.76038672542e-09	7.58379464969e-05
7.76447972368e-09	8.66735426825e-05
7.76857272195e-09	8.63516615937e-05
7.77266572021e-09	7.59926988394e-05
7.77675871848e-09	5.86125497648e-05
7.78085171674e-09	3.83688566217e-05
7.78494471501e-09	1.95818502107e-05
7.78903771327e-09	5.77879018238e-06
7.79313071154e-09	-9.95170012175e-07
7.7972237098e-09	-4.98102053825e-07
7.80131670807e-09	5.80072992307e-06
7.80540970633e-09	1.51445337906e-05
7.8095027046e-09	2.41296656895e-05
7.81359570286e-09	2.94459277939e-05
7.81768870113e-09	2.85816458927e-05
7.82178169939e-09	2.03923045774e-05
7.82587469766e-09	5.41155668543e-06
7.82996769592e-09	-1.41546861414e-05
7.83406069419e-09	-3.48136527464e-05
7.83815369245e-09	-5.24762072018e-05
7.84224669072e-09	-6.33385207038e-05
7.84633968898e-09	-6.47436827421e-05
7.85043268725e-09	-5.58064493816e-05
7.85452568551e-09	-3.76485841116e-05
7.85861868378e-09	-1.31754004542e-05
7.86271168204e-09	1.35194395625e-05
7.86680468031e-09	3.79912344215e-05
7.87089767857e-09	5.62795976293e-05
7.87499067684e-09	6.56003394397e-05
7.8790836751e-09	6.47464185022e-05
7.88317667337e-09	5.41694134881e-05
7.88726967163e-09	3.57752323907e-05
7.8913626699e-09	1.24877196868e-05
7.89545566816e-09	-1.23020945466e-05
7.89954866643e-09	-3.53200375685e-05
7.90364166469e-09	-5.39026368642e-05
7.90773466296e-09	-6.63470709696e-05
7.91182766122e-09	-7.20326861483e-05
7.91592065949e-09	-7.13367771823e-05
7.92001365775e-09	-6.53619426885e-05
7.92410665601e-09	-5.5572410929e-05
7.92819965428e-09	-4.34455323557e-05
7.93229265254e-09	-3.02037606161e-05
7.93638565081e-09	-1.67086582223e-05
7.94047864907e-09	-3.4770637285e-06
7.94457164734e-09	9.18728437682e-06
7.9486646456e-09	2.10332218558e-05
7.95275764387e-09	3.17266276397e-05
7.95685064213e-09	4.07936895499e-05
7.9609436404e-09	4.7657853429e-05
7.96503663866e-09	5.17736589245e-05
7.96912963693e-09	5.28216369275e-05
7.97322263519e-09	5.08982593601e-05
7.97731563346e-09	4.66521705675e-05
7.98140863172e-09	4.12587396568e-05
7.98550162999e-09	3.62253704225e-05
7.98959462825e-09	3.30212169501e-05
7.99368762652e-09	3.26194494846e-05
7.99778062478e-09	3.50847112713e-05
8.00187362305e-09	3.93506634282e-05
8.00596662131e-09	4.32958040619e-05
8.01005961958e-09	4.41413321823e-05
8.01415261784e-09	3.91019311792e-05
8.01824561611e-09	2.61228633462e-05
8.02233861437e-09	4.53589927929e-06
8.02643161264e-09	-2.45395494858e-05
8.0305246109e-09	-5.813581447e-05
8.03461760917e-09	-9.17534998734e-05
8.03871060743e-09	-0.000120000549941
8.0428036057e-09	-0.000137474213261
8.04689660396e-09	-0.000139757816214
8.05098960223e-09	-0.000124375801533
8.05508260049e-09	-9.15407435969e-05
8.05917559876e-09	-4.4496897317e-05
8.06326859702e-09	1.0679150364e-05
8.06736159529e-09	6.58848657622e-05
8.07145459355e-09	0.000112317036837
8.07554759182e-09	0.000142100456287
8.07964059008e-09	0.000149866886204
8.08373358835e-09	0.000133934969199
8.08782658661e-09	9.67894229689e-05
8.09191958488e-09	4.47335405624e-05
8.09601258314e-09	-1.32196455525e-05
8.10010558141e-09	-6.69944420224e-05
8.10419857967e-09	-0.000107289451989
8.10829157794e-09	-0.000127274804981
8.1123845762e-09	-0.00012382704881
8.11647757447e-09	-9.81113116723e-05
8.12057057273e-09	-5.54048165213e-05
8.124663571e-09	-4.18101126343e-06
8.12875656926e-09	4.54191031167e-05
8.13284956753e-09	8.34840029711e-05
8.13694256579e-09	0.000102273130324
8.14103556406e-09	9.78251337074e-05
8.14512856232e-09	7.08656807547e-05
8.14922156059e-09	2.68079093075e-05
8.15331455885e-09	-2.52326572081e-05
8.15740755712e-09	-7.42139091017e-05
8.16150055538e-09	-0.00010937940533
8.16559355365e-09	-0.000122446479509
8.16968655191e-09	-0.000109304855869
8.17377955018e-09	-7.08907682565e-05
8.17787254844e-09	-1.30718290166e-05
8.18196554671e-09	5.44091126358e-05
8.18605854497e-09	0.000119724674732
8.19015154323e-09	0.000171132502146
8.1942445415e-09	0.00019913885626
8.19833753976e-09	0.000198255613213
8.20243053803e-09	0.000168036101968
8.20652353629e-09	0.000113189467811
8.21061653456e-09	4.27368468081e-05
8.21470953282e-09	-3.16357036354e-05
8.21880253109e-09	-9.77362578851e-05
8.22289552935e-09	-0.000145105295815
8.22698852762e-09	-0.000166910904227
8.23108152588e-09	-0.000161128671607
8.23517452415e-09	-0.000130783315399
8.23926752241e-09	-8.32277000882e-05
8.24336052068e-09	-2.86203194264e-05
8.24745351894e-09	2.20913461817e-05
8.25154651721e-09	5.92829201196e-05
8.25563951547e-09	7.64543365221e-05
8.25973251374e-09	7.13895569788e-05
8.263825512e-09	4.64493787149e-05
8.26791851027e-09	7.9618403106e-06
8.27201150853e-09	-3.51596027031e-05
8.2761045068e-09	-7.32799380785e-05
8.28019750506e-09	-9.80014810921e-05
8.28429050333e-09	-0.000103818500065
8.28838350159e-09	-8.91371964826e-05
8.29247649986e-09	-5.64876718272e-05
8.29656949812e-09	-1.19210562843e-05
8.30066249639e-09	3.62445534847e-05
8.30475549465e-09	7.90527628851e-05
8.30884849292e-09	0.00010859730537
8.31294149118e-09	0.000119469572383
8.31703448945e-09	0.000109714099381
8.32112748771e-09	8.11549689388e-05
8.32522048598e-09	3.90361783502e-05
8.32931348424e-09	-8.96465371625e-06
8.33340648251e-09	-5.41680201422e-05
8.33749948077e-09	-8.85183908395e-05
8.34159247904e-09	-0.000106076229713
8.3456854773e-09	-0.000104074460978
8.34977847557e-09	-8.33206504467e-05
8.35387147383e-09	-4.78842266602e-05
8.3579644721e-09	-4.15912381868e-06
8.36205747036e-09	4.04495149269e-05
8.36615046863e-09	7.89131881902e-05
8.37024346689e-09	0.000105756189441
8.37433646516e-09	0.000117820411106
8.37842946342e-09	0.000114552938612
8.38252246169e-09	9.78315947577e-05
8.38661545995e-09	7.14446941856e-05
8.39070845822e-09	4.03188023483e-05
8.39480145648e-09	9.63988259173e-06
8.39889445475e-09	-1.6017445887e-05
8.40298745301e-09	-3.34326541633e-05
8.40708045128e-09	-4.12161389249e-05
8.41117344954e-09	-3.99378332077e-05
8.41526644781e-09	-3.18608654197e-05
8.41935944607e-09	-2.03451945708e-05
8.42345244434e-09	-9.04937860469e-06
8.4275454426e-09	-1.15052262117e-06
8.43163844087e-09	1.26220402308e-06
8.43573143913e-09	-2.52003701462e-06
8.4398244374e-09	-1.18584766824e-05
8.44391743566e-09	-2.50450884778e-05
8.44801043393e-09	-3.9728169213e-05
8.45210343219e-09	-5.33420970896e-05
8.45619643045e-09	-6.34968964732e-05
8.46028942872e-09	-6.82760073687e-05
8.46438242698e-09	-6.64711551508e-05
8.46847542525e-09	-5.77398750465e-05
8.47256842351e-09	-4.2680912884e-05
8.47666142178e-09	-2.28003955272e-05
8.48075442004e-09	-3.39858615916e-07
8.48484741831e-09	2.20194688154e-05
8.48894041657e-09	4.15482281824e-05
8.49303341484e-09	5.58624342375e-05
8.4971264131e-09	6.32738228887e-05
8.50121941137e-09	6.30069116596e-05
8.50531240963e-09	5.52890742256e-05
8.5094054079e-09	4.13079796999e-05
8.51349840616e-09	2.30529058172e-05
8.51759140443e-09	3.07619370687e-06
8.52168440269e-09	-1.58252714755e-05
8.52577740096e-09	-3.09733732138e-05
8.52987039922e-09	-4.01984725613e-05
8.53396339749e-09	-4.21833028668e-05
8.53805639575e-09	-3.67142602045e-05
8.54214939402e-09	-2.47596581175e-05
8.54624239228e-09	-8.34904494695e-06
8.55033539055e-09	9.7427282526e-06
8.55442838881e-09	2.64643749688e-05
8.55852138708e-09	3.90279456042e-05
8.56261438534e-09	4.5428161684e-05
8.56670738361e-09	4.4836262532e-05
8.57080038187e-09	3.78017357434e-05
8.57489338014e-09	2.61857239821e-05
8.5789863784e-09	1.28279461933e-05
8.58307937667e-09	9.82548954198e-07
8.58717237493e-09	-6.38430901745e-06
8.5912653732e-09	-7.27923452359e-06
8.59535837146e-09	-1.18854495668e-06
8.59945136973e-09	1.07189553091e-05
8.60354436799e-09	2.57724077528e-05
8.60763736626e-09	4.03257145081e-05
8.61173036452e-09	5.05154166603e-05
8.61582336279e-09	5.30899924343e-05
8.61991636105e-09	4.61226663901e-05
8.62400935932e-09	2.94782657875e-05
8.62810235758e-09	4.94387950312e-06
8.63219535585e-09	-2.39934324782e-05
8.63628835411e-09	-5.26986041223e-05
8.64038135238e-09	-7.61872215662e-05
8.64447435064e-09	-9.00631857803e-05
8.64856734891e-09	-9.1427944426e-05
8.65266034717e-09	-7.95882951934e-05
8.65675334544e-09	-5.63750763831e-05
8.6608463437e-09	-2.59420721704e-05
8.66493934197e-09	5.95417895966e-06
8.66903234023e-09	3.31047376676e-05
8.6731253385e-09	5.01532995258e-05
8.67721833676e-09	5.37719242857e-05
8.68131133503e-09	4.34133071394e-05
8.68540433329e-09	2.14581505134e-05
8.68949733156e-09	-7.2702559919e-06
8.69359032982e-09	-3.64987063222e-05
8.69768332809e-09	-5.97795442445e-05
8.70177632635e-09	-7.17939110473e-05
8.70586932462e-09	-6.9418179919e-05
8.70996232288e-09	-5.24019560544e-05
8.71405532115e-09	-2.35082206927e-05
8.71814831941e-09	1.19016740427e-05
8.72224131767e-09	4.68082071166e-05
8.72633431594e-09	7.38677335903e-05
8.7304273142e-09	8.69169889484e-05
8.73452031247e-09	8.23625014164e-05
8.73861331073e-09	6.0123646108e-05
8.742706309e-09	2.38985521719e-05
8.74679930726e-09	-1.93952837435e-05
8.75089230553e-09	-6.09057969996e-05
8.75498530379e-09	-9.16158169275e-05
8.75907830206e-09	-0.000104211110738
8.76317130032e-09	-9.46393411141e-05
8.76726429859e-09	-6.30274225841e-05
8.77135729685e-09	-1.37716542667e-05
8.77545029512e-09	4.51964224339e-05
8.77954329338e-09	0.000103830403532
8.78363629165e-09	0.000151780739543
8.78772928991e-09	0.000180295101018
8.79182228818e-09	0.000183850090252
8.79591528644e-09	0.000161227362696
8.80000828471e-09	0.000115825314424
8.80410128297e-09	5.51133343833e-05
8.80819428124e-09	-1.06877650978e-05
8.8122872795e-09	-7.04895865056e-05
8.81638027777e-09	-0.000114418522571
8.82047327603e-09	-0.000135691050673
8.8245662743e-09	-0.000131895998493
8.82865927256e-09	-0.000105421000626
8.83275227083e-09	-6.29303322057e-05
8.83684526909e-09	-1.40135862239e-05
8.84093826736e-09	3.07301088469e-05
8.84503126562e-09	6.17905679974e-05
8.84912426389e-09	7.26029466023e-05
8.85321726215e-09	6.08276532148e-05
8.85731026042e-09	2.87902821583e-05
8.86140325868e-09	-1.6996076738e-05
8.86549625695e-09	-6.71261514071e-05
8.86958925521e-09	-0.000111176472274
8.87368225348e-09	-0.000139782030601
8.87777525174e-09	-0.000146495294757
8.88186825001e-09	-0.000129069157992
8.88596124827e-09	-8.99061342352e-05
8.89005424654e-09	-3.55927004421e-05
8.8941472448e-09	2.43616432272e-05
8.89824024307e-09	7.93341750978e-05
8.90233324133e-09	0.000119587653899
8.9064262396e-09	0.000138085932122
8.91051923786e-09	0.000131802720716
8.91461223613e-09	0.000102292717202
8.91870523439e-09	5.54190191906e-05
8.92279823266e-09	2.76775608654e-07
8.92689123092e-09	-5.25011455466e-05
8.93098422919e-09	-9.27539658733e-05
8.93507722745e-09	-0.000112730558612
8.93917022572e-09	-0.000108570711745
8.94326322398e-09	-8.10198907857e-05
8.94735622225e-09	-3.52373426722e-05
8.95144922051e-09	2.02616865863e-05
8.95554221878e-09	7.52827181714e-05
8.95963521704e-09	0.000119890100905
8.96372821531e-09	0.000146218575537
8.96782121357e-09	0.000149818515638
8.97191421184e-09	0.000130338012241
8.9760072101e-09	9.14626216399e-05
8.98010020836e-09	4.0184102545e-05
8.98419320663e-09	-1.44644163811e-05
8.98828620489e-09	-6.29896530882e-05
8.99237920316e-09	-9.70898399828e-05
8.99647220142e-09	-0.000111115397885
9.00056519969e-09	-0.000103076730738
9.00465819795e-09	-7.50035251258e-05
9.00875119622e-09	-3.25600085489e-05
9.01284419448e-09	1.60230138135e-05
9.01693719275e-09	6.15107128397e-05
9.02103019101e-09	9.53752896748e-05
9.02512318928e-09	0.000111330562504
9.02921618754e-09	0.000106383406091
9.03330918581e-09	8.12284924905e-05
9.03740218407e-09	3.99928976549e-05
9.04149518234e-09	-1.05804811028e-05
9.0455881806e-09	-6.23060623184e-05
9.04968117887e-09	-0.000106880470412
9.05377417713e-09	-0.000137163820909
9.0578671754e-09	-0.000148267572513
9.06196017366e-09	-0.000138296571095
9.06605317193e-09	-0.000108659980469
9.07014617019e-09	-6.38767087366e-05
9.07423916846e-09	-1.08752774395e-05
9.07833216672e-09	4.21031472797e-05
9.08242516499e-09	8.68444913067e-05
9.08651816325e-09	0.000116488445201
9.09061116152e-09	0.000126620012452
9.09470415978e-09	0.000115926057333
9.09879715805e-09	8.63301247591e-05
9.10289015631e-09	4.26142032666e-05
9.10698315458e-09	-8.37700463308e-06
9.11107615284e-09	-5.88022739976e-05
9.11516915111e-09	-0.00010099944484
9.11926214937e-09	-0.000128608633531
9.12335514764e-09	-0.000137505150633
9.1274481459e-09	-0.000126405342598
9.13154114417e-09	-9.7068856121e-05
9.13563414243e-09	-5.40354085388e-05
9.1397271407e-09	-3.92292167817e-06
9.14382013896e-09	4.5620072342e-05
9.14791313723e-09	8.71463271324e-05
9.15200613549e-09	0.000114623457193
9.15609913376e-09	0.00012442303705
9.16019213202e-09	0.000115918228403
9.16428513029e-09	9.15884666028e-05
9.16837812855e-09	5.65979571547e-05
9.17247112682e-09	1.7914451746e-05
9.17656412508e-09	-1.69023387571e-05
9.18065712335e-09	-4.10445827583e-05
9.18475012161e-09	-4.97116816405e-05
9.18884311988e-09	-4.1031598812e-05
9.19293611814e-09	-1.648298894e-05
9.19702911641e-09	1.92978950508e-05
9.20112211467e-09	5.9303627495e-05
9.20521511294e-09	9.5389332273e-05
9.2093081112e-09	0.000119745513075
9.21340110947e-09	0.000126330385683
9.21749410773e-09	0.000112014960905
9.221587106e-09	7.72378916736e-05
9.22568010426e-09	2.60701635852e-05
9.22977310253e-09	-3.4353666706e-05
9.23386610079e-09	-9.4936149253e-05
9.23795909906e-09	-0.000146116304677
9.24205209732e-09	-0.000179525857675
9.24614509558e-09	-0.000189509431948
9.25023809385e-09	-0.000174234650331
9.25433109211e-09	-0.000136122456752
9.25842409038e-09	-8.14992672531e-05
9.26251708864e-09	-1.94808908418e-05
9.26661008691e-09	3.96824761992e-05
9.27070308517e-09	8.64827015903e-05
9.27479608344e-09	0.000113857531687
9.2788890817e-09	0.000118394993478
9.28298207997e-09	0.00010082742665
9.28707507823e-09	6.57570344629e-05
9.2911680765e-09	2.0721094188e-05
9.29526107476e-09	-2.52360459854e-05
9.29935407303e-09	-6.3192579546e-05
9.30344707129e-09	-8.59519132064e-05
9.30754006956e-09	-8.9332133939e-05
9.31163306782e-09	-7.29340754333e-05
9.31572606609e-09	-4.02336700063e-05
9.31981906435e-09	2.06630647881e-06
9.32391206262e-09	4.53283137176e-05
9.32800506088e-09	8.07019096101e-05
9.33209805915e-09	0.000100909528555
9.33619105741e-09	0.000101738172816
9.34028405568e-09	8.28798220027e-05
9.34437705394e-09	4.79640511912e-05
9.34847005221e-09	3.78186587113e-06
9.35256305047e-09	-4.11025685025e-05
9.35665604874e-09	-7.80330738053e-05
9.360749047e-09	-9.98975156108e-05
9.36484204527e-09	-0.000102403020719
9.36893504353e-09	-8.48061317811e-05
9.3730280418e-09	-4.99800771649e-05
9.37712104006e-09	-3.8621137719e-06
9.38121403833e-09	4.56280868093e-05
9.38530703659e-09	9.00123995962e-05
9.38940003486e-09	0.000121771729027
9.39349303312e-09	0.000135697671794
9.39758603139e-09	0.000129812309751
9.40167902965e-09	0.000105671722849
9.40577202792e-09	6.79806107655e-05
9.40986502618e-09	2.36054838751e-05
9.41395802445e-09	-1.9812159735e-05
9.41805102271e-09	-5.53305944777e-05
9.42214402098e-09	-7.79682886787e-05
9.42623701924e-09	-8.55069956742e-05
9.43033001751e-09	-7.87036988186e-05
9.43442301577e-09	-6.09222734056e-05
9.43851601404e-09	-3.72914946638e-05
9.4426090123e-09	-1.35880627568e-05
9.44670201057e-09	4.93110837851e-06
9.45079500883e-09	1.45317389979e-05
9.4548880071e-09	1.365436583e-05
9.45898100536e-09	3.11894928018e-06
9.46307400363e-09	-1.41461468957e-05
9.46716700189e-09	-3.37851452059e-05
9.47126000016e-09	-5.09468227392e-05
9.47535299842e-09	-6.12809089944e-05
9.47944599669e-09	-6.17925688857e-05
9.48353899495e-09	-5.13947670697e-05
9.48763199322e-09	-3.10726245516e-05
9.49172499148e-09	-3.65952382708e-06
9.49581798975e-09	2.67172599706e-05
9.49991098801e-09	5.53899844817e-05
9.50400398628e-09	7.79651163612e-05
9.50809698454e-09	9.10630187718e-05
9.5121899828e-09	9.28468653001e-05
9.51628298107e-09	8.32690493553e-05
9.52037597933e-09	6.39842473902e-05
9.5244689776e-09	3.79670200346e-05
9.52856197586e-09	8.91849049367e-06
9.53265497413e-09	-1.93956584553e-05
9.53674797239e-09	-4.37280832557e-05
9.54084097066e-09	-6.17472469457e-05
9.54493396892e-09	-7.21876131138e-05
9.54902696719e-09	-7.47900558054e-05
9.55311996545e-09	-7.01065655448e-05
9.55721296372e-09	-5.926979793e-05
9.56130596198e-09	-4.37918570242e-05
9.56539896025e-09	-2.54195547313e-05
9.56949195851e-09	-6.01336432737e-06
9.57358495678e-09	1.25805199787e-05
9.57767795504e-09	2.8677903174e-05
9.58177095331e-09	4.09266140196e-05
9.58586395157e-09	4.84422380396e-05
9.58995694984e-09	5.08863013238e-05
9.5940499481e-09	4.84676202177e-05
9.59814294637e-09	4.1883882659e-05
9.60223594463e-09	3.22427040373e-05
9.6063289429e-09	2.09801601159e-05
9.61042194116e-09	9.77328818408e-06
9.61451493943e-09	4.01469151257e-07
9.61860793769e-09	-5.47304807696e-06
9.62270093596e-09	-6.61567901261e-06
9.62679393422e-09	-2.56320254266e-06
9.63088693249e-09	6.10651113675e-06
9.63497993075e-09	1.77004876605e-05
9.63907292902e-09	2.96128091577e-05
9.64316592728e-09	3.87961699744e-05
9.64725892555e-09	4.24114768975e-05
9.65135192381e-09	3.84783488698e-05
9.65544492208e-09	2.63744714175e-05
9.65953792034e-09	7.05211277818e-06
9.66363091861e-09	-1.70693456312e-05
9.66772391687e-09	-4.24890022259e-05
9.67181691514e-09	-6.52119051665e-05
9.6759099134e-09	-8.14207960502e-05
9.68000291167e-09	-8.81367159309e-05
9.68409590993e-09	-8.37713450892e-05
9.6881889082e-09	-6.84930273565e-05
9.69228190646e-09	-4.4320942834e-05
9.69637490473e-09	-1.48976105265e-05
9.70046790299e-09	1.50675459736e-05
9.70456090126e-09	4.06179897254e-05
9.70865389952e-09	5.74841506022e-05
9.71274689779e-09	6.29387359368e-05
9.71683989605e-09	5.63645517104e-05
9.72093289432e-09	3.94067101297e-05
9.72502589258e-09	1.56497590069e-05
9.72911889085e-09	-1.00973693407e-05
9.73321188911e-09	-3.2753283449e-05
9.73730488738e-09	-4.79564550915e-05
9.74139788564e-09	-5.28881428181e-05
9.74549088391e-09	-4.67781865154e-05
9.74958388217e-09	-3.10097966576e-05
9.75367688044e-09	-8.80863080965e-06
9.7577698787e-09	1.54202589329e-05
9.76186287697e-09	3.69722147298e-05
9.76595587523e-09	5.17881744599e-05
9.77004887349e-09	5.72624921915e-05
9.77414187176e-09	5.27573283762e-05
9.77823487002e-09	3.97116236854e-05
9.78232786829e-09	2.13166003959e-05
9.78642086655e-09	1.82809435501e-06
9.79051386482e-09	-1.4338523215e-05
9.79460686308e-09	-2.35388306464e-05
9.79869986135e-09	-2.36703654082e-05
9.80279285961e-09	-1.46240417962e-05
9.80688585788e-09	1.66074005392e-06
9.81097885614e-09	2.15634154301e-05
9.81507185441e-09	4.04935926781e-05
9.81916485267e-09	5.38325730304e-05
9.82325785094e-09	5.79093866691e-05
9.8273508492e-09	5.08173106937e-05
9.83144384747e-09	3.28915048158e-05
9.83553684573e-09	6.71324414725e-06
9.839629844e-09	-2.33598220802e-05
9.84372284226e-09	-5.20597932336e-05
9.84781584053e-09	-7.42612610338e-05
9.85190883879e-09	-8.59992578626e-05
9.85600183706e-09	-8.52153025335e-05
9.86009483532e-09	-7.21061587683e-05
9.86418783359e-09	-4.90226266265e-05
9.86828083185e-09	-1.99772239284e-05
9.87237383012e-09	1.01078130683e-05
9.87646682838e-09	3.62803439202e-05
9.88055982665e-09	5.44042050024e-05
9.88465282491e-09	6.18673075223e-05
9.88874582318e-09	5.80186933803e-05
9.89283882144e-09	4.42806158389e-05
9.89693181971e-09	2.38688826357e-05
9.90102481797e-09	1.16032379083e-06
9.90511781624e-09	-1.91845902009e-05
9.9092108145e-09	-3.31804621965e-05
9.91330381277e-09	-3.83195692848e-05
9.91739681103e-09	-3.40412225341e-05
9.9214898093e-09	-2.1748664949e-05
9.92558280756e-09	-4.40162284576e-06
9.92967580583e-09	1.42044045788e-05
9.93376880409e-09	3.02518601529e-05
9.93786180236e-09	4.06373437727e-05
9.94195480062e-09	4.34813846368e-05
9.94604779889e-09	3.83505648642e-05
9.95014079715e-09	2.62239045696e-05
9.95423379542e-09	9.2364007287e-06
9.95832679368e-09	-9.7185939012e-06
9.96241979195e-09	-2.74847334367e-05
9.96651279021e-09	-4.11693981732e-05
9.97060578848e-09	-4.86361750518e-05
9.97469878674e-09	-4.88707737532e-05
9.97879178501e-09	-4.21414224547e-05
9.98288478327e-09	-2.98990598822e-05
9.98697778154e-09	-1.44346877278e-05
9.9910707798e-09	1.62630180967e-06
9.99516377807e-09	1.58630646183e-05
9.99925677633e-09	2.6484936825e-05
1.00033497746e-08	3.25624569086e-05
1.00074427729e-08	3.40320329997e-05
1.00115357711e-08	3.15257020702e-05
1.00156287694e-08	2.61151199084e-05
1.00197217677e-08	1.90529644897e-05
1.00238147659e-08	1.15624279715e-05
1.00279077642e-08	4.70545182907e-06
1.00320007625e-08	-7.0090754889e-07
1.00360937607e-08	-4.12733243138e-06
1.0040186759e-08	-5.35182698513e-06
1.00442797572e-08	-4.4579119276e-06
1.00483727555e-08	-1.80210690814e-06
1.00524657538e-08	2.04533580472e-06
1.0056558752e-08	6.38266601527e-06
1.00606517503e-08	1.0453419236e-05
1.00647447486e-08	1.35296359076e-05
1.00688377468e-08	1.49747684191e-05
1.00729307451e-08	1.43145216498e-05
1.00770237434e-08	1.13107353172e-05
1.00811167416e-08	6.03618263995e-06
1.00852097399e-08	-1.07040045805e-06
1.00893027382e-08	-9.19897320273e-06
1.00933957364e-08	-1.72327072505e-05
1.00974887347e-08	-2.39027212956e-05
1.0101581733e-08	-2.79872165265e-05
1.01056747312e-08	-2.85557762254e-05
1.01097677295e-08	-2.5179639124e-05
1.01138607277e-08	-1.80876886589e-05
1.0117953726e-08	-8.22449510451e-06
1.01220467243e-08	2.82156929643e-06
1.01261397225e-08	1.30215030367e-05
1.01302327208e-08	2.02470801014e-05
1.01343257191e-08	2.26940901484e-05
1.01384187173e-08	1.93301584659e-05
1.01425117156e-08	1.02385374703e-05
1.01466047139e-08	-3.22783444062e-06
1.01506977121e-08	-1.85813678399e-05
1.01547907104e-08	-3.2614065276e-05
1.01588837087e-08	-4.2027386371e-05
1.01629767069e-08	-4.41407573817e-05
1.01670697052e-08	-3.7494355638e-05
1.01711627035e-08	-2.22342259804e-05
1.01752557017e-08	-1.6930152924e-07
1.01793487e-08	2.54805800068e-05
1.01834416983e-08	5.05977768626e-05
1.01875346965e-08	7.08467123332e-05
1.01916276948e-08	8.24142043712e-05
1.0195720693e-08	8.27015319373e-05
1.01998136913e-08	7.08698280505e-05
1.02039066896e-08	4.81348106405e-05
1.02079996878e-08	1.77085730684e-05
1.02120926861e-08	-1.56369151227e-05
1.02161856844e-08	-4.63762553409e-05
1.02202786826e-08	-6.92653702572e-05
1.02243716809e-08	-8.0391735537e-05
1.02284646792e-08	-7.80023547122e-05
1.02325576774e-08	-6.28917623544e-05
1.02366506757e-08	-3.82509388146e-05
1.0240743674e-08	-9.01016574062e-06
1.02448366722e-08	1.91602757695e-05
1.02489296705e-08	4.09671411035e-05
1.02530226688e-08	5.24906572537e-05
1.0257115667e-08	5.18793676747e-05
1.02612086653e-08	3.96498435293e-05
1.02653016636e-08	1.85551416507e-05
1.02693946618e-08	-6.93110041539e-06
1.02734876601e-08	-3.14348435495e-05
1.02775806583e-08	-4.96852298966e-05
1.02816736566e-08	-5.75416270294e-05
1.02857666549e-08	-5.28563869011e-05
1.02898596531e-08	-3.59845835192e-05
1.02939526514e-08	-9.80501044978e-06
1.02980456497e-08	2.08000747079e-05
1.03021386479e-08	4.99071393278e-05
1.03062316462e-08	7.17679649824e-05
1.03103246445e-08	8.19982815301e-05
1.03144176427e-08	7.84747680882e-05
1.0318510641e-08	6.17498371867e-05
1.03226036393e-08	3.49038164131e-05
1.03266966375e-08	2.9066454772e-06
1.03307896358e-08	-2.83714744e-05
1.03348826341e-08	-5.32815065526e-05
1.03389756323e-08	-6.74418115523e-05
1.03430686306e-08	-6.85251725372e-05
1.03471616288e-08	-5.66579328733e-05
1.03512546271e-08	-3.43606079696e-05
1.03553476254e-08	-6.05258946962e-06
1.03594406236e-08	2.27983109653e-05
1.03635336219e-08	4.67297868454e-05
1.03676266202e-08	6.13202937529e-05
1.03717196184e-08	6.40197540633e-05
1.03758126167e-08	5.45914190297e-05
1.0379905615e-08	3.50849586539e-05
1.03839986132e-08	9.36456399359e-06
1.03880916115e-08	-1.77034708031e-05
1.03921846098e-08	-4.12299414165e-05
1.0396277608e-08	-5.72398275835e-05
1.04003706063e-08	-6.339581887e-05
1.04044636046e-08	-5.9373822296e-05
1.04085566028e-08	-4.68238722533e-05
1.04126496011e-08	-2.8945858503e-05
1.04167425994e-08	-9.76382762019e-06
1.04208355976e-08	6.74048760629e-06
1.04249285959e-08	1.74519354914e-05
1.04290215941e-08	2.07217199204e-05
1.04331145924e-08	1.66257577803e-05
1.04372075907e-08	6.83388907419e-06
1.04413005889e-08	-5.84902909395e-06
1.04453935872e-08	-1.81456307473e-05
1.04494865855e-08	-2.70044874924e-05
1.04535795837e-08	-3.01856016449e-05
1.0457672582e-08	-2.66315182671e-05
1.04617655803e-08	-1.65787805599e-05
1.04658585785e-08	-1.43657177887e-06
1.04699515768e-08	1.65359033417e-05
1.04740445751e-08	3.46716697095e-05
1.04781375733e-08	5.03974006278e-05
1.04822305716e-08	6.16985416855e-05
1.04863235699e-08	6.74664552207e-05
1.04904165681e-08	6.76426570863e-05
1.04945095664e-08	6.31136354059e-05
1.04986025647e-08	5.5380667618e-05
1.05026955629e-08	4.60801893496e-05
1.05067885612e-08	3.65098603652e-05
1.05108815594e-08	2.72977213172e-05
1.05149745577e-08	1.83288793778e-05
1.0519067556e-08	8.92976731848e-06
1.05231605542e-08	-1.74946217157e-06
1.05272535525e-08	-1.4309425751e-05
1.05313465508e-08	-2.87674247375e-05
1.0535439549e-08	-4.44040997536e-05
1.05395325473e-08	-5.98315273237e-05
1.05436255456e-08	-7.32203334337e-05
1.05477185438e-08	-8.26256728033e-05
1.05518115421e-08	-8.63334862515e-05
1.05559045404e-08	-8.31779907458e-05
1.05599975386e-08	-7.2790440754e-05
1.05640905369e-08	-5.57641760679e-05
1.05681835352e-08	-3.36798439093e-05
1.05722765334e-08	-8.96366873349e-06
1.05763695317e-08	1.54402696353e-05
1.05804625299e-08	3.65597843484e-05
1.05845555282e-08	5.19406457897e-05
1.05886485265e-08	6.01247811574e-05
1.05927415247e-08	6.09173657722e-05
1.0596834523e-08	5.53655409021e-05
1.06009275213e-08	4.54457622254e-05
1.06050205195e-08	3.35609292961e-05
1.06091135178e-08	2.19837347686e-05
1.06132065161e-08	1.24037651403e-05
1.06172995143e-08	5.66717699257e-06
1.06213925126e-08	1.7500578906e-06
1.06254855109e-08	-7.31429281586e-08
1.06295785091e-08	-9.37507593335e-07
1.06336715074e-08	-2.04286789085e-06
1.06377645057e-08	-4.34052981291e-06
1.06418575039e-08	-8.28610154713e-06
1.06459505022e-08	-1.37121714943e-05
1.06500435005e-08	-1.98333109438e-05
1.06541364987e-08	-2.54075766861e-05
1.0658229497e-08	-2.90169664368e-05
1.06623224952e-08	-2.94258788927e-05
1.06664154935e-08	-2.59216158156e-05
1.06705084918e-08	-1.85450044228e-05
1.067460149e-08	-8.1492926256e-06
1.06786944883e-08	3.75427975996e-06
1.06827874866e-08	1.53107575898e-05
1.06868804848e-08	2.47392199526e-05
1.06909734831e-08	3.07233312924e-05
1.06950664814e-08	3.27059751726e-05
1.06991594796e-08	3.09987954097e-05
1.07032524779e-08	2.66923761956e-05
1.07073454762e-08	2.13863058889e-05
1.07114384744e-08	1.6783393221e-05
1.07155314727e-08	1.42532444443e-05
1.0719624471e-08	1.44497498695e-05
1.07237174692e-08	1.70978892129e-05
1.07278104675e-08	2.09954741877e-05
1.07319034658e-08	2.42734877247e-05
1.0735996464e-08	2.48401629506e-05
1.07400894623e-08	2.09238914977e-05
1.07441824605e-08	1.15721413749e-05
1.07482754588e-08	-3.02826174448e-06
1.07523684571e-08	-2.14698739001e-05
1.07564614553e-08	-4.13206144003e-05
1.07605544536e-08	-5.95286110183e-05
1.07646474519e-08	-7.2968628956e-05
1.07687404501e-08	-7.90113699622e-05
1.07728334484e-08	-7.6032418292e-05
1.07769264467e-08	-6.37707707938e-05
1.07810194449e-08	-4.3475345592e-05
1.07851124432e-08	-1.77950732905e-05
1.07892054415e-08	9.60587021837e-06
1.07932984397e-08	3.46615670423e-05
1.0797391438e-08	5.36574334546e-05
1.08014844363e-08	6.39521240373e-05
1.08055774345e-08	6.45096006338e-05
1.08096704328e-08	5.6088087149e-05
1.08137634311e-08	4.10303109675e-05
1.08178564293e-08	2.27101591008e-05
1.08219494276e-08	4.77401681565e-06
1.08260424258e-08	-9.62248941505e-06
1.08301354241e-08	-1.84041382454e-05
1.08342284224e-08	-2.08844503504e-05
1.08383214206e-08	-1.77616220753e-05
1.08424144189e-08	-1.08510512291e-05
1.08465074172e-08	-2.63736524175e-06
1.08506004154e-08	4.26176029578e-06
1.08546934137e-08	7.63877687859e-06
1.0858786412e-08	6.16968827671e-06
1.08628794102e-08	-2.60575689026e-07
1.08669724085e-08	-1.04518858279e-05
1.08710654068e-08	-2.20657275349e-05
1.0875158405e-08	-3.20797771565e-05
1.08792514033e-08	-3.74599476345e-05
1.08833444016e-08	-3.58893885277e-05
1.08874373998e-08	-2.63824422291e-05
1.08915303981e-08	-9.60322176979e-06
1.08956233963e-08	1.21999692055e-05
1.08997163946e-08	3.56216405635e-05
1.09038093929e-08	5.67901806789e-05
1.09079023911e-08	7.21269316273e-05
1.09119953894e-08	7.90195408626e-05
1.09160883877e-08	7.62653071433e-05
1.09201813859e-08	6.42384402454e-05
1.09242743842e-08	4.47739039373e-05
1.09283673825e-08	2.0823410523e-05
1.09324603807e-08	-4.0542026909e-06
1.0936553379e-08	-2.62934863713e-05
1.09406463773e-08	-4.29125648225e-05
1.09447393755e-08	-5.20183020853e-05
1.09488323738e-08	-5.31088226126e-05
1.09529253721e-08	-4.71267703688e-05
1.09570183703e-08	-3.62211758329e-05
1.09611113686e-08	-2.32757756748e-05
1.09652043669e-08	-1.12989200716e-05
1.09692973651e-08	-2.81220400211e-06
1.09733903634e-08	6.19829734205e-07
1.09774833616e-08	-1.35693517223e-06
1.09815763599e-08	-7.89960722614e-06
1.09856693582e-08	-1.7206019038e-05
1.09897623564e-08	-2.69200827461e-05
1.09938553547e-08	-3.46035449184e-05
1.0997948353e-08	-3.81940044463e-05
1.10020413512e-08	-3.63646031474e-05
1.10061343495e-08	-2.87358598143e-05
1.10102273478e-08	-1.59151604748e-05
1.1014320346e-08	6.40578036837e-07
1.10184133443e-08	1.88900121429e-05
1.10225063426e-08	3.65507949027e-05
1.10265993408e-08	5.1440551033e-05
1.10306923391e-08	6.1762300902e-05
1.10347853374e-08	6.62993406877e-05
1.10388783356e-08	6.45135296509e-05
1.10429713339e-08	5.65673944948e-05
1.10470643322e-08	4.32871529483e-05
1.10511573304e-08	2.60793221969e-05
1.10552503287e-08	6.80320636093e-06
1.10593433269e-08	-1.24137022794e-05
1.10634363252e-08	-2.94081473839e-05
1.10675293235e-08	-4.22374869231e-05
1.10716223217e-08	-4.94223568239e-05
1.107571532e-08	-5.01323738717e-05
1.10798083183e-08	-4.42884520453e-05
1.10839013165e-08	-3.25850705849e-05
1.10879943148e-08	-1.6441437765e-05
1.10920873131e-08	2.10685834645e-06
1.10961803113e-08	2.05648648262e-05
1.11002733096e-08	3.6221670598e-05
1.11043663079e-08	4.64816621388e-05
1.11084593061e-08	4.92866092827e-05
1.11125523044e-08	4.35639558418e-05
1.11166453027e-08	2.95911049761e-05
1.11207383009e-08	9.15399050427e-06
1.11248312992e-08	-1.45985259223e-05
1.11289242974e-08	-3.76158641302e-05
1.11330172957e-08	-5.56596642127e-05
1.1137110294e-08	-6.51056761853e-05
1.11412032922e-08	-6.36707118247e-05
1.11452962905e-08	-5.08953889948e-05
1.11493892888e-08	-2.83059998765e-05
1.1153482287e-08	7.68923996475e-07
1.11575752853e-08	3.16836376442e-05
1.11616682836e-08	5.91844654991e-05
1.11657612818e-08	7.82611168688e-05
1.11698542801e-08	8.50184515002e-05
1.11739472784e-08	7.74584186729e-05
1.11780402766e-08	5.60104199394e-05
1.11821332749e-08	2.36827800109e-05
1.11862262732e-08	-1.42742946991e-05
1.11903192714e-08	-5.11899997946e-05
1.11944122697e-08	-8.0167192209e-05
1.1198505268e-08	-9.5420924481e-05
1.12025982662e-08	-9.347172454e-05
1.12066912645e-08	-7.39293755032e-05
1.12107842627e-08	-3.96815448767e-05
1.1214877261e-08	3.54959024662e-06
1.12189702593e-08	4.82018003822e-05
1.12230632575e-08	8.62042797962e-05
1.12271562558e-08	0.000110417080577
1.12312492541e-08	0.000115913149784
1.12353422523e-08	0.00010090014257
1.12394352506e-08	6.71281595714e-05
1.12435282489e-08	1.9697828975e-05
1.12476212471e-08	-3.37221572408e-05
1.12517142454e-08	-8.41638611746e-05
1.12558072437e-08	-0.000122917204862
1.12599002419e-08	-0.000143104902236
1.12639932402e-08	-0.000140960954013
1.12680862385e-08	-0.000116573908599
1.12721792367e-08	-7.39081006031e-05
1.1276272235e-08	-2.01066559384e-05
1.12803652333e-08	3.58007964678e-05
1.12844582315e-08	8.45323811518e-05
1.12885512298e-08	0.000118214789836
1.1292644228e-08	0.000131766413688
1.12967372263e-08	0.000123752106447
1.13008302246e-08	9.65720610111e-05
1.13049232228e-08	5.59484178666e-05
1.13090162211e-08	9.83097197604e-06
1.13131092194e-08	-3.30981565639e-05
1.13172022176e-08	-6.50198489893e-05
1.13212952159e-08	-8.0395853729e-05
1.13253882142e-08	-7.69362231949e-05
1.13294812124e-08	-5.59411564609e-05
1.13335742107e-08	-2.19753019337e-05
1.1337667209e-08	1.80581882887e-05
1.13417602072e-08	5.62362038181e-05
1.13458532055e-08	8.50883370731e-05
1.13499462038e-08	9.8939104646e-05
1.1354039202e-08	9.49068780756e-05
1.13581322003e-08	7.33777851565e-05
1.13622251985e-08	3.78973854822e-05
1.13663181968e-08	-5.50316417502e-06
1.13704111951e-08	-4.94286796311e-05
1.13745041933e-08	-8.64791654749e-05
1.13785971916e-08	-0.00011060416
1.13826901899e-08	-0.000118177493277
1.13867831881e-08	-0.000108589534648
1.13908761864e-08	-8.42334702611e-05
1.13949691847e-08	-4.99258385389e-05
1.13990621829e-08	-1.18943607958e-05
1.14031551812e-08	2.34233430092e-05
1.14072481795e-08	5.0520462537e-05
1.14113411777e-08	6.57001728541e-05
1.1415434176e-08	6.75615665386e-05
1.14195271743e-08	5.70642296225e-05
1.14236201725e-08	3.72149224859e-05
1.14277131708e-08	1.2452908777e-05
1.14318061691e-08	-1.21627199405e-05
1.14358991673e-08	-3.18379425153e-05
1.14399921656e-08	-4.28825151175e-05
1.14440851638e-08	-4.33480236097e-05
1.14481781621e-08	-3.33478346874e-05
1.14522711604e-08	-1.4980357264e-05
1.14563641586e-08	8.1391472122e-06
1.14604571569e-08	3.16424047924e-05
1.14645501552e-08	5.12803126185e-05
1.14686431534e-08	6.37143821223e-05
1.14727361517e-08	6.70523004374e-05
1.147682915e-08	6.10470306128e-05
1.14809221482e-08	4.69837032142e-05
1.14850151465e-08	2.7317653803e-05
1.14891081448e-08	5.19944342159e-06
1.1493201143e-08	-1.60391336976e-05
1.14972941413e-08	-3.33577991114e-05
1.15013871396e-08	-4.44174729637e-05
1.15054801378e-08	-4.7895595344e-05
1.15095731361e-08	-4.36776463175e-05
1.15136661344e-08	-3.28776150127e-05
1.15177591326e-08	-1.7655591364e-05
1.15218521309e-08	-8.52257471706e-07
1.15259451291e-08	1.4522460333e-05
1.15300381274e-08	2.58119343926e-05
1.15341311257e-08	3.11659823637e-05
1.15382241239e-08	2.98102277156e-05
1.15423171222e-08	2.2107778932e-05
1.15464101205e-08	9.43040777202e-06
1.15505031187e-08	-6.10788083577e-06
1.1554596117e-08	-2.19834746531e-05
1.15586891153e-08	-3.56242053385e-05
1.15627821135e-08	-4.47505008196e-05
1.15668751118e-08	-4.77016510558e-05
1.15709681101e-08	-4.36913396697e-05
1.15750611083e-08	-3.29773974954e-05
1.15791541066e-08	-1.68880069396e-05
1.15832471049e-08	2.32621755458e-06
1.15873401031e-08	2.18096975004e-05
1.15914331014e-08	3.8554364437e-05
1.15955260997e-08	4.99006710015e-05
1.15996190979e-08	5.4003787227e-05
1.16037120962e-08	5.01618997077e-05
1.16078050944e-08	3.89658962376e-05
1.16118980927e-08	2.22253802349e-05
1.1615991091e-08	2.68856888397e-06
1.16200840892e-08	-1.64020966622e-05
1.16241770875e-08	-3.18609454553e-05
1.16282700858e-08	-4.11136570619e-05
1.1632363084e-08	-4.26650949521e-05
1.16364560823e-08	-3.63838189514e-05
1.16405490806e-08	-2.35379557125e-05
1.16446420788e-08	-6.56873089611e-06
1.16487350771e-08	1.1359349628e-05
1.16528280754e-08	2.69433348876e-05
1.16569210736e-08	3.73472794308e-05
1.16610140719e-08	4.07153602282e-05
1.16651070702e-08	3.65114065062e-05
1.16692000684e-08	2.56237381109e-05
1.16732930667e-08	1.02234535007e-05
1.16773860649e-08	-6.60691421217e-06
1.16814790632e-08	-2.14383217099e-05
1.16855720615e-08	-3.11481780955e-05
1.16896650597e-08	-3.35691438522e-05
1.1693758058e-08	-2.79805153696e-05
1.16978510563e-08	-1.53222699737e-05
1.17019440545e-08	1.94023914446e-06
1.17060370528e-08	2.03039853659e-05
1.17101300511e-08	3.59586229024e-05
1.17142230493e-08	4.55971239717e-05
1.17183160476e-08	4.7102519602e-05
1.17224090459e-08	3.99729833589e-05
1.17265020441e-08	2.53795224125e-05
1.17305950424e-08	5.89547107666e-06
1.17346880407e-08	-1.50343257701e-05
1.17387810389e-08	-3.37560340995e-05
1.17428740372e-08	-4.70693812531e-05
1.17469670355e-08	-5.2804214647e-05
1.17510600337e-08	-5.02100083395e-05
1.1755153032e-08	-4.01160104957e-05
1.17592460302e-08	-2.47946099989e-05
1.17633390285e-08	-7.54434358896e-06
1.17674320268e-08	7.98139990366e-06
1.1771525025e-08	1.85646822501e-05
1.17756180233e-08	2.21636546485e-05
1.17797110216e-08	1.84155887837e-05
1.17838040198e-08	8.74199395184e-06
1.17878970181e-08	-3.97565509047e-06
1.17919900164e-08	-1.60926447279e-05
1.17960830146e-08	-2.40728440986e-05
1.18001760129e-08	-2.53329071711e-05
1.18042690112e-08	-1.88385347428e-05
1.18083620094e-08	-5.34480659553e-06
1.18124550077e-08	1.27591920318e-05
1.1816548006e-08	3.19393220707e-05
1.18206410042e-08	4.8220543249e-05
1.18247340025e-08	5.7982688304e-05
1.18288270008e-08	5.86981186643e-05
1.1832919999e-08	4.95012645843e-05
1.18370129973e-08	3.1468225643e-05
1.18411059955e-08	7.53565291234e-06
1.18451989938e-08	-1.79706858034e-05
1.18492919921e-08	-4.01339420932e-05
1.18533849903e-08	-5.44407375855e-05
1.18574779886e-08	-5.77537211939e-05
1.18615709869e-08	-4.90435777465e-05
1.18656639851e-08	-2.96955877275e-05
1.18697569834e-08	-3.29410886479e-06
1.18738499817e-08	2.50659813901e-05
1.18779429799e-08	4.98003646499e-05
1.18820359782e-08	6.5963860834e-05
1.18861289765e-08	7.0251422585e-05
1.18902219747e-08	6.16675097262e-05
1.1894314973e-08	4.17464325437e-05
1.18984079713e-08	1.42675580719e-05
1.19025009695e-08	-1.54625486175e-05
1.19065939678e-08	-4.16404145653e-05
1.1910686966e-08	-5.91140560573e-05
1.19147799643e-08	-6.44251704216e-05
1.19188729626e-08	-5.65429400012e-05
1.19229659608e-08	-3.71229325538e-05
1.19270589591e-08	-1.02339272416e-05
1.19311519574e-08	1.84141299542e-05
1.19352449556e-08	4.25788020948e-05
1.19393379539e-08	5.67290408071e-05
1.19434309522e-08	5.71632917854e-05
1.19475239504e-08	4.27968698204e-05
1.19516169487e-08	1.54565150297e-05
1.1955709947e-08	-2.03772142413e-05
1.19598029452e-08	-5.83373002883e-05
1.19638959435e-08	-9.13270996534e-05
1.19679889418e-08	-0.000112846581032
1.197208194e-08	-0.000118256226415
1.19761749383e-08	-0.000105708895717
1.19802679366e-08	-7.65661534388e-05
1.19843609348e-08	-3.51860871888e-05
1.19884539331e-08	1.18747084343e-05
1.19925469313e-08	5.7089033362e-05
1.19966399296e-08	9.33609844651e-05
1.20007329279e-08	0.000115311908303
1.20048259261e-08	0.000120208656881
1.20089189244e-08	0.000108365813503
1.20130119227e-08	8.29897398944e-05
1.20171049209e-08	4.95134845551e-05
1.20211979192e-08	1.4574463421e-05
1.20252909175e-08	-1.52001757669e-05
1.20293839157e-08	-3.43900974258e-05
1.2033476914e-08	-3.97723124479e-05
1.20375699123e-08	-3.09286260745e-05
1.20416629105e-08	-1.03393376776e-05
1.20457559088e-08	1.70791354321e-05
1.20498489071e-08	4.49346480309e-05
1.20539419053e-08	6.66399646434e-05
1.20580349036e-08	7.67533638282e-05
1.20621279019e-08	7.20807220205e-05
1.20662209001e-08	5.23152593814e-05
1.20703138984e-08	2.00738340936e-05
1.20744068966e-08	-1.96334203793e-05
1.20784998949e-08	-6.03680564382e-05
1.20825928932e-08	-9.54403658397e-05
1.20866858914e-08	-0.000119071177323
1.20907788897e-08	-0.000127349092509
1.2094871888e-08	-0.000118850453873
1.20989648862e-08	-9.48589222389e-05
1.21030578845e-08	-5.91544303461e-05
1.21071508828e-08	-1.74109427462e-05
1.2111243881e-08	2.37420936173e-05
1.21153368793e-08	5.78394610784e-05
1.21194298776e-08	7.97106986283e-05
1.21235228758e-08	8.63926688908e-05
1.21276158741e-08	7.76406086516e-05
1.21317088724e-08	5.5925524066e-05
1.21358018706e-08	2.59082607954e-05
1.21398948689e-08	-6.47625120109e-06
1.21439878671e-08	-3.51409689756e-05
1.21480808654e-08	-5.49269134353e-05
1.21521738637e-08	-6.24625899945e-05
1.21562668619e-08	-5.66611051909e-05
1.21603598602e-08	-3.88203370676e-05
1.21644528585e-08	-1.23351292132e-05
1.21685458567e-08	1.79093276529e-05
1.2172638855e-08	4.63638643851e-05
1.21767318533e-08	6.77536881994e-05
1.21808248515e-08	7.79769688961e-05
1.21849178498e-08	7.4839044828e-05
1.21890108481e-08	5.84724184591e-05
1.21931038463e-08	3.13664968417e-05
1.21971968446e-08	-2.02196042665e-06
1.22012898429e-08	-3.60142403224e-05
1.22053828411e-08	-6.46764819976e-05
1.22094758394e-08	-8.28416013974e-05
1.22135688377e-08	-8.70007788762e-05
1.22176618359e-08	-7.59215181461e-05
1.22217548342e-08	-5.08870180056e-05
1.22258478324e-08	-1.55268935487e-05
1.22299408307e-08	2.47384541581e-05
1.2234033829e-08	6.35526375845e-05
1.22381268272e-08	9.46478539845e-05
1.22422198255e-08	0.000112879533845
1.22463128238e-08	0.000115090748295
1.2250405822e-08	0.000100661731267
1.22544988203e-08	7.1640330134e-05
1.22585918186e-08	3.24285101669e-05
1.22626848168e-08	-1.09174325189e-05
1.22667778151e-08	-5.16647050972e-05
1.22708708134e-08	-8.34906604723e-05
1.22749638116e-08	-0.000101515652204
1.22790568099e-08	-0.000103114143712
1.22831498082e-08	-8.83778120624e-05
1.22872428064e-08	-6.01446226938e-05
1.22913358047e-08	-2.35588522628e-05
1.2295428803e-08	1.47819509948e-05
1.22995218012e-08	4.79822447232e-05
1.23036147995e-08	7.00890959706e-05
1.23077077977e-08	7.71968334448e-05
1.2311800796e-08	6.81763340253e-05
1.23158937943e-08	4.48847495136e-05
1.23199867925e-08	1.18049374578e-05
1.23240797908e-08	-2.48063297477e-05
1.23281727891e-08	-5.8075216657e-05
1.23322657873e-08	-8.17604450276e-05
1.23363587856e-08	-9.1349837021e-05
1.23404517839e-08	-8.48538766149e-05
1.23445447821e-08	-6.31566799711e-05
1.23486377804e-08	-2.9894787076e-05
1.23527307787e-08	9.13476287678e-06
1.23568237769e-08	4.69620572403e-05
1.23609167752e-08	7.66796874814e-05
1.23650097735e-08	9.27361397771e-05
1.23691027717e-08	9.2028756626e-05
1.237319577e-08	7.45757279219e-05
1.23772887683e-08	4.35748443124e-05
1.23813817665e-08	4.82622772324e-06
1.23854747648e-08	-3.43970277754e-05
1.2389567763e-08	-6.67745698593e-05
1.23936607613e-08	-8.63567693159e-05
1.23977537596e-08	-8.96845886018e-05
1.24018467578e-08	-7.63813950471e-05
1.24059397561e-08	-4.91488353873e-05
1.24100327544e-08	-1.31880606205e-05
1.24141257526e-08	2.48045744229e-05
1.24182187509e-08	5.78845865675e-05
1.24223117492e-08	8.01297137514e-05
1.24264047474e-08	8.77337588463e-05
1.24304977457e-08	7.97307002358e-05
1.2434590744e-08	5.82069260417e-05
1.24386837422e-08	2.79365085589e-05
1.24427767405e-08	-4.53591928817e-06
1.24468697388e-08	-3.22006744682e-05
1.2450962737e-08	-4.90302409162e-05
1.24550557353e-08	-5.12573242304e-05
1.24591487335e-08	-3.81964127882e-05
1.24632417318e-08	-1.24235502881e-05
1.24673347301e-08	2.07284992939e-05
1.24714277283e-08	5.42444868188e-05
1.24755207266e-08	8.08333861642e-05
1.24796137249e-08	9.43800550885e-05
1.24837067231e-08	9.11536044441e-05
1.24877997214e-08	7.05552301952e-05
1.24918927197e-08	3.52705719706e-05
1.24959857179e-08	-9.18590285437e-06
1.25000787162e-08	-5.54587022634e-05
1.25041717145e-08	-9.56905860221e-05
1.25082647127e-08	-0.000122973855468
1.2512357711e-08	-0.000132651170134
1.25164507093e-08	-0.00012319876987
1.25205437075e-08	-9.65282815741e-05
1.25246367058e-08	-5.76226957492e-05
1.25287297041e-08	-1.35876261993e-05
1.25328227023e-08	2.77073377219e-05
1.25369157006e-08	5.91167408857e-05
1.25410086988e-08	7.55560176913e-05
1.25451016971e-08	7.49257451389e-05
1.25491946954e-08	5.84476729273e-05
1.25532876936e-08	3.03748765873e-05
1.25573806919e-08	-2.89022614197e-06
1.25614736902e-08	-3.40703409165e-05
1.25655666884e-08	-5.64593210584e-05
1.25696596867e-08	-6.5241343691e-05
1.2573752685e-08	-5.84281260672e-05
1.25778456832e-08	-3.72195027012e-05
1.25819386815e-08	-5.72235967411e-06
1.25860316798e-08	2.99069106404e-05
1.2590124678e-08	6.27167173661e-05
1.25942176763e-08	8.63278401084e-05
1.25983106746e-08	9.61657060543e-05
1.26024036728e-08	9.02935134945e-05
1.26064966711e-08	6.9735244324e-05
1.26105896694e-08	3.82389698643e-05
1.26146826676e-08	1.55168550009e-06
1.26187756659e-08	-3.36546254402e-05
1.26228686641e-08	-6.10227361904e-05
1.26269616624e-08	-7.56937661208e-05
1.26310546607e-08	-7.52285850467e-05
1.26351476589e-08	-6.0072139604e-05
1.26392406572e-08	-3.3470128983e-05
1.26433336555e-08	-8.11290078673e-07
1.26474266537e-08	3.14602657454e-05
1.2651519652e-08	5.71528435103e-05
1.26556126503e-08	7.15581409167e-05
1.26597056485e-08	7.23364646547e-05
1.26637986468e-08	5.98827682552e-05
1.26678916451e-08	3.71192581952e-05
1.26719846433e-08	8.80631341715e-06
1.26760776416e-08	-1.94548429135e-05
1.26801706399e-08	-4.2301024223e-05
1.26842636381e-08	-5.5583393987e-05
1.26883566364e-08	-5.70707052248e-05
1.26924496346e-08	-4.68081561849e-05
1.26965426329e-08	-2.70782475127e-05
1.27006356312e-08	-1.97420285986e-06
1.27047286294e-08	2.33588507399e-05
1.27088216277e-08	4.37008275185e-05
1.2712914626e-08	5.47798481421e-05
1.27170076242e-08	5.4136296967e-05
1.27211006225e-08	4.16276707256e-05
1.27251936208e-08	1.9466097001e-05
1.2729286619e-08	-8.25015285955e-06
1.27333796173e-08	-3.63812141586e-05
1.27374726156e-08	-5.97823527642e-05
1.27415656138e-08	-7.42912379792e-05
1.27456586121e-08	-7.74668296799e-05
1.27497516104e-08	-6.89556254656e-05
1.27538446086e-08	-5.0460032071e-05
1.27579376069e-08	-2.53558500845e-05
1.27620306052e-08	1.95099732991e-06
1.27661236034e-08	2.67948926194e-05
1.27702166017e-08	4.50531333627e-05
1.27743095999e-08	5.38385502296e-05
1.27784025982e-08	5.1994160458e-05
1.27824955965e-08	4.02894038416e-05
1.27865885947e-08	2.12696922972e-05
1.2790681593e-08	-1.22522294532e-06
1.27947745913e-08	-2.27934888244e-05
1.27988675895e-08	-3.93056252506e-05
1.28029605878e-08	-4.76757668366e-05
1.28070535861e-08	-4.64071927126e-05
1.28111465843e-08	-3.58251127182e-05
1.28152395826e-08	-1.79490889423e-05
1.28193325809e-08	3.93151776734e-06
1.28234255791e-08	2.58959844359e-05
1.28275185774e-08	4.41185147793e-05
1.28316115757e-08	5.55508086109e-05
1.28357045739e-08	5.8460598666e-05
1.28397975722e-08	5.27305601281e-05
1.28438905705e-08	3.98679840146e-05
1.28479835687e-08	2.27224172704e-05
1.2852076567e-08	4.95824406244e-06
1.28561695652e-08	-9.63114507613e-06
1.28602625635e-08	-1.78323352884e-05
1.28643555618e-08	-1.76274224941e-05
1.286844856e-08	-8.60135605762e-06
1.28725415583e-08	7.93080289441e-06
1.28766345566e-08	2.90921288979e-05
1.28807275548e-08	5.08830635226e-05
1.28848205531e-08	6.8834197009e-05
1.28889135514e-08	7.87698518252e-05
1.28930065496e-08	7.75731823524e-05
1.28970995479e-08	6.3822051743e-05
1.29011925462e-08	3.81629688491e-05
1.29052855444e-08	3.33816296916e-06
1.29093785427e-08	-3.61751663149e-05
1.2913471541e-08	-7.48639868107e-05
1.29175645392e-08	-0.000107100408059
1.29216575375e-08	-0.000128098618006
1.29257505358e-08	-0.000134736445034
1.2929843534e-08	-0.000126080136397
1.29339365323e-08	-0.000103539190604
1.29380295305e-08	-7.06464707037e-05
1.29421225288e-08	-3.2503179682e-05
1.29462155271e-08	5.00881196785e-06
1.29503085253e-08	3.6154735426e-05
1.29544015236e-08	5.62784334761e-05
1.29584945219e-08	6.26136315987e-05
1.29625875201e-08	5.48231473658e-05
1.29666805184e-08	3.51501294062e-05
1.29707735167e-08	8.09592165751e-06
1.29748665149e-08	-2.03565195989e-05
1.29789595132e-08	-4.38494607806e-05
1.29830525115e-08	-5.68825926166e-05
1.29871455097e-08	-5.58924366487e-05
1.2991238508e-08	-3.99698874389e-05
1.29953315063e-08	-1.10538649096e-05
1.29994245045e-08	2.64142909145e-05
1.30035175028e-08	6.62854290567e-05
1.3007610501e-08	0.000101783043647
1.30117034993e-08	0.000126669270685
1.30157964976e-08	0.00013630950707
1.30198894958e-08	0.000128480431158
1.30239824941e-08	0.000103806836705
1.30280754924e-08	6.57349592075e-05
1.30321684906e-08	2.00329577638e-05
1.30362614889e-08	-2.61461318587e-05
1.30403544872e-08	-6.55030598864e-05
1.30444474854e-08	-9.19068043004e-05
1.30485404837e-08	-0.000101538047602
1.3052633482e-08	-9.36040451052e-05
1.30567264802e-08	-7.04629928805e-05
1.30608194785e-08	-3.71305577573e-05
1.30649124768e-08	-2.734234954e-07
1.3069005475e-08	3.30850707542e-05
1.30730984733e-08	5.68820469198e-05
1.30771914716e-08	6.70965528116e-05
1.30812844698e-08	6.24173480901e-05
1.30853774681e-08	4.43877652287e-05
1.30894704663e-08	1.70347939275e-05
1.30935634646e-08	-1.39410249176e-05
1.30976564629e-08	-4.22740995418e-05
1.31017494611e-08	-6.23365922365e-05
1.31058424594e-08	-7.02372635715e-05
1.31099354577e-08	-6.45861000521e-05
1.31140284559e-08	-4.67846839456e-05
1.31181214542e-08	-2.07495177165e-05
1.31222144525e-08	7.87433600635e-06
1.31263074507e-08	3.28648093273e-05
1.3130400449e-08	4.87042125314e-05
1.31344934473e-08	5.17172084074e-05
1.31385864455e-08	4.08484811487e-05
1.31426794438e-08	1.78995724127e-05
1.31467724421e-08	-1.27881139633e-05
1.31508654403e-08	-4.51678351965e-05
1.31549584386e-08	-7.26525031496e-05
1.31590514369e-08	-8.94027471077e-05
1.31631444351e-08	-9.14850534173e-05
1.31672374334e-08	-7.76704982854e-05
1.31713304316e-08	-4.97209402965e-05
1.31754234299e-08	-1.20853474073e-05
1.31795164282e-08	2.89162162517e-05
1.31836094264e-08	6.62915481371e-05
1.31877024247e-08	9.36843862291e-05
1.3191795423e-08	0.000106564279122
1.31958884212e-08	0.000103048871097
1.31999814195e-08	8.42185690999e-05
1.32040744178e-08	5.38883032277e-05
1.3208167416e-08	1.78803602466e-05
1.32122604143e-08	-1.70475632331e-05
1.32163534126e-08	-4.4446780521e-05
1.32204464108e-08	-5.93589138589e-05
1.32245394091e-08	-5.92477445025e-05
1.32286324074e-08	-4.4478871132e-05
1.32327254056e-08	-1.8263957827e-05
1.32368184039e-08	1.39545372804e-05
1.32409114021e-08	4.55702102045e-05
1.32450044004e-08	7.0114270784e-05
1.32490973987e-08	8.25327588245e-05
1.32531903969e-08	8.01518035587e-05
1.32572833952e-08	6.31502189208e-05
1.32613763935e-08	3.44480358763e-05
1.32654693917e-08	-9.20301772567e-07
1.326956239e-08	-3.67983520846e-05
1.32736553883e-08	-6.70422159601e-05
1.32777483865e-08	-8.65936090122e-05
1.32818413848e-08	-9.23146362766e-05
1.32859343831e-08	-8.34770762594e-05
1.32900273813e-08	-6.18500998826e-05
1.32941203796e-08	-3.13741729769e-05
1.32982133779e-08	2.52978793469e-06
1.33023063761e-08	3.39243051712e-05
1.33063993744e-08	5.7426681451e-05
1.33104923727e-08	6.91929453751e-05
1.33145853709e-08	6.76040217513e-05
1.33186783692e-08	5.35131948709e-05
1.33227713674e-08	2.99882758554e-05
1.33268643657e-08	1.62881690358e-06
1.3330957364e-08	-2.63827678282e-05
1.33350503622e-08	-4.92679137096e-05
1.33391433605e-08	-6.34735406493e-05
1.33432363588e-08	-6.71907037031e-05
1.3347329357e-08	-6.05140521657e-05
1.33514223553e-08	-4.52785898233e-05
1.33555153536e-08	-2.46289873758e-05
1.33596083518e-08	-2.4325186132e-06
1.33637013501e-08	1.73945518327e-05
1.33677943484e-08	3.15392280754e-05
1.33718873466e-08	3.78455079044e-05
1.33759803449e-08	3.56699201802e-05
1.33800733432e-08	2.59710177488e-05
1.33841663414e-08	1.11021900011e-05
1.33882593397e-08	-5.66663584323e-06
1.3392352338e-08	-2.07858738577e-05
1.33964453362e-08	-3.1106545066e-05
1.34005383345e-08	-3.44365325873e-05
1.34046313327e-08	-2.98919621855e-05
1.3408724331e-08	-1.79770540853e-05
1.34128173293e-08	-4.23682649853e-07
1.34169103275e-08	2.01539878617e-05
1.34210033258e-08	4.07088191423e-05
1.34250963241e-08	5.82307984587e-05
1.34291893223e-08	7.01889875927e-05
1.34332823206e-08	7.48793318053e-05
1.34373753189e-08	7.16562499292e-05
1.34414683171e-08	6.10011047684e-05
1.34455613154e-08	4.44340403192e-05
1.34496543137e-08	2.42648184212e-05
1.34537473119e-08	3.23460653817e-06
1.34578403102e-08	-1.59021801664e-05
1.34619333085e-08	-3.0789145967e-05
1.34660263067e-08	-3.98019146814e-05
1.3470119305e-08	-4.227372483e-05
1.34742123032e-08	-3.85716084566e-05
1.34783053015e-08	-3.00268839055e-05
1.34823982998e-08	-1.87152836588e-05
1.3486491298e-08	-7.11877419235e-06
1.34905842963e-08	2.29553916142e-06
1.34946772946e-08	7.50232493374e-06
1.34987702928e-08	7.28310033082e-06
1.35028632911e-08	1.45131707541e-06
1.35069562894e-08	-9.10778362595e-06
1.35110492876e-08	-2.25856165343e-05
1.35151422859e-08	-3.65618907381e-05
1.35192352842e-08	-4.84045267513e-05
1.35233282824e-08	-5.56993327336e-05
1.35274212807e-08	-5.66391390748e-05
1.3531514279e-08	-5.03352930536e-05
1.35356072772e-08	-3.70091693185e-05
1.35397002755e-08	-1.80380884558e-05
1.35437932738e-08	4.1822354433e-06
1.3547886272e-08	2.65606868197e-05
1.35519792703e-08	4.58017057099e-05
1.35560722685e-08	5.89962510276e-05
1.35601652668e-08	6.41855804133e-05
1.35642582651e-08	6.07781912549e-05
1.35683512633e-08	4.96917054988e-05
1.35724442616e-08	3.31847695634e-05
1.35765372599e-08	1.44080813698e-05
1.35806302581e-08	-3.21001607517e-06
1.35847232564e-08	-1.66094505403e-05
1.35888162547e-08	-2.36376945395e-05
1.35929092529e-08	-2.33960672631e-05
1.35970022512e-08	-1.63616605278e-05
1.36010952495e-08	-4.2789474719e-06
1.36051882477e-08	1.01365985756e-05
1.3609281246e-08	2.36611667788e-05
1.36133742443e-08	3.31331029884e-05
1.36174672425e-08	3.60655794793e-05
1.36215602408e-08	3.11903349939e-05
1.36256532391e-08	1.88108206203e-05
1.36297462373e-08	8.55405005495e-07
1.36338392356e-08	-1.94278945855e-05
1.36379322338e-08	-3.80890414817e-05
1.36420252321e-08	-5.12904880452e-05
1.36461182304e-08	-5.61194683542e-05
1.36502112286e-08	-5.12110018462e-05
1.36543042269e-08	-3.70414418285e-05
1.36583972252e-08	-1.584011261e-05
1.36624902234e-08	8.8336510089e-06
1.36665832217e-08	3.2748648664e-05
1.367067622e-08	5.17560474691e-05
1.36747692182e-08	6.25147222308e-05
1.36788622165e-08	6.30744179944e-05
1.36829552148e-08	5.32363446837e-05
1.3687048213e-08	3.46286688e-05
1.36911412113e-08	1.04680284494e-05
1.36952342096e-08	-1.49734169099e-05
1.36993272078e-08	-3.71368732885e-05
1.37034202061e-08	-5.20305875398e-05
1.37075132044e-08	-5.70125957893e-05
1.37116062026e-08	-5.13235354447e-05
1.37156992009e-08	-3.62420869351e-05
1.37197921991e-08	-1.48368908413e-05
1.37238851974e-08	8.64454250404e-06
1.37279781957e-08	2.96070593322e-05
1.37320711939e-08	4.39906580141e-05
1.37361641922e-08	4.90245620313e-05
1.37402571905e-08	4.37293347204e-05
1.37443501887e-08	2.90698571916e-05
1.3748443187e-08	7.75737862568e-06
1.37525361853e-08	-1.62610140251e-05
1.37566291835e-08	-3.85422463296e-05
1.37607221818e-08	-5.4960954003e-05
1.37648151801e-08	-6.24713138677e-05
1.37689081783e-08	-5.96556128585e-05
1.37730011766e-08	-4.69692531624e-05
1.37770941749e-08	-2.6631707442e-05
1.37811871731e-08	-2.19599178308e-06
1.37852801714e-08	2.21165573748e-05
1.37893731696e-08	4.21838994953e-05
1.37934661679e-08	5.47057206859e-05
1.37975591662e-08	5.77696991968e-05
1.38016521644e-08	5.11547477799e-05
1.38057451627e-08	3.63450672012e-05
1.3809838161e-08	1.62375945365e-05
1.38139311592e-08	-5.39656275578e-06
1.38180241575e-08	-2.46073905146e-05
1.38221171558e-08	-3.79910743504e-05
1.3826210154e-08	-4.32969609392e-05
1.38303031523e-08	-3.98010233766e-05
1.38343961506e-08	-2.8364782338e-05
1.38384891488e-08	-1.11859189929e-05
1.38425821471e-08	8.69261202752e-06
1.38466751454e-08	2.79808846244e-05
1.38507681436e-08	4.37201524619e-05
1.38548611419e-08	5.3732052038e-05
1.38589541402e-08	5.68797331653e-05
1.38630471384e-08	5.31431287527e-05
1.38671401367e-08	4.35272268078e-05
1.38712331349e-08	2.98378436128e-05
1.38753261332e-08	1.43666848089e-05
1.38794191315e-08	-4.93319021189e-07
1.38835121297e-08	-1.26530012494e-05
1.3887605128e-08	-2.06856766454e-05
1.38916981263e-08	-2.40662993747e-05
1.38957911245e-08	-2.32243983191e-05
1.38998841228e-08	-1.93836713152e-05
1.39039771211e-08	-1.42332255564e-05
1.39080701193e-08	-9.52202299231e-06
1.39121631176e-08	-6.67358835926e-06
1.39162561159e-08	-6.54159839542e-06
1.39203491141e-08	-9.31966314965e-06
1.39244421124e-08	-1.46044894791e-05
1.39285351107e-08	-2.15468371607e-05
1.39326281089e-08	-2.90180541924e-05
1.39367211072e-08	-3.57661701855e-05
1.39408141055e-08	-4.05500359193e-05
1.39449071037e-08	-4.22828015871e-05
1.3949000102e-08	-4.0182567318e-05
1.39530931002e-08	-3.39400503435e-05
1.39571860985e-08	-2.38311367866e-05
1.39612790968e-08	-1.07497553472e-05
1.3965372095e-08	3.89580964111e-06
1.39694650933e-08	1.8406952222e-05
1.39735580916e-08	3.10791438096e-05
1.39776510898e-08	4.04926540796e-05
1.39817440881e-08	4.57126152469e-05
1.39858370864e-08	4.63994365418e-05
1.39899300846e-08	4.28044186265e-05
1.39940230829e-08	3.57046010322e-05
1.39981160812e-08	2.62876055785e-05
1.40022090794e-08	1.60185409186e-05
1.40063020777e-08	6.47231718176e-06
1.4010395076e-08	-8.7243552116e-07
1.40144880742e-08	-4.859314231e-06
1.40185810725e-08	-4.89122294312e-06
1.40226740707e-08	-1.08161839307e-06
1.4026767069e-08	5.69799703953e-06
1.40308600673e-08	1.3937255062e-05
1.40349530655e-08	2.17449469346e-05
1.40390460638e-08	2.7208147003e-05
1.40431390621e-08	2.87690600089e-05
1.40472320603e-08	2.5545088647e-05
1.40513250586e-08	1.75315872184e-05
1.40554180569e-08	5.63395315112e-06
1.40595110551e-08	-8.4468138084e-06
1.40636040534e-08	-2.24926134251e-05
1.40676970517e-08	-3.41419072356e-05
1.40717900499e-08	-4.13177767769e-05
1.40758830482e-08	-4.2628715164e-05
1.40799760465e-08	-3.76685202355e-05
1.40840690447e-08	-2.71423541562e-05
1.4088162043e-08	-1.27887396957e-05
1.40922550413e-08	2.89539593723e-06
1.40963480395e-08	1.70918465301e-05
1.41004410378e-08	2.71555709332e-05
1.4104534036e-08	3.11003495881e-05
1.41086270343e-08	2.79690138996e-05
1.41127200326e-08	1.80368915608e-05
1.41168130308e-08	2.80813992504e-06
1.41209060291e-08	-1.52007496581e-05
1.41249990274e-08	-3.28716560034e-05
1.41290920256e-08	-4.70278464491e-05
1.41331850239e-08	-5.50230834051e-05
1.41372780222e-08	-5.52607634745e-05
1.41413710204e-08	-4.75207962154e-05
1.41454640187e-08	-3.30220318574e-05
1.4149557017e-08	-1.41747077578e-05
1.41536500152e-08	5.90761828789e-06
1.41577430135e-08	2.40369136009e-05
1.41618360118e-08	3.75646231987e-05
1.416592901e-08	4.48468126706e-05
1.41700220083e-08	4.54757573607e-05
1.41741150066e-08	4.02626683353e-05
1.41782080048e-08	3.09972747345e-05
1.41823010031e-08	2.00567883439e-05
1.41863940013e-08	9.9428680187e-06
1.41904869996e-08	2.79930054603e-06
1.41945799979e-08	4.1063685785e-09
1.41986729961e-08	1.87798968909e-06
1.42027659944e-08	7.58990563554e-06
1.42068589927e-08	1.53041710291e-05
1.42109519909e-08	2.25727781071e-05
1.42150449892e-08	2.69069641945e-05
1.42191379875e-08	2.64053487626e-05
1.42232309857e-08	2.02724822884e-05
1.4227323984e-08	9.07455159904e-06
1.42314169823e-08	-5.32993362867e-06
1.42355099805e-08	-2.01918628591e-05
1.42396029788e-08	-3.24798020301e-05
1.42436959771e-08	-3.95472743548e-05
1.42477889753e-08	-3.9695900341e-05
1.42518819736e-08	-3.25256914948e-05
1.42559749718e-08	-1.90215669136e-05
1.42600679701e-08	-1.38760856316e-06
1.42641609684e-08	1.73226544575e-05
1.42682539666e-08	3.3728989365e-05
1.42723469649e-08	4.47118327429e-05
1.42764399632e-08	4.79955269839e-05
1.42805329614e-08	4.262047878e-05
1.42846259597e-08	2.9206608815e-05
1.4288718958e-08	9.92309469439e-06
1.42928119562e-08	-1.1866532077e-05
1.42969049545e-08	-3.22375635733e-05
1.43009979528e-08	-4.74887201563e-05
1.4305090951e-08	-5.4901393014e-05
1.43091839493e-08	-5.32999547431e-05
1.43132769476e-08	-4.32826273027e-05
1.43173699458e-08	-2.70847613137e-05
1.43214629441e-08	-8.10985602584e-06
1.43255559424e-08	9.75252078206e-06
1.43296489406e-08	2.28805674851e-05
1.43337419389e-08	2.86068843707e-05
1.43378349371e-08	2.57162701018e-05
1.43419279354e-08	1.46795973706e-05
1.43460209337e-08	-2.40962344833e-06
1.43501139319e-08	-2.21994032472e-05
1.43542069302e-08	-4.06769540859e-05
1.43582999285e-08	-5.39018037671e-05
1.43623929267e-08	-5.8749668824e-05
1.4366485925e-08	-5.35117433174e-05
1.43705789233e-08	-3.82398975489e-05
1.43746719215e-08	-1.47658556671e-05
1.43787649198e-08	1.36125572681e-05
1.43828579181e-08	4.27091399615e-05
1.43869509163e-08	6.8174675107e-05
1.43910439146e-08	8.62454471644e-05
1.43951369129e-08	9.4374147011e-05
1.43992299111e-08	9.16396238608e-05
1.44033229094e-08	7.88727702457e-05
1.44074159077e-08	5.84681765758e-05
1.44115089059e-08	3.39268553944e-05
1.44156019042e-08	9.20928323467e-06
1.44196949024e-08	-1.19749383884e-05
1.44237879007e-08	-2.68033036264e-05
1.4427880899e-08	-3.37804085575e-05
1.44319738972e-08	-3.2903662941e-05
1.44360668955e-08	-2.55485101661e-05
1.44401598938e-08	-1.41171167343e-05
1.4444252892e-08	-1.54721760737e-06
1.44483458903e-08	9.2216196208e-06
1.44524388886e-08	1.57366685016e-05
1.44565318868e-08	1.64142529684e-05
1.44606248851e-08	1.07773648779e-05
1.44647178834e-08	-4.77899448015e-07
1.44688108816e-08	-1.55926572916e-05
1.44729038799e-08	-3.20412837027e-05
1.44769968782e-08	-4.6969144023e-05
1.44810898764e-08	-5.77115497435e-05
1.44851828747e-08	-6.2288614572e-05
1.4489275873e-08	-5.97634170845e-05
1.44933688712e-08	-5.03892406414e-05
1.44974618695e-08	-3.55116353603e-05
1.45015548677e-08	-1.72810687218e-05
1.4505647866e-08	1.75522404788e-06
1.45097408643e-08	1.90615046449e-05
1.45138338625e-08	3.2461808587e-05
1.45179268608e-08	4.03895755881e-05
1.45220198591e-08	4.20390897489e-05
1.45261128573e-08	3.74499541067e-05
1.45302058556e-08	2.75153724942e-05
1.45342988539e-08	1.39119238156e-05
1.45383918521e-08	-1.09377572244e-06
1.45424848504e-08	-1.49481056724e-05
1.45465778487e-08	-2.52203935815e-05
1.45506708469e-08	-3.00220563076e-05
1.45547638452e-08	-2.83515601041e-05
1.45588568435e-08	-2.02820083359e-05
1.45629498417e-08	-6.93140918884e-06
1.456704284e-08	9.73986971076e-06
1.45711358382e-08	2.72701672657e-05
1.45752288365e-08	4.30687796324e-05
1.45793218348e-08	5.47802192159e-05
1.4583414833e-08	6.05844361417e-05
1.45875078313e-08	5.94367229496e-05
1.45916008296e-08	5.12317747052e-05
1.45956938278e-08	3.68714390788e-05
1.45997868261e-08	1.82145704457e-05
1.46038798244e-08	-2.14079364014e-06
1.46079728226e-08	-2.12196591747e-05
1.46120658209e-08	-3.61647180398e-05
1.46161588192e-08	-4.4738415454e-05
1.46202518174e-08	-4.57491114503e-05
1.46243448157e-08	-3.92842193833e-05
1.4628437814e-08	-2.66995884886e-05
1.46325308122e-08	-1.03789780042e-05
1.46366238105e-08	6.69727569402e-06
1.46407168088e-08	2.14691044675e-05
1.4644809807e-08	3.13202945108e-05
1.46489028053e-08	3.45093940268e-05
1.46529958035e-08	3.04657987726e-05
1.46570888018e-08	1.98873312911e-05
1.46611818001e-08	4.63835749542e-06
1.46652747983e-08	-1.25579435917e-05
1.46693677966e-08	-2.85925216303e-05
1.46734607949e-08	-4.05256942031e-05
1.46775537931e-08	-4.61365780211e-05
1.46816467914e-08	-4.43476237706e-05
1.46857397897e-08	-3.54478142981e-05
1.46898327879e-08	-2.10557082028e-05
1.46939257862e-08	-3.83462156606e-06
1.46980187845e-08	1.29936888698e-05
1.47021117827e-08	2.62425164692e-05
1.4706204781e-08	3.33582502208e-05
1.47102977793e-08	3.29131144099e-05
1.47143907775e-08	2.49058612098e-05
1.47184837758e-08	1.08016556624e-05
1.47225767741e-08	-6.70661484037e-06
1.47266697723e-08	-2.41825764533e-05
1.47307627706e-08	-3.80933706765e-05
1.47348557688e-08	-4.54878390883e-05
1.47389487671e-08	-4.45713849331e-05
1.47430417654e-08	-3.50510526914e-05
1.47471347636e-08	-1.81930827239e-05
1.47512277619e-08	3.41904183188e-06
1.47553207602e-08	2.63477013505e-05
1.47594137584e-08	4.68994985567e-05
1.47635067567e-08	6.17388650426e-05
1.4767599755e-08	6.84316983097e-05
1.47716927532e-08	6.58412391203e-05
1.47757857515e-08	5.43236747035e-05
1.47798787498e-08	3.56998134521e-05
1.4783971748e-08	1.29720556288e-05
1.47880647463e-08	-1.01615623862e-05
1.47921577446e-08	-2.99574858218e-05
1.47962507428e-08	-4.33013992733e-05
1.48003437411e-08	-4.82798459416e-05
1.48044367393e-08	-4.45115292678e-05
1.48085297376e-08	-3.31647897838e-05
1.48126227359e-08	-1.66658392118e-05
1.48167157341e-08	1.82120493264e-06
1.48208087324e-08	1.89973470697e-05
1.48249017307e-08	3.20038234349e-05
1.48289947289e-08	3.883538011e-05
1.48330877272e-08	3.85860512324e-05
1.48371807255e-08	3.1502728234e-05
1.48412737237e-08	1.88926733244e-05
1.4845366722e-08	2.91087803816e-06
1.48494597203e-08	-1.376234286e-05
1.48535527185e-08	-2.83178233076e-05
1.48576457168e-08	-3.82660182368e-05
1.48617387151e-08	-4.18515119236e-05
1.48658317133e-08	-3.83681472158e-05
1.48699247116e-08	-2.82770197373e-05
1.48740177099e-08	-1.31159231387e-05
1.48781107081e-08	4.79904520034e-06
1.48822037064e-08	2.27845885092e-05
1.48862967046e-08	3.82162106689e-05
1.48903897029e-08	4.88896403112e-05
1.48944827012e-08	5.32517879037e-05
1.48985756994e-08	5.05286625412e-05
1.49026686977e-08	4.07584302593e-05
1.4906761696e-08	2.47758362093e-05
1.49108546942e-08	4.14879377786e-06
1.49149476925e-08	-1.89362490346e-05
1.49190406908e-08	-4.1872041038e-05
1.4923133689e-08	-6.19100901531e-05
1.49272266873e-08	-7.65028162277e-05
1.49313196856e-08	-8.36604158394e-05
1.49354126838e-08	-8.224172052e-05
1.49395056821e-08	-7.21377000446e-05
1.49435986804e-08	-5.43057794857e-05
1.49476916786e-08	-3.06640431518e-05
1.49517846769e-08	-3.86103556593e-06
1.49558776752e-08	2.30388050113e-05
1.49599706734e-08	4.69296974188e-05
1.49640636717e-08	6.50586007396e-05
1.49681566699e-08	7.54001812311e-05
1.49722496682e-08	7.69687321736e-05
1.49763426665e-08	7.00011005392e-05
1.49804356647e-08	5.59661930311e-05
1.4984528663e-08	3.73737275368e-05
1.49886216613e-08	1.73967036972e-05
1.49927146595e-08	-6.40179678157e-07
1.49968076578e-08	-1.38142559081e-05
1.50009006561e-08	-2.01158782147e-05
1.50049936543e-08	-1.88132435142e-05
1.50090866526e-08	-1.06093793875e-05
1.50131796509e-08	2.44536113314e-06
1.50172726491e-08	1.72909058165e-05
1.50213656474e-08	3.03917950077e-05
1.50254586457e-08	3.83958467864e-05
1.50295516439e-08	3.87963409594e-05
1.50336446422e-08	3.04661043629e-05
1.50377376405e-08	1.39487410706e-05
1.50418306387e-08	-8.56183032738e-06
1.5045923637e-08	-3.35673175869e-05
1.50500166352e-08	-5.68596587982e-05
1.50541096335e-08	-7.42587653804e-05
1.50582026318e-08	-8.23577283882e-05
1.506229563e-08	-7.91312122601e-05
1.50663886283e-08	-6.4331543399e-05
1.50704816266e-08	-3.95997631131e-05
1.50745746248e-08	-8.27686835692e-06
1.50786676231e-08	2.50605808105e-05
1.50827606214e-08	5.53004792891e-05
1.50868536196e-08	7.7632299508e-05
1.50909466179e-08	8.83851826075e-05
1.50950396162e-08	8.57146296767e-05
1.50991326144e-08	6.99877928128e-05
1.51032256127e-08	4.37565686298e-05
1.5107318611e-08	1.13189116746e-05
1.51114116092e-08	-2.206004865e-05
1.51155046075e-08	-5.10985191795e-05
1.51195976057e-08	-7.14118214091e-05
1.5123690604e-08	-8.02250797278e-05
1.51277836023e-08	-7.67570309108e-05
1.51318766005e-08	-6.22507577646e-05
1.51359695988e-08	-3.96770083171e-05
1.51400625971e-08	-1.31902515932e-05
1.51441555953e-08	1.2575319488e-05
1.51482485936e-08	3.32716663252e-05
1.51523415919e-08	4.55608242191e-05
1.51564345901e-08	4.76966306451e-05
1.51605275884e-08	3.98431366193e-05
1.51646205867e-08	2.40604567807e-05
1.51687135849e-08	3.9176024984e-06
1.51728065832e-08	-1.6199919628e-05
1.51768995815e-08	-3.19567989209e-05
1.51809925797e-08	-3.99201780965e-05
1.5185085578e-08	-3.82097023248e-05
1.51891785763e-08	-2.68188359769e-05
1.51932715745e-08	-7.55704695621e-06
1.51973645728e-08	1.63330860232e-05
1.5201457571e-08	4.07920088037e-05
1.52055505693e-08	6.16439574515e-05
1.52096435676e-08	7.52825653763e-05
1.52137365658e-08	7.92401115177e-05
1.52178295641e-08	7.25709542166e-05
1.52219225624e-08	5.60162225156e-05
1.52260155606e-08	3.19066930388e-05
1.52301085589e-08	3.80950245926e-06
1.52342015572e-08	-2.40401896008e-05
1.52382945554e-08	-4.74417392979e-05
1.52423875537e-08	-6.29439964541e-05
1.5246480552e-08	-6.8420151365e-05
1.52505735502e-08	-6.34079042356e-05
1.52546665485e-08	-4.91404935019e-05
1.52587595468e-08	-2.82766159216e-05
1.5262852545e-08	-4.41025531472e-06
1.52669455433e-08	1.85514309123e-05
1.52710385416e-08	3.7023499317e-05
1.52751315398e-08	4.8286816309e-05
1.52792245381e-08	5.08778648509e-05
1.52833175363e-08	4.47689926659e-05
1.52874105346e-08	3.13199416269e-05
1.52915035329e-08	1.30209109557e-05
1.52955965311e-08	-6.94897516951e-06
1.52996895294e-08	-2.52645841101e-05
1.53037825277e-08	-3.9017839299e-05
1.53078755259e-08	-4.61987219751e-05
1.53119685242e-08	-4.601798355e-05
1.53160615225e-08	-3.90163841075e-05
1.53201545207e-08	-2.69521624432e-05
1.5324247519e-08	-1.24836715258e-05
1.53283405173e-08	1.30236458062e-06
1.53324335155e-08	1.14387303256e-05
1.53365265138e-08	1.56357673404e-05
1.53406195121e-08	1.27323173729e-05
1.53447125103e-08	2.98410213873e-06
1.53488055086e-08	-1.19049891509e-05
1.53528985068e-08	-2.90205134661e-05
1.53569915051e-08	-4.47231686849e-05
1.53610845034e-08	-5.53007303097e-05
1.53651775016e-08	-5.76559759793e-05
1.53692704999e-08	-4.99105080962e-05
1.53733634982e-08	-3.1791129004e-05
1.53774564964e-08	-4.76725426779e-06
1.53815494947e-08	2.81126613118e-05
1.5385642493e-08	6.26166292932e-05
1.53897354912e-08	9.39208621276e-05
1.53938284895e-08	0.000117315568787
1.53979214878e-08	0.000128938350827
1.5402014486e-08	0.000126443512272
1.54061074843e-08	0.000109481981781
1.54102004826e-08	7.99032713985e-05
1.54142934808e-08	4.15666036133e-05
1.54183864791e-08	-2.02151568374e-07
1.54224794774e-08	-3.94804592361e-05
1.54265724756e-08	-7.07545841578e-05
1.54306654739e-08	-8.98687867448e-05
1.54347584721e-08	-9.4730858109e-05
1.54388514704e-08	-8.56202968862e-05
1.54429444687e-08	-6.50782094453e-05
1.54470374669e-08	-3.74054579879e-05
1.54511304652e-08	-7.90296689956e-06
1.54552234635e-08	1.80379338417e-05
1.54593164617e-08	3.58205179509e-05
1.546340946e-08	4.24130885222e-05
1.54675024583e-08	3.68713335774e-05
1.54715954565e-08	2.0532108465e-05
1.54756884548e-08	-3.17214085044e-06
1.54797814531e-08	-2.93064913421e-05
1.54838744513e-08	-5.23309136042e-05
1.54879674496e-08	-6.71797024552e-05
1.54920604479e-08	-7.02801044099e-05
1.54961534461e-08	-6.03062580922e-05
1.55002464444e-08	-3.84852755815e-05
1.55043394427e-08	-8.39139465825e-06
1.55084324409e-08	2.47309890256e-05
1.55125254392e-08	5.49574542674e-05
1.55166184374e-08	7.67821475165e-05
1.55207114357e-08	8.61228982103e-05
1.5524804434e-08	8.1041129306e-05
1.55288974322e-08	6.20956561761e-05
1.55329904305e-08	3.22623527609e-05
1.55370834288e-08	-3.55128895535e-06
1.5541176427e-08	-3.93251320929e-05
1.55452694253e-08	-6.89569569658e-05
1.55493624236e-08	-8.73373501236e-05
1.55534554218e-08	-9.12712348509e-05
1.55575484201e-08	-8.00720226835e-05
1.55616414184e-08	-5.56983068236e-05
1.55657344166e-08	-2.23869064939e-05
1.55698274149e-08	1.41432938108e-05
1.55739204132e-08	4.77636567666e-05
1.55780134114e-08	7.30658357497e-05
1.55821064097e-08	8.63307359396e-05
1.55861994079e-08	8.61477456056e-05
1.55902924062e-08	7.3592622357e-05
1.55943854045e-08	5.19320346939e-05
1.55984784027e-08	2.59321459453e-05
1.5602571401e-08	9.05785782379e-07
1.56066643993e-08	-1.83240063052e-05
1.56107573975e-08	-2.83487570414e-05
1.56148503958e-08	-2.78120933217e-05
1.56189433941e-08	-1.76368084794e-05
1.56230363923e-08	-8.04453975434e-07
1.56271293906e-08	1.8280945369e-05
1.56312223889e-08	3.46938068105e-05
1.56353153871e-08	4.39917275799e-05
1.56394083854e-08	4.31117841799e-05
1.56435013837e-08	3.09993665724e-05
1.56475943819e-08	8.85609188117e-06
1.56516873802e-08	-2.00382091862e-05
1.56557803785e-08	-5.08844168507e-05
1.56598733767e-08	-7.82225251896e-05
1.5663966375e-08	-9.6927760751e-05
1.56680593732e-08	-0.000103181504528
1.56721523715e-08	-9.52244154178e-05
1.56762453698e-08	-7.37462978577e-05
1.5680338368e-08	-4.18067102146e-05
1.56844313663e-08	-4.30203726864e-06
1.56885243646e-08	3.29274771502e-05
1.56926173628e-08	6.41707738396e-05
1.56967103611e-08	8.48577183206e-05
1.57008033594e-08	9.23338084249e-05
1.57048963576e-08	8.62379311002e-05
1.57089893559e-08	6.84515398461e-05
1.57130823542e-08	4.26661026722e-05
1.57171753524e-08	1.36714515975e-05
1.57212683507e-08	-1.3499187844e-05
1.5725361349e-08	-3.44257932738e-05
1.57294543472e-08	-4.60373594251e-05
1.57335473455e-08	-4.71179955639e-05
1.57376403438e-08	-3.84846316592e-05
1.5741733342e-08	-2.2803338652e-05
1.57458263403e-08	-4.04167531087e-06
1.57499193385e-08	1.33487001222e-05
1.57540123368e-08	2.53610414802e-05
1.57581053351e-08	2.92736513074e-05
1.57621983333e-08	2.42052701651e-05
1.57662913316e-08	1.12683173938e-05
1.57703843299e-08	-6.70890540277e-06
1.57744773281e-08	-2.58022555499e-05
1.57785703264e-08	-4.18009622081e-05
1.57826633247e-08	-5.10310346726e-05
1.57867563229e-08	-5.10340323672e-05
1.57908493212e-08	-4.1001385398e-05
1.57949423195e-08	-2.192203101e-05
1.57990353177e-08	3.56345390173e-06
1.5803128316e-08	3.15746219712e-05
1.58072213143e-08	5.76130732952e-05
1.58113143125e-08	7.73209540057e-05
1.58154073108e-08	8.72543168953e-05
1.58195003091e-08	8.5531239165e-05
1.58235933073e-08	7.22201220924e-05
1.58276863056e-08	4.93657353218e-05
1.58317793038e-08	2.06308886845e-05
1.58358723021e-08	-9.38023185881e-06
1.58399653004e-08	-3.59718906111e-05
1.58440582986e-08	-5.52040000912e-05
1.58481512969e-08	-6.45638428978e-05
1.58522442952e-08	-6.33458548691e-05
1.58563372934e-08	-5.2694704209e-05
1.58604302917e-08	-3.53260620614e-05
1.586452329e-08	-1.49916195369e-05
1.58686162882e-08	4.20659853262e-06
1.58727092865e-08	1.85495227925e-05
1.58768022848e-08	2.53655798588e-05
1.5880895283e-08	2.35101342696e-05
1.58849882813e-08	1.35863538162e-05
1.58890812796e-08	-2.15882073462e-06
1.58931742778e-08	-2.02495066333e-05
1.58972672761e-08	-3.66399763152e-05
1.59013602743e-08	-4.74974804092e-05
1.59054532726e-08	-4.99587258673e-05
1.59095462709e-08	-4.27106788266e-05
1.59136392691e-08	-2.62868088612e-05
1.59177322674e-08	-3.02348962578e-06
1.59218252657e-08	2.33255104831e-05
1.59259182639e-08	4.82357281726e-05
1.59300112622e-08	6.72300011502e-05
1.59341042605e-08	7.67029487179e-05
1.59381972587e-08	7.46226069168e-05
1.5942290257e-08	6.09606286162e-05
1.59463832553e-08	3.77581782232e-05
1.59504762535e-08	8.81320829649e-06
1.59545692518e-08	-2.09805439226e-05
1.59586622501e-08	-4.6500863391e-05
1.59627552483e-08	-6.33214003756e-05
1.59668482466e-08	-6.8505985837e-05
1.59709412449e-08	-6.11461509834e-05
1.59750342431e-08	-4.25302641816e-05
1.59791272414e-08	-1.59470764629e-05
1.59832202396e-08	1.38589766721e-05
1.59873132379e-08	4.14951573475e-05
1.59914062362e-08	6.18504709564e-05
1.59954992344e-08	7.10333042662e-05
1.59995922327e-08	6.71190427965e-05
1.6003685231e-08	5.05849166075e-05
1.60077782292e-08	2.42992009589e-05
1.60118712275e-08	-6.95021844876e-06
1.60159642258e-08	-3.73359798687e-05
1.6020057224e-08	-6.1104503402e-05
1.60241502223e-08	-7.3695613537e-05
1.60282432206e-08	-7.26407452021e-05
1.60323362188e-08	-5.80348132644e-05
1.60364292171e-08	-3.25224682456e-05
1.60405222154e-08	-7.92645550973e-07
1.60446152136e-08	3.12778211082e-05
1.60487082119e-08	5.76894526603e-05
1.60528012102e-08	7.33933411539e-05
1.60568942084e-08	7.52124469727e-05
1.60609872067e-08	6.24643726042e-05
1.60650802049e-08	3.71666828869e-05
1.60691732032e-08	3.77990909328e-06
1.60732662015e-08	-3.15259749186e-05
1.60773591997e-08	-6.19671627646e-05
1.6081452198e-08	-8.14374943729e-05
1.60855451963e-08	-8.57294362504e-05
1.60896381945e-08	-7.34311179258e-05
1.60937311928e-08	-4.62856987724e-05
1.60978241911e-08	-8.92355183169e-06
1.61019171893e-08	3.19863647746e-05
1.61060101876e-08	6.89856969984e-05
1.61101031859e-08	9.52181289904e-05
1.61141961841e-08	0.000105696730316
1.61182891824e-08	9.82062192634e-05
1.61223821807e-08	7.37124864827e-05
1.61264751789e-08	3.6210680264e-05
1.61305681772e-08	-7.95004416432e-06
1.61346611754e-08	-5.11536563863e-05
1.61387541737e-08	-8.58493513078e-05
1.6142847172e-08	-0.000105913146399
1.61469401702e-08	-0.000107782820123
1.61510331685e-08	-9.11667593755e-05
1.61551261668e-08	-5.91502757743e-05
1.6159219165e-08	-1.76545436261e-05
1.61633121633e-08	2.5653753255e-05
1.61674051616e-08	6.28141424386e-05
1.61714981598e-08	8.70775402291e-05
1.61755911581e-08	9.41771941143e-05
1.61796841564e-08	8.31108918646e-05
1.61837771546e-08	5.63023349969e-05
1.61878701529e-08	1.91069957509e-05
1.61919631512e-08	-2.12086270039e-05
1.61960561494e-08	-5.68401046621e-05
1.62001491477e-08	-8.09050543467e-05
1.6204242146e-08	-8.87228670763e-05
1.62083351442e-08	-7.87004246376e-05
1.62124281425e-08	-5.26276999153e-05
1.62165211407e-08	-1.53566652443e-05
1.6220614139e-08	2.61134082393e-05
1.62247071373e-08	6.39493373455e-05
1.62288001355e-08	9.0965317213e-05
1.62328931338e-08	0.000101976715086
1.62369861321e-08	9.47773805819e-05
1.62410791303e-08	7.0556976425e-05
1.62451721286e-08	3.3676817111e-05
1.62492651269e-08	-9.12749419513e-06
1.62533581251e-08	-5.00002315675e-05
1.62574511234e-08	-8.14100349089e-05
1.62615441217e-08	-9.75580333034e-05
1.62656371199e-08	-9.54620700213e-05
1.62697301182e-08	-7.55255241529e-05
1.62738231165e-08	-4.14657697547e-05
1.62779161147e-08	3.93266418541e-07
1.6282009113e-08	4.23220153607e-05
1.62861021113e-08	7.6662247011e-05
1.62901951095e-08	9.72527777776e-05
1.62942881078e-08	0.000100557954283
1.6298381106e-08	8.62543383846e-05
1.63024741043e-08	5.7206107158e-05
1.63065671026e-08	1.88549402083e-05
1.63106601008e-08	-2.18338718696e-05
1.63147530991e-08	-5.76598322368e-05
1.63188460974e-08	-8.24823655421e-05
1.63229390956e-08	-9.23002517084e-05
1.63270320939e-08	-8.59527572175e-05
1.63311250922e-08	-6.52951785014e-05
1.63352180904e-08	-3.48394023604e-05
1.63393110887e-08	-8.77008915268e-07
1.6343404087e-08	2.97513142868e-05
1.63474970852e-08	5.10069658048e-05
1.63515900835e-08	5.88624097873e-05
1.63556830818e-08	5.20934117958e-05
1.635977608e-08	3.24942666339e-05
1.63638690783e-08	4.47233560408e-06
1.63679620765e-08	-2.58761319856e-05
1.63720550748e-08	-5.19996392541e-05
1.63761480731e-08	-6.81625169818e-05
1.63802410713e-08	-7.052384899e-05
1.63843340696e-08	-5.78258550377e-05
1.63884270679e-08	-3.16077785101e-05
1.63925200661e-08	4.05968876294e-06
1.63966130644e-08	4.327554052e-05
1.64007060627e-08	7.93154904386e-05
1.64047990609e-08	0.000105801533209
1.64088920592e-08	0.000117847950605
1.64129850575e-08	0.000112971290946
1.64170780557e-08	9.15911732591e-05
1.6421171054e-08	5.70035881537e-05
1.64252640523e-08	1.48003864524e-05
1.64293570505e-08	-2.81479042314e-05
1.64334500488e-08	-6.49494759273e-05
1.64375430471e-08	-8.99320366443e-05
1.64416360453e-08	-9.96139715426e-05
1.64457290436e-08	-9.32382754399e-05
1.64498220418e-08	-7.27968508727e-05
1.64539150401e-08	-4.25726611866e-05
1.64580080384e-08	-8.31659690448e-06
1.64621010366e-08	2.37811946135e-05
1.64661940349e-08	4.81566312374e-05
1.64702870332e-08	6.08001282671e-05
1.64743800314e-08	5.99097620579e-05
1.64784730297e-08	4.61642848677e-05
1.6482566028e-08	2.25643998419e-05
1.64866590262e-08	-6.13826887275e-06
1.64907520245e-08	-3.43260762747e-05
1.64948450228e-08	-5.6553115428e-05
1.6498938021e-08	-6.85429840814e-05
1.65030310193e-08	-6.79509612382e-05
1.65071240176e-08	-5.47593663214e-05
1.65112170158e-08	-3.12376323564e-05
1.65153100141e-08	-1.48854269355e-06
1.65194030124e-08	2.93143821182e-05
1.65234960106e-08	5.58624051337e-05
1.65275890089e-08	7.36438523745e-05
1.65316820071e-08	7.97179382062e-05
1.65357750054e-08	7.32028274797e-05
1.65398680037e-08	5.53913778276e-05
1.65439610019e-08	2.94829296763e-05
1.65480540002e-08	-1.52267602971e-08
1.65521469985e-08	-2.81077118416e-05
1.65562399967e-08	-5.01923714182e-05
1.6560332995e-08	-6.28373745712e-05
1.65644259933e-08	-6.43324310658e-05
1.65685189915e-08	-5.49075848539e-05
1.65726119898e-08	-3.66186177416e-05
1.65767049881e-08	-1.29335176098e-05
1.65807979863e-08	1.1910993635e-05
1.65848909846e-08	3.36521989084e-05
1.65889839829e-08	4.87421857542e-05
1.65930769811e-08	5.49571122974e-05
1.65971699794e-08	5.1764982345e-05
1.66012629777e-08	4.0379967686e-05
1.66053559759e-08	2.3486201826e-05
1.66094489742e-08	4.66303436042e-06
1.66135419724e-08	-1.23576928672e-05
1.66176349707e-08	-2.44492275669e-05
1.6621727969e-08	-2.97006845358e-05
1.66258209672e-08	-2.77354720311e-05
1.66299139655e-08	-1.97052995645e-05
1.66340069638e-08	-7.96932727098e-06
1.6638099962e-08	4.43847829956e-06
1.66421929603e-08	1.44367058965e-05
1.66462859586e-08	1.9498540496e-05
1.66503789568e-08	1.81347568287e-05
1.66544719551e-08	1.01923860711e-05
1.66585649534e-08	-3.07222717311e-06
1.66626579516e-08	-1.91659892153e-05
1.66667509499e-08	-3.47763307218e-05
1.66708439482e-08	-4.63802134618e-05
1.66749369464e-08	-5.09601923113e-05
1.66790299447e-08	-4.66718920507e-05
1.66831229429e-08	-3.33182360919e-05
1.66872159412e-08	-1.24934649648e-05
1.66913089395e-08	1.26531449496e-05
1.66954019377e-08	3.79936209356e-05
1.6699494936e-08	5.92065625824e-05
1.67035879343e-08	7.25941499695e-05
1.67076809325e-08	7.5759991887e-05
1.67117739308e-08	6.80182492943e-05
1.67158669291e-08	5.04899799125e-05
1.67199599273e-08	2.58888139797e-05
1.67240529256e-08	-1.93966434381e-06
1.67281459239e-08	-2.86540707748e-05
1.67322389221e-08	-5.01238428114e-05
1.67363319204e-08	-6.31251023151e-05
1.67404249187e-08	-6.58960270812e-05
1.67445179169e-08	-5.84589579375e-05
1.67486109152e-08	-4.26300393883e-05
1.67527039135e-08	-2.16713378904e-05
1.67567969117e-08	3.40642145602e-07
1.676088991e-08	1.93285104615e-05
1.67649829082e-08	3.20194085361e-05
1.67690759065e-08	3.65759624401e-05
1.67731689048e-08	3.29041940859e-05
1.6777261903e-08	2.26055344683e-05
1.67813549013e-08	8.57659779285e-06
1.67854478996e-08	-5.62524019188e-06
1.67895408978e-08	-1.65147721418e-05
1.67936338961e-08	-2.13854764297e-05
1.67977268944e-08	-1.88317098946e-05
1.68018198926e-08	-9.03716500034e-06
1.68059128909e-08	6.25549637334e-06
1.68100058892e-08	2.40616609517e-05
1.68140988874e-08	4.07275183534e-05
1.68181918857e-08	5.26432995684e-05
1.6822284884e-08	5.6965945987e-05
1.68263778822e-08	5.22068767168e-05
1.68304708805e-08	3.85542589356e-05
1.68345638788e-08	1.78753452929e-05
1.6838656877e-08	-6.62842285237e-06
1.68427498753e-08	-3.1006631616e-05
1.68468428735e-08	-5.13101767865e-05
1.68509358718e-08	-6.43194798613e-05
1.68550288701e-08	-6.81403835188e-05
1.68591218683e-08	-6.25481188763e-05
1.68632148666e-08	-4.90030215587e-05
1.68673078649e-08	-3.03520791931e-05
1.68714008631e-08	-1.02456842797e-05
1.68754938614e-08	7.5946245488e-06
1.68795868597e-08	2.01322818612e-05
1.68836798579e-08	2.56084495049e-05
1.68877728562e-08	2.38705033553e-05
1.68918658545e-08	1.63416225405e-05
1.68959588527e-08	5.65906520933e-06
1.6900051851e-08	-4.93067636853e-06
1.69041448493e-08	-1.22889250633e-05
1.69082378475e-08	-1.40453039421e-05
1.69123308458e-08	-9.09413211048e-06
1.6916423844e-08	2.17962315219e-06
1.69205168423e-08	1.79473699973e-05
1.69246098406e-08	3.5265868064e-05
1.69287028388e-08	5.06162505189e-05
1.69327958371e-08	6.0574762756e-05
1.69368888354e-08	6.25091051916e-05
1.69409818336e-08	5.51606281078e-05
1.69450748319e-08	3.89896085835e-05
1.69491678302e-08	1.61825464602e-05
1.69532608284e-08	-9.70662313193e-06
1.69573538267e-08	-3.44297586707e-05
1.6961446825e-08	-5.38781459909e-05
1.69655398232e-08	-6.49003632134e-05
1.69696328215e-08	-6.5905151132e-05
1.69737258198e-08	-5.71271157241e-05
1.6977818818e-08	-4.051524229e-05
1.69819118163e-08	-1.92957977561e-05
1.69860048146e-08	2.67249811259e-06
1.69900978128e-08	2.16137159441e-05
1.69941908111e-08	3.44943255186e-05
1.69982838093e-08	3.95262941311e-05
1.70023768076e-08	3.64519946743e-05
1.70064698059e-08	2.6565270673e-05
1.70105628041e-08	1.24533071357e-05
1.70146558024e-08	-2.50403400059e-06
1.70187488007e-08	-1.48267781697e-05
1.70228417989e-08	-2.16691569221e-05
1.70269347972e-08	-2.1453754016e-05
1.70310277955e-08	-1.42461176438e-05
1.70351207937e-08	-1.76318053491e-06
1.7039213792e-08	1.29933632707e-05
1.70433067903e-08	2.63951769739e-05
1.70473997885e-08	3.49842302967e-05
1.70514927868e-08	3.62250757462e-05
1.70555857851e-08	2.90404968837e-05
1.70596787833e-08	1.40571210068e-05
1.70637717816e-08	-6.4961282078e-06
1.70678647799e-08	-2.91717733489e-05
1.70719577781e-08	-4.99060515722e-05
1.70760507764e-08	-6.47343986202e-05
1.70801437746e-08	-7.05010752426e-05
1.70842367729e-08	-6.54621253489e-05
1.70883297712e-08	-4.9658385251e-05
1.70924227694e-08	-2.49964359682e-05
1.70965157677e-08	5.01576914758e-06
1.7100608766e-08	3.58335128112e-05
1.71047017642e-08	6.26578403171e-05
1.71087947625e-08	8.12772923382e-05
1.71128877608e-08	8.88139620656e-05
1.7116980759e-08	8.42224690132e-05
1.71210737573e-08	6.84495171299e-05
1.71251667556e-08	4.42474884039e-05
1.71292597538e-08	1.56647965923e-05
1.71333527521e-08	-1.26601580632e-05
1.71374457504e-08	-3.62954488082e-05
1.71415387486e-08	-5.17554435646e-05
1.71456317469e-08	-5.70626507397e-05
1.71497247452e-08	-5.20415123901e-05
1.71538177434e-08	-3.82934085792e-05
1.71579107417e-08	-1.88651702047e-05
1.71620037399e-08	2.33176751863e-06
1.71660967382e-08	2.12296054087e-05
1.71701897365e-08	3.43204301316e-05
1.71742827347e-08	3.92433794332e-05
1.7178375733e-08	3.51527378371e-05
1.71824687313e-08	2.28173685173e-05
1.71865617295e-08	4.4518701543e-06
1.71906547278e-08	-1.66831723618e-05
1.71947477261e-08	-3.68445871572e-05
1.71988407243e-08	-5.24393399246e-05
1.72029337226e-08	-6.06432986388e-05
1.72070267209e-08	-5.98884944338e-05
1.72111197191e-08	-5.013712871e-05
1.72152127174e-08	-3.28858805005e-05
1.72193057157e-08	-1.08779886432e-05
1.72233987139e-08	1.24082353068e-05
1.72274917122e-08	3.33948810294e-05
1.72315847104e-08	4.903027002e-05
1.72356777087e-08	5.72758617636e-05
1.7239770707e-08	5.73773468204e-05
1.72438637052e-08	4.98998197145e-05
1.72479567035e-08	3.65481828339e-05
1.72520497018e-08	1.98388825083e-05
1.72561427e-08	2.68286703431e-06
1.72602356983e-08	-1.20709228213e-05
1.72643286966e-08	-2.20725214604e-05
1.72684216948e-08	-2.58548134298e-05
1.72725146931e-08	-2.30906407523e-05
1.72766076914e-08	-1.46681686601e-05
1.72807006896e-08	-2.54724500337e-06
1.72847936879e-08	1.06117067844e-05
1.72888866862e-08	2.19718331209e-05
1.72929796844e-08	2.90879106615e-05
1.72970726827e-08	3.03914712276e-05
1.7301165681e-08	2.54745609709e-05
1.73052586792e-08	1.51229869516e-05
1.73093516775e-08	1.12493739834e-06
1.73134446757e-08	-1.40973443195e-05
1.7317537674e-08	-2.79239320662e-05
1.73216306723e-08	-3.79718185286e-05
1.73257236705e-08	-4.24752797699e-05
1.73298166688e-08	-4.05668033636e-05
1.73339096671e-08	-3.24415741488e-05
1.73380026653e-08	-1.93748128368e-05
1.73420956636e-08	-3.56423470294e-06
1.73461886619e-08	1.22108958749e-05
1.73502816601e-08	2.50716457231e-05
1.73543746584e-08	3.25966175296e-05
1.73584676567e-08	3.33195130224e-05
1.73625606549e-08	2.70604432444e-05
1.73666536532e-08	1.49979659909e-05
1.73707466515e-08	-5.36235802429e-07
1.73748396497e-08	-1.64935299836e-05
1.7378932648e-08	-2.96817397611e-05
1.73830256463e-08	-3.73470538761e-05
1.73871186445e-08	-3.76771058654e-05
1.73912116428e-08	-3.01245454466e-05
1.7395304641e-08	-1.55318521138e-05
1.73993976393e-08	3.97308394895e-06
1.74034906376e-08	2.52883291978e-05
1.74075836358e-08	4.4823060307e-05
1.74116766341e-08	5.90928066231e-05
1.74157696324e-08	6.53301831335e-05
1.74198626306e-08	6.20092832833e-05
1.74239556289e-08	4.91665996378e-05
1.74280486272e-08	2.84625148197e-05
1.74321416254e-08	2.9336777061e-06
1.74362346237e-08	-2.34951148741e-05
1.7440327622e-08	-4.66782730655e-05
1.74444206202e-08	-6.29549176665e-05
1.74485136185e-08	-6.97697250871e-05
1.74526066168e-08	-6.61137019051e-05
1.7456699615e-08	-5.26882722625e-05
1.74607926133e-08	-3.1786657928e-05
1.74648856115e-08	-6.89563012202e-06
1.74689786098e-08	1.79079761438e-05
1.74730716081e-08	3.86691390304e-05
1.74771646063e-08	5.2230367146e-05
1.74812576046e-08	5.67693823541e-05
1.74853506029e-08	5.2073293773e-05
1.74894436011e-08	3.95165770897e-05
1.74935365994e-08	2.17640408664e-05
1.74976295977e-08	2.24415634875e-06
1.75017225959e-08	-1.54721983563e-05
1.75058155942e-08	-2.82987548417e-05
1.75099085925e-08	-3.41556551575e-05
1.75140015907e-08	-3.23104468407e-05
1.7518094589e-08	-2.34881554206e-05
1.75221875873e-08	-9.73821715888e-06
1.75262805855e-08	5.94446282776e-06
1.75303735838e-08	2.01773273147e-05
1.75344665821e-08	2.98430641124e-05
1.75385595803e-08	3.27139423462e-05
1.75426525786e-08	2.7903872251e-05
1.75467455768e-08	1.60573545145e-05
1.75508385751e-08	-7.82774804975e-07
1.75549315734e-08	-1.95857537619e-05
1.75590245716e-08	-3.69283770851e-05
1.75631175699e-08	-4.96311404277e-05
1.75672105682e-08	-5.53132304049e-05
1.75713035664e-08	-5.27618394699e-05
1.75753965647e-08	-4.20917567681e-05
1.7579489563e-08	-2.46901363425e-05
1.75835825612e-08	-2.98568011203e-06
1.75876755595e-08	1.99191454158e-05
1.75917685578e-08	4.07171610277e-05
1.7595861556e-08	5.64038491575e-05
1.75999545543e-08	6.47695633234e-05
1.76040475526e-08	6.47681081318e-05
1.76081405508e-08	5.67029237573e-05
1.76122335491e-08	4.21484328399e-05
1.76163265474e-08	2.36328814935e-05
1.76204195456e-08	4.13917587139e-06
1.76245125439e-08	-1.34563761094e-05
1.76286055421e-08	-2.68699441222e-05
1.76326985404e-08	-3.47329551005e-05
1.76367915387e-08	-3.66988388123e-05
1.76408845369e-08	-3.33667485393e-05
1.76449775352e-08	-2.60559791059e-05
1.76490705335e-08	-1.65317705978e-05
1.76531635317e-08	-6.6923958002e-06
1.765725653e-08	1.71479041455e-06
1.76613495283e-08	7.34810691938e-06
1.76654425265e-08	9.47876469581e-06
1.76695355248e-08	8.09435550764e-06
1.76736285231e-08	3.89784781873e-06
1.76777215213e-08	-1.84327723218e-06
1.76818145196e-08	-7.55856262913e-06
1.76859075179e-08	-1.17102863442e-05
1.76900005161e-08	-1.31060933199e-05
1.76940935144e-08	-1.11383769763e-05
1.76981865126e-08	-5.87553813602e-06
1.77022795109e-08	1.98199495571e-06
1.77063725092e-08	1.12522639029e-05
1.77104655074e-08	2.0498622689e-05
1.77145585057e-08	2.82486980723e-05
1.7718651504e-08	3.32141571562e-05
1.77227445022e-08	3.44578184013e-05
1.77268375005e-08	3.15210236295e-05
1.77309304988e-08	2.44944440055e-05
1.7735023497e-08	1.40221909533e-05
1.77391164953e-08	1.23142274333e-06
1.77432094936e-08	-1.24096295622e-05
1.77473024918e-08	-2.52871213888e-05
1.77513954901e-08	-3.58674478775e-05
1.77554884884e-08	-4.28982457379e-05
1.77595814866e-08	-4.55791414424e-05
1.77636744849e-08	-4.36542613897e-05
1.77677674832e-08	-3.74358169211e-05
1.77718604814e-08	-2.77521139651e-05
1.77759534797e-08	-1.58228231157e-05
1.77800464779e-08	-3.08351377498e-06
1.77841394762e-08	9.02746432985e-06
1.77882324745e-08	1.92780917132e-05
1.77923254727e-08	2.68173535005e-05
1.7796418471e-08	3.12708725687e-05
1.78005114693e-08	3.27459129039e-05
1.78046044675e-08	3.17473277391e-05
1.78086974658e-08	2.90309035336e-05
1.78127904641e-08	2.54364113061e-05
1.78168834623e-08	2.17330580199e-05
1.78209764606e-08	1.84968794201e-05
1.78250694589e-08	1.60294712259e-05
1.78291624571e-08	1.43161723827e-05
1.78332554554e-08	1.30247335619e-05
1.78373484537e-08	1.15618095151e-05
1.78414414519e-08	9.19236663321e-06
1.78455344502e-08	5.22011350768e-06
1.78496274485e-08	-7.94191350906e-07
1.78537204467e-08	-8.84303608473e-06
1.7857813445e-08	-1.83672309504e-05
1.78619064432e-08	-2.8286172892e-05
1.78659994415e-08	-3.71788701159e-05
1.78700924398e-08	-4.3558597099e-05
1.7874185438e-08	-4.61811578134e-05
1.78782784363e-08	-4.42962518719e-05
1.78823714346e-08	-3.77833093808e-05
1.78864644328e-08	-2.71670451184e-05
1.78905574311e-08	-1.35239861265e-05
1.78946504294e-08	1.67639507254e-06
1.78987434276e-08	1.67561302078e-05
1.79028364259e-08	3.00319807138e-05
1.79069294242e-08	4.00261560571e-05
1.79110224224e-08	4.56688940176e-05
1.79151154207e-08	4.64807453682e-05
1.7919208419e-08	4.2670089897e-05
1.79233014172e-08	3.51087328454e-05
1.79273944155e-08	2.51689252764e-05
1.79314874138e-08	1.44319774336e-05
1.7935580412e-08	4.35581978309e-06
1.79396734103e-08	-4.01088755098e-06
1.79437664085e-08	-1.01895320768e-05
1.79478594068e-08	-1.42601802509e-05
1.79519524051e-08	-1.67085290741e-05
1.79560454033e-08	-1.81924988283e-05
1.79601384016e-08	-1.93054838746e-05
1.79642313999e-08	-2.04060343094e-05
1.79683243981e-08	-2.1537682187e-05
1.79724173964e-08	-2.2437368898e-05
1.79765103947e-08	-2.26107094932e-05
1.79806033929e-08	-2.14494921238e-05
1.79846963912e-08	-1.83769570867e-05
1.79887893895e-08	-1.30110929604e-05
1.79928823877e-08	-5.31858313479e-06
1.7996975386e-08	4.26596807301e-06
1.80010683843e-08	1.48090712173e-05
1.80051613825e-08	2.49660370173e-05
1.80092543808e-08	3.31916089635e-05
1.8013347379e-08	3.80488709197e-05
1.80174403773e-08	3.85314015148e-05
1.80215333756e-08	3.43264146068e-05
1.80256263738e-08	2.59332955466e-05
1.80297193721e-08	1.46097518154e-05
1.80338123704e-08	2.14966257772e-06
1.80379053686e-08	-9.45560896071e-06
1.80419983669e-08	-1.83984466275e-05
1.80460913652e-08	-2.34045892284e-05
1.80501843634e-08	-2.39783712459e-05
1.80542773617e-08	-2.05022479349e-05
1.805837036e-08	-1.4161963918e-05
1.80624633582e-08	-6.71485349812e-06
1.80665563565e-08	-1.22005985759e-07
1.80706493548e-08	3.86941701436e-06
1.8074742353e-08	4.125853593e-06
1.80788353513e-08	4.1300063458e-07
1.80829283496e-08	-6.50627725918e-06
1.80870213478e-08	-1.49755660459e-05
1.80911143461e-08	-2.27524778893e-05
1.80952073443e-08	-2.74504473055e-05
1.80993003426e-08	-2.70347954938e-05
1.81033933409e-08	-2.02797818929e-05
1.81074863391e-08	-7.10595122655e-06
1.81115793374e-08	1.12804964374e-05
1.81156723357e-08	3.24687425746e-05
1.81197653339e-08	5.31693076482e-05
1.81238583322e-08	6.97423238307e-05
1.81279513305e-08	7.88469260442e-05
1.81320443287e-08	7.81057678978e-05
1.8136137327e-08	6.66289852234e-05
1.81402303253e-08	4.52903695987e-05
1.81443233235e-08	1.66667505255e-05
1.81484163218e-08	-1.53537566803e-05
1.81525093201e-08	-4.62223397335e-05
1.81566023183e-08	-7.15006462997e-05
1.81606953166e-08	-8.7609536422e-05
1.81647883149e-08	-9.24056948861e-05
1.81688813131e-08	-8.55137623148e-05
1.81729743114e-08	-6.83674152242e-05
1.81770673096e-08	-4.39612304035e-05
1.81811603079e-08	-1.63725817401e-05
1.81852533062e-08	9.91060005617e-06
1.81893463044e-08	3.07400187012e-05
1.81934393027e-08	4.30381187471e-05
1.8197532301e-08	4.53672764706e-05
1.82016252992e-08	3.82184734917e-05
1.82057182975e-08	2.39255750785e-05
1.82098112958e-08	6.20867103862e-06
1.8213904294e-08	-1.05792587419e-05
1.82179972923e-08	-2.23440492846e-05
1.82220902906e-08	-2.60718170466e-05
1.82261832888e-08	-2.04297593882e-05
1.82302762871e-08	-6.00446037424e-06
1.82343692854e-08	1.48160797835e-05
1.82384622836e-08	3.82940270356e-05
1.82425552819e-08	6.00042912993e-05
1.82466482801e-08	7.56016524974e-05
1.82507412784e-08	8.15759995021e-05
1.82548342767e-08	7.58803580538e-05
1.82589272749e-08	5.83568398724e-05
1.82630202732e-08	3.08606468025e-05
1.82671132715e-08	-2.94256824418e-06
1.82712062697e-08	-3.81261925213e-05
1.8275299268e-08	-6.93022302585e-05
1.82793922663e-08	-9.15582131711e-05
1.82834852645e-08	-0.000101328565506
1.82875782628e-08	-9.70350083662e-05
1.82916712611e-08	-7.93645813246e-05
1.82957642593e-08	-5.1124872698e-05
1.82998572576e-08	-1.67417638295e-05
1.83039502559e-08	1.85168319149e-05
1.83080432541e-08	4.94099404023e-05
1.83121362524e-08	7.15620117262e-05
1.83162292507e-08	8.21232824819e-05
1.83203222489e-08	8.01702626632e-05
1.83244152472e-08	6.6795721068e-05
1.83285082454e-08	4.48737446277e-05
1.83326012437e-08	1.8539292796e-05
1.8336694242e-08	-7.54152188165e-06
1.83407872402e-08	-2.8986538382e-05
1.83448802385e-08	-4.24665631726e-05
1.83489732368e-08	-4.6264485718e-05
1.8353066235e-08	-4.05474274885e-05
1.83571592333e-08	-2.72795714409e-05
1.83612522316e-08	-9.80671757134e-06
1.83653452298e-08	7.79695619713e-06
1.83694382281e-08	2.15133950405e-05
1.83735312264e-08	2.81390439341e-05
1.83776242246e-08	2.58902382484e-05
1.83817172229e-08	1.47565206134e-05
1.83858102212e-08	-3.46929482475e-06
1.83899032194e-08	-2.54920014413e-05
1.83939962177e-08	-4.70916638733e-05
1.8398089216e-08	-6.38925921521e-05
1.84021822142e-08	-7.21688993508e-05
1.84062752125e-08	-6.95455382811e-05
1.84103682107e-08	-5.54628059035e-05
1.8414461209e-08	-3.13169184665e-05
1.84185542073e-08	-2.6118959795e-07
1.84226472055e-08	3.32907911798e-05
1.84267402038e-08	6.4375664806e-05
1.84308332021e-08	8.82782114786e-05
1.84349262003e-08	0.000101302051917
1.84390191986e-08	0.000101395846286
1.84431121969e-08	8.85238696355e-05
1.84472051951e-08	6.47280321573e-05
1.84512981934e-08	3.38262361765e-05
1.84553911917e-08	7.94082552602e-07
1.84594841899e-08	-2.90873540507e-05
1.84635771882e-08	-5.11620673933e-05
1.84676701865e-08	-6.2226652517e-05
1.84717631847e-08	-6.10867500654e-05
1.8475856183e-08	-4.87297547807e-05
1.84799491812e-08	-2.80964031845e-05
1.84840421795e-08	-3.49915922015e-06
1.84881351778e-08	2.01668881346e-05
1.8492228176e-08	3.82899524993e-05
1.84963211743e-08	4.73240143037e-05
1.85004141726e-08	4.53868124168e-05
1.85045071708e-08	3.25853543472e-05
1.85086001691e-08	1.10292339741e-05
1.85126931674e-08	-1.54830868269e-05
1.85167861656e-08	-4.20904216298e-05
1.85208791639e-08	-6.37068078504e-05
1.85249721622e-08	-7.59676404414e-05
1.85290651604e-08	-7.60791299399e-05
1.85331581587e-08	-6.3405263063e-05
1.8537251157e-08	-3.96517280024e-05
1.85413441552e-08	-8.58833573147e-06
1.85454371535e-08	2.46304462053e-05
1.85495301518e-08	5.4403069953e-05
1.855362315e-08	7.56838708185e-05
1.85577161483e-08	8.48607742228e-05
1.85618091465e-08	8.03470247774e-05
1.85659021448e-08	6.28298512311e-05
1.85699951431e-08	3.51332637365e-05
1.85740881413e-08	1.75181844497e-06
1.85781811396e-08	-3.18747770507e-05
1.85822741379e-08	-6.02547661401e-05
1.85863671361e-08	-7.8754092101e-05
1.85904601344e-08	-8.43968373374e-05
1.85945531327e-08	-7.63972930145e-05
1.85986461309e-08	-5.63093635719e-05
1.86027391292e-08	-2.77520666714e-05
1.86068321275e-08	4.25580674346e-06
1.86109251257e-08	3.42257117154e-05
1.8615018124e-08	5.71991986362e-05
1.86191111223e-08	6.96269999025e-05
1.86232041205e-08	6.99608353898e-05
1.86272971188e-08	5.88495677221e-05
1.86313901171e-08	3.89456836274e-05
1.86354831153e-08	1.43611414387e-05
1.86395761136e-08	-1.01102186818e-05
1.86436691118e-08	-2.98549348372e-05
1.86477621101e-08	-4.12596491515e-05
1.86518551084e-08	-4.23352357757e-05
1.86559481066e-08	-3.30500406562e-05
1.86600411049e-08	-1.53111777763e-05
1.86641341032e-08	7.40671566746e-06
1.86682271014e-08	3.07186273858e-05
1.86723200997e-08	5.0145543355e-05
1.8676413098e-08	6.1936880229e-05
1.86805060962e-08	6.37475895928e-05
1.86845990945e-08	5.50393087906e-05
1.86886920928e-08	3.71520218323e-05
1.8692785091e-08	1.30321423057e-05
1.86968780893e-08	-1.33161238409e-05
1.87009710876e-08	-3.75598174287e-05
1.87050640858e-08	-5.58096144232e-05
1.87091570841e-08	-6.53040406178e-05
1.87132500824e-08	-6.488103827e-05
1.87173430806e-08	-5.51434568479e-05
1.87214360789e-08	-3.83013102692e-05
1.87255290771e-08	-1.77071233338e-05
1.87296220754e-08	2.80130825558e-06
1.87337150737e-08	1.96230121219e-05
1.87378080719e-08	3.00333340419e-05
1.87419010702e-08	3.26202680299e-05
1.87459940685e-08	2.74539106613e-05
1.87500870667e-08	1.59881910804e-05
1.8754180065e-08	7.31526142772e-07
1.87582730633e-08	-1.52325092131e-05
1.87623660615e-08	-2.87902330456e-05
1.87664590598e-08	-3.73401962861e-05
1.87705520581e-08	-3.92301444663e-05
1.87746450563e-08	-3.40432670782e-05
1.87787380546e-08	-2.26609081437e-05
1.87828310529e-08	-7.07948584022e-06
1.87869240511e-08	9.98814175546e-06
1.87910170494e-08	2.56597286352e-05
1.87951100476e-08	3.74583396479e-05
1.87992030459e-08	4.37720555055e-05
1.88032960442e-08	4.41065058112e-05
1.88073890424e-08	3.90831919503e-05
1.88114820407e-08	3.01969048451e-05
1.8815575039e-08	1.94445165107e-05
1.88196680372e-08	8.89562943485e-06
1.88237610355e-08	3.20124399877e-07
1.88278540338e-08	-5.08057109982e-06
1.8831947032e-08	-6.82509153194e-06
1.88360400303e-08	-5.18135357197e-06
1.88401330286e-08	-1.08759331852e-06
1.88442260268e-08	4.02886962547e-06
1.88483190251e-08	8.52413540997e-06
1.88524120234e-08	1.08779795482e-05
1.88565050216e-08	1.00262750493e-05
1.88605980199e-08	5.63320190849e-06
1.88646910182e-08	-1.80100914804e-06
1.88687840164e-08	-1.10180808406e-05
1.88728770147e-08	-2.02658775379e-05
1.88769700129e-08	-2.76816044789e-05
1.88810630112e-08	-3.16854420817e-05
1.88851560095e-08	-3.12998672598e-05
1.88892490077e-08	-2.63160945906e-05
1.8893342006e-08	-1.73087792064e-05
1.88974350043e-08	-5.50693948753e-06
1.89015280025e-08	7.41450639907e-06
1.89056210008e-08	1.95948814508e-05
1.89097139991e-08	2.92532822641e-05
1.89138069973e-08	3.49448018824e-05
1.89178999956e-08	3.57817916665e-05
1.89219929939e-08	3.15888755722e-05
1.89260859921e-08	2.29603538173e-05
1.89301789904e-08	1.11850786197e-05
1.89342719887e-08	-1.94895142158e-06
1.89383649869e-08	-1.44611058204e-05
1.89424579852e-08	-2.45113478741e-05
1.89465509835e-08	-3.07101254293e-05
1.89506439817e-08	-3.23332387779e-05
1.895473698e-08	-2.94057263091e-05
1.89588299782e-08	-2.26594675041e-05
1.89629229765e-08	-1.33803287099e-05
1.89670159748e-08	-3.17835974784e-06
1.8971108973e-08	6.27300005362e-06
1.89752019713e-08	1.34970377985e-05
1.89792949696e-08	1.74448068719e-05
1.89833879678e-08	1.76457142516e-05
1.89874809661e-08	1.42800890899e-05
1.89915739644e-08	8.134462405e-06
1.89956669626e-08	4.59116677121e-07
1.89997599609e-08	-7.247836038e-06
1.90038529592e-08	-1.34966476253e-05
1.90079459574e-08	-1.70525763679e-05
1.90120389557e-08	-1.71326428244e-05
1.9016131954e-08	-1.35336758831e-05
1.90202249522e-08	-6.67009953759e-06
1.90243179505e-08	2.48597052632e-06
1.90284109487e-08	1.25414399008e-05
1.9032503947e-08	2.19131579797e-05
1.90365969453e-08	2.90901716653e-05
1.90406899435e-08	3.29085596604e-05
1.90447829418e-08	3.27681773342e-05
1.90488759401e-08	2.87378279609e-05
1.90529689383e-08	2.15288837353e-05
1.90570619366e-08	1.23351146613e-05
1.90611549349e-08	2.58830641542e-06
1.90652479331e-08	-6.31339662505e-06
1.90693409314e-08	-1.32295263029e-05
1.90734339297e-08	-1.74365923158e-05
1.90775269279e-08	-1.8682472728e-05
1.90816199262e-08	-1.71806532308e-05
1.90857129245e-08	-1.35403961394e-05
1.90898059227e-08	-8.65557831276e-06
1.9093898921e-08	-3.55944348485e-06
1.90979919193e-08	7.63370735513e-07
1.91020849175e-08	3.56717032446e-06
1.91061779158e-08	4.52208360002e-06
1.9110270914e-08	3.79623133995e-06
1.91143639123e-08	2.02451883524e-06
1.91184569106e-08	1.32240529638e-07
1.91225499088e-08	-9.3411472335e-07
1.91266429071e-08	-4.95508629683e-07
1.91307359054e-08	1.64136054082e-06
1.91348289036e-08	5.10789232067e-06
1.91389219019e-08	9.05079014046e-06
1.91430149002e-08	1.23442614495e-05
1.91471078984e-08	1.38496525324e-05
1.91512008967e-08	1.26779023049e-05
1.9155293895e-08	8.37615152705e-06
1.91593868932e-08	1.03897855297e-06
1.91634798915e-08	-8.66334266902e-06
1.91675728898e-08	-1.95396478375e-05
1.9171665888e-08	-3.00012943626e-05
1.91757588863e-08	-3.82779180654e-05
1.91798518846e-08	-4.27008490078e-05
1.91839448828e-08	-4.2030311306e-05
1.91880378811e-08	-3.57568860636e-05
1.91921308793e-08	-2.42958140007e-05
1.91962238776e-08	-9.00076520338e-06
1.92003168759e-08	8.02490649221e-06
1.92044098741e-08	2.42977475864e-05
1.92085028724e-08	3.74170922441e-05
1.92125958707e-08	4.5508670155e-05
1.92166888689e-08	4.75657798233e-05
1.92207818672e-08	4.36035261373e-05
1.92248748655e-08	3.46249944414e-05
1.92289678637e-08	2.24209998123e-05
1.9233060862e-08	9.23869902181e-06
1.92371538603e-08	-2.60355864157e-06
1.92412468585e-08	-1.11145109258e-05
1.92453398568e-08	-1.49795405378e-05
1.92494328551e-08	-1.37988135975e-05
1.92535258533e-08	-8.17496675154e-06
1.92576188516e-08	3.87933937418e-07
1.92617118499e-08	9.76866976998e-06
1.92658048481e-08	1.76494959305e-05
1.92698978464e-08	2.19916910282e-05
1.92739908446e-08	2.14710016735e-05
1.92780838429e-08	1.57675549417e-05
1.92821768412e-08	5.66061044083e-06
1.92862698394e-08	-7.10281847205e-06
1.92903628377e-08	-2.01336952159e-05
1.9294455836e-08	-3.08531889459e-05
1.92985488342e-08	-3.70005145669e-05
1.93026418325e-08	-3.70824054698e-05
1.93067348308e-08	-3.06989022647e-05
1.9310827829e-08	-1.86650358955e-05
1.93149208273e-08	-2.90094612865e-06
1.93190138256e-08	1.3895113625e-05
1.93231068238e-08	2.87383318209e-05
1.93271998221e-08	3.8915015466e-05
1.93312928204e-08	4.24941827077e-05
1.93353858186e-08	3.86899919249e-05
1.93394788169e-08	2.80133863271e-05
1.93435718151e-08	1.21796820167e-05
1.93476648134e-08	-6.18651347395e-06
1.93517578117e-08	-2.40045774262e-05
1.93558508099e-08	-3.82632169931e-05
1.93599438082e-08	-4.65390839963e-05
1.93640368065e-08	-4.74306507385e-05
1.93681298047e-08	-4.08280357078e-05
1.9372222803e-08	-2.79698360828e-05
1.93763158013e-08	-1.12465331767e-05
1.93804087995e-08	6.225513971e-06
1.93845017978e-08	2.11944425246e-05
1.93885947961e-08	3.09138049488e-05
1.93926877943e-08	3.36891534971e-05
1.93967807926e-08	2.92072145385e-05
1.94008737909e-08	1.85813405551e-05
1.94049667891e-08	4.10198936152e-06
1.94090597874e-08	-1.12272928163e-05
1.94131527857e-08	-2.42627065745e-05
1.94172457839e-08	-3.22904379573e-05
1.94213387822e-08	-3.34896903951e-05
1.94254317804e-08	-2.72361576208e-05
1.94295247787e-08	-1.42157223308e-05
1.9433617777e-08	3.66537528862e-06
1.94377107752e-08	2.35616971622e-05
1.94418037735e-08	4.21393742727e-05
1.94458967718e-08	5.61492815905e-05
1.944998977e-08	6.30170470686e-05
1.94540827683e-08	6.13520678598e-05
1.94581757666e-08	5.12395999976e-05
1.94622687648e-08	3.42472158081e-05
1.94663617631e-08	1.31332817546e-05
1.94704547614e-08	-8.68989627634e-06
1.94745477596e-08	-2.77978942904e-05
1.94786407579e-08	-4.13697853219e-05
1.94827337562e-08	-4.76495733892e-05
1.94868267544e-08	-4.61821909994e-05
1.94909197527e-08	-3.78085242119e-05
1.9495012751e-08	-2.44607708737e-05
1.94991057492e-08	-8.78861101228e-06
1.95031987475e-08	6.29823716736e-06
1.95072917457e-08	1.8123026166e-05
1.9511384744e-08	2.47081643465e-05
1.95154777423e-08	2.51221063081e-05
1.95195707405e-08	1.96617493202e-05
1.95236637388e-08	9.79566993919e-06
1.95277567371e-08	-2.12878921957e-06
1.95318497353e-08	-1.33731518872e-05
1.95359427336e-08	-2.1383877538e-05
1.95400357319e-08	-2.43385875365e-05
1.95441287301e-08	-2.15294166992e-05
1.95482217284e-08	-1.35108975883e-05
1.95523147267e-08	-1.98519774131e-06
1.95564077249e-08	1.05452845673e-05
1.95605007232e-08	2.12692430068e-05
1.95645937215e-08	2.7621319532e-05
1.95686867197e-08	2.77829003608e-05
1.9572779718e-08	2.10645794141e-05
1.95768727162e-08	8.08701042843e-06
1.95809657145e-08	-9.26524808165e-06
1.95850587128e-08	-2.81238571915e-05
1.9589151711e-08	-4.51132946182e-05
1.95932447093e-08	-5.69451149204e-05
1.95973377076e-08	-6.10263887211e-05
1.96014307058e-08	-5.59637410333e-05
1.96055237041e-08	-4.18699419242e-05
1.96096167024e-08	-2.03995223274e-05
1.96137097006e-08	5.48120351596e-06
1.96178026989e-08	3.19704886351e-05
1.96218956972e-08	5.50547811144e-05
1.96259886954e-08	7.11945031071e-05
1.96300816937e-08	7.79417241574e-05
1.9634174692e-08	7.43861601222e-05
1.96382676902e-08	6.13475494902e-05
1.96423606885e-08	4.12511326431e-05
1.96464536868e-08	1.77135516424e-05
1.9650546685e-08	-5.10923291586e-06
1.96546396833e-08	-2.32816819334e-05
1.96587326815e-08	-3.38124336849e-05
1.96628256798e-08	-3.51870476152e-05
1.96669186781e-08	-2.76301634585e-05
1.96710116763e-08	-1.3027975001e-05
1.96751046746e-08	5.43710393686e-06
1.96791976729e-08	2.38660704781e-05
1.96832906711e-08	3.83475562558e-05
1.96873836694e-08	4.56397683593e-05
1.96914766677e-08	4.37593625975e-05
1.96955696659e-08	3.23633648804e-05
1.96996626642e-08	1.28652291096e-05
1.97037556625e-08	-1.17586623674e-05
1.97078486607e-08	-3.74559203919e-05
1.9711941659e-08	-5.98252154305e-05
1.97160346573e-08	-7.4938776379e-05
1.97201276555e-08	-8.0102661741e-05
1.97242206538e-08	-7.43908676668e-05
1.97283136521e-08	-5.88135153521e-05
1.97324066503e-08	-3.61111888196e-05
1.97364996486e-08	-1.01979003375e-05
1.97405926468e-08	1.45916092151e-05
1.97446856451e-08	3.43024876202e-05
1.97487786434e-08	4.60509290861e-05
1.97528716416e-08	4.84885385958e-05
1.97569646399e-08	4.1987230361e-05
1.97610576382e-08	2.85292207991e-05
1.97651506364e-08	1.13277619676e-05
1.97692436347e-08	-5.77019045522e-06
1.9773336633e-08	-1.90040718735e-05
1.97774296312e-08	-2.54429432971e-05
1.97815226295e-08	-2.35920942941e-05
1.97856156278e-08	-1.37417282531e-05
1.9789708626e-08	2.04596335607e-06
1.97938016243e-08	2.03363815672e-05
1.97978946226e-08	3.70343623217e-05
1.98019876208e-08	4.82580944663e-05
1.98060806191e-08	5.11761172675e-05
1.98101736173e-08	4.46241901955e-05
1.98142666156e-08	2.93668035738e-05
1.98183596139e-08	7.96684980742e-06
1.98224526121e-08	-1.56977021106e-05
1.98265456104e-08	-3.71676724171e-05
1.98306386087e-08	-5.22409645782e-05
1.98347316069e-08	-5.77657410759e-05
1.98388246052e-08	-5.22669433849e-05
1.98429176035e-08	-3.62778955605e-05
1.98470106017e-08	-1.23237277876e-05
1.98511036e-08	1.54664885486e-05
1.98551965983e-08	4.20779542765e-05
1.98592895965e-08	6.25289321761e-05
1.98633825948e-08	7.28265877115e-05
1.98674755931e-08	7.07704311935e-05
1.98715685913e-08	5.6425400544e-05
1.98756615896e-08	3.21590596286e-05
1.98797545879e-08	2.23631104745e-06
1.98838475861e-08	-2.79744090221e-05
1.98879405844e-08	-5.29996614205e-05
1.98920335826e-08	-6.82954996591e-05
1.98961265809e-08	-7.11130851414e-05
1.99002195792e-08	-6.10277202213e-05
1.99043125774e-08	-4.00482131226e-05
1.99084055757e-08	-1.2259115465e-05
1.9912498574e-08	1.6927408069e-05
1.99165915722e-08	4.17857809225e-05
1.99206845705e-08	5.73658471694e-05
1.99247775688e-08	6.04527740506e-05
1.9928870567e-08	5.01967297168e-05
1.99329635653e-08	2.83060653601e-05
1.99370565636e-08	-1.2531769471e-06
1.99411495618e-08	-3.29857357428e-05
1.99452425601e-08	-6.08714508417e-05
1.99493355584e-08	-7.94870429672e-05
1.99534285566e-08	-8.50098076626e-05
1.99575215549e-08	-7.59467511671e-05
1.99616145532e-08	-5.34484934178e-05
1.99657075514e-08	-2.11430542549e-05
1.99698005497e-08	1.54899607878e-05
1.99738935479e-08	5.01051908941e-05
1.99779865462e-08	7.66675802879e-05
1.99820795445e-08	9.05972119654e-05
1.99861725427e-08	8.96436686162e-05
1.9990265541e-08	7.43208584026e-05
1.99943585393e-08	4.77919747937e-05
1.99984515375e-08	1.52388474817e-05
2.00025445358e-08	-1.71537649294e-05
2.00066375341e-08	-4.33853638242e-05
2.00107305323e-08	-5.87601716688e-05
2.00148235306e-08	-6.07347756159e-05
2.00189165289e-08	-4.93451589136e-05
2.00230095271e-08	-2.71676453849e-05
2.00271025254e-08	1.17672948363e-06
2.00311955237e-08	2.98780814774e-05
2.00352885219e-08	5.30111574335e-05
2.00393815202e-08	6.56607371639e-05
2.00434745185e-08	6.48861459922e-05
2.00475675167e-08	5.0348280638e-05
2.0051660515e-08	2.44505281444e-05
2.00557535132e-08	-8.06600655778e-06
2.00598465115e-08	-4.10099382862e-05
2.00639395098e-08	-6.79453587509e-05
2.0068032508e-08	-8.34631646285e-05
2.00721255063e-08	-8.4249964857e-05
2.00762185046e-08	-6.97331925039e-05
2.00803115028e-08	-4.21900112997e-05
2.00844045011e-08	-6.30411659586e-06
2.00884974994e-08	3.16988989653e-05
2.00925904976e-08	6.51814989396e-05
2.00966834959e-08	8.82758758962e-05
2.01007764942e-08	9.69086104305e-05
2.01048694924e-08	8.95310004125e-05
2.01089624907e-08	6.74042821629e-05
2.0113055489e-08	3.44049585692e-05
2.01171484872e-08	-3.64276229448e-06
2.01212414855e-08	-4.00121425628e-05
2.01253344837e-08	-6.8317662226e-05
2.0129427482e-08	-8.37145489641e-05
2.01335204803e-08	-8.38273699628e-05
2.01376134785e-08	-6.91998720868e-05
2.01417064768e-08	-4.31662556366e-05
2.01457994751e-08	-1.11901426862e-05
2.01498924733e-08	2.02215815079e-05
2.01539854716e-08	4.47770653409e-05
2.01580784699e-08	5.76034544792e-05
2.01621714681e-08	5.61641572858e-05
2.01662644664e-08	4.07306579291e-05
2.01703574647e-08	1.43368379213e-05
2.01744504629e-08	-1.77734673343e-05
2.01785434612e-08	-4.91057217005e-05
2.01826364595e-08	-7.31200707378e-05
2.01867294577e-08	-8.44620226417e-05
2.0190822456e-08	-8.00067136879e-05
2.01949154543e-08	-5.95021047047e-05
2.01990084525e-08	-2.5698038371e-05
2.02031014508e-08	1.60939544003e-05
2.0207194449e-08	5.89220435359e-05
2.02112874473e-08	9.54349234235e-05
2.02153804456e-08	0.000119212752907
2.02194734438e-08	0.000125936145196
2.02235664421e-08	0.000114190785098
2.02276594404e-08	8.57504637679e-05
2.02317524386e-08	4.52954118373e-05
2.02358454369e-08	-4.00435055781e-07
2.02399384352e-08	-4.3660744268e-05
2.02440314334e-08	-7.72786443122e-05
2.02481244317e-08	-9.58098389674e-05
2.025221743e-08	-9.65575090959e-05
2.02563104282e-08	-8.00478446763e-05
2.02604034265e-08	-4.99138477608e-05
2.02644964248e-08	-1.22058600027e-05
2.0268589423e-08	2.57425799646e-05
2.02726824213e-08	5.66566959606e-05
2.02767754196e-08	7.46491568862e-05
2.02808684178e-08	7.6274125604e-05
2.02849614161e-08	6.11432333244e-05
2.02890544143e-08	3.20000908687e-05
2.02931474126e-08	-5.75377134737e-06
2.02972404109e-08	-4.50121369795e-05
2.03013334091e-08	-7.82299175626e-05
2.03054264074e-08	-9.88069732557e-05
2.03095194057e-08	-0.000102339516161
2.03136124039e-08	-8.74885299709e-05
2.03177054022e-08	-5.6309523643e-05
2.03217984005e-08	-1.39262665471e-05
2.03258913987e-08	3.23756612488e-05
2.0329984397e-08	7.44821300032e-05
2.03340773953e-08	0.000104940205347
2.03381703935e-08	0.00011831199663
2.03422633918e-08	0.000112140114652
2.03463563901e-08	8.7360967882e-05
2.03504493883e-08	4.81156966998e-05
2.03545423866e-08	1.01506248029e-06
2.03586353848e-08	-4.59957191197e-05
2.03627283831e-08	-8.49967473187e-05
2.03668213814e-08	-0.000109437321953
2.03709143796e-08	-0.000115276641736
2.03750073779e-08	-0.000101703844848
2.03791003762e-08	-7.13080662536e-05
2.03831933744e-08	-2.96437065117e-05
2.03872863727e-08	1.57674840011e-05
2.0391379371e-08	5.68154646317e-05
2.03954723692e-08	8.63063251018e-05
2.03995653675e-08	9.92923669401e-05
2.04036583658e-08	9.39633027883e-05
2.0407751364e-08	7.19200907042e-05
2.04118443623e-08	3.78096519853e-05
2.04159373606e-08	-1.60432591656e-06
2.04200303588e-08	-3.87211730413e-05
2.04241233571e-08	-6.65007682983e-05
2.04282163554e-08	-7.97248503659e-05
2.04323093536e-08	-7.59169925004e-05
2.04364023519e-08	-5.57770836167e-05
2.04404953501e-08	-2.30534351431e-05
2.04445883484e-08	1.61204152391e-05
2.04486813467e-08	5.43339556316e-05
2.04527743449e-08	8.42569133965e-05
2.04568673432e-08	0.000100010511233
2.04609603415e-08	9.828300972e-05
2.04650533397e-08	7.89820041973e-05
2.0469146338e-08	4.52684034826e-05
2.04732393363e-08	2.98148643196e-06
2.04773323345e-08	-4.04438978876e-05
2.04814253328e-08	-7.73549836595e-05
2.04855183311e-08	-0.000101273544715
2.04896113293e-08	-0.000108066909888
2.04937043276e-08	-9.66672814684e-05
2.04977973259e-08	-6.92404864822e-05
2.05018903241e-08	-3.07673944917e-05
2.05059833224e-08	1.18676507554e-05
2.05100763207e-08	5.11270482093e-05
2.05141693189e-08	8.0175435869e-05
2.05182623172e-08	9.41022444749e-05
2.05223553154e-08	9.07853827812e-05
2.05264483137e-08	7.12347609806e-05
2.0530541312e-08	3.93653754145e-05
2.05346343102e-08	1.22581514006e-06
2.05387273085e-08	-3.61343554687e-05
2.05428203068e-08	-6.59750730847e-05
2.0546913305e-08	-8.30885546748e-05
2.05510063033e-08	-8.47213959787e-05
2.05550993016e-08	-7.10437307134e-05
2.05591922998e-08	-4.50709558208e-05
2.05632852981e-08	-1.20673221318e-05
2.05673782964e-08	2.14649735426e-05
2.05714712946e-08	4.90260208608e-05
2.05755642929e-08	6.53629758745e-05
2.05796572912e-08	6.74647963024e-05
2.05837502894e-08	5.51310586161e-05
2.05878432877e-08	3.09818569804e-05
2.05919362859e-08	-7.82551978773e-08
2.05960292842e-08	-3.18230304401e-05
2.06001222825e-08	-5.79066982027e-05
2.06042152807e-08	-7.30491592549e-05
2.0608308279e-08	-7.39986644476e-05
2.06124012773e-08	-6.00989442319e-05
2.06164942755e-08	-3.33831412718e-05
2.06205872738e-08	1.7951015252e-06
2.06246802721e-08	3.95280912926e-05
2.06287732703e-08	7.33825727366e-05
2.06328662686e-08	9.75251023192e-05
2.06369592669e-08	0.000107761239633
2.06410522651e-08	0.00010229635518
2.06451452634e-08	8.20691493573e-05
2.06492382617e-08	5.05837560922e-05
2.06533312599e-08	1.32517607199e-05
2.06574242582e-08	-2.36301639234e-05
2.06615172565e-08	-5.40490800631e-05
2.06656102547e-08	-7.33657725505e-05
2.0669703253e-08	-7.90925550973e-05
2.06737962512e-08	-7.12329492671e-05
2.06778892495e-08	-5.21516412846e-05
2.06819822478e-08	-2.60299093497e-05
2.0686075246e-08	1.94984977497e-06
2.06901682443e-08	2.65449871222e-05
2.06942612426e-08	4.33453897131e-05
2.06983542408e-08	4.950336006e-05
2.07024472391e-08	4.4181389967e-05
2.07065402374e-08	2.8658319934e-05
2.07106332356e-08	6.07041783951e-06
2.07147262339e-08	-1.91867202375e-05
2.07188192322e-08	-4.22883640567e-05
2.07229122304e-08	-5.88931070524e-05
2.07270052287e-08	-6.59488432575e-05
2.0731098227e-08	-6.22389343334e-05
2.07351912252e-08	-4.85379714519e-05
2.07392842235e-08	-2.73884288617e-05
2.07433772218e-08	-2.54380756814e-06
2.074747022e-08	2.17743108806e-05
2.07515632183e-08	4.16400580434e-05
2.07556562165e-08	5.40840446774e-05
2.07597492148e-08	5.75282210775e-05
2.07638422131e-08	5.19645036547e-05
2.07679352113e-08	3.88612388633e-05
2.07720282096e-08	2.08384662983e-05
2.07761212079e-08	1.16807905215e-06
2.07802142061e-08	-1.68102214957e-05
2.07843072044e-08	-3.02679654851e-05
2.07884002027e-08	-3.73476286768e-05
2.07924932009e-08	-3.74279770767e-05
2.07965861992e-08	-3.11466137646e-05
2.08006791975e-08	-2.01720067707e-05
2.08047721957e-08	-6.80716630086e-06
2.0808865194e-08	6.50695392324e-06
2.08129581923e-08	1.76635858224e-05
2.08170511905e-08	2.52448116953e-05
2.08211441888e-08	2.87113325612e-05
2.08252371871e-08	2.83971821773e-05
2.08293301853e-08	2.53278976743e-05
2.08334231836e-08	2.0926232537e-05
2.08375161818e-08	1.66532481671e-05
2.08416091801e-08	1.36691096486e-05
2.08457021784e-08	1.25871065393e-05
2.08497951766e-08	1.33556059154e-05
2.08538881749e-08	1.53054843395e-05
2.08579811732e-08	1.73404587258e-05
2.08620741714e-08	1.82202893484e-05
2.08661671697e-08	1.68670194398e-05
2.0870260168e-08	1.26268623717e-05
2.08743531662e-08	5.42427233086e-06
2.08784461645e-08	-4.20171363658e-06
2.08825391628e-08	-1.51855956574e-05
2.0886632161e-08	-2.61135246546e-05
2.08907251593e-08	-3.54616204277e-05
2.08948181576e-08	-4.18557756348e-05
2.08989111558e-08	-4.43129174528e-05
2.09030041541e-08	-4.24387035309e-05
2.09070971523e-08	-3.65208252333e-05
2.09111901506e-08	-2.75075763057e-05
2.09152831489e-08	-1.68400110852e-05
2.09193761471e-08	-6.17469686404e-06
2.09234691454e-08	2.95118934446e-06
2.09275621437e-08	9.42558108363e-06
2.09316551419e-08	1.27621869979e-05
2.09357481402e-08	1.31463939397e-05
2.09398411385e-08	1.13208570838e-05
2.09439341367e-08	8.36668095872e-06
2.0948027135e-08	5.43561782251e-06
2.09521201333e-08	3.52017377736e-06
2.09562131315e-08	3.2775640193e-06
2.09603061298e-08	4.94650475957e-06
2.09643991281e-08	8.32439218357e-06
2.09684921263e-08	1.28058672999e-05
2.09725851246e-08	1.74824435817e-05
2.09766781229e-08	2.12852064578e-05
2.09807711211e-08	2.31900612562e-05
2.09848641194e-08	2.24454743147e-05
2.09889571176e-08	1.87746791198e-05
2.09930501159e-08	1.24894540932e-05
2.09971431142e-08	4.47582851848e-06
2.10012361124e-08	-3.98394422518e-06
2.10053291107e-08	-1.14784206744e-05
2.1009422109e-08	-1.67771959241e-05
2.10135151072e-08	-1.90913415281e-05
2.10176081055e-08	-1.82037802006e-05
2.10217011038e-08	-1.44753994391e-05
2.1025794102e-08	-8.72499822435e-06
2.10298871003e-08	-2.04278649107e-06
2.10339800986e-08	4.41546762886e-06
2.10380730968e-08	9.61627392826e-06
2.10421660951e-08	1.28129613586e-05
2.10462590934e-08	1.36564522109e-05
2.10503520916e-08	1.22643759823e-05
2.10544450899e-08	9.21257560549e-06
2.10585380882e-08	5.43951864529e-06
2.10626310864e-08	2.06420872928e-06
2.10667240847e-08	1.29032287077e-07
2.10708170829e-08	3.43643705492e-07
2.10749100812e-08	2.87669922727e-06
2.10790030795e-08	7.27677752366e-06
2.10830960777e-08	1.25354281408e-05
2.1087189076e-08	1.7290471078e-05
2.10912820743e-08	2.01106158784e-05
2.10953750725e-08	1.98068773898e-05
2.10994680708e-08	1.56905152835e-05
2.11035610691e-08	7.73675037635e-06
2.11076540673e-08	-3.36650782629e-06
2.11117470656e-08	-1.63052027347e-05
2.11158400639e-08	-2.9322814953e-05
2.11199330621e-08	-4.04995262215e-05
2.11240260604e-08	-4.80649578094e-05
2.11281190587e-08	-5.07126496814e-05
2.11322120569e-08	-4.78403744637e-05
2.11363050552e-08	-3.96829309466e-05
2.11403980534e-08	-2.72990873782e-05
2.11444910517e-08	-1.240288384e-05
2.114858405e-08	2.91256174023e-06
2.11526770482e-08	1.65291421581e-05
2.11567700465e-08	2.6657291528e-05
2.11608630448e-08	3.21352708852e-05
2.1164956043e-08	3.26181689161e-05
2.11690490413e-08	2.86392896669e-05
2.11731420396e-08	2.15036488953e-05
2.11772350378e-08	1.30488751893e-05
2.11813280361e-08	5.29620501766e-06
2.11854210344e-08	4.09804670198e-08
2.11895140326e-08	-1.50858386405e-06
2.11936070309e-08	1.00724537333e-06
2.11977000292e-08	7.01929002389e-06
2.12017930274e-08	1.51489657583e-05
2.12058860257e-08	2.34957387875e-05
2.1209979024e-08	3.00277279166e-05
2.12140720222e-08	3.29931244778e-05
2.12181650205e-08	3.12572155963e-05
2.12222580187e-08	2.45212304435e-05
2.1226351017e-08	1.3392677829e-05
2.12304440153e-08	-6.94488335284e-07
2.12345370135e-08	-1.56822479767e-05
2.12386300118e-08	-2.92063123197e-05
2.12427230101e-08	-3.89814158552e-05
2.12468160083e-08	-4.32100787293e-05
2.12509090066e-08	-4.09507010772e-05
2.12550020049e-08	-3.23531567119e-05
2.12590950031e-08	-1.87011919479e-05
2.12631880014e-08	-2.22907669922e-06
2.12672809997e-08	1.42802582559e-05
2.12713739979e-08	2.80113927147e-05
2.12754669962e-08	3.6645156797e-05
2.12795599945e-08	3.87800755561e-05
2.12836529927e-08	3.41552040481e-05
2.1287745991e-08	2.36571904679e-05
2.12918389893e-08	9.13051189855e-06
2.12959319875e-08	-6.95504331816e-06
2.13000249858e-08	-2.19111934712e-05
2.1304117984e-08	-3.32475065079e-05
2.13082109823e-08	-3.90674285882e-05
2.13123039806e-08	-3.83796686947e-05
2.13163969788e-08	-3.12915144605e-05
2.13204899771e-08	-1.90298942471e-05
2.13245829754e-08	-3.76370417143e-06
2.13286759736e-08	1.17645959108e-05
2.13327689719e-08	2.47404150286e-05
2.13368619702e-08	3.28042879119e-05
2.13409549684e-08	3.4506108932e-05
2.13450479667e-08	2.95583959087e-05
2.1349140965e-08	1.88639605767e-05
2.13532339632e-08	4.31475154983e-06
2.13573269615e-08	-1.15760039989e-05
2.13614199598e-08	-2.61149798462e-05
2.1365512958e-08	-3.68661603716e-05
2.13696059563e-08	-4.20188516728e-05
2.13736989545e-08	-4.06436811318e-05
2.13777919528e-08	-3.28114474542e-05
2.13818849511e-08	-1.95790180442e-05
2.13859779493e-08	-2.82158362097e-06
2.13900709476e-08	1.50523319462e-05
2.13941639459e-08	3.14824537782e-05
2.13982569441e-08	4.41678748757e-05
2.14023499424e-08	5.14273997396e-05
2.14064429407e-08	5.24542374478e-05
2.14105359389e-08	4.740121949e-05
2.14146289372e-08	3.73031543859e-05
2.14187219355e-08	2.3856140615e-05
2.14228149337e-08	9.1026931841e-06
2.1426907932e-08	-4.90290813104e-06
2.14310009303e-08	-1.63995846378e-05
2.14350939285e-08	-2.41557336267e-05
2.14391869268e-08	-2.75988877547e-05
2.14432799251e-08	-2.68389976554e-05
2.14473729233e-08	-2.25892472372e-05
2.14514659216e-08	-1.59901919687e-05
2.14555589198e-08	-8.3898585217e-06
2.14596519181e-08	-1.11304370876e-06
2.14637449164e-08	4.74774697068e-06
2.14678379146e-08	8.4651301222e-06
2.14719309129e-08	9.74379599938e-06
2.14760239112e-08	8.71198790264e-06
2.14801169094e-08	5.85370617046e-06
2.14842099077e-08	1.90997729987e-06
2.1488302906e-08	-2.24862355935e-06
2.14923959042e-08	-5.75858803131e-06
2.14964889025e-08	-7.90852755017e-06
2.15005819008e-08	-8.26089308248e-06
2.1504674899e-08	-6.74000330037e-06
2.15087678973e-08	-3.64758898286e-06
2.15128608956e-08	3.96017469484e-07
2.15169538938e-08	4.58114300272e-06
2.15210468921e-08	8.07276319392e-06
2.15251398904e-08	1.01655023172e-05
2.15292328886e-08	1.04013552118e-05
2.15333258869e-08	8.61440366862e-06
2.15374188851e-08	4.94114556204e-06
2.15415118834e-08	-2.16273065234e-07
2.15456048817e-08	-6.22783954896e-06
2.15496978799e-08	-1.22861110867e-05
2.15537908782e-08	-1.74805863935e-05
2.15578838765e-08	-2.09063910006e-05
2.15619768747e-08	-2.18191635213e-05
2.1566069873e-08	-1.97983044927e-05
2.15701628713e-08	-1.4888255464e-05
2.15742558695e-08	-7.64404740039e-06
2.15783488678e-08	9.27690962271e-07
2.15824418661e-08	9.54896495386e-06
2.15865348643e-08	1.6907843019e-05
2.15906278626e-08	2.19053144974e-05
2.15947208609e-08	2.38398097281e-05
2.15988138591e-08	2.25024050451e-05
2.16029068574e-08	1.81935538421e-05
2.16069998557e-08	1.16565515782e-05
2.16110928539e-08	3.98546808356e-06
2.16151858522e-08	-3.51272728949e-06
2.16192788504e-08	-9.48367232922e-06
2.16233718487e-08	-1.2727145986e-05
2.1627464847e-08	-1.24186180983e-05
2.16315578452e-08	-8.31519537314e-06
2.16356508435e-08	-8.73744511409e-07
2.16397438418e-08	8.75988189364e-06
2.164383684e-08	1.89157071873e-05
2.16479298383e-08	2.77062208625e-05
2.16520228366e-08	3.33831485477e-05
2.16561158348e-08	3.46871711372e-05
2.16602088331e-08	3.10854557029e-05
2.16643018314e-08	2.28682729357e-05
2.16683948296e-08	1.10899827632e-05
2.16724878279e-08	-2.61256559497e-06
2.16765808262e-08	-1.62819414982e-05
2.16806738244e-08	-2.79399646388e-05
2.16847668227e-08	-3.58890247298e-05
2.16888598209e-08	-3.89786109736e-05
2.16929528192e-08	-3.68013206753e-05
2.16970458175e-08	-2.97901187878e-05
2.17011388157e-08	-1.9168257495e-05
2.1705231814e-08	-6.77108118907e-06
2.17093248123e-08	5.27100019099e-06
2.17134178105e-08	1.49110564962e-05
2.17175108088e-08	2.05554115382e-05
2.17216038071e-08	2.13520870602e-05
2.17256968053e-08	1.73335120053e-05
2.17297898036e-08	9.39384335652e-06
2.17338828019e-08	-8.88760609996e-07
2.17379758001e-08	-1.15441207527e-05
2.17420687984e-08	-2.05709184229e-05
2.17461617967e-08	-2.62818848569e-05
2.17502547949e-08	-2.76020145975e-05
2.17543477932e-08	-2.4245802706e-05
2.17584407915e-08	-1.6759697246e-05
2.17625337897e-08	-6.40877487967e-06
2.1766626788e-08	5.06874812345e-06
2.17707197862e-08	1.57862868946e-05
2.17748127845e-08	2.40580284299e-05
2.17789057828e-08	2.86867689283e-05
2.1782998781e-08	2.91575506708e-05
2.17870917793e-08	2.56922758126e-05
2.17911847776e-08	1.91778890439e-05
2.17952777758e-08	1.09810916911e-05
2.17993707741e-08	2.69861925517e-06
2.18034637724e-08	-4.13199313698e-06
2.18075567706e-08	-8.30503449833e-06
2.18116497689e-08	-9.16594399314e-06
2.18157427672e-08	-6.73905469739e-06
2.18198357654e-08	-1.71552210304e-06
2.18239287637e-08	4.68739108328e-06
2.1828021762e-08	1.09918801172e-05
2.18321147602e-08	1.57766662596e-05
2.18362077585e-08	1.79809703695e-05
2.18403007568e-08	1.7111782654e-05
2.1844393755e-08	1.33120129249e-05
2.18484867533e-08	7.28321083443e-06
2.18525797515e-08	1.03236061477e-07
2.18566727498e-08	-7.00680084265e-06
2.18607657481e-08	-1.29023901536e-05
2.18648587463e-08	-1.66889258253e-05
2.18689517446e-08	-1.78445025085e-05
2.18730447429e-08	-1.62728483701e-05
2.18771377411e-08	-1.23189611259e-05
2.18812307394e-08	-6.71808265906e-06
2.18853237377e-08	-4.8087832738e-07
2.18894167359e-08	5.28184364157e-06
2.18935097342e-08	9.57696465775e-06
2.18976027325e-08	1.17394392873e-05
2.19016957307e-08	1.15646307677e-05
2.1905788729e-08	9.32904913498e-06
2.19098817273e-08	5.68380028199e-06
2.19139747255e-08	1.4459749309e-06
2.19180677238e-08	-2.61893478637e-06
2.1922160722e-08	-5.98097994953e-06
2.19262537203e-08	-8.4195035015e-06
2.19303467186e-08	-9.99645635602e-06
2.19344397168e-08	-1.09536049422e-05
2.19385327151e-08	-1.15824823297e-05
2.19426257134e-08	-1.21168795886e-05
2.19467187116e-08	-1.26641280076e-05
2.19508117099e-08	-1.31796423375e-05
2.19549047082e-08	-1.34669517138e-05
2.19589977064e-08	-1.32044024213e-05
2.19630907047e-08	-1.19863543659e-05
2.1967183703e-08	-9.41081088968e-06
2.19712767012e-08	-5.1884462664e-06
2.19753696995e-08	7.24961864762e-07
2.19794626978e-08	8.01750320534e-06
2.1983555696e-08	1.59863848239e-05
2.19876486943e-08	2.35963289015e-05
2.19917416926e-08	2.96527359751e-05
2.19958346908e-08	3.30410257448e-05
2.19999276891e-08	3.29806134687e-05
2.20040206873e-08	2.92179192911e-05
2.20081136856e-08	2.21210830205e-05
2.20122066839e-08	1.26469631141e-05
2.20162996821e-08	2.19426965486e-06
2.20203926804e-08	-7.62173067415e-06
2.20244856787e-08	-1.52385573529e-05
2.20285786769e-08	-1.94101812667e-05
2.20326716752e-08	-1.94305521291e-05
2.20367646735e-08	-1.52775537572e-05
2.20408576717e-08	-7.65671211411e-06
2.204495067e-08	2.0870620574e-06
2.20490436683e-08	1.21752045743e-05
2.20531366665e-08	2.06897511816e-05
2.20572296648e-08	2.5918634492e-05
2.20613226631e-08	2.66678762273e-05
2.20654156613e-08	2.24958312174e-05
2.20695086596e-08	1.38204322866e-05
2.20736016579e-08	1.86787656276e-06
2.20776946561e-08	-1.1512396668e-05
2.20817876544e-08	-2.41490088229e-05
2.20858806526e-08	-3.39159050782e-05
2.20899736509e-08	-3.91066205339e-05
2.20940666492e-08	-3.87539657822e-05
2.20981596474e-08	-3.28339228872e-05
2.21022526457e-08	-2.22978360398e-05
2.2106345644e-08	-8.92522984941e-06
2.21104386422e-08	4.9889267757e-06
2.21145316405e-08	1.70580715348e-05
2.21186246388e-08	2.52362442552e-05
2.2122717637e-08	2.81964566966e-05
2.21268106353e-08	2.55515442404e-05
2.21309036336e-08	1.79057387868e-05
2.21349966318e-08	6.7375603976e-06
2.21390896301e-08	-5.86546047998e-06
2.21431826284e-08	-1.7552767531e-05
2.21472756266e-08	-2.61025998043e-05
2.21513686249e-08	-2.9802435165e-05
2.21554616232e-08	-2.77657600236e-05
2.21595546214e-08	-2.0123210561e-05
2.21636476197e-08	-8.05842137197e-06
2.21677406179e-08	6.37241373624e-06
2.21718336162e-08	2.06021632039e-05
2.21759266145e-08	3.20440994983e-05
2.21800196127e-08	3.86186875403e-05
2.2184112611e-08	3.91724679503e-05
2.21882056093e-08	3.37120545737e-05
2.21922986075e-08	2.33852806559e-05
2.21963916058e-08	1.02359172161e-05
2.22004846041e-08	-3.2141272186e-06
2.22045776023e-08	-1.44436626215e-05
2.22086706006e-08	-2.13895964407e-05
2.22127635989e-08	-2.28073149628e-05
2.22168565971e-08	-1.84861528396e-05
2.22209495954e-08	-9.30642909225e-06
2.22250425937e-08	2.88120645564e-06
2.22291355919e-08	1.55451853061e-05
2.22332285902e-08	2.59140069829e-05
2.22373215884e-08	3.14996177622e-05
2.22414145867e-08	3.06266592816e-05
2.2245507585e-08	2.28369171964e-05
2.22496005832e-08	9.0717776402e-06
2.22536935815e-08	-8.43123234517e-06
2.22577865798e-08	-2.65290073003e-05
2.2261879578e-08	-4.17643605033e-05
2.22659725763e-08	-5.1037841331e-05
2.22700655746e-08	-5.22155460203e-05
2.22741585728e-08	-4.45517507615e-05
2.22782515711e-08	-2.88594474114e-05
2.22823445694e-08	-7.40517953091e-06
2.22864375676e-08	1.6445737856e-05
2.22905305659e-08	3.87635082006e-05
2.22946235642e-08	5.57076346013e-05
2.22987165624e-08	6.41832884867e-05
2.23028095607e-08	6.24079766567e-05
2.2306902559e-08	5.02878901898e-05
2.23109955572e-08	2.9508728403e-05
2.23150885555e-08	3.3091325804e-06
2.23191815537e-08	-2.40378049057e-05
2.2323274552e-08	-4.79655682284e-05
2.23273675503e-08	-6.44274332444e-05
2.23314605485e-08	-7.06211212673e-05
2.23355535468e-08	-6.55116018606e-05
2.23396465451e-08	-5.00143796671e-05
2.23437395433e-08	-2.68413277809e-05
2.23478325416e-08	-2.41348061536e-08
2.23519255399e-08	2.5799334253e-05
2.23560185381e-08	4.62017851532e-05
2.23601115364e-08	5.77520549996e-05
2.23642045347e-08	5.86315181863e-05
2.23682975329e-08	4.89697704324e-05
2.23723905312e-08	3.08225353365e-05
2.23764835295e-08	7.80978734838e-06
2.23805765277e-08	-1.55521684064e-05
2.2384669526e-08	-3.46749802702e-05
2.23887625243e-08	-4.57499554614e-05
2.23928555225e-08	-4.64544791612e-05
2.23969485208e-08	-3.63912549801e-05
2.2401041519e-08	-1.71877327375e-05
2.24051345173e-08	7.77451077738e-06
2.24092275156e-08	3.39313628501e-05
2.24133205138e-08	5.63415960642e-05
2.24174135121e-08	7.05702332198e-05
2.24215065104e-08	7.35171342967e-05
2.24255995086e-08	6.40208527329e-05
2.24296925069e-08	4.31323132943e-05
2.24337855052e-08	1.39778039738e-05
2.24378785034e-08	-1.87700788956e-05
2.24419715017e-08	-4.97177898069e-05
2.24460645e-08	-7.37252266845e-05
2.24501574982e-08	-8.68179922691e-05
2.24542504965e-08	-8.68808710948e-05
2.24583434948e-08	-7.3989314842e-05
2.2462436493e-08	-5.03621704411e-05
2.24665294913e-08	-1.99383939616e-05
2.24706224895e-08	1.23101135614e-05
2.24747154878e-08	4.12166955357e-05
2.24788084861e-08	6.22821753495e-05
2.24829014843e-08	7.2413648013e-05
2.24869944826e-08	7.04400590621e-05
2.24910874809e-08	5.7308061514e-05
2.24951804791e-08	3.59073019354e-05
2.24992734774e-08	1.05286026155e-05
2.25033664757e-08	-1.39371059049e-05
2.25074594739e-08	-3.29437098117e-05
2.25115524722e-08	-4.31523149018e-05
2.25156454705e-08	-4.30488871643e-05
2.25197384687e-08	-3.31931223627e-05
2.2523831467e-08	-1.60398703883e-05
2.25279244653e-08	4.59141028841e-06
2.25320174635e-08	2.42828446062e-05
2.25361104618e-08	3.8855450839e-05
2.25402034601e-08	4.51297673862e-05
2.25442964583e-08	4.14793939854e-05
2.25483894566e-08	2.81217962765e-05
2.25524824548e-08	7.08715651854e-06
2.25565754531e-08	-1.81074210559e-05
2.25606684514e-08	-4.3048592488e-05
2.25647614496e-08	-6.31943330518e-05
2.25688544479e-08	-7.46870937292e-05
2.25729474462e-08	-7.50830004108e-05
2.25770404444e-08	-6.38250057818e-05
2.25811334427e-08	-4.23762903665e-05
2.2585226441e-08	-1.39645862873e-05
2.25893194392e-08	1.70050425368e-05
2.25934124375e-08	4.57495407318e-05
2.25975054358e-08	6.7947403295e-05
2.2601598434e-08	8.04699229775e-05
2.26056914323e-08	8.18651242298e-05
2.26097844306e-08	7.25289282855e-05
2.26138774288e-08	5.45685034012e-05
2.26179704271e-08	3.13768941851e-05
2.26220634254e-08	7.02103397998e-06
2.26261564236e-08	-1.44712576002e-05
2.26302494219e-08	-2.98013619613e-05
2.26343424201e-08	-3.69576009689e-05
2.26384354184e-08	-3.55363299605e-05
2.26425284167e-08	-2.6769372198e-05
2.26466214149e-08	-1.32499326355e-05
2.26507144132e-08	1.60120589499e-06
2.26548074115e-08	1.42141689139e-05
2.26589004097e-08	2.15678337554e-05
2.2662993408e-08	2.17724482354e-05
2.26670864063e-08	1.44282275869e-05
2.26711794045e-08	6.96573806636e-07
2.26752724028e-08	-1.69113063748e-05
2.26793654011e-08	-3.5000823118e-05
2.26834583993e-08	-4.99220659549e-05
2.26875513976e-08	-5.84455483477e-05
2.26916443959e-08	-5.83771907259e-05
2.26957373941e-08	-4.8987010814e-05
2.26998303924e-08	-3.11732146656e-05
2.27039233906e-08	-7.33607703296e-06
2.27080163889e-08	1.90257014765e-05
2.27121093872e-08	4.39106006525e-05
2.27162023854e-08	6.34888783679e-05
2.27202953837e-08	7.47404337744e-05
2.2724388382e-08	7.59381146054e-05
2.27284813802e-08	6.69156943331e-05
2.27325743785e-08	4.90801394335e-05
2.27366673768e-08	2.5180841476e-05
2.2740760375e-08	-1.12854718282e-06
2.27448533733e-08	-2.58771324297e-05
2.27489463716e-08	-4.54215260106e-05
2.27530393698e-08	-5.70452175452e-05
2.27571323681e-08	-5.94114026171e-05
2.27612253664e-08	-5.27706797584e-05
2.27653183646e-08	-3.8873993617e-05
2.27694113629e-08	-2.06154691114e-05
2.27735043612e-08	-1.45487069858e-06
2.27775973594e-08	1.52315533342e-05
2.27816903577e-08	2.67485756922e-05
2.27857833559e-08	3.15200340992e-05
2.27898763542e-08	2.92881377391e-05
2.27939693525e-08	2.10782291106e-05
2.27980623507e-08	8.9554087026e-06
2.2802155349e-08	-4.36883465227e-06
2.28062483473e-08	-1.60151648743e-05
2.28103413455e-08	-2.34308208746e-05
2.28144343438e-08	-2.48472388193e-05
2.28185273421e-08	-1.96203036467e-05
2.28226203403e-08	-8.39025778987e-06
2.28267133386e-08	6.99003339832e-06
2.28308063369e-08	2.37705153268e-05
2.28348993351e-08	3.88091830246e-05
2.28389923334e-08	4.91776154377e-05
2.28430853317e-08	5.27248630533e-05
2.28471783299e-08	4.84871707158e-05
2.28512713282e-08	3.68556429748e-05
2.28553643265e-08	1.94773001567e-05
2.28594573247e-08	-1.05557501229e-06
2.2863550323e-08	-2.16616663238e-05
2.28676433212e-08	-3.92764122807e-05
2.28717363195e-08	-5.13268241775e-05
2.28758293178e-08	-5.61192719033e-05
2.2879922316e-08	-5.30921388417e-05
2.28840153143e-08	-4.29015126429e-05
2.28881083126e-08	-2.73204950645e-05
2.28922013108e-08	-8.95589619176e-06
2.28962943091e-08	9.19627655094e-06
2.29003873074e-08	2.4273102099e-05
2.29044803056e-08	3.40545338986e-05
2.29085733039e-08	3.73471775674e-05
2.29126663022e-08	3.41627055604e-05
2.29167593004e-08	2.56591192738e-05
2.29208522987e-08	1.38570012496e-05
2.2924945297e-08	1.21905122796e-06
2.29290382952e-08	-9.83851168712e-06
2.29331312935e-08	-1.73786356754e-05
2.29372242918e-08	-2.026585571e-05
2.294131729e-08	-1.83293232112e-05
2.29454102883e-08	-1.23438021546e-05
2.29495032865e-08	-3.85073872167e-06
2.29535962848e-08	5.15790361533e-06
2.29576892831e-08	1.26316290334e-05
2.29617822813e-08	1.68705228134e-05
2.29658752796e-08	1.68557980942e-05
2.29699682779e-08	1.24648813653e-05
2.29740612761e-08	4.49419258075e-06
2.29781542744e-08	-5.49260494154e-06
2.29822472727e-08	-1.54687459144e-05
2.29863402709e-08	-2.33457249124e-05
2.29904332692e-08	-2.7372414479e-05
2.29945262675e-08	-2.6484938644e-05
2.29986192657e-08	-2.05145643122e-05
2.3002712264e-08	-1.02426720332e-05
2.30068052623e-08	2.72971624327e-06
2.30108982605e-08	1.62646811077e-05
2.30149912588e-08	2.80842359643e-05
2.3019084257e-08	3.62008649972e-05
2.30231772553e-08	3.93023728975e-05
2.30272702536e-08	3.70064444724e-05
2.30313632518e-08	2.99173480016e-05
2.30354562501e-08	1.94965159608e-05
2.30395492484e-08	7.74234740675e-06
2.30436422466e-08	-3.20886374539e-06
2.30477352449e-08	-1.14987187771e-05
2.30518282432e-08	-1.58862803801e-05
2.30559212414e-08	-1.59522896865e-05
2.30600142397e-08	-1.2151746887e-05
2.3064107238e-08	-5.71241844227e-06
2.30682002362e-08	1.59639466801e-06
2.30722932345e-08	7.7987288023e-06
2.30763862328e-08	1.10910386866e-05
2.3080479231e-08	1.02277808764e-05
2.30845722293e-08	4.81853976453e-06
2.30886652276e-08	-4.51703817816e-06
2.30927582258e-08	-1.62041542353e-05
2.30968512241e-08	-2.7982667234e-05
2.31009442223e-08	-3.73495386157e-05
2.31050372206e-08	-4.20803698944e-05
2.31091302189e-08	-4.07019142585e-05
2.31132232171e-08	-3.28187525156e-05
2.31173162154e-08	-1.92138613784e-05
2.31214092137e-08	-1.72466752701e-06
2.31255022119e-08	1.70721868926e-05
2.31295952102e-08	3.42883395206e-05
2.31336882085e-08	4.71933853987e-05
2.31377812067e-08	5.36493389518e-05
2.3141874205e-08	5.24690767634e-05
2.31459672033e-08	4.36419431935e-05
2.31500602015e-08	2.83914887405e-05
2.31541531998e-08	9.03580348677e-06
2.31582461981e-08	-1.13591777335e-05
2.31623391963e-08	-2.94813289656e-05
2.31664321946e-08	-4.23624151153e-05
2.31705251929e-08	-4.79223126604e-05
2.31746181911e-08	-4.53575339634e-05
2.31787111894e-08	-3.52788993041e-05
2.31828041876e-08	-1.95746142708e-05
2.31868971859e-08	-1.03120225958e-06
2.31909901842e-08	1.71841475094e-05
2.31950831824e-08	3.20878134517e-05
2.31991761807e-08	4.13771995227e-05
2.3203269179e-08	4.37798516941e-05
2.32073621772e-08	3.92353758798e-05
2.32114551755e-08	2.88635310426e-05
2.32155481738e-08	1.47575356095e-05
2.3219641172e-08	-3.86024566978e-07
2.32237341703e-08	-1.37482311402e-05
2.32278271686e-08	-2.29033939831e-05
2.32319201668e-08	-2.62725043285e-05
2.32360131651e-08	-2.34325598285e-05
2.32401061634e-08	-1.52006114149e-05
2.32441991616e-08	-3.47019567926e-06
2.32482921599e-08	9.16041062737e-06
2.32523851581e-08	1.9915678422e-05
2.32564781564e-08	2.63871006609e-05
2.32605711547e-08	2.70109158009e-05
2.32646641529e-08	2.13728744711e-05
2.32687571512e-08	1.02956273622e-05
2.32728501495e-08	-4.30290083386e-06
2.32769431477e-08	-1.97575427592e-05
2.3281036146e-08	-3.31456758431e-05
2.32851291443e-08	-4.18347044615e-05
2.32892221425e-08	-4.39847135567e-05
2.32933151408e-08	-3.89202978113e-05
2.32974081391e-08	-2.72816669167e-05
2.33015011373e-08	-1.09406937554e-05
2.33055941356e-08	7.32809439796e-06
2.33096871339e-08	2.43452941504e-05
2.33137801321e-08	3.7104866351e-05
2.33178731304e-08	4.33270688518e-05
2.33219661287e-08	4.18843337684e-05
2.33260591269e-08	3.30307084369e-05
2.33301521252e-08	1.83869633474e-05
2.33342451234e-08	6.88881300448e-07
2.33383381217e-08	-1.66843001352e-05
2.334243112e-08	-3.03133892885e-05
2.33465241182e-08	-3.73871043848e-05
2.33506171165e-08	-3.62686150766e-05
2.33547101148e-08	-2.68634903478e-05
2.3358803113e-08	-1.06967781903e-05
2.33628961113e-08	9.32396687858e-06
2.33669891096e-08	2.94302153634e-05
2.33710821078e-08	4.56967427453e-05
2.33751751061e-08	5.47727795492e-05
2.33792681044e-08	5.45222865185e-05
2.33833611026e-08	4.44303441327e-05
2.33874541009e-08	2.57275351032e-05
2.33915470992e-08	1.21968628264e-06
2.33956400974e-08	-2.51499950537e-05
2.33997330957e-08	-4.89337544423e-05
2.3403826094e-08	-6.5916479798e-05
2.34079190922e-08	-7.28565501049e-05
2.34120120905e-08	-6.81043748045e-05
2.34161050887e-08	-5.19757631992e-05
2.3420198087e-08	-2.68006951956e-05
2.34242910853e-08	3.41632289746e-06
2.34283840835e-08	3.36638258887e-05
2.34324770818e-08	5.88160874031e-05
2.34365700801e-08	7.4573821621e-05
2.34406630783e-08	7.82500574132e-05
2.34447560766e-08	6.92612666171e-05
2.34488490749e-08	4.92200560984e-05
2.34529420731e-08	2.16326716327e-05
2.34570350714e-08	-8.72266264196e-06
2.34611280697e-08	-3.66207023035e-05
2.34652210679e-08	-5.72792996536e-05
2.34693140662e-08	-6.7166169174e-05
2.34734070645e-08	-6.46150147077e-05
2.34775000627e-08	-5.01439571963e-05
2.3481593061e-08	-2.64030368271e-05
2.34856860592e-08	2.24322411668e-06
2.34897790575e-08	3.04726199829e-05
2.34938720558e-08	5.2969695389e-05
2.3497965054e-08	6.5421423642e-05
2.35020580523e-08	6.5352927777e-05
2.35061510506e-08	5.26192961843e-05
2.35102440488e-08	2.94518431474e-05
2.35143370471e-08	4.67739482701e-08
2.35184300454e-08	-3.02117059618e-05
2.35225230436e-08	-5.57501989533e-05
2.35266160419e-08	-7.18227020116e-05
2.35307090402e-08	-7.53680069465e-05
2.35348020384e-08	-6.55652256683e-05
2.35388950367e-08	-4.39902723883e-05
2.3542988035e-08	-1.43576953633e-05
2.35470810332e-08	1.81188552233e-05
2.35511740315e-08	4.76415007142e-05
2.35552670298e-08	6.88746949891e-05
2.3559360028e-08	7.79220717959e-05
2.35634530263e-08	7.30689353077e-05
2.35675460245e-08	5.51328084839e-05
2.35716390228e-08	2.73441473837e-05
2.35757320211e-08	-5.21631136507e-06
2.35798250193e-08	-3.65431478713e-05
2.35839180176e-08	-6.0801019572e-05
2.35880110159e-08	-7.340121374e-05
2.35921040141e-08	-7.18536612112e-05
2.35961970124e-08	-5.62441346119e-05
2.36002900107e-08	-2.92480963253e-05
2.36043830089e-08	4.3266350076e-06
2.36084760072e-08	3.83927254006e-05
2.36125690055e-08	6.66797204758e-05
2.36166620037e-08	8.38757041492e-05
2.3620755002e-08	8.66146729095e-05
2.36248480003e-08	7.41007679608e-05
2.36289409985e-08	4.82769100927e-05
2.36330339968e-08	1.3483479961e-05
2.36371269951e-08	-2.43199101533e-05
2.36412199933e-08	-5.86078094784e-05
2.36453129916e-08	-8.34443344502e-05
2.36494059898e-08	-9.45221254369e-05
2.36534989881e-08	-8.99084698176e-05
2.36575919864e-08	-7.03835612512e-05
2.36616849846e-08	-3.93091977458e-05
2.36657779829e-08	-2.0417653559e-06
2.36698709812e-08	3.5000826756e-05
2.36739639794e-08	6.5480984631e-05
2.36780569777e-08	8.42841836857e-05
2.3682149976e-08	8.84426553966e-05
2.36862429742e-08	7.76670713094e-05
2.36903359725e-08	5.43681417184e-05
2.36944289708e-08	2.31615376833e-05
2.3698521969e-08	-1.0035601008e-05
2.37026149673e-08	-3.913508408e-05
2.37067079656e-08	-5.90042800468e-05
2.37108009638e-08	-6.63757964503e-05
2.37148939621e-08	-6.03837761446e-05
2.37189869604e-08	-4.26524638897e-05
2.37230799586e-08	-1.69501654455e-05
2.37271729569e-08	1.1528003597e-05
2.37312659551e-08	3.71089590772e-05
2.37353589534e-08	5.46805531485e-05
2.37394519517e-08	6.06405847066e-05
2.37435449499e-08	5.35917242814e-05
2.37476379482e-08	3.46433153027e-05
2.37517309465e-08	7.24295296095e-06
2.37558239447e-08	-2.34502476815e-05
2.3759916943e-08	-5.15487918165e-05
2.37640099413e-08	-7.15680653229e-05
2.37681029395e-08	-7.94925872469e-05
2.37721959378e-08	-7.35371577321e-05
2.37762889361e-08	-5.44740687474e-05
2.37803819343e-08	-2.54595943261e-05
2.37844749326e-08	8.57037957758e-06
2.37885679309e-08	4.18081290263e-05
2.37926609291e-08	6.86160710757e-05
2.37967539274e-08	8.44989990583e-05
2.38008469256e-08	8.68820134201e-05
2.38049399239e-08	7.55408254918e-05
2.38090329222e-08	5.26377880306e-05
2.38131259204e-08	2.23403203563e-05
2.38172189187e-08	-9.91709566733e-06
2.3821311917e-08	-3.84193263017e-05
2.38254049152e-08	-5.82149987167e-05
2.38294979135e-08	-6.60288787913e-05
2.38335909118e-08	-6.08676928096e-05
2.383768391e-08	-4.41675583716e-05
2.38417769083e-08	-1.94979547814e-05
2.38458699066e-08	8.15388557385e-06
2.38499629048e-08	3.33416937792e-05
2.38540559031e-08	5.11838152306e-05
2.38581489014e-08	5.82563407079e-05
2.38622418996e-08	5.31979458174e-05
2.38663348979e-08	3.69331173715e-05
2.38704278962e-08	1.24774178403e-05
2.38745208944e-08	-1.56183450599e-05
2.38786138927e-08	-4.21074946644e-05
2.38827068909e-08	-6.1995247961e-05
2.38867998892e-08	-7.14511261322e-05
2.38908928875e-08	-6.84973783791e-05
2.38949858857e-08	-5.3367271903e-05
2.3899078884e-08	-2.84555644612e-05
2.39031718823e-08	2.12713644032e-06
2.39072648805e-08	3.32929703291e-05
2.39113578788e-08	5.98901388003e-05
2.39154508771e-08	7.75963271735e-05
2.39195438753e-08	8.36535618873e-05
2.39236368736e-08	7.7309065091e-05
2.39277298719e-08	5.98998885835e-05
2.39318228701e-08	3.45613188983e-05
2.39359158684e-08	5.62980039831e-06
2.39400088667e-08	-2.21591762966e-05
2.39441018649e-08	-4.45278747065e-05
2.39481948632e-08	-5.83968903811e-05
2.39522878615e-08	-6.23829982942e-05
2.39563808597e-08	-5.69455478399e-05
2.3960473858e-08	-4.41773299826e-05
2.39645668562e-08	-2.72874312941e-05
2.39686598545e-08	-9.91131128103e-06
2.39727528528e-08	4.61636409455e-06
2.3976845851e-08	1.38781797432e-05
2.39809388493e-08	1.67712769326e-05
2.39850318476e-08	1.36379549076e-05
2.39891248458e-08	6.11855466559e-06
2.39932178441e-08	-3.23307608596e-06
2.39973108424e-08	-1.14981066872e-05
2.40014038406e-08	-1.60104846145e-05
2.40054968389e-08	-1.49437701111e-05
2.40095898372e-08	-7.73111605668e-06
2.40136828354e-08	4.76016703033e-06
2.40177758337e-08	2.0363360818e-05
2.4021868832e-08	3.60440462828e-05
2.40259618302e-08	4.85362616018e-05
2.40300548285e-08	5.50478835066e-05
2.40341478267e-08	5.38692911505e-05
2.4038240825e-08	4.47455749963e-05
2.40423338233e-08	2.8933669455e-05
2.40464268215e-08	8.95246648724e-06
2.40505198198e-08	-1.19110063679e-05
2.40546128181e-08	-3.021905286e-05
2.40587058163e-08	-4.30116633652e-05
2.40627988146e-08	-4.83286858071e-05
2.40668918129e-08	-4.55550543847e-05
2.40709848111e-08	-3.55337288056e-05
2.40750778094e-08	-2.04204734473e-05
2.40791708077e-08	-3.30444800056e-06
2.40832638059e-08	1.23714044094e-05
2.40873568042e-08	2.34849758272e-05
2.40914498025e-08	2.78734150925e-05
2.40955428007e-08	2.47990883508e-05
2.4099635799e-08	1.51262520376e-05
2.41037287973e-08	1.14853673949e-06
2.41078217955e-08	-1.38897739816e-05
2.41119147938e-08	-2.64842365141e-05
2.4116007792e-08	-3.3615018765e-05
2.41201007903e-08	-3.33758289344e-05
2.41241937886e-08	-2.53726575465e-05
2.41282867868e-08	-1.0812615983e-05
2.41323797851e-08	7.7170188888e-06
2.41364727834e-08	2.67292762146e-05
2.41405657816e-08	4.24879035563e-05
2.41446587799e-08	5.17143198522e-05
2.41487517782e-08	5.22292175447e-05
2.41528447764e-08	4.34130815847e-05
2.41569377747e-08	2.63899783022e-05
2.4161030773e-08	3.88707894672e-06
2.41651237712e-08	-2.02261162485e-05
2.41692167695e-08	-4.16429575125e-05
2.41733097678e-08	-5.64313231735e-05
2.4177402766e-08	-6.18003396085e-05
2.41814957643e-08	-5.66544877074e-05
2.41855887626e-08	-4.18235940742e-05
2.41896817608e-08	-1.99254300242e-05
2.41937747591e-08	5.11760663358e-06
2.41978677573e-08	2.8811107768e-05
2.42019607556e-08	4.69281076221e-05
2.42060537539e-08	5.63045614399e-05
2.42101467521e-08	5.54387079319e-05
2.42142397504e-08	4.47759339295e-05
2.42183327487e-08	2.66282386292e-05
2.42224257469e-08	4.73031423098e-06
2.42265187452e-08	-1.64843422681e-05
2.42306117435e-08	-3.27513771481e-05
2.42347047417e-08	-4.08136984333e-05
2.423879774e-08	-3.90653804061e-05
2.42428907383e-08	-2.78737570625e-05
2.42469837365e-08	-9.51334095589e-06
2.42510767348e-08	1.22609126265e-05
2.42551697331e-08	3.29296090058e-05
2.42592627313e-08	4.80761009385e-05
2.42633557296e-08	5.42442139704e-05
2.42674487279e-08	4.96371430927e-05
2.42715417261e-08	3.45231273968e-05
2.42756347244e-08	1.12599900604e-05
2.42797277226e-08	-1.60810195666e-05
2.42838207209e-08	-4.24422760261e-05
2.42879137192e-08	-6.27407935099e-05
2.42920067174e-08	-7.28627710487e-05
2.42960997157e-08	-7.05032216501e-05
2.4300192714e-08	-5.5661170336e-05
2.43042857122e-08	-3.06817491946e-05
2.43083787105e-08	1.57680403845e-07
2.43124717088e-08	3.14448479912e-05
2.4316564707e-08	5.76316015213e-05
2.43206577053e-08	7.4052499258e-05
2.43247507036e-08	7.77672539698e-05
2.43288437018e-08	6.80898010614e-05
2.43329367001e-08	4.6720932005e-05
2.43370296984e-08	1.74668730324e-05
2.43411226966e-08	-1.44180639836e-05
2.43452156949e-08	-4.31609660154e-05
2.43493086931e-08	-6.35172036709e-05
2.43534016914e-08	-7.17693037586e-05
2.43574946897e-08	-6.64550025249e-05
2.43615876879e-08	-4.86951175844e-05
2.43656806862e-08	-2.20106976485e-05
2.43697736845e-08	8.34730963106e-06
2.43738666827e-08	3.64183506463e-05
2.4377959681e-08	5.67060124013e-05
2.43820526793e-08	6.52501184959e-05
2.43861456775e-08	6.03916414548e-05
2.43902386758e-08	4.30744294135e-05
2.43943316741e-08	1.66612262547e-05
2.43984246723e-08	-1.37086262839e-05
2.44025176706e-08	-4.20676733484e-05
2.44066106689e-08	-6.271948223e-05
2.44107036671e-08	-7.13003537385e-05
2.44147966654e-08	-6.56151241856e-05
2.44188896637e-08	-4.61120944237e-05
2.44229826619e-08	-1.58789662237e-05
2.44270756602e-08	1.98404522962e-05
2.44311686584e-08	5.45682451047e-05
2.44352616567e-08	8.17727996036e-05
2.4439354655e-08	9.61063778959e-05
2.44434476532e-08	9.44450875977e-05
2.44475406515e-08	7.65183067415e-05
2.44516336498e-08	4.50088482467e-05
2.4455726648e-08	5.08940684085e-06
2.44598196463e-08	-3.64939696738e-05
2.44639126446e-08	-7.2631664807e-05
2.44680056428e-08	-9.7111442301e-05
2.44720986411e-08	-0.000105720377178
2.44761916394e-08	-9.69834291027e-05
2.44802846376e-08	-7.24263227312e-05
2.44843776359e-08	-3.63099461538e-05
2.44884706342e-08	5.11875850862e-06
2.44925636324e-08	4.47231868748e-05
2.44966566307e-08	7.57488887757e-05
2.4500749629e-08	9.30172027438e-05
2.45048426272e-08	9.38435623539e-05
2.45089356255e-08	7.85004012869e-05
2.45130286237e-08	5.01370232087e-05
2.4517121622e-08	1.41816708492e-05
2.45212146203e-08	-2.26621796173e-05
2.45253076185e-08	-5.3645191656e-05
2.45294006168e-08	-7.31917243684e-05
2.45334936151e-08	-7.78979738243e-05
2.45375866133e-08	-6.71387679176e-05
2.45416796116e-08	-4.31578591815e-05
2.45457726099e-08	-1.06427633e-05
2.45498656081e-08	2.41493762587e-05
2.45539586064e-08	5.45603834325e-05
2.45580516047e-08	7.47663434595e-05
2.45621446029e-08	8.08533804957e-05
2.45662376012e-08	7.15322530596e-05
2.45703305995e-08	4.83499679831e-05
2.45744235977e-08	1.53826022142e-05
2.4578516596e-08	-2.15293257497e-05
2.45826095942e-08	-5.58460124012e-05
2.45867025925e-08	-8.14930681372e-05
2.45907955908e-08	-9.39253077377e-05
2.4594888589e-08	-9.09076916287e-05
2.45989815873e-08	-7.28950763005e-05
2.46030745856e-08	-4.29461579188e-05
2.46071675838e-08	-6.18978810962e-06
2.46112605821e-08	3.10833893309e-05
2.46153535804e-08	6.25397005933e-05
2.46194465786e-08	8.29471682664e-05
2.46235395769e-08	8.91181553015e-05
2.46276325752e-08	8.04682786111e-05
2.46317255734e-08	5.90827075939e-05
2.46358185717e-08	2.92663680739e-05
2.463991157e-08	-3.30811644744e-06
2.46440045682e-08	-3.26873923768e-05
2.46480975665e-08	-5.37233790965e-05
2.46521905648e-08	-6.29731584922e-05
2.4656283563e-08	-5.92439464526e-05
2.46603765613e-08	-4.37282942585e-05
2.46644695595e-08	-1.97251138161e-05
2.46685625578e-08	7.99736790214e-06
2.46726555561e-08	3.40664591931e-05
2.46767485543e-08	5.34778446308e-05
2.46808415526e-08	6.25045140623e-05
2.46849345509e-08	5.93918375671e-05
2.46890275491e-08	4.46922786068e-05
2.46931205474e-08	2.11785045394e-05
2.46972135457e-08	-6.68796474201e-06
2.47013065439e-08	-3.36157281708e-05
2.47053995422e-08	-5.45017392142e-05
2.47094925405e-08	-6.54160685372e-05
2.47135855387e-08	-6.43252860755e-05
2.4717678537e-08	-5.14458224643e-05
2.47217715353e-08	-2.91580072371e-05
2.47258645335e-08	-1.52941265696e-06
2.47299575318e-08	2.6447169148e-05
2.47340505301e-08	4.974849071e-05
2.47381435283e-08	6.42037921352e-05
2.47422365266e-08	6.72150563332e-05
2.47463295248e-08	5.82031279919e-05
2.47504225231e-08	3.8714530092e-05
2.47545155214e-08	1.21491484606e-05
2.47586085196e-08	-1.6831805624e-05
2.47627015179e-08	-4.31437802035e-05
2.47667945162e-08	-6.21956569375e-05
2.47708875144e-08	-7.07193394192e-05
2.47749805127e-08	-6.7353103077e-05
2.4779073511e-08	-5.28585078428e-05
2.47831665092e-08	-2.99442472169e-05
2.47872595075e-08	-2.736649094e-06
2.47913525058e-08	2.39929104282e-05
2.4795445504e-08	4.56950947409e-05
2.47995385023e-08	5.88350158068e-05
2.48036315006e-08	6.1491431552e-05
