% time-domain voltage integration by openEMS v0.0.36-93-g7b9cd51 @Tue Sep  8 09:50:29 2026
% start-coordinates: (-0.04,0,0.001524) m -> [0,4,13]
% stop-coordinates: (-0.04,0,0) m -> [0,4,1]
% t/s	voltage
0	0
4.09299826492e-12	0
8.18599652984e-12	0
1.22789947948e-11	0
1.63719930597e-11	0
2.04649913246e-11	0
2.45579895895e-11	0
2.86509878545e-11	0
3.27439861194e-11	0
3.68369843843e-11	0
4.09299826492e-11	0
4.50229809141e-11	0
4.91159791791e-11	0
5.3208977444e-11	0
5.73019757089e-11	0
6.13949739738e-11	0
6.54879722388e-11	0
6.95809705037e-11	0
7.36739687686e-11	0
7.77669670335e-11	0
8.18599652984e-11	0
8.59529635634e-11	0
9.00459618283e-11	0
9.41389600932e-11	0
9.82319583581e-11	0
1.02324956623e-10	0
1.06417954888e-10	0
1.10510953153e-10	0
1.14603951418e-10	0
1.18696949683e-10	0
1.22789947948e-10	0
1.26882946213e-10	0
1.30975944478e-10	0
1.35068942742e-10	0
1.39161941007e-10	0
1.43254939272e-10	0
1.47347937537e-10	0
1.51440935802e-10	0
1.55533934067e-10	0
1.59626932332e-10	0
1.63719930597e-10	0
1.67812928862e-10	0
1.71905927127e-10	0
1.75998925392e-10	0
1.80091923657e-10	0
1.84184921922e-10	0
1.88277920186e-10	0
1.92370918451e-10	0
1.96463916716e-10	0
2.00556914981e-10	0
2.04649913246e-10	0
2.08742911511e-10	0
2.12835909776e-10	0
2.16928908041e-10	0
2.21021906306e-10	0
2.25114904571e-10	0
2.29207902836e-10	0
2.33300901101e-10	0
2.37393899365e-10	0
2.4148689763e-10	0
2.45579895895e-10	0
2.4967289416e-10	0
2.53765892425e-10	0
2.5785889069e-10	0
2.61951888955e-10	0
2.6604488722e-10	0
2.70137885485e-10	0
2.7423088375e-10	0
2.78323882015e-10	0
2.8241688028e-10	0
2.86509878545e-10	0
2.90602876809e-10	0
2.94695875074e-10	0
2.98788873339e-10	0
3.02881871604e-10	0
3.06974869869e-10	0
3.11067868134e-10	0
3.15160866399e-10	0
3.19253864664e-10	0
3.23346862929e-10	0
3.27439861194e-10	0
3.31532859459e-10	0
3.35625857724e-10	0
3.39718855989e-10	0
3.43811854253e-10	0
3.47904852518e-10	0
3.51997850783e-10	0
3.56090849048e-10	0
3.60183847313e-10	0
3.64276845578e-10	0
3.68369843843e-10	0
3.72462842108e-10	0
3.76555840373e-10	0
3.80648838638e-10	0
3.84741836903e-10	0
3.88834835168e-10	0
3.92927833433e-10	0
3.97020831697e-10	0
4.01113829962e-10	0
4.05206828227e-10	0
4.09299826492e-10	0
4.13392824757e-10	0
4.17485823022e-10	0
4.21578821287e-10	0
4.25671819552e-10	0
4.29764817817e-10	0
4.33857816082e-10	0
4.37950814347e-10	0
4.42043812612e-10	0
4.46136810877e-10	0
4.50229809141e-10	0
4.54322807406e-10	0
4.58415805671e-10	0
4.62508803936e-10	0
4.66601802201e-10	0
4.70694800466e-10	0
4.74787798731e-10	0
4.78880796996e-10	0
4.82973795261e-10	0
4.87066793526e-10	0
4.91159791791e-10	0
4.95252790056e-10	0
4.99345788321e-10	0
5.03438786585e-10	0
5.0753178485e-10	0
5.11624783115e-10	0
5.1571778138e-10	0
5.19810779645e-10	0
5.2390377791e-10	0
5.27996776175e-10	0
5.3208977444e-10	0
5.36182772705e-10	0
5.4027577097e-10	0
5.44368769235e-10	0
5.484617675e-10	0
5.52554765765e-10	0
5.56647764029e-10	0
5.60740762294e-10	0
5.64833760559e-10	0
5.68926758824e-10	0
5.73019757089e-10	0
5.77112755354e-10	0
5.81205753619e-10	0
5.85298751884e-10	0
5.89391750149e-10	0
5.93484748414e-10	0
5.97577746679e-10	0
6.01670744944e-10	0
6.05763743209e-10	0
6.09856741473e-10	0
6.13949739738e-10	0
6.18042738003e-10	0
6.22135736268e-10	0
6.26228734533e-10	0
6.30321732798e-10	0
6.34414731063e-10	0
6.38507729328e-10	0
6.42600727593e-10	0
6.46693725858e-10	0
6.50786724123e-10	0
6.54879722388e-10	0
6.58972720653e-10	0
6.63065718917e-10	0
6.67158717182e-10	0
6.71251715447e-10	0
6.75344713712e-10	0
6.79437711977e-10	0
6.83530710242e-10	0
6.87623708507e-10	0
6.91716706772e-10	0
6.95809705037e-10	0
6.99902703302e-10	0
7.03995701567e-10	0
7.08088699832e-10	0
7.12181698096e-10	0
7.16274696361e-10	0
7.20367694626e-10	0
7.24460692891e-10	0
7.28553691156e-10	0
7.32646689421e-10	0
7.36739687686e-10	0
7.40832685951e-10	0
7.44925684216e-10	0
7.49018682481e-10	0
7.53111680746e-10	0
7.57204679011e-10	0
7.61297677276e-10	0
7.6539067554e-10	0
7.69483673805e-10	0
7.7357667207e-10	0
7.77669670335e-10	0
7.817626686e-10	0
7.85855666865e-10	0
7.8994866513e-10	0
7.94041663395e-10	0
7.9813466166e-10	0
8.02227659925e-10	0
8.0632065819e-10	0
8.10413656455e-10	0
8.1450665472e-10	0
8.18599652984e-10	0
8.22692651249e-10	0
8.26785649514e-10	0
8.30878647779e-10	0
8.34971646044e-10	0
8.39064644309e-10	0
8.43157642574e-10	0
8.47250640839e-10	0
8.51343639104e-10	0
8.55436637369e-10	0
8.59529635634e-10	0
8.63622633899e-10	0
8.67715632164e-10	0
8.71808630428e-10	0
8.75901628693e-10	0
8.79994626958e-10	0
8.84087625223e-10	0
8.88180623488e-10	0
8.92273621753e-10	0
8.96366620018e-10	0
9.00459618283e-10	0
9.04552616548e-10	0
9.08645614813e-10	0
9.12738613078e-10	0
9.16831611343e-10	0
9.20924609608e-10	0
9.25017607872e-10	0
9.29110606137e-10	0
9.33203604402e-10	0
9.37296602667e-10	0
9.41389600932e-10	0
9.45482599197e-10	0
9.49575597462e-10	0
9.53668595727e-10	0
9.57761593992e-10	0
9.61854592257e-10	0
9.65947590522e-10	0
9.70040588787e-10	0
9.74133587052e-10	0
9.78226585316e-10	0
9.82319583581e-10	0
9.86412581846e-10	0
9.90505580111e-10	0
9.94598578376e-10	0
9.98691576641e-10	0
1.00278457491e-09	0
1.00687757317e-09	0
1.01097057144e-09	0
1.0150635697e-09	0
1.01915656797e-09	0
1.02324956623e-09	0
1.0273425645e-09	0
1.03143556276e-09	0
1.03552856103e-09	0
1.03962155929e-09	0
1.04371455756e-09	0
1.04780755582e-09	0
1.05190055409e-09	0
1.05599355235e-09	0
1.06008655061e-09	0
1.06417954888e-09	0
1.06827254714e-09	0
1.07236554541e-09	0
1.07645854367e-09	0
1.08055154194e-09	0
1.0846445402e-09	0
1.08873753847e-09	0
1.09283053673e-09	0
1.096923535e-09	0
1.10101653326e-09	0
1.10510953153e-09	0
1.10920252979e-09	0
1.11329552806e-09	0
1.11738852632e-09	0
1.12148152459e-09	0
1.12557452285e-09	0
1.12966752112e-09	0
1.13376051938e-09	0
1.13785351765e-09	0
1.14194651591e-09	0
1.14603951418e-09	0
1.15013251244e-09	0
1.15422551071e-09	0
1.15831850897e-09	0
1.16241150724e-09	0
1.1665045055e-09	0
1.17059750377e-09	0
1.17469050203e-09	0
1.1787835003e-09	0
1.18287649856e-09	0
1.18696949683e-09	0
1.19106249509e-09	0
1.19515549336e-09	0
1.19924849162e-09	0
1.20334148989e-09	0
1.20743448815e-09	0
1.21152748642e-09	0
1.21562048468e-09	0
1.21971348295e-09	0
1.22380648121e-09	0
1.22789947948e-09	0
1.23199247774e-09	0
1.23608547601e-09	0
1.24017847427e-09	0
1.24427147254e-09	0
1.2483644708e-09	0
1.25245746907e-09	0
1.25655046733e-09	0
1.2606434656e-09	0
1.26473646386e-09	0
1.26882946213e-09	0
1.27292246039e-09	0
1.27701545866e-09	0
1.28110845692e-09	0
1.28520145519e-09	0
1.28929445345e-09	0
1.29338745172e-09	0
1.29748044998e-09	0
1.30157344825e-09	0
1.30566644651e-09	0
1.30975944478e-09	0
1.31385244304e-09	0
1.31794544131e-09	0
1.32203843957e-09	0
1.32613143783e-09	0
1.3302244361e-09	0
1.33431743436e-09	0
1.33841043263e-09	0
1.34250343089e-09	0
1.34659642916e-09	0
1.35068942742e-09	0
1.35478242569e-09	0
1.35887542395e-09	0
1.36296842222e-09	0
1.36706142048e-09	0
1.37115441875e-09	0
1.37524741701e-09	0
1.37934041528e-09	0
1.38343341354e-09	0
1.38752641181e-09	0
1.39161941007e-09	0
1.39571240834e-09	0
1.3998054066e-09	0
1.40389840487e-09	0
1.40799140313e-09	0
1.4120844014e-09	0
1.41617739966e-09	0
1.42027039793e-09	0
1.42436339619e-09	0
1.42845639446e-09	0
1.43254939272e-09	0
1.43664239099e-09	0
1.44073538925e-09	0
1.44482838752e-09	0
1.44892138578e-09	0
1.45301438405e-09	0
1.45710738231e-09	0
1.46120038058e-09	0
1.46529337884e-09	0
1.46938637711e-09	0
1.47347937537e-09	0
1.47757237364e-09	0
1.4816653719e-09	0
1.48575837017e-09	0
1.48985136843e-09	0
1.4939443667e-09	0
1.49803736496e-09	0
1.50213036323e-09	0
1.50622336149e-09	0
1.51031635976e-09	0
1.51440935802e-09	0
1.51850235629e-09	0
1.52259535455e-09	0
1.52668835282e-09	0
1.53078135108e-09	0
1.53487434935e-09	0
1.53896734761e-09	0
1.54306034588e-09	0
1.54715334414e-09	0
1.55124634241e-09	0
1.55533934067e-09	0
1.55943233894e-09	0
1.5635253372e-09	0
1.56761833547e-09	0
1.57171133373e-09	0
1.575804332e-09	0
1.57989733026e-09	0
1.58399032852e-09	0
1.58808332679e-09	0
1.59217632505e-09	0
1.59626932332e-09	0
1.60036232158e-09	0
1.60445531985e-09	0
1.60854831811e-09	0
1.61264131638e-09	0
1.61673431464e-09	0
1.62082731291e-09	0
1.62492031117e-09	0
1.62901330944e-09	0
1.6331063077e-09	0
1.63719930597e-09	0
1.64129230423e-09	0
1.6453853025e-09	0
1.64947830076e-09	0
1.65357129903e-09	0
1.65766429729e-09	0
1.66175729556e-09	0
1.66585029382e-09	0
1.66994329209e-09	0
1.67403629035e-09	0
1.67812928862e-09	0
1.68222228688e-09	0
1.68631528515e-09	0
1.69040828341e-09	0
1.69450128168e-09	0
1.69859427994e-09	0
1.70268727821e-09	0
1.70678027647e-09	0
1.71087327474e-09	0
1.714966273e-09	0
1.71905927127e-09	0
1.72315226953e-09	0
1.7272452678e-09	0
1.73133826606e-09	0
1.73543126433e-09	0
1.73952426259e-09	0
1.74361726086e-09	0
1.74771025912e-09	0
1.75180325739e-09	0
1.75589625565e-09	0
1.75998925392e-09	0
1.76408225218e-09	0
1.76817525045e-09	0
1.77226824871e-09	0
1.77636124698e-09	0
1.78045424524e-09	0
1.78454724351e-09	0
1.78864024177e-09	0
1.79273324004e-09	0
1.7968262383e-09	0
1.80091923657e-09	0
1.80501223483e-09	0
1.8091052331e-09	0
1.81319823136e-09	0
1.81729122963e-09	0
1.82138422789e-09	0
1.82547722616e-09	0
1.82957022442e-09	0
1.83366322269e-09	0
1.83775622095e-09	0
1.84184921922e-09	0
1.84594221748e-09	0
1.85003521574e-09	0
1.85412821401e-09	0
1.85822121227e-09	0
1.86231421054e-09	0
1.8664072088e-09	0
1.87050020707e-09	0
1.87459320533e-09	0
1.8786862036e-09	0
1.88277920186e-09	0
1.88687220013e-09	0
1.89096519839e-09	0
1.89505819666e-09	0
1.89915119492e-09	0
1.90324419319e-09	0
1.90733719145e-09	0
1.91143018972e-09	0
1.91552318798e-09	0
1.91961618625e-09	0
1.92370918451e-09	0
1.92780218278e-09	0
1.93189518104e-09	0
1.93598817931e-09	0
1.94008117757e-09	0
1.94417417584e-09	0
1.9482671741e-09	0
1.95236017237e-09	0
1.95645317063e-09	0
1.9605461689e-09	0
1.96463916716e-09	0
1.96873216543e-09	0
1.97282516369e-09	0
1.97691816196e-09	0
1.98101116022e-09	0
1.98510415849e-09	0
1.98919715675e-09	0
1.99329015502e-09	0
1.99738315328e-09	0
2.00147615155e-09	0
2.00556914981e-09	0
2.00966214808e-09	0
2.01375514634e-09	0
2.01784814461e-09	0
2.02194114287e-09	0
2.02603414114e-09	0
2.0301271394e-09	0
2.03422013767e-09	0
2.03831313593e-09	0
2.0424061342e-09	0
2.04649913246e-09	0
2.05059213073e-09	0
2.05468512899e-09	0
2.05877812726e-09	0
2.06287112552e-09	0
2.06696412379e-09	0
2.07105712205e-09	0
2.07515012032e-09	0
2.07924311858e-09	0
2.08333611685e-09	0
2.08742911511e-09	0
2.09152211338e-09	0
2.09561511164e-09	0
2.09970810991e-09	0
2.10380110817e-09	0
2.10789410644e-09	0
2.1119871047e-09	0
2.11608010296e-09	0
2.12017310123e-09	0
2.12426609949e-09	0
2.12835909776e-09	0
2.13245209602e-09	0
2.13654509429e-09	0
2.14063809255e-09	0
2.14473109082e-09	0
2.14882408908e-09	0
2.15291708735e-09	0
2.15701008561e-09	0
2.16110308388e-09	0
2.16519608214e-09	0
2.16928908041e-09	0
2.17338207867e-09	0
2.17747507694e-09	0
2.1815680752e-09	0
2.18566107347e-09	0
2.18975407173e-09	0
2.19384707e-09	0
2.19794006826e-09	0
2.20203306653e-09	0
2.20612606479e-09	0
2.21021906306e-09	0
2.21431206132e-09	0
2.21840505959e-09	0
2.22249805785e-09	0
2.22659105612e-09	0
2.23068405438e-09	0
2.23477705265e-09	0
2.23887005091e-09	0
2.24296304918e-09	0
2.24705604744e-09	0
2.25114904571e-09	0
2.25524204397e-09	0
2.25933504224e-09	0
2.2634280405e-09	0
2.26752103877e-09	0
2.27161403703e-09	0
2.2757070353e-09	0
2.27980003356e-09	0
2.28389303183e-09	0
2.28798603009e-09	0
2.29207902836e-09	0
2.29617202662e-09	0
2.30026502489e-09	0
2.30435802315e-09	0
2.30845102142e-09	0
2.31254401968e-09	0
2.31663701795e-09	0
2.32073001621e-09	0
2.32482301448e-09	0
2.32891601274e-09	0
2.33300901101e-09	0
2.33710200927e-09	0
2.34119500754e-09	0
2.3452880058e-09	0
2.34938100407e-09	0
2.35347400233e-09	0
2.3575670006e-09	0
2.36165999886e-09	0
2.36575299713e-09	0
2.36984599539e-09	0
2.37393899365e-09	0
2.37803199192e-09	0
2.38212499018e-09	0
2.38621798845e-09	0
2.39031098671e-09	0
2.39440398498e-09	0
2.39849698324e-09	0
2.40258998151e-09	0
2.40668297977e-09	0
2.41077597804e-09	0
2.4148689763e-09	0
2.41896197457e-09	0
2.42305497283e-09	0
2.4271479711e-09	0
2.43124096936e-09	0
2.43533396763e-09	0
2.43942696589e-09	0
2.44351996416e-09	0
2.44761296242e-09	0
2.45170596069e-09	0
2.45579895895e-09	0
2.45989195722e-09	0
2.46398495548e-09	0
2.46807795375e-09	0
2.47217095201e-09	0
2.47626395028e-09	0
2.48035694854e-09	0
2.48444994681e-09	0
2.48854294507e-09	0
2.49263594334e-09	0
2.4967289416e-09	0
2.50082193987e-09	0
2.50491493813e-09	0
2.5090079364e-09	0
2.51310093466e-09	0
2.51719393293e-09	0
2.52128693119e-09	0
2.52537992946e-09	0
2.52947292772e-09	0
2.53356592599e-09	0
2.53765892425e-09	0
2.54175192252e-09	0
2.54584492078e-09	0
2.54993791905e-09	0
2.55403091731e-09	0
2.55812391558e-09	0
2.56221691384e-09	0
2.56630991211e-09	0
2.57040291037e-09	0
2.57449590864e-09	0
2.5785889069e-09	0
2.58268190517e-09	0
2.58677490343e-09	0
2.5908679017e-09	0
2.59496089996e-09	0
2.59905389823e-09	0
2.60314689649e-09	0
2.60723989476e-09	0
2.61133289302e-09	0
2.61542589129e-09	0
2.61951888955e-09	0
2.62361188782e-09	0
2.62770488608e-09	0
2.63179788435e-09	0
2.63589088261e-09	0
2.63998388087e-09	0
2.64407687914e-09	0
2.6481698774e-09	0
2.65226287567e-09	0
2.65635587393e-09	0
2.6604488722e-09	0
2.66454187046e-09	0
2.66863486873e-09	0
2.67272786699e-09	0
2.67682086526e-09	0
2.68091386352e-09	0
2.68500686179e-09	0
2.68909986005e-09	0
2.69319285832e-09	0
2.69728585658e-09	0
2.70137885485e-09	0
2.70547185311e-09	0
2.70956485138e-09	0
2.71365784964e-09	0
2.71775084791e-09	0
2.72184384617e-09	0
2.72593684444e-09	0
2.7300298427e-09	0
2.73412284097e-09	0
2.73821583923e-09	0
2.7423088375e-09	0
2.74640183576e-09	0
2.75049483403e-09	0
2.75458783229e-09	0
2.75868083056e-09	0
2.76277382882e-09	0
2.76686682709e-09	0
2.77095982535e-09	0
2.77505282362e-09	0
2.77914582188e-09	0
2.78323882015e-09	0
2.78733181841e-09	0
2.79142481668e-09	0
2.79551781494e-09	0
2.79961081321e-09	0
2.80370381147e-09	0
2.80779680974e-09	0
2.811889808e-09	0
2.81598280627e-09	0
2.82007580453e-09	0
2.8241688028e-09	0
2.82826180106e-09	0
2.83235479933e-09	0
2.83644779759e-09	0
2.84054079586e-09	0
2.84463379412e-09	0
2.84872679239e-09	0
2.85281979065e-09	0
2.85691278892e-09	0
2.86100578718e-09	0
2.86509878545e-09	0
2.86919178371e-09	0
2.87328478198e-09	0
2.87737778024e-09	0
2.88147077851e-09	0
2.88556377677e-09	0
2.88965677504e-09	0
2.8937497733e-09	0
2.89784277157e-09	0
2.90193576983e-09	0
2.90602876809e-09	0
2.91012176636e-09	0
2.91421476462e-09	0
2.91830776289e-09	0
2.92240076115e-09	0
2.92649375942e-09	0
2.93058675768e-09	0
2.93467975595e-09	0
2.93877275421e-09	0
2.94286575248e-09	0
2.94695875074e-09	0
2.95105174901e-09	0
2.95514474727e-09	0
2.95923774554e-09	0
2.9633307438e-09	0
2.96742374207e-09	0
2.97151674033e-09	0
2.9756097386e-09	0
2.97970273686e-09	0
2.98379573513e-09	0
2.98788873339e-09	0
2.99198173166e-09	0
2.99607472992e-09	0
3.00016772819e-09	0
3.00426072645e-09	0
3.00835372472e-09	0
3.01244672298e-09	0
3.01653972125e-09	0
3.02063271951e-09	0
3.02472571778e-09	0
3.02881871604e-09	0
3.03291171431e-09	0
3.03700471257e-09	0
3.04109771084e-09	0
3.0451907091e-09	0
3.04928370737e-09	0
3.05337670563e-09	0
3.0574697039e-09	0
3.06156270216e-09	0
3.06565570043e-09	0
3.06974869869e-09	0
3.07384169696e-09	0
3.07793469522e-09	0
3.08202769349e-09	0
3.08612069175e-09	0
3.09021369002e-09	0
3.09430668828e-09	0
3.09839968655e-09	0
3.10249268481e-09	0
3.10658568308e-09	0
3.11067868134e-09	0
3.11477167961e-09	0
3.11886467787e-09	0
3.12295767614e-09	0
3.1270506744e-09	0
3.13114367267e-09	0
3.13523667093e-09	0
3.1393296692e-09	0
3.14342266746e-09	0
3.14751566573e-09	0
3.15160866399e-09	0
3.15570166226e-09	0
3.15979466052e-09	0
3.16388765879e-09	0
3.16798065705e-09	0
3.17207365531e-09	0
3.17616665358e-09	0
3.18025965184e-09	0
3.18435265011e-09	0
3.18844564837e-09	0
3.19253864664e-09	0
3.1966316449e-09	0
3.20072464317e-09	0
3.20481764143e-09	0
3.2089106397e-09	0
3.21300363796e-09	0
3.21709663623e-09	0
3.22118963449e-09	0
3.22528263276e-09	0
3.22937563102e-09	0
3.23346862929e-09	0
3.23756162755e-09	0
3.24165462582e-09	0
3.24574762408e-09	0
3.24984062235e-09	0
3.25393362061e-09	0
3.25802661888e-09	0
3.26211961714e-09	0
3.26621261541e-09	0
3.27030561367e-09	0
3.27439861194e-09	0
3.2784916102e-09	0
3.28258460847e-09	0
3.28667760673e-09	0
3.290770605e-09	0
3.29486360326e-09	0
3.29895660153e-09	0
3.30304959979e-09	0
3.30714259806e-09	0
3.31123559632e-09	0
3.31532859459e-09	0
3.31942159285e-09	0
3.32351459112e-09	0
3.32760758938e-09	0
3.33170058765e-09	0
3.33579358591e-09	0
3.33988658418e-09	0
3.34397958244e-09	0
3.34807258071e-09	0
3.35216557897e-09	0
3.35625857724e-09	0
3.3603515755e-09	0
3.36444457377e-09	0
3.36853757203e-09	0
3.3726305703e-09	0
3.37672356856e-09	0
3.38081656683e-09	0
3.38490956509e-09	0
3.38900256336e-09	0
3.39309556162e-09	0
3.39718855989e-09	0
3.40128155815e-09	0
3.40537455642e-09	0
3.40946755468e-09	0
3.41356055295e-09	0
3.41765355121e-09	0
3.42174654948e-09	0
3.42583954774e-09	0
3.429932546e-09	0
3.43402554427e-09	0
3.43811854253e-09	0
3.4422115408e-09	0
3.44630453906e-09	0
3.45039753733e-09	0
3.45449053559e-09	0
3.45858353386e-09	0
3.46267653212e-09	0
3.46676953039e-09	0
3.47086252865e-09	0
3.47495552692e-09	0
3.47904852518e-09	0
3.48314152345e-09	0
3.48723452171e-09	0
3.49132751998e-09	0
3.49542051824e-09	0
3.49951351651e-09	0
3.50360651477e-09	0
3.50769951304e-09	0
3.5117925113e-09	0
3.51588550957e-09	0
3.51997850783e-09	0
3.5240715061e-09	0
3.52816450436e-09	0
3.53225750263e-09	0
3.53635050089e-09	0
3.54044349916e-09	0
3.54453649742e-09	0
3.54862949569e-09	0
3.55272249395e-09	0
3.55681549222e-09	0
3.56090849048e-09	0
3.56500148875e-09	0
3.56909448701e-09	0
3.57318748528e-09	0
3.57728048354e-09	0
3.58137348181e-09	0
3.58546648007e-09	0
3.58955947834e-09	0
3.5936524766e-09	0
3.59774547487e-09	0
3.60183847313e-09	0
3.6059314714e-09	0
3.61002446966e-09	0
3.61411746793e-09	0
3.61821046619e-09	0
3.62230346446e-09	0
3.62639646272e-09	0
3.63048946099e-09	0
3.63458245925e-09	0
3.63867545752e-09	0
3.64276845578e-09	0
3.64686145405e-09	0
3.65095445231e-09	0
3.65504745058e-09	0
3.65914044884e-09	0
3.66323344711e-09	0
3.66732644537e-09	0
3.67141944364e-09	0
3.6755124419e-09	0
3.67960544017e-09	0
3.68369843843e-09	0
3.6877914367e-09	0
3.69188443496e-09	0
3.69597743322e-09	0
3.70007043149e-09	0
3.70416342975e-09	0
3.70825642802e-09	0
3.71234942628e-09	0
3.71644242455e-09	0
3.72053542281e-09	0
3.72462842108e-09	0
3.72872141934e-09	0
3.73281441761e-09	0
3.73690741587e-09	0
3.74100041414e-09	0
3.7450934124e-09	0
3.74918641067e-09	0
3.75327940893e-09	0
3.7573724072e-09	0
3.76146540546e-09	0
3.76555840373e-09	0
3.76965140199e-09	0
3.77374440026e-09	0
3.77783739852e-09	0
3.78193039679e-09	0
3.78602339505e-09	0
3.79011639332e-09	0
3.79420939158e-09	0
3.79830238985e-09	0
3.80239538811e-09	0
3.80648838638e-09	0
3.81058138464e-09	0
3.81467438291e-09	0
3.81876738117e-09	0
3.82286037944e-09	0
3.8269533777e-09	0
3.83104637597e-09	0
3.83513937423e-09	0
3.8392323725e-09	0
3.84332537076e-09	0
3.84741836903e-09	0
3.85151136729e-09	0
3.85560436556e-09	0
3.85969736382e-09	0
3.86379036209e-09	0
3.86788336035e-09	0
3.87197635862e-09	0
3.87606935688e-09	0
3.88016235515e-09	0
3.88425535341e-09	0
3.88834835168e-09	0
3.89244134994e-09	0
3.89653434821e-09	0
3.90062734647e-09	0
3.90472034474e-09	0
3.908813343e-09	0
3.91290634127e-09	0
3.91699933953e-09	0
3.9210923378e-09	0
3.92518533606e-09	0
3.92927833433e-09	0
3.93337133259e-09	0
3.93746433086e-09	0
3.94155732912e-09	0
3.94565032739e-09	0
3.94974332565e-09	0
3.95383632392e-09	0
3.95792932218e-09	0
3.96202232044e-09	0
3.96611531871e-09	0
3.97020831697e-09	0
3.97430131524e-09	0
3.9783943135e-09	0
3.98248731177e-09	0
3.98658031003e-09	0
3.9906733083e-09	0
3.99476630656e-09	0
3.99885930483e-09	0
4.00295230309e-09	0
4.00704530136e-09	0
4.01113829962e-09	0
4.01523129789e-09	0
4.01932429615e-09	0
4.02341729442e-09	0
4.02751029268e-09	0
4.03160329095e-09	0
4.03569628921e-09	0
4.03978928748e-09	0
4.04388228574e-09	0
4.04797528401e-09	0
4.05206828227e-09	0
4.05616128054e-09	0
4.0602542788e-09	0
4.06434727707e-09	0
4.06844027533e-09	0
4.0725332736e-09	0
4.07662627186e-09	0
4.08071927013e-09	0
4.08481226839e-09	0
4.08890526666e-09	0
4.09299826492e-09	0
4.09709126319e-09	0
4.10118426145e-09	0
4.10527725972e-09	0
4.10937025798e-09	0
4.11346325625e-09	0
4.11755625451e-09	0
4.12164925278e-09	0
4.12574225104e-09	0
4.12983524931e-09	0
4.13392824757e-09	0
4.13802124584e-09	0
4.1421142441e-09	0
4.14620724237e-09	0
4.15030024063e-09	0
4.1543932389e-09	0
4.15848623716e-09	0
4.16257923543e-09	0
4.16667223369e-09	0
4.17076523196e-09	0
4.17485823022e-09	0
4.17895122849e-09	0
4.18304422675e-09	0
4.18713722502e-09	0
4.19123022328e-09	0
4.19532322155e-09	0
4.19941621981e-09	0
4.20350921808e-09	0
4.20760221634e-09	0
4.21169521461e-09	0
4.21578821287e-09	0
4.21988121113e-09	0
4.2239742094e-09	0
4.22806720766e-09	0
4.23216020593e-09	0
4.23625320419e-09	0
4.24034620246e-09	0
4.24443920072e-09	0
4.24853219899e-09	0
4.25262519725e-09	0
4.25671819552e-09	0
4.26081119378e-09	0
4.26490419205e-09	0
4.26899719031e-09	0
4.27309018858e-09	0
4.27718318684e-09	0
4.28127618511e-09	0
4.28536918337e-09	0
4.28946218164e-09	0
4.2935551799e-09	0
4.29764817817e-09	0
4.30174117643e-09	0
4.3058341747e-09	0
4.30992717296e-09	0
4.31402017123e-09	0
4.31811316949e-09	0
4.32220616776e-09	0
4.32629916602e-09	0
4.33039216429e-09	0
4.33448516255e-09	0
4.33857816082e-09	0
4.34267115908e-09	0
4.34676415735e-09	0
4.35085715561e-09	0
4.35495015388e-09	0
4.35904315214e-09	0
4.36313615041e-09	0
4.36722914867e-09	0
4.37132214694e-09	0
4.3754151452e-09	0
4.37950814347e-09	0
4.38360114173e-09	0
4.38769414e-09	0
4.39178713826e-09	0
4.39588013653e-09	0
4.39997313479e-09	0
4.40406613306e-09	0
4.40815913132e-09	0
4.41225212959e-09	0
4.41634512785e-09	0
4.42043812612e-09	0
4.42453112438e-09	0
4.42862412265e-09	0
4.43271712091e-09	0
4.43681011918e-09	0
4.44090311744e-09	0
4.44499611571e-09	0
4.44908911397e-09	0
4.45318211224e-09	0
4.4572751105e-09	0
4.46136810877e-09	0
4.46546110703e-09	0
4.4695541053e-09	0
4.47364710356e-09	0
4.47774010183e-09	0
4.48183310009e-09	0
4.48592609835e-09	0
4.49001909662e-09	0
4.49411209488e-09	0
4.49820509315e-09	0
4.50229809141e-09	0
4.50639108968e-09	0
4.51048408794e-09	0
4.51457708621e-09	0
4.51867008447e-09	0
4.52276308274e-09	0
4.526856081e-09	0
4.53094907927e-09	0
4.53504207753e-09	0
4.5391350758e-09	0
4.54322807406e-09	0
4.54732107233e-09	0
4.55141407059e-09	0
4.55550706886e-09	0
4.55960006712e-09	0
4.56369306539e-09	0
4.56778606365e-09	0
4.57187906192e-09	0
4.57597206018e-09	0
4.58006505845e-09	0
4.58415805671e-09	0
4.58825105498e-09	0
4.59234405324e-09	0
4.59643705151e-09	0
4.60053004977e-09	0
4.60462304804e-09	0
4.6087160463e-09	0
4.61280904457e-09	0
4.61690204283e-09	0
4.6209950411e-09	0
4.62508803936e-09	0
4.62918103763e-09	0
4.63327403589e-09	0
4.63736703416e-09	0
4.64146003242e-09	0
4.64555303069e-09	0
4.64964602895e-09	0
4.65373902722e-09	0
4.65783202548e-09	0
4.66192502375e-09	0
4.66601802201e-09	0
4.67011102028e-09	0
4.67420401854e-09	0
4.67829701681e-09	0
4.68239001507e-09	0
4.68648301334e-09	0
4.6905760116e-09	0
4.69466900987e-09	0
4.69876200813e-09	0
4.7028550064e-09	0
4.70694800466e-09	0
4.71104100293e-09	0
4.71513400119e-09	0
4.71922699946e-09	0
4.72331999772e-09	0
4.72741299599e-09	0
4.73150599425e-09	0
4.73559899252e-09	0
4.73969199078e-09	0
4.74378498905e-09	0
4.74787798731e-09	0
4.75197098557e-09	0
4.75606398384e-09	0
4.7601569821e-09	0
4.76424998037e-09	0
4.76834297863e-09	0
4.7724359769e-09	0
4.77652897516e-09	0
4.78062197343e-09	0
4.78471497169e-09	0
4.78880796996e-09	0
4.79290096822e-09	0
4.79699396649e-09	0
4.80108696475e-09	0
4.80517996302e-09	0
4.80927296128e-09	0
4.81336595955e-09	0
4.81745895781e-09	0
4.82155195608e-09	0
4.82564495434e-09	0
4.82973795261e-09	0
4.83383095087e-09	0
4.83792394914e-09	0
4.8420169474e-09	0
4.84610994567e-09	0
4.85020294393e-09	0
4.8542959422e-09	0
4.85838894046e-09	0
4.86248193873e-09	0
4.86657493699e-09	0
4.87066793526e-09	0
4.87476093352e-09	0
4.87885393179e-09	0
4.88294693005e-09	0
4.88703992832e-09	0
4.89113292658e-09	0
4.89522592485e-09	0
4.89931892311e-09	0
4.90341192138e-09	0
4.90750491964e-09	0
4.91159791791e-09	0
4.91569091617e-09	0
4.91978391444e-09	0
4.9238769127e-09	0
4.92796991097e-09	0
4.93206290923e-09	0
4.9361559075e-09	0
4.94024890576e-09	0
4.94434190403e-09	0
4.94843490229e-09	0
4.95252790056e-09	0
4.95662089882e-09	0
4.96071389709e-09	0
4.96480689535e-09	0
4.96889989362e-09	0
4.97299289188e-09	0
4.97708589015e-09	0
4.98117888841e-09	0
4.98527188668e-09	0
4.98936488494e-09	0
4.99345788321e-09	0
4.99755088147e-09	0
5.00164387974e-09	0
5.005736878e-09	0
5.00982987627e-09	0
5.01392287453e-09	0
5.01801587279e-09	0
5.02210887106e-09	0
5.02620186932e-09	0
5.03029486759e-09	0
5.03438786585e-09	0
5.03848086412e-09	0
5.04257386238e-09	0
5.04666686065e-09	0
5.05075985891e-09	0
5.05485285718e-09	0
5.05894585544e-09	0
5.06303885371e-09	0
5.06713185197e-09	0
5.07122485024e-09	0
5.0753178485e-09	0
5.07941084677e-09	0
5.08350384503e-09	0
5.0875968433e-09	0
5.09168984156e-09	0
5.09578283983e-09	0
5.09987583809e-09	0
5.10396883636e-09	0
5.10806183462e-09	0
5.11215483289e-09	0
5.11624783115e-09	0
5.12034082942e-09	0
5.12443382768e-09	0
5.12852682595e-09	0
5.13261982421e-09	0
5.13671282248e-09	0
5.14080582074e-09	0
5.14489881901e-09	0
5.14899181727e-09	0
5.15308481554e-09	0
5.1571778138e-09	0
5.16127081207e-09	0
5.16536381033e-09	0
5.1694568086e-09	0
5.17354980686e-09	0
5.17764280513e-09	0
5.18173580339e-09	0
5.18582880166e-09	0
5.18992179992e-09	0
5.19401479819e-09	0
5.19810779645e-09	0
5.20220079472e-09	0
5.20629379298e-09	0
5.21038679125e-09	0
5.21447978951e-09	0
5.21857278778e-09	0
5.22266578604e-09	0
5.22675878431e-09	0
5.23085178257e-09	0
5.23494478084e-09	0
5.2390377791e-09	0
5.24313077737e-09	0
5.24722377563e-09	0
5.2513167739e-09	0
5.25540977216e-09	0
5.25950277043e-09	0
5.26359576869e-09	0
5.26768876696e-09	0
5.27178176522e-09	0
5.27587476348e-09	0
5.27996776175e-09	0
5.28406076001e-09	0
5.28815375828e-09	0
5.29224675654e-09	0
5.29633975481e-09	0
5.30043275307e-09	0
5.30452575134e-09	0
5.3086187496e-09	0
5.31271174787e-09	0
5.31680474613e-09	0
5.3208977444e-09	0
5.32499074266e-09	0
5.32908374093e-09	0
5.33317673919e-09	0
5.33726973746e-09	0
5.34136273572e-09	0
5.34545573399e-09	0
5.34954873225e-09	0
5.35364173052e-09	0
5.35773472878e-09	0
5.36182772705e-09	0
5.36592072531e-09	0
5.37001372358e-09	0
5.37410672184e-09	0
5.37819972011e-09	0
5.38229271837e-09	0
5.38638571664e-09	0
5.3904787149e-09	0
5.39457171317e-09	0
5.39866471143e-09	0
5.4027577097e-09	0
5.40685070796e-09	0
5.41094370623e-09	0
5.41503670449e-09	0
5.41912970276e-09	0
5.42322270102e-09	0
5.42731569929e-09	0
5.43140869755e-09	0
5.43550169582e-09	0
5.43959469408e-09	0
5.44368769235e-09	0
5.44778069061e-09	0
5.45187368888e-09	0
5.45596668714e-09	0
5.46005968541e-09	0
5.46415268367e-09	0
5.46824568194e-09	0
5.4723386802e-09	0
5.47643167847e-09	0
5.48052467673e-09	0
5.484617675e-09	0
5.48871067326e-09	0
5.49280367153e-09	0
5.49689666979e-09	0
5.50098966806e-09	0
5.50508266632e-09	0
5.50917566459e-09	0
5.51326866285e-09	0
5.51736166112e-09	0
5.52145465938e-09	0
5.52554765765e-09	0
5.52964065591e-09	0
5.53373365418e-09	0
5.53782665244e-09	0
5.5419196507e-09	0
5.54601264897e-09	0
5.55010564723e-09	0
5.5541986455e-09	0
5.55829164376e-09	0
5.56238464203e-09	0
5.56647764029e-09	0
5.57057063856e-09	0
5.57466363682e-09	0
5.57875663509e-09	0
5.58284963335e-09	0
5.58694263162e-09	0
5.59103562988e-09	0
5.59512862815e-09	0
5.59922162641e-09	0
5.60331462468e-09	0
5.60740762294e-09	0
5.61150062121e-09	0
5.61559361947e-09	0
5.61968661774e-09	0
5.623779616e-09	0
5.62787261427e-09	0
5.63196561253e-09	0
5.6360586108e-09	0
5.64015160906e-09	0
5.64424460733e-09	0
5.64833760559e-09	0
5.65243060386e-09	0
5.65652360212e-09	0
5.66061660039e-09	0
5.66470959865e-09	0
5.66880259692e-09	0
5.67289559518e-09	0
5.67698859345e-09	0
5.68108159171e-09	0
5.68517458998e-09	0
5.68926758824e-09	0
5.69336058651e-09	0
5.69745358477e-09	0
5.70154658304e-09	0
5.7056395813e-09	0
5.70973257957e-09	0
5.71382557783e-09	0
5.7179185761e-09	0
5.72201157436e-09	0
5.72610457263e-09	0
5.73019757089e-09	0
5.73429056916e-09	0
5.73838356742e-09	0
5.74247656569e-09	0
5.74656956395e-09	0
5.75066256222e-09	0
5.75475556048e-09	0
5.75884855875e-09	0
5.76294155701e-09	0
5.76703455528e-09	0
5.77112755354e-09	0
5.77522055181e-09	0
5.77931355007e-09	0
5.78340654834e-09	0
5.7874995466e-09	0
5.79159254487e-09	0
5.79568554313e-09	0
5.7997785414e-09	0
5.80387153966e-09	0
5.80796453792e-09	0
5.81205753619e-09	0
5.81615053445e-09	0
5.82024353272e-09	0
5.82433653098e-09	0
5.82842952925e-09	0
5.83252252751e-09	0
5.83661552578e-09	0
5.84070852404e-09	0
5.84480152231e-09	0
5.84889452057e-09	0
5.85298751884e-09	0
5.8570805171e-09	0
5.86117351537e-09	0
5.86526651363e-09	0
5.8693595119e-09	0
5.87345251016e-09	0
5.87754550843e-09	0
5.88163850669e-09	0
5.88573150496e-09	0
5.88982450322e-09	0
5.89391750149e-09	0
5.89801049975e-09	0
5.90210349802e-09	0
5.90619649628e-09	0
5.91028949455e-09	0
5.91438249281e-09	0
5.91847549108e-09	0
5.92256848934e-09	0
5.92666148761e-09	0
5.93075448587e-09	0
5.93484748414e-09	0
5.9389404824e-09	0
5.94303348067e-09	0
5.94712647893e-09	0
5.9512194772e-09	0
5.95531247546e-09	0
5.95940547373e-09	0
5.96349847199e-09	0
5.96759147026e-09	0
5.97168446852e-09	0
5.97577746679e-09	0
5.97987046505e-09	0
5.98396346332e-09	0
5.98805646158e-09	0
5.99214945985e-09	0
5.99624245811e-09	0
6.00033545638e-09	0
6.00442845464e-09	0
6.00852145291e-09	0
6.01261445117e-09	0
6.01670744944e-09	0
6.0208004477e-09	0
6.02489344597e-09	0
6.02898644423e-09	0
6.0330794425e-09	0
6.03717244076e-09	0
6.04126543903e-09	0
6.04535843729e-09	0
6.04945143556e-09	0
6.05354443382e-09	0
6.05763743209e-09	0
6.06173043035e-09	0
6.06582342861e-09	0
6.06991642688e-09	0
6.07400942514e-09	0
6.07810242341e-09	0
6.08219542167e-09	0
6.08628841994e-09	0
6.0903814182e-09	0
6.09447441647e-09	0
6.09856741473e-09	0
6.102660413e-09	0
6.10675341126e-09	0
6.11084640953e-09	0
6.11493940779e-09	0
6.11903240606e-09	0
6.12312540432e-09	0
6.12721840259e-09	0
6.13131140085e-09	0
6.13540439912e-09	0
6.13949739738e-09	0
6.14359039565e-09	0
6.14768339391e-09	0
6.15177639218e-09	0
6.15586939044e-09	0
6.15996238871e-09	0
6.16405538697e-09	0
6.16814838524e-09	0
6.1722413835e-09	0
6.17633438177e-09	0
6.18042738003e-09	0
6.1845203783e-09	0
6.18861337656e-09	0
6.19270637483e-09	0
6.19679937309e-09	0
6.20089237136e-09	0
6.20498536962e-09	0
6.20907836789e-09	0
6.21317136615e-09	0
6.21726436442e-09	0
6.22135736268e-09	0
6.22545036095e-09	0
6.22954335921e-09	0
6.23363635748e-09	0
6.23772935574e-09	0
6.24182235401e-09	0
6.24591535227e-09	0
6.25000835054e-09	0
6.2541013488e-09	0
6.25819434707e-09	0
6.26228734533e-09	0
6.2663803436e-09	0
6.27047334186e-09	0
6.27456634013e-09	0
6.27865933839e-09	0
6.28275233666e-09	0
6.28684533492e-09	0
6.29093833319e-09	0
6.29503133145e-09	0
6.29912432972e-09	0
6.30321732798e-09	0
6.30731032625e-09	0
6.31140332451e-09	0
6.31549632278e-09	0
6.31958932104e-09	0
6.32368231931e-09	0
6.32777531757e-09	0
6.33186831583e-09	0
6.3359613141e-09	0
6.34005431236e-09	0
6.34414731063e-09	0
6.34824030889e-09	0
6.35233330716e-09	0
6.35642630542e-09	0
6.36051930369e-09	0
6.36461230195e-09	0
6.36870530022e-09	0
6.37279829848e-09	0
6.37689129675e-09	0
6.38098429501e-09	0
6.38507729328e-09	0
6.38917029154e-09	0
6.39326328981e-09	0
6.39735628807e-09	0
6.40144928634e-09	0
6.4055422846e-09	0
6.40963528287e-09	0
6.41372828113e-09	0
6.4178212794e-09	0
6.42191427766e-09	0
6.42600727593e-09	0
6.43010027419e-09	0
6.43419327246e-09	0
6.43828627072e-09	0
6.44237926899e-09	0
6.44647226725e-09	0
6.45056526552e-09	0
6.45465826378e-09	0
6.45875126205e-09	0
6.46284426031e-09	0
6.46693725858e-09	0
6.47103025684e-09	0
6.47512325511e-09	0
6.47921625337e-09	0
6.48330925164e-09	0
6.4874022499e-09	0
6.49149524817e-09	0
6.49558824643e-09	0
6.4996812447e-09	0
6.50377424296e-09	0
6.50786724123e-09	0
6.51196023949e-09	0
6.51605323776e-09	0
6.52014623602e-09	0
6.52423923429e-09	0
6.52833223255e-09	0
6.53242523082e-09	0
6.53651822908e-09	0
6.54061122735e-09	0
6.54470422561e-09	0
6.54879722388e-09	0
6.55289022214e-09	0
6.55698322041e-09	0
6.56107621867e-09	0
6.56516921694e-09	0
6.5692622152e-09	0
6.57335521347e-09	0
6.57744821173e-09	0
6.58154121e-09	0
6.58563420826e-09	0
6.58972720653e-09	0
6.59382020479e-09	0
6.59791320305e-09	0
6.60200620132e-09	0
6.60609919958e-09	0
6.61019219785e-09	0
6.61428519611e-09	0
6.61837819438e-09	0
6.62247119264e-09	0
6.62656419091e-09	0
6.63065718917e-09	0
6.63475018744e-09	0
6.6388431857e-09	0
6.64293618397e-09	0
6.64702918223e-09	0
6.6511221805e-09	0
6.65521517876e-09	0
6.65930817703e-09	0
6.66340117529e-09	0
6.66749417356e-09	0
6.67158717182e-09	0
6.67568017009e-09	0
6.67977316835e-09	0
6.68386616662e-09	0
6.68795916488e-09	0
6.69205216315e-09	0
6.69614516141e-09	0
6.70023815968e-09	0
6.70433115794e-09	0
6.70842415621e-09	0
6.71251715447e-09	0
6.71661015274e-09	0
6.720703151e-09	0
6.72479614927e-09	0
6.72888914753e-09	0
6.7329821458e-09	0
6.73707514406e-09	0
6.74116814233e-09	0
6.74526114059e-09	0
6.74935413886e-09	0
6.75344713712e-09	0
6.75754013539e-09	0
6.76163313365e-09	0
6.76572613192e-09	0
6.76981913018e-09	0
6.77391212845e-09	0
6.77800512671e-09	0
6.78209812498e-09	0
6.78619112324e-09	0
6.79028412151e-09	0
6.79437711977e-09	0
6.79847011804e-09	0
6.8025631163e-09	0
6.80665611457e-09	0
6.81074911283e-09	0
6.8148421111e-09	0
6.81893510936e-09	0
6.82302810763e-09	0
6.82712110589e-09	0
6.83121410416e-09	0
6.83530710242e-09	0
6.83940010069e-09	0
6.84349309895e-09	0
6.84758609722e-09	0
6.85167909548e-09	0
6.85577209375e-09	0
6.85986509201e-09	0
6.86395809027e-09	0
6.86805108854e-09	0
6.8721440868e-09	0
6.87623708507e-09	0
6.88033008333e-09	0
6.8844230816e-09	0
6.88851607986e-09	0
6.89260907813e-09	0
6.89670207639e-09	0
6.90079507466e-09	0
6.90488807292e-09	0
6.90898107119e-09	0
6.91307406945e-09	0
6.91716706772e-09	0
6.92126006598e-09	0
6.92535306425e-09	0
6.92944606251e-09	0
6.93353906078e-09	0
6.93763205904e-09	0
6.94172505731e-09	0
6.94581805557e-09	0
6.94991105384e-09	0
6.9540040521e-09	0
6.95809705037e-09	0
6.96219004863e-09	0
6.9662830469e-09	0
6.97037604516e-09	0
6.97446904343e-09	0
6.97856204169e-09	0
6.98265503996e-09	0
6.98674803822e-09	0
6.99084103649e-09	0
6.99493403475e-09	0
6.99902703302e-09	0
7.00312003128e-09	0
7.00721302955e-09	0
7.01130602781e-09	0
7.01539902608e-09	0
7.01949202434e-09	0
7.02358502261e-09	0
7.02767802087e-09	0
7.03177101914e-09	0
7.0358640174e-09	0
7.03995701567e-09	0
7.04405001393e-09	0
7.0481430122e-09	0
7.05223601046e-09	0
7.05632900873e-09	0
7.06042200699e-09	0
7.06451500526e-09	0
7.06860800352e-09	0
7.07270100179e-09	0
7.07679400005e-09	0
7.08088699832e-09	0
7.08497999658e-09	0
7.08907299485e-09	0
7.09316599311e-09	0
7.09725899138e-09	0
7.10135198964e-09	0
7.10544498791e-09	0
7.10953798617e-09	0
7.11363098444e-09	0
7.1177239827e-09	0
7.12181698096e-09	0
7.12590997923e-09	0
7.13000297749e-09	0
7.13409597576e-09	0
7.13818897402e-09	0
7.14228197229e-09	0
7.14637497055e-09	0
7.15046796882e-09	0
7.15456096708e-09	0
7.15865396535e-09	0
7.16274696361e-09	0
7.16683996188e-09	0
7.17093296014e-09	0
7.17502595841e-09	0
7.17911895667e-09	0
7.18321195494e-09	0
7.1873049532e-09	0
7.19139795147e-09	0
7.19549094973e-09	0
7.199583948e-09	0
7.20367694626e-09	0
7.20776994453e-09	0
7.21186294279e-09	0
7.21595594106e-09	0
7.22004893932e-09	0
7.22414193759e-09	0
7.22823493585e-09	0
7.23232793412e-09	0
7.23642093238e-09	0
7.24051393065e-09	0
7.24460692891e-09	0
7.24869992718e-09	0
7.25279292544e-09	0
7.25688592371e-09	0
7.26097892197e-09	0
7.26507192024e-09	0
7.2691649185e-09	0
7.27325791677e-09	0
7.27735091503e-09	0
7.2814439133e-09	0
7.28553691156e-09	0
7.28962990983e-09	0
7.29372290809e-09	0
7.29781590636e-09	0
7.30190890462e-09	0
7.30600190289e-09	0
7.31009490115e-09	0
7.31418789942e-09	0
7.31828089768e-09	0
7.32237389595e-09	0
7.32646689421e-09	0
7.33055989248e-09	0
7.33465289074e-09	0
7.33874588901e-09	0
7.34283888727e-09	0
7.34693188554e-09	0
7.3510248838e-09	0
7.35511788207e-09	0
7.35921088033e-09	0
7.3633038786e-09	0
7.36739687686e-09	0
7.37148987513e-09	0
7.37558287339e-09	0
7.37967587166e-09	0
7.38376886992e-09	0
7.38786186818e-09	0
7.39195486645e-09	0
7.39604786471e-09	0
7.40014086298e-09	0
7.40423386124e-09	0
7.40832685951e-09	0
7.41241985777e-09	0
7.41651285604e-09	0
7.4206058543e-09	0
7.42469885257e-09	0
7.42879185083e-09	0
7.4328848491e-09	0
7.43697784736e-09	0
7.44107084563e-09	0
7.44516384389e-09	0
7.44925684216e-09	0
7.45334984042e-09	0
7.45744283869e-09	0
7.46153583695e-09	0
7.46562883522e-09	0
7.46972183348e-09	0
7.47381483175e-09	0
7.47790783001e-09	0
7.48200082828e-09	0
7.48609382654e-09	0
7.49018682481e-09	0
7.49427982307e-09	0
7.49837282134e-09	0
7.5024658196e-09	0
7.50655881787e-09	0
7.51065181613e-09	0
7.5147448144e-09	0
7.51883781266e-09	0
7.52293081093e-09	0
7.52702380919e-09	0
7.53111680746e-09	0
7.53520980572e-09	0
7.53930280399e-09	0
7.54339580225e-09	0
7.54748880052e-09	0
7.55158179878e-09	0
7.55567479705e-09	0
7.55976779531e-09	0
7.56386079358e-09	0
7.56795379184e-09	0
7.57204679011e-09	0
7.57613978837e-09	0
7.58023278664e-09	0
7.5843257849e-09	0
7.58841878317e-09	0
7.59251178143e-09	0
7.5966047797e-09	0
7.60069777796e-09	0
7.60479077623e-09	0
7.60888377449e-09	0
7.61297677276e-09	0
7.61706977102e-09	0
7.62116276929e-09	0
7.62525576755e-09	0
7.62934876582e-09	0
7.63344176408e-09	0
7.63753476235e-09	0
7.64162776061e-09	0
7.64572075888e-09	0
7.64981375714e-09	0
7.6539067554e-09	0
7.65799975367e-09	0
7.66209275193e-09	0
7.6661857502e-09	0
7.67027874846e-09	0
7.67437174673e-09	0
7.67846474499e-09	0
7.68255774326e-09	0
7.68665074152e-09	0
7.69074373979e-09	0
7.69483673805e-09	0
7.69892973632e-09	0
7.70302273458e-09	0
7.70711573285e-09	0
7.71120873111e-09	0
7.71530172938e-09	0
7.71939472764e-09	0
7.72348772591e-09	0
7.72758072417e-09	0
7.73167372244e-09	0
7.7357667207e-09	0
7.73985971897e-09	0
7.74395271723e-09	0
7.7480457155e-09	0
7.75213871376e-09	0
7.75623171203e-09	0
7.76032471029e-09	0
7.76441770856e-09	0
7.76851070682e-09	0
7.77260370509e-09	0
7.77669670335e-09	0
7.78078970162e-09	0
7.78488269988e-09	0
7.78897569815e-09	0
7.79306869641e-09	0
7.79716169468e-09	0
7.80125469294e-09	0
7.80534769121e-09	0
7.80944068947e-09	0
7.81353368774e-09	0
7.817626686e-09	0
7.82171968427e-09	0
7.82581268253e-09	0
7.8299056808e-09	0
7.83399867906e-09	0
7.83809167733e-09	0
7.84218467559e-09	0
7.84627767386e-09	0
7.85037067212e-09	0
7.85446367039e-09	0
7.85855666865e-09	0
7.86264966692e-09	0
7.86674266518e-09	0
7.87083566345e-09	0
7.87492866171e-09	0
7.87902165998e-09	0
7.88311465824e-09	0
7.88720765651e-09	0
7.89130065477e-09	0
7.89539365304e-09	0
7.8994866513e-09	0
7.90357964957e-09	0
7.90767264783e-09	0
7.91176564609e-09	0
7.91585864436e-09	0
7.91995164262e-09	0
7.92404464089e-09	0
7.92813763915e-09	0
7.93223063742e-09	0
7.93632363568e-09	0
7.94041663395e-09	0
7.94450963221e-09	0
7.94860263048e-09	0
7.95269562874e-09	0
7.95678862701e-09	0
7.96088162527e-09	0
7.96497462354e-09	0
7.9690676218e-09	0
7.97316062007e-09	0
7.97725361833e-09	0
7.9813466166e-09	0
7.98543961486e-09	0
7.98953261313e-09	0
7.99362561139e-09	0
7.99771860966e-09	0
8.00181160792e-09	0
8.00590460619e-09	0
8.00999760445e-09	0
8.01409060272e-09	0
8.01818360098e-09	0
8.02227659925e-09	0
8.02636959751e-09	0
8.03046259578e-09	0
8.03455559404e-09	0
8.03864859231e-09	0
8.04274159057e-09	0
8.04683458884e-09	0
8.0509275871e-09	0
8.05502058537e-09	0
8.05911358363e-09	0
8.0632065819e-09	0
8.06729958016e-09	0
8.07139257843e-09	0
8.07548557669e-09	0
8.07957857496e-09	0
8.08367157322e-09	0
8.08776457149e-09	0
8.09185756975e-09	0
8.09595056802e-09	0
8.10004356628e-09	0
8.10413656455e-09	0
8.10822956281e-09	0
8.11232256108e-09	0
8.11641555934e-09	0
8.12050855761e-09	0
8.12460155587e-09	0
8.12869455414e-09	0
8.1327875524e-09	0
8.13688055067e-09	0
8.14097354893e-09	0
8.1450665472e-09	0
8.14915954546e-09	0
8.15325254373e-09	0
8.15734554199e-09	0
8.16143854026e-09	0
8.16553153852e-09	0
8.16962453679e-09	0
8.17371753505e-09	0
8.17781053331e-09	0
8.18190353158e-09	0
8.18599652984e-09	0
8.19008952811e-09	0
8.19418252637e-09	0
8.19827552464e-09	0
8.2023685229e-09	0
8.20646152117e-09	0
8.21055451943e-09	0
8.2146475177e-09	0
8.21874051596e-09	0
8.22283351423e-09	0
8.22692651249e-09	0
8.23101951076e-09	0
8.23511250902e-09	0
8.23920550729e-09	0
8.24329850555e-09	0
8.24739150382e-09	0
8.25148450208e-09	0
8.25557750035e-09	0
8.25967049861e-09	0
8.26376349688e-09	0
8.26785649514e-09	0
8.27194949341e-09	0
8.27604249167e-09	0
8.28013548994e-09	0
8.2842284882e-09	0
8.28832148647e-09	0
8.29241448473e-09	0
8.296507483e-09	0
8.30060048126e-09	0
8.30469347953e-09	0
8.30878647779e-09	0
8.31287947606e-09	0
8.31697247432e-09	0
8.32106547259e-09	0
8.32515847085e-09	0
8.32925146912e-09	0
8.33334446738e-09	0
8.33743746565e-09	0
8.34153046391e-09	0
8.34562346218e-09	0
8.34971646044e-09	0
8.35380945871e-09	0
8.35790245697e-09	0
8.36199545524e-09	0
8.3660884535e-09	0
8.37018145177e-09	0
8.37427445003e-09	0
8.3783674483e-09	0
8.38246044656e-09	0
8.38655344483e-09	0
8.39064644309e-09	0
8.39473944136e-09	0
8.39883243962e-09	0
8.40292543789e-09	0
8.40701843615e-09	0
8.41111143442e-09	0
8.41520443268e-09	0
8.41929743095e-09	0
8.42339042921e-09	0
8.42748342748e-09	0
8.43157642574e-09	0
8.43566942401e-09	0
8.43976242227e-09	0
8.44385542053e-09	0
8.4479484188e-09	0
8.45204141706e-09	0
8.45613441533e-09	0
8.46022741359e-09	0
8.46432041186e-09	0
8.46841341012e-09	0
8.47250640839e-09	0
8.47659940665e-09	0
8.48069240492e-09	0
8.48478540318e-09	0
8.48887840145e-09	0
8.49297139971e-09	0
8.49706439798e-09	0
8.50115739624e-09	0
8.50525039451e-09	0
8.50934339277e-09	0
8.51343639104e-09	0
8.5175293893e-09	0
8.52162238757e-09	0
8.52571538583e-09	0
8.5298083841e-09	0
8.53390138236e-09	0
8.53799438063e-09	0
8.54208737889e-09	0
8.54618037716e-09	0
8.55027337542e-09	0
8.55436637369e-09	0
8.55845937195e-09	0
8.56255237022e-09	0
8.56664536848e-09	0
8.57073836675e-09	0
8.57483136501e-09	0
8.57892436328e-09	0
8.58301736154e-09	0
8.58711035981e-09	0
8.59120335807e-09	0
8.59529635634e-09	0
8.5993893546e-09	0
8.60348235287e-09	0
8.60757535113e-09	0
8.6116683494e-09	0
8.61576134766e-09	0
8.61985434593e-09	0
8.62394734419e-09	0
8.62804034246e-09	0
8.63213334072e-09	0
8.63622633899e-09	0
8.64031933725e-09	0
8.64441233552e-09	0
8.64850533378e-09	0
8.65259833205e-09	0
8.65669133031e-09	0
8.66078432858e-09	0
8.66487732684e-09	0
8.66897032511e-09	0
8.67306332337e-09	0
8.67715632164e-09	0
8.6812493199e-09	0
8.68534231817e-09	0
8.68943531643e-09	0
8.6935283147e-09	0
8.69762131296e-09	0
8.70171431123e-09	0
8.70580730949e-09	0
8.70990030775e-09	0
8.71399330602e-09	0
8.71808630428e-09	0
8.72217930255e-09	0
8.72627230081e-09	0
8.73036529908e-09	0
8.73445829734e-09	0
8.73855129561e-09	0
8.74264429387e-09	0
8.74673729214e-09	0
8.7508302904e-09	0
8.75492328867e-09	0
8.75901628693e-09	0
8.7631092852e-09	0
8.76720228346e-09	0
8.77129528173e-09	0
8.77538827999e-09	0
8.77948127826e-09	0
8.78357427652e-09	0
8.78766727479e-09	0
8.79176027305e-09	0
8.79585327132e-09	0
8.79994626958e-09	0
8.80403926785e-09	0
8.80813226611e-09	0
8.81222526438e-09	0
8.81631826264e-09	0
8.82041126091e-09	0
8.82450425917e-09	0
8.82859725744e-09	0
8.8326902557e-09	0
8.83678325397e-09	0
8.84087625223e-09	0
8.8449692505e-09	0
8.84906224876e-09	0
8.85315524703e-09	0
8.85724824529e-09	0
8.86134124356e-09	0
8.86543424182e-09	0
8.86952724009e-09	0
8.87362023835e-09	0
8.87771323662e-09	0
8.88180623488e-09	0
8.88589923315e-09	0
8.88999223141e-09	0
8.89408522968e-09	0
8.89817822794e-09	0
8.90227122621e-09	0
8.90636422447e-09	0
8.91045722274e-09	0
8.914550221e-09	0
8.91864321927e-09	0
8.92273621753e-09	0
8.9268292158e-09	0
8.93092221406e-09	0
8.93501521233e-09	0
8.93910821059e-09	0
8.94320120886e-09	0
8.94729420712e-09	0
8.95138720539e-09	0
8.95548020365e-09	0
8.95957320192e-09	0
8.96366620018e-09	0
8.96775919844e-09	0
8.97185219671e-09	0
8.97594519497e-09	0
8.98003819324e-09	0
8.9841311915e-09	0
8.98822418977e-09	0
8.99231718803e-09	0
8.9964101863e-09	0
9.00050318456e-09	0
9.00459618283e-09	0
9.00868918109e-09	0
9.01278217936e-09	0
9.01687517762e-09	0
9.02096817589e-09	0
9.02506117415e-09	0
9.02915417242e-09	0
9.03324717068e-09	0
9.03734016895e-09	0
9.04143316721e-09	0
9.04552616548e-09	0
9.04961916374e-09	0
9.05371216201e-09	0
9.05780516027e-09	0
9.06189815854e-09	0
9.0659911568e-09	0
9.07008415507e-09	0
9.07417715333e-09	0
9.0782701516e-09	0
9.08236314986e-09	0
9.08645614813e-09	0
9.09054914639e-09	0
9.09464214466e-09	0
9.09873514292e-09	0
9.10282814119e-09	0
9.10692113945e-09	0
9.11101413772e-09	0
9.11510713598e-09	0
9.11920013425e-09	0
9.12329313251e-09	0
9.12738613078e-09	0
9.13147912904e-09	0
9.13557212731e-09	0
9.13966512557e-09	0
9.14375812384e-09	0
9.1478511221e-09	0
9.15194412037e-09	0
9.15603711863e-09	0
9.1601301169e-09	0
9.16422311516e-09	0
9.16831611343e-09	0
9.17240911169e-09	0
9.17650210996e-09	0
9.18059510822e-09	0
9.18468810649e-09	0
9.18878110475e-09	0
9.19287410302e-09	0
9.19696710128e-09	0
9.20106009955e-09	0
9.20515309781e-09	0
9.20924609608e-09	0
9.21333909434e-09	0
9.21743209261e-09	0
9.22152509087e-09	0
9.22561808914e-09	0
9.2297110874e-09	0
9.23380408566e-09	0
9.23789708393e-09	0
9.24199008219e-09	0
9.24608308046e-09	0
9.25017607872e-09	0
9.25426907699e-09	0
9.25836207525e-09	0
9.26245507352e-09	0
9.26654807178e-09	0
9.27064107005e-09	0
9.27473406831e-09	0
9.27882706658e-09	0
9.28292006484e-09	0
9.28701306311e-09	0
9.29110606137e-09	0
9.29519905964e-09	0
9.2992920579e-09	0
9.30338505617e-09	0
9.30747805443e-09	0
9.3115710527e-09	0
9.31566405096e-09	0
9.31975704923e-09	0
9.32385004749e-09	0
9.32794304576e-09	0
9.33203604402e-09	0
9.33612904229e-09	0
9.34022204055e-09	0
9.34431503882e-09	0
9.34840803708e-09	0
9.35250103535e-09	0
9.35659403361e-09	0
9.36068703188e-09	0
9.36478003014e-09	0
9.36887302841e-09	0
9.37296602667e-09	0
9.37705902494e-09	0
9.3811520232e-09	0
9.38524502147e-09	0
9.38933801973e-09	0
9.393431018e-09	0
9.39752401626e-09	0
9.40161701453e-09	0
9.40571001279e-09	0
9.40980301106e-09	0
9.41389600932e-09	0
9.41798900759e-09	0
9.42208200585e-09	0
9.42617500412e-09	0
9.43026800238e-09	0
9.43436100065e-09	0
9.43845399891e-09	0
9.44254699718e-09	0
9.44663999544e-09	0
9.45073299371e-09	0
9.45482599197e-09	0
9.45891899024e-09	0
9.4630119885e-09	0
9.46710498677e-09	0
9.47119798503e-09	0
9.4752909833e-09	0
9.47938398156e-09	0
9.48347697983e-09	0
9.48756997809e-09	0
9.49166297636e-09	0
9.49575597462e-09	0
9.49984897288e-09	0
9.50394197115e-09	0
9.50803496941e-09	0
9.51212796768e-09	0
9.51622096594e-09	0
9.52031396421e-09	0
9.52440696247e-09	0
9.52849996074e-09	0
9.532592959e-09	0
9.53668595727e-09	0
9.54077895553e-09	0
9.5448719538e-09	0
9.54896495206e-09	0
9.55305795033e-09	0
9.55715094859e-09	0
9.56124394686e-09	0
9.56533694512e-09	0
9.56942994339e-09	0
9.57352294165e-09	0
9.57761593992e-09	0
9.58170893818e-09	0
9.58580193645e-09	0
9.58989493471e-09	0
9.59398793298e-09	0
9.59808093124e-09	0
9.60217392951e-09	0
9.60626692777e-09	0
9.61035992604e-09	0
9.6144529243e-09	0
9.61854592257e-09	0
9.62263892083e-09	0
9.6267319191e-09	0
9.63082491736e-09	0
9.63491791563e-09	0
9.63901091389e-09	0
9.64310391216e-09	0
9.64719691042e-09	0
9.65128990869e-09	0
9.65538290695e-09	0
9.65947590522e-09	0
9.66356890348e-09	0
9.66766190175e-09	0
9.67175490001e-09	0
9.67584789828e-09	0
9.67994089654e-09	0
9.68403389481e-09	0
9.68812689307e-09	0
9.69221989134e-09	0
9.6963128896e-09	0
9.70040588787e-09	0
9.70449888613e-09	0
9.7085918844e-09	0
9.71268488266e-09	0
9.71677788093e-09	0
9.72087087919e-09	0
9.72496387746e-09	0
9.72905687572e-09	0
9.73314987399e-09	0
9.73724287225e-09	0
9.74133587052e-09	0
9.74542886878e-09	0
9.74952186705e-09	0
9.75361486531e-09	0
9.75770786357e-09	0
9.76180086184e-09	0
9.7658938601e-09	0
9.76998685837e-09	0
9.77407985663e-09	0
9.7781728549e-09	0
9.78226585316e-09	0
9.78635885143e-09	0
9.79045184969e-09	0
9.79454484796e-09	0
9.79863784622e-09	0
9.80273084449e-09	0
9.80682384275e-09	0
9.81091684102e-09	0
9.81500983928e-09	0
9.81910283755e-09	0
9.82319583581e-09	0
9.82728883408e-09	0
9.83138183234e-09	0
9.83547483061e-09	0
9.83956782887e-09	0
9.84366082714e-09	0
9.8477538254e-09	0
9.85184682367e-09	0
9.85593982193e-09	0
9.8600328202e-09	0
9.86412581846e-09	0
9.86821881673e-09	0
9.87231181499e-09	0
9.87640481326e-09	0
9.88049781152e-09	0
9.88459080979e-09	0
9.88868380805e-09	0
9.89277680632e-09	0
9.89686980458e-09	0
9.90096280285e-09	0
9.90505580111e-09	0
9.90914879938e-09	0
9.91324179764e-09	0
9.91733479591e-09	0
9.92142779417e-09	0
9.92552079244e-09	0
9.9296137907e-09	0
9.93370678897e-09	0
9.93779978723e-09	0
9.9418927855e-09	0
9.94598578376e-09	0
9.95007878203e-09	0
9.95417178029e-09	0
9.95826477856e-09	0
9.96235777682e-09	0
9.96645077509e-09	0
9.97054377335e-09	0
9.97463677162e-09	0
9.97872976988e-09	0
9.98282276815e-09	0
9.98691576641e-09	0
9.99100876468e-09	0
9.99510176294e-09	0
9.99919476121e-09	0
1.00032877595e-08	0
1.00073807577e-08	0
1.0011473756e-08	0
1.00155667543e-08	0
1.00196597525e-08	0
1.00237527508e-08	0
1.00278457491e-08	0
1.00319387473e-08	0
1.00360317456e-08	0
1.00401247439e-08	0
1.00442177421e-08	0
1.00483107404e-08	0
1.00524037386e-08	0
1.00564967369e-08	0
1.00605897352e-08	0
1.00646827334e-08	0
1.00687757317e-08	0
1.007286873e-08	0
1.00769617282e-08	0
1.00810547265e-08	0
1.00851477248e-08	0
1.0089240723e-08	0
1.00933337213e-08	0
1.00974267196e-08	0
1.01015197178e-08	0
1.01056127161e-08	0
1.01097057144e-08	0
1.01137987126e-08	0
1.01178917109e-08	0
1.01219847092e-08	0
1.01260777074e-08	0
1.01301707057e-08	0
1.01342637039e-08	0
1.01383567022e-08	0
1.01424497005e-08	0
1.01465426987e-08	0
1.0150635697e-08	0
1.01547286953e-08	0
1.01588216935e-08	0
1.01629146918e-08	0
1.01670076901e-08	0
1.01711006883e-08	0
1.01751936866e-08	0
1.01792866849e-08	0
1.01833796831e-08	0
1.01874726814e-08	0
1.01915656797e-08	0
1.01956586779e-08	0
1.01997516762e-08	0
1.02038446745e-08	0
1.02079376727e-08	0
1.0212030671e-08	0
1.02161236692e-08	0
1.02202166675e-08	0
1.02243096658e-08	0
1.0228402664e-08	0
1.02324956623e-08	0
1.02365886606e-08	0
1.02406816588e-08	0
1.02447746571e-08	0
1.02488676554e-08	0
1.02529606536e-08	0
1.02570536519e-08	0
1.02611466502e-08	0
1.02652396484e-08	0
1.02693326467e-08	0
1.0273425645e-08	0
1.02775186432e-08	0
1.02816116415e-08	0
1.02857046397e-08	0
1.0289797638e-08	0
1.02938906363e-08	0
1.02979836345e-08	0
1.03020766328e-08	0
1.03061696311e-08	0
1.03102626293e-08	0
1.03143556276e-08	0
1.03184486259e-08	0
1.03225416241e-08	0
1.03266346224e-08	0
1.03307276207e-08	0
1.03348206189e-08	0
1.03389136172e-08	0
1.03430066155e-08	0
1.03470996137e-08	0
1.0351192612e-08	0
1.03552856103e-08	0
1.03593786085e-08	0
1.03634716068e-08	0
1.0367564605e-08	0
1.03716576033e-08	0
1.03757506016e-08	0
1.03798435998e-08	0
1.03839365981e-08	0
1.03880295964e-08	0
1.03921225946e-08	0
1.03962155929e-08	0
1.04003085912e-08	0
1.04044015894e-08	0
1.04084945877e-08	0
1.0412587586e-08	0
1.04166805842e-08	0
1.04207735825e-08	0
1.04248665808e-08	0
1.0428959579e-08	0
1.04330525773e-08	0
1.04371455756e-08	0
1.04412385738e-08	0
1.04453315721e-08	0
1.04494245703e-08	0
1.04535175686e-08	0
1.04576105669e-08	0
1.04617035651e-08	0
1.04657965634e-08	0
1.04698895617e-08	0
1.04739825599e-08	0
1.04780755582e-08	0
1.04821685565e-08	0
1.04862615547e-08	0
1.0490354553e-08	0
1.04944475513e-08	0
1.04985405495e-08	0
1.05026335478e-08	0
1.05067265461e-08	0
1.05108195443e-08	0
1.05149125426e-08	0
1.05190055409e-08	0
1.05230985391e-08	0
1.05271915374e-08	0
1.05312845356e-08	0
1.05353775339e-08	0
1.05394705322e-08	0
1.05435635304e-08	0
1.05476565287e-08	0
1.0551749527e-08	0
1.05558425252e-08	0
1.05599355235e-08	0
1.05640285218e-08	0
1.056812152e-08	0
1.05722145183e-08	0
1.05763075166e-08	0
1.05804005148e-08	0
1.05844935131e-08	0
1.05885865114e-08	0
1.05926795096e-08	0
1.05967725079e-08	0
1.06008655061e-08	0
1.06049585044e-08	0
1.06090515027e-08	0
1.06131445009e-08	0
1.06172374992e-08	0
1.06213304975e-08	0
1.06254234957e-08	0
1.0629516494e-08	0
1.06336094923e-08	0
1.06377024905e-08	0
1.06417954888e-08	0
1.06458884871e-08	0
1.06499814853e-08	0
1.06540744836e-08	0
1.06581674819e-08	0
1.06622604801e-08	0
1.06663534784e-08	0
1.06704464767e-08	0
1.06745394749e-08	0
1.06786324732e-08	0
1.06827254714e-08	0
1.06868184697e-08	0
1.0690911468e-08	0
1.06950044662e-08	0
1.06990974645e-08	0
1.07031904628e-08	0
1.0707283461e-08	0
1.07113764593e-08	0
1.07154694576e-08	0
1.07195624558e-08	0
1.07236554541e-08	0
1.07277484524e-08	0
1.07318414506e-08	0
1.07359344489e-08	0
1.07400274472e-08	0
1.07441204454e-08	0
1.07482134437e-08	0
1.0752306442e-08	0
1.07563994402e-08	0
1.07604924385e-08	0
1.07645854367e-08	0
1.0768678435e-08	0
1.07727714333e-08	0
1.07768644315e-08	0
1.07809574298e-08	0
1.07850504281e-08	0
1.07891434263e-08	0
1.07932364246e-08	0
1.07973294229e-08	0
1.08014224211e-08	0
1.08055154194e-08	0
1.08096084177e-08	0
1.08137014159e-08	0
1.08177944142e-08	0
1.08218874125e-08	0
1.08259804107e-08	0
1.0830073409e-08	0
1.08341664072e-08	0
1.08382594055e-08	0
1.08423524038e-08	0
1.0846445402e-08	0
1.08505384003e-08	0
1.08546313986e-08	0
1.08587243968e-08	0
1.08628173951e-08	0
1.08669103934e-08	0
1.08710033916e-08	0
1.08750963899e-08	0
1.08791893882e-08	0
1.08832823864e-08	0
1.08873753847e-08	0
1.0891468383e-08	0
1.08955613812e-08	0
1.08996543795e-08	0
1.09037473778e-08	0
1.0907840376e-08	0
1.09119333743e-08	0
1.09160263725e-08	0
1.09201193708e-08	0
1.09242123691e-08	0
1.09283053673e-08	0
1.09323983656e-08	0
1.09364913639e-08	0
1.09405843621e-08	0
1.09446773604e-08	0
1.09487703587e-08	0
1.09528633569e-08	0
1.09569563552e-08	0
1.09610493535e-08	0
1.09651423517e-08	0
1.096923535e-08	0
1.09733283483e-08	0
1.09774213465e-08	0
1.09815143448e-08	0
1.09856073431e-08	0
1.09897003413e-08	0
1.09937933396e-08	0
1.09978863378e-08	0
1.10019793361e-08	0
1.10060723344e-08	0
1.10101653326e-08	0
1.10142583309e-08	0
1.10183513292e-08	0
1.10224443274e-08	0
1.10265373257e-08	0
1.1030630324e-08	0
1.10347233222e-08	0
1.10388163205e-08	0
1.10429093188e-08	0
1.1047002317e-08	0
1.10510953153e-08	0
1.10551883136e-08	0
1.10592813118e-08	0
1.10633743101e-08	0
1.10674673084e-08	0
1.10715603066e-08	0
1.10756533049e-08	0
1.10797463031e-08	0
1.10838393014e-08	0
1.10879322997e-08	0
1.10920252979e-08	0
1.10961182962e-08	0
1.11002112945e-08	0
1.11043042927e-08	0
1.1108397291e-08	0
1.11124902893e-08	0
1.11165832875e-08	0
1.11206762858e-08	0
1.11247692841e-08	0
1.11288622823e-08	0
1.11329552806e-08	0
1.11370482789e-08	0
1.11411412771e-08	0
1.11452342754e-08	0
1.11493272736e-08	0
1.11534202719e-08	0
1.11575132702e-08	0
1.11616062684e-08	0
1.11656992667e-08	0
1.1169792265e-08	0
1.11738852632e-08	0
1.11779782615e-08	0
1.11820712598e-08	0
1.1186164258e-08	0
1.11902572563e-08	0
1.11943502546e-08	0
1.11984432528e-08	0
1.12025362511e-08	0
1.12066292494e-08	0
1.12107222476e-08	0
1.12148152459e-08	0
1.12189082442e-08	0
1.12230012424e-08	0
1.12270942407e-08	0
1.12311872389e-08	0
1.12352802372e-08	0
1.12393732355e-08	0
1.12434662337e-08	0
1.1247559232e-08	0
1.12516522303e-08	0
1.12557452285e-08	0
1.12598382268e-08	0
1.12639312251e-08	0
1.12680242233e-08	0
1.12721172216e-08	0
1.12762102199e-08	0
1.12803032181e-08	0
1.12843962164e-08	0
1.12884892147e-08	0
1.12925822129e-08	0
1.12966752112e-08	0
1.13007682095e-08	0
1.13048612077e-08	0
1.1308954206e-08	0
1.13130472042e-08	0
1.13171402025e-08	0
1.13212332008e-08	0
1.1325326199e-08	0
1.13294191973e-08	0
1.13335121956e-08	0
1.13376051938e-08	0
1.13416981921e-08	0
1.13457911904e-08	0
1.13498841886e-08	0
1.13539771869e-08	0
1.13580701852e-08	0
1.13621631834e-08	0
1.13662561817e-08	0
1.137034918e-08	0
1.13744421782e-08	0
1.13785351765e-08	0
1.13826281747e-08	0
1.1386721173e-08	0
1.13908141713e-08	0
1.13949071695e-08	0
1.13990001678e-08	0
1.14030931661e-08	0
1.14071861643e-08	0
1.14112791626e-08	0
1.14153721609e-08	0
1.14194651591e-08	0
1.14235581574e-08	0
1.14276511557e-08	0
1.14317441539e-08	0
1.14358371522e-08	0
1.14399301505e-08	0
1.14440231487e-08	0
1.1448116147e-08	0
1.14522091453e-08	0
1.14563021435e-08	0
1.14603951418e-08	0
1.146448814e-08	0
1.14685811383e-08	0
1.14726741366e-08	0
1.14767671348e-08	0
1.14808601331e-08	0
1.14849531314e-08	0
1.14890461296e-08	0
1.14931391279e-08	0
1.14972321262e-08	0
1.15013251244e-08	0
1.15054181227e-08	0
1.1509511121e-08	0
1.15136041192e-08	0
1.15176971175e-08	0
1.15217901158e-08	0
1.1525883114e-08	0
1.15299761123e-08	0
1.15340691106e-08	0
1.15381621088e-08	0
1.15422551071e-08	0
1.15463481053e-08	0
1.15504411036e-08	0
1.15545341019e-08	0
1.15586271001e-08	0
1.15627200984e-08	0
1.15668130967e-08	0
1.15709060949e-08	0
1.15749990932e-08	0
1.15790920915e-08	0
1.15831850897e-08	0
1.1587278088e-08	0
1.15913710863e-08	0
1.15954640845e-08	0
1.15995570828e-08	0
1.16036500811e-08	0
1.16077430793e-08	0
1.16118360776e-08	0
1.16159290758e-08	0
1.16200220741e-08	0
1.16241150724e-08	0
1.16282080706e-08	0
1.16323010689e-08	0
1.16363940672e-08	0
1.16404870654e-08	0
1.16445800637e-08	0
1.1648673062e-08	0
1.16527660602e-08	0
1.16568590585e-08	0
1.16609520568e-08	0
1.1665045055e-08	0
1.16691380533e-08	0
1.16732310516e-08	0
1.16773240498e-08	0
1.16814170481e-08	0
1.16855100464e-08	0
1.16896030446e-08	0
1.16936960429e-08	0
1.16977890411e-08	0
1.17018820394e-08	0
1.17059750377e-08	0
1.17100680359e-08	0
1.17141610342e-08	0
1.17182540325e-08	0
1.17223470307e-08	0
1.1726440029e-08	0
1.17305330273e-08	0
1.17346260255e-08	0
1.17387190238e-08	0
1.17428120221e-08	0
1.17469050203e-08	0
1.17509980186e-08	0
1.17550910169e-08	0
1.17591840151e-08	0
1.17632770134e-08	0
1.17673700117e-08	0
1.17714630099e-08	0
1.17755560082e-08	0
1.17796490064e-08	0
1.17837420047e-08	0
1.1787835003e-08	0
1.17919280012e-08	0
1.17960209995e-08	0
1.18001139978e-08	0
1.1804206996e-08	0
1.18082999943e-08	0
1.18123929926e-08	0
1.18164859908e-08	0
1.18205789891e-08	0
1.18246719874e-08	0
1.18287649856e-08	0
1.18328579839e-08	0
1.18369509822e-08	0
1.18410439804e-08	0
1.18451369787e-08	0
1.1849229977e-08	0
1.18533229752e-08	0
1.18574159735e-08	0
1.18615089717e-08	0
1.186560197e-08	0
1.18696949683e-08	0
1.18737879665e-08	0
1.18778809648e-08	0
1.18819739631e-08	0
1.18860669613e-08	0
1.18901599596e-08	0
1.18942529579e-08	0
1.18983459561e-08	0
1.19024389544e-08	0
1.19065319527e-08	0
1.19106249509e-08	0
1.19147179492e-08	0
1.19188109475e-08	0
1.19229039457e-08	0
1.1926996944e-08	0
1.19310899422e-08	0
1.19351829405e-08	0
1.19392759388e-08	0
1.1943368937e-08	0
1.19474619353e-08	0
1.19515549336e-08	0
1.19556479318e-08	0
1.19597409301e-08	0
1.19638339284e-08	0
1.19679269266e-08	0
1.19720199249e-08	0
1.19761129232e-08	0
1.19802059214e-08	0
1.19842989197e-08	0
1.1988391918e-08	0
1.19924849162e-08	0
1.19965779145e-08	0
1.20006709128e-08	0
1.2004763911e-08	0
1.20088569093e-08	0
1.20129499075e-08	0
1.20170429058e-08	0
1.20211359041e-08	0
1.20252289023e-08	0
1.20293219006e-08	0
1.20334148989e-08	0
1.20375078971e-08	0
1.20416008954e-08	0
1.20456938937e-08	0
1.20497868919e-08	0
1.20538798902e-08	0
1.20579728885e-08	0
1.20620658867e-08	0
1.2066158885e-08	0
1.20702518833e-08	0
1.20743448815e-08	0
1.20784378798e-08	0
1.20825308781e-08	0
1.20866238763e-08	0
1.20907168746e-08	0
1.20948098728e-08	0
1.20989028711e-08	0
1.21029958694e-08	0
1.21070888676e-08	0
1.21111818659e-08	0
1.21152748642e-08	0
1.21193678624e-08	0
1.21234608607e-08	0
1.2127553859e-08	0
1.21316468572e-08	0
1.21357398555e-08	0
1.21398328538e-08	0
1.2143925852e-08	0
1.21480188503e-08	0
1.21521118486e-08	0
1.21562048468e-08	0
1.21602978451e-08	0
1.21643908433e-08	0
1.21684838416e-08	0
1.21725768399e-08	0
1.21766698381e-08	0
1.21807628364e-08	0
1.21848558347e-08	0
1.21889488329e-08	0
1.21930418312e-08	0
1.21971348295e-08	0
1.22012278277e-08	0
1.2205320826e-08	0
1.22094138243e-08	0
1.22135068225e-08	0
1.22175998208e-08	0
1.22216928191e-08	0
1.22257858173e-08	0
1.22298788156e-08	0
1.22339718139e-08	0
1.22380648121e-08	0
1.22421578104e-08	0
1.22462508086e-08	0
1.22503438069e-08	0
1.22544368052e-08	0
1.22585298034e-08	0
1.22626228017e-08	0
1.22667158e-08	0
1.22708087982e-08	0
1.22749017965e-08	0
1.22789947948e-08	0
1.2283087793e-08	0
1.22871807913e-08	0
1.22912737896e-08	0
1.22953667878e-08	0
1.22994597861e-08	0
1.23035527844e-08	0
1.23076457826e-08	0
1.23117387809e-08	0
1.23158317792e-08	0
1.23199247774e-08	0
1.23240177757e-08	0
1.23281107739e-08	0
1.23322037722e-08	0
1.23362967705e-08	0
1.23403897687e-08	0
1.2344482767e-08	0
1.23485757653e-08	0
1.23526687635e-08	0
1.23567617618e-08	0
1.23608547601e-08	0
1.23649477583e-08	0
1.23690407566e-08	0
1.23731337549e-08	0
1.23772267531e-08	0
1.23813197514e-08	0
1.23854127497e-08	0
1.23895057479e-08	0
1.23935987462e-08	0
1.23976917444e-08	0
1.24017847427e-08	0
1.2405877741e-08	0
1.24099707392e-08	0
1.24140637375e-08	0
1.24181567358e-08	0
1.2422249734e-08	0
1.24263427323e-08	0
1.24304357306e-08	0
1.24345287288e-08	0
1.24386217271e-08	0
1.24427147254e-08	0
1.24468077236e-08	0
1.24509007219e-08	0
1.24549937202e-08	0
1.24590867184e-08	0
1.24631797167e-08	0
1.2467272715e-08	0
1.24713657132e-08	0
1.24754587115e-08	0
1.24795517097e-08	0
1.2483644708e-08	0
1.24877377063e-08	0
1.24918307045e-08	0
1.24959237028e-08	0
1.25000167011e-08	0
1.25041096993e-08	0
1.25082026976e-08	0
1.25122956959e-08	0
1.25163886941e-08	0
1.25204816924e-08	0
1.25245746907e-08	0
1.25286676889e-08	0
1.25327606872e-08	0
1.25368536855e-08	0
1.25409466837e-08	0
1.2545039682e-08	0
1.25491326803e-08	0
1.25532256785e-08	0
1.25573186768e-08	0
1.2561411675e-08	0
1.25655046733e-08	0
1.25695976716e-08	0
1.25736906698e-08	0
1.25777836681e-08	0
1.25818766664e-08	0
1.25859696646e-08	0
1.25900626629e-08	0
1.25941556612e-08	0
1.25982486594e-08	0
1.26023416577e-08	0
1.2606434656e-08	0
1.26105276542e-08	0
1.26146206525e-08	0
1.26187136508e-08	0
1.2622806649e-08	0
1.26268996473e-08	0
1.26309926456e-08	0
1.26350856438e-08	0
1.26391786421e-08	0
1.26432716403e-08	0
1.26473646386e-08	0
1.26514576369e-08	0
1.26555506351e-08	0
1.26596436334e-08	0
1.26637366317e-08	0
1.26678296299e-08	0
1.26719226282e-08	0
1.26760156265e-08	0
1.26801086247e-08	0
1.2684201623e-08	0
1.26882946213e-08	0
1.26923876195e-08	0
1.26964806178e-08	0
1.27005736161e-08	0
1.27046666143e-08	0
1.27087596126e-08	0
1.27128526108e-08	0
1.27169456091e-08	0
1.27210386074e-08	0
1.27251316056e-08	0
1.27292246039e-08	0
1.27333176022e-08	0
1.27374106004e-08	0
1.27415035987e-08	0
1.2745596597e-08	0
1.27496895952e-08	0
1.27537825935e-08	0
1.27578755918e-08	0
1.276196859e-08	0
1.27660615883e-08	0
1.27701545866e-08	0
1.27742475848e-08	0
1.27783405831e-08	0
1.27824335814e-08	0
1.27865265796e-08	0
1.27906195779e-08	0
1.27947125761e-08	0
1.27988055744e-08	0
1.28028985727e-08	0
1.28069915709e-08	0
1.28110845692e-08	0
1.28151775675e-08	0
1.28192705657e-08	0
1.2823363564e-08	0
1.28274565623e-08	0
1.28315495605e-08	0
1.28356425588e-08	0
1.28397355571e-08	0
1.28438285553e-08	0
1.28479215536e-08	0
1.28520145519e-08	0
1.28561075501e-08	0
1.28602005484e-08	0
1.28642935467e-08	0
1.28683865449e-08	0
1.28724795432e-08	0
1.28765725414e-08	0
1.28806655397e-08	0
1.2884758538e-08	0
1.28888515362e-08	0
1.28929445345e-08	0
1.28970375328e-08	0
1.2901130531e-08	0
1.29052235293e-08	0
1.29093165276e-08	0
1.29134095258e-08	0
1.29175025241e-08	0
1.29215955224e-08	0
1.29256885206e-08	0
1.29297815189e-08	0
1.29338745172e-08	0
1.29379675154e-08	0
1.29420605137e-08	0
1.29461535119e-08	0
1.29502465102e-08	0
1.29543395085e-08	0
1.29584325067e-08	0
1.2962525505e-08	0
1.29666185033e-08	0
1.29707115015e-08	0
1.29748044998e-08	0
1.29788974981e-08	0
1.29829904963e-08	0
1.29870834946e-08	0
1.29911764929e-08	0
1.29952694911e-08	0
1.29993624894e-08	0
1.30034554877e-08	0
1.30075484859e-08	0
1.30116414842e-08	0
1.30157344825e-08	0
1.30198274807e-08	0
1.3023920479e-08	0
1.30280134772e-08	0
1.30321064755e-08	0
1.30361994738e-08	0
1.3040292472e-08	0
1.30443854703e-08	0
1.30484784686e-08	0
1.30525714668e-08	0
1.30566644651e-08	0
1.30607574634e-08	0
1.30648504616e-08	0
1.30689434599e-08	0
1.30730364582e-08	0
1.30771294564e-08	0
1.30812224547e-08	0
1.3085315453e-08	0
1.30894084512e-08	0
1.30935014495e-08	0
1.30975944478e-08	0
1.3101687446e-08	0
1.31057804443e-08	0
1.31098734425e-08	0
1.31139664408e-08	0
1.31180594391e-08	0
1.31221524373e-08	0
1.31262454356e-08	0
1.31303384339e-08	0
1.31344314321e-08	0
1.31385244304e-08	0
1.31426174287e-08	0
1.31467104269e-08	0
1.31508034252e-08	0
1.31548964235e-08	0
1.31589894217e-08	0
1.316308242e-08	0
1.31671754183e-08	0
1.31712684165e-08	0
1.31753614148e-08	0
1.31794544131e-08	0
1.31835474113e-08	0
1.31876404096e-08	0
1.31917334078e-08	0
1.31958264061e-08	0
1.31999194044e-08	0
1.32040124026e-08	0
1.32081054009e-08	0
1.32121983992e-08	0
1.32162913974e-08	0
1.32203843957e-08	0
1.3224477394e-08	0
1.32285703922e-08	0
1.32326633905e-08	0
1.32367563888e-08	0
1.3240849387e-08	0
1.32449423853e-08	0
1.32490353836e-08	0
1.32531283818e-08	0
1.32572213801e-08	0
1.32613143783e-08	0
1.32654073766e-08	0
1.32695003749e-08	0
1.32735933731e-08	0
1.32776863714e-08	0
1.32817793697e-08	0
1.32858723679e-08	0
1.32899653662e-08	0
1.32940583645e-08	0
1.32981513627e-08	0
1.3302244361e-08	0
1.33063373593e-08	0
1.33104303575e-08	0
1.33145233558e-08	0
1.33186163541e-08	0
1.33227093523e-08	0
1.33268023506e-08	0
1.33308953489e-08	0
1.33349883471e-08	0
1.33390813454e-08	0
1.33431743436e-08	0
1.33472673419e-08	0
1.33513603402e-08	0
1.33554533384e-08	0
1.33595463367e-08	0
1.3363639335e-08	0
1.33677323332e-08	0
1.33718253315e-08	0
1.33759183298e-08	0
1.3380011328e-08	0
1.33841043263e-08	0
1.33881973246e-08	0
1.33922903228e-08	0
1.33963833211e-08	0
1.34004763194e-08	0
1.34045693176e-08	0
1.34086623159e-08	0
1.34127553142e-08	0
1.34168483124e-08	0
1.34209413107e-08	0
1.34250343089e-08	0
1.34291273072e-08	0
1.34332203055e-08	0
1.34373133037e-08	0
1.3441406302e-08	0
1.34454993003e-08	0
1.34495922985e-08	0
1.34536852968e-08	0
1.34577782951e-08	0
1.34618712933e-08	0
1.34659642916e-08	0
1.34700572899e-08	0
1.34741502881e-08	0
1.34782432864e-08	0
1.34823362847e-08	0
1.34864292829e-08	0
1.34905222812e-08	0
1.34946152794e-08	0
1.34987082777e-08	0
1.3502801276e-08	0
1.35068942742e-08	0
1.35109872725e-08	0
1.35150802708e-08	0
1.3519173269e-08	0
1.35232662673e-08	0
1.35273592656e-08	0
1.35314522638e-08	0
1.35355452621e-08	0
1.35396382604e-08	0
1.35437312586e-08	0
1.35478242569e-08	0
1.35519172552e-08	0
1.35560102534e-08	0
1.35601032517e-08	0
1.356419625e-08	0
1.35682892482e-08	0
1.35723822465e-08	0
1.35764752447e-08	0
1.3580568243e-08	0
1.35846612413e-08	0
1.35887542395e-08	0
1.35928472378e-08	0
1.35969402361e-08	0
1.36010332343e-08	0
1.36051262326e-08	0
1.36092192309e-08	0
1.36133122291e-08	0
1.36174052274e-08	0
1.36214982257e-08	0
1.36255912239e-08	0
1.36296842222e-08	0
1.36337772205e-08	0
1.36378702187e-08	0
1.3641963217e-08	0
1.36460562153e-08	0
1.36501492135e-08	0
1.36542422118e-08	0
1.365833521e-08	0
1.36624282083e-08	0
1.36665212066e-08	0
1.36706142048e-08	0
1.36747072031e-08	0
1.36788002014e-08	0
1.36828931996e-08	0
1.36869861979e-08	0
1.36910791962e-08	0
1.36951721944e-08	0
1.36992651927e-08	0
1.3703358191e-08	0
1.37074511892e-08	0
1.37115441875e-08	0
1.37156371858e-08	0
1.3719730184e-08	0
1.37238231823e-08	0
1.37279161805e-08	0
1.37320091788e-08	0
1.37361021771e-08	0
1.37401951753e-08	0
1.37442881736e-08	0
1.37483811719e-08	0
1.37524741701e-08	0
1.37565671684e-08	0
1.37606601667e-08	0
1.37647531649e-08	0
1.37688461632e-08	0
1.37729391615e-08	0
1.37770321597e-08	0
1.3781125158e-08	0
1.37852181563e-08	0
1.37893111545e-08	0
1.37934041528e-08	0
1.37974971511e-08	0
1.38015901493e-08	0
1.38056831476e-08	0
1.38097761458e-08	0
1.38138691441e-08	0
1.38179621424e-08	0
1.38220551406e-08	0
1.38261481389e-08	0
1.38302411372e-08	0
1.38343341354e-08	0
1.38384271337e-08	0
1.3842520132e-08	0
1.38466131302e-08	0
1.38507061285e-08	0
1.38547991268e-08	0
1.3858892125e-08	0
1.38629851233e-08	0
1.38670781216e-08	0
1.38711711198e-08	0
1.38752641181e-08	0
1.38793571164e-08	0
1.38834501146e-08	0
1.38875431129e-08	0
1.38916361111e-08	0
1.38957291094e-08	0
1.38998221077e-08	0
1.39039151059e-08	0
1.39080081042e-08	0
1.39121011025e-08	0
1.39161941007e-08	0
1.3920287099e-08	0
1.39243800973e-08	0
1.39284730955e-08	0
1.39325660938e-08	0
1.39366590921e-08	0
1.39407520903e-08	0
1.39448450886e-08	0
1.39489380869e-08	0
1.39530310851e-08	0
1.39571240834e-08	0
1.39612170817e-08	0
1.39653100799e-08	0
1.39694030782e-08	0
1.39734960764e-08	0
1.39775890747e-08	0
1.3981682073e-08	0
1.39857750712e-08	0
1.39898680695e-08	0
1.39939610678e-08	0
1.3998054066e-08	0
1.40021470643e-08	0
1.40062400626e-08	0
1.40103330608e-08	0
1.40144260591e-08	0
1.40185190574e-08	0
1.40226120556e-08	0
1.40267050539e-08	0
1.40307980522e-08	0
1.40348910504e-08	0
1.40389840487e-08	0
1.40430770469e-08	0
1.40471700452e-08	0
1.40512630435e-08	0
1.40553560417e-08	0
1.405944904e-08	0
1.40635420383e-08	0
1.40676350365e-08	0
1.40717280348e-08	0
1.40758210331e-08	0
1.40799140313e-08	0
1.40840070296e-08	0
1.40881000279e-08	0
1.40921930261e-08	0
1.40962860244e-08	0
1.41003790227e-08	0
1.41044720209e-08	0
1.41085650192e-08	0
1.41126580175e-08	0
1.41167510157e-08	0
1.4120844014e-08	0
1.41249370122e-08	0
1.41290300105e-08	0
1.41331230088e-08	0
1.4137216007e-08	0
1.41413090053e-08	0
1.41454020036e-08	0
1.41494950018e-08	0
1.41535880001e-08	0
1.41576809984e-08	0
1.41617739966e-08	0
1.41658669949e-08	0
1.41699599932e-08	0
1.41740529914e-08	0
1.41781459897e-08	0
1.4182238988e-08	0
1.41863319862e-08	0
1.41904249845e-08	0
1.41945179828e-08	0
1.4198610981e-08	0
1.42027039793e-08	0
1.42067969775e-08	0
1.42108899758e-08	0
1.42149829741e-08	0
1.42190759723e-08	0
1.42231689706e-08	0
1.42272619689e-08	0
1.42313549671e-08	0
1.42354479654e-08	0
1.42395409637e-08	0
1.42436339619e-08	0
1.42477269602e-08	0
1.42518199585e-08	0
1.42559129567e-08	0
1.4260005955e-08	0
1.42640989533e-08	0
1.42681919515e-08	0
1.42722849498e-08	0
1.4276377948e-08	0
1.42804709463e-08	0
1.42845639446e-08	0
1.42886569428e-08	0
1.42927499411e-08	0
1.42968429394e-08	0
1.43009359376e-08	0
1.43050289359e-08	0
1.43091219342e-08	0
1.43132149324e-08	0
1.43173079307e-08	0
1.4321400929e-08	0
1.43254939272e-08	0
1.43295869255e-08	0
1.43336799238e-08	0
1.4337772922e-08	0
1.43418659203e-08	0
1.43459589186e-08	0
1.43500519168e-08	0
1.43541449151e-08	0
1.43582379133e-08	0
1.43623309116e-08	0
1.43664239099e-08	0
1.43705169081e-08	0
1.43746099064e-08	0
1.43787029047e-08	0
1.43827959029e-08	0
1.43868889012e-08	0
1.43909818995e-08	0
1.43950748977e-08	0
1.4399167896e-08	0
1.44032608943e-08	0
1.44073538925e-08	0
1.44114468908e-08	0
1.44155398891e-08	0
1.44196328873e-08	0
1.44237258856e-08	0
1.44278188839e-08	0
1.44319118821e-08	0
1.44360048804e-08	0
1.44400978786e-08	0
1.44441908769e-08	0
1.44482838752e-08	0
1.44523768734e-08	0
1.44564698717e-08	0
1.446056287e-08	0
1.44646558682e-08	0
1.44687488665e-08	0
1.44728418648e-08	0
1.4476934863e-08	0
1.44810278613e-08	0
1.44851208596e-08	0
1.44892138578e-08	0
1.44933068561e-08	0
1.44973998544e-08	0
1.45014928526e-08	0
1.45055858509e-08	0
1.45096788491e-08	0
1.45137718474e-08	0
1.45178648457e-08	0
1.45219578439e-08	0
1.45260508422e-08	0
1.45301438405e-08	0
1.45342368387e-08	0
1.4538329837e-08	0
1.45424228353e-08	0
1.45465158335e-08	0
1.45506088318e-08	0
1.45547018301e-08	0
1.45587948283e-08	0
1.45628878266e-08	0
1.45669808249e-08	0
1.45710738231e-08	0
1.45751668214e-08	0
1.45792598197e-08	0
1.45833528179e-08	0
1.45874458162e-08	0
1.45915388144e-08	0
1.45956318127e-08	0
1.4599724811e-08	0
1.46038178092e-08	0
1.46079108075e-08	0
1.46120038058e-08	0
1.4616096804e-08	0
1.46201898023e-08	0
1.46242828006e-08	0
1.46283757988e-08	0
1.46324687971e-08	0
1.46365617954e-08	0
1.46406547936e-08	0
1.46447477919e-08	0
1.46488407902e-08	0
1.46529337884e-08	0
1.46570267867e-08	0
1.4661119785e-08	0
1.46652127832e-08	0
1.46693057815e-08	0
1.46733987797e-08	0
1.4677491778e-08	0
1.46815847763e-08	0
1.46856777745e-08	0
1.46897707728e-08	0
1.46938637711e-08	0
1.46979567693e-08	0
1.47020497676e-08	0
1.47061427659e-08	0
1.47102357641e-08	0
1.47143287624e-08	0
1.47184217607e-08	0
1.47225147589e-08	0
1.47266077572e-08	0
1.47307007555e-08	0
1.47347937537e-08	0
1.4738886752e-08	0
1.47429797503e-08	0
1.47470727485e-08	0
1.47511657468e-08	0
1.4755258745e-08	0
1.47593517433e-08	0
1.47634447416e-08	0
1.47675377398e-08	0
1.47716307381e-08	0
1.47757237364e-08	0
1.47798167346e-08	0
1.47839097329e-08	0
1.47880027312e-08	0
1.47920957294e-08	0
1.47961887277e-08	0
1.4800281726e-08	0
1.48043747242e-08	0
1.48084677225e-08	0
1.48125607208e-08	0
1.4816653719e-08	0
1.48207467173e-08	0
1.48248397155e-08	0
1.48289327138e-08	0
1.48330257121e-08	0
1.48371187103e-08	0
1.48412117086e-08	0
1.48453047069e-08	0
1.48493977051e-08	0
1.48534907034e-08	0
1.48575837017e-08	0
1.48616766999e-08	0
1.48657696982e-08	0
1.48698626965e-08	0
1.48739556947e-08	0
1.4878048693e-08	0
1.48821416913e-08	0
1.48862346895e-08	0
1.48903276878e-08	0
1.48944206861e-08	0
1.48985136843e-08	0
1.49026066826e-08	0
1.49066996808e-08	0
1.49107926791e-08	0
1.49148856774e-08	0
1.49189786756e-08	0
1.49230716739e-08	0
1.49271646722e-08	0
1.49312576704e-08	0
1.49353506687e-08	0
1.4939443667e-08	0
1.49435366652e-08	0
1.49476296635e-08	0
1.49517226618e-08	0
1.495581566e-08	0
1.49599086583e-08	0
1.49640016566e-08	0
1.49680946548e-08	0
1.49721876531e-08	0
1.49762806514e-08	0
1.49803736496e-08	0
1.49844666479e-08	0
1.49885596461e-08	0
1.49926526444e-08	0
1.49967456427e-08	0
1.50008386409e-08	0
1.50049316392e-08	0
1.50090246375e-08	0
1.50131176357e-08	0
1.5017210634e-08	0
1.50213036323e-08	0
1.50253966305e-08	0
1.50294896288e-08	0
1.50335826271e-08	0
1.50376756253e-08	0
1.50417686236e-08	0
1.50458616219e-08	0
1.50499546201e-08	0
1.50540476184e-08	0
1.50581406166e-08	0
1.50622336149e-08	0
1.50663266132e-08	0
1.50704196114e-08	0
1.50745126097e-08	0
1.5078605608e-08	0
1.50826986062e-08	0
1.50867916045e-08	0
1.50908846028e-08	0
1.5094977601e-08	0
1.50990705993e-08	0
1.51031635976e-08	0
1.51072565958e-08	0
1.51113495941e-08	0
1.51154425924e-08	0
1.51195355906e-08	0
1.51236285889e-08	0
1.51277215872e-08	0
1.51318145854e-08	0
1.51359075837e-08	0
1.51400005819e-08	0
1.51440935802e-08	0
1.51481865785e-08	0
1.51522795767e-08	0
1.5156372575e-08	0
1.51604655733e-08	0
1.51645585715e-08	0
1.51686515698e-08	0
1.51727445681e-08	0
1.51768375663e-08	0
1.51809305646e-08	0
1.51850235629e-08	0
1.51891165611e-08	0
1.51932095594e-08	0
1.51973025577e-08	0
1.52013955559e-08	0
1.52054885542e-08	0
1.52095815525e-08	0
1.52136745507e-08	0
1.5217767549e-08	0
1.52218605472e-08	0
1.52259535455e-08	0
1.52300465438e-08	0
1.5234139542e-08	0
1.52382325403e-08	0
1.52423255386e-08	0
1.52464185368e-08	0
1.52505115351e-08	0
1.52546045334e-08	0
1.52586975316e-08	0
1.52627905299e-08	0
1.52668835282e-08	0
1.52709765264e-08	0
1.52750695247e-08	0
1.5279162523e-08	0
1.52832555212e-08	0
1.52873485195e-08	0
1.52914415178e-08	0
1.5295534516e-08	0
1.52996275143e-08	0
1.53037205125e-08	0
1.53078135108e-08	0
1.53119065091e-08	0
1.53159995073e-08	0
1.53200925056e-08	0
1.53241855039e-08	0
1.53282785021e-08	0
1.53323715004e-08	0
1.53364644987e-08	0
1.53405574969e-08	0
1.53446504952e-08	0
1.53487434935e-08	0
1.53528364917e-08	0
1.535692949e-08	0
1.53610224883e-08	0
1.53651154865e-08	0
1.53692084848e-08	0
1.5373301483e-08	0
1.53773944813e-08	0
1.53814874796e-08	0
1.53855804778e-08	0
1.53896734761e-08	0
1.53937664744e-08	0
1.53978594726e-08	0
1.54019524709e-08	0
1.54060454692e-08	0
1.54101384674e-08	0
1.54142314657e-08	0
1.5418324464e-08	0
1.54224174622e-08	0
1.54265104605e-08	0
1.54306034588e-08	0
1.5434696457e-08	0
1.54387894553e-08	0
1.54428824536e-08	0
1.54469754518e-08	0
1.54510684501e-08	0
1.54551614483e-08	0
1.54592544466e-08	0
1.54633474449e-08	0
1.54674404431e-08	0
1.54715334414e-08	0
1.54756264397e-08	0
1.54797194379e-08	0
1.54838124362e-08	0
1.54879054345e-08	0
1.54919984327e-08	0
1.5496091431e-08	0
1.55001844293e-08	0
1.55042774275e-08	0
1.55083704258e-08	0
1.55124634241e-08	0
1.55165564223e-08	0
1.55206494206e-08	0
1.55247424189e-08	0
1.55288354171e-08	0
1.55329284154e-08	0
1.55370214136e-08	0
1.55411144119e-08	0
1.55452074102e-08	0
1.55493004084e-08	0
1.55533934067e-08	0
1.5557486405e-08	0
1.55615794032e-08	0
1.55656724015e-08	0
1.55697653998e-08	0
1.5573858398e-08	0
1.55779513963e-08	0
1.55820443946e-08	0
1.55861373928e-08	0
1.55902303911e-08	0
1.55943233894e-08	0
1.55984163876e-08	0
1.56025093859e-08	0
1.56066023841e-08	0
1.56106953824e-08	0
1.56147883807e-08	0
1.56188813789e-08	0
1.56229743772e-08	0
1.56270673755e-08	0
1.56311603737e-08	0
1.5635253372e-08	0
1.56393463703e-08	0
1.56434393685e-08	0
1.56475323668e-08	0
1.56516253651e-08	0
1.56557183633e-08	0
1.56598113616e-08	0
1.56639043599e-08	0
1.56679973581e-08	0
1.56720903564e-08	0
1.56761833547e-08	0
1.56802763529e-08	0
1.56843693512e-08	0
1.56884623494e-08	0
1.56925553477e-08	0
1.5696648346e-08	0
1.57007413442e-08	0
1.57048343425e-08	0
1.57089273408e-08	0
1.5713020339e-08	0
1.57171133373e-08	0
1.57212063356e-08	0
1.57252993338e-08	0
1.57293923321e-08	0
1.57334853304e-08	0
1.57375783286e-08	0
1.57416713269e-08	0
1.57457643252e-08	0
1.57498573234e-08	0
1.57539503217e-08	0
1.575804332e-08	0
1.57621363182e-08	0
1.57662293165e-08	0
1.57703223147e-08	0
1.5774415313e-08	0
1.57785083113e-08	0
1.57826013095e-08	0
1.57866943078e-08	0
1.57907873061e-08	0
1.57948803043e-08	0
1.57989733026e-08	0
1.58030663009e-08	0
1.58071592991e-08	0
1.58112522974e-08	0
1.58153452957e-08	0
1.58194382939e-08	0
1.58235312922e-08	0
1.58276242905e-08	0
1.58317172887e-08	0
1.5835810287e-08	0
1.58399032852e-08	0
1.58439962835e-08	0
1.58480892818e-08	0
1.585218228e-08	0
1.58562752783e-08	0
1.58603682766e-08	0
1.58644612748e-08	0
1.58685542731e-08	0
1.58726472714e-08	0
1.58767402696e-08	0
1.58808332679e-08	0
1.58849262662e-08	0
1.58890192644e-08	0
1.58931122627e-08	0
1.5897205261e-08	0
1.59012982592e-08	0
1.59053912575e-08	0
1.59094842558e-08	0
1.5913577254e-08	0
1.59176702523e-08	0
1.59217632505e-08	0
1.59258562488e-08	0
1.59299492471e-08	0
1.59340422453e-08	0
1.59381352436e-08	0
1.59422282419e-08	0
1.59463212401e-08	0
1.59504142384e-08	0
1.59545072367e-08	0
1.59586002349e-08	0
1.59626932332e-08	0
1.59667862315e-08	0
1.59708792297e-08	0
1.5974972228e-08	0
1.59790652263e-08	0
1.59831582245e-08	0
1.59872512228e-08	0
1.59913442211e-08	0
1.59954372193e-08	0
1.59995302176e-08	0
1.60036232158e-08	0
1.60077162141e-08	0
1.60118092124e-08	0
1.60159022106e-08	0
1.60199952089e-08	0
1.60240882072e-08	0
1.60281812054e-08	0
1.60322742037e-08	0
1.6036367202e-08	0
1.60404602002e-08	0
1.60445531985e-08	0
1.60486461968e-08	0
1.6052739195e-08	0
1.60568321933e-08	0
1.60609251916e-08	0
1.60650181898e-08	0
1.60691111881e-08	0
1.60732041864e-08	0
1.60772971846e-08	0
1.60813901829e-08	0
1.60854831811e-08	0
1.60895761794e-08	0
1.60936691777e-08	0
1.60977621759e-08	0
1.61018551742e-08	0
1.61059481725e-08	0
1.61100411707e-08	0
1.6114134169e-08	0
1.61182271673e-08	0
1.61223201655e-08	0
1.61264131638e-08	0
1.61305061621e-08	0
1.61345991603e-08	0
1.61386921586e-08	0
1.61427851569e-08	0
1.61468781551e-08	0
1.61509711534e-08	0
1.61550641516e-08	0
1.61591571499e-08	0
1.61632501482e-08	0
1.61673431464e-08	0
1.61714361447e-08	0
1.6175529143e-08	0
1.61796221412e-08	0
1.61837151395e-08	0
1.61878081378e-08	0
1.6191901136e-08	0
1.61959941343e-08	0
1.62000871326e-08	0
1.62041801308e-08	0
1.62082731291e-08	0
1.62123661274e-08	0
1.62164591256e-08	0
1.62205521239e-08	0
1.62246451222e-08	0
1.62287381204e-08	0
1.62328311187e-08	0
1.62369241169e-08	0
1.62410171152e-08	0
1.62451101135e-08	0
1.62492031117e-08	0
1.625329611e-08	0
1.62573891083e-08	0
1.62614821065e-08	0
1.62655751048e-08	0
1.62696681031e-08	0
1.62737611013e-08	0
1.62778540996e-08	0
1.62819470979e-08	0
1.62860400961e-08	0
1.62901330944e-08	0
1.62942260927e-08	0
1.62983190909e-08	0
1.63024120892e-08	0
1.63065050875e-08	0
1.63105980857e-08	0
1.6314691084e-08	0
1.63187840822e-08	0
1.63228770805e-08	0
1.63269700788e-08	0
1.6331063077e-08	0
1.63351560753e-08	0
1.63392490736e-08	0
1.63433420718e-08	0
1.63474350701e-08	0
1.63515280684e-08	0
1.63556210666e-08	0
1.63597140649e-08	0
1.63638070632e-08	0
1.63679000614e-08	0
1.63719930597e-08	0
1.6376086058e-08	0
1.63801790562e-08	0
1.63842720545e-08	0
1.63883650527e-08	0
1.6392458051e-08	0
1.63965510493e-08	0
1.64006440475e-08	0
1.64047370458e-08	0
1.64088300441e-08	0
1.64129230423e-08	0
1.64170160406e-08	0
1.64211090389e-08	0
1.64252020371e-08	0
1.64292950354e-08	0
1.64333880337e-08	0
1.64374810319e-08	0
1.64415740302e-08	0
1.64456670285e-08	0
1.64497600267e-08	0
1.6453853025e-08	0
1.64579460233e-08	0
1.64620390215e-08	0
1.64661320198e-08	0
1.6470225018e-08	0
1.64743180163e-08	0
1.64784110146e-08	0
1.64825040128e-08	0
1.64865970111e-08	0
1.64906900094e-08	0
1.64947830076e-08	0
1.64988760059e-08	0
1.65029690042e-08	0
1.65070620024e-08	0
1.65111550007e-08	0
1.6515247999e-08	0
1.65193409972e-08	0
1.65234339955e-08	0
1.65275269938e-08	0
1.6531619992e-08	0
1.65357129903e-08	0
1.65398059886e-08	0
1.65438989868e-08	0
1.65479919851e-08	0
1.65520849833e-08	0
1.65561779816e-08	0
1.65602709799e-08	0
1.65643639781e-08	0
1.65684569764e-08	0
1.65725499747e-08	0
1.65766429729e-08	0
1.65807359712e-08	0
1.65848289695e-08	0
1.65889219677e-08	0
1.6593014966e-08	0
1.65971079643e-08	0
1.66012009625e-08	0
1.66052939608e-08	0
1.66093869591e-08	0
1.66134799573e-08	0
1.66175729556e-08	0
1.66216659538e-08	0
1.66257589521e-08	0
1.66298519504e-08	0
1.66339449486e-08	0
1.66380379469e-08	0
1.66421309452e-08	0
1.66462239434e-08	0
1.66503169417e-08	0
1.665440994e-08	0
1.66585029382e-08	0
1.66625959365e-08	0
1.66666889348e-08	0
1.6670781933e-08	0
1.66748749313e-08	0
1.66789679296e-08	0
1.66830609278e-08	0
1.66871539261e-08	0
1.66912469244e-08	0
1.66953399226e-08	0
1.66994329209e-08	0
1.67035259191e-08	0
1.67076189174e-08	0
1.67117119157e-08	0
1.67158049139e-08	0
1.67198979122e-08	0
1.67239909105e-08	0
1.67280839087e-08	0
1.6732176907e-08	0
1.67362699053e-08	0
1.67403629035e-08	0
1.67444559018e-08	0
1.67485489001e-08	0
1.67526418983e-08	0
1.67567348966e-08	0
1.67608278949e-08	0
1.67649208931e-08	0
1.67690138914e-08	0
1.67731068897e-08	0
1.67771998879e-08	0
1.67812928862e-08	0
1.67853858844e-08	0
1.67894788827e-08	0
1.6793571881e-08	0
1.67976648792e-08	0
1.68017578775e-08	0
1.68058508758e-08	0
1.6809943874e-08	0
1.68140368723e-08	0
1.68181298706e-08	0
1.68222228688e-08	0
1.68263158671e-08	0
1.68304088654e-08	0
1.68345018636e-08	0
1.68385948619e-08	0
1.68426878602e-08	0
1.68467808584e-08	0
1.68508738567e-08	0
1.6854966855e-08	0
1.68590598532e-08	0
1.68631528515e-08	0
1.68672458497e-08	0
1.6871338848e-08	0
1.68754318463e-08	0
1.68795248445e-08	0
1.68836178428e-08	0
1.68877108411e-08	0
1.68918038393e-08	0
1.68958968376e-08	0
1.68999898359e-08	0
1.69040828341e-08	0
1.69081758324e-08	0
1.69122688307e-08	0
1.69163618289e-08	0
1.69204548272e-08	0
1.69245478255e-08	0
1.69286408237e-08	0
1.6932733822e-08	0
1.69368268202e-08	0
1.69409198185e-08	0
1.69450128168e-08	0
1.6949105815e-08	0
1.69531988133e-08	0
1.69572918116e-08	0
1.69613848098e-08	0
1.69654778081e-08	0
1.69695708064e-08	0
1.69736638046e-08	0
1.69777568029e-08	0
1.69818498012e-08	0
1.69859427994e-08	0
1.69900357977e-08	0
1.6994128796e-08	0
1.69982217942e-08	0
1.70023147925e-08	0
1.70064077908e-08	0
1.7010500789e-08	0
1.70145937873e-08	0
1.70186867855e-08	0
1.70227797838e-08	0
1.70268727821e-08	0
1.70309657803e-08	0
1.70350587786e-08	0
1.70391517769e-08	0
1.70432447751e-08	0
1.70473377734e-08	0
1.70514307717e-08	0
1.70555237699e-08	0
1.70596167682e-08	0
1.70637097665e-08	0
1.70678027647e-08	0
1.7071895763e-08	0
1.70759887613e-08	0
1.70800817595e-08	0
1.70841747578e-08	0
1.70882677561e-08	0
1.70923607543e-08	0
1.70964537526e-08	0
1.71005467508e-08	0
1.71046397491e-08	0
1.71087327474e-08	0
1.71128257456e-08	0
1.71169187439e-08	0
1.71210117422e-08	0
1.71251047404e-08	0
1.71291977387e-08	0
1.7133290737e-08	0
1.71373837352e-08	0
1.71414767335e-08	0
1.71455697318e-08	0
1.714966273e-08	0
1.71537557283e-08	0
1.71578487266e-08	0
1.71619417248e-08	0
1.71660347231e-08	0
1.71701277213e-08	0
1.71742207196e-08	0
1.71783137179e-08	0
1.71824067161e-08	0
1.71864997144e-08	0
1.71905927127e-08	0
1.71946857109e-08	0
1.71987787092e-08	0
1.72028717075e-08	0
1.72069647057e-08	0
1.7211057704e-08	0
1.72151507023e-08	0
1.72192437005e-08	0
1.72233366988e-08	0
1.72274296971e-08	0
1.72315226953e-08	0
1.72356156936e-08	0
1.72397086919e-08	0
1.72438016901e-08	0
1.72478946884e-08	0
1.72519876866e-08	0
1.72560806849e-08	0
1.72601736832e-08	0
1.72642666814e-08	0
1.72683596797e-08	0
1.7272452678e-08	0
1.72765456762e-08	0
1.72806386745e-08	0
1.72847316728e-08	0
1.7288824671e-08	0
1.72929176693e-08	0
1.72970106676e-08	0
1.73011036658e-08	0
1.73051966641e-08	0
1.73092896624e-08	0
1.73133826606e-08	0
1.73174756589e-08	0
1.73215686572e-08	0
1.73256616554e-08	0
1.73297546537e-08	0
1.73338476519e-08	0
1.73379406502e-08	0
1.73420336485e-08	0
1.73461266467e-08	0
1.7350219645e-08	0
1.73543126433e-08	0
1.73584056415e-08	0
1.73624986398e-08	0
1.73665916381e-08	0
1.73706846363e-08	0
1.73747776346e-08	0
1.73788706329e-08	0
1.73829636311e-08	0
1.73870566294e-08	0
1.73911496277e-08	0
1.73952426259e-08	0
1.73993356242e-08	0
1.74034286225e-08	0
1.74075216207e-08	0
1.7411614619e-08	0
1.74157076172e-08	0
1.74198006155e-08	0
1.74238936138e-08	0
1.7427986612e-08	0
1.74320796103e-08	0
1.74361726086e-08	0
1.74402656068e-08	0
1.74443586051e-08	0
1.74484516034e-08	0
1.74525446016e-08	0
1.74566375999e-08	0
1.74607305982e-08	0
1.74648235964e-08	0
1.74689165947e-08	0
1.7473009593e-08	0
1.74771025912e-08	0
1.74811955895e-08	0
1.74852885877e-08	0
1.7489381586e-08	0
1.74934745843e-08	0
1.74975675825e-08	0
1.75016605808e-08	0
1.75057535791e-08	0
1.75098465773e-08	0
1.75139395756e-08	0
1.75180325739e-08	0
1.75221255721e-08	0
1.75262185704e-08	0
1.75303115687e-08	0
1.75344045669e-08	0
1.75384975652e-08	0
1.75425905635e-08	0
1.75466835617e-08	0
1.755077656e-08	0
1.75548695583e-08	0
1.75589625565e-08	0
1.75630555548e-08	0
1.7567148553e-08	0
1.75712415513e-08	0
1.75753345496e-08	0
1.75794275478e-08	0
1.75835205461e-08	0
1.75876135444e-08	0
1.75917065426e-08	0
1.75957995409e-08	0
1.75998925392e-08	0
1.76039855374e-08	0
1.76080785357e-08	0
1.7612171534e-08	0
1.76162645322e-08	0
1.76203575305e-08	0
1.76244505288e-08	0
1.7628543527e-08	0
1.76326365253e-08	0
1.76367295236e-08	0
1.76408225218e-08	0
1.76449155201e-08	0
1.76490085183e-08	0
1.76531015166e-08	0
1.76571945149e-08	0
1.76612875131e-08	0
1.76653805114e-08	0
1.76694735097e-08	0
1.76735665079e-08	0
1.76776595062e-08	0
1.76817525045e-08	0
1.76858455027e-08	0
1.7689938501e-08	0
1.76940314993e-08	0
1.76981244975e-08	0
1.77022174958e-08	0
1.77063104941e-08	0
1.77104034923e-08	0
1.77144964906e-08	0
1.77185894888e-08	0
1.77226824871e-08	0
1.77267754854e-08	0
1.77308684836e-08	0
1.77349614819e-08	0
1.77390544802e-08	0
1.77431474784e-08	0
1.77472404767e-08	0
1.7751333475e-08	0
1.77554264732e-08	0
1.77595194715e-08	0
1.77636124698e-08	0
1.7767705468e-08	0
1.77717984663e-08	0
1.77758914646e-08	0
1.77799844628e-08	0
1.77840774611e-08	0
1.77881704594e-08	0
1.77922634576e-08	0
1.77963564559e-08	0
1.78004494541e-08	0
1.78045424524e-08	0
1.78086354507e-08	0
1.78127284489e-08	0
1.78168214472e-08	0
1.78209144455e-08	0
1.78250074437e-08	0
1.7829100442e-08	0
1.78331934403e-08	0
1.78372864385e-08	0
1.78413794368e-08	0
1.78454724351e-08	0
1.78495654333e-08	0
1.78536584316e-08	0
1.78577514299e-08	0
1.78618444281e-08	0
1.78659374264e-08	0
1.78700304247e-08	0
1.78741234229e-08	0
1.78782164212e-08	0
1.78823094194e-08	0
1.78864024177e-08	0
1.7890495416e-08	0
1.78945884142e-08	0
1.78986814125e-08	0
1.79027744108e-08	0
1.7906867409e-08	0
1.79109604073e-08	0
1.79150534056e-08	0
1.79191464038e-08	0
1.79232394021e-08	0
1.79273324004e-08	0
1.79314253986e-08	0
1.79355183969e-08	0
1.79396113952e-08	0
1.79437043934e-08	0
1.79477973917e-08	0
1.79518903899e-08	0
1.79559833882e-08	0
1.79600763865e-08	0
1.79641693847e-08	0
1.7968262383e-08	0
1.79723553813e-08	0
1.79764483795e-08	0
1.79805413778e-08	0
1.79846343761e-08	0
1.79887273743e-08	0
1.79928203726e-08	0
1.79969133709e-08	0
1.80010063691e-08	0
1.80050993674e-08	0
1.80091923657e-08	0
1.80132853639e-08	0
1.80173783622e-08	0
1.80214713605e-08	0
1.80255643587e-08	0
1.8029657357e-08	0
1.80337503552e-08	0
1.80378433535e-08	0
1.80419363518e-08	0
1.804602935e-08	0
1.80501223483e-08	0
1.80542153466e-08	0
1.80583083448e-08	0
1.80624013431e-08	0
1.80664943414e-08	0
1.80705873396e-08	0
1.80746803379e-08	0
1.80787733362e-08	0
1.80828663344e-08	0
1.80869593327e-08	0
1.8091052331e-08	0
1.80951453292e-08	0
1.80992383275e-08	0
1.81033313258e-08	0
1.8107424324e-08	0
1.81115173223e-08	0
1.81156103205e-08	0
1.81197033188e-08	0
1.81237963171e-08	0
1.81278893153e-08	0
1.81319823136e-08	0
1.81360753119e-08	0
1.81401683101e-08	0
1.81442613084e-08	0
1.81483543067e-08	0
1.81524473049e-08	0
1.81565403032e-08	0
1.81606333015e-08	0
1.81647262997e-08	0
1.8168819298e-08	0
1.81729122963e-08	0
1.81770052945e-08	0
1.81810982928e-08	0
1.81851912911e-08	0
1.81892842893e-08	0
1.81933772876e-08	0
1.81974702858e-08	0
1.82015632841e-08	0
1.82056562824e-08	0
1.82097492806e-08	0
1.82138422789e-08	0
1.82179352772e-08	0
1.82220282754e-08	0
1.82261212737e-08	0
1.8230214272e-08	0
1.82343072702e-08	0
1.82384002685e-08	0
1.82424932668e-08	0
1.8246586265e-08	0
1.82506792633e-08	0
1.82547722616e-08	0
1.82588652598e-08	0
1.82629582581e-08	0
1.82670512563e-08	0
1.82711442546e-08	0
1.82752372529e-08	0
1.82793302511e-08	0
1.82834232494e-08	0
1.82875162477e-08	0
1.82916092459e-08	0
1.82957022442e-08	0
1.82997952425e-08	0
1.83038882407e-08	0
1.8307981239e-08	0
1.83120742373e-08	0
1.83161672355e-08	0
1.83202602338e-08	0
1.83243532321e-08	0
1.83284462303e-08	0
1.83325392286e-08	0
1.83366322269e-08	0
1.83407252251e-08	0
1.83448182234e-08	0
1.83489112216e-08	0
1.83530042199e-08	0
1.83570972182e-08	0
1.83611902164e-08	0
1.83652832147e-08	0
1.8369376213e-08	0
1.83734692112e-08	0
1.83775622095e-08	0
1.83816552078e-08	0
1.8385748206e-08	0
1.83898412043e-08	0
1.83939342026e-08	0
1.83980272008e-08	0
1.84021201991e-08	0
1.84062131974e-08	0
1.84103061956e-08	0
1.84143991939e-08	0
1.84184921922e-08	0
1.84225851904e-08	0
1.84266781887e-08	0
1.84307711869e-08	0
1.84348641852e-08	0
1.84389571835e-08	0
1.84430501817e-08	0
1.844714318e-08	0
1.84512361783e-08	0
1.84553291765e-08	0
1.84594221748e-08	0
1.84635151731e-08	0
1.84676081713e-08	0
1.84717011696e-08	0
1.84757941679e-08	0
1.84798871661e-08	0
1.84839801644e-08	0
1.84880731627e-08	0
1.84921661609e-08	0
1.84962591592e-08	0
1.85003521574e-08	0
1.85044451557e-08	0
1.8508538154e-08	0
1.85126311522e-08	0
1.85167241505e-08	0
1.85208171488e-08	0
1.8524910147e-08	0
1.85290031453e-08	0
1.85330961436e-08	0
1.85371891418e-08	0
1.85412821401e-08	0
1.85453751384e-08	0
1.85494681366e-08	0
1.85535611349e-08	0
1.85576541332e-08	0
1.85617471314e-08	0
1.85658401297e-08	0
1.8569933128e-08	0
1.85740261262e-08	0
1.85781191245e-08	0
1.85822121227e-08	0
1.8586305121e-08	0
1.85903981193e-08	0
1.85944911175e-08	0
1.85985841158e-08	0
1.86026771141e-08	0
1.86067701123e-08	0
1.86108631106e-08	0
1.86149561089e-08	0
1.86190491071e-08	0
1.86231421054e-08	0
1.86272351037e-08	0
1.86313281019e-08	0
1.86354211002e-08	0
1.86395140985e-08	0
1.86436070967e-08	0
1.8647700095e-08	0
1.86517930933e-08	0
1.86558860915e-08	0
1.86599790898e-08	0
1.8664072088e-08	0
1.86681650863e-08	0
1.86722580846e-08	0
1.86763510828e-08	0
1.86804440811e-08	0
1.86845370794e-08	0
1.86886300776e-08	0
1.86927230759e-08	0
1.86968160742e-08	0
1.87009090724e-08	0
1.87050020707e-08	0
1.8709095069e-08	0
1.87131880672e-08	0
1.87172810655e-08	0
1.87213740638e-08	0
1.8725467062e-08	0
1.87295600603e-08	0
1.87336530585e-08	0
1.87377460568e-08	0
1.87418390551e-08	0
1.87459320533e-08	0
1.87500250516e-08	0
1.87541180499e-08	0
1.87582110481e-08	0
1.87623040464e-08	0
1.87663970447e-08	0
1.87704900429e-08	0
1.87745830412e-08	0
1.87786760395e-08	0
1.87827690377e-08	0
1.8786862036e-08	0
1.87909550343e-08	0
1.87950480325e-08	0
1.87991410308e-08	0
1.88032340291e-08	0
1.88073270273e-08	0
1.88114200256e-08	0
1.88155130238e-08	0
1.88196060221e-08	0
1.88236990204e-08	0
1.88277920186e-08	0
1.88318850169e-08	0
1.88359780152e-08	0
1.88400710134e-08	0
1.88441640117e-08	0
1.884825701e-08	0
1.88523500082e-08	0
1.88564430065e-08	0
1.88605360048e-08	0
1.8864629003e-08	0
1.88687220013e-08	0
1.88728149996e-08	0
1.88769079978e-08	0
1.88810009961e-08	0
1.88850939944e-08	0
1.88891869926e-08	0
1.88932799909e-08	0
1.88973729891e-08	0
1.89014659874e-08	0
1.89055589857e-08	0
1.89096519839e-08	0
1.89137449822e-08	0
1.89178379805e-08	0
1.89219309787e-08	0
1.8926023977e-08	0
1.89301169753e-08	0
1.89342099735e-08	0
1.89383029718e-08	0
1.89423959701e-08	0
1.89464889683e-08	0
1.89505819666e-08	0
1.89546749649e-08	0
1.89587679631e-08	0
1.89628609614e-08	0
1.89669539597e-08	0
1.89710469579e-08	0
1.89751399562e-08	0
1.89792329544e-08	0
1.89833259527e-08	0
1.8987418951e-08	0
1.89915119492e-08	0
1.89956049475e-08	0
1.89996979458e-08	0
1.9003790944e-08	0
1.90078839423e-08	0
1.90119769406e-08	0
1.90160699388e-08	0
1.90201629371e-08	0
1.90242559354e-08	0
1.90283489336e-08	0
1.90324419319e-08	0
1.90365349302e-08	0
1.90406279284e-08	0
1.90447209267e-08	0
1.90488139249e-08	0
1.90529069232e-08	0
1.90569999215e-08	0
1.90610929197e-08	0
1.9065185918e-08	0
1.90692789163e-08	0
1.90733719145e-08	0
1.90774649128e-08	0
1.90815579111e-08	0
1.90856509093e-08	0
1.90897439076e-08	0
1.90938369059e-08	0
1.90979299041e-08	0
1.91020229024e-08	0
1.91061159007e-08	0
1.91102088989e-08	0
1.91143018972e-08	0
1.91183948955e-08	0
1.91224878937e-08	0
1.9126580892e-08	0
1.91306738902e-08	0
1.91347668885e-08	0
1.91388598868e-08	0
1.9142952885e-08	0
1.91470458833e-08	0
1.91511388816e-08	0
1.91552318798e-08	0
1.91593248781e-08	0
1.91634178764e-08	0
1.91675108746e-08	0
1.91716038729e-08	0
1.91756968712e-08	0
1.91797898694e-08	0
1.91838828677e-08	0
1.9187975866e-08	0
1.91920688642e-08	0
1.91961618625e-08	0
1.92002548608e-08	0
1.9204347859e-08	0
1.92084408573e-08	0
1.92125338555e-08	0
1.92166268538e-08	0
1.92207198521e-08	0
1.92248128503e-08	0
1.92289058486e-08	0
1.92329988469e-08	0
1.92370918451e-08	0
1.92411848434e-08	0
1.92452778417e-08	0
1.92493708399e-08	0
1.92534638382e-08	0
1.92575568365e-08	0
1.92616498347e-08	0
1.9265742833e-08	0
1.92698358313e-08	0
1.92739288295e-08	0
1.92780218278e-08	0
1.9282114826e-08	0
1.92862078243e-08	0
1.92903008226e-08	0
1.92943938208e-08	0
1.92984868191e-08	0
1.93025798174e-08	0
1.93066728156e-08	0
1.93107658139e-08	0
1.93148588122e-08	0
1.93189518104e-08	0
1.93230448087e-08	0
1.9327137807e-08	0
1.93312308052e-08	0
1.93353238035e-08	0
1.93394168018e-08	0
1.93435098e-08	0
1.93476027983e-08	0
1.93516957966e-08	0
1.93557887948e-08	0
1.93598817931e-08	0
1.93639747913e-08	0
1.93680677896e-08	0
1.93721607879e-08	0
1.93762537861e-08	0
1.93803467844e-08	0
1.93844397827e-08	0
1.93885327809e-08	0
1.93926257792e-08	0
1.93967187775e-08	0
1.94008117757e-08	0
1.9404904774e-08	0
1.94089977723e-08	0
1.94130907705e-08	0
1.94171837688e-08	0
1.94212767671e-08	0
1.94253697653e-08	0
1.94294627636e-08	0
1.94335557619e-08	0
1.94376487601e-08	0
1.94417417584e-08	0
1.94458347566e-08	0
1.94499277549e-08	0
1.94540207532e-08	0
1.94581137514e-08	0
1.94622067497e-08	0
1.9466299748e-08	0
1.94703927462e-08	0
1.94744857445e-08	0
1.94785787428e-08	0
1.9482671741e-08	0
1.94867647393e-08	0
1.94908577376e-08	0
1.94949507358e-08	0
1.94990437341e-08	0
1.95031367324e-08	0
1.95072297306e-08	0
1.95113227289e-08	0
1.95154157271e-08	0
1.95195087254e-08	0
1.95236017237e-08	0
1.95276947219e-08	0
1.95317877202e-08	0
1.95358807185e-08	0
1.95399737167e-08	0
1.9544066715e-08	0
1.95481597133e-08	0
1.95522527115e-08	0
1.95563457098e-08	0
1.95604387081e-08	0
1.95645317063e-08	0
1.95686247046e-08	0
1.95727177029e-08	0
1.95768107011e-08	0
1.95809036994e-08	0
1.95849966977e-08	0
1.95890896959e-08	0
1.95931826942e-08	0
1.95972756924e-08	0
1.96013686907e-08	0
1.9605461689e-08	0
1.96095546872e-08	0
1.96136476855e-08	0
1.96177406838e-08	0
1.9621833682e-08	0
1.96259266803e-08	0
1.96300196786e-08	0
1.96341126768e-08	0
1.96382056751e-08	0
1.96422986734e-08	0
1.96463916716e-08	0
1.96504846699e-08	0
1.96545776682e-08	0
1.96586706664e-08	0
1.96627636647e-08	0
1.9666856663e-08	0
1.96709496612e-08	0
1.96750426595e-08	0
1.96791356577e-08	0
1.9683228656e-08	0
1.96873216543e-08	0
1.96914146525e-08	0
1.96955076508e-08	0
1.96996006491e-08	0
1.97036936473e-08	0
1.97077866456e-08	0
1.97118796439e-08	0
1.97159726421e-08	0
1.97200656404e-08	0
1.97241586387e-08	0
1.97282516369e-08	0
1.97323446352e-08	0
1.97364376335e-08	0
1.97405306317e-08	0
1.974462363e-08	0
1.97487166283e-08	0
1.97528096265e-08	0
1.97569026248e-08	0
1.9760995623e-08	0
1.97650886213e-08	0
1.97691816196e-08	0
1.97732746178e-08	0
1.97773676161e-08	0
1.97814606144e-08	0
1.97855536126e-08	0
1.97896466109e-08	0
1.97937396092e-08	0
1.97978326074e-08	0
1.98019256057e-08	0
1.9806018604e-08	0
1.98101116022e-08	0
1.98142046005e-08	0
1.98182975988e-08	0
1.9822390597e-08	0
1.98264835953e-08	0
1.98305765935e-08	0
1.98346695918e-08	0
1.98387625901e-08	0
1.98428555883e-08	0
1.98469485866e-08	0
1.98510415849e-08	0
1.98551345831e-08	0
1.98592275814e-08	0
1.98633205797e-08	0
1.98674135779e-08	0
1.98715065762e-08	0
1.98755995745e-08	0
1.98796925727e-08	0
1.9883785571e-08	0
1.98878785693e-08	0
1.98919715675e-08	0
1.98960645658e-08	0
1.99001575641e-08	0
1.99042505623e-08	0
1.99083435606e-08	0
1.99124365588e-08	0
1.99165295571e-08	0
1.99206225554e-08	0
1.99247155536e-08	0
1.99288085519e-08	0
1.99329015502e-08	0
1.99369945484e-08	0
1.99410875467e-08	0
1.9945180545e-08	0
1.99492735432e-08	0
1.99533665415e-08	0
1.99574595398e-08	0
1.9961552538e-08	0
1.99656455363e-08	0
1.99697385346e-08	0
1.99738315328e-08	0
1.99779245311e-08	0
1.99820175294e-08	0
1.99861105276e-08	0
1.99902035259e-08	0
1.99942965241e-08	0
1.99983895224e-08	0
2.00024825207e-08	0
2.00065755189e-08	0
2.00106685172e-08	0
2.00147615155e-08	0
2.00188545137e-08	0
2.0022947512e-08	0
2.00270405103e-08	0
2.00311335085e-08	0
2.00352265068e-08	0
2.00393195051e-08	0
2.00434125033e-08	0
2.00475055016e-08	0
2.00515984999e-08	0
2.00556914981e-08	0
2.00597844964e-08	0
2.00638774946e-08	0
2.00679704929e-08	0
2.00720634912e-08	0
2.00761564894e-08	0
2.00802494877e-08	0
2.0084342486e-08	0
2.00884354842e-08	0
2.00925284825e-08	0
2.00966214808e-08	0
2.0100714479e-08	0
2.01048074773e-08	0
2.01089004756e-08	0
2.01129934738e-08	0
2.01170864721e-08	0
2.01211794704e-08	0
2.01252724686e-08	0
2.01293654669e-08	0
2.01334584652e-08	0
2.01375514634e-08	0
2.01416444617e-08	0
2.01457374599e-08	0
2.01498304582e-08	0
2.01539234565e-08	0
2.01580164547e-08	0
2.0162109453e-08	0
2.01662024513e-08	0
2.01702954495e-08	0
2.01743884478e-08	0
2.01784814461e-08	0
2.01825744443e-08	0
2.01866674426e-08	0
2.01907604409e-08	0
2.01948534391e-08	0
2.01989464374e-08	0
2.02030394357e-08	0
2.02071324339e-08	0
2.02112254322e-08	0
2.02153184305e-08	0
2.02194114287e-08	0
2.0223504427e-08	0
2.02275974252e-08	0
2.02316904235e-08	0
2.02357834218e-08	0
2.023987642e-08	0
2.02439694183e-08	0
2.02480624166e-08	0
2.02521554148e-08	0
2.02562484131e-08	0
2.02603414114e-08	0
2.02644344096e-08	0
2.02685274079e-08	0
2.02726204062e-08	0
2.02767134044e-08	0
2.02808064027e-08	0
2.0284899401e-08	0
2.02889923992e-08	0
2.02930853975e-08	0
2.02971783958e-08	0
2.0301271394e-08	0
2.03053643923e-08	0
2.03094573905e-08	0
2.03135503888e-08	0
2.03176433871e-08	0
2.03217363853e-08	0
2.03258293836e-08	0
2.03299223819e-08	0
2.03340153801e-08	0
2.03381083784e-08	0
2.03422013767e-08	0
2.03462943749e-08	0
2.03503873732e-08	0
2.03544803715e-08	0
2.03585733697e-08	0
2.0362666368e-08	0
2.03667593663e-08	0
2.03708523645e-08	0
2.03749453628e-08	0
2.0379038361e-08	0
2.03831313593e-08	0
2.03872243576e-08	0
2.03913173558e-08	0
2.03954103541e-08	0
2.03995033524e-08	0
2.04035963506e-08	0
2.04076893489e-08	0
2.04117823472e-08	0
2.04158753454e-08	0
2.04199683437e-08	0
2.0424061342e-08	0
2.04281543402e-08	0
2.04322473385e-08	0
2.04363403368e-08	0
2.0440433335e-08	0
2.04445263333e-08	0
2.04486193316e-08	0
2.04527123298e-08	0
2.04568053281e-08	0
2.04608983263e-08	0
2.04649913246e-08	0
2.04690843229e-08	0
2.04731773211e-08	0
2.04772703194e-08	0
2.04813633177e-08	0
2.04854563159e-08	0
2.04895493142e-08	0
2.04936423125e-08	0
2.04977353107e-08	0
2.0501828309e-08	0
2.05059213073e-08	0
2.05100143055e-08	0
2.05141073038e-08	0
2.05182003021e-08	0
2.05222933003e-08	0
2.05263862986e-08	0
2.05304792969e-08	0
2.05345722951e-08	0
2.05386652934e-08	0
2.05427582916e-08	0
2.05468512899e-08	0
2.05509442882e-08	0
2.05550372864e-08	0
2.05591302847e-08	0
2.0563223283e-08	0
2.05673162812e-08	0
2.05714092795e-08	0
2.05755022778e-08	0
2.0579595276e-08	0
2.05836882743e-08	0
2.05877812726e-08	0
2.05918742708e-08	0
2.05959672691e-08	0
2.06000602674e-08	0
2.06041532656e-08	0
2.06082462639e-08	0
2.06123392621e-08	0
2.06164322604e-08	0
2.06205252587e-08	0
2.06246182569e-08	0
2.06287112552e-08	0
2.06328042535e-08	0
2.06368972517e-08	0
2.064099025e-08	0
2.06450832483e-08	0
2.06491762465e-08	0
2.06532692448e-08	0
2.06573622431e-08	0
2.06614552413e-08	0
2.06655482396e-08	0
2.06696412379e-08	0
2.06737342361e-08	0
2.06778272344e-08	0
2.06819202327e-08	0
2.06860132309e-08	0
2.06901062292e-08	0
2.06941992274e-08	0
2.06982922257e-08	0
2.0702385224e-08	0
2.07064782222e-08	0
2.07105712205e-08	0
2.07146642188e-08	0
2.0718757217e-08	0
2.07228502153e-08	0
2.07269432136e-08	0
2.07310362118e-08	0
2.07351292101e-08	0
2.07392222084e-08	0
2.07433152066e-08	0
2.07474082049e-08	0
2.07515012032e-08	0
2.07555942014e-08	0
2.07596871997e-08	0
2.0763780198e-08	0
2.07678731962e-08	0
2.07719661945e-08	0
2.07760591927e-08	0
2.0780152191e-08	0
2.07842451893e-08	0
2.07883381875e-08	0
2.07924311858e-08	0
2.07965241841e-08	0
2.08006171823e-08	0
2.08047101806e-08	0
2.08088031789e-08	0
2.08128961771e-08	0
2.08169891754e-08	0
2.08210821737e-08	0
2.08251751719e-08	0
2.08292681702e-08	0
2.08333611685e-08	0
2.08374541667e-08	0
2.0841547165e-08	0
2.08456401632e-08	0
2.08497331615e-08	0
2.08538261598e-08	0
2.0857919158e-08	0
2.08620121563e-08	0
2.08661051546e-08	0
2.08701981528e-08	0
2.08742911511e-08	0
2.08783841494e-08	0
2.08824771476e-08	0
2.08865701459e-08	0
2.08906631442e-08	0
2.08947561424e-08	0
2.08988491407e-08	0
2.0902942139e-08	0
2.09070351372e-08	0
2.09111281355e-08	0
2.09152211338e-08	0
2.0919314132e-08	0
2.09234071303e-08	0
2.09275001285e-08	0
2.09315931268e-08	0
2.09356861251e-08	0
2.09397791233e-08	0
2.09438721216e-08	0
2.09479651199e-08	0
2.09520581181e-08	0
2.09561511164e-08	0
2.09602441147e-08	0
2.09643371129e-08	0
2.09684301112e-08	0
2.09725231095e-08	0
2.09766161077e-08	0
2.0980709106e-08	0
2.09848021043e-08	0
2.09888951025e-08	0
2.09929881008e-08	0
2.09970810991e-08	0
2.10011740973e-08	0
2.10052670956e-08	0
2.10093600938e-08	0
2.10134530921e-08	0
2.10175460904e-08	0
2.10216390886e-08	0
2.10257320869e-08	0
2.10298250852e-08	0
2.10339180834e-08	0
2.10380110817e-08	0
2.104210408e-08	0
2.10461970782e-08	0
2.10502900765e-08	0
2.10543830748e-08	0
2.1058476073e-08	0
2.10625690713e-08	0
2.10666620696e-08	0
2.10707550678e-08	0
2.10748480661e-08	0
2.10789410644e-08	0
2.10830340626e-08	0
2.10871270609e-08	0
2.10912200591e-08	0
2.10953130574e-08	0
2.10994060557e-08	0
2.11034990539e-08	0
2.11075920522e-08	0
2.11116850505e-08	0
2.11157780487e-08	0
2.1119871047e-08	0
2.11239640453e-08	0
2.11280570435e-08	0
2.11321500418e-08	0
2.11362430401e-08	0
2.11403360383e-08	0
2.11444290366e-08	0
2.11485220349e-08	0
2.11526150331e-08	0
2.11567080314e-08	0
2.11608010296e-08	0
2.11648940279e-08	0
2.11689870262e-08	0
2.11730800244e-08	0
2.11771730227e-08	0
2.1181266021e-08	0
2.11853590192e-08	0
2.11894520175e-08	0
2.11935450158e-08	0
2.1197638014e-08	0
2.12017310123e-08	0
2.12058240106e-08	0
2.12099170088e-08	0
2.12140100071e-08	0
2.12181030054e-08	0
2.12221960036e-08	0
2.12262890019e-08	0
2.12303820002e-08	0
2.12344749984e-08	0
2.12385679967e-08	0
2.12426609949e-08	0
2.12467539932e-08	0
2.12508469915e-08	0
2.12549399897e-08	0
2.1259032988e-08	0
2.12631259863e-08	0
2.12672189845e-08	0
2.12713119828e-08	0
2.12754049811e-08	0
2.12794979793e-08	0
2.12835909776e-08	0
2.12876839759e-08	0
2.12917769741e-08	0
2.12958699724e-08	0
2.12999629707e-08	0
2.13040559689e-08	0
2.13081489672e-08	0
2.13122419655e-08	0
2.13163349637e-08	0
2.1320427962e-08	0
2.13245209602e-08	0
2.13286139585e-08	0
2.13327069568e-08	0
2.1336799955e-08	0
2.13408929533e-08	0
2.13449859516e-08	0
2.13490789498e-08	0
2.13531719481e-08	0
2.13572649464e-08	0
2.13613579446e-08	0
2.13654509429e-08	0
2.13695439412e-08	0
2.13736369394e-08	0
2.13777299377e-08	0
2.1381822936e-08	0
2.13859159342e-08	0
2.13900089325e-08	0
2.13941019307e-08	0
2.1398194929e-08	0
2.14022879273e-08	0
2.14063809255e-08	0
2.14104739238e-08	0
2.14145669221e-08	0
2.14186599203e-08	0
2.14227529186e-08	0
2.14268459169e-08	0
2.14309389151e-08	0
2.14350319134e-08	0
2.14391249117e-08	0
2.14432179099e-08	0
2.14473109082e-08	0
2.14514039065e-08	0
2.14554969047e-08	0
2.1459589903e-08	0
2.14636829013e-08	0
2.14677758995e-08	0
2.14718688978e-08	0
2.1475961896e-08	0
2.14800548943e-08	0
2.14841478926e-08	0
2.14882408908e-08	0
2.14923338891e-08	0
2.14964268874e-08	0
2.15005198856e-08	0
2.15046128839e-08	0
2.15087058822e-08	0
2.15127988804e-08	0
2.15168918787e-08	0
2.1520984877e-08	0
2.15250778752e-08	0
2.15291708735e-08	0
2.15332638718e-08	0
2.153735687e-08	0
2.15414498683e-08	0
2.15455428666e-08	0
2.15496358648e-08	0
2.15537288631e-08	0
2.15578218613e-08	0
2.15619148596e-08	0
2.15660078579e-08	0
2.15701008561e-08	0
2.15741938544e-08	0
2.15782868527e-08	0
2.15823798509e-08	0
2.15864728492e-08	0
2.15905658475e-08	0
2.15946588457e-08	0
2.1598751844e-08	0
2.16028448423e-08	0
2.16069378405e-08	0
2.16110308388e-08	0
2.16151238371e-08	0
2.16192168353e-08	0
2.16233098336e-08	0
2.16274028318e-08	0
2.16314958301e-08	0
2.16355888284e-08	0
2.16396818266e-08	0
2.16437748249e-08	0
2.16478678232e-08	0
2.16519608214e-08	0
2.16560538197e-08	0
2.1660146818e-08	0
2.16642398162e-08	0
2.16683328145e-08	0
2.16724258128e-08	0
2.1676518811e-08	0
2.16806118093e-08	0
2.16847048076e-08	0
2.16887978058e-08	0
2.16928908041e-08	0
2.16969838024e-08	0
2.17010768006e-08	0
2.17051697989e-08	0
2.17092627971e-08	0
2.17133557954e-08	0
2.17174487937e-08	0
2.17215417919e-08	0
2.17256347902e-08	0
2.17297277885e-08	0
2.17338207867e-08	0
2.1737913785e-08	0
2.17420067833e-08	0
2.17460997815e-08	0
2.17501927798e-08	0
2.17542857781e-08	0
2.17583787763e-08	0
2.17624717746e-08	0
2.17665647729e-08	0
2.17706577711e-08	0
2.17747507694e-08	0
2.17788437677e-08	0
2.17829367659e-08	0
2.17870297642e-08	0
2.17911227624e-08	0
2.17952157607e-08	0
2.1799308759e-08	0
2.18034017572e-08	0
2.18074947555e-08	0
2.18115877538e-08	0
2.1815680752e-08	0
2.18197737503e-08	0
2.18238667486e-08	0
2.18279597468e-08	0
2.18320527451e-08	0
2.18361457434e-08	0
2.18402387416e-08	0
2.18443317399e-08	0
2.18484247382e-08	0
2.18525177364e-08	0
2.18566107347e-08	0
2.1860703733e-08	0
2.18647967312e-08	0
2.18688897295e-08	0
2.18729827277e-08	0
2.1877075726e-08	0
2.18811687243e-08	0
2.18852617225e-08	0
2.18893547208e-08	0
2.18934477191e-08	0
2.18975407173e-08	0
2.19016337156e-08	0
2.19057267139e-08	0
2.19098197121e-08	0
2.19139127104e-08	0
2.19180057087e-08	0
2.19220987069e-08	0
2.19261917052e-08	0
2.19302847035e-08	0
2.19343777017e-08	0
2.19384707e-08	0
2.19425636982e-08	0
2.19466566965e-08	0
2.19507496948e-08	0
2.1954842693e-08	0
2.19589356913e-08	0
2.19630286896e-08	0
2.19671216878e-08	0
2.19712146861e-08	0
2.19753076844e-08	0
2.19794006826e-08	0
2.19834936809e-08	0
2.19875866792e-08	0
2.19916796774e-08	0
2.19957726757e-08	0
2.1999865674e-08	0
2.20039586722e-08	0
2.20080516705e-08	0
2.20121446688e-08	0
2.2016237667e-08	0
2.20203306653e-08	0
2.20244236635e-08	0
2.20285166618e-08	0
2.20326096601e-08	0
2.20367026583e-08	0
2.20407956566e-08	0
2.20448886549e-08	0
2.20489816531e-08	0
2.20530746514e-08	0
2.20571676497e-08	0
2.20612606479e-08	0
2.20653536462e-08	0
2.20694466445e-08	0
2.20735396427e-08	0
2.2077632641e-08	0
2.20817256393e-08	0
2.20858186375e-08	0
2.20899116358e-08	0
2.20940046341e-08	0
2.20980976323e-08	0
2.21021906306e-08	0
2.21062836288e-08	0
2.21103766271e-08	0
2.21144696254e-08	0
2.21185626236e-08	0
2.21226556219e-08	0
2.21267486202e-08	0
2.21308416184e-08	0
2.21349346167e-08	0
2.2139027615e-08	0
2.21431206132e-08	0
2.21472136115e-08	0
2.21513066098e-08	0
2.2155399608e-08	0
2.21594926063e-08	0
2.21635856046e-08	0
2.21676786028e-08	0
2.21717716011e-08	0
2.21758645993e-08	0
2.21799575976e-08	0
2.21840505959e-08	0
2.21881435941e-08	0
2.21922365924e-08	0
2.21963295907e-08	0
2.22004225889e-08	0
2.22045155872e-08	0
2.22086085855e-08	0
2.22127015837e-08	0
2.2216794582e-08	0
2.22208875803e-08	0
2.22249805785e-08	0
2.22290735768e-08	0
2.22331665751e-08	0
2.22372595733e-08	0
2.22413525716e-08	0
2.22454455699e-08	0
2.22495385681e-08	0
2.22536315664e-08	0
2.22577245646e-08	0
2.22618175629e-08	0
2.22659105612e-08	0
2.22700035594e-08	0
2.22740965577e-08	0
2.2278189556e-08	0
2.22822825542e-08	0
2.22863755525e-08	0
2.22904685508e-08	0
2.2294561549e-08	0
2.22986545473e-08	0
2.23027475456e-08	0
2.23068405438e-08	0
2.23109335421e-08	0
2.23150265404e-08	0
2.23191195386e-08	0
2.23232125369e-08	0
2.23273055352e-08	0
2.23313985334e-08	0
2.23354915317e-08	0
2.23395845299e-08	0
2.23436775282e-08	0
2.23477705265e-08	0
2.23518635247e-08	0
2.2355956523e-08	0
2.23600495213e-08	0
2.23641425195e-08	0
2.23682355178e-08	0
2.23723285161e-08	0
2.23764215143e-08	0
2.23805145126e-08	0
2.23846075109e-08	0
2.23887005091e-08	0
2.23927935074e-08	0
2.23968865057e-08	0
2.24009795039e-08	0
2.24050725022e-08	0
2.24091655005e-08	0
2.24132584987e-08	0
2.2417351497e-08	0
2.24214444952e-08	0
2.24255374935e-08	0
2.24296304918e-08	0
2.243372349e-08	0
2.24378164883e-08	0
2.24419094866e-08	0
2.24460024848e-08	0
2.24500954831e-08	0
2.24541884814e-08	0
2.24582814796e-08	0
2.24623744779e-08	0
2.24664674762e-08	0
2.24705604744e-08	0
2.24746534727e-08	0
2.2478746471e-08	0
2.24828394692e-08	0
2.24869324675e-08	0
2.24910254657e-08	0
2.2495118464e-08	0
2.24992114623e-08	0
2.25033044605e-08	0
2.25073974588e-08	0
2.25114904571e-08	0
2.25155834553e-08	0
2.25196764536e-08	0
2.25237694519e-08	0
2.25278624501e-08	0
2.25319554484e-08	0
2.25360484467e-08	0
2.25401414449e-08	0
2.25442344432e-08	0
2.25483274415e-08	0
2.25524204397e-08	0
2.2556513438e-08	0
2.25606064363e-08	0
2.25646994345e-08	0
2.25687924328e-08	0
2.2572885431e-08	0
2.25769784293e-08	0
2.25810714276e-08	0
2.25851644258e-08	0
2.25892574241e-08	0
2.25933504224e-08	0
2.25974434206e-08	0
2.26015364189e-08	0
2.26056294172e-08	0
2.26097224154e-08	0
2.26138154137e-08	0
2.2617908412e-08	0
2.26220014102e-08	0
2.26260944085e-08	0
2.26301874068e-08	0
2.2634280405e-08	0
2.26383734033e-08	0
2.26424664016e-08	0
2.26465593998e-08	0
2.26506523981e-08	0
2.26547453963e-08	0
2.26588383946e-08	0
2.26629313929e-08	0
2.26670243911e-08	0
2.26711173894e-08	0
2.26752103877e-08	0
2.26793033859e-08	0
2.26833963842e-08	0
2.26874893825e-08	0
2.26915823807e-08	0
2.2695675379e-08	0
2.26997683773e-08	0
2.27038613755e-08	0
2.27079543738e-08	0
2.27120473721e-08	0
2.27161403703e-08	0
2.27202333686e-08	0
2.27243263668e-08	0
2.27284193651e-08	0
2.27325123634e-08	0
2.27366053616e-08	0
2.27406983599e-08	0
2.27447913582e-08	0
2.27488843564e-08	0
2.27529773547e-08	0
2.2757070353e-08	0
2.27611633512e-08	0
2.27652563495e-08	0
2.27693493478e-08	0
2.2773442346e-08	0
2.27775353443e-08	0
2.27816283426e-08	0
2.27857213408e-08	0
2.27898143391e-08	0
2.27939073374e-08	0
2.27980003356e-08	0
2.28020933339e-08	0
2.28061863321e-08	0
2.28102793304e-08	0
2.28143723287e-08	0
2.28184653269e-08	0
2.28225583252e-08	0
2.28266513235e-08	0
2.28307443217e-08	0
2.283483732e-08	0
2.28389303183e-08	0
2.28430233165e-08	0
2.28471163148e-08	0
2.28512093131e-08	0
2.28553023113e-08	0
2.28593953096e-08	0
2.28634883079e-08	0
2.28675813061e-08	0
2.28716743044e-08	0
2.28757673027e-08	0
2.28798603009e-08	0
2.28839532992e-08	0
2.28880462974e-08	0
2.28921392957e-08	0
2.2896232294e-08	0
2.29003252922e-08	0
2.29044182905e-08	0
2.29085112888e-08	0
2.2912604287e-08	0
2.29166972853e-08	0
2.29207902836e-08	0
2.29248832818e-08	0
2.29289762801e-08	0
2.29330692784e-08	0
2.29371622766e-08	0
2.29412552749e-08	0
2.29453482732e-08	0
2.29494412714e-08	0
2.29535342697e-08	0
2.29576272679e-08	0
2.29617202662e-08	0
2.29658132645e-08	0
2.29699062627e-08	0
2.2973999261e-08	0
2.29780922593e-08	0
2.29821852575e-08	0
2.29862782558e-08	0
2.29903712541e-08	0
2.29944642523e-08	0
2.29985572506e-08	0
2.30026502489e-08	0
2.30067432471e-08	0
2.30108362454e-08	0
2.30149292437e-08	0
2.30190222419e-08	0
2.30231152402e-08	0
2.30272082385e-08	0
2.30313012367e-08	0
2.3035394235e-08	0
2.30394872332e-08	0
2.30435802315e-08	0
2.30476732298e-08	0
2.3051766228e-08	0
2.30558592263e-08	0
2.30599522246e-08	0
2.30640452228e-08	0
2.30681382211e-08	0
2.30722312194e-08	0
2.30763242176e-08	0
2.30804172159e-08	0
2.30845102142e-08	0
2.30886032124e-08	0
2.30926962107e-08	0
2.3096789209e-08	0
2.31008822072e-08	0
2.31049752055e-08	0
2.31090682038e-08	0
2.3113161202e-08	0
2.31172542003e-08	0
2.31213471985e-08	0
2.31254401968e-08	0
2.31295331951e-08	0
2.31336261933e-08	0
2.31377191916e-08	0
2.31418121899e-08	0
2.31459051881e-08	0
2.31499981864e-08	0
2.31540911847e-08	0
2.31581841829e-08	0
2.31622771812e-08	0
2.31663701795e-08	0
2.31704631777e-08	0
2.3174556176e-08	0
2.31786491743e-08	0
2.31827421725e-08	0
2.31868351708e-08	0
2.31909281691e-08	0
2.31950211673e-08	0
2.31991141656e-08	0
2.32032071638e-08	0
2.32073001621e-08	0
2.32113931604e-08	0
2.32154861586e-08	0
2.32195791569e-08	0
2.32236721552e-08	0
2.32277651534e-08	0
2.32318581517e-08	0
2.323595115e-08	0
2.32400441482e-08	0
2.32441371465e-08	0
2.32482301448e-08	0
2.3252323143e-08	0
2.32564161413e-08	0
2.32605091396e-08	0
2.32646021378e-08	0
2.32686951361e-08	0
2.32727881343e-08	0
2.32768811326e-08	0
2.32809741309e-08	0
2.32850671291e-08	0
2.32891601274e-08	0
2.32932531257e-08	0
2.32973461239e-08	0
2.33014391222e-08	0
2.33055321205e-08	0
2.33096251187e-08	0
2.3313718117e-08	0
2.33178111153e-08	0
2.33219041135e-08	0
2.33259971118e-08	0
2.33300901101e-08	0
2.33341831083e-08	0
2.33382761066e-08	0
2.33423691049e-08	0
2.33464621031e-08	0
2.33505551014e-08	0
2.33546480996e-08	0
2.33587410979e-08	0
2.33628340962e-08	0
2.33669270944e-08	0
2.33710200927e-08	0
2.3375113091e-08	0
2.33792060892e-08	0
2.33832990875e-08	0
2.33873920858e-08	0
2.3391485084e-08	0
2.33955780823e-08	0
2.33996710806e-08	0
2.34037640788e-08	0
2.34078570771e-08	0
2.34119500754e-08	0
2.34160430736e-08	0
2.34201360719e-08	0
2.34242290702e-08	0
2.34283220684e-08	0
2.34324150667e-08	0
2.34365080649e-08	0
2.34406010632e-08	0
2.34446940615e-08	0
2.34487870597e-08	0
2.3452880058e-08	0
2.34569730563e-08	0
2.34610660545e-08	0
2.34651590528e-08	0
2.34692520511e-08	0
2.34733450493e-08	0
2.34774380476e-08	0
2.34815310459e-08	0
2.34856240441e-08	0
2.34897170424e-08	0
2.34938100407e-08	0
2.34979030389e-08	0
2.35019960372e-08	0
2.35060890354e-08	0
2.35101820337e-08	0
2.3514275032e-08	0
2.35183680302e-08	0
2.35224610285e-08	0
2.35265540268e-08	0
2.3530647025e-08	0
2.35347400233e-08	0
2.35388330216e-08	0
2.35429260198e-08	0
2.35470190181e-08	0
2.35511120164e-08	0
2.35552050146e-08	0
2.35592980129e-08	0
2.35633910112e-08	0
2.35674840094e-08	0
2.35715770077e-08	0
2.3575670006e-08	0
2.35797630042e-08	0
2.35838560025e-08	0
2.35879490007e-08	0
2.3592041999e-08	0
2.35961349973e-08	0
2.36002279955e-08	0
2.36043209938e-08	0
2.36084139921e-08	0
2.36125069903e-08	0
2.36165999886e-08	0
2.36206929869e-08	0
2.36247859851e-08	0
2.36288789834e-08	0
2.36329719817e-08	0
2.36370649799e-08	0
2.36411579782e-08	0
2.36452509765e-08	0
2.36493439747e-08	0
2.3653436973e-08	0
2.36575299713e-08	0
2.36616229695e-08	0
2.36657159678e-08	0
2.3669808966e-08	0
2.36739019643e-08	0
2.36779949626e-08	0
2.36820879608e-08	0
2.36861809591e-08	0
2.36902739574e-08	0
2.36943669556e-08	0
2.36984599539e-08	0
2.37025529522e-08	0
2.37066459504e-08	0
2.37107389487e-08	0
2.3714831947e-08	0
2.37189249452e-08	0
2.37230179435e-08	0
2.37271109418e-08	0
2.373120394e-08	0
2.37352969383e-08	0
2.37393899365e-08	0
2.37434829348e-08	0
2.37475759331e-08	0
2.37516689313e-08	0
2.37557619296e-08	0
2.37598549279e-08	0
2.37639479261e-08	0
2.37680409244e-08	0
2.37721339227e-08	0
2.37762269209e-08	0
2.37803199192e-08	0
2.37844129175e-08	0
2.37885059157e-08	0
2.3792598914e-08	0
2.37966919123e-08	0
2.38007849105e-08	0
2.38048779088e-08	0
2.38089709071e-08	0
2.38130639053e-08	0
2.38171569036e-08	0
2.38212499018e-08	0
2.38253429001e-08	0
2.38294358984e-08	0
2.38335288966e-08	0
2.38376218949e-08	0
2.38417148932e-08	0
2.38458078914e-08	0
2.38499008897e-08	0
2.3853993888e-08	0
2.38580868862e-08	0
2.38621798845e-08	0
2.38662728828e-08	0
2.3870365881e-08	0
2.38744588793e-08	0
2.38785518776e-08	0
2.38826448758e-08	0
2.38867378741e-08	0
2.38908308724e-08	0
2.38949238706e-08	0
2.38990168689e-08	0
2.39031098671e-08	0
2.39072028654e-08	0
2.39112958637e-08	0
2.39153888619e-08	0
2.39194818602e-08	0
2.39235748585e-08	0
2.39276678567e-08	0
2.3931760855e-08	0
2.39358538533e-08	0
2.39399468515e-08	0
2.39440398498e-08	0
2.39481328481e-08	0
2.39522258463e-08	0
2.39563188446e-08	0
2.39604118429e-08	0
2.39645048411e-08	0
2.39685978394e-08	0
2.39726908377e-08	0
2.39767838359e-08	0
2.39808768342e-08	0
2.39849698324e-08	0
2.39890628307e-08	0
2.3993155829e-08	0
2.39972488272e-08	0
2.40013418255e-08	0
2.40054348238e-08	0
2.4009527822e-08	0
2.40136208203e-08	0
2.40177138186e-08	0
2.40218068168e-08	0
2.40258998151e-08	0
2.40299928134e-08	0
2.40340858116e-08	0
2.40381788099e-08	0
2.40422718082e-08	0
2.40463648064e-08	0
2.40504578047e-08	0
2.40545508029e-08	0
2.40586438012e-08	0
2.40627367995e-08	0
2.40668297977e-08	0
2.4070922796e-08	0
2.40750157943e-08	0
2.40791087925e-08	0
2.40832017908e-08	0
2.40872947891e-08	0
2.40913877873e-08	0
2.40954807856e-08	0
2.40995737839e-08	0
2.41036667821e-08	0
2.41077597804e-08	0
2.41118527787e-08	0
2.41159457769e-08	0
2.41200387752e-08	0
2.41241317735e-08	0
2.41282247717e-08	0
2.413231777e-08	0
2.41364107682e-08	0
2.41405037665e-08	0
2.41445967648e-08	0
2.4148689763e-08	0
2.41527827613e-08	0
2.41568757596e-08	0
2.41609687578e-08	0
2.41650617561e-08	0
2.41691547544e-08	0
2.41732477526e-08	0
2.41773407509e-08	0
2.41814337492e-08	0
2.41855267474e-08	0
2.41896197457e-08	0
2.4193712744e-08	0
2.41978057422e-08	0
2.42018987405e-08	0
2.42059917388e-08	0
2.4210084737e-08	0
2.42141777353e-08	0
2.42182707335e-08	0
2.42223637318e-08	0
2.42264567301e-08	0
2.42305497283e-08	0
2.42346427266e-08	0
2.42387357249e-08	0
2.42428287231e-08	0
2.42469217214e-08	0
2.42510147197e-08	0
2.42551077179e-08	0
2.42592007162e-08	0
2.42632937145e-08	0
2.42673867127e-08	0
2.4271479711e-08	0
2.42755727093e-08	0
2.42796657075e-08	0
2.42837587058e-08	0
2.4287851704e-08	0
2.42919447023e-08	0
2.42960377006e-08	0
2.43001306988e-08	0
2.43042236971e-08	0
2.43083166954e-08	0
2.43124096936e-08	0
2.43165026919e-08	0
2.43205956902e-08	0
2.43246886884e-08	0
2.43287816867e-08	0
2.4332874685e-08	0
2.43369676832e-08	0
2.43410606815e-08	0
2.43451536798e-08	0
2.4349246678e-08	0
2.43533396763e-08	0
2.43574326746e-08	0
2.43615256728e-08	0
2.43656186711e-08	0
2.43697116693e-08	0
2.43738046676e-08	0
2.43778976659e-08	0
2.43819906641e-08	0
2.43860836624e-08	0
2.43901766607e-08	0
2.43942696589e-08	0
2.43983626572e-08	0
2.44024556555e-08	0
2.44065486537e-08	0
2.4410641652e-08	0
2.44147346503e-08	0
2.44188276485e-08	0
2.44229206468e-08	0
2.44270136451e-08	0
2.44311066433e-08	0
2.44351996416e-08	0
2.44392926399e-08	0
2.44433856381e-08	0
2.44474786364e-08	0
2.44515716346e-08	0
2.44556646329e-08	0
2.44597576312e-08	0
2.44638506294e-08	0
2.44679436277e-08	0
2.4472036626e-08	0
2.44761296242e-08	0
2.44802226225e-08	0
2.44843156208e-08	0
2.4488408619e-08	0
2.44925016173e-08	0
2.44965946156e-08	0
2.45006876138e-08	0
2.45047806121e-08	0
2.45088736104e-08	0
2.45129666086e-08	0
2.45170596069e-08	0
2.45211526052e-08	0
2.45252456034e-08	0
2.45293386017e-08	0
2.45334315999e-08	0
2.45375245982e-08	0
2.45416175965e-08	0
2.45457105947e-08	0
2.4549803593e-08	0
2.45538965913e-08	0
2.45579895895e-08	0
2.45620825878e-08	0
2.45661755861e-08	0
2.45702685843e-08	0
2.45743615826e-08	0
2.45784545809e-08	0
2.45825475791e-08	0
2.45866405774e-08	0
2.45907335757e-08	0
2.45948265739e-08	0
2.45989195722e-08	0
2.46030125704e-08	0
2.46071055687e-08	0
2.4611198567e-08	0
2.46152915652e-08	0
2.46193845635e-08	0
2.46234775618e-08	0
2.462757056e-08	0
2.46316635583e-08	0
2.46357565566e-08	0
2.46398495548e-08	0
2.46439425531e-08	0
2.46480355514e-08	0
2.46521285496e-08	0
2.46562215479e-08	0
2.46603145462e-08	0
2.46644075444e-08	0
2.46685005427e-08	0
2.4672593541e-08	0
2.46766865392e-08	0
2.46807795375e-08	0
2.46848725357e-08	0
2.4688965534e-08	0
2.46930585323e-08	0
2.46971515305e-08	0
2.47012445288e-08	0
2.47053375271e-08	0
2.47094305253e-08	0
2.47135235236e-08	0
2.47176165219e-08	0
2.47217095201e-08	0
2.47258025184e-08	0
2.47298955167e-08	0
2.47339885149e-08	0
2.47380815132e-08	0
2.47421745115e-08	0
2.47462675097e-08	0
2.4750360508e-08	0
2.47544535063e-08	0
2.47585465045e-08	0
2.47626395028e-08	0
2.4766732501e-08	0
2.47708254993e-08	0
2.47749184976e-08	0
2.47790114958e-08	0
2.47831044941e-08	0
2.47871974924e-08	0
2.47912904906e-08	0
2.47953834889e-08	0
2.47994764872e-08	0
2.48035694854e-08	0
