0	6.31964e-05
1.35264e-15	6.32293e-05
2.70527e-15	6.32622e-05
4.05791e-15	6.32951e-05
5.41054e-15	6.3328e-05
6.76318e-15	6.33609e-05
8.11582e-15	6.33938e-05
9.46845e-15	6.34266e-05
1.08211e-14	6.34595e-05
1.21737e-14	6.34923e-05
1.35264e-14	6.35252e-05
1.4879e-14	6.3558e-05
1.62316e-14	6.35908e-05
1.75843e-14	6.36237e-05
1.89369e-14	6.36565e-05
2.02895e-14	6.36893e-05
2.16422e-14	6.37221e-05
2.29948e-14	6.37548e-05
2.43475e-14	6.37876e-05
2.57001e-14	6.38204e-05
2.70527e-14	6.38531e-05
2.84054e-14	6.38859e-05
2.9758e-14	6.39186e-05
3.11106e-14	6.39514e-05
3.24633e-14	6.39841e-05
3.38159e-14	6.40168e-05
3.51685e-14	6.40495e-05
3.65212e-14	6.40822e-05
3.78738e-14	6.41149e-05
3.92264e-14	6.41476e-05
4.05791e-14	6.41802e-05
4.19317e-14	6.42129e-05
4.32844e-14	6.42455e-05
4.4637e-14	6.42782e-05
4.59896e-14	6.43108e-05
4.73423e-14	6.43434e-05
4.86949e-14	6.4376e-05
5.00475e-14	6.44086e-05
5.14002e-14	6.44412e-05
5.27528e-14	6.44738e-05
5.41054e-14	6.45064e-05
5.54581e-14	6.45389e-05
5.68107e-14	6.45715e-05
5.81634e-14	6.4604e-05
5.9516e-14	6.46366e-05
6.08686e-14	6.46691e-05
6.22213e-14	6.47016e-05
6.35739e-14	6.47341e-05
6.49265e-14	6.47666e-05
6.62792e-14	6.47991e-05
6.76318e-14	6.48315e-05
6.89844e-14	6.4864e-05
7.03371e-14	6.48964e-05
7.16897e-14	6.49289e-05
7.30424e-14	6.49613e-05
7.4395e-14	6.49937e-05
7.57476e-14	6.50261e-05
7.71003e-14	6.50585e-05
7.84529e-14	6.50909e-05
7.98055e-14	6.51233e-05
8.11582e-14	6.51556e-05
8.25108e-14	6.5188e-05
8.38634e-14	6.52203e-05
8.52161e-14	6.52526e-05
8.65687e-14	6.5285e-05
8.79214e-14	6.53173e-05
8.9274e-14	6.53496e-05
9.06266e-14	6.53818e-05
9.19793e-14	6.54141e-05
9.33319e-14	6.54464e-05
9.46845e-14	6.54786e-05
9.60372e-14	6.55108e-05
9.73898e-14	6.55431e-05
9.87424e-14	6.55753e-05
1.00095e-13	6.56075e-05
1.01448e-13	6.56397e-05
1.028e-13	6.56719e-05
1.04153e-13	6.5704e-05
1.05506e-13	6.57362e-05
1.06858e-13	6.57683e-05
1.08211e-13	6.58004e-05
1.09564e-13	6.58326e-05
1.10916e-13	6.58647e-05
1.12269e-13	6.58968e-05
1.13621e-13	6.59288e-05
1.14974e-13	6.59609e-05
1.16327e-13	6.5993e-05
1.17679e-13	6.6025e-05
1.19032e-13	6.6057e-05
1.20385e-13	6.6089e-05
1.21737e-13	6.6121e-05
1.2309e-13	6.6153e-05
1.24443e-13	6.6185e-05
1.25795e-13	6.6217e-05
1.27148e-13	6.62489e-05
1.285e-13	6.62809e-05
1.29853e-13	6.63128e-05
1.31206e-13	6.63447e-05
1.32558e-13	6.63766e-05
1.33911e-13	6.64085e-05
1.35264e-13	6.64404e-05
1.36616e-13	6.64722e-05
1.37969e-13	6.65041e-05
1.39322e-13	6.65359e-05
1.40674e-13	6.65677e-05
1.42027e-13	6.65995e-05
1.43379e-13	6.66313e-05
1.44732e-13	6.66631e-05
1.46085e-13	6.66949e-05
1.47437e-13	6.67266e-05
1.4879e-13	6.67584e-05
1.50143e-13	6.67901e-05
1.51495e-13	6.68218e-05
1.52848e-13	6.68535e-05
1.54201e-13	6.68851e-05
1.55553e-13	6.69168e-05
1.56906e-13	6.69485e-05
1.58258e-13	6.69801e-05
1.59611e-13	6.70117e-05
1.60964e-13	6.70433e-05
1.62316e-13	6.70749e-05
1.63669e-13	6.71065e-05
1.65022e-13	6.71381e-05
1.66374e-13	6.71696e-05
1.67727e-13	6.72012e-05
1.6908e-13	6.72327e-05
1.70432e-13	6.72642e-05
1.71785e-13	6.72957e-05
1.73137e-13	6.73271e-05
1.7449e-13	6.73586e-05
1.75843e-13	6.739e-05
1.77195e-13	6.74215e-05
1.78548e-13	6.74529e-05
1.79901e-13	6.74843e-05
1.81253e-13	6.75157e-05
1.82606e-13	6.7547e-05
1.83959e-13	6.75784e-05
1.85311e-13	6.76097e-05
1.86664e-13	6.7641e-05
1.88016e-13	6.76723e-05
1.89369e-13	6.77036e-05
1.90722e-13	6.77349e-05
1.92074e-13	6.77662e-05
1.93427e-13	6.77974e-05
1.9478e-13	6.78286e-05
1.96132e-13	6.78598e-05
1.97485e-13	6.7891e-05
1.98838e-13	6.79222e-05
2.0019e-13	6.79534e-05
2.01543e-13	6.79845e-05
2.02895e-13	6.80156e-05
2.04248e-13	6.80467e-05
2.05601e-13	6.80778e-05
2.06953e-13	6.81089e-05
2.08306e-13	6.814e-05
2.09659e-13	6.8171e-05
2.11011e-13	6.8202e-05
2.12364e-13	6.8233e-05
2.13717e-13	6.8264e-05
2.15069e-13	6.8295e-05
2.16422e-13	6.8326e-05
2.17774e-13	6.83569e-05
2.19127e-13	6.83878e-05
2.2048e-13	6.84187e-05
2.21832e-13	6.84496e-05
2.23185e-13	6.84805e-05
2.24538e-13	6.85113e-05
2.2589e-13	6.85422e-05
2.27243e-13	6.8573e-05
2.28596e-13	6.86038e-05
2.29948e-13	6.86346e-05
2.31301e-13	6.86654e-05
2.32653e-13	6.86961e-05
2.34006e-13	6.87268e-05
2.35359e-13	6.87575e-05
2.36711e-13	6.87882e-05
2.38064e-13	6.88189e-05
2.39417e-13	6.88496e-05
2.40769e-13	6.88802e-05
2.42122e-13	6.89108e-05
2.43475e-13	6.89414e-05
2.44827e-13	6.8972e-05
2.4618e-13	6.90026e-05
2.47532e-13	6.90331e-05
2.48885e-13	6.90636e-05
2.50238e-13	6.90941e-05
2.5159e-13	6.91246e-05
2.52943e-13	6.91551e-05
2.54296e-13	6.91855e-05
2.55648e-13	6.9216e-05
2.57001e-13	6.92464e-05
2.58354e-13	6.92768e-05
2.59706e-13	6.93071e-05
2.61059e-13	6.93375e-05
2.62411e-13	6.93678e-05
2.63764e-13	6.93981e-05
2.65117e-13	6.94284e-05
2.66469e-13	6.94587e-05
2.67822e-13	6.9489e-05
2.69175e-13	6.95192e-05
2.70527e-13	6.95494e-05
2.7188e-13	6.95796e-05
2.73233e-13	6.96098e-05
2.74585e-13	6.964e-05
2.75938e-13	6.96701e-05
2.7729e-13	6.97002e-05
2.78643e-13	6.97303e-05
2.79996e-13	6.97604e-05
2.81348e-13	6.97904e-05
2.82701e-13	6.98205e-05
2.84054e-13	6.98505e-05
2.85406e-13	6.98805e-05
2.86759e-13	6.99104e-05
2.88112e-13	6.99404e-05
2.89464e-13	6.99703e-05
2.90817e-13	7.00002e-05
2.92169e-13	7.00301e-05
2.93522e-13	7.006e-05
2.94875e-13	7.00898e-05
2.96227e-13	7.01196e-05
2.9758e-13	7.01495e-05
2.98933e-13	7.01792e-05
3.00285e-13	7.0209e-05
3.01638e-13	7.02387e-05
3.02991e-13	7.02684e-05
3.04343e-13	7.02981e-05
3.05696e-13	7.03278e-05
3.07048e-13	7.03575e-05
3.08401e-13	7.03871e-05
3.09754e-13	7.04167e-05
3.11106e-13	7.04463e-05
3.12459e-13	7.04759e-05
3.13812e-13	7.05054e-05
3.15164e-13	7.05349e-05
3.16517e-13	7.05644e-05
3.1787e-13	7.05939e-05
3.19222e-13	7.06233e-05
3.20575e-13	7.06528e-05
3.21927e-13	7.06822e-05
3.2328e-13	7.07116e-05
3.24633e-13	7.07409e-05
3.25985e-13	7.07702e-05
3.27338e-13	7.07996e-05
3.28691e-13	7.08289e-05
3.30043e-13	7.08581e-05
3.31396e-13	7.08874e-05
3.32749e-13	7.09166e-05
3.34101e-13	7.09458e-05
3.35454e-13	7.0975e-05
3.36806e-13	7.10041e-05
3.38159e-13	7.10332e-05
3.39512e-13	7.10623e-05
3.40864e-13	7.10914e-05
3.42217e-13	7.11205e-05
3.4357e-13	7.11495e-05
3.44922e-13	7.11785e-05
3.46275e-13	7.12075e-05
3.47627e-13	7.12365e-05
3.4898e-13	7.12654e-05
3.50333e-13	7.12943e-05
3.51685e-13	7.13232e-05
3.53038e-13	7.13521e-05
3.54391e-13	7.13809e-05
3.55743e-13	7.14097e-05
3.57096e-13	7.14385e-05
3.58449e-13	7.14673e-05
3.59801e-13	7.1496e-05
3.61154e-13	7.15248e-05
3.62506e-13	7.15534e-05
3.63859e-13	7.15821e-05
3.65212e-13	7.16107e-05
3.66564e-13	7.16394e-05
3.67917e-13	7.16679e-05
3.6927e-13	7.16965e-05
3.70622e-13	7.17251e-05
3.71975e-13	7.17536e-05
3.73328e-13	7.17821e-05
3.7468e-13	7.18105e-05
3.76033e-13	7.1839e-05
3.77385e-13	7.18674e-05
3.78738e-13	7.18958e-05
3.80091e-13	7.19241e-05
3.81443e-13	7.19524e-05
3.82796e-13	7.19808e-05
3.84149e-13	7.2009e-05
3.85501e-13	7.20373e-05
3.86854e-13	7.20655e-05
3.88207e-13	7.20937e-05
3.89559e-13	7.21219e-05
3.90912e-13	7.215e-05
3.92264e-13	7.21782e-05
3.93617e-13	7.22063e-05
3.9497e-13	7.22343e-05
3.96322e-13	7.22624e-05
3.97675e-13	7.22904e-05
3.99028e-13	7.23184e-05
4.0038e-13	7.23463e-05
4.01733e-13	7.23743e-05
4.03086e-13	7.24022e-05
4.04438e-13	7.243e-05
4.05791e-13	7.24579e-05
4.07143e-13	7.24857e-05
4.08496e-13	7.25135e-05
4.09849e-13	7.25413e-05
4.11201e-13	7.2569e-05
4.12554e-13	7.25967e-05
4.13907e-13	7.26244e-05
4.15259e-13	7.26521e-05
4.16612e-13	7.26797e-05
4.17965e-13	7.27073e-05
4.19317e-13	7.27349e-05
4.2067e-13	7.27624e-05
4.22022e-13	7.27899e-05
4.23375e-13	7.28174e-05
4.24728e-13	7.28449e-05
4.2608e-13	7.28723e-05
4.27433e-13	7.28997e-05
4.28786e-13	7.29271e-05
4.30138e-13	7.29544e-05
4.31491e-13	7.29817e-05
4.32844e-13	7.3009e-05
4.34196e-13	7.30362e-05
4.35549e-13	7.30635e-05
4.36901e-13	7.30907e-05
4.38254e-13	7.31178e-05
4.39607e-13	7.3145e-05
4.40959e-13	7.31721e-05
4.42312e-13	7.31991e-05
4.43665e-13	7.32262e-05
4.45017e-13	7.32532e-05
4.4637e-13	7.32802e-05
4.47723e-13	7.33071e-05
4.49075e-13	7.33341e-05
4.50428e-13	7.3361e-05
4.5178e-13	7.33878e-05
4.53133e-13	7.34147e-05
4.54486e-13	7.34415e-05
4.55838e-13	7.34682e-05
4.57191e-13	7.3495e-05
4.58544e-13	7.35217e-05
4.59896e-13	7.35484e-05
4.61249e-13	7.3575e-05
4.62602e-13	7.36016e-05
4.63954e-13	7.36282e-05
4.65307e-13	7.36548e-05
4.66659e-13	7.36813e-05
4.68012e-13	7.37078e-05
4.69365e-13	7.37343e-05
4.70717e-13	7.37607e-05
4.7207e-13	7.37871e-05
4.73423e-13	7.38134e-05
4.74775e-13	7.38398e-05
4.76128e-13	7.38661e-05
4.77481e-13	7.38924e-05
4.78833e-13	7.39186e-05
4.80186e-13	7.39448e-05
4.81538e-13	7.3971e-05
4.82891e-13	7.39971e-05
4.84244e-13	7.40232e-05
4.85596e-13	7.40493e-05
4.86949e-13	7.40753e-05
4.88302e-13	7.41014e-05
4.89654e-13	7.41273e-05
4.91007e-13	7.41533e-05
4.9236e-13	7.41792e-05
4.93712e-13	7.42051e-05
4.95065e-13	7.42309e-05
4.96417e-13	7.42567e-05
4.9777e-13	7.42825e-05
4.99123e-13	7.43083e-05
5.00475e-13	7.4334e-05
5.01828e-13	7.43596e-05
5.03181e-13	7.43853e-05
5.04533e-13	7.44109e-05
5.05886e-13	7.44365e-05
5.07239e-13	7.4462e-05
5.08591e-13	7.44875e-05
5.09944e-13	7.4513e-05
5.11296e-13	7.45384e-05
5.12649e-13	7.45638e-05
5.14002e-13	7.45892e-05
5.15354e-13	7.46146e-05
5.16707e-13	7.46399e-05
5.1806e-13	7.46651e-05
5.19412e-13	7.46904e-05
5.20765e-13	7.47156e-05
5.22118e-13	7.47407e-05
5.2347e-13	7.47658e-05
5.24823e-13	7.47909e-05
5.26175e-13	7.4816e-05
5.27528e-13	7.4841e-05
5.28881e-13	7.4866e-05
5.30233e-13	7.4891e-05
5.31586e-13	7.49159e-05
5.32939e-13	7.49407e-05
5.34291e-13	7.49656e-05
5.35644e-13	7.49904e-05
5.36997e-13	7.50152e-05
5.38349e-13	7.50399e-05
5.39702e-13	7.50646e-05
5.41054e-13	7.50893e-05
5.42407e-13	7.51139e-05
5.4376e-13	7.51385e-05
5.45112e-13	7.5163e-05
5.46465e-13	7.51875e-05
5.47818e-13	7.5212e-05
5.4917e-13	7.52365e-05
5.50523e-13	7.52609e-05
5.51876e-13	7.52852e-05
5.53228e-13	7.53096e-05
5.54581e-13	7.53339e-05
5.55933e-13	7.53581e-05
5.57286e-13	7.53823e-05
5.58639e-13	7.54065e-05
5.59991e-13	7.54306e-05
5.61344e-13	7.54548e-05
5.62697e-13	7.54788e-05
5.64049e-13	7.55029e-05
5.65402e-13	7.55268e-05
5.66755e-13	7.55508e-05
5.68107e-13	7.55747e-05
5.6946e-13	7.55986e-05
5.70812e-13	7.56224e-05
5.72165e-13	7.56462e-05
5.73518e-13	7.567e-05
5.7487e-13	7.56937e-05
5.76223e-13	7.57174e-05
5.77576e-13	7.5741e-05
5.78928e-13	7.57646e-05
5.80281e-13	7.57882e-05
5.81634e-13	7.58117e-05
5.82986e-13	7.58352e-05
5.84339e-13	7.58587e-05
5.85691e-13	7.58821e-05
5.87044e-13	7.59054e-05
5.88397e-13	7.59288e-05
5.89749e-13	7.5952e-05
5.91102e-13	7.59753e-05
5.92455e-13	7.59985e-05
5.93807e-13	7.60217e-05
5.9516e-13	7.60448e-05
5.96513e-13	7.60679e-05
5.97865e-13	7.60909e-05
5.99218e-13	7.61139e-05
6.0057e-13	7.61369e-05
6.01923e-13	7.61598e-05
6.03276e-13	7.61827e-05
6.04628e-13	7.62056e-05
6.05981e-13	7.62284e-05
6.07334e-13	7.62511e-05
6.08686e-13	7.62738e-05
6.10039e-13	7.62965e-05
6.11392e-13	7.63192e-05
6.12744e-13	7.63418e-05
6.14097e-13	7.63643e-05
6.15449e-13	7.63868e-05
6.16802e-13	7.64093e-05
6.18155e-13	7.64317e-05
6.19507e-13	7.64541e-05
6.2086e-13	7.64764e-05
6.22213e-13	7.64987e-05
6.23565e-13	7.6521e-05
6.24918e-13	7.65432e-05
6.26271e-13	7.65654e-05
6.27623e-13	7.65875e-05
6.28976e-13	7.66096e-05
6.30328e-13	7.66317e-05
6.31681e-13	7.66537e-05
6.33034e-13	7.66756e-05
6.34386e-13	7.66975e-05
6.35739e-13	7.67194e-05
6.37092e-13	7.67412e-05
6.38444e-13	7.6763e-05
6.39797e-13	7.67848e-05
6.4115e-13	7.68065e-05
6.42502e-13	7.68281e-05
6.43855e-13	7.68497e-05
6.45207e-13	7.68713e-05
6.4656e-13	7.68928e-05
6.47913e-13	7.69143e-05
6.49265e-13	7.69357e-05
6.50618e-13	7.69571e-05
6.51971e-13	7.69785e-05
6.53323e-13	7.69998e-05
6.54676e-13	7.7021e-05
6.56029e-13	7.70422e-05
6.57381e-13	7.70634e-05
6.58734e-13	7.70845e-05
6.60086e-13	7.71056e-05
6.61439e-13	7.71266e-05
6.62792e-13	7.71476e-05
6.64144e-13	7.71685e-05
6.65497e-13	7.71894e-05
6.6685e-13	7.72103e-05
6.68202e-13	7.72311e-05
6.69555e-13	7.72518e-05
6.70908e-13	7.72725e-05
6.7226e-13	7.72932e-05
6.73613e-13	7.73138e-05
6.74965e-13	7.73344e-05
6.76318e-13	7.73549e-05
6.77671e-13	7.73754e-05
6.79023e-13	7.73958e-05
6.80376e-13	7.74162e-05
6.81729e-13	7.74365e-05
6.83081e-13	7.74568e-05
6.84434e-13	7.74771e-05
6.85787e-13	7.74973e-05
6.87139e-13	7.75174e-05
6.88492e-13	7.75375e-05
6.89844e-13	7.75576e-05
6.91197e-13	7.75776e-05
6.9255e-13	7.75975e-05
6.93902e-13	7.76174e-05
6.95255e-13	7.76373e-05
6.96608e-13	7.76571e-05
6.9796e-13	7.76769e-05
6.99313e-13	7.76966e-05
7.00666e-13	7.77162e-05
7.02018e-13	7.77359e-05
7.03371e-13	7.77554e-05
7.04723e-13	7.7775e-05
7.06076e-13	7.77944e-05
7.07429e-13	7.78139e-05
7.08781e-13	7.78332e-05
7.10134e-13	7.78526e-05
7.11487e-13	7.78718e-05
7.12839e-13	7.78911e-05
7.14192e-13	7.79102e-05
7.15545e-13	7.79294e-05
7.16897e-13	7.79484e-05
7.1825e-13	7.79675e-05
7.19602e-13	7.79864e-05
7.20955e-13	7.80054e-05
7.22308e-13	7.80242e-05
7.2366e-13	7.80431e-05
7.25013e-13	7.80618e-05
7.26366e-13	7.80805e-05
7.27718e-13	7.80992e-05
7.29071e-13	7.81178e-05
7.30424e-13	7.81364e-05
7.31776e-13	7.81549e-05
7.33129e-13	7.81734e-05
7.34481e-13	7.81918e-05
7.35834e-13	7.82102e-05
7.37187e-13	7.82285e-05
7.38539e-13	7.82468e-05
7.39892e-13	7.8265e-05
7.41245e-13	7.82831e-05
7.42597e-13	7.83012e-05
7.4395e-13	7.83193e-05
7.45303e-13	7.83373e-05
7.46655e-13	7.83552e-05
7.48008e-13	7.83731e-05
7.4936e-13	7.8391e-05
7.50713e-13	7.84088e-05
7.52066e-13	7.84265e-05
7.53418e-13	7.84442e-05
7.54771e-13	7.84618e-05
7.56124e-13	7.84794e-05
7.57476e-13	7.84969e-05
7.58829e-13	7.85144e-05
7.60182e-13	7.85318e-05
7.61534e-13	7.85492e-05
7.62887e-13	7.85665e-05
7.64239e-13	7.85838e-05
7.65592e-13	7.8601e-05
7.66945e-13	7.86181e-05
7.68297e-13	7.86352e-05
7.6965e-13	7.86523e-05
7.71003e-13	7.86692e-05
7.72355e-13	7.86862e-05
7.73708e-13	7.8703e-05
7.75061e-13	7.87199e-05
7.76413e-13	7.87366e-05
7.77766e-13	7.87533e-05
7.79118e-13	7.877e-05
7.80471e-13	7.87866e-05
7.81824e-13	7.88031e-05
7.83176e-13	7.88196e-05
7.84529e-13	7.88361e-05
7.85882e-13	7.88524e-05
7.87234e-13	7.88688e-05
7.88587e-13	7.8885e-05
7.8994e-13	7.89012e-05
7.91292e-13	7.89174e-05
7.92645e-13	7.89335e-05
7.93997e-13	7.89495e-05
7.9535e-13	7.89655e-05
7.96703e-13	7.89814e-05
7.98055e-13	7.89973e-05
7.99408e-13	7.90131e-05
8.00761e-13	7.90289e-05
8.02113e-13	7.90446e-05
8.03466e-13	7.90602e-05
8.04819e-13	7.90758e-05
8.06171e-13	7.90913e-05
8.07524e-13	7.91068e-05
8.08876e-13	7.91222e-05
8.10229e-13	7.91376e-05
8.11582e-13	7.91529e-05
8.12934e-13	7.91681e-05
8.14287e-13	7.91833e-05
8.1564e-13	7.91984e-05
8.16992e-13	7.92134e-05
8.18345e-13	7.92284e-05
8.19698e-13	7.92434e-05
8.2105e-13	7.92583e-05
8.22403e-13	7.92731e-05
8.23755e-13	7.92878e-05
8.25108e-13	7.93026e-05
8.26461e-13	7.93172e-05
8.27813e-13	7.93318e-05
8.29166e-13	7.93463e-05
8.30519e-13	7.93608e-05
8.31871e-13	7.93752e-05
8.33224e-13	7.93895e-05
8.34577e-13	7.94038e-05
8.35929e-13	7.9418e-05
8.37282e-13	7.94322e-05
8.38634e-13	7.94463e-05
8.39987e-13	7.94603e-05
8.4134e-13	7.94743e-05
8.42692e-13	7.94882e-05
8.44045e-13	7.95021e-05
8.45398e-13	7.95159e-05
8.4675e-13	7.95296e-05
8.48103e-13	7.95433e-05
8.49456e-13	7.95569e-05
8.50808e-13	7.95705e-05
8.52161e-13	7.9584e-05
8.53513e-13	7.95974e-05
8.54866e-13	7.96107e-05
8.56219e-13	7.9624e-05
8.57571e-13	7.96373e-05
8.58924e-13	7.96505e-05
8.60277e-13	7.96636e-05
8.61629e-13	7.96766e-05
8.62982e-13	7.96896e-05
8.64335e-13	7.97025e-05
8.65687e-13	7.97154e-05
8.6704e-13	7.97282e-05
8.68392e-13	7.97409e-05
8.69745e-13	7.97536e-05
8.71098e-13	7.97662e-05
8.7245e-13	7.97788e-05
8.73803e-13	7.97912e-05
8.75156e-13	7.98036e-05
8.76508e-13	7.9816e-05
8.77861e-13	7.98283e-05
8.79214e-13	7.98405e-05
8.80566e-13	7.98527e-05
8.81919e-13	7.98648e-05
8.83271e-13	7.98768e-05
8.84624e-13	7.98887e-05
8.85977e-13	7.99006e-05
8.87329e-13	7.99125e-05
8.88682e-13	7.99242e-05
8.90035e-13	7.99359e-05
8.91387e-13	7.99476e-05
8.9274e-13	7.99591e-05
8.94093e-13	7.99706e-05
8.95445e-13	7.99821e-05
8.96798e-13	7.99934e-05
8.9815e-13	8.00047e-05
8.99503e-13	8.0016e-05
9.00856e-13	8.00271e-05
9.02208e-13	8.00382e-05
9.03561e-13	8.00493e-05
9.04914e-13	8.00602e-05
9.06266e-13	8.00711e-05
9.07619e-13	8.0082e-05
9.08972e-13	8.00927e-05
9.10324e-13	8.01034e-05
9.11677e-13	8.01141e-05
9.13029e-13	8.01246e-05
9.14382e-13	8.01351e-05
9.15735e-13	8.01455e-05
9.17087e-13	8.01559e-05
9.1844e-13	8.01662e-05
9.19793e-13	8.01764e-05
9.21145e-13	8.01866e-05
9.22498e-13	8.01966e-05
9.23851e-13	8.02066e-05
9.25203e-13	8.02166e-05
9.26556e-13	8.02265e-05
9.27908e-13	8.02363e-05
9.29261e-13	8.0246e-05
9.30614e-13	8.02557e-05
9.31966e-13	8.02653e-05
9.33319e-13	8.02748e-05
9.34672e-13	8.02842e-05
9.36024e-13	8.02936e-05
9.37377e-13	8.03029e-05
9.3873e-13	8.03122e-05
9.40082e-13	8.03213e-05
9.41435e-13	8.03305e-05
9.42787e-13	8.03395e-05
9.4414e-13	8.03484e-05
9.45493e-13	8.03573e-05
9.46845e-13	8.03661e-05
9.48198e-13	8.03749e-05
9.49551e-13	8.03836e-05
9.50903e-13	8.03922e-05
9.52256e-13	8.04007e-05
9.53609e-13	8.04091e-05
9.54961e-13	8.04175e-05
9.56314e-13	8.04258e-05
9.57666e-13	8.04341e-05
9.59019e-13	8.04422e-05
9.60372e-13	8.04503e-05
9.61724e-13	8.04583e-05
9.63077e-13	8.04663e-05
9.6443e-13	8.04742e-05
9.65782e-13	8.0482e-05
9.67135e-13	8.04897e-05
9.68488e-13	8.04973e-05
9.6984e-13	8.05049e-05
9.71193e-13	8.05124e-05
9.72545e-13	8.05199e-05
9.73898e-13	8.05272e-05
9.75251e-13	8.05345e-05
9.76603e-13	8.05417e-05
9.77956e-13	8.05488e-05
9.79309e-13	8.05559e-05
9.80661e-13	8.05629e-05
9.82014e-13	8.05698e-05
9.83367e-13	8.05766e-05
9.84719e-13	8.05834e-05
9.86072e-13	8.059e-05
9.87424e-13	8.05966e-05
9.88777e-13	8.06032e-05
9.9013e-13	8.06096e-05
9.91482e-13	8.0616e-05
9.92835e-13	8.06223e-05
9.94188e-13	8.06285e-05
9.9554e-13	8.06347e-05
9.96893e-13	8.06407e-05
9.98246e-13	8.06467e-05
9.99598e-13	8.06526e-05
1.00095e-12	8.06585e-05
1.0023e-12	8.06642e-05
1.00366e-12	8.06699e-05
1.00501e-12	8.06755e-05
1.00636e-12	8.0681e-05
1.00771e-12	8.06865e-05
1.00907e-12	8.06919e-05
1.01042e-12	8.06972e-05
1.01177e-12	8.07024e-05
1.01312e-12	8.07075e-05
1.01448e-12	8.07126e-05
1.01583e-12	8.07175e-05
1.01718e-12	8.07224e-05
1.01854e-12	8.07273e-05
1.01989e-12	8.0732e-05
1.02124e-12	8.07366e-05
1.02259e-12	8.07412e-05
1.02395e-12	8.07457e-05
1.0253e-12	8.07501e-05
1.02665e-12	8.07545e-05
1.028e-12	8.07587e-05
1.02936e-12	8.07629e-05
1.03071e-12	8.0767e-05
1.03206e-12	8.0771e-05
1.03341e-12	8.0775e-05
1.03477e-12	8.07788e-05
1.03612e-12	8.07826e-05
1.03747e-12	8.07863e-05
1.03882e-12	8.07899e-05
1.04018e-12	8.07934e-05
1.04153e-12	8.07969e-05
1.04288e-12	8.08002e-05
1.04424e-12	8.08035e-05
1.04559e-12	8.08067e-05
1.04694e-12	8.08098e-05
1.04829e-12	8.08129e-05
1.04965e-12	8.08158e-05
1.051e-12	8.08187e-05
1.05235e-12	8.08215e-05
1.0537e-12	8.08242e-05
1.05506e-12	8.08268e-05
1.05641e-12	8.08293e-05
1.05776e-12	8.08318e-05
1.05911e-12	8.08342e-05
1.06047e-12	8.08364e-05
1.06182e-12	8.08387e-05
1.06317e-12	8.08408e-05
1.06452e-12	8.08428e-05
1.06588e-12	8.08447e-05
1.06723e-12	8.08466e-05
1.06858e-12	8.08484e-05
1.06994e-12	8.08501e-05
1.07129e-12	8.08517e-05
1.07264e-12	8.08532e-05
1.07399e-12	8.08546e-05
1.07535e-12	8.0856e-05
1.0767e-12	8.08572e-05
1.07805e-12	8.08584e-05
1.0794e-12	8.08595e-05
1.08076e-12	8.08605e-05
1.08211e-12	8.08614e-05
1.08346e-12	8.08623e-05
1.08481e-12	8.0863e-05
1.08617e-12	8.08637e-05
1.08752e-12	8.08642e-05
1.08887e-12	8.08647e-05
1.09022e-12	8.08651e-05
1.09158e-12	8.08654e-05
1.09293e-12	8.08656e-05
1.09428e-12	8.08658e-05
1.09564e-12	8.08658e-05
1.09699e-12	8.08658e-05
1.09834e-12	8.08656e-05
1.09969e-12	8.08654e-05
1.10105e-12	8.08651e-05
1.1024e-12	8.08647e-05
1.10375e-12	8.08642e-05
1.1051e-12	8.08636e-05
1.10646e-12	8.0863e-05
1.10781e-12	8.08622e-05
1.10916e-12	8.08613e-05
1.11051e-12	8.08604e-05
1.11187e-12	8.08594e-05
1.11322e-12	8.08583e-05
1.11457e-12	8.0857e-05
1.11592e-12	8.08557e-05
1.11728e-12	8.08544e-05
1.11863e-12	8.08529e-05
1.11998e-12	8.08513e-05
1.12134e-12	8.08496e-05
1.12269e-12	8.08479e-05
1.12404e-12	8.0846e-05
1.12539e-12	8.08441e-05
1.12675e-12	8.08421e-05
1.1281e-12	8.08399e-05
1.12945e-12	8.08377e-05
1.1308e-12	8.08354e-05
1.13216e-12	8.0833e-05
1.13351e-12	8.08305e-05
1.13486e-12	8.08279e-05
1.13621e-12	8.08252e-05
1.13757e-12	8.08225e-05
1.13892e-12	8.08196e-05
1.14027e-12	8.08166e-05
1.14162e-12	8.08136e-05
1.14298e-12	8.08104e-05
1.14433e-12	8.08072e-05
1.14568e-12	8.08038e-05
1.14704e-12	8.08004e-05
1.14839e-12	8.07969e-05
1.14974e-12	8.07933e-05
1.15109e-12	8.07895e-05
1.15245e-12	8.07857e-05
1.1538e-12	8.07818e-05
1.15515e-12	8.07778e-05
1.1565e-12	8.07737e-05
1.15786e-12	8.07695e-05
1.15921e-12	8.07652e-05
1.16056e-12	8.07608e-05
1.16191e-12	8.07564e-05
1.16327e-12	8.07518e-05
1.16462e-12	8.07471e-05
1.16597e-12	8.07423e-05
1.16733e-12	8.07375e-05
1.16868e-12	8.07325e-05
1.17003e-12	8.07274e-05
1.17138e-12	8.07223e-05
1.17274e-12	8.0717e-05
1.17409e-12	8.07116e-05
1.17544e-12	8.07062e-05
1.17679e-12	8.07006e-05
1.17815e-12	8.0695e-05
1.1795e-12	8.06892e-05
1.18085e-12	8.06833e-05
1.1822e-12	8.06774e-05
1.18356e-12	8.06713e-05
1.18491e-12	8.06652e-05
1.18626e-12	8.06589e-05
1.18761e-12	8.06526e-05
1.18897e-12	8.06461e-05
1.19032e-12	8.06396e-05
1.19167e-12	8.06329e-05
1.19303e-12	8.06262e-05
1.19438e-12	8.06193e-05
1.19573e-12	8.06124e-05
1.19708e-12	8.06053e-05
1.19844e-12	8.05982e-05
1.19979e-12	8.05909e-05
1.20114e-12	8.05836e-05
1.20249e-12	8.05761e-05
1.20385e-12	8.05685e-05
1.2052e-12	8.05609e-05
1.20655e-12	8.05531e-05
1.2079e-12	8.05452e-05
1.20926e-12	8.05373e-05
1.21061e-12	8.05292e-05
1.21196e-12	8.0521e-05
1.21331e-12	8.05127e-05
1.21467e-12	8.05044e-05
1.21602e-12	8.04959e-05
1.21737e-12	8.04873e-05
1.21873e-12	8.04786e-05
1.22008e-12	8.04698e-05
1.22143e-12	8.04609e-05
1.22278e-12	8.04519e-05
1.22414e-12	8.04428e-05
1.22549e-12	8.04336e-05
1.22684e-12	8.04242e-05
1.22819e-12	8.04148e-05
1.22955e-12	8.04053e-05
1.2309e-12	8.03956e-05
1.23225e-12	8.03859e-05
1.2336e-12	8.0376e-05
1.23496e-12	8.03661e-05
1.23631e-12	8.0356e-05
1.23766e-12	8.03459e-05
1.23901e-12	8.03356e-05
1.24037e-12	8.03252e-05
1.24172e-12	8.03147e-05
1.24307e-12	8.03041e-05
1.24443e-12	8.02934e-05
1.24578e-12	8.02826e-05
1.24713e-12	8.02717e-05
1.24848e-12	8.02607e-05
1.24984e-12	8.02495e-05
1.25119e-12	8.02383e-05
1.25254e-12	8.02269e-05
1.25389e-12	8.02155e-05
1.25525e-12	8.02039e-05
1.2566e-12	8.01922e-05
1.25795e-12	8.01804e-05
1.2593e-12	8.01685e-05
1.26066e-12	8.01565e-05
1.26201e-12	8.01444e-05
1.26336e-12	8.01322e-05
1.26471e-12	8.01198e-05
1.26607e-12	8.01074e-05
1.26742e-12	8.00948e-05
1.26877e-12	8.00822e-05
1.27013e-12	8.00694e-05
1.27148e-12	8.00565e-05
1.27283e-12	8.00435e-05
1.27418e-12	8.00304e-05
1.27554e-12	8.00172e-05
1.27689e-12	8.00038e-05
1.27824e-12	7.99904e-05
1.27959e-12	7.99768e-05
1.28095e-12	7.99631e-05
1.2823e-12	7.99494e-05
1.28365e-12	7.99355e-05
1.285e-12	7.99214e-05
1.28636e-12	7.99073e-05
1.28771e-12	7.98931e-05
1.28906e-12	7.98787e-05
1.29041e-12	7.98643e-05
1.29177e-12	7.98497e-05
1.29312e-12	7.9835e-05
1.29447e-12	7.98202e-05
1.29583e-12	7.98052e-05
1.29718e-12	7.97902e-05
1.29853e-12	7.97751e-05
1.29988e-12	7.97598e-05
1.30124e-12	7.97444e-05
1.30259e-12	7.97289e-05
1.30394e-12	7.97133e-05
1.30529e-12	7.96976e-05
1.30665e-12	7.96817e-05
1.308e-12	7.96657e-05
1.30935e-12	7.96497e-05
1.3107e-12	7.96335e-05
1.31206e-12	7.96172e-05
1.31341e-12	7.96007e-05
1.31476e-12	7.95842e-05
1.31612e-12	7.95675e-05
1.31747e-12	7.95507e-05
1.31882e-12	7.95338e-05
1.32017e-12	7.95168e-05
1.32153e-12	7.94997e-05
1.32288e-12	7.94824e-05
1.32423e-12	7.9465e-05
1.32558e-12	7.94475e-05
1.32694e-12	7.94299e-05
1.32829e-12	7.94122e-05
1.32964e-12	7.93943e-05
1.33099e-12	7.93764e-05
1.33235e-12	7.93583e-05
1.3337e-12	7.934e-05
1.33505e-12	7.93217e-05
1.3364e-12	7.93033e-05
1.33776e-12	7.92847e-05
1.33911e-12	7.9266e-05
1.34046e-12	7.92472e-05
1.34182e-12	7.92282e-05
1.34317e-12	7.92092e-05
1.34452e-12	7.919e-05
1.34587e-12	7.91707e-05
1.34723e-12	7.91513e-05
1.34858e-12	7.91317e-05
1.34993e-12	7.9112e-05
1.35128e-12	7.90922e-05
1.35264e-12	7.90723e-05
1.35399e-12	7.90523e-05
1.35534e-12	7.90321e-05
1.35669e-12	7.90118e-05
1.35805e-12	7.89914e-05
1.3594e-12	7.89709e-05
1.36075e-12	7.89502e-05
1.3621e-12	7.89295e-05
1.36346e-12	7.89085e-05
1.36481e-12	7.88875e-05
1.36616e-12	7.88664e-05
1.36752e-12	7.88451e-05
1.36887e-12	7.88237e-05
1.37022e-12	7.88021e-05
1.37157e-12	7.87805e-05
1.37293e-12	7.87587e-05
1.37428e-12	7.87368e-05
1.37563e-12	7.87147e-05
1.37698e-12	7.86926e-05
1.37834e-12	7.86703e-05
1.37969e-12	7.86479e-05
1.38104e-12	7.86253e-05
1.38239e-12	7.86026e-05
1.38375e-12	7.85798e-05
1.3851e-12	7.85569e-05
1.38645e-12	7.85338e-05
1.3878e-12	7.85107e-05
1.38916e-12	7.84873e-05
1.39051e-12	7.84639e-05
1.39186e-12	7.84403e-05
1.39322e-12	7.84166e-05
1.39457e-12	7.83928e-05
1.39592e-12	7.83688e-05
1.39727e-12	7.83447e-05
1.39863e-12	7.83205e-05
1.39998e-12	7.82962e-05
1.40133e-12	7.82717e-05
1.40268e-12	7.82471e-05
1.40404e-12	7.82223e-05
1.40539e-12	7.81975e-05
1.40674e-12	7.81724e-05
1.40809e-12	7.81473e-05
1.40945e-12	7.8122e-05
1.4108e-12	7.80966e-05
1.41215e-12	7.80711e-05
1.4135e-12	7.80454e-05
1.41486e-12	7.80196e-05
1.41621e-12	7.79937e-05
1.41756e-12	7.79676e-05
1.41892e-12	7.79414e-05
1.42027e-12	7.79151e-05
1.42162e-12	7.78886e-05
1.42297e-12	7.7862e-05
1.42433e-12	7.78353e-05
1.42568e-12	7.78084e-05
1.42703e-12	7.77814e-05
1.42838e-12	7.77543e-05
1.42974e-12	7.7727e-05
1.43109e-12	7.76996e-05
1.43244e-12	7.76721e-05
1.43379e-12	7.76444e-05
1.43515e-12	7.76166e-05
1.4365e-12	7.75886e-05
1.43785e-12	7.75605e-05
1.4392e-12	7.75323e-05
1.44056e-12	7.7504e-05
1.44191e-12	7.74755e-05
1.44326e-12	7.74468e-05
1.44462e-12	7.74181e-05
1.44597e-12	7.73892e-05
1.44732e-12	7.73601e-05
1.44867e-12	7.73309e-05
1.45003e-12	7.73016e-05
1.45138e-12	7.72721e-05
1.45273e-12	7.72425e-05
1.45408e-12	7.72128e-05
1.45544e-12	7.71829e-05
1.45679e-12	7.71529e-05
1.45814e-12	7.71227e-05
1.45949e-12	7.70924e-05
1.46085e-12	7.7062e-05
1.4622e-12	7.70314e-05
1.46355e-12	7.70007e-05
1.4649e-12	7.69698e-05
1.46626e-12	7.69388e-05
1.46761e-12	7.69077e-05
1.46896e-12	7.68764e-05
1.47032e-12	7.6845e-05
1.47167e-12	7.68134e-05
1.47302e-12	7.67817e-05
1.47437e-12	7.67498e-05
1.47573e-12	7.67178e-05
1.47708e-12	7.66857e-05
1.47843e-12	7.66534e-05
1.47978e-12	7.6621e-05
1.48114e-12	7.65884e-05
1.48249e-12	7.65557e-05
1.48384e-12	7.65229e-05
1.48519e-12	7.64899e-05
1.48655e-12	7.64567e-05
1.4879e-12	7.64234e-05
1.48925e-12	7.639e-05
1.49061e-12	7.63564e-05
1.49196e-12	7.63227e-05
1.49331e-12	7.62888e-05
1.49466e-12	7.62548e-05
1.49602e-12	7.62207e-05
1.49737e-12	7.61864e-05
1.49872e-12	7.61519e-05
1.50007e-12	7.61173e-05
1.50143e-12	7.60825e-05
1.50278e-12	7.60477e-05
1.50413e-12	7.60126e-05
1.50548e-12	7.59774e-05
1.50684e-12	7.59421e-05
1.50819e-12	7.59066e-05
1.50954e-12	7.5871e-05
1.51089e-12	7.58352e-05
1.51225e-12	7.57993e-05
1.5136e-12	7.57632e-05
1.51495e-12	7.57269e-05
1.51631e-12	7.56906e-05
1.51766e-12	7.5654e-05
1.51901e-12	7.56174e-05
1.52036e-12	7.55805e-05
1.52172e-12	7.55435e-05
1.52307e-12	7.55064e-05
1.52442e-12	7.54691e-05
1.52577e-12	7.54317e-05
1.52713e-12	7.53941e-05
1.52848e-12	7.53564e-05
1.52983e-12	7.53185e-05
1.53118e-12	7.52805e-05
1.53254e-12	7.52423e-05
1.53389e-12	7.52039e-05
1.53524e-12	7.51654e-05
1.53659e-12	7.51268e-05
1.53795e-12	7.5088e-05
1.5393e-12	7.5049e-05
1.54065e-12	7.50099e-05
1.54201e-12	7.49706e-05
1.54336e-12	7.49312e-05
1.54471e-12	7.48916e-05
1.54606e-12	7.48519e-05
1.54742e-12	7.4812e-05
1.54877e-12	7.4772e-05
1.55012e-12	7.47318e-05
1.55147e-12	7.46914e-05
1.55283e-12	7.46509e-05
1.55418e-12	7.46103e-05
1.55553e-12	7.45695e-05
1.55688e-12	7.45285e-05
1.55824e-12	7.44873e-05
1.55959e-12	7.44461e-05
1.56094e-12	7.44046e-05
1.56229e-12	7.4363e-05
1.56365e-12	7.43212e-05
1.565e-12	7.42793e-05
1.56635e-12	7.42372e-05
1.56771e-12	7.4195e-05
1.56906e-12	7.41526e-05
1.57041e-12	7.41101e-05
1.57176e-12	7.40673e-05
1.57312e-12	7.40245e-05
1.57447e-12	7.39814e-05
1.57582e-12	7.39382e-05
1.57717e-12	7.38949e-05
1.57853e-12	7.38514e-05
1.57988e-12	7.38077e-05
1.58123e-12	7.37639e-05
1.58258e-12	7.37199e-05
1.58394e-12	7.36757e-05
1.58529e-12	7.36314e-05
1.58664e-12	7.35869e-05
1.58799e-12	7.35422e-05
1.58935e-12	7.34974e-05
1.5907e-12	7.34525e-05
1.59205e-12	7.34073e-05
1.59341e-12	7.3362e-05
1.59476e-12	7.33166e-05
1.59611e-12	7.32709e-05
1.59746e-12	7.32252e-05
1.59882e-12	7.31792e-05
1.60017e-12	7.31331e-05
1.60152e-12	7.30868e-05
1.60287e-12	7.30403e-05
1.60423e-12	7.29937e-05
1.60558e-12	7.2947e-05
1.60693e-12	7.29e-05
1.60828e-12	7.28529e-05
1.60964e-12	7.28056e-05
1.61099e-12	7.27582e-05
1.61234e-12	7.27106e-05
1.61369e-12	7.26628e-05
1.61505e-12	7.26148e-05
1.6164e-12	7.25667e-05
1.61775e-12	7.25185e-05
1.61911e-12	7.247e-05
1.62046e-12	7.24214e-05
1.62181e-12	7.23726e-05
1.62316e-12	7.23236e-05
1.62452e-12	7.22745e-05
1.62587e-12	7.22252e-05
1.62722e-12	7.21758e-05
1.62857e-12	7.21261e-05
1.62993e-12	7.20763e-05
1.63128e-12	7.20264e-05
1.63263e-12	7.19762e-05
1.63398e-12	7.19259e-05
1.63534e-12	7.18754e-05
1.63669e-12	7.18247e-05
1.63804e-12	7.17739e-05
1.6394e-12	7.17229e-05
1.64075e-12	7.16717e-05
1.6421e-12	7.16204e-05
1.64345e-12	7.15689e-05
1.64481e-12	7.15172e-05
1.64616e-12	7.14653e-05
1.64751e-12	7.14133e-05
1.64886e-12	7.13611e-05
1.65022e-12	7.13087e-05
1.65157e-12	7.12561e-05
1.65292e-12	7.12034e-05
1.65427e-12	7.11505e-05
1.65563e-12	7.10974e-05
1.65698e-12	7.10441e-05
1.65833e-12	7.09907e-05
1.65968e-12	7.09371e-05
1.66104e-12	7.08833e-05
1.66239e-12	7.08293e-05
1.66374e-12	7.07752e-05
1.6651e-12	7.07209e-05
1.66645e-12	7.06664e-05
1.6678e-12	7.06117e-05
1.66915e-12	7.05568e-05
1.67051e-12	7.05018e-05
1.67186e-12	7.04466e-05
1.67321e-12	7.03912e-05
1.67456e-12	7.03356e-05
1.67592e-12	7.02799e-05
1.67727e-12	7.0224e-05
1.67862e-12	7.01679e-05
1.67997e-12	7.01116e-05
1.68133e-12	7.00551e-05
1.68268e-12	6.99985e-05
1.68403e-12	6.99417e-05
1.68538e-12	6.98846e-05
1.68674e-12	6.98275e-05
1.68809e-12	6.97701e-05
1.68944e-12	6.97125e-05
1.6908e-12	6.96548e-05
1.69215e-12	6.95969e-05
1.6935e-12	6.95388e-05
1.69485e-12	6.94805e-05
1.69621e-12	6.94221e-05
1.69756e-12	6.93634e-05
1.69891e-12	6.93046e-05
1.70026e-12	6.92456e-05
1.70162e-12	6.91864e-05
1.70297e-12	6.9127e-05
1.70432e-12	6.90674e-05
1.70567e-12	6.90077e-05
1.70703e-12	6.89477e-05
1.70838e-12	6.88876e-05
1.70973e-12	6.88273e-05
1.71108e-12	6.87668e-05
1.71244e-12	6.87061e-05
1.71379e-12	6.86452e-05
1.71514e-12	6.85842e-05
1.7165e-12	6.85229e-05
1.71785e-12	6.84615e-05
1.7192e-12	6.83999e-05
1.72055e-12	6.83381e-05
1.72191e-12	6.82761e-05
1.72326e-12	6.82139e-05
1.72461e-12	6.81515e-05
1.72596e-12	6.8089e-05
1.72732e-12	6.80262e-05
1.72867e-12	6.79633e-05
1.73002e-12	6.79002e-05
1.73137e-12	6.78368e-05
1.73273e-12	6.77733e-05
1.73408e-12	6.77096e-05
1.73543e-12	6.76457e-05
1.73678e-12	6.75816e-05
1.73814e-12	6.75174e-05
1.73949e-12	6.74529e-05
1.74084e-12	6.73882e-05
1.7422e-12	6.73234e-05
1.74355e-12	6.72583e-05
1.7449e-12	6.71931e-05
1.74625e-12	6.71277e-05
1.74761e-12	6.7062e-05
1.74896e-12	6.69962e-05
1.75031e-12	6.69302e-05
1.75166e-12	6.6864e-05
1.75302e-12	6.67976e-05
1.75437e-12	6.6731e-05
1.75572e-12	6.66642e-05
1.75707e-12	6.65972e-05
1.75843e-12	6.653e-05
1.75978e-12	6.64626e-05
1.76113e-12	6.6395e-05
1.76248e-12	6.63273e-05
1.76384e-12	6.62593e-05
1.76519e-12	6.61911e-05
1.76654e-12	6.61228e-05
1.7679e-12	6.60542e-05
1.76925e-12	6.59854e-05
1.7706e-12	6.59165e-05
1.77195e-12	6.58473e-05
1.77331e-12	6.57779e-05
1.77466e-12	6.57084e-05
1.77601e-12	6.56386e-05
1.77736e-12	6.55687e-05
1.77872e-12	6.54985e-05
1.78007e-12	6.54281e-05
1.78142e-12	6.53576e-05
1.78277e-12	6.52868e-05
1.78413e-12	6.52158e-05
1.78548e-12	6.51447e-05
1.78683e-12	6.50733e-05
1.78819e-12	6.50017e-05
1.78954e-12	6.493e-05
1.79089e-12	6.4858e-05
1.79224e-12	6.47858e-05
1.7936e-12	6.47134e-05
1.79495e-12	6.46408e-05
1.7963e-12	6.4568e-05
1.79765e-12	6.44951e-05
1.79901e-12	6.44219e-05
1.80036e-12	6.43485e-05
1.80171e-12	6.42748e-05
1.80306e-12	6.4201e-05
1.80442e-12	6.4127e-05
1.80577e-12	6.40528e-05
1.80712e-12	6.39783e-05
1.80847e-12	6.39037e-05
1.80983e-12	6.38289e-05
1.81118e-12	6.37538e-05
1.81253e-12	6.36785e-05
1.81389e-12	6.36031e-05
1.81524e-12	6.35274e-05
1.81659e-12	6.34515e-05
1.81794e-12	6.33754e-05
1.8193e-12	6.32991e-05
1.82065e-12	6.32226e-05
1.822e-12	6.31459e-05
1.82335e-12	6.30689e-05
1.82471e-12	6.29918e-05
1.82606e-12	6.29144e-05
1.82741e-12	6.28369e-05
1.82876e-12	6.27591e-05
1.83012e-12	6.26811e-05
1.83147e-12	6.26029e-05
1.83282e-12	6.25245e-05
1.83417e-12	6.24459e-05
1.83553e-12	6.2367e-05
1.83688e-12	6.2288e-05
1.83823e-12	6.22087e-05
1.83959e-12	6.21292e-05
1.84094e-12	6.20495e-05
1.84229e-12	6.19696e-05
1.84364e-12	6.18895e-05
1.845e-12	6.18092e-05
1.84635e-12	6.17286e-05
1.8477e-12	6.16479e-05
1.84905e-12	6.15669e-05
1.85041e-12	6.14857e-05
1.85176e-12	6.14043e-05
1.85311e-12	6.13226e-05
1.85446e-12	6.12408e-05
1.85582e-12	6.11587e-05
1.85717e-12	6.10764e-05
1.85852e-12	6.09939e-05
1.85987e-12	6.09112e-05
1.86123e-12	6.08283e-05
1.86258e-12	6.07451e-05
1.86393e-12	6.06617e-05
1.86529e-12	6.05781e-05
1.86664e-12	6.04943e-05
1.86799e-12	6.04103e-05
1.86934e-12	6.0326e-05
1.8707e-12	6.02415e-05
1.87205e-12	6.01568e-05
1.8734e-12	6.00719e-05
1.87475e-12	5.99868e-05
1.87611e-12	5.99014e-05
1.87746e-12	5.98158e-05
1.87881e-12	5.973e-05
1.88016e-12	5.9644e-05
1.88152e-12	5.95577e-05
1.88287e-12	5.94713e-05
1.88422e-12	5.93846e-05
1.88557e-12	5.92976e-05
1.88693e-12	5.92105e-05
1.88828e-12	5.91231e-05
1.88963e-12	5.90355e-05
1.89099e-12	5.89477e-05
1.89234e-12	5.88596e-05
1.89369e-12	5.87714e-05
1.89504e-12	5.86829e-05
1.8964e-12	5.85941e-05
1.89775e-12	5.85052e-05
1.8991e-12	5.8416e-05
1.90045e-12	5.83266e-05
1.90181e-12	5.82369e-05
1.90316e-12	5.81471e-05
1.90451e-12	5.8057e-05
1.90586e-12	5.79666e-05
1.90722e-12	5.78761e-05
1.90857e-12	5.77853e-05
1.90992e-12	5.76943e-05
1.91127e-12	5.7603e-05
1.91263e-12	5.75116e-05
1.91398e-12	5.74198e-05
1.91533e-12	5.73279e-05
1.91669e-12	5.72357e-05
1.91804e-12	5.71433e-05
1.91939e-12	5.70507e-05
1.92074e-12	5.69578e-05
1.9221e-12	5.68647e-05
1.92345e-12	5.67714e-05
1.9248e-12	5.66778e-05
1.92615e-12	5.6584e-05
1.92751e-12	5.649e-05
1.92886e-12	5.63957e-05
1.93021e-12	5.63012e-05
1.93156e-12	5.62065e-05
1.93292e-12	5.61115e-05
1.93427e-12	5.60163e-05
1.93562e-12	5.59209e-05
1.93698e-12	5.58252e-05
1.93833e-12	5.57293e-05
1.93968e-12	5.56331e-05
1.94103e-12	5.55367e-05
1.94239e-12	5.54401e-05
1.94374e-12	5.53432e-05
1.94509e-12	5.52461e-05
1.94644e-12	5.51488e-05
1.9478e-12	5.50512e-05
1.94915e-12	5.49534e-05
1.9505e-12	5.48553e-05
1.95185e-12	5.4757e-05
1.95321e-12	5.46584e-05
1.95456e-12	5.45597e-05
1.95591e-12	5.44606e-05
1.95726e-12	5.43614e-05
1.95862e-12	5.42619e-05
1.95997e-12	5.41621e-05
1.96132e-12	5.40621e-05
1.96268e-12	5.39619e-05
1.96403e-12	5.38614e-05
1.96538e-12	5.37607e-05
1.96673e-12	5.36597e-05
1.96809e-12	5.35585e-05
1.96944e-12	5.3457e-05
1.97079e-12	5.33553e-05
1.97214e-12	5.32534e-05
1.9735e-12	5.31512e-05
1.97485e-12	5.30488e-05
1.9762e-12	5.29461e-05
1.97755e-12	5.28432e-05
1.97891e-12	5.274e-05
1.98026e-12	5.26366e-05
1.98161e-12	5.25329e-05
1.98296e-12	5.2429e-05
1.98432e-12	5.23248e-05
1.98567e-12	5.22204e-05
1.98702e-12	5.21157e-05
1.98838e-12	5.20108e-05
1.98973e-12	5.19057e-05
1.99108e-12	5.18003e-05
1.99243e-12	5.16946e-05
1.99379e-12	5.15887e-05
1.99514e-12	5.14825e-05
1.99649e-12	5.13761e-05
1.99784e-12	5.12694e-05
1.9992e-12	5.11625e-05
2.00055e-12	5.10554e-05
2.0019e-12	5.09479e-05
2.00325e-12	5.08403e-05
2.00461e-12	5.07323e-05
2.00596e-12	5.06241e-05
2.00731e-12	5.05157e-05
2.00866e-12	5.0407e-05
2.01002e-12	5.02981e-05
2.01137e-12	5.01889e-05
2.01272e-12	5.00794e-05
2.01408e-12	4.99697e-05
2.01543e-12	4.98597e-05
2.01678e-12	4.97495e-05
2.01813e-12	4.9639e-05
2.01949e-12	4.95283e-05
2.02084e-12	4.94173e-05
2.02219e-12	4.93061e-05
2.02354e-12	4.91945e-05
2.0249e-12	4.90828e-05
2.02625e-12	4.89707e-05
2.0276e-12	4.88585e-05
2.02895e-12	4.87459e-05
2.03031e-12	4.86331e-05
2.03166e-12	4.852e-05
2.03301e-12	4.84067e-05
2.03436e-12	4.82931e-05
2.03572e-12	4.81793e-05
2.03707e-12	4.80652e-05
2.03842e-12	4.79508e-05
2.03978e-12	4.78362e-05
2.04113e-12	4.77213e-05
2.04248e-12	4.76061e-05
2.04383e-12	4.74907e-05
2.04519e-12	4.7375e-05
2.04654e-12	4.7259e-05
2.04789e-12	4.71428e-05
2.04924e-12	4.70263e-05
2.0506e-12	4.69096e-05
2.05195e-12	4.67926e-05
2.0533e-12	4.66753e-05
2.05465e-12	4.65578e-05
2.05601e-12	4.64399e-05
2.05736e-12	4.63219e-05
2.05871e-12	4.62035e-05
2.06006e-12	4.60849e-05
2.06142e-12	4.5966e-05
2.06277e-12	4.58469e-05
2.06412e-12	4.57275e-05
2.06548e-12	4.56078e-05
2.06683e-12	4.54878e-05
2.06818e-12	4.53676e-05
2.06953e-12	4.52471e-05
2.07089e-12	4.51263e-05
2.07224e-12	4.50053e-05
2.07359e-12	4.4884e-05
2.07494e-12	4.47624e-05
2.0763e-12	4.46405e-05
2.07765e-12	4.45184e-05
2.079e-12	4.4396e-05
2.08035e-12	4.42733e-05
2.08171e-12	4.41504e-05
2.08306e-12	4.40272e-05
2.08441e-12	4.39037e-05
2.08576e-12	4.37799e-05
2.08712e-12	4.36559e-05
2.08847e-12	4.35316e-05
2.08982e-12	4.3407e-05
2.09118e-12	4.32821e-05
2.09253e-12	4.31569e-05
2.09388e-12	4.30315e-05
2.09523e-12	4.29058e-05
2.09659e-12	4.27798e-05
2.09794e-12	4.26536e-05
2.09929e-12	4.25271e-05
2.10064e-12	4.24002e-05
2.102e-12	4.22731e-05
2.10335e-12	4.21458e-05
2.1047e-12	4.20181e-05
2.10605e-12	4.18902e-05
2.10741e-12	4.1762e-05
2.10876e-12	4.16335e-05
2.11011e-12	4.15047e-05
2.11147e-12	4.13757e-05
2.11282e-12	4.12463e-05
2.11417e-12	4.11167e-05
2.11552e-12	4.09868e-05
2.11688e-12	4.08566e-05
2.11823e-12	4.07261e-05
2.11958e-12	4.05954e-05
2.12093e-12	4.04643e-05
2.12229e-12	4.0333e-05
2.12364e-12	4.02014e-05
2.12499e-12	4.00695e-05
2.12634e-12	3.99373e-05
2.1277e-12	3.98049e-05
2.12905e-12	3.96721e-05
2.1304e-12	3.95391e-05
2.13175e-12	3.94058e-05
2.13311e-12	3.92721e-05
2.13446e-12	3.91382e-05
2.13581e-12	3.9004e-05
2.13717e-12	3.88696e-05
2.13852e-12	3.87348e-05
2.13987e-12	3.85997e-05
2.14122e-12	3.84644e-05
2.14258e-12	3.83288e-05
2.14393e-12	3.81928e-05
2.14528e-12	3.80566e-05
2.14663e-12	3.79201e-05
2.14799e-12	3.77833e-05
2.14934e-12	3.76462e-05
2.15069e-12	3.75088e-05
2.15204e-12	3.73711e-05
2.1534e-12	3.72331e-05
2.15475e-12	3.70949e-05
2.1561e-12	3.69563e-05
2.15745e-12	3.68175e-05
2.15881e-12	3.66783e-05
2.16016e-12	3.65389e-05
2.16151e-12	3.63991e-05
2.16287e-12	3.62591e-05
2.16422e-12	3.61187e-05
2.16557e-12	3.59781e-05
2.16692e-12	3.58372e-05
2.16828e-12	3.56959e-05
2.16963e-12	3.55544e-05
2.17098e-12	3.54126e-05
2.17233e-12	3.52705e-05
2.17369e-12	3.5128e-05
2.17504e-12	3.49853e-05
2.17639e-12	3.48423e-05
2.17774e-12	3.4699e-05
2.1791e-12	3.45554e-05
2.18045e-12	3.44114e-05
2.1818e-12	3.42672e-05
2.18315e-12	3.41227e-05
2.18451e-12	3.39778e-05
2.18586e-12	3.38327e-05
2.18721e-12	3.36873e-05
2.18857e-12	3.35415e-05
2.18992e-12	3.33955e-05
2.19127e-12	3.32491e-05
2.19262e-12	3.31025e-05
2.19398e-12	3.29555e-05
2.19533e-12	3.28083e-05
2.19668e-12	3.26607e-05
2.19803e-12	3.25128e-05
2.19939e-12	3.23646e-05
2.20074e-12	3.22161e-05
2.20209e-12	3.20673e-05
2.20344e-12	3.19182e-05
2.2048e-12	3.17688e-05
2.20615e-12	3.16191e-05
2.2075e-12	3.14691e-05
2.20885e-12	3.13187e-05
2.21021e-12	3.11681e-05
2.21156e-12	3.10171e-05
2.21291e-12	3.08658e-05
2.21427e-12	3.07142e-05
2.21562e-12	3.05623e-05
2.21697e-12	3.04101e-05
2.21832e-12	3.02576e-05
2.21968e-12	3.01048e-05
2.22103e-12	2.99516e-05
2.22238e-12	2.97982e-05
2.22373e-12	2.96444e-05
2.22509e-12	2.94903e-05
2.22644e-12	2.93359e-05
2.22779e-12	2.91812e-05
2.22914e-12	2.90261e-05
2.2305e-12	2.88708e-05
2.23185e-12	2.87151e-05
2.2332e-12	2.85591e-05
2.23455e-12	2.84028e-05
2.23591e-12	2.82462e-05
2.23726e-12	2.80893e-05
2.23861e-12	2.7932e-05
2.23997e-12	2.77745e-05
2.24132e-12	2.76166e-05
2.24267e-12	2.74583e-05
2.24402e-12	2.72998e-05
2.24538e-12	2.7141e-05
2.24673e-12	2.69818e-05
2.24808e-12	2.68223e-05
2.24943e-12	2.66625e-05
2.25079e-12	2.65023e-05
2.25214e-12	2.63419e-05
2.25349e-12	2.61811e-05
2.25484e-12	2.602e-05
2.2562e-12	2.58585e-05
2.25755e-12	2.56968e-05
2.2589e-12	2.55347e-05
2.26026e-12	2.53723e-05
2.26161e-12	2.52096e-05
2.26296e-12	2.50465e-05
2.26431e-12	2.48831e-05
2.26567e-12	2.47194e-05
2.26702e-12	2.45554e-05
2.26837e-12	2.4391e-05
2.26972e-12	2.42263e-05
2.27108e-12	2.40613e-05
2.27243e-12	2.38959e-05
2.27378e-12	2.37302e-05
2.27513e-12	2.35642e-05
2.27649e-12	2.33979e-05
2.27784e-12	2.32312e-05
2.27919e-12	2.30642e-05
2.28054e-12	2.28969e-05
2.2819e-12	2.27292e-05
2.28325e-12	2.25612e-05
2.2846e-12	2.23929e-05
2.28596e-12	2.22242e-05
2.28731e-12	2.20552e-05
2.28866e-12	2.18859e-05
2.29001e-12	2.17162e-05
2.29137e-12	2.15462e-05
2.29272e-12	2.13759e-05
2.29407e-12	2.12052e-05
2.29542e-12	2.10342e-05
2.29678e-12	2.08628e-05
2.29813e-12	2.06912e-05
2.29948e-12	2.05191e-05
2.30083e-12	2.03468e-05
2.30219e-12	2.01741e-05
2.30354e-12	2.0001e-05
2.30489e-12	1.98277e-05
2.30624e-12	1.9654e-05
2.3076e-12	1.94799e-05
2.30895e-12	1.93055e-05
2.3103e-12	1.91308e-05
2.31166e-12	1.89557e-05
2.31301e-12	1.87803e-05
2.31436e-12	1.86045e-05
2.31571e-12	1.84284e-05
2.31707e-12	1.8252e-05
2.31842e-12	1.80752e-05
2.31977e-12	1.78981e-05
2.32112e-12	1.77206e-05
2.32248e-12	1.75428e-05
2.32383e-12	1.73646e-05
2.32518e-12	1.71861e-05
2.32653e-12	1.70072e-05
2.32789e-12	1.6828e-05
2.32924e-12	1.66485e-05
2.33059e-12	1.64686e-05
2.33194e-12	1.62883e-05
2.3333e-12	1.61077e-05
2.33465e-12	1.59268e-05
2.336e-12	1.57455e-05
2.33736e-12	1.55638e-05
2.33871e-12	1.53819e-05
2.34006e-12	1.51995e-05
2.34141e-12	1.50168e-05
2.34277e-12	1.48338e-05
2.34412e-12	1.46504e-05
2.34547e-12	1.44666e-05
2.34682e-12	1.42825e-05
2.34818e-12	1.40981e-05
2.34953e-12	1.39133e-05
2.35088e-12	1.37281e-05
2.35223e-12	1.35426e-05
2.35359e-12	1.33567e-05
2.35494e-12	1.31705e-05
2.35629e-12	1.29839e-05
2.35764e-12	1.2797e-05
2.359e-12	1.26097e-05
2.36035e-12	1.2422e-05
2.3617e-12	1.2234e-05
2.36306e-12	1.20456e-05
2.36441e-12	1.18569e-05
2.36576e-12	1.16678e-05
2.36711e-12	1.14784e-05
2.36847e-12	1.12886e-05
2.36982e-12	1.10984e-05
2.37117e-12	1.09079e-05
2.37252e-12	1.0717e-05
2.37388e-12	1.05257e-05
2.37523e-12	1.03341e-05
2.37658e-12	1.01422e-05
2.37793e-12	9.94983e-06
2.37929e-12	9.75713e-06
2.38064e-12	9.56406e-06
2.38199e-12	9.37064e-06
2.38334e-12	9.17684e-06
2.3847e-12	8.98269e-06
2.38605e-12	8.78816e-06
2.3874e-12	8.59327e-06
2.38876e-12	8.39802e-06
2.39011e-12	8.20239e-06
2.39146e-12	8.0064e-06
2.39281e-12	7.81004e-06
2.39417e-12	7.61332e-06
2.39552e-12	7.41622e-06
2.39687e-12	7.21876e-06
2.39822e-12	7.02092e-06
2.39958e-12	6.82272e-06
2.40093e-12	6.62414e-06
2.40228e-12	6.42519e-06
2.40363e-12	6.22587e-06
2.40499e-12	6.02618e-06
2.40634e-12	5.82612e-06
2.40769e-12	5.62568e-06
2.40905e-12	5.42487e-06
2.4104e-12	5.22369e-06
2.41175e-12	5.02213e-06
2.4131e-12	4.8202e-06
2.41446e-12	4.61789e-06
2.41581e-12	4.4152e-06
2.41716e-12	4.21214e-06
2.41851e-12	4.0087e-06
2.41987e-12	3.80489e-06
2.42122e-12	3.6007e-06
2.42257e-12	3.39613e-06
2.42392e-12	3.19118e-06
2.42528e-12	2.98585e-06
2.42663e-12	2.78014e-06
2.42798e-12	2.57405e-06
2.42933e-12	2.36758e-06
2.43069e-12	2.16074e-06
2.43204e-12	1.9535e-06
2.43339e-12	1.74589e-06
2.43475e-12	1.5379e-06
2.4361e-12	1.32952e-06
2.43745e-12	1.12076e-06
2.4388e-12	9.11612e-07
2.44016e-12	7.02083e-07
2.44151e-12	4.92169e-07
2.44286e-12	2.81869e-07
2.44421e-12	7.11841e-08
2.44557e-12	-1.39887e-07
2.44692e-12	-3.51345e-07
2.44827e-12	-5.6319e-07
2.44962e-12	-7.75422e-07
2.45098e-12	-9.88043e-07
2.45233e-12	-1.20105e-06
2.45368e-12	-1.41445e-06
2.45503e-12	-1.62824e-06
2.45639e-12	-1.84242e-06
2.45774e-12	-2.05698e-06
2.45909e-12	-2.27194e-06
2.46045e-12	-2.48729e-06
2.4618e-12	-2.70304e-06
2.46315e-12	-2.91917e-06
2.4645e-12	-3.1357e-06
2.46586e-12	-3.35262e-06
2.46721e-12	-3.56993e-06
2.46856e-12	-3.78764e-06
2.46991e-12	-4.00575e-06
2.47127e-12	-4.22425e-06
2.47262e-12	-4.44314e-06
2.47397e-12	-4.66243e-06
2.47532e-12	-4.88212e-06
2.47668e-12	-5.10221e-06
2.47803e-12	-5.32269e-06
2.47938e-12	-5.54357e-06
2.48073e-12	-5.76485e-06
2.48209e-12	-5.98653e-06
2.48344e-12	-6.20861e-06
2.48479e-12	-6.43108e-06
2.48615e-12	-6.65396e-06
2.4875e-12	-6.87724e-06
2.48885e-12	-7.10093e-06
2.4902e-12	-7.32501e-06
2.49156e-12	-7.5495e-06
2.49291e-12	-7.77439e-06
2.49426e-12	-7.99968e-06
2.49561e-12	-8.22538e-06
2.49697e-12	-8.45148e-06
2.49832e-12	-8.67799e-06
2.49967e-12	-8.9049e-06
2.50102e-12	-9.13222e-06
2.50238e-12	-9.35994e-06
2.50373e-12	-9.58807e-06
2.50508e-12	-9.81661e-06
2.50643e-12	-1.00456e-05
2.50779e-12	-1.02749e-05
2.50914e-12	-1.05047e-05
2.51049e-12	-1.07349e-05
2.51185e-12	-1.09654e-05
2.5132e-12	-1.11964e-05
2.51455e-12	-1.14278e-05
2.5159e-12	-1.16597e-05
2.51726e-12	-1.18919e-05
2.51861e-12	-1.21245e-05
2.51996e-12	-1.23576e-05
2.52131e-12	-1.25911e-05
2.52267e-12	-1.28249e-05
2.52402e-12	-1.30592e-05
2.52537e-12	-1.32939e-05
2.52672e-12	-1.35291e-05
2.52808e-12	-1.37646e-05
2.52943e-12	-1.40006e-05
2.53078e-12	-1.42369e-05
2.53213e-12	-1.44737e-05
2.53349e-12	-1.4711e-05
2.53484e-12	-1.49486e-05
2.53619e-12	-1.51866e-05
2.53755e-12	-1.54251e-05
2.5389e-12	-1.5664e-05
2.54025e-12	-1.59033e-05
2.5416e-12	-1.6143e-05
2.54296e-12	-1.63832e-05
2.54431e-12	-1.66238e-05
2.54566e-12	-1.68648e-05
2.54701e-12	-1.71062e-05
2.54837e-12	-1.7348e-05
2.54972e-12	-1.75903e-05
2.55107e-12	-1.7833e-05
2.55242e-12	-1.80761e-05
2.55378e-12	-1.83196e-05
2.55513e-12	-1.85636e-05
2.55648e-12	-1.8808e-05
2.55784e-12	-1.90528e-05
2.55919e-12	-1.92981e-05
2.56054e-12	-1.95438e-05
2.56189e-12	-1.97899e-05
2.56325e-12	-2.00364e-05
2.5646e-12	-2.02834e-05
2.56595e-12	-2.05308e-05
2.5673e-12	-2.07786e-05
2.56866e-12	-2.10268e-05
2.57001e-12	-2.12755e-05
2.57136e-12	-2.15247e-05
2.57271e-12	-2.17742e-05
2.57407e-12	-2.20242e-05
2.57542e-12	-2.22746e-05
2.57677e-12	-2.25255e-05
2.57812e-12	-2.27768e-05
2.57948e-12	-2.30285e-05
2.58083e-12	-2.32807e-05
2.58218e-12	-2.35333e-05
2.58354e-12	-2.37863e-05
2.58489e-12	-2.40398e-05
2.58624e-12	-2.42937e-05
2.58759e-12	-2.4548e-05
2.58895e-12	-2.48028e-05
2.5903e-12	-2.50581e-05
2.59165e-12	-2.53137e-05
2.593e-12	-2.55698e-05
2.59436e-12	-2.58264e-05
2.59571e-12	-2.60834e-05
2.59706e-12	-2.63408e-05
2.59841e-12	-2.65987e-05
2.59977e-12	-2.6857e-05
2.60112e-12	-2.71158e-05
2.60247e-12	-2.7375e-05
2.60382e-12	-2.76347e-05
2.60518e-12	-2.78948e-05
2.60653e-12	-2.81553e-05
2.60788e-12	-2.84163e-05
2.60924e-12	-2.86777e-05
2.61059e-12	-2.89396e-05
2.61194e-12	-2.9202e-05
2.61329e-12	-2.94647e-05
2.61465e-12	-2.9728e-05
2.616e-12	-2.99917e-05
2.61735e-12	-3.02558e-05
2.6187e-12	-3.05204e-05
2.62006e-12	-3.07854e-05
2.62141e-12	-3.10509e-05
2.62276e-12	-3.13168e-05
2.62411e-12	-3.15832e-05
2.62547e-12	-3.18501e-05
2.62682e-12	-3.21174e-05
2.62817e-12	-3.23851e-05
2.62952e-12	-3.26533e-05
2.63088e-12	-3.2922e-05
2.63223e-12	-3.31911e-05
2.63358e-12	-3.34607e-05
2.63494e-12	-3.37307e-05
2.63629e-12	-3.40012e-05
2.63764e-12	-3.42722e-05
2.63899e-12	-3.45436e-05
2.64035e-12	-3.48154e-05
2.6417e-12	-3.50878e-05
2.64305e-12	-3.53606e-05
2.6444e-12	-3.56338e-05
2.64576e-12	-3.59075e-05
2.64711e-12	-3.61817e-05
2.64846e-12	-3.64563e-05
2.64981e-12	-3.67314e-05
2.65117e-12	-3.7007e-05
2.65252e-12	-3.7283e-05
2.65387e-12	-3.75595e-05
2.65522e-12	-3.78365e-05
2.65658e-12	-3.81139e-05
2.65793e-12	-3.83918e-05
2.65928e-12	-3.86701e-05
2.66064e-12	-3.8949e-05
2.66199e-12	-3.92283e-05
2.66334e-12	-3.9508e-05
2.66469e-12	-3.97882e-05
2.66605e-12	-4.00689e-05
2.6674e-12	-4.03501e-05
2.66875e-12	-4.06318e-05
2.6701e-12	-4.09139e-05
2.67146e-12	-4.11964e-05
2.67281e-12	-4.14795e-05
2.67416e-12	-4.1763e-05
2.67551e-12	-4.2047e-05
2.67687e-12	-4.23315e-05
2.67822e-12	-4.26165e-05
2.67957e-12	-4.29019e-05
2.68092e-12	-4.31878e-05
2.68228e-12	-4.34742e-05
2.68363e-12	-4.3761e-05
2.68498e-12	-4.40484e-05
2.68634e-12	-4.43362e-05
2.68769e-12	-4.46245e-05
2.68904e-12	-4.49132e-05
2.69039e-12	-4.52025e-05
2.69175e-12	-4.54922e-05
2.6931e-12	-4.57824e-05
2.69445e-12	-4.60731e-05
2.6958e-12	-4.63643e-05
2.69716e-12	-4.6656e-05
2.69851e-12	-4.69481e-05
2.69986e-12	-4.72407e-05
2.70121e-12	-4.75338e-05
2.70257e-12	-4.78274e-05
2.70392e-12	-4.81215e-05
2.70527e-12	-4.84161e-05
2.70662e-12	-4.87111e-05
2.70798e-12	-4.90066e-05
2.70933e-12	-4.93027e-05
2.71068e-12	-4.95992e-05
2.71204e-12	-4.98962e-05
2.71339e-12	-5.01937e-05
2.71474e-12	-5.04917e-05
2.71609e-12	-5.07901e-05
2.71745e-12	-5.10891e-05
2.7188e-12	-5.13885e-05
2.72015e-12	-5.16885e-05
2.7215e-12	-5.19889e-05
2.72286e-12	-5.22899e-05
2.72421e-12	-5.25913e-05
2.72556e-12	-5.28932e-05
2.72691e-12	-5.31956e-05
2.72827e-12	-5.34985e-05
2.72962e-12	-5.38019e-05
2.73097e-12	-5.41059e-05
2.73233e-12	-5.44103e-05
2.73368e-12	-5.47152e-05
2.73503e-12	-5.50206e-05
2.73638e-12	-5.53265e-05
2.73774e-12	-5.56328e-05
2.73909e-12	-5.59397e-05
2.74044e-12	-5.62471e-05
2.74179e-12	-5.6555e-05
2.74315e-12	-5.68634e-05
2.7445e-12	-5.71724e-05
2.74585e-12	-5.74818e-05
2.7472e-12	-5.77917e-05
2.74856e-12	-5.81021e-05
2.74991e-12	-5.8413e-05
2.75126e-12	-5.87244e-05
2.75261e-12	-5.90364e-05
2.75397e-12	-5.93488e-05
2.75532e-12	-5.96618e-05
2.75667e-12	-5.99752e-05
2.75803e-12	-6.02892e-05
2.75938e-12	-6.06036e-05
2.76073e-12	-6.09186e-05
2.76208e-12	-6.12341e-05
2.76344e-12	-6.15501e-05
2.76479e-12	-6.18666e-05
2.76614e-12	-6.21837e-05
2.76749e-12	-6.25012e-05
2.76885e-12	-6.28192e-05
2.7702e-12	-6.31378e-05
2.77155e-12	-6.34569e-05
2.7729e-12	-6.37765e-05
2.77426e-12	-6.40966e-05
2.77561e-12	-6.44172e-05
2.77696e-12	-6.47384e-05
2.77831e-12	-6.506e-05
2.77967e-12	-6.53822e-05
2.78102e-12	-6.57049e-05
2.78237e-12	-6.60281e-05
2.78373e-12	-6.63518e-05
2.78508e-12	-6.66761e-05
2.78643e-12	-6.70009e-05
2.78778e-12	-6.73262e-05
2.78914e-12	-6.7652e-05
2.79049e-12	-6.79783e-05
2.79184e-12	-6.83052e-05
2.79319e-12	-6.86326e-05
2.79455e-12	-6.89605e-05
2.7959e-12	-6.92889e-05
2.79725e-12	-6.96179e-05
2.7986e-12	-6.99474e-05
2.79996e-12	-7.02774e-05
2.80131e-12	-7.06079e-05
2.80266e-12	-7.0939e-05
2.80401e-12	-7.12706e-05
2.80537e-12	-7.16027e-05
2.80672e-12	-7.19354e-05
2.80807e-12	-7.22686e-05
2.80943e-12	-7.26023e-05
2.81078e-12	-7.29366e-05
2.81213e-12	-7.32714e-05
2.81348e-12	-7.36067e-05
2.81484e-12	-7.39425e-05
2.81619e-12	-7.42789e-05
2.81754e-12	-7.46158e-05
2.81889e-12	-7.49533e-05
2.82025e-12	-7.52913e-05
2.8216e-12	-7.56298e-05
2.82295e-12	-7.59689e-05
2.8243e-12	-7.63085e-05
2.82566e-12	-7.66486e-05
2.82701e-12	-7.69893e-05
2.82836e-12	-7.73305e-05
2.82971e-12	-7.76723e-05
2.83107e-12	-7.80146e-05
2.83242e-12	-7.83574e-05
2.83377e-12	-7.87008e-05
2.83513e-12	-7.90447e-05
2.83648e-12	-7.93892e-05
2.83783e-12	-7.97342e-05
2.83918e-12	-8.00798e-05
2.84054e-12	-8.04259e-05
2.84189e-12	-8.07725e-05
2.84324e-12	-8.11197e-05
2.84459e-12	-8.14675e-05
2.84595e-12	-8.18158e-05
2.8473e-12	-8.21646e-05
2.84865e-12	-8.2514e-05
2.85e-12	-8.28639e-05
2.85136e-12	-8.32144e-05
2.85271e-12	-8.35655e-05
2.85406e-12	-8.3917e-05
2.85541e-12	-8.42692e-05
2.85677e-12	-8.46219e-05
2.85812e-12	-8.49751e-05
2.85947e-12	-8.53289e-05
2.86083e-12	-8.56833e-05
2.86218e-12	-8.60382e-05
2.86353e-12	-8.63937e-05
2.86488e-12	-8.67497e-05
2.86624e-12	-8.71063e-05
2.86759e-12	-8.74634e-05
2.86894e-12	-8.78211e-05
2.87029e-12	-8.81794e-05
2.87165e-12	-8.85382e-05
2.873e-12	-8.88975e-05
2.87435e-12	-8.92575e-05
2.8757e-12	-8.9618e-05
2.87706e-12	-8.9979e-05
2.87841e-12	-9.03407e-05
2.87976e-12	-9.07028e-05
2.88112e-12	-9.10656e-05
2.88247e-12	-9.14289e-05
2.88382e-12	-9.17928e-05
2.88517e-12	-9.21572e-05
2.88653e-12	-9.25222e-05
2.88788e-12	-9.28878e-05
2.88923e-12	-9.3254e-05
2.89058e-12	-9.36207e-05
2.89194e-12	-9.3988e-05
2.89329e-12	-9.43558e-05
2.89464e-12	-9.47242e-05
2.89599e-12	-9.50932e-05
2.89735e-12	-9.54628e-05
2.8987e-12	-9.58329e-05
2.90005e-12	-9.62036e-05
2.9014e-12	-9.65749e-05
2.90276e-12	-9.69468e-05
2.90411e-12	-9.73192e-05
2.90546e-12	-9.76922e-05
2.90682e-12	-9.80658e-05
2.90817e-12	-9.844e-05
2.90952e-12	-9.88147e-05
2.91087e-12	-9.919e-05
2.91223e-12	-9.95659e-05
2.91358e-12	-9.99424e-05
2.91493e-12	-0.000100319
2.91628e-12	-0.000100697
2.91764e-12	-0.000101075
2.91899e-12	-0.000101454
2.92034e-12	-0.000101833
2.92169e-12	-0.000102213
2.92305e-12	-0.000102594
2.9244e-12	-0.000102975
2.92575e-12	-0.000103357
2.9271e-12	-0.000103739
2.92846e-12	-0.000104122
2.92981e-12	-0.000104505
2.93116e-12	-0.00010489
2.93252e-12	-0.000105274
2.93387e-12	-0.000105659
2.93522e-12	-0.000106045
2.93657e-12	-0.000106432
2.93793e-12	-0.000106819
2.93928e-12	-0.000107206
2.94063e-12	-0.000107595
2.94198e-12	-0.000107983
2.94334e-12	-0.000108373
2.94469e-12	-0.000108763
2.94604e-12	-0.000109153
2.94739e-12	-0.000109544
2.94875e-12	-0.000109936
2.9501e-12	-0.000110329
2.95145e-12	-0.000110722
2.9528e-12	-0.000111115
2.95416e-12	-0.000111509
2.95551e-12	-0.000111904
2.95686e-12	-0.000112299
2.95822e-12	-0.000112695
2.95957e-12	-0.000113092
2.96092e-12	-0.000113489
2.96227e-12	-0.000113887
2.96363e-12	-0.000114285
2.96498e-12	-0.000114684
2.96633e-12	-0.000115084
2.96768e-12	-0.000115484
2.96904e-12	-0.000115885
2.97039e-12	-0.000116286
2.97174e-12	-0.000116688
2.97309e-12	-0.000117091
2.97445e-12	-0.000117494
2.9758e-12	-0.000117898
2.97715e-12	-0.000118302
2.9785e-12	-0.000118707
2.97986e-12	-0.000119113
2.98121e-12	-0.000119519
2.98256e-12	-0.000119926
2.98392e-12	-0.000120334
2.98527e-12	-0.000120742
2.98662e-12	-0.00012115
2.98797e-12	-0.00012156
2.98933e-12	-0.00012197
2.99068e-12	-0.00012238
2.99203e-12	-0.000122792
2.99338e-12	-0.000123203
2.99474e-12	-0.000123616
2.99609e-12	-0.000124029
2.99744e-12	-0.000124443
2.99879e-12	-0.000124857
3.00015e-12	-0.000125272
3.0015e-12	-0.000125687
3.00285e-12	-0.000126103
3.0042e-12	-0.00012652
3.00556e-12	-0.000126938
3.00691e-12	-0.000127356
3.00826e-12	-0.000127774
3.00962e-12	-0.000128194
3.01097e-12	-0.000128614
3.01232e-12	-0.000129034
3.01367e-12	-0.000129455
3.01503e-12	-0.000129877
3.01638e-12	-0.0001303
3.01773e-12	-0.000130723
3.01908e-12	-0.000131146
3.02044e-12	-0.000131571
3.02179e-12	-0.000131996
3.02314e-12	-0.000132421
3.02449e-12	-0.000132847
3.02585e-12	-0.000133274
3.0272e-12	-0.000133702
3.02855e-12	-0.00013413
3.02991e-12	-0.000134559
3.03126e-12	-0.000134988
3.03261e-12	-0.000135418
3.03396e-12	-0.000135849
3.03532e-12	-0.00013628
3.03667e-12	-0.000136712
3.03802e-12	-0.000137145
3.03937e-12	-0.000137578
3.04073e-12	-0.000138012
3.04208e-12	-0.000138447
3.04343e-12	-0.000138882
3.04478e-12	-0.000139318
3.04614e-12	-0.000139754
3.04749e-12	-0.000140191
3.04884e-12	-0.000140629
3.05019e-12	-0.000141067
3.05155e-12	-0.000141506
3.0529e-12	-0.000141946
3.05425e-12	-0.000142387
3.05561e-12	-0.000142828
3.05696e-12	-0.000143269
3.05831e-12	-0.000143712
3.05966e-12	-0.000144155
3.06102e-12	-0.000144598
3.06237e-12	-0.000145042
3.06372e-12	-0.000145487
3.06507e-12	-0.000145933
3.06643e-12	-0.000146379
3.06778e-12	-0.000146826
3.06913e-12	-0.000147274
3.07048e-12	-0.000147722
3.07184e-12	-0.000148171
3.07319e-12	-0.00014862
3.07454e-12	-0.00014907
3.07589e-12	-0.000149521
3.07725e-12	-0.000149973
3.0786e-12	-0.000150425
3.07995e-12	-0.000150878
3.08131e-12	-0.000151331
3.08266e-12	-0.000151786
3.08401e-12	-0.00015224
3.08536e-12	-0.000152696
3.08672e-12	-0.000153152
3.08807e-12	-0.000153609
3.08942e-12	-0.000154066
3.09077e-12	-0.000154525
3.09213e-12	-0.000154983
3.09348e-12	-0.000155443
3.09483e-12	-0.000155903
3.09618e-12	-0.000156364
3.09754e-12	-0.000156826
3.09889e-12	-0.000157288
3.10024e-12	-0.000157751
3.10159e-12	-0.000158214
3.10295e-12	-0.000158678
3.1043e-12	-0.000159143
3.10565e-12	-0.000159609
3.10701e-12	-0.000160075
3.10836e-12	-0.000160542
3.10971e-12	-0.00016101
3.11106e-12	-0.000161478
3.11242e-12	-0.000161947
3.11377e-12	-0.000162417
3.11512e-12	-0.000162887
3.11647e-12	-0.000163358
3.11783e-12	-0.00016383
3.11918e-12	-0.000164302
3.12053e-12	-0.000164775
3.12188e-12	-0.000165249
3.12324e-12	-0.000165723
3.12459e-12	-0.000166199
3.12594e-12	-0.000166674
3.12729e-12	-0.000167151
3.12865e-12	-0.000167628
3.13e-12	-0.000168106
3.13135e-12	-0.000168585
3.13271e-12	-0.000169064
3.13406e-12	-0.000169544
3.13541e-12	-0.000170025
3.13676e-12	-0.000170506
3.13812e-12	-0.000170988
3.13947e-12	-0.000171471
3.14082e-12	-0.000171954
3.14217e-12	-0.000172438
3.14353e-12	-0.000172923
3.14488e-12	-0.000173409
3.14623e-12	-0.000173895
3.14758e-12	-0.000174382
3.14894e-12	-0.00017487
3.15029e-12	-0.000175358
3.15164e-12	-0.000175847
3.15299e-12	-0.000176337
3.15435e-12	-0.000176827
3.1557e-12	-0.000177318
3.15705e-12	-0.00017781
3.15841e-12	-0.000178303
3.15976e-12	-0.000178796
3.16111e-12	-0.00017929
3.16246e-12	-0.000179785
3.16382e-12	-0.00018028
3.16517e-12	-0.000180776
3.16652e-12	-0.000181273
3.16787e-12	-0.00018177
3.16923e-12	-0.000182269
3.17058e-12	-0.000182768
3.17193e-12	-0.000183267
3.17328e-12	-0.000183768
3.17464e-12	-0.000184269
3.17599e-12	-0.000184771
3.17734e-12	-0.000185273
3.1787e-12	-0.000185776
3.18005e-12	-0.00018628
3.1814e-12	-0.000186785
3.18275e-12	-0.00018729
3.18411e-12	-0.000187797
3.18546e-12	-0.000188303
3.18681e-12	-0.000188811
3.18816e-12	-0.000189319
3.18952e-12	-0.000189828
3.19087e-12	-0.000190338
3.19222e-12	-0.000190848
3.19357e-12	-0.00019136
3.19493e-12	-0.000191872
3.19628e-12	-0.000192384
3.19763e-12	-0.000192898
3.19898e-12	-0.000193412
3.20034e-12	-0.000193926
3.20169e-12	-0.000194442
3.20304e-12	-0.000194958
3.2044e-12	-0.000195475
3.20575e-12	-0.000195993
3.2071e-12	-0.000196512
3.20845e-12	-0.000197031
3.20981e-12	-0.000197551
3.21116e-12	-0.000198071
3.21251e-12	-0.000198593
3.21386e-12	-0.000199115
3.21522e-12	-0.000199638
3.21657e-12	-0.000200162
3.21792e-12	-0.000200686
3.21927e-12	-0.000201211
3.22063e-12	-0.000201737
3.22198e-12	-0.000202264
3.22333e-12	-0.000202791
3.22468e-12	-0.000203319
3.22604e-12	-0.000203848
3.22739e-12	-0.000204377
3.22874e-12	-0.000204908
3.2301e-12	-0.000205439
3.23145e-12	-0.000205971
3.2328e-12	-0.000206503
3.23415e-12	-0.000207036
3.23551e-12	-0.000207571
3.23686e-12	-0.000208105
3.23821e-12	-0.000208641
3.23956e-12	-0.000209177
3.24092e-12	-0.000209714
3.24227e-12	-0.000210252
3.24362e-12	-0.000210791
3.24497e-12	-0.00021133
3.24633e-12	-0.00021187
3.24768e-12	-0.000212411
3.24903e-12	-0.000212953
3.25038e-12	-0.000213495
3.25174e-12	-0.000214038
3.25309e-12	-0.000214582
3.25444e-12	-0.000215127
3.2558e-12	-0.000215672
3.25715e-12	-0.000216218
3.2585e-12	-0.000216765
3.25985e-12	-0.000217313
3.26121e-12	-0.000217861
3.26256e-12	-0.000218411
3.26391e-12	-0.000218961
3.26526e-12	-0.000219511
3.26662e-12	-0.000220063
3.26797e-12	-0.000220615
3.26932e-12	-0.000221168
3.27067e-12	-0.000221722
3.27203e-12	-0.000222277
3.27338e-12	-0.000222832
3.27473e-12	-0.000223388
3.27608e-12	-0.000223945
3.27744e-12	-0.000224503
3.27879e-12	-0.000225061
3.28014e-12	-0.000225621
3.2815e-12	-0.000226181
3.28285e-12	-0.000226742
3.2842e-12	-0.000227303
3.28555e-12	-0.000227865
3.28691e-12	-0.000228429
3.28826e-12	-0.000228993
3.28961e-12	-0.000229557
3.29096e-12	-0.000230123
3.29232e-12	-0.000230689
3.29367e-12	-0.000231256
3.29502e-12	-0.000231824
3.29637e-12	-0.000232393
3.29773e-12	-0.000232962
3.29908e-12	-0.000233532
3.30043e-12	-0.000234103
3.30178e-12	-0.000234675
3.30314e-12	-0.000235248
3.30449e-12	-0.000235821
3.30584e-12	-0.000236395
3.3072e-12	-0.00023697
3.30855e-12	-0.000237546
3.3099e-12	-0.000238122
3.31125e-12	-0.0002387
3.31261e-12	-0.000239278
3.31396e-12	-0.000239857
3.31531e-12	-0.000240437
3.31666e-12	-0.000241017
3.31802e-12	-0.000241598
3.31937e-12	-0.000242181
3.32072e-12	-0.000242763
3.32207e-12	-0.000243347
3.32343e-12	-0.000243932
3.32478e-12	-0.000244517
3.32613e-12	-0.000245103
3.32749e-12	-0.00024569
3.32884e-12	-0.000246278
3.33019e-12	-0.000246866
3.33154e-12	-0.000247456
3.3329e-12	-0.000248046
3.33425e-12	-0.000248637
3.3356e-12	-0.000249229
3.33695e-12	-0.000249821
3.33831e-12	-0.000250415
3.33966e-12	-0.000251009
3.34101e-12	-0.000251604
3.34236e-12	-0.0002522
3.34372e-12	-0.000252797
3.34507e-12	-0.000253394
3.34642e-12	-0.000253992
3.34777e-12	-0.000254591
3.34913e-12	-0.000255191
3.35048e-12	-0.000255792
3.35183e-12	-0.000256394
3.35319e-12	-0.000256996
3.35454e-12	-0.000257599
3.35589e-12	-0.000258203
3.35724e-12	-0.000258808
3.3586e-12	-0.000259414
3.35995e-12	-0.00026002
3.3613e-12	-0.000260628
3.36265e-12	-0.000261236
3.36401e-12	-0.000261845
3.36536e-12	-0.000262455
3.36671e-12	-0.000263065
3.36806e-12	-0.000263677
3.36942e-12	-0.000264289
3.37077e-12	-0.000264902
3.37212e-12	-0.000265516
3.37347e-12	-0.000266131
3.37483e-12	-0.000266747
3.37618e-12	-0.000267363
3.37753e-12	-0.000267981
3.37889e-12	-0.000268599
3.38024e-12	-0.000269218
3.38159e-12	-0.000269838
3.38294e-12	-0.000270458
3.3843e-12	-0.00027108
3.38565e-12	-0.000271702
3.387e-12	-0.000272325
3.38835e-12	-0.000272949
3.38971e-12	-0.000273574
3.39106e-12	-0.0002742
3.39241e-12	-0.000274827
3.39376e-12	-0.000275454
3.39512e-12	-0.000276082
3.39647e-12	-0.000276711
3.39782e-12	-0.000277341
3.39917e-12	-0.000277972
3.40053e-12	-0.000278604
3.40188e-12	-0.000279236
3.40323e-12	-0.00027987
3.40459e-12	-0.000280504
3.40594e-12	-0.000281139
3.40729e-12	-0.000281775
3.40864e-12	-0.000282412
3.41e-12	-0.000283049
3.41135e-12	-0.000283688
3.4127e-12	-0.000284327
3.41405e-12	-0.000284968
3.41541e-12	-0.000285609
3.41676e-12	-0.000286251
3.41811e-12	-0.000286893
3.41946e-12	-0.000287537
3.42082e-12	-0.000288182
3.42217e-12	-0.000288827
3.42352e-12	-0.000289473
3.42487e-12	-0.00029012
3.42623e-12	-0.000290768
3.42758e-12	-0.000291417
3.42893e-12	-0.000292067
3.43029e-12	-0.000292718
3.43164e-12	-0.000293369
3.43299e-12	-0.000294021
3.43434e-12	-0.000294675
3.4357e-12	-0.000295329
3.43705e-12	-0.000295984
3.4384e-12	-0.00029664
3.43975e-12	-0.000297296
3.44111e-12	-0.000297954
3.44246e-12	-0.000298612
3.44381e-12	-0.000299272
3.44516e-12	-0.000299932
3.44652e-12	-0.000300593
3.44787e-12	-0.000301255
3.44922e-12	-0.000301918
3.45057e-12	-0.000302582
3.45193e-12	-0.000303246
3.45328e-12	-0.000303912
3.45463e-12	-0.000304578
3.45599e-12	-0.000305246
3.45734e-12	-0.000305914
3.45869e-12	-0.000306583
3.46004e-12	-0.000307253
3.4614e-12	-0.000307924
3.46275e-12	-0.000308596
3.4641e-12	-0.000309268
3.46545e-12	-0.000309942
3.46681e-12	-0.000310616
3.46816e-12	-0.000311292
3.46951e-12	-0.000311968
3.47086e-12	-0.000312645
3.47222e-12	-0.000313323
3.47357e-12	-0.000314002
3.47492e-12	-0.000314682
3.47627e-12	-0.000315363
3.47763e-12	-0.000316044
3.47898e-12	-0.000316727
3.48033e-12	-0.00031741
3.48169e-12	-0.000318094
3.48304e-12	-0.00031878
3.48439e-12	-0.000319466
3.48574e-12	-0.000320153
3.4871e-12	-0.000320841
3.48845e-12	-0.00032153
3.4898e-12	-0.000322219
3.49115e-12	-0.00032291
3.49251e-12	-0.000323602
3.49386e-12	-0.000324294
3.49521e-12	-0.000324988
3.49656e-12	-0.000325682
3.49792e-12	-0.000326377
3.49927e-12	-0.000327074
3.50062e-12	-0.000327771
3.50198e-12	-0.000328469
3.50333e-12	-0.000329168
3.50468e-12	-0.000329867
3.50603e-12	-0.000330568
3.50739e-12	-0.00033127
3.50874e-12	-0.000331972
3.51009e-12	-0.000332676
3.51144e-12	-0.00033338
3.5128e-12	-0.000334086
3.51415e-12	-0.000334792
3.5155e-12	-0.000335499
3.51685e-12	-0.000336208
3.51821e-12	-0.000336917
3.51956e-12	-0.000337627
3.52091e-12	-0.000338338
3.52226e-12	-0.00033905
3.52362e-12	-0.000339762
3.52497e-12	-0.000340476
3.52632e-12	-0.000341191
3.52768e-12	-0.000341906
3.52903e-12	-0.000342623
3.53038e-12	-0.000343341
3.53173e-12	-0.000344059
3.53309e-12	-0.000344778
3.53444e-12	-0.000345499
3.53579e-12	-0.00034622
3.53714e-12	-0.000346942
3.5385e-12	-0.000347665
3.53985e-12	-0.000348389
3.5412e-12	-0.000349114
3.54255e-12	-0.00034984
3.54391e-12	-0.000350567
3.54526e-12	-0.000351295
3.54661e-12	-0.000352024
3.54796e-12	-0.000352754
3.54932e-12	-0.000353485
3.55067e-12	-0.000354216
3.55202e-12	-0.000354949
3.55338e-12	-0.000355682
3.55473e-12	-0.000356417
3.55608e-12	-0.000357152
3.55743e-12	-0.000357889
3.55879e-12	-0.000358626
3.56014e-12	-0.000359365
3.56149e-12	-0.000360104
3.56284e-12	-0.000360844
3.5642e-12	-0.000361586
3.56555e-12	-0.000362328
3.5669e-12	-0.000363071
3.56825e-12	-0.000363815
3.56961e-12	-0.00036456
3.57096e-12	-0.000365306
3.57231e-12	-0.000366053
3.57366e-12	-0.000366801
3.57502e-12	-0.00036755
3.57637e-12	-0.0003683
3.57772e-12	-0.000369051
3.57908e-12	-0.000369803
3.58043e-12	-0.000370556
3.58178e-12	-0.00037131
3.58313e-12	-0.000372064
3.58449e-12	-0.00037282
3.58584e-12	-0.000373577
3.58719e-12	-0.000374335
3.58854e-12	-0.000375093
3.5899e-12	-0.000375853
3.59125e-12	-0.000376614
3.5926e-12	-0.000377375
3.59395e-12	-0.000378138
3.59531e-12	-0.000378902
3.59666e-12	-0.000379666
3.59801e-12	-0.000380432
3.59936e-12	-0.000381198
3.60072e-12	-0.000381966
3.60207e-12	-0.000382734
3.60342e-12	-0.000383504
3.60478e-12	-0.000384274
3.60613e-12	-0.000385046
3.60748e-12	-0.000385819
3.60883e-12	-0.000386592
3.61019e-12	-0.000387366
3.61154e-12	-0.000388142
3.61289e-12	-0.000388918
3.61424e-12	-0.000389696
3.6156e-12	-0.000390474
3.61695e-12	-0.000391254
3.6183e-12	-0.000392034
3.61965e-12	-0.000392816
3.62101e-12	-0.000393598
3.62236e-12	-0.000394382
3.62371e-12	-0.000395166
3.62506e-12	-0.000395952
3.62642e-12	-0.000396738
3.62777e-12	-0.000397526
3.62912e-12	-0.000398314
3.63048e-12	-0.000399104
3.63183e-12	-0.000399894
3.63318e-12	-0.000400686
3.63453e-12	-0.000401478
3.63589e-12	-0.000402272
3.63724e-12	-0.000403067
3.63859e-12	-0.000403862
3.63994e-12	-0.000404659
3.6413e-12	-0.000405456
3.64265e-12	-0.000406255
3.644e-12	-0.000407055
3.64535e-12	-0.000407855
3.64671e-12	-0.000408657
3.64806e-12	-0.00040946
3.64941e-12	-0.000410263
3.65077e-12	-0.000411068
3.65212e-12	-0.000411874
3.65347e-12	-0.000412681
3.65482e-12	-0.000413489
3.65618e-12	-0.000414298
3.65753e-12	-0.000415107
3.65888e-12	-0.000415918
3.66023e-12	-0.00041673
3.66159e-12	-0.000417543
3.66294e-12	-0.000418357
3.66429e-12	-0.000419172
3.66564e-12	-0.000419988
3.667e-12	-0.000420806
3.66835e-12	-0.000421624
3.6697e-12	-0.000422443
3.67105e-12	-0.000423263
3.67241e-12	-0.000424084
3.67376e-12	-0.000424907
3.67511e-12	-0.00042573
3.67647e-12	-0.000426554
3.67782e-12	-0.00042738
3.67917e-12	-0.000428206
3.68052e-12	-0.000429034
3.68188e-12	-0.000429862
3.68323e-12	-0.000430692
3.68458e-12	-0.000431523
3.68593e-12	-0.000432355
3.68729e-12	-0.000433187
3.68864e-12	-0.000434021
3.68999e-12	-0.000434856
3.69134e-12	-0.000435692
3.6927e-12	-0.000436529
3.69405e-12	-0.000437367
3.6954e-12	-0.000438206
3.69675e-12	-0.000439046
3.69811e-12	-0.000439887
3.69946e-12	-0.00044073
3.70081e-12	-0.000441573
3.70217e-12	-0.000442417
3.70352e-12	-0.000443263
3.70487e-12	-0.000444109
3.70622e-12	-0.000444957
3.70758e-12	-0.000445806
3.70893e-12	-0.000446655
3.71028e-12	-0.000447506
3.71163e-12	-0.000448358
3.71299e-12	-0.000449211
3.71434e-12	-0.000450065
3.71569e-12	-0.00045092
3.71704e-12	-0.000451776
3.7184e-12	-0.000452633
3.71975e-12	-0.000453492
3.7211e-12	-0.000454351
3.72245e-12	-0.000455212
3.72381e-12	-0.000456073
3.72516e-12	-0.000456936
3.72651e-12	-0.000457799
3.72787e-12	-0.000458664
3.72922e-12	-0.00045953
3.73057e-12	-0.000460397
3.73192e-12	-0.000461265
3.73328e-12	-0.000462134
3.73463e-12	-0.000463004
3.73598e-12	-0.000463876
3.73733e-12	-0.000464748
3.73869e-12	-0.000465621
3.74004e-12	-0.000466496
3.74139e-12	-0.000467372
3.74274e-12	-0.000468248
3.7441e-12	-0.000469126
3.74545e-12	-0.000470005
3.7468e-12	-0.000470885
3.74815e-12	-0.000471766
3.74951e-12	-0.000472649
3.75086e-12	-0.000473532
3.75221e-12	-0.000474416
3.75357e-12	-0.000475302
3.75492e-12	-0.000476188
3.75627e-12	-0.000477076
3.75762e-12	-0.000477965
3.75898e-12	-0.000478855
3.76033e-12	-0.000479746
3.76168e-12	-0.000480638
3.76303e-12	-0.000481531
3.76439e-12	-0.000482426
3.76574e-12	-0.000483321
3.76709e-12	-0.000484218
3.76844e-12	-0.000485116
3.7698e-12	-0.000486014
3.77115e-12	-0.000486914
3.7725e-12	-0.000487815
3.77385e-12	-0.000488718
3.77521e-12	-0.000489621
3.77656e-12	-0.000490525
3.77791e-12	-0.000491431
3.77927e-12	-0.000492337
3.78062e-12	-0.000493245
3.78197e-12	-0.000494154
3.78332e-12	-0.000495064
3.78468e-12	-0.000495975
3.78603e-12	-0.000496887
3.78738e-12	-0.000497801
3.78873e-12	-0.000498715
3.79009e-12	-0.000499631
3.79144e-12	-0.000500548
3.79279e-12	-0.000501466
3.79414e-12	-0.000502385
3.7955e-12	-0.000503305
3.79685e-12	-0.000504226
3.7982e-12	-0.000505149
3.79956e-12	-0.000506072
3.80091e-12	-0.000506997
3.80226e-12	-0.000507923
3.80361e-12	-0.00050885
3.80497e-12	-0.000509778
3.80632e-12	-0.000510708
3.80767e-12	-0.000511638
3.80902e-12	-0.00051257
3.81038e-12	-0.000513502
3.81173e-12	-0.000514436
3.81308e-12	-0.000515371
3.81443e-12	-0.000516307
3.81579e-12	-0.000517245
3.81714e-12	-0.000518183
3.81849e-12	-0.000519123
3.81984e-12	-0.000520064
3.8212e-12	-0.000521006
3.82255e-12	-0.000521949
3.8239e-12	-0.000522893
3.82526e-12	-0.000523839
3.82661e-12	-0.000524785
3.82796e-12	-0.000525733
3.82931e-12	-0.000526682
3.83067e-12	-0.000527632
3.83202e-12	-0.000528583
3.83337e-12	-0.000529536
3.83472e-12	-0.000530489
3.83608e-12	-0.000531444
3.83743e-12	-0.0005324
3.83878e-12	-0.000533357
3.84013e-12	-0.000534315
3.84149e-12	-0.000535274
3.84284e-12	-0.000536235
3.84419e-12	-0.000537197
3.84554e-12	-0.00053816
3.8469e-12	-0.000539124
3.84825e-12	-0.000540089
3.8496e-12	-0.000541056
3.85096e-12	-0.000542023
3.85231e-12	-0.000542992
3.85366e-12	-0.000543962
3.85501e-12	-0.000544933
3.85637e-12	-0.000545906
3.85772e-12	-0.000546879
3.85907e-12	-0.000547854
3.86042e-12	-0.00054883
3.86178e-12	-0.000549807
3.86313e-12	-0.000550785
3.86448e-12	-0.000551765
3.86583e-12	-0.000552746
3.86719e-12	-0.000553727
3.86854e-12	-0.000554711
3.86989e-12	-0.000555695
3.87124e-12	-0.00055668
3.8726e-12	-0.000557667
3.87395e-12	-0.000558655
3.8753e-12	-0.000559644
3.87666e-12	-0.000560634
3.87801e-12	-0.000561626
3.87936e-12	-0.000562618
3.88071e-12	-0.000563612
3.88207e-12	-0.000564607
3.88342e-12	-0.000565603
3.88477e-12	-0.000566601
3.88612e-12	-0.0005676
3.88748e-12	-0.0005686
3.88883e-12	-0.000569601
3.89018e-12	-0.000570603
3.89153e-12	-0.000571607
3.89289e-12	-0.000572611
3.89424e-12	-0.000573617
3.89559e-12	-0.000574625
3.89694e-12	-0.000575633
3.8983e-12	-0.000576643
3.89965e-12	-0.000577653
3.901e-12	-0.000578666
3.90236e-12	-0.000579679
3.90371e-12	-0.000580693
3.90506e-12	-0.000581709
3.90641e-12	-0.000582726
3.90777e-12	-0.000583744
3.90912e-12	-0.000584764
3.91047e-12	-0.000585784
3.91182e-12	-0.000586806
3.91318e-12	-0.000587829
3.91453e-12	-0.000588854
3.91588e-12	-0.000589879
3.91723e-12	-0.000590906
3.91859e-12	-0.000591934
3.91994e-12	-0.000592963
3.92129e-12	-0.000593994
3.92264e-12	-0.000595026
3.924e-12	-0.000596059
3.92535e-12	-0.000597093
3.9267e-12	-0.000598128
3.92806e-12	-0.000599165
3.92941e-12	-0.000600203
3.93076e-12	-0.000601242
3.93211e-12	-0.000602283
3.93347e-12	-0.000603325
3.93482e-12	-0.000604368
3.93617e-12	-0.000605412
3.93752e-12	-0.000606457
3.93888e-12	-0.000607504
3.94023e-12	-0.000608552
3.94158e-12	-0.000609601
3.94293e-12	-0.000610652
3.94429e-12	-0.000611703
3.94564e-12	-0.000612757
3.94699e-12	-0.000613811
3.94835e-12	-0.000614866
3.9497e-12	-0.000615923
3.95105e-12	-0.000616981
3.9524e-12	-0.000618041
3.95376e-12	-0.000619101
3.95511e-12	-0.000620163
3.95646e-12	-0.000621226
3.95781e-12	-0.00062229
3.95917e-12	-0.000623356
3.96052e-12	-0.000624423
3.96187e-12	-0.000625491
3.96322e-12	-0.000626561
3.96458e-12	-0.000627632
3.96593e-12	-0.000628704
3.96728e-12	-0.000629777
3.96863e-12	-0.000630851
3.96999e-12	-0.000631927
3.97134e-12	-0.000633005
3.97269e-12	-0.000634083
3.97405e-12	-0.000635163
3.9754e-12	-0.000636244
3.97675e-12	-0.000637326
3.9781e-12	-0.00063841
3.97946e-12	-0.000639494
3.98081e-12	-0.000640581
3.98216e-12	-0.000641668
3.98351e-12	-0.000642757
3.98487e-12	-0.000643847
3.98622e-12	-0.000644938
3.98757e-12	-0.000646031
3.98892e-12	-0.000647125
3.99028e-12	-0.00064822
3.99163e-12	-0.000649316
3.99298e-12	-0.000650414
3.99433e-12	-0.000651513
3.99569e-12	-0.000652614
3.99704e-12	-0.000653716
3.99839e-12	-0.000654819
3.99975e-12	-0.000655923
4.0011e-12	-0.000657029
4.00245e-12	-0.000658136
4.0038e-12	-0.000659244
4.00516e-12	-0.000660353
4.00651e-12	-0.000661464
4.00786e-12	-0.000662576
4.00921e-12	-0.00066369
4.01057e-12	-0.000664805
4.01192e-12	-0.000665921
4.01327e-12	-0.000667038
4.01462e-12	-0.000668157
4.01598e-12	-0.000669277
4.01733e-12	-0.000670399
4.01868e-12	-0.000671522
4.02003e-12	-0.000672646
4.02139e-12	-0.000673771
4.02274e-12	-0.000674898
4.02409e-12	-0.000676026
4.02545e-12	-0.000677155
4.0268e-12	-0.000678286
4.02815e-12	-0.000679418
4.0295e-12	-0.000680551
4.03086e-12	-0.000681686
4.03221e-12	-0.000682822
4.03356e-12	-0.00068396
4.03491e-12	-0.000685098
4.03627e-12	-0.000686238
4.03762e-12	-0.00068738
4.03897e-12	-0.000688522
4.04032e-12	-0.000689667
4.04168e-12	-0.000690812
4.04303e-12	-0.000691959
4.04438e-12	-0.000693107
4.04573e-12	-0.000694256
4.04709e-12	-0.000695407
4.04844e-12	-0.000696559
4.04979e-12	-0.000697713
4.05115e-12	-0.000698868
4.0525e-12	-0.000700024
4.05385e-12	-0.000701182
4.0552e-12	-0.000702341
4.05656e-12	-0.000703501
4.05791e-12	-0.000704662
4.05926e-12	-0.000705825
4.06061e-12	-0.00070699
4.06197e-12	-0.000708156
4.06332e-12	-0.000709323
4.06467e-12	-0.000710491
4.06602e-12	-0.000711661
4.06738e-12	-0.000712832
4.06873e-12	-0.000714005
4.07008e-12	-0.000715179
4.07143e-12	-0.000716354
4.07279e-12	-0.000717531
4.07414e-12	-0.000718709
4.07549e-12	-0.000719888
4.07685e-12	-0.000721069
4.0782e-12	-0.000722251
4.07955e-12	-0.000723435
4.0809e-12	-0.00072462
4.08226e-12	-0.000725806
4.08361e-12	-0.000726994
4.08496e-12	-0.000728183
4.08631e-12	-0.000729373
4.08767e-12	-0.000730565
4.08902e-12	-0.000731758
4.09037e-12	-0.000732953
4.09172e-12	-0.000734149
4.09308e-12	-0.000735346
4.09443e-12	-0.000736545
4.09578e-12	-0.000737745
4.09713e-12	-0.000738947
4.09849e-12	-0.00074015
4.09984e-12	-0.000741354
4.10119e-12	-0.00074256
4.10255e-12	-0.000743767
4.1039e-12	-0.000744976
4.10525e-12	-0.000746186
4.1066e-12	-0.000747397
4.10796e-12	-0.00074861
4.10931e-12	-0.000749824
4.11066e-12	-0.00075104
4.11201e-12	-0.000752257
4.11337e-12	-0.000753476
4.11472e-12	-0.000754695
4.11607e-12	-0.000755917
4.11742e-12	-0.000757139
4.11878e-12	-0.000758363
4.12013e-12	-0.000759589
4.12148e-12	-0.000760816
4.12284e-12	-0.000762044
4.12419e-12	-0.000763274
4.12554e-12	-0.000764505
4.12689e-12	-0.000765738
4.12825e-12	-0.000766972
4.1296e-12	-0.000768207
4.13095e-12	-0.000769444
4.1323e-12	-0.000770682
4.13366e-12	-0.000771922
4.13501e-12	-0.000773163
4.13636e-12	-0.000774406
4.13771e-12	-0.00077565
4.13907e-12	-0.000776895
4.14042e-12	-0.000778142
4.14177e-12	-0.000779391
4.14312e-12	-0.00078064
4.14448e-12	-0.000781892
4.14583e-12	-0.000783144
4.14718e-12	-0.000784398
4.14854e-12	-0.000785654
4.14989e-12	-0.000786911
4.15124e-12	-0.000788169
4.15259e-12	-0.000789429
4.15395e-12	-0.00079069
4.1553e-12	-0.000791953
4.15665e-12	-0.000793217
4.158e-12	-0.000794483
4.15936e-12	-0.00079575
4.16071e-12	-0.000797019
4.16206e-12	-0.000798289
4.16341e-12	-0.00079956
4.16477e-12	-0.000800833
4.16612e-12	-0.000802108
4.16747e-12	-0.000803384
4.16882e-12	-0.000804661
4.17018e-12	-0.00080594
4.17153e-12	-0.00080722
4.17288e-12	-0.000808502
4.17424e-12	-0.000809785
4.17559e-12	-0.00081107
4.17694e-12	-0.000812356
4.17829e-12	-0.000813643
4.17965e-12	-0.000814932
4.181e-12	-0.000816223
4.18235e-12	-0.000817515
4.1837e-12	-0.000818808
4.18506e-12	-0.000820103
4.18641e-12	-0.0008214
4.18776e-12	-0.000822698
4.18911e-12	-0.000823997
4.19047e-12	-0.000825298
4.19182e-12	-0.000826601
4.19317e-12	-0.000827904
4.19452e-12	-0.00082921
4.19588e-12	-0.000830517
4.19723e-12	-0.000831825
4.19858e-12	-0.000833135
4.19994e-12	-0.000834446
4.20129e-12	-0.000835759
4.20264e-12	-0.000837073
4.20399e-12	-0.000838389
4.20535e-12	-0.000839707
4.2067e-12	-0.000841025
4.20805e-12	-0.000842346
4.2094e-12	-0.000843668
4.21076e-12	-0.000844991
4.21211e-12	-0.000846316
4.21346e-12	-0.000847642
4.21481e-12	-0.00084897
4.21617e-12	-0.000850299
4.21752e-12	-0.00085163
4.21887e-12	-0.000852962
4.22022e-12	-0.000854296
4.22158e-12	-0.000855632
4.22293e-12	-0.000856969
4.22428e-12	-0.000858307
4.22564e-12	-0.000859647
4.22699e-12	-0.000860989
4.22834e-12	-0.000862331
4.22969e-12	-0.000863676
4.23105e-12	-0.000865022
4.2324e-12	-0.00086637
4.23375e-12	-0.000867719
4.2351e-12	-0.000869069
4.23646e-12	-0.000870421
4.23781e-12	-0.000871775
4.23916e-12	-0.00087313
4.24051e-12	-0.000874487
4.24187e-12	-0.000875845
4.24322e-12	-0.000877205
4.24457e-12	-0.000878566
4.24592e-12	-0.000879929
4.24728e-12	-0.000881294
4.24863e-12	-0.00088266
4.24998e-12	-0.000884027
4.25134e-12	-0.000885396
4.25269e-12	-0.000886767
4.25404e-12	-0.000888139
4.25539e-12	-0.000889513
4.25675e-12	-0.000890888
4.2581e-12	-0.000892265
4.25945e-12	-0.000893643
4.2608e-12	-0.000895023
4.26216e-12	-0.000896404
4.26351e-12	-0.000897787
4.26486e-12	-0.000899172
4.26621e-12	-0.000900558
4.26757e-12	-0.000901946
4.26892e-12	-0.000903335
4.27027e-12	-0.000904726
4.27163e-12	-0.000906118
4.27298e-12	-0.000907512
4.27433e-12	-0.000908908
4.27568e-12	-0.000910305
4.27704e-12	-0.000911703
4.27839e-12	-0.000913103
4.27974e-12	-0.000914505
4.28109e-12	-0.000915909
4.28245e-12	-0.000917313
4.2838e-12	-0.00091872
4.28515e-12	-0.000920128
4.2865e-12	-0.000921538
4.28786e-12	-0.000922949
4.28921e-12	-0.000924362
4.29056e-12	-0.000925776
4.29191e-12	-0.000927192
4.29327e-12	-0.00092861
4.29462e-12	-0.000930029
4.29597e-12	-0.00093145
4.29733e-12	-0.000932872
4.29868e-12	-0.000934296
4.30003e-12	-0.000935721
4.30138e-12	-0.000937148
4.30274e-12	-0.000938577
4.30409e-12	-0.000940008
4.30544e-12	-0.000941439
4.30679e-12	-0.000942873
4.30815e-12	-0.000944308
4.3095e-12	-0.000945745
4.31085e-12	-0.000947183
4.3122e-12	-0.000948623
4.31356e-12	-0.000950064
4.31491e-12	-0.000951508
4.31626e-12	-0.000952952
4.31761e-12	-0.000954399
4.31897e-12	-0.000955847
4.32032e-12	-0.000957296
4.32167e-12	-0.000958747
4.32303e-12	-0.0009602
4.32438e-12	-0.000961655
4.32573e-12	-0.000963111
4.32708e-12	-0.000964568
4.32844e-12	-0.000966028
4.32979e-12	-0.000967489
4.33114e-12	-0.000968951
4.33249e-12	-0.000970415
4.33385e-12	-0.000971881
4.3352e-12	-0.000973349
4.33655e-12	-0.000974818
4.3379e-12	-0.000976288
4.33926e-12	-0.000977761
4.34061e-12	-0.000979234
4.34196e-12	-0.00098071
4.34331e-12	-0.000982187
4.34467e-12	-0.000983666
4.34602e-12	-0.000985147
4.34737e-12	-0.000986629
4.34873e-12	-0.000988113
4.35008e-12	-0.000989598
4.35143e-12	-0.000991085
4.35278e-12	-0.000992574
4.35414e-12	-0.000994064
4.35549e-12	-0.000995556
4.35684e-12	-0.00099705
4.35819e-12	-0.000998545
4.35955e-12	-0.00100004
4.3609e-12	-0.00100154
4.36225e-12	-0.00100304
4.3636e-12	-0.00100454
4.36496e-12	-0.00100605
4.36631e-12	-0.00100755
4.36766e-12	-0.00100906
4.36901e-12	-0.00101057
4.37037e-12	-0.00101208
4.37172e-12	-0.00101359
4.37307e-12	-0.0010151
4.37443e-12	-0.00101662
4.37578e-12	-0.00101814
4.37713e-12	-0.00101965
4.37848e-12	-0.00102117
4.37984e-12	-0.0010227
4.38119e-12	-0.00102422
4.38254e-12	-0.00102575
4.38389e-12	-0.00102727
4.38525e-12	-0.0010288
4.3866e-12	-0.00103033
4.38795e-12	-0.00103186
4.3893e-12	-0.0010334
4.39066e-12	-0.00103493
4.39201e-12	-0.00103647
4.39336e-12	-0.00103801
4.39471e-12	-0.00103955
4.39607e-12	-0.00104109
4.39742e-12	-0.00104264
4.39877e-12	-0.00104418
4.40013e-12	-0.00104573
4.40148e-12	-0.00104728
4.40283e-12	-0.00104883
4.40418e-12	-0.00105038
4.40554e-12	-0.00105193
4.40689e-12	-0.00105349
4.40824e-12	-0.00105505
4.40959e-12	-0.00105661
4.41095e-12	-0.00105817
4.4123e-12	-0.00105973
4.41365e-12	-0.00106129
4.415e-12	-0.00106286
4.41636e-12	-0.00106443
4.41771e-12	-0.001066
4.41906e-12	-0.00106757
4.42042e-12	-0.00106914
4.42177e-12	-0.00107072
4.42312e-12	-0.00107229
4.42447e-12	-0.00107387
4.42583e-12	-0.00107545
4.42718e-12	-0.00107703
4.42853e-12	-0.00107862
4.42988e-12	-0.0010802
4.43124e-12	-0.00108179
4.43259e-12	-0.00108338
4.43394e-12	-0.00108497
4.43529e-12	-0.00108656
4.43665e-12	-0.00108815
4.438e-12	-0.00108975
4.43935e-12	-0.00109134
4.4407e-12	-0.00109294
4.44206e-12	-0.00109454
4.44341e-12	-0.00109615
4.44476e-12	-0.00109775
4.44612e-12	-0.00109936
4.44747e-12	-0.00110096
4.44882e-12	-0.00110257
4.45017e-12	-0.00110418
4.45153e-12	-0.0011058
4.45288e-12	-0.00110741
4.45423e-12	-0.00110903
4.45558e-12	-0.00111065
4.45694e-12	-0.00111227
4.45829e-12	-0.00111389
4.45964e-12	-0.00111551
4.46099e-12	-0.00111714
4.46235e-12	-0.00111876
4.4637e-12	-0.00112039
4.46505e-12	-0.00112202
4.4664e-12	-0.00112366
4.46776e-12	-0.00112529
4.46911e-12	-0.00112693
4.47046e-12	-0.00112856
4.47182e-12	-0.0011302
4.47317e-12	-0.00113184
4.47452e-12	-0.00113349
4.47587e-12	-0.00113513
4.47723e-12	-0.00113678
4.47858e-12	-0.00113843
4.47993e-12	-0.00114008
4.48128e-12	-0.00114173
4.48264e-12	-0.00114338
4.48399e-12	-0.00114504
4.48534e-12	-0.00114669
4.48669e-12	-0.00114835
4.48805e-12	-0.00115001
4.4894e-12	-0.00115168
4.49075e-12	-0.00115334
4.4921e-12	-0.00115501
4.49346e-12	-0.00115668
4.49481e-12	-0.00115834
4.49616e-12	-0.00116002
4.49752e-12	-0.00116169
4.49887e-12	-0.00116336
4.50022e-12	-0.00116504
4.50157e-12	-0.00116672
4.50293e-12	-0.0011684
4.50428e-12	-0.00117008
4.50563e-12	-0.00117177
4.50698e-12	-0.00117345
4.50834e-12	-0.00117514
4.50969e-12	-0.00117683
4.51104e-12	-0.00117852
4.51239e-12	-0.00118022
4.51375e-12	-0.00118191
4.5151e-12	-0.00118361
4.51645e-12	-0.00118531
4.5178e-12	-0.00118701
4.51916e-12	-0.00118871
4.52051e-12	-0.00119041
4.52186e-12	-0.00119212
4.52322e-12	-0.00119383
4.52457e-12	-0.00119554
4.52592e-12	-0.00119725
4.52727e-12	-0.00119896
4.52863e-12	-0.00120068
4.52998e-12	-0.0012024
4.53133e-12	-0.00120412
4.53268e-12	-0.00120584
4.53404e-12	-0.00120756
4.53539e-12	-0.00120928
4.53674e-12	-0.00121101
4.53809e-12	-0.00121274
4.53945e-12	-0.00121447
4.5408e-12	-0.0012162
4.54215e-12	-0.00121793
4.5435e-12	-0.00121967
4.54486e-12	-0.00122141
4.54621e-12	-0.00122315
4.54756e-12	-0.00122489
4.54892e-12	-0.00122663
4.55027e-12	-0.00122838
4.55162e-12	-0.00123012
4.55297e-12	-0.00123187
4.55433e-12	-0.00123362
4.55568e-12	-0.00123537
4.55703e-12	-0.00123713
4.55838e-12	-0.00123888
4.55974e-12	-0.00124064
4.56109e-12	-0.0012424
4.56244e-12	-0.00124416
4.56379e-12	-0.00124593
4.56515e-12	-0.00124769
4.5665e-12	-0.00124946
4.56785e-12	-0.00125123
4.56921e-12	-0.001253
4.57056e-12	-0.00125477
4.57191e-12	-0.00125655
4.57326e-12	-0.00125833
4.57462e-12	-0.00126011
4.57597e-12	-0.00126189
4.57732e-12	-0.00126367
4.57867e-12	-0.00126545
4.58003e-12	-0.00126724
4.58138e-12	-0.00126903
4.58273e-12	-0.00127082
4.58408e-12	-0.00127261
4.58544e-12	-0.0012744
4.58679e-12	-0.0012762
4.58814e-12	-0.001278
4.58949e-12	-0.0012798
4.59085e-12	-0.0012816
4.5922e-12	-0.0012834
4.59355e-12	-0.00128521
4.59491e-12	-0.00128701
4.59626e-12	-0.00128882
4.59761e-12	-0.00129064
4.59896e-12	-0.00129245
4.60032e-12	-0.00129426
4.60167e-12	-0.00129608
4.60302e-12	-0.0012979
4.60437e-12	-0.00129972
4.60573e-12	-0.00130154
4.60708e-12	-0.00130337
4.60843e-12	-0.00130519
4.60978e-12	-0.00130702
4.61114e-12	-0.00130885
4.61249e-12	-0.00131069
4.61384e-12	-0.00131252
4.61519e-12	-0.00131436
4.61655e-12	-0.00131619
4.6179e-12	-0.00131803
4.61925e-12	-0.00131988
4.62061e-12	-0.00132172
4.62196e-12	-0.00132357
4.62331e-12	-0.00132541
4.62466e-12	-0.00132726
4.62602e-12	-0.00132912
4.62737e-12	-0.00133097
4.62872e-12	-0.00133283
4.63007e-12	-0.00133468
4.63143e-12	-0.00133654
4.63278e-12	-0.0013384
4.63413e-12	-0.00134027
4.63548e-12	-0.00134213
4.63684e-12	-0.001344
4.63819e-12	-0.00134587
4.63954e-12	-0.00134774
4.64089e-12	-0.00134962
4.64225e-12	-0.00135149
4.6436e-12	-0.00135337
4.64495e-12	-0.00135525
4.64631e-12	-0.00135713
4.64766e-12	-0.00135901
4.64901e-12	-0.0013609
4.65036e-12	-0.00136278
4.65172e-12	-0.00136467
4.65307e-12	-0.00136657
4.65442e-12	-0.00136846
4.65577e-12	-0.00137035
4.65713e-12	-0.00137225
4.65848e-12	-0.00137415
4.65983e-12	-0.00137605
4.66118e-12	-0.00137795
4.66254e-12	-0.00137986
4.66389e-12	-0.00138177
4.66524e-12	-0.00138368
4.66659e-12	-0.00138559
4.66795e-12	-0.0013875
4.6693e-12	-0.00138942
4.67065e-12	-0.00139133
4.67201e-12	-0.00139325
4.67336e-12	-0.00139517
4.67471e-12	-0.0013971
4.67606e-12	-0.00139902
4.67742e-12	-0.00140095
4.67877e-12	-0.00140288
4.68012e-12	-0.00140481
4.68147e-12	-0.00140674
4.68283e-12	-0.00140868
4.68418e-12	-0.00141062
4.68553e-12	-0.00141255
4.68688e-12	-0.0014145
4.68824e-12	-0.00141644
4.68959e-12	-0.00141838
4.69094e-12	-0.00142033
4.69229e-12	-0.00142228
4.69365e-12	-0.00142423
4.695e-12	-0.00142619
4.69635e-12	-0.00142814
4.69771e-12	-0.0014301
4.69906e-12	-0.00143206
4.70041e-12	-0.00143402
4.70176e-12	-0.00143598
4.70312e-12	-0.00143795
4.70447e-12	-0.00143992
4.70582e-12	-0.00144189
4.70717e-12	-0.00144386
4.70853e-12	-0.00144583
4.70988e-12	-0.00144781
4.71123e-12	-0.00144979
4.71258e-12	-0.00145177
4.71394e-12	-0.00145375
4.71529e-12	-0.00145574
4.71664e-12	-0.00145772
4.718e-12	-0.00145971
4.71935e-12	-0.0014617
4.7207e-12	-0.00146369
4.72205e-12	-0.00146569
4.72341e-12	-0.00146768
4.72476e-12	-0.00146968
4.72611e-12	-0.00147168
4.72746e-12	-0.00147369
4.72882e-12	-0.00147569
4.73017e-12	-0.0014777
4.73152e-12	-0.00147971
4.73287e-12	-0.00148172
4.73423e-12	-0.00148373
4.73558e-12	-0.00148575
4.73693e-12	-0.00148777
4.73828e-12	-0.00148978
4.73964e-12	-0.00149181
4.74099e-12	-0.00149383
4.74234e-12	-0.00149586
4.7437e-12	-0.00149788
4.74505e-12	-0.00149991
4.7464e-12	-0.00150195
4.74775e-12	-0.00150398
4.74911e-12	-0.00150602
4.75046e-12	-0.00150806
4.75181e-12	-0.0015101
4.75316e-12	-0.00151214
4.75452e-12	-0.00151418
4.75587e-12	-0.00151623
4.75722e-12	-0.00151828
4.75857e-12	-0.00152033
4.75993e-12	-0.00152238
4.76128e-12	-0.00152444
4.76263e-12	-0.0015265
4.76398e-12	-0.00152856
4.76534e-12	-0.00153062
4.76669e-12	-0.00153268
4.76804e-12	-0.00153475
4.7694e-12	-0.00153681
4.77075e-12	-0.00153889
4.7721e-12	-0.00154096
4.77345e-12	-0.00154303
4.77481e-12	-0.00154511
4.77616e-12	-0.00154719
4.77751e-12	-0.00154927
4.77886e-12	-0.00155135
4.78022e-12	-0.00155344
4.78157e-12	-0.00155552
4.78292e-12	-0.00155761
4.78427e-12	-0.0015597
4.78563e-12	-0.0015618
4.78698e-12	-0.00156389
4.78833e-12	-0.00156599
4.78968e-12	-0.00156809
4.79104e-12	-0.00157019
4.79239e-12	-0.0015723
4.79374e-12	-0.00157441
4.7951e-12	-0.00157651
4.79645e-12	-0.00157863
4.7978e-12	-0.00158074
4.79915e-12	-0.00158285
4.80051e-12	-0.00158497
4.80186e-12	-0.00158709
4.80321e-12	-0.00158921
4.80456e-12	-0.00159134
4.80592e-12	-0.00159346
4.80727e-12	-0.00159559
4.80862e-12	-0.00159772
4.80997e-12	-0.00159985
4.81133e-12	-0.00160199
4.81268e-12	-0.00160413
4.81403e-12	-0.00160627
4.81538e-12	-0.00160841
4.81674e-12	-0.00161055
4.81809e-12	-0.0016127
4.81944e-12	-0.00161484
4.8208e-12	-0.00161699
4.82215e-12	-0.00161915
4.8235e-12	-0.0016213
4.82485e-12	-0.00162346
4.82621e-12	-0.00162562
4.82756e-12	-0.00162778
4.82891e-12	-0.00162994
4.83026e-12	-0.00163211
4.83162e-12	-0.00163427
4.83297e-12	-0.00163644
4.83432e-12	-0.00163862
4.83567e-12	-0.00164079
4.83703e-12	-0.00164297
4.83838e-12	-0.00164515
4.83973e-12	-0.00164733
4.84108e-12	-0.00164951
4.84244e-12	-0.0016517
4.84379e-12	-0.00165388
4.84514e-12	-0.00165607
4.8465e-12	-0.00165827
4.84785e-12	-0.00166046
4.8492e-12	-0.00166266
4.85055e-12	-0.00166486
4.85191e-12	-0.00166706
4.85326e-12	-0.00166926
4.85461e-12	-0.00167147
4.85596e-12	-0.00167367
4.85732e-12	-0.00167588
4.85867e-12	-0.0016781
4.86002e-12	-0.00168031
4.86137e-12	-0.00168253
4.86273e-12	-0.00168475
4.86408e-12	-0.00168697
4.86543e-12	-0.00168919
4.86678e-12	-0.00169142
4.86814e-12	-0.00169364
4.86949e-12	-0.00169587
4.87084e-12	-0.00169811
4.8722e-12	-0.00170034
4.87355e-12	-0.00170258
4.8749e-12	-0.00170482
4.87625e-12	-0.00170706
4.87761e-12	-0.0017093
4.87896e-12	-0.00171155
4.88031e-12	-0.0017138
4.88166e-12	-0.00171605
4.88302e-12	-0.0017183
4.88437e-12	-0.00172056
4.88572e-12	-0.00172281
4.88707e-12	-0.00172507
4.88843e-12	-0.00172734
4.88978e-12	-0.0017296
4.89113e-12	-0.00173187
4.89249e-12	-0.00173414
4.89384e-12	-0.00173641
4.89519e-12	-0.00173868
4.89654e-12	-0.00174096
4.8979e-12	-0.00174323
4.89925e-12	-0.00174551
4.9006e-12	-0.0017478
4.90195e-12	-0.00175008
4.90331e-12	-0.00175237
4.90466e-12	-0.00175466
4.90601e-12	-0.00175695
4.90736e-12	-0.00175924
4.90872e-12	-0.00176154
4.91007e-12	-0.00176384
4.91142e-12	-0.00176614
4.91277e-12	-0.00176844
4.91413e-12	-0.00177075
4.91548e-12	-0.00177306
4.91683e-12	-0.00177537
4.91819e-12	-0.00177768
4.91954e-12	-0.00178
4.92089e-12	-0.00178231
4.92224e-12	-0.00178463
4.9236e-12	-0.00178695
4.92495e-12	-0.00178928
4.9263e-12	-0.0017916
4.92765e-12	-0.00179393
4.92901e-12	-0.00179627
4.93036e-12	-0.0017986
4.93171e-12	-0.00180093
4.93306e-12	-0.00180327
4.93442e-12	-0.00180561
4.93577e-12	-0.00180796
4.93712e-12	-0.0018103
4.93847e-12	-0.00181265
4.93983e-12	-0.001815
4.94118e-12	-0.00181735
4.94253e-12	-0.00181971
4.94389e-12	-0.00182206
4.94524e-12	-0.00182442
4.94659e-12	-0.00182678
4.94794e-12	-0.00182915
4.9493e-12	-0.00183152
4.95065e-12	-0.00183388
4.952e-12	-0.00183626
4.95335e-12	-0.00183863
4.95471e-12	-0.001841
4.95606e-12	-0.00184338
4.95741e-12	-0.00184576
4.95876e-12	-0.00184815
4.96012e-12	-0.00185053
4.96147e-12	-0.00185292
4.96282e-12	-0.00185531
4.96417e-12	-0.0018577
4.96553e-12	-0.0018601
4.96688e-12	-0.0018625
4.96823e-12	-0.00186489
4.96959e-12	-0.0018673
4.97094e-12	-0.0018697
4.97229e-12	-0.00187211
4.97364e-12	-0.00187452
4.975e-12	-0.00187693
4.97635e-12	-0.00187934
4.9777e-12	-0.00188176
4.97905e-12	-0.00188418
4.98041e-12	-0.0018866
4.98176e-12	-0.00188902
4.98311e-12	-0.00189145
4.98446e-12	-0.00189388
4.98582e-12	-0.00189631
4.98717e-12	-0.00189874
4.98852e-12	-0.00190118
4.98987e-12	-0.00190362
4.99123e-12	-0.00190606
4.99258e-12	-0.0019085
4.99393e-12	-0.00191095
4.99529e-12	-0.00191339
4.99664e-12	-0.00191584
4.99799e-12	-0.0019183
4.99934e-12	-0.00192075
5.0007e-12	-0.00192321
5.00205e-12	-0.00192567
5.0034e-12	-0.00192813
5.00475e-12	-0.0019306
5.00611e-12	-0.00193306
5.00746e-12	-0.00193553
5.00881e-12	-0.00193801
5.01016e-12	-0.00194048
5.01152e-12	-0.00194296
5.01287e-12	-0.00194544
5.01422e-12	-0.00194792
5.01557e-12	-0.0019504
5.01693e-12	-0.00195289
5.01828e-12	-0.00195538
5.01963e-12	-0.00195787
5.02099e-12	-0.00196037
5.02234e-12	-0.00196286
5.02369e-12	-0.00196536
5.02504e-12	-0.00196786
5.0264e-12	-0.00197037
5.02775e-12	-0.00197287
5.0291e-12	-0.00197538
5.03045e-12	-0.00197789
5.03181e-12	-0.00198041
5.03316e-12	-0.00198293
5.03451e-12	-0.00198544
5.03586e-12	-0.00198797
5.03722e-12	-0.00199049
5.03857e-12	-0.00199302
5.03992e-12	-0.00199555
5.04128e-12	-0.00199808
5.04263e-12	-0.00200061
5.04398e-12	-0.00200315
5.04533e-12	-0.00200569
5.04669e-12	-0.00200823
5.04804e-12	-0.00201077
5.04939e-12	-0.00201332
5.05074e-12	-0.00201587
5.0521e-12	-0.00201842
5.05345e-12	-0.00202097
5.0548e-12	-0.00202353
5.05615e-12	-0.00202609
5.05751e-12	-0.00202865
5.05886e-12	-0.00203121
5.06021e-12	-0.00203378
5.06156e-12	-0.00203635
5.06292e-12	-0.00203892
5.06427e-12	-0.00204149
5.06562e-12	-0.00204407
5.06698e-12	-0.00204665
5.06833e-12	-0.00204923
5.06968e-12	-0.00205181
5.07103e-12	-0.0020544
5.07239e-12	-0.00205699
5.07374e-12	-0.00205958
5.07509e-12	-0.00206218
5.07644e-12	-0.00206477
5.0778e-12	-0.00206737
5.07915e-12	-0.00206997
5.0805e-12	-0.00207258
5.08185e-12	-0.00207518
5.08321e-12	-0.00207779
5.08456e-12	-0.00208041
5.08591e-12	-0.00208302
5.08726e-12	-0.00208564
5.08862e-12	-0.00208826
5.08997e-12	-0.00209088
5.09132e-12	-0.0020935
5.09268e-12	-0.00209613
5.09403e-12	-0.00209876
5.09538e-12	-0.00210139
5.09673e-12	-0.00210403
5.09809e-12	-0.00210667
5.09944e-12	-0.00210931
5.10079e-12	-0.00211195
5.10214e-12	-0.00211459
5.1035e-12	-0.00211724
5.10485e-12	-0.00211989
5.1062e-12	-0.00212255
5.10755e-12	-0.0021252
5.10891e-12	-0.00212786
5.11026e-12	-0.00213052
5.11161e-12	-0.00213318
5.11296e-12	-0.00213585
5.11432e-12	-0.00213852
5.11567e-12	-0.00214119
5.11702e-12	-0.00214386
5.11838e-12	-0.00214654
5.11973e-12	-0.00214922
5.12108e-12	-0.0021519
5.12243e-12	-0.00215458
5.12379e-12	-0.00215727
5.12514e-12	-0.00215996
5.12649e-12	-0.00216265
5.12784e-12	-0.00216535
5.1292e-12	-0.00216804
5.13055e-12	-0.00217074
5.1319e-12	-0.00217345
5.13325e-12	-0.00217615
5.13461e-12	-0.00217886
5.13596e-12	-0.00218157
5.13731e-12	-0.00218428
5.13866e-12	-0.002187
5.14002e-12	-0.00218972
5.14137e-12	-0.00219244
5.14272e-12	-0.00219516
5.14408e-12	-0.00219789
5.14543e-12	-0.00220061
5.14678e-12	-0.00220335
5.14813e-12	-0.00220608
5.14949e-12	-0.00220882
5.15084e-12	-0.00221156
5.15219e-12	-0.0022143
5.15354e-12	-0.00221704
5.1549e-12	-0.00221979
5.15625e-12	-0.00222254
5.1576e-12	-0.00222529
5.15895e-12	-0.00222805
5.16031e-12	-0.0022308
5.16166e-12	-0.00223357
5.16301e-12	-0.00223633
5.16436e-12	-0.00223909
5.16572e-12	-0.00224186
5.16707e-12	-0.00224463
5.16842e-12	-0.00224741
5.16978e-12	-0.00225018
5.17113e-12	-0.00225296
5.17248e-12	-0.00225575
5.17383e-12	-0.00225853
5.17519e-12	-0.00226132
5.17654e-12	-0.00226411
5.17789e-12	-0.0022669
5.17924e-12	-0.00226969
5.1806e-12	-0.00227249
5.18195e-12	-0.00227529
5.1833e-12	-0.0022781
5.18465e-12	-0.0022809
5.18601e-12	-0.00228371
5.18736e-12	-0.00228652
5.18871e-12	-0.00228934
5.19007e-12	-0.00229215
5.19142e-12	-0.00229497
5.19277e-12	-0.00229779
5.19412e-12	-0.00230062
5.19548e-12	-0.00230345
5.19683e-12	-0.00230628
5.19818e-12	-0.00230911
5.19953e-12	-0.00231195
5.20089e-12	-0.00231478
5.20224e-12	-0.00231763
5.20359e-12	-0.00232047
5.20494e-12	-0.00232332
5.2063e-12	-0.00232617
5.20765e-12	-0.00232902
5.209e-12	-0.00233187
5.21035e-12	-0.00233473
5.21171e-12	-0.00233759
5.21306e-12	-0.00234045
5.21441e-12	-0.00234332
5.21577e-12	-0.00234619
5.21712e-12	-0.00234906
5.21847e-12	-0.00235193
5.21982e-12	-0.00235481
5.22118e-12	-0.00235769
5.22253e-12	-0.00236057
5.22388e-12	-0.00236346
5.22523e-12	-0.00236634
5.22659e-12	-0.00236923
5.22794e-12	-0.00237213
5.22929e-12	-0.00237502
5.23064e-12	-0.00237792
5.232e-12	-0.00238082
5.23335e-12	-0.00238373
5.2347e-12	-0.00238664
5.23605e-12	-0.00238954
5.23741e-12	-0.00239246
5.23876e-12	-0.00239537
5.24011e-12	-0.00239829
5.24147e-12	-0.00240121
5.24282e-12	-0.00240414
5.24417e-12	-0.00240706
5.24552e-12	-0.00240999
5.24688e-12	-0.00241292
5.24823e-12	-0.00241586
5.24958e-12	-0.0024188
5.25093e-12	-0.00242174
5.25229e-12	-0.00242468
5.25364e-12	-0.00242763
5.25499e-12	-0.00243057
5.25634e-12	-0.00243353
5.2577e-12	-0.00243648
5.25905e-12	-0.00243944
5.2604e-12	-0.0024424
5.26175e-12	-0.00244536
5.26311e-12	-0.00244833
5.26446e-12	-0.00245129
5.26581e-12	-0.00245427
5.26717e-12	-0.00245724
5.26852e-12	-0.00246022
5.26987e-12	-0.0024632
5.27122e-12	-0.00246618
5.27258e-12	-0.00246916
5.27393e-12	-0.00247215
5.27528e-12	-0.00247514
5.27663e-12	-0.00247814
5.27799e-12	-0.00248113
5.27934e-12	-0.00248413
5.28069e-12	-0.00248714
5.28204e-12	-0.00249014
5.2834e-12	-0.00249315
5.28475e-12	-0.00249616
5.2861e-12	-0.00249917
5.28745e-12	-0.00250219
5.28881e-12	-0.00250521
5.29016e-12	-0.00250823
5.29151e-12	-0.00251126
5.29287e-12	-0.00251428
5.29422e-12	-0.00251732
5.29557e-12	-0.00252035
5.29692e-12	-0.00252339
5.29828e-12	-0.00252642
5.29963e-12	-0.00252947
5.30098e-12	-0.00253251
5.30233e-12	-0.00253556
5.30369e-12	-0.00253861
5.30504e-12	-0.00254166
5.30639e-12	-0.00254472
5.30774e-12	-0.00254778
5.3091e-12	-0.00255084
5.31045e-12	-0.00255391
5.3118e-12	-0.00255698
5.31315e-12	-0.00256005
5.31451e-12	-0.00256312
5.31586e-12	-0.0025662
5.31721e-12	-0.00256928
5.31857e-12	-0.00257236
5.31992e-12	-0.00257545
5.32127e-12	-0.00257853
5.32262e-12	-0.00258163
5.32398e-12	-0.00258472
5.32533e-12	-0.00258782
5.32668e-12	-0.00259092
5.32803e-12	-0.00259402
5.32939e-12	-0.00259713
5.33074e-12	-0.00260023
5.33209e-12	-0.00260335
5.33344e-12	-0.00260646
5.3348e-12	-0.00260958
5.33615e-12	-0.0026127
5.3375e-12	-0.00261582
5.33886e-12	-0.00261895
5.34021e-12	-0.00262208
5.34156e-12	-0.00262521
5.34291e-12	-0.00262835
5.34427e-12	-0.00263148
5.34562e-12	-0.00263462
5.34697e-12	-0.00263777
5.34832e-12	-0.00264091
5.34968e-12	-0.00264406
5.35103e-12	-0.00264722
5.35238e-12	-0.00265037
5.35373e-12	-0.00265353
5.35509e-12	-0.00265669
5.35644e-12	-0.00265986
5.35779e-12	-0.00266302
5.35914e-12	-0.0026662
5.3605e-12	-0.00266937
5.36185e-12	-0.00267254
5.3632e-12	-0.00267572
5.36456e-12	-0.00267891
5.36591e-12	-0.00268209
5.36726e-12	-0.00268528
5.36861e-12	-0.00268847
5.36997e-12	-0.00269167
5.37132e-12	-0.00269486
5.37267e-12	-0.00269806
5.37402e-12	-0.00270127
5.37538e-12	-0.00270447
5.37673e-12	-0.00270768
5.37808e-12	-0.00271089
5.37943e-12	-0.00271411
5.38079e-12	-0.00271733
5.38214e-12	-0.00272055
5.38349e-12	-0.00272377
5.38484e-12	-0.002727
5.3862e-12	-0.00273023
5.38755e-12	-0.00273346
5.3889e-12	-0.0027367
5.39026e-12	-0.00273994
5.39161e-12	-0.00274318
5.39296e-12	-0.00274642
5.39431e-12	-0.00274967
5.39567e-12	-0.00275292
5.39702e-12	-0.00275618
5.39837e-12	-0.00275943
5.39972e-12	-0.00276269
5.40108e-12	-0.00276596
5.40243e-12	-0.00276922
5.40378e-12	-0.00277249
5.40513e-12	-0.00277576
5.40649e-12	-0.00277904
5.40784e-12	-0.00278232
5.40919e-12	-0.0027856
5.41054e-12	-0.00278888
5.4119e-12	-0.00279217
5.41325e-12	-0.00279546
5.4146e-12	-0.00279875
5.41596e-12	-0.00280205
5.41731e-12	-0.00280535
5.41866e-12	-0.00280865
5.42001e-12	-0.00281196
5.42137e-12	-0.00281527
5.42272e-12	-0.00281858
5.42407e-12	-0.00282189
5.42542e-12	-0.00282521
5.42678e-12	-0.00282853
5.42813e-12	-0.00283186
5.42948e-12	-0.00283518
5.43083e-12	-0.00283851
5.43219e-12	-0.00284185
5.43354e-12	-0.00284518
5.43489e-12	-0.00284852
5.43624e-12	-0.00285187
5.4376e-12	-0.00285521
5.43895e-12	-0.00285856
5.4403e-12	-0.00286191
5.44166e-12	-0.00286527
5.44301e-12	-0.00286863
5.44436e-12	-0.00287199
5.44571e-12	-0.00287535
5.44707e-12	-0.00287872
5.44842e-12	-0.00288209
5.44977e-12	-0.00288546
5.45112e-12	-0.00288884
5.45248e-12	-0.00289222
5.45383e-12	-0.0028956
5.45518e-12	-0.00289899
5.45653e-12	-0.00290238
5.45789e-12	-0.00290577
5.45924e-12	-0.00290916
5.46059e-12	-0.00291256
5.46194e-12	-0.00291596
5.4633e-12	-0.00291937
5.46465e-12	-0.00292277
5.466e-12	-0.00292619
5.46736e-12	-0.0029296
5.46871e-12	-0.00293302
5.47006e-12	-0.00293644
5.47141e-12	-0.00293986
5.47277e-12	-0.00294329
5.47412e-12	-0.00294672
5.47547e-12	-0.00295015
5.47682e-12	-0.00295358
5.47818e-12	-0.00295702
5.47953e-12	-0.00296047
5.48088e-12	-0.00296391
5.48223e-12	-0.00296736
5.48359e-12	-0.00297081
5.48494e-12	-0.00297427
5.48629e-12	-0.00297772
5.48764e-12	-0.00298118
5.489e-12	-0.00298465
5.49035e-12	-0.00298812
5.4917e-12	-0.00299159
5.49306e-12	-0.00299506
5.49441e-12	-0.00299854
5.49576e-12	-0.00300202
5.49711e-12	-0.0030055
5.49847e-12	-0.00300899
5.49982e-12	-0.00301248
5.50117e-12	-0.00301597
5.50252e-12	-0.00301947
5.50388e-12	-0.00302297
5.50523e-12	-0.00302647
5.50658e-12	-0.00302997
5.50793e-12	-0.00303348
5.50929e-12	-0.00303699
5.51064e-12	-0.00304051
5.51199e-12	-0.00304403
5.51335e-12	-0.00304755
5.5147e-12	-0.00305107
5.51605e-12	-0.0030546
5.5174e-12	-0.00305813
5.51876e-12	-0.00306167
5.52011e-12	-0.00306521
5.52146e-12	-0.00306875
5.52281e-12	-0.00307229
5.52417e-12	-0.00307584
5.52552e-12	-0.00307939
5.52687e-12	-0.00308294
5.52822e-12	-0.0030865
5.52958e-12	-0.00309006
5.53093e-12	-0.00309362
5.53228e-12	-0.00309719
5.53363e-12	-0.00310076
5.53499e-12	-0.00310433
5.53634e-12	-0.00310791
5.53769e-12	-0.00311149
5.53905e-12	-0.00311507
5.5404e-12	-0.00311866
5.54175e-12	-0.00312225
5.5431e-12	-0.00312584
5.54446e-12	-0.00312944
5.54581e-12	-0.00313304
5.54716e-12	-0.00313664
5.54851e-12	-0.00314024
5.54987e-12	-0.00314385
5.55122e-12	-0.00314747
5.55257e-12	-0.00315108
5.55392e-12	-0.0031547
5.55528e-12	-0.00315832
5.55663e-12	-0.00316195
5.55798e-12	-0.00316558
5.55933e-12	-0.00316921
5.56069e-12	-0.00317284
5.56204e-12	-0.00317648
5.56339e-12	-0.00318012
5.56475e-12	-0.00318377
5.5661e-12	-0.00318742
5.56745e-12	-0.00319107
5.5688e-12	-0.00319472
5.57016e-12	-0.00319838
5.57151e-12	-0.00320204
5.57286e-12	-0.00320571
5.57421e-12	-0.00320938
5.57557e-12	-0.00321305
5.57692e-12	-0.00321672
5.57827e-12	-0.0032204
5.57962e-12	-0.00322408
5.58098e-12	-0.00322777
5.58233e-12	-0.00323145
5.58368e-12	-0.00323515
5.58503e-12	-0.00323884
5.58639e-12	-0.00324254
5.58774e-12	-0.00324624
5.58909e-12	-0.00324994
5.59045e-12	-0.00325365
5.5918e-12	-0.00325736
5.59315e-12	-0.00326108
5.5945e-12	-0.0032648
5.59586e-12	-0.00326852
5.59721e-12	-0.00327224
5.59856e-12	-0.00327597
5.59991e-12	-0.0032797
5.60127e-12	-0.00328344
5.60262e-12	-0.00328717
5.60397e-12	-0.00329091
5.60532e-12	-0.00329466
5.60668e-12	-0.00329841
5.60803e-12	-0.00330216
5.60938e-12	-0.00330591
5.61073e-12	-0.00330967
5.61209e-12	-0.00331343
5.61344e-12	-0.0033172
5.61479e-12	-0.00332097
5.61615e-12	-0.00332474
5.6175e-12	-0.00332851
5.61885e-12	-0.00333229
5.6202e-12	-0.00333607
5.62156e-12	-0.00333986
5.62291e-12	-0.00334365
5.62426e-12	-0.00334744
5.62561e-12	-0.00335124
5.62697e-12	-0.00335503
5.62832e-12	-0.00335884
5.62967e-12	-0.00336264
5.63102e-12	-0.00336645
5.63238e-12	-0.00337026
5.63373e-12	-0.00337408
5.63508e-12	-0.0033779
5.63643e-12	-0.00338172
5.63779e-12	-0.00338555
5.63914e-12	-0.00338938
5.64049e-12	-0.00339321
5.64185e-12	-0.00339704
5.6432e-12	-0.00340088
5.64455e-12	-0.00340473
5.6459e-12	-0.00340857
5.64726e-12	-0.00341242
5.64861e-12	-0.00341628
5.64996e-12	-0.00342013
5.65131e-12	-0.00342399
5.65267e-12	-0.00342786
5.65402e-12	-0.00343173
5.65537e-12	-0.0034356
5.65672e-12	-0.00343947
5.65808e-12	-0.00344335
5.65943e-12	-0.00344723
5.66078e-12	-0.00345111
5.66214e-12	-0.003455
5.66349e-12	-0.00345889
5.66484e-12	-0.00346279
5.66619e-12	-0.00346668
5.66755e-12	-0.00347059
5.6689e-12	-0.00347449
5.67025e-12	-0.0034784
5.6716e-12	-0.00348231
5.67296e-12	-0.00348623
5.67431e-12	-0.00349015
5.67566e-12	-0.00349407
5.67701e-12	-0.00349799
5.67837e-12	-0.00350192
5.67972e-12	-0.00350586
5.68107e-12	-0.00350979
5.68242e-12	-0.00351373
5.68378e-12	-0.00351768
5.68513e-12	-0.00352162
5.68648e-12	-0.00352557
5.68784e-12	-0.00352953
5.68919e-12	-0.00353348
5.69054e-12	-0.00353745
5.69189e-12	-0.00354141
5.69325e-12	-0.00354538
5.6946e-12	-0.00354935
5.69595e-12	-0.00355332
5.6973e-12	-0.0035573
5.69866e-12	-0.00356128
5.70001e-12	-0.00356527
5.70136e-12	-0.00356926
5.70271e-12	-0.00357325
5.70407e-12	-0.00357725
5.70542e-12	-0.00358125
5.70677e-12	-0.00358525
5.70812e-12	-0.00358926
5.70948e-12	-0.00359327
5.71083e-12	-0.00359728
5.71218e-12	-0.0036013
5.71354e-12	-0.00360532
5.71489e-12	-0.00360934
5.71624e-12	-0.00361337
5.71759e-12	-0.0036174
5.71895e-12	-0.00362144
5.7203e-12	-0.00362547
5.72165e-12	-0.00362952
5.723e-12	-0.00363356
5.72436e-12	-0.00363761
5.72571e-12	-0.00364166
5.72706e-12	-0.00364572
5.72841e-12	-0.00364978
5.72977e-12	-0.00365384
5.73112e-12	-0.00365791
5.73247e-12	-0.00366198
5.73382e-12	-0.00366606
5.73518e-12	-0.00367013
5.73653e-12	-0.00367421
5.73788e-12	-0.0036783
5.73924e-12	-0.00368239
5.74059e-12	-0.00368648
5.74194e-12	-0.00369058
5.74329e-12	-0.00369467
5.74465e-12	-0.00369878
5.746e-12	-0.00370288
5.74735e-12	-0.00370699
5.7487e-12	-0.00371111
5.75006e-12	-0.00371523
5.75141e-12	-0.00371935
5.75276e-12	-0.00372347
5.75411e-12	-0.0037276
5.75547e-12	-0.00373173
5.75682e-12	-0.00373587
5.75817e-12	-0.00374
5.75952e-12	-0.00374415
5.76088e-12	-0.00374829
5.76223e-12	-0.00375244
5.76358e-12	-0.0037566
5.76494e-12	-0.00376075
5.76629e-12	-0.00376491
5.76764e-12	-0.00376908
5.76899e-12	-0.00377325
5.77035e-12	-0.00377742
5.7717e-12	-0.00378159
5.77305e-12	-0.00378577
5.7744e-12	-0.00378996
5.77576e-12	-0.00379414
5.77711e-12	-0.00379833
5.77846e-12	-0.00380252
5.77981e-12	-0.00380672
5.78117e-12	-0.00381092
5.78252e-12	-0.00381513
5.78387e-12	-0.00381934
5.78522e-12	-0.00382355
5.78658e-12	-0.00382776
5.78793e-12	-0.00383198
5.78928e-12	-0.0038362
5.79064e-12	-0.00384043
5.79199e-12	-0.00384466
5.79334e-12	-0.0038489
5.79469e-12	-0.00385313
5.79605e-12	-0.00385737
5.7974e-12	-0.00386162
5.79875e-12	-0.00386587
5.8001e-12	-0.00387012
5.80146e-12	-0.00387438
5.80281e-12	-0.00387864
5.80416e-12	-0.0038829
5.80551e-12	-0.00388717
5.80687e-12	-0.00389144
5.80822e-12	-0.00389571
5.80957e-12	-0.00389999
5.81093e-12	-0.00390427
5.81228e-12	-0.00390856
5.81363e-12	-0.00391285
5.81498e-12	-0.00391714
5.81634e-12	-0.00392144
5.81769e-12	-0.00392574
5.81904e-12	-0.00393004
5.82039e-12	-0.00393435
5.82175e-12	-0.00393866
5.8231e-12	-0.00394298
5.82445e-12	-0.0039473
5.8258e-12	-0.00395162
5.82716e-12	-0.00395595
5.82851e-12	-0.00396028
5.82986e-12	-0.00396461
5.83121e-12	-0.00396895
5.83257e-12	-0.00397329
5.83392e-12	-0.00397764
5.83527e-12	-0.00398198
5.83663e-12	-0.00398634
5.83798e-12	-0.00399069
5.83933e-12	-0.00399505
5.84068e-12	-0.00399942
5.84204e-12	-0.00400379
5.84339e-12	-0.00400816
5.84474e-12	-0.00401253
5.84609e-12	-0.00401691
5.84745e-12	-0.0040213
5.8488e-12	-0.00402568
5.85015e-12	-0.00403007
5.8515e-12	-0.00403447
5.85286e-12	-0.00403887
5.85421e-12	-0.00404327
5.85556e-12	-0.00404768
5.85691e-12	-0.00405208
5.85827e-12	-0.0040565
5.85962e-12	-0.00406092
5.86097e-12	-0.00406534
5.86233e-12	-0.00406976
5.86368e-12	-0.00407419
5.86503e-12	-0.00407862
5.86638e-12	-0.00408306
5.86774e-12	-0.0040875
5.86909e-12	-0.00409194
5.87044e-12	-0.00409639
5.87179e-12	-0.00410084
5.87315e-12	-0.0041053
5.8745e-12	-0.00410976
5.87585e-12	-0.00411422
5.8772e-12	-0.00411869
5.87856e-12	-0.00412316
5.87991e-12	-0.00412763
5.88126e-12	-0.00413211
5.88261e-12	-0.00413659
5.88397e-12	-0.00414108
5.88532e-12	-0.00414557
5.88667e-12	-0.00415006
5.88803e-12	-0.00415456
5.88938e-12	-0.00415906
5.89073e-12	-0.00416357
5.89208e-12	-0.00416808
5.89344e-12	-0.00417259
5.89479e-12	-0.00417711
5.89614e-12	-0.00418163
5.89749e-12	-0.00418615
5.89885e-12	-0.00419068
5.9002e-12	-0.00419521
5.90155e-12	-0.00419975
5.9029e-12	-0.00420429
5.90426e-12	-0.00420883
5.90561e-12	-0.00421338
5.90696e-12	-0.00421793
5.90831e-12	-0.00422249
5.90967e-12	-0.00422705
5.91102e-12	-0.00423161
5.91237e-12	-0.00423618
5.91373e-12	-0.00424075
5.91508e-12	-0.00424532
5.91643e-12	-0.0042499
5.91778e-12	-0.00425449
5.91914e-12	-0.00425907
5.92049e-12	-0.00426366
5.92184e-12	-0.00426826
5.92319e-12	-0.00427286
5.92455e-12	-0.00427746
5.9259e-12	-0.00428207
5.92725e-12	-0.00428668
5.9286e-12	-0.00429129
5.92996e-12	-0.00429591
5.93131e-12	-0.00430053
5.93266e-12	-0.00430516
5.93401e-12	-0.00430979
5.93537e-12	-0.00431442
5.93672e-12	-0.00431906
5.93807e-12	-0.0043237
5.93943e-12	-0.00432835
5.94078e-12	-0.004333
5.94213e-12	-0.00433765
5.94348e-12	-0.00434231
5.94484e-12	-0.00434697
5.94619e-12	-0.00435163
5.94754e-12	-0.0043563
5.94889e-12	-0.00436098
5.95025e-12	-0.00436566
5.9516e-12	-0.00437034
5.95295e-12	-0.00437502
5.9543e-12	-0.00437971
5.95566e-12	-0.0043844
5.95701e-12	-0.0043891
5.95836e-12	-0.0043938
5.95972e-12	-0.00439851
5.96107e-12	-0.00440322
5.96242e-12	-0.00440793
5.96377e-12	-0.00441265
5.96513e-12	-0.00441737
5.96648e-12	-0.00442209
5.96783e-12	-0.00442682
5.96918e-12	-0.00443156
5.97054e-12	-0.00443629
5.97189e-12	-0.00444104
5.97324e-12	-0.00444578
5.97459e-12	-0.00445053
5.97595e-12	-0.00445528
5.9773e-12	-0.00446004
5.97865e-12	-0.0044648
5.98e-12	-0.00446957
5.98136e-12	-0.00447434
5.98271e-12	-0.00447911
5.98406e-12	-0.00448389
5.98542e-12	-0.00448867
5.98677e-12	-0.00449345
5.98812e-12	-0.00449824
5.98947e-12	-0.00450304
5.99083e-12	-0.00450784
5.99218e-12	-0.00451264
5.99353e-12	-0.00451744
5.99488e-12	-0.00452225
5.99624e-12	-0.00452707
5.99759e-12	-0.00453188
5.99894e-12	-0.00453671
6.00029e-12	-0.00454153
6.00165e-12	-0.00454636
6.003e-12	-0.0045512
6.00435e-12	-0.00455603
6.0057e-12	-0.00456088
6.00706e-12	-0.00456572
6.00841e-12	-0.00457057
6.00976e-12	-0.00457543
6.01112e-12	-0.00458028
6.01247e-12	-0.00458515
6.01382e-12	-0.00459001
6.01517e-12	-0.00459488
6.01653e-12	-0.00459976
6.01788e-12	-0.00460464
6.01923e-12	-0.00460952
6.02058e-12	-0.00461441
6.02194e-12	-0.0046193
6.02329e-12	-0.00462419
6.02464e-12	-0.00462909
6.02599e-12	-0.004634
6.02735e-12	-0.00463891
6.0287e-12	-0.00464382
6.03005e-12	-0.00464873
6.0314e-12	-0.00465365
6.03276e-12	-0.00465858
6.03411e-12	-0.00466351
6.03546e-12	-0.00466844
6.03682e-12	-0.00467337
6.03817e-12	-0.00467831
6.03952e-12	-0.00468326
6.04087e-12	-0.00468821
6.04223e-12	-0.00469316
6.04358e-12	-0.00469812
6.04493e-12	-0.00470308
6.04628e-12	-0.00470805
6.04764e-12	-0.00471301
6.04899e-12	-0.00471799
6.05034e-12	-0.00472297
6.05169e-12	-0.00472795
6.05305e-12	-0.00473293
6.0544e-12	-0.00473792
6.05575e-12	-0.00474292
6.0571e-12	-0.00474792
6.05846e-12	-0.00475292
6.05981e-12	-0.00475793
6.06116e-12	-0.00476294
6.06252e-12	-0.00476795
6.06387e-12	-0.00477297
6.06522e-12	-0.004778
6.06657e-12	-0.00478303
6.06793e-12	-0.00478806
6.06928e-12	-0.00479309
6.07063e-12	-0.00479813
6.07198e-12	-0.00480318
6.07334e-12	-0.00480823
6.07469e-12	-0.00481328
6.07604e-12	-0.00481834
6.07739e-12	-0.0048234
6.07875e-12	-0.00482846
6.0801e-12	-0.00483353
6.08145e-12	-0.00483861
6.0828e-12	-0.00484369
6.08416e-12	-0.00484877
6.08551e-12	-0.00485386
6.08686e-12	-0.00485895
6.08822e-12	-0.00486404
6.08957e-12	-0.00486914
6.09092e-12	-0.00487425
6.09227e-12	-0.00487935
6.09363e-12	-0.00488447
6.09498e-12	-0.00488958
6.09633e-12	-0.0048947
6.09768e-12	-0.00489983
6.09904e-12	-0.00490496
6.10039e-12	-0.00491009
6.10174e-12	-0.00491523
6.10309e-12	-0.00492037
6.10445e-12	-0.00492551
6.1058e-12	-0.00493066
6.10715e-12	-0.00493582
6.1085e-12	-0.00494098
6.10986e-12	-0.00494614
6.11121e-12	-0.00495131
6.11256e-12	-0.00495648
6.11392e-12	-0.00496166
6.11527e-12	-0.00496684
6.11662e-12	-0.00497202
6.11797e-12	-0.00497721
6.11933e-12	-0.0049824
6.12068e-12	-0.0049876
6.12203e-12	-0.0049928
6.12338e-12	-0.00499801
6.12474e-12	-0.00500322
6.12609e-12	-0.00500843
6.12744e-12	-0.00501365
6.12879e-12	-0.00501887
6.13015e-12	-0.0050241
6.1315e-12	-0.00502933
6.13285e-12	-0.00503457
6.13421e-12	-0.00503981
6.13556e-12	-0.00504505
6.13691e-12	-0.0050503
6.13826e-12	-0.00505556
6.13962e-12	-0.00506081
6.14097e-12	-0.00506607
6.14232e-12	-0.00507134
6.14367e-12	-0.00507661
6.14503e-12	-0.00508189
6.14638e-12	-0.00508717
6.14773e-12	-0.00509245
6.14908e-12	-0.00509774
6.15044e-12	-0.00510303
6.15179e-12	-0.00510833
6.15314e-12	-0.00511363
6.15449e-12	-0.00511893
6.15585e-12	-0.00512424
6.1572e-12	-0.00512956
6.15855e-12	-0.00513487
6.15991e-12	-0.0051402
6.16126e-12	-0.00514552
6.16261e-12	-0.00515086
6.16396e-12	-0.00515619
6.16532e-12	-0.00516153
6.16667e-12	-0.00516688
6.16802e-12	-0.00517222
6.16937e-12	-0.00517758
6.17073e-12	-0.00518294
6.17208e-12	-0.0051883
6.17343e-12	-0.00519366
6.17478e-12	-0.00519904
6.17614e-12	-0.00520441
6.17749e-12	-0.00520979
6.17884e-12	-0.00521517
6.18019e-12	-0.00522056
6.18155e-12	-0.00522596
6.1829e-12	-0.00523135
6.18425e-12	-0.00523675
6.18561e-12	-0.00524216
6.18696e-12	-0.00524757
6.18831e-12	-0.00525299
6.18966e-12	-0.0052584
6.19102e-12	-0.00526383
6.19237e-12	-0.00526926
6.19372e-12	-0.00527469
6.19507e-12	-0.00528013
6.19643e-12	-0.00528557
6.19778e-12	-0.00529101
6.19913e-12	-0.00529646
6.20048e-12	-0.00530192
6.20184e-12	-0.00530738
6.20319e-12	-0.00531284
6.20454e-12	-0.00531831
6.20589e-12	-0.00532378
6.20725e-12	-0.00532926
6.2086e-12	-0.00533474
6.20995e-12	-0.00534023
6.21131e-12	-0.00534572
6.21266e-12	-0.00535121
6.21401e-12	-0.00535671
6.21536e-12	-0.00536221
6.21672e-12	-0.00536772
6.21807e-12	-0.00537324
6.21942e-12	-0.00537875
6.22077e-12	-0.00538427
6.22213e-12	-0.0053898
6.22348e-12	-0.00539533
6.22483e-12	-0.00540087
6.22618e-12	-0.00540641
6.22754e-12	-0.00541195
6.22889e-12	-0.0054175
6.23024e-12	-0.00542305
6.23159e-12	-0.00542861
6.23295e-12	-0.00543417
6.2343e-12	-0.00543974
6.23565e-12	-0.00544531
6.23701e-12	-0.00545088
6.23836e-12	-0.00545646
6.23971e-12	-0.00546205
6.24106e-12	-0.00546764
6.24242e-12	-0.00547323
6.24377e-12	-0.00547883
6.24512e-12	-0.00548443
6.24647e-12	-0.00549004
6.24783e-12	-0.00549565
6.24918e-12	-0.00550127
6.25053e-12	-0.00550689
6.25188e-12	-0.00551251
6.25324e-12	-0.00551814
6.25459e-12	-0.00552378
6.25594e-12	-0.00552942
6.25729e-12	-0.00553506
6.25865e-12	-0.00554071
6.26e-12	-0.00554636
6.26135e-12	-0.00555202
6.26271e-12	-0.00555768
6.26406e-12	-0.00556335
6.26541e-12	-0.00556902
6.26676e-12	-0.00557469
6.26812e-12	-0.00558037
6.26947e-12	-0.00558606
6.27082e-12	-0.00559175
6.27217e-12	-0.00559744
6.27353e-12	-0.00560314
6.27488e-12	-0.00560884
6.27623e-12	-0.00561455
6.27758e-12	-0.00562026
6.27894e-12	-0.00562598
6.28029e-12	-0.0056317
6.28164e-12	-0.00563743
6.283e-12	-0.00564316
6.28435e-12	-0.00564889
6.2857e-12	-0.00565463
6.28705e-12	-0.00566038
6.28841e-12	-0.00566613
6.28976e-12	-0.00567188
6.29111e-12	-0.00567764
6.29246e-12	-0.0056834
6.29382e-12	-0.00568917
6.29517e-12	-0.00569494
6.29652e-12	-0.00570072
6.29787e-12	-0.0057065
6.29923e-12	-0.00571229
6.30058e-12	-0.00571808
6.30193e-12	-0.00572387
6.30328e-12	-0.00572967
6.30464e-12	-0.00573548
6.30599e-12	-0.00574128
6.30734e-12	-0.0057471
6.3087e-12	-0.00575292
6.31005e-12	-0.00575874
6.3114e-12	-0.00576457
6.31275e-12	-0.0057704
6.31411e-12	-0.00577624
6.31546e-12	-0.00578208
6.31681e-12	-0.00578793
6.31816e-12	-0.00579378
6.31952e-12	-0.00579963
6.32087e-12	-0.00580549
6.32222e-12	-0.00581136
6.32357e-12	-0.00581723
6.32493e-12	-0.0058231
6.32628e-12	-0.00582898
6.32763e-12	-0.00583487
6.32898e-12	-0.00584075
6.33034e-12	-0.00584665
6.33169e-12	-0.00585255
6.33304e-12	-0.00585845
6.3344e-12	-0.00586436
6.33575e-12	-0.00587027
6.3371e-12	-0.00587618
6.33845e-12	-0.00588211
6.33981e-12	-0.00588803
6.34116e-12	-0.00589396
6.34251e-12	-0.0058999
6.34386e-12	-0.00590584
6.34522e-12	-0.00591178
6.34657e-12	-0.00591773
6.34792e-12	-0.00592369
6.34927e-12	-0.00592965
6.35063e-12	-0.00593561
6.35198e-12	-0.00594158
6.35333e-12	-0.00594755
6.35468e-12	-0.00595353
6.35604e-12	-0.00595952
6.35739e-12	-0.0059655
6.35874e-12	-0.0059715
6.3601e-12	-0.00597749
6.36145e-12	-0.0059835
6.3628e-12	-0.0059895
6.36415e-12	-0.00599551
6.36551e-12	-0.00600153
6.36686e-12	-0.00600755
6.36821e-12	-0.00601358
6.36956e-12	-0.00601961
6.37092e-12	-0.00602564
6.37227e-12	-0.00603168
6.37362e-12	-0.00603773
6.37497e-12	-0.00604378
6.37633e-12	-0.00604983
6.37768e-12	-0.00605589
6.37903e-12	-0.00606196
6.38038e-12	-0.00606803
6.38174e-12	-0.0060741
6.38309e-12	-0.00608018
6.38444e-12	-0.00608626
6.3858e-12	-0.00609235
6.38715e-12	-0.00609844
6.3885e-12	-0.00610454
6.38985e-12	-0.00611064
6.39121e-12	-0.00611675
6.39256e-12	-0.00612286
6.39391e-12	-0.00612898
6.39526e-12	-0.0061351
6.39662e-12	-0.00614123
6.39797e-12	-0.00614736
6.39932e-12	-0.0061535
6.40067e-12	-0.00615964
6.40203e-12	-0.00616578
6.40338e-12	-0.00617193
6.40473e-12	-0.00617809
6.40608e-12	-0.00618425
6.40744e-12	-0.00619041
6.40879e-12	-0.00619659
6.41014e-12	-0.00620276
6.4115e-12	-0.00620894
6.41285e-12	-0.00621512
6.4142e-12	-0.00622131
6.41555e-12	-0.00622751
6.41691e-12	-0.00623371
6.41826e-12	-0.00623991
6.41961e-12	-0.00624612
6.42096e-12	-0.00625234
6.42232e-12	-0.00625855
6.42367e-12	-0.00626478
6.42502e-12	-0.00627101
6.42637e-12	-0.00627724
6.42773e-12	-0.00628348
6.42908e-12	-0.00628972
6.43043e-12	-0.00629597
6.43179e-12	-0.00630222
6.43314e-12	-0.00630848
6.43449e-12	-0.00631474
6.43584e-12	-0.00632101
6.4372e-12	-0.00632729
6.43855e-12	-0.00633356
6.4399e-12	-0.00633985
6.44125e-12	-0.00634613
6.44261e-12	-0.00635243
6.44396e-12	-0.00635872
6.44531e-12	-0.00636503
6.44666e-12	-0.00637133
6.44802e-12	-0.00637764
6.44937e-12	-0.00638396
6.45072e-12	-0.00639028
6.45207e-12	-0.00639661
6.45343e-12	-0.00640294
6.45478e-12	-0.00640928
6.45613e-12	-0.00641562
6.45749e-12	-0.00642197
6.45884e-12	-0.00642832
6.46019e-12	-0.00643468
6.46154e-12	-0.00644104
6.4629e-12	-0.0064474
6.46425e-12	-0.00645378
6.4656e-12	-0.00646015
6.46695e-12	-0.00646653
6.46831e-12	-0.00647292
6.46966e-12	-0.00647931
6.47101e-12	-0.00648571
6.47236e-12	-0.00649211
6.47372e-12	-0.00649852
6.47507e-12	-0.00650493
6.47642e-12	-0.00651134
6.47777e-12	-0.00651777
6.47913e-12	-0.00652419
6.48048e-12	-0.00653062
6.48183e-12	-0.00653706
6.48319e-12	-0.0065435
6.48454e-12	-0.00654995
6.48589e-12	-0.0065564
6.48724e-12	-0.00656285
6.4886e-12	-0.00656932
6.48995e-12	-0.00657578
6.4913e-12	-0.00658225
6.49265e-12	-0.00658873
6.49401e-12	-0.00659521
6.49536e-12	-0.0066017
6.49671e-12	-0.00660819
6.49806e-12	-0.00661469
6.49942e-12	-0.00662119
6.50077e-12	-0.00662769
6.50212e-12	-0.00663421
6.50347e-12	-0.00664072
6.50483e-12	-0.00664724
6.50618e-12	-0.00665377
6.50753e-12	-0.0066603
6.50889e-12	-0.00666684
6.51024e-12	-0.00667338
6.51159e-12	-0.00667993
6.51294e-12	-0.00668648
6.5143e-12	-0.00669304
6.51565e-12	-0.0066996
6.517e-12	-0.00670617
6.51835e-12	-0.00671274
6.51971e-12	-0.00671932
6.52106e-12	-0.0067259
6.52241e-12	-0.00673249
6.52376e-12	-0.00673908
6.52512e-12	-0.00674568
6.52647e-12	-0.00675228
6.52782e-12	-0.00675889
6.52917e-12	-0.0067655
6.53053e-12	-0.00677212
6.53188e-12	-0.00677874
6.53323e-12	-0.00678537
6.53459e-12	-0.00679201
6.53594e-12	-0.00679864
6.53729e-12	-0.00680529
6.53864e-12	-0.00681194
6.54e-12	-0.00681859
6.54135e-12	-0.00682525
6.5427e-12	-0.00683191
6.54405e-12	-0.00683858
6.54541e-12	-0.00684526
6.54676e-12	-0.00685194
6.54811e-12	-0.00685862
6.54946e-12	-0.00686531
6.55082e-12	-0.00687201
6.55217e-12	-0.00687871
6.55352e-12	-0.00688541
6.55487e-12	-0.00689212
6.55623e-12	-0.00689884
6.55758e-12	-0.00690556
6.55893e-12	-0.00691228
6.56029e-12	-0.00691902
6.56164e-12	-0.00692575
6.56299e-12	-0.00693249
6.56434e-12	-0.00693924
6.5657e-12	-0.00694599
6.56705e-12	-0.00695275
6.5684e-12	-0.00695951
6.56975e-12	-0.00696628
6.57111e-12	-0.00697305
6.57246e-12	-0.00697983
6.57381e-12	-0.00698661
6.57516e-12	-0.0069934
6.57652e-12	-0.00700019
6.57787e-12	-0.00700699
6.57922e-12	-0.00701379
6.58058e-12	-0.0070206
6.58193e-12	-0.00702742
6.58328e-12	-0.00703424
6.58463e-12	-0.00704106
6.58599e-12	-0.00704789
6.58734e-12	-0.00705473
6.58869e-12	-0.00706157
6.59004e-12	-0.00706841
6.5914e-12	-0.00707526
6.59275e-12	-0.00708212
6.5941e-12	-0.00708898
6.59545e-12	-0.00709584
6.59681e-12	-0.00710272
6.59816e-12	-0.00710959
6.59951e-12	-0.00711648
6.60086e-12	-0.00712336
6.60222e-12	-0.00713025
6.60357e-12	-0.00713715
6.60492e-12	-0.00714406
6.60628e-12	-0.00715096
6.60763e-12	-0.00715788
6.60898e-12	-0.0071648
6.61033e-12	-0.00717172
6.61169e-12	-0.00717865
6.61304e-12	-0.00718558
6.61439e-12	-0.00719252
6.61574e-12	-0.00719947
6.6171e-12	-0.00720642
6.61845e-12	-0.00721337
6.6198e-12	-0.00722034
6.62115e-12	-0.0072273
6.62251e-12	-0.00723427
6.62386e-12	-0.00724125
6.62521e-12	-0.00724823
6.62656e-12	-0.00725522
6.62792e-12	-0.00726221
6.62927e-12	-0.00726921
6.63062e-12	-0.00727621
6.63198e-12	-0.00728322
6.63333e-12	-0.00729024
6.63468e-12	-0.00729725
6.63603e-12	-0.00730428
6.63739e-12	-0.00731131
6.63874e-12	-0.00731834
6.64009e-12	-0.00732538
6.64144e-12	-0.00733243
6.6428e-12	-0.00733948
6.64415e-12	-0.00734654
6.6455e-12	-0.0073536
6.64685e-12	-0.00736067
6.64821e-12	-0.00736774
6.64956e-12	-0.00737482
6.65091e-12	-0.0073819
6.65226e-12	-0.00738899
6.65362e-12	-0.00739608
6.65497e-12	-0.00740318
6.65632e-12	-0.00741029
6.65768e-12	-0.0074174
6.65903e-12	-0.00742451
6.66038e-12	-0.00743163
6.66173e-12	-0.00743876
6.66309e-12	-0.00744589
6.66444e-12	-0.00745303
6.66579e-12	-0.00746017
6.66714e-12	-0.00746732
6.6685e-12	-0.00747447
6.66985e-12	-0.00748163
6.6712e-12	-0.00748879
6.67255e-12	-0.00749596
6.67391e-12	-0.00750314
6.67526e-12	-0.00751032
6.67661e-12	-0.0075175
6.67796e-12	-0.00752469
6.67932e-12	-0.00753189
6.68067e-12	-0.00753909
6.68202e-12	-0.0075463
6.68338e-12	-0.00755351
6.68473e-12	-0.00756073
6.68608e-12	-0.00756795
6.68743e-12	-0.00757518
6.68879e-12	-0.00758241
6.69014e-12	-0.00758965
6.69149e-12	-0.0075969
6.69284e-12	-0.00760415
6.6942e-12	-0.0076114
6.69555e-12	-0.00761867
6.6969e-12	-0.00762593
6.69825e-12	-0.0076332
6.69961e-12	-0.00764048
6.70096e-12	-0.00764777
6.70231e-12	-0.00765505
6.70366e-12	-0.00766235
6.70502e-12	-0.00766965
6.70637e-12	-0.00767695
6.70772e-12	-0.00768426
6.70908e-12	-0.00769158
6.71043e-12	-0.0076989
6.71178e-12	-0.00770623
6.71313e-12	-0.00771356
6.71449e-12	-0.0077209
6.71584e-12	-0.00772824
6.71719e-12	-0.00773559
6.71854e-12	-0.00774294
6.7199e-12	-0.0077503
6.72125e-12	-0.00775767
6.7226e-12	-0.00776504
6.72395e-12	-0.00777241
6.72531e-12	-0.0077798
6.72666e-12	-0.00778718
6.72801e-12	-0.00779458
6.72937e-12	-0.00780197
6.73072e-12	-0.00780938
6.73207e-12	-0.00781679
6.73342e-12	-0.0078242
6.73478e-12	-0.00783162
6.73613e-12	-0.00783905
6.73748e-12	-0.00784648
6.73883e-12	-0.00785392
6.74019e-12	-0.00786136
6.74154e-12	-0.00786881
6.74289e-12	-0.00787626
6.74424e-12	-0.00788372
6.7456e-12	-0.00789118
6.74695e-12	-0.00789865
6.7483e-12	-0.00790613
6.74965e-12	-0.00791361
6.75101e-12	-0.0079211
6.75236e-12	-0.00792859
6.75371e-12	-0.00793609
6.75507e-12	-0.00794359
6.75642e-12	-0.0079511
6.75777e-12	-0.00795862
6.75912e-12	-0.00796614
6.76048e-12	-0.00797366
6.76183e-12	-0.00798119
6.76318e-12	-0.00798873
6.76453e-12	-0.00799627
6.76589e-12	-0.00800382
6.76724e-12	-0.00801137
6.76859e-12	-0.00801893
6.76994e-12	-0.0080265
6.7713e-12	-0.00803407
6.77265e-12	-0.00804165
6.774e-12	-0.00804923
6.77535e-12	-0.00805681
6.77671e-12	-0.00806441
6.77806e-12	-0.00807201
6.77941e-12	-0.00807961
6.78077e-12	-0.00808722
6.78212e-12	-0.00809484
6.78347e-12	-0.00810246
6.78482e-12	-0.00811008
6.78618e-12	-0.00811771
6.78753e-12	-0.00812535
6.78888e-12	-0.008133
6.79023e-12	-0.00814065
6.79159e-12	-0.0081483
6.79294e-12	-0.00815596
6.79429e-12	-0.00816363
6.79564e-12	-0.0081713
6.797e-12	-0.00817898
6.79835e-12	-0.00818666
6.7997e-12	-0.00819435
6.80105e-12	-0.00820204
6.80241e-12	-0.00820974
6.80376e-12	-0.00821745
6.80511e-12	-0.00822516
6.80647e-12	-0.00823288
6.80782e-12	-0.0082406
6.80917e-12	-0.00824833
6.81052e-12	-0.00825606
6.81188e-12	-0.0082638
6.81323e-12	-0.00827155
6.81458e-12	-0.0082793
6.81593e-12	-0.00828706
6.81729e-12	-0.00829482
6.81864e-12	-0.00830259
6.81999e-12	-0.00831036
6.82134e-12	-0.00831814
6.8227e-12	-0.00832593
6.82405e-12	-0.00833372
6.8254e-12	-0.00834151
6.82675e-12	-0.00834932
6.82811e-12	-0.00835712
6.82946e-12	-0.00836494
6.83081e-12	-0.00837276
6.83217e-12	-0.00838058
6.83352e-12	-0.00838841
6.83487e-12	-0.00839625
6.83622e-12	-0.00840409
6.83758e-12	-0.00841194
6.83893e-12	-0.0084198
6.84028e-12	-0.00842766
6.84163e-12	-0.00843552
6.84299e-12	-0.00844339
6.84434e-12	-0.00845127
6.84569e-12	-0.00845915
6.84704e-12	-0.00846704
6.8484e-12	-0.00847494
6.84975e-12	-0.00848284
6.8511e-12	-0.00849074
6.85245e-12	-0.00849865
6.85381e-12	-0.00850657
6.85516e-12	-0.0085145
6.85651e-12	-0.00852242
6.85787e-12	-0.00853036
6.85922e-12	-0.0085383
6.86057e-12	-0.00854625
6.86192e-12	-0.0085542
6.86328e-12	-0.00856216
6.86463e-12	-0.00857012
6.86598e-12	-0.00857809
6.86733e-12	-0.00858606
6.86869e-12	-0.00859405
6.87004e-12	-0.00860203
6.87139e-12	-0.00861003
6.87274e-12	-0.00861802
6.8741e-12	-0.00862603
6.87545e-12	-0.00863404
6.8768e-12	-0.00864206
6.87815e-12	-0.00865008
6.87951e-12	-0.0086581
6.88086e-12	-0.00866614
6.88221e-12	-0.00867418
6.88357e-12	-0.00868222
6.88492e-12	-0.00869027
6.88627e-12	-0.00869833
6.88762e-12	-0.00870639
6.88898e-12	-0.00871446
6.89033e-12	-0.00872254
6.89168e-12	-0.00873062
6.89303e-12	-0.0087387
6.89439e-12	-0.0087468
6.89574e-12	-0.00875489
6.89709e-12	-0.008763
6.89844e-12	-0.00877111
6.8998e-12	-0.00877922
6.90115e-12	-0.00878734
6.9025e-12	-0.00879547
6.90386e-12	-0.0088036
6.90521e-12	-0.00881174
6.90656e-12	-0.00881989
6.90791e-12	-0.00882804
6.90927e-12	-0.00883619
6.91062e-12	-0.00884436
6.91197e-12	-0.00885253
6.91332e-12	-0.0088607
6.91468e-12	-0.00886888
6.91603e-12	-0.00887707
6.91738e-12	-0.00888526
6.91873e-12	-0.00889346
6.92009e-12	-0.00890166
6.92144e-12	-0.00890987
6.92279e-12	-0.00891809
6.92414e-12	-0.00892631
6.9255e-12	-0.00893454
6.92685e-12	-0.00894277
6.9282e-12	-0.00895101
6.92956e-12	-0.00895925
6.93091e-12	-0.0089675
6.93226e-12	-0.00897576
6.93361e-12	-0.00898402
6.93497e-12	-0.00899229
6.93632e-12	-0.00900057
6.93767e-12	-0.00900885
6.93902e-12	-0.00901714
6.94038e-12	-0.00902543
6.94173e-12	-0.00903373
6.94308e-12	-0.00904203
6.94443e-12	-0.00905034
6.94579e-12	-0.00905866
6.94714e-12	-0.00906698
6.94849e-12	-0.00907531
6.94984e-12	-0.00908365
6.9512e-12	-0.00909199
6.95255e-12	-0.00910033
6.9539e-12	-0.00910869
6.95526e-12	-0.00911705
6.95661e-12	-0.00912541
6.95796e-12	-0.00913378
6.95931e-12	-0.00914216
6.96067e-12	-0.00915054
6.96202e-12	-0.00915893
6.96337e-12	-0.00916732
6.96472e-12	-0.00917572
6.96608e-12	-0.00918413
6.96743e-12	-0.00919254
6.96878e-12	-0.00920096
6.97013e-12	-0.00920939
6.97149e-12	-0.00921782
6.97284e-12	-0.00922625
6.97419e-12	-0.0092347
6.97554e-12	-0.00924315
6.9769e-12	-0.0092516
6.97825e-12	-0.00926006
6.9796e-12	-0.00926853
6.98096e-12	-0.009277
6.98231e-12	-0.00928548
6.98366e-12	-0.00929397
6.98501e-12	-0.00930246
6.98637e-12	-0.00931095
6.98772e-12	-0.00931946
6.98907e-12	-0.00932797
6.99042e-12	-0.00933648
6.99178e-12	-0.009345
6.99313e-12	-0.00935353
6.99448e-12	-0.00936206
6.99583e-12	-0.0093706
6.99719e-12	-0.00937915
6.99854e-12	-0.0093877
6.99989e-12	-0.00939626
7.00124e-12	-0.00940482
7.0026e-12	-0.00941339
7.00395e-12	-0.00942197
7.0053e-12	-0.00943055
7.00666e-12	-0.00943914
7.00801e-12	-0.00944773
7.00936e-12	-0.00945633
7.01071e-12	-0.00946494
7.01207e-12	-0.00947355
7.01342e-12	-0.00948217
7.01477e-12	-0.0094908
7.01612e-12	-0.00949943
7.01748e-12	-0.00950806
7.01883e-12	-0.00951671
7.02018e-12	-0.00952536
7.02153e-12	-0.00953401
7.02289e-12	-0.00954267
7.02424e-12	-0.00955134
7.02559e-12	-0.00956002
7.02694e-12	-0.0095687
7.0283e-12	-0.00957738
7.02965e-12	-0.00958607
7.031e-12	-0.00959477
7.03236e-12	-0.00960348
7.03371e-12	-0.00961219
7.03506e-12	-0.00962091
7.03641e-12	-0.00962963
7.03777e-12	-0.00963836
7.03912e-12	-0.00964709
7.04047e-12	-0.00965584
7.04182e-12	-0.00966458
7.04318e-12	-0.00967334
7.04453e-12	-0.0096821
7.04588e-12	-0.00969086
7.04723e-12	-0.00969964
7.04859e-12	-0.00970841
7.04994e-12	-0.0097172
7.05129e-12	-0.00972599
7.05265e-12	-0.00973479
7.054e-12	-0.00974359
7.05535e-12	-0.0097524
7.0567e-12	-0.00976122
7.05806e-12	-0.00977004
7.05941e-12	-0.00977887
7.06076e-12	-0.0097877
7.06211e-12	-0.00979654
7.06347e-12	-0.00980539
7.06482e-12	-0.00981424
7.06617e-12	-0.0098231
7.06752e-12	-0.00983197
7.06888e-12	-0.00984084
7.07023e-12	-0.00984972
7.07158e-12	-0.0098586
7.07293e-12	-0.00986749
7.07429e-12	-0.00987639
7.07564e-12	-0.00988529
7.07699e-12	-0.0098942
7.07835e-12	-0.00990312
7.0797e-12	-0.00991204
7.08105e-12	-0.00992097
7.0824e-12	-0.0099299
7.08376e-12	-0.00993884
7.08511e-12	-0.00994779
7.08646e-12	-0.00995674
7.08781e-12	-0.0099657
7.08917e-12	-0.00997467
7.09052e-12	-0.00998364
7.09187e-12	-0.00999262
7.09322e-12	-0.0100016
7.09458e-12	-0.0100106
7.09593e-12	-0.0100196
7.09728e-12	-0.0100286
7.09863e-12	-0.0100376
7.09999e-12	-0.0100466
7.10134e-12	-0.0100556
7.10269e-12	-0.0100647
7.10405e-12	-0.0100737
7.1054e-12	-0.0100827
7.10675e-12	-0.0100918
7.1081e-12	-0.0101008
7.10946e-12	-0.0101099
7.11081e-12	-0.010119
7.11216e-12	-0.010128
7.11351e-12	-0.0101371
7.11487e-12	-0.0101462
7.11622e-12	-0.0101553
7.11757e-12	-0.0101644
7.11892e-12	-0.0101735
7.12028e-12	-0.0101826
7.12163e-12	-0.0101917
7.12298e-12	-0.0102009
7.12433e-12	-0.01021
7.12569e-12	-0.0102191
7.12704e-12	-0.0102283
7.12839e-12	-0.0102374
7.12975e-12	-0.0102466
7.1311e-12	-0.0102557
7.13245e-12	-0.0102649
7.1338e-12	-0.0102741
7.13516e-12	-0.0102832
7.13651e-12	-0.0102924
7.13786e-12	-0.0103016
7.13921e-12	-0.0103108
7.14057e-12	-0.01032
7.14192e-12	-0.0103292
7.14327e-12	-0.0103385
7.14462e-12	-0.0103477
7.14598e-12	-0.0103569
7.14733e-12	-0.0103662
7.14868e-12	-0.0103754
7.15003e-12	-0.0103847
7.15139e-12	-0.0103939
7.15274e-12	-0.0104032
7.15409e-12	-0.0104124
7.15545e-12	-0.0104217
7.1568e-12	-0.010431
7.15815e-12	-0.0104403
7.1595e-12	-0.0104496
7.16086e-12	-0.0104589
7.16221e-12	-0.0104682
7.16356e-12	-0.0104775
7.16491e-12	-0.0104868
7.16627e-12	-0.0104962
7.16762e-12	-0.0105055
7.16897e-12	-0.0105148
7.17032e-12	-0.0105242
7.17168e-12	-0.0105335
7.17303e-12	-0.0105429
7.17438e-12	-0.0105523
7.17573e-12	-0.0105616
7.17709e-12	-0.010571
7.17844e-12	-0.0105804
7.17979e-12	-0.0105898
7.18115e-12	-0.0105992
7.1825e-12	-0.0106086
7.18385e-12	-0.010618
7.1852e-12	-0.0106274
7.18656e-12	-0.0106369
7.18791e-12	-0.0106463
7.18926e-12	-0.0106557
7.19061e-12	-0.0106652
7.19197e-12	-0.0106746
7.19332e-12	-0.0106841
7.19467e-12	-0.0106935
7.19602e-12	-0.010703
7.19738e-12	-0.0107125
7.19873e-12	-0.010722
7.20008e-12	-0.0107315
7.20144e-12	-0.010741
7.20279e-12	-0.0107505
7.20414e-12	-0.01076
7.20549e-12	-0.0107695
7.20685e-12	-0.010779
7.2082e-12	-0.0107885
7.20955e-12	-0.0107981
7.2109e-12	-0.0108076
7.21226e-12	-0.0108172
7.21361e-12	-0.0108267
7.21496e-12	-0.0108363
7.21631e-12	-0.0108458
7.21767e-12	-0.0108554
7.21902e-12	-0.010865
7.22037e-12	-0.0108746
7.22172e-12	-0.0108842
7.22308e-12	-0.0108938
7.22443e-12	-0.0109034
7.22578e-12	-0.010913
7.22714e-12	-0.0109226
7.22849e-12	-0.0109322
7.22984e-12	-0.0109419
7.23119e-12	-0.0109515
7.23255e-12	-0.0109612
7.2339e-12	-0.0109708
7.23525e-12	-0.0109805
7.2366e-12	-0.0109901
7.23796e-12	-0.0109998
7.23931e-12	-0.0110095
7.24066e-12	-0.0110192
7.24201e-12	-0.0110289
7.24337e-12	-0.0110386
7.24472e-12	-0.0110483
7.24607e-12	-0.011058
7.24742e-12	-0.0110677
7.24878e-12	-0.0110774
7.25013e-12	-0.0110872
7.25148e-12	-0.0110969
7.25284e-12	-0.0111067
7.25419e-12	-0.0111164
7.25554e-12	-0.0111262
7.25689e-12	-0.0111359
7.25825e-12	-0.0111457
7.2596e-12	-0.0111555
7.26095e-12	-0.0111653
7.2623e-12	-0.0111751
7.26366e-12	-0.0111849
7.26501e-12	-0.0111947
7.26636e-12	-0.0112045
7.26771e-12	-0.0112143
7.26907e-12	-0.0112241
7.27042e-12	-0.011234
7.27177e-12	-0.0112438
7.27312e-12	-0.0112536
7.27448e-12	-0.0112635
7.27583e-12	-0.0112733
7.27718e-12	-0.0112832
7.27854e-12	-0.0112931
7.27989e-12	-0.011303
7.28124e-12	-0.0113128
7.28259e-12	-0.0113227
7.28395e-12	-0.0113326
7.2853e-12	-0.0113425
7.28665e-12	-0.0113525
7.288e-12	-0.0113624
7.28936e-12	-0.0113723
7.29071e-12	-0.0113822
7.29206e-12	-0.0113922
7.29341e-12	-0.0114021
7.29477e-12	-0.0114121
7.29612e-12	-0.011422
7.29747e-12	-0.011432
7.29882e-12	-0.011442
7.30018e-12	-0.0114519
7.30153e-12	-0.0114619
7.30288e-12	-0.0114719
7.30424e-12	-0.0114819
7.30559e-12	-0.0114919
7.30694e-12	-0.0115019
7.30829e-12	-0.011512
7.30965e-12	-0.011522
7.311e-12	-0.011532
7.31235e-12	-0.0115421
7.3137e-12	-0.0115521
7.31506e-12	-0.0115622
7.31641e-12	-0.0115722
7.31776e-12	-0.0115823
7.31911e-12	-0.0115924
7.32047e-12	-0.0116024
7.32182e-12	-0.0116125
7.32317e-12	-0.0116226
7.32452e-12	-0.0116327
7.32588e-12	-0.0116428
7.32723e-12	-0.0116529
7.32858e-12	-0.0116631
7.32994e-12	-0.0116732
7.33129e-12	-0.0116833
7.33264e-12	-0.0116935
7.33399e-12	-0.0117036
7.33535e-12	-0.0117138
7.3367e-12	-0.0117239
7.33805e-12	-0.0117341
7.3394e-12	-0.0117443
7.34076e-12	-0.0117545
7.34211e-12	-0.0117646
7.34346e-12	-0.0117748
7.34481e-12	-0.011785
7.34617e-12	-0.0117952
7.34752e-12	-0.0118055
7.34887e-12	-0.0118157
7.35023e-12	-0.0118259
7.35158e-12	-0.0118362
7.35293e-12	-0.0118464
7.35428e-12	-0.0118566
7.35564e-12	-0.0118669
7.35699e-12	-0.0118772
7.35834e-12	-0.0118874
7.35969e-12	-0.0118977
7.36105e-12	-0.011908
7.3624e-12	-0.0119183
7.36375e-12	-0.0119286
7.3651e-12	-0.0119389
7.36646e-12	-0.0119492
7.36781e-12	-0.0119595
7.36916e-12	-0.0119698
7.37051e-12	-0.0119802
7.37187e-12	-0.0119905
7.37322e-12	-0.0120009
7.37457e-12	-0.0120112
7.37593e-12	-0.0120216
7.37728e-12	-0.0120319
7.37863e-12	-0.0120423
7.37998e-12	-0.0120527
7.38134e-12	-0.0120631
7.38269e-12	-0.0120735
7.38404e-12	-0.0120839
7.38539e-12	-0.0120943
7.38675e-12	-0.0121047
7.3881e-12	-0.0121151
7.38945e-12	-0.0121255
7.3908e-12	-0.012136
7.39216e-12	-0.0121464
7.39351e-12	-0.0121569
7.39486e-12	-0.0121673
7.39621e-12	-0.0121778
7.39757e-12	-0.0121883
7.39892e-12	-0.0121987
7.40027e-12	-0.0122092
7.40163e-12	-0.0122197
7.40298e-12	-0.0122302
7.40433e-12	-0.0122407
7.40568e-12	-0.0122512
7.40704e-12	-0.0122617
7.40839e-12	-0.0122723
7.40974e-12	-0.0122828
7.41109e-12	-0.0122933
7.41245e-12	-0.0123039
7.4138e-12	-0.0123144
7.41515e-12	-0.012325
7.4165e-12	-0.0123356
7.41786e-12	-0.0123461
7.41921e-12	-0.0123567
7.42056e-12	-0.0123673
7.42191e-12	-0.0123779
7.42327e-12	-0.0123885
7.42462e-12	-0.0123991
7.42597e-12	-0.0124097
7.42733e-12	-0.0124204
7.42868e-12	-0.012431
7.43003e-12	-0.0124416
7.43138e-12	-0.0124523
7.43274e-12	-0.0124629
7.43409e-12	-0.0124736
7.43544e-12	-0.0124842
7.43679e-12	-0.0124949
7.43815e-12	-0.0125056
7.4395e-12	-0.0125163
7.44085e-12	-0.012527
7.4422e-12	-0.0125377
7.44356e-12	-0.0125484
7.44491e-12	-0.0125591
7.44626e-12	-0.0125698
7.44761e-12	-0.0125805
7.44897e-12	-0.0125913
7.45032e-12	-0.012602
7.45167e-12	-0.0126128
7.45303e-12	-0.0126235
7.45438e-12	-0.0126343
7.45573e-12	-0.0126451
7.45708e-12	-0.0126558
7.45844e-12	-0.0126666
7.45979e-12	-0.0126774
7.46114e-12	-0.0126882
7.46249e-12	-0.012699
7.46385e-12	-0.0127098
7.4652e-12	-0.0127206
7.46655e-12	-0.0127315
7.4679e-12	-0.0127423
7.46926e-12	-0.0127531
7.47061e-12	-0.012764
7.47196e-12	-0.0127749
7.47331e-12	-0.0127857
7.47467e-12	-0.0127966
7.47602e-12	-0.0128075
7.47737e-12	-0.0128183
7.47873e-12	-0.0128292
7.48008e-12	-0.0128401
7.48143e-12	-0.012851
7.48278e-12	-0.0128619
7.48414e-12	-0.0128729
7.48549e-12	-0.0128838
7.48684e-12	-0.0128947
7.48819e-12	-0.0129057
7.48955e-12	-0.0129166
7.4909e-12	-0.0129276
7.49225e-12	-0.0129385
7.4936e-12	-0.0129495
7.49496e-12	-0.0129605
7.49631e-12	-0.0129715
7.49766e-12	-0.0129824
7.49901e-12	-0.0129934
7.50037e-12	-0.0130044
7.50172e-12	-0.0130155
7.50307e-12	-0.0130265
7.50443e-12	-0.0130375
7.50578e-12	-0.0130485
7.50713e-12	-0.0130596
7.50848e-12	-0.0130706
7.50984e-12	-0.0130817
7.51119e-12	-0.0130927
7.51254e-12	-0.0131038
7.51389e-12	-0.0131149
7.51525e-12	-0.013126
7.5166e-12	-0.013137
7.51795e-12	-0.0131481
7.5193e-12	-0.0131592
7.52066e-12	-0.0131704
7.52201e-12	-0.0131815
7.52336e-12	-0.0131926
7.52472e-12	-0.0132037
7.52607e-12	-0.0132149
7.52742e-12	-0.013226
7.52877e-12	-0.0132372
7.53013e-12	-0.0132483
7.53148e-12	-0.0132595
7.53283e-12	-0.0132707
7.53418e-12	-0.0132819
7.53554e-12	-0.0132931
7.53689e-12	-0.0133043
7.53824e-12	-0.0133155
7.53959e-12	-0.0133267
7.54095e-12	-0.0133379
7.5423e-12	-0.0133491
7.54365e-12	-0.0133604
7.545e-12	-0.0133716
7.54636e-12	-0.0133828
7.54771e-12	-0.0133941
7.54906e-12	-0.0134054
7.55042e-12	-0.0134166
7.55177e-12	-0.0134279
7.55312e-12	-0.0134392
7.55447e-12	-0.0134505
7.55583e-12	-0.0134618
7.55718e-12	-0.0134731
7.55853e-12	-0.0134844
7.55988e-12	-0.0134957
7.56124e-12	-0.0135071
7.56259e-12	-0.0135184
7.56394e-12	-0.0135297
7.56529e-12	-0.0135411
7.56665e-12	-0.0135524
7.568e-12	-0.0135638
7.56935e-12	-0.0135752
7.5707e-12	-0.0135865
7.57206e-12	-0.0135979
7.57341e-12	-0.0136093
7.57476e-12	-0.0136207
7.57612e-12	-0.0136321
7.57747e-12	-0.0136436
7.57882e-12	-0.013655
7.58017e-12	-0.0136664
7.58153e-12	-0.0136778
7.58288e-12	-0.0136893
7.58423e-12	-0.0137007
7.58558e-12	-0.0137122
7.58694e-12	-0.0137237
7.58829e-12	-0.0137351
7.58964e-12	-0.0137466
7.59099e-12	-0.0137581
7.59235e-12	-0.0137696
7.5937e-12	-0.0137811
7.59505e-12	-0.0137926
7.5964e-12	-0.0138041
7.59776e-12	-0.0138157
7.59911e-12	-0.0138272
7.60046e-12	-0.0138387
7.60182e-12	-0.0138503
7.60317e-12	-0.0138618
7.60452e-12	-0.0138734
7.60587e-12	-0.013885
7.60723e-12	-0.0138965
7.60858e-12	-0.0139081
7.60993e-12	-0.0139197
7.61128e-12	-0.0139313
7.61264e-12	-0.0139429
7.61399e-12	-0.0139545
7.61534e-12	-0.0139661
7.61669e-12	-0.0139778
7.61805e-12	-0.0139894
7.6194e-12	-0.0140011
7.62075e-12	-0.0140127
7.6221e-12	-0.0140244
7.62346e-12	-0.014036
7.62481e-12	-0.0140477
7.62616e-12	-0.0140594
7.62752e-12	-0.0140711
7.62887e-12	-0.0140828
7.63022e-12	-0.0140945
7.63157e-12	-0.0141062
7.63293e-12	-0.0141179
7.63428e-12	-0.0141296
7.63563e-12	-0.0141413
7.63698e-12	-0.0141531
7.63834e-12	-0.0141648
7.63969e-12	-0.0141766
7.64104e-12	-0.0141883
7.64239e-12	-0.0142001
7.64375e-12	-0.0142119
7.6451e-12	-0.0142237
7.64645e-12	-0.0142354
7.6478e-12	-0.0142472
7.64916e-12	-0.0142591
7.65051e-12	-0.0142709
7.65186e-12	-0.0142827
7.65322e-12	-0.0142945
7.65457e-12	-0.0143063
7.65592e-12	-0.0143182
7.65727e-12	-0.01433
7.65863e-12	-0.0143419
7.65998e-12	-0.0143538
7.66133e-12	-0.0143656
7.66268e-12	-0.0143775
7.66404e-12	-0.0143894
7.66539e-12	-0.0144013
7.66674e-12	-0.0144132
7.66809e-12	-0.0144251
7.66945e-12	-0.014437
7.6708e-12	-0.0144489
7.67215e-12	-0.0144609
7.67351e-12	-0.0144728
7.67486e-12	-0.0144848
7.67621e-12	-0.0144967
7.67756e-12	-0.0145087
7.67892e-12	-0.0145207
7.68027e-12	-0.0145326
7.68162e-12	-0.0145446
7.68297e-12	-0.0145566
7.68433e-12	-0.0145686
7.68568e-12	-0.0145806
7.68703e-12	-0.0145926
7.68838e-12	-0.0146046
7.68974e-12	-0.0146167
7.69109e-12	-0.0146287
7.69244e-12	-0.0146408
7.69379e-12	-0.0146528
7.69515e-12	-0.0146649
7.6965e-12	-0.0146769
7.69785e-12	-0.014689
7.69921e-12	-0.0147011
7.70056e-12	-0.0147132
7.70191e-12	-0.0147253
7.70326e-12	-0.0147374
7.70462e-12	-0.0147495
7.70597e-12	-0.0147616
7.70732e-12	-0.0147737
7.70867e-12	-0.0147859
7.71003e-12	-0.014798
7.71138e-12	-0.0148102
7.71273e-12	-0.0148223
7.71408e-12	-0.0148345
7.71544e-12	-0.0148467
7.71679e-12	-0.0148588
7.71814e-12	-0.014871
7.71949e-12	-0.0148832
7.72085e-12	-0.0148954
7.7222e-12	-0.0149076
7.72355e-12	-0.0149199
7.72491e-12	-0.0149321
7.72626e-12	-0.0149443
7.72761e-12	-0.0149566
7.72896e-12	-0.0149688
7.73032e-12	-0.0149811
7.73167e-12	-0.0149933
7.73302e-12	-0.0150056
7.73437e-12	-0.0150179
7.73573e-12	-0.0150302
7.73708e-12	-0.0150425
7.73843e-12	-0.0150548
7.73978e-12	-0.0150671
7.74114e-12	-0.0150794
7.74249e-12	-0.0150917
7.74384e-12	-0.015104
7.74519e-12	-0.0151164
7.74655e-12	-0.0151287
7.7479e-12	-0.0151411
7.74925e-12	-0.0151534
7.75061e-12	-0.0151658
7.75196e-12	-0.0151782
7.75331e-12	-0.0151906
7.75466e-12	-0.015203
7.75602e-12	-0.0152154
7.75737e-12	-0.0152278
7.75872e-12	-0.0152402
7.76007e-12	-0.0152526
7.76143e-12	-0.0152651
7.76278e-12	-0.0152775
7.76413e-12	-0.0152899
7.76548e-12	-0.0153024
7.76684e-12	-0.0153149
7.76819e-12	-0.0153273
7.76954e-12	-0.0153398
7.77089e-12	-0.0153523
7.77225e-12	-0.0153648
7.7736e-12	-0.0153773
7.77495e-12	-0.0153898
7.77631e-12	-0.0154023
7.77766e-12	-0.0154148
7.77901e-12	-0.0154274
7.78036e-12	-0.0154399
7.78172e-12	-0.0154524
7.78307e-12	-0.015465
7.78442e-12	-0.0154776
7.78577e-12	-0.0154901
7.78713e-12	-0.0155027
7.78848e-12	-0.0155153
7.78983e-12	-0.0155279
7.79118e-12	-0.0155405
7.79254e-12	-0.0155531
7.79389e-12	-0.0155657
7.79524e-12	-0.0155783
7.79659e-12	-0.015591
7.79795e-12	-0.0156036
7.7993e-12	-0.0156163
7.80065e-12	-0.0156289
7.80201e-12	-0.0156416
7.80336e-12	-0.0156542
7.80471e-12	-0.0156669
7.80606e-12	-0.0156796
7.80742e-12	-0.0156923
7.80877e-12	-0.015705
7.81012e-12	-0.0157177
7.81147e-12	-0.0157304
7.81283e-12	-0.0157431
7.81418e-12	-0.0157559
7.81553e-12	-0.0157686
7.81688e-12	-0.0157814
7.81824e-12	-0.0157941
7.81959e-12	-0.0158069
7.82094e-12	-0.0158196
7.8223e-12	-0.0158324
7.82365e-12	-0.0158452
7.825e-12	-0.015858
7.82635e-12	-0.0158708
7.82771e-12	-0.0158836
7.82906e-12	-0.0158964
7.83041e-12	-0.0159093
7.83176e-12	-0.0159221
7.83312e-12	-0.0159349
7.83447e-12	-0.0159478
7.83582e-12	-0.0159606
7.83717e-12	-0.0159735
7.83853e-12	-0.0159864
7.83988e-12	-0.0159993
7.84123e-12	-0.0160121
7.84258e-12	-0.016025
7.84394e-12	-0.0160379
7.84529e-12	-0.0160508
7.84664e-12	-0.0160638
7.848e-12	-0.0160767
7.84935e-12	-0.0160896
7.8507e-12	-0.0161026
7.85205e-12	-0.0161155
7.85341e-12	-0.0161285
7.85476e-12	-0.0161414
7.85611e-12	-0.0161544
7.85746e-12	-0.0161674
7.85882e-12	-0.0161804
7.86017e-12	-0.0161934
7.86152e-12	-0.0162064
7.86287e-12	-0.0162194
7.86423e-12	-0.0162324
7.86558e-12	-0.0162454
7.86693e-12	-0.0162585
7.86828e-12	-0.0162715
7.86964e-12	-0.0162846
7.87099e-12	-0.0162976
7.87234e-12	-0.0163107
7.8737e-12	-0.0163238
7.87505e-12	-0.0163369
7.8764e-12	-0.01635
7.87775e-12	-0.0163631
7.87911e-12	-0.0163762
7.88046e-12	-0.0163893
7.88181e-12	-0.0164024
7.88316e-12	-0.0164155
7.88452e-12	-0.0164287
7.88587e-12	-0.0164418
7.88722e-12	-0.016455
7.88857e-12	-0.0164681
7.88993e-12	-0.0164813
7.89128e-12	-0.0164945
7.89263e-12	-0.0165077
7.89398e-12	-0.0165209
7.89534e-12	-0.0165341
7.89669e-12	-0.0165473
7.89804e-12	-0.0165605
7.8994e-12	-0.0165737
7.90075e-12	-0.0165869
7.9021e-12	-0.0166002
7.90345e-12	-0.0166134
7.90481e-12	-0.0166267
7.90616e-12	-0.01664
7.90751e-12	-0.0166532
7.90886e-12	-0.0166665
7.91022e-12	-0.0166798
7.91157e-12	-0.0166931
7.91292e-12	-0.0167064
7.91427e-12	-0.0167197
7.91563e-12	-0.016733
7.91698e-12	-0.0167464
7.91833e-12	-0.0167597
7.91968e-12	-0.016773
7.92104e-12	-0.0167864
7.92239e-12	-0.0167997
7.92374e-12	-0.0168131
7.9251e-12	-0.0168265
7.92645e-12	-0.0168399
7.9278e-12	-0.0168533
7.92915e-12	-0.0168667
7.93051e-12	-0.0168801
7.93186e-12	-0.0168935
7.93321e-12	-0.0169069
7.93456e-12	-0.0169203
7.93592e-12	-0.0169338
7.93727e-12	-0.0169472
7.93862e-12	-0.0169607
7.93997e-12	-0.0169742
7.94133e-12	-0.0169876
7.94268e-12	-0.0170011
7.94403e-12	-0.0170146
7.94538e-12	-0.0170281
7.94674e-12	-0.0170416
7.94809e-12	-0.0170551
7.94944e-12	-0.0170686
7.9508e-12	-0.0170822
7.95215e-12	-0.0170957
7.9535e-12	-0.0171092
7.95485e-12	-0.0171228
7.95621e-12	-0.0171363
7.95756e-12	-0.0171499
7.95891e-12	-0.0171635
7.96026e-12	-0.0171771
7.96162e-12	-0.0171907
7.96297e-12	-0.0172043
7.96432e-12	-0.0172179
7.96567e-12	-0.0172315
7.96703e-12	-0.0172451
7.96838e-12	-0.0172587
7.96973e-12	-0.0172724
7.97109e-12	-0.017286
7.97244e-12	-0.0172997
7.97379e-12	-0.0173133
7.97514e-12	-0.017327
7.9765e-12	-0.0173407
7.97785e-12	-0.0173544
7.9792e-12	-0.0173681
7.98055e-12	-0.0173818
7.98191e-12	-0.0173955
7.98326e-12	-0.0174092
7.98461e-12	-0.017423
7.98596e-12	-0.0174367
7.98732e-12	-0.0174504
7.98867e-12	-0.0174642
7.99002e-12	-0.0174779
7.99137e-12	-0.0174917
7.99273e-12	-0.0175055
7.99408e-12	-0.0175193
7.99543e-12	-0.0175331
7.99679e-12	-0.0175469
7.99814e-12	-0.0175607
7.99949e-12	-0.0175745
8.00084e-12	-0.0175883
8.0022e-12	-0.0176022
8.00355e-12	-0.017616
8.0049e-12	-0.0176298
8.00625e-12	-0.0176437
8.00761e-12	-0.0176576
8.00896e-12	-0.0176714
8.01031e-12	-0.0176853
8.01166e-12	-0.0176992
8.01302e-12	-0.0177131
8.01437e-12	-0.017727
8.01572e-12	-0.0177409
8.01707e-12	-0.0177549
8.01843e-12	-0.0177688
8.01978e-12	-0.0177827
8.02113e-12	-0.0177967
8.02249e-12	-0.0178106
8.02384e-12	-0.0178246
8.02519e-12	-0.0178386
8.02654e-12	-0.0178525
8.0279e-12	-0.0178665
8.02925e-12	-0.0178805
8.0306e-12	-0.0178945
8.03195e-12	-0.0179085
8.03331e-12	-0.0179226
8.03466e-12	-0.0179366
8.03601e-12	-0.0179506
8.03736e-12	-0.0179647
8.03872e-12	-0.0179787
8.04007e-12	-0.0179928
8.04142e-12	-0.0180069
8.04277e-12	-0.0180209
8.04413e-12	-0.018035
8.04548e-12	-0.0180491
8.04683e-12	-0.0180632
8.04819e-12	-0.0180773
8.04954e-12	-0.0180914
8.05089e-12	-0.0181056
8.05224e-12	-0.0181197
8.0536e-12	-0.0181339
8.05495e-12	-0.018148
8.0563e-12	-0.0181622
8.05765e-12	-0.0181763
8.05901e-12	-0.0181905
8.06036e-12	-0.0182047
8.06171e-12	-0.0182189
8.06306e-12	-0.0182331
8.06442e-12	-0.0182473
8.06577e-12	-0.0182615
8.06712e-12	-0.0182757
8.06847e-12	-0.01829
8.06983e-12	-0.0183042
8.07118e-12	-0.0183185
8.07253e-12	-0.0183327
8.07389e-12	-0.018347
8.07524e-12	-0.0183613
8.07659e-12	-0.0183755
8.07794e-12	-0.0183898
8.0793e-12	-0.0184041
8.08065e-12	-0.0184184
8.082e-12	-0.0184327
8.08335e-12	-0.0184471
8.08471e-12	-0.0184614
8.08606e-12	-0.0184757
8.08741e-12	-0.0184901
8.08876e-12	-0.0185045
8.09012e-12	-0.0185188
8.09147e-12	-0.0185332
8.09282e-12	-0.0185476
8.09417e-12	-0.018562
8.09553e-12	-0.0185764
8.09688e-12	-0.0185908
8.09823e-12	-0.0186052
8.09959e-12	-0.0186196
8.10094e-12	-0.018634
8.10229e-12	-0.0186485
8.10364e-12	-0.0186629
8.105e-12	-0.0186774
8.10635e-12	-0.0186918
8.1077e-12	-0.0187063
8.10905e-12	-0.0187208
8.11041e-12	-0.0187353
8.11176e-12	-0.0187498
8.11311e-12	-0.0187643
8.11446e-12	-0.0187788
8.11582e-12	-0.0187933
8.11717e-12	-0.0188078
8.11852e-12	-0.0188224
8.11987e-12	-0.0188369
8.12123e-12	-0.0188515
8.12258e-12	-0.018866
8.12393e-12	-0.0188806
8.12529e-12	-0.0188952
8.12664e-12	-0.0189098
8.12799e-12	-0.0189244
8.12934e-12	-0.018939
8.1307e-12	-0.0189536
8.13205e-12	-0.0189682
8.1334e-12	-0.0189829
8.13475e-12	-0.0189975
8.13611e-12	-0.0190121
8.13746e-12	-0.0190268
8.13881e-12	-0.0190415
8.14016e-12	-0.0190561
8.14152e-12	-0.0190708
8.14287e-12	-0.0190855
8.14422e-12	-0.0191002
8.14558e-12	-0.0191149
8.14693e-12	-0.0191296
8.14828e-12	-0.0191443
8.14963e-12	-0.0191591
8.15099e-12	-0.0191738
8.15234e-12	-0.0191885
8.15369e-12	-0.0192033
8.15504e-12	-0.0192181
8.1564e-12	-0.0192328
8.15775e-12	-0.0192476
8.1591e-12	-0.0192624
8.16045e-12	-0.0192772
8.16181e-12	-0.019292
8.16316e-12	-0.0193068
8.16451e-12	-0.0193216
8.16586e-12	-0.0193365
8.16722e-12	-0.0193513
8.16857e-12	-0.0193662
8.16992e-12	-0.019381
8.17128e-12	-0.0193959
8.17263e-12	-0.0194107
8.17398e-12	-0.0194256
8.17533e-12	-0.0194405
8.17669e-12	-0.0194554
8.17804e-12	-0.0194703
8.17939e-12	-0.0194852
8.18074e-12	-0.0195002
8.1821e-12	-0.0195151
8.18345e-12	-0.01953
8.1848e-12	-0.019545
8.18615e-12	-0.0195599
8.18751e-12	-0.0195749
8.18886e-12	-0.0195899
8.19021e-12	-0.0196049
8.19156e-12	-0.0196198
8.19292e-12	-0.0196348
8.19427e-12	-0.0196498
8.19562e-12	-0.0196649
8.19698e-12	-0.0196799
8.19833e-12	-0.0196949
8.19968e-12	-0.01971
8.20103e-12	-0.019725
8.20239e-12	-0.0197401
8.20374e-12	-0.0197551
8.20509e-12	-0.0197702
8.20644e-12	-0.0197853
8.2078e-12	-0.0198004
8.20915e-12	-0.0198155
8.2105e-12	-0.0198306
8.21185e-12	-0.0198457
8.21321e-12	-0.0198608
8.21456e-12	-0.019876
8.21591e-12	-0.0198911
8.21726e-12	-0.0199062
8.21862e-12	-0.0199214
8.21997e-12	-0.0199366
8.22132e-12	-0.0199517
8.22268e-12	-0.0199669
8.22403e-12	-0.0199821
8.22538e-12	-0.0199973
8.22673e-12	-0.0200125
8.22809e-12	-0.0200277
8.22944e-12	-0.020043
8.23079e-12	-0.0200582
8.23214e-12	-0.0200735
8.2335e-12	-0.0200887
8.23485e-12	-0.020104
8.2362e-12	-0.0201192
8.23755e-12	-0.0201345
8.23891e-12	-0.0201498
8.24026e-12	-0.0201651
8.24161e-12	-0.0201804
8.24296e-12	-0.0201957
8.24432e-12	-0.020211
8.24567e-12	-0.0202263
8.24702e-12	-0.0202417
8.24838e-12	-0.020257
8.24973e-12	-0.0202724
8.25108e-12	-0.0202877
8.25243e-12	-0.0203031
8.25379e-12	-0.0203185
8.25514e-12	-0.0203339
8.25649e-12	-0.0203493
8.25784e-12	-0.0203647
8.2592e-12	-0.0203801
8.26055e-12	-0.0203955
8.2619e-12	-0.0204109
8.26325e-12	-0.0204264
8.26461e-12	-0.0204418
8.26596e-12	-0.0204573
8.26731e-12	-0.0204728
8.26866e-12	-0.0204882
8.27002e-12	-0.0205037
8.27137e-12	-0.0205192
8.27272e-12	-0.0205347
8.27408e-12	-0.0205502
8.27543e-12	-0.0205657
8.27678e-12	-0.0205812
8.27813e-12	-0.0205968
8.27949e-12	-0.0206123
8.28084e-12	-0.0206279
8.28219e-12	-0.0206434
8.28354e-12	-0.020659
8.2849e-12	-0.0206746
8.28625e-12	-0.0206901
8.2876e-12	-0.0207057
8.28895e-12	-0.0207213
8.29031e-12	-0.0207369
8.29166e-12	-0.0207526
8.29301e-12	-0.0207682
8.29437e-12	-0.0207838
8.29572e-12	-0.0207995
8.29707e-12	-0.0208151
8.29842e-12	-0.0208308
8.29978e-12	-0.0208465
8.30113e-12	-0.0208621
8.30248e-12	-0.0208778
8.30383e-12	-0.0208935
8.30519e-12	-0.0209092
8.30654e-12	-0.0209249
8.30789e-12	-0.0209407
8.30924e-12	-0.0209564
8.3106e-12	-0.0209721
8.31195e-12	-0.0209879
8.3133e-12	-0.0210036
8.31465e-12	-0.0210194
8.31601e-12	-0.0210352
8.31736e-12	-0.0210509
8.31871e-12	-0.0210667
8.32007e-12	-0.0210825
8.32142e-12	-0.0210983
8.32277e-12	-0.0211141
8.32412e-12	-0.02113
8.32548e-12	-0.0211458
8.32683e-12	-0.0211616
8.32818e-12	-0.0211775
8.32953e-12	-0.0211934
8.33089e-12	-0.0212092
8.33224e-12	-0.0212251
8.33359e-12	-0.021241
8.33494e-12	-0.0212569
8.3363e-12	-0.0212728
8.33765e-12	-0.0212887
8.339e-12	-0.0213046
8.34035e-12	-0.0213205
8.34171e-12	-0.0213365
8.34306e-12	-0.0213524
8.34441e-12	-0.0213684
8.34577e-12	-0.0213843
8.34712e-12	-0.0214003
8.34847e-12	-0.0214163
8.34982e-12	-0.0214323
8.35118e-12	-0.0214483
8.35253e-12	-0.0214643
8.35388e-12	-0.0214803
8.35523e-12	-0.0214963
8.35659e-12	-0.0215123
8.35794e-12	-0.0215284
8.35929e-12	-0.0215444
8.36064e-12	-0.0215605
8.362e-12	-0.0215765
8.36335e-12	-0.0215926
8.3647e-12	-0.0216087
8.36605e-12	-0.0216248
8.36741e-12	-0.0216409
8.36876e-12	-0.021657
8.37011e-12	-0.0216731
8.37147e-12	-0.0216893
8.37282e-12	-0.0217054
8.37417e-12	-0.0217215
8.37552e-12	-0.0217377
8.37688e-12	-0.0217538
8.37823e-12	-0.02177
8.37958e-12	-0.0217862
8.38093e-12	-0.0218024
8.38229e-12	-0.0218186
8.38364e-12	-0.0218348
8.38499e-12	-0.021851
8.38634e-12	-0.0218672
8.3877e-12	-0.0218835
8.38905e-12	-0.0218997
8.3904e-12	-0.0219159
8.39175e-12	-0.0219322
8.39311e-12	-0.0219485
8.39446e-12	-0.0219647
8.39581e-12	-0.021981
8.39717e-12	-0.0219973
8.39852e-12	-0.0220136
8.39987e-12	-0.0220299
8.40122e-12	-0.0220462
8.40258e-12	-0.0220626
8.40393e-12	-0.0220789
8.40528e-12	-0.0220952
8.40663e-12	-0.0221116
8.40799e-12	-0.022128
8.40934e-12	-0.0221443
8.41069e-12	-0.0221607
8.41204e-12	-0.0221771
8.4134e-12	-0.0221935
8.41475e-12	-0.0222099
8.4161e-12	-0.0222263
8.41745e-12	-0.0222427
8.41881e-12	-0.0222592
8.42016e-12	-0.0222756
8.42151e-12	-0.0222921
8.42287e-12	-0.0223085
8.42422e-12	-0.022325
8.42557e-12	-0.0223415
8.42692e-12	-0.0223579
8.42828e-12	-0.0223744
8.42963e-12	-0.0223909
8.43098e-12	-0.0224075
8.43233e-12	-0.022424
8.43369e-12	-0.0224405
8.43504e-12	-0.022457
8.43639e-12	-0.0224736
8.43774e-12	-0.0224901
8.4391e-12	-0.0225067
8.44045e-12	-0.0225233
8.4418e-12	-0.0225399
8.44316e-12	-0.0225564
8.44451e-12	-0.022573
8.44586e-12	-0.0225896
8.44721e-12	-0.0226063
8.44857e-12	-0.0226229
8.44992e-12	-0.0226395
8.45127e-12	-0.0226562
8.45262e-12	-0.0226728
8.45398e-12	-0.0226895
8.45533e-12	-0.0227061
8.45668e-12	-0.0227228
8.45803e-12	-0.0227395
8.45939e-12	-0.0227562
8.46074e-12	-0.0227729
8.46209e-12	-0.0227896
8.46344e-12	-0.0228063
8.4648e-12	-0.0228231
8.46615e-12	-0.0228398
8.4675e-12	-0.0228566
8.46886e-12	-0.0228733
8.47021e-12	-0.0228901
8.47156e-12	-0.0229068
8.47291e-12	-0.0229236
8.47427e-12	-0.0229404
8.47562e-12	-0.0229572
8.47697e-12	-0.022974
8.47832e-12	-0.0229908
8.47968e-12	-0.0230077
8.48103e-12	-0.0230245
8.48238e-12	-0.0230414
8.48373e-12	-0.0230582
8.48509e-12	-0.0230751
8.48644e-12	-0.0230919
8.48779e-12	-0.0231088
8.48914e-12	-0.0231257
8.4905e-12	-0.0231426
8.49185e-12	-0.0231595
8.4932e-12	-0.0231764
8.49456e-12	-0.0231934
8.49591e-12	-0.0232103
8.49726e-12	-0.0232272
8.49861e-12	-0.0232442
8.49997e-12	-0.0232611
8.50132e-12	-0.0232781
8.50267e-12	-0.0232951
8.50402e-12	-0.0233121
8.50538e-12	-0.0233291
8.50673e-12	-0.0233461
8.50808e-12	-0.0233631
8.50943e-12	-0.0233801
8.51079e-12	-0.0233971
8.51214e-12	-0.0234142
8.51349e-12	-0.0234312
8.51484e-12	-0.0234483
8.5162e-12	-0.0234653
8.51755e-12	-0.0234824
8.5189e-12	-0.0234995
8.52026e-12	-0.0235166
8.52161e-12	-0.0235337
8.52296e-12	-0.0235508
8.52431e-12	-0.0235679
8.52567e-12	-0.023585
8.52702e-12	-0.0236022
8.52837e-12	-0.0236193
8.52972e-12	-0.0236365
8.53108e-12	-0.0236536
8.53243e-12	-0.0236708
8.53378e-12	-0.023688
8.53513e-12	-0.0237052
8.53649e-12	-0.0237224
8.53784e-12	-0.0237396
8.53919e-12	-0.0237568
8.54054e-12	-0.023774
8.5419e-12	-0.0237913
8.54325e-12	-0.0238085
8.5446e-12	-0.0238258
8.54596e-12	-0.023843
8.54731e-12	-0.0238603
8.54866e-12	-0.0238776
8.55001e-12	-0.0238949
8.55137e-12	-0.0239122
8.55272e-12	-0.0239295
8.55407e-12	-0.0239468
8.55542e-12	-0.0239641
8.55678e-12	-0.0239814
8.55813e-12	-0.0239988
8.55948e-12	-0.0240161
8.56083e-12	-0.0240335
8.56219e-12	-0.0240509
8.56354e-12	-0.0240682
8.56489e-12	-0.0240856
8.56624e-12	-0.024103
8.5676e-12	-0.0241204
8.56895e-12	-0.0241378
8.5703e-12	-0.0241553
8.57166e-12	-0.0241727
8.57301e-12	-0.0241901
8.57436e-12	-0.0242076
8.57571e-12	-0.024225
8.57707e-12	-0.0242425
8.57842e-12	-0.02426
8.57977e-12	-0.0242775
8.58112e-12	-0.0242949
8.58248e-12	-0.0243124
8.58383e-12	-0.02433
8.58518e-12	-0.0243475
8.58653e-12	-0.024365
8.58789e-12	-0.0243825
8.58924e-12	-0.0244001
8.59059e-12	-0.0244176
8.59195e-12	-0.0244352
8.5933e-12	-0.0244528
8.59465e-12	-0.0244704
8.596e-12	-0.024488
8.59736e-12	-0.0245056
8.59871e-12	-0.0245232
8.60006e-12	-0.0245408
8.60141e-12	-0.0245584
8.60277e-12	-0.024576
8.60412e-12	-0.0245937
8.60547e-12	-0.0246114
8.60682e-12	-0.024629
8.60818e-12	-0.0246467
8.60953e-12	-0.0246644
8.61088e-12	-0.0246821
8.61223e-12	-0.0246998
8.61359e-12	-0.0247175
8.61494e-12	-0.0247352
8.61629e-12	-0.0247529
8.61765e-12	-0.0247706
8.619e-12	-0.0247884
8.62035e-12	-0.0248061
8.6217e-12	-0.0248239
8.62306e-12	-0.0248417
8.62441e-12	-0.0248594
8.62576e-12	-0.0248772
8.62711e-12	-0.024895
8.62847e-12	-0.0249128
8.62982e-12	-0.0249307
8.63117e-12	-0.0249485
8.63252e-12	-0.0249663
8.63388e-12	-0.0249842
8.63523e-12	-0.025002
8.63658e-12	-0.0250199
8.63793e-12	-0.0250377
8.63929e-12	-0.0250556
8.64064e-12	-0.0250735
8.64199e-12	-0.0250914
8.64335e-12	-0.0251093
8.6447e-12	-0.0251272
8.64605e-12	-0.0251451
8.6474e-12	-0.0251631
8.64876e-12	-0.025181
8.65011e-12	-0.025199
8.65146e-12	-0.0252169
8.65281e-12	-0.0252349
8.65417e-12	-0.0252529
8.65552e-12	-0.0252709
8.65687e-12	-0.0252889
8.65822e-12	-0.0253069
8.65958e-12	-0.0253249
8.66093e-12	-0.0253429
8.66228e-12	-0.0253609
8.66363e-12	-0.025379
8.66499e-12	-0.025397
8.66634e-12	-0.0254151
8.66769e-12	-0.0254332
8.66905e-12	-0.0254512
8.6704e-12	-0.0254693
8.67175e-12	-0.0254874
8.6731e-12	-0.0255055
8.67446e-12	-0.0255236
8.67581e-12	-0.0255417
8.67716e-12	-0.0255599
8.67851e-12	-0.025578
8.67987e-12	-0.0255962
8.68122e-12	-0.0256143
8.68257e-12	-0.0256325
8.68392e-12	-0.0256507
8.68528e-12	-0.0256689
8.68663e-12	-0.0256871
8.68798e-12	-0.0257053
8.68933e-12	-0.0257235
8.69069e-12	-0.0257417
8.69204e-12	-0.0257599
8.69339e-12	-0.0257782
8.69475e-12	-0.0257964
8.6961e-12	-0.0258147
8.69745e-12	-0.0258329
8.6988e-12	-0.0258512
8.70016e-12	-0.0258695
8.70151e-12	-0.0258878
8.70286e-12	-0.0259061
8.70421e-12	-0.0259244
8.70557e-12	-0.0259427
8.70692e-12	-0.0259611
8.70827e-12	-0.0259794
8.70962e-12	-0.0259977
8.71098e-12	-0.0260161
8.71233e-12	-0.0260345
8.71368e-12	-0.0260528
8.71503e-12	-0.0260712
8.71639e-12	-0.0260896
8.71774e-12	-0.026108
8.71909e-12	-0.0261264
8.72045e-12	-0.0261449
8.7218e-12	-0.0261633
8.72315e-12	-0.0261817
8.7245e-12	-0.0262002
8.72586e-12	-0.0262186
8.72721e-12	-0.0262371
8.72856e-12	-0.0262556
8.72991e-12	-0.0262741
8.73127e-12	-0.0262925
8.73262e-12	-0.0263111
8.73397e-12	-0.0263296
8.73532e-12	-0.0263481
8.73668e-12	-0.0263666
8.73803e-12	-0.0263852
8.73938e-12	-0.0264037
8.74074e-12	-0.0264223
8.74209e-12	-0.0264408
8.74344e-12	-0.0264594
8.74479e-12	-0.026478
8.74615e-12	-0.0264966
8.7475e-12	-0.0265152
8.74885e-12	-0.0265338
8.7502e-12	-0.0265524
8.75156e-12	-0.026571
8.75291e-12	-0.0265897
8.75426e-12	-0.0266083
8.75561e-12	-0.026627
8.75697e-12	-0.0266457
8.75832e-12	-0.0266643
8.75967e-12	-0.026683
8.76102e-12	-0.0267017
8.76238e-12	-0.0267204
8.76373e-12	-0.0267391
8.76508e-12	-0.0267578
8.76644e-12	-0.0267766
8.76779e-12	-0.0267953
8.76914e-12	-0.0268141
8.77049e-12	-0.0268328
8.77185e-12	-0.0268516
8.7732e-12	-0.0268704
8.77455e-12	-0.0268891
8.7759e-12	-0.0269079
8.77726e-12	-0.0269267
8.77861e-12	-0.0269456
8.77996e-12	-0.0269644
8.78131e-12	-0.0269832
8.78267e-12	-0.027002
8.78402e-12	-0.0270209
8.78537e-12	-0.0270397
8.78672e-12	-0.0270586
8.78808e-12	-0.0270775
8.78943e-12	-0.0270964
8.79078e-12	-0.0271153
8.79214e-12	-0.0271342
8.79349e-12	-0.0271531
8.79484e-12	-0.027172
8.79619e-12	-0.0271909
8.79755e-12	-0.0272099
8.7989e-12	-0.0272288
8.80025e-12	-0.0272478
8.8016e-12	-0.0272668
8.80296e-12	-0.0272857
8.80431e-12	-0.0273047
8.80566e-12	-0.0273237
8.80701e-12	-0.0273427
8.80837e-12	-0.0273617
8.80972e-12	-0.0273808
8.81107e-12	-0.0273998
8.81242e-12	-0.0274188
8.81378e-12	-0.0274379
8.81513e-12	-0.0274569
8.81648e-12	-0.027476
8.81784e-12	-0.0274951
8.81919e-12	-0.0275142
8.82054e-12	-0.0275333
8.82189e-12	-0.0275524
8.82325e-12	-0.0275715
8.8246e-12	-0.0275906
8.82595e-12	-0.0276097
8.8273e-12	-0.0276289
8.82866e-12	-0.027648
8.83001e-12	-0.0276672
8.83136e-12	-0.0276864
8.83271e-12	-0.0277055
8.83407e-12	-0.0277247
8.83542e-12	-0.0277439
8.83677e-12	-0.0277631
8.83812e-12	-0.0277823
8.83948e-12	-0.0278016
8.84083e-12	-0.0278208
8.84218e-12	-0.02784
8.84354e-12	-0.0278593
8.84489e-12	-0.0278785
8.84624e-12	-0.0278978
8.84759e-12	-0.0279171
8.84895e-12	-0.0279364
8.8503e-12	-0.0279557
8.85165e-12	-0.027975
8.853e-12	-0.0279943
8.85436e-12	-0.0280136
8.85571e-12	-0.028033
8.85706e-12	-0.0280523
8.85841e-12	-0.0280716
8.85977e-12	-0.028091
8.86112e-12	-0.0281104
8.86247e-12	-0.0281298
8.86382e-12	-0.0281491
8.86518e-12	-0.0281685
8.86653e-12	-0.028188
8.86788e-12	-0.0282074
8.86924e-12	-0.0282268
8.87059e-12	-0.0282462
8.87194e-12	-0.0282657
8.87329e-12	-0.0282851
8.87465e-12	-0.0283046
8.876e-12	-0.0283241
8.87735e-12	-0.0283435
8.8787e-12	-0.028363
8.88006e-12	-0.0283825
8.88141e-12	-0.028402
8.88276e-12	-0.0284216
8.88411e-12	-0.0284411
8.88547e-12	-0.0284606
8.88682e-12	-0.0284802
8.88817e-12	-0.0284997
8.88952e-12	-0.0285193
8.89088e-12	-0.0285388
8.89223e-12	-0.0285584
8.89358e-12	-0.028578
8.89494e-12	-0.0285976
8.89629e-12	-0.0286172
8.89764e-12	-0.0286368
8.89899e-12	-0.0286565
8.90035e-12	-0.0286761
8.9017e-12	-0.0286958
8.90305e-12	-0.0287154
8.9044e-12	-0.0287351
8.90576e-12	-0.0287548
8.90711e-12	-0.0287744
8.90846e-12	-0.0287941
8.90981e-12	-0.0288138
8.91117e-12	-0.0288335
8.91252e-12	-0.0288533
8.91387e-12	-0.028873
8.91523e-12	-0.0288927
8.91658e-12	-0.0289125
8.91793e-12	-0.0289322
8.91928e-12	-0.028952
8.92064e-12	-0.0289718
8.92199e-12	-0.0289916
8.92334e-12	-0.0290113
8.92469e-12	-0.0290311
8.92605e-12	-0.029051
8.9274e-12	-0.0290708
8.92875e-12	-0.0290906
8.9301e-12	-0.0291105
8.93146e-12	-0.0291303
8.93281e-12	-0.0291502
8.93416e-12	-0.02917
8.93551e-12	-0.0291899
8.93687e-12	-0.0292098
8.93822e-12	-0.0292297
8.93957e-12	-0.0292496
8.94093e-12	-0.0292695
8.94228e-12	-0.0292894
8.94363e-12	-0.0293094
8.94498e-12	-0.0293293
8.94634e-12	-0.0293492
8.94769e-12	-0.0293692
8.94904e-12	-0.0293892
8.95039e-12	-0.0294091
8.95175e-12	-0.0294291
8.9531e-12	-0.0294491
8.95445e-12	-0.0294691
8.9558e-12	-0.0294891
8.95716e-12	-0.0295092
8.95851e-12	-0.0295292
8.95986e-12	-0.0295492
8.96121e-12	-0.0295693
8.96257e-12	-0.0295894
8.96392e-12	-0.0296094
8.96527e-12	-0.0296295
8.96663e-12	-0.0296496
8.96798e-12	-0.0296697
8.96933e-12	-0.0296898
8.97068e-12	-0.0297099
8.97204e-12	-0.02973
8.97339e-12	-0.0297502
8.97474e-12	-0.0297703
8.97609e-12	-0.0297905
8.97745e-12	-0.0298106
8.9788e-12	-0.0298308
8.98015e-12	-0.029851
8.9815e-12	-0.0298712
8.98286e-12	-0.0298914
8.98421e-12	-0.0299116
8.98556e-12	-0.0299318
8.98691e-12	-0.029952
8.98827e-12	-0.0299723
8.98962e-12	-0.0299925
8.99097e-12	-0.0300128
8.99233e-12	-0.030033
8.99368e-12	-0.0300533
8.99503e-12	-0.0300736
8.99638e-12	-0.0300939
8.99774e-12	-0.0301142
8.99909e-12	-0.0301345
9.00044e-12	-0.0301548
9.00179e-12	-0.0301751
9.00315e-12	-0.0301955
9.0045e-12	-0.0302158
9.00585e-12	-0.0302362
9.0072e-12	-0.0302565
9.00856e-12	-0.0302769
9.00991e-12	-0.0302973
9.01126e-12	-0.0303177
9.01261e-12	-0.0303381
9.01397e-12	-0.0303585
9.01532e-12	-0.0303789
9.01667e-12	-0.0303994
9.01803e-12	-0.0304198
9.01938e-12	-0.0304402
9.02073e-12	-0.0304607
9.02208e-12	-0.0304812
9.02344e-12	-0.0305016
9.02479e-12	-0.0305221
9.02614e-12	-0.0305426
9.02749e-12	-0.0305631
9.02885e-12	-0.0305836
9.0302e-12	-0.0306042
9.03155e-12	-0.0306247
9.0329e-12	-0.0306452
9.03426e-12	-0.0306658
9.03561e-12	-0.0306864
9.03696e-12	-0.0307069
9.03831e-12	-0.0307275
9.03967e-12	-0.0307481
9.04102e-12	-0.0307687
9.04237e-12	-0.0307893
9.04373e-12	-0.0308099
9.04508e-12	-0.0308305
9.04643e-12	-0.0308512
9.04778e-12	-0.0308718
9.04914e-12	-0.0308925
9.05049e-12	-0.0309131
9.05184e-12	-0.0309338
9.05319e-12	-0.0309545
9.05455e-12	-0.0309752
9.0559e-12	-0.0309959
9.05725e-12	-0.0310166
9.0586e-12	-0.0310373
9.05996e-12	-0.031058
9.06131e-12	-0.0310787
9.06266e-12	-0.0310995
9.06402e-12	-0.0311202
9.06537e-12	-0.031141
9.06672e-12	-0.0311618
9.06807e-12	-0.0311826
9.06943e-12	-0.0312034
9.07078e-12	-0.0312242
9.07213e-12	-0.031245
9.07348e-12	-0.0312658
9.07484e-12	-0.0312866
9.07619e-12	-0.0313074
9.07754e-12	-0.0313283
9.07889e-12	-0.0313491
9.08025e-12	-0.03137
9.0816e-12	-0.0313909
9.08295e-12	-0.0314118
9.0843e-12	-0.0314327
9.08566e-12	-0.0314536
9.08701e-12	-0.0314745
9.08836e-12	-0.0314954
9.08972e-12	-0.0315163
9.09107e-12	-0.0315373
9.09242e-12	-0.0315582
9.09377e-12	-0.0315792
9.09513e-12	-0.0316001
9.09648e-12	-0.0316211
9.09783e-12	-0.0316421
9.09918e-12	-0.0316631
9.10054e-12	-0.0316841
9.10189e-12	-0.0317051
9.10324e-12	-0.0317261
9.10459e-12	-0.0317472
9.10595e-12	-0.0317682
9.1073e-12	-0.0317893
9.10865e-12	-0.0318103
9.11e-12	-0.0318314
9.11136e-12	-0.0318525
9.11271e-12	-0.0318736
9.11406e-12	-0.0318947
9.11542e-12	-0.0319158
9.11677e-12	-0.0319369
9.11812e-12	-0.031958
9.11947e-12	-0.0319791
9.12083e-12	-0.0320003
9.12218e-12	-0.0320214
9.12353e-12	-0.0320426
9.12488e-12	-0.0320638
9.12624e-12	-0.0320849
9.12759e-12	-0.0321061
9.12894e-12	-0.0321273
9.13029e-12	-0.0321485
9.13165e-12	-0.0321698
9.133e-12	-0.032191
9.13435e-12	-0.0322122
9.1357e-12	-0.0322335
9.13706e-12	-0.0322547
9.13841e-12	-0.032276
9.13976e-12	-0.0322972
9.14112e-12	-0.0323185
9.14247e-12	-0.0323398
9.14382e-12	-0.0323611
9.14517e-12	-0.0323824
9.14653e-12	-0.0324038
9.14788e-12	-0.0324251
9.14923e-12	-0.0324464
9.15058e-12	-0.0324678
9.15194e-12	-0.0324891
9.15329e-12	-0.0325105
9.15464e-12	-0.0325319
9.15599e-12	-0.0325532
9.15735e-12	-0.0325746
9.1587e-12	-0.032596
9.16005e-12	-0.0326175
9.1614e-12	-0.0326389
9.16276e-12	-0.0326603
9.16411e-12	-0.0326817
9.16546e-12	-0.0327032
9.16682e-12	-0.0327247
9.16817e-12	-0.0327461
9.16952e-12	-0.0327676
9.17087e-12	-0.0327891
9.17223e-12	-0.0328106
9.17358e-12	-0.0328321
9.17493e-12	-0.0328536
9.17628e-12	-0.0328751
9.17764e-12	-0.0328966
9.17899e-12	-0.0329182
9.18034e-12	-0.0329397
9.18169e-12	-0.0329613
9.18305e-12	-0.0329829
9.1844e-12	-0.0330045
9.18575e-12	-0.033026
9.1871e-12	-0.0330476
9.18846e-12	-0.0330692
9.18981e-12	-0.0330909
9.19116e-12	-0.0331125
9.19252e-12	-0.0331341
9.19387e-12	-0.0331558
9.19522e-12	-0.0331774
9.19657e-12	-0.0331991
9.19793e-12	-0.0332207
9.19928e-12	-0.0332424
9.20063e-12	-0.0332641
9.20198e-12	-0.0332858
9.20334e-12	-0.0333075
9.20469e-12	-0.0333292
9.20604e-12	-0.033351
9.20739e-12	-0.0333727
9.20875e-12	-0.0333944
9.2101e-12	-0.0334162
9.21145e-12	-0.033438
9.21281e-12	-0.0334597
9.21416e-12	-0.0334815
9.21551e-12	-0.0335033
9.21686e-12	-0.0335251
9.21822e-12	-0.0335469
9.21957e-12	-0.0335687
9.22092e-12	-0.0335906
9.22227e-12	-0.0336124
9.22363e-12	-0.0336343
9.22498e-12	-0.0336561
9.22633e-12	-0.033678
9.22768e-12	-0.0336999
9.22904e-12	-0.0337217
9.23039e-12	-0.0337436
9.23174e-12	-0.0337655
9.23309e-12	-0.0337874
9.23445e-12	-0.0338094
9.2358e-12	-0.0338313
9.23715e-12	-0.0338532
9.23851e-12	-0.0338752
9.23986e-12	-0.0338971
9.24121e-12	-0.0339191
9.24256e-12	-0.0339411
9.24392e-12	-0.0339631
9.24527e-12	-0.0339851
9.24662e-12	-0.0340071
9.24797e-12	-0.0340291
9.24933e-12	-0.0340511
9.25068e-12	-0.0340731
9.25203e-12	-0.0340952
9.25338e-12	-0.0341172
9.25474e-12	-0.0341393
9.25609e-12	-0.0341614
9.25744e-12	-0.0341834
9.25879e-12	-0.0342055
9.26015e-12	-0.0342276
9.2615e-12	-0.0342497
9.26285e-12	-0.0342718
9.26421e-12	-0.034294
9.26556e-12	-0.0343161
9.26691e-12	-0.0343383
9.26826e-12	-0.0343604
9.26962e-12	-0.0343826
9.27097e-12	-0.0344047
9.27232e-12	-0.0344269
9.27367e-12	-0.0344491
9.27503e-12	-0.0344713
9.27638e-12	-0.0344935
9.27773e-12	-0.0345157
9.27908e-12	-0.034538
9.28044e-12	-0.0345602
9.28179e-12	-0.0345824
9.28314e-12	-0.0346047
9.28449e-12	-0.034627
9.28585e-12	-0.0346492
9.2872e-12	-0.0346715
9.28855e-12	-0.0346938
9.28991e-12	-0.0347161
9.29126e-12	-0.0347384
9.29261e-12	-0.0347607
9.29396e-12	-0.0347831
9.29532e-12	-0.0348054
9.29667e-12	-0.0348277
9.29802e-12	-0.0348501
9.29937e-12	-0.0348725
9.30073e-12	-0.0348948
9.30208e-12	-0.0349172
9.30343e-12	-0.0349396
9.30478e-12	-0.034962
9.30614e-12	-0.0349844
9.30749e-12	-0.0350068
9.30884e-12	-0.0350293
9.31019e-12	-0.0350517
9.31155e-12	-0.0350742
9.3129e-12	-0.0350966
9.31425e-12	-0.0351191
9.31561e-12	-0.0351416
9.31696e-12	-0.035164
9.31831e-12	-0.0351865
9.31966e-12	-0.035209
9.32102e-12	-0.0352316
9.32237e-12	-0.0352541
9.32372e-12	-0.0352766
9.32507e-12	-0.0352991
9.32643e-12	-0.0353217
9.32778e-12	-0.0353443
9.32913e-12	-0.0353668
9.33048e-12	-0.0353894
9.33184e-12	-0.035412
9.33319e-12	-0.0354346
9.33454e-12	-0.0354572
9.33589e-12	-0.0354798
9.33725e-12	-0.0355024
9.3386e-12	-0.0355251
9.33995e-12	-0.0355477
9.34131e-12	-0.0355704
9.34266e-12	-0.035593
9.34401e-12	-0.0356157
9.34536e-12	-0.0356384
9.34672e-12	-0.035661
9.34807e-12	-0.0356837
9.34942e-12	-0.0357065
9.35077e-12	-0.0357292
9.35213e-12	-0.0357519
9.35348e-12	-0.0357746
9.35483e-12	-0.0357974
9.35618e-12	-0.0358201
9.35754e-12	-0.0358429
9.35889e-12	-0.0358657
9.36024e-12	-0.0358884
9.3616e-12	-0.0359112
9.36295e-12	-0.035934
9.3643e-12	-0.0359568
9.36565e-12	-0.0359796
9.36701e-12	-0.0360025
9.36836e-12	-0.0360253
9.36971e-12	-0.0360482
9.37106e-12	-0.036071
9.37242e-12	-0.0360939
9.37377e-12	-0.0361167
9.37512e-12	-0.0361396
9.37647e-12	-0.0361625
9.37783e-12	-0.0361854
9.37918e-12	-0.0362083
9.38053e-12	-0.0362312
9.38188e-12	-0.0362542
9.38324e-12	-0.0362771
9.38459e-12	-0.0363001
9.38594e-12	-0.036323
9.3873e-12	-0.036346
9.38865e-12	-0.0363689
9.39e-12	-0.0363919
9.39135e-12	-0.0364149
9.39271e-12	-0.0364379
9.39406e-12	-0.0364609
9.39541e-12	-0.0364839
9.39676e-12	-0.036507
9.39812e-12	-0.03653
9.39947e-12	-0.0365531
9.40082e-12	-0.0365761
9.40217e-12	-0.0365992
9.40353e-12	-0.0366223
9.40488e-12	-0.0366453
9.40623e-12	-0.0366684
9.40758e-12	-0.0366915
9.40894e-12	-0.0367146
9.41029e-12	-0.0367378
9.41164e-12	-0.0367609
9.413e-12	-0.036784
9.41435e-12	-0.0368072
9.4157e-12	-0.0368303
9.41705e-12	-0.0368535
9.41841e-12	-0.0368767
9.41976e-12	-0.0368999
9.42111e-12	-0.0369231
9.42246e-12	-0.0369463
9.42382e-12	-0.0369695
9.42517e-12	-0.0369927
9.42652e-12	-0.0370159
9.42787e-12	-0.0370392
9.42923e-12	-0.0370624
9.43058e-12	-0.0370857
9.43193e-12	-0.0371089
9.43328e-12	-0.0371322
9.43464e-12	-0.0371555
9.43599e-12	-0.0371788
9.43734e-12	-0.0372021
9.4387e-12	-0.0372254
9.44005e-12	-0.0372487
9.4414e-12	-0.0372721
9.44275e-12	-0.0372954
9.44411e-12	-0.0373188
9.44546e-12	-0.0373421
9.44681e-12	-0.0373655
9.44816e-12	-0.0373889
9.44952e-12	-0.0374122
9.45087e-12	-0.0374356
9.45222e-12	-0.037459
9.45357e-12	-0.0374825
9.45493e-12	-0.0375059
9.45628e-12	-0.0375293
9.45763e-12	-0.0375527
9.45898e-12	-0.0375762
9.46034e-12	-0.0375997
9.46169e-12	-0.0376231
9.46304e-12	-0.0376466
9.4644e-12	-0.0376701
9.46575e-12	-0.0376936
9.4671e-12	-0.0377171
9.46845e-12	-0.0377406
9.46981e-12	-0.0377641
9.47116e-12	-0.0377877
9.47251e-12	-0.0378112
9.47386e-12	-0.0378348
9.47522e-12	-0.0378583
9.47657e-12	-0.0378819
9.47792e-12	-0.0379055
9.47927e-12	-0.037929
9.48063e-12	-0.0379526
9.48198e-12	-0.0379762
9.48333e-12	-0.0379999
9.48468e-12	-0.0380235
9.48604e-12	-0.0380471
9.48739e-12	-0.0380708
9.48874e-12	-0.0380944
9.4901e-12	-0.0381181
9.49145e-12	-0.0381417
9.4928e-12	-0.0381654
9.49415e-12	-0.0381891
9.49551e-12	-0.0382128
9.49686e-12	-0.0382365
9.49821e-12	-0.0382602
9.49956e-12	-0.0382839
9.50092e-12	-0.0383077
9.50227e-12	-0.0383314
9.50362e-12	-0.0383552
9.50497e-12	-0.0383789
9.50633e-12	-0.0384027
9.50768e-12	-0.0384265
9.50903e-12	-0.0384503
9.51038e-12	-0.0384741
9.51174e-12	-0.0384979
9.51309e-12	-0.0385217
9.51444e-12	-0.0385455
9.5158e-12	-0.0385693
9.51715e-12	-0.0385932
9.5185e-12	-0.038617
9.51985e-12	-0.0386409
9.52121e-12	-0.0386648
9.52256e-12	-0.0386886
9.52391e-12	-0.0387125
9.52526e-12	-0.0387364
9.52662e-12	-0.0387603
9.52797e-12	-0.0387842
9.52932e-12	-0.0388082
9.53067e-12	-0.0388321
9.53203e-12	-0.038856
9.53338e-12	-0.03888
9.53473e-12	-0.038904
9.53609e-12	-0.0389279
9.53744e-12	-0.0389519
9.53879e-12	-0.0389759
9.54014e-12	-0.0389999
9.5415e-12	-0.0390239
9.54285e-12	-0.0390479
9.5442e-12	-0.0390719
9.54555e-12	-0.039096
9.54691e-12	-0.03912
9.54826e-12	-0.0391441
9.54961e-12	-0.0391681
9.55096e-12	-0.0391922
9.55232e-12	-0.0392163
9.55367e-12	-0.0392403
9.55502e-12	-0.0392644
9.55637e-12	-0.0392885
9.55773e-12	-0.0393127
9.55908e-12	-0.0393368
9.56043e-12	-0.0393609
9.56179e-12	-0.0393851
9.56314e-12	-0.0394092
9.56449e-12	-0.0394334
9.56584e-12	-0.0394575
9.5672e-12	-0.0394817
9.56855e-12	-0.0395059
9.5699e-12	-0.0395301
9.57125e-12	-0.0395543
9.57261e-12	-0.0395785
9.57396e-12	-0.0396027
9.57531e-12	-0.039627
9.57666e-12	-0.0396512
9.57802e-12	-0.0396755
9.57937e-12	-0.0396997
9.58072e-12	-0.039724
9.58207e-12	-0.0397483
9.58343e-12	-0.0397725
9.58478e-12	-0.0397968
9.58613e-12	-0.0398211
9.58749e-12	-0.0398455
9.58884e-12	-0.0398698
9.59019e-12	-0.0398941
9.59154e-12	-0.0399184
9.5929e-12	-0.0399428
9.59425e-12	-0.0399672
9.5956e-12	-0.0399915
9.59695e-12	-0.0400159
9.59831e-12	-0.0400403
9.59966e-12	-0.0400647
9.60101e-12	-0.0400891
9.60236e-12	-0.0401135
9.60372e-12	-0.0401379
9.60507e-12	-0.0401623
9.60642e-12	-0.0401868
9.60777e-12	-0.0402112
9.60913e-12	-0.0402357
9.61048e-12	-0.0402602
9.61183e-12	-0.0402846
9.61319e-12	-0.0403091
9.61454e-12	-0.0403336
9.61589e-12	-0.0403581
9.61724e-12	-0.0403826
9.6186e-12	-0.0404071
9.61995e-12	-0.0404317
9.6213e-12	-0.0404562
9.62265e-12	-0.0404807
9.62401e-12	-0.0405053
9.62536e-12	-0.0405299
9.62671e-12	-0.0405544
9.62806e-12	-0.040579
9.62942e-12	-0.0406036
9.63077e-12	-0.0406282
9.63212e-12	-0.0406528
9.63347e-12	-0.0406774
9.63483e-12	-0.0407021
9.63618e-12	-0.0407267
9.63753e-12	-0.0407513
9.63889e-12	-0.040776
9.64024e-12	-0.0408007
9.64159e-12	-0.0408253
9.64294e-12	-0.04085
9.6443e-12	-0.0408747
9.64565e-12	-0.0408994
9.647e-12	-0.0409241
9.64835e-12	-0.0409488
9.64971e-12	-0.0409736
9.65106e-12	-0.0409983
9.65241e-12	-0.041023
9.65376e-12	-0.0410478
9.65512e-12	-0.0410726
9.65647e-12	-0.0410973
9.65782e-12	-0.0411221
9.65917e-12	-0.0411469
9.66053e-12	-0.0411717
9.66188e-12	-0.0411965
9.66323e-12	-0.0412213
9.66459e-12	-0.0412461
9.66594e-12	-0.041271
9.66729e-12	-0.0412958
9.66864e-12	-0.0413207
9.67e-12	-0.0413455
9.67135e-12	-0.0413704
9.6727e-12	-0.0413953
9.67405e-12	-0.0414201
9.67541e-12	-0.041445
9.67676e-12	-0.0414699
9.67811e-12	-0.0414949
9.67946e-12	-0.0415198
9.68082e-12	-0.0415447
9.68217e-12	-0.0415696
9.68352e-12	-0.0415946
9.68488e-12	-0.0416196
9.68623e-12	-0.0416445
9.68758e-12	-0.0416695
9.68893e-12	-0.0416945
9.69029e-12	-0.0417195
9.69164e-12	-0.0417445
9.69299e-12	-0.0417695
9.69434e-12	-0.0417945
9.6957e-12	-0.0418195
9.69705e-12	-0.0418446
9.6984e-12	-0.0418696
9.69975e-12	-0.0418947
9.70111e-12	-0.0419197
9.70246e-12	-0.0419448
9.70381e-12	-0.0419699
9.70516e-12	-0.041995
9.70652e-12	-0.0420201
9.70787e-12	-0.0420452
9.70922e-12	-0.0420703
9.71058e-12	-0.0420954
9.71193e-12	-0.0421206
9.71328e-12	-0.0421457
9.71463e-12	-0.0421709
9.71599e-12	-0.042196
9.71734e-12	-0.0422212
9.71869e-12	-0.0422464
9.72004e-12	-0.0422716
9.7214e-12	-0.0422967
9.72275e-12	-0.042322
9.7241e-12	-0.0423472
9.72545e-12	-0.0423724
9.72681e-12	-0.0423976
9.72816e-12	-0.0424229
9.72951e-12	-0.0424481
9.73086e-12	-0.0424734
9.73222e-12	-0.0424986
9.73357e-12	-0.0425239
9.73492e-12	-0.0425492
9.73628e-12	-0.0425745
9.73763e-12	-0.0425998
9.73898e-12	-0.0426251
9.74033e-12	-0.0426504
9.74169e-12	-0.0426757
9.74304e-12	-0.0427011
9.74439e-12	-0.0427264
9.74574e-12	-0.0427518
9.7471e-12	-0.0427772
9.74845e-12	-0.0428025
9.7498e-12	-0.0428279
9.75115e-12	-0.0428533
9.75251e-12	-0.0428787
9.75386e-12	-0.0429041
9.75521e-12	-0.0429295
9.75656e-12	-0.0429549
9.75792e-12	-0.0429804
9.75927e-12	-0.0430058
9.76062e-12	-0.0430313
9.76198e-12	-0.0430567
9.76333e-12	-0.0430822
9.76468e-12	-0.0431077
9.76603e-12	-0.0431332
9.76739e-12	-0.0431587
9.76874e-12	-0.0431842
9.77009e-12	-0.0432097
9.77144e-12	-0.0432352
9.7728e-12	-0.0432607
9.77415e-12	-0.0432863
9.7755e-12	-0.0433118
9.77685e-12	-0.0433374
9.77821e-12	-0.0433629
9.77956e-12	-0.0433885
9.78091e-12	-0.0434141
9.78226e-12	-0.0434397
9.78362e-12	-0.0434653
9.78497e-12	-0.0434909
9.78632e-12	-0.0435165
9.78768e-12	-0.0435421
9.78903e-12	-0.0435678
9.79038e-12	-0.0435934
9.79173e-12	-0.0436191
9.79309e-12	-0.0436447
9.79444e-12	-0.0436704
9.79579e-12	-0.0436961
9.79714e-12	-0.0437218
9.7985e-12	-0.0437475
9.79985e-12	-0.0437732
9.8012e-12	-0.0437989
9.80255e-12	-0.0438246
9.80391e-12	-0.0438503
9.80526e-12	-0.0438761
9.80661e-12	-0.0439018
9.80796e-12	-0.0439276
9.80932e-12	-0.0439533
9.81067e-12	-0.0439791
9.81202e-12	-0.0440049
9.81338e-12	-0.0440307
9.81473e-12	-0.0440565
9.81608e-12	-0.0440823
9.81743e-12	-0.0441081
9.81879e-12	-0.0441339
9.82014e-12	-0.0441598
9.82149e-12	-0.0441856
9.82284e-12	-0.0442115
9.8242e-12	-0.0442373
9.82555e-12	-0.0442632
9.8269e-12	-0.0442891
9.82825e-12	-0.044315
9.82961e-12	-0.0443408
9.83096e-12	-0.0443668
9.83231e-12	-0.0443927
9.83367e-12	-0.0444186
9.83502e-12	-0.0444445
9.83637e-12	-0.0444704
9.83772e-12	-0.0444964
9.83908e-12	-0.0445224
9.84043e-12	-0.0445483
9.84178e-12	-0.0445743
9.84313e-12	-0.0446003
9.84449e-12	-0.0446263
9.84584e-12	-0.0446523
9.84719e-12	-0.0446783
9.84854e-12	-0.0447043
9.8499e-12	-0.0447303
9.85125e-12	-0.0447563
9.8526e-12	-0.0447824
9.85395e-12	-0.0448084
9.85531e-12	-0.0448345
9.85666e-12	-0.0448606
9.85801e-12	-0.0448866
9.85937e-12	-0.0449127
9.86072e-12	-0.0449388
9.86207e-12	-0.0449649
9.86342e-12	-0.044991
9.86478e-12	-0.0450171
9.86613e-12	-0.0450433
9.86748e-12	-0.0450694
9.86883e-12	-0.0450955
9.87019e-12	-0.0451217
9.87154e-12	-0.0451479
9.87289e-12	-0.045174
9.87424e-12	-0.0452002
9.8756e-12	-0.0452264
9.87695e-12	-0.0452526
9.8783e-12	-0.0452788
9.87965e-12	-0.045305
9.88101e-12	-0.0453312
9.88236e-12	-0.0453575
9.88371e-12	-0.0453837
9.88507e-12	-0.0454099
9.88642e-12	-0.0454362
9.88777e-12	-0.0454625
9.88912e-12	-0.0454887
9.89048e-12	-0.045515
9.89183e-12	-0.0455413
9.89318e-12	-0.0455676
9.89453e-12	-0.0455939
9.89589e-12	-0.0456202
9.89724e-12	-0.0456465
9.89859e-12	-0.0456729
9.89994e-12	-0.0456992
9.9013e-12	-0.0457256
9.90265e-12	-0.0457519
9.904e-12	-0.0457783
9.90535e-12	-0.0458046
9.90671e-12	-0.045831
9.90806e-12	-0.0458574
9.90941e-12	-0.0458838
9.91077e-12	-0.0459102
9.91212e-12	-0.0459366
9.91347e-12	-0.0459631
9.91482e-12	-0.0459895
9.91618e-12	-0.0460159
9.91753e-12	-0.0460424
9.91888e-12	-0.0460689
9.92023e-12	-0.0460953
9.92159e-12	-0.0461218
9.92294e-12	-0.0461483
9.92429e-12	-0.0461748
9.92564e-12	-0.0462013
9.927e-12	-0.0462278
9.92835e-12	-0.0462543
9.9297e-12	-0.0462808
9.93105e-12	-0.0463074
9.93241e-12	-0.0463339
9.93376e-12	-0.0463605
9.93511e-12	-0.046387
9.93647e-12	-0.0464136
9.93782e-12	-0.0464402
9.93917e-12	-0.0464667
9.94052e-12	-0.0464933
9.94188e-12	-0.0465199
9.94323e-12	-0.0465465
9.94458e-12	-0.0465732
9.94593e-12	-0.0465998
9.94729e-12	-0.0466264
9.94864e-12	-0.0466531
9.94999e-12	-0.0466797
9.95134e-12	-0.0467064
9.9527e-12	-0.0467331
9.95405e-12	-0.0467597
9.9554e-12	-0.0467864
9.95675e-12	-0.0468131
9.95811e-12	-0.0468398
9.95946e-12	-0.0468665
9.96081e-12	-0.0468932
9.96217e-12	-0.04692
9.96352e-12	-0.0469467
9.96487e-12	-0.0469734
9.96622e-12	-0.0470002
9.96758e-12	-0.047027
9.96893e-12	-0.0470537
9.97028e-12	-0.0470805
9.97163e-12	-0.0471073
9.97299e-12	-0.0471341
9.97434e-12	-0.0471609
9.97569e-12	-0.0471877
9.97704e-12	-0.0472145
9.9784e-12	-0.0472413
9.97975e-12	-0.0472682
9.9811e-12	-0.047295
9.98246e-12	-0.0473219
9.98381e-12	-0.0473487
9.98516e-12	-0.0473756
9.98651e-12	-0.0474025
9.98787e-12	-0.0474294
9.98922e-12	-0.0474562
9.99057e-12	-0.0474832
9.99192e-12	-0.0475101
9.99328e-12	-0.047537
9.99463e-12	-0.0475639
9.99598e-12	-0.0475908
9.99733e-12	-0.0476178
9.99869e-12	-0.0476447
1e-11	-0.0476717
1.00014e-11	-0.0476987
1.00027e-11	-0.0477256
1.00041e-11	-0.0477526
1.00054e-11	-0.0477796
1.00068e-11	-0.0478066
1.00082e-11	-0.0478336
1.00095e-11	-0.0478606
1.00109e-11	-0.0478877
1.00122e-11	-0.0479147
1.00136e-11	-0.0479417
1.00149e-11	-0.0479688
1.00163e-11	-0.0479958
1.00176e-11	-0.0480229
1.0019e-11	-0.04805
1.00203e-11	-0.0480771
1.00217e-11	-0.0481042
1.0023e-11	-0.0481313
1.00244e-11	-0.0481584
1.00257e-11	-0.0481855
1.00271e-11	-0.0482126
1.00284e-11	-0.0482397
1.00298e-11	-0.0482669
1.00311e-11	-0.048294
1.00325e-11	-0.0483212
1.00339e-11	-0.0483483
1.00352e-11	-0.0483755
1.00366e-11	-0.0484027
1.00379e-11	-0.0484299
1.00393e-11	-0.0484571
1.00406e-11	-0.0484843
1.0042e-11	-0.0485115
1.00433e-11	-0.0485387
1.00447e-11	-0.048566
1.0046e-11	-0.0485932
1.00474e-11	-0.0486204
1.00487e-11	-0.0486477
1.00501e-11	-0.0486749
1.00514e-11	-0.0487022
1.00528e-11	-0.0487295
1.00541e-11	-0.0487568
1.00555e-11	-0.0487841
1.00569e-11	-0.0488114
1.00582e-11	-0.0488387
1.00596e-11	-0.048866
1.00609e-11	-0.0488933
1.00623e-11	-0.0489207
1.00636e-11	-0.048948
1.0065e-11	-0.0489754
1.00663e-11	-0.0490027
1.00677e-11	-0.0490301
1.0069e-11	-0.0490575
1.00704e-11	-0.0490848
1.00717e-11	-0.0491122
1.00731e-11	-0.0491396
1.00744e-11	-0.049167
1.00758e-11	-0.0491945
1.00771e-11	-0.0492219
1.00785e-11	-0.0492493
1.00798e-11	-0.0492768
1.00812e-11	-0.0493042
1.00826e-11	-0.0493317
1.00839e-11	-0.0493591
1.00853e-11	-0.0493866
1.00866e-11	-0.0494141
1.0088e-11	-0.0494416
1.00893e-11	-0.0494691
1.00907e-11	-0.0494966
1.0092e-11	-0.0495241
1.00934e-11	-0.0495516
1.00947e-11	-0.0495791
1.00961e-11	-0.0496066
1.00974e-11	-0.0496342
1.00988e-11	-0.0496617
1.01001e-11	-0.0496893
1.01015e-11	-0.0497169
1.01028e-11	-0.0497444
1.01042e-11	-0.049772
1.01055e-11	-0.0497996
1.01069e-11	-0.0498272
1.01083e-11	-0.0498548
1.01096e-11	-0.0498824
1.0111e-11	-0.0499101
1.01123e-11	-0.0499377
1.01137e-11	-0.0499653
1.0115e-11	-0.049993
1.01164e-11	-0.0500206
1.01177e-11	-0.0500483
1.01191e-11	-0.050076
1.01204e-11	-0.0501036
1.01218e-11	-0.0501313
1.01231e-11	-0.050159
1.01245e-11	-0.0501867
1.01258e-11	-0.0502144
1.01272e-11	-0.0502422
1.01285e-11	-0.0502699
1.01299e-11	-0.0502976
1.01312e-11	-0.0503254
1.01326e-11	-0.0503531
1.0134e-11	-0.0503809
1.01353e-11	-0.0504086
1.01367e-11	-0.0504364
1.0138e-11	-0.0504642
1.01394e-11	-0.050492
1.01407e-11	-0.0505198
1.01421e-11	-0.0505476
1.01434e-11	-0.0505754
1.01448e-11	-0.0506032
1.01461e-11	-0.050631
1.01475e-11	-0.0506589
1.01488e-11	-0.0506867
1.01502e-11	-0.0507146
1.01515e-11	-0.0507424
1.01529e-11	-0.0507703
1.01542e-11	-0.0507982
1.01556e-11	-0.050826
1.01569e-11	-0.0508539
1.01583e-11	-0.0508818
1.01597e-11	-0.0509097
1.0161e-11	-0.0509376
1.01624e-11	-0.0509656
1.01637e-11	-0.0509935
1.01651e-11	-0.0510214
1.01664e-11	-0.0510494
1.01678e-11	-0.0510773
1.01691e-11	-0.0511053
1.01705e-11	-0.0511333
1.01718e-11	-0.0511612
1.01732e-11	-0.0511892
1.01745e-11	-0.0512172
1.01759e-11	-0.0512452
1.01772e-11	-0.0512732
1.01786e-11	-0.0513012
1.01799e-11	-0.0513293
1.01813e-11	-0.0513573
1.01826e-11	-0.0513853
1.0184e-11	-0.0514134
1.01854e-11	-0.0514414
1.01867e-11	-0.0514695
1.01881e-11	-0.0514975
1.01894e-11	-0.0515256
1.01908e-11	-0.0515537
1.01921e-11	-0.0515818
1.01935e-11	-0.0516099
1.01948e-11	-0.051638
1.01962e-11	-0.0516661
1.01975e-11	-0.0516942
1.01989e-11	-0.0517224
1.02002e-11	-0.0517505
1.02016e-11	-0.0517787
1.02029e-11	-0.0518068
1.02043e-11	-0.051835
1.02056e-11	-0.0518631
1.0207e-11	-0.0518913
1.02083e-11	-0.0519195
1.02097e-11	-0.0519477
1.02111e-11	-0.0519759
1.02124e-11	-0.0520041
1.02138e-11	-0.0520323
1.02151e-11	-0.0520605
1.02165e-11	-0.0520888
1.02178e-11	-0.052117
1.02192e-11	-0.0521452
1.02205e-11	-0.0521735
1.02219e-11	-0.0522017
1.02232e-11	-0.05223
1.02246e-11	-0.0522583
1.02259e-11	-0.0522866
1.02273e-11	-0.0523149
1.02286e-11	-0.0523432
1.023e-11	-0.0523715
1.02313e-11	-0.0523998
1.02327e-11	-0.0524281
1.0234e-11	-0.0524564
1.02354e-11	-0.0524848
1.02368e-11	-0.0525131
1.02381e-11	-0.0525414
1.02395e-11	-0.0525698
1.02408e-11	-0.0525982
1.02422e-11	-0.0526265
1.02435e-11	-0.0526549
1.02449e-11	-0.0526833
1.02462e-11	-0.0527117
1.02476e-11	-0.0527401
1.02489e-11	-0.0527685
1.02503e-11	-0.0527969
1.02516e-11	-0.0528254
1.0253e-11	-0.0528538
1.02543e-11	-0.0528822
1.02557e-11	-0.0529107
1.0257e-11	-0.0529391
1.02584e-11	-0.0529676
1.02597e-11	-0.0529961
1.02611e-11	-0.0530245
1.02625e-11	-0.053053
1.02638e-11	-0.0530815
1.02652e-11	-0.05311
1.02665e-11	-0.0531385
1.02679e-11	-0.053167
1.02692e-11	-0.0531956
1.02706e-11	-0.0532241
1.02719e-11	-0.0532526
1.02733e-11	-0.0532812
1.02746e-11	-0.0533097
1.0276e-11	-0.0533383
1.02773e-11	-0.0533668
1.02787e-11	-0.0533954
1.028e-11	-0.053424
1.02814e-11	-0.0534526
1.02827e-11	-0.0534812
1.02841e-11	-0.0535098
1.02854e-11	-0.0535384
1.02868e-11	-0.053567
1.02882e-11	-0.0535956
1.02895e-11	-0.0536243
1.02909e-11	-0.0536529
1.02922e-11	-0.0536816
1.02936e-11	-0.0537102
1.02949e-11	-0.0537389
1.02963e-11	-0.0537675
1.02976e-11	-0.0537962
1.0299e-11	-0.0538249
1.03003e-11	-0.0538536
1.03017e-11	-0.0538823
1.0303e-11	-0.053911
1.03044e-11	-0.0539397
1.03057e-11	-0.0539684
1.03071e-11	-0.0539972
1.03084e-11	-0.0540259
1.03098e-11	-0.0540546
1.03111e-11	-0.0540834
1.03125e-11	-0.0541121
1.03139e-11	-0.0541409
1.03152e-11	-0.0541697
1.03166e-11	-0.0541984
1.03179e-11	-0.0542272
1.03193e-11	-0.054256
1.03206e-11	-0.0542848
1.0322e-11	-0.0543136
1.03233e-11	-0.0543424
1.03247e-11	-0.0543713
1.0326e-11	-0.0544001
1.03274e-11	-0.0544289
1.03287e-11	-0.0544578
1.03301e-11	-0.0544866
1.03314e-11	-0.0545155
1.03328e-11	-0.0545443
1.03341e-11	-0.0545732
1.03355e-11	-0.0546021
1.03368e-11	-0.054631
1.03382e-11	-0.0546599
1.03396e-11	-0.0546888
1.03409e-11	-0.0547177
1.03423e-11	-0.0547466
1.03436e-11	-0.0547755
1.0345e-11	-0.0548044
1.03463e-11	-0.0548334
1.03477e-11	-0.0548623
1.0349e-11	-0.0548913
1.03504e-11	-0.0549202
1.03517e-11	-0.0549492
1.03531e-11	-0.0549782
1.03544e-11	-0.0550071
1.03558e-11	-0.0550361
1.03571e-11	-0.0550651
1.03585e-11	-0.0550941
1.03598e-11	-0.0551231
1.03612e-11	-0.0551521
1.03625e-11	-0.0551812
1.03639e-11	-0.0552102
1.03653e-11	-0.0552392
1.03666e-11	-0.0552683
1.0368e-11	-0.0552973
1.03693e-11	-0.0553264
1.03707e-11	-0.0553554
1.0372e-11	-0.0553845
1.03734e-11	-0.0554136
1.03747e-11	-0.0554427
1.03761e-11	-0.0554718
1.03774e-11	-0.0555009
1.03788e-11	-0.05553
1.03801e-11	-0.0555591
1.03815e-11	-0.0555882
1.03828e-11	-0.0556173
1.03842e-11	-0.0556464
1.03855e-11	-0.0556756
1.03869e-11	-0.0557047
1.03882e-11	-0.0557339
1.03896e-11	-0.055763
1.0391e-11	-0.0557922
1.03923e-11	-0.0558214
1.03937e-11	-0.0558506
1.0395e-11	-0.0558798
1.03964e-11	-0.055909
1.03977e-11	-0.0559382
1.03991e-11	-0.0559674
1.04004e-11	-0.0559966
1.04018e-11	-0.0560258
1.04031e-11	-0.056055
1.04045e-11	-0.0560843
1.04058e-11	-0.0561135
1.04072e-11	-0.0561428
1.04085e-11	-0.056172
1.04099e-11	-0.0562013
1.04112e-11	-0.0562306
1.04126e-11	-0.0562598
1.04139e-11	-0.0562891
1.04153e-11	-0.0563184
1.04167e-11	-0.0563477
1.0418e-11	-0.056377
1.04194e-11	-0.0564063
1.04207e-11	-0.0564356
1.04221e-11	-0.056465
1.04234e-11	-0.0564943
1.04248e-11	-0.0565236
1.04261e-11	-0.056553
1.04275e-11	-0.0565823
1.04288e-11	-0.0566117
1.04302e-11	-0.0566411
1.04315e-11	-0.0566704
1.04329e-11	-0.0566998
1.04342e-11	-0.0567292
1.04356e-11	-0.0567586
1.04369e-11	-0.056788
1.04383e-11	-0.0568174
1.04396e-11	-0.0568468
1.0441e-11	-0.0568762
1.04424e-11	-0.0569057
1.04437e-11	-0.0569351
1.04451e-11	-0.0569645
1.04464e-11	-0.056994
1.04478e-11	-0.0570234
1.04491e-11	-0.0570529
1.04505e-11	-0.0570824
1.04518e-11	-0.0571118
1.04532e-11	-0.0571413
1.04545e-11	-0.0571708
1.04559e-11	-0.0572003
1.04572e-11	-0.0572298
1.04586e-11	-0.0572593
1.04599e-11	-0.0572888
1.04613e-11	-0.0573184
1.04626e-11	-0.0573479
1.0464e-11	-0.0573774
1.04653e-11	-0.057407
1.04667e-11	-0.0574365
1.04681e-11	-0.0574661
1.04694e-11	-0.0574956
1.04708e-11	-0.0575252
1.04721e-11	-0.0575548
1.04735e-11	-0.0575843
1.04748e-11	-0.0576139
1.04762e-11	-0.0576435
1.04775e-11	-0.0576731
1.04789e-11	-0.0577027
1.04802e-11	-0.0577323
1.04816e-11	-0.057762
1.04829e-11	-0.0577916
1.04843e-11	-0.0578212
1.04856e-11	-0.0578509
1.0487e-11	-0.0578805
1.04883e-11	-0.0579102
1.04897e-11	-0.0579398
1.0491e-11	-0.0579695
1.04924e-11	-0.0579991
1.04938e-11	-0.0580288
1.04951e-11	-0.0580585
1.04965e-11	-0.0580882
1.04978e-11	-0.0581179
1.04992e-11	-0.0581476
1.05005e-11	-0.0581773
1.05019e-11	-0.058207
1.05032e-11	-0.0582368
1.05046e-11	-0.0582665
1.05059e-11	-0.0582962
1.05073e-11	-0.058326
1.05086e-11	-0.0583557
1.051e-11	-0.0583855
1.05113e-11	-0.0584152
1.05127e-11	-0.058445
1.0514e-11	-0.0584748
1.05154e-11	-0.0585046
1.05167e-11	-0.0585343
1.05181e-11	-0.0585641
1.05195e-11	-0.0585939
1.05208e-11	-0.0586237
1.05222e-11	-0.0586536
1.05235e-11	-0.0586834
1.05249e-11	-0.0587132
1.05262e-11	-0.058743
1.05276e-11	-0.0587729
1.05289e-11	-0.0588027
1.05303e-11	-0.0588326
1.05316e-11	-0.0588624
1.0533e-11	-0.0588923
1.05343e-11	-0.0589222
1.05357e-11	-0.058952
1.0537e-11	-0.0589819
1.05384e-11	-0.0590118
1.05397e-11	-0.0590417
1.05411e-11	-0.0590716
1.05424e-11	-0.0591015
1.05438e-11	-0.0591314
1.05452e-11	-0.0591613
1.05465e-11	-0.0591913
1.05479e-11	-0.0592212
1.05492e-11	-0.0592511
1.05506e-11	-0.0592811
1.05519e-11	-0.059311
1.05533e-11	-0.059341
1.05546e-11	-0.059371
1.0556e-11	-0.0594009
1.05573e-11	-0.0594309
1.05587e-11	-0.0594609
1.056e-11	-0.0594909
1.05614e-11	-0.0595209
1.05627e-11	-0.0595509
1.05641e-11	-0.0595809
1.05654e-11	-0.0596109
1.05668e-11	-0.0596409
1.05681e-11	-0.0596709
1.05695e-11	-0.059701
1.05709e-11	-0.059731
1.05722e-11	-0.059761
1.05736e-11	-0.0597911
1.05749e-11	-0.0598211
1.05763e-11	-0.0598512
1.05776e-11	-0.0598813
1.0579e-11	-0.0599114
1.05803e-11	-0.0599414
1.05817e-11	-0.0599715
1.0583e-11	-0.0600016
1.05844e-11	-0.0600317
1.05857e-11	-0.0600618
1.05871e-11	-0.0600919
1.05884e-11	-0.060122
1.05898e-11	-0.0601522
1.05911e-11	-0.0601823
1.05925e-11	-0.0602124
1.05938e-11	-0.0602426
1.05952e-11	-0.0602727
1.05966e-11	-0.0603029
1.05979e-11	-0.060333
1.05993e-11	-0.0603632
1.06006e-11	-0.0603934
1.0602e-11	-0.0604235
1.06033e-11	-0.0604537
1.06047e-11	-0.0604839
1.0606e-11	-0.0605141
1.06074e-11	-0.0605443
1.06087e-11	-0.0605745
1.06101e-11	-0.0606047
1.06114e-11	-0.0606349
1.06128e-11	-0.0606652
1.06141e-11	-0.0606954
1.06155e-11	-0.0607256
1.06168e-11	-0.0607559
1.06182e-11	-0.0607861
1.06195e-11	-0.0608164
1.06209e-11	-0.0608466
1.06223e-11	-0.0608769
1.06236e-11	-0.0609072
1.0625e-11	-0.0609374
1.06263e-11	-0.0609677
1.06277e-11	-0.060998
1.0629e-11	-0.0610283
1.06304e-11	-0.0610586
1.06317e-11	-0.0610889
1.06331e-11	-0.0611192
1.06344e-11	-0.0611495
1.06358e-11	-0.0611799
1.06371e-11	-0.0612102
1.06385e-11	-0.0612405
1.06398e-11	-0.0612709
1.06412e-11	-0.0613012
1.06425e-11	-0.0613316
1.06439e-11	-0.0613619
1.06452e-11	-0.0613923
1.06466e-11	-0.0614227
1.0648e-11	-0.061453
1.06493e-11	-0.0614834
1.06507e-11	-0.0615138
1.0652e-11	-0.0615442
1.06534e-11	-0.0615746
1.06547e-11	-0.061605
1.06561e-11	-0.0616354
1.06574e-11	-0.0616658
1.06588e-11	-0.0616962
1.06601e-11	-0.0617267
1.06615e-11	-0.0617571
1.06628e-11	-0.0617875
1.06642e-11	-0.061818
1.06655e-11	-0.0618484
1.06669e-11	-0.0618789
1.06682e-11	-0.0619094
1.06696e-11	-0.0619398
1.06709e-11	-0.0619703
1.06723e-11	-0.0620008
1.06737e-11	-0.0620313
1.0675e-11	-0.0620617
1.06764e-11	-0.0620922
1.06777e-11	-0.0621227
1.06791e-11	-0.0621532
1.06804e-11	-0.0621837
1.06818e-11	-0.0622143
1.06831e-11	-0.0622448
1.06845e-11	-0.0622753
1.06858e-11	-0.0623058
1.06872e-11	-0.0623364
1.06885e-11	-0.0623669
1.06899e-11	-0.0623975
1.06912e-11	-0.062428
1.06926e-11	-0.0624586
1.06939e-11	-0.0624892
1.06953e-11	-0.0625197
1.06966e-11	-0.0625503
1.0698e-11	-0.0625809
1.06994e-11	-0.0626115
1.07007e-11	-0.0626421
1.07021e-11	-0.0626727
1.07034e-11	-0.0627033
1.07048e-11	-0.0627339
1.07061e-11	-0.0627645
1.07075e-11	-0.0627951
1.07088e-11	-0.0628257
1.07102e-11	-0.0628564
1.07115e-11	-0.062887
1.07129e-11	-0.0629176
1.07142e-11	-0.0629483
1.07156e-11	-0.0629789
1.07169e-11	-0.0630096
1.07183e-11	-0.0630403
1.07196e-11	-0.0630709
1.0721e-11	-0.0631016
1.07223e-11	-0.0631323
1.07237e-11	-0.063163
1.07251e-11	-0.0631937
1.07264e-11	-0.0632244
1.07278e-11	-0.0632551
1.07291e-11	-0.0632858
1.07305e-11	-0.0633165
1.07318e-11	-0.0633472
1.07332e-11	-0.0633779
1.07345e-11	-0.0634086
1.07359e-11	-0.0634394
1.07372e-11	-0.0634701
1.07386e-11	-0.0635009
1.07399e-11	-0.0635316
1.07413e-11	-0.0635623
1.07426e-11	-0.0635931
1.0744e-11	-0.0636239
1.07453e-11	-0.0636546
1.07467e-11	-0.0636854
1.0748e-11	-0.0637162
1.07494e-11	-0.063747
1.07508e-11	-0.0637778
1.07521e-11	-0.0638086
1.07535e-11	-0.0638394
1.07548e-11	-0.0638702
1.07562e-11	-0.063901
1.07575e-11	-0.0639318
1.07589e-11	-0.0639626
1.07602e-11	-0.0639934
1.07616e-11	-0.0640243
1.07629e-11	-0.0640551
1.07643e-11	-0.0640859
1.07656e-11	-0.0641168
1.0767e-11	-0.0641476
1.07683e-11	-0.0641785
1.07697e-11	-0.0642093
1.0771e-11	-0.0642402
1.07724e-11	-0.0642711
1.07737e-11	-0.064302
1.07751e-11	-0.0643328
1.07765e-11	-0.0643637
1.07778e-11	-0.0643946
1.07792e-11	-0.0644255
1.07805e-11	-0.0644564
1.07819e-11	-0.0644873
1.07832e-11	-0.0645182
1.07846e-11	-0.0645491
1.07859e-11	-0.0645801
1.07873e-11	-0.064611
1.07886e-11	-0.0646419
1.079e-11	-0.0646729
1.07913e-11	-0.0647038
1.07927e-11	-0.0647347
1.0794e-11	-0.0647657
1.07954e-11	-0.0647966
1.07967e-11	-0.0648276
1.07981e-11	-0.0648586
1.07994e-11	-0.0648895
1.08008e-11	-0.0649205
1.08022e-11	-0.0649515
1.08035e-11	-0.0649825
1.08049e-11	-0.0650135
1.08062e-11	-0.0650445
1.08076e-11	-0.0650755
1.08089e-11	-0.0651065
1.08103e-11	-0.0651375
1.08116e-11	-0.0651685
1.0813e-11	-0.0651995
1.08143e-11	-0.0652305
1.08157e-11	-0.0652616
1.0817e-11	-0.0652926
1.08184e-11	-0.0653236
1.08197e-11	-0.0653547
1.08211e-11	-0.0653857
1.08224e-11	-0.0654168
1.08238e-11	-0.0654478
1.08251e-11	-0.0654789
1.08265e-11	-0.0655099
1.08279e-11	-0.065541
1.08292e-11	-0.0655721
1.08306e-11	-0.0656032
1.08319e-11	-0.0656342
1.08333e-11	-0.0656653
1.08346e-11	-0.0656964
1.0836e-11	-0.0657275
1.08373e-11	-0.0657586
1.08387e-11	-0.0657897
1.084e-11	-0.0658209
1.08414e-11	-0.065852
1.08427e-11	-0.0658831
1.08441e-11	-0.0659142
1.08454e-11	-0.0659453
1.08468e-11	-0.0659765
1.08481e-11	-0.0660076
1.08495e-11	-0.0660388
1.08508e-11	-0.0660699
1.08522e-11	-0.0661011
1.08536e-11	-0.0661322
1.08549e-11	-0.0661634
1.08563e-11	-0.0661945
1.08576e-11	-0.0662257
1.0859e-11	-0.0662569
1.08603e-11	-0.0662881
1.08617e-11	-0.0663193
1.0863e-11	-0.0663504
1.08644e-11	-0.0663816
1.08657e-11	-0.0664128
1.08671e-11	-0.066444
1.08684e-11	-0.0664752
1.08698e-11	-0.0665065
1.08711e-11	-0.0665377
1.08725e-11	-0.0665689
1.08738e-11	-0.0666001
1.08752e-11	-0.0666313
1.08765e-11	-0.0666626
1.08779e-11	-0.0666938
1.08793e-11	-0.0667251
1.08806e-11	-0.0667563
1.0882e-11	-0.0667876
1.08833e-11	-0.0668188
1.08847e-11	-0.0668501
1.0886e-11	-0.0668813
1.08874e-11	-0.0669126
1.08887e-11	-0.0669439
1.08901e-11	-0.0669752
1.08914e-11	-0.0670064
1.08928e-11	-0.0670377
1.08941e-11	-0.067069
1.08955e-11	-0.0671003
1.08968e-11	-0.0671316
1.08982e-11	-0.0671629
1.08995e-11	-0.0671942
1.09009e-11	-0.0672255
1.09022e-11	-0.0672568
1.09036e-11	-0.0672882
1.0905e-11	-0.0673195
1.09063e-11	-0.0673508
1.09077e-11	-0.0673821
1.0909e-11	-0.0674135
1.09104e-11	-0.0674448
1.09117e-11	-0.0674762
1.09131e-11	-0.0675075
1.09144e-11	-0.0675389
1.09158e-11	-0.0675702
1.09171e-11	-0.0676016
1.09185e-11	-0.067633
1.09198e-11	-0.0676643
1.09212e-11	-0.0676957
1.09225e-11	-0.0677271
1.09239e-11	-0.0677585
1.09252e-11	-0.0677898
1.09266e-11	-0.0678212
1.09279e-11	-0.0678526
1.09293e-11	-0.067884
1.09307e-11	-0.0679154
1.0932e-11	-0.0679468
1.09334e-11	-0.0679782
1.09347e-11	-0.0680097
1.09361e-11	-0.0680411
1.09374e-11	-0.0680725
1.09388e-11	-0.0681039
1.09401e-11	-0.0681354
1.09415e-11	-0.0681668
1.09428e-11	-0.0681982
1.09442e-11	-0.0682297
1.09455e-11	-0.0682611
1.09469e-11	-0.0682926
1.09482e-11	-0.068324
1.09496e-11	-0.0683555
1.09509e-11	-0.0683869
1.09523e-11	-0.0684184
1.09536e-11	-0.0684499
1.0955e-11	-0.0684813
1.09564e-11	-0.0685128
1.09577e-11	-0.0685443
1.09591e-11	-0.0685758
1.09604e-11	-0.0686073
1.09618e-11	-0.0686388
1.09631e-11	-0.0686703
1.09645e-11	-0.0687018
1.09658e-11	-0.0687333
1.09672e-11	-0.0687648
1.09685e-11	-0.0687963
1.09699e-11	-0.0688278
1.09712e-11	-0.0688593
1.09726e-11	-0.0688908
1.09739e-11	-0.0689224
1.09753e-11	-0.0689539
1.09766e-11	-0.0689854
1.0978e-11	-0.069017
1.09793e-11	-0.0690485
1.09807e-11	-0.0690801
1.09821e-11	-0.0691116
1.09834e-11	-0.0691432
1.09848e-11	-0.0691747
1.09861e-11	-0.0692063
1.09875e-11	-0.0692378
1.09888e-11	-0.0692694
1.09902e-11	-0.069301
1.09915e-11	-0.0693325
1.09929e-11	-0.0693641
1.09942e-11	-0.0693957
1.09956e-11	-0.0694273
1.09969e-11	-0.0694589
1.09983e-11	-0.0694905
1.09996e-11	-0.0695221
1.1001e-11	-0.0695537
1.10023e-11	-0.0695853
1.10037e-11	-0.0696169
1.1005e-11	-0.0696485
1.10064e-11	-0.0696801
1.10078e-11	-0.0697117
1.10091e-11	-0.0697433
1.10105e-11	-0.069775
1.10118e-11	-0.0698066
1.10132e-11	-0.0698382
1.10145e-11	-0.0698699
1.10159e-11	-0.0699015
1.10172e-11	-0.0699331
1.10186e-11	-0.0699648
1.10199e-11	-0.0699964
1.10213e-11	-0.0700281
1.10226e-11	-0.0700597
1.1024e-11	-0.0700914
1.10253e-11	-0.0701231
1.10267e-11	-0.0701547
1.1028e-11	-0.0701864
1.10294e-11	-0.0702181
1.10307e-11	-0.0702497
1.10321e-11	-0.0702814
1.10335e-11	-0.0703131
1.10348e-11	-0.0703448
1.10362e-11	-0.0703765
1.10375e-11	-0.0704082
1.10389e-11	-0.0704399
1.10402e-11	-0.0704716
1.10416e-11	-0.0705033
1.10429e-11	-0.070535
1.10443e-11	-0.0705667
1.10456e-11	-0.0705984
1.1047e-11	-0.0706301
1.10483e-11	-0.0706618
1.10497e-11	-0.0706935
1.1051e-11	-0.0707253
1.10524e-11	-0.070757
1.10537e-11	-0.0707887
1.10551e-11	-0.0708205
1.10564e-11	-0.0708522
1.10578e-11	-0.0708839
1.10592e-11	-0.0709157
1.10605e-11	-0.0709474
1.10619e-11	-0.0709792
1.10632e-11	-0.0710109
1.10646e-11	-0.0710427
1.10659e-11	-0.0710744
1.10673e-11	-0.0711062
1.10686e-11	-0.071138
1.107e-11	-0.0711697
1.10713e-11	-0.0712015
1.10727e-11	-0.0712333
1.1074e-11	-0.0712651
1.10754e-11	-0.0712968
1.10767e-11	-0.0713286
1.10781e-11	-0.0713604
1.10794e-11	-0.0713922
1.10808e-11	-0.071424
1.10821e-11	-0.0714558
1.10835e-11	-0.0714876
1.10849e-11	-0.0715194
1.10862e-11	-0.0715512
1.10876e-11	-0.071583
1.10889e-11	-0.0716148
1.10903e-11	-0.0716466
1.10916e-11	-0.0716784
1.1093e-11	-0.0717103
1.10943e-11	-0.0717421
1.10957e-11	-0.0717739
1.1097e-11	-0.0718057
1.10984e-11	-0.0718376
1.10997e-11	-0.0718694
1.11011e-11	-0.0719012
1.11024e-11	-0.0719331
1.11038e-11	-0.0719649
1.11051e-11	-0.0719967
1.11065e-11	-0.0720286
1.11078e-11	-0.0720604
1.11092e-11	-0.0720923
1.11106e-11	-0.0721242
1.11119e-11	-0.072156
1.11133e-11	-0.0721879
1.11146e-11	-0.0722197
1.1116e-11	-0.0722516
1.11173e-11	-0.0722835
1.11187e-11	-0.0723153
1.112e-11	-0.0723472
1.11214e-11	-0.0723791
1.11227e-11	-0.072411
1.11241e-11	-0.0724429
1.11254e-11	-0.0724747
1.11268e-11	-0.0725066
1.11281e-11	-0.0725385
1.11295e-11	-0.0725704
1.11308e-11	-0.0726023
1.11322e-11	-0.0726342
1.11335e-11	-0.0726661
1.11349e-11	-0.072698
1.11363e-11	-0.0727299
1.11376e-11	-0.0727618
1.1139e-11	-0.0727937
1.11403e-11	-0.0728256
1.11417e-11	-0.0728576
1.1143e-11	-0.0728895
1.11444e-11	-0.0729214
1.11457e-11	-0.0729533
1.11471e-11	-0.0729852
1.11484e-11	-0.0730172
1.11498e-11	-0.0730491
1.11511e-11	-0.073081
1.11525e-11	-0.073113
1.11538e-11	-0.0731449
1.11552e-11	-0.0731769
1.11565e-11	-0.0732088
1.11579e-11	-0.0732407
1.11592e-11	-0.0732727
1.11606e-11	-0.0733046
1.1162e-11	-0.0733366
1.11633e-11	-0.0733685
1.11647e-11	-0.0734005
1.1166e-11	-0.0734325
1.11674e-11	-0.0734644
1.11687e-11	-0.0734964
1.11701e-11	-0.0735284
1.11714e-11	-0.0735603
1.11728e-11	-0.0735923
1.11741e-11	-0.0736243
1.11755e-11	-0.0736562
1.11768e-11	-0.0736882
1.11782e-11	-0.0737202
1.11795e-11	-0.0737522
1.11809e-11	-0.0737842
1.11822e-11	-0.0738162
1.11836e-11	-0.0738481
1.11849e-11	-0.0738801
1.11863e-11	-0.0739121
1.11877e-11	-0.0739441
1.1189e-11	-0.0739761
1.11904e-11	-0.0740081
1.11917e-11	-0.0740401
1.11931e-11	-0.0740721
1.11944e-11	-0.0741041
1.11958e-11	-0.0741361
1.11971e-11	-0.0741682
1.11985e-11	-0.0742002
1.11998e-11	-0.0742322
1.12012e-11	-0.0742642
1.12025e-11	-0.0742962
1.12039e-11	-0.0743282
1.12052e-11	-0.0743603
1.12066e-11	-0.0743923
1.12079e-11	-0.0744243
1.12093e-11	-0.0744563
1.12106e-11	-0.0744884
1.1212e-11	-0.0745204
1.12134e-11	-0.0745524
1.12147e-11	-0.0745845
1.12161e-11	-0.0746165
1.12174e-11	-0.0746485
1.12188e-11	-0.0746806
1.12201e-11	-0.0747126
1.12215e-11	-0.0747447
1.12228e-11	-0.0747767
1.12242e-11	-0.0748088
1.12255e-11	-0.0748408
1.12269e-11	-0.0748729
1.12282e-11	-0.0749049
1.12296e-11	-0.074937
1.12309e-11	-0.074969
1.12323e-11	-0.0750011
1.12336e-11	-0.0750332
1.1235e-11	-0.0750652
1.12363e-11	-0.0750973
1.12377e-11	-0.0751294
1.12391e-11	-0.0751614
1.12404e-11	-0.0751935
1.12418e-11	-0.0752256
1.12431e-11	-0.0752577
1.12445e-11	-0.0752897
1.12458e-11	-0.0753218
1.12472e-11	-0.0753539
1.12485e-11	-0.075386
1.12499e-11	-0.0754181
1.12512e-11	-0.0754501
1.12526e-11	-0.0754822
1.12539e-11	-0.0755143
1.12553e-11	-0.0755464
1.12566e-11	-0.0755785
1.1258e-11	-0.0756106
1.12593e-11	-0.0756427
1.12607e-11	-0.0756748
1.1262e-11	-0.0757069
1.12634e-11	-0.075739
1.12648e-11	-0.0757711
1.12661e-11	-0.0758032
1.12675e-11	-0.0758353
1.12688e-11	-0.0758674
1.12702e-11	-0.0758995
1.12715e-11	-0.0759316
1.12729e-11	-0.0759637
1.12742e-11	-0.0759958
1.12756e-11	-0.0760279
1.12769e-11	-0.07606
1.12783e-11	-0.0760921
1.12796e-11	-0.0761243
1.1281e-11	-0.0761564
1.12823e-11	-0.0761885
1.12837e-11	-0.0762206
1.1285e-11	-0.0762527
1.12864e-11	-0.0762849
1.12877e-11	-0.076317
1.12891e-11	-0.0763491
1.12905e-11	-0.0763812
1.12918e-11	-0.0764134
1.12932e-11	-0.0764455
1.12945e-11	-0.0764776
1.12959e-11	-0.0765098
1.12972e-11	-0.0765419
1.12986e-11	-0.076574
1.12999e-11	-0.0766062
1.13013e-11	-0.0766383
1.13026e-11	-0.0766704
1.1304e-11	-0.0767026
1.13053e-11	-0.0767347
1.13067e-11	-0.0767669
1.1308e-11	-0.076799
1.13094e-11	-0.0768312
1.13107e-11	-0.0768633
1.13121e-11	-0.0768954
1.13134e-11	-0.0769276
1.13148e-11	-0.0769597
1.13162e-11	-0.0769919
1.13175e-11	-0.077024
1.13189e-11	-0.0770562
1.13202e-11	-0.0770883
1.13216e-11	-0.0771205
1.13229e-11	-0.0771527
1.13243e-11	-0.0771848
1.13256e-11	-0.077217
1.1327e-11	-0.0772491
1.13283e-11	-0.0772813
1.13297e-11	-0.0773134
1.1331e-11	-0.0773456
1.13324e-11	-0.0773778
1.13337e-11	-0.0774099
1.13351e-11	-0.0774421
1.13364e-11	-0.0774743
1.13378e-11	-0.0775064
1.13391e-11	-0.0775386
1.13405e-11	-0.0775708
1.13419e-11	-0.0776029
1.13432e-11	-0.0776351
1.13446e-11	-0.0776673
1.13459e-11	-0.0776994
1.13473e-11	-0.0777316
1.13486e-11	-0.0777638
1.135e-11	-0.077796
1.13513e-11	-0.0778281
1.13527e-11	-0.0778603
1.1354e-11	-0.0778925
1.13554e-11	-0.0779246
1.13567e-11	-0.0779568
1.13581e-11	-0.077989
1.13594e-11	-0.0780212
1.13608e-11	-0.0780534
1.13621e-11	-0.0780855
1.13635e-11	-0.0781177
1.13648e-11	-0.0781499
1.13662e-11	-0.0781821
1.13676e-11	-0.0782143
1.13689e-11	-0.0782465
1.13703e-11	-0.0782786
1.13716e-11	-0.0783108
1.1373e-11	-0.078343
1.13743e-11	-0.0783752
1.13757e-11	-0.0784074
1.1377e-11	-0.0784396
1.13784e-11	-0.0784717
1.13797e-11	-0.0785039
1.13811e-11	-0.0785361
1.13824e-11	-0.0785683
1.13838e-11	-0.0786005
1.13851e-11	-0.0786327
1.13865e-11	-0.0786649
1.13878e-11	-0.0786971
1.13892e-11	-0.0787293
1.13905e-11	-0.0787615
1.13919e-11	-0.0787936
1.13933e-11	-0.0788258
1.13946e-11	-0.078858
1.1396e-11	-0.0788902
1.13973e-11	-0.0789224
1.13987e-11	-0.0789546
1.14e-11	-0.0789868
1.14014e-11	-0.079019
1.14027e-11	-0.0790512
1.14041e-11	-0.0790834
1.14054e-11	-0.0791156
1.14068e-11	-0.0791478
1.14081e-11	-0.07918
1.14095e-11	-0.0792122
1.14108e-11	-0.0792444
1.14122e-11	-0.0792766
1.14135e-11	-0.0793087
1.14149e-11	-0.0793409
1.14162e-11	-0.0793731
1.14176e-11	-0.0794053
1.1419e-11	-0.0794375
1.14203e-11	-0.0794697
1.14217e-11	-0.0795019
1.1423e-11	-0.0795341
1.14244e-11	-0.0795663
1.14257e-11	-0.0795985
1.14271e-11	-0.0796307
1.14284e-11	-0.0796629
1.14298e-11	-0.0796951
1.14311e-11	-0.0797273
1.14325e-11	-0.0797595
1.14338e-11	-0.0797917
1.14352e-11	-0.0798239
1.14365e-11	-0.0798561
1.14379e-11	-0.0798883
1.14392e-11	-0.0799205
1.14406e-11	-0.0799527
1.14419e-11	-0.0799849
1.14433e-11	-0.0800171
1.14447e-11	-0.0800493
1.1446e-11	-0.0800815
1.14474e-11	-0.0801137
1.14487e-11	-0.0801459
1.14501e-11	-0.0801781
1.14514e-11	-0.0802103
1.14528e-11	-0.0802425
1.14541e-11	-0.0802747
1.14555e-11	-0.0803069
1.14568e-11	-0.0803391
1.14582e-11	-0.0803713
1.14595e-11	-0.0804035
1.14609e-11	-0.0804357
1.14622e-11	-0.0804679
1.14636e-11	-0.0805001
1.14649e-11	-0.0805323
1.14663e-11	-0.0805644
1.14676e-11	-0.0805966
1.1469e-11	-0.0806288
1.14704e-11	-0.080661
1.14717e-11	-0.0806932
1.14731e-11	-0.0807254
1.14744e-11	-0.0807576
1.14758e-11	-0.0807898
1.14771e-11	-0.080822
1.14785e-11	-0.0808542
1.14798e-11	-0.0808864
1.14812e-11	-0.0809186
1.14825e-11	-0.0809508
1.14839e-11	-0.080983
1.14852e-11	-0.0810151
1.14866e-11	-0.0810473
1.14879e-11	-0.0810795
1.14893e-11	-0.0811117
1.14906e-11	-0.0811439
1.1492e-11	-0.0811761
1.14933e-11	-0.0812083
1.14947e-11	-0.0812405
1.14961e-11	-0.0812726
1.14974e-11	-0.0813048
1.14988e-11	-0.081337
1.15001e-11	-0.0813692
1.15015e-11	-0.0814014
1.15028e-11	-0.0814336
1.15042e-11	-0.0814658
1.15055e-11	-0.0814979
1.15069e-11	-0.0815301
1.15082e-11	-0.0815623
1.15096e-11	-0.0815945
1.15109e-11	-0.0816267
1.15123e-11	-0.0816588
1.15136e-11	-0.081691
1.1515e-11	-0.0817232
1.15163e-11	-0.0817554
1.15177e-11	-0.0817875
1.1519e-11	-0.0818197
1.15204e-11	-0.0818519
1.15218e-11	-0.0818841
1.15231e-11	-0.0819162
1.15245e-11	-0.0819484
1.15258e-11	-0.0819806
1.15272e-11	-0.0820127
1.15285e-11	-0.0820449
1.15299e-11	-0.0820771
1.15312e-11	-0.0821092
1.15326e-11	-0.0821414
1.15339e-11	-0.0821736
1.15353e-11	-0.0822057
1.15366e-11	-0.0822379
1.1538e-11	-0.0822701
1.15393e-11	-0.0823022
1.15407e-11	-0.0823344
1.1542e-11	-0.0823665
1.15434e-11	-0.0823987
1.15447e-11	-0.0824309
1.15461e-11	-0.082463
1.15475e-11	-0.0824952
1.15488e-11	-0.0825273
1.15502e-11	-0.0825595
1.15515e-11	-0.0825916
1.15529e-11	-0.0826238
1.15542e-11	-0.0826559
1.15556e-11	-0.0826881
1.15569e-11	-0.0827202
1.15583e-11	-0.0827524
1.15596e-11	-0.0827845
1.1561e-11	-0.0828167
1.15623e-11	-0.0828488
1.15637e-11	-0.0828809
1.1565e-11	-0.0829131
1.15664e-11	-0.0829452
1.15677e-11	-0.0829773
1.15691e-11	-0.0830095
1.15704e-11	-0.0830416
1.15718e-11	-0.0830738
1.15732e-11	-0.0831059
1.15745e-11	-0.083138
1.15759e-11	-0.0831701
1.15772e-11	-0.0832023
1.15786e-11	-0.0832344
1.15799e-11	-0.0832665
1.15813e-11	-0.0832987
1.15826e-11	-0.0833308
1.1584e-11	-0.0833629
1.15853e-11	-0.083395
1.15867e-11	-0.0834271
1.1588e-11	-0.0834593
1.15894e-11	-0.0834914
1.15907e-11	-0.0835235
1.15921e-11	-0.0835556
1.15934e-11	-0.0835877
1.15948e-11	-0.0836198
1.15961e-11	-0.0836519
1.15975e-11	-0.083684
1.15989e-11	-0.0837161
1.16002e-11	-0.0837482
1.16016e-11	-0.0837803
1.16029e-11	-0.0838124
1.16043e-11	-0.0838445
1.16056e-11	-0.0838766
1.1607e-11	-0.0839087
1.16083e-11	-0.0839408
1.16097e-11	-0.0839729
1.1611e-11	-0.084005
1.16124e-11	-0.0840371
1.16137e-11	-0.0840692
1.16151e-11	-0.0841013
1.16164e-11	-0.0841333
1.16178e-11	-0.0841654
1.16191e-11	-0.0841975
1.16205e-11	-0.0842296
1.16219e-11	-0.0842616
1.16232e-11	-0.0842937
1.16246e-11	-0.0843258
1.16259e-11	-0.0843579
1.16273e-11	-0.0843899
1.16286e-11	-0.084422
1.163e-11	-0.0844541
1.16313e-11	-0.0844861
1.16327e-11	-0.0845182
1.1634e-11	-0.0845502
1.16354e-11	-0.0845823
1.16367e-11	-0.0846144
1.16381e-11	-0.0846464
1.16394e-11	-0.0846784
1.16408e-11	-0.0847105
1.16421e-11	-0.0847425
1.16435e-11	-0.0847746
1.16448e-11	-0.0848066
1.16462e-11	-0.0848387
1.16476e-11	-0.0848707
1.16489e-11	-0.0849027
1.16503e-11	-0.0849348
1.16516e-11	-0.0849668
1.1653e-11	-0.0849988
1.16543e-11	-0.0850309
1.16557e-11	-0.0850629
1.1657e-11	-0.0850949
1.16584e-11	-0.0851269
1.16597e-11	-0.085159
1.16611e-11	-0.085191
1.16624e-11	-0.085223
1.16638e-11	-0.085255
1.16651e-11	-0.085287
1.16665e-11	-0.085319
1.16678e-11	-0.085351
1.16692e-11	-0.085383
1.16705e-11	-0.085415
1.16719e-11	-0.085447
1.16733e-11	-0.085479
1.16746e-11	-0.085511
1.1676e-11	-0.085543
1.16773e-11	-0.085575
1.16787e-11	-0.085607
1.168e-11	-0.085639
1.16814e-11	-0.0856709
1.16827e-11	-0.0857029
1.16841e-11	-0.0857349
1.16854e-11	-0.0857669
1.16868e-11	-0.0857988
1.16881e-11	-0.0858308
1.16895e-11	-0.0858628
1.16908e-11	-0.0858947
1.16922e-11	-0.0859267
1.16935e-11	-0.0859587
1.16949e-11	-0.0859906
1.16962e-11	-0.0860226
1.16976e-11	-0.0860545
1.1699e-11	-0.0860865
1.17003e-11	-0.0861184
1.17017e-11	-0.0861504
1.1703e-11	-0.0861823
1.17044e-11	-0.0862142
1.17057e-11	-0.0862462
1.17071e-11	-0.0862781
1.17084e-11	-0.08631
1.17098e-11	-0.086342
1.17111e-11	-0.0863739
1.17125e-11	-0.0864058
1.17138e-11	-0.0864377
1.17152e-11	-0.0864696
1.17165e-11	-0.0865016
1.17179e-11	-0.0865335
1.17192e-11	-0.0865654
1.17206e-11	-0.0865973
1.17219e-11	-0.0866292
1.17233e-11	-0.0866611
1.17247e-11	-0.086693
1.1726e-11	-0.0867249
1.17274e-11	-0.0867568
1.17287e-11	-0.0867886
1.17301e-11	-0.0868205
1.17314e-11	-0.0868524
1.17328e-11	-0.0868843
1.17341e-11	-0.0869162
1.17355e-11	-0.086948
1.17368e-11	-0.0869799
1.17382e-11	-0.0870118
1.17395e-11	-0.0870436
1.17409e-11	-0.0870755
1.17422e-11	-0.0871073
1.17436e-11	-0.0871392
1.17449e-11	-0.087171
1.17463e-11	-0.0872029
1.17476e-11	-0.0872347
1.1749e-11	-0.0872666
1.17504e-11	-0.0872984
1.17517e-11	-0.0873302
1.17531e-11	-0.0873621
1.17544e-11	-0.0873939
1.17558e-11	-0.0874257
1.17571e-11	-0.0874575
1.17585e-11	-0.0874894
1.17598e-11	-0.0875212
1.17612e-11	-0.087553
1.17625e-11	-0.0875848
1.17639e-11	-0.0876166
1.17652e-11	-0.0876484
1.17666e-11	-0.0876802
1.17679e-11	-0.087712
1.17693e-11	-0.0877438
1.17706e-11	-0.0877756
1.1772e-11	-0.0878074
1.17733e-11	-0.0878391
1.17747e-11	-0.0878709
1.17761e-11	-0.0879027
1.17774e-11	-0.0879345
1.17788e-11	-0.0879662
1.17801e-11	-0.087998
1.17815e-11	-0.0880297
1.17828e-11	-0.0880615
1.17842e-11	-0.0880933
1.17855e-11	-0.088125
1.17869e-11	-0.0881568
1.17882e-11	-0.0881885
1.17896e-11	-0.0882202
1.17909e-11	-0.088252
1.17923e-11	-0.0882837
1.17936e-11	-0.0883154
1.1795e-11	-0.0883472
1.17963e-11	-0.0883789
1.17977e-11	-0.0884106
1.1799e-11	-0.0884423
1.18004e-11	-0.088474
1.18018e-11	-0.0885057
1.18031e-11	-0.0885374
1.18045e-11	-0.0885691
1.18058e-11	-0.0886008
1.18072e-11	-0.0886325
1.18085e-11	-0.0886642
1.18099e-11	-0.0886959
1.18112e-11	-0.0887275
1.18126e-11	-0.0887592
1.18139e-11	-0.0887909
1.18153e-11	-0.0888226
1.18166e-11	-0.0888542
1.1818e-11	-0.0888859
1.18193e-11	-0.0889175
1.18207e-11	-0.0889492
1.1822e-11	-0.0889808
1.18234e-11	-0.0890125
1.18247e-11	-0.0890441
1.18261e-11	-0.0890757
1.18275e-11	-0.0891074
1.18288e-11	-0.089139
1.18302e-11	-0.0891706
1.18315e-11	-0.0892022
1.18329e-11	-0.0892338
1.18342e-11	-0.0892655
1.18356e-11	-0.0892971
1.18369e-11	-0.0893287
1.18383e-11	-0.0893603
1.18396e-11	-0.0893918
1.1841e-11	-0.0894234
1.18423e-11	-0.089455
1.18437e-11	-0.0894866
1.1845e-11	-0.0895182
1.18464e-11	-0.0895498
1.18477e-11	-0.0895813
1.18491e-11	-0.0896129
1.18504e-11	-0.0896444
1.18518e-11	-0.089676
1.18532e-11	-0.0897075
1.18545e-11	-0.0897391
1.18559e-11	-0.0897706
1.18572e-11	-0.0898022
1.18586e-11	-0.0898337
1.18599e-11	-0.0898652
1.18613e-11	-0.0898968
1.18626e-11	-0.0899283
1.1864e-11	-0.0899598
1.18653e-11	-0.0899913
1.18667e-11	-0.0900228
1.1868e-11	-0.0900543
1.18694e-11	-0.0900858
1.18707e-11	-0.0901173
1.18721e-11	-0.0901488
1.18734e-11	-0.0901803
1.18748e-11	-0.0902117
1.18761e-11	-0.0902432
1.18775e-11	-0.0902747
1.18789e-11	-0.0903061
1.18802e-11	-0.0903376
1.18816e-11	-0.0903691
1.18829e-11	-0.0904005
1.18843e-11	-0.090432
1.18856e-11	-0.0904634
1.1887e-11	-0.0904948
1.18883e-11	-0.0905263
1.18897e-11	-0.0905577
1.1891e-11	-0.0905891
1.18924e-11	-0.0906205
1.18937e-11	-0.0906519
1.18951e-11	-0.0906833
1.18964e-11	-0.0907148
1.18978e-11	-0.0907461
1.18991e-11	-0.0907775
1.19005e-11	-0.0908089
1.19018e-11	-0.0908403
1.19032e-11	-0.0908717
1.19046e-11	-0.0909031
1.19059e-11	-0.0909344
1.19073e-11	-0.0909658
1.19086e-11	-0.0909972
1.191e-11	-0.0910285
1.19113e-11	-0.0910598
1.19127e-11	-0.0910912
1.1914e-11	-0.0911225
1.19154e-11	-0.0911539
1.19167e-11	-0.0911852
1.19181e-11	-0.0912165
1.19194e-11	-0.0912478
1.19208e-11	-0.0912791
1.19221e-11	-0.0913104
1.19235e-11	-0.0913417
1.19248e-11	-0.091373
1.19262e-11	-0.0914043
1.19275e-11	-0.0914356
1.19289e-11	-0.0914669
1.19303e-11	-0.0914982
1.19316e-11	-0.0915295
1.1933e-11	-0.0915607
1.19343e-11	-0.091592
1.19357e-11	-0.0916232
1.1937e-11	-0.0916545
1.19384e-11	-0.0916857
1.19397e-11	-0.091717
1.19411e-11	-0.0917482
1.19424e-11	-0.0917794
1.19438e-11	-0.0918106
1.19451e-11	-0.0918419
1.19465e-11	-0.0918731
1.19478e-11	-0.0919043
1.19492e-11	-0.0919355
1.19505e-11	-0.0919667
1.19519e-11	-0.0919978
1.19532e-11	-0.092029
1.19546e-11	-0.0920602
1.1956e-11	-0.0920914
1.19573e-11	-0.0921225
1.19587e-11	-0.0921537
1.196e-11	-0.0921849
1.19614e-11	-0.092216
1.19627e-11	-0.0922472
1.19641e-11	-0.0922783
1.19654e-11	-0.0923094
1.19668e-11	-0.0923406
1.19681e-11	-0.0923717
1.19695e-11	-0.0924028
1.19708e-11	-0.0924339
1.19722e-11	-0.092465
1.19735e-11	-0.0924961
1.19749e-11	-0.0925272
1.19762e-11	-0.0925583
1.19776e-11	-0.0925894
1.19789e-11	-0.0926204
1.19803e-11	-0.0926515
1.19817e-11	-0.0926826
1.1983e-11	-0.0927136
1.19844e-11	-0.0927447
1.19857e-11	-0.0927757
1.19871e-11	-0.0928068
1.19884e-11	-0.0928378
1.19898e-11	-0.0928688
1.19911e-11	-0.0928998
1.19925e-11	-0.0929309
1.19938e-11	-0.0929619
1.19952e-11	-0.0929929
1.19965e-11	-0.0930239
1.19979e-11	-0.0930549
1.19992e-11	-0.0930858
1.20006e-11	-0.0931168
1.20019e-11	-0.0931478
1.20033e-11	-0.0931787
1.20046e-11	-0.0932097
1.2006e-11	-0.0932407
1.20074e-11	-0.0932716
1.20087e-11	-0.0933026
1.20101e-11	-0.0933335
1.20114e-11	-0.0933644
1.20128e-11	-0.0933953
1.20141e-11	-0.0934263
1.20155e-11	-0.0934572
1.20168e-11	-0.0934881
1.20182e-11	-0.093519
1.20195e-11	-0.0935499
1.20209e-11	-0.0935807
1.20222e-11	-0.0936116
1.20236e-11	-0.0936425
1.20249e-11	-0.0936734
1.20263e-11	-0.0937042
1.20276e-11	-0.0937351
1.2029e-11	-0.0937659
1.20303e-11	-0.0937967
1.20317e-11	-0.0938276
1.20331e-11	-0.0938584
1.20344e-11	-0.0938892
1.20358e-11	-0.09392
1.20371e-11	-0.0939508
1.20385e-11	-0.0939816
1.20398e-11	-0.0940124
1.20412e-11	-0.0940432
1.20425e-11	-0.094074
1.20439e-11	-0.0941048
1.20452e-11	-0.0941355
1.20466e-11	-0.0941663
1.20479e-11	-0.0941971
1.20493e-11	-0.0942278
1.20506e-11	-0.0942585
1.2052e-11	-0.0942893
1.20533e-11	-0.09432
1.20547e-11	-0.0943507
1.2056e-11	-0.0943814
1.20574e-11	-0.0944121
1.20588e-11	-0.0944428
1.20601e-11	-0.0944735
1.20615e-11	-0.0945042
1.20628e-11	-0.0945349
1.20642e-11	-0.0945656
1.20655e-11	-0.0945962
1.20669e-11	-0.0946269
1.20682e-11	-0.0946575
1.20696e-11	-0.0946882
1.20709e-11	-0.0947188
1.20723e-11	-0.0947494
1.20736e-11	-0.0947801
1.2075e-11	-0.0948107
1.20763e-11	-0.0948413
1.20777e-11	-0.0948719
1.2079e-11	-0.0949025
1.20804e-11	-0.0949331
1.20817e-11	-0.0949636
1.20831e-11	-0.0949942
1.20845e-11	-0.0950248
1.20858e-11	-0.0950553
1.20872e-11	-0.0950859
1.20885e-11	-0.0951164
1.20899e-11	-0.095147
1.20912e-11	-0.0951775
1.20926e-11	-0.095208
1.20939e-11	-0.0952385
1.20953e-11	-0.095269
1.20966e-11	-0.0952995
1.2098e-11	-0.09533
1.20993e-11	-0.0953605
1.21007e-11	-0.095391
1.2102e-11	-0.0954214
1.21034e-11	-0.0954519
1.21047e-11	-0.0954824
1.21061e-11	-0.0955128
1.21074e-11	-0.0955433
1.21088e-11	-0.0955737
1.21102e-11	-0.0956041
1.21115e-11	-0.0956345
1.21129e-11	-0.0956649
1.21142e-11	-0.0956953
1.21156e-11	-0.0957257
1.21169e-11	-0.0957561
1.21183e-11	-0.0957865
1.21196e-11	-0.0958169
1.2121e-11	-0.0958472
1.21223e-11	-0.0958776
1.21237e-11	-0.0959079
1.2125e-11	-0.0959383
1.21264e-11	-0.0959686
1.21277e-11	-0.0959989
1.21291e-11	-0.0960292
1.21304e-11	-0.0960596
1.21318e-11	-0.0960899
1.21331e-11	-0.0961201
1.21345e-11	-0.0961504
1.21359e-11	-0.0961807
1.21372e-11	-0.096211
1.21386e-11	-0.0962412
1.21399e-11	-0.0962715
1.21413e-11	-0.0963017
1.21426e-11	-0.096332
1.2144e-11	-0.0963622
1.21453e-11	-0.0963924
1.21467e-11	-0.0964226
1.2148e-11	-0.0964529
1.21494e-11	-0.0964831
1.21507e-11	-0.0965132
1.21521e-11	-0.0965434
1.21534e-11	-0.0965736
1.21548e-11	-0.0966038
1.21561e-11	-0.0966339
1.21575e-11	-0.0966641
1.21588e-11	-0.0966942
1.21602e-11	-0.0967243
1.21616e-11	-0.0967545
1.21629e-11	-0.0967846
1.21643e-11	-0.0968147
1.21656e-11	-0.0968448
1.2167e-11	-0.0968749
1.21683e-11	-0.096905
1.21697e-11	-0.096935
1.2171e-11	-0.0969651
1.21724e-11	-0.0969952
1.21737e-11	-0.0970252
1.21751e-11	-0.0970553
1.21764e-11	-0.0970853
1.21778e-11	-0.0971153
1.21791e-11	-0.0971453
1.21805e-11	-0.0971753
1.21818e-11	-0.0972053
1.21832e-11	-0.0972353
1.21845e-11	-0.0972653
1.21859e-11	-0.0972953
1.21873e-11	-0.0973253
1.21886e-11	-0.0973552
1.219e-11	-0.0973852
1.21913e-11	-0.0974151
1.21927e-11	-0.097445
1.2194e-11	-0.097475
1.21954e-11	-0.0975049
1.21967e-11	-0.0975348
1.21981e-11	-0.0975647
1.21994e-11	-0.0975946
1.22008e-11	-0.0976244
1.22021e-11	-0.0976543
1.22035e-11	-0.0976842
1.22048e-11	-0.097714
1.22062e-11	-0.0977439
1.22075e-11	-0.0977737
1.22089e-11	-0.0978035
1.22102e-11	-0.0978333
1.22116e-11	-0.0978631
1.2213e-11	-0.0978929
1.22143e-11	-0.0979227
1.22157e-11	-0.0979525
1.2217e-11	-0.0979823
1.22184e-11	-0.0980121
1.22197e-11	-0.0980418
1.22211e-11	-0.0980716
1.22224e-11	-0.0981013
1.22238e-11	-0.098131
1.22251e-11	-0.0981607
1.22265e-11	-0.0981904
1.22278e-11	-0.0982201
1.22292e-11	-0.0982498
1.22305e-11	-0.0982795
1.22319e-11	-0.0983092
1.22332e-11	-0.0983388
1.22346e-11	-0.0983685
1.22359e-11	-0.0983981
1.22373e-11	-0.0984278
1.22387e-11	-0.0984574
1.224e-11	-0.098487
1.22414e-11	-0.0985166
1.22427e-11	-0.0985462
1.22441e-11	-0.0985758
1.22454e-11	-0.0986054
1.22468e-11	-0.098635
1.22481e-11	-0.0986645
1.22495e-11	-0.0986941
1.22508e-11	-0.0987236
1.22522e-11	-0.0987532
1.22535e-11	-0.0987827
1.22549e-11	-0.0988122
1.22562e-11	-0.0988417
1.22576e-11	-0.0988712
1.22589e-11	-0.0989007
1.22603e-11	-0.0989302
1.22616e-11	-0.0989596
1.2263e-11	-0.0989891
1.22644e-11	-0.0990185
1.22657e-11	-0.099048
1.22671e-11	-0.0990774
1.22684e-11	-0.0991068
1.22698e-11	-0.0991362
1.22711e-11	-0.0991656
1.22725e-11	-0.099195
1.22738e-11	-0.0992244
1.22752e-11	-0.0992538
1.22765e-11	-0.0992831
1.22779e-11	-0.0993125
1.22792e-11	-0.0993418
1.22806e-11	-0.0993711
1.22819e-11	-0.0994005
1.22833e-11	-0.0994298
1.22846e-11	-0.0994591
1.2286e-11	-0.0994884
1.22873e-11	-0.0995176
1.22887e-11	-0.0995469
1.22901e-11	-0.0995762
1.22914e-11	-0.0996054
1.22928e-11	-0.0996347
1.22941e-11	-0.0996639
1.22955e-11	-0.0996931
1.22968e-11	-0.0997223
1.22982e-11	-0.0997515
1.22995e-11	-0.0997807
1.23009e-11	-0.0998099
1.23022e-11	-0.0998391
1.23036e-11	-0.0998682
1.23049e-11	-0.0998974
1.23063e-11	-0.0999265
1.23076e-11	-0.0999556
1.2309e-11	-0.0999848
1.23103e-11	-0.100014
1.23117e-11	-0.100043
1.2313e-11	-0.100072
1.23144e-11	-0.100101
1.23158e-11	-0.10013
1.23171e-11	-0.100159
1.23185e-11	-0.100188
1.23198e-11	-0.100217
1.23212e-11	-0.100246
1.23225e-11	-0.100275
1.23239e-11	-0.100304
1.23252e-11	-0.100333
1.23266e-11	-0.100362
1.23279e-11	-0.100391
1.23293e-11	-0.10042
1.23306e-11	-0.100449
1.2332e-11	-0.100478
1.23333e-11	-0.100507
1.23347e-11	-0.100536
1.2336e-11	-0.100565
1.23374e-11	-0.100594
1.23387e-11	-0.100623
1.23401e-11	-0.100652
1.23415e-11	-0.100681
1.23428e-11	-0.100709
1.23442e-11	-0.100738
1.23455e-11	-0.100767
1.23469e-11	-0.100796
1.23482e-11	-0.100825
1.23496e-11	-0.100853
1.23509e-11	-0.100882
1.23523e-11	-0.100911
1.23536e-11	-0.10094
1.2355e-11	-0.100969
1.23563e-11	-0.100997
1.23577e-11	-0.101026
1.2359e-11	-0.101055
1.23604e-11	-0.101084
1.23617e-11	-0.101112
1.23631e-11	-0.101141
1.23644e-11	-0.10117
1.23658e-11	-0.101198
1.23672e-11	-0.101227
1.23685e-11	-0.101256
1.23699e-11	-0.101284
1.23712e-11	-0.101313
1.23726e-11	-0.101341
1.23739e-11	-0.10137
1.23753e-11	-0.101399
1.23766e-11	-0.101427
1.2378e-11	-0.101456
1.23793e-11	-0.101484
1.23807e-11	-0.101513
1.2382e-11	-0.101541
1.23834e-11	-0.10157
1.23847e-11	-0.101598
1.23861e-11	-0.101627
1.23874e-11	-0.101655
1.23888e-11	-0.101684
1.23901e-11	-0.101712
1.23915e-11	-0.101741
1.23929e-11	-0.101769
1.23942e-11	-0.101798
1.23956e-11	-0.101826
1.23969e-11	-0.101855
1.23983e-11	-0.101883
1.23996e-11	-0.101911
1.2401e-11	-0.10194
1.24023e-11	-0.101968
1.24037e-11	-0.101996
1.2405e-11	-0.102025
1.24064e-11	-0.102053
1.24077e-11	-0.102081
1.24091e-11	-0.10211
1.24104e-11	-0.102138
1.24118e-11	-0.102166
1.24131e-11	-0.102195
1.24145e-11	-0.102223
1.24158e-11	-0.102251
1.24172e-11	-0.102279
1.24186e-11	-0.102308
1.24199e-11	-0.102336
1.24213e-11	-0.102364
1.24226e-11	-0.102392
1.2424e-11	-0.10242
1.24253e-11	-0.102449
1.24267e-11	-0.102477
1.2428e-11	-0.102505
1.24294e-11	-0.102533
1.24307e-11	-0.102561
1.24321e-11	-0.102589
1.24334e-11	-0.102617
1.24348e-11	-0.102645
1.24361e-11	-0.102673
1.24375e-11	-0.102702
1.24388e-11	-0.10273
1.24402e-11	-0.102758
1.24415e-11	-0.102786
1.24429e-11	-0.102814
1.24443e-11	-0.102842
1.24456e-11	-0.10287
1.2447e-11	-0.102898
1.24483e-11	-0.102926
1.24497e-11	-0.102953
1.2451e-11	-0.102981
1.24524e-11	-0.103009
1.24537e-11	-0.103037
1.24551e-11	-0.103065
1.24564e-11	-0.103093
1.24578e-11	-0.103121
1.24591e-11	-0.103149
1.24605e-11	-0.103177
1.24618e-11	-0.103204
1.24632e-11	-0.103232
1.24645e-11	-0.10326
1.24659e-11	-0.103288
1.24672e-11	-0.103316
1.24686e-11	-0.103343
1.247e-11	-0.103371
1.24713e-11	-0.103399
1.24727e-11	-0.103427
1.2474e-11	-0.103454
1.24754e-11	-0.103482
1.24767e-11	-0.10351
1.24781e-11	-0.103537
1.24794e-11	-0.103565
1.24808e-11	-0.103593
1.24821e-11	-0.10362
1.24835e-11	-0.103648
1.24848e-11	-0.103676
1.24862e-11	-0.103703
1.24875e-11	-0.103731
1.24889e-11	-0.103759
1.24902e-11	-0.103786
1.24916e-11	-0.103814
1.24929e-11	-0.103841
1.24943e-11	-0.103869
1.24957e-11	-0.103896
1.2497e-11	-0.103924
1.24984e-11	-0.103951
1.24997e-11	-0.103979
1.25011e-11	-0.104006
1.25024e-11	-0.104034
1.25038e-11	-0.104061
1.25051e-11	-0.104089
1.25065e-11	-0.104116
1.25078e-11	-0.104143
1.25092e-11	-0.104171
1.25105e-11	-0.104198
1.25119e-11	-0.104225
1.25132e-11	-0.104253
1.25146e-11	-0.10428
1.25159e-11	-0.104307
1.25173e-11	-0.104335
1.25186e-11	-0.104362
1.252e-11	-0.104389
1.25214e-11	-0.104417
1.25227e-11	-0.104444
1.25241e-11	-0.104471
1.25254e-11	-0.104498
1.25268e-11	-0.104526
1.25281e-11	-0.104553
1.25295e-11	-0.10458
1.25308e-11	-0.104607
1.25322e-11	-0.104634
1.25335e-11	-0.104661
1.25349e-11	-0.104689
1.25362e-11	-0.104716
1.25376e-11	-0.104743
1.25389e-11	-0.10477
1.25403e-11	-0.104797
1.25416e-11	-0.104824
1.2543e-11	-0.104851
1.25443e-11	-0.104878
1.25457e-11	-0.104905
1.25471e-11	-0.104932
1.25484e-11	-0.104959
1.25498e-11	-0.104986
1.25511e-11	-0.105013
1.25525e-11	-0.10504
1.25538e-11	-0.105067
1.25552e-11	-0.105094
1.25565e-11	-0.105121
1.25579e-11	-0.105148
1.25592e-11	-0.105175
1.25606e-11	-0.105201
1.25619e-11	-0.105228
1.25633e-11	-0.105255
1.25646e-11	-0.105282
1.2566e-11	-0.105309
1.25673e-11	-0.105336
1.25687e-11	-0.105362
1.257e-11	-0.105389
1.25714e-11	-0.105416
1.25728e-11	-0.105443
1.25741e-11	-0.105469
1.25755e-11	-0.105496
1.25768e-11	-0.105523
1.25782e-11	-0.105549
1.25795e-11	-0.105576
1.25809e-11	-0.105603
1.25822e-11	-0.105629
1.25836e-11	-0.105656
1.25849e-11	-0.105683
1.25863e-11	-0.105709
1.25876e-11	-0.105736
1.2589e-11	-0.105762
1.25903e-11	-0.105789
1.25917e-11	-0.105816
1.2593e-11	-0.105842
1.25944e-11	-0.105869
1.25957e-11	-0.105895
1.25971e-11	-0.105922
1.25985e-11	-0.105948
1.25998e-11	-0.105974
1.26012e-11	-0.106001
1.26025e-11	-0.106027
1.26039e-11	-0.106054
1.26052e-11	-0.10608
1.26066e-11	-0.106107
1.26079e-11	-0.106133
1.26093e-11	-0.106159
1.26106e-11	-0.106186
1.2612e-11	-0.106212
1.26133e-11	-0.106238
1.26147e-11	-0.106265
1.2616e-11	-0.106291
1.26174e-11	-0.106317
1.26187e-11	-0.106343
1.26201e-11	-0.10637
1.26214e-11	-0.106396
1.26228e-11	-0.106422
1.26242e-11	-0.106448
1.26255e-11	-0.106474
1.26269e-11	-0.106501
1.26282e-11	-0.106527
1.26296e-11	-0.106553
1.26309e-11	-0.106579
1.26323e-11	-0.106605
1.26336e-11	-0.106631
1.2635e-11	-0.106657
1.26363e-11	-0.106683
1.26377e-11	-0.106709
1.2639e-11	-0.106735
1.26404e-11	-0.106761
1.26417e-11	-0.106787
1.26431e-11	-0.106813
1.26444e-11	-0.106839
1.26458e-11	-0.106865
1.26471e-11	-0.106891
1.26485e-11	-0.106917
1.26499e-11	-0.106943
1.26512e-11	-0.106969
1.26526e-11	-0.106995
1.26539e-11	-0.107021
1.26553e-11	-0.107046
1.26566e-11	-0.107072
1.2658e-11	-0.107098
1.26593e-11	-0.107124
1.26607e-11	-0.10715
1.2662e-11	-0.107175
1.26634e-11	-0.107201
1.26647e-11	-0.107227
1.26661e-11	-0.107253
1.26674e-11	-0.107278
1.26688e-11	-0.107304
1.26701e-11	-0.10733
1.26715e-11	-0.107355
1.26728e-11	-0.107381
1.26742e-11	-0.107406
1.26756e-11	-0.107432
1.26769e-11	-0.107458
1.26783e-11	-0.107483
1.26796e-11	-0.107509
1.2681e-11	-0.107534
1.26823e-11	-0.10756
1.26837e-11	-0.107585
1.2685e-11	-0.107611
1.26864e-11	-0.107636
1.26877e-11	-0.107662
1.26891e-11	-0.107687
1.26904e-11	-0.107713
1.26918e-11	-0.107738
1.26931e-11	-0.107764
1.26945e-11	-0.107789
1.26958e-11	-0.107814
1.26972e-11	-0.10784
1.26985e-11	-0.107865
1.26999e-11	-0.10789
1.27013e-11	-0.107916
1.27026e-11	-0.107941
1.2704e-11	-0.107966
1.27053e-11	-0.107991
1.27067e-11	-0.108017
1.2708e-11	-0.108042
1.27094e-11	-0.108067
1.27107e-11	-0.108092
1.27121e-11	-0.108117
1.27134e-11	-0.108143
1.27148e-11	-0.108168
1.27161e-11	-0.108193
1.27175e-11	-0.108218
1.27188e-11	-0.108243
1.27202e-11	-0.108268
1.27215e-11	-0.108293
1.27229e-11	-0.108318
1.27242e-11	-0.108343
1.27256e-11	-0.108368
1.2727e-11	-0.108393
1.27283e-11	-0.108418
1.27297e-11	-0.108443
1.2731e-11	-0.108468
1.27324e-11	-0.108493
1.27337e-11	-0.108518
1.27351e-11	-0.108543
1.27364e-11	-0.108568
1.27378e-11	-0.108593
1.27391e-11	-0.108617
1.27405e-11	-0.108642
1.27418e-11	-0.108667
1.27432e-11	-0.108692
1.27445e-11	-0.108717
1.27459e-11	-0.108741
1.27472e-11	-0.108766
1.27486e-11	-0.108791
1.27499e-11	-0.108815
1.27513e-11	-0.10884
1.27527e-11	-0.108865
1.2754e-11	-0.108889
1.27554e-11	-0.108914
1.27567e-11	-0.108939
1.27581e-11	-0.108963
1.27594e-11	-0.108988
1.27608e-11	-0.109012
1.27621e-11	-0.109037
1.27635e-11	-0.109062
1.27648e-11	-0.109086
1.27662e-11	-0.109111
1.27675e-11	-0.109135
1.27689e-11	-0.109159
1.27702e-11	-0.109184
1.27716e-11	-0.109208
1.27729e-11	-0.109233
1.27743e-11	-0.109257
1.27756e-11	-0.109282
1.2777e-11	-0.109306
1.27784e-11	-0.10933
1.27797e-11	-0.109355
1.27811e-11	-0.109379
1.27824e-11	-0.109403
1.27838e-11	-0.109427
1.27851e-11	-0.109452
1.27865e-11	-0.109476
1.27878e-11	-0.1095
1.27892e-11	-0.109524
1.27905e-11	-0.109549
1.27919e-11	-0.109573
1.27932e-11	-0.109597
1.27946e-11	-0.109621
1.27959e-11	-0.109645
1.27973e-11	-0.109669
1.27986e-11	-0.109693
1.28e-11	-0.109717
1.28013e-11	-0.109741
1.28027e-11	-0.109765
1.28041e-11	-0.109789
1.28054e-11	-0.109813
1.28068e-11	-0.109837
1.28081e-11	-0.109861
1.28095e-11	-0.109885
1.28108e-11	-0.109909
1.28122e-11	-0.109933
1.28135e-11	-0.109957
1.28149e-11	-0.109981
1.28162e-11	-0.110005
1.28176e-11	-0.110028
1.28189e-11	-0.110052
1.28203e-11	-0.110076
1.28216e-11	-0.1101
1.2823e-11	-0.110124
1.28243e-11	-0.110147
1.28257e-11	-0.110171
1.2827e-11	-0.110195
1.28284e-11	-0.110218
1.28298e-11	-0.110242
1.28311e-11	-0.110266
1.28325e-11	-0.110289
1.28338e-11	-0.110313
1.28352e-11	-0.110337
1.28365e-11	-0.11036
1.28379e-11	-0.110384
1.28392e-11	-0.110407
1.28406e-11	-0.110431
1.28419e-11	-0.110454
1.28433e-11	-0.110478
1.28446e-11	-0.110501
1.2846e-11	-0.110525
1.28473e-11	-0.110548
1.28487e-11	-0.110571
1.285e-11	-0.110595
1.28514e-11	-0.110618
1.28527e-11	-0.110641
1.28541e-11	-0.110665
1.28555e-11	-0.110688
1.28568e-11	-0.110711
1.28582e-11	-0.110735
1.28595e-11	-0.110758
1.28609e-11	-0.110781
1.28622e-11	-0.110804
1.28636e-11	-0.110828
1.28649e-11	-0.110851
1.28663e-11	-0.110874
1.28676e-11	-0.110897
1.2869e-11	-0.11092
1.28703e-11	-0.110943
1.28717e-11	-0.110966
1.2873e-11	-0.110989
1.28744e-11	-0.111012
1.28757e-11	-0.111035
1.28771e-11	-0.111058
1.28784e-11	-0.111081
1.28798e-11	-0.111104
1.28812e-11	-0.111127
1.28825e-11	-0.11115
1.28839e-11	-0.111173
1.28852e-11	-0.111196
1.28866e-11	-0.111219
1.28879e-11	-0.111242
1.28893e-11	-0.111265
1.28906e-11	-0.111287
1.2892e-11	-0.11131
1.28933e-11	-0.111333
1.28947e-11	-0.111356
1.2896e-11	-0.111379
1.28974e-11	-0.111401
1.28987e-11	-0.111424
1.29001e-11	-0.111447
1.29014e-11	-0.111469
1.29028e-11	-0.111492
1.29041e-11	-0.111515
1.29055e-11	-0.111537
1.29069e-11	-0.11156
1.29082e-11	-0.111582
1.29096e-11	-0.111605
1.29109e-11	-0.111627
1.29123e-11	-0.11165
1.29136e-11	-0.111672
1.2915e-11	-0.111695
1.29163e-11	-0.111717
1.29177e-11	-0.11174
1.2919e-11	-0.111762
1.29204e-11	-0.111784
1.29217e-11	-0.111807
1.29231e-11	-0.111829
1.29244e-11	-0.111851
1.29258e-11	-0.111874
1.29271e-11	-0.111896
1.29285e-11	-0.111918
1.29298e-11	-0.111941
1.29312e-11	-0.111963
1.29326e-11	-0.111985
1.29339e-11	-0.112007
1.29353e-11	-0.112029
1.29366e-11	-0.112051
1.2938e-11	-0.112074
1.29393e-11	-0.112096
1.29407e-11	-0.112118
1.2942e-11	-0.11214
1.29434e-11	-0.112162
1.29447e-11	-0.112184
1.29461e-11	-0.112206
1.29474e-11	-0.112228
1.29488e-11	-0.11225
1.29501e-11	-0.112272
1.29515e-11	-0.112294
1.29528e-11	-0.112316
1.29542e-11	-0.112337
1.29555e-11	-0.112359
1.29569e-11	-0.112381
1.29583e-11	-0.112403
1.29596e-11	-0.112425
1.2961e-11	-0.112446
1.29623e-11	-0.112468
1.29637e-11	-0.11249
1.2965e-11	-0.112512
1.29664e-11	-0.112533
1.29677e-11	-0.112555
1.29691e-11	-0.112577
1.29704e-11	-0.112598
1.29718e-11	-0.11262
1.29731e-11	-0.112642
1.29745e-11	-0.112663
1.29758e-11	-0.112685
1.29772e-11	-0.112706
1.29785e-11	-0.112728
1.29799e-11	-0.112749
1.29812e-11	-0.112771
1.29826e-11	-0.112792
1.2984e-11	-0.112813
1.29853e-11	-0.112835
1.29867e-11	-0.112856
1.2988e-11	-0.112878
1.29894e-11	-0.112899
1.29907e-11	-0.11292
1.29921e-11	-0.112942
1.29934e-11	-0.112963
1.29948e-11	-0.112984
1.29961e-11	-0.113005
1.29975e-11	-0.113027
1.29988e-11	-0.113048
1.30002e-11	-0.113069
1.30015e-11	-0.11309
1.30029e-11	-0.113111
1.30042e-11	-0.113132
1.30056e-11	-0.113153
1.30069e-11	-0.113174
1.30083e-11	-0.113195
1.30097e-11	-0.113216
1.3011e-11	-0.113237
1.30124e-11	-0.113258
1.30137e-11	-0.113279
1.30151e-11	-0.1133
1.30164e-11	-0.113321
1.30178e-11	-0.113342
1.30191e-11	-0.113363
1.30205e-11	-0.113384
1.30218e-11	-0.113405
1.30232e-11	-0.113425
1.30245e-11	-0.113446
1.30259e-11	-0.113467
1.30272e-11	-0.113488
1.30286e-11	-0.113508
1.30299e-11	-0.113529
1.30313e-11	-0.11355
1.30326e-11	-0.11357
1.3034e-11	-0.113591
1.30354e-11	-0.113612
1.30367e-11	-0.113632
1.30381e-11	-0.113653
1.30394e-11	-0.113673
1.30408e-11	-0.113694
1.30421e-11	-0.113714
1.30435e-11	-0.113735
1.30448e-11	-0.113755
1.30462e-11	-0.113776
1.30475e-11	-0.113796
1.30489e-11	-0.113817
1.30502e-11	-0.113837
1.30516e-11	-0.113857
1.30529e-11	-0.113878
1.30543e-11	-0.113898
1.30556e-11	-0.113918
1.3057e-11	-0.113938
1.30583e-11	-0.113959
1.30597e-11	-0.113979
1.30611e-11	-0.113999
1.30624e-11	-0.114019
1.30638e-11	-0.114039
1.30651e-11	-0.114059
1.30665e-11	-0.11408
1.30678e-11	-0.1141
1.30692e-11	-0.11412
1.30705e-11	-0.11414
1.30719e-11	-0.11416
1.30732e-11	-0.11418
1.30746e-11	-0.1142
1.30759e-11	-0.11422
1.30773e-11	-0.11424
1.30786e-11	-0.114259
1.308e-11	-0.114279
1.30813e-11	-0.114299
1.30827e-11	-0.114319
1.3084e-11	-0.114339
1.30854e-11	-0.114359
1.30868e-11	-0.114378
1.30881e-11	-0.114398
1.30895e-11	-0.114418
1.30908e-11	-0.114437
1.30922e-11	-0.114457
1.30935e-11	-0.114477
1.30949e-11	-0.114496
1.30962e-11	-0.114516
1.30976e-11	-0.114536
1.30989e-11	-0.114555
1.31003e-11	-0.114575
1.31016e-11	-0.114594
1.3103e-11	-0.114614
1.31043e-11	-0.114633
1.31057e-11	-0.114652
1.3107e-11	-0.114672
1.31084e-11	-0.114691
1.31097e-11	-0.114711
1.31111e-11	-0.11473
1.31125e-11	-0.114749
1.31138e-11	-0.114769
1.31152e-11	-0.114788
1.31165e-11	-0.114807
1.31179e-11	-0.114826
1.31192e-11	-0.114846
1.31206e-11	-0.114865
1.31219e-11	-0.114884
1.31233e-11	-0.114903
1.31246e-11	-0.114922
1.3126e-11	-0.114941
1.31273e-11	-0.11496
1.31287e-11	-0.114979
1.313e-11	-0.114998
1.31314e-11	-0.115017
1.31327e-11	-0.115036
1.31341e-11	-0.115055
1.31354e-11	-0.115074
1.31368e-11	-0.115093
1.31382e-11	-0.115112
1.31395e-11	-0.115131
1.31409e-11	-0.11515
1.31422e-11	-0.115168
1.31436e-11	-0.115187
1.31449e-11	-0.115206
1.31463e-11	-0.115225
1.31476e-11	-0.115243
1.3149e-11	-0.115262
1.31503e-11	-0.115281
1.31517e-11	-0.115299
1.3153e-11	-0.115318
1.31544e-11	-0.115337
1.31557e-11	-0.115355
1.31571e-11	-0.115374
1.31584e-11	-0.115392
1.31598e-11	-0.115411
1.31612e-11	-0.115429
1.31625e-11	-0.115448
1.31639e-11	-0.115466
1.31652e-11	-0.115484
1.31666e-11	-0.115503
1.31679e-11	-0.115521
1.31693e-11	-0.115539
1.31706e-11	-0.115558
1.3172e-11	-0.115576
1.31733e-11	-0.115594
1.31747e-11	-0.115612
1.3176e-11	-0.115631
1.31774e-11	-0.115649
1.31787e-11	-0.115667
1.31801e-11	-0.115685
1.31814e-11	-0.115703
1.31828e-11	-0.115721
1.31841e-11	-0.115739
1.31855e-11	-0.115757
1.31869e-11	-0.115775
1.31882e-11	-0.115793
1.31896e-11	-0.115811
1.31909e-11	-0.115829
1.31923e-11	-0.115847
1.31936e-11	-0.115865
1.3195e-11	-0.115883
1.31963e-11	-0.115901
1.31977e-11	-0.115919
1.3199e-11	-0.115936
1.32004e-11	-0.115954
1.32017e-11	-0.115972
1.32031e-11	-0.115989
1.32044e-11	-0.116007
1.32058e-11	-0.116025
1.32071e-11	-0.116042
1.32085e-11	-0.11606
1.32098e-11	-0.116078
1.32112e-11	-0.116095
1.32126e-11	-0.116113
1.32139e-11	-0.11613
1.32153e-11	-0.116148
1.32166e-11	-0.116165
1.3218e-11	-0.116183
1.32193e-11	-0.1162
1.32207e-11	-0.116217
1.3222e-11	-0.116235
1.32234e-11	-0.116252
1.32247e-11	-0.116269
1.32261e-11	-0.116287
1.32274e-11	-0.116304
1.32288e-11	-0.116321
1.32301e-11	-0.116338
1.32315e-11	-0.116355
1.32328e-11	-0.116373
1.32342e-11	-0.11639
1.32355e-11	-0.116407
1.32369e-11	-0.116424
1.32383e-11	-0.116441
1.32396e-11	-0.116458
1.3241e-11	-0.116475
1.32423e-11	-0.116492
1.32437e-11	-0.116509
1.3245e-11	-0.116526
1.32464e-11	-0.116543
1.32477e-11	-0.11656
1.32491e-11	-0.116576
1.32504e-11	-0.116593
1.32518e-11	-0.11661
1.32531e-11	-0.116627
1.32545e-11	-0.116644
1.32558e-11	-0.11666
1.32572e-11	-0.116677
1.32585e-11	-0.116694
1.32599e-11	-0.11671
1.32612e-11	-0.116727
1.32626e-11	-0.116743
1.3264e-11	-0.11676
1.32653e-11	-0.116777
1.32667e-11	-0.116793
1.3268e-11	-0.11681
1.32694e-11	-0.116826
1.32707e-11	-0.116842
1.32721e-11	-0.116859
1.32734e-11	-0.116875
1.32748e-11	-0.116892
1.32761e-11	-0.116908
1.32775e-11	-0.116924
1.32788e-11	-0.11694
1.32802e-11	-0.116957
1.32815e-11	-0.116973
1.32829e-11	-0.116989
1.32842e-11	-0.117005
1.32856e-11	-0.117021
1.32869e-11	-0.117038
1.32883e-11	-0.117054
1.32897e-11	-0.11707
1.3291e-11	-0.117086
1.32924e-11	-0.117102
1.32937e-11	-0.117118
1.32951e-11	-0.117134
1.32964e-11	-0.11715
1.32978e-11	-0.117165
1.32991e-11	-0.117181
1.33005e-11	-0.117197
1.33018e-11	-0.117213
1.33032e-11	-0.117229
1.33045e-11	-0.117245
1.33059e-11	-0.11726
1.33072e-11	-0.117276
1.33086e-11	-0.117292
1.33099e-11	-0.117307
1.33113e-11	-0.117323
1.33126e-11	-0.117339
1.3314e-11	-0.117354
1.33154e-11	-0.11737
1.33167e-11	-0.117385
1.33181e-11	-0.117401
1.33194e-11	-0.117416
1.33208e-11	-0.117432
1.33221e-11	-0.117447
1.33235e-11	-0.117462
1.33248e-11	-0.117478
1.33262e-11	-0.117493
1.33275e-11	-0.117508
1.33289e-11	-0.117524
1.33302e-11	-0.117539
1.33316e-11	-0.117554
1.33329e-11	-0.117569
1.33343e-11	-0.117585
1.33356e-11	-0.1176
1.3337e-11	-0.117615
1.33383e-11	-0.11763
1.33397e-11	-0.117645
1.33411e-11	-0.11766
1.33424e-11	-0.117675
1.33438e-11	-0.11769
1.33451e-11	-0.117705
1.33465e-11	-0.11772
1.33478e-11	-0.117735
1.33492e-11	-0.11775
1.33505e-11	-0.117764
1.33519e-11	-0.117779
1.33532e-11	-0.117794
1.33546e-11	-0.117809
1.33559e-11	-0.117824
1.33573e-11	-0.117838
1.33586e-11	-0.117853
1.336e-11	-0.117868
1.33613e-11	-0.117882
1.33627e-11	-0.117897
1.3364e-11	-0.117911
1.33654e-11	-0.117926
1.33668e-11	-0.11794
1.33681e-11	-0.117955
1.33695e-11	-0.117969
1.33708e-11	-0.117984
1.33722e-11	-0.117998
1.33735e-11	-0.118012
1.33749e-11	-0.118027
1.33762e-11	-0.118041
1.33776e-11	-0.118055
1.33789e-11	-0.11807
1.33803e-11	-0.118084
1.33816e-11	-0.118098
1.3383e-11	-0.118112
1.33843e-11	-0.118126
1.33857e-11	-0.11814
1.3387e-11	-0.118155
1.33884e-11	-0.118169
1.33897e-11	-0.118183
1.33911e-11	-0.118197
1.33925e-11	-0.118211
1.33938e-11	-0.118225
1.33952e-11	-0.118238
1.33965e-11	-0.118252
1.33979e-11	-0.118266
1.33992e-11	-0.11828
1.34006e-11	-0.118294
1.34019e-11	-0.118308
1.34033e-11	-0.118321
1.34046e-11	-0.118335
1.3406e-11	-0.118349
1.34073e-11	-0.118362
1.34087e-11	-0.118376
1.341e-11	-0.11839
1.34114e-11	-0.118403
1.34127e-11	-0.118417
1.34141e-11	-0.11843
1.34154e-11	-0.118444
1.34168e-11	-0.118457
1.34182e-11	-0.118471
1.34195e-11	-0.118484
1.34209e-11	-0.118497
1.34222e-11	-0.118511
1.34236e-11	-0.118524
1.34249e-11	-0.118537
1.34263e-11	-0.11855
1.34276e-11	-0.118564
1.3429e-11	-0.118577
1.34303e-11	-0.11859
1.34317e-11	-0.118603
1.3433e-11	-0.118616
1.34344e-11	-0.118629
1.34357e-11	-0.118642
1.34371e-11	-0.118655
1.34384e-11	-0.118668
1.34398e-11	-0.118681
1.34411e-11	-0.118694
1.34425e-11	-0.118707
1.34439e-11	-0.11872
1.34452e-11	-0.118733
1.34466e-11	-0.118746
1.34479e-11	-0.118758
1.34493e-11	-0.118771
1.34506e-11	-0.118784
1.3452e-11	-0.118797
1.34533e-11	-0.118809
1.34547e-11	-0.118822
1.3456e-11	-0.118835
1.34574e-11	-0.118847
1.34587e-11	-0.11886
1.34601e-11	-0.118872
1.34614e-11	-0.118885
1.34628e-11	-0.118897
1.34641e-11	-0.11891
1.34655e-11	-0.118922
1.34668e-11	-0.118934
1.34682e-11	-0.118947
1.34696e-11	-0.118959
1.34709e-11	-0.118971
1.34723e-11	-0.118983
1.34736e-11	-0.118996
1.3475e-11	-0.119008
1.34763e-11	-0.11902
1.34777e-11	-0.119032
1.3479e-11	-0.119044
1.34804e-11	-0.119056
1.34817e-11	-0.119068
1.34831e-11	-0.11908
1.34844e-11	-0.119092
1.34858e-11	-0.119104
1.34871e-11	-0.119116
1.34885e-11	-0.119128
1.34898e-11	-0.11914
1.34912e-11	-0.119152
1.34925e-11	-0.119163
1.34939e-11	-0.119175
1.34953e-11	-0.119187
1.34966e-11	-0.119199
1.3498e-11	-0.11921
1.34993e-11	-0.119222
1.35007e-11	-0.119234
1.3502e-11	-0.119245
1.35034e-11	-0.119257
1.35047e-11	-0.119268
1.35061e-11	-0.11928
1.35074e-11	-0.119291
1.35088e-11	-0.119303
1.35101e-11	-0.119314
1.35115e-11	-0.119325
1.35128e-11	-0.119337
1.35142e-11	-0.119348
1.35155e-11	-0.119359
1.35169e-11	-0.11937
1.35182e-11	-0.119382
1.35196e-11	-0.119393
1.3521e-11	-0.119404
1.35223e-11	-0.119415
1.35237e-11	-0.119426
1.3525e-11	-0.119437
1.35264e-11	-0.119448
1.35277e-11	-0.119459
1.35291e-11	-0.11947
1.35304e-11	-0.119481
1.35318e-11	-0.119492
1.35331e-11	-0.119503
1.35345e-11	-0.119514
1.35358e-11	-0.119525
1.35372e-11	-0.119535
1.35385e-11	-0.119546
1.35399e-11	-0.119557
1.35412e-11	-0.119567
1.35426e-11	-0.119578
1.35439e-11	-0.119589
1.35453e-11	-0.119599
1.35467e-11	-0.11961
1.3548e-11	-0.11962
1.35494e-11	-0.119631
1.35507e-11	-0.119641
1.35521e-11	-0.119652
1.35534e-11	-0.119662
1.35548e-11	-0.119672
1.35561e-11	-0.119683
1.35575e-11	-0.119693
1.35588e-11	-0.119703
1.35602e-11	-0.119714
1.35615e-11	-0.119724
1.35629e-11	-0.119734
1.35642e-11	-0.119744
1.35656e-11	-0.119754
1.35669e-11	-0.119764
1.35683e-11	-0.119774
1.35696e-11	-0.119784
1.3571e-11	-0.119794
1.35724e-11	-0.119804
1.35737e-11	-0.119814
1.35751e-11	-0.119824
1.35764e-11	-0.119834
1.35778e-11	-0.119844
1.35791e-11	-0.119854
1.35805e-11	-0.119863
1.35818e-11	-0.119873
1.35832e-11	-0.119883
1.35845e-11	-0.119892
1.35859e-11	-0.119902
1.35872e-11	-0.119912
1.35886e-11	-0.119921
1.35899e-11	-0.119931
1.35913e-11	-0.11994
1.35926e-11	-0.11995
1.3594e-11	-0.119959
1.35953e-11	-0.119969
1.35967e-11	-0.119978
1.35981e-11	-0.119987
1.35994e-11	-0.119997
1.36008e-11	-0.120006
1.36021e-11	-0.120015
1.36035e-11	-0.120024
1.36048e-11	-0.120033
1.36062e-11	-0.120043
1.36075e-11	-0.120052
1.36089e-11	-0.120061
1.36102e-11	-0.12007
1.36116e-11	-0.120079
1.36129e-11	-0.120088
1.36143e-11	-0.120097
1.36156e-11	-0.120106
1.3617e-11	-0.120115
1.36183e-11	-0.120123
1.36197e-11	-0.120132
1.3621e-11	-0.120141
1.36224e-11	-0.12015
1.36238e-11	-0.120158
1.36251e-11	-0.120167
1.36265e-11	-0.120176
1.36278e-11	-0.120184
1.36292e-11	-0.120193
1.36305e-11	-0.120202
1.36319e-11	-0.12021
1.36332e-11	-0.120219
1.36346e-11	-0.120227
1.36359e-11	-0.120235
1.36373e-11	-0.120244
1.36386e-11	-0.120252
1.364e-11	-0.120261
1.36413e-11	-0.120269
1.36427e-11	-0.120277
1.3644e-11	-0.120285
1.36454e-11	-0.120293
1.36467e-11	-0.120302
1.36481e-11	-0.12031
1.36495e-11	-0.120318
1.36508e-11	-0.120326
1.36522e-11	-0.120334
1.36535e-11	-0.120342
1.36549e-11	-0.12035
1.36562e-11	-0.120358
1.36576e-11	-0.120366
1.36589e-11	-0.120373
1.36603e-11	-0.120381
1.36616e-11	-0.120389
1.3663e-11	-0.120397
1.36643e-11	-0.120405
1.36657e-11	-0.120412
1.3667e-11	-0.12042
1.36684e-11	-0.120427
1.36697e-11	-0.120435
1.36711e-11	-0.120443
1.36724e-11	-0.12045
1.36738e-11	-0.120458
1.36752e-11	-0.120465
1.36765e-11	-0.120472
1.36779e-11	-0.12048
1.36792e-11	-0.120487
1.36806e-11	-0.120494
1.36819e-11	-0.120502
1.36833e-11	-0.120509
1.36846e-11	-0.120516
1.3686e-11	-0.120523
1.36873e-11	-0.12053
1.36887e-11	-0.120538
1.369e-11	-0.120545
1.36914e-11	-0.120552
1.36927e-11	-0.120559
1.36941e-11	-0.120566
1.36954e-11	-0.120573
1.36968e-11	-0.120579
1.36981e-11	-0.120586
1.36995e-11	-0.120593
1.37009e-11	-0.1206
1.37022e-11	-0.120607
1.37036e-11	-0.120613
1.37049e-11	-0.12062
1.37063e-11	-0.120627
1.37076e-11	-0.120633
1.3709e-11	-0.12064
1.37103e-11	-0.120647
1.37117e-11	-0.120653
1.3713e-11	-0.12066
1.37144e-11	-0.120666
1.37157e-11	-0.120672
1.37171e-11	-0.120679
1.37184e-11	-0.120685
1.37198e-11	-0.120691
1.37211e-11	-0.120698
1.37225e-11	-0.120704
1.37238e-11	-0.12071
1.37252e-11	-0.120716
1.37266e-11	-0.120722
1.37279e-11	-0.120729
1.37293e-11	-0.120735
1.37306e-11	-0.120741
1.3732e-11	-0.120747
1.37333e-11	-0.120753
1.37347e-11	-0.120758
1.3736e-11	-0.120764
1.37374e-11	-0.12077
1.37387e-11	-0.120776
1.37401e-11	-0.120782
1.37414e-11	-0.120788
1.37428e-11	-0.120793
1.37441e-11	-0.120799
1.37455e-11	-0.120805
1.37468e-11	-0.12081
1.37482e-11	-0.120816
1.37495e-11	-0.120821
1.37509e-11	-0.120827
1.37523e-11	-0.120832
1.37536e-11	-0.120838
1.3755e-11	-0.120843
1.37563e-11	-0.120848
1.37577e-11	-0.120854
1.3759e-11	-0.120859
1.37604e-11	-0.120864
1.37617e-11	-0.120869
1.37631e-11	-0.120875
1.37644e-11	-0.12088
1.37658e-11	-0.120885
1.37671e-11	-0.12089
1.37685e-11	-0.120895
1.37698e-11	-0.1209
1.37712e-11	-0.120905
1.37725e-11	-0.12091
1.37739e-11	-0.120915
1.37752e-11	-0.12092
1.37766e-11	-0.120924
1.3778e-11	-0.120929
1.37793e-11	-0.120934
1.37807e-11	-0.120939
1.3782e-11	-0.120943
1.37834e-11	-0.120948
1.37847e-11	-0.120953
1.37861e-11	-0.120957
1.37874e-11	-0.120962
1.37888e-11	-0.120966
1.37901e-11	-0.120971
1.37915e-11	-0.120975
1.37928e-11	-0.120979
1.37942e-11	-0.120984
1.37955e-11	-0.120988
1.37969e-11	-0.120992
1.37982e-11	-0.120997
1.37996e-11	-0.121001
1.38009e-11	-0.121005
1.38023e-11	-0.121009
1.38037e-11	-0.121013
1.3805e-11	-0.121017
1.38064e-11	-0.121021
1.38077e-11	-0.121025
1.38091e-11	-0.121029
1.38104e-11	-0.121033
1.38118e-11	-0.121037
1.38131e-11	-0.121041
1.38145e-11	-0.121045
1.38158e-11	-0.121048
1.38172e-11	-0.121052
1.38185e-11	-0.121056
1.38199e-11	-0.121059
1.38212e-11	-0.121063
1.38226e-11	-0.121067
1.38239e-11	-0.12107
1.38253e-11	-0.121074
1.38266e-11	-0.121077
1.3828e-11	-0.121081
1.38294e-11	-0.121084
1.38307e-11	-0.121087
1.38321e-11	-0.121091
1.38334e-11	-0.121094
1.38348e-11	-0.121097
1.38361e-11	-0.1211
1.38375e-11	-0.121104
1.38388e-11	-0.121107
1.38402e-11	-0.12111
1.38415e-11	-0.121113
1.38429e-11	-0.121116
1.38442e-11	-0.121119
1.38456e-11	-0.121122
1.38469e-11	-0.121125
1.38483e-11	-0.121128
1.38496e-11	-0.12113
1.3851e-11	-0.121133
1.38523e-11	-0.121136
1.38537e-11	-0.121139
1.38551e-11	-0.121141
1.38564e-11	-0.121144
1.38578e-11	-0.121147
1.38591e-11	-0.121149
1.38605e-11	-0.121152
1.38618e-11	-0.121154
1.38632e-11	-0.121157
1.38645e-11	-0.121159
1.38659e-11	-0.121161
1.38672e-11	-0.121164
1.38686e-11	-0.121166
1.38699e-11	-0.121168
1.38713e-11	-0.121171
1.38726e-11	-0.121173
1.3874e-11	-0.121175
1.38753e-11	-0.121177
1.38767e-11	-0.121179
1.3878e-11	-0.121181
1.38794e-11	-0.121183
1.38808e-11	-0.121185
1.38821e-11	-0.121187
1.38835e-11	-0.121189
1.38848e-11	-0.121191
1.38862e-11	-0.121193
1.38875e-11	-0.121194
1.38889e-11	-0.121196
1.38902e-11	-0.121198
1.38916e-11	-0.121199
1.38929e-11	-0.121201
1.38943e-11	-0.121203
1.38956e-11	-0.121204
1.3897e-11	-0.121206
1.38983e-11	-0.121207
1.38997e-11	-0.121209
1.3901e-11	-0.12121
1.39024e-11	-0.121211
1.39037e-11	-0.121213
1.39051e-11	-0.121214
1.39065e-11	-0.121215
1.39078e-11	-0.121216
1.39092e-11	-0.121217
1.39105e-11	-0.121219
1.39119e-11	-0.12122
1.39132e-11	-0.121221
1.39146e-11	-0.121222
1.39159e-11	-0.121223
1.39173e-11	-0.121224
1.39186e-11	-0.121224
1.392e-11	-0.121225
1.39213e-11	-0.121226
1.39227e-11	-0.121227
1.3924e-11	-0.121228
1.39254e-11	-0.121228
1.39267e-11	-0.121229
1.39281e-11	-0.12123
1.39294e-11	-0.12123
1.39308e-11	-0.121231
1.39322e-11	-0.121231
1.39335e-11	-0.121232
1.39349e-11	-0.121232
1.39362e-11	-0.121232
1.39376e-11	-0.121233
1.39389e-11	-0.121233
1.39403e-11	-0.121233
1.39416e-11	-0.121233
1.3943e-11	-0.121234
1.39443e-11	-0.121234
1.39457e-11	-0.121234
1.3947e-11	-0.121234
1.39484e-11	-0.121234
1.39497e-11	-0.121234
1.39511e-11	-0.121234
1.39524e-11	-0.121234
1.39538e-11	-0.121234
1.39551e-11	-0.121233
1.39565e-11	-0.121233
1.39579e-11	-0.121233
1.39592e-11	-0.121233
1.39606e-11	-0.121232
1.39619e-11	-0.121232
1.39633e-11	-0.121232
1.39646e-11	-0.121231
1.3966e-11	-0.121231
1.39673e-11	-0.12123
1.39687e-11	-0.12123
1.397e-11	-0.121229
1.39714e-11	-0.121228
1.39727e-11	-0.121228
1.39741e-11	-0.121227
1.39754e-11	-0.121226
1.39768e-11	-0.121225
1.39781e-11	-0.121224
1.39795e-11	-0.121223
1.39808e-11	-0.121223
1.39822e-11	-0.121222
1.39836e-11	-0.121221
1.39849e-11	-0.12122
1.39863e-11	-0.121218
1.39876e-11	-0.121217
1.3989e-11	-0.121216
1.39903e-11	-0.121215
1.39917e-11	-0.121214
1.3993e-11	-0.121212
1.39944e-11	-0.121211
1.39957e-11	-0.12121
1.39971e-11	-0.121208
1.39984e-11	-0.121207
1.39998e-11	-0.121205
1.40011e-11	-0.121204
1.40025e-11	-0.121202
1.40038e-11	-0.1212
1.40052e-11	-0.121199
1.40065e-11	-0.121197
1.40079e-11	-0.121195
1.40093e-11	-0.121194
1.40106e-11	-0.121192
1.4012e-11	-0.12119
1.40133e-11	-0.121188
1.40147e-11	-0.121186
1.4016e-11	-0.121184
1.40174e-11	-0.121182
1.40187e-11	-0.12118
1.40201e-11	-0.121178
1.40214e-11	-0.121176
1.40228e-11	-0.121173
1.40241e-11	-0.121171
1.40255e-11	-0.121169
1.40268e-11	-0.121167
1.40282e-11	-0.121164
1.40295e-11	-0.121162
1.40309e-11	-0.121159
1.40322e-11	-0.121157
1.40336e-11	-0.121154
1.4035e-11	-0.121152
1.40363e-11	-0.121149
1.40377e-11	-0.121147
1.4039e-11	-0.121144
1.40404e-11	-0.121141
1.40417e-11	-0.121138
1.40431e-11	-0.121136
1.40444e-11	-0.121133
1.40458e-11	-0.12113
1.40471e-11	-0.121127
1.40485e-11	-0.121124
1.40498e-11	-0.121121
1.40512e-11	-0.121118
1.40525e-11	-0.121115
1.40539e-11	-0.121112
1.40552e-11	-0.121108
1.40566e-11	-0.121105
1.40579e-11	-0.121102
1.40593e-11	-0.121099
1.40607e-11	-0.121095
1.4062e-11	-0.121092
1.40634e-11	-0.121088
1.40647e-11	-0.121085
1.40661e-11	-0.121081
1.40674e-11	-0.121078
1.40688e-11	-0.121074
1.40701e-11	-0.121071
1.40715e-11	-0.121067
1.40728e-11	-0.121063
1.40742e-11	-0.121059
1.40755e-11	-0.121056
1.40769e-11	-0.121052
1.40782e-11	-0.121048
1.40796e-11	-0.121044
1.40809e-11	-0.12104
1.40823e-11	-0.121036
1.40836e-11	-0.121032
1.4085e-11	-0.121028
1.40864e-11	-0.121024
1.40877e-11	-0.121019
1.40891e-11	-0.121015
1.40904e-11	-0.121011
1.40918e-11	-0.121007
1.40931e-11	-0.121002
1.40945e-11	-0.120998
1.40958e-11	-0.120993
1.40972e-11	-0.120989
1.40985e-11	-0.120984
1.40999e-11	-0.12098
1.41012e-11	-0.120975
1.41026e-11	-0.12097
1.41039e-11	-0.120966
1.41053e-11	-0.120961
1.41066e-11	-0.120956
1.4108e-11	-0.120951
1.41093e-11	-0.120946
1.41107e-11	-0.120942
1.41121e-11	-0.120937
1.41134e-11	-0.120932
1.41148e-11	-0.120927
1.41161e-11	-0.120921
1.41175e-11	-0.120916
1.41188e-11	-0.120911
1.41202e-11	-0.120906
1.41215e-11	-0.120901
1.41229e-11	-0.120895
1.41242e-11	-0.12089
1.41256e-11	-0.120885
1.41269e-11	-0.120879
1.41283e-11	-0.120874
1.41296e-11	-0.120868
1.4131e-11	-0.120863
1.41323e-11	-0.120857
1.41337e-11	-0.120851
1.4135e-11	-0.120846
1.41364e-11	-0.12084
1.41378e-11	-0.120834
1.41391e-11	-0.120828
1.41405e-11	-0.120822
1.41418e-11	-0.120817
1.41432e-11	-0.120811
1.41445e-11	-0.120805
1.41459e-11	-0.120799
1.41472e-11	-0.120792
1.41486e-11	-0.120786
1.41499e-11	-0.12078
1.41513e-11	-0.120774
1.41526e-11	-0.120768
1.4154e-11	-0.120761
1.41553e-11	-0.120755
1.41567e-11	-0.120749
1.4158e-11	-0.120742
1.41594e-11	-0.120736
1.41607e-11	-0.120729
1.41621e-11	-0.120723
1.41635e-11	-0.120716
1.41648e-11	-0.120709
1.41662e-11	-0.120703
1.41675e-11	-0.120696
1.41689e-11	-0.120689
1.41702e-11	-0.120682
1.41716e-11	-0.120675
1.41729e-11	-0.120669
1.41743e-11	-0.120662
1.41756e-11	-0.120655
1.4177e-11	-0.120647
1.41783e-11	-0.12064
1.41797e-11	-0.120633
1.4181e-11	-0.120626
1.41824e-11	-0.120619
1.41837e-11	-0.120612
1.41851e-11	-0.120604
1.41864e-11	-0.120597
1.41878e-11	-0.120589
1.41892e-11	-0.120582
1.41905e-11	-0.120575
1.41919e-11	-0.120567
1.41932e-11	-0.120559
1.41946e-11	-0.120552
1.41959e-11	-0.120544
1.41973e-11	-0.120536
1.41986e-11	-0.120529
1.42e-11	-0.120521
1.42013e-11	-0.120513
1.42027e-11	-0.120505
1.4204e-11	-0.120497
1.42054e-11	-0.120489
1.42067e-11	-0.120481
1.42081e-11	-0.120473
1.42094e-11	-0.120465
1.42108e-11	-0.120457
1.42121e-11	-0.120449
1.42135e-11	-0.12044
1.42149e-11	-0.120432
1.42162e-11	-0.120424
1.42176e-11	-0.120415
1.42189e-11	-0.120407
1.42203e-11	-0.120398
1.42216e-11	-0.12039
1.4223e-11	-0.120381
1.42243e-11	-0.120373
1.42257e-11	-0.120364
1.4227e-11	-0.120355
1.42284e-11	-0.120347
1.42297e-11	-0.120338
1.42311e-11	-0.120329
1.42324e-11	-0.12032
1.42338e-11	-0.120311
1.42351e-11	-0.120302
1.42365e-11	-0.120293
1.42378e-11	-0.120284
1.42392e-11	-0.120275
1.42406e-11	-0.120266
1.42419e-11	-0.120257
1.42433e-11	-0.120247
1.42446e-11	-0.120238
1.4246e-11	-0.120229
1.42473e-11	-0.120219
1.42487e-11	-0.12021
1.425e-11	-0.1202
1.42514e-11	-0.120191
1.42527e-11	-0.120181
1.42541e-11	-0.120172
1.42554e-11	-0.120162
1.42568e-11	-0.120152
1.42581e-11	-0.120142
1.42595e-11	-0.120133
1.42608e-11	-0.120123
1.42622e-11	-0.120113
1.42635e-11	-0.120103
1.42649e-11	-0.120093
1.42663e-11	-0.120083
1.42676e-11	-0.120073
1.4269e-11	-0.120063
1.42703e-11	-0.120053
1.42717e-11	-0.120042
1.4273e-11	-0.120032
1.42744e-11	-0.120022
1.42757e-11	-0.120012
1.42771e-11	-0.120001
1.42784e-11	-0.119991
1.42798e-11	-0.11998
1.42811e-11	-0.11997
1.42825e-11	-0.119959
1.42838e-11	-0.119948
1.42852e-11	-0.119938
1.42865e-11	-0.119927
1.42879e-11	-0.119916
1.42892e-11	-0.119905
1.42906e-11	-0.119895
1.4292e-11	-0.119884
1.42933e-11	-0.119873
1.42947e-11	-0.119862
1.4296e-11	-0.119851
1.42974e-11	-0.11984
1.42987e-11	-0.119828
1.43001e-11	-0.119817
1.43014e-11	-0.119806
1.43028e-11	-0.119795
1.43041e-11	-0.119783
1.43055e-11	-0.119772
1.43068e-11	-0.119761
1.43082e-11	-0.119749
1.43095e-11	-0.119738
1.43109e-11	-0.119726
1.43122e-11	-0.119714
1.43136e-11	-0.119703
1.43149e-11	-0.119691
1.43163e-11	-0.119679
1.43177e-11	-0.119668
1.4319e-11	-0.119656
1.43204e-11	-0.119644
1.43217e-11	-0.119632
1.43231e-11	-0.11962
1.43244e-11	-0.119608
1.43258e-11	-0.119596
1.43271e-11	-0.119584
1.43285e-11	-0.119571
1.43298e-11	-0.119559
1.43312e-11	-0.119547
1.43325e-11	-0.119535
1.43339e-11	-0.119522
1.43352e-11	-0.11951
1.43366e-11	-0.119497
1.43379e-11	-0.119485
1.43393e-11	-0.119472
1.43406e-11	-0.11946
1.4342e-11	-0.119447
1.43434e-11	-0.119434
1.43447e-11	-0.119422
1.43461e-11	-0.119409
1.43474e-11	-0.119396
1.43488e-11	-0.119383
1.43501e-11	-0.11937
1.43515e-11	-0.119357
1.43528e-11	-0.119344
1.43542e-11	-0.119331
1.43555e-11	-0.119318
1.43569e-11	-0.119305
1.43582e-11	-0.119292
1.43596e-11	-0.119278
1.43609e-11	-0.119265
1.43623e-11	-0.119252
1.43636e-11	-0.119238
1.4365e-11	-0.119225
1.43663e-11	-0.119211
1.43677e-11	-0.119198
1.43691e-11	-0.119184
1.43704e-11	-0.11917
1.43718e-11	-0.119157
1.43731e-11	-0.119143
1.43745e-11	-0.119129
1.43758e-11	-0.119115
1.43772e-11	-0.119101
1.43785e-11	-0.119087
1.43799e-11	-0.119073
1.43812e-11	-0.119059
1.43826e-11	-0.119045
1.43839e-11	-0.119031
1.43853e-11	-0.119017
1.43866e-11	-0.119003
1.4388e-11	-0.118989
1.43893e-11	-0.118974
1.43907e-11	-0.11896
1.4392e-11	-0.118945
1.43934e-11	-0.118931
1.43948e-11	-0.118916
1.43961e-11	-0.118902
1.43975e-11	-0.118887
1.43988e-11	-0.118872
1.44002e-11	-0.118858
1.44015e-11	-0.118843
1.44029e-11	-0.118828
1.44042e-11	-0.118813
1.44056e-11	-0.118798
1.44069e-11	-0.118783
1.44083e-11	-0.118768
1.44096e-11	-0.118753
1.4411e-11	-0.118738
1.44123e-11	-0.118723
1.44137e-11	-0.118708
1.4415e-11	-0.118693
1.44164e-11	-0.118677
1.44177e-11	-0.118662
1.44191e-11	-0.118647
1.44205e-11	-0.118631
1.44218e-11	-0.118616
1.44232e-11	-0.1186
1.44245e-11	-0.118584
1.44259e-11	-0.118569
1.44272e-11	-0.118553
1.44286e-11	-0.118537
1.44299e-11	-0.118521
1.44313e-11	-0.118506
1.44326e-11	-0.11849
1.4434e-11	-0.118474
1.44353e-11	-0.118458
1.44367e-11	-0.118442
1.4438e-11	-0.118426
1.44394e-11	-0.118409
1.44407e-11	-0.118393
1.44421e-11	-0.118377
1.44434e-11	-0.118361
1.44448e-11	-0.118344
1.44462e-11	-0.118328
1.44475e-11	-0.118312
1.44489e-11	-0.118295
1.44502e-11	-0.118279
1.44516e-11	-0.118262
1.44529e-11	-0.118245
1.44543e-11	-0.118229
1.44556e-11	-0.118212
1.4457e-11	-0.118195
1.44583e-11	-0.118178
1.44597e-11	-0.118161
1.4461e-11	-0.118144
1.44624e-11	-0.118127
1.44637e-11	-0.11811
1.44651e-11	-0.118093
1.44664e-11	-0.118076
1.44678e-11	-0.118059
1.44691e-11	-0.118042
1.44705e-11	-0.118024
1.44719e-11	-0.118007
1.44732e-11	-0.11799
1.44746e-11	-0.117972
1.44759e-11	-0.117955
1.44773e-11	-0.117937
1.44786e-11	-0.11792
1.448e-11	-0.117902
1.44813e-11	-0.117884
1.44827e-11	-0.117866
1.4484e-11	-0.117849
1.44854e-11	-0.117831
1.44867e-11	-0.117813
1.44881e-11	-0.117795
1.44894e-11	-0.117777
1.44908e-11	-0.117759
1.44921e-11	-0.117741
1.44935e-11	-0.117723
1.44948e-11	-0.117704
1.44962e-11	-0.117686
1.44976e-11	-0.117668
1.44989e-11	-0.11765
1.45003e-11	-0.117631
1.45016e-11	-0.117613
1.4503e-11	-0.117594
1.45043e-11	-0.117576
1.45057e-11	-0.117557
1.4507e-11	-0.117538
1.45084e-11	-0.11752
1.45097e-11	-0.117501
1.45111e-11	-0.117482
1.45124e-11	-0.117463
1.45138e-11	-0.117444
1.45151e-11	-0.117425
1.45165e-11	-0.117406
1.45178e-11	-0.117387
1.45192e-11	-0.117368
1.45205e-11	-0.117349
1.45219e-11	-0.11733
1.45233e-11	-0.11731
1.45246e-11	-0.117291
1.4526e-11	-0.117272
1.45273e-11	-0.117252
1.45287e-11	-0.117233
1.453e-11	-0.117213
1.45314e-11	-0.117194
1.45327e-11	-0.117174
1.45341e-11	-0.117154
1.45354e-11	-0.117135
1.45368e-11	-0.117115
1.45381e-11	-0.117095
1.45395e-11	-0.117075
1.45408e-11	-0.117055
1.45422e-11	-0.117035
1.45435e-11	-0.117015
1.45449e-11	-0.116995
1.45462e-11	-0.116975
1.45476e-11	-0.116955
1.4549e-11	-0.116934
1.45503e-11	-0.116914
1.45517e-11	-0.116894
1.4553e-11	-0.116873
1.45544e-11	-0.116853
1.45557e-11	-0.116832
1.45571e-11	-0.116812
1.45584e-11	-0.116791
1.45598e-11	-0.116771
1.45611e-11	-0.11675
1.45625e-11	-0.116729
1.45638e-11	-0.116708
1.45652e-11	-0.116687
1.45665e-11	-0.116666
1.45679e-11	-0.116645
1.45692e-11	-0.116624
1.45706e-11	-0.116603
1.45719e-11	-0.116582
1.45733e-11	-0.116561
1.45747e-11	-0.11654
1.4576e-11	-0.116518
1.45774e-11	-0.116497
1.45787e-11	-0.116476
1.45801e-11	-0.116454
1.45814e-11	-0.116433
1.45828e-11	-0.116411
1.45841e-11	-0.11639
1.45855e-11	-0.116368
1.45868e-11	-0.116346
1.45882e-11	-0.116324
1.45895e-11	-0.116303
1.45909e-11	-0.116281
1.45922e-11	-0.116259
1.45936e-11	-0.116237
1.45949e-11	-0.116215
1.45963e-11	-0.116193
1.45976e-11	-0.116171
1.4599e-11	-0.116148
1.46004e-11	-0.116126
1.46017e-11	-0.116104
1.46031e-11	-0.116082
1.46044e-11	-0.116059
1.46058e-11	-0.116037
1.46071e-11	-0.116014
1.46085e-11	-0.115992
1.46098e-11	-0.115969
1.46112e-11	-0.115946
1.46125e-11	-0.115924
1.46139e-11	-0.115901
1.46152e-11	-0.115878
1.46166e-11	-0.115855
1.46179e-11	-0.115832
1.46193e-11	-0.115809
1.46206e-11	-0.115786
1.4622e-11	-0.115763
1.46233e-11	-0.11574
1.46247e-11	-0.115717
1.46261e-11	-0.115694
1.46274e-11	-0.11567
1.46288e-11	-0.115647
1.46301e-11	-0.115623
1.46315e-11	-0.1156
1.46328e-11	-0.115576
1.46342e-11	-0.115553
1.46355e-11	-0.115529
1.46369e-11	-0.115506
1.46382e-11	-0.115482
1.46396e-11	-0.115458
1.46409e-11	-0.115434
1.46423e-11	-0.11541
1.46436e-11	-0.115386
1.4645e-11	-0.115362
1.46463e-11	-0.115338
1.46477e-11	-0.115314
1.4649e-11	-0.11529
1.46504e-11	-0.115266
1.46518e-11	-0.115242
1.46531e-11	-0.115217
1.46545e-11	-0.115193
1.46558e-11	-0.115168
1.46572e-11	-0.115144
1.46585e-11	-0.115119
1.46599e-11	-0.115095
1.46612e-11	-0.11507
1.46626e-11	-0.115045
1.46639e-11	-0.115021
1.46653e-11	-0.114996
1.46666e-11	-0.114971
1.4668e-11	-0.114946
1.46693e-11	-0.114921
1.46707e-11	-0.114896
1.4672e-11	-0.114871
1.46734e-11	-0.114846
1.46747e-11	-0.114821
1.46761e-11	-0.114796
1.46775e-11	-0.11477
1.46788e-11	-0.114745
1.46802e-11	-0.114719
1.46815e-11	-0.114694
1.46829e-11	-0.114668
1.46842e-11	-0.114643
1.46856e-11	-0.114617
1.46869e-11	-0.114592
1.46883e-11	-0.114566
1.46896e-11	-0.11454
1.4691e-11	-0.114514
1.46923e-11	-0.114488
1.46937e-11	-0.114462
1.4695e-11	-0.114436
1.46964e-11	-0.11441
1.46977e-11	-0.114384
1.46991e-11	-0.114358
1.47005e-11	-0.114332
1.47018e-11	-0.114306
1.47032e-11	-0.114279
1.47045e-11	-0.114253
1.47059e-11	-0.114226
1.47072e-11	-0.1142
1.47086e-11	-0.114173
1.47099e-11	-0.114147
1.47113e-11	-0.11412
1.47126e-11	-0.114093
1.4714e-11	-0.114067
1.47153e-11	-0.11404
1.47167e-11	-0.114013
1.4718e-11	-0.113986
1.47194e-11	-0.113959
1.47207e-11	-0.113932
1.47221e-11	-0.113905
1.47234e-11	-0.113878
1.47248e-11	-0.11385
1.47262e-11	-0.113823
1.47275e-11	-0.113796
1.47289e-11	-0.113768
1.47302e-11	-0.113741
1.47316e-11	-0.113713
1.47329e-11	-0.113686
1.47343e-11	-0.113658
1.47356e-11	-0.113631
1.4737e-11	-0.113603
1.47383e-11	-0.113575
1.47397e-11	-0.113547
1.4741e-11	-0.113519
1.47424e-11	-0.113491
1.47437e-11	-0.113463
1.47451e-11	-0.113435
1.47464e-11	-0.113407
1.47478e-11	-0.113379
1.47491e-11	-0.113351
1.47505e-11	-0.113323
1.47519e-11	-0.113294
1.47532e-11	-0.113266
1.47546e-11	-0.113238
1.47559e-11	-0.113209
1.47573e-11	-0.11318
1.47586e-11	-0.113152
1.476e-11	-0.113123
1.47613e-11	-0.113094
1.47627e-11	-0.113066
1.4764e-11	-0.113037
1.47654e-11	-0.113008
1.47667e-11	-0.112979
1.47681e-11	-0.11295
1.47694e-11	-0.112921
1.47708e-11	-0.112892
1.47721e-11	-0.112863
1.47735e-11	-0.112833
1.47748e-11	-0.112804
1.47762e-11	-0.112775
1.47776e-11	-0.112745
1.47789e-11	-0.112716
1.47803e-11	-0.112686
1.47816e-11	-0.112657
1.4783e-11	-0.112627
1.47843e-11	-0.112598
1.47857e-11	-0.112568
1.4787e-11	-0.112538
1.47884e-11	-0.112508
1.47897e-11	-0.112478
1.47911e-11	-0.112448
1.47924e-11	-0.112418
1.47938e-11	-0.112388
1.47951e-11	-0.112358
1.47965e-11	-0.112328
1.47978e-11	-0.112298
1.47992e-11	-0.112267
1.48005e-11	-0.112237
1.48019e-11	-0.112207
1.48033e-11	-0.112176
1.48046e-11	-0.112146
1.4806e-11	-0.112115
1.48073e-11	-0.112084
1.48087e-11	-0.112054
1.481e-11	-0.112023
1.48114e-11	-0.111992
1.48127e-11	-0.111961
1.48141e-11	-0.11193
1.48154e-11	-0.111899
1.48168e-11	-0.111868
1.48181e-11	-0.111837
1.48195e-11	-0.111806
1.48208e-11	-0.111775
1.48222e-11	-0.111744
1.48235e-11	-0.111712
1.48249e-11	-0.111681
1.48262e-11	-0.111649
1.48276e-11	-0.111618
1.4829e-11	-0.111586
1.48303e-11	-0.111555
1.48317e-11	-0.111523
1.4833e-11	-0.111491
1.48344e-11	-0.11146
1.48357e-11	-0.111428
1.48371e-11	-0.111396
1.48384e-11	-0.111364
1.48398e-11	-0.111332
1.48411e-11	-0.1113
1.48425e-11	-0.111268
1.48438e-11	-0.111235
1.48452e-11	-0.111203
1.48465e-11	-0.111171
1.48479e-11	-0.111139
1.48492e-11	-0.111106
1.48506e-11	-0.111074
1.48519e-11	-0.111041
1.48533e-11	-0.111009
1.48547e-11	-0.110976
1.4856e-11	-0.110943
1.48574e-11	-0.11091
1.48587e-11	-0.110878
1.48601e-11	-0.110845
1.48614e-11	-0.110812
1.48628e-11	-0.110779
1.48641e-11	-0.110746
1.48655e-11	-0.110713
1.48668e-11	-0.110679
1.48682e-11	-0.110646
1.48695e-11	-0.110613
1.48709e-11	-0.11058
1.48722e-11	-0.110546
1.48736e-11	-0.110513
1.48749e-11	-0.110479
1.48763e-11	-0.110446
1.48776e-11	-0.110412
1.4879e-11	-0.110378
1.48804e-11	-0.110345
1.48817e-11	-0.110311
1.48831e-11	-0.110277
1.48844e-11	-0.110243
1.48858e-11	-0.110209
1.48871e-11	-0.110175
1.48885e-11	-0.110141
1.48898e-11	-0.110107
1.48912e-11	-0.110072
1.48925e-11	-0.110038
1.48939e-11	-0.110004
1.48952e-11	-0.109969
1.48966e-11	-0.109935
1.48979e-11	-0.1099
1.48993e-11	-0.109866
1.49006e-11	-0.109831
1.4902e-11	-0.109796
1.49033e-11	-0.109762
1.49047e-11	-0.109727
1.49061e-11	-0.109692
1.49074e-11	-0.109657
1.49088e-11	-0.109622
1.49101e-11	-0.109587
1.49115e-11	-0.109552
1.49128e-11	-0.109517
1.49142e-11	-0.109482
1.49155e-11	-0.109446
1.49169e-11	-0.109411
1.49182e-11	-0.109376
1.49196e-11	-0.10934
1.49209e-11	-0.109305
1.49223e-11	-0.109269
1.49236e-11	-0.109233
1.4925e-11	-0.109198
1.49263e-11	-0.109162
1.49277e-11	-0.109126
1.4929e-11	-0.10909
1.49304e-11	-0.109054
1.49318e-11	-0.109018
1.49331e-11	-0.108982
1.49345e-11	-0.108946
1.49358e-11	-0.10891
1.49372e-11	-0.108874
1.49385e-11	-0.108837
1.49399e-11	-0.108801
1.49412e-11	-0.108765
1.49426e-11	-0.108728
1.49439e-11	-0.108692
1.49453e-11	-0.108655
1.49466e-11	-0.108618
1.4948e-11	-0.108582
1.49493e-11	-0.108545
1.49507e-11	-0.108508
1.4952e-11	-0.108471
1.49534e-11	-0.108434
1.49547e-11	-0.108397
1.49561e-11	-0.10836
1.49575e-11	-0.108323
1.49588e-11	-0.108286
1.49602e-11	-0.108249
1.49615e-11	-0.108211
1.49629e-11	-0.108174
1.49642e-11	-0.108137
1.49656e-11	-0.108099
1.49669e-11	-0.108062
1.49683e-11	-0.108024
1.49696e-11	-0.107986
1.4971e-11	-0.107949
1.49723e-11	-0.107911
1.49737e-11	-0.107873
1.4975e-11	-0.107835
1.49764e-11	-0.107797
1.49777e-11	-0.107759
1.49791e-11	-0.107721
1.49804e-11	-0.107683
1.49818e-11	-0.107645
1.49832e-11	-0.107606
1.49845e-11	-0.107568
1.49859e-11	-0.10753
1.49872e-11	-0.107491
1.49886e-11	-0.107453
1.49899e-11	-0.107414
1.49913e-11	-0.107376
1.49926e-11	-0.107337
1.4994e-11	-0.107298
1.49953e-11	-0.107259
1.49967e-11	-0.10722
1.4998e-11	-0.107181
1.49994e-11	-0.107142
1.50007e-11	-0.107103
1.50021e-11	-0.107064
1.50034e-11	-0.107025
1.50048e-11	-0.106986
1.50061e-11	-0.106947
1.50075e-11	-0.106907
1.50089e-11	-0.106868
1.50102e-11	-0.106828
1.50116e-11	-0.106789
1.50129e-11	-0.106749
1.50143e-11	-0.10671
1.50156e-11	-0.10667
1.5017e-11	-0.10663
1.50183e-11	-0.10659
1.50197e-11	-0.10655
1.5021e-11	-0.10651
1.50224e-11	-0.10647
1.50237e-11	-0.10643
1.50251e-11	-0.10639
1.50264e-11	-0.10635
1.50278e-11	-0.10631
1.50291e-11	-0.106269
1.50305e-11	-0.106229
1.50318e-11	-0.106188
1.50332e-11	-0.106148
1.50346e-11	-0.106107
1.50359e-11	-0.106067
1.50373e-11	-0.106026
1.50386e-11	-0.105985
1.504e-11	-0.105944
1.50413e-11	-0.105903
1.50427e-11	-0.105863
1.5044e-11	-0.105822
1.50454e-11	-0.10578
1.50467e-11	-0.105739
1.50481e-11	-0.105698
1.50494e-11	-0.105657
1.50508e-11	-0.105616
1.50521e-11	-0.105574
1.50535e-11	-0.105533
1.50548e-11	-0.105491
1.50562e-11	-0.10545
1.50575e-11	-0.105408
1.50589e-11	-0.105366
1.50603e-11	-0.105325
1.50616e-11	-0.105283
1.5063e-11	-0.105241
1.50643e-11	-0.105199
1.50657e-11	-0.105157
1.5067e-11	-0.105115
1.50684e-11	-0.105073
1.50697e-11	-0.105031
1.50711e-11	-0.104988
1.50724e-11	-0.104946
1.50738e-11	-0.104904
1.50751e-11	-0.104861
1.50765e-11	-0.104819
1.50778e-11	-0.104776
1.50792e-11	-0.104734
1.50805e-11	-0.104691
1.50819e-11	-0.104648
1.50832e-11	-0.104605
1.50846e-11	-0.104563
1.5086e-11	-0.10452
1.50873e-11	-0.104477
1.50887e-11	-0.104434
1.509e-11	-0.104391
1.50914e-11	-0.104347
1.50927e-11	-0.104304
1.50941e-11	-0.104261
1.50954e-11	-0.104217
1.50968e-11	-0.104174
1.50981e-11	-0.104131
1.50995e-11	-0.104087
1.51008e-11	-0.104043
1.51022e-11	-0.104
1.51035e-11	-0.103956
1.51049e-11	-0.103912
1.51062e-11	-0.103868
1.51076e-11	-0.103824
1.51089e-11	-0.10378
1.51103e-11	-0.103736
1.51117e-11	-0.103692
1.5113e-11	-0.103648
1.51144e-11	-0.103604
1.51157e-11	-0.10356
1.51171e-11	-0.103515
1.51184e-11	-0.103471
1.51198e-11	-0.103426
1.51211e-11	-0.103382
1.51225e-11	-0.103337
1.51238e-11	-0.103292
1.51252e-11	-0.103248
1.51265e-11	-0.103203
1.51279e-11	-0.103158
1.51292e-11	-0.103113
1.51306e-11	-0.103068
1.51319e-11	-0.103023
1.51333e-11	-0.102978
1.51346e-11	-0.102933
1.5136e-11	-0.102887
1.51374e-11	-0.102842
1.51387e-11	-0.102797
1.51401e-11	-0.102751
1.51414e-11	-0.102706
1.51428e-11	-0.10266
1.51441e-11	-0.102615
1.51455e-11	-0.102569
1.51468e-11	-0.102523
1.51482e-11	-0.102477
1.51495e-11	-0.102432
1.51509e-11	-0.102386
1.51522e-11	-0.10234
1.51536e-11	-0.102294
1.51549e-11	-0.102247
1.51563e-11	-0.102201
1.51576e-11	-0.102155
1.5159e-11	-0.102109
1.51603e-11	-0.102062
1.51617e-11	-0.102016
1.51631e-11	-0.101969
1.51644e-11	-0.101923
1.51658e-11	-0.101876
1.51671e-11	-0.101829
1.51685e-11	-0.101783
1.51698e-11	-0.101736
1.51712e-11	-0.101689
1.51725e-11	-0.101642
1.51739e-11	-0.101595
1.51752e-11	-0.101548
1.51766e-11	-0.101501
1.51779e-11	-0.101453
1.51793e-11	-0.101406
1.51806e-11	-0.101359
1.5182e-11	-0.101311
1.51833e-11	-0.101264
1.51847e-11	-0.101216
1.5186e-11	-0.101169
1.51874e-11	-0.101121
1.51888e-11	-0.101073
1.51901e-11	-0.101026
1.51915e-11	-0.100978
1.51928e-11	-0.10093
1.51942e-11	-0.100882
1.51955e-11	-0.100834
1.51969e-11	-0.100786
1.51982e-11	-0.100737
1.51996e-11	-0.100689
1.52009e-11	-0.100641
1.52023e-11	-0.100593
1.52036e-11	-0.100544
1.5205e-11	-0.100496
1.52063e-11	-0.100447
1.52077e-11	-0.100398
1.5209e-11	-0.10035
1.52104e-11	-0.100301
1.52117e-11	-0.100252
1.52131e-11	-0.100203
1.52145e-11	-0.100154
1.52158e-11	-0.100105
1.52172e-11	-0.100056
1.52185e-11	-0.100007
1.52199e-11	-0.0999579
1.52212e-11	-0.0999086
1.52226e-11	-0.0998592
1.52239e-11	-0.0998098
1.52253e-11	-0.0997604
1.52266e-11	-0.0997108
1.5228e-11	-0.0996612
1.52293e-11	-0.0996116
1.52307e-11	-0.0995619
1.5232e-11	-0.0995121
1.52334e-11	-0.0994622
1.52347e-11	-0.0994123
1.52361e-11	-0.0993623
1.52374e-11	-0.0993122
1.52388e-11	-0.0992621
1.52402e-11	-0.0992119
1.52415e-11	-0.0991617
1.52429e-11	-0.0991114
1.52442e-11	-0.099061
1.52456e-11	-0.0990106
1.52469e-11	-0.0989601
1.52483e-11	-0.0989095
1.52496e-11	-0.0988588
1.5251e-11	-0.0988081
1.52523e-11	-0.0987574
1.52537e-11	-0.0987065
1.5255e-11	-0.0986556
1.52564e-11	-0.0986047
1.52577e-11	-0.0985537
1.52591e-11	-0.0985026
1.52604e-11	-0.0984514
1.52618e-11	-0.0984002
1.52631e-11	-0.0983489
1.52645e-11	-0.0982975
1.52659e-11	-0.0982461
1.52672e-11	-0.0981946
1.52686e-11	-0.0981431
1.52699e-11	-0.0980914
1.52713e-11	-0.0980398
1.52726e-11	-0.097988
1.5274e-11	-0.0979362
1.52753e-11	-0.0978843
1.52767e-11	-0.0978324
1.5278e-11	-0.0977804
1.52794e-11	-0.0977283
1.52807e-11	-0.0976761
1.52821e-11	-0.0976239
1.52834e-11	-0.0975716
1.52848e-11	-0.0975193
1.52861e-11	-0.0974669
1.52875e-11	-0.0974144
1.52888e-11	-0.0973619
1.52902e-11	-0.0973093
1.52916e-11	-0.0972566
1.52929e-11	-0.0972039
1.52943e-11	-0.0971511
1.52956e-11	-0.0970982
1.5297e-11	-0.0970453
1.52983e-11	-0.0969923
1.52997e-11	-0.0969392
1.5301e-11	-0.0968861
1.53024e-11	-0.0968329
1.53037e-11	-0.0967796
1.53051e-11	-0.0967263
1.53064e-11	-0.0966729
1.53078e-11	-0.0966194
1.53091e-11	-0.0965659
1.53105e-11	-0.0965123
1.53118e-11	-0.0964586
1.53132e-11	-0.0964049
1.53145e-11	-0.0963511
1.53159e-11	-0.0962973
1.53173e-11	-0.0962433
1.53186e-11	-0.0961893
1.532e-11	-0.0961353
1.53213e-11	-0.0960811
1.53227e-11	-0.096027
1.5324e-11	-0.0959727
1.53254e-11	-0.0959184
1.53267e-11	-0.095864
1.53281e-11	-0.0958095
1.53294e-11	-0.095755
1.53308e-11	-0.0957004
1.53321e-11	-0.0956457
1.53335e-11	-0.095591
1.53348e-11	-0.0955362
1.53362e-11	-0.0954814
1.53375e-11	-0.0954264
1.53389e-11	-0.0953714
1.53402e-11	-0.0953164
1.53416e-11	-0.0952613
1.5343e-11	-0.0952061
1.53443e-11	-0.0951508
1.53457e-11	-0.0950955
1.5347e-11	-0.0950401
1.53484e-11	-0.0949846
1.53497e-11	-0.0949291
1.53511e-11	-0.0948735
1.53524e-11	-0.0948179
1.53538e-11	-0.0947621
1.53551e-11	-0.0947063
1.53565e-11	-0.0946505
1.53578e-11	-0.0945945
1.53592e-11	-0.0945385
1.53605e-11	-0.0944825
1.53619e-11	-0.0944264
1.53632e-11	-0.0943702
1.53646e-11	-0.0943139
1.53659e-11	-0.0942576
1.53673e-11	-0.0942012
1.53687e-11	-0.0941447
1.537e-11	-0.0940882
1.53714e-11	-0.0940316
1.53727e-11	-0.0939749
1.53741e-11	-0.0939182
1.53754e-11	-0.0938614
1.53768e-11	-0.0938045
1.53781e-11	-0.0937476
1.53795e-11	-0.0936906
1.53808e-11	-0.0936335
1.53822e-11	-0.0935763
1.53835e-11	-0.0935191
1.53849e-11	-0.0934619
1.53862e-11	-0.0934045
1.53876e-11	-0.0933471
1.53889e-11	-0.0932896
1.53903e-11	-0.0932321
1.53916e-11	-0.0931745
1.5393e-11	-0.0931168
1.53944e-11	-0.093059
1.53957e-11	-0.0930012
1.53971e-11	-0.0929433
1.53984e-11	-0.0928854
1.53998e-11	-0.0928274
1.54011e-11	-0.0927693
1.54025e-11	-0.0927111
1.54038e-11	-0.0926529
1.54052e-11	-0.0925946
1.54065e-11	-0.0925363
1.54079e-11	-0.0924779
1.54092e-11	-0.0924194
1.54106e-11	-0.0923608
1.54119e-11	-0.0923022
1.54133e-11	-0.0922435
1.54146e-11	-0.0921847
1.5416e-11	-0.0921259
1.54173e-11	-0.092067
1.54187e-11	-0.092008
1.54201e-11	-0.091949
1.54214e-11	-0.0918899
1.54228e-11	-0.0918307
1.54241e-11	-0.0917714
1.54255e-11	-0.0917121
1.54268e-11	-0.0916528
1.54282e-11	-0.0915933
1.54295e-11	-0.0915338
1.54309e-11	-0.0914742
1.54322e-11	-0.0914146
1.54336e-11	-0.0913548
1.54349e-11	-0.0912951
1.54363e-11	-0.0912352
1.54376e-11	-0.0911753
1.5439e-11	-0.0911153
1.54403e-11	-0.0910552
1.54417e-11	-0.0909951
1.5443e-11	-0.0909349
1.54444e-11	-0.0908746
1.54458e-11	-0.0908143
1.54471e-11	-0.0907539
1.54485e-11	-0.0906934
1.54498e-11	-0.0906329
1.54512e-11	-0.0905723
1.54525e-11	-0.0905116
1.54539e-11	-0.0904508
1.54552e-11	-0.09039
1.54566e-11	-0.0903291
1.54579e-11	-0.0902682
1.54593e-11	-0.0902072
1.54606e-11	-0.0901461
1.5462e-11	-0.0900849
1.54633e-11	-0.0900237
1.54647e-11	-0.0899624
1.5466e-11	-0.089901
1.54674e-11	-0.0898396
1.54687e-11	-0.0897781
1.54701e-11	-0.0897165
1.54715e-11	-0.0896549
1.54728e-11	-0.0895932
1.54742e-11	-0.0895314
1.54755e-11	-0.0894696
1.54769e-11	-0.0894076
1.54782e-11	-0.0893456
1.54796e-11	-0.0892836
1.54809e-11	-0.0892215
1.54823e-11	-0.0891593
1.54836e-11	-0.089097
1.5485e-11	-0.0890347
1.54863e-11	-0.0889723
1.54877e-11	-0.0889098
1.5489e-11	-0.0888473
1.54904e-11	-0.0887847
1.54917e-11	-0.088722
1.54931e-11	-0.0886592
1.54944e-11	-0.0885964
1.54958e-11	-0.0885336
1.54972e-11	-0.0884706
1.54985e-11	-0.0884076
1.54999e-11	-0.0883445
1.55012e-11	-0.0882813
1.55026e-11	-0.0882181
1.55039e-11	-0.0881548
1.55053e-11	-0.0880914
1.55066e-11	-0.088028
1.5508e-11	-0.0879645
1.55093e-11	-0.0879009
1.55107e-11	-0.0878372
1.5512e-11	-0.0877735
1.55134e-11	-0.0877097
1.55147e-11	-0.0876459
1.55161e-11	-0.0875819
1.55174e-11	-0.0875179
1.55188e-11	-0.0874539
1.55201e-11	-0.0873897
1.55215e-11	-0.0873255
1.55229e-11	-0.0872613
1.55242e-11	-0.0871969
1.55256e-11	-0.0871325
1.55269e-11	-0.087068
1.55283e-11	-0.0870035
1.55296e-11	-0.0869388
1.5531e-11	-0.0868741
1.55323e-11	-0.0868094
1.55337e-11	-0.0867446
1.5535e-11	-0.0866796
1.55364e-11	-0.0866147
1.55377e-11	-0.0865496
1.55391e-11	-0.0864845
1.55404e-11	-0.0864193
1.55418e-11	-0.0863541
1.55431e-11	-0.0862888
1.55445e-11	-0.0862234
1.55458e-11	-0.0861579
1.55472e-11	-0.0860924
1.55486e-11	-0.0860268
1.55499e-11	-0.0859611
1.55513e-11	-0.0858953
1.55526e-11	-0.0858295
1.5554e-11	-0.0857636
1.55553e-11	-0.0856977
1.55567e-11	-0.0856317
1.5558e-11	-0.0855656
1.55594e-11	-0.0854994
1.55607e-11	-0.0854332
1.55621e-11	-0.0853669
1.55634e-11	-0.0853005
1.55648e-11	-0.085234
1.55661e-11	-0.0851675
1.55675e-11	-0.0851009
1.55688e-11	-0.0850343
1.55702e-11	-0.0849675
1.55715e-11	-0.0849007
1.55729e-11	-0.0848339
1.55743e-11	-0.0847669
1.55756e-11	-0.0846999
1.5577e-11	-0.0846328
1.55783e-11	-0.0845657
1.55797e-11	-0.0844985
1.5581e-11	-0.0844312
1.55824e-11	-0.0843638
1.55837e-11	-0.0842964
1.55851e-11	-0.0842289
1.55864e-11	-0.0841613
1.55878e-11	-0.0840936
1.55891e-11	-0.0840259
1.55905e-11	-0.0839581
1.55918e-11	-0.0838903
1.55932e-11	-0.0838223
1.55945e-11	-0.0837543
1.55959e-11	-0.0836863
1.55972e-11	-0.0836181
1.55986e-11	-0.0835499
1.56e-11	-0.0834816
1.56013e-11	-0.0834133
1.56027e-11	-0.0833449
1.5604e-11	-0.0832764
1.56054e-11	-0.0832078
1.56067e-11	-0.0831392
1.56081e-11	-0.0830704
1.56094e-11	-0.0830017
1.56108e-11	-0.0829328
1.56121e-11	-0.0828639
1.56135e-11	-0.0827949
1.56148e-11	-0.0827258
1.56162e-11	-0.0826567
1.56175e-11	-0.0825875
1.56189e-11	-0.0825182
1.56202e-11	-0.0824488
1.56216e-11	-0.0823794
1.56229e-11	-0.0823099
1.56243e-11	-0.0822404
1.56257e-11	-0.0821707
1.5627e-11	-0.082101
1.56284e-11	-0.0820312
1.56297e-11	-0.0819614
1.56311e-11	-0.0818915
1.56324e-11	-0.0818215
1.56338e-11	-0.0817514
1.56351e-11	-0.0816813
1.56365e-11	-0.0816111
1.56378e-11	-0.0815408
1.56392e-11	-0.0814705
1.56405e-11	-0.0814
1.56419e-11	-0.0813295
1.56432e-11	-0.081259
1.56446e-11	-0.0811883
1.56459e-11	-0.0811176
1.56473e-11	-0.0810469
1.56486e-11	-0.080976
1.565e-11	-0.0809051
1.56514e-11	-0.0808341
1.56527e-11	-0.080763
1.56541e-11	-0.0806919
1.56554e-11	-0.0806207
1.56568e-11	-0.0805494
1.56581e-11	-0.080478
1.56595e-11	-0.0804066
1.56608e-11	-0.0803351
1.56622e-11	-0.0802636
1.56635e-11	-0.0801919
1.56649e-11	-0.0801202
1.56662e-11	-0.0800484
1.56676e-11	-0.0799766
1.56689e-11	-0.0799046
1.56703e-11	-0.0798326
1.56716e-11	-0.0797606
1.5673e-11	-0.0796884
1.56743e-11	-0.0796162
1.56757e-11	-0.0795439
1.56771e-11	-0.0794716
1.56784e-11	-0.0793991
1.56798e-11	-0.0793266
1.56811e-11	-0.079254
1.56825e-11	-0.0791814
1.56838e-11	-0.0791087
1.56852e-11	-0.0790359
1.56865e-11	-0.078963
1.56879e-11	-0.0788901
1.56892e-11	-0.0788171
1.56906e-11	-0.078744
1.56919e-11	-0.0786708
1.56933e-11	-0.0785976
1.56946e-11	-0.0785243
1.5696e-11	-0.078451
1.56973e-11	-0.0783775
1.56987e-11	-0.078304
1.57e-11	-0.0782304
1.57014e-11	-0.0781567
1.57028e-11	-0.078083
1.57041e-11	-0.0780092
1.57055e-11	-0.0779353
1.57068e-11	-0.0778614
1.57082e-11	-0.0777874
1.57095e-11	-0.0777133
1.57109e-11	-0.0776391
1.57122e-11	-0.0775649
1.57136e-11	-0.0774906
1.57149e-11	-0.0774162
1.57163e-11	-0.0773417
1.57176e-11	-0.0772672
1.5719e-11	-0.0771926
1.57203e-11	-0.0771179
1.57217e-11	-0.0770432
1.5723e-11	-0.0769683
1.57244e-11	-0.0768934
1.57257e-11	-0.0768185
1.57271e-11	-0.0767434
1.57285e-11	-0.0766683
1.57298e-11	-0.0765931
1.57312e-11	-0.0765179
1.57325e-11	-0.0764426
1.57339e-11	-0.0763672
1.57352e-11	-0.0762917
1.57366e-11	-0.0762161
1.57379e-11	-0.0761405
1.57393e-11	-0.0760648
1.57406e-11	-0.075989
1.5742e-11	-0.0759132
1.57433e-11	-0.0758373
1.57447e-11	-0.0757613
1.5746e-11	-0.0756852
1.57474e-11	-0.0756091
1.57487e-11	-0.0755329
1.57501e-11	-0.0754566
1.57514e-11	-0.0753803
1.57528e-11	-0.0753039
1.57542e-11	-0.0752274
1.57555e-11	-0.0751508
1.57569e-11	-0.0750741
1.57582e-11	-0.0749974
1.57596e-11	-0.0749206
1.57609e-11	-0.0748438
1.57623e-11	-0.0747668
1.57636e-11	-0.0746898
1.5765e-11	-0.0746127
1.57663e-11	-0.0745356
1.57677e-11	-0.0744584
1.5769e-11	-0.0743811
1.57704e-11	-0.0743037
1.57717e-11	-0.0742262
1.57731e-11	-0.0741487
1.57744e-11	-0.0740711
1.57758e-11	-0.0739934
1.57771e-11	-0.0739157
1.57785e-11	-0.0738379
1.57799e-11	-0.07376
1.57812e-11	-0.073682
1.57826e-11	-0.073604
1.57839e-11	-0.0735259
1.57853e-11	-0.0734477
1.57866e-11	-0.0733694
1.5788e-11	-0.0732911
1.57893e-11	-0.0732127
1.57907e-11	-0.0731342
1.5792e-11	-0.0730557
1.57934e-11	-0.072977
1.57947e-11	-0.0728983
1.57961e-11	-0.0728196
1.57974e-11	-0.0727407
1.57988e-11	-0.0726618
1.58001e-11	-0.0725828
1.58015e-11	-0.0725037
1.58028e-11	-0.0724246
1.58042e-11	-0.0723454
1.58056e-11	-0.0722661
1.58069e-11	-0.0721867
1.58083e-11	-0.0721073
1.58096e-11	-0.0720278
1.5811e-11	-0.0719482
1.58123e-11	-0.0718685
1.58137e-11	-0.0717888
1.5815e-11	-0.071709
1.58164e-11	-0.0716291
1.58177e-11	-0.0715492
1.58191e-11	-0.0714691
1.58204e-11	-0.071389
1.58218e-11	-0.0713088
1.58231e-11	-0.0712286
1.58245e-11	-0.0711483
1.58258e-11	-0.0710679
1.58272e-11	-0.0709874
1.58285e-11	-0.0709068
1.58299e-11	-0.0708262
1.58313e-11	-0.0707455
1.58326e-11	-0.0706648
1.5834e-11	-0.0705839
1.58353e-11	-0.070503
1.58367e-11	-0.070422
1.5838e-11	-0.0703409
1.58394e-11	-0.0702598
1.58407e-11	-0.0701786
1.58421e-11	-0.0700973
1.58434e-11	-0.0700159
1.58448e-11	-0.0699345
1.58461e-11	-0.069853
1.58475e-11	-0.0697714
1.58488e-11	-0.0696897
1.58502e-11	-0.069608
1.58515e-11	-0.0695262
1.58529e-11	-0.0694443
1.58542e-11	-0.0693623
1.58556e-11	-0.0692803
1.5857e-11	-0.0691982
1.58583e-11	-0.069116
1.58597e-11	-0.0690338
1.5861e-11	-0.0689514
1.58624e-11	-0.068869
1.58637e-11	-0.0687865
1.58651e-11	-0.068704
1.58664e-11	-0.0686214
1.58678e-11	-0.0685387
1.58691e-11	-0.0684559
1.58705e-11	-0.068373
1.58718e-11	-0.0682901
1.58732e-11	-0.0682071
1.58745e-11	-0.068124
1.58759e-11	-0.0680409
1.58772e-11	-0.0679576
1.58786e-11	-0.0678743
1.58799e-11	-0.0677909
1.58813e-11	-0.0677075
1.58827e-11	-0.067624
1.5884e-11	-0.0675404
1.58854e-11	-0.0674567
1.58867e-11	-0.0673729
1.58881e-11	-0.0672891
1.58894e-11	-0.0672052
1.58908e-11	-0.0671212
1.58921e-11	-0.0670372
1.58935e-11	-0.0669531
1.58948e-11	-0.0668689
1.58962e-11	-0.0667846
1.58975e-11	-0.0667002
1.58989e-11	-0.0666158
1.59002e-11	-0.0665313
1.59016e-11	-0.0664467
1.59029e-11	-0.0663621
1.59043e-11	-0.0662774
1.59056e-11	-0.0661926
1.5907e-11	-0.0661077
1.59084e-11	-0.0660227
1.59097e-11	-0.0659377
1.59111e-11	-0.0658526
1.59124e-11	-0.0657674
1.59138e-11	-0.0656822
1.59151e-11	-0.0655969
1.59165e-11	-0.0655115
1.59178e-11	-0.065426
1.59192e-11	-0.0653404
1.59205e-11	-0.0652548
1.59219e-11	-0.0651691
1.59232e-11	-0.0650833
1.59246e-11	-0.0649975
1.59259e-11	-0.0649115
1.59273e-11	-0.0648255
1.59286e-11	-0.0647395
1.593e-11	-0.0646533
1.59313e-11	-0.0645671
1.59327e-11	-0.0644808
1.59341e-11	-0.0643944
1.59354e-11	-0.0643079
1.59368e-11	-0.0642214
1.59381e-11	-0.0641348
1.59395e-11	-0.0640481
1.59408e-11	-0.0639613
1.59422e-11	-0.0638745
1.59435e-11	-0.0637876
1.59449e-11	-0.0637006
1.59462e-11	-0.0636135
1.59476e-11	-0.0635264
1.59489e-11	-0.0634392
1.59503e-11	-0.0633519
1.59516e-11	-0.0632645
1.5953e-11	-0.0631771
1.59543e-11	-0.0630896
1.59557e-11	-0.063002
1.5957e-11	-0.0629143
1.59584e-11	-0.0628266
1.59598e-11	-0.0627388
1.59611e-11	-0.0626509
1.59625e-11	-0.0625629
1.59638e-11	-0.0624749
1.59652e-11	-0.0623868
1.59665e-11	-0.0622986
1.59679e-11	-0.0622103
1.59692e-11	-0.0621219
1.59706e-11	-0.0620335
1.59719e-11	-0.061945
1.59733e-11	-0.0618564
1.59746e-11	-0.0617678
1.5976e-11	-0.0616791
1.59773e-11	-0.0615903
1.59787e-11	-0.0615014
1.598e-11	-0.0614124
1.59814e-11	-0.0613234
1.59827e-11	-0.0612343
1.59841e-11	-0.0611451
1.59855e-11	-0.0610558
1.59868e-11	-0.0609665
1.59882e-11	-0.0608771
1.59895e-11	-0.0607876
1.59909e-11	-0.060698
1.59922e-11	-0.0606084
1.59936e-11	-0.0605187
1.59949e-11	-0.0604289
1.59963e-11	-0.060339
1.59976e-11	-0.0602491
1.5999e-11	-0.0601591
1.60003e-11	-0.060069
1.60017e-11	-0.0599788
1.6003e-11	-0.0598885
1.60044e-11	-0.0597982
1.60057e-11	-0.0597078
1.60071e-11	-0.0596173
1.60084e-11	-0.0595268
1.60098e-11	-0.0594362
1.60112e-11	-0.0593454
1.60125e-11	-0.0592547
1.60139e-11	-0.0591638
1.60152e-11	-0.0590729
1.60166e-11	-0.0589819
1.60179e-11	-0.0588908
1.60193e-11	-0.0587996
1.60206e-11	-0.0587084
1.6022e-11	-0.058617
1.60233e-11	-0.0585256
1.60247e-11	-0.0584342
1.6026e-11	-0.0583426
1.60274e-11	-0.058251
1.60287e-11	-0.0581593
1.60301e-11	-0.0580675
1.60314e-11	-0.0579757
1.60328e-11	-0.0578837
1.60341e-11	-0.0577917
1.60355e-11	-0.0576997
1.60369e-11	-0.0576075
1.60382e-11	-0.0575153
1.60396e-11	-0.057423
1.60409e-11	-0.0573306
1.60423e-11	-0.0572381
1.60436e-11	-0.0571456
1.6045e-11	-0.0570529
1.60463e-11	-0.0569602
1.60477e-11	-0.0568675
1.6049e-11	-0.0567746
1.60504e-11	-0.0566817
1.60517e-11	-0.0565887
1.60531e-11	-0.0564956
1.60544e-11	-0.0564024
1.60558e-11	-0.0563092
1.60571e-11	-0.0562159
1.60585e-11	-0.0561225
1.60598e-11	-0.0560291
1.60612e-11	-0.0559355
1.60626e-11	-0.0558419
1.60639e-11	-0.0557482
1.60653e-11	-0.0556544
1.60666e-11	-0.0555606
1.6068e-11	-0.0554667
1.60693e-11	-0.0553727
1.60707e-11	-0.0552786
1.6072e-11	-0.0551844
1.60734e-11	-0.0550902
1.60747e-11	-0.0549959
1.60761e-11	-0.0549015
1.60774e-11	-0.054807
1.60788e-11	-0.0547125
1.60801e-11	-0.0546179
1.60815e-11	-0.0545232
1.60828e-11	-0.0544284
1.60842e-11	-0.0543335
1.60855e-11	-0.0542386
1.60869e-11	-0.0541436
1.60883e-11	-0.0540485
1.60896e-11	-0.0539534
1.6091e-11	-0.0538581
1.60923e-11	-0.0537628
1.60937e-11	-0.0536674
1.6095e-11	-0.053572
1.60964e-11	-0.0534764
1.60977e-11	-0.0533808
1.60991e-11	-0.0532851
1.61004e-11	-0.0531893
1.61018e-11	-0.0530935
1.61031e-11	-0.0529975
1.61045e-11	-0.0529015
1.61058e-11	-0.0528055
1.61072e-11	-0.0527093
1.61085e-11	-0.0526131
1.61099e-11	-0.0525167
1.61112e-11	-0.0524203
1.61126e-11	-0.0523239
1.6114e-11	-0.0522273
1.61153e-11	-0.0521307
1.61167e-11	-0.052034
1.6118e-11	-0.0519372
1.61194e-11	-0.0518404
1.61207e-11	-0.0517434
1.61221e-11	-0.0516464
1.61234e-11	-0.0515493
1.61248e-11	-0.0514521
1.61261e-11	-0.0513549
1.61275e-11	-0.0512576
1.61288e-11	-0.0511602
1.61302e-11	-0.0510627
1.61315e-11	-0.0509651
1.61329e-11	-0.0508675
1.61342e-11	-0.0507698
1.61356e-11	-0.050672
1.61369e-11	-0.0505741
1.61383e-11	-0.0504762
1.61397e-11	-0.0503782
1.6141e-11	-0.0502801
1.61424e-11	-0.0501819
1.61437e-11	-0.0500836
1.61451e-11	-0.0499853
1.61464e-11	-0.0498869
1.61478e-11	-0.0497884
1.61491e-11	-0.0496898
1.61505e-11	-0.0495912
1.61518e-11	-0.0494925
1.61532e-11	-0.0493937
1.61545e-11	-0.0492948
1.61559e-11	-0.0491958
1.61572e-11	-0.0490968
1.61586e-11	-0.0489977
1.61599e-11	-0.0488985
1.61613e-11	-0.0487992
1.61626e-11	-0.0486999
1.6164e-11	-0.0486005
1.61654e-11	-0.048501
1.61667e-11	-0.0484014
1.61681e-11	-0.0483017
1.61694e-11	-0.048202
1.61708e-11	-0.0481022
1.61721e-11	-0.0480023
1.61735e-11	-0.0479023
1.61748e-11	-0.0478023
1.61762e-11	-0.0477022
1.61775e-11	-0.047602
1.61789e-11	-0.0475017
1.61802e-11	-0.0474013
1.61816e-11	-0.0473009
1.61829e-11	-0.0472004
1.61843e-11	-0.0470998
1.61856e-11	-0.0469991
1.6187e-11	-0.0468984
1.61883e-11	-0.0467975
1.61897e-11	-0.0466966
1.61911e-11	-0.0465957
1.61924e-11	-0.0464946
1.61938e-11	-0.0463935
1.61951e-11	-0.0462922
1.61965e-11	-0.0461909
1.61978e-11	-0.0460896
1.61992e-11	-0.0459881
1.62005e-11	-0.0458866
1.62019e-11	-0.045785
1.62032e-11	-0.0456833
1.62046e-11	-0.0455815
1.62059e-11	-0.0454797
1.62073e-11	-0.0453778
1.62086e-11	-0.0452758
1.621e-11	-0.0451737
1.62113e-11	-0.0450715
1.62127e-11	-0.0449693
1.6214e-11	-0.044867
1.62154e-11	-0.0447646
1.62168e-11	-0.0446621
1.62181e-11	-0.0445596
1.62195e-11	-0.044457
1.62208e-11	-0.0443543
1.62222e-11	-0.0442515
1.62235e-11	-0.0441486
1.62249e-11	-0.0440457
1.62262e-11	-0.0439427
1.62276e-11	-0.0438396
1.62289e-11	-0.0437364
1.62303e-11	-0.0436331
1.62316e-11	-0.0435298
1.6233e-11	-0.0434264
1.62343e-11	-0.0433229
1.62357e-11	-0.0432193
1.6237e-11	-0.0431157
1.62384e-11	-0.043012
1.62397e-11	-0.0429082
1.62411e-11	-0.0428043
1.62425e-11	-0.0427003
1.62438e-11	-0.0425963
1.62452e-11	-0.0424922
1.62465e-11	-0.042388
1.62479e-11	-0.0422837
1.62492e-11	-0.0421793
1.62506e-11	-0.0420749
1.62519e-11	-0.0419704
1.62533e-11	-0.0418658
1.62546e-11	-0.0417611
1.6256e-11	-0.0416564
1.62573e-11	-0.0415516
1.62587e-11	-0.0414467
1.626e-11	-0.0413417
1.62614e-11	-0.0412366
1.62627e-11	-0.0411315
1.62641e-11	-0.0410263
1.62655e-11	-0.040921
1.62668e-11	-0.0408156
1.62682e-11	-0.0407101
1.62695e-11	-0.0406046
1.62709e-11	-0.040499
1.62722e-11	-0.0403933
1.62736e-11	-0.0402875
1.62749e-11	-0.0401817
1.62763e-11	-0.0400757
1.62776e-11	-0.0399697
1.6279e-11	-0.0398636
1.62803e-11	-0.0397575
1.62817e-11	-0.0396512
1.6283e-11	-0.0395449
1.62844e-11	-0.0394385
1.62857e-11	-0.039332
1.62871e-11	-0.0392255
1.62884e-11	-0.0391188
1.62898e-11	-0.0390121
1.62912e-11	-0.0389053
1.62925e-11	-0.0387985
1.62939e-11	-0.0386915
1.62952e-11	-0.0385845
1.62966e-11	-0.0384774
1.62979e-11	-0.0383702
1.62993e-11	-0.0382629
1.63006e-11	-0.0381555
1.6302e-11	-0.0380481
1.63033e-11	-0.0379406
1.63047e-11	-0.037833
1.6306e-11	-0.0377254
1.63074e-11	-0.0376176
1.63087e-11	-0.0375098
1.63101e-11	-0.0374019
1.63114e-11	-0.0372939
1.63128e-11	-0.0371858
1.63141e-11	-0.0370777
1.63155e-11	-0.0369695
1.63169e-11	-0.0368612
1.63182e-11	-0.0367528
1.63196e-11	-0.0366443
1.63209e-11	-0.0365358
1.63223e-11	-0.0364272
1.63236e-11	-0.0363185
1.6325e-11	-0.0362097
1.63263e-11	-0.0361009
1.63277e-11	-0.0359919
1.6329e-11	-0.0358829
1.63304e-11	-0.0357738
1.63317e-11	-0.0356647
1.63331e-11	-0.0355554
1.63344e-11	-0.0354461
1.63358e-11	-0.0353367
1.63371e-11	-0.0352272
1.63385e-11	-0.0351176
1.63398e-11	-0.035008
1.63412e-11	-0.0348983
1.63426e-11	-0.0347885
1.63439e-11	-0.0346786
1.63453e-11	-0.0345686
1.63466e-11	-0.0344586
1.6348e-11	-0.0343484
1.63493e-11	-0.0342382
1.63507e-11	-0.034128
1.6352e-11	-0.0340176
1.63534e-11	-0.0339072
1.63547e-11	-0.0337966
1.63561e-11	-0.033686
1.63574e-11	-0.0335754
1.63588e-11	-0.0334646
1.63601e-11	-0.0333538
1.63615e-11	-0.0332428
1.63628e-11	-0.0331318
1.63642e-11	-0.0330208
1.63655e-11	-0.0329096
1.63669e-11	-0.0327984
1.63683e-11	-0.0326871
1.63696e-11	-0.0325757
1.6371e-11	-0.0324642
1.63723e-11	-0.0323526
1.63737e-11	-0.032241
1.6375e-11	-0.0321293
1.63764e-11	-0.0320175
1.63777e-11	-0.0319056
1.63791e-11	-0.0317937
1.63804e-11	-0.0316817
1.63818e-11	-0.0315696
1.63831e-11	-0.0314574
1.63845e-11	-0.0313451
1.63858e-11	-0.0312327
1.63872e-11	-0.0311203
1.63885e-11	-0.0310078
1.63899e-11	-0.0308952
1.63912e-11	-0.0307826
1.63926e-11	-0.0306698
1.6394e-11	-0.030557
1.63953e-11	-0.0304441
1.63967e-11	-0.0303311
1.6398e-11	-0.030218
1.63994e-11	-0.0301049
1.64007e-11	-0.0299916
1.64021e-11	-0.0298783
1.64034e-11	-0.029765
1.64048e-11	-0.0296515
1.64061e-11	-0.0295379
1.64075e-11	-0.0294243
1.64088e-11	-0.0293106
1.64102e-11	-0.0291968
1.64115e-11	-0.029083
1.64129e-11	-0.028969
1.64142e-11	-0.028855
1.64156e-11	-0.0287409
1.64169e-11	-0.0286267
1.64183e-11	-0.0285124
1.64197e-11	-0.0283981
1.6421e-11	-0.0282837
1.64224e-11	-0.0281692
1.64237e-11	-0.0280546
1.64251e-11	-0.0279399
1.64264e-11	-0.0278252
1.64278e-11	-0.0277104
1.64291e-11	-0.0275955
1.64305e-11	-0.0274805
1.64318e-11	-0.0273654
1.64332e-11	-0.0272503
1.64345e-11	-0.0271351
1.64359e-11	-0.0270198
1.64372e-11	-0.0269044
1.64386e-11	-0.0267889
1.64399e-11	-0.0266734
1.64413e-11	-0.0265577
1.64426e-11	-0.026442
1.6444e-11	-0.0263263
1.64454e-11	-0.0262104
1.64467e-11	-0.0260945
1.64481e-11	-0.0259784
1.64494e-11	-0.0258623
1.64508e-11	-0.0257461
1.64521e-11	-0.0256299
1.64535e-11	-0.0255135
1.64548e-11	-0.0253971
1.64562e-11	-0.0252806
1.64575e-11	-0.025164
1.64589e-11	-0.0250474
1.64602e-11	-0.0249306
1.64616e-11	-0.0248138
1.64629e-11	-0.0246969
1.64643e-11	-0.0245799
1.64656e-11	-0.0244629
1.6467e-11	-0.0243457
1.64683e-11	-0.0242285
1.64697e-11	-0.0241112
1.64711e-11	-0.0239938
1.64724e-11	-0.0238763
1.64738e-11	-0.0237588
1.64751e-11	-0.0236412
1.64765e-11	-0.0235235
1.64778e-11	-0.0234057
1.64792e-11	-0.0232878
1.64805e-11	-0.0231699
1.64819e-11	-0.0230518
1.64832e-11	-0.0229337
1.64846e-11	-0.0228155
1.64859e-11	-0.0226973
1.64873e-11	-0.0225789
1.64886e-11	-0.0224605
1.649e-11	-0.022342
1.64913e-11	-0.0222234
1.64927e-11	-0.0221047
1.6494e-11	-0.021986
1.64954e-11	-0.0218672
1.64968e-11	-0.0217483
1.64981e-11	-0.0216293
1.64995e-11	-0.0215102
1.65008e-11	-0.0213911
1.65022e-11	-0.0212718
1.65035e-11	-0.0211525
1.65049e-11	-0.0210331
1.65062e-11	-0.0209137
1.65076e-11	-0.0207941
1.65089e-11	-0.0206745
1.65103e-11	-0.0205548
1.65116e-11	-0.020435
1.6513e-11	-0.0203151
1.65143e-11	-0.0201951
1.65157e-11	-0.0200751
1.6517e-11	-0.019955
1.65184e-11	-0.0198348
1.65197e-11	-0.0197145
1.65211e-11	-0.0195942
1.65225e-11	-0.0194737
1.65238e-11	-0.0193532
1.65252e-11	-0.0192326
1.65265e-11	-0.0191119
1.65279e-11	-0.0189912
1.65292e-11	-0.0188703
1.65306e-11	-0.0187494
1.65319e-11	-0.0186284
1.65333e-11	-0.0185073
1.65346e-11	-0.0183862
1.6536e-11	-0.0182649
1.65373e-11	-0.0181436
1.65387e-11	-0.0180222
1.654e-11	-0.0179007
1.65414e-11	-0.0177792
1.65427e-11	-0.0176575
1.65441e-11	-0.0175358
1.65454e-11	-0.017414
1.65468e-11	-0.0172921
1.65482e-11	-0.0171702
1.65495e-11	-0.0170481
1.65509e-11	-0.016926
1.65522e-11	-0.0168038
1.65536e-11	-0.0166815
1.65549e-11	-0.0165591
1.65563e-11	-0.0164367
1.65576e-11	-0.0163142
1.6559e-11	-0.0161915
1.65603e-11	-0.0160689
1.65617e-11	-0.0159461
1.6563e-11	-0.0158232
1.65644e-11	-0.0157003
1.65657e-11	-0.0155773
1.65671e-11	-0.0154542
1.65684e-11	-0.015331
1.65698e-11	-0.0152078
1.65711e-11	-0.0150844
1.65725e-11	-0.014961
1.65739e-11	-0.0148375
1.65752e-11	-0.0147139
1.65766e-11	-0.0145903
1.65779e-11	-0.0144665
1.65793e-11	-0.0143427
1.65806e-11	-0.0142188
1.6582e-11	-0.0140948
1.65833e-11	-0.0139708
1.65847e-11	-0.0138466
1.6586e-11	-0.0137224
1.65874e-11	-0.0135981
1.65887e-11	-0.0134737
1.65901e-11	-0.0133493
1.65914e-11	-0.0132247
1.65928e-11	-0.0131001
1.65941e-11	-0.0129754
1.65955e-11	-0.0128506
1.65968e-11	-0.0127257
1.65982e-11	-0.0126008
1.65996e-11	-0.0124758
1.66009e-11	-0.0123506
1.66023e-11	-0.0122255
1.66036e-11	-0.0121002
1.6605e-11	-0.0119748
1.66063e-11	-0.0118494
1.66077e-11	-0.0117239
1.6609e-11	-0.0115983
1.66104e-11	-0.0114726
1.66117e-11	-0.0113469
1.66131e-11	-0.011221
1.66144e-11	-0.0110951
1.66158e-11	-0.0109691
1.66171e-11	-0.010843
1.66185e-11	-0.0107169
1.66198e-11	-0.0105906
1.66212e-11	-0.0104643
1.66225e-11	-0.0103379
1.66239e-11	-0.0102114
1.66253e-11	-0.0100848
1.66266e-11	-0.0099582
1.6628e-11	-0.00983147
1.66293e-11	-0.00970466
1.66307e-11	-0.00957777
1.6632e-11	-0.00945081
1.66334e-11	-0.00932376
1.66347e-11	-0.00919662
1.66361e-11	-0.00906941
1.66374e-11	-0.00894212
1.66388e-11	-0.00881475
1.66401e-11	-0.00868729
1.66415e-11	-0.00855976
1.66428e-11	-0.00843214
1.66442e-11	-0.00830444
1.66455e-11	-0.00817666
1.66469e-11	-0.00804881
1.66482e-11	-0.00792087
1.66496e-11	-0.00779284
1.6651e-11	-0.00766474
1.66523e-11	-0.00753656
1.66537e-11	-0.0074083
1.6655e-11	-0.00727995
1.66564e-11	-0.00715153
1.66577e-11	-0.00702302
1.66591e-11	-0.00689443
1.66604e-11	-0.00676577
1.66618e-11	-0.00663702
1.66631e-11	-0.00650819
1.66645e-11	-0.00637927
1.66658e-11	-0.00625028
1.66672e-11	-0.00612121
1.66685e-11	-0.00599206
1.66699e-11	-0.00586282
1.66712e-11	-0.0057335
1.66726e-11	-0.00560411
1.66739e-11	-0.00547463
1.66753e-11	-0.00534507
1.66767e-11	-0.00521543
1.6678e-11	-0.00508571
1.66794e-11	-0.00495591
1.66807e-11	-0.00482603
1.66821e-11	-0.00469606
1.66834e-11	-0.00456602
1.66848e-11	-0.00443589
1.66861e-11	-0.00430568
1.66875e-11	-0.0041754
1.66888e-11	-0.00404503
1.66902e-11	-0.00391458
1.66915e-11	-0.00378405
1.66929e-11	-0.00365343
1.66942e-11	-0.00352274
1.66956e-11	-0.00339197
1.66969e-11	-0.00326111
1.66983e-11	-0.00313018
1.66996e-11	-0.00299916
1.6701e-11	-0.00286806
1.67024e-11	-0.00273688
1.67037e-11	-0.00260562
1.67051e-11	-0.00247428
1.67064e-11	-0.00234286
1.67078e-11	-0.00221135
1.67091e-11	-0.00207977
1.67105e-11	-0.0019481
1.67118e-11	-0.00181636
1.67132e-11	-0.00168453
1.67145e-11	-0.00155262
1.67159e-11	-0.00142063
1.67172e-11	-0.00128856
1.67186e-11	-0.00115641
1.67199e-11	-0.00102417
1.67213e-11	-0.000891858
1.67226e-11	-0.000759463
1.6724e-11	-0.000626986
1.67253e-11	-0.000494429
1.67267e-11	-0.00036179
1.67281e-11	-0.00022907
1.67294e-11	-9.62695e-05
1.67308e-11	3.66125e-05
1.67321e-11	0.000169576
1.67335e-11	0.00030262
1.67348e-11	0.000435745
1.67362e-11	0.000568952
1.67375e-11	0.000702239
1.67389e-11	0.000835608
1.67402e-11	0.000969058
1.67416e-11	0.00110259
1.67429e-11	0.0012362
1.67443e-11	0.00136989
1.67456e-11	0.00150367
1.6747e-11	0.00163752
1.67483e-11	0.00177146
1.67497e-11	0.00190548
1.6751e-11	0.00203958
1.67524e-11	0.00217376
1.67538e-11	0.00230802
1.67551e-11	0.00244236
1.67565e-11	0.00257678
1.67578e-11	0.00271129
1.67592e-11	0.00284587
1.67605e-11	0.00298054
1.67619e-11	0.00311529
1.67632e-11	0.00325012
1.67646e-11	0.00338503
1.67659e-11	0.00352002
1.67673e-11	0.00365509
1.67686e-11	0.00379025
1.677e-11	0.00392548
1.67713e-11	0.0040608
1.67727e-11	0.00419619
1.6774e-11	0.00433167
1.67754e-11	0.00446723
1.67767e-11	0.00460287
1.67781e-11	0.0047386
1.67795e-11	0.0048744
1.67808e-11	0.00501028
1.67822e-11	0.00514625
1.67835e-11	0.00528229
1.67849e-11	0.00541842
1.67862e-11	0.00555463
1.67876e-11	0.00569092
1.67889e-11	0.00582729
1.67903e-11	0.00596375
1.67916e-11	0.00610028
1.6793e-11	0.00623689
1.67943e-11	0.00637359
1.67957e-11	0.00651037
1.6797e-11	0.00664723
1.67984e-11	0.00678417
1.67997e-11	0.00692119
1.68011e-11	0.00705829
1.68024e-11	0.00719547
1.68038e-11	0.00733274
1.68052e-11	0.00747008
1.68065e-11	0.00760751
1.68079e-11	0.00774502
1.68092e-11	0.00788261
1.68106e-11	0.00802028
1.68119e-11	0.00815803
1.68133e-11	0.00829586
1.68146e-11	0.00843378
1.6816e-11	0.00857177
1.68173e-11	0.00870985
1.68187e-11	0.008848
1.682e-11	0.00898624
1.68214e-11	0.00912456
1.68227e-11	0.00926296
1.68241e-11	0.00940145
1.68254e-11	0.00954001
1.68268e-11	0.00967865
1.68281e-11	0.00981738
1.68295e-11	0.00995619
1.68309e-11	0.0100951
1.68322e-11	0.010234
1.68336e-11	0.0103731
1.68349e-11	0.0105122
1.68363e-11	0.0106514
1.68376e-11	0.0107907
1.6839e-11	0.0109301
1.68403e-11	0.0110696
1.68417e-11	0.0112091
1.6843e-11	0.0113487
1.68444e-11	0.0114884
1.68457e-11	0.0116282
1.68471e-11	0.0117681
1.68484e-11	0.011908
1.68498e-11	0.012048
1.68511e-11	0.0121881
1.68525e-11	0.0123283
1.68538e-11	0.0124686
1.68552e-11	0.012609
1.68566e-11	0.0127494
1.68579e-11	0.0128899
1.68593e-11	0.0130305
1.68606e-11	0.0131712
1.6862e-11	0.0133119
1.68633e-11	0.0134528
1.68647e-11	0.0135937
1.6866e-11	0.0137347
1.68674e-11	0.0138758
1.68687e-11	0.0140169
1.68701e-11	0.0141582
1.68714e-11	0.0142995
1.68728e-11	0.0144409
1.68741e-11	0.0145824
1.68755e-11	0.0147239
1.68768e-11	0.0148656
1.68782e-11	0.0150073
1.68795e-11	0.0151491
1.68809e-11	0.015291
1.68823e-11	0.015433
1.68836e-11	0.0155751
1.6885e-11	0.0157172
1.68863e-11	0.0158594
1.68877e-11	0.0160017
1.6889e-11	0.0161441
1.68904e-11	0.0162866
1.68917e-11	0.0164291
1.68931e-11	0.0165717
1.68944e-11	0.0167144
1.68958e-11	0.0168572
1.68971e-11	0.0170001
1.68985e-11	0.017143
1.68998e-11	0.0172861
1.69012e-11	0.0174292
1.69025e-11	0.0175724
1.69039e-11	0.0177156
1.69052e-11	0.017859
1.69066e-11	0.0180024
1.6908e-11	0.0181459
1.69093e-11	0.0182895
1.69107e-11	0.0184332
1.6912e-11	0.018577
1.69134e-11	0.0187208
1.69147e-11	0.0188647
1.69161e-11	0.0190087
1.69174e-11	0.0191528
1.69188e-11	0.019297
1.69201e-11	0.0194412
1.69215e-11	0.0195856
1.69228e-11	0.01973
1.69242e-11	0.0198745
1.69255e-11	0.020019
1.69269e-11	0.0201637
1.69282e-11	0.0203084
1.69296e-11	0.0204532
1.69309e-11	0.0205981
1.69323e-11	0.0207431
1.69337e-11	0.0208882
1.6935e-11	0.0210333
1.69364e-11	0.0211785
1.69377e-11	0.0213238
1.69391e-11	0.0214692
1.69404e-11	0.0216147
1.69418e-11	0.0217602
1.69431e-11	0.0219059
1.69445e-11	0.0220516
1.69458e-11	0.0221974
1.69472e-11	0.0223432
1.69485e-11	0.0224892
1.69499e-11	0.0226352
1.69512e-11	0.0227813
1.69526e-11	0.0229275
1.69539e-11	0.0230738
1.69553e-11	0.0232201
1.69566e-11	0.0233666
1.6958e-11	0.0235131
1.69594e-11	0.0236597
1.69607e-11	0.0238064
1.69621e-11	0.0239531
1.69634e-11	0.0241
1.69648e-11	0.0242469
1.69661e-11	0.0243939
1.69675e-11	0.024541
1.69688e-11	0.0246882
1.69702e-11	0.0248354
1.69715e-11	0.0249828
1.69729e-11	0.0251302
1.69742e-11	0.0252777
1.69756e-11	0.0254252
1.69769e-11	0.0255729
1.69783e-11	0.0257206
1.69796e-11	0.0258684
1.6981e-11	0.0260163
1.69823e-11	0.0261643
1.69837e-11	0.0263124
1.69851e-11	0.0264605
1.69864e-11	0.0266087
1.69878e-11	0.026757
1.69891e-11	0.0269054
1.69905e-11	0.0270539
1.69918e-11	0.0272024
1.69932e-11	0.027351
1.69945e-11	0.0274998
1.69959e-11	0.0276485
1.69972e-11	0.0277974
1.69986e-11	0.0279464
1.69999e-11	0.0280954
1.70013e-11	0.0282445
1.70026e-11	0.0283937
1.7004e-11	0.028543
1.70053e-11	0.0286923
1.70067e-11	0.0288418
1.7008e-11	0.0289913
1.70094e-11	0.0291409
1.70108e-11	0.0292906
1.70121e-11	0.0294403
1.70135e-11	0.0295902
1.70148e-11	0.0297401
1.70162e-11	0.0298901
1.70175e-11	0.0300402
1.70189e-11	0.0301903
1.70202e-11	0.0303406
1.70216e-11	0.0304909
1.70229e-11	0.0306413
1.70243e-11	0.0307918
1.70256e-11	0.0309424
1.7027e-11	0.031093
1.70283e-11	0.0312438
1.70297e-11	0.0313946
1.7031e-11	0.0315455
1.70324e-11	0.0316965
1.70337e-11	0.0318475
1.70351e-11	0.0319986
1.70365e-11	0.0321499
1.70378e-11	0.0323012
1.70392e-11	0.0324525
1.70405e-11	0.032604
1.70419e-11	0.0327555
1.70432e-11	0.0329072
1.70446e-11	0.0330589
1.70459e-11	0.0332107
1.70473e-11	0.0333625
1.70486e-11	0.0335145
1.705e-11	0.0336665
1.70513e-11	0.0338186
1.70527e-11	0.0339708
1.7054e-11	0.0341231
1.70554e-11	0.0342754
1.70567e-11	0.0344278
1.70581e-11	0.0345803
1.70594e-11	0.0347329
1.70608e-11	0.0348856
1.70622e-11	0.0350384
1.70635e-11	0.0351912
1.70649e-11	0.0353441
1.70662e-11	0.0354971
1.70676e-11	0.0356502
1.70689e-11	0.0358034
1.70703e-11	0.0359566
1.70716e-11	0.0361099
1.7073e-11	0.0362633
1.70743e-11	0.0364168
1.70757e-11	0.0365704
1.7077e-11	0.036724
1.70784e-11	0.0368777
1.70797e-11	0.0370315
1.70811e-11	0.0371854
1.70824e-11	0.0373394
1.70838e-11	0.0374934
1.70851e-11	0.0376476
1.70865e-11	0.0378018
1.70879e-11	0.037956
1.70892e-11	0.0381104
1.70906e-11	0.0382649
1.70919e-11	0.0384194
1.70933e-11	0.038574
1.70946e-11	0.0387287
1.7096e-11	0.0388835
1.70973e-11	0.0390383
1.70987e-11	0.0391933
1.71e-11	0.0393483
1.71014e-11	0.0395034
1.71027e-11	0.0396586
1.71041e-11	0.0398138
1.71054e-11	0.0399691
1.71068e-11	0.0401246
1.71081e-11	0.0402801
1.71095e-11	0.0404356
1.71108e-11	0.0405913
1.71122e-11	0.0407471
1.71136e-11	0.0409029
1.71149e-11	0.0410588
1.71163e-11	0.0412148
1.71176e-11	0.0413708
1.7119e-11	0.041527
1.71203e-11	0.0416832
1.71217e-11	0.0418395
1.7123e-11	0.0419959
1.71244e-11	0.0421524
1.71257e-11	0.0423089
1.71271e-11	0.0424655
1.71284e-11	0.0426222
1.71298e-11	0.042779
1.71311e-11	0.0429359
1.71325e-11	0.0430928
1.71338e-11	0.0432499
1.71352e-11	0.043407
1.71365e-11	0.0435642
1.71379e-11	0.0437215
1.71393e-11	0.0438788
1.71406e-11	0.0440362
1.7142e-11	0.0441938
1.71433e-11	0.0443513
1.71447e-11	0.044509
1.7146e-11	0.0446668
1.71474e-11	0.0448246
1.71487e-11	0.0449825
1.71501e-11	0.0451405
1.71514e-11	0.0452986
1.71528e-11	0.0454568
1.71541e-11	0.045615
1.71555e-11	0.0457733
1.71568e-11	0.0459317
1.71582e-11	0.0460902
1.71595e-11	0.0462488
1.71609e-11	0.0464074
1.71622e-11	0.0465661
1.71636e-11	0.0467249
1.7165e-11	0.0468838
1.71663e-11	0.0470428
1.71677e-11	0.0472018
1.7169e-11	0.0473609
1.71704e-11	0.0475201
1.71717e-11	0.0476794
1.71731e-11	0.0478388
1.71744e-11	0.0479982
1.71758e-11	0.0481577
1.71771e-11	0.0483173
1.71785e-11	0.048477
1.71798e-11	0.0486368
1.71812e-11	0.0487966
1.71825e-11	0.0489566
1.71839e-11	0.0491166
1.71852e-11	0.0492767
1.71866e-11	0.0494368
1.71879e-11	0.0495971
1.71893e-11	0.0497574
1.71907e-11	0.0499178
1.7192e-11	0.0500783
1.71934e-11	0.0502389
1.71947e-11	0.0503995
1.71961e-11	0.0505602
1.71974e-11	0.050721
1.71988e-11	0.0508819
1.72001e-11	0.0510429
1.72015e-11	0.051204
1.72028e-11	0.0513651
1.72042e-11	0.0515263
1.72055e-11	0.0516876
1.72069e-11	0.051849
1.72082e-11	0.0520104
1.72096e-11	0.0521719
1.72109e-11	0.0523335
1.72123e-11	0.0524952
1.72136e-11	0.052657
1.7215e-11	0.0528188
1.72164e-11	0.0529808
1.72177e-11	0.0531428
1.72191e-11	0.0533049
1.72204e-11	0.0534671
1.72218e-11	0.0536293
1.72231e-11	0.0537916
1.72245e-11	0.053954
1.72258e-11	0.0541165
1.72272e-11	0.0542791
1.72285e-11	0.0544418
1.72299e-11	0.0546045
1.72312e-11	0.0547673
1.72326e-11	0.0549302
1.72339e-11	0.0550932
1.72353e-11	0.0552562
1.72366e-11	0.0554193
1.7238e-11	0.0555826
1.72393e-11	0.0557458
1.72407e-11	0.0559092
1.72421e-11	0.0560727
1.72434e-11	0.0562362
1.72448e-11	0.0563998
1.72461e-11	0.0565635
1.72475e-11	0.0567273
1.72488e-11	0.0568911
1.72502e-11	0.0570551
1.72515e-11	0.0572191
1.72529e-11	0.0573832
1.72542e-11	0.0575473
1.72556e-11	0.0577116
1.72569e-11	0.0578759
1.72583e-11	0.0580403
1.72596e-11	0.0582048
1.7261e-11	0.0583694
1.72623e-11	0.058534
1.72637e-11	0.0586987
1.7265e-11	0.0588636
1.72664e-11	0.0590284
1.72678e-11	0.0591934
1.72691e-11	0.0593585
1.72705e-11	0.0595236
1.72718e-11	0.0596888
1.72732e-11	0.0598541
1.72745e-11	0.0600194
1.72759e-11	0.0601849
1.72772e-11	0.0603504
1.72786e-11	0.060516
1.72799e-11	0.0606817
1.72813e-11	0.0608475
1.72826e-11	0.0610133
1.7284e-11	0.0611792
1.72853e-11	0.0613452
1.72867e-11	0.0615113
1.7288e-11	0.0616775
1.72894e-11	0.0618437
1.72907e-11	0.0620101
1.72921e-11	0.0621765
1.72935e-11	0.0623429
1.72948e-11	0.0625095
1.72962e-11	0.0626761
1.72975e-11	0.0628429
1.72989e-11	0.0630097
1.73002e-11	0.0631765
1.73016e-11	0.0633435
1.73029e-11	0.0635105
1.73043e-11	0.0636777
1.73056e-11	0.0638449
1.7307e-11	0.0640121
1.73083e-11	0.0641795
1.73097e-11	0.0643469
1.7311e-11	0.0645144
1.73124e-11	0.064682
1.73137e-11	0.0648497
1.73151e-11	0.0650175
1.73164e-11	0.0651853
1.73178e-11	0.0653532
1.73192e-11	0.0655212
1.73205e-11	0.0656893
1.73219e-11	0.0658574
1.73232e-11	0.0660257
1.73246e-11	0.066194
1.73259e-11	0.0663623
1.73273e-11	0.0665308
1.73286e-11	0.0666994
1.733e-11	0.066868
1.73313e-11	0.0670367
1.73327e-11	0.0672055
1.7334e-11	0.0673743
1.73354e-11	0.0675433
1.73367e-11	0.0677123
1.73381e-11	0.0678814
1.73394e-11	0.0680506
1.73408e-11	0.0682198
1.73421e-11	0.0683892
1.73435e-11	0.0685586
1.73449e-11	0.0687281
1.73462e-11	0.0688977
1.73476e-11	0.0690673
1.73489e-11	0.0692371
1.73503e-11	0.0694069
1.73516e-11	0.0695768
1.7353e-11	0.0697468
1.73543e-11	0.0699168
1.73557e-11	0.0700869
1.7357e-11	0.0702571
1.73584e-11	0.0704274
1.73597e-11	0.0705978
1.73611e-11	0.0707683
1.73624e-11	0.0709388
1.73638e-11	0.0711094
1.73651e-11	0.0712801
1.73665e-11	0.0714508
1.73678e-11	0.0716217
1.73692e-11	0.0717926
1.73706e-11	0.0719636
1.73719e-11	0.0721347
1.73733e-11	0.0723058
1.73746e-11	0.0724771
1.7376e-11	0.0726484
1.73773e-11	0.0728198
1.73787e-11	0.0729913
1.738e-11	0.0731628
1.73814e-11	0.0733344
1.73827e-11	0.0735061
1.73841e-11	0.0736779
1.73854e-11	0.0738498
1.73868e-11	0.0740217
1.73881e-11	0.0741938
1.73895e-11	0.0743659
1.73908e-11	0.0745381
1.73922e-11	0.0747103
1.73935e-11	0.0748827
1.73949e-11	0.0750551
1.73963e-11	0.0752276
1.73976e-11	0.0754002
1.7399e-11	0.0755728
1.74003e-11	0.0757456
1.74017e-11	0.0759184
1.7403e-11	0.0760913
1.74044e-11	0.0762642
1.74057e-11	0.0764373
1.74071e-11	0.0766104
1.74084e-11	0.0767836
1.74098e-11	0.0769569
1.74111e-11	0.0771303
1.74125e-11	0.0773037
1.74138e-11	0.0774772
1.74152e-11	0.0776508
1.74165e-11	0.0778245
1.74179e-11	0.0779983
1.74192e-11	0.0781721
1.74206e-11	0.078346
1.7422e-11	0.07852
1.74233e-11	0.0786941
1.74247e-11	0.0788682
1.7426e-11	0.0790424
1.74274e-11	0.0792167
1.74287e-11	0.0793911
1.74301e-11	0.0795656
1.74314e-11	0.0797401
1.74328e-11	0.0799147
1.74341e-11	0.0800894
1.74355e-11	0.0802642
1.74368e-11	0.0804391
1.74382e-11	0.080614
1.74395e-11	0.080789
1.74409e-11	0.0809641
1.74422e-11	0.0811393
1.74436e-11	0.0813145
1.74449e-11	0.0814898
1.74463e-11	0.0816652
1.74477e-11	0.0818407
1.7449e-11	0.0820163
1.74504e-11	0.0821919
1.74517e-11	0.0823676
1.74531e-11	0.0825434
1.74544e-11	0.0827193
1.74558e-11	0.0828952
1.74571e-11	0.0830713
1.74585e-11	0.0832474
1.74598e-11	0.0834236
1.74612e-11	0.0835998
1.74625e-11	0.0837762
1.74639e-11	0.0839526
1.74652e-11	0.0841291
1.74666e-11	0.0843057
1.74679e-11	0.0844823
1.74693e-11	0.084659
1.74706e-11	0.0848358
1.7472e-11	0.0850127
1.74734e-11	0.0851897
1.74747e-11	0.0853667
1.74761e-11	0.0855439
1.74774e-11	0.0857211
1.74788e-11	0.0858983
1.74801e-11	0.0860757
1.74815e-11	0.0862531
1.74828e-11	0.0864306
1.74842e-11	0.0866082
1.74855e-11	0.0867859
1.74869e-11	0.0869636
1.74882e-11	0.0871414
1.74896e-11	0.0873193
1.74909e-11	0.0874973
1.74923e-11	0.0876754
1.74936e-11	0.0878535
1.7495e-11	0.0880317
1.74963e-11	0.08821
1.74977e-11	0.0883884
1.74991e-11	0.0885668
1.75004e-11	0.0887453
1.75018e-11	0.0889239
1.75031e-11	0.0891026
1.75045e-11	0.0892814
1.75058e-11	0.0894602
1.75072e-11	0.0896391
1.75085e-11	0.0898181
1.75099e-11	0.0899972
1.75112e-11	0.0901763
1.75126e-11	0.0903555
1.75139e-11	0.0905348
1.75153e-11	0.0907142
1.75166e-11	0.0908936
1.7518e-11	0.0910732
1.75193e-11	0.0912528
1.75207e-11	0.0914325
1.7522e-11	0.0916122
1.75234e-11	0.0917921
1.75248e-11	0.091972
1.75261e-11	0.092152
1.75275e-11	0.092332
1.75288e-11	0.0925122
1.75302e-11	0.0926924
1.75315e-11	0.0928727
1.75329e-11	0.0930531
1.75342e-11	0.0932336
1.75356e-11	0.0934141
1.75369e-11	0.0935947
1.75383e-11	0.0937754
1.75396e-11	0.0939562
1.7541e-11	0.094137
1.75423e-11	0.0943179
1.75437e-11	0.0944989
1.7545e-11	0.09468
1.75464e-11	0.0948611
1.75477e-11	0.0950424
1.75491e-11	0.0952237
1.75505e-11	0.0954051
1.75518e-11	0.0955865
1.75532e-11	0.0957681
1.75545e-11	0.0959497
1.75559e-11	0.0961314
1.75572e-11	0.0963131
1.75586e-11	0.096495
1.75599e-11	0.0966769
1.75613e-11	0.0968589
1.75626e-11	0.097041
1.7564e-11	0.0972231
1.75653e-11	0.0974054
1.75667e-11	0.0975877
1.7568e-11	0.0977701
1.75694e-11	0.0979525
1.75707e-11	0.0981351
1.75721e-11	0.0983177
1.75734e-11	0.0985004
1.75748e-11	0.0986831
1.75762e-11	0.098866
1.75775e-11	0.0990489
1.75789e-11	0.0992319
1.75802e-11	0.099415
1.75816e-11	0.0995981
1.75829e-11	0.0997814
1.75843e-11	0.0999647
1.75856e-11	0.100148
1.7587e-11	0.100332
1.75883e-11	0.100515
1.75897e-11	0.100699
1.7591e-11	0.100882
1.75924e-11	0.101066
1.75937e-11	0.10125
1.75951e-11	0.101434
1.75964e-11	0.101618
1.75978e-11	0.101802
1.75991e-11	0.101986
1.76005e-11	0.10217
1.76019e-11	0.102355
1.76032e-11	0.102539
1.76046e-11	0.102723
1.76059e-11	0.102908
1.76073e-11	0.103093
1.76086e-11	0.103277
1.761e-11	0.103462
1.76113e-11	0.103647
1.76127e-11	0.103832
1.7614e-11	0.104017
1.76154e-11	0.104202
1.76167e-11	0.104387
1.76181e-11	0.104572
1.76194e-11	0.104758
1.76208e-11	0.104943
1.76221e-11	0.105128
1.76235e-11	0.105314
1.76248e-11	0.105499
1.76262e-11	0.105685
1.76276e-11	0.105871
1.76289e-11	0.106057
1.76303e-11	0.106243
1.76316e-11	0.106429
1.7633e-11	0.106615
1.76343e-11	0.106801
1.76357e-11	0.106987
1.7637e-11	0.107173
1.76384e-11	0.10736
1.76397e-11	0.107546
1.76411e-11	0.107733
1.76424e-11	0.107919
1.76438e-11	0.108106
1.76451e-11	0.108293
1.76465e-11	0.108479
1.76478e-11	0.108666
1.76492e-11	0.108853
1.76505e-11	0.10904
1.76519e-11	0.109227
1.76533e-11	0.109415
1.76546e-11	0.109602
1.7656e-11	0.109789
1.76573e-11	0.109977
1.76587e-11	0.110164
1.766e-11	0.110352
1.76614e-11	0.110539
1.76627e-11	0.110727
1.76641e-11	0.110915
1.76654e-11	0.111103
1.76668e-11	0.111291
1.76681e-11	0.111479
1.76695e-11	0.111667
1.76708e-11	0.111855
1.76722e-11	0.112043
1.76735e-11	0.112232
1.76749e-11	0.11242
1.76762e-11	0.112608
1.76776e-11	0.112797
1.7679e-11	0.112986
1.76803e-11	0.113174
1.76817e-11	0.113363
1.7683e-11	0.113552
1.76844e-11	0.113741
1.76857e-11	0.11393
1.76871e-11	0.114119
1.76884e-11	0.114308
1.76898e-11	0.114497
1.76911e-11	0.114687
1.76925e-11	0.114876
1.76938e-11	0.115066
1.76952e-11	0.115255
1.76965e-11	0.115445
1.76979e-11	0.115634
1.76992e-11	0.115824
1.77006e-11	0.116014
1.77019e-11	0.116204
1.77033e-11	0.116394
1.77047e-11	0.116584
1.7706e-11	0.116774
1.77074e-11	0.116964
1.77087e-11	0.117155
1.77101e-11	0.117345
1.77114e-11	0.117535
1.77128e-11	0.117726
1.77141e-11	0.117917
1.77155e-11	0.118107
1.77168e-11	0.118298
1.77182e-11	0.118489
1.77195e-11	0.11868
1.77209e-11	0.118871
1.77222e-11	0.119062
1.77236e-11	0.119253
1.77249e-11	0.119444
1.77263e-11	0.119635
1.77276e-11	0.119826
1.7729e-11	0.120018
1.77304e-11	0.120209
1.77317e-11	0.120401
1.77331e-11	0.120593
1.77344e-11	0.120784
1.77358e-11	0.120976
1.77371e-11	0.121168
1.77385e-11	0.12136
1.77398e-11	0.121552
1.77412e-11	0.121744
1.77425e-11	0.121936
1.77439e-11	0.122128
1.77452e-11	0.122321
1.77466e-11	0.122513
1.77479e-11	0.122705
1.77493e-11	0.122898
1.77506e-11	0.123091
1.7752e-11	0.123283
1.77533e-11	0.123476
1.77547e-11	0.123669
1.77561e-11	0.123862
1.77574e-11	0.124055
1.77588e-11	0.124248
1.77601e-11	0.124441
1.77615e-11	0.124634
1.77628e-11	0.124827
1.77642e-11	0.125021
1.77655e-11	0.125214
1.77669e-11	0.125408
1.77682e-11	0.125601
1.77696e-11	0.125795
1.77709e-11	0.125988
1.77723e-11	0.126182
1.77736e-11	0.126376
1.7775e-11	0.12657
1.77763e-11	0.126764
1.77777e-11	0.126958
1.7779e-11	0.127152
1.77804e-11	0.127347
1.77818e-11	0.127541
1.77831e-11	0.127735
1.77845e-11	0.12793
1.77858e-11	0.128124
1.77872e-11	0.128319
1.77885e-11	0.128514
1.77899e-11	0.128708
1.77912e-11	0.128903
1.77926e-11	0.129098
1.77939e-11	0.129293
1.77953e-11	0.129488
1.77966e-11	0.129683
1.7798e-11	0.129878
1.77993e-11	0.130074
1.78007e-11	0.130269
1.7802e-11	0.130464
1.78034e-11	0.13066
1.78048e-11	0.130855
1.78061e-11	0.131051
1.78075e-11	0.131247
1.78088e-11	0.131442
1.78102e-11	0.131638
1.78115e-11	0.131834
1.78129e-11	0.13203
1.78142e-11	0.132226
1.78156e-11	0.132422
1.78169e-11	0.132619
1.78183e-11	0.132815
1.78196e-11	0.133011
1.7821e-11	0.133208
1.78223e-11	0.133404
1.78237e-11	0.133601
1.7825e-11	0.133798
1.78264e-11	0.133994
1.78277e-11	0.134191
1.78291e-11	0.134388
1.78305e-11	0.134585
1.78318e-11	0.134782
1.78332e-11	0.134979
1.78345e-11	0.135176
1.78359e-11	0.135373
1.78372e-11	0.135571
1.78386e-11	0.135768
1.78399e-11	0.135966
1.78413e-11	0.136163
1.78426e-11	0.136361
1.7844e-11	0.136558
1.78453e-11	0.136756
1.78467e-11	0.136954
1.7848e-11	0.137152
1.78494e-11	0.13735
1.78507e-11	0.137548
1.78521e-11	0.137746
1.78534e-11	0.137944
1.78548e-11	0.138142
1.78562e-11	0.138341
1.78575e-11	0.138539
1.78589e-11	0.138738
1.78602e-11	0.138936
1.78616e-11	0.139135
1.78629e-11	0.139334
1.78643e-11	0.139532
1.78656e-11	0.139731
1.7867e-11	0.13993
1.78683e-11	0.140129
1.78697e-11	0.140328
1.7871e-11	0.140527
1.78724e-11	0.140726
1.78737e-11	0.140926
1.78751e-11	0.141125
1.78764e-11	0.141325
1.78778e-11	0.141524
1.78791e-11	0.141724
1.78805e-11	0.141923
1.78819e-11	0.142123
1.78832e-11	0.142323
1.78846e-11	0.142523
1.78859e-11	0.142722
1.78873e-11	0.142922
1.78886e-11	0.143123
1.789e-11	0.143323
1.78913e-11	0.143523
1.78927e-11	0.143723
1.7894e-11	0.143924
1.78954e-11	0.144124
1.78967e-11	0.144324
1.78981e-11	0.144525
1.78994e-11	0.144726
1.79008e-11	0.144926
1.79021e-11	0.145127
1.79035e-11	0.145328
1.79048e-11	0.145529
1.79062e-11	0.14573
1.79076e-11	0.145931
1.79089e-11	0.146132
1.79103e-11	0.146333
1.79116e-11	0.146535
1.7913e-11	0.146736
1.79143e-11	0.146938
1.79157e-11	0.147139
1.7917e-11	0.147341
1.79184e-11	0.147542
1.79197e-11	0.147744
1.79211e-11	0.147946
1.79224e-11	0.148148
1.79238e-11	0.14835
1.79251e-11	0.148552
1.79265e-11	0.148754
1.79278e-11	0.148956
1.79292e-11	0.149158
1.79305e-11	0.14936
1.79319e-11	0.149563
1.79333e-11	0.149765
1.79346e-11	0.149968
1.7936e-11	0.15017
1.79373e-11	0.150373
1.79387e-11	0.150576
1.794e-11	0.150778
1.79414e-11	0.150981
1.79427e-11	0.151184
1.79441e-11	0.151387
1.79454e-11	0.15159
1.79468e-11	0.151793
1.79481e-11	0.151997
1.79495e-11	0.1522
1.79508e-11	0.152403
1.79522e-11	0.152607
1.79535e-11	0.15281
1.79549e-11	0.153014
1.79562e-11	0.153217
1.79576e-11	0.153421
1.7959e-11	0.153625
1.79603e-11	0.153829
1.79617e-11	0.154033
1.7963e-11	0.154237
1.79644e-11	0.154441
1.79657e-11	0.154645
1.79671e-11	0.154849
1.79684e-11	0.155053
1.79698e-11	0.155258
1.79711e-11	0.155462
1.79725e-11	0.155667
1.79738e-11	0.155871
1.79752e-11	0.156076
1.79765e-11	0.15628
1.79779e-11	0.156485
1.79792e-11	0.15669
1.79806e-11	0.156895
1.79819e-11	0.1571
1.79833e-11	0.157305
1.79847e-11	0.15751
1.7986e-11	0.157715
1.79874e-11	0.157921
1.79887e-11	0.158126
1.79901e-11	0.158331
1.79914e-11	0.158537
1.79928e-11	0.158742
1.79941e-11	0.158948
1.79955e-11	0.159154
1.79968e-11	0.159359
1.79982e-11	0.159565
1.79995e-11	0.159771
1.80009e-11	0.159977
1.80022e-11	0.160183
1.80036e-11	0.160389
1.80049e-11	0.160595
1.80063e-11	0.160802
1.80076e-11	0.161008
1.8009e-11	0.161214
1.80104e-11	0.161421
1.80117e-11	0.161627
1.80131e-11	0.161834
1.80144e-11	0.162041
1.80158e-11	0.162247
1.80171e-11	0.162454
1.80185e-11	0.162661
1.80198e-11	0.162868
1.80212e-11	0.163075
1.80225e-11	0.163282
1.80239e-11	0.163489
1.80252e-11	0.163696
1.80266e-11	0.163904
1.80279e-11	0.164111
1.80293e-11	0.164318
1.80306e-11	0.164526
1.8032e-11	0.164733
1.80333e-11	0.164941
1.80347e-11	0.165149
1.80361e-11	0.165357
1.80374e-11	0.165564
1.80388e-11	0.165772
1.80401e-11	0.16598
1.80415e-11	0.166188
1.80428e-11	0.166396
1.80442e-11	0.166605
1.80455e-11	0.166813
1.80469e-11	0.167021
1.80482e-11	0.16723
1.80496e-11	0.167438
1.80509e-11	0.167647
1.80523e-11	0.167855
1.80536e-11	0.168064
1.8055e-11	0.168273
1.80563e-11	0.168481
1.80577e-11	0.16869
1.8059e-11	0.168899
1.80604e-11	0.169108
1.80618e-11	0.169317
1.80631e-11	0.169526
1.80645e-11	0.169736
1.80658e-11	0.169945
1.80672e-11	0.170154
1.80685e-11	0.170364
1.80699e-11	0.170573
1.80712e-11	0.170783
1.80726e-11	0.170992
1.80739e-11	0.171202
1.80753e-11	0.171412
1.80766e-11	0.171622
1.8078e-11	0.171832
1.80793e-11	0.172042
1.80807e-11	0.172252
1.8082e-11	0.172462
1.80834e-11	0.172672
1.80847e-11	0.172882
1.80861e-11	0.173092
1.80875e-11	0.173303
1.80888e-11	0.173513
1.80902e-11	0.173724
1.80915e-11	0.173934
1.80929e-11	0.174145
1.80942e-11	0.174356
1.80956e-11	0.174567
1.80969e-11	0.174777
1.80983e-11	0.174988
1.80996e-11	0.175199
1.8101e-11	0.17541
1.81023e-11	0.175621
1.81037e-11	0.175833
1.8105e-11	0.176044
1.81064e-11	0.176255
1.81077e-11	0.176467
1.81091e-11	0.176678
1.81104e-11	0.17689
1.81118e-11	0.177101
1.81132e-11	0.177313
1.81145e-11	0.177525
1.81159e-11	0.177736
1.81172e-11	0.177948
1.81186e-11	0.17816
1.81199e-11	0.178372
1.81213e-11	0.178584
1.81226e-11	0.178797
1.8124e-11	0.179009
1.81253e-11	0.179221
1.81267e-11	0.179433
1.8128e-11	0.179646
1.81294e-11	0.179858
1.81307e-11	0.180071
1.81321e-11	0.180283
1.81334e-11	0.180496
1.81348e-11	0.180709
1.81361e-11	0.180922
1.81375e-11	0.181134
1.81389e-11	0.181347
1.81402e-11	0.18156
1.81416e-11	0.181774
1.81429e-11	0.181987
1.81443e-11	0.1822
1.81456e-11	0.182413
1.8147e-11	0.182627
1.81483e-11	0.18284
1.81497e-11	0.183053
1.8151e-11	0.183267
1.81524e-11	0.183481
1.81537e-11	0.183694
1.81551e-11	0.183908
1.81564e-11	0.184122
1.81578e-11	0.184336
1.81591e-11	0.18455
1.81605e-11	0.184764
1.81618e-11	0.184978
1.81632e-11	0.185192
1.81646e-11	0.185406
1.81659e-11	0.18562
1.81673e-11	0.185835
1.81686e-11	0.186049
1.817e-11	0.186264
1.81713e-11	0.186478
1.81727e-11	0.186693
1.8174e-11	0.186907
1.81754e-11	0.187122
1.81767e-11	0.187337
1.81781e-11	0.187552
1.81794e-11	0.187767
1.81808e-11	0.187982
1.81821e-11	0.188197
1.81835e-11	0.188412
1.81848e-11	0.188627
1.81862e-11	0.188842
1.81875e-11	0.189058
1.81889e-11	0.189273
1.81903e-11	0.189489
1.81916e-11	0.189704
1.8193e-11	0.18992
1.81943e-11	0.190135
1.81957e-11	0.190351
1.8197e-11	0.190567
1.81984e-11	0.190783
1.81997e-11	0.190999
1.82011e-11	0.191215
1.82024e-11	0.191431
1.82038e-11	0.191647
1.82051e-11	0.191863
1.82065e-11	0.192079
1.82078e-11	0.192296
1.82092e-11	0.192512
1.82105e-11	0.192729
1.82119e-11	0.192945
1.82132e-11	0.193162
1.82146e-11	0.193378
1.8216e-11	0.193595
1.82173e-11	0.193812
1.82187e-11	0.194029
1.822e-11	0.194246
1.82214e-11	0.194462
1.82227e-11	0.19468
1.82241e-11	0.194897
1.82254e-11	0.195114
1.82268e-11	0.195331
1.82281e-11	0.195548
1.82295e-11	0.195766
1.82308e-11	0.195983
1.82322e-11	0.196201
1.82335e-11	0.196418
1.82349e-11	0.196636
1.82362e-11	0.196853
1.82376e-11	0.197071
1.82389e-11	0.197289
1.82403e-11	0.197507
1.82417e-11	0.197725
1.8243e-11	0.197943
1.82444e-11	0.198161
1.82457e-11	0.198379
1.82471e-11	0.198597
1.82484e-11	0.198816
1.82498e-11	0.199034
1.82511e-11	0.199252
1.82525e-11	0.199471
1.82538e-11	0.199689
1.82552e-11	0.199908
1.82565e-11	0.200126
1.82579e-11	0.200345
1.82592e-11	0.200564
1.82606e-11	0.200783
1.82619e-11	0.201002
1.82633e-11	0.201221
1.82646e-11	0.20144
1.8266e-11	0.201659
1.82674e-11	0.201878
1.82687e-11	0.202097
1.82701e-11	0.202317
1.82714e-11	0.202536
1.82728e-11	0.202755
1.82741e-11	0.202975
1.82755e-11	0.203194
1.82768e-11	0.203414
1.82782e-11	0.203634
1.82795e-11	0.203853
1.82809e-11	0.204073
1.82822e-11	0.204293
1.82836e-11	0.204513
1.82849e-11	0.204733
1.82863e-11	0.204953
1.82876e-11	0.205173
1.8289e-11	0.205393
1.82903e-11	0.205614
1.82917e-11	0.205834
1.82931e-11	0.206054
1.82944e-11	0.206275
1.82958e-11	0.206495
1.82971e-11	0.206716
1.82985e-11	0.206936
1.82998e-11	0.207157
1.83012e-11	0.207378
1.83025e-11	0.207599
1.83039e-11	0.207819
1.83052e-11	0.20804
1.83066e-11	0.208261
1.83079e-11	0.208482
1.83093e-11	0.208704
1.83106e-11	0.208925
1.8312e-11	0.209146
1.83133e-11	0.209367
1.83147e-11	0.209589
1.8316e-11	0.20981
1.83174e-11	0.210032
1.83188e-11	0.210253
1.83201e-11	0.210475
1.83215e-11	0.210697
1.83228e-11	0.210918
1.83242e-11	0.21114
1.83255e-11	0.211362
1.83269e-11	0.211584
1.83282e-11	0.211806
1.83296e-11	0.212028
1.83309e-11	0.21225
1.83323e-11	0.212472
1.83336e-11	0.212695
1.8335e-11	0.212917
1.83363e-11	0.213139
1.83377e-11	0.213362
1.8339e-11	0.213584
1.83404e-11	0.213807
1.83417e-11	0.214029
1.83431e-11	0.214252
1.83445e-11	0.214475
1.83458e-11	0.214698
1.83472e-11	0.214921
1.83485e-11	0.215143
1.83499e-11	0.215366
1.83512e-11	0.215589
1.83526e-11	0.215813
1.83539e-11	0.216036
1.83553e-11	0.216259
1.83566e-11	0.216482
1.8358e-11	0.216706
1.83593e-11	0.216929
1.83607e-11	0.217153
1.8362e-11	0.217376
1.83634e-11	0.2176
1.83647e-11	0.217823
1.83661e-11	0.218047
1.83674e-11	0.218271
1.83688e-11	0.218495
1.83702e-11	0.218719
1.83715e-11	0.218943
1.83729e-11	0.219167
1.83742e-11	0.219391
1.83756e-11	0.219615
1.83769e-11	0.219839
1.83783e-11	0.220064
1.83796e-11	0.220288
1.8381e-11	0.220512
1.83823e-11	0.220737
1.83837e-11	0.220961
1.8385e-11	0.221186
1.83864e-11	0.221411
1.83877e-11	0.221635
1.83891e-11	0.22186
1.83904e-11	0.222085
1.83918e-11	0.22231
1.83931e-11	0.222535
1.83945e-11	0.22276
1.83959e-11	0.222985
1.83972e-11	0.22321
1.83986e-11	0.223435
1.83999e-11	0.22366
1.84013e-11	0.223886
1.84026e-11	0.224111
1.8404e-11	0.224337
1.84053e-11	0.224562
1.84067e-11	0.224788
1.8408e-11	0.225013
1.84094e-11	0.225239
1.84107e-11	0.225465
1.84121e-11	0.22569
1.84134e-11	0.225916
1.84148e-11	0.226142
1.84161e-11	0.226368
1.84175e-11	0.226594
1.84188e-11	0.22682
1.84202e-11	0.227047
1.84216e-11	0.227273
1.84229e-11	0.227499
1.84243e-11	0.227725
1.84256e-11	0.227952
1.8427e-11	0.228178
1.84283e-11	0.228405
1.84297e-11	0.228631
1.8431e-11	0.228858
1.84324e-11	0.229085
1.84337e-11	0.229311
1.84351e-11	0.229538
1.84364e-11	0.229765
1.84378e-11	0.229992
1.84391e-11	0.230219
1.84405e-11	0.230446
1.84418e-11	0.230673
1.84432e-11	0.2309
1.84445e-11	0.231128
1.84459e-11	0.231355
1.84473e-11	0.231582
1.84486e-11	0.23181
1.845e-11	0.232037
1.84513e-11	0.232265
1.84527e-11	0.232492
1.8454e-11	0.23272
1.84554e-11	0.232948
1.84567e-11	0.233175
1.84581e-11	0.233403
1.84594e-11	0.233631
1.84608e-11	0.233859
1.84621e-11	0.234087
1.84635e-11	0.234315
1.84648e-11	0.234543
1.84662e-11	0.234771
1.84675e-11	0.235
1.84689e-11	0.235228
1.84702e-11	0.235456
1.84716e-11	0.235685
1.8473e-11	0.235913
1.84743e-11	0.236142
1.84757e-11	0.23637
1.8477e-11	0.236599
1.84784e-11	0.236828
1.84797e-11	0.237056
1.84811e-11	0.237285
1.84824e-11	0.237514
1.84838e-11	0.237743
1.84851e-11	0.237972
1.84865e-11	0.238201
1.84878e-11	0.23843
1.84892e-11	0.238659
1.84905e-11	0.238888
1.84919e-11	0.239118
1.84932e-11	0.239347
1.84946e-11	0.239576
1.84959e-11	0.239806
1.84973e-11	0.240035
1.84987e-11	0.240265
1.85e-11	0.240495
1.85014e-11	0.240724
1.85027e-11	0.240954
1.85041e-11	0.241184
1.85054e-11	0.241414
1.85068e-11	0.241644
1.85081e-11	0.241874
1.85095e-11	0.242104
1.85108e-11	0.242334
1.85122e-11	0.242564
1.85135e-11	0.242794
1.85149e-11	0.243024
1.85162e-11	0.243255
1.85176e-11	0.243485
1.85189e-11	0.243715
1.85203e-11	0.243946
1.85216e-11	0.244176
1.8523e-11	0.244407
1.85244e-11	0.244638
1.85257e-11	0.244868
1.85271e-11	0.245099
1.85284e-11	0.24533
1.85298e-11	0.245561
1.85311e-11	0.245792
1.85325e-11	0.246023
1.85338e-11	0.246254
1.85352e-11	0.246485
1.85365e-11	0.246716
1.85379e-11	0.246947
1.85392e-11	0.247179
1.85406e-11	0.24741
1.85419e-11	0.247641
1.85433e-11	0.247873
1.85446e-11	0.248104
1.8546e-11	0.248336
1.85473e-11	0.248568
1.85487e-11	0.248799
1.85501e-11	0.249031
1.85514e-11	0.249263
1.85528e-11	0.249495
1.85541e-11	0.249726
1.85555e-11	0.249958
1.85568e-11	0.25019
1.85582e-11	0.250422
1.85595e-11	0.250655
1.85609e-11	0.250887
1.85622e-11	0.251119
1.85636e-11	0.251351
1.85649e-11	0.251584
1.85663e-11	0.251816
1.85676e-11	0.252048
1.8569e-11	0.252281
1.85703e-11	0.252514
1.85717e-11	0.252746
1.8573e-11	0.252979
1.85744e-11	0.253212
1.85758e-11	0.253444
1.85771e-11	0.253677
1.85785e-11	0.25391
1.85798e-11	0.254143
1.85812e-11	0.254376
1.85825e-11	0.254609
1.85839e-11	0.254842
1.85852e-11	0.255075
1.85866e-11	0.255309
1.85879e-11	0.255542
1.85893e-11	0.255775
1.85906e-11	0.256009
1.8592e-11	0.256242
1.85933e-11	0.256476
1.85947e-11	0.256709
1.8596e-11	0.256943
1.85974e-11	0.257177
1.85987e-11	0.25741
1.86001e-11	0.257644
1.86015e-11	0.257878
1.86028e-11	0.258112
1.86042e-11	0.258346
1.86055e-11	0.25858
1.86069e-11	0.258814
1.86082e-11	0.259048
1.86096e-11	0.259282
1.86109e-11	0.259516
1.86123e-11	0.25975
1.86136e-11	0.259985
1.8615e-11	0.260219
1.86163e-11	0.260454
1.86177e-11	0.260688
1.8619e-11	0.260923
1.86204e-11	0.261157
1.86217e-11	0.261392
1.86231e-11	0.261627
1.86244e-11	0.261861
1.86258e-11	0.262096
1.86272e-11	0.262331
1.86285e-11	0.262566
1.86299e-11	0.262801
1.86312e-11	0.263036
1.86326e-11	0.263271
1.86339e-11	0.263506
1.86353e-11	0.263741
1.86366e-11	0.263977
1.8638e-11	0.264212
1.86393e-11	0.264447
1.86407e-11	0.264683
1.8642e-11	0.264918
1.86434e-11	0.265154
1.86447e-11	0.265389
1.86461e-11	0.265625
1.86474e-11	0.26586
1.86488e-11	0.266096
1.86501e-11	0.266332
1.86515e-11	0.266568
1.86529e-11	0.266804
1.86542e-11	0.267039
1.86556e-11	0.267275
1.86569e-11	0.267512
1.86583e-11	0.267748
1.86596e-11	0.267984
1.8661e-11	0.26822
1.86623e-11	0.268456
1.86637e-11	0.268692
1.8665e-11	0.268929
1.86664e-11	0.269165
1.86677e-11	0.269402
1.86691e-11	0.269638
1.86704e-11	0.269875
1.86718e-11	0.270111
1.86731e-11	0.270348
1.86745e-11	0.270585
1.86758e-11	0.270822
1.86772e-11	0.271058
1.86786e-11	0.271295
1.86799e-11	0.271532
1.86813e-11	0.271769
1.86826e-11	0.272006
1.8684e-11	0.272243
1.86853e-11	0.27248
1.86867e-11	0.272718
1.8688e-11	0.272955
1.86894e-11	0.273192
1.86907e-11	0.273429
1.86921e-11	0.273667
1.86934e-11	0.273904
1.86948e-11	0.274142
1.86961e-11	0.274379
1.86975e-11	0.274617
1.86988e-11	0.274855
1.87002e-11	0.275092
1.87015e-11	0.27533
1.87029e-11	0.275568
1.87043e-11	0.275806
1.87056e-11	0.276044
1.8707e-11	0.276282
1.87083e-11	0.27652
1.87097e-11	0.276758
1.8711e-11	0.276996
1.87124e-11	0.277234
1.87137e-11	0.277472
1.87151e-11	0.27771
1.87164e-11	0.277949
1.87178e-11	0.278187
1.87191e-11	0.278425
1.87205e-11	0.278664
1.87218e-11	0.278902
1.87232e-11	0.279141
1.87245e-11	0.27938
1.87259e-11	0.279618
1.87272e-11	0.279857
1.87286e-11	0.280096
1.873e-11	0.280335
1.87313e-11	0.280574
1.87327e-11	0.280812
1.8734e-11	0.281051
1.87354e-11	0.28129
1.87367e-11	0.28153
1.87381e-11	0.281769
1.87394e-11	0.282008
1.87408e-11	0.282247
1.87421e-11	0.282486
1.87435e-11	0.282726
1.87448e-11	0.282965
1.87462e-11	0.283204
1.87475e-11	0.283444
1.87489e-11	0.283683
1.87502e-11	0.283923
1.87516e-11	0.284163
1.87529e-11	0.284402
1.87543e-11	0.284642
1.87557e-11	0.284882
1.8757e-11	0.285122
1.87584e-11	0.285361
1.87597e-11	0.285601
1.87611e-11	0.285841
1.87624e-11	0.286081
1.87638e-11	0.286321
1.87651e-11	0.286562
1.87665e-11	0.286802
1.87678e-11	0.287042
1.87692e-11	0.287282
1.87705e-11	0.287523
1.87719e-11	0.287763
1.87732e-11	0.288003
1.87746e-11	0.288244
1.87759e-11	0.288484
1.87773e-11	0.288725
1.87786e-11	0.288966
1.878e-11	0.289206
1.87814e-11	0.289447
1.87827e-11	0.289688
1.87841e-11	0.289928
1.87854e-11	0.290169
1.87868e-11	0.29041
1.87881e-11	0.290651
1.87895e-11	0.290892
1.87908e-11	0.291133
1.87922e-11	0.291374
1.87935e-11	0.291615
1.87949e-11	0.291857
1.87962e-11	0.292098
1.87976e-11	0.292339
1.87989e-11	0.29258
1.88003e-11	0.292822
1.88016e-11	0.293063
1.8803e-11	0.293305
1.88043e-11	0.293546
1.88057e-11	0.293788
1.88071e-11	0.29403
1.88084e-11	0.294271
1.88098e-11	0.294513
1.88111e-11	0.294755
1.88125e-11	0.294997
1.88138e-11	0.295238
1.88152e-11	0.29548
1.88165e-11	0.295722
1.88179e-11	0.295964
1.88192e-11	0.296206
1.88206e-11	0.296448
1.88219e-11	0.296691
1.88233e-11	0.296933
1.88246e-11	0.297175
1.8826e-11	0.297417
1.88273e-11	0.29766
1.88287e-11	0.297902
1.883e-11	0.298144
1.88314e-11	0.298387
1.88328e-11	0.298629
1.88341e-11	0.298872
1.88355e-11	0.299115
1.88368e-11	0.299357
1.88382e-11	0.2996
1.88395e-11	0.299843
1.88409e-11	0.300086
1.88422e-11	0.300328
1.88436e-11	0.300571
1.88449e-11	0.300814
1.88463e-11	0.301057
1.88476e-11	0.3013
1.8849e-11	0.301543
1.88503e-11	0.301787
1.88517e-11	0.30203
1.8853e-11	0.302273
1.88544e-11	0.302516
1.88557e-11	0.302759
1.88571e-11	0.303003
1.88585e-11	0.303246
1.88598e-11	0.30349
1.88612e-11	0.303733
1.88625e-11	0.303977
1.88639e-11	0.30422
1.88652e-11	0.304464
1.88666e-11	0.304708
1.88679e-11	0.304951
1.88693e-11	0.305195
1.88706e-11	0.305439
1.8872e-11	0.305683
1.88733e-11	0.305927
1.88747e-11	0.306171
1.8876e-11	0.306415
1.88774e-11	0.306659
1.88787e-11	0.306903
1.88801e-11	0.307147
1.88814e-11	0.307391
1.88828e-11	0.307635
1.88842e-11	0.30788
1.88855e-11	0.308124
1.88869e-11	0.308368
1.88882e-11	0.308613
1.88896e-11	0.308857
1.88909e-11	0.309102
1.88923e-11	0.309346
1.88936e-11	0.309591
1.8895e-11	0.309836
1.88963e-11	0.31008
1.88977e-11	0.310325
1.8899e-11	0.31057
1.89004e-11	0.310815
1.89017e-11	0.311059
1.89031e-11	0.311304
1.89044e-11	0.311549
1.89058e-11	0.311794
1.89071e-11	0.312039
1.89085e-11	0.312284
1.89099e-11	0.312529
1.89112e-11	0.312775
1.89126e-11	0.31302
1.89139e-11	0.313265
1.89153e-11	0.31351
1.89166e-11	0.313756
1.8918e-11	0.314001
1.89193e-11	0.314247
1.89207e-11	0.314492
1.8922e-11	0.314738
1.89234e-11	0.314983
1.89247e-11	0.315229
1.89261e-11	0.315474
1.89274e-11	0.31572
1.89288e-11	0.315966
1.89301e-11	0.316212
1.89315e-11	0.316457
1.89328e-11	0.316703
1.89342e-11	0.316949
1.89356e-11	0.317195
1.89369e-11	0.317441
1.89383e-11	0.317687
1.89396e-11	0.317933
1.8941e-11	0.318179
1.89423e-11	0.318426
1.89437e-11	0.318672
1.8945e-11	0.318918
1.89464e-11	0.319164
1.89477e-11	0.319411
1.89491e-11	0.319657
1.89504e-11	0.319904
1.89518e-11	0.32015
1.89531e-11	0.320397
1.89545e-11	0.320643
1.89558e-11	0.32089
1.89572e-11	0.321136
1.89585e-11	0.321383
1.89599e-11	0.32163
1.89613e-11	0.321876
1.89626e-11	0.322123
1.8964e-11	0.32237
1.89653e-11	0.322617
1.89667e-11	0.322864
1.8968e-11	0.323111
1.89694e-11	0.323358
1.89707e-11	0.323605
1.89721e-11	0.323852
1.89734e-11	0.324099
1.89748e-11	0.324347
1.89761e-11	0.324594
1.89775e-11	0.324841
1.89788e-11	0.325088
1.89802e-11	0.325336
1.89815e-11	0.325583
1.89829e-11	0.325831
1.89842e-11	0.326078
1.89856e-11	0.326326
1.8987e-11	0.326573
1.89883e-11	0.326821
1.89897e-11	0.327068
1.8991e-11	0.327316
1.89924e-11	0.327564
1.89937e-11	0.327812
1.89951e-11	0.328059
1.89964e-11	0.328307
1.89978e-11	0.328555
1.89991e-11	0.328803
1.90005e-11	0.329051
1.90018e-11	0.329299
1.90032e-11	0.329547
1.90045e-11	0.329795
1.90059e-11	0.330043
1.90072e-11	0.330292
1.90086e-11	0.33054
1.90099e-11	0.330788
1.90113e-11	0.331036
1.90127e-11	0.331285
1.9014e-11	0.331533
1.90154e-11	0.331781
1.90167e-11	0.33203
1.90181e-11	0.332278
1.90194e-11	0.332527
1.90208e-11	0.332776
1.90221e-11	0.333024
1.90235e-11	0.333273
1.90248e-11	0.333522
1.90262e-11	0.33377
1.90275e-11	0.334019
1.90289e-11	0.334268
1.90302e-11	0.334517
1.90316e-11	0.334766
1.90329e-11	0.335015
1.90343e-11	0.335264
1.90356e-11	0.335513
1.9037e-11	0.335762
1.90384e-11	0.336011
1.90397e-11	0.33626
1.90411e-11	0.336509
1.90424e-11	0.336758
1.90438e-11	0.337008
1.90451e-11	0.337257
1.90465e-11	0.337506
1.90478e-11	0.337756
1.90492e-11	0.338005
1.90505e-11	0.338254
1.90519e-11	0.338504
1.90532e-11	0.338753
1.90546e-11	0.339003
1.90559e-11	0.339253
1.90573e-11	0.339502
1.90586e-11	0.339752
1.906e-11	0.340002
1.90613e-11	0.340251
1.90627e-11	0.340501
1.90641e-11	0.340751
1.90654e-11	0.341001
1.90668e-11	0.341251
1.90681e-11	0.341501
1.90695e-11	0.341751
1.90708e-11	0.342001
1.90722e-11	0.342251
1.90735e-11	0.342501
1.90749e-11	0.342751
1.90762e-11	0.343001
1.90776e-11	0.343252
1.90789e-11	0.343502
1.90803e-11	0.343752
1.90816e-11	0.344003
1.9083e-11	0.344253
1.90843e-11	0.344503
1.90857e-11	0.344754
1.9087e-11	0.345004
1.90884e-11	0.345255
1.90898e-11	0.345505
1.90911e-11	0.345756
1.90925e-11	0.346007
1.90938e-11	0.346257
1.90952e-11	0.346508
1.90965e-11	0.346759
1.90979e-11	0.347009
1.90992e-11	0.34726
1.91006e-11	0.347511
1.91019e-11	0.347762
1.91033e-11	0.348013
1.91046e-11	0.348264
1.9106e-11	0.348515
1.91073e-11	0.348766
1.91087e-11	0.349017
1.911e-11	0.349268
1.91114e-11	0.349519
1.91127e-11	0.349771
1.91141e-11	0.350022
1.91155e-11	0.350273
1.91168e-11	0.350524
1.91182e-11	0.350776
1.91195e-11	0.351027
1.91209e-11	0.351279
1.91222e-11	0.35153
1.91236e-11	0.351781
1.91249e-11	0.352033
1.91263e-11	0.352284
1.91276e-11	0.352536
1.9129e-11	0.352788
1.91303e-11	0.353039
1.91317e-11	0.353291
1.9133e-11	0.353543
1.91344e-11	0.353795
1.91357e-11	0.354046
1.91371e-11	0.354298
1.91384e-11	0.35455
1.91398e-11	0.354802
1.91412e-11	0.355054
1.91425e-11	0.355306
1.91439e-11	0.355558
1.91452e-11	0.35581
1.91466e-11	0.356062
1.91479e-11	0.356314
1.91493e-11	0.356566
1.91506e-11	0.356819
1.9152e-11	0.357071
1.91533e-11	0.357323
1.91547e-11	0.357575
1.9156e-11	0.357828
1.91574e-11	0.35808
1.91587e-11	0.358333
1.91601e-11	0.358585
1.91614e-11	0.358837
1.91628e-11	0.35909
1.91641e-11	0.359342
1.91655e-11	0.359595
1.91669e-11	0.359848
1.91682e-11	0.3601
1.91696e-11	0.360353
1.91709e-11	0.360606
1.91723e-11	0.360858
1.91736e-11	0.361111
1.9175e-11	0.361364
1.91763e-11	0.361617
1.91777e-11	0.36187
1.9179e-11	0.362123
1.91804e-11	0.362376
1.91817e-11	0.362629
1.91831e-11	0.362882
1.91844e-11	0.363135
1.91858e-11	0.363388
1.91871e-11	0.363641
1.91885e-11	0.363894
1.91898e-11	0.364147
1.91912e-11	0.364401
1.91926e-11	0.364654
1.91939e-11	0.364907
1.91953e-11	0.36516
1.91966e-11	0.365414
1.9198e-11	0.365667
1.91993e-11	0.365921
1.92007e-11	0.366174
1.9202e-11	0.366428
1.92034e-11	0.366681
1.92047e-11	0.366935
1.92061e-11	0.367188
1.92074e-11	0.367442
1.92088e-11	0.367695
1.92101e-11	0.367949
1.92115e-11	0.368203
1.92128e-11	0.368457
1.92142e-11	0.36871
1.92155e-11	0.368964
1.92169e-11	0.369218
1.92183e-11	0.369472
1.92196e-11	0.369726
1.9221e-11	0.36998
1.92223e-11	0.370234
1.92237e-11	0.370488
1.9225e-11	0.370742
1.92264e-11	0.370996
1.92277e-11	0.37125
1.92291e-11	0.371504
1.92304e-11	0.371758
1.92318e-11	0.372013
1.92331e-11	0.372267
1.92345e-11	0.372521
1.92358e-11	0.372775
1.92372e-11	0.37303
1.92385e-11	0.373284
1.92399e-11	0.373538
1.92412e-11	0.373793
1.92426e-11	0.374047
1.9244e-11	0.374302
1.92453e-11	0.374556
1.92467e-11	0.374811
1.9248e-11	0.375065
1.92494e-11	0.37532
1.92507e-11	0.375575
1.92521e-11	0.375829
1.92534e-11	0.376084
1.92548e-11	0.376339
1.92561e-11	0.376594
1.92575e-11	0.376848
1.92588e-11	0.377103
1.92602e-11	0.377358
1.92615e-11	0.377613
1.92629e-11	0.377868
1.92642e-11	0.378123
1.92656e-11	0.378378
1.92669e-11	0.378633
1.92683e-11	0.378888
1.92697e-11	0.379143
1.9271e-11	0.379398
1.92724e-11	0.379653
1.92737e-11	0.379908
1.92751e-11	0.380163
1.92764e-11	0.380419
1.92778e-11	0.380674
1.92791e-11	0.380929
1.92805e-11	0.381185
1.92818e-11	0.38144
1.92832e-11	0.381695
1.92845e-11	0.381951
1.92859e-11	0.382206
1.92872e-11	0.382462
1.92886e-11	0.382717
1.92899e-11	0.382973
1.92913e-11	0.383228
1.92926e-11	0.383484
1.9294e-11	0.383739
1.92954e-11	0.383995
1.92967e-11	0.384251
1.92981e-11	0.384506
1.92994e-11	0.384762
1.93008e-11	0.385018
1.93021e-11	0.385274
1.93035e-11	0.385529
1.93048e-11	0.385785
1.93062e-11	0.386041
1.93075e-11	0.386297
1.93089e-11	0.386553
1.93102e-11	0.386809
1.93116e-11	0.387065
1.93129e-11	0.387321
1.93143e-11	0.387577
1.93156e-11	0.387833
1.9317e-11	0.388089
1.93183e-11	0.388345
1.93197e-11	0.388601
1.93211e-11	0.388857
1.93224e-11	0.389114
1.93238e-11	0.38937
1.93251e-11	0.389626
1.93265e-11	0.389882
1.93278e-11	0.390139
1.93292e-11	0.390395
1.93305e-11	0.390651
1.93319e-11	0.390908
1.93332e-11	0.391164
1.93346e-11	0.391421
1.93359e-11	0.391677
1.93373e-11	0.391934
1.93386e-11	0.39219
1.934e-11	0.392447
1.93413e-11	0.392703
1.93427e-11	0.39296
1.93441e-11	0.393217
1.93454e-11	0.393473
1.93468e-11	0.39373
1.93481e-11	0.393987
1.93495e-11	0.394244
1.93508e-11	0.3945
1.93522e-11	0.394757
1.93535e-11	0.395014
1.93549e-11	0.395271
1.93562e-11	0.395528
1.93576e-11	0.395785
1.93589e-11	0.396042
1.93603e-11	0.396299
1.93616e-11	0.396556
1.9363e-11	0.396813
1.93643e-11	0.39707
1.93657e-11	0.397327
1.9367e-11	0.397584
1.93684e-11	0.397841
1.93698e-11	0.398098
1.93711e-11	0.398355
1.93725e-11	0.398613
1.93738e-11	0.39887
1.93752e-11	0.399127
1.93765e-11	0.399384
1.93779e-11	0.399642
1.93792e-11	0.399899
1.93806e-11	0.400156
1.93819e-11	0.400414
1.93833e-11	0.400671
1.93846e-11	0.400929
1.9386e-11	0.401186
1.93873e-11	0.401444
1.93887e-11	0.401701
1.939e-11	0.401959
1.93914e-11	0.402216
1.93927e-11	0.402474
1.93941e-11	0.402731
1.93955e-11	0.402989
1.93968e-11	0.403247
1.93982e-11	0.403504
1.93995e-11	0.403762
1.94009e-11	0.40402
1.94022e-11	0.404278
1.94036e-11	0.404535
1.94049e-11	0.404793
1.94063e-11	0.405051
1.94076e-11	0.405309
1.9409e-11	0.405567
1.94103e-11	0.405825
1.94117e-11	0.406083
1.9413e-11	0.40634
1.94144e-11	0.406598
1.94157e-11	0.406856
1.94171e-11	0.407114
1.94184e-11	0.407373
1.94198e-11	0.407631
1.94212e-11	0.407889
1.94225e-11	0.408147
1.94239e-11	0.408405
1.94252e-11	0.408663
1.94266e-11	0.408921
1.94279e-11	0.40918
1.94293e-11	0.409438
1.94306e-11	0.409696
1.9432e-11	0.409954
1.94333e-11	0.410213
1.94347e-11	0.410471
1.9436e-11	0.410729
1.94374e-11	0.410988
1.94387e-11	0.411246
1.94401e-11	0.411505
1.94414e-11	0.411763
1.94428e-11	0.412022
1.94441e-11	0.41228
1.94455e-11	0.412539
1.94469e-11	0.412797
1.94482e-11	0.413056
1.94496e-11	0.413314
1.94509e-11	0.413573
1.94523e-11	0.413831
1.94536e-11	0.41409
1.9455e-11	0.414349
1.94563e-11	0.414607
1.94577e-11	0.414866
1.9459e-11	0.415125
1.94604e-11	0.415384
1.94617e-11	0.415642
1.94631e-11	0.415901
1.94644e-11	0.41616
1.94658e-11	0.416419
1.94671e-11	0.416678
1.94685e-11	0.416937
1.94698e-11	0.417196
1.94712e-11	0.417455
1.94726e-11	0.417714
1.94739e-11	0.417973
1.94753e-11	0.418232
1.94766e-11	0.418491
1.9478e-11	0.41875
1.94793e-11	0.419009
1.94807e-11	0.419268
1.9482e-11	0.419527
1.94834e-11	0.419786
1.94847e-11	0.420045
1.94861e-11	0.420304
1.94874e-11	0.420564
1.94888e-11	0.420823
1.94901e-11	0.421082
1.94915e-11	0.421341
1.94928e-11	0.421601
1.94942e-11	0.42186
1.94955e-11	0.422119
1.94969e-11	0.422379
1.94983e-11	0.422638
1.94996e-11	0.422897
1.9501e-11	0.423157
1.95023e-11	0.423416
1.95037e-11	0.423676
1.9505e-11	0.423935
1.95064e-11	0.424194
1.95077e-11	0.424454
1.95091e-11	0.424713
1.95104e-11	0.424973
1.95118e-11	0.425233
1.95131e-11	0.425492
1.95145e-11	0.425752
1.95158e-11	0.426011
1.95172e-11	0.426271
1.95185e-11	0.426531
1.95199e-11	0.42679
1.95212e-11	0.42705
1.95226e-11	0.42731
1.9524e-11	0.42757
1.95253e-11	0.427829
1.95267e-11	0.428089
1.9528e-11	0.428349
1.95294e-11	0.428609
1.95307e-11	0.428868
1.95321e-11	0.429128
1.95334e-11	0.429388
1.95348e-11	0.429648
1.95361e-11	0.429908
1.95375e-11	0.430168
1.95388e-11	0.430428
1.95402e-11	0.430688
1.95415e-11	0.430948
1.95429e-11	0.431208
1.95442e-11	0.431468
1.95456e-11	0.431728
1.95469e-11	0.431988
1.95483e-11	0.432248
1.95497e-11	0.432508
1.9551e-11	0.432768
1.95524e-11	0.433028
1.95537e-11	0.433288
1.95551e-11	0.433549
1.95564e-11	0.433809
1.95578e-11	0.434069
1.95591e-11	0.434329
1.95605e-11	0.434589
1.95618e-11	0.43485
1.95632e-11	0.43511
1.95645e-11	0.43537
1.95659e-11	0.435631
1.95672e-11	0.435891
1.95686e-11	0.436151
1.95699e-11	0.436412
1.95713e-11	0.436672
1.95726e-11	0.436932
1.9574e-11	0.437193
1.95754e-11	0.437453
1.95767e-11	0.437714
1.95781e-11	0.437974
1.95794e-11	0.438235
1.95808e-11	0.438495
1.95821e-11	0.438756
1.95835e-11	0.439016
1.95848e-11	0.439277
1.95862e-11	0.439537
1.95875e-11	0.439798
1.95889e-11	0.440058
1.95902e-11	0.440319
1.95916e-11	0.44058
1.95929e-11	0.44084
1.95943e-11	0.441101
1.95956e-11	0.441362
1.9597e-11	0.441622
1.95983e-11	0.441883
1.95997e-11	0.442144
1.96011e-11	0.442404
1.96024e-11	0.442665
1.96038e-11	0.442926
1.96051e-11	0.443187
1.96065e-11	0.443448
1.96078e-11	0.443708
1.96092e-11	0.443969
1.96105e-11	0.44423
1.96119e-11	0.444491
1.96132e-11	0.444752
1.96146e-11	0.445013
1.96159e-11	0.445273
1.96173e-11	0.445534
1.96186e-11	0.445795
1.962e-11	0.446056
1.96213e-11	0.446317
1.96227e-11	0.446578
1.9624e-11	0.446839
1.96254e-11	0.4471
1.96268e-11	0.447361
1.96281e-11	0.447622
1.96295e-11	0.447883
1.96308e-11	0.448144
1.96322e-11	0.448406
1.96335e-11	0.448667
1.96349e-11	0.448928
1.96362e-11	0.449189
1.96376e-11	0.44945
1.96389e-11	0.449711
1.96403e-11	0.449972
1.96416e-11	0.450233
1.9643e-11	0.450495
1.96443e-11	0.450756
1.96457e-11	0.451017
1.9647e-11	0.451278
1.96484e-11	0.45154
1.96497e-11	0.451801
1.96511e-11	0.452062
1.96525e-11	0.452323
1.96538e-11	0.452585
1.96552e-11	0.452846
1.96565e-11	0.453107
1.96579e-11	0.453369
1.96592e-11	0.45363
1.96606e-11	0.453891
1.96619e-11	0.454153
1.96633e-11	0.454414
1.96646e-11	0.454676
1.9666e-11	0.454937
1.96673e-11	0.455198
1.96687e-11	0.45546
1.967e-11	0.455721
1.96714e-11	0.455983
1.96727e-11	0.456244
1.96741e-11	0.456506
1.96754e-11	0.456767
1.96768e-11	0.457029
1.96782e-11	0.45729
1.96795e-11	0.457552
1.96809e-11	0.457813
1.96822e-11	0.458075
1.96836e-11	0.458337
1.96849e-11	0.458598
1.96863e-11	0.45886
1.96876e-11	0.459121
1.9689e-11	0.459383
1.96903e-11	0.459645
1.96917e-11	0.459906
1.9693e-11	0.460168
1.96944e-11	0.46043
1.96957e-11	0.460691
1.96971e-11	0.460953
1.96984e-11	0.461215
1.96998e-11	0.461477
1.97011e-11	0.461738
1.97025e-11	0.462
1.97039e-11	0.462262
1.97052e-11	0.462523
1.97066e-11	0.462785
1.97079e-11	0.463047
1.97093e-11	0.463309
1.97106e-11	0.463571
1.9712e-11	0.463832
1.97133e-11	0.464094
1.97147e-11	0.464356
1.9716e-11	0.464618
1.97174e-11	0.46488
1.97187e-11	0.465142
1.97201e-11	0.465404
1.97214e-11	0.465665
1.97228e-11	0.465927
1.97241e-11	0.466189
1.97255e-11	0.466451
1.97268e-11	0.466713
1.97282e-11	0.466975
1.97296e-11	0.467237
1.97309e-11	0.467499
1.97323e-11	0.467761
1.97336e-11	0.468023
1.9735e-11	0.468285
1.97363e-11	0.468547
1.97377e-11	0.468809
1.9739e-11	0.469071
1.97404e-11	0.469333
1.97417e-11	0.469595
1.97431e-11	0.469857
1.97444e-11	0.470119
1.97458e-11	0.470381
1.97471e-11	0.470643
1.97485e-11	0.470905
1.97498e-11	0.471167
1.97512e-11	0.471429
1.97525e-11	0.471692
1.97539e-11	0.471954
1.97553e-11	0.472216
1.97566e-11	0.472478
1.9758e-11	0.47274
1.97593e-11	0.473002
1.97607e-11	0.473264
1.9762e-11	0.473527
1.97634e-11	0.473789
1.97647e-11	0.474051
1.97661e-11	0.474313
1.97674e-11	0.474575
1.97688e-11	0.474838
1.97701e-11	0.4751
1.97715e-11	0.475362
1.97728e-11	0.475624
1.97742e-11	0.475886
1.97755e-11	0.476149
1.97769e-11	0.476411
1.97782e-11	0.476673
1.97796e-11	0.476936
1.9781e-11	0.477198
1.97823e-11	0.47746
1.97837e-11	0.477722
1.9785e-11	0.477985
1.97864e-11	0.478247
1.97877e-11	0.478509
1.97891e-11	0.478772
1.97904e-11	0.479034
1.97918e-11	0.479296
1.97931e-11	0.479559
1.97945e-11	0.479821
1.97958e-11	0.480083
1.97972e-11	0.480346
1.97985e-11	0.480608
1.97999e-11	0.48087
1.98012e-11	0.481133
1.98026e-11	0.481395
1.98039e-11	0.481658
1.98053e-11	0.48192
1.98067e-11	0.482182
1.9808e-11	0.482445
1.98094e-11	0.482707
1.98107e-11	0.48297
1.98121e-11	0.483232
1.98134e-11	0.483494
1.98148e-11	0.483757
1.98161e-11	0.484019
1.98175e-11	0.484282
1.98188e-11	0.484544
1.98202e-11	0.484807
1.98215e-11	0.485069
1.98229e-11	0.485332
1.98242e-11	0.485594
1.98256e-11	0.485857
1.98269e-11	0.486119
1.98283e-11	0.486382
1.98296e-11	0.486644
1.9831e-11	0.486907
1.98324e-11	0.487169
1.98337e-11	0.487432
1.98351e-11	0.487694
1.98364e-11	0.487957
1.98378e-11	0.488219
1.98391e-11	0.488482
1.98405e-11	0.488744
1.98418e-11	0.489007
1.98432e-11	0.489269
1.98445e-11	0.489532
1.98459e-11	0.489794
1.98472e-11	0.490057
1.98486e-11	0.49032
1.98499e-11	0.490582
1.98513e-11	0.490845
1.98526e-11	0.491107
1.9854e-11	0.49137
1.98553e-11	0.491632
1.98567e-11	0.491895
1.98581e-11	0.492158
1.98594e-11	0.49242
1.98608e-11	0.492683
1.98621e-11	0.492945
1.98635e-11	0.493208
1.98648e-11	0.493471
1.98662e-11	0.493733
1.98675e-11	0.493996
1.98689e-11	0.494258
1.98702e-11	0.494521
1.98716e-11	0.494784
1.98729e-11	0.495046
1.98743e-11	0.495309
1.98756e-11	0.495572
1.9877e-11	0.495834
1.98783e-11	0.496097
1.98797e-11	0.496359
1.9881e-11	0.496622
1.98824e-11	0.496885
1.98838e-11	0.497147
1.98851e-11	0.49741
1.98865e-11	0.497673
1.98878e-11	0.497935
1.98892e-11	0.498198
1.98905e-11	0.498461
1.98919e-11	0.498723
1.98932e-11	0.498986
1.98946e-11	0.499249
1.98959e-11	0.499511
1.98973e-11	0.499774
1.98986e-11	0.500037
1.99e-11	0.500299
1.99013e-11	0.500562
1.99027e-11	0.500825
1.9904e-11	0.501087
1.99054e-11	0.50135
1.99067e-11	0.501613
1.99081e-11	0.501875
1.99095e-11	0.502138
1.99108e-11	0.502401
1.99122e-11	0.502663
1.99135e-11	0.502926
1.99149e-11	0.503189
1.99162e-11	0.503452
1.99176e-11	0.503714
1.99189e-11	0.503977
1.99203e-11	0.50424
1.99216e-11	0.504502
1.9923e-11	0.504765
1.99243e-11	0.505028
1.99257e-11	0.50529
1.9927e-11	0.505553
1.99284e-11	0.505816
1.99297e-11	0.506078
1.99311e-11	0.506341
1.99324e-11	0.506604
1.99338e-11	0.506866
1.99352e-11	0.507129
1.99365e-11	0.507392
1.99379e-11	0.507655
1.99392e-11	0.507917
1.99406e-11	0.50818
1.99419e-11	0.508443
1.99433e-11	0.508705
1.99446e-11	0.508968
1.9946e-11	0.509231
1.99473e-11	0.509493
1.99487e-11	0.509756
1.995e-11	0.510019
1.99514e-11	0.510281
1.99527e-11	0.510544
1.99541e-11	0.510807
1.99554e-11	0.511069
1.99568e-11	0.511332
1.99581e-11	0.511595
1.99595e-11	0.511858
1.99609e-11	0.51212
1.99622e-11	0.512383
1.99636e-11	0.512646
1.99649e-11	0.512908
1.99663e-11	0.513171
1.99676e-11	0.513434
1.9969e-11	0.513696
1.99703e-11	0.513959
1.99717e-11	0.514222
1.9973e-11	0.514484
1.99744e-11	0.514747
1.99757e-11	0.51501
1.99771e-11	0.515272
1.99784e-11	0.515535
1.99798e-11	0.515797
1.99811e-11	0.51606
1.99825e-11	0.516323
1.99838e-11	0.516585
1.99852e-11	0.516848
1.99866e-11	0.517111
1.99879e-11	0.517373
1.99893e-11	0.517636
1.99906e-11	0.517899
1.9992e-11	0.518161
1.99933e-11	0.518424
1.99947e-11	0.518686
1.9996e-11	0.518949
1.99974e-11	0.519212
1.99987e-11	0.519474
2.00001e-11	0.519737
2.00014e-11	0.52
2.00028e-11	0.520262
2.00041e-11	0.520525
2.00055e-11	0.520787
2.00068e-11	0.52105
2.00082e-11	0.521313
2.00095e-11	0.521575
2.00109e-11	0.521838
2.00123e-11	0.5221
2.00136e-11	0.522363
2.0015e-11	0.522625
2.00163e-11	0.522888
2.00177e-11	0.523151
2.0019e-11	0.523413
2.00204e-11	0.523676
2.00217e-11	0.523938
2.00231e-11	0.524201
2.00244e-11	0.524463
2.00258e-11	0.524726
2.00271e-11	0.524988
2.00285e-11	0.525251
2.00298e-11	0.525513
2.00312e-11	0.525776
2.00325e-11	0.526038
2.00339e-11	0.526301
2.00352e-11	0.526563
2.00366e-11	0.526826
2.0038e-11	0.527088
2.00393e-11	0.527351
2.00407e-11	0.527613
2.0042e-11	0.527876
2.00434e-11	0.528138
2.00447e-11	0.528401
2.00461e-11	0.528663
2.00474e-11	0.528926
2.00488e-11	0.529188
2.00501e-11	0.529451
2.00515e-11	0.529713
2.00528e-11	0.529975
2.00542e-11	0.530238
2.00555e-11	0.5305
2.00569e-11	0.530763
2.00582e-11	0.531025
2.00596e-11	0.531287
2.00609e-11	0.53155
2.00623e-11	0.531812
2.00637e-11	0.532075
2.0065e-11	0.532337
2.00664e-11	0.532599
2.00677e-11	0.532862
2.00691e-11	0.533124
2.00704e-11	0.533386
2.00718e-11	0.533649
2.00731e-11	0.533911
2.00745e-11	0.534173
2.00758e-11	0.534436
2.00772e-11	0.534698
2.00785e-11	0.53496
2.00799e-11	0.535223
2.00812e-11	0.535485
2.00826e-11	0.535747
2.00839e-11	0.536009
2.00853e-11	0.536272
2.00866e-11	0.536534
2.0088e-11	0.536796
2.00894e-11	0.537058
2.00907e-11	0.537321
2.00921e-11	0.537583
2.00934e-11	0.537845
2.00948e-11	0.538107
2.00961e-11	0.53837
2.00975e-11	0.538632
2.00988e-11	0.538894
2.01002e-11	0.539156
2.01015e-11	0.539418
2.01029e-11	0.53968
2.01042e-11	0.539943
2.01056e-11	0.540205
2.01069e-11	0.540467
2.01083e-11	0.540729
2.01096e-11	0.540991
2.0111e-11	0.541253
2.01123e-11	0.541515
2.01137e-11	0.541777
2.01151e-11	0.54204
2.01164e-11	0.542302
2.01178e-11	0.542564
2.01191e-11	0.542826
2.01205e-11	0.543088
2.01218e-11	0.54335
2.01232e-11	0.543612
2.01245e-11	0.543874
2.01259e-11	0.544136
2.01272e-11	0.544398
2.01286e-11	0.54466
2.01299e-11	0.544922
2.01313e-11	0.545184
2.01326e-11	0.545446
2.0134e-11	0.545708
2.01353e-11	0.54597
2.01367e-11	0.546232
2.0138e-11	0.546494
2.01394e-11	0.546755
2.01408e-11	0.547017
2.01421e-11	0.547279
2.01435e-11	0.547541
2.01448e-11	0.547803
2.01462e-11	0.548065
2.01475e-11	0.548327
2.01489e-11	0.548589
2.01502e-11	0.54885
2.01516e-11	0.549112
2.01529e-11	0.549374
2.01543e-11	0.549636
2.01556e-11	0.549898
2.0157e-11	0.550159
2.01583e-11	0.550421
2.01597e-11	0.550683
2.0161e-11	0.550945
2.01624e-11	0.551206
2.01637e-11	0.551468
2.01651e-11	0.55173
2.01665e-11	0.551991
2.01678e-11	0.552253
2.01692e-11	0.552515
2.01705e-11	0.552776
2.01719e-11	0.553038
2.01732e-11	0.5533
2.01746e-11	0.553561
2.01759e-11	0.553823
2.01773e-11	0.554084
2.01786e-11	0.554346
2.018e-11	0.554608
2.01813e-11	0.554869
2.01827e-11	0.555131
2.0184e-11	0.555392
2.01854e-11	0.555654
2.01867e-11	0.555915
2.01881e-11	0.556177
2.01894e-11	0.556438
2.01908e-11	0.5567
2.01922e-11	0.556961
2.01935e-11	0.557223
2.01949e-11	0.557484
2.01962e-11	0.557745
2.01976e-11	0.558007
2.01989e-11	0.558268
2.02003e-11	0.55853
2.02016e-11	0.558791
2.0203e-11	0.559052
2.02043e-11	0.559314
2.02057e-11	0.559575
2.0207e-11	0.559836
2.02084e-11	0.560098
2.02097e-11	0.560359
2.02111e-11	0.56062
2.02124e-11	0.560881
2.02138e-11	0.561143
2.02151e-11	0.561404
2.02165e-11	0.561665
2.02179e-11	0.561926
2.02192e-11	0.562187
2.02206e-11	0.562449
2.02219e-11	0.56271
2.02233e-11	0.562971
2.02246e-11	0.563232
2.0226e-11	0.563493
2.02273e-11	0.563754
2.02287e-11	0.564015
2.023e-11	0.564276
2.02314e-11	0.564537
2.02327e-11	0.564798
2.02341e-11	0.565059
2.02354e-11	0.56532
2.02368e-11	0.565582
2.02381e-11	0.565842
2.02395e-11	0.566103
2.02408e-11	0.566364
2.02422e-11	0.566625
2.02436e-11	0.566886
2.02449e-11	0.567147
2.02463e-11	0.567408
2.02476e-11	0.567669
2.0249e-11	0.56793
2.02503e-11	0.568191
2.02517e-11	0.568451
2.0253e-11	0.568712
2.02544e-11	0.568973
2.02557e-11	0.569234
2.02571e-11	0.569494
2.02584e-11	0.569755
2.02598e-11	0.570016
2.02611e-11	0.570277
2.02625e-11	0.570537
2.02638e-11	0.570798
2.02652e-11	0.571059
2.02665e-11	0.571319
2.02679e-11	0.57158
2.02693e-11	0.57184
2.02706e-11	0.572101
2.0272e-11	0.572362
2.02733e-11	0.572622
2.02747e-11	0.572883
2.0276e-11	0.573143
2.02774e-11	0.573404
2.02787e-11	0.573664
2.02801e-11	0.573925
2.02814e-11	0.574185
2.02828e-11	0.574446
2.02841e-11	0.574706
2.02855e-11	0.574966
2.02868e-11	0.575227
2.02882e-11	0.575487
2.02895e-11	0.575747
2.02909e-11	0.576008
2.02922e-11	0.576268
2.02936e-11	0.576528
2.0295e-11	0.576789
2.02963e-11	0.577049
2.02977e-11	0.577309
2.0299e-11	0.577569
2.03004e-11	0.57783
2.03017e-11	0.57809
2.03031e-11	0.57835
2.03044e-11	0.57861
2.03058e-11	0.57887
2.03071e-11	0.57913
2.03085e-11	0.57939
2.03098e-11	0.57965
2.03112e-11	0.57991
2.03125e-11	0.58017
2.03139e-11	0.580431
2.03152e-11	0.58069
2.03166e-11	0.58095
2.03179e-11	0.58121
2.03193e-11	0.58147
2.03207e-11	0.58173
2.0322e-11	0.58199
2.03234e-11	0.58225
2.03247e-11	0.58251
2.03261e-11	0.58277
2.03274e-11	0.58303
2.03288e-11	0.583289
2.03301e-11	0.583549
2.03315e-11	0.583809
2.03328e-11	0.584069
2.03342e-11	0.584328
2.03355e-11	0.584588
2.03369e-11	0.584848
2.03382e-11	0.585107
2.03396e-11	0.585367
2.03409e-11	0.585626
2.03423e-11	0.585886
2.03436e-11	0.586146
2.0345e-11	0.586405
2.03464e-11	0.586665
2.03477e-11	0.586924
2.03491e-11	0.587184
2.03504e-11	0.587443
2.03518e-11	0.587703
2.03531e-11	0.587962
2.03545e-11	0.588221
2.03558e-11	0.588481
2.03572e-11	0.58874
2.03585e-11	0.589
2.03599e-11	0.589259
2.03612e-11	0.589518
2.03626e-11	0.589777
2.03639e-11	0.590037
2.03653e-11	0.590296
2.03666e-11	0.590555
2.0368e-11	0.590814
2.03693e-11	0.591073
2.03707e-11	0.591333
2.03721e-11	0.591592
2.03734e-11	0.591851
2.03748e-11	0.59211
2.03761e-11	0.592369
2.03775e-11	0.592628
2.03788e-11	0.592887
2.03802e-11	0.593146
2.03815e-11	0.593405
2.03829e-11	0.593664
2.03842e-11	0.593923
2.03856e-11	0.594182
2.03869e-11	0.59444
2.03883e-11	0.594699
2.03896e-11	0.594958
2.0391e-11	0.595217
2.03923e-11	0.595476
2.03937e-11	0.595734
2.0395e-11	0.595993
2.03964e-11	0.596252
2.03978e-11	0.596511
2.03991e-11	0.596769
2.04005e-11	0.597028
2.04018e-11	0.597286
2.04032e-11	0.597545
2.04045e-11	0.597804
2.04059e-11	0.598062
2.04072e-11	0.598321
2.04086e-11	0.598579
2.04099e-11	0.598838
2.04113e-11	0.599096
2.04126e-11	0.599355
2.0414e-11	0.599613
2.04153e-11	0.599871
2.04167e-11	0.60013
2.0418e-11	0.600388
2.04194e-11	0.600646
2.04207e-11	0.600905
2.04221e-11	0.601163
2.04235e-11	0.601421
2.04248e-11	0.601679
2.04262e-11	0.601937
2.04275e-11	0.602196
2.04289e-11	0.602454
2.04302e-11	0.602712
2.04316e-11	0.60297
2.04329e-11	0.603228
2.04343e-11	0.603486
2.04356e-11	0.603744
2.0437e-11	0.604002
2.04383e-11	0.60426
2.04397e-11	0.604518
2.0441e-11	0.604776
2.04424e-11	0.605033
2.04437e-11	0.605291
2.04451e-11	0.605549
2.04464e-11	0.605807
2.04478e-11	0.606065
2.04492e-11	0.606322
2.04505e-11	0.60658
2.04519e-11	0.606838
2.04532e-11	0.607095
2.04546e-11	0.607353
2.04559e-11	0.607611
2.04573e-11	0.607868
2.04586e-11	0.608126
2.046e-11	0.608383
2.04613e-11	0.608641
2.04627e-11	0.608898
2.0464e-11	0.609156
2.04654e-11	0.609413
2.04667e-11	0.609671
2.04681e-11	0.609928
2.04694e-11	0.610185
2.04708e-11	0.610443
2.04721e-11	0.6107
2.04735e-11	0.610957
2.04749e-11	0.611214
2.04762e-11	0.611471
2.04776e-11	0.611729
2.04789e-11	0.611986
2.04803e-11	0.612243
2.04816e-11	0.6125
2.0483e-11	0.612757
2.04843e-11	0.613014
2.04857e-11	0.613271
2.0487e-11	0.613528
2.04884e-11	0.613785
2.04897e-11	0.614042
2.04911e-11	0.614299
2.04924e-11	0.614556
2.04938e-11	0.614812
2.04951e-11	0.615069
2.04965e-11	0.615326
2.04978e-11	0.615583
2.04992e-11	0.61584
2.05006e-11	0.616096
2.05019e-11	0.616353
2.05033e-11	0.61661
2.05046e-11	0.616866
2.0506e-11	0.617123
2.05073e-11	0.617379
2.05087e-11	0.617636
2.051e-11	0.617892
2.05114e-11	0.618149
2.05127e-11	0.618405
2.05141e-11	0.618662
2.05154e-11	0.618918
2.05168e-11	0.619174
2.05181e-11	0.619431
2.05195e-11	0.619687
2.05208e-11	0.619943
2.05222e-11	0.620199
2.05235e-11	0.620455
2.05249e-11	0.620712
2.05263e-11	0.620968
2.05276e-11	0.621224
2.0529e-11	0.62148
2.05303e-11	0.621736
2.05317e-11	0.621992
2.0533e-11	0.622248
2.05344e-11	0.622504
2.05357e-11	0.62276
2.05371e-11	0.623016
2.05384e-11	0.623272
2.05398e-11	0.623527
2.05411e-11	0.623783
2.05425e-11	0.624039
2.05438e-11	0.624295
2.05452e-11	0.62455
2.05465e-11	0.624806
2.05479e-11	0.625062
2.05492e-11	0.625317
2.05506e-11	0.625573
2.0552e-11	0.625828
2.05533e-11	0.626084
2.05547e-11	0.626339
2.0556e-11	0.626595
2.05574e-11	0.62685
2.05587e-11	0.627106
2.05601e-11	0.627361
2.05614e-11	0.627616
2.05628e-11	0.627871
2.05641e-11	0.628127
2.05655e-11	0.628382
2.05668e-11	0.628637
2.05682e-11	0.628892
2.05695e-11	0.629147
2.05709e-11	0.629403
2.05722e-11	0.629658
2.05736e-11	0.629913
2.05749e-11	0.630168
2.05763e-11	0.630423
2.05777e-11	0.630677
2.0579e-11	0.630932
2.05804e-11	0.631187
2.05817e-11	0.631442
2.05831e-11	0.631697
2.05844e-11	0.631952
2.05858e-11	0.632206
2.05871e-11	0.632461
2.05885e-11	0.632716
2.05898e-11	0.63297
2.05912e-11	0.633225
2.05925e-11	0.633479
2.05939e-11	0.633734
2.05952e-11	0.633988
2.05966e-11	0.634243
2.05979e-11	0.634497
2.05993e-11	0.634752
2.06006e-11	0.635006
2.0602e-11	0.63526
2.06034e-11	0.635515
2.06047e-11	0.635769
2.06061e-11	0.636023
2.06074e-11	0.636277
2.06088e-11	0.636532
2.06101e-11	0.636786
2.06115e-11	0.63704
2.06128e-11	0.637294
2.06142e-11	0.637548
2.06155e-11	0.637802
2.06169e-11	0.638056
2.06182e-11	0.63831
2.06196e-11	0.638563
2.06209e-11	0.638817
2.06223e-11	0.639071
2.06236e-11	0.639325
2.0625e-11	0.639579
2.06263e-11	0.639832
2.06277e-11	0.640086
2.06291e-11	0.64034
2.06304e-11	0.640593
2.06318e-11	0.640847
2.06331e-11	0.6411
2.06345e-11	0.641354
2.06358e-11	0.641607
2.06372e-11	0.641861
2.06385e-11	0.642114
2.06399e-11	0.642367
2.06412e-11	0.642621
2.06426e-11	0.642874
2.06439e-11	0.643127
2.06453e-11	0.64338
2.06466e-11	0.643633
2.0648e-11	0.643887
2.06493e-11	0.64414
2.06507e-11	0.644393
2.0652e-11	0.644646
2.06534e-11	0.644899
2.06548e-11	0.645152
2.06561e-11	0.645404
2.06575e-11	0.645657
2.06588e-11	0.64591
2.06602e-11	0.646163
2.06615e-11	0.646416
2.06629e-11	0.646668
2.06642e-11	0.646921
2.06656e-11	0.647174
2.06669e-11	0.647426
2.06683e-11	0.647679
2.06696e-11	0.647931
2.0671e-11	0.648184
2.06723e-11	0.648436
2.06737e-11	0.648689
2.0675e-11	0.648941
2.06764e-11	0.649193
2.06777e-11	0.649446
2.06791e-11	0.649698
2.06805e-11	0.64995
2.06818e-11	0.650202
2.06832e-11	0.650455
2.06845e-11	0.650707
2.06859e-11	0.650959
2.06872e-11	0.651211
2.06886e-11	0.651463
2.06899e-11	0.651715
2.06913e-11	0.651967
2.06926e-11	0.652218
2.0694e-11	0.65247
2.06953e-11	0.652722
2.06967e-11	0.652974
2.0698e-11	0.653225
2.06994e-11	0.653477
2.07007e-11	0.653729
2.07021e-11	0.65398
2.07034e-11	0.654232
2.07048e-11	0.654483
2.07062e-11	0.654735
2.07075e-11	0.654986
2.07089e-11	0.655238
2.07102e-11	0.655489
2.07116e-11	0.65574
2.07129e-11	0.655992
2.07143e-11	0.656243
2.07156e-11	0.656494
2.0717e-11	0.656745
2.07183e-11	0.656996
2.07197e-11	0.657248
2.0721e-11	0.657499
2.07224e-11	0.65775
2.07237e-11	0.658001
2.07251e-11	0.658251
2.07264e-11	0.658502
2.07278e-11	0.658753
2.07291e-11	0.659004
2.07305e-11	0.659255
2.07319e-11	0.659505
2.07332e-11	0.659756
2.07346e-11	0.660007
2.07359e-11	0.660257
2.07373e-11	0.660508
2.07386e-11	0.660758
2.074e-11	0.661009
2.07413e-11	0.661259
2.07427e-11	0.66151
2.0744e-11	0.66176
2.07454e-11	0.66201
2.07467e-11	0.66226
2.07481e-11	0.662511
2.07494e-11	0.662761
2.07508e-11	0.663011
2.07521e-11	0.663261
2.07535e-11	0.663511
2.07548e-11	0.663761
2.07562e-11	0.664011
2.07576e-11	0.664261
2.07589e-11	0.664511
2.07603e-11	0.664761
2.07616e-11	0.665011
2.0763e-11	0.66526
2.07643e-11	0.66551
2.07657e-11	0.66576
2.0767e-11	0.666009
2.07684e-11	0.666259
2.07697e-11	0.666508
2.07711e-11	0.666758
2.07724e-11	0.667007
2.07738e-11	0.667257
2.07751e-11	0.667506
2.07765e-11	0.667755
2.07778e-11	0.668005
2.07792e-11	0.668254
2.07805e-11	0.668503
2.07819e-11	0.668752
2.07833e-11	0.669001
2.07846e-11	0.66925
2.0786e-11	0.669499
2.07873e-11	0.669748
2.07887e-11	0.669997
2.079e-11	0.670246
2.07914e-11	0.670495
2.07927e-11	0.670744
2.07941e-11	0.670993
2.07954e-11	0.671241
2.07968e-11	0.67149
2.07981e-11	0.671739
2.07995e-11	0.671987
2.08008e-11	0.672236
2.08022e-11	0.672484
2.08035e-11	0.672733
2.08049e-11	0.672981
2.08062e-11	0.673229
2.08076e-11	0.673478
2.0809e-11	0.673726
2.08103e-11	0.673974
2.08117e-11	0.674222
2.0813e-11	0.67447
2.08144e-11	0.674718
2.08157e-11	0.674966
2.08171e-11	0.675214
2.08184e-11	0.675462
2.08198e-11	0.67571
2.08211e-11	0.675958
2.08225e-11	0.676206
2.08238e-11	0.676454
2.08252e-11	0.676701
2.08265e-11	0.676949
2.08279e-11	0.677197
2.08292e-11	0.677444
2.08306e-11	0.677692
2.08319e-11	0.677939
2.08333e-11	0.678187
2.08347e-11	0.678434
2.0836e-11	0.678681
2.08374e-11	0.678929
2.08387e-11	0.679176
2.08401e-11	0.679423
2.08414e-11	0.67967
2.08428e-11	0.679917
2.08441e-11	0.680165
2.08455e-11	0.680412
2.08468e-11	0.680658
2.08482e-11	0.680905
2.08495e-11	0.681152
2.08509e-11	0.681399
2.08522e-11	0.681646
2.08536e-11	0.681893
2.08549e-11	0.682139
2.08563e-11	0.682386
2.08576e-11	0.682633
2.0859e-11	0.682879
2.08604e-11	0.683126
2.08617e-11	0.683372
2.08631e-11	0.683618
2.08644e-11	0.683865
2.08658e-11	0.684111
2.08671e-11	0.684357
2.08685e-11	0.684604
2.08698e-11	0.68485
2.08712e-11	0.685096
2.08725e-11	0.685342
2.08739e-11	0.685588
2.08752e-11	0.685834
2.08766e-11	0.68608
2.08779e-11	0.686326
2.08793e-11	0.686571
2.08806e-11	0.686817
2.0882e-11	0.687063
2.08834e-11	0.687309
2.08847e-11	0.687554
2.08861e-11	0.6878
2.08874e-11	0.688045
2.08888e-11	0.688291
2.08901e-11	0.688536
2.08915e-11	0.688782
2.08928e-11	0.689027
2.08942e-11	0.689272
2.08955e-11	0.689517
2.08969e-11	0.689763
2.08982e-11	0.690008
2.08996e-11	0.690253
2.09009e-11	0.690498
2.09023e-11	0.690743
2.09036e-11	0.690988
2.0905e-11	0.691233
2.09063e-11	0.691477
2.09077e-11	0.691722
2.09091e-11	0.691967
2.09104e-11	0.692212
2.09118e-11	0.692456
2.09131e-11	0.692701
2.09145e-11	0.692945
2.09158e-11	0.69319
2.09172e-11	0.693434
2.09185e-11	0.693679
2.09199e-11	0.693923
2.09212e-11	0.694167
2.09226e-11	0.694411
2.09239e-11	0.694656
2.09253e-11	0.6949
2.09266e-11	0.695144
2.0928e-11	0.695388
2.09293e-11	0.695632
2.09307e-11	0.695876
2.0932e-11	0.69612
2.09334e-11	0.696363
2.09348e-11	0.696607
2.09361e-11	0.696851
2.09375e-11	0.697095
2.09388e-11	0.697338
2.09402e-11	0.697582
2.09415e-11	0.697825
2.09429e-11	0.698069
2.09442e-11	0.698312
2.09456e-11	0.698555
2.09469e-11	0.698799
2.09483e-11	0.699042
2.09496e-11	0.699285
2.0951e-11	0.699528
2.09523e-11	0.699771
2.09537e-11	0.700014
2.0955e-11	0.700257
2.09564e-11	0.7005
2.09577e-11	0.700743
2.09591e-11	0.700986
2.09605e-11	0.701229
2.09618e-11	0.701471
2.09632e-11	0.701714
2.09645e-11	0.701957
2.09659e-11	0.702199
2.09672e-11	0.702442
2.09686e-11	0.702684
2.09699e-11	0.702927
2.09713e-11	0.703169
2.09726e-11	0.703411
2.0974e-11	0.703653
2.09753e-11	0.703896
2.09767e-11	0.704138
2.0978e-11	0.70438
2.09794e-11	0.704622
2.09807e-11	0.704864
2.09821e-11	0.705106
2.09834e-11	0.705348
2.09848e-11	0.705589
2.09862e-11	0.705831
2.09875e-11	0.706073
2.09889e-11	0.706314
2.09902e-11	0.706556
2.09916e-11	0.706798
2.09929e-11	0.707039
2.09943e-11	0.70728
2.09956e-11	0.707522
2.0997e-11	0.707763
2.09983e-11	0.708004
2.09997e-11	0.708246
2.1001e-11	0.708487
2.10024e-11	0.708728
2.10037e-11	0.708969
2.10051e-11	0.70921
2.10064e-11	0.709451
2.10078e-11	0.709692
2.10091e-11	0.709932
2.10105e-11	0.710173
2.10119e-11	0.710414
2.10132e-11	0.710655
2.10146e-11	0.710895
2.10159e-11	0.711136
2.10173e-11	0.711376
2.10186e-11	0.711617
2.102e-11	0.711857
2.10213e-11	0.712097
2.10227e-11	0.712337
2.1024e-11	0.712578
2.10254e-11	0.712818
2.10267e-11	0.713058
2.10281e-11	0.713298
2.10294e-11	0.713538
2.10308e-11	0.713778
2.10321e-11	0.714018
2.10335e-11	0.714258
2.10348e-11	0.714497
2.10362e-11	0.714737
2.10376e-11	0.714977
2.10389e-11	0.715216
2.10403e-11	0.715456
2.10416e-11	0.715695
2.1043e-11	0.715935
2.10443e-11	0.716174
2.10457e-11	0.716413
2.1047e-11	0.716652
2.10484e-11	0.716892
2.10497e-11	0.717131
2.10511e-11	0.71737
2.10524e-11	0.717609
2.10538e-11	0.717848
2.10551e-11	0.718087
2.10565e-11	0.718325
2.10578e-11	0.718564
2.10592e-11	0.718803
2.10605e-11	0.719042
2.10619e-11	0.71928
2.10633e-11	0.719519
2.10646e-11	0.719757
2.1066e-11	0.719996
2.10673e-11	0.720234
2.10687e-11	0.720472
2.107e-11	0.720711
2.10714e-11	0.720949
2.10727e-11	0.721187
2.10741e-11	0.721425
2.10754e-11	0.721663
2.10768e-11	0.721901
2.10781e-11	0.722139
2.10795e-11	0.722377
2.10808e-11	0.722614
2.10822e-11	0.722852
2.10835e-11	0.72309
2.10849e-11	0.723327
2.10862e-11	0.723565
2.10876e-11	0.723802
2.1089e-11	0.72404
2.10903e-11	0.724277
2.10917e-11	0.724514
2.1093e-11	0.724752
2.10944e-11	0.724989
2.10957e-11	0.725226
2.10971e-11	0.725463
2.10984e-11	0.7257
2.10998e-11	0.725937
2.11011e-11	0.726174
2.11025e-11	0.726411
2.11038e-11	0.726647
2.11052e-11	0.726884
2.11065e-11	0.727121
2.11079e-11	0.727357
2.11092e-11	0.727594
2.11106e-11	0.72783
2.11119e-11	0.728067
2.11133e-11	0.728303
2.11147e-11	0.728539
2.1116e-11	0.728775
2.11174e-11	0.729012
2.11187e-11	0.729248
2.11201e-11	0.729484
2.11214e-11	0.72972
2.11228e-11	0.729956
2.11241e-11	0.730191
2.11255e-11	0.730427
2.11268e-11	0.730663
2.11282e-11	0.730899
2.11295e-11	0.731134
2.11309e-11	0.73137
2.11322e-11	0.731605
2.11336e-11	0.731841
2.11349e-11	0.732076
2.11363e-11	0.732311
2.11376e-11	0.732546
2.1139e-11	0.732782
2.11404e-11	0.733017
2.11417e-11	0.733252
2.11431e-11	0.733487
2.11444e-11	0.733722
2.11458e-11	0.733956
2.11471e-11	0.734191
2.11485e-11	0.734426
2.11498e-11	0.734661
2.11512e-11	0.734895
2.11525e-11	0.73513
2.11539e-11	0.735364
2.11552e-11	0.735599
2.11566e-11	0.735833
2.11579e-11	0.736067
2.11593e-11	0.736302
2.11606e-11	0.736536
2.1162e-11	0.73677
2.11633e-11	0.737004
2.11647e-11	0.737238
2.11661e-11	0.737472
2.11674e-11	0.737706
2.11688e-11	0.737939
2.11701e-11	0.738173
2.11715e-11	0.738407
2.11728e-11	0.73864
2.11742e-11	0.738874
2.11755e-11	0.739107
2.11769e-11	0.739341
2.11782e-11	0.739574
2.11796e-11	0.739807
2.11809e-11	0.74004
2.11823e-11	0.740274
2.11836e-11	0.740507
2.1185e-11	0.74074
2.11863e-11	0.740973
2.11877e-11	0.741205
2.1189e-11	0.741438
2.11904e-11	0.741671
2.11918e-11	0.741904
2.11931e-11	0.742136
2.11945e-11	0.742369
2.11958e-11	0.742601
2.11972e-11	0.742834
2.11985e-11	0.743066
2.11999e-11	0.743298
2.12012e-11	0.743531
2.12026e-11	0.743763
2.12039e-11	0.743995
2.12053e-11	0.744227
2.12066e-11	0.744459
2.1208e-11	0.744691
2.12093e-11	0.744923
2.12107e-11	0.745154
2.1212e-11	0.745386
2.12134e-11	0.745618
2.12147e-11	0.745849
2.12161e-11	0.746081
2.12175e-11	0.746312
2.12188e-11	0.746544
2.12202e-11	0.746775
2.12215e-11	0.747006
2.12229e-11	0.747237
2.12242e-11	0.747468
2.12256e-11	0.747699
2.12269e-11	0.74793
2.12283e-11	0.748161
2.12296e-11	0.748392
2.1231e-11	0.748623
2.12323e-11	0.748854
2.12337e-11	0.749084
2.1235e-11	0.749315
2.12364e-11	0.749545
2.12377e-11	0.749776
2.12391e-11	0.750006
2.12404e-11	0.750237
2.12418e-11	0.750467
2.12432e-11	0.750697
2.12445e-11	0.750927
2.12459e-11	0.751157
2.12472e-11	0.751387
2.12486e-11	0.751617
2.12499e-11	0.751847
2.12513e-11	0.752076
2.12526e-11	0.752306
2.1254e-11	0.752536
2.12553e-11	0.752765
2.12567e-11	0.752995
2.1258e-11	0.753224
2.12594e-11	0.753454
2.12607e-11	0.753683
2.12621e-11	0.753912
2.12634e-11	0.754141
2.12648e-11	0.75437
2.12661e-11	0.754599
2.12675e-11	0.754828
2.12689e-11	0.755057
2.12702e-11	0.755286
2.12716e-11	0.755515
2.12729e-11	0.755743
2.12743e-11	0.755972
2.12756e-11	0.7562
2.1277e-11	0.756429
2.12783e-11	0.756657
2.12797e-11	0.756886
2.1281e-11	0.757114
2.12824e-11	0.757342
2.12837e-11	0.75757
2.12851e-11	0.757798
2.12864e-11	0.758026
2.12878e-11	0.758254
2.12891e-11	0.758482
2.12905e-11	0.75871
2.12918e-11	0.758937
2.12932e-11	0.759165
2.12946e-11	0.759392
2.12959e-11	0.75962
2.12973e-11	0.759847
2.12986e-11	0.760075
2.13e-11	0.760302
2.13013e-11	0.760529
2.13027e-11	0.760756
2.1304e-11	0.760983
2.13054e-11	0.76121
2.13067e-11	0.761437
2.13081e-11	0.761664
2.13094e-11	0.761891
2.13108e-11	0.762118
2.13121e-11	0.762344
2.13135e-11	0.762571
2.13148e-11	0.762797
2.13162e-11	0.763024
2.13175e-11	0.76325
2.13189e-11	0.763476
2.13203e-11	0.763703
2.13216e-11	0.763929
2.1323e-11	0.764155
2.13243e-11	0.764381
2.13257e-11	0.764607
2.1327e-11	0.764833
2.13284e-11	0.765058
2.13297e-11	0.765284
2.13311e-11	0.76551
2.13324e-11	0.765735
2.13338e-11	0.765961
2.13351e-11	0.766186
2.13365e-11	0.766411
2.13378e-11	0.766637
2.13392e-11	0.766862
2.13405e-11	0.767087
2.13419e-11	0.767312
2.13432e-11	0.767537
2.13446e-11	0.767762
2.1346e-11	0.767987
2.13473e-11	0.768212
2.13487e-11	0.768436
2.135e-11	0.768661
2.13514e-11	0.768885
2.13527e-11	0.76911
2.13541e-11	0.769334
2.13554e-11	0.769559
2.13568e-11	0.769783
2.13581e-11	0.770007
2.13595e-11	0.770231
2.13608e-11	0.770455
2.13622e-11	0.770679
2.13635e-11	0.770903
2.13649e-11	0.771127
2.13662e-11	0.771351
2.13676e-11	0.771574
2.13689e-11	0.771798
2.13703e-11	0.772021
2.13717e-11	0.772245
2.1373e-11	0.772468
2.13744e-11	0.772692
2.13757e-11	0.772915
2.13771e-11	0.773138
2.13784e-11	0.773361
2.13798e-11	0.773584
2.13811e-11	0.773807
2.13825e-11	0.77403
2.13838e-11	0.774253
2.13852e-11	0.774475
2.13865e-11	0.774698
2.13879e-11	0.77492
2.13892e-11	0.775143
2.13906e-11	0.775365
2.13919e-11	0.775588
2.13933e-11	0.77581
2.13946e-11	0.776032
2.1396e-11	0.776254
2.13974e-11	0.776476
2.13987e-11	0.776698
2.14001e-11	0.77692
2.14014e-11	0.777142
2.14028e-11	0.777363
2.14041e-11	0.777585
2.14055e-11	0.777807
2.14068e-11	0.778028
2.14082e-11	0.77825
2.14095e-11	0.778471
2.14109e-11	0.778692
2.14122e-11	0.778913
2.14136e-11	0.779135
2.14149e-11	0.779356
2.14163e-11	0.779577
2.14176e-11	0.779797
2.1419e-11	0.780018
2.14203e-11	0.780239
2.14217e-11	0.78046
2.14231e-11	0.78068
2.14244e-11	0.780901
2.14258e-11	0.781121
2.14271e-11	0.781342
2.14285e-11	0.781562
2.14298e-11	0.781782
2.14312e-11	0.782002
2.14325e-11	0.782222
2.14339e-11	0.782442
2.14352e-11	0.782662
2.14366e-11	0.782882
2.14379e-11	0.783102
2.14393e-11	0.783321
2.14406e-11	0.783541
2.1442e-11	0.78376
2.14433e-11	0.78398
2.14447e-11	0.784199
2.1446e-11	0.784418
2.14474e-11	0.784638
2.14488e-11	0.784857
2.14501e-11	0.785076
2.14515e-11	0.785295
2.14528e-11	0.785514
2.14542e-11	0.785732
2.14555e-11	0.785951
2.14569e-11	0.78617
2.14582e-11	0.786388
2.14596e-11	0.786607
2.14609e-11	0.786825
2.14623e-11	0.787044
2.14636e-11	0.787262
2.1465e-11	0.78748
2.14663e-11	0.787698
2.14677e-11	0.787916
2.1469e-11	0.788134
2.14704e-11	0.788352
2.14717e-11	0.78857
2.14731e-11	0.788787
2.14745e-11	0.789005
2.14758e-11	0.789223
2.14772e-11	0.78944
2.14785e-11	0.789657
2.14799e-11	0.789875
2.14812e-11	0.790092
2.14826e-11	0.790309
2.14839e-11	0.790526
2.14853e-11	0.790743
2.14866e-11	0.79096
2.1488e-11	0.791177
2.14893e-11	0.791394
2.14907e-11	0.79161
2.1492e-11	0.791827
2.14934e-11	0.792044
2.14947e-11	0.79226
2.14961e-11	0.792476
2.14974e-11	0.792693
2.14988e-11	0.792909
2.15002e-11	0.793125
2.15015e-11	0.793341
2.15029e-11	0.793557
2.15042e-11	0.793773
2.15056e-11	0.793989
2.15069e-11	0.794204
2.15083e-11	0.79442
2.15096e-11	0.794635
2.1511e-11	0.794851
2.15123e-11	0.795066
2.15137e-11	0.795282
2.1515e-11	0.795497
2.15164e-11	0.795712
2.15177e-11	0.795927
2.15191e-11	0.796142
2.15204e-11	0.796357
2.15218e-11	0.796572
2.15231e-11	0.796786
2.15245e-11	0.797001
2.15259e-11	0.797216
2.15272e-11	0.79743
2.15286e-11	0.797645
2.15299e-11	0.797859
2.15313e-11	0.798073
2.15326e-11	0.798287
2.1534e-11	0.798501
2.15353e-11	0.798715
2.15367e-11	0.798929
2.1538e-11	0.799143
2.15394e-11	0.799357
2.15407e-11	0.799571
2.15421e-11	0.799784
2.15434e-11	0.799998
2.15448e-11	0.800211
2.15461e-11	0.800424
2.15475e-11	0.800638
2.15488e-11	0.800851
2.15502e-11	0.801064
2.15516e-11	0.801277
2.15529e-11	0.80149
2.15543e-11	0.801703
2.15556e-11	0.801916
2.1557e-11	0.802128
2.15583e-11	0.802341
2.15597e-11	0.802553
2.1561e-11	0.802766
2.15624e-11	0.802978
2.15637e-11	0.80319
2.15651e-11	0.803403
2.15664e-11	0.803615
2.15678e-11	0.803827
2.15691e-11	0.804039
2.15705e-11	0.80425
2.15718e-11	0.804462
2.15732e-11	0.804674
2.15745e-11	0.804886
2.15759e-11	0.805097
2.15773e-11	0.805308
2.15786e-11	0.80552
2.158e-11	0.805731
2.15813e-11	0.805942
2.15827e-11	0.806153
2.1584e-11	0.806364
2.15854e-11	0.806575
2.15867e-11	0.806786
2.15881e-11	0.806997
2.15894e-11	0.807208
2.15908e-11	0.807418
2.15921e-11	0.807629
2.15935e-11	0.807839
2.15948e-11	0.808049
2.15962e-11	0.80826
2.15975e-11	0.80847
2.15989e-11	0.80868
2.16002e-11	0.80889
2.16016e-11	0.8091
2.1603e-11	0.80931
2.16043e-11	0.809519
2.16057e-11	0.809729
2.1607e-11	0.809938
2.16084e-11	0.810148
2.16097e-11	0.810357
2.16111e-11	0.810567
2.16124e-11	0.810776
2.16138e-11	0.810985
2.16151e-11	0.811194
2.16165e-11	0.811403
2.16178e-11	0.811612
2.16192e-11	0.811821
2.16205e-11	0.812029
2.16219e-11	0.812238
2.16232e-11	0.812447
2.16246e-11	0.812655
2.16259e-11	0.812863
2.16273e-11	0.813072
2.16287e-11	0.81328
2.163e-11	0.813488
2.16314e-11	0.813696
2.16327e-11	0.813904
2.16341e-11	0.814112
2.16354e-11	0.814319
2.16368e-11	0.814527
2.16381e-11	0.814735
2.16395e-11	0.814942
2.16408e-11	0.81515
2.16422e-11	0.815357
2.16435e-11	0.815564
2.16449e-11	0.815771
2.16462e-11	0.815978
2.16476e-11	0.816185
2.16489e-11	0.816392
2.16503e-11	0.816599
2.16516e-11	0.816806
2.1653e-11	0.817012
2.16544e-11	0.817219
2.16557e-11	0.817425
2.16571e-11	0.817632
2.16584e-11	0.817838
2.16598e-11	0.818044
2.16611e-11	0.81825
2.16625e-11	0.818456
2.16638e-11	0.818662
2.16652e-11	0.818868
2.16665e-11	0.819074
2.16679e-11	0.819279
2.16692e-11	0.819485
2.16706e-11	0.81969
2.16719e-11	0.819896
2.16733e-11	0.820101
2.16746e-11	0.820306
2.1676e-11	0.820511
2.16773e-11	0.820717
2.16787e-11	0.820921
2.16801e-11	0.821126
2.16814e-11	0.821331
2.16828e-11	0.821536
2.16841e-11	0.82174
2.16855e-11	0.821945
2.16868e-11	0.822149
2.16882e-11	0.822354
2.16895e-11	0.822558
2.16909e-11	0.822762
2.16922e-11	0.822966
2.16936e-11	0.82317
2.16949e-11	0.823374
2.16963e-11	0.823578
2.16976e-11	0.823781
2.1699e-11	0.823985
2.17003e-11	0.824188
2.17017e-11	0.824392
2.1703e-11	0.824595
2.17044e-11	0.824798
2.17058e-11	0.825002
2.17071e-11	0.825205
2.17085e-11	0.825408
2.17098e-11	0.825611
2.17112e-11	0.825813
2.17125e-11	0.826016
2.17139e-11	0.826219
2.17152e-11	0.826421
2.17166e-11	0.826624
2.17179e-11	0.826826
2.17193e-11	0.827028
2.17206e-11	0.82723
2.1722e-11	0.827432
2.17233e-11	0.827634
2.17247e-11	0.827836
2.1726e-11	0.828038
2.17274e-11	0.82824
2.17287e-11	0.828441
2.17301e-11	0.828643
2.17315e-11	0.828844
2.17328e-11	0.829046
2.17342e-11	0.829247
2.17355e-11	0.829448
2.17369e-11	0.829649
2.17382e-11	0.82985
2.17396e-11	0.830051
2.17409e-11	0.830252
2.17423e-11	0.830453
2.17436e-11	0.830653
2.1745e-11	0.830854
2.17463e-11	0.831054
2.17477e-11	0.831254
2.1749e-11	0.831455
2.17504e-11	0.831655
2.17517e-11	0.831855
2.17531e-11	0.832055
2.17544e-11	0.832255
2.17558e-11	0.832454
2.17572e-11	0.832654
2.17585e-11	0.832854
2.17599e-11	0.833053
2.17612e-11	0.833253
2.17626e-11	0.833452
2.17639e-11	0.833651
2.17653e-11	0.83385
2.17666e-11	0.834049
2.1768e-11	0.834248
2.17693e-11	0.834447
2.17707e-11	0.834646
2.1772e-11	0.834845
2.17734e-11	0.835043
2.17747e-11	0.835242
2.17761e-11	0.83544
2.17774e-11	0.835638
2.17788e-11	0.835836
2.17801e-11	0.836035
2.17815e-11	0.836233
2.17829e-11	0.836431
2.17842e-11	0.836628
2.17856e-11	0.836826
2.17869e-11	0.837024
2.17883e-11	0.837221
2.17896e-11	0.837419
2.1791e-11	0.837616
2.17923e-11	0.837813
2.17937e-11	0.83801
2.1795e-11	0.838208
2.17964e-11	0.838405
2.17977e-11	0.838601
2.17991e-11	0.838798
2.18004e-11	0.838995
2.18018e-11	0.839191
2.18031e-11	0.839388
2.18045e-11	0.839584
2.18058e-11	0.839781
2.18072e-11	0.839977
2.18086e-11	0.840173
2.18099e-11	0.840369
2.18113e-11	0.840565
2.18126e-11	0.840761
2.1814e-11	0.840957
2.18153e-11	0.841152
2.18167e-11	0.841348
2.1818e-11	0.841543
2.18194e-11	0.841739
2.18207e-11	0.841934
2.18221e-11	0.842129
2.18234e-11	0.842324
2.18248e-11	0.842519
2.18261e-11	0.842714
2.18275e-11	0.842909
2.18288e-11	0.843104
2.18302e-11	0.843298
2.18315e-11	0.843493
2.18329e-11	0.843687
2.18343e-11	0.843881
2.18356e-11	0.844076
2.1837e-11	0.84427
2.18383e-11	0.844464
2.18397e-11	0.844658
2.1841e-11	0.844852
2.18424e-11	0.845045
2.18437e-11	0.845239
2.18451e-11	0.845433
2.18464e-11	0.845626
2.18478e-11	0.845819
2.18491e-11	0.846013
2.18505e-11	0.846206
2.18518e-11	0.846399
2.18532e-11	0.846592
2.18545e-11	0.846785
2.18559e-11	0.846977
2.18572e-11	0.84717
2.18586e-11	0.847363
2.186e-11	0.847555
2.18613e-11	0.847748
2.18627e-11	0.84794
2.1864e-11	0.848132
2.18654e-11	0.848324
2.18667e-11	0.848516
2.18681e-11	0.848708
2.18694e-11	0.8489
2.18708e-11	0.849091
2.18721e-11	0.849283
2.18735e-11	0.849475
2.18748e-11	0.849666
2.18762e-11	0.849857
2.18775e-11	0.850049
2.18789e-11	0.85024
2.18802e-11	0.850431
2.18816e-11	0.850622
2.18829e-11	0.850812
2.18843e-11	0.851003
2.18857e-11	0.851194
2.1887e-11	0.851384
2.18884e-11	0.851575
2.18897e-11	0.851765
2.18911e-11	0.851955
2.18924e-11	0.852145
2.18938e-11	0.852335
2.18951e-11	0.852525
2.18965e-11	0.852715
2.18978e-11	0.852905
2.18992e-11	0.853095
2.19005e-11	0.853284
2.19019e-11	0.853474
2.19032e-11	0.853663
2.19046e-11	0.853852
2.19059e-11	0.854041
2.19073e-11	0.85423
2.19086e-11	0.854419
2.191e-11	0.854608
2.19114e-11	0.854797
2.19127e-11	0.854986
2.19141e-11	0.855174
2.19154e-11	0.855363
2.19168e-11	0.855551
2.19181e-11	0.855739
2.19195e-11	0.855927
2.19208e-11	0.856115
2.19222e-11	0.856303
2.19235e-11	0.856491
2.19249e-11	0.856679
2.19262e-11	0.856867
2.19276e-11	0.857054
2.19289e-11	0.857242
2.19303e-11	0.857429
2.19316e-11	0.857616
2.1933e-11	0.857803
2.19343e-11	0.85799
2.19357e-11	0.858177
2.19371e-11	0.858364
2.19384e-11	0.858551
2.19398e-11	0.858738
2.19411e-11	0.858924
2.19425e-11	0.859111
2.19438e-11	0.859297
2.19452e-11	0.859483
2.19465e-11	0.859669
2.19479e-11	0.859855
2.19492e-11	0.860041
2.19506e-11	0.860227
2.19519e-11	0.860413
2.19533e-11	0.860599
2.19546e-11	0.860784
2.1956e-11	0.860969
2.19573e-11	0.861155
2.19587e-11	0.86134
2.196e-11	0.861525
2.19614e-11	0.86171
2.19628e-11	0.861895
2.19641e-11	0.86208
2.19655e-11	0.862265
2.19668e-11	0.862449
2.19682e-11	0.862634
2.19695e-11	0.862818
2.19709e-11	0.863003
2.19722e-11	0.863187
2.19736e-11	0.863371
2.19749e-11	0.863555
2.19763e-11	0.863739
2.19776e-11	0.863923
2.1979e-11	0.864106
2.19803e-11	0.86429
2.19817e-11	0.864473
2.1983e-11	0.864657
2.19844e-11	0.86484
2.19857e-11	0.865023
2.19871e-11	0.865206
2.19885e-11	0.865389
2.19898e-11	0.865572
2.19912e-11	0.865755
2.19925e-11	0.865938
2.19939e-11	0.86612
2.19952e-11	0.866303
2.19966e-11	0.866485
2.19979e-11	0.866668
2.19993e-11	0.86685
2.20006e-11	0.867032
2.2002e-11	0.867214
2.20033e-11	0.867396
2.20047e-11	0.867577
2.2006e-11	0.867759
2.20074e-11	0.86794
2.20087e-11	0.868122
2.20101e-11	0.868303
2.20114e-11	0.868484
2.20128e-11	0.868666
2.20142e-11	0.868847
2.20155e-11	0.869028
2.20169e-11	0.869208
2.20182e-11	0.869389
2.20196e-11	0.86957
2.20209e-11	0.86975
2.20223e-11	0.869931
2.20236e-11	0.870111
2.2025e-11	0.870291
2.20263e-11	0.870471
2.20277e-11	0.870651
2.2029e-11	0.870831
2.20304e-11	0.871011
2.20317e-11	0.871191
2.20331e-11	0.87137
2.20344e-11	0.87155
2.20358e-11	0.871729
2.20371e-11	0.871908
2.20385e-11	0.872087
2.20399e-11	0.872266
2.20412e-11	0.872445
2.20426e-11	0.872624
2.20439e-11	0.872803
2.20453e-11	0.872981
2.20466e-11	0.87316
2.2048e-11	0.873338
2.20493e-11	0.873517
2.20507e-11	0.873695
2.2052e-11	0.873873
2.20534e-11	0.874051
2.20547e-11	0.874229
2.20561e-11	0.874407
2.20574e-11	0.874584
2.20588e-11	0.874762
2.20601e-11	0.874939
2.20615e-11	0.875117
2.20628e-11	0.875294
2.20642e-11	0.875471
2.20656e-11	0.875648
2.20669e-11	0.875825
2.20683e-11	0.876002
2.20696e-11	0.876179
2.2071e-11	0.876355
2.20723e-11	0.876532
2.20737e-11	0.876708
2.2075e-11	0.876885
2.20764e-11	0.877061
2.20777e-11	0.877237
2.20791e-11	0.877413
2.20804e-11	0.877589
2.20818e-11	0.877764
2.20831e-11	0.87794
2.20845e-11	0.878116
2.20858e-11	0.878291
2.20872e-11	0.878466
2.20885e-11	0.878642
2.20899e-11	0.878817
2.20913e-11	0.878992
2.20926e-11	0.879167
2.2094e-11	0.879342
2.20953e-11	0.879516
2.20967e-11	0.879691
2.2098e-11	0.879865
2.20994e-11	0.88004
2.21007e-11	0.880214
2.21021e-11	0.880388
2.21034e-11	0.880562
2.21048e-11	0.880736
2.21061e-11	0.88091
2.21075e-11	0.881084
2.21088e-11	0.881257
2.21102e-11	0.881431
2.21115e-11	0.881604
2.21129e-11	0.881778
2.21142e-11	0.881951
2.21156e-11	0.882124
2.2117e-11	0.882297
2.21183e-11	0.88247
2.21197e-11	0.882642
2.2121e-11	0.882815
2.21224e-11	0.882988
2.21237e-11	0.88316
2.21251e-11	0.883332
2.21264e-11	0.883505
2.21278e-11	0.883677
2.21291e-11	0.883849
2.21305e-11	0.884021
2.21318e-11	0.884192
2.21332e-11	0.884364
2.21345e-11	0.884536
2.21359e-11	0.884707
2.21372e-11	0.884878
2.21386e-11	0.88505
2.21399e-11	0.885221
2.21413e-11	0.885392
2.21427e-11	0.885563
2.2144e-11	0.885734
2.21454e-11	0.885904
2.21467e-11	0.886075
2.21481e-11	0.886245
2.21494e-11	0.886416
2.21508e-11	0.886586
2.21521e-11	0.886756
2.21535e-11	0.886926
2.21548e-11	0.887096
2.21562e-11	0.887266
2.21575e-11	0.887436
2.21589e-11	0.887605
2.21602e-11	0.887775
2.21616e-11	0.887944
2.21629e-11	0.888113
2.21643e-11	0.888283
2.21656e-11	0.888452
2.2167e-11	0.88862
2.21684e-11	0.888789
2.21697e-11	0.888958
2.21711e-11	0.889127
2.21724e-11	0.889295
2.21738e-11	0.889464
2.21751e-11	0.889632
2.21765e-11	0.8898
2.21778e-11	0.889968
2.21792e-11	0.890136
2.21805e-11	0.890304
2.21819e-11	0.890472
2.21832e-11	0.890639
2.21846e-11	0.890807
2.21859e-11	0.890974
2.21873e-11	0.891141
2.21886e-11	0.891309
2.219e-11	0.891476
2.21913e-11	0.891643
2.21927e-11	0.891809
2.21941e-11	0.891976
2.21954e-11	0.892143
2.21968e-11	0.892309
2.21981e-11	0.892476
2.21995e-11	0.892642
2.22008e-11	0.892808
2.22022e-11	0.892974
2.22035e-11	0.89314
2.22049e-11	0.893306
2.22062e-11	0.893472
2.22076e-11	0.893637
2.22089e-11	0.893803
2.22103e-11	0.893968
2.22116e-11	0.894134
2.2213e-11	0.894299
2.22143e-11	0.894464
2.22157e-11	0.894629
2.2217e-11	0.894794
2.22184e-11	0.894958
2.22198e-11	0.895123
2.22211e-11	0.895287
2.22225e-11	0.895452
2.22238e-11	0.895616
2.22252e-11	0.89578
2.22265e-11	0.895944
2.22279e-11	0.896108
2.22292e-11	0.896272
2.22306e-11	0.896436
2.22319e-11	0.896599
2.22333e-11	0.896763
2.22346e-11	0.896926
2.2236e-11	0.897089
2.22373e-11	0.897253
2.22387e-11	0.897416
2.224e-11	0.897579
2.22414e-11	0.897741
2.22427e-11	0.897904
2.22441e-11	0.898067
2.22455e-11	0.898229
2.22468e-11	0.898391
2.22482e-11	0.898554
2.22495e-11	0.898716
2.22509e-11	0.898878
2.22522e-11	0.89904
2.22536e-11	0.899202
2.22549e-11	0.899363
2.22563e-11	0.899525
2.22576e-11	0.899686
2.2259e-11	0.899848
2.22603e-11	0.900009
2.22617e-11	0.90017
2.2263e-11	0.900331
2.22644e-11	0.900492
2.22657e-11	0.900653
2.22671e-11	0.900813
2.22684e-11	0.900974
2.22698e-11	0.901134
2.22712e-11	0.901294
2.22725e-11	0.901455
2.22739e-11	0.901615
2.22752e-11	0.901775
2.22766e-11	0.901935
2.22779e-11	0.902094
2.22793e-11	0.902254
2.22806e-11	0.902413
2.2282e-11	0.902573
2.22833e-11	0.902732
2.22847e-11	0.902891
2.2286e-11	0.90305
2.22874e-11	0.903209
2.22887e-11	0.903368
2.22901e-11	0.903527
2.22914e-11	0.903685
2.22928e-11	0.903844
2.22941e-11	0.904002
2.22955e-11	0.90416
2.22969e-11	0.904319
2.22982e-11	0.904477
2.22996e-11	0.904635
2.23009e-11	0.904792
2.23023e-11	0.90495
2.23036e-11	0.905108
2.2305e-11	0.905265
2.23063e-11	0.905422
2.23077e-11	0.90558
2.2309e-11	0.905737
2.23104e-11	0.905894
2.23117e-11	0.906051
2.23131e-11	0.906207
2.23144e-11	0.906364
2.23158e-11	0.90652
2.23171e-11	0.906677
2.23185e-11	0.906833
2.23198e-11	0.906989
2.23212e-11	0.907145
2.23226e-11	0.907301
2.23239e-11	0.907457
2.23253e-11	0.907613
2.23266e-11	0.907768
2.2328e-11	0.907924
2.23293e-11	0.908079
2.23307e-11	0.908234
2.2332e-11	0.90839
2.23334e-11	0.908545
2.23347e-11	0.908699
2.23361e-11	0.908854
2.23374e-11	0.909009
2.23388e-11	0.909163
2.23401e-11	0.909318
2.23415e-11	0.909472
2.23428e-11	0.909626
2.23442e-11	0.90978
2.23455e-11	0.909934
2.23469e-11	0.910088
2.23483e-11	0.910242
2.23496e-11	0.910396
2.2351e-11	0.910549
2.23523e-11	0.910702
2.23537e-11	0.910856
2.2355e-11	0.911009
2.23564e-11	0.911162
2.23577e-11	0.911315
2.23591e-11	0.911468
2.23604e-11	0.91162
2.23618e-11	0.911773
2.23631e-11	0.911925
2.23645e-11	0.912078
2.23658e-11	0.91223
2.23672e-11	0.912382
2.23685e-11	0.912534
2.23699e-11	0.912686
2.23712e-11	0.912837
2.23726e-11	0.912989
2.2374e-11	0.91314
2.23753e-11	0.913292
2.23767e-11	0.913443
2.2378e-11	0.913594
2.23794e-11	0.913745
2.23807e-11	0.913896
2.23821e-11	0.914047
2.23834e-11	0.914198
2.23848e-11	0.914348
2.23861e-11	0.914499
2.23875e-11	0.914649
2.23888e-11	0.914799
2.23902e-11	0.914949
2.23915e-11	0.915099
2.23929e-11	0.915249
2.23942e-11	0.915399
2.23956e-11	0.915548
2.23969e-11	0.915698
2.23983e-11	0.915847
2.23997e-11	0.915996
2.2401e-11	0.916146
2.24024e-11	0.916295
2.24037e-11	0.916443
2.24051e-11	0.916592
2.24064e-11	0.916741
2.24078e-11	0.916889
2.24091e-11	0.917038
2.24105e-11	0.917186
2.24118e-11	0.917334
2.24132e-11	0.917482
2.24145e-11	0.91763
2.24159e-11	0.917778
2.24172e-11	0.917926
2.24186e-11	0.918073
2.24199e-11	0.918221
2.24213e-11	0.918368
2.24226e-11	0.918515
2.2424e-11	0.918662
2.24254e-11	0.918809
2.24267e-11	0.918956
2.24281e-11	0.919103
2.24294e-11	0.91925
2.24308e-11	0.919396
2.24321e-11	0.919543
2.24335e-11	0.919689
2.24348e-11	0.919835
2.24362e-11	0.919981
2.24375e-11	0.920127
2.24389e-11	0.920273
2.24402e-11	0.920418
2.24416e-11	0.920564
2.24429e-11	0.920709
2.24443e-11	0.920855
2.24456e-11	0.921
2.2447e-11	0.921145
2.24484e-11	0.92129
2.24497e-11	0.921435
2.24511e-11	0.921579
2.24524e-11	0.921724
2.24538e-11	0.921868
2.24551e-11	0.922013
2.24565e-11	0.922157
2.24578e-11	0.922301
2.24592e-11	0.922445
2.24605e-11	0.922589
2.24619e-11	0.922733
2.24632e-11	0.922876
2.24646e-11	0.92302
2.24659e-11	0.923163
2.24673e-11	0.923306
2.24686e-11	0.923449
2.247e-11	0.923592
2.24713e-11	0.923735
2.24727e-11	0.923878
2.24741e-11	0.924021
2.24754e-11	0.924163
2.24768e-11	0.924306
2.24781e-11	0.924448
2.24795e-11	0.92459
2.24808e-11	0.924732
2.24822e-11	0.924874
2.24835e-11	0.925016
2.24849e-11	0.925157
2.24862e-11	0.925299
2.24876e-11	0.92544
2.24889e-11	0.925582
2.24903e-11	0.925723
2.24916e-11	0.925864
2.2493e-11	0.926005
2.24943e-11	0.926146
2.24957e-11	0.926286
2.2497e-11	0.926427
2.24984e-11	0.926567
2.24998e-11	0.926708
2.25011e-11	0.926848
2.25025e-11	0.926988
2.25038e-11	0.927128
2.25052e-11	0.927268
2.25065e-11	0.927408
2.25079e-11	0.927547
2.25092e-11	0.927687
2.25106e-11	0.927826
2.25119e-11	0.927965
2.25133e-11	0.928104
2.25146e-11	0.928243
2.2516e-11	0.928382
2.25173e-11	0.928521
2.25187e-11	0.928659
2.252e-11	0.928798
2.25214e-11	0.928936
2.25227e-11	0.929075
2.25241e-11	0.929213
2.25255e-11	0.929351
2.25268e-11	0.929488
2.25282e-11	0.929626
2.25295e-11	0.929764
2.25309e-11	0.929901
2.25322e-11	0.930039
2.25336e-11	0.930176
2.25349e-11	0.930313
2.25363e-11	0.93045
2.25376e-11	0.930587
2.2539e-11	0.930724
2.25403e-11	0.93086
2.25417e-11	0.930997
2.2543e-11	0.931133
2.25444e-11	0.93127
2.25457e-11	0.931406
2.25471e-11	0.931542
2.25484e-11	0.931678
2.25498e-11	0.931813
2.25512e-11	0.931949
2.25525e-11	0.932085
2.25539e-11	0.93222
2.25552e-11	0.932355
2.25566e-11	0.93249
2.25579e-11	0.932625
2.25593e-11	0.93276
2.25606e-11	0.932895
2.2562e-11	0.93303
2.25633e-11	0.933164
2.25647e-11	0.933299
2.2566e-11	0.933433
2.25674e-11	0.933567
2.25687e-11	0.933701
2.25701e-11	0.933835
2.25714e-11	0.933969
2.25728e-11	0.934103
2.25741e-11	0.934236
2.25755e-11	0.93437
2.25769e-11	0.934503
2.25782e-11	0.934636
2.25796e-11	0.934769
2.25809e-11	0.934902
2.25823e-11	0.935035
2.25836e-11	0.935167
2.2585e-11	0.9353
2.25863e-11	0.935432
2.25877e-11	0.935565
2.2589e-11	0.935697
2.25904e-11	0.935829
2.25917e-11	0.935961
2.25931e-11	0.936092
2.25944e-11	0.936224
2.25958e-11	0.936356
2.25971e-11	0.936487
2.25985e-11	0.936618
2.25998e-11	0.93675
2.26012e-11	0.936881
2.26026e-11	0.937011
2.26039e-11	0.937142
2.26053e-11	0.937273
2.26066e-11	0.937403
2.2608e-11	0.937534
2.26093e-11	0.937664
2.26107e-11	0.937794
2.2612e-11	0.937924
2.26134e-11	0.938054
2.26147e-11	0.938184
2.26161e-11	0.938314
2.26174e-11	0.938443
2.26188e-11	0.938573
2.26201e-11	0.938702
2.26215e-11	0.938831
2.26228e-11	0.93896
2.26242e-11	0.939089
2.26255e-11	0.939218
2.26269e-11	0.939346
2.26283e-11	0.939475
2.26296e-11	0.939603
2.2631e-11	0.939731
2.26323e-11	0.93986
2.26337e-11	0.939988
2.2635e-11	0.940115
2.26364e-11	0.940243
2.26377e-11	0.940371
2.26391e-11	0.940498
2.26404e-11	0.940626
2.26418e-11	0.940753
2.26431e-11	0.94088
2.26445e-11	0.941007
2.26458e-11	0.941134
2.26472e-11	0.941261
2.26485e-11	0.941387
2.26499e-11	0.941514
2.26512e-11	0.94164
2.26526e-11	0.941766
2.2654e-11	0.941892
2.26553e-11	0.942018
2.26567e-11	0.942144
2.2658e-11	0.94227
2.26594e-11	0.942396
2.26607e-11	0.942521
2.26621e-11	0.942646
2.26634e-11	0.942772
2.26648e-11	0.942897
2.26661e-11	0.943022
2.26675e-11	0.943146
2.26688e-11	0.943271
2.26702e-11	0.943396
2.26715e-11	0.94352
2.26729e-11	0.943644
2.26742e-11	0.943769
2.26756e-11	0.943893
2.26769e-11	0.944017
2.26783e-11	0.94414
2.26797e-11	0.944264
2.2681e-11	0.944388
2.26824e-11	0.944511
2.26837e-11	0.944634
2.26851e-11	0.944758
2.26864e-11	0.944881
2.26878e-11	0.945004
2.26891e-11	0.945126
2.26905e-11	0.945249
2.26918e-11	0.945372
2.26932e-11	0.945494
2.26945e-11	0.945616
2.26959e-11	0.945738
2.26972e-11	0.94586
2.26986e-11	0.945982
2.26999e-11	0.946104
2.27013e-11	0.946226
2.27026e-11	0.946347
2.2704e-11	0.946468
2.27054e-11	0.94659
2.27067e-11	0.946711
2.27081e-11	0.946832
2.27094e-11	0.946953
2.27108e-11	0.947073
2.27121e-11	0.947194
2.27135e-11	0.947315
2.27148e-11	0.947435
2.27162e-11	0.947555
2.27175e-11	0.947675
2.27189e-11	0.947795
2.27202e-11	0.947915
2.27216e-11	0.948035
2.27229e-11	0.948154
2.27243e-11	0.948274
2.27256e-11	0.948393
2.2727e-11	0.948512
2.27283e-11	0.948631
2.27297e-11	0.94875
2.27311e-11	0.948869
2.27324e-11	0.948987
2.27338e-11	0.949106
2.27351e-11	0.949224
2.27365e-11	0.949343
2.27378e-11	0.949461
2.27392e-11	0.949579
2.27405e-11	0.949697
2.27419e-11	0.949814
2.27432e-11	0.949932
2.27446e-11	0.95005
2.27459e-11	0.950167
2.27473e-11	0.950284
2.27486e-11	0.950401
2.275e-11	0.950518
2.27513e-11	0.950635
2.27527e-11	0.950752
2.2754e-11	0.950868
2.27554e-11	0.950985
2.27568e-11	0.951101
2.27581e-11	0.951217
2.27595e-11	0.951333
2.27608e-11	0.951449
2.27622e-11	0.951565
2.27635e-11	0.951681
2.27649e-11	0.951796
2.27662e-11	0.951912
2.27676e-11	0.952027
2.27689e-11	0.952142
2.27703e-11	0.952257
2.27716e-11	0.952372
2.2773e-11	0.952487
2.27743e-11	0.952602
2.27757e-11	0.952716
2.2777e-11	0.95283
2.27784e-11	0.952945
2.27797e-11	0.953059
2.27811e-11	0.953173
2.27825e-11	0.953287
2.27838e-11	0.9534
2.27852e-11	0.953514
2.27865e-11	0.953627
2.27879e-11	0.953741
2.27892e-11	0.953854
2.27906e-11	0.953967
2.27919e-11	0.95408
2.27933e-11	0.954193
2.27946e-11	0.954305
2.2796e-11	0.954418
2.27973e-11	0.95453
2.27987e-11	0.954642
2.28e-11	0.954755
2.28014e-11	0.954867
2.28027e-11	0.954978
2.28041e-11	0.95509
2.28054e-11	0.955202
2.28068e-11	0.955313
2.28082e-11	0.955425
2.28095e-11	0.955536
2.28109e-11	0.955647
2.28122e-11	0.955758
2.28136e-11	0.955869
2.28149e-11	0.955979
2.28163e-11	0.95609
2.28176e-11	0.9562
2.2819e-11	0.956311
2.28203e-11	0.956421
2.28217e-11	0.956531
2.2823e-11	0.956641
2.28244e-11	0.956751
2.28257e-11	0.95686
2.28271e-11	0.95697
2.28284e-11	0.957079
2.28298e-11	0.957188
2.28311e-11	0.957297
2.28325e-11	0.957406
2.28339e-11	0.957515
2.28352e-11	0.957624
2.28366e-11	0.957733
2.28379e-11	0.957841
2.28393e-11	0.957949
2.28406e-11	0.958058
2.2842e-11	0.958166
2.28433e-11	0.958273
2.28447e-11	0.958381
2.2846e-11	0.958489
2.28474e-11	0.958596
2.28487e-11	0.958704
2.28501e-11	0.958811
2.28514e-11	0.958918
2.28528e-11	0.959025
2.28541e-11	0.959132
2.28555e-11	0.959239
2.28568e-11	0.959345
2.28582e-11	0.959452
2.28596e-11	0.959558
2.28609e-11	0.959664
2.28623e-11	0.95977
2.28636e-11	0.959876
2.2865e-11	0.959982
2.28663e-11	0.960088
2.28677e-11	0.960193
2.2869e-11	0.960299
2.28704e-11	0.960404
2.28717e-11	0.960509
2.28731e-11	0.960614
2.28744e-11	0.960719
2.28758e-11	0.960824
2.28771e-11	0.960928
2.28785e-11	0.961033
2.28798e-11	0.961137
2.28812e-11	0.961241
2.28825e-11	0.961345
2.28839e-11	0.961449
2.28853e-11	0.961553
2.28866e-11	0.961657
2.2888e-11	0.96176
2.28893e-11	0.961864
2.28907e-11	0.961967
2.2892e-11	0.96207
2.28934e-11	0.962173
2.28947e-11	0.962276
2.28961e-11	0.962379
2.28974e-11	0.962481
2.28988e-11	0.962584
2.29001e-11	0.962686
2.29015e-11	0.962788
2.29028e-11	0.96289
2.29042e-11	0.962992
2.29055e-11	0.963094
2.29069e-11	0.963195
2.29082e-11	0.963297
2.29096e-11	0.963398
2.2911e-11	0.9635
2.29123e-11	0.963601
2.29137e-11	0.963702
2.2915e-11	0.963803
2.29164e-11	0.963903
2.29177e-11	0.964004
2.29191e-11	0.964104
2.29204e-11	0.964205
2.29218e-11	0.964305
2.29231e-11	0.964405
2.29245e-11	0.964505
2.29258e-11	0.964604
2.29272e-11	0.964704
2.29285e-11	0.964804
2.29299e-11	0.964903
2.29312e-11	0.965002
2.29326e-11	0.965101
2.29339e-11	0.9652
2.29353e-11	0.965299
2.29367e-11	0.965398
2.2938e-11	0.965496
2.29394e-11	0.965595
2.29407e-11	0.965693
2.29421e-11	0.965791
2.29434e-11	0.965889
2.29448e-11	0.965987
2.29461e-11	0.966085
2.29475e-11	0.966182
2.29488e-11	0.96628
2.29502e-11	0.966377
2.29515e-11	0.966474
2.29529e-11	0.966572
2.29542e-11	0.966668
2.29556e-11	0.966765
2.29569e-11	0.966862
2.29583e-11	0.966958
2.29596e-11	0.967055
2.2961e-11	0.967151
2.29624e-11	0.967247
2.29637e-11	0.967343
2.29651e-11	0.967439
2.29664e-11	0.967535
2.29678e-11	0.96763
2.29691e-11	0.967726
2.29705e-11	0.967821
2.29718e-11	0.967916
2.29732e-11	0.968011
2.29745e-11	0.968106
2.29759e-11	0.968201
2.29772e-11	0.968296
2.29786e-11	0.96839
2.29799e-11	0.968485
2.29813e-11	0.968579
2.29826e-11	0.968673
2.2984e-11	0.968767
2.29853e-11	0.968861
2.29867e-11	0.968954
2.29881e-11	0.969048
2.29894e-11	0.969141
2.29908e-11	0.969235
2.29921e-11	0.969328
2.29935e-11	0.969421
2.29948e-11	0.969514
2.29962e-11	0.969606
2.29975e-11	0.969699
2.29989e-11	0.969791
2.30002e-11	0.969884
2.30016e-11	0.969976
2.30029e-11	0.970068
2.30043e-11	0.97016
2.30056e-11	0.970252
2.3007e-11	0.970343
2.30083e-11	0.970435
2.30097e-11	0.970526
2.3011e-11	0.970617
2.30124e-11	0.970708
2.30138e-11	0.970799
2.30151e-11	0.97089
2.30165e-11	0.970981
2.30178e-11	0.971071
2.30192e-11	0.971162
2.30205e-11	0.971252
2.30219e-11	0.971342
2.30232e-11	0.971432
2.30246e-11	0.971522
2.30259e-11	0.971612
2.30273e-11	0.971701
2.30286e-11	0.971791
2.303e-11	0.97188
2.30313e-11	0.971969
2.30327e-11	0.972058
2.3034e-11	0.972147
2.30354e-11	0.972236
2.30367e-11	0.972325
2.30381e-11	0.972413
2.30395e-11	0.972501
2.30408e-11	0.97259
2.30422e-11	0.972678
2.30435e-11	0.972766
2.30449e-11	0.972853
2.30462e-11	0.972941
2.30476e-11	0.973029
2.30489e-11	0.973116
2.30503e-11	0.973203
2.30516e-11	0.97329
2.3053e-11	0.973377
2.30543e-11	0.973464
2.30557e-11	0.973551
2.3057e-11	0.973638
2.30584e-11	0.973724
2.30597e-11	0.97381
2.30611e-11	0.973896
2.30624e-11	0.973982
2.30638e-11	0.974068
2.30652e-11	0.974154
2.30665e-11	0.97424
2.30679e-11	0.974325
2.30692e-11	0.97441
2.30706e-11	0.974496
2.30719e-11	0.974581
2.30733e-11	0.974666
2.30746e-11	0.97475
2.3076e-11	0.974835
2.30773e-11	0.97492
2.30787e-11	0.975004
2.308e-11	0.975088
2.30814e-11	0.975172
2.30827e-11	0.975256
2.30841e-11	0.97534
2.30854e-11	0.975424
2.30868e-11	0.975507
2.30881e-11	0.975591
2.30895e-11	0.975674
2.30909e-11	0.975757
2.30922e-11	0.97584
2.30936e-11	0.975923
2.30949e-11	0.976005
2.30963e-11	0.976088
2.30976e-11	0.97617
2.3099e-11	0.976253
2.31003e-11	0.976335
2.31017e-11	0.976417
2.3103e-11	0.976499
2.31044e-11	0.976581
2.31057e-11	0.976662
2.31071e-11	0.976744
2.31084e-11	0.976825
2.31098e-11	0.976906
2.31111e-11	0.976987
2.31125e-11	0.977068
2.31138e-11	0.977149
2.31152e-11	0.977229
2.31166e-11	0.97731
2.31179e-11	0.97739
2.31193e-11	0.977471
2.31206e-11	0.977551
2.3122e-11	0.977631
2.31233e-11	0.97771
2.31247e-11	0.97779
2.3126e-11	0.97787
2.31274e-11	0.977949
2.31287e-11	0.978028
2.31301e-11	0.978107
2.31314e-11	0.978186
2.31328e-11	0.978265
2.31341e-11	0.978344
2.31355e-11	0.978422
2.31368e-11	0.978501
2.31382e-11	0.978579
2.31395e-11	0.978657
2.31409e-11	0.978735
2.31423e-11	0.978813
2.31436e-11	0.978891
2.3145e-11	0.978968
2.31463e-11	0.979046
2.31477e-11	0.979123
2.3149e-11	0.9792
2.31504e-11	0.979277
2.31517e-11	0.979354
2.31531e-11	0.979431
2.31544e-11	0.979507
2.31558e-11	0.979584
2.31571e-11	0.97966
2.31585e-11	0.979736
2.31598e-11	0.979812
2.31612e-11	0.979888
2.31625e-11	0.979964
2.31639e-11	0.980039
2.31652e-11	0.980115
2.31666e-11	0.98019
2.3168e-11	0.980265
2.31693e-11	0.980341
2.31707e-11	0.980415
2.3172e-11	0.98049
2.31734e-11	0.980565
2.31747e-11	0.980639
2.31761e-11	0.980714
2.31774e-11	0.980788
2.31788e-11	0.980862
2.31801e-11	0.980936
2.31815e-11	0.98101
2.31828e-11	0.981083
2.31842e-11	0.981157
2.31855e-11	0.98123
2.31869e-11	0.981304
2.31882e-11	0.981377
2.31896e-11	0.98145
2.31909e-11	0.981522
2.31923e-11	0.981595
2.31937e-11	0.981668
2.3195e-11	0.98174
2.31964e-11	0.981812
2.31977e-11	0.981884
2.31991e-11	0.981956
2.32004e-11	0.982028
2.32018e-11	0.9821
2.32031e-11	0.982171
2.32045e-11	0.982243
2.32058e-11	0.982314
2.32072e-11	0.982385
2.32085e-11	0.982456
2.32099e-11	0.982527
2.32112e-11	0.982598
2.32126e-11	0.982668
2.32139e-11	0.982739
2.32153e-11	0.982809
2.32166e-11	0.982879
2.3218e-11	0.982949
2.32194e-11	0.983019
2.32207e-11	0.983089
2.32221e-11	0.983159
2.32234e-11	0.983228
2.32248e-11	0.983297
2.32261e-11	0.983366
2.32275e-11	0.983435
2.32288e-11	0.983504
2.32302e-11	0.983573
2.32315e-11	0.983642
2.32329e-11	0.98371
2.32342e-11	0.983778
2.32356e-11	0.983847
2.32369e-11	0.983915
2.32383e-11	0.983983
2.32396e-11	0.98405
2.3241e-11	0.984118
2.32423e-11	0.984185
2.32437e-11	0.984253
2.32451e-11	0.98432
2.32464e-11	0.984387
2.32478e-11	0.984454
2.32491e-11	0.984521
2.32505e-11	0.984587
2.32518e-11	0.984654
2.32532e-11	0.98472
2.32545e-11	0.984786
2.32559e-11	0.984852
2.32572e-11	0.984918
2.32586e-11	0.984984
2.32599e-11	0.98505
2.32613e-11	0.985115
2.32626e-11	0.985181
2.3264e-11	0.985246
2.32653e-11	0.985311
2.32667e-11	0.985376
2.3268e-11	0.985441
2.32694e-11	0.985505
2.32708e-11	0.98557
2.32721e-11	0.985634
2.32735e-11	0.985698
2.32748e-11	0.985762
2.32762e-11	0.985826
2.32775e-11	0.98589
2.32789e-11	0.985954
2.32802e-11	0.986017
2.32816e-11	0.986081
2.32829e-11	0.986144
2.32843e-11	0.986207
2.32856e-11	0.98627
2.3287e-11	0.986333
2.32883e-11	0.986396
2.32897e-11	0.986458
2.3291e-11	0.98652
2.32924e-11	0.986583
2.32937e-11	0.986645
2.32951e-11	0.986707
2.32965e-11	0.986769
2.32978e-11	0.98683
2.32992e-11	0.986892
2.33005e-11	0.986953
2.33019e-11	0.987014
2.33032e-11	0.987076
2.33046e-11	0.987137
2.33059e-11	0.987197
2.33073e-11	0.987258
2.33086e-11	0.987319
2.331e-11	0.987379
2.33113e-11	0.987439
2.33127e-11	0.987499
2.3314e-11	0.987559
2.33154e-11	0.987619
2.33167e-11	0.987679
2.33181e-11	0.987738
2.33194e-11	0.987798
2.33208e-11	0.987857
2.33222e-11	0.987916
2.33235e-11	0.987975
2.33249e-11	0.988034
2.33262e-11	0.988093
2.33276e-11	0.988151
2.33289e-11	0.98821
2.33303e-11	0.988268
2.33316e-11	0.988326
2.3333e-11	0.988384
2.33343e-11	0.988442
2.33357e-11	0.9885
2.3337e-11	0.988557
2.33384e-11	0.988614
2.33397e-11	0.988672
2.33411e-11	0.988729
2.33424e-11	0.988786
2.33438e-11	0.988843
2.33451e-11	0.988899
2.33465e-11	0.988956
2.33479e-11	0.989012
2.33492e-11	0.989069
2.33506e-11	0.989125
2.33519e-11	0.989181
2.33533e-11	0.989237
2.33546e-11	0.989292
2.3356e-11	0.989348
2.33573e-11	0.989403
2.33587e-11	0.989459
2.336e-11	0.989514
2.33614e-11	0.989569
2.33627e-11	0.989623
2.33641e-11	0.989678
2.33654e-11	0.989733
2.33668e-11	0.989787
2.33681e-11	0.989841
2.33695e-11	0.989896
2.33708e-11	0.98995
2.33722e-11	0.990003
2.33736e-11	0.990057
2.33749e-11	0.990111
2.33763e-11	0.990164
2.33776e-11	0.990217
2.3379e-11	0.99027
2.33803e-11	0.990323
2.33817e-11	0.990376
2.3383e-11	0.990429
2.33844e-11	0.990481
2.33857e-11	0.990534
2.33871e-11	0.990586
2.33884e-11	0.990638
2.33898e-11	0.99069
2.33911e-11	0.990742
2.33925e-11	0.990794
2.33938e-11	0.990845
2.33952e-11	0.990897
2.33965e-11	0.990948
2.33979e-11	0.990999
2.33993e-11	0.99105
2.34006e-11	0.991101
2.3402e-11	0.991152
2.34033e-11	0.991202
2.34047e-11	0.991253
2.3406e-11	0.991303
2.34074e-11	0.991353
2.34087e-11	0.991403
2.34101e-11	0.991453
2.34114e-11	0.991503
2.34128e-11	0.991552
2.34141e-11	0.991601
2.34155e-11	0.991651
2.34168e-11	0.9917
2.34182e-11	0.991749
2.34195e-11	0.991798
2.34209e-11	0.991846
2.34222e-11	0.991895
2.34236e-11	0.991943
2.3425e-11	0.991992
2.34263e-11	0.99204
2.34277e-11	0.992088
2.3429e-11	0.992135
2.34304e-11	0.992183
2.34317e-11	0.992231
2.34331e-11	0.992278
2.34344e-11	0.992325
2.34358e-11	0.992372
2.34371e-11	0.992419
2.34385e-11	0.992466
2.34398e-11	0.992513
2.34412e-11	0.992559
2.34425e-11	0.992606
2.34439e-11	0.992652
2.34452e-11	0.992698
2.34466e-11	0.992744
2.34479e-11	0.99279
2.34493e-11	0.992836
2.34507e-11	0.992881
2.3452e-11	0.992926
2.34534e-11	0.992972
2.34547e-11	0.993017
2.34561e-11	0.993062
2.34574e-11	0.993106
2.34588e-11	0.993151
2.34601e-11	0.993196
2.34615e-11	0.99324
2.34628e-11	0.993284
2.34642e-11	0.993328
2.34655e-11	0.993372
2.34669e-11	0.993416
2.34682e-11	0.99346
2.34696e-11	0.993503
2.34709e-11	0.993547
2.34723e-11	0.99359
2.34736e-11	0.993633
2.3475e-11	0.993676
2.34764e-11	0.993719
2.34777e-11	0.993761
2.34791e-11	0.993804
2.34804e-11	0.993846
2.34818e-11	0.993888
2.34831e-11	0.99393
2.34845e-11	0.993972
2.34858e-11	0.994014
2.34872e-11	0.994056
2.34885e-11	0.994097
2.34899e-11	0.994139
2.34912e-11	0.99418
2.34926e-11	0.994221
2.34939e-11	0.994262
2.34953e-11	0.994302
2.34966e-11	0.994343
2.3498e-11	0.994384
2.34993e-11	0.994424
2.35007e-11	0.994464
2.35021e-11	0.994504
2.35034e-11	0.994544
2.35048e-11	0.994584
2.35061e-11	0.994623
2.35075e-11	0.994663
2.35088e-11	0.994702
2.35102e-11	0.994741
2.35115e-11	0.99478
2.35129e-11	0.994819
2.35142e-11	0.994858
2.35156e-11	0.994897
2.35169e-11	0.994935
2.35183e-11	0.994973
2.35196e-11	0.995012
2.3521e-11	0.99505
2.35223e-11	0.995087
2.35237e-11	0.995125
2.3525e-11	0.995163
2.35264e-11	0.9952
2.35278e-11	0.995237
2.35291e-11	0.995275
2.35305e-11	0.995312
2.35318e-11	0.995349
2.35332e-11	0.995385
2.35345e-11	0.995422
2.35359e-11	0.995458
2.35372e-11	0.995494
2.35386e-11	0.995531
2.35399e-11	0.995567
2.35413e-11	0.995602
2.35426e-11	0.995638
2.3544e-11	0.995674
2.35453e-11	0.995709
2.35467e-11	0.995744
2.3548e-11	0.99578
2.35494e-11	0.995815
2.35507e-11	0.995849
2.35521e-11	0.995884
2.35535e-11	0.995919
2.35548e-11	0.995953
2.35562e-11	0.995987
2.35575e-11	0.996021
2.35589e-11	0.996055
2.35602e-11	0.996089
2.35616e-11	0.996123
2.35629e-11	0.996156
2.35643e-11	0.99619
2.35656e-11	0.996223
2.3567e-11	0.996256
2.35683e-11	0.996289
2.35697e-11	0.996322
2.3571e-11	0.996355
2.35724e-11	0.996387
2.35737e-11	0.996419
2.35751e-11	0.996452
2.35764e-11	0.996484
2.35778e-11	0.996516
2.35792e-11	0.996547
2.35805e-11	0.996579
2.35819e-11	0.996611
2.35832e-11	0.996642
2.35846e-11	0.996673
2.35859e-11	0.996704
2.35873e-11	0.996735
2.35886e-11	0.996766
2.359e-11	0.996797
2.35913e-11	0.996827
2.35927e-11	0.996857
2.3594e-11	0.996888
2.35954e-11	0.996918
2.35967e-11	0.996948
2.35981e-11	0.996977
2.35994e-11	0.997007
2.36008e-11	0.997036
2.36021e-11	0.997066
2.36035e-11	0.997095
2.36049e-11	0.997124
2.36062e-11	0.997153
2.36076e-11	0.997182
2.36089e-11	0.99721
2.36103e-11	0.997239
2.36116e-11	0.997267
2.3613e-11	0.997295
2.36143e-11	0.997323
2.36157e-11	0.997351
2.3617e-11	0.997379
2.36184e-11	0.997406
2.36197e-11	0.997434
2.36211e-11	0.997461
2.36224e-11	0.997488
2.36238e-11	0.997515
2.36251e-11	0.997542
2.36265e-11	0.997569
2.36278e-11	0.997595
2.36292e-11	0.997622
2.36306e-11	0.997648
2.36319e-11	0.997674
2.36333e-11	0.9977
2.36346e-11	0.997726
2.3636e-11	0.997751
2.36373e-11	0.997777
2.36387e-11	0.997802
2.364e-11	0.997828
2.36414e-11	0.997853
2.36427e-11	0.997878
2.36441e-11	0.997903
2.36454e-11	0.997927
2.36468e-11	0.997952
2.36481e-11	0.997976
2.36495e-11	0.998
2.36508e-11	0.998024
2.36522e-11	0.998048
2.36535e-11	0.998072
2.36549e-11	0.998096
2.36563e-11	0.998119
2.36576e-11	0.998143
2.3659e-11	0.998166
2.36603e-11	0.998189
2.36617e-11	0.998212
2.3663e-11	0.998235
2.36644e-11	0.998257
2.36657e-11	0.99828
2.36671e-11	0.998302
2.36684e-11	0.998324
2.36698e-11	0.998346
2.36711e-11	0.998368
2.36725e-11	0.99839
2.36738e-11	0.998412
2.36752e-11	0.998433
2.36765e-11	0.998454
2.36779e-11	0.998476
2.36792e-11	0.998497
2.36806e-11	0.998517
2.3682e-11	0.998538
2.36833e-11	0.998559
2.36847e-11	0.998579
2.3686e-11	0.9986
2.36874e-11	0.99862
2.36887e-11	0.99864
2.36901e-11	0.99866
2.36914e-11	0.998679
2.36928e-11	0.998699
2.36941e-11	0.998718
2.36955e-11	0.998738
2.36968e-11	0.998757
2.36982e-11	0.998776
2.36995e-11	0.998794
2.37009e-11	0.998813
2.37022e-11	0.998832
2.37036e-11	0.99885
2.37049e-11	0.998868
2.37063e-11	0.998887
2.37077e-11	0.998904
2.3709e-11	0.998922
2.37104e-11	0.99894
2.37117e-11	0.998957
2.37131e-11	0.998975
2.37144e-11	0.998992
2.37158e-11	0.999009
2.37171e-11	0.999026
2.37185e-11	0.999043
2.37198e-11	0.99906
2.37212e-11	0.999076
2.37225e-11	0.999092
2.37239e-11	0.999109
2.37252e-11	0.999125
2.37266e-11	0.999141
2.37279e-11	0.999156
2.37293e-11	0.999172
2.37306e-11	0.999188
2.3732e-11	0.999203
2.37334e-11	0.999218
2.37347e-11	0.999233
2.37361e-11	0.999248
2.37374e-11	0.999263
2.37388e-11	0.999277
2.37401e-11	0.999292
2.37415e-11	0.999306
2.37428e-11	0.99932
2.37442e-11	0.999334
2.37455e-11	0.999348
2.37469e-11	0.999362
2.37482e-11	0.999376
2.37496e-11	0.999389
2.37509e-11	0.999402
2.37523e-11	0.999415
2.37536e-11	0.999428
2.3755e-11	0.999441
2.37563e-11	0.999454
2.37577e-11	0.999466
2.37591e-11	0.999479
2.37604e-11	0.999491
2.37618e-11	0.999503
2.37631e-11	0.999515
2.37645e-11	0.999527
2.37658e-11	0.999539
2.37672e-11	0.99955
2.37685e-11	0.999562
2.37699e-11	0.999573
2.37712e-11	0.999584
2.37726e-11	0.999595
2.37739e-11	0.999606
2.37753e-11	0.999617
2.37766e-11	0.999627
2.3778e-11	0.999637
2.37793e-11	0.999648
2.37807e-11	0.999658
2.3782e-11	0.999668
2.37834e-11	0.999677
2.37848e-11	0.999687
2.37861e-11	0.999697
2.37875e-11	0.999706
2.37888e-11	0.999715
2.37902e-11	0.999724
2.37915e-11	0.999733
2.37929e-11	0.999742
2.37942e-11	0.99975
2.37956e-11	0.999759
2.37969e-11	0.999767
2.37983e-11	0.999775
2.37996e-11	0.999783
2.3801e-11	0.999791
2.38023e-11	0.999799
2.38037e-11	0.999807
2.3805e-11	0.999814
2.38064e-11	0.999821
2.38077e-11	0.999829
2.38091e-11	0.999836
2.38105e-11	0.999842
2.38118e-11	0.999849
2.38132e-11	0.999856
2.38145e-11	0.999862
2.38159e-11	0.999868
2.38172e-11	0.999875
2.38186e-11	0.999881
2.38199e-11	0.999886
2.38213e-11	0.999892
2.38226e-11	0.999898
2.3824e-11	0.999903
2.38253e-11	0.999908
2.38267e-11	0.999913
2.3828e-11	0.999918
2.38294e-11	0.999923
2.38307e-11	0.999928
2.38321e-11	0.999932
2.38334e-11	0.999937
2.38348e-11	0.999941
2.38362e-11	0.999945
2.38375e-11	0.999949
2.38389e-11	0.999953
2.38402e-11	0.999956
2.38416e-11	0.99996
2.38429e-11	0.999963
2.38443e-11	0.999966
2.38456e-11	0.999969
2.3847e-11	0.999972
2.38483e-11	0.999975
2.38497e-11	0.999978
2.3851e-11	0.99998
2.38524e-11	0.999983
2.38537e-11	0.999985
2.38551e-11	0.999987
2.38564e-11	0.999989
2.38578e-11	0.99999
2.38591e-11	0.999992
2.38605e-11	0.999994
2.38619e-11	0.999995
2.38632e-11	0.999996
2.38646e-11	0.999997
2.38659e-11	0.999998
2.38673e-11	0.999999
2.38686e-11	0.999999
2.387e-11	1
2.38713e-11	1
2.38727e-11	1
2.3874e-11	1
2.38754e-11	1
2.38767e-11	1
2.38781e-11	0.999999
2.38794e-11	0.999998
2.38808e-11	0.999998
2.38821e-11	0.999997
2.38835e-11	0.999996
2.38848e-11	0.999995
2.38862e-11	0.999993
2.38876e-11	0.999992
2.38889e-11	0.99999
2.38903e-11	0.999988
2.38916e-11	0.999987
2.3893e-11	0.999984
2.38943e-11	0.999982
2.38957e-11	0.99998
2.3897e-11	0.999977
2.38984e-11	0.999975
2.38997e-11	0.999972
2.39011e-11	0.999969
2.39024e-11	0.999966
2.39038e-11	0.999963
2.39051e-11	0.999959
2.39065e-11	0.999956
2.39078e-11	0.999952
2.39092e-11	0.999948
2.39105e-11	0.999944
2.39119e-11	0.99994
2.39133e-11	0.999936
2.39146e-11	0.999932
2.3916e-11	0.999927
2.39173e-11	0.999922
2.39187e-11	0.999918
2.392e-11	0.999913
2.39214e-11	0.999907
2.39227e-11	0.999902
2.39241e-11	0.999897
2.39254e-11	0.999891
2.39268e-11	0.999885
2.39281e-11	0.99988
2.39295e-11	0.999874
2.39308e-11	0.999867
2.39322e-11	0.999861
2.39335e-11	0.999855
2.39349e-11	0.999848
2.39362e-11	0.999841
2.39376e-11	0.999834
2.3939e-11	0.999827
2.39403e-11	0.99982
2.39417e-11	0.999813
2.3943e-11	0.999805
2.39444e-11	0.999798
2.39457e-11	0.99979
2.39471e-11	0.999782
2.39484e-11	0.999774
2.39498e-11	0.999766
2.39511e-11	0.999758
2.39525e-11	0.999749
2.39538e-11	0.99974
2.39552e-11	0.999732
2.39565e-11	0.999723
2.39579e-11	0.999714
2.39592e-11	0.999704
2.39606e-11	0.999695
2.39619e-11	0.999685
2.39633e-11	0.999676
2.39647e-11	0.999666
2.3966e-11	0.999656
2.39674e-11	0.999646
2.39687e-11	0.999636
2.39701e-11	0.999625
2.39714e-11	0.999615
2.39728e-11	0.999604
2.39741e-11	0.999593
2.39755e-11	0.999582
2.39768e-11	0.999571
2.39782e-11	0.99956
2.39795e-11	0.999548
2.39809e-11	0.999537
2.39822e-11	0.999525
2.39836e-11	0.999513
2.39849e-11	0.999501
2.39863e-11	0.999489
2.39877e-11	0.999477
2.3989e-11	0.999464
2.39904e-11	0.999452
2.39917e-11	0.999439
2.39931e-11	0.999426
2.39944e-11	0.999413
2.39958e-11	0.9994
2.39971e-11	0.999387
2.39985e-11	0.999373
2.39998e-11	0.99936
2.40012e-11	0.999346
2.40025e-11	0.999332
2.40039e-11	0.999318
2.40052e-11	0.999304
2.40066e-11	0.999289
2.40079e-11	0.999275
2.40093e-11	0.99926
2.40106e-11	0.999246
2.4012e-11	0.999231
2.40134e-11	0.999216
2.40147e-11	0.9992
2.40161e-11	0.999185
2.40174e-11	0.999169
2.40188e-11	0.999154
2.40201e-11	0.999138
2.40215e-11	0.999122
2.40228e-11	0.999106
2.40242e-11	0.99909
2.40255e-11	0.999073
2.40269e-11	0.999057
2.40282e-11	0.99904
2.40296e-11	0.999023
2.40309e-11	0.999006
2.40323e-11	0.998989
2.40336e-11	0.998972
2.4035e-11	0.998955
2.40363e-11	0.998937
2.40377e-11	0.998919
2.40391e-11	0.998902
2.40404e-11	0.998884
2.40418e-11	0.998865
2.40431e-11	0.998847
2.40445e-11	0.998829
2.40458e-11	0.99881
2.40472e-11	0.998791
2.40485e-11	0.998773
2.40499e-11	0.998754
2.40512e-11	0.998734
2.40526e-11	0.998715
2.40539e-11	0.998696
2.40553e-11	0.998676
2.40566e-11	0.998656
2.4058e-11	0.998636
2.40593e-11	0.998616
2.40607e-11	0.998596
2.4062e-11	0.998576
2.40634e-11	0.998555
2.40648e-11	0.998535
2.40661e-11	0.998514
2.40675e-11	0.998493
2.40688e-11	0.998472
2.40702e-11	0.998451
2.40715e-11	0.99843
2.40729e-11	0.998408
2.40742e-11	0.998386
2.40756e-11	0.998365
2.40769e-11	0.998343
2.40783e-11	0.998321
2.40796e-11	0.998298
2.4081e-11	0.998276
2.40823e-11	0.998254
2.40837e-11	0.998231
2.4085e-11	0.998208
2.40864e-11	0.998185
2.40877e-11	0.998162
2.40891e-11	0.998139
2.40905e-11	0.998115
2.40918e-11	0.998092
2.40932e-11	0.998068
2.40945e-11	0.998044
2.40959e-11	0.99802
2.40972e-11	0.997996
2.40986e-11	0.997972
2.40999e-11	0.997948
2.41013e-11	0.997923
2.41026e-11	0.997899
2.4104e-11	0.997874
2.41053e-11	0.997849
2.41067e-11	0.997824
2.4108e-11	0.997798
2.41094e-11	0.997773
2.41107e-11	0.997747
2.41121e-11	0.997722
2.41134e-11	0.997696
2.41148e-11	0.99767
2.41162e-11	0.997644
2.41175e-11	0.997617
2.41189e-11	0.997591
2.41202e-11	0.997564
2.41216e-11	0.997538
2.41229e-11	0.997511
2.41243e-11	0.997484
2.41256e-11	0.997456
2.4127e-11	0.997429
2.41283e-11	0.997402
2.41297e-11	0.997374
2.4131e-11	0.997346
2.41324e-11	0.997318
2.41337e-11	0.99729
2.41351e-11	0.997262
2.41364e-11	0.997234
2.41378e-11	0.997205
2.41391e-11	0.997177
2.41405e-11	0.997148
2.41419e-11	0.997119
2.41432e-11	0.99709
2.41446e-11	0.997061
2.41459e-11	0.997032
2.41473e-11	0.997002
2.41486e-11	0.996972
2.415e-11	0.996943
2.41513e-11	0.996913
2.41527e-11	0.996883
2.4154e-11	0.996852
2.41554e-11	0.996822
2.41567e-11	0.996792
2.41581e-11	0.996761
2.41594e-11	0.99673
2.41608e-11	0.996699
2.41621e-11	0.996668
2.41635e-11	0.996637
2.41648e-11	0.996605
2.41662e-11	0.996574
2.41676e-11	0.996542
2.41689e-11	0.99651
2.41703e-11	0.996478
2.41716e-11	0.996446
2.4173e-11	0.996414
2.41743e-11	0.996382
2.41757e-11	0.996349
2.4177e-11	0.996316
2.41784e-11	0.996284
2.41797e-11	0.996251
2.41811e-11	0.996218
2.41824e-11	0.996184
2.41838e-11	0.996151
2.41851e-11	0.996117
2.41865e-11	0.996084
2.41878e-11	0.99605
2.41892e-11	0.996016
2.41905e-11	0.995982
2.41919e-11	0.995947
2.41933e-11	0.995913
2.41946e-11	0.995878
2.4196e-11	0.995844
2.41973e-11	0.995809
2.41987e-11	0.995774
2.42e-11	0.995739
2.42014e-11	0.995703
2.42027e-11	0.995668
2.42041e-11	0.995632
2.42054e-11	0.995597
2.42068e-11	0.995561
2.42081e-11	0.995525
2.42095e-11	0.995489
2.42108e-11	0.995452
2.42122e-11	0.995416
2.42135e-11	0.995379
2.42149e-11	0.995342
2.42162e-11	0.995306
2.42176e-11	0.995269
2.4219e-11	0.995231
2.42203e-11	0.995194
2.42217e-11	0.995157
2.4223e-11	0.995119
2.42244e-11	0.995081
2.42257e-11	0.995043
2.42271e-11	0.995005
2.42284e-11	0.994967
2.42298e-11	0.994929
2.42311e-11	0.99489
2.42325e-11	0.994852
2.42338e-11	0.994813
2.42352e-11	0.994774
2.42365e-11	0.994735
2.42379e-11	0.994696
2.42392e-11	0.994656
2.42406e-11	0.994617
2.42419e-11	0.994577
2.42433e-11	0.994537
2.42447e-11	0.994498
2.4246e-11	0.994457
2.42474e-11	0.994417
2.42487e-11	0.994377
2.42501e-11	0.994336
2.42514e-11	0.994296
2.42528e-11	0.994255
2.42541e-11	0.994214
2.42555e-11	0.994173
2.42568e-11	0.994132
2.42582e-11	0.99409
2.42595e-11	0.994049
2.42609e-11	0.994007
2.42622e-11	0.993965
2.42636e-11	0.993923
2.42649e-11	0.993881
2.42663e-11	0.993839
2.42676e-11	0.993797
2.4269e-11	0.993754
2.42704e-11	0.993712
2.42717e-11	0.993669
2.42731e-11	0.993626
2.42744e-11	0.993583
2.42758e-11	0.99354
2.42771e-11	0.993496
2.42785e-11	0.993453
2.42798e-11	0.993409
2.42812e-11	0.993365
2.42825e-11	0.993321
2.42839e-11	0.993277
2.42852e-11	0.993233
2.42866e-11	0.993188
2.42879e-11	0.993144
2.42893e-11	0.993099
2.42906e-11	0.993054
2.4292e-11	0.993009
2.42933e-11	0.992964
2.42947e-11	0.992919
2.42961e-11	0.992874
2.42974e-11	0.992828
2.42988e-11	0.992782
2.43001e-11	0.992737
2.43015e-11	0.992691
2.43028e-11	0.992644
2.43042e-11	0.992598
2.43055e-11	0.992552
2.43069e-11	0.992505
2.43082e-11	0.992458
2.43096e-11	0.992412
2.43109e-11	0.992365
2.43123e-11	0.992318
2.43136e-11	0.99227
2.4315e-11	0.992223
2.43163e-11	0.992175
2.43177e-11	0.992128
2.4319e-11	0.99208
2.43204e-11	0.992032
2.43218e-11	0.991984
2.43231e-11	0.991935
2.43245e-11	0.991887
2.43258e-11	0.991838
2.43272e-11	0.99179
2.43285e-11	0.991741
2.43299e-11	0.991692
2.43312e-11	0.991643
2.43326e-11	0.991593
2.43339e-11	0.991544
2.43353e-11	0.991494
2.43366e-11	0.991445
2.4338e-11	0.991395
2.43393e-11	0.991345
2.43407e-11	0.991295
2.4342e-11	0.991244
2.43434e-11	0.991194
2.43447e-11	0.991143
2.43461e-11	0.991093
2.43475e-11	0.991042
2.43488e-11	0.990991
2.43502e-11	0.99094
2.43515e-11	0.990888
2.43529e-11	0.990837
2.43542e-11	0.990785
2.43556e-11	0.990734
2.43569e-11	0.990682
2.43583e-11	0.99063
2.43596e-11	0.990578
2.4361e-11	0.990525
2.43623e-11	0.990473
2.43637e-11	0.99042
2.4365e-11	0.990368
2.43664e-11	0.990315
2.43677e-11	0.990262
2.43691e-11	0.990209
2.43704e-11	0.990155
2.43718e-11	0.990102
2.43732e-11	0.990048
2.43745e-11	0.989995
2.43759e-11	0.989941
2.43772e-11	0.989887
2.43786e-11	0.989833
2.43799e-11	0.989778
2.43813e-11	0.989724
2.43826e-11	0.989669
2.4384e-11	0.989614
2.43853e-11	0.98956
2.43867e-11	0.989505
2.4388e-11	0.989449
2.43894e-11	0.989394
2.43907e-11	0.989339
2.43921e-11	0.989283
2.43934e-11	0.989227
2.43948e-11	0.989172
2.43961e-11	0.989116
2.43975e-11	0.989059
2.43989e-11	0.989003
2.44002e-11	0.988947
2.44016e-11	0.98889
2.44029e-11	0.988833
2.44043e-11	0.988777
2.44056e-11	0.98872
2.4407e-11	0.988662
2.44083e-11	0.988605
2.44097e-11	0.988548
2.4411e-11	0.98849
2.44124e-11	0.988432
2.44137e-11	0.988374
2.44151e-11	0.988316
2.44164e-11	0.988258
2.44178e-11	0.9882
2.44191e-11	0.988142
2.44205e-11	0.988083
2.44218e-11	0.988024
2.44232e-11	0.987965
2.44246e-11	0.987906
2.44259e-11	0.987847
2.44273e-11	0.987788
2.44286e-11	0.987729
2.443e-11	0.987669
2.44313e-11	0.987609
2.44327e-11	0.987549
2.4434e-11	0.98749
2.44354e-11	0.987429
2.44367e-11	0.987369
2.44381e-11	0.987309
2.44394e-11	0.987248
2.44408e-11	0.987187
2.44421e-11	0.987127
2.44435e-11	0.987066
2.44448e-11	0.987004
2.44462e-11	0.986943
2.44475e-11	0.986882
2.44489e-11	0.98682
2.44503e-11	0.986758
2.44516e-11	0.986697
2.4453e-11	0.986635
2.44543e-11	0.986573
2.44557e-11	0.98651
2.4457e-11	0.986448
2.44584e-11	0.986385
2.44597e-11	0.986323
2.44611e-11	0.98626
2.44624e-11	0.986197
2.44638e-11	0.986134
2.44651e-11	0.98607
2.44665e-11	0.986007
2.44678e-11	0.985943
2.44692e-11	0.98588
2.44705e-11	0.985816
2.44719e-11	0.985752
2.44732e-11	0.985688
2.44746e-11	0.985624
2.4476e-11	0.985559
2.44773e-11	0.985495
2.44787e-11	0.98543
2.448e-11	0.985365
2.44814e-11	0.9853
2.44827e-11	0.985235
2.44841e-11	0.98517
2.44854e-11	0.985105
2.44868e-11	0.985039
2.44881e-11	0.984973
2.44895e-11	0.984908
2.44908e-11	0.984842
2.44922e-11	0.984776
2.44935e-11	0.984709
2.44949e-11	0.984643
2.44962e-11	0.984576
2.44976e-11	0.98451
2.44989e-11	0.984443
2.45003e-11	0.984376
2.45017e-11	0.984309
2.4503e-11	0.984242
2.45044e-11	0.984174
2.45057e-11	0.984107
2.45071e-11	0.984039
2.45084e-11	0.983971
2.45098e-11	0.983904
2.45111e-11	0.983836
2.45125e-11	0.983767
2.45138e-11	0.983699
2.45152e-11	0.98363
2.45165e-11	0.983562
2.45179e-11	0.983493
2.45192e-11	0.983424
2.45206e-11	0.983355
2.45219e-11	0.983286
2.45233e-11	0.983217
2.45246e-11	0.983147
2.4526e-11	0.983078
2.45274e-11	0.983008
2.45287e-11	0.982938
2.45301e-11	0.982868
2.45314e-11	0.982798
2.45328e-11	0.982727
2.45341e-11	0.982657
2.45355e-11	0.982586
2.45368e-11	0.982516
2.45382e-11	0.982445
2.45395e-11	0.982374
2.45409e-11	0.982302
2.45422e-11	0.982231
2.45436e-11	0.98216
2.45449e-11	0.982088
2.45463e-11	0.982016
2.45476e-11	0.981945
2.4549e-11	0.981873
2.45503e-11	0.9818
2.45517e-11	0.981728
2.45531e-11	0.981656
2.45544e-11	0.981583
2.45558e-11	0.981511
2.45571e-11	0.981438
2.45585e-11	0.981365
2.45598e-11	0.981292
2.45612e-11	0.981218
2.45625e-11	0.981145
2.45639e-11	0.981071
2.45652e-11	0.980998
2.45666e-11	0.980924
2.45679e-11	0.98085
2.45693e-11	0.980776
2.45706e-11	0.980702
2.4572e-11	0.980627
2.45733e-11	0.980553
2.45747e-11	0.980478
2.4576e-11	0.980403
2.45774e-11	0.980328
2.45788e-11	0.980253
2.45801e-11	0.980178
2.45815e-11	0.980103
2.45828e-11	0.980027
2.45842e-11	0.979951
2.45855e-11	0.979876
2.45869e-11	0.9798
2.45882e-11	0.979724
2.45896e-11	0.979647
2.45909e-11	0.979571
2.45923e-11	0.979495
2.45936e-11	0.979418
2.4595e-11	0.979341
2.45963e-11	0.979264
2.45977e-11	0.979187
2.4599e-11	0.97911
2.46004e-11	0.979033
2.46017e-11	0.978955
2.46031e-11	0.978878
2.46045e-11	0.9788
2.46058e-11	0.978722
2.46072e-11	0.978644
2.46085e-11	0.978566
2.46099e-11	0.978488
2.46112e-11	0.978409
2.46126e-11	0.978331
2.46139e-11	0.978252
2.46153e-11	0.978173
2.46166e-11	0.978094
2.4618e-11	0.978015
2.46193e-11	0.977936
2.46207e-11	0.977856
2.4622e-11	0.977777
2.46234e-11	0.977697
2.46247e-11	0.977617
2.46261e-11	0.977538
2.46274e-11	0.977457
2.46288e-11	0.977377
2.46302e-11	0.977297
2.46315e-11	0.977216
2.46329e-11	0.977136
2.46342e-11	0.977055
2.46356e-11	0.976974
2.46369e-11	0.976893
2.46383e-11	0.976812
2.46396e-11	0.97673
2.4641e-11	0.976649
2.46423e-11	0.976567
2.46437e-11	0.976485
2.4645e-11	0.976404
2.46464e-11	0.976322
2.46477e-11	0.976239
2.46491e-11	0.976157
2.46504e-11	0.976075
2.46518e-11	0.975992
2.46531e-11	0.975909
2.46545e-11	0.975826
2.46559e-11	0.975743
2.46572e-11	0.97566
2.46586e-11	0.975577
2.46599e-11	0.975494
2.46613e-11	0.97541
2.46626e-11	0.975326
2.4664e-11	0.975242
2.46653e-11	0.975158
2.46667e-11	0.975074
2.4668e-11	0.97499
2.46694e-11	0.974906
2.46707e-11	0.974821
2.46721e-11	0.974737
2.46734e-11	0.974652
2.46748e-11	0.974567
2.46761e-11	0.974482
2.46775e-11	0.974397
2.46788e-11	0.974311
2.46802e-11	0.974226
2.46816e-11	0.97414
2.46829e-11	0.974054
2.46843e-11	0.973968
2.46856e-11	0.973882
2.4687e-11	0.973796
2.46883e-11	0.97371
2.46897e-11	0.973623
2.4691e-11	0.973537
2.46924e-11	0.97345
2.46937e-11	0.973363
2.46951e-11	0.973276
2.46964e-11	0.973189
2.46978e-11	0.973102
2.46991e-11	0.973014
2.47005e-11	0.972927
2.47018e-11	0.972839
2.47032e-11	0.972751
2.47045e-11	0.972663
2.47059e-11	0.972575
2.47073e-11	0.972487
2.47086e-11	0.972399
2.471e-11	0.97231
2.47113e-11	0.972221
2.47127e-11	0.972133
2.4714e-11	0.972044
2.47154e-11	0.971955
2.47167e-11	0.971865
2.47181e-11	0.971776
2.47194e-11	0.971687
2.47208e-11	0.971597
2.47221e-11	0.971507
2.47235e-11	0.971417
2.47248e-11	0.971327
2.47262e-11	0.971237
2.47275e-11	0.971147
2.47289e-11	0.971057
2.47302e-11	0.970966
2.47316e-11	0.970875
2.4733e-11	0.970784
2.47343e-11	0.970693
2.47357e-11	0.970602
2.4737e-11	0.970511
2.47384e-11	0.97042
2.47397e-11	0.970328
2.47411e-11	0.970237
2.47424e-11	0.970145
2.47438e-11	0.970053
2.47451e-11	0.969961
2.47465e-11	0.969868
2.47478e-11	0.969776
2.47492e-11	0.969684
2.47505e-11	0.969591
2.47519e-11	0.969498
2.47532e-11	0.969405
2.47546e-11	0.969312
2.47559e-11	0.969219
2.47573e-11	0.969126
2.47587e-11	0.969033
2.476e-11	0.968939
2.47614e-11	0.968845
2.47627e-11	0.968751
2.47641e-11	0.968657
2.47654e-11	0.968563
2.47668e-11	0.968469
2.47681e-11	0.968375
2.47695e-11	0.96828
2.47708e-11	0.968186
2.47722e-11	0.968091
2.47735e-11	0.967996
2.47749e-11	0.967901
2.47762e-11	0.967806
2.47776e-11	0.96771
2.47789e-11	0.967615
2.47803e-11	0.967519
2.47816e-11	0.967423
2.4783e-11	0.967328
2.47844e-11	0.967232
2.47857e-11	0.967135
2.47871e-11	0.967039
2.47884e-11	0.966943
2.47898e-11	0.966846
2.47911e-11	0.966749
2.47925e-11	0.966653
2.47938e-11	0.966556
2.47952e-11	0.966459
2.47965e-11	0.966361
2.47979e-11	0.966264
2.47992e-11	0.966166
2.48006e-11	0.966069
2.48019e-11	0.965971
2.48033e-11	0.965873
2.48046e-11	0.965775
2.4806e-11	0.965677
2.48073e-11	0.965579
2.48087e-11	0.96548
2.48101e-11	0.965382
2.48114e-11	0.965283
2.48128e-11	0.965184
2.48141e-11	0.965085
2.48155e-11	0.964986
2.48168e-11	0.964887
2.48182e-11	0.964787
2.48195e-11	0.964688
2.48209e-11	0.964588
2.48222e-11	0.964488
2.48236e-11	0.964388
2.48249e-11	0.964288
2.48263e-11	0.964188
2.48276e-11	0.964088
2.4829e-11	0.963987
2.48303e-11	0.963887
2.48317e-11	0.963786
2.4833e-11	0.963685
2.48344e-11	0.963584
2.48358e-11	0.963483
2.48371e-11	0.963382
2.48385e-11	0.96328
2.48398e-11	0.963179
2.48412e-11	0.963077
2.48425e-11	0.962975
2.48439e-11	0.962873
2.48452e-11	0.962771
2.48466e-11	0.962669
2.48479e-11	0.962567
2.48493e-11	0.962464
2.48506e-11	0.962362
2.4852e-11	0.962259
2.48533e-11	0.962156
2.48547e-11	0.962053
2.4856e-11	0.96195
2.48574e-11	0.961847
2.48587e-11	0.961743
2.48601e-11	0.96164
2.48615e-11	0.961536
2.48628e-11	0.961432
2.48642e-11	0.961328
2.48655e-11	0.961224
2.48669e-11	0.96112
2.48682e-11	0.961016
2.48696e-11	0.960911
2.48709e-11	0.960806
2.48723e-11	0.960702
2.48736e-11	0.960597
2.4875e-11	0.960492
2.48763e-11	0.960387
2.48777e-11	0.960281
2.4879e-11	0.960176
2.48804e-11	0.96007
2.48817e-11	0.959965
2.48831e-11	0.959859
2.48844e-11	0.959753
2.48858e-11	0.959647
2.48872e-11	0.959541
2.48885e-11	0.959434
2.48899e-11	0.959328
2.48912e-11	0.959221
2.48926e-11	0.959115
2.48939e-11	0.959008
2.48953e-11	0.958901
2.48966e-11	0.958794
2.4898e-11	0.958686
2.48993e-11	0.958579
2.49007e-11	0.958471
2.4902e-11	0.958364
2.49034e-11	0.958256
2.49047e-11	0.958148
2.49061e-11	0.95804
2.49074e-11	0.957932
2.49088e-11	0.957823
2.49101e-11	0.957715
2.49115e-11	0.957606
2.49129e-11	0.957497
2.49142e-11	0.957389
2.49156e-11	0.95728
2.49169e-11	0.95717
2.49183e-11	0.957061
2.49196e-11	0.956952
2.4921e-11	0.956842
2.49223e-11	0.956733
2.49237e-11	0.956623
2.4925e-11	0.956513
2.49264e-11	0.956403
2.49277e-11	0.956293
2.49291e-11	0.956182
2.49304e-11	0.956072
2.49318e-11	0.955961
2.49331e-11	0.955851
2.49345e-11	0.95574
2.49358e-11	0.955629
2.49372e-11	0.955518
2.49386e-11	0.955406
2.49399e-11	0.955295
2.49413e-11	0.955184
2.49426e-11	0.955072
2.4944e-11	0.95496
2.49453e-11	0.954848
2.49467e-11	0.954736
2.4948e-11	0.954624
2.49494e-11	0.954512
2.49507e-11	0.954399
2.49521e-11	0.954287
2.49534e-11	0.954174
2.49548e-11	0.954061
2.49561e-11	0.953948
2.49575e-11	0.953835
2.49588e-11	0.953722
2.49602e-11	0.953609
2.49615e-11	0.953495
2.49629e-11	0.953382
2.49643e-11	0.953268
2.49656e-11	0.953154
2.4967e-11	0.95304
2.49683e-11	0.952926
2.49697e-11	0.952812
2.4971e-11	0.952697
2.49724e-11	0.952583
2.49737e-11	0.952468
2.49751e-11	0.952353
2.49764e-11	0.952238
2.49778e-11	0.952123
2.49791e-11	0.952008
2.49805e-11	0.951893
2.49818e-11	0.951777
2.49832e-11	0.951662
2.49845e-11	0.951546
2.49859e-11	0.95143
2.49872e-11	0.951314
2.49886e-11	0.951198
2.499e-11	0.951082
2.49913e-11	0.950966
2.49927e-11	0.950849
2.4994e-11	0.950733
2.49954e-11	0.950616
2.49967e-11	0.950499
2.49981e-11	0.950382
2.49994e-11	0.950265
2.50008e-11	0.950148
2.50021e-11	0.95003
2.50035e-11	0.949913
2.50048e-11	0.949795
2.50062e-11	0.949677
2.50075e-11	0.94956
2.50089e-11	0.949441
2.50102e-11	0.949323
2.50116e-11	0.949205
2.50129e-11	0.949087
2.50143e-11	0.948968
2.50157e-11	0.948849
2.5017e-11	0.948731
2.50184e-11	0.948612
2.50197e-11	0.948493
2.50211e-11	0.948373
2.50224e-11	0.948254
2.50238e-11	0.948135
2.50251e-11	0.948015
2.50265e-11	0.947895
2.50278e-11	0.947775
2.50292e-11	0.947655
2.50305e-11	0.947535
2.50319e-11	0.947415
2.50332e-11	0.947295
2.50346e-11	0.947174
2.50359e-11	0.947054
2.50373e-11	0.946933
2.50386e-11	0.946812
2.504e-11	0.946691
2.50414e-11	0.94657
2.50427e-11	0.946449
2.50441e-11	0.946327
2.50454e-11	0.946206
2.50468e-11	0.946084
2.50481e-11	0.945962
2.50495e-11	0.94584
2.50508e-11	0.945718
2.50522e-11	0.945596
2.50535e-11	0.945474
2.50549e-11	0.945351
2.50562e-11	0.945229
2.50576e-11	0.945106
2.50589e-11	0.944983
2.50603e-11	0.944861
2.50616e-11	0.944737
2.5063e-11	0.944614
2.50643e-11	0.944491
2.50657e-11	0.944367
2.50671e-11	0.944244
2.50684e-11	0.94412
2.50698e-11	0.943996
2.50711e-11	0.943872
2.50725e-11	0.943748
2.50738e-11	0.943624
2.50752e-11	0.9435
2.50765e-11	0.943375
2.50779e-11	0.943251
2.50792e-11	0.943126
2.50806e-11	0.943001
2.50819e-11	0.942876
2.50833e-11	0.942751
2.50846e-11	0.942626
2.5086e-11	0.9425
2.50873e-11	0.942375
2.50887e-11	0.942249
2.509e-11	0.942124
2.50914e-11	0.941998
2.50928e-11	0.941872
2.50941e-11	0.941746
2.50955e-11	0.941619
2.50968e-11	0.941493
2.50982e-11	0.941366
2.50995e-11	0.94124
2.51009e-11	0.941113
2.51022e-11	0.940986
2.51036e-11	0.940859
2.51049e-11	0.940732
2.51063e-11	0.940605
2.51076e-11	0.940477
2.5109e-11	0.94035
2.51103e-11	0.940222
2.51117e-11	0.940094
2.5113e-11	0.939967
2.51144e-11	0.939839
2.51157e-11	0.93971
2.51171e-11	0.939582
2.51185e-11	0.939454
2.51198e-11	0.939325
2.51212e-11	0.939196
2.51225e-11	0.939068
2.51239e-11	0.938939
2.51252e-11	0.93881
2.51266e-11	0.938681
2.51279e-11	0.938551
2.51293e-11	0.938422
2.51306e-11	0.938292
2.5132e-11	0.938163
2.51333e-11	0.938033
2.51347e-11	0.937903
2.5136e-11	0.937773
2.51374e-11	0.937643
2.51387e-11	0.937512
2.51401e-11	0.937382
2.51414e-11	0.937251
2.51428e-11	0.937121
2.51442e-11	0.93699
2.51455e-11	0.936859
2.51469e-11	0.936728
2.51482e-11	0.936597
2.51496e-11	0.936466
2.51509e-11	0.936334
2.51523e-11	0.936203
2.51536e-11	0.936071
2.5155e-11	0.935939
2.51563e-11	0.935807
2.51577e-11	0.935675
2.5159e-11	0.935543
2.51604e-11	0.935411
2.51617e-11	0.935278
2.51631e-11	0.935146
2.51644e-11	0.935013
2.51658e-11	0.93488
2.51671e-11	0.934747
2.51685e-11	0.934614
2.51699e-11	0.934481
2.51712e-11	0.934348
2.51726e-11	0.934214
2.51739e-11	0.934081
2.51753e-11	0.933947
2.51766e-11	0.933813
2.5178e-11	0.933679
2.51793e-11	0.933545
2.51807e-11	0.933411
2.5182e-11	0.933277
2.51834e-11	0.933142
2.51847e-11	0.933008
2.51861e-11	0.932873
2.51874e-11	0.932738
2.51888e-11	0.932603
2.51901e-11	0.932468
2.51915e-11	0.932333
2.51928e-11	0.932198
2.51942e-11	0.932062
2.51956e-11	0.931927
2.51969e-11	0.931791
2.51983e-11	0.931655
2.51996e-11	0.931519
2.5201e-11	0.931383
2.52023e-11	0.931247
2.52037e-11	0.931111
2.5205e-11	0.930975
2.52064e-11	0.930838
2.52077e-11	0.930701
2.52091e-11	0.930565
2.52104e-11	0.930428
2.52118e-11	0.930291
2.52131e-11	0.930153
2.52145e-11	0.930016
2.52158e-11	0.929879
2.52172e-11	0.929741
2.52185e-11	0.929604
2.52199e-11	0.929466
2.52213e-11	0.929328
2.52226e-11	0.92919
2.5224e-11	0.929052
2.52253e-11	0.928914
2.52267e-11	0.928775
2.5228e-11	0.928637
2.52294e-11	0.928498
2.52307e-11	0.928359
2.52321e-11	0.92822
2.52334e-11	0.928081
2.52348e-11	0.927942
2.52361e-11	0.927803
2.52375e-11	0.927664
2.52388e-11	0.927524
2.52402e-11	0.927385
2.52415e-11	0.927245
2.52429e-11	0.927105
2.52442e-11	0.926965
2.52456e-11	0.926825
2.5247e-11	0.926685
2.52483e-11	0.926544
2.52497e-11	0.926404
2.5251e-11	0.926263
2.52524e-11	0.926123
2.52537e-11	0.925982
2.52551e-11	0.925841
2.52564e-11	0.9257
2.52578e-11	0.925559
2.52591e-11	0.925417
2.52605e-11	0.925276
2.52618e-11	0.925134
2.52632e-11	0.924993
2.52645e-11	0.924851
2.52659e-11	0.924709
2.52672e-11	0.924567
2.52686e-11	0.924425
2.52699e-11	0.924282
2.52713e-11	0.92414
2.52727e-11	0.923997
2.5274e-11	0.923855
2.52754e-11	0.923712
2.52767e-11	0.923569
2.52781e-11	0.923426
2.52794e-11	0.923283
2.52808e-11	0.92314
2.52821e-11	0.922996
2.52835e-11	0.922853
2.52848e-11	0.922709
2.52862e-11	0.922565
2.52875e-11	0.922421
2.52889e-11	0.922277
2.52902e-11	0.922133
2.52916e-11	0.921989
2.52929e-11	0.921845
2.52943e-11	0.9217
2.52956e-11	0.921556
2.5297e-11	0.921411
2.52984e-11	0.921266
2.52997e-11	0.921121
2.53011e-11	0.920976
2.53024e-11	0.920831
2.53038e-11	0.920685
2.53051e-11	0.92054
2.53065e-11	0.920394
2.53078e-11	0.920249
2.53092e-11	0.920103
2.53105e-11	0.919957
2.53119e-11	0.919811
2.53132e-11	0.919665
2.53146e-11	0.919519
2.53159e-11	0.919372
2.53173e-11	0.919226
2.53186e-11	0.919079
2.532e-11	0.918932
2.53213e-11	0.918785
2.53227e-11	0.918638
2.53241e-11	0.918491
2.53254e-11	0.918344
2.53268e-11	0.918197
2.53281e-11	0.918049
2.53295e-11	0.917902
2.53308e-11	0.917754
2.53322e-11	0.917606
2.53335e-11	0.917458
2.53349e-11	0.91731
2.53362e-11	0.917162
2.53376e-11	0.917014
2.53389e-11	0.916865
2.53403e-11	0.916717
2.53416e-11	0.916568
2.5343e-11	0.916419
2.53443e-11	0.91627
2.53457e-11	0.916121
2.5347e-11	0.915972
2.53484e-11	0.915823
2.53498e-11	0.915673
2.53511e-11	0.915524
2.53525e-11	0.915374
2.53538e-11	0.915224
2.53552e-11	0.915075
2.53565e-11	0.914925
2.53579e-11	0.914775
2.53592e-11	0.914624
2.53606e-11	0.914474
2.53619e-11	0.914324
2.53633e-11	0.914173
2.53646e-11	0.914022
2.5366e-11	0.913871
2.53673e-11	0.913721
2.53687e-11	0.91357
2.537e-11	0.913418
2.53714e-11	0.913267
2.53727e-11	0.913116
2.53741e-11	0.912964
2.53755e-11	0.912813
2.53768e-11	0.912661
2.53782e-11	0.912509
2.53795e-11	0.912357
2.53809e-11	0.912205
2.53822e-11	0.912053
2.53836e-11	0.9119
2.53849e-11	0.911748
2.53863e-11	0.911595
2.53876e-11	0.911443
2.5389e-11	0.91129
2.53903e-11	0.911137
2.53917e-11	0.910984
2.5393e-11	0.910831
2.53944e-11	0.910677
2.53957e-11	0.910524
2.53971e-11	0.91037
2.53984e-11	0.910217
2.53998e-11	0.910063
2.54012e-11	0.909909
2.54025e-11	0.909755
2.54039e-11	0.909601
2.54052e-11	0.909447
2.54066e-11	0.909293
2.54079e-11	0.909138
2.54093e-11	0.908984
2.54106e-11	0.908829
2.5412e-11	0.908674
2.54133e-11	0.908519
2.54147e-11	0.908364
2.5416e-11	0.908209
2.54174e-11	0.908054
2.54187e-11	0.907898
2.54201e-11	0.907743
2.54214e-11	0.907587
2.54228e-11	0.907432
2.54241e-11	0.907276
2.54255e-11	0.90712
2.54269e-11	0.906964
2.54282e-11	0.906807
2.54296e-11	0.906651
2.54309e-11	0.906495
2.54323e-11	0.906338
2.54336e-11	0.906182
2.5435e-11	0.906025
2.54363e-11	0.905868
2.54377e-11	0.905711
2.5439e-11	0.905554
2.54404e-11	0.905397
2.54417e-11	0.905239
2.54431e-11	0.905082
2.54444e-11	0.904924
2.54458e-11	0.904766
2.54471e-11	0.904609
2.54485e-11	0.904451
2.54498e-11	0.904293
2.54512e-11	0.904135
2.54526e-11	0.903976
2.54539e-11	0.903818
2.54553e-11	0.903659
2.54566e-11	0.903501
2.5458e-11	0.903342
2.54593e-11	0.903183
2.54607e-11	0.903024
2.5462e-11	0.902865
2.54634e-11	0.902706
2.54647e-11	0.902547
2.54661e-11	0.902387
2.54674e-11	0.902228
2.54688e-11	0.902068
2.54701e-11	0.901908
2.54715e-11	0.901748
2.54728e-11	0.901588
2.54742e-11	0.901428
2.54755e-11	0.901268
2.54769e-11	0.901108
2.54783e-11	0.900947
2.54796e-11	0.900787
2.5481e-11	0.900626
2.54823e-11	0.900465
2.54837e-11	0.900304
2.5485e-11	0.900144
2.54864e-11	0.899982
2.54877e-11	0.899821
2.54891e-11	0.89966
2.54904e-11	0.899498
2.54918e-11	0.899337
2.54931e-11	0.899175
2.54945e-11	0.899013
2.54958e-11	0.898851
2.54972e-11	0.898689
2.54985e-11	0.898527
2.54999e-11	0.898365
2.55012e-11	0.898202
2.55026e-11	0.89804
2.5504e-11	0.897877
2.55053e-11	0.897715
2.55067e-11	0.897552
2.5508e-11	0.897389
2.55094e-11	0.897226
2.55107e-11	0.897063
2.55121e-11	0.896899
2.55134e-11	0.896736
2.55148e-11	0.896572
2.55161e-11	0.896409
2.55175e-11	0.896245
2.55188e-11	0.896081
2.55202e-11	0.895917
2.55215e-11	0.895753
2.55229e-11	0.895589
2.55242e-11	0.895425
2.55256e-11	0.89526
2.5527e-11	0.895096
2.55283e-11	0.894931
2.55297e-11	0.894767
2.5531e-11	0.894602
2.55324e-11	0.894437
2.55337e-11	0.894272
2.55351e-11	0.894106
2.55364e-11	0.893941
2.55378e-11	0.893776
2.55391e-11	0.89361
2.55405e-11	0.893445
2.55418e-11	0.893279
2.55432e-11	0.893113
2.55445e-11	0.892947
2.55459e-11	0.892781
2.55472e-11	0.892615
2.55486e-11	0.892448
2.55499e-11	0.892282
2.55513e-11	0.892115
2.55527e-11	0.891949
2.5554e-11	0.891782
2.55554e-11	0.891615
2.55567e-11	0.891448
2.55581e-11	0.891281
2.55594e-11	0.891114
2.55608e-11	0.890947
2.55621e-11	0.890779
2.55635e-11	0.890612
2.55648e-11	0.890444
2.55662e-11	0.890276
2.55675e-11	0.890109
2.55689e-11	0.889941
2.55702e-11	0.889772
2.55716e-11	0.889604
2.55729e-11	0.889436
2.55743e-11	0.889268
2.55756e-11	0.889099
2.5577e-11	0.88893
2.55784e-11	0.888762
2.55797e-11	0.888593
2.55811e-11	0.888424
2.55824e-11	0.888255
2.55838e-11	0.888086
2.55851e-11	0.887916
2.55865e-11	0.887747
2.55878e-11	0.887577
2.55892e-11	0.887408
2.55905e-11	0.887238
2.55919e-11	0.887068
2.55932e-11	0.886898
2.55946e-11	0.886728
2.55959e-11	0.886558
2.55973e-11	0.886388
2.55986e-11	0.886217
2.56e-11	0.886047
2.56013e-11	0.885876
2.56027e-11	0.885706
2.56041e-11	0.885535
2.56054e-11	0.885364
2.56068e-11	0.885193
2.56081e-11	0.885022
2.56095e-11	0.88485
2.56108e-11	0.884679
2.56122e-11	0.884508
2.56135e-11	0.884336
2.56149e-11	0.884164
2.56162e-11	0.883992
2.56176e-11	0.883821
2.56189e-11	0.883649
2.56203e-11	0.883476
2.56216e-11	0.883304
2.5623e-11	0.883132
2.56243e-11	0.882959
2.56257e-11	0.882787
2.5627e-11	0.882614
2.56284e-11	0.882441
2.56298e-11	0.882268
2.56311e-11	0.882096
2.56325e-11	0.881922
2.56338e-11	0.881749
2.56352e-11	0.881576
2.56365e-11	0.881402
2.56379e-11	0.881229
2.56392e-11	0.881055
2.56406e-11	0.880881
2.56419e-11	0.880708
2.56433e-11	0.880534
2.56446e-11	0.88036
2.5646e-11	0.880185
2.56473e-11	0.880011
2.56487e-11	0.879837
2.565e-11	0.879662
2.56514e-11	0.879488
2.56527e-11	0.879313
2.56541e-11	0.879138
2.56555e-11	0.878963
2.56568e-11	0.878788
2.56582e-11	0.878613
2.56595e-11	0.878438
2.56609e-11	0.878262
2.56622e-11	0.878087
2.56636e-11	0.877911
2.56649e-11	0.877736
2.56663e-11	0.87756
2.56676e-11	0.877384
2.5669e-11	0.877208
2.56703e-11	0.877032
2.56717e-11	0.876856
2.5673e-11	0.876679
2.56744e-11	0.876503
2.56757e-11	0.876326
2.56771e-11	0.87615
2.56784e-11	0.875973
2.56798e-11	0.875796
2.56812e-11	0.875619
2.56825e-11	0.875442
2.56839e-11	0.875265
2.56852e-11	0.875088
2.56866e-11	0.87491
2.56879e-11	0.874733
2.56893e-11	0.874555
2.56906e-11	0.874378
2.5692e-11	0.8742
2.56933e-11	0.874022
2.56947e-11	0.873844
2.5696e-11	0.873666
2.56974e-11	0.873488
2.56987e-11	0.873309
2.57001e-11	0.873131
2.57014e-11	0.872952
2.57028e-11	0.872774
2.57041e-11	0.872595
2.57055e-11	0.872416
2.57069e-11	0.872237
2.57082e-11	0.872058
2.57096e-11	0.871879
2.57109e-11	0.8717
2.57123e-11	0.87152
2.57136e-11	0.871341
2.5715e-11	0.871161
2.57163e-11	0.870981
2.57177e-11	0.870802
2.5719e-11	0.870622
2.57204e-11	0.870442
2.57217e-11	0.870262
2.57231e-11	0.870081
2.57244e-11	0.869901
2.57258e-11	0.869721
2.57271e-11	0.86954
2.57285e-11	0.869359
2.57298e-11	0.869179
2.57312e-11	0.868998
2.57326e-11	0.868817
2.57339e-11	0.868636
2.57353e-11	0.868455
2.57366e-11	0.868274
2.5738e-11	0.868092
2.57393e-11	0.867911
2.57407e-11	0.867729
2.5742e-11	0.867548
2.57434e-11	0.867366
2.57447e-11	0.867184
2.57461e-11	0.867002
2.57474e-11	0.86682
2.57488e-11	0.866638
2.57501e-11	0.866455
2.57515e-11	0.866273
2.57528e-11	0.86609
2.57542e-11	0.865908
2.57555e-11	0.865725
2.57569e-11	0.865542
2.57583e-11	0.865359
2.57596e-11	0.865176
2.5761e-11	0.864993
2.57623e-11	0.86481
2.57637e-11	0.864627
2.5765e-11	0.864443
2.57664e-11	0.86426
2.57677e-11	0.864076
2.57691e-11	0.863893
2.57704e-11	0.863709
2.57718e-11	0.863525
2.57731e-11	0.863341
2.57745e-11	0.863157
2.57758e-11	0.862972
2.57772e-11	0.862788
2.57785e-11	0.862604
2.57799e-11	0.862419
2.57812e-11	0.862234
2.57826e-11	0.86205
2.5784e-11	0.861865
2.57853e-11	0.86168
2.57867e-11	0.861495
2.5788e-11	0.86131
2.57894e-11	0.861124
2.57907e-11	0.860939
2.57921e-11	0.860754
2.57934e-11	0.860568
2.57948e-11	0.860382
2.57961e-11	0.860197
2.57975e-11	0.860011
2.57988e-11	0.859825
2.58002e-11	0.859639
2.58015e-11	0.859453
2.58029e-11	0.859266
2.58042e-11	0.85908
2.58056e-11	0.858894
2.58069e-11	0.858707
2.58083e-11	0.85852
2.58097e-11	0.858334
2.5811e-11	0.858147
2.58124e-11	0.85796
2.58137e-11	0.857773
2.58151e-11	0.857585
2.58164e-11	0.857398
2.58178e-11	0.857211
2.58191e-11	0.857023
2.58205e-11	0.856836
2.58218e-11	0.856648
2.58232e-11	0.85646
2.58245e-11	0.856273
2.58259e-11	0.856085
2.58272e-11	0.855896
2.58286e-11	0.855708
2.58299e-11	0.85552
2.58313e-11	0.855332
2.58326e-11	0.855143
2.5834e-11	0.854955
2.58354e-11	0.854766
2.58367e-11	0.854577
2.58381e-11	0.854388
2.58394e-11	0.854199
2.58408e-11	0.85401
2.58421e-11	0.853821
2.58435e-11	0.853632
2.58448e-11	0.853443
2.58462e-11	0.853253
2.58475e-11	0.853064
2.58489e-11	0.852874
2.58502e-11	0.852684
2.58516e-11	0.852494
2.58529e-11	0.852304
2.58543e-11	0.852114
2.58556e-11	0.851924
2.5857e-11	0.851734
2.58583e-11	0.851544
2.58597e-11	0.851353
2.58611e-11	0.851163
2.58624e-11	0.850972
2.58638e-11	0.850781
2.58651e-11	0.85059
2.58665e-11	0.850399
2.58678e-11	0.850208
2.58692e-11	0.850017
2.58705e-11	0.849826
2.58719e-11	0.849635
2.58732e-11	0.849443
2.58746e-11	0.849252
2.58759e-11	0.84906
2.58773e-11	0.848868
2.58786e-11	0.848677
2.588e-11	0.848485
2.58813e-11	0.848293
2.58827e-11	0.848101
2.5884e-11	0.847908
2.58854e-11	0.847716
2.58868e-11	0.847524
2.58881e-11	0.847331
2.58895e-11	0.847139
2.58908e-11	0.846946
2.58922e-11	0.846753
2.58935e-11	0.84656
2.58949e-11	0.846367
2.58962e-11	0.846174
2.58976e-11	0.845981
2.58989e-11	0.845788
2.59003e-11	0.845594
2.59016e-11	0.845401
2.5903e-11	0.845207
2.59043e-11	0.845014
2.59057e-11	0.84482
2.5907e-11	0.844626
2.59084e-11	0.844432
2.59097e-11	0.844238
2.59111e-11	0.844044
2.59125e-11	0.84385
2.59138e-11	0.843655
2.59152e-11	0.843461
2.59165e-11	0.843266
2.59179e-11	0.843072
2.59192e-11	0.842877
2.59206e-11	0.842682
2.59219e-11	0.842487
2.59233e-11	0.842292
2.59246e-11	0.842097
2.5926e-11	0.841902
2.59273e-11	0.841707
2.59287e-11	0.841511
2.593e-11	0.841316
2.59314e-11	0.84112
2.59327e-11	0.840925
2.59341e-11	0.840729
2.59354e-11	0.840533
2.59368e-11	0.840337
2.59382e-11	0.840141
2.59395e-11	0.839945
2.59409e-11	0.839749
2.59422e-11	0.839552
2.59436e-11	0.839356
2.59449e-11	0.839159
2.59463e-11	0.838963
2.59476e-11	0.838766
2.5949e-11	0.838569
2.59503e-11	0.838372
2.59517e-11	0.838175
2.5953e-11	0.837978
2.59544e-11	0.837781
2.59557e-11	0.837584
2.59571e-11	0.837386
2.59584e-11	0.837189
2.59598e-11	0.836991
2.59611e-11	0.836794
2.59625e-11	0.836596
2.59639e-11	0.836398
2.59652e-11	0.8362
2.59666e-11	0.836002
2.59679e-11	0.835804
2.59693e-11	0.835606
2.59706e-11	0.835407
2.5972e-11	0.835209
2.59733e-11	0.835011
2.59747e-11	0.834812
2.5976e-11	0.834613
2.59774e-11	0.834415
2.59787e-11	0.834216
2.59801e-11	0.834017
2.59814e-11	0.833818
2.59828e-11	0.833619
2.59841e-11	0.833419
2.59855e-11	0.83322
2.59868e-11	0.833021
2.59882e-11	0.832821
2.59896e-11	0.832621
2.59909e-11	0.832422
2.59923e-11	0.832222
2.59936e-11	0.832022
2.5995e-11	0.831822
2.59963e-11	0.831622
2.59977e-11	0.831422
2.5999e-11	0.831222
2.60004e-11	0.831021
2.60017e-11	0.830821
2.60031e-11	0.83062
2.60044e-11	0.83042
2.60058e-11	0.830219
2.60071e-11	0.830018
2.60085e-11	0.829817
2.60098e-11	0.829616
2.60112e-11	0.829415
2.60125e-11	0.829214
2.60139e-11	0.829013
2.60153e-11	0.828811
2.60166e-11	0.82861
2.6018e-11	0.828408
2.60193e-11	0.828207
2.60207e-11	0.828005
2.6022e-11	0.827803
2.60234e-11	0.827601
2.60247e-11	0.827399
2.60261e-11	0.827197
2.60274e-11	0.826995
2.60288e-11	0.826793
2.60301e-11	0.82659
2.60315e-11	0.826388
2.60328e-11	0.826185
2.60342e-11	0.825983
2.60355e-11	0.82578
2.60369e-11	0.825577
2.60382e-11	0.825374
2.60396e-11	0.825171
2.6041e-11	0.824968
2.60423e-11	0.824765
2.60437e-11	0.824562
2.6045e-11	0.824359
2.60464e-11	0.824155
2.60477e-11	0.823952
2.60491e-11	0.823748
2.60504e-11	0.823544
2.60518e-11	0.82334
2.60531e-11	0.823137
2.60545e-11	0.822933
2.60558e-11	0.822729
2.60572e-11	0.822524
2.60585e-11	0.82232
2.60599e-11	0.822116
2.60612e-11	0.821911
2.60626e-11	0.821707
2.60639e-11	0.821502
2.60653e-11	0.821298
2.60667e-11	0.821093
2.6068e-11	0.820888
2.60694e-11	0.820683
2.60707e-11	0.820478
2.60721e-11	0.820273
2.60734e-11	0.820067
2.60748e-11	0.819862
2.60761e-11	0.819657
2.60775e-11	0.819451
2.60788e-11	0.819246
2.60802e-11	0.81904
2.60815e-11	0.818834
2.60829e-11	0.818628
2.60842e-11	0.818422
2.60856e-11	0.818217
2.60869e-11	0.81801
2.60883e-11	0.817804
2.60896e-11	0.817598
2.6091e-11	0.817392
2.60924e-11	0.817185
2.60937e-11	0.816979
2.60951e-11	0.816772
2.60964e-11	0.816565
2.60978e-11	0.816358
2.60991e-11	0.816151
2.61005e-11	0.815944
2.61018e-11	0.815737
2.61032e-11	0.81553
2.61045e-11	0.815323
2.61059e-11	0.815116
2.61072e-11	0.814908
2.61086e-11	0.814701
2.61099e-11	0.814493
2.61113e-11	0.814285
2.61126e-11	0.814078
2.6114e-11	0.81387
2.61153e-11	0.813662
2.61167e-11	0.813454
2.61181e-11	0.813246
2.61194e-11	0.813038
2.61208e-11	0.812829
2.61221e-11	0.812621
2.61235e-11	0.812412
2.61248e-11	0.812204
2.61262e-11	0.811995
2.61275e-11	0.811786
2.61289e-11	0.811578
2.61302e-11	0.811369
2.61316e-11	0.81116
2.61329e-11	0.810951
2.61343e-11	0.810742
2.61356e-11	0.810532
2.6137e-11	0.810323
2.61383e-11	0.810114
2.61397e-11	0.809904
2.6141e-11	0.809695
2.61424e-11	0.809485
2.61438e-11	0.809275
2.61451e-11	0.809065
2.61465e-11	0.808855
2.61478e-11	0.808645
2.61492e-11	0.808435
2.61505e-11	0.808225
2.61519e-11	0.808015
2.61532e-11	0.807805
2.61546e-11	0.807594
2.61559e-11	0.807384
2.61573e-11	0.807173
2.61586e-11	0.806962
2.616e-11	0.806752
2.61613e-11	0.806541
2.61627e-11	0.80633
2.6164e-11	0.806119
2.61654e-11	0.805908
2.61667e-11	0.805696
2.61681e-11	0.805485
2.61695e-11	0.805274
2.61708e-11	0.805062
2.61722e-11	0.804851
2.61735e-11	0.804639
2.61749e-11	0.804428
2.61762e-11	0.804216
2.61776e-11	0.804004
2.61789e-11	0.803792
2.61803e-11	0.80358
2.61816e-11	0.803368
2.6183e-11	0.803156
2.61843e-11	0.802943
2.61857e-11	0.802731
2.6187e-11	0.802519
2.61884e-11	0.802306
2.61897e-11	0.802093
2.61911e-11	0.801881
2.61924e-11	0.801668
2.61938e-11	0.801455
2.61952e-11	0.801242
2.61965e-11	0.801029
2.61979e-11	0.800816
2.61992e-11	0.800603
2.62006e-11	0.80039
2.62019e-11	0.800176
2.62033e-11	0.799963
2.62046e-11	0.799749
2.6206e-11	0.799536
2.62073e-11	0.799322
2.62087e-11	0.799108
2.621e-11	0.798894
2.62114e-11	0.79868
2.62127e-11	0.798466
2.62141e-11	0.798252
2.62154e-11	0.798038
2.62168e-11	0.797824
2.62181e-11	0.797609
2.62195e-11	0.797395
2.62209e-11	0.797181
2.62222e-11	0.796966
2.62236e-11	0.796751
2.62249e-11	0.796537
2.62263e-11	0.796322
2.62276e-11	0.796107
2.6229e-11	0.795892
2.62303e-11	0.795677
2.62317e-11	0.795462
2.6233e-11	0.795246
2.62344e-11	0.795031
2.62357e-11	0.794816
2.62371e-11	0.7946
2.62384e-11	0.794385
2.62398e-11	0.794169
2.62411e-11	0.793953
2.62425e-11	0.793737
2.62438e-11	0.793521
2.62452e-11	0.793306
2.62466e-11	0.793089
2.62479e-11	0.792873
2.62493e-11	0.792657
2.62506e-11	0.792441
2.6252e-11	0.792224
2.62533e-11	0.792008
2.62547e-11	0.791791
2.6256e-11	0.791575
2.62574e-11	0.791358
2.62587e-11	0.791141
2.62601e-11	0.790925
2.62614e-11	0.790708
2.62628e-11	0.790491
2.62641e-11	0.790274
2.62655e-11	0.790056
2.62668e-11	0.789839
2.62682e-11	0.789622
2.62695e-11	0.789404
2.62709e-11	0.789187
2.62723e-11	0.788969
2.62736e-11	0.788752
2.6275e-11	0.788534
2.62763e-11	0.788316
2.62777e-11	0.788098
2.6279e-11	0.78788
2.62804e-11	0.787662
2.62817e-11	0.787444
2.62831e-11	0.787226
2.62844e-11	0.787008
2.62858e-11	0.786789
2.62871e-11	0.786571
2.62885e-11	0.786353
2.62898e-11	0.786134
2.62912e-11	0.785915
2.62925e-11	0.785697
2.62939e-11	0.785478
2.62952e-11	0.785259
2.62966e-11	0.78504
2.6298e-11	0.784821
2.62993e-11	0.784602
2.63007e-11	0.784382
2.6302e-11	0.784163
2.63034e-11	0.783944
2.63047e-11	0.783724
2.63061e-11	0.783505
2.63074e-11	0.783285
2.63088e-11	0.783066
2.63101e-11	0.782846
2.63115e-11	0.782626
2.63128e-11	0.782406
2.63142e-11	0.782186
2.63155e-11	0.781966
2.63169e-11	0.781746
2.63182e-11	0.781526
2.63196e-11	0.781305
2.63209e-11	0.781085
2.63223e-11	0.780865
2.63237e-11	0.780644
2.6325e-11	0.780424
2.63264e-11	0.780203
2.63277e-11	0.779982
2.63291e-11	0.779761
2.63304e-11	0.77954
2.63318e-11	0.779319
2.63331e-11	0.779098
2.63345e-11	0.778877
2.63358e-11	0.778656
2.63372e-11	0.778435
2.63385e-11	0.778213
2.63399e-11	0.777992
2.63412e-11	0.77777
2.63426e-11	0.777549
2.63439e-11	0.777327
2.63453e-11	0.777105
2.63466e-11	0.776884
2.6348e-11	0.776662
2.63494e-11	0.77644
2.63507e-11	0.776218
2.63521e-11	0.775996
2.63534e-11	0.775773
2.63548e-11	0.775551
2.63561e-11	0.775329
2.63575e-11	0.775106
2.63588e-11	0.774884
2.63602e-11	0.774661
2.63615e-11	0.774439
2.63629e-11	0.774216
2.63642e-11	0.773993
2.63656e-11	0.77377
2.63669e-11	0.773547
2.63683e-11	0.773324
2.63696e-11	0.773101
2.6371e-11	0.772878
2.63723e-11	0.772655
2.63737e-11	0.772432
2.63751e-11	0.772208
2.63764e-11	0.771985
2.63778e-11	0.771761
2.63791e-11	0.771538
2.63805e-11	0.771314
2.63818e-11	0.77109
2.63832e-11	0.770866
2.63845e-11	0.770643
2.63859e-11	0.770419
2.63872e-11	0.770194
2.63886e-11	0.76997
2.63899e-11	0.769746
2.63913e-11	0.769522
2.63926e-11	0.769298
2.6394e-11	0.769073
2.63953e-11	0.768849
2.63967e-11	0.768624
2.6398e-11	0.768399
2.63994e-11	0.768175
2.64008e-11	0.76795
2.64021e-11	0.767725
2.64035e-11	0.7675
2.64048e-11	0.767275
2.64062e-11	0.76705
2.64075e-11	0.766825
2.64089e-11	0.7666
2.64102e-11	0.766375
2.64116e-11	0.766149
2.64129e-11	0.765924
2.64143e-11	0.765698
2.64156e-11	0.765473
2.6417e-11	0.765247
2.64183e-11	0.765021
2.64197e-11	0.764796
2.6421e-11	0.76457
2.64224e-11	0.764344
2.64237e-11	0.764118
2.64251e-11	0.763892
2.64265e-11	0.763666
2.64278e-11	0.763439
2.64292e-11	0.763213
2.64305e-11	0.762987
2.64319e-11	0.76276
2.64332e-11	0.762534
2.64346e-11	0.762307
2.64359e-11	0.76208
2.64373e-11	0.761854
2.64386e-11	0.761627
2.644e-11	0.7614
2.64413e-11	0.761173
2.64427e-11	0.760946
2.6444e-11	0.760719
2.64454e-11	0.760492
2.64467e-11	0.760265
2.64481e-11	0.760038
2.64494e-11	0.75981
2.64508e-11	0.759583
2.64522e-11	0.759355
2.64535e-11	0.759128
2.64549e-11	0.7589
2.64562e-11	0.758672
2.64576e-11	0.758445
2.64589e-11	0.758217
2.64603e-11	0.757989
2.64616e-11	0.757761
2.6463e-11	0.757533
2.64643e-11	0.757305
2.64657e-11	0.757077
2.6467e-11	0.756848
2.64684e-11	0.75662
2.64697e-11	0.756391
2.64711e-11	0.756163
2.64724e-11	0.755934
2.64738e-11	0.755706
2.64751e-11	0.755477
2.64765e-11	0.755248
2.64779e-11	0.75502
2.64792e-11	0.754791
2.64806e-11	0.754562
2.64819e-11	0.754333
2.64833e-11	0.754104
2.64846e-11	0.753875
2.6486e-11	0.753645
2.64873e-11	0.753416
2.64887e-11	0.753187
2.649e-11	0.752957
2.64914e-11	0.752728
2.64927e-11	0.752498
2.64941e-11	0.752269
2.64954e-11	0.752039
2.64968e-11	0.751809
2.64981e-11	0.751579
2.64995e-11	0.751349
2.65008e-11	0.751119
2.65022e-11	0.750889
2.65036e-11	0.750659
2.65049e-11	0.750429
2.65063e-11	0.750199
2.65076e-11	0.749968
2.6509e-11	0.749738
2.65103e-11	0.749508
2.65117e-11	0.749277
2.6513e-11	0.749047
2.65144e-11	0.748816
2.65157e-11	0.748585
2.65171e-11	0.748354
2.65184e-11	0.748124
2.65198e-11	0.747893
2.65211e-11	0.747662
2.65225e-11	0.747431
2.65238e-11	0.747199
2.65252e-11	0.746968
2.65265e-11	0.746737
2.65279e-11	0.746506
2.65293e-11	0.746274
2.65306e-11	0.746043
2.6532e-11	0.745811
2.65333e-11	0.74558
2.65347e-11	0.745348
2.6536e-11	0.745116
2.65374e-11	0.744885
2.65387e-11	0.744653
2.65401e-11	0.744421
2.65414e-11	0.744189
2.65428e-11	0.743957
2.65441e-11	0.743725
2.65455e-11	0.743493
2.65468e-11	0.74326
2.65482e-11	0.743028
2.65495e-11	0.742796
2.65509e-11	0.742563
2.65522e-11	0.742331
2.65536e-11	0.742098
2.6555e-11	0.741866
2.65563e-11	0.741633
2.65577e-11	0.7414
2.6559e-11	0.741167
2.65604e-11	0.740934
2.65617e-11	0.740701
2.65631e-11	0.740468
2.65644e-11	0.740235
2.65658e-11	0.740002
2.65671e-11	0.739769
2.65685e-11	0.739536
2.65698e-11	0.739302
2.65712e-11	0.739069
2.65725e-11	0.738836
2.65739e-11	0.738602
2.65752e-11	0.738368
2.65766e-11	0.738135
2.65779e-11	0.737901
2.65793e-11	0.737667
2.65807e-11	0.737433
2.6582e-11	0.737199
2.65834e-11	0.736965
2.65847e-11	0.736731
2.65861e-11	0.736497
2.65874e-11	0.736263
2.65888e-11	0.736029
2.65901e-11	0.735795
2.65915e-11	0.73556
2.65928e-11	0.735326
2.65942e-11	0.735091
2.65955e-11	0.734857
2.65969e-11	0.734622
2.65982e-11	0.734388
2.65996e-11	0.734153
2.66009e-11	0.733918
2.66023e-11	0.733683
2.66036e-11	0.733448
2.6605e-11	0.733213
2.66064e-11	0.732978
2.66077e-11	0.732743
2.66091e-11	0.732508
2.66104e-11	0.732273
2.66118e-11	0.732037
2.66131e-11	0.731802
2.66145e-11	0.731567
2.66158e-11	0.731331
2.66172e-11	0.731096
2.66185e-11	0.73086
2.66199e-11	0.730624
2.66212e-11	0.730389
2.66226e-11	0.730153
2.66239e-11	0.729917
2.66253e-11	0.729681
2.66266e-11	0.729445
2.6628e-11	0.729209
2.66293e-11	0.728973
2.66307e-11	0.728737
2.66321e-11	0.728501
2.66334e-11	0.728264
2.66348e-11	0.728028
2.66361e-11	0.727791
2.66375e-11	0.727555
2.66388e-11	0.727319
2.66402e-11	0.727082
2.66415e-11	0.726845
2.66429e-11	0.726609
2.66442e-11	0.726372
2.66456e-11	0.726135
2.66469e-11	0.725898
2.66483e-11	0.725661
2.66496e-11	0.725424
2.6651e-11	0.725187
2.66523e-11	0.72495
2.66537e-11	0.724713
2.6655e-11	0.724476
2.66564e-11	0.724238
2.66578e-11	0.724001
2.66591e-11	0.723763
2.66605e-11	0.723526
2.66618e-11	0.723288
2.66632e-11	0.723051
2.66645e-11	0.722813
2.66659e-11	0.722575
2.66672e-11	0.722338
2.66686e-11	0.7221
2.66699e-11	0.721862
2.66713e-11	0.721624
2.66726e-11	0.721386
2.6674e-11	0.721148
2.66753e-11	0.72091
2.66767e-11	0.720671
2.6678e-11	0.720433
2.66794e-11	0.720195
2.66807e-11	0.719957
2.66821e-11	0.719718
2.66835e-11	0.71948
2.66848e-11	0.719241
2.66862e-11	0.719002
2.66875e-11	0.718764
2.66889e-11	0.718525
2.66902e-11	0.718286
2.66916e-11	0.718047
2.66929e-11	0.717809
2.66943e-11	0.71757
2.66956e-11	0.717331
2.6697e-11	0.717092
2.66983e-11	0.716852
2.66997e-11	0.716613
2.6701e-11	0.716374
2.67024e-11	0.716135
2.67037e-11	0.715895
2.67051e-11	0.715656
2.67064e-11	0.715416
2.67078e-11	0.715177
2.67092e-11	0.714937
2.67105e-11	0.714698
2.67119e-11	0.714458
2.67132e-11	0.714218
2.67146e-11	0.713978
2.67159e-11	0.713739
2.67173e-11	0.713499
2.67186e-11	0.713259
2.672e-11	0.713019
2.67213e-11	0.712779
2.67227e-11	0.712538
2.6724e-11	0.712298
2.67254e-11	0.712058
2.67267e-11	0.711818
2.67281e-11	0.711577
2.67294e-11	0.711337
2.67308e-11	0.711096
2.67321e-11	0.710856
2.67335e-11	0.710615
2.67349e-11	0.710374
2.67362e-11	0.710134
2.67376e-11	0.709893
2.67389e-11	0.709652
2.67403e-11	0.709411
2.67416e-11	0.70917
2.6743e-11	0.708929
2.67443e-11	0.708688
2.67457e-11	0.708447
2.6747e-11	0.708206
2.67484e-11	0.707965
2.67497e-11	0.707724
2.67511e-11	0.707482
2.67524e-11	0.707241
2.67538e-11	0.706999
2.67551e-11	0.706758
2.67565e-11	0.706516
2.67578e-11	0.706275
2.67592e-11	0.706033
2.67606e-11	0.705792
2.67619e-11	0.70555
2.67633e-11	0.705308
2.67646e-11	0.705066
2.6766e-11	0.704824
2.67673e-11	0.704582
2.67687e-11	0.70434
2.677e-11	0.704098
2.67714e-11	0.703856
2.67727e-11	0.703614
2.67741e-11	0.703372
2.67754e-11	0.703129
2.67768e-11	0.702887
2.67781e-11	0.702644
2.67795e-11	0.702402
2.67808e-11	0.70216
2.67822e-11	0.701917
2.67835e-11	0.701674
2.67849e-11	0.701432
2.67863e-11	0.701189
2.67876e-11	0.700946
2.6789e-11	0.700703
2.67903e-11	0.70046
2.67917e-11	0.700217
2.6793e-11	0.699975
2.67944e-11	0.699731
2.67957e-11	0.699488
2.67971e-11	0.699245
2.67984e-11	0.699002
2.67998e-11	0.698759
2.68011e-11	0.698515
2.68025e-11	0.698272
2.68038e-11	0.698029
2.68052e-11	0.697785
2.68065e-11	0.697542
2.68079e-11	0.697298
2.68092e-11	0.697055
2.68106e-11	0.696811
2.6812e-11	0.696567
2.68133e-11	0.696323
2.68147e-11	0.69608
2.6816e-11	0.695836
2.68174e-11	0.695592
2.68187e-11	0.695348
2.68201e-11	0.695104
2.68214e-11	0.69486
2.68228e-11	0.694616
2.68241e-11	0.694371
2.68255e-11	0.694127
2.68268e-11	0.693883
2.68282e-11	0.693639
2.68295e-11	0.693394
2.68309e-11	0.69315
2.68322e-11	0.692905
2.68336e-11	0.692661
2.68349e-11	0.692416
2.68363e-11	0.692172
2.68377e-11	0.691927
2.6839e-11	0.691682
2.68404e-11	0.691437
2.68417e-11	0.691193
2.68431e-11	0.690948
2.68444e-11	0.690703
2.68458e-11	0.690458
2.68471e-11	0.690213
2.68485e-11	0.689968
2.68498e-11	0.689722
2.68512e-11	0.689477
2.68525e-11	0.689232
2.68539e-11	0.688987
2.68552e-11	0.688741
2.68566e-11	0.688496
2.68579e-11	0.688251
2.68593e-11	0.688005
2.68606e-11	0.68776
2.6862e-11	0.687514
2.68634e-11	0.687268
2.68647e-11	0.687023
2.68661e-11	0.686777
2.68674e-11	0.686531
2.68688e-11	0.686285
2.68701e-11	0.686039
2.68715e-11	0.685794
2.68728e-11	0.685548
2.68742e-11	0.685302
2.68755e-11	0.685055
2.68769e-11	0.684809
2.68782e-11	0.684563
2.68796e-11	0.684317
2.68809e-11	0.684071
2.68823e-11	0.683824
2.68836e-11	0.683578
2.6885e-11	0.683332
2.68863e-11	0.683085
2.68877e-11	0.682839
2.68891e-11	0.682592
2.68904e-11	0.682346
2.68918e-11	0.682099
2.68931e-11	0.681852
2.68945e-11	0.681605
2.68958e-11	0.681359
2.68972e-11	0.681112
2.68985e-11	0.680865
2.68999e-11	0.680618
2.69012e-11	0.680371
2.69026e-11	0.680124
2.69039e-11	0.679877
2.69053e-11	0.67963
2.69066e-11	0.679383
2.6908e-11	0.679135
2.69093e-11	0.678888
2.69107e-11	0.678641
2.6912e-11	0.678394
2.69134e-11	0.678146
2.69148e-11	0.677899
2.69161e-11	0.677651
2.69175e-11	0.677404
2.69188e-11	0.677156
2.69202e-11	0.676908
2.69215e-11	0.676661
2.69229e-11	0.676413
2.69242e-11	0.676165
2.69256e-11	0.675918
2.69269e-11	0.67567
2.69283e-11	0.675422
2.69296e-11	0.675174
2.6931e-11	0.674926
2.69323e-11	0.674678
2.69337e-11	0.67443
2.6935e-11	0.674182
2.69364e-11	0.673933
2.69377e-11	0.673685
2.69391e-11	0.673437
2.69405e-11	0.673189
2.69418e-11	0.67294
2.69432e-11	0.672692
2.69445e-11	0.672443
2.69459e-11	0.672195
2.69472e-11	0.671946
2.69486e-11	0.671698
2.69499e-11	0.671449
2.69513e-11	0.671201
2.69526e-11	0.670952
2.6954e-11	0.670703
2.69553e-11	0.670454
2.69567e-11	0.670205
2.6958e-11	0.669957
2.69594e-11	0.669708
2.69607e-11	0.669459
2.69621e-11	0.66921
2.69634e-11	0.668961
2.69648e-11	0.668711
2.69662e-11	0.668462
2.69675e-11	0.668213
2.69689e-11	0.667964
2.69702e-11	0.667715
2.69716e-11	0.667465
2.69729e-11	0.667216
2.69743e-11	0.666966
2.69756e-11	0.666717
2.6977e-11	0.666467
2.69783e-11	0.666218
2.69797e-11	0.665968
2.6981e-11	0.665719
2.69824e-11	0.665469
2.69837e-11	0.665219
2.69851e-11	0.66497
2.69864e-11	0.66472
2.69878e-11	0.66447
2.69891e-11	0.66422
2.69905e-11	0.66397
2.69919e-11	0.66372
2.69932e-11	0.66347
2.69946e-11	0.66322
2.69959e-11	0.66297
2.69973e-11	0.66272
2.69986e-11	0.66247
2.7e-11	0.662219
2.70013e-11	0.661969
2.70027e-11	0.661719
2.7004e-11	0.661469
2.70054e-11	0.661218
2.70067e-11	0.660968
2.70081e-11	0.660717
2.70094e-11	0.660467
2.70108e-11	0.660216
2.70121e-11	0.659966
2.70135e-11	0.659715
2.70148e-11	0.659464
2.70162e-11	0.659214
2.70176e-11	0.658963
2.70189e-11	0.658712
2.70203e-11	0.658461
2.70216e-11	0.65821
2.7023e-11	0.657959
2.70243e-11	0.657708
2.70257e-11	0.657457
2.7027e-11	0.657206
2.70284e-11	0.656955
2.70297e-11	0.656704
2.70311e-11	0.656453
2.70324e-11	0.656202
2.70338e-11	0.655951
2.70351e-11	0.655699
2.70365e-11	0.655448
2.70378e-11	0.655197
2.70392e-11	0.654945
2.70405e-11	0.654694
2.70419e-11	0.654442
2.70433e-11	0.654191
2.70446e-11	0.653939
2.7046e-11	0.653688
2.70473e-11	0.653436
2.70487e-11	0.653184
2.705e-11	0.652933
2.70514e-11	0.652681
2.70527e-11	0.652429
2.70541e-11	0.652177
2.70554e-11	0.651925
2.70568e-11	0.651673
2.70581e-11	0.651421
2.70595e-11	0.651169
2.70608e-11	0.650917
2.70622e-11	0.650665
2.70635e-11	0.650413
2.70649e-11	0.650161
2.70662e-11	0.649909
2.70676e-11	0.649657
2.7069e-11	0.649404
2.70703e-11	0.649152
2.70717e-11	0.6489
2.7073e-11	0.648647
2.70744e-11	0.648395
2.70757e-11	0.648142
2.70771e-11	0.64789
2.70784e-11	0.647637
2.70798e-11	0.647385
2.70811e-11	0.647132
2.70825e-11	0.64688
2.70838e-11	0.646627
2.70852e-11	0.646374
2.70865e-11	0.646122
2.70879e-11	0.645869
2.70892e-11	0.645616
2.70906e-11	0.645363
2.7092e-11	0.64511
2.70933e-11	0.644857
2.70947e-11	0.644604
2.7096e-11	0.644351
2.70974e-11	0.644098
2.70987e-11	0.643845
2.71001e-11	0.643592
2.71014e-11	0.643339
2.71028e-11	0.643086
2.71041e-11	0.642832
2.71055e-11	0.642579
2.71068e-11	0.642326
2.71082e-11	0.642072
2.71095e-11	0.641819
2.71109e-11	0.641566
2.71122e-11	0.641312
2.71136e-11	0.641059
2.71149e-11	0.640805
2.71163e-11	0.640552
2.71177e-11	0.640298
2.7119e-11	0.640044
2.71204e-11	0.639791
2.71217e-11	0.639537
2.71231e-11	0.639283
2.71244e-11	0.63903
2.71258e-11	0.638776
2.71271e-11	0.638522
2.71285e-11	0.638268
2.71298e-11	0.638014
2.71312e-11	0.63776
2.71325e-11	0.637506
2.71339e-11	0.637252
2.71352e-11	0.636998
2.71366e-11	0.636744
2.71379e-11	0.63649
2.71393e-11	0.636236
2.71406e-11	0.635982
2.7142e-11	0.635727
2.71434e-11	0.635473
2.71447e-11	0.635219
2.71461e-11	0.634964
2.71474e-11	0.63471
2.71488e-11	0.634456
2.71501e-11	0.634201
2.71515e-11	0.633947
2.71528e-11	0.633692
2.71542e-11	0.633438
2.71555e-11	0.633183
2.71569e-11	0.632929
2.71582e-11	0.632674
2.71596e-11	0.632419
2.71609e-11	0.632165
2.71623e-11	0.63191
2.71636e-11	0.631655
2.7165e-11	0.6314
2.71663e-11	0.631145
2.71677e-11	0.630891
2.71691e-11	0.630636
2.71704e-11	0.630381
2.71718e-11	0.630126
2.71731e-11	0.629871
2.71745e-11	0.629616
2.71758e-11	0.629361
2.71772e-11	0.629106
2.71785e-11	0.62885
2.71799e-11	0.628595
2.71812e-11	0.62834
2.71826e-11	0.628085
2.71839e-11	0.62783
2.71853e-11	0.627574
2.71866e-11	0.627319
2.7188e-11	0.627064
2.71893e-11	0.626808
2.71907e-11	0.626553
2.7192e-11	0.626297
2.71934e-11	0.626042
2.71948e-11	0.625786
2.71961e-11	0.625531
2.71975e-11	0.625275
2.71988e-11	0.62502
2.72002e-11	0.624764
2.72015e-11	0.624508
2.72029e-11	0.624253
2.72042e-11	0.623997
2.72056e-11	0.623741
2.72069e-11	0.623485
2.72083e-11	0.62323
2.72096e-11	0.622974
2.7211e-11	0.622718
2.72123e-11	0.622462
2.72137e-11	0.622206
2.7215e-11	0.62195
2.72164e-11	0.621694
2.72177e-11	0.621438
2.72191e-11	0.621182
2.72205e-11	0.620926
2.72218e-11	0.62067
2.72232e-11	0.620413
2.72245e-11	0.620157
2.72259e-11	0.619901
2.72272e-11	0.619645
2.72286e-11	0.619389
2.72299e-11	0.619132
2.72313e-11	0.618876
2.72326e-11	0.61862
2.7234e-11	0.618363
2.72353e-11	0.618107
2.72367e-11	0.61785
2.7238e-11	0.617594
2.72394e-11	0.617337
2.72407e-11	0.617081
2.72421e-11	0.616824
2.72434e-11	0.616567
2.72448e-11	0.616311
2.72462e-11	0.616054
2.72475e-11	0.615797
2.72489e-11	0.615541
2.72502e-11	0.615284
2.72516e-11	0.615027
2.72529e-11	0.61477
2.72543e-11	0.614514
2.72556e-11	0.614257
2.7257e-11	0.614
2.72583e-11	0.613743
2.72597e-11	0.613486
2.7261e-11	0.613229
2.72624e-11	0.612972
2.72637e-11	0.612715
2.72651e-11	0.612458
2.72664e-11	0.612201
2.72678e-11	0.611944
2.72691e-11	0.611687
2.72705e-11	0.611429
2.72719e-11	0.611172
2.72732e-11	0.610915
2.72746e-11	0.610658
2.72759e-11	0.6104
2.72773e-11	0.610143
2.72786e-11	0.609886
2.728e-11	0.609628
2.72813e-11	0.609371
2.72827e-11	0.609114
2.7284e-11	0.608856
2.72854e-11	0.608599
2.72867e-11	0.608341
2.72881e-11	0.608084
2.72894e-11	0.607826
2.72908e-11	0.607568
2.72921e-11	0.607311
2.72935e-11	0.607053
2.72948e-11	0.606796
2.72962e-11	0.606538
2.72976e-11	0.60628
2.72989e-11	0.606022
2.73003e-11	0.605765
2.73016e-11	0.605507
2.7303e-11	0.605249
2.73043e-11	0.604991
2.73057e-11	0.604733
2.7307e-11	0.604475
2.73084e-11	0.604217
2.73097e-11	0.60396
2.73111e-11	0.603702
2.73124e-11	0.603444
2.73138e-11	0.603186
2.73151e-11	0.602928
2.73165e-11	0.602669
2.73178e-11	0.602411
2.73192e-11	0.602153
2.73205e-11	0.601895
2.73219e-11	0.601637
2.73233e-11	0.601379
2.73246e-11	0.60112
2.7326e-11	0.600862
2.73273e-11	0.600604
2.73287e-11	0.600346
2.733e-11	0.600087
2.73314e-11	0.599829
2.73327e-11	0.599571
2.73341e-11	0.599312
2.73354e-11	0.599054
2.73368e-11	0.598795
2.73381e-11	0.598537
2.73395e-11	0.598278
2.73408e-11	0.59802
2.73422e-11	0.597761
2.73435e-11	0.597503
2.73449e-11	0.597244
2.73462e-11	0.596986
2.73476e-11	0.596727
2.7349e-11	0.596468
2.73503e-11	0.59621
2.73517e-11	0.595951
2.7353e-11	0.595692
2.73544e-11	0.595433
2.73557e-11	0.595175
2.73571e-11	0.594916
2.73584e-11	0.594657
2.73598e-11	0.594398
2.73611e-11	0.594139
2.73625e-11	0.59388
2.73638e-11	0.593621
2.73652e-11	0.593362
2.73665e-11	0.593103
2.73679e-11	0.592844
2.73692e-11	0.592585
2.73706e-11	0.592326
2.73719e-11	0.592067
2.73733e-11	0.591808
2.73747e-11	0.591549
2.7376e-11	0.59129
2.73774e-11	0.591031
2.73787e-11	0.590772
2.73801e-11	0.590513
2.73814e-11	0.590253
2.73828e-11	0.589994
2.73841e-11	0.589735
2.73855e-11	0.589476
2.73868e-11	0.589216
2.73882e-11	0.588957
2.73895e-11	0.588698
2.73909e-11	0.588438
2.73922e-11	0.588179
2.73936e-11	0.58792
2.73949e-11	0.58766
2.73963e-11	0.587401
2.73976e-11	0.587141
2.7399e-11	0.586882
2.74004e-11	0.586622
2.74017e-11	0.586363
2.74031e-11	0.586103
2.74044e-11	0.585844
2.74058e-11	0.585584
2.74071e-11	0.585324
2.74085e-11	0.585065
2.74098e-11	0.584805
2.74112e-11	0.584545
2.74125e-11	0.584286
2.74139e-11	0.584026
2.74152e-11	0.583766
2.74166e-11	0.583506
2.74179e-11	0.583247
2.74193e-11	0.582987
2.74206e-11	0.582727
2.7422e-11	0.582467
2.74233e-11	0.582207
2.74247e-11	0.581948
2.74261e-11	0.581688
2.74274e-11	0.581428
2.74288e-11	0.581168
2.74301e-11	0.580908
2.74315e-11	0.580648
2.74328e-11	0.580388
2.74342e-11	0.580128
2.74355e-11	0.579868
2.74369e-11	0.579608
2.74382e-11	0.579348
2.74396e-11	0.579088
2.74409e-11	0.578828
2.74423e-11	0.578567
2.74436e-11	0.578307
2.7445e-11	0.578047
2.74463e-11	0.577787
2.74477e-11	0.577527
2.7449e-11	0.577267
2.74504e-11	0.577006
2.74518e-11	0.576746
2.74531e-11	0.576486
2.74545e-11	0.576225
2.74558e-11	0.575965
2.74572e-11	0.575705
2.74585e-11	0.575444
2.74599e-11	0.575184
2.74612e-11	0.574924
2.74626e-11	0.574663
2.74639e-11	0.574403
2.74653e-11	0.574142
2.74666e-11	0.573882
2.7468e-11	0.573622
2.74693e-11	0.573361
2.74707e-11	0.573101
2.7472e-11	0.57284
2.74734e-11	0.57258
2.74747e-11	0.572319
2.74761e-11	0.572058
2.74775e-11	0.571798
2.74788e-11	0.571537
2.74802e-11	0.571277
2.74815e-11	0.571016
2.74829e-11	0.570755
2.74842e-11	0.570495
2.74856e-11	0.570234
2.74869e-11	0.569973
2.74883e-11	0.569712
2.74896e-11	0.569452
2.7491e-11	0.569191
2.74923e-11	0.56893
2.74937e-11	0.568669
2.7495e-11	0.568409
2.74964e-11	0.568148
2.74977e-11	0.567887
2.74991e-11	0.567626
2.75004e-11	0.567365
2.75018e-11	0.567104
2.75032e-11	0.566843
2.75045e-11	0.566583
2.75059e-11	0.566322
2.75072e-11	0.566061
2.75086e-11	0.5658
2.75099e-11	0.565539
2.75113e-11	0.565278
2.75126e-11	0.565017
2.7514e-11	0.564756
2.75153e-11	0.564495
2.75167e-11	0.564234
2.7518e-11	0.563973
2.75194e-11	0.563711
2.75207e-11	0.56345
2.75221e-11	0.563189
2.75234e-11	0.562928
2.75248e-11	0.562667
2.75261e-11	0.562406
2.75275e-11	0.562145
2.75289e-11	0.561883
2.75302e-11	0.561622
2.75316e-11	0.561361
2.75329e-11	0.5611
2.75343e-11	0.560839
2.75356e-11	0.560577
2.7537e-11	0.560316
2.75383e-11	0.560055
2.75397e-11	0.559793
2.7541e-11	0.559532
2.75424e-11	0.559271
2.75437e-11	0.559009
2.75451e-11	0.558748
2.75464e-11	0.558487
2.75478e-11	0.558225
2.75491e-11	0.557964
2.75505e-11	0.557703
2.75518e-11	0.557441
2.75532e-11	0.55718
2.75546e-11	0.556918
2.75559e-11	0.556657
2.75573e-11	0.556395
2.75586e-11	0.556134
2.756e-11	0.555872
2.75613e-11	0.555611
2.75627e-11	0.555349
2.7564e-11	0.555088
2.75654e-11	0.554826
2.75667e-11	0.554565
2.75681e-11	0.554303
2.75694e-11	0.554042
2.75708e-11	0.55378
2.75721e-11	0.553518
2.75735e-11	0.553257
2.75748e-11	0.552995
2.75762e-11	0.552733
2.75775e-11	0.552472
2.75789e-11	0.55221
2.75803e-11	0.551948
2.75816e-11	0.551687
2.7583e-11	0.551425
2.75843e-11	0.551163
2.75857e-11	0.550902
2.7587e-11	0.55064
2.75884e-11	0.550378
2.75897e-11	0.550116
2.75911e-11	0.549855
2.75924e-11	0.549593
2.75938e-11	0.549331
2.75951e-11	0.549069
2.75965e-11	0.548807
2.75978e-11	0.548546
2.75992e-11	0.548284
2.76005e-11	0.548022
2.76019e-11	0.54776
2.76032e-11	0.547498
2.76046e-11	0.547236
2.7606e-11	0.546974
2.76073e-11	0.546713
2.76087e-11	0.546451
2.761e-11	0.546189
2.76114e-11	0.545927
2.76127e-11	0.545665
2.76141e-11	0.545403
2.76154e-11	0.545141
2.76168e-11	0.544879
2.76181e-11	0.544617
2.76195e-11	0.544355
2.76208e-11	0.544093
2.76222e-11	0.543831
2.76235e-11	0.543569
2.76249e-11	0.543307
2.76262e-11	0.543045
2.76276e-11	0.542783
2.76289e-11	0.542521
2.76303e-11	0.542259
2.76317e-11	0.541997
2.7633e-11	0.541735
2.76344e-11	0.541472
2.76357e-11	0.54121
2.76371e-11	0.540948
2.76384e-11	0.540686
2.76398e-11	0.540424
2.76411e-11	0.540162
2.76425e-11	0.5399
2.76438e-11	0.539638
2.76452e-11	0.539375
2.76465e-11	0.539113
2.76479e-11	0.538851
2.76492e-11	0.538589
2.76506e-11	0.538327
2.76519e-11	0.538064
2.76533e-11	0.537802
2.76546e-11	0.53754
2.7656e-11	0.537278
2.76574e-11	0.537016
2.76587e-11	0.536753
2.76601e-11	0.536491
2.76614e-11	0.536229
2.76628e-11	0.535967
2.76641e-11	0.535704
2.76655e-11	0.535442
2.76668e-11	0.53518
2.76682e-11	0.534917
2.76695e-11	0.534655
2.76709e-11	0.534393
2.76722e-11	0.53413
2.76736e-11	0.533868
2.76749e-11	0.533606
2.76763e-11	0.533343
2.76776e-11	0.533081
2.7679e-11	0.532819
2.76803e-11	0.532556
2.76817e-11	0.532294
2.76831e-11	0.532032
2.76844e-11	0.531769
2.76858e-11	0.531507
2.76871e-11	0.531244
2.76885e-11	0.530982
2.76898e-11	0.53072
2.76912e-11	0.530457
2.76925e-11	0.530195
2.76939e-11	0.529932
2.76952e-11	0.52967
2.76966e-11	0.529408
2.76979e-11	0.529145
2.76993e-11	0.528883
2.77006e-11	0.52862
2.7702e-11	0.528358
2.77033e-11	0.528095
2.77047e-11	0.527833
2.7706e-11	0.52757
2.77074e-11	0.527308
2.77088e-11	0.527045
2.77101e-11	0.526783
2.77115e-11	0.52652
2.77128e-11	0.526258
2.77142e-11	0.525995
2.77155e-11	0.525733
2.77169e-11	0.52547
2.77182e-11	0.525208
2.77196e-11	0.524945
2.77209e-11	0.524683
2.77223e-11	0.52442
2.77236e-11	0.524158
2.7725e-11	0.523895
2.77263e-11	0.523633
2.77277e-11	0.52337
2.7729e-11	0.523108
2.77304e-11	0.522845
2.77317e-11	0.522582
2.77331e-11	0.52232
2.77345e-11	0.522057
2.77358e-11	0.521795
2.77372e-11	0.521532
2.77385e-11	0.52127
2.77399e-11	0.521007
2.77412e-11	0.520744
2.77426e-11	0.520482
2.77439e-11	0.520219
2.77453e-11	0.519957
2.77466e-11	0.519694
2.7748e-11	0.519431
2.77493e-11	0.519169
2.77507e-11	0.518906
2.7752e-11	0.518643
2.77534e-11	0.518381
2.77547e-11	0.518118
2.77561e-11	0.517856
2.77574e-11	0.517593
2.77588e-11	0.51733
2.77602e-11	0.517068
2.77615e-11	0.516805
2.77629e-11	0.516542
2.77642e-11	0.51628
2.77656e-11	0.516017
2.77669e-11	0.515754
2.77683e-11	0.515492
2.77696e-11	0.515229
2.7771e-11	0.514966
2.77723e-11	0.514704
2.77737e-11	0.514441
2.7775e-11	0.514179
2.77764e-11	0.513916
2.77777e-11	0.513653
2.77791e-11	0.513391
2.77804e-11	0.513128
2.77818e-11	0.512865
2.77831e-11	0.512603
2.77845e-11	0.51234
2.77859e-11	0.512077
2.77872e-11	0.511814
2.77886e-11	0.511552
2.77899e-11	0.511289
2.77913e-11	0.511026
2.77926e-11	0.510764
2.7794e-11	0.510501
2.77953e-11	0.510238
2.77967e-11	0.509976
2.7798e-11	0.509713
2.77994e-11	0.50945
2.78007e-11	0.509188
2.78021e-11	0.508925
2.78034e-11	0.508662
2.78048e-11	0.5084
2.78061e-11	0.508137
2.78075e-11	0.507874
2.78088e-11	0.507612
2.78102e-11	0.507349
2.78116e-11	0.507086
2.78129e-11	0.506823
2.78143e-11	0.506561
2.78156e-11	0.506298
2.7817e-11	0.506035
2.78183e-11	0.505773
2.78197e-11	0.50551
2.7821e-11	0.505247
2.78224e-11	0.504985
2.78237e-11	0.504722
2.78251e-11	0.504459
2.78264e-11	0.504197
2.78278e-11	0.503934
2.78291e-11	0.503671
2.78305e-11	0.503408
2.78318e-11	0.503146
2.78332e-11	0.502883
2.78345e-11	0.50262
2.78359e-11	0.502358
2.78373e-11	0.502095
2.78386e-11	0.501832
2.784e-11	0.50157
2.78413e-11	0.501307
2.78427e-11	0.501044
2.7844e-11	0.500782
2.78454e-11	0.500519
2.78467e-11	0.500256
2.78481e-11	0.499994
2.78494e-11	0.499731
2.78508e-11	0.499468
2.78521e-11	0.499206
2.78535e-11	0.498943
2.78548e-11	0.49868
2.78562e-11	0.498418
2.78575e-11	0.498155
2.78589e-11	0.497892
2.78602e-11	0.49763
2.78616e-11	0.497367
2.7863e-11	0.497104
2.78643e-11	0.496842
2.78657e-11	0.496579
2.7867e-11	0.496316
2.78684e-11	0.496054
2.78697e-11	0.495791
2.78711e-11	0.495529
2.78724e-11	0.495266
2.78738e-11	0.495003
2.78751e-11	0.494741
2.78765e-11	0.494478
2.78778e-11	0.494215
2.78792e-11	0.493953
2.78805e-11	0.49369
2.78819e-11	0.493428
2.78832e-11	0.493165
2.78846e-11	0.492902
2.78859e-11	0.49264
2.78873e-11	0.492377
2.78887e-11	0.492115
2.789e-11	0.491852
2.78914e-11	0.491589
2.78927e-11	0.491327
2.78941e-11	0.491064
2.78954e-11	0.490802
2.78968e-11	0.490539
2.78981e-11	0.490277
2.78995e-11	0.490014
2.79008e-11	0.489751
2.79022e-11	0.489489
2.79035e-11	0.489226
2.79049e-11	0.488964
2.79062e-11	0.488701
2.79076e-11	0.488439
2.79089e-11	0.488176
2.79103e-11	0.487914
2.79116e-11	0.487651
2.7913e-11	0.487389
2.79144e-11	0.487126
2.79157e-11	0.486864
2.79171e-11	0.486601
2.79184e-11	0.486339
2.79198e-11	0.486076
2.79211e-11	0.485814
2.79225e-11	0.485551
2.79238e-11	0.485289
2.79252e-11	0.485026
2.79265e-11	0.484764
2.79279e-11	0.484501
2.79292e-11	0.484239
2.79306e-11	0.483976
2.79319e-11	0.483714
2.79333e-11	0.483451
2.79346e-11	0.483189
2.7936e-11	0.482927
2.79373e-11	0.482664
2.79387e-11	0.482402
2.79401e-11	0.482139
2.79414e-11	0.481877
2.79428e-11	0.481615
2.79441e-11	0.481352
2.79455e-11	0.48109
2.79468e-11	0.480827
2.79482e-11	0.480565
2.79495e-11	0.480303
2.79509e-11	0.48004
2.79522e-11	0.479778
2.79536e-11	0.479516
2.79549e-11	0.479253
2.79563e-11	0.478991
2.79576e-11	0.478729
2.7959e-11	0.478466
2.79603e-11	0.478204
2.79617e-11	0.477942
2.7963e-11	0.477679
2.79644e-11	0.477417
2.79658e-11	0.477155
2.79671e-11	0.476893
2.79685e-11	0.47663
2.79698e-11	0.476368
2.79712e-11	0.476106
2.79725e-11	0.475843
2.79739e-11	0.475581
2.79752e-11	0.475319
2.79766e-11	0.475057
2.79779e-11	0.474795
2.79793e-11	0.474532
2.79806e-11	0.47427
2.7982e-11	0.474008
2.79833e-11	0.473746
2.79847e-11	0.473484
2.7986e-11	0.473221
2.79874e-11	0.472959
2.79887e-11	0.472697
2.79901e-11	0.472435
2.79915e-11	0.472173
2.79928e-11	0.471911
2.79942e-11	0.471649
2.79955e-11	0.471387
2.79969e-11	0.471124
2.79982e-11	0.470862
2.79996e-11	0.4706
2.80009e-11	0.470338
2.80023e-11	0.470076
2.80036e-11	0.469814
2.8005e-11	0.469552
2.80063e-11	0.46929
2.80077e-11	0.469028
2.8009e-11	0.468766
2.80104e-11	0.468504
2.80117e-11	0.468242
2.80131e-11	0.46798
2.80144e-11	0.467718
2.80158e-11	0.467456
2.80172e-11	0.467194
2.80185e-11	0.466932
2.80199e-11	0.46667
2.80212e-11	0.466408
2.80226e-11	0.466146
2.80239e-11	0.465884
2.80253e-11	0.465623
2.80266e-11	0.465361
2.8028e-11	0.465099
2.80293e-11	0.464837
2.80307e-11	0.464575
2.8032e-11	0.464313
2.80334e-11	0.464051
2.80347e-11	0.46379
2.80361e-11	0.463528
2.80374e-11	0.463266
2.80388e-11	0.463004
2.80401e-11	0.462742
2.80415e-11	0.462481
2.80429e-11	0.462219
2.80442e-11	0.461957
2.80456e-11	0.461695
2.80469e-11	0.461434
2.80483e-11	0.461172
2.80496e-11	0.46091
2.8051e-11	0.460648
2.80523e-11	0.460387
2.80537e-11	0.460125
2.8055e-11	0.459863
2.80564e-11	0.459602
2.80577e-11	0.45934
2.80591e-11	0.459079
2.80604e-11	0.458817
2.80618e-11	0.458555
2.80631e-11	0.458294
2.80645e-11	0.458032
2.80658e-11	0.457771
2.80672e-11	0.457509
2.80686e-11	0.457248
2.80699e-11	0.456986
2.80713e-11	0.456724
2.80726e-11	0.456463
2.8074e-11	0.456201
2.80753e-11	0.45594
2.80767e-11	0.455679
2.8078e-11	0.455417
2.80794e-11	0.455156
2.80807e-11	0.454894
2.80821e-11	0.454633
2.80834e-11	0.454371
2.80848e-11	0.45411
2.80861e-11	0.453849
2.80875e-11	0.453587
2.80888e-11	0.453326
2.80902e-11	0.453065
2.80915e-11	0.452803
2.80929e-11	0.452542
2.80943e-11	0.452281
2.80956e-11	0.452019
2.8097e-11	0.451758
2.80983e-11	0.451497
2.80997e-11	0.451236
2.8101e-11	0.450974
2.81024e-11	0.450713
2.81037e-11	0.450452
2.81051e-11	0.450191
2.81064e-11	0.44993
2.81078e-11	0.449668
2.81091e-11	0.449407
2.81105e-11	0.449146
2.81118e-11	0.448885
2.81132e-11	0.448624
2.81145e-11	0.448363
2.81159e-11	0.448102
2.81172e-11	0.447841
2.81186e-11	0.44758
2.812e-11	0.447318
2.81213e-11	0.447057
2.81227e-11	0.446796
2.8124e-11	0.446535
2.81254e-11	0.446275
2.81267e-11	0.446014
2.81281e-11	0.445753
2.81294e-11	0.445492
2.81308e-11	0.445231
2.81321e-11	0.44497
2.81335e-11	0.444709
2.81348e-11	0.444448
2.81362e-11	0.444187
2.81375e-11	0.443926
2.81389e-11	0.443666
2.81402e-11	0.443405
2.81416e-11	0.443144
2.81429e-11	0.442883
2.81443e-11	0.442622
2.81457e-11	0.442362
2.8147e-11	0.442101
2.81484e-11	0.44184
2.81497e-11	0.44158
2.81511e-11	0.441319
2.81524e-11	0.441058
2.81538e-11	0.440798
2.81551e-11	0.440537
2.81565e-11	0.440276
2.81578e-11	0.440016
2.81592e-11	0.439755
2.81605e-11	0.439494
2.81619e-11	0.439234
2.81632e-11	0.438973
2.81646e-11	0.438713
2.81659e-11	0.438452
2.81673e-11	0.438192
2.81686e-11	0.437931
2.817e-11	0.437671
2.81714e-11	0.437411
2.81727e-11	0.43715
2.81741e-11	0.43689
2.81754e-11	0.436629
2.81768e-11	0.436369
2.81781e-11	0.436109
2.81795e-11	0.435848
2.81808e-11	0.435588
2.81822e-11	0.435328
2.81835e-11	0.435067
2.81849e-11	0.434807
2.81862e-11	0.434547
2.81876e-11	0.434287
2.81889e-11	0.434026
2.81903e-11	0.433766
2.81916e-11	0.433506
2.8193e-11	0.433246
2.81943e-11	0.432986
2.81957e-11	0.432726
2.81971e-11	0.432465
2.81984e-11	0.432205
2.81998e-11	0.431945
2.82011e-11	0.431685
2.82025e-11	0.431425
2.82038e-11	0.431165
2.82052e-11	0.430905
2.82065e-11	0.430645
2.82079e-11	0.430385
2.82092e-11	0.430125
2.82106e-11	0.429865
2.82119e-11	0.429606
2.82133e-11	0.429346
2.82146e-11	0.429086
2.8216e-11	0.428826
2.82173e-11	0.428566
2.82187e-11	0.428306
2.822e-11	0.428046
2.82214e-11	0.427787
2.82228e-11	0.427527
2.82241e-11	0.427267
2.82255e-11	0.427007
2.82268e-11	0.426748
2.82282e-11	0.426488
2.82295e-11	0.426228
2.82309e-11	0.425969
2.82322e-11	0.425709
2.82336e-11	0.42545
2.82349e-11	0.42519
2.82363e-11	0.42493
2.82376e-11	0.424671
2.8239e-11	0.424411
2.82403e-11	0.424152
2.82417e-11	0.423892
2.8243e-11	0.423633
2.82444e-11	0.423374
2.82457e-11	0.423114
2.82471e-11	0.422855
2.82485e-11	0.422595
2.82498e-11	0.422336
2.82512e-11	0.422077
2.82525e-11	0.421817
2.82539e-11	0.421558
2.82552e-11	0.421299
2.82566e-11	0.42104
2.82579e-11	0.42078
2.82593e-11	0.420521
2.82606e-11	0.420262
2.8262e-11	0.420003
2.82633e-11	0.419744
2.82647e-11	0.419484
2.8266e-11	0.419225
2.82674e-11	0.418966
2.82687e-11	0.418707
2.82701e-11	0.418448
2.82714e-11	0.418189
2.82728e-11	0.41793
2.82742e-11	0.417671
2.82755e-11	0.417412
2.82769e-11	0.417153
2.82782e-11	0.416894
2.82796e-11	0.416635
2.82809e-11	0.416377
2.82823e-11	0.416118
2.82836e-11	0.415859
2.8285e-11	0.4156
2.82863e-11	0.415341
2.82877e-11	0.415083
2.8289e-11	0.414824
2.82904e-11	0.414565
2.82917e-11	0.414306
2.82931e-11	0.414048
2.82944e-11	0.413789
2.82958e-11	0.41353
2.82971e-11	0.413272
2.82985e-11	0.413013
2.82999e-11	0.412755
2.83012e-11	0.412496
2.83026e-11	0.412238
2.83039e-11	0.411979
2.83053e-11	0.411721
2.83066e-11	0.411462
2.8308e-11	0.411204
2.83093e-11	0.410945
2.83107e-11	0.410687
2.8312e-11	0.410429
2.83134e-11	0.41017
2.83147e-11	0.409912
2.83161e-11	0.409654
2.83174e-11	0.409395
2.83188e-11	0.409137
2.83201e-11	0.408879
2.83215e-11	0.408621
2.83228e-11	0.408363
2.83242e-11	0.408105
2.83256e-11	0.407846
2.83269e-11	0.407588
2.83283e-11	0.40733
2.83296e-11	0.407072
2.8331e-11	0.406814
2.83323e-11	0.406556
2.83337e-11	0.406298
2.8335e-11	0.40604
2.83364e-11	0.405782
2.83377e-11	0.405524
2.83391e-11	0.405267
2.83404e-11	0.405009
2.83418e-11	0.404751
2.83431e-11	0.404493
2.83445e-11	0.404235
2.83458e-11	0.403978
2.83472e-11	0.40372
2.83485e-11	0.403462
2.83499e-11	0.403204
2.83513e-11	0.402947
2.83526e-11	0.402689
2.8354e-11	0.402431
2.83553e-11	0.402174
2.83567e-11	0.401916
2.8358e-11	0.401659
2.83594e-11	0.401401
2.83607e-11	0.401144
2.83621e-11	0.400886
2.83634e-11	0.400629
2.83648e-11	0.400372
2.83661e-11	0.400114
2.83675e-11	0.399857
2.83688e-11	0.399599
2.83702e-11	0.399342
2.83715e-11	0.399085
2.83729e-11	0.398828
2.83742e-11	0.39857
2.83756e-11	0.398313
2.8377e-11	0.398056
2.83783e-11	0.397799
2.83797e-11	0.397542
2.8381e-11	0.397285
2.83824e-11	0.397028
2.83837e-11	0.396771
2.83851e-11	0.396514
2.83864e-11	0.396257
2.83878e-11	0.396
2.83891e-11	0.395743
2.83905e-11	0.395486
2.83918e-11	0.395229
2.83932e-11	0.394972
2.83945e-11	0.394715
2.83959e-11	0.394458
2.83972e-11	0.394202
2.83986e-11	0.393945
2.83999e-11	0.393688
2.84013e-11	0.393431
2.84027e-11	0.393175
2.8404e-11	0.392918
2.84054e-11	0.392661
2.84067e-11	0.392405
2.84081e-11	0.392148
2.84094e-11	0.391892
2.84108e-11	0.391635
2.84121e-11	0.391379
2.84135e-11	0.391122
2.84148e-11	0.390866
2.84162e-11	0.390609
2.84175e-11	0.390353
2.84189e-11	0.390097
2.84202e-11	0.38984
2.84216e-11	0.389584
2.84229e-11	0.389328
2.84243e-11	0.389072
2.84256e-11	0.388815
2.8427e-11	0.388559
2.84284e-11	0.388303
2.84297e-11	0.388047
2.84311e-11	0.387791
2.84324e-11	0.387535
2.84338e-11	0.387279
2.84351e-11	0.387023
2.84365e-11	0.386767
2.84378e-11	0.386511
2.84392e-11	0.386255
2.84405e-11	0.385999
2.84419e-11	0.385743
2.84432e-11	0.385487
2.84446e-11	0.385232
2.84459e-11	0.384976
2.84473e-11	0.38472
2.84486e-11	0.384464
2.845e-11	0.384209
2.84513e-11	0.383953
2.84527e-11	0.383697
2.84541e-11	0.383442
2.84554e-11	0.383186
2.84568e-11	0.382931
2.84581e-11	0.382675
2.84595e-11	0.38242
2.84608e-11	0.382164
2.84622e-11	0.381909
2.84635e-11	0.381653
2.84649e-11	0.381398
2.84662e-11	0.381143
2.84676e-11	0.380887
2.84689e-11	0.380632
2.84703e-11	0.380377
2.84716e-11	0.380122
2.8473e-11	0.379866
2.84743e-11	0.379611
2.84757e-11	0.379356
2.8477e-11	0.379101
2.84784e-11	0.378846
2.84798e-11	0.378591
2.84811e-11	0.378336
2.84825e-11	0.378081
2.84838e-11	0.377826
2.84852e-11	0.377571
2.84865e-11	0.377316
2.84879e-11	0.377061
2.84892e-11	0.376807
2.84906e-11	0.376552
2.84919e-11	0.376297
2.84933e-11	0.376042
2.84946e-11	0.375788
2.8496e-11	0.375533
2.84973e-11	0.375278
2.84987e-11	0.375024
2.85e-11	0.374769
2.85014e-11	0.374515
2.85027e-11	0.37426
2.85041e-11	0.374006
2.85055e-11	0.373751
2.85068e-11	0.373497
2.85082e-11	0.373242
2.85095e-11	0.372988
2.85109e-11	0.372734
2.85122e-11	0.372479
2.85136e-11	0.372225
2.85149e-11	0.371971
2.85163e-11	0.371717
2.85176e-11	0.371462
2.8519e-11	0.371208
2.85203e-11	0.370954
2.85217e-11	0.3707
2.8523e-11	0.370446
2.85244e-11	0.370192
2.85257e-11	0.369938
2.85271e-11	0.369684
2.85284e-11	0.36943
2.85298e-11	0.369176
2.85312e-11	0.368923
2.85325e-11	0.368669
2.85339e-11	0.368415
2.85352e-11	0.368161
2.85366e-11	0.367908
2.85379e-11	0.367654
2.85393e-11	0.3674
2.85406e-11	0.367147
2.8542e-11	0.366893
2.85433e-11	0.366639
2.85447e-11	0.366386
2.8546e-11	0.366132
2.85474e-11	0.365879
2.85487e-11	0.365626
2.85501e-11	0.365372
2.85514e-11	0.365119
2.85528e-11	0.364866
2.85541e-11	0.364612
2.85555e-11	0.364359
2.85569e-11	0.364106
2.85582e-11	0.363853
2.85596e-11	0.363599
2.85609e-11	0.363346
2.85623e-11	0.363093
2.85636e-11	0.36284
2.8565e-11	0.362587
2.85663e-11	0.362334
2.85677e-11	0.362081
2.8569e-11	0.361828
2.85704e-11	0.361575
2.85717e-11	0.361323
2.85731e-11	0.36107
2.85744e-11	0.360817
2.85758e-11	0.360564
2.85771e-11	0.360312
2.85785e-11	0.360059
2.85798e-11	0.359806
2.85812e-11	0.359554
2.85826e-11	0.359301
2.85839e-11	0.359049
2.85853e-11	0.358796
2.85866e-11	0.358544
2.8588e-11	0.358291
2.85893e-11	0.358039
2.85907e-11	0.357786
2.8592e-11	0.357534
2.85934e-11	0.357282
2.85947e-11	0.357029
2.85961e-11	0.356777
2.85974e-11	0.356525
2.85988e-11	0.356273
2.86001e-11	0.356021
2.86015e-11	0.355769
2.86028e-11	0.355517
2.86042e-11	0.355265
2.86055e-11	0.355013
2.86069e-11	0.354761
2.86083e-11	0.354509
2.86096e-11	0.354257
2.8611e-11	0.354005
2.86123e-11	0.353753
2.86137e-11	0.353502
2.8615e-11	0.35325
2.86164e-11	0.352998
2.86177e-11	0.352746
2.86191e-11	0.352495
2.86204e-11	0.352243
2.86218e-11	0.351992
2.86231e-11	0.35174
2.86245e-11	0.351489
2.86258e-11	0.351237
2.86272e-11	0.350986
2.86285e-11	0.350735
2.86299e-11	0.350483
2.86313e-11	0.350232
2.86326e-11	0.349981
2.8634e-11	0.349729
2.86353e-11	0.349478
2.86367e-11	0.349227
2.8638e-11	0.348976
2.86394e-11	0.348725
2.86407e-11	0.348474
2.86421e-11	0.348223
2.86434e-11	0.347972
2.86448e-11	0.347721
2.86461e-11	0.34747
2.86475e-11	0.347219
2.86488e-11	0.346968
2.86502e-11	0.346718
2.86515e-11	0.346467
2.86529e-11	0.346216
2.86542e-11	0.345966
2.86556e-11	0.345715
2.8657e-11	0.345464
2.86583e-11	0.345214
2.86597e-11	0.344963
2.8661e-11	0.344713
2.86624e-11	0.344462
2.86637e-11	0.344212
2.86651e-11	0.343962
2.86664e-11	0.343711
2.86678e-11	0.343461
2.86691e-11	0.343211
2.86705e-11	0.34296
2.86718e-11	0.34271
2.86732e-11	0.34246
2.86745e-11	0.34221
2.86759e-11	0.34196
2.86772e-11	0.34171
2.86786e-11	0.34146
2.86799e-11	0.34121
2.86813e-11	0.34096
2.86827e-11	0.34071
2.8684e-11	0.34046
2.86854e-11	0.340211
2.86867e-11	0.339961
2.86881e-11	0.339711
2.86894e-11	0.339461
2.86908e-11	0.339212
2.86921e-11	0.338962
2.86935e-11	0.338713
2.86948e-11	0.338463
2.86962e-11	0.338214
2.86975e-11	0.337964
2.86989e-11	0.337715
2.87002e-11	0.337465
2.87016e-11	0.337216
2.87029e-11	0.336967
2.87043e-11	0.336717
2.87056e-11	0.336468
2.8707e-11	0.336219
2.87084e-11	0.33597
2.87097e-11	0.335721
2.87111e-11	0.335472
2.87124e-11	0.335223
2.87138e-11	0.334974
2.87151e-11	0.334725
2.87165e-11	0.334476
2.87178e-11	0.334227
2.87192e-11	0.333978
2.87205e-11	0.33373
2.87219e-11	0.333481
2.87232e-11	0.333232
2.87246e-11	0.332983
2.87259e-11	0.332735
2.87273e-11	0.332486
2.87286e-11	0.332238
2.873e-11	0.331989
2.87313e-11	0.331741
2.87327e-11	0.331492
2.87341e-11	0.331244
2.87354e-11	0.330996
2.87368e-11	0.330747
2.87381e-11	0.330499
2.87395e-11	0.330251
2.87408e-11	0.330003
2.87422e-11	0.329755
2.87435e-11	0.329506
2.87449e-11	0.329258
2.87462e-11	0.32901
2.87476e-11	0.328762
2.87489e-11	0.328514
2.87503e-11	0.328267
2.87516e-11	0.328019
2.8753e-11	0.327771
2.87543e-11	0.327523
2.87557e-11	0.327275
2.8757e-11	0.327028
2.87584e-11	0.32678
2.87598e-11	0.326533
2.87611e-11	0.326285
2.87625e-11	0.326037
2.87638e-11	0.32579
2.87652e-11	0.325543
2.87665e-11	0.325295
2.87679e-11	0.325048
2.87692e-11	0.3248
2.87706e-11	0.324553
2.87719e-11	0.324306
2.87733e-11	0.324059
2.87746e-11	0.323812
2.8776e-11	0.323565
2.87773e-11	0.323318
2.87787e-11	0.323071
2.878e-11	0.322824
2.87814e-11	0.322577
2.87827e-11	0.32233
2.87841e-11	0.322083
2.87855e-11	0.321836
2.87868e-11	0.321589
2.87882e-11	0.321343
2.87895e-11	0.321096
2.87909e-11	0.320849
2.87922e-11	0.320603
2.87936e-11	0.320356
2.87949e-11	0.32011
2.87963e-11	0.319863
2.87976e-11	0.319617
2.8799e-11	0.31937
2.88003e-11	0.319124
2.88017e-11	0.318878
2.8803e-11	0.318631
2.88044e-11	0.318385
2.88057e-11	0.318139
2.88071e-11	0.317893
2.88084e-11	0.317647
2.88098e-11	0.317401
2.88112e-11	0.317155
2.88125e-11	0.316909
2.88139e-11	0.316663
2.88152e-11	0.316417
2.88166e-11	0.316171
2.88179e-11	0.315926
2.88193e-11	0.31568
2.88206e-11	0.315434
2.8822e-11	0.315188
2.88233e-11	0.314943
2.88247e-11	0.314697
2.8826e-11	0.314452
2.88274e-11	0.314206
2.88287e-11	0.313961
2.88301e-11	0.313716
2.88314e-11	0.31347
2.88328e-11	0.313225
2.88341e-11	0.31298
2.88355e-11	0.312734
2.88369e-11	0.312489
2.88382e-11	0.312244
2.88396e-11	0.311999
2.88409e-11	0.311754
2.88423e-11	0.311509
2.88436e-11	0.311264
2.8845e-11	0.311019
2.88463e-11	0.310774
2.88477e-11	0.31053
2.8849e-11	0.310285
2.88504e-11	0.31004
2.88517e-11	0.309795
2.88531e-11	0.309551
2.88544e-11	0.309306
2.88558e-11	0.309062
2.88571e-11	0.308817
2.88585e-11	0.308573
2.88598e-11	0.308328
2.88612e-11	0.308084
2.88626e-11	0.30784
2.88639e-11	0.307595
2.88653e-11	0.307351
2.88666e-11	0.307107
2.8868e-11	0.306863
2.88693e-11	0.306619
2.88707e-11	0.306375
2.8872e-11	0.306131
2.88734e-11	0.305887
2.88747e-11	0.305643
2.88761e-11	0.305399
2.88774e-11	0.305155
2.88788e-11	0.304911
2.88801e-11	0.304668
2.88815e-11	0.304424
2.88828e-11	0.30418
2.88842e-11	0.303937
2.88855e-11	0.303693
2.88869e-11	0.30345
2.88883e-11	0.303206
2.88896e-11	0.302963
2.8891e-11	0.30272
2.88923e-11	0.302476
2.88937e-11	0.302233
2.8895e-11	0.30199
2.88964e-11	0.301747
2.88977e-11	0.301504
2.88991e-11	0.30126
2.89004e-11	0.301017
2.89018e-11	0.300774
2.89031e-11	0.300532
2.89045e-11	0.300289
2.89058e-11	0.300046
2.89072e-11	0.299803
2.89085e-11	0.29956
2.89099e-11	0.299318
2.89112e-11	0.299075
2.89126e-11	0.298832
2.8914e-11	0.29859
2.89153e-11	0.298347
2.89167e-11	0.298105
2.8918e-11	0.297862
2.89194e-11	0.29762
2.89207e-11	0.297378
2.89221e-11	0.297135
2.89234e-11	0.296893
2.89248e-11	0.296651
2.89261e-11	0.296409
2.89275e-11	0.296167
2.89288e-11	0.295925
2.89302e-11	0.295683
2.89315e-11	0.295441
2.89329e-11	0.295199
2.89342e-11	0.294957
2.89356e-11	0.294715
2.89369e-11	0.294473
2.89383e-11	0.294232
2.89397e-11	0.29399
2.8941e-11	0.293748
2.89424e-11	0.293507
2.89437e-11	0.293265
2.89451e-11	0.293024
2.89464e-11	0.292782
2.89478e-11	0.292541
2.89491e-11	0.2923
2.89505e-11	0.292058
2.89518e-11	0.291817
2.89532e-11	0.291576
2.89545e-11	0.291335
2.89559e-11	0.291094
2.89572e-11	0.290853
2.89586e-11	0.290612
2.89599e-11	0.290371
2.89613e-11	0.29013
2.89626e-11	0.289889
2.8964e-11	0.289648
2.89654e-11	0.289407
2.89667e-11	0.289167
2.89681e-11	0.288926
2.89694e-11	0.288685
2.89708e-11	0.288445
2.89721e-11	0.288204
2.89735e-11	0.287964
2.89748e-11	0.287724
2.89762e-11	0.287483
2.89775e-11	0.287243
2.89789e-11	0.287003
2.89802e-11	0.286762
2.89816e-11	0.286522
2.89829e-11	0.286282
2.89843e-11	0.286042
2.89856e-11	0.285802
2.8987e-11	0.285562
2.89883e-11	0.285322
2.89897e-11	0.285082
2.89911e-11	0.284843
2.89924e-11	0.284603
2.89938e-11	0.284363
2.89951e-11	0.284123
2.89965e-11	0.283884
2.89978e-11	0.283644
2.89992e-11	0.283405
2.90005e-11	0.283165
2.90019e-11	0.282926
2.90032e-11	0.282686
2.90046e-11	0.282447
2.90059e-11	0.282208
2.90073e-11	0.281969
2.90086e-11	0.281729
2.901e-11	0.28149
2.90113e-11	0.281251
2.90127e-11	0.281012
2.9014e-11	0.280773
2.90154e-11	0.280534
2.90168e-11	0.280296
2.90181e-11	0.280057
2.90195e-11	0.279818
2.90208e-11	0.279579
2.90222e-11	0.279341
2.90235e-11	0.279102
2.90249e-11	0.278863
2.90262e-11	0.278625
2.90276e-11	0.278386
2.90289e-11	0.278148
2.90303e-11	0.27791
2.90316e-11	0.277671
2.9033e-11	0.277433
2.90343e-11	0.277195
2.90357e-11	0.276957
2.9037e-11	0.276719
2.90384e-11	0.276481
2.90397e-11	0.276243
2.90411e-11	0.276005
2.90425e-11	0.275767
2.90438e-11	0.275529
2.90452e-11	0.275291
2.90465e-11	0.275053
2.90479e-11	0.274816
2.90492e-11	0.274578
2.90506e-11	0.27434
2.90519e-11	0.274103
2.90533e-11	0.273865
2.90546e-11	0.273628
2.9056e-11	0.273391
2.90573e-11	0.273153
2.90587e-11	0.272916
2.906e-11	0.272679
2.90614e-11	0.272442
2.90627e-11	0.272204
2.90641e-11	0.271967
2.90654e-11	0.27173
2.90668e-11	0.271493
2.90682e-11	0.271256
2.90695e-11	0.27102
2.90709e-11	0.270783
2.90722e-11	0.270546
2.90736e-11	0.270309
2.90749e-11	0.270073
2.90763e-11	0.269836
2.90776e-11	0.269599
2.9079e-11	0.269363
2.90803e-11	0.269126
2.90817e-11	0.26889
2.9083e-11	0.268654
2.90844e-11	0.268417
2.90857e-11	0.268181
2.90871e-11	0.267945
2.90884e-11	0.267709
2.90898e-11	0.267473
2.90911e-11	0.267237
2.90925e-11	0.267001
2.90939e-11	0.266765
2.90952e-11	0.266529
2.90966e-11	0.266293
2.90979e-11	0.266057
2.90993e-11	0.265822
2.91006e-11	0.265586
2.9102e-11	0.26535
2.91033e-11	0.265115
2.91047e-11	0.264879
2.9106e-11	0.264644
2.91074e-11	0.264409
2.91087e-11	0.264173
2.91101e-11	0.263938
2.91114e-11	0.263703
2.91128e-11	0.263468
2.91141e-11	0.263232
2.91155e-11	0.262997
2.91168e-11	0.262762
2.91182e-11	0.262527
2.91196e-11	0.262293
2.91209e-11	0.262058
2.91223e-11	0.261823
2.91236e-11	0.261588
2.9125e-11	0.261353
2.91263e-11	0.261119
2.91277e-11	0.260884
2.9129e-11	0.26065
2.91304e-11	0.260415
2.91317e-11	0.260181
2.91331e-11	0.259946
2.91344e-11	0.259712
2.91358e-11	0.259478
2.91371e-11	0.259244
2.91385e-11	0.259009
2.91398e-11	0.258775
2.91412e-11	0.258541
2.91425e-11	0.258307
2.91439e-11	0.258073
2.91453e-11	0.25784
2.91466e-11	0.257606
2.9148e-11	0.257372
2.91493e-11	0.257138
2.91507e-11	0.256905
2.9152e-11	0.256671
2.91534e-11	0.256437
2.91547e-11	0.256204
2.91561e-11	0.25597
2.91574e-11	0.255737
2.91588e-11	0.255504
2.91601e-11	0.25527
2.91615e-11	0.255037
2.91628e-11	0.254804
2.91642e-11	0.254571
2.91655e-11	0.254338
2.91669e-11	0.254105
2.91682e-11	0.253872
2.91696e-11	0.253639
2.9171e-11	0.253406
2.91723e-11	0.253173
2.91737e-11	0.252941
2.9175e-11	0.252708
2.91764e-11	0.252475
2.91777e-11	0.252243
2.91791e-11	0.25201
2.91804e-11	0.251778
2.91818e-11	0.251546
2.91831e-11	0.251313
2.91845e-11	0.251081
2.91858e-11	0.250849
2.91872e-11	0.250617
2.91885e-11	0.250384
2.91899e-11	0.250152
2.91912e-11	0.24992
2.91926e-11	0.249688
2.91939e-11	0.249457
2.91953e-11	0.249225
2.91967e-11	0.248993
2.9198e-11	0.248761
2.91994e-11	0.24853
2.92007e-11	0.248298
2.92021e-11	0.248066
2.92034e-11	0.247835
2.92048e-11	0.247603
2.92061e-11	0.247372
2.92075e-11	0.247141
2.92088e-11	0.246909
2.92102e-11	0.246678
2.92115e-11	0.246447
2.92129e-11	0.246216
2.92142e-11	0.245985
2.92156e-11	0.245754
2.92169e-11	0.245523
2.92183e-11	0.245292
2.92196e-11	0.245061
2.9221e-11	0.244831
2.92224e-11	0.2446
2.92237e-11	0.244369
2.92251e-11	0.244139
2.92264e-11	0.243908
2.92278e-11	0.243678
2.92291e-11	0.243447
2.92305e-11	0.243217
2.92318e-11	0.242987
2.92332e-11	0.242756
2.92345e-11	0.242526
2.92359e-11	0.242296
2.92372e-11	0.242066
2.92386e-11	0.241836
2.92399e-11	0.241606
2.92413e-11	0.241376
2.92426e-11	0.241146
2.9244e-11	0.240916
2.92453e-11	0.240687
2.92467e-11	0.240457
2.92481e-11	0.240227
2.92494e-11	0.239998
2.92508e-11	0.239768
2.92521e-11	0.239539
2.92535e-11	0.239309
2.92548e-11	0.23908
2.92562e-11	0.238851
2.92575e-11	0.238622
2.92589e-11	0.238393
2.92602e-11	0.238163
2.92616e-11	0.237934
2.92629e-11	0.237705
2.92643e-11	0.237476
2.92656e-11	0.237248
2.9267e-11	0.237019
2.92683e-11	0.23679
2.92697e-11	0.236561
2.9271e-11	0.236333
2.92724e-11	0.236104
2.92738e-11	0.235876
2.92751e-11	0.235647
2.92765e-11	0.235419
2.92778e-11	0.23519
2.92792e-11	0.234962
2.92805e-11	0.234734
2.92819e-11	0.234506
2.92832e-11	0.234278
2.92846e-11	0.23405
2.92859e-11	0.233822
2.92873e-11	0.233594
2.92886e-11	0.233366
2.929e-11	0.233138
2.92913e-11	0.23291
2.92927e-11	0.232683
2.9294e-11	0.232455
2.92954e-11	0.232227
2.92967e-11	0.232
2.92981e-11	0.231772
2.92995e-11	0.231545
2.93008e-11	0.231318
2.93022e-11	0.23109
2.93035e-11	0.230863
2.93049e-11	0.230636
2.93062e-11	0.230409
2.93076e-11	0.230182
2.93089e-11	0.229955
2.93103e-11	0.229728
2.93116e-11	0.229501
2.9313e-11	0.229274
2.93143e-11	0.229048
2.93157e-11	0.228821
2.9317e-11	0.228594
2.93184e-11	0.228368
2.93197e-11	0.228141
2.93211e-11	0.227915
2.93224e-11	0.227688
2.93238e-11	0.227462
2.93252e-11	0.227236
2.93265e-11	0.227009
2.93279e-11	0.226783
2.93292e-11	0.226557
2.93306e-11	0.226331
2.93319e-11	0.226105
2.93333e-11	0.225879
2.93346e-11	0.225653
2.9336e-11	0.225428
2.93373e-11	0.225202
2.93387e-11	0.224976
2.934e-11	0.224751
2.93414e-11	0.224525
2.93427e-11	0.2243
2.93441e-11	0.224074
2.93454e-11	0.223849
2.93468e-11	0.223624
2.93481e-11	0.223398
2.93495e-11	0.223173
2.93509e-11	0.222948
2.93522e-11	0.222723
2.93536e-11	0.222498
2.93549e-11	0.222273
2.93563e-11	0.222048
2.93576e-11	0.221823
2.9359e-11	0.221598
2.93603e-11	0.221374
2.93617e-11	0.221149
2.9363e-11	0.220925
2.93644e-11	0.2207
2.93657e-11	0.220476
2.93671e-11	0.220251
2.93684e-11	0.220027
2.93698e-11	0.219803
2.93711e-11	0.219578
2.93725e-11	0.219354
2.93738e-11	0.21913
2.93752e-11	0.218906
2.93766e-11	0.218682
2.93779e-11	0.218458
2.93793e-11	0.218234
2.93806e-11	0.218011
2.9382e-11	0.217787
2.93833e-11	0.217563
2.93847e-11	0.21734
2.9386e-11	0.217116
2.93874e-11	0.216893
2.93887e-11	0.216669
2.93901e-11	0.216446
2.93914e-11	0.216222
2.93928e-11	0.215999
2.93941e-11	0.215776
2.93955e-11	0.215553
2.93968e-11	0.21533
2.93982e-11	0.215107
2.93995e-11	0.214884
2.94009e-11	0.214661
2.94023e-11	0.214438
2.94036e-11	0.214216
2.9405e-11	0.213993
2.94063e-11	0.21377
2.94077e-11	0.213548
2.9409e-11	0.213325
2.94104e-11	0.213103
2.94117e-11	0.21288
2.94131e-11	0.212658
2.94144e-11	0.212436
2.94158e-11	0.212214
2.94171e-11	0.211992
2.94185e-11	0.21177
2.94198e-11	0.211548
2.94212e-11	0.211326
2.94225e-11	0.211104
2.94239e-11	0.210882
2.94252e-11	0.21066
2.94266e-11	0.210439
2.9428e-11	0.210217
2.94293e-11	0.209995
2.94307e-11	0.209774
2.9432e-11	0.209552
2.94334e-11	0.209331
2.94347e-11	0.20911
2.94361e-11	0.208889
2.94374e-11	0.208667
2.94388e-11	0.208446
2.94401e-11	0.208225
2.94415e-11	0.208004
2.94428e-11	0.207783
2.94442e-11	0.207562
2.94455e-11	0.207342
2.94469e-11	0.207121
2.94482e-11	0.2069
2.94496e-11	0.20668
2.94509e-11	0.206459
2.94523e-11	0.206238
2.94537e-11	0.206018
2.9455e-11	0.205798
2.94564e-11	0.205577
2.94577e-11	0.205357
2.94591e-11	0.205137
2.94604e-11	0.204917
2.94618e-11	0.204697
2.94631e-11	0.204477
2.94645e-11	0.204257
2.94658e-11	0.204037
2.94672e-11	0.203817
2.94685e-11	0.203598
2.94699e-11	0.203378
2.94712e-11	0.203158
2.94726e-11	0.202939
2.94739e-11	0.202719
2.94753e-11	0.2025
2.94766e-11	0.202281
2.9478e-11	0.202061
2.94794e-11	0.201842
2.94807e-11	0.201623
2.94821e-11	0.201404
2.94834e-11	0.201185
2.94848e-11	0.200966
2.94861e-11	0.200747
2.94875e-11	0.200528
2.94888e-11	0.200309
2.94902e-11	0.200091
2.94915e-11	0.199872
2.94929e-11	0.199653
2.94942e-11	0.199435
2.94956e-11	0.199216
2.94969e-11	0.198998
2.94983e-11	0.19878
2.94996e-11	0.198562
2.9501e-11	0.198343
2.95023e-11	0.198125
2.95037e-11	0.197907
2.95051e-11	0.197689
2.95064e-11	0.197471
2.95078e-11	0.197253
2.95091e-11	0.197036
2.95105e-11	0.196818
2.95118e-11	0.1966
2.95132e-11	0.196383
2.95145e-11	0.196165
2.95159e-11	0.195947
2.95172e-11	0.19573
2.95186e-11	0.195513
2.95199e-11	0.195295
2.95213e-11	0.195078
2.95226e-11	0.194861
2.9524e-11	0.194644
2.95253e-11	0.194427
2.95267e-11	0.19421
2.9528e-11	0.193993
2.95294e-11	0.193776
2.95308e-11	0.193559
2.95321e-11	0.193343
2.95335e-11	0.193126
2.95348e-11	0.19291
2.95362e-11	0.192693
2.95375e-11	0.192477
2.95389e-11	0.19226
2.95402e-11	0.192044
2.95416e-11	0.191828
2.95429e-11	0.191612
2.95443e-11	0.191395
2.95456e-11	0.191179
2.9547e-11	0.190963
2.95483e-11	0.190747
2.95497e-11	0.190532
2.9551e-11	0.190316
2.95524e-11	0.1901
2.95537e-11	0.189884
2.95551e-11	0.189669
2.95565e-11	0.189453
2.95578e-11	0.189238
2.95592e-11	0.189023
2.95605e-11	0.188807
2.95619e-11	0.188592
2.95632e-11	0.188377
2.95646e-11	0.188162
2.95659e-11	0.187947
2.95673e-11	0.187732
2.95686e-11	0.187517
2.957e-11	0.187302
2.95713e-11	0.187087
2.95727e-11	0.186872
2.9574e-11	0.186658
2.95754e-11	0.186443
2.95767e-11	0.186228
2.95781e-11	0.186014
2.95794e-11	0.1858
2.95808e-11	0.185585
2.95822e-11	0.185371
2.95835e-11	0.185157
2.95849e-11	0.184943
2.95862e-11	0.184729
2.95876e-11	0.184515
2.95889e-11	0.184301
2.95903e-11	0.184087
2.95916e-11	0.183873
2.9593e-11	0.183659
2.95943e-11	0.183446
2.95957e-11	0.183232
2.9597e-11	0.183018
2.95984e-11	0.182805
2.95997e-11	0.182592
2.96011e-11	0.182378
2.96024e-11	0.182165
2.96038e-11	0.181952
2.96051e-11	0.181739
2.96065e-11	0.181526
2.96079e-11	0.181313
2.96092e-11	0.1811
2.96106e-11	0.180887
2.96119e-11	0.180674
2.96133e-11	0.180461
2.96146e-11	0.180249
2.9616e-11	0.180036
2.96173e-11	0.179823
2.96187e-11	0.179611
2.962e-11	0.179399
2.96214e-11	0.179186
2.96227e-11	0.178974
2.96241e-11	0.178762
2.96254e-11	0.17855
2.96268e-11	0.178338
2.96281e-11	0.178126
2.96295e-11	0.177914
2.96308e-11	0.177702
2.96322e-11	0.17749
2.96336e-11	0.177278
2.96349e-11	0.177067
2.96363e-11	0.176855
2.96376e-11	0.176643
2.9639e-11	0.176432
2.96403e-11	0.176221
2.96417e-11	0.176009
2.9643e-11	0.175798
2.96444e-11	0.175587
2.96457e-11	0.175376
2.96471e-11	0.175165
2.96484e-11	0.174954
2.96498e-11	0.174743
2.96511e-11	0.174532
2.96525e-11	0.174321
2.96538e-11	0.174111
2.96552e-11	0.1739
2.96565e-11	0.173689
2.96579e-11	0.173479
2.96593e-11	0.173268
2.96606e-11	0.173058
2.9662e-11	0.172848
2.96633e-11	0.172637
2.96647e-11	0.172427
2.9666e-11	0.172217
2.96674e-11	0.172007
2.96687e-11	0.171797
2.96701e-11	0.171587
2.96714e-11	0.171378
2.96728e-11	0.171168
2.96741e-11	0.170958
2.96755e-11	0.170748
2.96768e-11	0.170539
2.96782e-11	0.170329
2.96795e-11	0.17012
2.96809e-11	0.169911
2.96822e-11	0.169701
2.96836e-11	0.169492
2.9685e-11	0.169283
2.96863e-11	0.169074
2.96877e-11	0.168865
2.9689e-11	0.168656
2.96904e-11	0.168447
2.96917e-11	0.168238
2.96931e-11	0.16803
2.96944e-11	0.167821
2.96958e-11	0.167612
2.96971e-11	0.167404
2.96985e-11	0.167195
2.96998e-11	0.166987
2.97012e-11	0.166779
2.97025e-11	0.166571
2.97039e-11	0.166362
2.97052e-11	0.166154
2.97066e-11	0.165946
2.97079e-11	0.165738
2.97093e-11	0.16553
2.97107e-11	0.165323
2.9712e-11	0.165115
2.97134e-11	0.164907
2.97147e-11	0.164699
2.97161e-11	0.164492
2.97174e-11	0.164284
2.97188e-11	0.164077
2.97201e-11	0.16387
2.97215e-11	0.163662
2.97228e-11	0.163455
2.97242e-11	0.163248
2.97255e-11	0.163041
2.97269e-11	0.162834
2.97282e-11	0.162627
2.97296e-11	0.16242
2.97309e-11	0.162213
2.97323e-11	0.162007
2.97336e-11	0.1618
2.9735e-11	0.161593
2.97364e-11	0.161387
2.97377e-11	0.161181
2.97391e-11	0.160974
2.97404e-11	0.160768
2.97418e-11	0.160562
2.97431e-11	0.160355
2.97445e-11	0.160149
2.97458e-11	0.159943
2.97472e-11	0.159737
2.97485e-11	0.159532
2.97499e-11	0.159326
2.97512e-11	0.15912
2.97526e-11	0.158914
2.97539e-11	0.158709
2.97553e-11	0.158503
2.97566e-11	0.158298
2.9758e-11	0.158092
2.97593e-11	0.157887
2.97607e-11	0.157682
2.97621e-11	0.157477
2.97634e-11	0.157271
2.97648e-11	0.157066
2.97661e-11	0.156861
2.97675e-11	0.156657
2.97688e-11	0.156452
2.97702e-11	0.156247
2.97715e-11	0.156042
2.97729e-11	0.155838
2.97742e-11	0.155633
2.97756e-11	0.155429
2.97769e-11	0.155224
2.97783e-11	0.15502
2.97796e-11	0.154816
2.9781e-11	0.154611
2.97823e-11	0.154407
2.97837e-11	0.154203
2.9785e-11	0.153999
2.97864e-11	0.153795
2.97878e-11	0.153591
2.97891e-11	0.153388
2.97905e-11	0.153184
2.97918e-11	0.15298
2.97932e-11	0.152777
2.97945e-11	0.152573
2.97959e-11	0.15237
2.97972e-11	0.152167
2.97986e-11	0.151963
2.97999e-11	0.15176
2.98013e-11	0.151557
2.98026e-11	0.151354
2.9804e-11	0.151151
2.98053e-11	0.150948
2.98067e-11	0.150745
2.9808e-11	0.150542
2.98094e-11	0.15034
2.98107e-11	0.150137
2.98121e-11	0.149934
2.98135e-11	0.149732
2.98148e-11	0.14953
2.98162e-11	0.149327
2.98175e-11	0.149125
2.98189e-11	0.148923
2.98202e-11	0.148721
2.98216e-11	0.148518
2.98229e-11	0.148316
2.98243e-11	0.148115
2.98256e-11	0.147913
2.9827e-11	0.147711
2.98283e-11	0.147509
2.98297e-11	0.147308
2.9831e-11	0.147106
2.98324e-11	0.146905
2.98337e-11	0.146703
2.98351e-11	0.146502
2.98364e-11	0.1463
2.98378e-11	0.146099
2.98392e-11	0.145898
2.98405e-11	0.145697
2.98419e-11	0.145496
2.98432e-11	0.145295
2.98446e-11	0.145094
2.98459e-11	0.144894
2.98473e-11	0.144693
2.98486e-11	0.144492
2.985e-11	0.144292
2.98513e-11	0.144091
2.98527e-11	0.143891
2.9854e-11	0.14369
2.98554e-11	0.14349
2.98567e-11	0.14329
2.98581e-11	0.14309
2.98594e-11	0.14289
2.98608e-11	0.14269
2.98621e-11	0.14249
2.98635e-11	0.14229
2.98649e-11	0.14209
2.98662e-11	0.14189
2.98676e-11	0.141691
2.98689e-11	0.141491
2.98703e-11	0.141292
2.98716e-11	0.141092
2.9873e-11	0.140893
2.98743e-11	0.140694
2.98757e-11	0.140495
2.9877e-11	0.140296
2.98784e-11	0.140096
2.98797e-11	0.139897
2.98811e-11	0.139699
2.98824e-11	0.1395
2.98838e-11	0.139301
2.98851e-11	0.139102
2.98865e-11	0.138904
2.98878e-11	0.138705
2.98892e-11	0.138507
2.98906e-11	0.138308
2.98919e-11	0.13811
2.98933e-11	0.137912
2.98946e-11	0.137714
2.9896e-11	0.137515
2.98973e-11	0.137317
2.98987e-11	0.137119
2.99e-11	0.136922
2.99014e-11	0.136724
2.99027e-11	0.136526
2.99041e-11	0.136328
2.99054e-11	0.136131
2.99068e-11	0.135933
2.99081e-11	0.135736
2.99095e-11	0.135538
2.99108e-11	0.135341
2.99122e-11	0.135144
2.99135e-11	0.134947
2.99149e-11	0.13475
2.99163e-11	0.134553
2.99176e-11	0.134356
2.9919e-11	0.134159
2.99203e-11	0.133962
2.99217e-11	0.133765
2.9923e-11	0.133569
2.99244e-11	0.133372
2.99257e-11	0.133176
2.99271e-11	0.132979
2.99284e-11	0.132783
2.99298e-11	0.132587
2.99311e-11	0.13239
2.99325e-11	0.132194
2.99338e-11	0.131998
2.99352e-11	0.131802
2.99365e-11	0.131606
2.99379e-11	0.13141
2.99392e-11	0.131215
2.99406e-11	0.131019
2.9942e-11	0.130823
2.99433e-11	0.130628
2.99447e-11	0.130432
2.9946e-11	0.130237
2.99474e-11	0.130042
2.99487e-11	0.129846
2.99501e-11	0.129651
2.99514e-11	0.129456
2.99528e-11	0.129261
2.99541e-11	0.129066
2.99555e-11	0.128871
2.99568e-11	0.128676
2.99582e-11	0.128482
2.99595e-11	0.128287
2.99609e-11	0.128092
2.99622e-11	0.127898
2.99636e-11	0.127703
2.99649e-11	0.127509
2.99663e-11	0.127315
2.99677e-11	0.127121
2.9969e-11	0.126926
2.99704e-11	0.126732
2.99717e-11	0.126538
2.99731e-11	0.126344
2.99744e-11	0.126151
2.99758e-11	0.125957
2.99771e-11	0.125763
2.99785e-11	0.125569
2.99798e-11	0.125376
2.99812e-11	0.125182
2.99825e-11	0.124989
2.99839e-11	0.124796
2.99852e-11	0.124602
2.99866e-11	0.124409
2.99879e-11	0.124216
2.99893e-11	0.124023
2.99906e-11	0.12383
2.9992e-11	0.123637
2.99934e-11	0.123444
2.99947e-11	0.123252
2.99961e-11	0.123059
2.99974e-11	0.122866
2.99988e-11	0.122674
3.00001e-11	0.122481
3.00015e-11	0.122289
3.00028e-11	0.122097
3.00042e-11	0.121905
3.00055e-11	0.121712
3.00069e-11	0.12152
3.00082e-11	0.121328
3.00096e-11	0.121136
3.00109e-11	0.120945
3.00123e-11	0.120753
3.00136e-11	0.120561
3.0015e-11	0.12037
3.00163e-11	0.120178
3.00177e-11	0.119987
3.00191e-11	0.119795
3.00204e-11	0.119604
3.00218e-11	0.119413
3.00231e-11	0.119221
3.00245e-11	0.11903
3.00258e-11	0.118839
3.00272e-11	0.118648
3.00285e-11	0.118457
3.00299e-11	0.118267
3.00312e-11	0.118076
3.00326e-11	0.117885
3.00339e-11	0.117695
3.00353e-11	0.117504
3.00366e-11	0.117314
3.0038e-11	0.117123
3.00393e-11	0.116933
3.00407e-11	0.116743
3.0042e-11	0.116553
3.00434e-11	0.116363
3.00448e-11	0.116173
3.00461e-11	0.115983
3.00475e-11	0.115793
3.00488e-11	0.115603
3.00502e-11	0.115414
3.00515e-11	0.115224
3.00529e-11	0.115035
3.00542e-11	0.114845
3.00556e-11	0.114656
3.00569e-11	0.114466
3.00583e-11	0.114277
3.00596e-11	0.114088
3.0061e-11	0.113899
3.00623e-11	0.11371
3.00637e-11	0.113521
3.0065e-11	0.113332
3.00664e-11	0.113143
3.00677e-11	0.112955
3.00691e-11	0.112766
3.00705e-11	0.112578
3.00718e-11	0.112389
3.00732e-11	0.112201
3.00745e-11	0.112012
3.00759e-11	0.111824
3.00772e-11	0.111636
3.00786e-11	0.111448
3.00799e-11	0.11126
3.00813e-11	0.111072
3.00826e-11	0.110884
3.0084e-11	0.110696
3.00853e-11	0.110509
3.00867e-11	0.110321
3.0088e-11	0.110133
3.00894e-11	0.109946
3.00907e-11	0.109759
3.00921e-11	0.109571
3.00934e-11	0.109384
3.00948e-11	0.109197
3.00962e-11	0.10901
3.00975e-11	0.108823
3.00989e-11	0.108636
3.01002e-11	0.108449
3.01016e-11	0.108262
3.01029e-11	0.108075
3.01043e-11	0.107889
3.01056e-11	0.107702
3.0107e-11	0.107516
3.01083e-11	0.107329
3.01097e-11	0.107143
3.0111e-11	0.106956
3.01124e-11	0.10677
3.01137e-11	0.106584
3.01151e-11	0.106398
3.01164e-11	0.106212
3.01178e-11	0.106026
3.01191e-11	0.10584
3.01205e-11	0.105655
3.01219e-11	0.105469
3.01232e-11	0.105283
3.01246e-11	0.105098
3.01259e-11	0.104913
3.01273e-11	0.104727
3.01286e-11	0.104542
3.013e-11	0.104357
3.01313e-11	0.104172
3.01327e-11	0.103986
3.0134e-11	0.103802
3.01354e-11	0.103617
3.01367e-11	0.103432
3.01381e-11	0.103247
3.01394e-11	0.103062
3.01408e-11	0.102878
3.01421e-11	0.102693
3.01435e-11	0.102509
3.01448e-11	0.102324
3.01462e-11	0.10214
3.01476e-11	0.101956
3.01489e-11	0.101772
3.01503e-11	0.101588
3.01516e-11	0.101404
3.0153e-11	0.10122
3.01543e-11	0.101036
3.01557e-11	0.100852
3.0157e-11	0.100669
3.01584e-11	0.100485
3.01597e-11	0.100301
3.01611e-11	0.100118
3.01624e-11	0.0999346
3.01638e-11	0.0997514
3.01651e-11	0.0995681
3.01665e-11	0.099385
3.01678e-11	0.0992019
3.01692e-11	0.0990189
3.01706e-11	0.098836
3.01719e-11	0.0986532
3.01733e-11	0.0984704
3.01746e-11	0.0982878
3.0176e-11	0.0981052
3.01773e-11	0.0979226
3.01787e-11	0.0977402
3.018e-11	0.0975578
3.01814e-11	0.0973755
3.01827e-11	0.0971933
3.01841e-11	0.0970112
3.01854e-11	0.0968291
3.01868e-11	0.0966471
3.01881e-11	0.0964652
3.01895e-11	0.0962834
3.01908e-11	0.0961016
3.01922e-11	0.0959199
3.01935e-11	0.0957383
3.01949e-11	0.0955568
3.01963e-11	0.0953753
3.01976e-11	0.095194
3.0199e-11	0.0950127
3.02003e-11	0.0948315
3.02017e-11	0.0946503
3.0203e-11	0.0944693
3.02044e-11	0.0942883
3.02057e-11	0.0941074
3.02071e-11	0.0939265
3.02084e-11	0.0937458
3.02098e-11	0.0935651
3.02111e-11	0.0933845
3.02125e-11	0.093204
3.02138e-11	0.0930235
3.02152e-11	0.0928432
3.02165e-11	0.0926629
3.02179e-11	0.0924827
3.02192e-11	0.0923025
3.02206e-11	0.0921225
3.0222e-11	0.0919425
3.02233e-11	0.0917626
3.02247e-11	0.0915828
3.0226e-11	0.091403
3.02274e-11	0.0912233
3.02287e-11	0.0910437
3.02301e-11	0.0908642
3.02314e-11	0.0906848
3.02328e-11	0.0905054
3.02341e-11	0.0903261
3.02355e-11	0.0901469
3.02368e-11	0.0899678
3.02382e-11	0.0897888
3.02395e-11	0.0896098
3.02409e-11	0.0894309
3.02422e-11	0.0892521
3.02436e-11	0.0890733
3.02449e-11	0.0888947
3.02463e-11	0.0887161
3.02477e-11	0.0885376
3.0249e-11	0.0883591
3.02504e-11	0.0881808
3.02517e-11	0.0880025
3.02531e-11	0.0878243
3.02544e-11	0.0876462
3.02558e-11	0.0874682
3.02571e-11	0.0872902
3.02585e-11	0.0871123
3.02598e-11	0.0869345
3.02612e-11	0.0867568
3.02625e-11	0.0865791
3.02639e-11	0.0864015
3.02652e-11	0.086224
3.02666e-11	0.0860466
3.02679e-11	0.0858693
3.02693e-11	0.085692
3.02706e-11	0.0855148
3.0272e-11	0.0853377
3.02734e-11	0.0851607
3.02747e-11	0.0849837
3.02761e-11	0.0848069
3.02774e-11	0.0846301
3.02788e-11	0.0844534
3.02801e-11	0.0842767
3.02815e-11	0.0841002
3.02828e-11	0.0839237
3.02842e-11	0.0837473
3.02855e-11	0.0835709
3.02869e-11	0.0833947
3.02882e-11	0.0832185
3.02896e-11	0.0830424
3.02909e-11	0.0828664
3.02923e-11	0.0826905
3.02936e-11	0.0825146
3.0295e-11	0.0823388
3.02963e-11	0.0821631
3.02977e-11	0.0819875
3.02991e-11	0.081812
3.03004e-11	0.0816365
3.03018e-11	0.0814611
3.03031e-11	0.0812858
3.03045e-11	0.0811106
3.03058e-11	0.0809354
3.03072e-11	0.0807603
3.03085e-11	0.0805853
3.03099e-11	0.0804104
3.03112e-11	0.0802356
3.03126e-11	0.0800608
3.03139e-11	0.0798861
3.03153e-11	0.0797115
3.03166e-11	0.079537
3.0318e-11	0.0793625
3.03193e-11	0.0791882
3.03207e-11	0.0790139
3.0322e-11	0.0788397
3.03234e-11	0.0786655
3.03248e-11	0.0784915
3.03261e-11	0.0783175
3.03275e-11	0.0781436
3.03288e-11	0.0779698
3.03302e-11	0.077796
3.03315e-11	0.0776224
3.03329e-11	0.0774488
3.03342e-11	0.0772753
3.03356e-11	0.0771018
3.03369e-11	0.0769285
3.03383e-11	0.0767552
3.03396e-11	0.076582
3.0341e-11	0.0764089
3.03423e-11	0.0762359
3.03437e-11	0.0760629
3.0345e-11	0.07589
3.03464e-11	0.0757172
3.03477e-11	0.0755445
3.03491e-11	0.0753719
3.03505e-11	0.0751993
3.03518e-11	0.0750268
3.03532e-11	0.0748544
3.03545e-11	0.0746821
3.03559e-11	0.0745098
3.03572e-11	0.0743377
3.03586e-11	0.0741656
3.03599e-11	0.0739936
3.03613e-11	0.0738216
3.03626e-11	0.0736498
3.0364e-11	0.073478
3.03653e-11	0.0733063
3.03667e-11	0.0731347
3.0368e-11	0.0729631
3.03694e-11	0.0727917
3.03707e-11	0.0726203
3.03721e-11	0.072449
3.03734e-11	0.0722778
3.03748e-11	0.0721066
3.03762e-11	0.0719356
3.03775e-11	0.0717646
3.03789e-11	0.0715937
3.03802e-11	0.0714228
3.03816e-11	0.0712521
3.03829e-11	0.0710814
3.03843e-11	0.0709108
3.03856e-11	0.0707403
3.0387e-11	0.0705699
3.03883e-11	0.0703995
3.03897e-11	0.0702293
3.0391e-11	0.0700591
3.03924e-11	0.0698889
3.03937e-11	0.0697189
3.03951e-11	0.0695489
3.03964e-11	0.0693791
3.03978e-11	0.0692093
3.03991e-11	0.0690395
3.04005e-11	0.0688699
3.04019e-11	0.0687003
3.04032e-11	0.0685308
3.04046e-11	0.0683614
3.04059e-11	0.0681921
3.04073e-11	0.0680229
3.04086e-11	0.0678537
3.041e-11	0.0676846
3.04113e-11	0.0675156
3.04127e-11	0.0673467
3.0414e-11	0.0671778
3.04154e-11	0.067009
3.04167e-11	0.0668404
3.04181e-11	0.0666717
3.04194e-11	0.0665032
3.04208e-11	0.0663347
3.04221e-11	0.0661664
3.04235e-11	0.0659981
3.04248e-11	0.0658299
3.04262e-11	0.0656617
3.04276e-11	0.0654937
3.04289e-11	0.0653257
3.04303e-11	0.0651578
3.04316e-11	0.06499
3.0433e-11	0.0648222
3.04343e-11	0.0646546
3.04357e-11	0.064487
3.0437e-11	0.0643195
3.04384e-11	0.0641521
3.04397e-11	0.0639847
3.04411e-11	0.0638175
3.04424e-11	0.0636503
3.04438e-11	0.0634832
3.04451e-11	0.0633161
3.04465e-11	0.0631492
3.04478e-11	0.0629823
3.04492e-11	0.0628155
3.04505e-11	0.0626488
3.04519e-11	0.0624822
3.04533e-11	0.0623157
3.04546e-11	0.0621492
3.0456e-11	0.0619828
3.04573e-11	0.0618165
3.04587e-11	0.0616503
3.046e-11	0.0614841
3.04614e-11	0.061318
3.04627e-11	0.061152
3.04641e-11	0.0609861
3.04654e-11	0.0608203
3.04668e-11	0.0606546
3.04681e-11	0.0604889
3.04695e-11	0.0603233
3.04708e-11	0.0601578
3.04722e-11	0.0599923
3.04735e-11	0.059827
3.04749e-11	0.0596617
3.04762e-11	0.0594965
3.04776e-11	0.0593314
3.0479e-11	0.0591664
3.04803e-11	0.0590014
3.04817e-11	0.0588365
3.0483e-11	0.0586718
3.04844e-11	0.058507
3.04857e-11	0.0583424
3.04871e-11	0.0581778
3.04884e-11	0.0580134
3.04898e-11	0.057849
3.04911e-11	0.0576847
3.04925e-11	0.0575204
3.04938e-11	0.0573563
3.04952e-11	0.0571922
3.04965e-11	0.0570282
3.04979e-11	0.0568643
3.04992e-11	0.0567004
3.05006e-11	0.0565367
3.05019e-11	0.056373
3.05033e-11	0.0562094
3.05047e-11	0.0560459
3.0506e-11	0.0558824
3.05074e-11	0.0557191
3.05087e-11	0.0555558
3.05101e-11	0.0553926
3.05114e-11	0.0552295
3.05128e-11	0.0550665
3.05141e-11	0.0549035
3.05155e-11	0.0547406
3.05168e-11	0.0545778
3.05182e-11	0.0544151
3.05195e-11	0.0542525
3.05209e-11	0.0540899
3.05222e-11	0.0539274
3.05236e-11	0.053765
3.05249e-11	0.0536027
3.05263e-11	0.0534405
3.05276e-11	0.0532783
3.0529e-11	0.0531162
3.05304e-11	0.0529542
3.05317e-11	0.0527923
3.05331e-11	0.0526305
3.05344e-11	0.0524687
3.05358e-11	0.0523071
3.05371e-11	0.0521455
3.05385e-11	0.0519839
3.05398e-11	0.0518225
3.05412e-11	0.0516611
3.05425e-11	0.0514999
3.05439e-11	0.0513387
3.05452e-11	0.0511776
3.05466e-11	0.0510165
3.05479e-11	0.0508556
3.05493e-11	0.0506947
3.05506e-11	0.0505339
3.0552e-11	0.0503732
3.05533e-11	0.0502125
3.05547e-11	0.050052
3.05561e-11	0.0498915
3.05574e-11	0.0497311
3.05588e-11	0.0495708
3.05601e-11	0.0494106
3.05615e-11	0.0492504
3.05628e-11	0.0490903
3.05642e-11	0.0489304
3.05655e-11	0.0487704
3.05669e-11	0.0486106
3.05682e-11	0.0484509
3.05696e-11	0.0482912
3.05709e-11	0.0481316
3.05723e-11	0.0479721
3.05736e-11	0.0478127
3.0575e-11	0.0476533
3.05763e-11	0.047494
3.05777e-11	0.0473348
3.0579e-11	0.0471757
3.05804e-11	0.0470167
3.05818e-11	0.0468578
3.05831e-11	0.0466989
3.05845e-11	0.0465401
3.05858e-11	0.0463814
3.05872e-11	0.0462228
3.05885e-11	0.0460642
3.05899e-11	0.0459058
3.05912e-11	0.0457474
3.05926e-11	0.0455891
3.05939e-11	0.0454308
3.05953e-11	0.0452727
3.05966e-11	0.0451146
3.0598e-11	0.0449566
3.05993e-11	0.0447987
3.06007e-11	0.0446409
3.0602e-11	0.0444832
3.06034e-11	0.0443255
3.06047e-11	0.0441679
3.06061e-11	0.0440104
3.06075e-11	0.043853
3.06088e-11	0.0436957
3.06102e-11	0.0435384
3.06115e-11	0.0433812
3.06129e-11	0.0432241
3.06142e-11	0.0430671
3.06156e-11	0.0429102
3.06169e-11	0.0427533
3.06183e-11	0.0425966
3.06196e-11	0.0424399
3.0621e-11	0.0422832
3.06223e-11	0.0421267
3.06237e-11	0.0419703
3.0625e-11	0.0418139
3.06264e-11	0.0416576
3.06277e-11	0.0415014
3.06291e-11	0.0413452
3.06304e-11	0.0411892
3.06318e-11	0.0410332
3.06332e-11	0.0408773
3.06345e-11	0.0407215
3.06359e-11	0.0405658
3.06372e-11	0.0404102
3.06386e-11	0.0402546
3.06399e-11	0.0400991
3.06413e-11	0.0399437
3.06426e-11	0.0397884
3.0644e-11	0.0396331
3.06453e-11	0.039478
3.06467e-11	0.0393229
3.0648e-11	0.0391679
3.06494e-11	0.039013
3.06507e-11	0.0388581
3.06521e-11	0.0387034
3.06534e-11	0.0385487
3.06548e-11	0.0383941
3.06561e-11	0.0382396
3.06575e-11	0.0380851
3.06589e-11	0.0379308
3.06602e-11	0.0377765
3.06616e-11	0.0376223
3.06629e-11	0.0374682
3.06643e-11	0.0373141
3.06656e-11	0.0371602
3.0667e-11	0.0370063
3.06683e-11	0.0368525
3.06697e-11	0.0366988
3.0671e-11	0.0365452
3.06724e-11	0.0363916
3.06737e-11	0.0362382
3.06751e-11	0.0360848
3.06764e-11	0.0359315
3.06778e-11	0.0357783
3.06791e-11	0.0356251
3.06805e-11	0.035472
3.06818e-11	0.0353191
3.06832e-11	0.0351662
3.06846e-11	0.0350133
3.06859e-11	0.0348606
3.06873e-11	0.0347079
3.06886e-11	0.0345554
3.069e-11	0.0344029
3.06913e-11	0.0342504
3.06927e-11	0.0340981
3.0694e-11	0.0339458
3.06954e-11	0.0337937
3.06967e-11	0.0336416
3.06981e-11	0.0334896
3.06994e-11	0.0333376
3.07008e-11	0.0331858
3.07021e-11	0.033034
3.07035e-11	0.0328823
3.07048e-11	0.0327307
3.07062e-11	0.0325792
3.07075e-11	0.0324277
3.07089e-11	0.0322764
3.07103e-11	0.0321251
3.07116e-11	0.0319739
3.0713e-11	0.0318228
3.07143e-11	0.0316717
3.07157e-11	0.0315207
3.0717e-11	0.0313699
3.07184e-11	0.0312191
3.07197e-11	0.0310683
3.07211e-11	0.0309177
3.07224e-11	0.0307672
3.07238e-11	0.0306167
3.07251e-11	0.0304663
3.07265e-11	0.030316
3.07278e-11	0.0301657
3.07292e-11	0.0300156
3.07305e-11	0.0298655
3.07319e-11	0.0297155
3.07332e-11	0.0295656
3.07346e-11	0.0294158
3.0736e-11	0.029266
3.07373e-11	0.0291164
3.07387e-11	0.0289668
3.074e-11	0.0288173
3.07414e-11	0.0286679
3.07427e-11	0.0285185
3.07441e-11	0.0283693
3.07454e-11	0.0282201
3.07468e-11	0.028071
3.07481e-11	0.027922
3.07495e-11	0.027773
3.07508e-11	0.0276242
3.07522e-11	0.0274754
3.07535e-11	0.0273267
3.07549e-11	0.0271781
3.07562e-11	0.0270295
3.07576e-11	0.0268811
3.07589e-11	0.0267327
3.07603e-11	0.0265844
3.07617e-11	0.0264362
3.0763e-11	0.0262881
3.07644e-11	0.0261401
3.07657e-11	0.0259921
3.07671e-11	0.0258442
3.07684e-11	0.0256964
3.07698e-11	0.0255487
3.07711e-11	0.025401
3.07725e-11	0.0252535
3.07738e-11	0.025106
3.07752e-11	0.0249586
3.07765e-11	0.0248113
3.07779e-11	0.0246641
3.07792e-11	0.0245169
3.07806e-11	0.0243698
3.07819e-11	0.0242228
3.07833e-11	0.0240759
3.07846e-11	0.0239291
3.0786e-11	0.0237823
3.07874e-11	0.0236357
3.07887e-11	0.0234891
3.07901e-11	0.0233426
3.07914e-11	0.0231962
3.07928e-11	0.0230498
3.07941e-11	0.0229036
3.07955e-11	0.0227574
3.07968e-11	0.0226113
3.07982e-11	0.0224653
3.07995e-11	0.0223193
3.08009e-11	0.0221735
3.08022e-11	0.0220277
3.08036e-11	0.021882
3.08049e-11	0.0217364
3.08063e-11	0.0215908
3.08076e-11	0.0214454
3.0809e-11	0.0213
3.08103e-11	0.0211547
3.08117e-11	0.0210095
3.08131e-11	0.0208644
3.08144e-11	0.0207194
3.08158e-11	0.0205744
3.08171e-11	0.0204295
3.08185e-11	0.0202847
3.08198e-11	0.02014
3.08212e-11	0.0199953
3.08225e-11	0.0198508
3.08239e-11	0.0197063
3.08252e-11	0.0195619
3.08266e-11	0.0194176
3.08279e-11	0.0192734
3.08293e-11	0.0191292
3.08306e-11	0.0189851
3.0832e-11	0.0188412
3.08333e-11	0.0186972
3.08347e-11	0.0185534
3.0836e-11	0.0184097
3.08374e-11	0.018266
3.08388e-11	0.0181224
3.08401e-11	0.0179789
3.08415e-11	0.0178355
3.08428e-11	0.0176922
3.08442e-11	0.0175489
3.08455e-11	0.0174057
3.08469e-11	0.0172626
3.08482e-11	0.0171196
3.08496e-11	0.0169767
3.08509e-11	0.0168338
3.08523e-11	0.016691
3.08536e-11	0.0165483
3.0855e-11	0.0164057
3.08563e-11	0.0162632
3.08577e-11	0.0161208
3.0859e-11	0.0159784
3.08604e-11	0.0158361
3.08617e-11	0.0156939
3.08631e-11	0.0155518
3.08645e-11	0.0154097
3.08658e-11	0.0152678
3.08672e-11	0.0151259
3.08685e-11	0.0149841
3.08699e-11	0.0148424
3.08712e-11	0.0147007
3.08726e-11	0.0145592
3.08739e-11	0.0144177
3.08753e-11	0.0142763
3.08766e-11	0.014135
3.0878e-11	0.0139938
3.08793e-11	0.0138526
3.08807e-11	0.0137116
3.0882e-11	0.0135706
3.08834e-11	0.0134297
3.08847e-11	0.0132889
3.08861e-11	0.0131481
3.08874e-11	0.0130074
3.08888e-11	0.0128669
3.08902e-11	0.0127264
3.08915e-11	0.012586
3.08929e-11	0.0124456
3.08942e-11	0.0123054
3.08956e-11	0.0121652
3.08969e-11	0.0120251
3.08983e-11	0.0118851
3.08996e-11	0.0117451
3.0901e-11	0.0116053
3.09023e-11	0.0114655
3.09037e-11	0.0113258
3.0905e-11	0.0111862
3.09064e-11	0.0110467
3.09077e-11	0.0109073
3.09091e-11	0.0107679
3.09104e-11	0.0106286
3.09118e-11	0.0104894
3.09131e-11	0.0103503
3.09145e-11	0.0102113
3.09159e-11	0.0100723
3.09172e-11	0.00993344
3.09186e-11	0.00979464
3.09199e-11	0.00965593
3.09213e-11	0.0095173
3.09226e-11	0.00937875
3.0924e-11	0.00924028
3.09253e-11	0.00910189
3.09267e-11	0.00896359
3.0928e-11	0.00882536
3.09294e-11	0.00868722
3.09307e-11	0.00854915
3.09321e-11	0.00841117
3.09334e-11	0.00827327
3.09348e-11	0.00813545
3.09361e-11	0.00799771
3.09375e-11	0.00786006
3.09388e-11	0.00772248
3.09402e-11	0.00758499
3.09416e-11	0.00744757
3.09429e-11	0.00731024
3.09443e-11	0.00717299
3.09456e-11	0.00703582
3.0947e-11	0.00689873
3.09483e-11	0.00676172
3.09497e-11	0.0066248
3.0951e-11	0.00648795
3.09524e-11	0.00635119
3.09537e-11	0.0062145
3.09551e-11	0.0060779
3.09564e-11	0.00594138
3.09578e-11	0.00580494
3.09591e-11	0.00566858
3.09605e-11	0.00553231
3.09618e-11	0.00539611
3.09632e-11	0.00526
3.09645e-11	0.00512396
3.09659e-11	0.00498801
3.09673e-11	0.00485214
3.09686e-11	0.00471635
3.097e-11	0.00458064
3.09713e-11	0.00444501
3.09727e-11	0.00430947
3.0974e-11	0.004174
3.09754e-11	0.00403862
3.09767e-11	0.00390332
3.09781e-11	0.0037681
3.09794e-11	0.00363295
3.09808e-11	0.0034979
3.09821e-11	0.00336292
3.09835e-11	0.00322802
3.09848e-11	0.0030932
3.09862e-11	0.00295847
3.09875e-11	0.00282382
3.09889e-11	0.00268924
3.09902e-11	0.00255475
3.09916e-11	0.00242034
3.0993e-11	0.00228601
3.09943e-11	0.00215177
3.09957e-11	0.0020176
3.0997e-11	0.00188351
3.09984e-11	0.00174951
3.09997e-11	0.00161559
3.10011e-11	0.00148174
3.10024e-11	0.00134798
3.10038e-11	0.0012143
3.10051e-11	0.0010807
3.10065e-11	0.000947186
3.10078e-11	0.000813749
3.10092e-11	0.000680394
3.10105e-11	0.00054712
3.10119e-11	0.000413927
3.10132e-11	0.000280815
3.10146e-11	0.000147784
3.10159e-11	1.48339e-05
3.10173e-11	-0.000118035
3.10187e-11	-0.000250822
3.102e-11	-0.000383529
3.10214e-11	-0.000516154
3.10227e-11	-0.000648699
3.10241e-11	-0.000781162
3.10254e-11	-0.000913544
3.10268e-11	-0.00104584
3.10281e-11	-0.00117806
3.10295e-11	-0.0013102
3.10308e-11	-0.00144226
3.10322e-11	-0.00157424
3.10335e-11	-0.00170613
3.10349e-11	-0.00183795
3.10362e-11	-0.00196968
3.10376e-11	-0.00210133
3.10389e-11	-0.00223291
3.10403e-11	-0.0023644
3.10416e-11	-0.00249581
3.1043e-11	-0.00262713
3.10444e-11	-0.00275838
3.10457e-11	-0.00288955
3.10471e-11	-0.00302063
3.10484e-11	-0.00315164
3.10498e-11	-0.00328256
3.10511e-11	-0.0034134
3.10525e-11	-0.00354416
3.10538e-11	-0.00367484
3.10552e-11	-0.00380544
3.10565e-11	-0.00393596
3.10579e-11	-0.00406639
3.10592e-11	-0.00419675
3.10606e-11	-0.00432702
3.10619e-11	-0.00445722
3.10633e-11	-0.00458733
3.10646e-11	-0.00471736
3.1066e-11	-0.00484731
3.10673e-11	-0.00497718
3.10687e-11	-0.00510697
3.10701e-11	-0.00523668
3.10714e-11	-0.00536631
3.10728e-11	-0.00549585
3.10741e-11	-0.00562532
3.10755e-11	-0.0057547
3.10768e-11	-0.005884
3.10782e-11	-0.00601322
3.10795e-11	-0.00614236
3.10809e-11	-0.00627142
3.10822e-11	-0.0064004
3.10836e-11	-0.0065293
3.10849e-11	-0.00665812
3.10863e-11	-0.00678685
3.10876e-11	-0.00691551
3.1089e-11	-0.00704408
3.10903e-11	-0.00717258
3.10917e-11	-0.00730099
3.1093e-11	-0.00742932
3.10944e-11	-0.00755757
3.10958e-11	-0.00768574
3.10971e-11	-0.00781383
3.10985e-11	-0.00794183
3.10998e-11	-0.00806976
3.11012e-11	-0.00819761
3.11025e-11	-0.00832537
3.11039e-11	-0.00845306
3.11052e-11	-0.00858066
3.11066e-11	-0.00870818
3.11079e-11	-0.00883562
3.11093e-11	-0.00896298
3.11106e-11	-0.00909026
3.1112e-11	-0.00921746
3.11133e-11	-0.00934458
3.11147e-11	-0.00947161
3.1116e-11	-0.00959857
3.11174e-11	-0.00972545
3.11187e-11	-0.00985224
3.11201e-11	-0.00997895
3.11215e-11	-0.0101056
3.11228e-11	-0.0102321
3.11242e-11	-0.0103586
3.11255e-11	-0.010485
3.11269e-11	-0.0106113
3.11282e-11	-0.0107375
3.11296e-11	-0.0108637
3.11309e-11	-0.0109898
3.11323e-11	-0.0111157
3.11336e-11	-0.0112416
3.1135e-11	-0.0113675
3.11363e-11	-0.0114932
3.11377e-11	-0.0116189
3.1139e-11	-0.0117445
3.11404e-11	-0.01187
3.11417e-11	-0.0119954
3.11431e-11	-0.0121207
3.11444e-11	-0.012246
3.11458e-11	-0.0123712
3.11472e-11	-0.0124962
3.11485e-11	-0.0126213
3.11499e-11	-0.0127462
3.11512e-11	-0.0128711
3.11526e-11	-0.0129958
3.11539e-11	-0.0131205
3.11553e-11	-0.0132451
3.11566e-11	-0.0133697
3.1158e-11	-0.0134941
3.11593e-11	-0.0136185
3.11607e-11	-0.0137428
3.1162e-11	-0.013867
3.11634e-11	-0.0139911
3.11647e-11	-0.0141152
3.11661e-11	-0.0142391
3.11674e-11	-0.014363
3.11688e-11	-0.0144868
3.11701e-11	-0.0146106
3.11715e-11	-0.0147342
3.11729e-11	-0.0148578
3.11742e-11	-0.0149812
3.11756e-11	-0.0151046
3.11769e-11	-0.015228
3.11783e-11	-0.0153512
3.11796e-11	-0.0154744
3.1181e-11	-0.0155974
3.11823e-11	-0.0157204
3.11837e-11	-0.0158434
3.1185e-11	-0.0159662
3.11864e-11	-0.016089
3.11877e-11	-0.0162116
3.11891e-11	-0.0163342
3.11904e-11	-0.0164568
3.11918e-11	-0.0165792
3.11931e-11	-0.0167015
3.11945e-11	-0.0168238
3.11958e-11	-0.016946
3.11972e-11	-0.0170681
3.11986e-11	-0.0171902
3.11999e-11	-0.0173121
3.12013e-11	-0.017434
3.12026e-11	-0.0175558
3.1204e-11	-0.0176775
3.12053e-11	-0.0177991
3.12067e-11	-0.0179207
3.1208e-11	-0.0180421
3.12094e-11	-0.0181635
3.12107e-11	-0.0182848
3.12121e-11	-0.018406
3.12134e-11	-0.0185272
3.12148e-11	-0.0186483
3.12161e-11	-0.0187692
3.12175e-11	-0.0188901
3.12188e-11	-0.019011
3.12202e-11	-0.0191317
3.12215e-11	-0.0192524
3.12229e-11	-0.019373
3.12243e-11	-0.0194935
3.12256e-11	-0.0196139
3.1227e-11	-0.0197342
3.12283e-11	-0.0198545
3.12297e-11	-0.0199747
3.1231e-11	-0.0200948
3.12324e-11	-0.0202148
3.12337e-11	-0.0203347
3.12351e-11	-0.0204546
3.12364e-11	-0.0205744
3.12378e-11	-0.0206941
3.12391e-11	-0.0208137
3.12405e-11	-0.0209332
3.12418e-11	-0.0210527
3.12432e-11	-0.0211721
3.12445e-11	-0.0212914
3.12459e-11	-0.0214106
3.12472e-11	-0.0215297
3.12486e-11	-0.0216488
3.125e-11	-0.0217677
3.12513e-11	-0.0218866
3.12527e-11	-0.0220055
3.1254e-11	-0.0221242
3.12554e-11	-0.0222428
3.12567e-11	-0.0223614
3.12581e-11	-0.0224799
3.12594e-11	-0.0225983
3.12608e-11	-0.0227167
3.12621e-11	-0.0228349
3.12635e-11	-0.0229531
3.12648e-11	-0.0230712
3.12662e-11	-0.0231892
3.12675e-11	-0.0233071
3.12689e-11	-0.023425
3.12702e-11	-0.0235428
3.12716e-11	-0.0236604
3.12729e-11	-0.0237781
3.12743e-11	-0.0238956
3.12757e-11	-0.024013
3.1277e-11	-0.0241304
3.12784e-11	-0.0242477
3.12797e-11	-0.0243649
3.12811e-11	-0.024482
3.12824e-11	-0.0245991
3.12838e-11	-0.0247161
3.12851e-11	-0.024833
3.12865e-11	-0.0249498
3.12878e-11	-0.0250665
3.12892e-11	-0.0251831
3.12905e-11	-0.0252997
3.12919e-11	-0.0254162
3.12932e-11	-0.0255326
3.12946e-11	-0.0256489
3.12959e-11	-0.0257652
3.12973e-11	-0.0258814
3.12986e-11	-0.0259974
3.13e-11	-0.0261135
3.13014e-11	-0.0262294
3.13027e-11	-0.0263452
3.13041e-11	-0.026461
3.13054e-11	-0.0265767
3.13068e-11	-0.0266923
3.13081e-11	-0.0268078
3.13095e-11	-0.0269233
3.13108e-11	-0.0270387
3.13122e-11	-0.0271539
3.13135e-11	-0.0272691
3.13149e-11	-0.0273843
3.13162e-11	-0.0274993
3.13176e-11	-0.0276143
3.13189e-11	-0.0277292
3.13203e-11	-0.027844
3.13216e-11	-0.0279587
3.1323e-11	-0.0280734
3.13243e-11	-0.0281879
3.13257e-11	-0.0283024
3.13271e-11	-0.0284168
3.13284e-11	-0.0285312
3.13298e-11	-0.0286454
3.13311e-11	-0.0287596
3.13325e-11	-0.0288737
3.13338e-11	-0.0289877
3.13352e-11	-0.0291016
3.13365e-11	-0.0292155
3.13379e-11	-0.0293292
3.13392e-11	-0.0294429
3.13406e-11	-0.0295566
3.13419e-11	-0.0296701
3.13433e-11	-0.0297835
3.13446e-11	-0.0298969
3.1346e-11	-0.0300102
3.13473e-11	-0.0301234
3.13487e-11	-0.0302365
3.135e-11	-0.0303496
3.13514e-11	-0.0304626
3.13528e-11	-0.0305755
3.13541e-11	-0.0306883
3.13555e-11	-0.030801
3.13568e-11	-0.0309137
3.13582e-11	-0.0310262
3.13595e-11	-0.0311387
3.13609e-11	-0.0312512
3.13622e-11	-0.0313635
3.13636e-11	-0.0314757
3.13649e-11	-0.0315879
3.13663e-11	-0.0317
3.13676e-11	-0.031812
3.1369e-11	-0.031924
3.13703e-11	-0.0320358
3.13717e-11	-0.0321476
3.1373e-11	-0.0322593
3.13744e-11	-0.0323709
3.13757e-11	-0.0324825
3.13771e-11	-0.0325939
3.13785e-11	-0.0327053
3.13798e-11	-0.0328166
3.13812e-11	-0.0329278
3.13825e-11	-0.033039
3.13839e-11	-0.03315
3.13852e-11	-0.033261
3.13866e-11	-0.0333719
3.13879e-11	-0.0334828
3.13893e-11	-0.0335935
3.13906e-11	-0.0337042
3.1392e-11	-0.0338148
3.13933e-11	-0.0339253
3.13947e-11	-0.0340357
3.1396e-11	-0.034146
3.13974e-11	-0.0342563
3.13987e-11	-0.0343665
3.14001e-11	-0.0344766
3.14014e-11	-0.0345866
3.14028e-11	-0.0346966
3.14042e-11	-0.0348064
3.14055e-11	-0.0349162
3.14069e-11	-0.035026
3.14082e-11	-0.0351356
3.14096e-11	-0.0352451
3.14109e-11	-0.0353546
3.14123e-11	-0.035464
3.14136e-11	-0.0355733
3.1415e-11	-0.0356826
3.14163e-11	-0.0357917
3.14177e-11	-0.0359008
3.1419e-11	-0.0360098
3.14204e-11	-0.0361187
3.14217e-11	-0.0362276
3.14231e-11	-0.0363363
3.14244e-11	-0.036445
3.14258e-11	-0.0365536
3.14271e-11	-0.0366621
3.14285e-11	-0.0367706
3.14299e-11	-0.0368789
3.14312e-11	-0.0369872
3.14326e-11	-0.0370954
3.14339e-11	-0.0372036
3.14353e-11	-0.0373116
3.14366e-11	-0.0374196
3.1438e-11	-0.0375275
3.14393e-11	-0.0376353
3.14407e-11	-0.037743
3.1442e-11	-0.0378507
3.14434e-11	-0.0379582
3.14447e-11	-0.0380657
3.14461e-11	-0.0381731
3.14474e-11	-0.0382805
3.14488e-11	-0.0383877
3.14501e-11	-0.0384949
3.14515e-11	-0.038602
3.14528e-11	-0.038709
3.14542e-11	-0.038816
3.14556e-11	-0.0389228
3.14569e-11	-0.0390296
3.14583e-11	-0.0391363
3.14596e-11	-0.0392429
3.1461e-11	-0.0393495
3.14623e-11	-0.039456
3.14637e-11	-0.0395623
3.1465e-11	-0.0396687
3.14664e-11	-0.0397749
3.14677e-11	-0.039881
3.14691e-11	-0.0399871
3.14704e-11	-0.0400931
3.14718e-11	-0.040199
3.14731e-11	-0.0403049
3.14745e-11	-0.0404106
3.14758e-11	-0.0405163
3.14772e-11	-0.0406219
3.14785e-11	-0.0407274
3.14799e-11	-0.0408329
3.14813e-11	-0.0409382
3.14826e-11	-0.0410435
3.1484e-11	-0.0411487
3.14853e-11	-0.0412538
3.14867e-11	-0.0413589
3.1488e-11	-0.0414639
3.14894e-11	-0.0415687
3.14907e-11	-0.0416736
3.14921e-11	-0.0417783
3.14934e-11	-0.0418829
3.14948e-11	-0.0419875
3.14961e-11	-0.042092
3.14975e-11	-0.0421964
3.14988e-11	-0.0423008
3.15002e-11	-0.042405
3.15015e-11	-0.0425092
3.15029e-11	-0.0426133
3.15042e-11	-0.0427174
3.15056e-11	-0.0428213
3.1507e-11	-0.0429252
3.15083e-11	-0.043029
3.15097e-11	-0.0431327
3.1511e-11	-0.0432363
3.15124e-11	-0.0433399
3.15137e-11	-0.0434433
3.15151e-11	-0.0435467
3.15164e-11	-0.0436501
3.15178e-11	-0.0437533
3.15191e-11	-0.0438565
3.15205e-11	-0.0439595
3.15218e-11	-0.0440625
3.15232e-11	-0.0441655
3.15245e-11	-0.0442683
3.15259e-11	-0.0443711
3.15272e-11	-0.0444738
3.15286e-11	-0.0445764
3.15299e-11	-0.0446789
3.15313e-11	-0.0447814
3.15327e-11	-0.0448838
3.1534e-11	-0.0449861
3.15354e-11	-0.0450883
3.15367e-11	-0.0451904
3.15381e-11	-0.0452925
3.15394e-11	-0.0453945
3.15408e-11	-0.0454964
3.15421e-11	-0.0455982
3.15435e-11	-0.0457
3.15448e-11	-0.0458016
3.15462e-11	-0.0459032
3.15475e-11	-0.0460047
3.15489e-11	-0.0461062
3.15502e-11	-0.0462075
3.15516e-11	-0.0463088
3.15529e-11	-0.04641
3.15543e-11	-0.0465112
3.15556e-11	-0.0466122
3.1557e-11	-0.0467132
3.15584e-11	-0.0468141
3.15597e-11	-0.0469149
3.15611e-11	-0.0470156
3.15624e-11	-0.0471163
3.15638e-11	-0.0472169
3.15651e-11	-0.0473174
3.15665e-11	-0.0474178
3.15678e-11	-0.0475181
3.15692e-11	-0.0476184
3.15705e-11	-0.0477186
3.15719e-11	-0.0478187
3.15732e-11	-0.0479187
3.15746e-11	-0.0480187
3.15759e-11	-0.0481186
3.15773e-11	-0.0482184
3.15786e-11	-0.0483181
3.158e-11	-0.0484177
3.15813e-11	-0.0485173
3.15827e-11	-0.0486168
3.15841e-11	-0.0487162
3.15854e-11	-0.0488155
3.15868e-11	-0.0489148
3.15881e-11	-0.0490139
3.15895e-11	-0.049113
3.15908e-11	-0.0492121
3.15922e-11	-0.049311
3.15935e-11	-0.0494099
3.15949e-11	-0.0495086
3.15962e-11	-0.0496074
3.15976e-11	-0.049706
3.15989e-11	-0.0498045
3.16003e-11	-0.049903
3.16016e-11	-0.0500014
3.1603e-11	-0.0500997
3.16043e-11	-0.050198
3.16057e-11	-0.0502961
3.1607e-11	-0.0503942
3.16084e-11	-0.0504922
3.16098e-11	-0.0505902
3.16111e-11	-0.050688
3.16125e-11	-0.0507858
3.16138e-11	-0.0508835
3.16152e-11	-0.0509811
3.16165e-11	-0.0510787
3.16179e-11	-0.0511761
3.16192e-11	-0.0512735
3.16206e-11	-0.0513708
3.16219e-11	-0.0514681
3.16233e-11	-0.0515652
3.16246e-11	-0.0516623
3.1626e-11	-0.0517593
3.16273e-11	-0.0518562
3.16287e-11	-0.0519531
3.163e-11	-0.0520498
3.16314e-11	-0.0521465
3.16327e-11	-0.0522431
3.16341e-11	-0.0523397
3.16355e-11	-0.0524361
3.16368e-11	-0.0525325
3.16382e-11	-0.0526288
3.16395e-11	-0.0527251
3.16409e-11	-0.0528212
3.16422e-11	-0.0529173
3.16436e-11	-0.0530133
3.16449e-11	-0.0531092
3.16463e-11	-0.053205
3.16476e-11	-0.0533008
3.1649e-11	-0.0533965
3.16503e-11	-0.0534921
3.16517e-11	-0.0535876
3.1653e-11	-0.0536831
3.16544e-11	-0.0537785
3.16557e-11	-0.0538738
3.16571e-11	-0.053969
3.16584e-11	-0.0540641
3.16598e-11	-0.0541592
3.16612e-11	-0.0542542
3.16625e-11	-0.0543491
3.16639e-11	-0.0544439
3.16652e-11	-0.0545387
3.16666e-11	-0.0546334
3.16679e-11	-0.054728
3.16693e-11	-0.0548225
3.16706e-11	-0.054917
3.1672e-11	-0.0550113
3.16733e-11	-0.0551056
3.16747e-11	-0.0551999
3.1676e-11	-0.055294
3.16774e-11	-0.0553881
3.16787e-11	-0.055482
3.16801e-11	-0.055576
3.16814e-11	-0.0556698
3.16828e-11	-0.0557636
3.16841e-11	-0.0558572
3.16855e-11	-0.0559508
3.16869e-11	-0.0560444
3.16882e-11	-0.0561378
3.16896e-11	-0.0562312
3.16909e-11	-0.0563245
3.16923e-11	-0.0564177
3.16936e-11	-0.0565109
3.1695e-11	-0.0566039
3.16963e-11	-0.0566969
3.16977e-11	-0.0567898
3.1699e-11	-0.0568827
3.17004e-11	-0.0569754
3.17017e-11	-0.0570681
3.17031e-11	-0.0571607
3.17044e-11	-0.0572532
3.17058e-11	-0.0573457
3.17071e-11	-0.0574381
3.17085e-11	-0.0575304
3.17098e-11	-0.0576226
3.17112e-11	-0.0577148
3.17126e-11	-0.0578068
3.17139e-11	-0.0578988
3.17153e-11	-0.0579907
3.17166e-11	-0.0580826
3.1718e-11	-0.0581743
3.17193e-11	-0.058266
3.17207e-11	-0.0583576
3.1722e-11	-0.0584492
3.17234e-11	-0.0585406
3.17247e-11	-0.058632
3.17261e-11	-0.0587233
3.17274e-11	-0.0588145
3.17288e-11	-0.0589057
3.17301e-11	-0.0589968
3.17315e-11	-0.0590878
3.17328e-11	-0.0591787
3.17342e-11	-0.0592695
3.17356e-11	-0.0593603
3.17369e-11	-0.059451
3.17383e-11	-0.0595416
3.17396e-11	-0.0596322
3.1741e-11	-0.0597226
3.17423e-11	-0.059813
3.17437e-11	-0.0599033
3.1745e-11	-0.0599936
3.17464e-11	-0.0600837
3.17477e-11	-0.0601738
3.17491e-11	-0.0602638
3.17504e-11	-0.0603538
3.17518e-11	-0.0604436
3.17531e-11	-0.0605334
3.17545e-11	-0.0606231
3.17558e-11	-0.0607127
3.17572e-11	-0.0608023
3.17585e-11	-0.0608917
3.17599e-11	-0.0609811
3.17613e-11	-0.0610705
3.17626e-11	-0.0611597
3.1764e-11	-0.0612489
3.17653e-11	-0.061338
3.17667e-11	-0.061427
3.1768e-11	-0.0615159
3.17694e-11	-0.0616048
3.17707e-11	-0.0616936
3.17721e-11	-0.0617823
3.17734e-11	-0.061871
3.17748e-11	-0.0619595
3.17761e-11	-0.062048
3.17775e-11	-0.0621364
3.17788e-11	-0.0622248
3.17802e-11	-0.062313
3.17815e-11	-0.0624012
3.17829e-11	-0.0624893
3.17842e-11	-0.0625773
3.17856e-11	-0.0626653
3.1787e-11	-0.0627532
3.17883e-11	-0.062841
3.17897e-11	-0.0629287
3.1791e-11	-0.0630164
3.17924e-11	-0.0631039
3.17937e-11	-0.0631914
3.17951e-11	-0.0632789
3.17964e-11	-0.0633662
3.17978e-11	-0.0634535
3.17991e-11	-0.0635407
3.18005e-11	-0.0636278
3.18018e-11	-0.0637149
3.18032e-11	-0.0638018
3.18045e-11	-0.0638887
3.18059e-11	-0.0639756
3.18072e-11	-0.0640623
3.18086e-11	-0.064149
3.18099e-11	-0.0642356
3.18113e-11	-0.0643221
3.18127e-11	-0.0644085
3.1814e-11	-0.0644949
3.18154e-11	-0.0645812
3.18167e-11	-0.0646674
3.18181e-11	-0.0647536
3.18194e-11	-0.0648396
3.18208e-11	-0.0649256
3.18221e-11	-0.0650115
3.18235e-11	-0.0650974
3.18248e-11	-0.0651831
3.18262e-11	-0.0652688
3.18275e-11	-0.0653544
3.18289e-11	-0.06544
3.18302e-11	-0.0655254
3.18316e-11	-0.0656108
3.18329e-11	-0.0656962
3.18343e-11	-0.0657814
3.18356e-11	-0.0658666
3.1837e-11	-0.0659516
3.18384e-11	-0.0660367
3.18397e-11	-0.0661216
3.18411e-11	-0.0662065
3.18424e-11	-0.0662913
3.18438e-11	-0.066376
3.18451e-11	-0.0664606
3.18465e-11	-0.0665452
3.18478e-11	-0.0666297
3.18492e-11	-0.0667141
3.18505e-11	-0.0667984
3.18519e-11	-0.0668827
3.18532e-11	-0.0669669
3.18546e-11	-0.067051
3.18559e-11	-0.067135
3.18573e-11	-0.067219
3.18586e-11	-0.0673029
3.186e-11	-0.0673867
3.18613e-11	-0.0674704
3.18627e-11	-0.0675541
3.18641e-11	-0.0676377
3.18654e-11	-0.0677212
3.18668e-11	-0.0678046
3.18681e-11	-0.067888
3.18695e-11	-0.0679713
3.18708e-11	-0.0680545
3.18722e-11	-0.0681376
3.18735e-11	-0.0682207
3.18749e-11	-0.0683037
3.18762e-11	-0.0683866
3.18776e-11	-0.0684694
3.18789e-11	-0.0685522
3.18803e-11	-0.0686349
3.18816e-11	-0.0687175
3.1883e-11	-0.0688001
3.18843e-11	-0.0688825
3.18857e-11	-0.0689649
3.1887e-11	-0.0690472
3.18884e-11	-0.0691295
3.18898e-11	-0.0692117
3.18911e-11	-0.0692938
3.18925e-11	-0.0693758
3.18938e-11	-0.0694577
3.18952e-11	-0.0695396
3.18965e-11	-0.0696214
3.18979e-11	-0.0697031
3.18992e-11	-0.0697848
3.19006e-11	-0.0698663
3.19019e-11	-0.0699478
3.19033e-11	-0.0700293
3.19046e-11	-0.0701106
3.1906e-11	-0.0701919
3.19073e-11	-0.0702731
3.19087e-11	-0.0703542
3.191e-11	-0.0704353
3.19114e-11	-0.0705163
3.19127e-11	-0.0705972
3.19141e-11	-0.070678
3.19155e-11	-0.0707588
3.19168e-11	-0.0708394
3.19182e-11	-0.0709201
3.19195e-11	-0.0710006
3.19209e-11	-0.071081
3.19222e-11	-0.0711614
3.19236e-11	-0.0712417
3.19249e-11	-0.071322
3.19263e-11	-0.0714021
3.19276e-11	-0.0714822
3.1929e-11	-0.0715623
3.19303e-11	-0.0716422
3.19317e-11	-0.0717221
3.1933e-11	-0.0718019
3.19344e-11	-0.0718816
3.19357e-11	-0.0719612
3.19371e-11	-0.0720408
3.19384e-11	-0.0721203
3.19398e-11	-0.0721997
3.19412e-11	-0.0722791
3.19425e-11	-0.0723584
3.19439e-11	-0.0724376
3.19452e-11	-0.0725167
3.19466e-11	-0.0725958
3.19479e-11	-0.0726747
3.19493e-11	-0.0727536
3.19506e-11	-0.0728325
3.1952e-11	-0.0729112
3.19533e-11	-0.0729899
3.19547e-11	-0.0730685
3.1956e-11	-0.0731471
3.19574e-11	-0.0732256
3.19587e-11	-0.0733039
3.19601e-11	-0.0733823
3.19614e-11	-0.0734605
3.19628e-11	-0.0735387
3.19641e-11	-0.0736168
3.19655e-11	-0.0736948
3.19669e-11	-0.0737728
3.19682e-11	-0.0738506
3.19696e-11	-0.0739284
3.19709e-11	-0.0740062
3.19723e-11	-0.0740838
3.19736e-11	-0.0741614
3.1975e-11	-0.0742389
3.19763e-11	-0.0743164
3.19777e-11	-0.0743937
3.1979e-11	-0.074471
3.19804e-11	-0.0745482
3.19817e-11	-0.0746254
3.19831e-11	-0.0747024
3.19844e-11	-0.0747795
3.19858e-11	-0.0748564
3.19871e-11	-0.0749332
3.19885e-11	-0.07501
3.19898e-11	-0.0750867
3.19912e-11	-0.0751633
3.19926e-11	-0.0752399
3.19939e-11	-0.0753164
3.19953e-11	-0.0753928
3.19966e-11	-0.0754691
3.1998e-11	-0.0755454
3.19993e-11	-0.0756216
3.20007e-11	-0.0756977
3.2002e-11	-0.0757738
3.20034e-11	-0.0758497
3.20047e-11	-0.0759256
3.20061e-11	-0.0760015
3.20074e-11	-0.0760772
3.20088e-11	-0.0761529
3.20101e-11	-0.0762285
3.20115e-11	-0.076304
3.20128e-11	-0.0763795
3.20142e-11	-0.0764549
3.20155e-11	-0.0765302
3.20169e-11	-0.0766055
3.20183e-11	-0.0766806
3.20196e-11	-0.0767557
3.2021e-11	-0.0768308
3.20223e-11	-0.0769057
3.20237e-11	-0.0769806
3.2025e-11	-0.0770554
3.20264e-11	-0.0771301
3.20277e-11	-0.0772048
3.20291e-11	-0.0772794
3.20304e-11	-0.0773539
3.20318e-11	-0.0774284
3.20331e-11	-0.0775027
3.20345e-11	-0.077577
3.20358e-11	-0.0776513
3.20372e-11	-0.0777254
3.20385e-11	-0.0777995
3.20399e-11	-0.0778735
3.20412e-11	-0.0779474
3.20426e-11	-0.0780213
3.2044e-11	-0.0780951
3.20453e-11	-0.0781688
3.20467e-11	-0.0782425
3.2048e-11	-0.078316
3.20494e-11	-0.0783895
3.20507e-11	-0.078463
3.20521e-11	-0.0785363
3.20534e-11	-0.0786096
3.20548e-11	-0.0786828
3.20561e-11	-0.078756
3.20575e-11	-0.0788291
3.20588e-11	-0.078902
3.20602e-11	-0.078975
3.20615e-11	-0.0790478
3.20629e-11	-0.0791206
3.20642e-11	-0.0791933
3.20656e-11	-0.0792659
3.20669e-11	-0.0793385
3.20683e-11	-0.079411
3.20697e-11	-0.0794834
3.2071e-11	-0.0795558
3.20724e-11	-0.079628
3.20737e-11	-0.0797002
3.20751e-11	-0.0797724
3.20764e-11	-0.0798444
3.20778e-11	-0.0799164
3.20791e-11	-0.0799883
3.20805e-11	-0.0800602
3.20818e-11	-0.080132
3.20832e-11	-0.0802037
3.20845e-11	-0.0802753
3.20859e-11	-0.0803468
3.20872e-11	-0.0804183
3.20886e-11	-0.0804897
3.20899e-11	-0.0805611
3.20913e-11	-0.0806323
3.20926e-11	-0.0807035
3.2094e-11	-0.0807747
3.20954e-11	-0.0808457
3.20967e-11	-0.0809167
3.20981e-11	-0.0809876
3.20994e-11	-0.0810585
3.21008e-11	-0.0811292
3.21021e-11	-0.0811999
3.21035e-11	-0.0812705
3.21048e-11	-0.0813411
3.21062e-11	-0.0814116
3.21075e-11	-0.081482
3.21089e-11	-0.0815523
3.21102e-11	-0.0816226
3.21116e-11	-0.0816928
3.21129e-11	-0.0817629
3.21143e-11	-0.081833
3.21156e-11	-0.0819029
3.2117e-11	-0.0819729
3.21183e-11	-0.0820427
3.21197e-11	-0.0821125
3.21211e-11	-0.0821821
3.21224e-11	-0.0822518
3.21238e-11	-0.0823213
3.21251e-11	-0.0823908
3.21265e-11	-0.0824602
3.21278e-11	-0.0825296
3.21292e-11	-0.0825988
3.21305e-11	-0.082668
3.21319e-11	-0.0827371
3.21332e-11	-0.0828062
3.21346e-11	-0.0828752
3.21359e-11	-0.0829441
3.21373e-11	-0.0830129
3.21386e-11	-0.0830817
3.214e-11	-0.0831504
3.21413e-11	-0.083219
3.21427e-11	-0.0832876
3.2144e-11	-0.0833561
3.21454e-11	-0.0834245
3.21468e-11	-0.0834928
3.21481e-11	-0.0835611
3.21495e-11	-0.0836293
3.21508e-11	-0.0836974
3.21522e-11	-0.0837655
3.21535e-11	-0.0838335
3.21549e-11	-0.0839014
3.21562e-11	-0.0839693
3.21576e-11	-0.084037
3.21589e-11	-0.0841047
3.21603e-11	-0.0841724
3.21616e-11	-0.0842399
3.2163e-11	-0.0843074
3.21643e-11	-0.0843749
3.21657e-11	-0.0844422
3.2167e-11	-0.0845095
3.21684e-11	-0.0845767
3.21697e-11	-0.0846438
3.21711e-11	-0.0847109
3.21725e-11	-0.0847779
3.21738e-11	-0.0848448
3.21752e-11	-0.0849117
3.21765e-11	-0.0849785
3.21779e-11	-0.0850452
3.21792e-11	-0.0851118
3.21806e-11	-0.0851784
3.21819e-11	-0.0852449
3.21833e-11	-0.0853114
3.21846e-11	-0.0853777
3.2186e-11	-0.085444
3.21873e-11	-0.0855102
3.21887e-11	-0.0855764
3.219e-11	-0.0856425
3.21914e-11	-0.0857085
3.21927e-11	-0.0857744
3.21941e-11	-0.0858403
3.21954e-11	-0.0859061
3.21968e-11	-0.0859719
3.21982e-11	-0.0860375
3.21995e-11	-0.0861031
3.22009e-11	-0.0861686
3.22022e-11	-0.0862341
3.22036e-11	-0.0862995
3.22049e-11	-0.0863648
3.22063e-11	-0.08643
3.22076e-11	-0.0864952
3.2209e-11	-0.0865603
3.22103e-11	-0.0866253
3.22117e-11	-0.0866903
3.2213e-11	-0.0867552
3.22144e-11	-0.08682
3.22157e-11	-0.0868848
3.22171e-11	-0.0869494
3.22184e-11	-0.087014
3.22198e-11	-0.0870786
3.22211e-11	-0.0871431
3.22225e-11	-0.0872075
3.22239e-11	-0.0872718
3.22252e-11	-0.0873361
3.22266e-11	-0.0874003
3.22279e-11	-0.0874644
3.22293e-11	-0.0875284
3.22306e-11	-0.0875924
3.2232e-11	-0.0876563
3.22333e-11	-0.0877202
3.22347e-11	-0.087784
3.2236e-11	-0.0878477
3.22374e-11	-0.0879113
3.22387e-11	-0.0879749
3.22401e-11	-0.0880384
3.22414e-11	-0.0881018
3.22428e-11	-0.0881652
3.22441e-11	-0.0882284
3.22455e-11	-0.0882917
3.22468e-11	-0.0883548
3.22482e-11	-0.0884179
3.22496e-11	-0.0884809
3.22509e-11	-0.0885439
3.22523e-11	-0.0886067
3.22536e-11	-0.0886695
3.2255e-11	-0.0887323
3.22563e-11	-0.0887949
3.22577e-11	-0.0888575
3.2259e-11	-0.0889201
3.22604e-11	-0.0889825
3.22617e-11	-0.0890449
3.22631e-11	-0.0891072
3.22644e-11	-0.0891695
3.22658e-11	-0.0892317
3.22671e-11	-0.0892938
3.22685e-11	-0.0893558
3.22698e-11	-0.0894178
3.22712e-11	-0.0894797
3.22725e-11	-0.0895415
3.22739e-11	-0.0896033
3.22753e-11	-0.089665
3.22766e-11	-0.0897266
3.2278e-11	-0.0897882
3.22793e-11	-0.0898497
3.22807e-11	-0.0899111
3.2282e-11	-0.0899725
3.22834e-11	-0.0900337
3.22847e-11	-0.0900949
3.22861e-11	-0.0901561
3.22874e-11	-0.0902172
3.22888e-11	-0.0902782
3.22901e-11	-0.0903391
3.22915e-11	-0.0904
3.22928e-11	-0.0904608
3.22942e-11	-0.0905215
3.22955e-11	-0.0905822
3.22969e-11	-0.0906428
3.22982e-11	-0.0907033
3.22996e-11	-0.0907638
3.2301e-11	-0.0908242
3.23023e-11	-0.0908845
3.23037e-11	-0.0909448
3.2305e-11	-0.0910049
3.23064e-11	-0.0910651
3.23077e-11	-0.0911251
3.23091e-11	-0.0911851
3.23104e-11	-0.091245
3.23118e-11	-0.0913049
3.23131e-11	-0.0913646
3.23145e-11	-0.0914243
3.23158e-11	-0.091484
3.23172e-11	-0.0915435
3.23185e-11	-0.0916031
3.23199e-11	-0.0916625
3.23212e-11	-0.0917219
3.23226e-11	-0.0917812
3.23239e-11	-0.0918404
3.23253e-11	-0.0918995
3.23267e-11	-0.0919586
3.2328e-11	-0.0920177
3.23294e-11	-0.0920766
3.23307e-11	-0.0921355
3.23321e-11	-0.0921943
3.23334e-11	-0.0922531
3.23348e-11	-0.0923118
3.23361e-11	-0.0923704
3.23375e-11	-0.0924289
3.23388e-11	-0.0924874
3.23402e-11	-0.0925458
3.23415e-11	-0.0926042
3.23429e-11	-0.0926625
3.23442e-11	-0.0927207
3.23456e-11	-0.0927788
3.23469e-11	-0.0928369
3.23483e-11	-0.0928949
3.23496e-11	-0.0929528
3.2351e-11	-0.0930107
3.23524e-11	-0.0930685
3.23537e-11	-0.0931263
3.23551e-11	-0.0931839
3.23564e-11	-0.0932415
3.23578e-11	-0.0932991
3.23591e-11	-0.0933565
3.23605e-11	-0.0934139
3.23618e-11	-0.0934713
3.23632e-11	-0.0935285
3.23645e-11	-0.0935857
3.23659e-11	-0.0936428
3.23672e-11	-0.0936999
3.23686e-11	-0.0937569
3.23699e-11	-0.0938138
3.23713e-11	-0.0938707
3.23726e-11	-0.0939275
3.2374e-11	-0.0939842
3.23753e-11	-0.0940408
3.23767e-11	-0.0940974
3.23781e-11	-0.094154
3.23794e-11	-0.0942104
3.23808e-11	-0.0942668
3.23821e-11	-0.0943231
3.23835e-11	-0.0943794
3.23848e-11	-0.0944356
3.23862e-11	-0.0944917
3.23875e-11	-0.0945477
3.23889e-11	-0.0946037
3.23902e-11	-0.0946596
3.23916e-11	-0.0947155
3.23929e-11	-0.0947713
3.23943e-11	-0.094827
3.23956e-11	-0.0948826
3.2397e-11	-0.0949382
3.23983e-11	-0.0949937
3.23997e-11	-0.0950492
3.2401e-11	-0.0951046
3.24024e-11	-0.0951599
3.24038e-11	-0.0952151
3.24051e-11	-0.0952703
3.24065e-11	-0.0953254
3.24078e-11	-0.0953805
3.24092e-11	-0.0954354
3.24105e-11	-0.0954904
3.24119e-11	-0.0955452
3.24132e-11	-0.0956
3.24146e-11	-0.0956547
3.24159e-11	-0.0957094
3.24173e-11	-0.0957639
3.24186e-11	-0.0958184
3.242e-11	-0.0958729
3.24213e-11	-0.0959273
3.24227e-11	-0.0959816
3.2424e-11	-0.0960358
3.24254e-11	-0.09609
3.24267e-11	-0.0961441
3.24281e-11	-0.0961982
3.24295e-11	-0.0962522
3.24308e-11	-0.0963061
3.24322e-11	-0.0963599
3.24335e-11	-0.0964137
3.24349e-11	-0.0964674
3.24362e-11	-0.0965211
3.24376e-11	-0.0965747
3.24389e-11	-0.0966282
3.24403e-11	-0.0966816
3.24416e-11	-0.096735
3.2443e-11	-0.0967883
3.24443e-11	-0.0968416
3.24457e-11	-0.0968948
3.2447e-11	-0.0969479
3.24484e-11	-0.097001
3.24497e-11	-0.097054
3.24511e-11	-0.0971069
3.24524e-11	-0.0971597
3.24538e-11	-0.0972125
3.24552e-11	-0.0972653
3.24565e-11	-0.0973179
3.24579e-11	-0.0973705
3.24592e-11	-0.097423
3.24606e-11	-0.0974755
3.24619e-11	-0.0975279
3.24633e-11	-0.0975802
3.24646e-11	-0.0976325
3.2466e-11	-0.0976847
3.24673e-11	-0.0977368
3.24687e-11	-0.0977889
3.247e-11	-0.0978409
3.24714e-11	-0.0978928
3.24727e-11	-0.0979447
3.24741e-11	-0.0979965
3.24754e-11	-0.0980482
3.24768e-11	-0.0980999
3.24781e-11	-0.0981515
3.24795e-11	-0.0982031
3.24809e-11	-0.0982545
3.24822e-11	-0.0983059
3.24836e-11	-0.0983573
3.24849e-11	-0.0984086
3.24863e-11	-0.0984598
3.24876e-11	-0.0985109
3.2489e-11	-0.098562
3.24903e-11	-0.098613
3.24917e-11	-0.098664
3.2493e-11	-0.0987149
3.24944e-11	-0.0987657
3.24957e-11	-0.0988165
3.24971e-11	-0.0988671
3.24984e-11	-0.0989178
3.24998e-11	-0.0989683
3.25011e-11	-0.0990188
3.25025e-11	-0.0990693
3.25038e-11	-0.0991196
3.25052e-11	-0.0991699
3.25066e-11	-0.0992202
3.25079e-11	-0.0992703
3.25093e-11	-0.0993204
3.25106e-11	-0.0993705
3.2512e-11	-0.0994205
3.25133e-11	-0.0994704
3.25147e-11	-0.0995202
3.2516e-11	-0.09957
3.25174e-11	-0.0996197
3.25187e-11	-0.0996694
3.25201e-11	-0.099719
3.25214e-11	-0.0997685
3.25228e-11	-0.0998179
3.25241e-11	-0.0998673
3.25255e-11	-0.0999167
3.25268e-11	-0.0999659
3.25282e-11	-0.100015
3.25295e-11	-0.100064
3.25309e-11	-0.100113
3.25323e-11	-0.100162
3.25336e-11	-0.100211
3.2535e-11	-0.10026
3.25363e-11	-0.100309
3.25377e-11	-0.100358
3.2539e-11	-0.100406
3.25404e-11	-0.100455
3.25417e-11	-0.100504
3.25431e-11	-0.100552
3.25444e-11	-0.1006
3.25458e-11	-0.100649
3.25471e-11	-0.100697
3.25485e-11	-0.100745
3.25498e-11	-0.100794
3.25512e-11	-0.100842
3.25525e-11	-0.10089
3.25539e-11	-0.100938
3.25552e-11	-0.100986
3.25566e-11	-0.101033
3.2558e-11	-0.101081
3.25593e-11	-0.101129
3.25607e-11	-0.101177
3.2562e-11	-0.101224
3.25634e-11	-0.101272
3.25647e-11	-0.101319
3.25661e-11	-0.101367
3.25674e-11	-0.101414
3.25688e-11	-0.101461
3.25701e-11	-0.101508
3.25715e-11	-0.101555
3.25728e-11	-0.101603
3.25742e-11	-0.10165
3.25755e-11	-0.101697
3.25769e-11	-0.101743
3.25782e-11	-0.10179
3.25796e-11	-0.101837
3.25809e-11	-0.101884
3.25823e-11	-0.10193
3.25837e-11	-0.101977
3.2585e-11	-0.102023
3.25864e-11	-0.10207
3.25877e-11	-0.102116
3.25891e-11	-0.102163
3.25904e-11	-0.102209
3.25918e-11	-0.102255
3.25931e-11	-0.102301
3.25945e-11	-0.102347
3.25958e-11	-0.102393
3.25972e-11	-0.102439
3.25985e-11	-0.102485
3.25999e-11	-0.102531
3.26012e-11	-0.102576
3.26026e-11	-0.102622
3.26039e-11	-0.102668
3.26053e-11	-0.102713
3.26066e-11	-0.102759
3.2608e-11	-0.102804
3.26094e-11	-0.10285
3.26107e-11	-0.102895
3.26121e-11	-0.10294
3.26134e-11	-0.102985
3.26148e-11	-0.10303
3.26161e-11	-0.103075
3.26175e-11	-0.10312
3.26188e-11	-0.103165
3.26202e-11	-0.10321
3.26215e-11	-0.103255
3.26229e-11	-0.1033
3.26242e-11	-0.103344
3.26256e-11	-0.103389
3.26269e-11	-0.103434
3.26283e-11	-0.103478
3.26296e-11	-0.103522
3.2631e-11	-0.103567
3.26323e-11	-0.103611
3.26337e-11	-0.103655
3.26351e-11	-0.103699
3.26364e-11	-0.103744
3.26378e-11	-0.103788
3.26391e-11	-0.103832
3.26405e-11	-0.103876
3.26418e-11	-0.103919
3.26432e-11	-0.103963
3.26445e-11	-0.104007
3.26459e-11	-0.104051
3.26472e-11	-0.104094
3.26486e-11	-0.104138
3.26499e-11	-0.104181
3.26513e-11	-0.104225
3.26526e-11	-0.104268
3.2654e-11	-0.104311
3.26553e-11	-0.104354
3.26567e-11	-0.104398
3.2658e-11	-0.104441
3.26594e-11	-0.104484
3.26608e-11	-0.104527
3.26621e-11	-0.10457
3.26635e-11	-0.104612
3.26648e-11	-0.104655
3.26662e-11	-0.104698
3.26675e-11	-0.104741
3.26689e-11	-0.104783
3.26702e-11	-0.104826
3.26716e-11	-0.104868
3.26729e-11	-0.104911
3.26743e-11	-0.104953
3.26756e-11	-0.104995
3.2677e-11	-0.105038
3.26783e-11	-0.10508
3.26797e-11	-0.105122
3.2681e-11	-0.105164
3.26824e-11	-0.105206
3.26837e-11	-0.105248
3.26851e-11	-0.10529
3.26865e-11	-0.105331
3.26878e-11	-0.105373
3.26892e-11	-0.105415
3.26905e-11	-0.105457
3.26919e-11	-0.105498
3.26932e-11	-0.10554
3.26946e-11	-0.105581
3.26959e-11	-0.105622
3.26973e-11	-0.105664
3.26986e-11	-0.105705
3.27e-11	-0.105746
3.27013e-11	-0.105787
3.27027e-11	-0.105828
3.2704e-11	-0.105869
3.27054e-11	-0.10591
3.27067e-11	-0.105951
3.27081e-11	-0.105992
3.27094e-11	-0.106033
3.27108e-11	-0.106073
3.27122e-11	-0.106114
3.27135e-11	-0.106155
3.27149e-11	-0.106195
3.27162e-11	-0.106235
3.27176e-11	-0.106276
3.27189e-11	-0.106316
3.27203e-11	-0.106356
3.27216e-11	-0.106397
3.2723e-11	-0.106437
3.27243e-11	-0.106477
3.27257e-11	-0.106517
3.2727e-11	-0.106557
3.27284e-11	-0.106597
3.27297e-11	-0.106637
3.27311e-11	-0.106676
3.27324e-11	-0.106716
3.27338e-11	-0.106756
3.27351e-11	-0.106795
3.27365e-11	-0.106835
3.27379e-11	-0.106874
3.27392e-11	-0.106914
3.27406e-11	-0.106953
3.27419e-11	-0.106992
3.27433e-11	-0.107032
3.27446e-11	-0.107071
3.2746e-11	-0.10711
3.27473e-11	-0.107149
3.27487e-11	-0.107188
3.275e-11	-0.107227
3.27514e-11	-0.107266
3.27527e-11	-0.107304
3.27541e-11	-0.107343
3.27554e-11	-0.107382
3.27568e-11	-0.10742
3.27581e-11	-0.107459
3.27595e-11	-0.107498
3.27608e-11	-0.107536
3.27622e-11	-0.107574
3.27636e-11	-0.107613
3.27649e-11	-0.107651
3.27663e-11	-0.107689
3.27676e-11	-0.107727
3.2769e-11	-0.107765
3.27703e-11	-0.107803
3.27717e-11	-0.107841
3.2773e-11	-0.107879
3.27744e-11	-0.107917
3.27757e-11	-0.107955
3.27771e-11	-0.107993
3.27784e-11	-0.10803
3.27798e-11	-0.108068
3.27811e-11	-0.108105
3.27825e-11	-0.108143
3.27838e-11	-0.10818
3.27852e-11	-0.108218
3.27865e-11	-0.108255
3.27879e-11	-0.108292
3.27893e-11	-0.108329
3.27906e-11	-0.108366
3.2792e-11	-0.108403
3.27933e-11	-0.10844
3.27947e-11	-0.108477
3.2796e-11	-0.108514
3.27974e-11	-0.108551
3.27987e-11	-0.108588
3.28001e-11	-0.108624
3.28014e-11	-0.108661
3.28028e-11	-0.108698
3.28041e-11	-0.108734
3.28055e-11	-0.108771
3.28068e-11	-0.108807
3.28082e-11	-0.108843
3.28095e-11	-0.10888
3.28109e-11	-0.108916
3.28122e-11	-0.108952
3.28136e-11	-0.108988
3.2815e-11	-0.109024
3.28163e-11	-0.10906
3.28177e-11	-0.109096
3.2819e-11	-0.109132
3.28204e-11	-0.109168
3.28217e-11	-0.109204
3.28231e-11	-0.109239
3.28244e-11	-0.109275
3.28258e-11	-0.10931
3.28271e-11	-0.109346
3.28285e-11	-0.109381
3.28298e-11	-0.109417
3.28312e-11	-0.109452
3.28325e-11	-0.109487
3.28339e-11	-0.109523
3.28352e-11	-0.109558
3.28366e-11	-0.109593
3.28379e-11	-0.109628
3.28393e-11	-0.109663
3.28407e-11	-0.109698
3.2842e-11	-0.109733
3.28434e-11	-0.109767
3.28447e-11	-0.109802
3.28461e-11	-0.109837
3.28474e-11	-0.109871
3.28488e-11	-0.109906
3.28501e-11	-0.109941
3.28515e-11	-0.109975
3.28528e-11	-0.110009
3.28542e-11	-0.110044
3.28555e-11	-0.110078
3.28569e-11	-0.110112
3.28582e-11	-0.110146
3.28596e-11	-0.11018
3.28609e-11	-0.110214
3.28623e-11	-0.110248
3.28636e-11	-0.110282
3.2865e-11	-0.110316
3.28664e-11	-0.11035
3.28677e-11	-0.110384
3.28691e-11	-0.110417
3.28704e-11	-0.110451
3.28718e-11	-0.110485
3.28731e-11	-0.110518
3.28745e-11	-0.110552
3.28758e-11	-0.110585
3.28772e-11	-0.110618
3.28785e-11	-0.110652
3.28799e-11	-0.110685
3.28812e-11	-0.110718
3.28826e-11	-0.110751
3.28839e-11	-0.110784
3.28853e-11	-0.110817
3.28866e-11	-0.11085
3.2888e-11	-0.110883
3.28893e-11	-0.110916
3.28907e-11	-0.110949
3.28921e-11	-0.110981
3.28934e-11	-0.111014
3.28948e-11	-0.111046
3.28961e-11	-0.111079
3.28975e-11	-0.111111
3.28988e-11	-0.111144
3.29002e-11	-0.111176
3.29015e-11	-0.111209
3.29029e-11	-0.111241
3.29042e-11	-0.111273
3.29056e-11	-0.111305
3.29069e-11	-0.111337
3.29083e-11	-0.111369
3.29096e-11	-0.111401
3.2911e-11	-0.111433
3.29123e-11	-0.111465
3.29137e-11	-0.111497
3.2915e-11	-0.111528
3.29164e-11	-0.11156
3.29178e-11	-0.111592
3.29191e-11	-0.111623
3.29205e-11	-0.111655
3.29218e-11	-0.111686
3.29232e-11	-0.111717
3.29245e-11	-0.111749
3.29259e-11	-0.11178
3.29272e-11	-0.111811
3.29286e-11	-0.111842
3.29299e-11	-0.111873
3.29313e-11	-0.111904
3.29326e-11	-0.111935
3.2934e-11	-0.111966
3.29353e-11	-0.111997
3.29367e-11	-0.112028
3.2938e-11	-0.112059
3.29394e-11	-0.112089
3.29407e-11	-0.11212
3.29421e-11	-0.112151
3.29435e-11	-0.112181
3.29448e-11	-0.112212
3.29462e-11	-0.112242
3.29475e-11	-0.112272
3.29489e-11	-0.112303
3.29502e-11	-0.112333
3.29516e-11	-0.112363
3.29529e-11	-0.112393
3.29543e-11	-0.112423
3.29556e-11	-0.112453
3.2957e-11	-0.112483
3.29583e-11	-0.112513
3.29597e-11	-0.112543
3.2961e-11	-0.112573
3.29624e-11	-0.112602
3.29637e-11	-0.112632
3.29651e-11	-0.112662
3.29664e-11	-0.112691
3.29678e-11	-0.112721
3.29692e-11	-0.11275
3.29705e-11	-0.11278
3.29719e-11	-0.112809
3.29732e-11	-0.112838
3.29746e-11	-0.112867
3.29759e-11	-0.112897
3.29773e-11	-0.112926
3.29786e-11	-0.112955
3.298e-11	-0.112984
3.29813e-11	-0.113013
3.29827e-11	-0.113042
3.2984e-11	-0.11307
3.29854e-11	-0.113099
3.29867e-11	-0.113128
3.29881e-11	-0.113157
3.29894e-11	-0.113185
3.29908e-11	-0.113214
3.29921e-11	-0.113242
3.29935e-11	-0.113271
3.29949e-11	-0.113299
3.29962e-11	-0.113327
3.29976e-11	-0.113356
3.29989e-11	-0.113384
3.30003e-11	-0.113412
3.30016e-11	-0.11344
3.3003e-11	-0.113468
3.30043e-11	-0.113496
3.30057e-11	-0.113524
3.3007e-11	-0.113552
3.30084e-11	-0.11358
3.30097e-11	-0.113607
3.30111e-11	-0.113635
3.30124e-11	-0.113663
3.30138e-11	-0.11369
3.30151e-11	-0.113718
3.30165e-11	-0.113745
3.30178e-11	-0.113773
3.30192e-11	-0.1138
3.30206e-11	-0.113828
3.30219e-11	-0.113855
3.30233e-11	-0.113882
3.30246e-11	-0.113909
3.3026e-11	-0.113936
3.30273e-11	-0.113963
3.30287e-11	-0.11399
3.303e-11	-0.114017
3.30314e-11	-0.114044
3.30327e-11	-0.114071
3.30341e-11	-0.114098
3.30354e-11	-0.114124
3.30368e-11	-0.114151
3.30381e-11	-0.114178
3.30395e-11	-0.114204
3.30408e-11	-0.114231
3.30422e-11	-0.114257
3.30435e-11	-0.114284
3.30449e-11	-0.11431
3.30463e-11	-0.114336
3.30476e-11	-0.114362
3.3049e-11	-0.114388
3.30503e-11	-0.114415
3.30517e-11	-0.114441
3.3053e-11	-0.114467
3.30544e-11	-0.114493
3.30557e-11	-0.114518
3.30571e-11	-0.114544
3.30584e-11	-0.11457
3.30598e-11	-0.114596
3.30611e-11	-0.114621
3.30625e-11	-0.114647
3.30638e-11	-0.114673
3.30652e-11	-0.114698
3.30665e-11	-0.114724
3.30679e-11	-0.114749
3.30692e-11	-0.114774
3.30706e-11	-0.1148
3.3072e-11	-0.114825
3.30733e-11	-0.11485
3.30747e-11	-0.114875
3.3076e-11	-0.1149
3.30774e-11	-0.114925
3.30787e-11	-0.11495
3.30801e-11	-0.114975
3.30814e-11	-0.115
3.30828e-11	-0.115025
3.30841e-11	-0.11505
3.30855e-11	-0.115074
3.30868e-11	-0.115099
3.30882e-11	-0.115123
3.30895e-11	-0.115148
3.30909e-11	-0.115172
3.30922e-11	-0.115197
3.30936e-11	-0.115221
3.30949e-11	-0.115246
3.30963e-11	-0.11527
3.30977e-11	-0.115294
3.3099e-11	-0.115318
3.31004e-11	-0.115342
3.31017e-11	-0.115366
3.31031e-11	-0.11539
3.31044e-11	-0.115414
3.31058e-11	-0.115438
3.31071e-11	-0.115462
3.31085e-11	-0.115486
3.31098e-11	-0.115509
3.31112e-11	-0.115533
3.31125e-11	-0.115557
3.31139e-11	-0.11558
3.31152e-11	-0.115604
3.31166e-11	-0.115627
3.31179e-11	-0.115651
3.31193e-11	-0.115674
3.31206e-11	-0.115697
3.3122e-11	-0.115721
3.31234e-11	-0.115744
3.31247e-11	-0.115767
3.31261e-11	-0.11579
3.31274e-11	-0.115813
3.31288e-11	-0.115836
3.31301e-11	-0.115859
3.31315e-11	-0.115882
3.31328e-11	-0.115905
3.31342e-11	-0.115927
3.31355e-11	-0.11595
3.31369e-11	-0.115973
3.31382e-11	-0.115995
3.31396e-11	-0.116018
3.31409e-11	-0.11604
3.31423e-11	-0.116063
3.31436e-11	-0.116085
3.3145e-11	-0.116108
3.31463e-11	-0.11613
3.31477e-11	-0.116152
3.31491e-11	-0.116174
3.31504e-11	-0.116196
3.31518e-11	-0.116218
3.31531e-11	-0.11624
3.31545e-11	-0.116262
3.31558e-11	-0.116284
3.31572e-11	-0.116306
3.31585e-11	-0.116328
3.31599e-11	-0.11635
3.31612e-11	-0.116371
3.31626e-11	-0.116393
3.31639e-11	-0.116415
3.31653e-11	-0.116436
3.31666e-11	-0.116458
3.3168e-11	-0.116479
3.31693e-11	-0.116501
3.31707e-11	-0.116522
3.3172e-11	-0.116543
3.31734e-11	-0.116564
3.31748e-11	-0.116586
3.31761e-11	-0.116607
3.31775e-11	-0.116628
3.31788e-11	-0.116649
3.31802e-11	-0.11667
3.31815e-11	-0.116691
3.31829e-11	-0.116712
3.31842e-11	-0.116732
3.31856e-11	-0.116753
3.31869e-11	-0.116774
3.31883e-11	-0.116795
3.31896e-11	-0.116815
3.3191e-11	-0.116836
3.31923e-11	-0.116856
3.31937e-11	-0.116877
3.3195e-11	-0.116897
3.31964e-11	-0.116917
3.31977e-11	-0.116938
3.31991e-11	-0.116958
3.32005e-11	-0.116978
3.32018e-11	-0.116998
3.32032e-11	-0.117018
3.32045e-11	-0.117038
3.32059e-11	-0.117058
3.32072e-11	-0.117078
3.32086e-11	-0.117098
3.32099e-11	-0.117118
3.32113e-11	-0.117138
3.32126e-11	-0.117158
3.3214e-11	-0.117177
3.32153e-11	-0.117197
3.32167e-11	-0.117216
3.3218e-11	-0.117236
3.32194e-11	-0.117255
3.32207e-11	-0.117275
3.32221e-11	-0.117294
3.32234e-11	-0.117314
3.32248e-11	-0.117333
3.32262e-11	-0.117352
3.32275e-11	-0.117371
3.32289e-11	-0.11739
3.32302e-11	-0.117409
3.32316e-11	-0.117428
3.32329e-11	-0.117447
3.32343e-11	-0.117466
3.32356e-11	-0.117485
3.3237e-11	-0.117504
3.32383e-11	-0.117523
3.32397e-11	-0.117541
3.3241e-11	-0.11756
3.32424e-11	-0.117579
3.32437e-11	-0.117597
3.32451e-11	-0.117616
3.32464e-11	-0.117634
3.32478e-11	-0.117653
3.32491e-11	-0.117671
3.32505e-11	-0.117689
3.32519e-11	-0.117707
3.32532e-11	-0.117726
3.32546e-11	-0.117744
3.32559e-11	-0.117762
3.32573e-11	-0.11778
3.32586e-11	-0.117798
3.326e-11	-0.117816
3.32613e-11	-0.117834
3.32627e-11	-0.117852
3.3264e-11	-0.117869
3.32654e-11	-0.117887
3.32667e-11	-0.117905
3.32681e-11	-0.117922
3.32694e-11	-0.11794
3.32708e-11	-0.117958
3.32721e-11	-0.117975
3.32735e-11	-0.117992
3.32749e-11	-0.11801
3.32762e-11	-0.118027
3.32776e-11	-0.118044
3.32789e-11	-0.118062
3.32803e-11	-0.118079
3.32816e-11	-0.118096
3.3283e-11	-0.118113
3.32843e-11	-0.11813
3.32857e-11	-0.118147
3.3287e-11	-0.118164
3.32884e-11	-0.118181
3.32897e-11	-0.118198
3.32911e-11	-0.118215
3.32924e-11	-0.118231
3.32938e-11	-0.118248
3.32951e-11	-0.118265
3.32965e-11	-0.118281
3.32978e-11	-0.118298
3.32992e-11	-0.118314
3.33006e-11	-0.118331
3.33019e-11	-0.118347
3.33033e-11	-0.118363
3.33046e-11	-0.11838
3.3306e-11	-0.118396
3.33073e-11	-0.118412
3.33087e-11	-0.118428
3.331e-11	-0.118444
3.33114e-11	-0.11846
3.33127e-11	-0.118476
3.33141e-11	-0.118492
3.33154e-11	-0.118508
3.33168e-11	-0.118524
3.33181e-11	-0.11854
3.33195e-11	-0.118556
3.33208e-11	-0.118571
3.33222e-11	-0.118587
3.33235e-11	-0.118603
3.33249e-11	-0.118618
3.33263e-11	-0.118634
3.33276e-11	-0.118649
3.3329e-11	-0.118664
3.33303e-11	-0.11868
3.33317e-11	-0.118695
3.3333e-11	-0.11871
3.33344e-11	-0.118726
3.33357e-11	-0.118741
3.33371e-11	-0.118756
3.33384e-11	-0.118771
3.33398e-11	-0.118786
3.33411e-11	-0.118801
3.33425e-11	-0.118816
3.33438e-11	-0.118831
3.33452e-11	-0.118845
3.33465e-11	-0.11886
3.33479e-11	-0.118875
3.33492e-11	-0.11889
3.33506e-11	-0.118904
3.3352e-11	-0.118919
3.33533e-11	-0.118933
3.33547e-11	-0.118948
3.3356e-11	-0.118962
3.33574e-11	-0.118977
3.33587e-11	-0.118991
3.33601e-11	-0.119005
3.33614e-11	-0.119019
3.33628e-11	-0.119034
3.33641e-11	-0.119048
3.33655e-11	-0.119062
3.33668e-11	-0.119076
3.33682e-11	-0.11909
3.33695e-11	-0.119104
3.33709e-11	-0.119118
3.33722e-11	-0.119131
3.33736e-11	-0.119145
3.33749e-11	-0.119159
3.33763e-11	-0.119173
3.33777e-11	-0.119186
3.3379e-11	-0.1192
3.33804e-11	-0.119213
3.33817e-11	-0.119227
3.33831e-11	-0.11924
3.33844e-11	-0.119254
3.33858e-11	-0.119267
3.33871e-11	-0.11928
3.33885e-11	-0.119294
3.33898e-11	-0.119307
3.33912e-11	-0.11932
3.33925e-11	-0.119333
3.33939e-11	-0.119346
3.33952e-11	-0.119359
3.33966e-11	-0.119372
3.33979e-11	-0.119385
3.33993e-11	-0.119398
3.34006e-11	-0.119411
3.3402e-11	-0.119424
3.34034e-11	-0.119436
3.34047e-11	-0.119449
3.34061e-11	-0.119462
3.34074e-11	-0.119474
3.34088e-11	-0.119487
3.34101e-11	-0.119499
3.34115e-11	-0.119512
3.34128e-11	-0.119524
3.34142e-11	-0.119537
3.34155e-11	-0.119549
3.34169e-11	-0.119561
3.34182e-11	-0.119573
3.34196e-11	-0.119586
3.34209e-11	-0.119598
3.34223e-11	-0.11961
3.34236e-11	-0.119622
3.3425e-11	-0.119634
3.34263e-11	-0.119646
3.34277e-11	-0.119658
3.34291e-11	-0.119669
3.34304e-11	-0.119681
3.34318e-11	-0.119693
3.34331e-11	-0.119705
3.34345e-11	-0.119716
3.34358e-11	-0.119728
3.34372e-11	-0.11974
3.34385e-11	-0.119751
3.34399e-11	-0.119762
3.34412e-11	-0.119774
3.34426e-11	-0.119785
3.34439e-11	-0.119797
3.34453e-11	-0.119808
3.34466e-11	-0.119819
3.3448e-11	-0.11983
3.34493e-11	-0.119841
3.34507e-11	-0.119852
3.3452e-11	-0.119864
3.34534e-11	-0.119875
3.34548e-11	-0.119885
3.34561e-11	-0.119896
3.34575e-11	-0.119907
3.34588e-11	-0.119918
3.34602e-11	-0.119929
3.34615e-11	-0.11994
3.34629e-11	-0.11995
3.34642e-11	-0.119961
3.34656e-11	-0.119971
3.34669e-11	-0.119982
3.34683e-11	-0.119992
3.34696e-11	-0.120003
3.3471e-11	-0.120013
3.34723e-11	-0.120024
3.34737e-11	-0.120034
3.3475e-11	-0.120044
3.34764e-11	-0.120054
3.34777e-11	-0.120064
3.34791e-11	-0.120075
3.34805e-11	-0.120085
3.34818e-11	-0.120095
3.34832e-11	-0.120105
3.34845e-11	-0.120115
3.34859e-11	-0.120124
3.34872e-11	-0.120134
3.34886e-11	-0.120144
3.34899e-11	-0.120154
3.34913e-11	-0.120164
3.34926e-11	-0.120173
3.3494e-11	-0.120183
3.34953e-11	-0.120192
3.34967e-11	-0.120202
3.3498e-11	-0.120211
3.34994e-11	-0.120221
3.35007e-11	-0.12023
3.35021e-11	-0.120239
3.35034e-11	-0.120249
3.35048e-11	-0.120258
3.35062e-11	-0.120267
3.35075e-11	-0.120276
3.35089e-11	-0.120285
3.35102e-11	-0.120295
3.35116e-11	-0.120304
3.35129e-11	-0.120313
3.35143e-11	-0.120321
3.35156e-11	-0.12033
3.3517e-11	-0.120339
3.35183e-11	-0.120348
3.35197e-11	-0.120357
3.3521e-11	-0.120365
3.35224e-11	-0.120374
3.35237e-11	-0.120383
3.35251e-11	-0.120391
3.35264e-11	-0.1204
3.35278e-11	-0.120408
3.35291e-11	-0.120417
3.35305e-11	-0.120425
3.35319e-11	-0.120433
3.35332e-11	-0.120442
3.35346e-11	-0.12045
3.35359e-11	-0.120458
3.35373e-11	-0.120466
3.35386e-11	-0.120474
3.354e-11	-0.120482
3.35413e-11	-0.12049
3.35427e-11	-0.120498
3.3544e-11	-0.120506
3.35454e-11	-0.120514
3.35467e-11	-0.120522
3.35481e-11	-0.12053
3.35494e-11	-0.120538
3.35508e-11	-0.120545
3.35521e-11	-0.120553
3.35535e-11	-0.120561
3.35548e-11	-0.120568
3.35562e-11	-0.120576
3.35576e-11	-0.120583
3.35589e-11	-0.120591
3.35603e-11	-0.120598
3.35616e-11	-0.120605
3.3563e-11	-0.120613
3.35643e-11	-0.12062
3.35657e-11	-0.120627
3.3567e-11	-0.120634
3.35684e-11	-0.120642
3.35697e-11	-0.120649
3.35711e-11	-0.120656
3.35724e-11	-0.120663
3.35738e-11	-0.12067
3.35751e-11	-0.120677
3.35765e-11	-0.120683
3.35778e-11	-0.12069
3.35792e-11	-0.120697
3.35805e-11	-0.120704
3.35819e-11	-0.12071
3.35833e-11	-0.120717
3.35846e-11	-0.120724
3.3586e-11	-0.12073
3.35873e-11	-0.120737
3.35887e-11	-0.120743
3.359e-11	-0.12075
3.35914e-11	-0.120756
3.35927e-11	-0.120762
3.35941e-11	-0.120769
3.35954e-11	-0.120775
3.35968e-11	-0.120781
3.35981e-11	-0.120787
3.35995e-11	-0.120793
3.36008e-11	-0.1208
3.36022e-11	-0.120806
3.36035e-11	-0.120812
3.36049e-11	-0.120818
3.36062e-11	-0.120823
3.36076e-11	-0.120829
3.3609e-11	-0.120835
3.36103e-11	-0.120841
3.36117e-11	-0.120847
3.3613e-11	-0.120852
3.36144e-11	-0.120858
3.36157e-11	-0.120864
3.36171e-11	-0.120869
3.36184e-11	-0.120875
3.36198e-11	-0.12088
3.36211e-11	-0.120886
3.36225e-11	-0.120891
3.36238e-11	-0.120896
3.36252e-11	-0.120902
3.36265e-11	-0.120907
3.36279e-11	-0.120912
3.36292e-11	-0.120917
3.36306e-11	-0.120922
3.36319e-11	-0.120927
3.36333e-11	-0.120932
3.36347e-11	-0.120937
3.3636e-11	-0.120942
3.36374e-11	-0.120947
3.36387e-11	-0.120952
3.36401e-11	-0.120957
3.36414e-11	-0.120962
3.36428e-11	-0.120967
3.36441e-11	-0.120971
3.36455e-11	-0.120976
3.36468e-11	-0.12098
3.36482e-11	-0.120985
3.36495e-11	-0.12099
3.36509e-11	-0.120994
3.36522e-11	-0.120999
3.36536e-11	-0.121003
3.36549e-11	-0.121007
3.36563e-11	-0.121012
3.36576e-11	-0.121016
3.3659e-11	-0.12102
3.36604e-11	-0.121024
3.36617e-11	-0.121028
3.36631e-11	-0.121033
3.36644e-11	-0.121037
3.36658e-11	-0.121041
3.36671e-11	-0.121045
3.36685e-11	-0.121049
3.36698e-11	-0.121052
3.36712e-11	-0.121056
3.36725e-11	-0.12106
3.36739e-11	-0.121064
3.36752e-11	-0.121068
3.36766e-11	-0.121071
3.36779e-11	-0.121075
3.36793e-11	-0.121078
3.36806e-11	-0.121082
3.3682e-11	-0.121086
3.36833e-11	-0.121089
3.36847e-11	-0.121092
3.36861e-11	-0.121096
3.36874e-11	-0.121099
3.36888e-11	-0.121102
3.36901e-11	-0.121106
3.36915e-11	-0.121109
3.36928e-11	-0.121112
3.36942e-11	-0.121115
3.36955e-11	-0.121118
3.36969e-11	-0.121121
3.36982e-11	-0.121124
3.36996e-11	-0.121127
3.37009e-11	-0.12113
3.37023e-11	-0.121133
3.37036e-11	-0.121136
3.3705e-11	-0.121139
3.37063e-11	-0.121142
3.37077e-11	-0.121144
3.3709e-11	-0.121147
3.37104e-11	-0.12115
3.37118e-11	-0.121152
3.37131e-11	-0.121155
3.37145e-11	-0.121157
3.37158e-11	-0.12116
3.37172e-11	-0.121162
3.37185e-11	-0.121165
3.37199e-11	-0.121167
3.37212e-11	-0.121169
3.37226e-11	-0.121172
3.37239e-11	-0.121174
3.37253e-11	-0.121176
3.37266e-11	-0.121178
3.3728e-11	-0.12118
3.37293e-11	-0.121182
3.37307e-11	-0.121184
3.3732e-11	-0.121186
3.37334e-11	-0.121188
3.37347e-11	-0.12119
3.37361e-11	-0.121192
3.37375e-11	-0.121194
3.37388e-11	-0.121196
3.37402e-11	-0.121197
3.37415e-11	-0.121199
3.37429e-11	-0.121201
3.37442e-11	-0.121202
3.37456e-11	-0.121204
3.37469e-11	-0.121205
3.37483e-11	-0.121207
3.37496e-11	-0.121208
3.3751e-11	-0.12121
3.37523e-11	-0.121211
3.37537e-11	-0.121213
3.3755e-11	-0.121214
3.37564e-11	-0.121215
3.37577e-11	-0.121216
3.37591e-11	-0.121217
3.37604e-11	-0.121219
3.37618e-11	-0.12122
3.37632e-11	-0.121221
3.37645e-11	-0.121222
3.37659e-11	-0.121223
3.37672e-11	-0.121224
3.37686e-11	-0.121225
3.37699e-11	-0.121225
3.37713e-11	-0.121226
3.37726e-11	-0.121227
3.3774e-11	-0.121228
3.37753e-11	-0.121228
3.37767e-11	-0.121229
3.3778e-11	-0.12123
3.37794e-11	-0.12123
3.37807e-11	-0.121231
3.37821e-11	-0.121231
3.37834e-11	-0.121232
3.37848e-11	-0.121232
3.37861e-11	-0.121232
3.37875e-11	-0.121233
3.37889e-11	-0.121233
3.37902e-11	-0.121233
3.37916e-11	-0.121234
3.37929e-11	-0.121234
3.37943e-11	-0.121234
3.37956e-11	-0.121234
3.3797e-11	-0.121234
3.37983e-11	-0.121234
3.37997e-11	-0.121234
3.3801e-11	-0.121234
3.38024e-11	-0.121234
3.38037e-11	-0.121234
3.38051e-11	-0.121233
3.38064e-11	-0.121233
3.38078e-11	-0.121233
3.38091e-11	-0.121233
3.38105e-11	-0.121232
3.38118e-11	-0.121232
3.38132e-11	-0.121231
3.38146e-11	-0.121231
3.38159e-11	-0.121231
3.38173e-11	-0.12123
3.38186e-11	-0.121229
3.382e-11	-0.121229
3.38213e-11	-0.121228
3.38227e-11	-0.121227
3.3824e-11	-0.121227
3.38254e-11	-0.121226
3.38267e-11	-0.121225
3.38281e-11	-0.121224
3.38294e-11	-0.121223
3.38308e-11	-0.121222
3.38321e-11	-0.121221
3.38335e-11	-0.12122
3.38348e-11	-0.121219
3.38362e-11	-0.121218
3.38375e-11	-0.121217
3.38389e-11	-0.121216
3.38403e-11	-0.121215
3.38416e-11	-0.121214
3.3843e-11	-0.121212
3.38443e-11	-0.121211
3.38457e-11	-0.12121
3.3847e-11	-0.121208
3.38484e-11	-0.121207
3.38497e-11	-0.121205
3.38511e-11	-0.121204
3.38524e-11	-0.121202
3.38538e-11	-0.121201
3.38551e-11	-0.121199
3.38565e-11	-0.121197
3.38578e-11	-0.121196
3.38592e-11	-0.121194
3.38605e-11	-0.121192
3.38619e-11	-0.12119
3.38632e-11	-0.121189
3.38646e-11	-0.121187
3.3866e-11	-0.121185
3.38673e-11	-0.121183
3.38687e-11	-0.121181
3.387e-11	-0.121179
3.38714e-11	-0.121177
3.38727e-11	-0.121175
3.38741e-11	-0.121172
3.38754e-11	-0.12117
3.38768e-11	-0.121168
3.38781e-11	-0.121166
3.38795e-11	-0.121163
3.38808e-11	-0.121161
3.38822e-11	-0.121159
3.38835e-11	-0.121156
3.38849e-11	-0.121154
3.38862e-11	-0.121151
3.38876e-11	-0.121149
3.38889e-11	-0.121146
3.38903e-11	-0.121144
3.38917e-11	-0.121141
3.3893e-11	-0.121138
3.38944e-11	-0.121135
3.38957e-11	-0.121133
3.38971e-11	-0.12113
3.38984e-11	-0.121127
3.38998e-11	-0.121124
3.39011e-11	-0.121121
3.39025e-11	-0.121118
3.39038e-11	-0.121115
3.39052e-11	-0.121112
3.39065e-11	-0.121109
3.39079e-11	-0.121106
3.39092e-11	-0.121103
3.39106e-11	-0.1211
3.39119e-11	-0.121097
3.39133e-11	-0.121093
3.39146e-11	-0.12109
3.3916e-11	-0.121087
3.39174e-11	-0.121083
3.39187e-11	-0.12108
3.39201e-11	-0.121077
3.39214e-11	-0.121073
3.39228e-11	-0.12107
3.39241e-11	-0.121066
3.39255e-11	-0.121062
3.39268e-11	-0.121059
3.39282e-11	-0.121055
3.39295e-11	-0.121051
3.39309e-11	-0.121048
3.39322e-11	-0.121044
3.39336e-11	-0.12104
3.39349e-11	-0.121036
3.39363e-11	-0.121032
3.39376e-11	-0.121029
3.3939e-11	-0.121025
3.39403e-11	-0.121021
3.39417e-11	-0.121017
3.39431e-11	-0.121013
3.39444e-11	-0.121008
3.39458e-11	-0.121004
3.39471e-11	-0.121
3.39485e-11	-0.120996
3.39498e-11	-0.120992
3.39512e-11	-0.120987
3.39525e-11	-0.120983
3.39539e-11	-0.120979
3.39552e-11	-0.120974
3.39566e-11	-0.12097
3.39579e-11	-0.120965
3.39593e-11	-0.120961
3.39606e-11	-0.120956
3.3962e-11	-0.120952
3.39633e-11	-0.120947
3.39647e-11	-0.120943
3.3966e-11	-0.120938
3.39674e-11	-0.120933
3.39688e-11	-0.120928
3.39701e-11	-0.120924
3.39715e-11	-0.120919
3.39728e-11	-0.120914
3.39742e-11	-0.120909
3.39755e-11	-0.120904
3.39769e-11	-0.120899
3.39782e-11	-0.120894
3.39796e-11	-0.120889
3.39809e-11	-0.120884
3.39823e-11	-0.120879
3.39836e-11	-0.120874
3.3985e-11	-0.120869
3.39863e-11	-0.120863
3.39877e-11	-0.120858
3.3989e-11	-0.120853
3.39904e-11	-0.120848
3.39917e-11	-0.120842
3.39931e-11	-0.120837
3.39945e-11	-0.120831
3.39958e-11	-0.120826
3.39972e-11	-0.12082
3.39985e-11	-0.120815
3.39999e-11	-0.120809
3.40012e-11	-0.120804
3.40026e-11	-0.120798
3.40039e-11	-0.120792
3.40053e-11	-0.120787
3.40066e-11	-0.120781
3.4008e-11	-0.120775
3.40093e-11	-0.120769
3.40107e-11	-0.120763
3.4012e-11	-0.120757
3.40134e-11	-0.120752
3.40147e-11	-0.120746
3.40161e-11	-0.12074
3.40174e-11	-0.120734
3.40188e-11	-0.120728
3.40202e-11	-0.120721
3.40215e-11	-0.120715
3.40229e-11	-0.120709
3.40242e-11	-0.120703
3.40256e-11	-0.120697
3.40269e-11	-0.12069
3.40283e-11	-0.120684
3.40296e-11	-0.120678
3.4031e-11	-0.120671
3.40323e-11	-0.120665
3.40337e-11	-0.120658
3.4035e-11	-0.120652
3.40364e-11	-0.120645
3.40377e-11	-0.120639
3.40391e-11	-0.120632
3.40404e-11	-0.120626
3.40418e-11	-0.120619
3.40431e-11	-0.120612
3.40445e-11	-0.120606
3.40459e-11	-0.120599
3.40472e-11	-0.120592
3.40486e-11	-0.120585
3.40499e-11	-0.120578
3.40513e-11	-0.120571
3.40526e-11	-0.120564
3.4054e-11	-0.120558
3.40553e-11	-0.120551
3.40567e-11	-0.120543
3.4058e-11	-0.120536
3.40594e-11	-0.120529
3.40607e-11	-0.120522
3.40621e-11	-0.120515
3.40634e-11	-0.120508
3.40648e-11	-0.120501
3.40661e-11	-0.120493
3.40675e-11	-0.120486
3.40688e-11	-0.120479
3.40702e-11	-0.120471
3.40716e-11	-0.120464
3.40729e-11	-0.120456
3.40743e-11	-0.120449
3.40756e-11	-0.120441
3.4077e-11	-0.120434
3.40783e-11	-0.120426
3.40797e-11	-0.120419
3.4081e-11	-0.120411
3.40824e-11	-0.120403
3.40837e-11	-0.120396
3.40851e-11	-0.120388
3.40864e-11	-0.12038
3.40878e-11	-0.120372
3.40891e-11	-0.120364
3.40905e-11	-0.120356
3.40918e-11	-0.120348
3.40932e-11	-0.120341
3.40945e-11	-0.120333
3.40959e-11	-0.120325
3.40973e-11	-0.120316
3.40986e-11	-0.120308
3.41e-11	-0.1203
3.41013e-11	-0.120292
3.41027e-11	-0.120284
3.4104e-11	-0.120276
3.41054e-11	-0.120267
3.41067e-11	-0.120259
3.41081e-11	-0.120251
3.41094e-11	-0.120242
3.41108e-11	-0.120234
3.41121e-11	-0.120226
3.41135e-11	-0.120217
3.41148e-11	-0.120209
3.41162e-11	-0.1202
3.41175e-11	-0.120192
3.41189e-11	-0.120183
3.41202e-11	-0.120174
3.41216e-11	-0.120166
3.4123e-11	-0.120157
3.41243e-11	-0.120148
3.41257e-11	-0.12014
3.4127e-11	-0.120131
3.41284e-11	-0.120122
3.41297e-11	-0.120113
3.41311e-11	-0.120104
3.41324e-11	-0.120095
3.41338e-11	-0.120086
3.41351e-11	-0.120077
3.41365e-11	-0.120068
3.41378e-11	-0.120059
3.41392e-11	-0.12005
3.41405e-11	-0.120041
3.41419e-11	-0.120032
3.41432e-11	-0.120023
3.41446e-11	-0.120014
3.41459e-11	-0.120004
3.41473e-11	-0.119995
3.41487e-11	-0.119986
3.415e-11	-0.119976
3.41514e-11	-0.119967
3.41527e-11	-0.119958
3.41541e-11	-0.119948
3.41554e-11	-0.119939
3.41568e-11	-0.119929
3.41581e-11	-0.11992
3.41595e-11	-0.11991
3.41608e-11	-0.1199
3.41622e-11	-0.119891
3.41635e-11	-0.119881
3.41649e-11	-0.119871
3.41662e-11	-0.119862
3.41676e-11	-0.119852
3.41689e-11	-0.119842
3.41703e-11	-0.119832
3.41716e-11	-0.119823
3.4173e-11	-0.119813
3.41744e-11	-0.119803
3.41757e-11	-0.119793
3.41771e-11	-0.119783
3.41784e-11	-0.119773
3.41798e-11	-0.119763
3.41811e-11	-0.119753
3.41825e-11	-0.119742
3.41838e-11	-0.119732
3.41852e-11	-0.119722
3.41865e-11	-0.119712
3.41879e-11	-0.119702
3.41892e-11	-0.119691
3.41906e-11	-0.119681
3.41919e-11	-0.119671
3.41933e-11	-0.11966
3.41946e-11	-0.11965
3.4196e-11	-0.11964
3.41973e-11	-0.119629
3.41987e-11	-0.119619
3.42001e-11	-0.119608
3.42014e-11	-0.119598
3.42028e-11	-0.119587
3.42041e-11	-0.119576
3.42055e-11	-0.119566
3.42068e-11	-0.119555
3.42082e-11	-0.119544
3.42095e-11	-0.119534
3.42109e-11	-0.119523
3.42122e-11	-0.119512
3.42136e-11	-0.119501
3.42149e-11	-0.11949
3.42163e-11	-0.119479
3.42176e-11	-0.119468
3.4219e-11	-0.119457
3.42203e-11	-0.119446
3.42217e-11	-0.119435
3.4223e-11	-0.119424
3.42244e-11	-0.119413
3.42258e-11	-0.119402
3.42271e-11	-0.119391
3.42285e-11	-0.11938
3.42298e-11	-0.119369
3.42312e-11	-0.119357
3.42325e-11	-0.119346
3.42339e-11	-0.119335
3.42352e-11	-0.119323
3.42366e-11	-0.119312
3.42379e-11	-0.119301
3.42393e-11	-0.119289
3.42406e-11	-0.119278
3.4242e-11	-0.119266
3.42433e-11	-0.119255
3.42447e-11	-0.119243
3.4246e-11	-0.119232
3.42474e-11	-0.11922
3.42487e-11	-0.119208
3.42501e-11	-0.119197
3.42515e-11	-0.119185
3.42528e-11	-0.119173
3.42542e-11	-0.119162
3.42555e-11	-0.11915
3.42569e-11	-0.119138
3.42582e-11	-0.119126
3.42596e-11	-0.119114
3.42609e-11	-0.119102
3.42623e-11	-0.11909
3.42636e-11	-0.119078
3.4265e-11	-0.119066
3.42663e-11	-0.119054
3.42677e-11	-0.119042
3.4269e-11	-0.11903
3.42704e-11	-0.119018
3.42717e-11	-0.119006
3.42731e-11	-0.118994
3.42744e-11	-0.118981
3.42758e-11	-0.118969
3.42772e-11	-0.118957
3.42785e-11	-0.118945
3.42799e-11	-0.118932
3.42812e-11	-0.11892
3.42826e-11	-0.118907
3.42839e-11	-0.118895
3.42853e-11	-0.118883
3.42866e-11	-0.11887
3.4288e-11	-0.118858
3.42893e-11	-0.118845
3.42907e-11	-0.118832
3.4292e-11	-0.11882
3.42934e-11	-0.118807
3.42947e-11	-0.118795
3.42961e-11	-0.118782
3.42974e-11	-0.118769
3.42988e-11	-0.118756
3.43001e-11	-0.118744
3.43015e-11	-0.118731
3.43029e-11	-0.118718
3.43042e-11	-0.118705
3.43056e-11	-0.118692
3.43069e-11	-0.118679
3.43083e-11	-0.118666
3.43096e-11	-0.118653
3.4311e-11	-0.11864
3.43123e-11	-0.118627
3.43137e-11	-0.118614
3.4315e-11	-0.118601
3.43164e-11	-0.118588
3.43177e-11	-0.118575
3.43191e-11	-0.118562
3.43204e-11	-0.118548
3.43218e-11	-0.118535
3.43231e-11	-0.118522
3.43245e-11	-0.118508
3.43258e-11	-0.118495
3.43272e-11	-0.118482
3.43286e-11	-0.118468
3.43299e-11	-0.118455
3.43313e-11	-0.118441
3.43326e-11	-0.118428
3.4334e-11	-0.118414
3.43353e-11	-0.118401
3.43367e-11	-0.118387
3.4338e-11	-0.118374
3.43394e-11	-0.11836
3.43407e-11	-0.118346
3.43421e-11	-0.118333
3.43434e-11	-0.118319
3.43448e-11	-0.118305
3.43461e-11	-0.118292
3.43475e-11	-0.118278
3.43488e-11	-0.118264
3.43502e-11	-0.11825
3.43515e-11	-0.118236
3.43529e-11	-0.118222
3.43543e-11	-0.118208
3.43556e-11	-0.118194
3.4357e-11	-0.11818
3.43583e-11	-0.118166
3.43597e-11	-0.118152
3.4361e-11	-0.118138
3.43624e-11	-0.118124
3.43637e-11	-0.11811
3.43651e-11	-0.118096
3.43664e-11	-0.118082
3.43678e-11	-0.118067
3.43691e-11	-0.118053
3.43705e-11	-0.118039
3.43718e-11	-0.118024
3.43732e-11	-0.11801
3.43745e-11	-0.117996
3.43759e-11	-0.117981
3.43772e-11	-0.117967
3.43786e-11	-0.117952
3.438e-11	-0.117938
3.43813e-11	-0.117923
3.43827e-11	-0.117909
3.4384e-11	-0.117894
3.43854e-11	-0.11788
3.43867e-11	-0.117865
3.43881e-11	-0.117851
3.43894e-11	-0.117836
3.43908e-11	-0.117821
3.43921e-11	-0.117806
3.43935e-11	-0.117792
3.43948e-11	-0.117777
3.43962e-11	-0.117762
3.43975e-11	-0.117747
3.43989e-11	-0.117732
3.44002e-11	-0.117717
3.44016e-11	-0.117702
3.44029e-11	-0.117688
3.44043e-11	-0.117673
3.44057e-11	-0.117658
3.4407e-11	-0.117642
3.44084e-11	-0.117627
3.44097e-11	-0.117612
3.44111e-11	-0.117597
3.44124e-11	-0.117582
3.44138e-11	-0.117567
3.44151e-11	-0.117552
3.44165e-11	-0.117536
3.44178e-11	-0.117521
3.44192e-11	-0.117506
3.44205e-11	-0.117491
3.44219e-11	-0.117475
3.44232e-11	-0.11746
3.44246e-11	-0.117445
3.44259e-11	-0.117429
3.44273e-11	-0.117414
3.44286e-11	-0.117398
3.443e-11	-0.117383
3.44314e-11	-0.117367
3.44327e-11	-0.117352
3.44341e-11	-0.117336
3.44354e-11	-0.11732
3.44368e-11	-0.117305
3.44381e-11	-0.117289
3.44395e-11	-0.117273
3.44408e-11	-0.117258
3.44422e-11	-0.117242
3.44435e-11	-0.117226
3.44449e-11	-0.11721
3.44462e-11	-0.117195
3.44476e-11	-0.117179
3.44489e-11	-0.117163
3.44503e-11	-0.117147
3.44516e-11	-0.117131
3.4453e-11	-0.117115
3.44543e-11	-0.117099
3.44557e-11	-0.117083
3.44571e-11	-0.117067
3.44584e-11	-0.117051
3.44598e-11	-0.117035
3.44611e-11	-0.117019
3.44625e-11	-0.117003
3.44638e-11	-0.116986
3.44652e-11	-0.11697
3.44665e-11	-0.116954
3.44679e-11	-0.116938
3.44692e-11	-0.116922
3.44706e-11	-0.116905
3.44719e-11	-0.116889
3.44733e-11	-0.116873
3.44746e-11	-0.116856
3.4476e-11	-0.11684
3.44773e-11	-0.116823
3.44787e-11	-0.116807
3.448e-11	-0.11679
3.44814e-11	-0.116774
3.44828e-11	-0.116757
3.44841e-11	-0.116741
3.44855e-11	-0.116724
3.44868e-11	-0.116708
3.44882e-11	-0.116691
3.44895e-11	-0.116674
3.44909e-11	-0.116658
3.44922e-11	-0.116641
3.44936e-11	-0.116624
3.44949e-11	-0.116607
3.44963e-11	-0.116591
3.44976e-11	-0.116574
3.4499e-11	-0.116557
3.45003e-11	-0.11654
3.45017e-11	-0.116523
3.4503e-11	-0.116506
3.45044e-11	-0.116489
3.45057e-11	-0.116472
3.45071e-11	-0.116455
3.45085e-11	-0.116438
3.45098e-11	-0.116421
3.45112e-11	-0.116404
3.45125e-11	-0.116387
3.45139e-11	-0.11637
3.45152e-11	-0.116353
3.45166e-11	-0.116336
3.45179e-11	-0.116318
3.45193e-11	-0.116301
3.45206e-11	-0.116284
3.4522e-11	-0.116267
3.45233e-11	-0.116249
3.45247e-11	-0.116232
3.4526e-11	-0.116215
3.45274e-11	-0.116197
3.45287e-11	-0.11618
3.45301e-11	-0.116162
3.45314e-11	-0.116145
3.45328e-11	-0.116127
3.45342e-11	-0.11611
3.45355e-11	-0.116092
3.45369e-11	-0.116075
3.45382e-11	-0.116057
3.45396e-11	-0.11604
3.45409e-11	-0.116022
3.45423e-11	-0.116004
3.45436e-11	-0.115987
3.4545e-11	-0.115969
3.45463e-11	-0.115951
3.45477e-11	-0.115933
3.4549e-11	-0.115916
3.45504e-11	-0.115898
3.45517e-11	-0.11588
3.45531e-11	-0.115862
3.45544e-11	-0.115844
3.45558e-11	-0.115826
3.45571e-11	-0.115808
3.45585e-11	-0.11579
3.45599e-11	-0.115772
3.45612e-11	-0.115754
3.45626e-11	-0.115736
3.45639e-11	-0.115718
3.45653e-11	-0.1157
3.45666e-11	-0.115682
3.4568e-11	-0.115664
3.45693e-11	-0.115646
3.45707e-11	-0.115628
3.4572e-11	-0.115609
3.45734e-11	-0.115591
3.45747e-11	-0.115573
3.45761e-11	-0.115555
3.45774e-11	-0.115536
3.45788e-11	-0.115518
3.45801e-11	-0.1155
3.45815e-11	-0.115481
3.45828e-11	-0.115463
3.45842e-11	-0.115445
3.45856e-11	-0.115426
3.45869e-11	-0.115408
3.45883e-11	-0.115389
3.45896e-11	-0.115371
3.4591e-11	-0.115352
3.45923e-11	-0.115334
3.45937e-11	-0.115315
3.4595e-11	-0.115296
3.45964e-11	-0.115278
3.45977e-11	-0.115259
3.45991e-11	-0.11524
3.46004e-11	-0.115222
3.46018e-11	-0.115203
3.46031e-11	-0.115184
3.46045e-11	-0.115165
3.46058e-11	-0.115147
3.46072e-11	-0.115128
3.46085e-11	-0.115109
3.46099e-11	-0.11509
3.46113e-11	-0.115071
3.46126e-11	-0.115052
3.4614e-11	-0.115033
3.46153e-11	-0.115014
3.46167e-11	-0.114995
3.4618e-11	-0.114976
3.46194e-11	-0.114957
3.46207e-11	-0.114938
3.46221e-11	-0.114919
3.46234e-11	-0.1149
3.46248e-11	-0.114881
3.46261e-11	-0.114862
3.46275e-11	-0.114842
3.46288e-11	-0.114823
3.46302e-11	-0.114804
3.46315e-11	-0.114785
3.46329e-11	-0.114765
3.46342e-11	-0.114746
3.46356e-11	-0.114727
3.4637e-11	-0.114707
3.46383e-11	-0.114688
3.46397e-11	-0.114669
3.4641e-11	-0.114649
3.46424e-11	-0.11463
3.46437e-11	-0.11461
3.46451e-11	-0.114591
3.46464e-11	-0.114571
3.46478e-11	-0.114552
3.46491e-11	-0.114532
3.46505e-11	-0.114513
3.46518e-11	-0.114493
3.46532e-11	-0.114474
3.46545e-11	-0.114454
3.46559e-11	-0.114434
3.46572e-11	-0.114415
3.46586e-11	-0.114395
3.46599e-11	-0.114375
3.46613e-11	-0.114355
3.46627e-11	-0.114336
3.4664e-11	-0.114316
3.46654e-11	-0.114296
3.46667e-11	-0.114276
3.46681e-11	-0.114256
3.46694e-11	-0.114236
3.46708e-11	-0.114216
3.46721e-11	-0.114196
3.46735e-11	-0.114176
3.46748e-11	-0.114156
3.46762e-11	-0.114136
3.46775e-11	-0.114116
3.46789e-11	-0.114096
3.46802e-11	-0.114076
3.46816e-11	-0.114056
3.46829e-11	-0.114036
3.46843e-11	-0.114016
3.46856e-11	-0.113996
3.4687e-11	-0.113976
3.46884e-11	-0.113955
3.46897e-11	-0.113935
3.46911e-11	-0.113915
3.46924e-11	-0.113895
3.46938e-11	-0.113874
3.46951e-11	-0.113854
3.46965e-11	-0.113834
3.46978e-11	-0.113813
3.46992e-11	-0.113793
3.47005e-11	-0.113772
3.47019e-11	-0.113752
3.47032e-11	-0.113732
3.47046e-11	-0.113711
3.47059e-11	-0.113691
3.47073e-11	-0.11367
3.47086e-11	-0.113649
3.471e-11	-0.113629
3.47113e-11	-0.113608
3.47127e-11	-0.113588
3.47141e-11	-0.113567
3.47154e-11	-0.113546
3.47168e-11	-0.113526
3.47181e-11	-0.113505
3.47195e-11	-0.113484
3.47208e-11	-0.113464
3.47222e-11	-0.113443
3.47235e-11	-0.113422
3.47249e-11	-0.113401
3.47262e-11	-0.11338
3.47276e-11	-0.11336
3.47289e-11	-0.113339
3.47303e-11	-0.113318
3.47316e-11	-0.113297
3.4733e-11	-0.113276
3.47343e-11	-0.113255
3.47357e-11	-0.113234
3.4737e-11	-0.113213
3.47384e-11	-0.113192
3.47398e-11	-0.113171
3.47411e-11	-0.11315
3.47425e-11	-0.113129
3.47438e-11	-0.113108
3.47452e-11	-0.113087
3.47465e-11	-0.113065
3.47479e-11	-0.113044
3.47492e-11	-0.113023
3.47506e-11	-0.113002
3.47519e-11	-0.112981
3.47533e-11	-0.112959
3.47546e-11	-0.112938
3.4756e-11	-0.112917
3.47573e-11	-0.112895
3.47587e-11	-0.112874
3.476e-11	-0.112853
3.47614e-11	-0.112831
3.47627e-11	-0.11281
3.47641e-11	-0.112789
3.47655e-11	-0.112767
3.47668e-11	-0.112746
3.47682e-11	-0.112724
3.47695e-11	-0.112703
3.47709e-11	-0.112681
3.47722e-11	-0.11266
3.47736e-11	-0.112638
3.47749e-11	-0.112616
3.47763e-11	-0.112595
3.47776e-11	-0.112573
3.4779e-11	-0.112552
3.47803e-11	-0.11253
3.47817e-11	-0.112508
3.4783e-11	-0.112486
3.47844e-11	-0.112465
3.47857e-11	-0.112443
3.47871e-11	-0.112421
3.47884e-11	-0.112399
3.47898e-11	-0.112378
3.47912e-11	-0.112356
3.47925e-11	-0.112334
3.47939e-11	-0.112312
3.47952e-11	-0.11229
3.47966e-11	-0.112268
3.47979e-11	-0.112246
3.47993e-11	-0.112224
3.48006e-11	-0.112202
3.4802e-11	-0.11218
3.48033e-11	-0.112158
3.48047e-11	-0.112136
3.4806e-11	-0.112114
3.48074e-11	-0.112092
3.48087e-11	-0.11207
3.48101e-11	-0.112048
3.48114e-11	-0.112026
3.48128e-11	-0.112003
3.48142e-11	-0.111981
3.48155e-11	-0.111959
3.48169e-11	-0.111937
3.48182e-11	-0.111915
3.48196e-11	-0.111892
3.48209e-11	-0.11187
3.48223e-11	-0.111848
3.48236e-11	-0.111825
3.4825e-11	-0.111803
3.48263e-11	-0.111781
3.48277e-11	-0.111758
3.4829e-11	-0.111736
3.48304e-11	-0.111714
3.48317e-11	-0.111691
3.48331e-11	-0.111669
3.48344e-11	-0.111646
3.48358e-11	-0.111624
3.48371e-11	-0.111601
3.48385e-11	-0.111579
3.48399e-11	-0.111556
3.48412e-11	-0.111533
3.48426e-11	-0.111511
3.48439e-11	-0.111488
3.48453e-11	-0.111466
3.48466e-11	-0.111443
3.4848e-11	-0.11142
3.48493e-11	-0.111398
3.48507e-11	-0.111375
3.4852e-11	-0.111352
3.48534e-11	-0.111329
3.48547e-11	-0.111307
3.48561e-11	-0.111284
3.48574e-11	-0.111261
3.48588e-11	-0.111238
3.48601e-11	-0.111215
3.48615e-11	-0.111192
3.48628e-11	-0.111169
3.48642e-11	-0.111147
3.48656e-11	-0.111124
3.48669e-11	-0.111101
3.48683e-11	-0.111078
3.48696e-11	-0.111055
3.4871e-11	-0.111032
3.48723e-11	-0.111009
3.48737e-11	-0.110986
3.4875e-11	-0.110963
3.48764e-11	-0.110939
3.48777e-11	-0.110916
3.48791e-11	-0.110893
3.48804e-11	-0.11087
3.48818e-11	-0.110847
3.48831e-11	-0.110824
3.48845e-11	-0.110801
3.48858e-11	-0.110777
3.48872e-11	-0.110754
3.48885e-11	-0.110731
3.48899e-11	-0.110708
3.48913e-11	-0.110684
3.48926e-11	-0.110661
3.4894e-11	-0.110638
3.48953e-11	-0.110614
3.48967e-11	-0.110591
3.4898e-11	-0.110568
3.48994e-11	-0.110544
3.49007e-11	-0.110521
3.49021e-11	-0.110497
3.49034e-11	-0.110474
3.49048e-11	-0.11045
3.49061e-11	-0.110427
3.49075e-11	-0.110403
3.49088e-11	-0.11038
3.49102e-11	-0.110356
3.49115e-11	-0.110333
3.49129e-11	-0.110309
3.49142e-11	-0.110285
3.49156e-11	-0.110262
3.4917e-11	-0.110238
3.49183e-11	-0.110215
3.49197e-11	-0.110191
3.4921e-11	-0.110167
3.49224e-11	-0.110143
3.49237e-11	-0.11012
3.49251e-11	-0.110096
3.49264e-11	-0.110072
3.49278e-11	-0.110048
3.49291e-11	-0.110025
3.49305e-11	-0.110001
3.49318e-11	-0.109977
3.49332e-11	-0.109953
3.49345e-11	-0.109929
3.49359e-11	-0.109905
3.49372e-11	-0.109881
3.49386e-11	-0.109857
3.49399e-11	-0.109833
3.49413e-11	-0.109809
3.49427e-11	-0.109785
3.4944e-11	-0.109761
3.49454e-11	-0.109737
3.49467e-11	-0.109713
3.49481e-11	-0.109689
3.49494e-11	-0.109665
3.49508e-11	-0.109641
3.49521e-11	-0.109617
3.49535e-11	-0.109593
3.49548e-11	-0.109569
3.49562e-11	-0.109545
3.49575e-11	-0.10952
3.49589e-11	-0.109496
3.49602e-11	-0.109472
3.49616e-11	-0.109448
3.49629e-11	-0.109423
3.49643e-11	-0.109399
3.49656e-11	-0.109375
3.4967e-11	-0.109351
3.49684e-11	-0.109326
3.49697e-11	-0.109302
3.49711e-11	-0.109278
3.49724e-11	-0.109253
3.49738e-11	-0.109229
3.49751e-11	-0.109204
3.49765e-11	-0.10918
3.49778e-11	-0.109155
3.49792e-11	-0.109131
3.49805e-11	-0.109107
3.49819e-11	-0.109082
3.49832e-11	-0.109058
3.49846e-11	-0.109033
3.49859e-11	-0.109008
3.49873e-11	-0.108984
3.49886e-11	-0.108959
3.499e-11	-0.108935
3.49913e-11	-0.10891
3.49927e-11	-0.108885
3.49941e-11	-0.108861
3.49954e-11	-0.108836
3.49968e-11	-0.108811
3.49981e-11	-0.108787
3.49995e-11	-0.108762
3.50008e-11	-0.108737
3.50022e-11	-0.108712
3.50035e-11	-0.108688
3.50049e-11	-0.108663
3.50062e-11	-0.108638
3.50076e-11	-0.108613
3.50089e-11	-0.108588
3.50103e-11	-0.108564
3.50116e-11	-0.108539
3.5013e-11	-0.108514
3.50143e-11	-0.108489
3.50157e-11	-0.108464
3.5017e-11	-0.108439
3.50184e-11	-0.108414
3.50198e-11	-0.108389
3.50211e-11	-0.108364
3.50225e-11	-0.108339
3.50238e-11	-0.108314
3.50252e-11	-0.108289
3.50265e-11	-0.108264
3.50279e-11	-0.108239
3.50292e-11	-0.108214
3.50306e-11	-0.108189
3.50319e-11	-0.108164
3.50333e-11	-0.108138
3.50346e-11	-0.108113
3.5036e-11	-0.108088
3.50373e-11	-0.108063
3.50387e-11	-0.108038
3.504e-11	-0.108012
3.50414e-11	-0.107987
3.50427e-11	-0.107962
3.50441e-11	-0.107937
3.50455e-11	-0.107911
3.50468e-11	-0.107886
3.50482e-11	-0.107861
3.50495e-11	-0.107835
3.50509e-11	-0.10781
3.50522e-11	-0.107785
3.50536e-11	-0.107759
3.50549e-11	-0.107734
3.50563e-11	-0.107709
3.50576e-11	-0.107683
3.5059e-11	-0.107658
3.50603e-11	-0.107632
3.50617e-11	-0.107607
3.5063e-11	-0.107581
3.50644e-11	-0.107556
3.50657e-11	-0.10753
3.50671e-11	-0.107505
3.50684e-11	-0.107479
3.50698e-11	-0.107454
3.50712e-11	-0.107428
3.50725e-11	-0.107402
3.50739e-11	-0.107377
3.50752e-11	-0.107351
3.50766e-11	-0.107325
3.50779e-11	-0.1073
3.50793e-11	-0.107274
3.50806e-11	-0.107248
3.5082e-11	-0.107223
3.50833e-11	-0.107197
3.50847e-11	-0.107171
3.5086e-11	-0.107145
3.50874e-11	-0.10712
3.50887e-11	-0.107094
3.50901e-11	-0.107068
3.50914e-11	-0.107042
3.50928e-11	-0.107016
3.50941e-11	-0.10699
3.50955e-11	-0.106965
3.50969e-11	-0.106939
3.50982e-11	-0.106913
3.50996e-11	-0.106887
3.51009e-11	-0.106861
3.51023e-11	-0.106835
3.51036e-11	-0.106809
3.5105e-11	-0.106783
3.51063e-11	-0.106757
3.51077e-11	-0.106731
3.5109e-11	-0.106705
3.51104e-11	-0.106679
3.51117e-11	-0.106653
3.51131e-11	-0.106627
3.51144e-11	-0.106601
3.51158e-11	-0.106575
3.51171e-11	-0.106549
3.51185e-11	-0.106522
3.51198e-11	-0.106496
3.51212e-11	-0.10647
3.51226e-11	-0.106444
3.51239e-11	-0.106418
3.51253e-11	-0.106391
3.51266e-11	-0.106365
3.5128e-11	-0.106339
3.51293e-11	-0.106313
3.51307e-11	-0.106287
3.5132e-11	-0.10626
3.51334e-11	-0.106234
3.51347e-11	-0.106208
3.51361e-11	-0.106181
3.51374e-11	-0.106155
3.51388e-11	-0.106129
3.51401e-11	-0.106102
3.51415e-11	-0.106076
3.51428e-11	-0.106049
3.51442e-11	-0.106023
3.51455e-11	-0.105997
3.51469e-11	-0.10597
3.51483e-11	-0.105944
3.51496e-11	-0.105917
3.5151e-11	-0.105891
3.51523e-11	-0.105864
3.51537e-11	-0.105838
3.5155e-11	-0.105811
3.51564e-11	-0.105785
3.51577e-11	-0.105758
3.51591e-11	-0.105732
3.51604e-11	-0.105705
3.51618e-11	-0.105678
3.51631e-11	-0.105652
3.51645e-11	-0.105625
3.51658e-11	-0.105598
3.51672e-11	-0.105572
3.51685e-11	-0.105545
3.51699e-11	-0.105518
3.51712e-11	-0.105492
3.51726e-11	-0.105465
3.5174e-11	-0.105438
3.51753e-11	-0.105411
3.51767e-11	-0.105385
3.5178e-11	-0.105358
3.51794e-11	-0.105331
3.51807e-11	-0.105304
3.51821e-11	-0.105278
3.51834e-11	-0.105251
3.51848e-11	-0.105224
3.51861e-11	-0.105197
3.51875e-11	-0.10517
3.51888e-11	-0.105143
3.51902e-11	-0.105116
3.51915e-11	-0.105089
3.51929e-11	-0.105063
3.51942e-11	-0.105036
3.51956e-11	-0.105009
3.51969e-11	-0.104982
3.51983e-11	-0.104955
3.51997e-11	-0.104928
3.5201e-11	-0.104901
3.52024e-11	-0.104874
3.52037e-11	-0.104847
3.52051e-11	-0.10482
3.52064e-11	-0.104792
3.52078e-11	-0.104765
3.52091e-11	-0.104738
3.52105e-11	-0.104711
3.52118e-11	-0.104684
3.52132e-11	-0.104657
3.52145e-11	-0.10463
3.52159e-11	-0.104603
3.52172e-11	-0.104575
3.52186e-11	-0.104548
3.52199e-11	-0.104521
3.52213e-11	-0.104494
3.52226e-11	-0.104467
3.5224e-11	-0.104439
3.52254e-11	-0.104412
3.52267e-11	-0.104385
3.52281e-11	-0.104358
3.52294e-11	-0.10433
3.52308e-11	-0.104303
3.52321e-11	-0.104276
3.52335e-11	-0.104248
3.52348e-11	-0.104221
3.52362e-11	-0.104194
3.52375e-11	-0.104166
3.52389e-11	-0.104139
3.52402e-11	-0.104111
3.52416e-11	-0.104084
3.52429e-11	-0.104057
3.52443e-11	-0.104029
3.52456e-11	-0.104002
3.5247e-11	-0.103974
3.52483e-11	-0.103947
3.52497e-11	-0.103919
3.52511e-11	-0.103892
3.52524e-11	-0.103864
3.52538e-11	-0.103837
3.52551e-11	-0.103809
3.52565e-11	-0.103782
3.52578e-11	-0.103754
3.52592e-11	-0.103726
3.52605e-11	-0.103699
3.52619e-11	-0.103671
3.52632e-11	-0.103644
3.52646e-11	-0.103616
3.52659e-11	-0.103588
3.52673e-11	-0.103561
3.52686e-11	-0.103533
3.527e-11	-0.103505
3.52713e-11	-0.103478
3.52727e-11	-0.10345
3.5274e-11	-0.103422
3.52754e-11	-0.103394
3.52768e-11	-0.103367
3.52781e-11	-0.103339
3.52795e-11	-0.103311
3.52808e-11	-0.103283
3.52822e-11	-0.103256
3.52835e-11	-0.103228
3.52849e-11	-0.1032
3.52862e-11	-0.103172
3.52876e-11	-0.103144
3.52889e-11	-0.103116
3.52903e-11	-0.103088
3.52916e-11	-0.103061
3.5293e-11	-0.103033
3.52943e-11	-0.103005
3.52957e-11	-0.102977
3.5297e-11	-0.102949
3.52984e-11	-0.102921
3.52997e-11	-0.102893
3.53011e-11	-0.102865
3.53025e-11	-0.102837
3.53038e-11	-0.102809
3.53052e-11	-0.102781
3.53065e-11	-0.102753
3.53079e-11	-0.102725
3.53092e-11	-0.102697
3.53106e-11	-0.102669
3.53119e-11	-0.102641
3.53133e-11	-0.102613
3.53146e-11	-0.102585
3.5316e-11	-0.102556
3.53173e-11	-0.102528
3.53187e-11	-0.1025
3.532e-11	-0.102472
3.53214e-11	-0.102444
3.53227e-11	-0.102416
3.53241e-11	-0.102388
3.53254e-11	-0.102359
3.53268e-11	-0.102331
3.53282e-11	-0.102303
3.53295e-11	-0.102275
3.53309e-11	-0.102247
3.53322e-11	-0.102218
3.53336e-11	-0.10219
3.53349e-11	-0.102162
3.53363e-11	-0.102133
3.53376e-11	-0.102105
3.5339e-11	-0.102077
3.53403e-11	-0.102049
3.53417e-11	-0.10202
3.5343e-11	-0.101992
3.53444e-11	-0.101963
3.53457e-11	-0.101935
3.53471e-11	-0.101907
3.53484e-11	-0.101878
3.53498e-11	-0.10185
3.53511e-11	-0.101822
3.53525e-11	-0.101793
3.53539e-11	-0.101765
3.53552e-11	-0.101736
3.53566e-11	-0.101708
3.53579e-11	-0.101679
3.53593e-11	-0.101651
3.53606e-11	-0.101622
3.5362e-11	-0.101594
3.53633e-11	-0.101565
3.53647e-11	-0.101537
3.5366e-11	-0.101508
3.53674e-11	-0.10148
3.53687e-11	-0.101451
3.53701e-11	-0.101423
3.53714e-11	-0.101394
3.53728e-11	-0.101365
3.53741e-11	-0.101337
3.53755e-11	-0.101308
3.53768e-11	-0.10128
3.53782e-11	-0.101251
3.53796e-11	-0.101222
3.53809e-11	-0.101194
3.53823e-11	-0.101165
3.53836e-11	-0.101136
3.5385e-11	-0.101108
3.53863e-11	-0.101079
3.53877e-11	-0.10105
3.5389e-11	-0.101021
3.53904e-11	-0.100993
3.53917e-11	-0.100964
3.53931e-11	-0.100935
3.53944e-11	-0.100906
3.53958e-11	-0.100878
3.53971e-11	-0.100849
3.53985e-11	-0.10082
3.53998e-11	-0.100791
3.54012e-11	-0.100762
3.54025e-11	-0.100733
3.54039e-11	-0.100705
3.54053e-11	-0.100676
3.54066e-11	-0.100647
3.5408e-11	-0.100618
3.54093e-11	-0.100589
3.54107e-11	-0.10056
3.5412e-11	-0.100531
3.54134e-11	-0.100502
3.54147e-11	-0.100473
3.54161e-11	-0.100445
3.54174e-11	-0.100416
3.54188e-11	-0.100387
3.54201e-11	-0.100358
3.54215e-11	-0.100329
3.54228e-11	-0.1003
3.54242e-11	-0.100271
3.54255e-11	-0.100242
3.54269e-11	-0.100213
3.54282e-11	-0.100184
3.54296e-11	-0.100154
3.5431e-11	-0.100125
3.54323e-11	-0.100096
3.54337e-11	-0.100067
3.5435e-11	-0.100038
3.54364e-11	-0.100009
3.54377e-11	-0.09998
3.54391e-11	-0.0999509
3.54404e-11	-0.0999217
3.54418e-11	-0.0998926
3.54431e-11	-0.0998634
3.54445e-11	-0.0998343
3.54458e-11	-0.0998051
3.54472e-11	-0.0997759
3.54485e-11	-0.0997467
3.54499e-11	-0.0997175
3.54512e-11	-0.0996883
3.54526e-11	-0.0996591
3.54539e-11	-0.0996299
3.54553e-11	-0.0996006
3.54567e-11	-0.0995714
3.5458e-11	-0.0995421
3.54594e-11	-0.0995128
3.54607e-11	-0.0994836
3.54621e-11	-0.0994543
3.54634e-11	-0.099425
3.54648e-11	-0.0993957
3.54661e-11	-0.0993663
3.54675e-11	-0.099337
3.54688e-11	-0.0993077
3.54702e-11	-0.0992783
3.54715e-11	-0.0992489
3.54729e-11	-0.0992196
3.54742e-11	-0.0991902
3.54756e-11	-0.0991608
3.54769e-11	-0.0991314
3.54783e-11	-0.099102
3.54796e-11	-0.0990726
3.5481e-11	-0.0990431
3.54824e-11	-0.0990137
3.54837e-11	-0.0989843
3.54851e-11	-0.0989548
3.54864e-11	-0.0989253
3.54878e-11	-0.0988959
3.54891e-11	-0.0988664
3.54905e-11	-0.0988369
3.54918e-11	-0.0988074
3.54932e-11	-0.0987779
3.54945e-11	-0.0987483
3.54959e-11	-0.0987188
3.54972e-11	-0.0986892
3.54986e-11	-0.0986597
3.54999e-11	-0.0986301
3.55013e-11	-0.0986006
3.55026e-11	-0.098571
3.5504e-11	-0.0985414
3.55053e-11	-0.0985118
3.55067e-11	-0.0984822
3.55081e-11	-0.0984526
3.55094e-11	-0.0984229
3.55108e-11	-0.0983933
3.55121e-11	-0.0983636
3.55135e-11	-0.098334
3.55148e-11	-0.0983043
3.55162e-11	-0.0982747
3.55175e-11	-0.098245
3.55189e-11	-0.0982153
3.55202e-11	-0.0981856
3.55216e-11	-0.0981559
3.55229e-11	-0.0981261
3.55243e-11	-0.0980964
3.55256e-11	-0.0980667
3.5527e-11	-0.0980369
3.55283e-11	-0.0980072
3.55297e-11	-0.0979774
3.5531e-11	-0.0979476
3.55324e-11	-0.0979179
3.55338e-11	-0.0978881
3.55351e-11	-0.0978583
3.55365e-11	-0.0978285
3.55378e-11	-0.0977986
3.55392e-11	-0.0977688
3.55405e-11	-0.097739
3.55419e-11	-0.0977091
3.55432e-11	-0.0976793
3.55446e-11	-0.0976494
3.55459e-11	-0.0976195
3.55473e-11	-0.0975897
3.55486e-11	-0.0975598
3.555e-11	-0.0975299
3.55513e-11	-0.0975
3.55527e-11	-0.0974701
3.5554e-11	-0.0974401
3.55554e-11	-0.0974102
3.55567e-11	-0.0973803
3.55581e-11	-0.0973503
3.55595e-11	-0.0973203
3.55608e-11	-0.0972904
3.55622e-11	-0.0972604
3.55635e-11	-0.0972304
3.55649e-11	-0.0972004
3.55662e-11	-0.0971704
3.55676e-11	-0.0971404
3.55689e-11	-0.0971104
3.55703e-11	-0.0970804
3.55716e-11	-0.0970503
3.5573e-11	-0.0970203
3.55743e-11	-0.0969902
3.55757e-11	-0.0969602
3.5577e-11	-0.0969301
3.55784e-11	-0.0969
3.55797e-11	-0.09687
3.55811e-11	-0.0968399
3.55824e-11	-0.0968098
3.55838e-11	-0.0967797
3.55852e-11	-0.0967495
3.55865e-11	-0.0967194
3.55879e-11	-0.0966893
3.55892e-11	-0.0966591
3.55906e-11	-0.096629
3.55919e-11	-0.0965988
3.55933e-11	-0.0965687
3.55946e-11	-0.0965385
3.5596e-11	-0.0965083
3.55973e-11	-0.0964781
3.55987e-11	-0.0964479
3.56e-11	-0.0964177
3.56014e-11	-0.0963875
3.56027e-11	-0.0963573
3.56041e-11	-0.096327
3.56054e-11	-0.0962968
3.56068e-11	-0.0962665
3.56081e-11	-0.0962363
3.56095e-11	-0.096206
3.56109e-11	-0.0961758
3.56122e-11	-0.0961455
3.56136e-11	-0.0961152
3.56149e-11	-0.0960849
3.56163e-11	-0.0960546
3.56176e-11	-0.0960243
3.5619e-11	-0.095994
3.56203e-11	-0.0959636
3.56217e-11	-0.0959333
3.5623e-11	-0.095903
3.56244e-11	-0.0958726
3.56257e-11	-0.0958422
3.56271e-11	-0.0958119
3.56284e-11	-0.0957815
3.56298e-11	-0.0957511
3.56311e-11	-0.0957207
3.56325e-11	-0.0956903
3.56338e-11	-0.0956599
3.56352e-11	-0.0956295
3.56366e-11	-0.0955991
3.56379e-11	-0.0955687
3.56393e-11	-0.0955383
3.56406e-11	-0.0955078
3.5642e-11	-0.0954774
3.56433e-11	-0.0954469
3.56447e-11	-0.0954165
3.5646e-11	-0.095386
3.56474e-11	-0.0953555
3.56487e-11	-0.095325
3.56501e-11	-0.0952945
3.56514e-11	-0.095264
3.56528e-11	-0.0952335
3.56541e-11	-0.095203
3.56555e-11	-0.0951725
3.56568e-11	-0.095142
3.56582e-11	-0.0951114
3.56595e-11	-0.0950809
3.56609e-11	-0.0950503
3.56623e-11	-0.0950198
3.56636e-11	-0.0949892
3.5665e-11	-0.0949586
3.56663e-11	-0.094928
3.56677e-11	-0.0948975
3.5669e-11	-0.0948669
3.56704e-11	-0.0948363
3.56717e-11	-0.0948057
3.56731e-11	-0.094775
3.56744e-11	-0.0947444
3.56758e-11	-0.0947138
3.56771e-11	-0.0946831
3.56785e-11	-0.0946525
3.56798e-11	-0.0946219
3.56812e-11	-0.0945912
3.56825e-11	-0.0945605
3.56839e-11	-0.0945299
3.56852e-11	-0.0944992
3.56866e-11	-0.0944685
3.5688e-11	-0.0944378
3.56893e-11	-0.0944071
3.56907e-11	-0.0943764
3.5692e-11	-0.0943457
3.56934e-11	-0.094315
3.56947e-11	-0.0942842
3.56961e-11	-0.0942535
3.56974e-11	-0.0942228
3.56988e-11	-0.094192
3.57001e-11	-0.0941613
3.57015e-11	-0.0941305
3.57028e-11	-0.0940997
3.57042e-11	-0.094069
3.57055e-11	-0.0940382
3.57069e-11	-0.0940074
3.57082e-11	-0.0939766
3.57096e-11	-0.0939458
3.57109e-11	-0.093915
3.57123e-11	-0.0938842
3.57137e-11	-0.0938534
3.5715e-11	-0.0938225
3.57164e-11	-0.0937917
3.57177e-11	-0.0937609
3.57191e-11	-0.09373
3.57204e-11	-0.0936992
3.57218e-11	-0.0936683
3.57231e-11	-0.0936374
3.57245e-11	-0.0936066
3.57258e-11	-0.0935757
3.57272e-11	-0.0935448
3.57285e-11	-0.0935139
3.57299e-11	-0.093483
3.57312e-11	-0.0934521
3.57326e-11	-0.0934212
3.57339e-11	-0.0933903
3.57353e-11	-0.0933594
3.57366e-11	-0.0933284
3.5738e-11	-0.0932975
3.57394e-11	-0.0932665
3.57407e-11	-0.0932356
3.57421e-11	-0.0932046
3.57434e-11	-0.0931737
3.57448e-11	-0.0931427
3.57461e-11	-0.0931117
3.57475e-11	-0.0930808
3.57488e-11	-0.0930498
3.57502e-11	-0.0930188
3.57515e-11	-0.0929878
3.57529e-11	-0.0929568
3.57542e-11	-0.0929258
3.57556e-11	-0.0928948
3.57569e-11	-0.0928637
3.57583e-11	-0.0928327
3.57596e-11	-0.0928017
3.5761e-11	-0.0927706
3.57623e-11	-0.0927396
3.57637e-11	-0.0927085
3.57651e-11	-0.0926775
3.57664e-11	-0.0926464
3.57678e-11	-0.0926153
3.57691e-11	-0.0925843
3.57705e-11	-0.0925532
3.57718e-11	-0.0925221
3.57732e-11	-0.092491
3.57745e-11	-0.0924599
3.57759e-11	-0.0924288
3.57772e-11	-0.0923977
3.57786e-11	-0.0923666
3.57799e-11	-0.0923355
3.57813e-11	-0.0923043
3.57826e-11	-0.0922732
3.5784e-11	-0.0922421
3.57853e-11	-0.0922109
3.57867e-11	-0.0921798
3.5788e-11	-0.0921486
3.57894e-11	-0.0921174
3.57908e-11	-0.0920863
3.57921e-11	-0.0920551
3.57935e-11	-0.0920239
3.57948e-11	-0.0919927
3.57962e-11	-0.0919615
3.57975e-11	-0.0919304
3.57989e-11	-0.0918992
3.58002e-11	-0.0918679
3.58016e-11	-0.0918367
3.58029e-11	-0.0918055
3.58043e-11	-0.0917743
3.58056e-11	-0.0917431
3.5807e-11	-0.0917118
3.58083e-11	-0.0916806
3.58097e-11	-0.0916494
3.5811e-11	-0.0916181
3.58124e-11	-0.0915869
3.58137e-11	-0.0915556
3.58151e-11	-0.0915243
3.58165e-11	-0.0914931
3.58178e-11	-0.0914618
3.58192e-11	-0.0914305
3.58205e-11	-0.0913992
3.58219e-11	-0.0913679
3.58232e-11	-0.0913366
3.58246e-11	-0.0913053
3.58259e-11	-0.091274
3.58273e-11	-0.0912427
3.58286e-11	-0.0912114
3.583e-11	-0.0911801
3.58313e-11	-0.0911487
3.58327e-11	-0.0911174
3.5834e-11	-0.0910861
3.58354e-11	-0.0910547
3.58367e-11	-0.0910234
3.58381e-11	-0.090992
3.58394e-11	-0.0909607
3.58408e-11	-0.0909293
3.58422e-11	-0.0908979
3.58435e-11	-0.0908666
3.58449e-11	-0.0908352
3.58462e-11	-0.0908038
3.58476e-11	-0.0907724
3.58489e-11	-0.090741
3.58503e-11	-0.0907096
3.58516e-11	-0.0906782
3.5853e-11	-0.0906468
3.58543e-11	-0.0906154
3.58557e-11	-0.090584
3.5857e-11	-0.0905525
3.58584e-11	-0.0905211
3.58597e-11	-0.0904897
3.58611e-11	-0.0904583
3.58624e-11	-0.0904268
3.58638e-11	-0.0903954
3.58651e-11	-0.0903639
3.58665e-11	-0.0903325
3.58679e-11	-0.090301
3.58692e-11	-0.0902695
3.58706e-11	-0.0902381
3.58719e-11	-0.0902066
3.58733e-11	-0.0901751
3.58746e-11	-0.0901436
3.5876e-11	-0.0901121
3.58773e-11	-0.0900806
3.58787e-11	-0.0900491
3.588e-11	-0.0900176
3.58814e-11	-0.0899861
3.58827e-11	-0.0899546
3.58841e-11	-0.0899231
3.58854e-11	-0.0898916
3.58868e-11	-0.0898601
3.58881e-11	-0.0898285
3.58895e-11	-0.089797
3.58908e-11	-0.0897655
3.58922e-11	-0.0897339
3.58936e-11	-0.0897024
3.58949e-11	-0.0896708
3.58963e-11	-0.0896393
3.58976e-11	-0.0896077
3.5899e-11	-0.0895761
3.59003e-11	-0.0895446
3.59017e-11	-0.089513
3.5903e-11	-0.0894814
3.59044e-11	-0.0894499
3.59057e-11	-0.0894183
3.59071e-11	-0.0893867
3.59084e-11	-0.0893551
3.59098e-11	-0.0893235
3.59111e-11	-0.0892919
3.59125e-11	-0.0892603
3.59138e-11	-0.0892287
3.59152e-11	-0.0891971
3.59165e-11	-0.0891654
3.59179e-11	-0.0891338
3.59193e-11	-0.0891022
3.59206e-11	-0.0890706
3.5922e-11	-0.0890389
3.59233e-11	-0.0890073
3.59247e-11	-0.0889756
3.5926e-11	-0.088944
3.59274e-11	-0.0889123
3.59287e-11	-0.0888807
3.59301e-11	-0.088849
3.59314e-11	-0.0888174
3.59328e-11	-0.0887857
3.59341e-11	-0.088754
3.59355e-11	-0.0887223
3.59368e-11	-0.0886907
3.59382e-11	-0.088659
3.59395e-11	-0.0886273
3.59409e-11	-0.0885956
3.59422e-11	-0.0885639
3.59436e-11	-0.0885322
3.5945e-11	-0.0885005
3.59463e-11	-0.0884688
3.59477e-11	-0.0884371
3.5949e-11	-0.0884054
3.59504e-11	-0.0883737
3.59517e-11	-0.088342
3.59531e-11	-0.0883102
3.59544e-11	-0.0882785
3.59558e-11	-0.0882468
3.59571e-11	-0.088215
3.59585e-11	-0.0881833
3.59598e-11	-0.0881516
3.59612e-11	-0.0881198
3.59625e-11	-0.0880881
3.59639e-11	-0.0880563
3.59652e-11	-0.0880245
3.59666e-11	-0.0879928
3.59679e-11	-0.087961
3.59693e-11	-0.0879293
3.59707e-11	-0.0878975
3.5972e-11	-0.0878657
3.59734e-11	-0.0878339
3.59747e-11	-0.0878021
3.59761e-11	-0.0877704
3.59774e-11	-0.0877386
3.59788e-11	-0.0877068
3.59801e-11	-0.087675
3.59815e-11	-0.0876432
3.59828e-11	-0.0876114
3.59842e-11	-0.0875796
3.59855e-11	-0.0875478
3.59869e-11	-0.087516
3.59882e-11	-0.0874842
3.59896e-11	-0.0874523
3.59909e-11	-0.0874205
3.59923e-11	-0.0873887
3.59936e-11	-0.0873569
3.5995e-11	-0.087325
3.59964e-11	-0.0872932
3.59977e-11	-0.0872614
3.59991e-11	-0.0872295
3.60004e-11	-0.0871977
3.60018e-11	-0.0871658
3.60031e-11	-0.087134
3.60045e-11	-0.0871021
3.60058e-11	-0.0870703
3.60072e-11	-0.0870384
3.60085e-11	-0.0870065
3.60099e-11	-0.0869747
3.60112e-11	-0.0869428
3.60126e-11	-0.0869109
3.60139e-11	-0.0868791
3.60153e-11	-0.0868472
3.60166e-11	-0.0868153
3.6018e-11	-0.0867834
3.60193e-11	-0.0867515
3.60207e-11	-0.0867196
3.60221e-11	-0.0866877
3.60234e-11	-0.0866558
3.60248e-11	-0.0866239
3.60261e-11	-0.086592
3.60275e-11	-0.0865601
3.60288e-11	-0.0865282
3.60302e-11	-0.0864963
3.60315e-11	-0.0864644
3.60329e-11	-0.0864325
3.60342e-11	-0.0864006
3.60356e-11	-0.0863687
3.60369e-11	-0.0863367
3.60383e-11	-0.0863048
3.60396e-11	-0.0862729
3.6041e-11	-0.0862409
3.60423e-11	-0.086209
3.60437e-11	-0.0861771
3.6045e-11	-0.0861451
3.60464e-11	-0.0861132
3.60478e-11	-0.0860812
3.60491e-11	-0.0860493
3.60505e-11	-0.0860173
3.60518e-11	-0.0859854
3.60532e-11	-0.0859534
3.60545e-11	-0.0859215
3.60559e-11	-0.0858895
3.60572e-11	-0.0858575
3.60586e-11	-0.0858256
3.60599e-11	-0.0857936
3.60613e-11	-0.0857616
3.60626e-11	-0.0857297
3.6064e-11	-0.0856977
3.60653e-11	-0.0856657
3.60667e-11	-0.0856337
3.6068e-11	-0.0856017
3.60694e-11	-0.0855698
3.60707e-11	-0.0855378
3.60721e-11	-0.0855058
3.60735e-11	-0.0854738
3.60748e-11	-0.0854418
3.60762e-11	-0.0854098
3.60775e-11	-0.0853778
3.60789e-11	-0.0853458
3.60802e-11	-0.0853138
3.60816e-11	-0.0852818
3.60829e-11	-0.0852498
3.60843e-11	-0.0852177
3.60856e-11	-0.0851857
3.6087e-11	-0.0851537
3.60883e-11	-0.0851217
3.60897e-11	-0.0850897
3.6091e-11	-0.0850576
3.60924e-11	-0.0850256
3.60937e-11	-0.0849936
3.60951e-11	-0.0849616
3.60964e-11	-0.0849295
3.60978e-11	-0.0848975
3.60992e-11	-0.0848655
3.61005e-11	-0.0848334
3.61019e-11	-0.0848014
3.61032e-11	-0.0847693
3.61046e-11	-0.0847373
3.61059e-11	-0.0847052
3.61073e-11	-0.0846732
3.61086e-11	-0.0846412
3.611e-11	-0.0846091
3.61113e-11	-0.084577
3.61127e-11	-0.084545
3.6114e-11	-0.0845129
3.61154e-11	-0.0844809
3.61167e-11	-0.0844488
3.61181e-11	-0.0844167
3.61194e-11	-0.0843847
3.61208e-11	-0.0843526
3.61221e-11	-0.0843205
3.61235e-11	-0.0842885
3.61249e-11	-0.0842564
3.61262e-11	-0.0842243
3.61276e-11	-0.0841922
3.61289e-11	-0.0841602
3.61303e-11	-0.0841281
3.61316e-11	-0.084096
3.6133e-11	-0.0840639
3.61343e-11	-0.0840318
3.61357e-11	-0.0839997
3.6137e-11	-0.0839676
3.61384e-11	-0.0839356
3.61397e-11	-0.0839035
3.61411e-11	-0.0838714
3.61424e-11	-0.0838393
3.61438e-11	-0.0838072
3.61451e-11	-0.0837751
3.61465e-11	-0.083743
3.61478e-11	-0.0837109
3.61492e-11	-0.0836788
3.61506e-11	-0.0836467
3.61519e-11	-0.0836146
3.61533e-11	-0.0835824
3.61546e-11	-0.0835503
3.6156e-11	-0.0835182
3.61573e-11	-0.0834861
3.61587e-11	-0.083454
3.616e-11	-0.0834219
3.61614e-11	-0.0833898
3.61627e-11	-0.0833576
3.61641e-11	-0.0833255
3.61654e-11	-0.0832934
3.61668e-11	-0.0832613
3.61681e-11	-0.0832291
3.61695e-11	-0.083197
3.61708e-11	-0.0831649
3.61722e-11	-0.0831328
3.61735e-11	-0.0831006
3.61749e-11	-0.0830685
3.61763e-11	-0.0830364
3.61776e-11	-0.0830042
3.6179e-11	-0.0829721
3.61803e-11	-0.0829399
3.61817e-11	-0.0829078
3.6183e-11	-0.0828757
3.61844e-11	-0.0828435
3.61857e-11	-0.0828114
3.61871e-11	-0.0827792
3.61884e-11	-0.0827471
3.61898e-11	-0.082715
3.61911e-11	-0.0826828
3.61925e-11	-0.0826507
3.61938e-11	-0.0826185
3.61952e-11	-0.0825864
3.61965e-11	-0.0825542
3.61979e-11	-0.082522
3.61992e-11	-0.0824899
3.62006e-11	-0.0824577
3.6202e-11	-0.0824256
3.62033e-11	-0.0823934
3.62047e-11	-0.0823613
3.6206e-11	-0.0823291
3.62074e-11	-0.082297
3.62087e-11	-0.0822648
3.62101e-11	-0.0822326
3.62114e-11	-0.0822005
3.62128e-11	-0.0821683
3.62141e-11	-0.0821361
3.62155e-11	-0.082104
3.62168e-11	-0.0820718
3.62182e-11	-0.0820396
3.62195e-11	-0.0820075
3.62209e-11	-0.0819753
3.62222e-11	-0.0819431
3.62236e-11	-0.081911
3.62249e-11	-0.0818788
3.62263e-11	-0.0818466
3.62277e-11	-0.0818144
3.6229e-11	-0.0817823
3.62304e-11	-0.0817501
3.62317e-11	-0.0817179
3.62331e-11	-0.0816857
3.62344e-11	-0.0816536
3.62358e-11	-0.0816214
3.62371e-11	-0.0815892
3.62385e-11	-0.081557
3.62398e-11	-0.0815248
3.62412e-11	-0.0814927
3.62425e-11	-0.0814605
3.62439e-11	-0.0814283
3.62452e-11	-0.0813961
3.62466e-11	-0.0813639
3.62479e-11	-0.0813317
3.62493e-11	-0.0812996
3.62506e-11	-0.0812674
3.6252e-11	-0.0812352
3.62534e-11	-0.081203
3.62547e-11	-0.0811708
3.62561e-11	-0.0811386
3.62574e-11	-0.0811064
3.62588e-11	-0.0810743
3.62601e-11	-0.0810421
3.62615e-11	-0.0810099
3.62628e-11	-0.0809777
3.62642e-11	-0.0809455
3.62655e-11	-0.0809133
3.62669e-11	-0.0808811
3.62682e-11	-0.0808489
3.62696e-11	-0.0808167
3.62709e-11	-0.0807845
3.62723e-11	-0.0807523
3.62736e-11	-0.0807201
3.6275e-11	-0.080688
3.62763e-11	-0.0806558
3.62777e-11	-0.0806236
3.62791e-11	-0.0805914
3.62804e-11	-0.0805592
3.62818e-11	-0.080527
3.62831e-11	-0.0804948
3.62845e-11	-0.0804626
3.62858e-11	-0.0804304
3.62872e-11	-0.0803982
3.62885e-11	-0.080366
3.62899e-11	-0.0803338
3.62912e-11	-0.0803016
3.62926e-11	-0.0802694
3.62939e-11	-0.0802372
3.62953e-11	-0.080205
3.62966e-11	-0.0801728
3.6298e-11	-0.0801406
3.62993e-11	-0.0801084
3.63007e-11	-0.0800762
3.6302e-11	-0.080044
3.63034e-11	-0.0800118
3.63048e-11	-0.0799796
3.63061e-11	-0.0799474
3.63075e-11	-0.0799152
3.63088e-11	-0.079883
3.63102e-11	-0.0798508
3.63115e-11	-0.0798186
3.63129e-11	-0.0797864
3.63142e-11	-0.0797542
3.63156e-11	-0.079722
3.63169e-11	-0.0796898
3.63183e-11	-0.0796576
3.63196e-11	-0.0796255
3.6321e-11	-0.0795932
3.63223e-11	-0.0795611
3.63237e-11	-0.0795289
3.6325e-11	-0.0794967
3.63264e-11	-0.0794645
3.63277e-11	-0.0794323
3.63291e-11	-0.0794001
3.63305e-11	-0.0793679
3.63318e-11	-0.0793357
3.63332e-11	-0.0793035
3.63345e-11	-0.0792713
3.63359e-11	-0.0792391
3.63372e-11	-0.0792069
3.63386e-11	-0.0791747
3.63399e-11	-0.0791425
3.63413e-11	-0.0791103
3.63426e-11	-0.0790781
3.6344e-11	-0.0790459
3.63453e-11	-0.0790137
3.63467e-11	-0.0789815
3.6348e-11	-0.0789493
3.63494e-11	-0.0789171
3.63507e-11	-0.0788849
3.63521e-11	-0.0788528
3.63535e-11	-0.0788206
3.63548e-11	-0.0787884
3.63562e-11	-0.0787562
3.63575e-11	-0.078724
3.63589e-11	-0.0786918
3.63602e-11	-0.0786596
3.63616e-11	-0.0786274
3.63629e-11	-0.0785952
3.63643e-11	-0.078563
3.63656e-11	-0.0785308
3.6367e-11	-0.0784987
3.63683e-11	-0.0784665
3.63697e-11	-0.0784343
3.6371e-11	-0.0784021
3.63724e-11	-0.0783699
3.63737e-11	-0.0783377
3.63751e-11	-0.0783055
3.63764e-11	-0.0782734
3.63778e-11	-0.0782412
3.63792e-11	-0.078209
3.63805e-11	-0.0781768
3.63819e-11	-0.0781446
3.63832e-11	-0.0781124
3.63846e-11	-0.0780803
3.63859e-11	-0.0780481
3.63873e-11	-0.0780159
3.63886e-11	-0.0779837
3.639e-11	-0.0779516
3.63913e-11	-0.0779194
3.63927e-11	-0.0778872
3.6394e-11	-0.077855
3.63954e-11	-0.0778228
3.63967e-11	-0.0777907
3.63981e-11	-0.0777585
3.63994e-11	-0.0777263
3.64008e-11	-0.0776942
3.64021e-11	-0.077662
3.64035e-11	-0.0776298
3.64049e-11	-0.0775977
3.64062e-11	-0.0775655
3.64076e-11	-0.0775333
3.64089e-11	-0.0775012
3.64103e-11	-0.077469
3.64116e-11	-0.0774368
3.6413e-11	-0.0774047
3.64143e-11	-0.0773725
3.64157e-11	-0.0773403
3.6417e-11	-0.0773082
3.64184e-11	-0.077276
3.64197e-11	-0.0772439
3.64211e-11	-0.0772117
3.64224e-11	-0.0771795
3.64238e-11	-0.0771474
3.64251e-11	-0.0771152
3.64265e-11	-0.0770831
3.64278e-11	-0.0770509
3.64292e-11	-0.0770188
3.64306e-11	-0.0769866
3.64319e-11	-0.0769545
3.64333e-11	-0.0769223
3.64346e-11	-0.0768902
3.6436e-11	-0.076858
3.64373e-11	-0.0768259
3.64387e-11	-0.0767937
3.644e-11	-0.0767616
3.64414e-11	-0.0767295
3.64427e-11	-0.0766973
3.64441e-11	-0.0766652
3.64454e-11	-0.076633
3.64468e-11	-0.0766009
3.64481e-11	-0.0765688
3.64495e-11	-0.0765366
3.64508e-11	-0.0765045
3.64522e-11	-0.0764724
3.64535e-11	-0.0764402
3.64549e-11	-0.0764081
3.64563e-11	-0.076376
3.64576e-11	-0.0763439
3.6459e-11	-0.0763117
3.64603e-11	-0.0762796
3.64617e-11	-0.0762475
3.6463e-11	-0.0762154
3.64644e-11	-0.0761832
3.64657e-11	-0.0761511
3.64671e-11	-0.076119
3.64684e-11	-0.0760869
3.64698e-11	-0.0760548
3.64711e-11	-0.0760227
3.64725e-11	-0.0759906
3.64738e-11	-0.0759584
3.64752e-11	-0.0759263
3.64765e-11	-0.0758942
3.64779e-11	-0.0758621
3.64792e-11	-0.07583
3.64806e-11	-0.0757979
3.6482e-11	-0.0757658
3.64833e-11	-0.0757337
3.64847e-11	-0.0757016
3.6486e-11	-0.0756695
3.64874e-11	-0.0756374
3.64887e-11	-0.0756053
3.64901e-11	-0.0755732
3.64914e-11	-0.0755411
3.64928e-11	-0.075509
3.64941e-11	-0.075477
3.64955e-11	-0.0754449
3.64968e-11	-0.0754128
3.64982e-11	-0.0753807
3.64995e-11	-0.0753486
3.65009e-11	-0.0753165
3.65022e-11	-0.0752845
3.65036e-11	-0.0752524
3.65049e-11	-0.0752203
3.65063e-11	-0.0751882
3.65077e-11	-0.0751562
3.6509e-11	-0.0751241
3.65104e-11	-0.075092
3.65117e-11	-0.07506
3.65131e-11	-0.0750279
3.65144e-11	-0.0749959
3.65158e-11	-0.0749638
3.65171e-11	-0.0749317
3.65185e-11	-0.0748997
3.65198e-11	-0.0748676
3.65212e-11	-0.0748356
3.65225e-11	-0.0748035
3.65239e-11	-0.0747715
3.65252e-11	-0.0747394
3.65266e-11	-0.0747074
3.65279e-11	-0.0746753
3.65293e-11	-0.0746433
3.65306e-11	-0.0746113
3.6532e-11	-0.0745792
3.65334e-11	-0.0745472
3.65347e-11	-0.0745151
3.65361e-11	-0.0744831
3.65374e-11	-0.0744511
3.65388e-11	-0.0744191
3.65401e-11	-0.074387
3.65415e-11	-0.074355
3.65428e-11	-0.074323
3.65442e-11	-0.074291
3.65455e-11	-0.0742589
3.65469e-11	-0.0742269
3.65482e-11	-0.0741949
3.65496e-11	-0.0741629
3.65509e-11	-0.0741309
3.65523e-11	-0.0740989
3.65536e-11	-0.0740669
3.6555e-11	-0.0740349
3.65563e-11	-0.0740029
3.65577e-11	-0.0739709
3.65591e-11	-0.0739389
3.65604e-11	-0.0739069
3.65618e-11	-0.0738749
3.65631e-11	-0.0738429
3.65645e-11	-0.0738109
3.65658e-11	-0.0737789
3.65672e-11	-0.0737469
3.65685e-11	-0.073715
3.65699e-11	-0.073683
3.65712e-11	-0.073651
3.65726e-11	-0.073619
3.65739e-11	-0.0735871
3.65753e-11	-0.0735551
3.65766e-11	-0.0735231
3.6578e-11	-0.0734912
3.65793e-11	-0.0734592
3.65807e-11	-0.0734272
3.6582e-11	-0.0733953
3.65834e-11	-0.0733633
3.65848e-11	-0.0733314
3.65861e-11	-0.0732994
3.65875e-11	-0.0732675
3.65888e-11	-0.0732355
3.65902e-11	-0.0732036
3.65915e-11	-0.0731716
3.65929e-11	-0.0731397
3.65942e-11	-0.0731077
3.65956e-11	-0.0730758
3.65969e-11	-0.0730439
3.65983e-11	-0.0730119
3.65996e-11	-0.07298
3.6601e-11	-0.0729481
3.66023e-11	-0.0729162
3.66037e-11	-0.0728842
3.6605e-11	-0.0728523
3.66064e-11	-0.0728204
3.66077e-11	-0.0727885
3.66091e-11	-0.0727566
3.66105e-11	-0.0727247
3.66118e-11	-0.0726928
3.66132e-11	-0.0726609
3.66145e-11	-0.072629
3.66159e-11	-0.0725971
3.66172e-11	-0.0725652
3.66186e-11	-0.0725333
3.66199e-11	-0.0725014
3.66213e-11	-0.0724695
3.66226e-11	-0.0724376
3.6624e-11	-0.0724057
3.66253e-11	-0.0723739
3.66267e-11	-0.072342
3.6628e-11	-0.0723101
3.66294e-11	-0.0722782
3.66307e-11	-0.0722464
3.66321e-11	-0.0722145
3.66334e-11	-0.0721826
3.66348e-11	-0.0721508
3.66362e-11	-0.0721189
3.66375e-11	-0.0720871
3.66389e-11	-0.0720552
3.66402e-11	-0.0720234
3.66416e-11	-0.0719915
3.66429e-11	-0.0719597
3.66443e-11	-0.0719278
3.66456e-11	-0.071896
3.6647e-11	-0.0718642
3.66483e-11	-0.0718323
3.66497e-11	-0.0718005
3.6651e-11	-0.0717687
3.66524e-11	-0.0717369
3.66537e-11	-0.071705
3.66551e-11	-0.0716732
3.66564e-11	-0.0716414
3.66578e-11	-0.0716096
3.66591e-11	-0.0715778
3.66605e-11	-0.071546
3.66619e-11	-0.0715142
3.66632e-11	-0.0714824
3.66646e-11	-0.0714506
3.66659e-11	-0.0714188
3.66673e-11	-0.071387
3.66686e-11	-0.0713552
3.667e-11	-0.0713234
3.66713e-11	-0.0712916
3.66727e-11	-0.0712598
3.6674e-11	-0.0712281
3.66754e-11	-0.0711963
3.66767e-11	-0.0711645
3.66781e-11	-0.0711328
3.66794e-11	-0.071101
3.66808e-11	-0.0710692
3.66821e-11	-0.0710375
3.66835e-11	-0.0710057
3.66848e-11	-0.070974
3.66862e-11	-0.0709422
3.66876e-11	-0.0709105
3.66889e-11	-0.0708787
3.66903e-11	-0.070847
3.66916e-11	-0.0708153
3.6693e-11	-0.0707835
3.66943e-11	-0.0707518
3.66957e-11	-0.0707201
3.6697e-11	-0.0706883
3.66984e-11	-0.0706566
3.66997e-11	-0.0706249
3.67011e-11	-0.0705932
3.67024e-11	-0.0705615
3.67038e-11	-0.0705298
3.67051e-11	-0.0704981
3.67065e-11	-0.0704664
3.67078e-11	-0.0704347
3.67092e-11	-0.070403
3.67105e-11	-0.0703713
3.67119e-11	-0.0703396
3.67133e-11	-0.0703079
3.67146e-11	-0.0702762
3.6716e-11	-0.0702445
3.67173e-11	-0.0702129
3.67187e-11	-0.0701812
3.672e-11	-0.0701495
3.67214e-11	-0.0701179
3.67227e-11	-0.0700862
3.67241e-11	-0.0700545
3.67254e-11	-0.0700229
3.67268e-11	-0.0699912
3.67281e-11	-0.0699596
3.67295e-11	-0.069928
3.67308e-11	-0.0698963
3.67322e-11	-0.0698647
3.67335e-11	-0.069833
3.67349e-11	-0.0698014
3.67362e-11	-0.0697698
3.67376e-11	-0.0697382
3.6739e-11	-0.0697065
3.67403e-11	-0.0696749
3.67417e-11	-0.0696433
3.6743e-11	-0.0696117
3.67444e-11	-0.0695801
3.67457e-11	-0.0695485
3.67471e-11	-0.0695169
3.67484e-11	-0.0694853
3.67498e-11	-0.0694537
3.67511e-11	-0.0694221
3.67525e-11	-0.0693905
3.67538e-11	-0.069359
3.67552e-11	-0.0693274
3.67565e-11	-0.0692958
3.67579e-11	-0.0692642
3.67592e-11	-0.0692327
3.67606e-11	-0.0692011
3.67619e-11	-0.0691695
3.67633e-11	-0.069138
3.67647e-11	-0.0691064
3.6766e-11	-0.0690749
3.67674e-11	-0.0690433
3.67687e-11	-0.0690118
3.67701e-11	-0.0689803
3.67714e-11	-0.0689487
3.67728e-11	-0.0689172
3.67741e-11	-0.0688857
3.67755e-11	-0.0688542
3.67768e-11	-0.0688226
3.67782e-11	-0.0687911
3.67795e-11	-0.0687596
3.67809e-11	-0.0687281
3.67822e-11	-0.0686966
3.67836e-11	-0.0686651
3.67849e-11	-0.0686336
3.67863e-11	-0.0686021
3.67876e-11	-0.0685706
3.6789e-11	-0.0685391
3.67904e-11	-0.0685077
3.67917e-11	-0.0684762
3.67931e-11	-0.0684447
3.67944e-11	-0.0684132
3.67958e-11	-0.0683818
3.67971e-11	-0.0683503
3.67985e-11	-0.0683189
3.67998e-11	-0.0682874
3.68012e-11	-0.068256
3.68025e-11	-0.0682245
3.68039e-11	-0.0681931
3.68052e-11	-0.0681616
3.68066e-11	-0.0681302
3.68079e-11	-0.0680988
3.68093e-11	-0.0680673
3.68106e-11	-0.0680359
3.6812e-11	-0.0680045
3.68133e-11	-0.0679731
3.68147e-11	-0.0679417
3.68161e-11	-0.0679103
3.68174e-11	-0.0678789
3.68188e-11	-0.0678475
3.68201e-11	-0.0678161
3.68215e-11	-0.0677847
3.68228e-11	-0.0677533
3.68242e-11	-0.0677219
3.68255e-11	-0.0676906
3.68269e-11	-0.0676592
3.68282e-11	-0.0676278
3.68296e-11	-0.0675965
3.68309e-11	-0.0675651
3.68323e-11	-0.0675337
3.68336e-11	-0.0675024
3.6835e-11	-0.067471
3.68363e-11	-0.0674397
3.68377e-11	-0.0674083
3.6839e-11	-0.067377
3.68404e-11	-0.0673457
3.68418e-11	-0.0673144
3.68431e-11	-0.067283
3.68445e-11	-0.0672517
3.68458e-11	-0.0672204
3.68472e-11	-0.0671891
3.68485e-11	-0.0671578
3.68499e-11	-0.0671265
3.68512e-11	-0.0670952
3.68526e-11	-0.0670639
3.68539e-11	-0.0670326
3.68553e-11	-0.0670013
3.68566e-11	-0.06697
3.6858e-11	-0.0669388
3.68593e-11	-0.0669075
3.68607e-11	-0.0668762
3.6862e-11	-0.066845
3.68634e-11	-0.0668137
3.68647e-11	-0.0667824
3.68661e-11	-0.0667512
3.68675e-11	-0.0667199
3.68688e-11	-0.0666887
3.68702e-11	-0.0666575
3.68715e-11	-0.0666262
3.68729e-11	-0.066595
3.68742e-11	-0.0665638
3.68756e-11	-0.0665326
3.68769e-11	-0.0665013
3.68783e-11	-0.0664701
3.68796e-11	-0.0664389
3.6881e-11	-0.0664077
3.68823e-11	-0.0663765
3.68837e-11	-0.0663453
3.6885e-11	-0.0663141
3.68864e-11	-0.066283
3.68877e-11	-0.0662518
3.68891e-11	-0.0662206
3.68904e-11	-0.0661894
3.68918e-11	-0.0661583
3.68932e-11	-0.0661271
3.68945e-11	-0.066096
3.68959e-11	-0.0660648
3.68972e-11	-0.0660337
3.68986e-11	-0.0660025
3.68999e-11	-0.0659714
3.69013e-11	-0.0659402
3.69026e-11	-0.0659091
3.6904e-11	-0.065878
3.69053e-11	-0.0658469
3.69067e-11	-0.0658157
3.6908e-11	-0.0657846
3.69094e-11	-0.0657535
3.69107e-11	-0.0657224
3.69121e-11	-0.0656913
3.69134e-11	-0.0656602
3.69148e-11	-0.0656292
3.69161e-11	-0.0655981
3.69175e-11	-0.065567
3.69189e-11	-0.0655359
3.69202e-11	-0.0655048
3.69216e-11	-0.0654738
3.69229e-11	-0.0654427
3.69243e-11	-0.0654117
3.69256e-11	-0.0653806
3.6927e-11	-0.0653496
3.69283e-11	-0.0653185
3.69297e-11	-0.0652875
3.6931e-11	-0.0652565
3.69324e-11	-0.0652254
3.69337e-11	-0.0651944
3.69351e-11	-0.0651634
3.69364e-11	-0.0651324
3.69378e-11	-0.0651014
3.69391e-11	-0.0650704
3.69405e-11	-0.0650394
3.69418e-11	-0.0650084
3.69432e-11	-0.0649774
3.69446e-11	-0.0649464
3.69459e-11	-0.0649154
3.69473e-11	-0.0648845
3.69486e-11	-0.0648535
3.695e-11	-0.0648225
3.69513e-11	-0.0647916
3.69527e-11	-0.0647606
3.6954e-11	-0.0647297
3.69554e-11	-0.0646987
3.69567e-11	-0.0646678
3.69581e-11	-0.0646368
3.69594e-11	-0.0646059
3.69608e-11	-0.064575
3.69621e-11	-0.0645441
3.69635e-11	-0.0645132
3.69648e-11	-0.0644823
3.69662e-11	-0.0644514
3.69675e-11	-0.0644204
3.69689e-11	-0.0643896
3.69703e-11	-0.0643587
3.69716e-11	-0.0643278
3.6973e-11	-0.0642969
3.69743e-11	-0.064266
3.69757e-11	-0.0642352
3.6977e-11	-0.0642043
3.69784e-11	-0.0641734
3.69797e-11	-0.0641426
3.69811e-11	-0.0641117
3.69824e-11	-0.0640809
3.69838e-11	-0.06405
3.69851e-11	-0.0640192
3.69865e-11	-0.0639884
3.69878e-11	-0.0639576
3.69892e-11	-0.0639267
3.69905e-11	-0.0638959
3.69919e-11	-0.0638651
3.69932e-11	-0.0638343
3.69946e-11	-0.0638035
3.6996e-11	-0.0637727
3.69973e-11	-0.0637419
3.69987e-11	-0.0637111
3.7e-11	-0.0636804
3.70014e-11	-0.0636496
3.70027e-11	-0.0636188
3.70041e-11	-0.0635881
3.70054e-11	-0.0635573
3.70068e-11	-0.0635266
3.70081e-11	-0.0634958
3.70095e-11	-0.0634651
3.70108e-11	-0.0634343
3.70122e-11	-0.0634036
3.70135e-11	-0.0633729
3.70149e-11	-0.0633422
3.70162e-11	-0.0633114
3.70176e-11	-0.0632807
3.70189e-11	-0.06325
3.70203e-11	-0.0632193
3.70217e-11	-0.0631886
3.7023e-11	-0.0631579
3.70244e-11	-0.0631273
3.70257e-11	-0.0630966
3.70271e-11	-0.0630659
3.70284e-11	-0.0630352
3.70298e-11	-0.0630046
3.70311e-11	-0.0629739
3.70325e-11	-0.0629433
3.70338e-11	-0.0629126
3.70352e-11	-0.062882
3.70365e-11	-0.0628513
3.70379e-11	-0.0628207
3.70392e-11	-0.0627901
3.70406e-11	-0.0627595
3.70419e-11	-0.0627289
3.70433e-11	-0.0626983
3.70446e-11	-0.0626677
3.7046e-11	-0.0626371
3.70474e-11	-0.0626065
3.70487e-11	-0.0625759
3.70501e-11	-0.0625453
3.70514e-11	-0.0625147
3.70528e-11	-0.0624841
3.70541e-11	-0.0624536
3.70555e-11	-0.062423
3.70568e-11	-0.0623925
3.70582e-11	-0.0623619
3.70595e-11	-0.0623314
3.70609e-11	-0.0623008
3.70622e-11	-0.0622703
3.70636e-11	-0.0622398
3.70649e-11	-0.0622093
3.70663e-11	-0.0621787
3.70676e-11	-0.0621482
3.7069e-11	-0.0621177
3.70703e-11	-0.0620872
3.70717e-11	-0.0620567
3.70731e-11	-0.0620263
3.70744e-11	-0.0619958
3.70758e-11	-0.0619653
3.70771e-11	-0.0619348
3.70785e-11	-0.0619044
3.70798e-11	-0.0618739
3.70812e-11	-0.0618434
3.70825e-11	-0.061813
3.70839e-11	-0.0617826
3.70852e-11	-0.0617521
3.70866e-11	-0.0617217
3.70879e-11	-0.0616913
3.70893e-11	-0.0616608
3.70906e-11	-0.0616304
3.7092e-11	-0.0616
3.70933e-11	-0.0615696
3.70947e-11	-0.0615392
3.7096e-11	-0.0615088
3.70974e-11	-0.0614784
3.70988e-11	-0.0614481
3.71001e-11	-0.0614177
3.71015e-11	-0.0613873
3.71028e-11	-0.061357
3.71042e-11	-0.0613266
3.71055e-11	-0.0612962
3.71069e-11	-0.0612659
3.71082e-11	-0.0612356
3.71096e-11	-0.0612052
3.71109e-11	-0.0611749
3.71123e-11	-0.0611446
3.71136e-11	-0.0611143
3.7115e-11	-0.061084
3.71163e-11	-0.0610536
3.71177e-11	-0.0610233
3.7119e-11	-0.0609931
3.71204e-11	-0.0609628
3.71217e-11	-0.0609325
3.71231e-11	-0.0609022
3.71245e-11	-0.0608719
3.71258e-11	-0.0608417
3.71272e-11	-0.0608114
3.71285e-11	-0.0607812
3.71299e-11	-0.0607509
3.71312e-11	-0.0607207
3.71326e-11	-0.0606904
3.71339e-11	-0.0606602
3.71353e-11	-0.06063
3.71366e-11	-0.0605998
3.7138e-11	-0.0605696
3.71393e-11	-0.0605394
3.71407e-11	-0.0605092
3.7142e-11	-0.060479
3.71434e-11	-0.0604488
3.71447e-11	-0.0604186
3.71461e-11	-0.0603884
3.71474e-11	-0.0603582
3.71488e-11	-0.0603281
3.71502e-11	-0.0602979
3.71515e-11	-0.0602678
3.71529e-11	-0.0602376
3.71542e-11	-0.0602075
3.71556e-11	-0.0601774
3.71569e-11	-0.0601472
3.71583e-11	-0.0601171
3.71596e-11	-0.060087
3.7161e-11	-0.0600569
3.71623e-11	-0.0600268
3.71637e-11	-0.0599967
3.7165e-11	-0.0599666
3.71664e-11	-0.0599365
3.71677e-11	-0.0599064
3.71691e-11	-0.0598764
3.71704e-11	-0.0598463
3.71718e-11	-0.0598162
3.71731e-11	-0.0597862
3.71745e-11	-0.0597561
3.71759e-11	-0.0597261
3.71772e-11	-0.059696
3.71786e-11	-0.059666
3.71799e-11	-0.059636
3.71813e-11	-0.059606
3.71826e-11	-0.059576
3.7184e-11	-0.0595459
3.71853e-11	-0.0595159
3.71867e-11	-0.059486
3.7188e-11	-0.059456
3.71894e-11	-0.059426
3.71907e-11	-0.059396
3.71921e-11	-0.059366
3.71934e-11	-0.0593361
3.71948e-11	-0.0593061
3.71961e-11	-0.0592762
3.71975e-11	-0.0592462
3.71988e-11	-0.0592163
3.72002e-11	-0.0591864
3.72016e-11	-0.0591564
3.72029e-11	-0.0591265
3.72043e-11	-0.0590966
3.72056e-11	-0.0590667
3.7207e-11	-0.0590368
3.72083e-11	-0.0590069
3.72097e-11	-0.058977
3.7211e-11	-0.0589471
3.72124e-11	-0.0589173
3.72137e-11	-0.0588874
3.72151e-11	-0.0588575
3.72164e-11	-0.0588277
3.72178e-11	-0.0587978
3.72191e-11	-0.058768
3.72205e-11	-0.0587381
3.72218e-11	-0.0587083
3.72232e-11	-0.0586785
3.72245e-11	-0.0586487
3.72259e-11	-0.0586189
3.72273e-11	-0.058589
3.72286e-11	-0.0585593
3.723e-11	-0.0585295
3.72313e-11	-0.0584997
3.72327e-11	-0.0584699
3.7234e-11	-0.0584401
3.72354e-11	-0.0584104
3.72367e-11	-0.0583806
3.72381e-11	-0.0583508
3.72394e-11	-0.0583211
3.72408e-11	-0.0582913
3.72421e-11	-0.0582616
3.72435e-11	-0.0582319
3.72448e-11	-0.0582022
3.72462e-11	-0.0581724
3.72475e-11	-0.0581427
3.72489e-11	-0.058113
3.72502e-11	-0.0580833
3.72516e-11	-0.0580536
3.7253e-11	-0.058024
3.72543e-11	-0.0579943
3.72557e-11	-0.0579646
3.7257e-11	-0.057935
3.72584e-11	-0.0579053
3.72597e-11	-0.0578756
3.72611e-11	-0.057846
3.72624e-11	-0.0578164
3.72638e-11	-0.0577867
3.72651e-11	-0.0577571
3.72665e-11	-0.0577275
3.72678e-11	-0.0576979
3.72692e-11	-0.0576683
3.72705e-11	-0.0576387
3.72719e-11	-0.0576091
3.72732e-11	-0.0575795
3.72746e-11	-0.0575499
3.72759e-11	-0.0575203
3.72773e-11	-0.0574908
3.72787e-11	-0.0574612
3.728e-11	-0.0574317
3.72814e-11	-0.0574021
3.72827e-11	-0.0573726
3.72841e-11	-0.057343
3.72854e-11	-0.0573135
3.72868e-11	-0.057284
3.72881e-11	-0.0572545
3.72895e-11	-0.057225
3.72908e-11	-0.0571955
3.72922e-11	-0.057166
3.72935e-11	-0.0571365
3.72949e-11	-0.057107
3.72962e-11	-0.0570775
3.72976e-11	-0.0570481
3.72989e-11	-0.0570186
3.73003e-11	-0.0569892
3.73016e-11	-0.0569597
3.7303e-11	-0.0569303
3.73044e-11	-0.0569008
3.73057e-11	-0.0568714
3.73071e-11	-0.056842
3.73084e-11	-0.0568126
3.73098e-11	-0.0567832
3.73111e-11	-0.0567538
3.73125e-11	-0.0567244
3.73138e-11	-0.056695
3.73152e-11	-0.0566656
3.73165e-11	-0.0566363
3.73179e-11	-0.0566069
3.73192e-11	-0.0565775
3.73206e-11	-0.0565482
3.73219e-11	-0.0565188
3.73233e-11	-0.0564895
3.73246e-11	-0.0564602
3.7326e-11	-0.0564308
3.73273e-11	-0.0564015
3.73287e-11	-0.0563722
3.73301e-11	-0.0563429
3.73314e-11	-0.0563136
3.73328e-11	-0.0562843
3.73341e-11	-0.056255
3.73355e-11	-0.0562258
3.73368e-11	-0.0561965
3.73382e-11	-0.0561672
3.73395e-11	-0.056138
3.73409e-11	-0.0561087
3.73422e-11	-0.0560795
3.73436e-11	-0.0560502
3.73449e-11	-0.056021
3.73463e-11	-0.0559918
3.73476e-11	-0.0559626
3.7349e-11	-0.0559334
3.73503e-11	-0.0559042
3.73517e-11	-0.055875
3.7353e-11	-0.0558458
3.73544e-11	-0.0558166
3.73558e-11	-0.0557874
3.73571e-11	-0.0557583
3.73585e-11	-0.0557291
3.73598e-11	-0.0557
3.73612e-11	-0.0556708
3.73625e-11	-0.0556417
3.73639e-11	-0.0556125
3.73652e-11	-0.0555834
3.73666e-11	-0.0555543
3.73679e-11	-0.0555252
3.73693e-11	-0.0554961
3.73706e-11	-0.055467
3.7372e-11	-0.0554379
3.73733e-11	-0.0554088
3.73747e-11	-0.0553797
3.7376e-11	-0.0553507
3.73774e-11	-0.0553216
3.73787e-11	-0.0552926
3.73801e-11	-0.0552635
3.73815e-11	-0.0552345
3.73828e-11	-0.0552054
3.73842e-11	-0.0551764
3.73855e-11	-0.0551474
3.73869e-11	-0.0551184
3.73882e-11	-0.0550894
3.73896e-11	-0.0550604
3.73909e-11	-0.0550314
3.73923e-11	-0.0550024
3.73936e-11	-0.0549734
3.7395e-11	-0.0549444
3.73963e-11	-0.0549155
3.73977e-11	-0.0548865
3.7399e-11	-0.0548576
3.74004e-11	-0.0548286
3.74017e-11	-0.0547997
3.74031e-11	-0.0547708
3.74044e-11	-0.0547419
3.74058e-11	-0.0547129
3.74072e-11	-0.054684
3.74085e-11	-0.0546551
3.74099e-11	-0.0546262
3.74112e-11	-0.0545974
3.74126e-11	-0.0545685
3.74139e-11	-0.0545396
3.74153e-11	-0.0545107
3.74166e-11	-0.0544819
3.7418e-11	-0.054453
3.74193e-11	-0.0544242
3.74207e-11	-0.0543954
3.7422e-11	-0.0543665
3.74234e-11	-0.0543377
3.74247e-11	-0.0543089
3.74261e-11	-0.0542801
3.74274e-11	-0.0542513
3.74288e-11	-0.0542225
3.74301e-11	-0.0541937
3.74315e-11	-0.0541649
3.74329e-11	-0.0541362
3.74342e-11	-0.0541074
3.74356e-11	-0.0540787
3.74369e-11	-0.0540499
3.74383e-11	-0.0540212
3.74396e-11	-0.0539924
3.7441e-11	-0.0539637
3.74423e-11	-0.053935
3.74437e-11	-0.0539063
3.7445e-11	-0.0538776
3.74464e-11	-0.0538489
3.74477e-11	-0.0538202
3.74491e-11	-0.0537915
3.74504e-11	-0.0537628
3.74518e-11	-0.0537342
3.74531e-11	-0.0537055
3.74545e-11	-0.0536769
3.74558e-11	-0.0536482
3.74572e-11	-0.0536196
3.74586e-11	-0.0535909
3.74599e-11	-0.0535623
3.74613e-11	-0.0535337
3.74626e-11	-0.0535051
3.7464e-11	-0.0534765
3.74653e-11	-0.0534479
3.74667e-11	-0.0534193
3.7468e-11	-0.0533907
3.74694e-11	-0.0533622
3.74707e-11	-0.0533336
3.74721e-11	-0.053305
3.74734e-11	-0.0532765
3.74748e-11	-0.0532479
3.74761e-11	-0.0532194
3.74775e-11	-0.0531909
3.74788e-11	-0.0531624
3.74802e-11	-0.0531338
3.74815e-11	-0.0531053
3.74829e-11	-0.0530768
3.74843e-11	-0.0530484
3.74856e-11	-0.0530199
3.7487e-11	-0.0529914
3.74883e-11	-0.0529629
3.74897e-11	-0.0529345
3.7491e-11	-0.052906
3.74924e-11	-0.0528776
3.74937e-11	-0.0528491
3.74951e-11	-0.0528207
3.74964e-11	-0.0527923
3.74978e-11	-0.0527639
3.74991e-11	-0.0527355
3.75005e-11	-0.052707
3.75018e-11	-0.0526787
3.75032e-11	-0.0526503
3.75045e-11	-0.0526219
3.75059e-11	-0.0525935
3.75072e-11	-0.0525652
3.75086e-11	-0.0525368
3.751e-11	-0.0525085
3.75113e-11	-0.0524801
3.75127e-11	-0.0524518
3.7514e-11	-0.0524235
3.75154e-11	-0.0523951
3.75167e-11	-0.0523668
3.75181e-11	-0.0523385
3.75194e-11	-0.0523102
3.75208e-11	-0.0522819
3.75221e-11	-0.0522537
3.75235e-11	-0.0522254
3.75248e-11	-0.0521971
3.75262e-11	-0.0521689
3.75275e-11	-0.0521406
3.75289e-11	-0.0521124
3.75302e-11	-0.0520841
3.75316e-11	-0.0520559
3.75329e-11	-0.0520277
3.75343e-11	-0.0519995
3.75357e-11	-0.0519713
3.7537e-11	-0.0519431
3.75384e-11	-0.0519149
3.75397e-11	-0.0518867
3.75411e-11	-0.0518585
3.75424e-11	-0.0518304
3.75438e-11	-0.0518022
3.75451e-11	-0.051774
3.75465e-11	-0.0517459
3.75478e-11	-0.0517178
3.75492e-11	-0.0516896
3.75505e-11	-0.0516615
3.75519e-11	-0.0516334
3.75532e-11	-0.0516053
3.75546e-11	-0.0515772
3.75559e-11	-0.0515491
3.75573e-11	-0.051521
3.75586e-11	-0.0514929
3.756e-11	-0.0514649
3.75614e-11	-0.0514368
3.75627e-11	-0.0514088
3.75641e-11	-0.0513807
3.75654e-11	-0.0513527
3.75668e-11	-0.0513247
3.75681e-11	-0.0512966
3.75695e-11	-0.0512686
3.75708e-11	-0.0512406
3.75722e-11	-0.0512126
3.75735e-11	-0.0511846
3.75749e-11	-0.0511567
3.75762e-11	-0.0511287
3.75776e-11	-0.0511007
3.75789e-11	-0.0510728
3.75803e-11	-0.0510448
3.75816e-11	-0.0510169
3.7583e-11	-0.0509889
3.75843e-11	-0.050961
3.75857e-11	-0.0509331
3.75871e-11	-0.0509052
3.75884e-11	-0.0508773
3.75898e-11	-0.0508494
3.75911e-11	-0.0508215
3.75925e-11	-0.0507936
3.75938e-11	-0.0507657
3.75952e-11	-0.0507379
3.75965e-11	-0.05071
3.75979e-11	-0.0506821
3.75992e-11	-0.0506543
3.76006e-11	-0.0506265
3.76019e-11	-0.0505986
3.76033e-11	-0.0505708
3.76046e-11	-0.050543
3.7606e-11	-0.0505152
3.76073e-11	-0.0504874
3.76087e-11	-0.0504596
3.761e-11	-0.0504318
3.76114e-11	-0.0504041
3.76128e-11	-0.0503763
3.76141e-11	-0.0503486
3.76155e-11	-0.0503208
3.76168e-11	-0.0502931
3.76182e-11	-0.0502653
3.76195e-11	-0.0502376
3.76209e-11	-0.0502099
3.76222e-11	-0.0501822
3.76236e-11	-0.0501545
3.76249e-11	-0.0501268
3.76263e-11	-0.0500991
3.76276e-11	-0.0500714
3.7629e-11	-0.0500438
3.76303e-11	-0.0500161
3.76317e-11	-0.0499884
3.7633e-11	-0.0499608
3.76344e-11	-0.0499332
3.76357e-11	-0.0499055
3.76371e-11	-0.0498779
3.76385e-11	-0.0498503
3.76398e-11	-0.0498227
3.76412e-11	-0.0497951
3.76425e-11	-0.0497675
3.76439e-11	-0.0497399
3.76452e-11	-0.0497124
3.76466e-11	-0.0496848
3.76479e-11	-0.0496572
3.76493e-11	-0.0496297
3.76506e-11	-0.0496021
3.7652e-11	-0.0495746
3.76533e-11	-0.0495471
3.76547e-11	-0.0495196
3.7656e-11	-0.049492
3.76574e-11	-0.0494645
3.76587e-11	-0.049437
3.76601e-11	-0.0494096
3.76614e-11	-0.0493821
3.76628e-11	-0.0493546
3.76642e-11	-0.0493272
3.76655e-11	-0.0492997
3.76669e-11	-0.0492723
3.76682e-11	-0.0492448
3.76696e-11	-0.0492174
3.76709e-11	-0.04919
3.76723e-11	-0.0491626
3.76736e-11	-0.0491351
3.7675e-11	-0.0491077
3.76763e-11	-0.0490804
3.76777e-11	-0.049053
3.7679e-11	-0.0490256
3.76804e-11	-0.0489982
3.76817e-11	-0.0489709
3.76831e-11	-0.0489435
3.76844e-11	-0.0489162
3.76858e-11	-0.0488889
3.76871e-11	-0.0488615
3.76885e-11	-0.0488342
3.76899e-11	-0.0488069
3.76912e-11	-0.0487796
3.76926e-11	-0.0487523
3.76939e-11	-0.048725
3.76953e-11	-0.0486977
3.76966e-11	-0.0486705
3.7698e-11	-0.0486432
3.76993e-11	-0.048616
3.77007e-11	-0.0485887
3.7702e-11	-0.0485615
3.77034e-11	-0.0485343
3.77047e-11	-0.048507
3.77061e-11	-0.0484798
3.77074e-11	-0.0484526
3.77088e-11	-0.0484254
3.77101e-11	-0.0483982
3.77115e-11	-0.0483711
3.77128e-11	-0.0483439
3.77142e-11	-0.0483167
3.77156e-11	-0.0482896
3.77169e-11	-0.0482624
3.77183e-11	-0.0482353
3.77196e-11	-0.0482082
3.7721e-11	-0.048181
3.77223e-11	-0.0481539
3.77237e-11	-0.0481268
3.7725e-11	-0.0480997
3.77264e-11	-0.0480726
3.77277e-11	-0.0480455
3.77291e-11	-0.0480185
3.77304e-11	-0.0479914
3.77318e-11	-0.0479644
3.77331e-11	-0.0479373
3.77345e-11	-0.0479103
3.77358e-11	-0.0478832
3.77372e-11	-0.0478562
3.77385e-11	-0.0478292
3.77399e-11	-0.0478022
3.77413e-11	-0.0477752
3.77426e-11	-0.0477482
3.7744e-11	-0.0477212
3.77453e-11	-0.0476942
3.77467e-11	-0.0476673
3.7748e-11	-0.0476403
3.77494e-11	-0.0476134
3.77507e-11	-0.0475864
3.77521e-11	-0.0475595
3.77534e-11	-0.0475326
3.77548e-11	-0.0475057
3.77561e-11	-0.0474787
3.77575e-11	-0.0474518
3.77588e-11	-0.047425
3.77602e-11	-0.0473981
3.77615e-11	-0.0473712
3.77629e-11	-0.0473443
3.77642e-11	-0.0473175
3.77656e-11	-0.0472906
3.7767e-11	-0.0472638
3.77683e-11	-0.0472369
3.77697e-11	-0.0472101
3.7771e-11	-0.0471833
3.77724e-11	-0.0471565
3.77737e-11	-0.0471297
3.77751e-11	-0.0471029
3.77764e-11	-0.0470761
3.77778e-11	-0.0470493
3.77791e-11	-0.0470226
3.77805e-11	-0.0469958
3.77818e-11	-0.0469691
3.77832e-11	-0.0469423
3.77845e-11	-0.0469156
3.77859e-11	-0.0468889
3.77872e-11	-0.0468621
3.77886e-11	-0.0468354
3.77899e-11	-0.0468087
3.77913e-11	-0.046782
3.77927e-11	-0.0467554
3.7794e-11	-0.0467287
3.77954e-11	-0.046702
3.77967e-11	-0.0466754
3.77981e-11	-0.0466487
3.77994e-11	-0.0466221
3.78008e-11	-0.0465954
3.78021e-11	-0.0465688
3.78035e-11	-0.0465422
3.78048e-11	-0.0465156
3.78062e-11	-0.046489
3.78075e-11	-0.0464624
3.78089e-11	-0.0464358
3.78102e-11	-0.0464092
3.78116e-11	-0.0463827
3.78129e-11	-0.0463561
3.78143e-11	-0.0463296
3.78156e-11	-0.046303
3.7817e-11	-0.0462765
3.78184e-11	-0.04625
3.78197e-11	-0.0462234
3.78211e-11	-0.0461969
3.78224e-11	-0.0461704
3.78238e-11	-0.0461439
3.78251e-11	-0.0461175
3.78265e-11	-0.046091
3.78278e-11	-0.0460645
3.78292e-11	-0.0460381
3.78305e-11	-0.0460116
3.78319e-11	-0.0459852
3.78332e-11	-0.0459587
3.78346e-11	-0.0459323
3.78359e-11	-0.0459059
3.78373e-11	-0.0458795
3.78386e-11	-0.0458531
3.784e-11	-0.0458267
3.78413e-11	-0.0458003
3.78427e-11	-0.045774
3.78441e-11	-0.0457476
3.78454e-11	-0.0457212
3.78468e-11	-0.0456949
3.78481e-11	-0.0456685
3.78495e-11	-0.0456422
3.78508e-11	-0.0456159
3.78522e-11	-0.0455896
3.78535e-11	-0.0455633
3.78549e-11	-0.045537
3.78562e-11	-0.0455107
3.78576e-11	-0.0454844
3.78589e-11	-0.0454581
3.78603e-11	-0.0454319
3.78616e-11	-0.0454056
3.7863e-11	-0.0453794
3.78643e-11	-0.0453532
3.78657e-11	-0.0453269
3.7867e-11	-0.0453007
3.78684e-11	-0.0452745
3.78698e-11	-0.0452483
3.78711e-11	-0.0452221
3.78725e-11	-0.0451959
3.78738e-11	-0.0451697
3.78752e-11	-0.0451436
3.78765e-11	-0.0451174
3.78779e-11	-0.0450913
3.78792e-11	-0.0450651
3.78806e-11	-0.045039
3.78819e-11	-0.0450129
3.78833e-11	-0.0449867
3.78846e-11	-0.0449606
3.7886e-11	-0.0449345
3.78873e-11	-0.0449084
3.78887e-11	-0.0448824
3.789e-11	-0.0448563
3.78914e-11	-0.0448302
3.78927e-11	-0.0448042
3.78941e-11	-0.0447781
3.78955e-11	-0.0447521
3.78968e-11	-0.044726
3.78982e-11	-0.0447
3.78995e-11	-0.044674
3.79009e-11	-0.044648
3.79022e-11	-0.044622
3.79036e-11	-0.044596
3.79049e-11	-0.04457
3.79063e-11	-0.0445441
3.79076e-11	-0.0445181
3.7909e-11	-0.0444921
3.79103e-11	-0.0444662
3.79117e-11	-0.0444403
3.7913e-11	-0.0444143
3.79144e-11	-0.0443884
3.79157e-11	-0.0443625
3.79171e-11	-0.0443366
3.79185e-11	-0.0443107
3.79198e-11	-0.0442848
3.79212e-11	-0.0442589
3.79225e-11	-0.0442331
3.79239e-11	-0.0442072
3.79252e-11	-0.0441814
3.79266e-11	-0.0441555
3.79279e-11	-0.0441297
3.79293e-11	-0.0441039
3.79306e-11	-0.0440781
3.7932e-11	-0.0440523
3.79333e-11	-0.0440265
3.79347e-11	-0.0440007
3.7936e-11	-0.0439749
3.79374e-11	-0.0439491
3.79387e-11	-0.0439233
3.79401e-11	-0.0438976
3.79414e-11	-0.0438718
3.79428e-11	-0.0438461
3.79442e-11	-0.0438204
3.79455e-11	-0.0437947
3.79469e-11	-0.0437689
3.79482e-11	-0.0437432
3.79496e-11	-0.0437175
3.79509e-11	-0.0436919
3.79523e-11	-0.0436662
3.79536e-11	-0.0436405
3.7955e-11	-0.0436149
3.79563e-11	-0.0435892
3.79577e-11	-0.0435636
3.7959e-11	-0.0435379
3.79604e-11	-0.0435123
3.79617e-11	-0.0434867
3.79631e-11	-0.0434611
3.79644e-11	-0.0434355
3.79658e-11	-0.0434099
3.79671e-11	-0.0433843
3.79685e-11	-0.0433587
3.79699e-11	-0.0433332
3.79712e-11	-0.0433076
3.79726e-11	-0.0432821
3.79739e-11	-0.0432565
3.79753e-11	-0.043231
3.79766e-11	-0.0432055
3.7978e-11	-0.04318
3.79793e-11	-0.0431545
3.79807e-11	-0.043129
3.7982e-11	-0.0431035
3.79834e-11	-0.043078
3.79847e-11	-0.0430526
3.79861e-11	-0.0430271
3.79874e-11	-0.0430016
3.79888e-11	-0.0429762
3.79901e-11	-0.0429508
3.79915e-11	-0.0429254
3.79928e-11	-0.0428999
3.79942e-11	-0.0428745
3.79956e-11	-0.0428491
3.79969e-11	-0.0428237
3.79983e-11	-0.0427984
3.79996e-11	-0.042773
3.8001e-11	-0.0427476
3.80023e-11	-0.0427223
3.80037e-11	-0.0426969
3.8005e-11	-0.0426716
3.80064e-11	-0.0426463
3.80077e-11	-0.042621
3.80091e-11	-0.0425956
3.80104e-11	-0.0425703
3.80118e-11	-0.0425451
3.80131e-11	-0.0425198
3.80145e-11	-0.0424945
3.80158e-11	-0.0424692
3.80172e-11	-0.042444
3.80185e-11	-0.0424187
3.80199e-11	-0.0423935
3.80213e-11	-0.0423683
3.80226e-11	-0.042343
3.8024e-11	-0.0423178
3.80253e-11	-0.0422926
3.80267e-11	-0.0422674
3.8028e-11	-0.0422422
3.80294e-11	-0.0422171
3.80307e-11	-0.0421919
3.80321e-11	-0.0421667
3.80334e-11	-0.0421416
3.80348e-11	-0.0421164
3.80361e-11	-0.0420913
3.80375e-11	-0.0420662
3.80388e-11	-0.0420411
3.80402e-11	-0.042016
3.80415e-11	-0.0419909
3.80429e-11	-0.0419658
3.80442e-11	-0.0419407
3.80456e-11	-0.0419156
3.8047e-11	-0.0418906
3.80483e-11	-0.0418655
3.80497e-11	-0.0418405
3.8051e-11	-0.0418154
3.80524e-11	-0.0417904
3.80537e-11	-0.0417654
3.80551e-11	-0.0417404
3.80564e-11	-0.0417154
3.80578e-11	-0.0416904
3.80591e-11	-0.0416654
3.80605e-11	-0.0416404
3.80618e-11	-0.0416155
3.80632e-11	-0.0415905
3.80645e-11	-0.0415656
3.80659e-11	-0.0415406
3.80672e-11	-0.0415157
3.80686e-11	-0.0414908
3.80699e-11	-0.0414659
3.80713e-11	-0.041441
3.80727e-11	-0.0414161
3.8074e-11	-0.0413912
3.80754e-11	-0.0413663
3.80767e-11	-0.0413414
3.80781e-11	-0.0413166
3.80794e-11	-0.0412917
3.80808e-11	-0.0412669
3.80821e-11	-0.0412421
3.80835e-11	-0.0412172
3.80848e-11	-0.0411924
3.80862e-11	-0.0411676
3.80875e-11	-0.0411428
3.80889e-11	-0.041118
3.80902e-11	-0.0410933
3.80916e-11	-0.0410685
3.80929e-11	-0.0410437
3.80943e-11	-0.041019
3.80956e-11	-0.0409942
3.8097e-11	-0.0409695
3.80984e-11	-0.0409448
3.80997e-11	-0.0409201
3.81011e-11	-0.0408954
3.81024e-11	-0.0408707
3.81038e-11	-0.040846
3.81051e-11	-0.0408213
3.81065e-11	-0.0407966
3.81078e-11	-0.040772
3.81092e-11	-0.0407473
3.81105e-11	-0.0407227
3.81119e-11	-0.040698
3.81132e-11	-0.0406734
3.81146e-11	-0.0406488
3.81159e-11	-0.0406242
3.81173e-11	-0.0405996
3.81186e-11	-0.040575
3.812e-11	-0.0405504
3.81213e-11	-0.0405258
3.81227e-11	-0.0405013
3.81241e-11	-0.0404767
3.81254e-11	-0.0404522
3.81268e-11	-0.0404276
3.81281e-11	-0.0404031
3.81295e-11	-0.0403786
3.81308e-11	-0.0403541
3.81322e-11	-0.0403296
3.81335e-11	-0.0403051
3.81349e-11	-0.0402806
3.81362e-11	-0.0402561
3.81376e-11	-0.0402317
3.81389e-11	-0.0402072
3.81403e-11	-0.0401828
3.81416e-11	-0.0401583
3.8143e-11	-0.0401339
3.81443e-11	-0.0401095
3.81457e-11	-0.0400851
3.8147e-11	-0.0400607
3.81484e-11	-0.0400363
3.81498e-11	-0.0400119
3.81511e-11	-0.0399875
3.81525e-11	-0.0399632
3.81538e-11	-0.0399388
3.81552e-11	-0.0399145
3.81565e-11	-0.0398901
3.81579e-11	-0.0398658
3.81592e-11	-0.0398415
3.81606e-11	-0.0398172
3.81619e-11	-0.0397929
3.81633e-11	-0.0397686
3.81646e-11	-0.0397443
3.8166e-11	-0.03972
3.81673e-11	-0.0396957
3.81687e-11	-0.0396715
3.817e-11	-0.0396472
3.81714e-11	-0.039623
3.81727e-11	-0.0395988
3.81741e-11	-0.0395745
3.81755e-11	-0.0395503
3.81768e-11	-0.0395261
3.81782e-11	-0.0395019
3.81795e-11	-0.0394778
3.81809e-11	-0.0394536
3.81822e-11	-0.0394294
3.81836e-11	-0.0394052
3.81849e-11	-0.0393811
3.81863e-11	-0.039357
3.81876e-11	-0.0393328
3.8189e-11	-0.0393087
3.81903e-11	-0.0392846
3.81917e-11	-0.0392605
3.8193e-11	-0.0392364
3.81944e-11	-0.0392123
3.81957e-11	-0.0391882
3.81971e-11	-0.0391642
3.81984e-11	-0.0391401
3.81998e-11	-0.0391161
3.82012e-11	-0.039092
3.82025e-11	-0.039068
3.82039e-11	-0.039044
3.82052e-11	-0.03902
3.82066e-11	-0.038996
3.82079e-11	-0.038972
3.82093e-11	-0.038948
3.82106e-11	-0.038924
3.8212e-11	-0.0389
3.82133e-11	-0.0388761
3.82147e-11	-0.0388521
3.8216e-11	-0.0388282
3.82174e-11	-0.0388042
3.82187e-11	-0.0387803
3.82201e-11	-0.0387564
3.82214e-11	-0.0387325
3.82228e-11	-0.0387086
3.82241e-11	-0.0386847
3.82255e-11	-0.0386609
3.82269e-11	-0.038637
3.82282e-11	-0.0386131
3.82296e-11	-0.0385893
3.82309e-11	-0.0385654
3.82323e-11	-0.0385416
3.82336e-11	-0.0385178
3.8235e-11	-0.038494
3.82363e-11	-0.0384702
3.82377e-11	-0.0384464
3.8239e-11	-0.0384226
3.82404e-11	-0.0383988
3.82417e-11	-0.038375
3.82431e-11	-0.0383513
3.82444e-11	-0.0383275
3.82458e-11	-0.0383038
3.82471e-11	-0.0382801
3.82485e-11	-0.0382563
3.82498e-11	-0.0382326
3.82512e-11	-0.0382089
3.82526e-11	-0.0381852
3.82539e-11	-0.0381615
3.82553e-11	-0.0381379
3.82566e-11	-0.0381142
3.8258e-11	-0.0380905
3.82593e-11	-0.0380669
3.82607e-11	-0.0380432
3.8262e-11	-0.0380196
3.82634e-11	-0.037996
3.82647e-11	-0.0379724
3.82661e-11	-0.0379488
3.82674e-11	-0.0379252
3.82688e-11	-0.0379016
3.82701e-11	-0.037878
3.82715e-11	-0.0378544
3.82728e-11	-0.0378309
3.82742e-11	-0.0378073
3.82755e-11	-0.0377838
3.82769e-11	-0.0377603
3.82783e-11	-0.0377368
3.82796e-11	-0.0377132
3.8281e-11	-0.0376897
3.82823e-11	-0.0376662
3.82837e-11	-0.0376428
3.8285e-11	-0.0376193
3.82864e-11	-0.0375958
3.82877e-11	-0.0375724
3.82891e-11	-0.0375489
3.82904e-11	-0.0375255
3.82918e-11	-0.037502
3.82931e-11	-0.0374786
3.82945e-11	-0.0374552
3.82958e-11	-0.0374318
3.82972e-11	-0.0374084
3.82985e-11	-0.037385
3.82999e-11	-0.0373616
3.83012e-11	-0.0373383
3.83026e-11	-0.0373149
3.8304e-11	-0.0372916
3.83053e-11	-0.0372682
3.83067e-11	-0.0372449
3.8308e-11	-0.0372216
3.83094e-11	-0.0371983
3.83107e-11	-0.037175
3.83121e-11	-0.0371517
3.83134e-11	-0.0371284
3.83148e-11	-0.0371051
3.83161e-11	-0.0370819
3.83175e-11	-0.0370586
3.83188e-11	-0.0370354
3.83202e-11	-0.0370121
3.83215e-11	-0.0369889
3.83229e-11	-0.0369657
3.83242e-11	-0.0369425
3.83256e-11	-0.0369193
3.83269e-11	-0.0368961
3.83283e-11	-0.0368729
3.83297e-11	-0.0368497
3.8331e-11	-0.0368265
3.83324e-11	-0.0368034
3.83337e-11	-0.0367802
3.83351e-11	-0.0367571
3.83364e-11	-0.036734
3.83378e-11	-0.0367109
3.83391e-11	-0.0366877
3.83405e-11	-0.0366646
3.83418e-11	-0.0366416
3.83432e-11	-0.0366185
3.83445e-11	-0.0365954
3.83459e-11	-0.0365723
3.83472e-11	-0.0365493
3.83486e-11	-0.0365262
3.83499e-11	-0.0365032
3.83513e-11	-0.0364802
3.83526e-11	-0.0364572
3.8354e-11	-0.0364341
3.83554e-11	-0.0364111
3.83567e-11	-0.0363882
3.83581e-11	-0.0363652
3.83594e-11	-0.0363422
3.83608e-11	-0.0363192
3.83621e-11	-0.0362963
3.83635e-11	-0.0362733
3.83648e-11	-0.0362504
3.83662e-11	-0.0362275
3.83675e-11	-0.0362046
3.83689e-11	-0.0361817
3.83702e-11	-0.0361588
3.83716e-11	-0.0361359
3.83729e-11	-0.036113
3.83743e-11	-0.0360901
3.83756e-11	-0.0360673
3.8377e-11	-0.0360444
3.83783e-11	-0.0360216
3.83797e-11	-0.0359987
3.83811e-11	-0.0359759
3.83824e-11	-0.0359531
3.83838e-11	-0.0359303
3.83851e-11	-0.0359075
3.83865e-11	-0.0358847
3.83878e-11	-0.0358619
3.83892e-11	-0.0358392
3.83905e-11	-0.0358164
3.83919e-11	-0.0357936
3.83932e-11	-0.0357709
3.83946e-11	-0.0357482
3.83959e-11	-0.0357254
3.83973e-11	-0.0357027
3.83986e-11	-0.03568
3.84e-11	-0.0356573
3.84013e-11	-0.0356346
3.84027e-11	-0.035612
3.8404e-11	-0.0355893
3.84054e-11	-0.0355666
3.84068e-11	-0.035544
3.84081e-11	-0.0355214
3.84095e-11	-0.0354987
3.84108e-11	-0.0354761
3.84122e-11	-0.0354535
3.84135e-11	-0.0354309
3.84149e-11	-0.0354083
3.84162e-11	-0.0353857
3.84176e-11	-0.0353631
3.84189e-11	-0.0353406
3.84203e-11	-0.035318
3.84216e-11	-0.0352955
3.8423e-11	-0.0352729
3.84243e-11	-0.0352504
3.84257e-11	-0.0352279
3.8427e-11	-0.0352054
3.84284e-11	-0.0351829
3.84297e-11	-0.0351604
3.84311e-11	-0.0351379
3.84325e-11	-0.0351154
3.84338e-11	-0.0350929
3.84352e-11	-0.0350705
3.84365e-11	-0.035048
3.84379e-11	-0.0350256
3.84392e-11	-0.0350032
3.84406e-11	-0.0349808
3.84419e-11	-0.0349583
3.84433e-11	-0.0349359
3.84446e-11	-0.0349135
3.8446e-11	-0.0348912
3.84473e-11	-0.0348688
3.84487e-11	-0.0348464
3.845e-11	-0.0348241
3.84514e-11	-0.0348017
3.84527e-11	-0.0347794
3.84541e-11	-0.0347571
3.84554e-11	-0.0347348
3.84568e-11	-0.0347124
3.84582e-11	-0.0346901
3.84595e-11	-0.0346679
3.84609e-11	-0.0346456
3.84622e-11	-0.0346233
3.84636e-11	-0.034601
3.84649e-11	-0.0345788
3.84663e-11	-0.0345565
3.84676e-11	-0.0345343
3.8469e-11	-0.0345121
3.84703e-11	-0.0344899
3.84717e-11	-0.0344677
3.8473e-11	-0.0344455
3.84744e-11	-0.0344233
3.84757e-11	-0.0344011
3.84771e-11	-0.0343789
3.84784e-11	-0.0343568
3.84798e-11	-0.0343346
3.84811e-11	-0.0343125
3.84825e-11	-0.0342903
3.84839e-11	-0.0342682
3.84852e-11	-0.0342461
3.84866e-11	-0.034224
3.84879e-11	-0.0342019
3.84893e-11	-0.0341798
3.84906e-11	-0.0341577
3.8492e-11	-0.0341357
3.84933e-11	-0.0341136
3.84947e-11	-0.0340916
3.8496e-11	-0.0340695
3.84974e-11	-0.0340475
3.84987e-11	-0.0340255
3.85001e-11	-0.0340035
3.85014e-11	-0.0339815
3.85028e-11	-0.0339595
3.85041e-11	-0.0339375
3.85055e-11	-0.0339155
3.85068e-11	-0.0338935
3.85082e-11	-0.0338716
3.85096e-11	-0.0338496
3.85109e-11	-0.0338277
3.85123e-11	-0.0338058
3.85136e-11	-0.0337839
3.8515e-11	-0.0337619
3.85163e-11	-0.03374
3.85177e-11	-0.0337182
3.8519e-11	-0.0336963
3.85204e-11	-0.0336744
3.85217e-11	-0.0336525
3.85231e-11	-0.0336307
3.85244e-11	-0.0336088
3.85258e-11	-0.033587
3.85271e-11	-0.0335652
3.85285e-11	-0.0335433
3.85298e-11	-0.0335215
3.85312e-11	-0.0334997
3.85325e-11	-0.033478
3.85339e-11	-0.0334562
3.85353e-11	-0.0334344
3.85366e-11	-0.0334126
3.8538e-11	-0.0333909
3.85393e-11	-0.0333691
3.85407e-11	-0.0333474
3.8542e-11	-0.0333257
3.85434e-11	-0.033304
3.85447e-11	-0.0332823
3.85461e-11	-0.0332606
3.85474e-11	-0.0332389
3.85488e-11	-0.0332172
3.85501e-11	-0.0331955
3.85515e-11	-0.0331739
3.85528e-11	-0.0331522
3.85542e-11	-0.0331306
3.85555e-11	-0.0331089
3.85569e-11	-0.0330873
3.85582e-11	-0.0330657
3.85596e-11	-0.0330441
3.8561e-11	-0.0330225
3.85623e-11	-0.0330009
3.85637e-11	-0.0329793
3.8565e-11	-0.0329578
3.85664e-11	-0.0329362
3.85677e-11	-0.0329147
3.85691e-11	-0.0328931
3.85704e-11	-0.0328716
3.85718e-11	-0.0328501
3.85731e-11	-0.0328286
3.85745e-11	-0.0328071
3.85758e-11	-0.0327856
3.85772e-11	-0.0327641
3.85785e-11	-0.0327426
3.85799e-11	-0.0327211
3.85812e-11	-0.0326997
3.85826e-11	-0.0326782
3.85839e-11	-0.0326568
3.85853e-11	-0.0326354
3.85867e-11	-0.0326139
3.8588e-11	-0.0325925
3.85894e-11	-0.0325711
3.85907e-11	-0.0325497
3.85921e-11	-0.0325284
3.85934e-11	-0.032507
3.85948e-11	-0.0324856
3.85961e-11	-0.0324643
3.85975e-11	-0.0324429
3.85988e-11	-0.0324216
3.86002e-11	-0.0324003
3.86015e-11	-0.0323789
3.86029e-11	-0.0323576
3.86042e-11	-0.0323363
3.86056e-11	-0.032315
3.86069e-11	-0.0322938
3.86083e-11	-0.0322725
3.86096e-11	-0.0322512
3.8611e-11	-0.03223
3.86124e-11	-0.0322087
3.86137e-11	-0.0321875
3.86151e-11	-0.0321663
3.86164e-11	-0.0321451
3.86178e-11	-0.0321239
3.86191e-11	-0.0321027
3.86205e-11	-0.0320815
3.86218e-11	-0.0320603
3.86232e-11	-0.0320391
3.86245e-11	-0.032018
3.86259e-11	-0.0319968
3.86272e-11	-0.0319757
3.86286e-11	-0.0319545
3.86299e-11	-0.0319334
3.86313e-11	-0.0319123
3.86326e-11	-0.0318912
3.8634e-11	-0.0318701
3.86353e-11	-0.031849
3.86367e-11	-0.0318279
3.86381e-11	-0.0318069
3.86394e-11	-0.0317858
3.86408e-11	-0.0317648
3.86421e-11	-0.0317437
3.86435e-11	-0.0317227
3.86448e-11	-0.0317017
3.86462e-11	-0.0316807
3.86475e-11	-0.0316597
3.86489e-11	-0.0316387
3.86502e-11	-0.0316177
3.86516e-11	-0.0315967
3.86529e-11	-0.0315757
3.86543e-11	-0.0315548
3.86556e-11	-0.0315338
3.8657e-11	-0.0315129
3.86583e-11	-0.031492
3.86597e-11	-0.0314711
3.8661e-11	-0.0314501
3.86624e-11	-0.0314292
3.86638e-11	-0.0314084
3.86651e-11	-0.0313875
3.86665e-11	-0.0313666
3.86678e-11	-0.0313457
3.86692e-11	-0.0313249
3.86705e-11	-0.031304
3.86719e-11	-0.0312832
3.86732e-11	-0.0312624
3.86746e-11	-0.0312416
3.86759e-11	-0.0312207
3.86773e-11	-0.0311999
3.86786e-11	-0.0311792
3.868e-11	-0.0311584
3.86813e-11	-0.0311376
3.86827e-11	-0.0311168
3.8684e-11	-0.0310961
3.86854e-11	-0.0310753
3.86867e-11	-0.0310546
3.86881e-11	-0.0310339
3.86895e-11	-0.0310132
3.86908e-11	-0.0309925
3.86922e-11	-0.0309718
3.86935e-11	-0.0309511
3.86949e-11	-0.0309304
3.86962e-11	-0.0309097
3.86976e-11	-0.0308891
3.86989e-11	-0.0308684
3.87003e-11	-0.0308478
3.87016e-11	-0.0308271
3.8703e-11	-0.0308065
3.87043e-11	-0.0307859
3.87057e-11	-0.0307653
3.8707e-11	-0.0307447
3.87084e-11	-0.0307241
3.87097e-11	-0.0307036
3.87111e-11	-0.030683
3.87124e-11	-0.0306624
3.87138e-11	-0.0306419
3.87152e-11	-0.0306213
3.87165e-11	-0.0306008
3.87179e-11	-0.0305803
3.87192e-11	-0.0305598
3.87206e-11	-0.0305393
3.87219e-11	-0.0305188
3.87233e-11	-0.0304983
3.87246e-11	-0.0304778
3.8726e-11	-0.0304574
3.87273e-11	-0.0304369
3.87287e-11	-0.0304164
3.873e-11	-0.030396
3.87314e-11	-0.0303756
3.87327e-11	-0.0303552
3.87341e-11	-0.0303348
3.87354e-11	-0.0303144
3.87368e-11	-0.030294
3.87381e-11	-0.0302736
3.87395e-11	-0.0302532
3.87409e-11	-0.0302328
3.87422e-11	-0.0302125
3.87436e-11	-0.0301921
3.87449e-11	-0.0301718
3.87463e-11	-0.0301515
3.87476e-11	-0.0301312
3.8749e-11	-0.0301109
3.87503e-11	-0.0300906
3.87517e-11	-0.0300703
3.8753e-11	-0.03005
3.87544e-11	-0.0300297
3.87557e-11	-0.0300094
3.87571e-11	-0.0299892
3.87584e-11	-0.0299689
3.87598e-11	-0.0299487
3.87611e-11	-0.0299285
3.87625e-11	-0.0299083
3.87638e-11	-0.0298881
3.87652e-11	-0.0298679
3.87666e-11	-0.0298477
3.87679e-11	-0.0298275
3.87693e-11	-0.0298073
3.87706e-11	-0.0297872
3.8772e-11	-0.029767
3.87733e-11	-0.0297469
3.87747e-11	-0.0297267
3.8776e-11	-0.0297066
3.87774e-11	-0.0296865
3.87787e-11	-0.0296664
3.87801e-11	-0.0296463
3.87814e-11	-0.0296262
3.87828e-11	-0.0296061
3.87841e-11	-0.0295861
3.87855e-11	-0.029566
3.87868e-11	-0.029546
3.87882e-11	-0.0295259
3.87895e-11	-0.0295059
3.87909e-11	-0.0294859
3.87923e-11	-0.0294659
3.87936e-11	-0.0294459
3.8795e-11	-0.0294259
3.87963e-11	-0.0294059
3.87977e-11	-0.0293859
3.8799e-11	-0.0293659
3.88004e-11	-0.029346
3.88017e-11	-0.029326
3.88031e-11	-0.0293061
3.88044e-11	-0.0292862
3.88058e-11	-0.0292662
3.88071e-11	-0.0292463
3.88085e-11	-0.0292264
3.88098e-11	-0.0292065
3.88112e-11	-0.0291866
3.88125e-11	-0.0291668
3.88139e-11	-0.0291469
3.88152e-11	-0.029127
3.88166e-11	-0.0291072
3.8818e-11	-0.0290874
3.88193e-11	-0.0290675
3.88207e-11	-0.0290477
3.8822e-11	-0.0290279
3.88234e-11	-0.0290081
3.88247e-11	-0.0289883
3.88261e-11	-0.0289685
3.88274e-11	-0.0289488
3.88288e-11	-0.028929
3.88301e-11	-0.0289092
3.88315e-11	-0.0288895
3.88328e-11	-0.0288698
3.88342e-11	-0.02885
3.88355e-11	-0.0288303
3.88369e-11	-0.0288106
3.88382e-11	-0.0287909
3.88396e-11	-0.0287712
3.88409e-11	-0.0287515
3.88423e-11	-0.0287319
3.88437e-11	-0.0287122
3.8845e-11	-0.0286925
3.88464e-11	-0.0286729
3.88477e-11	-0.0286533
3.88491e-11	-0.0286336
3.88504e-11	-0.028614
3.88518e-11	-0.0285944
3.88531e-11	-0.0285748
3.88545e-11	-0.0285552
3.88558e-11	-0.0285356
3.88572e-11	-0.0285161
3.88585e-11	-0.0284965
3.88599e-11	-0.028477
3.88612e-11	-0.0284574
3.88626e-11	-0.0284379
3.88639e-11	-0.0284184
3.88653e-11	-0.0283988
3.88666e-11	-0.0283793
3.8868e-11	-0.0283598
3.88694e-11	-0.0283403
3.88707e-11	-0.0283209
3.88721e-11	-0.0283014
3.88734e-11	-0.0282819
3.88748e-11	-0.0282625
3.88761e-11	-0.028243
3.88775e-11	-0.0282236
3.88788e-11	-0.0282042
3.88802e-11	-0.0281848
3.88815e-11	-0.0281654
3.88829e-11	-0.028146
3.88842e-11	-0.0281266
3.88856e-11	-0.0281072
3.88869e-11	-0.0280878
3.88883e-11	-0.0280685
3.88896e-11	-0.0280491
3.8891e-11	-0.0280298
3.88923e-11	-0.0280105
3.88937e-11	-0.0279911
3.88951e-11	-0.0279718
3.88964e-11	-0.0279525
3.88978e-11	-0.0279332
3.88991e-11	-0.0279139
3.89005e-11	-0.0278947
3.89018e-11	-0.0278754
3.89032e-11	-0.0278561
3.89045e-11	-0.0278369
3.89059e-11	-0.0278176
3.89072e-11	-0.0277984
3.89086e-11	-0.0277792
3.89099e-11	-0.02776
3.89113e-11	-0.0277408
3.89126e-11	-0.0277216
3.8914e-11	-0.0277024
3.89153e-11	-0.0276832
3.89167e-11	-0.027664
3.8918e-11	-0.0276449
3.89194e-11	-0.0276257
3.89208e-11	-0.0276066
3.89221e-11	-0.0275875
3.89235e-11	-0.0275683
3.89248e-11	-0.0275492
3.89262e-11	-0.0275301
3.89275e-11	-0.027511
3.89289e-11	-0.0274919
3.89302e-11	-0.0274729
3.89316e-11	-0.0274538
3.89329e-11	-0.0274347
3.89343e-11	-0.0274157
3.89356e-11	-0.0273967
3.8937e-11	-0.0273776
3.89383e-11	-0.0273586
3.89397e-11	-0.0273396
3.8941e-11	-0.0273206
3.89424e-11	-0.0273016
3.89437e-11	-0.0272826
3.89451e-11	-0.0272636
3.89465e-11	-0.0272447
3.89478e-11	-0.0272257
3.89492e-11	-0.0272068
3.89505e-11	-0.0271878
3.89519e-11	-0.0271689
3.89532e-11	-0.02715
3.89546e-11	-0.0271311
3.89559e-11	-0.0271122
3.89573e-11	-0.0270933
3.89586e-11	-0.0270744
3.896e-11	-0.0270555
3.89613e-11	-0.0270367
3.89627e-11	-0.0270178
3.8964e-11	-0.026999
3.89654e-11	-0.0269801
3.89667e-11	-0.0269613
3.89681e-11	-0.0269425
3.89694e-11	-0.0269237
3.89708e-11	-0.0269049
3.89722e-11	-0.0268861
3.89735e-11	-0.0268673
3.89749e-11	-0.0268485
3.89762e-11	-0.0268297
3.89776e-11	-0.026811
3.89789e-11	-0.0267922
3.89803e-11	-0.0267735
3.89816e-11	-0.0267548
3.8983e-11	-0.0267361
3.89843e-11	-0.0267173
3.89857e-11	-0.0266986
3.8987e-11	-0.0266799
3.89884e-11	-0.0266613
3.89897e-11	-0.0266426
3.89911e-11	-0.0266239
3.89924e-11	-0.0266053
3.89938e-11	-0.0265866
3.89951e-11	-0.026568
3.89965e-11	-0.0265494
3.89979e-11	-0.0265307
3.89992e-11	-0.0265121
3.90006e-11	-0.0264935
3.90019e-11	-0.0264749
3.90033e-11	-0.0264564
3.90046e-11	-0.0264378
3.9006e-11	-0.0264192
3.90073e-11	-0.0264007
3.90087e-11	-0.0263821
3.901e-11	-0.0263636
3.90114e-11	-0.026345
3.90127e-11	-0.0263265
3.90141e-11	-0.026308
3.90154e-11	-0.0262895
3.90168e-11	-0.026271
3.90181e-11	-0.0262525
3.90195e-11	-0.0262341
3.90208e-11	-0.0262156
3.90222e-11	-0.0261971
3.90236e-11	-0.0261787
3.90249e-11	-0.0261603
3.90263e-11	-0.0261418
3.90276e-11	-0.0261234
3.9029e-11	-0.026105
3.90303e-11	-0.0260866
3.90317e-11	-0.0260682
3.9033e-11	-0.0260498
3.90344e-11	-0.0260315
3.90357e-11	-0.0260131
3.90371e-11	-0.0259947
3.90384e-11	-0.0259764
3.90398e-11	-0.025958
3.90411e-11	-0.0259397
3.90425e-11	-0.0259214
3.90438e-11	-0.0259031
3.90452e-11	-0.0258848
3.90465e-11	-0.0258665
3.90479e-11	-0.0258482
3.90493e-11	-0.0258299
3.90506e-11	-0.0258117
3.9052e-11	-0.0257934
3.90533e-11	-0.0257752
3.90547e-11	-0.0257569
3.9056e-11	-0.0257387
3.90574e-11	-0.0257205
3.90587e-11	-0.0257023
3.90601e-11	-0.0256841
3.90614e-11	-0.0256659
3.90628e-11	-0.0256477
3.90641e-11	-0.0256295
3.90655e-11	-0.0256114
3.90668e-11	-0.0255932
3.90682e-11	-0.025575
3.90695e-11	-0.0255569
3.90709e-11	-0.0255388
3.90722e-11	-0.0255207
3.90736e-11	-0.0255025
3.9075e-11	-0.0254844
3.90763e-11	-0.0254664
3.90777e-11	-0.0254483
3.9079e-11	-0.0254302
3.90804e-11	-0.0254121
3.90817e-11	-0.0253941
3.90831e-11	-0.025376
3.90844e-11	-0.025358
3.90858e-11	-0.0253399
3.90871e-11	-0.0253219
3.90885e-11	-0.0253039
3.90898e-11	-0.0252859
3.90912e-11	-0.0252679
3.90925e-11	-0.0252499
3.90939e-11	-0.025232
3.90952e-11	-0.025214
3.90966e-11	-0.025196
3.90979e-11	-0.0251781
3.90993e-11	-0.0251601
3.91007e-11	-0.0251422
3.9102e-11	-0.0251243
3.91034e-11	-0.0251064
3.91047e-11	-0.0250885
3.91061e-11	-0.0250706
3.91074e-11	-0.0250527
3.91088e-11	-0.0250348
3.91101e-11	-0.0250169
3.91115e-11	-0.0249991
3.91128e-11	-0.0249812
3.91142e-11	-0.0249634
3.91155e-11	-0.0249456
3.91169e-11	-0.0249277
3.91182e-11	-0.0249099
3.91196e-11	-0.0248921
3.91209e-11	-0.0248743
3.91223e-11	-0.0248565
3.91236e-11	-0.0248388
3.9125e-11	-0.024821
3.91264e-11	-0.0248032
3.91277e-11	-0.0247855
3.91291e-11	-0.0247677
3.91304e-11	-0.02475
3.91318e-11	-0.0247323
3.91331e-11	-0.0247146
3.91345e-11	-0.0246969
3.91358e-11	-0.0246792
3.91372e-11	-0.0246615
3.91385e-11	-0.0246438
3.91399e-11	-0.0246261
3.91412e-11	-0.0246085
3.91426e-11	-0.0245908
3.91439e-11	-0.0245732
3.91453e-11	-0.0245555
3.91466e-11	-0.0245379
3.9148e-11	-0.0245203
3.91493e-11	-0.0245027
3.91507e-11	-0.0244851
3.91521e-11	-0.0244675
3.91534e-11	-0.0244499
3.91548e-11	-0.0244323
3.91561e-11	-0.0244148
3.91575e-11	-0.0243972
3.91588e-11	-0.0243797
3.91602e-11	-0.0243621
3.91615e-11	-0.0243446
3.91629e-11	-0.0243271
3.91642e-11	-0.0243096
3.91656e-11	-0.0242921
3.91669e-11	-0.0242746
3.91683e-11	-0.0242571
3.91696e-11	-0.0242396
3.9171e-11	-0.0242222
3.91723e-11	-0.0242047
3.91737e-11	-0.0241873
3.9175e-11	-0.0241698
3.91764e-11	-0.0241524
3.91778e-11	-0.024135
3.91791e-11	-0.0241176
3.91805e-11	-0.0241002
3.91818e-11	-0.0240828
3.91832e-11	-0.0240654
3.91845e-11	-0.024048
3.91859e-11	-0.0240306
3.91872e-11	-0.0240133
3.91886e-11	-0.0239959
3.91899e-11	-0.0239786
3.91913e-11	-0.0239613
3.91926e-11	-0.0239439
3.9194e-11	-0.0239266
3.91953e-11	-0.0239093
3.91967e-11	-0.023892
3.9198e-11	-0.0238747
3.91994e-11	-0.0238575
3.92007e-11	-0.0238402
3.92021e-11	-0.0238229
3.92035e-11	-0.0238057
3.92048e-11	-0.0237884
3.92062e-11	-0.0237712
3.92075e-11	-0.023754
3.92089e-11	-0.0237368
3.92102e-11	-0.0237196
3.92116e-11	-0.0237024
3.92129e-11	-0.0236852
3.92143e-11	-0.023668
3.92156e-11	-0.0236508
3.9217e-11	-0.0236337
3.92183e-11	-0.0236165
3.92197e-11	-0.0235994
3.9221e-11	-0.0235822
3.92224e-11	-0.0235651
3.92237e-11	-0.023548
3.92251e-11	-0.0235309
3.92264e-11	-0.0235138
3.92278e-11	-0.0234967
3.92292e-11	-0.0234796
3.92305e-11	-0.0234625
3.92319e-11	-0.0234455
3.92332e-11	-0.0234284
3.92346e-11	-0.0234114
3.92359e-11	-0.0233943
3.92373e-11	-0.0233773
3.92386e-11	-0.0233603
3.924e-11	-0.0233433
3.92413e-11	-0.0233263
3.92427e-11	-0.0233093
3.9244e-11	-0.0232923
3.92454e-11	-0.0232753
3.92467e-11	-0.0232584
3.92481e-11	-0.0232414
3.92494e-11	-0.0232245
3.92508e-11	-0.0232075
3.92521e-11	-0.0231906
3.92535e-11	-0.0231737
3.92549e-11	-0.0231567
3.92562e-11	-0.0231398
3.92576e-11	-0.0231229
3.92589e-11	-0.0231061
3.92603e-11	-0.0230892
3.92616e-11	-0.0230723
3.9263e-11	-0.0230554
3.92643e-11	-0.0230386
3.92657e-11	-0.0230218
3.9267e-11	-0.0230049
3.92684e-11	-0.0229881
3.92697e-11	-0.0229713
3.92711e-11	-0.0229545
3.92724e-11	-0.0229377
3.92738e-11	-0.0229209
3.92751e-11	-0.0229041
3.92765e-11	-0.0228873
3.92778e-11	-0.0228706
3.92792e-11	-0.0228538
3.92806e-11	-0.0228371
3.92819e-11	-0.0228203
3.92833e-11	-0.0228036
3.92846e-11	-0.0227869
3.9286e-11	-0.0227702
3.92873e-11	-0.0227535
3.92887e-11	-0.0227368
3.929e-11	-0.0227201
3.92914e-11	-0.0227034
3.92927e-11	-0.0226867
3.92941e-11	-0.0226701
3.92954e-11	-0.0226534
3.92968e-11	-0.0226368
3.92981e-11	-0.0226202
3.92995e-11	-0.0226035
3.93008e-11	-0.0225869
3.93022e-11	-0.0225703
3.93035e-11	-0.0225537
3.93049e-11	-0.0225371
3.93063e-11	-0.0225206
3.93076e-11	-0.022504
3.9309e-11	-0.0224874
3.93103e-11	-0.0224709
3.93117e-11	-0.0224543
3.9313e-11	-0.0224378
3.93144e-11	-0.0224213
3.93157e-11	-0.0224047
3.93171e-11	-0.0223882
3.93184e-11	-0.0223717
3.93198e-11	-0.0223552
3.93211e-11	-0.0223388
3.93225e-11	-0.0223223
3.93238e-11	-0.0223058
3.93252e-11	-0.0222894
3.93265e-11	-0.0222729
3.93279e-11	-0.0222565
3.93292e-11	-0.0222401
3.93306e-11	-0.0222236
3.9332e-11	-0.0222072
3.93333e-11	-0.0221908
3.93347e-11	-0.0221744
3.9336e-11	-0.022158
3.93374e-11	-0.0221417
3.93387e-11	-0.0221253
3.93401e-11	-0.0221089
3.93414e-11	-0.0220926
3.93428e-11	-0.0220762
3.93441e-11	-0.0220599
3.93455e-11	-0.0220436
3.93468e-11	-0.0220273
3.93482e-11	-0.0220109
3.93495e-11	-0.0219946
3.93509e-11	-0.0219784
3.93522e-11	-0.0219621
3.93536e-11	-0.0219458
3.93549e-11	-0.0219295
3.93563e-11	-0.0219133
3.93577e-11	-0.021897
3.9359e-11	-0.0218808
3.93604e-11	-0.0218646
3.93617e-11	-0.0218483
3.93631e-11	-0.0218321
3.93644e-11	-0.0218159
3.93658e-11	-0.0217997
3.93671e-11	-0.0217835
3.93685e-11	-0.0217674
3.93698e-11	-0.0217512
3.93712e-11	-0.021735
3.93725e-11	-0.0217189
3.93739e-11	-0.0217027
3.93752e-11	-0.0216866
3.93766e-11	-0.0216705
3.93779e-11	-0.0216544
3.93793e-11	-0.0216383
3.93806e-11	-0.0216222
3.9382e-11	-0.0216061
3.93834e-11	-0.02159
3.93847e-11	-0.0215739
3.93861e-11	-0.0215579
3.93874e-11	-0.0215418
3.93888e-11	-0.0215257
3.93901e-11	-0.0215097
3.93915e-11	-0.0214937
3.93928e-11	-0.0214777
3.93942e-11	-0.0214616
3.93955e-11	-0.0214456
3.93969e-11	-0.0214296
3.93982e-11	-0.0214137
3.93996e-11	-0.0213977
3.94009e-11	-0.0213817
3.94023e-11	-0.0213658
3.94036e-11	-0.0213498
3.9405e-11	-0.0213339
3.94063e-11	-0.0213179
3.94077e-11	-0.021302
3.94091e-11	-0.0212861
3.94104e-11	-0.0212702
3.94118e-11	-0.0212543
3.94131e-11	-0.0212384
3.94145e-11	-0.0212225
3.94158e-11	-0.0212066
3.94172e-11	-0.0211908
3.94185e-11	-0.0211749
3.94199e-11	-0.021159
3.94212e-11	-0.0211432
3.94226e-11	-0.0211274
3.94239e-11	-0.0211116
3.94253e-11	-0.0210957
3.94266e-11	-0.0210799
3.9428e-11	-0.0210641
3.94293e-11	-0.0210484
3.94307e-11	-0.0210326
3.9432e-11	-0.0210168
3.94334e-11	-0.021001
3.94348e-11	-0.0209853
3.94361e-11	-0.0209695
3.94375e-11	-0.0209538
3.94388e-11	-0.0209381
3.94402e-11	-0.0209224
3.94415e-11	-0.0209066
3.94429e-11	-0.0208909
3.94442e-11	-0.0208752
3.94456e-11	-0.0208596
3.94469e-11	-0.0208439
3.94483e-11	-0.0208282
3.94496e-11	-0.0208126
3.9451e-11	-0.0207969
3.94523e-11	-0.0207813
3.94537e-11	-0.0207656
3.9455e-11	-0.02075
3.94564e-11	-0.0207344
3.94578e-11	-0.0207188
3.94591e-11	-0.0207032
3.94605e-11	-0.0206876
3.94618e-11	-0.020672
3.94632e-11	-0.0206564
3.94645e-11	-0.0206409
3.94659e-11	-0.0206253
3.94672e-11	-0.0206098
3.94686e-11	-0.0205942
3.94699e-11	-0.0205787
3.94713e-11	-0.0205632
3.94726e-11	-0.0205477
3.9474e-11	-0.0205322
3.94753e-11	-0.0205167
3.94767e-11	-0.0205012
3.9478e-11	-0.0204857
3.94794e-11	-0.0204702
3.94807e-11	-0.0204548
3.94821e-11	-0.0204393
3.94835e-11	-0.0204239
3.94848e-11	-0.0204084
3.94862e-11	-0.020393
3.94875e-11	-0.0203776
3.94889e-11	-0.0203622
3.94902e-11	-0.0203468
3.94916e-11	-0.0203314
3.94929e-11	-0.020316
3.94943e-11	-0.0203006
3.94956e-11	-0.0202852
3.9497e-11	-0.0202699
3.94983e-11	-0.0202545
3.94997e-11	-0.0202392
3.9501e-11	-0.0202238
3.95024e-11	-0.0202085
3.95037e-11	-0.0201932
3.95051e-11	-0.0201779
3.95064e-11	-0.0201626
3.95078e-11	-0.0201473
3.95092e-11	-0.020132
3.95105e-11	-0.0201167
3.95119e-11	-0.0201015
3.95132e-11	-0.0200862
3.95146e-11	-0.020071
3.95159e-11	-0.0200557
3.95173e-11	-0.0200405
3.95186e-11	-0.0200253
3.952e-11	-0.02001
3.95213e-11	-0.0199948
3.95227e-11	-0.0199796
3.9524e-11	-0.0199644
3.95254e-11	-0.0199493
3.95267e-11	-0.0199341
3.95281e-11	-0.0199189
3.95294e-11	-0.0199038
3.95308e-11	-0.0198886
3.95321e-11	-0.0198735
3.95335e-11	-0.0198583
3.95349e-11	-0.0198432
3.95362e-11	-0.0198281
3.95376e-11	-0.019813
3.95389e-11	-0.0197979
3.95403e-11	-0.0197828
3.95416e-11	-0.0197677
3.9543e-11	-0.0197527
3.95443e-11	-0.0197376
3.95457e-11	-0.0197225
3.9547e-11	-0.0197075
3.95484e-11	-0.0196925
3.95497e-11	-0.0196774
3.95511e-11	-0.0196624
3.95524e-11	-0.0196474
3.95538e-11	-0.0196324
3.95551e-11	-0.0196174
3.95565e-11	-0.0196024
3.95578e-11	-0.0195874
3.95592e-11	-0.0195724
3.95606e-11	-0.0195575
3.95619e-11	-0.0195425
3.95633e-11	-0.0195276
3.95646e-11	-0.0195126
3.9566e-11	-0.0194977
3.95673e-11	-0.0194828
3.95687e-11	-0.0194679
3.957e-11	-0.019453
3.95714e-11	-0.0194381
3.95727e-11	-0.0194232
3.95741e-11	-0.0194083
3.95754e-11	-0.0193934
3.95768e-11	-0.0193786
3.95781e-11	-0.0193637
3.95795e-11	-0.0193489
3.95808e-11	-0.019334
3.95822e-11	-0.0193192
3.95835e-11	-0.0193044
3.95849e-11	-0.0192896
3.95863e-11	-0.0192748
3.95876e-11	-0.01926
3.9589e-11	-0.0192452
3.95903e-11	-0.0192304
3.95917e-11	-0.0192156
3.9593e-11	-0.0192009
3.95944e-11	-0.0191861
3.95957e-11	-0.0191714
3.95971e-11	-0.0191566
3.95984e-11	-0.0191419
3.95998e-11	-0.0191272
3.96011e-11	-0.0191125
3.96025e-11	-0.0190978
3.96038e-11	-0.0190831
3.96052e-11	-0.0190684
3.96065e-11	-0.0190537
3.96079e-11	-0.0190391
3.96092e-11	-0.0190244
3.96106e-11	-0.0190097
3.9612e-11	-0.0189951
3.96133e-11	-0.0189805
3.96147e-11	-0.0189658
3.9616e-11	-0.0189512
3.96174e-11	-0.0189366
3.96187e-11	-0.018922
3.96201e-11	-0.0189074
3.96214e-11	-0.0188928
3.96228e-11	-0.0188782
3.96241e-11	-0.0188637
3.96255e-11	-0.0188491
3.96268e-11	-0.0188345
3.96282e-11	-0.01882
3.96295e-11	-0.0188055
3.96309e-11	-0.0187909
3.96322e-11	-0.0187764
3.96336e-11	-0.0187619
3.96349e-11	-0.0187474
3.96363e-11	-0.0187329
3.96377e-11	-0.0187184
3.9639e-11	-0.0187039
3.96404e-11	-0.0186895
3.96417e-11	-0.018675
3.96431e-11	-0.0186605
3.96444e-11	-0.0186461
3.96458e-11	-0.0186317
3.96471e-11	-0.0186172
3.96485e-11	-0.0186028
3.96498e-11	-0.0185884
3.96512e-11	-0.018574
3.96525e-11	-0.0185596
3.96539e-11	-0.0185452
3.96552e-11	-0.0185308
3.96566e-11	-0.0185165
3.96579e-11	-0.0185021
3.96593e-11	-0.0184877
3.96606e-11	-0.0184734
3.9662e-11	-0.0184591
3.96634e-11	-0.0184447
3.96647e-11	-0.0184304
3.96661e-11	-0.0184161
3.96674e-11	-0.0184018
3.96688e-11	-0.0183875
3.96701e-11	-0.0183732
3.96715e-11	-0.0183589
3.96728e-11	-0.0183446
3.96742e-11	-0.0183304
3.96755e-11	-0.0183161
3.96769e-11	-0.0183019
3.96782e-11	-0.0182876
3.96796e-11	-0.0182734
3.96809e-11	-0.0182592
3.96823e-11	-0.018245
3.96836e-11	-0.0182308
3.9685e-11	-0.0182166
3.96863e-11	-0.0182024
3.96877e-11	-0.0181882
3.96891e-11	-0.018174
3.96904e-11	-0.0181598
3.96918e-11	-0.0181457
3.96931e-11	-0.0181315
3.96945e-11	-0.0181174
3.96958e-11	-0.0181033
3.96972e-11	-0.0180891
3.96985e-11	-0.018075
3.96999e-11	-0.0180609
3.97012e-11	-0.0180468
3.97026e-11	-0.0180327
3.97039e-11	-0.0180186
3.97053e-11	-0.0180046
3.97066e-11	-0.0179905
3.9708e-11	-0.0179764
3.97093e-11	-0.0179624
3.97107e-11	-0.0179483
3.9712e-11	-0.0179343
3.97134e-11	-0.0179203
3.97148e-11	-0.0179063
3.97161e-11	-0.0178922
3.97175e-11	-0.0178782
3.97188e-11	-0.0178642
3.97202e-11	-0.0178503
3.97215e-11	-0.0178363
3.97229e-11	-0.0178223
3.97242e-11	-0.0178083
3.97256e-11	-0.0177944
3.97269e-11	-0.0177804
3.97283e-11	-0.0177665
3.97296e-11	-0.0177526
3.9731e-11	-0.0177387
3.97323e-11	-0.0177247
3.97337e-11	-0.0177108
3.9735e-11	-0.0176969
3.97364e-11	-0.0176831
3.97377e-11	-0.0176692
3.97391e-11	-0.0176553
3.97405e-11	-0.0176414
3.97418e-11	-0.0176276
3.97432e-11	-0.0176137
3.97445e-11	-0.0175999
3.97459e-11	-0.0175861
3.97472e-11	-0.0175722
3.97486e-11	-0.0175584
3.97499e-11	-0.0175446
3.97513e-11	-0.0175308
3.97526e-11	-0.017517
3.9754e-11	-0.0175032
3.97553e-11	-0.0174895
3.97567e-11	-0.0174757
3.9758e-11	-0.0174619
3.97594e-11	-0.0174482
3.97607e-11	-0.0174344
3.97621e-11	-0.0174207
3.97634e-11	-0.017407
3.97648e-11	-0.0173933
3.97662e-11	-0.0173795
3.97675e-11	-0.0173658
3.97689e-11	-0.0173521
3.97702e-11	-0.0173385
3.97716e-11	-0.0173248
3.97729e-11	-0.0173111
3.97743e-11	-0.0172974
3.97756e-11	-0.0172838
3.9777e-11	-0.0172701
3.97783e-11	-0.0172565
3.97797e-11	-0.0172429
3.9781e-11	-0.0172293
3.97824e-11	-0.0172156
3.97837e-11	-0.017202
3.97851e-11	-0.0171884
3.97864e-11	-0.0171748
3.97878e-11	-0.0171613
3.97891e-11	-0.0171477
3.97905e-11	-0.0171341
3.97919e-11	-0.0171206
3.97932e-11	-0.017107
3.97946e-11	-0.0170935
3.97959e-11	-0.0170799
3.97973e-11	-0.0170664
3.97986e-11	-0.0170529
3.98e-11	-0.0170394
3.98013e-11	-0.0170259
3.98027e-11	-0.0170124
3.9804e-11	-0.0169989
3.98054e-11	-0.0169854
3.98067e-11	-0.0169719
3.98081e-11	-0.0169585
3.98094e-11	-0.016945
3.98108e-11	-0.0169316
3.98121e-11	-0.0169181
3.98135e-11	-0.0169047
3.98148e-11	-0.0168913
3.98162e-11	-0.0168779
3.98176e-11	-0.0168645
3.98189e-11	-0.0168511
3.98203e-11	-0.0168377
3.98216e-11	-0.0168243
3.9823e-11	-0.0168109
3.98243e-11	-0.0167976
3.98257e-11	-0.0167842
3.9827e-11	-0.0167709
3.98284e-11	-0.0167575
3.98297e-11	-0.0167442
3.98311e-11	-0.0167308
3.98324e-11	-0.0167175
3.98338e-11	-0.0167042
3.98351e-11	-0.0166909
3.98365e-11	-0.0166776
3.98378e-11	-0.0166643
3.98392e-11	-0.0166511
3.98405e-11	-0.0166378
3.98419e-11	-0.0166245
3.98433e-11	-0.0166113
3.98446e-11	-0.016598
3.9846e-11	-0.0165848
3.98473e-11	-0.0165715
3.98487e-11	-0.0165583
3.985e-11	-0.0165451
3.98514e-11	-0.0165319
3.98527e-11	-0.0165187
3.98541e-11	-0.0165055
3.98554e-11	-0.0164923
3.98568e-11	-0.0164791
3.98581e-11	-0.016466
3.98595e-11	-0.0164528
3.98608e-11	-0.0164397
3.98622e-11	-0.0164265
3.98635e-11	-0.0164134
3.98649e-11	-0.0164002
3.98662e-11	-0.0163871
3.98676e-11	-0.016374
3.9869e-11	-0.0163609
3.98703e-11	-0.0163478
3.98717e-11	-0.0163347
3.9873e-11	-0.0163216
3.98744e-11	-0.0163086
3.98757e-11	-0.0162955
3.98771e-11	-0.0162824
3.98784e-11	-0.0162694
3.98798e-11	-0.0162563
3.98811e-11	-0.0162433
3.98825e-11	-0.0162303
3.98838e-11	-0.0162173
3.98852e-11	-0.0162043
3.98865e-11	-0.0161913
3.98879e-11	-0.0161783
3.98892e-11	-0.0161653
3.98906e-11	-0.0161523
3.98919e-11	-0.0161393
3.98933e-11	-0.0161264
3.98947e-11	-0.0161134
3.9896e-11	-0.0161004
3.98974e-11	-0.0160875
3.98987e-11	-0.0160746
3.99001e-11	-0.0160616
3.99014e-11	-0.0160487
3.99028e-11	-0.0160358
3.99041e-11	-0.0160229
3.99055e-11	-0.01601
3.99068e-11	-0.0159971
3.99082e-11	-0.0159843
3.99095e-11	-0.0159714
3.99109e-11	-0.0159585
3.99122e-11	-0.0159457
3.99136e-11	-0.0159328
3.99149e-11	-0.01592
3.99163e-11	-0.0159072
3.99176e-11	-0.0158943
3.9919e-11	-0.0158815
3.99204e-11	-0.0158687
3.99217e-11	-0.0158559
3.99231e-11	-0.0158431
3.99244e-11	-0.0158303
3.99258e-11	-0.0158176
3.99271e-11	-0.0158048
3.99285e-11	-0.015792
3.99298e-11	-0.0157793
3.99312e-11	-0.0157665
3.99325e-11	-0.0157538
3.99339e-11	-0.0157411
3.99352e-11	-0.0157283
3.99366e-11	-0.0157156
3.99379e-11	-0.0157029
3.99393e-11	-0.0156902
3.99406e-11	-0.0156775
3.9942e-11	-0.0156648
3.99433e-11	-0.0156522
3.99447e-11	-0.0156395
3.99461e-11	-0.0156268
3.99474e-11	-0.0156142
3.99488e-11	-0.0156015
3.99501e-11	-0.0155889
3.99515e-11	-0.0155763
3.99528e-11	-0.0155636
3.99542e-11	-0.015551
3.99555e-11	-0.0155384
3.99569e-11	-0.0155258
3.99582e-11	-0.0155132
3.99596e-11	-0.0155006
3.99609e-11	-0.0154881
3.99623e-11	-0.0154755
3.99636e-11	-0.0154629
3.9965e-11	-0.0154504
3.99663e-11	-0.0154378
3.99677e-11	-0.0154253
3.9969e-11	-0.0154128
3.99704e-11	-0.0154003
3.99718e-11	-0.0153877
3.99731e-11	-0.0153752
3.99745e-11	-0.0153627
3.99758e-11	-0.0153502
3.99772e-11	-0.0153378
3.99785e-11	-0.0153253
3.99799e-11	-0.0153128
3.99812e-11	-0.0153004
3.99826e-11	-0.0152879
3.99839e-11	-0.0152755
3.99853e-11	-0.015263
3.99866e-11	-0.0152506
3.9988e-11	-0.0152382
3.99893e-11	-0.0152258
3.99907e-11	-0.0152133
3.9992e-11	-0.0152009
3.99934e-11	-0.0151886
3.99947e-11	-0.0151762
3.99961e-11	-0.0151638
3.99975e-11	-0.0151514
3.99988e-11	-0.0151391
4.00002e-11	-0.0151267
4.00015e-11	-0.0151144
4.00029e-11	-0.015102
4.00042e-11	-0.0150897
4.00056e-11	-0.0150774
4.00069e-11	-0.0150651
4.00083e-11	-0.0150527
4.00096e-11	-0.0150404
4.0011e-11	-0.0150282
4.00123e-11	-0.0150159
4.00137e-11	-0.0150036
4.0015e-11	-0.0149913
4.00164e-11	-0.0149791
4.00177e-11	-0.0149668
4.00191e-11	-0.0149546
4.00204e-11	-0.0149423
4.00218e-11	-0.0149301
4.00232e-11	-0.0149179
4.00245e-11	-0.0149056
4.00259e-11	-0.0148934
4.00272e-11	-0.0148812
4.00286e-11	-0.014869
4.00299e-11	-0.0148569
4.00313e-11	-0.0148447
4.00326e-11	-0.0148325
4.0034e-11	-0.0148203
4.00353e-11	-0.0148082
4.00367e-11	-0.014796
4.0038e-11	-0.0147839
4.00394e-11	-0.0147718
4.00407e-11	-0.0147596
4.00421e-11	-0.0147475
4.00434e-11	-0.0147354
4.00448e-11	-0.0147233
4.00461e-11	-0.0147112
4.00475e-11	-0.0146991
4.00489e-11	-0.014687
4.00502e-11	-0.014675
4.00516e-11	-0.0146629
4.00529e-11	-0.0146508
4.00543e-11	-0.0146388
4.00556e-11	-0.0146267
4.0057e-11	-0.0146147
4.00583e-11	-0.0146027
4.00597e-11	-0.0145907
4.0061e-11	-0.0145786
4.00624e-11	-0.0145666
4.00637e-11	-0.0145546
4.00651e-11	-0.0145427
4.00664e-11	-0.0145307
4.00678e-11	-0.0145187
4.00691e-11	-0.0145067
4.00705e-11	-0.0144948
4.00718e-11	-0.0144828
4.00732e-11	-0.0144709
4.00746e-11	-0.0144589
4.00759e-11	-0.014447
4.00773e-11	-0.0144351
4.00786e-11	-0.0144232
4.008e-11	-0.0144112
4.00813e-11	-0.0143993
4.00827e-11	-0.0143875
4.0084e-11	-0.0143756
4.00854e-11	-0.0143637
4.00867e-11	-0.0143518
4.00881e-11	-0.01434
4.00894e-11	-0.0143281
4.00908e-11	-0.0143162
4.00921e-11	-0.0143044
4.00935e-11	-0.0142926
4.00948e-11	-0.0142807
4.00962e-11	-0.0142689
4.00975e-11	-0.0142571
4.00989e-11	-0.0142453
4.01003e-11	-0.0142335
4.01016e-11	-0.0142217
4.0103e-11	-0.0142099
4.01043e-11	-0.0141982
4.01057e-11	-0.0141864
4.0107e-11	-0.0141746
4.01084e-11	-0.0141629
4.01097e-11	-0.0141511
4.01111e-11	-0.0141394
4.01124e-11	-0.0141277
4.01138e-11	-0.014116
4.01151e-11	-0.0141042
4.01165e-11	-0.0140925
4.01178e-11	-0.0140808
4.01192e-11	-0.0140691
4.01205e-11	-0.0140575
4.01219e-11	-0.0140458
4.01232e-11	-0.0140341
4.01246e-11	-0.0140224
4.0126e-11	-0.0140108
4.01273e-11	-0.0139991
4.01287e-11	-0.0139875
4.013e-11	-0.0139759
4.01314e-11	-0.0139642
4.01327e-11	-0.0139526
4.01341e-11	-0.013941
4.01354e-11	-0.0139294
4.01368e-11	-0.0139178
4.01381e-11	-0.0139062
4.01395e-11	-0.0138946
4.01408e-11	-0.0138831
4.01422e-11	-0.0138715
4.01435e-11	-0.0138599
4.01449e-11	-0.0138484
4.01462e-11	-0.0138368
4.01476e-11	-0.0138253
4.01489e-11	-0.0138138
4.01503e-11	-0.0138022
4.01517e-11	-0.0137907
4.0153e-11	-0.0137792
4.01544e-11	-0.0137677
4.01557e-11	-0.0137562
4.01571e-11	-0.0137447
4.01584e-11	-0.0137333
4.01598e-11	-0.0137218
4.01611e-11	-0.0137103
4.01625e-11	-0.0136989
4.01638e-11	-0.0136874
4.01652e-11	-0.013676
4.01665e-11	-0.0136645
4.01679e-11	-0.0136531
4.01692e-11	-0.0136417
4.01706e-11	-0.0136303
4.01719e-11	-0.0136189
4.01733e-11	-0.0136075
4.01746e-11	-0.0135961
4.0176e-11	-0.0135847
4.01774e-11	-0.0135733
4.01787e-11	-0.0135619
4.01801e-11	-0.0135506
4.01814e-11	-0.0135392
4.01828e-11	-0.0135279
4.01841e-11	-0.0135165
4.01855e-11	-0.0135052
4.01868e-11	-0.0134939
4.01882e-11	-0.0134825
4.01895e-11	-0.0134712
4.01909e-11	-0.0134599
4.01922e-11	-0.0134486
4.01936e-11	-0.0134373
4.01949e-11	-0.0134261
4.01963e-11	-0.0134148
4.01976e-11	-0.0134035
4.0199e-11	-0.0133923
4.02003e-11	-0.013381
4.02017e-11	-0.0133698
4.02031e-11	-0.0133585
4.02044e-11	-0.0133473
4.02058e-11	-0.0133361
4.02071e-11	-0.0133248
4.02085e-11	-0.0133136
4.02098e-11	-0.0133024
4.02112e-11	-0.0132912
4.02125e-11	-0.01328
4.02139e-11	-0.0132689
4.02152e-11	-0.0132577
4.02166e-11	-0.0132465
4.02179e-11	-0.0132354
4.02193e-11	-0.0132242
4.02206e-11	-0.0132131
4.0222e-11	-0.0132019
4.02233e-11	-0.0131908
4.02247e-11	-0.0131797
4.0226e-11	-0.0131685
4.02274e-11	-0.0131574
4.02288e-11	-0.0131463
4.02301e-11	-0.0131352
4.02315e-11	-0.0131241
4.02328e-11	-0.0131131
4.02342e-11	-0.013102
4.02355e-11	-0.0130909
4.02369e-11	-0.0130799
4.02382e-11	-0.0130688
4.02396e-11	-0.0130578
4.02409e-11	-0.0130467
4.02423e-11	-0.0130357
4.02436e-11	-0.0130247
4.0245e-11	-0.0130136
4.02463e-11	-0.0130026
4.02477e-11	-0.0129916
4.0249e-11	-0.0129806
4.02504e-11	-0.0129697
4.02517e-11	-0.0129587
4.02531e-11	-0.0129477
4.02545e-11	-0.0129367
4.02558e-11	-0.0129258
4.02572e-11	-0.0129148
4.02585e-11	-0.0129039
4.02599e-11	-0.0128929
4.02612e-11	-0.012882
4.02626e-11	-0.0128711
4.02639e-11	-0.0128602
4.02653e-11	-0.0128492
4.02666e-11	-0.0128383
4.0268e-11	-0.0128274
4.02693e-11	-0.0128166
4.02707e-11	-0.0128057
4.0272e-11	-0.0127948
4.02734e-11	-0.0127839
4.02747e-11	-0.0127731
4.02761e-11	-0.0127622
4.02774e-11	-0.0127514
4.02788e-11	-0.0127405
4.02802e-11	-0.0127297
4.02815e-11	-0.0127189
4.02829e-11	-0.0127081
4.02842e-11	-0.0126972
4.02856e-11	-0.0126864
4.02869e-11	-0.0126756
4.02883e-11	-0.0126649
4.02896e-11	-0.0126541
4.0291e-11	-0.0126433
4.02923e-11	-0.0126325
4.02937e-11	-0.0126218
4.0295e-11	-0.012611
4.02964e-11	-0.0126003
4.02977e-11	-0.0125895
4.02991e-11	-0.0125788
4.03004e-11	-0.0125681
4.03018e-11	-0.0125573
4.03031e-11	-0.0125466
4.03045e-11	-0.0125359
4.03059e-11	-0.0125252
4.03072e-11	-0.0125145
4.03086e-11	-0.0125038
4.03099e-11	-0.0124932
4.03113e-11	-0.0124825
4.03126e-11	-0.0124718
4.0314e-11	-0.0124612
4.03153e-11	-0.0124505
4.03167e-11	-0.0124399
4.0318e-11	-0.0124292
4.03194e-11	-0.0124186
4.03207e-11	-0.012408
4.03221e-11	-0.0123974
4.03234e-11	-0.0123868
4.03248e-11	-0.0123762
4.03261e-11	-0.0123656
4.03275e-11	-0.012355
4.03288e-11	-0.0123444
4.03302e-11	-0.0123338
4.03316e-11	-0.0123233
4.03329e-11	-0.0123127
4.03343e-11	-0.0123022
4.03356e-11	-0.0122916
4.0337e-11	-0.0122811
4.03383e-11	-0.0122705
4.03397e-11	-0.01226
4.0341e-11	-0.0122495
4.03424e-11	-0.012239
4.03437e-11	-0.0122285
4.03451e-11	-0.012218
4.03464e-11	-0.0122075
4.03478e-11	-0.012197
4.03491e-11	-0.0121865
4.03505e-11	-0.0121761
4.03518e-11	-0.0121656
4.03532e-11	-0.0121552
4.03545e-11	-0.0121447
4.03559e-11	-0.0121343
4.03573e-11	-0.0121238
4.03586e-11	-0.0121134
4.036e-11	-0.012103
4.03613e-11	-0.0120926
4.03627e-11	-0.0120822
4.0364e-11	-0.0120718
4.03654e-11	-0.0120614
4.03667e-11	-0.012051
4.03681e-11	-0.0120406
4.03694e-11	-0.0120302
4.03708e-11	-0.0120199
4.03721e-11	-0.0120095
4.03735e-11	-0.0119992
4.03748e-11	-0.0119888
4.03762e-11	-0.0119785
4.03775e-11	-0.0119682
4.03789e-11	-0.0119578
4.03802e-11	-0.0119475
4.03816e-11	-0.0119372
4.0383e-11	-0.0119269
4.03843e-11	-0.0119166
4.03857e-11	-0.0119063
4.0387e-11	-0.011896
4.03884e-11	-0.0118858
4.03897e-11	-0.0118755
4.03911e-11	-0.0118652
4.03924e-11	-0.011855
4.03938e-11	-0.0118447
4.03951e-11	-0.0118345
4.03965e-11	-0.0118242
4.03978e-11	-0.011814
4.03992e-11	-0.0118038
4.04005e-11	-0.0117936
4.04019e-11	-0.0117834
4.04032e-11	-0.0117732
4.04046e-11	-0.011763
4.04059e-11	-0.0117528
4.04073e-11	-0.0117426
4.04087e-11	-0.0117324
4.041e-11	-0.0117223
4.04114e-11	-0.0117121
4.04127e-11	-0.0117019
4.04141e-11	-0.0116918
4.04154e-11	-0.0116817
4.04168e-11	-0.0116715
4.04181e-11	-0.0116614
4.04195e-11	-0.0116513
4.04208e-11	-0.0116412
4.04222e-11	-0.0116311
4.04235e-11	-0.011621
4.04249e-11	-0.0116109
4.04262e-11	-0.0116008
4.04276e-11	-0.0115907
4.04289e-11	-0.0115806
4.04303e-11	-0.0115706
4.04316e-11	-0.0115605
4.0433e-11	-0.0115505
4.04344e-11	-0.0115404
4.04357e-11	-0.0115304
4.04371e-11	-0.0115203
4.04384e-11	-0.0115103
4.04398e-11	-0.0115003
4.04411e-11	-0.0114903
4.04425e-11	-0.0114803
4.04438e-11	-0.0114703
4.04452e-11	-0.0114603
4.04465e-11	-0.0114503
4.04479e-11	-0.0114403
4.04492e-11	-0.0114304
4.04506e-11	-0.0114204
4.04519e-11	-0.0114104
4.04533e-11	-0.0114005
4.04546e-11	-0.0113905
4.0456e-11	-0.0113806
4.04573e-11	-0.0113707
4.04587e-11	-0.0113608
4.04601e-11	-0.0113508
4.04614e-11	-0.0113409
4.04628e-11	-0.011331
4.04641e-11	-0.0113211
4.04655e-11	-0.0113112
4.04668e-11	-0.0113013
4.04682e-11	-0.0112915
4.04695e-11	-0.0112816
4.04709e-11	-0.0112717
4.04722e-11	-0.0112619
4.04736e-11	-0.011252
4.04749e-11	-0.0112422
4.04763e-11	-0.0112323
4.04776e-11	-0.0112225
4.0479e-11	-0.0112127
4.04803e-11	-0.0112029
4.04817e-11	-0.0111931
4.0483e-11	-0.0111833
4.04844e-11	-0.0111735
4.04858e-11	-0.0111637
4.04871e-11	-0.0111539
4.04885e-11	-0.0111441
4.04898e-11	-0.0111343
4.04912e-11	-0.0111246
4.04925e-11	-0.0111148
4.04939e-11	-0.0111051
4.04952e-11	-0.0110953
4.04966e-11	-0.0110856
4.04979e-11	-0.0110758
4.04993e-11	-0.0110661
4.05006e-11	-0.0110564
4.0502e-11	-0.0110467
4.05033e-11	-0.011037
4.05047e-11	-0.0110273
4.0506e-11	-0.0110176
4.05074e-11	-0.0110079
4.05087e-11	-0.0109982
4.05101e-11	-0.0109886
4.05115e-11	-0.0109789
4.05128e-11	-0.0109692
4.05142e-11	-0.0109596
4.05155e-11	-0.0109499
4.05169e-11	-0.0109403
4.05182e-11	-0.0109307
4.05196e-11	-0.010921
4.05209e-11	-0.0109114
4.05223e-11	-0.0109018
4.05236e-11	-0.0108922
4.0525e-11	-0.0108826
4.05263e-11	-0.010873
4.05277e-11	-0.0108634
4.0529e-11	-0.0108538
4.05304e-11	-0.0108443
4.05317e-11	-0.0108347
4.05331e-11	-0.0108251
4.05344e-11	-0.0108156
4.05358e-11	-0.010806
4.05372e-11	-0.0107965
4.05385e-11	-0.010787
4.05399e-11	-0.0107774
4.05412e-11	-0.0107679
4.05426e-11	-0.0107584
4.05439e-11	-0.0107489
4.05453e-11	-0.0107394
4.05466e-11	-0.0107299
4.0548e-11	-0.0107204
4.05493e-11	-0.0107109
4.05507e-11	-0.0107015
4.0552e-11	-0.010692
4.05534e-11	-0.0106825
4.05547e-11	-0.0106731
4.05561e-11	-0.0106636
4.05574e-11	-0.0106542
4.05588e-11	-0.0106447
4.05601e-11	-0.0106353
4.05615e-11	-0.0106259
4.05629e-11	-0.0106165
4.05642e-11	-0.0106071
4.05656e-11	-0.0105977
4.05669e-11	-0.0105883
4.05683e-11	-0.0105789
4.05696e-11	-0.0105695
4.0571e-11	-0.0105601
4.05723e-11	-0.0105507
4.05737e-11	-0.0105414
4.0575e-11	-0.010532
4.05764e-11	-0.0105227
4.05777e-11	-0.0105133
4.05791e-11	-0.010504
4.05804e-11	-0.0104946
4.05818e-11	-0.0104853
4.05831e-11	-0.010476
4.05845e-11	-0.0104667
4.05858e-11	-0.0104574
4.05872e-11	-0.0104481
4.05886e-11	-0.0104388
4.05899e-11	-0.0104295
4.05913e-11	-0.0104202
4.05926e-11	-0.0104109
4.0594e-11	-0.0104017
4.05953e-11	-0.0103924
4.05967e-11	-0.0103831
4.0598e-11	-0.0103739
4.05994e-11	-0.0103646
4.06007e-11	-0.0103554
4.06021e-11	-0.0103462
4.06034e-11	-0.010337
4.06048e-11	-0.0103277
4.06061e-11	-0.0103185
4.06075e-11	-0.0103093
4.06088e-11	-0.0103001
4.06102e-11	-0.0102909
4.06115e-11	-0.0102817
4.06129e-11	-0.0102726
4.06143e-11	-0.0102634
4.06156e-11	-0.0102542
4.0617e-11	-0.0102451
4.06183e-11	-0.0102359
4.06197e-11	-0.0102268
4.0621e-11	-0.0102176
4.06224e-11	-0.0102085
4.06237e-11	-0.0101994
4.06251e-11	-0.0101902
4.06264e-11	-0.0101811
4.06278e-11	-0.010172
4.06291e-11	-0.0101629
4.06305e-11	-0.0101538
4.06318e-11	-0.0101447
4.06332e-11	-0.0101356
4.06345e-11	-0.0101266
4.06359e-11	-0.0101175
4.06372e-11	-0.0101084
4.06386e-11	-0.0100994
4.064e-11	-0.0100903
4.06413e-11	-0.0100813
4.06427e-11	-0.0100722
4.0644e-11	-0.0100632
4.06454e-11	-0.0100542
4.06467e-11	-0.0100451
4.06481e-11	-0.0100361
4.06494e-11	-0.0100271
4.06508e-11	-0.0100181
4.06521e-11	-0.0100091
4.06535e-11	-0.0100001
4.06548e-11	-0.00999114
4.06562e-11	-0.00998217
4.06575e-11	-0.0099732
4.06589e-11	-0.00996423
4.06602e-11	-0.00995527
4.06616e-11	-0.00994632
4.06629e-11	-0.00993738
4.06643e-11	-0.00992844
4.06657e-11	-0.0099195
4.0667e-11	-0.00991058
4.06684e-11	-0.00990166
4.06697e-11	-0.00989274
4.06711e-11	-0.00988383
4.06724e-11	-0.00987493
4.06738e-11	-0.00986603
4.06751e-11	-0.00985715
4.06765e-11	-0.00984826
4.06778e-11	-0.00983938
4.06792e-11	-0.00983051
4.06805e-11	-0.00982165
4.06819e-11	-0.00981279
4.06832e-11	-0.00980394
4.06846e-11	-0.00979509
4.06859e-11	-0.00978625
4.06873e-11	-0.00977742
4.06886e-11	-0.00976859
4.069e-11	-0.00975977
4.06914e-11	-0.00975096
4.06927e-11	-0.00974215
4.06941e-11	-0.00973335
4.06954e-11	-0.00972455
4.06968e-11	-0.00971576
4.06981e-11	-0.00970698
4.06995e-11	-0.0096982
4.07008e-11	-0.00968943
4.07022e-11	-0.00968066
4.07035e-11	-0.0096719
4.07049e-11	-0.00966315
4.07062e-11	-0.0096544
4.07076e-11	-0.00964566
4.07089e-11	-0.00963693
4.07103e-11	-0.0096282
4.07116e-11	-0.00961948
4.0713e-11	-0.00961076
4.07143e-11	-0.00960205
4.07157e-11	-0.00959335
4.07171e-11	-0.00958465
4.07184e-11	-0.00957596
4.07198e-11	-0.00956727
4.07211e-11	-0.00955859
4.07225e-11	-0.00954992
4.07238e-11	-0.00954125
4.07252e-11	-0.00953259
4.07265e-11	-0.00952394
4.07279e-11	-0.00951529
4.07292e-11	-0.00950665
4.07306e-11	-0.00949801
4.07319e-11	-0.00948938
4.07333e-11	-0.00948076
4.07346e-11	-0.00947214
4.0736e-11	-0.00946353
4.07373e-11	-0.00945492
4.07387e-11	-0.00944632
4.074e-11	-0.00943773
4.07414e-11	-0.00942914
4.07428e-11	-0.00942056
4.07441e-11	-0.00941199
4.07455e-11	-0.00940342
4.07468e-11	-0.00939486
4.07482e-11	-0.0093863
4.07495e-11	-0.00937775
4.07509e-11	-0.0093692
4.07522e-11	-0.00936066
4.07536e-11	-0.00935213
4.07549e-11	-0.00934361
4.07563e-11	-0.00933508
4.07576e-11	-0.00932657
4.0759e-11	-0.00931806
4.07603e-11	-0.00930956
4.07617e-11	-0.00930106
4.0763e-11	-0.00929257
4.07644e-11	-0.00928409
4.07657e-11	-0.00927561
4.07671e-11	-0.00926714
4.07685e-11	-0.00925867
4.07698e-11	-0.00925021
4.07712e-11	-0.00924176
4.07725e-11	-0.00923331
4.07739e-11	-0.00922487
4.07752e-11	-0.00921644
4.07766e-11	-0.00920801
4.07779e-11	-0.00919958
4.07793e-11	-0.00919116
4.07806e-11	-0.00918275
4.0782e-11	-0.00917435
4.07833e-11	-0.00916595
4.07847e-11	-0.00915755
4.0786e-11	-0.00914917
4.07874e-11	-0.00914078
4.07887e-11	-0.00913241
4.07901e-11	-0.00912404
4.07914e-11	-0.00911568
4.07928e-11	-0.00910732
4.07942e-11	-0.00909897
4.07955e-11	-0.00909062
4.07969e-11	-0.00908228
4.07982e-11	-0.00907395
4.07996e-11	-0.00906562
4.08009e-11	-0.0090573
4.08023e-11	-0.00904898
4.08036e-11	-0.00904067
4.0805e-11	-0.00903237
4.08063e-11	-0.00902407
4.08077e-11	-0.00901578
4.0809e-11	-0.00900749
4.08104e-11	-0.00899921
4.08117e-11	-0.00899094
4.08131e-11	-0.00898267
4.08144e-11	-0.00897441
4.08158e-11	-0.00896615
4.08171e-11	-0.0089579
4.08185e-11	-0.00894966
4.08199e-11	-0.00894142
4.08212e-11	-0.00893319
4.08226e-11	-0.00892496
4.08239e-11	-0.00891674
4.08253e-11	-0.00890852
4.08266e-11	-0.00890032
4.0828e-11	-0.00889211
4.08293e-11	-0.00888392
4.08307e-11	-0.00887572
4.0832e-11	-0.00886754
4.08334e-11	-0.00885936
4.08347e-11	-0.00885119
4.08361e-11	-0.00884302
4.08374e-11	-0.00883486
4.08388e-11	-0.0088267
4.08401e-11	-0.00881855
4.08415e-11	-0.00881041
4.08428e-11	-0.00880227
4.08442e-11	-0.00879414
4.08456e-11	-0.00878601
4.08469e-11	-0.00877789
4.08483e-11	-0.00876978
4.08496e-11	-0.00876167
4.0851e-11	-0.00875357
4.08523e-11	-0.00874547
4.08537e-11	-0.00873738
4.0855e-11	-0.00872929
4.08564e-11	-0.00872121
4.08577e-11	-0.00871314
4.08591e-11	-0.00870507
4.08604e-11	-0.00869701
4.08618e-11	-0.00868895
4.08631e-11	-0.0086809
4.08645e-11	-0.00867286
4.08658e-11	-0.00866482
4.08672e-11	-0.00865679
4.08685e-11	-0.00864876
4.08699e-11	-0.00864074
4.08713e-11	-0.00863273
4.08726e-11	-0.00862472
4.0874e-11	-0.00861671
4.08753e-11	-0.00860872
4.08767e-11	-0.00860072
4.0878e-11	-0.00859274
4.08794e-11	-0.00858476
4.08807e-11	-0.00857678
4.08821e-11	-0.00856881
4.08834e-11	-0.00856085
4.08848e-11	-0.00855289
4.08861e-11	-0.00854494
4.08875e-11	-0.008537
4.08888e-11	-0.00852906
4.08902e-11	-0.00852112
4.08915e-11	-0.0085132
4.08929e-11	-0.00850527
4.08942e-11	-0.00849736
4.08956e-11	-0.00848945
4.0897e-11	-0.00848154
4.08983e-11	-0.00847364
4.08997e-11	-0.00846575
4.0901e-11	-0.00845786
4.09024e-11	-0.00844998
4.09037e-11	-0.0084421
4.09051e-11	-0.00843423
4.09064e-11	-0.00842637
4.09078e-11	-0.00841851
4.09091e-11	-0.00841066
4.09105e-11	-0.00840281
4.09118e-11	-0.00839497
4.09132e-11	-0.00838713
4.09145e-11	-0.0083793
4.09159e-11	-0.00837148
4.09172e-11	-0.00836366
4.09186e-11	-0.00835584
4.09199e-11	-0.00834804
4.09213e-11	-0.00834024
4.09227e-11	-0.00833244
4.0924e-11	-0.00832465
4.09254e-11	-0.00831687
4.09267e-11	-0.00830909
4.09281e-11	-0.00830131
4.09294e-11	-0.00829355
4.09308e-11	-0.00828579
4.09321e-11	-0.00827803
4.09335e-11	-0.00827028
4.09348e-11	-0.00826253
4.09362e-11	-0.0082548
4.09375e-11	-0.00824706
4.09389e-11	-0.00823933
4.09402e-11	-0.00823161
4.09416e-11	-0.0082239
4.09429e-11	-0.00821619
4.09443e-11	-0.00820848
4.09456e-11	-0.00820078
4.0947e-11	-0.00819309
4.09484e-11	-0.0081854
4.09497e-11	-0.00817772
4.09511e-11	-0.00817004
4.09524e-11	-0.00816237
4.09538e-11	-0.00815471
4.09551e-11	-0.00814705
4.09565e-11	-0.00813939
4.09578e-11	-0.00813174
4.09592e-11	-0.0081241
4.09605e-11	-0.00811646
4.09619e-11	-0.00810883
4.09632e-11	-0.00810121
4.09646e-11	-0.00809359
4.09659e-11	-0.00808597
4.09673e-11	-0.00807836
4.09686e-11	-0.00807076
4.097e-11	-0.00806316
4.09713e-11	-0.00805557
4.09727e-11	-0.00804798
4.09741e-11	-0.0080404
4.09754e-11	-0.00803283
4.09768e-11	-0.00802526
4.09781e-11	-0.00801769
4.09795e-11	-0.00801014
4.09808e-11	-0.00800258
4.09822e-11	-0.00799504
4.09835e-11	-0.00798749
4.09849e-11	-0.00797996
4.09862e-11	-0.00797243
4.09876e-11	-0.0079649
4.09889e-11	-0.00795738
4.09903e-11	-0.00794987
4.09916e-11	-0.00794236
4.0993e-11	-0.00793486
4.09943e-11	-0.00792736
4.09957e-11	-0.00791987
4.09971e-11	-0.00791239
4.09984e-11	-0.0079049
4.09998e-11	-0.00789743
4.10011e-11	-0.00788996
4.10025e-11	-0.0078825
4.10038e-11	-0.00787504
4.10052e-11	-0.00786759
4.10065e-11	-0.00786014
4.10079e-11	-0.0078527
4.10092e-11	-0.00784526
4.10106e-11	-0.00783783
4.10119e-11	-0.00783041
4.10133e-11	-0.00782299
4.10146e-11	-0.00781557
4.1016e-11	-0.00780816
4.10173e-11	-0.00780076
4.10187e-11	-0.00779336
4.102e-11	-0.00778597
4.10214e-11	-0.00777859
4.10228e-11	-0.00777121
4.10241e-11	-0.00776383
4.10255e-11	-0.00775646
4.10268e-11	-0.0077491
4.10282e-11	-0.00774174
4.10295e-11	-0.00773438
4.10309e-11	-0.00772704
4.10322e-11	-0.00771969
4.10336e-11	-0.00771236
4.10349e-11	-0.00770503
4.10363e-11	-0.0076977
4.10376e-11	-0.00769038
4.1039e-11	-0.00768306
4.10403e-11	-0.00767575
4.10417e-11	-0.00766845
4.1043e-11	-0.00766115
4.10444e-11	-0.00765386
4.10457e-11	-0.00764657
4.10471e-11	-0.00763929
4.10485e-11	-0.00763201
4.10498e-11	-0.00762474
4.10512e-11	-0.00761748
4.10525e-11	-0.00761022
4.10539e-11	-0.00760296
4.10552e-11	-0.00759571
4.10566e-11	-0.00758847
4.10579e-11	-0.00758123
4.10593e-11	-0.00757399
4.10606e-11	-0.00756677
4.1062e-11	-0.00755954
4.10633e-11	-0.00755233
4.10647e-11	-0.00754512
4.1066e-11	-0.00753791
4.10674e-11	-0.00753071
4.10687e-11	-0.00752351
4.10701e-11	-0.00751632
4.10714e-11	-0.00750914
4.10728e-11	-0.00750196
4.10742e-11	-0.00749479
4.10755e-11	-0.00748762
4.10769e-11	-0.00748046
4.10782e-11	-0.0074733
4.10796e-11	-0.00746615
4.10809e-11	-0.007459
4.10823e-11	-0.00745186
4.10836e-11	-0.00744472
4.1085e-11	-0.00743759
4.10863e-11	-0.00743047
4.10877e-11	-0.00742335
4.1089e-11	-0.00741623
4.10904e-11	-0.00740912
4.10917e-11	-0.00740202
4.10931e-11	-0.00739492
4.10944e-11	-0.00738783
4.10958e-11	-0.00738074
4.10971e-11	-0.00737366
4.10985e-11	-0.00736658
4.10999e-11	-0.00735951
4.11012e-11	-0.00735244
4.11026e-11	-0.00734538
4.11039e-11	-0.00733833
4.11053e-11	-0.00733128
4.11066e-11	-0.00732423
4.1108e-11	-0.00731719
4.11093e-11	-0.00731016
4.11107e-11	-0.00730313
4.1112e-11	-0.0072961
4.11134e-11	-0.00728909
4.11147e-11	-0.00728207
4.11161e-11	-0.00727506
4.11174e-11	-0.00726806
4.11188e-11	-0.00726107
4.11201e-11	-0.00725407
4.11215e-11	-0.00724709
4.11228e-11	-0.00724011
4.11242e-11	-0.00723313
4.11256e-11	-0.00722616
4.11269e-11	-0.00721919
4.11283e-11	-0.00721223
4.11296e-11	-0.00720528
4.1131e-11	-0.00719833
4.11323e-11	-0.00719139
4.11337e-11	-0.00718445
4.1135e-11	-0.00717751
4.11364e-11	-0.00717058
4.11377e-11	-0.00716366
4.11391e-11	-0.00715674
4.11404e-11	-0.00714983
4.11418e-11	-0.00714292
4.11431e-11	-0.00713602
4.11445e-11	-0.00712912
4.11458e-11	-0.00712223
4.11472e-11	-0.00711535
4.11485e-11	-0.00710847
4.11499e-11	-0.00710159
4.11513e-11	-0.00709472
4.11526e-11	-0.00708785
4.1154e-11	-0.00708099
4.11553e-11	-0.00707414
4.11567e-11	-0.00706729
4.1158e-11	-0.00706044
4.11594e-11	-0.00705361
4.11607e-11	-0.00704677
4.11621e-11	-0.00703994
4.11634e-11	-0.00703312
4.11648e-11	-0.0070263
4.11661e-11	-0.00701949
4.11675e-11	-0.00701268
4.11688e-11	-0.00700588
4.11702e-11	-0.00699908
4.11715e-11	-0.00699229
4.11729e-11	-0.0069855
4.11742e-11	-0.00697872
4.11756e-11	-0.00697194
4.1177e-11	-0.00696517
4.11783e-11	-0.0069584
4.11797e-11	-0.00695164
4.1181e-11	-0.00694489
4.11824e-11	-0.00693813
4.11837e-11	-0.00693139
4.11851e-11	-0.00692465
4.11864e-11	-0.00691791
4.11878e-11	-0.00691118
4.11891e-11	-0.00690446
4.11905e-11	-0.00689774
4.11918e-11	-0.00689102
4.11932e-11	-0.00688431
4.11945e-11	-0.00687761
4.11959e-11	-0.00687091
4.11972e-11	-0.00686422
4.11986e-11	-0.00685753
4.11999e-11	-0.00685084
4.12013e-11	-0.00684416
4.12027e-11	-0.00683749
4.1204e-11	-0.00683082
4.12054e-11	-0.00682416
4.12067e-11	-0.0068175
4.12081e-11	-0.00681085
4.12094e-11	-0.0068042
4.12108e-11	-0.00679756
4.12121e-11	-0.00679092
4.12135e-11	-0.00678429
4.12148e-11	-0.00677766
4.12162e-11	-0.00677104
4.12175e-11	-0.00676442
4.12189e-11	-0.00675781
4.12202e-11	-0.0067512
4.12216e-11	-0.0067446
4.12229e-11	-0.006738
4.12243e-11	-0.00673141
4.12256e-11	-0.00672482
4.1227e-11	-0.00671824
4.12284e-11	-0.00671166
4.12297e-11	-0.00670509
4.12311e-11	-0.00669853
4.12324e-11	-0.00669196
4.12338e-11	-0.00668541
4.12351e-11	-0.00667886
4.12365e-11	-0.00667231
4.12378e-11	-0.00666577
4.12392e-11	-0.00665923
4.12405e-11	-0.0066527
4.12419e-11	-0.00664618
4.12432e-11	-0.00663965
4.12446e-11	-0.00663314
4.12459e-11	-0.00662663
4.12473e-11	-0.00662012
4.12486e-11	-0.00661362
4.125e-11	-0.00660713
4.12513e-11	-0.00660064
4.12527e-11	-0.00659415
4.12541e-11	-0.00658767
4.12554e-11	-0.00658119
4.12568e-11	-0.00657472
4.12581e-11	-0.00656826
4.12595e-11	-0.0065618
4.12608e-11	-0.00655534
4.12622e-11	-0.00654889
4.12635e-11	-0.00654244
4.12649e-11	-0.006536
4.12662e-11	-0.00652957
4.12676e-11	-0.00652314
4.12689e-11	-0.00651671
4.12703e-11	-0.00651029
4.12716e-11	-0.00650388
4.1273e-11	-0.00649747
4.12743e-11	-0.00649106
4.12757e-11	-0.00648466
4.1277e-11	-0.00647826
4.12784e-11	-0.00647187
4.12798e-11	-0.00646549
4.12811e-11	-0.00645911
4.12825e-11	-0.00645273
4.12838e-11	-0.00644636
4.12852e-11	-0.00644
4.12865e-11	-0.00643363
4.12879e-11	-0.00642728
4.12892e-11	-0.00642093
4.12906e-11	-0.00641458
4.12919e-11	-0.00640824
4.12933e-11	-0.0064019
4.12946e-11	-0.00639557
4.1296e-11	-0.00638925
4.12973e-11	-0.00638293
4.12987e-11	-0.00637661
4.13e-11	-0.0063703
4.13014e-11	-0.00636399
4.13027e-11	-0.00635769
4.13041e-11	-0.00635139
4.13055e-11	-0.0063451
4.13068e-11	-0.00633882
4.13082e-11	-0.00633253
4.13095e-11	-0.00632626
4.13109e-11	-0.00631999
4.13122e-11	-0.00631372
4.13136e-11	-0.00630746
4.13149e-11	-0.0063012
4.13163e-11	-0.00629495
4.13176e-11	-0.0062887
4.1319e-11	-0.00628246
4.13203e-11	-0.00627622
4.13217e-11	-0.00626999
4.1323e-11	-0.00626376
4.13244e-11	-0.00625754
4.13257e-11	-0.00625132
4.13271e-11	-0.0062451
4.13284e-11	-0.0062389
4.13298e-11	-0.00623269
4.13312e-11	-0.00622649
4.13325e-11	-0.0062203
4.13339e-11	-0.00621411
4.13352e-11	-0.00620793
4.13366e-11	-0.00620175
4.13379e-11	-0.00619557
4.13393e-11	-0.0061894
4.13406e-11	-0.00618324
4.1342e-11	-0.00617708
4.13433e-11	-0.00617092
4.13447e-11	-0.00616477
4.1346e-11	-0.00615863
4.13474e-11	-0.00615249
4.13487e-11	-0.00614635
4.13501e-11	-0.00614022
4.13514e-11	-0.0061341
4.13528e-11	-0.00612798
4.13541e-11	-0.00612186
4.13555e-11	-0.00611575
4.13569e-11	-0.00610964
4.13582e-11	-0.00610354
4.13596e-11	-0.00609744
4.13609e-11	-0.00609135
4.13623e-11	-0.00608526
4.13636e-11	-0.00607918
4.1365e-11	-0.0060731
4.13663e-11	-0.00606703
4.13677e-11	-0.00606096
4.1369e-11	-0.0060549
4.13704e-11	-0.00604884
4.13717e-11	-0.00604279
4.13731e-11	-0.00603674
4.13744e-11	-0.00603069
4.13758e-11	-0.00602465
4.13771e-11	-0.00601862
4.13785e-11	-0.00601259
4.13798e-11	-0.00600656
4.13812e-11	-0.00600054
4.13826e-11	-0.00599453
4.13839e-11	-0.00598852
4.13853e-11	-0.00598251
4.13866e-11	-0.00597651
4.1388e-11	-0.00597051
4.13893e-11	-0.00596452
4.13907e-11	-0.00595854
4.1392e-11	-0.00595255
4.13934e-11	-0.00594658
4.13947e-11	-0.0059406
4.13961e-11	-0.00593463
4.13974e-11	-0.00592867
4.13988e-11	-0.00592271
4.14001e-11	-0.00591676
4.14015e-11	-0.00591081
4.14028e-11	-0.00590487
4.14042e-11	-0.00589893
4.14055e-11	-0.00589299
4.14069e-11	-0.00588706
4.14083e-11	-0.00588114
4.14096e-11	-0.00587521
4.1411e-11	-0.0058693
4.14123e-11	-0.00586339
4.14137e-11	-0.00585748
4.1415e-11	-0.00585158
4.14164e-11	-0.00584568
4.14177e-11	-0.00583979
4.14191e-11	-0.0058339
4.14204e-11	-0.00582802
4.14218e-11	-0.00582214
4.14231e-11	-0.00581627
4.14245e-11	-0.0058104
4.14258e-11	-0.00580453
4.14272e-11	-0.00579867
4.14285e-11	-0.00579282
4.14299e-11	-0.00578697
4.14312e-11	-0.00578112
4.14326e-11	-0.00577528
4.1434e-11	-0.00576944
4.14353e-11	-0.00576361
4.14367e-11	-0.00575779
4.1438e-11	-0.00575196
4.14394e-11	-0.00574615
4.14407e-11	-0.00574033
4.14421e-11	-0.00573452
4.14434e-11	-0.00572872
4.14448e-11	-0.00572292
4.14461e-11	-0.00571713
4.14475e-11	-0.00571134
4.14488e-11	-0.00570555
4.14502e-11	-0.00569977
4.14515e-11	-0.00569399
4.14529e-11	-0.00568822
4.14542e-11	-0.00568246
4.14556e-11	-0.00567669
4.14569e-11	-0.00567094
4.14583e-11	-0.00566518
4.14597e-11	-0.00565944
4.1461e-11	-0.00565369
4.14624e-11	-0.00564795
4.14637e-11	-0.00564222
4.14651e-11	-0.00563649
4.14664e-11	-0.00563076
4.14678e-11	-0.00562504
4.14691e-11	-0.00561933
4.14705e-11	-0.00561362
4.14718e-11	-0.00560791
4.14732e-11	-0.00560221
4.14745e-11	-0.00559651
4.14759e-11	-0.00559082
4.14772e-11	-0.00558513
4.14786e-11	-0.00557944
4.14799e-11	-0.00557376
4.14813e-11	-0.00556809
4.14826e-11	-0.00556242
4.1484e-11	-0.00555675
4.14854e-11	-0.00555109
4.14867e-11	-0.00554544
4.14881e-11	-0.00553978
4.14894e-11	-0.00553414
4.14908e-11	-0.00552849
4.14921e-11	-0.00552286
4.14935e-11	-0.00551722
4.14948e-11	-0.00551159
4.14962e-11	-0.00550597
4.14975e-11	-0.00550035
4.14989e-11	-0.00549473
4.15002e-11	-0.00548912
4.15016e-11	-0.00548351
4.15029e-11	-0.00547791
4.15043e-11	-0.00547232
4.15056e-11	-0.00546672
4.1507e-11	-0.00546113
4.15083e-11	-0.00545555
4.15097e-11	-0.00544997
4.15111e-11	-0.0054444
4.15124e-11	-0.00543883
4.15138e-11	-0.00543326
4.15151e-11	-0.0054277
4.15165e-11	-0.00542214
4.15178e-11	-0.00541659
4.15192e-11	-0.00541104
4.15205e-11	-0.0054055
4.15219e-11	-0.00539996
4.15232e-11	-0.00539442
4.15246e-11	-0.00538889
4.15259e-11	-0.00538337
4.15273e-11	-0.00537785
4.15286e-11	-0.00537233
4.153e-11	-0.00536682
4.15313e-11	-0.00536131
4.15327e-11	-0.00535581
4.1534e-11	-0.00535031
4.15354e-11	-0.00534482
4.15368e-11	-0.00533933
4.15381e-11	-0.00533384
4.15395e-11	-0.00532836
4.15408e-11	-0.00532289
4.15422e-11	-0.00531741
4.15435e-11	-0.00531195
4.15449e-11	-0.00530648
4.15462e-11	-0.00530102
4.15476e-11	-0.00529557
4.15489e-11	-0.00529012
4.15503e-11	-0.00528468
4.15516e-11	-0.00527924
4.1553e-11	-0.0052738
4.15543e-11	-0.00526837
4.15557e-11	-0.00526294
4.1557e-11	-0.00525752
4.15584e-11	-0.0052521
4.15597e-11	-0.00524668
4.15611e-11	-0.00524127
4.15625e-11	-0.00523587
4.15638e-11	-0.00523047
4.15652e-11	-0.00522507
4.15665e-11	-0.00521968
4.15679e-11	-0.00521429
4.15692e-11	-0.00520891
4.15706e-11	-0.00520353
4.15719e-11	-0.00519815
4.15733e-11	-0.00519278
4.15746e-11	-0.00518742
4.1576e-11	-0.00518206
4.15773e-11	-0.0051767
4.15787e-11	-0.00517135
4.158e-11	-0.005166
4.15814e-11	-0.00516066
4.15827e-11	-0.00515532
4.15841e-11	-0.00514998
4.15854e-11	-0.00514465
4.15868e-11	-0.00513932
4.15882e-11	-0.005134
4.15895e-11	-0.00512868
4.15909e-11	-0.00512337
4.15922e-11	-0.00511806
4.15936e-11	-0.00511276
4.15949e-11	-0.00510746
4.15963e-11	-0.00510216
4.15976e-11	-0.00509687
4.1599e-11	-0.00509158
4.16003e-11	-0.0050863
4.16017e-11	-0.00508102
4.1603e-11	-0.00507575
4.16044e-11	-0.00507048
4.16057e-11	-0.00506521
4.16071e-11	-0.00505995
4.16084e-11	-0.00505469
4.16098e-11	-0.00504944
4.16111e-11	-0.00504419
4.16125e-11	-0.00503895
4.16139e-11	-0.00503371
4.16152e-11	-0.00502847
4.16166e-11	-0.00502324
4.16179e-11	-0.00501802
4.16193e-11	-0.00501279
4.16206e-11	-0.00500758
4.1622e-11	-0.00500236
4.16233e-11	-0.00499715
4.16247e-11	-0.00499195
4.1626e-11	-0.00498675
4.16274e-11	-0.00498155
4.16287e-11	-0.00497636
4.16301e-11	-0.00497117
4.16314e-11	-0.00496599
4.16328e-11	-0.00496081
4.16341e-11	-0.00495563
4.16355e-11	-0.00495046
4.16368e-11	-0.00494529
4.16382e-11	-0.00494013
4.16396e-11	-0.00493497
4.16409e-11	-0.00492982
4.16423e-11	-0.00492467
4.16436e-11	-0.00491953
4.1645e-11	-0.00491438
4.16463e-11	-0.00490925
4.16477e-11	-0.00490412
4.1649e-11	-0.00489899
4.16504e-11	-0.00489386
4.16517e-11	-0.00488874
4.16531e-11	-0.00488363
4.16544e-11	-0.00487852
4.16558e-11	-0.00487341
4.16571e-11	-0.00486831
4.16585e-11	-0.00486321
4.16598e-11	-0.00485811
4.16612e-11	-0.00485302
4.16625e-11	-0.00484794
4.16639e-11	-0.00484285
4.16653e-11	-0.00483778
4.16666e-11	-0.0048327
4.1668e-11	-0.00482763
4.16693e-11	-0.00482257
4.16707e-11	-0.00481751
4.1672e-11	-0.00481245
4.16734e-11	-0.0048074
4.16747e-11	-0.00480235
4.16761e-11	-0.00479731
4.16774e-11	-0.00479227
4.16788e-11	-0.00478723
4.16801e-11	-0.0047822
4.16815e-11	-0.00477717
4.16828e-11	-0.00477215
4.16842e-11	-0.00476713
4.16855e-11	-0.00476212
4.16869e-11	-0.00475711
4.16882e-11	-0.0047521
4.16896e-11	-0.0047471
4.1691e-11	-0.0047421
4.16923e-11	-0.00473711
4.16937e-11	-0.00473212
4.1695e-11	-0.00472713
4.16964e-11	-0.00472215
4.16977e-11	-0.00471717
4.16991e-11	-0.0047122
4.17004e-11	-0.00470723
4.17018e-11	-0.00470227
4.17031e-11	-0.00469731
4.17045e-11	-0.00469235
4.17058e-11	-0.0046874
4.17072e-11	-0.00468245
4.17085e-11	-0.0046775
4.17099e-11	-0.00467257
4.17112e-11	-0.00466763
4.17126e-11	-0.0046627
4.17139e-11	-0.00465777
4.17153e-11	-0.00465285
4.17167e-11	-0.00464793
4.1718e-11	-0.00464301
4.17194e-11	-0.0046381
4.17207e-11	-0.00463319
4.17221e-11	-0.00462829
4.17234e-11	-0.00462339
4.17248e-11	-0.0046185
4.17261e-11	-0.00461361
4.17275e-11	-0.00460872
4.17288e-11	-0.00460384
4.17302e-11	-0.00459896
4.17315e-11	-0.00459409
4.17329e-11	-0.00458922
4.17342e-11	-0.00458435
4.17356e-11	-0.00457949
4.17369e-11	-0.00457463
4.17383e-11	-0.00456978
4.17396e-11	-0.00456493
4.1741e-11	-0.00456008
4.17424e-11	-0.00455524
4.17437e-11	-0.0045504
4.17451e-11	-0.00454557
4.17464e-11	-0.00454074
4.17478e-11	-0.00453591
4.17491e-11	-0.00453109
4.17505e-11	-0.00452628
4.17518e-11	-0.00452146
4.17532e-11	-0.00451665
4.17545e-11	-0.00451185
4.17559e-11	-0.00450705
4.17572e-11	-0.00450225
4.17586e-11	-0.00449746
4.17599e-11	-0.00449267
4.17613e-11	-0.00448789
4.17626e-11	-0.0044831
4.1764e-11	-0.00447833
4.17653e-11	-0.00447355
4.17667e-11	-0.00446879
4.17681e-11	-0.00446402
4.17694e-11	-0.00445926
4.17708e-11	-0.0044545
4.17721e-11	-0.00444975
4.17735e-11	-0.004445
4.17748e-11	-0.00444026
4.17762e-11	-0.00443552
4.17775e-11	-0.00443078
4.17789e-11	-0.00442605
4.17802e-11	-0.00442132
4.17816e-11	-0.0044166
4.17829e-11	-0.00441188
4.17843e-11	-0.00440716
4.17856e-11	-0.00440245
4.1787e-11	-0.00439774
4.17883e-11	-0.00439303
4.17897e-11	-0.00438833
4.1791e-11	-0.00438364
4.17924e-11	-0.00437894
4.17938e-11	-0.00437425
4.17951e-11	-0.00436957
4.17965e-11	-0.00436489
4.17978e-11	-0.00436021
4.17992e-11	-0.00435554
4.18005e-11	-0.00435087
4.18019e-11	-0.00434621
4.18032e-11	-0.00434154
4.18046e-11	-0.00433689
4.18059e-11	-0.00433223
4.18073e-11	-0.00432758
4.18086e-11	-0.00432294
4.181e-11	-0.0043183
4.18113e-11	-0.00431366
4.18127e-11	-0.00430903
4.1814e-11	-0.0043044
4.18154e-11	-0.00429977
4.18167e-11	-0.00429515
4.18181e-11	-0.00429053
4.18195e-11	-0.00428592
4.18208e-11	-0.00428131
4.18222e-11	-0.0042767
4.18235e-11	-0.0042721
4.18249e-11	-0.00426751
4.18262e-11	-0.00426291
4.18276e-11	-0.00425832
4.18289e-11	-0.00425373
4.18303e-11	-0.00424915
4.18316e-11	-0.00424457
4.1833e-11	-0.00424
4.18343e-11	-0.00423543
4.18357e-11	-0.00423086
4.1837e-11	-0.0042263
4.18384e-11	-0.00422174
4.18397e-11	-0.00421719
4.18411e-11	-0.00421263
4.18424e-11	-0.00420809
4.18438e-11	-0.00420354
4.18452e-11	-0.004199
4.18465e-11	-0.00419447
4.18479e-11	-0.00418994
4.18492e-11	-0.00418541
4.18506e-11	-0.00418088
4.18519e-11	-0.00417636
4.18533e-11	-0.00417185
4.18546e-11	-0.00416734
4.1856e-11	-0.00416283
4.18573e-11	-0.00415832
4.18587e-11	-0.00415382
4.186e-11	-0.00414933
4.18614e-11	-0.00414483
4.18627e-11	-0.00414034
4.18641e-11	-0.00413586
4.18654e-11	-0.00413138
4.18668e-11	-0.0041269
4.18681e-11	-0.00412242
4.18695e-11	-0.00411795
4.18709e-11	-0.00411349
4.18722e-11	-0.00410903
4.18736e-11	-0.00410457
4.18749e-11	-0.00410011
4.18763e-11	-0.00409566
4.18776e-11	-0.00409121
4.1879e-11	-0.00408677
4.18803e-11	-0.00408233
4.18817e-11	-0.0040779
4.1883e-11	-0.00407346
4.18844e-11	-0.00406904
4.18857e-11	-0.00406461
4.18871e-11	-0.00406019
4.18884e-11	-0.00405577
4.18898e-11	-0.00405136
4.18911e-11	-0.00404695
4.18925e-11	-0.00404255
4.18938e-11	-0.00403815
4.18952e-11	-0.00403375
4.18966e-11	-0.00402935
4.18979e-11	-0.00402496
4.18993e-11	-0.00402058
4.19006e-11	-0.0040162
4.1902e-11	-0.00401182
4.19033e-11	-0.00400744
4.19047e-11	-0.00400307
4.1906e-11	-0.0039987
4.19074e-11	-0.00399434
4.19087e-11	-0.00398998
4.19101e-11	-0.00398562
4.19114e-11	-0.00398127
4.19128e-11	-0.00397692
4.19141e-11	-0.00397258
4.19155e-11	-0.00396824
4.19168e-11	-0.0039639
4.19182e-11	-0.00395957
4.19195e-11	-0.00395524
4.19209e-11	-0.00395091
4.19223e-11	-0.00394659
4.19236e-11	-0.00394227
4.1925e-11	-0.00393795
4.19263e-11	-0.00393364
4.19277e-11	-0.00392934
4.1929e-11	-0.00392503
4.19304e-11	-0.00392073
4.19317e-11	-0.00391644
4.19331e-11	-0.00391214
4.19344e-11	-0.00390785
4.19358e-11	-0.00390357
4.19371e-11	-0.00389929
4.19385e-11	-0.00389501
4.19398e-11	-0.00389074
4.19412e-11	-0.00388647
4.19425e-11	-0.0038822
4.19439e-11	-0.00387794
4.19452e-11	-0.00387368
4.19466e-11	-0.00386942
4.1948e-11	-0.00386517
4.19493e-11	-0.00386092
4.19507e-11	-0.00385668
4.1952e-11	-0.00385244
4.19534e-11	-0.0038482
4.19547e-11	-0.00384397
4.19561e-11	-0.00383974
4.19574e-11	-0.00383551
4.19588e-11	-0.00383129
4.19601e-11	-0.00382707
4.19615e-11	-0.00382286
4.19628e-11	-0.00381865
4.19642e-11	-0.00381444
4.19655e-11	-0.00381023
4.19669e-11	-0.00380603
4.19682e-11	-0.00380184
4.19696e-11	-0.00379764
4.19709e-11	-0.00379345
4.19723e-11	-0.00378927
4.19737e-11	-0.00378509
4.1975e-11	-0.00378091
4.19764e-11	-0.00377673
4.19777e-11	-0.00377256
4.19791e-11	-0.0037684
4.19804e-11	-0.00376423
4.19818e-11	-0.00376007
4.19831e-11	-0.00375592
4.19845e-11	-0.00375176
4.19858e-11	-0.00374761
4.19872e-11	-0.00374347
4.19885e-11	-0.00373933
4.19899e-11	-0.00373519
4.19912e-11	-0.00373105
4.19926e-11	-0.00372692
4.19939e-11	-0.00372279
4.19953e-11	-0.00371867
4.19966e-11	-0.00371455
4.1998e-11	-0.00371043
4.19994e-11	-0.00370632
4.20007e-11	-0.00370221
4.20021e-11	-0.00369811
4.20034e-11	-0.003694
4.20048e-11	-0.0036899
4.20061e-11	-0.00368581
4.20075e-11	-0.00368172
4.20088e-11	-0.00367763
4.20102e-11	-0.00367355
4.20115e-11	-0.00366946
4.20129e-11	-0.00366539
4.20142e-11	-0.00366131
4.20156e-11	-0.00365724
4.20169e-11	-0.00365318
4.20183e-11	-0.00364912
4.20196e-11	-0.00364506
4.2021e-11	-0.003641
4.20223e-11	-0.00363695
4.20237e-11	-0.0036329
4.20251e-11	-0.00362885
4.20264e-11	-0.00362481
4.20278e-11	-0.00362077
4.20291e-11	-0.00361674
4.20305e-11	-0.00361271
4.20318e-11	-0.00360868
4.20332e-11	-0.00360466
4.20345e-11	-0.00360064
4.20359e-11	-0.00359662
4.20372e-11	-0.00359261
4.20386e-11	-0.0035886
4.20399e-11	-0.00358459
4.20413e-11	-0.00358059
4.20426e-11	-0.00357659
4.2044e-11	-0.0035726
4.20453e-11	-0.0035686
4.20467e-11	-0.00356462
4.2048e-11	-0.00356063
4.20494e-11	-0.00355665
4.20508e-11	-0.00355267
4.20521e-11	-0.0035487
4.20535e-11	-0.00354473
4.20548e-11	-0.00354076
4.20562e-11	-0.0035368
4.20575e-11	-0.00353284
4.20589e-11	-0.00352888
4.20602e-11	-0.00352493
4.20616e-11	-0.00352098
4.20629e-11	-0.00351703
4.20643e-11	-0.00351309
4.20656e-11	-0.00350915
4.2067e-11	-0.00350521
4.20683e-11	-0.00350128
4.20697e-11	-0.00349735
4.2071e-11	-0.00349343
4.20724e-11	-0.0034895
4.20737e-11	-0.00348559
4.20751e-11	-0.00348167
4.20765e-11	-0.00347776
4.20778e-11	-0.00347385
4.20792e-11	-0.00346995
4.20805e-11	-0.00346605
4.20819e-11	-0.00346215
4.20832e-11	-0.00345825
4.20846e-11	-0.00345436
4.20859e-11	-0.00345048
4.20873e-11	-0.00344659
4.20886e-11	-0.00344271
4.209e-11	-0.00343883
4.20913e-11	-0.00343496
4.20927e-11	-0.00343109
4.2094e-11	-0.00342722
4.20954e-11	-0.00342336
4.20967e-11	-0.0034195
4.20981e-11	-0.00341565
4.20994e-11	-0.00341179
4.21008e-11	-0.00340794
4.21022e-11	-0.0034041
4.21035e-11	-0.00340025
4.21049e-11	-0.00339642
4.21062e-11	-0.00339258
4.21076e-11	-0.00338875
4.21089e-11	-0.00338492
4.21103e-11	-0.00338109
4.21116e-11	-0.00337727
4.2113e-11	-0.00337345
4.21143e-11	-0.00336964
4.21157e-11	-0.00336583
4.2117e-11	-0.00336202
4.21184e-11	-0.00335821
4.21197e-11	-0.00335441
4.21211e-11	-0.00335061
4.21224e-11	-0.00334682
4.21238e-11	-0.00334303
4.21251e-11	-0.00333924
4.21265e-11	-0.00333545
4.21279e-11	-0.00333167
4.21292e-11	-0.00332789
4.21306e-11	-0.00332412
4.21319e-11	-0.00332035
4.21333e-11	-0.00331658
4.21346e-11	-0.00331282
4.2136e-11	-0.00330906
4.21373e-11	-0.0033053
4.21387e-11	-0.00330154
4.214e-11	-0.00329779
4.21414e-11	-0.00329405
4.21427e-11	-0.0032903
4.21441e-11	-0.00328656
4.21454e-11	-0.00328282
4.21468e-11	-0.00327909
4.21481e-11	-0.00327536
4.21495e-11	-0.00327163
4.21508e-11	-0.00326791
4.21522e-11	-0.00326419
4.21536e-11	-0.00326047
4.21549e-11	-0.00325675
4.21563e-11	-0.00325304
4.21576e-11	-0.00324934
4.2159e-11	-0.00324563
4.21603e-11	-0.00324193
4.21617e-11	-0.00323823
4.2163e-11	-0.00323454
4.21644e-11	-0.00323085
4.21657e-11	-0.00322716
4.21671e-11	-0.00322348
4.21684e-11	-0.0032198
4.21698e-11	-0.00321612
4.21711e-11	-0.00321245
4.21725e-11	-0.00320877
4.21738e-11	-0.00320511
4.21752e-11	-0.00320144
4.21765e-11	-0.00319778
4.21779e-11	-0.00319412
4.21793e-11	-0.00319047
4.21806e-11	-0.00318682
4.2182e-11	-0.00318317
4.21833e-11	-0.00317953
4.21847e-11	-0.00317588
4.2186e-11	-0.00317225
4.21874e-11	-0.00316861
4.21887e-11	-0.00316498
4.21901e-11	-0.00316135
4.21914e-11	-0.00315773
4.21928e-11	-0.00315411
4.21941e-11	-0.00315049
4.21955e-11	-0.00314687
4.21968e-11	-0.00314326
4.21982e-11	-0.00313965
4.21995e-11	-0.00313605
4.22009e-11	-0.00313245
4.22022e-11	-0.00312885
4.22036e-11	-0.00312525
4.2205e-11	-0.00312166
4.22063e-11	-0.00311807
4.22077e-11	-0.00311449
4.2209e-11	-0.0031109
4.22104e-11	-0.00310732
4.22117e-11	-0.00310375
4.22131e-11	-0.00310018
4.22144e-11	-0.00309661
4.22158e-11	-0.00309304
4.22171e-11	-0.00308948
4.22185e-11	-0.00308592
4.22198e-11	-0.00308236
4.22212e-11	-0.00307881
4.22225e-11	-0.00307526
4.22239e-11	-0.00307171
4.22252e-11	-0.00306817
4.22266e-11	-0.00306463
4.22279e-11	-0.00306109
4.22293e-11	-0.00305756
4.22307e-11	-0.00305402
4.2232e-11	-0.0030505
4.22334e-11	-0.00304697
4.22347e-11	-0.00304345
4.22361e-11	-0.00303993
4.22374e-11	-0.00303642
4.22388e-11	-0.00303291
4.22401e-11	-0.0030294
4.22415e-11	-0.00302589
4.22428e-11	-0.00302239
4.22442e-11	-0.00301889
4.22455e-11	-0.0030154
4.22469e-11	-0.00301191
4.22482e-11	-0.00300842
4.22496e-11	-0.00300493
4.22509e-11	-0.00300145
4.22523e-11	-0.00299797
4.22536e-11	-0.00299449
4.2255e-11	-0.00299102
4.22564e-11	-0.00298755
4.22577e-11	-0.00298408
4.22591e-11	-0.00298062
4.22604e-11	-0.00297716
4.22618e-11	-0.0029737
4.22631e-11	-0.00297025
4.22645e-11	-0.00296679
4.22658e-11	-0.00296335
4.22672e-11	-0.0029599
4.22685e-11	-0.00295646
4.22699e-11	-0.00295302
4.22712e-11	-0.00294959
4.22726e-11	-0.00294615
4.22739e-11	-0.00294272
4.22753e-11	-0.0029393
4.22766e-11	-0.00293588
4.2278e-11	-0.00293246
4.22793e-11	-0.00292904
4.22807e-11	-0.00292563
4.22821e-11	-0.00292222
4.22834e-11	-0.00291881
4.22848e-11	-0.0029154
4.22861e-11	-0.002912
4.22875e-11	-0.00290861
4.22888e-11	-0.00290521
4.22902e-11	-0.00290182
4.22915e-11	-0.00289843
4.22929e-11	-0.00289505
4.22942e-11	-0.00289166
4.22956e-11	-0.00288828
4.22969e-11	-0.00288491
4.22983e-11	-0.00288154
4.22996e-11	-0.00287817
4.2301e-11	-0.0028748
4.23023e-11	-0.00287144
4.23037e-11	-0.00286807
4.2305e-11	-0.00286472
4.23064e-11	-0.00286136
4.23078e-11	-0.00285801
4.23091e-11	-0.00285466
4.23105e-11	-0.00285132
4.23118e-11	-0.00284798
4.23132e-11	-0.00284464
4.23145e-11	-0.0028413
4.23159e-11	-0.00283797
4.23172e-11	-0.00283464
4.23186e-11	-0.00283131
4.23199e-11	-0.00282799
4.23213e-11	-0.00282467
4.23226e-11	-0.00282135
4.2324e-11	-0.00281804
4.23253e-11	-0.00281473
4.23267e-11	-0.00281142
4.2328e-11	-0.00280811
4.23294e-11	-0.00280481
4.23307e-11	-0.00280151
4.23321e-11	-0.00279821
4.23335e-11	-0.00279492
4.23348e-11	-0.00279163
4.23362e-11	-0.00278834
4.23375e-11	-0.00278506
4.23389e-11	-0.00278178
4.23402e-11	-0.0027785
4.23416e-11	-0.00277523
4.23429e-11	-0.00277196
4.23443e-11	-0.00276869
4.23456e-11	-0.00276542
4.2347e-11	-0.00276216
4.23483e-11	-0.0027589
4.23497e-11	-0.00275564
4.2351e-11	-0.00275239
4.23524e-11	-0.00274914
4.23537e-11	-0.00274589
4.23551e-11	-0.00274265
4.23564e-11	-0.00273941
4.23578e-11	-0.00273617
4.23592e-11	-0.00273293
4.23605e-11	-0.0027297
4.23619e-11	-0.00272647
4.23632e-11	-0.00272324
4.23646e-11	-0.00272002
4.23659e-11	-0.0027168
4.23673e-11	-0.00271358
4.23686e-11	-0.00271037
4.237e-11	-0.00270715
4.23713e-11	-0.00270395
4.23727e-11	-0.00270074
4.2374e-11	-0.00269754
4.23754e-11	-0.00269434
4.23767e-11	-0.00269114
4.23781e-11	-0.00268795
4.23794e-11	-0.00268476
4.23808e-11	-0.00268157
4.23821e-11	-0.00267838
4.23835e-11	-0.0026752
4.23849e-11	-0.00267202
4.23862e-11	-0.00266885
4.23876e-11	-0.00266568
4.23889e-11	-0.00266251
4.23903e-11	-0.00265934
4.23916e-11	-0.00265617
4.2393e-11	-0.00265301
4.23943e-11	-0.00264986
4.23957e-11	-0.0026467
4.2397e-11	-0.00264355
4.23984e-11	-0.0026404
4.23997e-11	-0.00263725
4.24011e-11	-0.00263411
4.24024e-11	-0.00263097
4.24038e-11	-0.00262783
4.24051e-11	-0.0026247
4.24065e-11	-0.00262156
4.24078e-11	-0.00261844
4.24092e-11	-0.00261531
4.24106e-11	-0.00261219
4.24119e-11	-0.00260907
4.24133e-11	-0.00260595
4.24146e-11	-0.00260284
4.2416e-11	-0.00259973
4.24173e-11	-0.00259662
4.24187e-11	-0.00259351
4.242e-11	-0.00259041
4.24214e-11	-0.00258731
4.24227e-11	-0.00258421
4.24241e-11	-0.00258112
4.24254e-11	-0.00257803
4.24268e-11	-0.00257494
4.24281e-11	-0.00257186
4.24295e-11	-0.00256877
4.24308e-11	-0.00256569
4.24322e-11	-0.00256262
4.24335e-11	-0.00255954
4.24349e-11	-0.00255647
4.24363e-11	-0.00255341
4.24376e-11	-0.00255034
4.2439e-11	-0.00254728
4.24403e-11	-0.00254422
4.24417e-11	-0.00254116
4.2443e-11	-0.00253811
4.24444e-11	-0.00253506
4.24457e-11	-0.00253201
4.24471e-11	-0.00252897
4.24484e-11	-0.00252593
4.24498e-11	-0.00252289
4.24511e-11	-0.00251985
4.24525e-11	-0.00251682
4.24538e-11	-0.00251379
4.24552e-11	-0.00251076
4.24565e-11	-0.00250774
4.24579e-11	-0.00250471
4.24592e-11	-0.0025017
4.24606e-11	-0.00249868
4.2462e-11	-0.00249567
4.24633e-11	-0.00249266
4.24647e-11	-0.00248965
4.2466e-11	-0.00248664
4.24674e-11	-0.00248364
4.24687e-11	-0.00248064
4.24701e-11	-0.00247765
4.24714e-11	-0.00247465
4.24728e-11	-0.00247166
4.24741e-11	-0.00246867
4.24755e-11	-0.00246569
4.24768e-11	-0.00246271
4.24782e-11	-0.00245973
4.24795e-11	-0.00245675
4.24809e-11	-0.00245378
4.24822e-11	-0.00245081
4.24836e-11	-0.00244784
4.24849e-11	-0.00244487
4.24863e-11	-0.00244191
4.24877e-11	-0.00243895
4.2489e-11	-0.002436
4.24904e-11	-0.00243304
4.24917e-11	-0.00243009
4.24931e-11	-0.00242714
4.24944e-11	-0.0024242
4.24958e-11	-0.00242125
4.24971e-11	-0.00241831
4.24985e-11	-0.00241538
4.24998e-11	-0.00241244
4.25012e-11	-0.00240951
4.25025e-11	-0.00240658
4.25039e-11	-0.00240366
4.25052e-11	-0.00240073
4.25066e-11	-0.00239781
4.25079e-11	-0.0023949
4.25093e-11	-0.00239198
4.25106e-11	-0.00238907
4.2512e-11	-0.00238616
4.25134e-11	-0.00238325
4.25147e-11	-0.00238035
4.25161e-11	-0.00237745
4.25174e-11	-0.00237455
4.25188e-11	-0.00237165
4.25201e-11	-0.00236876
4.25215e-11	-0.00236587
4.25228e-11	-0.00236298
4.25242e-11	-0.0023601
4.25255e-11	-0.00235722
4.25269e-11	-0.00235434
4.25282e-11	-0.00235146
4.25296e-11	-0.00234859
4.25309e-11	-0.00234572
4.25323e-11	-0.00234285
4.25336e-11	-0.00233998
4.2535e-11	-0.00233712
4.25363e-11	-0.00233426
4.25377e-11	-0.0023314
4.25391e-11	-0.00232855
4.25404e-11	-0.0023257
4.25418e-11	-0.00232285
4.25431e-11	-0.00232
4.25445e-11	-0.00231716
4.25458e-11	-0.00231432
4.25472e-11	-0.00231148
4.25485e-11	-0.00230865
4.25499e-11	-0.00230581
4.25512e-11	-0.00230298
4.25526e-11	-0.00230016
4.25539e-11	-0.00229733
4.25553e-11	-0.00229451
4.25566e-11	-0.00229169
4.2558e-11	-0.00228888
4.25593e-11	-0.00228606
4.25607e-11	-0.00228325
4.25621e-11	-0.00228044
4.25634e-11	-0.00227764
4.25648e-11	-0.00227483
4.25661e-11	-0.00227203
4.25675e-11	-0.00226924
4.25688e-11	-0.00226644
4.25702e-11	-0.00226365
4.25715e-11	-0.00226086
4.25729e-11	-0.00225807
4.25742e-11	-0.00225529
4.25756e-11	-0.00225251
4.25769e-11	-0.00224973
4.25783e-11	-0.00224695
4.25796e-11	-0.00224418
4.2581e-11	-0.00224141
4.25823e-11	-0.00223864
4.25837e-11	-0.00223588
4.2585e-11	-0.00223311
4.25864e-11	-0.00223035
4.25878e-11	-0.0022276
4.25891e-11	-0.00222484
4.25905e-11	-0.00222209
4.25918e-11	-0.00221934
4.25932e-11	-0.00221659
4.25945e-11	-0.00221385
4.25959e-11	-0.00221111
4.25972e-11	-0.00220837
4.25986e-11	-0.00220563
4.25999e-11	-0.0022029
4.26013e-11	-0.00220017
4.26026e-11	-0.00219744
4.2604e-11	-0.00219471
4.26053e-11	-0.00219199
4.26067e-11	-0.00218927
4.2608e-11	-0.00218655
4.26094e-11	-0.00218384
4.26107e-11	-0.00218113
4.26121e-11	-0.00217842
4.26135e-11	-0.00217571
4.26148e-11	-0.002173
4.26162e-11	-0.0021703
4.26175e-11	-0.0021676
4.26189e-11	-0.00216491
4.26202e-11	-0.00216221
4.26216e-11	-0.00215952
4.26229e-11	-0.00215683
4.26243e-11	-0.00215414
4.26256e-11	-0.00215146
4.2627e-11	-0.00214878
4.26283e-11	-0.0021461
4.26297e-11	-0.00214343
4.2631e-11	-0.00214075
4.26324e-11	-0.00213808
4.26337e-11	-0.00213541
4.26351e-11	-0.00213275
4.26364e-11	-0.00213008
4.26378e-11	-0.00212742
4.26392e-11	-0.00212477
4.26405e-11	-0.00212211
4.26419e-11	-0.00211946
4.26432e-11	-0.00211681
4.26446e-11	-0.00211416
4.26459e-11	-0.00211152
4.26473e-11	-0.00210887
4.26486e-11	-0.00210623
4.265e-11	-0.0021036
4.26513e-11	-0.00210096
4.26527e-11	-0.00209833
4.2654e-11	-0.0020957
4.26554e-11	-0.00209307
4.26567e-11	-0.00209045
4.26581e-11	-0.00208783
4.26594e-11	-0.00208521
4.26608e-11	-0.00208259
4.26621e-11	-0.00207998
4.26635e-11	-0.00207737
4.26649e-11	-0.00207476
4.26662e-11	-0.00207215
4.26676e-11	-0.00206955
4.26689e-11	-0.00206695
4.26703e-11	-0.00206435
4.26716e-11	-0.00206175
4.2673e-11	-0.00205916
4.26743e-11	-0.00205657
4.26757e-11	-0.00205398
4.2677e-11	-0.00205139
4.26784e-11	-0.00204881
4.26797e-11	-0.00204623
4.26811e-11	-0.00204365
4.26824e-11	-0.00204107
4.26838e-11	-0.0020385
4.26851e-11	-0.00203593
4.26865e-11	-0.00203336
4.26878e-11	-0.00203079
4.26892e-11	-0.00202823
4.26906e-11	-0.00202567
4.26919e-11	-0.00202311
4.26933e-11	-0.00202055
4.26946e-11	-0.002018
4.2696e-11	-0.00201545
4.26973e-11	-0.0020129
4.26987e-11	-0.00201035
4.27e-11	-0.00200781
4.27014e-11	-0.00200527
4.27027e-11	-0.00200273
4.27041e-11	-0.0020002
4.27054e-11	-0.00199766
4.27068e-11	-0.00199513
4.27081e-11	-0.0019926
4.27095e-11	-0.00199008
4.27108e-11	-0.00198755
4.27122e-11	-0.00198503
4.27135e-11	-0.00198251
4.27149e-11	-0.00198
4.27163e-11	-0.00197748
4.27176e-11	-0.00197497
4.2719e-11	-0.00197246
4.27203e-11	-0.00196996
4.27217e-11	-0.00196745
4.2723e-11	-0.00196495
4.27244e-11	-0.00196245
4.27257e-11	-0.00195996
4.27271e-11	-0.00195746
4.27284e-11	-0.00195497
4.27298e-11	-0.00195248
4.27311e-11	-0.00195
4.27325e-11	-0.00194751
4.27338e-11	-0.00194503
4.27352e-11	-0.00194255
4.27365e-11	-0.00194008
4.27379e-11	-0.0019376
4.27392e-11	-0.00193513
4.27406e-11	-0.00193266
4.2742e-11	-0.00193019
4.27433e-11	-0.00192773
4.27447e-11	-0.00192527
4.2746e-11	-0.00192281
4.27474e-11	-0.00192035
4.27487e-11	-0.00191789
4.27501e-11	-0.00191544
4.27514e-11	-0.00191299
4.27528e-11	-0.00191054
4.27541e-11	-0.0019081
4.27555e-11	-0.00190566
4.27568e-11	-0.00190322
4.27582e-11	-0.00190078
4.27595e-11	-0.00189834
4.27609e-11	-0.00189591
4.27622e-11	-0.00189348
4.27636e-11	-0.00189105
4.27649e-11	-0.00188863
4.27663e-11	-0.0018862
4.27677e-11	-0.00188378
4.2769e-11	-0.00188136
4.27704e-11	-0.00187895
4.27717e-11	-0.00187653
4.27731e-11	-0.00187412
4.27744e-11	-0.00187171
4.27758e-11	-0.00186931
4.27771e-11	-0.0018669
4.27785e-11	-0.0018645
4.27798e-11	-0.0018621
4.27812e-11	-0.00185971
4.27825e-11	-0.00185731
4.27839e-11	-0.00185492
4.27852e-11	-0.00185253
4.27866e-11	-0.00185014
4.27879e-11	-0.00184776
4.27893e-11	-0.00184537
4.27906e-11	-0.00184299
4.2792e-11	-0.00184062
4.27934e-11	-0.00183824
4.27947e-11	-0.00183587
4.27961e-11	-0.0018335
4.27974e-11	-0.00183113
4.27988e-11	-0.00182876
4.28001e-11	-0.0018264
4.28015e-11	-0.00182404
4.28028e-11	-0.00182168
4.28042e-11	-0.00181932
4.28055e-11	-0.00181697
4.28069e-11	-0.00181461
4.28082e-11	-0.00181226
4.28096e-11	-0.00180992
4.28109e-11	-0.00180757
4.28123e-11	-0.00180523
4.28136e-11	-0.00180289
4.2815e-11	-0.00180055
4.28163e-11	-0.00179822
4.28177e-11	-0.00179588
4.28191e-11	-0.00179355
4.28204e-11	-0.00179122
4.28218e-11	-0.0017889
4.28231e-11	-0.00178657
4.28245e-11	-0.00178425
4.28258e-11	-0.00178193
4.28272e-11	-0.00177962
4.28285e-11	-0.0017773
4.28299e-11	-0.00177499
4.28312e-11	-0.00177268
4.28326e-11	-0.00177037
4.28339e-11	-0.00176807
4.28353e-11	-0.00176576
4.28366e-11	-0.00176346
4.2838e-11	-0.00176116
4.28393e-11	-0.00175887
4.28407e-11	-0.00175657
4.2842e-11	-0.00175428
4.28434e-11	-0.00175199
4.28448e-11	-0.00174971
4.28461e-11	-0.00174742
4.28475e-11	-0.00174514
4.28488e-11	-0.00174286
4.28502e-11	-0.00174058
4.28515e-11	-0.00173831
4.28529e-11	-0.00173603
4.28542e-11	-0.00173376
4.28556e-11	-0.00173149
4.28569e-11	-0.00172923
4.28583e-11	-0.00172696
4.28596e-11	-0.0017247
4.2861e-11	-0.00172244
4.28623e-11	-0.00172019
4.28637e-11	-0.00171793
4.2865e-11	-0.00171568
4.28664e-11	-0.00171343
4.28677e-11	-0.00171118
4.28691e-11	-0.00170894
4.28705e-11	-0.00170669
4.28718e-11	-0.00170445
4.28732e-11	-0.00170221
4.28745e-11	-0.00169998
4.28759e-11	-0.00169774
4.28772e-11	-0.00169551
4.28786e-11	-0.00169328
4.28799e-11	-0.00169105
4.28813e-11	-0.00168883
4.28826e-11	-0.0016866
4.2884e-11	-0.00168438
4.28853e-11	-0.00168216
4.28867e-11	-0.00167995
4.2888e-11	-0.00167773
4.28894e-11	-0.00167552
4.28907e-11	-0.00167331
4.28921e-11	-0.0016711
4.28934e-11	-0.0016689
4.28948e-11	-0.0016667
4.28962e-11	-0.0016645
4.28975e-11	-0.0016623
4.28989e-11	-0.0016601
4.29002e-11	-0.00165791
4.29016e-11	-0.00165571
4.29029e-11	-0.00165353
4.29043e-11	-0.00165134
4.29056e-11	-0.00164915
4.2907e-11	-0.00164697
4.29083e-11	-0.00164479
4.29097e-11	-0.00164261
4.2911e-11	-0.00164043
4.29124e-11	-0.00163826
4.29137e-11	-0.00163609
4.29151e-11	-0.00163392
4.29164e-11	-0.00163175
4.29178e-11	-0.00162959
4.29191e-11	-0.00162742
4.29205e-11	-0.00162526
4.29219e-11	-0.0016231
4.29232e-11	-0.00162095
4.29246e-11	-0.00161879
4.29259e-11	-0.00161664
4.29273e-11	-0.00161449
4.29286e-11	-0.00161234
4.293e-11	-0.0016102
4.29313e-11	-0.00160806
4.29327e-11	-0.00160591
4.2934e-11	-0.00160378
4.29354e-11	-0.00160164
4.29367e-11	-0.0015995
4.29381e-11	-0.00159737
4.29394e-11	-0.00159524
4.29408e-11	-0.00159311
4.29421e-11	-0.00159099
4.29435e-11	-0.00158886
4.29448e-11	-0.00158674
4.29462e-11	-0.00158462
4.29476e-11	-0.00158251
4.29489e-11	-0.00158039
4.29503e-11	-0.00157828
4.29516e-11	-0.00157617
4.2953e-11	-0.00157406
4.29543e-11	-0.00157195
4.29557e-11	-0.00156985
4.2957e-11	-0.00156775
4.29584e-11	-0.00156565
4.29597e-11	-0.00156355
4.29611e-11	-0.00156145
4.29624e-11	-0.00155936
4.29638e-11	-0.00155727
4.29651e-11	-0.00155518
4.29665e-11	-0.00155309
4.29678e-11	-0.00155101
4.29692e-11	-0.00154893
4.29705e-11	-0.00154685
4.29719e-11	-0.00154477
4.29733e-11	-0.00154269
4.29746e-11	-0.00154062
4.2976e-11	-0.00153855
4.29773e-11	-0.00153648
4.29787e-11	-0.00153441
4.298e-11	-0.00153234
4.29814e-11	-0.00153028
4.29827e-11	-0.00152822
4.29841e-11	-0.00152616
4.29854e-11	-0.0015241
4.29868e-11	-0.00152205
4.29881e-11	-0.00151999
4.29895e-11	-0.00151794
4.29908e-11	-0.00151589
4.29922e-11	-0.00151385
4.29935e-11	-0.0015118
4.29949e-11	-0.00150976
4.29962e-11	-0.00150772
4.29976e-11	-0.00150568
4.2999e-11	-0.00150365
4.30003e-11	-0.00150161
4.30017e-11	-0.00149958
4.3003e-11	-0.00149755
4.30044e-11	-0.00149552
4.30057e-11	-0.0014935
4.30071e-11	-0.00149148
4.30084e-11	-0.00148945
4.30098e-11	-0.00148743
4.30111e-11	-0.00148542
4.30125e-11	-0.0014834
4.30138e-11	-0.00148139
4.30152e-11	-0.00147938
4.30165e-11	-0.00147737
4.30179e-11	-0.00147536
4.30192e-11	-0.00147336
4.30206e-11	-0.00147136
4.30219e-11	-0.00146936
4.30233e-11	-0.00146736
4.30247e-11	-0.00146536
4.3026e-11	-0.00146337
4.30274e-11	-0.00146137
4.30287e-11	-0.00145938
4.30301e-11	-0.0014574
4.30314e-11	-0.00145541
4.30328e-11	-0.00145343
4.30341e-11	-0.00145144
4.30355e-11	-0.00144946
4.30368e-11	-0.00144749
4.30382e-11	-0.00144551
4.30395e-11	-0.00144354
4.30409e-11	-0.00144157
4.30422e-11	-0.0014396
4.30436e-11	-0.00143763
4.30449e-11	-0.00143566
4.30463e-11	-0.0014337
4.30476e-11	-0.00143174
4.3049e-11	-0.00142978
4.30504e-11	-0.00142782
4.30517e-11	-0.00142587
4.30531e-11	-0.00142391
4.30544e-11	-0.00142196
4.30558e-11	-0.00142001
4.30571e-11	-0.00141807
4.30585e-11	-0.00141612
4.30598e-11	-0.00141418
4.30612e-11	-0.00141224
4.30625e-11	-0.0014103
4.30639e-11	-0.00140836
4.30652e-11	-0.00140643
4.30666e-11	-0.00140449
4.30679e-11	-0.00140256
4.30693e-11	-0.00140063
4.30706e-11	-0.00139871
4.3072e-11	-0.00139678
4.30733e-11	-0.00139486
4.30747e-11	-0.00139294
4.30761e-11	-0.00139102
4.30774e-11	-0.0013891
4.30788e-11	-0.00138719
4.30801e-11	-0.00138527
4.30815e-11	-0.00138336
4.30828e-11	-0.00138145
4.30842e-11	-0.00137955
4.30855e-11	-0.00137764
4.30869e-11	-0.00137574
4.30882e-11	-0.00137384
4.30896e-11	-0.00137194
4.30909e-11	-0.00137004
4.30923e-11	-0.00136815
4.30936e-11	-0.00136626
4.3095e-11	-0.00136436
4.30963e-11	-0.00136248
4.30977e-11	-0.00136059
4.3099e-11	-0.0013587
4.31004e-11	-0.00135682
4.31018e-11	-0.00135494
4.31031e-11	-0.00135306
4.31045e-11	-0.00135118
4.31058e-11	-0.00134931
4.31072e-11	-0.00134744
4.31085e-11	-0.00134556
4.31099e-11	-0.0013437
4.31112e-11	-0.00134183
4.31126e-11	-0.00133996
4.31139e-11	-0.0013381
4.31153e-11	-0.00133624
4.31166e-11	-0.00133438
4.3118e-11	-0.00133252
4.31193e-11	-0.00133067
4.31207e-11	-0.00132881
4.3122e-11	-0.00132696
4.31234e-11	-0.00132511
4.31247e-11	-0.00132326
4.31261e-11	-0.00132142
4.31275e-11	-0.00131957
4.31288e-11	-0.00131773
4.31302e-11	-0.00131589
4.31315e-11	-0.00131405
4.31329e-11	-0.00131222
4.31342e-11	-0.00131039
4.31356e-11	-0.00130855
4.31369e-11	-0.00130672
4.31383e-11	-0.00130489
4.31396e-11	-0.00130307
4.3141e-11	-0.00130124
4.31423e-11	-0.00129942
4.31437e-11	-0.0012976
4.3145e-11	-0.00129578
4.31464e-11	-0.00129397
4.31477e-11	-0.00129215
4.31491e-11	-0.00129034
4.31504e-11	-0.00128853
4.31518e-11	-0.00128672
4.31532e-11	-0.00128491
4.31545e-11	-0.00128311
4.31559e-11	-0.0012813
4.31572e-11	-0.0012795
4.31586e-11	-0.0012777
4.31599e-11	-0.00127591
4.31613e-11	-0.00127411
4.31626e-11	-0.00127232
4.3164e-11	-0.00127052
4.31653e-11	-0.00126873
4.31667e-11	-0.00126695
4.3168e-11	-0.00126516
4.31694e-11	-0.00126338
4.31707e-11	-0.00126159
4.31721e-11	-0.00125981
4.31734e-11	-0.00125804
4.31748e-11	-0.00125626
4.31761e-11	-0.00125448
4.31775e-11	-0.00125271
4.31789e-11	-0.00125094
4.31802e-11	-0.00124917
4.31816e-11	-0.0012474
4.31829e-11	-0.00124564
4.31843e-11	-0.00124388
4.31856e-11	-0.00124211
4.3187e-11	-0.00124035
4.31883e-11	-0.0012386
4.31897e-11	-0.00123684
4.3191e-11	-0.00123509
4.31924e-11	-0.00123333
4.31937e-11	-0.00123158
4.31951e-11	-0.00122984
4.31964e-11	-0.00122809
4.31978e-11	-0.00122634
4.31991e-11	-0.0012246
4.32005e-11	-0.00122286
4.32018e-11	-0.00122112
4.32032e-11	-0.00121938
4.32046e-11	-0.00121765
4.32059e-11	-0.00121592
4.32073e-11	-0.00121418
4.32086e-11	-0.00121245
4.321e-11	-0.00121073
4.32113e-11	-0.001209
4.32127e-11	-0.00120728
4.3214e-11	-0.00120555
4.32154e-11	-0.00120383
4.32167e-11	-0.00120211
4.32181e-11	-0.0012004
4.32194e-11	-0.00119868
4.32208e-11	-0.00119697
4.32221e-11	-0.00119526
4.32235e-11	-0.00119355
4.32248e-11	-0.00119184
4.32262e-11	-0.00119014
4.32275e-11	-0.00118843
4.32289e-11	-0.00118673
4.32303e-11	-0.00118503
4.32316e-11	-0.00118333
4.3233e-11	-0.00118163
4.32343e-11	-0.00117994
4.32357e-11	-0.00117825
4.3237e-11	-0.00117655
4.32384e-11	-0.00117487
4.32397e-11	-0.00117318
4.32411e-11	-0.00117149
4.32424e-11	-0.00116981
4.32438e-11	-0.00116813
4.32451e-11	-0.00116645
4.32465e-11	-0.00116477
4.32478e-11	-0.00116309
4.32492e-11	-0.00116142
4.32505e-11	-0.00115974
4.32519e-11	-0.00115807
4.32532e-11	-0.0011564
4.32546e-11	-0.00115473
4.3256e-11	-0.00115307
4.32573e-11	-0.0011514
4.32587e-11	-0.00114974
4.326e-11	-0.00114808
4.32614e-11	-0.00114642
4.32627e-11	-0.00114477
4.32641e-11	-0.00114311
4.32654e-11	-0.00114146
4.32668e-11	-0.00113981
4.32681e-11	-0.00113816
4.32695e-11	-0.00113651
4.32708e-11	-0.00113486
4.32722e-11	-0.00113322
4.32735e-11	-0.00113157
4.32749e-11	-0.00112993
4.32762e-11	-0.00112829
4.32776e-11	-0.00112666
4.32789e-11	-0.00112502
4.32803e-11	-0.00112339
4.32817e-11	-0.00112176
4.3283e-11	-0.00112013
4.32844e-11	-0.0011185
4.32857e-11	-0.00111687
4.32871e-11	-0.00111525
4.32884e-11	-0.00111362
4.32898e-11	-0.001112
4.32911e-11	-0.00111038
4.32925e-11	-0.00110876
4.32938e-11	-0.00110715
4.32952e-11	-0.00110553
4.32965e-11	-0.00110392
4.32979e-11	-0.00110231
4.32992e-11	-0.0011007
4.33006e-11	-0.00109909
4.33019e-11	-0.00109749
4.33033e-11	-0.00109588
4.33046e-11	-0.00109428
4.3306e-11	-0.00109268
4.33074e-11	-0.00109108
4.33087e-11	-0.00108949
4.33101e-11	-0.00108789
4.33114e-11	-0.0010863
4.33128e-11	-0.00108471
4.33141e-11	-0.00108312
4.33155e-11	-0.00108153
4.33168e-11	-0.00107994
4.33182e-11	-0.00107836
4.33195e-11	-0.00107677
4.33209e-11	-0.00107519
4.33222e-11	-0.00107361
4.33236e-11	-0.00107204
4.33249e-11	-0.00107046
4.33263e-11	-0.00106888
4.33276e-11	-0.00106731
4.3329e-11	-0.00106574
4.33303e-11	-0.00106417
4.33317e-11	-0.0010626
4.33331e-11	-0.00106104
4.33344e-11	-0.00105947
4.33358e-11	-0.00105791
4.33371e-11	-0.00105635
4.33385e-11	-0.00105479
4.33398e-11	-0.00105324
4.33412e-11	-0.00105168
4.33425e-11	-0.00105013
4.33439e-11	-0.00104857
4.33452e-11	-0.00104702
4.33466e-11	-0.00104547
4.33479e-11	-0.00104393
4.33493e-11	-0.00104238
4.33506e-11	-0.00104084
4.3352e-11	-0.0010393
4.33533e-11	-0.00103776
4.33547e-11	-0.00103622
4.3356e-11	-0.00103468
4.33574e-11	-0.00103315
4.33588e-11	-0.00103161
4.33601e-11	-0.00103008
4.33615e-11	-0.00102855
4.33628e-11	-0.00102702
4.33642e-11	-0.0010255
4.33655e-11	-0.00102397
4.33669e-11	-0.00102245
4.33682e-11	-0.00102093
4.33696e-11	-0.00101941
4.33709e-11	-0.00101789
4.33723e-11	-0.00101637
4.33736e-11	-0.00101486
4.3375e-11	-0.00101334
4.33763e-11	-0.00101183
4.33777e-11	-0.00101032
4.3379e-11	-0.00100881
4.33804e-11	-0.00100731
4.33817e-11	-0.0010058
4.33831e-11	-0.0010043
4.33845e-11	-0.0010028
4.33858e-11	-0.0010013
4.33872e-11	-0.000999797
4.33885e-11	-0.0009983
4.33899e-11	-0.000996805
4.33912e-11	-0.000995312
4.33926e-11	-0.00099382
4.33939e-11	-0.00099233
4.33953e-11	-0.000990841
4.33966e-11	-0.000989355
4.3398e-11	-0.000987869
4.33993e-11	-0.000986386
4.34007e-11	-0.000984904
4.3402e-11	-0.000983424
4.34034e-11	-0.000981945
4.34047e-11	-0.000980468
4.34061e-11	-0.000978993
4.34074e-11	-0.000977519
4.34088e-11	-0.000976047
4.34102e-11	-0.000974577
4.34115e-11	-0.000973108
4.34129e-11	-0.000971641
4.34142e-11	-0.000970175
4.34156e-11	-0.000968711
4.34169e-11	-0.000967249
4.34183e-11	-0.000965788
4.34196e-11	-0.000964329
4.3421e-11	-0.000962872
4.34223e-11	-0.000961416
4.34237e-11	-0.000959962
4.3425e-11	-0.00095851
4.34264e-11	-0.000957059
4.34277e-11	-0.000955609
4.34291e-11	-0.000954162
4.34304e-11	-0.000952716
4.34318e-11	-0.000951271
4.34331e-11	-0.000949828
4.34345e-11	-0.000948387
4.34359e-11	-0.000946947
4.34372e-11	-0.000945509
4.34386e-11	-0.000944073
4.34399e-11	-0.000942638
4.34413e-11	-0.000941205
4.34426e-11	-0.000939773
4.3444e-11	-0.000938343
4.34453e-11	-0.000936915
4.34467e-11	-0.000935488
4.3448e-11	-0.000934062
4.34494e-11	-0.000932639
4.34507e-11	-0.000931217
4.34521e-11	-0.000929796
4.34534e-11	-0.000928377
4.34548e-11	-0.00092696
4.34561e-11	-0.000925544
4.34575e-11	-0.00092413
4.34588e-11	-0.000922718
4.34602e-11	-0.000921307
4.34616e-11	-0.000919897
4.34629e-11	-0.000918489
4.34643e-11	-0.000917083
4.34656e-11	-0.000915678
4.3467e-11	-0.000914275
4.34683e-11	-0.000912874
4.34697e-11	-0.000911474
4.3471e-11	-0.000910076
4.34724e-11	-0.000908679
4.34737e-11	-0.000907284
4.34751e-11	-0.00090589
4.34764e-11	-0.000904498
4.34778e-11	-0.000903107
4.34791e-11	-0.000901718
4.34805e-11	-0.000900331
4.34818e-11	-0.000898945
4.34832e-11	-0.000897561
4.34845e-11	-0.000896178
4.34859e-11	-0.000894797
4.34873e-11	-0.000893417
4.34886e-11	-0.000892039
4.349e-11	-0.000890662
4.34913e-11	-0.000889288
4.34927e-11	-0.000887914
4.3494e-11	-0.000886542
4.34954e-11	-0.000885172
4.34967e-11	-0.000883803
4.34981e-11	-0.000882436
4.34994e-11	-0.00088107
4.35008e-11	-0.000879706
4.35021e-11	-0.000878343
4.35035e-11	-0.000876982
4.35048e-11	-0.000875623
4.35062e-11	-0.000874265
4.35075e-11	-0.000872908
4.35089e-11	-0.000871553
4.35102e-11	-0.0008702
4.35116e-11	-0.000868848
4.3513e-11	-0.000867498
4.35143e-11	-0.000866149
4.35157e-11	-0.000864801
4.3517e-11	-0.000863456
4.35184e-11	-0.000862111
4.35197e-11	-0.000860769
4.35211e-11	-0.000859427
4.35224e-11	-0.000858088
4.35238e-11	-0.000856749
4.35251e-11	-0.000855413
4.35265e-11	-0.000854078
4.35278e-11	-0.000852744
4.35292e-11	-0.000851412
4.35305e-11	-0.000850081
4.35319e-11	-0.000848752
4.35332e-11	-0.000847425
4.35346e-11	-0.000846099
4.35359e-11	-0.000844774
4.35373e-11	-0.000843451
4.35387e-11	-0.000842129
4.354e-11	-0.000840809
4.35414e-11	-0.000839491
4.35427e-11	-0.000838174
4.35441e-11	-0.000836858
4.35454e-11	-0.000835544
4.35468e-11	-0.000834231
4.35481e-11	-0.00083292
4.35495e-11	-0.000831611
4.35508e-11	-0.000830302
4.35522e-11	-0.000828996
4.35535e-11	-0.000827691
4.35549e-11	-0.000826387
4.35562e-11	-0.000825085
4.35576e-11	-0.000823784
4.35589e-11	-0.000822485
4.35603e-11	-0.000821187
4.35616e-11	-0.000819891
4.3563e-11	-0.000818596
4.35644e-11	-0.000817303
4.35657e-11	-0.000816011
4.35671e-11	-0.000814721
4.35684e-11	-0.000813432
4.35698e-11	-0.000812145
4.35711e-11	-0.000810859
4.35725e-11	-0.000809574
4.35738e-11	-0.000808292
4.35752e-11	-0.00080701
4.35765e-11	-0.00080573
4.35779e-11	-0.000804451
4.35792e-11	-0.000803174
4.35806e-11	-0.000801899
4.35819e-11	-0.000800625
4.35833e-11	-0.000799352
4.35846e-11	-0.000798081
4.3586e-11	-0.000796811
4.35873e-11	-0.000795542
4.35887e-11	-0.000794276
4.35901e-11	-0.00079301
4.35914e-11	-0.000791746
4.35928e-11	-0.000790484
4.35941e-11	-0.000789223
4.35955e-11	-0.000787963
4.35968e-11	-0.000786705
4.35982e-11	-0.000785448
4.35995e-11	-0.000784193
4.36009e-11	-0.000782939
4.36022e-11	-0.000781686
4.36036e-11	-0.000780435
4.36049e-11	-0.000779186
4.36063e-11	-0.000777938
4.36076e-11	-0.000776691
4.3609e-11	-0.000775446
4.36103e-11	-0.000774202
4.36117e-11	-0.00077296
4.3613e-11	-0.000771719
4.36144e-11	-0.000770479
4.36158e-11	-0.000769241
4.36171e-11	-0.000768005
4.36185e-11	-0.000766769
4.36198e-11	-0.000765536
4.36212e-11	-0.000764303
4.36225e-11	-0.000763072
4.36239e-11	-0.000761843
4.36252e-11	-0.000760615
4.36266e-11	-0.000759388
4.36279e-11	-0.000758163
4.36293e-11	-0.000756939
4.36306e-11	-0.000755716
4.3632e-11	-0.000754495
4.36333e-11	-0.000753276
4.36347e-11	-0.000752058
4.3636e-11	-0.000750841
4.36374e-11	-0.000749625
4.36387e-11	-0.000748411
4.36401e-11	-0.000747199
4.36415e-11	-0.000745988
4.36428e-11	-0.000744778
4.36442e-11	-0.00074357
4.36455e-11	-0.000742363
4.36469e-11	-0.000741157
4.36482e-11	-0.000739953
4.36496e-11	-0.00073875
4.36509e-11	-0.000737549
4.36523e-11	-0.000736349
4.36536e-11	-0.00073515
4.3655e-11	-0.000733953
4.36563e-11	-0.000732757
4.36577e-11	-0.000731563
4.3659e-11	-0.00073037
4.36604e-11	-0.000729178
4.36617e-11	-0.000727988
4.36631e-11	-0.000726799
4.36644e-11	-0.000725612
4.36658e-11	-0.000724425
4.36672e-11	-0.000723241
4.36685e-11	-0.000722057
4.36699e-11	-0.000720875
4.36712e-11	-0.000719695
4.36726e-11	-0.000718516
4.36739e-11	-0.000717338
4.36753e-11	-0.000716161
4.36766e-11	-0.000714986
4.3678e-11	-0.000713813
4.36793e-11	-0.00071264
4.36807e-11	-0.000711469
4.3682e-11	-0.0007103
4.36834e-11	-0.000709131
4.36847e-11	-0.000707964
4.36861e-11	-0.000706799
4.36874e-11	-0.000705635
4.36888e-11	-0.000704472
4.36901e-11	-0.000703311
4.36915e-11	-0.000702151
4.36929e-11	-0.000700992
4.36942e-11	-0.000699834
4.36956e-11	-0.000698678
4.36969e-11	-0.000697524
4.36983e-11	-0.00069637
4.36996e-11	-0.000695219
4.3701e-11	-0.000694068
4.37023e-11	-0.000692919
4.37037e-11	-0.000691771
4.3705e-11	-0.000690624
4.37064e-11	-0.000689479
4.37077e-11	-0.000688335
4.37091e-11	-0.000687193
4.37104e-11	-0.000686051
4.37118e-11	-0.000684912
4.37131e-11	-0.000683773
4.37145e-11	-0.000682636
4.37158e-11	-0.0006815
4.37172e-11	-0.000680366
4.37186e-11	-0.000679232
4.37199e-11	-0.000678101
4.37213e-11	-0.00067697
4.37226e-11	-0.000675841
4.3724e-11	-0.000674713
4.37253e-11	-0.000673587
4.37267e-11	-0.000672461
4.3728e-11	-0.000671337
4.37294e-11	-0.000670215
4.37307e-11	-0.000669094
4.37321e-11	-0.000667974
4.37334e-11	-0.000666855
4.37348e-11	-0.000665738
4.37361e-11	-0.000664622
4.37375e-11	-0.000663507
4.37388e-11	-0.000662394
4.37402e-11	-0.000661282
4.37415e-11	-0.000660171
4.37429e-11	-0.000659062
4.37443e-11	-0.000657954
4.37456e-11	-0.000656847
4.3747e-11	-0.000655742
4.37483e-11	-0.000654638
4.37497e-11	-0.000653535
4.3751e-11	-0.000652433
4.37524e-11	-0.000651333
4.37537e-11	-0.000650234
4.37551e-11	-0.000649137
4.37564e-11	-0.00064804
4.37578e-11	-0.000646945
4.37591e-11	-0.000645852
4.37605e-11	-0.000644759
4.37618e-11	-0.000643668
4.37632e-11	-0.000642578
4.37645e-11	-0.00064149
4.37659e-11	-0.000640403
4.37672e-11	-0.000639317
4.37686e-11	-0.000638232
4.377e-11	-0.000637149
4.37713e-11	-0.000636066
4.37727e-11	-0.000634986
4.3774e-11	-0.000633906
4.37754e-11	-0.000632828
4.37767e-11	-0.000631751
4.37781e-11	-0.000630675
4.37794e-11	-0.000629601
4.37808e-11	-0.000628528
4.37821e-11	-0.000627456
4.37835e-11	-0.000626385
4.37848e-11	-0.000625316
4.37862e-11	-0.000624248
4.37875e-11	-0.000623181
4.37889e-11	-0.000622116
4.37902e-11	-0.000621052
4.37916e-11	-0.000619989
4.37929e-11	-0.000618927
4.37943e-11	-0.000617867
4.37957e-11	-0.000616808
4.3797e-11	-0.00061575
4.37984e-11	-0.000614693
4.37997e-11	-0.000613638
4.38011e-11	-0.000612584
4.38024e-11	-0.000611531
4.38038e-11	-0.00061048
4.38051e-11	-0.000609429
4.38065e-11	-0.00060838
4.38078e-11	-0.000607332
4.38092e-11	-0.000606286
4.38105e-11	-0.000605241
4.38119e-11	-0.000604197
4.38132e-11	-0.000603154
4.38146e-11	-0.000602112
4.38159e-11	-0.000601072
4.38173e-11	-0.000600033
4.38186e-11	-0.000598995
4.382e-11	-0.000597959
4.38214e-11	-0.000596923
4.38227e-11	-0.000595889
4.38241e-11	-0.000594857
4.38254e-11	-0.000593825
4.38268e-11	-0.000592795
4.38281e-11	-0.000591766
4.38295e-11	-0.000590738
4.38308e-11	-0.000589711
4.38322e-11	-0.000588686
4.38335e-11	-0.000587662
4.38349e-11	-0.000586639
4.38362e-11	-0.000585617
4.38376e-11	-0.000584597
4.38389e-11	-0.000583577
4.38403e-11	-0.000582559
4.38416e-11	-0.000581543
4.3843e-11	-0.000580527
4.38443e-11	-0.000579513
4.38457e-11	-0.0005785
4.38471e-11	-0.000577488
4.38484e-11	-0.000576477
4.38498e-11	-0.000575468
4.38511e-11	-0.000574459
4.38525e-11	-0.000573453
4.38538e-11	-0.000572447
4.38552e-11	-0.000571442
4.38565e-11	-0.000570439
4.38579e-11	-0.000569437
4.38592e-11	-0.000568436
4.38606e-11	-0.000567436
4.38619e-11	-0.000566437
4.38633e-11	-0.00056544
4.38646e-11	-0.000564444
4.3866e-11	-0.000563449
4.38673e-11	-0.000562456
4.38687e-11	-0.000561463
4.387e-11	-0.000560472
4.38714e-11	-0.000559482
4.38728e-11	-0.000558493
4.38741e-11	-0.000557505
4.38755e-11	-0.000556519
4.38768e-11	-0.000555533
4.38782e-11	-0.000554549
4.38795e-11	-0.000553566
4.38809e-11	-0.000552585
4.38822e-11	-0.000551604
4.38836e-11	-0.000550625
4.38849e-11	-0.000549647
4.38863e-11	-0.00054867
4.38876e-11	-0.000547694
4.3889e-11	-0.00054672
4.38903e-11	-0.000545746
4.38917e-11	-0.000544774
4.3893e-11	-0.000543803
4.38944e-11	-0.000542833
4.38957e-11	-0.000541865
4.38971e-11	-0.000540897
4.38985e-11	-0.000539931
4.38998e-11	-0.000538966
4.39012e-11	-0.000538002
4.39025e-11	-0.000537039
4.39039e-11	-0.000536078
4.39052e-11	-0.000535117
4.39066e-11	-0.000534158
4.39079e-11	-0.0005332
4.39093e-11	-0.000532243
4.39106e-11	-0.000531287
4.3912e-11	-0.000530333
4.39133e-11	-0.000529379
4.39147e-11	-0.000528427
4.3916e-11	-0.000527476
4.39174e-11	-0.000526526
4.39187e-11	-0.000525578
4.39201e-11	-0.00052463
4.39214e-11	-0.000523684
4.39228e-11	-0.000522738
4.39242e-11	-0.000521794
4.39255e-11	-0.000520851
4.39269e-11	-0.00051991
4.39282e-11	-0.000518969
4.39296e-11	-0.000518029
4.39309e-11	-0.000517091
4.39323e-11	-0.000516154
4.39336e-11	-0.000515218
4.3935e-11	-0.000514283
4.39363e-11	-0.000513349
4.39377e-11	-0.000512417
4.3939e-11	-0.000511486
4.39404e-11	-0.000510555
4.39417e-11	-0.000509626
4.39431e-11	-0.000508698
4.39444e-11	-0.000507771
4.39458e-11	-0.000506846
4.39471e-11	-0.000505921
4.39485e-11	-0.000504998
4.39499e-11	-0.000504075
4.39512e-11	-0.000503154
4.39526e-11	-0.000502234
4.39539e-11	-0.000501315
4.39553e-11	-0.000500398
4.39566e-11	-0.000499481
4.3958e-11	-0.000498565
4.39593e-11	-0.000497651
4.39607e-11	-0.000496738
4.3962e-11	-0.000495826
4.39634e-11	-0.000494915
4.39647e-11	-0.000494005
4.39661e-11	-0.000493096
4.39674e-11	-0.000492189
4.39688e-11	-0.000491282
4.39701e-11	-0.000490377
4.39715e-11	-0.000489473
4.39728e-11	-0.00048857
4.39742e-11	-0.000487668
4.39756e-11	-0.000486767
4.39769e-11	-0.000485867
4.39783e-11	-0.000484968
4.39796e-11	-0.000484071
4.3981e-11	-0.000483174
4.39823e-11	-0.000482279
4.39837e-11	-0.000481385
4.3985e-11	-0.000480492
4.39864e-11	-0.0004796
4.39877e-11	-0.000478709
4.39891e-11	-0.000477819
4.39904e-11	-0.000476931
4.39918e-11	-0.000476043
4.39931e-11	-0.000475157
4.39945e-11	-0.000474271
4.39958e-11	-0.000473387
4.39972e-11	-0.000472504
4.39985e-11	-0.000471622
4.39999e-11	-0.000470741
4.40013e-11	-0.000469861
4.40026e-11	-0.000468982
4.4004e-11	-0.000468105
4.40053e-11	-0.000467228
4.40067e-11	-0.000466353
4.4008e-11	-0.000465478
4.40094e-11	-0.000464605
4.40107e-11	-0.000463733
4.40121e-11	-0.000462862
4.40134e-11	-0.000461992
4.40148e-11	-0.000461123
4.40161e-11	-0.000460255
4.40175e-11	-0.000459388
4.40188e-11	-0.000458522
4.40202e-11	-0.000457658
4.40215e-11	-0.000456794
4.40229e-11	-0.000455932
4.40242e-11	-0.000455071
4.40256e-11	-0.00045421
4.4027e-11	-0.000453351
4.40283e-11	-0.000452493
4.40297e-11	-0.000451636
4.4031e-11	-0.00045078
4.40324e-11	-0.000449925
4.40337e-11	-0.000449071
4.40351e-11	-0.000448218
4.40364e-11	-0.000447367
4.40378e-11	-0.000446516
4.40391e-11	-0.000445667
4.40405e-11	-0.000444818
4.40418e-11	-0.000443971
4.40432e-11	-0.000443124
4.40445e-11	-0.000442279
4.40459e-11	-0.000441435
4.40472e-11	-0.000440592
4.40486e-11	-0.00043975
4.40499e-11	-0.000438909
4.40513e-11	-0.000438069
4.40527e-11	-0.00043723
4.4054e-11	-0.000436392
4.40554e-11	-0.000435555
4.40567e-11	-0.000434719
4.40581e-11	-0.000433884
4.40594e-11	-0.000433051
4.40608e-11	-0.000432218
4.40621e-11	-0.000431387
4.40635e-11	-0.000430556
4.40648e-11	-0.000429727
4.40662e-11	-0.000428898
4.40675e-11	-0.000428071
4.40689e-11	-0.000427245
4.40702e-11	-0.000426419
4.40716e-11	-0.000425595
4.40729e-11	-0.000424772
4.40743e-11	-0.00042395
4.40756e-11	-0.000423129
4.4077e-11	-0.000422309
4.40784e-11	-0.00042149
4.40797e-11	-0.000420672
4.40811e-11	-0.000419855
4.40824e-11	-0.000419039
4.40838e-11	-0.000418224
4.40851e-11	-0.00041741
4.40865e-11	-0.000416597
4.40878e-11	-0.000415785
4.40892e-11	-0.000414975
4.40905e-11	-0.000414165
4.40919e-11	-0.000413356
4.40932e-11	-0.000412549
4.40946e-11	-0.000411742
4.40959e-11	-0.000410936
4.40973e-11	-0.000410132
4.40986e-11	-0.000409328
4.41e-11	-0.000408526
4.41014e-11	-0.000407724
4.41027e-11	-0.000406924
4.41041e-11	-0.000406124
4.41054e-11	-0.000405326
4.41068e-11	-0.000404528
4.41081e-11	-0.000403732
4.41095e-11	-0.000402936
4.41108e-11	-0.000402142
4.41122e-11	-0.000401348
4.41135e-11	-0.000400556
4.41149e-11	-0.000399765
4.41162e-11	-0.000398974
4.41176e-11	-0.000398185
4.41189e-11	-0.000397397
4.41203e-11	-0.000396609
4.41216e-11	-0.000395823
4.4123e-11	-0.000395038
4.41243e-11	-0.000394253
4.41257e-11	-0.00039347
4.41271e-11	-0.000392688
4.41284e-11	-0.000391906
4.41298e-11	-0.000391126
4.41311e-11	-0.000390347
4.41325e-11	-0.000389568
4.41338e-11	-0.000388791
4.41352e-11	-0.000388015
4.41365e-11	-0.00038724
4.41379e-11	-0.000386465
4.41392e-11	-0.000385692
4.41406e-11	-0.00038492
4.41419e-11	-0.000384148
4.41433e-11	-0.000383378
4.41446e-11	-0.000382608
4.4146e-11	-0.00038184
4.41473e-11	-0.000381073
4.41487e-11	-0.000380306
4.415e-11	-0.000379541
4.41514e-11	-0.000378776
4.41528e-11	-0.000378013
4.41541e-11	-0.00037725
4.41555e-11	-0.000376489
4.41568e-11	-0.000375729
4.41582e-11	-0.000374969
4.41595e-11	-0.00037421
4.41609e-11	-0.000373453
4.41622e-11	-0.000372696
4.41636e-11	-0.000371941
4.41649e-11	-0.000371186
4.41663e-11	-0.000370432
4.41676e-11	-0.00036968
4.4169e-11	-0.000368928
4.41703e-11	-0.000368177
4.41717e-11	-0.000367427
4.4173e-11	-0.000366679
4.41744e-11	-0.000365931
4.41757e-11	-0.000365184
4.41771e-11	-0.000364438
4.41785e-11	-0.000363693
4.41798e-11	-0.000362949
4.41812e-11	-0.000362206
4.41825e-11	-0.000361464
4.41839e-11	-0.000360723
4.41852e-11	-0.000359983
4.41866e-11	-0.000359244
4.41879e-11	-0.000358505
4.41893e-11	-0.000357768
4.41906e-11	-0.000357032
4.4192e-11	-0.000356297
4.41933e-11	-0.000355562
4.41947e-11	-0.000354829
4.4196e-11	-0.000354096
4.41974e-11	-0.000353365
4.41987e-11	-0.000352634
4.42001e-11	-0.000351905
4.42014e-11	-0.000351176
4.42028e-11	-0.000350448
4.42042e-11	-0.000349721
4.42055e-11	-0.000348996
4.42069e-11	-0.000348271
4.42082e-11	-0.000347547
4.42096e-11	-0.000346824
4.42109e-11	-0.000346102
4.42123e-11	-0.000345381
4.42136e-11	-0.00034466
4.4215e-11	-0.000343941
4.42163e-11	-0.000343223
4.42177e-11	-0.000342506
4.4219e-11	-0.000341789
4.42204e-11	-0.000341074
4.42217e-11	-0.000340359
4.42231e-11	-0.000339646
4.42244e-11	-0.000338933
4.42258e-11	-0.000338221
4.42271e-11	-0.00033751
4.42285e-11	-0.0003368
4.42299e-11	-0.000336091
4.42312e-11	-0.000335383
4.42326e-11	-0.000334676
4.42339e-11	-0.00033397
4.42353e-11	-0.000333265
4.42366e-11	-0.000332561
4.4238e-11	-0.000331857
4.42393e-11	-0.000331155
4.42407e-11	-0.000330453
4.4242e-11	-0.000329753
4.42434e-11	-0.000329053
4.42447e-11	-0.000328354
4.42461e-11	-0.000327656
4.42474e-11	-0.000326959
4.42488e-11	-0.000326263
4.42501e-11	-0.000325568
4.42515e-11	-0.000324874
4.42528e-11	-0.000324181
4.42542e-11	-0.000323488
4.42556e-11	-0.000322797
4.42569e-11	-0.000322106
4.42583e-11	-0.000321417
4.42596e-11	-0.000320728
4.4261e-11	-0.00032004
4.42623e-11	-0.000319353
4.42637e-11	-0.000318667
4.4265e-11	-0.000317982
4.42664e-11	-0.000317298
4.42677e-11	-0.000316615
4.42691e-11	-0.000315932
4.42704e-11	-0.000315251
4.42718e-11	-0.00031457
4.42731e-11	-0.000313891
4.42745e-11	-0.000313212
4.42758e-11	-0.000312534
4.42772e-11	-0.000311857
4.42785e-11	-0.000311181
4.42799e-11	-0.000310506
4.42813e-11	-0.000309831
4.42826e-11	-0.000309158
4.4284e-11	-0.000308485
4.42853e-11	-0.000307814
4.42867e-11	-0.000307143
4.4288e-11	-0.000306473
4.42894e-11	-0.000305804
4.42907e-11	-0.000305136
4.42921e-11	-0.000304469
4.42934e-11	-0.000303803
4.42948e-11	-0.000303137
4.42961e-11	-0.000302473
4.42975e-11	-0.000301809
4.42988e-11	-0.000301147
4.43002e-11	-0.000300485
4.43015e-11	-0.000299824
4.43029e-11	-0.000299164
4.43042e-11	-0.000298504
4.43056e-11	-0.000297846
4.4307e-11	-0.000297189
4.43083e-11	-0.000296532
4.43097e-11	-0.000295876
4.4311e-11	-0.000295222
4.43124e-11	-0.000294568
4.43137e-11	-0.000293915
4.43151e-11	-0.000293262
4.43164e-11	-0.000292611
4.43178e-11	-0.000291961
4.43191e-11	-0.000291311
4.43205e-11	-0.000290662
4.43218e-11	-0.000290014
4.43232e-11	-0.000289367
4.43245e-11	-0.000288721
4.43259e-11	-0.000288076
4.43272e-11	-0.000287432
4.43286e-11	-0.000286788
4.43299e-11	-0.000286145
4.43313e-11	-0.000285504
4.43327e-11	-0.000284863
4.4334e-11	-0.000284223
4.43354e-11	-0.000283583
4.43367e-11	-0.000282945
4.43381e-11	-0.000282307
4.43394e-11	-0.000281671
4.43408e-11	-0.000281035
4.43421e-11	-0.0002804
4.43435e-11	-0.000279766
4.43448e-11	-0.000279133
4.43462e-11	-0.0002785
4.43475e-11	-0.000277869
4.43489e-11	-0.000277238
4.43502e-11	-0.000276608
4.43516e-11	-0.000275979
4.43529e-11	-0.000275351
4.43543e-11	-0.000274724
4.43556e-11	-0.000274097
4.4357e-11	-0.000273472
4.43584e-11	-0.000272847
4.43597e-11	-0.000272223
4.43611e-11	-0.0002716
4.43624e-11	-0.000270978
4.43638e-11	-0.000270357
4.43651e-11	-0.000269736
4.43665e-11	-0.000269116
4.43678e-11	-0.000268497
4.43692e-11	-0.000267879
4.43705e-11	-0.000267262
4.43719e-11	-0.000266646
4.43732e-11	-0.00026603
4.43746e-11	-0.000265416
4.43759e-11	-0.000264802
4.43773e-11	-0.000264189
4.43786e-11	-0.000263577
4.438e-11	-0.000262965
4.43813e-11	-0.000262355
4.43827e-11	-0.000261745
4.43841e-11	-0.000261136
4.43854e-11	-0.000260528
4.43868e-11	-0.000259921
4.43881e-11	-0.000259315
4.43895e-11	-0.000258709
4.43908e-11	-0.000258104
4.43922e-11	-0.0002575
4.43935e-11	-0.000256897
4.43949e-11	-0.000256295
4.43962e-11	-0.000255694
4.43976e-11	-0.000255093
4.43989e-11	-0.000254493
4.44003e-11	-0.000253894
4.44016e-11	-0.000253296
4.4403e-11	-0.000252699
4.44043e-11	-0.000252102
4.44057e-11	-0.000251506
4.4407e-11	-0.000250912
4.44084e-11	-0.000250317
4.44098e-11	-0.000249724
4.44111e-11	-0.000249132
4.44125e-11	-0.00024854
4.44138e-11	-0.000247949
4.44152e-11	-0.000247359
4.44165e-11	-0.00024677
4.44179e-11	-0.000246182
4.44192e-11	-0.000245594
4.44206e-11	-0.000245007
4.44219e-11	-0.000244421
4.44233e-11	-0.000243836
4.44246e-11	-0.000243251
4.4426e-11	-0.000242668
4.44273e-11	-0.000242085
4.44287e-11	-0.000241503
4.443e-11	-0.000240922
4.44314e-11	-0.000240342
4.44327e-11	-0.000239762
4.44341e-11	-0.000239183
4.44355e-11	-0.000238605
4.44368e-11	-0.000238028
4.44382e-11	-0.000237451
4.44395e-11	-0.000236876
4.44409e-11	-0.000236301
4.44422e-11	-0.000235727
4.44436e-11	-0.000235154
4.44449e-11	-0.000234581
4.44463e-11	-0.00023401
4.44476e-11	-0.000233439
4.4449e-11	-0.000232869
4.44503e-11	-0.000232299
4.44517e-11	-0.000231731
4.4453e-11	-0.000231163
4.44544e-11	-0.000230596
4.44557e-11	-0.00023003
4.44571e-11	-0.000229465
4.44584e-11	-0.0002289
4.44598e-11	-0.000228336
4.44612e-11	-0.000227773
4.44625e-11	-0.000227211
4.44639e-11	-0.00022665
4.44652e-11	-0.000226089
4.44666e-11	-0.000225529
4.44679e-11	-0.00022497
4.44693e-11	-0.000224411
4.44706e-11	-0.000223854
4.4472e-11	-0.000223297
4.44733e-11	-0.000222741
4.44747e-11	-0.000222186
4.4476e-11	-0.000221631
4.44774e-11	-0.000221078
4.44787e-11	-0.000220525
4.44801e-11	-0.000219972
4.44814e-11	-0.000219421
4.44828e-11	-0.00021887
4.44841e-11	-0.000218321
4.44855e-11	-0.000217771
4.44869e-11	-0.000217223
4.44882e-11	-0.000216676
4.44896e-11	-0.000216129
4.44909e-11	-0.000215583
4.44923e-11	-0.000215037
4.44936e-11	-0.000214493
4.4495e-11	-0.000213949
4.44963e-11	-0.000213406
4.44977e-11	-0.000212864
4.4499e-11	-0.000212322
4.45004e-11	-0.000211782
4.45017e-11	-0.000211242
4.45031e-11	-0.000210702
4.45044e-11	-0.000210164
4.45058e-11	-0.000209626
4.45071e-11	-0.000209089
4.45085e-11	-0.000208553
4.45098e-11	-0.000208018
4.45112e-11	-0.000207483
4.45126e-11	-0.000206949
4.45139e-11	-0.000206416
4.45153e-11	-0.000205883
4.45166e-11	-0.000205352
4.4518e-11	-0.000204821
4.45193e-11	-0.000204291
4.45207e-11	-0.000203761
4.4522e-11	-0.000203232
4.45234e-11	-0.000202704
4.45247e-11	-0.000202177
4.45261e-11	-0.000201651
4.45274e-11	-0.000201125
4.45288e-11	-0.0002006
4.45301e-11	-0.000200076
4.45315e-11	-0.000199552
4.45328e-11	-0.000199029
4.45342e-11	-0.000198507
4.45355e-11	-0.000197986
4.45369e-11	-0.000197465
4.45383e-11	-0.000196946
4.45396e-11	-0.000196427
4.4541e-11	-0.000195908
4.45423e-11	-0.000195391
4.45437e-11	-0.000194874
4.4545e-11	-0.000194357
4.45464e-11	-0.000193842
4.45477e-11	-0.000193327
4.45491e-11	-0.000192813
4.45504e-11	-0.0001923
4.45518e-11	-0.000191788
4.45531e-11	-0.000191276
4.45545e-11	-0.000190765
4.45558e-11	-0.000190254
4.45572e-11	-0.000189745
4.45585e-11	-0.000189236
4.45599e-11	-0.000188728
4.45612e-11	-0.00018822
4.45626e-11	-0.000187714
4.4564e-11	-0.000187208
4.45653e-11	-0.000186702
4.45667e-11	-0.000186198
4.4568e-11	-0.000185694
4.45694e-11	-0.000185191
4.45707e-11	-0.000184688
4.45721e-11	-0.000184187
4.45734e-11	-0.000183686
4.45748e-11	-0.000183185
4.45761e-11	-0.000182686
4.45775e-11	-0.000182187
4.45788e-11	-0.000181689
4.45802e-11	-0.000181191
4.45815e-11	-0.000180695
4.45829e-11	-0.000180199
4.45842e-11	-0.000179704
4.45856e-11	-0.000179209
4.45869e-11	-0.000178715
4.45883e-11	-0.000178222
4.45897e-11	-0.000177729
4.4591e-11	-0.000177238
4.45924e-11	-0.000176747
4.45937e-11	-0.000176256
4.45951e-11	-0.000175767
4.45964e-11	-0.000175278
4.45978e-11	-0.00017479
4.45991e-11	-0.000174302
4.46005e-11	-0.000173815
4.46018e-11	-0.000173329
4.46032e-11	-0.000172844
4.46045e-11	-0.000172359
4.46059e-11	-0.000171875
4.46072e-11	-0.000171392
4.46086e-11	-0.000170909
4.46099e-11	-0.000170427
4.46113e-11	-0.000169946
4.46126e-11	-0.000169465
4.4614e-11	-0.000168985
4.46154e-11	-0.000168506
4.46167e-11	-0.000168028
4.46181e-11	-0.00016755
4.46194e-11	-0.000167073
4.46208e-11	-0.000166596
4.46221e-11	-0.000166121
4.46235e-11	-0.000165646
4.46248e-11	-0.000165171
4.46262e-11	-0.000164698
4.46275e-11	-0.000164225
4.46289e-11	-0.000163752
4.46302e-11	-0.000163281
4.46316e-11	-0.00016281
4.46329e-11	-0.00016234
4.46343e-11	-0.00016187
4.46356e-11	-0.000161401
4.4637e-11	-0.000160933
4.46383e-11	-0.000160466
4.46397e-11	-0.000159999
4.46411e-11	-0.000159533
4.46424e-11	-0.000159067
4.46438e-11	-0.000158602
4.46451e-11	-0.000158138
4.46465e-11	-0.000157675
4.46478e-11	-0.000157212
4.46492e-11	-0.00015675
4.46505e-11	-0.000156288
4.46519e-11	-0.000155828
4.46532e-11	-0.000155368
4.46546e-11	-0.000154908
4.46559e-11	-0.00015445
4.46573e-11	-0.000153991
4.46586e-11	-0.000153534
4.466e-11	-0.000153077
4.46613e-11	-0.000152621
4.46627e-11	-0.000152166
4.4664e-11	-0.000151711
4.46654e-11	-0.000151257
4.46668e-11	-0.000150804
4.46681e-11	-0.000150351
4.46695e-11	-0.000149899
4.46708e-11	-0.000149447
4.46722e-11	-0.000148997
4.46735e-11	-0.000148547
4.46749e-11	-0.000148097
4.46762e-11	-0.000147648
4.46776e-11	-0.0001472
4.46789e-11	-0.000146753
4.46803e-11	-0.000146306
4.46816e-11	-0.00014586
4.4683e-11	-0.000145414
4.46843e-11	-0.00014497
4.46857e-11	-0.000144525
4.4687e-11	-0.000144082
4.46884e-11	-0.000143639
4.46897e-11	-0.000143197
4.46911e-11	-0.000142755
4.46925e-11	-0.000142314
4.46938e-11	-0.000141874
4.46952e-11	-0.000141434
4.46965e-11	-0.000140996
4.46979e-11	-0.000140557
4.46992e-11	-0.00014012
4.47006e-11	-0.000139683
4.47019e-11	-0.000139246
4.47033e-11	-0.00013881
4.47046e-11	-0.000138375
4.4706e-11	-0.000137941
4.47073e-11	-0.000137507
4.47087e-11	-0.000137074
4.471e-11	-0.000136641
4.47114e-11	-0.00013621
4.47127e-11	-0.000135778
4.47141e-11	-0.000135348
4.47154e-11	-0.000134918
4.47168e-11	-0.000134488
4.47182e-11	-0.00013406
4.47195e-11	-0.000133632
4.47209e-11	-0.000133204
4.47222e-11	-0.000132778
4.47236e-11	-0.000132351
4.47249e-11	-0.000131926
4.47263e-11	-0.000131501
4.47276e-11	-0.000131077
4.4729e-11	-0.000130653
4.47303e-11	-0.00013023
4.47317e-11	-0.000129808
4.4733e-11	-0.000129386
4.47344e-11	-0.000128965
4.47357e-11	-0.000128545
4.47371e-11	-0.000128125
4.47384e-11	-0.000127706
4.47398e-11	-0.000127287
4.47411e-11	-0.000126869
4.47425e-11	-0.000126452
4.47439e-11	-0.000126035
4.47452e-11	-0.000125619
4.47466e-11	-0.000125204
4.47479e-11	-0.000124789
4.47493e-11	-0.000124375
4.47506e-11	-0.000123961
4.4752e-11	-0.000123548
4.47533e-11	-0.000123136
4.47547e-11	-0.000122724
4.4756e-11	-0.000122313
4.47574e-11	-0.000121903
4.47587e-11	-0.000121493
4.47601e-11	-0.000121083
4.47614e-11	-0.000120675
4.47628e-11	-0.000120267
4.47641e-11	-0.000119859
4.47655e-11	-0.000119453
4.47668e-11	-0.000119046
4.47682e-11	-0.000118641
4.47696e-11	-0.000118236
4.47709e-11	-0.000117832
4.47723e-11	-0.000117428
4.47736e-11	-0.000117025
4.4775e-11	-0.000116622
4.47763e-11	-0.00011622
4.47777e-11	-0.000115819
4.4779e-11	-0.000115418
4.47804e-11	-0.000115018
4.47817e-11	-0.000114619
4.47831e-11	-0.00011422
4.47844e-11	-0.000113822
4.47858e-11	-0.000113424
4.47871e-11	-0.000113027
4.47885e-11	-0.00011263
4.47898e-11	-0.000112235
4.47912e-11	-0.000111839
4.47925e-11	-0.000111445
4.47939e-11	-0.000111051
4.47953e-11	-0.000110657
4.47966e-11	-0.000110264
4.4798e-11	-0.000109872
4.47993e-11	-0.00010948
4.48007e-11	-0.000109089
4.4802e-11	-0.000108699
4.48034e-11	-0.000108309
4.48047e-11	-0.00010792
4.48061e-11	-0.000107531
4.48074e-11	-0.000107143
4.48088e-11	-0.000106755
4.48101e-11	-0.000106368
4.48115e-11	-0.000105982
4.48128e-11	-0.000105596
4.48142e-11	-0.000105211
4.48155e-11	-0.000104827
4.48169e-11	-0.000104443
4.48182e-11	-0.000104059
4.48196e-11	-0.000103676
4.4821e-11	-0.000103294
4.48223e-11	-0.000102913
4.48237e-11	-0.000102532
4.4825e-11	-0.000102151
4.48264e-11	-0.000101771
4.48277e-11	-0.000101392
4.48291e-11	-0.000101013
4.48304e-11	-0.000100635
4.48318e-11	-0.000100258
4.48331e-11	-9.98807e-05
4.48345e-11	-9.95043e-05
4.48358e-11	-9.91285e-05
4.48372e-11	-9.87533e-05
4.48385e-11	-9.83786e-05
4.48399e-11	-9.80045e-05
4.48412e-11	-9.76311e-05
4.48426e-11	-9.72581e-05
4.48439e-11	-9.68858e-05
4.48453e-11	-9.6514e-05
4.48467e-11	-9.61429e-05
4.4848e-11	-9.57722e-05
4.48494e-11	-9.54022e-05
4.48507e-11	-9.50327e-05
4.48521e-11	-9.46638e-05
4.48534e-11	-9.42955e-05
4.48548e-11	-9.39277e-05
4.48561e-11	-9.35605e-05
4.48575e-11	-9.31939e-05
4.48588e-11	-9.28279e-05
4.48602e-11	-9.24624e-05
4.48615e-11	-9.20975e-05
4.48629e-11	-9.17331e-05
4.48642e-11	-9.13693e-05
4.48656e-11	-9.10061e-05
4.48669e-11	-9.06435e-05
4.48683e-11	-9.02814e-05
4.48696e-11	-8.99198e-05
4.4871e-11	-8.95589e-05
4.48724e-11	-8.91985e-05
4.48737e-11	-8.88386e-05
4.48751e-11	-8.84793e-05
4.48764e-11	-8.81206e-05
4.48778e-11	-8.77625e-05
4.48791e-11	-8.74048e-05
4.48805e-11	-8.70478e-05
4.48818e-11	-8.66913e-05
4.48832e-11	-8.63354e-05
4.48845e-11	-8.598e-05
4.48859e-11	-8.56252e-05
4.48872e-11	-8.52709e-05
4.48886e-11	-8.49172e-05
4.48899e-11	-8.45641e-05
4.48913e-11	-8.42115e-05
4.48926e-11	-8.38594e-05
4.4894e-11	-8.35079e-05
4.48953e-11	-8.31569e-05
4.48967e-11	-8.28066e-05
4.48981e-11	-8.24567e-05
4.48994e-11	-8.21074e-05
4.49008e-11	-8.17587e-05
4.49021e-11	-8.14105e-05
4.49035e-11	-8.10628e-05
4.49048e-11	-8.07157e-05
4.49062e-11	-8.03691e-05
4.49075e-11	-8.00231e-05
4.49089e-11	-7.96777e-05
4.49102e-11	-7.93327e-05
4.49116e-11	-7.89883e-05
4.49129e-11	-7.86445e-05
4.49143e-11	-7.83012e-05
4.49156e-11	-7.79585e-05
4.4917e-11	-7.76162e-05
4.49183e-11	-7.72746e-05
4.49197e-11	-7.69334e-05
4.4921e-11	-7.65928e-05
4.49224e-11	-7.62528e-05
4.49238e-11	-7.59133e-05
4.49251e-11	-7.55743e-05
4.49265e-11	-7.52359e-05
4.49278e-11	-7.4898e-05
4.49292e-11	-7.45606e-05
4.49305e-11	-7.42238e-05
4.49319e-11	-7.38875e-05
4.49332e-11	-7.35517e-05
4.49346e-11	-7.32165e-05
4.49359e-11	-7.28818e-05
4.49373e-11	-7.25476e-05
4.49386e-11	-7.2214e-05
4.494e-11	-7.18809e-05
4.49413e-11	-7.15483e-05
4.49427e-11	-7.12163e-05
4.4944e-11	-7.08847e-05
4.49454e-11	-7.05537e-05
4.49467e-11	-7.02233e-05
4.49481e-11	-6.98934e-05
4.49495e-11	-6.9564e-05
4.49508e-11	-6.92351e-05
4.49522e-11	-6.89067e-05
4.49535e-11	-6.85789e-05
4.49549e-11	-6.82516e-05
4.49562e-11	-6.79248e-05
4.49576e-11	-6.75986e-05
4.49589e-11	-6.72728e-05
4.49603e-11	-6.69476e-05
4.49616e-11	-6.66229e-05
4.4963e-11	-6.62988e-05
4.49643e-11	-6.59751e-05
4.49657e-11	-6.5652e-05
4.4967e-11	-6.53294e-05
4.49684e-11	-6.50073e-05
4.49697e-11	-6.46857e-05
4.49711e-11	-6.43646e-05
4.49724e-11	-6.40441e-05
4.49738e-11	-6.37241e-05
4.49752e-11	-6.34046e-05
4.49765e-11	-6.30856e-05
4.49779e-11	-6.27671e-05
4.49792e-11	-6.24491e-05
4.49806e-11	-6.21317e-05
4.49819e-11	-6.18147e-05
4.49833e-11	-6.14983e-05
4.49846e-11	-6.11824e-05
4.4986e-11	-6.0867e-05
4.49873e-11	-6.05521e-05
4.49887e-11	-6.02377e-05
4.499e-11	-5.99238e-05
4.49914e-11	-5.96104e-05
4.49927e-11	-5.92976e-05
4.49941e-11	-5.89852e-05
4.49954e-11	-5.86734e-05
4.49968e-11	-5.8362e-05
4.49981e-11	-5.80512e-05
4.49995e-11	-5.77409e-05
4.50009e-11	-5.7431e-05
4.50022e-11	-5.71217e-05
4.50036e-11	-5.68129e-05
4.50049e-11	-5.65046e-05
4.50063e-11	-5.61967e-05
4.50076e-11	-5.58894e-05
4.5009e-11	-5.55826e-05
4.50103e-11	-5.52763e-05
4.50117e-11	-5.49705e-05
4.5013e-11	-5.46652e-05
4.50144e-11	-5.43603e-05
4.50157e-11	-5.4056e-05
4.50171e-11	-5.37522e-05
4.50184e-11	-5.34489e-05
4.50198e-11	-5.3146e-05
4.50211e-11	-5.28437e-05
4.50225e-11	-5.25419e-05
4.50238e-11	-5.22405e-05
4.50252e-11	-5.19397e-05
4.50266e-11	-5.16393e-05
4.50279e-11	-5.13394e-05
4.50293e-11	-5.10401e-05
4.50306e-11	-5.07412e-05
4.5032e-11	-5.04428e-05
4.50333e-11	-5.01449e-05
4.50347e-11	-4.98475e-05
4.5036e-11	-4.95506e-05
4.50374e-11	-4.92541e-05
4.50387e-11	-4.89582e-05
4.50401e-11	-4.86627e-05
4.50414e-11	-4.83678e-05
4.50428e-11	-4.80733e-05
4.50441e-11	-4.77793e-05
4.50455e-11	-4.74858e-05
4.50468e-11	-4.71927e-05
4.50482e-11	-4.69002e-05
4.50495e-11	-4.66081e-05
4.50509e-11	-4.63166e-05
4.50523e-11	-4.60255e-05
4.50536e-11	-4.57348e-05
4.5055e-11	-4.54447e-05
4.50563e-11	-4.51551e-05
4.50577e-11	-4.48659e-05
4.5059e-11	-4.45772e-05
4.50604e-11	-4.4289e-05
4.50617e-11	-4.40013e-05
4.50631e-11	-4.3714e-05
4.50644e-11	-4.34272e-05
4.50658e-11	-4.31409e-05
4.50671e-11	-4.28551e-05
4.50685e-11	-4.25697e-05
4.50698e-11	-4.22849e-05
4.50712e-11	-4.20005e-05
4.50725e-11	-4.17165e-05
4.50739e-11	-4.14331e-05
4.50752e-11	-4.11501e-05
4.50766e-11	-4.08676e-05
4.5078e-11	-4.05856e-05
4.50793e-11	-4.0304e-05
4.50807e-11	-4.00229e-05
4.5082e-11	-3.97423e-05
4.50834e-11	-3.94621e-05
4.50847e-11	-3.91825e-05
4.50861e-11	-3.89032e-05
4.50874e-11	-3.86245e-05
4.50888e-11	-3.83462e-05
4.50901e-11	-3.80684e-05
4.50915e-11	-3.77911e-05
4.50928e-11	-3.75142e-05
4.50942e-11	-3.72378e-05
4.50955e-11	-3.69618e-05
4.50969e-11	-3.66863e-05
4.50982e-11	-3.64113e-05
4.50996e-11	-3.61367e-05
4.51009e-11	-3.58626e-05
4.51023e-11	-3.5589e-05
4.51037e-11	-3.53158e-05
4.5105e-11	-3.50431e-05
4.51064e-11	-3.47709e-05
4.51077e-11	-3.44991e-05
4.51091e-11	-3.42277e-05
4.51104e-11	-3.39569e-05
4.51118e-11	-3.36865e-05
4.51131e-11	-3.34165e-05
4.51145e-11	-3.3147e-05
4.51158e-11	-3.28779e-05
4.51172e-11	-3.26094e-05
4.51185e-11	-3.23412e-05
4.51199e-11	-3.20735e-05
4.51212e-11	-3.18063e-05
4.51226e-11	-3.15395e-05
4.51239e-11	-3.12732e-05
4.51253e-11	-3.10074e-05
4.51266e-11	-3.0742e-05
4.5128e-11	-3.0477e-05
4.51294e-11	-3.02125e-05
4.51307e-11	-2.99484e-05
4.51321e-11	-2.96848e-05
4.51334e-11	-2.94217e-05
4.51348e-11	-2.91589e-05
4.51361e-11	-2.88967e-05
4.51375e-11	-2.86349e-05
4.51388e-11	-2.83735e-05
4.51402e-11	-2.81126e-05
4.51415e-11	-2.78521e-05
4.51429e-11	-2.75921e-05
4.51442e-11	-2.73325e-05
4.51456e-11	-2.70734e-05
4.51469e-11	-2.68147e-05
4.51483e-11	-2.65564e-05
4.51496e-11	-2.62986e-05
4.5151e-11	-2.60413e-05
4.51523e-11	-2.57843e-05
4.51537e-11	-2.55279e-05
4.51551e-11	-2.52718e-05
4.51564e-11	-2.50162e-05
4.51578e-11	-2.47611e-05
4.51591e-11	-2.45063e-05
4.51605e-11	-2.42521e-05
4.51618e-11	-2.39982e-05
4.51632e-11	-2.37448e-05
4.51645e-11	-2.34919e-05
4.51659e-11	-2.32393e-05
4.51672e-11	-2.29872e-05
4.51686e-11	-2.27356e-05
4.51699e-11	-2.24844e-05
4.51713e-11	-2.22336e-05
4.51726e-11	-2.19832e-05
4.5174e-11	-2.17333e-05
4.51753e-11	-2.14838e-05
4.51767e-11	-2.12348e-05
4.5178e-11	-2.09861e-05
4.51794e-11	-2.0738e-05
4.51808e-11	-2.04902e-05
4.51821e-11	-2.02429e-05
4.51835e-11	-1.9996e-05
4.51848e-11	-1.97495e-05
4.51862e-11	-1.95035e-05
4.51875e-11	-1.92579e-05
4.51889e-11	-1.90127e-05
4.51902e-11	-1.87679e-05
4.51916e-11	-1.85236e-05
4.51929e-11	-1.82797e-05
4.51943e-11	-1.80362e-05
4.51956e-11	-1.77932e-05
4.5197e-11	-1.75506e-05
4.51983e-11	-1.73084e-05
4.51997e-11	-1.70666e-05
4.5201e-11	-1.68252e-05
4.52024e-11	-1.65843e-05
4.52037e-11	-1.63438e-05
4.52051e-11	-1.61037e-05
4.52065e-11	-1.58641e-05
4.52078e-11	-1.56248e-05
4.52092e-11	-1.5386e-05
4.52105e-11	-1.51476e-05
4.52119e-11	-1.49096e-05
4.52132e-11	-1.46721e-05
4.52146e-11	-1.44349e-05
4.52159e-11	-1.41982e-05
4.52173e-11	-1.39619e-05
4.52186e-11	-1.3726e-05
4.522e-11	-1.34905e-05
4.52213e-11	-1.32555e-05
4.52227e-11	-1.30208e-05
4.5224e-11	-1.27866e-05
4.52254e-11	-1.25528e-05
4.52267e-11	-1.23194e-05
4.52281e-11	-1.20864e-05
4.52294e-11	-1.18538e-05
4.52308e-11	-1.16216e-05
4.52322e-11	-1.13899e-05
4.52335e-11	-1.11586e-05
4.52349e-11	-1.09276e-05
4.52362e-11	-1.06971e-05
4.52376e-11	-1.0467e-05
4.52389e-11	-1.02373e-05
4.52403e-11	-1.0008e-05
4.52416e-11	-9.77914e-06
4.5243e-11	-9.55066e-06
4.52443e-11	-9.3226e-06
4.52457e-11	-9.09494e-06
4.5247e-11	-8.86769e-06
4.52484e-11	-8.64084e-06
4.52497e-11	-8.4144e-06
4.52511e-11	-8.18837e-06
4.52524e-11	-7.96274e-06
4.52538e-11	-7.73751e-06
4.52551e-11	-7.51269e-06
4.52565e-11	-7.28827e-06
4.52579e-11	-7.06425e-06
4.52592e-11	-6.84063e-06
4.52606e-11	-6.61742e-06
4.52619e-11	-6.3946e-06
4.52633e-11	-6.17219e-06
4.52646e-11	-5.95018e-06
4.5266e-11	-5.72856e-06
4.52673e-11	-5.50735e-06
4.52687e-11	-5.28653e-06
4.527e-11	-5.06612e-06
4.52714e-11	-4.8461e-06
4.52727e-11	-4.62647e-06
4.52741e-11	-4.40725e-06
4.52754e-11	-4.18842e-06
4.52768e-11	-3.96998e-06
4.52781e-11	-3.75194e-06
4.52795e-11	-3.5343e-06
4.52808e-11	-3.31705e-06
4.52822e-11	-3.10019e-06
4.52836e-11	-2.88373e-06
4.52849e-11	-2.66766e-06
4.52863e-11	-2.45198e-06
4.52876e-11	-2.23669e-06
4.5289e-11	-2.0218e-06
4.52903e-11	-1.8073e-06
4.52917e-11	-1.59318e-06
4.5293e-11	-1.37946e-06
4.52944e-11	-1.16612e-06
4.52957e-11	-9.53178e-07
4.52971e-11	-7.40621e-07
4.52984e-11	-5.28452e-07
4.52998e-11	-3.1667e-07
4.53011e-11	-1.05276e-07
4.53025e-11	1.05732e-07
4.53038e-11	3.16354e-07
4.53052e-11	5.2659e-07
4.53065e-11	7.36441e-07
4.53079e-11	9.45907e-07
4.53093e-11	1.15499e-06
4.53106e-11	1.36369e-06
4.5312e-11	1.572e-06
4.53133e-11	1.77994e-06
4.53147e-11	1.98749e-06
4.5316e-11	2.19465e-06
4.53174e-11	2.40144e-06
4.53187e-11	2.60785e-06
4.53201e-11	2.81387e-06
4.53214e-11	3.01952e-06
4.53228e-11	3.22479e-06
4.53241e-11	3.42967e-06
4.53255e-11	3.63418e-06
4.53268e-11	3.83831e-06
4.53282e-11	4.04206e-06
4.53295e-11	4.24544e-06
4.53309e-11	4.44844e-06
4.53322e-11	4.65106e-06
4.53336e-11	4.85331e-06
4.5335e-11	5.05518e-06
4.53363e-11	5.25668e-06
4.53377e-11	5.4578e-06
4.5339e-11	5.65855e-06
4.53404e-11	5.85893e-06
4.53417e-11	6.05893e-06
4.53431e-11	6.25856e-06
4.53444e-11	6.45782e-06
4.53458e-11	6.6567e-06
4.53471e-11	6.85522e-06
4.53485e-11	7.05336e-06
4.53498e-11	7.25114e-06
4.53512e-11	7.44854e-06
4.53525e-11	7.64558e-06
4.53539e-11	7.84224e-06
4.53552e-11	8.03854e-06
4.53566e-11	8.23447e-06
4.53579e-11	8.43004e-06
4.53593e-11	8.62523e-06
4.53607e-11	8.82006e-06
4.5362e-11	9.01452e-06
4.53634e-11	9.20862e-06
4.53647e-11	9.40235e-06
4.53661e-11	9.59572e-06
4.53674e-11	9.78873e-06
4.53688e-11	9.98137e-06
4.53701e-11	1.01736e-05
4.53715e-11	1.03656e-05
4.53728e-11	1.05571e-05
4.53742e-11	1.07483e-05
4.53755e-11	1.09391e-05
4.53769e-11	1.11296e-05
4.53782e-11	1.13197e-05
4.53796e-11	1.15094e-05
4.53809e-11	1.16988e-05
4.53823e-11	1.18879e-05
4.53836e-11	1.20765e-05
4.5385e-11	1.22648e-05
4.53864e-11	1.24528e-05
4.53877e-11	1.26404e-05
4.53891e-11	1.28276e-05
4.53904e-11	1.30145e-05
4.53918e-11	1.3201e-05
4.53931e-11	1.33872e-05
4.53945e-11	1.3573e-05
4.53958e-11	1.37585e-05
4.53972e-11	1.39436e-05
4.53985e-11	1.41283e-05
4.53999e-11	1.43127e-05
4.54012e-11	1.44968e-05
4.54026e-11	1.46804e-05
4.54039e-11	1.48638e-05
4.54053e-11	1.50468e-05
4.54066e-11	1.52294e-05
4.5408e-11	1.54117e-05
4.54093e-11	1.55936e-05
4.54107e-11	1.57752e-05
4.54121e-11	1.59565e-05
4.54134e-11	1.61373e-05
4.54148e-11	1.63179e-05
4.54161e-11	1.64981e-05
4.54175e-11	1.66779e-05
4.54188e-11	1.68574e-05
4.54202e-11	1.70366e-05
4.54215e-11	1.72154e-05
4.54229e-11	1.73938e-05
4.54242e-11	1.75719e-05
4.54256e-11	1.77497e-05
4.54269e-11	1.79271e-05
4.54283e-11	1.81042e-05
4.54296e-11	1.82809e-05
4.5431e-11	1.84573e-05
4.54323e-11	1.86333e-05
4.54337e-11	1.88091e-05
4.5435e-11	1.89844e-05
4.54364e-11	1.91594e-05
4.54378e-11	1.93341e-05
4.54391e-11	1.95084e-05
4.54405e-11	1.96824e-05
4.54418e-11	1.98561e-05
4.54432e-11	2.00294e-05
4.54445e-11	2.02024e-05
4.54459e-11	2.0375e-05
4.54472e-11	2.05473e-05
4.54486e-11	2.07193e-05
4.54499e-11	2.08909e-05
4.54513e-11	2.10622e-05
4.54526e-11	2.12332e-05
4.5454e-11	2.14038e-05
4.54553e-11	2.15741e-05
4.54567e-11	2.1744e-05
4.5458e-11	2.19136e-05
4.54594e-11	2.20829e-05
4.54607e-11	2.22519e-05
4.54621e-11	2.24205e-05
4.54635e-11	2.25887e-05
4.54648e-11	2.27567e-05
4.54662e-11	2.29243e-05
4.54675e-11	2.30916e-05
4.54689e-11	2.32585e-05
4.54702e-11	2.34252e-05
4.54716e-11	2.35914e-05
4.54729e-11	2.37574e-05
4.54743e-11	2.3923e-05
4.54756e-11	2.40883e-05
4.5477e-11	2.42533e-05
4.54783e-11	2.44179e-05
4.54797e-11	2.45823e-05
4.5481e-11	2.47462e-05
4.54824e-11	2.49099e-05
4.54837e-11	2.50732e-05
4.54851e-11	2.52362e-05
4.54864e-11	2.53989e-05
4.54878e-11	2.55613e-05
4.54892e-11	2.57233e-05
4.54905e-11	2.5885e-05
4.54919e-11	2.60464e-05
4.54932e-11	2.62074e-05
4.54946e-11	2.63682e-05
4.54959e-11	2.65286e-05
4.54973e-11	2.66887e-05
4.54986e-11	2.68484e-05
4.55e-11	2.70079e-05
4.55013e-11	2.7167e-05
4.55027e-11	2.73258e-05
4.5504e-11	2.74843e-05
4.55054e-11	2.76425e-05
4.55067e-11	2.78003e-05
4.55081e-11	2.79578e-05
4.55094e-11	2.8115e-05
4.55108e-11	2.82719e-05
4.55121e-11	2.84285e-05
4.55135e-11	2.85847e-05
4.55149e-11	2.87407e-05
4.55162e-11	2.88963e-05
4.55176e-11	2.90516e-05
4.55189e-11	2.92066e-05
4.55203e-11	2.93612e-05
4.55216e-11	2.95156e-05
4.5523e-11	2.96696e-05
4.55243e-11	2.98233e-05
4.55257e-11	2.99767e-05
4.5527e-11	3.01298e-05
4.55284e-11	3.02826e-05
4.55297e-11	3.04351e-05
4.55311e-11	3.05873e-05
4.55324e-11	3.07391e-05
4.55338e-11	3.08906e-05
4.55351e-11	3.10419e-05
4.55365e-11	3.11928e-05
4.55378e-11	3.13434e-05
4.55392e-11	3.14937e-05
4.55406e-11	3.16436e-05
4.55419e-11	3.17933e-05
4.55433e-11	3.19427e-05
4.55446e-11	3.20917e-05
4.5546e-11	3.22405e-05
4.55473e-11	3.23889e-05
4.55487e-11	3.25371e-05
4.555e-11	3.26849e-05
4.55514e-11	3.28324e-05
4.55527e-11	3.29796e-05
4.55541e-11	3.31265e-05
4.55554e-11	3.32731e-05
4.55568e-11	3.34194e-05
4.55581e-11	3.35654e-05
4.55595e-11	3.37111e-05
4.55608e-11	3.38565e-05
4.55622e-11	3.40016e-05
4.55635e-11	3.41464e-05
4.55649e-11	3.42909e-05
4.55663e-11	3.4435e-05
4.55676e-11	3.45789e-05
4.5569e-11	3.47225e-05
4.55703e-11	3.48658e-05
4.55717e-11	3.50087e-05
4.5573e-11	3.51514e-05
4.55744e-11	3.52938e-05
4.55757e-11	3.54359e-05
4.55771e-11	3.55776e-05
4.55784e-11	3.57191e-05
4.55798e-11	3.58603e-05
4.55811e-11	3.60012e-05
4.55825e-11	3.61418e-05
4.55838e-11	3.6282e-05
4.55852e-11	3.6422e-05
4.55865e-11	3.65617e-05
4.55879e-11	3.67011e-05
4.55892e-11	3.68402e-05
4.55906e-11	3.6979e-05
4.5592e-11	3.71176e-05
4.55933e-11	3.72558e-05
4.55947e-11	3.73937e-05
4.5596e-11	3.75313e-05
4.55974e-11	3.76687e-05
4.55987e-11	3.78057e-05
4.56001e-11	3.79425e-05
4.56014e-11	3.80789e-05
4.56028e-11	3.82151e-05
4.56041e-11	3.8351e-05
4.56055e-11	3.84866e-05
4.56068e-11	3.86219e-05
4.56082e-11	3.87569e-05
4.56095e-11	3.88916e-05
4.56109e-11	3.90261e-05
4.56122e-11	3.91602e-05
4.56136e-11	3.92941e-05
4.56149e-11	3.94276e-05
4.56163e-11	3.95609e-05
4.56177e-11	3.96939e-05
4.5619e-11	3.98266e-05
4.56204e-11	3.9959e-05
4.56217e-11	4.00911e-05
4.56231e-11	4.0223e-05
4.56244e-11	4.03546e-05
4.56258e-11	4.04858e-05
4.56271e-11	4.06168e-05
4.56285e-11	4.07475e-05
4.56298e-11	4.0878e-05
4.56312e-11	4.10081e-05
4.56325e-11	4.1138e-05
4.56339e-11	4.12675e-05
4.56352e-11	4.13968e-05
4.56366e-11	4.15258e-05
4.56379e-11	4.16546e-05
4.56393e-11	4.1783e-05
4.56407e-11	4.19112e-05
4.5642e-11	4.20391e-05
4.56434e-11	4.21667e-05
4.56447e-11	4.2294e-05
4.56461e-11	4.2421e-05
4.56474e-11	4.25478e-05
4.56488e-11	4.26743e-05
4.56501e-11	4.28005e-05
4.56515e-11	4.29264e-05
4.56528e-11	4.30521e-05
4.56542e-11	4.31775e-05
4.56555e-11	4.33026e-05
4.56569e-11	4.34274e-05
4.56582e-11	4.35519e-05
4.56596e-11	4.36762e-05
4.56609e-11	4.38002e-05
4.56623e-11	4.39239e-05
4.56636e-11	4.40474e-05
4.5665e-11	4.41706e-05
4.56664e-11	4.42935e-05
4.56677e-11	4.44161e-05
4.56691e-11	4.45384e-05
4.56704e-11	4.46605e-05
4.56718e-11	4.47823e-05
4.56731e-11	4.49039e-05
4.56745e-11	4.50251e-05
4.56758e-11	4.51461e-05
4.56772e-11	4.52669e-05
4.56785e-11	4.53873e-05
4.56799e-11	4.55075e-05
4.56812e-11	4.56274e-05
4.56826e-11	4.5747e-05
4.56839e-11	4.58664e-05
4.56853e-11	4.59855e-05
4.56866e-11	4.61044e-05
4.5688e-11	4.62229e-05
4.56893e-11	4.63412e-05
4.56907e-11	4.64593e-05
4.56921e-11	4.6577e-05
4.56934e-11	4.66945e-05
4.56948e-11	4.68118e-05
4.56961e-11	4.69287e-05
4.56975e-11	4.70454e-05
4.56988e-11	4.71619e-05
4.57002e-11	4.72781e-05
4.57015e-11	4.7394e-05
4.57029e-11	4.75096e-05
4.57042e-11	4.7625e-05
4.57056e-11	4.77401e-05
4.57069e-11	4.7855e-05
4.57083e-11	4.79696e-05
4.57096e-11	4.80839e-05
4.5711e-11	4.8198e-05
4.57123e-11	4.83118e-05
4.57137e-11	4.84253e-05
4.5715e-11	4.85386e-05
4.57164e-11	4.86516e-05
4.57178e-11	4.87644e-05
4.57191e-11	4.88769e-05
4.57205e-11	4.89891e-05
4.57218e-11	4.91011e-05
4.57232e-11	4.92128e-05
4.57245e-11	4.93243e-05
4.57259e-11	4.94355e-05
4.57272e-11	4.95465e-05
4.57286e-11	4.96572e-05
4.57299e-11	4.97676e-05
4.57313e-11	4.98778e-05
4.57326e-11	4.99877e-05
4.5734e-11	5.00974e-05
4.57353e-11	5.02068e-05
4.57367e-11	5.03159e-05
4.5738e-11	5.04248e-05
4.57394e-11	5.05335e-05
4.57407e-11	5.06419e-05
4.57421e-11	5.075e-05
4.57435e-11	5.08579e-05
4.57448e-11	5.09655e-05
4.57462e-11	5.10729e-05
4.57475e-11	5.11801e-05
4.57489e-11	5.12869e-05
4.57502e-11	5.13936e-05
4.57516e-11	5.14999e-05
4.57529e-11	5.1606e-05
4.57543e-11	5.17119e-05
4.57556e-11	5.18175e-05
4.5757e-11	5.19229e-05
4.57583e-11	5.2028e-05
4.57597e-11	5.21329e-05
4.5761e-11	5.22375e-05
4.57624e-11	5.23419e-05
4.57637e-11	5.2446e-05
4.57651e-11	5.25499e-05
4.57664e-11	5.26535e-05
4.57678e-11	5.27569e-05
4.57692e-11	5.286e-05
4.57705e-11	5.29629e-05
4.57719e-11	5.30656e-05
4.57732e-11	5.3168e-05
4.57746e-11	5.32701e-05
4.57759e-11	5.3372e-05
4.57773e-11	5.34737e-05
4.57786e-11	5.35751e-05
4.578e-11	5.36763e-05
4.57813e-11	5.37772e-05
4.57827e-11	5.38779e-05
4.5784e-11	5.39783e-05
4.57854e-11	5.40785e-05
4.57867e-11	5.41785e-05
4.57881e-11	5.42782e-05
4.57894e-11	5.43777e-05
4.57908e-11	5.44769e-05
4.57921e-11	5.45759e-05
4.57935e-11	5.46746e-05
4.57949e-11	5.47731e-05
4.57962e-11	5.48714e-05
4.57976e-11	5.49694e-05
4.57989e-11	5.50672e-05
4.58003e-11	5.51647e-05
4.58016e-11	5.5262e-05
4.5803e-11	5.53591e-05
4.58043e-11	5.54559e-05
4.58057e-11	5.55525e-05
4.5807e-11	5.56489e-05
4.58084e-11	5.5745e-05
4.58097e-11	5.58409e-05
4.58111e-11	5.59365e-05
4.58124e-11	5.60319e-05
4.58138e-11	5.61271e-05
4.58151e-11	5.6222e-05
4.58165e-11	5.63167e-05
4.58178e-11	5.64112e-05
4.58192e-11	5.65054e-05
4.58206e-11	5.65994e-05
4.58219e-11	5.66932e-05
4.58233e-11	5.67867e-05
4.58246e-11	5.688e-05
4.5826e-11	5.69731e-05
4.58273e-11	5.70659e-05
4.58287e-11	5.71585e-05
4.583e-11	5.72509e-05
4.58314e-11	5.7343e-05
4.58327e-11	5.74349e-05
4.58341e-11	5.75266e-05
4.58354e-11	5.7618e-05
4.58368e-11	5.77092e-05
4.58381e-11	5.78002e-05
4.58395e-11	5.78909e-05
4.58408e-11	5.79815e-05
4.58422e-11	5.80717e-05
4.58435e-11	5.81618e-05
4.58449e-11	5.82516e-05
4.58463e-11	5.83412e-05
4.58476e-11	5.84306e-05
4.5849e-11	5.85198e-05
4.58503e-11	5.86087e-05
4.58517e-11	5.86974e-05
4.5853e-11	5.87858e-05
4.58544e-11	5.88741e-05
4.58557e-11	5.89621e-05
4.58571e-11	5.90499e-05
4.58584e-11	5.91374e-05
4.58598e-11	5.92248e-05
4.58611e-11	5.93119e-05
4.58625e-11	5.93988e-05
4.58638e-11	5.94855e-05
4.58652e-11	5.95719e-05
4.58665e-11	5.96581e-05
4.58679e-11	5.97441e-05
4.58692e-11	5.98299e-05
4.58706e-11	5.99154e-05
4.5872e-11	6.00008e-05
4.58733e-11	6.00859e-05
4.58747e-11	6.01707e-05
4.5876e-11	6.02554e-05
4.58774e-11	6.03398e-05
4.58787e-11	6.04241e-05
4.58801e-11	6.05081e-05
4.58814e-11	6.05918e-05
4.58828e-11	6.06754e-05
4.58841e-11	6.07587e-05
4.58855e-11	6.08419e-05
4.58868e-11	6.09248e-05
4.58882e-11	6.10075e-05
4.58895e-11	6.10899e-05
4.58909e-11	6.11722e-05
4.58922e-11	6.12542e-05
4.58936e-11	6.1336e-05
4.58949e-11	6.14176e-05
4.58963e-11	6.1499e-05
4.58977e-11	6.15801e-05
4.5899e-11	6.16611e-05
4.59004e-11	6.17418e-05
4.59017e-11	6.18223e-05
4.59031e-11	6.19026e-05
4.59044e-11	6.19827e-05
4.59058e-11	6.20626e-05
4.59071e-11	6.21423e-05
4.59085e-11	6.22217e-05
4.59098e-11	6.23009e-05
4.59112e-11	6.23799e-05
4.59125e-11	6.24587e-05
4.59139e-11	6.25373e-05
4.59152e-11	6.26157e-05
4.59166e-11	6.26939e-05
4.59179e-11	6.27718e-05
4.59193e-11	6.28496e-05
4.59206e-11	6.29271e-05
4.5922e-11	6.30044e-05
4.59234e-11	6.30815e-05
4.59247e-11	6.31584e-05
4.59261e-11	6.32351e-05
4.59274e-11	6.33116e-05
4.59288e-11	6.33879e-05
4.59301e-11	6.3464e-05
4.59315e-11	6.35398e-05
4.59328e-11	6.36154e-05
4.59342e-11	6.36909e-05
4.59355e-11	6.37661e-05
4.59369e-11	6.38411e-05
4.59382e-11	6.39159e-05
4.59396e-11	6.39906e-05
4.59409e-11	6.4065e-05
4.59423e-11	6.41391e-05
4.59436e-11	6.42131e-05
4.5945e-11	6.42869e-05
4.59463e-11	6.43605e-05
4.59477e-11	6.44339e-05
4.59491e-11	6.4507e-05
4.59504e-11	6.458e-05
4.59518e-11	6.46527e-05
4.59531e-11	6.47253e-05
4.59545e-11	6.47976e-05
4.59558e-11	6.48698e-05
4.59572e-11	6.49417e-05
4.59585e-11	6.50135e-05
4.59599e-11	6.5085e-05
4.59612e-11	6.51564e-05
4.59626e-11	6.52275e-05
4.59639e-11	6.52984e-05
4.59653e-11	6.53691e-05
4.59666e-11	6.54397e-05
4.5968e-11	6.551e-05
4.59693e-11	6.55801e-05
4.59707e-11	6.56501e-05
4.5972e-11	6.57198e-05
4.59734e-11	6.57893e-05
4.59748e-11	6.58586e-05
4.59761e-11	6.59278e-05
4.59775e-11	6.59967e-05
4.59788e-11	6.60654e-05
4.59802e-11	6.6134e-05
4.59815e-11	6.62023e-05
4.59829e-11	6.62704e-05
4.59842e-11	6.63384e-05
4.59856e-11	6.64061e-05
4.59869e-11	6.64737e-05
4.59883e-11	6.6541e-05
4.59896e-11	6.66082e-05
4.5991e-11	6.66751e-05
4.59923e-11	6.67419e-05
4.59937e-11	6.68085e-05
4.5995e-11	6.68748e-05
4.59964e-11	6.6941e-05
4.59977e-11	6.7007e-05
4.59991e-11	6.70728e-05
4.60005e-11	6.71384e-05
4.60018e-11	6.72038e-05
4.60032e-11	6.7269e-05
4.60045e-11	6.7334e-05
4.60059e-11	6.73988e-05
4.60072e-11	6.74635e-05
4.60086e-11	6.75279e-05
4.60099e-11	6.75921e-05
4.60113e-11	6.76562e-05
4.60126e-11	6.77201e-05
4.6014e-11	6.77837e-05
4.60153e-11	6.78472e-05
4.60167e-11	6.79105e-05
4.6018e-11	6.79736e-05
4.60194e-11	6.80365e-05
4.60207e-11	6.80992e-05
4.60221e-11	6.81618e-05
4.60234e-11	6.82241e-05
4.60248e-11	6.82863e-05
4.60262e-11	6.83482e-05
4.60275e-11	6.841e-05
4.60289e-11	6.84716e-05
4.60302e-11	6.8533e-05
4.60316e-11	6.85942e-05
4.60329e-11	6.86552e-05
4.60343e-11	6.87161e-05
4.60356e-11	6.87767e-05
4.6037e-11	6.88372e-05
4.60383e-11	6.88975e-05
4.60397e-11	6.89576e-05
4.6041e-11	6.90175e-05
4.60424e-11	6.90772e-05
4.60437e-11	6.91367e-05
4.60451e-11	6.91961e-05
4.60464e-11	6.92552e-05
4.60478e-11	6.93142e-05
4.60491e-11	6.9373e-05
4.60505e-11	6.94316e-05
4.60519e-11	6.94901e-05
4.60532e-11	6.95483e-05
4.60546e-11	6.96064e-05
4.60559e-11	6.96643e-05
4.60573e-11	6.9722e-05
4.60586e-11	6.97795e-05
4.606e-11	6.98368e-05
4.60613e-11	6.9894e-05
4.60627e-11	6.9951e-05
4.6064e-11	7.00078e-05
4.60654e-11	7.00644e-05
4.60667e-11	7.01208e-05
4.60681e-11	7.01771e-05
4.60694e-11	7.02332e-05
4.60708e-11	7.0289e-05
4.60721e-11	7.03448e-05
4.60735e-11	7.04003e-05
4.60748e-11	7.04557e-05
4.60762e-11	7.05108e-05
4.60776e-11	7.05658e-05
4.60789e-11	7.06207e-05
4.60803e-11	7.06753e-05
4.60816e-11	7.07298e-05
4.6083e-11	7.07841e-05
4.60843e-11	7.08382e-05
4.60857e-11	7.08921e-05
4.6087e-11	7.09459e-05
4.60884e-11	7.09995e-05
4.60897e-11	7.10529e-05
4.60911e-11	7.11061e-05
4.60924e-11	7.11592e-05
4.60938e-11	7.1212e-05
4.60951e-11	7.12647e-05
4.60965e-11	7.13173e-05
4.60978e-11	7.13696e-05
4.60992e-11	7.14218e-05
4.61005e-11	7.14738e-05
4.61019e-11	7.15257e-05
4.61033e-11	7.15773e-05
4.61046e-11	7.16288e-05
4.6106e-11	7.16801e-05
4.61073e-11	7.17313e-05
4.61087e-11	7.17823e-05
4.611e-11	7.18331e-05
4.61114e-11	7.18837e-05
4.61127e-11	7.19341e-05
4.61141e-11	7.19844e-05
4.61154e-11	7.20346e-05
4.61168e-11	7.20845e-05
4.61181e-11	7.21343e-05
4.61195e-11	7.21839e-05
4.61208e-11	7.22333e-05
4.61222e-11	7.22826e-05
4.61235e-11	7.23317e-05
4.61249e-11	7.23806e-05
4.61262e-11	7.24294e-05
4.61276e-11	7.2478e-05
4.6129e-11	7.25264e-05
4.61303e-11	7.25746e-05
4.61317e-11	7.26227e-05
4.6133e-11	7.26706e-05
4.61344e-11	7.27184e-05
4.61357e-11	7.2766e-05
4.61371e-11	7.28134e-05
4.61384e-11	7.28606e-05
4.61398e-11	7.29077e-05
4.61411e-11	7.29546e-05
4.61425e-11	7.30014e-05
4.61438e-11	7.3048e-05
4.61452e-11	7.30944e-05
4.61465e-11	7.31407e-05
4.61479e-11	7.31867e-05
4.61492e-11	7.32327e-05
4.61506e-11	7.32784e-05
4.61519e-11	7.3324e-05
4.61533e-11	7.33695e-05
4.61547e-11	7.34147e-05
4.6156e-11	7.34598e-05
4.61574e-11	7.35048e-05
4.61587e-11	7.35496e-05
4.61601e-11	7.35942e-05
4.61614e-11	7.36387e-05
4.61628e-11	7.36829e-05
4.61641e-11	7.37271e-05
4.61655e-11	7.37711e-05
4.61668e-11	7.38149e-05
4.61682e-11	7.38585e-05
4.61695e-11	7.3902e-05
4.61709e-11	7.39453e-05
4.61722e-11	7.39885e-05
4.61736e-11	7.40315e-05
4.61749e-11	7.40743e-05
4.61763e-11	7.4117e-05
4.61776e-11	7.41596e-05
4.6179e-11	7.42019e-05
4.61804e-11	7.42442e-05
4.61817e-11	7.42862e-05
4.61831e-11	7.43281e-05
4.61844e-11	7.43698e-05
4.61858e-11	7.44114e-05
4.61871e-11	7.44528e-05
4.61885e-11	7.44941e-05
4.61898e-11	7.45352e-05
4.61912e-11	7.45762e-05
4.61925e-11	7.46169e-05
4.61939e-11	7.46576e-05
4.61952e-11	7.46981e-05
4.61966e-11	7.47384e-05
4.61979e-11	7.47786e-05
4.61993e-11	7.48186e-05
4.62006e-11	7.48584e-05
4.6202e-11	7.48981e-05
4.62033e-11	7.49377e-05
4.62047e-11	7.49771e-05
4.62061e-11	7.50163e-05
4.62074e-11	7.50554e-05
4.62088e-11	7.50943e-05
4.62101e-11	7.51331e-05
4.62115e-11	7.51717e-05
4.62128e-11	7.52102e-05
4.62142e-11	7.52485e-05
4.62155e-11	7.52867e-05
4.62169e-11	7.53247e-05
4.62182e-11	7.53626e-05
4.62196e-11	7.54003e-05
4.62209e-11	7.54378e-05
4.62223e-11	7.54753e-05
4.62236e-11	7.55125e-05
4.6225e-11	7.55496e-05
4.62263e-11	7.55866e-05
4.62277e-11	7.56234e-05
4.6229e-11	7.566e-05
4.62304e-11	7.56965e-05
4.62318e-11	7.57329e-05
4.62331e-11	7.57691e-05
4.62345e-11	7.58051e-05
4.62358e-11	7.58411e-05
4.62372e-11	7.58768e-05
4.62385e-11	7.59124e-05
4.62399e-11	7.59479e-05
4.62412e-11	7.59832e-05
4.62426e-11	7.60184e-05
4.62439e-11	7.60534e-05
4.62453e-11	7.60883e-05
4.62466e-11	7.6123e-05
4.6248e-11	7.61576e-05
4.62493e-11	7.6192e-05
4.62507e-11	7.62263e-05
4.6252e-11	7.62604e-05
4.62534e-11	7.62944e-05
4.62547e-11	7.63282e-05
4.62561e-11	7.63619e-05
4.62575e-11	7.63955e-05
4.62588e-11	7.64289e-05
4.62602e-11	7.64622e-05
4.62615e-11	7.64953e-05
4.62629e-11	7.65283e-05
4.62642e-11	7.65611e-05
4.62656e-11	7.65938e-05
4.62669e-11	7.66263e-05
4.62683e-11	7.66587e-05
4.62696e-11	7.6691e-05
4.6271e-11	7.67231e-05
4.62723e-11	7.67551e-05
4.62737e-11	7.67869e-05
4.6275e-11	7.68186e-05
4.62764e-11	7.68501e-05
4.62777e-11	7.68815e-05
4.62791e-11	7.69128e-05
4.62804e-11	7.69439e-05
4.62818e-11	7.69749e-05
4.62832e-11	7.70057e-05
4.62845e-11	7.70364e-05
4.62859e-11	7.7067e-05
4.62872e-11	7.70974e-05
4.62886e-11	7.71277e-05
4.62899e-11	7.71578e-05
4.62913e-11	7.71878e-05
4.62926e-11	7.72177e-05
4.6294e-11	7.72474e-05
4.62953e-11	7.7277e-05
4.62967e-11	7.73064e-05
4.6298e-11	7.73357e-05
4.62994e-11	7.73649e-05
4.63007e-11	7.73939e-05
4.63021e-11	7.74228e-05
4.63034e-11	7.74515e-05
4.63048e-11	7.74801e-05
4.63061e-11	7.75086e-05
4.63075e-11	7.7537e-05
4.63089e-11	7.75652e-05
4.63102e-11	7.75932e-05
4.63116e-11	7.76212e-05
4.63129e-11	7.76489e-05
4.63143e-11	7.76766e-05
4.63156e-11	7.77041e-05
4.6317e-11	7.77315e-05
4.63183e-11	7.77588e-05
4.63197e-11	7.77859e-05
4.6321e-11	7.78129e-05
4.63224e-11	7.78397e-05
4.63237e-11	7.78664e-05
4.63251e-11	7.7893e-05
4.63264e-11	7.79194e-05
4.63278e-11	7.79457e-05
4.63291e-11	7.79719e-05
4.63305e-11	7.7998e-05
4.63318e-11	7.80239e-05
4.63332e-11	7.80496e-05
4.63346e-11	7.80753e-05
4.63359e-11	7.81008e-05
4.63373e-11	7.81262e-05
4.63386e-11	7.81514e-05
4.634e-11	7.81765e-05
4.63413e-11	7.82015e-05
4.63427e-11	7.82264e-05
4.6344e-11	7.82511e-05
4.63454e-11	7.82757e-05
4.63467e-11	7.83002e-05
4.63481e-11	7.83245e-05
4.63494e-11	7.83487e-05
4.63508e-11	7.83728e-05
4.63521e-11	7.83967e-05
4.63535e-11	7.84205e-05
4.63548e-11	7.84442e-05
4.63562e-11	7.84677e-05
4.63575e-11	7.84912e-05
4.63589e-11	7.85145e-05
4.63603e-11	7.85376e-05
4.63616e-11	7.85607e-05
4.6363e-11	7.85836e-05
4.63643e-11	7.86064e-05
4.63657e-11	7.8629e-05
4.6367e-11	7.86515e-05
4.63684e-11	7.86739e-05
4.63697e-11	7.86962e-05
4.63711e-11	7.87184e-05
4.63724e-11	7.87404e-05
4.63738e-11	7.87623e-05
4.63751e-11	7.8784e-05
4.63765e-11	7.88057e-05
4.63778e-11	7.88272e-05
4.63792e-11	7.88486e-05
4.63805e-11	7.88698e-05
4.63819e-11	7.8891e-05
4.63832e-11	7.8912e-05
4.63846e-11	7.89329e-05
4.6386e-11	7.89536e-05
4.63873e-11	7.89743e-05
4.63887e-11	7.89948e-05
4.639e-11	7.90152e-05
4.63914e-11	7.90354e-05
4.63927e-11	7.90556e-05
4.63941e-11	7.90756e-05
4.63954e-11	7.90955e-05
4.63968e-11	7.91153e-05
4.63981e-11	7.91349e-05
4.63995e-11	7.91545e-05
4.64008e-11	7.91739e-05
4.64022e-11	7.91931e-05
4.64035e-11	7.92123e-05
4.64049e-11	7.92313e-05
4.64062e-11	7.92503e-05
4.64076e-11	7.92691e-05
4.64089e-11	7.92877e-05
4.64103e-11	7.93063e-05
4.64117e-11	7.93247e-05
4.6413e-11	7.9343e-05
4.64144e-11	7.93612e-05
4.64157e-11	7.93793e-05
4.64171e-11	7.93973e-05
4.64184e-11	7.94151e-05
4.64198e-11	7.94328e-05
4.64211e-11	7.94504e-05
4.64225e-11	7.94679e-05
4.64238e-11	7.94852e-05
4.64252e-11	7.95025e-05
4.64265e-11	7.95196e-05
4.64279e-11	7.95366e-05
4.64292e-11	7.95535e-05
4.64306e-11	7.95702e-05
4.64319e-11	7.95869e-05
4.64333e-11	7.96034e-05
4.64346e-11	7.96198e-05
4.6436e-11	7.96361e-05
4.64374e-11	7.96523e-05
4.64387e-11	7.96684e-05
4.64401e-11	7.96843e-05
4.64414e-11	7.97001e-05
4.64428e-11	7.97159e-05
4.64441e-11	7.97315e-05
4.64455e-11	7.97469e-05
4.64468e-11	7.97623e-05
4.64482e-11	7.97776e-05
4.64495e-11	7.97927e-05
4.64509e-11	7.98077e-05
4.64522e-11	7.98226e-05
4.64536e-11	7.98374e-05
4.64549e-11	7.98521e-05
4.64563e-11	7.98666e-05
4.64576e-11	7.98811e-05
4.6459e-11	7.98954e-05
4.64603e-11	7.99096e-05
4.64617e-11	7.99237e-05
4.64631e-11	7.99377e-05
4.64644e-11	7.99516e-05
4.64658e-11	7.99654e-05
4.64671e-11	7.99791e-05
4.64685e-11	7.99926e-05
4.64698e-11	8.0006e-05
4.64712e-11	8.00193e-05
4.64725e-11	8.00325e-05
4.64739e-11	8.00456e-05
4.64752e-11	8.00586e-05
4.64766e-11	8.00715e-05
4.64779e-11	8.00843e-05
4.64793e-11	8.00969e-05
4.64806e-11	8.01095e-05
4.6482e-11	8.01219e-05
4.64833e-11	8.01342e-05
4.64847e-11	8.01464e-05
4.6486e-11	8.01585e-05
4.64874e-11	8.01705e-05
4.64888e-11	8.01824e-05
4.64901e-11	8.01941e-05
4.64915e-11	8.02058e-05
4.64928e-11	8.02174e-05
4.64942e-11	8.02288e-05
4.64955e-11	8.02401e-05
4.64969e-11	8.02514e-05
4.64982e-11	8.02625e-05
4.64996e-11	8.02735e-05
4.65009e-11	8.02844e-05
4.65023e-11	8.02952e-05
4.65036e-11	8.03059e-05
4.6505e-11	8.03164e-05
4.65063e-11	8.03269e-05
4.65077e-11	8.03373e-05
4.6509e-11	8.03475e-05
4.65104e-11	8.03577e-05
4.65117e-11	8.03677e-05
4.65131e-11	8.03777e-05
4.65145e-11	8.03875e-05
4.65158e-11	8.03972e-05
4.65172e-11	8.04068e-05
4.65185e-11	8.04164e-05
4.65199e-11	8.04258e-05
4.65212e-11	8.04351e-05
4.65226e-11	8.04443e-05
4.65239e-11	8.04534e-05
4.65253e-11	8.04624e-05
4.65266e-11	8.04712e-05
4.6528e-11	8.048e-05
4.65293e-11	8.04887e-05
4.65307e-11	8.04973e-05
4.6532e-11	8.05057e-05
4.65334e-11	8.05141e-05
4.65347e-11	8.05224e-05
4.65361e-11	8.05305e-05
4.65374e-11	8.05386e-05
4.65388e-11	8.05465e-05
4.65402e-11	8.05544e-05
4.65415e-11	8.05621e-05
4.65429e-11	8.05698e-05
4.65442e-11	8.05773e-05
4.65456e-11	8.05848e-05
4.65469e-11	8.05921e-05
4.65483e-11	8.05994e-05
4.65496e-11	8.06065e-05
4.6551e-11	8.06135e-05
4.65523e-11	8.06205e-05
4.65537e-11	8.06273e-05
4.6555e-11	8.0634e-05
4.65564e-11	8.06407e-05
4.65577e-11	8.06472e-05
4.65591e-11	8.06536e-05
4.65604e-11	8.066e-05
4.65618e-11	8.06662e-05
4.65631e-11	8.06723e-05
4.65645e-11	8.06784e-05
4.65659e-11	8.06843e-05
4.65672e-11	8.06902e-05
4.65686e-11	8.06959e-05
4.65699e-11	8.07015e-05
4.65713e-11	8.07071e-05
4.65726e-11	8.07125e-05
4.6574e-11	8.07179e-05
4.65753e-11	8.07231e-05
4.65767e-11	8.07282e-05
4.6578e-11	8.07333e-05
4.65794e-11	8.07383e-05
4.65807e-11	8.07431e-05
4.65821e-11	8.07479e-05
4.65834e-11	8.07525e-05
4.65848e-11	8.07571e-05
4.65861e-11	8.07616e-05
4.65875e-11	8.07659e-05
4.65888e-11	8.07702e-05
4.65902e-11	8.07744e-05
4.65916e-11	8.07785e-05
4.65929e-11	8.07825e-05
4.65943e-11	8.07864e-05
4.65956e-11	8.07902e-05
4.6597e-11	8.07939e-05
4.65983e-11	8.07975e-05
4.65997e-11	8.0801e-05
4.6601e-11	8.08044e-05
4.66024e-11	8.08077e-05
4.66037e-11	8.08109e-05
4.66051e-11	8.08141e-05
4.66064e-11	8.08171e-05
4.66078e-11	8.08201e-05
4.66091e-11	8.08229e-05
4.66105e-11	8.08257e-05
4.66118e-11	8.08284e-05
4.66132e-11	8.08309e-05
4.66145e-11	8.08334e-05
4.66159e-11	8.08358e-05
4.66173e-11	8.08381e-05
4.66186e-11	8.08403e-05
4.662e-11	8.08424e-05
4.66213e-11	8.08444e-05
4.66227e-11	8.08463e-05
4.6624e-11	8.08482e-05
4.66254e-11	8.08499e-05
4.66267e-11	8.08516e-05
4.66281e-11	8.08531e-05
4.66294e-11	8.08546e-05
4.66308e-11	8.0856e-05
4.66321e-11	8.08573e-05
4.66335e-11	8.08584e-05
4.66348e-11	8.08596e-05
4.66362e-11	8.08606e-05
4.66375e-11	8.08615e-05
4.66389e-11	8.08623e-05
4.66402e-11	8.08631e-05
4.66416e-11	8.08637e-05
4.6643e-11	8.08643e-05
4.66443e-11	8.08648e-05
4.66457e-11	8.08652e-05
4.6647e-11	8.08655e-05
4.66484e-11	8.08657e-05
4.66497e-11	8.08658e-05
4.66511e-11	8.08658e-05
4.66524e-11	8.08657e-05
4.66538e-11	8.08656e-05
4.66551e-11	8.08654e-05
4.66565e-11	8.08651e-05
4.66578e-11	8.08646e-05
4.66592e-11	8.08641e-05
4.66605e-11	8.08636e-05
4.66619e-11	8.08629e-05
4.66632e-11	8.08621e-05
4.66646e-11	8.08613e-05
4.66659e-11	8.08604e-05
4.66673e-11	8.08593e-05
4.66687e-11	8.08582e-05
4.667e-11	8.0857e-05
4.66714e-11	8.08558e-05
4.66727e-11	8.08544e-05
4.66741e-11	8.0853e-05
4.66754e-11	8.08514e-05
4.66768e-11	8.08498e-05
4.66781e-11	8.08481e-05
4.66795e-11	8.08463e-05
4.66808e-11	8.08444e-05
4.66822e-11	8.08425e-05
4.66835e-11	8.08404e-05
4.66849e-11	8.08383e-05
4.66862e-11	8.08361e-05
4.66876e-11	8.08338e-05
4.66889e-11	8.08314e-05
4.66903e-11	8.08289e-05
4.66916e-11	8.08264e-05
4.6693e-11	8.08238e-05
4.66944e-11	8.0821e-05
4.66957e-11	8.08182e-05
4.66971e-11	8.08154e-05
4.66984e-11	8.08124e-05
4.66998e-11	8.08093e-05
4.67011e-11	8.08062e-05
4.67025e-11	8.0803e-05
4.67038e-11	8.07997e-05
4.67052e-11	8.07963e-05
4.67065e-11	8.07929e-05
4.67079e-11	8.07893e-05
4.67092e-11	8.07857e-05
4.67106e-11	8.0782e-05
4.67119e-11	8.07782e-05
4.67133e-11	8.07743e-05
4.67146e-11	8.07704e-05
4.6716e-11	8.07664e-05
4.67173e-11	8.07622e-05
4.67187e-11	8.07581e-05
4.67201e-11	8.07538e-05
4.67214e-11	8.07494e-05
4.67228e-11	8.0745e-05
4.67241e-11	8.07405e-05
4.67255e-11	8.07359e-05
4.67268e-11	8.07312e-05
4.67282e-11	8.07265e-05
4.67295e-11	8.07216e-05
4.67309e-11	8.07167e-05
4.67322e-11	8.07117e-05
4.67336e-11	8.07067e-05
4.67349e-11	8.07015e-05
4.67363e-11	8.06963e-05
4.67376e-11	8.0691e-05
4.6739e-11	8.06856e-05
4.67403e-11	8.06801e-05
4.67417e-11	8.06746e-05
4.6743e-11	8.0669e-05
4.67444e-11	8.06633e-05
4.67458e-11	8.06575e-05
4.67471e-11	8.06517e-05
4.67485e-11	8.06457e-05
4.67498e-11	8.06397e-05
4.67512e-11	8.06337e-05
4.67525e-11	8.06275e-05
4.67539e-11	8.06213e-05
4.67552e-11	8.0615e-05
4.67566e-11	8.06086e-05
4.67579e-11	8.06021e-05
4.67593e-11	8.05956e-05
4.67606e-11	8.0589e-05
4.6762e-11	8.05823e-05
4.67633e-11	8.05755e-05
4.67647e-11	8.05687e-05
4.6766e-11	8.05617e-05
4.67674e-11	8.05547e-05
4.67687e-11	8.05477e-05
4.67701e-11	8.05405e-05
4.67715e-11	8.05333e-05
4.67728e-11	8.0526e-05
4.67742e-11	8.05186e-05
4.67755e-11	8.05112e-05
4.67769e-11	8.05037e-05
4.67782e-11	8.04961e-05
4.67796e-11	8.04884e-05
4.67809e-11	8.04807e-05
4.67823e-11	8.04729e-05
4.67836e-11	8.0465e-05
4.6785e-11	8.0457e-05
4.67863e-11	8.0449e-05
4.67877e-11	8.04409e-05
4.6789e-11	8.04327e-05
4.67904e-11	8.04245e-05
4.67917e-11	8.04162e-05
4.67931e-11	8.04078e-05
4.67944e-11	8.03993e-05
4.67958e-11	8.03908e-05
4.67972e-11	8.03821e-05
4.67985e-11	8.03735e-05
4.67999e-11	8.03647e-05
4.68012e-11	8.03559e-05
4.68026e-11	8.0347e-05
4.68039e-11	8.0338e-05
4.68053e-11	8.0329e-05
4.68066e-11	8.03198e-05
4.6808e-11	8.03107e-05
4.68093e-11	8.03014e-05
4.68107e-11	8.02921e-05
4.6812e-11	8.02827e-05
4.68134e-11	8.02732e-05
4.68147e-11	8.02637e-05
4.68161e-11	8.02541e-05
4.68174e-11	8.02444e-05
4.68188e-11	8.02347e-05
4.68201e-11	8.02248e-05
4.68215e-11	8.0215e-05
4.68229e-11	8.0205e-05
4.68242e-11	8.0195e-05
4.68256e-11	8.01849e-05
4.68269e-11	8.01747e-05
4.68283e-11	8.01645e-05
4.68296e-11	8.01542e-05
4.6831e-11	8.01438e-05
4.68323e-11	8.01334e-05
4.68337e-11	8.01229e-05
4.6835e-11	8.01123e-05
4.68364e-11	8.01017e-05
4.68377e-11	8.0091e-05
4.68391e-11	8.00802e-05
4.68404e-11	8.00694e-05
4.68418e-11	8.00584e-05
4.68431e-11	8.00475e-05
4.68445e-11	8.00364e-05
4.68458e-11	8.00253e-05
4.68472e-11	8.00141e-05
4.68486e-11	8.00029e-05
4.68499e-11	7.99916e-05
4.68513e-11	7.99802e-05
4.68526e-11	7.99687e-05
4.6854e-11	7.99572e-05
4.68553e-11	7.99457e-05
4.68567e-11	7.9934e-05
4.6858e-11	7.99223e-05
4.68594e-11	7.99105e-05
4.68607e-11	7.98987e-05
4.68621e-11	7.98868e-05
4.68634e-11	7.98748e-05
4.68648e-11	7.98628e-05
4.68661e-11	7.98507e-05
4.68675e-11	7.98385e-05
4.68688e-11	7.98263e-05
4.68702e-11	7.9814e-05
4.68715e-11	7.98016e-05
4.68729e-11	7.97892e-05
4.68743e-11	7.97767e-05
4.68756e-11	7.97642e-05
4.6877e-11	7.97515e-05
4.68783e-11	7.97389e-05
4.68797e-11	7.97261e-05
4.6881e-11	7.97133e-05
4.68824e-11	7.97004e-05
4.68837e-11	7.96875e-05
4.68851e-11	7.96745e-05
4.68864e-11	7.96614e-05
4.68878e-11	7.96483e-05
4.68891e-11	7.96351e-05
4.68905e-11	7.96219e-05
4.68918e-11	7.96086e-05
4.68932e-11	7.95952e-05
4.68945e-11	7.95818e-05
4.68959e-11	7.95683e-05
4.68972e-11	7.95547e-05
4.68986e-11	7.95411e-05
4.69e-11	7.95274e-05
4.69013e-11	7.95136e-05
4.69027e-11	7.94998e-05
4.6904e-11	7.9486e-05
4.69054e-11	7.9472e-05
4.69067e-11	7.9458e-05
4.69081e-11	7.9444e-05
4.69094e-11	7.94299e-05
4.69108e-11	7.94157e-05
4.69121e-11	7.94015e-05
4.69135e-11	7.93872e-05
4.69148e-11	7.93728e-05
4.69162e-11	7.93584e-05
4.69175e-11	7.93439e-05
4.69189e-11	7.93294e-05
4.69202e-11	7.93148e-05
4.69216e-11	7.93001e-05
4.69229e-11	7.92854e-05
4.69243e-11	7.92707e-05
4.69257e-11	7.92558e-05
4.6927e-11	7.92409e-05
4.69284e-11	7.9226e-05
4.69297e-11	7.9211e-05
4.69311e-11	7.91959e-05
4.69324e-11	7.91808e-05
4.69338e-11	7.91656e-05
4.69351e-11	7.91503e-05
4.69365e-11	7.9135e-05
4.69378e-11	7.91197e-05
4.69392e-11	7.91043e-05
4.69405e-11	7.90888e-05
4.69419e-11	7.90733e-05
4.69432e-11	7.90577e-05
4.69446e-11	7.9042e-05
4.69459e-11	7.90263e-05
4.69473e-11	7.90105e-05
4.69486e-11	7.89947e-05
4.695e-11	7.89788e-05
4.69514e-11	7.89629e-05
4.69527e-11	7.89469e-05
4.69541e-11	7.89309e-05
4.69554e-11	7.89148e-05
4.69568e-11	7.88986e-05
4.69581e-11	7.88824e-05
4.69595e-11	7.88661e-05
4.69608e-11	7.88498e-05
4.69622e-11	7.88334e-05
4.69635e-11	7.88169e-05
4.69649e-11	7.88004e-05
4.69662e-11	7.87839e-05
4.69676e-11	7.87673e-05
4.69689e-11	7.87506e-05
4.69703e-11	7.87339e-05
4.69716e-11	7.87171e-05
4.6973e-11	7.87003e-05
4.69743e-11	7.86834e-05
4.69757e-11	7.86665e-05
4.69771e-11	7.86495e-05
4.69784e-11	7.86324e-05
4.69798e-11	7.86153e-05
4.69811e-11	7.85981e-05
4.69825e-11	7.85809e-05
4.69838e-11	7.85637e-05
4.69852e-11	7.85463e-05
4.69865e-11	7.8529e-05
4.69879e-11	7.85115e-05
4.69892e-11	7.84941e-05
4.69906e-11	7.84765e-05
4.69919e-11	7.84589e-05
4.69933e-11	7.84413e-05
4.69946e-11	7.84236e-05
4.6996e-11	7.84059e-05
4.69973e-11	7.83881e-05
4.69987e-11	7.83702e-05
4.7e-11	7.83523e-05
4.70014e-11	7.83343e-05
4.70028e-11	7.83163e-05
4.70041e-11	7.82983e-05
4.70055e-11	7.82802e-05
4.70068e-11	7.8262e-05
4.70082e-11	7.82438e-05
4.70095e-11	7.82255e-05
4.70109e-11	7.82072e-05
4.70122e-11	7.81888e-05
4.70136e-11	7.81704e-05
4.70149e-11	7.81519e-05
4.70163e-11	7.81334e-05
4.70176e-11	7.81148e-05
4.7019e-11	7.80962e-05
4.70203e-11	7.80775e-05
4.70217e-11	7.80588e-05
4.7023e-11	7.804e-05
4.70244e-11	7.80211e-05
4.70257e-11	7.80023e-05
4.70271e-11	7.79833e-05
4.70285e-11	7.79643e-05
4.70298e-11	7.79453e-05
4.70312e-11	7.79262e-05
4.70325e-11	7.79071e-05
4.70339e-11	7.78879e-05
4.70352e-11	7.78687e-05
4.70366e-11	7.78494e-05
4.70379e-11	7.78301e-05
4.70393e-11	7.78107e-05
4.70406e-11	7.77912e-05
4.7042e-11	7.77718e-05
4.70433e-11	7.77522e-05
4.70447e-11	7.77327e-05
4.7046e-11	7.7713e-05
4.70474e-11	7.76934e-05
4.70487e-11	7.76736e-05
4.70501e-11	7.76539e-05
4.70514e-11	7.7634e-05
4.70528e-11	7.76142e-05
4.70542e-11	7.75943e-05
4.70555e-11	7.75743e-05
4.70569e-11	7.75543e-05
4.70582e-11	7.75342e-05
4.70596e-11	7.75141e-05
4.70609e-11	7.7494e-05
4.70623e-11	7.74738e-05
4.70636e-11	7.74535e-05
4.7065e-11	7.74332e-05
4.70663e-11	7.74129e-05
4.70677e-11	7.73925e-05
4.7069e-11	7.7372e-05
4.70704e-11	7.73516e-05
4.70717e-11	7.7331e-05
4.70731e-11	7.73104e-05
4.70744e-11	7.72898e-05
4.70758e-11	7.72692e-05
4.70771e-11	7.72484e-05
4.70785e-11	7.72277e-05
4.70799e-11	7.72069e-05
4.70812e-11	7.7186e-05
4.70826e-11	7.71651e-05
4.70839e-11	7.71442e-05
4.70853e-11	7.71232e-05
4.70866e-11	7.71021e-05
4.7088e-11	7.70811e-05
4.70893e-11	7.70599e-05
4.70907e-11	7.70388e-05
4.7092e-11	7.70175e-05
4.70934e-11	7.69963e-05
4.70947e-11	7.6975e-05
4.70961e-11	7.69536e-05
4.70974e-11	7.69322e-05
4.70988e-11	7.69108e-05
4.71001e-11	7.68893e-05
4.71015e-11	7.68678e-05
4.71028e-11	7.68462e-05
4.71042e-11	7.68246e-05
4.71056e-11	7.68029e-05
4.71069e-11	7.67812e-05
4.71083e-11	7.67595e-05
4.71096e-11	7.67377e-05
4.7111e-11	7.67158e-05
4.71123e-11	7.6694e-05
4.71137e-11	7.6672e-05
4.7115e-11	7.66501e-05
4.71164e-11	7.66281e-05
4.71177e-11	7.6606e-05
4.71191e-11	7.65839e-05
4.71204e-11	7.65618e-05
4.71218e-11	7.65396e-05
4.71231e-11	7.65174e-05
4.71245e-11	7.64951e-05
4.71258e-11	7.64728e-05
4.71272e-11	7.64504e-05
4.71285e-11	7.6428e-05
4.71299e-11	7.64056e-05
4.71313e-11	7.63831e-05
4.71326e-11	7.63606e-05
4.7134e-11	7.63381e-05
4.71353e-11	7.63155e-05
4.71367e-11	7.62928e-05
4.7138e-11	7.62701e-05
4.71394e-11	7.62474e-05
4.71407e-11	7.62246e-05
4.71421e-11	7.62018e-05
4.71434e-11	7.6179e-05
4.71448e-11	7.61561e-05
4.71461e-11	7.61331e-05
4.71475e-11	7.61102e-05
4.71488e-11	7.60872e-05
4.71502e-11	7.60641e-05
4.71515e-11	7.6041e-05
4.71529e-11	7.60179e-05
4.71542e-11	7.59947e-05
4.71556e-11	7.59715e-05
4.7157e-11	7.59482e-05
4.71583e-11	7.59249e-05
4.71597e-11	7.59016e-05
4.7161e-11	7.58782e-05
4.71624e-11	7.58548e-05
4.71637e-11	7.58314e-05
4.71651e-11	7.58079e-05
4.71664e-11	7.57843e-05
4.71678e-11	7.57608e-05
4.71691e-11	7.57372e-05
4.71705e-11	7.57135e-05
4.71718e-11	7.56898e-05
4.71732e-11	7.56661e-05
4.71745e-11	7.56423e-05
4.71759e-11	7.56185e-05
4.71772e-11	7.55947e-05
4.71786e-11	7.55708e-05
4.718e-11	7.55469e-05
4.71813e-11	7.55229e-05
4.71827e-11	7.54989e-05
4.7184e-11	7.54749e-05
4.71854e-11	7.54508e-05
4.71867e-11	7.54267e-05
4.71881e-11	7.54025e-05
4.71894e-11	7.53784e-05
4.71908e-11	7.53541e-05
4.71921e-11	7.53299e-05
4.71935e-11	7.53056e-05
4.71948e-11	7.52812e-05
4.71962e-11	7.52569e-05
4.71975e-11	7.52325e-05
4.71989e-11	7.5208e-05
4.72002e-11	7.51835e-05
4.72016e-11	7.5159e-05
4.72029e-11	7.51344e-05
4.72043e-11	7.51098e-05
4.72057e-11	7.50852e-05
4.7207e-11	7.50605e-05
4.72084e-11	7.50358e-05
4.72097e-11	7.50111e-05
4.72111e-11	7.49863e-05
4.72124e-11	7.49615e-05
4.72138e-11	7.49367e-05
4.72151e-11	7.49118e-05
4.72165e-11	7.48869e-05
4.72178e-11	7.48619e-05
4.72192e-11	7.48369e-05
4.72205e-11	7.48119e-05
4.72219e-11	7.47868e-05
4.72232e-11	7.47617e-05
4.72246e-11	7.47366e-05
4.72259e-11	7.47114e-05
4.72273e-11	7.46862e-05
4.72286e-11	7.4661e-05
4.723e-11	7.46357e-05
4.72314e-11	7.46104e-05
4.72327e-11	7.45851e-05
4.72341e-11	7.45597e-05
4.72354e-11	7.45343e-05
4.72368e-11	7.45088e-05
4.72381e-11	7.44834e-05
4.72395e-11	7.44578e-05
4.72408e-11	7.44323e-05
4.72422e-11	7.44067e-05
4.72435e-11	7.43811e-05
4.72449e-11	7.43554e-05
4.72462e-11	7.43298e-05
4.72476e-11	7.4304e-05
4.72489e-11	7.42783e-05
4.72503e-11	7.42525e-05
4.72516e-11	7.42267e-05
4.7253e-11	7.42008e-05
4.72543e-11	7.41749e-05
4.72557e-11	7.4149e-05
4.72571e-11	7.41231e-05
4.72584e-11	7.40971e-05
4.72598e-11	7.40711e-05
4.72611e-11	7.4045e-05
4.72625e-11	7.40189e-05
4.72638e-11	7.39928e-05
4.72652e-11	7.39667e-05
4.72665e-11	7.39405e-05
4.72679e-11	7.39143e-05
4.72692e-11	7.38881e-05
4.72706e-11	7.38618e-05
4.72719e-11	7.38355e-05
4.72733e-11	7.38091e-05
4.72746e-11	7.37828e-05
4.7276e-11	7.37564e-05
4.72773e-11	7.37299e-05
4.72787e-11	7.37035e-05
4.728e-11	7.3677e-05
4.72814e-11	7.36504e-05
4.72828e-11	7.36239e-05
4.72841e-11	7.35973e-05
4.72855e-11	7.35706e-05
4.72868e-11	7.3544e-05
4.72882e-11	7.35173e-05
4.72895e-11	7.34906e-05
4.72909e-11	7.34638e-05
4.72922e-11	7.34371e-05
4.72936e-11	7.34103e-05
4.72949e-11	7.33834e-05
4.72963e-11	7.33566e-05
4.72976e-11	7.33297e-05
4.7299e-11	7.33027e-05
4.73003e-11	7.32758e-05
4.73017e-11	7.32488e-05
4.7303e-11	7.32218e-05
4.73044e-11	7.31947e-05
4.73057e-11	7.31676e-05
4.73071e-11	7.31405e-05
4.73085e-11	7.31134e-05
4.73098e-11	7.30862e-05
4.73112e-11	7.3059e-05
4.73125e-11	7.30318e-05
4.73139e-11	7.30045e-05
4.73152e-11	7.29772e-05
4.73166e-11	7.29499e-05
4.73179e-11	7.29226e-05
4.73193e-11	7.28952e-05
4.73206e-11	7.28678e-05
4.7322e-11	7.28404e-05
4.73233e-11	7.28129e-05
4.73247e-11	7.27854e-05
4.7326e-11	7.27579e-05
4.73274e-11	7.27303e-05
4.73287e-11	7.27028e-05
4.73301e-11	7.26752e-05
4.73314e-11	7.26475e-05
4.73328e-11	7.26199e-05
4.73342e-11	7.25922e-05
4.73355e-11	7.25645e-05
4.73369e-11	7.25367e-05
4.73382e-11	7.2509e-05
4.73396e-11	7.24812e-05
4.73409e-11	7.24533e-05
4.73423e-11	7.24255e-05
4.73436e-11	7.23976e-05
4.7345e-11	7.23697e-05
4.73463e-11	7.23417e-05
4.73477e-11	7.23138e-05
4.7349e-11	7.22858e-05
4.73504e-11	7.22578e-05
4.73517e-11	7.22297e-05
4.73531e-11	7.22017e-05
4.73544e-11	7.21736e-05
4.73558e-11	7.21454e-05
4.73571e-11	7.21173e-05
4.73585e-11	7.20891e-05
4.73599e-11	7.20609e-05
4.73612e-11	7.20327e-05
4.73626e-11	7.20044e-05
4.73639e-11	7.19761e-05
4.73653e-11	7.19478e-05
4.73666e-11	7.19195e-05
4.7368e-11	7.18911e-05
4.73693e-11	7.18627e-05
4.73707e-11	7.18343e-05
4.7372e-11	7.18059e-05
4.73734e-11	7.17774e-05
4.73747e-11	7.17489e-05
4.73761e-11	7.17204e-05
4.73774e-11	7.16918e-05
4.73788e-11	7.16633e-05
4.73801e-11	7.16347e-05
4.73815e-11	7.16061e-05
4.73828e-11	7.15774e-05
4.73842e-11	7.15487e-05
4.73856e-11	7.152e-05
4.73869e-11	7.14913e-05
4.73883e-11	7.14626e-05
4.73896e-11	7.14338e-05
4.7391e-11	7.1405e-05
4.73923e-11	7.13762e-05
4.73937e-11	7.13474e-05
4.7395e-11	7.13185e-05
4.73964e-11	7.12896e-05
4.73977e-11	7.12607e-05
4.73991e-11	7.12317e-05
4.74004e-11	7.12028e-05
4.74018e-11	7.11738e-05
4.74031e-11	7.11448e-05
4.74045e-11	7.11157e-05
4.74058e-11	7.10867e-05
4.74072e-11	7.10576e-05
4.74085e-11	7.10285e-05
4.74099e-11	7.09993e-05
4.74113e-11	7.09702e-05
4.74126e-11	7.0941e-05
4.7414e-11	7.09118e-05
4.74153e-11	7.08826e-05
4.74167e-11	7.08533e-05
4.7418e-11	7.08241e-05
4.74194e-11	7.07948e-05
4.74207e-11	7.07654e-05
4.74221e-11	7.07361e-05
4.74234e-11	7.07067e-05
4.74248e-11	7.06773e-05
4.74261e-11	7.06479e-05
4.74275e-11	7.06185e-05
4.74288e-11	7.05891e-05
4.74302e-11	7.05596e-05
4.74315e-11	7.05301e-05
4.74329e-11	7.05006e-05
4.74342e-11	7.0471e-05
4.74356e-11	7.04414e-05
4.7437e-11	7.04119e-05
4.74383e-11	7.03822e-05
4.74397e-11	7.03526e-05
4.7441e-11	7.0323e-05
4.74424e-11	7.02933e-05
4.74437e-11	7.02636e-05
4.74451e-11	7.02339e-05
4.74464e-11	7.02041e-05
4.74478e-11	7.01744e-05
4.74491e-11	7.01446e-05
4.74505e-11	7.01148e-05
4.74518e-11	7.00849e-05
4.74532e-11	7.00551e-05
4.74545e-11	7.00252e-05
4.74559e-11	6.99953e-05
4.74572e-11	6.99654e-05
4.74586e-11	6.99355e-05
4.74599e-11	6.99055e-05
4.74613e-11	6.98756e-05
4.74627e-11	6.98456e-05
4.7464e-11	6.98155e-05
4.74654e-11	6.97855e-05
4.74667e-11	6.97554e-05
4.74681e-11	6.97254e-05
4.74694e-11	6.96953e-05
4.74708e-11	6.96652e-05
4.74721e-11	6.9635e-05
4.74735e-11	6.96049e-05
4.74748e-11	6.95747e-05
4.74762e-11	6.95445e-05
4.74775e-11	6.95143e-05
4.74789e-11	6.9484e-05
4.74802e-11	6.94538e-05
4.74816e-11	6.94235e-05
4.74829e-11	6.93932e-05
4.74843e-11	6.93629e-05
4.74856e-11	6.93325e-05
4.7487e-11	6.93022e-05
4.74884e-11	6.92718e-05
4.74897e-11	6.92414e-05
4.74911e-11	6.9211e-05
4.74924e-11	6.91806e-05
4.74938e-11	6.91501e-05
4.74951e-11	6.91196e-05
4.74965e-11	6.90891e-05
4.74978e-11	6.90586e-05
4.74992e-11	6.90281e-05
4.75005e-11	6.89975e-05
4.75019e-11	6.8967e-05
4.75032e-11	6.89364e-05
4.75046e-11	6.89058e-05
4.75059e-11	6.88752e-05
4.75073e-11	6.88445e-05
4.75086e-11	6.88139e-05
4.751e-11	6.87832e-05
4.75113e-11	6.87525e-05
4.75127e-11	6.87218e-05
4.75141e-11	6.86911e-05
4.75154e-11	6.86603e-05
4.75168e-11	6.86295e-05
4.75181e-11	6.85988e-05
4.75195e-11	6.8568e-05
4.75208e-11	6.85371e-05
4.75222e-11	6.85063e-05
4.75235e-11	6.84754e-05
4.75249e-11	6.84446e-05
4.75262e-11	6.84137e-05
4.75276e-11	6.83828e-05
4.75289e-11	6.83518e-05
4.75303e-11	6.83209e-05
4.75316e-11	6.82899e-05
4.7533e-11	6.8259e-05
4.75343e-11	6.8228e-05
4.75357e-11	6.8197e-05
4.7537e-11	6.81659e-05
4.75384e-11	6.81349e-05
4.75398e-11	6.81038e-05
4.75411e-11	6.80727e-05
4.75425e-11	6.80416e-05
4.75438e-11	6.80105e-05
4.75452e-11	6.79794e-05
4.75465e-11	6.79483e-05
4.75479e-11	6.79171e-05
4.75492e-11	6.78859e-05
4.75506e-11	6.78547e-05
4.75519e-11	6.78235e-05
4.75533e-11	6.77923e-05
4.75546e-11	6.7761e-05
4.7556e-11	6.77298e-05
4.75573e-11	6.76985e-05
4.75587e-11	6.76672e-05
4.756e-11	6.76359e-05
4.75614e-11	6.76046e-05
4.75627e-11	6.75732e-05
4.75641e-11	6.75419e-05
4.75655e-11	6.75105e-05
4.75668e-11	6.74791e-05
4.75682e-11	6.74477e-05
4.75695e-11	6.74163e-05
4.75709e-11	6.73849e-05
4.75722e-11	6.73534e-05
4.75736e-11	6.7322e-05
4.75749e-11	6.72905e-05
4.75763e-11	6.7259e-05
4.75776e-11	6.72275e-05
4.7579e-11	6.7196e-05
4.75803e-11	6.71645e-05
4.75817e-11	6.71329e-05
4.7583e-11	6.71013e-05
4.75844e-11	6.70698e-05
4.75857e-11	6.70382e-05
4.75871e-11	6.70065e-05
4.75884e-11	6.69749e-05
4.75898e-11	6.69433e-05
4.75912e-11	6.69116e-05
4.75925e-11	6.688e-05
4.75939e-11	6.68483e-05
4.75952e-11	6.68166e-05
4.75966e-11	6.67849e-05
4.75979e-11	6.67531e-05
4.75993e-11	6.67214e-05
4.76006e-11	6.66897e-05
4.7602e-11	6.66579e-05
4.76033e-11	6.66261e-05
4.76047e-11	6.65943e-05
4.7606e-11	6.65625e-05
4.76074e-11	6.65307e-05
4.76087e-11	6.64989e-05
4.76101e-11	6.6467e-05
4.76114e-11	6.64351e-05
4.76128e-11	6.64033e-05
4.76141e-11	6.63714e-05
4.76155e-11	6.63395e-05
4.76169e-11	6.63076e-05
4.76182e-11	6.62756e-05
4.76196e-11	6.62437e-05
4.76209e-11	6.62117e-05
4.76223e-11	6.61798e-05
4.76236e-11	6.61478e-05
4.7625e-11	6.61158e-05
4.76263e-11	6.60838e-05
4.76277e-11	6.60518e-05
4.7629e-11	6.60197e-05
4.76304e-11	6.59877e-05
4.76317e-11	6.59556e-05
4.76331e-11	6.59236e-05
4.76344e-11	6.58915e-05
4.76358e-11	6.58594e-05
4.76371e-11	6.58273e-05
4.76385e-11	6.57952e-05
4.76398e-11	6.5763e-05
4.76412e-11	6.57309e-05
4.76426e-11	6.56987e-05
4.76439e-11	6.56666e-05
4.76453e-11	6.56344e-05
4.76466e-11	6.56022e-05
4.7648e-11	6.557e-05
4.76493e-11	6.55378e-05
4.76507e-11	6.55056e-05
4.7652e-11	6.54733e-05
4.76534e-11	6.54411e-05
4.76547e-11	6.54088e-05
4.76561e-11	6.53765e-05
4.76574e-11	6.53443e-05
4.76588e-11	6.5312e-05
4.76601e-11	6.52797e-05
4.76615e-11	6.52473e-05
4.76628e-11	6.5215e-05
4.76642e-11	6.51827e-05
4.76655e-11	6.51503e-05
4.76669e-11	6.5118e-05
4.76683e-11	6.50856e-05
4.76696e-11	6.50532e-05
4.7671e-11	6.50208e-05
4.76723e-11	6.49884e-05
4.76737e-11	6.4956e-05
4.7675e-11	6.49236e-05
4.76764e-11	6.48911e-05
4.76777e-11	6.48587e-05
4.76791e-11	6.48262e-05
4.76804e-11	6.47937e-05
4.76818e-11	6.47613e-05
4.76831e-11	6.47288e-05
4.76845e-11	6.46963e-05
4.76858e-11	6.46637e-05
4.76872e-11	6.46312e-05
4.76885e-11	6.45987e-05
4.76899e-11	6.45661e-05
4.76912e-11	6.45336e-05
4.76926e-11	6.4501e-05
4.7694e-11	6.44685e-05
4.76953e-11	6.44359e-05
4.76967e-11	6.44033e-05
4.7698e-11	6.43707e-05
4.76994e-11	6.43381e-05
4.77007e-11	6.43055e-05
4.77021e-11	6.42728e-05
4.77034e-11	6.42402e-05
4.77048e-11	6.42075e-05
4.77061e-11	6.41749e-05
4.77075e-11	6.41422e-05
4.77088e-11	6.41095e-05
4.77102e-11	6.40768e-05
4.77115e-11	6.40442e-05
4.77129e-11	6.40114e-05
4.77142e-11	6.39787e-05
4.77156e-11	6.3946e-05
4.77169e-11	6.39133e-05
4.77183e-11	6.38805e-05
4.77197e-11	6.38478e-05
4.7721e-11	6.3815e-05
4.77224e-11	6.37823e-05
4.77237e-11	6.37495e-05
4.77251e-11	6.37167e-05
4.77264e-11	6.36839e-05
4.77278e-11	6.36511e-05
4.77291e-11	6.36183e-05
4.77305e-11	6.35855e-05
4.77318e-11	6.35526e-05
4.77332e-11	6.35198e-05
4.77345e-11	6.3487e-05
4.77359e-11	6.34541e-05
4.77372e-11	6.34212e-05
4.77386e-11	6.33884e-05
4.77399e-11	6.33555e-05
4.77413e-11	6.33226e-05
4.77426e-11	6.32897e-05
4.7744e-11	6.32568e-05
4.77454e-11	6.32239e-05
