9.04778e-15	-0.000112611
2.71433e-14	-0.000112947
4.52389e-14	-0.000113285
6.33344e-14	-0.000113622
8.143e-14	-0.00011396
9.95255e-14	-0.000114298
1.17621e-13	-0.000114637
1.35717e-13	-0.000114976
1.53812e-13	-0.000115316
1.71908e-13	-0.000115656
1.90003e-13	-0.000115996
2.08099e-13	-0.000116337
2.26194e-13	-0.000116678
2.4429e-13	-0.000117019
2.62386e-13	-0.000117361
2.80481e-13	-0.000117703
2.98577e-13	-0.000118045
3.16672e-13	-0.000118388
3.34768e-13	-0.000118731
3.52863e-13	-0.000119075
3.70959e-13	-0.000119419
3.89054e-13	-0.000119763
4.0715e-13	-0.000120107
4.25245e-13	-0.000120452
4.43341e-13	-0.000120797
4.61437e-13	-0.000121142
4.79532e-13	-0.000121488
4.97628e-13	-0.000121834
5.15723e-13	-0.000122181
5.33819e-13	-0.000122527
5.51914e-13	-0.000122874
5.7001e-13	-0.000123222
5.88105e-13	-0.000123569
6.06201e-13	-0.000123917
6.24297e-13	-0.000124265
6.42392e-13	-0.000124613
6.60488e-13	-0.000124962
6.78583e-13	-0.000125311
6.96679e-13	-0.00012566
7.14774e-13	-0.00012601
7.3287e-13	-0.000126359
7.50965e-13	-0.000126709
7.69061e-13	-0.00012706
7.87157e-13	-0.00012741
8.05252e-13	-0.000127761
8.23348e-13	-0.000128112
8.41443e-13	-0.000128463
8.59539e-13	-0.000128814
8.77634e-13	-0.000129166
8.9573e-13	-0.000129517
9.13825e-13	-0.000129869
9.31921e-13	-0.000130221
9.50016e-13	-0.000130574
9.68112e-13	-0.000130926
9.86208e-13	-0.000131279
1.0043e-12	-0.000131632
1.0224e-12	-0.000131985
1.04049e-12	-0.000132338
1.05859e-12	-0.000132692
1.07669e-12	-0.000133045
1.09478e-12	-0.000133399
1.11288e-12	-0.000133753
1.13097e-12	-0.000134107
1.14907e-12	-0.000134461
1.16716e-12	-0.000134816
1.18526e-12	-0.00013517
1.20335e-12	-0.000135525
1.22145e-12	-0.000135879
1.23955e-12	-0.000136234
1.25764e-12	-0.000136589
1.27574e-12	-0.000136944
1.29383e-12	-0.000137299
1.31193e-12	-0.000137654
1.33002e-12	-0.000138009
1.34812e-12	-0.000138365
1.36621e-12	-0.00013872
1.38431e-12	-0.000139076
1.40241e-12	-0.000139431
1.4205e-12	-0.000139787
1.4386e-12	-0.000140142
1.45669e-12	-0.000140498
1.47479e-12	-0.000140854
1.49288e-12	-0.000141209
1.51098e-12	-0.000141565
1.52907e-12	-0.000141921
1.54717e-12	-0.000142277
1.56527e-12	-0.000142632
1.58336e-12	-0.000142988
1.60146e-12	-0.000143344
1.61955e-12	-0.0001437
1.63765e-12	-0.000144055
1.65574e-12	-0.000144411
1.67384e-12	-0.000144767
1.69193e-12	-0.000145122
1.71003e-12	-0.000145478
1.72813e-12	-0.000145833
1.74622e-12	-0.000146189
1.76432e-12	-0.000146544
1.78241e-12	-0.000146899
1.80051e-12	-0.000147254
1.8186e-12	-0.000147609
1.8367e-12	-0.000147964
1.85479e-12	-0.000148319
1.87289e-12	-0.000148674
1.89099e-12	-0.000149029
1.90908e-12	-0.000149383
1.92718e-12	-0.000149738
1.94527e-12	-0.000150092
1.96337e-12	-0.000150446
1.98146e-12	-0.0001508
1.99956e-12	-0.000151154
2.01765e-12	-0.000151507
2.03575e-12	-0.000151861
2.05385e-12	-0.000152214
2.07194e-12	-0.000152567
2.09004e-12	-0.00015292
2.10813e-12	-0.000153272
2.12623e-12	-0.000153625
2.14432e-12	-0.000153977
2.16242e-12	-0.000154329
2.18051e-12	-0.00015468
2.19861e-12	-0.000155032
2.21671e-12	-0.000155383
2.2348e-12	-0.000155734
2.2529e-12	-0.000156084
2.27099e-12	-0.000156435
2.28909e-12	-0.000156785
2.30718e-12	-0.000157135
2.32528e-12	-0.000157484
2.34337e-12	-0.000157833
2.36147e-12	-0.000158182
2.37957e-12	-0.00015853
2.39766e-12	-0.000158878
2.41576e-12	-0.000159226
2.43385e-12	-0.000159574
2.45195e-12	-0.000159921
2.47004e-12	-0.000160267
2.48814e-12	-0.000160613
2.50623e-12	-0.000160959
2.52433e-12	-0.000161305
2.54243e-12	-0.00016165
2.56052e-12	-0.000161994
2.57862e-12	-0.000162338
2.59671e-12	-0.000162682
2.61481e-12	-0.000163025
2.6329e-12	-0.000163368
2.651e-12	-0.000163711
2.66909e-12	-0.000164052
2.68719e-12	-0.000164394
2.70528e-12	-0.000164735
2.72338e-12	-0.000165075
2.74148e-12	-0.000165415
2.75957e-12	-0.000165754
2.77767e-12	-0.000166093
2.79576e-12	-0.000166431
2.81386e-12	-0.000166769
2.83195e-12	-0.000167106
2.85005e-12	-0.000167442
2.86814e-12	-0.000167778
2.88624e-12	-0.000168114
2.90434e-12	-0.000168448
2.92243e-12	-0.000168783
2.94053e-12	-0.000169116
2.95862e-12	-0.000169449
2.97672e-12	-0.000169781
2.99481e-12	-0.000170113
3.01291e-12	-0.000170443
3.031e-12	-0.000170774
3.0491e-12	-0.000171103
3.0672e-12	-0.000171432
3.08529e-12	-0.00017176
3.10339e-12	-0.000172087
3.12148e-12	-0.000172414
3.13958e-12	-0.00017274
3.15767e-12	-0.000173065
3.17577e-12	-0.000173389
3.19386e-12	-0.000173712
3.21196e-12	-0.000174035
3.23006e-12	-0.000174357
3.24815e-12	-0.000174678
3.26625e-12	-0.000174999
3.28434e-12	-0.000175318
3.30244e-12	-0.000175637
3.32053e-12	-0.000175954
3.33863e-12	-0.000176271
3.35672e-12	-0.000176587
3.37482e-12	-0.000176902
3.39292e-12	-0.000177216
3.41101e-12	-0.00017753
3.42911e-12	-0.000177842
3.4472e-12	-0.000178153
3.4653e-12	-0.000178464
3.48339e-12	-0.000178773
3.50149e-12	-0.000179082
3.51958e-12	-0.000179389
3.53768e-12	-0.000179696
3.55578e-12	-0.000180001
3.57387e-12	-0.000180306
3.59197e-12	-0.000180609
3.61006e-12	-0.000180911
3.62816e-12	-0.000181213
3.64625e-12	-0.000181513
3.66435e-12	-0.000181812
3.68244e-12	-0.00018211
3.70054e-12	-0.000182407
3.71864e-12	-0.000182702
3.73673e-12	-0.000182997
3.75483e-12	-0.00018329
3.77292e-12	-0.000183582
3.79102e-12	-0.000183873
3.80911e-12	-0.000184163
3.82721e-12	-0.000184452
3.8453e-12	-0.000184739
3.8634e-12	-0.000185025
3.8815e-12	-0.00018531
3.89959e-12	-0.000185594
3.91769e-12	-0.000185876
3.93578e-12	-0.000186157
3.95388e-12	-0.000186437
3.97197e-12	-0.000186716
3.99007e-12	-0.000186993
4.00816e-12	-0.000187268
4.02626e-12	-0.000187543
4.04436e-12	-0.000187816
4.06245e-12	-0.000188087
4.08055e-12	-0.000188357
4.09864e-12	-0.000188626
4.11674e-12	-0.000188893
4.13483e-12	-0.000189159
4.15293e-12	-0.000189424
4.17102e-12	-0.000189686
4.18912e-12	-0.000189948
4.20722e-12	-0.000190208
4.22531e-12	-0.000190466
4.24341e-12	-0.000190723
4.2615e-12	-0.000190978
4.2796e-12	-0.000191232
4.29769e-12	-0.000191484
4.31579e-12	-0.000191734
4.33388e-12	-0.000191983
4.35198e-12	-0.00019223
4.37008e-12	-0.000192476
4.38817e-12	-0.000192719
4.40627e-12	-0.000192962
4.42436e-12	-0.000193202
4.44246e-12	-0.000193441
4.46055e-12	-0.000193678
4.47865e-12	-0.000193913
4.49674e-12	-0.000194147
4.51484e-12	-0.000194378
4.53294e-12	-0.000194608
4.55103e-12	-0.000194836
4.56913e-12	-0.000195063
4.58722e-12	-0.000195287
4.60532e-12	-0.000195509
4.62341e-12	-0.00019573
4.64151e-12	-0.000195949
4.6596e-12	-0.000196166
4.6777e-12	-0.000196381
4.6958e-12	-0.000196594
4.71389e-12	-0.000196805
4.73199e-12	-0.000197014
4.75008e-12	-0.00019722
4.76818e-12	-0.000197425
4.78627e-12	-0.000197628
4.80437e-12	-0.000197829
4.82246e-12	-0.000198028
4.84056e-12	-0.000198225
4.85866e-12	-0.000198419
4.87675e-12	-0.000198612
4.89485e-12	-0.000198802
4.91294e-12	-0.00019899
4.93104e-12	-0.000199176
4.94913e-12	-0.00019936
4.96723e-12	-0.000199541
4.98532e-12	-0.000199721
5.00342e-12	-0.000199898
5.02152e-12	-0.000200073
5.03961e-12	-0.000200245
5.05771e-12	-0.000200415
5.0758e-12	-0.000200583
5.0939e-12	-0.000200748
5.11199e-12	-0.000200912
5.13009e-12	-0.000201072
5.14818e-12	-0.000201231
5.16628e-12	-0.000201386
5.18438e-12	-0.00020154
5.20247e-12	-0.000201691
5.22057e-12	-0.000201839
5.23866e-12	-0.000201985
5.25676e-12	-0.000202129
5.27485e-12	-0.000202269
5.29295e-12	-0.000202408
5.31104e-12	-0.000202543
5.32914e-12	-0.000202677
5.34724e-12	-0.000202807
5.36533e-12	-0.000202935
5.38343e-12	-0.00020306
5.40152e-12	-0.000203183
5.41962e-12	-0.000203302
5.43771e-12	-0.000203419
5.45581e-12	-0.000203534
5.4739e-12	-0.000203645
5.492e-12	-0.000203754
5.5101e-12	-0.00020386
5.52819e-12	-0.000203963
5.54629e-12	-0.000204063
5.56438e-12	-0.00020416
5.58248e-12	-0.000204255
5.60057e-12	-0.000204346
5.61867e-12	-0.000204435
5.63676e-12	-0.00020452
5.65486e-12	-0.000204603
5.67296e-12	-0.000204683
5.69105e-12	-0.000204759
5.70915e-12	-0.000204833
5.72724e-12	-0.000204903
5.74534e-12	-0.00020497
5.76343e-12	-0.000205035
5.78153e-12	-0.000205096
5.79962e-12	-0.000205153
5.81772e-12	-0.000205208
5.83582e-12	-0.00020526
5.85391e-12	-0.000205308
5.87201e-12	-0.000205353
5.8901e-12	-0.000205395
5.9082e-12	-0.000205433
5.92629e-12	-0.000205468
5.94439e-12	-0.0002055
5.96248e-12	-0.000205528
5.98058e-12	-0.000205553
5.99868e-12	-0.000205575
6.01677e-12	-0.000205593
6.03487e-12	-0.000205607
6.05296e-12	-0.000205618
6.07106e-12	-0.000205626
6.08915e-12	-0.00020563
6.10725e-12	-0.000205631
6.12534e-12	-0.000205628
6.14344e-12	-0.000205621
6.16154e-12	-0.00020561
6.17963e-12	-0.000205596
6.19773e-12	-0.000205579
6.21582e-12	-0.000205557
6.23392e-12	-0.000205532
6.25201e-12	-0.000205503
6.27011e-12	-0.00020547
6.2882e-12	-0.000205434
6.3063e-12	-0.000205393
6.3244e-12	-0.000205349
6.34249e-12	-0.000205301
6.36059e-12	-0.000205249
6.37868e-12	-0.000205193
6.39678e-12	-0.000205133
6.41487e-12	-0.000205069
6.43297e-12	-0.000205001
6.45106e-12	-0.000204929
6.46916e-12	-0.000204853
6.48726e-12	-0.000204773
6.50535e-12	-0.000204688
6.52345e-12	-0.0002046
6.54154e-12	-0.000204507
6.55964e-12	-0.00020441
6.57773e-12	-0.000204309
6.59583e-12	-0.000204204
6.61392e-12	-0.000204094
6.63202e-12	-0.00020398
6.65012e-12	-0.000203861
6.66821e-12	-0.000203739
6.68631e-12	-0.000203612
6.7044e-12	-0.00020348
6.7225e-12	-0.000203344
6.74059e-12	-0.000203203
6.75869e-12	-0.000203058
6.77678e-12	-0.000202909
6.79488e-12	-0.000202755
6.81298e-12	-0.000202596
6.83107e-12	-0.000202433
6.84917e-12	-0.000202264
6.86726e-12	-0.000202092
6.88536e-12	-0.000201914
6.90345e-12	-0.000201732
6.92155e-12	-0.000201545
6.93964e-12	-0.000201353
6.95774e-12	-0.000201157
6.97584e-12	-0.000200955
6.99393e-12	-0.000200749
7.01203e-12	-0.000200538
7.03012e-12	-0.000200322
7.04822e-12	-0.000200101
7.06631e-12	-0.000199874
7.08441e-12	-0.000199643
7.1025e-12	-0.000199407
7.1206e-12	-0.000199165
7.1387e-12	-0.000198919
7.15679e-12	-0.000198667
7.17489e-12	-0.00019841
7.19298e-12	-0.000198148
7.21108e-12	-0.000197881
7.22917e-12	-0.000197608
7.24727e-12	-0.00019733
7.26536e-12	-0.000197047
7.28346e-12	-0.000196758
7.30156e-12	-0.000196464
7.31965e-12	-0.000196165
7.33775e-12	-0.00019586
7.35584e-12	-0.000195549
7.37394e-12	-0.000195233
7.39203e-12	-0.000194912
7.41013e-12	-0.000194584
7.42822e-12	-0.000194252
7.44632e-12	-0.000193913
7.46442e-12	-0.000193569
7.48251e-12	-0.000193219
7.50061e-12	-0.000192863
7.5187e-12	-0.000192502
7.5368e-12	-0.000192134
7.55489e-12	-0.000191761
7.57299e-12	-0.000191382
7.59108e-12	-0.000190997
7.60918e-12	-0.000190606
7.62728e-12	-0.000190209
7.64537e-12	-0.000189806
7.66347e-12	-0.000189397
7.68156e-12	-0.000188982
7.69966e-12	-0.00018856
7.71775e-12	-0.000188133
7.73585e-12	-0.000187699
7.75394e-12	-0.000187259
7.77204e-12	-0.000186813
7.79014e-12	-0.00018636
7.80823e-12	-0.000185901
7.82633e-12	-0.000185436
7.84442e-12	-0.000184965
7.86252e-12	-0.000184486
7.88061e-12	-0.000184002
7.89871e-12	-0.000183511
7.9168e-12	-0.000183013
7.9349e-12	-0.000182509
7.953e-12	-0.000181998
7.97109e-12	-0.00018148
7.98919e-12	-0.000180956
8.00728e-12	-0.000180425
8.02538e-12	-0.000179887
8.04347e-12	-0.000179343
8.06157e-12	-0.000178791
8.07966e-12	-0.000178233
8.09776e-12	-0.000177668
8.11585e-12	-0.000177096
8.13395e-12	-0.000176517
8.15205e-12	-0.000175931
8.17014e-12	-0.000175337
8.18824e-12	-0.000174737
8.20633e-12	-0.000174129
8.22443e-12	-0.000173515
8.24252e-12	-0.000172893
8.26062e-12	-0.000172264
8.27871e-12	-0.000171627
8.29681e-12	-0.000170984
8.31491e-12	-0.000170332
8.333e-12	-0.000169674
8.3511e-12	-0.000169008
8.36919e-12	-0.000168334
8.38729e-12	-0.000167654
8.40538e-12	-0.000166965
8.42348e-12	-0.000166269
8.44157e-12	-0.000165565
8.45967e-12	-0.000164853
8.47777e-12	-0.000164134
8.49586e-12	-0.000163407
8.51396e-12	-0.000162673
8.53205e-12	-0.00016193
8.55015e-12	-0.000161179
8.56824e-12	-0.000160421
8.58634e-12	-0.000159655
8.60443e-12	-0.00015888
8.62253e-12	-0.000158098
8.64063e-12	-0.000157307
8.65872e-12	-0.000156509
8.67682e-12	-0.000155702
8.69491e-12	-0.000154887
8.71301e-12	-0.000154064
8.7311e-12	-0.000153232
8.7492e-12	-0.000152392
8.76729e-12	-0.000151544
8.78539e-12	-0.000150687
8.80349e-12	-0.000149822
8.82158e-12	-0.000148949
8.83968e-12	-0.000148066
8.85777e-12	-0.000147176
8.87587e-12	-0.000146276
8.89396e-12	-0.000145368
8.91206e-12	-0.000144451
8.93015e-12	-0.000143526
8.94825e-12	-0.000142592
8.96635e-12	-0.000141649
8.98444e-12	-0.000140697
9.00254e-12	-0.000139736
9.02063e-12	-0.000138766
9.03873e-12	-0.000137787
9.05682e-12	-0.000136799
9.07492e-12	-0.000135802
9.09301e-12	-0.000134795
9.11111e-12	-0.00013378
9.12921e-12	-0.000132755
9.1473e-12	-0.000131721
9.1654e-12	-0.000130678
9.18349e-12	-0.000129625
9.20159e-12	-0.000128563
9.21968e-12	-0.000127492
9.23778e-12	-0.000126411
9.25587e-12	-0.00012532
9.27397e-12	-0.00012422
9.29207e-12	-0.00012311
9.31016e-12	-0.000121991
9.32826e-12	-0.000120862
9.34635e-12	-0.000119723
9.36445e-12	-0.000118574
9.38254e-12	-0.000117415
9.40064e-12	-0.000116247
9.41873e-12	-0.000115068
9.43683e-12	-0.000113879
9.45493e-12	-0.000112681
9.47302e-12	-0.000111472
9.49112e-12	-0.000110253
9.50921e-12	-0.000109024
9.52731e-12	-0.000107785
9.5454e-12	-0.000106535
9.5635e-12	-0.000105275
9.58159e-12	-0.000104005
9.59969e-12	-0.000102724
9.61779e-12	-0.000101433
9.63588e-12	-0.000100131
9.65398e-12	-9.88185e-05
9.67207e-12	-9.74955e-05
9.69017e-12	-9.61618e-05
9.70826e-12	-9.48174e-05
9.72636e-12	-9.34622e-05
9.74445e-12	-9.20961e-05
9.76255e-12	-9.07192e-05
9.78065e-12	-8.93314e-05
9.79874e-12	-8.79326e-05
9.81684e-12	-8.65228e-05
9.83493e-12	-8.51019e-05
9.85303e-12	-8.36699e-05
9.87112e-12	-8.22267e-05
9.88922e-12	-8.07723e-05
9.90731e-12	-7.93067e-05
9.92541e-12	-7.78297e-05
9.94351e-12	-7.63413e-05
9.9616e-12	-7.48415e-05
9.9797e-12	-7.33302e-05
9.99779e-12	-7.18074e-05
1.00159e-11	-7.02731e-05
1.0034e-11	-6.87271e-05
1.00521e-11	-6.71694e-05
1.00702e-11	-6.56e-05
1.00883e-11	-6.40188e-05
1.01064e-11	-6.24258e-05
1.01245e-11	-6.08208e-05
1.01426e-11	-5.9204e-05
1.01607e-11	-5.75751e-05
1.01787e-11	-5.59342e-05
1.01968e-11	-5.42812e-05
1.02149e-11	-5.26161e-05
1.0233e-11	-5.09388e-05
1.02511e-11	-4.92492e-05
1.02692e-11	-4.75473e-05
1.02873e-11	-4.5833e-05
1.03054e-11	-4.41063e-05
1.03235e-11	-4.23672e-05
1.03416e-11	-4.06155e-05
1.03597e-11	-3.88513e-05
1.03778e-11	-3.70744e-05
1.03959e-11	-3.52848e-05
1.0414e-11	-3.34825e-05
1.04321e-11	-3.16674e-05
1.04502e-11	-2.98395e-05
1.04683e-11	-2.79986e-05
1.04864e-11	-2.61448e-05
1.05045e-11	-2.4278e-05
1.05226e-11	-2.23982e-05
1.05407e-11	-2.05052e-05
1.05588e-11	-1.8599e-05
1.05769e-11	-1.66796e-05
1.05949e-11	-1.47469e-05
1.0613e-11	-1.28009e-05
1.06311e-11	-1.08414e-05
1.06492e-11	-8.86851e-06
1.06673e-11	-6.8821e-06
1.06854e-11	-4.88212e-06
1.07035e-11	-2.86852e-06
1.07216e-11	-8.4123e-07
1.07397e-11	1.1998e-06
1.07578e-11	3.25462e-06
1.07759e-11	5.3233e-06
1.0794e-11	7.40588e-06
1.08121e-11	9.50244e-06
1.08302e-11	1.1613e-05
1.08483e-11	1.37377e-05
1.08664e-11	1.58765e-05
1.08845e-11	1.80295e-05
1.09026e-11	2.01967e-05
1.09207e-11	2.23783e-05
1.09388e-11	2.45743e-05
1.09569e-11	2.67846e-05
1.0975e-11	2.90095e-05
1.0993e-11	3.12489e-05
1.10111e-11	3.3503e-05
1.10292e-11	3.57716e-05
1.10473e-11	3.80551e-05
1.10654e-11	4.03533e-05
1.10835e-11	4.26663e-05
1.11016e-11	4.49943e-05
1.11197e-11	4.73372e-05
1.11378e-11	4.96952e-05
1.11559e-11	5.20682e-05
1.1174e-11	5.44564e-05
1.11921e-11	5.68597e-05
1.12102e-11	5.92784e-05
1.12283e-11	6.17124e-05
1.12464e-11	6.41617e-05
1.12645e-11	6.66265e-05
1.12826e-11	6.91069e-05
1.13007e-11	7.16028e-05
1.13188e-11	7.41143e-05
1.13369e-11	7.66415e-05
1.1355e-11	7.91845e-05
1.13731e-11	8.17433e-05
1.13911e-11	8.43179e-05
1.14092e-11	8.69085e-05
1.14273e-11	8.95151e-05
1.14454e-11	9.21378e-05
1.14635e-11	9.47766e-05
1.14816e-11	9.74316e-05
1.14997e-11	0.000100103
1.15178e-11	0.00010279
1.15359e-11	0.000105494
1.1554e-11	0.000108215
1.15721e-11	0.000110952
1.15902e-11	0.000113705
1.16083e-11	0.000116475
1.16264e-11	0.000119262
1.16445e-11	0.000122065
1.16626e-11	0.000124886
1.16807e-11	0.000127723
1.16988e-11	0.000130577
1.17169e-11	0.000133449
1.1735e-11	0.000136337
1.17531e-11	0.000139242
1.17712e-11	0.000142165
1.17893e-11	0.000145105
1.18073e-11	0.000148062
1.18254e-11	0.000151037
1.18435e-11	0.000154029
1.18616e-11	0.000157039
1.18797e-11	0.000160066
1.18978e-11	0.000163111
1.19159e-11	0.000166174
1.1934e-11	0.000169254
1.19521e-11	0.000172353
1.19702e-11	0.000175469
1.19883e-11	0.000178603
1.20064e-11	0.000181755
1.20245e-11	0.000184926
1.20426e-11	0.000188115
1.20607e-11	0.000191322
1.20788e-11	0.000194547
1.20969e-11	0.000197791
1.2115e-11	0.000201053
1.21331e-11	0.000204333
1.21512e-11	0.000207633
1.21693e-11	0.000210951
1.21874e-11	0.000214287
1.22054e-11	0.000217643
1.22235e-11	0.000221017
1.22416e-11	0.000224411
1.22597e-11	0.000227823
1.22778e-11	0.000231254
1.22959e-11	0.000234705
1.2314e-11	0.000238175
1.23321e-11	0.000241664
1.23502e-11	0.000245172
1.23683e-11	0.0002487
1.23864e-11	0.000252247
1.24045e-11	0.000255814
1.24226e-11	0.000259401
1.24407e-11	0.000263007
1.24588e-11	0.000266633
1.24769e-11	0.000270279
1.2495e-11	0.000273945
1.25131e-11	0.000277631
1.25312e-11	0.000281336
1.25493e-11	0.000285062
1.25674e-11	0.000288809
1.25855e-11	0.000292575
1.26036e-11	0.000296362
1.26216e-11	0.000300169
1.26397e-11	0.000303997
1.26578e-11	0.000307845
1.26759e-11	0.000311714
1.2694e-11	0.000315603
1.27121e-11	0.000319513
1.27302e-11	0.000323444
1.27483e-11	0.000327396
1.27664e-11	0.000331369
1.27845e-11	0.000335364
1.28026e-11	0.000339379
1.28207e-11	0.000343415
1.28388e-11	0.000347473
1.28569e-11	0.000351552
1.2875e-11	0.000355652
1.28931e-11	0.000359774
1.29112e-11	0.000363918
1.29293e-11	0.000368083
1.29474e-11	0.000372269
1.29655e-11	0.000376478
1.29836e-11	0.000380708
1.30017e-11	0.000384961
1.30197e-11	0.000389235
1.30378e-11	0.000393532
1.30559e-11	0.00039785
1.3074e-11	0.000402191
1.30921e-11	0.000406554
1.31102e-11	0.00041094
1.31283e-11	0.000415348
1.31464e-11	0.000419778
1.31645e-11	0.000424231
1.31826e-11	0.000428707
1.32007e-11	0.000433206
1.32188e-11	0.000437727
1.32369e-11	0.000442271
1.3255e-11	0.000446838
1.32731e-11	0.000451429
1.32912e-11	0.000456042
1.33093e-11	0.000460678
1.33274e-11	0.000465338
1.33455e-11	0.000470022
1.33636e-11	0.000474728
1.33817e-11	0.000479458
1.33998e-11	0.000484212
1.34179e-11	0.000488989
1.34359e-11	0.00049379
1.3454e-11	0.000498615
1.34721e-11	0.000503464
1.34902e-11	0.000508337
1.35083e-11	0.000513234
1.35264e-11	0.000518155
1.35445e-11	0.0005231
1.35626e-11	0.000528069
1.35807e-11	0.000533063
1.35988e-11	0.000538081
1.36169e-11	0.000543124
1.3635e-11	0.000548191
1.36531e-11	0.000553283
1.36712e-11	0.000558399
1.36893e-11	0.000563541
1.37074e-11	0.000568707
1.37255e-11	0.000573899
1.37436e-11	0.000579115
1.37617e-11	0.000584356
1.37798e-11	0.000589623
1.37979e-11	0.000594915
1.3816e-11	0.000600232
1.3834e-11	0.000605575
1.38521e-11	0.000610943
1.38702e-11	0.000616337
1.38883e-11	0.000621757
1.39064e-11	0.000627202
1.39245e-11	0.000632674
1.39426e-11	0.000638171
1.39607e-11	0.000643694
1.39788e-11	0.000649243
1.39969e-11	0.000654818
1.4015e-11	0.00066042
1.40331e-11	0.000666048
1.40512e-11	0.000671702
1.40693e-11	0.000677383
1.40874e-11	0.00068309
1.41055e-11	0.000688824
1.41236e-11	0.000694584
1.41417e-11	0.000700372
1.41598e-11	0.000706186
1.41779e-11	0.000712027
1.4196e-11	0.000717896
1.42141e-11	0.000723791
1.42322e-11	0.000729714
1.42502e-11	0.000735664
1.42683e-11	0.000741641
1.42864e-11	0.000747646
1.43045e-11	0.000753678
1.43226e-11	0.000759738
1.43407e-11	0.000765825
1.43588e-11	0.000771941
1.43769e-11	0.000778084
1.4395e-11	0.000784255
1.44131e-11	0.000790454
1.44312e-11	0.000796681
1.44493e-11	0.000802936
1.44674e-11	0.00080922
1.44855e-11	0.000815532
1.45036e-11	0.000821872
1.45217e-11	0.000828241
1.45398e-11	0.000834638
1.45579e-11	0.000841065
1.4576e-11	0.000847519
1.45941e-11	0.000854003
1.46122e-11	0.000860516
1.46303e-11	0.000867057
1.46483e-11	0.000873628
1.46664e-11	0.000880228
1.46845e-11	0.000886857
1.47026e-11	0.000893515
1.47207e-11	0.000900203
1.47388e-11	0.000906921
1.47569e-11	0.000913667
1.4775e-11	0.000920444
1.47931e-11	0.00092725
1.48112e-11	0.000934087
1.48293e-11	0.000940953
1.48474e-11	0.000947849
1.48655e-11	0.000954775
1.48836e-11	0.000961731
1.49017e-11	0.000968718
1.49198e-11	0.000975734
1.49379e-11	0.000982782
1.4956e-11	0.000989859
1.49741e-11	0.000996968
1.49922e-11	0.00100411
1.50103e-11	0.00101128
1.50284e-11	0.00101848
1.50465e-11	0.00102571
1.50645e-11	0.00103297
1.50826e-11	0.00104026
1.51007e-11	0.00104759
1.51188e-11	0.00105495
1.51369e-11	0.00106233
1.5155e-11	0.00106975
1.51731e-11	0.0010772
1.51912e-11	0.00108468
1.52093e-11	0.0010922
1.52274e-11	0.00109974
1.52455e-11	0.00110732
1.52636e-11	0.00111493
1.52817e-11	0.00112257
1.52998e-11	0.00113024
1.53179e-11	0.00113795
1.5336e-11	0.00114569
1.53541e-11	0.00115346
1.53722e-11	0.00116126
1.53903e-11	0.00116909
1.54084e-11	0.00117696
1.54265e-11	0.00118486
1.54446e-11	0.00119279
1.54626e-11	0.00120076
1.54807e-11	0.00120876
1.54988e-11	0.00121679
1.55169e-11	0.00122485
1.5535e-11	0.00123295
1.55531e-11	0.00124108
1.55712e-11	0.00124925
1.55893e-11	0.00125745
1.56074e-11	0.00126568
1.56255e-11	0.00127394
1.56436e-11	0.00128224
1.56617e-11	0.00129058
1.56798e-11	0.00129894
1.56979e-11	0.00130734
1.5716e-11	0.00131578
1.57341e-11	0.00132425
1.57522e-11	0.00133275
1.57703e-11	0.00134129
1.57884e-11	0.00134986
1.58065e-11	0.00135847
1.58246e-11	0.00136711
1.58427e-11	0.00137578
1.58608e-11	0.00138449
1.58788e-11	0.00139324
1.58969e-11	0.00140202
1.5915e-11	0.00141083
1.59331e-11	0.00141968
1.59512e-11	0.00142857
1.59693e-11	0.00143749
1.59874e-11	0.00144644
1.60055e-11	0.00145543
1.60236e-11	0.00146446
1.60417e-11	0.00147352
1.60598e-11	0.00148262
1.60779e-11	0.00149176
1.6096e-11	0.00150092
1.61141e-11	0.00151013
1.61322e-11	0.00151937
1.61503e-11	0.00152865
1.61684e-11	0.00153796
1.61865e-11	0.00154731
1.62046e-11	0.0015567
1.62227e-11	0.00156612
1.62408e-11	0.00157558
1.62589e-11	0.00158508
1.62769e-11	0.00159461
1.6295e-11	0.00160418
1.63131e-11	0.00161379
1.63312e-11	0.00162343
1.63493e-11	0.00163311
1.63674e-11	0.00164283
1.63855e-11	0.00165258
1.64036e-11	0.00166237
1.64217e-11	0.0016722
1.64398e-11	0.00168207
1.64579e-11	0.00169198
1.6476e-11	0.00170192
1.64941e-11	0.0017119
1.65122e-11	0.00172191
1.65303e-11	0.00173197
1.65484e-11	0.00174206
1.65665e-11	0.0017522
1.65846e-11	0.00176236
1.66027e-11	0.00177257
1.66208e-11	0.00178282
1.66389e-11	0.0017931
1.6657e-11	0.00180343
1.66751e-11	0.00181379
1.66931e-11	0.00182419
1.67112e-11	0.00183463
1.67293e-11	0.00184511
1.67474e-11	0.00185562
1.67655e-11	0.00186618
1.67836e-11	0.00187677
1.68017e-11	0.00188741
1.68198e-11	0.00189808
1.68379e-11	0.00190879
1.6856e-11	0.00191955
1.68741e-11	0.00193034
1.68922e-11	0.00194117
1.69103e-11	0.00195204
1.69284e-11	0.00196295
1.69465e-11	0.0019739
1.69646e-11	0.00198489
1.69827e-11	0.00199592
1.70008e-11	0.00200699
1.70189e-11	0.0020181
1.7037e-11	0.00202925
1.70551e-11	0.00204044
1.70732e-11	0.00205167
1.70912e-11	0.00206295
1.71093e-11	0.00207426
1.71274e-11	0.00208561
1.71455e-11	0.00209701
1.71636e-11	0.00210844
1.71817e-11	0.00211992
1.71998e-11	0.00213143
1.72179e-11	0.00214299
1.7236e-11	0.00215459
1.72541e-11	0.00216623
1.72722e-11	0.00217791
1.72903e-11	0.00218964
1.73084e-11	0.0022014
1.73265e-11	0.00221321
1.73446e-11	0.00222506
1.73627e-11	0.00223694
1.73808e-11	0.00224888
1.73989e-11	0.00226085
1.7417e-11	0.00227286
1.74351e-11	0.00228492
1.74532e-11	0.00229702
1.74713e-11	0.00230916
1.74894e-11	0.00232135
1.75074e-11	0.00233357
1.75255e-11	0.00234584
1.75436e-11	0.00235815
1.75617e-11	0.00237051
1.75798e-11	0.00238291
1.75979e-11	0.00239534
1.7616e-11	0.00240783
1.76341e-11	0.00242035
1.76522e-11	0.00243292
1.76703e-11	0.00244553
1.76884e-11	0.00245819
1.77065e-11	0.00247089
1.77246e-11	0.00248363
1.77427e-11	0.00249641
1.77608e-11	0.00250924
1.77789e-11	0.00252211
1.7797e-11	0.00253503
1.78151e-11	0.00254799
1.78332e-11	0.00256099
1.78513e-11	0.00257404
1.78694e-11	0.00258713
1.78875e-11	0.00260026
1.79055e-11	0.00261344
1.79236e-11	0.00262667
1.79417e-11	0.00263994
1.79598e-11	0.00265325
1.79779e-11	0.0026666
1.7996e-11	0.00268001
1.80141e-11	0.00269345
1.80322e-11	0.00270694
1.80503e-11	0.00272048
1.80684e-11	0.00273406
1.80865e-11	0.00274768
1.81046e-11	0.00276135
1.81227e-11	0.00277507
1.81408e-11	0.00278883
1.81589e-11	0.00280263
1.8177e-11	0.00281648
1.81951e-11	0.00283038
1.82132e-11	0.00284432
1.82313e-11	0.00285831
1.82494e-11	0.00287234
1.82675e-11	0.00288642
1.82856e-11	0.00290055
1.83037e-11	0.00291471
1.83217e-11	0.00292893
1.83398e-11	0.00294319
1.83579e-11	0.0029575
1.8376e-11	0.00297185
1.83941e-11	0.00298625
1.84122e-11	0.0030007
1.84303e-11	0.00301519
1.84484e-11	0.00302973
1.84665e-11	0.00304432
1.84846e-11	0.00305895
1.85027e-11	0.00307363
1.85208e-11	0.00308836
1.85389e-11	0.00310313
1.8557e-11	0.00311795
1.85751e-11	0.00313281
1.85932e-11	0.00314773
1.86113e-11	0.00316269
1.86294e-11	0.00317769
1.86475e-11	0.00319275
1.86656e-11	0.00320785
1.86837e-11	0.003223
1.87018e-11	0.0032382
1.87198e-11	0.00325344
1.87379e-11	0.00326873
1.8756e-11	0.00328407
1.87741e-11	0.00329946
1.87922e-11	0.00331489
1.88103e-11	0.00333038
1.88284e-11	0.00334591
1.88465e-11	0.00336148
1.88646e-11	0.00337711
1.88827e-11	0.00339278
1.89008e-11	0.00340851
1.89189e-11	0.00342428
1.8937e-11	0.0034401
1.89551e-11	0.00345596
1.89732e-11	0.00347188
1.89913e-11	0.00348784
1.90094e-11	0.00350386
1.90275e-11	0.00351992
1.90456e-11	0.00353603
1.90637e-11	0.00355219
1.90818e-11	0.0035684
1.90999e-11	0.00358465
1.9118e-11	0.00360096
1.9136e-11	0.00361731
1.91541e-11	0.00363372
1.91722e-11	0.00365017
1.91903e-11	0.00366667
1.92084e-11	0.00368322
1.92265e-11	0.00369982
1.92446e-11	0.00371647
1.92627e-11	0.00373317
1.92808e-11	0.00374992
1.92989e-11	0.00376672
1.9317e-11	0.00378357
1.93351e-11	0.00380046
1.93532e-11	0.00381741
1.93713e-11	0.00383441
1.93894e-11	0.00385146
1.94075e-11	0.00386855
1.94256e-11	0.0038857
1.94437e-11	0.0039029
1.94618e-11	0.00392014
1.94799e-11	0.00393744
1.9498e-11	0.00395479
1.95161e-11	0.00397219
1.95341e-11	0.00398963
1.95522e-11	0.00400713
1.95703e-11	0.00402468
1.95884e-11	0.00404228
1.96065e-11	0.00405993
1.96246e-11	0.00407763
1.96427e-11	0.00409538
1.96608e-11	0.00411318
1.96789e-11	0.00413104
1.9697e-11	0.00414894
1.97151e-11	0.00416689
1.97332e-11	0.0041849
1.97513e-11	0.00420295
1.97694e-11	0.00422106
1.97875e-11	0.00423922
1.98056e-11	0.00425743
1.98237e-11	0.00427569
1.98418e-11	0.004294
1.98599e-11	0.00431236
1.9878e-11	0.00433078
1.98961e-11	0.00434925
1.99142e-11	0.00436776
1.99323e-11	0.00438633
1.99503e-11	0.00440495
1.99684e-11	0.00442362
1.99865e-11	0.00444235
2.00046e-11	0.00446112
2.00227e-11	0.00447995
2.00408e-11	0.00449883
2.00589e-11	0.00451776
2.0077e-11	0.00453674
2.00951e-11	0.00455577
2.01132e-11	0.00457486
2.01313e-11	0.004594
2.01494e-11	0.00461319
2.01675e-11	0.00463243
2.01856e-11	0.00465172
2.02037e-11	0.00467107
2.02218e-11	0.00469047
2.02399e-11	0.00470992
2.0258e-11	0.00472942
2.02761e-11	0.00474898
2.02942e-11	0.00476858
2.03123e-11	0.00478824
2.03304e-11	0.00480796
2.03484e-11	0.00482772
2.03665e-11	0.00484754
2.03846e-11	0.00486741
2.04027e-11	0.00488733
2.04208e-11	0.00490731
2.04389e-11	0.00492733
2.0457e-11	0.00494741
2.04751e-11	0.00496755
2.04932e-11	0.00498773
2.05113e-11	0.00500797
2.05294e-11	0.00502826
2.05475e-11	0.00504861
2.05656e-11	0.00506901
2.05837e-11	0.00508946
2.06018e-11	0.00510996
2.06199e-11	0.00513052
2.0638e-11	0.00515113
2.06561e-11	0.00517179
2.06742e-11	0.0051925
2.06923e-11	0.00521327
2.07104e-11	0.00523409
2.07285e-11	0.00525497
2.07466e-11	0.0052759
2.07646e-11	0.00529688
2.07827e-11	0.00531791
2.08008e-11	0.005339
2.08189e-11	0.00536014
2.0837e-11	0.00538134
2.08551e-11	0.00540259
2.08732e-11	0.00542389
2.08913e-11	0.00544524
2.09094e-11	0.00546665
2.09275e-11	0.00548811
2.09456e-11	0.00550963
2.09637e-11	0.00553119
2.09818e-11	0.00555282
2.09999e-11	0.00557449
2.1018e-11	0.00559622
2.10361e-11	0.005618
2.10542e-11	0.00563984
2.10723e-11	0.00566173
2.10904e-11	0.00568367
2.11085e-11	0.00570567
2.11266e-11	0.00572772
2.11447e-11	0.00574983
2.11627e-11	0.00577199
2.11808e-11	0.0057942
2.11989e-11	0.00581646
2.1217e-11	0.00583878
2.12351e-11	0.00586116
2.12532e-11	0.00588358
2.12713e-11	0.00590607
2.12894e-11	0.0059286
2.13075e-11	0.00595119
2.13256e-11	0.00597383
2.13437e-11	0.00599653
2.13618e-11	0.00601928
2.13799e-11	0.00604208
2.1398e-11	0.00606494
2.14161e-11	0.00608785
2.14342e-11	0.00611082
2.14523e-11	0.00613384
2.14704e-11	0.00615691
2.14885e-11	0.00618004
2.15066e-11	0.00620322
2.15247e-11	0.00622645
2.15428e-11	0.00624974
2.15609e-11	0.00627308
2.15789e-11	0.00629648
2.1597e-11	0.00631993
2.16151e-11	0.00634343
2.16332e-11	0.00636699
2.16513e-11	0.0063906
2.16694e-11	0.00641427
2.16875e-11	0.00643799
2.17056e-11	0.00646176
2.17237e-11	0.00648559
2.17418e-11	0.00650947
2.17599e-11	0.00653341
2.1778e-11	0.0065574
2.17961e-11	0.00658144
2.18142e-11	0.00660554
2.18323e-11	0.00662969
2.18504e-11	0.00665389
2.18685e-11	0.00667815
2.18866e-11	0.00670247
2.19047e-11	0.00672683
2.19228e-11	0.00675125
2.19409e-11	0.00677573
2.1959e-11	0.00680025
2.1977e-11	0.00682483
2.19951e-11	0.00684947
2.20132e-11	0.00687416
2.20313e-11	0.0068989
2.20494e-11	0.0069237
2.20675e-11	0.00694855
2.20856e-11	0.00697345
2.21037e-11	0.00699841
2.21218e-11	0.00702342
2.21399e-11	0.00704848
2.2158e-11	0.0070736
2.21761e-11	0.00709877
2.21942e-11	0.007124
2.22123e-11	0.00714928
2.22304e-11	0.00717461
2.22485e-11	0.00719999
2.22666e-11	0.00722543
2.22847e-11	0.00725093
2.23028e-11	0.00727647
2.23209e-11	0.00730207
2.2339e-11	0.00732772
2.23571e-11	0.00735343
2.23751e-11	0.00737919
2.23932e-11	0.007405
2.24113e-11	0.00743086
2.24294e-11	0.00745678
2.24475e-11	0.00748276
2.24656e-11	0.00750878
2.24837e-11	0.00753486
2.25018e-11	0.00756099
2.25199e-11	0.00758717
2.2538e-11	0.00761341
2.25561e-11	0.0076397
2.25742e-11	0.00766604
2.25923e-11	0.00769244
2.26104e-11	0.00771889
2.26285e-11	0.00774539
2.26466e-11	0.00777194
2.26647e-11	0.00779855
2.26828e-11	0.00782521
2.27009e-11	0.00785192
2.2719e-11	0.00787869
2.27371e-11	0.0079055
2.27552e-11	0.00793237
2.27733e-11	0.00795929
2.27913e-11	0.00798627
2.28094e-11	0.0080133
2.28275e-11	0.00804037
2.28456e-11	0.0080675
2.28637e-11	0.00809469
2.28818e-11	0.00812192
2.28999e-11	0.00814921
2.2918e-11	0.00817655
2.29361e-11	0.00820394
2.29542e-11	0.00823138
2.29723e-11	0.00825888
2.29904e-11	0.00828643
2.30085e-11	0.00831402
2.30266e-11	0.00834167
2.30447e-11	0.00836938
2.30628e-11	0.00839713
2.30809e-11	0.00842493
2.3099e-11	0.00845279
2.31171e-11	0.0084807
2.31352e-11	0.00850865
2.31533e-11	0.00853666
2.31714e-11	0.00856472
2.31894e-11	0.00859284
2.32075e-11	0.008621
2.32256e-11	0.00864921
2.32437e-11	0.00867748
2.32618e-11	0.00870579
2.32799e-11	0.00873416
2.3298e-11	0.00876258
2.33161e-11	0.00879104
2.33342e-11	0.00881956
2.33523e-11	0.00884813
2.33704e-11	0.00887675
2.33885e-11	0.00890542
2.34066e-11	0.00893413
2.34247e-11	0.0089629
2.34428e-11	0.00899172
2.34609e-11	0.00902059
2.3479e-11	0.00904951
2.34971e-11	0.00907848
2.35152e-11	0.00910749
2.35333e-11	0.00913656
2.35514e-11	0.00916568
2.35695e-11	0.00919484
2.35876e-11	0.00922406
2.36056e-11	0.00925332
2.36237e-11	0.00928264
2.36418e-11	0.009312
2.36599e-11	0.00934141
2.3678e-11	0.00937087
2.36961e-11	0.00940038
2.37142e-11	0.00942994
2.37323e-11	0.00945955
2.37504e-11	0.0094892
2.37685e-11	0.00951891
2.37866e-11	0.00954866
2.38047e-11	0.00957846
2.38228e-11	0.0096083
2.38409e-11	0.0096382
2.3859e-11	0.00966814
2.38771e-11	0.00969813
2.38952e-11	0.00972817
2.39133e-11	0.00975826
2.39314e-11	0.00978839
2.39495e-11	0.00981857
2.39676e-11	0.0098488
2.39857e-11	0.00987907
2.40037e-11	0.0099094
2.40218e-11	0.00993976
2.40399e-11	0.00997018
2.4058e-11	0.0100006
2.40761e-11	0.0100311
2.40942e-11	0.0100617
2.41123e-11	0.0100923
2.41304e-11	0.010123
2.41485e-11	0.0101536
2.41666e-11	0.0101844
2.41847e-11	0.0102152
2.42028e-11	0.010246
2.42209e-11	0.0102769
2.4239e-11	0.0103078
2.42571e-11	0.0103388
2.42752e-11	0.0103698
2.42933e-11	0.0104008
2.43114e-11	0.0104319
2.43295e-11	0.0104631
2.43476e-11	0.0104943
2.43657e-11	0.0105255
2.43838e-11	0.0105568
2.44019e-11	0.0105881
2.44199e-11	0.0106195
2.4438e-11	0.0106509
2.44561e-11	0.0106823
2.44742e-11	0.0107138
2.44923e-11	0.0107454
2.45104e-11	0.0107769
2.45285e-11	0.0108086
2.45466e-11	0.0108402
2.45647e-11	0.010872
2.45828e-11	0.0109037
2.46009e-11	0.0109355
2.4619e-11	0.0109674
2.46371e-11	0.0109992
2.46552e-11	0.0110312
2.46733e-11	0.0110631
2.46914e-11	0.0110951
2.47095e-11	0.0111272
2.47276e-11	0.0111593
2.47457e-11	0.0111914
2.47638e-11	0.0112236
2.47819e-11	0.0112558
2.48e-11	0.011288
2.4818e-11	0.0113203
2.48361e-11	0.0113527
2.48542e-11	0.0113851
2.48723e-11	0.0114175
2.48904e-11	0.0114499
2.49085e-11	0.0114824
2.49266e-11	0.011515
2.49447e-11	0.0115475
2.49628e-11	0.0115801
2.49809e-11	0.0116128
2.4999e-11	0.0116455
2.50171e-11	0.0116782
2.50352e-11	0.011711
2.50533e-11	0.0117438
2.50714e-11	0.0117766
2.50895e-11	0.0118095
2.51076e-11	0.0118424
2.51257e-11	0.0118754
2.51438e-11	0.0119084
2.51619e-11	0.0119414
2.518e-11	0.0119745
2.51981e-11	0.0120076
2.52162e-11	0.0120407
2.52342e-11	0.0120739
2.52523e-11	0.0121071
2.52704e-11	0.0121404
2.52885e-11	0.0121737
2.53066e-11	0.012207
2.53247e-11	0.0122403
2.53428e-11	0.0122737
2.53609e-11	0.0123072
2.5379e-11	0.0123406
2.53971e-11	0.0123741
2.54152e-11	0.0124077
2.54333e-11	0.0124412
2.54514e-11	0.0124748
2.54695e-11	0.0125084
2.54876e-11	0.0125421
2.55057e-11	0.0125758
2.55238e-11	0.0126095
2.55419e-11	0.0126433
2.556e-11	0.0126771
2.55781e-11	0.0127109
2.55962e-11	0.0127448
2.56143e-11	0.0127787
2.56323e-11	0.0128126
2.56504e-11	0.0128466
2.56685e-11	0.0128806
2.56866e-11	0.0129146
2.57047e-11	0.0129486
2.57228e-11	0.0129827
2.57409e-11	0.0130168
2.5759e-11	0.013051
2.57771e-11	0.0130851
2.57952e-11	0.0131193
2.58133e-11	0.0131535
2.58314e-11	0.0131878
2.58495e-11	0.0132221
2.58676e-11	0.0132564
2.58857e-11	0.0132907
2.59038e-11	0.0133251
2.59219e-11	0.0133595
2.594e-11	0.0133939
2.59581e-11	0.0134284
2.59762e-11	0.0134629
2.59943e-11	0.0134974
2.60124e-11	0.0135319
2.60305e-11	0.0135665
2.60485e-11	0.0136011
2.60666e-11	0.0136357
2.60847e-11	0.0136703
2.61028e-11	0.013705
2.61209e-11	0.0137396
2.6139e-11	0.0137744
2.61571e-11	0.0138091
2.61752e-11	0.0138439
2.61933e-11	0.0138786
2.62114e-11	0.0139134
2.62295e-11	0.0139483
2.62476e-11	0.0139831
2.62657e-11	0.014018
2.62838e-11	0.0140529
2.63019e-11	0.0140878
2.632e-11	0.0141228
2.63381e-11	0.0141577
2.63562e-11	0.0141927
2.63743e-11	0.0142277
2.63924e-11	0.0142627
2.64105e-11	0.0142978
2.64286e-11	0.0143329
2.64466e-11	0.0143679
2.64647e-11	0.014403
2.64828e-11	0.0144382
2.65009e-11	0.0144733
2.6519e-11	0.0145085
2.65371e-11	0.0145437
2.65552e-11	0.0145789
2.65733e-11	0.0146141
2.65914e-11	0.0146493
2.66095e-11	0.0146846
2.66276e-11	0.0147198
2.66457e-11	0.0147551
2.66638e-11	0.0147904
2.66819e-11	0.0148257
2.67e-11	0.0148611
2.67181e-11	0.0148964
2.67362e-11	0.0149318
2.67543e-11	0.0149671
2.67724e-11	0.0150025
2.67905e-11	0.0150379
2.68086e-11	0.0150734
2.68267e-11	0.0151088
2.68448e-11	0.0151442
2.68628e-11	0.0151797
2.68809e-11	0.0152152
2.6899e-11	0.0152506
2.69171e-11	0.0152861
2.69352e-11	0.0153216
2.69533e-11	0.0153571
2.69714e-11	0.0153927
2.69895e-11	0.0154282
2.70076e-11	0.0154637
2.70257e-11	0.0154993
2.70438e-11	0.0155349
2.70619e-11	0.0155704
2.708e-11	0.015606
2.70981e-11	0.0156416
2.71162e-11	0.0156772
2.71343e-11	0.0157128
2.71524e-11	0.0157484
2.71705e-11	0.015784
2.71886e-11	0.0158197
2.72067e-11	0.0158553
2.72248e-11	0.0158909
2.72429e-11	0.0159266
2.72609e-11	0.0159622
2.7279e-11	0.0159978
2.72971e-11	0.0160335
2.73152e-11	0.0160692
2.73333e-11	0.0161048
2.73514e-11	0.0161405
2.73695e-11	0.0161761
2.73876e-11	0.0162118
2.74057e-11	0.0162475
2.74238e-11	0.0162831
2.74419e-11	0.0163188
2.746e-11	0.0163545
2.74781e-11	0.0163902
2.74962e-11	0.0164258
2.75143e-11	0.0164615
2.75324e-11	0.0164972
2.75505e-11	0.0165328
2.75686e-11	0.0165685
2.75867e-11	0.0166042
2.76048e-11	0.0166398
2.76229e-11	0.0166755
2.7641e-11	0.0167111
2.76591e-11	0.0167468
2.76771e-11	0.0167824
2.76952e-11	0.0168181
2.77133e-11	0.0168537
2.77314e-11	0.0168894
2.77495e-11	0.016925
2.77676e-11	0.0169606
2.77857e-11	0.0169962
2.78038e-11	0.0170318
2.78219e-11	0.0170674
2.784e-11	0.017103
2.78581e-11	0.0171386
2.78762e-11	0.0171742
2.78943e-11	0.0172097
2.79124e-11	0.0172453
2.79305e-11	0.0172808
2.79486e-11	0.0173164
2.79667e-11	0.0173519
2.79848e-11	0.0173874
2.80029e-11	0.0174229
2.8021e-11	0.0174584
2.80391e-11	0.0174938
2.80572e-11	0.0175293
2.80752e-11	0.0175648
2.80933e-11	0.0176002
2.81114e-11	0.0176356
2.81295e-11	0.017671
2.81476e-11	0.0177064
2.81657e-11	0.0177418
2.81838e-11	0.0177771
2.82019e-11	0.0178125
2.822e-11	0.0178478
2.82381e-11	0.0178831
2.82562e-11	0.0179184
2.82743e-11	0.0179536
2.82924e-11	0.0179889
2.83105e-11	0.0180241
2.83286e-11	0.0180593
2.83467e-11	0.0180945
2.83648e-11	0.0181296
2.83829e-11	0.0181648
2.8401e-11	0.0181999
2.84191e-11	0.018235
2.84372e-11	0.0182701
2.84553e-11	0.0183051
2.84734e-11	0.0183401
2.84914e-11	0.0183751
2.85095e-11	0.0184101
2.85276e-11	0.0184451
2.85457e-11	0.01848
2.85638e-11	0.0185149
2.85819e-11	0.0185498
2.86e-11	0.0185846
2.86181e-11	0.0186194
2.86362e-11	0.0186542
2.86543e-11	0.018689
2.86724e-11	0.0187237
2.86905e-11	0.0187584
2.87086e-11	0.0187931
2.87267e-11	0.0188277
2.87448e-11	0.0188623
2.87629e-11	0.0188969
2.8781e-11	0.0189314
2.87991e-11	0.0189659
2.88172e-11	0.0190004
2.88353e-11	0.0190348
2.88534e-11	0.0190692
2.88715e-11	0.0191036
2.88895e-11	0.0191379
2.89076e-11	0.0191722
2.89257e-11	0.0192064
2.89438e-11	0.0192407
2.89619e-11	0.0192748
2.898e-11	0.019309
2.89981e-11	0.0193431
2.90162e-11	0.0193771
2.90343e-11	0.0194112
2.90524e-11	0.0194452
2.90705e-11	0.0194791
2.90886e-11	0.019513
2.91067e-11	0.0195468
2.91248e-11	0.0195807
2.91429e-11	0.0196144
2.9161e-11	0.0196481
2.91791e-11	0.0196818
2.91972e-11	0.0197155
2.92153e-11	0.019749
2.92334e-11	0.0197826
2.92515e-11	0.0198161
2.92696e-11	0.0198495
2.92877e-11	0.0198829
2.93057e-11	0.0199163
2.93238e-11	0.0199496
2.93419e-11	0.0199828
2.936e-11	0.020016
2.93781e-11	0.0200492
2.93962e-11	0.0200822
2.94143e-11	0.0201153
2.94324e-11	0.0201483
2.94505e-11	0.0201812
2.94686e-11	0.0202141
2.94867e-11	0.0202469
2.95048e-11	0.0202797
2.95229e-11	0.0203124
2.9541e-11	0.0203451
2.95591e-11	0.0203777
2.95772e-11	0.0204102
2.95953e-11	0.0204427
2.96134e-11	0.0204751
2.96315e-11	0.0205075
2.96496e-11	0.0205398
2.96677e-11	0.020572
2.96858e-11	0.0206042
2.97038e-11	0.0206363
2.97219e-11	0.0206684
2.974e-11	0.0207004
2.97581e-11	0.0207323
2.97762e-11	0.0207642
2.97943e-11	0.020796
2.98124e-11	0.0208277
2.98305e-11	0.0208594
2.98486e-11	0.020891
2.98667e-11	0.0209225
2.98848e-11	0.020954
2.99029e-11	0.0209854
2.9921e-11	0.0210167
2.99391e-11	0.0210479
2.99572e-11	0.0210791
2.99753e-11	0.0211102
2.99934e-11	0.0211413
3.00115e-11	0.0211722
3.00296e-11	0.0212031
3.00477e-11	0.0212339
3.00658e-11	0.0212647
3.00839e-11	0.0212953
3.0102e-11	0.0213259
3.012e-11	0.0213564
3.01381e-11	0.0213869
3.01562e-11	0.0214172
3.01743e-11	0.0214475
3.01924e-11	0.0214777
3.02105e-11	0.0215078
3.02286e-11	0.0215378
3.02467e-11	0.0215678
3.02648e-11	0.0215977
3.02829e-11	0.0216275
3.0301e-11	0.0216572
3.03191e-11	0.0216868
3.03372e-11	0.0217163
3.03553e-11	0.0217457
3.03734e-11	0.0217751
3.03915e-11	0.0218044
3.04096e-11	0.0218336
3.04277e-11	0.0218626
3.04458e-11	0.0218916
3.04639e-11	0.0219206
3.0482e-11	0.0219494
3.05001e-11	0.0219781
3.05181e-11	0.0220068
3.05362e-11	0.0220353
3.05543e-11	0.0220637
3.05724e-11	0.0220921
3.05905e-11	0.0221204
3.06086e-11	0.0221485
3.06267e-11	0.0221766
3.06448e-11	0.0222046
3.06629e-11	0.0222324
3.0681e-11	0.0222602
3.06991e-11	0.0222879
3.07172e-11	0.0223154
3.07353e-11	0.0223429
3.07534e-11	0.0223703
3.07715e-11	0.0223975
3.07896e-11	0.0224247
3.08077e-11	0.0224518
3.08258e-11	0.0224787
3.08439e-11	0.0225056
3.0862e-11	0.0225323
3.08801e-11	0.0225589
3.08982e-11	0.0225855
3.09163e-11	0.0226119
3.09343e-11	0.0226382
3.09524e-11	0.0226644
3.09705e-11	0.0226905
3.09886e-11	0.0227164
3.10067e-11	0.0227423
3.10248e-11	0.022768
3.10429e-11	0.0227937
3.1061e-11	0.0228192
3.10791e-11	0.0228446
3.10972e-11	0.0228699
3.11153e-11	0.022895
3.11334e-11	0.0229201
3.11515e-11	0.022945
3.11696e-11	0.0229698
3.11877e-11	0.0229945
3.12058e-11	0.0230191
3.12239e-11	0.0230435
3.1242e-11	0.0230678
3.12601e-11	0.023092
3.12782e-11	0.0231161
3.12963e-11	0.0231401
3.13144e-11	0.0231639
3.13324e-11	0.0231876
3.13505e-11	0.0232111
3.13686e-11	0.0232346
3.13867e-11	0.0232579
3.14048e-11	0.0232811
3.14229e-11	0.0233041
3.1441e-11	0.023327
3.14591e-11	0.0233498
3.14772e-11	0.0233725
3.14953e-11	0.023395
3.15134e-11	0.0234174
3.15315e-11	0.0234396
3.15496e-11	0.0234617
3.15677e-11	0.0234837
3.15858e-11	0.0235055
3.16039e-11	0.0235272
3.1622e-11	0.0235487
3.16401e-11	0.0235702
3.16582e-11	0.0235914
3.16763e-11	0.0236125
3.16944e-11	0.0236335
3.17125e-11	0.0236544
3.17306e-11	0.0236751
3.17486e-11	0.0236956
3.17667e-11	0.023716
3.17848e-11	0.0237362
3.18029e-11	0.0237564
3.1821e-11	0.0237763
3.18391e-11	0.0237961
3.18572e-11	0.0238158
3.18753e-11	0.0238352
3.18934e-11	0.0238546
3.19115e-11	0.0238738
3.19296e-11	0.0238928
3.19477e-11	0.0239117
3.19658e-11	0.0239304
3.19839e-11	0.023949
3.2002e-11	0.0239674
3.20201e-11	0.0239856
3.20382e-11	0.0240037
3.20563e-11	0.0240217
3.20744e-11	0.0240394
3.20925e-11	0.024057
3.21106e-11	0.0240745
3.21287e-11	0.0240917
3.21467e-11	0.0241088
3.21648e-11	0.0241258
3.21829e-11	0.0241425
3.2201e-11	0.0241592
3.22191e-11	0.0241756
3.22372e-11	0.0241919
3.22553e-11	0.0242079
3.22734e-11	0.0242239
3.22915e-11	0.0242396
3.23096e-11	0.0242552
3.23277e-11	0.0242706
3.23458e-11	0.0242858
3.23639e-11	0.0243009
3.2382e-11	0.0243157
3.24001e-11	0.0243304
3.24182e-11	0.024345
3.24363e-11	0.0243593
3.24544e-11	0.0243734
3.24725e-11	0.0243874
3.24906e-11	0.0244012
3.25087e-11	0.0244148
3.25268e-11	0.0244282
3.25448e-11	0.0244414
3.25629e-11	0.0244545
3.2581e-11	0.0244674
3.25991e-11	0.02448
3.26172e-11	0.0244925
3.26353e-11	0.0245048
3.26534e-11	0.0245169
3.26715e-11	0.0245288
3.26896e-11	0.0245405
3.27077e-11	0.024552
3.27258e-11	0.0245633
3.27439e-11	0.0245745
3.2762e-11	0.0245854
3.27801e-11	0.0245961
3.27982e-11	0.0246066
3.28163e-11	0.024617
3.28344e-11	0.0246271
3.28525e-11	0.024637
3.28706e-11	0.0246468
3.28887e-11	0.0246563
3.29068e-11	0.0246656
3.29249e-11	0.0246747
3.2943e-11	0.0246836
3.2961e-11	0.0246923
3.29791e-11	0.0247008
3.29972e-11	0.024709
3.30153e-11	0.0247171
3.30334e-11	0.024725
3.30515e-11	0.0247326
3.30696e-11	0.02474
3.30877e-11	0.0247472
3.31058e-11	0.0247542
3.31239e-11	0.024761
3.3142e-11	0.0247675
3.31601e-11	0.0247739
3.31782e-11	0.02478
3.31963e-11	0.0247859
3.32144e-11	0.0247916
3.32325e-11	0.024797
3.32506e-11	0.0248022
3.32687e-11	0.0248072
3.32868e-11	0.024812
3.33049e-11	0.0248166
3.3323e-11	0.0248209
3.33411e-11	0.024825
3.33591e-11	0.0248288
3.33772e-11	0.0248325
3.33953e-11	0.0248359
3.34134e-11	0.024839
3.34315e-11	0.024842
3.34496e-11	0.0248447
3.34677e-11	0.0248471
3.34858e-11	0.0248493
3.35039e-11	0.0248513
3.3522e-11	0.0248531
3.35401e-11	0.0248546
3.35582e-11	0.0248558
3.35763e-11	0.0248568
3.35944e-11	0.0248576
3.36125e-11	0.0248581
3.36306e-11	0.0248584
3.36487e-11	0.0248585
3.36668e-11	0.0248582
3.36849e-11	0.0248578
3.3703e-11	0.0248571
3.37211e-11	0.0248561
3.37392e-11	0.0248549
3.37573e-11	0.0248534
3.37753e-11	0.0248517
3.37934e-11	0.0248497
3.38115e-11	0.0248475
3.38296e-11	0.024845
3.38477e-11	0.0248422
3.38658e-11	0.0248392
3.38839e-11	0.024836
3.3902e-11	0.0248324
3.39201e-11	0.0248286
3.39382e-11	0.0248246
3.39563e-11	0.0248203
3.39744e-11	0.0248157
3.39925e-11	0.0248108
3.40106e-11	0.0248057
3.40287e-11	0.0248003
3.40468e-11	0.0247946
3.40649e-11	0.0247887
3.4083e-11	0.0247825
3.41011e-11	0.024776
3.41192e-11	0.0247692
3.41373e-11	0.0247622
3.41554e-11	0.0247549
3.41734e-11	0.0247473
3.41915e-11	0.0247394
3.42096e-11	0.0247313
3.42277e-11	0.0247229
3.42458e-11	0.0247141
3.42639e-11	0.0247051
3.4282e-11	0.0246959
3.43001e-11	0.0246863
3.43182e-11	0.0246764
3.43363e-11	0.0246663
3.43544e-11	0.0246559
3.43725e-11	0.0246452
3.43906e-11	0.0246341
3.44087e-11	0.0246228
3.44268e-11	0.0246112
3.44449e-11	0.0245993
3.4463e-11	0.0245872
3.44811e-11	0.0245747
3.44992e-11	0.0245619
3.45173e-11	0.0245488
3.45354e-11	0.0245354
3.45535e-11	0.0245217
3.45716e-11	0.0245077
3.45896e-11	0.0244935
3.46077e-11	0.0244789
3.46258e-11	0.024464
3.46439e-11	0.0244488
3.4662e-11	0.0244332
3.46801e-11	0.0244174
3.46982e-11	0.0244013
3.47163e-11	0.0243848
3.47344e-11	0.0243681
3.47525e-11	0.024351
3.47706e-11	0.0243336
3.47887e-11	0.0243159
3.48068e-11	0.0242979
3.48249e-11	0.0242795
3.4843e-11	0.0242609
3.48611e-11	0.0242419
3.48792e-11	0.0242226
3.48973e-11	0.0242029
3.49154e-11	0.024183
3.49335e-11	0.0241627
3.49516e-11	0.0241421
3.49697e-11	0.0241212
3.49877e-11	0.0240999
3.50058e-11	0.0240783
3.50239e-11	0.0240564
3.5042e-11	0.0240341
3.50601e-11	0.0240115
3.50782e-11	0.0239886
3.50963e-11	0.0239654
3.51144e-11	0.0239418
3.51325e-11	0.0239178
3.51506e-11	0.0238936
3.51687e-11	0.0238689
3.51868e-11	0.023844
3.52049e-11	0.0238187
3.5223e-11	0.023793
3.52411e-11	0.0237671
3.52592e-11	0.0237407
3.52773e-11	0.023714
3.52954e-11	0.023687
3.53135e-11	0.0236596
3.53316e-11	0.0236319
3.53497e-11	0.0236038
3.53678e-11	0.0235754
3.53859e-11	0.0235466
3.54039e-11	0.0235174
3.5422e-11	0.0234879
3.54401e-11	0.0234581
3.54582e-11	0.0234278
3.54763e-11	0.0233973
3.54944e-11	0.0233663
3.55125e-11	0.023335
3.55306e-11	0.0233033
3.55487e-11	0.0232713
3.55668e-11	0.0232389
3.55849e-11	0.0232061
3.5603e-11	0.023173
3.56211e-11	0.0231395
3.56392e-11	0.0231056
3.56573e-11	0.0230713
3.56754e-11	0.0230367
3.56935e-11	0.0230017
3.57116e-11	0.0229663
3.57297e-11	0.0229306
3.57478e-11	0.0228944
3.57659e-11	0.0228579
3.5784e-11	0.022821
3.5802e-11	0.0227837
3.58201e-11	0.0227461
3.58382e-11	0.022708
3.58563e-11	0.0226696
3.58744e-11	0.0226308
3.58925e-11	0.0225916
3.59106e-11	0.022552
3.59287e-11	0.022512
3.59468e-11	0.0224716
3.59649e-11	0.0224309
3.5983e-11	0.0223897
3.60011e-11	0.0223481
3.60192e-11	0.0223062
3.60373e-11	0.0222638
3.60554e-11	0.0222211
3.60735e-11	0.0221779
3.60916e-11	0.0221344
3.61097e-11	0.0220904
3.61278e-11	0.0220461
3.61459e-11	0.0220013
3.6164e-11	0.0219561
3.61821e-11	0.0219105
3.62002e-11	0.0218646
3.62182e-11	0.0218182
3.62363e-11	0.0217714
3.62544e-11	0.0217241
3.62725e-11	0.0216765
3.62906e-11	0.0216284
3.63087e-11	0.02158
3.63268e-11	0.0215311
3.63449e-11	0.0214818
3.6363e-11	0.0214321
3.63811e-11	0.0213819
3.63992e-11	0.0213314
3.64173e-11	0.0212804
3.64354e-11	0.021229
3.64535e-11	0.0211772
3.64716e-11	0.0211249
3.64897e-11	0.0210722
3.65078e-11	0.0210191
3.65259e-11	0.0209655
3.6544e-11	0.0209116
3.65621e-11	0.0208571
3.65802e-11	0.0208023
3.65983e-11	0.020747
3.66163e-11	0.0206913
3.66344e-11	0.0206351
3.66525e-11	0.0205785
3.66706e-11	0.0205215
3.66887e-11	0.020464
3.67068e-11	0.0204061
3.67249e-11	0.0203477
3.6743e-11	0.0202889
3.67611e-11	0.0202296
3.67792e-11	0.0201699
3.67973e-11	0.0201098
3.68154e-11	0.0200492
3.68335e-11	0.0199881
3.68516e-11	0.0199266
3.68697e-11	0.0198647
3.68878e-11	0.0198022
3.69059e-11	0.0197394
3.6924e-11	0.019676
3.69421e-11	0.0196122
3.69602e-11	0.019548
3.69783e-11	0.0194833
3.69964e-11	0.0194181
3.70145e-11	0.0193525
3.70325e-11	0.0192864
3.70506e-11	0.0192198
3.70687e-11	0.0191528
3.70868e-11	0.0190853
3.71049e-11	0.0190173
3.7123e-11	0.0189488
3.71411e-11	0.0188799
3.71592e-11	0.0188105
3.71773e-11	0.0187407
3.71954e-11	0.0186703
3.72135e-11	0.0185995
3.72316e-11	0.0185282
3.72497e-11	0.0184564
3.72678e-11	0.0183842
3.72859e-11	0.0183114
3.7304e-11	0.0182382
3.73221e-11	0.0181645
3.73402e-11	0.0180903
3.73583e-11	0.0180156
3.73764e-11	0.0179405
3.73945e-11	0.0178648
3.74126e-11	0.0177887
3.74306e-11	0.017712
3.74487e-11	0.0176349
3.74668e-11	0.0175573
3.74849e-11	0.0174791
3.7503e-11	0.0174005
3.75211e-11	0.0173214
3.75392e-11	0.0172418
3.75573e-11	0.0171617
3.75754e-11	0.0170811
3.75935e-11	0.0169999
3.76116e-11	0.0169183
3.76297e-11	0.0168362
3.76478e-11	0.0167536
3.76659e-11	0.0166704
3.7684e-11	0.0165868
3.77021e-11	0.0165026
3.77202e-11	0.0164179
3.77383e-11	0.0163327
3.77564e-11	0.016247
3.77745e-11	0.0161608
3.77926e-11	0.0160741
3.78107e-11	0.0159869
3.78288e-11	0.0158991
3.78468e-11	0.0158108
3.78649e-11	0.015722
3.7883e-11	0.0156327
3.79011e-11	0.0155428
3.79192e-11	0.0154524
3.79373e-11	0.0153615
3.79554e-11	0.0152701
3.79735e-11	0.0151781
3.79916e-11	0.0150857
3.80097e-11	0.0149926
3.80278e-11	0.0148991
3.80459e-11	0.014805
3.8064e-11	0.0147104
3.80821e-11	0.0146152
3.81002e-11	0.0145196
3.81183e-11	0.0144233
3.81364e-11	0.0143266
3.81545e-11	0.0142293
3.81726e-11	0.0141314
3.81907e-11	0.014033
3.82088e-11	0.0139341
3.82269e-11	0.0138346
3.82449e-11	0.0137346
3.8263e-11	0.013634
3.82811e-11	0.0135329
3.82992e-11	0.0134312
3.83173e-11	0.013329
3.83354e-11	0.0132262
3.83535e-11	0.0131229
3.83716e-11	0.013019
3.83897e-11	0.0129146
3.84078e-11	0.0128096
3.84259e-11	0.012704
3.8444e-11	0.0125979
3.84621e-11	0.0124912
3.84802e-11	0.012384
3.84983e-11	0.0122762
3.85164e-11	0.0121678
3.85345e-11	0.0120589
3.85526e-11	0.0119494
3.85707e-11	0.0118394
3.85888e-11	0.0117287
3.86069e-11	0.0116175
3.8625e-11	0.0115058
3.86431e-11	0.0113934
3.86611e-11	0.0112805
3.86792e-11	0.011167
3.86973e-11	0.011053
3.87154e-11	0.0109383
3.87335e-11	0.0108231
3.87516e-11	0.0107073
3.87697e-11	0.0105909
3.87878e-11	0.010474
3.88059e-11	0.0103564
3.8824e-11	0.0102383
3.88421e-11	0.0101196
3.88602e-11	0.0100003
3.88783e-11	0.00988039
3.88964e-11	0.00975992
3.89145e-11	0.00963885
3.89326e-11	0.0095172
3.89507e-11	0.00939495
3.89688e-11	0.00927211
3.89869e-11	0.00914868
3.9005e-11	0.00902465
3.90231e-11	0.00890003
3.90412e-11	0.00877481
3.90592e-11	0.00864899
3.90773e-11	0.00852257
3.90954e-11	0.00839555
3.91135e-11	0.00826792
3.91316e-11	0.0081397
3.91497e-11	0.00801086
3.91678e-11	0.00788143
3.91859e-11	0.00775139
3.9204e-11	0.00762074
3.92221e-11	0.00748948
3.92402e-11	0.00735761
3.92583e-11	0.00722513
3.92764e-11	0.00709204
3.92945e-11	0.00695833
3.93126e-11	0.00682401
3.93307e-11	0.00668908
3.93488e-11	0.00655353
3.93669e-11	0.00641736
3.9385e-11	0.00628057
3.94031e-11	0.00614316
3.94212e-11	0.00600513
3.94393e-11	0.00586648
3.94574e-11	0.00572721
3.94754e-11	0.00558731
3.94935e-11	0.00544679
3.95116e-11	0.00530564
3.95297e-11	0.00516387
3.95478e-11	0.00502146
3.95659e-11	0.00487843
3.9584e-11	0.00473476
3.96021e-11	0.00459046
3.96202e-11	0.00444553
3.96383e-11	0.00429997
3.96564e-11	0.00415377
3.96745e-11	0.00400694
3.96926e-11	0.00385947
3.97107e-11	0.00371136
3.97288e-11	0.00356261
3.97469e-11	0.00341322
3.9765e-11	0.00326319
3.97831e-11	0.00311251
3.98012e-11	0.0029612
3.98193e-11	0.00280924
3.98374e-11	0.00265663
3.98555e-11	0.00250338
3.98735e-11	0.00234948
3.98916e-11	0.00219493
3.99097e-11	0.00203973
3.99278e-11	0.00188388
3.99459e-11	0.00172738
3.9964e-11	0.00157023
3.99821e-11	0.00141242
4.00002e-11	0.00125396
4.00183e-11	0.00109484
4.00364e-11	0.00093507
4.00545e-11	0.000774638
4.00726e-11	0.000613547
4.00907e-11	0.000451797
4.01088e-11	0.000289385
4.01269e-11	0.000126312
4.0145e-11	-3.7424e-05
4.01631e-11	-0.000201824
4.01812e-11	-0.000366888
4.01993e-11	-0.000532618
4.02174e-11	-0.000699016
4.02355e-11	-0.00086608
4.02536e-11	-0.00103381
4.02717e-11	-0.00120222
4.02897e-11	-0.00137129
4.03078e-11	-0.00154104
4.03259e-11	-0.00171145
4.0344e-11	-0.00188255
4.03621e-11	-0.00205431
4.03802e-11	-0.00222675
4.03983e-11	-0.00239987
4.04164e-11	-0.00257367
4.04345e-11	-0.00274814
4.04526e-11	-0.0029233
4.04707e-11	-0.00309913
4.04888e-11	-0.00327564
4.05069e-11	-0.00345284
4.0525e-11	-0.00363072
4.05431e-11	-0.00380928
4.05612e-11	-0.00398853
4.05793e-11	-0.00416847
4.05974e-11	-0.00434909
4.06155e-11	-0.0045304
4.06336e-11	-0.0047124
4.06517e-11	-0.00489508
4.06698e-11	-0.00507846
4.06878e-11	-0.00526253
4.07059e-11	-0.00544729
4.0724e-11	-0.00563275
4.07421e-11	-0.00581889
4.07602e-11	-0.00600574
4.07783e-11	-0.00619328
4.07964e-11	-0.00638151
4.08145e-11	-0.00657045
4.08326e-11	-0.00676008
4.08507e-11	-0.00695041
4.08688e-11	-0.00714144
4.08869e-11	-0.00733317
4.0905e-11	-0.00752561
4.09231e-11	-0.00771874
4.09412e-11	-0.00791258
4.09593e-11	-0.00810713
4.09774e-11	-0.00830238
4.09955e-11	-0.00849834
4.10136e-11	-0.008695
4.10317e-11	-0.00889237
4.10498e-11	-0.00909045
4.10679e-11	-0.00928924
4.1086e-11	-0.00948874
4.1104e-11	-0.00968895
4.11221e-11	-0.00988988
4.11402e-11	-0.0100915
4.11583e-11	-0.0102939
4.11764e-11	-0.0104969
4.11945e-11	-0.0107007
4.12126e-11	-0.0109052
4.12307e-11	-0.0111104
4.12488e-11	-0.0113163
4.12669e-11	-0.011523
4.1285e-11	-0.0117304
4.13031e-11	-0.0119384
4.13212e-11	-0.0121473
4.13393e-11	-0.0123568
4.13574e-11	-0.012567
4.13755e-11	-0.012778
4.13936e-11	-0.0129897
4.14117e-11	-0.0132021
4.14298e-11	-0.0134153
4.14479e-11	-0.0136292
4.1466e-11	-0.0138438
4.14841e-11	-0.0140591
4.15021e-11	-0.0142751
4.15202e-11	-0.0144919
4.15383e-11	-0.0147094
4.15564e-11	-0.0149277
4.15745e-11	-0.0151467
4.15926e-11	-0.0153664
4.16107e-11	-0.0155868
4.16288e-11	-0.015808
4.16469e-11	-0.0160299
4.1665e-11	-0.0162525
4.16831e-11	-0.0164759
4.17012e-11	-0.0167
4.17193e-11	-0.0169249
4.17374e-11	-0.0171505
4.17555e-11	-0.0173768
4.17736e-11	-0.0176039
4.17917e-11	-0.0178317
4.18098e-11	-0.0180602
4.18279e-11	-0.0182895
4.1846e-11	-0.0185195
4.18641e-11	-0.0187503
4.18822e-11	-0.0189818
4.19003e-11	-0.0192141
4.19183e-11	-0.0194471
4.19364e-11	-0.0196808
4.19545e-11	-0.0199153
4.19726e-11	-0.0201505
4.19907e-11	-0.0203865
4.20088e-11	-0.0206232
4.20269e-11	-0.0208607
4.2045e-11	-0.0210989
4.20631e-11	-0.0213379
4.20812e-11	-0.0215776
4.20993e-11	-0.0218181
4.21174e-11	-0.0220593
4.21355e-11	-0.0223013
4.21536e-11	-0.022544
4.21717e-11	-0.0227875
4.21898e-11	-0.0230317
4.22079e-11	-0.0232767
4.2226e-11	-0.0235224
4.22441e-11	-0.0237689
4.22622e-11	-0.0240162
4.22803e-11	-0.0242642
4.22984e-11	-0.0245129
4.23164e-11	-0.0247624
4.23345e-11	-0.0250127
4.23526e-11	-0.0252637
4.23707e-11	-0.0255155
4.23888e-11	-0.025768
4.24069e-11	-0.0260213
4.2425e-11	-0.0262754
4.24431e-11	-0.0265302
4.24612e-11	-0.0267858
4.24793e-11	-0.0270422
4.24974e-11	-0.0272993
4.25155e-11	-0.0275571
4.25336e-11	-0.0278158
4.25517e-11	-0.0280751
4.25698e-11	-0.0283353
4.25879e-11	-0.0285962
4.2606e-11	-0.0288579
4.26241e-11	-0.0291203
4.26422e-11	-0.0293836
4.26603e-11	-0.0296475
4.26784e-11	-0.0299123
4.26965e-11	-0.0301778
4.27146e-11	-0.0304441
4.27326e-11	-0.0307111
4.27507e-11	-0.0309789
4.27688e-11	-0.0312475
4.27869e-11	-0.0315168
4.2805e-11	-0.0317869
4.28231e-11	-0.0320578
4.28412e-11	-0.0323295
4.28593e-11	-0.0326019
4.28774e-11	-0.0328751
4.28955e-11	-0.033149
4.29136e-11	-0.0334238
4.29317e-11	-0.0336993
4.29498e-11	-0.0339755
4.29679e-11	-0.0342526
4.2986e-11	-0.0345304
4.30041e-11	-0.034809
4.30222e-11	-0.0350883
4.30403e-11	-0.0353685
4.30584e-11	-0.0356494
4.30765e-11	-0.0359311
4.30946e-11	-0.0362135
4.31127e-11	-0.0364967
4.31307e-11	-0.0367807
4.31488e-11	-0.0370655
4.31669e-11	-0.0373511
4.3185e-11	-0.0376374
4.32031e-11	-0.0379245
4.32212e-11	-0.0382124
4.32393e-11	-0.038501
4.32574e-11	-0.0387904
4.32755e-11	-0.0390806
4.32936e-11	-0.0393716
4.33117e-11	-0.0396634
4.33298e-11	-0.0399559
4.33479e-11	-0.0402492
4.3366e-11	-0.0405433
4.33841e-11	-0.0408382
4.34022e-11	-0.0411338
4.34203e-11	-0.0414302
4.34384e-11	-0.0417274
4.34565e-11	-0.0420254
4.34746e-11	-0.0423241
4.34927e-11	-0.0426237
4.35108e-11	-0.042924
4.35288e-11	-0.0432251
4.35469e-11	-0.0435269
4.3565e-11	-0.0438296
4.35831e-11	-0.044133
4.36012e-11	-0.0444372
4.36193e-11	-0.0447422
4.36374e-11	-0.0450479
4.36555e-11	-0.0453544
4.36736e-11	-0.0456618
4.36917e-11	-0.0459699
4.37098e-11	-0.0462787
4.37279e-11	-0.0465884
4.3746e-11	-0.0468988
4.37641e-11	-0.04721
4.37822e-11	-0.047522
4.38003e-11	-0.0478348
4.38184e-11	-0.0481483
4.38365e-11	-0.0484627
4.38546e-11	-0.0487778
4.38727e-11	-0.0490936
4.38908e-11	-0.0494103
4.39089e-11	-0.0497278
4.3927e-11	-0.050046
4.3945e-11	-0.050365
4.39631e-11	-0.0506848
4.39812e-11	-0.0510053
4.39993e-11	-0.0513267
4.40174e-11	-0.0516488
4.40355e-11	-0.0519717
4.40536e-11	-0.0522954
4.40717e-11	-0.0526198
4.40898e-11	-0.052945
4.41079e-11	-0.0532711
4.4126e-11	-0.0535979
4.41441e-11	-0.0539254
4.41622e-11	-0.0542538
4.41803e-11	-0.0545829
4.41984e-11	-0.0549128
4.42165e-11	-0.0552435
4.42346e-11	-0.0555749
4.42527e-11	-0.0559072
4.42708e-11	-0.0562402
4.42889e-11	-0.056574
4.4307e-11	-0.0569086
4.43251e-11	-0.0572439
4.43431e-11	-0.05758
4.43612e-11	-0.0579169
4.43793e-11	-0.0582546
4.43974e-11	-0.0585931
4.44155e-11	-0.0589323
4.44336e-11	-0.0592723
4.44517e-11	-0.0596131
4.44698e-11	-0.0599546
4.44879e-11	-0.060297
4.4506e-11	-0.0606401
4.45241e-11	-0.0609839
4.45422e-11	-0.0613286
4.45603e-11	-0.061674
4.45784e-11	-0.0620202
4.45965e-11	-0.0623672
4.46146e-11	-0.0627149
4.46327e-11	-0.0630634
4.46508e-11	-0.0634127
4.46689e-11	-0.0637628
4.4687e-11	-0.0641136
4.47051e-11	-0.0644652
4.47232e-11	-0.0648176
4.47413e-11	-0.0651708
4.47593e-11	-0.0655247
4.47774e-11	-0.0658794
4.47955e-11	-0.0662348
4.48136e-11	-0.066591
4.48317e-11	-0.066948
4.48498e-11	-0.0673058
4.48679e-11	-0.0676643
4.4886e-11	-0.0680236
4.49041e-11	-0.0683837
4.49222e-11	-0.0687445
4.49403e-11	-0.0691061
4.49584e-11	-0.0694685
4.49765e-11	-0.0698316
4.49946e-11	-0.0701955
4.50127e-11	-0.0705601
4.50308e-11	-0.0709255
4.50489e-11	-0.0712917
4.5067e-11	-0.0716587
4.50851e-11	-0.0720264
4.51032e-11	-0.0723948
4.51213e-11	-0.0727641
4.51394e-11	-0.0731341
4.51574e-11	-0.0735048
4.51755e-11	-0.0738763
4.51936e-11	-0.0742486
4.52117e-11	-0.0746216
4.52298e-11	-0.0749954
4.52479e-11	-0.0753699
4.5266e-11	-0.0757452
4.52841e-11	-0.0761213
4.53022e-11	-0.0764981
4.53203e-11	-0.0768756
4.53384e-11	-0.077254
4.53565e-11	-0.077633
4.53746e-11	-0.0780129
4.53927e-11	-0.0783934
4.54108e-11	-0.0787748
4.54289e-11	-0.0791568
4.5447e-11	-0.0795397
4.54651e-11	-0.0799232
4.54832e-11	-0.0803076
4.55013e-11	-0.0806926
4.55194e-11	-0.0810784
4.55375e-11	-0.081465
4.55556e-11	-0.0818523
4.55736e-11	-0.0822404
4.55917e-11	-0.0826292
4.56098e-11	-0.0830187
4.56279e-11	-0.083409
4.5646e-11	-0.0838
4.56641e-11	-0.0841918
4.56822e-11	-0.0845843
4.57003e-11	-0.0849776
4.57184e-11	-0.0853716
4.57365e-11	-0.0857663
4.57546e-11	-0.0861617
4.57727e-11	-0.0865579
4.57908e-11	-0.0869549
4.58089e-11	-0.0873525
4.5827e-11	-0.0877509
4.58451e-11	-0.0881501
4.58632e-11	-0.0885499
4.58813e-11	-0.0889505
4.58994e-11	-0.0893519
4.59175e-11	-0.0897539
4.59356e-11	-0.0901567
4.59537e-11	-0.0905602
4.59717e-11	-0.0909645
4.59898e-11	-0.0913694
4.60079e-11	-0.0917751
4.6026e-11	-0.0921815
4.60441e-11	-0.0925887
4.60622e-11	-0.0929965
4.60803e-11	-0.0934051
4.60984e-11	-0.0938144
4.61165e-11	-0.0942244
4.61346e-11	-0.0946351
4.61527e-11	-0.0950466
4.61708e-11	-0.0954588
4.61889e-11	-0.0958716
4.6207e-11	-0.0962852
4.62251e-11	-0.0966995
4.62432e-11	-0.0971145
4.62613e-11	-0.0975303
4.62794e-11	-0.0979467
4.62975e-11	-0.0983638
4.63156e-11	-0.0987817
4.63337e-11	-0.0992002
4.63518e-11	-0.0996195
4.63699e-11	-0.100039
4.63879e-11	-0.10046
4.6406e-11	-0.100881
4.64241e-11	-0.101304
4.64422e-11	-0.101726
4.64603e-11	-0.10215
4.64784e-11	-0.102574
4.64965e-11	-0.102999
4.65146e-11	-0.103424
4.65327e-11	-0.103851
4.65508e-11	-0.104277
4.65689e-11	-0.104705
4.6587e-11	-0.105133
4.66051e-11	-0.105562
4.66232e-11	-0.105992
4.66413e-11	-0.106422
4.66594e-11	-0.106854
4.66775e-11	-0.107285
4.66956e-11	-0.107718
4.67137e-11	-0.108151
4.67318e-11	-0.108585
4.67499e-11	-0.109019
4.6768e-11	-0.109454
4.6786e-11	-0.10989
4.68041e-11	-0.110326
4.68222e-11	-0.110764
4.68403e-11	-0.111201
4.68584e-11	-0.11164
4.68765e-11	-0.112079
4.68946e-11	-0.112519
4.69127e-11	-0.112959
4.69308e-11	-0.1134
4.69489e-11	-0.113842
4.6967e-11	-0.114285
4.69851e-11	-0.114728
4.70032e-11	-0.115172
4.70213e-11	-0.115616
4.70394e-11	-0.116061
4.70575e-11	-0.116507
4.70756e-11	-0.116953
4.70937e-11	-0.1174
4.71118e-11	-0.117848
4.71299e-11	-0.118296
4.7148e-11	-0.118745
4.71661e-11	-0.119195
4.71842e-11	-0.119645
4.72022e-11	-0.120096
4.72203e-11	-0.120548
4.72384e-11	-0.121
4.72565e-11	-0.121453
4.72746e-11	-0.121906
4.72927e-11	-0.12236
4.73108e-11	-0.122815
4.73289e-11	-0.12327
4.7347e-11	-0.123726
4.73651e-11	-0.124183
4.73832e-11	-0.12464
4.74013e-11	-0.125098
4.74194e-11	-0.125557
4.74375e-11	-0.126016
4.74556e-11	-0.126475
4.74737e-11	-0.126936
4.74918e-11	-0.127397
4.75099e-11	-0.127858
4.7528e-11	-0.12832
4.75461e-11	-0.128783
4.75642e-11	-0.129246
4.75823e-11	-0.12971
4.76003e-11	-0.130175
4.76184e-11	-0.13064
4.76365e-11	-0.131106
4.76546e-11	-0.131572
4.76727e-11	-0.132039
4.76908e-11	-0.132507
4.77089e-11	-0.132975
4.7727e-11	-0.133444
4.77451e-11	-0.133913
4.77632e-11	-0.134383
4.77813e-11	-0.134854
4.77994e-11	-0.135325
4.78175e-11	-0.135796
4.78356e-11	-0.136269
4.78537e-11	-0.136741
4.78718e-11	-0.137215
4.78899e-11	-0.137689
4.7908e-11	-0.138163
4.79261e-11	-0.138638
4.79442e-11	-0.139114
4.79623e-11	-0.13959
4.79804e-11	-0.140067
4.79985e-11	-0.140545
4.80165e-11	-0.141022
4.80346e-11	-0.141501
4.80527e-11	-0.14198
4.80708e-11	-0.14246
4.80889e-11	-0.14294
4.8107e-11	-0.14342
4.81251e-11	-0.143902
4.81432e-11	-0.144383
4.81613e-11	-0.144866
4.81794e-11	-0.145349
4.81975e-11	-0.145832
4.82156e-11	-0.146316
4.82337e-11	-0.1468
4.82518e-11	-0.147285
4.82699e-11	-0.147771
4.8288e-11	-0.148257
4.83061e-11	-0.148744
4.83242e-11	-0.149231
4.83423e-11	-0.149718
4.83604e-11	-0.150206
4.83785e-11	-0.150695
4.83966e-11	-0.151184
4.84146e-11	-0.151674
4.84327e-11	-0.152164
4.84508e-11	-0.152655
4.84689e-11	-0.153146
4.8487e-11	-0.153638
4.85051e-11	-0.15413
4.85232e-11	-0.154623
4.85413e-11	-0.155116
4.85594e-11	-0.155609
4.85775e-11	-0.156104
4.85956e-11	-0.156598
4.86137e-11	-0.157093
4.86318e-11	-0.157589
4.86499e-11	-0.158085
4.8668e-11	-0.158582
4.86861e-11	-0.159079
4.87042e-11	-0.159576
4.87223e-11	-0.160074
4.87404e-11	-0.160573
4.87585e-11	-0.161072
4.87766e-11	-0.161571
4.87947e-11	-0.162071
4.88128e-11	-0.162571
4.88308e-11	-0.163072
4.88489e-11	-0.163573
4.8867e-11	-0.164075
4.88851e-11	-0.164577
4.89032e-11	-0.16508
4.89213e-11	-0.165583
4.89394e-11	-0.166086
4.89575e-11	-0.16659
4.89756e-11	-0.167094
4.89937e-11	-0.167599
4.90118e-11	-0.168104
4.90299e-11	-0.16861
4.9048e-11	-0.169116
4.90661e-11	-0.169622
4.90842e-11	-0.170129
4.91023e-11	-0.170637
4.91204e-11	-0.171144
4.91385e-11	-0.171652
4.91566e-11	-0.172161
4.91747e-11	-0.17267
4.91928e-11	-0.173179
4.92109e-11	-0.173689
4.92289e-11	-0.174199
4.9247e-11	-0.17471
4.92651e-11	-0.175221
4.92832e-11	-0.175732
4.93013e-11	-0.176244
4.93194e-11	-0.176756
4.93375e-11	-0.177268
4.93556e-11	-0.177781
4.93737e-11	-0.178294
4.93918e-11	-0.178808
4.94099e-11	-0.179322
4.9428e-11	-0.179836
4.94461e-11	-0.180351
4.94642e-11	-0.180866
4.94823e-11	-0.181381
4.95004e-11	-0.181897
4.95185e-11	-0.182413
4.95366e-11	-0.18293
4.95547e-11	-0.183446
4.95728e-11	-0.183964
4.95909e-11	-0.184481
4.9609e-11	-0.184999
4.96271e-11	-0.185517
4.96451e-11	-0.186036
4.96632e-11	-0.186555
4.96813e-11	-0.187074
4.96994e-11	-0.187593
4.97175e-11	-0.188113
4.97356e-11	-0.188633
4.97537e-11	-0.189154
4.97718e-11	-0.189674
4.97899e-11	-0.190195
4.9808e-11	-0.190717
4.98261e-11	-0.191238
4.98442e-11	-0.19176
4.98623e-11	-0.192283
4.98804e-11	-0.192805
4.98985e-11	-0.193328
4.99166e-11	-0.193851
4.99347e-11	-0.194374
4.99528e-11	-0.194898
4.99709e-11	-0.195422
4.9989e-11	-0.195946
5.00071e-11	-0.196471
5.00252e-11	-0.196996
5.00432e-11	-0.197521
5.00613e-11	-0.198046
5.00794e-11	-0.198571
5.00975e-11	-0.199097
5.01156e-11	-0.199623
5.01337e-11	-0.20015
5.01518e-11	-0.200676
5.01699e-11	-0.201203
5.0188e-11	-0.20173
5.02061e-11	-0.202257
5.02242e-11	-0.202785
5.02423e-11	-0.203312
5.02604e-11	-0.20384
5.02785e-11	-0.204369
5.02966e-11	-0.204897
5.03147e-11	-0.205426
5.03328e-11	-0.205954
5.03509e-11	-0.206483
5.0369e-11	-0.207013
5.03871e-11	-0.207542
5.04052e-11	-0.208072
5.04233e-11	-0.208601
5.04414e-11	-0.209131
5.04594e-11	-0.209661
5.04775e-11	-0.210192
5.04956e-11	-0.210722
5.05137e-11	-0.211253
5.05318e-11	-0.211784
5.05499e-11	-0.212315
5.0568e-11	-0.212846
5.05861e-11	-0.213378
5.06042e-11	-0.213909
5.06223e-11	-0.214441
5.06404e-11	-0.214973
5.06585e-11	-0.215505
5.06766e-11	-0.216037
5.06947e-11	-0.216569
5.07128e-11	-0.217102
5.07309e-11	-0.217634
5.0749e-11	-0.218167
5.07671e-11	-0.2187
5.07852e-11	-0.219233
5.08033e-11	-0.219766
5.08214e-11	-0.220299
5.08395e-11	-0.220832
5.08575e-11	-0.221365
5.08756e-11	-0.221899
5.08937e-11	-0.222433
5.09118e-11	-0.222966
5.09299e-11	-0.2235
5.0948e-11	-0.224034
5.09661e-11	-0.224568
5.09842e-11	-0.225102
5.10023e-11	-0.225636
5.10204e-11	-0.22617
5.10385e-11	-0.226704
5.10566e-11	-0.227239
5.10747e-11	-0.227773
5.10928e-11	-0.228308
5.11109e-11	-0.228842
5.1129e-11	-0.229377
5.11471e-11	-0.229911
5.11652e-11	-0.230446
5.11833e-11	-0.230981
5.12014e-11	-0.231515
5.12195e-11	-0.23205
5.12376e-11	-0.232585
5.12557e-11	-0.23312
5.12737e-11	-0.233654
5.12918e-11	-0.234189
5.13099e-11	-0.234724
5.1328e-11	-0.235259
5.13461e-11	-0.235794
5.13642e-11	-0.236329
5.13823e-11	-0.236864
5.14004e-11	-0.237399
5.14185e-11	-0.237933
5.14366e-11	-0.238468
5.14547e-11	-0.239003
5.14728e-11	-0.239538
5.14909e-11	-0.240073
5.1509e-11	-0.240607
5.15271e-11	-0.241142
5.15452e-11	-0.241677
5.15633e-11	-0.242211
5.15814e-11	-0.242746
5.15995e-11	-0.24328
5.16176e-11	-0.243815
5.16357e-11	-0.244349
5.16538e-11	-0.244884
5.16718e-11	-0.245418
5.16899e-11	-0.245952
5.1708e-11	-0.246486
5.17261e-11	-0.24702
5.17442e-11	-0.247554
5.17623e-11	-0.248088
5.17804e-11	-0.248622
5.17985e-11	-0.249156
5.18166e-11	-0.249689
5.18347e-11	-0.250223
5.18528e-11	-0.250756
5.18709e-11	-0.251289
5.1889e-11	-0.251823
5.19071e-11	-0.252356
5.19252e-11	-0.252888
5.19433e-11	-0.253421
5.19614e-11	-0.253954
5.19795e-11	-0.254486
5.19976e-11	-0.255019
5.20157e-11	-0.255551
5.20338e-11	-0.256083
5.20519e-11	-0.256615
5.207e-11	-0.257147
5.2088e-11	-0.257678
5.21061e-11	-0.258209
5.21242e-11	-0.258741
5.21423e-11	-0.259272
5.21604e-11	-0.259803
5.21785e-11	-0.260333
5.21966e-11	-0.260864
5.22147e-11	-0.261394
5.22328e-11	-0.261924
5.22509e-11	-0.262454
5.2269e-11	-0.262984
5.22871e-11	-0.263513
5.23052e-11	-0.264042
5.23233e-11	-0.264571
5.23414e-11	-0.2651
5.23595e-11	-0.265629
5.23776e-11	-0.266157
5.23957e-11	-0.266685
5.24138e-11	-0.267213
5.24319e-11	-0.267741
5.245e-11	-0.268268
5.24681e-11	-0.268795
5.24861e-11	-0.269322
5.25042e-11	-0.269849
5.25223e-11	-0.270375
5.25404e-11	-0.270901
5.25585e-11	-0.271427
5.25766e-11	-0.271952
5.25947e-11	-0.272477
5.26128e-11	-0.273002
5.26309e-11	-0.273527
5.2649e-11	-0.274051
5.26671e-11	-0.274575
5.26852e-11	-0.275099
5.27033e-11	-0.275622
5.27214e-11	-0.276145
5.27395e-11	-0.276668
5.27576e-11	-0.27719
5.27757e-11	-0.277712
5.27938e-11	-0.278234
5.28119e-11	-0.278755
5.283e-11	-0.279276
5.28481e-11	-0.279797
5.28662e-11	-0.280317
5.28843e-11	-0.280837
5.29023e-11	-0.281356
5.29204e-11	-0.281876
5.29385e-11	-0.282394
5.29566e-11	-0.282913
5.29747e-11	-0.283431
5.29928e-11	-0.283948
5.30109e-11	-0.284466
5.3029e-11	-0.284982
5.30471e-11	-0.285499
5.30652e-11	-0.286015
5.30833e-11	-0.28653
5.31014e-11	-0.287046
5.31195e-11	-0.28756
5.31376e-11	-0.288075
5.31557e-11	-0.288589
5.31738e-11	-0.289102
5.31919e-11	-0.289615
5.321e-11	-0.290128
5.32281e-11	-0.29064
5.32462e-11	-0.291151
5.32643e-11	-0.291663
5.32824e-11	-0.292173
5.33004e-11	-0.292684
5.33185e-11	-0.293193
5.33366e-11	-0.293703
5.33547e-11	-0.294211
5.33728e-11	-0.29472
5.33909e-11	-0.295228
5.3409e-11	-0.295735
5.34271e-11	-0.296242
5.34452e-11	-0.296748
5.34633e-11	-0.297254
5.34814e-11	-0.297759
5.34995e-11	-0.298264
5.35176e-11	-0.298768
5.35357e-11	-0.299271
5.35538e-11	-0.299775
5.35719e-11	-0.300277
5.359e-11	-0.300779
5.36081e-11	-0.301281
5.36262e-11	-0.301781
5.36443e-11	-0.302282
5.36624e-11	-0.302781
5.36805e-11	-0.303281
5.36986e-11	-0.303779
5.37166e-11	-0.304277
5.37347e-11	-0.304775
5.37528e-11	-0.305271
5.37709e-11	-0.305768
5.3789e-11	-0.306263
5.38071e-11	-0.306758
5.38252e-11	-0.307253
5.38433e-11	-0.307746
5.38614e-11	-0.30824
5.38795e-11	-0.308732
5.38976e-11	-0.309224
5.39157e-11	-0.309715
5.39338e-11	-0.310206
5.39519e-11	-0.310696
5.397e-11	-0.311185
5.39881e-11	-0.311673
5.40062e-11	-0.312161
5.40243e-11	-0.312649
5.40424e-11	-0.313135
5.40605e-11	-0.313621
5.40786e-11	-0.314106
5.40967e-11	-0.314591
5.41147e-11	-0.315075
5.41328e-11	-0.315558
5.41509e-11	-0.31604
5.4169e-11	-0.316522
5.41871e-11	-0.317003
5.42052e-11	-0.317483
5.42233e-11	-0.317962
5.42414e-11	-0.318441
5.42595e-11	-0.318919
5.42776e-11	-0.319396
5.42957e-11	-0.319873
5.43138e-11	-0.320349
5.43319e-11	-0.320824
5.435e-11	-0.321298
5.43681e-11	-0.321771
5.43862e-11	-0.322244
5.44043e-11	-0.322716
5.44224e-11	-0.323187
5.44405e-11	-0.323658
5.44586e-11	-0.324127
5.44767e-11	-0.324596
5.44948e-11	-0.325064
5.45128e-11	-0.325531
5.45309e-11	-0.325997
5.4549e-11	-0.326463
5.45671e-11	-0.326927
5.45852e-11	-0.327391
5.46033e-11	-0.327854
5.46214e-11	-0.328316
5.46395e-11	-0.328777
5.46576e-11	-0.329238
5.46757e-11	-0.329697
5.46938e-11	-0.330156
5.47119e-11	-0.330614
5.473e-11	-0.331071
5.47481e-11	-0.331527
5.47662e-11	-0.331982
5.47843e-11	-0.332436
5.48024e-11	-0.33289
5.48205e-11	-0.333342
5.48386e-11	-0.333794
5.48567e-11	-0.334244
5.48748e-11	-0.334694
5.48929e-11	-0.335143
5.4911e-11	-0.335591
5.4929e-11	-0.336038
5.49471e-11	-0.336484
5.49652e-11	-0.336929
5.49833e-11	-0.337373
5.50014e-11	-0.337816
5.50195e-11	-0.338258
5.50376e-11	-0.338699
5.50557e-11	-0.33914
5.50738e-11	-0.339579
5.50919e-11	-0.340017
5.511e-11	-0.340454
5.51281e-11	-0.340891
5.51462e-11	-0.341326
5.51643e-11	-0.34176
5.51824e-11	-0.342194
5.52005e-11	-0.342626
5.52186e-11	-0.343057
5.52367e-11	-0.343487
5.52548e-11	-0.343916
5.52729e-11	-0.344345
5.5291e-11	-0.344772
5.53091e-11	-0.345198
5.53271e-11	-0.345623
5.53452e-11	-0.346047
5.53633e-11	-0.346469
5.53814e-11	-0.346891
5.53995e-11	-0.347312
5.54176e-11	-0.347732
5.54357e-11	-0.34815
5.54538e-11	-0.348567
5.54719e-11	-0.348984
5.549e-11	-0.349399
5.55081e-11	-0.349813
5.55262e-11	-0.350226
5.55443e-11	-0.350638
5.55624e-11	-0.351049
5.55805e-11	-0.351459
5.55986e-11	-0.351867
5.56167e-11	-0.352274
5.56348e-11	-0.352681
5.56529e-11	-0.353086
5.5671e-11	-0.35349
5.56891e-11	-0.353892
5.57072e-11	-0.354294
5.57253e-11	-0.354694
5.57433e-11	-0.355093
5.57614e-11	-0.355492
5.57795e-11	-0.355888
5.57976e-11	-0.356284
5.58157e-11	-0.356678
5.58338e-11	-0.357072
5.58519e-11	-0.357464
5.587e-11	-0.357854
5.58881e-11	-0.358244
5.59062e-11	-0.358632
5.59243e-11	-0.359019
5.59424e-11	-0.359405
5.59605e-11	-0.35979
5.59786e-11	-0.360173
5.59967e-11	-0.360555
5.60148e-11	-0.360936
5.60329e-11	-0.361316
5.6051e-11	-0.361694
5.60691e-11	-0.362071
5.60872e-11	-0.362447
5.61053e-11	-0.362821
5.61234e-11	-0.363194
5.61414e-11	-0.363566
5.61595e-11	-0.363937
5.61776e-11	-0.364306
5.61957e-11	-0.364674
5.62138e-11	-0.365041
5.62319e-11	-0.365406
5.625e-11	-0.36577
5.62681e-11	-0.366132
5.62862e-11	-0.366493
5.63043e-11	-0.366853
5.63224e-11	-0.367212
5.63405e-11	-0.367569
5.63586e-11	-0.367925
5.63767e-11	-0.368279
5.63948e-11	-0.368632
5.64129e-11	-0.368984
5.6431e-11	-0.369334
5.64491e-11	-0.369683
5.64672e-11	-0.370031
5.64853e-11	-0.370377
5.65034e-11	-0.370721
5.65215e-11	-0.371064
5.65396e-11	-0.371406
5.65576e-11	-0.371747
5.65757e-11	-0.372086
5.65938e-11	-0.372423
5.66119e-11	-0.372759
5.663e-11	-0.373094
5.66481e-11	-0.373427
5.66662e-11	-0.373759
5.66843e-11	-0.374089
5.67024e-11	-0.374418
5.67205e-11	-0.374745
5.67386e-11	-0.375071
5.67567e-11	-0.375395
5.67748e-11	-0.375718
5.67929e-11	-0.376039
5.6811e-11	-0.376359
5.68291e-11	-0.376677
5.68472e-11	-0.376994
5.68653e-11	-0.377309
5.68834e-11	-0.377623
5.69015e-11	-0.377935
5.69196e-11	-0.378246
5.69377e-11	-0.378555
5.69557e-11	-0.378862
5.69738e-11	-0.379168
5.69919e-11	-0.379473
5.701e-11	-0.379775
5.70281e-11	-0.380077
5.70462e-11	-0.380376
5.70643e-11	-0.380675
5.70824e-11	-0.380971
5.71005e-11	-0.381266
5.71186e-11	-0.381559
5.71367e-11	-0.381851
5.71548e-11	-0.382141
5.71729e-11	-0.38243
5.7191e-11	-0.382717
5.72091e-11	-0.383002
5.72272e-11	-0.383285
5.72453e-11	-0.383567
5.72634e-11	-0.383848
5.72815e-11	-0.384126
5.72996e-11	-0.384404
5.73177e-11	-0.384679
5.73358e-11	-0.384953
5.73539e-11	-0.385225
5.73719e-11	-0.385495
5.739e-11	-0.385764
5.74081e-11	-0.386031
5.74262e-11	-0.386296
5.74443e-11	-0.38656
5.74624e-11	-0.386822
5.74805e-11	-0.387082
5.74986e-11	-0.38734
5.75167e-11	-0.387597
5.75348e-11	-0.387852
5.75529e-11	-0.388105
5.7571e-11	-0.388357
5.75891e-11	-0.388607
5.76072e-11	-0.388855
5.76253e-11	-0.389101
5.76434e-11	-0.389346
5.76615e-11	-0.389588
5.76796e-11	-0.389829
5.76977e-11	-0.390069
5.77158e-11	-0.390306
5.77339e-11	-0.390542
5.7752e-11	-0.390776
5.777e-11	-0.391008
5.77881e-11	-0.391238
5.78062e-11	-0.391467
5.78243e-11	-0.391693
5.78424e-11	-0.391918
5.78605e-11	-0.392141
5.78786e-11	-0.392363
5.78967e-11	-0.392582
5.79148e-11	-0.3928
5.79329e-11	-0.393015
5.7951e-11	-0.393229
5.79691e-11	-0.393441
5.79872e-11	-0.393651
5.80053e-11	-0.39386
5.80234e-11	-0.394066
5.80415e-11	-0.39427
5.80596e-11	-0.394473
5.80777e-11	-0.394674
5.80958e-11	-0.394873
5.81139e-11	-0.39507
5.8132e-11	-0.395265
5.81501e-11	-0.395458
5.81682e-11	-0.395649
5.81862e-11	-0.395839
5.82043e-11	-0.396026
5.82224e-11	-0.396212
5.82405e-11	-0.396395
5.82586e-11	-0.396577
5.82767e-11	-0.396756
5.82948e-11	-0.396934
5.83129e-11	-0.39711
5.8331e-11	-0.397284
5.83491e-11	-0.397456
5.83672e-11	-0.397625
5.83853e-11	-0.397793
5.84034e-11	-0.397959
5.84215e-11	-0.398123
5.84396e-11	-0.398285
5.84577e-11	-0.398445
5.84758e-11	-0.398603
5.84939e-11	-0.398759
5.8512e-11	-0.398913
5.85301e-11	-0.399065
5.85482e-11	-0.399215
5.85663e-11	-0.399362
5.85843e-11	-0.399508
5.86024e-11	-0.399652
5.86205e-11	-0.399794
5.86386e-11	-0.399934
5.86567e-11	-0.400071
5.86748e-11	-0.400207
5.86929e-11	-0.40034
5.8711e-11	-0.400472
5.87291e-11	-0.400601
5.87472e-11	-0.400728
5.87653e-11	-0.400854
5.87834e-11	-0.400977
5.88015e-11	-0.401098
5.88196e-11	-0.401217
5.88377e-11	-0.401334
5.88558e-11	-0.401448
5.88739e-11	-0.401561
5.8892e-11	-0.401671
5.89101e-11	-0.40178
5.89282e-11	-0.401886
5.89463e-11	-0.40199
5.89644e-11	-0.402092
5.89825e-11	-0.402192
5.90005e-11	-0.40229
5.90186e-11	-0.402385
5.90367e-11	-0.402479
5.90548e-11	-0.40257
5.90729e-11	-0.402659
5.9091e-11	-0.402746
5.91091e-11	-0.40283
5.91272e-11	-0.402913
5.91453e-11	-0.402993
5.91634e-11	-0.403071
5.91815e-11	-0.403147
5.91996e-11	-0.403221
5.92177e-11	-0.403293
5.92358e-11	-0.403362
5.92539e-11	-0.403429
5.9272e-11	-0.403494
5.92901e-11	-0.403556
5.93082e-11	-0.403617
5.93263e-11	-0.403675
5.93444e-11	-0.403731
5.93625e-11	-0.403785
5.93806e-11	-0.403836
5.93986e-11	-0.403885
5.94167e-11	-0.403932
5.94348e-11	-0.403977
5.94529e-11	-0.404019
5.9471e-11	-0.404059
5.94891e-11	-0.404097
5.95072e-11	-0.404133
5.95253e-11	-0.404166
5.95434e-11	-0.404197
5.95615e-11	-0.404226
5.95796e-11	-0.404252
5.95977e-11	-0.404276
5.96158e-11	-0.404298
5.96339e-11	-0.404317
5.9652e-11	-0.404334
5.96701e-11	-0.404349
5.96882e-11	-0.404362
5.97063e-11	-0.404372
5.97244e-11	-0.40438
5.97425e-11	-0.404385
5.97606e-11	-0.404388
5.97787e-11	-0.404389
5.97968e-11	-0.404387
5.98148e-11	-0.404383
5.98329e-11	-0.404377
5.9851e-11	-0.404368
5.98691e-11	-0.404357
5.98872e-11	-0.404344
5.99053e-11	-0.404328
5.99234e-11	-0.40431
5.99415e-11	-0.404289
5.99596e-11	-0.404266
5.99777e-11	-0.40424
5.99958e-11	-0.404213
6.00139e-11	-0.404182
6.0032e-11	-0.40415
6.00501e-11	-0.404115
6.00682e-11	-0.404077
6.00863e-11	-0.404037
6.01044e-11	-0.403995
6.01225e-11	-0.40395
6.01406e-11	-0.403903
6.01587e-11	-0.403853
6.01768e-11	-0.403801
6.01949e-11	-0.403746
6.02129e-11	-0.403689
6.0231e-11	-0.40363
6.02491e-11	-0.403568
6.02672e-11	-0.403503
6.02853e-11	-0.403436
6.03034e-11	-0.403367
6.03215e-11	-0.403295
6.03396e-11	-0.40322
6.03577e-11	-0.403143
6.03758e-11	-0.403064
6.03939e-11	-0.402982
6.0412e-11	-0.402898
6.04301e-11	-0.402811
6.04482e-11	-0.402721
6.04663e-11	-0.40263
6.04844e-11	-0.402535
6.05025e-11	-0.402438
6.05206e-11	-0.402339
6.05387e-11	-0.402236
6.05568e-11	-0.402132
6.05749e-11	-0.402025
6.0593e-11	-0.401915
6.06111e-11	-0.401803
6.06291e-11	-0.401688
6.06472e-11	-0.401571
6.06653e-11	-0.401451
6.06834e-11	-0.401328
6.07015e-11	-0.401203
6.07196e-11	-0.401076
6.07377e-11	-0.400946
6.07558e-11	-0.400813
6.07739e-11	-0.400677
6.0792e-11	-0.40054
6.08101e-11	-0.400399
6.08282e-11	-0.400256
6.08463e-11	-0.40011
6.08644e-11	-0.399962
6.08825e-11	-0.399811
6.09006e-11	-0.399657
6.09187e-11	-0.399501
6.09368e-11	-0.399342
6.09549e-11	-0.399181
6.0973e-11	-0.399017
6.09911e-11	-0.39885
6.10092e-11	-0.398681
6.10272e-11	-0.398509
6.10453e-11	-0.398334
6.10634e-11	-0.398157
6.10815e-11	-0.397977
6.10996e-11	-0.397795
6.11177e-11	-0.39761
6.11358e-11	-0.397422
6.11539e-11	-0.397231
6.1172e-11	-0.397038
6.11901e-11	-0.396842
6.12082e-11	-0.396644
6.12263e-11	-0.396442
6.12444e-11	-0.396239
6.12625e-11	-0.396032
6.12806e-11	-0.395823
6.12987e-11	-0.395611
6.13168e-11	-0.395396
6.13349e-11	-0.395179
6.1353e-11	-0.394959
6.13711e-11	-0.394736
6.13892e-11	-0.394511
6.14073e-11	-0.394282
6.14254e-11	-0.394051
6.14434e-11	-0.393818
6.14615e-11	-0.393582
6.14796e-11	-0.393342
6.14977e-11	-0.393101
6.15158e-11	-0.392856
6.15339e-11	-0.392609
6.1552e-11	-0.392359
6.15701e-11	-0.392106
6.15882e-11	-0.391851
6.16063e-11	-0.391593
6.16244e-11	-0.391332
6.16425e-11	-0.391068
6.16606e-11	-0.390801
6.16787e-11	-0.390532
6.16968e-11	-0.39026
6.17149e-11	-0.389985
6.1733e-11	-0.389708
6.17511e-11	-0.389428
6.17692e-11	-0.389145
6.17873e-11	-0.388859
6.18054e-11	-0.38857
6.18235e-11	-0.388279
6.18415e-11	-0.387984
6.18596e-11	-0.387687
6.18777e-11	-0.387388
6.18958e-11	-0.387085
6.19139e-11	-0.38678
6.1932e-11	-0.386472
6.19501e-11	-0.386161
6.19682e-11	-0.385847
6.19863e-11	-0.38553
6.20044e-11	-0.385211
6.20225e-11	-0.384888
6.20406e-11	-0.384563
6.20587e-11	-0.384236
6.20768e-11	-0.383905
6.20949e-11	-0.383571
6.2113e-11	-0.383235
6.21311e-11	-0.382896
6.21492e-11	-0.382554
6.21673e-11	-0.382209
6.21854e-11	-0.381861
6.22035e-11	-0.381511
6.22216e-11	-0.381157
6.22397e-11	-0.380801
6.22577e-11	-0.380442
6.22758e-11	-0.38008
6.22939e-11	-0.379715
6.2312e-11	-0.379348
6.23301e-11	-0.378977
6.23482e-11	-0.378604
6.23663e-11	-0.378227
6.23844e-11	-0.377848
6.24025e-11	-0.377466
6.24206e-11	-0.377081
6.24387e-11	-0.376694
6.24568e-11	-0.376303
6.24749e-11	-0.37591
6.2493e-11	-0.375513
6.25111e-11	-0.375114
6.25292e-11	-0.374712
6.25473e-11	-0.374307
6.25654e-11	-0.373899
6.25835e-11	-0.373488
6.26016e-11	-0.373075
6.26197e-11	-0.372658
6.26378e-11	-0.372238
6.26558e-11	-0.371816
6.26739e-11	-0.371391
6.2692e-11	-0.370963
6.27101e-11	-0.370531
6.27282e-11	-0.370097
6.27463e-11	-0.369661
6.27644e-11	-0.369221
6.27825e-11	-0.368778
6.28006e-11	-0.368332
6.28187e-11	-0.367884
6.28368e-11	-0.367432
6.28549e-11	-0.366978
6.2873e-11	-0.36652
6.28911e-11	-0.36606
6.29092e-11	-0.365597
6.29273e-11	-0.365131
6.29454e-11	-0.364662
6.29635e-11	-0.36419
6.29816e-11	-0.363715
6.29997e-11	-0.363237
6.30178e-11	-0.362756
6.30359e-11	-0.362272
6.3054e-11	-0.361786
6.3072e-11	-0.361296
6.30901e-11	-0.360803
6.31082e-11	-0.360308
6.31263e-11	-0.359809
6.31444e-11	-0.359308
6.31625e-11	-0.358803
6.31806e-11	-0.358296
6.31987e-11	-0.357786
6.32168e-11	-0.357272
6.32349e-11	-0.356756
6.3253e-11	-0.356237
6.32711e-11	-0.355715
6.32892e-11	-0.35519
6.33073e-11	-0.354662
6.33254e-11	-0.354131
6.33435e-11	-0.353597
6.33616e-11	-0.35306
6.33797e-11	-0.35252
6.33978e-11	-0.351977
6.34159e-11	-0.351431
6.3434e-11	-0.350882
6.34521e-11	-0.35033
6.34701e-11	-0.349776
6.34882e-11	-0.349218
6.35063e-11	-0.348657
6.35244e-11	-0.348093
6.35425e-11	-0.347527
6.35606e-11	-0.346957
6.35787e-11	-0.346384
6.35968e-11	-0.345809
6.36149e-11	-0.34523
6.3633e-11	-0.344648
6.36511e-11	-0.344064
6.36692e-11	-0.343476
6.36873e-11	-0.342885
6.37054e-11	-0.342292
6.37235e-11	-0.341695
6.37416e-11	-0.341096
6.37597e-11	-0.340493
6.37778e-11	-0.339888
6.37959e-11	-0.339279
6.3814e-11	-0.338668
6.38321e-11	-0.338053
6.38502e-11	-0.337436
6.38683e-11	-0.336815
6.38863e-11	-0.336192
6.39044e-11	-0.335565
6.39225e-11	-0.334936
6.39406e-11	-0.334303
6.39587e-11	-0.333668
6.39768e-11	-0.333029
6.39949e-11	-0.332388
6.4013e-11	-0.331743
6.40311e-11	-0.331096
6.40492e-11	-0.330445
6.40673e-11	-0.329792
6.40854e-11	-0.329135
6.41035e-11	-0.328476
6.41216e-11	-0.327813
6.41397e-11	-0.327148
6.41578e-11	-0.326479
6.41759e-11	-0.325807
6.4194e-11	-0.325133
6.42121e-11	-0.324455
6.42302e-11	-0.323775
6.42483e-11	-0.323091
6.42664e-11	-0.322405
6.42844e-11	-0.321715
6.43025e-11	-0.321023
6.43206e-11	-0.320327
6.43387e-11	-0.319629
6.43568e-11	-0.318927
6.43749e-11	-0.318222
6.4393e-11	-0.317515
6.44111e-11	-0.316804
6.44292e-11	-0.316091
6.44473e-11	-0.315374
6.44654e-11	-0.314654
6.44835e-11	-0.313932
6.45016e-11	-0.313206
6.45197e-11	-0.312477
6.45378e-11	-0.311746
6.45559e-11	-0.311011
6.4574e-11	-0.310273
6.45921e-11	-0.309533
6.46102e-11	-0.308789
6.46283e-11	-0.308042
6.46464e-11	-0.307293
6.46645e-11	-0.30654
6.46826e-11	-0.305784
6.47006e-11	-0.305026
6.47187e-11	-0.304264
6.47368e-11	-0.303499
6.47549e-11	-0.302732
6.4773e-11	-0.301961
6.47911e-11	-0.301187
6.48092e-11	-0.300411
6.48273e-11	-0.299631
6.48454e-11	-0.298848
6.48635e-11	-0.298063
6.48816e-11	-0.297274
6.48997e-11	-0.296482
6.49178e-11	-0.295688
6.49359e-11	-0.29489
6.4954e-11	-0.294089
6.49721e-11	-0.293286
6.49902e-11	-0.292479
6.50083e-11	-0.291669
6.50264e-11	-0.290857
6.50445e-11	-0.290041
6.50626e-11	-0.289222
6.50807e-11	-0.288401
6.50987e-11	-0.287576
6.51168e-11	-0.286749
6.51349e-11	-0.285918
6.5153e-11	-0.285084
6.51711e-11	-0.284248
6.51892e-11	-0.283408
6.52073e-11	-0.282566
6.52254e-11	-0.28172
6.52435e-11	-0.280872
6.52616e-11	-0.28002
6.52797e-11	-0.279166
6.52978e-11	-0.278309
6.53159e-11	-0.277448
6.5334e-11	-0.276585
6.53521e-11	-0.275719
6.53702e-11	-0.274849
6.53883e-11	-0.273977
6.54064e-11	-0.273102
6.54245e-11	-0.272224
6.54426e-11	-0.271342
6.54607e-11	-0.270458
6.54788e-11	-0.269571
6.54968e-11	-0.268681
6.55149e-11	-0.267788
6.5533e-11	-0.266892
6.55511e-11	-0.265993
6.55692e-11	-0.265091
6.55873e-11	-0.264186
6.56054e-11	-0.263279
6.56235e-11	-0.262368
6.56416e-11	-0.261454
6.56597e-11	-0.260537
6.56778e-11	-0.259618
6.56959e-11	-0.258695
6.5714e-11	-0.25777
6.57321e-11	-0.256841
6.57502e-11	-0.25591
6.57683e-11	-0.254976
6.57864e-11	-0.254038
6.58045e-11	-0.253098
6.58226e-11	-0.252155
6.58407e-11	-0.251209
6.58588e-11	-0.25026
6.58769e-11	-0.249308
6.5895e-11	-0.248353
6.5913e-11	-0.247396
6.59311e-11	-0.246435
6.59492e-11	-0.245471
6.59673e-11	-0.244505
6.59854e-11	-0.243536
6.60035e-11	-0.242563
6.60216e-11	-0.241588
6.60397e-11	-0.24061
6.60578e-11	-0.239629
6.60759e-11	-0.238645
6.6094e-11	-0.237658
6.61121e-11	-0.236668
6.61302e-11	-0.235676
6.61483e-11	-0.23468
6.61664e-11	-0.233682
6.61845e-11	-0.23268
6.62026e-11	-0.231676
6.62207e-11	-0.230669
6.62388e-11	-0.229659
6.62569e-11	-0.228646
6.6275e-11	-0.227631
6.62931e-11	-0.226612
6.63111e-11	-0.225591
6.63292e-11	-0.224566
6.63473e-11	-0.223539
6.63654e-11	-0.222509
6.63835e-11	-0.221476
6.64016e-11	-0.22044
6.64197e-11	-0.219402
6.64378e-11	-0.21836
6.64559e-11	-0.217316
6.6474e-11	-0.216269
6.64921e-11	-0.215219
6.65102e-11	-0.214166
6.65283e-11	-0.21311
6.65464e-11	-0.212052
6.65645e-11	-0.210991
6.65826e-11	-0.209926
6.66007e-11	-0.208859
6.66188e-11	-0.20779
6.66369e-11	-0.206717
6.6655e-11	-0.205642
6.66731e-11	-0.204563
6.66912e-11	-0.203482
6.67093e-11	-0.202398
6.67273e-11	-0.201312
6.67454e-11	-0.200222
6.67635e-11	-0.19913
6.67816e-11	-0.198035
6.67997e-11	-0.196937
6.68178e-11	-0.195836
6.68359e-11	-0.194733
6.6854e-11	-0.193627
6.68721e-11	-0.192518
6.68902e-11	-0.191406
6.69083e-11	-0.190291
6.69264e-11	-0.189174
6.69445e-11	-0.188054
6.69626e-11	-0.186931
6.69807e-11	-0.185806
6.69988e-11	-0.184677
6.70169e-11	-0.183546
6.7035e-11	-0.182412
6.70531e-11	-0.181276
6.70712e-11	-0.180137
6.70893e-11	-0.178995
6.71074e-11	-0.17785
6.71254e-11	-0.176702
6.71435e-11	-0.175552
6.71616e-11	-0.174399
6.71797e-11	-0.173244
6.71978e-11	-0.172085
6.72159e-11	-0.170924
6.7234e-11	-0.16976
6.72521e-11	-0.168594
6.72702e-11	-0.167425
6.72883e-11	-0.166253
6.73064e-11	-0.165078
6.73245e-11	-0.163901
6.73426e-11	-0.162721
6.73607e-11	-0.161539
6.73788e-11	-0.160354
6.73969e-11	-0.159166
6.7415e-11	-0.157975
6.74331e-11	-0.156782
6.74512e-11	-0.155586
6.74693e-11	-0.154387
6.74874e-11	-0.153186
6.75055e-11	-0.151982
6.75236e-11	-0.150776
6.75416e-11	-0.149567
6.75597e-11	-0.148355
6.75778e-11	-0.147141
6.75959e-11	-0.145924
6.7614e-11	-0.144704
6.76321e-11	-0.143482
6.76502e-11	-0.142257
6.76683e-11	-0.14103
6.76864e-11	-0.1398
6.77045e-11	-0.138568
6.77226e-11	-0.137332
6.77407e-11	-0.136095
6.77588e-11	-0.134854
6.77769e-11	-0.133611
6.7795e-11	-0.132366
6.78131e-11	-0.131118
6.78312e-11	-0.129867
6.78493e-11	-0.128614
6.78674e-11	-0.127359
6.78855e-11	-0.1261
6.79036e-11	-0.12484
6.79217e-11	-0.123576
6.79397e-11	-0.122311
6.79578e-11	-0.121042
6.79759e-11	-0.119771
6.7994e-11	-0.118498
6.80121e-11	-0.117222
6.80302e-11	-0.115944
6.80483e-11	-0.114663
6.80664e-11	-0.113379
6.80845e-11	-0.112094
6.81026e-11	-0.110805
6.81207e-11	-0.109514
6.81388e-11	-0.108221
6.81569e-11	-0.106925
6.8175e-11	-0.105627
6.81931e-11	-0.104326
6.82112e-11	-0.103023
6.82293e-11	-0.101718
6.82474e-11	-0.100409
6.82655e-11	-0.099099
6.82836e-11	-0.0977861
6.83017e-11	-0.0964707
6.83198e-11	-0.095153
6.83379e-11	-0.0938328
6.83559e-11	-0.0925102
6.8374e-11	-0.0911853
6.83921e-11	-0.0898579
6.84102e-11	-0.0885281
6.84283e-11	-0.087196
6.84464e-11	-0.0858614
6.84645e-11	-0.0845245
6.84826e-11	-0.0831852
6.85007e-11	-0.0818436
6.85188e-11	-0.0804996
6.85369e-11	-0.0791532
6.8555e-11	-0.0778045
6.85731e-11	-0.0764535
6.85912e-11	-0.0751001
6.86093e-11	-0.0737444
6.86274e-11	-0.0723863
6.86455e-11	-0.071026
6.86636e-11	-0.0696633
6.86817e-11	-0.0682984
6.86998e-11	-0.0669311
6.87179e-11	-0.0655616
6.8736e-11	-0.0641897
6.8754e-11	-0.0628156
6.87721e-11	-0.0614392
6.87902e-11	-0.0600605
6.88083e-11	-0.0586796
6.88264e-11	-0.0572964
6.88445e-11	-0.0559109
6.88626e-11	-0.0545233
6.88807e-11	-0.0531333
6.88988e-11	-0.0517412
6.89169e-11	-0.0503468
6.8935e-11	-0.0489502
6.89531e-11	-0.0475514
6.89712e-11	-0.0461504
6.89893e-11	-0.0447471
6.90074e-11	-0.0433417
6.90255e-11	-0.0419341
6.90436e-11	-0.0405244
6.90617e-11	-0.0391124
6.90798e-11	-0.0376983
6.90979e-11	-0.036282
6.9116e-11	-0.0348635
6.91341e-11	-0.033443
6.91522e-11	-0.0320202
6.91702e-11	-0.0305954
6.91883e-11	-0.0291684
6.92064e-11	-0.0277392
6.92245e-11	-0.026308
6.92426e-11	-0.0248747
6.92607e-11	-0.0234392
6.92788e-11	-0.0220017
6.92969e-11	-0.0205621
6.9315e-11	-0.0191204
6.93331e-11	-0.0176766
6.93512e-11	-0.0162307
6.93693e-11	-0.0147828
6.93874e-11	-0.0133329
6.94055e-11	-0.0118808
6.94236e-11	-0.0104268
6.94417e-11	-0.00897071
6.94598e-11	-0.0075126
6.94779e-11	-0.00605247
6.9496e-11	-0.00459033
6.95141e-11	-0.00312618
6.95322e-11	-0.00166004
6.95503e-11	-0.0001919
6.95683e-11	0.00127822
6.95864e-11	0.00275031
6.96045e-11	0.00422438
6.96226e-11	0.00570041
6.96407e-11	0.00717839
6.96588e-11	0.00865832
6.96769e-11	0.0101402
6.9695e-11	0.011624
6.97131e-11	0.0131097
6.97312e-11	0.0145974
6.97493e-11	0.0160869
6.97674e-11	0.0175784
6.97855e-11	0.0190718
6.98036e-11	0.020567
6.98217e-11	0.0220641
6.98398e-11	0.0235631
6.98579e-11	0.025064
6.9876e-11	0.0265667
6.98941e-11	0.0280713
6.99122e-11	0.0295777
6.99303e-11	0.031086
6.99484e-11	0.0325961
6.99665e-11	0.034108
6.99845e-11	0.0356217
7.00026e-11	0.0371373
7.00207e-11	0.0386546
7.00388e-11	0.0401737
7.00569e-11	0.0416946
7.0075e-11	0.0432173
7.00931e-11	0.0447417
7.01112e-11	0.0462679
7.01293e-11	0.0477959
7.01474e-11	0.0493256
7.01655e-11	0.050857
7.01836e-11	0.0523902
7.02017e-11	0.0539251
7.02198e-11	0.0554617
7.02379e-11	0.057
7.0256e-11	0.05854
7.02741e-11	0.0600816
7.02922e-11	0.061625
7.03103e-11	0.06317
7.03284e-11	0.0647167
7.03465e-11	0.0662651
7.03646e-11	0.0678151
7.03826e-11	0.0693668
7.04007e-11	0.07092
7.04188e-11	0.0724749
7.04369e-11	0.0740314
7.0455e-11	0.0755896
7.04731e-11	0.0771493
7.04912e-11	0.0787106
7.05093e-11	0.0802735
7.05274e-11	0.081838
7.05455e-11	0.083404
7.05636e-11	0.0849716
7.05817e-11	0.0865407
7.05998e-11	0.0881114
7.06179e-11	0.0896836
7.0636e-11	0.0912574
7.06541e-11	0.0928326
7.06722e-11	0.0944094
7.06903e-11	0.0959877
7.07084e-11	0.0975674
7.07265e-11	0.0991487
7.07446e-11	0.100731
7.07627e-11	0.102316
7.07808e-11	0.103901
7.07988e-11	0.105488
7.08169e-11	0.107077
7.0835e-11	0.108667
7.08531e-11	0.110258
7.08712e-11	0.111851
7.08893e-11	0.113445
7.09074e-11	0.115041
7.09255e-11	0.116638
7.09436e-11	0.118236
7.09617e-11	0.119836
7.09798e-11	0.121437
7.09979e-11	0.123039
7.1016e-11	0.124643
7.10341e-11	0.126248
7.10522e-11	0.127854
7.10703e-11	0.129462
7.10884e-11	0.131071
7.11065e-11	0.132682
7.11246e-11	0.134293
7.11427e-11	0.135906
7.11608e-11	0.13752
7.11789e-11	0.139136
7.11969e-11	0.140753
7.1215e-11	0.142371
7.12331e-11	0.14399
7.12512e-11	0.14561
7.12693e-11	0.147232
7.12874e-11	0.148855
7.13055e-11	0.150479
7.13236e-11	0.152104
7.13417e-11	0.15373
7.13598e-11	0.155358
7.13779e-11	0.156987
7.1396e-11	0.158617
7.14141e-11	0.160248
7.14322e-11	0.16188
7.14503e-11	0.163513
7.14684e-11	0.165148
7.14865e-11	0.166783
7.15046e-11	0.16842
7.15227e-11	0.170058
7.15408e-11	0.171696
7.15589e-11	0.173336
7.1577e-11	0.174977
7.15951e-11	0.176619
7.16131e-11	0.178262
7.16312e-11	0.179906
7.16493e-11	0.181551
7.16674e-11	0.183198
7.16855e-11	0.184845
7.17036e-11	0.186493
7.17217e-11	0.188142
7.17398e-11	0.189792
7.17579e-11	0.191443
7.1776e-11	0.193095
7.17941e-11	0.194748
7.18122e-11	0.196402
7.18303e-11	0.198057
7.18484e-11	0.199712
7.18665e-11	0.201369
7.18846e-11	0.203027
7.19027e-11	0.204685
7.19208e-11	0.206344
7.19389e-11	0.208004
7.1957e-11	0.209665
7.19751e-11	0.211327
7.19932e-11	0.21299
7.20112e-11	0.214654
7.20293e-11	0.216318
7.20474e-11	0.217983
7.20655e-11	0.219649
7.20836e-11	0.221316
7.21017e-11	0.222984
7.21198e-11	0.224652
7.21379e-11	0.226321
7.2156e-11	0.227991
7.21741e-11	0.229662
7.21922e-11	0.231333
7.22103e-11	0.233005
7.22284e-11	0.234678
7.22465e-11	0.236351
7.22646e-11	0.238025
7.22827e-11	0.2397
7.23008e-11	0.241376
7.23189e-11	0.243052
7.2337e-11	0.244729
7.23551e-11	0.246406
7.23732e-11	0.248085
7.23913e-11	0.249763
7.24094e-11	0.251443
7.24274e-11	0.253123
7.24455e-11	0.254803
7.24636e-11	0.256484
7.24817e-11	0.258166
7.24998e-11	0.259848
7.25179e-11	0.261531
7.2536e-11	0.263215
7.25541e-11	0.264899
7.25722e-11	0.266583
7.25903e-11	0.268268
7.26084e-11	0.269953
7.26265e-11	0.271639
7.26446e-11	0.273326
7.26627e-11	0.275013
7.26808e-11	0.2767
7.26989e-11	0.278388
7.2717e-11	0.280076
7.27351e-11	0.281765
7.27532e-11	0.283454
7.27713e-11	0.285143
7.27894e-11	0.286833
7.28075e-11	0.288524
7.28255e-11	0.290214
7.28436e-11	0.291905
7.28617e-11	0.293597
7.28798e-11	0.295289
7.28979e-11	0.296981
7.2916e-11	0.298673
7.29341e-11	0.300366
7.29522e-11	0.302059
7.29703e-11	0.303752
7.29884e-11	0.305446
7.30065e-11	0.30714
7.30246e-11	0.308834
7.30427e-11	0.310528
7.30608e-11	0.312223
7.30789e-11	0.313918
7.3097e-11	0.315613
7.31151e-11	0.317308
7.31332e-11	0.319004
7.31513e-11	0.3207
7.31694e-11	0.322396
7.31875e-11	0.324092
7.32056e-11	0.325788
7.32237e-11	0.327484
7.32417e-11	0.329181
7.32598e-11	0.330878
7.32779e-11	0.332574
7.3296e-11	0.334271
7.33141e-11	0.335968
7.33322e-11	0.337665
7.33503e-11	0.339362
7.33684e-11	0.34106
7.33865e-11	0.342757
7.34046e-11	0.344454
7.34227e-11	0.346151
7.34408e-11	0.347849
7.34589e-11	0.349546
7.3477e-11	0.351244
7.34951e-11	0.352941
7.35132e-11	0.354638
7.35313e-11	0.356336
7.35494e-11	0.358033
7.35675e-11	0.35973
7.35856e-11	0.361427
7.36037e-11	0.363124
7.36218e-11	0.364821
7.36398e-11	0.366518
7.36579e-11	0.368215
7.3676e-11	0.369911
7.36941e-11	0.371608
7.37122e-11	0.373304
7.37303e-11	0.375001
7.37484e-11	0.376697
7.37665e-11	0.378393
7.37846e-11	0.380088
7.38027e-11	0.381784
7.38208e-11	0.383479
7.38389e-11	0.385174
7.3857e-11	0.386869
7.38751e-11	0.388564
7.38932e-11	0.390258
7.39113e-11	0.391952
7.39294e-11	0.393646
7.39475e-11	0.39534
7.39656e-11	0.397033
7.39837e-11	0.398726
7.40018e-11	0.400419
7.40199e-11	0.402111
7.4038e-11	0.403803
7.4056e-11	0.405495
7.40741e-11	0.407186
7.40922e-11	0.408877
7.41103e-11	0.410568
7.41284e-11	0.412258
7.41465e-11	0.413948
7.41646e-11	0.415637
7.41827e-11	0.417326
7.42008e-11	0.419014
7.42189e-11	0.420703
7.4237e-11	0.42239
7.42551e-11	0.424077
7.42732e-11	0.425764
7.42913e-11	0.42745
7.43094e-11	0.429136
7.43275e-11	0.430821
7.43456e-11	0.432506
7.43637e-11	0.43419
7.43818e-11	0.435873
7.43999e-11	0.437556
7.4418e-11	0.439239
7.44361e-11	0.440921
7.44541e-11	0.442602
7.44722e-11	0.444283
7.44903e-11	0.445963
7.45084e-11	0.447642
7.45265e-11	0.449321
7.45446e-11	0.450999
7.45627e-11	0.452677
7.45808e-11	0.454354
7.45989e-11	0.45603
7.4617e-11	0.457705
7.46351e-11	0.45938
7.46532e-11	0.461054
7.46713e-11	0.462728
7.46894e-11	0.4644
7.47075e-11	0.466072
7.47256e-11	0.467743
7.47437e-11	0.469414
7.47618e-11	0.471083
7.47799e-11	0.472752
7.4798e-11	0.47442
7.48161e-11	0.476088
7.48342e-11	0.477754
7.48523e-11	0.47942
7.48703e-11	0.481084
7.48884e-11	0.482748
7.49065e-11	0.484411
7.49246e-11	0.486073
7.49427e-11	0.487735
7.49608e-11	0.489395
7.49789e-11	0.491054
7.4997e-11	0.492713
7.50151e-11	0.494371
7.50332e-11	0.496027
7.50513e-11	0.497683
7.50694e-11	0.499338
7.50875e-11	0.500992
7.51056e-11	0.502644
7.51237e-11	0.504296
7.51418e-11	0.505947
7.51599e-11	0.507597
7.5178e-11	0.509245
7.51961e-11	0.510893
7.52142e-11	0.51254
7.52323e-11	0.514185
7.52504e-11	0.51583
7.52684e-11	0.517473
7.52865e-11	0.519116
7.53046e-11	0.520757
7.53227e-11	0.522397
7.53408e-11	0.524036
7.53589e-11	0.525674
7.5377e-11	0.527311
7.53951e-11	0.528946
7.54132e-11	0.530581
7.54313e-11	0.532214
7.54494e-11	0.533846
7.54675e-11	0.535476
7.54856e-11	0.537106
7.55037e-11	0.538734
7.55218e-11	0.540361
7.55399e-11	0.541987
7.5558e-11	0.543612
7.55761e-11	0.545235
7.55942e-11	0.546857
7.56123e-11	0.548478
7.56304e-11	0.550097
7.56485e-11	0.551715
7.56665e-11	0.553332
7.56846e-11	0.554948
7.57027e-11	0.556562
7.57208e-11	0.558174
7.57389e-11	0.559786
7.5757e-11	0.561396
7.57751e-11	0.563004
7.57932e-11	0.564612
7.58113e-11	0.566217
7.58294e-11	0.567822
7.58475e-11	0.569425
7.58656e-11	0.571026
7.58837e-11	0.572626
7.59018e-11	0.574225
7.59199e-11	0.575822
7.5938e-11	0.577417
7.59561e-11	0.579011
7.59742e-11	0.580604
7.59923e-11	0.582195
7.60104e-11	0.583784
7.60285e-11	0.585372
7.60466e-11	0.586958
7.60647e-11	0.588543
7.60827e-11	0.590127
7.61008e-11	0.591708
7.61189e-11	0.593288
7.6137e-11	0.594867
7.61551e-11	0.596443
7.61732e-11	0.598019
7.61913e-11	0.599592
7.62094e-11	0.601164
7.62275e-11	0.602734
7.62456e-11	0.604303
7.62637e-11	0.605869
7.62818e-11	0.607435
7.62999e-11	0.608998
7.6318e-11	0.61056
7.63361e-11	0.61212
7.63542e-11	0.613678
7.63723e-11	0.615234
7.63904e-11	0.616789
7.64085e-11	0.618342
7.64266e-11	0.619893
7.64447e-11	0.621442
7.64628e-11	0.62299
7.64808e-11	0.624536
7.64989e-11	0.62608
7.6517e-11	0.627622
7.65351e-11	0.629162
7.65532e-11	0.6307
7.65713e-11	0.632237
7.65894e-11	0.633771
7.66075e-11	0.635304
7.66256e-11	0.636835
7.66437e-11	0.638364
7.66618e-11	0.63989
7.66799e-11	0.641415
7.6698e-11	0.642939
7.67161e-11	0.64446
7.67342e-11	0.645979
7.67523e-11	0.647496
7.67704e-11	0.649011
7.67885e-11	0.650524
7.68066e-11	0.652035
7.68247e-11	0.653545
7.68428e-11	0.655052
7.68609e-11	0.656557
7.6879e-11	0.65806
7.6897e-11	0.659561
7.69151e-11	0.66106
7.69332e-11	0.662556
7.69513e-11	0.664051
7.69694e-11	0.665544
7.69875e-11	0.667034
7.70056e-11	0.668523
7.70237e-11	0.670009
7.70418e-11	0.671493
7.70599e-11	0.672975
7.7078e-11	0.674455
7.70961e-11	0.675932
7.71142e-11	0.677407
7.71323e-11	0.678881
7.71504e-11	0.680352
7.71685e-11	0.68182
7.71866e-11	0.683287
7.72047e-11	0.684751
7.72228e-11	0.686213
7.72409e-11	0.687673
7.7259e-11	0.68913
7.72771e-11	0.690586
7.72951e-11	0.692039
7.73132e-11	0.693489
7.73313e-11	0.694937
7.73494e-11	0.696383
7.73675e-11	0.697827
7.73856e-11	0.699268
7.74037e-11	0.700707
7.74218e-11	0.702144
7.74399e-11	0.703578
7.7458e-11	0.70501
7.74761e-11	0.706439
7.74942e-11	0.707866
7.75123e-11	0.709291
7.75304e-11	0.710713
7.75485e-11	0.712133
7.75666e-11	0.71355
7.75847e-11	0.714965
7.76028e-11	0.716377
7.76209e-11	0.717787
7.7639e-11	0.719195
7.76571e-11	0.7206
7.76752e-11	0.722002
7.76933e-11	0.723402
7.77113e-11	0.724799
7.77294e-11	0.726194
7.77475e-11	0.727586
7.77656e-11	0.728976
7.77837e-11	0.730363
7.78018e-11	0.731748
7.78199e-11	0.73313
7.7838e-11	0.734509
7.78561e-11	0.735886
7.78742e-11	0.73726
7.78923e-11	0.738632
7.79104e-11	0.740001
7.79285e-11	0.741367
7.79466e-11	0.742731
7.79647e-11	0.744092
7.79828e-11	0.74545
7.80009e-11	0.746805
7.8019e-11	0.748158
7.80371e-11	0.749509
7.80552e-11	0.750856
7.80733e-11	0.752201
7.80914e-11	0.753543
7.81094e-11	0.754882
7.81275e-11	0.756219
7.81456e-11	0.757552
7.81637e-11	0.758883
7.81818e-11	0.760212
7.81999e-11	0.761537
7.8218e-11	0.76286
7.82361e-11	0.76418
7.82542e-11	0.765497
7.82723e-11	0.766811
7.82904e-11	0.768122
7.83085e-11	0.769431
7.83266e-11	0.770736
7.83447e-11	0.772039
7.83628e-11	0.773339
7.83809e-11	0.774636
7.8399e-11	0.77593
7.84171e-11	0.777221
7.84352e-11	0.778509
7.84533e-11	0.779795
7.84714e-11	0.781077
7.84895e-11	0.782357
7.85076e-11	0.783633
7.85256e-11	0.784907
7.85437e-11	0.786177
7.85618e-11	0.787445
7.85799e-11	0.78871
7.8598e-11	0.789971
7.86161e-11	0.79123
7.86342e-11	0.792486
7.86523e-11	0.793738
7.86704e-11	0.794988
7.86885e-11	0.796234
7.87066e-11	0.797478
7.87247e-11	0.798718
7.87428e-11	0.799956
7.87609e-11	0.80119
7.8779e-11	0.802421
7.87971e-11	0.803649
7.88152e-11	0.804874
7.88333e-11	0.806096
7.88514e-11	0.807315
7.88695e-11	0.80853
7.88876e-11	0.809743
7.89057e-11	0.810952
7.89237e-11	0.812158
7.89418e-11	0.813361
7.89599e-11	0.814561
7.8978e-11	0.815758
7.89961e-11	0.816951
7.90142e-11	0.818141
7.90323e-11	0.819329
7.90504e-11	0.820512
7.90685e-11	0.821693
7.90866e-11	0.82287
7.91047e-11	0.824044
7.91228e-11	0.825215
7.91409e-11	0.826383
7.9159e-11	0.827547
7.91771e-11	0.828708
7.91952e-11	0.829866
7.92133e-11	0.83102
7.92314e-11	0.832171
7.92495e-11	0.833319
7.92676e-11	0.834464
7.92857e-11	0.835605
7.93038e-11	0.836743
7.93219e-11	0.837877
7.93399e-11	0.839008
7.9358e-11	0.840136
7.93761e-11	0.84126
7.93942e-11	0.842382
7.94123e-11	0.843499
7.94304e-11	0.844613
7.94485e-11	0.845724
7.94666e-11	0.846832
7.94847e-11	0.847936
7.95028e-11	0.849036
7.95209e-11	0.850133
7.9539e-11	0.851227
7.95571e-11	0.852317
7.95752e-11	0.853404
7.95933e-11	0.854487
7.96114e-11	0.855567
7.96295e-11	0.856643
7.96476e-11	0.857716
7.96657e-11	0.858785
7.96838e-11	0.859851
7.97019e-11	0.860914
7.972e-11	0.861972
7.9738e-11	0.863028
7.97561e-11	0.864079
7.97742e-11	0.865127
7.97923e-11	0.866172
7.98104e-11	0.867213
7.98285e-11	0.868251
7.98466e-11	0.869284
7.98647e-11	0.870315
7.98828e-11	0.871341
7.99009e-11	0.872365
7.9919e-11	0.873384
7.99371e-11	0.8744
7.99552e-11	0.875412
7.99733e-11	0.876421
7.99914e-11	0.877426
8.00095e-11	0.878427
8.00276e-11	0.879425
8.00457e-11	0.880419
8.00638e-11	0.881409
8.00819e-11	0.882396
8.01e-11	0.883379
8.01181e-11	0.884358
8.01362e-11	0.885334
8.01542e-11	0.886305
8.01723e-11	0.887274
8.01904e-11	0.888238
8.02085e-11	0.889199
8.02266e-11	0.890156
8.02447e-11	0.891109
8.02628e-11	0.892058
8.02809e-11	0.893004
8.0299e-11	0.893946
8.03171e-11	0.894884
8.03352e-11	0.895819
8.03533e-11	0.896749
8.03714e-11	0.897676
8.03895e-11	0.898599
8.04076e-11	0.899519
8.04257e-11	0.900434
8.04438e-11	0.901346
8.04619e-11	0.902254
8.048e-11	0.903157
8.04981e-11	0.904058
8.05162e-11	0.904954
8.05343e-11	0.905846
8.05523e-11	0.906735
8.05704e-11	0.90762
8.05885e-11	0.9085
8.06066e-11	0.909377
8.06247e-11	0.91025
8.06428e-11	0.91112
8.06609e-11	0.911985
8.0679e-11	0.912846
8.06971e-11	0.913704
8.07152e-11	0.914557
8.07333e-11	0.915407
8.07514e-11	0.916253
8.07695e-11	0.917094
8.07876e-11	0.917932
8.08057e-11	0.918766
8.08238e-11	0.919596
8.08419e-11	0.920422
8.086e-11	0.921244
8.08781e-11	0.922062
8.08962e-11	0.922876
8.09143e-11	0.923686
8.09324e-11	0.924492
8.09505e-11	0.925294
8.09685e-11	0.926092
8.09866e-11	0.926886
8.10047e-11	0.927676
8.10228e-11	0.928462
8.10409e-11	0.929244
8.1059e-11	0.930022
8.10771e-11	0.930796
8.10952e-11	0.931566
8.11133e-11	0.932332
8.11314e-11	0.933094
8.11495e-11	0.933851
8.11676e-11	0.934605
8.11857e-11	0.935355
8.12038e-11	0.9361
8.12219e-11	0.936842
8.124e-11	0.937579
8.12581e-11	0.938312
8.12762e-11	0.939041
8.12943e-11	0.939766
8.13124e-11	0.940487
8.13305e-11	0.941204
8.13486e-11	0.941917
8.13666e-11	0.942625
8.13847e-11	0.943329
8.14028e-11	0.94403
8.14209e-11	0.944726
8.1439e-11	0.945418
8.14571e-11	0.946106
8.14752e-11	0.946789
8.14933e-11	0.947469
8.15114e-11	0.948144
8.15295e-11	0.948815
8.15476e-11	0.949482
8.15657e-11	0.950145
8.15838e-11	0.950803
8.16019e-11	0.951458
8.162e-11	0.952108
8.16381e-11	0.952754
8.16562e-11	0.953396
8.16743e-11	0.954033
8.16924e-11	0.954667
8.17105e-11	0.955296
8.17286e-11	0.955921
8.17467e-11	0.956541
8.17648e-11	0.957158
8.17828e-11	0.95777
8.18009e-11	0.958378
8.1819e-11	0.958982
8.18371e-11	0.959581
8.18552e-11	0.960176
8.18733e-11	0.960767
8.18914e-11	0.961354
8.19095e-11	0.961936
8.19276e-11	0.962514
8.19457e-11	0.963088
8.19638e-11	0.963657
8.19819e-11	0.964223
8.2e-11	0.964784
8.20181e-11	0.96534
8.20362e-11	0.965892
8.20543e-11	0.96644
8.20724e-11	0.966984
8.20905e-11	0.967524
8.21086e-11	0.968059
8.21267e-11	0.968589
8.21448e-11	0.969116
8.21629e-11	0.969638
8.21809e-11	0.970156
8.2199e-11	0.970669
8.22171e-11	0.971178
8.22352e-11	0.971683
8.22533e-11	0.972183
8.22714e-11	0.972679
8.22895e-11	0.973171
8.23076e-11	0.973658
8.23257e-11	0.974141
8.23438e-11	0.974619
8.23619e-11	0.975094
8.238e-11	0.975563
8.23981e-11	0.976029
8.24162e-11	0.97649
8.24343e-11	0.976946
8.24524e-11	0.977399
8.24705e-11	0.977846
8.24886e-11	0.97829
8.25067e-11	0.978729
8.25248e-11	0.979164
8.25429e-11	0.979594
8.2561e-11	0.98002
8.25791e-11	0.980441
8.25971e-11	0.980858
8.26152e-11	0.981271
8.26333e-11	0.981679
8.26514e-11	0.982082
8.26695e-11	0.982482
8.26876e-11	0.982876
8.27057e-11	0.983267
8.27238e-11	0.983653
8.27419e-11	0.984034
8.276e-11	0.984411
8.27781e-11	0.984784
8.27962e-11	0.985152
8.28143e-11	0.985516
8.28324e-11	0.985875
8.28505e-11	0.98623
8.28686e-11	0.98658
8.28867e-11	0.986926
8.29048e-11	0.987268
8.29229e-11	0.987605
8.2941e-11	0.987937
8.29591e-11	0.988265
8.29772e-11	0.988589
8.29952e-11	0.988908
8.30133e-11	0.989222
8.30314e-11	0.989532
8.30495e-11	0.989838
8.30676e-11	0.990139
8.30857e-11	0.990436
8.31038e-11	0.990728
8.31219e-11	0.991015
8.314e-11	0.991299
8.31581e-11	0.991577
8.31762e-11	0.991851
8.31943e-11	0.992121
8.32124e-11	0.992386
8.32305e-11	0.992647
8.32486e-11	0.992903
8.32667e-11	0.993154
8.32848e-11	0.993401
8.33029e-11	0.993644
8.3321e-11	0.993882
8.33391e-11	0.994115
8.33572e-11	0.994344
8.33753e-11	0.994569
8.33934e-11	0.994789
8.34114e-11	0.995004
8.34295e-11	0.995215
8.34476e-11	0.995422
8.34657e-11	0.995623
8.34838e-11	0.995821
8.35019e-11	0.996013
8.352e-11	0.996202
8.35381e-11	0.996385
8.35562e-11	0.996564
8.35743e-11	0.996739
8.35924e-11	0.996909
8.36105e-11	0.997075
8.36286e-11	0.997236
8.36467e-11	0.997392
8.36648e-11	0.997544
8.36829e-11	0.997691
8.3701e-11	0.997834
8.37191e-11	0.997972
8.37372e-11	0.998106
8.37553e-11	0.998235
8.37734e-11	0.99836
8.37915e-11	0.99848
8.38095e-11	0.998595
8.38276e-11	0.998706
8.38457e-11	0.998812
8.38638e-11	0.998914
8.38819e-11	0.999012
8.39e-11	0.999104
8.39181e-11	0.999192
8.39362e-11	0.999276
8.39543e-11	0.999355
8.39724e-11	0.999429
8.39905e-11	0.999499
8.40086e-11	0.999565
8.40267e-11	0.999625
8.40448e-11	0.999682
8.40629e-11	0.999733
8.4081e-11	0.99978
8.40991e-11	0.999823
8.41172e-11	0.999861
8.41353e-11	0.999894
8.41534e-11	0.999923
8.41715e-11	0.999947
8.41896e-11	0.999967
8.42077e-11	0.999982
8.42257e-11	0.999993
8.42438e-11	0.999999
8.42619e-11	1
8.428e-11	0.999997
8.42981e-11	0.999989
8.43162e-11	0.999977
8.43343e-11	0.99996
8.43524e-11	0.999938
8.43705e-11	0.999913
8.43886e-11	0.999882
8.44067e-11	0.999847
8.44248e-11	0.999807
8.44429e-11	0.999763
8.4461e-11	0.999714
8.44791e-11	0.999661
8.44972e-11	0.999603
8.45153e-11	0.99954
8.45334e-11	0.999473
8.45515e-11	0.999402
8.45696e-11	0.999326
8.45877e-11	0.999245
8.46058e-11	0.999159
8.46238e-11	0.99907
8.46419e-11	0.998975
8.466e-11	0.998876
8.46781e-11	0.998773
8.46962e-11	0.998665
8.47143e-11	0.998552
8.47324e-11	0.998435
8.47505e-11	0.998313
8.47686e-11	0.998187
8.47867e-11	0.998056
8.48048e-11	0.99792
8.48229e-11	0.99778
8.4841e-11	0.997636
8.48591e-11	0.997487
8.48772e-11	0.997333
8.48953e-11	0.997175
8.49134e-11	0.997012
8.49315e-11	0.996845
8.49496e-11	0.996673
8.49677e-11	0.996497
8.49858e-11	0.996316
8.50039e-11	0.996131
8.5022e-11	0.995941
8.504e-11	0.995746
8.50581e-11	0.995547
8.50762e-11	0.995344
8.50943e-11	0.995136
8.51124e-11	0.994923
8.51305e-11	0.994706
8.51486e-11	0.994484
8.51667e-11	0.994258
8.51848e-11	0.994027
8.52029e-11	0.993792
8.5221e-11	0.993552
8.52391e-11	0.993308
8.52572e-11	0.993059
8.52753e-11	0.992806
8.52934e-11	0.992548
8.53115e-11	0.992286
8.53296e-11	0.992019
8.53477e-11	0.991748
8.53658e-11	0.991472
8.53839e-11	0.991192
8.5402e-11	0.990907
8.54201e-11	0.990617
8.54381e-11	0.990324
8.54562e-11	0.990025
8.54743e-11	0.989722
8.54924e-11	0.989415
8.55105e-11	0.989103
8.55286e-11	0.988787
8.55467e-11	0.988466
8.55648e-11	0.988141
8.55829e-11	0.987811
8.5601e-11	0.987477
8.56191e-11	0.987139
8.56372e-11	0.986795
8.56553e-11	0.986448
8.56734e-11	0.986096
8.56915e-11	0.985739
8.57096e-11	0.985378
8.57277e-11	0.985013
8.57458e-11	0.984643
8.57639e-11	0.984269
8.5782e-11	0.98389
8.58001e-11	0.983507
8.58182e-11	0.983119
8.58363e-11	0.982727
8.58543e-11	0.98233
8.58724e-11	0.981929
8.58905e-11	0.981524
8.59086e-11	0.981114
8.59267e-11	0.9807
8.59448e-11	0.980281
8.59629e-11	0.979858
8.5981e-11	0.979431
8.59991e-11	0.978999
8.60172e-11	0.978563
8.60353e-11	0.978122
8.60534e-11	0.977677
8.60715e-11	0.977227
8.60896e-11	0.976773
8.61077e-11	0.976315
8.61258e-11	0.975852
8.61439e-11	0.975385
8.6162e-11	0.974914
8.61801e-11	0.974438
8.61982e-11	0.973958
8.62163e-11	0.973473
8.62344e-11	0.972984
8.62524e-11	0.972491
8.62705e-11	0.971993
8.62886e-11	0.971491
8.63067e-11	0.970985
8.63248e-11	0.970474
8.63429e-11	0.969959
8.6361e-11	0.96944
8.63791e-11	0.968916
8.63972e-11	0.968388
8.64153e-11	0.967856
8.64334e-11	0.967319
8.64515e-11	0.966778
8.64696e-11	0.966233
8.64877e-11	0.965683
8.65058e-11	0.965129
8.65239e-11	0.964571
8.6542e-11	0.964008
8.65601e-11	0.963442
8.65782e-11	0.96287
8.65963e-11	0.962295
8.66144e-11	0.961715
8.66325e-11	0.961131
8.66505e-11	0.960543
8.66686e-11	0.959951
8.66867e-11	0.959354
8.67048e-11	0.958753
8.67229e-11	0.958147
8.6741e-11	0.957538
8.67591e-11	0.956924
8.67772e-11	0.956306
8.67953e-11	0.955684
8.68134e-11	0.955057
8.68315e-11	0.954427
8.68496e-11	0.953792
8.68677e-11	0.953152
8.68858e-11	0.952509
8.69039e-11	0.951862
8.6922e-11	0.95121
8.69401e-11	0.950554
8.69582e-11	0.949894
8.69763e-11	0.949229
8.69944e-11	0.948561
8.70125e-11	0.947888
8.70306e-11	0.947211
8.70487e-11	0.94653
8.70667e-11	0.945845
8.70848e-11	0.945155
8.71029e-11	0.944462
8.7121e-11	0.943764
8.71391e-11	0.943062
8.71572e-11	0.942356
8.71753e-11	0.941646
8.71934e-11	0.940932
8.72115e-11	0.940214
8.72296e-11	0.939491
8.72477e-11	0.938765
8.72658e-11	0.938034
8.72839e-11	0.937299
8.7302e-11	0.93656
8.73201e-11	0.935817
8.73382e-11	0.93507
8.73563e-11	0.934319
8.73744e-11	0.933564
8.73925e-11	0.932805
8.74106e-11	0.932042
8.74287e-11	0.931274
8.74468e-11	0.930503
8.74648e-11	0.929727
8.74829e-11	0.928948
8.7501e-11	0.928164
8.75191e-11	0.927377
8.75372e-11	0.926585
8.75553e-11	0.92579
8.75734e-11	0.92499
8.75915e-11	0.924186
8.76096e-11	0.923379
8.76277e-11	0.922567
8.76458e-11	0.921752
8.76639e-11	0.920932
8.7682e-11	0.920109
8.77001e-11	0.919281
8.77182e-11	0.91845
8.77363e-11	0.917614
8.77544e-11	0.916775
8.77725e-11	0.915932
8.77906e-11	0.915085
8.78087e-11	0.914234
8.78268e-11	0.913378
8.78449e-11	0.91252
8.7863e-11	0.911657
8.7881e-11	0.91079
8.78991e-11	0.909919
8.79172e-11	0.909045
8.79353e-11	0.908166
8.79534e-11	0.907284
8.79715e-11	0.906398
8.79896e-11	0.905508
8.80077e-11	0.904614
8.80258e-11	0.903716
8.80439e-11	0.902815
8.8062e-11	0.901909
8.80801e-11	0.901
8.80982e-11	0.900087
8.81163e-11	0.89917
8.81344e-11	0.898249
8.81525e-11	0.897325
8.81706e-11	0.896396
8.81887e-11	0.895464
8.82068e-11	0.894528
8.82249e-11	0.893589
8.8243e-11	0.892645
8.82611e-11	0.891698
8.82791e-11	0.890747
8.82972e-11	0.889793
8.83153e-11	0.888834
8.83334e-11	0.887872
8.83515e-11	0.886906
8.83696e-11	0.885937
8.83877e-11	0.884963
8.84058e-11	0.883986
8.84239e-11	0.883006
8.8442e-11	0.882021
8.84601e-11	0.881033
8.84782e-11	0.880041
8.84963e-11	0.879046
8.85144e-11	0.878047
8.85325e-11	0.877044
8.85506e-11	0.876038
8.85687e-11	0.875028
8.85868e-11	0.874014
8.86049e-11	0.872997
8.8623e-11	0.871976
8.86411e-11	0.870952
8.86592e-11	0.869924
8.86773e-11	0.868892
8.86953e-11	0.867857
8.87134e-11	0.866818
8.87315e-11	0.865776
8.87496e-11	0.86473
8.87677e-11	0.86368
8.87858e-11	0.862627
8.88039e-11	0.86157
8.8822e-11	0.86051
8.88401e-11	0.859447
8.88582e-11	0.85838
8.88763e-11	0.857309
8.88944e-11	0.856235
8.89125e-11	0.855157
8.89306e-11	0.854076
8.89487e-11	0.852991
8.89668e-11	0.851903
8.89849e-11	0.850812
8.9003e-11	0.849717
8.90211e-11	0.848618
8.90392e-11	0.847517
8.90573e-11	0.846411
8.90754e-11	0.845303
8.90934e-11	0.84419
8.91115e-11	0.843075
8.91296e-11	0.841956
8.91477e-11	0.840834
8.91658e-11	0.839708
8.91839e-11	0.838579
8.9202e-11	0.837447
8.92201e-11	0.836311
8.92382e-11	0.835172
8.92563e-11	0.834029
8.92744e-11	0.832883
8.92925e-11	0.831734
8.93106e-11	0.830582
8.93287e-11	0.829426
8.93468e-11	0.828267
8.93649e-11	0.827105
8.9383e-11	0.82594
8.94011e-11	0.824771
8.94192e-11	0.823599
8.94373e-11	0.822423
8.94554e-11	0.821245
8.94735e-11	0.820063
8.94916e-11	0.818878
8.95096e-11	0.81769
8.95277e-11	0.816498
8.95458e-11	0.815304
8.95639e-11	0.814106
8.9582e-11	0.812905
8.96001e-11	0.8117
8.96182e-11	0.810493
8.96363e-11	0.809283
8.96544e-11	0.808069
8.96725e-11	0.806852
8.96906e-11	0.805632
8.97087e-11	0.804409
8.97268e-11	0.803183
8.97449e-11	0.801954
8.9763e-11	0.800721
8.97811e-11	0.799486
8.97992e-11	0.798247
8.98173e-11	0.797006
8.98354e-11	0.795761
8.98535e-11	0.794513
8.98716e-11	0.793263
8.98897e-11	0.792009
8.99077e-11	0.790752
8.99258e-11	0.789492
8.99439e-11	0.78823
8.9962e-11	0.786964
8.99801e-11	0.785695
8.99982e-11	0.784423
9.00163e-11	0.783149
9.00344e-11	0.781871
9.00525e-11	0.78059
9.00706e-11	0.779307
9.00887e-11	0.77802
9.01068e-11	0.776731
9.01249e-11	0.775439
9.0143e-11	0.774143
9.01611e-11	0.772845
9.01792e-11	0.771544
9.01973e-11	0.77024
9.02154e-11	0.768934
9.02335e-11	0.767624
9.02516e-11	0.766312
9.02697e-11	0.764996
9.02878e-11	0.763678
9.03059e-11	0.762357
9.03239e-11	0.761034
9.0342e-11	0.759707
9.03601e-11	0.758378
9.03782e-11	0.757046
9.03963e-11	0.755711
9.04144e-11	0.754374
9.04325e-11	0.753033
9.04506e-11	0.75169
9.04687e-11	0.750344
9.04868e-11	0.748996
9.05049e-11	0.747645
9.0523e-11	0.746291
9.05411e-11	0.744934
9.05592e-11	0.743575
9.05773e-11	0.742213
9.05954e-11	0.740848
9.06135e-11	0.739481
9.06316e-11	0.738111
9.06497e-11	0.736738
9.06678e-11	0.735363
9.06859e-11	0.733985
9.0704e-11	0.732605
9.0722e-11	0.731222
9.07401e-11	0.729836
9.07582e-11	0.728448
9.07763e-11	0.727058
9.07944e-11	0.725664
9.08125e-11	0.724269
9.08306e-11	0.72287
9.08487e-11	0.721469
9.08668e-11	0.720066
9.08849e-11	0.71866
9.0903e-11	0.717252
9.09211e-11	0.715841
9.09392e-11	0.714428
9.09573e-11	0.713012
9.09754e-11	0.711594
9.09935e-11	0.710173
9.10116e-11	0.70875
9.10297e-11	0.707324
9.10478e-11	0.705896
9.10659e-11	0.704466
9.1084e-11	0.703033
9.11021e-11	0.701598
9.11202e-11	0.700161
9.11382e-11	0.698721
9.11563e-11	0.697279
9.11744e-11	0.695834
9.11925e-11	0.694387
9.12106e-11	0.692938
9.12287e-11	0.691487
9.12468e-11	0.690033
9.12649e-11	0.688577
9.1283e-11	0.687119
9.13011e-11	0.685658
9.13192e-11	0.684195
9.13373e-11	0.68273
9.13554e-11	0.681263
9.13735e-11	0.679793
9.13916e-11	0.678321
9.14097e-11	0.676847
9.14278e-11	0.675371
9.14459e-11	0.673893
9.1464e-11	0.672412
9.14821e-11	0.670929
9.15002e-11	0.669444
9.15183e-11	0.667957
9.15363e-11	0.666468
9.15544e-11	0.664977
9.15725e-11	0.663484
9.15906e-11	0.661988
9.16087e-11	0.66049
9.16268e-11	0.658991
9.16449e-11	0.657489
9.1663e-11	0.655985
9.16811e-11	0.654479
9.16992e-11	0.652971
9.17173e-11	0.651462
9.17354e-11	0.64995
9.17535e-11	0.648436
9.17716e-11	0.64692
9.17897e-11	0.645402
9.18078e-11	0.643882
9.18259e-11	0.64236
9.1844e-11	0.640836
9.18621e-11	0.639311
9.18802e-11	0.637783
9.18983e-11	0.636253
9.19164e-11	0.634722
9.19345e-11	0.633188
9.19525e-11	0.631653
9.19706e-11	0.630116
9.19887e-11	0.628577
9.20068e-11	0.627036
9.20249e-11	0.625493
9.2043e-11	0.623949
9.20611e-11	0.622402
9.20792e-11	0.620854
9.20973e-11	0.619304
9.21154e-11	0.617752
9.21335e-11	0.616198
9.21516e-11	0.614643
9.21697e-11	0.613086
9.21878e-11	0.611527
9.22059e-11	0.609966
9.2224e-11	0.608404
9.22421e-11	0.60684
9.22602e-11	0.605274
9.22783e-11	0.603707
9.22964e-11	0.602138
9.23145e-11	0.600567
9.23326e-11	0.598994
9.23506e-11	0.59742
9.23687e-11	0.595844
9.23868e-11	0.594267
9.24049e-11	0.592688
9.2423e-11	0.591107
9.24411e-11	0.589525
9.24592e-11	0.587941
9.24773e-11	0.586356
9.24954e-11	0.584769
9.25135e-11	0.58318
9.25316e-11	0.58159
9.25497e-11	0.579999
9.25678e-11	0.578406
9.25859e-11	0.576811
9.2604e-11	0.575215
9.26221e-11	0.573617
9.26402e-11	0.572018
9.26583e-11	0.570418
9.26764e-11	0.568816
9.26945e-11	0.567212
9.27126e-11	0.565607
9.27307e-11	0.564001
9.27488e-11	0.562393
9.27668e-11	0.560784
9.27849e-11	0.559174
9.2803e-11	0.557562
9.28211e-11	0.555949
9.28392e-11	0.554334
9.28573e-11	0.552718
9.28754e-11	0.551101
9.28935e-11	0.549482
9.29116e-11	0.547862
9.29297e-11	0.546241
9.29478e-11	0.544618
9.29659e-11	0.542995
9.2984e-11	0.54137
9.30021e-11	0.539743
9.30202e-11	0.538116
9.30383e-11	0.536487
9.30564e-11	0.534857
9.30745e-11	0.533226
9.30926e-11	0.531593
9.31107e-11	0.52996
9.31288e-11	0.528325
9.31469e-11	0.526689
9.31649e-11	0.525052
9.3183e-11	0.523413
9.32011e-11	0.521774
9.32192e-11	0.520133
9.32373e-11	0.518492
9.32554e-11	0.516849
9.32735e-11	0.515205
9.32916e-11	0.51356
9.33097e-11	0.511914
9.33278e-11	0.510267
9.33459e-11	0.508619
9.3364e-11	0.50697
9.33821e-11	0.50532
9.34002e-11	0.503669
9.34183e-11	0.502016
9.34364e-11	0.500363
9.34545e-11	0.498709
9.34726e-11	0.497054
9.34907e-11	0.495398
9.35088e-11	0.493741
9.35269e-11	0.492083
9.3545e-11	0.490424
9.35631e-11	0.488764
9.35811e-11	0.487104
9.35992e-11	0.485442
9.36173e-11	0.483779
9.36354e-11	0.482116
9.36535e-11	0.480452
9.36716e-11	0.478787
9.36897e-11	0.477121
9.37078e-11	0.475454
9.37259e-11	0.473787
9.3744e-11	0.472118
9.37621e-11	0.470449
9.37802e-11	0.468779
9.37983e-11	0.467109
9.38164e-11	0.465437
9.38345e-11	0.463765
9.38526e-11	0.462092
9.38707e-11	0.460418
9.38888e-11	0.458744
9.39069e-11	0.457069
9.3925e-11	0.455393
9.39431e-11	0.453717
9.39612e-11	0.452039
9.39792e-11	0.450362
9.39973e-11	0.448683
9.40154e-11	0.447004
9.40335e-11	0.445324
9.40516e-11	0.443644
9.40697e-11	0.441963
9.40878e-11	0.440282
9.41059e-11	0.4386
9.4124e-11	0.436917
9.41421e-11	0.435234
9.41602e-11	0.43355
9.41783e-11	0.431866
9.41964e-11	0.430181
9.42145e-11	0.428495
9.42326e-11	0.42681
9.42507e-11	0.425123
9.42688e-11	0.423436
9.42869e-11	0.421749
9.4305e-11	0.420061
9.43231e-11	0.418373
9.43412e-11	0.416684
9.43593e-11	0.414995
9.43774e-11	0.413306
9.43954e-11	0.411616
9.44135e-11	0.409925
9.44316e-11	0.408235
9.44497e-11	0.406544
9.44678e-11	0.404852
9.44859e-11	0.40316
9.4504e-11	0.401468
9.45221e-11	0.399776
9.45402e-11	0.398083
9.45583e-11	0.39639
9.45764e-11	0.394696
9.45945e-11	0.393003
9.46126e-11	0.391309
9.46307e-11	0.389614
9.46488e-11	0.38792
9.46669e-11	0.386225
9.4685e-11	0.38453
9.47031e-11	0.382835
9.47212e-11	0.38114
9.47393e-11	0.379444
9.47574e-11	0.377748
9.47755e-11	0.376052
9.47935e-11	0.374356
9.48116e-11	0.37266
9.48297e-11	0.370963
9.48478e-11	0.369267
9.48659e-11	0.36757
9.4884e-11	0.365873
9.49021e-11	0.364176
9.49202e-11	0.362479
9.49383e-11	0.360782
9.49564e-11	0.359085
9.49745e-11	0.357388
9.49926e-11	0.355691
9.50107e-11	0.353993
9.50288e-11	0.352296
9.50469e-11	0.350599
9.5065e-11	0.348901
9.50831e-11	0.347204
9.51012e-11	0.345507
9.51193e-11	0.343809
9.51374e-11	0.342112
9.51555e-11	0.340415
9.51736e-11	0.338718
9.51917e-11	0.33702
9.52097e-11	0.335323
9.52278e-11	0.333626
9.52459e-11	0.33193
9.5264e-11	0.330233
9.52821e-11	0.328536
9.53002e-11	0.32684
9.53183e-11	0.325143
9.53364e-11	0.323447
9.53545e-11	0.321751
9.53726e-11	0.320055
9.53907e-11	0.31836
9.54088e-11	0.316664
9.54269e-11	0.314969
9.5445e-11	0.313274
9.54631e-11	0.311579
9.54812e-11	0.309885
9.54993e-11	0.30819
9.55174e-11	0.306496
9.55355e-11	0.304802
9.55536e-11	0.303109
9.55717e-11	0.301416
9.55898e-11	0.299723
9.56078e-11	0.29803
9.56259e-11	0.296338
9.5644e-11	0.294646
9.56621e-11	0.292954
9.56802e-11	0.291263
9.56983e-11	0.289572
9.57164e-11	0.287881
9.57345e-11	0.286191
9.57526e-11	0.284501
9.57707e-11	0.282812
9.57888e-11	0.281123
9.58069e-11	0.279435
9.5825e-11	0.277746
9.58431e-11	0.276059
9.58612e-11	0.274372
9.58793e-11	0.272685
9.58974e-11	0.270999
9.59155e-11	0.269313
9.59336e-11	0.267628
9.59517e-11	0.265943
9.59698e-11	0.264259
9.59879e-11	0.262575
9.6006e-11	0.260892
9.6024e-11	0.259209
9.60421e-11	0.257527
9.60602e-11	0.255846
9.60783e-11	0.254165
9.60964e-11	0.252484
9.61145e-11	0.250805
9.61326e-11	0.249125
9.61507e-11	0.247447
9.61688e-11	0.245769
9.61869e-11	0.244092
9.6205e-11	0.242415
9.62231e-11	0.240739
9.62412e-11	0.239064
9.62593e-11	0.237389
9.62774e-11	0.235715
9.62955e-11	0.234042
9.63136e-11	0.23237
9.63317e-11	0.230698
9.63498e-11	0.229027
9.63679e-11	0.227356
9.6386e-11	0.225687
9.64041e-11	0.224018
9.64221e-11	0.22235
9.64402e-11	0.220683
9.64583e-11	0.219016
9.64764e-11	0.21735
9.64945e-11	0.215686
9.65126e-11	0.214022
9.65307e-11	0.212358
9.65488e-11	0.210696
9.65669e-11	0.209034
9.6585e-11	0.207374
9.66031e-11	0.205714
9.66212e-11	0.204055
9.66393e-11	0.202397
9.66574e-11	0.200739
9.66755e-11	0.199083
9.66936e-11	0.197428
9.67117e-11	0.195773
9.67298e-11	0.19412
9.67479e-11	0.192467
9.6766e-11	0.190816
9.67841e-11	0.189165
9.68022e-11	0.187515
9.68203e-11	0.185866
9.68383e-11	0.184219
9.68564e-11	0.182572
9.68745e-11	0.180926
9.68926e-11	0.179282
9.69107e-11	0.177638
9.69288e-11	0.175995
9.69469e-11	0.174354
9.6965e-11	0.172713
9.69831e-11	0.171074
9.70012e-11	0.169435
9.70193e-11	0.167798
9.70374e-11	0.166162
9.70555e-11	0.164527
9.70736e-11	0.162892
9.70917e-11	0.16126
9.71098e-11	0.159628
9.71279e-11	0.157997
9.7146e-11	0.156368
9.71641e-11	0.154739
9.71822e-11	0.153112
9.72003e-11	0.151486
9.72184e-11	0.149861
9.72364e-11	0.148238
9.72545e-11	0.146616
9.72726e-11	0.144994
9.72907e-11	0.143374
9.73088e-11	0.141756
9.73269e-11	0.140138
9.7345e-11	0.138522
9.73631e-11	0.136907
9.73812e-11	0.135293
9.73993e-11	0.133681
9.74174e-11	0.13207
9.74355e-11	0.13046
9.74536e-11	0.128851
9.74717e-11	0.127244
9.74898e-11	0.125638
9.75079e-11	0.124033
9.7526e-11	0.12243
9.75441e-11	0.120828
9.75622e-11	0.119228
9.75803e-11	0.117628
9.75984e-11	0.116031
9.76165e-11	0.114434
9.76345e-11	0.112839
9.76526e-11	0.111245
9.76707e-11	0.109653
9.76888e-11	0.108062
9.77069e-11	0.106473
9.7725e-11	0.104885
9.77431e-11	0.103299
9.77612e-11	0.101713
9.77793e-11	0.10013
9.77974e-11	0.0985477
9.78155e-11	0.096967
9.78336e-11	0.0953878
9.78517e-11	0.0938101
9.78698e-11	0.0922339
9.78879e-11	0.0906592
9.7906e-11	0.0890861
9.79241e-11	0.0875144
9.79422e-11	0.0859443
9.79603e-11	0.0843758
9.79784e-11	0.0828088
9.79965e-11	0.0812433
9.80146e-11	0.0796795
9.80327e-11	0.0781172
9.80507e-11	0.0765565
9.80688e-11	0.0749974
9.80869e-11	0.0734398
9.8105e-11	0.0718839
9.81231e-11	0.0703297
9.81412e-11	0.068777
9.81593e-11	0.067226
9.81774e-11	0.0656766
9.81955e-11	0.0641289
9.82136e-11	0.0625828
9.82317e-11	0.0610384
9.82498e-11	0.0594957
9.82679e-11	0.0579546
9.8286e-11	0.0564153
9.83041e-11	0.0548776
9.83222e-11	0.0533417
9.83403e-11	0.0518074
9.83584e-11	0.0502749
9.83765e-11	0.0487442
9.83946e-11	0.0472151
9.84127e-11	0.0456878
9.84308e-11	0.0441623
9.84488e-11	0.0426385
9.84669e-11	0.0411165
9.8485e-11	0.0395963
9.85031e-11	0.0380778
9.85212e-11	0.0365612
9.85393e-11	0.0350464
9.85574e-11	0.0335333
9.85755e-11	0.0320221
9.85936e-11	0.0305127
9.86117e-11	0.0290051
9.86298e-11	0.0274994
9.86479e-11	0.0259955
9.8666e-11	0.0244935
9.86841e-11	0.0229933
9.87022e-11	0.0214951
9.87203e-11	0.0199986
9.87384e-11	0.0185041
9.87565e-11	0.0170115
9.87746e-11	0.0155207
9.87927e-11	0.0140319
9.88108e-11	0.012545
9.88289e-11	0.01106
9.8847e-11	0.0095769
9.8865e-11	0.00809577
9.88831e-11	0.00661658
9.89012e-11	0.00513934
9.89193e-11	0.00366406
9.89374e-11	0.00219074
9.89555e-11	0.000719394
9.89736e-11	-0.000749972
9.89917e-11	-0.00221735
9.90098e-11	-0.00368274
9.90279e-11	-0.00514612
9.9046e-11	-0.0066075
9.90641e-11	-0.00806686
9.90822e-11	-0.00952421
9.91003e-11	-0.0109795
9.91184e-11	-0.0124328
9.91365e-11	-0.013884
9.91546e-11	-0.0153332
9.91727e-11	-0.0167803
9.91908e-11	-0.0182254
9.92089e-11	-0.0196684
9.9227e-11	-0.0211093
9.92451e-11	-0.0225481
9.92631e-11	-0.0239849
9.92812e-11	-0.0254195
9.92993e-11	-0.0268521
9.93174e-11	-0.0282825
9.93355e-11	-0.0297108
9.93536e-11	-0.031137
9.93717e-11	-0.0325611
9.93898e-11	-0.033983
9.94079e-11	-0.0354028
9.9426e-11	-0.0368204
9.94441e-11	-0.0382358
9.94622e-11	-0.0396491
9.94803e-11	-0.0410603
9.94984e-11	-0.0424692
9.95165e-11	-0.043876
9.95346e-11	-0.0452806
9.95527e-11	-0.046683
9.95708e-11	-0.0480831
9.95889e-11	-0.0494811
9.9607e-11	-0.0508769
9.96251e-11	-0.0522704
9.96432e-11	-0.0536617
9.96613e-11	-0.0550508
9.96793e-11	-0.0564376
9.96974e-11	-0.0578222
9.97155e-11	-0.0592045
9.97336e-11	-0.0605846
9.97517e-11	-0.0619624
9.97698e-11	-0.063338
9.97879e-11	-0.0647112
9.9806e-11	-0.0660822
9.98241e-11	-0.0674509
9.98422e-11	-0.0688173
9.98603e-11	-0.0701814
9.98784e-11	-0.0715432
9.98965e-11	-0.0729026
9.99146e-11	-0.0742598
9.99327e-11	-0.0756146
9.99508e-11	-0.0769671
9.99689e-11	-0.0783172
9.9987e-11	-0.0796651
1.00005e-10	-0.0810105
1.00023e-10	-0.0823536
1.00041e-10	-0.0836944
1.00059e-10	-0.0850328
1.00077e-10	-0.0863688
1.00096e-10	-0.0877024
1.00114e-10	-0.0890337
1.00132e-10	-0.0903625
1.0015e-10	-0.091689
1.00168e-10	-0.0930131
1.00186e-10	-0.0943347
1.00204e-10	-0.095654
1.00222e-10	-0.0969708
1.0024e-10	-0.0982852
1.00258e-10	-0.0995972
1.00277e-10	-0.100907
1.00295e-10	-0.102214
1.00313e-10	-0.103519
1.00331e-10	-0.104821
1.00349e-10	-0.106121
1.00367e-10	-0.107418
1.00385e-10	-0.108713
1.00403e-10	-0.110005
1.00421e-10	-0.111295
1.00439e-10	-0.112582
1.00457e-10	-0.113867
1.00476e-10	-0.11515
1.00494e-10	-0.11643
1.00512e-10	-0.117707
1.0053e-10	-0.118982
1.00548e-10	-0.120255
1.00566e-10	-0.121524
1.00584e-10	-0.122792
1.00602e-10	-0.124057
1.0062e-10	-0.125319
1.00638e-10	-0.126579
1.00657e-10	-0.127836
1.00675e-10	-0.129091
1.00693e-10	-0.130343
1.00711e-10	-0.131593
1.00729e-10	-0.13284
1.00747e-10	-0.134084
1.00765e-10	-0.135326
1.00783e-10	-0.136565
1.00801e-10	-0.137802
1.00819e-10	-0.139036
1.00837e-10	-0.140268
1.00856e-10	-0.141497
1.00874e-10	-0.142723
1.00892e-10	-0.143947
1.0091e-10	-0.145168
1.00928e-10	-0.146387
1.00946e-10	-0.147603
1.00964e-10	-0.148816
1.00982e-10	-0.150027
1.01e-10	-0.151235
1.01018e-10	-0.15244
1.01037e-10	-0.153643
1.01055e-10	-0.154843
1.01073e-10	-0.156041
1.01091e-10	-0.157236
1.01109e-10	-0.158428
1.01127e-10	-0.159617
1.01145e-10	-0.160804
1.01163e-10	-0.161988
1.01181e-10	-0.16317
1.01199e-10	-0.164349
1.01217e-10	-0.165525
1.01236e-10	-0.166699
1.01254e-10	-0.167869
1.01272e-10	-0.169037
1.0129e-10	-0.170203
1.01308e-10	-0.171366
1.01326e-10	-0.172526
1.01344e-10	-0.173683
1.01362e-10	-0.174838
1.0138e-10	-0.175989
1.01398e-10	-0.177139
1.01417e-10	-0.178285
1.01435e-10	-0.179429
1.01453e-10	-0.18057
1.01471e-10	-0.181708
1.01489e-10	-0.182844
1.01507e-10	-0.183976
1.01525e-10	-0.185106
1.01543e-10	-0.186234
1.01561e-10	-0.187358
1.01579e-10	-0.18848
1.01597e-10	-0.189599
1.01616e-10	-0.190715
1.01634e-10	-0.191829
1.01652e-10	-0.192939
1.0167e-10	-0.194047
1.01688e-10	-0.195152
1.01706e-10	-0.196255
1.01724e-10	-0.197354
1.01742e-10	-0.198451
1.0176e-10	-0.199545
1.01778e-10	-0.200636
1.01797e-10	-0.201725
1.01815e-10	-0.20281
1.01833e-10	-0.203893
1.01851e-10	-0.204973
1.01869e-10	-0.20605
1.01887e-10	-0.207125
1.01905e-10	-0.208196
1.01923e-10	-0.209265
1.01941e-10	-0.210331
1.01959e-10	-0.211394
1.01977e-10	-0.212454
1.01996e-10	-0.213512
1.02014e-10	-0.214566
1.02032e-10	-0.215618
1.0205e-10	-0.216667
1.02068e-10	-0.217713
1.02086e-10	-0.218756
1.02104e-10	-0.219797
1.02122e-10	-0.220834
1.0214e-10	-0.221869
1.02158e-10	-0.222901
1.02177e-10	-0.22393
1.02195e-10	-0.224956
1.02213e-10	-0.225979
1.02231e-10	-0.226999
1.02249e-10	-0.228017
1.02267e-10	-0.229032
1.02285e-10	-0.230043
1.02303e-10	-0.231052
1.02321e-10	-0.232058
1.02339e-10	-0.233061
1.02357e-10	-0.234061
1.02376e-10	-0.235059
1.02394e-10	-0.236053
1.02412e-10	-0.237045
1.0243e-10	-0.238033
1.02448e-10	-0.239019
1.02466e-10	-0.240002
1.02484e-10	-0.240982
1.02502e-10	-0.241959
1.0252e-10	-0.242933
1.02538e-10	-0.243904
1.02557e-10	-0.244872
1.02575e-10	-0.245838
1.02593e-10	-0.2468
1.02611e-10	-0.24776
1.02629e-10	-0.248717
1.02647e-10	-0.24967
1.02665e-10	-0.250621
1.02683e-10	-0.251569
1.02701e-10	-0.252514
1.02719e-10	-0.253456
1.02737e-10	-0.254395
1.02756e-10	-0.255331
1.02774e-10	-0.256264
1.02792e-10	-0.257194
1.0281e-10	-0.258122
1.02828e-10	-0.259046
1.02846e-10	-0.259968
1.02864e-10	-0.260886
1.02882e-10	-0.261802
1.029e-10	-0.262714
1.02918e-10	-0.263624
1.02937e-10	-0.26453
1.02955e-10	-0.265434
1.02973e-10	-0.266335
1.02991e-10	-0.267233
1.03009e-10	-0.268128
1.03027e-10	-0.26902
1.03045e-10	-0.269909
1.03063e-10	-0.270795
1.03081e-10	-0.271678
1.03099e-10	-0.272558
1.03118e-10	-0.273435
1.03136e-10	-0.274309
1.03154e-10	-0.27518
1.03172e-10	-0.276048
1.0319e-10	-0.276913
1.03208e-10	-0.277776
1.03226e-10	-0.278635
1.03244e-10	-0.279491
1.03262e-10	-0.280344
1.0328e-10	-0.281195
1.03298e-10	-0.282042
1.03317e-10	-0.282886
1.03335e-10	-0.283728
1.03353e-10	-0.284566
1.03371e-10	-0.285402
1.03389e-10	-0.286234
1.03407e-10	-0.287063
1.03425e-10	-0.28789
1.03443e-10	-0.288713
1.03461e-10	-0.289534
1.03479e-10	-0.290351
1.03498e-10	-0.291166
1.03516e-10	-0.291977
1.03534e-10	-0.292786
1.03552e-10	-0.293591
1.0357e-10	-0.294394
1.03588e-10	-0.295193
1.03606e-10	-0.29599
1.03624e-10	-0.296783
1.03642e-10	-0.297574
1.0366e-10	-0.298362
1.03678e-10	-0.299146
1.03697e-10	-0.299928
1.03715e-10	-0.300706
1.03733e-10	-0.301482
1.03751e-10	-0.302254
1.03769e-10	-0.303024
1.03787e-10	-0.30379
1.03805e-10	-0.304554
1.03823e-10	-0.305314
1.03841e-10	-0.306072
1.03859e-10	-0.306827
1.03878e-10	-0.307578
1.03896e-10	-0.308327
1.03914e-10	-0.309072
1.03932e-10	-0.309815
1.0395e-10	-0.310554
1.03968e-10	-0.311291
1.03986e-10	-0.312024
1.04004e-10	-0.312755
1.04022e-10	-0.313482
1.0404e-10	-0.314207
1.04058e-10	-0.314928
1.04077e-10	-0.315647
1.04095e-10	-0.316362
1.04113e-10	-0.317075
1.04131e-10	-0.317784
1.04149e-10	-0.31849
1.04167e-10	-0.319194
1.04185e-10	-0.319894
1.04203e-10	-0.320592
1.04221e-10	-0.321286
1.04239e-10	-0.321978
1.04258e-10	-0.322666
1.04276e-10	-0.323351
1.04294e-10	-0.324034
1.04312e-10	-0.324713
1.0433e-10	-0.32539
1.04348e-10	-0.326063
1.04366e-10	-0.326733
1.04384e-10	-0.327401
1.04402e-10	-0.328065
1.0442e-10	-0.328726
1.04438e-10	-0.329385
1.04457e-10	-0.33004
1.04475e-10	-0.330693
1.04493e-10	-0.331342
1.04511e-10	-0.331988
1.04529e-10	-0.332632
1.04547e-10	-0.333272
1.04565e-10	-0.333909
1.04583e-10	-0.334544
1.04601e-10	-0.335175
1.04619e-10	-0.335803
1.04638e-10	-0.336429
1.04656e-10	-0.337051
1.04674e-10	-0.337671
1.04692e-10	-0.338287
1.0471e-10	-0.3389
1.04728e-10	-0.339511
1.04746e-10	-0.340118
1.04764e-10	-0.340723
1.04782e-10	-0.341324
1.048e-10	-0.341922
1.04818e-10	-0.342518
1.04837e-10	-0.34311
1.04855e-10	-0.3437
1.04873e-10	-0.344286
1.04891e-10	-0.34487
1.04909e-10	-0.34545
1.04927e-10	-0.346028
1.04945e-10	-0.346602
1.04963e-10	-0.347174
1.04981e-10	-0.347742
1.04999e-10	-0.348308
1.05018e-10	-0.34887
1.05036e-10	-0.34943
1.05054e-10	-0.349987
1.05072e-10	-0.35054
1.0509e-10	-0.351091
1.05108e-10	-0.351639
1.05126e-10	-0.352184
1.05144e-10	-0.352725
1.05162e-10	-0.353264
1.0518e-10	-0.3538
1.05198e-10	-0.354333
1.05217e-10	-0.354863
1.05235e-10	-0.35539
1.05253e-10	-0.355914
1.05271e-10	-0.356435
1.05289e-10	-0.356953
1.05307e-10	-0.357468
1.05325e-10	-0.35798
1.05343e-10	-0.358489
1.05361e-10	-0.358995
1.05379e-10	-0.359499
1.05398e-10	-0.359999
1.05416e-10	-0.360496
1.05434e-10	-0.360991
1.05452e-10	-0.361482
1.0547e-10	-0.361971
1.05488e-10	-0.362456
1.05506e-10	-0.362939
1.05524e-10	-0.363419
1.05542e-10	-0.363896
1.0556e-10	-0.364369
1.05578e-10	-0.36484
1.05597e-10	-0.365308
1.05615e-10	-0.365773
1.05633e-10	-0.366235
1.05651e-10	-0.366695
1.05669e-10	-0.367151
1.05687e-10	-0.367604
1.05705e-10	-0.368055
1.05723e-10	-0.368502
1.05741e-10	-0.368947
1.05759e-10	-0.369388
1.05778e-10	-0.369827
1.05796e-10	-0.370263
1.05814e-10	-0.370696
1.05832e-10	-0.371126
1.0585e-10	-0.371553
1.05868e-10	-0.371977
1.05886e-10	-0.372398
1.05904e-10	-0.372817
1.05922e-10	-0.373232
1.0594e-10	-0.373645
1.05959e-10	-0.374054
1.05977e-10	-0.374461
1.05995e-10	-0.374865
1.06013e-10	-0.375266
1.06031e-10	-0.375664
1.06049e-10	-0.37606
1.06067e-10	-0.376452
1.06085e-10	-0.376841
1.06103e-10	-0.377228
1.06121e-10	-0.377612
1.06139e-10	-0.377993
1.06158e-10	-0.378371
1.06176e-10	-0.378746
1.06194e-10	-0.379118
1.06212e-10	-0.379488
1.0623e-10	-0.379854
1.06248e-10	-0.380218
1.06266e-10	-0.380579
1.06284e-10	-0.380937
1.06302e-10	-0.381292
1.0632e-10	-0.381644
1.06339e-10	-0.381994
1.06357e-10	-0.38234
1.06375e-10	-0.382684
1.06393e-10	-0.383025
1.06411e-10	-0.383363
1.06429e-10	-0.383698
1.06447e-10	-0.384031
1.06465e-10	-0.38436
1.06483e-10	-0.384687
1.06501e-10	-0.385011
1.06519e-10	-0.385332
1.06538e-10	-0.385651
1.06556e-10	-0.385966
1.06574e-10	-0.386279
1.06592e-10	-0.386589
1.0661e-10	-0.386896
1.06628e-10	-0.3872
1.06646e-10	-0.387502
1.06664e-10	-0.387801
1.06682e-10	-0.388097
1.067e-10	-0.38839
1.06719e-10	-0.38868
1.06737e-10	-0.388968
1.06755e-10	-0.389252
1.06773e-10	-0.389534
1.06791e-10	-0.389814
1.06809e-10	-0.39009
1.06827e-10	-0.390364
1.06845e-10	-0.390635
1.06863e-10	-0.390903
1.06881e-10	-0.391168
1.06899e-10	-0.391431
1.06918e-10	-0.391691
1.06936e-10	-0.391948
1.06954e-10	-0.392203
1.06972e-10	-0.392454
1.0699e-10	-0.392703
1.07008e-10	-0.392949
1.07026e-10	-0.393193
1.07044e-10	-0.393434
1.07062e-10	-0.393672
1.0708e-10	-0.393907
1.07099e-10	-0.39414
1.07117e-10	-0.394369
1.07135e-10	-0.394597
1.07153e-10	-0.394821
1.07171e-10	-0.395043
1.07189e-10	-0.395262
1.07207e-10	-0.395478
1.07225e-10	-0.395692
1.07243e-10	-0.395903
1.07261e-10	-0.396111
1.07279e-10	-0.396316
1.07298e-10	-0.396519
1.07316e-10	-0.396719
1.07334e-10	-0.396917
1.07352e-10	-0.397112
1.0737e-10	-0.397304
1.07388e-10	-0.397493
1.07406e-10	-0.39768
1.07424e-10	-0.397864
1.07442e-10	-0.398046
1.0746e-10	-0.398225
1.07479e-10	-0.398401
1.07497e-10	-0.398575
1.07515e-10	-0.398746
1.07533e-10	-0.398914
1.07551e-10	-0.39908
1.07569e-10	-0.399243
1.07587e-10	-0.399403
1.07605e-10	-0.399561
1.07623e-10	-0.399716
1.07641e-10	-0.399868
1.07659e-10	-0.400018
1.07678e-10	-0.400166
1.07696e-10	-0.400311
1.07714e-10	-0.400453
1.07732e-10	-0.400592
1.0775e-10	-0.400729
1.07768e-10	-0.400864
1.07786e-10	-0.400995
1.07804e-10	-0.401125
1.07822e-10	-0.401251
1.0784e-10	-0.401375
1.07859e-10	-0.401497
1.07877e-10	-0.401616
1.07895e-10	-0.401732
1.07913e-10	-0.401846
1.07931e-10	-0.401957
1.07949e-10	-0.402066
1.07967e-10	-0.402172
1.07985e-10	-0.402276
1.08003e-10	-0.402377
1.08021e-10	-0.402475
1.08039e-10	-0.402571
1.08058e-10	-0.402665
1.08076e-10	-0.402756
1.08094e-10	-0.402844
1.08112e-10	-0.40293
1.0813e-10	-0.403014
1.08148e-10	-0.403095
1.08166e-10	-0.403173
1.08184e-10	-0.403249
1.08202e-10	-0.403322
1.0822e-10	-0.403393
1.08239e-10	-0.403462
1.08257e-10	-0.403528
1.08275e-10	-0.403591
1.08293e-10	-0.403652
1.08311e-10	-0.403711
1.08329e-10	-0.403767
1.08347e-10	-0.403821
1.08365e-10	-0.403872
1.08383e-10	-0.403921
1.08401e-10	-0.403967
1.08419e-10	-0.404011
1.08438e-10	-0.404053
1.08456e-10	-0.404092
1.08474e-10	-0.404128
1.08492e-10	-0.404162
1.0851e-10	-0.404194
1.08528e-10	-0.404223
1.08546e-10	-0.40425
1.08564e-10	-0.404275
1.08582e-10	-0.404297
1.086e-10	-0.404317
1.08619e-10	-0.404334
1.08637e-10	-0.404349
1.08655e-10	-0.404362
1.08673e-10	-0.404372
1.08691e-10	-0.40438
1.08709e-10	-0.404385
1.08727e-10	-0.404388
1.08745e-10	-0.404389
1.08763e-10	-0.404387
1.08781e-10	-0.404383
1.088e-10	-0.404377
1.08818e-10	-0.404368
1.08836e-10	-0.404357
1.08854e-10	-0.404344
1.08872e-10	-0.404328
1.0889e-10	-0.40431
1.08908e-10	-0.40429
1.08926e-10	-0.404267
1.08944e-10	-0.404242
1.08962e-10	-0.404215
1.0898e-10	-0.404185
1.08999e-10	-0.404154
1.09017e-10	-0.40412
1.09035e-10	-0.404083
1.09053e-10	-0.404044
1.09071e-10	-0.404003
1.09089e-10	-0.40396
1.09107e-10	-0.403915
1.09125e-10	-0.403867
1.09143e-10	-0.403817
1.09161e-10	-0.403765
1.0918e-10	-0.40371
1.09198e-10	-0.403653
1.09216e-10	-0.403594
1.09234e-10	-0.403533
1.09252e-10	-0.403469
1.0927e-10	-0.403404
1.09288e-10	-0.403336
1.09306e-10	-0.403266
1.09324e-10	-0.403193
1.09342e-10	-0.403119
1.0936e-10	-0.403042
1.09379e-10	-0.402963
1.09397e-10	-0.402882
1.09415e-10	-0.402798
1.09433e-10	-0.402713
1.09451e-10	-0.402625
1.09469e-10	-0.402535
1.09487e-10	-0.402443
1.09505e-10	-0.402349
1.09523e-10	-0.402253
1.09541e-10	-0.402154
1.0956e-10	-0.402054
1.09578e-10	-0.401951
1.09596e-10	-0.401846
1.09614e-10	-0.401739
1.09632e-10	-0.40163
1.0965e-10	-0.401518
1.09668e-10	-0.401405
1.09686e-10	-0.401289
1.09704e-10	-0.401172
1.09722e-10	-0.401052
1.0974e-10	-0.40093
1.09759e-10	-0.400806
1.09777e-10	-0.40068
1.09795e-10	-0.400552
1.09813e-10	-0.400422
1.09831e-10	-0.40029
1.09849e-10	-0.400155
1.09867e-10	-0.400019
1.09885e-10	-0.399881
1.09903e-10	-0.39974
1.09921e-10	-0.399598
1.0994e-10	-0.399453
1.09958e-10	-0.399307
1.09976e-10	-0.399158
1.09994e-10	-0.399007
1.10012e-10	-0.398855
1.1003e-10	-0.3987
1.10048e-10	-0.398543
1.10066e-10	-0.398384
1.10084e-10	-0.398224
1.10102e-10	-0.398061
1.1012e-10	-0.397896
1.10139e-10	-0.39773
1.10157e-10	-0.397561
1.10175e-10	-0.39739
1.10193e-10	-0.397218
1.10211e-10	-0.397043
1.10229e-10	-0.396867
1.10247e-10	-0.396688
1.10265e-10	-0.396508
1.10283e-10	-0.396326
1.10301e-10	-0.396141
1.1032e-10	-0.395955
1.10338e-10	-0.395767
1.10356e-10	-0.395577
1.10374e-10	-0.395385
1.10392e-10	-0.395191
1.1041e-10	-0.394995
1.10428e-10	-0.394797
1.10446e-10	-0.394598
1.10464e-10	-0.394396
1.10482e-10	-0.394193
1.105e-10	-0.393988
1.10519e-10	-0.393781
1.10537e-10	-0.393572
1.10555e-10	-0.393361
1.10573e-10	-0.393148
1.10591e-10	-0.392933
1.10609e-10	-0.392717
1.10627e-10	-0.392499
1.10645e-10	-0.392279
1.10663e-10	-0.392057
1.10681e-10	-0.391833
1.107e-10	-0.391608
1.10718e-10	-0.39138
1.10736e-10	-0.391151
1.10754e-10	-0.39092
1.10772e-10	-0.390687
1.1079e-10	-0.390453
1.10808e-10	-0.390216
1.10826e-10	-0.389978
1.10844e-10	-0.389738
1.10862e-10	-0.389496
1.1088e-10	-0.389253
1.10899e-10	-0.389008
1.10917e-10	-0.388761
1.10935e-10	-0.388512
1.10953e-10	-0.388261
1.10971e-10	-0.388009
1.10989e-10	-0.387755
1.11007e-10	-0.3875
1.11025e-10	-0.387242
1.11043e-10	-0.386983
1.11061e-10	-0.386722
1.1108e-10	-0.38646
1.11098e-10	-0.386195
1.11116e-10	-0.385929
1.11134e-10	-0.385662
1.11152e-10	-0.385392
1.1117e-10	-0.385121
1.11188e-10	-0.384849
1.11206e-10	-0.384574
1.11224e-10	-0.384298
1.11242e-10	-0.384021
1.11261e-10	-0.383741
1.11279e-10	-0.38346
1.11297e-10	-0.383178
1.11315e-10	-0.382894
1.11333e-10	-0.382608
1.11351e-10	-0.38232
1.11369e-10	-0.382031
1.11387e-10	-0.38174
1.11405e-10	-0.381448
1.11423e-10	-0.381154
1.11441e-10	-0.380859
1.1146e-10	-0.380561
1.11478e-10	-0.380263
1.11496e-10	-0.379962
1.11514e-10	-0.379661
1.11532e-10	-0.379357
1.1155e-10	-0.379052
1.11568e-10	-0.378745
1.11586e-10	-0.378437
1.11604e-10	-0.378128
1.11622e-10	-0.377816
1.11641e-10	-0.377504
1.11659e-10	-0.377189
1.11677e-10	-0.376874
1.11695e-10	-0.376556
1.11713e-10	-0.376237
1.11731e-10	-0.375917
1.11749e-10	-0.375595
1.11767e-10	-0.375272
1.11785e-10	-0.374947
1.11803e-10	-0.374621
1.11821e-10	-0.374293
1.1184e-10	-0.373964
1.11858e-10	-0.373633
1.11876e-10	-0.3733
1.11894e-10	-0.372967
1.11912e-10	-0.372632
1.1193e-10	-0.372295
1.11948e-10	-0.371957
1.11966e-10	-0.371617
1.11984e-10	-0.371277
1.12002e-10	-0.370934
1.12021e-10	-0.37059
1.12039e-10	-0.370245
1.12057e-10	-0.369899
1.12075e-10	-0.369551
1.12093e-10	-0.369201
1.12111e-10	-0.36885
1.12129e-10	-0.368498
1.12147e-10	-0.368145
1.12165e-10	-0.36779
1.12183e-10	-0.367434
1.12201e-10	-0.367076
1.1222e-10	-0.366717
1.12238e-10	-0.366356
1.12256e-10	-0.365995
1.12274e-10	-0.365632
1.12292e-10	-0.365267
1.1231e-10	-0.364901
1.12328e-10	-0.364534
1.12346e-10	-0.364166
1.12364e-10	-0.363796
1.12382e-10	-0.363425
1.12401e-10	-0.363053
1.12419e-10	-0.362679
1.12437e-10	-0.362304
1.12455e-10	-0.361928
1.12473e-10	-0.361551
1.12491e-10	-0.361172
1.12509e-10	-0.360792
1.12527e-10	-0.36041
1.12545e-10	-0.360028
1.12563e-10	-0.359644
1.12581e-10	-0.359259
1.126e-10	-0.358873
1.12618e-10	-0.358485
1.12636e-10	-0.358096
1.12654e-10	-0.357706
1.12672e-10	-0.357315
1.1269e-10	-0.356922
1.12708e-10	-0.356529
1.12726e-10	-0.356134
1.12744e-10	-0.355738
1.12762e-10	-0.35534
1.12781e-10	-0.354942
1.12799e-10	-0.354542
1.12817e-10	-0.354141
1.12835e-10	-0.353739
1.12853e-10	-0.353336
1.12871e-10	-0.352932
1.12889e-10	-0.352526
1.12907e-10	-0.35212
1.12925e-10	-0.351712
1.12943e-10	-0.351303
1.12961e-10	-0.350893
1.1298e-10	-0.350482
1.12998e-10	-0.350069
1.13016e-10	-0.349656
1.13034e-10	-0.349241
1.13052e-10	-0.348826
1.1307e-10	-0.348409
1.13088e-10	-0.347991
1.13106e-10	-0.347572
1.13124e-10	-0.347152
1.13142e-10	-0.346731
1.13161e-10	-0.346309
1.13179e-10	-0.345886
1.13197e-10	-0.345461
1.13215e-10	-0.345036
1.13233e-10	-0.344609
1.13251e-10	-0.344182
1.13269e-10	-0.343753
1.13287e-10	-0.343324
1.13305e-10	-0.342893
1.13323e-10	-0.342462
1.13341e-10	-0.342029
1.1336e-10	-0.341595
1.13378e-10	-0.341161
1.13396e-10	-0.340725
1.13414e-10	-0.340288
1.13432e-10	-0.339851
1.1345e-10	-0.339412
1.13468e-10	-0.338972
1.13486e-10	-0.338532
1.13504e-10	-0.33809
1.13522e-10	-0.337648
1.13541e-10	-0.337204
1.13559e-10	-0.33676
1.13577e-10	-0.336314
1.13595e-10	-0.335868
1.13613e-10	-0.335421
1.13631e-10	-0.334973
1.13649e-10	-0.334523
1.13667e-10	-0.334073
1.13685e-10	-0.333622
1.13703e-10	-0.33317
1.13721e-10	-0.332718
1.1374e-10	-0.332264
1.13758e-10	-0.331809
1.13776e-10	-0.331354
1.13794e-10	-0.330897
1.13812e-10	-0.33044
1.1383e-10	-0.329982
1.13848e-10	-0.329523
1.13866e-10	-0.329063
1.13884e-10	-0.328602
1.13902e-10	-0.328141
1.13921e-10	-0.327678
1.13939e-10	-0.327215
1.13957e-10	-0.326751
1.13975e-10	-0.326286
1.13993e-10	-0.32582
1.14011e-10	-0.325353
1.14029e-10	-0.324886
1.14047e-10	-0.324418
1.14065e-10	-0.323949
1.14083e-10	-0.323479
1.14102e-10	-0.323008
1.1412e-10	-0.322537
1.14138e-10	-0.322065
1.14156e-10	-0.321592
1.14174e-10	-0.321118
1.14192e-10	-0.320643
1.1421e-10	-0.320168
1.14228e-10	-0.319692
1.14246e-10	-0.319215
1.14264e-10	-0.318738
1.14282e-10	-0.318259
1.14301e-10	-0.31778
1.14319e-10	-0.3173
1.14337e-10	-0.31682
1.14355e-10	-0.316339
1.14373e-10	-0.315857
1.14391e-10	-0.315374
1.14409e-10	-0.314891
1.14427e-10	-0.314407
1.14445e-10	-0.313922
1.14463e-10	-0.313436
1.14482e-10	-0.31295
1.145e-10	-0.312463
1.14518e-10	-0.311976
1.14536e-10	-0.311488
1.14554e-10	-0.310999
1.14572e-10	-0.310509
1.1459e-10	-0.310019
1.14608e-10	-0.309528
1.14626e-10	-0.309037
1.14644e-10	-0.308545
1.14662e-10	-0.308052
1.14681e-10	-0.307559
1.14699e-10	-0.307065
1.14717e-10	-0.30657
1.14735e-10	-0.306075
1.14753e-10	-0.305579
1.14771e-10	-0.305083
1.14789e-10	-0.304586
1.14807e-10	-0.304088
1.14825e-10	-0.30359
1.14843e-10	-0.303091
1.14862e-10	-0.302592
1.1488e-10	-0.302092
1.14898e-10	-0.301591
1.14916e-10	-0.30109
1.14934e-10	-0.300588
1.14952e-10	-0.300086
1.1497e-10	-0.299583
1.14988e-10	-0.29908
1.15006e-10	-0.298576
1.15024e-10	-0.298072
1.15042e-10	-0.297567
1.15061e-10	-0.297062
1.15079e-10	-0.296556
1.15097e-10	-0.296049
1.15115e-10	-0.295542
1.15133e-10	-0.295035
1.15151e-10	-0.294527
1.15169e-10	-0.294018
1.15187e-10	-0.293509
1.15205e-10	-0.293
1.15223e-10	-0.29249
1.15242e-10	-0.291979
1.1526e-10	-0.291468
1.15278e-10	-0.290957
1.15296e-10	-0.290445
1.15314e-10	-0.289933
1.15332e-10	-0.28942
1.1535e-10	-0.288907
1.15368e-10	-0.288393
1.15386e-10	-0.287879
1.15404e-10	-0.287365
1.15422e-10	-0.28685
1.15441e-10	-0.286335
1.15459e-10	-0.285819
1.15477e-10	-0.285303
1.15495e-10	-0.284786
1.15513e-10	-0.284269
1.15531e-10	-0.283752
1.15549e-10	-0.283234
1.15567e-10	-0.282716
1.15585e-10	-0.282197
1.15603e-10	-0.281678
1.15622e-10	-0.281159
1.1564e-10	-0.280639
1.15658e-10	-0.280119
1.15676e-10	-0.279599
1.15694e-10	-0.279078
1.15712e-10	-0.278557
1.1573e-10	-0.278035
1.15748e-10	-0.277514
1.15766e-10	-0.276992
1.15784e-10	-0.276469
1.15802e-10	-0.275946
1.15821e-10	-0.275423
1.15839e-10	-0.2749
1.15857e-10	-0.274376
1.15875e-10	-0.273852
1.15893e-10	-0.273327
1.15911e-10	-0.272803
1.15929e-10	-0.272278
1.15947e-10	-0.271752
1.15965e-10	-0.271227
1.15983e-10	-0.270701
1.16002e-10	-0.270175
1.1602e-10	-0.269649
1.16038e-10	-0.269122
1.16056e-10	-0.268595
1.16074e-10	-0.268068
1.16092e-10	-0.26754
1.1611e-10	-0.267013
1.16128e-10	-0.266485
1.16146e-10	-0.265956
1.16164e-10	-0.265428
1.16182e-10	-0.264899
1.16201e-10	-0.264371
1.16219e-10	-0.263841
1.16237e-10	-0.263312
1.16255e-10	-0.262783
1.16273e-10	-0.262253
1.16291e-10	-0.261723
1.16309e-10	-0.261193
1.16327e-10	-0.260662
1.16345e-10	-0.260132
1.16363e-10	-0.259601
1.16382e-10	-0.25907
1.164e-10	-0.258539
1.16418e-10	-0.258008
1.16436e-10	-0.257476
1.16454e-10	-0.256945
1.16472e-10	-0.256413
1.1649e-10	-0.255881
1.16508e-10	-0.255349
1.16526e-10	-0.254816
1.16544e-10	-0.254284
1.16562e-10	-0.253751
1.16581e-10	-0.253219
1.16599e-10	-0.252686
1.16617e-10	-0.252153
1.16635e-10	-0.25162
1.16653e-10	-0.251087
1.16671e-10	-0.250553
1.16689e-10	-0.25002
1.16707e-10	-0.249487
1.16725e-10	-0.248953
1.16743e-10	-0.248419
1.16762e-10	-0.247885
1.1678e-10	-0.247351
1.16798e-10	-0.246817
1.16816e-10	-0.246283
1.16834e-10	-0.245749
1.16852e-10	-0.245215
1.1687e-10	-0.244681
1.16888e-10	-0.244146
1.16906e-10	-0.243612
1.16924e-10	-0.243077
1.16943e-10	-0.242543
1.16961e-10	-0.242008
1.16979e-10	-0.241474
1.16997e-10	-0.240939
1.17015e-10	-0.240404
1.17033e-10	-0.239869
1.17051e-10	-0.239335
1.17069e-10	-0.2388
1.17087e-10	-0.238265
1.17105e-10	-0.23773
1.17123e-10	-0.237195
1.17142e-10	-0.23666
1.1716e-10	-0.236126
1.17178e-10	-0.235591
1.17196e-10	-0.235056
1.17214e-10	-0.234521
1.17232e-10	-0.233986
1.1725e-10	-0.233451
1.17268e-10	-0.232916
1.17286e-10	-0.232382
1.17304e-10	-0.231847
1.17323e-10	-0.231312
1.17341e-10	-0.230777
1.17359e-10	-0.230243
1.17377e-10	-0.229708
1.17395e-10	-0.229173
1.17413e-10	-0.228639
1.17431e-10	-0.228104
1.17449e-10	-0.22757
1.17467e-10	-0.227036
1.17485e-10	-0.226501
1.17503e-10	-0.225967
1.17522e-10	-0.225433
1.1754e-10	-0.224899
1.17558e-10	-0.224365
1.17576e-10	-0.223831
1.17594e-10	-0.223297
1.17612e-10	-0.222763
1.1763e-10	-0.22223
1.17648e-10	-0.221696
1.17666e-10	-0.221163
1.17684e-10	-0.220629
1.17703e-10	-0.220096
1.17721e-10	-0.219563
1.17739e-10	-0.21903
1.17757e-10	-0.218497
1.17775e-10	-0.217964
1.17793e-10	-0.217432
1.17811e-10	-0.216899
1.17829e-10	-0.216367
1.17847e-10	-0.215835
1.17865e-10	-0.215303
1.17883e-10	-0.214771
1.17902e-10	-0.214239
1.1792e-10	-0.213707
1.17938e-10	-0.213176
1.17956e-10	-0.212644
1.17974e-10	-0.212113
1.17992e-10	-0.211582
1.1801e-10	-0.211051
1.18028e-10	-0.210521
1.18046e-10	-0.20999
1.18064e-10	-0.20946
1.18083e-10	-0.20893
1.18101e-10	-0.2084
1.18119e-10	-0.20787
1.18137e-10	-0.207341
1.18155e-10	-0.206811
1.18173e-10	-0.206282
1.18191e-10	-0.205753
1.18209e-10	-0.205225
1.18227e-10	-0.204696
1.18245e-10	-0.204168
1.18263e-10	-0.20364
1.18282e-10	-0.203112
1.183e-10	-0.202584
1.18318e-10	-0.202057
1.18336e-10	-0.20153
1.18354e-10	-0.201003
1.18372e-10	-0.200476
1.1839e-10	-0.19995
1.18408e-10	-0.199423
1.18426e-10	-0.198897
1.18444e-10	-0.198372
1.18463e-10	-0.197846
1.18481e-10	-0.197321
1.18499e-10	-0.196796
1.18517e-10	-0.196272
1.18535e-10	-0.195747
1.18553e-10	-0.195223
1.18571e-10	-0.194699
1.18589e-10	-0.194176
1.18607e-10	-0.193652
1.18625e-10	-0.193129
1.18643e-10	-0.192607
1.18662e-10	-0.192084
1.1868e-10	-0.191562
1.18698e-10	-0.19104
1.18716e-10	-0.190519
1.18734e-10	-0.189997
1.18752e-10	-0.189476
1.1877e-10	-0.188956
1.18788e-10	-0.188435
1.18806e-10	-0.187915
1.18824e-10	-0.187396
1.18843e-10	-0.186876
1.18861e-10	-0.186357
1.18879e-10	-0.185839
1.18897e-10	-0.18532
1.18915e-10	-0.184802
1.18933e-10	-0.184284
1.18951e-10	-0.183767
1.18969e-10	-0.18325
1.18987e-10	-0.182733
1.19005e-10	-0.182217
1.19023e-10	-0.181701
1.19042e-10	-0.181185
1.1906e-10	-0.18067
1.19078e-10	-0.180155
1.19096e-10	-0.179641
1.19114e-10	-0.179126
1.19132e-10	-0.178613
1.1915e-10	-0.178099
1.19168e-10	-0.177586
1.19186e-10	-0.177073
1.19204e-10	-0.176561
1.19223e-10	-0.176049
1.19241e-10	-0.175538
1.19259e-10	-0.175026
1.19277e-10	-0.174516
1.19295e-10	-0.174005
1.19313e-10	-0.173495
1.19331e-10	-0.172986
1.19349e-10	-0.172476
1.19367e-10	-0.171968
1.19385e-10	-0.171459
1.19403e-10	-0.170951
1.19422e-10	-0.170444
1.1944e-10	-0.169937
1.19458e-10	-0.16943
1.19476e-10	-0.168924
1.19494e-10	-0.168418
1.19512e-10	-0.167912
1.1953e-10	-0.167407
1.19548e-10	-0.166903
1.19566e-10	-0.166398
1.19584e-10	-0.165895
1.19603e-10	-0.165391
1.19621e-10	-0.164889
1.19639e-10	-0.164386
1.19657e-10	-0.163884
1.19675e-10	-0.163383
1.19693e-10	-0.162882
1.19711e-10	-0.162381
1.19729e-10	-0.161881
1.19747e-10	-0.161381
1.19765e-10	-0.160882
1.19784e-10	-0.160383
1.19802e-10	-0.159885
1.1982e-10	-0.159387
1.19838e-10	-0.15889
1.19856e-10	-0.158393
1.19874e-10	-0.157897
1.19892e-10	-0.157401
1.1991e-10	-0.156905
1.19928e-10	-0.15641
1.19946e-10	-0.155916
1.19964e-10	-0.155422
1.19983e-10	-0.154928
1.20001e-10	-0.154435
1.20019e-10	-0.153943
1.20037e-10	-0.153451
1.20055e-10	-0.152959
1.20073e-10	-0.152468
1.20091e-10	-0.151978
1.20109e-10	-0.151488
1.20127e-10	-0.150998
1.20145e-10	-0.150509
1.20164e-10	-0.150021
1.20182e-10	-0.149533
1.202e-10	-0.149045
1.20218e-10	-0.148559
1.20236e-10	-0.148072
1.20254e-10	-0.147586
1.20272e-10	-0.147101
1.2029e-10	-0.146616
1.20308e-10	-0.146132
1.20326e-10	-0.145648
1.20344e-10	-0.145165
1.20363e-10	-0.144682
1.20381e-10	-0.1442
1.20399e-10	-0.143719
1.20417e-10	-0.143238
1.20435e-10	-0.142757
1.20453e-10	-0.142277
1.20471e-10	-0.141798
1.20489e-10	-0.141319
1.20507e-10	-0.140841
1.20525e-10	-0.140363
1.20544e-10	-0.139886
1.20562e-10	-0.139409
1.2058e-10	-0.138933
1.20598e-10	-0.138458
1.20616e-10	-0.137983
1.20634e-10	-0.137509
1.20652e-10	-0.137035
1.2067e-10	-0.136562
1.20688e-10	-0.136089
1.20706e-10	-0.135617
1.20724e-10	-0.135146
1.20743e-10	-0.134675
1.20761e-10	-0.134204
1.20779e-10	-0.133735
1.20797e-10	-0.133266
1.20815e-10	-0.132797
1.20833e-10	-0.132329
1.20851e-10	-0.131862
1.20869e-10	-0.131395
1.20887e-10	-0.130929
1.20905e-10	-0.130463
1.20924e-10	-0.129998
1.20942e-10	-0.129534
1.2096e-10	-0.12907
1.20978e-10	-0.128607
1.20996e-10	-0.128145
1.21014e-10	-0.127683
1.21032e-10	-0.127221
1.2105e-10	-0.126761
1.21068e-10	-0.126301
1.21086e-10	-0.125841
1.21104e-10	-0.125382
1.21123e-10	-0.124924
1.21141e-10	-0.124466
1.21159e-10	-0.124009
1.21177e-10	-0.123553
1.21195e-10	-0.123097
1.21213e-10	-0.122642
1.21231e-10	-0.122188
1.21249e-10	-0.121734
1.21267e-10	-0.121281
1.21285e-10	-0.120828
1.21304e-10	-0.120376
1.21322e-10	-0.119925
1.2134e-10	-0.119474
1.21358e-10	-0.119024
1.21376e-10	-0.118575
1.21394e-10	-0.118126
1.21412e-10	-0.117678
1.2143e-10	-0.11723
1.21448e-10	-0.116784
1.21466e-10	-0.116337
1.21484e-10	-0.115892
1.21503e-10	-0.115447
1.21521e-10	-0.115003
1.21539e-10	-0.114559
1.21557e-10	-0.114117
1.21575e-10	-0.113674
1.21593e-10	-0.113233
1.21611e-10	-0.112792
1.21629e-10	-0.112352
1.21647e-10	-0.111912
1.21665e-10	-0.111473
1.21684e-10	-0.111035
1.21702e-10	-0.110597
1.2172e-10	-0.11016
1.21738e-10	-0.109724
1.21756e-10	-0.109289
1.21774e-10	-0.108854
1.21792e-10	-0.10842
1.2181e-10	-0.107986
1.21828e-10	-0.107553
1.21846e-10	-0.107121
1.21864e-10	-0.10669
1.21883e-10	-0.106259
1.21901e-10	-0.105829
1.21919e-10	-0.105399
1.21937e-10	-0.104971
1.21955e-10	-0.104543
1.21973e-10	-0.104115
1.21991e-10	-0.103689
1.22009e-10	-0.103263
1.22027e-10	-0.102837
1.22045e-10	-0.102413
1.22064e-10	-0.101989
1.22082e-10	-0.101566
1.221e-10	-0.101143
1.22118e-10	-0.100721
1.22136e-10	-0.1003
1.22154e-10	-0.0998798
1.22172e-10	-0.0994601
1.2219e-10	-0.0990411
1.22208e-10	-0.0986228
1.22226e-10	-0.0982053
1.22245e-10	-0.0977884
1.22263e-10	-0.0973722
1.22281e-10	-0.0969568
1.22299e-10	-0.096542
1.22317e-10	-0.096128
1.22335e-10	-0.0957147
1.22353e-10	-0.0953021
1.22371e-10	-0.0948902
1.22389e-10	-0.094479
1.22407e-10	-0.0940685
1.22425e-10	-0.0936588
1.22444e-10	-0.0932498
1.22462e-10	-0.0928415
1.2248e-10	-0.0924339
1.22498e-10	-0.092027
1.22516e-10	-0.0916209
1.22534e-10	-0.0912155
1.22552e-10	-0.0908108
1.2257e-10	-0.0904068
1.22588e-10	-0.0900036
1.22606e-10	-0.0896011
1.22625e-10	-0.0891993
1.22643e-10	-0.0887982
1.22661e-10	-0.0883979
1.22679e-10	-0.0879983
1.22697e-10	-0.0875995
1.22715e-10	-0.0872014
1.22733e-10	-0.086804
1.22751e-10	-0.0864073
1.22769e-10	-0.0860114
1.22787e-10	-0.0856162
1.22805e-10	-0.0852218
1.22824e-10	-0.0848281
1.22842e-10	-0.0844351
1.2286e-10	-0.0840429
1.22878e-10	-0.0836514
1.22896e-10	-0.0832606
1.22914e-10	-0.0828706
1.22932e-10	-0.0824814
1.2295e-10	-0.0820928
1.22968e-10	-0.0817051
1.22986e-10	-0.081318
1.23005e-10	-0.0809318
1.23023e-10	-0.0805462
1.23041e-10	-0.0801614
1.23059e-10	-0.0797774
1.23077e-10	-0.0793941
1.23095e-10	-0.0790116
1.23113e-10	-0.0786298
1.23131e-10	-0.0782487
1.23149e-10	-0.0778684
1.23167e-10	-0.0774889
1.23185e-10	-0.0771101
1.23204e-10	-0.0767321
1.23222e-10	-0.0763548
1.2324e-10	-0.0759783
1.23258e-10	-0.0756025
1.23276e-10	-0.0752275
1.23294e-10	-0.0748533
1.23312e-10	-0.0744798
1.2333e-10	-0.0741071
1.23348e-10	-0.0737351
1.23366e-10	-0.0733638
1.23385e-10	-0.0729934
1.23403e-10	-0.0726237
1.23421e-10	-0.0722548
1.23439e-10	-0.0718866
1.23457e-10	-0.0715192
1.23475e-10	-0.0711525
1.23493e-10	-0.0707866
1.23511e-10	-0.0704215
1.23529e-10	-0.0700571
1.23547e-10	-0.0696935
1.23565e-10	-0.0693307
1.23584e-10	-0.0689686
1.23602e-10	-0.0686073
1.2362e-10	-0.0682468
1.23638e-10	-0.067887
1.23656e-10	-0.067528
1.23674e-10	-0.0671698
1.23692e-10	-0.0668123
1.2371e-10	-0.0664556
1.23728e-10	-0.0660997
1.23746e-10	-0.0657445
1.23765e-10	-0.0653901
1.23783e-10	-0.0650365
1.23801e-10	-0.0646836
1.23819e-10	-0.0643315
1.23837e-10	-0.0639802
1.23855e-10	-0.0636297
1.23873e-10	-0.0632799
1.23891e-10	-0.0629309
1.23909e-10	-0.0625827
1.23927e-10	-0.0622353
1.23945e-10	-0.0618886
1.23964e-10	-0.0615427
1.23982e-10	-0.0611975
1.24e-10	-0.0608532
1.24018e-10	-0.0605096
1.24036e-10	-0.0601668
1.24054e-10	-0.0598248
1.24072e-10	-0.0594835
1.2409e-10	-0.059143
1.24108e-10	-0.0588033
1.24126e-10	-0.0584644
1.24145e-10	-0.0581262
1.24163e-10	-0.0577888
1.24181e-10	-0.0574522
1.24199e-10	-0.0571164
1.24217e-10	-0.0567813
1.24235e-10	-0.0564471
1.24253e-10	-0.0561136
1.24271e-10	-0.0557809
1.24289e-10	-0.0554489
1.24307e-10	-0.0551177
1.24325e-10	-0.0547874
1.24344e-10	-0.0544578
1.24362e-10	-0.0541289
1.2438e-10	-0.0538009
1.24398e-10	-0.0534736
1.24416e-10	-0.0531471
1.24434e-10	-0.0528214
1.24452e-10	-0.0524964
1.2447e-10	-0.0521723
1.24488e-10	-0.0518489
1.24506e-10	-0.0515263
1.24525e-10	-0.0512045
1.24543e-10	-0.0508834
1.24561e-10	-0.0505632
1.24579e-10	-0.0502437
1.24597e-10	-0.049925
1.24615e-10	-0.049607
1.24633e-10	-0.0492899
1.24651e-10	-0.0489735
1.24669e-10	-0.0486579
1.24687e-10	-0.0483431
1.24705e-10	-0.0480291
1.24724e-10	-0.0477158
1.24742e-10	-0.0474034
1.2476e-10	-0.0470917
1.24778e-10	-0.0467808
1.24796e-10	-0.0464706
1.24814e-10	-0.0461613
1.24832e-10	-0.0458527
1.2485e-10	-0.0455449
1.24868e-10	-0.0452379
1.24886e-10	-0.0449316
1.24905e-10	-0.0446262
1.24923e-10	-0.0443215
1.24941e-10	-0.0440176
1.24959e-10	-0.0437145
1.24977e-10	-0.0434121
1.24995e-10	-0.0431106
1.25013e-10	-0.0428098
1.25031e-10	-0.0425098
1.25049e-10	-0.0422105
1.25067e-10	-0.0419121
1.25086e-10	-0.0416144
1.25104e-10	-0.0413175
1.25122e-10	-0.0410214
1.2514e-10	-0.040726
1.25158e-10	-0.0404315
1.25176e-10	-0.0401377
1.25194e-10	-0.0398447
1.25212e-10	-0.0395524
1.2523e-10	-0.039261
1.25248e-10	-0.0389703
1.25266e-10	-0.0386804
1.25285e-10	-0.0383913
1.25303e-10	-0.0381029
1.25321e-10	-0.0378153
1.25339e-10	-0.0375285
1.25357e-10	-0.0372425
1.25375e-10	-0.0369572
1.25393e-10	-0.0366727
1.25411e-10	-0.036389
1.25429e-10	-0.0361061
1.25447e-10	-0.0358239
1.25466e-10	-0.0355426
1.25484e-10	-0.035262
1.25502e-10	-0.0349821
1.2552e-10	-0.034703
1.25538e-10	-0.0344248
1.25556e-10	-0.0341472
1.25574e-10	-0.0338705
1.25592e-10	-0.0335945
1.2561e-10	-0.0333193
1.25628e-10	-0.0330449
1.25646e-10	-0.0327712
1.25665e-10	-0.0324983
1.25683e-10	-0.0322262
1.25701e-10	-0.0319548
1.25719e-10	-0.0316842
1.25737e-10	-0.0314144
1.25755e-10	-0.0311453
1.25773e-10	-0.0308771
1.25791e-10	-0.0306095
1.25809e-10	-0.0303428
1.25827e-10	-0.0300768
1.25846e-10	-0.0298116
1.25864e-10	-0.0295471
1.25882e-10	-0.0292835
1.259e-10	-0.0290205
1.25918e-10	-0.0287584
1.25936e-10	-0.028497
1.25954e-10	-0.0282364
1.25972e-10	-0.0279765
1.2599e-10	-0.0277174
1.26008e-10	-0.0274591
1.26026e-10	-0.0272015
1.26045e-10	-0.0269447
1.26063e-10	-0.0266886
1.26081e-10	-0.0264333
1.26099e-10	-0.0261788
1.26117e-10	-0.025925
1.26135e-10	-0.025672
1.26153e-10	-0.0254197
1.26171e-10	-0.0251682
1.26189e-10	-0.0249175
1.26207e-10	-0.0246675
1.26226e-10	-0.0244183
1.26244e-10	-0.0241698
1.26262e-10	-0.0239221
1.2628e-10	-0.0236752
1.26298e-10	-0.023429
1.26316e-10	-0.0231835
1.26334e-10	-0.0229388
1.26352e-10	-0.0226949
1.2637e-10	-0.0224517
1.26388e-10	-0.0222092
1.26406e-10	-0.0219676
1.26425e-10	-0.0217266
1.26443e-10	-0.0214864
1.26461e-10	-0.021247
1.26479e-10	-0.0210083
1.26497e-10	-0.0207704
1.26515e-10	-0.0205332
1.26533e-10	-0.0202967
1.26551e-10	-0.0200611
1.26569e-10	-0.0198261
1.26587e-10	-0.0195919
1.26606e-10	-0.0193584
1.26624e-10	-0.0191257
1.26642e-10	-0.0188937
1.2666e-10	-0.0186625
1.26678e-10	-0.018432
1.26696e-10	-0.0182023
1.26714e-10	-0.0179733
1.26732e-10	-0.017745
1.2675e-10	-0.0175175
1.26768e-10	-0.0172907
1.26786e-10	-0.0170647
1.26805e-10	-0.0168394
1.26823e-10	-0.0166148
1.26841e-10	-0.016391
1.26859e-10	-0.0161679
1.26877e-10	-0.0159455
1.26895e-10	-0.0157239
1.26913e-10	-0.015503
1.26931e-10	-0.0152828
1.26949e-10	-0.0150634
1.26967e-10	-0.0148447
1.26986e-10	-0.0146267
1.27004e-10	-0.0144095
1.27022e-10	-0.014193
1.2704e-10	-0.0139772
1.27058e-10	-0.0137621
1.27076e-10	-0.0135478
1.27094e-10	-0.0133342
1.27112e-10	-0.0131213
1.2713e-10	-0.0129092
1.27148e-10	-0.0126978
1.27166e-10	-0.0124871
1.27185e-10	-0.0122771
1.27203e-10	-0.0120678
1.27221e-10	-0.0118593
1.27239e-10	-0.0116515
1.27257e-10	-0.0114444
1.27275e-10	-0.011238
1.27293e-10	-0.0110324
1.27311e-10	-0.0108274
1.27329e-10	-0.0106232
1.27347e-10	-0.0104197
1.27366e-10	-0.0102169
1.27384e-10	-0.0100148
1.27402e-10	-0.00981345
1.2742e-10	-0.0096128
1.27438e-10	-0.00941285
1.27456e-10	-0.00921362
1.27474e-10	-0.0090151
1.27492e-10	-0.00881729
1.2751e-10	-0.00862019
1.27528e-10	-0.0084238
1.27546e-10	-0.00822811
1.27565e-10	-0.00803313
1.27583e-10	-0.00783885
1.27601e-10	-0.00764527
1.27619e-10	-0.00745241
1.27637e-10	-0.00726024
1.27655e-10	-0.00706877
1.27673e-10	-0.00687801
1.27691e-10	-0.00668794
1.27709e-10	-0.00649858
1.27727e-10	-0.00630991
1.27746e-10	-0.00612194
1.27764e-10	-0.00593466
1.27782e-10	-0.00574808
1.278e-10	-0.0055622
1.27818e-10	-0.00537701
1.27836e-10	-0.00519251
1.27854e-10	-0.0050087
1.27872e-10	-0.00482559
1.2789e-10	-0.00464316
1.27908e-10	-0.00446143
1.27927e-10	-0.00428038
1.27945e-10	-0.00410002
1.27963e-10	-0.00392034
1.27981e-10	-0.00374136
1.27999e-10	-0.00356305
1.28017e-10	-0.00338543
1.28035e-10	-0.00320849
1.28053e-10	-0.00303224
1.28071e-10	-0.00285666
1.28089e-10	-0.00268177
1.28107e-10	-0.00250755
1.28126e-10	-0.00233401
1.28144e-10	-0.00216115
1.28162e-10	-0.00198897
1.2818e-10	-0.00181746
1.28198e-10	-0.00164662
1.28216e-10	-0.00147646
1.28234e-10	-0.00130697
1.28252e-10	-0.00113815
1.2827e-10	-0.000970002
1.28288e-10	-0.000802523
1.28307e-10	-0.000635712
1.28325e-10	-0.000469569
1.28343e-10	-0.000304091
1.28361e-10	-0.00013928
1.28379e-10	2.48679e-05
1.28397e-10	0.000188352
1.28415e-10	0.000351173
1.28433e-10	0.000513334
1.28451e-10	0.000674833
1.28469e-10	0.000835674
1.28487e-10	0.000995856
1.28506e-10	0.00115538
1.28524e-10	0.00131425
1.28542e-10	0.00147246
1.2856e-10	0.00163002
1.28578e-10	0.00178692
1.28596e-10	0.00194318
1.28614e-10	0.00209878
1.28632e-10	0.00225373
1.2865e-10	0.00240803
1.28668e-10	0.00256169
1.28687e-10	0.00271469
1.28705e-10	0.00286705
1.28723e-10	0.00301877
1.28741e-10	0.00316984
1.28759e-10	0.00332027
1.28777e-10	0.00347006
1.28795e-10	0.0036192
1.28813e-10	0.00376771
1.28831e-10	0.00391557
1.28849e-10	0.0040628
1.28867e-10	0.0042094
1.28886e-10	0.00435535
1.28904e-10	0.00450068
1.28922e-10	0.00464537
1.2894e-10	0.00478942
1.28958e-10	0.00493285
1.28976e-10	0.00507564
1.28994e-10	0.00521781
1.29012e-10	0.00535935
1.2903e-10	0.00550026
1.29048e-10	0.00564054
1.29067e-10	0.0057802
1.29085e-10	0.00591924
1.29103e-10	0.00605765
1.29121e-10	0.00619545
1.29139e-10	0.00633262
1.29157e-10	0.00646917
1.29175e-10	0.0066051
1.29193e-10	0.00674042
1.29211e-10	0.00687512
1.29229e-10	0.00700921
1.29247e-10	0.00714268
1.29266e-10	0.00727554
1.29284e-10	0.00740779
1.29302e-10	0.00753942
1.2932e-10	0.00767045
1.29338e-10	0.00780087
1.29356e-10	0.00793068
1.29374e-10	0.00805989
1.29392e-10	0.00818849
1.2941e-10	0.00831649
1.29428e-10	0.00844388
1.29447e-10	0.00857067
1.29465e-10	0.00869686
1.29483e-10	0.00882246
1.29501e-10	0.00894745
1.29519e-10	0.00907185
1.29537e-10	0.00919565
1.29555e-10	0.00931886
1.29573e-10	0.00944147
1.29591e-10	0.00956349
1.29609e-10	0.00968492
1.29627e-10	0.00980576
1.29646e-10	0.00992601
1.29664e-10	0.0100457
1.29682e-10	0.0101647
1.297e-10	0.0102832
1.29718e-10	0.0104011
1.29736e-10	0.0105185
1.29754e-10	0.0106352
1.29772e-10	0.0107514
1.2979e-10	0.0108669
1.29808e-10	0.0109819
1.29827e-10	0.0110964
1.29845e-10	0.0112102
1.29863e-10	0.0113235
1.29881e-10	0.0114362
1.29899e-10	0.0115483
1.29917e-10	0.0116599
1.29935e-10	0.0117708
1.29953e-10	0.0118813
1.29971e-10	0.0119911
1.29989e-10	0.0121004
1.30007e-10	0.0122091
1.30026e-10	0.0123172
1.30044e-10	0.0124248
1.30062e-10	0.0125318
1.3008e-10	0.0126383
1.30098e-10	0.0127442
1.30116e-10	0.0128495
1.30134e-10	0.0129543
1.30152e-10	0.0130585
1.3017e-10	0.0131622
1.30188e-10	0.0132653
1.30207e-10	0.0133679
1.30225e-10	0.0134699
1.30243e-10	0.0135714
1.30261e-10	0.0136723
1.30279e-10	0.0137726
1.30297e-10	0.0138725
1.30315e-10	0.0139717
1.30333e-10	0.0140705
1.30351e-10	0.0141686
1.30369e-10	0.0142663
1.30387e-10	0.0143634
1.30406e-10	0.01446
1.30424e-10	0.014556
1.30442e-10	0.0146515
1.3046e-10	0.0147464
1.30478e-10	0.0148408
1.30496e-10	0.0149347
1.30514e-10	0.015028
1.30532e-10	0.0151209
1.3055e-10	0.0152132
1.30568e-10	0.0153049
1.30587e-10	0.0153961
1.30605e-10	0.0154868
1.30623e-10	0.015577
1.30641e-10	0.0156667
1.30659e-10	0.0157558
1.30677e-10	0.0158444
1.30695e-10	0.0159325
1.30713e-10	0.0160201
1.30731e-10	0.0161071
1.30749e-10	0.0161937
1.30768e-10	0.0162797
1.30786e-10	0.0163652
1.30804e-10	0.0164502
1.30822e-10	0.0165346
1.3084e-10	0.0166186
1.30858e-10	0.0167021
1.30876e-10	0.016785
1.30894e-10	0.0168675
1.30912e-10	0.0169494
1.3093e-10	0.0170308
1.30948e-10	0.0171118
1.30967e-10	0.0171922
1.30985e-10	0.0172721
1.31003e-10	0.0173515
1.31021e-10	0.0174305
1.31039e-10	0.0175089
1.31057e-10	0.0175868
1.31075e-10	0.0176643
1.31093e-10	0.0177412
1.31111e-10	0.0178177
1.31129e-10	0.0178936
1.31148e-10	0.0179691
1.31166e-10	0.0180441
1.31184e-10	0.0181186
1.31202e-10	0.0181926
1.3122e-10	0.0182661
1.31238e-10	0.0183391
1.31256e-10	0.0184117
1.31274e-10	0.0184838
1.31292e-10	0.0185554
1.3131e-10	0.0186265
1.31328e-10	0.0186971
1.31347e-10	0.0187673
1.31365e-10	0.0188369
1.31383e-10	0.0189062
1.31401e-10	0.0189749
1.31419e-10	0.0190432
1.31437e-10	0.019111
1.31455e-10	0.0191783
1.31473e-10	0.0192451
1.31491e-10	0.0193115
1.31509e-10	0.0193775
1.31528e-10	0.0194429
1.31546e-10	0.0195079
1.31564e-10	0.0195725
1.31582e-10	0.0196365
1.316e-10	0.0197001
1.31618e-10	0.0197633
1.31636e-10	0.019826
1.31654e-10	0.0198882
1.31672e-10	0.01995
1.3169e-10	0.0200114
1.31708e-10	0.0200723
1.31727e-10	0.0201327
1.31745e-10	0.0201927
1.31763e-10	0.0202522
1.31781e-10	0.0203113
1.31799e-10	0.0203699
1.31817e-10	0.0204281
1.31835e-10	0.0204859
1.31853e-10	0.0205432
1.31871e-10	0.0206001
1.31889e-10	0.0206565
1.31908e-10	0.0207125
1.31926e-10	0.0207681
1.31944e-10	0.0208232
1.31962e-10	0.0208779
1.3198e-10	0.0209321
1.31998e-10	0.0209859
1.32016e-10	0.0210393
1.32034e-10	0.0210923
1.32052e-10	0.0211448
1.3207e-10	0.0211969
1.32088e-10	0.0212486
1.32107e-10	0.0212998
1.32125e-10	0.0213506
1.32143e-10	0.021401
1.32161e-10	0.021451
1.32179e-10	0.0215006
1.32197e-10	0.0215497
1.32215e-10	0.0215984
1.32233e-10	0.0216468
1.32251e-10	0.0216946
1.32269e-10	0.0217421
1.32288e-10	0.0217892
1.32306e-10	0.0218358
1.32324e-10	0.0218821
1.32342e-10	0.0219279
1.3236e-10	0.0219733
1.32378e-10	0.0220183
1.32396e-10	0.022063
1.32414e-10	0.0221072
1.32432e-10	0.022151
1.3245e-10	0.0221944
1.32468e-10	0.0222374
1.32487e-10	0.02228
1.32505e-10	0.0223222
1.32523e-10	0.022364
1.32541e-10	0.0224054
1.32559e-10	0.0224464
1.32577e-10	0.022487
1.32595e-10	0.0225272
1.32613e-10	0.0225671
1.32631e-10	0.0226065
1.32649e-10	0.0226456
1.32668e-10	0.0226843
1.32686e-10	0.0227225
1.32704e-10	0.0227604
1.32722e-10	0.022798
1.3274e-10	0.0228351
1.32758e-10	0.0228718
1.32776e-10	0.0229082
1.32794e-10	0.0229442
1.32812e-10	0.0229798
1.3283e-10	0.023015
1.32848e-10	0.0230499
1.32867e-10	0.0230844
1.32885e-10	0.0231185
1.32903e-10	0.0231522
1.32921e-10	0.0231856
1.32939e-10	0.0232186
1.32957e-10	0.0232512
1.32975e-10	0.0232835
1.32993e-10	0.0233154
1.33011e-10	0.0233469
1.33029e-10	0.0233781
1.33048e-10	0.0234089
1.33066e-10	0.0234394
1.33084e-10	0.0234695
1.33102e-10	0.0234992
1.3312e-10	0.0235285
1.33138e-10	0.0235576
1.33156e-10	0.0235862
1.33174e-10	0.0236145
1.33192e-10	0.0236425
1.3321e-10	0.0236701
1.33229e-10	0.0236973
1.33247e-10	0.0237242
1.33265e-10	0.0237508
1.33283e-10	0.023777
1.33301e-10	0.0238028
1.33319e-10	0.0238283
1.33337e-10	0.0238535
1.33355e-10	0.0238783
1.33373e-10	0.0239028
1.33391e-10	0.023927
1.33409e-10	0.0239508
1.33428e-10	0.0239742
1.33446e-10	0.0239974
1.33464e-10	0.0240202
1.33482e-10	0.0240426
1.335e-10	0.0240648
1.33518e-10	0.0240866
1.33536e-10	0.024108
1.33554e-10	0.0241292
1.33572e-10	0.02415
1.3359e-10	0.0241704
1.33609e-10	0.0241906
1.33627e-10	0.0242104
1.33645e-10	0.0242299
1.33663e-10	0.0242491
1.33681e-10	0.024268
1.33699e-10	0.0242865
1.33717e-10	0.0243047
1.33735e-10	0.0243226
1.33753e-10	0.0243402
1.33771e-10	0.0243575
1.33789e-10	0.0243745
1.33808e-10	0.0243911
1.33826e-10	0.0244074
1.33844e-10	0.0244235
1.33862e-10	0.0244392
1.3388e-10	0.0244546
1.33898e-10	0.0244697
1.33916e-10	0.0244844
1.33934e-10	0.0244989
1.33952e-10	0.0245131
1.3397e-10	0.024527
1.33989e-10	0.0245405
1.34007e-10	0.0245538
1.34025e-10	0.0245668
1.34043e-10	0.0245795
1.34061e-10	0.0245918
1.34079e-10	0.0246039
1.34097e-10	0.0246157
1.34115e-10	0.0246272
1.34133e-10	0.0246384
1.34151e-10	0.0246493
1.34169e-10	0.0246599
1.34188e-10	0.0246702
1.34206e-10	0.0246802
1.34224e-10	0.02469
1.34242e-10	0.0246994
1.3426e-10	0.0247086
1.34278e-10	0.0247175
1.34296e-10	0.0247261
1.34314e-10	0.0247344
1.34332e-10	0.0247425
1.3435e-10	0.0247502
1.34369e-10	0.0247577
1.34387e-10	0.0247649
1.34405e-10	0.0247718
1.34423e-10	0.0247785
1.34441e-10	0.0247849
1.34459e-10	0.024791
1.34477e-10	0.0247968
1.34495e-10	0.0248024
1.34513e-10	0.0248077
1.34531e-10	0.0248127
1.34549e-10	0.0248174
1.34568e-10	0.0248219
1.34586e-10	0.0248262
1.34604e-10	0.0248301
1.34622e-10	0.0248338
1.3464e-10	0.0248372
1.34658e-10	0.0248404
1.34676e-10	0.0248433
1.34694e-10	0.024846
1.34712e-10	0.0248484
1.3473e-10	0.0248505
1.34749e-10	0.0248524
1.34767e-10	0.024854
1.34785e-10	0.0248554
1.34803e-10	0.0248565
1.34821e-10	0.0248574
1.34839e-10	0.024858
1.34857e-10	0.0248583
1.34875e-10	0.0248585
1.34893e-10	0.0248583
1.34911e-10	0.024858
1.34929e-10	0.0248573
1.34948e-10	0.0248565
1.34966e-10	0.0248554
1.34984e-10	0.024854
1.35002e-10	0.0248524
1.3502e-10	0.0248506
1.35038e-10	0.0248485
1.35056e-10	0.0248462
1.35074e-10	0.0248437
1.35092e-10	0.0248409
1.3511e-10	0.0248379
1.35129e-10	0.0248346
1.35147e-10	0.0248311
1.35165e-10	0.0248274
1.35183e-10	0.0248235
1.35201e-10	0.0248193
1.35219e-10	0.0248149
1.35237e-10	0.0248102
1.35255e-10	0.0248054
1.35273e-10	0.0248003
1.35291e-10	0.024795
1.35309e-10	0.0247894
1.35328e-10	0.0247837
1.35346e-10	0.0247777
1.35364e-10	0.0247715
1.35382e-10	0.0247651
1.354e-10	0.0247584
1.35418e-10	0.0247516
1.35436e-10	0.0247445
1.35454e-10	0.0247372
1.35472e-10	0.0247297
1.3549e-10	0.024722
1.35509e-10	0.0247141
1.35527e-10	0.0247059
1.35545e-10	0.0246976
1.35563e-10	0.024689
1.35581e-10	0.0246802
1.35599e-10	0.0246713
1.35617e-10	0.0246621
1.35635e-10	0.0246527
1.35653e-10	0.0246431
1.35671e-10	0.0246333
1.35689e-10	0.0246233
1.35708e-10	0.0246131
1.35726e-10	0.0246027
1.35744e-10	0.0245921
1.35762e-10	0.0245813
1.3578e-10	0.0245703
1.35798e-10	0.0245591
1.35816e-10	0.0245477
1.35834e-10	0.0245361
1.35852e-10	0.0245243
1.3587e-10	0.0245123
1.35889e-10	0.0245001
1.35907e-10	0.0244878
1.35925e-10	0.0244752
1.35943e-10	0.0244625
1.35961e-10	0.0244496
1.35979e-10	0.0244364
1.35997e-10	0.0244231
1.36015e-10	0.0244097
1.36033e-10	0.024396
1.36051e-10	0.0243821
1.3607e-10	0.0243681
1.36088e-10	0.0243539
1.36106e-10	0.0243395
1.36124e-10	0.0243249
1.36142e-10	0.0243101
1.3616e-10	0.0242952
1.36178e-10	0.0242801
1.36196e-10	0.0242648
1.36214e-10	0.0242493
1.36232e-10	0.0242337
1.3625e-10	0.0242178
1.36269e-10	0.0242019
1.36287e-10	0.0241857
1.36305e-10	0.0241694
1.36323e-10	0.0241529
1.36341e-10	0.0241362
1.36359e-10	0.0241194
1.36377e-10	0.0241024
1.36395e-10	0.0240852
1.36413e-10	0.0240678
1.36431e-10	0.0240503
1.3645e-10	0.0240327
1.36468e-10	0.0240149
1.36486e-10	0.0239969
1.36504e-10	0.0239787
1.36522e-10	0.0239604
1.3654e-10	0.023942
1.36558e-10	0.0239233
1.36576e-10	0.0239045
1.36594e-10	0.0238856
1.36612e-10	0.0238665
1.3663e-10	0.0238473
1.36649e-10	0.0238279
1.36667e-10	0.0238083
1.36685e-10	0.0237886
1.36703e-10	0.0237687
1.36721e-10	0.0237487
1.36739e-10	0.0237286
1.36757e-10	0.0237083
1.36775e-10	0.0236878
1.36793e-10	0.0236672
1.36811e-10	0.0236465
1.3683e-10	0.0236256
1.36848e-10	0.0236045
1.36866e-10	0.0235834
1.36884e-10	0.023562
1.36902e-10	0.0235406
1.3692e-10	0.023519
1.36938e-10	0.0234972
1.36956e-10	0.0234753
1.36974e-10	0.0234533
1.36992e-10	0.0234312
1.3701e-10	0.0234089
1.37029e-10	0.0233864
1.37047e-10	0.0233639
1.37065e-10	0.0233412
1.37083e-10	0.0233183
1.37101e-10	0.0232954
1.37119e-10	0.0232723
1.37137e-10	0.023249
1.37155e-10	0.0232257
1.37173e-10	0.0232022
1.37191e-10	0.0231786
1.3721e-10	0.0231548
1.37228e-10	0.023131
1.37246e-10	0.023107
1.37264e-10	0.0230829
1.37282e-10	0.0230586
1.373e-10	0.0230342
1.37318e-10	0.0230097
1.37336e-10	0.0229851
1.37354e-10	0.0229604
1.37372e-10	0.0229355
1.3739e-10	0.0229106
1.37409e-10	0.0228855
1.37427e-10	0.0228603
1.37445e-10	0.0228349
1.37463e-10	0.0228095
1.37481e-10	0.0227839
1.37499e-10	0.0227583
1.37517e-10	0.0227325
1.37535e-10	0.0227066
1.37553e-10	0.0226806
1.37571e-10	0.0226544
1.3759e-10	0.0226282
1.37608e-10	0.0226018
1.37626e-10	0.0225754
1.37644e-10	0.0225488
1.37662e-10	0.0225222
1.3768e-10	0.0224954
1.37698e-10	0.0224685
1.37716e-10	0.0224415
1.37734e-10	0.0224144
1.37752e-10	0.0223872
1.3777e-10	0.0223599
1.37789e-10	0.0223325
1.37807e-10	0.022305
1.37825e-10	0.0222774
1.37843e-10	0.0222497
1.37861e-10	0.0222219
1.37879e-10	0.0221939
1.37897e-10	0.0221659
1.37915e-10	0.0221378
1.37933e-10	0.0221096
1.37951e-10	0.0220813
1.3797e-10	0.0220529
1.37988e-10	0.0220245
1.38006e-10	0.0219959
1.38024e-10	0.0219672
1.38042e-10	0.0219384
1.3806e-10	0.0219096
1.38078e-10	0.0218806
1.38096e-10	0.0218516
1.38114e-10	0.0218225
1.38132e-10	0.0217933
1.3815e-10	0.021764
1.38169e-10	0.0217346
1.38187e-10	0.0217051
1.38205e-10	0.0216755
1.38223e-10	0.0216459
1.38241e-10	0.0216161
1.38259e-10	0.0215863
1.38277e-10	0.0215564
1.38295e-10	0.0215264
1.38313e-10	0.0214964
1.38331e-10	0.0214662
1.3835e-10	0.021436
1.38368e-10	0.0214057
1.38386e-10	0.0213753
1.38404e-10	0.0213449
1.38422e-10	0.0213143
1.3844e-10	0.0212837
1.38458e-10	0.021253
1.38476e-10	0.0212222
1.38494e-10	0.0211914
1.38512e-10	0.0211605
1.3853e-10	0.0211295
1.38549e-10	0.0210984
1.38567e-10	0.0210673
1.38585e-10	0.0210361
1.38603e-10	0.0210048
1.38621e-10	0.0209734
1.38639e-10	0.020942
1.38657e-10	0.0209105
1.38675e-10	0.020879
1.38693e-10	0.0208474
1.38711e-10	0.0208157
1.3873e-10	0.0207839
1.38748e-10	0.0207521
1.38766e-10	0.0207202
1.38784e-10	0.0206882
1.38802e-10	0.0206562
1.3882e-10	0.0206241
1.38838e-10	0.020592
1.38856e-10	0.0205598
1.38874e-10	0.0205275
1.38892e-10	0.0204952
1.38911e-10	0.0204628
1.38929e-10	0.0204304
1.38947e-10	0.0203978
1.38965e-10	0.0203653
1.38983e-10	0.0203327
1.39001e-10	0.0203
1.39019e-10	0.0202672
1.39037e-10	0.0202345
1.39055e-10	0.0202016
1.39073e-10	0.0201687
1.39091e-10	0.0201358
1.3911e-10	0.0201027
1.39128e-10	0.0200697
1.39146e-10	0.0200366
1.39164e-10	0.0200034
1.39182e-10	0.0199702
1.392e-10	0.0199369
1.39218e-10	0.0199036
1.39236e-10	0.0198702
1.39254e-10	0.0198368
1.39272e-10	0.0198034
1.39291e-10	0.0197698
1.39309e-10	0.0197363
1.39327e-10	0.0197027
1.39345e-10	0.019669
1.39363e-10	0.0196353
1.39381e-10	0.0196016
1.39399e-10	0.0195678
1.39417e-10	0.019534
1.39435e-10	0.0195001
1.39453e-10	0.0194662
1.39471e-10	0.0194322
1.3949e-10	0.0193982
1.39508e-10	0.0193642
1.39526e-10	0.0193301
1.39544e-10	0.019296
1.39562e-10	0.0192619
1.3958e-10	0.0192277
1.39598e-10	0.0191934
1.39616e-10	0.0191592
1.39634e-10	0.0191249
1.39652e-10	0.0190905
1.39671e-10	0.0190561
1.39689e-10	0.0190217
1.39707e-10	0.0189873
1.39725e-10	0.0189528
1.39743e-10	0.0189183
1.39761e-10	0.0188837
1.39779e-10	0.0188491
1.39797e-10	0.0188145
1.39815e-10	0.0187799
1.39833e-10	0.0187452
1.39851e-10	0.0187105
1.3987e-10	0.0186758
1.39888e-10	0.018641
1.39906e-10	0.0186062
1.39924e-10	0.0185714
1.39942e-10	0.0185365
1.3996e-10	0.0185016
1.39978e-10	0.0184667
1.39996e-10	0.0184318
1.40014e-10	0.0183968
1.40032e-10	0.0183619
1.40051e-10	0.0183268
1.40069e-10	0.0182918
1.40087e-10	0.0182567
1.40105e-10	0.0182217
1.40123e-10	0.0181866
1.40141e-10	0.0181514
1.40159e-10	0.0181163
1.40177e-10	0.0180811
1.40195e-10	0.0180459
1.40213e-10	0.0180107
1.40231e-10	0.0179755
1.4025e-10	0.0179402
1.40268e-10	0.017905
1.40286e-10	0.0178697
1.40304e-10	0.0178344
1.40322e-10	0.017799
1.4034e-10	0.0177637
1.40358e-10	0.0177283
1.40376e-10	0.0176929
1.40394e-10	0.0176576
1.40412e-10	0.0176221
1.40431e-10	0.0175867
1.40449e-10	0.0175513
1.40467e-10	0.0175158
1.40485e-10	0.0174804
1.40503e-10	0.0174449
1.40521e-10	0.0174094
1.40539e-10	0.0173739
1.40557e-10	0.0173384
1.40575e-10	0.0173029
1.40593e-10	0.0172673
1.40611e-10	0.0172318
1.4063e-10	0.0171962
1.40648e-10	0.0171606
1.40666e-10	0.0171251
1.40684e-10	0.0170895
1.40702e-10	0.0170539
1.4072e-10	0.0170183
1.40738e-10	0.0169827
1.40756e-10	0.0169471
1.40774e-10	0.0169114
1.40792e-10	0.0168758
1.40811e-10	0.0168402
1.40829e-10	0.0168045
1.40847e-10	0.0167689
1.40865e-10	0.0167333
1.40883e-10	0.0166976
1.40901e-10	0.0166619
1.40919e-10	0.0166263
1.40937e-10	0.0165906
1.40955e-10	0.016555
1.40973e-10	0.0165193
1.40991e-10	0.0164836
1.4101e-10	0.0164479
1.41028e-10	0.0164123
1.41046e-10	0.0163766
1.41064e-10	0.0163409
1.41082e-10	0.0163053
1.411e-10	0.0162696
1.41118e-10	0.0162339
1.41136e-10	0.0161983
1.41154e-10	0.0161626
1.41172e-10	0.0161269
1.41191e-10	0.0160913
1.41209e-10	0.0160556
1.41227e-10	0.01602
1.41245e-10	0.0159843
1.41263e-10	0.0159487
1.41281e-10	0.015913
1.41299e-10	0.0158774
1.41317e-10	0.0158417
1.41335e-10	0.0158061
1.41353e-10	0.0157705
1.41371e-10	0.0157349
1.4139e-10	0.0156993
1.41408e-10	0.0156637
1.41426e-10	0.0156281
1.41444e-10	0.0155925
1.41462e-10	0.0155569
1.4148e-10	0.0155214
1.41498e-10	0.0154858
1.41516e-10	0.0154502
1.41534e-10	0.0154147
1.41552e-10	0.0153792
1.41571e-10	0.0153436
1.41589e-10	0.0153081
1.41607e-10	0.0152726
1.41625e-10	0.0152372
1.41643e-10	0.0152017
1.41661e-10	0.0151662
1.41679e-10	0.0151308
1.41697e-10	0.0150953
1.41715e-10	0.0150599
1.41733e-10	0.0150245
1.41752e-10	0.0149891
1.4177e-10	0.0149537
1.41788e-10	0.0149183
1.41806e-10	0.014883
1.41824e-10	0.0148476
1.41842e-10	0.0148123
1.4186e-10	0.014777
1.41878e-10	0.0147417
1.41896e-10	0.0147064
1.41914e-10	0.0146712
1.41932e-10	0.0146359
1.41951e-10	0.0146007
1.41969e-10	0.0145655
1.41987e-10	0.0145303
1.42005e-10	0.0144951
1.42023e-10	0.01446
1.42041e-10	0.0144248
1.42059e-10	0.0143897
1.42077e-10	0.0143546
1.42095e-10	0.0143195
1.42113e-10	0.0142845
1.42132e-10	0.0142494
1.4215e-10	0.0142144
1.42168e-10	0.0141794
1.42186e-10	0.0141444
1.42204e-10	0.0141095
1.42222e-10	0.0140745
1.4224e-10	0.0140396
1.42258e-10	0.0140047
1.42276e-10	0.0139699
1.42294e-10	0.013935
1.42312e-10	0.0139002
1.42331e-10	0.0138654
1.42349e-10	0.0138306
1.42367e-10	0.0137959
1.42385e-10	0.0137612
1.42403e-10	0.0137265
1.42421e-10	0.0136918
1.42439e-10	0.0136571
1.42457e-10	0.0136225
1.42475e-10	0.0135879
1.42493e-10	0.0135533
1.42512e-10	0.0135188
1.4253e-10	0.0134843
1.42548e-10	0.0134498
1.42566e-10	0.0134153
1.42584e-10	0.0133809
1.42602e-10	0.0133464
1.4262e-10	0.0133121
1.42638e-10	0.0132777
1.42656e-10	0.0132434
1.42674e-10	0.0132091
1.42692e-10	0.0131748
1.42711e-10	0.0131405
1.42729e-10	0.0131063
1.42747e-10	0.0130721
1.42765e-10	0.013038
1.42783e-10	0.0130038
1.42801e-10	0.0129697
1.42819e-10	0.0129357
1.42837e-10	0.0129016
1.42855e-10	0.0128676
1.42873e-10	0.0128337
1.42892e-10	0.0127997
1.4291e-10	0.0127658
1.42928e-10	0.0127319
1.42946e-10	0.0126981
1.42964e-10	0.0126643
1.42982e-10	0.0126305
1.43e-10	0.0125967
1.43018e-10	0.012563
1.43036e-10	0.0125293
1.43054e-10	0.0124957
1.43072e-10	0.012462
1.43091e-10	0.0124285
1.43109e-10	0.0123949
1.43127e-10	0.0123614
1.43145e-10	0.0123279
1.43163e-10	0.0122945
1.43181e-10	0.012261
1.43199e-10	0.0122277
1.43217e-10	0.0121943
1.43235e-10	0.012161
1.43253e-10	0.0121277
1.43272e-10	0.0120945
1.4329e-10	0.0120613
1.43308e-10	0.0120281
1.43326e-10	0.011995
1.43344e-10	0.0119619
1.43362e-10	0.0119289
1.4338e-10	0.0118958
1.43398e-10	0.0118629
1.43416e-10	0.0118299
1.43434e-10	0.011797
1.43452e-10	0.0117642
1.43471e-10	0.0117313
1.43489e-10	0.0116985
1.43507e-10	0.0116658
1.43525e-10	0.0116331
1.43543e-10	0.0116004
1.43561e-10	0.0115677
1.43579e-10	0.0115351
1.43597e-10	0.0115026
1.43615e-10	0.0114701
1.43633e-10	0.0114376
1.43652e-10	0.0114051
1.4367e-10	0.0113727
1.43688e-10	0.0113404
1.43706e-10	0.0113081
1.43724e-10	0.0112758
1.43742e-10	0.0112435
1.4376e-10	0.0112113
1.43778e-10	0.0111792
1.43796e-10	0.0111471
1.43814e-10	0.011115
1.43832e-10	0.011083
1.43851e-10	0.011051
1.43869e-10	0.011019
1.43887e-10	0.0109871
1.43905e-10	0.0109552
1.43923e-10	0.0109234
1.43941e-10	0.0108916
1.43959e-10	0.0108599
1.43977e-10	0.0108282
1.43995e-10	0.0107966
1.44013e-10	0.0107649
1.44032e-10	0.0107334
1.4405e-10	0.0107019
1.44068e-10	0.0106704
1.44086e-10	0.0106389
1.44104e-10	0.0106075
1.44122e-10	0.0105762
1.4414e-10	0.0105449
1.44158e-10	0.0105136
1.44176e-10	0.0104824
1.44194e-10	0.0104512
1.44213e-10	0.0104201
1.44231e-10	0.010389
1.44249e-10	0.010358
1.44267e-10	0.010327
1.44285e-10	0.010296
1.44303e-10	0.0102651
1.44321e-10	0.0102343
1.44339e-10	0.0102035
1.44357e-10	0.0101727
1.44375e-10	0.010142
1.44393e-10	0.0101113
1.44412e-10	0.0100807
1.4443e-10	0.0100501
1.44448e-10	0.0100196
1.44466e-10	0.00998906
1.44484e-10	0.00995862
1.44502e-10	0.00992822
1.4452e-10	0.00989787
1.44538e-10	0.00986757
1.44556e-10	0.00983731
1.44574e-10	0.0098071
1.44593e-10	0.00977694
1.44611e-10	0.00974682
1.44629e-10	0.00971675
1.44647e-10	0.00968673
1.44665e-10	0.00965676
1.44683e-10	0.00962683
1.44701e-10	0.00959696
1.44719e-10	0.00956713
1.44737e-10	0.00953735
1.44755e-10	0.00950761
1.44773e-10	0.00947793
1.44792e-10	0.00944829
1.4481e-10	0.0094187
1.44828e-10	0.00938916
1.44846e-10	0.00935967
1.44864e-10	0.00933023
1.44882e-10	0.00930084
1.449e-10	0.0092715
1.44918e-10	0.0092422
1.44936e-10	0.00921295
1.44954e-10	0.00918376
1.44973e-10	0.00915461
1.44991e-10	0.00912551
1.45009e-10	0.00909646
1.45027e-10	0.00906746
1.45045e-10	0.00903851
1.45063e-10	0.00900962
1.45081e-10	0.00898077
1.45099e-10	0.00895197
1.45117e-10	0.00892322
1.45135e-10	0.00889452
1.45153e-10	0.00886587
1.45172e-10	0.00883727
1.4519e-10	0.00880872
1.45208e-10	0.00878022
1.45226e-10	0.00875177
1.45244e-10	0.00872338
1.45262e-10	0.00869503
1.4528e-10	0.00866673
1.45298e-10	0.00863849
1.45316e-10	0.00861029
1.45334e-10	0.00858215
1.45353e-10	0.00855406
1.45371e-10	0.00852602
1.45389e-10	0.00849803
1.45407e-10	0.00847009
1.45425e-10	0.0084422
1.45443e-10	0.00841436
1.45461e-10	0.00838658
1.45479e-10	0.00835884
1.45497e-10	0.00833116
1.45515e-10	0.00830353
1.45533e-10	0.00827595
1.45552e-10	0.00824843
1.4557e-10	0.00822095
1.45588e-10	0.00819353
1.45606e-10	0.00816616
1.45624e-10	0.00813884
1.45642e-10	0.00811157
1.4566e-10	0.00808435
1.45678e-10	0.00805719
1.45696e-10	0.00803008
1.45714e-10	0.00800302
1.45733e-10	0.00797601
1.45751e-10	0.00794906
1.45769e-10	0.00792216
1.45787e-10	0.00789531
1.45805e-10	0.00786851
1.45823e-10	0.00784177
1.45841e-10	0.00781507
1.45859e-10	0.00778843
1.45877e-10	0.00776185
1.45895e-10	0.00773531
1.45913e-10	0.00770883
1.45932e-10	0.0076824
1.4595e-10	0.00765603
1.45968e-10	0.00762971
1.45986e-10	0.00760344
1.46004e-10	0.00757722
1.46022e-10	0.00755105
1.4604e-10	0.00752494
1.46058e-10	0.00749889
1.46076e-10	0.00747288
1.46094e-10	0.00744693
1.46113e-10	0.00742103
1.46131e-10	0.00739519
1.46149e-10	0.00736939
1.46167e-10	0.00734365
1.46185e-10	0.00731797
1.46203e-10	0.00729234
1.46221e-10	0.00726676
1.46239e-10	0.00724123
1.46257e-10	0.00721576
1.46275e-10	0.00719034
1.46293e-10	0.00716498
1.46312e-10	0.00713966
1.4633e-10	0.00711441
1.46348e-10	0.0070892
1.46366e-10	0.00706405
1.46384e-10	0.00703895
1.46402e-10	0.00701391
1.4642e-10	0.00698892
1.46438e-10	0.00696398
1.46456e-10	0.0069391
1.46474e-10	0.00691427
1.46493e-10	0.00688949
1.46511e-10	0.00686477
1.46529e-10	0.0068401
1.46547e-10	0.00681549
1.46565e-10	0.00679093
1.46583e-10	0.00676642
1.46601e-10	0.00674197
1.46619e-10	0.00671757
1.46637e-10	0.00669322
1.46655e-10	0.00666893
1.46673e-10	0.00664469
1.46692e-10	0.00662051
1.4671e-10	0.00659638
1.46728e-10	0.0065723
1.46746e-10	0.00654828
1.46764e-10	0.00652431
1.46782e-10	0.00650039
1.468e-10	0.00647653
1.46818e-10	0.00645272
1.46836e-10	0.00642897
1.46854e-10	0.00640527
1.46873e-10	0.00638163
1.46891e-10	0.00635803
1.46909e-10	0.0063345
1.46927e-10	0.00631101
1.46945e-10	0.00628758
1.46963e-10	0.00626421
1.46981e-10	0.00624089
1.46999e-10	0.00621762
1.47017e-10	0.0061944
1.47035e-10	0.00617124
1.47054e-10	0.00614814
1.47072e-10	0.00612508
1.4709e-10	0.00610208
1.47108e-10	0.00607914
1.47126e-10	0.00605625
1.47144e-10	0.00603341
1.47162e-10	0.00601063
1.4718e-10	0.0059879
1.47198e-10	0.00596522
1.47216e-10	0.0059426
1.47234e-10	0.00592003
1.47253e-10	0.00589752
1.47271e-10	0.00587506
1.47289e-10	0.00585265
1.47307e-10	0.0058303
1.47325e-10	0.005808
1.47343e-10	0.00578575
1.47361e-10	0.00576356
1.47379e-10	0.00574142
1.47397e-10	0.00571934
1.47415e-10	0.00569731
1.47434e-10	0.00567533
1.47452e-10	0.00565341
1.4747e-10	0.00563154
1.47488e-10	0.00560972
1.47506e-10	0.00558796
1.47524e-10	0.00556625
1.47542e-10	0.00554459
1.4756e-10	0.00552299
1.47578e-10	0.00550144
1.47596e-10	0.00547995
1.47614e-10	0.00545851
1.47633e-10	0.00543712
1.47651e-10	0.00541579
1.47669e-10	0.00539451
1.47687e-10	0.00537328
1.47705e-10	0.0053521
1.47723e-10	0.00533098
1.47741e-10	0.00530991
1.47759e-10	0.0052889
1.47777e-10	0.00526794
1.47795e-10	0.00524703
1.47814e-10	0.00522618
1.47832e-10	0.00520537
1.4785e-10	0.00518463
1.47868e-10	0.00516393
1.47886e-10	0.00514329
1.47904e-10	0.0051227
1.47922e-10	0.00510216
1.4794e-10	0.00508168
1.47958e-10	0.00506125
1.47976e-10	0.00504087
1.47994e-10	0.00502055
1.48013e-10	0.00500028
1.48031e-10	0.00498006
1.48049e-10	0.00495989
1.48067e-10	0.00493978
1.48085e-10	0.00491972
1.48103e-10	0.00489971
1.48121e-10	0.00487975
1.48139e-10	0.00485985
1.48157e-10	0.00484
1.48175e-10	0.0048202
1.48194e-10	0.00480046
1.48212e-10	0.00478077
1.4823e-10	0.00476113
1.48248e-10	0.00474154
1.48266e-10	0.004722
1.48284e-10	0.00470252
1.48302e-10	0.00468309
1.4832e-10	0.00466371
1.48338e-10	0.00464439
1.48356e-10	0.00462511
1.48374e-10	0.00460589
1.48393e-10	0.00458672
1.48411e-10	0.0045676
1.48429e-10	0.00454853
1.48447e-10	0.00452952
1.48465e-10	0.00451056
1.48483e-10	0.00449165
1.48501e-10	0.00447279
1.48519e-10	0.00445398
1.48537e-10	0.00443523
1.48555e-10	0.00441652
1.48574e-10	0.00439787
1.48592e-10	0.00437927
1.4861e-10	0.00436072
1.48628e-10	0.00434222
1.48646e-10	0.00432378
1.48664e-10	0.00430538
1.48682e-10	0.00428704
1.487e-10	0.00426875
1.48718e-10	0.00425051
1.48736e-10	0.00423231
1.48754e-10	0.00421418
1.48773e-10	0.00419609
1.48791e-10	0.00417805
1.48809e-10	0.00416007
1.48827e-10	0.00414213
1.48845e-10	0.00412425
1.48863e-10	0.00410641
1.48881e-10	0.00408863
1.48899e-10	0.0040709
1.48917e-10	0.00405322
1.48935e-10	0.00403559
1.48954e-10	0.00401801
1.48972e-10	0.00400048
1.4899e-10	0.003983
1.49008e-10	0.00396557
1.49026e-10	0.00394819
1.49044e-10	0.00393086
1.49062e-10	0.00391358
1.4908e-10	0.00389636
1.49098e-10	0.00387918
1.49116e-10	0.00386205
1.49134e-10	0.00384497
1.49153e-10	0.00382794
1.49171e-10	0.00381097
1.49189e-10	0.00379404
1.49207e-10	0.00377716
1.49225e-10	0.00376033
1.49243e-10	0.00374355
1.49261e-10	0.00372682
1.49279e-10	0.00371014
1.49297e-10	0.00369351
1.49315e-10	0.00367693
1.49334e-10	0.00366039
1.49352e-10	0.00364391
1.4937e-10	0.00362748
1.49388e-10	0.00361109
1.49406e-10	0.00359476
1.49424e-10	0.00357847
1.49442e-10	0.00356223
1.4946e-10	0.00354604
1.49478e-10	0.0035299
1.49496e-10	0.00351381
1.49514e-10	0.00349777
1.49533e-10	0.00348177
1.49551e-10	0.00346583
1.49569e-10	0.00344993
1.49587e-10	0.00343408
1.49605e-10	0.00341828
1.49623e-10	0.00340253
1.49641e-10	0.00338682
1.49659e-10	0.00337117
1.49677e-10	0.00335556
1.49695e-10	0.00334
1.49714e-10	0.00332449
1.49732e-10	0.00330902
1.4975e-10	0.00329361
1.49768e-10	0.00327824
1.49786e-10	0.00326292
1.49804e-10	0.00324764
1.49822e-10	0.00323242
1.4984e-10	0.00321724
1.49858e-10	0.00320211
1.49876e-10	0.00318702
1.49895e-10	0.00317199
1.49913e-10	0.003157
1.49931e-10	0.00314206
1.49949e-10	0.00312716
1.49967e-10	0.00311231
1.49985e-10	0.00309751
1.50003e-10	0.00308276
1.50021e-10	0.00306805
1.50039e-10	0.00305339
1.50057e-10	0.00303877
1.50075e-10	0.0030242
1.50094e-10	0.00300968
1.50112e-10	0.00299521
1.5013e-10	0.00298078
1.50148e-10	0.0029664
1.50166e-10	0.00295206
1.50184e-10	0.00293777
1.50202e-10	0.00292352
1.5022e-10	0.00290933
1.50238e-10	0.00289517
1.50256e-10	0.00288107
1.50275e-10	0.00286701
1.50293e-10	0.00285299
1.50311e-10	0.00283902
1.50329e-10	0.0028251
1.50347e-10	0.00281122
1.50365e-10	0.00279738
1.50383e-10	0.00278359
1.50401e-10	0.00276985
1.50419e-10	0.00275615
1.50437e-10	0.0027425
1.50455e-10	0.00272889
1.50474e-10	0.00271533
1.50492e-10	0.00270181
1.5051e-10	0.00268834
1.50528e-10	0.00267491
1.50546e-10	0.00266152
1.50564e-10	0.00264818
1.50582e-10	0.00263489
1.506e-10	0.00262164
1.50618e-10	0.00260843
1.50636e-10	0.00259527
1.50655e-10	0.00258215
1.50673e-10	0.00256908
1.50691e-10	0.00255605
1.50709e-10	0.00254306
1.50727e-10	0.00253012
1.50745e-10	0.00251722
1.50763e-10	0.00250436
1.50781e-10	0.00249155
1.50799e-10	0.00247878
1.50817e-10	0.00246606
1.50835e-10	0.00245337
1.50854e-10	0.00244074
1.50872e-10	0.00242814
1.5089e-10	0.00241559
1.50908e-10	0.00240308
1.50926e-10	0.00239061
1.50944e-10	0.00237819
1.50962e-10	0.00236581
1.5098e-10	0.00235347
1.50998e-10	0.00234118
1.51016e-10	0.00232892
1.51035e-10	0.00231671
1.51053e-10	0.00230455
1.51071e-10	0.00229242
1.51089e-10	0.00228034
1.51107e-10	0.00226829
1.51125e-10	0.0022563
1.51143e-10	0.00224434
1.51161e-10	0.00223242
1.51179e-10	0.00222055
1.51197e-10	0.00220872
1.51215e-10	0.00219693
1.51234e-10	0.00218518
1.51252e-10	0.00217347
1.5127e-10	0.0021618
1.51288e-10	0.00215018
1.51306e-10	0.0021386
1.51324e-10	0.00212705
1.51342e-10	0.00211555
1.5136e-10	0.00210409
1.51378e-10	0.00209267
1.51396e-10	0.00208129
1.51415e-10	0.00206996
1.51433e-10	0.00205866
1.51451e-10	0.0020474
1.51469e-10	0.00203619
1.51487e-10	0.00202501
1.51505e-10	0.00201387
1.51523e-10	0.00200278
1.51541e-10	0.00199172
1.51559e-10	0.00198071
1.51577e-10	0.00196973
1.51595e-10	0.0019588
1.51614e-10	0.0019479
1.51632e-10	0.00193705
1.5165e-10	0.00192623
1.51668e-10	0.00191546
1.51686e-10	0.00190472
1.51704e-10	0.00189402
1.51722e-10	0.00188336
1.5174e-10	0.00187274
1.51758e-10	0.00186216
1.51776e-10	0.00185162
1.51795e-10	0.00184112
1.51813e-10	0.00183066
1.51831e-10	0.00182023
1.51849e-10	0.00180985
1.51867e-10	0.0017995
1.51885e-10	0.00178919
1.51903e-10	0.00177892
1.51921e-10	0.00176869
1.51939e-10	0.0017585
1.51957e-10	0.00174834
1.51975e-10	0.00173822
1.51994e-10	0.00172815
1.52012e-10	0.0017181
1.5203e-10	0.0017081
1.52048e-10	0.00169814
1.52066e-10	0.00168821
1.52084e-10	0.00167832
1.52102e-10	0.00166846
1.5212e-10	0.00165865
1.52138e-10	0.00164887
1.52156e-10	0.00163913
1.52175e-10	0.00162943
1.52193e-10	0.00161976
1.52211e-10	0.00161013
1.52229e-10	0.00160054
1.52247e-10	0.00159098
1.52265e-10	0.00158147
1.52283e-10	0.00157198
1.52301e-10	0.00156254
1.52319e-10	0.00155313
1.52337e-10	0.00154376
1.52355e-10	0.00153442
1.52374e-10	0.00152512
1.52392e-10	0.00151586
1.5241e-10	0.00150663
1.52428e-10	0.00149744
1.52446e-10	0.00148828
1.52464e-10	0.00147916
1.52482e-10	0.00147008
1.525e-10	0.00146103
1.52518e-10	0.00145201
1.52536e-10	0.00144304
1.52555e-10	0.00143409
1.52573e-10	0.00142519
1.52591e-10	0.00141632
1.52609e-10	0.00140748
1.52627e-10	0.00139868
1.52645e-10	0.00138991
1.52663e-10	0.00138118
1.52681e-10	0.00137248
1.52699e-10	0.00136382
1.52717e-10	0.00135519
1.52736e-10	0.0013466
1.52754e-10	0.00133804
1.52772e-10	0.00132951
1.5279e-10	0.00132102
1.52808e-10	0.00131257
1.52826e-10	0.00130415
1.52844e-10	0.00129576
1.52862e-10	0.00128741
1.5288e-10	0.00127909
1.52898e-10	0.0012708
1.52916e-10	0.00126255
1.52935e-10	0.00125433
1.52953e-10	0.00124614
1.52971e-10	0.00123799
1.52989e-10	0.00122987
1.53007e-10	0.00122179
1.53025e-10	0.00121373
1.53043e-10	0.00120571
1.53061e-10	0.00119773
1.53079e-10	0.00118977
1.53097e-10	0.00118185
1.53116e-10	0.00117397
1.53134e-10	0.00116611
1.53152e-10	0.00115829
1.5317e-10	0.0011505
1.53188e-10	0.00114274
1.53206e-10	0.00113502
1.53224e-10	0.00112732
1.53242e-10	0.00111966
1.5326e-10	0.00111203
1.53278e-10	0.00110444
1.53296e-10	0.00109687
1.53315e-10	0.00108934
1.53333e-10	0.00108184
1.53351e-10	0.00107437
1.53369e-10	0.00106693
1.53387e-10	0.00105952
1.53405e-10	0.00105215
1.53423e-10	0.0010448
1.53441e-10	0.00103749
1.53459e-10	0.00103021
1.53477e-10	0.00102296
1.53496e-10	0.00101574
1.53514e-10	0.00100855
1.53532e-10	0.00100139
1.5355e-10	0.000994263
1.53568e-10	0.000987166
1.53586e-10	0.0009801
1.53604e-10	0.000973065
1.53622e-10	0.000966059
1.5364e-10	0.000959084
1.53658e-10	0.000952139
1.53676e-10	0.000945225
1.53695e-10	0.00093834
1.53713e-10	0.000931485
1.53731e-10	0.000924661
1.53749e-10	0.000917866
1.53767e-10	0.0009111
1.53785e-10	0.000904365
1.53803e-10	0.000897659
1.53821e-10	0.000890982
1.53839e-10	0.000884335
1.53857e-10	0.000877717
1.53876e-10	0.000871128
1.53894e-10	0.000864568
1.53912e-10	0.000858038
1.5393e-10	0.000851536
1.53948e-10	0.000845063
1.53966e-10	0.00083862
1.53984e-10	0.000832204
1.54002e-10	0.000825818
1.5402e-10	0.00081946
1.54038e-10	0.00081313
1.54056e-10	0.000806829
1.54075e-10	0.000800556
1.54093e-10	0.000794312
1.54111e-10	0.000788095
1.54129e-10	0.000781907
1.54147e-10	0.000775746
1.54165e-10	0.000769614
1.54183e-10	0.000763509
1.54201e-10	0.000757432
1.54219e-10	0.000751383
1.54237e-10	0.000745361
1.54256e-10	0.000739367
1.54274e-10	0.0007334
1.54292e-10	0.00072746
1.5431e-10	0.000721548
1.54328e-10	0.000715663
1.54346e-10	0.000709805
1.54364e-10	0.000703974
1.54382e-10	0.00069817
1.544e-10	0.000692392
1.54418e-10	0.000686642
1.54436e-10	0.000680918
1.54455e-10	0.000675221
1.54473e-10	0.00066955
1.54491e-10	0.000663906
1.54509e-10	0.000658288
1.54527e-10	0.000652697
1.54545e-10	0.000647131
1.54563e-10	0.000641592
1.54581e-10	0.000636079
1.54599e-10	0.000630592
1.54617e-10	0.00062513
1.54636e-10	0.000619695
1.54654e-10	0.000614285
1.54672e-10	0.000608901
1.5469e-10	0.000603542
1.54708e-10	0.000598209
1.54726e-10	0.000592901
1.54744e-10	0.000587619
1.54762e-10	0.000582362
1.5478e-10	0.00057713
1.54798e-10	0.000571923
1.54816e-10	0.000566741
1.54835e-10	0.000561584
1.54853e-10	0.000556452
1.54871e-10	0.000551345
1.54889e-10	0.000546263
1.54907e-10	0.000541205
1.54925e-10	0.000536171
1.54943e-10	0.000531163
1.54961e-10	0.000526178
1.54979e-10	0.000521218
1.54997e-10	0.000516282
1.55016e-10	0.00051137
1.55034e-10	0.000506483
1.55052e-10	0.000501619
1.5507e-10	0.000496779
1.55088e-10	0.000491963
1.55106e-10	0.000487171
1.55124e-10	0.000482403
1.55142e-10	0.000477658
1.5516e-10	0.000472937
1.55178e-10	0.000468239
1.55197e-10	0.000463565
1.55215e-10	0.000458914
1.55233e-10	0.000454286
1.55251e-10	0.000449682
1.55269e-10	0.0004451
1.55287e-10	0.000440542
1.55305e-10	0.000436006
1.55323e-10	0.000431494
1.55341e-10	0.000427004
1.55359e-10	0.000422537
1.55377e-10	0.000418092
1.55396e-10	0.00041367
1.55414e-10	0.000409271
1.55432e-10	0.000404894
1.5545e-10	0.000400539
1.55468e-10	0.000396207
1.55486e-10	0.000391897
1.55504e-10	0.000387609
1.55522e-10	0.000383342
1.5554e-10	0.000379098
1.55558e-10	0.000374876
1.55577e-10	0.000370676
1.55595e-10	0.000366497
1.55613e-10	0.000362341
1.55631e-10	0.000358205
1.55649e-10	0.000354092
1.55667e-10	0.000349999
1.55685e-10	0.000345928
1.55703e-10	0.000341879
1.55721e-10	0.000337851
1.55739e-10	0.000333843
1.55757e-10	0.000329857
1.55776e-10	0.000325892
1.55794e-10	0.000321948
1.55812e-10	0.000318025
1.5583e-10	0.000314123
1.55848e-10	0.000310241
1.55866e-10	0.00030638
1.55884e-10	0.00030254
1.55902e-10	0.00029872
1.5592e-10	0.000294921
1.55938e-10	0.000291142
1.55957e-10	0.000287383
1.55975e-10	0.000283644
1.55993e-10	0.000279926
1.56011e-10	0.000276228
1.56029e-10	0.00027255
1.56047e-10	0.000268891
1.56065e-10	0.000265253
1.56083e-10	0.000261635
1.56101e-10	0.000258036
1.56119e-10	0.000254457
1.56137e-10	0.000250897
1.56156e-10	0.000247357
1.56174e-10	0.000243837
1.56192e-10	0.000240336
1.5621e-10	0.000236854
1.56228e-10	0.000233392
1.56246e-10	0.000229948
1.56264e-10	0.000226524
1.56282e-10	0.000223119
1.563e-10	0.000219733
1.56318e-10	0.000216366
1.56337e-10	0.000213017
1.56355e-10	0.000209688
1.56373e-10	0.000206377
1.56391e-10	0.000203085
1.56409e-10	0.000199811
1.56427e-10	0.000196556
1.56445e-10	0.000193319
1.56463e-10	0.000190101
1.56481e-10	0.000186901
1.56499e-10	0.000183719
1.56517e-10	0.000180556
1.56536e-10	0.00017741
1.56554e-10	0.000174283
1.56572e-10	0.000171173
1.5659e-10	0.000168082
1.56608e-10	0.000165008
1.56626e-10	0.000161952
1.56644e-10	0.000158914
1.56662e-10	0.000155893
1.5668e-10	0.00015289
1.56698e-10	0.000149905
1.56717e-10	0.000146936
1.56735e-10	0.000143986
1.56753e-10	0.000141052
1.56771e-10	0.000138136
1.56789e-10	0.000135237
1.56807e-10	0.000132356
1.56825e-10	0.000129491
1.56843e-10	0.000126643
1.56861e-10	0.000123812
1.56879e-10	0.000120998
1.56897e-10	0.000118201
1.56916e-10	0.000115421
1.56934e-10	0.000112657
1.56952e-10	0.00010991
1.5697e-10	0.000107179
1.56988e-10	0.000104465
1.57006e-10	0.000101767
1.57024e-10	9.9086e-05
1.57042e-10	9.64209e-05
1.5706e-10	9.37721e-05
1.57078e-10	9.11394e-05
1.57097e-10	8.85228e-05
1.57115e-10	8.59223e-05
1.57133e-10	8.33378e-05
1.57151e-10	8.07691e-05
1.57169e-10	7.82164e-05
1.57187e-10	7.56794e-05
1.57205e-10	7.31582e-05
1.57223e-10	7.06526e-05
1.57241e-10	6.81626e-05
1.57259e-10	6.56882e-05
1.57277e-10	6.32293e-05
1.57296e-10	6.07857e-05
1.57314e-10	5.83576e-05
1.57332e-10	5.59448e-05
1.5735e-10	5.35472e-05
1.57368e-10	5.11647e-05
1.57386e-10	4.87975e-05
1.57404e-10	4.64452e-05
1.57422e-10	4.4108e-05
1.5744e-10	4.17857e-05
1.57458e-10	3.94783e-05
1.57477e-10	3.71857e-05
1.57495e-10	3.49079e-05
1.57513e-10	3.26448e-05
1.57531e-10	3.03963e-05
1.57549e-10	2.81624e-05
1.57567e-10	2.59431e-05
1.57585e-10	2.37382e-05
1.57603e-10	2.15477e-05
1.57621e-10	1.93716e-05
1.57639e-10	1.72097e-05
1.57657e-10	1.50621e-05
1.57676e-10	1.29287e-05
1.57694e-10	1.08094e-05
1.57712e-10	8.70417e-06
1.5773e-10	6.61293e-06
1.57748e-10	4.53564e-06
1.57766e-10	2.47223e-06
1.57784e-10	4.22659e-07
1.57802e-10	-1.61314e-06
1.5782e-10	-3.63522e-06
1.57838e-10	-5.64364e-06
1.57857e-10	-7.63846e-06
1.57875e-10	-9.61973e-06
1.57893e-10	-1.15875e-05
1.57911e-10	-1.35419e-05
1.57929e-10	-1.54828e-05
1.57947e-10	-1.74105e-05
1.57965e-10	-1.93248e-05
1.57983e-10	-2.1226e-05
1.58001e-10	-2.3114e-05
1.58019e-10	-2.49889e-05
1.58038e-10	-2.68508e-05
1.58056e-10	-2.86996e-05
1.58074e-10	-3.05356e-05
1.58092e-10	-3.23586e-05
1.5811e-10	-3.41688e-05
1.58128e-10	-3.59663e-05
1.58146e-10	-3.7751e-05
1.58164e-10	-3.95231e-05
1.58182e-10	-4.12825e-05
1.582e-10	-4.30295e-05
1.58218e-10	-4.47639e-05
1.58237e-10	-4.64858e-05
1.58255e-10	-4.81954e-05
1.58273e-10	-4.98926e-05
1.58291e-10	-5.15775e-05
1.58309e-10	-5.32502e-05
1.58327e-10	-5.49107e-05
1.58345e-10	-5.65591e-05
1.58363e-10	-5.81954e-05
1.58381e-10	-5.98197e-05
1.58399e-10	-6.1432e-05
1.58418e-10	-6.30324e-05
1.58436e-10	-6.4621e-05
1.58454e-10	-6.61977e-05
1.58472e-10	-6.77626e-05
1.5849e-10	-6.93159e-05
1.58508e-10	-7.08574e-05
1.58526e-10	-7.23874e-05
1.58544e-10	-7.39058e-05
1.58562e-10	-7.54127e-05
1.5858e-10	-7.69082e-05
1.58598e-10	-7.83922e-05
1.58617e-10	-7.98649e-05
1.58635e-10	-8.13263e-05
1.58653e-10	-8.27764e-05
1.58671e-10	-8.42154e-05
1.58689e-10	-8.56431e-05
1.58707e-10	-8.70598e-05
1.58725e-10	-8.84654e-05
1.58743e-10	-8.986e-05
1.58761e-10	-9.12437e-05
1.58779e-10	-9.26165e-05
1.58798e-10	-9.39784e-05
1.58816e-10	-9.53295e-05
1.58834e-10	-9.66698e-05
1.58852e-10	-9.79994e-05
1.5887e-10	-9.93184e-05
1.58888e-10	-0.000100627
1.58906e-10	-0.000101925
1.58924e-10	-0.000103212
1.58942e-10	-0.000104489
1.5896e-10	-0.000105755
1.58978e-10	-0.000107011
1.58997e-10	-0.000108257
1.59015e-10	-0.000109492
1.59033e-10	-0.000110717
1.59051e-10	-0.000111932
1.59069e-10	-0.000113137
1.59087e-10	-0.000114332
1.59105e-10	-0.000115517
1.59123e-10	-0.000116692
1.59141e-10	-0.000117857
1.59159e-10	-0.000119011
1.59178e-10	-0.000120157
1.59196e-10	-0.000121292
1.59214e-10	-0.000122417
1.59232e-10	-0.000123533
1.5925e-10	-0.000124639
1.59268e-10	-0.000125736
1.59286e-10	-0.000126823
1.59304e-10	-0.0001279
1.59322e-10	-0.000128968
1.5934e-10	-0.000130026
1.59358e-10	-0.000131076
1.59377e-10	-0.000132115
1.59395e-10	-0.000133146
1.59413e-10	-0.000134167
1.59431e-10	-0.000135179
1.59449e-10	-0.000136182
1.59467e-10	-0.000137175
1.59485e-10	-0.00013816
1.59503e-10	-0.000139135
1.59521e-10	-0.000140102
1.59539e-10	-0.000141059
1.59558e-10	-0.000142008
1.59576e-10	-0.000142948
1.59594e-10	-0.000143879
1.59612e-10	-0.000144801
1.5963e-10	-0.000145714
1.59648e-10	-0.000146619
1.59666e-10	-0.000147515
1.59684e-10	-0.000148403
1.59702e-10	-0.000149281
1.5972e-10	-0.000150152
1.59738e-10	-0.000151014
1.59757e-10	-0.000151867
1.59775e-10	-0.000152712
1.59793e-10	-0.000153549
1.59811e-10	-0.000154377
1.59829e-10	-0.000155198
1.59847e-10	-0.000156009
1.59865e-10	-0.000156813
1.59883e-10	-0.000157609
1.59901e-10	-0.000158396
1.59919e-10	-0.000159175
1.59938e-10	-0.000159947
1.59956e-10	-0.00016071
1.59974e-10	-0.000161466
1.59992e-10	-0.000162213
1.6001e-10	-0.000162953
1.60028e-10	-0.000163684
1.60046e-10	-0.000164408
1.60064e-10	-0.000165125
1.60082e-10	-0.000165833
1.601e-10	-0.000166534
1.60118e-10	-0.000167227
1.60137e-10	-0.000167913
1.60155e-10	-0.000168591
1.60173e-10	-0.000169262
1.60191e-10	-0.000169925
1.60209e-10	-0.000170581
1.60227e-10	-0.000171229
1.60245e-10	-0.00017187
1.60263e-10	-0.000172504
1.60281e-10	-0.00017313
1.60299e-10	-0.000173749
1.60318e-10	-0.000174361
1.60336e-10	-0.000174966
1.60354e-10	-0.000175564
1.60372e-10	-0.000176154
1.6039e-10	-0.000176738
1.60408e-10	-0.000177314
1.60426e-10	-0.000177884
1.60444e-10	-0.000178446
1.60462e-10	-0.000179002
1.6048e-10	-0.000179551
1.60498e-10	-0.000180093
1.60517e-10	-0.000180628
1.60535e-10	-0.000181156
1.60553e-10	-0.000181678
1.60571e-10	-0.000182193
1.60589e-10	-0.000182701
1.60607e-10	-0.000183203
1.60625e-10	-0.000183698
1.60643e-10	-0.000184187
1.60661e-10	-0.000184669
1.60679e-10	-0.000185144
1.60698e-10	-0.000185614
1.60716e-10	-0.000186077
1.60734e-10	-0.000186533
1.60752e-10	-0.000186983
1.6077e-10	-0.000187427
1.60788e-10	-0.000187865
1.60806e-10	-0.000188296
1.60824e-10	-0.000188721
1.60842e-10	-0.00018914
1.6086e-10	-0.000189553
1.60879e-10	-0.00018996
1.60897e-10	-0.00019036
1.60915e-10	-0.000190755
1.60933e-10	-0.000191144
1.60951e-10	-0.000191527
1.60969e-10	-0.000191904
1.60987e-10	-0.000192275
1.61005e-10	-0.00019264
1.61023e-10	-0.000192999
1.61041e-10	-0.000193352
1.61059e-10	-0.0001937
1.61078e-10	-0.000194042
1.61096e-10	-0.000194379
1.61114e-10	-0.000194709
1.61132e-10	-0.000195034
1.6115e-10	-0.000195354
1.61168e-10	-0.000195668
1.61186e-10	-0.000195976
1.61204e-10	-0.000196279
1.61222e-10	-0.000196577
1.6124e-10	-0.000196869
1.61259e-10	-0.000197155
1.61277e-10	-0.000197437
1.61295e-10	-0.000197713
1.61313e-10	-0.000197983
1.61331e-10	-0.000198249
1.61349e-10	-0.000198509
1.61367e-10	-0.000198764
1.61385e-10	-0.000199013
1.61403e-10	-0.000199258
1.61421e-10	-0.000199497
1.61439e-10	-0.000199732
1.61458e-10	-0.000199961
1.61476e-10	-0.000200185
1.61494e-10	-0.000200404
1.61512e-10	-0.000200619
1.6153e-10	-0.000200828
1.61548e-10	-0.000201033
1.61566e-10	-0.000201232
1.61584e-10	-0.000201427
1.61602e-10	-0.000201617
1.6162e-10	-0.000201802
1.61639e-10	-0.000201982
1.61657e-10	-0.000202158
1.61675e-10	-0.000202329
1.61693e-10	-0.000202495
1.61711e-10	-0.000202657
1.61729e-10	-0.000202814
1.61747e-10	-0.000202966
1.61765e-10	-0.000203114
1.61783e-10	-0.000203257
1.61801e-10	-0.000203396
1.61819e-10	-0.00020353
1.61838e-10	-0.00020366
1.61856e-10	-0.000203786
1.61874e-10	-0.000203907
1.61892e-10	-0.000204024
1.6191e-10	-0.000204136
1.61928e-10	-0.000204244
1.61946e-10	-0.000204348
1.61964e-10	-0.000204447
1.61982e-10	-0.000204543
1.62e-10	-0.000204634
1.62019e-10	-0.000204721
1.62037e-10	-0.000204804
1.62055e-10	-0.000204882
1.62073e-10	-0.000204957
1.62091e-10	-0.000205027
1.62109e-10	-0.000205094
1.62127e-10	-0.000205156
1.62145e-10	-0.000205215
1.62163e-10	-0.000205269
1.62181e-10	-0.00020532
1.62199e-10	-0.000205366
1.62218e-10	-0.000205409
1.62236e-10	-0.000205448
1.62254e-10	-0.000205483
1.62272e-10	-0.000205515
1.6229e-10	-0.000205542
1.62308e-10	-0.000205566
1.62326e-10	-0.000205586
1.62344e-10	-0.000205602
1.62362e-10	-0.000205615
1.6238e-10	-0.000205624
1.62399e-10	-0.000205629
1.62417e-10	-0.000205631
1.62435e-10	-0.000205629
1.62453e-10	-0.000205624
1.62471e-10	-0.000205615
1.62489e-10	-0.000205602
1.62507e-10	-0.000205586
1.62525e-10	-0.000205567
1.62543e-10	-0.000205544
1.62561e-10	-0.000205518
1.62579e-10	-0.000205488
1.62598e-10	-0.000205455
1.62616e-10	-0.000205419
1.62634e-10	-0.000205379
1.62652e-10	-0.000205336
1.6267e-10	-0.00020529
1.62688e-10	-0.000205241
1.62706e-10	-0.000205188
1.62724e-10	-0.000205132
1.62742e-10	-0.000205073
1.6276e-10	-0.000205011
1.62779e-10	-0.000204945
1.62797e-10	-0.000204877
1.62815e-10	-0.000204805
1.62833e-10	-0.00020473
1.62851e-10	-0.000204653
1.62869e-10	-0.000204572
1.62887e-10	-0.000204488
1.62905e-10	-0.000204401
1.62923e-10	-0.000204312
1.62941e-10	-0.000204219
1.62959e-10	-0.000204124
1.62978e-10	-0.000204025
1.62996e-10	-0.000203924
1.63014e-10	-0.00020382
1.63032e-10	-0.000203713
1.6305e-10	-0.000203603
1.63068e-10	-0.000203491
1.63086e-10	-0.000203375
1.63104e-10	-0.000203257
1.63122e-10	-0.000203136
1.6314e-10	-0.000203013
1.63159e-10	-0.000202887
1.63177e-10	-0.000202758
1.63195e-10	-0.000202626
1.63213e-10	-0.000202492
1.63231e-10	-0.000202356
1.63249e-10	-0.000202216
1.63267e-10	-0.000202074
1.63285e-10	-0.00020193
1.63303e-10	-0.000201783
1.63321e-10	-0.000201634
1.63339e-10	-0.000201482
1.63358e-10	-0.000201327
1.63376e-10	-0.000201171
1.63394e-10	-0.000201011
1.63412e-10	-0.00020085
1.6343e-10	-0.000200686
1.63448e-10	-0.000200519
1.63466e-10	-0.000200351
1.63484e-10	-0.00020018
1.63502e-10	-0.000200006
1.6352e-10	-0.000199831
1.63539e-10	-0.000199653
1.63557e-10	-0.000199473
1.63575e-10	-0.00019929
1.63593e-10	-0.000199106
1.63611e-10	-0.000198919
1.63629e-10	-0.00019873
1.63647e-10	-0.000198539
1.63665e-10	-0.000198346
1.63683e-10	-0.00019815
1.63701e-10	-0.000197953
1.6372e-10	-0.000197753
1.63738e-10	-0.000197552
1.63756e-10	-0.000197348
1.63774e-10	-0.000197142
1.63792e-10	-0.000196934
1.6381e-10	-0.000196725
1.63828e-10	-0.000196513
1.63846e-10	-0.000196299
1.63864e-10	-0.000196084
1.63882e-10	-0.000195866
1.639e-10	-0.000195646
1.63919e-10	-0.000195425
1.63937e-10	-0.000195202
1.63955e-10	-0.000194977
1.63973e-10	-0.00019475
1.63991e-10	-0.000194521
1.64009e-10	-0.00019429
1.64027e-10	-0.000194058
1.64045e-10	-0.000193824
1.64063e-10	-0.000193588
1.64081e-10	-0.00019335
1.641e-10	-0.000193111
1.64118e-10	-0.00019287
1.64136e-10	-0.000192627
1.64154e-10	-0.000192383
1.64172e-10	-0.000192136
1.6419e-10	-0.000191889
1.64208e-10	-0.000191639
1.64226e-10	-0.000191388
1.64244e-10	-0.000191135
1.64262e-10	-0.000190881
1.6428e-10	-0.000190625
1.64299e-10	-0.000190368
1.64317e-10	-0.000190109
1.64335e-10	-0.000189849
1.64353e-10	-0.000189587
1.64371e-10	-0.000189323
1.64389e-10	-0.000189058
1.64407e-10	-0.000188792
1.64425e-10	-0.000188524
1.64443e-10	-0.000188255
1.64461e-10	-0.000187984
1.6448e-10	-0.000187712
1.64498e-10	-0.000187439
1.64516e-10	-0.000187164
1.64534e-10	-0.000186887
1.64552e-10	-0.00018661
1.6457e-10	-0.000186331
1.64588e-10	-0.000186051
1.64606e-10	-0.000185769
1.64624e-10	-0.000185486
1.64642e-10	-0.000185202
1.6466e-10	-0.000184917
1.64679e-10	-0.00018463
1.64697e-10	-0.000184342
1.64715e-10	-0.000184053
1.64733e-10	-0.000183763
1.64751e-10	-0.000183472
1.64769e-10	-0.000183179
1.64787e-10	-0.000182885
1.64805e-10	-0.00018259
1.64823e-10	-0.000182294
1.64841e-10	-0.000181997
1.6486e-10	-0.000181698
1.64878e-10	-0.000181399
1.64896e-10	-0.000181098
1.64914e-10	-0.000180797
1.64932e-10	-0.000180494
1.6495e-10	-0.00018019
1.64968e-10	-0.000179885
1.64986e-10	-0.000179579
1.65004e-10	-0.000179273
1.65022e-10	-0.000178965
1.6504e-10	-0.000178656
1.65059e-10	-0.000178346
1.65077e-10	-0.000178035
1.65095e-10	-0.000177723
1.65113e-10	-0.000177411
1.65131e-10	-0.000177097
1.65149e-10	-0.000176783
1.65167e-10	-0.000176467
1.65185e-10	-0.000176151
1.65203e-10	-0.000175834
1.65221e-10	-0.000175516
1.6524e-10	-0.000175197
1.65258e-10	-0.000174877
1.65276e-10	-0.000174556
1.65294e-10	-0.000174235
1.65312e-10	-0.000173913
1.6533e-10	-0.00017359
1.65348e-10	-0.000173266
1.65366e-10	-0.000172941
1.65384e-10	-0.000172616
1.65402e-10	-0.00017229
1.6542e-10	-0.000171963
1.65439e-10	-0.000171635
1.65457e-10	-0.000171307
1.65475e-10	-0.000170978
1.65493e-10	-0.000170648
1.65511e-10	-0.000170318
1.65529e-10	-0.000169987
1.65547e-10	-0.000169655
1.65565e-10	-0.000169322
1.65583e-10	-0.000168989
1.65601e-10	-0.000168656
1.6562e-10	-0.000168321
1.65638e-10	-0.000167986
1.65656e-10	-0.000167651
1.65674e-10	-0.000167315
1.65692e-10	-0.000166978
1.6571e-10	-0.000166641
1.65728e-10	-0.000166303
1.65746e-10	-0.000165964
1.65764e-10	-0.000165625
1.65782e-10	-0.000165286
1.658e-10	-0.000164946
1.65819e-10	-0.000164605
1.65837e-10	-0.000164264
1.65855e-10	-0.000163923
1.65873e-10	-0.000163581
1.65891e-10	-0.000163238
1.65909e-10	-0.000162895
1.65927e-10	-0.000162552
1.65945e-10	-0.000162208
1.65963e-10	-0.000161863
1.65981e-10	-0.000161519
1.66e-10	-0.000161173
1.66018e-10	-0.000160828
1.66036e-10	-0.000160482
1.66054e-10	-0.000160135
1.66072e-10	-0.000159789
1.6609e-10	-0.000159442
1.66108e-10	-0.000159094
1.66126e-10	-0.000158746
1.66144e-10	-0.000158398
1.66162e-10	-0.000158049
1.66181e-10	-0.0001577
1.66199e-10	-0.000157351
1.66217e-10	-0.000157002
1.66235e-10	-0.000156652
1.66253e-10	-0.000156302
1.66271e-10	-0.000155951
1.66289e-10	-0.000155601
1.66307e-10	-0.00015525
1.66325e-10	-0.000154898
1.66343e-10	-0.000154547
1.66361e-10	-0.000154195
1.6638e-10	-0.000153843
1.66398e-10	-0.000153491
1.66416e-10	-0.000153138
1.66434e-10	-0.000152786
1.66452e-10	-0.000152433
1.6647e-10	-0.00015208
1.66488e-10	-0.000151726
1.66506e-10	-0.000151373
1.66524e-10	-0.000151019
1.66542e-10	-0.000150665
1.66561e-10	-0.000150311
1.66579e-10	-0.000149957
1.66597e-10	-0.000149603
1.66615e-10	-0.000149249
1.66633e-10	-0.000148894
1.66651e-10	-0.000148539
1.66669e-10	-0.000148185
1.66687e-10	-0.00014783
1.66705e-10	-0.000147475
1.66723e-10	-0.000147119
1.66741e-10	-0.000146764
1.6676e-10	-0.000146409
1.66778e-10	-0.000146054
1.66796e-10	-0.000145698
1.66814e-10	-0.000145343
1.66832e-10	-0.000144987
1.6685e-10	-0.000144631
1.66868e-10	-0.000144276
1.66886e-10	-0.00014392
1.66904e-10	-0.000143564
1.66922e-10	-0.000143209
1.66941e-10	-0.000142853
1.66959e-10	-0.000142497
1.66977e-10	-0.000142141
1.66995e-10	-0.000141786
1.67013e-10	-0.00014143
1.67031e-10	-0.000141074
1.67049e-10	-0.000140719
1.67067e-10	-0.000140363
1.67085e-10	-0.000140007
1.67103e-10	-0.000139652
1.67121e-10	-0.000139296
1.6714e-10	-0.000138941
1.67158e-10	-0.000138585
1.67176e-10	-0.00013823
1.67194e-10	-0.000137874
1.67212e-10	-0.000137519
1.6723e-10	-0.000137164
1.67248e-10	-0.000136809
1.67266e-10	-0.000136454
1.67284e-10	-0.000136099
1.67302e-10	-0.000135744
1.67321e-10	-0.00013539
1.67339e-10	-0.000135035
1.67357e-10	-0.000134681
1.67375e-10	-0.000134327
1.67393e-10	-0.000133973
1.67411e-10	-0.000133619
1.67429e-10	-0.000133265
1.67447e-10	-0.000132911
1.67465e-10	-0.000132558
1.67483e-10	-0.000132204
1.67501e-10	-0.000131851
1.6752e-10	-0.000131498
1.67538e-10	-0.000131145
1.67556e-10	-0.000130792
1.67574e-10	-0.00013044
1.67592e-10	-0.000130088
1.6761e-10	-0.000129736
1.67628e-10	-0.000129384
1.67646e-10	-0.000129032
1.67664e-10	-0.00012868
1.67682e-10	-0.000128329
1.67701e-10	-0.000127978
1.67719e-10	-0.000127627
1.67737e-10	-0.000127277
1.67755e-10	-0.000126926
1.67773e-10	-0.000126576
1.67791e-10	-0.000126226
1.67809e-10	-0.000125877
1.67827e-10	-0.000125528
1.67845e-10	-0.000125178
1.67863e-10	-0.00012483
1.67881e-10	-0.000124481
1.679e-10	-0.000124133
1.67918e-10	-0.000123785
1.67936e-10	-0.000123437
1.67954e-10	-0.00012309
1.67972e-10	-0.000122742
1.6799e-10	-0.000122396
1.68008e-10	-0.000122049
1.68026e-10	-0.000121703
1.68044e-10	-0.000121357
1.68062e-10	-0.000121011
1.68081e-10	-0.000120666
1.68099e-10	-0.000120321
1.68117e-10	-0.000119976
1.68135e-10	-0.000119632
1.68153e-10	-0.000119288
1.68171e-10	-0.000118944
1.68189e-10	-0.000118601
1.68207e-10	-0.000118258
1.68225e-10	-0.000117915
1.68243e-10	-0.000117573
1.68261e-10	-0.000117231
1.6828e-10	-0.000116889
1.68298e-10	-0.000116548
1.68316e-10	-0.000116207
1.68334e-10	-0.000115867
1.68352e-10	-0.000115527
1.6837e-10	-0.000115187
1.68388e-10	-0.000114847
1.68406e-10	-0.000114508
1.68424e-10	-0.00011417
1.68442e-10	-0.000113832
1.68461e-10	-0.000113494
1.68479e-10	-0.000113156
1.68497e-10	-0.000112819
1.68515e-10	-0.000112483
