frequency_Hz,S11_dB,S21_dB,S11_mag,S21_mag,power_sum,Zin_real_ohm,Zin_imag_ohm,Zin_mag_ohm,Port1_beta_real,Port1_beta_imag,Port2_beta_real,Port2_beta_imag
1000000000.0,-29.794921275395918,0.005108569222595175,0.03237829206317876,1.0005883187585585,1.0022253374330072,46.99521383019463,0.913850678849679,47.00409818312602,37.252280023024234,0.17031685731811222,34.90194083252464,-0.06167440356776275
1010000000.0,-29.769280262497144,0.005610801745947802,0.03247401499447757,1.0006461761048855,1.0023473314031912,47.003614978799604,0.9725144421765718,47.013674664032344,37.62658017906875,0.18041516939344485,35.255488850717775,-0.06015779682822013
1020000000.0,-29.74570184907853,0.005982142832001757,0.0325622875809131,1.000688956867288,1.0024386909686431,47.01380780940381,1.0310240875097638,47.02511175328118,38.00132246756297,0.1902073763166391,35.60933780334248,-0.05875789074348979
1030000000.0,-29.724197995022546,0.006219025924254436,0.032643002647936015,1.000716248202635,1.002498575038631,47.02579427429333,1.0893137916972122,47.038409110693166,38.37646053161805,0.19965433605079635,35.96347589965533,-0.057502587760257004
1040000000.0,-29.70477944764832,0.0063199143938986735,0.032716062381876895,1.0007278718038295,1.0025266141427966,47.039573136192864,1.1473171305992125,47.05356285589226,38.75194495541435,0.20872313525640954,36.31788833653582,-0.05641813770180293
1050000000.0,-29.687455643098634,0.006285295421798547,0.0327813789206988,1.0007238832542764,1.002522909319461,47.05513990949549,1.2049673357071393,47.0705655179786,39.127724052178415,0.21738727448765768,36.67255752126729,-0.05552882001481046
1060000000.0,-29.67223463989758,0.0061176441082081475,0.03283887480644315,1.0007045678978268,1.0024880239101295,47.07248683220037,1.2621975544827742,47.089406019127274,39.503744653702555,0.22562675575252678,37.027463327054654,-0.05485665421076095
1070000000.0,-29.65912308483012,0.005821358709310896,0.032888483294891135,1.0006704333292775,1.0024229684728423,47.091602868483264,1.3189411101359638,47.110069691892285,39.87995288933897,0.2334280745688151,37.382583377975315,-0.054421141884802016
1080000000.0,-29.64812621083553,0.005402668340623364,0.03293014852056454,1.0006221986645112,1.002329179141787,47.11247374119724,1.3751317566519188,47.13253832930232,40.25629494290828,0.24078412022928483,37.737893359548615,-0.054239043243936025
1090000000.0,-29.63924786615984,0.004869514905259934,0.032963825517798244,1.000560780800342,1.002208489868558,47.13508199299832,1.43070392506637,47.156790266173495,40.63271777673243,0.2476939893402133,38.093367350986256,-0.05432419070127736
1100000000.0,-29.632490573585674,0.0042314113912648756,0.03298948010117394,1.0004872779209264,1.0020630990789707,47.15940707422727,1.4855929572643138,47.18280048945113,41.009169812891145,0.25416271911415117,38.44897817472836,-0.0546873415996229
1110000000.0,-29.627855618163593,0.003499279029651057,0.033007088611037586,1.0004029505492653,1.0018955313662528,47.18542545517273,1.539735323936714,47.210540774846464,41.385601562919604,0.26020094797659377,38.8046977588526,-0.0553360716835463
1120000000.0,-29.6253431615081,0.0026852661070344203,0.033016637532099484,1.0003092004780554,1.0017085949149724,47.21311075989934,1.5930688237599369,47.23997984656385,41.76196619842019,0.2658245120329804,39.160497507627106,-0.056274710397043494
1130000000.0,-29.624952380402213,0.0018025514778405652,0.033018122995179054,1.0002075479432062,1.0015053354086858,47.24243391846004,1.645532761348734,47.271083556533114,42.13822005637832,0.2710539867192733,39.51634867546013,-0.05750431859564639
1140000000.0,-29.62668162718365,0.0008651360172112495,0.03301155017396053,1.0000996074253223,1.001288987217172,47.273363334032595,1.6970681020668952,47.303815079277804,42.51432307442949,0.2759141834697202,39.87222273943451,-0.05902270864314294
1150000000.0,-29.630528609166888,-0.00011237460652271467,0.03299693259013407,0.9999870624789999,1.0010629226857373,47.305865061330096,1.7476176023389778,47.338135118367056,42.89023915276207,0.2804336115983096,40.22809176564474,-0.06082450640679481
1160000000.0,-29.636490584183285,-0.0011149923827984032,0.032974291341521175,0.9998716399968786,1.000830600359523,47.339902992534554,1.7971259146824572,47.37400212031706,43.265936440805596,0.2846439156772262,40.583928764628745,-0.06290125404514828
1170000000.0,-29.644564569211944,-0.0021275711583239256,0.03294365426864603,0.9997550843150722,1.0005955129704092,47.37543904699514,1.8455396672531064,47.41137249182897,43.641387548284484,0.2885792985568304,40.93970803134641,-0.06524155197761597
1180000000.0,-29.654747559014357,-0.0031350291512391745,0.03290505507576559,0.9996391315591976,1.000361135993966,47.412433361010955,1.892807518253112,47.45020081636599,44.016569681566544,0.2922759399477784,41.295405465389294,-0.06783123790952936
1190000000.0,-29.667036751678015,-0.004122566443366285,0.03285853242259592,0.9995254846161835,1.0001308775501832,47.45084447417849,1.9388801860834468,47.490440066277145,44.39146470750318,0.2957714198930158,41.650998867366354,-0.07065360026480884
1200000000.0,-29.68142977802353,-0.005075874265118029,0.0328041290028577,0.9994157890968444,0.9999080303757042,47.490629509021055,1.9837104566082435,47.53204180696174,44.76605914810675,0.299104155879708,42.00646820774902,-0.073689622983309
1210000000.0,-29.697924931920898,-0.0059813330863422,0.03274189062537202,0.9993116106287152,0.9996957265390808,47.531744340916454,2.027253169337944,47.574956389920466,45.1403441104171,0.3023128615526261,42.36179586488031,-0.07691825815904058
1220000000.0,-29.71652139870146,-0.006826196769259024,0.0326718653127496,0.9992144137884132,0.9994968955055368,47.57414375569822,2.069465184717171,47.61913313195229,45.5143151567392,0.3054360340743043,42.716966829261345,-0.08031672269570334
1230000000.0,-29.737219479028827,-0.007598760319656824,0.03259410243179751,0.9991255429487416,0.9993142260859522,47.61778159270542,2.110305335016923,47.66452047820891,45.887972121185705,0.30851147624009556,43.07196887173136,-0.08386081482927467
1240000000.0,-29.760020805809397,-0.008288509083311902,0.032508651868612695,0.9990462052787034,0.9991501327280917,47.6626108714901,2.149734361574246,47.711066147304024,46.26131887893309,0.31157585841683005,43.42679267367436,-0.08752524610537185
1250000000.0,-29.784928551965457,-0.008886247570621515,0.03241556326001667,0.998977456095243,0.9990067265279874,47.70858390084855,2.1877148412979803,47.75871725717873,46.63436307500453,0.31466432435599484,43.78143191789527,-0.0912839843235276
1260000000.0,-29.811947627164805,-0.009384206445420429,0.032314885291513454,0.9989201867248408,0.9988857912577945,47.75565236930529,2.2242111054580747,47.80742043092868,47.00711581959148,0.31781014386435685,44.1358833394279,-0.095110602697707
1270000000.0,-29.841084861893023,-0.009776126579437855,0.03220666507036674,0.9988751149915538,0.9987887646243445,47.803767416646565,2.2591891538082995,47.85712188230216,47.37959135700511,0.32104441430896385,44.49014673602236,-0.09897863060449927
1280000000.0,-29.872349177560864,-0.010057319443345512,0.03209094758073586,0.9988427784066395,0.9987167248917246,47.8528796865519,2.2926165670536713,47.90776748105824,47.75180671526285,0.3243958119421958,44.84422493866358,-0.10286190126578154
1290000000.0,-29.90575174164933,-0.010224703474650342,0.03196777522613774,0.9988235300939253,0.9986703829221995,47.90293936080722,2.324462420576933,47.95930279882984,48.12378134312136,0.3278903931203935,45.19812374300489,-0.10673489178301103
1300000000.0,-29.941306107230744,-0.010276816425453167,0.03183718746274599,0.9988175374452151,0.9986500796136617,47.95389617598988,2.3546972021741306,48.01167313655653,48.49553674106843,0.33155144463235325,45.5518518031261,-0.11057305117950547
1310000000.0,-29.979028336512034,-0.010213804044071451,0.031699220525412214,0.998824783461745,0.9986557886393205,48.005699423884955,2.383292736343676,48.064823534925175,48.867096092382916,0.3353993815564456,45.90542048949566,-0.11435311228271627
1320000000.0,-30.0189371083834,-0.010037385779886734,0.03155390724659813,0.9988450707013231,0.9986871243268581,48.05829793722486,2.4102221174126797,48.11869876958786,49.2384838998866,0.33945169044187135,46.25884371349906,-0.11805338362475339
1330000000.0,-30.061053810261274,-0.009750798515785709,0.03140127696687479,0.9988780277167246,0.9987433544504041,48.11164006262531,2.435459653489811,48.1732433331968,49.609725633486256,0.3437229149378995,46.61213772128614,-0.12165401780142374
1340000000.0,-30.105402614828563,-0.009358719624204717,0.0312413555341403,0.998923117839398,0.9988234176495944,48.16567362282821,2.4589808229074177,48.22840140651808,49.98084739300361,0.34822468057152484,46.96532086005126,-0.12513725318182775
1350000000.0,-30.152010542569418,-0.00886717090793116,0.031074165387341188,0.9989796501338144,0.9989259451359981,48.220345870541706,2.4807622444637354,48.284116821044016,50.35187559017601,0.352965754919084,47.31841332018993,-0.12848762622382762
1360000000.0,-30.200907511274618,-0.008283405222653114,0.030899725719245902,0.999046792322096,0.9990492862985939,48.27560343629762,2.5007816624118013,48.34033301562708,50.72283665305209,0.3579521391640676,47.67143685698319,-0.13169215212767474
1370000000.0,-30.25212637396567,-0.007615777783589839,0.03071805271168574,0.9991235854559637,0.9991915377767783,48.33139227281928,2.5190179467639346,48.396992989701886,51.093756755395844,0.3631871867625428,48.02441449570985,-0.13474047197767897
1380000000.0,-30.30570294692501,-0.006873604330584739,0.03052915983574813,0.9992089600938235,0.9993505755320569,48.38765759841217,2.5354511091077034,48.45403925564772,51.46466157301422,0.368671744865341,48.37737022417151,-0.13762496505411118
1390000000.0,-30.36167602975549,-0.006067008464736896,0.0303330582085758,0.9993017537249673,0.9995240894180801,48.44434384185646,2.550062333757991,48.51141379277734,51.83557606832603,0.37440431408882036,48.73032867673446,-0.1403408254305673
1400000000.0,-30.420087419592093,-0.005206760573464961,0.03012975699781471,0.9994007291705711,0.9997096197234165,48.50139459119401,2.5628340237151983,48.56905800531668,52.20652430385016,0.38038122224715876,49.08331481398595,-0.14288610243414562
1410000000.0,-30.480981921778124,-0.004304110829280518,0.029919263864272315,0.9995045936825487,0.9999045951426968,48.55875254867029,2.573749860564031,48.62691268657457,52.57752928474553,0.38659680781539246,49.43635360208076,-0.14526170506430577
1420000000.0,-30.544407359478587,-0.003370618781270364,0.02970158543306198,0.9996120184563164,1.0001063716195486,48.61635949391262,2.582794877137969,48.68491799129087,52.94861282993811,0.3930436090334161,49.789469695780944,-0.14747137088708465
1430000000.0,-30.610414584844214,-0.0024179820562377514,0.029476727783388716,0.9997216582723573,1.000312271499648,48.67415625720733,2.5899555414980484,48.74301341790403,53.31979547091324,0.3997125548189267,50.14268712903712,-0.14952160031548067
1440000000.0,-30.679057494458736,-0.0014578666503201284,0.029244696947179696,0.9998321709840352,1.0005196224341815,48.73208270448603,2.595219850534892,48.80113780220167,53.69109637675688,0.40659315397932067,50.49602901680867,-0.15142155767178356
1450000000.0,-30.75039305189439,-0.0005017412222060567,0.029005499406998002,0.9999422365754312,1.000725795483325,48.790077735346344,2.5985774313061842,48.859229323513,54.062533303675934,0.4136736795119843,50.8495172715915,-0.15318294073684022
1460000000.0,-30.824481320285845,0.0004392823034334852,0.028759142584030783,1.0000505755230737,1.0009282418861996,48.84807929512916,2.6000196480675366,48.91722552428299,54.434122566825216,0.4209413451986112,51.203172337880076,-0.1548198208632197
1470000000.0,-30.901385507880388,0.0013545996460321034,0.028505635307512812,1.000155966209061,1.0011245279878656,48.906024401750116,2.599539712852951,48.975063343535126,54.80587903204918,0.42838247211584257,51.55701294750146,-0.15634845602283498
1480000000.0,-30.981172029576545,0.0022342545783383652,0.028244988257583176,1.0002572611502771,1.0013123678455247,48.963849187655235,2.597132797403986,49.032679164398075,55.17781612486864,0.4359826430999008,51.91105589846805,-0.15778707947815648
1490000000.0,-31.0639105874867,0.003069067007839361,0.02797721437439741,1.0003534018288003,1.001489653074604,49.02148895693743,2.5927961442439327,49.090008875541514,55.54994585395258,0.4437268437016284,52.265315859650315,-0.1591556669463126
1500000000.0,-31.149674273584857,0.003850747114621722,0.027702329227217475,1.0004434319320354,1.0016544795405624,49.07887825732707,2.5865291747377777,49.14698794605119,55.92227884616278,0.45159958858134147,52.61980520324971,-0.16047568535497495
1510000000.0,-31.238539697522462,0.004571994161620024,0.02742035133819517,1.0005265088372357,1.0018051705535371,49.135950966458026,2.5783335920716905,49.20355151297691,56.29482439029319,0.4595850328101271,52.974533866665595,-0.16176982644992105
1520000000.0,-31.33058714271273,0.005226578841300458,0.027131302456648815,1.000601913203461,1.0019402962794204,49.19264039152131,2.568213477223938,49.25963448051689,56.66759048665297,0.4676670679449761,53.329509244986156,-0.16306172861416493
1530000000.0,-31.425900753817913,0.00580940828460873,0.026835207780741555,1.0006690565643246,1.002058689141971,49.248879381156556,2.5561753761780683,49.31517162956534,57.04058389973465,0.47582940322297707,53.68473611500291,-0.16437569037948752
1540000000.0,-31.52456875882061,0.006316573128540759,0.026532096124615722,1.0007274868465175,1.0021594550549127,49.30460044820298,2.542228376843029,49.3700977361496,57.41381021140673,0.4840556325972303,54.04021659120345,-0.16573637908041466
1550000000.0,-31.62668372892629,0.00674537631448858,0.02622200003020187,1.0007768917716218,1.0022419803896523,49.35973590174163,2.5263841743913296,49.42434769712491,57.78727387227481,0.4923292887173384,54.39595011387686,-0.16716853821503153
1560000000.0,-31.732342879659974,0.007094343565732079,0.025904955824016963,1.0008171001315291,1.0023059346519274,49.41421798671485,2.508657123990528,49.4778566613826,58.16097824913444,0.5006338853052426,54.751933469077905,-0.16869669691434638
1570000000.0,-31.841648416658668,0.007363215765437528,0.02558100362038529,1.0008480809603617,1.002351268908265,49.467979029306065,2.4890642801900453,49.530560164758704,58.53492566675244,0.5089529496170843,55.10816083982016,-0.17034488497630593
1580000000.0,-31.954707929876758,0.007552923721506016,0.025250187273508914,1.0008699406575439,1.0023782100691827,49.52095158620975,2.4676254225137244,49.58239426681175,58.90911744257568,0.5172700469595979,55.464623887558695,-0.17213635672067687
1590000000.0,-32.071634840193234,0.0076655460574792155,0.024912554281764716,1.000882918147035,1.002387251199366,49.57306859591347,2.444363067101611,49.63329568766266,59.28355391331718,0.5255687993401466,55.821311862631816,-0.17409332683825515
1600000000.0,-32.19254890277547,0.00770425120626482,0.024568155648427892,1.00088737818627,1.0023791380845506,49.62426353015282,2.4193024645269188,49.683201943161045,59.65823445280777,0.5338329005008556,56.17821174206603,-0.17623672121484524
1610000000.0,-32.317576772016025,0.007673224701188562,0.024217045703746765,1.0008838029644849,1.0023548523392671,49.67447054378312,2.3924715841845146,49.73205147675196,60.033157480867445,0.5420461295602707,56.535308392802214,-0.17858594550362325
1620000000.0,-32.44685263344881,0.007577583154233839,0.023859281893873464,1.0008727821534682,1.0023155913881152,49.72362462143332,2.363901085893205,49.77978378656437,60.408320463361456,0.5501923655103881,56.89258475815928,-0.18115867402110816
1630000000.0,-32.5805189087805,0.007423276481468006,0.023494924542614166,1.0008550015940232,1.0022627456950353,49.77166171946587,2.333624279575092,49.82633954642029,60.7837199040282,0.5582556047309299,57.25002206509123,-0.18397066121209255
1640000000.0,-32.718727041079354,0.007216980078162856,0.023124036592264738,1.0008312308182317,1.002197873649457,49.81851890195429,2.301677074061403,49.8716607196676,61.15935132898262,0.5662199834870645,57.60760004954856,-0.1870355777445774
1650000000.0,-32.8616383682678,0.006965978759251833,0.02274668332997302,1.0008023096207765,1.0021226745447949,49.864134469600195,2.2680979162259782,49.91569066495984,61.53520926519727,0.574069807251794,57.965297197095666,-0.1903648729059988
1660000000.0,-33.0094250944163,0.006678044363833775,0.022362932106084928,1.0007691339020282,1.0020389601033968,49.90844808074018,2.232927721757634,49.95837423334082,61.911287214526006,0.5817895883772061,58.323090995778,-0.19396766467718446
1670000000.0,-33.162271369965914,0.006361308974057691,0.02197285205083254,1.0007326410111925,1.001948625012484,49.951400863829946,2.1962097989548566,49.999657856229945,62.28757762511843,0.5893640933587461,58.680958198052885,-0.19785065854872289
1680000000.0,-33.320374493987075,0.006024135719646568,0.021576513795470757,1.0006937948196757,1.0018536169381693,49.99293552103338,2.1579897669540373,50.03948962414065,62.66407186226881,0.5967784006109839,59.03887508860632,-0.20201809574389035
1690000000.0,-33.48394625395911,0.005674989129416754,0.021173989203633094,1.0006535707529665,1.0017559064794577,50.032996422779675,2.1183154697944016,50.077819356192556,63.04076018091938,0.6040179693125511,59.396817754735224,-0.2064717312063046
1700000000.0,-33.65321442144318,0.00532230695195776,0.020765351118188547,1.0006129410040083,1.0016574575117527,50.07152969337686,2.077236887671207,50.1145986606919,63.41763170209315,0.6110687194531462,59.754762356041766,-0.21121084128569542
1710000000.0,-33.82842442548113,0.004974375300239079,0.020350673128369547,1.0005728601423978,1.0015601983503162,50.108483287978544,2.034806046649364,50.149780987249635,63.794674395611324,0.6179171228711877,60.11268539016575,-0.21623226076629765
1720000000.0,-34.00984122977218,0.004639208881023518,0.019930029361277274,1.000534251322065,1.0014659941389465,50.14380706138727,1.9910769279913854,50.18332167107726,64.17187507137604,0.6245503046176695,60.470563951380555,-0.22153044846636785
1730000000.0,-34.19775144476557,0.00432443795286165,0.019503494301218678,1.0004979932757916,1.0013766208388435,50.17745282933791,1.9461053781161055,50.215177970242856,64.54921938144606,0.6309561536368897,60.82837597899318,-0.2270975803204464
1740000000.0,-34.39246571201688,0.004037203517008078,0.019071142639595067,1.0004649082681478,1.001293741157573,50.20937442303591,1.8999490200419078,50.24530909678406,64.92669183494543,0.6371234413455135,61.18610049261052,-0.23292366852185775
1750000000.0,-34.59432140573323,0.003784062088100757,0.018633049157320357,1.0004357511597168,1.001218882719406,50.23952773782387,1.8526671669916446,50.27367624265429,65.30427582765785,0.6430419463375867,61.54371781155011,-0.2389967049844736
1760000000.0,-34.80368570573957,0.0035709012181220435,0.01818928864098727,1.0004111997151042,1.001153418736679,50.267870776915785,1.8043207386494429,50.300242601528524,65.6819536878863,0.6487025831628824,61.90120975589048,-0.2453028270901903
1770000000.0,-35.02095910756799,0.003402866760714038,0.017739935833271152,1.000391846265532,1.0010985513979282,50.29436369116916,1.7549721803707279,50.32497338750881,66.05970673984167,0.6540975327800825,62.25855982687767,-0.25182650346185376
1780000000.0,-35.24657944961625,0.0032843026677752537,0.01728506541732745,1.0003781908143055,1.0010552981433842,50.3189688158657,1.7046853854571584,50.34783585175689,66.43751538547843,0.6592203721445344,62.615753364743824,-0.2585507371917585
1790000000.0,-35.48102655508367,0.0032187039078763425,0.016824752034275133,1.0003706356502777,1.0010244809523554,50.341650705435946,1.6535256204288473,50.36879929803304,66.81535920528869,0.6640662001138075,62.97277768222363,-0.2654572838688905
1800000000.0,-35.724827608726756,0.003208682890620065,0.016359070332208254,1.000369481511089,1.0010067187208993,50.362376167002644,1.6015594530556179,50.38783509805067,67.19321707816432,0.6686317568143342,63.329622172458265,-0.27252688148680404
1810000000.0,-35.978563416706066,0.0032559495757306075,0.015888095044634308,1.000374925314764,1.0010024227626668,50.381114293527126,1.5488546827593663,50.4049167074577,67.5710673199959,0.6729155335332699,63.68627839024618,-0.2797394892674966
1820000000.0,-36.2428757337987,0.0033613052423559376,0.015411901095721525,1.00038705945539,1.0010117954211863,50.39783649723185,1.4954802728662284,50.42001968314021,67.9488878402108,0.676917870158598,64.04274010599629,-0.28707453231616703
1830000000.0,-36.518475888472054,0.0035246496963931328,0.014930563729342938,1.0004058726364655,1.001034831738804,50.412516543841754,1.4415062840810953,50.43312170241065,68.32665631503801,0.680641037350546,64.3990033320798,-0.29451114899673225
1840000000.0,-36.806154996207546,0.003745001504316895,0.01444415865856474,1.0004312521943557,1.0010713240865203,50.42513058804125,1.3870038084741025,50.44420258449661,68.70435037581805,0.6840893006942282,64.75506632162073,-0.30202843792882966
1850000000.0,-37.106796129723485,0.00402053066239977,0.013952762232002236,1.0004629878442601,1.001120869620167,50.43565721038972,1.3320449032147164,50.45324431459405,69.08194781026265,0.6872689643140135,65.11092954013036,-0.30960570155148465
1860000000.0,-37.42138891800247,0.004348602944166228,0.013456451613346564,1.0005007767625669,1.001182880392522,50.44407745577934,1.2767025232642186,50.46023107059236,69.45942677418547,0.6901883917328215,65.4665956107294,-0.3172226832735794
1870000000.0,-37.7510471836724,0.004725835016520668,0.012955304970328109,1.0005442299024336,1.0012565959179283,50.450374873358605,1.2210504522379453,50.46514925242294,69.83676601084645,0.6928580019976334,65.82206923402167,-0.32485979535143084
1880000000.0,-38.09703041374113,0.005148159280082859,0.012449401669498993,1.0005928794243037,1.0013410979565478,50.454535557691216,1.1651632306808863,50.467987513833535,70.2139450747591,0.6952902395937867,66.17735708398233,-0.33249833483480545
1890000000.0,-38.46077011155358,0.0056108972713874924,0.011938822473430222,1.0006461871097647,1.0014353272593624,50.45654819077513,1.1091160810546574,50.46873679625107,70.59094455653143,0.6974995169838178,66.53246768153222,-0.34012068504166154
1900000000.0,-38.843902427003066,0.006108840366423557,0.011423649737284795,1.0007035536159834,1.0015381019929777,50.45640408441229,1.0529848288144315,50.467390364266016,70.96774630512444,0.6995021291755315,66.8874112476917,-0.3477105003296953
1910000000.0,-39.24830895081728,0.00663633644698646,0.0109039676022913,1.0007643284189578,1.0016481375453195,50.45409722230719,0.9968458190562155,50.46394384216315,71.3443336437779,0.7013161401377086,67.24219953846625,-0.3552528721012202
1920000000.0,-39.67616825337764,0.007187381133838414,0.010379862184376566,1.0008278202870553,1.001764067399505,50.449624301175206,0.940775828332402,50.4583952508292,71.72069157577539,0.7029612414899767,67.5968456637894,-0.362734474299533
1930000000.0,-40.130021751891164,0.00775571215498087,0.009851421757300664,1.0008933081219202,1.0018844647538814,50.44298477007007,0.8848519713672537,50.450745044297946,72.09680697625997,0.7044585843734119,67.95136389301378,-0.37014368693400923
1940000000.0,-40.6128589654177,0.008334905402772269,0.009318736931107203,1.0009600520017723,1.0020078645613817,50.43418086709153,0.8291516025458957,50.44099614514474,72.47266876637349,0.7058305859600091,68.30576944957775,-0.3774706964359882
1950000000.0,-41.128229430974514,0.008918471240367869,0.008781900828881476,1.0010273042624305,1.0021327856610769,50.423217652611655,0.7737522121991672,50.42915397791768,72.84826806619209,0.7071007126151055,68.66007829756506,-0.3847075720129421
1960000000.0,-41.68039194883426,0.009499949645813903,0.008241009268032833,1.0010943204540887,1.0022577526791896,50.41010303816137,0.7187313178548626,50.41522649979182,73.22359832313713,0.7082932421908273,69.0143069228768,-0.39184831742365495
1970000000.0,-42.27451716087393,0.010073002829595338,0.007696160957453068,1.0011603700167997,1.0023813173856584,50.39484781014815,0.6641663507730574,50.39922422765546,73.59865541290242,0.7094330084463754,69.36847211185399,-0.3988888979639104
1980000000.0,-42.91696808716257,0.010631504028618947,0.007147457730294024,1.0012247465248323,1.002502079205721,50.37746564762831,0.6101345382196914,50.38116026088224,73.97343771028899,0.7105451309868982,69.72259073008053,-0.4058272427132861
1990000000.0,-43.61569761899811,0.011169621263700913,0.006595004846738588,1.0012867773592666,1.002618704603434,50.35797313343344,0.5567127820603353,50.36105029910827,74.3479461278163,0.7116547345192005,70.0766795040653,-0.41266322243718306
2000000000.0,-44.38082680214664,0.01168189494899664,0.006038911427770051,1.0013458326794404,1.0027299450757143,50.33638975804641,0.5039775343674485,50.33891265441782,74.72218412046664,0.7127866615197955,70.43075480845927,-0.419398603800368
2010000000.0,-45.22551246989262,0.0121633083566685,0.005479291132297266,1.0014013335767544,1.0028346535206147,50.31273791573558,0.4520046708258612,50.31476825744054,75.09615765548294,0.7139651826511448,70.78483246131913,-0.42603698082694247
2020000000.0,-46.16729732234596,0.012609350068012299,0.004916263295059246,1.0014527593088436,1.002931798772083,50.28704289258152,0.4008693627955388,50.28864065697502,75.46987514672317,0.7152137094475065,71.13892752976132,-0.43258368483012316
2030000000.0,-47.230304769367415,0.013016067680317874,0.004349954972974117,1.0014996535278993,1.0030204781247691,50.259332846167275,0.35064594893826606,50.26055601287491,75.84334735367821,0.7165545138503893,71.49305414824161,-0.4390456742347476
2040000000.0,-48.44900390545927,0.013380112184643135,0.0037805048950320295,1.0015416294337234,1.003099927706019,50.22963877684545,0.30140780734117223,50.230543082060166,76.2165872458952,0.7180084591792485,71.84722535147405,-0.44543140595229336
2050000000.0,-49.8751185421516,0.013698772581739568,0.0032080717498217098,1.0015783737997117,1.0031695305876271,50.197994490636376,0.25322722907104017,50.19863319764298,76.58960983414791,0.7195947470578051,72.20145292378177,-0.45175069016329783
2060000000.0,-51.591465963235166,0.013970000457693327,0.0026328535456473603,1.0016096498379405,1.0032288225662747,50.1644365539546,0.2061752940706381,50.16486024128465,76.96243197033482,0.7213306845626822,72.55574726647207,-0.4580145305269729
2070000000.0,-53.74317153555367,0.014192424397087238,0.002055140052271199,1.0016352988878139,1.0032774955787147,50.12900424049082,0.16032175026274023,50.1292606090171,77.33507211861661,0.7232314757173206,72.91011728458298,-0.464234951974934
2080000000.0,-56.621275140146906,0.014365354264666019,0.0014754899067003753,1.0016552409307247,1.003315398754453,50.09173947070192,0.11573489666010515,50.09187317087454,77.70755010090197,0.7253100409786625,73.26457029407786,-0.47042481836463595
2090000000.0,-60.957715777122736,0.014488775536922705,0.0008956002603251073,1.0016694739509076,1.0033425371449143,50.05268674446652,0.07248147119509643,50.05273922477531,78.07988682022912,0.7275768680811757,73.61911195033315,-0.4765976423430751
2100000000.0,-69.66908753457112,0.014563334007988964,0.00032850775271105095,1.0016780721795449,1.003359068202673,50.011893067559,0.030626543880932854,50.01190244517945,78.45210396606039,0.7300398970044272,73.9737461984756,-0.48276738984749007
2110000000.0,-69.86364208548962,0.014590311329568124,0.00032123132992265186,1.001681183275191,1.0033652961171542,49.969407872661776,-0.009766584198207771,49.9694088271074,78.82422370585323,0.7327044413920224,74.32847524587878,-0.4889482816971015
2120000000.0,-60.99085014545531,0.014571591969228602,0.0008921902907507056,1.0016790245083185,1.0033616641434513,49.9252829356913,-0.04863647569239581,49.925306626155,79.1962683675552,0.7355731480985094,74.68329955685135,-0.4951545946758287
2130000000.0,-56.58793096701607,0.014509622284309633,0.0014811650359808064,1.0016718780311362,1.0033487450882872,49.879572288239444,-0.08592364533924986,49.879646295162644,79.56826011789671,0.7386459959687158,75.03821786929062,-0.5014004645949788
2140000000.0,-53.6616742181739,0.014407362507838684,0.002074513613324096,1.0016600853255353,1.0033272301410905,49.83233212693992,-0.12157064174692943,49.83248041820298,79.94022064145754,0.7419203342850819,75.39322723281437,-0.5076996936317099
2150000000.0,-51.4681765427953,0.01426823252767873,0.0026704913332618514,1.0016440409319873,1.0032979162585216,49.78362072055408,-0.15552212261450166,49.78386364253586,80.31217082552593,0.7453909606928525,75.74832306764654,-0.5140655642711076
2160000000.0,-49.71298323745505,0.014096052409416623,0.003268517677305624,1.0016241855703312,1.003261692327236,49.73349831553604,-0.1877249235170089,49.73385260914677,80.68413045573338,0.7490502377430456,76.1034992432856,-0.5205106620153611
2170000000.0,-48.24963737664242,0.013894978666455322,0.003868282038152158,1.0016009987695211,1.003219524342029,49.68202704078101,-0.21812812049319497,49.68250588243155,81.05611792729326,0.7528882465684249,76.4587481757734,-0.5270467089023474
2180000000.0,-46.994698922489036,0.01366943731757269,0.0044695629041992275,1.0015749911276093,1.0031724398448252,49.62927081219063,-0.24668308677033599,49.6298838795242,81.42814997645776,0.7568929755744432,76.81406094215119,-0.5336844097557492
2190000000.0,-45.896116341963875,0.01342405479217156,0.005072174459922629,1.0015466963254185,1.003121511874112,49.57529523760348,-0.2733435440439201,49.576048799683704,81.80024143651977,0.7610505415012573,77.1694274105448,-0.5404333128605978
2200000000.0,-44.91923360148709,0.013163587747287724,0.00567594684853468,1.001516663017627,1.0030678426745907,49.52016752254123,-0.2980656087942733,49.52106455406318,82.17240502233192,0.7653454395816088,77.52483638408651,-0.5473016866372923
2210000000.0,-44.03981457213881,0.012892852848237593,0.006280717668539609,1.0014854467233538,1.0030125474131075,49.46395637711902,-0.32080783416808545,49.464996696088,82.5446511468325,0.7697608191443208,77.88027575681681,-0.5542964136234008
2220000000.0,-43.2402460804147,0.012616657537410784,0.0068863278637474965,1.0014536018349147,1.002956738139571,49.40673192435653,-0.34153124798114354,49.40791235256331,82.91698777264631,0.7742787805005327,78.23573267949794,-0.5614229028803294
2230000000.0,-42.50732638585686,0.012339732773977647,0.007492619542428497,1.001421673858336,1.0029015082208388,49.348565610018404,-0.36019938740491786,49.34988015552801,83.28942030122808,0.7788806886462,78.59119373323209,-0.5686850217146958
2240000000.0,-41.83090580899133,0.01206666867221082,0.00809943472228617,1.00139019199258,1.0028479174617568,49.289530114004286,-0.37677833088798574,49.29097017476895,83.66195150148359,0.7835474989979064,78.94664510869683,-0.5760850473468231
2250000000.0,-41.20301363205286,0.011801853898995173,0.00870661455274061,1.0013596621464451,1.0027969781110126,49.22969926320605,-0.3912367278331268,49.23125385081021,84.03458147915626,0.788260090183984,79.30207278871369,-0.583623638922999
2260000000.0,-40.617276448164304,0.011549419613207164,0.009313998798902852,1.001330560482883,1.0027496419305906,49.1691479456565,-0.40354582650403403,49.17080392810296,84.40730768765016,0.7929995987664874,79.6574627319188,-0.591299830022021
2270000000.0,-40.06851850736582,0.011313188642436064,0.00992142547759296,1.001303327570242,1.0027067884867469,49.10795202571071,-0.4136795005728457,49.10969438806048,84.78012498033537,0.7977477507246268,80.01280105524651,-0.5991110415488851
2280000000.0,-39.55247974092532,0.011096630497680948,0.010528730587261507,1.0012783632088627,1.0026692147979983,49.04618825993168,-0.4216142746453601,49.04800038151652,85.15302570368804,0.8024871845564365,80.36807421301378,-0.6070531146620176
2290000000.0,-39.065612190485695,0.010902822725278278,0.011135747900129308,1.0012560219896836,1.0026376264519008,48.98393421329791,-0.4273293490152867,48.98579816013236,85.52599983002443,0.8072017609387544,80.7232691704339,-0.6151203631528591
2300000000.0,-38.604930054770804,0.010734418989976546,0.011742308799057044,1.0012366096293428,1.0026126302779934,48.92126817531223,-0.4308066238058532,48.92316500624149,85.89903512795014,0.8118768541130562,81.07837356946911,-0.6233056444419767
2310000000.0,-38.167897251450434,0.01059362417406768,0.012348242149572326,1.0012203801137158,1.002594728639238,48.85826907557078,-0.43203072256158476,48.860179160601874,86.27211736804179,0.8164996203832593,81.43337588507428,-0.6316004481502977
2320000000.0,-37.752341764600395,0.010482176667917802,0.012953374201963477,1.0012075336692794,1.0025843153793375,48.79501639834886,-0.430989015251933,48.79691974752506,86.6452305607265,0.8210592394558462,81.78826556997156,-0.6399950010002993
2330000000.0,-37.35638946533169,0.010401337917296551,0.013557528520962153,1.0011982155691337,1.0025816734384143,48.73159009577344,-0.42767164055413137,48.73346669686673,87.01835722280319,0.8255471247594292,82.14303318631586,-0.6484783866003753
2340000000.0,-36.97841232069145,0.010351889185266843,0.014160525941988047,1.0011925157682602,1.0025869741253317,48.66807049918585,-0.42207152718792906,48.66990066239901,87.39147866860793,0.8299570993473531,82.49767052270664,-0.6570386784975397
2350000000.0,-36.61698739033361,0.01033413538184053,0.014762184553723448,1.001190469350715,1.0026002780115033,48.60453822834412,-0.41418441399050676,48.60630293613533,87.76457532135639,0.8342855344595149,82.85217069529106,-0.665663084738522
2360000000.0,-36.270864019485586,0.010347915714792811,0.015362319707155911,1.0011920577601394,1.002621537388767,48.541074098176836,-0.40400886834371696,48.5427553582447,88.13762703994405,0.8385314484632619,83.20652823181987,-0.6743381020679642
2370000000.0,-35.938937335096014,0.010392620821283807,0.015960744051292663,1.0011972107743508,1.0026506002130107,48.47775902287485,-0.3915463025015789,48.47934022227331,88.51061345612703,0.842696564418052,83.56073913781965,-0.6830496777442541
2380000000.0,-35.620226643329055,0.010467215953411019,0.01655726759567988,1.0012058091749791,1.0026872154359596,48.41467391719166,-0.3768009873169409,48.41614017548323,88.88351431687161,0.8467853252098436,83.91480094420668,-0.6917833769480416
2390000000.0,-35.31385767742832,0.010570269712531385,0.01715169779961476,1.0012176880542498,1.0027310396101063,48.35189959491618,-0.3597800628289756,48.353238114220076,89.25630982652758,0.8508048658263804,84.26871273596176,-0.7005245536458052
2400000000.0,-35.01904789896071,0.010699987758391524,0.017743839687668725,1.0012326406932077,1.0027816446363556,48.28951666457833,-0.3404935451574814,48.29071707432892,89.62898098343912,0.8547649430388156,84.62247516168367,-0.7092585227804131
2410000000.0,-34.735094241690526,0.01085425085985496,0.018333495990775855,1.001250422938947,1.002838526510664,48.22760542254984,-0.31895432914561844,48.22866011675257,90.00150990568412,0.8586778234147964,84.97609042409513,-0.717970731678474
2420000000.0,-34.4613628254705,0.011030656606312894,0.01892046731177865,1.0012707580029663,1.0029011149151308,48.166245743800694,-0.2951781862093563,48.16715020855824,90.37388014076149,0.8625581312883427,85.32956225181451,-0.7266469285670918
2430000000.0,-34.197280271118395,0.011226564061463929,0.019504552313947023,1.0012933415984793,1.0029687834904164,48.10551697066925,-0.2691837568840885,48.10627009975226,90.74607695427011,0.8664226589168912,85.68289585292447,-0.7352733261712114
2440000000.0,-33.942326325702304,0.011439140615976336,0.020085547930608492,1.0013178473315871,1.0030408606204364,48.04549780009511,-0.24099253760603986,48.04610219635019,91.11808759293697,0.8702901417118617,86.03609785109334,-0.74383675844254
2450000000.0,-33.69602756762825,0.011665410281622868,0.02066324959368247,1.0013439322595639,1.0031166405568168,47.98626616984484,-0.2106288613297973,47.98672843026935,91.48990151775497,0.8741810019957712,86.38917620521043,-0.752324828586166
2460000000.0,-33.457952007173304,0.01190230266761654,0.021237451478584433,1.0013712425292058,1.003195394709791,47.92789914433408,-0.17811987166016346,47.92823012670236,91.8615106034084,0.8781170652579191,86.74214011369318,-0.7607260466546287
2470000000.0,-33.22770443405683,0.012146701889060916,0.02180794676268918,1.0013994190091506,1.0032763829338687,47.87047280070654,-0.14349549026216246,47.87068786970697,92.23290930074849,0.8821212533521406,87.09499990478497,-0.7690299551808403
2480000000.0,-33.004922391803376,0.012395494678000317,0.022374527894307095,1.0014281028323198,1.0033588646408322,47.814062115876055,-0.10678837741230769,47.814181366812136,92.6040947596272,0.8862172594682751,87.44776691434959,-0.7772272414090924
2490000000.0,-32.789272680867114,0.012645616998655516,0.022936986868937845,1.0014569407680955,1.0034421095792188,47.75874085526597,-0.06803388565587878,47.758789313487085,92.97506691005388,0.8904292100528831,87.80045335275024,-0.7853098349626395
2500000000.0,-32.58044831012058,0.012894098509329389,0.02349511550945783,1.001485590348428,1.0035254081283422,47.70458146399159,-0.02727000664400705,47.7045892583499,93.34582850029686,0.8947813190229462,88.15307216257459,-0.7932709898847635
2510000000.0,-32.37816583040928,0.01313810426344102,0.024048705746820276,1.001513724677707,1.0036080809659111,47.651654961226875,0.015462688667858588,47.65165747000369,93.7163850912953,0.8992975398474062,88.50563686900917,-0.8011053502666741
2520000000.0,-32.182162995194034,0.01337497310031237,0.02459754989786106,1.0015410368628312,1.0036894879812528,47.60003083847373,0.06012111617009912,47.60006880638157,94.08674500739025,0.90400122102949,88.85816142475957,-0.8088089988494055
2530000000.0,-31.992196702457804,0.013602252241101105,0.0251414409368586,1.0015672440072878,1.0037690363207354,47.549776962413276,0.10665975070412408,47.54989658745504,94.456919244194,0.9089147705424042,89.21066005143474,-0.8163794882146005
2540000000.0,-31.808041179482167,0.013817727676604583,0.025680172757633738,1.001592090721211,1.0038461874681484,47.5009594829636,0.15503070363306296,47.50121247211716,94.82692133504109,0.9140593346058248,89.56314707935479,-0.8238158543833018
2550000000.0,-31.629486378165925,0.014019450008578835,0.026213540423159307,1.0016153521079898,1.003920463279929,47.453642747098755,0.2051838053000504,47.45408633999011,95.19676717821355,0.9194544959498948,89.91563678770214,-0.8311186128787613
2560000000.0,-31.456336553531862,0.014205755485396286,0.026741340399893544,1.0016368361971082,1.0039914509133354,47.40788921890211,0.2570666917202418,47.40858617883144,95.56647482773711,0.9251179963979861,90.26814324694001,-0.8382897375028435
2570000000.0,-31.288409002159394,0.01437528205311629,0.027263370774359648,1.001656385802169,1.0040588066042437,47.363759406232276,0.3106248947889592,47.36477797812124,95.93606425117011,0.931065488213444,90.62068016533439,-0.8453326222766153
2580000000.0,-31.125532940675598,0.014526980324585777,0.027779431449815088,1.0016738797924871,1.0041222582702087,47.32131179427989,0.3658019352407922,47.32272562931344,96.30555705834706,0.9373103181389631,90.97326074138681,-0.8522520272123435
2590000000.0,-30.967548507239663,0.01466011944968387,0.028289324321269006,1.0016892337759766,1.0041816069332572,47.28060278618272,0.42253941756148244,47.28249083312111,96.67497620549568,0.943863347545729,91.32589752382425,-0.8590540087473705
2600000000.0,-30.81430587131446,0.014774287948254434,0.028792853427481724,1.0017024002001673,1.0042367269752726,47.24168665075617,0.4807771260376711,47.24413301409133,97.04434567956166,0.9507328114711471,91.6786022807506,-0.8657458358529733
2610000000.0,-30.665664438973618,0.014869389643079375,0.029289825079048395,1.001713367887009,1.0042875652566952,47.20461547728169,0.5404531211320841,47.2077092426032,97.41369016788052,0.9579242187158383,92.0313858793914,-0.8723358929796383
2620000000.0,-30.5214921426542,0.014945634901019243,0.0297800479620911,1.001722161025365,1.004334139145952,47.169439137184064,0.6015038353875909,47.17327416430301,97.78303471855745,0.9654402944486089,92.38425817771731,-0.8788335711650834
2630000000.0,-30.38166480565515,0.015003527456724983,0.03026333321755828,1.001728837652825,1.0043765335227168,47.13620525232033,0.6638641680993232,47.14087993687175,98.15240439705047,0.9732809660771556,92.73722792909751,-0.885249148714065
2640000000.0,-30.24606557287347,0.015043847152739662,0.0307394944965605,1.0017334876653914,1.0044148968321729,47.10495916950124,0.7274675780419296,47.11057617390687,98.52182394450111,0.9814433924504855,93.09030270095637,-0.8915936629940793
2650000000.0,-30.11458440027876,0.015067628982833488,0.031208347992615543,1.0017362303997812,1.0044494362799916,47.07574394077365,0.7922461736041463,47.08240989559558,98.89131744327518,0.9899220357076961,93.44348880820607,-0.8978787749815804
2660000000.0,-29.98711759649515,0.015076138870579153,0.0316697124520877,1.0017372118383445,1.0044804122684583,47.04860030890882,0.8581307997583797,47.05642548576069,99.26090799507436,0.9987087744351715,93.79679126208156,-0.9041166282199992
2670000000.0,-29.86356741061033,0.015070846652289695,0.03212340916448126,1.001736601490919,1.004508132182925,47.023566697472205,0.9250511213800373,47.03266465477778,99.630617416697,1.0077930561046784,94.15021373478706,-0.9103197039446078
2680000000.0,-29.74384166097736,0.0150533967624957,0.03256926193460655,1.001734589011315,1.004532943644633,47.00067920479253,0.9929357025285287,47.01116640779265,100.0004659582583,1.0171620861418467,94.50375854018557,-0.9165006741043823
2690000000.0,-29.627853400347668,0.015025577140107715,0.03300709703891996,1.0017313806084303,1.0045552273506084,46.97997160110726,1.0617120814033074,46.99196701761528,100.37047204824901,1.0268010504079006,94.8574266305604,-0.9226722540688349
2700000000.0,-29.51552061316693,0.014989286885482947,0.03343674316861105,1.0017271953133782,1.0045753896241305,46.961475328133915,1.1313068407964255,46.97510000162813,100.74065206939031,1.0366933673504024,95.21121760929756,-0.9288470567280602
2710000000.0,-29.406765941311814,0.014946503201307984,0.03385803136219234,1.001722261164294,1.0045938547998292,46.94521950030644,1.201645673971719,46.96059610202715,101.11102016868539,1.0468209656026846,95.56512975916061,-0.9350374497142933
2720000000.0,-29.301516434933617,0.014899248145562939,0.03427079493050931,1.0017168113699149,1.0046110575662788,46.93123090691958,1.272653446009746,46.948483268708955,101.48158810453992,1.0571645824806186,95.91916008561869,-0.9412554173834032
2730000000.0,-29.199703325432434,0.014849555711485479,0.03467486937715524,1.0017110805114424,1.004627435385724,46.91953401444596,1.3442542507651154,46.93878664413314,101.85236513317456,1.0677040784593912,96.27330437455235,-0.9475124291208601
2740000000.0,-29.101261817899523,0.014799439729057076,0.03507009231731769,1.001705300839794,1.0046434211056876,46.91015096832357,1.4163714636823115,46.931528549516074,102.223357935947,1.078418762519681,96.62755726348782,-0.9538193154788345
2750000000.0,-29.006130900656824,0.014750863054880135,0.03545630339804192,1.0016996987221087,1.0046594358706173,46.90310159356107,1.48892779081382,46.9267284717587,102.59457058851976,1.0892877231208686,96.98191232534289,-0.9601861534781734
2760000000.0,-28.914253169784253,0.01470570848390269,0.035833344222815394,1.0016944912874695,1.004675882433853,46.898403393568834,1.561845314469835,46.9244030505689,102.96600457214569,1.1002901594488013,97.33636216356042,-0.9666221623675182
2770000000.0,-28.825574666767217,0.014665751776748361,0.03620105828323386,1.0016898833171803,1.0046931389608125,46.896071546694984,1.6350455360050355,46.92456606530895,103.33765882668568,1.111405707670309,97.69089851736403,-0.9731356109133985
2780000000.0,-28.74004472762055,0.014632637152332902,0.0365592909003088,1.0016860644198171,1.0047115534039954,46.896118900028675,1.7084494163141113,46.927228421181354,103.70952984430144,1.1226147569810248,98.04551237576452,-0.9797337372155165
2790000000.0,-28.657615842046603,0.014607855547397195,0.03690788917775128,1.001683206525699,1.0047314385191635,46.89855596011941,1.7819774146597904,46.93239813445302,104.08161180213985,1.1338987504643634,98.40019409886636,-0.9864226818321712
2800000000.0,-28.578243521376585,0.014592725893073463,0.03724670196927798,1.0016814617294734,1.0047530675800826,46.90339088035784,1.8555495264972444,46.940080316515434,104.45389673172221,1.1452404659928201,98.75493354493848,-0.9932074348765432
2810000000.0,-28.501886174221184,0.01458837960502149,0.03757557986166225,1.0016809605033168,1.0047766708367873,46.91062944486061,1.9290853209830652,46.95027715667561,104.82637472216692,1.1566242727816636,99.10972020167537,-1.0000917975236243
2820000000.0,-28.428504988911982,0.014595748428405293,0.03789437517493546,1.0016818102968927,1.0048024327495588,46.920275048801464,2.0025039788708594,46.96298790367341,105.19903415388521,1.1680363595640202,99.46454332002303,-1.0070783582420972
2830000000.0,-28.358063821972273,0.01461555572370381,0.038202941980745836,1.0016840945338403,1.0048304900180638,46.93232867523159,2.075724331490561,46.97820884602038,105.57186195888913,1.1794649308505387,99.81939204895426,-1.014168483858943
2840000000.0,-28.29052909198747,0.014648311223433217,0.038501136139526736,1.0016878720081488,1.004860930412248,46.946788868527996,2.148664901494933,46.99593329135044,105.94484390346835,1.1909003682256172,100.17425556954532,-1.0213623253700326
2850000000.0,-28.2258696783735,0.014694309236004656,0.03878881535672977,1.0016931766775898,1.0048937923992198,46.96365170470306,2.2212439460259503,47.016151545063906,106.31796488865602,1.2023353541849087,100.52912322678014,-1.028658838278904
2860000000.0,-28.164056824656825,0.014753630220229182,0.03906583925799024,1.0017000178453366,1.0049290655482788,46.982910758895,2.2933795029139072,47.03885088862905,106.6912092636084,1.2137649566359037,100.88398465749975,-1.0360558170365113
2870000000.0,-28.105064045982296,0.014826145604381334,0.03933206948271943,1.0017083807152145,1.0049666916848907,47.00455707043919,2.364989440468828,47.064015557979154,107.06456114687356,1.225186672778028,101.2388299130245,-1.043549942992172
2880000000.0,-28.04886704065966,0.014911525677145269,0.03958736979524937,1.0017182273006937,1.0050065667537502,47.02857910599087,2.435991511362274,47.09162672250631,107.43800475037197,1.236600431732944,101.59364957501481,-1.0511368451286798
2890000000.0,-27.995443605642873,0.015009250335237038,0.03983160621231146,1.0017294976628606,1.0050485433413394,47.0549627212319,2.5063034110266966,47.121662465204345,107.81152470089367,1.248008555936203,101.94843486326253,-1.0588111726993903
2900000000.0,-27.944773555907204,0.01511862243448131,0.040064647145324546,1.0017421114482523,1.005092433799682,47.08369112174228,2.57584284092283,47.15409776455028,108.18510635397612,1.2594156819532478,102.30317773420539,-1.0665666787198915
2910000000.0,-27.89683864775403,0.01523878345785605,0.040286363555676934,1.0017559696936242,1.0051380139053536,47.11474482365697,2.644527576942218,47.18890447873863,108.55873609511511,1.2708286420122,102.65787096906946,-1.0743963132090035
2920000000.0,-27.851622506125373,0.015368731186436536,0.04049662912094909,1.001770956861554,1.0051850269814733,47.14810161475412,2.7122755431279266,47.22605133289284,108.93240162351238,1.2822563081741765,103.01250825071737,-1.0822923248945855
2930000000.0,-27.809110556054684,0.015507339036910232,0.04069532040981921,1.001786943068228,1.005233188405243,47.18373651663395,2.7790048908074367,47.26550390987351,109.30609221379787,1.2937094016258028,103.36708422837657,-1.0902463700691651
2940000000.0,-27.76928995841283,0.015653376713073038,0.04088231706324932,1.0018037864628777,1.005282190419819,47.22162174864937,2.844634083146936,47.307224645285594,109.67979895155015,1.305200270159066,103.72159456964059,-1.0982496271708675
2950000000.0,-27.732149550137404,0.01580553180854287,0.04105750197942984,1.0018213357171537,1.0053317071668928,47.26172669423819,2.909081985049947,47.35117282725539,110.05351493882364,1.316742637352301,104.07603599923127,-1.106292915624057
2960000000.0,-27.69767978914708,0.015962431993508944,0.041220761499922216,1.0018394325821984,1.0053813998552548,47.30401787028492,2.9722679582439544,47.39730460150491,110.42723546639688,1.328351327466899,104.43040632424045,-1.11436681744298
2970000000.0,-27.665872704157344,0.0161226674201055,0.04137198559441282,1.0018579144713626,1.0054309219809325,47.3484589001073,3.034111961321627,47.445572982197035,110.80095814995072,1.3400419704060575,104.78470444568524,-1.1224618000752076
2980000000.0,-27.63672184961068,0.016284812988371773,0.041511068041564465,1.0018766170273352,1.0054799245160893,47.395010490619995,3.0945346544371795,47.49592786896043,111.1746830279822,1.351830691416903,105.13893035643102,-1.1305683389556485
2990000000.0,-27.61022226593699,0.016447450127677215,0.04163790660351482,1.0018953766339178,1.005528060986743,47.44363041417774,3.153457508295067,47.54831607043212,111.54841261984836,1.363733790438713,105.4930851256509,-1.138677038298763
3000000000.0,-27.58637044534485,0.016609187766756003,0.041752403191737494,1.001914032834753,1.005574992363484,47.49427349554275,3.210802917020166,47.60268133457778,111.92215194296398,1.3757674161788795,105.84717087019426,-1.1467787486526577
3010000000.0,-27.565164303332725,0.01676868218806904,0.041854464022149124,1.0019324306238915,1.0056203916944804,47.54689160435786,3.266494314455406,47.65896438596757,112.29590848882692,1.387947240039864,106.20119071338553,-1.1548646798105058
3020000000.0,-27.54660315608991,0.016924655489870332,0.04194399975756945,1.0019504225762448,1.0056639484163785,47.601433653441035,3.3204562934024846,47.71710297010229,112.66969215818787,1.4002881350552605,106.55514873189232,-1.1629265077708906
3030000000.0,-27.530687703933793,0.017075912409699436,0.04202092563590116,1.0019678707894542,1.0057053722856504,47.657845603148935,3.372614727303011,47.777031904801326,113.04351515631171,1.412803864869296,106.90904989148918,-1.1709564744979453
3040000000.0,-27.517420020906165,0.017221355297421668,0.04208516158267442,1.001984648612649,1.0057443968808533,47.71607047198781,3.4228968938466307,47.8386831385816,113.41739184991967,1.4255067876471612,107.26289997262951,-1.1789474793373047
3050000000.0,-27.506803550624422,0.017359997062313524,0.04213663230690918,1.0020006421417575,1.005780782634662,47.7760483535843,3.4712315999960737,47.90198581588071,113.79133858796561,1.438407579569172,107.61670548687533,-1.1868931610873485
3060000000.0,-27.49884310845742,0.01749097195697799,0.0421752673795634,1.0020157514654418,1.0058143193633915,47.83771644006461,3.5175493079295816,47.9668663489053,114.16537348899212,1.451514982208318,107.97047358531691,-1.1947879698273798
3070000000.0,-27.493544890067724,0.017613544100333414,0.042201001294171356,1.0020298916502755,1.0058448282708934,47.90100905183228,3.5617822614235592,48.03324849582329,114.53951619828574,1.4648355777521493,108.32421196022008,-1.2026272277321421
3080000000.0,-27.490916486336726,0.017727113681951578,0.0422137735096034,1.0020429934584134,1.005872163413018,47.965857673681775,3.6038646122266194,48.10105344496268,114.9137876185399,1.4783735955581614,108.67792874117815,-1.2104071782973211
3090000000.0,-27.490966904666607,0.017831220829348453,0.04221352847520048,1.00205500379554,1.0058962126180062,48.03219099714048,3.643732546012774,48.17019990463664,115.28820961809964,1.492130753054287,109.03163238713202,-1.2181250234699614
3100000000.0,-27.49370659662989,0.017925547159124915,0.04220021563886135,1.002065885891435,1.005916897867353,48.09993496889484,3.6813244075440275,48.24060419818032,115.66280472122256,1.5061061334434815,109.38533157560857,-1.2257789484239041
3110000000.0,-27.49914749192222,0.018009915069455665,0.04217378943894741,1.0020756192197318,1.0059341751502495,48.1690128451292,3.716580824717991,48.3121803637642,116.03759578501153,1.520296102119688,109.73903509060864,-1.2333681337797275
3120000000.0,-27.507303038560096,0.018084284867163077,0.04213420928114874,1.0020841991675826,1.005948033813083,48.23934525158737,3.7494448312245456,48.38484025853802,116.41260566788893,1.5346942630847356,110.09275171049859,-1.2408927553126736
3130000000.0,-27.518188249257097,0.018148749854712064,0.04208143950170135,1.002091636469671,1.0059584954329988,48.310850249159806,3.7798619875848845,48.45849366666213,116.78785689457703,1.5492914560737485,110.4464900973123,-1.2483539712740321
3140000000.0,-27.53181975391099,0.018203529532151676,0.04201544931855311,1.0020979564244483,1.0059656122514955,48.3834434048002,3.8077805003939766,48.53304841079616,117.16337132256503,1.5640757944448336,110.80025868879386,-1.2557538976446656
3150000000.0,-27.548215858137567,0.018248961094660725,0.041936212772254594,1.0021031979134505,1.005969465210044,48.45703786758704,3.833151339632203,48.60841046663929,117.5391698150315,1.5790327433176217,111.15406559446558,-1.2630955717630676
3160000000.0,-27.567396607797292,0.01828548942878197,0.041843708658489895,1.0021074122471496,1.0059701616349754,48.53154444976487,3.855928353953674,48.68448408014947,117.91527192502818,1.5941452368184363,111.50791849697043,-1.2703829049090893
3170000000.0,-27.589383859480673,0.018313655828085217,0.04173792045424949,1.0021106618628435,1.0059678326230315,48.60687171262858,3.8760683838921666,48.7611718871126,118.29169559558206,1.6093938327407715,111.86182455981421,-1.2776206245503667
3180000000.0,-27.614201356941717,0.018334085662950188,0.041618836239709786,1.002113018901704,1.0059626301822349,48.68292605714645,3.893531372954424,48.83837503477946,118.66845688008766,1.6247569023646946,112.21579034258221,-1.2848142070859436
3190000000.0,-27.641874813504003,0.018347475248503255,0.04148644861788658,1.0021145636931879,1.0059547241849127,48.75961181926032,3.9082804765896353,48.91599330534588,119.04556968705069,1.6402108527019787,112.56982172458031,-1.2919698020100558
3200000000.0,-27.672432000505598,0.018354578159570808,0.04134075463409909,1.0021153831755705,1.0059442991908372,48.83683136984097,3.9202821690328764,48.993925241106375,119.42304555287309,1.6557303779499424,112.92392383773694,-1.2990941485165368
3210000000.0,-27.705902841898133,0.018356191242471738,0.04118175569721475,1.002115569281474,1.005931551198638,48.91448521932524,3.929506348022598,49.072068271173755,119.80089344595214,1.6712887365452356,113.27810100949885,-1.3061944856659065
3220000000.0,-27.742319515176984,0.018353140569625576,0.041009457504523686,1.002115217316811,1.0059166843827347,48.992472127105664,3.9359264373799996,49.15031883971549,120.1791196048751,1.686858049867289,113.63235671630251,-1.3132784572661562
3230000000.0,-27.781716558884753,0.018346267575624298,0.04082386997196118,1.0021144243607134,1.0058999078712916,49.07068921578776,3.9395194874199864,49.22857253571539,120.55772741302067,1.7024096183138875,113.98669354807858,-1.3203540126911013
3240000000.0,-27.824130987010143,0.018336415602017826,0.040625007171209815,1.0021132877126933,1.005881432618004,49.14903209047193,3.940266273131877,49.30672422432279,120.93671731133855,1.7179142502900842,114.3411131841198,-1.3274293049010693
3250000000.0,-27.86960241069034,0.018324417063246657,0.0404128872750153,1.0021119034115644,1.0058614684170517,49.22739496325166,3.938151390029052,49.38466817989935,121.3160867505051,1.7333425994403728,114.69561638047908,-1.334512586935589
3260000000.0,-27.918173167722497,0.01831108142840839,0.04018753251182484,1.0021103648485952,1.0058402211063735,49.30567078315002,3.933163347518382,49.462298220914036,121.69583018314681,1.7486655054018378,115.05020296894685,-1.3416121081527854
3270000000.0,-27.969888460498048,0.018297184192873087,0.0399489691306128,1.0021087614949709,1.005817889999583,49.38375137173687,3.925294659584501,49.53950784686992,122.07593909619231,1.7638543332781398,115.40487186749984,-1.3487360115092226
3280000000.0,-28.024796503090073,0.018283456990766642,0.03969722737651603,1.0021071777609833,1.0057946655814658,49.46152756468022,3.914541932522652,49.616190377467504,122.45640208290776,1.7788813071113019,115.75962110198459,-1.3558922330971552
3290000000.0,-28.08294867835864,0.018270578974973355,0.039432341477621785,1.0021056920015468,1.0057707274963068,49.538889359486916,3.900905949386377,49.6922390942232,122.83720495357738,1.7937198326870474,116.1144478386667,-1.3630884051727594
3300000000.0,-28.144399706077557,0.018259169564732423,0.03915434964301362,1.002104375679568,1.005746242852104,49.61572606967517,3.8843917507483003,49.767547384759936,123.21833088327148,1.808344805205805,116.4693484271472,-1.3703317638127295
3310000000.0,-28.209207823246345,0.01824978263426153,0.03886329407190945,1.0021032926956241,1.0057213648575316,49.69192648559989,3.865008711301215,49.84200888997852,123.59976059464097,1.8227328975403803,116.82431845302199,-1.3776290622934015
3320000000.0,-28.277434977922127,0.01824290218820752,0.0385592209734876,1.002102498889209,1.0056962318020797,49.76737904211492,3.8427706117581484,49.91551765429395,123.98147257316063,1.836862825109658,117.17935279956053,-1.3849864911973977
3330000000.0,-28.349147038096426,0.01823893954238497,0.03824218059676136,1.0021020417136588,1.0056709663834789,49.841971993208666,3.8176957054436795,49.98796827908851,124.3634433118473,1.8507155836967053,117.53444571756506,-1.3924096061699613
3340000000.0,-28.42441401734975,0.018238232001209657,0.03791222726965574,1.0021019600837444,1.0056456753802285,49.915593593689294,3.7898067789083147,50.059256079488584,124.74564758201701,1.864274656955453,117.88959090249061,-1.3999032641440736
3350000000.0,-28.503310319248698,0.018241042997425124,0.03756941944624563,1.002102284391949,1.0056204496610905,49.988132287923875,3.7591312058441146,50.12927724451779,125.12805872634381,1.8775261907361642,118.24478157781672,-1.4074715687303112
3360000000.0,-28.585915002705708,0.01824756363482272,0.03721381976095618,1.0021030366865735,1.0055953645176532,50.05947690555416,3.7257009935345624,50.1979290006165,125.51064897011159,1.8904591318452786,118.60001058360476,-1.4151178253890804
3370000000.0,-28.67231207080685,0.018257915551872696,0.03684549508839452,1.0021042310021964,1.0055704803008123,50.12951686401994,3.689552821038791,50.265109778446664,125.89338974636797,1.903065329354375,118.95527046910796,-1.4228445068240994
3380000000.0,-28.76259078593374,0.01827215500311142,0.036464516607374514,1.0021058738305795,1.0055458433371587,50.1981423776232,3.650728068287178,50.33071938282533,126.27625203043242,1.915339597065463,119.31055358827828,-1.4306532289624367
3390000000.0,-28.85684601436244,0.018290278036721074,0.036070959867642596,1.0021079647179998,1.005521487097025,50.265244672760645,3.60927283525908,50.394659165548795,126.65920667911818,1.927279736317264,119.66585219697207,-1.438544737726739
3400000000.0,-28.95517860393005,0.018312226630626077,0.03566490485777129,1.0021104969731254,1.0054974335822382,50.33071620884583,3.565237950418394,50.45683220078803,127.04222476993557,1.9388865188347404,120.02115855064831,-1.4465189066625854
3410000000.0,-29.057695798821555,0.018337895636456228,0.035246436072689506,1.0021134584680638,1.00547369489865,50.39445090433092,3.5186789676046177,50.51714346265119,127.42527793555915,1.9501636299163767,120.37646500137656,-1.4545747453947688
3420000000.0,-29.16451169605352,0.0183671403704772,0.03481564257936837,1.002116832514029,1.005450274976165,50.4563443671308,3.469656150614985,50.575500004428946,127.80833868888193,1.9611175727826344,120.73176409294933,-1.4627104186994528
3430000000.0,-29.275747748837382,0.018399784683571528,0.03437261807924561,1.002120598792266,1.005427171397391,50.51629412864553,3.418234444764885,50.631811138958916,128.1913807341215,1.9717575354819663,121.0870486529705,-1.4709232759011088
3440000000.0,-29.39153332270164,0.01843562933842496,0.033917460966077194,1.0021247343204156,1.005404377295149,50.57419988047834,3.3644834347817087,50.68598861947448,128.57437925962827,1.9820952222608712,121.44231188080138,-1.4792098901466808
3450000000.0,-29.51200631105604,0.018474460521308342,0.03345027437805207,1.0021292144344207,1.005381883278916,50.62996371285252,3.3084772884699816,50.73794682023588,128.95731120829444,1.9921446518204382,121.79754743032183,-1.4875661070099249
3460000000.0,-29.637313817823152,0.01851605831814459,0.032971166243154645,1.0021340137663284,1.0053596793508452,50.6834903536493,3.2502946856791017,50.7876029161863,129.3401555217797,2.001921925361033,122.15274948653926,-1.4959871017567072
3470000000.0,-29.767612915852997,0.018560204989901213,0.0324802493169709,1.0021391071989685,1.0053377567732382,50.73468740691704,3.190018732213996,50.834877060827665,129.7228933551389,2.011444967743391,122.50791283513884,-1.5044674445208706
3480000000.0,-29.903071491126955,0.018606692890377405,0.0319776412123288,1.0021444707794065,1.005316109851241,50.783465589645424,3.127736858443705,50.87969256147651,130.1055082588423,2.020733245482002,122.8630329241875,-1.513001172529316
3490000000.0,-30.043869184266562,0.018655331880340728,0.031463464420412965,1.0021500825743248,1.0052947375970607,50.82973896555534,3.063540702489357,50.9219760510362,130.4879863256651,2.0298074656487506,123.2181059172831,-1.5215818684354523
3500000000.0,-30.190198442655245,0.01870595610506524,0.03093784632323497,1.002155923451995,1.0052736452450408,50.87342517462924,2.9975259780024235,50.96165765541188,130.87031630039772,2.038689260001099,123.5731287375713,-1.5302027437807018
3510000000.0,-30.342265698605132,0.018758430017567513,0.030400919197608744,1.0021619777772603,1.0052528455904897,50.914445657096316,2.929792326678596,50.998671155696584,131.2524896508885,2.047400858915039,123.9280991021432,-1.5388567265119346
3520000000.0,-30.50029269153314,0.01881265354694752,0.029852820211058752,1.0021682340079203,1.0052323601291075,50.95272587059473,2.8604431557876326,51.032954144272956,131.6345005994682,2.0559647598326163,124.28301554647092,-1.5475365514638935
3530000000.0,-30.664517955141687,0.01886856632983008,0.029293691410372774,1.0021746851830522,1.0052122199781959,50.988195499256804,2.7895854611326327,51.06444817400257,132.01634611439613,2.064403395007948,124.63787743865494,-1.5562348526787084
3540000000.0,-30.83519849424196,0.01892615094228415,0.028723679703804315,1.0021813292960402,1.005192466565305,51.02078865350422,2.717329635981445,51.093098899715685,132.3980258615362,2.0727388033721965,124.99268498336829,-1.564944256429894
3550000000.0,-31.012611680248074,0.01898543509031647,0.028142936838246334,1.0021881695474728,1.0051731520747955,51.05044405939701,2.6437892666372242,51.11885621126523,132.779542117064,2.0809923112760758,125.34743921554143,-1.5736574738041176
3560000000.0,-31.197057399698984,0.01904649273748253,0.027551619373002614,1.0021952144754276,1.005154339647523,51.077105236450194,2.5690809154286636,51.14167435746925,133.16089964256483,2.0891842267217093,125.70214198391365,-1.5823673917304386
3570000000.0,-31.388860496642785,0.019109444168846107,0.026949888652132176,1.0022024779630505,1.005136103333641,51.10072066291851,2.4933238920060004,51.16151206033765,133.5421055244432,2.097333551519894,126.0567959247471,-1.5910671613369123
3580000000.0,-31.588373557648506,0.019174455010955042,0.026337910777691702,1.0022099791256946,1.005118527803259,51.12124392764266,2.4166400139206683,51.178332619052995,133.92316898008127,2.1054577155391154,126.41140442607153,-1.5997502826051293
3590000000.0,-31.795980097951396,0.019241734246874465,0.025715856586608354,1.0022177420821192,1.0051017078241644,51.138633867657845,2.339153357546485,51.192104003258976,134.30410113367418,2.1135723368773904,126.76597158297368,-1.6084106843106591
3600000000.0,-32.01209821927822,0.019311531283774403,0.025083901634360438,1.0022257956163796,1.0050857475200874,51.152854690876865,2.2609900004645187,51.20279893529419,134.6849147651162,2.1216910114187364,127.1205021445344,-1.617042798298238
3610000000.0,-32.237184824854054,0.01938413214760752,0.024442226189176765,1.0022341727390052,1.005070759426921,51.163876083277856,2.1822777564842637,51.21039496109611,135.06562403570274,2.1298251347937107,127.47500145311346,-1.6256416272622956
3620000000.0,-32.47174049578219,0.019459854894686494,0.02379101524110171,1.0022429101578245,1.0050568633678274,51.17167330014711,2.103145904507949,51.214874509585954,135.44624419474923,2.137983759271146,127.82947537677092,-1.6342028052321789
3630000000.0,-32.71631515648199,0.019539044343354923,0.023130458531080367,1.002252047670341,1.0050441851712493,51.176227241048814,2.023724912465185,51.21622494043073,135.8267912715105,2.1461734876140977,128.18393023570002,-1.6427226500980812
3640000000.0,-32.97151468660416,0.019622066240190316,0.022460750606233277,1.002261627490859,1.0050328552584205,51.177524508312835,1.9441461575493857,51.21443858015896,136.20728175698724,2.1543984053733496,128.53837272358945,-1.6511982075902105
3650000000.0,-33.23800867472651,0.019709300984115066,0.021782090908826983,1.0022716935265923,1.0050230071290238,51.17555744894688,1.8645416439787676,51.20951274668207,136.58773228034903,2.162660052506708,128.89280982491354,-1.6596272862503958
3660000000.0,-33.516539557752,0.019801137038263063,0.021094683908234532,1.0022822906177309,1.005014775775114,51.17032417999202,1.7850437194831867,51.201449762345035,136.9681592847773,2.170957434658972,129.24724872916778,-1.668008483036344
3670000000.0,-33.80793345282739,0.01989796416346433,0.02039873928756613,1.0022934637569043,1.005008296054335,51.16182859744167,1.7057847916842102,51.19025695568974,137.34857870752305,2.179287073836891,129.60169674310248,-1.6763411993199215
3680000000.0,-34.11311307061552,0.020000166608613087,0.019694472199945752,1.0023052573036433,1.005003701053757,51.1500803689419,1.626897045493012,51.17594665217097,137.72900566890772,2.1876430976353323,129.95616120203954,-1.6846256471439434
3690000000.0,-34.43311320666722,0.020108116392304032,0.01898210361393636,1.0023177142093358,1.0050011204754379,51.13509491057547,1.5485121625986236,51.158536154109,138.1094541748508,2.196017365604557,130.3106493813175,-1.6928628457649382
3700000000.0,-34.76909945092895,0.020222166806410976,0.018261860773985922,1.0023308752677473,1.005000679073937,51.11689334811039,1.4707610440610552,51.138047710201256,138.48993683728708,2.204399630814543,130.66516840895142,-1.7010546085495133
3710000000.0,-35.12239094762847,0.02034264626660943,0.017533977810734007,1.0023447784055195,1.0050024951746774,51.09550246315754,1.3937735369604651,51.11450847494153,138.8704646165849,2.2127777341575663,131.01972518053182,-1.7092035204925615
3720000000.0,-35.494488298306635,0.020469852626659714,0.016798696548921493,1.0023594580261177,1.005006679300155,51.0709546247406,1.3176781659868537,51.0879504583168,139.25104658971605,2.2211378284421226,131.3743262773626,-1.7173129066666373
3730000000.0,-35.88710805796864,0.020604048063299463,0.016056267579336654,1.0023749444195493,1.005013332928674,51.04328770682474,1.2426018707881157,51.05841046616092,139.63168974755882,2.2294646289295,131.72897788880329,-1.725386792064059
3740000000.0,-36.30222577001938,0.020745454626650978,0.01530695168881197,1.0023912632487975,1.0050225474075236,51.01254499238944,1.1686697498251288,51.02593003155076,140.0123988242725,2.2377416865702986,132.08368573970318,-1.7334298533541168
3750000000.0,-36.74213018252266,0.020894250537452957,0.014551021783559319,1.0024084351223486,1.0050344030393812,50.97877506465545,1.096004811417298,50.99055533762489,140.39317616120334,2.245951679879975,132.43845502375686,-1.7414473632125573
3760000000.0,-37.209492281622836,0.021050567297892977,0.013788765504128792,1.0024264752605185,1.005048968357355,50.942031686098744,1.024727732597883,50.95233713220075,140.7740216072721,2.2540767211386723,132.79329034353825,-1.7494451279246068
3770000000.0,-37.707454214865464,0.021214487666588355,0.013020488828234493,1.002445393261412,1.005066299600353,50.902373665893734,0.954956626338716,50.911330634549905,141.15493245726017,2.262098672391871,133.14819565787087,-1.757429419055348
3780000000.0,-38.2397452884379,0.021386044532078517,0.012246521113583032,1.002465192970485,1.0050864403967372,50.85986471643741,0.8868068176468566,50.86759543467864,141.53590342884462,2.2699994666191454,133.50317423711098,-1.7654069000516248
3790000000.0,-38.810835376050846,0.02156522070175762,0.011467222287070556,1.0024858724556762,1.0051094216601995,50.81457329960787,0.8203906289860612,50.82119538544277,141.91692667867923,2.2777614293653574,133.85822862682053,-1.773384548676054
3800000000.0,-39.42614086903887,0.021751949606304374,0.010682993312997218,1.002507424088121,1.0051352616979254,50.76657246340997,0.7558171754281433,50.77219848780755,142.2979918572394,2.285367596128784,134.21336062018918,-1.7813695762275104
3810000000.0,-40.09230570446648,0.02194611690233878,0.00989429181035432,1.0025298347264782,1.005163966527128,50.71593966965754,0.6931921698984631,50.72067676954588,142.6790862015961,2.2928020209018287,134.56857123948788,-1.7893693445328724
3820000000.0,-40.817591646375185,0.02214756293967449,0.009101656010469243,1.0025530860010006,1.0051955303922626,50.66275661333926,0.6326177388424407,50.666706157652975,143.06019466473379,2.30005007136546,134.92386072668936,-1.7973912817120885
3830000000.0,-41.61243052637246,0.02235608604358976,0.008305742709935013,1.0025771546916555,1.0052299364715793,50.60710903431044,0.5741922486070404,50.61036634474153,143.44130007949533,2.307098706489037,135.27922854331536,-1.8054427977110519
3840000000.0,-42.49022081717543,0.02257144654757693,0.007507389682032845,1.0026020131928657,1.005267157758225,50.54908652195015,0.5180101428017516,50.55174064967148,143.8223833547602,2.313936732512597,135.63467337943266,-1.8135312006313062
3850000000.0,-43.46849773285165,0.022793371498698835,0.006707722900226985,1.0026276300559094,1.0053071580980357,50.48878231342251,0.46416179087670084,50.490915872662434,144.20342370097862,2.3205550336433016,135.99019317163865,-1.8216636148157812
3860000000.0,-44.57067490897408,0.023021559945342763,0.00590835054863281,1.0026539705985928,1.0053498933633294,50.4262930861802,0.4127333481304522,50.42798214513451,144.58439888179362,2.3269467741599614,136.3457851297504,-1.829846901666523
3870000000.0,-45.82863076334637,0.023255688706749458,0.0051117365368982485,1.0026809975706037,1.0053953127396036,50.36171874535247,0.3638066273366626,50.363032774527,144.96528548809246,2.333107569048654,136.7014457718079,-1.838087584105421
3880000000.0,-47.28635383345967,0.02349541851531802,0.004321975576227188,1.0027086718619866,1.0054433601001107,50.29516220666303,0.31745898215398993,50.296164084350366,145.34605923054252,2.3390356207389864,137.05717096695219,-1.8463917755512995
3890000000.0,-49.00386825468801,0.023740400415805243,0.0035465540852739935,1.0027369532413848,1.0054939754416947,50.22672917553222,0.27376320245981317,50.22747524974035,145.72669524638292,2.3447318200458787,137.41295598555695,-1.8547651142169588
3900000000.0,-51.054359443597704,0.023990282301323315,0.002800799548971599,1.0027658011101994,1.0055470963542936,50.15652792302443,0.23278742172150227,50.15706812879756,146.10716841607245,2.3501998098946584,137.76879555602503,-1.863212703470818
3910000000.0,-53.471761956961174,0.024244715463473128,0.002120371226238686,1.002795175258521,1.0056026594959047,50.08466905931373,0.19459503649054058,50.08504709001685,146.48745368526113,2.355446010987076,138.1246839274845,-1.8717390589290246
3920000000.0,-55.93801324038374,0.02450336103399186,0.0015962442210538583,1.002825036608683,1.0056606020448198,50.01126530534997,0.15924463807356956,50.01151883613271,146.8675263874826,2.360479609098312,138.48061493762282,-1.8803480628471112
3930000000.0,-56.958921228617015,0.024765896197212867,0.0014192337769463647,1.0028553479325097,1.0057208631013488,49.93643126341788,0.1267899563987964,49.93659222473138,147.2473625629735,2.365312504255613,138.83658208480037,-1.8890429263111046
3940000000.0,-55.36625424666586,0.025032020056911485,0.0017048543720795438,1.0028860745288115,1.0057833850122389,49.86028318729264,0.09727981605904239,49.86037808600762,147.62693926910632,2.369959222604455,139.19257860357104,-1.8978261596125667
3950000000.0,-52.810892740413955,0.025301459047284706,0.0022879965379734284,1.002917184848397,1.0058481145923917,49.782938752700964,0.07075810446972729,49.78298903806925,148.0062348780431,2.3744367922815006,139.54859754267125,-1.9066995511008156
3960000000.0,-50.45392464711569,0.025573971786079053,0.003001261019572213,1.0029486510548151,1.0059150042203808,49.70451682880306,0.04726375203446495,49.704539300219075,148.38522935742867,2.3787645851722767,139.9046318445446,-1.9156641547003241
3970000000.0,-48.467741366356094,0.025849353277890685,0.0037723582670426653,1.0029804495101924,1.0059840127865625,49.625137251411125,0.026830724163186912,49.6251445046677,148.76390453019786,2.3829641268579134,140.26067442544112,-1.924720286187437
3980000000.0,-46.79675115369355,0.026127438387134157,0.004572591896042223,1.003012561176856,1.0060551064752044,49.54492059865708,0.009488024934750827,49.54492150715199,149.14224430989657,2.3870588775690043,140.6167182551288,-1.9338675281868496
3990000000.0,-45.36948698415532,0.0264081045134844,0.005389216748352259,1.0030449719269614,1.0061282593651193,49.463987969813914,-0.004740287857128817,49.46398819695218,149.52023490826772,2.391073987313903,140.97275643527382,-1.943104743782646
4000000000.0,-44.1300493117421,0.026691273416544772,0.006215807188894602,1.0030776727539532,1.0062034538364963,49.38246076796038,-0.015835076590929177,49.382463306813655,149.89786501229065,2.39503602876654,141.32878227556867,-1.9524300985037597
4010000000.0,-43.03776390024663,0.026976912151843394,0.007048745088556934,1.003110659881463,1.0062806807751477,49.30046048715872,-0.023782087009658556,49.300466223288005,150.2751259282998,2.3989727117463495,141.6847893667045,-1.9618410903682362
4020000000.0,-42.063094090967034,0.027265033096002946,0.007885791596067407,1.0031439347670572,1.0063599395690306,49.21810850478823,-0.028571901146304774,49.218116798010904,150.6520116912999,2.4029125834305143,142.04077164935856,-1.97133458755315
4030000000.0,-41.18424981927997,0.02755569305514537,0.008725443467184454,1.0031775040001274,1.0064412378956245,49.135525879643104,-0.03019988046360949,49.135535160430045,151.0285191381165,2.4068847185720847,142.3967234783805,-1.9809068731991701
4040000000.0,-40.38483245284907,0.027848991467031098,0.00956661678079205,1.0032113790951092,1.0065245913025413,49.05283315636395,-0.028666099741692323,49.052841532487726,151.4046479435465,2.410918404161092,142.7526396814625,-1.9905536967395638
4050000000.0,-39.65225373385334,0.028145067723425676,0.01040848003024141,1.0032455761830663,1.0066100225874326,48.97015017672456,-0.023975272293813157,48.97015604574523,151.78040061920865,2.415042823005682,143.1085156116292,-2.000270331109502
4060000000.0,-38.97667107916631,0.02844409765500399,0.011250360683714464,1.003280115606503,1.0066975609869115,48.887595898243696,-0.01613666713562959,48.88759856141433,152.15578247534665,2.41928674070476,143.46434719295758,-2.0100516350809805
4070000000.0,-38.35025974577169,0.02874628923609359,0.012091690230044758,1.0033150214239996,1.0067872411876602,48.8052882205331,-0.005164018769952235,48.80528849373187,152.53080154637937,2.423678200400677,143.82013095904267,-2.019892119956522
4080000000.0,-37.76670590399314,0.029051877580406057,0.012931970486852289,1.0033503208328696,1.006879102176095,48.7233438197304,0.00892456971850321,48.72334463707931,152.90546848149285,2.42824422959197,144.17586408379964,-2.0297860197696904
4090000000.0,-37.22084673179622,0.02936111931186697,0.013770752200997901,1.003386043519531,1.0069731859459594,48.64187799129884,0.026106729538661475,48.64188499720924,153.27979640210083,2.4330105630335077,144.5315444042851,-2.0397273641360796
4100000000.0,-36.70841012896238,0.029674286405798313,0.01460762103843142,1.0034222209485786,1.0070695360857804,48.56100450140633,0.04635593430268947,48.56102662689753,153.6538007284448,2.4380013855517673,144.8871704353379,-2.0497100528408816
4110000000.0,-36.22582319607976,0.029991659605469047,0.01544218816900364,1.0034588856026678,1.0071681962703949,48.480835447024084,0.06964161262303237,48.480885466291106,154.0274989780619,2.4432390982365706,145.2427413759211,-2.059727931265552
4120000000.0,-35.77006904356089,0.030313521526942867,0.016274083794295027,1.003496070186241,1.0072692086825727,48.40148112481412,0.09592926445006879,48.401576188173,154.40091053922637,2.448744111136119,145.59825710715435,-2.0697748657262833
4130000000.0,-35.33857815291978,0.030640149571033014,0.017102952610024414,1.0035338068068056,1.0073726123921398,48.32304990880134,0.12518058040925342,48.32321204831294,154.7740564228233,2.454534665170667,145.95371818213385,-2.0798448178250424
4140000000.0,-34.92914483688249,0.03097180876508896,0.017928450569678952,1.0035721261479305,1.007478441720907,48.2456481367569,0.1573535634130864,48.24590474102101,155.14695899640157,2.4606266855143564,146.30912580771394,-2.089931916918364
4150000000.0,-34.53986220276223,0.03130874465930202,0.01875024254141139,1.0036110566483536,1.0075867246221866,48.169380005150096,0.19240265184590757,48.16976425996905,155.51964170440365,2.4670336682487943,146.6644818185592,-2.1000305298414044
4160000000.0,-34.1690709445145,0.03165117640169877,0.019568000589438403,1.00365062370154,1.0076974811035582,48.09434747246241,0.2302788436495156,48.09489876429499,155.89212877870378,2.4737666015565476,147.01978864381385,-2.110135327073338
4170000000.0,-33.81531860129453,0.0319992901138351,0.020381402699289633,1.0036908488897804,1.0078107217210786,48.02065017059681,0.2709298206764955,48.021414449957334,156.2644449437535,2.4808339222389244,147.3750492668777,-2.1202413445665256
4180000000.0,-33.47732683091939,0.0323532326845413,0.021190131823266543,1.0037317492663909,1.0079264461720565,47.948385324061626,0.3143000727207292,47.94941542626355,156.63661512063797,2.488241507789569,147.7302671788113,-2.1303440405277287
4190000000.0,-33.15396488763434,0.03271310609276286,0.021993875160159278,1.0037733366988422,1.0080446420120879,47.877647676558055,0.3603310206848856,47.87900359745483,157.0086641343463,2.495992703745316,148.08544632599902,-2.1404393465010916
4200000000.0,-32.84422795102274,0.03307896236213486,0.0227923236085917,1.0038156172846908,1.0081652835201236,47.8085294245604,0.4089611383974457,47.81027854919669,157.38061642848447,2.504088385505696,148.44059105274417,-2.15052371218521
4210000000.0,-32.54721928350685,0.03345079923986218,0.023585171350726502,1.0038585908510174,1.0082883307330335,47.741120157442104,0.46012607265069955,47.74333743979423,157.75249579150665,2.51252705332448,148.79570603953306,-2.160594143485957
4220000000.0,-32.26213543571964,0.033828556680971386,0.024372115535099804,1.003902250546759,1.008413728668504,47.67550680367456,0.5137587610897437,47.67827489592944,158.1243250983507,2.5213049586758935,149.15079623775725,-2.1706482334003043
4230000000.0,-31.988253897890996,0.034212114205927936,0.025152856035866682,1.0039465825358165,1.0085414067521061,47.61177358260458,0.5697895476449389,47.615182912699275,158.49612607108747,2.530416259755872,149.50586680170397,-2.1806841854066614
4240000000.0,-31.724922729096892,0.03460128918546193,0.025927095271774208,1.0039915657971872,1.0086712784611194,47.55000196130692,0.6281462952622116,47.55415075772612,158.86791906189984,2.539853203460747,149.86092301867475,-2.190700829144129
4250000000.0,-31.471551797127507,0.03499583609153403,0.02669453807257405,1.0040371720366568,1.0088032411942753,47.49027061600116,0.6887544957469827,47.49526487910595,159.2397228613448,2.5496063308120944,150.2159702380882,-2.2006976282522586
4260000000.0,-31.227605338620382,0.035395446737533726,0.02745489158373762,1.0040833657127586,1.008937176372936,47.43265539752781,0.7515373765977855,47.438608816965186,159.61155453443968,2.5596647024635244,150.5710138004341,-2.2106746803205497
4270000000.0,-30.992595608177922,0.03579975151473558,0.028207865202680885,1.0041301041778556,1.0090729497755238,47.37722930038687,0.8164160047630443,47.38426311840535,159.98342928669257,2.5700161406521556,150.92605896695278,-2.2206327090292564
4280000000.0,-30.76607743096192,0.03620832161584696,0.028953170541412995,1.004177337933333,1.0092104121032752,47.32406243485833,0.883309387309588,47.33230525562936,160.35536036171965,2.5806474837456657,151.28111085088725,-2.2305730486258297
4290000000.0,-30.547643508997602,0.03662067222014173,0.02969052141177085,1.0042250109960014,1.0093493997716219,47.27322200174727,0.9521345690414402,47.28280954706526,160.72735897159333,2.591544849352616,151.636174351121,-2.2404976209807566
4300000000.0,-30.336920359519223,0.03703626659923141,0.03041963383034146,1.0042730613710298,1.0094897359179122,47.22477226932167,1.0228067271535712,47.235847081325886,161.09943426060826,2.6026939019042583,151.99125408901028,-2.2504089055640106
4310000000.0,-30.1335647859492,0.0374545210869718,0.031140226040831366,1.0043214216249248,1.009631231612584,47.17877455204377,1.095239263046887,47.19148564387322,161.47159330255366,2.614080120525595,152.3463543491429,-2.26030990275597
4320000000.0,-29.937260799836768,0.037874810843225956,0.03185201855213851,1.0043700195504808,1.0097736872576788,47.13528719072908,1.1693438914650205,47.14978964628597,161.84384113117312,2.625689063100072,152.70147902471726,-2.2702040909880847
4330000000.0,-29.74771692631132,0.03829647632759522,0.03255473419070678,1.004418778914048,1.0099168941534147,47.09436553380647,1.2450307271446537,47.1108200580643,162.2161808028971,2.6375066224620003,153.0566315681878,-2.2800953782753557
4340000000.0,-29.56466383707731,0.038718830387830395,0.033248098165982135,1.004467620274141,1.0100606362108504,47.056061919389975,1.3222083691939652,47.07463434093812,162.58861349050952,2.649519270862314,153.41181494771962,-2.289988048775247
4350000000.0,-29.387852264284966,0.0391411658569782,0.033931838147934094,1.0045164618591729,1.0102046917861687,47.020425657913805,1.4007839834325706,47.04128638568083,162.96113860590646,2.6617142890013206,153.76703160995746,-2.299886705058441
4360000000.0,-29.217051156202917,0.03956276354491605,0.03460568435567759,1.00456522049112,1.0103488356100974,46.9875030151225,1.4806633829386031,47.01082645146457,163.3337539496962,2.674079976232729,154.1222834495257,-2.3097962068122815
4370000000.0,-29.052046041833695,0.03998290050297126,0.03526936965627888,1.0046138125411077,1.0104928407843312,46.9573371952466,1.5617511070551506,46.98330110782423,163.7064558849715,2.6866058388521155,154.47757178556503,-2.3197216067659383
4380000000.0,-28.89263757673625,0.04040085843549525,0.03592262967281789,1.0046621549023427,1.0106364808156292,46.929968324232924,1.643950499110881,46.95875317932784,164.07923953224426,2.699282753716928,154.83289734556809,-2.3296680846182984
4390000000.0,-28.738640246552563,0.04081593212936046,0.03656520290076042,1.0047101659654674,1.0107795316575308,46.90543343293366,1.7271637831053697,46.93722169307682,164.45209898222197,2.7121031048871527,155.18826025665956,-2.339640879792597
4400000000.0,-28.5898812082508,0.04122743777150517,0.03719683083166027,1.0047577665813083,1.010921773729378,46.88376644019239,1.811292139604525,46.91874182918276,164.82502752284813,2.7250608913893126,155.54366004436628,-2.3496452238533183
4410000000.0,-28.44619925203193,0.041634721025930244,0.03781725808315526,1.0048048809961254,1.0110629938825657,46.864998135793876,1.8962357810784518,46.90334487438402,165.1980178768462,2.738151804681475,155.89909563887068,-2.359686273396661
4420000000.0,-28.30744386929809,0.04203716474481176,0.038426232534184465,1.0048514377448377,1.0112029872846384,46.849156163272525,1.981894026902487,46.891058178980856,165.5710624458506,2.7513732748818147,156.2545653886153,-2.369769044234961
4430000000.0,-28.173474414142397,0.04243419619372243,0.03902350546430926,1.0048973704883095,1.0113415591930417,46.83626500259534,2.0681653782247835,46.88190511727339,165.94415355715714,2.7647244853102637,156.61006708104316,-2.3798983476765483
4440000000.0,-28.04415934755915,0.042825293678235676,0.03960883169597315,1.0049426187816162,1.0114785265919726,46.82634595275524,2.154947592887009,46.875905051691596,166.31728370909747,2.7782063554160095,156.96559797019913,-2.390078729658166
4450000000.0,-27.91937555503647,0.043209992468146705,0.040181969738533406,1.004987128761237,1.0116137196678237,46.819417114324104,2.242137760565764,46.873073300802666,166.69044581111075,2.791821492641079,157.32115481080166,-2.400314413454474
4460000000.0,-27.799007729442316,0.04358788992634356,0.04074268193286708,1.0050308537403727,1.0117469831011852,46.81549337202651,2.3296323782843262,46.87342111137407,167.0636334146862,2.8055741142674786,157.6767338983462,-2.410609246657592
4470000000.0,-27.6829478121712,0.04395864976157976,0.04129073459536634,1.00507375470299,1.0118781771561909,46.81458637740157,2.417327426425466,46.8769556346585,167.43684093153647,2.819469940745655,158.03233111471638,-2.420966653028594
4480000000.0,-27.571094486419586,0.04432200533788028,0.0418258981601639,1.0051158006887613,1.012007178551114,46.816704531623515,2.505118445359647,46.88367990704889,167.81006383559344,2.8335160624741245,158.38794197871462,-2.431389589808559
4490000000.0,-27.46335271722978,0.04467776198799796,0.04234794731846282,1.0051569690627615,1.0121338810975247,46.82185296855249,2.592900612787115,46.893592835232184,168.18329884569877,2.8477207823639676,158.74356170088217,-2.441880510956637
4500000000.0,-27.359633333600737,0.04502579829388288,0.04285666115390628,1.0051972456655895,1.0122581960989483,46.83003353808364,2.680568821879417,46.906689185945226,168.55654408619847,2.862093436907006,159.09918524191167,-2.4524413367602733
4510000000.0,-27.259852648531382,0.04536606631309697,0.043351823272992654,1.0052366248414308,1.0123800525036843,46.841244789859275,2.768017760295061,46.92295958041039,168.92979922302484,2.8766441987849696,159.4548073739249,-2.463073430135067
4520000000.0,-27.16393211334708,0.045698590746690824,0.04383322192964093,1.0052751093435037,1.0124993968103264,46.85548195740097,2.8551419901364015,46.94239049349923,169.30306557326443,2.8913838643154026,159.81042274386007,-2.4737775798862303
4530000000.0,-27.07179800308254,0.04602346706063737,0.044300650143102964,1.0053127101182542,1.0126161927284105,46.87273694271259,2.9418360289098873,46.964964257643445,169.6763461866423,2.906323629234316,160.16602593818104,-2.4845539911021284
4540000000.0,-26.983381130053843,0.04634085858925444,0.04475390580855343,1.005349445971562,1.0127304206004475,46.892998301396766,3.0279944315508542,46.99065907148252,170.04964589782114,2.921474856476352,160.5216115481199,-2.4954022827561038
4550000000.0,-26.898616583068144,0.0466509926649599,0.045192791799808604,1.0053853431220683,1.0128420765953399,46.91625122832015,3.1135118735755882,47.01944901320886,170.4229713488857,2.9368488397115953,160.87717423465446,-2.506321492533574
4560000000.0,-26.817443489992566,0.04695415583421105,0.04561711606376207,1.005420434648537,1.0129511716868276,46.94247754385667,3.1982832354279314,47.05130405854344,170.79633098185784,2.9524565663869717,161.23270879242574,-2.517310088771144
4570000000.0,-26.739804801639266,0.047250688233468764,0.0460266917062788,1.005454759839785,1.0130577304339043,46.97165568073249,3.2822036880965566,47.08619010325048,171.16973500156837,2.968308484051621,161.58821021183303,-2.5283659893563883
4580000000.0,-26.66564709513295,0.04754097721260098,0.04642133706942561,1.005488363457297,1.0131617895833467,47.0037606714946,3.3651687800887573,47.12406899007795,171.54319530967712,2.9844142735904935,161.9436737385456,-2.539486587309253
4590000000.0,-26.59492039510711,0.04782545030456927,0.04680087580007366,1.0055212949219647,1.0132633965171987,47.03876413662389,3.4470745258597457,47.16489853999227,171.91672541107607,3.0007826328876996,162.2990949297266,-2.5506687827250305
4600000000.0,-26.527578011236553,0.04810456765088164,0.04716513691004496,1.0055536074376266,1.0133626075705677,47.07663427331773,3.5278174958107957,47.208632587562434,172.2903402943338,3.017421074206181,162.65446970629452,-2.5619090206484847
4610000000.0,-26.46357639075342,0.04837881400033093,0.047513954828124635,1.0055853570650215,1.0134594862469959,47.11733584497272,3.607294907985677,47.25522102033944,172.66405628823242,3.0343357383266034,163.0097944006051,-2.573203334413
4620000000.0,-26.402874984721805,0.04864869040587835,0.04784716944437966,1.005616601760617,1.0135541013604104,47.160830171410325,3.6854047216107237,47.304609822074184,173.03789089679148,3.051531228203603,163.36506579898708,-2.584547393878329
4630000000.0,-26.345436126955605,0.048914705748534085,0.04816462614736095,1.0056474003952391,1.0136465251336175,47.20707511990107,3.762045732640214,47.356741119617375,173.41186261549134,3.0690104645236067,163.72028117864178,-2.5959365579762035
4640000000.0,-26.291224924568027,0.049177368220304066,0.048466175854858594,1.0056778117678062,1.0137368312840773,47.25602509706305,3.8371176714841284,47.41155323335303,173.78599073166123,3.086774565196121,164.07543833847558,-2.6073659309072403
4650000000.0,-26.24020915923016,0.04943717689872202,0.0487516750389876,1.0057078936295178,1.0138250931278285,47.307631041733075,3.910521303109348,47.46898073102918,174.1602951122055,3.104822750425451,164.430535623511,-2.6188304212862046
4660000000.0,-26.19235919830214,0.0496946135438573,0.04902098574644258,1.0057377017336662,1.0139113817320697,47.36184041893593,3.9821585297162856,47.52895448486686,174.53479598201048,3.123152274542361,164.78557194261768,-2.6303248035130276
4670000000.0,-26.1476479150749,0.049950134745556235,0.04927397561483259,1.005767288925872,1.0139957641461896,47.418597215107624,4.05193249620204,47.59140173185059,174.90951369645296,3.141758385400621,165.14054677935252,-2.641843780622083
4680000000.0,-26.106050617433766,0.05020416454275764,0.049510517886035006,1.0057967042888636,1.0140783017396833,47.47784193476357,4.119747698625624,47.656246137130076,175.28446851149639,3.160634311639925,165.4954601958281,-2.6533820478290013
4690000000.0,-26.067544984320637,0.05045708762969968,0.04973049141753246,1.0058259923551045,1.01415904867376,47.53951159883893,4.1855100958910905,47.723407860492806,175.6596803548327,3.1797712777430447,165.85031282956388,-2.6649343560158574
4700000000.0,-26.03211100943517,0.05070924325444377,0.04993378069269184,1.0058551923994885,1.014238050531278,47.60353974496928,4.2491272248598415,47.79280362590079,176.035168601476,3.19915854633345,166.20510588340537,-2.676495574385917
4710000000.0,-25.999730951673875,0.05096091990443515,0.05012027583092952,1.0058843378230826,1.0143153431271499,47.66985643001973,4.310508319093816,47.864346794118795,176.41095185708244,3.218783486782182,166.55984110864455,-2.688060751520198
4720000000.0,-25.970389291864713,0.05121235086156139,0.05028987259865722,1.0059134556374802,1.014390951518526,47.73838823521427,4.369564431414008,47.93794743849932,176.78704775211045,3.23863166877185,166.91452078158045,-2.699625174124609
4730000000.0,-25.944072695407407,0.051463710695686005,0.050442472421856635,1.0059425660577672,1.0144648892309152,47.809058274259165,4.42620856043807,48.01351242402501,177.16347274971793,3.25868697913492,167.26914767381976,-2.7111844227556308
4740000000.0,-25.920769980484447,0.05171511275106671,0.05057798240104526,1.0059716822104185,1.0145371577130198,47.88178620489656,4.480355781231018,48.090945489747156,177.5402419700415,3.2789317598965133,167.6237250167046,-2.7227344238541793
4750000000.0,-25.900472091557823,0.05196660766465528,0.050696315329312534,1.0060008099606612,1.0146077460294753,47.956488244364465,4.531923380168269,48.17014733479215,177.91736903319796,3.2993469652305976,167.97825646031944,-2.734271497499063
4760000000.0,-25.883172077917045,0.05221818293941167,0.0507973897139992,1.0060299478620032,1.0146766307969808,48.03307718927772,4.580830994068492,48.25101570814163,178.2948659230318,3.3199123347157045,168.33274602758135,-2.745792400298463
4770000000.0,-25.868865077092515,0.05246976357947268,0.050881129802480364,1.0060590872287443,1.014743776365511,48.11146244047865,4.62700075360592,48.33344550242055,178.67274287328385,3.340606580104271,168.68719806400279,-2.7572943629342546
4780000000.0,-25.85754830299702,0.052721213777555946,0.05094746561238441,1.00608821233038,1.014809135242465,48.19155003343625,4.670357430957112,48.41732885195223,179.05100827747398,3.3614075826489547,169.0416171837241,-2.7687751219208248
4790000000.0,-25.84922103870326,0.052972339628968225,0.05099633296646259,1.0061173007049564,1.014872648753854,48.27324267479801,4.710828591578788,48.5025552353603,179.42966862340495,3.382292597911039,169.39600821250173,-2.7802329452275143
4800000000.0,-25.843884633813868,0.05322289283066593,0.05102767353217755,1.0061463235865897,1.014934247932917,48.35643978571651,4.748344749947051,48.589011583010986,179.80872845281334,3.403238464920162,169.75037612833404,-2.7916666514681823
4810000000.0,-25.841542506423277,0.05347257530886888,0.05104143486596287,1.006175246440635,1.014993854623049,48.44103755258527,4.782839529021144,48.67658238959822,180.18819034627714,3.4242218165187155,170.10472600044562,-2.803075622464706
4820000000.0,-25.842200149718174,0.05372104470438711,0.051037570461960016,1.0062040295983237,1.0150513827785637,48.526928985822686,4.814249823120822,48.7651498321752,180.5680549331185,3.4452192878003567,170.45906292738053,-2.8144598090568205
4830000000.0,-25.845865143305726,0.05396792063179112,0.05101603980492596,1.006232628981179,1.0151067399437528,48.61400398733808,4.842515963832017,48.854593893930705,180.94832092563573,3.4662077195695433,170.81339197493043,-2.825819730105011
4840000000.0,-25.852547169403497,0.05421279161681311,0.05097680842688307,1.0062609969041565,1.015159828887938,48.70214942730233,4.867581888479023,48.944792493996076,181.32898517664773,3.4871643539647863,171.1677181146614,-2.8371564647378786
4850000000.0,-25.862258034069036,0.05445522260584778,0.0509198479669719,1.0062890829452322,1.015210549371736,48.79124923082358,4.889395310622789,49.03562162354917,181.7100427589916,3.5080670194547987,171.5220461637575,-2.8484716379567496
4860000000.0,-25.875011693688922,0.05469476293310339,0.050845136233883995,1.0063168348681928,1.0152588000177798,48.88118447509656,4.907907891969699,49.12695548845338,182.09148706527392,3.528894302735516,171.8763807268977,-2.859767399794159
4870000000.0,-25.89082428699402,0.0549309546235206,0.050752657270149514,1.0063441995845168,1.0153044802573832,48.97183349755618,4.923075414997995,49.21866665863799,182.47330992591733,3.5496257052201496,172.23072614085956,-2.8710463983084193
4880000000.0,-25.90971417290681,0.05516334090511387,0.05064240141751773,1.006371124139712,1.0153474923235606,49.063072015514145,4.934857955538986,49.31062622438366,182.85550174326465,3.570241782145446,172.58508642249214,-2.8823117467436967
4890000000.0,-25.93170197457599,0.055391474800743204,0.05051436538259132,1.006397556709044,1.0153877432599394,49.15477325770081,4.9432200544794105,49.40270395963146,183.23805163930555,3.5907242625962987,172.9394652206683,-2.8935669852957755
4900000000.0,-25.956810629995516,0.05561492766847244,0.0503685523018656,1.006423447587489,1.015425146914873,49.24680810806694,4.948130887689987,49.494768492381894,183.62094761441085,3.6110561491066884,173.29386577277495,-2.904816037934915
4910000000.0,-25.985065449652666,0.055833297560553025,0.0502049718053064,1.0064487501588366,1.015459625890256,49.33904526212497,4.949564433227353,49.5866874821931,184.00417671432285,3.631221795818864,173.64829086623726,-2.916063164837548
4920000000.0,-26.016494181699944,0.0560462172736093,0.05002364007759982,1.0064734218291607,1.015491113415113,49.431351396027374,4.947499634806383,49.67832780472735,184.38772520257493,3.6512069645584977,174.00274280552466,-2.9273129109955622
4930000000.0,-26.051127085193304,0.05625336196774077,0.04982457991624948,1.0064974249104626,1.0155195551152232,49.52359134849123,4.941920560499665,49.76955574323167,184.77157873547972,3.6709988585400075,174.3572233849956,-2.938570051653141
4940000000.0,-26.08899701199602,0.05645445623846469,0.04960782078572617,1.0065207274410122,1.015544910651493,49.61562831558337,4.93281655558652,49.86023718677225,185.15572253679954,3.6905861337892847,174.7117338678943,-2.9498395352023663
4950000000.0,-26.1301394980029,0.05664928053418454,0.04937339886694852,1.0065433039299199,1.015567155201834,49.707324058281905,4.9201823884524485,49.950237834976214,185.54014156931368,3.7099588887145956,175.06627497172,-2.9611264242505744
4960000000.0,-26.17459286440309,0.05683767682136993,0.04912135710144566,1.0065651360145753,1.0155862807635283,49.798539122628355,4.904018388425884,50.03942340896791,185.9248207005475,3.7291086326405063,175.4208468601138,-2.972435835557778
4970000000.0,-26.222398329766506,0.0570195534114449,0.048851745229652334,1.0065862130209564,1.015602297255853,49.88913307217938,4.884330574437879,50.12765986812083,186.30974486010808,3.7480282343969047,175.77544914134265,-2.9837728795649974
4980000000.0,-26.2736001338137,0.057194888875898534,0.04856461982289364,1.0066065324182636,1.015615233405663,49.97896473236296,4.861130773398359,50.214813632182896,186.69489918621386,3.7667118524292165,176.13008087336345,-2.9951426002284185
4990000000.0,-26.32824567381332,0.057363734989849355,0.04826004430872682,1.006626100160927,1.0156251374018768,50.0678924462383,4.834436727201432,50.30075180827221,187.08026915925058,3.785154848120844,176.48474057539056,-3.0065499158830407
5000000000.0,-26.386385654638936,0.05752621865911683,0.04793808898946104,1.0066449309127543,1.0156320773083054,50.155774341056045,4.804272187304456,50.385342422183086,187.46584072042418,3.8033536843234046,176.83942624579362,-3.0179995618248485
5010000000.0,-26.448074253626842,0.05768254280095547,0.04759883105377837,1.0066630481497438,1.0156361412278196,50.24246860491497,4.77066699586333,50.468454653390026,187.85160037385702,3.821305811269036,177.19413538610033,-3.0294960352945663
5020000000.0,-26.513369301486428,0.057832986164514204,0.047242354581556276,1.0066804841399308,1.0156374372146149,50.327833772714506,4.7336571524601565,50.54995907308947,188.23753527077994,3.839009542245795,177.54886503078228,-3.041043543495529
5030000000.0,-26.58233248065212,0.057977902092664686,0.046868750542108546,1.006697279800452,1.0156360929350081,50.41172902051167,4.69328486551747,50.6297278845778,188.62363327480674,3.8564639215365815,177.90361178246155,-3.0526459552732694
5040000000.0,-26.65502954261171,0.05811771624298773,0.04647811678622985,1.006713484433885,1.0156322550810084,50.49401446730554,4.649598587563916,50.70763516522869,189.00988300759252,3.8736685872524075,178.2583718520834,-3.0643067569903706
5050000000.0,-26.73153054591912,0.05825292330079521,0.04607055803256131,1.0067291553476732,1.015626088544471,50.57455148319438,4.602653033592672,50.78355710930378,189.39627387453672,3.890623631697119,178.6131411035753,-3.076029013126085
5060000000.0,-26.811910116793936,0.05838408273235083,0.04564618584894163,1.0067443573622266,1.0156177753632385,50.653203002779264,4.552509181838096,50.857372270807375,189.78279607054435,3.9073294619530445,178.96791510242596,-3.087815332037023
5070000000.0,-26.896247734431967,0.05851181364030996,0.04520511862955371,1.0067591622148926,1.0156075134539444,50.72983384262739,4.4992342563874885,50.92896180558205,190.16944056618988,3.9237866633194534,179.32268916760927,-3.0996678372762996
5080000000.0,-26.9846280434081,0.058636788796664674,0.04474748156880345,1.0067736478685358,1.015595515149269,50.80431102155297,4.44290169113949,50.99820971183027,190.556199074971,3.939995868152815,179.67745842620982,-3.1115881447849456
5090000000.0,-27.077141195844664,0.05875972794062847,0.044273406633003574,1.0067878977348734,1.015582005560297,50.876504082431246,4.383591074721204,51.06500306824644,190.94306400266964,3.9559576325554473,180.03221787009545,-3.1235773461977585
5100000000.0,-27.173883226356054,0.05888139043905485,0.0437830325310573,1.0068019998238906,1.015567220787001,50.94628541422515,4.321388076078653,51.12923226894537,191.3300283801335,3.97167232316975,180.38696241395328,-3.1356359984613653
5110000000.0,-27.27495646316814,0.05900256741661626,0.04327650468545561,1.006816045831778,1.0155514060021273,51.01353057287955,4.256384350560109,51.19079125438296,191.71708578105967,3.98714001617052,180.7416869539959,-3.147764119834737
5120000000.0,-27.3804699792571,0.059124073470024276,0.042753975205022804,1.0068301301806473,1.0155348134354107,51.078118599721385,4.188677426418531,51.24957773747791,192.10423022664526,4.00236041027617,181.09638642663032,-3.1599611923185518
5130000000.0,-27.490540087868457,0.059246738086458285,0.04221560286095726,1.0068443490239611,1.0155177002863982,51.13993233599771,4.118370571764862,51.30549342416271,192.4914560791448,4.017332755374968,181.45105586639588,-3.1722261704461086
5140000000.0,-27.605290887373755,0.059371396890115224,0.04166155306782849,1.006858799232048,1.0155003265950249,51.19885873218551,4.04557264211001,51.35844422761342,192.87875792659577,4.032055798037636,181.80569046248127,-3.1845574963118297
5150000000.0,-27.72485486111087,0.0594988828429481,0.04109199787132145,1.0068735773723119,1.0154829530995735,51.254789150718054,3.970397908737338,51.40834047543522,193.2661304610828,4.046527744928728,182.16028561315423,-3.19695312063598
5160000000.0,-27.849373538655232,0.05963001752559192,0.040507115944647384,1.0068887786987437,1.0154658391116007,51.307619660790735,3.8929658682499078,51.45509710910785,193.6535683530352,4.060746244739904,182.51483697745678,-3.209410529583561
5170000000.0,-27.978998225899172,0.05976560262272422,0.039907092595691585,1.006904496165126,1.015449240436987,51.35725132393703,3.813401033735634,51.49863387502748,194.04106612410294,4.074708389010902,182.86934052356983,-3.221926777007346
5180000000.0,-28.113890812398555,0.05990641173355797,0.03929211978714726,1.0069208194759138,1.0154334073714135,51.40359046909729,3.7318327080901574,51.53887550651296,194.42861802116653,4.088410731794507,183.22379257327202,-3.2344985216958326
5190000000.0,-28.254224665708954,0.06005318262254939,0.038662396172097865,1.00693783418812,1.0154185827972304,51.44654895594535,3.648394740129683,51.57575189617974,194.8162178940142,4.101849327864996,183.5781898419825,-3.2471220691691256
5200000000.0,-28.400185623910325,0.060206610018516904,0.038018127147771086,1.0069556208767285,1.0154050004070618,51.48604442528268,3.563225264215328,51.60919825811794,195.20385907914437,4.1150197887528925,183.93252947392693,-3.2597934175098477
5210000000.0,-28.55197309924999,0.06036733906142709,0.03735952493051433,1.0069742543751274,1.0153928830773775,51.522000535364,3.4764664241942906,51.63915527934785,195.59153429204088,4.127917355668762,184.28680907202155,-3.272508306653859
5220000000.0,-28.709801307866208,0.06053595948615042,0.03668680865545565,1.0069938031008983,1.0153824414129327,51.55434718307488,3.388264082544646,51.66556926006026,195.97923553011367,4.140536987997061,184.64102672213747,-3.2852622705479866
5230000000.0,-28.873900642950193,0.06071300062104444,0.036000204504830886,1.007014328475969,1.0153738724802963,51.58302070894517,3.298767515685672,51.68839224218537,196.36695398830963,4.152873465843581,184.99518101148357,-3.298050691536509
5240000000.0,-29.044519211530925,0.060898927266664,0.03529994586962263,1.0070358844486895,1.0153673587457526,51.60796408504994,3.2081290964875673,51.70758212586946,196.75467998917117,4.164921504799037,185.34927104090403,-3.310868856314332
5250000000.0,-29.2219245584163,0.06109413650658442,0.03458627354999097,1.0070585171238458,1.0153630672297538,51.62912708492124,3.116503965080394,51.72310277347356,197.14240292887916,4.176675880943371,185.70329643096758,-3.3237120127738913
5260000000.0,-29.40640560479668,0.06129895548821699,0.03385943600105011,1.0070822645049966,1.0153611488868213,51.64646643466998,3.0240496891251225,51.734924100744465,197.53011124052378,4.188131563859505,186.0572573217995,-3.3365754270598553
5270000000.0,-29.598274833748697,0.06151364019683004,0.03311968963189902,1.0071071563518255,1.0153617382163735,51.65994594459854,2.9309259147652513,51.743022154844084,197.91779237556742,4.1992838553640945,186.4111543666905,-3.3494544401483988
5280000000.0,-29.797870760520166,0.061738375231408925,0.0323672991675562,1.0071332141535103,1.0153649531065825,51.6695366206677,2.8372940095306407,51.74737917895977,198.30543280413264,4.210128531469355,186.76498871956457,-3.362344523270601
5290000000.0,-30.00556073223285,0.0619732745757571,0.0316025380856563,1.007160451217358,1.0153708949098075,51.675216755269936,2.7433166985107076,51.74798366325453,198.69301803444208,4.220661985125815,187.1187620165006,-3.3752413315266456
5300000000.0,-30.221744109734257,0.06221838334401593,0.030825689142623448,1.0071888728703038,1.0153796487448705,51.67697199685276,2.649157695156302,51.74483038195516,199.0805326513947,4.2308813671848275,187.47247635153735,-3.388140755045911
5310000000.0,-30.446855894067895,0.06247368046505904,0.030037045007669898,1.0072184767691768,1.0153912840180133,51.67479539803042,2.554981328103324,51.73792041641472,199.4679603739543,4.240784723127929,187.8261342470829,-3.4010389670960746
5320000000.0,-30.68137087174391,0.06273908225698704,0.029236909027709132,1.0072492533141009,1.0154058551513083,51.66868744192081,2.4609521654416024,51.7272611640274,199.8552841306882,4.25037112310891,188.17973861929477,-3.41393246857335
5330000000.0,-30.925808367123963,0.06301444682979078,0.02842559615237881,1.0072811861578816,1.015423402504247,51.65865604654516,2.367234637873873,51.7128663329157,200.24248615250102,4.259640783002882,188.53329273887732,-3.426818128344449
5340000000.0,-31.180737707276123,0.06329957924259455,0.027603434056370994,1.0073142528028782,1.0154439534715252,51.644716547232925,2.2739926622250644,51.6947559223553,200.62954808131005,4.268595174283344,188.88680018777345,-3.4396932189907736
5350000000.0,-31.446784525211985,0.06359423733121161,0.026770764506767415,1.0073484252756248,1.0154675237375579,51.626891657079796,2.1813892667706214,51.67295618894895,201.01645109314302,4.277237120735356,189.2402648122914,-3.452555447522562
5360000000.0,-31.72463805217426,0.06389813811239142,0.025927945036963024,1.0073836708683814,1.0154941186660953,51.605211405615314,2.089586219851126,51.647499598610196,201.4031760338927,4.285570880218003,189.59369067324224,-3.4654029807217506
5370000000.0,-32.01505957933826,0.06421096466318937,0.025075351007299483,1.0074199529358705,1.015523734801451,51.57971305594589,1.9987436632332258,51.618424764467875,201.78970356575766,4.2936022099543205,189.9470819936988,-3.478234464831711
5380000000.0,-32.31889230469088,0.0645323733677826,0.02421337815744008,1.0074572317347472,1.0155563614564354,51.55044100074961,1.9090197516583847,51.58577637085622,202.1760143222113,4.301338414058816,190.3004431050085,-3.491049039367793
5390000000.0,-32.63707282256808,0.06486200141917464,0.02334244578934467,1.0074954652927801,1.0155919823609438,51.517446637608295,1.8205702999943598,51.549605083608924,202.56208906920213,4.308788372335416,190.65377839172166,-3.5038463449168353
5400000000.0,-32.970644561581814,0.06519947446037809,0.022463000766076584,1.0075346102943847,1.0156305773444745,51.480788224272416,1.7335484393693184,51.50996744693229,202.94790887018638,4.315962549659355,191.00709223609329,-3.5166265248401847
5410000000.0,-33.32077353072468,0.06554441424848163,0.021575522575887667,1.00757462296901,1.0156721240255653,51.44053071455997,1.6481042836205082,51.46692576718835,203.33345525252514,4.322872985583927,191.36038896283446,-3.5293902208879873
5420000000.0,-33.68876679056149,0.06589644622553122,0.020680529801025124,1.007615459968931,1.0157165994812516,51.39674557569657,1.564384607336342,51.42054798397773,203.71871037275778,4.329533264105391,191.7136727847706,-3.5421385628010946
5430000000.0,-34.076094119977135,0.06625520688239019,0.019778588458213748,1.0076570792232582,1.015763981870147,51.349510588001394,1.48253253670298,51.370907528966725,204.1036571782816,4.335958463875331,192.06694775006122,-3.5548731520364933
5440000000.0,-34.484413384621405,0.0666203508057458,0.018870322860876237,1.0076994407554225,1.015814251983665,51.298909627920736,1.40268725429402,51.318083172960954,204.48827956302316,4.342165089423021,192.42021769160823,-3.5675960398373423
5450000000.0,-34.91560010216408,0.06699155730397763,0.01795642991942813,1.0077425074520445,1.0158673947011851,51.24503243549838,1.3249837188557623,51.26215886178141,204.87256251478547,4.348170984281039,192.77348617925398,-3.5803096999344675
5460000000.0,-35.37178158506942,0.06736853651481016,0.017037698188821587,1.007786245771914,1.0159234003266222,51.18797436745283,1.2495524010499306,51.20322354155037,205.25649225209142,4.353995227157059,193.12675647533572,-3.593016996214453
5470000000.0,-35.85537571414302,0.06775103490595323,0.016115033560495998,1.0078306263847678,1.0159822657857696,51.127836137105255,1.1765190360144464,51.141370974044,205.64005634850716,4.359658012604701,193.48003149412173,-3.605721145765383
5480000000.0,-36.36913364389348,0.06813884009000083,0.015189494389481377,1.0078756247307141,1.0160439956661353,51.0647235424643,1.106004393494778,51.07669954281245,206.0232438426372,4.3651805178359675,193.83331376560068,-3.618425677757643
5490000000.0,-36.916184154191455,0.06853178488549562,0.014262340226817966,1.0079212214923798,1.0161086030834365,50.998747183827234,1.038124066186222,51.009312050808155,206.40604533220636,4.370584757569055,194.186605404053,-3.631134388663185
5500000000.0,-37.5000741443982,0.06892975056806057,0.01333510049020527,1.007967402973247,1.0161761103617162,50.930022172299324,0.9729882768077408,50.939315510298194,206.78845305089774,4.37589342895647,194.53990808176272,-3.6438512943756183
5510000000.0,-38.12479335020758,0.06933266926804278,0.012409672847949553,1.008014161377095,1.0162465495169613,50.85866783066255,0.910701704306243,50.8668209258638,207.17046092688997,4.381129748801,194.89322300817403,-3.656580579792908
5520000000.0,-38.7947586487405,0.06974052548417371,0.011488466642062023,1.008061494984978,1.0163199625371344,50.78480738804366,0.8513633294657029,50.79194307131253,207.5520646223214,4.3863172853653865,195.24655091472877,-3.6693265464988305
5530000000.0,-39.514708125885896,0.0701533566965326,0.010574615709537024,1.0081094082277673,1.0163964014547435,50.708567669836974,0.7950663000693211,50.71480026134326,207.93326155320943,4.391479787154881,195.59989204555046,-3.682093559166147
5540000000.0,-40.2894051273356,0.07057125307538753,0.00967229967298831,1.0081579116538255,1.0164759282111666,50.63007878433056,0.7418978156386499,50.63551411881159,208.31405088965167,4.396641011089815,195.95324615407085,-3.694885991328744
5550000000.0,-41.12295385469895,0.07099435629645284,0.00878723633993692,1.0082070217930033,1.0165586143152112,50.54947380746442,0.691939031649552,50.55420933844235,208.69443353644388,4.401824552465677,196.3066125056286,-3.7077081711840134
5560000000.0,-42.01733683854183,0.07142285748624792,0.007927443548195818,1.008256760919673,1.0166445403014406,50.46688846711957,0.6452649830056989,50.471013447829435,209.07441209454151,4.407053679076134,196.6599898859889,-3.7205643280737757
5570000000.0,-42.969434104168265,0.07185699433421512,0.007104414545838479,1.0083071567190227,1.016733794996839,50.38246082829226,0.6019445264344332,50.386056566547346,209.45399080408575,4.412351171758588,197.01337661567138,-3.733458540281255
5580000000.0,-43.965235277433706,0.07229704742057404,0.0063348777180644265,1.00835824186226,1.0168264746072508,50.296330980454165,0.562040301361745,50.29947116417575,209.8331754699863,4.417739173551738,197.36677056989643,-3.7463946847801814
5590000000.0,-44.969499852823816,0.07274333582004601,0.005643194348095283,1.0084100534976796,1.0169226816376435,50.20864072833659,0.525608708719804,50.21139181801139,210.2119733713085,4.423239049462269,197.7201692039029,-3.7593763895275787
5600000000.0,-45.910450635327116,0.07319621205250246,0.005063810771290322,1.008462632665808,1.0170225236627797,50.11953328730157,0.4926999070484942,50.12195497120335,210.59039315595464,4.428871258683461,198.0735695833145,-3.7724069888735063
5610000000.0,-46.66713727524186,0.07365605646026266,0.004641337355361938,1.0085160236478552,1.0171261119669275,50.02915298438369,0.46335782516707225,50.03129869200889,210.96844472232553,4.434655240898245,198.42696841918118,-3.785489482613729
5620000000.0,-47.085429204327355,0.07412327110032252,0.0044231181440673156,1.0085702732576949,1.0172335600732176,49.937644965997386,0.4376201906178584,49.93956243481956,211.34613908984227,4.440609318059019,198.78036210726805,-3.7986264991825416
5630000000.0,-47.050058013840925,0.07459827324609507,0.004441166950601882,1.008625430088326,1.0173449821847436,49.84515491321187,0.41551857302037637,49.8468868035569,211.7234882603456,4.446750612814849,199.13374677110065,-3.8118202634027245
5640000000.0,-46.568887088754245,0.07508148859850114,0.004694135757882935,1.0086815437243857,1.017460491560723,49.751828765398976,0.39707844142142273,49.75341331798476,212.1005050725242,4.45309498445302,199.48711830825152,-3.8250725691894703
5650000000.0,-45.766436955781074,0.07557334430991208,0.00514846959395391,1.0087386639327083,1.017580198851905,49.657812452958225,0.38231923468492296,49.659284183427204,212.47720305157983,4.4596569829854955,199.84047243929456,-3.8383847575181815
5660000000.0,-44.795643886506056,0.07607426192630763,0.005757286021091221,1.0087968398431433,1.017704210419841,49.563251639723084,0.371254443934977,49.564642064324985,212.85359625641658,4.466449821708927,200.19380475884483,-3.8517576999176804
5670000000.0,-43.77189828772832,0.07658465035377233,0.006477465158005114,1.008856119131939,1.01783262666483,49.46829147555098,0.3638917060456644,49.46962986200521,213.22969912662703,4.47348536828669,200.547110788046,-3.8651917876717583
5680000000.0,-42.76206768284365,0.07710489895391244,0.007276065766026484,1.0089165472198205,1.0179655403869958,49.37307635949935,0.3602329071636428,49.3743904969809,213.60552633154433,4.480774154111512,200.90038602789312,-3.878686926862183
5690000000.0,-41.79833117737096,0.07763537087036014,0.008129867005428233,1.0089781664966158,1.0181030352043985,49.27774971389315,0.36027429524931887,49.27906669604158,213.98109262355538,4.488325401473955,201.25362601272775,-3.892242539282313
5700000000.0,-40.89306664379495,0.07817639668424357,0.009022910879629021,1.0090410155837881,1.0182451840511044,49.1824537694948,0.3640066006350608,49.18380078434158,214.3564126978078,4.4961470677194075,201.6068263632698,-3.9058575692276944
5710000000.0,-40.04860280125226,0.07872826849077347,0.00994420021951921,1.0091051286455752,1.0183920477768087,49.08732936189897,0.37141516361724575,49.08873448264188,214.73150106028228,4.5042459054189825,201.959982838542,-3.9195304960525372
5720000000.0,-39.26260968978536,0.07929123448221764,0.010886029716457883,1.0091705347586393,1.0185436738680256,48.992515739190004,0.38248006812814916,48.994008709813656,215.10637190609324,4.512627537268406,202.31309138606977,-3.933259352334215
5730000000.0,-38.53085712390119,0.0798654941143494,0.011842874956982535,1.0092372573491892,1.0187000953089604,48.898150380822834,0.3971762805671578,48.89976339066897,215.48103900968056,4.521296544266052,202.66614818974455,-3.947041747431664
5740000000.0,-37.84856158205262,0.08045119392411881,0.012810672268101137,1.0093053137054575,1.0188613295980327,48.80436882761652,0.41547379291250086,48.806137269145,215.85551562835843,4.530256565515869,203.01914971477643,-3.9608748961341647
5750000000.0,-37.211012412580104,0.08104842405618026,0.013786352522142964,1.009374714572245,1.0190273779336656,48.71130452268622,0.4373377692800621,48.71326772683506,216.22981442046938,4.539510407857222,203.37209274921258,-3.9747556520441134
5760000000.0,-36.61383907709344,0.0816572155448691,0.01476753626862541,1.0094454638329722,1.0191982245804094,48.619088663081854,0.462728695145492,48.62129060683114,216.6039473791623,4.5490601633501315,203.72497444150287,-3.988680545300711
5770000000.0,-36.0531032547601,0.08227753838668594,0.015752331301375627,1.0095175582833427,1.0193738364237905,48.52785006185333,0.4916025284986922,48.53034004282007,216.97792578255076,4.558907332610316,204.0777923336783,-4.002645824169747
5780000000.0,-35.52530815687268,0.08290930042635067,0.016739195907035796,1.0095909874993343,1.019554162719495,48.43771502022007,0.5239108522543016,48.44054829335814,217.3517601607437,4.5690529518552125,204.43054438975022,-4.016647499992987
5790000000.0,-35.02737113009042,0.08355234706729472,0.017726844843421765,1.0096657338008272,1.0197391350396656,48.34880720948746,0.5596010272971346,48.35204558123616,217.72546028001133,4.579497721520604,204.78322901897937,-4.030681394957265
5800000000.0,-34.556582292279415,0.08420646180505334,0.01871418357732787,1.0097417723107385,1.0199286674161971,48.26124756232593,0.5986163455973809,48.264959937840274,218.09903514402959,4.5902421342964095,205.1358450937561,-4.044743192100393
5810000000.0,-34.110560166120706,0.0848713675700305,0.01970026153162517,1.009819071108145,1.0201226566781312,48.17515417300646,0.6408961828849544,48.179417052411274,218.47249301191852,4.601286600464953,205.4883919618714,-4.0588284869460365
5820000000.0,-33.68720933377777,0.08554672885426376,0.02068423833528312,1.0098975914725048,1.0203209829774769,48.090642206172085,0.6863761504268253,48.09554012610665,218.84584143253505,4.612631568448544,205.84086945304253,-4.07293284014091
5830000000.0,-33.284682159106744,0.08623215458525868,0.02166535911248496,1.0099772882147442,1.0205235104950814,48.00782381371422,0.7349882455007221,48.01344973077492,219.21908729420105,4.624277638620912,206.1932778796244,-4.087051830458905
5840000000.0,-32.90134516083007,0.0869272016996135,0.02264293615255411,1.010058110089776,1.0207300883157389,47.92680805931947,0.7866610002102717,47.93326367236119,219.5922368888456,4.636225668527312,206.54561803149377,-4.101181107539453
5850000000.0,-32.53574993094336,0.08763137935905808,0.0236163351499158,1.0101400002838423,1.0209405514593541,47.847700850250945,0.8413196283298093,47.85509685887302,219.96529598930735,4.648476867779686,206.8978911651895,-4.115316443708707
5860000000.0,-32.18660819706133,0.08834415374261942,0.02458496476206363,1.0102228969690328,1.021154722052857,47.77060487593241,0.8988861699121815,47.77906117284974,220.3382699383497,4.661032881123491,207.25009898743608,-4.129453784271666
5870000000.0,-31.852770528748234,0.08906495334095473,0.025548268607463658,1.0103067339164393,1.021372410625742,47.69561955290924,0.9592796334308866,47.70526534829226,220.7111637477664,4.6738958583233075,207.60224363326157,-4.143589295672147
5880000000.0,-31.533208184221884,0.08979317467205827,0.02650571907924577,1.0103914411586026,1.021593417510466,47.622840975769314,1.0224161352638754,47.633814852025665,221.0839822058107,4.687068509735494,207.9543276389755,-4.157719410918707
5890000000.0,-31.2269976325828,0.09052818833231321,0.027456812525373877,1.010476945691294,1.02181753432766,47.55236187361687,1.0882090363602648,47.56481176948172,221.4567299910544,4.700554146694616,208.30635391034392,-4.171840871772307
5900000000.0,-30.933307341205133,0.09126934529279979,0.028401065467906793,1.0105631722041966,1.022044545535121,47.48427157170421,1.1565690759576965,47.49835469490305,221.82941179069647,4.714356706035856,208.65832568634633,-4.18595076714691
5910000000.0,-30.6513864749395,0.09201598334812745,0.029338011620103924,1.0106500438297281,1.0222742300188528,47.41865595783813,1.22740450224688,47.43453862598385,222.20203242128696,4.728480758374804,209.01024649895976,-4.200046567298174
5920000000.0,-30.380555207268394,0.09276743362391862,0.030267199521655158,1.0107374828991147,1.0225063627041218,47.355597453189866,1.300621199900233,47.373454862973546,222.5745969497837,4.7429314999914975,209.36212012945765,-4.214126153372626
5930000000.0,-30.12019639108083,0.09352302704933663,0.031188190656787466,1.0108254116948345,1.022740716164476,47.29517498714987,1.3761228144046418,47.31519091227945,222.94711081288497,4.757714728434899,209.713950561754,-4.228187841975368
5940000000.0,-29.869748377718178,0.094282100702531,0.03210055795245377,1.010913753188721,1.022977062206965,47.23746397587948,1.4538108731536254,47.25983039461114,223.3195799326047,4.772836802220194,210.06574193335985,-4.242230404456768
5950000000.0,-29.62869880765393,0.09504400394014416,0.0330038845777655,1.0110024317553787,1.0232151734125117,47.18253630422243,1.5335849032734015,47.207452957714374,223.69201082612372,4.788304585236489,210.41749848454472,-4.256253080713665
5960000000.0,-29.39657922526878,0.09580810422622765,0.03389776298364509,1.0110913738510499,1.0234548246112989,47.1304603106482,1.6153425461698945,47.15813419374278,224.0644107080505,4.804125376721908,210.76922450631557,-4.27025558730467
5970000000.0,-29.172960394414737,0.0965737925813466,0.034781794135072215,1.0111805086486834,1.0236957942742646,47.08130077490809,1.6989796687993353,47.11194556131549,224.43678758334792,4.820306827882647,211.12092428784763,-4.2842381198357575
5980000000.0,-28.9574482115766,0.0973404885798155,0.03565558689845625,1.0112697686207928,1.023937865803425,47.035118908091185,1.7843904716773786,47.06895431230325,224.80915032933802,4.836856846448793,211.4726020639902,-4.2982013495531275
5990000000.0,-28.749680130114147,0.09810764483013873,0.03651875755442022,1.011359090062503,1.0241808287053724,46.9919723447742,1.8714675936548648,47.02922342337925,225.18150876536853,4.8537834906274435,211.82426196348845,-4.312146414210513
6000000000.0,-28.549322022880844,0.0988747508828592,0.03737092941228194,1.0114484135482458,1.0244244796344009,46.95191513696396,1.9601022135023647,46.99281153236144,225.55387370892137,4.871094854096217,212.17590795854156,-4.326074903326193
6010000000.0,-28.356065421974815,0.0996413365191105,0.038211732507162366,1.0115376843166168,1.0246686232938227,46.91499774953519,2.050184148357766,46.95977287935994,225.92625701717225,4.888798943784204,212.5275438162998,-4.339988838001818
6020000000.0,-28.16962508388954,0.10040697438332069,0.039040803364308325,1.0116268525790815,1.0249130731863891,46.8812670568707,2.1416019491075735,46.9301572527309,226.29867161321923,4.906903552341306,212.8791730528869,-4.35389064556373
6030000000.0,-27.989736836244795,0.10117128193365968,0.03985778481811207,1.011715873749399,1.0251576522071166,46.85076634041336,2.2342429927862613,46.904009939820966,226.6711314964531,4.925416127205885,213.23079889049345,-4.367783129322831
6040000000.0,-27.816155668879876,0.10193392269491772,0.0406623258755957,1.0118047085919224,1.025402193074398,46.82353528684437,2.32799357209594,46.881371682471915,227.04365173680662,4.944343638307712,213.58242421806054,-4.38166943383676
6050000000.0,-27.648654037599623,0.10269460680887835,0.04145408161600468,1.0118933232881404,1.0256465385977434,46.79960998660379,2.422738982165813,46.862278637235846,227.4162484528213,4.963692446369434,213.9340515560227,-4.395553006080149
6060000000.0,-27.487020353485665,0.10345309088824184,0.04223271311964371,1.011981689422109,1.025890541783072,46.77902293247644,2.5183636046904487,46.84676234023634,227.78893877378377,4.983468173828815,214.2856830255209,-4.409437553004335
6070000000.0,-27.33105763456389,0.10420917719056125,0.04299788742032365,1.0120697838866348,1.0261340657789506,46.76180301796981,2.614750989606246,46.83484967659293,228.16174078638304,5.003675580299214,214.63732032247367,-4.423326995992547
6080000000.0,-27.180582299884396,0.10496271213873136,0.04374927747681329,1.0121575887132501,1.026376983669564,46.74797553521864,2.7117839344878156,46.826562854311085,228.53467346659693,5.024318444441252,214.9889646967877,-4.437225422765955
6090000000.0,-27.03542308883315,0.10571358422426418,0.04448656215951614,1.0122450908301512,1.0266191781225136,46.7375621721602,2.809344561868243,46.82191938252681,228.90775659773163,5.045399453980355,215.34061693697927,-4.4511370373190156
6100000000.0,-26.89542009082732,0.10646172133830947,0.04520942624931968,1.0123322817532958,1.026860540901627,46.73058100873398,2.9073143947114883,46.82093205398143,229.28101067575483,5.06692010549094,215.6922773603732,-4.465066108477342
6110000000.0,-26.760423872534492,0.10720708758356852,0.04591756044613932,1.0124191572168124,1.0271009722569255,46.7270465118747,3.005574430289308,46.82360893159464,229.65445680324666,5.0888806154059605,216.0439458089979,-4.479016917717173
6120000000.0,-26.630294691441946,0.10794967962743333,0.04661066138520426,1.01250571674972,1.0273403802056305,46.72696952908192,3.1040052127407898,46.82995333899525,230.02811657344216,5.111279843507248,216.3956216512217,-4.492993706855329
6130000000.0,-26.50490178605058,0.1086895226626429,0.04728843165953108,1.0125919632066553,1.0275786797195265,46.73035728037051,3.202486904615498,46.83996385486768,230.40201194601735,5.134115229971992,216.74730378911448,-4.507000626245329
6140000000.0,-26.3841227341996,0.10942666604703002,0.04795057984741721,1.0126779022609285,1.0278157918352981,46.737213348426465,3.300899357727883,46.85363431097081,230.77616511633727,5.15738274683091,217.09899067143527,-4.521041684108842
6150000000.0,-26.26784287209354,0.1101611786975159,0.04859682054407073,1.0127635418686507,1.0280516427053268,46.74753766681934,3.3991221836724597,46.87095379369005,231.15059838001437,5.181076864458635,217.45068031208973,-4.5351206975974
6160000000.0,-26.155954767515798,0.11089314431635156,0.04922687439676053,1.0128488917130174,1.0282861626071622,46.76132650615023,3.4970348243722467,46.89190664899073,231.52533399463584,5.205190533478524,217.80237031383848,-4.549241246183812
6170000000.0,-26.048357741504596,0.1116226565288987,0.04984046814307429,1.0129339626379847,1.0285192849302112,46.778572458046085,3.594516623053601,46.91647249065169,231.90039404058587,5.229715182231276,218.1540578969683,-4.563406627936765
6180000000.0,-25.94495743345067,0.11234981401246799,0.05043733465205081,1.0130187660806125,1.0287509451582895,46.79926441694624,3.6914468960587796,46.944626211672755,232.27580028284922,5.2546407297295925,218.50573993257277,-4.577619819207971
6190000000.0,-25.84566540517143,0.11307471569450947,0.05101721296809019,1.0131033135112077,1.0289810798664198,46.82338755966398,3.787705005923625,46.97633799876693,232.65157403565817,5.279955613737857,218.85741298005368,-4.5918834382120135
6200000000.0,-25.750398780035106,0.11379745609639363,0.05157984835764799,1.0131876158901711,1.029209625749807,46.8509233227474,3.883170436160451,47.011573349870204,233.0277360317839,5.305646833453155,219.2090733283841,-4.606199712934431
6210000000.0,-25.65907991366022,0.11451812089539264,0.05212499235880515,1.0132716831500281,1.0294365187020964,46.88184937770588,3.9777228681955648,47.05029309462447,233.4043062981719,5.331700005989363,219.56071704063964,-4.62057045376672
6220000000.0,-25.571636093113984,0.11523678277307785,0.052652402833849754,1.0133555237106218,1.0296616929590063,46.91613960421434,4.07124226091675,47.09245341781636,233.78130403949766,5.358099435694859,219.91234000125664,-4.6349970311780835
6230000000.0,-25.48799926188157,0.11595349761276262,0.05316184402503772,1.0134391440347954,1.0298850803221213,46.95376406145378,4.1636089332869535,47.13800588578197,234.15874753108733,5.384828195143104,220.26393796546245,-4.6494803587112585
6240000000.0,-25.408105768184782,0.11666830110232682,0.05365308661371279,1.0135225482311645,1.0301066094761717,46.99468895779511,4.25470365047816,47.186897475817396,234.53665402246546,5.4118682164634215,220.6155066102669,-4.664020881493444
6250000000.0,-25.33189613450325,0.11738120579142375,0.05412590778293567,1.0136057377097243,1.030326205411401,47.03887661908262,4.344407713970489,47.23907060866549,234.91503965262132,5.439200391547297,220.96704158641444,-4.678618570408074
6260000000.0,-25.259314846388325,0.11809219864440287,0.054580091283767174,1.0136887108951491,1.0305437889608136,47.08628545582259,4.432603056050761,47.29446318417961,235.29391937788074,5.466804679546598,221.31853857066665,-4.6932729220019365
6270000000.0,-25.190310158877423,0.11880123912159815,0.0550154275052845,1.0137714630016286,1.0307592764600517,47.13686992963268,4.519172339125253,47.353008620295974,235.67330691304727,5.494660219983755,221.6699933177829,-4.707982964127037
6280000000.0,-25.12483391900439,0.11950825781324917,0.05543171354837037,1.0138539858721096,1.0309725795356723,47.19058051935593,4.603999060240278,47.41463589547545,236.05321468628205,5.522745449753356,222.02140171158524,-4.722747267240542
6290000000.0,-25.062841403073627,0.12021315564082174,0.05582875330323822,1.0139362678837067,1.0311836050253338,47.247363687291326,4.686967661175274,47.479269594803974,236.43365380793173,5.5510382222226635,222.37275981447624,-4.737563961256706
6300000000.0,-25.004291167516293,0.12091580363174237,0.0562063575305934,1.0140182939200213,1.0313922550313275,47.30716184603892,4.767963644441254,47.546829959967205,236.81463405331735,5.5795159266794725,222.72406391482815,-4.7524307577196465
6310000000.0,-24.949144912284638,0.12161604326417721,0.056564343946245876,1.0141000454100169,1.0315984271066676,47.36991332650074,4.846873695478826,47.61723294333804,237.19616385925275,5.6081556063793565,223.07531057166082,-4.7673449770461245
6320000000.0,-24.89736735586178,0.12231368736959493,0.05690253730891812,1.0141815004320576,1.0318020145708124,47.43555234762004,4.923585811308492,47.69039026643752,237.5782503338491,5.636934073478585,223.42649665607587,-4.782303580526445
6330000000.0,-24.84892612107612,0.12300852157233665,0.05722076951090139,1.0142626338807226,1.0320029069500802,47.504008988479015,4.997989435837877,47.76620948304609,237.96089927895113,5.665828019247525,223.77761938894443,-4.797303206671289
6340000000.0,-24.803791631006092,0.12370030623705114,0.05751887967115543,1.0143434176930297,1.032200990535801,47.575209163408395,5.069975601980891,47.84459404725616,238.3441152243543,5.6948141180772565,224.12867637438904,-4.8123402114980145
6350000000.0,-24.761937014353865,0.12438877888735773,0.0577967142303508,1.0144238211298242,1.0323961490514584,47.64907460079279,5.139437080687227,47.925443386767526,238.72790147276572,5.723869123848793,224.47966562865975,-4.8274107122584216
6360000000.0,-24.723338019744567,0.12507365705211249,0.05805412704730635,1.0145038111072686,1.0325882644183972,47.72552282627985,5.2062685369235835,48.00865298173152,239.1122601543151,5.752969957485839,224.8305856040485,-4.84251063408531
6370000000.0,-24.68797293848209,0.12575464148947224,0.05829097949620655,1.0145833525726442,1.0327772176081738,47.80446715112183,5.270366692585907,48.094114449452185,239.49719228927043,5.7820937845978095,225.18143520755154,-4.857635759007854
6380000000.0,-24.655822535358453,0.1264314197336973,0.05850714056393719,1.0146624089180558,1.0329628895683602,47.88581666639195,5.331630496258041,48.181715635248295,239.88269785750123,5.811218082351333,225.53221381405237,-4.872781776734291
6390000000.0,-24.626869987173773,0.12710366990530902,0.05870248694683908,1.0147409424251217,1.033145162207568,47.969476243829355,5.389961299666859,48.27134070977535,240.2687758731291,5.840320694898625,225.88292127385898,-4.887944336607106
6400000000.0,-24.60110082867734,0.12777106472177738,0.05887690314616226,1.0148189147333224,1.033323919424601,48.05534654406631,5.445263040615844,48.36287027309073,240.6554244627441,5.869379876884527,226.23355791450072,-4.903119100091306
6410000000.0,-24.57850290569175,0.1284332756436769,0.05903028156147589,1.0148962873244158,1.0334990481661104,48.143324032993185,5.497442432111109,48.45618146573412,241.0426409455147,5.8983743247983185,226.5841245367585,-4.918301793177601
6420000000.0,-24.55906633522521,0.1290899770900014,0.05916252258130683,1.0149730220151731,1.0336704394967968,48.23330100700466,5.546409157324976,48.5511480870718,241.4304219135127,5.92728319613018,226.9346224049686,-4.93348825806395
6430000000.0,-24.542783472419842,0.129740850656115,0.05927353467028288,1.0150490814506605,1.033837989666139,48.325165627859825,5.5920760699738725,48.647640721133214,241.81876331058146,5.956086116529177,227.28505323171248,-4.948674503491581
6440000000.0,-24.52964888422144,0.13038558926873578,0.05936323445209045,1.0151244295903923,1.034001601155833,48.41880196786555,5.634359399618356,48.74552687013905,242.2076605081211,5.984763175372012,227.63541915706415,-4.963856753130457
6450000000.0,-24.51965932969159,0.13102390121420973,0.05943154678759662,1.0151990321798934,1.0341611836925584,48.5140900660697,5.67317896132742,48.84467109589306,242.59710837623237,6.013294910345055,227.98572272265343,-4.979031491436252
6460000000.0,-24.512813746915786,0.13165551397936368,0.059478404847540356,1.0152728572005587,1.034316655211394,48.61090599611713,5.7084583690828445,48.94493516917648,242.9871013487516,6.041662281876888,228.3359668408273,-4.994195506415862
6470000000.0,-24.509113246492763,0.1322801778477861,0.05950375017926202,1.0153458752911078,1.034467942756062,48.709121946385395,5.740125252236666,49.04617822725037,243.37763348083348,6.069846638405248,228.68615475929863,-5.009345928783227
6480000000.0,-24.508561111619468,0.13289766919945833,0.059507532767019075,1.0154180601345226,1.0346149833033749,48.808606312975186,5.768111474274002,49.14825693953604,243.76869849787457,6.097829673657153,229.0362900216803,-5.024480267039549
6490000000.0,-24.511162804815775,0.13350779346674171,0.05948971108551631,1.0154893888049483,1.0347577245004858,48.909223806082345,5.792353353075097,49.25102568150569,244.16028983473777,6.125593377269424,229.38637642438638,-5.039596438043003
6500000000.0,-24.51692598136006,0.13411038770607783,0.05945025214638102,1.0155598420697745,1.0348961253050535,49.0108355702271,5.812791881816501,49.3543367167785,244.55240066441792,6.153119980183913,229.7364179704075,-5.054692792699417
6510000000.0,-24.52586050953669,0.13470532275135952,0.059389131537402544,1.0156294046428873,1.0350301565200326,49.11329931875987,5.829372949599286,49.45804038737907,244.9450239154757,6.180391896401125,230.08641882050833,-5.0697681364555836
6520000000.0,-24.537978497824703,0.13529250492205708,0.05930633345446309,1.015698065385914,1.0351598012165004,49.216469483001276,5.842047560844787,49.56198531207531,245.33815227779544,6.207391662704808,230.43638324243534,-5.084821744339077
6530000000.0,-24.553294329186457,0.13587187726670436,0.0592018507261965,1.0157658174551594,1.035285055039755,49.32019737631057,5.850772052455575,49.66601859267588,245.73177819641646,6.234101878067306,230.78631555873116,-5.099853370366205
6540000000.0,-24.57182470264767,0.13644342032989487,0.059075684831509316,1.0158326583928194,1.0354059263957345,49.42433137330769,5.855508307699071,49.76998602812803,246.12589385343276,6.260505144435187,231.13622009379046,-5.114863251180267
6550000000.0,-24.59358868239267,0.13700715243883077,0.05892784591021139,1.0158985901619797,1.0355224365167157,49.52871710440274,5.856223965737141,49.873732336219135,246.5204911381658,6.286584010628894,231.4861011207778,-5.129852103884543
6560000000.0,-24.618607754636525,0.13756312951292315,0.058758352767094665,1.01596361912578,1.0356346194070551,49.63319766571175,5.8528926256937766,49.97710138264838,246.91556160605208,6.312320921029167,231.83596280905422,-5.144821118068727
6570000000.0,-24.646905892572782,0.13811144440765735,0.05856723286991209,1.0160277559720325,1.0357425216716027,49.73761384435963,5.8454940441288326,50.079936417197864,247.31109642690078,6.337698170666801,232.18580917273488,-5.159771942128973
6580000000.0,-24.678509629742166,0.13865222581099926,0.058354522341776904,1.01609101558541,1.0358462022311266,49.841804359091206,5.834014324762894,50.18208031669734,247.70708632339975,6.3626978682610655,232.53564402099963,-5.174706664022075
6590000000.0,-24.713448142212336,0.13918563671745735,0.05812026594860821,1.0161534168701194,1.0359457319307557,49.94560611602732,5.818446099285057,50.28337583444086,248.1035215009275,6.387301908628857,232.88547091075324,-5.1896277866849
6600000000.0,-24.7517533400146,0.13971187251115524,0.05786451708230506,1.0162149825267177,1.0360411930489455,50.0488544793185,5.798788698062849,50.38366585567967,248.50039156994688,6.411491955730542,233.2352931022021,-5.204538198388681
6610000000.0,-24.793459968341004,0.14023115869495645,0.057587337740408466,1.0162757387873858,1.0361326787158747,50.1513835563602,5.775048309570165,50.482793658780665,248.8976854623955,6.435249437482224,233.58511351789508,-5.219441138388575
6620000000.0,-24.838605719072696,0.14074374830766942,0.057288798503057216,1.0163357151145707,1.0362202922513695,50.25302649714491,5.747238127348351,50.580603181607025,249.29539134365388,6.458555553258615,233.93493470571198,-5.234340158256981
6630000000.0,-24.88723135328356,0.14124991907549853,0.056968978508094154,1.0163949438683904,1.0363041464334841,50.35361580723391,5.715378483323296,50.67693929264228,249.69349652178389,6.4813912948211865,234.28475880625695,-5.24923907935651
6640000000.0,-24.939380835446542,0.14174997034732673,0.05662796542521073,1.0164534599485986,1.036384362709676,50.452983673740164,5.679496966313377,50.77164806634756,250.09198735584576,6.503737481164466,234.63458752506006,-5.264141946950313
6650000000.0,-24.995101480162937,0.14224421986588712,0.05626585543004315,1.016511300417201,1.0364610703631438,50.550962303617204,5.639628524582704,50.86457706220523,250.49084916514533,6.525574807581385,234.98442210991814,-5.279052981500458
6660000000.0,-25.05444411233915,0.14273300042859488,0.05588275317914865,1.0165685041080164,1.0365344056472918,50.647384273456346,5.595815551320347,50.95557560687105,250.89006614133345,6.546883908958562,235.33426333367046,-5.293976527707804
6670000000.0,-25.117463241851876,0.1432166564923382,0.05547877178680323,1.0166251112295401,1.036604510901447,50.74208288989547,5.548107951959771,51.044495078819445,251.2896212652659,6.567645437112259,235.6841114826175,-5.308917001918949
6680000000.0,-25.184217253874237,0.14369554077647623,0.055054032804560976,1.0166811629674668,1.0366715336609265,50.834892559649354,5.49656319229388,51.131189194834626,251.68949623053052,6.587840151684709,236.03396635074338,-5.323878838505754
6690000000.0,-25.25476861618436,0.144170010917182,0.05460866620450522,1.0167367010930957,1.0367356257743061,50.92564916807269,5.441246326389427,51.215514297662466,252.08967137547978,6.607449023923438,236.38382723981533,-5.338866435870328
6700000000.0,-25.329184104940015,0.14464042622411044,0.05414281036714097,1.0167917675835974,1.0367969425402284,51.01419046507386,5.38223000336446,51.29732964410477,252.4901256255306,6.626453352382356,236.73369296538874,-5.353884102698582
6710000000.0,-25.40753505059403,0.1451071445879592,0.05365661207484743,1.0168464042598357,1.036855641875508,51.10035645710267,5.319594452156306,51.376497692800804,252.89083644738673,6.644834889373814,237.0835618686451,-5.368936005121455
6720000000.0,-25.48989760583162,0.14557051958361233,0.0531502265118337,1.016900652446988,1.036911883525369,51.18398980384405,5.253427443485901,51.45288439090643,253.29177981667965,6.662575976801289,237.43343183395203,-5.384026115408715
6730000000.0,-25.576353037650392,0.14603089780951523,0.05262381727153383,1.0169545526627326,1.0369658283256864,51.26493621816162,5.183824228307439,51.52635945884559,253.69293020036625,6.679659689777927,237.78330031194375,-5.399158162812306
6740000000.0,-25.666988045969635,0.14648861649908265,0.0520775563724089,1.0170081443372114,1.0370176375259397,51.34304486775122,5.11088745212887,51.59679667227649,254.09426055502334,6.696069986277703,238.1331643478677,-5.414335587143221
6750000000.0,-25.761895111458998,0.14694400143451514,0.05151162428315342,1.017061465568332,1.0370674721802924,51.41816877688534,5.034727044692281,51.664074140381366,254.49574234195111,6.711791860916572,238.48302061486947,-5.429561495660941
6760000000.0,-25.861172875617868,0.14739736518770907,0.05092620995837044,1.0171145529153176,1.0371154926128505,51.49016522655775,4.955460084618491,51.72807457955944,254.89734555977915,6.726811500821228,238.83286545184004,-5.444838623780484
6770000000.0,-25.964926556526958,0.14784900570678683,0.05032151088585214,1.0171674412326843,1.0371618579616813,51.55889615127226,4.873210638742808,51.788685581574995,255.29903879498985,6.741116441489195,239.18269490538478,-5.4601693000852825
6780000000.0,-26.073268404132026,0.1482992052604468,0.04969773314673899,1.0172201635460916,1.0372067258046618,51.62422853066504,4.788109576003267,51.845799875188966,255.70078929053957,6.754695720422003,239.53250477542832,-5.475555416080104
6790000000.0,-26.18631819942347,0.1487482297459632,0.04905509148997693,1.017272750970759,1.0372502518687061,51.68603477410389,4.700294355883054,51.89931558028316,256.10256303244194,6.767540026354085,239.88229066392253,-5.490998401046443
6800000000.0,-26.304203802445862,0.1491963283601576,0.04839380942271165,1.0173252326723867,1.0372925898223675,51.74419309637443,4.609908791558884,51.949136453471255,256.50432485395305,6.7796418418570275,240.2320480260893,-5.506499202329389
6810000000.0,-26.427061754723912,0.14964373362644218,0.04771411931853053,1.0173776358697817,1.0373338911503291,51.79858788254249,4.517102788063209,51.99517212418289,256.90603855666825,6.790995577170871,240.5817722235944,-5.522058271304192
6820000000.0,-26.555037942438048,0.1500906617648071,0.04701626254580326,1.0174299858776688,1.0373743051068092,51.84911004007535,4.422032055930299,52.0373383202054,257.30766704761294,6.8015976931821545,240.93145857902513,-5.537675555203078
6830000000.0,-26.688288327536256,0.15053731338595067,0.04630048961880823,1.0174823061874936,1.0374139787435617,51.895657336313,4.324857800962181,52.07555708167279,257.7091724911191,6.811446811579925,241.28110243102913,-5.553350494926996
6840000000.0,-26.826979754949182,0.15098387448535222,0.04556706037486567,1.0175346185833962,1.0374530570068643,51.9381347194042,4.225746390920556,52.10975696250518,258.11051647405253,6.820543810384881,241.6306991894584,-5.569082028883929
6850000000.0,-26.97129084520016,0.15143051770805876,0.04481624418136505,1.0175869432899416,1.0374916828966905,51.976454620866136,4.124869000120228,52.13987321832601,258.5116601827147,6.828891903191062,241.9802443898632,-5.584868602832908
6860000000.0,-27.12141298299671,0.15187740385091855,0.04404832017738568,1.0176392991477194,1.037529997680311,52.01053723798196,4.022401233069668,52.165847979912186,258.9125645895452,6.836496700718116,242.32973374668083,-5.600708185633393
6870000000.0,-27.27755141387871,0.15232468356507683,0.04326357755561677,1.0176917038124662,1.0375681411516313,52.0403107943305,3.9185227284708977,52.18763041127711,259.3131906475772,6.843366253443251,242.67916320448603,-5.616598290735067
6880000000.0,-27.43992646271449,0.15277249921865782,0.04246231589151176,1.0177441739730204,1.0376062519268963,52.06571177683497,3.8134167450525385,52.2051768515336,259.7134994904405,6.84951107439977,243.02852898668328,-5.6325360031747005
6890000000.0,-27.608774889812384,0.15322098687747276,0.04164484552812534,1.017796725583178,1.0376444677669001,52.08668514783121,3.7072697308644447,52.21845093974623,260.11345263559997,6.854944141455985,243.37782764104998,-5.648518011772267
6900000000.0,-27.784351402693467,0.15367027835985436,0.040811488026938327,1.0178493741023071,1.0376829259154314,52.10318453078434,3.600270877807417,52.22742372205001,260.5130121884382,6.85968087869816,243.72705608158222,-5.664540646174799
6910000000.0,-27.966930344190818,0.15412050332133126,0.03996257669727637,1.0179021347395378,1.0377217634435938,52.11517236842915,3.4926116633055284,52.23207374039192,260.9121410447475,6.863739116839968,244.07621162611957,-5.680599918305023
6920000000.0,-28.156807580552762,0.15457179132487103,0.03909845721977136,1.017955022696336,1.0377611175896644,52.12262005227067,3.384485381148372,52.23238710233886,261.31080308918933,6.867139032873195,244.42529202930555,-5.696691567757328
6930000000.0,-28.354302616679526,0.15502427385323422,0.038219488382844745,1.0180080534023723,1.0378011260843338,52.12550802255505,3.276086663634746,52.2283575314895,261.7089633873288,6.869903069486694,244.77429551044688,-5.712811110602953
6940000000.0,-28.559760969557434,0.15547808622189455,0.037326042955621364,1.018061242739811,1.0378419274516533,52.12382583800866,3.1676109972371056,52.21998639812995,262.1065883689009,6.87205583505115,245.12322077594715,-5.728953891037944
6950000000.0,-28.77355683541947,0.155933369353221,0.03641850872622356,1.0181146072514116,1.037883661276538,52.1175722148391,3.059254234073229,52.207282729880355,262.503646000106,6.873623985302382,245.4720670360059,-5.745115135278734
6960000000.0,-28.996096091166244,0.15639027137567402,0.03549728974142766,1.0181681643281864,1.0379264684304157,52.10675503469673,2.951212101520444,52.19026320219178,262.90010594286093,6.874636088059723,245.8208340153757,-5.761290007055208
6970000000.0,-29.227819676126146,0.15684894901563734,0.03456280779257402,1.018221932372814,1.037970491247534,52.09139132150492,2.8436797123335635,52.16895210866801,263.29593969911247,6.87512247261639,246.16952195802486,-5.777473664067995
6980000000.0,-29.469207406230055,0.15730956875361324,0.033615504204053626,1.018275930935486,1.0380158736454237,52.07150718727971,2.7368510776324593,52.14338131130413,263.691120738542,6.8751150656369635,246.51813162561632,-5.793661314719783
6990000000.0,-29.72078227895075,0.15777230772132822,0.032655841995402855,1.0183301808194267,1.038062761184155,52.047137747272636,2.6309186251074688,52.11359017085187,264.08562460822714,6.874647215591755,246.86666428981007,-5.809848274468505
7000000000.0,-29.98311533353817,0.15823735432128502,0.031684308507145986,1.018384704153914,1.038111301060231,52.018327004980655,2.526072724751384,52.079625457637775,264.4794290230816,6.873753507943728,247.21512171845106,-5.82603002111106
7010000000.0,-30.256831136516684,0.15870490855587582,0.03070141860547831,1.0184395244332778,1.0381616420322697,51.985127707771895,2.422501224363719,52.04154124327408,264.8725139361829,6.872469573392315,247.5635061557794,-5.842202248353759
7020000000.0,-30.54261396594129,0.15917518205859818,0.029707718613771958,1.01849466652099,1.0382139342769376,51.94760117407353,2.320388996991173,51.99939877381241,265.26486158838713,6.870831891596688,247.91182029688335,-5.858360917007622
7030000000.0,-30.84121476759715,0.15964839782568385,0.02870379116253724,1.0185501566186368,1.0382683291749522,51.905817093254925,2.2199175023640914,51.95326632499382,265.6564565369496,6.868877592865221,248.26006725666397,-5.874502303208687
7040000000.0,-31.15345894892969,0.16012478965211613,0.02769026120789388,1.0186060222002267,1.03832497902833,51.85985329951341,2.1212643642680136,51.90321904034629,266.04728566314714,6.866644260258848,248.6082505336722,-5.890623043065094
7050000000.0,-31.480255056659413,0.16060460128156934,0.026667803547450866,1.0186622919129396,1.0383840367113684,51.80979552122991,2.024602965650104,51.849338752969395,266.43733815924764,6.864169734584915,248.9563739692145,-5.9067201731950485
7060000000.0,-31.82260434296466,0.16108808528515647,0.02563715226981233,1.0187189954460512,1.0384456552591173,51.7557371074046,1.9301020631069339,51.79171379192609,266.82660549543374,6.861491924665822,249.30444170220758,-5.922791166649257
7070000000.0,-32.18161114832418,0.16157550168902707,0.024599112721325075,1.0187761633703707,1.0385099873983288,51.697778732907906,1.8379254222346812,51.73043877423041,267.2150813675999,6.858648625153692,249.65245812028533,-5.9388339637863945
7080000000.0,-32.55849389277226,0.16206711637527685,0.023554576777888137,1.0188338269510495,1.0385771850269065,51.63602808438792,1.7482314751454702,51.665614383479344,267.60276162720567,6.8556773440442385,250.0004278077385,-5.954846997702604
7090000000.0,-32.95459623200907,0.16256319928516877,0.022504542495197562,1.0188920179371512,1.0386473986489582,51.57059952876112,1.6611730012697628,51.597347136224016,267.9896441946253,6.852615141861982,250.3483554908824,-5.970829213893965
7100000000.0,-33.37139753511666,0.16306402245708318,0.02145013961359699,1.0189507683317756,1.0387207767733586,51.50161376627831,1.5768968323751762,51.525749137211605,268.3757289576482,6.849498484263262,250.69624598148795,-5.986780083905592
7110000000.0,-33.81052116733373,0.1635698579346329,0.020392662966834146,1.0190101101468836,1.0387974652844427,51.429197470201274,1.4955435825397896,51.45093782465227,268.7610176570019,6.846363109622641,251.04410411895506,-6.002699612765303
7120000000.0,-34.273737931203556,0.16408097558302387,0.019333616665895344,1.0190700751472834,1.0388776067940737,51.35348291515112,1.4172474036257328,51.373035706679836,269.1455137609153,6.84324391287073,251.3919347118848,-6.018588340109968
7130000000.0,-34.76296012366982,0.16459764085315273,0.018274773115288974,1.0191306945884024,1.038961339984655,51.274607596189924,1.3421357666076073,51.292170090173265,269.52922233088805,6.840174846595713,251.73974247975636,-6.034447334943604
7140000000.0,-35.280218483944815,0.16512011253401165,0.01721825263831597,1.0191919989526002,1.0390487989529138,51.19271384068506,1.2703292689261956,51.20847280309927,269.9121498809151,6.8371888401483725,252.0875319953989,-6.050278184076028
7150000000.0,-35.82760895881537,0.16564864053427553,0.01616663197946184,1.0192540176888139,1.0391401125643482,51.10794841496776,1.2019414678572595,51.122079911513374,270.29430423248925,6.83431773719241,252.43530762893178,-6.0660829743571965
7160000000.0,-36.40718723342056,0.16618346373324197,0.015123093538126227,1.0193167789602477,1.0392354038280573,51.020462127750754,1.1370787397147633,51.0331314323309,270.6756943677102,6.831592251836786,252.78307349385048,-6.08186426888428
7170000000.0,-37.02077398414124,0.166724807940222,0.01409163224804301,1.019380309404693,1.0393347893014215,50.930409432200115,1.075840164548003,50.94177104293875,271.05633028282045,6.829041943201006,253.1308333959058,-6.097625077440481
7180000000.0,-37.66960914396459,0.16727288399938017,0.013077343842887407,1.019444633911821,1.039438378533592,50.8379480284788,1.0183174358420204,50.84814578867602,271.43622284443813,6.826695207990623,253.4785907853838,-6.11336882149185
7190000000.0,-38.35375419916754,0.16782788607445864,0.012086826554447587,1.019509775421496,1.0395462735561463,50.74323846848733,0.9645947945951013,50.75240578915971,271.8153836506526,6.824579290333271,253.8263487133692,-6.129099294142508
7200000000.0,-39.07108333635338,0.16838999014463993,0.011128735824269882,1.019575754746776,1.0396585684285045,50.646443764425015,0.9147489870233038,50.654703944375456,272.1938248990527,6.822720307957376,254.17410979252443,-6.144820615489802
7210000000.0,-39.81563167632521,0.1689593527387019,0.010214530656152418,1.0196425904248028,1.0397753488447274,50.54772900268622,0.8688492450339083,50.55519564139379,272.5715592635647,6.821143293416723,254.52187616286426,-6.160537183883732
7220000000.0,-40.57502140870664,0.16953610993070573,0.00935941985066534,1.0197102985983093,1.0398966918073942,50.447260964489445,0.826957288514362,50.454038462508905,272.94859978183564,6.819872248997247,254.8696494629501,-6.176253623676166
7230000000.0,-41.32680399455062,0.17012037661531082,0.008583408863510278,1.0197788929298877,1.0400226653730253,50.34520775451849,0.789127348403256,50.3513918955338,273.3249597546569,6.818930213618468,255.21743080686417,-6.191974730029839
7240000000.0,-42.034187156756396,0.17071224607601046,0.007912079496205706,1.0198483845505844,1.0401533284723907,50.241738438730366,0.7554062094442003,50.247417046919566,273.7006526587084,6.818339339951749,255.56522076726108,-6.207705411448717
7250000000.0,-42.64330516398494,0.17131178985416695,0.007376234954409053,1.0199187820437654,1.0402887308077404,50.137022692362464,0.725833271470295,50.14227635830311,274.07569207366043,6.818120979838115,255.9130193647177,-6.223450630690061
7260000000.0,-43.0868734206387,0.17191905792113935,0.007009004341093808,1.0199900914645346,1.040428912827683,50.03123045904841,0.700440628028762,50.03613332702485,274.4500916243913,6.818295775931154,256.2608260635333,-6.239215344744703
7270000000.0,-43.299727288579454,0.17253407915050734,0.00683933120435315,1.0200623163943698,1.0405739057791703,49.92453162183023,0.679253161127498,49.9291522310967,274.8238649388341,6.8188837575184005,256.6086397740541,-6.255004444609922
7280000000.0,-43.24413150495802,0.17315686208161543,0.0068832481189077975,1.0201354580299649,1.0407237318346727,49.81709568673731,0.6622886508715905,49.821497859042886,275.197025621667,6.8199044383499094,256.9564588615204,-6.270822695529158
7290000000.0,-42.928628589716425,0.17378739596052234,0.007137868956418396,1.020209515304659,1.0408784042914063,49.7090914794885,0.6495578987515308,49.71333524498217,275.5695872438077,6.821376914367497,257.30428116135874,-6.286674678441499
7300000000.0,-42.40351608931196,0.1744256520392088,0.007582705613742978,1.020284485040226,1.0410379278382238,49.6006868557655,0.641064863351382,49.60482940926954,275.9415633473874,6.823319959242501,257.6521040007598,-6.302564733308821
7310000000.0,-41.73728925852512,0.17507158510920315,0.008187202591088944,1.0203603621262365,1.041202298884652,49.492048425401215,0.6368068072576131,49.4961451049678,276.3129674656256,6.825752115706807,257.99992422631885,-6.318496905017252
7320000000.0,-40.993608094498896,0.17572513524124478,0.008919070469086963,1.020437139723682,1.041371505945482,49.38334129073128,0.6367744539705663,49.38744657037935,276.68381315677834,6.828691780757378,258.34773823742796,-6.334474892479923
7330000000.0,-40.2203103357388,0.17638622969887402,0.009749548032056769,1.0205148094890995,1.0415455300734022,49.27472879926493,0.6409521536477353,49.278897287828734,277.05411405109123,6.832157282967979,258.69554202505464,-6.350502001566321
7340000000.0,-39.448696602851584,0.1770547849904826,0.010655287440008354,1.0205933618150476,1.0417243453313696,49.16637231074743,0.6493180565400646,49.1706597488541,277.42388390948867,6.836166950277675,259.0433312154668,-6.366581102431833
7350000000.0,-38.69720774589234,0.17773070902151633,0.0116182204490236,1.0206727860824454,1.0419079192957035,49.05843097860939,0.661844293020038,49.06289522593611,277.79313669252525,6.840739166842943,259.39110111840995,-6.382714591751833
7360000000.0,-37.975613062410275,0.17841390330672338,0.012624650002985493,1.0207530709200714,1.0420962135804541,48.95106154572558,0.6784971591399839,48.95576355086677,278.16188663798016,6.84589241770992,259.7388467791767,-6.398904360336165
7370000000.0,-37.28829246523298,0.17910426520081849,0.013664236706986643,1.0208342044663392,1.0422891843732083,48.84441815434261,0.699237306702148,48.84942289983944,278.5301483453185,6.851645320328725,260.0865630339862,-6.415151766528797
7380000000.0,-36.63645641476729,0.1798016901054719,0.014729132847875914,1.0209161746284088,1.042486782972354,48.73865216997387,0.7240199368671384,48.744029585321314,278.8979368651592,6.858016642150018,260.4342445680095,-6.431457615710272
7390000000.0,-36.01954148661068,0.1805060736107343,0.015813315128769764,1.0209989693337123,1.0426889563158643,48.633912019008534,0.7527949963734086,48.639737854754394,279.2652677918027,6.865025303795581,260.781885975383,-6.447822146193213
7400000000.0,-35.436052520620606,0.18121731352985854,0.01691209361540899,1.0210825767690703,1.0428956474918207,48.53034303973184,0.7855073754873569,48.53669969611648,279.6321573568341,6.872690367566831,261.12948182050513,-6.46424502167911
7410000000.0,-34.88405726478853,0.18193531178820138,0.01802175730146257,1.0211669856027736,1.043106796221288,48.42808734641116,0.8220971068511991,48.435064650361745,279.99862252181373,6.881031011298679,261.4770266998873,-6.480725330396515
7420000000.0,-34.36147005763796,0.18265997612944426,0.01913931971052221,1.021252185185301,1.0433223393047337,48.327283706063405,0.8624995644430444,48.334979630749885,280.364681068093,6.890066487829086,261.8245153038406,-6.4972615909637765
7430000000.0,-33.86620976797936,0.18339122160511756,0.020262335945787004,1.021338165724665,1.043542211023803,48.22806742748374,0.9066456619113059,48.23658874906248,280.73035168184646,6.899816070615963,262.1719424772697,-6.513851764914651
7440000000.0,-33.39628366349593,0.1841289718175877,0.02138877031653689,1.021424918432865,1.0437663434912385,48.13057026208485,0.9544620495922563,48.14003314869651,281.0956540325125,6.910298986259659,262.51930327883707,-6.530493275778302
7450000000.0,-32.94982811206785,0.18487315989055866,0.02251689975738609,1.021512435640379,1.0439946669426237,48.034920316067705,1.005871309565989,48.04545084461569,281.46060884293934,6.92153433492829,262.866593037811,-6.547183034495769
7460000000.0,-32.52512448112567,0.1856237291461909,0.023645242693182987,1.0216007108762213,1.0442271099648202,47.94124197341877,1.0607921481532023,47.95297657013039,281.82523794970473,6.933540999875573,263.2138074078997,-6.563917470915076
7470000000.0,-32.120601110714354,0.18638063347310785,0.02477250612510733,1.0216897389116937,1.0444635996571632,47.84965582920757,1.1191395852995396,47.86274163046871,282.1895643522241,6.946337547453723,263.5609424174358,-6.580692570983886
7480000000.0,-31.734827777700097,0.18714383737503712,0.02589754587872406,1.0217795157666059,1.0447040617227803,47.76027863263659,1.1808251403417396,47.774873763089595,282.5536122494815,6.959942119166414,263.9079945152938,-6.597503919251562
7490000000.0,-31.366506414864297,0.18791331569569875,0.027019336449411242,1.0218700386774229,1.0449484204887642,47.67322323927903,1.2457570136931182,47.689497004679126,282.9174070634184,6.974372317443748,264.2549606119897,-6.614346746168178
7500000000.0,-31.014460267387452,0.18868905302149921,0.028136947913962176,1.021961306027501,1.0451965988553487,47.58859857192321,1.3138402640323408,47.606731564759244,283.2809754482533,6.989645086947319,264.60183811544954,-6.631215979652614
7510000000.0,-30.67762272656609,0.1894710427694782,0.029249528095127816,1.0220533172402633,1.045448518175614,47.50650958942961,1.384976980625097,47.5266937058263,283.6443452852425,7.005776593264178,264.94862496101774,-6.648106300326834
7520000000.0,-30.355026519469416,0.19025928597386893,0.030356288668172828,1.022146072636862,1.0457040980686667,47.42705726299418,1.459066450451621,47.44949562992385,284.0075456626438,7.0227821009158795,265.29531963531196,-6.665012199765403
7530000000.0,-30.045793600880533,0.19105378979044596,0.03145649425279795,1.0222395732605616,1.0459632561706114,47.35033855920229,1.5360053198602548,47.37524537154102,284.370606840903,7.04067585259601,265.64192119363076,-6.681928041097441
7540000000.0,-29.74912589908723,0.19185456574313192,0.03254945378581576,1.022333820670696,1.0462259078288978,47.27644642925111,1.615687750512671,47.30404669671514,284.7335602033234,7.059470951553898,265.98842927068773,-6.698848121231004
7550000000.0,-29.46429695513942,0.19266162774251167,0.03363451365089707,1.0224288167096718,1.046491965746872,47.20546980371149,1.6980055694310172,47.235999008202796,285.09643819273435,7.0791792489662235,266.33484408450823,-6.715766733969476
7560000000.0,-29.190644433060132,0.19347498991050247,0.03471105217274036,1.0225245632470246,1.046761339586457,47.13749359219967,1.7828484130049762,47.17119725657193,285.4592742349106,7.099811238061794,266.6811664334327,-6.732678233281181
7570000000.0,-28.92756344616727,0.19429466424940703,0.035778475178784235,1.022621061905013,1.047033935537855,47.07259868732759,1.870103864862504,47.10973185705443,285.82210264971604,7.121375956644022,267.02739768623104,-6.749577095956165
7580000000.0,-28.674500629982397,0.19512065819715385,0.0368362124021721,1.0227183137706548,1.0473096558660295,47.01086197230325,1.9596575875536346,47.05168861198719,286.184958551146,7.143880899521886,267.37353976542187,-6.766457982912647
7590000000.0,-28.43094888776892,0.19595297211313395,0.037883714552169115,1.0228163190994235,1.047588398444364,46.95235633155886,2.05139344804549,46.99714863866061,286.54787773764156,7.167331942174901,267.719595123972,-6.7833157984120325
7600000000.0,-28.19644273607195,0.19679159674117155,0.038920450917564034,1.0229150770160726,1.0478700562864243,46.89715066379102,2.1451936370701947,46.946188302383405,286.9108965741924,7.191733276793013,268.0655667156344,-6.8001457464674235
7610000000.0,-27.970554182004896,0.19763651069724772,0.03994590739832154,1.0230145852181936,1.048154517087028,46.845309896809965,2.240938782416107,46.8988791545672,287.2740518679041,7.217087361620141,268.4114579592496,-6.816943383772365
7620000000.0,-27.752889069830236,0.19848767803020614,0.04095958488337681,1.0231148396881824,1.0484416627839936,46.79689500360856,2.3385080562965928,46.85528787562966,287.63738073877005,7.243394884307256,268.75727269741543,-6.833704668494277
7630000000.0,-27.543083840659925,0.19934504590301277,0.04196099790981456,1.0232158344192233,1.0487313691518148,46.75196301907928,2.4377792769756264,46.815476222512224,288.0009204875204,7.270654739720045,269.10301515000333,-6.850426004332618
7640000000.0,-27.340802655311798,0.20020854244108738,0.04294967355208721,1.023317561160773,1.049023505438263,46.71056705682878,2.5386290048739473,46.779500980609924,288.3647084623976,7.298864022437519,269.4486898630494,-6.867104279324834
7650000000.0,-27.145734836219116,0.2010780747919928,0.04392515050033648,1.0234200091887762,1.0493179340544319,46.672756325562915,2.6409326334207552,46.74741391991262,288.72878192678075,7.3280180338848675,269.7943016536166,-6.883736898872437
7660000000.0,-26.95759258965787,0.20195352743814468,0.04488697829502357,1.0235231651055339,1.0496145103281078,46.63857614454345,2.744564474956935,46.71926175516446,289.093177929496,7.358110303824727,270.1398555512721,-6.900321812613062
7670000000.0,-26.776108974376847,0.2028347608002704,0.045834716691494894,1.0236270126736913,1.049913082329455,46.60806795764751,2.8493978420349797,46.69508610985617,289.45793317965627,7.3891326256783545,270.48535673686325,-6.916857534757511
7680000000.0,-26.601036086999315,0.2037216101653836,0.0467679351331649,1.023731532688347,1.0502134907770517,46.58126934559393,2.9553051244960153,46.674923483875595,289.82308392772416,7.421075104905354,270.83081047931415,-6.933343157651554
7690000000.0,-26.432143438334013,0.20461388496784771,0.04768621231602195,1.0238367028906783,1.0505155690311037,46.55821403593851,3.062157862739581,46.65880522465829,290.18866585442424,7.453926219468994,271.1762220711905,-6.949778358348718
7700000000.0,-26.269216498030357,0.20551136844677598,0.04858913583037674,1.0239424979258545,1.0508191431793814,46.53893191047727,3.169826817631355,46.64675750169366,290.5547139689575,7.487672891190451,271.521596763798,-6.966163398100772
7710000000.0,-26.112055387890333,0.20641381769694506,0.04947630186833587,1.0240488893472948,1.0511240322199946,46.52344900973974,3.278182037522962,46.63880128426322,290.9212625178084,7.52230056662432,271.86693970258716,-6.982499114732106
7720000000.0,-25.960473706651243,0.2073209641242051,0.050347314987541206,1.0241558456686044,1.051430048343629,46.51178753429765,3.387092922882099,46.6349523223074,291.2883449052321,7.557793305935964,272.2122558636411,-6.998786907958342
7730000000.0,-25.81429747122639,0.2082325143095618,0.05120178792337351,1.0242633324637174,1.0517369973162298,46.503965842659156,3.4964282890518996,46.6352211303398,291.65599362631656,7.594133878113144,272.5575499920082,-7.015028717801775
7740000000.0,-25.67336416127823,0.2091481512795537,0.05203934144314452,1.024371312515006,1.0520446789615523,46.499998445567314,3.606056427676408,46.63961297435206,292.02424021326215,7.63130386075584,272.9028265426279,-7.031226996302224
7750000000.0,-25.537521855635397,0.21006753617354587,0.05285960423687532,1.024479746008291,1.0523528877412915,46.49989599656809,3.715845167341528,46.64812786167634,292.39311519530236,7.669283742617843,273.24808962457047,-7.047384672875512
7760000000.0,-25.406628450487638,0.2109903102918843,0.05366221284011457,1.0245885907728978,1.0526614134288903,46.503665278764,3.8256619339911233,46.66076053379873,292.7626480724271,7.708053027019034,273.59334294926776,-7.06350511364291
7770000000.0,-25.2805509505284,0.211916097502198,0.054446811584936576,1.0246978025641178,1.0529700418714973,46.511309187718204,3.935373811682541,46.677500462141246,293.13286730283164,7.747590334258455,273.93858978338454,-7.079592075236823
7780000000.0,-25.159164825288677,0.21284450697480983,0.055213052575814534,1.0248073353846874,1.053278555833003,46.522826710524036,4.044847604248042,46.69833184685551,293.5038003037486,7.787873501183,274.2838329069128,-7.0956496535760865
7790000000.0,-25.042353423842595,0.21377513621235997,0.055960595687490094,1.0249171418411984,1.05358673590963,46.53821290110482,4.153949898425042,46.72323361869537,293.8754734651108,7.828879676105262,274.6290745770179,-7.111682228208744
7800000000.0,-24.930007441878782,0.21470757433309046,0.0566891085823195,1.025027173530688,1.053894361508169,46.55745885185711,4.26254712901275,46.75217944405825,294.2479121752136,7.870585407378028,274.97431649810557,-7.1276944028538916
7810000000.0,-24.82202443584533,0.21564140556262879,0.057398266744833386,1.0251373814521023,1.0542012118757842,46.58055166180035,4.370505646601554,46.78513773330829,294.62114085736715,7.9129667240393715,275.31955979849795,-7.143690942835717
7820000000.0,-24.718308379496243,0.21657621288469583,0.0580877535314717,1.0252477164368063,1.0545070671692192,46.60747440144049,4.47769178840774,46.82207165251133,294.9951830162936,7.955999207093728,275.66480501405033,-7.159676710138356
7830000000.0,-24.618769258712625,0.2175115817977884,0.05875726023361247,1.0253581295919034,1.054811709550367,46.638206074602806,4.5839719527292635,46.862939138732294,295.37006129286834,7.999658050160069,276.0100520789234,-7.17565659683765
7840000000.0,-24.52332270094785,0.21844710412223983,0.059406486152145936,1.0254685727498132,1.055114924294484,46.67272157753172,4.689212677516788,46.90769291905944,295.74579752562215,8.043918108417198,276.3553003236922,-7.191635457697903
7850000000.0,-24.43188963606394,0.21938238180030767,0.06003513868194843,1.0255789989173398,1.0554165008968537,46.710991655596935,4.7932807235314865,46.956280533532734,296.1224128173111,8.088753935001916,276.700548480848,-7.2076180427284475
7860000000.0,-24.3443959856946,0.22031703063095012,0.06064293340468333,1.0256893627173405,1.0557162341634287,46.7529828579858,4.8960431625337,47.00864436216499,296.49992760473503,8.134139804210106,277.04579469767833,-7.223608930508552
7870000000.0,-24.26077237859169,0.22125068388124933,0.06122959418843275,1.0257996208161304,1.056013925270997,46.79865749079731,4.997367470918345,47.064721656250676,296.8783617299265,8.180049721133289,277.3910365564258,-7.239612463071492
7880000000.0,-24.180953889697037,0.2221829957170611,0.06179485329271402,1.0259097323298298,1.0563093827825312,46.847973568989886,5.097121629181904,47.12444457416394,297.25773451078453,8.226457417581512,277.7362711015346,-7.255632683142779
7890000000.0,-24.104879800931958,0.2231136443977524,0.06233845147748598,1.0260196592031179,1.056602423603893,46.900884767665794,5.195174227571533,47.18774022184881,297.63806480921664,8.273336334410226,278.0814948737209,-7.271673274490599
7900000000.0,-24.032493381916055,0.22404233518264283,0.06286013811481217,1.0261293665541804,1.0568928738686967,46.95734037320548,5.291394578234494,47.25453069820547,298.01937109486494,8.320659590613115,278.42670395049066,-7.287737506119162
7910000000.0,-23.963741689022786,0.22496880290028473,0.06335967130189375,1.0262388229800474,1.0571805697389571,47.017285234792105,5.385652834147267,47.32473314557365,298.4016715025681,8.368399939797936,278.7718939927008,-7.303828181000873
7920000000.0,-23.89857538135147,0.22589281413659693,0.06383681797424066,1.0263480008170875,1.0574653581103086,47.08065971689221,5.477820115068596,47.398259805512346,298.78498388176706,8.416529714892105,279.1170602966388,-7.3199475899887485
7930000000.0,-23.836948552346442,0.22681416900302187,0.06429135401782182,1.026456876352032,1.057747097211816,47.1473996532792,5.567768640720661,47.47501808006633,299.1693258361878,8.465020762165935,279.46219785105023,-7.336097471490526
7940000000.0,-23.778818575928216,0.2277327024518903,0.06472306437910783,1.0265654299796085,1.0580256570918407,47.21743630320873,5.655371871365353,47.554910598706876,299.5547147522837,8.513844365861047,279.80730139848737,-7.3522789774365345
7950000000.0,-23.72414596612259,0.22864828511287236,0.06513174317198625,1.0266736463036519,1.0583009199830575,47.290696310371096,5.74050465590084,47.63783529112302,299.94116781506796,8.562971164907653,280.15236550027674,-7.368492645994654
7960000000.0,-23.672894249276823,0.22956082363157285,0.06551719378063346,1.0267815141794092,1.0585727805414493,47.367101665264,5.82304338756454,47.72368546603369,300.32870201017687,8.612371063397452,280.4973846043786,-7.3847383813932135
7970000000.0,-23.625029848046868,0.23047026049873384,0.06587922895751536,1.0268890266956276,1.0588411459559302,47.44656967164171,5.90286616728784,47.81234989618124,300.71733411118635,8.662013136604392,280.8423531153528,-7.401015441180165
7980000000.0,-23.58052197642349,0.23137657336644585,0.06621767091579019,1.026996181095954,1.0591059359271855,47.529012917710304,5.979852974704828,47.90371290965826,301.1070806514704,8.711865534496315,281.1872654656352,-7.417322431101194
7990000000.0,-23.539342545137877,0.232279773855667,0.06653235141550708,1.02710297864011,1.0593670825162627,47.614339252750526,6.05388584677758,47.99765448771255,301.4979578800835,8.76189538473523,281.5321161872887,-7.433657307745712
8000000000.0,-23.50146607685552,0.23317990586743953,0.06682311184309933,1.0272094244062642,1.0596245298654439,47.70245176985786,6.124849063955449,48.094050369165736,301.889981701449,8.812068697284728,281.87689998338914,-7.450017388984969
8010000000.0,-23.466869630626487,0.234077043418019,0.0670898032837926,1.0273155270369507,1.0598782337958659,47.79324879550086,6.1926293437434605,48.19277216157665,302.2831675988453,8.862350272688731,282.2216117982165,-7.466399372148195
8020000000.0,-23.435532735112368,0.23497128802590003,0.06733228658668465,1.0274212984318067,1.0601281612882911,47.88662388660322,6.257116041510372,48.29368745927282,302.6775305419772,8.912703616192141,282.5662468854008,-7.482799359809488
8030000000.0,-23.407437330162946,0.23586276568608758,0.06755043242234783,1.027526753391274,1.0603742898552582,47.98246583586392,6.318201358319368,48.396659968370926,303.0730848791676,8.963090859752178,282.91080087322246,-7.499212892921013
8040000000.0,-23.38256771635567,0.23675162347367534,0.06774412133296348,1.0276319092162103,1.0606166068145286,48.08065868603314,6.3757805555195635,48.50154963890284,303.46984421495023,9.013472693990035,283.25526982626917,-7.515634991004602
8050000000.0,-23.360910512157215,0.2376380258254509,0.06791324377507946,1.0277367852691475,1.060855108475415,48.18108175386555,6.429752175783851,48.60821280416173,303.86782127410675,9.063808312009092,283.5996503026969,-7.53206019898271
8060000000.0,-23.342454618401046,0.23852215055337048,0.06805770015522708,1.0278414025035438,1.0610897992508708,48.2836096644749,6.480018270230696,48.71650232738284,304.267027753417,9.114055366899121,283.94393940639253,-7.548482640150754
8070000000.0,-23.327191189814393,0.23940418464909383,0.0681774008587168,1.0279457829680176,1.061320690709581,48.38811239681401,6.526484631211082,48.82626775587235,304.66747416261376,9.164169944592768,284.28813483337746,-7.564896074759587
8080000000.0,-23.31511361336039,0.24028431994227822,0.06827226627205053,1.0280499492929684,1.0615478005831969,48.49445534100064,6.5690610302877115,48.93735548269798,305.06916965624305,9.214106553585939,284.63223491186676,-7.581293963552867
8090000000.0,-23.3062174931969,0.241162748678719,0.06834222679945995,1.0281539241674,1.0617711517447326,48.60249936820725,6.607661460873194,49.04960891605656,305.4721218583008,9.263818132801054,284.97623863545283,-7.597669535586277
8100000000.0,-23.30050064208532,0.24203965908615818,0.06838722287416882,1.0282577298139697,1.06199077117462,48.71210091382286,6.64220438493298,49.16286865643302,305.8763366816935,9.313256078702157,285.32014568897205,-7.614015859573524
8110000000.0,-23.29796307911539,0.24291523099673365,0.06840720496504109,1.0283613874704307,1.0622066889312385,48.82311207458395,6.672612983094149,49.27697268166483,306.28181814468405,9.36237029247971,285.66395646668343,-7.630325917968292
8120000000.0,-23.298607033646217,0.2437896315949527,0.06840213357931976,1.0284649168856308,1.0624189371427706,48.9353807203555,6.698815407432488,49.39175654002391,306.6885681866111,9.41110924794319,286.0076720824809,-7.646592682952455
8130000000.0,-23.30243695539548,0.2446630113587422,0.06837197926221189,1.0285683358380766,1.0626275490369428,49.04875062122124,6.720745036141029,49.50705355142401,307.0965864852329,9.45942008041446,286.3512943719429,-7.662809193474319
8140000000.0,-23.309459530644446,0.24553550025922205,0.06831672259408814,1.0286716596848557,1.0628325580247933,49.16306159051607,6.738340729209138,49.6226950168549,307.5058702781025,9.507248696724957,286.6948258861253,-7.678968632461205
8150000000.0,-23.319683704561385,0.24640720428113647,0.06823635418608012,1.028774900948273,1.063033996853737,49.27814964439853,6.751547084166131,49.73851043613437,307.91641419038837,9.554539906065548,287.0382698770914,-7.6950644033090825
8160000000.0,-23.333120709683563,0.24727820232209682,0.06813087467484855,1.0288780689471155,1.0632318968443053,49.39384717852082,6.760314690865754,49.854327734055396,308.32821007155485,9.601237571228381,287.3816302752656,-7.711090204780004
8170000000.0,-23.34978410063559,0.2481485435230729,0.06800029471728894,1.0289811694787907,1.063426287223578,49.50998316230415,6.764600384210554,49.969973494986995,308.74124684324437,9.647284779444675,287.7249116588024,-7.727040103432028
8180000000.0,-23.36968979520472,0.24901824507690049,0.06784463498589571,1.0290842045579114,1.0636171945669586,49.626383351268544,6.76436749363491,50.08527320596354,309.155510360654,9.692624031800854,288.0681192152395,-7.742908602711767
8190000000.0,-23.392856121935736,0.2498872905543549,0.06766392616547716,1.029187172216056,1.0638046423582088,49.74287051779854,6.759586088088515,50.20005150826791,309.5709832895552,9.737197449897902,288.41125869581595,-7.758690707921778
8200000000.0,-23.4193038744548,0.25075562877995156,0.06745820895185592,1.029290066366556,1.0639886506758618,49.85926470064824,6.750233215184975,50.31413245747852,309.98764500099406,9.780946998220625,288.75433636289256,-7.774381986257601
8210000000.0,-23.449056372780465,0.25162317328148287,0.06722753405313682,1.0293928767372045,1.0641692360121633,49.97538347339945,6.73629313310712,50.42733979190726,310.40547148551485,9.82381472040923,289.0973589310323,-7.789978621196239
8220000000.0,-23.48213953193275,0.25248980232844603,0.0669719621940564,1.0294955888727269,1.0643464112285248,50.091042231988354,6.717757533790936,50.539497209307946,310.82443528856794,9.865742987431123,289.4403335023392,-7.805477460572216
8230000000.0,-23.518581938207895,0.2533553595659966,0.06669156412386042,1.0295981842078552,1.0645201856493995,50.206054501304045,6.694625755846546,50.650428651678325,311.24450546853166,9.906674755451066,289.7832674967508,-7.820876057731941
8240000000.0,-23.55841493354565,0.25421965524143714,0.06638642062809418,1.029700640210699,1.0646905652941334,50.32023226074158,6.6669049856190155,50.759958597917006,311.6656475785321,9.946553831013299,290.12616857801953,-7.836172705238665
8250000000.0,-23.601672708482223,0.25508246801141105,0.0660566225446162,1.0298029305950627,1.0648575532441813,50.43338628845868,6.6346104447438865,50.86791236402765,312.08782367298244,9.985325141036702,290.4690445762025,-7.8513664606948685
8260000000.0,-23.64839240425099,0.2559435473087856,0.06570227078409094,1.0299050255992688,1.0650211501408167,50.54532652394366,6.597765562516742,50.974116410488314,312.51099233947525,10.022935005015869,290.81190340748657,-7.866457164299368
8270000000.0,-23.698614224669,0.25680261623912165,0.06532347635515974,1.0300068923279642,1.0651813548062334,50.655862448349126,6.556402131371569,51.0783986563236,312.935108756368,10.059331406679956,291.1547529922529,-7.88144544789639
8280000000.0,-23.752381558529923,0.2576593749683581,0.06492036039443866,1.0301084951524055,1.0653381649788973,50.76480348188622,6.510560443752391,51.18058879933173,313.3601247760941,10.09446426242323,291.4976011722766,-7.896332735314686
8290000000.0,-23.80974111331085,0.258513504555274,0.06449305420147736,1.0302097961637577,1.065491578152006,50.871959397406435,6.460289408669862,51.28051864183065,313.78598903392043,10.128285683713077,291.8404556279971,-7.911121233959791
8300000000.0,-23.870743061100058,0.2593646711747003,0.06404169927877199,1.0303107556730333,1.0656415925020495,50.97714074912505,6.405646646254567,51.378022421194636,314.21264708155724,10.160750230778245,292.18332379679777,-7.925813917633959
8310000000.0,-23.935441197754788,0.26021253067107153,0.06356644737695684,1.0304113327505389,1.0657882078928693,51.080159315264325,6.346698558663018,51.47293714436083,314.6400415447118,10.191815154924312,292.52621279321,-7.94041450075203
8320000000.0,-24.003893116415533,0.26105673337603263,0.06306746054530422,1.030511485796989,1.0659314269391515,51.18082855321564,6.283520375750547,51.56510292539059,315.0681123033892,10.221440626899064,292.8691293319681,-7.954927404141113
8330000000.0,-24.076160396629078,0.26189692911881074,0.06254491118771706,1.0306111731378482,1.0660712561120511,51.27896406564331,6.216196174007088,51.65436332507911,315.4967966934219,10.249589948935538,293.2120796547989,-7.96935771276599
8340000000.0,-24.15230881047025,0.2627327723546911,0.06199898212448194,1.0307103536320514,1.0662077068687805,51.37438407577848,6.144818867353618,51.740565691517,315.92602972746425,10.276229748200718,293.5550694618074,-7.9837111257767095
8350000000.0,-24.232408547205146,0.26356392733372486,0.06142986666015584,1.0308089872858663,1.0663407967871978,51.46690990998366,6.069490168520133,51.823561500423125,316.35574433341765,10.30133014964371,293.89810384824744,-7.997993899385129
8360000000.0,-24.316534458208356,0.26439007323083263,0.06083776865809487,1.0309070358625358,1.0664705506861756,51.55636648550891,5.990320519868265,51.903206693988196,316.78587160801555,10.324864926437263,294.24118724745153,-8.012212783172258
8370000000.0,-24.4047663240314,0.2652109091576889,0.06022290262232236,1.0310044634782392,1.0665970017123096,51.64258280121226,5.907428992687243,51.97936201689768,317.21634108311264,10.34681162650937,294.5843233805954,-8.026374950463312
8380000000.0,-24.497189145726168,0.2660261589779545,0.05958549378765641,1.0311012371750419,1.0667201923738208,51.725392428884284,5.820943154174906,52.05189334814071,317.64708100203444,10.367151673912343,294.9275152139119,-8.040487923538612
8390000000.0,-24.593893462757826,0.266835575849497,0.05892577821927297,1.0311973274617439,1.06684017550299,51.80463400269821,5.7309989015163,52.1206720271592,318.07801860322536,10.385870444135561,295.27076492390245,-8.054559494465124
8400000000.0,-24.69497570009509,0.2676389464204379,0.058244002923209436,1.0312927088139061,1.066957015129243,51.880151704210974,5.637740262691321,52.185575172853234,318.5090804083256,10.402957312740817,295.6140738709825,-8.068597642411662
8410000000.0,-24.800538547350502,0.26843609461041534,0.0575404259696824,1.0313873601248724,1.0670707872461258,51.95179574026316,5.541319163874444,52.24648599393023,318.940192511759,10.418405677104406,295.95744258192434,-8.082610448353488
8420000000.0,-24.91069137315869,0.269226884914085,0.05681531663153837,1.0314812651002647,1.0671815804567846,52.01942281107586,5.441895163534058,52.30329408907603,319.3712808689001,10.432212951342127,296.30087074136475,-8.096606008105427
8430000000.0,-25.02555067833457,0.2700112251702688,0.056068955540658244,1.0315744125891857,1.0672894964841437,52.082896565814586,5.339635153591383,52.35589573542612,319.80227157991294,10.444380534865381,296.6443571925191,-8.11059234464859
8440000000.0,-25.145240591744077,0.27078906874787895,0.05530163486574768,1.0316667968462752,1.067394650533878,52.14208804289229,5.234713028258698,52.40419416383533,320.23309116644015,10.454913755362922,296.98789994718146,-8.124577320738593
8450000000.0,-25.26989341325948,0.27156041610807596,0.05451365851562726,1.0317584177197547,1.0674971715003303,52.19687609231244,5.127309321437599,52.44809981947792,320.66366683842233,10.463821787319901,297.3314962049483,-8.13856855276988
8460000000.0,-25.39965020865763,0.2723253157109621,0.053705342372948495,1.0318492807616442,1.067597202007718,52.24714777741044,5.017610813818585,52.48753060635939,321.09392674849795,10.471117547514035,297.6751423815156,-8.15257332689268
8470000000.0,-25.534661461856814,0.27308386424509495,0.052877014564225576,1.031939397257519,1.067694898281437,52.29279875343926,4.905810111081265,52.52241211438871,321.5238002316212,10.476817569227137,298.01883414579225,-8.16659851832411
8480000000.0,-25.675087790490323,0.27383620616780757,0.052029015773153366,1.032028784174333,1.067790429846675,52.33373362055809,4.792105194840332,52.55267782773726,321.9532180277776,10.480941857162238,298.362566465482,-8.18065051480399
8490000000.0,-25.82110073146685,0.2745825325549777,0.05116169960552721,1.0321174640260957,1.0678839790541852,52.36986624892754,4.676698948221993,52.5782693133091,322.3821124859374,10.483513725317271,298.7063336606538,-8.194735145075954
8500000000.0,-25.972883603890672,0.27532307926907684,0.05027543301561411,1.0322054646584116,1.0679757404355947,52.4011200737812,4.559798658176072,52.59913638825203,322.8104177476853,10.484559620243749,299.0501294647781,-8.208857613239546
8510000000.0,-26.130632457494865,0.27605812446502653,0.04937059680567692,1.032292818954157,1.0680659198932685,52.4274283585369,4.441615496832988,52.6152372655605,323.23806990928773,10.48410893231004,299.3939470925597,-8.22302243975351
8520000000.0,-26.294557115572612,0.2767879854633192,0.04844758621259525,1.0323795644637601,1.06815473373221,52.448734424225336,4.322363984399503,52.62653867695038,323.6650071612838,10.48219379767882,299.7377793138676,-8.237233409817307
8530000000.0,-26.46488232227595,0.2775130150301309,0.04750681159817883,1.032465742964771,1.0682424075440216,52.46499184374705,4.202261436244002,52.633015972324706,324.09116990506527,10.478848893812724,300.08161853294854,-8.251493529732638
8540000000.0,-26.641849005048645,0.2782335971130326,0.046548699263046604,1.0325513999564682,1.0683291749551438,52.476164599719084,4.0815273969578465,52.634653195294526,324.5165008462336,10.474111231323281,300.4254568720721,-8.265804991829897
8550000000.0,-26.82571566385189,0.27895014209001334,0.045573692407897985,1.0326365840963385,1.068415276253844,52.482227204934155,3.9603830642843394,52.63144313436789,324.9409450649076,10.468019945000812,300.769286258677,-8.280169148389403
8560000000.0,-27.016759899658396,0.27966308159734116,0.04458225227089245,1.0327213465861977,1.0685009569123551,52.4831647847293,3.839050705884331,52.623387349574905,325.3644500635079,10.460616086737796,301.1130985150545,-8.29458649492288
8570000000.0,-27.21528009535379,0.2803728630084141,0.043574859475866735,1.0328057405165127,1.0685864660222038,52.47897312083678,3.7177530719552263,52.61049617444736,325.78696579286134,10.451942423022079,301.45688544957204,-8.309056663063258
8580000000.0,-27.42159726255315,0.2810799436423318,0.04255201563361021,1.0328898201782741,1.0686720546623905,52.46965865657182,3.5967128067373233,52.59278869342556,326.20844465782824,10.44204323945628,301.8006389483917,-8.32357842321691
8590000000.0,-27.63605706771915,0.2817847847850307,0.041514245247762475,1.0329736403522607,1.068757974221093,52.455238463489174,3.476151861930309,52.57029269491197,326.62884150392483,10.430964154607414,302.1443510666554,-8.338149696990923
8600000000.0,-27.859032050054058,0.2824878456098038,0.04046209798864443,1.0330572555860156,1.068844474692553,52.43574016991527,3.356290915000823,52.54304460033681,327.0481135867016,10.41875194524627,302.48801411808756,-8.352767579345851
8610000000.0,-28.090924041490783,0.28318957708624615,0.03939615141316146,1.033140719469123,1.0689318029713455,52.411201852027055,3.2373487952929856,52.51108936973513,327.466220525869,10.405454384749737,302.8316207619743,-8.367428370262491
8620000000.0,-28.33216679506797,0.2838904159673674,0.03831701422776148,1.0332240839174611,1.0690202011664072,52.38167188840333,3.1195419207595956,52.474480384466126,327.88312424635956,10.391120096193202,303.1751640865122,-8.382127615627642
8630000000.0,-28.583228821078425,0.28459077894442386,0.03722533021548391,1.0333073984770926,1.0691099049571489,52.34720877921386,3.0030837480102814,52.43327930782289,328.2987889086775,10.37579842128013,303.5186376875553,-8.396860156947614
8640000000.0,-28.84461641919605,0.28529105705726193,0.036121782979027885,1.0333907096582435,1.069201142013552,52.3078809314333,2.88818423823314,52.38755592438897,328.7131808310008,10.35953930598807,303.86203574180735,-8.411620189352078
8650000000.0,-29.116876877202476,0.28599161044453264,0.035007101691652415,1.033474060309425,1.0692941305012986,52.263766411673366,2.7750493413828514,52.337387959097335,329.1262684055532,10.34239320340111,304.2053530735968,-8.42640132730116
8660000000.0,-29.400601779818363,0.28669276351398437,0.033882068099506474,1.0335574890412582,1.0693890776919701,52.214952668407115,2.6638805008520343,52.282860877029435,329.53802201180326,10.324410993903898,304.5485852144293,-8.441196677277297
8670000000.0,-29.696430329843842,0.287394800607309,0.03274752508658356,1.0336410297088876,1.0694861786969458,52.16153622552344,2.5548741806483966,52.2240676650674,329.948413929006,10.305643922531551,304.89172845456073,-8.455998916684859
8680000000.0,-30.00505252138837,0.2880979622269738,0.03160438720222391,1.033724710961035,1.0695856153419037,52.10362234928677,2.448221416897844,52.161108596570806,330.35741825053253,10.286143552932604,305.2347798859695,-8.470800378084327
8690000000.0,-30.327211911053922,0.28880244188472387,0.03045365366812959,1.0338085558628294,1.0696875551969272,52.04132469089323,2.3441073952811053,52.094090980298176,330.7650108023101,10.26596173710055,305.5777374361615,-8.485593137828479
8700000000.0,-30.6637075919513,0.28950838362255016,0.029296424537043057,1.033892581598494,1.0697921507750534,51.97476490690633,2.2427110557948775,52.02312889482875,331.17116906755166,10.245150599694377,305.9205998923493,-8.500369108115843
8710000000.0,-31.01539476396395,0.2902158802469431,0.028133920881822302,1.0339767992587912,1.069899538909639,51.90407225992487,2.1442047260071964,51.948342909765024,331.57587211971014,10.223762535507708,306.26336691567496,-8.51512013141843
8720000000.0,-31.383182976393513,0.2909249723072145,0.026967510169642474,1.0340612137169314,1.070009840318483,51.82938320188043,2.048753783757618,51.86985979500838,331.97910056541565,10.20185021840242,306.606039045229,-8.529838076215501
8730000000.0,-31.768030642726288,0.2916356478373833,0.025798738345538804,1.0341458235953185,1.0701231593598612,51.750840942389004,1.9565163500337936,51.7878122194054,332.3808364988359,10.179466619790743,306.9486176917524,-8.544514932934696
8740000000.0,-32.17093371145576,0.29234784287002985,0.024629370644173136,1.0342306213241794,1.0702395839829262,51.668595004582784,1.8676430125436827,51.70233844005414,332.78106346863103,10.156665034595175,307.29110512101994,-8.559142908999569
8750000000.0,-32.59290530138579,0.29306144271880985,0.02346144380895344,1.0343155932917396,1.0703591858720438,51.582800770835306,1.7822765802931935,51.61358198354721,333.17976645836745,10.133499112481005,307.63350442702074,-8.573714521879449
8760000000.0,-33.03494149648677,0.29377628401502565,0.022297333271889177,1.0344007200842584,1.0704820207818702,51.493619020758366,1.7005518692809618,51.52169132040526,333.576931880911,10.110022892052884,307.97581949516655,-8.588222689045626
8770000000.0,-33.49796608618256,0.2944921574720031,0.02113983998680525,1.0344859768128538,1.0706081290571121,51.40121546380115,1.62259551923168,51.42681953392745,333.9725475870019,10.08629083569362,308.3180549558932,-8.602660813787006
8780000000.0,-33.982743473430645,0.29520881134007615,0.01999230304905727,1.0345713335227398,1.0707375363282254,51.305760268717115,1.5485258411087333,51.32912398465079,334.3666028878641,10.062357862698008,308.6602161290928,-8.617022865855136
8790000000.0,-34.48974379599199,0.29592595550442446,0.01885874595514252,1.0346567556792412,1.0708702543716937,51.207427592088116,1.4784526949789591,51.22876597157341,334.75908859138883,10.038279378428767,309.0023089599756,-8.63130345596406
8800000000.0,-35.018937029551964,0.2966432661680179,0.01774406617702703,1.0347422047237569,1.071006282121076,51.10639510800691,1.4124773976457938,51.125910391254386,335.1499970510856,10.014111297302257,309.3443399470126,-8.645497903255466
8810000000.0,-35.56948322925398,0.29736039105290113,0.016654279101885255,1.0348276386917623,1.071145606812772,51.00284354091982,1.3506926593221968,51.020725395857454,335.5393222267186,9.989910057560556,309.6863160627466,-8.659602294883882
8820000000.0,-36.13927491112342,0.2980769550449146,0.015596826980539553,1.0349130128839685,1.071288205248434,50.89695620352859,1.2931825484841946,50.91338205116226,335.92705975523774,9.965732625945556,310.0282446683076,-8.673613536970162
8830000000.0,-36.724278563507504,0.2987925661996428,0.014580958430843295,1.0349982805808762,1.0714340451541322,50.78891854153298,1.2400224839257519,50.80405399551411,336.31320703038034,9.94163649063819,310.3701334225903,-8.687529396290246
8840000000.0,-37.31762590097921,0.2995068220221423,0.013618168546197374,1.0350833937903312,1.0715830866150624,50.678917686880986,1.1912792529298615,50.69291710063764,336.69776328908176,9.917679641039095,310.7119901870674,-8.701348532117986
8850000000.0,-37.908445753841534,0.30021931592767,0.012722653878713618,1.0351683040170456,1.071735283563244,50.56714202106927,1.1470110543771967,50.580149135187945,337.0807297026474,9.89392053326585,311.0538229273248,-8.71507051779681
8860000000.0,-38.48054926028185,0.300929643788098,0.011911666811165934,1.0352529630427343,1.0718905852949812,50.45378074991059,1.1072675655301971,50.465929431862484,337.46210947050815,9.870418040533556,311.39563961240236,-8.728695851700657
8870000000.0,-39.01134383387685,0.3016374104666762,0.01120554046661994,1.0353373237052688,1.0720489379943376,50.33902349105867,1.0720900311626567,50.35043855884747,337.84190791424277,9.847231387896626,311.73744811308006,-8.742225957370135
8880000000.0,-39.47177082078498,0.3023422362436126,0.010627019046690722,1.0354213406652164,1.072210286238773,50.22305987544965,1.0415113736438955,50.23385799631988,338.220132569526,9.824420071184933,312.0792561002757,-8.755663172736474
8890000000.0,-39.82844780653475,0.3030437630361476,0.010199470112248412,1.0355049711482671,1.0723745744633442,50.106079163692776,1.0155563225400939,50.116369818677995,338.5967932736156,9.802043760250529,312.42107094469867,-8.769010728459971
8900000000.0,-40.048967711035516,0.30374166031945615,0.009943782454629926,1.0355881756523584,1.0725417483604849,49.98826987831159,0.9942415622575382,49.998156383121106,338.97190224604157,9.780162187042261,312.76289961893656,-8.782272715541513
8910000000.0,-40.109751561641566,0.3044356306589793,0.009874438787292387,1.0356709186088093,1.072711756193379,49.86981945260995,0.9775758962255657,49.87940002514861,339.3454741602161,9.758835019294883,313.1047486030969,-8.795454042488032
8920000000.0,-40.00334819078559,0.3051254147700521,0.00999614599576261,1.035753168987395,1.0728845500021997,49.75091389681062,0.9655604260988763,49.76028276149878,339.7175262038247,9.738121720971051,313.44662379510913,-8.808560382420046
8930000000.0,-39.741008923552634,0.30581079602781375,0.010302664412269614,1.0358349008361338,1.073060086684195,49.63173748198899,0.9581887444514982,49.64098600099583,340.08807812600475,9.718081400886458,313.7885304267632,-8.821598110646462
8940000000.0,-39.348849060671036,0.3064916043581264,0.010778480664165382,1.0359160937474818,1.0732383289304694,49.51247244220335,0.9554471394341064,49.52169026372381,340.4571522695135,9.698772651214332,314.1304729864599,-8.834574233326707
8950000000.0,-38.86007498725075,0.3071677194494553,0.011402399435692217,1.0359967332437172,1.0734192460045449,49.39329869510265,0.9573148098759872,49.40257490889353,340.8247735863543,9.680253377821026,314.4724551496374,-8.847496307953788
8960000000.0,-38.307491894612944,0.30783907323584464,0.012151374484151017,1.0360768110755185,1.0736028143502698,49.27439358117772,0.9637640893303874,49.2838178717182,341.19096963555586,9.662580624586933,314.8144797176967,-8.86037235648257
8970000000.0,-37.71889029409075,0.3085056516116175,0.013003356978084636,1.0361563254289834,1.073789018019193,49.155931621709435,0.9747606775861267,49.16559540956197,341.55577056214435,9.645810394068826,315.15654856621757,-8.873210772021993
8980000000.0,-37.115467731858374,0.3091674953505124,0.013938839371938199,1.0362352810377793,1.073977848910482,49.03808429535863,0.9902638782013525,49.04808185757287,341.9192090566274,9.62999746695442,315.49866260310546,-8.886020220090352
8990000000.0,-36.51219428166233,0.30982470021318553,0.014941365369295,1.0363136891984557,1.0741693068192122,48.92101983323974,1.0102268406538215,48.93144939396148,342.2813202946711,9.615195222889394,315.84082173724556,-8.898809535486828
9000000000.0,-35.91899648520754,0.31047741623996905,0.015997428424840514,1.0363915676884956,1.0743633992920254,48.80490303222025,1.0345968057500836,48.81586781503418,342.6421418569932,9.601455465283175,316.18302485809664,-8.911587615905427
9010000000.0,-35.34206119392168,0.31112584623761697,0.0170960957023923,1.0364689405881,1.0745601412920838,48.68989508609514,1.0633153529856956,48.70150432003971,343.0017136298497,9.588828252705518,316.5252698265491,-8.924363313456778
9020000000.0,-34.784952934447645,0.3117702434812077,0.018228559630293333,1.036545838008186,1.0747595546782878,48.57615343419713,1.0963186486100371,48.588523305837896,343.36007768684,9.577361739423175,316.8675534772506,-8.937145325282616
9030000000.0,-34.249467318529966,0.3124109086643595,0.019387715317758385,1.0366222957285145,1.0749616675066982,48.46383162692136,1.1335376932105168,48.4770861713502,343.7172781531114,9.567102027572513,317.20987163246946,-8.949942084488757
9040000000.0,-33.73624293987105,0.3130481861422091,0.020567800587417476,1.0366983547512154,1.0751665131648804,48.35307920756727,1.1748985677022201,48.367351131705185,344.07336105337004,9.558093033252675,317.5522191274379,-8.962761652597164
9050000000.0,-33.245183864271795,0.31368245952269835,0.021764104714963817,1.036774060776307,1.0753741293526373,48.244041609831555,1.2203226766810933,48.259473041946706,344.42837414541714,9.550376368711865,317.894589846999,-8.975611614742851
9060000000.0,-32.775744383227824,0.3143141466714985,0.02297273912565079,1.0368494636069787,1.0755845569250146,48.136860070223584,1.2697269881776492,48.15360323013005,344.7823667412215,9.543991242524957,318.2369767732273,-8.988498978784694
9070000000.0,-32.32711768112277,0.31494369420509155,0.024190459390830123,1.03692461649351,1.0757978386157523,48.03167155461933,1.3230242689280807,48.049889339591616,345.1353895177986,9.538974379406136,318.57937204361525,-9.001430079494533
9080000000.0,-31.898359066990125,0.31557157155436305,0.02541452789921112,1.0369995754256347,1.0760140176612862,47.9286086981236,1.3801233143652123,47.948475180142104,345.48749432037215,9.5353599610103,318.9217670192361,-9.01441048889975
9090000000.0,-31.488465285526743,0.3161982646879096,0.02664260804843676,1.0370743983839874,1.076233136347132,47.82779975736814,1.4409291726162976,47.84950058789957,345.8387339605091,9.533179588737143,319.2641523622401,-9.027444933850324
9100000000.0,-31.09642461972466,0.3168242695894246,0.027872682581722555,1.0371491445618843,1.0764552344997498,47.7293685743438,1.5053433618844332,47.75310129345242,346.18916201201625,9.532462269215094,319.60651812188826,-9.040537221746437
9110000000.0,-30.721247699798518,0.31745008558747845,0.029102990330477373,1.0372238735691715,1.0766803479480123,47.633434550838004,1.5732640806776226,47.65940879801719,346.5388326075115,9.53323442275021,319.9488538282501,-9.05369017531212
9120000000.0,-30.361985646195144,0.3180762086386978,0.03033197697838598,1.0372986446301957,1.0769085069790585,47.54011263253408,1.6445864104394283,47.56855025723854,346.88780023861096,9.535519914658215,320.29114859259977,-9.066905577210365
9130000000.0,-30.017739957947672,0.3187031246658825,0.03155825652786874,1.0373735157880248,1.0771397348134861,47.44951330181935,1.719202510222932,47.480648372265186,347.2361195626663,9.539340109009567,320.6333912134573,-9.080184125159347
9140000000.0,-29.6876670752005,0.31933130305210533,0.032780580965419706,1.0374485431269855,1.0773740461247352,47.36174257834836,1.7970018031394526,47.395821287727706,347.5838452189297,9.544713943928333,320.97557028715914,-9.093525398127953
9150000000.0,-29.370979557020895,0.3199611903899097,0.03399781623770626,1.0375237800253654,1.0776114456270558,47.27690202641327,1.877871154394698,47.31418249624088,347.93103165691434,9.551658027194705,321.3176743217875,-9.106927834054005
9160000000.0,-29.066945158302463,0.3205932045804333,0.035208923111437106,1.0375992764496147,1.077851926755431,47.19508876818754,1.961695040813161,47.23584074905678,348.2777329795594,9.560186750563226,321.6596918532337,-9.120388719399651
9170000000.0,-28.774884652060774,0.3212277293727995,0.036412941834638106,1.0376750783008548,1.0780954704597379,47.116395501929006,2.048355711827306,47.16089997250234,348.6240028035976,9.570312420835753,322.0016115621694,-9.133904190743584
9180000000.0,-28.494168951986765,0.32186510942717594,0.0376089797747005,1.0377512268236742,1.0783420441337346,47.040910524255175,2.1377333419872935,47.08945918984869,348.9698941392741,9.582045405441265,322.34342239062863,-9.147469248464963
9190000000.0,-28.224215895862777,0.3225056459770919,0.03879620140172735,1.037827758086266,1.0785916006975684,46.96871775563626,2.2297061751171476,47.021612448277196,349.3154592912719,9.59539428995812,322.6851136569739,-9.161077782440056
9200000000.0,-27.96448692094531,0.3231495931579473,0.03997382013099606,1.0379047025399326,1.0788440778503714,46.899896768289054,2.324150660311145,46.95744875062949,349.6607497823665,9.610366044800656,323.0266751679694,-9.174722609543512
9210000000.0,-27.714483776179346,0.323797155058398,0.041141091648113574,1.03798208466476,1.0790993975069996,46.834522815698264,2.4209415800260627,46.89705199165572,350.005816300967,9.626966198080018,323.36809732674334,-9.188395522633494
9220000000.0,-27.473745358831692,0.3244484835402085,0.04229730842377615,1.0380599227069496,1.079357465430254,46.77266686303811,2.519952170582658,46.84050089850415,350.35070867332024,9.645199011480278,323.7093712354574,-9.20208735051364
9230000000.0,-27.241844725293912,0.3251036768613122,0.043441795188596026,1.0381382285119969,1.079618171067235,46.71439561781775,2.6210542354375344,46.78786897522792,350.6954758607355,9.665067655915822,324.0504887915489,-9.21578802832258
9240000000.0,-27.018386301012647,0.3257627791238251,0.044573905187240206,1.038217007456364,1.0798813875952886,46.65977156012812,2.7241182516353324,46.73922445112064,351.040165981768,9.68657438366889,324.39144277647637,-9.22948667762053
9250000000.0,-26.80300329849127,0.32642578055687904,0.0456930170687078,1.038296258478871,1.0801469721800638,46.608852971922154,2.8290134698861307,46.69463023272648,351.3848263588797,9.709720693712677,324.7322269359978,-9.24317169535102
9260000000.0,-26.5953553421775,0.32709261863120226,0.04679853229871508,1.0383759742114944,1.0804147664449841,46.561693964818645,2.9356080087478578,46.654143859409245,351.729503588654,9.734507486987358,325.07283605106846,-9.256830850774941
9270000000.0,-26.39512629286387,0.32776317998998666,0.0478898730028536,1.0384561412077735,1.0806845971483687,46.518344505976685,3.043768943418353,46.61781746240003,352.074243634233,9.760935208534123,325.4132659985759,-9.270451389356909
9280000000.0,-26.20202226066477,0.3284373031678823,0.04896648016695247,1.0385367402655192,1.080956277061271,46.47885044164742,3.153362389663572,46.58569772728078,352.4190919382359,9.789003973521641,325.7535138012206,-9.284020142513764
9290000000.0,-26.015769793801272,0.3291147820583123,0.05002781213505192,1.0386177468391173,1.0812296060361848,46.44325351806494,3.2642535834207385,46.55782585989305,352.76409355404763,9.81871367446768,326.0935776659857,-9.297523642082595
9300000000.0,-25.836114229721076,0.32979537007777754,0.05107334335643603,1.0386991315353455,1.0815043722538855,46.41159139939764,3.3763069566271913,46.53423755569668,353.10929329299705,9.850064067214094,326.4334570107387,-9.31094823827538
9310000000.0,-25.662818195095515,0.33047878496501676,0.052102563341931626,1.0387808606853264,1.0817803536329476,46.38389768253365,3.489386209826319,46.51496297262931,353.45473588465364,9.883054833496363,326.77315247866665,-9.32428021988597
9320000000.0,-25.495660241691755,0.3311647141435635,0.05311497579667599,1.0388628969841198,1.0820573193841194,46.3602019085281,3.603354382103355,46.50002670754626,353.800466147176,9.91768561839603,327.1126659403553,-9.337505935464526
9330000000.0,-25.33443360583592,0.3318528205674042,0.054110097902135904,1.0389452001883972,1.0823350316894873,46.34052957059056,3.718073918898063,46.489447776341336,354.14652916443106,9.953956041248613,327.45200048347795,-9.350611914166114
9340000000.0,-25.178945080033923,0.3325427489621057,0.05508745972465863,1.0390277278617541,1.0826132474844754,46.32490211853682,3.833406738229914,46.48323959786714,354.4929704664404,9.991865679077149,327.79116039018146,-9.36358498497909
9350000000.0,-25.029013986222854,0.33323413236755717,0.0560466037314676,1.0391104361564683,1.0828917203191177,46.31333695967542,3.9492142958621144,46.48140998178819,354.8398362095524,10.031414022038659,328.1301511023969,-9.376412393074252
9360000000.0,-24.88447124103356,0.33392659888439,0.0569870843979712,1.039193280620011,1.0831702022739624,46.30584745613741,4.065357649913273,46.48396112050666,355.18717335272424,10.072600400814881,328.4689791754497,-9.389081911999849
9370000000.0,-24.74515850432995,0.33461977852204505,0.057908467892628906,1.0392762170141236,1.0834484459048594,46.302442918698176,4.1816975254083895,46.4908895853081,355.5350298262577,10.115423886357078,328.8076522204401,-9.401581950568078
9380000000.0,-24.610927403117806,0.335313310045937,0.05881033182762118,1.0393592021341955,1.0837262061907065,46.30312859717062,4.298094379242022,46.5021863268706,355.88345468939883,10.159883162861638,329.14617883602796,-9.41390165324369
9390000000.0,-24.48163882369321,0.33600684772024203,0.05969226506517697,1.0394421946165637,1.0840032424579096,46.30790566748113,4.414408466005804,46.51783668027861,356.23249827334126,10.205976375261406,329.48456853034565,-9.42603099300539
9400000000.0,-24.3571622656105,0.3367000678448826,0.060553867570778845,1.0395251557215865,1.0842793202557681,46.31677121556557,4.530499905112529,46.53782037467234,356.58221230631426,10.253700953029943,329.82283163388433,-9.437960855654426
9410000000.0,-24.23737525169823,0.33739267498816444,0.06139475030560021,1.0396080500806801,1.0845542131576411,46.32971821824553,4.64622874962729,46.56211154765101,356.9326500176857,10.303053412408296,330.16097920428496,-9.449683114718493
9420000000.0,-24.122162788938986,0.33808440782122406,0.062214535151489746,1.0396908463960612,1.084827704463874,46.34673552126577,4.76145505719586,46.59067876453244,357.2838662182796,10.354029139644824,330.4990229240823,-9.461190696116814
9430000000.0,-24.011416875555295,0.33877504446626405,0.06301285486266199,1.039773518082627,1.0850995887838661,46.36780781469189,4.876038963443253,46.623485042553604,357.6359173544273,10.406622158099534,330.8369749924905,-9.47247763194608
9440000000.0,-23.905036050120742,0.33946440727818994,0.06378935303895199,1.0398560438423108,1.0853696734765097,46.39291560588115,4.989840758193793,46.66048788007411,357.98886153364094,10.460824882403754,331.17484801242034,-9.483539102807857
9450000000.0,-23.802924978936733,0.3401523669876149,0.06454368411614841,1.0399384081622445,1.085637779930308,46.422035190254874,5.10272096485194,46.70163929082577,358.3427585201861,10.516627863128239,331.51265487393135,-9.494371468259999
9460000000.0,-23.70499407829915,0.3408388461427265,0.06527551336944677,1.040020601729198,1.0859037446668078,46.4551386201123,5.2145404232633386,46.746885843227,358.6976696992732,10.574019525570087,331.85040863541764,-9.504972285088295
9470000000.0,-23.61115916860989,0.3415238217988145,0.06598451692662607,1.040102621754111,1.0861674202538154,46.492193671736246,5.325160376368613,46.79616870475913,359.05365800903314,10.63298590644849,332.1881224037685,-9.515340313226586
9480000000.0,-23.521341157597405,0.34220732741450494,0.06667038178795581,1.0401844722017612,1.0864286760174084,46.53316381105543,5.434442560946652,46.8494236913833,359.4107878398845,10.693510392396846,332.5258092148482,-9.52547550933055
9490000000.0,-23.435465750172572,0.342889453926873,0.06733280585031133,1.0402661639221824,1.0866873985450485,46.57800815813606,5.542249302738047,46.906581321954064,359.7691249014133,10.755573464112965,332.86348191555686,-9.535379008067693
9500000000.0,-23.353463182686525,0.3435703499892017,0.06797149793335883,1.0403477146818325,1.0869434919750163,46.62668145079084,5.648443616232942,46.96756687757292,360.12873605730806,10.819152450069193,333.20115304876185,-9.545053091411544
9510000000.0,-23.275267979573258,0.3442502213682521,0.06858617780601231,1.040429149094086,1.0871968780706818,46.679134007607814,5.752889309398428,47.03230046581178,360.489689129396,10.884221293549263,333.5388347423242,-9.554501146293347
9520000000.0,-23.20081873054157,0.3449293295101568,0.06917657621177128,1.040510498450089,1.0874474960812357,46.735311690713985,5.855451093622043,47.10069708972455,360.8520526722501,10.950750336659258,333.87653860344994,-9.563727611133183
9530000000.0,-23.130057886659966,0.3456079892969798,0.06974243489179273,1.0405918004525703,1.087695302393758,46.79515586861212,5.955994699137946,47.17266672156518,361.2158957202724,11.018706124760994,334.21427561945444,-9.572737911876507
9540000000.0,-23.06293157382107,0.34628656602771846,0.0702835066049162,1.0406730988566086,1.0879402699845,46.85860337944646,6.054386996204597,47.24811438112723,361.581287509549,11.088051234521062,334.55205606603266,-9.581538388279702
9550000000.0,-22.99938942221113,0.346965471669352,0.07079955514411501,1.040754443022779,1.0881823876802599,46.92558649507886,6.1504961222967,47.326940218627215,361.94829717714634,11.15874412850302,334.88988942400283,-9.590136211301749
9560000000.0,-22.939384410534696,0.34764516043428645,0.07129035534908017,1.0408358873893904,1.088421659243458,46.996032886385116,6.244191615567906,47.4090396020645,362.31699344084643,11.230739038862135,335.22778430539313,-9.598539292570694
9570000000.0,-22.882872723848493,0.3483261237505677,0.07175569311492648,1.0409174908717327,1.0886581022971071,47.06986559021091,6.335344554838405,47.49430320900646,362.68744426257484,11.303985882385197,335.5657483896675,-9.606756186933277
9580000000.0,-22.82981362396368,0.34900888470022234,0.0721953653971752,1.0409993161973352,1.0888917471081512,47.14700297846218,6.423827706348626,47.58261712276842,363.0597164990583,11.378430208664065,335.9037883707217,-9.614795989239333
9590000000.0,-22.780169331461686,0.3496939920085912,0.07260918021338834,1.0410814291871369,1.0891226352495917,47.22735872984233,6.509515677511486,47.673862932984385,363.43387554338364,11.454013182827216,336.2419099152164,-9.622668226518977
9600000000.0,-22.733904918455792,0.3503820136746028,0.07299695664195557,1.041163897993327,1.0893508181636467,47.310841804789334,6.592285077875756,47.76791784059449,363.8099849613056,11.530671603776105,336.5801176326313,-9.630382746796203
9610000000.0,-22.690988211302123,0.3510735303361518,0.07335852481870472,1.0412467923051232,1.089576355649285,47.39735642420981,6.672014687496091,47.86465476730974,364.1881061262145,11.608337958449074,336.9184150573316,-9.637949605797493
9620000000.0,-22.651389702537905,0.3517691284693404,0.07369372593207912,1.0413301825343058,1.089799314298683,47.486802052651015,6.748585632873965,47.96394246964999,364.56829785670783,11.686940512174662,337.2568046427883,-9.645378952863645
9630000000.0,-22.615082471387016,0.35246939352152584,0.07400241221773218,1.0414141389924803,1.0900197659074922,47.57907338660259,6.82188157060522,48.06564565769482,364.9506160606729,11.766403434713611,337.59528776794406,-9.65268091732684
9640000000.0,-22.582042112236365,0.3531749030797088,0.07428444695341754,1.041498731072228,1.090237785884236,47.67406034866228,6.89178887882479,48.16962511872171,365.3351133897599,11.846646961181252,337.93386475559186,-9.659865496701448
9650000000.0,-22.552246670540818,0.35388622017374594,0.07453970445510849,1.0415840264440683,1.0904534516836926,47.77164808835316,6.958196856497338,48.275737845953486,365.7218389079157,11.927587586562286,338.27253490250797,-9.666942447896712
9660000000.0,-22.525676585673338,0.35460388681240185,0.0747680700752376,1.0416700902809846,1.0906668412887701,47.87171699042163,7.020997930540032,48.38383717267236,366.1108377775712,12.009138292165478,338.6112965209078,-9.673921182735185
9670000000.0,-22.50231464028389,0.35532841784559016,0.07496944020396375,1.0417569845217074,1.0908780317642566,47.97414269149338,7.0800878707058414,48.49377291200061,366.5021509667741,12.091208801945598,338.95014699070794,-9.680810668933555
9680000000.0,-22.48214591578344,0.35606029524103844,0.07514372227429525,1.0418447671833477,1.0910870979045604,48.07879610600098,7.135366012078833,48.60539150267947,366.89581498035375,12.173705866291384,339.2890828219302,-9.687619337678441
9690000000.0,-22.465157753614285,0.3567999628569123,0.0752908347718502,1.041933491733168,1.0912941109959136,48.185543462336156,7.186735484955051,48.71853616121279,367.29186161786987,12.256533570519334,339.6280997264592,-9.694354998844103
9700000000.0,-22.451339722016677,0.35754782178387007,0.07541070724991826,1.0420232065283224,1.0914991377114995,48.294246350206926,7.234103451790227,48.83304704076614,367.690317760794,12.339593665063642,339.9671926982887,-9.70102476479663
9710000000.0,-22.440683588042166,0.35830422632102854,0.07550328035041812,1.042113954331324,1.091702239155743,48.404761780201916,7.277381350801671,48.948761397231415,368.0912051909841,12.422785914083306,340.306356101255,-9.707634983660803
9720000000.0,-22.433183294610796,0.359069480640258,0.07556850583119051,1.0422057719077953,1.091903470071482,48.516942256577416,7.316485145703825,49.06551376288005,368.494540442139,12.506008459000771,340.6455837631937,-9.714191182771804
9730000000.0,-22.42883494244705,0.3598438361825156,0.0756063465999739,1.04229868971178,1.0921028782210889,48.63063586428579,7.3513355809489935,49.18313612803159,368.90033468551803,12.58915819334314,340.98486907538717,-9.720698022970602
9740000000.0,-22.427636776772736,0.36062748981823706,0.07561677675525044,1.0423927316625003,1.092300503949663,48.745686371253605,7.381858441725896,49.30145813115773,369.30859365076816,12.672131145147139,341.32420509606834,-9.72715926422151
9750000000.0,-22.429589178673158,0.36142058279204514,0.07559978163402313,1.042487915015033,1.0924963799355027,48.86193334689838,7.407984817848466,49.42030725782888,369.7193175823069,12.754822863103863,341.66358465675535,-9.733577742927846
9760000000.0,-22.434694661090763,0.36222320046004425,0.07555535786645362,1.042584250325951,1.0926905311300532,48.97921229783507,7.429651370543347,49.53950904888153,370.1325012312281,12.837128802641002,342.00300047009995,-9.739955361183327
9770000000.0,-22.442957869437087,0.3630353728148924,0.0754835134371636,1.0426817415134064,1.0928829748862485,49.09735482167589,7.446800601020297,49.6588873181518,370.54813388231076,12.918944708149722,342.34244523796883,-9.746293088052523
9780000000.0,-22.454385586852858,0.3638570757828308,0.07538426775285659,1.042780386009816,1.093073721271415,49.216188779760316,7.459381119581465,49.778264380070276,370.9661994152498,13.000166987664905,342.68191175841883,-9.75259097282074
9790000000.0,-22.468986744176156,0.3646882332639415,0.07525765171585067,1.0428801750037622,1.0932627735576619,49.33553848957255,7.467347913907687,49.89746128735846,371.3866763988413,13.080693076429643,343.02139303027184,-9.75884817003791
9800000000.0,-22.48677243471593,0.36552871987593516,0.07510370780298943,1.0429810937664084,1.0934501288799303,49.45522493750423,7.470662615037835,50.01629807899485,371.80953821643925,13.160421785980752,343.36088235404077,-9.76506297601224
9810000000.0,-22.507755933960127,0.3663783643510659,0.07492249014933128,1.0430831220564387,1.0936357790491842,49.57506601251091,7.4692937594467645,50.13459403854513,372.23475322063797,13.239253635582084,343.7003734279251,-9.7712328762809
9820000000.0,-22.53195272437987,0.36723695352577296,0.07471406463596364,1.0431862345963354,1.0938197115057076,49.69487676107906,7.463217045522965,50.25216796285927,372.66228491479393,13.317091163126525,344.03986043774563,-9.777354603491029
9830000000.0,-22.55938052551738,0.3681042368535156,0.07447850898129633,1.0432904016117022,1.094001910395184,49.81446966377813,7.452415582658273,50.36883844104527,373.0920921586756,13.393839212942972,344.3793381396762,-9.783424204915141
9840000000.0,-22.59005932958212,0.368979931363776,0.0742159128351273,1.043395589424441,1.094182357748328,49.933654933513495,7.436880131075644,50.48442414352356,373.5241293952745,13.469405198242626,344.7188019347764,-9.789437118813385
9850000000.0,-22.62401144280073,0.3698637269833793,0.07392637787486557,1.0435017610897632,1.0943610347431347,50.05224083542782,7.416609330462557,50.59874412086107,373.9583468955526,13.54369933636494,345.0582479343711,-9.79538825864158
9860000000.0,-22.661261532797926,0.3707552921310952,0.07361001790331798,1.0436088770663823,1.0945379230274823,50.1700340282123,7.391609915425199,50.71161811196515,374.39469101774506,13.616634855350156,345.3976730154866,-9.801272104102353
9870000000.0,-22.701836682309153,0.3716542794928672,0.07326695894756007,1.0437168959087992,1.0947130060789227,50.28683992640194,7.361896915751531,50.82286686110617,374.83310447766706,13.688128170803912,345.7370748656103,-9.807082797878978
9880000000.0,-22.745766449551116,0.37256033188227317,0.0728973393585331,1.0438257749702446,1.094886270577785,50.402463083026994,7.3274938394612965,50.93231244311653,375.2735266264055,13.758099032434007,346.07645201621955,-9.812814246856208
9890000000.0,-22.793082935601635,0.37347308809083407,0.07250130991115457,1.0439354711048376,1.0950577077697126,50.516707591790656,7.288432836631659,51.039778595998726,375.71589373173117,13.826470640114966,346.4158038646236,-9.818460226581024
9900000000.0,-22.843820859159617,0.37439218863227375,0.07207903390494903,1.0440459413574477,1.0952273147936298,50.6293775077336,7.24475484202435,51.145091060058114,376.160139259592,13.893169729759306,346.7551306838223,-9.824014487618026
9910000000.0,-22.89801763908143,0.3753172812887922,0.0716306872653973,1.044157143630209,1.0953950959521102,50.740277285145055,7.196509694593936,51.24807792256985,376.60619415211596,13.958126629739901,347.09443362021284,-9.829470862529721
9920000000.0,-22.95571348510623,0.37624802636952054,0.07115645864649259,1.0442690373148813,1.0955610639016589,50.8492122312684,7.143756232040752,51.34856996687831,377.0539870986886,14.021275289024002,347.4337146791426,-9.83482337205774
9930000000.0,-23.016951497204445,0.3771841015977593,0.07065654953525802,1.0443815838810089,1.0957252407420333,50.95598897415907,7.086562358673211,51.44640102473626,377.5034447968457,14.082553278633599,347.77297669842676,-9.840066329245536
9940000000.0,-23.081777774000262,0.3781252065493853,0.07013117435930666,1.0444947474105208,1.0958876589851831,51.060415942859585,7.0250050849710854,51.54140833060055,377.95449219996453,14.141901768377627,348.11222331012044,-9.845194440101452
9950000000.0,-23.150241530732888,0.3790710665732869,0.06958056059888888,1.0446084950704182,1.0960483623865396,51.16230385787877,6.959170537390541,51.63343287652295,378.40705274901865,14.199265481257433,348.45145889096284,-9.850202899574725
9960000000.0,-23.222395227237698,0.38002143613262307,0.069004948905229,1.0447227975161435,1.0962074066233702,51.26146622980057,6.889153937117407,51.722319766211996,378.8610485859914,14.254592628183735,348.79068850205243,-9.855087481571898
9970000000.0,-23.29829470643331,0.38097610151665956,0.06840459322740802,1.0448376292195367,1.0963648598077091,51.35771986370026,6.815059546666691,51.80791856678789,379.31640074691614,14.30783482599565,349.12991781845875,-9.859844621862644
9980000000.0,-23.377999343812746,0.3819348828826601,0.06777976095045002,1.044952968716445,1.0965208028238116,51.45088536691716,6.737000583425706,51.89008365671353,379.77302933292975,14.358947001969945,349.4691530495759,-9.864471492763139
9990000000.0,-23.4615722084323,0.38289763559912715,0.06713073304779299,1.0450687987704699,1.096675329483087,51.54078765762946,6.655099099460876,51.968674568363724,380.2308536581467,14.407887288229844,349.80840085116563,-9.868966068614064
10000000000.0,-23.54908023589058,0.383864250873212,0.06645780425181005,1.0451851064507196,1.096828546492374,51.627256471588304,6.569485827136076,52.043556323680434,380.6897923736435,14.454616909531786,350.14766823013514,-9.873327181164441
10010000000.0,-23.64059441377244,0.38483465565712605,0.06576128324662897,1.0453018831228749,1.0969805732344717,51.710126864314,6.480299990331787,52.11459976137343,381.14976356730773,14.499100068038127,350.4869624431699,-9.87755456405839
10020000000.0,-23.736189980005214,0.3858088118401882,0.06504149288811323,1.0454191243542987,1.097131541362823,51.789239706016765,6.387689081302249,52.18168185413969,381.61068483980694,14.541303828657638,350.8262908904675,-9.881648885805713
10030000000.0,-23.835946634536906,0.3867867147454832,0.06429877045649805,1.0455368297354048,1.0972815942153782,51.86444216650175,6.291808603452887,52.244686014415755,382.0724733574049,14.581198008438882,351.1656610058321,-9.885611770710796
10040000000.0,-23.93994876468033,0.3877683909610971,0.06353346794793042,1.045655002620824,1.0974308860554463,51.935588187329266,6.192821780573847,52.30350238721883,382.53504588284864,14.618755073463772,351.5050801444817,-9.889445807364428
10050000000.0,-24.048285684375315,0.3887538955471985,0.06274595241199145,1.045773649795272,1.0975795811502125,52.00253893854676,6.090899233314182,52.35802812869732,382.99831878600025,14.653950046393751,351.8445554699492,-9.89315454451678
10060000000.0,-24.16105188750396,0.3897433086703539,0.06193660634313706,1.0458927810702456,1.0977278527001575,52.065163257377144,5.986218623917348,52.40816766908255,383.46220803632195,14.686760427647984,352.18409384145724,-9.896742474218481
10070000000.0,-24.278347315219612,0.39073673172594886,0.06110582813505559,1.0460124088188174,1.0978758816350158,52.12333806633611,5.878964270477084,52.4538329588135,383.92662917974144,14.717166132838035,352.52370170318875,-9.900215002317736
10080000000.0,-24.400277637023585,0.3917342830180013,0.06025403260810442,1.0461325474568248,1.0980238552940444,52.176948768368426,5.769326732192902,52.494943696700346,384.3914973027648,14.74514944873488,352.8633849768214,-9.903578406556196
10090000000.0,-24.52695454502144,0.3927360930725043,0.05938165162132201,1.0462532128795752,1.0981719660101097,52.22588961672709,5.657502367313471,52.531427539090544,384.8567269870293,14.77069500961955,353.2031489587059,-9.906839782626244
10100000000.0,-24.65849606038934,0.3937422996666495,0.058489134782075874,1.0463744218639484,1.098320409618668,52.27006405747111,5.543692865649999,52.56322028910322,385.3222322577399,14.793789795431097,353.54299822299816,-9.91000697873427
10110000000.0,-24.795026850551373,0.394753042660791,0.05757695026824497,1.0464961914463289,1.0984693839138635,52.309385042633025,5.428104757719776,52.59026606511151,385.7879265296122,14.81442315259357,353.88293653199275,-9.913088519321594
10120000000.0,-24.93667855488535,0.3957684587226423,0.05664558577993575,1.0466185382871254,1.098619087074631,52.34377531228871,5.310948902734061,52.61251744775969,386.25372255410184,14.83258683793652,354.22296675485865,-9.916093518773138
10130000000.0,-25.083590115866407,0.39678867603522616,0.055695549640328725,1.0467414780328888,1.098769716084215,52.37316764396322,5.1924399577900315,52.62993560491909,386.71953237171857,14.84827508554562,354.5630907958391,-9.91903158603246
10140000000.0,-25.23590811140223,0.3978138090797395,0.05472737206817546,1.0468650246870075,1.0989214651664174,52.39750506801419,5.072795830735711,52.64249039409992,387.1852672732258,14.861484695845881,354.9033095329377,-9.921912721165727
10150000000.0,-25.39378708258921,0.39884395358298363,0.0537416066481182,1.0469891899997852,1.0990745242615272,52.41674104784854,4.952237119282655,52.65016044194748,387.6508377734335,14.872215145701938,355.2436227679248,-9.924747205056715
10160000000.0,-25.557389849164846,0.3998791817161482,0.052738832029242406,1.0471139828883718,1.099229077564158,52.430839624054386,4.830986539011412,52.65293320056748,388.11615360111495,14.880468717736417,355.58402918843836,-9.92754548345146
10170000000.0,-25.726887802395595,0.40091953762714855,0.05171965388740933,1.0472394088964754,1.0993853021440725,52.43977552174923,4.709268342973773,52.65080498052793,388.5811237083363,14.886250646629131,355.92452634275514,-9.930318046709097
10180000000.0,-25.902461161865,0.4019650333823772,0.050684707193063276,1.0473654697030286,1.0995433666694923,52.4435342206769,4.587307735627754,52.643780960495796,389.0456563022032,14.889569279604725,356.2651106277302,-9.933075306622648
10190000000.0,-26.08429917839237,0.4030156453874734,0.049634658833624945,1.047492162688237,1.0997034302508102,52.442111987808644,4.465330283859105,52.6318751735658,389.5096589016027,14.890436247951797,356.6057772901742,-9.935827471771379
10200000000.0,-26.2726002598501,0.4040713113474273,0.04857021064846745,1.0476194805643282,1.0998656414203094,52.43551587242763,4.3435613278351966,52.615110470436875,389.9730384211298,14.888866645990907,356.9465204418419,-9.938584422860439
10210000000.0,-26.46757198958136,0.4051319278175781,0.04749210294523124,1.0477474110772709,1.1000301372612842,52.42376366389398,4.222225394418324,52.59351845968362,390.4357012838723,14.88487921358911,357.28733308801964,-9.94135558955028
10220000000.0,-26.669430997996955,0.4061973483865101,0.04640111857915843,1.0478759367844686,1.1001970426973247,52.40688381250559,4.101545615819285,52.56713942546338,390.897553564196,14.878496518068939,357.62820716954013,-9.944149830232549
10230000000.0,-26.87840263613363,0.4072673825210809,0.04529808769273274,1.0480050349121404,1.1003664699498152,52.38491531407051,3.98174315611848,52.536022223076955,391.35850116109384,14.86974513117931,357.9691336178831,-9.946975316242067
10240000000.0,-27.094720384691783,0.4083417950924396,0.04418389323177248,1.048134677294734,1.100538518168853,52.357907559013356,3.8630366482097456,52.50022415288909,391.81845000207755,14.858655796661722,358.3101024228872,-9.949839421910495
10250000000.0,-27.318624912353833,0.40942030658968886,0.0430594773767104,1.0482648303972475,1.1007132732397253,52.32592014702435,3.7456416436290785,52.459810813185904,392.27730627696013,14.8452635839388,358.65110271241315,-9.952748621835777
10260000000.0,-27.550362671658824,0.410502594016628,0.04192584905507438,1.0483954554199868,1.1008908077642705,52.289022668442875,3.6297700776324504,52.41485593262094,392.7349767002561,14.829608023518041,358.99212284317565,-9.955708396669197
10270000000.0,-27.790183887716715,0.4115882924546666,0.04078409273384234,1.048526508483795,1.1010711812133402,52.24729445374094,3.5156297517743216,52.365441182973626,393.19136880032437,14.811733219795714,359.3331505017975,-9.95872314861484
10280000000.0,-28.03833975245285,0.4126769972637492,0.039635378729216596,1.0486579408924324,1.1012544402437645,52.20082429262766,3.4034238361060063,52.311655973004335,393.64639123276163,14.791687937255462,359.67417281503424,-9.961796127763126
10290000000.0,-28.29507858212207,0.41376826688189644,0.03848097531759589,1.0487896994674284,1.1014406191703723,52.149710124452746,3.2933503929812704,52.25359722426197,394.09995411499875,14.769525656261173,360.01517646797225,-9.964929370237678
10300000000.0,-28.560640625211676,0.41486162617395933,0.0373222629856309,1.0489217269495104,1.1016297405811117,52.09405870171633,3.185601924306244,52.19136912975181,394.55196937851724,14.745304595114268,360.35614782892895,-9.968123649018489
10310000000.0,-28.835251117419215,0.41595657027023086,0.03616075121996769,1.049053962459511,1.1018218160807935,52.03398522862486,3.0803649439141134,52.125082896437156,395.00235113462384,14.71908769544924,360.6970730796456,-9.971378438141208
10320000000.0,-29.11911106537935,0.41705256882739206,0.0349980983082447,1.0491863420106595,1.102016847146902,51.96961297673928,2.977819576577703,52.054856472597415,395.4510160493025,14.690942568593272,361.0379383493386,-9.974691890873704
10330000000.0,-29.41238509586909,0.4181490706370022,0.033836134700807166,1.0493187990632753,1.1022148260790854,51.90107287986256,2.878139185005073,51.980814261120095,395.89788372230566,14.66094140106551,361.37872985107623,-9.978060832228799
10340000000.0,-29.71518552711786,0.4192455085003371,0.03267689056344147,1.0494512651120986,1.1024157370222796,51.82850311039844,2.7814900259753306,51.90308681985284,396.34287706539374,14.6291608180608,361.71943401892884,-9.981480766088591
10350000000.0,-30.027551599540597,0.420341304284368,0.031522628227685145,1.0495836702959973,1.1026195570423976,51.75204863948021,2.688030936593647,51.82181055018445,396.7859226744021,14.595681704374137,362.06003764429323,-9.984945896995427
10360000000.0,-30.349422544422218,0.4214358740703461,0.0303758803025275,1.0497159440193724,1.1028262572326357,51.67186078322545,2.5979130514475837,51.73712737506707,397.2269511897618,14.560588982978953,362.4005280098196,-9.988449166493872
10370000000.0,-30.680602878574593,0.4225286333048839,0.02923949422508709,1.0498480155743843,1.1030358038280115,51.58809673750737,2.51127955125778,51.64918440772308,397.6658976400413,14.523971352124722,362.7408930193486,-9.991982303767792
10380000000.0,-31.020718014429992,0.4236190018636111,0.028116683957250987,1.0499798147531287,1.1032481593057666,51.50091910365952,2.4282654434132755,51.5581336123153,398.1027017631844,14.485920982559449,363.0811213223186,-9.995535890103232
10390000000.0,-31.369158020703885,0.42470640893949396,0.02701108931541975,1.0501112724391222,1.103463283449718,51.41049540753371,2.348997374592563,51.464131457879354,398.53730830030605,14.446533177184124,363.4212024311523,-9.99909943656963
10400000000.0,-31.725007259910903,0.4257902976707588,0.025926842951298688,1.0502423211677896,1.1036811343573276,51.316997614316726,2.273593475460444,51.36733856683101,398.96966725713713,14.405905996117397,363.7611268301987,-10.002661474129178
10410000000.0,-32.08695784499096,0.42687012942866376,0.0248686441369112,1.0503728956462743,1.1039016693695474,51.22060164149145,2.2021632372523765,51.267919359379725,399.3997341286126,14.364139850790874,364.100886074889,-10.006209655262245
10420000000.0,-32.45320569451935,0.42794538769150237,0.023841837042462004,1.050502933223623,1.1041248459049953,51.12148687227066,2.1348074198491167,51.16604169516716,399.82747008251584,14.32133707132061,364.44047287987814,-10.00973086599382
10430000000.0,-32.82132987683147,0.4290155814388485,0.022852488873227612,1.0506323743033108,1.1043506221819133,51.01983567177924,2.0716179907668555,51.06187651345205,400.2528420986138,14.277601451905204,364.7798811950669,-10.013211347141311
10440000000.0,-33.18815954366295,0.4300802480092444,0.02190745976859896,1.0507611626911737,1.10457895781362,50.91583290817477,2.0126780943055858,50.955597473138035,400.67582306032455,14.233037779514095,365.11910626850477,-10.0166368234446
10450000000.0,-33.54963879921356,0.4311389553744088,0.021014451553586038,1.050889245873007,1.1048098142656355,50.80966548080403,1.9580620499248942,50.847380593916185,401.0963917966172,14.187751351498264,365.4581446953744,-10.019992639134417
10460000000.0,-33.90070892970033,0.4321913037936934,0.02018201634272209,1.0510165752173675,1.1050431551653022,50.70152185738162,1.9078353787551228,50.73740389975601,401.51453307251387,14.141847488094479,365.7969944523511,-10.02326389841684
10470000000.0,-34.235239415046564,0.43323692682500553,0.019419499349348182,1.0511431061006287,1.1052789464578567,50.591591622052164,1.8620548570019162,50.62584706593049,401.9302375273897,14.095431046001448,366.1356549168503,-10.026435609292788
10480000000.0,-34.54605220818122,0.4342754916791505,0.018736884927970147,1.0512687979526363,1.1055171564055848,50.48006503606004,1.8207685948642724,50.51289107070487,402.34350156096417,14.048605939337776,366.47412687084073,-10.029492829057205
10490000000.0,-34.82509302576929,0.43530669891862356,0.018144514358363693,1.0513936142230131,1.105757755430231,50.36713261259877,1.7840161394671223,50.39871785274889,402.75432716771434,14.001474674321381,366.8124124890465,-10.032420809790631
10500000000.0,-35.063800259517194,0.4363302815129489,0.017652653109790813,1.0515175222695075,1.1060007158016187,50.25298470725648,1.7518286001989467,50.28350997526156,403.16272172126367,13.954137903941074,367.15051531159367,-10.03520514217199
10510000000.0,-35.25369603369103,0.4373460032758881,0.01727090909630551,1.0516404931713819,1.1062460111787602,50.137811125303095,1.7242287947552963,50.167450297710275,403.56869771102333,13.906694008689911,367.4884402013103,-10.037831895905565
10520000000.0,-35.387168587818394,0.4383536567216293,0.017007542724019033,1.0517625014722742,1.106493616012725,50.02180074689029,1.7012314141252702,50.050721655996135,403.972272434203,13.859238709184071,367.8261932860751,-10.04028775512976
10530000000.0,-35.45833847570117,0.43935306038788374,0.016868756770672663,1.0518835248582774,1.1067435048232623,49.90514117106003,1.6828432046930364,49.93350655176354,404.3734676470012,13.81186471609963,368.16378188680756,-10.042560147165544
10540000000.0,-35.4638319759687,0.4403440556853446,0.01685809128617035,1.0520035437783894,1.1069956513641026,49.788018379271215,1.669063165602272,49.81598685146586,404.77230917946474,13.764661422380318,368.5012144318423,-10.044637363091926
10550000000.0,-35.4032654666496,0.4413265033414546,0.016976053165003935,1.0521225410155235,1.107250027694023,49.67061641898046,1.6598827595074905,49.69834349570216,405.16882651918155,13.717714642142054,368.8385003585984,-10.046508668681836
10560000000.0,-35.27930233383217,0.44230027951542067,0.017220068840995723,1.0522405012173648,1.1075066031730598,49.553117107625134,1.6552861348466104,49.58075621922508,405.5630523694627,13.671106400032258,369.1756500036597,-10.048164404315834
10570000000.0,-35.09726543499983,0.4432652716681754,0.017584771454197422,1.0523574103971927,1.1077653434049817,49.4356997571902,1.6552503577812054,49.46340328192137,405.9550221882081,13.624914774137808,369.51267448243135,-10.04959607269231
10580000000.0,-34.86441780567388,0.44422137427640035,0.018062551972144902,1.052473255415451,1.1080262091485436,49.31854091936448,1.6597456519980374,49.34646121095569,406.3447737139937,13.579213794716543,369.84958555977414,-10.050796413187577
10590000000.0,-34.58910107562633,0.4451684844836887,0.018644251222723507,1.0525880234533427,1.1082891552210707,49.20181415113923,1.6687356446109511,49.23010455417335,406.73234648624265,13.53407340027372,370.1863955130518,-10.051759461935442
10600000000.0,-34.27991924134072,0.44610649778409617,0.019319862799318212,1.0527017014899962,1.1085541294185175,49.085689800539676,1.6821776164787414,49.114505644750075,407.11778136650526,13.489559451603155,370.52311698917816,-10.052480596841415
10610000000.0,-33.9450946575749,0.4470353038335359,0.020079147365448607,1.0528142757947894,1.1088210714762303,48.97033481205011,1.7000227553321503,48.99983437699493,407.5011200679943,13.44573380357557,370.85976285731255,-10.052956566920354
10620000000.0,-33.59204481266439,0.4479547824836027,0.020912105410522942,1.0529257314463185,1.1090899120944657,48.85591255116264,1.7222164102024542,48.88625799312544,407.8824047004563,13.402654433532973,371.1963460589067,-10.0531855054826
10630000000.0,-33.22716631680129,0.44886480012884034,0.021809297873107824,1.053036051889079,1.109360572051857,48.74258264735979,1.7486983457452958,48.773940880752214,408.2616773373604,13.360375624316793,371.5328794568644,-10.053166926988014
10640000000.0,-32.85577942657716,0.44976520645375523,0.02276203195344523,1.0531452185383592,1.109632961428858,48.630500854752846,1.779402995172098,48.663044380755146,408.6389796121044,13.318948199021447,371.8693756856001,-10.052901707438192
10650000000.0,-32.4821785789866,0.4506558316596039,0.02376244206639076,1.0532532104431,1.1099069789616558,48.51981892950086,1.8142597106154734,48.55372660516505,409.0143523496439,13.278419803811198,372.2058470037662,-10.052392048493216
10660000000.0,-32.10974153357545,0.45153648424251736,0.024803497444782684,1.0533600040154472,1.1101825115449162,48.4106845230792,1.8531930098857525,48.44614226463227,409.38783523940657,13.238835234252958,372.5423051514295,-10.051641425608533
10670000000.0,-31.74106243999261,0.45240694938562226,0.025878963496824624,1.0534655728346547,1.110459433899517,48.30324109039977,1.8961228187004813,48.34044250501728,409.75946655488235,13.200236799968401,372.8787612133945,-10.0506545207245
10680000000.0,-31.37808667632672,0.4532669880161414,0.02698333754670975,1.0535698875315838,1.1107376084184737,48.19762781175784,1.9429647075978413,48.23677475262731,410.12928292456996,13.162664721674023,373.215225490369,-10.04943714019523
10690000000.0,-31.022235161963295,0.454116336567721,0.028111773299358336,1.0536729157587403,1.11101688520156,48.09397952755211,1.993630122870475,48.13528256760749,410.4973191582645,13.126157554135936,373.55170737953495,-10.047996118865495
10700000000.0,-30.67451260369168,0.4549547074744412,0.029260003235694946,1.0537746222491262,1.1112971022856415,47.99242668471437,2.0480266109843748,48.036105504994715,410.86360813182995,13.09075262802543,373.88821526601515,-10.046339211294988
10710000000.0,-30.335598277287616,0.4557817904097249,0.03042426436560631,1.0538749689655693,1.111578086074368,47.89309529379343,2.1060580360638483,47.939378982957706,411.22818073277887,13.056486503321258,374.2247564266365,-10.04447497139424
10720000000.0,-30.00592021368435,0.45659725427017706,0.03160123018380046,1.0539739153405987,1.111859651967521,47.79610689565355,2.1676247901397905,47.845234157767166,411.59106586798936,13.023395426553805,374.56133694717374,-10.042412621783269
10730000000.0,-29.685714712817067,0.4574007498889039,0.032787950016732924,1.0540714186050468,1.1121416051863555,47.70157853677156,2.2326239959658802,47.75379780506622,411.9522905340126,12.99151578406076,374.8979616542155,-10.04016191437323
10740000000.0,-29.375073444995955,0.45819191344968513,0.03398179594943834,1.0541674342019582,1.1124237417878893,47.60962275216546,2.3009497023031447,47.66519220706069,412.3118799493703,12.960884543351701,375.2346340625555,-10.037732983770072
10750000000.0,-29.07398035063412,0.458970370559196,0.03518041696301222,1.054261916280656,1.1127058498574522,47.520347555020486,2.3724930716693673,47.57953504528035,412.6698577473182,12.931539674752798,375.5713563388841,-10.035136195195424
10760000000.0,-28.782340319022317,0.4597357409215427,0.036381699636504936,1.0543548182642393,1.1129877108654578,47.43385643214426,2.4471425606201285,47.496939298625044,413.0262462265051,12.90352054568016,375.90812928230457,-10.032381988693391
10770000000.0,-28.500001332854904,0.4604876435451848,0.03758373466159765,1.0544460934820559,1.113269101170682,47.3502483444354,2.5247840927108802,47.41751314645796,413.38106665606335,12.876868280251728,376.24495232213883,-10.029480721462024
10780000000.0,-28.2267714697168,0.46122570240386074,0.03878478841146573,1.054535695857652,1.1135497936501044,47.269617731614765,2.605301224334863,47.341359876565754,413.73433963069573,12.851626077330025,376.5818235331085,-10.026442510189556
10790000000.0,-27.96243188392218,0.46194955245936165,0.03998327885110135,1.054623580641024,1.1138295594317795,47.19205452053691,2.68857530369114,47.26857779786637,414.08608547050324,12.827839480688503,376.9187396679488,-10.023277075248346
10800000000.0,-27.706746662846363,0.4626588459474224,0.04117775514670252,1.0547097051731842,1.114108169705427,47.11764413646194,2.774485623170661,47.19926015779747,414.43632465946854,12.805556595642491,377.2556962071883,-10.019993588690511
10810000000.0,-27.45947026237775,0.46335325882014533,0.042366880410073623,1.0547940296700862,1.1143853975833402,47.04646751673802,2.8629095654769015,47.1334950643763,414.78507831583727,12.784828247255245,377.59268742569145,-10.01660052783607
10820000000.0,-27.220353072949628,0.46403249723236417,0.04354941709121002,1.0548765180122188,1.1146610199825673,46.97860112641101,2.9537227438182754,47.07136541297454,415.132368686989,12.765708076069298,377.92970647533207,-10.013105536308363
10830000000.0,-26.989145545686814,0.46469630395675926,0.0447242146036985,1.0549571385258474,1.1149348194985615,46.91411697533379,3.0467991365188007,47.012948817890525,415.47821966093477,12.748252568290003,378.26674548299104,-10.009515294237062
10840000000.0,-26.765601212171898,0.46534446460967743,0.0458901988311027,1.055035864741526,1.1152065862396578,46.8530826364132,3.1420112163954164,46.958317548848775,415.822657286144,12.73252101830181,378.6037956628693,-10.005835399278576
10850000000.0,-26.549478856198615,0.46597681357176013,0.0470463632178396,1.0551126761157585,1.1154761195921825,46.79556126468121,3.2392300752465113,46.90753847258364,416.1657102911938,12.718575422462001,378.9408474419332,-10.002070260006834
10860000000.0,-26.34054403738937,0.46659323948838954,0.04819176119537215,1.0551875587017843,1.1157432298861432,46.74161161692815,3.338325543789793,46.8606729996921,416.5074105955957,12.706480304212764,379.27789059717924,-9.998223003069704
10870000000.0,-26.13857012116519,0.46719369024090135,0.04932549973456313,1.0552605057561875,1.116007739932869,46.691288071673284,3.439166307361792,46.81777703695118,416.84779380317076,12.696302471607856,379.6149144031854,-9.994295395388995
10880000000.0,-25.94333893437951,0.4677781772859473,0.050446733848764955,1.0553315182688003,1.1162694864075393,46.64464064929076,3.5416200176877566,46.77890094531031,417.1868996695115,12.68811070946865,379.95190778837036,-9.990287782503296
10890000000.0,-25.754641138715645,0.4683467792687191,0.05155466190039433,1.0554006054043847,1.1165283210516057,46.60171503212819,3.645553400996559,46.74408950375651,417.52477253537586,12.6819754094284,380.2888594981767,-9.986199043997068
10900000000.0,-25.572276392897187,0.46889964482671576,0.05264852158726149,1.0554677848459082,1.1167841116728525,46.56255258448761,3.750832362743896,46.71338187924934,417.8614617182752,12.677968142176814,380.6257582633878,-9.982026566727049
10910000000.0,-25.396053358473534,0.4694369945129842,0.05372758650455682,1.0555330830307212,1.117036742923944,46.52719037234417,3.8573220891746467,46.68681160289264,418.197021855106,12.676161177105866,380.962592971621,-9.977766236446582
10920000000.0,-25.225789591338273,0.4699591217817431,0.05479116319477775,1.0555965352726446,1.1172861168438484,46.4956611826967,3.964887145948127,46.664406552491734,418.53151318935954,12.67662695555364,381.29935284005114,-9.973412448098136
10930000000.0,-25.061311351388966,0.4704663929935455,0.055838588611496556,1.055658185764712,1.1175321531501674,46.46799354244024,4.073391574016987,46.64618894160101,418.8650017972277,12.679437524534423,381.63602758736073,-9.968958134975221
10940000000.0,-24.90245335517629,0.4709592464146254,0.05686922793431078,1.055718087459445,1.1177747892748728,46.44421173665738,4.182698982946652,46.63217531513415,419.1975597478572,12.684663938580236,381.9726076028946,-9.964394816600949
10950000000.0,-24.749058490530132,0.47143819020091415,0.05788247268191491,1.0557763018254693,1.1180139801400373,46.42433582621199,4.2926726418458365,46.62237655155474,419.5292651939515,12.692375637878145,382.3090841110171,-9.959712665094884
10960000000.0,-24.600977507616562,0.4719037993748621,0.058877739078231114,1.055832898481436,1.1182496976746745,46.408381664527994,4.403175568073117,46.616797871623206,419.8602023900045,12.702639811308435,382.6454493287242,-9.954900589446323
10970000000.0,-24.458068697353195,0.4723567118218197,0.05985446663335307,1.055887954710478,1.1184819300786397,46.39636091342022,4.514070613881715,46.61543885361864,420.19046163651757,12.71552075329532,382.9816966145628,-9.949946337030948
10980000000.0,-24.320197565376326,0.4727976233485806,0.060812116906820146,1.055941554860372,1.1187106808436285,46.38828105783542,4.62522055117242,46.618293454905874,420.52013914971894,12.731079223518716,383.3178206070777,-9.944836611420065
10990000000.0,-24.187236507640662,0.473227281865558,0.06175017242558782,1.0559937896368712,1.1189359675462303,46.384145419347924,4.73648815452804,46.625350039664035,420.8493368574083,12.749371818569566,383.6538173510105,-9.93955720537572
11000000000.0,-24.059064492078683,0.4736464807692775,0.06266813573331714,1.0560447552995362,1.1191578204319468,46.383953168244595,4.847736282727883,46.636591412546274,421.1781621227242,12.770450364445216,383.9896844096892,-9.934093147745951
11010000000.0,-23.935566749494164,0.4740560516182728,0.06356552855105799,1.0560945527713836,1.1193762808133643,46.38769933402552,4.958827958946762,46.651994857994914,421.50672739870134,12.794361338522018,384.325420962098,-9.928428862776043
11020000000.0,-23.816634475858287,0.47445685620834643,0.0644418910326531,1.0561432866752498,1.1195913993090632,46.395374814140155,5.069626449887795,46.67153218489782,421.8351498175583,12.821145329209937,384.6610278833675,-9.922548340265298
11030000000.0,-23.702164547443427,0.474849778167531,0.06529678110068872,1.056191064311513,1.119803233953598,46.40696638077867,5.179995344109578,46.6951697762383,422.16355071966893,12.850836540928656,384.9965078074964,-9.916435314775171
11040000000.0,-23.59205924963119,0.47523571419974,0.06612977385125532,1.0562379945928748,1.120011848211196,46.422456685542045,5.289798629858836,46.72286864336868,422.49205512804156,12.883462351352378,385.3318651714067,-9.91007345205295
11050000000.0,-23.48622601980203,0.47561556511661834,0.06694046101768246,1.0562841869531796,1.1202173089285996,46.44182426182478,5.398900772744369,46.75458448452041,422.82079117499035,12.91904292710356,385.6671062395548,-9.903446540721495
11060000000.0,-23.384577204367602,0.47599022680241015,0.06772845048523553,1.0563297502479023,1.1204196842639267,46.46504352476114,5.507166793638692,46.79026774715982,423.1498894883495,12.957590903152619,386.0022391085577,-9.89653868719131
11070000000.0,-23.28702982976725,0.4763605812617445,0.06849336585018755,1.056374791664547,1.1206190416298025,46.49208476860929,5.614462347223765,46.82986369380062,423.4794825452037,12.999111130266137,386.33727369151495,-9.889334511707865
11080000000.0,-23.193505387057527,0.4767274879007058,0.06923484601804678,1.0564194156612596,1.1208154456892199,46.52291416148071,5.720653801646297,46.873312470901745,423.8097040015308,13.043600493742389,386.6722216819087,-9.881819343447212
11090000000.0,-23.103929629599797,0.47709177519244494,0.06995254483677919,1.0564637229520661,1.1210089564428816,46.557493737362584,5.8256083197802475,46.920549180503514,424.14068800650404,13.091047805659285,387.0070964971915,-9.873979412547726
11100000000.0,-23.018232383251465,0.477454232872978,0.07064613076189034,1.0565078095564617,1.121199627445419,46.5957813854254,5.929193942635517,46.97150395428852,424.47256851034933,13.141433771721335,387.34191320239626,-9.865802036940263
11110000000.0,-22.936347368417593,0.47781560480867036,0.0713152865509617,1.0565517659305774,1.1213875041868675,46.63773083666855,6.031279675479236,47.02610202980249,424.8054785747191,13.19473103268048,387.6766884143163,-9.857275801997448
11120000000.0,-22.858212033280378,0.47817658266776425,0.07195970898595638,1.0565956761960358,1.1215726226735017,46.68329164801619,6.131735577265184,47.08426382862152,425.1395496944397,13.250904279211923,388.0114401869895,-9.848390730933417
11130000000.0,-22.783767397512,0.47853780051645206,0.07257910862214896,1.056639617481169,1.1217550082391368,46.73240918404572,6.230432853986976,47.14590503631383,425.4749111392192,13.309910438018354,388.3461878794804,-9.839138444124416
11140000000.0,-22.71295790578193,0.4788998304490472,0.07317320956293913,1.0566836593879423,1.1219346746152346,46.78502459660911,6.327243956580352,47.210936684113804,425.81168932358656,13.371698925938988,388.68095200706625,-9.829512305497744
11150000000.0,-22.645731290381743,0.47926317934337515,0.07374174926016273,1.0567278635956874,1.1221116232834545,46.84107480268623,6.422042684005578,47.27926523229856,426.15000721279773,13.436211967813167,389.0157540772264,-9.81950755433386
11160000000.0,-22.582038442317046,0.47962828681889674,0.0742844783397229,1.0567722836110975,1.1222858431308187,46.90049246089614,6.514704292132299,47.350792655334736,426.48998377182045,13.503384972963568,389.35061641182256,-9.809121420980441
11170000000.0,-22.521833290248715,0.4799955244533751,0.07480116045250042,1.0568169646713013,1.1224573104221032,46.96320594717952,6.605105609030962,47.42541652894205,426.83173346386144,13.573146964379344,389.6855619572489,-9.798353225065403
11180000000.0,-22.465072686698818,0.4803651962951871,0.07529157215059976,1.0568619438045586,1.1226259890992587,47.029139330253294,6.693125157248854,47.503030119298444,427.1753658039946,13.645421053860861,390.0206140842129,-9.787204455045163
11190000000.0,-22.411716300986097,0.4807375406873518,0.07575550278890847,1.05690725005057,1.1227918314122585,47.09821234752993,6.778643283601493,47.583522474690085,427.52098497266223,13.720124955896154,390.3557963791119,-9.775678828069465
11200000000.0,-22.361726518392864,0.4811127333965493,0.07619275445193875,1.056952904839619,1.122954778879882,47.17034038228025,6.8615422969628534,47.6667785199838,427.8686894927683,13.797171532430417,390.691132428963,-9.76378232934558
11210000000.0,-22.315068345117034,0.48149089201896306,0.07660314190574488,1.0569989225271599,1.1231147635734087,47.245434442900795,6.9417066144662325,47.75267915436537,428.2185719731537,13.876469360384558,391.02664560194427,-9.751523230401279
11220000000.0,-22.271709318604323,0.4818720816121853,0.07698649257459092,1.0570453110777236,1.123271709710339,47.32340114522498,7.019022916454463,47.84110135284924,428.57071892016785,13.957923313515204,391.36235882566535,-9.738912085859587
11230000000.0,-22.2316194229129,0.48225632148011566,0.0773426465417492,1.0570920728892892,1.1234255355394562,47.404142698893715,7.093380310421971,47.93191827212177,428.92521061797424,14.041435150050427,391.6982943653049,-9.72596170851476
11240000000.0,-22.194771008797474,0.4826435930180407,0.07767145657368471,1.0571392057468771,1.123576155493416,47.48755689885367,7.164670504095736,48.0249993613131,429.28212107721845,14.126904097610321,392.03447360374366,-9.71268712275557
11250000000.0,-22.161138718255774,0.4830338485019952,0.07797278816654156,1.0571867038913014,1.1237234825790186,47.573537123115024,7.2327879876877486,48.120210478334805,429.6415180505626,14.214227427014368,392.37091682586254,-9.699105496625817
11260000000.0,-22.130699413318414,0.48342702069138554,0.07824651961364364,1.0572345591871777,1.1238674309713543,47.66197233792932,7.297630225230404,48.21741401242643,430.003463112612,14.303301006875085,392.70764300905245,-9.685236052905847
11270000000.0,-22.10343210890819,0.4838230330941304,0.07849254209244028,1.0572827623718775,1.1240079187728416,47.75274711158596,7.359097854781198,48.31646901357058,430.3680118007609,14.394019831245984,393.04466962202144,-9.671099959918369
11280000000.0,-22.079317909631406,0.48422181072935966,0.07871075976910794,1.0573313043653834,1.1241448708944333,47.84574163802643,7.4170948971456525,48.417231329414534,430.7352138125285,14.48627851313035,393.38201243383764,-9.656720202969577
11290000000.0,-22.058339950404154,0.48462329121153047,0.07890108991875655,1.0573801776196305,1.1242782220132892,47.94083177148249,7.471528972630283,48.51955375032255,431.1051132541604,14.57997173727679,393.7196853350512,-9.642121437399616
11300000000.0,-22.040483340843124,0.48502743596695147,0.07906346305905038,1.0574293774843462,1.1244079195578218,48.03788907331845,7.5223115251996076,48.62328616313997,431.4777489343852,14.674994666358215,394.0577001727058,-9.627329824526553
11310000000.0,-22.0257351133853,0.4854342413903102,0.07919782309483572,1.0574789035659757,1.124533926670059,48.13678087221875,7.569358053264595,48.72827571419418,431.85315469664556,14.771243295532683,394.3960666007774,-9.612372851895037
11320000000.0,-22.01408417512369,0.48584374974123945,0.07930412747126987,1.0575287610553563,1.1246562250932564,48.2373703388184,7.612588346197336,48.83436698200333,432.2313597824516,14.868614751195796,394.73479194757425,-9.597279139339054
11330000000.0,-22.005521263366038,0.48625605958247864,0.07938234733287589,1.057578961999973,1.1247748179330175,48.33951657578919,7.651926725528395,48.941402160071526,432.6123892180807,14.967007530756332,395.0738811013674,-9.582078232598777
11340000000.0,-22.00003890493827,0.4866713355620882,0.07943246768593977,1.0576295264967357,1.1248897322403872,48.44307472431829,7.687302289660789,49.04922125007195,432.9962642164778,15.066321681235378,395.41333641539126,-9.566800386255306
11350000000.0,-21.99763137927531,0.4870898173489625,0.0794544875616093,1.0576804837820346,1.1250010213670767,48.54789608780596,7.718649160805679,49.15766226561238,433.38300258600077,15.166458915580439,395.7531576331643,-9.55147633792842
11360000000.0,-21.99829468533291,0.48751182753861083,0.07944842017728747,1.0577318731967622,1.1251087670449982,48.65382827349309,7.7459067327517985,49.266561446675425,433.7726191375483,15.267322666638924,396.09334183486925,-9.5361370756868
11370000000.0,-22.002026512371614,0.48793777835922636,0.07941429309391367,1.057783745005579,1.1252130811456336,48.76071535259657,7.769019917971846,49.37575348470938,434.1651260816682,15.368818079836952,396.43388340535756,-9.520813600769394
11380000000.0,-22.008826214651794,0.4883681770227827,0.07935214836701356,1.057836161051483,1.1253141070785997,48.86839803939,7.787939392498305,49.48507175823314,434.5605334073997,15.470851946687667,396.7747740241136,-9.505536687661696
11390000000.0,-22.0186947900739,0.4888036295845667,0.07926204268962751,1.0578891952290181,1.125412020793632,48.976713889506975,7.802621836932537,49.59434857869193,434.95884923493685,15.573332582297544,397.1160026772987,-9.490336643659901
11400000000.0,-22.031634862787858,0.4892448431943873,0.07914404752551568,1.057942933761863,1.125507031355379,49.08549751759489,7.813030171906006,49.70341544619371,435.3600801346319,15.676169651065191,397.45755569184314,-9.475243070055004
11410000000.0,-22.047650669769357,0.4896926266474478,0.07899824923147748,1.057997475273562,1.1255993810668699,49.19458083426544,7.819133786288733,49.81210331462583,435.7642314054236,15.779273945726457,397.79941679124806,-9.460284626940938
11420000000.0,-22.066748051353194,0.49014788916681307,0.0788247491678943,1.0580529306430648,1.1256893451237595,49.30379330213612,7.820908756421953,49.92024286555545,436.17130730647335,15.882557125781506,398.1415671726637,-9.44548880377716
11430000000.0,-22.088934445673438,0.4906116373769053,0.07862366379717106,1.0581094226401002,1.1257772307886569,49.41296221057287,7.818338054671822,50.027664790200156,436.58131123660127,15.98593142213384,398.48398560454285,-9.43088169767501
11440000000.0,-22.114218886932782,0.49108497045712735,0.07839512477019331,1.058167085339007,1.1258633760825836,49.52191296858567,7.811411745628598,50.13420007866803,436.9942458569899,16.089309315494525,398.8266485439502,-9.416487801185657
11450000000.0,-22.142612007392607,0.49156907349130796,0.07813927900137005,1.058226063312894,1.125948147997559,49.63046941516547,7.800127168318901,50.239680315579456,437.4101131536553,16.192603196651493,399.1695302725711,-9.402329801546317
11460000000.0,-22.174126042927508,0.49206520906121387,0.07785628873342199,1.0582865106139505,1.126031940242793,49.738454146190904,7.784489102870176,50.343937981105924,437.8289144372177,16.29572501720578,399.5126030501247,-9.388428392932614
11470000000.0,-22.20877484194577,0.4925747071602777,0.07754633159358042,1.05834858954913,1.1261151705442545,49.84568885689347,7.764509920146599,50.44680675640718,438.2506502786488,16.398585939672813,399.8558372838129,-9.374802103286129
11480000000.0,-22.24657387742767,0.49309895353375993,0.07720960064339726,1.0584124692640766,1.1261982775251929,49.95199469873436,7.740209712972052,50.54812183240019,438.67532038085426,16.501095996060194,400.19920171231416,-9.361467137105702
11490000000.0,-22.287540261777885,0.4936393765785843,0.07684630442491064,1.0584783241514537,1.126281717202236,50.05719264941708,7.711616407665149,50.647720220754515,439.10292338711855,16.60316376398562,400.5426636026966,-9.348437235407214
11500000000.0,-22.331692764128523,0.49419743296457364,0.07645666700642909,1.0585463321032895,1.1263659591390598,50.161103894666496,7.678765854732456,50.74544106600446,439.53345662868435,16.70469606945776,400.88618895846736,-9.335723553877205
11510000000.0,-22.379051829660153,0.49477459216147746,0.07604092803174291,1.0586166726297062,1.1264514823055192,50.26355022029973,7.641701897696804,50.841125957652196,439.96691581488733,16.805597724921228,401.22974273697696,-9.32333456007642
11520000000.0,-22.429639600444922,0.4953723200800459,0.07559934277697684,1.0586895248692947,1.1265387706962837,50.36435441304604,7.600476419165092,50.93461924115261,440.40329467047474,16.905771310992343,401.57328907428797,-9.31127595038838
11530000000.0,-22.483479937223137,0.49599206205365626,0.07513218221988376,1.0587650655186123,1.126628308767753,50.46334066851138,7.55514936339021,51.025768326693225,440.8425845258174,17.005117009525325,401.91679151556673,-9.299550587068723
11540000000.0,-22.5405984414519,0.496635225405211,0.07463973312668352,1.0588434667104878,1.1267205767567063,50.56033500463472,7.505788734708722,51.11442399470986,441.2847738668009,17.103532495094523,402.2602132490471,-9.28815845579537
11550000000.0,-22.601022476856272,0.4973031618534164,0.0741222981620533,1.0589248938719609,1.126816045946568,50.65516567896436,7.45247057138497,51.20044069713354,441.72984785206086,17.200912890997397,402.60351734168216,-9.27709664365461
11560000000.0,-22.66478118960689,0.49799715002650186,0.0735801960282323,1.0590095035943772,1.1269151739507621,50.7476636080516,7.395278894526349,51.283676853398404,442.17778780622524,17.2971507949766,402.94666697445876,-9.26635933747144
11570000000.0,-22.731905526133275,0.4987183783512664,0.07301376163948678,1.0590974415481444,1.127018400082573,50.83766278727386,7.334305631860569,51.36399514031313,442.6285706983633,17.392136378712518,403.28962567562246,-9.25593784216941
11580000000.0,-22.802428247433898,0.4994679285901801,0.07242334633858909,1.0591888404752523,1.1271261408821887,50.92500070939689,7.269650516299723,51.4412627749476,443.08216861560544,17.48575756398215,403.6323575499144,-9.245820618601716
11590000000.0,-22.87638393859307,0.5002467602946052,0.07180931816220795,1.0592838182921054,1.1272387858704234,51.009518780208275,7.201420959329442,51.515351789751854,443.5385482422221,17.577900277061527,403.9748275021226,-9.235993340170774
11600000000.0,-22.953809012030874,0.5010556964327458,0.07117206216242156,1.0593824763340884,1.127356693596197,51.09106272958434,7.12973189937464,51.58613929918851,443.9976703547874,17.66844878164509,404.3170014533873,-9.226438967405377
11610000000.0,-23.034741702805633,0.5018954104434057,0.07051198079183428,1.0594848977723936,1.1274801880429672,51.169483016375146,7.054705625395777,51.65350775720943,444.45948934414866,17.7572860891303,404.65884654866926,-9.217137839434782
11620000000.0,-23.119222054046098,0.5027664149451729,0.0698294943600708,1.0595911462310592,1.127609555453833,51.244635225546595,6.97647157606302,51.71734520497883,444.9239527748237,17.844294443728604,405.00033135412974,-9.208067781279965
11630000000.0,-23.20729189030764,0.5036690523157948,0.06912504156974413,1.0597012646304005,1.1277450416312889,51.31638045603481,6.895166114946719,51.777545508272404,445.3910009922424,17.92935587847665,405.3414260431059,-9.199204225659614
11640000000.0,-23.29899477631895,0.5046034873286691,0.06839908014032604,1.0598152742796674,1.1278868497605292,51.38458569782598,6.810932282240159,51.83400858404146,445.8605667878042,18.012352836771903,405.6821025697584,-9.19052034797594
11650000000.0,-23.394375958199106,0.5055697020090653,0.067652087528753,1.0599331742388505,1.1280351387990435,51.449124196808,6.723919523607298,51.886640615658685,446.3325751310507,18.093168852781904,406.02233482939556,-9.181987213089903
11660000000.0,-23.493482283770128,0.5065674928408207,0.0668845617560771,1.0600549409657258,1.1281900224671508,51.509875805974424,6.634283396820714,51.93535425638531,446.80694297755355,18.171689282796017,406.3620988048511,-9.173573932343634
11670000000.0,-23.596362098063217,0.5075964704213389,0.06609702234998263,1.0601805282602697,1.1283515688657584,51.56672732160443,6.542185256917686,51.98006882062138,447.28357916008946,18.24780207835596,406.7013726983592,-9.16524782939405
11680000000.0,-23.703065109478594,0.5086560616284687,0.06529001141373507,1.060309867514451,1.1285198007389186,51.61957280306759,6.447791920679613,52.020710462503075,447.7623843695588,18.32139859103051,407.04013704858966,-9.156974613273112
11690000000.0,-23.813642221331147,0.5097455143252173,0.06446409483284163,1.0604428682708724,1.1286946963891724,51.66831387494456,6.3512753112969715,52.057212341419884,448.2432512308807,18.392374397705463,407.3783748326467,-9.148718557233895
11700000000.0,-23.928145322632265,0.5108639045888076,0.0636198636317403,1.0605794190889584,1.1288761912435936,51.712860010177536,6.25281208416229,52.08951477401248,448.7260644776387,18.460630134521537,407.7160715530573,-9.140442681876273
11710000000.0,-24.046627030948436,0.5120101464145237,0.06275793549385199,1.0607193887130346,1.1290641800592043,51.75312879299476,6.152583234795368,52.11756537219854,449.21070122782146,18.526072327009445,408.0532153098763,-9.132108941125995
11720000000.0,-24.169140378946288,0.5131830038027572,0.06187895645984824,1.0608626275315323,1.1292585197456664,51.78904616039406,6.050773690000915,52.14131916677055,449.6970313613371,18.58861420353842,408.38979685823074,-9.123678409798357
11730000000.0,-24.295738434850172,0.5143811051011862,0.06098360282029147,1.06100896931212,1.1294590327737104,51.820546620993234,5.94757188341869,52.16073871607807,450.184917998368,18.648176479048317,408.7258096517286,-9.115111471382532
11740000000.0,-24.426473845344148,0.5156029594356961,0.06007258322083202,1.0611582331928915,1.1296655111278828,51.84757345010202,5.843169316739101,52.17579419930093,450.67421807593075,18.70468809598466,409.06124987230675,-9.106368005018641
11750000000.0,-24.561398287526988,0.5168469750286002,0.05914664100001963,1.0613102259054445,1.129877720753051,51.870078859919055,5.737760107933966,52.186463493806706,451.1647830182943,18.75808690966981,409.39611644715006,-9.097407570564192
11760000000.0,-24.700561814244534,0.5181114791680753,0.058206556782171175,1.0614647442014387,1.1300954064350617,51.88802414379915,5.631540527965107,52.19273223606518,451.65645949522093,18.80832030571763,409.7304110534762,-9.088189590899397
11770000000.0,-24.844012074485164,0.5193947395634455,0.05725315135024066,1.061621577450599,1.1303182970482317,51.90137979362443,5.524708527527568,52.194593865612,452.14909026034394,18.85534573789481,410.06413811195364,-9.078673530691741
11780000000.0,-24.991793387455942,0.5206949867938765,0.056287288826429624,1.0617805103747828,1.1305461110951642,51.910125589371745,5.417463255497849,52.19204965154192,452.6425150604746,18.899131175609423,410.397304769604,-9.068819071011601
11790000000.0,-25.143945645417467,0.5220104375321781,0.05530988019125875,1.061941325879499,1.1307785624574795,51.91425066007524,5.310004570863451,52.18510870104337,453.13657160513924,18.93965545142611,410.7299208731335,-9.058586279349047
11800000000.0,-25.30050301630682,0.5233393182110536,0.05432188717486011,1.0621038079424485,1.1310153662720877,51.913753515491464,5.202532550010369,52.17378794951657,453.6310965843202,18.97690850028051,411.06199893342597,-9.04793577466512
11810000000.0,-25.461492412547322,0.5246798887792792,0.05332432655744696,1.0622677445161455,1.1312562448422243,51.90864204789781,5.095246991357512,52.15811213186039,454.125926721277,19.010891483545947,411.39355408221155,-9.036828887343326
11820000000.0,-25.62693168726976,0.5260304661914884,0.05231827491869761,1.062432930401129,1.1315009334911987,51.89893350360491,4.988346919400475,52.13811373457901,454.6208998462894,19.04161679279389,411.7246040216133,-9.025227813946492
11830000000.0,-25.796827513343562,0.527389447267168,0.051304873878601776,1.0625991700452049,1.1317491862644575,51.88465442392376,4.882030090336482,52.113832928436025,455.11585597648764,19.06910792985104,412.05516896732223,-9.013095766853507
11840000000.0,-25.971172894325814,0.5287553305580442,0.05028533587391654,1.0627662802245021,1.1320007813861774,51.8658405555029,4.776492501484497,52.085317481470604,455.61063838632896,19.093399261698877,412.3852715861536,-9.000397118982244
11850000000.0,-26.149944249643706,0.5301267368718156,0.049260950515204474,1.0629340925631252,1.132255526378656,51.842536730151956,4.671927906778908,52.052622652305374,456.1050946531013,19.114535650687966,412.7149369284469,-8.98709754383441
11860000000.0,-26.33309800932862,0.5315024281085605,0.048233091568274655,1.0631024558491218,1.1325132627546675,51.81479671446528,4.568527340644643,52.01581106378694,456.59907766173916,19.13257196261118,413.0441923558695,-8.973164151240088
11870000000.0,-26.520566646724568,0.5328813240895863,0.04720322460011413,1.0632712381072884,1.1327738701988548,51.78268302978252,4.46647865256762,51.97495255713822,457.092446553564,19.147572457190698,413.3730674649326,-8.95856561918532
11880000000.0,-26.71225407136201,0.5342625170800698,0.046172915321881246,1.0634403283919132,1.1330372701596219,51.74626674324161,4.365966054653141,51.93012402693736,457.585067604039,19.159610067544804,413.7015940064166,-8.943272322209733
11890000000.0,-26.908030299414424,0.5356452837359147,0.045143838648956006,1.063609638266063,1.1333034287804282,51.705627230907936,4.267169684426407,51.881409237387686,458.0768150154361,19.16876557716358,414.02980580086665,-8.9272564567822
11900000000.0,-27.107725317085787,0.5370290942386975,0.0441177884783022,1.0637791029380783,1.1335723591079587,51.660851914190815,4.170265185046443,51.828898620495146,458.5675716113803,19.175126704742908,414.3577386500533,-8.910492164151862
11910000000.0,-27.311122054546388,0.5384136184240637,0.043096688154532714,1.0639486820309911,1.1338441225253721,51.6120359709779,4.075423305019522,51.77268905692086,459.0572294215187,19.1787871089635,414.6854302442477,-8.892955651093162
11920000000.0,-27.51794839711218,0.5397987287462457,0.04208260155456018,1.0641183599651316,1.1341188293684812,51.55928202312584,3.982809519340382,51.712883640419584,459.54569014607637,19.179845326835505,415.0129200650477,-8.874625308915327
11930000000.0,-27.727868179210656,0.5411844999721681,0.041077744664092794,1.0642881459404085,1.1343966386959607,51.50269980215625,3.892583673862604,51.64959142693238,460.0328654918729,19.17840366057574,415.34024928325664,-8.855481831072364
11940000000.0,-27.94047113963163,0.5425712055424826,0.04008449744226968,1.0644580735101241,1.1346777571960842,51.44240579516893,3.8048996544883043,51.58292716951564,460.5186773731405,19.17456702912327,415.6674606513561,-8.835508329490215
11950000000.0,-28.15526186854935,0.5439593105900262,0.03910541567018678,1.064628199744708,1.134962437226396,51.378522873158694,3.719905082579222,51.51301104042638,461.0030579727016,19.168441801200135,415.9945983899748,-8.814690449882399
11960000000.0,-28.371647854180388,0.5453494616561861,0.03814324234957708,1.0647986039899007,1.13525097399578,51.31117990404262,3.637741037750328,51.43996834177447,461.48594966118355,19.160134627548146,416.3217080675899,-8.793016485876267
11970000000.0,-28.588926846528267,0.5467424731992004,0.03720091805626641,1.0649693862304992,1.1355437019123953,51.2405113528188,3.5585418089686884,51.36392920624873,461.96730477409164,19.14975129012661,416.64883647272814,-8.770477491823291
11980000000.0,-28.806273904566794,0.5481393110366266,0.03628158945680078,1.0651406650767152,1.135840990133579,51.16665687134367,3.4824346746275845,51.285028289481026,462.4470852491107,19.13739558622885,416.97603147796286,-8.747067394049836
11990000000.0,-29.022728687331295,0.5495410729187105,0.03538861496696675,1.0653125753969022,1.1361432373680604,51.089760880261416,3.4095397119886592,51.20340445566014,462.9252621280053,19.123168265077066,417.30334189479504,-8.722783099944392
12000000000.0,-29.23718379119208,0.550948966473953,0.034525566275079266,1.0654852656259022,1.1364508659925143,51.009972145624054,3.339969636132265,51.11920045802386,463.4018149299579,19.107166033925996,417.6308173187264,-8.697624604339369
