6.76318e-16	6.32128e-05
2.02895e-15	6.32457e-05
3.38159e-15	6.32786e-05
4.73423e-15	6.33115e-05
6.08686e-15	6.33444e-05
7.4395e-15	6.33773e-05
8.79214e-15	6.34102e-05
1.01448e-14	6.3443e-05
1.14974e-14	6.34759e-05
1.285e-14	6.35088e-05
1.42027e-14	6.35416e-05
1.55553e-14	6.35744e-05
1.6908e-14	6.36073e-05
1.82606e-14	6.36401e-05
1.96132e-14	6.36729e-05
2.09659e-14	6.37057e-05
2.23185e-14	6.37385e-05
2.36711e-14	6.37712e-05
2.50238e-14	6.3804e-05
2.63764e-14	6.38368e-05
2.7729e-14	6.38695e-05
2.90817e-14	6.39023e-05
3.04343e-14	6.3935e-05
3.1787e-14	6.39677e-05
3.31396e-14	6.40005e-05
3.44922e-14	6.40332e-05
3.58449e-14	6.40659e-05
3.71975e-14	6.40985e-05
3.85501e-14	6.41312e-05
3.99028e-14	6.41639e-05
4.12554e-14	6.41966e-05
4.2608e-14	6.42292e-05
4.39607e-14	6.42619e-05
4.53133e-14	6.42945e-05
4.66659e-14	6.43271e-05
4.80186e-14	6.43597e-05
4.93712e-14	6.43923e-05
5.07239e-14	6.44249e-05
5.20765e-14	6.44575e-05
5.34291e-14	6.44901e-05
5.47818e-14	6.45227e-05
5.61344e-14	6.45552e-05
5.7487e-14	6.45878e-05
5.88397e-14	6.46203e-05
6.01923e-14	6.46528e-05
6.15449e-14	6.46853e-05
6.28976e-14	6.47178e-05
6.42502e-14	6.47503e-05
6.56029e-14	6.47828e-05
6.69555e-14	6.48153e-05
6.83081e-14	6.48478e-05
6.96608e-14	6.48802e-05
7.10134e-14	6.49126e-05
7.2366e-14	6.49451e-05
7.37187e-14	6.49775e-05
7.50713e-14	6.50099e-05
7.64239e-14	6.50423e-05
7.77766e-14	6.50747e-05
7.91292e-14	6.51071e-05
8.04819e-14	6.51394e-05
8.18345e-14	6.51718e-05
8.31871e-14	6.52041e-05
8.45398e-14	6.52365e-05
8.58924e-14	6.52688e-05
8.7245e-14	6.53011e-05
8.85977e-14	6.53334e-05
8.99503e-14	6.53657e-05
9.13029e-14	6.5398e-05
9.26556e-14	6.54302e-05
9.40082e-14	6.54625e-05
9.53609e-14	6.54947e-05
9.67135e-14	6.5527e-05
9.80661e-14	6.55592e-05
9.94188e-14	6.55914e-05
1.00771e-13	6.56236e-05
1.02124e-13	6.56558e-05
1.03477e-13	6.56879e-05
1.04829e-13	6.57201e-05
1.06182e-13	6.57522e-05
1.07535e-13	6.57844e-05
1.08887e-13	6.58165e-05
1.1024e-13	6.58486e-05
1.11592e-13	6.58807e-05
1.12945e-13	6.59128e-05
1.14298e-13	6.59449e-05
1.1565e-13	6.59769e-05
1.17003e-13	6.6009e-05
1.18356e-13	6.6041e-05
1.19708e-13	6.6073e-05
1.21061e-13	6.6105e-05
1.22414e-13	6.6137e-05
1.23766e-13	6.6169e-05
1.25119e-13	6.6201e-05
1.26471e-13	6.6233e-05
1.27824e-13	6.62649e-05
1.29177e-13	6.62968e-05
1.30529e-13	6.63288e-05
1.31882e-13	6.63607e-05
1.33235e-13	6.63926e-05
1.34587e-13	6.64244e-05
1.3594e-13	6.64563e-05
1.37293e-13	6.64882e-05
1.38645e-13	6.652e-05
1.39998e-13	6.65518e-05
1.4135e-13	6.65836e-05
1.42703e-13	6.66154e-05
1.44056e-13	6.66472e-05
1.45408e-13	6.6679e-05
1.46761e-13	6.67107e-05
1.48114e-13	6.67425e-05
1.49466e-13	6.67742e-05
1.50819e-13	6.68059e-05
1.52172e-13	6.68376e-05
1.53524e-13	6.68693e-05
1.54877e-13	6.6901e-05
1.56229e-13	6.69326e-05
1.57582e-13	6.69643e-05
1.58935e-13	6.69959e-05
1.60287e-13	6.70275e-05
1.6164e-13	6.70591e-05
1.62993e-13	6.70907e-05
1.64345e-13	6.71223e-05
1.65698e-13	6.71538e-05
1.67051e-13	6.71854e-05
1.68403e-13	6.72169e-05
1.69756e-13	6.72484e-05
1.71108e-13	6.72799e-05
1.72461e-13	6.73114e-05
1.73814e-13	6.73429e-05
1.75166e-13	6.73743e-05
1.76519e-13	6.74058e-05
1.77872e-13	6.74372e-05
1.79224e-13	6.74686e-05
1.80577e-13	6.75e-05
1.8193e-13	6.75313e-05
1.83282e-13	6.75627e-05
1.84635e-13	6.75941e-05
1.85987e-13	6.76254e-05
1.8734e-13	6.76567e-05
1.88693e-13	6.7688e-05
1.90045e-13	6.77193e-05
1.91398e-13	6.77505e-05
1.92751e-13	6.77818e-05
1.94103e-13	6.7813e-05
1.95456e-13	6.78442e-05
1.96809e-13	6.78754e-05
1.98161e-13	6.79066e-05
1.99514e-13	6.79378e-05
2.00866e-13	6.79689e-05
2.02219e-13	6.80001e-05
2.03572e-13	6.80312e-05
2.04924e-13	6.80623e-05
2.06277e-13	6.80934e-05
2.0763e-13	6.81244e-05
2.08982e-13	6.81555e-05
2.10335e-13	6.81865e-05
2.11688e-13	6.82175e-05
2.1304e-13	6.82485e-05
2.14393e-13	6.82795e-05
2.15745e-13	6.83105e-05
2.17098e-13	6.83414e-05
2.18451e-13	6.83724e-05
2.19803e-13	6.84033e-05
2.21156e-13	6.84342e-05
2.22509e-13	6.84651e-05
2.23861e-13	6.84959e-05
2.25214e-13	6.85268e-05
2.26567e-13	6.85576e-05
2.27919e-13	6.85884e-05
2.29272e-13	6.86192e-05
2.30624e-13	6.865e-05
2.31977e-13	6.86807e-05
2.3333e-13	6.87115e-05
2.34682e-13	6.87422e-05
2.36035e-13	6.87729e-05
2.37388e-13	6.88036e-05
2.3874e-13	6.88342e-05
2.40093e-13	6.88649e-05
2.41446e-13	6.88955e-05
2.42798e-13	6.89261e-05
2.44151e-13	6.89567e-05
2.45503e-13	6.89873e-05
2.46856e-13	6.90178e-05
2.48209e-13	6.90484e-05
2.49561e-13	6.90789e-05
2.50914e-13	6.91094e-05
2.52267e-13	6.91399e-05
2.53619e-13	6.91703e-05
2.54972e-13	6.92008e-05
2.56325e-13	6.92312e-05
2.57677e-13	6.92616e-05
2.5903e-13	6.9292e-05
2.60382e-13	6.93223e-05
2.61735e-13	6.93527e-05
2.63088e-13	6.9383e-05
2.6444e-13	6.94133e-05
2.65793e-13	6.94436e-05
2.67146e-13	6.94738e-05
2.68498e-13	6.95041e-05
2.69851e-13	6.95343e-05
2.71204e-13	6.95645e-05
2.72556e-13	6.95947e-05
2.73909e-13	6.96249e-05
2.75261e-13	6.9655e-05
2.76614e-13	6.96851e-05
2.77967e-13	6.97153e-05
2.79319e-13	6.97453e-05
2.80672e-13	6.97754e-05
2.82025e-13	6.98055e-05
2.83377e-13	6.98355e-05
2.8473e-13	6.98655e-05
2.86083e-13	6.98955e-05
2.87435e-13	6.99254e-05
2.88788e-13	6.99554e-05
2.9014e-13	6.99853e-05
2.91493e-13	7.00152e-05
2.92846e-13	7.0045e-05
2.94198e-13	7.00749e-05
2.95551e-13	7.01047e-05
2.96904e-13	7.01346e-05
2.98256e-13	7.01643e-05
2.99609e-13	7.01941e-05
3.00962e-13	7.02239e-05
3.02314e-13	7.02536e-05
3.03667e-13	7.02833e-05
3.05019e-13	7.0313e-05
3.06372e-13	7.03426e-05
3.07725e-13	7.03723e-05
3.09077e-13	7.04019e-05
3.1043e-13	7.04315e-05
3.11783e-13	7.04611e-05
3.13135e-13	7.04906e-05
3.14488e-13	7.05202e-05
3.15841e-13	7.05497e-05
3.17193e-13	7.05791e-05
3.18546e-13	7.06086e-05
3.19898e-13	7.06381e-05
3.21251e-13	7.06675e-05
3.22604e-13	7.06969e-05
3.23956e-13	7.07262e-05
3.25309e-13	7.07556e-05
3.26662e-13	7.07849e-05
3.28014e-13	7.08142e-05
3.29367e-13	7.08435e-05
3.3072e-13	7.08728e-05
3.32072e-13	7.0902e-05
3.33425e-13	7.09312e-05
3.34777e-13	7.09604e-05
3.3613e-13	7.09895e-05
3.37483e-13	7.10187e-05
3.38835e-13	7.10478e-05
3.40188e-13	7.10769e-05
3.41541e-13	7.1106e-05
3.42893e-13	7.1135e-05
3.44246e-13	7.1164e-05
3.45599e-13	7.1193e-05
3.46951e-13	7.1222e-05
3.48304e-13	7.12509e-05
3.49656e-13	7.12799e-05
3.51009e-13	7.13088e-05
3.52362e-13	7.13377e-05
3.53714e-13	7.13665e-05
3.55067e-13	7.13953e-05
3.5642e-13	7.14241e-05
3.57772e-13	7.14529e-05
3.59125e-13	7.14817e-05
3.60478e-13	7.15104e-05
3.6183e-13	7.15391e-05
3.63183e-13	7.15678e-05
3.64535e-13	7.15964e-05
3.65888e-13	7.16251e-05
3.67241e-13	7.16537e-05
3.68593e-13	7.16822e-05
3.69946e-13	7.17108e-05
3.71299e-13	7.17393e-05
3.72651e-13	7.17678e-05
3.74004e-13	7.17963e-05
3.75357e-13	7.18247e-05
3.76709e-13	7.18532e-05
3.78062e-13	7.18816e-05
3.79414e-13	7.19099e-05
3.80767e-13	7.19383e-05
3.8212e-13	7.19666e-05
3.83472e-13	7.19949e-05
3.84825e-13	7.20232e-05
3.86178e-13	7.20514e-05
3.8753e-13	7.20796e-05
3.88883e-13	7.21078e-05
3.90236e-13	7.2136e-05
3.91588e-13	7.21641e-05
3.92941e-13	7.21922e-05
3.94293e-13	7.22203e-05
3.95646e-13	7.22484e-05
3.96999e-13	7.22764e-05
3.98351e-13	7.23044e-05
3.99704e-13	7.23324e-05
4.01057e-13	7.23603e-05
4.02409e-13	7.23882e-05
4.03762e-13	7.24161e-05
4.05115e-13	7.2444e-05
4.06467e-13	7.24718e-05
4.0782e-13	7.24996e-05
4.09172e-13	7.25274e-05
4.10525e-13	7.25552e-05
4.11878e-13	7.25829e-05
4.1323e-13	7.26106e-05
4.14583e-13	7.26382e-05
4.15936e-13	7.26659e-05
4.17288e-13	7.26935e-05
4.18641e-13	7.27211e-05
4.19994e-13	7.27486e-05
4.21346e-13	7.27762e-05
4.22699e-13	7.28037e-05
4.24051e-13	7.28311e-05
4.25404e-13	7.28586e-05
4.26757e-13	7.2886e-05
4.28109e-13	7.29134e-05
4.29462e-13	7.29407e-05
4.30815e-13	7.29681e-05
4.32167e-13	7.29953e-05
4.3352e-13	7.30226e-05
4.34873e-13	7.30499e-05
4.36225e-13	7.30771e-05
4.37578e-13	7.31042e-05
4.3893e-13	7.31314e-05
4.40283e-13	7.31585e-05
4.41636e-13	7.31856e-05
4.42988e-13	7.32127e-05
4.44341e-13	7.32397e-05
4.45694e-13	7.32667e-05
4.47046e-13	7.32937e-05
4.48399e-13	7.33206e-05
4.49752e-13	7.33475e-05
4.51104e-13	7.33744e-05
4.52457e-13	7.34012e-05
4.53809e-13	7.34281e-05
4.55162e-13	7.34549e-05
4.56515e-13	7.34816e-05
4.57867e-13	7.35083e-05
4.5922e-13	7.3535e-05
4.60573e-13	7.35617e-05
4.61925e-13	7.35883e-05
4.63278e-13	7.36149e-05
4.64631e-13	7.36415e-05
4.65983e-13	7.3668e-05
4.67336e-13	7.36946e-05
4.68688e-13	7.3721e-05
4.70041e-13	7.37475e-05
4.71394e-13	7.37739e-05
4.72746e-13	7.38003e-05
4.74099e-13	7.38266e-05
4.75452e-13	7.38529e-05
4.76804e-13	7.38792e-05
4.78157e-13	7.39055e-05
4.7951e-13	7.39317e-05
4.80862e-13	7.39579e-05
4.82215e-13	7.39841e-05
4.83567e-13	7.40102e-05
4.8492e-13	7.40363e-05
4.86273e-13	7.40623e-05
4.87625e-13	7.40884e-05
4.88978e-13	7.41144e-05
4.90331e-13	7.41403e-05
4.91683e-13	7.41662e-05
4.93036e-13	7.41921e-05
4.94389e-13	7.4218e-05
4.95741e-13	7.42438e-05
4.97094e-13	7.42696e-05
4.98446e-13	7.42954e-05
4.99799e-13	7.43211e-05
5.01152e-13	7.43468e-05
5.02504e-13	7.43725e-05
5.03857e-13	7.43981e-05
5.0521e-13	7.44237e-05
5.06562e-13	7.44492e-05
5.07915e-13	7.44748e-05
5.09268e-13	7.45003e-05
5.1062e-13	7.45257e-05
5.11973e-13	7.45511e-05
5.13325e-13	7.45765e-05
5.14678e-13	7.46019e-05
5.16031e-13	7.46272e-05
5.17383e-13	7.46525e-05
5.18736e-13	7.46777e-05
5.20089e-13	7.4703e-05
5.21441e-13	7.47281e-05
5.22794e-13	7.47533e-05
5.24147e-13	7.47784e-05
5.25499e-13	7.48035e-05
5.26852e-13	7.48285e-05
5.28204e-13	7.48535e-05
5.29557e-13	7.48785e-05
5.3091e-13	7.49034e-05
5.32262e-13	7.49283e-05
5.33615e-13	7.49532e-05
5.34968e-13	7.4978e-05
5.3632e-13	7.50028e-05
5.37673e-13	7.50275e-05
5.39026e-13	7.50523e-05
5.40378e-13	7.50769e-05
5.41731e-13	7.51016e-05
5.43083e-13	7.51262e-05
5.44436e-13	7.51507e-05
5.45789e-13	7.51753e-05
5.47141e-13	7.51998e-05
5.48494e-13	7.52242e-05
5.49847e-13	7.52487e-05
5.51199e-13	7.5273e-05
5.52552e-13	7.52974e-05
5.53905e-13	7.53217e-05
5.55257e-13	7.5346e-05
5.5661e-13	7.53702e-05
5.57962e-13	7.53944e-05
5.59315e-13	7.54186e-05
5.60668e-13	7.54427e-05
5.6202e-13	7.54668e-05
5.63373e-13	7.54908e-05
5.64726e-13	7.55149e-05
5.66078e-13	7.55388e-05
5.67431e-13	7.55628e-05
5.68784e-13	7.55866e-05
5.70136e-13	7.56105e-05
5.71489e-13	7.56343e-05
5.72841e-13	7.56581e-05
5.74194e-13	7.56818e-05
5.75547e-13	7.57055e-05
5.76899e-13	7.57292e-05
5.78252e-13	7.57528e-05
5.79605e-13	7.57764e-05
5.80957e-13	7.58e-05
5.8231e-13	7.58235e-05
5.83663e-13	7.58469e-05
5.85015e-13	7.58704e-05
5.86368e-13	7.58938e-05
5.8772e-13	7.59171e-05
5.89073e-13	7.59404e-05
5.90426e-13	7.59637e-05
5.91778e-13	7.59869e-05
5.93131e-13	7.60101e-05
5.94484e-13	7.60332e-05
5.95836e-13	7.60563e-05
5.97189e-13	7.60794e-05
5.98542e-13	7.61024e-05
5.99894e-13	7.61254e-05
6.01247e-13	7.61484e-05
6.02599e-13	7.61713e-05
6.03952e-13	7.61941e-05
6.05305e-13	7.6217e-05
6.06657e-13	7.62397e-05
6.0801e-13	7.62625e-05
6.09363e-13	7.62852e-05
6.10715e-13	7.63078e-05
6.12068e-13	7.63305e-05
6.13421e-13	7.6353e-05
6.14773e-13	7.63756e-05
6.16126e-13	7.63981e-05
6.17478e-13	7.64205e-05
6.18831e-13	7.64429e-05
6.20184e-13	7.64653e-05
6.21536e-13	7.64876e-05
6.22889e-13	7.65099e-05
6.24242e-13	7.65321e-05
6.25594e-13	7.65543e-05
6.26947e-13	7.65765e-05
6.283e-13	7.65986e-05
6.29652e-13	7.66206e-05
6.31005e-13	7.66427e-05
6.32357e-13	7.66646e-05
6.3371e-13	7.66866e-05
6.35063e-13	7.67085e-05
6.36415e-13	7.67303e-05
6.37768e-13	7.67521e-05
6.39121e-13	7.67739e-05
6.40473e-13	7.67956e-05
6.41826e-13	7.68173e-05
6.43179e-13	7.68389e-05
6.44531e-13	7.68605e-05
6.45884e-13	7.68821e-05
6.47236e-13	7.69036e-05
6.48589e-13	7.6925e-05
6.49942e-13	7.69464e-05
6.51294e-13	7.69678e-05
6.52647e-13	7.69891e-05
6.54e-13	7.70104e-05
6.55352e-13	7.70316e-05
6.56705e-13	7.70528e-05
6.58058e-13	7.7074e-05
6.5941e-13	7.70951e-05
6.60763e-13	7.71161e-05
6.62115e-13	7.71371e-05
6.63468e-13	7.71581e-05
6.64821e-13	7.7179e-05
6.66173e-13	7.71999e-05
6.67526e-13	7.72207e-05
6.68879e-13	7.72415e-05
6.70231e-13	7.72622e-05
6.71584e-13	7.72829e-05
6.72937e-13	7.73035e-05
6.74289e-13	7.73241e-05
6.75642e-13	7.73447e-05
6.76994e-13	7.73652e-05
6.78347e-13	7.73856e-05
6.797e-13	7.7406e-05
6.81052e-13	7.74264e-05
6.82405e-13	7.74467e-05
6.83758e-13	7.7467e-05
6.8511e-13	7.74872e-05
6.86463e-13	7.75073e-05
6.87815e-13	7.75275e-05
6.89168e-13	7.75475e-05
6.90521e-13	7.75676e-05
6.91873e-13	7.75876e-05
6.93226e-13	7.76075e-05
6.94579e-13	7.76274e-05
6.95931e-13	7.76472e-05
6.97284e-13	7.7667e-05
6.98637e-13	7.76867e-05
6.99989e-13	7.77064e-05
7.01342e-13	7.77261e-05
7.02694e-13	7.77457e-05
7.04047e-13	7.77652e-05
7.054e-13	7.77847e-05
7.06752e-13	7.78042e-05
7.08105e-13	7.78235e-05
7.09458e-13	7.78429e-05
7.1081e-13	7.78622e-05
7.12163e-13	7.78814e-05
7.13516e-13	7.79006e-05
7.14868e-13	7.79198e-05
7.16221e-13	7.79389e-05
7.17573e-13	7.79579e-05
7.18926e-13	7.79769e-05
7.20279e-13	7.79959e-05
7.21631e-13	7.80148e-05
7.22984e-13	7.80336e-05
7.24337e-13	7.80524e-05
7.25689e-13	7.80712e-05
7.27042e-13	7.80899e-05
7.28395e-13	7.81085e-05
7.29747e-13	7.81271e-05
7.311e-13	7.81457e-05
7.32452e-13	7.81642e-05
7.33805e-13	7.81826e-05
7.35158e-13	7.8201e-05
7.3651e-13	7.82194e-05
7.37863e-13	7.82376e-05
7.39216e-13	7.82559e-05
7.40568e-13	7.82741e-05
7.41921e-13	7.82922e-05
7.43274e-13	7.83103e-05
7.44626e-13	7.83283e-05
7.45979e-13	7.83463e-05
7.47331e-13	7.83642e-05
7.48684e-13	7.83821e-05
7.50037e-13	7.83999e-05
7.51389e-13	7.84177e-05
7.52742e-13	7.84354e-05
7.54095e-13	7.8453e-05
7.55447e-13	7.84706e-05
7.568e-13	7.84882e-05
7.58153e-13	7.85057e-05
7.59505e-13	7.85231e-05
7.60858e-13	7.85405e-05
7.6221e-13	7.85579e-05
7.63563e-13	7.85751e-05
7.64916e-13	7.85924e-05
7.66268e-13	7.86095e-05
7.67621e-13	7.86267e-05
7.68974e-13	7.86437e-05
7.70326e-13	7.86607e-05
7.71679e-13	7.86777e-05
7.73032e-13	7.86946e-05
7.74384e-13	7.87115e-05
7.75737e-13	7.87283e-05
7.77089e-13	7.8745e-05
7.78442e-13	7.87617e-05
7.79795e-13	7.87783e-05
7.81147e-13	7.87949e-05
7.825e-13	7.88114e-05
7.83853e-13	7.88279e-05
7.85205e-13	7.88443e-05
7.86558e-13	7.88606e-05
7.87911e-13	7.88769e-05
7.89263e-13	7.88931e-05
7.90616e-13	7.89093e-05
7.91968e-13	7.89254e-05
7.93321e-13	7.89415e-05
7.94674e-13	7.89575e-05
7.96026e-13	7.89735e-05
7.97379e-13	7.89894e-05
7.98732e-13	7.90052e-05
8.00084e-13	7.9021e-05
8.01437e-13	7.90367e-05
8.0279e-13	7.90524e-05
8.04142e-13	7.9068e-05
8.05495e-13	7.90836e-05
8.06847e-13	7.90991e-05
8.082e-13	7.91145e-05
8.09553e-13	7.91299e-05
8.10905e-13	7.91452e-05
8.12258e-13	7.91605e-05
8.13611e-13	7.91757e-05
8.14963e-13	7.91908e-05
8.16316e-13	7.92059e-05
8.17669e-13	7.92209e-05
8.19021e-13	7.92359e-05
8.20374e-13	7.92508e-05
8.21726e-13	7.92657e-05
8.23079e-13	7.92805e-05
8.24432e-13	7.92952e-05
8.25784e-13	7.93099e-05
8.27137e-13	7.93245e-05
8.2849e-13	7.9339e-05
8.29842e-13	7.93536e-05
8.31195e-13	7.9368e-05
8.32548e-13	7.93824e-05
8.339e-13	7.93967e-05
8.35253e-13	7.94109e-05
8.36605e-13	7.94251e-05
8.37958e-13	7.94393e-05
8.39311e-13	7.94533e-05
8.40663e-13	7.94673e-05
8.42016e-13	7.94813e-05
8.43369e-13	7.94952e-05
8.44721e-13	7.9509e-05
8.46074e-13	7.95228e-05
8.47427e-13	7.95365e-05
8.48779e-13	7.95501e-05
8.50132e-13	7.95637e-05
8.51484e-13	7.95772e-05
8.52837e-13	7.95907e-05
8.5419e-13	7.96041e-05
8.55542e-13	7.96174e-05
8.56895e-13	7.96307e-05
8.58248e-13	7.96439e-05
8.596e-13	7.9657e-05
8.60953e-13	7.96701e-05
8.62306e-13	7.96831e-05
8.63658e-13	7.96961e-05
8.65011e-13	7.9709e-05
8.66363e-13	7.97218e-05
8.67716e-13	7.97346e-05
8.69069e-13	7.97473e-05
8.70421e-13	7.97599e-05
8.71774e-13	7.97725e-05
8.73127e-13	7.9785e-05
8.74479e-13	7.97974e-05
8.75832e-13	7.98098e-05
8.77185e-13	7.98222e-05
8.78537e-13	7.98344e-05
8.7989e-13	7.98466e-05
8.81242e-13	7.98587e-05
8.82595e-13	7.98708e-05
8.83948e-13	7.98828e-05
8.853e-13	7.98947e-05
8.86653e-13	7.99066e-05
8.88006e-13	7.99184e-05
8.89358e-13	7.99301e-05
8.90711e-13	7.99418e-05
8.92064e-13	7.99534e-05
8.93416e-13	7.99649e-05
8.94769e-13	7.99764e-05
8.96121e-13	7.99878e-05
8.97474e-13	7.99991e-05
8.98827e-13	8.00104e-05
9.00179e-13	8.00216e-05
9.01532e-13	8.00327e-05
9.02885e-13	8.00438e-05
9.04237e-13	8.00548e-05
9.0559e-13	8.00657e-05
9.06943e-13	8.00766e-05
9.08295e-13	8.00874e-05
9.09648e-13	8.00981e-05
9.11e-13	8.01088e-05
9.12353e-13	8.01194e-05
9.13706e-13	8.01299e-05
9.15058e-13	8.01403e-05
9.16411e-13	8.01507e-05
9.17764e-13	8.01611e-05
9.19116e-13	8.01713e-05
9.20469e-13	8.01815e-05
9.21822e-13	8.01916e-05
9.23174e-13	8.02017e-05
9.24527e-13	8.02116e-05
9.25879e-13	8.02215e-05
9.27232e-13	8.02314e-05
9.28585e-13	8.02411e-05
9.29937e-13	8.02508e-05
9.3129e-13	8.02605e-05
9.32643e-13	8.027e-05
9.33995e-13	8.02795e-05
9.35348e-13	8.02889e-05
9.36701e-13	8.02983e-05
9.38053e-13	8.03076e-05
9.39406e-13	8.03168e-05
9.40758e-13	8.03259e-05
9.42111e-13	8.0335e-05
9.43464e-13	8.0344e-05
9.44816e-13	8.03529e-05
9.46169e-13	8.03617e-05
9.47522e-13	8.03705e-05
9.48874e-13	8.03792e-05
9.50227e-13	8.03879e-05
9.5158e-13	8.03964e-05
9.52932e-13	8.04049e-05
9.54285e-13	8.04133e-05
9.55637e-13	8.04217e-05
9.5699e-13	8.043e-05
9.58343e-13	8.04382e-05
9.59695e-13	8.04463e-05
9.61048e-13	8.04543e-05
9.62401e-13	8.04623e-05
9.63753e-13	8.04702e-05
9.65106e-13	8.04781e-05
9.66459e-13	8.04858e-05
9.67811e-13	8.04935e-05
9.69164e-13	8.05011e-05
9.70516e-13	8.05087e-05
9.71869e-13	8.05162e-05
9.73222e-13	8.05235e-05
9.74574e-13	8.05309e-05
9.75927e-13	8.05381e-05
9.7728e-13	8.05453e-05
9.78632e-13	8.05524e-05
9.79985e-13	8.05594e-05
9.81338e-13	8.05663e-05
9.8269e-13	8.05732e-05
9.84043e-13	8.058e-05
9.85395e-13	8.05867e-05
9.86748e-13	8.05934e-05
9.88101e-13	8.05999e-05
9.89453e-13	8.06064e-05
9.90806e-13	8.06128e-05
9.92159e-13	8.06192e-05
9.93511e-13	8.06254e-05
9.94864e-13	8.06316e-05
9.96217e-13	8.06377e-05
9.97569e-13	8.06437e-05
9.98922e-13	8.06497e-05
1.00027e-12	8.06556e-05
1.00163e-12	8.06614e-05
1.00298e-12	8.06671e-05
1.00433e-12	8.06727e-05
1.00569e-12	8.06783e-05
1.00704e-12	8.06838e-05
1.00839e-12	8.06892e-05
1.00974e-12	8.06945e-05
1.0111e-12	8.06998e-05
1.01245e-12	8.07049e-05
1.0138e-12	8.071e-05
1.01515e-12	8.07151e-05
1.01651e-12	8.072e-05
1.01786e-12	8.07249e-05
1.01921e-12	8.07296e-05
1.02056e-12	8.07343e-05
1.02192e-12	8.07389e-05
1.02327e-12	8.07435e-05
1.02462e-12	8.07479e-05
1.02597e-12	8.07523e-05
1.02733e-12	8.07566e-05
1.02868e-12	8.07608e-05
1.03003e-12	8.0765e-05
1.03139e-12	8.0769e-05
1.03274e-12	8.0773e-05
1.03409e-12	8.07769e-05
1.03544e-12	8.07807e-05
1.0368e-12	8.07845e-05
1.03815e-12	8.07881e-05
1.0395e-12	8.07917e-05
1.04085e-12	8.07952e-05
1.04221e-12	8.07986e-05
1.04356e-12	8.08019e-05
1.04491e-12	8.08051e-05
1.04626e-12	8.08083e-05
1.04762e-12	8.08114e-05
1.04897e-12	8.08144e-05
1.05032e-12	8.08173e-05
1.05167e-12	8.08201e-05
1.05303e-12	8.08229e-05
1.05438e-12	8.08255e-05
1.05573e-12	8.08281e-05
1.05709e-12	8.08306e-05
1.05844e-12	8.0833e-05
1.05979e-12	8.08353e-05
1.06114e-12	8.08376e-05
1.0625e-12	8.08397e-05
1.06385e-12	8.08418e-05
1.0652e-12	8.08438e-05
1.06655e-12	8.08457e-05
1.06791e-12	8.08475e-05
1.06926e-12	8.08492e-05
1.07061e-12	8.08509e-05
1.07196e-12	8.08524e-05
1.07332e-12	8.08539e-05
1.07467e-12	8.08553e-05
1.07602e-12	8.08566e-05
1.07737e-12	8.08578e-05
1.07873e-12	8.0859e-05
1.08008e-12	8.086e-05
1.08143e-12	8.0861e-05
1.08279e-12	8.08619e-05
1.08414e-12	8.08627e-05
1.08549e-12	8.08633e-05
1.08684e-12	8.0864e-05
1.0882e-12	8.08645e-05
1.08955e-12	8.08649e-05
1.0909e-12	8.08653e-05
1.09225e-12	8.08655e-05
1.09361e-12	8.08657e-05
1.09496e-12	8.08658e-05
1.09631e-12	8.08658e-05
1.09766e-12	8.08657e-05
1.09902e-12	8.08655e-05
1.10037e-12	8.08653e-05
1.10172e-12	8.08649e-05
1.10307e-12	8.08645e-05
1.10443e-12	8.08639e-05
1.10578e-12	8.08633e-05
1.10713e-12	8.08626e-05
1.10849e-12	8.08618e-05
1.10984e-12	8.08609e-05
1.11119e-12	8.08599e-05
1.11254e-12	8.08588e-05
1.1139e-12	8.08577e-05
1.11525e-12	8.08564e-05
1.1166e-12	8.08551e-05
1.11795e-12	8.08536e-05
1.11931e-12	8.08521e-05
1.12066e-12	8.08505e-05
1.12201e-12	8.08488e-05
1.12336e-12	8.0847e-05
1.12472e-12	8.08451e-05
1.12607e-12	8.08431e-05
1.12742e-12	8.0841e-05
1.12877e-12	8.08388e-05
1.13013e-12	8.08366e-05
1.13148e-12	8.08342e-05
1.13283e-12	8.08318e-05
1.13419e-12	8.08292e-05
1.13554e-12	8.08266e-05
1.13689e-12	8.08239e-05
1.13824e-12	8.0821e-05
1.1396e-12	8.08181e-05
1.14095e-12	8.08151e-05
1.1423e-12	8.0812e-05
1.14365e-12	8.08088e-05
1.14501e-12	8.08055e-05
1.14636e-12	8.08021e-05
1.14771e-12	8.07987e-05
1.14906e-12	8.07951e-05
1.15042e-12	8.07914e-05
1.15177e-12	8.07876e-05
1.15312e-12	8.07838e-05
1.15447e-12	8.07798e-05
1.15583e-12	8.07758e-05
1.15718e-12	8.07716e-05
1.15853e-12	8.07674e-05
1.15989e-12	8.0763e-05
1.16124e-12	8.07586e-05
1.16259e-12	8.07541e-05
1.16394e-12	8.07495e-05
1.1653e-12	8.07447e-05
1.16665e-12	8.07399e-05
1.168e-12	8.0735e-05
1.16935e-12	8.073e-05
1.17071e-12	8.07248e-05
1.17206e-12	8.07196e-05
1.17341e-12	8.07143e-05
1.17476e-12	8.07089e-05
1.17612e-12	8.07034e-05
1.17747e-12	8.06978e-05
1.17882e-12	8.06921e-05
1.18018e-12	8.06863e-05
1.18153e-12	8.06804e-05
1.18288e-12	8.06744e-05
1.18423e-12	8.06683e-05
1.18559e-12	8.06621e-05
1.18694e-12	8.06558e-05
1.18829e-12	8.06494e-05
1.18964e-12	8.06429e-05
1.191e-12	8.06363e-05
1.19235e-12	8.06296e-05
1.1937e-12	8.06228e-05
1.19505e-12	8.06159e-05
1.19641e-12	8.06089e-05
1.19776e-12	8.06018e-05
1.19911e-12	8.05946e-05
1.20046e-12	8.05873e-05
1.20182e-12	8.05798e-05
1.20317e-12	8.05723e-05
1.20452e-12	8.05647e-05
1.20588e-12	8.0557e-05
1.20723e-12	8.05492e-05
1.20858e-12	8.05413e-05
1.20993e-12	8.05333e-05
1.21129e-12	8.05251e-05
1.21264e-12	8.05169e-05
1.21399e-12	8.05086e-05
1.21534e-12	8.05001e-05
1.2167e-12	8.04916e-05
1.21805e-12	8.04829e-05
1.2194e-12	8.04742e-05
1.22075e-12	8.04654e-05
1.22211e-12	8.04564e-05
1.22346e-12	8.04473e-05
1.22481e-12	8.04382e-05
1.22616e-12	8.04289e-05
1.22752e-12	8.04195e-05
1.22887e-12	8.041e-05
1.23022e-12	8.04005e-05
1.23158e-12	8.03908e-05
1.23293e-12	8.0381e-05
1.23428e-12	8.03711e-05
1.23563e-12	8.03611e-05
1.23699e-12	8.0351e-05
1.23834e-12	8.03407e-05
1.23969e-12	8.03304e-05
1.24104e-12	8.032e-05
1.2424e-12	8.03094e-05
1.24375e-12	8.02988e-05
1.2451e-12	8.0288e-05
1.24645e-12	8.02772e-05
1.24781e-12	8.02662e-05
1.24916e-12	8.02551e-05
1.25051e-12	8.02439e-05
1.25186e-12	8.02326e-05
1.25322e-12	8.02212e-05
1.25457e-12	8.02097e-05
1.25592e-12	8.01981e-05
1.25728e-12	8.01863e-05
1.25863e-12	8.01745e-05
1.25998e-12	8.01625e-05
1.26133e-12	8.01505e-05
1.26269e-12	8.01383e-05
1.26404e-12	8.0126e-05
1.26539e-12	8.01136e-05
1.26674e-12	8.01011e-05
1.2681e-12	8.00885e-05
1.26945e-12	8.00758e-05
1.2708e-12	8.0063e-05
1.27215e-12	8.005e-05
1.27351e-12	8.0037e-05
1.27486e-12	8.00238e-05
1.27621e-12	8.00105e-05
1.27756e-12	7.99971e-05
1.27892e-12	7.99836e-05
1.28027e-12	7.997e-05
1.28162e-12	7.99563e-05
1.28298e-12	7.99424e-05
1.28433e-12	7.99285e-05
1.28568e-12	7.99144e-05
1.28703e-12	7.99002e-05
1.28839e-12	7.98859e-05
1.28974e-12	7.98715e-05
1.29109e-12	7.9857e-05
1.29244e-12	7.98423e-05
1.2938e-12	7.98276e-05
1.29515e-12	7.98127e-05
1.2965e-12	7.97977e-05
1.29785e-12	7.97827e-05
1.29921e-12	7.97674e-05
1.30056e-12	7.97521e-05
1.30191e-12	7.97367e-05
1.30326e-12	7.97211e-05
1.30462e-12	7.97054e-05
1.30597e-12	7.96896e-05
1.30732e-12	7.96737e-05
1.30868e-12	7.96577e-05
1.31003e-12	7.96416e-05
1.31138e-12	7.96253e-05
1.31273e-12	7.9609e-05
1.31409e-12	7.95925e-05
1.31544e-12	7.95759e-05
1.31679e-12	7.95591e-05
1.31814e-12	7.95423e-05
1.3195e-12	7.95253e-05
1.32085e-12	7.95082e-05
1.3222e-12	7.9491e-05
1.32355e-12	7.94737e-05
1.32491e-12	7.94563e-05
1.32626e-12	7.94387e-05
1.32761e-12	7.94211e-05
1.32897e-12	7.94033e-05
1.33032e-12	7.93854e-05
1.33167e-12	7.93673e-05
1.33302e-12	7.93492e-05
1.33438e-12	7.93309e-05
1.33573e-12	7.93125e-05
1.33708e-12	7.9294e-05
1.33843e-12	7.92753e-05
1.33979e-12	7.92566e-05
1.34114e-12	7.92377e-05
1.34249e-12	7.92187e-05
1.34384e-12	7.91996e-05
1.3452e-12	7.91804e-05
1.34655e-12	7.9161e-05
1.3479e-12	7.91415e-05
1.34925e-12	7.91219e-05
1.35061e-12	7.91022e-05
1.35196e-12	7.90823e-05
1.35331e-12	7.90623e-05
1.35467e-12	7.90422e-05
1.35602e-12	7.9022e-05
1.35737e-12	7.90017e-05
1.35872e-12	7.89812e-05
1.36008e-12	7.89606e-05
1.36143e-12	7.89399e-05
1.36278e-12	7.8919e-05
1.36413e-12	7.8898e-05
1.36549e-12	7.8877e-05
1.36684e-12	7.88557e-05
1.36819e-12	7.88344e-05
1.36954e-12	7.88129e-05
1.3709e-12	7.87913e-05
1.37225e-12	7.87696e-05
1.3736e-12	7.87477e-05
1.37495e-12	7.87258e-05
1.37631e-12	7.87037e-05
1.37766e-12	7.86814e-05
1.37901e-12	7.86591e-05
1.38037e-12	7.86366e-05
1.38172e-12	7.8614e-05
1.38307e-12	7.85912e-05
1.38442e-12	7.85684e-05
1.38578e-12	7.85454e-05
1.38713e-12	7.85223e-05
1.38848e-12	7.8499e-05
1.38983e-12	7.84756e-05
1.39119e-12	7.84521e-05
1.39254e-12	7.84285e-05
1.39389e-12	7.84047e-05
1.39524e-12	7.83808e-05
1.3966e-12	7.83568e-05
1.39795e-12	7.83326e-05
1.3993e-12	7.83084e-05
1.40065e-12	7.82839e-05
1.40201e-12	7.82594e-05
1.40336e-12	7.82347e-05
1.40471e-12	7.82099e-05
1.40607e-12	7.8185e-05
1.40742e-12	7.81599e-05
1.40877e-12	7.81347e-05
1.41012e-12	7.81094e-05
1.41148e-12	7.80839e-05
1.41283e-12	7.80583e-05
1.41418e-12	7.80325e-05
1.41553e-12	7.80067e-05
1.41689e-12	7.79807e-05
1.41824e-12	7.79546e-05
1.41959e-12	7.79283e-05
1.42094e-12	7.79019e-05
1.4223e-12	7.78754e-05
1.42365e-12	7.78487e-05
1.425e-12	7.78219e-05
1.42635e-12	7.7795e-05
1.42771e-12	7.77679e-05
1.42906e-12	7.77407e-05
1.43041e-12	7.77133e-05
1.43177e-12	7.76859e-05
1.43312e-12	7.76583e-05
1.43447e-12	7.76305e-05
1.43582e-12	7.76026e-05
1.43718e-12	7.75746e-05
1.43853e-12	7.75465e-05
1.43988e-12	7.75182e-05
1.44123e-12	7.74897e-05
1.44259e-12	7.74612e-05
1.44394e-12	7.74325e-05
1.44529e-12	7.74036e-05
1.44664e-12	7.73746e-05
1.448e-12	7.73455e-05
1.44935e-12	7.73163e-05
1.4507e-12	7.72869e-05
1.45205e-12	7.72573e-05
1.45341e-12	7.72277e-05
1.45476e-12	7.71979e-05
1.45611e-12	7.71679e-05
1.45747e-12	7.71378e-05
1.45882e-12	7.71076e-05
1.46017e-12	7.70772e-05
1.46152e-12	7.70467e-05
1.46288e-12	7.70161e-05
1.46423e-12	7.69853e-05
1.46558e-12	7.69543e-05
1.46693e-12	7.69233e-05
1.46829e-12	7.68921e-05
1.46964e-12	7.68607e-05
1.47099e-12	7.68292e-05
1.47234e-12	7.67976e-05
1.4737e-12	7.67658e-05
1.47505e-12	7.67339e-05
1.4764e-12	7.67018e-05
1.47776e-12	7.66696e-05
1.47911e-12	7.66372e-05
1.48046e-12	7.66047e-05
1.48181e-12	7.65721e-05
1.48317e-12	7.65393e-05
1.48452e-12	7.65064e-05
1.48587e-12	7.64733e-05
1.48722e-12	7.64401e-05
1.48858e-12	7.64067e-05
1.48993e-12	7.63732e-05
1.49128e-12	7.63396e-05
1.49263e-12	7.63058e-05
1.49399e-12	7.62718e-05
1.49534e-12	7.62378e-05
1.49669e-12	7.62035e-05
1.49804e-12	7.61691e-05
1.4994e-12	7.61346e-05
1.50075e-12	7.60999e-05
1.5021e-12	7.60651e-05
1.50346e-12	7.60302e-05
1.50481e-12	7.5995e-05
1.50616e-12	7.59598e-05
1.50751e-12	7.59244e-05
1.50887e-12	7.58888e-05
1.51022e-12	7.58531e-05
1.51157e-12	7.58172e-05
1.51292e-12	7.57812e-05
1.51428e-12	7.57451e-05
1.51563e-12	7.57088e-05
1.51698e-12	7.56723e-05
1.51833e-12	7.56357e-05
1.51969e-12	7.5599e-05
1.52104e-12	7.5562e-05
1.52239e-12	7.5525e-05
1.52374e-12	7.54878e-05
1.5251e-12	7.54504e-05
1.52645e-12	7.54129e-05
1.5278e-12	7.53753e-05
1.52916e-12	7.53375e-05
1.53051e-12	7.52995e-05
1.53186e-12	7.52614e-05
1.53321e-12	7.52231e-05
1.53457e-12	7.51847e-05
1.53592e-12	7.51461e-05
1.53727e-12	7.51074e-05
1.53862e-12	7.50685e-05
1.53998e-12	7.50295e-05
1.54133e-12	7.49903e-05
1.54268e-12	7.49509e-05
1.54403e-12	7.49114e-05
1.54539e-12	7.48718e-05
1.54674e-12	7.4832e-05
1.54809e-12	7.4792e-05
1.54944e-12	7.47519e-05
1.5508e-12	7.47116e-05
1.55215e-12	7.46712e-05
1.5535e-12	7.46306e-05
1.55486e-12	7.45899e-05
1.55621e-12	7.4549e-05
1.55756e-12	7.45079e-05
1.55891e-12	7.44667e-05
1.56027e-12	7.44254e-05
1.56162e-12	7.43838e-05
1.56297e-12	7.43421e-05
1.56432e-12	7.43003e-05
1.56568e-12	7.42583e-05
1.56703e-12	7.42162e-05
1.56838e-12	7.41738e-05
1.56973e-12	7.41314e-05
1.57109e-12	7.40887e-05
1.57244e-12	7.40459e-05
1.57379e-12	7.4003e-05
1.57514e-12	7.39599e-05
1.5765e-12	7.39166e-05
1.57785e-12	7.38731e-05
1.5792e-12	7.38295e-05
1.58056e-12	7.37858e-05
1.58191e-12	7.37419e-05
1.58326e-12	7.36978e-05
1.58461e-12	7.36536e-05
1.58597e-12	7.36092e-05
1.58732e-12	7.35646e-05
1.58867e-12	7.35199e-05
1.59002e-12	7.3475e-05
1.59138e-12	7.34299e-05
1.59273e-12	7.33847e-05
1.59408e-12	7.33393e-05
1.59543e-12	7.32938e-05
1.59679e-12	7.32481e-05
1.59814e-12	7.32022e-05
1.59949e-12	7.31562e-05
1.60084e-12	7.311e-05
1.6022e-12	7.30636e-05
1.60355e-12	7.30171e-05
1.6049e-12	7.29704e-05
1.60626e-12	7.29235e-05
1.60761e-12	7.28765e-05
1.60896e-12	7.28293e-05
1.61031e-12	7.27819e-05
1.61167e-12	7.27344e-05
1.61302e-12	7.26867e-05
1.61437e-12	7.26388e-05
1.61572e-12	7.25908e-05
1.61708e-12	7.25426e-05
1.61843e-12	7.24943e-05
1.61978e-12	7.24457e-05
1.62113e-12	7.2397e-05
1.62249e-12	7.23481e-05
1.62384e-12	7.22991e-05
1.62519e-12	7.22499e-05
1.62655e-12	7.22005e-05
1.6279e-12	7.2151e-05
1.62925e-12	7.21012e-05
1.6306e-12	7.20514e-05
1.63196e-12	7.20013e-05
1.63331e-12	7.19511e-05
1.63466e-12	7.19007e-05
1.63601e-12	7.18501e-05
1.63737e-12	7.17994e-05
1.63872e-12	7.17484e-05
1.64007e-12	7.16974e-05
1.64142e-12	7.16461e-05
1.64278e-12	7.15947e-05
1.64413e-12	7.15431e-05
1.64548e-12	7.14913e-05
1.64683e-12	7.14393e-05
1.64819e-12	7.13872e-05
1.64954e-12	7.13349e-05
1.65089e-12	7.12824e-05
1.65225e-12	7.12298e-05
1.6536e-12	7.11769e-05
1.65495e-12	7.11239e-05
1.6563e-12	7.10708e-05
1.65766e-12	7.10174e-05
1.65901e-12	7.09639e-05
1.66036e-12	7.09102e-05
1.66171e-12	7.08563e-05
1.66307e-12	7.08023e-05
1.66442e-12	7.0748e-05
1.66577e-12	7.06936e-05
1.66712e-12	7.0639e-05
1.66848e-12	7.05843e-05
1.66983e-12	7.05293e-05
1.67118e-12	7.04742e-05
1.67253e-12	7.04189e-05
1.67389e-12	7.03635e-05
1.67524e-12	7.03078e-05
1.67659e-12	7.0252e-05
1.67795e-12	7.0196e-05
1.6793e-12	7.01398e-05
1.68065e-12	7.00834e-05
1.682e-12	7.00268e-05
1.68336e-12	6.99701e-05
1.68471e-12	6.99132e-05
1.68606e-12	6.98561e-05
1.68741e-12	6.97988e-05
1.68877e-12	6.97413e-05
1.69012e-12	6.96837e-05
1.69147e-12	6.96259e-05
1.69282e-12	6.95679e-05
1.69418e-12	6.95097e-05
1.69553e-12	6.94513e-05
1.69688e-12	6.93928e-05
1.69823e-12	6.9334e-05
1.69959e-12	6.92751e-05
1.70094e-12	6.9216e-05
1.70229e-12	6.91567e-05
1.70365e-12	6.90972e-05
1.705e-12	6.90376e-05
1.70635e-12	6.89777e-05
1.7077e-12	6.89177e-05
1.70906e-12	6.88575e-05
1.71041e-12	6.87971e-05
1.71176e-12	6.87365e-05
1.71311e-12	6.86757e-05
1.71447e-12	6.86147e-05
1.71582e-12	6.85536e-05
1.71717e-12	6.84923e-05
1.71852e-12	6.84307e-05
1.71988e-12	6.8369e-05
1.72123e-12	6.83071e-05
1.72258e-12	6.8245e-05
1.72393e-12	6.81828e-05
1.72529e-12	6.81203e-05
1.72664e-12	6.80576e-05
1.72799e-12	6.79948e-05
1.72935e-12	6.79317e-05
1.7307e-12	6.78685e-05
1.73205e-12	6.78051e-05
1.7334e-12	6.77415e-05
1.73476e-12	6.76777e-05
1.73611e-12	6.76137e-05
1.73746e-12	6.75495e-05
1.73881e-12	6.74851e-05
1.74017e-12	6.74206e-05
1.74152e-12	6.73558e-05
1.74287e-12	6.72909e-05
1.74422e-12	6.72257e-05
1.74558e-12	6.71604e-05
1.74693e-12	6.70949e-05
1.74828e-12	6.70291e-05
1.74963e-12	6.69632e-05
1.75099e-12	6.68971e-05
1.75234e-12	6.68308e-05
1.75369e-12	6.67643e-05
1.75505e-12	6.66976e-05
1.7564e-12	6.66307e-05
1.75775e-12	6.65636e-05
1.7591e-12	6.64963e-05
1.76046e-12	6.64289e-05
1.76181e-12	6.63612e-05
1.76316e-12	6.62933e-05
1.76451e-12	6.62252e-05
1.76587e-12	6.6157e-05
1.76722e-12	6.60885e-05
1.76857e-12	6.60198e-05
1.76992e-12	6.5951e-05
1.77128e-12	6.58819e-05
1.77263e-12	6.58126e-05
1.77398e-12	6.57432e-05
1.77533e-12	6.56735e-05
1.77669e-12	6.56037e-05
1.77804e-12	6.55336e-05
1.77939e-12	6.54633e-05
1.78075e-12	6.53929e-05
1.7821e-12	6.53222e-05
1.78345e-12	6.52514e-05
1.7848e-12	6.51803e-05
1.78616e-12	6.5109e-05
1.78751e-12	6.50376e-05
1.78886e-12	6.49659e-05
1.79021e-12	6.4894e-05
1.79157e-12	6.48219e-05
1.79292e-12	6.47496e-05
1.79427e-12	6.46772e-05
1.79562e-12	6.46045e-05
1.79698e-12	6.45316e-05
1.79833e-12	6.44585e-05
1.79968e-12	6.43852e-05
1.80104e-12	6.43117e-05
1.80239e-12	6.4238e-05
1.80374e-12	6.4164e-05
1.80509e-12	6.40899e-05
1.80645e-12	6.40156e-05
1.8078e-12	6.39411e-05
1.80915e-12	6.38663e-05
1.8105e-12	6.37914e-05
1.81186e-12	6.37162e-05
1.81321e-12	6.36408e-05
1.81456e-12	6.35653e-05
1.81591e-12	6.34895e-05
1.81727e-12	6.34135e-05
1.81862e-12	6.33373e-05
1.81997e-12	6.32609e-05
1.82132e-12	6.31842e-05
1.82268e-12	6.31074e-05
1.82403e-12	6.30304e-05
1.82538e-12	6.29531e-05
1.82674e-12	6.28757e-05
1.82809e-12	6.2798e-05
1.82944e-12	6.27201e-05
1.83079e-12	6.2642e-05
1.83215e-12	6.25637e-05
1.8335e-12	6.24852e-05
1.83485e-12	6.24065e-05
1.8362e-12	6.23275e-05
1.83756e-12	6.22484e-05
1.83891e-12	6.2169e-05
1.84026e-12	6.20894e-05
1.84161e-12	6.20096e-05
1.84297e-12	6.19296e-05
1.84432e-12	6.18494e-05
1.84567e-12	6.17689e-05
1.84702e-12	6.16883e-05
1.84838e-12	6.16074e-05
1.84973e-12	6.15263e-05
1.85108e-12	6.1445e-05
1.85244e-12	6.13635e-05
1.85379e-12	6.12817e-05
1.85514e-12	6.11998e-05
1.85649e-12	6.11176e-05
1.85785e-12	6.10352e-05
1.8592e-12	6.09526e-05
1.86055e-12	6.08698e-05
1.8619e-12	6.07867e-05
1.86326e-12	6.07034e-05
1.86461e-12	6.062e-05
1.86596e-12	6.05363e-05
1.86731e-12	6.04523e-05
1.86867e-12	6.03682e-05
1.87002e-12	6.02838e-05
1.87137e-12	6.01992e-05
1.87272e-12	6.01144e-05
1.87408e-12	6.00294e-05
1.87543e-12	5.99441e-05
1.87678e-12	5.98587e-05
1.87814e-12	5.9773e-05
1.87949e-12	5.9687e-05
1.88084e-12	5.96009e-05
1.88219e-12	5.95145e-05
1.88355e-12	5.94279e-05
1.8849e-12	5.93411e-05
1.88625e-12	5.92541e-05
1.8876e-12	5.91668e-05
1.88896e-12	5.90793e-05
1.89031e-12	5.89916e-05
1.89166e-12	5.89037e-05
1.89301e-12	5.88155e-05
1.89437e-12	5.87271e-05
1.89572e-12	5.86385e-05
1.89707e-12	5.85497e-05
1.89842e-12	5.84606e-05
1.89978e-12	5.83713e-05
1.90113e-12	5.82818e-05
1.90248e-12	5.8192e-05
1.90384e-12	5.8102e-05
1.90519e-12	5.80118e-05
1.90654e-12	5.79214e-05
1.90789e-12	5.78307e-05
1.90925e-12	5.77398e-05
1.9106e-12	5.76487e-05
1.91195e-12	5.75573e-05
1.9133e-12	5.74657e-05
1.91466e-12	5.73739e-05
1.91601e-12	5.72819e-05
1.91736e-12	5.71896e-05
1.91871e-12	5.70971e-05
1.92007e-12	5.70043e-05
1.92142e-12	5.69113e-05
1.92277e-12	5.68181e-05
1.92412e-12	5.67247e-05
1.92548e-12	5.6631e-05
1.92683e-12	5.65371e-05
1.92818e-12	5.64429e-05
1.92954e-12	5.63485e-05
1.93089e-12	5.62539e-05
1.93224e-12	5.6159e-05
1.93359e-12	5.6064e-05
1.93495e-12	5.59686e-05
1.9363e-12	5.58731e-05
1.93765e-12	5.57773e-05
1.939e-12	5.56812e-05
1.94036e-12	5.55849e-05
1.94171e-12	5.54884e-05
1.94306e-12	5.53917e-05
1.94441e-12	5.52947e-05
1.94577e-12	5.51975e-05
1.94712e-12	5.51e-05
1.94847e-12	5.50023e-05
1.94983e-12	5.49044e-05
1.95118e-12	5.48062e-05
1.95253e-12	5.47078e-05
1.95388e-12	5.46091e-05
1.95524e-12	5.45102e-05
1.95659e-12	5.4411e-05
1.95794e-12	5.43116e-05
1.95929e-12	5.4212e-05
1.96065e-12	5.41121e-05
1.962e-12	5.4012e-05
1.96335e-12	5.39117e-05
1.9647e-12	5.38111e-05
1.96606e-12	5.37102e-05
1.96741e-12	5.36091e-05
1.96876e-12	5.35078e-05
1.97011e-12	5.34062e-05
1.97147e-12	5.33044e-05
1.97282e-12	5.32023e-05
1.97417e-12	5.31e-05
1.97553e-12	5.29975e-05
1.97688e-12	5.28947e-05
1.97823e-12	5.27916e-05
1.97958e-12	5.26883e-05
1.98094e-12	5.25848e-05
1.98229e-12	5.2481e-05
1.98364e-12	5.23769e-05
1.98499e-12	5.22726e-05
1.98635e-12	5.21681e-05
1.9877e-12	5.20633e-05
1.98905e-12	5.19583e-05
1.9904e-12	5.1853e-05
1.99176e-12	5.17475e-05
1.99311e-12	5.16417e-05
1.99446e-12	5.15356e-05
1.99581e-12	5.14293e-05
1.99717e-12	5.13228e-05
1.99852e-12	5.1216e-05
1.99987e-12	5.1109e-05
2.00123e-12	5.10017e-05
2.00258e-12	5.08941e-05
2.00393e-12	5.07863e-05
2.00528e-12	5.06783e-05
2.00664e-12	5.057e-05
2.00799e-12	5.04614e-05
2.00934e-12	5.03526e-05
2.01069e-12	5.02435e-05
2.01205e-12	5.01342e-05
2.0134e-12	5.00246e-05
2.01475e-12	4.99148e-05
2.0161e-12	4.98047e-05
2.01746e-12	4.96943e-05
2.01881e-12	4.95837e-05
2.02016e-12	4.94728e-05
2.02151e-12	4.93617e-05
2.02287e-12	4.92503e-05
2.02422e-12	4.91387e-05
2.02557e-12	4.90268e-05
2.02693e-12	4.89146e-05
2.02828e-12	4.88022e-05
2.02963e-12	4.86895e-05
2.03098e-12	4.85766e-05
2.03234e-12	4.84634e-05
2.03369e-12	4.835e-05
2.03504e-12	4.82362e-05
2.03639e-12	4.81223e-05
2.03775e-12	4.8008e-05
2.0391e-12	4.78935e-05
2.04045e-12	4.77787e-05
2.0418e-12	4.76637e-05
2.04316e-12	4.75484e-05
2.04451e-12	4.74329e-05
2.04586e-12	4.7317e-05
2.04721e-12	4.7201e-05
2.04857e-12	4.70846e-05
2.04992e-12	4.6968e-05
2.05127e-12	4.68511e-05
2.05263e-12	4.6734e-05
2.05398e-12	4.66166e-05
2.05533e-12	4.64989e-05
2.05668e-12	4.63809e-05
2.05804e-12	4.62627e-05
2.05939e-12	4.61443e-05
2.06074e-12	4.60255e-05
2.06209e-12	4.59065e-05
2.06345e-12	4.57872e-05
2.0648e-12	4.56677e-05
2.06615e-12	4.55478e-05
2.0675e-12	4.54277e-05
2.06886e-12	4.53074e-05
2.07021e-12	4.51867e-05
2.07156e-12	4.50658e-05
2.07291e-12	4.49447e-05
2.07427e-12	4.48232e-05
2.07562e-12	4.47015e-05
2.07697e-12	4.45795e-05
2.07833e-12	4.44573e-05
2.07968e-12	4.43347e-05
2.08103e-12	4.42119e-05
2.08238e-12	4.40888e-05
2.08374e-12	4.39655e-05
2.08509e-12	4.38418e-05
2.08644e-12	4.37179e-05
2.08779e-12	4.35938e-05
2.08915e-12	4.34693e-05
2.0905e-12	4.33446e-05
2.09185e-12	4.32196e-05
2.0932e-12	4.30943e-05
2.09456e-12	4.29687e-05
2.09591e-12	4.28429e-05
2.09726e-12	4.27168e-05
2.09862e-12	4.25904e-05
2.09997e-12	4.24637e-05
2.10132e-12	4.23367e-05
2.10267e-12	4.22095e-05
2.10403e-12	4.2082e-05
2.10538e-12	4.19542e-05
2.10673e-12	4.18261e-05
2.10808e-12	4.16978e-05
2.10944e-12	4.15691e-05
2.11079e-12	4.14402e-05
2.11214e-12	4.1311e-05
2.11349e-12	4.11815e-05
2.11485e-12	4.10518e-05
2.1162e-12	4.09217e-05
2.11755e-12	4.07914e-05
2.1189e-12	4.06608e-05
2.12026e-12	4.05299e-05
2.12161e-12	4.03987e-05
2.12296e-12	4.02672e-05
2.12432e-12	4.01355e-05
2.12567e-12	4.00035e-05
2.12702e-12	3.98711e-05
2.12837e-12	3.97385e-05
2.12973e-12	3.96056e-05
2.13108e-12	3.94725e-05
2.13243e-12	3.9339e-05
2.13378e-12	3.92052e-05
2.13514e-12	3.90712e-05
2.13649e-12	3.89368e-05
2.13784e-12	3.88022e-05
2.13919e-12	3.86673e-05
2.14055e-12	3.85321e-05
2.1419e-12	3.83966e-05
2.14325e-12	3.82608e-05
2.1446e-12	3.81248e-05
2.14596e-12	3.79884e-05
2.14731e-12	3.78517e-05
2.14866e-12	3.77148e-05
2.15002e-12	3.75775e-05
2.15137e-12	3.744e-05
2.15272e-12	3.73022e-05
2.15407e-12	3.71641e-05
2.15543e-12	3.70256e-05
2.15678e-12	3.68869e-05
2.15813e-12	3.67479e-05
2.15948e-12	3.66086e-05
2.16084e-12	3.6469e-05
2.16219e-12	3.63291e-05
2.16354e-12	3.61889e-05
2.16489e-12	3.60485e-05
2.16625e-12	3.59077e-05
2.1676e-12	3.57666e-05
2.16895e-12	3.56252e-05
2.1703e-12	3.54835e-05
2.17166e-12	3.53416e-05
2.17301e-12	3.51993e-05
2.17436e-12	3.50567e-05
2.17572e-12	3.49138e-05
2.17707e-12	3.47707e-05
2.17842e-12	3.46272e-05
2.17977e-12	3.44834e-05
2.18113e-12	3.43394e-05
2.18248e-12	3.4195e-05
2.18383e-12	3.40503e-05
2.18518e-12	3.39053e-05
2.18654e-12	3.376e-05
2.18789e-12	3.36144e-05
2.18924e-12	3.34685e-05
2.19059e-12	3.33223e-05
2.19195e-12	3.31758e-05
2.1933e-12	3.3029e-05
2.19465e-12	3.28819e-05
2.196e-12	3.27345e-05
2.19736e-12	3.25868e-05
2.19871e-12	3.24388e-05
2.20006e-12	3.22904e-05
2.20142e-12	3.21418e-05
2.20277e-12	3.19928e-05
2.20412e-12	3.18436e-05
2.20547e-12	3.1694e-05
2.20683e-12	3.15441e-05
2.20818e-12	3.13939e-05
2.20953e-12	3.12434e-05
2.21088e-12	3.10926e-05
2.21224e-12	3.09415e-05
2.21359e-12	3.07901e-05
2.21494e-12	3.06383e-05
2.21629e-12	3.04863e-05
2.21765e-12	3.03339e-05
2.219e-12	3.01812e-05
2.22035e-12	3.00282e-05
2.2217e-12	2.98749e-05
2.22306e-12	2.97213e-05
2.22441e-12	2.95674e-05
2.22576e-12	2.94131e-05
2.22712e-12	2.92586e-05
2.22847e-12	2.91037e-05
2.22982e-12	2.89485e-05
2.23117e-12	2.8793e-05
2.23253e-12	2.86372e-05
2.23388e-12	2.8481e-05
2.23523e-12	2.83246e-05
2.23658e-12	2.81678e-05
2.23794e-12	2.80107e-05
2.23929e-12	2.78533e-05
2.24064e-12	2.76956e-05
2.24199e-12	2.75375e-05
2.24335e-12	2.73791e-05
2.2447e-12	2.72204e-05
2.24605e-12	2.70614e-05
2.24741e-12	2.69021e-05
2.24876e-12	2.67424e-05
2.25011e-12	2.65824e-05
2.25146e-12	2.64221e-05
2.25282e-12	2.62615e-05
2.25417e-12	2.61006e-05
2.25552e-12	2.59393e-05
2.25687e-12	2.57777e-05
2.25823e-12	2.56158e-05
2.25958e-12	2.54535e-05
2.26093e-12	2.5291e-05
2.26228e-12	2.51281e-05
2.26364e-12	2.49648e-05
2.26499e-12	2.48013e-05
2.26634e-12	2.46374e-05
2.26769e-12	2.44732e-05
2.26905e-12	2.43087e-05
2.2704e-12	2.41438e-05
2.27175e-12	2.39786e-05
2.27311e-12	2.38131e-05
2.27446e-12	2.36473e-05
2.27581e-12	2.34811e-05
2.27716e-12	2.33146e-05
2.27852e-12	2.31477e-05
2.27987e-12	2.29806e-05
2.28122e-12	2.28131e-05
2.28257e-12	2.26452e-05
2.28393e-12	2.24771e-05
2.28528e-12	2.23086e-05
2.28663e-12	2.21397e-05
2.28798e-12	2.19706e-05
2.28934e-12	2.18011e-05
2.29069e-12	2.16312e-05
2.29204e-12	2.14611e-05
2.29339e-12	2.12906e-05
2.29475e-12	2.11197e-05
2.2961e-12	2.09486e-05
2.29745e-12	2.0777e-05
2.29881e-12	2.06052e-05
2.30016e-12	2.0433e-05
2.30151e-12	2.02605e-05
2.30286e-12	2.00876e-05
2.30422e-12	1.99144e-05
2.30557e-12	1.97409e-05
2.30692e-12	1.9567e-05
2.30827e-12	1.93928e-05
2.30963e-12	1.92182e-05
2.31098e-12	1.90433e-05
2.31233e-12	1.8868e-05
2.31368e-12	1.86924e-05
2.31504e-12	1.85165e-05
2.31639e-12	1.83402e-05
2.31774e-12	1.81636e-05
2.31909e-12	1.79867e-05
2.32045e-12	1.78094e-05
2.3218e-12	1.76317e-05
2.32315e-12	1.74537e-05
2.32451e-12	1.72754e-05
2.32586e-12	1.70967e-05
2.32721e-12	1.69177e-05
2.32856e-12	1.67383e-05
2.32992e-12	1.65586e-05
2.33127e-12	1.63785e-05
2.33262e-12	1.61981e-05
2.33397e-12	1.60173e-05
2.33533e-12	1.58362e-05
2.33668e-12	1.56547e-05
2.33803e-12	1.54729e-05
2.33938e-12	1.52907e-05
2.34074e-12	1.51082e-05
2.34209e-12	1.49253e-05
2.34344e-12	1.47421e-05
2.34479e-12	1.45585e-05
2.34615e-12	1.43746e-05
2.3475e-12	1.41903e-05
2.34885e-12	1.40057e-05
2.35021e-12	1.38207e-05
2.35156e-12	1.36354e-05
2.35291e-12	1.34497e-05
2.35426e-12	1.32636e-05
2.35562e-12	1.30772e-05
2.35697e-12	1.28905e-05
2.35832e-12	1.27034e-05
2.35967e-12	1.25159e-05
2.36103e-12	1.23281e-05
2.36238e-12	1.21399e-05
2.36373e-12	1.19513e-05
2.36508e-12	1.17624e-05
2.36644e-12	1.15731e-05
2.36779e-12	1.13835e-05
2.36914e-12	1.11935e-05
2.37049e-12	1.10032e-05
2.37185e-12	1.08125e-05
2.3732e-12	1.06214e-05
2.37455e-12	1.043e-05
2.37591e-12	1.02382e-05
2.37726e-12	1.0046e-05
2.37861e-12	9.85352e-06
2.37996e-12	9.66064e-06
2.38132e-12	9.4674e-06
2.38267e-12	9.27379e-06
2.38402e-12	9.07981e-06
2.38537e-12	8.88547e-06
2.38673e-12	8.69076e-06
2.38808e-12	8.49569e-06
2.38943e-12	8.30025e-06
2.39078e-12	8.10444e-06
2.39214e-12	7.90827e-06
2.39349e-12	7.71173e-06
2.39484e-12	7.51482e-06
2.39619e-12	7.31754e-06
2.39755e-12	7.11989e-06
2.3989e-12	6.92187e-06
2.40025e-12	6.72347e-06
2.40161e-12	6.52471e-06
2.40296e-12	6.32558e-06
2.40431e-12	6.12608e-06
2.40566e-12	5.9262e-06
2.40702e-12	5.72595e-06
2.40837e-12	5.52532e-06
2.40972e-12	5.32433e-06
2.41107e-12	5.12296e-06
2.41243e-12	4.92121e-06
2.41378e-12	4.71909e-06
2.41513e-12	4.51659e-06
2.41648e-12	4.31372e-06
2.41784e-12	4.11047e-06
2.41919e-12	3.90684e-06
2.42054e-12	3.70284e-06
2.4219e-12	3.49846e-06
2.42325e-12	3.2937e-06
2.4246e-12	3.08856e-06
2.42595e-12	2.88304e-06
2.42731e-12	2.67714e-06
2.42866e-12	2.47087e-06
2.43001e-12	2.26421e-06
2.43136e-12	2.05717e-06
2.43272e-12	1.84975e-06
2.43407e-12	1.64194e-06
2.43542e-12	1.43376e-06
2.43677e-12	1.22519e-06
2.43813e-12	1.01623e-06
2.43948e-12	8.06895e-07
2.44083e-12	5.97174e-07
2.44218e-12	3.87067e-07
2.44354e-12	1.76575e-07
2.44489e-12	-3.43032e-08
2.44624e-12	-2.45568e-07
2.4476e-12	-4.57219e-07
2.44895e-12	-6.69258e-07
2.4503e-12	-8.81684e-07
2.45165e-12	-1.0945e-06
2.45301e-12	-1.3077e-06
2.45436e-12	-1.5213e-06
2.45571e-12	-1.73528e-06
2.45706e-12	-1.94965e-06
2.45842e-12	-2.16441e-06
2.45977e-12	-2.37957e-06
2.46112e-12	-2.59512e-06
2.46247e-12	-2.81105e-06
2.46383e-12	-3.02739e-06
2.46518e-12	-3.24411e-06
2.46653e-12	-3.46123e-06
2.46788e-12	-3.67874e-06
2.46924e-12	-3.89665e-06
2.47059e-12	-4.11495e-06
2.47194e-12	-4.33364e-06
2.4733e-12	-4.55274e-06
2.47465e-12	-4.77223e-06
2.476e-12	-4.99211e-06
2.47735e-12	-5.2124e-06
2.47871e-12	-5.43308e-06
2.48006e-12	-5.65416e-06
2.48141e-12	-5.87564e-06
2.48276e-12	-6.09752e-06
2.48412e-12	-6.3198e-06
2.48547e-12	-6.54247e-06
2.48682e-12	-6.76555e-06
2.48817e-12	-6.98903e-06
2.48953e-12	-7.21292e-06
2.49088e-12	-7.4372e-06
2.49223e-12	-7.66189e-06
2.49358e-12	-7.88698e-06
2.49494e-12	-8.11248e-06
2.49629e-12	-8.33838e-06
2.49764e-12	-8.56468e-06
2.499e-12	-8.79139e-06
2.50035e-12	-9.01851e-06
2.5017e-12	-9.24603e-06
2.50305e-12	-9.47396e-06
2.50441e-12	-9.70229e-06
2.50576e-12	-9.93103e-06
2.50711e-12	-1.01602e-05
2.50846e-12	-1.03897e-05
2.50982e-12	-1.06197e-05
2.51117e-12	-1.08501e-05
2.51252e-12	-1.10809e-05
2.51387e-12	-1.13121e-05
2.51523e-12	-1.15437e-05
2.51658e-12	-1.17757e-05
2.51793e-12	-1.20082e-05
2.51928e-12	-1.2241e-05
2.52064e-12	-1.24743e-05
2.52199e-12	-1.27079e-05
2.52334e-12	-1.2942e-05
2.5247e-12	-1.31765e-05
2.52605e-12	-1.34115e-05
2.5274e-12	-1.36468e-05
2.52875e-12	-1.38825e-05
2.53011e-12	-1.41187e-05
2.53146e-12	-1.43553e-05
2.53281e-12	-1.45923e-05
2.53416e-12	-1.48297e-05
2.53552e-12	-1.50676e-05
2.53687e-12	-1.53058e-05
2.53822e-12	-1.55445e-05
2.53957e-12	-1.57836e-05
2.54093e-12	-1.60231e-05
2.54228e-12	-1.62631e-05
2.54363e-12	-1.65034e-05
2.54498e-12	-1.67442e-05
2.54634e-12	-1.69854e-05
2.54769e-12	-1.7227e-05
2.54904e-12	-1.74691e-05
2.5504e-12	-1.77116e-05
2.55175e-12	-1.79545e-05
2.5531e-12	-1.81978e-05
2.55445e-12	-1.84416e-05
2.55581e-12	-1.86858e-05
2.55716e-12	-1.89304e-05
2.55851e-12	-1.91754e-05
2.55986e-12	-1.94209e-05
2.56122e-12	-1.96668e-05
2.56257e-12	-1.99131e-05
2.56392e-12	-2.01598e-05
2.56527e-12	-2.0407e-05
2.56663e-12	-2.06546e-05
2.56798e-12	-2.09027e-05
2.56933e-12	-2.11511e-05
2.57069e-12	-2.14e-05
2.57204e-12	-2.16494e-05
2.57339e-12	-2.18992e-05
2.57474e-12	-2.21494e-05
2.5761e-12	-2.24e-05
2.57745e-12	-2.26511e-05
2.5788e-12	-2.29026e-05
2.58015e-12	-2.31545e-05
2.58151e-12	-2.34069e-05
2.58286e-12	-2.36597e-05
2.58421e-12	-2.3913e-05
2.58556e-12	-2.41667e-05
2.58692e-12	-2.44208e-05
2.58827e-12	-2.46754e-05
2.58962e-12	-2.49304e-05
2.59097e-12	-2.51858e-05
2.59233e-12	-2.54417e-05
2.59368e-12	-2.56981e-05
2.59503e-12	-2.59548e-05
2.59639e-12	-2.62121e-05
2.59774e-12	-2.64697e-05
2.59909e-12	-2.67278e-05
2.60044e-12	-2.69864e-05
2.6018e-12	-2.72453e-05
2.60315e-12	-2.75048e-05
2.6045e-12	-2.77647e-05
2.60585e-12	-2.8025e-05
2.60721e-12	-2.82857e-05
2.60856e-12	-2.8547e-05
2.60991e-12	-2.88086e-05
2.61126e-12	-2.90707e-05
2.61262e-12	-2.93333e-05
2.61397e-12	-2.95963e-05
2.61532e-12	-2.98598e-05
2.61667e-12	-3.01237e-05
2.61803e-12	-3.0388e-05
2.61938e-12	-3.06528e-05
2.62073e-12	-3.09181e-05
2.62209e-12	-3.11838e-05
2.62344e-12	-3.145e-05
2.62479e-12	-3.17166e-05
2.62614e-12	-3.19837e-05
2.6275e-12	-3.22512e-05
2.62885e-12	-3.25192e-05
2.6302e-12	-3.27876e-05
2.63155e-12	-3.30565e-05
2.63291e-12	-3.33258e-05
2.63426e-12	-3.35957e-05
2.63561e-12	-3.38659e-05
2.63696e-12	-3.41366e-05
2.63832e-12	-3.44078e-05
2.63967e-12	-3.46795e-05
2.64102e-12	-3.49516e-05
2.64237e-12	-3.52241e-05
2.64373e-12	-3.54971e-05
2.64508e-12	-3.57706e-05
2.64643e-12	-3.60446e-05
2.64779e-12	-3.6319e-05
2.64914e-12	-3.65938e-05
2.65049e-12	-3.68692e-05
2.65184e-12	-3.71449e-05
2.6532e-12	-3.74212e-05
2.65455e-12	-3.76979e-05
2.6559e-12	-3.79751e-05
2.65725e-12	-3.82528e-05
2.65861e-12	-3.85309e-05
2.65996e-12	-3.88095e-05
2.66131e-12	-3.90885e-05
2.66266e-12	-3.93681e-05
2.66402e-12	-3.96481e-05
2.66537e-12	-3.99285e-05
2.66672e-12	-4.02095e-05
2.66807e-12	-4.04909e-05
2.66943e-12	-4.07727e-05
2.67078e-12	-4.10551e-05
2.67213e-12	-4.13379e-05
2.67349e-12	-4.16212e-05
2.67484e-12	-4.1905e-05
2.67619e-12	-4.21892e-05
2.67754e-12	-4.24739e-05
2.6789e-12	-4.27591e-05
2.68025e-12	-4.30448e-05
2.6816e-12	-4.33309e-05
2.68295e-12	-4.36175e-05
2.68431e-12	-4.39046e-05
2.68566e-12	-4.41922e-05
2.68701e-12	-4.44803e-05
2.68836e-12	-4.47688e-05
2.68972e-12	-4.50578e-05
2.69107e-12	-4.53473e-05
2.69242e-12	-4.56373e-05
2.69377e-12	-4.59277e-05
2.69513e-12	-4.62186e-05
2.69648e-12	-4.65101e-05
2.69783e-12	-4.6802e-05
2.69919e-12	-4.70943e-05
2.70054e-12	-4.73872e-05
2.70189e-12	-4.76806e-05
2.70324e-12	-4.79744e-05
2.7046e-12	-4.82687e-05
2.70595e-12	-4.85635e-05
2.7073e-12	-4.88588e-05
2.70865e-12	-4.91546e-05
2.71001e-12	-4.94509e-05
2.71136e-12	-4.97476e-05
2.71271e-12	-5.00449e-05
2.71406e-12	-5.03426e-05
2.71542e-12	-5.06408e-05
2.71677e-12	-5.09395e-05
2.71812e-12	-5.12388e-05
2.71948e-12	-5.15385e-05
2.72083e-12	-5.18387e-05
2.72218e-12	-5.21393e-05
2.72353e-12	-5.24405e-05
2.72489e-12	-5.27422e-05
2.72624e-12	-5.30444e-05
2.72759e-12	-5.3347e-05
2.72894e-12	-5.36502e-05
2.7303e-12	-5.39538e-05
2.73165e-12	-5.4258e-05
2.733e-12	-5.45626e-05
2.73435e-12	-5.48678e-05
2.73571e-12	-5.51734e-05
2.73706e-12	-5.54796e-05
2.73841e-12	-5.57862e-05
2.73976e-12	-5.60934e-05
2.74112e-12	-5.6401e-05
2.74247e-12	-5.67092e-05
2.74382e-12	-5.70178e-05
2.74518e-12	-5.7327e-05
2.74653e-12	-5.76367e-05
2.74788e-12	-5.79468e-05
2.74923e-12	-5.82575e-05
2.75059e-12	-5.85687e-05
2.75194e-12	-5.88803e-05
2.75329e-12	-5.91925e-05
2.75464e-12	-5.95052e-05
2.756e-12	-5.98184e-05
2.75735e-12	-6.01321e-05
2.7587e-12	-6.04463e-05
2.76005e-12	-6.07611e-05
2.76141e-12	-6.10763e-05
2.76276e-12	-6.1392e-05
2.76411e-12	-6.17083e-05
2.76546e-12	-6.20251e-05
2.76682e-12	-6.23424e-05
2.76817e-12	-6.26602e-05
2.76952e-12	-6.29785e-05
2.77088e-12	-6.32973e-05
2.77223e-12	-6.36166e-05
2.77358e-12	-6.39365e-05
2.77493e-12	-6.42568e-05
2.77629e-12	-6.45777e-05
2.77764e-12	-6.48991e-05
2.77899e-12	-6.5221e-05
2.78034e-12	-6.55435e-05
2.7817e-12	-6.58664e-05
2.78305e-12	-6.61899e-05
2.7844e-12	-6.65139e-05
2.78575e-12	-6.68384e-05
2.78711e-12	-6.71635e-05
2.78846e-12	-6.7489e-05
2.78981e-12	-6.78151e-05
2.79116e-12	-6.81417e-05
2.79252e-12	-6.84688e-05
2.79387e-12	-6.87965e-05
2.79522e-12	-6.91246e-05
2.79658e-12	-6.94533e-05
2.79793e-12	-6.97826e-05
2.79928e-12	-7.01123e-05
2.80063e-12	-7.04426e-05
2.80199e-12	-7.07734e-05
2.80334e-12	-7.11048e-05
2.80469e-12	-7.14366e-05
2.80604e-12	-7.1769e-05
2.8074e-12	-7.21019e-05
2.80875e-12	-7.24354e-05
2.8101e-12	-7.27694e-05
2.81145e-12	-7.31039e-05
2.81281e-12	-7.34389e-05
2.81416e-12	-7.37745e-05
2.81551e-12	-7.41107e-05
2.81686e-12	-7.44473e-05
2.81822e-12	-7.47845e-05
2.81957e-12	-7.51222e-05
2.82092e-12	-7.54605e-05
2.82228e-12	-7.57993e-05
2.82363e-12	-7.61386e-05
2.82498e-12	-7.64785e-05
2.82633e-12	-7.68189e-05
2.82769e-12	-7.71598e-05
2.82904e-12	-7.75013e-05
2.83039e-12	-7.78434e-05
2.83174e-12	-7.81859e-05
2.8331e-12	-7.8529e-05
2.83445e-12	-7.88727e-05
2.8358e-12	-7.92169e-05
2.83715e-12	-7.95616e-05
2.83851e-12	-7.99069e-05
2.83986e-12	-8.02528e-05
2.84121e-12	-8.05991e-05
2.84256e-12	-8.09461e-05
2.84392e-12	-8.12935e-05
2.84527e-12	-8.16415e-05
2.84662e-12	-8.19901e-05
2.84798e-12	-8.23392e-05
2.84933e-12	-8.26889e-05
2.85068e-12	-8.30391e-05
2.85203e-12	-8.33899e-05
2.85339e-12	-8.37412e-05
2.85474e-12	-8.4093e-05
2.85609e-12	-8.44455e-05
2.85744e-12	-8.47984e-05
2.8588e-12	-8.5152e-05
2.86015e-12	-8.5506e-05
2.8615e-12	-8.58607e-05
2.86285e-12	-8.62159e-05
2.86421e-12	-8.65716e-05
2.86556e-12	-8.69279e-05
2.86691e-12	-8.72848e-05
2.86827e-12	-8.76422e-05
2.86962e-12	-8.80002e-05
2.87097e-12	-8.83587e-05
2.87232e-12	-8.87178e-05
2.87368e-12	-8.90774e-05
2.87503e-12	-8.94377e-05
2.87638e-12	-8.97984e-05
2.87773e-12	-9.01598e-05
2.87909e-12	-9.05217e-05
2.88044e-12	-9.08841e-05
2.88179e-12	-9.12472e-05
2.88314e-12	-9.16108e-05
2.8845e-12	-9.19749e-05
2.88585e-12	-9.23397e-05
2.8872e-12	-9.27049e-05
2.88855e-12	-9.30708e-05
2.88991e-12	-9.34372e-05
2.89126e-12	-9.38042e-05
2.89261e-12	-9.41718e-05
2.89397e-12	-9.45399e-05
2.89532e-12	-9.49087e-05
2.89667e-12	-9.52779e-05
2.89802e-12	-9.56478e-05
2.89938e-12	-9.60182e-05
2.90073e-12	-9.63892e-05
2.90208e-12	-9.67608e-05
2.90343e-12	-9.71329e-05
2.90479e-12	-9.75056e-05
2.90614e-12	-9.78789e-05
2.90749e-12	-9.82528e-05
2.90884e-12	-9.86273e-05
2.9102e-12	-9.90023e-05
2.91155e-12	-9.93779e-05
2.9129e-12	-9.97541e-05
2.91425e-12	-0.000100131
2.91561e-12	-0.000100508
2.91696e-12	-0.000100886
2.91831e-12	-0.000101265
2.91967e-12	-0.000101644
2.92102e-12	-0.000102023
2.92237e-12	-0.000102404
2.92372e-12	-0.000102784
2.92508e-12	-0.000103166
2.92643e-12	-0.000103548
2.92778e-12	-0.000103931
2.92913e-12	-0.000104314
2.93049e-12	-0.000104697
2.93184e-12	-0.000105082
2.93319e-12	-0.000105467
2.93454e-12	-0.000105852
2.9359e-12	-0.000106238
2.93725e-12	-0.000106625
2.9386e-12	-0.000107012
2.93995e-12	-0.0001074
2.94131e-12	-0.000107789
2.94266e-12	-0.000108178
2.94401e-12	-0.000108568
2.94537e-12	-0.000108958
2.94672e-12	-0.000109349
2.94807e-12	-0.00010974
2.94942e-12	-0.000110132
2.95078e-12	-0.000110525
2.95213e-12	-0.000110918
2.95348e-12	-0.000111312
2.95483e-12	-0.000111707
2.95619e-12	-0.000112102
2.95754e-12	-0.000112497
2.95889e-12	-0.000112894
2.96024e-12	-0.00011329
2.9616e-12	-0.000113688
2.96295e-12	-0.000114086
2.9643e-12	-0.000114485
2.96565e-12	-0.000114884
2.96701e-12	-0.000115284
2.96836e-12	-0.000115684
2.96971e-12	-0.000116085
2.97107e-12	-0.000116487
2.97242e-12	-0.000116889
2.97377e-12	-0.000117292
2.97512e-12	-0.000117696
2.97648e-12	-0.0001181
2.97783e-12	-0.000118505
2.97918e-12	-0.00011891
2.98053e-12	-0.000119316
2.98189e-12	-0.000119723
2.98324e-12	-0.00012013
2.98459e-12	-0.000120538
2.98594e-12	-0.000120946
2.9873e-12	-0.000121355
2.98865e-12	-0.000121765
2.99e-12	-0.000122175
2.99135e-12	-0.000122586
2.99271e-12	-0.000122997
2.99406e-12	-0.000123409
2.99541e-12	-0.000123822
2.99677e-12	-0.000124236
2.99812e-12	-0.00012465
2.99947e-12	-0.000125064
3.00082e-12	-0.000125479
3.00218e-12	-0.000125895
3.00353e-12	-0.000126312
3.00488e-12	-0.000126729
3.00623e-12	-0.000127147
3.00759e-12	-0.000127565
3.00894e-12	-0.000127984
3.01029e-12	-0.000128404
3.01164e-12	-0.000128824
3.013e-12	-0.000129245
3.01435e-12	-0.000129666
3.0157e-12	-0.000130088
3.01706e-12	-0.000130511
3.01841e-12	-0.000130934
3.01976e-12	-0.000131358
3.02111e-12	-0.000131783
3.02247e-12	-0.000132208
3.02382e-12	-0.000132634
3.02517e-12	-0.000133061
3.02652e-12	-0.000133488
3.02788e-12	-0.000133916
3.02923e-12	-0.000134344
3.03058e-12	-0.000134773
3.03193e-12	-0.000135203
3.03329e-12	-0.000135634
3.03464e-12	-0.000136065
3.03599e-12	-0.000136496
3.03734e-12	-0.000136928
3.0387e-12	-0.000137361
3.04005e-12	-0.000137795
3.0414e-12	-0.000138229
3.04276e-12	-0.000138664
3.04411e-12	-0.0001391
3.04546e-12	-0.000139536
3.04681e-12	-0.000139973
3.04817e-12	-0.00014041
3.04952e-12	-0.000140848
3.05087e-12	-0.000141287
3.05222e-12	-0.000141726
3.05358e-12	-0.000142166
3.05493e-12	-0.000142607
3.05628e-12	-0.000143048
3.05763e-12	-0.00014349
3.05899e-12	-0.000143933
3.06034e-12	-0.000144376
3.06169e-12	-0.00014482
3.06304e-12	-0.000145265
3.0644e-12	-0.00014571
3.06575e-12	-0.000146156
3.0671e-12	-0.000146603
3.06846e-12	-0.00014705
3.06981e-12	-0.000147498
3.07116e-12	-0.000147946
3.07251e-12	-0.000148395
3.07387e-12	-0.000148845
3.07522e-12	-0.000149296
3.07657e-12	-0.000149747
3.07792e-12	-0.000150199
3.07928e-12	-0.000150651
3.08063e-12	-0.000151105
3.08198e-12	-0.000151558
3.08333e-12	-0.000152013
3.08469e-12	-0.000152468
3.08604e-12	-0.000152924
3.08739e-12	-0.00015338
3.08874e-12	-0.000153838
3.0901e-12	-0.000154295
3.09145e-12	-0.000154754
3.0928e-12	-0.000155213
3.09416e-12	-0.000155673
3.09551e-12	-0.000156134
3.09686e-12	-0.000156595
3.09821e-12	-0.000157057
3.09957e-12	-0.000157519
3.10092e-12	-0.000157982
3.10227e-12	-0.000158446
3.10362e-12	-0.000158911
3.10498e-12	-0.000159376
3.10633e-12	-0.000159842
3.10768e-12	-0.000160309
3.10903e-12	-0.000160776
3.11039e-12	-0.000161244
3.11174e-12	-0.000161712
3.11309e-12	-0.000162182
3.11444e-12	-0.000162652
3.1158e-12	-0.000163122
3.11715e-12	-0.000163594
3.1185e-12	-0.000164066
3.11986e-12	-0.000164539
3.12121e-12	-0.000165012
3.12256e-12	-0.000165486
3.12391e-12	-0.000165961
3.12527e-12	-0.000166436
3.12662e-12	-0.000166913
3.12797e-12	-0.000167389
3.12932e-12	-0.000167867
3.13068e-12	-0.000168345
3.13203e-12	-0.000168824
3.13338e-12	-0.000169304
3.13473e-12	-0.000169784
3.13609e-12	-0.000170265
3.13744e-12	-0.000170747
3.13879e-12	-0.000171229
3.14014e-12	-0.000171712
3.1415e-12	-0.000172196
3.14285e-12	-0.000172681
3.1442e-12	-0.000173166
3.14556e-12	-0.000173652
3.14691e-12	-0.000174138
3.14826e-12	-0.000174626
3.14961e-12	-0.000175114
3.15097e-12	-0.000175602
3.15232e-12	-0.000176092
3.15367e-12	-0.000176582
3.15502e-12	-0.000177073
3.15638e-12	-0.000177564
3.15773e-12	-0.000178056
3.15908e-12	-0.000178549
3.16043e-12	-0.000179043
3.16179e-12	-0.000179537
3.16314e-12	-0.000180032
3.16449e-12	-0.000180528
3.16584e-12	-0.000181024
3.1672e-12	-0.000181522
3.16855e-12	-0.000182019
3.1699e-12	-0.000182518
3.17126e-12	-0.000183017
3.17261e-12	-0.000183517
3.17396e-12	-0.000184018
3.17531e-12	-0.00018452
3.17667e-12	-0.000185022
3.17802e-12	-0.000185525
3.17937e-12	-0.000186028
3.18072e-12	-0.000186533
3.18208e-12	-0.000187038
3.18343e-12	-0.000187543
3.18478e-12	-0.00018805
3.18613e-12	-0.000188557
3.18749e-12	-0.000189065
3.18884e-12	-0.000189574
3.19019e-12	-0.000190083
3.19155e-12	-0.000190593
3.1929e-12	-0.000191104
3.19425e-12	-0.000191615
3.1956e-12	-0.000192128
3.19696e-12	-0.000192641
3.19831e-12	-0.000193154
3.19966e-12	-0.000193669
3.20101e-12	-0.000194184
3.20237e-12	-0.0001947
3.20372e-12	-0.000195217
3.20507e-12	-0.000195734
3.20642e-12	-0.000196252
3.20778e-12	-0.000196771
3.20913e-12	-0.000197291
3.21048e-12	-0.000197811
3.21183e-12	-0.000198332
3.21319e-12	-0.000198854
3.21454e-12	-0.000199376
3.21589e-12	-0.0001999
3.21725e-12	-0.000200424
3.2186e-12	-0.000200948
3.21995e-12	-0.000201474
3.2213e-12	-0.000202
3.22266e-12	-0.000202527
3.22401e-12	-0.000203055
3.22536e-12	-0.000203583
3.22671e-12	-0.000204112
3.22807e-12	-0.000204642
3.22942e-12	-0.000205173
3.23077e-12	-0.000205705
3.23212e-12	-0.000206237
3.23348e-12	-0.00020677
3.23483e-12	-0.000207303
3.23618e-12	-0.000207838
3.23753e-12	-0.000208373
3.23889e-12	-0.000208909
3.24024e-12	-0.000209446
3.24159e-12	-0.000209983
3.24295e-12	-0.000210521
3.2443e-12	-0.00021106
3.24565e-12	-0.0002116
3.247e-12	-0.000212141
3.24836e-12	-0.000212682
3.24971e-12	-0.000213224
3.25106e-12	-0.000213766
3.25241e-12	-0.00021431
3.25377e-12	-0.000214854
3.25512e-12	-0.000215399
3.25647e-12	-0.000215945
3.25782e-12	-0.000216492
3.25918e-12	-0.000217039
3.26053e-12	-0.000217587
3.26188e-12	-0.000218136
3.26323e-12	-0.000218685
3.26459e-12	-0.000219236
3.26594e-12	-0.000219787
3.26729e-12	-0.000220339
3.26865e-12	-0.000220892
3.27e-12	-0.000221445
3.27135e-12	-0.000221999
3.2727e-12	-0.000222554
3.27406e-12	-0.00022311
3.27541e-12	-0.000223667
3.27676e-12	-0.000224224
3.27811e-12	-0.000224782
3.27947e-12	-0.000225341
3.28082e-12	-0.000225901
3.28217e-12	-0.000226461
3.28352e-12	-0.000227022
3.28488e-12	-0.000227584
3.28623e-12	-0.000228147
3.28758e-12	-0.000228711
3.28893e-12	-0.000229275
3.29029e-12	-0.00022984
3.29164e-12	-0.000230406
3.29299e-12	-0.000230972
3.29435e-12	-0.00023154
3.2957e-12	-0.000232108
3.29705e-12	-0.000232677
3.2984e-12	-0.000233247
3.29976e-12	-0.000233818
3.30111e-12	-0.000234389
3.30246e-12	-0.000234961
3.30381e-12	-0.000235534
3.30517e-12	-0.000236108
3.30652e-12	-0.000236683
3.30787e-12	-0.000237258
3.30922e-12	-0.000237834
3.31058e-12	-0.000238411
3.31193e-12	-0.000238989
3.31328e-12	-0.000239567
3.31463e-12	-0.000240147
3.31599e-12	-0.000240727
3.31734e-12	-0.000241308
3.31869e-12	-0.000241889
3.32005e-12	-0.000242472
3.3214e-12	-0.000243055
3.32275e-12	-0.000243639
3.3241e-12	-0.000244224
3.32546e-12	-0.00024481
3.32681e-12	-0.000245397
3.32816e-12	-0.000245984
3.32951e-12	-0.000246572
3.33087e-12	-0.000247161
3.33222e-12	-0.000247751
3.33357e-12	-0.000248341
3.33492e-12	-0.000248933
3.33628e-12	-0.000249525
3.33763e-12	-0.000250118
3.33898e-12	-0.000250712
3.34034e-12	-0.000251306
3.34169e-12	-0.000251902
3.34304e-12	-0.000252498
3.34439e-12	-0.000253095
3.34575e-12	-0.000253693
3.3471e-12	-0.000254292
3.34845e-12	-0.000254891
3.3498e-12	-0.000255492
3.35116e-12	-0.000256093
3.35251e-12	-0.000256695
3.35386e-12	-0.000257298
3.35521e-12	-0.000257901
3.35657e-12	-0.000258506
3.35792e-12	-0.000259111
3.35927e-12	-0.000259717
3.36062e-12	-0.000260324
3.36198e-12	-0.000260932
3.36333e-12	-0.00026154
3.36468e-12	-0.00026215
3.36604e-12	-0.00026276
3.36739e-12	-0.000263371
3.36874e-12	-0.000263983
3.37009e-12	-0.000264596
3.37145e-12	-0.000265209
3.3728e-12	-0.000265824
3.37415e-12	-0.000266439
3.3755e-12	-0.000267055
3.37686e-12	-0.000267672
3.37821e-12	-0.00026829
3.37956e-12	-0.000268908
3.38091e-12	-0.000269528
3.38227e-12	-0.000270148
3.38362e-12	-0.000270769
3.38497e-12	-0.000271391
3.38632e-12	-0.000272014
3.38768e-12	-0.000272637
3.38903e-12	-0.000273262
3.39038e-12	-0.000273887
3.39174e-12	-0.000274513
3.39309e-12	-0.00027514
3.39444e-12	-0.000275768
3.39579e-12	-0.000276397
3.39715e-12	-0.000277026
3.3985e-12	-0.000277657
3.39985e-12	-0.000278288
3.4012e-12	-0.00027892
3.40256e-12	-0.000279553
3.40391e-12	-0.000280187
3.40526e-12	-0.000280821
3.40661e-12	-0.000281457
3.40797e-12	-0.000282093
3.40932e-12	-0.000282731
3.41067e-12	-0.000283369
3.41202e-12	-0.000284008
3.41338e-12	-0.000284647
3.41473e-12	-0.000285288
3.41608e-12	-0.00028593
3.41744e-12	-0.000286572
3.41879e-12	-0.000287215
3.42014e-12	-0.000287859
3.42149e-12	-0.000288504
3.42285e-12	-0.00028915
3.4242e-12	-0.000289797
3.42555e-12	-0.000290444
3.4269e-12	-0.000291093
3.42826e-12	-0.000291742
3.42961e-12	-0.000292392
3.43096e-12	-0.000293043
3.43231e-12	-0.000293695
3.43367e-12	-0.000294348
3.43502e-12	-0.000295002
3.43637e-12	-0.000295656
3.43772e-12	-0.000296312
3.43908e-12	-0.000296968
3.44043e-12	-0.000297625
3.44178e-12	-0.000298283
3.44314e-12	-0.000298942
3.44449e-12	-0.000299602
3.44584e-12	-0.000300262
3.44719e-12	-0.000300924
3.44855e-12	-0.000301586
3.4499e-12	-0.00030225
3.45125e-12	-0.000302914
3.4526e-12	-0.000303579
3.45396e-12	-0.000304245
3.45531e-12	-0.000304912
3.45666e-12	-0.00030558
3.45801e-12	-0.000306248
3.45937e-12	-0.000306918
3.46072e-12	-0.000307588
3.46207e-12	-0.00030826
3.46342e-12	-0.000308932
3.46478e-12	-0.000309605
3.46613e-12	-0.000310279
3.46748e-12	-0.000310954
3.46884e-12	-0.00031163
3.47019e-12	-0.000312306
3.47154e-12	-0.000312984
3.47289e-12	-0.000313662
3.47425e-12	-0.000314342
3.4756e-12	-0.000315022
3.47695e-12	-0.000315703
3.4783e-12	-0.000316385
3.47966e-12	-0.000317068
3.48101e-12	-0.000317752
3.48236e-12	-0.000318437
3.48371e-12	-0.000319123
3.48507e-12	-0.000319809
3.48642e-12	-0.000320497
3.48777e-12	-0.000321185
3.48913e-12	-0.000321874
3.49048e-12	-0.000322565
3.49183e-12	-0.000323256
3.49318e-12	-0.000323948
3.49454e-12	-0.000324641
3.49589e-12	-0.000325335
3.49724e-12	-0.00032603
3.49859e-12	-0.000326725
3.49995e-12	-0.000327422
3.5013e-12	-0.000328119
3.50265e-12	-0.000328818
3.504e-12	-0.000329517
3.50536e-12	-0.000330218
3.50671e-12	-0.000330919
3.50806e-12	-0.000331621
3.50941e-12	-0.000332324
3.51077e-12	-0.000333028
3.51212e-12	-0.000333733
3.51347e-12	-0.000334439
3.51483e-12	-0.000335146
3.51618e-12	-0.000335853
3.51753e-12	-0.000336562
3.51888e-12	-0.000337272
3.52024e-12	-0.000337982
3.52159e-12	-0.000338694
3.52294e-12	-0.000339406
3.52429e-12	-0.000340119
3.52565e-12	-0.000340833
3.527e-12	-0.000341549
3.52835e-12	-0.000342265
3.5297e-12	-0.000342982
3.53106e-12	-0.0003437
3.53241e-12	-0.000344419
3.53376e-12	-0.000345138
3.53511e-12	-0.000345859
3.53647e-12	-0.000346581
3.53782e-12	-0.000347304
3.53917e-12	-0.000348027
3.54053e-12	-0.000348752
3.54188e-12	-0.000349477
3.54323e-12	-0.000350204
3.54458e-12	-0.000350931
3.54594e-12	-0.00035166
3.54729e-12	-0.000352389
3.54864e-12	-0.000353119
3.54999e-12	-0.00035385
3.55135e-12	-0.000354582
3.5527e-12	-0.000355316
3.55405e-12	-0.00035605
3.5554e-12	-0.000356785
3.55676e-12	-0.000357521
3.55811e-12	-0.000358258
3.55946e-12	-0.000358995
3.56081e-12	-0.000359734
3.56217e-12	-0.000360474
3.56352e-12	-0.000361215
3.56487e-12	-0.000361957
3.56623e-12	-0.000362699
3.56758e-12	-0.000363443
3.56893e-12	-0.000364187
3.57028e-12	-0.000364933
3.57164e-12	-0.00036568
3.57299e-12	-0.000366427
3.57434e-12	-0.000367176
3.57569e-12	-0.000367925
3.57705e-12	-0.000368675
3.5784e-12	-0.000369427
3.57975e-12	-0.000370179
3.5811e-12	-0.000370933
3.58246e-12	-0.000371687
3.58381e-12	-0.000372442
3.58516e-12	-0.000373198
3.58651e-12	-0.000373956
3.58787e-12	-0.000374714
3.58922e-12	-0.000375473
3.59057e-12	-0.000376233
3.59193e-12	-0.000376994
3.59328e-12	-0.000377757
3.59463e-12	-0.00037852
3.59598e-12	-0.000379284
3.59734e-12	-0.000380049
3.59869e-12	-0.000380815
3.60004e-12	-0.000381582
3.60139e-12	-0.00038235
3.60275e-12	-0.000383119
3.6041e-12	-0.000383889
3.60545e-12	-0.00038466
3.6068e-12	-0.000385432
3.60816e-12	-0.000386205
3.60951e-12	-0.000386979
3.61086e-12	-0.000387754
3.61221e-12	-0.00038853
3.61357e-12	-0.000389307
3.61492e-12	-0.000390085
3.61627e-12	-0.000390864
3.61763e-12	-0.000391644
3.61898e-12	-0.000392425
3.62033e-12	-0.000393207
3.62168e-12	-0.00039399
3.62304e-12	-0.000394774
3.62439e-12	-0.000395559
3.62574e-12	-0.000396345
3.62709e-12	-0.000397132
3.62845e-12	-0.00039792
3.6298e-12	-0.000398709
3.63115e-12	-0.000399499
3.6325e-12	-0.00040029
3.63386e-12	-0.000401082
3.63521e-12	-0.000401875
3.63656e-12	-0.000402669
3.63792e-12	-0.000403464
3.63927e-12	-0.00040426
3.64062e-12	-0.000405057
3.64197e-12	-0.000405856
3.64333e-12	-0.000406655
3.64468e-12	-0.000407455
3.64603e-12	-0.000408256
3.64738e-12	-0.000409058
3.64874e-12	-0.000409861
3.65009e-12	-0.000410666
3.65144e-12	-0.000411471
3.65279e-12	-0.000412277
3.65415e-12	-0.000413085
3.6555e-12	-0.000413893
3.65685e-12	-0.000414702
3.6582e-12	-0.000415513
3.65956e-12	-0.000416324
3.66091e-12	-0.000417137
3.66226e-12	-0.00041795
3.66362e-12	-0.000418765
3.66497e-12	-0.00041958
3.66632e-12	-0.000420397
3.66767e-12	-0.000421214
3.66903e-12	-0.000422033
3.67038e-12	-0.000422853
3.67173e-12	-0.000423674
3.67308e-12	-0.000424495
3.67444e-12	-0.000425318
3.67579e-12	-0.000426142
3.67714e-12	-0.000426967
3.67849e-12	-0.000427793
3.67985e-12	-0.00042862
3.6812e-12	-0.000429448
3.68255e-12	-0.000430277
3.6839e-12	-0.000431107
3.68526e-12	-0.000431939
3.68661e-12	-0.000432771
3.68796e-12	-0.000433604
3.68932e-12	-0.000434438
3.69067e-12	-0.000435274
3.69202e-12	-0.00043611
3.69337e-12	-0.000436948
3.69473e-12	-0.000437786
3.69608e-12	-0.000438626
3.69743e-12	-0.000439467
3.69878e-12	-0.000440308
3.70014e-12	-0.000441151
3.70149e-12	-0.000441995
3.70284e-12	-0.00044284
3.70419e-12	-0.000443686
3.70555e-12	-0.000444533
3.7069e-12	-0.000445381
3.70825e-12	-0.00044623
3.7096e-12	-0.000447081
3.71096e-12	-0.000447932
3.71231e-12	-0.000448784
3.71366e-12	-0.000449638
3.71502e-12	-0.000450492
3.71637e-12	-0.000451348
3.71772e-12	-0.000452205
3.71907e-12	-0.000453063
3.72043e-12	-0.000453921
3.72178e-12	-0.000454781
3.72313e-12	-0.000455642
3.72448e-12	-0.000456504
3.72584e-12	-0.000457367
3.72719e-12	-0.000458232
3.72854e-12	-0.000459097
3.72989e-12	-0.000459963
3.73125e-12	-0.000460831
3.7326e-12	-0.000461699
3.73395e-12	-0.000462569
3.7353e-12	-0.00046344
3.73666e-12	-0.000464312
3.73801e-12	-0.000465185
3.73936e-12	-0.000466059
3.74072e-12	-0.000466934
3.74207e-12	-0.00046781
3.74342e-12	-0.000468687
3.74477e-12	-0.000469566
3.74613e-12	-0.000470445
3.74748e-12	-0.000471326
3.74883e-12	-0.000472207
3.75018e-12	-0.00047309
3.75154e-12	-0.000473974
3.75289e-12	-0.000474859
3.75424e-12	-0.000475745
3.75559e-12	-0.000476632
3.75695e-12	-0.00047752
3.7583e-12	-0.00047841
3.75965e-12	-0.0004793
3.761e-12	-0.000480192
3.76236e-12	-0.000481085
3.76371e-12	-0.000481978
3.76506e-12	-0.000482873
3.76642e-12	-0.000483769
3.76777e-12	-0.000484667
3.76912e-12	-0.000485565
3.77047e-12	-0.000486464
3.77183e-12	-0.000487365
3.77318e-12	-0.000488266
3.77453e-12	-0.000489169
3.77588e-12	-0.000490073
3.77724e-12	-0.000490978
3.77859e-12	-0.000491884
3.77994e-12	-0.000492791
3.78129e-12	-0.000493699
3.78265e-12	-0.000494609
3.784e-12	-0.000495519
3.78535e-12	-0.000496431
3.7867e-12	-0.000497344
3.78806e-12	-0.000498258
3.78941e-12	-0.000499173
3.79076e-12	-0.000500089
3.79212e-12	-0.000501007
3.79347e-12	-0.000501925
3.79482e-12	-0.000502845
3.79617e-12	-0.000503766
3.79753e-12	-0.000504687
3.79888e-12	-0.00050561
3.80023e-12	-0.000506535
3.80158e-12	-0.00050746
3.80294e-12	-0.000508386
3.80429e-12	-0.000509314
3.80564e-12	-0.000510243
3.80699e-12	-0.000511173
3.80835e-12	-0.000512104
3.8097e-12	-0.000513036
3.81105e-12	-0.000513969
3.81241e-12	-0.000514904
3.81376e-12	-0.000515839
3.81511e-12	-0.000516776
3.81646e-12	-0.000517714
3.81782e-12	-0.000518653
3.81917e-12	-0.000519593
3.82052e-12	-0.000520535
3.82187e-12	-0.000521477
3.82323e-12	-0.000522421
3.82458e-12	-0.000523366
3.82593e-12	-0.000524312
3.82728e-12	-0.000525259
3.82864e-12	-0.000526207
3.82999e-12	-0.000527157
3.83134e-12	-0.000528107
3.83269e-12	-0.000529059
3.83405e-12	-0.000530012
3.8354e-12	-0.000530966
3.83675e-12	-0.000531922
3.83811e-12	-0.000532878
3.83946e-12	-0.000533836
3.84081e-12	-0.000534795
3.84216e-12	-0.000535755
3.84352e-12	-0.000536716
3.84487e-12	-0.000537678
3.84622e-12	-0.000538642
3.84757e-12	-0.000539606
3.84893e-12	-0.000540572
3.85028e-12	-0.000541539
3.85163e-12	-0.000542508
3.85298e-12	-0.000543477
3.85434e-12	-0.000544448
3.85569e-12	-0.000545419
3.85704e-12	-0.000546392
3.85839e-12	-0.000547366
3.85975e-12	-0.000548342
3.8611e-12	-0.000549318
3.86245e-12	-0.000550296
3.86381e-12	-0.000551275
3.86516e-12	-0.000552255
3.86651e-12	-0.000553236
3.86786e-12	-0.000554219
3.86922e-12	-0.000555202
3.87057e-12	-0.000556187
3.87192e-12	-0.000557173
3.87327e-12	-0.000558161
3.87463e-12	-0.000559149
3.87598e-12	-0.000560139
3.87733e-12	-0.00056113
3.87868e-12	-0.000562122
3.88004e-12	-0.000563115
3.88139e-12	-0.00056411
3.88274e-12	-0.000565105
3.88409e-12	-0.000566102
3.88545e-12	-0.0005671
3.8868e-12	-0.0005681
3.88815e-12	-0.0005691
3.88951e-12	-0.000570102
3.89086e-12	-0.000571105
3.89221e-12	-0.000572109
3.89356e-12	-0.000573114
3.89492e-12	-0.000574121
3.89627e-12	-0.000575129
3.89762e-12	-0.000576138
3.89897e-12	-0.000577148
3.90033e-12	-0.000578159
3.90168e-12	-0.000579172
3.90303e-12	-0.000580186
3.90438e-12	-0.000581201
3.90574e-12	-0.000582217
3.90709e-12	-0.000583235
3.90844e-12	-0.000584254
3.90979e-12	-0.000585274
3.91115e-12	-0.000586295
3.9125e-12	-0.000587318
3.91385e-12	-0.000588341
3.91521e-12	-0.000589366
3.91656e-12	-0.000590393
3.91791e-12	-0.00059142
3.91926e-12	-0.000592449
3.92062e-12	-0.000593479
3.92197e-12	-0.00059451
3.92332e-12	-0.000595542
3.92467e-12	-0.000596576
3.92603e-12	-0.000597611
3.92738e-12	-0.000598647
3.92873e-12	-0.000599684
3.93008e-12	-0.000600723
3.93144e-12	-0.000601762
3.93279e-12	-0.000602804
3.93414e-12	-0.000603846
3.93549e-12	-0.00060489
3.93685e-12	-0.000605934
3.9382e-12	-0.000606981
3.93955e-12	-0.000608028
3.94091e-12	-0.000609076
3.94226e-12	-0.000610126
3.94361e-12	-0.000611177
3.94496e-12	-0.00061223
3.94632e-12	-0.000613283
3.94767e-12	-0.000614338
3.94902e-12	-0.000615395
3.95037e-12	-0.000616452
3.95173e-12	-0.000617511
3.95308e-12	-0.000618571
3.95443e-12	-0.000619632
3.95578e-12	-0.000620694
3.95714e-12	-0.000621758
3.95849e-12	-0.000622823
3.95984e-12	-0.000623889
3.9612e-12	-0.000624957
3.96255e-12	-0.000626026
3.9639e-12	-0.000627096
3.96525e-12	-0.000628167
3.96661e-12	-0.00062924
3.96796e-12	-0.000630314
3.96931e-12	-0.000631389
3.97066e-12	-0.000632466
3.97202e-12	-0.000633544
3.97337e-12	-0.000634623
3.97472e-12	-0.000635703
3.97607e-12	-0.000636785
3.97743e-12	-0.000637868
3.97878e-12	-0.000638952
3.98013e-12	-0.000640037
3.98148e-12	-0.000641124
3.98284e-12	-0.000642212
3.98419e-12	-0.000643302
3.98554e-12	-0.000644392
3.9869e-12	-0.000645484
3.98825e-12	-0.000646578
3.9896e-12	-0.000647672
3.99095e-12	-0.000648768
3.99231e-12	-0.000649865
3.99366e-12	-0.000650964
3.99501e-12	-0.000652063
3.99636e-12	-0.000653165
3.99772e-12	-0.000654267
3.99907e-12	-0.000655371
4.00042e-12	-0.000656476
4.00177e-12	-0.000657582
4.00313e-12	-0.000658689
4.00448e-12	-0.000659798
4.00583e-12	-0.000660909
4.00718e-12	-0.00066202
4.00854e-12	-0.000663133
4.00989e-12	-0.000664247
4.01124e-12	-0.000665363
4.0126e-12	-0.00066648
4.01395e-12	-0.000667598
4.0153e-12	-0.000668717
4.01665e-12	-0.000669838
4.01801e-12	-0.00067096
4.01936e-12	-0.000672083
4.02071e-12	-0.000673208
4.02206e-12	-0.000674334
4.02342e-12	-0.000675462
4.02477e-12	-0.00067659
4.02612e-12	-0.00067772
4.02747e-12	-0.000678852
4.02883e-12	-0.000679984
4.03018e-12	-0.000681119
4.03153e-12	-0.000682254
4.03288e-12	-0.000683391
4.03424e-12	-0.000684529
4.03559e-12	-0.000685668
4.03694e-12	-0.000686809
4.0383e-12	-0.000687951
4.03965e-12	-0.000689094
4.041e-12	-0.000690239
4.04235e-12	-0.000691385
4.04371e-12	-0.000692533
4.04506e-12	-0.000693681
4.04641e-12	-0.000694832
4.04776e-12	-0.000695983
4.04912e-12	-0.000697136
4.05047e-12	-0.00069829
4.05182e-12	-0.000699446
4.05317e-12	-0.000700603
4.05453e-12	-0.000701761
4.05588e-12	-0.00070292
4.05723e-12	-0.000704081
4.05858e-12	-0.000705244
4.05994e-12	-0.000706407
4.06129e-12	-0.000707573
4.06264e-12	-0.000708739
4.064e-12	-0.000709907
4.06535e-12	-0.000711076
4.0667e-12	-0.000712246
4.06805e-12	-0.000713418
4.06941e-12	-0.000714592
4.07076e-12	-0.000715766
4.07211e-12	-0.000716942
4.07346e-12	-0.00071812
4.07482e-12	-0.000719298
4.07617e-12	-0.000720478
4.07752e-12	-0.00072166
4.07887e-12	-0.000722843
4.08023e-12	-0.000724027
4.08158e-12	-0.000725213
4.08293e-12	-0.0007264
4.08428e-12	-0.000727588
4.08564e-12	-0.000728778
4.08699e-12	-0.000729969
4.08834e-12	-0.000731162
4.0897e-12	-0.000732356
4.09105e-12	-0.000733551
4.0924e-12	-0.000734748
4.09375e-12	-0.000735946
4.09511e-12	-0.000737145
4.09646e-12	-0.000738346
4.09781e-12	-0.000739548
4.09916e-12	-0.000740752
4.10052e-12	-0.000741957
4.10187e-12	-0.000743164
4.10322e-12	-0.000744372
4.10457e-12	-0.000745581
4.10593e-12	-0.000746792
4.10728e-12	-0.000748004
4.10863e-12	-0.000749217
4.10999e-12	-0.000750432
4.11134e-12	-0.000751648
4.11269e-12	-0.000752866
4.11404e-12	-0.000754085
4.1154e-12	-0.000755306
4.11675e-12	-0.000756528
4.1181e-12	-0.000757751
4.11945e-12	-0.000758976
4.12081e-12	-0.000760202
4.12216e-12	-0.00076143
4.12351e-12	-0.000762659
4.12486e-12	-0.000763889
4.12622e-12	-0.000765121
4.12757e-12	-0.000766354
4.12892e-12	-0.000767589
4.13027e-12	-0.000768825
4.13163e-12	-0.000770063
4.13298e-12	-0.000771302
4.13433e-12	-0.000772542
4.13569e-12	-0.000773784
4.13704e-12	-0.000775028
4.13839e-12	-0.000776272
4.13974e-12	-0.000777519
4.1411e-12	-0.000778766
4.14245e-12	-0.000780015
4.1438e-12	-0.000781266
4.14515e-12	-0.000782518
4.14651e-12	-0.000783771
4.14786e-12	-0.000785026
4.14921e-12	-0.000786282
4.15056e-12	-0.00078754
4.15192e-12	-0.000788799
4.15327e-12	-0.00079006
4.15462e-12	-0.000791322
4.15597e-12	-0.000792585
4.15733e-12	-0.00079385
4.15868e-12	-0.000795116
4.16003e-12	-0.000796384
4.16139e-12	-0.000797654
4.16274e-12	-0.000798924
4.16409e-12	-0.000800197
4.16544e-12	-0.00080147
4.1668e-12	-0.000802745
4.16815e-12	-0.000804022
4.1695e-12	-0.0008053
4.17085e-12	-0.00080658
4.17221e-12	-0.000807861
4.17356e-12	-0.000809143
4.17491e-12	-0.000810427
4.17626e-12	-0.000811712
4.17762e-12	-0.000812999
4.17897e-12	-0.000814288
4.18032e-12	-0.000815577
4.18167e-12	-0.000816869
4.18303e-12	-0.000818162
4.18438e-12	-0.000819456
4.18573e-12	-0.000820751
4.18709e-12	-0.000822049
4.18844e-12	-0.000823347
4.18979e-12	-0.000824648
4.19114e-12	-0.000825949
4.1925e-12	-0.000827252
4.19385e-12	-0.000828557
4.1952e-12	-0.000829863
4.19655e-12	-0.000831171
4.19791e-12	-0.00083248
4.19926e-12	-0.00083379
4.20061e-12	-0.000835103
4.20196e-12	-0.000836416
4.20332e-12	-0.000837731
4.20467e-12	-0.000839048
4.20602e-12	-0.000840366
4.20737e-12	-0.000841685
4.20873e-12	-0.000843006
4.21008e-12	-0.000844329
4.21143e-12	-0.000845653
4.21279e-12	-0.000846979
4.21414e-12	-0.000848306
4.21549e-12	-0.000849634
4.21684e-12	-0.000850964
4.2182e-12	-0.000852296
4.21955e-12	-0.000853629
4.2209e-12	-0.000854964
4.22225e-12	-0.0008563
4.22361e-12	-0.000857638
4.22496e-12	-0.000858977
4.22631e-12	-0.000860318
4.22766e-12	-0.00086166
4.22902e-12	-0.000863004
4.23037e-12	-0.000864349
4.23172e-12	-0.000865696
4.23307e-12	-0.000867044
4.23443e-12	-0.000868394
4.23578e-12	-0.000869745
4.23713e-12	-0.000871098
4.23849e-12	-0.000872453
4.23984e-12	-0.000873809
4.24119e-12	-0.000875166
4.24254e-12	-0.000876525
4.2439e-12	-0.000877886
4.24525e-12	-0.000879248
4.2466e-12	-0.000880611
4.24795e-12	-0.000881977
4.24931e-12	-0.000883343
4.25066e-12	-0.000884712
4.25201e-12	-0.000886081
4.25336e-12	-0.000887453
4.25472e-12	-0.000888826
4.25607e-12	-0.0008902
4.25742e-12	-0.000891576
4.25878e-12	-0.000892954
4.26013e-12	-0.000894333
4.26148e-12	-0.000895713
4.26283e-12	-0.000897096
4.26419e-12	-0.000898479
4.26554e-12	-0.000899865
4.26689e-12	-0.000901252
4.26824e-12	-0.00090264
4.2696e-12	-0.00090403
4.27095e-12	-0.000905422
4.2723e-12	-0.000906815
4.27365e-12	-0.00090821
4.27501e-12	-0.000909606
4.27636e-12	-0.000911004
4.27771e-12	-0.000912403
4.27906e-12	-0.000913804
4.28042e-12	-0.000915207
4.28177e-12	-0.000916611
4.28312e-12	-0.000918016
4.28448e-12	-0.000919424
4.28583e-12	-0.000920833
4.28718e-12	-0.000922243
4.28853e-12	-0.000923655
4.28989e-12	-0.000925069
4.29124e-12	-0.000926484
4.29259e-12	-0.000927901
4.29394e-12	-0.000929319
4.2953e-12	-0.000930739
4.29665e-12	-0.000932161
4.298e-12	-0.000933584
4.29935e-12	-0.000935008
4.30071e-12	-0.000936435
4.30206e-12	-0.000937863
4.30341e-12	-0.000939292
4.30476e-12	-0.000940723
4.30612e-12	-0.000942156
4.30747e-12	-0.00094359
4.30882e-12	-0.000945026
4.31018e-12	-0.000946464
4.31153e-12	-0.000947903
4.31288e-12	-0.000949343
4.31423e-12	-0.000950786
4.31559e-12	-0.00095223
4.31694e-12	-0.000953675
4.31829e-12	-0.000955122
4.31964e-12	-0.000956571
4.321e-12	-0.000958022
4.32235e-12	-0.000959474
4.3237e-12	-0.000960927
4.32505e-12	-0.000962382
4.32641e-12	-0.000963839
4.32776e-12	-0.000965298
4.32911e-12	-0.000966758
4.33046e-12	-0.00096822
4.33182e-12	-0.000969683
4.33317e-12	-0.000971148
4.33452e-12	-0.000972615
4.33588e-12	-0.000974083
4.33723e-12	-0.000975553
4.33858e-12	-0.000977024
4.33993e-12	-0.000978497
4.34129e-12	-0.000979972
4.34264e-12	-0.000981449
4.34399e-12	-0.000982927
4.34534e-12	-0.000984406
4.3467e-12	-0.000985888
4.34805e-12	-0.00098737
4.3494e-12	-0.000988855
4.35075e-12	-0.000990341
4.35211e-12	-0.000991829
4.35346e-12	-0.000993319
4.35481e-12	-0.00099481
4.35616e-12	-0.000996303
4.35752e-12	-0.000997797
4.35887e-12	-0.000999294
4.36022e-12	-0.00100079
4.36158e-12	-0.00100229
4.36293e-12	-0.00100379
4.36428e-12	-0.00100529
4.36563e-12	-0.0010068
4.36699e-12	-0.00100831
4.36834e-12	-0.00100981
4.36969e-12	-0.00101132
4.37104e-12	-0.00101283
4.3724e-12	-0.00101435
4.37375e-12	-0.00101586
4.3751e-12	-0.00101738
4.37645e-12	-0.00101889
4.37781e-12	-0.00102041
4.37916e-12	-0.00102194
4.38051e-12	-0.00102346
4.38186e-12	-0.00102498
4.38322e-12	-0.00102651
4.38457e-12	-0.00102804
4.38592e-12	-0.00102957
4.38728e-12	-0.0010311
4.38863e-12	-0.00103263
4.38998e-12	-0.00103417
4.39133e-12	-0.0010357
4.39269e-12	-0.00103724
4.39404e-12	-0.00103878
4.39539e-12	-0.00104032
4.39674e-12	-0.00104186
4.3981e-12	-0.00104341
4.39945e-12	-0.00104495
4.4008e-12	-0.0010465
4.40215e-12	-0.00104805
4.40351e-12	-0.0010496
4.40486e-12	-0.00105116
4.40621e-12	-0.00105271
4.40756e-12	-0.00105427
4.40892e-12	-0.00105583
4.41027e-12	-0.00105739
4.41162e-12	-0.00105895
4.41298e-12	-0.00106051
4.41433e-12	-0.00106208
4.41568e-12	-0.00106364
4.41703e-12	-0.00106521
4.41839e-12	-0.00106678
4.41974e-12	-0.00106836
4.42109e-12	-0.00106993
4.42244e-12	-0.00107151
4.4238e-12	-0.00107308
4.42515e-12	-0.00107466
4.4265e-12	-0.00107624
4.42785e-12	-0.00107782
4.42921e-12	-0.00107941
4.43056e-12	-0.00108099
4.43191e-12	-0.00108258
4.43327e-12	-0.00108417
4.43462e-12	-0.00108576
4.43597e-12	-0.00108736
4.43732e-12	-0.00108895
4.43868e-12	-0.00109055
4.44003e-12	-0.00109214
4.44138e-12	-0.00109374
4.44273e-12	-0.00109535
4.44409e-12	-0.00109695
4.44544e-12	-0.00109855
4.44679e-12	-0.00110016
4.44814e-12	-0.00110177
4.4495e-12	-0.00110338
4.45085e-12	-0.00110499
4.4522e-12	-0.0011066
4.45355e-12	-0.00110822
4.45491e-12	-0.00110984
4.45626e-12	-0.00111146
4.45761e-12	-0.00111308
4.45897e-12	-0.0011147
4.46032e-12	-0.00111632
4.46167e-12	-0.00111795
4.46302e-12	-0.00111958
4.46438e-12	-0.00112121
4.46573e-12	-0.00112284
4.46708e-12	-0.00112447
4.46843e-12	-0.00112611
4.46979e-12	-0.00112774
4.47114e-12	-0.00112938
4.47249e-12	-0.00113102
4.47384e-12	-0.00113266
4.4752e-12	-0.00113431
4.47655e-12	-0.00113595
4.4779e-12	-0.0011376
4.47925e-12	-0.00113925
4.48061e-12	-0.0011409
4.48196e-12	-0.00114255
4.48331e-12	-0.00114421
4.48467e-12	-0.00114587
4.48602e-12	-0.00114752
4.48737e-12	-0.00114918
4.48872e-12	-0.00115084
4.49008e-12	-0.00115251
4.49143e-12	-0.00115417
4.49278e-12	-0.00115584
4.49413e-12	-0.00115751
4.49549e-12	-0.00115918
4.49684e-12	-0.00116085
4.49819e-12	-0.00116253
4.49954e-12	-0.0011642
4.5009e-12	-0.00116588
4.50225e-12	-0.00116756
4.5036e-12	-0.00116924
4.50495e-12	-0.00117093
4.50631e-12	-0.00117261
4.50766e-12	-0.0011743
4.50901e-12	-0.00117599
4.51037e-12	-0.00117768
4.51172e-12	-0.00117937
4.51307e-12	-0.00118106
4.51442e-12	-0.00118276
4.51578e-12	-0.00118446
4.51713e-12	-0.00118616
4.51848e-12	-0.00118786
4.51983e-12	-0.00118956
4.52119e-12	-0.00119127
4.52254e-12	-0.00119297
4.52389e-12	-0.00119468
4.52524e-12	-0.00119639
4.5266e-12	-0.00119811
4.52795e-12	-0.00119982
4.5293e-12	-0.00120154
4.53065e-12	-0.00120326
4.53201e-12	-0.00120498
4.53336e-12	-0.0012067
4.53471e-12	-0.00120842
4.53607e-12	-0.00121015
4.53742e-12	-0.00121187
4.53877e-12	-0.0012136
4.54012e-12	-0.00121533
4.54148e-12	-0.00121707
4.54283e-12	-0.0012188
4.54418e-12	-0.00122054
4.54553e-12	-0.00122228
4.54689e-12	-0.00122402
4.54824e-12	-0.00122576
4.54959e-12	-0.0012275
4.55094e-12	-0.00122925
4.5523e-12	-0.001231
4.55365e-12	-0.00123275
4.555e-12	-0.0012345
4.55635e-12	-0.00123625
4.55771e-12	-0.00123801
4.55906e-12	-0.00123976
4.56041e-12	-0.00124152
4.56177e-12	-0.00124328
4.56312e-12	-0.00124505
4.56447e-12	-0.00124681
4.56582e-12	-0.00124858
4.56718e-12	-0.00125035
4.56853e-12	-0.00125212
4.56988e-12	-0.00125389
4.57123e-12	-0.00125566
4.57259e-12	-0.00125744
4.57394e-12	-0.00125922
4.57529e-12	-0.001261
4.57664e-12	-0.00126278
4.578e-12	-0.00126456
4.57935e-12	-0.00126635
4.5807e-12	-0.00126813
4.58206e-12	-0.00126992
4.58341e-12	-0.00127171
4.58476e-12	-0.00127351
4.58611e-12	-0.0012753
4.58747e-12	-0.0012771
4.58882e-12	-0.0012789
4.59017e-12	-0.0012807
4.59152e-12	-0.0012825
4.59288e-12	-0.0012843
4.59423e-12	-0.00128611
4.59558e-12	-0.00128792
4.59693e-12	-0.00128973
4.59829e-12	-0.00129154
4.59964e-12	-0.00129336
4.60099e-12	-0.00129517
4.60234e-12	-0.00129699
4.6037e-12	-0.00129881
4.60505e-12	-0.00130063
4.6064e-12	-0.00130245
4.60776e-12	-0.00130428
4.60911e-12	-0.00130611
4.61046e-12	-0.00130794
4.61181e-12	-0.00130977
4.61317e-12	-0.0013116
4.61452e-12	-0.00131344
4.61587e-12	-0.00131527
4.61722e-12	-0.00131711
4.61858e-12	-0.00131896
4.61993e-12	-0.0013208
4.62128e-12	-0.00132264
4.62263e-12	-0.00132449
4.62399e-12	-0.00132634
4.62534e-12	-0.00132819
4.62669e-12	-0.00133004
4.62804e-12	-0.0013319
4.6294e-12	-0.00133375
4.63075e-12	-0.00133561
4.6321e-12	-0.00133747
4.63346e-12	-0.00133934
4.63481e-12	-0.0013412
4.63616e-12	-0.00134307
4.63751e-12	-0.00134494
4.63887e-12	-0.00134681
4.64022e-12	-0.00134868
4.64157e-12	-0.00135055
4.64292e-12	-0.00135243
4.64428e-12	-0.00135431
4.64563e-12	-0.00135619
4.64698e-12	-0.00135807
4.64833e-12	-0.00135995
4.64969e-12	-0.00136184
4.65104e-12	-0.00136373
4.65239e-12	-0.00136562
4.65374e-12	-0.00136751
4.6551e-12	-0.00136941
4.65645e-12	-0.0013713
4.6578e-12	-0.0013732
4.65916e-12	-0.0013751
4.66051e-12	-0.001377
4.66186e-12	-0.00137891
4.66321e-12	-0.00138081
4.66457e-12	-0.00138272
4.66592e-12	-0.00138463
4.66727e-12	-0.00138654
4.66862e-12	-0.00138846
4.66998e-12	-0.00139037
4.67133e-12	-0.00139229
4.67268e-12	-0.00139421
4.67403e-12	-0.00139613
4.67539e-12	-0.00139806
4.67674e-12	-0.00139998
4.67809e-12	-0.00140191
4.67944e-12	-0.00140384
4.6808e-12	-0.00140578
4.68215e-12	-0.00140771
4.6835e-12	-0.00140965
4.68486e-12	-0.00141158
4.68621e-12	-0.00141352
4.68756e-12	-0.00141547
4.68891e-12	-0.00141741
4.69027e-12	-0.00141936
4.69162e-12	-0.00142131
4.69297e-12	-0.00142326
4.69432e-12	-0.00142521
4.69568e-12	-0.00142716
4.69703e-12	-0.00142912
4.69838e-12	-0.00143108
4.69973e-12	-0.00143304
4.70109e-12	-0.001435
4.70244e-12	-0.00143697
4.70379e-12	-0.00143893
4.70514e-12	-0.0014409
4.7065e-12	-0.00144287
4.70785e-12	-0.00144485
4.7092e-12	-0.00144682
4.71056e-12	-0.0014488
4.71191e-12	-0.00145078
4.71326e-12	-0.00145276
4.71461e-12	-0.00145474
4.71597e-12	-0.00145673
4.71732e-12	-0.00145872
4.71867e-12	-0.0014607
4.72002e-12	-0.0014627
4.72138e-12	-0.00146469
4.72273e-12	-0.00146669
4.72408e-12	-0.00146868
4.72543e-12	-0.00147068
4.72679e-12	-0.00147269
4.72814e-12	-0.00147469
4.72949e-12	-0.00147669
4.73085e-12	-0.0014787
4.7322e-12	-0.00148071
4.73355e-12	-0.00148273
4.7349e-12	-0.00148474
4.73626e-12	-0.00148676
4.73761e-12	-0.00148877
4.73896e-12	-0.0014908
4.74031e-12	-0.00149282
4.74167e-12	-0.00149484
4.74302e-12	-0.00149687
4.74437e-12	-0.0014989
4.74572e-12	-0.00150093
4.74708e-12	-0.00150296
4.74843e-12	-0.001505
4.74978e-12	-0.00150704
4.75113e-12	-0.00150908
4.75249e-12	-0.00151112
4.75384e-12	-0.00151316
4.75519e-12	-0.00151521
4.75655e-12	-0.00151725
4.7579e-12	-0.0015193
4.75925e-12	-0.00152136
4.7606e-12	-0.00152341
4.76196e-12	-0.00152547
4.76331e-12	-0.00152753
4.76466e-12	-0.00152959
4.76601e-12	-0.00153165
4.76737e-12	-0.00153371
4.76872e-12	-0.00153578
4.77007e-12	-0.00153785
4.77142e-12	-0.00153992
4.77278e-12	-0.00154199
4.77413e-12	-0.00154407
4.77548e-12	-0.00154615
4.77683e-12	-0.00154823
4.77819e-12	-0.00155031
4.77954e-12	-0.00155239
4.78089e-12	-0.00155448
4.78225e-12	-0.00155657
4.7836e-12	-0.00155866
4.78495e-12	-0.00156075
4.7863e-12	-0.00156285
4.78766e-12	-0.00156494
4.78901e-12	-0.00156704
4.79036e-12	-0.00156914
4.79171e-12	-0.00157125
4.79307e-12	-0.00157335
4.79442e-12	-0.00157546
4.79577e-12	-0.00157757
4.79712e-12	-0.00157968
4.79848e-12	-0.0015818
4.79983e-12	-0.00158391
4.80118e-12	-0.00158603
4.80253e-12	-0.00158815
4.80389e-12	-0.00159027
4.80524e-12	-0.0015924
4.80659e-12	-0.00159453
4.80795e-12	-0.00159666
4.8093e-12	-0.00159879
4.81065e-12	-0.00160092
4.812e-12	-0.00160306
4.81336e-12	-0.0016052
4.81471e-12	-0.00160734
4.81606e-12	-0.00160948
4.81741e-12	-0.00161162
4.81877e-12	-0.00161377
4.82012e-12	-0.00161592
4.82147e-12	-0.00161807
4.82282e-12	-0.00162022
4.82418e-12	-0.00162238
4.82553e-12	-0.00162454
4.82688e-12	-0.0016267
4.82823e-12	-0.00162886
4.82959e-12	-0.00163102
4.83094e-12	-0.00163319
4.83229e-12	-0.00163536
4.83365e-12	-0.00163753
4.835e-12	-0.0016397
4.83635e-12	-0.00164188
4.8377e-12	-0.00164406
4.83906e-12	-0.00164624
4.84041e-12	-0.00164842
4.84176e-12	-0.0016506
4.84311e-12	-0.00165279
4.84447e-12	-0.00165498
4.84582e-12	-0.00165717
4.84717e-12	-0.00165936
4.84852e-12	-0.00166156
4.84988e-12	-0.00166376
4.85123e-12	-0.00166596
4.85258e-12	-0.00166816
4.85393e-12	-0.00167036
4.85529e-12	-0.00167257
4.85664e-12	-0.00167478
4.85799e-12	-0.00167699
4.85935e-12	-0.0016792
4.8607e-12	-0.00168142
4.86205e-12	-0.00168364
4.8634e-12	-0.00168586
4.86476e-12	-0.00168808
4.86611e-12	-0.0016903
4.86746e-12	-0.00169253
4.86881e-12	-0.00169476
4.87017e-12	-0.00169699
4.87152e-12	-0.00169922
4.87287e-12	-0.00170146
4.87422e-12	-0.0017037
4.87558e-12	-0.00170594
4.87693e-12	-0.00170818
4.87828e-12	-0.00171043
4.87964e-12	-0.00171267
4.88099e-12	-0.00171492
4.88234e-12	-0.00171717
4.88369e-12	-0.00171943
4.88505e-12	-0.00172168
4.8864e-12	-0.00172394
4.88775e-12	-0.0017262
4.8891e-12	-0.00172847
4.89046e-12	-0.00173073
4.89181e-12	-0.001733
4.89316e-12	-0.00173527
4.89451e-12	-0.00173754
4.89587e-12	-0.00173982
4.89722e-12	-0.00174209
4.89857e-12	-0.00174437
4.89992e-12	-0.00174665
4.90128e-12	-0.00174894
4.90263e-12	-0.00175122
4.90398e-12	-0.00175351
4.90534e-12	-0.0017558
4.90669e-12	-0.0017581
4.90804e-12	-0.00176039
4.90939e-12	-0.00176269
4.91075e-12	-0.00176499
4.9121e-12	-0.00176729
4.91345e-12	-0.0017696
4.9148e-12	-0.0017719
4.91616e-12	-0.00177421
4.91751e-12	-0.00177652
4.91886e-12	-0.00177884
4.92021e-12	-0.00178115
4.92157e-12	-0.00178347
4.92292e-12	-0.00178579
4.92427e-12	-0.00178812
4.92562e-12	-0.00179044
4.92698e-12	-0.00179277
4.92833e-12	-0.0017951
4.92968e-12	-0.00179743
4.93104e-12	-0.00179977
4.93239e-12	-0.0018021
4.93374e-12	-0.00180444
4.93509e-12	-0.00180678
4.93645e-12	-0.00180913
4.9378e-12	-0.00181148
4.93915e-12	-0.00181382
4.9405e-12	-0.00181618
4.94186e-12	-0.00181853
4.94321e-12	-0.00182088
4.94456e-12	-0.00182324
4.94591e-12	-0.0018256
4.94727e-12	-0.00182797
4.94862e-12	-0.00183033
4.94997e-12	-0.0018327
4.95132e-12	-0.00183507
4.95268e-12	-0.00183744
4.95403e-12	-0.00183982
4.95538e-12	-0.00184219
4.95674e-12	-0.00184457
4.95809e-12	-0.00184695
4.95944e-12	-0.00184934
4.96079e-12	-0.00185173
4.96215e-12	-0.00185411
4.9635e-12	-0.00185651
4.96485e-12	-0.0018589
4.9662e-12	-0.0018613
4.96756e-12	-0.00186369
4.96891e-12	-0.0018661
4.97026e-12	-0.0018685
4.97161e-12	-0.0018709
4.97297e-12	-0.00187331
4.97432e-12	-0.00187572
4.97567e-12	-0.00187814
4.97702e-12	-0.00188055
4.97838e-12	-0.00188297
4.97973e-12	-0.00188539
4.98108e-12	-0.00188781
4.98244e-12	-0.00189024
4.98379e-12	-0.00189266
4.98514e-12	-0.00189509
4.98649e-12	-0.00189753
4.98785e-12	-0.00189996
4.9892e-12	-0.0019024
4.99055e-12	-0.00190484
4.9919e-12	-0.00190728
4.99326e-12	-0.00190972
4.99461e-12	-0.00191217
4.99596e-12	-0.00191462
4.99731e-12	-0.00191707
4.99867e-12	-0.00191952
5.00002e-12	-0.00192198
5.00137e-12	-0.00192444
5.00272e-12	-0.0019269
5.00408e-12	-0.00192936
5.00543e-12	-0.00193183
5.00678e-12	-0.0019343
5.00814e-12	-0.00193677
5.00949e-12	-0.00193924
5.01084e-12	-0.00194172
5.01219e-12	-0.0019442
5.01355e-12	-0.00194668
5.0149e-12	-0.00194916
5.01625e-12	-0.00195165
5.0176e-12	-0.00195414
5.01896e-12	-0.00195663
5.02031e-12	-0.00195912
5.02166e-12	-0.00196161
5.02301e-12	-0.00196411
5.02437e-12	-0.00196661
5.02572e-12	-0.00196912
5.02707e-12	-0.00197162
5.02843e-12	-0.00197413
5.02978e-12	-0.00197664
5.03113e-12	-0.00197915
5.03248e-12	-0.00198167
5.03384e-12	-0.00198418
5.03519e-12	-0.0019867
5.03654e-12	-0.00198923
5.03789e-12	-0.00199175
5.03925e-12	-0.00199428
5.0406e-12	-0.00199681
5.04195e-12	-0.00199934
5.0433e-12	-0.00200188
5.04466e-12	-0.00200442
5.04601e-12	-0.00200696
5.04736e-12	-0.0020095
5.04871e-12	-0.00201204
5.05007e-12	-0.00201459
5.05142e-12	-0.00201714
5.05277e-12	-0.00201969
5.05413e-12	-0.00202225
5.05548e-12	-0.00202481
5.05683e-12	-0.00202737
5.05818e-12	-0.00202993
5.05954e-12	-0.00203249
5.06089e-12	-0.00203506
5.06224e-12	-0.00203763
5.06359e-12	-0.00204021
5.06495e-12	-0.00204278
5.0663e-12	-0.00204536
5.06765e-12	-0.00204794
5.069e-12	-0.00205052
5.07036e-12	-0.00205311
5.07171e-12	-0.00205569
5.07306e-12	-0.00205829
5.07441e-12	-0.00206088
5.07577e-12	-0.00206347
5.07712e-12	-0.00206607
5.07847e-12	-0.00206867
5.07983e-12	-0.00207128
5.08118e-12	-0.00207388
5.08253e-12	-0.00207649
5.08388e-12	-0.0020791
5.08524e-12	-0.00208171
5.08659e-12	-0.00208433
5.08794e-12	-0.00208695
5.08929e-12	-0.00208957
5.09065e-12	-0.00209219
5.092e-12	-0.00209482
5.09335e-12	-0.00209745
5.0947e-12	-0.00210008
5.09606e-12	-0.00210271
5.09741e-12	-0.00210535
5.09876e-12	-0.00210799
5.10011e-12	-0.00211063
5.10147e-12	-0.00211327
5.10282e-12	-0.00211592
5.10417e-12	-0.00211857
5.10553e-12	-0.00212122
5.10688e-12	-0.00212387
5.10823e-12	-0.00212653
5.10958e-12	-0.00212919
5.11094e-12	-0.00213185
5.11229e-12	-0.00213452
5.11364e-12	-0.00213718
5.11499e-12	-0.00213985
5.11635e-12	-0.00214253
5.1177e-12	-0.0021452
5.11905e-12	-0.00214788
5.1204e-12	-0.00215056
5.12176e-12	-0.00215324
5.12311e-12	-0.00215593
5.12446e-12	-0.00215862
5.12581e-12	-0.00216131
5.12717e-12	-0.002164
5.12852e-12	-0.0021667
5.12987e-12	-0.00216939
5.13123e-12	-0.0021721
5.13258e-12	-0.0021748
5.13393e-12	-0.00217751
5.13528e-12	-0.00218021
5.13664e-12	-0.00218293
5.13799e-12	-0.00218564
5.13934e-12	-0.00218836
5.14069e-12	-0.00219108
5.14205e-12	-0.0021938
5.1434e-12	-0.00219652
5.14475e-12	-0.00219925
5.1461e-12	-0.00220198
5.14746e-12	-0.00220471
5.14881e-12	-0.00220745
5.15016e-12	-0.00221019
5.15151e-12	-0.00221293
5.15287e-12	-0.00221567
5.15422e-12	-0.00221842
5.15557e-12	-0.00222116
5.15693e-12	-0.00222392
5.15828e-12	-0.00222667
5.15963e-12	-0.00222943
5.16098e-12	-0.00223218
5.16234e-12	-0.00223495
5.16369e-12	-0.00223771
5.16504e-12	-0.00224048
5.16639e-12	-0.00224325
5.16775e-12	-0.00224602
5.1691e-12	-0.0022488
5.17045e-12	-0.00225157
5.1718e-12	-0.00225435
5.17316e-12	-0.00225714
5.17451e-12	-0.00225992
5.17586e-12	-0.00226271
5.17721e-12	-0.0022655
5.17857e-12	-0.0022683
5.17992e-12	-0.00227109
5.18127e-12	-0.00227389
5.18263e-12	-0.00227669
5.18398e-12	-0.0022795
5.18533e-12	-0.00228231
5.18668e-12	-0.00228512
5.18804e-12	-0.00228793
5.18939e-12	-0.00229074
5.19074e-12	-0.00229356
5.19209e-12	-0.00229638
5.19345e-12	-0.00229921
5.1948e-12	-0.00230203
5.19615e-12	-0.00230486
5.1975e-12	-0.00230769
5.19886e-12	-0.00231053
5.20021e-12	-0.00231337
5.20156e-12	-0.00231621
5.20292e-12	-0.00231905
5.20427e-12	-0.00232189
5.20562e-12	-0.00232474
5.20697e-12	-0.00232759
5.20833e-12	-0.00233044
5.20968e-12	-0.0023333
5.21103e-12	-0.00233616
5.21238e-12	-0.00233902
5.21374e-12	-0.00234189
5.21509e-12	-0.00234475
5.21644e-12	-0.00234762
5.21779e-12	-0.0023505
5.21915e-12	-0.00235337
5.2205e-12	-0.00235625
5.22185e-12	-0.00235913
5.2232e-12	-0.00236201
5.22456e-12	-0.0023649
5.22591e-12	-0.00236779
5.22726e-12	-0.00237068
5.22862e-12	-0.00237358
5.22997e-12	-0.00237647
5.23132e-12	-0.00237937
5.23267e-12	-0.00238228
5.23403e-12	-0.00238518
5.23538e-12	-0.00238809
5.23673e-12	-0.002391
5.23808e-12	-0.00239391
5.23944e-12	-0.00239683
5.24079e-12	-0.00239975
5.24214e-12	-0.00240267
5.24349e-12	-0.0024056
5.24485e-12	-0.00240853
5.2462e-12	-0.00241146
5.24755e-12	-0.00241439
5.2489e-12	-0.00241733
5.25026e-12	-0.00242027
5.25161e-12	-0.00242321
5.25296e-12	-0.00242615
5.25432e-12	-0.0024291
5.25567e-12	-0.00243205
5.25702e-12	-0.002435
5.25837e-12	-0.00243796
5.25973e-12	-0.00244092
5.26108e-12	-0.00244388
5.26243e-12	-0.00244684
5.26378e-12	-0.00244981
5.26514e-12	-0.00245278
5.26649e-12	-0.00245575
5.26784e-12	-0.00245873
5.26919e-12	-0.00246171
5.27055e-12	-0.00246469
5.2719e-12	-0.00246767
5.27325e-12	-0.00247066
5.2746e-12	-0.00247365
5.27596e-12	-0.00247664
5.27731e-12	-0.00247963
5.27866e-12	-0.00248263
5.28002e-12	-0.00248563
5.28137e-12	-0.00248864
5.28272e-12	-0.00249164
5.28407e-12	-0.00249465
5.28543e-12	-0.00249767
5.28678e-12	-0.00250068
5.28813e-12	-0.0025037
5.28948e-12	-0.00250672
5.29084e-12	-0.00250974
5.29219e-12	-0.00251277
5.29354e-12	-0.0025158
5.29489e-12	-0.00251883
5.29625e-12	-0.00252187
5.2976e-12	-0.0025249
5.29895e-12	-0.00252795
5.3003e-12	-0.00253099
5.30166e-12	-0.00253404
5.30301e-12	-0.00253709
5.30436e-12	-0.00254014
5.30572e-12	-0.00254319
5.30707e-12	-0.00254625
5.30842e-12	-0.00254931
5.30977e-12	-0.00255238
5.31113e-12	-0.00255544
5.31248e-12	-0.00255851
5.31383e-12	-0.00256158
5.31518e-12	-0.00256466
5.31654e-12	-0.00256774
5.31789e-12	-0.00257082
5.31924e-12	-0.0025739
5.32059e-12	-0.00257699
5.32195e-12	-0.00258008
5.3233e-12	-0.00258317
5.32465e-12	-0.00258627
5.326e-12	-0.00258937
5.32736e-12	-0.00259247
5.32871e-12	-0.00259557
5.33006e-12	-0.00259868
5.33142e-12	-0.00260179
5.33277e-12	-0.0026049
5.33412e-12	-0.00260802
5.33547e-12	-0.00261114
5.33683e-12	-0.00261426
5.33818e-12	-0.00261739
5.33953e-12	-0.00262051
5.34088e-12	-0.00262364
5.34224e-12	-0.00262678
5.34359e-12	-0.00262991
5.34494e-12	-0.00263305
5.34629e-12	-0.0026362
5.34765e-12	-0.00263934
5.349e-12	-0.00264249
5.35035e-12	-0.00264564
5.35171e-12	-0.00264879
5.35306e-12	-0.00265195
5.35441e-12	-0.00265511
5.35576e-12	-0.00265827
5.35712e-12	-0.00266144
5.35847e-12	-0.00266461
5.35982e-12	-0.00266778
5.36117e-12	-0.00267096
5.36253e-12	-0.00267413
5.36388e-12	-0.00267731
5.36523e-12	-0.0026805
5.36658e-12	-0.00268369
5.36794e-12	-0.00268688
5.36929e-12	-0.00269007
5.37064e-12	-0.00269326
5.37199e-12	-0.00269646
5.37335e-12	-0.00269966
5.3747e-12	-0.00270287
5.37605e-12	-0.00270608
5.37741e-12	-0.00270929
5.37876e-12	-0.0027125
5.38011e-12	-0.00271572
5.38146e-12	-0.00271894
5.38282e-12	-0.00272216
5.38417e-12	-0.00272538
5.38552e-12	-0.00272861
5.38687e-12	-0.00273184
5.38823e-12	-0.00273508
5.38958e-12	-0.00273832
5.39093e-12	-0.00274156
5.39228e-12	-0.0027448
5.39364e-12	-0.00274805
5.39499e-12	-0.0027513
5.39634e-12	-0.00275455
5.39769e-12	-0.0027578
5.39905e-12	-0.00276106
5.4004e-12	-0.00276432
5.40175e-12	-0.00276759
5.40311e-12	-0.00277086
5.40446e-12	-0.00277413
5.40581e-12	-0.0027774
5.40716e-12	-0.00278068
5.40852e-12	-0.00278396
5.40987e-12	-0.00278724
5.41122e-12	-0.00279053
5.41257e-12	-0.00279382
5.41393e-12	-0.00279711
5.41528e-12	-0.0028004
5.41663e-12	-0.0028037
5.41798e-12	-0.002807
5.41934e-12	-0.00281031
5.42069e-12	-0.00281361
5.42204e-12	-0.00281692
5.42339e-12	-0.00282024
5.42475e-12	-0.00282355
5.4261e-12	-0.00282687
5.42745e-12	-0.0028302
5.42881e-12	-0.00283352
5.43016e-12	-0.00283685
5.43151e-12	-0.00284018
5.43286e-12	-0.00284352
5.43422e-12	-0.00284685
5.43557e-12	-0.00285019
5.43692e-12	-0.00285354
5.43827e-12	-0.00285689
5.43963e-12	-0.00286024
5.44098e-12	-0.00286359
5.44233e-12	-0.00286695
5.44368e-12	-0.00287031
5.44504e-12	-0.00287367
5.44639e-12	-0.00287703
5.44774e-12	-0.0028804
5.44909e-12	-0.00288377
5.45045e-12	-0.00288715
5.4518e-12	-0.00289053
5.45315e-12	-0.00289391
5.45451e-12	-0.00289729
5.45586e-12	-0.00290068
5.45721e-12	-0.00290407
5.45856e-12	-0.00290746
5.45992e-12	-0.00291086
5.46127e-12	-0.00291426
5.46262e-12	-0.00291766
5.46397e-12	-0.00292107
5.46533e-12	-0.00292448
5.46668e-12	-0.00292789
5.46803e-12	-0.00293131
5.46938e-12	-0.00293473
5.47074e-12	-0.00293815
5.47209e-12	-0.00294157
5.47344e-12	-0.002945
5.47479e-12	-0.00294843
5.47615e-12	-0.00295187
5.4775e-12	-0.0029553
5.47885e-12	-0.00295874
5.48021e-12	-0.00296219
5.48156e-12	-0.00296563
5.48291e-12	-0.00296908
5.48426e-12	-0.00297254
5.48562e-12	-0.00297599
5.48697e-12	-0.00297945
5.48832e-12	-0.00298292
5.48967e-12	-0.00298638
5.49103e-12	-0.00298985
5.49238e-12	-0.00299332
5.49373e-12	-0.0029968
5.49508e-12	-0.00300028
5.49644e-12	-0.00300376
5.49779e-12	-0.00300724
5.49914e-12	-0.00301073
5.5005e-12	-0.00301422
5.50185e-12	-0.00301772
5.5032e-12	-0.00302122
5.50455e-12	-0.00302472
5.50591e-12	-0.00302822
5.50726e-12	-0.00303173
5.50861e-12	-0.00303524
5.50996e-12	-0.00303875
5.51132e-12	-0.00304227
5.51267e-12	-0.00304579
5.51402e-12	-0.00304931
5.51537e-12	-0.00305284
5.51673e-12	-0.00305637
5.51808e-12	-0.0030599
5.51943e-12	-0.00306344
5.52078e-12	-0.00306698
5.52214e-12	-0.00307052
5.52349e-12	-0.00307406
5.52484e-12	-0.00307761
5.5262e-12	-0.00308117
5.52755e-12	-0.00308472
5.5289e-12	-0.00308828
5.53025e-12	-0.00309184
5.53161e-12	-0.00309541
5.53296e-12	-0.00309898
5.53431e-12	-0.00310255
5.53566e-12	-0.00310612
5.53702e-12	-0.0031097
5.53837e-12	-0.00311328
5.53972e-12	-0.00311687
5.54107e-12	-0.00312045
5.54243e-12	-0.00312404
5.54378e-12	-0.00312764
5.54513e-12	-0.00313124
5.54648e-12	-0.00313484
5.54784e-12	-0.00313844
5.54919e-12	-0.00314205
5.55054e-12	-0.00314566
5.5519e-12	-0.00314927
5.55325e-12	-0.00315289
5.5546e-12	-0.00315651
5.55595e-12	-0.00316013
5.55731e-12	-0.00316376
5.55866e-12	-0.00316739
5.56001e-12	-0.00317102
5.56136e-12	-0.00317466
5.56272e-12	-0.0031783
5.56407e-12	-0.00318195
5.56542e-12	-0.00318559
5.56677e-12	-0.00318924
5.56813e-12	-0.0031929
5.56948e-12	-0.00319655
5.57083e-12	-0.00320021
5.57218e-12	-0.00320387
5.57354e-12	-0.00320754
5.57489e-12	-0.00321121
5.57624e-12	-0.00321488
5.5776e-12	-0.00321856
5.57895e-12	-0.00322224
5.5803e-12	-0.00322592
5.58165e-12	-0.00322961
5.58301e-12	-0.0032333
5.58436e-12	-0.00323699
5.58571e-12	-0.00324069
5.58706e-12	-0.00324439
5.58842e-12	-0.00324809
5.58977e-12	-0.0032518
5.59112e-12	-0.00325551
5.59247e-12	-0.00325922
5.59383e-12	-0.00326294
5.59518e-12	-0.00326666
5.59653e-12	-0.00327038
5.59788e-12	-0.0032741
5.59924e-12	-0.00327783
5.60059e-12	-0.00328157
5.60194e-12	-0.0032853
5.6033e-12	-0.00328904
5.60465e-12	-0.00329279
5.606e-12	-0.00329653
5.60735e-12	-0.00330028
5.60871e-12	-0.00330404
5.61006e-12	-0.00330779
5.61141e-12	-0.00331155
5.61276e-12	-0.00331532
5.61412e-12	-0.00331908
5.61547e-12	-0.00332285
5.61682e-12	-0.00332663
5.61817e-12	-0.0033304
5.61953e-12	-0.00333418
5.62088e-12	-0.00333797
5.62223e-12	-0.00334175
5.62358e-12	-0.00334554
5.62494e-12	-0.00334934
5.62629e-12	-0.00335313
5.62764e-12	-0.00335693
5.629e-12	-0.00336074
5.63035e-12	-0.00336455
5.6317e-12	-0.00336836
5.63305e-12	-0.00337217
5.63441e-12	-0.00337599
5.63576e-12	-0.00337981
5.63711e-12	-0.00338363
5.63846e-12	-0.00338746
5.63982e-12	-0.00339129
5.64117e-12	-0.00339513
5.64252e-12	-0.00339896
5.64387e-12	-0.00340281
5.64523e-12	-0.00340665
5.64658e-12	-0.0034105
5.64793e-12	-0.00341435
5.64929e-12	-0.00341821
5.65064e-12	-0.00342206
5.65199e-12	-0.00342593
5.65334e-12	-0.00342979
5.6547e-12	-0.00343366
5.65605e-12	-0.00343753
5.6574e-12	-0.00344141
5.65875e-12	-0.00344529
5.66011e-12	-0.00344917
5.66146e-12	-0.00345306
5.66281e-12	-0.00345695
5.66416e-12	-0.00346084
5.66552e-12	-0.00346473
5.66687e-12	-0.00346863
5.66822e-12	-0.00347254
5.66957e-12	-0.00347644
5.67093e-12	-0.00348036
5.67228e-12	-0.00348427
5.67363e-12	-0.00348819
5.67499e-12	-0.00349211
5.67634e-12	-0.00349603
5.67769e-12	-0.00349996
5.67904e-12	-0.00350389
5.6804e-12	-0.00350782
5.68175e-12	-0.00351176
5.6831e-12	-0.0035157
5.68445e-12	-0.00351965
5.68581e-12	-0.0035236
5.68716e-12	-0.00352755
5.68851e-12	-0.00353151
5.68986e-12	-0.00353546
5.69122e-12	-0.00353943
5.69257e-12	-0.00354339
5.69392e-12	-0.00354736
5.69527e-12	-0.00355134
5.69663e-12	-0.00355531
5.69798e-12	-0.00355929
5.69933e-12	-0.00356328
5.70069e-12	-0.00356726
5.70204e-12	-0.00357125
5.70339e-12	-0.00357525
5.70474e-12	-0.00357925
5.7061e-12	-0.00358325
5.70745e-12	-0.00358725
5.7088e-12	-0.00359126
5.71015e-12	-0.00359527
5.71151e-12	-0.00359929
5.71286e-12	-0.00360331
5.71421e-12	-0.00360733
5.71556e-12	-0.00361136
5.71692e-12	-0.00361539
5.71827e-12	-0.00361942
5.71962e-12	-0.00362346
5.72097e-12	-0.0036275
5.72233e-12	-0.00363154
5.72368e-12	-0.00363559
5.72503e-12	-0.00363964
5.72639e-12	-0.00364369
5.72774e-12	-0.00364775
5.72909e-12	-0.00365181
5.73044e-12	-0.00365588
5.7318e-12	-0.00365995
5.73315e-12	-0.00366402
5.7345e-12	-0.00366809
5.73585e-12	-0.00367217
5.73721e-12	-0.00367626
5.73856e-12	-0.00368034
5.73991e-12	-0.00368443
5.74126e-12	-0.00368853
5.74262e-12	-0.00369262
5.74397e-12	-0.00369673
5.74532e-12	-0.00370083
5.74667e-12	-0.00370494
5.74803e-12	-0.00370905
5.74938e-12	-0.00371317
5.75073e-12	-0.00371729
5.75209e-12	-0.00372141
5.75344e-12	-0.00372553
5.75479e-12	-0.00372966
5.75614e-12	-0.0037338
5.7575e-12	-0.00373793
5.75885e-12	-0.00374208
5.7602e-12	-0.00374622
5.76155e-12	-0.00375037
5.76291e-12	-0.00375452
5.76426e-12	-0.00375867
5.76561e-12	-0.00376283
5.76696e-12	-0.003767
5.76832e-12	-0.00377116
5.76967e-12	-0.00377533
5.77102e-12	-0.00377951
5.77237e-12	-0.00378368
5.77373e-12	-0.00378786
5.77508e-12	-0.00379205
5.77643e-12	-0.00379624
5.77779e-12	-0.00380043
5.77914e-12	-0.00380462
5.78049e-12	-0.00380882
5.78184e-12	-0.00381302
5.7832e-12	-0.00381723
5.78455e-12	-0.00382144
5.7859e-12	-0.00382565
5.78725e-12	-0.00382987
5.78861e-12	-0.00383409
5.78996e-12	-0.00383832
5.79131e-12	-0.00384255
5.79266e-12	-0.00384678
5.79402e-12	-0.00385101
5.79537e-12	-0.00385525
5.79672e-12	-0.0038595
5.79807e-12	-0.00386374
5.79943e-12	-0.00386799
5.80078e-12	-0.00387225
5.80213e-12	-0.00387651
5.80349e-12	-0.00388077
5.80484e-12	-0.00388503
5.80619e-12	-0.0038893
5.80754e-12	-0.00389357
5.8089e-12	-0.00389785
5.81025e-12	-0.00390213
5.8116e-12	-0.00390641
5.81295e-12	-0.0039107
5.81431e-12	-0.00391499
5.81566e-12	-0.00391929
5.81701e-12	-0.00392359
5.81836e-12	-0.00392789
5.81972e-12	-0.0039322
5.82107e-12	-0.0039365
5.82242e-12	-0.00394082
5.82378e-12	-0.00394514
5.82513e-12	-0.00394946
5.82648e-12	-0.00395378
5.82783e-12	-0.00395811
5.82919e-12	-0.00396244
5.83054e-12	-0.00396678
5.83189e-12	-0.00397112
5.83324e-12	-0.00397546
5.8346e-12	-0.00397981
5.83595e-12	-0.00398416
5.8373e-12	-0.00398852
5.83865e-12	-0.00399287
5.84001e-12	-0.00399724
5.84136e-12	-0.0040016
5.84271e-12	-0.00400597
5.84406e-12	-0.00401035
5.84542e-12	-0.00401472
5.84677e-12	-0.0040191
5.84812e-12	-0.00402349
5.84948e-12	-0.00402788
5.85083e-12	-0.00403227
5.85218e-12	-0.00403667
5.85353e-12	-0.00404107
5.85489e-12	-0.00404547
5.85624e-12	-0.00404988
5.85759e-12	-0.00405429
5.85894e-12	-0.00405871
5.8603e-12	-0.00406313
5.86165e-12	-0.00406755
5.863e-12	-0.00407198
5.86435e-12	-0.00407641
5.86571e-12	-0.00408084
5.86706e-12	-0.00408528
5.86841e-12	-0.00408972
5.86976e-12	-0.00409417
5.87112e-12	-0.00409862
5.87247e-12	-0.00410307
5.87382e-12	-0.00410753
5.87518e-12	-0.00411199
5.87653e-12	-0.00411645
5.87788e-12	-0.00412092
5.87923e-12	-0.00412539
5.88059e-12	-0.00412987
5.88194e-12	-0.00413435
5.88329e-12	-0.00413883
5.88464e-12	-0.00414332
5.886e-12	-0.00414781
5.88735e-12	-0.00415231
5.8887e-12	-0.00415681
5.89005e-12	-0.00416131
5.89141e-12	-0.00416582
5.89276e-12	-0.00417033
5.89411e-12	-0.00417485
5.89546e-12	-0.00417937
5.89682e-12	-0.00418389
5.89817e-12	-0.00418841
5.89952e-12	-0.00419295
5.90088e-12	-0.00419748
5.90223e-12	-0.00420202
5.90358e-12	-0.00420656
5.90493e-12	-0.00421111
5.90629e-12	-0.00421566
5.90764e-12	-0.00422021
5.90899e-12	-0.00422477
5.91034e-12	-0.00422933
5.9117e-12	-0.00423389
5.91305e-12	-0.00423846
5.9144e-12	-0.00424304
5.91575e-12	-0.00424761
5.91711e-12	-0.00425219
5.91846e-12	-0.00425678
5.91981e-12	-0.00426137
5.92116e-12	-0.00426596
5.92252e-12	-0.00427056
5.92387e-12	-0.00427516
5.92522e-12	-0.00427976
5.92658e-12	-0.00428437
5.92793e-12	-0.00428898
5.92928e-12	-0.0042936
5.93063e-12	-0.00429822
5.93199e-12	-0.00430284
5.93334e-12	-0.00430747
5.93469e-12	-0.0043121
5.93604e-12	-0.00431674
5.9374e-12	-0.00432138
5.93875e-12	-0.00432602
5.9401e-12	-0.00433067
5.94145e-12	-0.00433532
5.94281e-12	-0.00433998
5.94416e-12	-0.00434464
5.94551e-12	-0.0043493
5.94686e-12	-0.00435397
5.94822e-12	-0.00435864
5.94957e-12	-0.00436332
5.95092e-12	-0.004368
5.95228e-12	-0.00437268
5.95363e-12	-0.00437737
5.95498e-12	-0.00438206
5.95633e-12	-0.00438675
5.95769e-12	-0.00439145
5.95904e-12	-0.00439616
5.96039e-12	-0.00440086
5.96174e-12	-0.00440557
5.9631e-12	-0.00441029
5.96445e-12	-0.00441501
5.9658e-12	-0.00441973
5.96715e-12	-0.00442446
5.96851e-12	-0.00442919
5.96986e-12	-0.00443393
5.97121e-12	-0.00443866
5.97257e-12	-0.00444341
5.97392e-12	-0.00444815
5.97527e-12	-0.00445291
5.97662e-12	-0.00445766
5.97798e-12	-0.00446242
5.97933e-12	-0.00446718
5.98068e-12	-0.00447195
5.98203e-12	-0.00447672
5.98339e-12	-0.0044815
5.98474e-12	-0.00448628
5.98609e-12	-0.00449106
5.98744e-12	-0.00449585
5.9888e-12	-0.00450064
5.99015e-12	-0.00450544
5.9915e-12	-0.00451024
5.99285e-12	-0.00451504
5.99421e-12	-0.00451985
5.99556e-12	-0.00452466
5.99691e-12	-0.00452947
5.99827e-12	-0.00453429
5.99962e-12	-0.00453912
6.00097e-12	-0.00454395
6.00232e-12	-0.00454878
6.00368e-12	-0.00455361
6.00503e-12	-0.00455845
6.00638e-12	-0.0045633
6.00773e-12	-0.00456815
6.00909e-12	-0.004573
6.01044e-12	-0.00457786
6.01179e-12	-0.00458272
6.01314e-12	-0.00458758
6.0145e-12	-0.00459245
6.01585e-12	-0.00459732
6.0172e-12	-0.0046022
6.01855e-12	-0.00460708
6.01991e-12	-0.00461196
6.02126e-12	-0.00461685
6.02261e-12	-0.00462175
6.02397e-12	-0.00462664
6.02532e-12	-0.00463155
6.02667e-12	-0.00463645
6.02802e-12	-0.00464136
6.02938e-12	-0.00464627
6.03073e-12	-0.00465119
6.03208e-12	-0.00465611
6.03343e-12	-0.00466104
6.03479e-12	-0.00466597
6.03614e-12	-0.00467091
6.03749e-12	-0.00467584
6.03884e-12	-0.00468079
6.0402e-12	-0.00468573
6.04155e-12	-0.00469068
6.0429e-12	-0.00469564
6.04425e-12	-0.0047006
6.04561e-12	-0.00470556
6.04696e-12	-0.00471053
6.04831e-12	-0.0047155
6.04967e-12	-0.00472048
6.05102e-12	-0.00472546
6.05237e-12	-0.00473044
6.05372e-12	-0.00473543
6.05508e-12	-0.00474042
6.05643e-12	-0.00474542
6.05778e-12	-0.00475042
6.05913e-12	-0.00475542
6.06049e-12	-0.00476043
6.06184e-12	-0.00476545
6.06319e-12	-0.00477046
6.06454e-12	-0.00477549
6.0659e-12	-0.00478051
6.06725e-12	-0.00478554
6.0686e-12	-0.00479057
6.06995e-12	-0.00479561
6.07131e-12	-0.00480066
6.07266e-12	-0.0048057
6.07401e-12	-0.00481075
6.07537e-12	-0.00481581
6.07672e-12	-0.00482087
6.07807e-12	-0.00482593
6.07942e-12	-0.004831
6.08078e-12	-0.00483607
6.08213e-12	-0.00484115
6.08348e-12	-0.00484623
6.08483e-12	-0.00485131
6.08619e-12	-0.0048564
6.08754e-12	-0.00486149
6.08889e-12	-0.00486659
6.09024e-12	-0.00487169
6.0916e-12	-0.0048768
6.09295e-12	-0.00488191
6.0943e-12	-0.00488702
6.09565e-12	-0.00489214
6.09701e-12	-0.00489726
6.09836e-12	-0.00490239
6.09971e-12	-0.00490752
6.10107e-12	-0.00491266
6.10242e-12	-0.0049178
6.10377e-12	-0.00492294
6.10512e-12	-0.00492809
6.10648e-12	-0.00493324
6.10783e-12	-0.0049384
6.10918e-12	-0.00494356
6.11053e-12	-0.00494872
6.11189e-12	-0.00495389
6.11324e-12	-0.00495907
6.11459e-12	-0.00496425
6.11594e-12	-0.00496943
6.1173e-12	-0.00497461
6.11865e-12	-0.00497981
6.12e-12	-0.004985
6.12136e-12	-0.0049902
6.12271e-12	-0.0049954
6.12406e-12	-0.00500061
6.12541e-12	-0.00500582
6.12677e-12	-0.00501104
6.12812e-12	-0.00501626
6.12947e-12	-0.00502149
6.13082e-12	-0.00502672
6.13218e-12	-0.00503195
6.13353e-12	-0.00503719
6.13488e-12	-0.00504243
6.13623e-12	-0.00504768
6.13759e-12	-0.00505293
6.13894e-12	-0.00505818
6.14029e-12	-0.00506344
6.14164e-12	-0.00506871
6.143e-12	-0.00507398
6.14435e-12	-0.00507925
6.1457e-12	-0.00508453
6.14706e-12	-0.00508981
6.14841e-12	-0.00509509
6.14976e-12	-0.00510038
6.15111e-12	-0.00510568
6.15247e-12	-0.00511098
6.15382e-12	-0.00511628
6.15517e-12	-0.00512159
6.15652e-12	-0.0051269
6.15788e-12	-0.00513221
6.15923e-12	-0.00513753
6.16058e-12	-0.00514286
6.16193e-12	-0.00514819
6.16329e-12	-0.00515352
6.16464e-12	-0.00515886
6.16599e-12	-0.0051642
6.16734e-12	-0.00516955
6.1687e-12	-0.0051749
6.17005e-12	-0.00518026
6.1714e-12	-0.00518562
6.17276e-12	-0.00519098
6.17411e-12	-0.00519635
6.17546e-12	-0.00520172
6.17681e-12	-0.0052071
6.17817e-12	-0.00521248
6.17952e-12	-0.00521787
6.18087e-12	-0.00522326
6.18222e-12	-0.00522865
6.18358e-12	-0.00523405
6.18493e-12	-0.00523946
6.18628e-12	-0.00524486
6.18763e-12	-0.00525028
6.18899e-12	-0.00525569
6.19034e-12	-0.00526112
6.19169e-12	-0.00526654
6.19304e-12	-0.00527197
6.1944e-12	-0.00527741
6.19575e-12	-0.00528285
6.1971e-12	-0.00528829
6.19846e-12	-0.00529374
6.19981e-12	-0.00529919
6.20116e-12	-0.00530465
6.20251e-12	-0.00531011
6.20387e-12	-0.00531557
6.20522e-12	-0.00532105
6.20657e-12	-0.00532652
6.20792e-12	-0.005332
6.20928e-12	-0.00533748
6.21063e-12	-0.00534297
6.21198e-12	-0.00534846
6.21333e-12	-0.00535396
6.21469e-12	-0.00535946
6.21604e-12	-0.00536497
6.21739e-12	-0.00537048
6.21874e-12	-0.00537599
6.2201e-12	-0.00538151
6.22145e-12	-0.00538704
6.2228e-12	-0.00539257
6.22416e-12	-0.0053981
6.22551e-12	-0.00540364
6.22686e-12	-0.00540918
6.22821e-12	-0.00541472
6.22957e-12	-0.00542027
6.23092e-12	-0.00542583
6.23227e-12	-0.00543139
6.23362e-12	-0.00543695
6.23498e-12	-0.00544252
6.23633e-12	-0.0054481
6.23768e-12	-0.00545367
6.23903e-12	-0.00545926
6.24039e-12	-0.00546484
6.24174e-12	-0.00547043
6.24309e-12	-0.00547603
6.24444e-12	-0.00548163
6.2458e-12	-0.00548724
6.24715e-12	-0.00549285
6.2485e-12	-0.00549846
6.24986e-12	-0.00550408
6.25121e-12	-0.0055097
6.25256e-12	-0.00551533
6.25391e-12	-0.00552096
6.25527e-12	-0.0055266
6.25662e-12	-0.00553224
6.25797e-12	-0.00553789
6.25932e-12	-0.00554354
6.26068e-12	-0.00554919
6.26203e-12	-0.00555485
6.26338e-12	-0.00556051
6.26473e-12	-0.00556618
6.26609e-12	-0.00557186
6.26744e-12	-0.00557753
6.26879e-12	-0.00558322
6.27015e-12	-0.0055889
6.2715e-12	-0.00559459
6.27285e-12	-0.00560029
6.2742e-12	-0.00560599
6.27556e-12	-0.0056117
6.27691e-12	-0.00561741
6.27826e-12	-0.00562312
6.27961e-12	-0.00562884
6.28097e-12	-0.00563456
6.28232e-12	-0.00564029
6.28367e-12	-0.00564603
6.28502e-12	-0.00565176
6.28638e-12	-0.0056575
6.28773e-12	-0.00566325
6.28908e-12	-0.005669
6.29043e-12	-0.00567476
6.29179e-12	-0.00568052
6.29314e-12	-0.00568628
6.29449e-12	-0.00569205
6.29585e-12	-0.00569783
6.2972e-12	-0.00570361
6.29855e-12	-0.00570939
6.2999e-12	-0.00571518
6.30126e-12	-0.00572097
6.30261e-12	-0.00572677
6.30396e-12	-0.00573257
6.30531e-12	-0.00573838
6.30667e-12	-0.00574419
6.30802e-12	-0.00575001
6.30937e-12	-0.00575583
6.31072e-12	-0.00576165
6.31208e-12	-0.00576748
6.31343e-12	-0.00577332
6.31478e-12	-0.00577916
6.31613e-12	-0.005785
6.31749e-12	-0.00579085
6.31884e-12	-0.0057967
6.32019e-12	-0.00580256
6.32155e-12	-0.00580843
6.3229e-12	-0.00581429
6.32425e-12	-0.00582016
6.3256e-12	-0.00582604
6.32696e-12	-0.00583192
6.32831e-12	-0.00583781
6.32966e-12	-0.0058437
6.33101e-12	-0.0058496
6.33237e-12	-0.0058555
6.33372e-12	-0.0058614
6.33507e-12	-0.00586731
6.33642e-12	-0.00587323
6.33778e-12	-0.00587915
6.33913e-12	-0.00588507
6.34048e-12	-0.005891
6.34183e-12	-0.00589693
6.34319e-12	-0.00590287
6.34454e-12	-0.00590881
6.34589e-12	-0.00591476
6.34725e-12	-0.00592071
6.3486e-12	-0.00592667
6.34995e-12	-0.00593263
6.3513e-12	-0.0059386
6.35266e-12	-0.00594457
6.35401e-12	-0.00595054
6.35536e-12	-0.00595652
6.35671e-12	-0.00596251
6.35807e-12	-0.0059685
6.35942e-12	-0.00597449
6.36077e-12	-0.00598049
6.36212e-12	-0.0059865
6.36348e-12	-0.00599251
6.36483e-12	-0.00599852
6.36618e-12	-0.00600454
6.36753e-12	-0.00601056
6.36889e-12	-0.00601659
6.37024e-12	-0.00602263
6.37159e-12	-0.00602866
6.37295e-12	-0.00603471
6.3743e-12	-0.00604075
6.37565e-12	-0.00604681
6.377e-12	-0.00605286
6.37836e-12	-0.00605892
6.37971e-12	-0.00606499
6.38106e-12	-0.00607106
6.38241e-12	-0.00607714
6.38377e-12	-0.00608322
6.38512e-12	-0.0060893
6.38647e-12	-0.00609539
6.38782e-12	-0.00610149
6.38918e-12	-0.00610759
6.39053e-12	-0.00611369
6.39188e-12	-0.0061198
6.39323e-12	-0.00612592
6.39459e-12	-0.00613204
6.39594e-12	-0.00613816
6.39729e-12	-0.00614429
6.39865e-12	-0.00615043
6.4e-12	-0.00615656
6.40135e-12	-0.00616271
6.4027e-12	-0.00616886
6.40406e-12	-0.00617501
6.40541e-12	-0.00618117
6.40676e-12	-0.00618733
6.40811e-12	-0.0061935
6.40947e-12	-0.00619967
6.41082e-12	-0.00620585
6.41217e-12	-0.00621203
6.41352e-12	-0.00621822
6.41488e-12	-0.00622441
6.41623e-12	-0.00623061
6.41758e-12	-0.00623681
6.41893e-12	-0.00624302
6.42029e-12	-0.00624923
6.42164e-12	-0.00625544
6.42299e-12	-0.00626167
6.42435e-12	-0.00626789
6.4257e-12	-0.00627412
6.42705e-12	-0.00628036
6.4284e-12	-0.0062866
6.42976e-12	-0.00629285
6.43111e-12	-0.0062991
6.43246e-12	-0.00630535
6.43381e-12	-0.00631161
6.43517e-12	-0.00631788
6.43652e-12	-0.00632415
6.43787e-12	-0.00633042
6.43922e-12	-0.0063367
6.44058e-12	-0.00634299
6.44193e-12	-0.00634928
6.44328e-12	-0.00635557
6.44464e-12	-0.00636187
6.44599e-12	-0.00636818
6.44734e-12	-0.00637449
6.44869e-12	-0.0063808
6.45005e-12	-0.00638712
6.4514e-12	-0.00639345
6.45275e-12	-0.00639978
6.4541e-12	-0.00640611
6.45546e-12	-0.00641245
6.45681e-12	-0.00641879
6.45816e-12	-0.00642514
6.45951e-12	-0.0064315
6.46087e-12	-0.00643786
6.46222e-12	-0.00644422
6.46357e-12	-0.00645059
6.46492e-12	-0.00645696
6.46628e-12	-0.00646334
6.46763e-12	-0.00646973
6.46898e-12	-0.00647612
6.47034e-12	-0.00648251
6.47169e-12	-0.00648891
6.47304e-12	-0.00649531
6.47439e-12	-0.00650172
6.47575e-12	-0.00650814
6.4771e-12	-0.00651455
6.47845e-12	-0.00652098
6.4798e-12	-0.00652741
6.48116e-12	-0.00653384
6.48251e-12	-0.00654028
6.48386e-12	-0.00654672
6.48521e-12	-0.00655317
6.48657e-12	-0.00655963
6.48792e-12	-0.00656608
6.48927e-12	-0.00657255
6.49062e-12	-0.00657902
6.49198e-12	-0.00658549
6.49333e-12	-0.00659197
6.49468e-12	-0.00659845
6.49604e-12	-0.00660494
6.49739e-12	-0.00661144
6.49874e-12	-0.00661794
6.50009e-12	-0.00662444
6.50145e-12	-0.00663095
6.5028e-12	-0.00663746
6.50415e-12	-0.00664398
6.5055e-12	-0.00665051
6.50686e-12	-0.00665704
6.50821e-12	-0.00666357
6.50956e-12	-0.00667011
6.51091e-12	-0.00667665
6.51227e-12	-0.0066832
6.51362e-12	-0.00668976
6.51497e-12	-0.00669632
6.51632e-12	-0.00670288
6.51768e-12	-0.00670945
6.51903e-12	-0.00671603
6.52038e-12	-0.00672261
6.52174e-12	-0.00672919
6.52309e-12	-0.00673578
6.52444e-12	-0.00674238
6.52579e-12	-0.00674898
6.52715e-12	-0.00675558
6.5285e-12	-0.0067622
6.52985e-12	-0.00676881
6.5312e-12	-0.00677543
6.53256e-12	-0.00678206
6.53391e-12	-0.00678869
6.53526e-12	-0.00679532
6.53661e-12	-0.00680197
6.53797e-12	-0.00680861
6.53932e-12	-0.00681526
6.54067e-12	-0.00682192
6.54202e-12	-0.00682858
6.54338e-12	-0.00683525
6.54473e-12	-0.00684192
6.54608e-12	-0.0068486
6.54744e-12	-0.00685528
6.54879e-12	-0.00686197
6.55014e-12	-0.00686866
6.55149e-12	-0.00687536
6.55285e-12	-0.00688206
6.5542e-12	-0.00688877
6.55555e-12	-0.00689548
6.5569e-12	-0.0069022
6.55826e-12	-0.00690892
6.55961e-12	-0.00691565
6.56096e-12	-0.00692238
6.56231e-12	-0.00692912
6.56367e-12	-0.00693587
6.56502e-12	-0.00694262
6.56637e-12	-0.00694937
6.56772e-12	-0.00695613
6.56908e-12	-0.00696289
6.57043e-12	-0.00696966
6.57178e-12	-0.00697644
6.57314e-12	-0.00698322
6.57449e-12	-0.00699
6.57584e-12	-0.0069968
6.57719e-12	-0.00700359
6.57855e-12	-0.00701039
6.5799e-12	-0.0070172
6.58125e-12	-0.00702401
6.5826e-12	-0.00703083
6.58396e-12	-0.00703765
6.58531e-12	-0.00704448
6.58666e-12	-0.00705131
6.58801e-12	-0.00705815
6.58937e-12	-0.00706499
6.59072e-12	-0.00707184
6.59207e-12	-0.00707869
6.59343e-12	-0.00708555
6.59478e-12	-0.00709241
6.59613e-12	-0.00709928
6.59748e-12	-0.00710615
6.59884e-12	-0.00711303
6.60019e-12	-0.00711992
6.60154e-12	-0.00712681
6.60289e-12	-0.0071337
6.60425e-12	-0.0071406
6.6056e-12	-0.00714751
6.60695e-12	-0.00715442
6.6083e-12	-0.00716134
6.60966e-12	-0.00716826
6.61101e-12	-0.00717518
6.61236e-12	-0.00718212
6.61371e-12	-0.00718905
6.61507e-12	-0.007196
6.61642e-12	-0.00720294
6.61777e-12	-0.0072099
6.61913e-12	-0.00721685
6.62048e-12	-0.00722382
6.62183e-12	-0.00723079
6.62318e-12	-0.00723776
6.62454e-12	-0.00724474
6.62589e-12	-0.00725172
6.62724e-12	-0.00725871
6.62859e-12	-0.00726571
6.62995e-12	-0.00727271
6.6313e-12	-0.00727972
6.63265e-12	-0.00728673
6.634e-12	-0.00729374
6.63536e-12	-0.00730077
6.63671e-12	-0.00730779
6.63806e-12	-0.00731483
6.63941e-12	-0.00732186
6.64077e-12	-0.00732891
6.64212e-12	-0.00733596
6.64347e-12	-0.00734301
6.64483e-12	-0.00735007
6.64618e-12	-0.00735713
6.64753e-12	-0.0073642
6.64888e-12	-0.00737128
6.65024e-12	-0.00737836
6.65159e-12	-0.00738544
6.65294e-12	-0.00739254
6.65429e-12	-0.00739963
6.65565e-12	-0.00740673
6.657e-12	-0.00741384
6.65835e-12	-0.00742095
6.6597e-12	-0.00742807
6.66106e-12	-0.0074352
6.66241e-12	-0.00744232
6.66376e-12	-0.00744946
6.66511e-12	-0.0074566
6.66647e-12	-0.00746374
6.66782e-12	-0.00747089
6.66917e-12	-0.00747805
6.67053e-12	-0.00748521
6.67188e-12	-0.00749238
6.67323e-12	-0.00749955
6.67458e-12	-0.00750673
6.67594e-12	-0.00751391
6.67729e-12	-0.0075211
6.67864e-12	-0.00752829
6.67999e-12	-0.00753549
6.68135e-12	-0.00754269
6.6827e-12	-0.0075499
6.68405e-12	-0.00755712
6.6854e-12	-0.00756434
6.68676e-12	-0.00757156
6.68811e-12	-0.0075788
6.68946e-12	-0.00758603
6.69081e-12	-0.00759328
6.69217e-12	-0.00760052
6.69352e-12	-0.00760778
6.69487e-12	-0.00761503
6.69623e-12	-0.0076223
6.69758e-12	-0.00762957
6.69893e-12	-0.00763684
6.70028e-12	-0.00764412
6.70164e-12	-0.00765141
6.70299e-12	-0.0076587
6.70434e-12	-0.007666
6.70569e-12	-0.0076733
6.70705e-12	-0.00768061
6.7084e-12	-0.00768792
6.70975e-12	-0.00769524
6.7111e-12	-0.00770256
6.71246e-12	-0.00770989
6.71381e-12	-0.00771723
6.71516e-12	-0.00772457
6.71651e-12	-0.00773191
6.71787e-12	-0.00773926
6.71922e-12	-0.00774662
6.72057e-12	-0.00775398
6.72193e-12	-0.00776135
6.72328e-12	-0.00776873
6.72463e-12	-0.0077761
6.72598e-12	-0.00778349
6.72734e-12	-0.00779088
6.72869e-12	-0.00779827
6.73004e-12	-0.00780568
6.73139e-12	-0.00781308
6.73275e-12	-0.00782049
6.7341e-12	-0.00782791
6.73545e-12	-0.00783534
6.7368e-12	-0.00784276
6.73816e-12	-0.0078502
6.73951e-12	-0.00785764
6.74086e-12	-0.00786508
6.74222e-12	-0.00787253
6.74357e-12	-0.00787999
6.74492e-12	-0.00788745
6.74627e-12	-0.00789492
6.74763e-12	-0.00790239
6.74898e-12	-0.00790987
6.75033e-12	-0.00791735
6.75168e-12	-0.00792484
6.75304e-12	-0.00793234
6.75439e-12	-0.00793984
6.75574e-12	-0.00794735
6.75709e-12	-0.00795486
6.75845e-12	-0.00796237
6.7598e-12	-0.0079699
6.76115e-12	-0.00797743
6.7625e-12	-0.00798496
6.76386e-12	-0.0079925
6.76521e-12	-0.00800005
6.76656e-12	-0.0080076
6.76792e-12	-0.00801515
6.76927e-12	-0.00802272
6.77062e-12	-0.00803028
6.77197e-12	-0.00803786
6.77333e-12	-0.00804544
6.77468e-12	-0.00805302
6.77603e-12	-0.00806061
6.77738e-12	-0.00806821
6.77874e-12	-0.00807581
6.78009e-12	-0.00808341
6.78144e-12	-0.00809103
6.78279e-12	-0.00809865
6.78415e-12	-0.00810627
6.7855e-12	-0.0081139
6.78685e-12	-0.00812153
6.7882e-12	-0.00812917
6.78956e-12	-0.00813682
6.79091e-12	-0.00814447
6.79226e-12	-0.00815213
6.79362e-12	-0.00815979
6.79497e-12	-0.00816746
6.79632e-12	-0.00817514
6.79767e-12	-0.00818282
6.79903e-12	-0.0081905
6.80038e-12	-0.0081982
6.80173e-12	-0.00820589
6.80308e-12	-0.0082136
6.80444e-12	-0.0082213
6.80579e-12	-0.00822902
6.80714e-12	-0.00823674
6.80849e-12	-0.00824446
6.80985e-12	-0.0082522
6.8112e-12	-0.00825993
6.81255e-12	-0.00826767
6.8139e-12	-0.00827542
6.81526e-12	-0.00828318
6.81661e-12	-0.00829094
6.81796e-12	-0.0082987
6.81932e-12	-0.00830647
6.82067e-12	-0.00831425
6.82202e-12	-0.00832203
6.82337e-12	-0.00832982
6.82473e-12	-0.00833762
6.82608e-12	-0.00834541
6.82743e-12	-0.00835322
6.82878e-12	-0.00836103
6.83014e-12	-0.00836885
6.83149e-12	-0.00837667
6.83284e-12	-0.0083845
6.83419e-12	-0.00839233
6.83555e-12	-0.00840017
6.8369e-12	-0.00840802
6.83825e-12	-0.00841587
6.8396e-12	-0.00842373
6.84096e-12	-0.00843159
6.84231e-12	-0.00843946
6.84366e-12	-0.00844733
6.84502e-12	-0.00845521
6.84637e-12	-0.0084631
6.84772e-12	-0.00847099
6.84907e-12	-0.00847889
6.85043e-12	-0.00848679
6.85178e-12	-0.0084947
6.85313e-12	-0.00850261
6.85448e-12	-0.00851053
6.85584e-12	-0.00851846
6.85719e-12	-0.00852639
6.85854e-12	-0.00853433
6.85989e-12	-0.00854227
6.86125e-12	-0.00855022
6.8626e-12	-0.00855818
6.86395e-12	-0.00856614
6.8653e-12	-0.0085741
6.86666e-12	-0.00858208
6.86801e-12	-0.00859005
6.86936e-12	-0.00859804
6.87072e-12	-0.00860603
6.87207e-12	-0.00861402
6.87342e-12	-0.00862203
6.87477e-12	-0.00863003
6.87613e-12	-0.00863805
6.87748e-12	-0.00864607
6.87883e-12	-0.00865409
6.88018e-12	-0.00866212
6.88154e-12	-0.00867016
6.88289e-12	-0.0086782
6.88424e-12	-0.00868625
6.88559e-12	-0.0086943
6.88695e-12	-0.00870236
6.8883e-12	-0.00871043
6.88965e-12	-0.0087185
6.89101e-12	-0.00872658
6.89236e-12	-0.00873466
6.89371e-12	-0.00874275
6.89506e-12	-0.00875084
6.89642e-12	-0.00875894
6.89777e-12	-0.00876705
6.89912e-12	-0.00877516
6.90047e-12	-0.00878328
6.90183e-12	-0.00879141
6.90318e-12	-0.00879954
6.90453e-12	-0.00880767
6.90588e-12	-0.00881581
6.90724e-12	-0.00882396
6.90859e-12	-0.00883212
6.90994e-12	-0.00884027
6.91129e-12	-0.00884844
6.91265e-12	-0.00885661
6.914e-12	-0.00886479
6.91535e-12	-0.00887297
6.91671e-12	-0.00888116
6.91806e-12	-0.00888936
6.91941e-12	-0.00889756
6.92076e-12	-0.00890576
6.92212e-12	-0.00891398
6.92347e-12	-0.0089222
6.92482e-12	-0.00893042
6.92617e-12	-0.00893865
6.92753e-12	-0.00894689
6.92888e-12	-0.00895513
6.93023e-12	-0.00896338
6.93158e-12	-0.00897163
6.93294e-12	-0.00897989
6.93429e-12	-0.00898816
6.93564e-12	-0.00899643
6.93699e-12	-0.00900471
6.93835e-12	-0.00901299
6.9397e-12	-0.00902128
6.94105e-12	-0.00902958
6.94241e-12	-0.00903788
6.94376e-12	-0.00904619
6.94511e-12	-0.0090545
6.94646e-12	-0.00906282
6.94782e-12	-0.00907115
6.94917e-12	-0.00907948
6.95052e-12	-0.00908782
6.95187e-12	-0.00909616
6.95323e-12	-0.00910451
6.95458e-12	-0.00911287
6.95593e-12	-0.00912123
6.95728e-12	-0.0091296
6.95864e-12	-0.00913797
6.95999e-12	-0.00914635
6.96134e-12	-0.00915473
6.96269e-12	-0.00916313
6.96405e-12	-0.00917152
6.9654e-12	-0.00917993
6.96675e-12	-0.00918834
6.96811e-12	-0.00919675
6.96946e-12	-0.00920517
6.97081e-12	-0.0092136
6.97216e-12	-0.00922203
6.97352e-12	-0.00923047
6.97487e-12	-0.00923892
6.97622e-12	-0.00924737
6.97757e-12	-0.00925583
6.97893e-12	-0.00926429
6.98028e-12	-0.00927276
6.98163e-12	-0.00928124
6.98298e-12	-0.00928972
6.98434e-12	-0.00929821
6.98569e-12	-0.0093067
6.98704e-12	-0.0093152
6.98839e-12	-0.00932371
6.98975e-12	-0.00933222
6.9911e-12	-0.00934074
6.99245e-12	-0.00934927
6.99381e-12	-0.0093578
6.99516e-12	-0.00936633
6.99651e-12	-0.00937487
6.99786e-12	-0.00938342
6.99922e-12	-0.00939198
7.00057e-12	-0.00940054
7.00192e-12	-0.00940911
7.00327e-12	-0.00941768
7.00463e-12	-0.00942626
7.00598e-12	-0.00943484
7.00733e-12	-0.00944343
7.00868e-12	-0.00945203
7.01004e-12	-0.00946064
7.01139e-12	-0.00946925
7.01274e-12	-0.00947786
7.01409e-12	-0.00948648
7.01545e-12	-0.00949511
7.0168e-12	-0.00950375
7.01815e-12	-0.00951239
7.01951e-12	-0.00952103
7.02086e-12	-0.00952968
7.02221e-12	-0.00953834
7.02356e-12	-0.00954701
7.02492e-12	-0.00955568
7.02627e-12	-0.00956436
7.02762e-12	-0.00957304
7.02897e-12	-0.00958173
7.03033e-12	-0.00959042
7.03168e-12	-0.00959913
7.03303e-12	-0.00960783
7.03438e-12	-0.00961655
7.03574e-12	-0.00962527
7.03709e-12	-0.00963399
7.03844e-12	-0.00964272
7.0398e-12	-0.00965146
7.04115e-12	-0.00966021
7.0425e-12	-0.00966896
7.04385e-12	-0.00967772
7.04521e-12	-0.00968648
7.04656e-12	-0.00969525
7.04791e-12	-0.00970402
7.04926e-12	-0.00971281
7.05062e-12	-0.00972159
7.05197e-12	-0.00973039
7.05332e-12	-0.00973919
7.05467e-12	-0.009748
7.05603e-12	-0.00975681
7.05738e-12	-0.00976563
7.05873e-12	-0.00977445
7.06008e-12	-0.00978328
7.06144e-12	-0.00979212
7.06279e-12	-0.00980096
7.06414e-12	-0.00980982
7.0655e-12	-0.00981867
7.06685e-12	-0.00982753
7.0682e-12	-0.0098364
7.06955e-12	-0.00984528
7.07091e-12	-0.00985416
7.07226e-12	-0.00986305
7.07361e-12	-0.00987194
7.07496e-12	-0.00988084
7.07632e-12	-0.00988975
7.07767e-12	-0.00989866
7.07902e-12	-0.00990758
7.08037e-12	-0.0099165
7.08173e-12	-0.00992543
7.08308e-12	-0.00993437
7.08443e-12	-0.00994331
7.08578e-12	-0.00995226
7.08714e-12	-0.00996122
7.08849e-12	-0.00997018
7.08984e-12	-0.00997915
7.0912e-12	-0.00998813
7.09255e-12	-0.00999711
7.0939e-12	-0.0100061
7.09525e-12	-0.0100151
7.09661e-12	-0.0100241
7.09796e-12	-0.0100331
7.09931e-12	-0.0100421
7.10066e-12	-0.0100511
7.10202e-12	-0.0100602
7.10337e-12	-0.0100692
7.10472e-12	-0.0100782
7.10607e-12	-0.0100873
7.10743e-12	-0.0100963
7.10878e-12	-0.0101054
7.11013e-12	-0.0101144
7.11148e-12	-0.0101235
7.11284e-12	-0.0101326
7.11419e-12	-0.0101417
7.11554e-12	-0.0101508
7.1169e-12	-0.0101598
7.11825e-12	-0.0101689
7.1196e-12	-0.0101781
7.12095e-12	-0.0101872
7.12231e-12	-0.0101963
7.12366e-12	-0.0102054
7.12501e-12	-0.0102145
7.12636e-12	-0.0102237
7.12772e-12	-0.0102328
7.12907e-12	-0.010242
7.13042e-12	-0.0102511
7.13177e-12	-0.0102603
7.13313e-12	-0.0102695
7.13448e-12	-0.0102787
7.13583e-12	-0.0102878
7.13718e-12	-0.010297
7.13854e-12	-0.0103062
7.13989e-12	-0.0103154
7.14124e-12	-0.0103246
7.1426e-12	-0.0103339
7.14395e-12	-0.0103431
7.1453e-12	-0.0103523
7.14665e-12	-0.0103615
7.14801e-12	-0.0103708
7.14936e-12	-0.01038
7.15071e-12	-0.0103893
7.15206e-12	-0.0103985
7.15342e-12	-0.0104078
7.15477e-12	-0.0104171
7.15612e-12	-0.0104264
7.15747e-12	-0.0104356
7.15883e-12	-0.0104449
7.16018e-12	-0.0104542
7.16153e-12	-0.0104635
7.16288e-12	-0.0104729
7.16424e-12	-0.0104822
7.16559e-12	-0.0104915
7.16694e-12	-0.0105008
7.1683e-12	-0.0105102
7.16965e-12	-0.0105195
7.171e-12	-0.0105289
7.17235e-12	-0.0105382
7.17371e-12	-0.0105476
7.17506e-12	-0.010557
7.17641e-12	-0.0105663
7.17776e-12	-0.0105757
7.17912e-12	-0.0105851
7.18047e-12	-0.0105945
7.18182e-12	-0.0106039
7.18317e-12	-0.0106133
7.18453e-12	-0.0106227
7.18588e-12	-0.0106321
7.18723e-12	-0.0106416
7.18858e-12	-0.010651
7.18994e-12	-0.0106604
7.19129e-12	-0.0106699
7.19264e-12	-0.0106793
7.194e-12	-0.0106888
7.19535e-12	-0.0106983
7.1967e-12	-0.0107077
7.19805e-12	-0.0107172
7.19941e-12	-0.0107267
7.20076e-12	-0.0107362
7.20211e-12	-0.0107457
7.20346e-12	-0.0107552
7.20482e-12	-0.0107647
7.20617e-12	-0.0107742
7.20752e-12	-0.0107838
7.20887e-12	-0.0107933
7.21023e-12	-0.0108028
7.21158e-12	-0.0108124
7.21293e-12	-0.0108219
7.21429e-12	-0.0108315
7.21564e-12	-0.0108411
7.21699e-12	-0.0108506
7.21834e-12	-0.0108602
7.2197e-12	-0.0108698
7.22105e-12	-0.0108794
7.2224e-12	-0.010889
7.22375e-12	-0.0108986
7.22511e-12	-0.0109082
7.22646e-12	-0.0109178
7.22781e-12	-0.0109274
7.22916e-12	-0.0109371
7.23052e-12	-0.0109467
7.23187e-12	-0.0109563
7.23322e-12	-0.010966
7.23457e-12	-0.0109757
7.23593e-12	-0.0109853
7.23728e-12	-0.010995
7.23863e-12	-0.0110047
7.23999e-12	-0.0110143
7.24134e-12	-0.011024
7.24269e-12	-0.0110337
7.24404e-12	-0.0110434
7.2454e-12	-0.0110531
7.24675e-12	-0.0110629
7.2481e-12	-0.0110726
7.24945e-12	-0.0110823
7.25081e-12	-0.011092
7.25216e-12	-0.0111018
7.25351e-12	-0.0111115
7.25486e-12	-0.0111213
7.25622e-12	-0.0111311
7.25757e-12	-0.0111408
7.25892e-12	-0.0111506
7.26027e-12	-0.0111604
7.26163e-12	-0.0111702
7.26298e-12	-0.01118
7.26433e-12	-0.0111898
7.26569e-12	-0.0111996
7.26704e-12	-0.0112094
7.26839e-12	-0.0112192
7.26974e-12	-0.011229
7.2711e-12	-0.0112389
7.27245e-12	-0.0112487
7.2738e-12	-0.0112586
7.27515e-12	-0.0112684
7.27651e-12	-0.0112783
7.27786e-12	-0.0112881
7.27921e-12	-0.011298
7.28056e-12	-0.0113079
7.28192e-12	-0.0113178
7.28327e-12	-0.0113277
7.28462e-12	-0.0113376
7.28597e-12	-0.0113475
7.28733e-12	-0.0113574
7.28868e-12	-0.0113673
7.29003e-12	-0.0113773
7.29139e-12	-0.0113872
7.29274e-12	-0.0113971
7.29409e-12	-0.0114071
7.29544e-12	-0.011417
7.2968e-12	-0.011427
7.29815e-12	-0.011437
7.2995e-12	-0.011447
7.30085e-12	-0.0114569
7.30221e-12	-0.0114669
7.30356e-12	-0.0114769
7.30491e-12	-0.0114869
7.30626e-12	-0.0114969
7.30762e-12	-0.0115069
7.30897e-12	-0.011517
7.31032e-12	-0.011527
7.31167e-12	-0.011537
7.31303e-12	-0.0115471
7.31438e-12	-0.0115571
7.31573e-12	-0.0115672
7.31709e-12	-0.0115772
7.31844e-12	-0.0115873
7.31979e-12	-0.0115974
7.32114e-12	-0.0116075
7.3225e-12	-0.0116176
7.32385e-12	-0.0116277
7.3252e-12	-0.0116378
7.32655e-12	-0.0116479
7.32791e-12	-0.011658
7.32926e-12	-0.0116681
7.33061e-12	-0.0116783
7.33196e-12	-0.0116884
7.33332e-12	-0.0116985
7.33467e-12	-0.0117087
7.33602e-12	-0.0117188
7.33737e-12	-0.011729
7.33873e-12	-0.0117392
7.34008e-12	-0.0117494
7.34143e-12	-0.0117595
7.34279e-12	-0.0117697
7.34414e-12	-0.0117799
7.34549e-12	-0.0117901
7.34684e-12	-0.0118004
7.3482e-12	-0.0118106
7.34955e-12	-0.0118208
7.3509e-12	-0.011831
7.35225e-12	-0.0118413
7.35361e-12	-0.0118515
7.35496e-12	-0.0118618
7.35631e-12	-0.011872
7.35766e-12	-0.0118823
7.35902e-12	-0.0118926
7.36037e-12	-0.0119029
7.36172e-12	-0.0119131
7.36308e-12	-0.0119234
7.36443e-12	-0.0119337
7.36578e-12	-0.011944
7.36713e-12	-0.0119544
7.36849e-12	-0.0119647
7.36984e-12	-0.011975
7.37119e-12	-0.0119853
7.37254e-12	-0.0119957
7.3739e-12	-0.012006
7.37525e-12	-0.0120164
7.3766e-12	-0.0120268
7.37795e-12	-0.0120371
7.37931e-12	-0.0120475
7.38066e-12	-0.0120579
7.38201e-12	-0.0120683
7.38336e-12	-0.0120787
7.38472e-12	-0.0120891
7.38607e-12	-0.0120995
7.38742e-12	-0.0121099
7.38878e-12	-0.0121203
7.39013e-12	-0.0121308
7.39148e-12	-0.0121412
7.39283e-12	-0.0121517
7.39419e-12	-0.0121621
7.39554e-12	-0.0121726
7.39689e-12	-0.012183
7.39824e-12	-0.0121935
7.3996e-12	-0.012204
7.40095e-12	-0.0122145
7.4023e-12	-0.012225
7.40365e-12	-0.0122355
7.40501e-12	-0.012246
7.40636e-12	-0.0122565
7.40771e-12	-0.012267
7.40906e-12	-0.0122775
7.41042e-12	-0.0122881
7.41177e-12	-0.0122986
7.41312e-12	-0.0123092
7.41448e-12	-0.0123197
7.41583e-12	-0.0123303
7.41718e-12	-0.0123409
7.41853e-12	-0.0123514
7.41989e-12	-0.012362
7.42124e-12	-0.0123726
7.42259e-12	-0.0123832
7.42394e-12	-0.0123938
7.4253e-12	-0.0124044
7.42665e-12	-0.012415
7.428e-12	-0.0124257
7.42935e-12	-0.0124363
7.43071e-12	-0.0124469
7.43206e-12	-0.0124576
7.43341e-12	-0.0124683
7.43476e-12	-0.0124789
7.43612e-12	-0.0124896
7.43747e-12	-0.0125003
7.43882e-12	-0.0125109
7.44018e-12	-0.0125216
7.44153e-12	-0.0125323
7.44288e-12	-0.012543
7.44423e-12	-0.0125537
7.44559e-12	-0.0125645
7.44694e-12	-0.0125752
7.44829e-12	-0.0125859
7.44964e-12	-0.0125966
7.451e-12	-0.0126074
7.45235e-12	-0.0126181
7.4537e-12	-0.0126289
7.45505e-12	-0.0126397
7.45641e-12	-0.0126504
7.45776e-12	-0.0126612
7.45911e-12	-0.012672
7.46046e-12	-0.0126828
7.46182e-12	-0.0126936
7.46317e-12	-0.0127044
7.46452e-12	-0.0127152
7.46588e-12	-0.0127261
7.46723e-12	-0.0127369
7.46858e-12	-0.0127477
7.46993e-12	-0.0127586
7.47129e-12	-0.0127694
7.47264e-12	-0.0127803
7.47399e-12	-0.0127911
7.47534e-12	-0.012802
7.4767e-12	-0.0128129
7.47805e-12	-0.0128238
7.4794e-12	-0.0128347
7.48075e-12	-0.0128456
7.48211e-12	-0.0128565
7.48346e-12	-0.0128674
7.48481e-12	-0.0128783
7.48616e-12	-0.0128893
7.48752e-12	-0.0129002
7.48887e-12	-0.0129111
7.49022e-12	-0.0129221
7.49158e-12	-0.012933
7.49293e-12	-0.012944
7.49428e-12	-0.012955
7.49563e-12	-0.012966
7.49699e-12	-0.0129769
7.49834e-12	-0.0129879
7.49969e-12	-0.0129989
7.50104e-12	-0.0130099
7.5024e-12	-0.013021
7.50375e-12	-0.013032
7.5051e-12	-0.013043
7.50645e-12	-0.013054
7.50781e-12	-0.0130651
7.50916e-12	-0.0130761
7.51051e-12	-0.0130872
7.51187e-12	-0.0130983
7.51322e-12	-0.0131093
7.51457e-12	-0.0131204
7.51592e-12	-0.0131315
7.51728e-12	-0.0131426
7.51863e-12	-0.0131537
7.51998e-12	-0.0131648
7.52133e-12	-0.0131759
7.52269e-12	-0.013187
7.52404e-12	-0.0131982
7.52539e-12	-0.0132093
7.52674e-12	-0.0132205
7.5281e-12	-0.0132316
7.52945e-12	-0.0132428
7.5308e-12	-0.0132539
7.53215e-12	-0.0132651
7.53351e-12	-0.0132763
7.53486e-12	-0.0132875
7.53621e-12	-0.0132987
7.53757e-12	-0.0133099
7.53892e-12	-0.0133211
7.54027e-12	-0.0133323
7.54162e-12	-0.0133435
7.54298e-12	-0.0133547
7.54433e-12	-0.013366
7.54568e-12	-0.0133772
7.54703e-12	-0.0133885
7.54839e-12	-0.0133997
7.54974e-12	-0.013411
7.55109e-12	-0.0134223
7.55244e-12	-0.0134336
7.5538e-12	-0.0134448
7.55515e-12	-0.0134561
7.5565e-12	-0.0134674
7.55785e-12	-0.0134787
7.55921e-12	-0.0134901
7.56056e-12	-0.0135014
7.56191e-12	-0.0135127
7.56327e-12	-0.0135241
7.56462e-12	-0.0135354
7.56597e-12	-0.0135468
7.56732e-12	-0.0135581
7.56868e-12	-0.0135695
7.57003e-12	-0.0135809
7.57138e-12	-0.0135922
7.57273e-12	-0.0136036
7.57409e-12	-0.013615
7.57544e-12	-0.0136264
7.57679e-12	-0.0136378
7.57814e-12	-0.0136493
7.5795e-12	-0.0136607
7.58085e-12	-0.0136721
7.5822e-12	-0.0136836
7.58355e-12	-0.013695
7.58491e-12	-0.0137065
7.58626e-12	-0.0137179
7.58761e-12	-0.0137294
7.58897e-12	-0.0137409
7.59032e-12	-0.0137524
7.59167e-12	-0.0137639
7.59302e-12	-0.0137754
7.59438e-12	-0.0137869
7.59573e-12	-0.0137984
7.59708e-12	-0.0138099
7.59843e-12	-0.0138214
7.59979e-12	-0.013833
7.60114e-12	-0.0138445
7.60249e-12	-0.013856
7.60384e-12	-0.0138676
7.6052e-12	-0.0138792
7.60655e-12	-0.0138907
7.6079e-12	-0.0139023
7.60925e-12	-0.0139139
7.61061e-12	-0.0139255
7.61196e-12	-0.0139371
7.61331e-12	-0.0139487
7.61467e-12	-0.0139603
7.61602e-12	-0.013972
7.61737e-12	-0.0139836
7.61872e-12	-0.0139952
7.62008e-12	-0.0140069
7.62143e-12	-0.0140185
7.62278e-12	-0.0140302
7.62413e-12	-0.0140419
7.62549e-12	-0.0140535
7.62684e-12	-0.0140652
7.62819e-12	-0.0140769
7.62954e-12	-0.0140886
7.6309e-12	-0.0141003
7.63225e-12	-0.014112
7.6336e-12	-0.0141237
7.63495e-12	-0.0141355
7.63631e-12	-0.0141472
7.63766e-12	-0.0141589
7.63901e-12	-0.0141707
7.64037e-12	-0.0141825
7.64172e-12	-0.0141942
7.64307e-12	-0.014206
7.64442e-12	-0.0142178
7.64578e-12	-0.0142296
7.64713e-12	-0.0142413
7.64848e-12	-0.0142531
7.64983e-12	-0.014265
7.65119e-12	-0.0142768
7.65254e-12	-0.0142886
7.65389e-12	-0.0143004
7.65524e-12	-0.0143123
7.6566e-12	-0.0143241
7.65795e-12	-0.014336
7.6593e-12	-0.0143478
7.66066e-12	-0.0143597
7.66201e-12	-0.0143716
7.66336e-12	-0.0143835
7.66471e-12	-0.0143953
7.66607e-12	-0.0144072
7.66742e-12	-0.0144192
7.66877e-12	-0.0144311
7.67012e-12	-0.014443
7.67148e-12	-0.0144549
7.67283e-12	-0.0144669
7.67418e-12	-0.0144788
7.67553e-12	-0.0144907
7.67689e-12	-0.0145027
7.67824e-12	-0.0145147
7.67959e-12	-0.0145266
7.68094e-12	-0.0145386
7.6823e-12	-0.0145506
7.68365e-12	-0.0145626
7.685e-12	-0.0145746
7.68636e-12	-0.0145866
7.68771e-12	-0.0145986
7.68906e-12	-0.0146107
7.69041e-12	-0.0146227
7.69177e-12	-0.0146347
7.69312e-12	-0.0146468
7.69447e-12	-0.0146588
7.69582e-12	-0.0146709
7.69718e-12	-0.014683
7.69853e-12	-0.0146951
7.69988e-12	-0.0147071
7.70123e-12	-0.0147192
7.70259e-12	-0.0147313
7.70394e-12	-0.0147434
7.70529e-12	-0.0147556
7.70664e-12	-0.0147677
7.708e-12	-0.0147798
7.70935e-12	-0.014792
7.7107e-12	-0.0148041
7.71206e-12	-0.0148163
7.71341e-12	-0.0148284
7.71476e-12	-0.0148406
7.71611e-12	-0.0148528
7.71747e-12	-0.0148649
7.71882e-12	-0.0148771
7.72017e-12	-0.0148893
7.72152e-12	-0.0149015
7.72288e-12	-0.0149138
7.72423e-12	-0.014926
7.72558e-12	-0.0149382
7.72693e-12	-0.0149504
7.72829e-12	-0.0149627
7.72964e-12	-0.0149749
7.73099e-12	-0.0149872
7.73234e-12	-0.0149995
7.7337e-12	-0.0150117
7.73505e-12	-0.015024
7.7364e-12	-0.0150363
7.73776e-12	-0.0150486
7.73911e-12	-0.0150609
7.74046e-12	-0.0150732
7.74181e-12	-0.0150856
7.74317e-12	-0.0150979
7.74452e-12	-0.0151102
7.74587e-12	-0.0151226
7.74722e-12	-0.0151349
7.74858e-12	-0.0151473
7.74993e-12	-0.0151596
7.75128e-12	-0.015172
7.75263e-12	-0.0151844
7.75399e-12	-0.0151968
7.75534e-12	-0.0152092
7.75669e-12	-0.0152216
7.75804e-12	-0.015234
7.7594e-12	-0.0152464
7.76075e-12	-0.0152588
7.7621e-12	-0.0152713
7.76346e-12	-0.0152837
7.76481e-12	-0.0152962
7.76616e-12	-0.0153086
7.76751e-12	-0.0153211
7.76887e-12	-0.0153336
7.77022e-12	-0.015346
7.77157e-12	-0.0153585
7.77292e-12	-0.015371
7.77428e-12	-0.0153835
7.77563e-12	-0.015396
7.77698e-12	-0.0154086
7.77833e-12	-0.0154211
7.77969e-12	-0.0154336
7.78104e-12	-0.0154462
7.78239e-12	-0.0154587
7.78374e-12	-0.0154713
7.7851e-12	-0.0154838
7.78645e-12	-0.0154964
7.7878e-12	-0.015509
7.78916e-12	-0.0155216
7.79051e-12	-0.0155342
7.79186e-12	-0.0155468
7.79321e-12	-0.0155594
7.79457e-12	-0.015572
7.79592e-12	-0.0155846
7.79727e-12	-0.0155973
7.79862e-12	-0.0156099
7.79998e-12	-0.0156226
7.80133e-12	-0.0156352
7.80268e-12	-0.0156479
7.80403e-12	-0.0156606
7.80539e-12	-0.0156733
7.80674e-12	-0.0156859
7.80809e-12	-0.0156986
7.80944e-12	-0.0157113
7.8108e-12	-0.0157241
7.81215e-12	-0.0157368
7.8135e-12	-0.0157495
7.81486e-12	-0.0157622
7.81621e-12	-0.015775
7.81756e-12	-0.0157877
7.81891e-12	-0.0158005
7.82027e-12	-0.0158133
7.82162e-12	-0.015826
7.82297e-12	-0.0158388
7.82432e-12	-0.0158516
7.82568e-12	-0.0158644
7.82703e-12	-0.0158772
7.82838e-12	-0.01589
7.82973e-12	-0.0159028
7.83109e-12	-0.0159157
7.83244e-12	-0.0159285
7.83379e-12	-0.0159414
7.83515e-12	-0.0159542
7.8365e-12	-0.0159671
7.83785e-12	-0.0159799
7.8392e-12	-0.0159928
7.84056e-12	-0.0160057
7.84191e-12	-0.0160186
7.84326e-12	-0.0160315
7.84461e-12	-0.0160444
7.84597e-12	-0.0160573
7.84732e-12	-0.0160702
7.84867e-12	-0.0160832
7.85002e-12	-0.0160961
7.85138e-12	-0.016109
7.85273e-12	-0.016122
7.85408e-12	-0.016135
7.85543e-12	-0.0161479
7.85679e-12	-0.0161609
7.85814e-12	-0.0161739
7.85949e-12	-0.0161869
7.86085e-12	-0.0161999
7.8622e-12	-0.0162129
7.86355e-12	-0.0162259
7.8649e-12	-0.0162389
7.86626e-12	-0.016252
7.86761e-12	-0.016265
7.86896e-12	-0.0162781
7.87031e-12	-0.0162911
7.87167e-12	-0.0163042
7.87302e-12	-0.0163172
7.87437e-12	-0.0163303
7.87572e-12	-0.0163434
7.87708e-12	-0.0163565
7.87843e-12	-0.0163696
7.87978e-12	-0.0163827
7.88113e-12	-0.0163958
7.88249e-12	-0.016409
7.88384e-12	-0.0164221
7.88519e-12	-0.0164352
7.88655e-12	-0.0164484
7.8879e-12	-0.0164615
7.88925e-12	-0.0164747
7.8906e-12	-0.0164879
7.89196e-12	-0.0165011
7.89331e-12	-0.0165143
7.89466e-12	-0.0165275
7.89601e-12	-0.0165407
7.89737e-12	-0.0165539
7.89872e-12	-0.0165671
7.90007e-12	-0.0165803
7.90142e-12	-0.0165936
7.90278e-12	-0.0166068
7.90413e-12	-0.0166201
7.90548e-12	-0.0166333
7.90683e-12	-0.0166466
7.90819e-12	-0.0166599
7.90954e-12	-0.0166732
7.91089e-12	-0.0166864
7.91225e-12	-0.0166997
7.9136e-12	-0.0167131
7.91495e-12	-0.0167264
7.9163e-12	-0.0167397
7.91766e-12	-0.016753
7.91901e-12	-0.0167664
7.92036e-12	-0.0167797
7.92171e-12	-0.0167931
7.92307e-12	-0.0168064
7.92442e-12	-0.0168198
7.92577e-12	-0.0168332
7.92712e-12	-0.0168466
7.92848e-12	-0.01686
7.92983e-12	-0.0168734
7.93118e-12	-0.0168868
7.93253e-12	-0.0169002
7.93389e-12	-0.0169136
7.93524e-12	-0.0169271
7.93659e-12	-0.0169405
7.93795e-12	-0.016954
7.9393e-12	-0.0169674
7.94065e-12	-0.0169809
7.942e-12	-0.0169944
7.94336e-12	-0.0170079
7.94471e-12	-0.0170213
7.94606e-12	-0.0170348
7.94741e-12	-0.0170483
7.94877e-12	-0.0170619
7.95012e-12	-0.0170754
7.95147e-12	-0.0170889
7.95282e-12	-0.0171025
7.95418e-12	-0.017116
7.95553e-12	-0.0171296
7.95688e-12	-0.0171431
7.95823e-12	-0.0171567
7.95959e-12	-0.0171703
7.96094e-12	-0.0171839
7.96229e-12	-0.0171975
7.96365e-12	-0.0172111
7.965e-12	-0.0172247
7.96635e-12	-0.0172383
7.9677e-12	-0.0172519
7.96906e-12	-0.0172656
7.97041e-12	-0.0172792
7.97176e-12	-0.0172929
7.97311e-12	-0.0173065
7.97447e-12	-0.0173202
7.97582e-12	-0.0173339
7.97717e-12	-0.0173475
7.97852e-12	-0.0173612
7.97988e-12	-0.0173749
7.98123e-12	-0.0173886
7.98258e-12	-0.0174024
7.98394e-12	-0.0174161
7.98529e-12	-0.0174298
7.98664e-12	-0.0174436
7.98799e-12	-0.0174573
7.98935e-12	-0.0174711
7.9907e-12	-0.0174848
7.99205e-12	-0.0174986
7.9934e-12	-0.0175124
7.99476e-12	-0.0175262
7.99611e-12	-0.01754
7.99746e-12	-0.0175538
7.99881e-12	-0.0175676
8.00017e-12	-0.0175814
8.00152e-12	-0.0175952
8.00287e-12	-0.0176091
8.00422e-12	-0.0176229
8.00558e-12	-0.0176368
8.00693e-12	-0.0176506
8.00828e-12	-0.0176645
8.00964e-12	-0.0176784
8.01099e-12	-0.0176923
8.01234e-12	-0.0177062
8.01369e-12	-0.0177201
8.01505e-12	-0.017734
8.0164e-12	-0.0177479
8.01775e-12	-0.0177618
8.0191e-12	-0.0177758
8.02046e-12	-0.0177897
8.02181e-12	-0.0178037
8.02316e-12	-0.0178176
8.02451e-12	-0.0178316
8.02587e-12	-0.0178456
8.02722e-12	-0.0178595
8.02857e-12	-0.0178735
8.02992e-12	-0.0178875
8.03128e-12	-0.0179015
8.03263e-12	-0.0179156
8.03398e-12	-0.0179296
8.03534e-12	-0.0179436
8.03669e-12	-0.0179577
8.03804e-12	-0.0179717
8.03939e-12	-0.0179858
8.04075e-12	-0.0179998
8.0421e-12	-0.0180139
8.04345e-12	-0.018028
8.0448e-12	-0.0180421
8.04616e-12	-0.0180562
8.04751e-12	-0.0180703
8.04886e-12	-0.0180844
8.05021e-12	-0.0180985
8.05157e-12	-0.0181126
8.05292e-12	-0.0181268
8.05427e-12	-0.0181409
8.05562e-12	-0.0181551
8.05698e-12	-0.0181692
8.05833e-12	-0.0181834
8.05968e-12	-0.0181976
8.06104e-12	-0.0182118
8.06239e-12	-0.018226
8.06374e-12	-0.0182402
8.06509e-12	-0.0182544
8.06645e-12	-0.0182686
8.0678e-12	-0.0182828
8.06915e-12	-0.0182971
8.0705e-12	-0.0183113
8.07186e-12	-0.0183256
8.07321e-12	-0.0183398
8.07456e-12	-0.0183541
8.07591e-12	-0.0183684
8.07727e-12	-0.0183827
8.07862e-12	-0.018397
8.07997e-12	-0.0184113
8.08132e-12	-0.0184256
8.08268e-12	-0.0184399
8.08403e-12	-0.0184542
8.08538e-12	-0.0184686
8.08674e-12	-0.0184829
8.08809e-12	-0.0184973
8.08944e-12	-0.0185116
8.09079e-12	-0.018526
8.09215e-12	-0.0185404
8.0935e-12	-0.0185548
8.09485e-12	-0.0185692
8.0962e-12	-0.0185836
8.09756e-12	-0.018598
8.09891e-12	-0.0186124
8.10026e-12	-0.0186268
8.10161e-12	-0.0186412
8.10297e-12	-0.0186557
8.10432e-12	-0.0186701
8.10567e-12	-0.0186846
8.10702e-12	-0.0186991
8.10838e-12	-0.0187135
8.10973e-12	-0.018728
8.11108e-12	-0.0187425
8.11244e-12	-0.018757
8.11379e-12	-0.0187715
8.11514e-12	-0.0187861
8.11649e-12	-0.0188006
8.11785e-12	-0.0188151
8.1192e-12	-0.0188297
8.12055e-12	-0.0188442
8.1219e-12	-0.0188588
8.12326e-12	-0.0188733
8.12461e-12	-0.0188879
8.12596e-12	-0.0189025
8.12731e-12	-0.0189171
8.12867e-12	-0.0189317
8.13002e-12	-0.0189463
8.13137e-12	-0.0189609
8.13273e-12	-0.0189755
8.13408e-12	-0.0189902
8.13543e-12	-0.0190048
8.13678e-12	-0.0190195
8.13814e-12	-0.0190341
8.13949e-12	-0.0190488
8.14084e-12	-0.0190635
8.14219e-12	-0.0190782
8.14355e-12	-0.0190928
8.1449e-12	-0.0191075
8.14625e-12	-0.0191223
8.1476e-12	-0.019137
8.14896e-12	-0.0191517
8.15031e-12	-0.0191664
8.15166e-12	-0.0191812
8.15301e-12	-0.0191959
8.15437e-12	-0.0192107
8.15572e-12	-0.0192255
8.15707e-12	-0.0192402
8.15843e-12	-0.019255
8.15978e-12	-0.0192698
8.16113e-12	-0.0192846
8.16248e-12	-0.0192994
8.16384e-12	-0.0193142
8.16519e-12	-0.0193291
8.16654e-12	-0.0193439
8.16789e-12	-0.0193587
8.16925e-12	-0.0193736
8.1706e-12	-0.0193884
8.17195e-12	-0.0194033
8.1733e-12	-0.0194182
8.17466e-12	-0.0194331
8.17601e-12	-0.019448
8.17736e-12	-0.0194629
8.17871e-12	-0.0194778
8.18007e-12	-0.0194927
8.18142e-12	-0.0195076
8.18277e-12	-0.0195226
8.18413e-12	-0.0195375
8.18548e-12	-0.0195525
8.18683e-12	-0.0195674
8.18818e-12	-0.0195824
8.18954e-12	-0.0195974
8.19089e-12	-0.0196123
8.19224e-12	-0.0196273
8.19359e-12	-0.0196423
8.19495e-12	-0.0196574
8.1963e-12	-0.0196724
8.19765e-12	-0.0196874
8.199e-12	-0.0197024
8.20036e-12	-0.0197175
8.20171e-12	-0.0197325
8.20306e-12	-0.0197476
8.20441e-12	-0.0197627
8.20577e-12	-0.0197777
8.20712e-12	-0.0197928
8.20847e-12	-0.0198079
8.20983e-12	-0.019823
8.21118e-12	-0.0198381
8.21253e-12	-0.0198533
8.21388e-12	-0.0198684
8.21524e-12	-0.0198835
8.21659e-12	-0.0198987
8.21794e-12	-0.0199138
8.21929e-12	-0.019929
8.22065e-12	-0.0199442
8.222e-12	-0.0199593
8.22335e-12	-0.0199745
8.2247e-12	-0.0199897
8.22606e-12	-0.0200049
8.22741e-12	-0.0200201
8.22876e-12	-0.0200354
8.23011e-12	-0.0200506
8.23147e-12	-0.0200658
8.23282e-12	-0.0200811
8.23417e-12	-0.0200963
8.23553e-12	-0.0201116
8.23688e-12	-0.0201269
8.23823e-12	-0.0201422
8.23958e-12	-0.0201574
8.24094e-12	-0.0201727
8.24229e-12	-0.020188
8.24364e-12	-0.0202034
8.24499e-12	-0.0202187
8.24635e-12	-0.020234
8.2477e-12	-0.0202494
8.24905e-12	-0.0202647
8.2504e-12	-0.0202801
8.25176e-12	-0.0202954
8.25311e-12	-0.0203108
8.25446e-12	-0.0203262
8.25581e-12	-0.0203416
8.25717e-12	-0.020357
8.25852e-12	-0.0203724
8.25987e-12	-0.0203878
8.26123e-12	-0.0204032
8.26258e-12	-0.0204187
8.26393e-12	-0.0204341
8.26528e-12	-0.0204496
8.26664e-12	-0.020465
8.26799e-12	-0.0204805
8.26934e-12	-0.020496
8.27069e-12	-0.0205114
8.27205e-12	-0.0205269
8.2734e-12	-0.0205424
8.27475e-12	-0.020558
8.2761e-12	-0.0205735
8.27746e-12	-0.020589
8.27881e-12	-0.0206045
8.28016e-12	-0.0206201
8.28152e-12	-0.0206356
8.28287e-12	-0.0206512
8.28422e-12	-0.0206668
8.28557e-12	-0.0206824
8.28693e-12	-0.0206979
8.28828e-12	-0.0207135
8.28963e-12	-0.0207291
8.29098e-12	-0.0207448
8.29234e-12	-0.0207604
8.29369e-12	-0.020776
8.29504e-12	-0.0207916
8.29639e-12	-0.0208073
8.29775e-12	-0.020823
8.2991e-12	-0.0208386
8.30045e-12	-0.0208543
8.3018e-12	-0.02087
8.30316e-12	-0.0208857
8.30451e-12	-0.0209014
8.30586e-12	-0.0209171
8.30722e-12	-0.0209328
8.30857e-12	-0.0209485
8.30992e-12	-0.0209642
8.31127e-12	-0.02098
8.31263e-12	-0.0209957
8.31398e-12	-0.0210115
8.31533e-12	-0.0210273
8.31668e-12	-0.021043
8.31804e-12	-0.0210588
8.31939e-12	-0.0210746
8.32074e-12	-0.0210904
8.32209e-12	-0.0211062
8.32345e-12	-0.0211221
8.3248e-12	-0.0211379
8.32615e-12	-0.0211537
8.3275e-12	-0.0211696
8.32886e-12	-0.0211854
8.33021e-12	-0.0212013
8.33156e-12	-0.0212172
8.33292e-12	-0.021233
8.33427e-12	-0.0212489
8.33562e-12	-0.0212648
8.33697e-12	-0.0212807
8.33833e-12	-0.0212966
8.33968e-12	-0.0213126
8.34103e-12	-0.0213285
8.34238e-12	-0.0213444
8.34374e-12	-0.0213604
8.34509e-12	-0.0213763
8.34644e-12	-0.0213923
8.34779e-12	-0.0214083
8.34915e-12	-0.0214243
8.3505e-12	-0.0214403
8.35185e-12	-0.0214563
8.3532e-12	-0.0214723
8.35456e-12	-0.0214883
8.35591e-12	-0.0215043
8.35726e-12	-0.0215204
8.35862e-12	-0.0215364
8.35997e-12	-0.0215525
8.36132e-12	-0.0215685
8.36267e-12	-0.0215846
8.36403e-12	-0.0216007
8.36538e-12	-0.0216168
8.36673e-12	-0.0216328
8.36808e-12	-0.021649
8.36944e-12	-0.0216651
8.37079e-12	-0.0216812
8.37214e-12	-0.0216973
8.37349e-12	-0.0217135
8.37485e-12	-0.0217296
8.3762e-12	-0.0217458
8.37755e-12	-0.0217619
8.3789e-12	-0.0217781
8.38026e-12	-0.0217943
8.38161e-12	-0.0218105
8.38296e-12	-0.0218267
8.38432e-12	-0.0218429
8.38567e-12	-0.0218591
8.38702e-12	-0.0218753
8.38837e-12	-0.0218916
8.38973e-12	-0.0219078
8.39108e-12	-0.0219241
8.39243e-12	-0.0219403
8.39378e-12	-0.0219566
8.39514e-12	-0.0219729
8.39649e-12	-0.0219892
8.39784e-12	-0.0220055
8.39919e-12	-0.0220218
8.40055e-12	-0.0220381
8.4019e-12	-0.0220544
8.40325e-12	-0.0220707
8.4046e-12	-0.0220871
8.40596e-12	-0.0221034
8.40731e-12	-0.0221198
8.40866e-12	-0.0221361
8.41002e-12	-0.0221525
8.41137e-12	-0.0221689
8.41272e-12	-0.0221853
8.41407e-12	-0.0222017
8.41543e-12	-0.0222181
8.41678e-12	-0.0222345
8.41813e-12	-0.022251
8.41948e-12	-0.0222674
8.42084e-12	-0.0222838
8.42219e-12	-0.0223003
8.42354e-12	-0.0223168
8.42489e-12	-0.0223332
8.42625e-12	-0.0223497
8.4276e-12	-0.0223662
8.42895e-12	-0.0223827
8.4303e-12	-0.0223992
8.43166e-12	-0.0224157
8.43301e-12	-0.0224322
8.43436e-12	-0.0224488
8.43572e-12	-0.0224653
8.43707e-12	-0.0224819
8.43842e-12	-0.0224984
8.43977e-12	-0.022515
8.44113e-12	-0.0225316
8.44248e-12	-0.0225481
8.44383e-12	-0.0225647
8.44518e-12	-0.0225813
8.44654e-12	-0.022598
8.44789e-12	-0.0226146
8.44924e-12	-0.0226312
8.45059e-12	-0.0226478
8.45195e-12	-0.0226645
8.4533e-12	-0.0226811
8.45465e-12	-0.0226978
8.45601e-12	-0.0227145
8.45736e-12	-0.0227312
8.45871e-12	-0.0227478
8.46006e-12	-0.0227645
8.46142e-12	-0.0227813
8.46277e-12	-0.022798
8.46412e-12	-0.0228147
8.46547e-12	-0.0228314
8.46683e-12	-0.0228482
8.46818e-12	-0.0228649
8.46953e-12	-0.0228817
8.47088e-12	-0.0228985
8.47224e-12	-0.0229152
8.47359e-12	-0.022932
8.47494e-12	-0.0229488
8.47629e-12	-0.0229656
8.47765e-12	-0.0229824
8.479e-12	-0.0229993
8.48035e-12	-0.0230161
8.48171e-12	-0.0230329
8.48306e-12	-0.0230498
8.48441e-12	-0.0230666
8.48576e-12	-0.0230835
8.48712e-12	-0.0231004
8.48847e-12	-0.0231173
8.48982e-12	-0.0231342
8.49117e-12	-0.0231511
8.49253e-12	-0.023168
8.49388e-12	-0.0231849
8.49523e-12	-0.0232018
8.49658e-12	-0.0232188
8.49794e-12	-0.0232357
8.49929e-12	-0.0232527
8.50064e-12	-0.0232696
8.50199e-12	-0.0232866
8.50335e-12	-0.0233036
8.5047e-12	-0.0233206
8.50605e-12	-0.0233376
8.50741e-12	-0.0233546
8.50876e-12	-0.0233716
8.51011e-12	-0.0233886
8.51146e-12	-0.0234056
8.51282e-12	-0.0234227
8.51417e-12	-0.0234397
8.51552e-12	-0.0234568
8.51687e-12	-0.0234739
8.51823e-12	-0.023491
8.51958e-12	-0.023508
8.52093e-12	-0.0235251
8.52228e-12	-0.0235422
8.52364e-12	-0.0235594
8.52499e-12	-0.0235765
8.52634e-12	-0.0235936
8.52769e-12	-0.0236108
8.52905e-12	-0.0236279
8.5304e-12	-0.0236451
8.53175e-12	-0.0236622
8.53311e-12	-0.0236794
8.53446e-12	-0.0236966
8.53581e-12	-0.0237138
8.53716e-12	-0.023731
8.53852e-12	-0.0237482
8.53987e-12	-0.0237654
8.54122e-12	-0.0237827
8.54257e-12	-0.0237999
8.54393e-12	-0.0238171
8.54528e-12	-0.0238344
8.54663e-12	-0.0238517
8.54798e-12	-0.0238689
8.54934e-12	-0.0238862
8.55069e-12	-0.0239035
8.55204e-12	-0.0239208
8.55339e-12	-0.0239381
8.55475e-12	-0.0239554
8.5561e-12	-0.0239728
8.55745e-12	-0.0239901
8.55881e-12	-0.0240075
8.56016e-12	-0.0240248
8.56151e-12	-0.0240422
8.56286e-12	-0.0240595
8.56422e-12	-0.0240769
8.56557e-12	-0.0240943
8.56692e-12	-0.0241117
8.56827e-12	-0.0241291
8.56963e-12	-0.0241465
8.57098e-12	-0.024164
8.57233e-12	-0.0241814
8.57368e-12	-0.0241988
8.57504e-12	-0.0242163
8.57639e-12	-0.0242338
8.57774e-12	-0.0242512
8.57909e-12	-0.0242687
8.58045e-12	-0.0242862
8.5818e-12	-0.0243037
8.58315e-12	-0.0243212
8.58451e-12	-0.0243387
8.58586e-12	-0.0243562
8.58721e-12	-0.0243738
8.58856e-12	-0.0243913
8.58992e-12	-0.0244089
8.59127e-12	-0.0244264
8.59262e-12	-0.024444
8.59397e-12	-0.0244616
8.59533e-12	-0.0244792
8.59668e-12	-0.0244968
8.59803e-12	-0.0245144
8.59938e-12	-0.024532
8.60074e-12	-0.0245496
8.60209e-12	-0.0245672
8.60344e-12	-0.0245849
8.6048e-12	-0.0246025
8.60615e-12	-0.0246202
8.6075e-12	-0.0246378
8.60885e-12	-0.0246555
8.61021e-12	-0.0246732
8.61156e-12	-0.0246909
8.61291e-12	-0.0247086
8.61426e-12	-0.0247263
8.61562e-12	-0.024744
8.61697e-12	-0.0247618
8.61832e-12	-0.0247795
8.61967e-12	-0.0247973
8.62103e-12	-0.024815
8.62238e-12	-0.0248328
8.62373e-12	-0.0248506
8.62508e-12	-0.0248683
8.62644e-12	-0.0248861
8.62779e-12	-0.0249039
8.62914e-12	-0.0249217
8.6305e-12	-0.0249396
8.63185e-12	-0.0249574
8.6332e-12	-0.0249752
8.63455e-12	-0.0249931
8.63591e-12	-0.0250109
8.63726e-12	-0.0250288
8.63861e-12	-0.0250467
8.63996e-12	-0.0250646
8.64132e-12	-0.0250825
8.64267e-12	-0.0251004
8.64402e-12	-0.0251183
8.64537e-12	-0.0251362
8.64673e-12	-0.0251541
8.64808e-12	-0.025172
8.64943e-12	-0.02519
8.65078e-12	-0.025208
8.65214e-12	-0.0252259
8.65349e-12	-0.0252439
8.65484e-12	-0.0252619
8.6562e-12	-0.0252799
8.65755e-12	-0.0252979
8.6589e-12	-0.0253159
8.66025e-12	-0.0253339
8.66161e-12	-0.0253519
8.66296e-12	-0.02537
8.66431e-12	-0.025388
8.66566e-12	-0.0254061
8.66702e-12	-0.0254241
8.66837e-12	-0.0254422
8.66972e-12	-0.0254603
8.67107e-12	-0.0254784
8.67243e-12	-0.0254965
8.67378e-12	-0.0255146
8.67513e-12	-0.0255327
8.67648e-12	-0.0255508
8.67784e-12	-0.0255689
8.67919e-12	-0.0255871
8.68054e-12	-0.0256052
8.6819e-12	-0.0256234
8.68325e-12	-0.0256416
8.6846e-12	-0.0256598
8.68595e-12	-0.025678
8.68731e-12	-0.0256962
8.68866e-12	-0.0257144
8.69001e-12	-0.0257326
8.69136e-12	-0.0257508
8.69272e-12	-0.025769
8.69407e-12	-0.0257873
8.69542e-12	-0.0258055
8.69677e-12	-0.0258238
8.69813e-12	-0.0258421
8.69948e-12	-0.0258603
8.70083e-12	-0.0258786
8.70218e-12	-0.0258969
8.70354e-12	-0.0259152
8.70489e-12	-0.0259336
8.70624e-12	-0.0259519
8.7076e-12	-0.0259702
8.70895e-12	-0.0259886
8.7103e-12	-0.0260069
8.71165e-12	-0.0260253
8.71301e-12	-0.0260437
8.71436e-12	-0.026062
8.71571e-12	-0.0260804
8.71706e-12	-0.0260988
8.71842e-12	-0.0261172
8.71977e-12	-0.0261356
8.72112e-12	-0.0261541
8.72247e-12	-0.0261725
8.72383e-12	-0.0261909
8.72518e-12	-0.0262094
8.72653e-12	-0.0262279
8.72788e-12	-0.0262463
8.72924e-12	-0.0262648
8.73059e-12	-0.0262833
8.73194e-12	-0.0263018
8.7333e-12	-0.0263203
8.73465e-12	-0.0263388
8.736e-12	-0.0263573
8.73735e-12	-0.0263759
8.73871e-12	-0.0263944
8.74006e-12	-0.026413
8.74141e-12	-0.0264315
8.74276e-12	-0.0264501
8.74412e-12	-0.0264687
8.74547e-12	-0.0264873
8.74682e-12	-0.0265059
8.74817e-12	-0.0265245
8.74953e-12	-0.0265431
8.75088e-12	-0.0265617
8.75223e-12	-0.0265804
8.75359e-12	-0.026599
8.75494e-12	-0.0266177
8.75629e-12	-0.0266363
8.75764e-12	-0.026655
8.759e-12	-0.0266737
8.76035e-12	-0.0266924
8.7617e-12	-0.0267111
8.76305e-12	-0.0267298
8.76441e-12	-0.0267485
8.76576e-12	-0.0267672
8.76711e-12	-0.0267859
8.76846e-12	-0.0268047
8.76982e-12	-0.0268234
8.77117e-12	-0.0268422
8.77252e-12	-0.026861
8.77387e-12	-0.0268798
8.77523e-12	-0.0268985
8.77658e-12	-0.0269173
8.77793e-12	-0.0269361
8.77929e-12	-0.026955
8.78064e-12	-0.0269738
8.78199e-12	-0.0269926
8.78334e-12	-0.0270115
8.7847e-12	-0.0270303
8.78605e-12	-0.0270492
8.7874e-12	-0.0270681
8.78875e-12	-0.0270869
8.79011e-12	-0.0271058
8.79146e-12	-0.0271247
8.79281e-12	-0.0271436
8.79416e-12	-0.0271625
8.79552e-12	-0.0271815
8.79687e-12	-0.0272004
8.79822e-12	-0.0272194
8.79957e-12	-0.0272383
8.80093e-12	-0.0272573
8.80228e-12	-0.0272762
8.80363e-12	-0.0272952
8.80499e-12	-0.0273142
8.80634e-12	-0.0273332
8.80769e-12	-0.0273522
8.80904e-12	-0.0273712
8.8104e-12	-0.0273903
8.81175e-12	-0.0274093
8.8131e-12	-0.0274283
8.81445e-12	-0.0274474
8.81581e-12	-0.0274665
8.81716e-12	-0.0274855
8.81851e-12	-0.0275046
8.81986e-12	-0.0275237
8.82122e-12	-0.0275428
8.82257e-12	-0.0275619
8.82392e-12	-0.027581
8.82527e-12	-0.0276002
8.82663e-12	-0.0276193
8.82798e-12	-0.0276384
8.82933e-12	-0.0276576
8.83069e-12	-0.0276768
8.83204e-12	-0.0276959
8.83339e-12	-0.0277151
8.83474e-12	-0.0277343
8.8361e-12	-0.0277535
8.83745e-12	-0.0277727
8.8388e-12	-0.0277919
8.84015e-12	-0.0278112
8.84151e-12	-0.0278304
8.84286e-12	-0.0278497
8.84421e-12	-0.0278689
8.84556e-12	-0.0278882
8.84692e-12	-0.0279074
8.84827e-12	-0.0279267
8.84962e-12	-0.027946
8.85097e-12	-0.0279653
8.85233e-12	-0.0279846
8.85368e-12	-0.028004
8.85503e-12	-0.0280233
8.85639e-12	-0.0280426
8.85774e-12	-0.028062
8.85909e-12	-0.0280813
8.86044e-12	-0.0281007
8.8618e-12	-0.0281201
8.86315e-12	-0.0281395
8.8645e-12	-0.0281588
8.86585e-12	-0.0281782
8.86721e-12	-0.0281977
8.86856e-12	-0.0282171
8.86991e-12	-0.0282365
8.87126e-12	-0.0282559
8.87262e-12	-0.0282754
8.87397e-12	-0.0282949
8.87532e-12	-0.0283143
8.87667e-12	-0.0283338
8.87803e-12	-0.0283533
8.87938e-12	-0.0283728
8.88073e-12	-0.0283923
8.88209e-12	-0.0284118
8.88344e-12	-0.0284313
8.88479e-12	-0.0284508
8.88614e-12	-0.0284704
8.8875e-12	-0.0284899
8.88885e-12	-0.0285095
8.8902e-12	-0.0285291
8.89155e-12	-0.0285486
8.89291e-12	-0.0285682
8.89426e-12	-0.0285878
8.89561e-12	-0.0286074
8.89696e-12	-0.028627
8.89832e-12	-0.0286467
8.89967e-12	-0.0286663
8.90102e-12	-0.0286859
8.90238e-12	-0.0287056
8.90373e-12	-0.0287252
8.90508e-12	-0.0287449
8.90643e-12	-0.0287646
8.90779e-12	-0.0287843
8.90914e-12	-0.028804
8.91049e-12	-0.0288237
8.91184e-12	-0.0288434
8.9132e-12	-0.0288631
8.91455e-12	-0.0288829
8.9159e-12	-0.0289026
8.91725e-12	-0.0289223
8.91861e-12	-0.0289421
8.91996e-12	-0.0289619
8.92131e-12	-0.0289817
8.92266e-12	-0.0290014
8.92402e-12	-0.0290212
8.92537e-12	-0.0290411
8.92672e-12	-0.0290609
8.92808e-12	-0.0290807
8.92943e-12	-0.0291005
8.93078e-12	-0.0291204
8.93213e-12	-0.0291402
8.93349e-12	-0.0291601
8.93484e-12	-0.02918
8.93619e-12	-0.0291998
8.93754e-12	-0.0292197
8.9389e-12	-0.0292396
8.94025e-12	-0.0292595
8.9416e-12	-0.0292795
8.94295e-12	-0.0292994
8.94431e-12	-0.0293193
8.94566e-12	-0.0293393
8.94701e-12	-0.0293592
8.94836e-12	-0.0293792
8.94972e-12	-0.0293992
8.95107e-12	-0.0294191
8.95242e-12	-0.0294391
8.95378e-12	-0.0294591
8.95513e-12	-0.0294791
8.95648e-12	-0.0294992
8.95783e-12	-0.0295192
8.95919e-12	-0.0295392
8.96054e-12	-0.0295593
8.96189e-12	-0.0295793
8.96324e-12	-0.0295994
8.9646e-12	-0.0296195
8.96595e-12	-0.0296396
8.9673e-12	-0.0296596
8.96865e-12	-0.0296797
8.97001e-12	-0.0296999
8.97136e-12	-0.02972
8.97271e-12	-0.0297401
8.97406e-12	-0.0297602
8.97542e-12	-0.0297804
8.97677e-12	-0.0298006
8.97812e-12	-0.0298207
8.97948e-12	-0.0298409
8.98083e-12	-0.0298611
8.98218e-12	-0.0298813
8.98353e-12	-0.0299015
8.98489e-12	-0.0299217
8.98624e-12	-0.0299419
8.98759e-12	-0.0299621
8.98894e-12	-0.0299824
8.9903e-12	-0.0300026
8.99165e-12	-0.0300229
8.993e-12	-0.0300432
8.99435e-12	-0.0300634
8.99571e-12	-0.0300837
8.99706e-12	-0.030104
8.99841e-12	-0.0301243
8.99976e-12	-0.0301446
9.00112e-12	-0.030165
9.00247e-12	-0.0301853
9.00382e-12	-0.0302056
9.00518e-12	-0.030226
9.00653e-12	-0.0302464
9.00788e-12	-0.0302667
9.00923e-12	-0.0302871
9.01059e-12	-0.0303075
9.01194e-12	-0.0303279
9.01329e-12	-0.0303483
9.01464e-12	-0.0303687
9.016e-12	-0.0303891
9.01735e-12	-0.0304096
9.0187e-12	-0.03043
9.02005e-12	-0.0304505
9.02141e-12	-0.0304709
9.02276e-12	-0.0304914
9.02411e-12	-0.0305119
9.02546e-12	-0.0305324
9.02682e-12	-0.0305529
9.02817e-12	-0.0305734
9.02952e-12	-0.0305939
9.03088e-12	-0.0306144
9.03223e-12	-0.030635
9.03358e-12	-0.0306555
9.03493e-12	-0.0306761
9.03629e-12	-0.0306966
9.03764e-12	-0.0307172
9.03899e-12	-0.0307378
9.04034e-12	-0.0307584
9.0417e-12	-0.030779
9.04305e-12	-0.0307996
9.0444e-12	-0.0308202
9.04575e-12	-0.0308408
9.04711e-12	-0.0308615
9.04846e-12	-0.0308821
9.04981e-12	-0.0309028
9.05117e-12	-0.0309235
9.05252e-12	-0.0309441
9.05387e-12	-0.0309648
9.05522e-12	-0.0309855
9.05658e-12	-0.0310062
9.05793e-12	-0.0310269
9.05928e-12	-0.0310476
9.06063e-12	-0.0310684
9.06199e-12	-0.0310891
9.06334e-12	-0.0311099
9.06469e-12	-0.0311306
9.06604e-12	-0.0311514
9.0674e-12	-0.0311722
9.06875e-12	-0.031193
9.0701e-12	-0.0312138
9.07145e-12	-0.0312346
9.07281e-12	-0.0312554
9.07416e-12	-0.0312762
9.07551e-12	-0.031297
9.07687e-12	-0.0313179
9.07822e-12	-0.0313387
9.07957e-12	-0.0313596
9.08092e-12	-0.0313804
9.08228e-12	-0.0314013
9.08363e-12	-0.0314222
9.08498e-12	-0.0314431
9.08633e-12	-0.031464
9.08769e-12	-0.0314849
9.08904e-12	-0.0315059
9.09039e-12	-0.0315268
9.09174e-12	-0.0315477
9.0931e-12	-0.0315687
9.09445e-12	-0.0315897
9.0958e-12	-0.0316106
9.09715e-12	-0.0316316
9.09851e-12	-0.0316526
9.09986e-12	-0.0316736
9.10121e-12	-0.0316946
9.10257e-12	-0.0317156
9.10392e-12	-0.0317367
9.10527e-12	-0.0317577
9.10662e-12	-0.0317787
9.10798e-12	-0.0317998
9.10933e-12	-0.0318209
9.11068e-12	-0.0318419
9.11203e-12	-0.031863
9.11339e-12	-0.0318841
9.11474e-12	-0.0319052
9.11609e-12	-0.0319263
9.11744e-12	-0.0319474
9.1188e-12	-0.0319686
9.12015e-12	-0.0319897
9.1215e-12	-0.0320108
9.12285e-12	-0.032032
9.12421e-12	-0.0320532
9.12556e-12	-0.0320744
9.12691e-12	-0.0320955
9.12827e-12	-0.0321167
9.12962e-12	-0.0321379
9.13097e-12	-0.0321591
9.13232e-12	-0.0321804
9.13368e-12	-0.0322016
9.13503e-12	-0.0322228
9.13638e-12	-0.0322441
9.13773e-12	-0.0322653
9.13909e-12	-0.0322866
9.14044e-12	-0.0323079
9.14179e-12	-0.0323292
9.14314e-12	-0.0323505
9.1445e-12	-0.0323718
9.14585e-12	-0.0323931
9.1472e-12	-0.0324144
9.14855e-12	-0.0324357
9.14991e-12	-0.0324571
9.15126e-12	-0.0324784
9.15261e-12	-0.0324998
9.15397e-12	-0.0325212
9.15532e-12	-0.0325426
9.15667e-12	-0.0325639
9.15802e-12	-0.0325853
9.15938e-12	-0.0326067
9.16073e-12	-0.0326282
9.16208e-12	-0.0326496
9.16343e-12	-0.032671
9.16479e-12	-0.0326925
9.16614e-12	-0.0327139
9.16749e-12	-0.0327354
9.16884e-12	-0.0327569
9.1702e-12	-0.0327783
9.17155e-12	-0.0327998
9.1729e-12	-0.0328213
9.17425e-12	-0.0328428
9.17561e-12	-0.0328644
9.17696e-12	-0.0328859
9.17831e-12	-0.0329074
9.17967e-12	-0.032929
9.18102e-12	-0.0329505
9.18237e-12	-0.0329721
9.18372e-12	-0.0329937
9.18508e-12	-0.0330152
9.18643e-12	-0.0330368
9.18778e-12	-0.0330584
9.18913e-12	-0.03308
9.19049e-12	-0.0331017
9.19184e-12	-0.0331233
9.19319e-12	-0.0331449
9.19454e-12	-0.0331666
9.1959e-12	-0.0331882
9.19725e-12	-0.0332099
9.1986e-12	-0.0332316
9.19995e-12	-0.0332533
9.20131e-12	-0.033275
9.20266e-12	-0.0332967
9.20401e-12	-0.0333184
9.20537e-12	-0.0333401
9.20672e-12	-0.0333618
9.20807e-12	-0.0333836
9.20942e-12	-0.0334053
9.21078e-12	-0.0334271
9.21213e-12	-0.0334489
9.21348e-12	-0.0334706
9.21483e-12	-0.0334924
9.21619e-12	-0.0335142
9.21754e-12	-0.033536
9.21889e-12	-0.0335578
9.22024e-12	-0.0335797
9.2216e-12	-0.0336015
9.22295e-12	-0.0336233
9.2243e-12	-0.0336452
9.22566e-12	-0.033667
9.22701e-12	-0.0336889
9.22836e-12	-0.0337108
9.22971e-12	-0.0337327
9.23107e-12	-0.0337546
9.23242e-12	-0.0337765
9.23377e-12	-0.0337984
9.23512e-12	-0.0338203
9.23648e-12	-0.0338423
9.23783e-12	-0.0338642
9.23918e-12	-0.0338862
9.24053e-12	-0.0339081
9.24189e-12	-0.0339301
9.24324e-12	-0.0339521
9.24459e-12	-0.0339741
9.24594e-12	-0.0339961
9.2473e-12	-0.0340181
9.24865e-12	-0.0340401
9.25e-12	-0.0340621
9.25136e-12	-0.0340842
9.25271e-12	-0.0341062
9.25406e-12	-0.0341283
9.25541e-12	-0.0341503
9.25677e-12	-0.0341724
9.25812e-12	-0.0341945
9.25947e-12	-0.0342166
9.26082e-12	-0.0342387
9.26218e-12	-0.0342608
9.26353e-12	-0.0342829
9.26488e-12	-0.034305
9.26623e-12	-0.0343272
9.26759e-12	-0.0343493
9.26894e-12	-0.0343715
9.27029e-12	-0.0343936
9.27164e-12	-0.0344158
9.273e-12	-0.034438
9.27435e-12	-0.0344602
9.2757e-12	-0.0344824
9.27706e-12	-0.0345046
9.27841e-12	-0.0345268
9.27976e-12	-0.0345491
9.28111e-12	-0.0345713
9.28247e-12	-0.0345936
9.28382e-12	-0.0346158
9.28517e-12	-0.0346381
9.28652e-12	-0.0346604
9.28788e-12	-0.0346827
9.28923e-12	-0.0347049
9.29058e-12	-0.0347273
9.29193e-12	-0.0347496
9.29329e-12	-0.0347719
9.29464e-12	-0.0347942
9.29599e-12	-0.0348166
9.29734e-12	-0.0348389
9.2987e-12	-0.0348613
9.30005e-12	-0.0348836
9.3014e-12	-0.034906
9.30276e-12	-0.0349284
9.30411e-12	-0.0349508
9.30546e-12	-0.0349732
9.30681e-12	-0.0349956
9.30817e-12	-0.0350181
9.30952e-12	-0.0350405
9.31087e-12	-0.0350629
9.31222e-12	-0.0350854
9.31358e-12	-0.0351079
9.31493e-12	-0.0351303
9.31628e-12	-0.0351528
9.31763e-12	-0.0351753
9.31899e-12	-0.0351978
9.32034e-12	-0.0352203
9.32169e-12	-0.0352428
9.32304e-12	-0.0352653
9.3244e-12	-0.0352879
9.32575e-12	-0.0353104
9.3271e-12	-0.035333
9.32846e-12	-0.0353555
9.32981e-12	-0.0353781
9.33116e-12	-0.0354007
9.33251e-12	-0.0354233
9.33387e-12	-0.0354459
9.33522e-12	-0.0354685
9.33657e-12	-0.0354911
9.33792e-12	-0.0355137
9.33928e-12	-0.0355364
9.34063e-12	-0.035559
9.34198e-12	-0.0355817
9.34333e-12	-0.0356043
9.34469e-12	-0.035627
9.34604e-12	-0.0356497
9.34739e-12	-0.0356724
9.34874e-12	-0.0356951
9.3501e-12	-0.0357178
9.35145e-12	-0.0357405
9.3528e-12	-0.0357633
9.35416e-12	-0.035786
9.35551e-12	-0.0358087
9.35686e-12	-0.0358315
9.35821e-12	-0.0358543
9.35957e-12	-0.035877
9.36092e-12	-0.0358998
9.36227e-12	-0.0359226
9.36362e-12	-0.0359454
9.36498e-12	-0.0359682
9.36633e-12	-0.0359911
9.36768e-12	-0.0360139
9.36903e-12	-0.0360367
9.37039e-12	-0.0360596
9.37174e-12	-0.0360824
9.37309e-12	-0.0361053
9.37445e-12	-0.0361282
9.3758e-12	-0.0361511
9.37715e-12	-0.036174
9.3785e-12	-0.0361969
9.37986e-12	-0.0362198
9.38121e-12	-0.0362427
9.38256e-12	-0.0362656
9.38391e-12	-0.0362886
9.38527e-12	-0.0363115
9.38662e-12	-0.0363345
9.38797e-12	-0.0363575
9.38932e-12	-0.0363804
9.39068e-12	-0.0364034
9.39203e-12	-0.0364264
9.39338e-12	-0.0364494
9.39473e-12	-0.0364724
9.39609e-12	-0.0364955
9.39744e-12	-0.0365185
9.39879e-12	-0.0365415
9.40015e-12	-0.0365646
9.4015e-12	-0.0365876
9.40285e-12	-0.0366107
9.4042e-12	-0.0366338
9.40556e-12	-0.0366569
9.40691e-12	-0.03668
9.40826e-12	-0.0367031
9.40961e-12	-0.0367262
9.41097e-12	-0.0367493
9.41232e-12	-0.0367725
9.41367e-12	-0.0367956
9.41502e-12	-0.0368188
9.41638e-12	-0.0368419
9.41773e-12	-0.0368651
9.41908e-12	-0.0368883
9.42043e-12	-0.0369115
9.42179e-12	-0.0369347
9.42314e-12	-0.0369579
9.42449e-12	-0.0369811
9.42585e-12	-0.0370043
9.4272e-12	-0.0370275
9.42855e-12	-0.0370508
9.4299e-12	-0.037074
9.43126e-12	-0.0370973
9.43261e-12	-0.0371206
9.43396e-12	-0.0371439
9.43531e-12	-0.0371671
9.43667e-12	-0.0371904
9.43802e-12	-0.0372138
9.43937e-12	-0.0372371
9.44072e-12	-0.0372604
9.44208e-12	-0.0372837
9.44343e-12	-0.0373071
9.44478e-12	-0.0373304
9.44613e-12	-0.0373538
9.44749e-12	-0.0373772
9.44884e-12	-0.0374005
9.45019e-12	-0.0374239
9.45155e-12	-0.0374473
9.4529e-12	-0.0374707
9.45425e-12	-0.0374942
9.4556e-12	-0.0375176
9.45696e-12	-0.037541
9.45831e-12	-0.0375645
9.45966e-12	-0.0375879
9.46101e-12	-0.0376114
9.46237e-12	-0.0376349
9.46372e-12	-0.0376583
9.46507e-12	-0.0376818
9.46642e-12	-0.0377053
9.46778e-12	-0.0377288
9.46913e-12	-0.0377524
9.47048e-12	-0.0377759
9.47183e-12	-0.0377994
9.47319e-12	-0.037823
9.47454e-12	-0.0378465
9.47589e-12	-0.0378701
9.47725e-12	-0.0378937
9.4786e-12	-0.0379172
9.47995e-12	-0.0379408
9.4813e-12	-0.0379644
9.48266e-12	-0.0379881
9.48401e-12	-0.0380117
9.48536e-12	-0.0380353
9.48671e-12	-0.0380589
9.48807e-12	-0.0380826
9.48942e-12	-0.0381062
9.49077e-12	-0.0381299
9.49212e-12	-0.0381536
9.49348e-12	-0.0381773
9.49483e-12	-0.0382009
9.49618e-12	-0.0382247
9.49753e-12	-0.0382484
9.49889e-12	-0.0382721
9.50024e-12	-0.0382958
9.50159e-12	-0.0383195
9.50295e-12	-0.0383433
9.5043e-12	-0.038367
9.50565e-12	-0.0383908
9.507e-12	-0.0384146
9.50836e-12	-0.0384384
9.50971e-12	-0.0384622
9.51106e-12	-0.038486
9.51241e-12	-0.0385098
9.51377e-12	-0.0385336
9.51512e-12	-0.0385574
9.51647e-12	-0.0385813
9.51782e-12	-0.0386051
9.51918e-12	-0.038629
9.52053e-12	-0.0386528
9.52188e-12	-0.0386767
9.52324e-12	-0.0387006
9.52459e-12	-0.0387245
9.52594e-12	-0.0387484
9.52729e-12	-0.0387723
9.52865e-12	-0.0387962
9.53e-12	-0.0388201
9.53135e-12	-0.0388441
9.5327e-12	-0.038868
9.53406e-12	-0.038892
9.53541e-12	-0.0389159
9.53676e-12	-0.0389399
9.53811e-12	-0.0389639
9.53947e-12	-0.0389879
9.54082e-12	-0.0390119
9.54217e-12	-0.0390359
9.54352e-12	-0.0390599
9.54488e-12	-0.0390839
9.54623e-12	-0.039108
9.54758e-12	-0.039132
9.54894e-12	-0.0391561
9.55029e-12	-0.0391801
9.55164e-12	-0.0392042
9.55299e-12	-0.0392283
9.55435e-12	-0.0392524
9.5557e-12	-0.0392765
9.55705e-12	-0.0393006
9.5584e-12	-0.0393247
9.55976e-12	-0.0393488
9.56111e-12	-0.039373
9.56246e-12	-0.0393971
9.56381e-12	-0.0394213
9.56517e-12	-0.0394454
9.56652e-12	-0.0394696
9.56787e-12	-0.0394938
9.56922e-12	-0.039518
9.57058e-12	-0.0395422
9.57193e-12	-0.0395664
9.57328e-12	-0.0395906
9.57464e-12	-0.0396148
9.57599e-12	-0.0396391
9.57734e-12	-0.0396633
9.57869e-12	-0.0396876
9.58005e-12	-0.0397118
9.5814e-12	-0.0397361
9.58275e-12	-0.0397604
9.5841e-12	-0.0397847
9.58546e-12	-0.039809
9.58681e-12	-0.0398333
9.58816e-12	-0.0398576
9.58951e-12	-0.0398819
9.59087e-12	-0.0399063
9.59222e-12	-0.0399306
9.59357e-12	-0.039955
9.59492e-12	-0.0399793
9.59628e-12	-0.0400037
9.59763e-12	-0.0400281
9.59898e-12	-0.0400525
9.60034e-12	-0.0400769
9.60169e-12	-0.0401013
9.60304e-12	-0.0401257
9.60439e-12	-0.0401501
9.60575e-12	-0.0401746
9.6071e-12	-0.040199
9.60845e-12	-0.0402235
9.6098e-12	-0.0402479
9.61116e-12	-0.0402724
9.61251e-12	-0.0402969
9.61386e-12	-0.0403214
9.61521e-12	-0.0403459
9.61657e-12	-0.0403704
9.61792e-12	-0.0403949
9.61927e-12	-0.0404194
9.62062e-12	-0.0404439
9.62198e-12	-0.0404685
9.62333e-12	-0.040493
9.62468e-12	-0.0405176
9.62604e-12	-0.0405422
9.62739e-12	-0.0405667
9.62874e-12	-0.0405913
9.63009e-12	-0.0406159
9.63145e-12	-0.0406405
9.6328e-12	-0.0406651
9.63415e-12	-0.0406898
9.6355e-12	-0.0407144
9.63686e-12	-0.040739
9.63821e-12	-0.0407637
9.63956e-12	-0.0407883
9.64091e-12	-0.040813
9.64227e-12	-0.0408377
9.64362e-12	-0.0408624
9.64497e-12	-0.0408871
9.64632e-12	-0.0409118
9.64768e-12	-0.0409365
9.64903e-12	-0.0409612
9.65038e-12	-0.0409859
9.65174e-12	-0.0410107
9.65309e-12	-0.0410354
9.65444e-12	-0.0410602
9.65579e-12	-0.0410849
9.65715e-12	-0.0411097
9.6585e-12	-0.0411345
9.65985e-12	-0.0411593
9.6612e-12	-0.0411841
9.66256e-12	-0.0412089
9.66391e-12	-0.0412337
9.66526e-12	-0.0412585
9.66661e-12	-0.0412834
9.66797e-12	-0.0413082
9.66932e-12	-0.0413331
9.67067e-12	-0.0413579
9.67203e-12	-0.0413828
9.67338e-12	-0.0414077
9.67473e-12	-0.0414326
9.67608e-12	-0.0414575
9.67744e-12	-0.0414824
9.67879e-12	-0.0415073
9.68014e-12	-0.0415322
9.68149e-12	-0.0415572
9.68285e-12	-0.0415821
9.6842e-12	-0.0416071
9.68555e-12	-0.041632
9.6869e-12	-0.041657
9.68826e-12	-0.041682
9.68961e-12	-0.041707
9.69096e-12	-0.041732
9.69231e-12	-0.041757
9.69367e-12	-0.041782
9.69502e-12	-0.041807
9.69637e-12	-0.041832
9.69773e-12	-0.0418571
9.69908e-12	-0.0418821
9.70043e-12	-0.0419072
9.70178e-12	-0.0419323
9.70314e-12	-0.0419573
9.70449e-12	-0.0419824
9.70584e-12	-0.0420075
9.70719e-12	-0.0420326
9.70855e-12	-0.0420577
9.7099e-12	-0.0420829
9.71125e-12	-0.042108
9.7126e-12	-0.0421331
9.71396e-12	-0.0421583
9.71531e-12	-0.0421834
9.71666e-12	-0.0422086
9.71801e-12	-0.0422338
9.71937e-12	-0.042259
9.72072e-12	-0.0422841
9.72207e-12	-0.0423094
9.72343e-12	-0.0423346
9.72478e-12	-0.0423598
9.72613e-12	-0.042385
9.72748e-12	-0.0424102
9.72884e-12	-0.0424355
9.73019e-12	-0.0424607
9.73154e-12	-0.042486
9.73289e-12	-0.0425113
9.73425e-12	-0.0425366
9.7356e-12	-0.0425618
9.73695e-12	-0.0425871
9.7383e-12	-0.0426124
9.73966e-12	-0.0426378
9.74101e-12	-0.0426631
9.74236e-12	-0.0426884
9.74371e-12	-0.0427138
9.74507e-12	-0.0427391
9.74642e-12	-0.0427645
9.74777e-12	-0.0427898
9.74913e-12	-0.0428152
9.75048e-12	-0.0428406
9.75183e-12	-0.042866
9.75318e-12	-0.0428914
9.75454e-12	-0.0429168
9.75589e-12	-0.0429422
9.75724e-12	-0.0429677
9.75859e-12	-0.0429931
9.75995e-12	-0.0430185
9.7613e-12	-0.043044
9.76265e-12	-0.0430695
9.764e-12	-0.0430949
9.76536e-12	-0.0431204
9.76671e-12	-0.0431459
9.76806e-12	-0.0431714
9.76941e-12	-0.0431969
9.77077e-12	-0.0432224
9.77212e-12	-0.043248
9.77347e-12	-0.0432735
9.77483e-12	-0.043299
9.77618e-12	-0.0433246
9.77753e-12	-0.0433501
9.77888e-12	-0.0433757
9.78024e-12	-0.0434013
9.78159e-12	-0.0434269
9.78294e-12	-0.0434525
9.78429e-12	-0.0434781
9.78565e-12	-0.0435037
9.787e-12	-0.0435293
9.78835e-12	-0.0435549
9.7897e-12	-0.0435806
9.79106e-12	-0.0436062
9.79241e-12	-0.0436319
9.79376e-12	-0.0436576
9.79511e-12	-0.0436832
9.79647e-12	-0.0437089
9.79782e-12	-0.0437346
9.79917e-12	-0.0437603
9.80053e-12	-0.043786
9.80188e-12	-0.0438117
9.80323e-12	-0.0438375
9.80458e-12	-0.0438632
9.80594e-12	-0.0438889
9.80729e-12	-0.0439147
9.80864e-12	-0.0439404
9.80999e-12	-0.0439662
9.81135e-12	-0.043992
9.8127e-12	-0.0440178
9.81405e-12	-0.0440436
9.8154e-12	-0.0440694
9.81676e-12	-0.0440952
9.81811e-12	-0.044121
9.81946e-12	-0.0441468
9.82081e-12	-0.0441727
9.82217e-12	-0.0441985
9.82352e-12	-0.0442244
9.82487e-12	-0.0442502
9.82623e-12	-0.0442761
9.82758e-12	-0.044302
9.82893e-12	-0.0443279
9.83028e-12	-0.0443538
9.83164e-12	-0.0443797
9.83299e-12	-0.0444056
9.83434e-12	-0.0444315
9.83569e-12	-0.0444575
9.83705e-12	-0.0444834
9.8384e-12	-0.0445094
9.83975e-12	-0.0445353
9.8411e-12	-0.0445613
9.84246e-12	-0.0445873
9.84381e-12	-0.0446133
9.84516e-12	-0.0446393
9.84652e-12	-0.0446653
9.84787e-12	-0.0446913
9.84922e-12	-0.0447173
9.85057e-12	-0.0447433
9.85193e-12	-0.0447694
9.85328e-12	-0.0447954
9.85463e-12	-0.0448215
9.85598e-12	-0.0448475
9.85734e-12	-0.0448736
9.85869e-12	-0.0448997
9.86004e-12	-0.0449258
9.86139e-12	-0.0449519
9.86275e-12	-0.044978
9.8641e-12	-0.0450041
9.86545e-12	-0.0450302
9.8668e-12	-0.0450563
9.86816e-12	-0.0450825
9.86951e-12	-0.0451086
9.87086e-12	-0.0451348
9.87222e-12	-0.0451609
9.87357e-12	-0.0451871
9.87492e-12	-0.0452133
9.87627e-12	-0.0452395
9.87763e-12	-0.0452657
9.87898e-12	-0.0452919
9.88033e-12	-0.0453181
9.88168e-12	-0.0453443
9.88304e-12	-0.0453706
9.88439e-12	-0.0453968
9.88574e-12	-0.0454231
9.88709e-12	-0.0454493
9.88845e-12	-0.0454756
9.8898e-12	-0.0455019
9.89115e-12	-0.0455281
9.8925e-12	-0.0455544
9.89386e-12	-0.0455807
9.89521e-12	-0.0456071
9.89656e-12	-0.0456334
9.89792e-12	-0.0456597
9.89927e-12	-0.045686
9.90062e-12	-0.0457124
9.90197e-12	-0.0457387
9.90333e-12	-0.0457651
9.90468e-12	-0.0457915
9.90603e-12	-0.0458178
9.90738e-12	-0.0458442
9.90874e-12	-0.0458706
9.91009e-12	-0.045897
9.91144e-12	-0.0459234
9.91279e-12	-0.0459499
9.91415e-12	-0.0459763
9.9155e-12	-0.0460027
9.91685e-12	-0.0460292
9.9182e-12	-0.0460556
9.91956e-12	-0.0460821
9.92091e-12	-0.0461086
9.92226e-12	-0.046135
9.92362e-12	-0.0461615
9.92497e-12	-0.046188
9.92632e-12	-0.0462145
9.92767e-12	-0.046241
9.92903e-12	-0.0462676
9.93038e-12	-0.0462941
9.93173e-12	-0.0463206
9.93308e-12	-0.0463472
9.93444e-12	-0.0463737
9.93579e-12	-0.0464003
9.93714e-12	-0.0464269
9.93849e-12	-0.0464534
9.93985e-12	-0.04648
9.9412e-12	-0.0465066
9.94255e-12	-0.0465332
9.9439e-12	-0.0465599
9.94526e-12	-0.0465865
9.94661e-12	-0.0466131
9.94796e-12	-0.0466397
9.94932e-12	-0.0466664
9.95067e-12	-0.0466931
9.95202e-12	-0.0467197
9.95337e-12	-0.0467464
9.95473e-12	-0.0467731
9.95608e-12	-0.0467998
9.95743e-12	-0.0468265
9.95878e-12	-0.0468532
9.96014e-12	-0.0468799
9.96149e-12	-0.0469066
9.96284e-12	-0.0469333
9.96419e-12	-0.0469601
9.96555e-12	-0.0469868
9.9669e-12	-0.0470136
9.96825e-12	-0.0470403
9.9696e-12	-0.0470671
9.97096e-12	-0.0470939
9.97231e-12	-0.0471207
9.97366e-12	-0.0471475
9.97502e-12	-0.0471743
9.97637e-12	-0.0472011
9.97772e-12	-0.0472279
9.97907e-12	-0.0472548
9.98043e-12	-0.0472816
9.98178e-12	-0.0473084
9.98313e-12	-0.0473353
9.98448e-12	-0.0473622
9.98584e-12	-0.047389
9.98719e-12	-0.0474159
9.98854e-12	-0.0474428
9.98989e-12	-0.0474697
9.99125e-12	-0.0474966
9.9926e-12	-0.0475235
9.99395e-12	-0.0475504
9.99531e-12	-0.0475774
9.99666e-12	-0.0476043
9.99801e-12	-0.0476313
9.99936e-12	-0.0476582
1.00007e-11	-0.0476852
1.00021e-11	-0.0477121
1.00034e-11	-0.0477391
1.00048e-11	-0.0477661
1.00061e-11	-0.0477931
1.00075e-11	-0.0478201
1.00088e-11	-0.0478471
1.00102e-11	-0.0478741
1.00115e-11	-0.0479012
1.00129e-11	-0.0479282
1.00142e-11	-0.0479553
1.00156e-11	-0.0479823
1.00169e-11	-0.0480094
1.00183e-11	-0.0480364
1.00197e-11	-0.0480635
1.0021e-11	-0.0480906
1.00224e-11	-0.0481177
1.00237e-11	-0.0481448
1.00251e-11	-0.0481719
1.00264e-11	-0.048199
1.00278e-11	-0.0482262
1.00291e-11	-0.0482533
1.00305e-11	-0.0482804
1.00318e-11	-0.0483076
1.00332e-11	-0.0483348
1.00345e-11	-0.0483619
1.00359e-11	-0.0483891
1.00372e-11	-0.0484163
1.00386e-11	-0.0484435
1.00399e-11	-0.0484707
1.00413e-11	-0.0484979
1.00426e-11	-0.0485251
1.0044e-11	-0.0485523
1.00454e-11	-0.0485796
1.00467e-11	-0.0486068
1.00481e-11	-0.0486341
1.00494e-11	-0.0486613
1.00508e-11	-0.0486886
1.00521e-11	-0.0487159
1.00535e-11	-0.0487431
1.00548e-11	-0.0487704
1.00562e-11	-0.0487977
1.00575e-11	-0.048825
1.00589e-11	-0.0488523
1.00602e-11	-0.0488797
1.00616e-11	-0.048907
1.00629e-11	-0.0489343
1.00643e-11	-0.0489617
1.00656e-11	-0.048989
1.0067e-11	-0.0490164
1.00683e-11	-0.0490438
1.00697e-11	-0.0490712
1.00711e-11	-0.0490985
1.00724e-11	-0.0491259
1.00738e-11	-0.0491533
1.00751e-11	-0.0491807
1.00765e-11	-0.0492082
1.00778e-11	-0.0492356
1.00792e-11	-0.049263
1.00805e-11	-0.0492905
1.00819e-11	-0.0493179
1.00832e-11	-0.0493454
1.00846e-11	-0.0493729
1.00859e-11	-0.0494003
1.00873e-11	-0.0494278
1.00886e-11	-0.0494553
1.009e-11	-0.0494828
1.00913e-11	-0.0495103
1.00927e-11	-0.0495378
1.0094e-11	-0.0495653
1.00954e-11	-0.0495929
1.00968e-11	-0.0496204
1.00981e-11	-0.049648
1.00995e-11	-0.0496755
1.01008e-11	-0.0497031
1.01022e-11	-0.0497307
1.01035e-11	-0.0497582
1.01049e-11	-0.0497858
1.01062e-11	-0.0498134
1.01076e-11	-0.049841
1.01089e-11	-0.0498686
1.01103e-11	-0.0498962
1.01116e-11	-0.0499239
1.0113e-11	-0.0499515
1.01143e-11	-0.0499792
1.01157e-11	-0.0500068
1.0117e-11	-0.0500345
1.01184e-11	-0.0500621
1.01197e-11	-0.0500898
1.01211e-11	-0.0501175
1.01225e-11	-0.0501452
1.01238e-11	-0.0501729
1.01252e-11	-0.0502006
1.01265e-11	-0.0502283
1.01279e-11	-0.050256
1.01292e-11	-0.0502837
1.01306e-11	-0.0503115
1.01319e-11	-0.0503392
1.01333e-11	-0.050367
1.01346e-11	-0.0503947
1.0136e-11	-0.0504225
1.01373e-11	-0.0504503
1.01387e-11	-0.0504781
1.014e-11	-0.0505059
1.01414e-11	-0.0505337
1.01427e-11	-0.0505615
1.01441e-11	-0.0505893
1.01454e-11	-0.0506171
1.01468e-11	-0.0506449
1.01482e-11	-0.0506728
1.01495e-11	-0.0507006
1.01509e-11	-0.0507285
1.01522e-11	-0.0507564
1.01536e-11	-0.0507842
1.01549e-11	-0.0508121
1.01563e-11	-0.05084
1.01576e-11	-0.0508679
1.0159e-11	-0.0508958
1.01603e-11	-0.0509237
1.01617e-11	-0.0509516
1.0163e-11	-0.0509795
1.01644e-11	-0.0510075
1.01657e-11	-0.0510354
1.01671e-11	-0.0510634
1.01684e-11	-0.0510913
1.01698e-11	-0.0511193
1.01711e-11	-0.0511472
1.01725e-11	-0.0511752
1.01739e-11	-0.0512032
1.01752e-11	-0.0512312
1.01766e-11	-0.0512592
1.01779e-11	-0.0512872
1.01793e-11	-0.0513152
1.01806e-11	-0.0513433
1.0182e-11	-0.0513713
1.01833e-11	-0.0513993
1.01847e-11	-0.0514274
1.0186e-11	-0.0514554
1.01874e-11	-0.0514835
1.01887e-11	-0.0515116
1.01901e-11	-0.0515397
1.01914e-11	-0.0515678
1.01928e-11	-0.0515958
1.01941e-11	-0.051624
1.01955e-11	-0.0516521
1.01968e-11	-0.0516802
1.01982e-11	-0.0517083
1.01996e-11	-0.0517364
1.02009e-11	-0.0517646
1.02023e-11	-0.0517927
1.02036e-11	-0.0518209
1.0205e-11	-0.0518491
1.02063e-11	-0.0518772
1.02077e-11	-0.0519054
1.0209e-11	-0.0519336
1.02104e-11	-0.0519618
1.02117e-11	-0.05199
1.02131e-11	-0.0520182
1.02144e-11	-0.0520464
1.02158e-11	-0.0520746
1.02171e-11	-0.0521029
1.02185e-11	-0.0521311
1.02198e-11	-0.0521594
1.02212e-11	-0.0521876
1.02225e-11	-0.0522159
1.02239e-11	-0.0522441
1.02253e-11	-0.0522724
1.02266e-11	-0.0523007
1.0228e-11	-0.052329
1.02293e-11	-0.0523573
1.02307e-11	-0.0523856
1.0232e-11	-0.0524139
1.02334e-11	-0.0524423
1.02347e-11	-0.0524706
1.02361e-11	-0.0524989
1.02374e-11	-0.0525273
1.02388e-11	-0.0525556
1.02401e-11	-0.052584
1.02415e-11	-0.0526124
1.02428e-11	-0.0526407
1.02442e-11	-0.0526691
1.02455e-11	-0.0526975
1.02469e-11	-0.0527259
1.02482e-11	-0.0527543
1.02496e-11	-0.0527827
1.0251e-11	-0.0528111
1.02523e-11	-0.0528396
1.02537e-11	-0.052868
1.0255e-11	-0.0528965
1.02564e-11	-0.0529249
1.02577e-11	-0.0529534
1.02591e-11	-0.0529818
1.02604e-11	-0.0530103
1.02618e-11	-0.0530388
1.02631e-11	-0.0530673
1.02645e-11	-0.0530958
1.02658e-11	-0.0531243
1.02672e-11	-0.0531528
1.02685e-11	-0.0531813
1.02699e-11	-0.0532098
1.02712e-11	-0.0532384
1.02726e-11	-0.0532669
1.02739e-11	-0.0532954
1.02753e-11	-0.053324
1.02767e-11	-0.0533526
1.0278e-11	-0.0533811
1.02794e-11	-0.0534097
1.02807e-11	-0.0534383
1.02821e-11	-0.0534669
1.02834e-11	-0.0534955
1.02848e-11	-0.0535241
1.02861e-11	-0.0535527
1.02875e-11	-0.0535813
1.02888e-11	-0.0536099
1.02902e-11	-0.0536386
1.02915e-11	-0.0536672
1.02929e-11	-0.0536959
1.02942e-11	-0.0537245
1.02956e-11	-0.0537532
1.02969e-11	-0.0537819
1.02983e-11	-0.0538106
1.02996e-11	-0.0538392
1.0301e-11	-0.0538679
1.03024e-11	-0.0538966
1.03037e-11	-0.0539253
1.03051e-11	-0.0539541
1.03064e-11	-0.0539828
1.03078e-11	-0.0540115
1.03091e-11	-0.0540403
1.03105e-11	-0.054069
1.03118e-11	-0.0540978
1.03132e-11	-0.0541265
1.03145e-11	-0.0541553
1.03159e-11	-0.0541841
1.03172e-11	-0.0542128
1.03186e-11	-0.0542416
1.03199e-11	-0.0542704
1.03213e-11	-0.0542992
1.03226e-11	-0.054328
1.0324e-11	-0.0543569
1.03253e-11	-0.0543857
1.03267e-11	-0.0544145
1.03281e-11	-0.0544433
1.03294e-11	-0.0544722
1.03308e-11	-0.054501
1.03321e-11	-0.0545299
1.03335e-11	-0.0545588
1.03348e-11	-0.0545877
1.03362e-11	-0.0546165
1.03375e-11	-0.0546454
1.03389e-11	-0.0546743
1.03402e-11	-0.0547032
1.03416e-11	-0.0547321
1.03429e-11	-0.054761
1.03443e-11	-0.05479
1.03456e-11	-0.0548189
1.0347e-11	-0.0548478
1.03483e-11	-0.0548768
1.03497e-11	-0.0549057
1.0351e-11	-0.0549347
1.03524e-11	-0.0549637
1.03538e-11	-0.0549926
1.03551e-11	-0.0550216
1.03565e-11	-0.0550506
1.03578e-11	-0.0550796
1.03592e-11	-0.0551086
1.03605e-11	-0.0551376
1.03619e-11	-0.0551666
1.03632e-11	-0.0551957
1.03646e-11	-0.0552247
1.03659e-11	-0.0552537
1.03673e-11	-0.0552828
1.03686e-11	-0.0553118
1.037e-11	-0.0553409
1.03713e-11	-0.05537
1.03727e-11	-0.055399
1.0374e-11	-0.0554281
1.03754e-11	-0.0554572
1.03767e-11	-0.0554863
1.03781e-11	-0.0555154
1.03795e-11	-0.0555445
1.03808e-11	-0.0555736
1.03822e-11	-0.0556027
1.03835e-11	-0.0556319
1.03849e-11	-0.055661
1.03862e-11	-0.0556902
1.03876e-11	-0.0557193
1.03889e-11	-0.0557485
1.03903e-11	-0.0557776
1.03916e-11	-0.0558068
1.0393e-11	-0.055836
1.03943e-11	-0.0558652
1.03957e-11	-0.0558944
1.0397e-11	-0.0559236
1.03984e-11	-0.0559528
1.03997e-11	-0.055982
1.04011e-11	-0.0560112
1.04024e-11	-0.0560404
1.04038e-11	-0.0560697
1.04052e-11	-0.0560989
1.04065e-11	-0.0561281
1.04079e-11	-0.0561574
1.04092e-11	-0.0561867
1.04106e-11	-0.0562159
1.04119e-11	-0.0562452
1.04133e-11	-0.0562745
1.04146e-11	-0.0563038
1.0416e-11	-0.0563331
1.04173e-11	-0.0563624
1.04187e-11	-0.0563917
1.042e-11	-0.056421
1.04214e-11	-0.0564503
1.04227e-11	-0.0564796
1.04241e-11	-0.056509
1.04254e-11	-0.0565383
1.04268e-11	-0.0565677
1.04281e-11	-0.056597
1.04295e-11	-0.0566264
1.04309e-11	-0.0566558
1.04322e-11	-0.0566851
1.04336e-11	-0.0567145
1.04349e-11	-0.0567439
1.04363e-11	-0.0567733
1.04376e-11	-0.0568027
1.0439e-11	-0.0568321
1.04403e-11	-0.0568615
1.04417e-11	-0.056891
1.0443e-11	-0.0569204
1.04444e-11	-0.0569498
1.04457e-11	-0.0569793
1.04471e-11	-0.0570087
1.04484e-11	-0.0570382
1.04498e-11	-0.0570676
1.04511e-11	-0.0570971
1.04525e-11	-0.0571266
1.04538e-11	-0.0571561
1.04552e-11	-0.0571856
1.04566e-11	-0.0572151
1.04579e-11	-0.0572446
1.04593e-11	-0.0572741
1.04606e-11	-0.0573036
1.0462e-11	-0.0573331
1.04633e-11	-0.0573626
1.04647e-11	-0.0573922
1.0466e-11	-0.0574217
1.04674e-11	-0.0574513
1.04687e-11	-0.0574808
1.04701e-11	-0.0575104
1.04714e-11	-0.05754
1.04728e-11	-0.0575695
1.04741e-11	-0.0575991
1.04755e-11	-0.0576287
1.04768e-11	-0.0576583
1.04782e-11	-0.0576879
1.04795e-11	-0.0577175
1.04809e-11	-0.0577471
1.04823e-11	-0.0577768
1.04836e-11	-0.0578064
1.0485e-11	-0.057836
1.04863e-11	-0.0578657
1.04877e-11	-0.0578953
1.0489e-11	-0.057925
1.04904e-11	-0.0579546
1.04917e-11	-0.0579843
1.04931e-11	-0.058014
1.04944e-11	-0.0580437
1.04958e-11	-0.0580734
1.04971e-11	-0.058103
1.04985e-11	-0.0581327
1.04998e-11	-0.0581625
1.05012e-11	-0.0581922
1.05025e-11	-0.0582219
1.05039e-11	-0.0582516
1.05052e-11	-0.0582814
1.05066e-11	-0.0583111
1.0508e-11	-0.0583408
1.05093e-11	-0.0583706
1.05107e-11	-0.0584003
1.0512e-11	-0.0584301
1.05134e-11	-0.0584599
1.05147e-11	-0.0584897
1.05161e-11	-0.0585194
1.05174e-11	-0.0585492
1.05188e-11	-0.058579
1.05201e-11	-0.0586088
1.05215e-11	-0.0586386
1.05228e-11	-0.0586685
1.05242e-11	-0.0586983
1.05255e-11	-0.0587281
1.05269e-11	-0.0587579
1.05282e-11	-0.0587878
1.05296e-11	-0.0588176
1.05309e-11	-0.0588475
1.05323e-11	-0.0588774
1.05337e-11	-0.0589072
1.0535e-11	-0.0589371
1.05364e-11	-0.058967
1.05377e-11	-0.0589969
1.05391e-11	-0.0590267
1.05404e-11	-0.0590566
1.05418e-11	-0.0590866
1.05431e-11	-0.0591165
1.05445e-11	-0.0591464
1.05458e-11	-0.0591763
1.05472e-11	-0.0592062
1.05485e-11	-0.0592362
1.05499e-11	-0.0592661
1.05512e-11	-0.0592961
1.05526e-11	-0.059326
1.05539e-11	-0.059356
1.05553e-11	-0.0593859
1.05566e-11	-0.0594159
1.0558e-11	-0.0594459
1.05594e-11	-0.0594759
1.05607e-11	-0.0595059
1.05621e-11	-0.0595359
1.05634e-11	-0.0595659
1.05648e-11	-0.0595959
1.05661e-11	-0.0596259
1.05675e-11	-0.0596559
1.05688e-11	-0.0596859
1.05702e-11	-0.059716
1.05715e-11	-0.059746
1.05729e-11	-0.0597761
1.05742e-11	-0.0598061
1.05756e-11	-0.0598362
1.05769e-11	-0.0598662
1.05783e-11	-0.0598963
1.05796e-11	-0.0599264
1.0581e-11	-0.0599565
1.05823e-11	-0.0599866
1.05837e-11	-0.0600167
1.05851e-11	-0.0600468
1.05864e-11	-0.0600769
1.05878e-11	-0.060107
1.05891e-11	-0.0601371
1.05905e-11	-0.0601672
1.05918e-11	-0.0601974
1.05932e-11	-0.0602275
1.05945e-11	-0.0602576
1.05959e-11	-0.0602878
1.05972e-11	-0.0603179
1.05986e-11	-0.0603481
1.05999e-11	-0.0603783
1.06013e-11	-0.0604084
1.06026e-11	-0.0604386
1.0604e-11	-0.0604688
1.06053e-11	-0.060499
1.06067e-11	-0.0605292
1.0608e-11	-0.0605594
1.06094e-11	-0.0605896
1.06108e-11	-0.0606198
1.06121e-11	-0.0606501
1.06135e-11	-0.0606803
1.06148e-11	-0.0607105
1.06162e-11	-0.0607408
1.06175e-11	-0.060771
1.06189e-11	-0.0608012
1.06202e-11	-0.0608315
1.06216e-11	-0.0608618
1.06229e-11	-0.060892
1.06243e-11	-0.0609223
1.06256e-11	-0.0609526
1.0627e-11	-0.0609829
1.06283e-11	-0.0610132
1.06297e-11	-0.0610435
1.0631e-11	-0.0610738
1.06324e-11	-0.0611041
1.06337e-11	-0.0611344
1.06351e-11	-0.0611647
1.06365e-11	-0.061195
1.06378e-11	-0.0612254
1.06392e-11	-0.0612557
1.06405e-11	-0.061286
1.06419e-11	-0.0613164
1.06432e-11	-0.0613468
1.06446e-11	-0.0613771
1.06459e-11	-0.0614075
1.06473e-11	-0.0614379
1.06486e-11	-0.0614682
1.065e-11	-0.0614986
1.06513e-11	-0.061529
1.06527e-11	-0.0615594
1.0654e-11	-0.0615898
1.06554e-11	-0.0616202
1.06567e-11	-0.0616506
1.06581e-11	-0.061681
1.06594e-11	-0.0617115
1.06608e-11	-0.0617419
1.06622e-11	-0.0617723
1.06635e-11	-0.0618028
1.06649e-11	-0.0618332
1.06662e-11	-0.0618637
1.06676e-11	-0.0618941
1.06689e-11	-0.0619246
1.06703e-11	-0.0619551
1.06716e-11	-0.0619855
1.0673e-11	-0.062016
1.06743e-11	-0.0620465
1.06757e-11	-0.062077
1.0677e-11	-0.0621075
1.06784e-11	-0.062138
1.06797e-11	-0.0621685
1.06811e-11	-0.062199
1.06824e-11	-0.0622295
1.06838e-11	-0.06226
1.06851e-11	-0.0622906
1.06865e-11	-0.0623211
1.06879e-11	-0.0623517
1.06892e-11	-0.0623822
1.06906e-11	-0.0624127
1.06919e-11	-0.0624433
1.06933e-11	-0.0624739
1.06946e-11	-0.0625044
1.0696e-11	-0.062535
1.06973e-11	-0.0625656
1.06987e-11	-0.0625962
1.07e-11	-0.0626268
1.07014e-11	-0.0626574
1.07027e-11	-0.062688
1.07041e-11	-0.0627186
1.07054e-11	-0.0627492
1.07068e-11	-0.0627798
1.07081e-11	-0.0628104
1.07095e-11	-0.0628411
1.07108e-11	-0.0628717
1.07122e-11	-0.0629023
1.07136e-11	-0.062933
1.07149e-11	-0.0629636
1.07163e-11	-0.0629943
1.07176e-11	-0.0630249
1.0719e-11	-0.0630556
1.07203e-11	-0.0630863
1.07217e-11	-0.0631169
1.0723e-11	-0.0631476
1.07244e-11	-0.0631783
1.07257e-11	-0.063209
1.07271e-11	-0.0632397
1.07284e-11	-0.0632704
1.07298e-11	-0.0633011
1.07311e-11	-0.0633318
1.07325e-11	-0.0633626
1.07338e-11	-0.0633933
1.07352e-11	-0.063424
1.07365e-11	-0.0634547
1.07379e-11	-0.0634855
1.07393e-11	-0.0635162
1.07406e-11	-0.063547
1.0742e-11	-0.0635777
1.07433e-11	-0.0636085
1.07447e-11	-0.0636393
1.0746e-11	-0.06367
1.07474e-11	-0.0637008
1.07487e-11	-0.0637316
1.07501e-11	-0.0637624
1.07514e-11	-0.0637932
1.07528e-11	-0.063824
1.07541e-11	-0.0638548
1.07555e-11	-0.0638856
1.07568e-11	-0.0639164
1.07582e-11	-0.0639472
1.07595e-11	-0.063978
1.07609e-11	-0.0640088
1.07622e-11	-0.0640397
1.07636e-11	-0.0640705
1.0765e-11	-0.0641014
1.07663e-11	-0.0641322
1.07677e-11	-0.0641631
1.0769e-11	-0.0641939
1.07704e-11	-0.0642248
1.07717e-11	-0.0642556
1.07731e-11	-0.0642865
1.07744e-11	-0.0643174
1.07758e-11	-0.0643483
1.07771e-11	-0.0643792
1.07785e-11	-0.0644101
1.07798e-11	-0.064441
1.07812e-11	-0.0644719
1.07825e-11	-0.0645028
1.07839e-11	-0.0645337
1.07852e-11	-0.0645646
1.07866e-11	-0.0645955
1.07879e-11	-0.0646265
1.07893e-11	-0.0646574
1.07907e-11	-0.0646883
1.0792e-11	-0.0647193
1.07934e-11	-0.0647502
1.07947e-11	-0.0647812
1.07961e-11	-0.0648121
1.07974e-11	-0.0648431
1.07988e-11	-0.0648741
1.08001e-11	-0.064905
1.08015e-11	-0.064936
1.08028e-11	-0.064967
1.08042e-11	-0.064998
1.08055e-11	-0.065029
1.08069e-11	-0.06506
1.08082e-11	-0.065091
1.08096e-11	-0.065122
1.08109e-11	-0.065153
1.08123e-11	-0.065184
1.08136e-11	-0.065215
1.0815e-11	-0.065246
1.08164e-11	-0.0652771
1.08177e-11	-0.0653081
1.08191e-11	-0.0653391
1.08204e-11	-0.0653702
1.08218e-11	-0.0654012
1.08231e-11	-0.0654323
1.08245e-11	-0.0654633
1.08258e-11	-0.0654944
1.08272e-11	-0.0655255
1.08285e-11	-0.0655565
1.08299e-11	-0.0655876
1.08312e-11	-0.0656187
1.08326e-11	-0.0656498
1.08339e-11	-0.0656809
1.08353e-11	-0.065712
1.08366e-11	-0.0657431
1.0838e-11	-0.0657742
1.08394e-11	-0.0658053
1.08407e-11	-0.0658364
1.08421e-11	-0.0658675
1.08434e-11	-0.0658986
1.08448e-11	-0.0659298
1.08461e-11	-0.0659609
1.08475e-11	-0.065992
1.08488e-11	-0.0660232
1.08502e-11	-0.0660543
1.08515e-11	-0.0660855
1.08529e-11	-0.0661166
1.08542e-11	-0.0661478
1.08556e-11	-0.066179
1.08569e-11	-0.0662101
1.08583e-11	-0.0662413
1.08596e-11	-0.0662725
1.0861e-11	-0.0663037
1.08623e-11	-0.0663349
1.08637e-11	-0.066366
1.08651e-11	-0.0663972
1.08664e-11	-0.0664284
1.08678e-11	-0.0664596
1.08691e-11	-0.0664909
1.08705e-11	-0.0665221
1.08718e-11	-0.0665533
1.08732e-11	-0.0665845
1.08745e-11	-0.0666157
1.08759e-11	-0.066647
1.08772e-11	-0.0666782
1.08786e-11	-0.0667094
1.08799e-11	-0.0667407
1.08813e-11	-0.0667719
1.08826e-11	-0.0668032
1.0884e-11	-0.0668344
1.08853e-11	-0.0668657
1.08867e-11	-0.066897
1.0888e-11	-0.0669282
1.08894e-11	-0.0669595
1.08908e-11	-0.0669908
1.08921e-11	-0.0670221
1.08935e-11	-0.0670534
1.08948e-11	-0.0670847
1.08962e-11	-0.067116
1.08975e-11	-0.0671473
1.08989e-11	-0.0671786
1.09002e-11	-0.0672099
1.09016e-11	-0.0672412
1.09029e-11	-0.0672725
1.09043e-11	-0.0673038
1.09056e-11	-0.0673352
1.0907e-11	-0.0673665
1.09083e-11	-0.0673978
1.09097e-11	-0.0674292
1.0911e-11	-0.0674605
1.09124e-11	-0.0674918
1.09137e-11	-0.0675232
1.09151e-11	-0.0675545
1.09165e-11	-0.0675859
1.09178e-11	-0.0676173
1.09192e-11	-0.0676486
1.09205e-11	-0.06768
1.09219e-11	-0.0677114
1.09232e-11	-0.0677428
1.09246e-11	-0.0677741
1.09259e-11	-0.0678055
1.09273e-11	-0.0678369
1.09286e-11	-0.0678683
1.093e-11	-0.0678997
1.09313e-11	-0.0679311
1.09327e-11	-0.0679625
1.0934e-11	-0.0679939
1.09354e-11	-0.0680254
1.09367e-11	-0.0680568
1.09381e-11	-0.0680882
1.09394e-11	-0.0681196
1.09408e-11	-0.0681511
1.09422e-11	-0.0681825
1.09435e-11	-0.0682139
1.09449e-11	-0.0682454
1.09462e-11	-0.0682768
1.09476e-11	-0.0683083
1.09489e-11	-0.0683397
1.09503e-11	-0.0683712
1.09516e-11	-0.0684027
1.0953e-11	-0.0684341
1.09543e-11	-0.0684656
1.09557e-11	-0.0684971
1.0957e-11	-0.0685286
1.09584e-11	-0.06856
1.09597e-11	-0.0685915
1.09611e-11	-0.068623
1.09624e-11	-0.0686545
1.09638e-11	-0.068686
1.09651e-11	-0.0687175
1.09665e-11	-0.068749
1.09679e-11	-0.0687805
1.09692e-11	-0.068812
1.09706e-11	-0.0688436
1.09719e-11	-0.0688751
1.09733e-11	-0.0689066
1.09746e-11	-0.0689381
1.0976e-11	-0.0689697
1.09773e-11	-0.0690012
1.09787e-11	-0.0690327
1.098e-11	-0.0690643
1.09814e-11	-0.0690958
1.09827e-11	-0.0691274
1.09841e-11	-0.0691589
1.09854e-11	-0.0691905
1.09868e-11	-0.0692221
1.09881e-11	-0.0692536
1.09895e-11	-0.0692852
1.09908e-11	-0.0693168
1.09922e-11	-0.0693483
1.09936e-11	-0.0693799
1.09949e-11	-0.0694115
1.09963e-11	-0.0694431
1.09976e-11	-0.0694747
1.0999e-11	-0.0695063
1.10003e-11	-0.0695379
1.10017e-11	-0.0695695
1.1003e-11	-0.0696011
1.10044e-11	-0.0696327
1.10057e-11	-0.0696643
1.10071e-11	-0.0696959
1.10084e-11	-0.0697275
1.10098e-11	-0.0697592
1.10111e-11	-0.0697908
1.10125e-11	-0.0698224
1.10138e-11	-0.069854
1.10152e-11	-0.0698857
1.10165e-11	-0.0699173
1.10179e-11	-0.069949
1.10193e-11	-0.0699806
1.10206e-11	-0.0700123
1.1022e-11	-0.0700439
1.10233e-11	-0.0700756
1.10247e-11	-0.0701072
1.1026e-11	-0.0701389
1.10274e-11	-0.0701706
1.10287e-11	-0.0702022
1.10301e-11	-0.0702339
1.10314e-11	-0.0702656
1.10328e-11	-0.0702973
1.10341e-11	-0.0703289
1.10355e-11	-0.0703606
1.10368e-11	-0.0703923
1.10382e-11	-0.070424
1.10395e-11	-0.0704557
1.10409e-11	-0.0704874
1.10422e-11	-0.0705191
1.10436e-11	-0.0705508
1.1045e-11	-0.0705825
1.10463e-11	-0.0706142
1.10477e-11	-0.070646
1.1049e-11	-0.0706777
1.10504e-11	-0.0707094
1.10517e-11	-0.0707411
1.10531e-11	-0.0707729
1.10544e-11	-0.0708046
1.10558e-11	-0.0708363
1.10571e-11	-0.0708681
1.10585e-11	-0.0708998
1.10598e-11	-0.0709315
1.10612e-11	-0.0709633
1.10625e-11	-0.070995
1.10639e-11	-0.0710268
1.10652e-11	-0.0710586
1.10666e-11	-0.0710903
1.10679e-11	-0.0711221
1.10693e-11	-0.0711538
1.10707e-11	-0.0711856
1.1072e-11	-0.0712174
1.10734e-11	-0.0712492
1.10747e-11	-0.0712809
1.10761e-11	-0.0713127
1.10774e-11	-0.0713445
1.10788e-11	-0.0713763
1.10801e-11	-0.0714081
1.10815e-11	-0.0714399
1.10828e-11	-0.0714717
1.10842e-11	-0.0715035
1.10855e-11	-0.0715353
1.10869e-11	-0.0715671
1.10882e-11	-0.0715989
1.10896e-11	-0.0716307
1.10909e-11	-0.0716625
1.10923e-11	-0.0716943
1.10936e-11	-0.0717262
1.1095e-11	-0.071758
1.10964e-11	-0.0717898
1.10977e-11	-0.0718216
1.10991e-11	-0.0718535
1.11004e-11	-0.0718853
1.11018e-11	-0.0719171
1.11031e-11	-0.071949
1.11045e-11	-0.0719808
1.11058e-11	-0.0720127
1.11072e-11	-0.0720445
1.11085e-11	-0.0720764
1.11099e-11	-0.0721082
1.11112e-11	-0.0721401
1.11126e-11	-0.0721719
1.11139e-11	-0.0722038
1.11153e-11	-0.0722357
1.11166e-11	-0.0722675
1.1118e-11	-0.0722994
1.11193e-11	-0.0723313
1.11207e-11	-0.0723632
1.11221e-11	-0.072395
1.11234e-11	-0.0724269
1.11248e-11	-0.0724588
1.11261e-11	-0.0724907
1.11275e-11	-0.0725226
1.11288e-11	-0.0725545
1.11302e-11	-0.0725864
1.11315e-11	-0.0726183
1.11329e-11	-0.0726501
1.11342e-11	-0.0726821
1.11356e-11	-0.072714
1.11369e-11	-0.0727459
1.11383e-11	-0.0727778
1.11396e-11	-0.0728097
1.1141e-11	-0.0728416
1.11423e-11	-0.0728735
1.11437e-11	-0.0729054
1.1145e-11	-0.0729374
1.11464e-11	-0.0729693
1.11478e-11	-0.0730012
1.11491e-11	-0.0730331
1.11505e-11	-0.0730651
1.11518e-11	-0.073097
1.11532e-11	-0.0731289
1.11545e-11	-0.0731609
1.11559e-11	-0.0731928
1.11572e-11	-0.0732248
1.11586e-11	-0.0732567
1.11599e-11	-0.0732887
1.11613e-11	-0.0733206
1.11626e-11	-0.0733526
1.1164e-11	-0.0733845
1.11653e-11	-0.0734165
1.11667e-11	-0.0734484
1.1168e-11	-0.0734804
1.11694e-11	-0.0735124
1.11707e-11	-0.0735443
1.11721e-11	-0.0735763
1.11735e-11	-0.0736083
1.11748e-11	-0.0736403
1.11762e-11	-0.0736722
1.11775e-11	-0.0737042
1.11789e-11	-0.0737362
1.11802e-11	-0.0737682
1.11816e-11	-0.0738002
1.11829e-11	-0.0738321
1.11843e-11	-0.0738641
1.11856e-11	-0.0738961
1.1187e-11	-0.0739281
1.11883e-11	-0.0739601
1.11897e-11	-0.0739921
1.1191e-11	-0.0740241
1.11924e-11	-0.0740561
1.11937e-11	-0.0740881
1.11951e-11	-0.0741201
1.11964e-11	-0.0741521
1.11978e-11	-0.0741842
1.11992e-11	-0.0742162
1.12005e-11	-0.0742482
1.12019e-11	-0.0742802
1.12032e-11	-0.0743122
1.12046e-11	-0.0743442
1.12059e-11	-0.0743763
1.12073e-11	-0.0744083
1.12086e-11	-0.0744403
1.121e-11	-0.0744723
1.12113e-11	-0.0745044
1.12127e-11	-0.0745364
1.1214e-11	-0.0745685
1.12154e-11	-0.0746005
1.12167e-11	-0.0746325
1.12181e-11	-0.0746646
1.12194e-11	-0.0746966
1.12208e-11	-0.0747287
1.12221e-11	-0.0747607
1.12235e-11	-0.0747928
1.12249e-11	-0.0748248
1.12262e-11	-0.0748568
1.12276e-11	-0.0748889
1.12289e-11	-0.074921
1.12303e-11	-0.074953
1.12316e-11	-0.0749851
1.1233e-11	-0.0750171
1.12343e-11	-0.0750492
1.12357e-11	-0.0750813
1.1237e-11	-0.0751133
1.12384e-11	-0.0751454
1.12397e-11	-0.0751775
1.12411e-11	-0.0752095
1.12424e-11	-0.0752416
1.12438e-11	-0.0752737
1.12451e-11	-0.0753058
1.12465e-11	-0.0753378
1.12478e-11	-0.0753699
1.12492e-11	-0.075402
1.12506e-11	-0.0754341
1.12519e-11	-0.0754662
1.12533e-11	-0.0754983
1.12546e-11	-0.0755304
1.1256e-11	-0.0755624
1.12573e-11	-0.0755945
1.12587e-11	-0.0756266
1.126e-11	-0.0756587
1.12614e-11	-0.0756908
1.12627e-11	-0.0757229
1.12641e-11	-0.075755
1.12654e-11	-0.0757871
1.12668e-11	-0.0758192
1.12681e-11	-0.0758513
1.12695e-11	-0.0758834
1.12708e-11	-0.0759155
1.12722e-11	-0.0759476
1.12735e-11	-0.0759798
1.12749e-11	-0.0760119
1.12763e-11	-0.076044
1.12776e-11	-0.0760761
1.1279e-11	-0.0761082
1.12803e-11	-0.0761403
1.12817e-11	-0.0761724
1.1283e-11	-0.0762046
1.12844e-11	-0.0762367
1.12857e-11	-0.0762688
1.12871e-11	-0.0763009
1.12884e-11	-0.0763331
1.12898e-11	-0.0763652
1.12911e-11	-0.0763973
1.12925e-11	-0.0764294
1.12938e-11	-0.0764616
1.12952e-11	-0.0764937
1.12965e-11	-0.0765258
1.12979e-11	-0.076558
1.12992e-11	-0.0765901
1.13006e-11	-0.0766222
1.1302e-11	-0.0766544
1.13033e-11	-0.0766865
1.13047e-11	-0.0767187
1.1306e-11	-0.0767508
1.13074e-11	-0.0767829
1.13087e-11	-0.0768151
1.13101e-11	-0.0768472
1.13114e-11	-0.0768794
1.13128e-11	-0.0769115
1.13141e-11	-0.0769437
1.13155e-11	-0.0769758
1.13168e-11	-0.077008
1.13182e-11	-0.0770401
1.13195e-11	-0.0770723
1.13209e-11	-0.0771044
1.13222e-11	-0.0771366
1.13236e-11	-0.0771687
1.13249e-11	-0.0772009
1.13263e-11	-0.077233
1.13277e-11	-0.0772652
1.1329e-11	-0.0772974
1.13304e-11	-0.0773295
1.13317e-11	-0.0773617
1.13331e-11	-0.0773938
1.13344e-11	-0.077426
1.13358e-11	-0.0774582
1.13371e-11	-0.0774903
1.13385e-11	-0.0775225
1.13398e-11	-0.0775547
1.13412e-11	-0.0775868
1.13425e-11	-0.077619
1.13439e-11	-0.0776512
1.13452e-11	-0.0776833
1.13466e-11	-0.0777155
1.13479e-11	-0.0777477
1.13493e-11	-0.0777799
1.13506e-11	-0.077812
1.1352e-11	-0.0778442
1.13534e-11	-0.0778764
1.13547e-11	-0.0779086
1.13561e-11	-0.0779407
1.13574e-11	-0.0779729
1.13588e-11	-0.0780051
1.13601e-11	-0.0780373
1.13615e-11	-0.0780694
1.13628e-11	-0.0781016
1.13642e-11	-0.0781338
1.13655e-11	-0.078166
1.13669e-11	-0.0781982
1.13682e-11	-0.0782304
1.13696e-11	-0.0782625
1.13709e-11	-0.0782947
1.13723e-11	-0.0783269
1.13736e-11	-0.0783591
1.1375e-11	-0.0783913
1.13763e-11	-0.0784235
1.13777e-11	-0.0784556
1.13791e-11	-0.0784878
1.13804e-11	-0.07852
1.13818e-11	-0.0785522
1.13831e-11	-0.0785844
1.13845e-11	-0.0786166
1.13858e-11	-0.0786488
1.13872e-11	-0.078681
1.13885e-11	-0.0787132
1.13899e-11	-0.0787454
1.13912e-11	-0.0787775
1.13926e-11	-0.0788097
1.13939e-11	-0.0788419
1.13953e-11	-0.0788741
1.13966e-11	-0.0789063
1.1398e-11	-0.0789385
1.13993e-11	-0.0789707
1.14007e-11	-0.0790029
1.1402e-11	-0.0790351
1.14034e-11	-0.0790673
1.14048e-11	-0.0790995
1.14061e-11	-0.0791317
1.14075e-11	-0.0791639
1.14088e-11	-0.0791961
1.14102e-11	-0.0792283
1.14115e-11	-0.0792605
1.14129e-11	-0.0792927
1.14142e-11	-0.0793248
1.14156e-11	-0.079357
1.14169e-11	-0.0793892
1.14183e-11	-0.0794214
1.14196e-11	-0.0794536
1.1421e-11	-0.0794858
1.14223e-11	-0.079518
1.14237e-11	-0.0795502
1.1425e-11	-0.0795824
1.14264e-11	-0.0796146
1.14277e-11	-0.0796468
1.14291e-11	-0.079679
1.14305e-11	-0.0797112
1.14318e-11	-0.0797434
1.14332e-11	-0.0797756
1.14345e-11	-0.0798078
1.14359e-11	-0.07984
1.14372e-11	-0.0798722
1.14386e-11	-0.0799044
1.14399e-11	-0.0799366
1.14413e-11	-0.0799688
1.14426e-11	-0.080001
1.1444e-11	-0.0800332
1.14453e-11	-0.0800654
1.14467e-11	-0.0800976
1.1448e-11	-0.0801298
1.14494e-11	-0.080162
1.14507e-11	-0.0801942
1.14521e-11	-0.0802264
1.14534e-11	-0.0802586
1.14548e-11	-0.0802908
1.14562e-11	-0.080323
1.14575e-11	-0.0803552
1.14589e-11	-0.0803874
1.14602e-11	-0.0804196
1.14616e-11	-0.0804518
1.14629e-11	-0.080484
1.14643e-11	-0.0805162
1.14656e-11	-0.0805484
1.1467e-11	-0.0805805
1.14683e-11	-0.0806127
1.14697e-11	-0.0806449
1.1471e-11	-0.0806771
1.14724e-11	-0.0807093
1.14737e-11	-0.0807415
1.14751e-11	-0.0807737
1.14764e-11	-0.0808059
1.14778e-11	-0.0808381
1.14791e-11	-0.0808703
1.14805e-11	-0.0809025
1.14819e-11	-0.0809347
1.14832e-11	-0.0809669
1.14846e-11	-0.0809991
1.14859e-11	-0.0810312
1.14873e-11	-0.0810634
1.14886e-11	-0.0810956
1.149e-11	-0.0811278
1.14913e-11	-0.08116
1.14927e-11	-0.0811922
1.1494e-11	-0.0812244
1.14954e-11	-0.0812566
1.14967e-11	-0.0812887
1.14981e-11	-0.0813209
1.14994e-11	-0.0813531
1.15008e-11	-0.0813853
1.15021e-11	-0.0814175
1.15035e-11	-0.0814497
1.15048e-11	-0.0814818
1.15062e-11	-0.081514
1.15076e-11	-0.0815462
1.15089e-11	-0.0815784
1.15103e-11	-0.0816106
1.15116e-11	-0.0816427
1.1513e-11	-0.0816749
1.15143e-11	-0.0817071
1.15157e-11	-0.0817393
1.1517e-11	-0.0817714
1.15184e-11	-0.0818036
1.15197e-11	-0.0818358
1.15211e-11	-0.081868
1.15224e-11	-0.0819001
1.15238e-11	-0.0819323
1.15251e-11	-0.0819645
1.15265e-11	-0.0819967
1.15278e-11	-0.0820288
1.15292e-11	-0.082061
1.15305e-11	-0.0820932
1.15319e-11	-0.0821253
1.15333e-11	-0.0821575
1.15346e-11	-0.0821897
1.1536e-11	-0.0822218
1.15373e-11	-0.082254
1.15387e-11	-0.0822861
1.154e-11	-0.0823183
1.15414e-11	-0.0823505
1.15427e-11	-0.0823826
1.15441e-11	-0.0824148
1.15454e-11	-0.0824469
1.15468e-11	-0.0824791
1.15481e-11	-0.0825112
1.15495e-11	-0.0825434
1.15508e-11	-0.0825755
1.15522e-11	-0.0826077
1.15535e-11	-0.0826399
1.15549e-11	-0.082672
1.15562e-11	-0.0827041
1.15576e-11	-0.0827363
1.1559e-11	-0.0827684
1.15603e-11	-0.0828006
1.15617e-11	-0.0828327
1.1563e-11	-0.0828649
1.15644e-11	-0.082897
1.15657e-11	-0.0829291
1.15671e-11	-0.0829613
1.15684e-11	-0.0829934
1.15698e-11	-0.0830256
1.15711e-11	-0.0830577
1.15725e-11	-0.0830898
1.15738e-11	-0.083122
1.15752e-11	-0.0831541
1.15765e-11	-0.0831862
1.15779e-11	-0.0832183
1.15792e-11	-0.0832505
1.15806e-11	-0.0832826
1.15819e-11	-0.0833147
1.15833e-11	-0.0833468
1.15847e-11	-0.083379
1.1586e-11	-0.0834111
1.15874e-11	-0.0834432
1.15887e-11	-0.0834753
1.15901e-11	-0.0835074
1.15914e-11	-0.0835395
1.15928e-11	-0.0835716
1.15941e-11	-0.0836038
1.15955e-11	-0.0836359
1.15968e-11	-0.083668
1.15982e-11	-0.0837001
1.15995e-11	-0.0837322
1.16009e-11	-0.0837643
1.16022e-11	-0.0837964
1.16036e-11	-0.0838285
1.16049e-11	-0.0838606
1.16063e-11	-0.0838927
1.16076e-11	-0.0839248
1.1609e-11	-0.0839569
1.16104e-11	-0.0839889
1.16117e-11	-0.084021
1.16131e-11	-0.0840531
1.16144e-11	-0.0840852
1.16158e-11	-0.0841173
1.16171e-11	-0.0841494
1.16185e-11	-0.0841815
1.16198e-11	-0.0842135
1.16212e-11	-0.0842456
1.16225e-11	-0.0842777
1.16239e-11	-0.0843098
1.16252e-11	-0.0843418
1.16266e-11	-0.0843739
1.16279e-11	-0.084406
1.16293e-11	-0.084438
1.16306e-11	-0.0844701
1.1632e-11	-0.0845022
1.16333e-11	-0.0845342
1.16347e-11	-0.0845663
1.16361e-11	-0.0845983
1.16374e-11	-0.0846304
1.16388e-11	-0.0846624
1.16401e-11	-0.0846945
1.16415e-11	-0.0847265
1.16428e-11	-0.0847586
1.16442e-11	-0.0847906
1.16455e-11	-0.0848227
1.16469e-11	-0.0848547
1.16482e-11	-0.0848867
1.16496e-11	-0.0849188
1.16509e-11	-0.0849508
1.16523e-11	-0.0849828
1.16536e-11	-0.0850149
1.1655e-11	-0.0850469
1.16563e-11	-0.0850789
1.16577e-11	-0.0851109
1.1659e-11	-0.0851429
1.16604e-11	-0.085175
1.16618e-11	-0.085207
1.16631e-11	-0.085239
1.16645e-11	-0.085271
1.16658e-11	-0.085303
1.16672e-11	-0.085335
1.16685e-11	-0.085367
1.16699e-11	-0.085399
1.16712e-11	-0.085431
1.16726e-11	-0.085463
1.16739e-11	-0.085495
1.16753e-11	-0.085527
1.16766e-11	-0.085559
1.1678e-11	-0.085591
1.16793e-11	-0.085623
1.16807e-11	-0.085655
1.1682e-11	-0.0856869
1.16834e-11	-0.0857189
1.16847e-11	-0.0857509
1.16861e-11	-0.0857829
1.16875e-11	-0.0858148
1.16888e-11	-0.0858468
1.16902e-11	-0.0858788
1.16915e-11	-0.0859107
1.16929e-11	-0.0859427
1.16942e-11	-0.0859746
1.16956e-11	-0.0860066
1.16969e-11	-0.0860386
1.16983e-11	-0.0860705
1.16996e-11	-0.0861024
1.1701e-11	-0.0861344
1.17023e-11	-0.0861663
1.17037e-11	-0.0861983
1.1705e-11	-0.0862302
1.17064e-11	-0.0862621
1.17077e-11	-0.0862941
1.17091e-11	-0.086326
1.17104e-11	-0.0863579
1.17118e-11	-0.0863898
1.17132e-11	-0.0864218
1.17145e-11	-0.0864537
1.17159e-11	-0.0864856
1.17172e-11	-0.0865175
1.17186e-11	-0.0865494
1.17199e-11	-0.0865813
1.17213e-11	-0.0866132
1.17226e-11	-0.0866451
1.1724e-11	-0.086677
1.17253e-11	-0.0867089
1.17267e-11	-0.0867408
1.1728e-11	-0.0867727
1.17294e-11	-0.0868046
1.17307e-11	-0.0868365
1.17321e-11	-0.0868683
1.17334e-11	-0.0869002
1.17348e-11	-0.0869321
1.17361e-11	-0.086964
1.17375e-11	-0.0869958
1.17389e-11	-0.0870277
1.17402e-11	-0.0870595
1.17416e-11	-0.0870914
1.17429e-11	-0.0871233
1.17443e-11	-0.0871551
1.17456e-11	-0.087187
1.1747e-11	-0.0872188
1.17483e-11	-0.0872506
1.17497e-11	-0.0872825
1.1751e-11	-0.0873143
1.17524e-11	-0.0873462
1.17537e-11	-0.087378
1.17551e-11	-0.0874098
1.17564e-11	-0.0874416
1.17578e-11	-0.0874735
1.17591e-11	-0.0875053
1.17605e-11	-0.0875371
1.17618e-11	-0.0875689
1.17632e-11	-0.0876007
1.17646e-11	-0.0876325
1.17659e-11	-0.0876643
1.17673e-11	-0.0876961
1.17686e-11	-0.0877279
1.177e-11	-0.0877597
1.17713e-11	-0.0877915
1.17727e-11	-0.0878232
1.1774e-11	-0.087855
1.17754e-11	-0.0878868
1.17767e-11	-0.0879186
1.17781e-11	-0.0879503
1.17794e-11	-0.0879821
1.17808e-11	-0.0880139
1.17821e-11	-0.0880456
1.17835e-11	-0.0880774
1.17848e-11	-0.0881091
1.17862e-11	-0.0881409
1.17875e-11	-0.0881726
1.17889e-11	-0.0882044
1.17903e-11	-0.0882361
1.17916e-11	-0.0882678
1.1793e-11	-0.0882996
1.17943e-11	-0.0883313
1.17957e-11	-0.088363
1.1797e-11	-0.0883947
1.17984e-11	-0.0884264
1.17997e-11	-0.0884582
1.18011e-11	-0.0884899
1.18024e-11	-0.0885216
1.18038e-11	-0.0885533
1.18051e-11	-0.088585
1.18065e-11	-0.0886166
1.18078e-11	-0.0886483
1.18092e-11	-0.08868
1.18105e-11	-0.0887117
1.18119e-11	-0.0887434
1.18132e-11	-0.088775
1.18146e-11	-0.0888067
1.1816e-11	-0.0888384
1.18173e-11	-0.08887
1.18187e-11	-0.0889017
1.182e-11	-0.0889333
1.18214e-11	-0.088965
1.18227e-11	-0.0889966
1.18241e-11	-0.0890283
1.18254e-11	-0.0890599
1.18268e-11	-0.0890916
1.18281e-11	-0.0891232
1.18295e-11	-0.0891548
1.18308e-11	-0.0891864
1.18322e-11	-0.089218
1.18335e-11	-0.0892496
1.18349e-11	-0.0892813
1.18362e-11	-0.0893129
1.18376e-11	-0.0893445
1.18389e-11	-0.0893761
1.18403e-11	-0.0894076
1.18417e-11	-0.0894392
1.1843e-11	-0.0894708
1.18444e-11	-0.0895024
1.18457e-11	-0.089534
1.18471e-11	-0.0895655
1.18484e-11	-0.0895971
1.18498e-11	-0.0896287
1.18511e-11	-0.0896602
1.18525e-11	-0.0896918
1.18538e-11	-0.0897233
1.18552e-11	-0.0897549
1.18565e-11	-0.0897864
1.18579e-11	-0.0898179
1.18592e-11	-0.0898495
1.18606e-11	-0.089881
1.18619e-11	-0.0899125
1.18633e-11	-0.089944
1.18646e-11	-0.0899755
1.1866e-11	-0.0900071
1.18674e-11	-0.0900386
1.18687e-11	-0.0900701
1.18701e-11	-0.0901015
1.18714e-11	-0.090133
1.18728e-11	-0.0901645
1.18741e-11	-0.090196
1.18755e-11	-0.0902275
1.18768e-11	-0.0902589
1.18782e-11	-0.0902904
1.18795e-11	-0.0903219
1.18809e-11	-0.0903533
1.18822e-11	-0.0903848
1.18836e-11	-0.0904162
1.18849e-11	-0.0904477
1.18863e-11	-0.0904791
1.18876e-11	-0.0905106
1.1889e-11	-0.090542
1.18903e-11	-0.0905734
1.18917e-11	-0.0906048
1.18931e-11	-0.0906362
1.18944e-11	-0.0906677
1.18958e-11	-0.0906991
1.18971e-11	-0.0907305
1.18985e-11	-0.0907618
1.18998e-11	-0.0907932
1.19012e-11	-0.0908246
1.19025e-11	-0.090856
1.19039e-11	-0.0908874
1.19052e-11	-0.0909187
1.19066e-11	-0.0909501
1.19079e-11	-0.0909815
1.19093e-11	-0.0910128
1.19106e-11	-0.0910442
1.1912e-11	-0.0910755
1.19133e-11	-0.0911069
1.19147e-11	-0.0911382
1.1916e-11	-0.0911695
1.19174e-11	-0.0912009
1.19188e-11	-0.0912322
1.19201e-11	-0.0912635
1.19215e-11	-0.0912948
1.19228e-11	-0.0913261
1.19242e-11	-0.0913574
1.19255e-11	-0.0913887
1.19269e-11	-0.09142
1.19282e-11	-0.0914513
1.19296e-11	-0.0914825
1.19309e-11	-0.0915138
1.19323e-11	-0.0915451
1.19336e-11	-0.0915763
1.1935e-11	-0.0916076
1.19363e-11	-0.0916388
1.19377e-11	-0.0916701
1.1939e-11	-0.0917013
1.19404e-11	-0.0917326
1.19417e-11	-0.0917638
1.19431e-11	-0.091795
1.19445e-11	-0.0918262
1.19458e-11	-0.0918575
1.19472e-11	-0.0918887
1.19485e-11	-0.0919199
1.19499e-11	-0.0919511
1.19512e-11	-0.0919823
1.19526e-11	-0.0920134
1.19539e-11	-0.0920446
1.19553e-11	-0.0920758
1.19566e-11	-0.092107
1.1958e-11	-0.0921381
1.19593e-11	-0.0921693
1.19607e-11	-0.0922004
1.1962e-11	-0.0922316
1.19634e-11	-0.0922627
1.19647e-11	-0.0922939
1.19661e-11	-0.092325
1.19674e-11	-0.0923561
1.19688e-11	-0.0923872
1.19702e-11	-0.0924183
1.19715e-11	-0.0924495
1.19729e-11	-0.0924806
1.19742e-11	-0.0925116
1.19756e-11	-0.0925427
1.19769e-11	-0.0925738
1.19783e-11	-0.0926049
1.19796e-11	-0.092636
1.1981e-11	-0.092667
1.19823e-11	-0.0926981
1.19837e-11	-0.0927292
1.1985e-11	-0.0927602
1.19864e-11	-0.0927912
1.19877e-11	-0.0928223
1.19891e-11	-0.0928533
1.19904e-11	-0.0928843
1.19918e-11	-0.0929153
1.19931e-11	-0.0929464
1.19945e-11	-0.0929774
1.19959e-11	-0.0930084
1.19972e-11	-0.0930394
1.19986e-11	-0.0930703
1.19999e-11	-0.0931013
1.20013e-11	-0.0931323
1.20026e-11	-0.0931633
1.2004e-11	-0.0931942
1.20053e-11	-0.0932252
1.20067e-11	-0.0932561
1.2008e-11	-0.0932871
1.20094e-11	-0.093318
1.20107e-11	-0.093349
1.20121e-11	-0.0933799
1.20134e-11	-0.0934108
1.20148e-11	-0.0934417
1.20161e-11	-0.0934726
1.20175e-11	-0.0935035
1.20188e-11	-0.0935344
1.20202e-11	-0.0935653
1.20216e-11	-0.0935962
1.20229e-11	-0.0936271
1.20243e-11	-0.0936579
1.20256e-11	-0.0936888
1.2027e-11	-0.0937196
1.20283e-11	-0.0937505
1.20297e-11	-0.0937813
1.2031e-11	-0.0938122
1.20324e-11	-0.093843
1.20337e-11	-0.0938738
1.20351e-11	-0.0939046
1.20364e-11	-0.0939354
1.20378e-11	-0.0939662
1.20391e-11	-0.093997
1.20405e-11	-0.0940278
1.20418e-11	-0.0940586
1.20432e-11	-0.0940894
1.20445e-11	-0.0941202
1.20459e-11	-0.0941509
1.20473e-11	-0.0941817
1.20486e-11	-0.0942124
1.205e-11	-0.0942432
1.20513e-11	-0.0942739
1.20527e-11	-0.0943046
1.2054e-11	-0.0943354
1.20554e-11	-0.0943661
1.20567e-11	-0.0943968
1.20581e-11	-0.0944275
1.20594e-11	-0.0944582
1.20608e-11	-0.0944889
1.20621e-11	-0.0945195
1.20635e-11	-0.0945502
1.20648e-11	-0.0945809
1.20662e-11	-0.0946115
1.20675e-11	-0.0946422
1.20689e-11	-0.0946729
1.20702e-11	-0.0947035
1.20716e-11	-0.0947341
1.2073e-11	-0.0947647
1.20743e-11	-0.0947954
1.20757e-11	-0.094826
1.2077e-11	-0.0948566
1.20784e-11	-0.0948872
1.20797e-11	-0.0949178
1.20811e-11	-0.0949483
1.20824e-11	-0.0949789
1.20838e-11	-0.0950095
1.20851e-11	-0.0950401
1.20865e-11	-0.0950706
1.20878e-11	-0.0951011
1.20892e-11	-0.0951317
1.20905e-11	-0.0951622
1.20919e-11	-0.0951927
1.20932e-11	-0.0952233
1.20946e-11	-0.0952538
1.20959e-11	-0.0952843
1.20973e-11	-0.0953148
1.20987e-11	-0.0953453
1.21e-11	-0.0953757
1.21014e-11	-0.0954062
1.21027e-11	-0.0954367
1.21041e-11	-0.0954671
1.21054e-11	-0.0954976
1.21068e-11	-0.095528
1.21081e-11	-0.0955585
1.21095e-11	-0.0955889
1.21108e-11	-0.0956193
1.21122e-11	-0.0956497
1.21135e-11	-0.0956801
1.21149e-11	-0.0957105
1.21162e-11	-0.0957409
1.21176e-11	-0.0957713
1.21189e-11	-0.0958017
1.21203e-11	-0.095832
1.21216e-11	-0.0958624
1.2123e-11	-0.0958928
1.21244e-11	-0.0959231
1.21257e-11	-0.0959534
1.21271e-11	-0.0959838
1.21284e-11	-0.0960141
1.21298e-11	-0.0960444
1.21311e-11	-0.0960747
1.21325e-11	-0.096105
1.21338e-11	-0.0961353
1.21352e-11	-0.0961656
1.21365e-11	-0.0961958
1.21379e-11	-0.0962261
1.21392e-11	-0.0962564
1.21406e-11	-0.0962866
1.21419e-11	-0.0963169
1.21433e-11	-0.0963471
1.21446e-11	-0.0963773
1.2146e-11	-0.0964075
1.21473e-11	-0.0964378
1.21487e-11	-0.0964679
1.21501e-11	-0.0964981
1.21514e-11	-0.0965283
1.21528e-11	-0.0965585
1.21541e-11	-0.0965887
1.21555e-11	-0.0966188
1.21568e-11	-0.096649
1.21582e-11	-0.0966791
1.21595e-11	-0.0967093
1.21609e-11	-0.0967394
1.21622e-11	-0.0967695
1.21636e-11	-0.0967996
1.21649e-11	-0.0968297
1.21663e-11	-0.0968598
1.21676e-11	-0.0968899
1.2169e-11	-0.09692
1.21703e-11	-0.0969501
1.21717e-11	-0.0969801
1.2173e-11	-0.0970102
1.21744e-11	-0.0970402
1.21758e-11	-0.0970703
1.21771e-11	-0.0971003
1.21785e-11	-0.0971303
1.21798e-11	-0.0971603
1.21812e-11	-0.0971903
1.21825e-11	-0.0972203
1.21839e-11	-0.0972503
1.21852e-11	-0.0972803
1.21866e-11	-0.0973103
1.21879e-11	-0.0973402
1.21893e-11	-0.0973702
1.21906e-11	-0.0974001
1.2192e-11	-0.0974301
1.21933e-11	-0.09746
1.21947e-11	-0.0974899
1.2196e-11	-0.0975198
1.21974e-11	-0.0975497
1.21987e-11	-0.0975796
1.22001e-11	-0.0976095
1.22015e-11	-0.0976394
1.22028e-11	-0.0976692
1.22042e-11	-0.0976991
1.22055e-11	-0.0977289
1.22069e-11	-0.0977588
1.22082e-11	-0.0977886
1.22096e-11	-0.0978184
1.22109e-11	-0.0978482
1.22123e-11	-0.097878
1.22136e-11	-0.0979078
1.2215e-11	-0.0979376
1.22163e-11	-0.0979674
1.22177e-11	-0.0979972
1.2219e-11	-0.0980269
1.22204e-11	-0.0980567
1.22217e-11	-0.0980864
1.22231e-11	-0.0981162
1.22244e-11	-0.0981459
1.22258e-11	-0.0981756
1.22272e-11	-0.0982053
1.22285e-11	-0.098235
1.22299e-11	-0.0982647
1.22312e-11	-0.0982944
1.22326e-11	-0.098324
1.22339e-11	-0.0983537
1.22353e-11	-0.0983833
1.22366e-11	-0.098413
1.2238e-11	-0.0984426
1.22393e-11	-0.0984722
1.22407e-11	-0.0985018
1.2242e-11	-0.0985314
1.22434e-11	-0.098561
1.22447e-11	-0.0985906
1.22461e-11	-0.0986202
1.22474e-11	-0.0986498
1.22488e-11	-0.0986793
1.22501e-11	-0.0987089
1.22515e-11	-0.0987384
1.22529e-11	-0.0987679
1.22542e-11	-0.0987974
1.22556e-11	-0.098827
1.22569e-11	-0.0988565
1.22583e-11	-0.0988859
1.22596e-11	-0.0989154
1.2261e-11	-0.0989449
1.22623e-11	-0.0989744
1.22637e-11	-0.0990038
1.2265e-11	-0.0990333
1.22664e-11	-0.0990627
1.22677e-11	-0.0990921
1.22691e-11	-0.0991215
1.22704e-11	-0.0991509
1.22718e-11	-0.0991803
1.22731e-11	-0.0992097
1.22745e-11	-0.0992391
1.22758e-11	-0.0992684
1.22772e-11	-0.0992978
1.22786e-11	-0.0993271
1.22799e-11	-0.0993565
1.22813e-11	-0.0993858
1.22826e-11	-0.0994151
1.2284e-11	-0.0994444
1.22853e-11	-0.0994737
1.22867e-11	-0.099503
1.2288e-11	-0.0995323
1.22894e-11	-0.0995615
1.22907e-11	-0.0995908
1.22921e-11	-0.09962
1.22934e-11	-0.0996493
1.22948e-11	-0.0996785
1.22961e-11	-0.0997077
1.22975e-11	-0.0997369
1.22988e-11	-0.0997661
1.23002e-11	-0.0997953
1.23015e-11	-0.0998245
1.23029e-11	-0.0998536
1.23043e-11	-0.0998828
1.23056e-11	-0.0999119
1.2307e-11	-0.0999411
1.23083e-11	-0.0999702
1.23097e-11	-0.0999993
1.2311e-11	-0.100028
1.23124e-11	-0.100058
1.23137e-11	-0.100087
1.23151e-11	-0.100116
1.23164e-11	-0.100145
1.23178e-11	-0.100174
1.23191e-11	-0.100203
1.23205e-11	-0.100232
1.23218e-11	-0.100261
1.23232e-11	-0.10029
1.23245e-11	-0.100319
1.23259e-11	-0.100348
1.23272e-11	-0.100377
1.23286e-11	-0.100406
1.233e-11	-0.100435
1.23313e-11	-0.100464
1.23327e-11	-0.100493
1.2334e-11	-0.100522
1.23354e-11	-0.100551
1.23367e-11	-0.100579
1.23381e-11	-0.100608
1.23394e-11	-0.100637
1.23408e-11	-0.100666
1.23421e-11	-0.100695
1.23435e-11	-0.100724
1.23448e-11	-0.100753
1.23462e-11	-0.100781
1.23475e-11	-0.10081
1.23489e-11	-0.100839
1.23502e-11	-0.100868
1.23516e-11	-0.100897
1.23529e-11	-0.100925
1.23543e-11	-0.100954
1.23557e-11	-0.100983
1.2357e-11	-0.101012
1.23584e-11	-0.10104
1.23597e-11	-0.101069
1.23611e-11	-0.101098
1.23624e-11	-0.101127
1.23638e-11	-0.101155
1.23651e-11	-0.101184
1.23665e-11	-0.101213
1.23678e-11	-0.101241
1.23692e-11	-0.10127
1.23705e-11	-0.101299
1.23719e-11	-0.101327
1.23732e-11	-0.101356
1.23746e-11	-0.101384
1.23759e-11	-0.101413
1.23773e-11	-0.101442
1.23787e-11	-0.10147
1.238e-11	-0.101499
1.23814e-11	-0.101527
1.23827e-11	-0.101556
1.23841e-11	-0.101584
1.23854e-11	-0.101613
1.23868e-11	-0.101641
1.23881e-11	-0.10167
1.23895e-11	-0.101698
1.23908e-11	-0.101727
1.23922e-11	-0.101755
1.23935e-11	-0.101784
1.23949e-11	-0.101812
1.23962e-11	-0.10184
1.23976e-11	-0.101869
1.23989e-11	-0.101897
1.24003e-11	-0.101926
1.24016e-11	-0.101954
1.2403e-11	-0.101982
1.24044e-11	-0.102011
1.24057e-11	-0.102039
1.24071e-11	-0.102067
1.24084e-11	-0.102096
1.24098e-11	-0.102124
1.24111e-11	-0.102152
1.24125e-11	-0.102181
1.24138e-11	-0.102209
1.24152e-11	-0.102237
1.24165e-11	-0.102265
1.24179e-11	-0.102294
1.24192e-11	-0.102322
1.24206e-11	-0.10235
1.24219e-11	-0.102378
1.24233e-11	-0.102406
1.24246e-11	-0.102434
1.2426e-11	-0.102463
1.24273e-11	-0.102491
1.24287e-11	-0.102519
1.24301e-11	-0.102547
1.24314e-11	-0.102575
1.24328e-11	-0.102603
1.24341e-11	-0.102631
1.24355e-11	-0.102659
1.24368e-11	-0.102687
1.24382e-11	-0.102716
1.24395e-11	-0.102744
1.24409e-11	-0.102772
1.24422e-11	-0.1028
1.24436e-11	-0.102828
1.24449e-11	-0.102856
1.24463e-11	-0.102884
1.24476e-11	-0.102912
1.2449e-11	-0.10294
1.24503e-11	-0.102967
1.24517e-11	-0.102995
1.2453e-11	-0.103023
1.24544e-11	-0.103051
1.24558e-11	-0.103079
1.24571e-11	-0.103107
1.24585e-11	-0.103135
1.24598e-11	-0.103163
1.24612e-11	-0.103191
1.24625e-11	-0.103218
1.24639e-11	-0.103246
1.24652e-11	-0.103274
1.24666e-11	-0.103302
1.24679e-11	-0.10333
1.24693e-11	-0.103357
1.24706e-11	-0.103385
1.2472e-11	-0.103413
1.24733e-11	-0.103441
1.24747e-11	-0.103468
1.2476e-11	-0.103496
1.24774e-11	-0.103524
1.24787e-11	-0.103551
1.24801e-11	-0.103579
1.24815e-11	-0.103607
1.24828e-11	-0.103634
1.24842e-11	-0.103662
1.24855e-11	-0.10369
1.24869e-11	-0.103717
1.24882e-11	-0.103745
1.24896e-11	-0.103772
1.24909e-11	-0.1038
1.24923e-11	-0.103827
1.24936e-11	-0.103855
1.2495e-11	-0.103882
1.24963e-11	-0.10391
1.24977e-11	-0.103937
1.2499e-11	-0.103965
1.25004e-11	-0.103992
1.25017e-11	-0.10402
1.25031e-11	-0.104047
1.25044e-11	-0.104075
1.25058e-11	-0.104102
1.25072e-11	-0.10413
1.25085e-11	-0.104157
1.25099e-11	-0.104184
1.25112e-11	-0.104212
1.25126e-11	-0.104239
1.25139e-11	-0.104266
1.25153e-11	-0.104294
1.25166e-11	-0.104321
1.2518e-11	-0.104348
1.25193e-11	-0.104376
1.25207e-11	-0.104403
1.2522e-11	-0.10443
1.25234e-11	-0.104457
1.25247e-11	-0.104485
1.25261e-11	-0.104512
1.25274e-11	-0.104539
1.25288e-11	-0.104566
1.25301e-11	-0.104593
1.25315e-11	-0.104621
1.25329e-11	-0.104648
1.25342e-11	-0.104675
1.25356e-11	-0.104702
1.25369e-11	-0.104729
1.25383e-11	-0.104756
1.25396e-11	-0.104783
1.2541e-11	-0.10481
1.25423e-11	-0.104837
1.25437e-11	-0.104865
1.2545e-11	-0.104892
1.25464e-11	-0.104919
1.25477e-11	-0.104946
1.25491e-11	-0.104973
1.25504e-11	-0.105
1.25518e-11	-0.105027
1.25531e-11	-0.105053
1.25545e-11	-0.10508
1.25558e-11	-0.105107
1.25572e-11	-0.105134
1.25586e-11	-0.105161
1.25599e-11	-0.105188
1.25613e-11	-0.105215
1.25626e-11	-0.105242
1.2564e-11	-0.105269
1.25653e-11	-0.105295
1.25667e-11	-0.105322
1.2568e-11	-0.105349
1.25694e-11	-0.105376
1.25707e-11	-0.105403
1.25721e-11	-0.105429
1.25734e-11	-0.105456
1.25748e-11	-0.105483
1.25761e-11	-0.105509
1.25775e-11	-0.105536
1.25788e-11	-0.105563
1.25802e-11	-0.105589
1.25815e-11	-0.105616
1.25829e-11	-0.105643
1.25843e-11	-0.105669
1.25856e-11	-0.105696
1.2587e-11	-0.105723
1.25883e-11	-0.105749
1.25897e-11	-0.105776
1.2591e-11	-0.105802
1.25924e-11	-0.105829
1.25937e-11	-0.105855
1.25951e-11	-0.105882
1.25964e-11	-0.105908
1.25978e-11	-0.105935
1.25991e-11	-0.105961
1.26005e-11	-0.105988
1.26018e-11	-0.106014
1.26032e-11	-0.106041
1.26045e-11	-0.106067
1.26059e-11	-0.106093
1.26072e-11	-0.10612
1.26086e-11	-0.106146
1.261e-11	-0.106172
1.26113e-11	-0.106199
1.26127e-11	-0.106225
1.2614e-11	-0.106251
1.26154e-11	-0.106278
1.26167e-11	-0.106304
1.26181e-11	-0.10633
1.26194e-11	-0.106356
1.26208e-11	-0.106383
1.26221e-11	-0.106409
1.26235e-11	-0.106435
1.26248e-11	-0.106461
1.26262e-11	-0.106487
1.26275e-11	-0.106514
1.26289e-11	-0.10654
1.26302e-11	-0.106566
1.26316e-11	-0.106592
1.26329e-11	-0.106618
1.26343e-11	-0.106644
1.26357e-11	-0.10667
1.2637e-11	-0.106696
1.26384e-11	-0.106722
1.26397e-11	-0.106748
1.26411e-11	-0.106774
1.26424e-11	-0.1068
1.26438e-11	-0.106826
1.26451e-11	-0.106852
1.26465e-11	-0.106878
1.26478e-11	-0.106904
1.26492e-11	-0.10693
1.26505e-11	-0.106956
1.26519e-11	-0.106982
1.26532e-11	-0.107008
1.26546e-11	-0.107033
1.26559e-11	-0.107059
1.26573e-11	-0.107085
1.26586e-11	-0.107111
1.266e-11	-0.107137
1.26614e-11	-0.107162
1.26627e-11	-0.107188
1.26641e-11	-0.107214
1.26654e-11	-0.10724
1.26668e-11	-0.107265
1.26681e-11	-0.107291
1.26695e-11	-0.107317
1.26708e-11	-0.107342
1.26722e-11	-0.107368
1.26735e-11	-0.107394
1.26749e-11	-0.107419
1.26762e-11	-0.107445
1.26776e-11	-0.10747
1.26789e-11	-0.107496
1.26803e-11	-0.107522
1.26816e-11	-0.107547
1.2683e-11	-0.107573
1.26843e-11	-0.107598
1.26857e-11	-0.107624
1.26871e-11	-0.107649
1.26884e-11	-0.107675
1.26898e-11	-0.1077
1.26911e-11	-0.107725
1.26925e-11	-0.107751
1.26938e-11	-0.107776
1.26952e-11	-0.107802
1.26965e-11	-0.107827
1.26979e-11	-0.107852
1.26992e-11	-0.107878
1.27006e-11	-0.107903
1.27019e-11	-0.107928
1.27033e-11	-0.107954
1.27046e-11	-0.107979
1.2706e-11	-0.108004
1.27073e-11	-0.108029
1.27087e-11	-0.108054
1.271e-11	-0.10808
1.27114e-11	-0.108105
1.27128e-11	-0.10813
1.27141e-11	-0.108155
1.27155e-11	-0.10818
1.27168e-11	-0.108205
1.27182e-11	-0.10823
1.27195e-11	-0.108256
1.27209e-11	-0.108281
1.27222e-11	-0.108306
1.27236e-11	-0.108331
1.27249e-11	-0.108356
1.27263e-11	-0.108381
1.27276e-11	-0.108406
1.2729e-11	-0.108431
1.27303e-11	-0.108456
1.27317e-11	-0.108481
1.2733e-11	-0.108505
1.27344e-11	-0.10853
1.27357e-11	-0.108555
1.27371e-11	-0.10858
1.27385e-11	-0.108605
1.27398e-11	-0.10863
1.27412e-11	-0.108655
1.27425e-11	-0.108679
1.27439e-11	-0.108704
1.27452e-11	-0.108729
1.27466e-11	-0.108754
1.27479e-11	-0.108778
1.27493e-11	-0.108803
1.27506e-11	-0.108828
1.2752e-11	-0.108852
1.27533e-11	-0.108877
1.27547e-11	-0.108902
1.2756e-11	-0.108926
1.27574e-11	-0.108951
1.27587e-11	-0.108976
1.27601e-11	-0.109
1.27614e-11	-0.109025
1.27628e-11	-0.109049
1.27642e-11	-0.109074
1.27655e-11	-0.109098
1.27669e-11	-0.109123
1.27682e-11	-0.109147
1.27696e-11	-0.109172
1.27709e-11	-0.109196
1.27723e-11	-0.109221
1.27736e-11	-0.109245
1.2775e-11	-0.109269
1.27763e-11	-0.109294
1.27777e-11	-0.109318
1.2779e-11	-0.109342
1.27804e-11	-0.109367
1.27817e-11	-0.109391
1.27831e-11	-0.109415
1.27844e-11	-0.10944
1.27858e-11	-0.109464
1.27871e-11	-0.109488
1.27885e-11	-0.109512
1.27899e-11	-0.109536
1.27912e-11	-0.109561
1.27926e-11	-0.109585
1.27939e-11	-0.109609
1.27953e-11	-0.109633
1.27966e-11	-0.109657
1.2798e-11	-0.109681
1.27993e-11	-0.109705
1.28007e-11	-0.109729
1.2802e-11	-0.109753
1.28034e-11	-0.109777
1.28047e-11	-0.109801
1.28061e-11	-0.109825
1.28074e-11	-0.109849
1.28088e-11	-0.109873
1.28101e-11	-0.109897
1.28115e-11	-0.109921
1.28128e-11	-0.109945
1.28142e-11	-0.109969
1.28156e-11	-0.109993
1.28169e-11	-0.110017
1.28183e-11	-0.11004
1.28196e-11	-0.110064
1.2821e-11	-0.110088
1.28223e-11	-0.110112
1.28237e-11	-0.110135
1.2825e-11	-0.110159
1.28264e-11	-0.110183
1.28277e-11	-0.110207
1.28291e-11	-0.11023
1.28304e-11	-0.110254
1.28318e-11	-0.110278
1.28331e-11	-0.110301
1.28345e-11	-0.110325
1.28358e-11	-0.110348
1.28372e-11	-0.110372
1.28385e-11	-0.110395
1.28399e-11	-0.110419
1.28413e-11	-0.110442
1.28426e-11	-0.110466
1.2844e-11	-0.110489
1.28453e-11	-0.110513
1.28467e-11	-0.110536
1.2848e-11	-0.11056
1.28494e-11	-0.110583
1.28507e-11	-0.110606
1.28521e-11	-0.11063
1.28534e-11	-0.110653
1.28548e-11	-0.110676
1.28561e-11	-0.1107
1.28575e-11	-0.110723
1.28588e-11	-0.110746
1.28602e-11	-0.11077
1.28615e-11	-0.110793
1.28629e-11	-0.110816
1.28642e-11	-0.110839
1.28656e-11	-0.110862
1.2867e-11	-0.110885
1.28683e-11	-0.110909
1.28697e-11	-0.110932
1.2871e-11	-0.110955
1.28724e-11	-0.110978
1.28737e-11	-0.111001
1.28751e-11	-0.111024
1.28764e-11	-0.111047
1.28778e-11	-0.11107
1.28791e-11	-0.111093
1.28805e-11	-0.111116
1.28818e-11	-0.111139
1.28832e-11	-0.111162
1.28845e-11	-0.111185
1.28859e-11	-0.111208
1.28872e-11	-0.11123
1.28886e-11	-0.111253
1.28899e-11	-0.111276
1.28913e-11	-0.111299
1.28927e-11	-0.111322
1.2894e-11	-0.111344
1.28954e-11	-0.111367
1.28967e-11	-0.11139
1.28981e-11	-0.111413
1.28994e-11	-0.111435
1.29008e-11	-0.111458
1.29021e-11	-0.111481
1.29035e-11	-0.111503
1.29048e-11	-0.111526
1.29062e-11	-0.111548
1.29075e-11	-0.111571
1.29089e-11	-0.111594
1.29102e-11	-0.111616
1.29116e-11	-0.111639
1.29129e-11	-0.111661
1.29143e-11	-0.111684
1.29156e-11	-0.111706
1.2917e-11	-0.111728
1.29184e-11	-0.111751
1.29197e-11	-0.111773
1.29211e-11	-0.111796
1.29224e-11	-0.111818
1.29238e-11	-0.11184
1.29251e-11	-0.111863
1.29265e-11	-0.111885
1.29278e-11	-0.111907
1.29292e-11	-0.111929
1.29305e-11	-0.111952
1.29319e-11	-0.111974
1.29332e-11	-0.111996
1.29346e-11	-0.112018
1.29359e-11	-0.11204
1.29373e-11	-0.112062
1.29386e-11	-0.112085
1.294e-11	-0.112107
1.29413e-11	-0.112129
1.29427e-11	-0.112151
1.29441e-11	-0.112173
1.29454e-11	-0.112195
1.29468e-11	-0.112217
1.29481e-11	-0.112239
1.29495e-11	-0.112261
1.29508e-11	-0.112283
1.29522e-11	-0.112305
1.29535e-11	-0.112326
1.29549e-11	-0.112348
1.29562e-11	-0.11237
1.29576e-11	-0.112392
1.29589e-11	-0.112414
1.29603e-11	-0.112436
1.29616e-11	-0.112457
1.2963e-11	-0.112479
1.29643e-11	-0.112501
1.29657e-11	-0.112523
1.2967e-11	-0.112544
1.29684e-11	-0.112566
1.29698e-11	-0.112588
1.29711e-11	-0.112609
1.29725e-11	-0.112631
1.29738e-11	-0.112652
1.29752e-11	-0.112674
1.29765e-11	-0.112695
1.29779e-11	-0.112717
1.29792e-11	-0.112738
1.29806e-11	-0.11276
1.29819e-11	-0.112781
1.29833e-11	-0.112803
1.29846e-11	-0.112824
1.2986e-11	-0.112846
1.29873e-11	-0.112867
1.29887e-11	-0.112888
1.299e-11	-0.11291
1.29914e-11	-0.112931
1.29927e-11	-0.112952
1.29941e-11	-0.112973
1.29955e-11	-0.112995
1.29968e-11	-0.113016
1.29982e-11	-0.113037
1.29995e-11	-0.113058
1.30009e-11	-0.113079
1.30022e-11	-0.113101
1.30036e-11	-0.113122
1.30049e-11	-0.113143
1.30063e-11	-0.113164
1.30076e-11	-0.113185
1.3009e-11	-0.113206
1.30103e-11	-0.113227
1.30117e-11	-0.113248
1.3013e-11	-0.113269
1.30144e-11	-0.11329
1.30157e-11	-0.113311
1.30171e-11	-0.113332
1.30184e-11	-0.113353
1.30198e-11	-0.113373
1.30212e-11	-0.113394
1.30225e-11	-0.113415
1.30239e-11	-0.113436
1.30252e-11	-0.113457
1.30266e-11	-0.113477
1.30279e-11	-0.113498
1.30293e-11	-0.113519
1.30306e-11	-0.113539
1.3032e-11	-0.11356
1.30333e-11	-0.113581
1.30347e-11	-0.113601
1.3036e-11	-0.113622
1.30374e-11	-0.113643
1.30387e-11	-0.113663
1.30401e-11	-0.113684
1.30414e-11	-0.113704
1.30428e-11	-0.113725
1.30441e-11	-0.113745
1.30455e-11	-0.113766
1.30469e-11	-0.113786
1.30482e-11	-0.113806
1.30496e-11	-0.113827
1.30509e-11	-0.113847
1.30523e-11	-0.113867
1.30536e-11	-0.113888
1.3055e-11	-0.113908
1.30563e-11	-0.113928
1.30577e-11	-0.113949
1.3059e-11	-0.113969
1.30604e-11	-0.113989
1.30617e-11	-0.114009
1.30631e-11	-0.114029
1.30644e-11	-0.114049
1.30658e-11	-0.11407
1.30671e-11	-0.11409
1.30685e-11	-0.11411
1.30698e-11	-0.11413
1.30712e-11	-0.11415
1.30726e-11	-0.11417
1.30739e-11	-0.11419
1.30753e-11	-0.11421
1.30766e-11	-0.11423
1.3078e-11	-0.114249
1.30793e-11	-0.114269
1.30807e-11	-0.114289
1.3082e-11	-0.114309
1.30834e-11	-0.114329
1.30847e-11	-0.114349
1.30861e-11	-0.114368
1.30874e-11	-0.114388
1.30888e-11	-0.114408
1.30901e-11	-0.114428
1.30915e-11	-0.114447
1.30928e-11	-0.114467
1.30942e-11	-0.114487
1.30955e-11	-0.114506
1.30969e-11	-0.114526
1.30983e-11	-0.114545
1.30996e-11	-0.114565
1.3101e-11	-0.114584
1.31023e-11	-0.114604
1.31037e-11	-0.114623
1.3105e-11	-0.114643
1.31064e-11	-0.114662
1.31077e-11	-0.114682
1.31091e-11	-0.114701
1.31104e-11	-0.11472
1.31118e-11	-0.11474
1.31131e-11	-0.114759
1.31145e-11	-0.114778
1.31158e-11	-0.114798
1.31172e-11	-0.114817
1.31185e-11	-0.114836
1.31199e-11	-0.114855
1.31212e-11	-0.114874
1.31226e-11	-0.114893
1.3124e-11	-0.114913
1.31253e-11	-0.114932
1.31267e-11	-0.114951
1.3128e-11	-0.11497
1.31294e-11	-0.114989
1.31307e-11	-0.115008
1.31321e-11	-0.115027
1.31334e-11	-0.115046
1.31348e-11	-0.115065
1.31361e-11	-0.115084
1.31375e-11	-0.115103
1.31388e-11	-0.115121
1.31402e-11	-0.11514
1.31415e-11	-0.115159
1.31429e-11	-0.115178
1.31442e-11	-0.115197
1.31456e-11	-0.115215
1.31469e-11	-0.115234
1.31483e-11	-0.115253
1.31497e-11	-0.115271
1.3151e-11	-0.11529
1.31524e-11	-0.115309
1.31537e-11	-0.115327
1.31551e-11	-0.115346
1.31564e-11	-0.115364
1.31578e-11	-0.115383
1.31591e-11	-0.115401
1.31605e-11	-0.11542
1.31618e-11	-0.115438
1.31632e-11	-0.115457
1.31645e-11	-0.115475
1.31659e-11	-0.115494
1.31672e-11	-0.115512
1.31686e-11	-0.11553
1.31699e-11	-0.115549
1.31713e-11	-0.115567
1.31726e-11	-0.115585
1.3174e-11	-0.115603
1.31754e-11	-0.115622
1.31767e-11	-0.11564
1.31781e-11	-0.115658
1.31794e-11	-0.115676
1.31808e-11	-0.115694
1.31821e-11	-0.115712
1.31835e-11	-0.11573
1.31848e-11	-0.115748
1.31862e-11	-0.115766
1.31875e-11	-0.115784
1.31889e-11	-0.115802
1.31902e-11	-0.11582
1.31916e-11	-0.115838
1.31929e-11	-0.115856
1.31943e-11	-0.115874
1.31956e-11	-0.115892
1.3197e-11	-0.11591
1.31983e-11	-0.115927
1.31997e-11	-0.115945
1.32011e-11	-0.115963
1.32024e-11	-0.115981
1.32038e-11	-0.115998
1.32051e-11	-0.116016
1.32065e-11	-0.116034
1.32078e-11	-0.116051
1.32092e-11	-0.116069
1.32105e-11	-0.116086
1.32119e-11	-0.116104
1.32132e-11	-0.116121
1.32146e-11	-0.116139
1.32159e-11	-0.116156
1.32173e-11	-0.116174
1.32186e-11	-0.116191
1.322e-11	-0.116209
1.32213e-11	-0.116226
1.32227e-11	-0.116243
1.3224e-11	-0.116261
1.32254e-11	-0.116278
1.32268e-11	-0.116295
1.32281e-11	-0.116313
1.32295e-11	-0.11633
1.32308e-11	-0.116347
1.32322e-11	-0.116364
1.32335e-11	-0.116381
1.32349e-11	-0.116398
1.32362e-11	-0.116415
1.32376e-11	-0.116432
1.32389e-11	-0.11645
1.32403e-11	-0.116467
1.32416e-11	-0.116484
1.3243e-11	-0.1165
1.32443e-11	-0.116517
1.32457e-11	-0.116534
1.3247e-11	-0.116551
1.32484e-11	-0.116568
1.32497e-11	-0.116585
1.32511e-11	-0.116602
1.32525e-11	-0.116618
1.32538e-11	-0.116635
1.32552e-11	-0.116652
1.32565e-11	-0.116669
1.32579e-11	-0.116685
1.32592e-11	-0.116702
1.32606e-11	-0.116719
1.32619e-11	-0.116735
1.32633e-11	-0.116752
1.32646e-11	-0.116768
1.3266e-11	-0.116785
1.32673e-11	-0.116801
1.32687e-11	-0.116818
1.327e-11	-0.116834
1.32714e-11	-0.116851
1.32727e-11	-0.116867
1.32741e-11	-0.116883
1.32754e-11	-0.1169
1.32768e-11	-0.116916
1.32782e-11	-0.116932
1.32795e-11	-0.116949
1.32809e-11	-0.116965
1.32822e-11	-0.116981
1.32836e-11	-0.116997
1.32849e-11	-0.117013
1.32863e-11	-0.117029
1.32876e-11	-0.117046
1.3289e-11	-0.117062
1.32903e-11	-0.117078
1.32917e-11	-0.117094
1.3293e-11	-0.11711
1.32944e-11	-0.117126
1.32957e-11	-0.117142
1.32971e-11	-0.117158
1.32984e-11	-0.117173
1.32998e-11	-0.117189
1.33011e-11	-0.117205
1.33025e-11	-0.117221
1.33039e-11	-0.117237
1.33052e-11	-0.117252
1.33066e-11	-0.117268
1.33079e-11	-0.117284
1.33093e-11	-0.1173
1.33106e-11	-0.117315
1.3312e-11	-0.117331
1.33133e-11	-0.117346
1.33147e-11	-0.117362
1.3316e-11	-0.117377
1.33174e-11	-0.117393
1.33187e-11	-0.117408
1.33201e-11	-0.117424
1.33214e-11	-0.117439
1.33228e-11	-0.117455
1.33241e-11	-0.11747
1.33255e-11	-0.117485
1.33268e-11	-0.117501
1.33282e-11	-0.117516
1.33296e-11	-0.117531
1.33309e-11	-0.117547
1.33323e-11	-0.117562
1.33336e-11	-0.117577
1.3335e-11	-0.117592
1.33363e-11	-0.117607
1.33377e-11	-0.117622
1.3339e-11	-0.117637
1.33404e-11	-0.117652
1.33417e-11	-0.117668
1.33431e-11	-0.117682
1.33444e-11	-0.117697
1.33458e-11	-0.117712
1.33471e-11	-0.117727
1.33485e-11	-0.117742
1.33498e-11	-0.117757
1.33512e-11	-0.117772
1.33525e-11	-0.117787
1.33539e-11	-0.117801
1.33553e-11	-0.117816
1.33566e-11	-0.117831
1.3358e-11	-0.117846
1.33593e-11	-0.11786
1.33607e-11	-0.117875
1.3362e-11	-0.117889
1.33634e-11	-0.117904
1.33647e-11	-0.117919
1.33661e-11	-0.117933
1.33674e-11	-0.117948
1.33688e-11	-0.117962
1.33701e-11	-0.117976
1.33715e-11	-0.117991
1.33728e-11	-0.118005
1.33742e-11	-0.11802
1.33755e-11	-0.118034
1.33769e-11	-0.118048
1.33782e-11	-0.118063
1.33796e-11	-0.118077
1.3381e-11	-0.118091
1.33823e-11	-0.118105
1.33837e-11	-0.118119
1.3385e-11	-0.118133
1.33864e-11	-0.118148
1.33877e-11	-0.118162
1.33891e-11	-0.118176
1.33904e-11	-0.11819
1.33918e-11	-0.118204
1.33931e-11	-0.118218
1.33945e-11	-0.118231
1.33958e-11	-0.118245
1.33972e-11	-0.118259
1.33985e-11	-0.118273
1.33999e-11	-0.118287
1.34012e-11	-0.118301
1.34026e-11	-0.118314
1.34039e-11	-0.118328
1.34053e-11	-0.118342
1.34067e-11	-0.118356
1.3408e-11	-0.118369
1.34094e-11	-0.118383
1.34107e-11	-0.118396
1.34121e-11	-0.11841
1.34134e-11	-0.118423
1.34148e-11	-0.118437
1.34161e-11	-0.11845
1.34175e-11	-0.118464
1.34188e-11	-0.118477
1.34202e-11	-0.118491
1.34215e-11	-0.118504
1.34229e-11	-0.118517
1.34242e-11	-0.118531
1.34256e-11	-0.118544
1.34269e-11	-0.118557
1.34283e-11	-0.11857
1.34296e-11	-0.118583
1.3431e-11	-0.118597
1.34324e-11	-0.11861
1.34337e-11	-0.118623
1.34351e-11	-0.118636
1.34364e-11	-0.118649
1.34378e-11	-0.118662
1.34391e-11	-0.118675
1.34405e-11	-0.118688
1.34418e-11	-0.118701
1.34432e-11	-0.118714
1.34445e-11	-0.118726
1.34459e-11	-0.118739
1.34472e-11	-0.118752
1.34486e-11	-0.118765
1.34499e-11	-0.118778
1.34513e-11	-0.11879
1.34526e-11	-0.118803
1.3454e-11	-0.118816
1.34553e-11	-0.118828
1.34567e-11	-0.118841
1.34581e-11	-0.118853
1.34594e-11	-0.118866
1.34608e-11	-0.118878
1.34621e-11	-0.118891
1.34635e-11	-0.118903
1.34648e-11	-0.118916
1.34662e-11	-0.118928
1.34675e-11	-0.11894
1.34689e-11	-0.118953
1.34702e-11	-0.118965
1.34716e-11	-0.118977
1.34729e-11	-0.11899
1.34743e-11	-0.119002
1.34756e-11	-0.119014
1.3477e-11	-0.119026
1.34783e-11	-0.119038
1.34797e-11	-0.11905
1.3481e-11	-0.119062
1.34824e-11	-0.119074
1.34838e-11	-0.119086
1.34851e-11	-0.119098
1.34865e-11	-0.11911
1.34878e-11	-0.119122
1.34892e-11	-0.119134
1.34905e-11	-0.119146
1.34919e-11	-0.119158
1.34932e-11	-0.119169
1.34946e-11	-0.119181
1.34959e-11	-0.119193
1.34973e-11	-0.119204
1.34986e-11	-0.119216
1.35e-11	-0.119228
1.35013e-11	-0.119239
1.35027e-11	-0.119251
1.3504e-11	-0.119262
1.35054e-11	-0.119274
1.35067e-11	-0.119285
1.35081e-11	-0.119297
1.35095e-11	-0.119308
1.35108e-11	-0.11932
1.35122e-11	-0.119331
1.35135e-11	-0.119342
1.35149e-11	-0.119354
1.35162e-11	-0.119365
1.35176e-11	-0.119376
1.35189e-11	-0.119387
1.35203e-11	-0.119398
1.35216e-11	-0.11941
1.3523e-11	-0.119421
1.35243e-11	-0.119432
1.35257e-11	-0.119443
1.3527e-11	-0.119454
1.35284e-11	-0.119465
1.35297e-11	-0.119476
1.35311e-11	-0.119487
1.35324e-11	-0.119497
1.35338e-11	-0.119508
1.35352e-11	-0.119519
1.35365e-11	-0.11953
1.35379e-11	-0.119541
1.35392e-11	-0.119551
1.35406e-11	-0.119562
1.35419e-11	-0.119573
1.35433e-11	-0.119583
1.35446e-11	-0.119594
1.3546e-11	-0.119605
1.35473e-11	-0.119615
1.35487e-11	-0.119626
1.355e-11	-0.119636
1.35514e-11	-0.119647
1.35527e-11	-0.119657
1.35541e-11	-0.119667
1.35554e-11	-0.119678
1.35568e-11	-0.119688
1.35581e-11	-0.119698
1.35595e-11	-0.119709
1.35609e-11	-0.119719
1.35622e-11	-0.119729
1.35636e-11	-0.119739
1.35649e-11	-0.119749
1.35663e-11	-0.119759
1.35676e-11	-0.119769
1.3569e-11	-0.119779
1.35703e-11	-0.119789
1.35717e-11	-0.119799
1.3573e-11	-0.119809
1.35744e-11	-0.119819
1.35757e-11	-0.119829
1.35771e-11	-0.119839
1.35784e-11	-0.119849
1.35798e-11	-0.119858
1.35811e-11	-0.119868
1.35825e-11	-0.119878
1.35838e-11	-0.119888
1.35852e-11	-0.119897
1.35866e-11	-0.119907
1.35879e-11	-0.119916
1.35893e-11	-0.119926
1.35906e-11	-0.119936
1.3592e-11	-0.119945
1.35933e-11	-0.119954
1.35947e-11	-0.119964
1.3596e-11	-0.119973
1.35974e-11	-0.119983
1.35987e-11	-0.119992
1.36001e-11	-0.120001
1.36014e-11	-0.12001
1.36028e-11	-0.12002
1.36041e-11	-0.120029
1.36055e-11	-0.120038
1.36068e-11	-0.120047
1.36082e-11	-0.120056
1.36095e-11	-0.120065
1.36109e-11	-0.120074
1.36123e-11	-0.120083
1.36136e-11	-0.120092
1.3615e-11	-0.120101
1.36163e-11	-0.12011
1.36177e-11	-0.120119
1.3619e-11	-0.120128
1.36204e-11	-0.120137
1.36217e-11	-0.120145
1.36231e-11	-0.120154
1.36244e-11	-0.120163
1.36258e-11	-0.120172
1.36271e-11	-0.12018
1.36285e-11	-0.120189
1.36298e-11	-0.120197
1.36312e-11	-0.120206
1.36325e-11	-0.120214
1.36339e-11	-0.120223
1.36352e-11	-0.120231
1.36366e-11	-0.12024
1.3638e-11	-0.120248
1.36393e-11	-0.120256
1.36407e-11	-0.120265
1.3642e-11	-0.120273
1.36434e-11	-0.120281
1.36447e-11	-0.120289
1.36461e-11	-0.120298
1.36474e-11	-0.120306
1.36488e-11	-0.120314
1.36501e-11	-0.120322
1.36515e-11	-0.12033
1.36528e-11	-0.120338
1.36542e-11	-0.120346
1.36555e-11	-0.120354
1.36569e-11	-0.120362
1.36582e-11	-0.12037
1.36596e-11	-0.120377
1.36609e-11	-0.120385
1.36623e-11	-0.120393
1.36637e-11	-0.120401
1.3665e-11	-0.120408
1.36664e-11	-0.120416
1.36677e-11	-0.120424
1.36691e-11	-0.120431
1.36704e-11	-0.120439
1.36718e-11	-0.120446
1.36731e-11	-0.120454
1.36745e-11	-0.120461
1.36758e-11	-0.120469
1.36772e-11	-0.120476
1.36785e-11	-0.120483
1.36799e-11	-0.120491
1.36812e-11	-0.120498
1.36826e-11	-0.120505
1.36839e-11	-0.120513
1.36853e-11	-0.12052
1.36866e-11	-0.120527
1.3688e-11	-0.120534
1.36894e-11	-0.120541
1.36907e-11	-0.120548
1.36921e-11	-0.120555
1.36934e-11	-0.120562
1.36948e-11	-0.120569
1.36961e-11	-0.120576
1.36975e-11	-0.120583
1.36988e-11	-0.12059
1.37002e-11	-0.120597
1.37015e-11	-0.120603
1.37029e-11	-0.12061
1.37042e-11	-0.120617
1.37056e-11	-0.120623
1.37069e-11	-0.12063
1.37083e-11	-0.120637
1.37096e-11	-0.120643
1.3711e-11	-0.12065
1.37123e-11	-0.120656
1.37137e-11	-0.120663
1.37151e-11	-0.120669
1.37164e-11	-0.120676
1.37178e-11	-0.120682
1.37191e-11	-0.120688
1.37205e-11	-0.120695
1.37218e-11	-0.120701
1.37232e-11	-0.120707
1.37245e-11	-0.120713
1.37259e-11	-0.120719
1.37272e-11	-0.120725
1.37286e-11	-0.120732
1.37299e-11	-0.120738
1.37313e-11	-0.120744
1.37326e-11	-0.12075
1.3734e-11	-0.120756
1.37353e-11	-0.120761
1.37367e-11	-0.120767
1.3738e-11	-0.120773
1.37394e-11	-0.120779
1.37408e-11	-0.120785
1.37421e-11	-0.12079
1.37435e-11	-0.120796
1.37448e-11	-0.120802
1.37462e-11	-0.120807
1.37475e-11	-0.120813
1.37489e-11	-0.120819
1.37502e-11	-0.120824
1.37516e-11	-0.12083
1.37529e-11	-0.120835
1.37543e-11	-0.12084
1.37556e-11	-0.120846
1.3757e-11	-0.120851
1.37583e-11	-0.120856
1.37597e-11	-0.120862
1.3761e-11	-0.120867
1.37624e-11	-0.120872
1.37637e-11	-0.120877
1.37651e-11	-0.120882
1.37665e-11	-0.120887
1.37678e-11	-0.120892
1.37692e-11	-0.120897
1.37705e-11	-0.120902
1.37719e-11	-0.120907
1.37732e-11	-0.120912
1.37746e-11	-0.120917
1.37759e-11	-0.120922
1.37773e-11	-0.120927
1.37786e-11	-0.120932
1.378e-11	-0.120936
1.37813e-11	-0.120941
1.37827e-11	-0.120946
1.3784e-11	-0.12095
1.37854e-11	-0.120955
1.37867e-11	-0.120959
1.37881e-11	-0.120964
1.37894e-11	-0.120968
1.37908e-11	-0.120973
1.37922e-11	-0.120977
1.37935e-11	-0.120982
1.37949e-11	-0.120986
1.37962e-11	-0.12099
1.37976e-11	-0.120994
1.37989e-11	-0.120999
1.38003e-11	-0.121003
1.38016e-11	-0.121007
1.3803e-11	-0.121011
1.38043e-11	-0.121015
1.38057e-11	-0.121019
1.3807e-11	-0.121023
1.38084e-11	-0.121027
1.38097e-11	-0.121031
1.38111e-11	-0.121035
1.38124e-11	-0.121039
1.38138e-11	-0.121043
1.38151e-11	-0.121046
1.38165e-11	-0.12105
1.38179e-11	-0.121054
1.38192e-11	-0.121058
1.38206e-11	-0.121061
1.38219e-11	-0.121065
1.38233e-11	-0.121068
1.38246e-11	-0.121072
1.3826e-11	-0.121075
1.38273e-11	-0.121079
1.38287e-11	-0.121082
1.383e-11	-0.121086
1.38314e-11	-0.121089
1.38327e-11	-0.121092
1.38341e-11	-0.121096
1.38354e-11	-0.121099
1.38368e-11	-0.121102
1.38381e-11	-0.121105
1.38395e-11	-0.121108
1.38408e-11	-0.121111
1.38422e-11	-0.121114
1.38436e-11	-0.121117
1.38449e-11	-0.12112
1.38463e-11	-0.121123
1.38476e-11	-0.121126
1.3849e-11	-0.121129
1.38503e-11	-0.121132
1.38517e-11	-0.121135
1.3853e-11	-0.121137
1.38544e-11	-0.12114
1.38557e-11	-0.121143
1.38571e-11	-0.121145
1.38584e-11	-0.121148
1.38598e-11	-0.12115
1.38611e-11	-0.121153
1.38625e-11	-0.121155
1.38638e-11	-0.121158
1.38652e-11	-0.12116
1.38665e-11	-0.121163
1.38679e-11	-0.121165
1.38693e-11	-0.121167
1.38706e-11	-0.121169
1.3872e-11	-0.121172
1.38733e-11	-0.121174
1.38747e-11	-0.121176
1.3876e-11	-0.121178
1.38774e-11	-0.12118
1.38787e-11	-0.121182
1.38801e-11	-0.121184
1.38814e-11	-0.121186
1.38828e-11	-0.121188
1.38841e-11	-0.12119
1.38855e-11	-0.121192
1.38868e-11	-0.121193
1.38882e-11	-0.121195
1.38895e-11	-0.121197
1.38909e-11	-0.121199
1.38922e-11	-0.1212
1.38936e-11	-0.121202
1.3895e-11	-0.121203
1.38963e-11	-0.121205
1.38977e-11	-0.121206
1.3899e-11	-0.121208
1.39004e-11	-0.121209
1.39017e-11	-0.121211
1.39031e-11	-0.121212
1.39044e-11	-0.121213
1.39058e-11	-0.121214
1.39071e-11	-0.121216
1.39085e-11	-0.121217
1.39098e-11	-0.121218
1.39112e-11	-0.121219
1.39125e-11	-0.12122
1.39139e-11	-0.121221
1.39152e-11	-0.121222
1.39166e-11	-0.121223
1.39179e-11	-0.121224
1.39193e-11	-0.121225
1.39207e-11	-0.121226
1.3922e-11	-0.121226
1.39234e-11	-0.121227
1.39247e-11	-0.121228
1.39261e-11	-0.121229
1.39274e-11	-0.121229
1.39288e-11	-0.12123
1.39301e-11	-0.12123
1.39315e-11	-0.121231
1.39328e-11	-0.121231
1.39342e-11	-0.121232
1.39355e-11	-0.121232
1.39369e-11	-0.121233
1.39382e-11	-0.121233
1.39396e-11	-0.121233
1.39409e-11	-0.121233
1.39423e-11	-0.121234
1.39437e-11	-0.121234
1.3945e-11	-0.121234
1.39464e-11	-0.121234
1.39477e-11	-0.121234
1.39491e-11	-0.121234
1.39504e-11	-0.121234
1.39518e-11	-0.121234
1.39531e-11	-0.121234
1.39545e-11	-0.121234
1.39558e-11	-0.121233
1.39572e-11	-0.121233
1.39585e-11	-0.121233
1.39599e-11	-0.121233
1.39612e-11	-0.121232
1.39626e-11	-0.121232
1.39639e-11	-0.121231
1.39653e-11	-0.121231
1.39666e-11	-0.12123
1.3968e-11	-0.12123
1.39694e-11	-0.121229
1.39707e-11	-0.121229
1.39721e-11	-0.121228
1.39734e-11	-0.121227
1.39748e-11	-0.121226
1.39761e-11	-0.121226
1.39775e-11	-0.121225
1.39788e-11	-0.121224
1.39802e-11	-0.121223
1.39815e-11	-0.121222
1.39829e-11	-0.121221
1.39842e-11	-0.12122
1.39856e-11	-0.121219
1.39869e-11	-0.121218
1.39883e-11	-0.121217
1.39896e-11	-0.121215
1.3991e-11	-0.121214
1.39923e-11	-0.121213
1.39937e-11	-0.121212
1.39951e-11	-0.12121
1.39964e-11	-0.121209
1.39978e-11	-0.121207
1.39991e-11	-0.121206
1.40005e-11	-0.121204
1.40018e-11	-0.121203
1.40032e-11	-0.121201
1.40045e-11	-0.1212
1.40059e-11	-0.121198
1.40072e-11	-0.121196
1.40086e-11	-0.121194
1.40099e-11	-0.121193
1.40113e-11	-0.121191
1.40126e-11	-0.121189
1.4014e-11	-0.121187
1.40153e-11	-0.121185
1.40167e-11	-0.121183
1.4018e-11	-0.121181
1.40194e-11	-0.121179
1.40208e-11	-0.121177
1.40221e-11	-0.121175
1.40235e-11	-0.121172
1.40248e-11	-0.12117
1.40262e-11	-0.121168
1.40275e-11	-0.121165
1.40289e-11	-0.121163
1.40302e-11	-0.121161
1.40316e-11	-0.121158
1.40329e-11	-0.121156
1.40343e-11	-0.121153
1.40356e-11	-0.121151
1.4037e-11	-0.121148
1.40383e-11	-0.121145
1.40397e-11	-0.121143
1.4041e-11	-0.12114
1.40424e-11	-0.121137
1.40437e-11	-0.121134
1.40451e-11	-0.121131
1.40465e-11	-0.121128
1.40478e-11	-0.121125
1.40492e-11	-0.121122
1.40505e-11	-0.121119
1.40519e-11	-0.121116
1.40532e-11	-0.121113
1.40546e-11	-0.12111
1.40559e-11	-0.121107
1.40573e-11	-0.121104
1.40586e-11	-0.1211
1.406e-11	-0.121097
1.40613e-11	-0.121094
1.40627e-11	-0.12109
1.4064e-11	-0.121087
1.40654e-11	-0.121083
1.40667e-11	-0.12108
1.40681e-11	-0.121076
1.40694e-11	-0.121072
1.40708e-11	-0.121069
1.40722e-11	-0.121065
1.40735e-11	-0.121061
1.40749e-11	-0.121058
1.40762e-11	-0.121054
1.40776e-11	-0.12105
1.40789e-11	-0.121046
1.40803e-11	-0.121042
1.40816e-11	-0.121038
1.4083e-11	-0.121034
1.40843e-11	-0.12103
1.40857e-11	-0.121026
1.4087e-11	-0.121022
1.40884e-11	-0.121017
1.40897e-11	-0.121013
1.40911e-11	-0.121009
1.40924e-11	-0.121004
1.40938e-11	-0.121
1.40951e-11	-0.120996
1.40965e-11	-0.120991
1.40979e-11	-0.120987
1.40992e-11	-0.120982
1.41006e-11	-0.120977
1.41019e-11	-0.120973
1.41033e-11	-0.120968
1.41046e-11	-0.120963
1.4106e-11	-0.120959
1.41073e-11	-0.120954
1.41087e-11	-0.120949
1.411e-11	-0.120944
1.41114e-11	-0.120939
1.41127e-11	-0.120934
1.41141e-11	-0.120929
1.41154e-11	-0.120924
1.41168e-11	-0.120919
1.41181e-11	-0.120914
1.41195e-11	-0.120909
1.41208e-11	-0.120903
1.41222e-11	-0.120898
1.41236e-11	-0.120893
1.41249e-11	-0.120887
1.41263e-11	-0.120882
1.41276e-11	-0.120876
1.4129e-11	-0.120871
1.41303e-11	-0.120865
1.41317e-11	-0.12086
1.4133e-11	-0.120854
1.41344e-11	-0.120849
1.41357e-11	-0.120843
1.41371e-11	-0.120837
1.41384e-11	-0.120831
1.41398e-11	-0.120825
1.41411e-11	-0.12082
1.41425e-11	-0.120814
1.41438e-11	-0.120808
1.41452e-11	-0.120802
1.41465e-11	-0.120796
1.41479e-11	-0.120789
1.41493e-11	-0.120783
1.41506e-11	-0.120777
1.4152e-11	-0.120771
1.41533e-11	-0.120765
1.41547e-11	-0.120758
1.4156e-11	-0.120752
1.41574e-11	-0.120745
1.41587e-11	-0.120739
1.41601e-11	-0.120732
1.41614e-11	-0.120726
1.41628e-11	-0.120719
1.41641e-11	-0.120713
1.41655e-11	-0.120706
1.41668e-11	-0.120699
1.41682e-11	-0.120693
1.41695e-11	-0.120686
1.41709e-11	-0.120679
1.41722e-11	-0.120672
1.41736e-11	-0.120665
1.4175e-11	-0.120658
1.41763e-11	-0.120651
1.41777e-11	-0.120644
1.4179e-11	-0.120637
1.41804e-11	-0.12063
1.41817e-11	-0.120622
1.41831e-11	-0.120615
1.41844e-11	-0.120608
1.41858e-11	-0.120601
1.41871e-11	-0.120593
1.41885e-11	-0.120586
1.41898e-11	-0.120578
1.41912e-11	-0.120571
1.41925e-11	-0.120563
1.41939e-11	-0.120556
1.41952e-11	-0.120548
1.41966e-11	-0.12054
1.41979e-11	-0.120533
1.41993e-11	-0.120525
1.42007e-11	-0.120517
1.4202e-11	-0.120509
1.42034e-11	-0.120501
1.42047e-11	-0.120493
1.42061e-11	-0.120485
1.42074e-11	-0.120477
1.42088e-11	-0.120469
1.42101e-11	-0.120461
1.42115e-11	-0.120453
1.42128e-11	-0.120444
1.42142e-11	-0.120436
1.42155e-11	-0.120428
1.42169e-11	-0.120419
1.42182e-11	-0.120411
1.42196e-11	-0.120403
1.42209e-11	-0.120394
1.42223e-11	-0.120386
1.42236e-11	-0.120377
1.4225e-11	-0.120368
1.42264e-11	-0.12036
1.42277e-11	-0.120351
1.42291e-11	-0.120342
1.42304e-11	-0.120333
1.42318e-11	-0.120324
1.42331e-11	-0.120316
1.42345e-11	-0.120307
1.42358e-11	-0.120298
1.42372e-11	-0.120289
1.42385e-11	-0.120279
1.42399e-11	-0.12027
1.42412e-11	-0.120261
1.42426e-11	-0.120252
1.42439e-11	-0.120243
1.42453e-11	-0.120233
1.42466e-11	-0.120224
1.4248e-11	-0.120215
1.42493e-11	-0.120205
1.42507e-11	-0.120196
1.42521e-11	-0.120186
1.42534e-11	-0.120176
1.42548e-11	-0.120167
1.42561e-11	-0.120157
1.42575e-11	-0.120147
1.42588e-11	-0.120138
1.42602e-11	-0.120128
1.42615e-11	-0.120118
1.42629e-11	-0.120108
1.42642e-11	-0.120098
1.42656e-11	-0.120088
1.42669e-11	-0.120078
1.42683e-11	-0.120068
1.42696e-11	-0.120058
1.4271e-11	-0.120048
1.42723e-11	-0.120037
1.42737e-11	-0.120027
1.4275e-11	-0.120017
1.42764e-11	-0.120006
1.42778e-11	-0.119996
1.42791e-11	-0.119985
1.42805e-11	-0.119975
1.42818e-11	-0.119964
1.42832e-11	-0.119954
1.42845e-11	-0.119943
1.42859e-11	-0.119932
1.42872e-11	-0.119922
1.42886e-11	-0.119911
1.42899e-11	-0.1199
1.42913e-11	-0.119889
1.42926e-11	-0.119878
1.4294e-11	-0.119867
1.42953e-11	-0.119856
1.42967e-11	-0.119845
1.4298e-11	-0.119834
1.42994e-11	-0.119823
1.43007e-11	-0.119812
1.43021e-11	-0.1198
1.43035e-11	-0.119789
1.43048e-11	-0.119778
1.43062e-11	-0.119766
1.43075e-11	-0.119755
1.43089e-11	-0.119743
1.43102e-11	-0.119732
1.43116e-11	-0.11972
1.43129e-11	-0.119709
1.43143e-11	-0.119697
1.43156e-11	-0.119685
1.4317e-11	-0.119673
1.43183e-11	-0.119662
1.43197e-11	-0.11965
1.4321e-11	-0.119638
1.43224e-11	-0.119626
1.43237e-11	-0.119614
1.43251e-11	-0.119602
1.43264e-11	-0.11959
1.43278e-11	-0.119578
1.43292e-11	-0.119565
1.43305e-11	-0.119553
1.43319e-11	-0.119541
1.43332e-11	-0.119528
1.43346e-11	-0.119516
1.43359e-11	-0.119504
1.43373e-11	-0.119491
1.43386e-11	-0.119479
1.434e-11	-0.119466
1.43413e-11	-0.119453
1.43427e-11	-0.119441
1.4344e-11	-0.119428
1.43454e-11	-0.119415
1.43467e-11	-0.119402
1.43481e-11	-0.11939
1.43494e-11	-0.119377
1.43508e-11	-0.119364
1.43521e-11	-0.119351
1.43535e-11	-0.119338
1.43549e-11	-0.119325
1.43562e-11	-0.119311
1.43576e-11	-0.119298
1.43589e-11	-0.119285
1.43603e-11	-0.119272
1.43616e-11	-0.119258
1.4363e-11	-0.119245
1.43643e-11	-0.119231
1.43657e-11	-0.119218
1.4367e-11	-0.119204
1.43684e-11	-0.119191
1.43697e-11	-0.119177
1.43711e-11	-0.119164
1.43724e-11	-0.11915
1.43738e-11	-0.119136
1.43751e-11	-0.119122
1.43765e-11	-0.119108
1.43778e-11	-0.119094
1.43792e-11	-0.11908
1.43806e-11	-0.119066
1.43819e-11	-0.119052
1.43833e-11	-0.119038
1.43846e-11	-0.119024
1.4386e-11	-0.11901
1.43873e-11	-0.118996
1.43887e-11	-0.118981
1.439e-11	-0.118967
1.43914e-11	-0.118953
1.43927e-11	-0.118938
1.43941e-11	-0.118924
1.43954e-11	-0.118909
1.43968e-11	-0.118894
1.43981e-11	-0.11888
1.43995e-11	-0.118865
1.44008e-11	-0.11885
1.44022e-11	-0.118836
1.44035e-11	-0.118821
1.44049e-11	-0.118806
1.44063e-11	-0.118791
1.44076e-11	-0.118776
1.4409e-11	-0.118761
1.44103e-11	-0.118746
1.44117e-11	-0.118731
1.4413e-11	-0.118715
1.44144e-11	-0.1187
1.44157e-11	-0.118685
1.44171e-11	-0.11867
1.44184e-11	-0.118654
1.44198e-11	-0.118639
1.44211e-11	-0.118623
1.44225e-11	-0.118608
1.44238e-11	-0.118592
1.44252e-11	-0.118577
1.44265e-11	-0.118561
1.44279e-11	-0.118545
1.44292e-11	-0.118529
1.44306e-11	-0.118514
1.4432e-11	-0.118498
1.44333e-11	-0.118482
1.44347e-11	-0.118466
1.4436e-11	-0.11845
1.44374e-11	-0.118434
1.44387e-11	-0.118418
1.44401e-11	-0.118401
1.44414e-11	-0.118385
1.44428e-11	-0.118369
1.44441e-11	-0.118353
1.44455e-11	-0.118336
1.44468e-11	-0.11832
1.44482e-11	-0.118303
1.44495e-11	-0.118287
1.44509e-11	-0.11827
1.44522e-11	-0.118254
1.44536e-11	-0.118237
1.44549e-11	-0.11822
1.44563e-11	-0.118203
1.44577e-11	-0.118187
1.4459e-11	-0.11817
1.44604e-11	-0.118153
1.44617e-11	-0.118136
1.44631e-11	-0.118119
1.44644e-11	-0.118102
1.44658e-11	-0.118085
1.44671e-11	-0.118068
1.44685e-11	-0.11805
1.44698e-11	-0.118033
1.44712e-11	-0.118016
1.44725e-11	-0.117998
1.44739e-11	-0.117981
1.44752e-11	-0.117963
1.44766e-11	-0.117946
1.44779e-11	-0.117928
1.44793e-11	-0.117911
1.44806e-11	-0.117893
1.4482e-11	-0.117875
1.44834e-11	-0.117858
1.44847e-11	-0.11784
1.44861e-11	-0.117822
1.44874e-11	-0.117804
1.44888e-11	-0.117786
1.44901e-11	-0.117768
1.44915e-11	-0.11775
1.44928e-11	-0.117732
1.44942e-11	-0.117714
1.44955e-11	-0.117695
1.44969e-11	-0.117677
1.44982e-11	-0.117659
1.44996e-11	-0.11764
1.45009e-11	-0.117622
1.45023e-11	-0.117603
1.45036e-11	-0.117585
1.4505e-11	-0.117566
1.45063e-11	-0.117548
1.45077e-11	-0.117529
1.45091e-11	-0.11751
1.45104e-11	-0.117491
1.45118e-11	-0.117473
1.45131e-11	-0.117454
1.45145e-11	-0.117435
1.45158e-11	-0.117416
1.45172e-11	-0.117397
1.45185e-11	-0.117378
1.45199e-11	-0.117359
1.45212e-11	-0.117339
1.45226e-11	-0.11732
1.45239e-11	-0.117301
1.45253e-11	-0.117281
1.45266e-11	-0.117262
1.4528e-11	-0.117243
1.45293e-11	-0.117223
1.45307e-11	-0.117203
1.4532e-11	-0.117184
1.45334e-11	-0.117164
1.45348e-11	-0.117145
1.45361e-11	-0.117125
1.45375e-11	-0.117105
1.45388e-11	-0.117085
1.45402e-11	-0.117065
1.45415e-11	-0.117045
1.45429e-11	-0.117025
1.45442e-11	-0.117005
1.45456e-11	-0.116985
1.45469e-11	-0.116965
1.45483e-11	-0.116945
1.45496e-11	-0.116924
1.4551e-11	-0.116904
1.45523e-11	-0.116884
1.45537e-11	-0.116863
1.4555e-11	-0.116843
1.45564e-11	-0.116822
1.45577e-11	-0.116802
1.45591e-11	-0.116781
1.45605e-11	-0.11676
1.45618e-11	-0.116739
1.45632e-11	-0.116719
1.45645e-11	-0.116698
1.45659e-11	-0.116677
1.45672e-11	-0.116656
1.45686e-11	-0.116635
1.45699e-11	-0.116614
1.45713e-11	-0.116593
1.45726e-11	-0.116572
1.4574e-11	-0.11655
1.45753e-11	-0.116529
1.45767e-11	-0.116508
1.4578e-11	-0.116486
1.45794e-11	-0.116465
1.45807e-11	-0.116444
1.45821e-11	-0.116422
1.45834e-11	-0.1164
1.45848e-11	-0.116379
1.45862e-11	-0.116357
1.45875e-11	-0.116335
1.45889e-11	-0.116314
1.45902e-11	-0.116292
1.45916e-11	-0.11627
1.45929e-11	-0.116248
1.45943e-11	-0.116226
1.45956e-11	-0.116204
1.4597e-11	-0.116182
1.45983e-11	-0.11616
1.45997e-11	-0.116137
1.4601e-11	-0.116115
1.46024e-11	-0.116093
1.46037e-11	-0.11607
1.46051e-11	-0.116048
1.46064e-11	-0.116025
1.46078e-11	-0.116003
1.46091e-11	-0.11598
1.46105e-11	-0.115958
1.46119e-11	-0.115935
1.46132e-11	-0.115912
1.46146e-11	-0.115889
1.46159e-11	-0.115867
1.46173e-11	-0.115844
1.46186e-11	-0.115821
1.462e-11	-0.115798
1.46213e-11	-0.115775
1.46227e-11	-0.115752
1.4624e-11	-0.115728
1.46254e-11	-0.115705
1.46267e-11	-0.115682
1.46281e-11	-0.115659
1.46294e-11	-0.115635
1.46308e-11	-0.115612
1.46321e-11	-0.115588
1.46335e-11	-0.115565
1.46348e-11	-0.115541
1.46362e-11	-0.115517
1.46376e-11	-0.115494
1.46389e-11	-0.11547
1.46403e-11	-0.115446
1.46416e-11	-0.115422
1.4643e-11	-0.115398
1.46443e-11	-0.115374
1.46457e-11	-0.11535
1.4647e-11	-0.115326
1.46484e-11	-0.115302
1.46497e-11	-0.115278
1.46511e-11	-0.115254
1.46524e-11	-0.115229
1.46538e-11	-0.115205
1.46551e-11	-0.115181
1.46565e-11	-0.115156
1.46578e-11	-0.115132
1.46592e-11	-0.115107
1.46605e-11	-0.115083
1.46619e-11	-0.115058
1.46633e-11	-0.115033
1.46646e-11	-0.115008
1.4666e-11	-0.114983
1.46673e-11	-0.114959
1.46687e-11	-0.114934
1.467e-11	-0.114909
1.46714e-11	-0.114884
1.46727e-11	-0.114859
1.46741e-11	-0.114833
1.46754e-11	-0.114808
1.46768e-11	-0.114783
1.46781e-11	-0.114758
1.46795e-11	-0.114732
1.46808e-11	-0.114707
1.46822e-11	-0.114681
1.46835e-11	-0.114656
1.46849e-11	-0.11463
1.46862e-11	-0.114604
1.46876e-11	-0.114579
1.4689e-11	-0.114553
1.46903e-11	-0.114527
1.46917e-11	-0.114501
1.4693e-11	-0.114475
1.46944e-11	-0.114449
1.46957e-11	-0.114423
1.46971e-11	-0.114397
1.46984e-11	-0.114371
1.46998e-11	-0.114345
1.47011e-11	-0.114319
1.47025e-11	-0.114292
1.47038e-11	-0.114266
1.47052e-11	-0.11424
1.47065e-11	-0.114213
1.47079e-11	-0.114187
1.47092e-11	-0.11416
1.47106e-11	-0.114133
1.47119e-11	-0.114107
1.47133e-11	-0.11408
1.47147e-11	-0.114053
1.4716e-11	-0.114026
1.47174e-11	-0.113999
1.47187e-11	-0.113972
1.47201e-11	-0.113945
1.47214e-11	-0.113918
1.47228e-11	-0.113891
1.47241e-11	-0.113864
1.47255e-11	-0.113837
1.47268e-11	-0.113809
1.47282e-11	-0.113782
1.47295e-11	-0.113755
1.47309e-11	-0.113727
1.47322e-11	-0.1137
1.47336e-11	-0.113672
1.47349e-11	-0.113644
1.47363e-11	-0.113617
1.47376e-11	-0.113589
1.4739e-11	-0.113561
1.47404e-11	-0.113533
1.47417e-11	-0.113505
1.47431e-11	-0.113477
1.47444e-11	-0.113449
1.47458e-11	-0.113421
1.47471e-11	-0.113393
1.47485e-11	-0.113365
1.47498e-11	-0.113337
1.47512e-11	-0.113309
1.47525e-11	-0.11328
1.47539e-11	-0.113252
1.47552e-11	-0.113223
1.47566e-11	-0.113195
1.47579e-11	-0.113166
1.47593e-11	-0.113138
1.47606e-11	-0.113109
1.4762e-11	-0.11308
1.47633e-11	-0.113051
1.47647e-11	-0.113022
1.47661e-11	-0.112994
1.47674e-11	-0.112965
1.47688e-11	-0.112936
1.47701e-11	-0.112906
1.47715e-11	-0.112877
1.47728e-11	-0.112848
1.47742e-11	-0.112819
1.47755e-11	-0.11279
1.47769e-11	-0.11276
1.47782e-11	-0.112731
1.47796e-11	-0.112701
1.47809e-11	-0.112672
1.47823e-11	-0.112642
1.47836e-11	-0.112612
1.4785e-11	-0.112583
1.47863e-11	-0.112553
1.47877e-11	-0.112523
1.4789e-11	-0.112493
1.47904e-11	-0.112463
1.47918e-11	-0.112433
1.47931e-11	-0.112403
1.47945e-11	-0.112373
1.47958e-11	-0.112343
1.47972e-11	-0.112313
1.47985e-11	-0.112283
1.47999e-11	-0.112252
1.48012e-11	-0.112222
1.48026e-11	-0.112191
1.48039e-11	-0.112161
1.48053e-11	-0.11213
1.48066e-11	-0.1121
1.4808e-11	-0.112069
1.48093e-11	-0.112038
1.48107e-11	-0.112008
1.4812e-11	-0.111977
1.48134e-11	-0.111946
1.48147e-11	-0.111915
1.48161e-11	-0.111884
1.48175e-11	-0.111853
1.48188e-11	-0.111822
1.48202e-11	-0.111791
1.48215e-11	-0.111759
1.48229e-11	-0.111728
1.48242e-11	-0.111697
1.48256e-11	-0.111665
1.48269e-11	-0.111634
1.48283e-11	-0.111602
1.48296e-11	-0.111571
1.4831e-11	-0.111539
1.48323e-11	-0.111507
1.48337e-11	-0.111476
1.4835e-11	-0.111444
1.48364e-11	-0.111412
1.48377e-11	-0.11138
1.48391e-11	-0.111348
1.48404e-11	-0.111316
1.48418e-11	-0.111284
1.48432e-11	-0.111252
1.48445e-11	-0.111219
1.48459e-11	-0.111187
1.48472e-11	-0.111155
1.48486e-11	-0.111122
1.48499e-11	-0.11109
1.48513e-11	-0.111057
1.48526e-11	-0.111025
1.4854e-11	-0.110992
1.48553e-11	-0.11096
1.48567e-11	-0.110927
1.4858e-11	-0.110894
1.48594e-11	-0.110861
1.48607e-11	-0.110828
1.48621e-11	-0.110795
1.48634e-11	-0.110762
1.48648e-11	-0.110729
1.48661e-11	-0.110696
1.48675e-11	-0.110663
1.48689e-11	-0.11063
1.48702e-11	-0.110596
1.48716e-11	-0.110563
1.48729e-11	-0.110529
1.48743e-11	-0.110496
1.48756e-11	-0.110462
1.4877e-11	-0.110429
1.48783e-11	-0.110395
1.48797e-11	-0.110361
1.4881e-11	-0.110328
1.48824e-11	-0.110294
1.48837e-11	-0.11026
1.48851e-11	-0.110226
1.48864e-11	-0.110192
1.48878e-11	-0.110158
1.48891e-11	-0.110124
1.48905e-11	-0.110089
1.48918e-11	-0.110055
1.48932e-11	-0.110021
1.48946e-11	-0.109987
1.48959e-11	-0.109952
1.48973e-11	-0.109918
1.48986e-11	-0.109883
1.49e-11	-0.109848
1.49013e-11	-0.109814
1.49027e-11	-0.109779
1.4904e-11	-0.109744
1.49054e-11	-0.109709
1.49067e-11	-0.109675
1.49081e-11	-0.10964
1.49094e-11	-0.109605
1.49108e-11	-0.10957
1.49121e-11	-0.109534
1.49135e-11	-0.109499
1.49148e-11	-0.109464
1.49162e-11	-0.109429
1.49175e-11	-0.109393
1.49189e-11	-0.109358
1.49203e-11	-0.109322
1.49216e-11	-0.109287
1.4923e-11	-0.109251
1.49243e-11	-0.109216
1.49257e-11	-0.10918
1.4927e-11	-0.109144
1.49284e-11	-0.109108
1.49297e-11	-0.109072
1.49311e-11	-0.109036
1.49324e-11	-0.109
1.49338e-11	-0.108964
1.49351e-11	-0.108928
1.49365e-11	-0.108892
1.49378e-11	-0.108856
1.49392e-11	-0.108819
1.49405e-11	-0.108783
1.49419e-11	-0.108746
1.49432e-11	-0.10871
1.49446e-11	-0.108673
1.4946e-11	-0.108637
1.49473e-11	-0.1086
1.49487e-11	-0.108563
1.495e-11	-0.108527
1.49514e-11	-0.10849
1.49527e-11	-0.108453
1.49541e-11	-0.108416
1.49554e-11	-0.108379
1.49568e-11	-0.108342
1.49581e-11	-0.108305
1.49595e-11	-0.108267
1.49608e-11	-0.10823
1.49622e-11	-0.108193
1.49635e-11	-0.108155
1.49649e-11	-0.108118
1.49662e-11	-0.10808
1.49676e-11	-0.108043
1.49689e-11	-0.108005
1.49703e-11	-0.107967
1.49717e-11	-0.10793
1.4973e-11	-0.107892
1.49744e-11	-0.107854
1.49757e-11	-0.107816
1.49771e-11	-0.107778
1.49784e-11	-0.10774
1.49798e-11	-0.107702
1.49811e-11	-0.107664
1.49825e-11	-0.107626
1.49838e-11	-0.107587
1.49852e-11	-0.107549
1.49865e-11	-0.10751
1.49879e-11	-0.107472
1.49892e-11	-0.107433
1.49906e-11	-0.107395
1.49919e-11	-0.107356
1.49933e-11	-0.107317
1.49946e-11	-0.107279
1.4996e-11	-0.10724
1.49974e-11	-0.107201
1.49987e-11	-0.107162
1.50001e-11	-0.107123
1.50014e-11	-0.107084
1.50028e-11	-0.107045
1.50041e-11	-0.107006
1.50055e-11	-0.106966
1.50068e-11	-0.106927
1.50082e-11	-0.106888
1.50095e-11	-0.106848
1.50109e-11	-0.106809
1.50122e-11	-0.106769
1.50136e-11	-0.106729
1.50149e-11	-0.10669
1.50163e-11	-0.10665
1.50176e-11	-0.10661
1.5019e-11	-0.10657
1.50203e-11	-0.10653
1.50217e-11	-0.10649
1.50231e-11	-0.10645
1.50244e-11	-0.10641
1.50258e-11	-0.10637
1.50271e-11	-0.10633
1.50285e-11	-0.106289
1.50298e-11	-0.106249
1.50312e-11	-0.106209
1.50325e-11	-0.106168
1.50339e-11	-0.106128
1.50352e-11	-0.106087
1.50366e-11	-0.106046
1.50379e-11	-0.106006
1.50393e-11	-0.105965
1.50406e-11	-0.105924
1.5042e-11	-0.105883
1.50433e-11	-0.105842
1.50447e-11	-0.105801
1.5046e-11	-0.10576
1.50474e-11	-0.105719
1.50488e-11	-0.105678
1.50501e-11	-0.105636
1.50515e-11	-0.105595
1.50528e-11	-0.105553
1.50542e-11	-0.105512
1.50555e-11	-0.10547
1.50569e-11	-0.105429
1.50582e-11	-0.105387
1.50596e-11	-0.105346
1.50609e-11	-0.105304
1.50623e-11	-0.105262
1.50636e-11	-0.10522
1.5065e-11	-0.105178
1.50663e-11	-0.105136
1.50677e-11	-0.105094
1.5069e-11	-0.105052
1.50704e-11	-0.10501
1.50717e-11	-0.104967
1.50731e-11	-0.104925
1.50745e-11	-0.104883
1.50758e-11	-0.10484
1.50772e-11	-0.104798
1.50785e-11	-0.104755
1.50799e-11	-0.104712
1.50812e-11	-0.10467
1.50826e-11	-0.104627
1.50839e-11	-0.104584
1.50853e-11	-0.104541
1.50866e-11	-0.104498
1.5088e-11	-0.104455
1.50893e-11	-0.104412
1.50907e-11	-0.104369
1.5092e-11	-0.104326
1.50934e-11	-0.104282
1.50947e-11	-0.104239
1.50961e-11	-0.104196
1.50974e-11	-0.104152
1.50988e-11	-0.104109
1.51002e-11	-0.104065
1.51015e-11	-0.104022
1.51029e-11	-0.103978
1.51042e-11	-0.103934
1.51056e-11	-0.10389
1.51069e-11	-0.103846
1.51083e-11	-0.103802
1.51096e-11	-0.103758
1.5111e-11	-0.103714
1.51123e-11	-0.10367
1.51137e-11	-0.103626
1.5115e-11	-0.103582
1.51164e-11	-0.103537
1.51177e-11	-0.103493
1.51191e-11	-0.103448
1.51204e-11	-0.103404
1.51218e-11	-0.103359
1.51231e-11	-0.103315
1.51245e-11	-0.10327
1.51259e-11	-0.103225
1.51272e-11	-0.10318
1.51286e-11	-0.103136
1.51299e-11	-0.103091
1.51313e-11	-0.103046
1.51326e-11	-0.103
1.5134e-11	-0.102955
1.51353e-11	-0.10291
1.51367e-11	-0.102865
1.5138e-11	-0.102819
1.51394e-11	-0.102774
1.51407e-11	-0.102729
1.51421e-11	-0.102683
1.51434e-11	-0.102637
1.51448e-11	-0.102592
1.51461e-11	-0.102546
1.51475e-11	-0.1025
1.51488e-11	-0.102454
1.51502e-11	-0.102409
1.51516e-11	-0.102363
1.51529e-11	-0.102317
1.51543e-11	-0.10227
1.51556e-11	-0.102224
1.5157e-11	-0.102178
1.51583e-11	-0.102132
1.51597e-11	-0.102085
1.5161e-11	-0.102039
1.51624e-11	-0.101993
1.51637e-11	-0.101946
1.51651e-11	-0.101899
1.51664e-11	-0.101853
1.51678e-11	-0.101806
1.51691e-11	-0.101759
1.51705e-11	-0.101712
1.51718e-11	-0.101665
1.51732e-11	-0.101618
1.51745e-11	-0.101571
1.51759e-11	-0.101524
1.51773e-11	-0.101477
1.51786e-11	-0.10143
1.518e-11	-0.101382
1.51813e-11	-0.101335
1.51827e-11	-0.101288
1.5184e-11	-0.10124
1.51854e-11	-0.101193
1.51867e-11	-0.101145
1.51881e-11	-0.101097
1.51894e-11	-0.101049
1.51908e-11	-0.101002
1.51921e-11	-0.100954
1.51935e-11	-0.100906
1.51948e-11	-0.100858
1.51962e-11	-0.10081
1.51975e-11	-0.100762
1.51989e-11	-0.100713
1.52002e-11	-0.100665
1.52016e-11	-0.100617
1.5203e-11	-0.100568
1.52043e-11	-0.10052
1.52057e-11	-0.100471
1.5207e-11	-0.100423
1.52084e-11	-0.100374
1.52097e-11	-0.100325
1.52111e-11	-0.100277
1.52124e-11	-0.100228
1.52138e-11	-0.100179
1.52151e-11	-0.10013
1.52165e-11	-0.100081
1.52178e-11	-0.100032
1.52192e-11	-0.0999825
1.52205e-11	-0.0999332
1.52219e-11	-0.0998839
1.52232e-11	-0.0998346
1.52246e-11	-0.0997851
1.52259e-11	-0.0997356
1.52273e-11	-0.099686
1.52287e-11	-0.0996364
1.523e-11	-0.0995867
1.52314e-11	-0.099537
1.52327e-11	-0.0994871
1.52341e-11	-0.0994373
1.52354e-11	-0.0993873
1.52368e-11	-0.0993373
1.52381e-11	-0.0992872
1.52395e-11	-0.099237
1.52408e-11	-0.0991868
1.52422e-11	-0.0991366
1.52435e-11	-0.0990862
1.52449e-11	-0.0990358
1.52462e-11	-0.0989853
1.52476e-11	-0.0989348
1.52489e-11	-0.0988842
1.52503e-11	-0.0988335
1.52516e-11	-0.0987828
1.5253e-11	-0.098732
1.52544e-11	-0.0986811
1.52557e-11	-0.0986302
1.52571e-11	-0.0985792
1.52584e-11	-0.0985281
1.52598e-11	-0.098477
1.52611e-11	-0.0984258
1.52625e-11	-0.0983745
1.52638e-11	-0.0983232
1.52652e-11	-0.0982718
1.52665e-11	-0.0982204
1.52679e-11	-0.0981688
1.52692e-11	-0.0981173
1.52706e-11	-0.0980656
1.52719e-11	-0.0980139
1.52733e-11	-0.0979621
1.52746e-11	-0.0979103
1.5276e-11	-0.0978583
1.52773e-11	-0.0978064
1.52787e-11	-0.0977543
1.52801e-11	-0.0977022
1.52814e-11	-0.09765
1.52828e-11	-0.0975978
1.52841e-11	-0.0975455
1.52855e-11	-0.0974931
1.52868e-11	-0.0974407
1.52882e-11	-0.0973882
1.52895e-11	-0.0973356
1.52909e-11	-0.097283
1.52922e-11	-0.0972303
1.52936e-11	-0.0971775
1.52949e-11	-0.0971247
1.52963e-11	-0.0970718
1.52976e-11	-0.0970188
1.5299e-11	-0.0969658
1.53003e-11	-0.0969127
1.53017e-11	-0.0968595
1.5303e-11	-0.0968063
1.53044e-11	-0.096753
1.53058e-11	-0.0966996
1.53071e-11	-0.0966462
1.53085e-11	-0.0965927
1.53098e-11	-0.0965391
1.53112e-11	-0.0964855
1.53125e-11	-0.0964318
1.53139e-11	-0.096378
1.53152e-11	-0.0963242
1.53166e-11	-0.0962703
1.53179e-11	-0.0962163
1.53193e-11	-0.0961623
1.53206e-11	-0.0961082
1.5322e-11	-0.0960541
1.53233e-11	-0.0959998
1.53247e-11	-0.0959455
1.5326e-11	-0.0958912
1.53274e-11	-0.0958368
1.53287e-11	-0.0957823
1.53301e-11	-0.0957277
1.53315e-11	-0.0956731
1.53328e-11	-0.0956184
1.53342e-11	-0.0955636
1.53355e-11	-0.0955088
1.53369e-11	-0.0954539
1.53382e-11	-0.095399
1.53396e-11	-0.0953439
1.53409e-11	-0.0952888
1.53423e-11	-0.0952337
1.53436e-11	-0.0951785
1.5345e-11	-0.0951232
1.53463e-11	-0.0950678
1.53477e-11	-0.0950124
1.5349e-11	-0.0949569
1.53504e-11	-0.0949013
1.53517e-11	-0.0948457
1.53531e-11	-0.09479
1.53544e-11	-0.0947342
1.53558e-11	-0.0946784
1.53572e-11	-0.0946225
1.53585e-11	-0.0945666
1.53599e-11	-0.0945105
1.53612e-11	-0.0944544
1.53626e-11	-0.0943983
1.53639e-11	-0.094342
1.53653e-11	-0.0942857
1.53666e-11	-0.0942294
1.5368e-11	-0.0941729
1.53693e-11	-0.0941164
1.53707e-11	-0.0940599
1.5372e-11	-0.0940032
1.53734e-11	-0.0939465
1.53747e-11	-0.0938898
1.53761e-11	-0.0938329
1.53774e-11	-0.093776
1.53788e-11	-0.0937191
1.53801e-11	-0.093662
1.53815e-11	-0.0936049
1.53829e-11	-0.0935477
1.53842e-11	-0.0934905
1.53856e-11	-0.0934332
1.53869e-11	-0.0933758
1.53883e-11	-0.0933184
1.53896e-11	-0.0932609
1.5391e-11	-0.0932033
1.53923e-11	-0.0931456
1.53937e-11	-0.0930879
1.5395e-11	-0.0930301
1.53964e-11	-0.0929723
1.53977e-11	-0.0929144
1.53991e-11	-0.0928564
1.54004e-11	-0.0927983
1.54018e-11	-0.0927402
1.54031e-11	-0.092682
1.54045e-11	-0.0926238
1.54058e-11	-0.0925655
1.54072e-11	-0.0925071
1.54086e-11	-0.0924486
1.54099e-11	-0.0923901
1.54113e-11	-0.0923315
1.54126e-11	-0.0922728
1.5414e-11	-0.0922141
1.54153e-11	-0.0921553
1.54167e-11	-0.0920964
1.5418e-11	-0.0920375
1.54194e-11	-0.0919785
1.54207e-11	-0.0919194
1.54221e-11	-0.0918603
1.54234e-11	-0.0918011
1.54248e-11	-0.0917418
1.54261e-11	-0.0916824
1.54275e-11	-0.091623
1.54288e-11	-0.0915636
1.54302e-11	-0.091504
1.54315e-11	-0.0914444
1.54329e-11	-0.0913847
1.54343e-11	-0.091325
1.54356e-11	-0.0912651
1.5437e-11	-0.0912052
1.54383e-11	-0.0911453
1.54397e-11	-0.0910853
1.5441e-11	-0.0910252
1.54424e-11	-0.090965
1.54437e-11	-0.0909048
1.54451e-11	-0.0908445
1.54464e-11	-0.0907841
1.54478e-11	-0.0907237
1.54491e-11	-0.0906632
1.54505e-11	-0.0906026
1.54518e-11	-0.0905419
1.54532e-11	-0.0904812
1.54545e-11	-0.0904204
1.54559e-11	-0.0903596
1.54572e-11	-0.0902987
1.54586e-11	-0.0902377
1.546e-11	-0.0901766
1.54613e-11	-0.0901155
1.54627e-11	-0.0900543
1.5464e-11	-0.0899931
1.54654e-11	-0.0899317
1.54667e-11	-0.0898703
1.54681e-11	-0.0898089
1.54694e-11	-0.0897473
1.54708e-11	-0.0896857
1.54721e-11	-0.089624
1.54735e-11	-0.0895623
1.54748e-11	-0.0895005
1.54762e-11	-0.0894386
1.54775e-11	-0.0893767
1.54789e-11	-0.0893146
1.54802e-11	-0.0892525
1.54816e-11	-0.0891904
1.5483e-11	-0.0891282
1.54843e-11	-0.0890659
1.54857e-11	-0.0890035
1.5487e-11	-0.0889411
1.54884e-11	-0.0888786
1.54897e-11	-0.088816
1.54911e-11	-0.0887533
1.54924e-11	-0.0886906
1.54938e-11	-0.0886278
1.54951e-11	-0.088565
1.54965e-11	-0.0885021
1.54978e-11	-0.0884391
1.54992e-11	-0.088376
1.55005e-11	-0.0883129
1.55019e-11	-0.0882497
1.55032e-11	-0.0881864
1.55046e-11	-0.0881231
1.55059e-11	-0.0880597
1.55073e-11	-0.0879962
1.55087e-11	-0.0879327
1.551e-11	-0.0878691
1.55114e-11	-0.0878054
1.55127e-11	-0.0877416
1.55141e-11	-0.0876778
1.55154e-11	-0.0876139
1.55168e-11	-0.08755
1.55181e-11	-0.0874859
1.55195e-11	-0.0874218
1.55208e-11	-0.0873577
1.55222e-11	-0.0872934
1.55235e-11	-0.0872291
1.55249e-11	-0.0871647
1.55262e-11	-0.0871003
1.55276e-11	-0.0870358
1.55289e-11	-0.0869712
1.55303e-11	-0.0869065
1.55316e-11	-0.0868418
1.5533e-11	-0.086777
1.55344e-11	-0.0867121
1.55357e-11	-0.0866472
1.55371e-11	-0.0865822
1.55384e-11	-0.0865171
1.55398e-11	-0.0864519
1.55411e-11	-0.0863867
1.55425e-11	-0.0863214
1.55438e-11	-0.0862561
1.55452e-11	-0.0861906
1.55465e-11	-0.0861251
1.55479e-11	-0.0860596
1.55492e-11	-0.0859939
1.55506e-11	-0.0859282
1.55519e-11	-0.0858624
1.55533e-11	-0.0857966
1.55546e-11	-0.0857307
1.5556e-11	-0.0856647
1.55573e-11	-0.0855986
1.55587e-11	-0.0855325
1.55601e-11	-0.0854663
1.55614e-11	-0.0854
1.55628e-11	-0.0853337
1.55641e-11	-0.0852673
1.55655e-11	-0.0852008
1.55668e-11	-0.0851342
1.55682e-11	-0.0850676
1.55695e-11	-0.0850009
1.55709e-11	-0.0849342
1.55722e-11	-0.0848673
1.55736e-11	-0.0848004
1.55749e-11	-0.0847334
1.55763e-11	-0.0846664
1.55776e-11	-0.0845993
1.5579e-11	-0.0845321
1.55803e-11	-0.0844648
1.55817e-11	-0.0843975
1.5583e-11	-0.0843301
1.55844e-11	-0.0842626
1.55858e-11	-0.0841951
1.55871e-11	-0.0841275
1.55885e-11	-0.0840598
1.55898e-11	-0.083992
1.55912e-11	-0.0839242
1.55925e-11	-0.0838563
1.55939e-11	-0.0837884
1.55952e-11	-0.0837203
1.55966e-11	-0.0836522
1.55979e-11	-0.083584
1.55993e-11	-0.0835158
1.56006e-11	-0.0834475
1.5602e-11	-0.0833791
1.56033e-11	-0.0833106
1.56047e-11	-0.0832421
1.5606e-11	-0.0831735
1.56074e-11	-0.0831048
1.56087e-11	-0.0830361
1.56101e-11	-0.0829672
1.56115e-11	-0.0828984
1.56128e-11	-0.0828294
1.56142e-11	-0.0827604
1.56155e-11	-0.0826913
1.56169e-11	-0.0826221
1.56182e-11	-0.0825528
1.56196e-11	-0.0824835
1.56209e-11	-0.0824141
1.56223e-11	-0.0823447
1.56236e-11	-0.0822752
1.5625e-11	-0.0822056
1.56263e-11	-0.0821359
1.56277e-11	-0.0820661
1.5629e-11	-0.0819963
1.56304e-11	-0.0819265
1.56317e-11	-0.0818565
1.56331e-11	-0.0817865
1.56344e-11	-0.0817164
1.56358e-11	-0.0816462
1.56372e-11	-0.081576
1.56385e-11	-0.0815056
1.56399e-11	-0.0814352
1.56412e-11	-0.0813648
1.56426e-11	-0.0812943
1.56439e-11	-0.0812237
1.56453e-11	-0.081153
1.56466e-11	-0.0810823
1.5648e-11	-0.0810114
1.56493e-11	-0.0809406
1.56507e-11	-0.0808696
1.5652e-11	-0.0807986
1.56534e-11	-0.0807275
1.56547e-11	-0.0806563
1.56561e-11	-0.080585
1.56574e-11	-0.0805137
1.56588e-11	-0.0804423
1.56601e-11	-0.0803709
1.56615e-11	-0.0802993
1.56629e-11	-0.0802277
1.56642e-11	-0.0801561
1.56656e-11	-0.0800843
1.56669e-11	-0.0800125
1.56683e-11	-0.0799406
1.56696e-11	-0.0798686
1.5671e-11	-0.0797966
1.56723e-11	-0.0797245
1.56737e-11	-0.0796523
1.5675e-11	-0.0795801
1.56764e-11	-0.0795077
1.56777e-11	-0.0794354
1.56791e-11	-0.0793629
1.56804e-11	-0.0792903
1.56818e-11	-0.0792177
1.56831e-11	-0.0791451
1.56845e-11	-0.0790723
1.56858e-11	-0.0789995
1.56872e-11	-0.0789266
1.56886e-11	-0.0788536
1.56899e-11	-0.0787805
1.56913e-11	-0.0787074
1.56926e-11	-0.0786342
1.5694e-11	-0.078561
1.56953e-11	-0.0784876
1.56967e-11	-0.0784142
1.5698e-11	-0.0783408
1.56994e-11	-0.0782672
1.57007e-11	-0.0781936
1.57021e-11	-0.0781199
1.57034e-11	-0.0780461
1.57048e-11	-0.0779723
1.57061e-11	-0.0778984
1.57075e-11	-0.0778244
1.57088e-11	-0.0777503
1.57102e-11	-0.0776762
1.57115e-11	-0.077602
1.57129e-11	-0.0775277
1.57143e-11	-0.0774534
1.57156e-11	-0.077379
1.5717e-11	-0.0773045
1.57183e-11	-0.0772299
1.57197e-11	-0.0771552
1.5721e-11	-0.0770805
1.57224e-11	-0.0770058
1.57237e-11	-0.0769309
1.57251e-11	-0.076856
1.57264e-11	-0.076781
1.57278e-11	-0.0767059
1.57291e-11	-0.0766307
1.57305e-11	-0.0765555
1.57318e-11	-0.0764802
1.57332e-11	-0.0764049
1.57345e-11	-0.0763294
1.57359e-11	-0.0762539
1.57372e-11	-0.0761783
1.57386e-11	-0.0761027
1.574e-11	-0.0760269
1.57413e-11	-0.0759511
1.57427e-11	-0.0758753
1.5744e-11	-0.0757993
1.57454e-11	-0.0757233
1.57467e-11	-0.0756472
1.57481e-11	-0.075571
1.57494e-11	-0.0754948
1.57508e-11	-0.0754185
1.57521e-11	-0.0753421
1.57535e-11	-0.0752656
1.57548e-11	-0.0751891
1.57562e-11	-0.0751125
1.57575e-11	-0.0750358
1.57589e-11	-0.074959
1.57602e-11	-0.0748822
1.57616e-11	-0.0748053
1.57629e-11	-0.0747283
1.57643e-11	-0.0746513
1.57657e-11	-0.0745742
1.5767e-11	-0.074497
1.57684e-11	-0.0744197
1.57697e-11	-0.0743424
1.57711e-11	-0.074265
1.57724e-11	-0.0741875
1.57738e-11	-0.0741099
1.57751e-11	-0.0740323
1.57765e-11	-0.0739546
1.57778e-11	-0.0738768
1.57792e-11	-0.0737989
1.57805e-11	-0.073721
1.57819e-11	-0.073643
1.57832e-11	-0.0735649
1.57846e-11	-0.0734868
1.57859e-11	-0.0734086
1.57873e-11	-0.0733303
1.57886e-11	-0.0732519
1.579e-11	-0.0731735
1.57914e-11	-0.0730949
1.57927e-11	-0.0730164
1.57941e-11	-0.0729377
1.57954e-11	-0.072859
1.57968e-11	-0.0727802
1.57981e-11	-0.0727013
1.57995e-11	-0.0726223
1.58008e-11	-0.0725433
1.58022e-11	-0.0724642
1.58035e-11	-0.072385
1.58049e-11	-0.0723057
1.58062e-11	-0.0722264
1.58076e-11	-0.072147
1.58089e-11	-0.0720675
1.58103e-11	-0.071988
1.58116e-11	-0.0719084
1.5813e-11	-0.0718287
1.58143e-11	-0.0717489
1.58157e-11	-0.0716691
1.58171e-11	-0.0715891
1.58184e-11	-0.0715091
1.58198e-11	-0.0714291
1.58211e-11	-0.0713489
1.58225e-11	-0.0712687
1.58238e-11	-0.0711884
1.58252e-11	-0.0711081
1.58265e-11	-0.0710276
1.58279e-11	-0.0709471
1.58292e-11	-0.0708665
1.58306e-11	-0.0707859
1.58319e-11	-0.0707052
1.58333e-11	-0.0706243
1.58346e-11	-0.0705435
1.5836e-11	-0.0704625
1.58373e-11	-0.0703815
1.58387e-11	-0.0703004
1.584e-11	-0.0702192
1.58414e-11	-0.0701379
1.58428e-11	-0.0700566
1.58441e-11	-0.0699752
1.58455e-11	-0.0698937
1.58468e-11	-0.0698122
1.58482e-11	-0.0697306
1.58495e-11	-0.0696489
1.58509e-11	-0.0695671
1.58522e-11	-0.0694852
1.58536e-11	-0.0694033
1.58549e-11	-0.0693213
1.58563e-11	-0.0692393
1.58576e-11	-0.0691571
1.5859e-11	-0.0690749
1.58603e-11	-0.0689926
1.58617e-11	-0.0689102
1.5863e-11	-0.0688278
1.58644e-11	-0.0687453
1.58657e-11	-0.0686627
1.58671e-11	-0.06858
1.58685e-11	-0.0684973
1.58698e-11	-0.0684145
1.58712e-11	-0.0683316
1.58725e-11	-0.0682486
1.58739e-11	-0.0681656
1.58752e-11	-0.0680824
1.58766e-11	-0.0679993
1.58779e-11	-0.067916
1.58793e-11	-0.0678326
1.58806e-11	-0.0677492
1.5882e-11	-0.0676657
1.58833e-11	-0.0675822
1.58847e-11	-0.0674985
1.5886e-11	-0.0674148
1.58874e-11	-0.067331
1.58887e-11	-0.0672472
1.58901e-11	-0.0671632
1.58914e-11	-0.0670792
1.58928e-11	-0.0669951
1.58942e-11	-0.066911
1.58955e-11	-0.0668267
1.58969e-11	-0.0667424
1.58982e-11	-0.066658
1.58996e-11	-0.0665736
1.59009e-11	-0.066489
1.59023e-11	-0.0664044
1.59036e-11	-0.0663197
1.5905e-11	-0.066235
1.59063e-11	-0.0661501
1.59077e-11	-0.0660652
1.5909e-11	-0.0659802
1.59104e-11	-0.0658952
1.59117e-11	-0.06581
1.59131e-11	-0.0657248
1.59144e-11	-0.0656395
1.59158e-11	-0.0655542
1.59171e-11	-0.0654687
1.59185e-11	-0.0653832
1.59199e-11	-0.0652976
1.59212e-11	-0.065212
1.59226e-11	-0.0651262
1.59239e-11	-0.0650404
1.59253e-11	-0.0649545
1.59266e-11	-0.0648685
1.5928e-11	-0.0647825
1.59293e-11	-0.0646964
1.59307e-11	-0.0646102
1.5932e-11	-0.0645239
1.59334e-11	-0.0644376
1.59347e-11	-0.0643512
1.59361e-11	-0.0642647
1.59374e-11	-0.0641781
1.59388e-11	-0.0640914
1.59401e-11	-0.0640047
1.59415e-11	-0.0639179
1.59428e-11	-0.0638311
1.59442e-11	-0.0637441
1.59456e-11	-0.0636571
1.59469e-11	-0.06357
1.59483e-11	-0.0634828
1.59496e-11	-0.0633956
1.5951e-11	-0.0633082
1.59523e-11	-0.0632208
1.59537e-11	-0.0631334
1.5955e-11	-0.0630458
1.59564e-11	-0.0629582
1.59577e-11	-0.0628705
1.59591e-11	-0.0627827
1.59604e-11	-0.0626948
1.59618e-11	-0.0626069
1.59631e-11	-0.0625189
1.59645e-11	-0.0624308
1.59658e-11	-0.0623427
1.59672e-11	-0.0622544
1.59685e-11	-0.0621661
1.59699e-11	-0.0620777
1.59713e-11	-0.0619893
1.59726e-11	-0.0619007
1.5974e-11	-0.0618121
1.59753e-11	-0.0617234
1.59767e-11	-0.0616347
1.5978e-11	-0.0615458
1.59794e-11	-0.0614569
1.59807e-11	-0.0613679
1.59821e-11	-0.0612788
1.59834e-11	-0.0611897
1.59848e-11	-0.0611005
1.59861e-11	-0.0610112
1.59875e-11	-0.0609218
1.59888e-11	-0.0608324
1.59902e-11	-0.0607428
1.59915e-11	-0.0606532
1.59929e-11	-0.0605636
1.59942e-11	-0.0604738
1.59956e-11	-0.060384
1.5997e-11	-0.0602941
1.59983e-11	-0.0602041
1.59997e-11	-0.060114
1.6001e-11	-0.0600239
1.60024e-11	-0.0599337
1.60037e-11	-0.0598434
1.60051e-11	-0.059753
1.60064e-11	-0.0596626
1.60078e-11	-0.0595721
1.60091e-11	-0.0594815
1.60105e-11	-0.0593908
1.60118e-11	-0.0593001
1.60132e-11	-0.0592092
1.60145e-11	-0.0591183
1.60159e-11	-0.0590274
1.60172e-11	-0.0589363
1.60186e-11	-0.0588452
1.60199e-11	-0.058754
1.60213e-11	-0.0586627
1.60227e-11	-0.0585714
1.6024e-11	-0.0584799
1.60254e-11	-0.0583884
1.60267e-11	-0.0582968
1.60281e-11	-0.0582052
1.60294e-11	-0.0581134
1.60308e-11	-0.0580216
1.60321e-11	-0.0579297
1.60335e-11	-0.0578378
1.60348e-11	-0.0577457
1.60362e-11	-0.0576536
1.60375e-11	-0.0575614
1.60389e-11	-0.0574691
1.60402e-11	-0.0573768
1.60416e-11	-0.0572843
1.60429e-11	-0.0571918
1.60443e-11	-0.0570993
1.60456e-11	-0.0570066
1.6047e-11	-0.0569139
1.60484e-11	-0.056821
1.60497e-11	-0.0567282
1.60511e-11	-0.0566352
1.60524e-11	-0.0565422
1.60538e-11	-0.056449
1.60551e-11	-0.0563558
1.60565e-11	-0.0562626
1.60578e-11	-0.0561692
1.60592e-11	-0.0560758
1.60605e-11	-0.0559823
1.60619e-11	-0.0558887
1.60632e-11	-0.0557951
1.60646e-11	-0.0557013
1.60659e-11	-0.0556075
1.60673e-11	-0.0555136
1.60686e-11	-0.0554197
1.607e-11	-0.0553256
1.60713e-11	-0.0552315
1.60727e-11	-0.0551373
1.60741e-11	-0.055043
1.60754e-11	-0.0549487
1.60768e-11	-0.0548543
1.60781e-11	-0.0547598
1.60795e-11	-0.0546652
1.60808e-11	-0.0545705
1.60822e-11	-0.0544758
1.60835e-11	-0.054381
1.60849e-11	-0.0542861
1.60862e-11	-0.0541911
1.60876e-11	-0.0540961
1.60889e-11	-0.054001
1.60903e-11	-0.0539058
1.60916e-11	-0.0538105
1.6093e-11	-0.0537151
1.60943e-11	-0.0536197
1.60957e-11	-0.0535242
1.6097e-11	-0.0534286
1.60984e-11	-0.053333
1.60998e-11	-0.0532372
1.61011e-11	-0.0531414
1.61025e-11	-0.0530455
1.61038e-11	-0.0529496
1.61052e-11	-0.0528535
1.61065e-11	-0.0527574
1.61079e-11	-0.0526612
1.61092e-11	-0.0525649
1.61106e-11	-0.0524685
1.61119e-11	-0.0523721
1.61133e-11	-0.0522756
1.61146e-11	-0.052179
1.6116e-11	-0.0520824
1.61173e-11	-0.0519856
1.61187e-11	-0.0518888
1.612e-11	-0.0517919
1.61214e-11	-0.0516949
1.61227e-11	-0.0515979
1.61241e-11	-0.0515007
1.61255e-11	-0.0514035
1.61268e-11	-0.0513062
1.61282e-11	-0.0512089
1.61295e-11	-0.0511114
1.61309e-11	-0.0510139
1.61322e-11	-0.0509163
1.61336e-11	-0.0508187
1.61349e-11	-0.0507209
1.61363e-11	-0.0506231
1.61376e-11	-0.0505252
1.6139e-11	-0.0504272
1.61403e-11	-0.0503291
1.61417e-11	-0.050231
1.6143e-11	-0.0501328
1.61444e-11	-0.0500345
1.61457e-11	-0.0499361
1.61471e-11	-0.0498377
1.61484e-11	-0.0497391
1.61498e-11	-0.0496405
1.61512e-11	-0.0495418
1.61525e-11	-0.0494431
1.61539e-11	-0.0493442
1.61552e-11	-0.0492453
1.61566e-11	-0.0491463
1.61579e-11	-0.0490473
1.61593e-11	-0.0489481
1.61606e-11	-0.0488489
1.6162e-11	-0.0487496
1.61633e-11	-0.0486502
1.61647e-11	-0.0485507
1.6166e-11	-0.0484512
1.61674e-11	-0.0483516
1.61687e-11	-0.0482519
1.61701e-11	-0.0481521
1.61714e-11	-0.0480523
1.61728e-11	-0.0479523
1.61741e-11	-0.0478523
1.61755e-11	-0.0477522
1.61769e-11	-0.0476521
1.61782e-11	-0.0475518
1.61796e-11	-0.0474515
1.61809e-11	-0.0473511
1.61823e-11	-0.0472506
1.61836e-11	-0.0471501
1.6185e-11	-0.0470495
1.61863e-11	-0.0469488
1.61877e-11	-0.046848
1.6189e-11	-0.0467471
1.61904e-11	-0.0466462
1.61917e-11	-0.0465451
1.61931e-11	-0.046444
1.61944e-11	-0.0463429
1.61958e-11	-0.0462416
1.61971e-11	-0.0461403
1.61985e-11	-0.0460389
1.61998e-11	-0.0459374
1.62012e-11	-0.0458358
1.62026e-11	-0.0457341
1.62039e-11	-0.0456324
1.62053e-11	-0.0455306
1.62066e-11	-0.0454287
1.6208e-11	-0.0453268
1.62093e-11	-0.0452247
1.62107e-11	-0.0451226
1.6212e-11	-0.0450204
1.62134e-11	-0.0449182
1.62147e-11	-0.0448158
1.62161e-11	-0.0447134
1.62174e-11	-0.0446109
1.62188e-11	-0.0445083
1.62201e-11	-0.0444056
1.62215e-11	-0.0443029
1.62228e-11	-0.0442001
1.62242e-11	-0.0440972
1.62255e-11	-0.0439942
1.62269e-11	-0.0438911
1.62283e-11	-0.043788
1.62296e-11	-0.0436848
1.6231e-11	-0.0435815
1.62323e-11	-0.0434781
1.62337e-11	-0.0433747
1.6235e-11	-0.0432711
1.62364e-11	-0.0431675
1.62377e-11	-0.0430638
1.62391e-11	-0.0429601
1.62404e-11	-0.0428562
1.62418e-11	-0.0427523
1.62431e-11	-0.0426483
1.62445e-11	-0.0425442
1.62458e-11	-0.0424401
1.62472e-11	-0.0423358
1.62485e-11	-0.0422315
1.62499e-11	-0.0421271
1.62512e-11	-0.0420227
1.62526e-11	-0.0419181
1.6254e-11	-0.0418135
1.62553e-11	-0.0417088
1.62567e-11	-0.041604
1.6258e-11	-0.0414991
1.62594e-11	-0.0413942
1.62607e-11	-0.0412892
1.62621e-11	-0.0411841
1.62634e-11	-0.0410789
1.62648e-11	-0.0409736
1.62661e-11	-0.0408683
1.62675e-11	-0.0407629
1.62688e-11	-0.0406574
1.62702e-11	-0.0405518
1.62715e-11	-0.0404461
1.62729e-11	-0.0403404
1.62742e-11	-0.0402346
1.62756e-11	-0.0401287
1.62769e-11	-0.0400227
1.62783e-11	-0.0399167
1.62797e-11	-0.0398106
1.6281e-11	-0.0397044
1.62824e-11	-0.0395981
1.62837e-11	-0.0394917
1.62851e-11	-0.0393853
1.62864e-11	-0.0392788
1.62878e-11	-0.0391722
1.62891e-11	-0.0390655
1.62905e-11	-0.0389587
1.62918e-11	-0.0388519
1.62932e-11	-0.038745
1.62945e-11	-0.038638
1.62959e-11	-0.0385309
1.62972e-11	-0.0384238
1.62986e-11	-0.0383165
1.62999e-11	-0.0382092
1.63013e-11	-0.0381018
1.63026e-11	-0.0379944
1.6304e-11	-0.0378868
1.63054e-11	-0.0377792
1.63067e-11	-0.0376715
1.63081e-11	-0.0375637
1.63094e-11	-0.0374558
1.63108e-11	-0.0373479
1.63121e-11	-0.0372399
1.63135e-11	-0.0371318
1.63148e-11	-0.0370236
1.63162e-11	-0.0369153
1.63175e-11	-0.036807
1.63189e-11	-0.0366986
1.63202e-11	-0.0365901
1.63216e-11	-0.0364815
1.63229e-11	-0.0363729
1.63243e-11	-0.0362641
1.63256e-11	-0.0361553
1.6327e-11	-0.0360464
1.63283e-11	-0.0359374
1.63297e-11	-0.0358284
1.63311e-11	-0.0357193
1.63324e-11	-0.0356101
1.63338e-11	-0.0355008
1.63351e-11	-0.0353914
1.63365e-11	-0.0352819
1.63378e-11	-0.0351724
1.63392e-11	-0.0350628
1.63405e-11	-0.0349531
1.63419e-11	-0.0348434
1.63432e-11	-0.0347335
1.63446e-11	-0.0346236
1.63459e-11	-0.0345136
1.63473e-11	-0.0344035
1.63486e-11	-0.0342933
1.635e-11	-0.0341831
1.63513e-11	-0.0340728
1.63527e-11	-0.0339624
1.6354e-11	-0.0338519
1.63554e-11	-0.0337413
1.63568e-11	-0.0336307
1.63581e-11	-0.03352
1.63595e-11	-0.0334092
1.63608e-11	-0.0332983
1.63622e-11	-0.0331874
1.63635e-11	-0.0330763
1.63649e-11	-0.0329652
1.63662e-11	-0.032854
1.63676e-11	-0.0327427
1.63689e-11	-0.0326314
1.63703e-11	-0.03252
1.63716e-11	-0.0324084
1.6373e-11	-0.0322968
1.63743e-11	-0.0321852
1.63757e-11	-0.0320734
1.6377e-11	-0.0319616
1.63784e-11	-0.0318497
1.63797e-11	-0.0317377
1.63811e-11	-0.0316256
1.63825e-11	-0.0315135
1.63838e-11	-0.0314012
1.63852e-11	-0.0312889
1.63865e-11	-0.0311765
1.63879e-11	-0.0310641
1.63892e-11	-0.0309515
1.63906e-11	-0.0308389
1.63919e-11	-0.0307262
1.63933e-11	-0.0306134
1.63946e-11	-0.0305005
1.6396e-11	-0.0303876
1.63973e-11	-0.0302746
1.63987e-11	-0.0301615
1.64e-11	-0.0300483
1.64014e-11	-0.029935
1.64027e-11	-0.0298217
1.64041e-11	-0.0297082
1.64054e-11	-0.0295947
1.64068e-11	-0.0294811
1.64082e-11	-0.0293675
1.64095e-11	-0.0292537
1.64109e-11	-0.0291399
1.64122e-11	-0.029026
1.64136e-11	-0.028912
1.64149e-11	-0.028798
1.64163e-11	-0.0286838
1.64176e-11	-0.0285696
1.6419e-11	-0.0284553
1.64203e-11	-0.0283409
1.64217e-11	-0.0282264
1.6423e-11	-0.0281119
1.64244e-11	-0.0279973
1.64257e-11	-0.0278826
1.64271e-11	-0.0277678
1.64284e-11	-0.0276529
1.64298e-11	-0.027538
1.64311e-11	-0.027423
1.64325e-11	-0.0273079
1.64339e-11	-0.0271927
1.64352e-11	-0.0270774
1.64366e-11	-0.0269621
1.64379e-11	-0.0268466
1.64393e-11	-0.0267311
1.64406e-11	-0.0266156
1.6442e-11	-0.0264999
1.64433e-11	-0.0263842
1.64447e-11	-0.0262683
1.6446e-11	-0.0261524
1.64474e-11	-0.0260365
1.64487e-11	-0.0259204
1.64501e-11	-0.0258042
1.64514e-11	-0.025688
1.64528e-11	-0.0255717
1.64541e-11	-0.0254553
1.64555e-11	-0.0253389
1.64568e-11	-0.0252223
1.64582e-11	-0.0251057
1.64596e-11	-0.024989
1.64609e-11	-0.0248722
1.64623e-11	-0.0247554
1.64636e-11	-0.0246384
1.6465e-11	-0.0245214
1.64663e-11	-0.0244043
1.64677e-11	-0.0242871
1.6469e-11	-0.0241698
1.64704e-11	-0.0240525
1.64717e-11	-0.0239351
1.64731e-11	-0.0238176
1.64744e-11	-0.0237
1.64758e-11	-0.0235823
1.64771e-11	-0.0234646
1.64785e-11	-0.0233468
1.64798e-11	-0.0232288
1.64812e-11	-0.0231109
1.64825e-11	-0.0229928
1.64839e-11	-0.0228746
1.64853e-11	-0.0227564
1.64866e-11	-0.0226381
1.6488e-11	-0.0225197
1.64893e-11	-0.0224013
1.64907e-11	-0.0222827
1.6492e-11	-0.0221641
1.64934e-11	-0.0220454
1.64947e-11	-0.0219266
1.64961e-11	-0.0218077
1.64974e-11	-0.0216888
1.64988e-11	-0.0215697
1.65001e-11	-0.0214506
1.65015e-11	-0.0213314
1.65028e-11	-0.0212122
1.65042e-11	-0.0210928
1.65055e-11	-0.0209734
1.65069e-11	-0.0208539
1.65082e-11	-0.0207343
1.65096e-11	-0.0206146
1.6511e-11	-0.0204949
1.65123e-11	-0.020375
1.65137e-11	-0.0202551
1.6515e-11	-0.0201351
1.65164e-11	-0.0200151
1.65177e-11	-0.0198949
1.65191e-11	-0.0197747
1.65204e-11	-0.0196544
1.65218e-11	-0.019534
1.65231e-11	-0.0194135
1.65245e-11	-0.0192929
1.65258e-11	-0.0191723
1.65272e-11	-0.0190516
1.65285e-11	-0.0189308
1.65299e-11	-0.0188099
1.65312e-11	-0.0186889
1.65326e-11	-0.0185679
1.65339e-11	-0.0184468
1.65353e-11	-0.0183256
1.65367e-11	-0.0182043
1.6538e-11	-0.0180829
1.65394e-11	-0.0179615
1.65407e-11	-0.01784
1.65421e-11	-0.0177184
1.65434e-11	-0.0175967
1.65448e-11	-0.0174749
1.65461e-11	-0.0173531
1.65475e-11	-0.0172312
1.65488e-11	-0.0171092
1.65502e-11	-0.0169871
1.65515e-11	-0.0168649
1.65529e-11	-0.0167427
1.65542e-11	-0.0166203
1.65556e-11	-0.0164979
1.65569e-11	-0.0163754
1.65583e-11	-0.0162529
1.65596e-11	-0.0161302
1.6561e-11	-0.0160075
1.65624e-11	-0.0158847
1.65637e-11	-0.0157618
1.65651e-11	-0.0156388
1.65664e-11	-0.0155158
1.65678e-11	-0.0153926
1.65691e-11	-0.0152694
1.65705e-11	-0.0151461
1.65718e-11	-0.0150227
1.65732e-11	-0.0148993
1.65745e-11	-0.0147757
1.65759e-11	-0.0146521
1.65772e-11	-0.0145284
1.65786e-11	-0.0144046
1.65799e-11	-0.0142808
1.65813e-11	-0.0141568
1.65826e-11	-0.0140328
1.6584e-11	-0.0139087
1.65853e-11	-0.0137845
1.65867e-11	-0.0136603
1.65881e-11	-0.0135359
1.65894e-11	-0.0134115
1.65908e-11	-0.013287
1.65921e-11	-0.0131624
1.65935e-11	-0.0130378
1.65948e-11	-0.012913
1.65962e-11	-0.0127882
1.65975e-11	-0.0126633
1.65989e-11	-0.0125383
1.66002e-11	-0.0124132
1.66016e-11	-0.0122881
1.66029e-11	-0.0121628
1.66043e-11	-0.0120375
1.66056e-11	-0.0119121
1.6607e-11	-0.0117866
1.66083e-11	-0.0116611
1.66097e-11	-0.0115355
1.6611e-11	-0.0114097
1.66124e-11	-0.0112839
1.66138e-11	-0.0111581
1.66151e-11	-0.0110321
1.66165e-11	-0.0109061
1.66178e-11	-0.0107799
1.66192e-11	-0.0106537
1.66205e-11	-0.0105275
1.66219e-11	-0.0104011
1.66232e-11	-0.0102747
1.66246e-11	-0.0101481
1.66259e-11	-0.0100215
1.66273e-11	-0.00989484
1.66286e-11	-0.00976808
1.663e-11	-0.00964123
1.66313e-11	-0.0095143
1.66327e-11	-0.00938729
1.6634e-11	-0.0092602
1.66354e-11	-0.00913303
1.66367e-11	-0.00900578
1.66381e-11	-0.00887844
1.66395e-11	-0.00875103
1.66408e-11	-0.00862353
1.66422e-11	-0.00849596
1.66435e-11	-0.0083683
1.66449e-11	-0.00824056
1.66462e-11	-0.00811275
1.66476e-11	-0.00798485
1.66489e-11	-0.00785687
1.66503e-11	-0.0077288
1.66516e-11	-0.00760066
1.6653e-11	-0.00747244
1.66543e-11	-0.00734414
1.66557e-11	-0.00721575
1.6657e-11	-0.00708728
1.66584e-11	-0.00695874
1.66597e-11	-0.00683011
1.66611e-11	-0.0067014
1.66624e-11	-0.00657261
1.66638e-11	-0.00644374
1.66652e-11	-0.00631479
1.66665e-11	-0.00618576
1.66679e-11	-0.00605664
1.66692e-11	-0.00592745
1.66706e-11	-0.00579817
1.66719e-11	-0.00566882
1.66733e-11	-0.00553938
1.66746e-11	-0.00540986
1.6676e-11	-0.00528026
1.66773e-11	-0.00515058
1.66787e-11	-0.00502082
1.668e-11	-0.00489098
1.66814e-11	-0.00476105
1.66827e-11	-0.00463105
1.66841e-11	-0.00450096
1.66854e-11	-0.0043708
1.66868e-11	-0.00424055
1.66881e-11	-0.00411022
1.66895e-11	-0.00397981
1.66909e-11	-0.00384932
1.66922e-11	-0.00371875
1.66936e-11	-0.0035881
1.66949e-11	-0.00345736
1.66963e-11	-0.00332655
1.66976e-11	-0.00319565
1.6699e-11	-0.00306468
1.67003e-11	-0.00293362
1.67017e-11	-0.00280248
1.6703e-11	-0.00267126
1.67044e-11	-0.00253996
1.67057e-11	-0.00240858
1.67071e-11	-0.00227711
1.67084e-11	-0.00214557
1.67098e-11	-0.00201395
1.67111e-11	-0.00188224
1.67125e-11	-0.00175045
1.67138e-11	-0.00161858
1.67152e-11	-0.00148663
1.67166e-11	-0.0013546
1.67179e-11	-0.00122249
1.67193e-11	-0.0010903
1.67206e-11	-0.000958026
1.6722e-11	-0.000825671
1.67233e-11	-0.000693235
1.67247e-11	-0.000560718
1.6726e-11	-0.00042812
1.67274e-11	-0.00029544
1.67287e-11	-0.00016268
1.67301e-11	-2.98386e-05
1.67314e-11	0.000103084
1.67328e-11	0.000236088
1.67341e-11	0.000369172
1.67355e-11	0.000502338
1.67368e-11	0.000635585
1.67382e-11	0.000768913
1.67395e-11	0.000902323
1.67409e-11	0.00103581
1.67423e-11	0.00116938
1.67436e-11	0.00130304
1.6745e-11	0.00143677
1.67463e-11	0.00157059
1.67477e-11	0.00170448
1.6749e-11	0.00183846
1.67504e-11	0.00197252
1.67517e-11	0.00210666
1.67531e-11	0.00224088
1.67544e-11	0.00237518
1.67558e-11	0.00250956
1.67571e-11	0.00264403
1.67585e-11	0.00277857
1.67598e-11	0.0029132
1.67612e-11	0.0030479
1.67625e-11	0.00318269
1.67639e-11	0.00331756
1.67652e-11	0.00345251
1.67666e-11	0.00358755
1.6768e-11	0.00372266
1.67693e-11	0.00385785
1.67707e-11	0.00399313
1.6772e-11	0.00412849
1.67734e-11	0.00426392
1.67747e-11	0.00439944
1.67761e-11	0.00453504
1.67774e-11	0.00467072
1.67788e-11	0.00480649
1.67801e-11	0.00494233
1.67815e-11	0.00507826
1.67828e-11	0.00521426
1.67842e-11	0.00535035
1.67855e-11	0.00548652
1.67869e-11	0.00562277
1.67882e-11	0.0057591
1.67896e-11	0.00589551
1.67909e-11	0.006032
1.67923e-11	0.00616858
1.67937e-11	0.00630523
1.6795e-11	0.00644197
1.67964e-11	0.00657879
1.67977e-11	0.00671569
1.67991e-11	0.00685267
1.68004e-11	0.00698973
1.68018e-11	0.00712687
1.68031e-11	0.00726409
1.68045e-11	0.0074014
1.68058e-11	0.00753879
1.68072e-11	0.00767625
1.68085e-11	0.0078138
1.68099e-11	0.00795143
1.68112e-11	0.00808914
1.68126e-11	0.00822693
1.68139e-11	0.00836481
1.68153e-11	0.00850276
1.68166e-11	0.0086408
1.6818e-11	0.00877891
1.68194e-11	0.00891711
1.68207e-11	0.00905539
1.68221e-11	0.00919375
1.68234e-11	0.00933219
1.68248e-11	0.00947072
1.68261e-11	0.00960932
1.68275e-11	0.00974801
1.68288e-11	0.00988677
1.68302e-11	0.0100256
1.68315e-11	0.0101646
1.68329e-11	0.0103036
1.68342e-11	0.0104427
1.68356e-11	0.0105818
1.68369e-11	0.0107211
1.68383e-11	0.0108604
1.68396e-11	0.0109998
1.6841e-11	0.0111393
1.68423e-11	0.0112789
1.68437e-11	0.0114186
1.68451e-11	0.0115583
1.68464e-11	0.0116981
1.68478e-11	0.011838
1.68491e-11	0.011978
1.68505e-11	0.0121181
1.68518e-11	0.0122582
1.68532e-11	0.0123985
1.68545e-11	0.0125388
1.68559e-11	0.0126792
1.68572e-11	0.0128196
1.68586e-11	0.0129602
1.68599e-11	0.0131008
1.68613e-11	0.0132415
1.68626e-11	0.0133823
1.6864e-11	0.0135232
1.68653e-11	0.0136642
1.68667e-11	0.0138052
1.6868e-11	0.0139463
1.68694e-11	0.0140875
1.68708e-11	0.0142288
1.68721e-11	0.0143702
1.68735e-11	0.0145116
1.68748e-11	0.0146532
1.68762e-11	0.0147948
1.68775e-11	0.0149365
1.68789e-11	0.0150782
1.68802e-11	0.0152201
1.68816e-11	0.015362
1.68829e-11	0.015504
1.68843e-11	0.0156461
1.68856e-11	0.0157883
1.6887e-11	0.0159306
1.68883e-11	0.0160729
1.68897e-11	0.0162153
1.6891e-11	0.0163578
1.68924e-11	0.0165004
1.68937e-11	0.0166431
1.68951e-11	0.0167858
1.68965e-11	0.0169286
1.68978e-11	0.0170715
1.68992e-11	0.0172145
1.69005e-11	0.0173576
1.69019e-11	0.0175008
1.69032e-11	0.017644
1.69046e-11	0.0177873
1.69059e-11	0.0179307
1.69073e-11	0.0180742
1.69086e-11	0.0182177
1.691e-11	0.0183614
1.69113e-11	0.0185051
1.69127e-11	0.0186489
1.6914e-11	0.0187928
1.69154e-11	0.0189367
1.69167e-11	0.0190808
1.69181e-11	0.0192249
1.69194e-11	0.0193691
1.69208e-11	0.0195134
1.69222e-11	0.0196578
1.69235e-11	0.0198022
1.69249e-11	0.0199467
1.69262e-11	0.0200914
1.69276e-11	0.0202361
1.69289e-11	0.0203808
1.69303e-11	0.0205257
1.69316e-11	0.0206706
1.6933e-11	0.0208156
1.69343e-11	0.0209607
1.69357e-11	0.0211059
1.6937e-11	0.0212512
1.69384e-11	0.0213965
1.69397e-11	0.0215419
1.69411e-11	0.0216874
1.69424e-11	0.021833
1.69438e-11	0.0219787
1.69451e-11	0.0221244
1.69465e-11	0.0222703
1.69479e-11	0.0224162
1.69492e-11	0.0225622
1.69506e-11	0.0227083
1.69519e-11	0.0228544
1.69533e-11	0.0230006
1.69546e-11	0.023147
1.6956e-11	0.0232934
1.69573e-11	0.0234398
1.69587e-11	0.0235864
1.696e-11	0.023733
1.69614e-11	0.0238798
1.69627e-11	0.0240266
1.69641e-11	0.0241734
1.69654e-11	0.0243204
1.69668e-11	0.0244675
1.69681e-11	0.0246146
1.69695e-11	0.0247618
1.69708e-11	0.0249091
1.69722e-11	0.0250564
1.69736e-11	0.0252039
1.69749e-11	0.0253514
1.69763e-11	0.025499
1.69776e-11	0.0256467
1.6979e-11	0.0257945
1.69803e-11	0.0259424
1.69817e-11	0.0260903
1.6983e-11	0.0262383
1.69844e-11	0.0263864
1.69857e-11	0.0265346
1.69871e-11	0.0266829
1.69884e-11	0.0268312
1.69898e-11	0.0269796
1.69911e-11	0.0271281
1.69925e-11	0.0272767
1.69938e-11	0.0274254
1.69952e-11	0.0275741
1.69965e-11	0.027723
1.69979e-11	0.0278719
1.69993e-11	0.0280209
1.70006e-11	0.0281699
1.7002e-11	0.0283191
1.70033e-11	0.0284683
1.70047e-11	0.0286176
1.7006e-11	0.028767
1.70074e-11	0.0289165
1.70087e-11	0.0290661
1.70101e-11	0.0292157
1.70114e-11	0.0293654
1.70128e-11	0.0295152
1.70141e-11	0.0296651
1.70155e-11	0.0298151
1.70168e-11	0.0299651
1.70182e-11	0.0301153
1.70195e-11	0.0302655
1.70209e-11	0.0304157
1.70223e-11	0.0305661
1.70236e-11	0.0307166
1.7025e-11	0.0308671
1.70263e-11	0.0310177
1.70277e-11	0.0311684
1.7029e-11	0.0313192
1.70304e-11	0.03147
1.70317e-11	0.031621
1.70331e-11	0.031772
1.70344e-11	0.0319231
1.70358e-11	0.0320742
1.70371e-11	0.0322255
1.70385e-11	0.0323768
1.70398e-11	0.0325283
1.70412e-11	0.0326798
1.70425e-11	0.0328313
1.70439e-11	0.032983
1.70452e-11	0.0331348
1.70466e-11	0.0332866
1.7048e-11	0.0334385
1.70493e-11	0.0335905
1.70507e-11	0.0337425
1.7052e-11	0.0338947
1.70534e-11	0.0340469
1.70547e-11	0.0341992
1.70561e-11	0.0343516
1.70574e-11	0.0345041
1.70588e-11	0.0346566
1.70601e-11	0.0348093
1.70615e-11	0.034962
1.70628e-11	0.0351148
1.70642e-11	0.0352677
1.70655e-11	0.0354206
1.70669e-11	0.0355736
1.70682e-11	0.0357268
1.70696e-11	0.03588
1.70709e-11	0.0360332
1.70723e-11	0.0361866
1.70737e-11	0.03634
1.7075e-11	0.0364936
1.70764e-11	0.0366472
1.70777e-11	0.0368009
1.70791e-11	0.0369546
1.70804e-11	0.0371085
1.70818e-11	0.0372624
1.70831e-11	0.0374164
1.70845e-11	0.0375705
1.70858e-11	0.0377246
1.70872e-11	0.0378789
1.70885e-11	0.0380332
1.70899e-11	0.0381876
1.70912e-11	0.0383421
1.70926e-11	0.0384967
1.70939e-11	0.0386513
1.70953e-11	0.0388061
1.70966e-11	0.0389609
1.7098e-11	0.0391158
1.70994e-11	0.0392708
1.71007e-11	0.0394258
1.71021e-11	0.039581
1.71034e-11	0.0397362
1.71048e-11	0.0398915
1.71061e-11	0.0400469
1.71075e-11	0.0402023
1.71088e-11	0.0403579
1.71102e-11	0.0405135
1.71115e-11	0.0406692
1.71129e-11	0.040825
1.71142e-11	0.0409808
1.71156e-11	0.0411368
1.71169e-11	0.0412928
1.71183e-11	0.0414489
1.71196e-11	0.0416051
1.7121e-11	0.0417613
1.71223e-11	0.0419177
1.71237e-11	0.0420741
1.71251e-11	0.0422306
1.71264e-11	0.0423872
1.71278e-11	0.0425439
1.71291e-11	0.0427006
1.71305e-11	0.0428574
1.71318e-11	0.0430144
1.71332e-11	0.0431713
1.71345e-11	0.0433284
1.71359e-11	0.0434856
1.71372e-11	0.0436428
1.71386e-11	0.0438001
1.71399e-11	0.0439575
1.71413e-11	0.044115
1.71426e-11	0.0442725
1.7144e-11	0.0444302
1.71453e-11	0.0445879
1.71467e-11	0.0447457
1.7148e-11	0.0449036
1.71494e-11	0.0450615
1.71508e-11	0.0452196
1.71521e-11	0.0453777
1.71535e-11	0.0455359
1.71548e-11	0.0456941
1.71562e-11	0.0458525
1.71575e-11	0.0460109
1.71589e-11	0.0461695
1.71602e-11	0.0463281
1.71616e-11	0.0464867
1.71629e-11	0.0466455
1.71643e-11	0.0468043
1.71656e-11	0.0469633
1.7167e-11	0.0471223
1.71683e-11	0.0472814
1.71697e-11	0.0474405
1.7171e-11	0.0475998
1.71724e-11	0.0477591
1.71737e-11	0.0479185
1.71751e-11	0.048078
1.71765e-11	0.0482375
1.71778e-11	0.0483972
1.71792e-11	0.0485569
1.71805e-11	0.0487167
1.71819e-11	0.0488766
1.71832e-11	0.0490366
1.71846e-11	0.0491966
1.71859e-11	0.0493567
1.71873e-11	0.0495169
1.71886e-11	0.0496772
1.719e-11	0.0498376
1.71913e-11	0.049998
1.71927e-11	0.0501586
1.7194e-11	0.0503192
1.71954e-11	0.0504799
1.71967e-11	0.0506406
1.71981e-11	0.0508015
1.71994e-11	0.0509624
1.72008e-11	0.0511234
1.72022e-11	0.0512845
1.72035e-11	0.0514457
1.72049e-11	0.0516069
1.72062e-11	0.0517683
1.72076e-11	0.0519297
1.72089e-11	0.0520912
1.72103e-11	0.0522527
1.72116e-11	0.0524144
1.7213e-11	0.0525761
1.72143e-11	0.0527379
1.72157e-11	0.0528998
1.7217e-11	0.0530618
1.72184e-11	0.0532238
1.72197e-11	0.053386
1.72211e-11	0.0535482
1.72224e-11	0.0537105
1.72238e-11	0.0538728
1.72251e-11	0.0540353
1.72265e-11	0.0541978
1.72279e-11	0.0543604
1.72292e-11	0.0545231
1.72306e-11	0.0546859
1.72319e-11	0.0548487
1.72333e-11	0.0550117
1.72346e-11	0.0551747
1.7236e-11	0.0553378
1.72373e-11	0.0555009
1.72387e-11	0.0556642
1.724e-11	0.0558275
1.72414e-11	0.0559909
1.72427e-11	0.0561544
1.72441e-11	0.056318
1.72454e-11	0.0564816
1.72468e-11	0.0566454
1.72481e-11	0.0568092
1.72495e-11	0.0569731
1.72508e-11	0.057137
1.72522e-11	0.0573011
1.72536e-11	0.0574652
1.72549e-11	0.0576294
1.72563e-11	0.0577937
1.72576e-11	0.0579581
1.7259e-11	0.0581225
1.72603e-11	0.0582871
1.72617e-11	0.0584517
1.7263e-11	0.0586164
1.72644e-11	0.0587811
1.72657e-11	0.058946
1.72671e-11	0.0591109
1.72684e-11	0.0592759
1.72698e-11	0.059441
1.72711e-11	0.0596062
1.72725e-11	0.0597714
1.72738e-11	0.0599368
1.72752e-11	0.0601022
1.72765e-11	0.0602676
1.72779e-11	0.0604332
1.72793e-11	0.0605989
1.72806e-11	0.0607646
1.7282e-11	0.0609304
1.72833e-11	0.0610963
1.72847e-11	0.0612622
1.7286e-11	0.0614283
1.72874e-11	0.0615944
1.72887e-11	0.0617606
1.72901e-11	0.0619269
1.72914e-11	0.0620933
1.72928e-11	0.0622597
1.72941e-11	0.0624262
1.72955e-11	0.0625928
1.72968e-11	0.0627595
1.72982e-11	0.0629263
1.72995e-11	0.0630931
1.73009e-11	0.06326
1.73022e-11	0.063427
1.73036e-11	0.0635941
1.7305e-11	0.0637612
1.73063e-11	0.0639285
1.73077e-11	0.0640958
1.7309e-11	0.0642632
1.73104e-11	0.0644307
1.73117e-11	0.0645982
1.73131e-11	0.0647659
1.73144e-11	0.0649336
1.73158e-11	0.0651014
1.73171e-11	0.0652692
1.73185e-11	0.0654372
1.73198e-11	0.0656052
1.73212e-11	0.0657733
1.73225e-11	0.0659415
1.73239e-11	0.0661098
1.73252e-11	0.0662781
1.73266e-11	0.0664466
1.73279e-11	0.0666151
1.73293e-11	0.0667837
1.73307e-11	0.0669523
1.7332e-11	0.0671211
1.73334e-11	0.0672899
1.73347e-11	0.0674588
1.73361e-11	0.0676278
1.73374e-11	0.0677968
1.73388e-11	0.067966
1.73401e-11	0.0681352
1.73415e-11	0.0683045
1.73428e-11	0.0684739
1.73442e-11	0.0686433
1.73455e-11	0.0688129
1.73469e-11	0.0689825
1.73482e-11	0.0691522
1.73496e-11	0.069322
1.73509e-11	0.0694918
1.73523e-11	0.0696618
1.73536e-11	0.0698318
1.7355e-11	0.0700019
1.73564e-11	0.070172
1.73577e-11	0.0703423
1.73591e-11	0.0705126
1.73604e-11	0.070683
1.73618e-11	0.0708535
1.73631e-11	0.0710241
1.73645e-11	0.0711947
1.73658e-11	0.0713654
1.73672e-11	0.0715362
1.73685e-11	0.0717071
1.73699e-11	0.0718781
1.73712e-11	0.0720491
1.73726e-11	0.0722202
1.73739e-11	0.0723914
1.73753e-11	0.0725627
1.73766e-11	0.0727341
1.7378e-11	0.0729055
1.73793e-11	0.073077
1.73807e-11	0.0732486
1.73821e-11	0.0734203
1.73834e-11	0.073592
1.73848e-11	0.0737639
1.73861e-11	0.0739358
1.73875e-11	0.0741078
1.73888e-11	0.0742798
1.73902e-11	0.074452
1.73915e-11	0.0746242
1.73929e-11	0.0747965
1.73942e-11	0.0749689
1.73956e-11	0.0751413
1.73969e-11	0.0753139
1.73983e-11	0.0754865
1.73996e-11	0.0756592
1.7401e-11	0.0758319
1.74023e-11	0.0760048
1.74037e-11	0.0761777
1.7405e-11	0.0763507
1.74064e-11	0.0765238
1.74078e-11	0.076697
1.74091e-11	0.0768702
1.74105e-11	0.0770436
1.74118e-11	0.077217
1.74132e-11	0.0773904
1.74145e-11	0.077564
1.74159e-11	0.0777376
1.74172e-11	0.0779114
1.74186e-11	0.0780852
1.74199e-11	0.078259
1.74213e-11	0.078433
1.74226e-11	0.078607
1.7424e-11	0.0787811
1.74253e-11	0.0789553
1.74267e-11	0.0791296
1.7428e-11	0.0793039
1.74294e-11	0.0794783
1.74307e-11	0.0796528
1.74321e-11	0.0798274
1.74335e-11	0.0800021
1.74348e-11	0.0801768
1.74362e-11	0.0803516
1.74375e-11	0.0805265
1.74389e-11	0.0807015
1.74402e-11	0.0808766
1.74416e-11	0.0810517
1.74429e-11	0.0812269
1.74443e-11	0.0814022
1.74456e-11	0.0815775
1.7447e-11	0.081753
1.74483e-11	0.0819285
1.74497e-11	0.0821041
1.7451e-11	0.0822798
1.74524e-11	0.0824555
1.74537e-11	0.0826314
1.74551e-11	0.0828073
1.74564e-11	0.0829833
1.74578e-11	0.0831593
1.74592e-11	0.0833355
1.74605e-11	0.0835117
1.74619e-11	0.083688
1.74632e-11	0.0838644
1.74646e-11	0.0840408
1.74659e-11	0.0842174
1.74673e-11	0.084394
1.74686e-11	0.0845707
1.747e-11	0.0847474
1.74713e-11	0.0849243
1.74727e-11	0.0851012
1.7474e-11	0.0852782
1.74754e-11	0.0854553
1.74767e-11	0.0856325
1.74781e-11	0.0858097
1.74794e-11	0.085987
1.74808e-11	0.0861644
1.74821e-11	0.0863419
1.74835e-11	0.0865194
1.74849e-11	0.086697
1.74862e-11	0.0868747
1.74876e-11	0.0870525
1.74889e-11	0.0872304
1.74903e-11	0.0874083
1.74916e-11	0.0875863
1.7493e-11	0.0877644
1.74943e-11	0.0879426
1.74957e-11	0.0881209
1.7497e-11	0.0882992
1.74984e-11	0.0884776
1.74997e-11	0.0886561
1.75011e-11	0.0888346
1.75024e-11	0.0890133
1.75038e-11	0.089192
1.75051e-11	0.0893708
1.75065e-11	0.0895496
1.75078e-11	0.0897286
1.75092e-11	0.0899076
1.75106e-11	0.0900867
1.75119e-11	0.0902659
1.75133e-11	0.0904452
1.75146e-11	0.0906245
1.7516e-11	0.0908039
1.75173e-11	0.0909834
1.75187e-11	0.091163
1.752e-11	0.0913426
1.75214e-11	0.0915223
1.75227e-11	0.0917021
1.75241e-11	0.091882
1.75254e-11	0.092062
1.75268e-11	0.092242
1.75281e-11	0.0924221
1.75295e-11	0.0926023
1.75308e-11	0.0927826
1.75322e-11	0.0929629
1.75335e-11	0.0931433
1.75349e-11	0.0933238
1.75363e-11	0.0935044
1.75376e-11	0.093685
1.7539e-11	0.0938658
1.75403e-11	0.0940466
1.75417e-11	0.0942274
1.7543e-11	0.0944084
1.75444e-11	0.0945894
1.75457e-11	0.0947706
1.75471e-11	0.0949518
1.75484e-11	0.095133
1.75498e-11	0.0953144
1.75511e-11	0.0954958
1.75525e-11	0.0956773
1.75538e-11	0.0958589
1.75552e-11	0.0960405
1.75565e-11	0.0962223
1.75579e-11	0.0964041
1.75592e-11	0.0965859
1.75606e-11	0.0967679
1.7562e-11	0.0969499
1.75633e-11	0.0971321
1.75647e-11	0.0973143
1.7566e-11	0.0974965
1.75674e-11	0.0976789
1.75687e-11	0.0978613
1.75701e-11	0.0980438
1.75714e-11	0.0982264
1.75728e-11	0.098409
1.75741e-11	0.0985918
1.75755e-11	0.0987746
1.75768e-11	0.0989574
1.75782e-11	0.0991404
1.75795e-11	0.0993234
1.75809e-11	0.0995066
1.75822e-11	0.0996898
1.75836e-11	0.099873
1.75849e-11	0.100056
1.75863e-11	0.10024
1.75877e-11	0.100423
1.7589e-11	0.100607
1.75904e-11	0.100791
1.75917e-11	0.100974
1.75931e-11	0.101158
1.75944e-11	0.101342
1.75958e-11	0.101526
1.75971e-11	0.10171
1.75985e-11	0.101894
1.75998e-11	0.102078
1.76012e-11	0.102262
1.76025e-11	0.102447
1.76039e-11	0.102631
1.76052e-11	0.102816
1.76066e-11	0.103
1.76079e-11	0.103185
1.76093e-11	0.10337
1.76106e-11	0.103554
1.7612e-11	0.103739
1.76134e-11	0.103924
1.76147e-11	0.104109
1.76161e-11	0.104294
1.76174e-11	0.10448
1.76188e-11	0.104665
1.76201e-11	0.10485
1.76215e-11	0.105036
1.76228e-11	0.105221
1.76242e-11	0.105407
1.76255e-11	0.105592
1.76269e-11	0.105778
1.76282e-11	0.105964
1.76296e-11	0.10615
1.76309e-11	0.106336
1.76323e-11	0.106522
1.76336e-11	0.106708
1.7635e-11	0.106894
1.76363e-11	0.10708
1.76377e-11	0.107266
1.76391e-11	0.107453
1.76404e-11	0.107639
1.76418e-11	0.107826
1.76431e-11	0.108012
1.76445e-11	0.108199
1.76458e-11	0.108386
1.76472e-11	0.108573
1.76485e-11	0.10876
1.76499e-11	0.108947
1.76512e-11	0.109134
1.76526e-11	0.109321
1.76539e-11	0.109508
1.76553e-11	0.109696
1.76566e-11	0.109883
1.7658e-11	0.11007
1.76593e-11	0.110258
1.76607e-11	0.110446
1.7662e-11	0.110633
1.76634e-11	0.110821
1.76648e-11	0.111009
1.76661e-11	0.111197
1.76675e-11	0.111385
1.76688e-11	0.111573
1.76702e-11	0.111761
1.76715e-11	0.111949
1.76729e-11	0.112137
1.76742e-11	0.112326
1.76756e-11	0.112514
1.76769e-11	0.112703
1.76783e-11	0.112891
1.76796e-11	0.11308
1.7681e-11	0.113269
1.76823e-11	0.113458
1.76837e-11	0.113646
1.7685e-11	0.113835
1.76864e-11	0.114025
1.76877e-11	0.114214
1.76891e-11	0.114403
1.76905e-11	0.114592
1.76918e-11	0.114781
1.76932e-11	0.114971
1.76945e-11	0.11516
1.76959e-11	0.11535
1.76972e-11	0.11554
1.76986e-11	0.115729
1.76999e-11	0.115919
1.77013e-11	0.116109
1.77026e-11	0.116299
1.7704e-11	0.116489
1.77053e-11	0.116679
1.77067e-11	0.116869
1.7708e-11	0.117059
1.77094e-11	0.11725
1.77107e-11	0.11744
1.77121e-11	0.117631
1.77134e-11	0.117821
1.77148e-11	0.118012
1.77162e-11	0.118203
1.77175e-11	0.118393
1.77189e-11	0.118584
1.77202e-11	0.118775
1.77216e-11	0.118966
1.77229e-11	0.119157
1.77243e-11	0.119348
1.77256e-11	0.11954
1.7727e-11	0.119731
1.77283e-11	0.119922
1.77297e-11	0.120114
1.7731e-11	0.120305
1.77324e-11	0.120497
1.77337e-11	0.120688
1.77351e-11	0.12088
1.77364e-11	0.121072
1.77378e-11	0.121264
1.77391e-11	0.121456
1.77405e-11	0.121648
1.77419e-11	0.12184
1.77432e-11	0.122032
1.77446e-11	0.122224
1.77459e-11	0.122417
1.77473e-11	0.122609
1.77486e-11	0.122802
1.775e-11	0.122994
1.77513e-11	0.123187
1.77527e-11	0.12338
1.7754e-11	0.123572
1.77554e-11	0.123765
1.77567e-11	0.123958
1.77581e-11	0.124151
1.77594e-11	0.124344
1.77608e-11	0.124537
1.77621e-11	0.124731
1.77635e-11	0.124924
1.77648e-11	0.125117
1.77662e-11	0.125311
1.77676e-11	0.125504
1.77689e-11	0.125698
1.77703e-11	0.125892
1.77716e-11	0.126085
1.7773e-11	0.126279
1.77743e-11	0.126473
1.77757e-11	0.126667
1.7777e-11	0.126861
1.77784e-11	0.127055
1.77797e-11	0.127249
1.77811e-11	0.127444
1.77824e-11	0.127638
1.77838e-11	0.127832
1.77851e-11	0.128027
1.77865e-11	0.128222
1.77878e-11	0.128416
1.77892e-11	0.128611
1.77905e-11	0.128806
1.77919e-11	0.129001
1.77933e-11	0.129195
1.77946e-11	0.12939
1.7796e-11	0.129586
1.77973e-11	0.129781
1.77987e-11	0.129976
1.78e-11	0.130171
1.78014e-11	0.130367
1.78027e-11	0.130562
1.78041e-11	0.130758
1.78054e-11	0.130953
1.78068e-11	0.131149
1.78081e-11	0.131345
1.78095e-11	0.13154
1.78108e-11	0.131736
1.78122e-11	0.131932
1.78135e-11	0.132128
1.78149e-11	0.132324
1.78162e-11	0.132521
1.78176e-11	0.132717
1.7819e-11	0.132913
1.78203e-11	0.13311
1.78217e-11	0.133306
1.7823e-11	0.133503
1.78244e-11	0.133699
1.78257e-11	0.133896
1.78271e-11	0.134093
1.78284e-11	0.134289
1.78298e-11	0.134486
1.78311e-11	0.134683
1.78325e-11	0.13488
1.78338e-11	0.135078
1.78352e-11	0.135275
1.78365e-11	0.135472
1.78379e-11	0.135669
1.78392e-11	0.135867
1.78406e-11	0.136064
1.78419e-11	0.136262
1.78433e-11	0.13646
1.78447e-11	0.136657
1.7846e-11	0.136855
1.78474e-11	0.137053
1.78487e-11	0.137251
1.78501e-11	0.137449
1.78514e-11	0.137647
1.78528e-11	0.137845
1.78541e-11	0.138043
1.78555e-11	0.138242
1.78568e-11	0.13844
1.78582e-11	0.138638
1.78595e-11	0.138837
1.78609e-11	0.139036
1.78622e-11	0.139234
1.78636e-11	0.139433
1.78649e-11	0.139632
1.78663e-11	0.139831
1.78676e-11	0.14003
1.7869e-11	0.140229
1.78704e-11	0.140428
1.78717e-11	0.140627
1.78731e-11	0.140826
1.78744e-11	0.141025
1.78758e-11	0.141225
1.78771e-11	0.141424
1.78785e-11	0.141624
1.78798e-11	0.141823
1.78812e-11	0.142023
1.78825e-11	0.142223
1.78839e-11	0.142423
1.78852e-11	0.142623
1.78866e-11	0.142822
1.78879e-11	0.143023
1.78893e-11	0.143223
1.78906e-11	0.143423
1.7892e-11	0.143623
1.78933e-11	0.143823
1.78947e-11	0.144024
1.78961e-11	0.144224
1.78974e-11	0.144425
1.78988e-11	0.144625
1.79001e-11	0.144826
1.79015e-11	0.145027
1.79028e-11	0.145228
1.79042e-11	0.145429
1.79055e-11	0.145629
1.79069e-11	0.145831
1.79082e-11	0.146032
1.79096e-11	0.146233
1.79109e-11	0.146434
1.79123e-11	0.146635
1.79136e-11	0.146837
1.7915e-11	0.147038
1.79163e-11	0.14724
1.79177e-11	0.147441
1.7919e-11	0.147643
1.79204e-11	0.147845
1.79218e-11	0.148047
1.79231e-11	0.148249
1.79245e-11	0.148451
1.79258e-11	0.148653
1.79272e-11	0.148855
1.79285e-11	0.149057
1.79299e-11	0.149259
1.79312e-11	0.149462
1.79326e-11	0.149664
1.79339e-11	0.149866
1.79353e-11	0.150069
1.79366e-11	0.150272
1.7938e-11	0.150474
1.79393e-11	0.150677
1.79407e-11	0.15088
1.7942e-11	0.151083
1.79434e-11	0.151286
1.79447e-11	0.151489
1.79461e-11	0.151692
1.79475e-11	0.151895
1.79488e-11	0.152098
1.79502e-11	0.152302
1.79515e-11	0.152505
1.79529e-11	0.152708
1.79542e-11	0.152912
1.79556e-11	0.153116
1.79569e-11	0.153319
1.79583e-11	0.153523
1.79596e-11	0.153727
1.7961e-11	0.153931
1.79623e-11	0.154135
1.79637e-11	0.154339
1.7965e-11	0.154543
1.79664e-11	0.154747
1.79677e-11	0.154951
1.79691e-11	0.155155
1.79704e-11	0.15536
1.79718e-11	0.155564
1.79732e-11	0.155769
1.79745e-11	0.155973
1.79759e-11	0.156178
1.79772e-11	0.156383
1.79786e-11	0.156588
1.79799e-11	0.156793
1.79813e-11	0.156997
1.79826e-11	0.157202
1.7984e-11	0.157408
1.79853e-11	0.157613
1.79867e-11	0.157818
1.7988e-11	0.158023
1.79894e-11	0.158229
1.79907e-11	0.158434
1.79921e-11	0.15864
1.79934e-11	0.158845
1.79948e-11	0.159051
1.79961e-11	0.159257
1.79975e-11	0.159462
1.79989e-11	0.159668
1.80002e-11	0.159874
1.80016e-11	0.16008
1.80029e-11	0.160286
1.80043e-11	0.160492
1.80056e-11	0.160699
1.8007e-11	0.160905
1.80083e-11	0.161111
1.80097e-11	0.161318
1.8011e-11	0.161524
1.80124e-11	0.161731
1.80137e-11	0.161937
1.80151e-11	0.162144
1.80164e-11	0.162351
1.80178e-11	0.162557
1.80191e-11	0.162764
1.80205e-11	0.162971
1.80218e-11	0.163178
1.80232e-11	0.163386
1.80246e-11	0.163593
1.80259e-11	0.1638
1.80273e-11	0.164007
1.80286e-11	0.164215
1.803e-11	0.164422
1.80313e-11	0.16463
1.80327e-11	0.164837
1.8034e-11	0.165045
1.80354e-11	0.165253
1.80367e-11	0.16546
1.80381e-11	0.165668
1.80394e-11	0.165876
1.80408e-11	0.166084
1.80421e-11	0.166292
1.80435e-11	0.166501
1.80448e-11	0.166709
1.80462e-11	0.166917
1.80475e-11	0.167125
1.80489e-11	0.167334
1.80503e-11	0.167542
1.80516e-11	0.167751
1.8053e-11	0.16796
1.80543e-11	0.168168
1.80557e-11	0.168377
1.8057e-11	0.168586
1.80584e-11	0.168795
1.80597e-11	0.169004
1.80611e-11	0.169213
1.80624e-11	0.169422
1.80638e-11	0.169631
1.80651e-11	0.16984
1.80665e-11	0.17005
1.80678e-11	0.170259
1.80692e-11	0.170468
1.80705e-11	0.170678
1.80719e-11	0.170888
1.80732e-11	0.171097
1.80746e-11	0.171307
1.8076e-11	0.171517
1.80773e-11	0.171727
1.80787e-11	0.171937
1.808e-11	0.172147
1.80814e-11	0.172357
1.80827e-11	0.172567
1.80841e-11	0.172777
1.80854e-11	0.172987
1.80868e-11	0.173198
1.80881e-11	0.173408
1.80895e-11	0.173619
1.80908e-11	0.173829
1.80922e-11	0.17404
1.80935e-11	0.17425
1.80949e-11	0.174461
1.80962e-11	0.174672
1.80976e-11	0.174883
1.80989e-11	0.175094
1.81003e-11	0.175305
1.81017e-11	0.175516
1.8103e-11	0.175727
1.81044e-11	0.175938
1.81057e-11	0.17615
1.81071e-11	0.176361
1.81084e-11	0.176572
1.81098e-11	0.176784
1.81111e-11	0.176995
1.81125e-11	0.177207
1.81138e-11	0.177419
1.81152e-11	0.177631
1.81165e-11	0.177842
1.81179e-11	0.178054
1.81192e-11	0.178266
1.81206e-11	0.178478
1.81219e-11	0.17869
1.81233e-11	0.178903
1.81246e-11	0.179115
1.8126e-11	0.179327
1.81274e-11	0.17954
1.81287e-11	0.179752
1.81301e-11	0.179964
1.81314e-11	0.180177
1.81328e-11	0.18039
1.81341e-11	0.180602
1.81355e-11	0.180815
1.81368e-11	0.181028
1.81382e-11	0.181241
1.81395e-11	0.181454
1.81409e-11	0.181667
1.81422e-11	0.18188
1.81436e-11	0.182093
1.81449e-11	0.182307
1.81463e-11	0.18252
1.81476e-11	0.182733
1.8149e-11	0.182947
1.81503e-11	0.18316
1.81517e-11	0.183374
1.81531e-11	0.183587
1.81544e-11	0.183801
1.81558e-11	0.184015
1.81571e-11	0.184229
1.81585e-11	0.184443
1.81598e-11	0.184657
1.81612e-11	0.184871
1.81625e-11	0.185085
1.81639e-11	0.185299
1.81652e-11	0.185513
1.81666e-11	0.185728
1.81679e-11	0.185942
1.81693e-11	0.186156
1.81706e-11	0.186371
1.8172e-11	0.186585
1.81733e-11	0.1868
1.81747e-11	0.187015
1.8176e-11	0.18723
1.81774e-11	0.187444
1.81788e-11	0.187659
1.81801e-11	0.187874
1.81815e-11	0.188089
1.81828e-11	0.188304
1.81842e-11	0.18852
1.81855e-11	0.188735
1.81869e-11	0.18895
1.81882e-11	0.189165
1.81896e-11	0.189381
1.81909e-11	0.189596
1.81923e-11	0.189812
1.81936e-11	0.190028
1.8195e-11	0.190243
1.81963e-11	0.190459
1.81977e-11	0.190675
1.8199e-11	0.190891
1.82004e-11	0.191107
1.82017e-11	0.191323
1.82031e-11	0.191539
1.82045e-11	0.191755
1.82058e-11	0.191971
1.82072e-11	0.192188
1.82085e-11	0.192404
1.82099e-11	0.19262
1.82112e-11	0.192837
1.82126e-11	0.193053
1.82139e-11	0.19327
1.82153e-11	0.193487
1.82166e-11	0.193703
1.8218e-11	0.19392
1.82193e-11	0.194137
1.82207e-11	0.194354
1.8222e-11	0.194571
1.82234e-11	0.194788
1.82247e-11	0.195005
1.82261e-11	0.195222
1.82274e-11	0.19544
1.82288e-11	0.195657
1.82302e-11	0.195874
1.82315e-11	0.196092
1.82329e-11	0.196309
1.82342e-11	0.196527
1.82356e-11	0.196745
1.82369e-11	0.196962
1.82383e-11	0.19718
1.82396e-11	0.197398
1.8241e-11	0.197616
1.82423e-11	0.197834
1.82437e-11	0.198052
1.8245e-11	0.19827
1.82464e-11	0.198488
1.82477e-11	0.198706
1.82491e-11	0.198925
1.82504e-11	0.199143
1.82518e-11	0.199361
1.82531e-11	0.19958
1.82545e-11	0.199799
1.82559e-11	0.200017
1.82572e-11	0.200236
1.82586e-11	0.200455
1.82599e-11	0.200673
1.82613e-11	0.200892
1.82626e-11	0.201111
1.8264e-11	0.20133
1.82653e-11	0.201549
1.82667e-11	0.201768
1.8268e-11	0.201988
1.82694e-11	0.202207
1.82707e-11	0.202426
1.82721e-11	0.202646
1.82734e-11	0.202865
1.82748e-11	0.203085
1.82761e-11	0.203304
1.82775e-11	0.203524
1.82788e-11	0.203743
1.82802e-11	0.203963
1.82816e-11	0.204183
1.82829e-11	0.204403
1.82843e-11	0.204623
1.82856e-11	0.204843
1.8287e-11	0.205063
1.82883e-11	0.205283
1.82897e-11	0.205503
1.8291e-11	0.205724
1.82924e-11	0.205944
1.82937e-11	0.206164
1.82951e-11	0.206385
1.82964e-11	0.206605
1.82978e-11	0.206826
1.82991e-11	0.207047
1.83005e-11	0.207267
1.83018e-11	0.207488
1.83032e-11	0.207709
1.83045e-11	0.20793
1.83059e-11	0.208151
1.83073e-11	0.208372
1.83086e-11	0.208593
1.831e-11	0.208814
1.83113e-11	0.209035
1.83127e-11	0.209257
1.8314e-11	0.209478
1.83154e-11	0.209699
1.83167e-11	0.209921
1.83181e-11	0.210142
1.83194e-11	0.210364
1.83208e-11	0.210586
1.83221e-11	0.210807
1.83235e-11	0.211029
1.83248e-11	0.211251
1.83262e-11	0.211473
1.83275e-11	0.211695
1.83289e-11	0.211917
1.83302e-11	0.212139
1.83316e-11	0.212361
1.8333e-11	0.212583
1.83343e-11	0.212806
1.83357e-11	0.213028
1.8337e-11	0.21325
1.83384e-11	0.213473
1.83397e-11	0.213695
1.83411e-11	0.213918
1.83424e-11	0.214141
1.83438e-11	0.214363
1.83451e-11	0.214586
1.83465e-11	0.214809
1.83478e-11	0.215032
1.83492e-11	0.215255
1.83505e-11	0.215478
1.83519e-11	0.215701
1.83532e-11	0.215924
1.83546e-11	0.216147
1.83559e-11	0.216371
1.83573e-11	0.216594
1.83587e-11	0.216817
1.836e-11	0.217041
1.83614e-11	0.217264
1.83627e-11	0.217488
1.83641e-11	0.217712
1.83654e-11	0.217935
1.83668e-11	0.218159
1.83681e-11	0.218383
1.83695e-11	0.218607
1.83708e-11	0.218831
1.83722e-11	0.219055
1.83735e-11	0.219279
1.83749e-11	0.219503
1.83762e-11	0.219727
1.83776e-11	0.219951
1.83789e-11	0.220176
1.83803e-11	0.2204
1.83816e-11	0.220625
1.8383e-11	0.220849
1.83844e-11	0.221074
1.83857e-11	0.221298
1.83871e-11	0.221523
1.83884e-11	0.221748
1.83898e-11	0.221972
1.83911e-11	0.222197
1.83925e-11	0.222422
1.83938e-11	0.222647
1.83952e-11	0.222872
1.83965e-11	0.223097
1.83979e-11	0.223323
1.83992e-11	0.223548
1.84006e-11	0.223773
1.84019e-11	0.223998
1.84033e-11	0.224224
1.84046e-11	0.224449
1.8406e-11	0.224675
1.84073e-11	0.2249
1.84087e-11	0.225126
1.84101e-11	0.225352
1.84114e-11	0.225578
1.84128e-11	0.225803
1.84141e-11	0.226029
1.84155e-11	0.226255
1.84168e-11	0.226481
1.84182e-11	0.226707
1.84195e-11	0.226933
1.84209e-11	0.22716
1.84222e-11	0.227386
1.84236e-11	0.227612
1.84249e-11	0.227839
1.84263e-11	0.228065
1.84276e-11	0.228291
1.8429e-11	0.228518
1.84303e-11	0.228745
1.84317e-11	0.228971
1.8433e-11	0.229198
1.84344e-11	0.229425
1.84358e-11	0.229652
1.84371e-11	0.229879
1.84385e-11	0.230106
1.84398e-11	0.230333
1.84412e-11	0.23056
1.84425e-11	0.230787
1.84439e-11	0.231014
1.84452e-11	0.231241
1.84466e-11	0.231469
1.84479e-11	0.231696
1.84493e-11	0.231923
1.84506e-11	0.232151
1.8452e-11	0.232378
1.84533e-11	0.232606
1.84547e-11	0.232834
1.8456e-11	0.233061
1.84574e-11	0.233289
1.84587e-11	0.233517
1.84601e-11	0.233745
1.84615e-11	0.233973
1.84628e-11	0.234201
1.84642e-11	0.234429
1.84655e-11	0.234657
1.84669e-11	0.234885
1.84682e-11	0.235114
1.84696e-11	0.235342
1.84709e-11	0.23557
1.84723e-11	0.235799
1.84736e-11	0.236027
1.8475e-11	0.236256
1.84763e-11	0.236484
1.84777e-11	0.236713
1.8479e-11	0.236942
1.84804e-11	0.237171
1.84817e-11	0.2374
1.84831e-11	0.237628
1.84844e-11	0.237857
1.84858e-11	0.238086
1.84872e-11	0.238315
1.84885e-11	0.238545
1.84899e-11	0.238774
1.84912e-11	0.239003
1.84926e-11	0.239232
1.84939e-11	0.239462
1.84953e-11	0.239691
1.84966e-11	0.239921
1.8498e-11	0.24015
1.84993e-11	0.24038
1.85007e-11	0.240609
1.8502e-11	0.240839
1.85034e-11	0.241069
1.85047e-11	0.241299
1.85061e-11	0.241529
1.85074e-11	0.241759
1.85088e-11	0.241989
1.85101e-11	0.242219
1.85115e-11	0.242449
1.85129e-11	0.242679
1.85142e-11	0.242909
1.85156e-11	0.243139
1.85169e-11	0.24337
1.85183e-11	0.2436
1.85196e-11	0.243831
1.8521e-11	0.244061
1.85223e-11	0.244292
1.85237e-11	0.244522
1.8525e-11	0.244753
1.85264e-11	0.244984
1.85277e-11	0.245215
1.85291e-11	0.245445
1.85304e-11	0.245676
1.85318e-11	0.245907
1.85331e-11	0.246138
1.85345e-11	0.246369
1.85358e-11	0.246601
1.85372e-11	0.246832
1.85386e-11	0.247063
1.85399e-11	0.247294
1.85413e-11	0.247526
1.85426e-11	0.247757
1.8544e-11	0.247989
1.85453e-11	0.24822
1.85467e-11	0.248452
1.8548e-11	0.248683
1.85494e-11	0.248915
1.85507e-11	0.249147
1.85521e-11	0.249379
1.85534e-11	0.24961
1.85548e-11	0.249842
1.85561e-11	0.250074
1.85575e-11	0.250306
1.85588e-11	0.250539
1.85602e-11	0.250771
1.85615e-11	0.251003
1.85629e-11	0.251235
1.85643e-11	0.251467
1.85656e-11	0.2517
1.8567e-11	0.251932
1.85683e-11	0.252165
1.85697e-11	0.252397
1.8571e-11	0.25263
1.85724e-11	0.252863
1.85737e-11	0.253095
1.85751e-11	0.253328
1.85764e-11	0.253561
1.85778e-11	0.253794
1.85791e-11	0.254027
1.85805e-11	0.25426
1.85818e-11	0.254493
1.85832e-11	0.254726
1.85845e-11	0.254959
1.85859e-11	0.255192
1.85873e-11	0.255425
1.85886e-11	0.255659
1.859e-11	0.255892
1.85913e-11	0.256125
1.85927e-11	0.256359
1.8594e-11	0.256592
1.85954e-11	0.256826
1.85967e-11	0.25706
1.85981e-11	0.257293
1.85994e-11	0.257527
1.86008e-11	0.257761
1.86021e-11	0.257995
1.86035e-11	0.258229
1.86048e-11	0.258463
1.86062e-11	0.258697
1.86075e-11	0.258931
1.86089e-11	0.259165
1.86102e-11	0.259399
1.86116e-11	0.259633
1.8613e-11	0.259868
1.86143e-11	0.260102
1.86157e-11	0.260336
1.8617e-11	0.260571
1.86184e-11	0.260805
1.86197e-11	0.26104
1.86211e-11	0.261275
1.86224e-11	0.261509
1.86238e-11	0.261744
1.86251e-11	0.261979
1.86265e-11	0.262214
1.86278e-11	0.262448
1.86292e-11	0.262683
1.86305e-11	0.262918
1.86319e-11	0.263153
1.86332e-11	0.263389
1.86346e-11	0.263624
1.86359e-11	0.263859
1.86373e-11	0.264094
1.86387e-11	0.26433
1.864e-11	0.264565
1.86414e-11	0.2648
1.86427e-11	0.265036
1.86441e-11	0.265271
1.86454e-11	0.265507
1.86468e-11	0.265743
1.86481e-11	0.265978
1.86495e-11	0.266214
1.86508e-11	0.26645
1.86522e-11	0.266686
1.86535e-11	0.266922
1.86549e-11	0.267157
1.86562e-11	0.267393
1.86576e-11	0.26763
1.86589e-11	0.267866
1.86603e-11	0.268102
1.86616e-11	0.268338
1.8663e-11	0.268574
1.86644e-11	0.268811
1.86657e-11	0.269047
1.86671e-11	0.269283
1.86684e-11	0.26952
1.86698e-11	0.269756
1.86711e-11	0.269993
1.86725e-11	0.27023
1.86738e-11	0.270466
1.86752e-11	0.270703
1.86765e-11	0.27094
1.86779e-11	0.271177
1.86792e-11	0.271414
1.86806e-11	0.271651
1.86819e-11	0.271888
1.86833e-11	0.272125
1.86846e-11	0.272362
1.8686e-11	0.272599
1.86873e-11	0.272836
1.86887e-11	0.273073
1.86901e-11	0.273311
1.86914e-11	0.273548
1.86928e-11	0.273786
1.86941e-11	0.274023
1.86955e-11	0.274261
1.86968e-11	0.274498
1.86982e-11	0.274736
1.86995e-11	0.274973
1.87009e-11	0.275211
1.87022e-11	0.275449
1.87036e-11	0.275687
1.87049e-11	0.275925
1.87063e-11	0.276163
1.87076e-11	0.276401
1.8709e-11	0.276639
1.87103e-11	0.276877
1.87117e-11	0.277115
1.8713e-11	0.277353
1.87144e-11	0.277591
1.87158e-11	0.27783
1.87171e-11	0.278068
1.87185e-11	0.278306
1.87198e-11	0.278545
1.87212e-11	0.278783
1.87225e-11	0.279022
1.87239e-11	0.27926
1.87252e-11	0.279499
1.87266e-11	0.279738
1.87279e-11	0.279976
1.87293e-11	0.280215
1.87306e-11	0.280454
1.8732e-11	0.280693
1.87333e-11	0.280932
1.87347e-11	0.281171
1.8736e-11	0.28141
1.87374e-11	0.281649
1.87387e-11	0.281888
1.87401e-11	0.282127
1.87415e-11	0.282367
1.87428e-11	0.282606
1.87442e-11	0.282845
1.87455e-11	0.283085
1.87469e-11	0.283324
1.87482e-11	0.283564
1.87496e-11	0.283803
1.87509e-11	0.284043
1.87523e-11	0.284282
1.87536e-11	0.284522
1.8755e-11	0.284762
1.87563e-11	0.285002
1.87577e-11	0.285242
1.8759e-11	0.285481
1.87604e-11	0.285721
1.87617e-11	0.285961
1.87631e-11	0.286201
1.87644e-11	0.286442
1.87658e-11	0.286682
1.87672e-11	0.286922
1.87685e-11	0.287162
1.87699e-11	0.287402
1.87712e-11	0.287643
1.87726e-11	0.287883
1.87739e-11	0.288124
1.87753e-11	0.288364
1.87766e-11	0.288605
1.8778e-11	0.288845
1.87793e-11	0.289086
1.87807e-11	0.289327
1.8782e-11	0.289567
1.87834e-11	0.289808
1.87847e-11	0.290049
1.87861e-11	0.29029
1.87874e-11	0.290531
1.87888e-11	0.290772
1.87901e-11	0.291013
1.87915e-11	0.291254
1.87929e-11	0.291495
1.87942e-11	0.291736
1.87956e-11	0.291977
1.87969e-11	0.292219
1.87983e-11	0.29246
1.87996e-11	0.292701
1.8801e-11	0.292943
1.88023e-11	0.293184
1.88037e-11	0.293426
1.8805e-11	0.293667
1.88064e-11	0.293909
1.88077e-11	0.29415
1.88091e-11	0.294392
1.88104e-11	0.294634
1.88118e-11	0.294876
1.88131e-11	0.295117
1.88145e-11	0.295359
1.88158e-11	0.295601
1.88172e-11	0.295843
1.88186e-11	0.296085
1.88199e-11	0.296327
1.88213e-11	0.296569
1.88226e-11	0.296812
1.8824e-11	0.297054
1.88253e-11	0.297296
1.88267e-11	0.297538
1.8828e-11	0.297781
1.88294e-11	0.298023
1.88307e-11	0.298266
1.88321e-11	0.298508
1.88334e-11	0.298751
1.88348e-11	0.298993
1.88361e-11	0.299236
1.88375e-11	0.299479
1.88388e-11	0.299721
1.88402e-11	0.299964
1.88415e-11	0.300207
1.88429e-11	0.30045
1.88443e-11	0.300693
1.88456e-11	0.300936
1.8847e-11	0.301179
1.88483e-11	0.301422
1.88497e-11	0.301665
1.8851e-11	0.301908
1.88524e-11	0.302151
1.88537e-11	0.302395
1.88551e-11	0.302638
1.88564e-11	0.302881
1.88578e-11	0.303125
1.88591e-11	0.303368
1.88605e-11	0.303611
1.88618e-11	0.303855
1.88632e-11	0.304099
1.88645e-11	0.304342
1.88659e-11	0.304586
1.88672e-11	0.30483
1.88686e-11	0.305073
1.887e-11	0.305317
1.88713e-11	0.305561
1.88727e-11	0.305805
1.8874e-11	0.306049
1.88754e-11	0.306293
1.88767e-11	0.306537
1.88781e-11	0.306781
1.88794e-11	0.307025
1.88808e-11	0.307269
1.88821e-11	0.307513
1.88835e-11	0.307758
1.88848e-11	0.308002
1.88862e-11	0.308246
1.88875e-11	0.308491
1.88889e-11	0.308735
1.88902e-11	0.30898
1.88916e-11	0.309224
1.88929e-11	0.309469
1.88943e-11	0.309713
1.88957e-11	0.309958
1.8897e-11	0.310203
1.88984e-11	0.310447
1.88997e-11	0.310692
1.89011e-11	0.310937
1.89024e-11	0.311182
1.89038e-11	0.311427
1.89051e-11	0.311672
1.89065e-11	0.311917
1.89078e-11	0.312162
1.89092e-11	0.312407
1.89105e-11	0.312652
1.89119e-11	0.312897
1.89132e-11	0.313142
1.89146e-11	0.313388
1.89159e-11	0.313633
1.89173e-11	0.313878
1.89186e-11	0.314124
1.892e-11	0.314369
1.89214e-11	0.314615
1.89227e-11	0.31486
1.89241e-11	0.315106
1.89254e-11	0.315352
1.89268e-11	0.315597
1.89281e-11	0.315843
1.89295e-11	0.316089
1.89308e-11	0.316335
1.89322e-11	0.31658
1.89335e-11	0.316826
1.89349e-11	0.317072
1.89362e-11	0.317318
1.89376e-11	0.317564
1.89389e-11	0.31781
1.89403e-11	0.318056
1.89416e-11	0.318303
1.8943e-11	0.318549
1.89443e-11	0.318795
1.89457e-11	0.319041
1.89471e-11	0.319288
1.89484e-11	0.319534
1.89498e-11	0.31978
1.89511e-11	0.320027
1.89525e-11	0.320273
1.89538e-11	0.32052
1.89552e-11	0.320766
1.89565e-11	0.321013
1.89579e-11	0.32126
1.89592e-11	0.321506
1.89606e-11	0.321753
1.89619e-11	0.322
1.89633e-11	0.322247
1.89646e-11	0.322494
1.8966e-11	0.322741
1.89673e-11	0.322987
1.89687e-11	0.323234
1.897e-11	0.323482
1.89714e-11	0.323729
1.89728e-11	0.323976
1.89741e-11	0.324223
1.89755e-11	0.32447
1.89768e-11	0.324717
1.89782e-11	0.324965
1.89795e-11	0.325212
1.89809e-11	0.325459
1.89822e-11	0.325707
1.89836e-11	0.325954
1.89849e-11	0.326202
1.89863e-11	0.326449
1.89876e-11	0.326697
1.8989e-11	0.326945
1.89903e-11	0.327192
1.89917e-11	0.32744
1.8993e-11	0.327688
1.89944e-11	0.327935
1.89957e-11	0.328183
1.89971e-11	0.328431
1.89985e-11	0.328679
1.89998e-11	0.328927
1.90012e-11	0.329175
1.90025e-11	0.329423
1.90039e-11	0.329671
1.90052e-11	0.329919
1.90066e-11	0.330167
1.90079e-11	0.330416
1.90093e-11	0.330664
1.90106e-11	0.330912
1.9012e-11	0.33116
1.90133e-11	0.331409
1.90147e-11	0.331657
1.9016e-11	0.331906
1.90174e-11	0.332154
1.90187e-11	0.332403
1.90201e-11	0.332651
1.90214e-11	0.3329
1.90228e-11	0.333148
1.90242e-11	0.333397
1.90255e-11	0.333646
1.90269e-11	0.333895
1.90282e-11	0.334143
1.90296e-11	0.334392
1.90309e-11	0.334641
1.90323e-11	0.33489
1.90336e-11	0.335139
1.9035e-11	0.335388
1.90363e-11	0.335637
1.90377e-11	0.335886
1.9039e-11	0.336135
1.90404e-11	0.336384
1.90417e-11	0.336634
1.90431e-11	0.336883
1.90444e-11	0.337132
1.90458e-11	0.337382
1.90471e-11	0.337631
1.90485e-11	0.33788
1.90499e-11	0.33813
1.90512e-11	0.338379
1.90526e-11	0.338629
1.90539e-11	0.338878
1.90553e-11	0.339128
1.90566e-11	0.339377
1.9058e-11	0.339627
1.90593e-11	0.339877
1.90607e-11	0.340127
1.9062e-11	0.340376
1.90634e-11	0.340626
1.90647e-11	0.340876
1.90661e-11	0.341126
1.90674e-11	0.341376
1.90688e-11	0.341626
1.90701e-11	0.341876
1.90715e-11	0.342126
1.90728e-11	0.342376
1.90742e-11	0.342626
1.90756e-11	0.342876
1.90769e-11	0.343127
1.90783e-11	0.343377
1.90796e-11	0.343627
1.9081e-11	0.343877
1.90823e-11	0.344128
1.90837e-11	0.344378
1.9085e-11	0.344629
1.90864e-11	0.344879
1.90877e-11	0.345129
1.90891e-11	0.34538
1.90904e-11	0.345631
1.90918e-11	0.345881
1.90931e-11	0.346132
1.90945e-11	0.346383
1.90958e-11	0.346633
1.90972e-11	0.346884
1.90985e-11	0.347135
1.90999e-11	0.347386
1.91013e-11	0.347637
1.91026e-11	0.347888
1.9104e-11	0.348138
1.91053e-11	0.348389
1.91067e-11	0.348641
1.9108e-11	0.348892
1.91094e-11	0.349143
1.91107e-11	0.349394
1.91121e-11	0.349645
1.91134e-11	0.349896
1.91148e-11	0.350147
1.91161e-11	0.350399
1.91175e-11	0.35065
1.91188e-11	0.350901
1.91202e-11	0.351153
1.91215e-11	0.351404
1.91229e-11	0.351656
1.91242e-11	0.351907
1.91256e-11	0.352159
1.9127e-11	0.35241
1.91283e-11	0.352662
1.91297e-11	0.352914
1.9131e-11	0.353165
1.91324e-11	0.353417
1.91337e-11	0.353669
1.91351e-11	0.35392
1.91364e-11	0.354172
1.91378e-11	0.354424
1.91391e-11	0.354676
1.91405e-11	0.354928
1.91418e-11	0.35518
1.91432e-11	0.355432
1.91445e-11	0.355684
1.91459e-11	0.355936
1.91472e-11	0.356188
1.91486e-11	0.35644
1.91499e-11	0.356692
1.91513e-11	0.356945
1.91527e-11	0.357197
1.9154e-11	0.357449
1.91554e-11	0.357702
1.91567e-11	0.357954
1.91581e-11	0.358206
1.91594e-11	0.358459
1.91608e-11	0.358711
1.91621e-11	0.358964
1.91635e-11	0.359216
1.91648e-11	0.359469
1.91662e-11	0.359721
1.91675e-11	0.359974
1.91689e-11	0.360227
1.91702e-11	0.360479
1.91716e-11	0.360732
1.91729e-11	0.360985
1.91743e-11	0.361238
1.91756e-11	0.36149
1.9177e-11	0.361743
1.91784e-11	0.361996
1.91797e-11	0.362249
1.91811e-11	0.362502
1.91824e-11	0.362755
1.91838e-11	0.363008
1.91851e-11	0.363261
1.91865e-11	0.363514
1.91878e-11	0.363768
1.91892e-11	0.364021
1.91905e-11	0.364274
1.91919e-11	0.364527
1.91932e-11	0.36478
1.91946e-11	0.365034
1.91959e-11	0.365287
1.91973e-11	0.36554
1.91986e-11	0.365794
1.92e-11	0.366047
1.92013e-11	0.366301
1.92027e-11	0.366554
1.92041e-11	0.366808
1.92054e-11	0.367061
1.92068e-11	0.367315
1.92081e-11	0.367569
1.92095e-11	0.367822
1.92108e-11	0.368076
1.92122e-11	0.36833
1.92135e-11	0.368584
1.92149e-11	0.368837
1.92162e-11	0.369091
1.92176e-11	0.369345
1.92189e-11	0.369599
1.92203e-11	0.369853
1.92216e-11	0.370107
1.9223e-11	0.370361
1.92243e-11	0.370615
1.92257e-11	0.370869
1.9227e-11	0.371123
1.92284e-11	0.371377
1.92298e-11	0.371631
1.92311e-11	0.371885
1.92325e-11	0.37214
1.92338e-11	0.372394
1.92352e-11	0.372648
1.92365e-11	0.372902
1.92379e-11	0.373157
1.92392e-11	0.373411
1.92406e-11	0.373666
1.92419e-11	0.37392
1.92433e-11	0.374175
1.92446e-11	0.374429
1.9246e-11	0.374684
1.92473e-11	0.374938
1.92487e-11	0.375193
1.925e-11	0.375447
1.92514e-11	0.375702
1.92527e-11	0.375957
1.92541e-11	0.376211
1.92555e-11	0.376466
1.92568e-11	0.376721
1.92582e-11	0.376976
1.92595e-11	0.377231
1.92609e-11	0.377485
1.92622e-11	0.37774
1.92636e-11	0.377995
1.92649e-11	0.37825
1.92663e-11	0.378505
1.92676e-11	0.37876
1.9269e-11	0.379015
1.92703e-11	0.37927
1.92717e-11	0.379526
1.9273e-11	0.379781
1.92744e-11	0.380036
1.92757e-11	0.380291
1.92771e-11	0.380546
1.92784e-11	0.380802
1.92798e-11	0.381057
1.92812e-11	0.381312
1.92825e-11	0.381568
1.92839e-11	0.381823
1.92852e-11	0.382078
1.92866e-11	0.382334
1.92879e-11	0.382589
1.92893e-11	0.382845
1.92906e-11	0.3831
1.9292e-11	0.383356
1.92933e-11	0.383611
1.92947e-11	0.383867
1.9296e-11	0.384123
1.92974e-11	0.384378
1.92987e-11	0.384634
1.93001e-11	0.38489
1.93014e-11	0.385146
1.93028e-11	0.385401
1.93041e-11	0.385657
1.93055e-11	0.385913
1.93069e-11	0.386169
1.93082e-11	0.386425
1.93096e-11	0.386681
1.93109e-11	0.386937
1.93123e-11	0.387193
1.93136e-11	0.387449
1.9315e-11	0.387705
1.93163e-11	0.387961
1.93177e-11	0.388217
1.9319e-11	0.388473
1.93204e-11	0.388729
1.93217e-11	0.388986
1.93231e-11	0.389242
1.93244e-11	0.389498
1.93258e-11	0.389754
1.93271e-11	0.390011
1.93285e-11	0.390267
1.93298e-11	0.390523
1.93312e-11	0.39078
1.93326e-11	0.391036
1.93339e-11	0.391293
1.93353e-11	0.391549
1.93366e-11	0.391806
1.9338e-11	0.392062
1.93393e-11	0.392319
1.93407e-11	0.392575
1.9342e-11	0.392832
1.93434e-11	0.393088
1.93447e-11	0.393345
1.93461e-11	0.393602
1.93474e-11	0.393858
1.93488e-11	0.394115
1.93501e-11	0.394372
1.93515e-11	0.394629
1.93528e-11	0.394886
1.93542e-11	0.395142
1.93555e-11	0.395399
1.93569e-11	0.395656
1.93583e-11	0.395913
1.93596e-11	0.39617
1.9361e-11	0.396427
1.93623e-11	0.396684
1.93637e-11	0.396941
1.9365e-11	0.397198
1.93664e-11	0.397455
1.93677e-11	0.397712
1.93691e-11	0.39797
1.93704e-11	0.398227
1.93718e-11	0.398484
1.93731e-11	0.398741
1.93745e-11	0.398998
1.93758e-11	0.399256
1.93772e-11	0.399513
1.93785e-11	0.39977
1.93799e-11	0.400028
1.93812e-11	0.400285
1.93826e-11	0.400542
1.9384e-11	0.4008
1.93853e-11	0.401057
1.93867e-11	0.401315
1.9388e-11	0.401572
1.93894e-11	0.40183
1.93907e-11	0.402087
1.93921e-11	0.402345
1.93934e-11	0.402602
1.93948e-11	0.40286
1.93961e-11	0.403118
1.93975e-11	0.403375
1.93988e-11	0.403633
1.94002e-11	0.403891
1.94015e-11	0.404149
1.94029e-11	0.404406
1.94042e-11	0.404664
1.94056e-11	0.404922
1.94069e-11	0.40518
1.94083e-11	0.405438
1.94097e-11	0.405696
1.9411e-11	0.405954
1.94124e-11	0.406211
1.94137e-11	0.406469
1.94151e-11	0.406727
1.94164e-11	0.406985
1.94178e-11	0.407244
1.94191e-11	0.407502
1.94205e-11	0.40776
1.94218e-11	0.408018
1.94232e-11	0.408276
1.94245e-11	0.408534
1.94259e-11	0.408792
1.94272e-11	0.40905
1.94286e-11	0.409309
1.94299e-11	0.409567
1.94313e-11	0.409825
1.94326e-11	0.410084
1.9434e-11	0.410342
1.94354e-11	0.4106
1.94367e-11	0.410859
1.94381e-11	0.411117
1.94394e-11	0.411375
1.94408e-11	0.411634
1.94421e-11	0.411892
1.94435e-11	0.412151
1.94448e-11	0.412409
1.94462e-11	0.412668
1.94475e-11	0.412926
1.94489e-11	0.413185
1.94502e-11	0.413444
1.94516e-11	0.413702
1.94529e-11	0.413961
1.94543e-11	0.414219
1.94556e-11	0.414478
1.9457e-11	0.414737
1.94583e-11	0.414996
1.94597e-11	0.415254
1.94611e-11	0.415513
1.94624e-11	0.415772
1.94638e-11	0.416031
1.94651e-11	0.41629
1.94665e-11	0.416548
1.94678e-11	0.416807
1.94692e-11	0.417066
1.94705e-11	0.417325
1.94719e-11	0.417584
1.94732e-11	0.417843
1.94746e-11	0.418102
1.94759e-11	0.418361
1.94773e-11	0.41862
1.94786e-11	0.418879
1.948e-11	0.419138
1.94813e-11	0.419397
1.94827e-11	0.419656
1.9484e-11	0.419916
1.94854e-11	0.420175
1.94868e-11	0.420434
1.94881e-11	0.420693
1.94895e-11	0.420952
1.94908e-11	0.421212
1.94922e-11	0.421471
1.94935e-11	0.42173
1.94949e-11	0.42199
1.94962e-11	0.422249
1.94976e-11	0.422508
1.94989e-11	0.422768
1.95003e-11	0.423027
1.95016e-11	0.423286
1.9503e-11	0.423546
1.95043e-11	0.423805
1.95057e-11	0.424065
1.9507e-11	0.424324
1.95084e-11	0.424584
1.95097e-11	0.424843
1.95111e-11	0.425103
1.95125e-11	0.425362
1.95138e-11	0.425622
1.95152e-11	0.425882
1.95165e-11	0.426141
1.95179e-11	0.426401
1.95192e-11	0.426661
1.95206e-11	0.42692
1.95219e-11	0.42718
1.95233e-11	0.42744
1.95246e-11	0.427699
1.9526e-11	0.427959
1.95273e-11	0.428219
1.95287e-11	0.428479
1.953e-11	0.428739
1.95314e-11	0.428998
1.95327e-11	0.429258
1.95341e-11	0.429518
1.95354e-11	0.429778
1.95368e-11	0.430038
1.95382e-11	0.430298
1.95395e-11	0.430558
1.95409e-11	0.430818
1.95422e-11	0.431078
1.95436e-11	0.431338
1.95449e-11	0.431598
1.95463e-11	0.431858
1.95476e-11	0.432118
1.9549e-11	0.432378
1.95503e-11	0.432638
1.95517e-11	0.432898
1.9553e-11	0.433158
1.95544e-11	0.433419
1.95557e-11	0.433679
1.95571e-11	0.433939
1.95584e-11	0.434199
1.95598e-11	0.434459
1.95611e-11	0.43472
1.95625e-11	0.43498
1.95639e-11	0.43524
1.95652e-11	0.4355
1.95666e-11	0.435761
1.95679e-11	0.436021
1.95693e-11	0.436281
1.95706e-11	0.436542
1.9572e-11	0.436802
1.95733e-11	0.437063
1.95747e-11	0.437323
1.9576e-11	0.437583
1.95774e-11	0.437844
1.95787e-11	0.438104
1.95801e-11	0.438365
1.95814e-11	0.438625
1.95828e-11	0.438886
1.95841e-11	0.439146
1.95855e-11	0.439407
1.95868e-11	0.439667
1.95882e-11	0.439928
1.95896e-11	0.440189
1.95909e-11	0.440449
1.95923e-11	0.44071
1.95936e-11	0.440971
1.9595e-11	0.441231
1.95963e-11	0.441492
1.95977e-11	0.441753
1.9599e-11	0.442013
1.96004e-11	0.442274
1.96017e-11	0.442535
1.96031e-11	0.442796
1.96044e-11	0.443056
1.96058e-11	0.443317
1.96071e-11	0.443578
1.96085e-11	0.443839
1.96098e-11	0.4441
1.96112e-11	0.44436
1.96125e-11	0.444621
1.96139e-11	0.444882
1.96153e-11	0.445143
1.96166e-11	0.445404
1.9618e-11	0.445665
1.96193e-11	0.445926
1.96207e-11	0.446187
1.9622e-11	0.446448
1.96234e-11	0.446709
1.96247e-11	0.44697
1.96261e-11	0.447231
1.96274e-11	0.447492
1.96288e-11	0.447753
1.96301e-11	0.448014
1.96315e-11	0.448275
1.96328e-11	0.448536
1.96342e-11	0.448797
1.96355e-11	0.449058
1.96369e-11	0.449319
1.96382e-11	0.449581
1.96396e-11	0.449842
1.9641e-11	0.450103
1.96423e-11	0.450364
1.96437e-11	0.450625
1.9645e-11	0.450886
1.96464e-11	0.451148
1.96477e-11	0.451409
1.96491e-11	0.45167
1.96504e-11	0.451931
1.96518e-11	0.452193
1.96531e-11	0.452454
1.96545e-11	0.452715
1.96558e-11	0.452977
1.96572e-11	0.453238
1.96585e-11	0.453499
1.96599e-11	0.453761
1.96612e-11	0.454022
1.96626e-11	0.454284
1.96639e-11	0.454545
1.96653e-11	0.454806
1.96667e-11	0.455068
1.9668e-11	0.455329
1.96694e-11	0.455591
1.96707e-11	0.455852
1.96721e-11	0.456114
1.96734e-11	0.456375
1.96748e-11	0.456637
1.96761e-11	0.456898
1.96775e-11	0.45716
1.96788e-11	0.457421
1.96802e-11	0.457683
1.96815e-11	0.457944
1.96829e-11	0.458206
1.96842e-11	0.458467
1.96856e-11	0.458729
1.96869e-11	0.458991
1.96883e-11	0.459252
1.96896e-11	0.459514
1.9691e-11	0.459776
1.96924e-11	0.460037
1.96937e-11	0.460299
1.96951e-11	0.460561
1.96964e-11	0.460822
1.96978e-11	0.461084
1.96991e-11	0.461346
1.97005e-11	0.461607
1.97018e-11	0.461869
1.97032e-11	0.462131
1.97045e-11	0.462393
1.97059e-11	0.462654
1.97072e-11	0.462916
1.97086e-11	0.463178
1.97099e-11	0.46344
1.97113e-11	0.463702
1.97126e-11	0.463963
1.9714e-11	0.464225
1.97153e-11	0.464487
1.97167e-11	0.464749
1.97181e-11	0.465011
1.97194e-11	0.465273
1.97208e-11	0.465535
1.97221e-11	0.465796
1.97235e-11	0.466058
1.97248e-11	0.46632
1.97262e-11	0.466582
1.97275e-11	0.466844
1.97289e-11	0.467106
1.97302e-11	0.467368
1.97316e-11	0.46763
1.97329e-11	0.467892
1.97343e-11	0.468154
1.97356e-11	0.468416
1.9737e-11	0.468678
1.97383e-11	0.46894
1.97397e-11	0.469202
1.9741e-11	0.469464
1.97424e-11	0.469726
1.97438e-11	0.469988
1.97451e-11	0.47025
1.97465e-11	0.470512
1.97478e-11	0.470774
1.97492e-11	0.471036
1.97505e-11	0.471298
1.97519e-11	0.471561
1.97532e-11	0.471823
1.97546e-11	0.472085
1.97559e-11	0.472347
1.97573e-11	0.472609
1.97586e-11	0.472871
1.976e-11	0.473133
1.97613e-11	0.473396
1.97627e-11	0.473658
1.9764e-11	0.47392
1.97654e-11	0.474182
1.97667e-11	0.474444
1.97681e-11	0.474706
1.97695e-11	0.474969
1.97708e-11	0.475231
1.97722e-11	0.475493
1.97735e-11	0.475755
1.97749e-11	0.476018
1.97762e-11	0.47628
1.97776e-11	0.476542
1.97789e-11	0.476804
1.97803e-11	0.477067
1.97816e-11	0.477329
1.9783e-11	0.477591
1.97843e-11	0.477854
1.97857e-11	0.478116
1.9787e-11	0.478378
1.97884e-11	0.47864
1.97897e-11	0.478903
1.97911e-11	0.479165
1.97924e-11	0.479427
1.97938e-11	0.47969
1.97952e-11	0.479952
1.97965e-11	0.480214
1.97979e-11	0.480477
1.97992e-11	0.480739
1.98006e-11	0.481002
1.98019e-11	0.481264
1.98033e-11	0.481526
1.98046e-11	0.481789
1.9806e-11	0.482051
1.98073e-11	0.482314
1.98087e-11	0.482576
1.981e-11	0.482838
1.98114e-11	0.483101
1.98127e-11	0.483363
1.98141e-11	0.483626
1.98154e-11	0.483888
1.98168e-11	0.484151
1.98181e-11	0.484413
1.98195e-11	0.484675
1.98209e-11	0.484938
1.98222e-11	0.4852
1.98236e-11	0.485463
1.98249e-11	0.485725
1.98263e-11	0.485988
1.98276e-11	0.48625
1.9829e-11	0.486513
1.98303e-11	0.486775
1.98317e-11	0.487038
1.9833e-11	0.4873
1.98344e-11	0.487563
1.98357e-11	0.487825
1.98371e-11	0.488088
1.98384e-11	0.48835
1.98398e-11	0.488613
1.98411e-11	0.488876
1.98425e-11	0.489138
1.98438e-11	0.489401
1.98452e-11	0.489663
1.98466e-11	0.489926
1.98479e-11	0.490188
1.98493e-11	0.490451
1.98506e-11	0.490713
1.9852e-11	0.490976
1.98533e-11	0.491239
1.98547e-11	0.491501
1.9856e-11	0.491764
1.98574e-11	0.492026
1.98587e-11	0.492289
1.98601e-11	0.492552
1.98614e-11	0.492814
1.98628e-11	0.493077
1.98641e-11	0.493339
1.98655e-11	0.493602
1.98668e-11	0.493865
1.98682e-11	0.494127
1.98695e-11	0.49439
1.98709e-11	0.494652
1.98723e-11	0.494915
1.98736e-11	0.495178
1.9875e-11	0.49544
1.98763e-11	0.495703
1.98777e-11	0.495966
1.9879e-11	0.496228
1.98804e-11	0.496491
1.98817e-11	0.496753
1.98831e-11	0.497016
1.98844e-11	0.497279
1.98858e-11	0.497541
1.98871e-11	0.497804
1.98885e-11	0.498067
1.98898e-11	0.498329
1.98912e-11	0.498592
1.98925e-11	0.498855
1.98939e-11	0.499117
1.98952e-11	0.49938
1.98966e-11	0.499643
1.9898e-11	0.499905
1.98993e-11	0.500168
1.99007e-11	0.500431
1.9902e-11	0.500693
1.99034e-11	0.500956
1.99047e-11	0.501219
1.99061e-11	0.501481
1.99074e-11	0.501744
1.99088e-11	0.502007
1.99101e-11	0.502269
1.99115e-11	0.502532
1.99128e-11	0.502795
1.99142e-11	0.503057
1.99155e-11	0.50332
1.99169e-11	0.503583
1.99182e-11	0.503846
1.99196e-11	0.504108
1.99209e-11	0.504371
1.99223e-11	0.504634
1.99237e-11	0.504896
1.9925e-11	0.505159
1.99264e-11	0.505422
1.99277e-11	0.505684
1.99291e-11	0.505947
1.99304e-11	0.50621
1.99318e-11	0.506472
1.99331e-11	0.506735
1.99345e-11	0.506998
1.99358e-11	0.507261
1.99372e-11	0.507523
1.99385e-11	0.507786
1.99399e-11	0.508049
1.99412e-11	0.508311
1.99426e-11	0.508574
1.99439e-11	0.508837
1.99453e-11	0.509099
1.99466e-11	0.509362
1.9948e-11	0.509625
1.99494e-11	0.509887
1.99507e-11	0.51015
1.99521e-11	0.510413
1.99534e-11	0.510675
1.99548e-11	0.510938
1.99561e-11	0.511201
1.99575e-11	0.511464
1.99588e-11	0.511726
1.99602e-11	0.511989
1.99615e-11	0.512252
1.99629e-11	0.512514
1.99642e-11	0.512777
1.99656e-11	0.51304
1.99669e-11	0.513302
1.99683e-11	0.513565
1.99696e-11	0.513828
1.9971e-11	0.51409
1.99723e-11	0.514353
1.99737e-11	0.514616
1.99751e-11	0.514878
1.99764e-11	0.515141
1.99778e-11	0.515404
1.99791e-11	0.515666
1.99805e-11	0.515929
1.99818e-11	0.516191
1.99832e-11	0.516454
1.99845e-11	0.516717
1.99859e-11	0.516979
1.99872e-11	0.517242
1.99886e-11	0.517505
1.99899e-11	0.517767
1.99913e-11	0.51803
1.99926e-11	0.518293
1.9994e-11	0.518555
1.99953e-11	0.518818
1.99967e-11	0.51908
1.9998e-11	0.519343
1.99994e-11	0.519606
2.00008e-11	0.519868
2.00021e-11	0.520131
2.00035e-11	0.520393
2.00048e-11	0.520656
2.00062e-11	0.520919
2.00075e-11	0.521181
2.00089e-11	0.521444
2.00102e-11	0.521706
2.00116e-11	0.521969
2.00129e-11	0.522232
2.00143e-11	0.522494
2.00156e-11	0.522757
2.0017e-11	0.523019
2.00183e-11	0.523282
2.00197e-11	0.523544
2.0021e-11	0.523807
2.00224e-11	0.524069
2.00237e-11	0.524332
2.00251e-11	0.524595
2.00265e-11	0.524857
2.00278e-11	0.52512
2.00292e-11	0.525382
2.00305e-11	0.525645
2.00319e-11	0.525907
2.00332e-11	0.52617
2.00346e-11	0.526432
2.00359e-11	0.526695
2.00373e-11	0.526957
2.00386e-11	0.52722
2.004e-11	0.527482
2.00413e-11	0.527745
2.00427e-11	0.528007
2.0044e-11	0.52827
2.00454e-11	0.528532
2.00467e-11	0.528794
2.00481e-11	0.529057
2.00494e-11	0.529319
2.00508e-11	0.529582
2.00522e-11	0.529844
2.00535e-11	0.530107
2.00549e-11	0.530369
2.00562e-11	0.530631
2.00576e-11	0.530894
2.00589e-11	0.531156
2.00603e-11	0.531419
2.00616e-11	0.531681
2.0063e-11	0.531943
2.00643e-11	0.532206
2.00657e-11	0.532468
2.0067e-11	0.532731
2.00684e-11	0.532993
2.00697e-11	0.533255
2.00711e-11	0.533518
2.00724e-11	0.53378
2.00738e-11	0.534042
2.00751e-11	0.534305
2.00765e-11	0.534567
2.00779e-11	0.534829
2.00792e-11	0.535091
2.00806e-11	0.535354
2.00819e-11	0.535616
2.00833e-11	0.535878
2.00846e-11	0.536141
2.0086e-11	0.536403
2.00873e-11	0.536665
2.00887e-11	0.536927
2.009e-11	0.53719
2.00914e-11	0.537452
2.00927e-11	0.537714
2.00941e-11	0.537976
2.00954e-11	0.538239
2.00968e-11	0.538501
2.00981e-11	0.538763
2.00995e-11	0.539025
2.01008e-11	0.539287
2.01022e-11	0.539549
2.01036e-11	0.539812
2.01049e-11	0.540074
2.01063e-11	0.540336
2.01076e-11	0.540598
2.0109e-11	0.54086
2.01103e-11	0.541122
2.01117e-11	0.541384
2.0113e-11	0.541646
2.01144e-11	0.541909
2.01157e-11	0.542171
2.01171e-11	0.542433
2.01184e-11	0.542695
2.01198e-11	0.542957
2.01211e-11	0.543219
2.01225e-11	0.543481
2.01238e-11	0.543743
2.01252e-11	0.544005
2.01266e-11	0.544267
2.01279e-11	0.544529
2.01293e-11	0.544791
2.01306e-11	0.545053
2.0132e-11	0.545315
2.01333e-11	0.545577
2.01347e-11	0.545839
2.0136e-11	0.546101
2.01374e-11	0.546363
2.01387e-11	0.546624
2.01401e-11	0.546886
2.01414e-11	0.547148
2.01428e-11	0.54741
2.01441e-11	0.547672
2.01455e-11	0.547934
2.01468e-11	0.548196
2.01482e-11	0.548458
2.01495e-11	0.548719
2.01509e-11	0.548981
2.01523e-11	0.549243
2.01536e-11	0.549505
2.0155e-11	0.549767
2.01563e-11	0.550028
2.01577e-11	0.55029
2.0159e-11	0.550552
2.01604e-11	0.550814
2.01617e-11	0.551075
2.01631e-11	0.551337
2.01644e-11	0.551599
2.01658e-11	0.551861
2.01671e-11	0.552122
2.01685e-11	0.552384
2.01698e-11	0.552646
2.01712e-11	0.552907
2.01725e-11	0.553169
2.01739e-11	0.55343
2.01752e-11	0.553692
2.01766e-11	0.553954
2.0178e-11	0.554215
2.01793e-11	0.554477
2.01807e-11	0.554738
2.0182e-11	0.555
2.01834e-11	0.555261
2.01847e-11	0.555523
2.01861e-11	0.555785
2.01874e-11	0.556046
2.01888e-11	0.556307
2.01901e-11	0.556569
2.01915e-11	0.55683
2.01928e-11	0.557092
2.01942e-11	0.557353
2.01955e-11	0.557615
2.01969e-11	0.557876
2.01982e-11	0.558138
2.01996e-11	0.558399
2.02009e-11	0.55866
2.02023e-11	0.558922
2.02037e-11	0.559183
2.0205e-11	0.559444
2.02064e-11	0.559706
2.02077e-11	0.559967
2.02091e-11	0.560228
2.02104e-11	0.56049
2.02118e-11	0.560751
2.02131e-11	0.561012
2.02145e-11	0.561273
2.02158e-11	0.561534
2.02172e-11	0.561796
2.02185e-11	0.562057
2.02199e-11	0.562318
2.02212e-11	0.562579
2.02226e-11	0.56284
2.02239e-11	0.563101
2.02253e-11	0.563363
2.02266e-11	0.563624
2.0228e-11	0.563885
2.02294e-11	0.564146
2.02307e-11	0.564407
2.02321e-11	0.564668
2.02334e-11	0.564929
2.02348e-11	0.56519
2.02361e-11	0.565451
2.02375e-11	0.565712
2.02388e-11	0.565973
2.02402e-11	0.566234
2.02415e-11	0.566495
2.02429e-11	0.566756
2.02442e-11	0.567017
2.02456e-11	0.567278
2.02469e-11	0.567538
2.02483e-11	0.567799
2.02496e-11	0.56806
2.0251e-11	0.568321
2.02523e-11	0.568582
2.02537e-11	0.568843
2.02551e-11	0.569103
2.02564e-11	0.569364
2.02578e-11	0.569625
2.02591e-11	0.569886
2.02605e-11	0.570146
2.02618e-11	0.570407
2.02632e-11	0.570668
2.02645e-11	0.570928
2.02659e-11	0.571189
2.02672e-11	0.57145
2.02686e-11	0.57171
2.02699e-11	0.571971
2.02713e-11	0.572231
2.02726e-11	0.572492
2.0274e-11	0.572752
2.02753e-11	0.573013
2.02767e-11	0.573273
2.0278e-11	0.573534
2.02794e-11	0.573794
2.02808e-11	0.574055
2.02821e-11	0.574315
2.02835e-11	0.574576
2.02848e-11	0.574836
2.02862e-11	0.575097
2.02875e-11	0.575357
2.02889e-11	0.575617
2.02902e-11	0.575878
2.02916e-11	0.576138
2.02929e-11	0.576398
2.02943e-11	0.576659
2.02956e-11	0.576919
2.0297e-11	0.577179
2.02983e-11	0.577439
2.02997e-11	0.577699
2.0301e-11	0.57796
2.03024e-11	0.57822
2.03037e-11	0.57848
2.03051e-11	0.57874
2.03065e-11	0.579
2.03078e-11	0.57926
2.03092e-11	0.57952
2.03105e-11	0.57978
2.03119e-11	0.58004
2.03132e-11	0.580301
2.03146e-11	0.580561
2.03159e-11	0.58082
2.03173e-11	0.58108
2.03186e-11	0.58134
2.032e-11	0.5816
2.03213e-11	0.58186
2.03227e-11	0.58212
2.0324e-11	0.58238
2.03254e-11	0.58264
2.03267e-11	0.5829
2.03281e-11	0.583159
2.03294e-11	0.583419
2.03308e-11	0.583679
2.03322e-11	0.583939
2.03335e-11	0.584198
2.03349e-11	0.584458
2.03362e-11	0.584718
2.03376e-11	0.584977
2.03389e-11	0.585237
2.03403e-11	0.585497
2.03416e-11	0.585756
2.0343e-11	0.586016
2.03443e-11	0.586275
2.03457e-11	0.586535
2.0347e-11	0.586794
2.03484e-11	0.587054
2.03497e-11	0.587313
2.03511e-11	0.587573
2.03524e-11	0.587832
2.03538e-11	0.588092
2.03551e-11	0.588351
2.03565e-11	0.588611
2.03579e-11	0.58887
2.03592e-11	0.589129
2.03606e-11	0.589388
2.03619e-11	0.589648
2.03633e-11	0.589907
2.03646e-11	0.590166
2.0366e-11	0.590425
2.03673e-11	0.590685
2.03687e-11	0.590944
2.037e-11	0.591203
2.03714e-11	0.591462
2.03727e-11	0.591721
2.03741e-11	0.59198
2.03754e-11	0.592239
2.03768e-11	0.592498
2.03781e-11	0.592757
2.03795e-11	0.593016
2.03808e-11	0.593275
2.03822e-11	0.593534
2.03836e-11	0.593793
2.03849e-11	0.594052
2.03863e-11	0.594311
2.03876e-11	0.59457
2.0389e-11	0.594829
2.03903e-11	0.595088
2.03917e-11	0.595346
2.0393e-11	0.595605
2.03944e-11	0.595864
2.03957e-11	0.596123
2.03971e-11	0.596381
2.03984e-11	0.59664
2.03998e-11	0.596899
2.04011e-11	0.597157
2.04025e-11	0.597416
2.04038e-11	0.597674
2.04052e-11	0.597933
2.04065e-11	0.598191
2.04079e-11	0.59845
2.04093e-11	0.598708
2.04106e-11	0.598967
2.0412e-11	0.599225
2.04133e-11	0.599484
2.04147e-11	0.599742
2.0416e-11	0.6
2.04174e-11	0.600259
2.04187e-11	0.600517
2.04201e-11	0.600775
2.04214e-11	0.601034
2.04228e-11	0.601292
2.04241e-11	0.60155
2.04255e-11	0.601808
2.04268e-11	0.602066
2.04282e-11	0.602325
2.04295e-11	0.602583
2.04309e-11	0.602841
2.04322e-11	0.603099
2.04336e-11	0.603357
2.0435e-11	0.603615
2.04363e-11	0.603873
2.04377e-11	0.604131
2.0439e-11	0.604389
2.04404e-11	0.604647
2.04417e-11	0.604904
2.04431e-11	0.605162
2.04444e-11	0.60542
2.04458e-11	0.605678
2.04471e-11	0.605936
2.04485e-11	0.606193
2.04498e-11	0.606451
2.04512e-11	0.606709
2.04525e-11	0.606967
2.04539e-11	0.607224
2.04552e-11	0.607482
2.04566e-11	0.607739
2.04579e-11	0.607997
2.04593e-11	0.608255
2.04607e-11	0.608512
2.0462e-11	0.60877
2.04634e-11	0.609027
2.04647e-11	0.609284
2.04661e-11	0.609542
2.04674e-11	0.609799
2.04688e-11	0.610057
2.04701e-11	0.610314
2.04715e-11	0.610571
2.04728e-11	0.610828
2.04742e-11	0.611086
2.04755e-11	0.611343
2.04769e-11	0.6116
2.04782e-11	0.611857
2.04796e-11	0.612114
2.04809e-11	0.612371
2.04823e-11	0.612629
2.04836e-11	0.612886
2.0485e-11	0.613143
2.04864e-11	0.6134
2.04877e-11	0.613657
2.04891e-11	0.613913
2.04904e-11	0.61417
2.04918e-11	0.614427
2.04931e-11	0.614684
2.04945e-11	0.614941
2.04958e-11	0.615198
2.04972e-11	0.615454
2.04985e-11	0.615711
2.04999e-11	0.615968
2.05012e-11	0.616225
2.05026e-11	0.616481
2.05039e-11	0.616738
2.05053e-11	0.616994
2.05066e-11	0.617251
2.0508e-11	0.617508
2.05093e-11	0.617764
2.05107e-11	0.61802
2.05121e-11	0.618277
2.05134e-11	0.618533
2.05148e-11	0.61879
2.05161e-11	0.619046
2.05175e-11	0.619302
2.05188e-11	0.619559
2.05202e-11	0.619815
2.05215e-11	0.620071
2.05229e-11	0.620327
2.05242e-11	0.620584
2.05256e-11	0.62084
2.05269e-11	0.621096
2.05283e-11	0.621352
2.05296e-11	0.621608
2.0531e-11	0.621864
2.05323e-11	0.62212
2.05337e-11	0.622376
2.0535e-11	0.622632
2.05364e-11	0.622888
2.05378e-11	0.623144
2.05391e-11	0.623399
2.05405e-11	0.623655
2.05418e-11	0.623911
2.05432e-11	0.624167
2.05445e-11	0.624422
2.05459e-11	0.624678
2.05472e-11	0.624934
2.05486e-11	0.625189
2.05499e-11	0.625445
2.05513e-11	0.625701
2.05526e-11	0.625956
2.0554e-11	0.626212
2.05553e-11	0.626467
2.05567e-11	0.626722
2.0558e-11	0.626978
2.05594e-11	0.627233
2.05607e-11	0.627489
2.05621e-11	0.627744
2.05635e-11	0.627999
2.05648e-11	0.628254
2.05662e-11	0.62851
2.05675e-11	0.628765
2.05689e-11	0.62902
2.05702e-11	0.629275
2.05716e-11	0.62953
2.05729e-11	0.629785
2.05743e-11	0.63004
2.05756e-11	0.630295
2.0577e-11	0.63055
2.05783e-11	0.630805
2.05797e-11	0.63106
2.0581e-11	0.631315
2.05824e-11	0.631569
2.05837e-11	0.631824
2.05851e-11	0.632079
2.05864e-11	0.632334
2.05878e-11	0.632588
2.05892e-11	0.632843
2.05905e-11	0.633098
2.05919e-11	0.633352
2.05932e-11	0.633607
2.05946e-11	0.633861
2.05959e-11	0.634116
2.05973e-11	0.63437
2.05986e-11	0.634625
2.06e-11	0.634879
2.06013e-11	0.635133
2.06027e-11	0.635388
2.0604e-11	0.635642
2.06054e-11	0.635896
2.06067e-11	0.63615
2.06081e-11	0.636404
2.06094e-11	0.636659
2.06108e-11	0.636913
2.06121e-11	0.637167
2.06135e-11	0.637421
2.06149e-11	0.637675
2.06162e-11	0.637929
2.06176e-11	0.638183
2.06189e-11	0.638436
2.06203e-11	0.63869
2.06216e-11	0.638944
2.0623e-11	0.639198
2.06243e-11	0.639452
2.06257e-11	0.639705
2.0627e-11	0.639959
2.06284e-11	0.640213
2.06297e-11	0.640466
2.06311e-11	0.64072
2.06324e-11	0.640973
2.06338e-11	0.641227
2.06351e-11	0.64148
2.06365e-11	0.641734
2.06378e-11	0.641987
2.06392e-11	0.642241
2.06406e-11	0.642494
2.06419e-11	0.642747
2.06433e-11	0.643
2.06446e-11	0.643254
2.0646e-11	0.643507
2.06473e-11	0.64376
2.06487e-11	0.644013
2.065e-11	0.644266
2.06514e-11	0.644519
2.06527e-11	0.644772
2.06541e-11	0.645025
2.06554e-11	0.645278
2.06568e-11	0.645531
2.06581e-11	0.645784
2.06595e-11	0.646037
2.06608e-11	0.646289
2.06622e-11	0.646542
2.06635e-11	0.646795
2.06649e-11	0.647047
2.06663e-11	0.6473
2.06676e-11	0.647553
2.0669e-11	0.647805
2.06703e-11	0.648058
2.06717e-11	0.64831
2.0673e-11	0.648562
2.06744e-11	0.648815
2.06757e-11	0.649067
2.06771e-11	0.64932
2.06784e-11	0.649572
2.06798e-11	0.649824
2.06811e-11	0.650076
2.06825e-11	0.650328
2.06838e-11	0.650581
2.06852e-11	0.650833
2.06865e-11	0.651085
2.06879e-11	0.651337
2.06892e-11	0.651589
2.06906e-11	0.651841
2.0692e-11	0.652092
2.06933e-11	0.652344
2.06947e-11	0.652596
2.0696e-11	0.652848
2.06974e-11	0.6531
2.06987e-11	0.653351
2.07001e-11	0.653603
2.07014e-11	0.653855
2.07028e-11	0.654106
2.07041e-11	0.654358
2.07055e-11	0.654609
2.07068e-11	0.654861
2.07082e-11	0.655112
2.07095e-11	0.655364
2.07109e-11	0.655615
2.07122e-11	0.655866
2.07136e-11	0.656117
2.07149e-11	0.656369
2.07163e-11	0.65662
2.07177e-11	0.656871
2.0719e-11	0.657122
2.07204e-11	0.657373
2.07217e-11	0.657624
2.07231e-11	0.657875
2.07244e-11	0.658126
2.07258e-11	0.658377
2.07271e-11	0.658628
2.07285e-11	0.658879
2.07298e-11	0.659129
2.07312e-11	0.65938
2.07325e-11	0.659631
2.07339e-11	0.659881
2.07352e-11	0.660132
2.07366e-11	0.660383
2.07379e-11	0.660633
2.07393e-11	0.660884
2.07406e-11	0.661134
2.0742e-11	0.661384
2.07434e-11	0.661635
2.07447e-11	0.661885
2.07461e-11	0.662135
2.07474e-11	0.662386
2.07488e-11	0.662636
2.07501e-11	0.662886
2.07515e-11	0.663136
2.07528e-11	0.663386
2.07542e-11	0.663636
2.07555e-11	0.663886
2.07569e-11	0.664136
2.07582e-11	0.664386
2.07596e-11	0.664636
2.07609e-11	0.664886
2.07623e-11	0.665135
2.07636e-11	0.665385
2.0765e-11	0.665635
2.07663e-11	0.665884
2.07677e-11	0.666134
2.07691e-11	0.666384
2.07704e-11	0.666633
2.07718e-11	0.666883
2.07731e-11	0.667132
2.07745e-11	0.667381
2.07758e-11	0.667631
2.07772e-11	0.66788
2.07785e-11	0.668129
2.07799e-11	0.668378
2.07812e-11	0.668628
2.07826e-11	0.668877
2.07839e-11	0.669126
2.07853e-11	0.669375
2.07866e-11	0.669624
2.0788e-11	0.669873
2.07893e-11	0.670122
2.07907e-11	0.670371
2.0792e-11	0.670619
2.07934e-11	0.670868
2.07948e-11	0.671117
2.07961e-11	0.671366
2.07975e-11	0.671614
2.07988e-11	0.671863
2.08002e-11	0.672111
2.08015e-11	0.67236
2.08029e-11	0.672608
2.08042e-11	0.672857
2.08056e-11	0.673105
2.08069e-11	0.673353
2.08083e-11	0.673602
2.08096e-11	0.67385
2.0811e-11	0.674098
2.08123e-11	0.674346
2.08137e-11	0.674594
2.0815e-11	0.674842
2.08164e-11	0.67509
2.08177e-11	0.675338
2.08191e-11	0.675586
2.08205e-11	0.675834
2.08218e-11	0.676082
2.08232e-11	0.67633
2.08245e-11	0.676578
2.08259e-11	0.676825
2.08272e-11	0.677073
2.08286e-11	0.67732
2.08299e-11	0.677568
2.08313e-11	0.677816
2.08326e-11	0.678063
2.0834e-11	0.67831
2.08353e-11	0.678558
2.08367e-11	0.678805
2.0838e-11	0.679052
2.08394e-11	0.6793
2.08407e-11	0.679547
2.08421e-11	0.679794
2.08434e-11	0.680041
2.08448e-11	0.680288
2.08462e-11	0.680535
2.08475e-11	0.680782
2.08489e-11	0.681029
2.08502e-11	0.681276
2.08516e-11	0.681522
2.08529e-11	0.681769
2.08543e-11	0.682016
2.08556e-11	0.682263
2.0857e-11	0.682509
2.08583e-11	0.682756
2.08597e-11	0.683002
2.0861e-11	0.683249
2.08624e-11	0.683495
2.08637e-11	0.683742
2.08651e-11	0.683988
2.08664e-11	0.684234
2.08678e-11	0.68448
2.08691e-11	0.684727
2.08705e-11	0.684973
2.08719e-11	0.685219
2.08732e-11	0.685465
2.08746e-11	0.685711
2.08759e-11	0.685957
2.08773e-11	0.686203
2.08786e-11	0.686449
2.088e-11	0.686694
2.08813e-11	0.68694
2.08827e-11	0.687186
2.0884e-11	0.687431
2.08854e-11	0.687677
2.08867e-11	0.687923
2.08881e-11	0.688168
2.08894e-11	0.688414
2.08908e-11	0.688659
2.08921e-11	0.688904
2.08935e-11	0.68915
2.08948e-11	0.689395
2.08962e-11	0.68964
2.08976e-11	0.689885
2.08989e-11	0.69013
2.09003e-11	0.690375
2.09016e-11	0.69062
2.0903e-11	0.690865
2.09043e-11	0.69111
2.09057e-11	0.691355
2.0907e-11	0.6916
2.09084e-11	0.691845
2.09097e-11	0.692089
2.09111e-11	0.692334
2.09124e-11	0.692579
2.09138e-11	0.692823
2.09151e-11	0.693068
2.09165e-11	0.693312
2.09178e-11	0.693556
2.09192e-11	0.693801
2.09205e-11	0.694045
2.09219e-11	0.694289
2.09233e-11	0.694534
2.09246e-11	0.694778
2.0926e-11	0.695022
2.09273e-11	0.695266
2.09287e-11	0.69551
2.093e-11	0.695754
2.09314e-11	0.695998
2.09327e-11	0.696241
2.09341e-11	0.696485
2.09354e-11	0.696729
2.09368e-11	0.696973
2.09381e-11	0.697216
2.09395e-11	0.69746
2.09408e-11	0.697703
2.09422e-11	0.697947
2.09435e-11	0.69819
2.09449e-11	0.698434
2.09462e-11	0.698677
2.09476e-11	0.69892
2.0949e-11	0.699163
2.09503e-11	0.699407
2.09517e-11	0.69965
2.0953e-11	0.699893
2.09544e-11	0.700136
2.09557e-11	0.700379
2.09571e-11	0.700622
2.09584e-11	0.700865
2.09598e-11	0.701107
2.09611e-11	0.70135
2.09625e-11	0.701593
2.09638e-11	0.701835
2.09652e-11	0.702078
2.09665e-11	0.702321
2.09679e-11	0.702563
2.09692e-11	0.702805
2.09706e-11	0.703048
2.09719e-11	0.70329
2.09733e-11	0.703532
2.09747e-11	0.703775
2.0976e-11	0.704017
2.09774e-11	0.704259
2.09787e-11	0.704501
2.09801e-11	0.704743
2.09814e-11	0.704985
2.09828e-11	0.705227
2.09841e-11	0.705468
2.09855e-11	0.70571
2.09868e-11	0.705952
2.09882e-11	0.706194
2.09895e-11	0.706435
2.09909e-11	0.706677
2.09922e-11	0.706918
2.09936e-11	0.70716
2.09949e-11	0.707401
2.09963e-11	0.707642
2.09976e-11	0.707884
2.0999e-11	0.708125
2.10004e-11	0.708366
2.10017e-11	0.708607
2.10031e-11	0.708848
2.10044e-11	0.709089
2.10058e-11	0.70933
2.10071e-11	0.709571
2.10085e-11	0.709812
2.10098e-11	0.710053
2.10112e-11	0.710294
2.10125e-11	0.710534
2.10139e-11	0.710775
2.10152e-11	0.711015
2.10166e-11	0.711256
2.10179e-11	0.711496
2.10193e-11	0.711737
2.10206e-11	0.711977
2.1022e-11	0.712217
2.10233e-11	0.712458
2.10247e-11	0.712698
2.10261e-11	0.712938
2.10274e-11	0.713178
2.10288e-11	0.713418
2.10301e-11	0.713658
2.10315e-11	0.713898
2.10328e-11	0.714138
2.10342e-11	0.714377
2.10355e-11	0.714617
2.10369e-11	0.714857
2.10382e-11	0.715096
2.10396e-11	0.715336
2.10409e-11	0.715575
2.10423e-11	0.715815
2.10436e-11	0.716054
2.1045e-11	0.716294
2.10463e-11	0.716533
2.10477e-11	0.716772
2.1049e-11	0.717011
2.10504e-11	0.71725
2.10518e-11	0.717489
2.10531e-11	0.717728
2.10545e-11	0.717967
2.10558e-11	0.718206
2.10572e-11	0.718445
2.10585e-11	0.718684
2.10599e-11	0.718922
2.10612e-11	0.719161
2.10626e-11	0.719399
2.10639e-11	0.719638
2.10653e-11	0.719876
2.10666e-11	0.720115
2.1068e-11	0.720353
2.10693e-11	0.720591
2.10707e-11	0.72083
2.1072e-11	0.721068
2.10734e-11	0.721306
2.10747e-11	0.721544
2.10761e-11	0.721782
2.10775e-11	0.72202
2.10788e-11	0.722258
2.10802e-11	0.722495
2.10815e-11	0.722733
2.10829e-11	0.722971
2.10842e-11	0.723208
2.10856e-11	0.723446
2.10869e-11	0.723684
2.10883e-11	0.723921
2.10896e-11	0.724158
2.1091e-11	0.724396
2.10923e-11	0.724633
2.10937e-11	0.72487
2.1095e-11	0.725107
2.10964e-11	0.725344
2.10977e-11	0.725581
2.10991e-11	0.725818
2.11004e-11	0.726055
2.11018e-11	0.726292
2.11032e-11	0.726529
2.11045e-11	0.726766
2.11059e-11	0.727002
2.11072e-11	0.727239
2.11086e-11	0.727476
2.11099e-11	0.727712
2.11113e-11	0.727948
2.11126e-11	0.728185
2.1114e-11	0.728421
2.11153e-11	0.728657
2.11167e-11	0.728894
2.1118e-11	0.72913
2.11194e-11	0.729366
2.11207e-11	0.729602
2.11221e-11	0.729838
2.11234e-11	0.730074
2.11248e-11	0.730309
2.11261e-11	0.730545
2.11275e-11	0.730781
2.11289e-11	0.731016
2.11302e-11	0.731252
2.11316e-11	0.731487
2.11329e-11	0.731723
2.11343e-11	0.731958
2.11356e-11	0.732194
2.1137e-11	0.732429
2.11383e-11	0.732664
2.11397e-11	0.732899
2.1141e-11	0.733134
2.11424e-11	0.733369
2.11437e-11	0.733604
2.11451e-11	0.733839
2.11464e-11	0.734074
2.11478e-11	0.734309
2.11491e-11	0.734543
2.11505e-11	0.734778
2.11518e-11	0.735013
2.11532e-11	0.735247
2.11546e-11	0.735482
2.11559e-11	0.735716
2.11573e-11	0.73595
2.11586e-11	0.736184
2.116e-11	0.736419
2.11613e-11	0.736653
2.11627e-11	0.736887
2.1164e-11	0.737121
2.11654e-11	0.737355
2.11667e-11	0.737589
2.11681e-11	0.737822
2.11694e-11	0.738056
2.11708e-11	0.73829
2.11721e-11	0.738523
2.11735e-11	0.738757
2.11748e-11	0.73899
2.11762e-11	0.739224
2.11775e-11	0.739457
2.11789e-11	0.739691
2.11803e-11	0.739924
2.11816e-11	0.740157
2.1183e-11	0.74039
2.11843e-11	0.740623
2.11857e-11	0.740856
2.1187e-11	0.741089
2.11884e-11	0.741322
2.11897e-11	0.741555
2.11911e-11	0.741787
2.11924e-11	0.74202
2.11938e-11	0.742253
2.11951e-11	0.742485
2.11965e-11	0.742718
2.11978e-11	0.74295
2.11992e-11	0.743182
2.12005e-11	0.743415
2.12019e-11	0.743647
2.12032e-11	0.743879
2.12046e-11	0.744111
2.1206e-11	0.744343
2.12073e-11	0.744575
2.12087e-11	0.744807
2.121e-11	0.745039
2.12114e-11	0.74527
2.12127e-11	0.745502
2.12141e-11	0.745734
2.12154e-11	0.745965
2.12168e-11	0.746197
2.12181e-11	0.746428
2.12195e-11	0.746659
2.12208e-11	0.746891
2.12222e-11	0.747122
2.12235e-11	0.747353
2.12249e-11	0.747584
2.12262e-11	0.747815
2.12276e-11	0.748046
2.12289e-11	0.748277
2.12303e-11	0.748508
2.12317e-11	0.748738
2.1233e-11	0.748969
2.12344e-11	0.7492
2.12357e-11	0.74943
2.12371e-11	0.749661
2.12384e-11	0.749891
2.12398e-11	0.750121
2.12411e-11	0.750352
2.12425e-11	0.750582
2.12438e-11	0.750812
2.12452e-11	0.751042
2.12465e-11	0.751272
2.12479e-11	0.751502
2.12492e-11	0.751732
2.12506e-11	0.751962
2.12519e-11	0.752191
2.12533e-11	0.752421
2.12546e-11	0.752651
2.1256e-11	0.75288
2.12574e-11	0.75311
2.12587e-11	0.753339
2.12601e-11	0.753568
2.12614e-11	0.753797
2.12628e-11	0.754027
2.12641e-11	0.754256
2.12655e-11	0.754485
2.12668e-11	0.754714
2.12682e-11	0.754943
2.12695e-11	0.755172
2.12709e-11	0.7554
2.12722e-11	0.755629
2.12736e-11	0.755858
2.12749e-11	0.756086
2.12763e-11	0.756315
2.12776e-11	0.756543
2.1279e-11	0.756771
2.12803e-11	0.757
2.12817e-11	0.757228
2.12831e-11	0.757456
2.12844e-11	0.757684
2.12858e-11	0.757912
2.12871e-11	0.75814
2.12885e-11	0.758368
2.12898e-11	0.758596
2.12912e-11	0.758824
2.12925e-11	0.759051
2.12939e-11	0.759279
2.12952e-11	0.759506
2.12966e-11	0.759734
2.12979e-11	0.759961
2.12993e-11	0.760188
2.13006e-11	0.760416
2.1302e-11	0.760643
2.13033e-11	0.76087
2.13047e-11	0.761097
2.1306e-11	0.761324
2.13074e-11	0.761551
2.13088e-11	0.761778
2.13101e-11	0.762004
2.13115e-11	0.762231
2.13128e-11	0.762458
2.13142e-11	0.762684
2.13155e-11	0.762911
2.13169e-11	0.763137
2.13182e-11	0.763363
2.13196e-11	0.76359
2.13209e-11	0.763816
2.13223e-11	0.764042
2.13236e-11	0.764268
2.1325e-11	0.764494
2.13263e-11	0.76472
2.13277e-11	0.764945
2.1329e-11	0.765171
2.13304e-11	0.765397
2.13317e-11	0.765622
2.13331e-11	0.765848
2.13345e-11	0.766073
2.13358e-11	0.766299
2.13372e-11	0.766524
2.13385e-11	0.766749
2.13399e-11	0.766975
2.13412e-11	0.7672
2.13426e-11	0.767425
2.13439e-11	0.76765
2.13453e-11	0.767874
2.13466e-11	0.768099
2.1348e-11	0.768324
2.13493e-11	0.768549
2.13507e-11	0.768773
2.1352e-11	0.768998
2.13534e-11	0.769222
2.13547e-11	0.769446
2.13561e-11	0.769671
2.13574e-11	0.769895
2.13588e-11	0.770119
2.13602e-11	0.770343
2.13615e-11	0.770567
2.13629e-11	0.770791
2.13642e-11	0.771015
2.13656e-11	0.771239
2.13669e-11	0.771463
2.13683e-11	0.771686
2.13696e-11	0.77191
2.1371e-11	0.772133
2.13723e-11	0.772357
2.13737e-11	0.77258
2.1375e-11	0.772803
2.13764e-11	0.773026
2.13777e-11	0.773249
2.13791e-11	0.773472
2.13804e-11	0.773695
2.13818e-11	0.773918
2.13831e-11	0.774141
2.13845e-11	0.774364
2.13859e-11	0.774587
2.13872e-11	0.774809
2.13886e-11	0.775032
2.13899e-11	0.775254
2.13913e-11	0.775476
2.13926e-11	0.775699
2.1394e-11	0.775921
2.13953e-11	0.776143
2.13967e-11	0.776365
2.1398e-11	0.776587
2.13994e-11	0.776809
2.14007e-11	0.777031
2.14021e-11	0.777253
2.14034e-11	0.777474
2.14048e-11	0.777696
2.14061e-11	0.777917
2.14075e-11	0.778139
2.14088e-11	0.77836
2.14102e-11	0.778582
2.14116e-11	0.778803
2.14129e-11	0.779024
2.14143e-11	0.779245
2.14156e-11	0.779466
2.1417e-11	0.779687
2.14183e-11	0.779908
2.14197e-11	0.780129
2.1421e-11	0.780349
2.14224e-11	0.78057
2.14237e-11	0.780791
2.14251e-11	0.781011
2.14264e-11	0.781231
2.14278e-11	0.781452
2.14291e-11	0.781672
2.14305e-11	0.781892
2.14318e-11	0.782112
2.14332e-11	0.782332
2.14345e-11	0.782552
2.14359e-11	0.782772
2.14373e-11	0.782992
2.14386e-11	0.783211
2.144e-11	0.783431
2.14413e-11	0.783651
2.14427e-11	0.78387
2.1444e-11	0.784089
2.14454e-11	0.784309
2.14467e-11	0.784528
2.14481e-11	0.784747
2.14494e-11	0.784966
2.14508e-11	0.785185
2.14521e-11	0.785404
2.14535e-11	0.785623
2.14548e-11	0.785842
2.14562e-11	0.78606
2.14575e-11	0.786279
2.14589e-11	0.786498
2.14602e-11	0.786716
2.14616e-11	0.786934
2.1463e-11	0.787153
2.14643e-11	0.787371
2.14657e-11	0.787589
2.1467e-11	0.787807
2.14684e-11	0.788025
2.14697e-11	0.788243
2.14711e-11	0.788461
2.14724e-11	0.788679
2.14738e-11	0.788896
2.14751e-11	0.789114
2.14765e-11	0.789331
2.14778e-11	0.789549
2.14792e-11	0.789766
2.14805e-11	0.789983
2.14819e-11	0.790201
2.14832e-11	0.790418
2.14846e-11	0.790635
2.14859e-11	0.790852
2.14873e-11	0.791069
2.14887e-11	0.791285
2.149e-11	0.791502
2.14914e-11	0.791719
2.14927e-11	0.791935
2.14941e-11	0.792152
2.14954e-11	0.792368
2.14968e-11	0.792584
2.14981e-11	0.792801
2.14995e-11	0.793017
2.15008e-11	0.793233
2.15022e-11	0.793449
2.15035e-11	0.793665
2.15049e-11	0.793881
2.15062e-11	0.794096
2.15076e-11	0.794312
2.15089e-11	0.794528
2.15103e-11	0.794743
2.15116e-11	0.794959
2.1513e-11	0.795174
2.15144e-11	0.795389
2.15157e-11	0.795604
2.15171e-11	0.795819
2.15184e-11	0.796035
2.15198e-11	0.796249
2.15211e-11	0.796464
2.15225e-11	0.796679
2.15238e-11	0.796894
2.15252e-11	0.797108
2.15265e-11	0.797323
2.15279e-11	0.797537
2.15292e-11	0.797752
2.15306e-11	0.797966
2.15319e-11	0.79818
2.15333e-11	0.798394
2.15346e-11	0.798608
2.1536e-11	0.798822
2.15373e-11	0.799036
2.15387e-11	0.79925
2.15401e-11	0.799464
2.15414e-11	0.799677
2.15428e-11	0.799891
2.15441e-11	0.800104
2.15455e-11	0.800318
2.15468e-11	0.800531
2.15482e-11	0.800744
2.15495e-11	0.800957
2.15509e-11	0.801171
2.15522e-11	0.801383
2.15536e-11	0.801596
2.15549e-11	0.801809
2.15563e-11	0.802022
2.15576e-11	0.802235
2.1559e-11	0.802447
2.15603e-11	0.80266
2.15617e-11	0.802872
2.1563e-11	0.803084
2.15644e-11	0.803297
2.15658e-11	0.803509
2.15671e-11	0.803721
2.15685e-11	0.803933
2.15698e-11	0.804145
2.15712e-11	0.804356
2.15725e-11	0.804568
2.15739e-11	0.80478
2.15752e-11	0.804991
2.15766e-11	0.805203
2.15779e-11	0.805414
2.15793e-11	0.805625
2.15806e-11	0.805837
2.1582e-11	0.806048
2.15833e-11	0.806259
2.15847e-11	0.80647
2.1586e-11	0.806681
2.15874e-11	0.806891
2.15887e-11	0.807102
2.15901e-11	0.807313
2.15915e-11	0.807523
2.15928e-11	0.807734
2.15942e-11	0.807944
2.15955e-11	0.808154
2.15969e-11	0.808365
2.15982e-11	0.808575
2.15996e-11	0.808785
2.16009e-11	0.808995
2.16023e-11	0.809205
2.16036e-11	0.809414
2.1605e-11	0.809624
2.16063e-11	0.809834
2.16077e-11	0.810043
2.1609e-11	0.810253
2.16104e-11	0.810462
2.16117e-11	0.810671
2.16131e-11	0.81088
2.16144e-11	0.81109
2.16158e-11	0.811299
2.16172e-11	0.811507
2.16185e-11	0.811716
2.16199e-11	0.811925
2.16212e-11	0.812134
2.16226e-11	0.812342
2.16239e-11	0.812551
2.16253e-11	0.812759
2.16266e-11	0.812968
2.1628e-11	0.813176
2.16293e-11	0.813384
2.16307e-11	0.813592
2.1632e-11	0.8138
2.16334e-11	0.814008
2.16347e-11	0.814216
2.16361e-11	0.814423
2.16374e-11	0.814631
2.16388e-11	0.814838
2.16401e-11	0.815046
2.16415e-11	0.815253
2.16429e-11	0.815461
2.16442e-11	0.815668
2.16456e-11	0.815875
2.16469e-11	0.816082
2.16483e-11	0.816289
2.16496e-11	0.816496
2.1651e-11	0.816702
2.16523e-11	0.816909
2.16537e-11	0.817116
2.1655e-11	0.817322
2.16564e-11	0.817529
2.16577e-11	0.817735
2.16591e-11	0.817941
2.16604e-11	0.818147
2.16618e-11	0.818353
2.16631e-11	0.818559
2.16645e-11	0.818765
2.16659e-11	0.818971
2.16672e-11	0.819177
2.16686e-11	0.819382
2.16699e-11	0.819588
2.16713e-11	0.819793
2.16726e-11	0.819999
2.1674e-11	0.820204
2.16753e-11	0.820409
2.16767e-11	0.820614
2.1678e-11	0.820819
2.16794e-11	0.821024
2.16807e-11	0.821229
2.16821e-11	0.821433
2.16834e-11	0.821638
2.16848e-11	0.821843
2.16861e-11	0.822047
2.16875e-11	0.822251
2.16888e-11	0.822456
2.16902e-11	0.82266
2.16916e-11	0.822864
2.16929e-11	0.823068
2.16943e-11	0.823272
2.16956e-11	0.823476
2.1697e-11	0.823679
2.16983e-11	0.823883
2.16997e-11	0.824087
2.1701e-11	0.82429
2.17024e-11	0.824494
2.17037e-11	0.824697
2.17051e-11	0.8249
2.17064e-11	0.825103
2.17078e-11	0.825306
2.17091e-11	0.825509
2.17105e-11	0.825712
2.17118e-11	0.825915
2.17132e-11	0.826117
2.17145e-11	0.82632
2.17159e-11	0.826522
2.17173e-11	0.826725
2.17186e-11	0.826927
2.172e-11	0.827129
2.17213e-11	0.827331
2.17227e-11	0.827533
2.1724e-11	0.827735
2.17254e-11	0.827937
2.17267e-11	0.828139
2.17281e-11	0.828341
2.17294e-11	0.828542
2.17308e-11	0.828744
2.17321e-11	0.828945
2.17335e-11	0.829146
2.17348e-11	0.829347
2.17362e-11	0.829549
2.17375e-11	0.82975
2.17389e-11	0.829951
2.17402e-11	0.830151
2.17416e-11	0.830352
2.1743e-11	0.830553
2.17443e-11	0.830753
2.17457e-11	0.830954
2.1747e-11	0.831154
2.17484e-11	0.831354
2.17497e-11	0.831555
2.17511e-11	0.831755
2.17524e-11	0.831955
2.17538e-11	0.832155
2.17551e-11	0.832355
2.17565e-11	0.832554
2.17578e-11	0.832754
2.17592e-11	0.832954
2.17605e-11	0.833153
2.17619e-11	0.833352
2.17632e-11	0.833552
2.17646e-11	0.833751
2.17659e-11	0.83395
2.17673e-11	0.834149
2.17687e-11	0.834348
2.177e-11	0.834547
2.17714e-11	0.834745
2.17727e-11	0.834944
2.17741e-11	0.835142
2.17754e-11	0.835341
2.17768e-11	0.835539
2.17781e-11	0.835737
2.17795e-11	0.835936
2.17808e-11	0.836134
2.17822e-11	0.836332
2.17835e-11	0.836529
2.17849e-11	0.836727
2.17862e-11	0.836925
2.17876e-11	0.837122
2.17889e-11	0.83732
2.17903e-11	0.837517
2.17916e-11	0.837715
2.1793e-11	0.837912
2.17944e-11	0.838109
2.17957e-11	0.838306
2.17971e-11	0.838503
2.17984e-11	0.8387
2.17998e-11	0.838897
2.18011e-11	0.839093
2.18025e-11	0.83929
2.18038e-11	0.839486
2.18052e-11	0.839683
2.18065e-11	0.839879
2.18079e-11	0.840075
2.18092e-11	0.840271
2.18106e-11	0.840467
2.18119e-11	0.840663
2.18133e-11	0.840859
2.18146e-11	0.841054
2.1816e-11	0.84125
2.18173e-11	0.841446
2.18187e-11	0.841641
2.18201e-11	0.841836
2.18214e-11	0.842032
2.18228e-11	0.842227
2.18241e-11	0.842422
2.18255e-11	0.842617
2.18268e-11	0.842812
2.18282e-11	0.843006
2.18295e-11	0.843201
2.18309e-11	0.843395
2.18322e-11	0.84359
2.18336e-11	0.843784
2.18349e-11	0.843979
2.18363e-11	0.844173
2.18376e-11	0.844367
2.1839e-11	0.844561
2.18403e-11	0.844755
2.18417e-11	0.844948
2.1843e-11	0.845142
2.18444e-11	0.845336
2.18458e-11	0.845529
2.18471e-11	0.845723
2.18485e-11	0.845916
2.18498e-11	0.846109
2.18512e-11	0.846302
2.18525e-11	0.846495
2.18539e-11	0.846688
2.18552e-11	0.846881
2.18566e-11	0.847074
2.18579e-11	0.847266
2.18593e-11	0.847459
2.18606e-11	0.847651
2.1862e-11	0.847844
2.18633e-11	0.848036
2.18647e-11	0.848228
2.1866e-11	0.84842
2.18674e-11	0.848612
2.18687e-11	0.848804
2.18701e-11	0.848996
2.18715e-11	0.849187
2.18728e-11	0.849379
2.18742e-11	0.84957
2.18755e-11	0.849762
2.18769e-11	0.849953
2.18782e-11	0.850144
2.18796e-11	0.850335
2.18809e-11	0.850526
2.18823e-11	0.850717
2.18836e-11	0.850908
2.1885e-11	0.851098
2.18863e-11	0.851289
2.18877e-11	0.85148
2.1889e-11	0.85167
2.18904e-11	0.85186
2.18917e-11	0.85205
2.18931e-11	0.85224
2.18944e-11	0.85243
2.18958e-11	0.85262
2.18972e-11	0.85281
2.18985e-11	0.853
2.18999e-11	0.853189
2.19012e-11	0.853379
2.19026e-11	0.853568
2.19039e-11	0.853758
2.19053e-11	0.853947
2.19066e-11	0.854136
2.1908e-11	0.854325
2.19093e-11	0.854514
2.19107e-11	0.854703
2.1912e-11	0.854891
2.19134e-11	0.85508
2.19147e-11	0.855268
2.19161e-11	0.855457
2.19174e-11	0.855645
2.19188e-11	0.855833
2.19201e-11	0.856021
2.19215e-11	0.856209
2.19229e-11	0.856397
2.19242e-11	0.856585
2.19256e-11	0.856773
2.19269e-11	0.85696
2.19283e-11	0.857148
2.19296e-11	0.857335
2.1931e-11	0.857523
2.19323e-11	0.85771
2.19337e-11	0.857897
2.1935e-11	0.858084
2.19364e-11	0.858271
2.19377e-11	0.858458
2.19391e-11	0.858644
2.19404e-11	0.858831
2.19418e-11	0.859017
2.19431e-11	0.859204
2.19445e-11	0.85939
2.19458e-11	0.859576
2.19472e-11	0.859762
2.19486e-11	0.859948
2.19499e-11	0.860134
2.19513e-11	0.86032
2.19526e-11	0.860506
2.1954e-11	0.860691
2.19553e-11	0.860877
2.19567e-11	0.861062
2.1958e-11	0.861247
2.19594e-11	0.861433
2.19607e-11	0.861618
2.19621e-11	0.861803
2.19634e-11	0.861988
2.19648e-11	0.862172
2.19661e-11	0.862357
2.19675e-11	0.862542
2.19688e-11	0.862726
2.19702e-11	0.86291
2.19715e-11	0.863095
2.19729e-11	0.863279
2.19743e-11	0.863463
2.19756e-11	0.863647
2.1977e-11	0.863831
2.19783e-11	0.864015
2.19797e-11	0.864198
2.1981e-11	0.864382
2.19824e-11	0.864565
2.19837e-11	0.864749
2.19851e-11	0.864932
2.19864e-11	0.865115
2.19878e-11	0.865298
2.19891e-11	0.865481
2.19905e-11	0.865664
2.19918e-11	0.865846
2.19932e-11	0.866029
2.19945e-11	0.866212
2.19959e-11	0.866394
2.19972e-11	0.866576
2.19986e-11	0.866759
2.2e-11	0.866941
2.20013e-11	0.867123
2.20027e-11	0.867305
2.2004e-11	0.867486
2.20054e-11	0.867668
2.20067e-11	0.86785
2.20081e-11	0.868031
2.20094e-11	0.868213
2.20108e-11	0.868394
2.20121e-11	0.868575
2.20135e-11	0.868756
2.20148e-11	0.868937
2.20162e-11	0.869118
2.20175e-11	0.869299
2.20189e-11	0.869479
2.20202e-11	0.86966
2.20216e-11	0.86984
2.20229e-11	0.870021
2.20243e-11	0.870201
2.20257e-11	0.870381
2.2027e-11	0.870561
2.20284e-11	0.870741
2.20297e-11	0.870921
2.20311e-11	0.871101
2.20324e-11	0.87128
2.20338e-11	0.87146
2.20351e-11	0.871639
2.20365e-11	0.871819
2.20378e-11	0.871998
2.20392e-11	0.872177
2.20405e-11	0.872356
2.20419e-11	0.872535
2.20432e-11	0.872714
2.20446e-11	0.872892
2.20459e-11	0.873071
2.20473e-11	0.873249
2.20486e-11	0.873428
2.205e-11	0.873606
2.20514e-11	0.873784
2.20527e-11	0.873962
2.20541e-11	0.87414
2.20554e-11	0.874318
2.20568e-11	0.874496
2.20581e-11	0.874673
2.20595e-11	0.874851
2.20608e-11	0.875028
2.20622e-11	0.875205
2.20635e-11	0.875383
2.20649e-11	0.87556
2.20662e-11	0.875737
2.20676e-11	0.875914
2.20689e-11	0.87609
2.20703e-11	0.876267
2.20716e-11	0.876444
2.2073e-11	0.87662
2.20743e-11	0.876796
2.20757e-11	0.876973
2.20771e-11	0.877149
2.20784e-11	0.877325
2.20798e-11	0.877501
2.20811e-11	0.877677
2.20825e-11	0.877852
2.20838e-11	0.878028
2.20852e-11	0.878203
2.20865e-11	0.878379
2.20879e-11	0.878554
2.20892e-11	0.878729
2.20906e-11	0.878904
2.20919e-11	0.879079
2.20933e-11	0.879254
2.20946e-11	0.879429
2.2096e-11	0.879604
2.20973e-11	0.879778
2.20987e-11	0.879953
2.21e-11	0.880127
2.21014e-11	0.880301
2.21028e-11	0.880475
2.21041e-11	0.880649
2.21055e-11	0.880823
2.21068e-11	0.880997
2.21082e-11	0.881171
2.21095e-11	0.881344
2.21109e-11	0.881518
2.21122e-11	0.881691
2.21136e-11	0.881864
2.21149e-11	0.882037
2.21163e-11	0.88221
2.21176e-11	0.882383
2.2119e-11	0.882556
2.21203e-11	0.882729
2.21217e-11	0.882901
2.2123e-11	0.883074
2.21244e-11	0.883246
2.21257e-11	0.883419
2.21271e-11	0.883591
2.21285e-11	0.883763
2.21298e-11	0.883935
2.21312e-11	0.884107
2.21325e-11	0.884278
2.21339e-11	0.88445
2.21352e-11	0.884621
2.21366e-11	0.884793
2.21379e-11	0.884964
2.21393e-11	0.885135
2.21406e-11	0.885306
2.2142e-11	0.885477
2.21433e-11	0.885648
2.21447e-11	0.885819
2.2146e-11	0.88599
2.21474e-11	0.88616
2.21487e-11	0.886331
2.21501e-11	0.886501
2.21514e-11	0.886671
2.21528e-11	0.886841
2.21542e-11	0.887011
2.21555e-11	0.887181
2.21569e-11	0.887351
2.21582e-11	0.88752
2.21596e-11	0.88769
2.21609e-11	0.887859
2.21623e-11	0.888029
2.21636e-11	0.888198
2.2165e-11	0.888367
2.21663e-11	0.888536
2.21677e-11	0.888705
2.2169e-11	0.888874
2.21704e-11	0.889042
2.21717e-11	0.889211
2.21731e-11	0.889379
2.21744e-11	0.889548
2.21758e-11	0.889716
2.21771e-11	0.889884
2.21785e-11	0.890052
2.21799e-11	0.89022
2.21812e-11	0.890388
2.21826e-11	0.890555
2.21839e-11	0.890723
2.21853e-11	0.89089
2.21866e-11	0.891058
2.2188e-11	0.891225
2.21893e-11	0.891392
2.21907e-11	0.891559
2.2192e-11	0.891726
2.21934e-11	0.891893
2.21947e-11	0.89206
2.21961e-11	0.892226
2.21974e-11	0.892393
2.21988e-11	0.892559
2.22001e-11	0.892725
2.22015e-11	0.892891
2.22028e-11	0.893057
2.22042e-11	0.893223
2.22056e-11	0.893389
2.22069e-11	0.893555
2.22083e-11	0.89372
2.22096e-11	0.893886
2.2211e-11	0.894051
2.22123e-11	0.894216
2.22137e-11	0.894381
2.2215e-11	0.894546
2.22164e-11	0.894711
2.22177e-11	0.894876
2.22191e-11	0.895041
2.22204e-11	0.895205
2.22218e-11	0.89537
2.22231e-11	0.895534
2.22245e-11	0.895698
2.22258e-11	0.895862
2.22272e-11	0.896026
2.22285e-11	0.89619
2.22299e-11	0.896354
2.22313e-11	0.896518
2.22326e-11	0.896681
2.2234e-11	0.896845
2.22353e-11	0.897008
2.22367e-11	0.897171
2.2238e-11	0.897334
2.22394e-11	0.897497
2.22407e-11	0.89766
2.22421e-11	0.897823
2.22434e-11	0.897985
2.22448e-11	0.898148
2.22461e-11	0.89831
2.22475e-11	0.898473
2.22488e-11	0.898635
2.22502e-11	0.898797
2.22515e-11	0.898959
2.22529e-11	0.899121
2.22542e-11	0.899282
2.22556e-11	0.899444
2.2257e-11	0.899606
2.22583e-11	0.899767
2.22597e-11	0.899928
2.2261e-11	0.900089
2.22624e-11	0.90025
2.22637e-11	0.900411
2.22651e-11	0.900572
2.22664e-11	0.900733
2.22678e-11	0.900893
2.22691e-11	0.901054
2.22705e-11	0.901214
2.22718e-11	0.901375
2.22732e-11	0.901535
2.22745e-11	0.901695
2.22759e-11	0.901855
2.22772e-11	0.902014
2.22786e-11	0.902174
2.22799e-11	0.902334
2.22813e-11	0.902493
2.22827e-11	0.902652
2.2284e-11	0.902812
2.22854e-11	0.902971
2.22867e-11	0.90313
2.22881e-11	0.903289
2.22894e-11	0.903447
2.22908e-11	0.903606
2.22921e-11	0.903765
2.22935e-11	0.903923
2.22948e-11	0.904081
2.22962e-11	0.90424
2.22975e-11	0.904398
2.22989e-11	0.904556
2.23002e-11	0.904713
2.23016e-11	0.904871
2.23029e-11	0.905029
2.23043e-11	0.905186
2.23056e-11	0.905344
2.2307e-11	0.905501
2.23084e-11	0.905658
2.23097e-11	0.905815
2.23111e-11	0.905972
2.23124e-11	0.906129
2.23138e-11	0.906286
2.23151e-11	0.906442
2.23165e-11	0.906599
2.23178e-11	0.906755
2.23192e-11	0.906911
2.23205e-11	0.907067
2.23219e-11	0.907223
2.23232e-11	0.907379
2.23246e-11	0.907535
2.23259e-11	0.907691
2.23273e-11	0.907846
2.23286e-11	0.908002
2.233e-11	0.908157
2.23313e-11	0.908312
2.23327e-11	0.908467
2.23341e-11	0.908622
2.23354e-11	0.908777
2.23368e-11	0.908932
2.23381e-11	0.909086
2.23395e-11	0.909241
2.23408e-11	0.909395
2.23422e-11	0.909549
2.23435e-11	0.909703
2.23449e-11	0.909857
2.23462e-11	0.910011
2.23476e-11	0.910165
2.23489e-11	0.910319
2.23503e-11	0.910472
2.23516e-11	0.910626
2.2353e-11	0.910779
2.23543e-11	0.910932
2.23557e-11	0.911085
2.2357e-11	0.911238
2.23584e-11	0.911391
2.23598e-11	0.911544
2.23611e-11	0.911697
2.23625e-11	0.911849
2.23638e-11	0.912001
2.23652e-11	0.912154
2.23665e-11	0.912306
2.23679e-11	0.912458
2.23692e-11	0.91261
2.23706e-11	0.912762
2.23719e-11	0.912913
2.23733e-11	0.913065
2.23746e-11	0.913216
2.2376e-11	0.913368
2.23773e-11	0.913519
2.23787e-11	0.91367
2.238e-11	0.913821
2.23814e-11	0.913972
2.23827e-11	0.914122
2.23841e-11	0.914273
2.23855e-11	0.914423
2.23868e-11	0.914574
2.23882e-11	0.914724
2.23895e-11	0.914874
2.23909e-11	0.915024
2.23922e-11	0.915174
2.23936e-11	0.915324
2.23949e-11	0.915474
2.23963e-11	0.915623
2.23976e-11	0.915772
2.2399e-11	0.915922
2.24003e-11	0.916071
2.24017e-11	0.91622
2.2403e-11	0.916369
2.24044e-11	0.916518
2.24057e-11	0.916667
2.24071e-11	0.916815
2.24084e-11	0.916964
2.24098e-11	0.917112
2.24112e-11	0.91726
2.24125e-11	0.917408
2.24139e-11	0.917556
2.24152e-11	0.917704
2.24166e-11	0.917852
2.24179e-11	0.918
2.24193e-11	0.918147
2.24206e-11	0.918294
2.2422e-11	0.918442
2.24233e-11	0.918589
2.24247e-11	0.918736
2.2426e-11	0.918883
2.24274e-11	0.91903
2.24287e-11	0.919176
2.24301e-11	0.919323
2.24314e-11	0.919469
2.24328e-11	0.919616
2.24341e-11	0.919762
2.24355e-11	0.919908
2.24369e-11	0.920054
2.24382e-11	0.9202
2.24396e-11	0.920346
2.24409e-11	0.920491
2.24423e-11	0.920637
2.24436e-11	0.920782
2.2445e-11	0.920927
2.24463e-11	0.921072
2.24477e-11	0.921217
2.2449e-11	0.921362
2.24504e-11	0.921507
2.24517e-11	0.921652
2.24531e-11	0.921796
2.24544e-11	0.921941
2.24558e-11	0.922085
2.24571e-11	0.922229
2.24585e-11	0.922373
2.24598e-11	0.922517
2.24612e-11	0.922661
2.24626e-11	0.922804
2.24639e-11	0.922948
2.24653e-11	0.923091
2.24666e-11	0.923235
2.2468e-11	0.923378
2.24693e-11	0.923521
2.24707e-11	0.923664
2.2472e-11	0.923807
2.24734e-11	0.923949
2.24747e-11	0.924092
2.24761e-11	0.924234
2.24774e-11	0.924377
2.24788e-11	0.924519
2.24801e-11	0.924661
2.24815e-11	0.924803
2.24828e-11	0.924945
2.24842e-11	0.925087
2.24855e-11	0.925228
2.24869e-11	0.92537
2.24883e-11	0.925511
2.24896e-11	0.925652
2.2491e-11	0.925793
2.24923e-11	0.925934
2.24937e-11	0.926075
2.2495e-11	0.926216
2.24964e-11	0.926357
2.24977e-11	0.926497
2.24991e-11	0.926638
2.25004e-11	0.926778
2.25018e-11	0.926918
2.25031e-11	0.927058
2.25045e-11	0.927198
2.25058e-11	0.927338
2.25072e-11	0.927477
2.25085e-11	0.927617
2.25099e-11	0.927756
2.25112e-11	0.927896
2.25126e-11	0.928035
2.2514e-11	0.928174
2.25153e-11	0.928313
2.25167e-11	0.928451
2.2518e-11	0.92859
2.25194e-11	0.928729
2.25207e-11	0.928867
2.25221e-11	0.929005
2.25234e-11	0.929144
2.25248e-11	0.929282
2.25261e-11	0.92942
2.25275e-11	0.929557
2.25288e-11	0.929695
2.25302e-11	0.929833
2.25315e-11	0.92997
2.25329e-11	0.930107
2.25342e-11	0.930245
2.25356e-11	0.930382
2.25369e-11	0.930519
2.25383e-11	0.930655
2.25397e-11	0.930792
2.2541e-11	0.930929
2.25424e-11	0.931065
2.25437e-11	0.931201
2.25451e-11	0.931338
2.25464e-11	0.931474
2.25478e-11	0.93161
2.25491e-11	0.931746
2.25505e-11	0.931881
2.25518e-11	0.932017
2.25532e-11	0.932152
2.25545e-11	0.932288
2.25559e-11	0.932423
2.25572e-11	0.932558
2.25586e-11	0.932693
2.25599e-11	0.932828
2.25613e-11	0.932962
2.25626e-11	0.933097
2.2564e-11	0.933232
2.25654e-11	0.933366
2.25667e-11	0.9335
2.25681e-11	0.933634
2.25694e-11	0.933768
2.25708e-11	0.933902
2.25721e-11	0.934036
2.25735e-11	0.934169
2.25748e-11	0.934303
2.25762e-11	0.934436
2.25775e-11	0.934569
2.25789e-11	0.934702
2.25802e-11	0.934835
2.25816e-11	0.934968
2.25829e-11	0.935101
2.25843e-11	0.935234
2.25856e-11	0.935366
2.2587e-11	0.935498
2.25883e-11	0.935631
2.25897e-11	0.935763
2.25911e-11	0.935895
2.25924e-11	0.936027
2.25938e-11	0.936158
2.25951e-11	0.93629
2.25965e-11	0.936421
2.25978e-11	0.936553
2.25992e-11	0.936684
2.26005e-11	0.936815
2.26019e-11	0.936946
2.26032e-11	0.937077
2.26046e-11	0.937208
2.26059e-11	0.937338
2.26073e-11	0.937469
2.26086e-11	0.937599
2.261e-11	0.937729
2.26113e-11	0.937859
2.26127e-11	0.937989
2.2614e-11	0.938119
2.26154e-11	0.938249
2.26168e-11	0.938378
2.26181e-11	0.938508
2.26195e-11	0.938637
2.26208e-11	0.938766
2.26222e-11	0.938895
2.26235e-11	0.939024
2.26249e-11	0.939153
2.26262e-11	0.939282
2.26276e-11	0.939411
2.26289e-11	0.939539
2.26303e-11	0.939667
2.26316e-11	0.939795
2.2633e-11	0.939924
2.26343e-11	0.940051
2.26357e-11	0.940179
2.2637e-11	0.940307
2.26384e-11	0.940435
2.26397e-11	0.940562
2.26411e-11	0.940689
2.26425e-11	0.940816
2.26438e-11	0.940944
2.26452e-11	0.94107
2.26465e-11	0.941197
2.26479e-11	0.941324
2.26492e-11	0.94145
2.26506e-11	0.941577
2.26519e-11	0.941703
2.26533e-11	0.941829
2.26546e-11	0.941955
2.2656e-11	0.942081
2.26573e-11	0.942207
2.26587e-11	0.942333
2.266e-11	0.942458
2.26614e-11	0.942584
2.26627e-11	0.942709
2.26641e-11	0.942834
2.26654e-11	0.942959
2.26668e-11	0.943084
2.26682e-11	0.943209
2.26695e-11	0.943333
2.26709e-11	0.943458
2.26722e-11	0.943582
2.26736e-11	0.943707
2.26749e-11	0.943831
2.26763e-11	0.943955
2.26776e-11	0.944079
2.2679e-11	0.944202
2.26803e-11	0.944326
2.26817e-11	0.944449
2.2683e-11	0.944573
2.26844e-11	0.944696
2.26857e-11	0.944819
2.26871e-11	0.944942
2.26884e-11	0.945065
2.26898e-11	0.945188
2.26911e-11	0.94531
2.26925e-11	0.945433
2.26939e-11	0.945555
2.26952e-11	0.945677
2.26966e-11	0.945799
2.26979e-11	0.945921
2.26993e-11	0.946043
2.27006e-11	0.946165
2.2702e-11	0.946286
2.27033e-11	0.946408
2.27047e-11	0.946529
2.2706e-11	0.94665
2.27074e-11	0.946771
2.27087e-11	0.946892
2.27101e-11	0.947013
2.27114e-11	0.947134
2.27128e-11	0.947254
2.27141e-11	0.947375
2.27155e-11	0.947495
2.27168e-11	0.947615
2.27182e-11	0.947735
2.27196e-11	0.947855
2.27209e-11	0.947975
2.27223e-11	0.948094
2.27236e-11	0.948214
2.2725e-11	0.948333
2.27263e-11	0.948453
2.27277e-11	0.948572
2.2729e-11	0.948691
2.27304e-11	0.948809
2.27317e-11	0.948928
2.27331e-11	0.949047
2.27344e-11	0.949165
2.27358e-11	0.949284
2.27371e-11	0.949402
2.27385e-11	0.94952
2.27398e-11	0.949638
2.27412e-11	0.949756
2.27425e-11	0.949873
2.27439e-11	0.949991
2.27453e-11	0.950108
2.27466e-11	0.950226
2.2748e-11	0.950343
2.27493e-11	0.95046
2.27507e-11	0.950577
2.2752e-11	0.950693
2.27534e-11	0.95081
2.27547e-11	0.950927
2.27561e-11	0.951043
2.27574e-11	0.951159
2.27588e-11	0.951275
2.27601e-11	0.951391
2.27615e-11	0.951507
2.27628e-11	0.951623
2.27642e-11	0.951739
2.27655e-11	0.951854
2.27669e-11	0.951969
2.27682e-11	0.952085
2.27696e-11	0.9522
2.2771e-11	0.952315
2.27723e-11	0.95243
2.27737e-11	0.952544
2.2775e-11	0.952659
2.27764e-11	0.952773
2.27777e-11	0.952888
2.27791e-11	0.953002
2.27804e-11	0.953116
2.27818e-11	0.95323
2.27831e-11	0.953343
2.27845e-11	0.953457
2.27858e-11	0.953571
2.27872e-11	0.953684
2.27885e-11	0.953797
2.27899e-11	0.95391
2.27912e-11	0.954023
2.27926e-11	0.954136
2.27939e-11	0.954249
2.27953e-11	0.954362
2.27967e-11	0.954474
2.2798e-11	0.954586
2.27994e-11	0.954699
2.28007e-11	0.954811
2.28021e-11	0.954923
2.28034e-11	0.955034
2.28048e-11	0.955146
2.28061e-11	0.955258
2.28075e-11	0.955369
2.28088e-11	0.95548
2.28102e-11	0.955591
2.28115e-11	0.955702
2.28129e-11	0.955813
2.28142e-11	0.955924
2.28156e-11	0.956035
2.28169e-11	0.956145
2.28183e-11	0.956256
2.28196e-11	0.956366
2.2821e-11	0.956476
2.28224e-11	0.956586
2.28237e-11	0.956696
2.28251e-11	0.956805
2.28264e-11	0.956915
2.28278e-11	0.957024
2.28291e-11	0.957134
2.28305e-11	0.957243
2.28318e-11	0.957352
2.28332e-11	0.957461
2.28345e-11	0.95757
2.28359e-11	0.957678
2.28372e-11	0.957787
2.28386e-11	0.957895
2.28399e-11	0.958003
2.28413e-11	0.958112
2.28426e-11	0.95822
2.2844e-11	0.958327
2.28453e-11	0.958435
2.28467e-11	0.958543
2.28481e-11	0.95865
2.28494e-11	0.958757
2.28508e-11	0.958865
2.28521e-11	0.958972
2.28535e-11	0.959079
2.28548e-11	0.959185
2.28562e-11	0.959292
2.28575e-11	0.959399
2.28589e-11	0.959505
2.28602e-11	0.959611
2.28616e-11	0.959717
2.28629e-11	0.959823
2.28643e-11	0.959929
2.28656e-11	0.960035
2.2867e-11	0.960141
2.28683e-11	0.960246
2.28697e-11	0.960351
2.2871e-11	0.960456
2.28724e-11	0.960562
2.28738e-11	0.960666
2.28751e-11	0.960771
2.28765e-11	0.960876
2.28778e-11	0.96098
2.28792e-11	0.961085
2.28805e-11	0.961189
2.28819e-11	0.961293
2.28832e-11	0.961397
2.28846e-11	0.961501
2.28859e-11	0.961605
2.28873e-11	0.961708
2.28886e-11	0.961812
2.289e-11	0.961915
2.28913e-11	0.962018
2.28927e-11	0.962121
2.2894e-11	0.962224
2.28954e-11	0.962327
2.28967e-11	0.96243
2.28981e-11	0.962532
2.28995e-11	0.962635
2.29008e-11	0.962737
2.29022e-11	0.962839
2.29035e-11	0.962941
2.29049e-11	0.963043
2.29062e-11	0.963145
2.29076e-11	0.963246
2.29089e-11	0.963348
2.29103e-11	0.963449
2.29116e-11	0.96355
2.2913e-11	0.963651
2.29143e-11	0.963752
2.29157e-11	0.963853
2.2917e-11	0.963954
2.29184e-11	0.964054
2.29197e-11	0.964154
2.29211e-11	0.964255
2.29224e-11	0.964355
2.29238e-11	0.964455
2.29252e-11	0.964555
2.29265e-11	0.964654
2.29279e-11	0.964754
2.29292e-11	0.964853
2.29306e-11	0.964953
2.29319e-11	0.965052
2.29333e-11	0.965151
2.29346e-11	0.96525
2.2936e-11	0.965348
2.29373e-11	0.965447
2.29387e-11	0.965546
2.294e-11	0.965644
2.29414e-11	0.965742
2.29427e-11	0.96584
2.29441e-11	0.965938
2.29454e-11	0.966036
2.29468e-11	0.966134
2.29481e-11	0.966231
2.29495e-11	0.966329
2.29509e-11	0.966426
2.29522e-11	0.966523
2.29536e-11	0.96662
2.29549e-11	0.966717
2.29563e-11	0.966814
2.29576e-11	0.96691
2.2959e-11	0.967007
2.29603e-11	0.967103
2.29617e-11	0.967199
2.2963e-11	0.967295
2.29644e-11	0.967391
2.29657e-11	0.967487
2.29671e-11	0.967583
2.29684e-11	0.967678
2.29698e-11	0.967774
2.29711e-11	0.967869
2.29725e-11	0.967964
2.29738e-11	0.968059
2.29752e-11	0.968154
2.29766e-11	0.968248
2.29779e-11	0.968343
2.29793e-11	0.968437
2.29806e-11	0.968532
2.2982e-11	0.968626
2.29833e-11	0.96872
2.29847e-11	0.968814
2.2986e-11	0.968907
2.29874e-11	0.969001
2.29887e-11	0.969095
2.29901e-11	0.969188
2.29914e-11	0.969281
2.29928e-11	0.969374
2.29941e-11	0.969467
2.29955e-11	0.96956
2.29968e-11	0.969653
2.29982e-11	0.969745
2.29995e-11	0.969837
2.30009e-11	0.96993
2.30023e-11	0.970022
2.30036e-11	0.970114
2.3005e-11	0.970206
2.30063e-11	0.970297
2.30077e-11	0.970389
2.3009e-11	0.97048
2.30104e-11	0.970572
2.30117e-11	0.970663
2.30131e-11	0.970754
2.30144e-11	0.970845
2.30158e-11	0.970935
2.30171e-11	0.971026
2.30185e-11	0.971117
2.30198e-11	0.971207
2.30212e-11	0.971297
2.30225e-11	0.971387
2.30239e-11	0.971477
2.30252e-11	0.971567
2.30266e-11	0.971657
2.3028e-11	0.971746
2.30293e-11	0.971835
2.30307e-11	0.971925
2.3032e-11	0.972014
2.30334e-11	0.972103
2.30347e-11	0.972192
2.30361e-11	0.97228
2.30374e-11	0.972369
2.30388e-11	0.972457
2.30401e-11	0.972546
2.30415e-11	0.972634
2.30428e-11	0.972722
2.30442e-11	0.97281
2.30455e-11	0.972897
2.30469e-11	0.972985
2.30482e-11	0.973072
2.30496e-11	0.97316
2.30509e-11	0.973247
2.30523e-11	0.973334
2.30537e-11	0.973421
2.3055e-11	0.973508
2.30564e-11	0.973594
2.30577e-11	0.973681
2.30591e-11	0.973767
2.30604e-11	0.973853
2.30618e-11	0.973939
2.30631e-11	0.974025
2.30645e-11	0.974111
2.30658e-11	0.974197
2.30672e-11	0.974282
2.30685e-11	0.974368
2.30699e-11	0.974453
2.30712e-11	0.974538
2.30726e-11	0.974623
2.30739e-11	0.974708
2.30753e-11	0.974793
2.30766e-11	0.974877
2.3078e-11	0.974962
2.30794e-11	0.975046
2.30807e-11	0.97513
2.30821e-11	0.975214
2.30834e-11	0.975298
2.30848e-11	0.975382
2.30861e-11	0.975465
2.30875e-11	0.975549
2.30888e-11	0.975632
2.30902e-11	0.975715
2.30915e-11	0.975798
2.30929e-11	0.975881
2.30942e-11	0.975964
2.30956e-11	0.976047
2.30969e-11	0.976129
2.30983e-11	0.976212
2.30996e-11	0.976294
2.3101e-11	0.976376
2.31023e-11	0.976458
2.31037e-11	0.97654
2.31051e-11	0.976621
2.31064e-11	0.976703
2.31078e-11	0.976784
2.31091e-11	0.976866
2.31105e-11	0.976947
2.31118e-11	0.977028
2.31132e-11	0.977108
2.31145e-11	0.977189
2.31159e-11	0.97727
2.31172e-11	0.97735
2.31186e-11	0.97743
2.31199e-11	0.977511
2.31213e-11	0.977591
2.31226e-11	0.97767
2.3124e-11	0.97775
2.31253e-11	0.97783
2.31267e-11	0.977909
2.3128e-11	0.977988
2.31294e-11	0.978068
2.31308e-11	0.978147
2.31321e-11	0.978226
2.31335e-11	0.978304
2.31348e-11	0.978383
2.31362e-11	0.978461
2.31375e-11	0.97854
2.31389e-11	0.978618
2.31402e-11	0.978696
2.31416e-11	0.978774
2.31429e-11	0.978852
2.31443e-11	0.978929
2.31456e-11	0.979007
2.3147e-11	0.979084
2.31483e-11	0.979161
2.31497e-11	0.979239
2.3151e-11	0.979315
2.31524e-11	0.979392
2.31537e-11	0.979469
2.31551e-11	0.979545
2.31565e-11	0.979622
2.31578e-11	0.979698
2.31592e-11	0.979774
2.31605e-11	0.97985
2.31619e-11	0.979926
2.31632e-11	0.980002
2.31646e-11	0.980077
2.31659e-11	0.980153
2.31673e-11	0.980228
2.31686e-11	0.980303
2.317e-11	0.980378
2.31713e-11	0.980453
2.31727e-11	0.980528
2.3174e-11	0.980602
2.31754e-11	0.980677
2.31767e-11	0.980751
2.31781e-11	0.980825
2.31794e-11	0.980899
2.31808e-11	0.980973
2.31822e-11	0.981047
2.31835e-11	0.98112
2.31849e-11	0.981194
2.31862e-11	0.981267
2.31876e-11	0.98134
2.31889e-11	0.981413
2.31903e-11	0.981486
2.31916e-11	0.981559
2.3193e-11	0.981631
2.31943e-11	0.981704
2.31957e-11	0.981776
2.3197e-11	0.981848
2.31984e-11	0.98192
2.31997e-11	0.981992
2.32011e-11	0.982064
2.32024e-11	0.982136
2.32038e-11	0.982207
2.32052e-11	0.982279
2.32065e-11	0.98235
2.32079e-11	0.982421
2.32092e-11	0.982492
2.32106e-11	0.982563
2.32119e-11	0.982633
2.32133e-11	0.982704
2.32146e-11	0.982774
2.3216e-11	0.982844
2.32173e-11	0.982914
2.32187e-11	0.982984
2.322e-11	0.983054
2.32214e-11	0.983124
2.32227e-11	0.983193
2.32241e-11	0.983263
2.32254e-11	0.983332
2.32268e-11	0.983401
2.32281e-11	0.98347
2.32295e-11	0.983539
2.32309e-11	0.983607
2.32322e-11	0.983676
2.32336e-11	0.983744
2.32349e-11	0.983813
2.32363e-11	0.983881
2.32376e-11	0.983949
2.3239e-11	0.984016
2.32403e-11	0.984084
2.32417e-11	0.984152
2.3243e-11	0.984219
2.32444e-11	0.984286
2.32457e-11	0.984354
2.32471e-11	0.98442
2.32484e-11	0.984487
2.32498e-11	0.984554
2.32511e-11	0.984621
2.32525e-11	0.984687
2.32538e-11	0.984753
2.32552e-11	0.984819
2.32566e-11	0.984885
2.32579e-11	0.984951
2.32593e-11	0.985017
2.32606e-11	0.985083
2.3262e-11	0.985148
2.32633e-11	0.985213
2.32647e-11	0.985278
2.3266e-11	0.985343
2.32674e-11	0.985408
2.32687e-11	0.985473
2.32701e-11	0.985538
2.32714e-11	0.985602
2.32728e-11	0.985666
2.32741e-11	0.98573
2.32755e-11	0.985794
2.32768e-11	0.985858
2.32782e-11	0.985922
2.32795e-11	0.985986
2.32809e-11	0.986049
2.32823e-11	0.986112
2.32836e-11	0.986176
2.3285e-11	0.986239
2.32863e-11	0.986301
2.32877e-11	0.986364
2.3289e-11	0.986427
2.32904e-11	0.986489
2.32917e-11	0.986552
2.32931e-11	0.986614
2.32944e-11	0.986676
2.32958e-11	0.986738
2.32971e-11	0.986799
2.32985e-11	0.986861
2.32998e-11	0.986923
2.33012e-11	0.986984
2.33025e-11	0.987045
2.33039e-11	0.987106
2.33052e-11	0.987167
2.33066e-11	0.987228
2.3308e-11	0.987288
2.33093e-11	0.987349
2.33107e-11	0.987409
2.3312e-11	0.987469
2.33134e-11	0.987529
2.33147e-11	0.987589
2.33161e-11	0.987649
2.33174e-11	0.987709
2.33188e-11	0.987768
2.33201e-11	0.987827
2.33215e-11	0.987887
2.33228e-11	0.987946
2.33242e-11	0.988005
2.33255e-11	0.988063
2.33269e-11	0.988122
2.33282e-11	0.98818
2.33296e-11	0.988239
2.33309e-11	0.988297
2.33323e-11	0.988355
2.33337e-11	0.988413
2.3335e-11	0.988471
2.33364e-11	0.988528
2.33377e-11	0.988586
2.33391e-11	0.988643
2.33404e-11	0.9887
2.33418e-11	0.988757
2.33431e-11	0.988814
2.33445e-11	0.988871
2.33458e-11	0.988928
2.33472e-11	0.988984
2.33485e-11	0.98904
2.33499e-11	0.989097
2.33512e-11	0.989153
2.33526e-11	0.989209
2.33539e-11	0.989264
2.33553e-11	0.98932
2.33566e-11	0.989376
2.3358e-11	0.989431
2.33594e-11	0.989486
2.33607e-11	0.989541
2.33621e-11	0.989596
2.33634e-11	0.989651
2.33648e-11	0.989705
2.33661e-11	0.98976
2.33675e-11	0.989814
2.33688e-11	0.989868
2.33702e-11	0.989923
2.33715e-11	0.989976
2.33729e-11	0.99003
2.33742e-11	0.990084
2.33756e-11	0.990137
2.33769e-11	0.990191
2.33783e-11	0.990244
2.33796e-11	0.990297
2.3381e-11	0.99035
2.33823e-11	0.990403
2.33837e-11	0.990455
2.33851e-11	0.990508
2.33864e-11	0.99056
2.33878e-11	0.990612
2.33891e-11	0.990664
2.33905e-11	0.990716
2.33918e-11	0.990768
2.33932e-11	0.99082
2.33945e-11	0.990871
2.33959e-11	0.990922
2.33972e-11	0.990974
2.33986e-11	0.991025
2.33999e-11	0.991076
2.34013e-11	0.991126
2.34026e-11	0.991177
2.3404e-11	0.991227
2.34053e-11	0.991278
2.34067e-11	0.991328
2.3408e-11	0.991378
2.34094e-11	0.991428
2.34108e-11	0.991478
2.34121e-11	0.991527
2.34135e-11	0.991577
2.34148e-11	0.991626
2.34162e-11	0.991675
2.34175e-11	0.991724
2.34189e-11	0.991773
2.34202e-11	0.991822
2.34216e-11	0.991871
2.34229e-11	0.991919
2.34243e-11	0.991967
2.34256e-11	0.992016
2.3427e-11	0.992064
2.34283e-11	0.992112
2.34297e-11	0.992159
2.3431e-11	0.992207
2.34324e-11	0.992254
2.34337e-11	0.992302
2.34351e-11	0.992349
2.34365e-11	0.992396
2.34378e-11	0.992443
2.34392e-11	0.99249
2.34405e-11	0.992536
2.34419e-11	0.992583
2.34432e-11	0.992629
2.34446e-11	0.992675
2.34459e-11	0.992721
2.34473e-11	0.992767
2.34486e-11	0.992813
2.345e-11	0.992858
2.34513e-11	0.992904
2.34527e-11	0.992949
2.3454e-11	0.992994
2.34554e-11	0.993039
2.34567e-11	0.993084
2.34581e-11	0.993129
2.34594e-11	0.993173
2.34608e-11	0.993218
2.34622e-11	0.993262
2.34635e-11	0.993306
2.34649e-11	0.99335
2.34662e-11	0.993394
2.34676e-11	0.993438
2.34689e-11	0.993481
2.34703e-11	0.993525
2.34716e-11	0.993568
2.3473e-11	0.993611
2.34743e-11	0.993654
2.34757e-11	0.993697
2.3477e-11	0.99374
2.34784e-11	0.993783
2.34797e-11	0.993825
2.34811e-11	0.993867
2.34824e-11	0.993909
2.34838e-11	0.993951
2.34851e-11	0.993993
2.34865e-11	0.994035
2.34879e-11	0.994076
2.34892e-11	0.994118
2.34906e-11	0.994159
2.34919e-11	0.9942
2.34933e-11	0.994241
2.34946e-11	0.994282
2.3496e-11	0.994323
2.34973e-11	0.994363
2.34987e-11	0.994404
2.35e-11	0.994444
2.35014e-11	0.994484
2.35027e-11	0.994524
2.35041e-11	0.994564
2.35054e-11	0.994604
2.35068e-11	0.994643
2.35081e-11	0.994682
2.35095e-11	0.994722
2.35108e-11	0.994761
2.35122e-11	0.9948
2.35136e-11	0.994839
2.35149e-11	0.994877
2.35163e-11	0.994916
2.35176e-11	0.994954
2.3519e-11	0.994992
2.35203e-11	0.995031
2.35217e-11	0.995068
2.3523e-11	0.995106
2.35244e-11	0.995144
2.35257e-11	0.995182
2.35271e-11	0.995219
2.35284e-11	0.995256
2.35298e-11	0.995293
2.35311e-11	0.99533
2.35325e-11	0.995367
2.35338e-11	0.995404
2.35352e-11	0.99544
2.35365e-11	0.995476
2.35379e-11	0.995513
2.35393e-11	0.995549
2.35406e-11	0.995585
2.3542e-11	0.99562
2.35433e-11	0.995656
2.35447e-11	0.995691
2.3546e-11	0.995727
2.35474e-11	0.995762
2.35487e-11	0.995797
2.35501e-11	0.995832
2.35514e-11	0.995867
2.35528e-11	0.995901
2.35541e-11	0.995936
2.35555e-11	0.99597
2.35568e-11	0.996004
2.35582e-11	0.996038
2.35595e-11	0.996072
2.35609e-11	0.996106
2.35622e-11	0.99614
2.35636e-11	0.996173
2.3565e-11	0.996206
2.35663e-11	0.99624
2.35677e-11	0.996273
2.3569e-11	0.996305
2.35704e-11	0.996338
2.35717e-11	0.996371
2.35731e-11	0.996403
2.35744e-11	0.996436
2.35758e-11	0.996468
2.35771e-11	0.9965
2.35785e-11	0.996532
2.35798e-11	0.996563
2.35812e-11	0.996595
2.35825e-11	0.996626
2.35839e-11	0.996658
2.35852e-11	0.996689
2.35866e-11	0.99672
2.35879e-11	0.996751
2.35893e-11	0.996781
2.35907e-11	0.996812
2.3592e-11	0.996842
2.35934e-11	0.996872
2.35947e-11	0.996903
2.35961e-11	0.996933
2.35974e-11	0.996962
2.35988e-11	0.996992
2.36001e-11	0.997022
2.36015e-11	0.997051
2.36028e-11	0.99708
2.36042e-11	0.997109
2.36055e-11	0.997138
2.36069e-11	0.997167
2.36082e-11	0.997196
2.36096e-11	0.997224
2.36109e-11	0.997253
2.36123e-11	0.997281
2.36136e-11	0.997309
2.3615e-11	0.997337
2.36164e-11	0.997365
2.36177e-11	0.997392
2.36191e-11	0.99742
2.36204e-11	0.997447
2.36218e-11	0.997474
2.36231e-11	0.997502
2.36245e-11	0.997528
2.36258e-11	0.997555
2.36272e-11	0.997582
2.36285e-11	0.997608
2.36299e-11	0.997635
2.36312e-11	0.997661
2.36326e-11	0.997687
2.36339e-11	0.997713
2.36353e-11	0.997739
2.36366e-11	0.997764
2.3638e-11	0.99779
2.36393e-11	0.997815
2.36407e-11	0.99784
2.36421e-11	0.997865
2.36434e-11	0.99789
2.36448e-11	0.997915
2.36461e-11	0.99794
2.36475e-11	0.997964
2.36488e-11	0.997988
2.36502e-11	0.998012
2.36515e-11	0.998036
2.36529e-11	0.99806
2.36542e-11	0.998084
2.36556e-11	0.998108
2.36569e-11	0.998131
2.36583e-11	0.998154
2.36596e-11	0.998177
2.3661e-11	0.9982
2.36623e-11	0.998223
2.36637e-11	0.998246
2.3665e-11	0.998269
2.36664e-11	0.998291
2.36678e-11	0.998313
2.36691e-11	0.998335
2.36705e-11	0.998357
2.36718e-11	0.998379
2.36732e-11	0.998401
2.36745e-11	0.998422
2.36759e-11	0.998444
2.36772e-11	0.998465
2.36786e-11	0.998486
2.36799e-11	0.998507
2.36813e-11	0.998528
2.36826e-11	0.998549
2.3684e-11	0.998569
2.36853e-11	0.998589
2.36867e-11	0.99861
2.3688e-11	0.99863
2.36894e-11	0.99865
2.36907e-11	0.998669
2.36921e-11	0.998689
2.36935e-11	0.998709
2.36948e-11	0.998728
2.36962e-11	0.998747
2.36975e-11	0.998766
2.36989e-11	0.998785
2.37002e-11	0.998804
2.37016e-11	0.998822
2.37029e-11	0.998841
2.37043e-11	0.998859
2.37056e-11	0.998877
2.3707e-11	0.998896
2.37083e-11	0.998913
2.37097e-11	0.998931
2.3711e-11	0.998949
2.37124e-11	0.998966
2.37137e-11	0.998984
2.37151e-11	0.999001
2.37164e-11	0.999018
2.37178e-11	0.999035
2.37192e-11	0.999051
2.37205e-11	0.999068
2.37219e-11	0.999084
2.37232e-11	0.999101
2.37246e-11	0.999117
2.37259e-11	0.999133
2.37273e-11	0.999149
2.37286e-11	0.999164
2.373e-11	0.99918
2.37313e-11	0.999195
2.37327e-11	0.99921
2.3734e-11	0.999226
2.37354e-11	0.999241
2.37367e-11	0.999255
2.37381e-11	0.99927
2.37394e-11	0.999285
2.37408e-11	0.999299
2.37421e-11	0.999313
2.37435e-11	0.999327
2.37449e-11	0.999341
2.37462e-11	0.999355
2.37476e-11	0.999369
2.37489e-11	0.999382
2.37503e-11	0.999396
2.37516e-11	0.999409
2.3753e-11	0.999422
2.37543e-11	0.999435
2.37557e-11	0.999448
2.3757e-11	0.99946
2.37584e-11	0.999473
2.37597e-11	0.999485
2.37611e-11	0.999497
2.37624e-11	0.999509
2.37638e-11	0.999521
2.37651e-11	0.999533
2.37665e-11	0.999545
2.37678e-11	0.999556
2.37692e-11	0.999567
2.37706e-11	0.999579
2.37719e-11	0.99959
2.37733e-11	0.9996
2.37746e-11	0.999611
2.3776e-11	0.999622
2.37773e-11	0.999632
2.37787e-11	0.999643
2.378e-11	0.999653
2.37814e-11	0.999663
2.37827e-11	0.999673
2.37841e-11	0.999682
2.37854e-11	0.999692
2.37868e-11	0.999701
2.37881e-11	0.999711
2.37895e-11	0.99972
2.37908e-11	0.999729
2.37922e-11	0.999737
2.37935e-11	0.999746
2.37949e-11	0.999755
2.37963e-11	0.999763
2.37976e-11	0.999771
2.3799e-11	0.999779
2.38003e-11	0.999787
2.38017e-11	0.999795
2.3803e-11	0.999803
2.38044e-11	0.99981
2.38057e-11	0.999818
2.38071e-11	0.999825
2.38084e-11	0.999832
2.38098e-11	0.999839
2.38111e-11	0.999846
2.38125e-11	0.999852
2.38138e-11	0.999859
2.38152e-11	0.999865
2.38165e-11	0.999871
2.38179e-11	0.999878
2.38192e-11	0.999883
2.38206e-11	0.999889
2.3822e-11	0.999895
2.38233e-11	0.9999
2.38247e-11	0.999906
2.3826e-11	0.999911
2.38274e-11	0.999916
2.38287e-11	0.999921
2.38301e-11	0.999925
2.38314e-11	0.99993
2.38328e-11	0.999935
2.38341e-11	0.999939
2.38355e-11	0.999943
2.38368e-11	0.999947
2.38382e-11	0.999951
2.38395e-11	0.999955
2.38409e-11	0.999958
2.38422e-11	0.999962
2.38436e-11	0.999965
2.38449e-11	0.999968
2.38463e-11	0.999971
2.38477e-11	0.999974
2.3849e-11	0.999977
2.38504e-11	0.999979
2.38517e-11	0.999981
2.38531e-11	0.999984
2.38544e-11	0.999986
2.38558e-11	0.999988
2.38571e-11	0.99999
2.38585e-11	0.999991
2.38598e-11	0.999993
2.38612e-11	0.999994
2.38625e-11	0.999995
2.38639e-11	0.999996
2.38652e-11	0.999997
2.38666e-11	0.999998
2.38679e-11	0.999999
2.38693e-11	0.999999
2.38706e-11	1
2.3872e-11	1
2.38734e-11	1
2.38747e-11	1
2.38761e-11	1
2.38774e-11	0.999999
2.38788e-11	0.999999
2.38801e-11	0.999998
2.38815e-11	0.999997
2.38828e-11	0.999996
2.38842e-11	0.999995
2.38855e-11	0.999994
2.38869e-11	0.999993
2.38882e-11	0.999991
2.38896e-11	0.999989
2.38909e-11	0.999987
2.38923e-11	0.999986
2.38936e-11	0.999983
2.3895e-11	0.999981
2.38963e-11	0.999979
2.38977e-11	0.999976
2.38991e-11	0.999973
2.39004e-11	0.99997
2.39018e-11	0.999968
2.39031e-11	0.999964
2.39045e-11	0.999961
2.39058e-11	0.999958
2.39072e-11	0.999954
2.39085e-11	0.99995
2.39099e-11	0.999946
2.39112e-11	0.999942
2.39126e-11	0.999938
2.39139e-11	0.999934
2.39153e-11	0.999929
2.39166e-11	0.999925
2.3918e-11	0.99992
2.39193e-11	0.999915
2.39207e-11	0.99991
2.3922e-11	0.999905
2.39234e-11	0.999899
2.39248e-11	0.999894
2.39261e-11	0.999888
2.39275e-11	0.999883
2.39288e-11	0.999877
2.39302e-11	0.99987
2.39315e-11	0.999864
2.39329e-11	0.999858
2.39342e-11	0.999851
2.39356e-11	0.999845
2.39369e-11	0.999838
2.39383e-11	0.999831
2.39396e-11	0.999824
2.3941e-11	0.999817
2.39423e-11	0.999809
2.39437e-11	0.999802
2.3945e-11	0.999794
2.39464e-11	0.999786
2.39477e-11	0.999778
2.39491e-11	0.99977
2.39505e-11	0.999762
2.39518e-11	0.999753
2.39532e-11	0.999745
2.39545e-11	0.999736
2.39559e-11	0.999727
2.39572e-11	0.999718
2.39586e-11	0.999709
2.39599e-11	0.9997
2.39613e-11	0.99969
2.39626e-11	0.999681
2.3964e-11	0.999671
2.39653e-11	0.999661
2.39667e-11	0.999651
2.3968e-11	0.999641
2.39694e-11	0.999631
2.39707e-11	0.99962
2.39721e-11	0.999609
2.39734e-11	0.999599
2.39748e-11	0.999588
2.39762e-11	0.999577
2.39775e-11	0.999566
2.39789e-11	0.999554
2.39802e-11	0.999543
2.39816e-11	0.999531
2.39829e-11	0.999519
2.39843e-11	0.999507
2.39856e-11	0.999495
2.3987e-11	0.999483
2.39883e-11	0.999471
2.39897e-11	0.999458
2.3991e-11	0.999445
2.39924e-11	0.999433
2.39937e-11	0.99942
2.39951e-11	0.999407
2.39964e-11	0.999393
2.39978e-11	0.99938
2.39991e-11	0.999367
2.40005e-11	0.999353
2.40019e-11	0.999339
2.40032e-11	0.999325
2.40046e-11	0.999311
2.40059e-11	0.999297
2.40073e-11	0.999282
2.40086e-11	0.999268
2.401e-11	0.999253
2.40113e-11	0.999238
2.40127e-11	0.999223
2.4014e-11	0.999208
2.40154e-11	0.999193
2.40167e-11	0.999177
2.40181e-11	0.999162
2.40194e-11	0.999146
2.40208e-11	0.99913
2.40221e-11	0.999114
2.40235e-11	0.999098
2.40248e-11	0.999082
2.40262e-11	0.999065
2.40276e-11	0.999049
2.40289e-11	0.999032
2.40303e-11	0.999015
2.40316e-11	0.998998
2.4033e-11	0.998981
2.40343e-11	0.998963
2.40357e-11	0.998946
2.4037e-11	0.998928
2.40384e-11	0.99891
2.40397e-11	0.998893
2.40411e-11	0.998874
2.40424e-11	0.998856
2.40438e-11	0.998838
2.40451e-11	0.998819
2.40465e-11	0.998801
2.40478e-11	0.998782
2.40492e-11	0.998763
2.40505e-11	0.998744
2.40519e-11	0.998725
2.40533e-11	0.998705
2.40546e-11	0.998686
2.4056e-11	0.998666
2.40573e-11	0.998646
2.40587e-11	0.998626
2.406e-11	0.998606
2.40614e-11	0.998586
2.40627e-11	0.998566
2.40641e-11	0.998545
2.40654e-11	0.998524
2.40668e-11	0.998504
2.40681e-11	0.998483
2.40695e-11	0.998462
2.40708e-11	0.99844
2.40722e-11	0.998419
2.40735e-11	0.998397
2.40749e-11	0.998376
2.40762e-11	0.998354
2.40776e-11	0.998332
2.4079e-11	0.99831
2.40803e-11	0.998287
2.40817e-11	0.998265
2.4083e-11	0.998242
2.40844e-11	0.99822
2.40857e-11	0.998197
2.40871e-11	0.998174
2.40884e-11	0.998151
2.40898e-11	0.998127
2.40911e-11	0.998104
2.40925e-11	0.99808
2.40938e-11	0.998056
2.40952e-11	0.998033
2.40965e-11	0.998008
2.40979e-11	0.997984
2.40992e-11	0.99796
2.41006e-11	0.997935
2.41019e-11	0.997911
2.41033e-11	0.997886
2.41047e-11	0.997861
2.4106e-11	0.997836
2.41074e-11	0.997811
2.41087e-11	0.997786
2.41101e-11	0.99776
2.41114e-11	0.997734
2.41128e-11	0.997709
2.41141e-11	0.997683
2.41155e-11	0.997657
2.41168e-11	0.99763
2.41182e-11	0.997604
2.41195e-11	0.997578
2.41209e-11	0.997551
2.41222e-11	0.997524
2.41236e-11	0.997497
2.41249e-11	0.99747
2.41263e-11	0.997443
2.41276e-11	0.997415
2.4129e-11	0.997388
2.41304e-11	0.99736
2.41317e-11	0.997332
2.41331e-11	0.997304
2.41344e-11	0.997276
2.41358e-11	0.997248
2.41371e-11	0.99722
2.41385e-11	0.997191
2.41398e-11	0.997162
2.41412e-11	0.997134
2.41425e-11	0.997105
2.41439e-11	0.997075
2.41452e-11	0.997046
2.41466e-11	0.997017
2.41479e-11	0.996987
2.41493e-11	0.996958
2.41506e-11	0.996928
2.4152e-11	0.996898
2.41533e-11	0.996868
2.41547e-11	0.996837
2.41561e-11	0.996807
2.41574e-11	0.996776
2.41588e-11	0.996746
2.41601e-11	0.996715
2.41615e-11	0.996684
2.41628e-11	0.996652
2.41642e-11	0.996621
2.41655e-11	0.99659
2.41669e-11	0.996558
2.41682e-11	0.996526
2.41696e-11	0.996494
2.41709e-11	0.996462
2.41723e-11	0.99643
2.41736e-11	0.996398
2.4175e-11	0.996365
2.41763e-11	0.996333
2.41777e-11	0.9963
2.4179e-11	0.996267
2.41804e-11	0.996234
2.41818e-11	0.996201
2.41831e-11	0.996168
2.41845e-11	0.996134
2.41858e-11	0.9961
2.41872e-11	0.996067
2.41885e-11	0.996033
2.41899e-11	0.995999
2.41912e-11	0.995965
2.41926e-11	0.99593
2.41939e-11	0.995896
2.41953e-11	0.995861
2.41966e-11	0.995826
2.4198e-11	0.995791
2.41993e-11	0.995756
2.42007e-11	0.995721
2.4202e-11	0.995686
2.42034e-11	0.99565
2.42047e-11	0.995615
2.42061e-11	0.995579
2.42075e-11	0.995543
2.42088e-11	0.995507
2.42102e-11	0.99547
2.42115e-11	0.995434
2.42129e-11	0.995398
2.42142e-11	0.995361
2.42156e-11	0.995324
2.42169e-11	0.995287
2.42183e-11	0.99525
2.42196e-11	0.995213
2.4221e-11	0.995175
2.42223e-11	0.995138
2.42237e-11	0.9951
2.4225e-11	0.995062
2.42264e-11	0.995024
2.42277e-11	0.994986
2.42291e-11	0.994948
2.42304e-11	0.99491
2.42318e-11	0.994871
2.42332e-11	0.994832
2.42345e-11	0.994793
2.42359e-11	0.994754
2.42372e-11	0.994715
2.42386e-11	0.994676
2.42399e-11	0.994637
2.42413e-11	0.994597
2.42426e-11	0.994557
2.4244e-11	0.994518
2.42453e-11	0.994478
2.42467e-11	0.994437
2.4248e-11	0.994397
2.42494e-11	0.994357
2.42507e-11	0.994316
2.42521e-11	0.994275
2.42534e-11	0.994235
2.42548e-11	0.994194
2.42561e-11	0.994152
2.42575e-11	0.994111
2.42589e-11	0.99407
2.42602e-11	0.994028
2.42616e-11	0.993986
2.42629e-11	0.993944
2.42643e-11	0.993902
2.42656e-11	0.99386
2.4267e-11	0.993818
2.42683e-11	0.993776
2.42697e-11	0.993733
2.4271e-11	0.99369
2.42724e-11	0.993647
2.42737e-11	0.993604
2.42751e-11	0.993561
2.42764e-11	0.993518
2.42778e-11	0.993474
2.42791e-11	0.993431
2.42805e-11	0.993387
2.42818e-11	0.993343
2.42832e-11	0.993299
2.42846e-11	0.993255
2.42859e-11	0.993211
2.42873e-11	0.993166
2.42886e-11	0.993122
2.429e-11	0.993077
2.42913e-11	0.993032
2.42927e-11	0.992987
2.4294e-11	0.992942
2.42954e-11	0.992896
2.42967e-11	0.992851
2.42981e-11	0.992805
2.42994e-11	0.992759
2.43008e-11	0.992714
2.43021e-11	0.992667
2.43035e-11	0.992621
2.43048e-11	0.992575
2.43062e-11	0.992528
2.43075e-11	0.992482
2.43089e-11	0.992435
2.43103e-11	0.992388
2.43116e-11	0.992341
2.4313e-11	0.992294
2.43143e-11	0.992247
2.43157e-11	0.992199
2.4317e-11	0.992151
2.43184e-11	0.992104
2.43197e-11	0.992056
2.43211e-11	0.992008
2.43224e-11	0.99196
2.43238e-11	0.991911
2.43251e-11	0.991863
2.43265e-11	0.991814
2.43278e-11	0.991765
2.43292e-11	0.991716
2.43305e-11	0.991667
2.43319e-11	0.991618
2.43332e-11	0.991569
2.43346e-11	0.991519
2.4336e-11	0.99147
2.43373e-11	0.99142
2.43387e-11	0.99137
2.434e-11	0.99132
2.43414e-11	0.99127
2.43427e-11	0.991219
2.43441e-11	0.991169
2.43454e-11	0.991118
2.43468e-11	0.991067
2.43481e-11	0.991016
2.43495e-11	0.990965
2.43508e-11	0.990914
2.43522e-11	0.990863
2.43535e-11	0.990811
2.43549e-11	0.990759
2.43562e-11	0.990708
2.43576e-11	0.990656
2.43589e-11	0.990604
2.43603e-11	0.990551
2.43617e-11	0.990499
2.4363e-11	0.990447
2.43644e-11	0.990394
2.43657e-11	0.990341
2.43671e-11	0.990288
2.43684e-11	0.990235
2.43698e-11	0.990182
2.43711e-11	0.990129
2.43725e-11	0.990075
2.43738e-11	0.990021
2.43752e-11	0.989968
2.43765e-11	0.989914
2.43779e-11	0.98986
2.43792e-11	0.989805
2.43806e-11	0.989751
2.43819e-11	0.989697
2.43833e-11	0.989642
2.43846e-11	0.989587
2.4386e-11	0.989532
2.43874e-11	0.989477
2.43887e-11	0.989422
2.43901e-11	0.989366
2.43914e-11	0.989311
2.43928e-11	0.989255
2.43941e-11	0.9892
2.43955e-11	0.989144
2.43968e-11	0.989088
2.43982e-11	0.989031
2.43995e-11	0.988975
2.44009e-11	0.988918
2.44022e-11	0.988862
2.44036e-11	0.988805
2.44049e-11	0.988748
2.44063e-11	0.988691
2.44076e-11	0.988634
2.4409e-11	0.988576
2.44103e-11	0.988519
2.44117e-11	0.988461
2.44131e-11	0.988403
2.44144e-11	0.988346
2.44158e-11	0.988287
2.44171e-11	0.988229
2.44185e-11	0.988171
2.44198e-11	0.988112
2.44212e-11	0.988054
2.44225e-11	0.987995
2.44239e-11	0.987936
2.44252e-11	0.987877
2.44266e-11	0.987818
2.44279e-11	0.987758
2.44293e-11	0.987699
2.44306e-11	0.987639
2.4432e-11	0.987579
2.44333e-11	0.98752
2.44347e-11	0.987459
2.4436e-11	0.987399
2.44374e-11	0.987339
2.44388e-11	0.987278
2.44401e-11	0.987218
2.44415e-11	0.987157
2.44428e-11	0.987096
2.44442e-11	0.987035
2.44455e-11	0.986974
2.44469e-11	0.986912
2.44482e-11	0.986851
2.44496e-11	0.986789
2.44509e-11	0.986728
2.44523e-11	0.986666
2.44536e-11	0.986604
2.4455e-11	0.986541
2.44563e-11	0.986479
2.44577e-11	0.986417
2.4459e-11	0.986354
2.44604e-11	0.986291
2.44617e-11	0.986228
2.44631e-11	0.986165
2.44645e-11	0.986102
2.44658e-11	0.986039
2.44672e-11	0.985975
2.44685e-11	0.985912
2.44699e-11	0.985848
2.44712e-11	0.985784
2.44726e-11	0.98572
2.44739e-11	0.985656
2.44753e-11	0.985591
2.44766e-11	0.985527
2.4478e-11	0.985462
2.44793e-11	0.985398
2.44807e-11	0.985333
2.4482e-11	0.985268
2.44834e-11	0.985203
2.44847e-11	0.985137
2.44861e-11	0.985072
2.44874e-11	0.985006
2.44888e-11	0.98494
2.44902e-11	0.984875
2.44915e-11	0.984809
2.44929e-11	0.984742
2.44942e-11	0.984676
2.44956e-11	0.98461
2.44969e-11	0.984543
2.44983e-11	0.984476
2.44996e-11	0.98441
2.4501e-11	0.984343
2.45023e-11	0.984275
2.45037e-11	0.984208
2.4505e-11	0.984141
2.45064e-11	0.984073
2.45077e-11	0.984005
2.45091e-11	0.983938
2.45104e-11	0.98387
2.45118e-11	0.983801
2.45131e-11	0.983733
2.45145e-11	0.983665
2.45159e-11	0.983596
2.45172e-11	0.983527
2.45186e-11	0.983459
2.45199e-11	0.98339
2.45213e-11	0.983321
2.45226e-11	0.983251
2.4524e-11	0.983182
2.45253e-11	0.983112
2.45267e-11	0.983043
2.4528e-11	0.982973
2.45294e-11	0.982903
2.45307e-11	0.982833
2.45321e-11	0.982763
2.45334e-11	0.982692
2.45348e-11	0.982622
2.45361e-11	0.982551
2.45375e-11	0.98248
2.45388e-11	0.982409
2.45402e-11	0.982338
2.45416e-11	0.982267
2.45429e-11	0.982195
2.45443e-11	0.982124
2.45456e-11	0.982052
2.4547e-11	0.981981
2.45483e-11	0.981909
2.45497e-11	0.981837
2.4551e-11	0.981764
2.45524e-11	0.981692
2.45537e-11	0.981619
2.45551e-11	0.981547
2.45564e-11	0.981474
2.45578e-11	0.981401
2.45591e-11	0.981328
2.45605e-11	0.981255
2.45618e-11	0.981182
2.45632e-11	0.981108
2.45645e-11	0.981035
2.45659e-11	0.980961
2.45673e-11	0.980887
2.45686e-11	0.980813
2.457e-11	0.980739
2.45713e-11	0.980664
2.45727e-11	0.98059
2.4574e-11	0.980515
2.45754e-11	0.980441
2.45767e-11	0.980366
2.45781e-11	0.980291
2.45794e-11	0.980216
2.45808e-11	0.98014
2.45821e-11	0.980065
2.45835e-11	0.979989
2.45848e-11	0.979914
2.45862e-11	0.979838
2.45875e-11	0.979762
2.45889e-11	0.979686
2.45902e-11	0.979609
2.45916e-11	0.979533
2.4593e-11	0.979456
2.45943e-11	0.97938
2.45957e-11	0.979303
2.4597e-11	0.979226
2.45984e-11	0.979149
2.45997e-11	0.979072
2.46011e-11	0.978994
2.46024e-11	0.978917
2.46038e-11	0.978839
2.46051e-11	0.978761
2.46065e-11	0.978683
2.46078e-11	0.978605
2.46092e-11	0.978527
2.46105e-11	0.978449
2.46119e-11	0.97837
2.46132e-11	0.978291
2.46146e-11	0.978213
2.46159e-11	0.978134
2.46173e-11	0.978055
2.46187e-11	0.977976
2.462e-11	0.977896
2.46214e-11	0.977817
2.46227e-11	0.977737
2.46241e-11	0.977657
2.46254e-11	0.977578
2.46268e-11	0.977497
2.46281e-11	0.977417
2.46295e-11	0.977337
2.46308e-11	0.977257
2.46322e-11	0.977176
2.46335e-11	0.977095
2.46349e-11	0.977014
2.46362e-11	0.976933
2.46376e-11	0.976852
2.46389e-11	0.976771
2.46403e-11	0.97669
2.46416e-11	0.976608
2.4643e-11	0.976526
2.46444e-11	0.976444
2.46457e-11	0.976363
2.46471e-11	0.97628
2.46484e-11	0.976198
2.46498e-11	0.976116
2.46511e-11	0.976033
2.46525e-11	0.975951
2.46538e-11	0.975868
2.46552e-11	0.975785
2.46565e-11	0.975702
2.46579e-11	0.975619
2.46592e-11	0.975535
2.46606e-11	0.975452
2.46619e-11	0.975368
2.46633e-11	0.975284
2.46646e-11	0.9752
2.4666e-11	0.975116
2.46673e-11	0.975032
2.46687e-11	0.974948
2.46701e-11	0.974863
2.46714e-11	0.974779
2.46728e-11	0.974694
2.46741e-11	0.974609
2.46755e-11	0.974524
2.46768e-11	0.974439
2.46782e-11	0.974354
2.46795e-11	0.974268
2.46809e-11	0.974183
2.46822e-11	0.974097
2.46836e-11	0.974011
2.46849e-11	0.973925
2.46863e-11	0.973839
2.46876e-11	0.973753
2.4689e-11	0.973667
2.46903e-11	0.97358
2.46917e-11	0.973493
2.4693e-11	0.973407
2.46944e-11	0.97332
2.46958e-11	0.973233
2.46971e-11	0.973145
2.46985e-11	0.973058
2.46998e-11	0.972971
2.47012e-11	0.972883
2.47025e-11	0.972795
2.47039e-11	0.972707
2.47052e-11	0.972619
2.47066e-11	0.972531
2.47079e-11	0.972443
2.47093e-11	0.972354
2.47106e-11	0.972266
2.4712e-11	0.972177
2.47133e-11	0.972088
2.47147e-11	0.971999
2.4716e-11	0.97191
2.47174e-11	0.971821
2.47187e-11	0.971731
2.47201e-11	0.971642
2.47215e-11	0.971552
2.47228e-11	0.971462
2.47242e-11	0.971372
2.47255e-11	0.971282
2.47269e-11	0.971192
2.47282e-11	0.971102
2.47296e-11	0.971011
2.47309e-11	0.970921
2.47323e-11	0.97083
2.47336e-11	0.970739
2.4735e-11	0.970648
2.47363e-11	0.970557
2.47377e-11	0.970465
2.4739e-11	0.970374
2.47404e-11	0.970282
2.47417e-11	0.970191
2.47431e-11	0.970099
2.47444e-11	0.970007
2.47458e-11	0.969915
2.47472e-11	0.969822
2.47485e-11	0.96973
2.47499e-11	0.969637
2.47512e-11	0.969545
2.47526e-11	0.969452
2.47539e-11	0.969359
2.47553e-11	0.969266
2.47566e-11	0.969173
2.4758e-11	0.969079
2.47593e-11	0.968986
2.47607e-11	0.968892
2.4762e-11	0.968798
2.47634e-11	0.968704
2.47647e-11	0.96861
2.47661e-11	0.968516
2.47674e-11	0.968422
2.47688e-11	0.968327
2.47702e-11	0.968233
2.47715e-11	0.968138
2.47729e-11	0.968043
2.47742e-11	0.967948
2.47756e-11	0.967853
2.47769e-11	0.967758
2.47783e-11	0.967663
2.47796e-11	0.967567
2.4781e-11	0.967471
2.47823e-11	0.967376
2.47837e-11	0.96728
2.4785e-11	0.967183
2.47864e-11	0.967087
2.47877e-11	0.966991
2.47891e-11	0.966894
2.47904e-11	0.966798
2.47918e-11	0.966701
2.47931e-11	0.966604
2.47945e-11	0.966507
2.47959e-11	0.96641
2.47972e-11	0.966313
2.47986e-11	0.966215
2.47999e-11	0.966118
2.48013e-11	0.96602
2.48026e-11	0.965922
2.4804e-11	0.965824
2.48053e-11	0.965726
2.48067e-11	0.965628
2.4808e-11	0.965529
2.48094e-11	0.965431
2.48107e-11	0.965332
2.48121e-11	0.965234
2.48134e-11	0.965135
2.48148e-11	0.965036
2.48161e-11	0.964936
2.48175e-11	0.964837
2.48188e-11	0.964738
2.48202e-11	0.964638
2.48216e-11	0.964538
2.48229e-11	0.964438
2.48243e-11	0.964338
2.48256e-11	0.964238
2.4827e-11	0.964138
2.48283e-11	0.964038
2.48297e-11	0.963937
2.4831e-11	0.963836
2.48324e-11	0.963736
2.48337e-11	0.963635
2.48351e-11	0.963534
2.48364e-11	0.963432
2.48378e-11	0.963331
2.48391e-11	0.96323
2.48405e-11	0.963128
2.48418e-11	0.963026
2.48432e-11	0.962924
2.48445e-11	0.962822
2.48459e-11	0.96272
2.48473e-11	0.962618
2.48486e-11	0.962516
2.485e-11	0.962413
2.48513e-11	0.96231
2.48527e-11	0.962207
2.4854e-11	0.962105
2.48554e-11	0.962002
2.48567e-11	0.961898
2.48581e-11	0.961795
2.48594e-11	0.961691
2.48608e-11	0.961588
2.48621e-11	0.961484
2.48635e-11	0.96138
2.48648e-11	0.961276
2.48662e-11	0.961172
2.48675e-11	0.961068
2.48689e-11	0.960963
2.48702e-11	0.960859
2.48716e-11	0.960754
2.4873e-11	0.960649
2.48743e-11	0.960544
2.48757e-11	0.960439
2.4877e-11	0.960334
2.48784e-11	0.960229
2.48797e-11	0.960123
2.48811e-11	0.960018
2.48824e-11	0.959912
2.48838e-11	0.959806
2.48851e-11	0.9597
2.48865e-11	0.959594
2.48878e-11	0.959488
2.48892e-11	0.959381
2.48905e-11	0.959275
2.48919e-11	0.959168
2.48932e-11	0.959061
2.48946e-11	0.958954
2.48959e-11	0.958847
2.48973e-11	0.95874
2.48987e-11	0.958633
2.49e-11	0.958525
2.49014e-11	0.958417
2.49027e-11	0.95831
2.49041e-11	0.958202
2.49054e-11	0.958094
2.49068e-11	0.957986
2.49081e-11	0.957877
2.49095e-11	0.957769
2.49108e-11	0.95766
2.49122e-11	0.957552
2.49135e-11	0.957443
2.49149e-11	0.957334
2.49162e-11	0.957225
2.49176e-11	0.957116
2.49189e-11	0.957007
2.49203e-11	0.956897
2.49216e-11	0.956787
2.4923e-11	0.956678
2.49244e-11	0.956568
2.49257e-11	0.956458
2.49271e-11	0.956348
2.49284e-11	0.956238
2.49298e-11	0.956127
2.49311e-11	0.956017
2.49325e-11	0.955906
2.49338e-11	0.955795
2.49352e-11	0.955684
2.49365e-11	0.955573
2.49379e-11	0.955462
2.49392e-11	0.955351
2.49406e-11	0.955239
2.49419e-11	0.955128
2.49433e-11	0.955016
2.49446e-11	0.954904
2.4946e-11	0.954792
2.49473e-11	0.95468
2.49487e-11	0.954568
2.49501e-11	0.954456
2.49514e-11	0.954343
2.49528e-11	0.95423
2.49541e-11	0.954118
2.49555e-11	0.954005
2.49568e-11	0.953892
2.49582e-11	0.953779
2.49595e-11	0.953665
2.49609e-11	0.953552
2.49622e-11	0.953438
2.49636e-11	0.953325
2.49649e-11	0.953211
2.49663e-11	0.953097
2.49676e-11	0.952983
2.4969e-11	0.952869
2.49703e-11	0.952754
2.49717e-11	0.95264
2.4973e-11	0.952525
2.49744e-11	0.952411
2.49758e-11	0.952296
2.49771e-11	0.952181
2.49785e-11	0.952066
2.49798e-11	0.951951
2.49812e-11	0.951835
2.49825e-11	0.95172
2.49839e-11	0.951604
2.49852e-11	0.951488
2.49866e-11	0.951372
2.49879e-11	0.951256
2.49893e-11	0.95114
2.49906e-11	0.951024
2.4992e-11	0.950908
2.49933e-11	0.950791
2.49947e-11	0.950674
2.4996e-11	0.950558
2.49974e-11	0.950441
2.49987e-11	0.950324
2.50001e-11	0.950206
2.50015e-11	0.950089
2.50028e-11	0.949972
2.50042e-11	0.949854
2.50055e-11	0.949736
2.50069e-11	0.949619
2.50082e-11	0.949501
2.50096e-11	0.949382
2.50109e-11	0.949264
2.50123e-11	0.949146
2.50136e-11	0.949027
2.5015e-11	0.948909
2.50163e-11	0.94879
2.50177e-11	0.948671
2.5019e-11	0.948552
2.50204e-11	0.948433
2.50217e-11	0.948314
2.50231e-11	0.948194
2.50244e-11	0.948075
2.50258e-11	0.947955
2.50272e-11	0.947835
2.50285e-11	0.947715
2.50299e-11	0.947595
2.50312e-11	0.947475
2.50326e-11	0.947355
2.50339e-11	0.947235
2.50353e-11	0.947114
2.50366e-11	0.946993
2.5038e-11	0.946872
2.50393e-11	0.946752
2.50407e-11	0.94663
2.5042e-11	0.946509
2.50434e-11	0.946388
2.50447e-11	0.946266
2.50461e-11	0.946145
2.50474e-11	0.946023
2.50488e-11	0.945901
2.50501e-11	0.945779
2.50515e-11	0.945657
2.50529e-11	0.945535
2.50542e-11	0.945413
2.50556e-11	0.94529
2.50569e-11	0.945168
2.50583e-11	0.945045
2.50596e-11	0.944922
2.5061e-11	0.944799
2.50623e-11	0.944676
2.50637e-11	0.944553
2.5065e-11	0.944429
2.50664e-11	0.944306
2.50677e-11	0.944182
2.50691e-11	0.944058
2.50704e-11	0.943934
2.50718e-11	0.94381
2.50731e-11	0.943686
2.50745e-11	0.943562
2.50758e-11	0.943438
2.50772e-11	0.943313
2.50786e-11	0.943188
2.50799e-11	0.943064
2.50813e-11	0.942939
2.50826e-11	0.942814
2.5084e-11	0.942688
2.50853e-11	0.942563
2.50867e-11	0.942438
2.5088e-11	0.942312
2.50894e-11	0.942187
2.50907e-11	0.942061
2.50921e-11	0.941935
2.50934e-11	0.941809
2.50948e-11	0.941683
2.50961e-11	0.941556
2.50975e-11	0.94143
2.50988e-11	0.941303
2.51002e-11	0.941176
2.51015e-11	0.94105
2.51029e-11	0.940923
2.51043e-11	0.940796
2.51056e-11	0.940668
2.5107e-11	0.940541
2.51083e-11	0.940414
2.51097e-11	0.940286
2.5111e-11	0.940158
2.51124e-11	0.940031
2.51137e-11	0.939903
2.51151e-11	0.939774
2.51164e-11	0.939646
2.51178e-11	0.939518
2.51191e-11	0.939389
2.51205e-11	0.939261
2.51218e-11	0.939132
2.51232e-11	0.939003
2.51245e-11	0.938874
2.51259e-11	0.938745
2.51272e-11	0.938616
2.51286e-11	0.938487
2.513e-11	0.938357
2.51313e-11	0.938228
2.51327e-11	0.938098
2.5134e-11	0.937968
2.51354e-11	0.937838
2.51367e-11	0.937708
2.51381e-11	0.937578
2.51394e-11	0.937447
2.51408e-11	0.937317
2.51421e-11	0.937186
2.51435e-11	0.937055
2.51448e-11	0.936925
2.51462e-11	0.936794
2.51475e-11	0.936662
2.51489e-11	0.936531
2.51502e-11	0.9364
2.51516e-11	0.936268
2.51529e-11	0.936137
2.51543e-11	0.936005
2.51557e-11	0.935873
2.5157e-11	0.935741
2.51584e-11	0.935609
2.51597e-11	0.935477
2.51611e-11	0.935344
2.51624e-11	0.935212
2.51638e-11	0.935079
2.51651e-11	0.934947
2.51665e-11	0.934814
2.51678e-11	0.934681
2.51692e-11	0.934548
2.51705e-11	0.934414
2.51719e-11	0.934281
2.51732e-11	0.934147
2.51746e-11	0.934014
2.51759e-11	0.93388
2.51773e-11	0.933746
2.51786e-11	0.933612
2.518e-11	0.933478
2.51814e-11	0.933344
2.51827e-11	0.93321
2.51841e-11	0.933075
2.51854e-11	0.93294
2.51868e-11	0.932806
2.51881e-11	0.932671
2.51895e-11	0.932536
2.51908e-11	0.932401
2.51922e-11	0.932265
2.51935e-11	0.93213
2.51949e-11	0.931995
2.51962e-11	0.931859
2.51976e-11	0.931723
2.51989e-11	0.931587
2.52003e-11	0.931451
2.52016e-11	0.931315
2.5203e-11	0.931179
2.52043e-11	0.931043
2.52057e-11	0.930906
2.52071e-11	0.93077
2.52084e-11	0.930633
2.52098e-11	0.930496
2.52111e-11	0.930359
2.52125e-11	0.930222
2.52138e-11	0.930085
2.52152e-11	0.929948
2.52165e-11	0.92981
2.52179e-11	0.929673
2.52192e-11	0.929535
2.52206e-11	0.929397
2.52219e-11	0.929259
2.52233e-11	0.929121
2.52246e-11	0.928983
2.5226e-11	0.928844
2.52273e-11	0.928706
2.52287e-11	0.928567
2.523e-11	0.928429
2.52314e-11	0.92829
2.52328e-11	0.928151
2.52341e-11	0.928012
2.52355e-11	0.927873
2.52368e-11	0.927733
2.52382e-11	0.927594
2.52395e-11	0.927454
2.52409e-11	0.927315
2.52422e-11	0.927175
2.52436e-11	0.927035
2.52449e-11	0.926895
2.52463e-11	0.926755
2.52476e-11	0.926615
2.5249e-11	0.926474
2.52503e-11	0.926334
2.52517e-11	0.926193
2.5253e-11	0.926052
2.52544e-11	0.925911
2.52557e-11	0.92577
2.52571e-11	0.925629
2.52585e-11	0.925488
2.52598e-11	0.925346
2.52612e-11	0.925205
2.52625e-11	0.925063
2.52639e-11	0.924922
2.52652e-11	0.92478
2.52666e-11	0.924638
2.52679e-11	0.924496
2.52693e-11	0.924353
2.52706e-11	0.924211
2.5272e-11	0.924069
2.52733e-11	0.923926
2.52747e-11	0.923783
2.5276e-11	0.92364
2.52774e-11	0.923497
2.52787e-11	0.923354
2.52801e-11	0.923211
2.52814e-11	0.923068
2.52828e-11	0.922924
2.52842e-11	0.922781
2.52855e-11	0.922637
2.52869e-11	0.922493
2.52882e-11	0.922349
2.52896e-11	0.922205
2.52909e-11	0.922061
2.52923e-11	0.921917
2.52936e-11	0.921772
2.5295e-11	0.921628
2.52963e-11	0.921483
2.52977e-11	0.921338
2.5299e-11	0.921194
2.53004e-11	0.921049
2.53017e-11	0.920903
2.53031e-11	0.920758
2.53044e-11	0.920613
2.53058e-11	0.920467
2.53071e-11	0.920322
2.53085e-11	0.920176
2.53099e-11	0.92003
2.53112e-11	0.919884
2.53126e-11	0.919738
2.53139e-11	0.919592
2.53153e-11	0.919445
2.53166e-11	0.919299
2.5318e-11	0.919152
2.53193e-11	0.919006
2.53207e-11	0.918859
2.5322e-11	0.918712
2.53234e-11	0.918565
2.53247e-11	0.918418
2.53261e-11	0.91827
2.53274e-11	0.918123
2.53288e-11	0.917975
2.53301e-11	0.917828
2.53315e-11	0.91768
2.53328e-11	0.917532
2.53342e-11	0.917384
2.53356e-11	0.917236
2.53369e-11	0.917088
2.53383e-11	0.916939
2.53396e-11	0.916791
2.5341e-11	0.916642
2.53423e-11	0.916493
2.53437e-11	0.916345
2.5345e-11	0.916196
2.53464e-11	0.916047
2.53477e-11	0.915897
2.53491e-11	0.915748
2.53504e-11	0.915599
2.53518e-11	0.915449
2.53531e-11	0.915299
2.53545e-11	0.91515
2.53558e-11	0.915
2.53572e-11	0.91485
2.53585e-11	0.914699
2.53599e-11	0.914549
2.53613e-11	0.914399
2.53626e-11	0.914248
2.5364e-11	0.914098
2.53653e-11	0.913947
2.53667e-11	0.913796
2.5368e-11	0.913645
2.53694e-11	0.913494
2.53707e-11	0.913343
2.53721e-11	0.913191
2.53734e-11	0.91304
2.53748e-11	0.912888
2.53761e-11	0.912737
2.53775e-11	0.912585
2.53788e-11	0.912433
2.53802e-11	0.912281
2.53815e-11	0.912129
2.53829e-11	0.911976
2.53842e-11	0.911824
2.53856e-11	0.911672
2.5387e-11	0.911519
2.53883e-11	0.911366
2.53897e-11	0.911213
2.5391e-11	0.91106
2.53924e-11	0.910907
2.53937e-11	0.910754
2.53951e-11	0.910601
2.53964e-11	0.910447
2.53978e-11	0.910294
2.53991e-11	0.91014
2.54005e-11	0.909986
2.54018e-11	0.909832
2.54032e-11	0.909678
2.54045e-11	0.909524
2.54059e-11	0.90937
2.54072e-11	0.909215
2.54086e-11	0.909061
2.54099e-11	0.908906
2.54113e-11	0.908751
2.54127e-11	0.908597
2.5414e-11	0.908442
2.54154e-11	0.908287
2.54167e-11	0.908131
2.54181e-11	0.907976
2.54194e-11	0.907821
2.54208e-11	0.907665
2.54221e-11	0.907509
2.54235e-11	0.907354
2.54248e-11	0.907198
2.54262e-11	0.907042
2.54275e-11	0.906886
2.54289e-11	0.906729
2.54302e-11	0.906573
2.54316e-11	0.906416
2.54329e-11	0.90626
2.54343e-11	0.906103
2.54356e-11	0.905946
2.5437e-11	0.905789
2.54384e-11	0.905632
2.54397e-11	0.905475
2.54411e-11	0.905318
2.54424e-11	0.90516
2.54438e-11	0.905003
2.54451e-11	0.904845
2.54465e-11	0.904688
2.54478e-11	0.90453
2.54492e-11	0.904372
2.54505e-11	0.904214
2.54519e-11	0.904055
2.54532e-11	0.903897
2.54546e-11	0.903739
2.54559e-11	0.90358
2.54573e-11	0.903421
2.54586e-11	0.903263
2.546e-11	0.903104
2.54613e-11	0.902945
2.54627e-11	0.902786
2.54641e-11	0.902626
2.54654e-11	0.902467
2.54668e-11	0.902308
2.54681e-11	0.902148
2.54695e-11	0.901988
2.54708e-11	0.901828
2.54722e-11	0.901668
2.54735e-11	0.901508
2.54749e-11	0.901348
2.54762e-11	0.901188
2.54776e-11	0.901028
2.54789e-11	0.900867
2.54803e-11	0.900707
2.54816e-11	0.900546
2.5483e-11	0.900385
2.54843e-11	0.900224
2.54857e-11	0.900063
2.5487e-11	0.899902
2.54884e-11	0.89974
2.54898e-11	0.899579
2.54911e-11	0.899418
2.54925e-11	0.899256
2.54938e-11	0.899094
2.54952e-11	0.898932
2.54965e-11	0.89877
2.54979e-11	0.898608
2.54992e-11	0.898446
2.55006e-11	0.898284
2.55019e-11	0.898121
2.55033e-11	0.897959
2.55046e-11	0.897796
2.5506e-11	0.897633
2.55073e-11	0.89747
2.55087e-11	0.897307
2.551e-11	0.897144
2.55114e-11	0.896981
2.55127e-11	0.896818
2.55141e-11	0.896654
2.55155e-11	0.896491
2.55168e-11	0.896327
2.55182e-11	0.896163
2.55195e-11	0.895999
2.55209e-11	0.895835
2.55222e-11	0.895671
2.55236e-11	0.895507
2.55249e-11	0.895343
2.55263e-11	0.895178
2.55276e-11	0.895014
2.5529e-11	0.894849
2.55303e-11	0.894684
2.55317e-11	0.894519
2.5533e-11	0.894354
2.55344e-11	0.894189
2.55357e-11	0.894024
2.55371e-11	0.893858
2.55384e-11	0.893693
2.55398e-11	0.893527
2.55412e-11	0.893362
2.55425e-11	0.893196
2.55439e-11	0.89303
2.55452e-11	0.892864
2.55466e-11	0.892698
2.55479e-11	0.892532
2.55493e-11	0.892365
2.55506e-11	0.892199
2.5552e-11	0.892032
2.55533e-11	0.891865
2.55547e-11	0.891699
2.5556e-11	0.891532
2.55574e-11	0.891365
2.55587e-11	0.891198
2.55601e-11	0.89103
2.55614e-11	0.890863
2.55628e-11	0.890696
2.55641e-11	0.890528
2.55655e-11	0.89036
2.55669e-11	0.890192
2.55682e-11	0.890025
2.55696e-11	0.889857
2.55709e-11	0.889688
2.55723e-11	0.88952
2.55736e-11	0.889352
2.5575e-11	0.889183
2.55763e-11	0.889015
2.55777e-11	0.888846
2.5579e-11	0.888677
2.55804e-11	0.888508
2.55817e-11	0.888339
2.55831e-11	0.88817
2.55844e-11	0.888001
2.55858e-11	0.887832
2.55871e-11	0.887662
2.55885e-11	0.887493
2.55898e-11	0.887323
2.55912e-11	0.887153
2.55926e-11	0.886983
2.55939e-11	0.886813
2.55953e-11	0.886643
2.55966e-11	0.886473
2.5598e-11	0.886303
2.55993e-11	0.886132
2.56007e-11	0.885962
2.5602e-11	0.885791
2.56034e-11	0.88562
2.56047e-11	0.885449
2.56061e-11	0.885278
2.56074e-11	0.885107
2.56088e-11	0.884936
2.56101e-11	0.884765
2.56115e-11	0.884593
2.56128e-11	0.884422
2.56142e-11	0.88425
2.56155e-11	0.884078
2.56169e-11	0.883907
2.56183e-11	0.883735
2.56196e-11	0.883563
2.5621e-11	0.88339
2.56223e-11	0.883218
2.56237e-11	0.883046
2.5625e-11	0.882873
2.56264e-11	0.882701
2.56277e-11	0.882528
2.56291e-11	0.882355
2.56304e-11	0.882182
2.56318e-11	0.882009
2.56331e-11	0.881836
2.56345e-11	0.881663
2.56358e-11	0.881489
2.56372e-11	0.881316
2.56385e-11	0.881142
2.56399e-11	0.880968
2.56412e-11	0.880795
2.56426e-11	0.880621
2.5644e-11	0.880447
2.56453e-11	0.880273
2.56467e-11	0.880098
2.5648e-11	0.879924
2.56494e-11	0.87975
2.56507e-11	0.879575
2.56521e-11	0.8794
2.56534e-11	0.879226
2.56548e-11	0.879051
2.56561e-11	0.878876
2.56575e-11	0.878701
2.56588e-11	0.878525
2.56602e-11	0.87835
2.56615e-11	0.878175
2.56629e-11	0.877999
2.56642e-11	0.877824
2.56656e-11	0.877648
2.56669e-11	0.877472
2.56683e-11	0.877296
2.56697e-11	0.87712
2.5671e-11	0.876944
2.56724e-11	0.876768
2.56737e-11	0.876591
2.56751e-11	0.876415
2.56764e-11	0.876238
2.56778e-11	0.876061
2.56791e-11	0.875885
2.56805e-11	0.875708
2.56818e-11	0.875531
2.56832e-11	0.875354
2.56845e-11	0.875176
2.56859e-11	0.874999
2.56872e-11	0.874822
2.56886e-11	0.874644
2.56899e-11	0.874466
2.56913e-11	0.874289
2.56926e-11	0.874111
2.5694e-11	0.873933
2.56954e-11	0.873755
2.56967e-11	0.873577
2.56981e-11	0.873398
2.56994e-11	0.87322
2.57008e-11	0.873042
2.57021e-11	0.872863
2.57035e-11	0.872684
2.57048e-11	0.872505
2.57062e-11	0.872327
2.57075e-11	0.872148
2.57089e-11	0.871968
2.57102e-11	0.871789
2.57116e-11	0.87161
2.57129e-11	0.87143
2.57143e-11	0.871251
2.57156e-11	0.871071
2.5717e-11	0.870892
2.57183e-11	0.870712
2.57197e-11	0.870532
2.57211e-11	0.870352
2.57224e-11	0.870172
2.57238e-11	0.869991
2.57251e-11	0.869811
2.57265e-11	0.86963
2.57278e-11	0.86945
2.57292e-11	0.869269
2.57305e-11	0.869088
2.57319e-11	0.868908
2.57332e-11	0.868726
2.57346e-11	0.868545
2.57359e-11	0.868364
2.57373e-11	0.868183
2.57386e-11	0.868001
2.574e-11	0.86782
2.57413e-11	0.867638
2.57427e-11	0.867457
2.5744e-11	0.867275
2.57454e-11	0.867093
2.57468e-11	0.866911
2.57481e-11	0.866729
2.57495e-11	0.866547
2.57508e-11	0.866364
2.57522e-11	0.866182
2.57535e-11	0.865999
2.57549e-11	0.865817
2.57562e-11	0.865634
2.57576e-11	0.865451
2.57589e-11	0.865268
2.57603e-11	0.865085
2.57616e-11	0.864902
2.5763e-11	0.864718
2.57643e-11	0.864535
2.57657e-11	0.864352
2.5767e-11	0.864168
2.57684e-11	0.863984
2.57697e-11	0.863801
2.57711e-11	0.863617
2.57725e-11	0.863433
2.57738e-11	0.863249
2.57752e-11	0.863065
2.57765e-11	0.86288
2.57779e-11	0.862696
2.57792e-11	0.862511
2.57806e-11	0.862327
2.57819e-11	0.862142
2.57833e-11	0.861957
2.57846e-11	0.861772
2.5786e-11	0.861587
2.57873e-11	0.861402
2.57887e-11	0.861217
2.579e-11	0.861032
2.57914e-11	0.860846
2.57927e-11	0.860661
2.57941e-11	0.860475
2.57954e-11	0.86029
2.57968e-11	0.860104
2.57982e-11	0.859918
2.57995e-11	0.859732
2.58009e-11	0.859546
2.58022e-11	0.85936
2.58036e-11	0.859173
2.58049e-11	0.858987
2.58063e-11	0.8588
2.58076e-11	0.858614
2.5809e-11	0.858427
2.58103e-11	0.85824
2.58117e-11	0.858053
2.5813e-11	0.857866
2.58144e-11	0.857679
2.58157e-11	0.857492
2.58171e-11	0.857305
2.58184e-11	0.857117
2.58198e-11	0.85693
2.58211e-11	0.856742
2.58225e-11	0.856554
2.58239e-11	0.856366
2.58252e-11	0.856179
2.58266e-11	0.855991
2.58279e-11	0.855802
2.58293e-11	0.855614
2.58306e-11	0.855426
2.5832e-11	0.855237
2.58333e-11	0.855049
2.58347e-11	0.85486
2.5836e-11	0.854672
2.58374e-11	0.854483
2.58387e-11	0.854294
2.58401e-11	0.854105
2.58414e-11	0.853916
2.58428e-11	0.853727
2.58441e-11	0.853537
2.58455e-11	0.853348
2.58468e-11	0.853158
2.58482e-11	0.852969
2.58496e-11	0.852779
2.58509e-11	0.852589
2.58523e-11	0.852399
2.58536e-11	0.852209
2.5855e-11	0.852019
2.58563e-11	0.851829
2.58577e-11	0.851639
2.5859e-11	0.851448
2.58604e-11	0.851258
2.58617e-11	0.851067
2.58631e-11	0.850877
2.58644e-11	0.850686
2.58658e-11	0.850495
2.58671e-11	0.850304
2.58685e-11	0.850113
2.58698e-11	0.849922
2.58712e-11	0.84973
2.58725e-11	0.849539
2.58739e-11	0.849347
2.58753e-11	0.849156
2.58766e-11	0.848964
2.5878e-11	0.848772
2.58793e-11	0.848581
2.58807e-11	0.848389
2.5882e-11	0.848197
2.58834e-11	0.848004
2.58847e-11	0.847812
2.58861e-11	0.84762
2.58874e-11	0.847427
2.58888e-11	0.847235
2.58901e-11	0.847042
2.58915e-11	0.846849
2.58928e-11	0.846657
2.58942e-11	0.846464
2.58955e-11	0.846271
2.58969e-11	0.846078
2.58982e-11	0.845884
2.58996e-11	0.845691
2.5901e-11	0.845498
2.59023e-11	0.845304
2.59037e-11	0.84511
2.5905e-11	0.844917
2.59064e-11	0.844723
2.59077e-11	0.844529
2.59091e-11	0.844335
2.59104e-11	0.844141
2.59118e-11	0.843947
2.59131e-11	0.843752
2.59145e-11	0.843558
2.59158e-11	0.843364
2.59172e-11	0.843169
2.59185e-11	0.842974
2.59199e-11	0.84278
2.59212e-11	0.842585
2.59226e-11	0.84239
2.59239e-11	0.842195
2.59253e-11	0.842
2.59267e-11	0.841804
2.5928e-11	0.841609
2.59294e-11	0.841414
2.59307e-11	0.841218
2.59321e-11	0.841022
2.59334e-11	0.840827
2.59348e-11	0.840631
2.59361e-11	0.840435
2.59375e-11	0.840239
2.59388e-11	0.840043
2.59402e-11	0.839847
2.59415e-11	0.83965
2.59429e-11	0.839454
2.59442e-11	0.839258
2.59456e-11	0.839061
2.59469e-11	0.838864
2.59483e-11	0.838668
2.59496e-11	0.838471
2.5951e-11	0.838274
2.59524e-11	0.838077
2.59537e-11	0.83788
2.59551e-11	0.837682
2.59564e-11	0.837485
2.59578e-11	0.837288
2.59591e-11	0.83709
2.59605e-11	0.836893
2.59618e-11	0.836695
2.59632e-11	0.836497
2.59645e-11	0.836299
2.59659e-11	0.836101
2.59672e-11	0.835903
2.59686e-11	0.835705
2.59699e-11	0.835507
2.59713e-11	0.835308
2.59726e-11	0.83511
2.5974e-11	0.834911
2.59753e-11	0.834713
2.59767e-11	0.834514
2.59781e-11	0.834315
2.59794e-11	0.834116
2.59808e-11	0.833917
2.59821e-11	0.833718
2.59835e-11	0.833519
2.59848e-11	0.83332
2.59862e-11	0.83312
2.59875e-11	0.832921
2.59889e-11	0.832721
2.59902e-11	0.832522
2.59916e-11	0.832322
2.59929e-11	0.832122
2.59943e-11	0.831922
2.59956e-11	0.831722
2.5997e-11	0.831522
2.59983e-11	0.831322
2.59997e-11	0.831121
2.6001e-11	0.830921
2.60024e-11	0.830721
2.60038e-11	0.83052
2.60051e-11	0.830319
2.60065e-11	0.830119
2.60078e-11	0.829918
2.60092e-11	0.829717
2.60105e-11	0.829516
2.60119e-11	0.829315
2.60132e-11	0.829113
2.60146e-11	0.828912
2.60159e-11	0.828711
2.60173e-11	0.828509
2.60186e-11	0.828308
2.602e-11	0.828106
2.60213e-11	0.827904
2.60227e-11	0.827702
2.6024e-11	0.8275
2.60254e-11	0.827298
2.60267e-11	0.827096
2.60281e-11	0.826894
2.60295e-11	0.826692
2.60308e-11	0.826489
2.60322e-11	0.826287
2.60335e-11	0.826084
2.60349e-11	0.825881
2.60362e-11	0.825679
2.60376e-11	0.825476
2.60389e-11	0.825273
2.60403e-11	0.82507
2.60416e-11	0.824867
2.6043e-11	0.824664
2.60443e-11	0.82446
2.60457e-11	0.824257
2.6047e-11	0.824053
2.60484e-11	0.82385
2.60497e-11	0.823646
2.60511e-11	0.823442
2.60524e-11	0.823238
2.60538e-11	0.823035
2.60552e-11	0.822831
2.60565e-11	0.822626
2.60579e-11	0.822422
2.60592e-11	0.822218
2.60606e-11	0.822014
2.60619e-11	0.821809
2.60633e-11	0.821605
2.60646e-11	0.8214
2.6066e-11	0.821195
2.60673e-11	0.82099
2.60687e-11	0.820785
2.607e-11	0.82058
2.60714e-11	0.820375
2.60727e-11	0.82017
2.60741e-11	0.819965
2.60754e-11	0.819759
2.60768e-11	0.819554
2.60781e-11	0.819349
2.60795e-11	0.819143
2.60809e-11	0.818937
2.60822e-11	0.818731
2.60836e-11	0.818525
2.60849e-11	0.818319
2.60863e-11	0.818113
2.60876e-11	0.817907
2.6089e-11	0.817701
2.60903e-11	0.817495
2.60917e-11	0.817288
2.6093e-11	0.817082
2.60944e-11	0.816875
2.60957e-11	0.816669
2.60971e-11	0.816462
2.60984e-11	0.816255
2.60998e-11	0.816048
2.61011e-11	0.815841
2.61025e-11	0.815634
2.61038e-11	0.815427
2.61052e-11	0.815219
2.61066e-11	0.815012
2.61079e-11	0.814804
2.61093e-11	0.814597
2.61106e-11	0.814389
2.6112e-11	0.814182
2.61133e-11	0.813974
2.61147e-11	0.813766
2.6116e-11	0.813558
2.61174e-11	0.81335
2.61187e-11	0.813142
2.61201e-11	0.812933
2.61214e-11	0.812725
2.61228e-11	0.812517
2.61241e-11	0.812308
2.61255e-11	0.8121
2.61268e-11	0.811891
2.61282e-11	0.811682
2.61295e-11	0.811473
2.61309e-11	0.811264
2.61323e-11	0.811055
2.61336e-11	0.810846
2.6135e-11	0.810637
2.61363e-11	0.810428
2.61377e-11	0.810218
2.6139e-11	0.810009
2.61404e-11	0.809799
2.61417e-11	0.80959
2.61431e-11	0.80938
2.61444e-11	0.80917
2.61458e-11	0.80896
2.61471e-11	0.80875
2.61485e-11	0.80854
2.61498e-11	0.80833
2.61512e-11	0.80812
2.61525e-11	0.80791
2.61539e-11	0.807699
2.61552e-11	0.807489
2.61566e-11	0.807278
2.6158e-11	0.807068
2.61593e-11	0.806857
2.61607e-11	0.806646
2.6162e-11	0.806435
2.61634e-11	0.806224
2.61647e-11	0.806013
2.61661e-11	0.805802
2.61674e-11	0.805591
2.61688e-11	0.80538
2.61701e-11	0.805168
2.61715e-11	0.804957
2.61728e-11	0.804745
2.61742e-11	0.804533
2.61755e-11	0.804322
2.61769e-11	0.80411
2.61782e-11	0.803898
2.61796e-11	0.803686
2.61809e-11	0.803474
2.61823e-11	0.803262
2.61837e-11	0.80305
2.6185e-11	0.802837
2.61864e-11	0.802625
2.61877e-11	0.802412
2.61891e-11	0.8022
2.61904e-11	0.801987
2.61918e-11	0.801774
2.61931e-11	0.801561
2.61945e-11	0.801349
2.61958e-11	0.801136
2.61972e-11	0.800923
2.61985e-11	0.800709
2.61999e-11	0.800496
2.62012e-11	0.800283
2.62026e-11	0.800069
2.62039e-11	0.799856
2.62053e-11	0.799642
2.62066e-11	0.799429
2.6208e-11	0.799215
2.62094e-11	0.799001
2.62107e-11	0.798787
2.62121e-11	0.798573
2.62134e-11	0.798359
2.62148e-11	0.798145
2.62161e-11	0.797931
2.62175e-11	0.797717
2.62188e-11	0.797502
2.62202e-11	0.797288
2.62215e-11	0.797073
2.62229e-11	0.796859
2.62242e-11	0.796644
2.62256e-11	0.796429
2.62269e-11	0.796214
2.62283e-11	0.795999
2.62296e-11	0.795784
2.6231e-11	0.795569
2.62323e-11	0.795354
2.62337e-11	0.795139
2.62351e-11	0.794923
2.62364e-11	0.794708
2.62378e-11	0.794492
2.62391e-11	0.794277
2.62405e-11	0.794061
2.62418e-11	0.793845
2.62432e-11	0.793629
2.62445e-11	0.793414
2.62459e-11	0.793198
2.62472e-11	0.792981
2.62486e-11	0.792765
2.62499e-11	0.792549
2.62513e-11	0.792333
2.62526e-11	0.792116
2.6254e-11	0.7919
2.62553e-11	0.791683
2.62567e-11	0.791467
2.6258e-11	0.79125
2.62594e-11	0.791033
2.62608e-11	0.790816
2.62621e-11	0.790599
2.62635e-11	0.790382
2.62648e-11	0.790165
2.62662e-11	0.789948
2.62675e-11	0.78973
2.62689e-11	0.789513
2.62702e-11	0.789296
2.62716e-11	0.789078
2.62729e-11	0.788861
2.62743e-11	0.788643
2.62756e-11	0.788425
2.6277e-11	0.788207
2.62783e-11	0.787989
2.62797e-11	0.787771
2.6281e-11	0.787553
2.62824e-11	0.787335
2.62837e-11	0.787117
2.62851e-11	0.786899
2.62865e-11	0.78668
2.62878e-11	0.786462
2.62892e-11	0.786243
2.62905e-11	0.786025
2.62919e-11	0.785806
2.62932e-11	0.785587
2.62946e-11	0.785368
2.62959e-11	0.785149
2.62973e-11	0.78493
2.62986e-11	0.784711
2.63e-11	0.784492
2.63013e-11	0.784273
2.63027e-11	0.784054
2.6304e-11	0.783834
2.63054e-11	0.783615
2.63067e-11	0.783395
2.63081e-11	0.783175
2.63095e-11	0.782956
2.63108e-11	0.782736
2.63122e-11	0.782516
2.63135e-11	0.782296
2.63149e-11	0.782076
2.63162e-11	0.781856
2.63176e-11	0.781636
2.63189e-11	0.781416
2.63203e-11	0.781195
2.63216e-11	0.780975
2.6323e-11	0.780754
2.63243e-11	0.780534
2.63257e-11	0.780313
2.6327e-11	0.780092
2.63284e-11	0.779872
2.63297e-11	0.779651
2.63311e-11	0.77943
2.63324e-11	0.779209
2.63338e-11	0.778988
2.63352e-11	0.778767
2.63365e-11	0.778545
2.63379e-11	0.778324
2.63392e-11	0.778103
2.63406e-11	0.777881
2.63419e-11	0.77766
2.63433e-11	0.777438
2.63446e-11	0.777216
2.6346e-11	0.776995
2.63473e-11	0.776773
2.63487e-11	0.776551
2.635e-11	0.776329
2.63514e-11	0.776107
2.63527e-11	0.775885
2.63541e-11	0.775662
2.63554e-11	0.77544
2.63568e-11	0.775218
2.63581e-11	0.774995
2.63595e-11	0.774773
2.63609e-11	0.77455
2.63622e-11	0.774327
2.63636e-11	0.774105
2.63649e-11	0.773882
2.63663e-11	0.773659
2.63676e-11	0.773436
2.6369e-11	0.773213
2.63703e-11	0.77299
2.63717e-11	0.772767
2.6373e-11	0.772543
2.63744e-11	0.77232
2.63757e-11	0.772097
2.63771e-11	0.771873
2.63784e-11	0.771649
2.63798e-11	0.771426
2.63811e-11	0.771202
2.63825e-11	0.770978
2.63838e-11	0.770754
2.63852e-11	0.770531
2.63866e-11	0.770307
2.63879e-11	0.770082
2.63893e-11	0.769858
2.63906e-11	0.769634
2.6392e-11	0.76941
2.63933e-11	0.769185
2.63947e-11	0.768961
2.6396e-11	0.768736
2.63974e-11	0.768512
2.63987e-11	0.768287
2.64001e-11	0.768062
2.64014e-11	0.767838
2.64028e-11	0.767613
2.64041e-11	0.767388
2.64055e-11	0.767163
2.64068e-11	0.766938
2.64082e-11	0.766712
2.64095e-11	0.766487
2.64109e-11	0.766262
2.64123e-11	0.766037
2.64136e-11	0.765811
2.6415e-11	0.765585
2.64163e-11	0.76536
2.64177e-11	0.765134
2.6419e-11	0.764908
2.64204e-11	0.764683
2.64217e-11	0.764457
2.64231e-11	0.764231
2.64244e-11	0.764005
2.64258e-11	0.763779
2.64271e-11	0.763552
2.64285e-11	0.763326
2.64298e-11	0.7631
2.64312e-11	0.762873
2.64325e-11	0.762647
2.64339e-11	0.76242
2.64352e-11	0.762194
2.64366e-11	0.761967
2.6438e-11	0.76174
2.64393e-11	0.761514
2.64407e-11	0.761287
2.6442e-11	0.76106
2.64434e-11	0.760833
2.64447e-11	0.760606
2.64461e-11	0.760378
2.64474e-11	0.760151
2.64488e-11	0.759924
2.64501e-11	0.759696
2.64515e-11	0.759469
2.64528e-11	0.759241
2.64542e-11	0.759014
2.64555e-11	0.758786
2.64569e-11	0.758558
2.64582e-11	0.758331
2.64596e-11	0.758103
2.64609e-11	0.757875
2.64623e-11	0.757647
2.64637e-11	0.757419
2.6465e-11	0.757191
2.64664e-11	0.756962
2.64677e-11	0.756734
2.64691e-11	0.756506
2.64704e-11	0.756277
2.64718e-11	0.756049
2.64731e-11	0.75582
2.64745e-11	0.755592
2.64758e-11	0.755363
2.64772e-11	0.755134
2.64785e-11	0.754905
2.64799e-11	0.754676
2.64812e-11	0.754447
2.64826e-11	0.754218
2.64839e-11	0.753989
2.64853e-11	0.75376
2.64866e-11	0.753531
2.6488e-11	0.753301
2.64894e-11	0.753072
2.64907e-11	0.752842
2.64921e-11	0.752613
2.64934e-11	0.752383
2.64948e-11	0.752154
2.64961e-11	0.751924
2.64975e-11	0.751694
2.64988e-11	0.751464
2.65002e-11	0.751234
2.65015e-11	0.751004
2.65029e-11	0.750774
2.65042e-11	0.750544
2.65056e-11	0.750314
2.65069e-11	0.750084
2.65083e-11	0.749853
2.65096e-11	0.749623
2.6511e-11	0.749392
2.65123e-11	0.749162
2.65137e-11	0.748931
2.65151e-11	0.7487
2.65164e-11	0.74847
2.65178e-11	0.748239
2.65191e-11	0.748008
2.65205e-11	0.747777
2.65218e-11	0.747546
2.65232e-11	0.747315
2.65245e-11	0.747084
2.65259e-11	0.746853
2.65272e-11	0.746621
2.65286e-11	0.74639
2.65299e-11	0.746159
2.65313e-11	0.745927
2.65326e-11	0.745696
2.6534e-11	0.745464
2.65353e-11	0.745232
2.65367e-11	0.745001
2.6538e-11	0.744769
2.65394e-11	0.744537
2.65408e-11	0.744305
2.65421e-11	0.744073
2.65435e-11	0.743841
2.65448e-11	0.743609
2.65462e-11	0.743376
2.65475e-11	0.743144
2.65489e-11	0.742912
2.65502e-11	0.742679
2.65516e-11	0.742447
2.65529e-11	0.742215
2.65543e-11	0.741982
2.65556e-11	0.741749
2.6557e-11	0.741517
2.65583e-11	0.741284
2.65597e-11	0.741051
2.6561e-11	0.740818
2.65624e-11	0.740585
2.65637e-11	0.740352
2.65651e-11	0.740119
2.65665e-11	0.739886
2.65678e-11	0.739652
2.65692e-11	0.739419
2.65705e-11	0.739186
2.65719e-11	0.738952
2.65732e-11	0.738719
2.65746e-11	0.738485
2.65759e-11	0.738252
2.65773e-11	0.738018
2.65786e-11	0.737784
2.658e-11	0.73755
2.65813e-11	0.737316
2.65827e-11	0.737082
2.6584e-11	0.736848
2.65854e-11	0.736614
2.65867e-11	0.73638
2.65881e-11	0.736146
2.65894e-11	0.735912
2.65908e-11	0.735677
2.65922e-11	0.735443
2.65935e-11	0.735209
2.65949e-11	0.734974
2.65962e-11	0.73474
2.65976e-11	0.734505
2.65989e-11	0.73427
2.66003e-11	0.734035
2.66016e-11	0.733801
2.6603e-11	0.733566
2.66043e-11	0.733331
2.66057e-11	0.733096
2.6607e-11	0.732861
2.66084e-11	0.732625
2.66097e-11	0.73239
2.66111e-11	0.732155
2.66124e-11	0.73192
2.66138e-11	0.731684
2.66151e-11	0.731449
2.66165e-11	0.731213
2.66179e-11	0.730978
2.66192e-11	0.730742
2.66206e-11	0.730506
2.66219e-11	0.730271
2.66233e-11	0.730035
2.66246e-11	0.729799
2.6626e-11	0.729563
2.66273e-11	0.729327
2.66287e-11	0.729091
2.663e-11	0.728855
2.66314e-11	0.728619
2.66327e-11	0.728382
2.66341e-11	0.728146
2.66354e-11	0.72791
2.66368e-11	0.727673
2.66381e-11	0.727437
2.66395e-11	0.7272
2.66408e-11	0.726964
2.66422e-11	0.726727
2.66436e-11	0.72649
2.66449e-11	0.726253
2.66463e-11	0.726017
2.66476e-11	0.72578
2.6649e-11	0.725543
2.66503e-11	0.725306
2.66517e-11	0.725069
2.6653e-11	0.724831
2.66544e-11	0.724594
2.66557e-11	0.724357
2.66571e-11	0.72412
2.66584e-11	0.723882
2.66598e-11	0.723645
2.66611e-11	0.723407
2.66625e-11	0.72317
2.66638e-11	0.722932
2.66652e-11	0.722694
2.66665e-11	0.722457
2.66679e-11	0.722219
2.66693e-11	0.721981
2.66706e-11	0.721743
2.6672e-11	0.721505
2.66733e-11	0.721267
2.66747e-11	0.721029
2.6676e-11	0.720791
2.66774e-11	0.720552
2.66787e-11	0.720314
2.66801e-11	0.720076
2.66814e-11	0.719837
2.66828e-11	0.719599
2.66841e-11	0.71936
2.66855e-11	0.719122
2.66868e-11	0.718883
2.66882e-11	0.718644
2.66895e-11	0.718406
2.66909e-11	0.718167
2.66922e-11	0.717928
2.66936e-11	0.717689
2.6695e-11	0.71745
2.66963e-11	0.717211
2.66977e-11	0.716972
2.6699e-11	0.716733
2.67004e-11	0.716494
2.67017e-11	0.716254
2.67031e-11	0.716015
2.67044e-11	0.715776
2.67058e-11	0.715536
2.67071e-11	0.715297
2.67085e-11	0.715057
2.67098e-11	0.714818
2.67112e-11	0.714578
2.67125e-11	0.714338
2.67139e-11	0.714098
2.67152e-11	0.713858
2.67166e-11	0.713619
2.67179e-11	0.713379
2.67193e-11	0.713139
2.67207e-11	0.712899
2.6722e-11	0.712658
2.67234e-11	0.712418
2.67247e-11	0.712178
2.67261e-11	0.711938
2.67274e-11	0.711697
2.67288e-11	0.711457
2.67301e-11	0.711217
2.67315e-11	0.710976
2.67328e-11	0.710735
2.67342e-11	0.710495
2.67355e-11	0.710254
2.67369e-11	0.710013
2.67382e-11	0.709773
2.67396e-11	0.709532
2.67409e-11	0.709291
2.67423e-11	0.70905
2.67436e-11	0.708809
2.6745e-11	0.708568
2.67464e-11	0.708327
2.67477e-11	0.708085
2.67491e-11	0.707844
2.67504e-11	0.707603
2.67518e-11	0.707362
2.67531e-11	0.70712
2.67545e-11	0.706879
2.67558e-11	0.706637
2.67572e-11	0.706396
2.67585e-11	0.706154
2.67599e-11	0.705912
2.67612e-11	0.705671
2.67626e-11	0.705429
2.67639e-11	0.705187
2.67653e-11	0.704945
2.67666e-11	0.704703
2.6768e-11	0.704461
2.67693e-11	0.704219
2.67707e-11	0.703977
2.67721e-11	0.703735
2.67734e-11	0.703493
2.67748e-11	0.70325
2.67761e-11	0.703008
2.67775e-11	0.702766
2.67788e-11	0.702523
2.67802e-11	0.702281
2.67815e-11	0.702038
2.67829e-11	0.701796
2.67842e-11	0.701553
2.67856e-11	0.70131
2.67869e-11	0.701068
2.67883e-11	0.700825
2.67896e-11	0.700582
2.6791e-11	0.700339
2.67923e-11	0.700096
2.67937e-11	0.699853
2.6795e-11	0.69961
2.67964e-11	0.699367
2.67978e-11	0.699124
2.67991e-11	0.69888
2.68005e-11	0.698637
2.68018e-11	0.698394
2.68032e-11	0.69815
2.68045e-11	0.697907
2.68059e-11	0.697664
2.68072e-11	0.69742
2.68086e-11	0.697176
2.68099e-11	0.696933
2.68113e-11	0.696689
2.68126e-11	0.696445
2.6814e-11	0.696202
2.68153e-11	0.695958
2.68167e-11	0.695714
2.6818e-11	0.69547
2.68194e-11	0.695226
2.68207e-11	0.694982
2.68221e-11	0.694738
2.68235e-11	0.694494
2.68248e-11	0.694249
2.68262e-11	0.694005
2.68275e-11	0.693761
2.68289e-11	0.693516
2.68302e-11	0.693272
2.68316e-11	0.693028
2.68329e-11	0.692783
2.68343e-11	0.692538
2.68356e-11	0.692294
2.6837e-11	0.692049
2.68383e-11	0.691804
2.68397e-11	0.69156
2.6841e-11	0.691315
2.68424e-11	0.69107
2.68437e-11	0.690825
2.68451e-11	0.69058
2.68464e-11	0.690335
2.68478e-11	0.69009
2.68492e-11	0.689845
2.68505e-11	0.6896
2.68519e-11	0.689355
2.68532e-11	0.689109
2.68546e-11	0.688864
2.68559e-11	0.688619
2.68573e-11	0.688373
2.68586e-11	0.688128
2.686e-11	0.687882
2.68613e-11	0.687637
2.68627e-11	0.687391
2.6864e-11	0.687145
2.68654e-11	0.6869
2.68667e-11	0.686654
2.68681e-11	0.686408
2.68694e-11	0.686162
2.68708e-11	0.685916
2.68721e-11	0.685671
2.68735e-11	0.685425
2.68749e-11	0.685179
2.68762e-11	0.684932
2.68776e-11	0.684686
2.68789e-11	0.68444
2.68803e-11	0.684194
2.68816e-11	0.683948
2.6883e-11	0.683701
2.68843e-11	0.683455
2.68857e-11	0.683208
2.6887e-11	0.682962
2.68884e-11	0.682715
2.68897e-11	0.682469
2.68911e-11	0.682222
2.68924e-11	0.681976
2.68938e-11	0.681729
2.68951e-11	0.681482
2.68965e-11	0.681235
2.68978e-11	0.680988
2.68992e-11	0.680741
2.69006e-11	0.680495
2.69019e-11	0.680248
2.69033e-11	0.68
2.69046e-11	0.679753
2.6906e-11	0.679506
2.69073e-11	0.679259
2.69087e-11	0.679012
2.691e-11	0.678765
2.69114e-11	0.678517
2.69127e-11	0.67827
2.69141e-11	0.678022
2.69154e-11	0.677775
2.69168e-11	0.677527
2.69181e-11	0.67728
2.69195e-11	0.677032
2.69208e-11	0.676785
2.69222e-11	0.676537
2.69235e-11	0.676289
2.69249e-11	0.676041
2.69263e-11	0.675794
2.69276e-11	0.675546
2.6929e-11	0.675298
2.69303e-11	0.67505
2.69317e-11	0.674802
2.6933e-11	0.674554
2.69344e-11	0.674306
2.69357e-11	0.674057
2.69371e-11	0.673809
2.69384e-11	0.673561
2.69398e-11	0.673313
2.69411e-11	0.673064
2.69425e-11	0.672816
2.69438e-11	0.672568
2.69452e-11	0.672319
2.69465e-11	0.672071
2.69479e-11	0.671822
2.69492e-11	0.671574
2.69506e-11	0.671325
2.6952e-11	0.671076
2.69533e-11	0.670827
2.69547e-11	0.670579
2.6956e-11	0.67033
2.69574e-11	0.670081
2.69587e-11	0.669832
2.69601e-11	0.669583
2.69614e-11	0.669334
2.69628e-11	0.669085
2.69641e-11	0.668836
2.69655e-11	0.668587
2.69668e-11	0.668338
2.69682e-11	0.668088
2.69695e-11	0.667839
2.69709e-11	0.66759
2.69722e-11	0.667341
2.69736e-11	0.667091
2.69749e-11	0.666842
2.69763e-11	0.666592
2.69777e-11	0.666343
2.6979e-11	0.666093
2.69804e-11	0.665844
2.69817e-11	0.665594
2.69831e-11	0.665344
2.69844e-11	0.665094
2.69858e-11	0.664845
2.69871e-11	0.664595
2.69885e-11	0.664345
2.69898e-11	0.664095
2.69912e-11	0.663845
2.69925e-11	0.663595
2.69939e-11	0.663345
2.69952e-11	0.663095
2.69966e-11	0.662845
2.69979e-11	0.662595
2.69993e-11	0.662345
2.70006e-11	0.662094
2.7002e-11	0.661844
2.70034e-11	0.661594
2.70047e-11	0.661343
2.70061e-11	0.661093
2.70074e-11	0.660843
2.70088e-11	0.660592
2.70101e-11	0.660342
2.70115e-11	0.660091
2.70128e-11	0.65984
2.70142e-11	0.65959
2.70155e-11	0.659339
2.70169e-11	0.659088
2.70182e-11	0.658837
2.70196e-11	0.658587
2.70209e-11	0.658336
2.70223e-11	0.658085
2.70236e-11	0.657834
2.7025e-11	0.657583
2.70263e-11	0.657332
2.70277e-11	0.657081
2.70291e-11	0.65683
2.70304e-11	0.656579
2.70318e-11	0.656327
2.70331e-11	0.656076
2.70345e-11	0.655825
2.70358e-11	0.655574
2.70372e-11	0.655322
2.70385e-11	0.655071
2.70399e-11	0.654819
2.70412e-11	0.654568
2.70426e-11	0.654316
2.70439e-11	0.654065
2.70453e-11	0.653813
2.70466e-11	0.653562
2.7048e-11	0.65331
2.70493e-11	0.653058
2.70507e-11	0.652807
2.7052e-11	0.652555
2.70534e-11	0.652303
2.70548e-11	0.652051
2.70561e-11	0.651799
2.70575e-11	0.651547
2.70588e-11	0.651295
2.70602e-11	0.651043
2.70615e-11	0.650791
2.70629e-11	0.650539
2.70642e-11	0.650287
2.70656e-11	0.650035
2.70669e-11	0.649783
2.70683e-11	0.64953
2.70696e-11	0.649278
2.7071e-11	0.649026
2.70723e-11	0.648774
2.70737e-11	0.648521
2.7075e-11	0.648269
2.70764e-11	0.648016
2.70777e-11	0.647764
2.70791e-11	0.647511
2.70805e-11	0.647259
2.70818e-11	0.647006
2.70832e-11	0.646753
2.70845e-11	0.646501
2.70859e-11	0.646248
2.70872e-11	0.645995
2.70886e-11	0.645742
2.70899e-11	0.645489
2.70913e-11	0.645237
2.70926e-11	0.644984
2.7094e-11	0.644731
2.70953e-11	0.644478
2.70967e-11	0.644225
2.7098e-11	0.643972
2.70994e-11	0.643718
2.71007e-11	0.643465
2.71021e-11	0.643212
2.71034e-11	0.642959
2.71048e-11	0.642706
2.71062e-11	0.642452
2.71075e-11	0.642199
2.71089e-11	0.641946
2.71102e-11	0.641692
2.71116e-11	0.641439
2.71129e-11	0.641185
2.71143e-11	0.640932
2.71156e-11	0.640678
2.7117e-11	0.640425
2.71183e-11	0.640171
2.71197e-11	0.639918
2.7121e-11	0.639664
2.71224e-11	0.63941
2.71237e-11	0.639156
2.71251e-11	0.638903
2.71264e-11	0.638649
2.71278e-11	0.638395
2.71291e-11	0.638141
2.71305e-11	0.637887
2.71319e-11	0.637633
2.71332e-11	0.637379
2.71346e-11	0.637125
2.71359e-11	0.636871
2.71373e-11	0.636617
2.71386e-11	0.636363
2.714e-11	0.636109
2.71413e-11	0.635854
2.71427e-11	0.6356
2.7144e-11	0.635346
2.71454e-11	0.635092
2.71467e-11	0.634837
2.71481e-11	0.634583
2.71494e-11	0.634328
2.71508e-11	0.634074
2.71521e-11	0.63382
2.71535e-11	0.633565
2.71548e-11	0.63331
2.71562e-11	0.633056
2.71576e-11	0.632801
2.71589e-11	0.632547
2.71603e-11	0.632292
2.71616e-11	0.632037
2.7163e-11	0.631782
2.71643e-11	0.631528
2.71657e-11	0.631273
2.7167e-11	0.631018
2.71684e-11	0.630763
2.71697e-11	0.630508
2.71711e-11	0.630253
2.71724e-11	0.629998
2.71738e-11	0.629743
2.71751e-11	0.629488
2.71765e-11	0.629233
2.71778e-11	0.628978
2.71792e-11	0.628723
2.71805e-11	0.628468
2.71819e-11	0.628213
2.71833e-11	0.627957
2.71846e-11	0.627702
2.7186e-11	0.627447
2.71873e-11	0.627191
2.71887e-11	0.626936
2.719e-11	0.626681
2.71914e-11	0.626425
2.71927e-11	0.62617
2.71941e-11	0.625914
2.71954e-11	0.625659
2.71968e-11	0.625403
2.71981e-11	0.625148
2.71995e-11	0.624892
2.72008e-11	0.624636
2.72022e-11	0.624381
2.72035e-11	0.624125
2.72049e-11	0.623869
2.72062e-11	0.623613
2.72076e-11	0.623357
2.7209e-11	0.623102
2.72103e-11	0.622846
2.72117e-11	0.62259
2.7213e-11	0.622334
2.72144e-11	0.622078
2.72157e-11	0.621822
2.72171e-11	0.621566
2.72184e-11	0.62131
2.72198e-11	0.621054
2.72211e-11	0.620798
2.72225e-11	0.620542
2.72238e-11	0.620285
2.72252e-11	0.620029
2.72265e-11	0.619773
2.72279e-11	0.619517
2.72292e-11	0.61926
2.72306e-11	0.619004
2.72319e-11	0.618748
2.72333e-11	0.618491
2.72347e-11	0.618235
2.7236e-11	0.617978
2.72374e-11	0.617722
2.72387e-11	0.617465
2.72401e-11	0.617209
2.72414e-11	0.616952
2.72428e-11	0.616696
2.72441e-11	0.616439
2.72455e-11	0.616183
2.72468e-11	0.615926
2.72482e-11	0.615669
2.72495e-11	0.615412
2.72509e-11	0.615156
2.72522e-11	0.614899
2.72536e-11	0.614642
2.72549e-11	0.614385
2.72563e-11	0.614128
2.72576e-11	0.613871
2.7259e-11	0.613614
2.72604e-11	0.613357
2.72617e-11	0.6131
2.72631e-11	0.612843
2.72644e-11	0.612586
2.72658e-11	0.612329
2.72671e-11	0.612072
2.72685e-11	0.611815
2.72698e-11	0.611558
2.72712e-11	0.611301
2.72725e-11	0.611044
2.72739e-11	0.610786
2.72752e-11	0.610529
2.72766e-11	0.610272
2.72779e-11	0.610014
2.72793e-11	0.609757
2.72806e-11	0.6095
2.7282e-11	0.609242
2.72833e-11	0.608985
2.72847e-11	0.608727
2.72861e-11	0.60847
2.72874e-11	0.608212
2.72888e-11	0.607955
2.72901e-11	0.607697
2.72915e-11	0.60744
2.72928e-11	0.607182
2.72942e-11	0.606924
2.72955e-11	0.606667
2.72969e-11	0.606409
2.72982e-11	0.606151
2.72996e-11	0.605893
2.73009e-11	0.605636
2.73023e-11	0.605378
2.73036e-11	0.60512
2.7305e-11	0.604862
2.73063e-11	0.604604
2.73077e-11	0.604346
2.7309e-11	0.604088
2.73104e-11	0.603831
2.73118e-11	0.603573
2.73131e-11	0.603315
2.73145e-11	0.603056
2.73158e-11	0.602798
2.73172e-11	0.60254
2.73185e-11	0.602282
2.73199e-11	0.602024
2.73212e-11	0.601766
2.73226e-11	0.601508
2.73239e-11	0.60125
2.73253e-11	0.600991
2.73266e-11	0.600733
2.7328e-11	0.600475
2.73293e-11	0.600216
2.73307e-11	0.599958
2.7332e-11	0.5997
2.73334e-11	0.599441
2.73347e-11	0.599183
2.73361e-11	0.598925
2.73375e-11	0.598666
2.73388e-11	0.598408
2.73402e-11	0.598149
2.73415e-11	0.597891
2.73429e-11	0.597632
2.73442e-11	0.597373
2.73456e-11	0.597115
2.73469e-11	0.596856
2.73483e-11	0.596598
2.73496e-11	0.596339
2.7351e-11	0.59608
2.73523e-11	0.595821
2.73537e-11	0.595563
2.7355e-11	0.595304
2.73564e-11	0.595045
2.73577e-11	0.594786
2.73591e-11	0.594527
2.73604e-11	0.594269
2.73618e-11	0.59401
2.73632e-11	0.593751
2.73645e-11	0.593492
2.73659e-11	0.593233
2.73672e-11	0.592974
2.73686e-11	0.592715
2.73699e-11	0.592456
2.73713e-11	0.592197
2.73726e-11	0.591938
2.7374e-11	0.591679
2.73753e-11	0.59142
2.73767e-11	0.591161
2.7378e-11	0.590901
2.73794e-11	0.590642
2.73807e-11	0.590383
2.73821e-11	0.590124
2.73834e-11	0.589865
2.73848e-11	0.589605
2.73861e-11	0.589346
2.73875e-11	0.589087
2.73889e-11	0.588827
2.73902e-11	0.588568
2.73916e-11	0.588309
2.73929e-11	0.588049
2.73943e-11	0.58779
2.73956e-11	0.58753
2.7397e-11	0.587271
2.73983e-11	0.587011
2.73997e-11	0.586752
2.7401e-11	0.586492
2.74024e-11	0.586233
2.74037e-11	0.585973
2.74051e-11	0.585714
2.74064e-11	0.585454
2.74078e-11	0.585195
2.74091e-11	0.584935
2.74105e-11	0.584675
2.74118e-11	0.584416
2.74132e-11	0.584156
2.74146e-11	0.583896
2.74159e-11	0.583636
2.74173e-11	0.583377
2.74186e-11	0.583117
2.742e-11	0.582857
2.74213e-11	0.582597
2.74227e-11	0.582337
2.7424e-11	0.582078
2.74254e-11	0.581818
2.74267e-11	0.581558
2.74281e-11	0.581298
2.74294e-11	0.581038
2.74308e-11	0.580778
2.74321e-11	0.580518
2.74335e-11	0.580258
2.74348e-11	0.579998
2.74362e-11	0.579738
2.74375e-11	0.579478
2.74389e-11	0.579218
2.74403e-11	0.578958
2.74416e-11	0.578697
2.7443e-11	0.578437
2.74443e-11	0.578177
2.74457e-11	0.577917
2.7447e-11	0.577657
2.74484e-11	0.577397
2.74497e-11	0.577136
2.74511e-11	0.576876
2.74524e-11	0.576616
2.74538e-11	0.576356
2.74551e-11	0.576095
2.74565e-11	0.575835
2.74578e-11	0.575575
2.74592e-11	0.575314
2.74605e-11	0.575054
2.74619e-11	0.574794
2.74632e-11	0.574533
2.74646e-11	0.574273
2.7466e-11	0.574012
2.74673e-11	0.573752
2.74687e-11	0.573491
2.747e-11	0.573231
2.74714e-11	0.57297
2.74727e-11	0.57271
2.74741e-11	0.572449
2.74754e-11	0.572189
2.74768e-11	0.571928
2.74781e-11	0.571667
2.74795e-11	0.571407
2.74808e-11	0.571146
2.74822e-11	0.570886
2.74835e-11	0.570625
2.74849e-11	0.570364
2.74862e-11	0.570104
2.74876e-11	0.569843
2.74889e-11	0.569582
2.74903e-11	0.569321
2.74917e-11	0.569061
2.7493e-11	0.5688
2.74944e-11	0.568539
2.74957e-11	0.568278
2.74971e-11	0.568017
2.74984e-11	0.567757
2.74998e-11	0.567496
2.75011e-11	0.567235
2.75025e-11	0.566974
2.75038e-11	0.566713
2.75052e-11	0.566452
2.75065e-11	0.566191
2.75079e-11	0.56593
2.75092e-11	0.565669
2.75106e-11	0.565408
2.75119e-11	0.565147
2.75133e-11	0.564886
2.75146e-11	0.564625
2.7516e-11	0.564364
2.75174e-11	0.564103
2.75187e-11	0.563842
2.75201e-11	0.563581
2.75214e-11	0.56332
2.75228e-11	0.563059
2.75241e-11	0.562798
2.75255e-11	0.562536
2.75268e-11	0.562275
2.75282e-11	0.562014
2.75295e-11	0.561753
2.75309e-11	0.561492
2.75322e-11	0.56123
2.75336e-11	0.560969
2.75349e-11	0.560708
2.75363e-11	0.560447
2.75376e-11	0.560185
2.7539e-11	0.559924
2.75403e-11	0.559663
2.75417e-11	0.559402
2.75431e-11	0.55914
2.75444e-11	0.558879
2.75458e-11	0.558617
2.75471e-11	0.558356
2.75485e-11	0.558095
2.75498e-11	0.557833
2.75512e-11	0.557572
2.75525e-11	0.55731
2.75539e-11	0.557049
2.75552e-11	0.556788
2.75566e-11	0.556526
2.75579e-11	0.556265
2.75593e-11	0.556003
2.75606e-11	0.555742
2.7562e-11	0.55548
2.75633e-11	0.555219
2.75647e-11	0.554957
2.7566e-11	0.554696
2.75674e-11	0.554434
2.75688e-11	0.554172
2.75701e-11	0.553911
2.75715e-11	0.553649
2.75728e-11	0.553388
2.75742e-11	0.553126
2.75755e-11	0.552864
2.75769e-11	0.552603
2.75782e-11	0.552341
2.75796e-11	0.552079
2.75809e-11	0.551818
2.75823e-11	0.551556
2.75836e-11	0.551294
2.7585e-11	0.551033
2.75863e-11	0.550771
2.75877e-11	0.550509
2.7589e-11	0.550247
2.75904e-11	0.549986
2.75917e-11	0.549724
2.75931e-11	0.549462
2.75945e-11	0.5492
2.75958e-11	0.548938
2.75972e-11	0.548677
2.75985e-11	0.548415
2.75999e-11	0.548153
2.76012e-11	0.547891
2.76026e-11	0.547629
2.76039e-11	0.547367
2.76053e-11	0.547105
2.76066e-11	0.546843
2.7608e-11	0.546582
2.76093e-11	0.54632
2.76107e-11	0.546058
2.7612e-11	0.545796
2.76134e-11	0.545534
2.76147e-11	0.545272
2.76161e-11	0.54501
2.76174e-11	0.544748
2.76188e-11	0.544486
2.76202e-11	0.544224
2.76215e-11	0.543962
2.76229e-11	0.5437
2.76242e-11	0.543438
2.76256e-11	0.543176
2.76269e-11	0.542914
2.76283e-11	0.542652
2.76296e-11	0.54239
2.7631e-11	0.542128
2.76323e-11	0.541866
2.76337e-11	0.541604
2.7635e-11	0.541341
2.76364e-11	0.541079
2.76377e-11	0.540817
2.76391e-11	0.540555
2.76404e-11	0.540293
2.76418e-11	0.540031
2.76431e-11	0.539769
2.76445e-11	0.539506
2.76459e-11	0.539244
2.76472e-11	0.538982
2.76486e-11	0.53872
2.76499e-11	0.538458
2.76513e-11	0.538196
2.76526e-11	0.537933
2.7654e-11	0.537671
2.76553e-11	0.537409
2.76567e-11	0.537147
2.7658e-11	0.536884
2.76594e-11	0.536622
2.76607e-11	0.53636
2.76621e-11	0.536098
2.76634e-11	0.535835
2.76648e-11	0.535573
2.76661e-11	0.535311
2.76675e-11	0.535048
2.76688e-11	0.534786
2.76702e-11	0.534524
2.76716e-11	0.534262
2.76729e-11	0.533999
2.76743e-11	0.533737
2.76756e-11	0.533475
2.7677e-11	0.533212
2.76783e-11	0.53295
2.76797e-11	0.532688
2.7681e-11	0.532425
2.76824e-11	0.532163
2.76837e-11	0.5319
2.76851e-11	0.531638
2.76864e-11	0.531376
2.76878e-11	0.531113
2.76891e-11	0.530851
2.76905e-11	0.530588
2.76918e-11	0.530326
2.76932e-11	0.530064
2.76945e-11	0.529801
2.76959e-11	0.529539
2.76973e-11	0.529276
2.76986e-11	0.529014
2.77e-11	0.528751
2.77013e-11	0.528489
2.77027e-11	0.528226
2.7704e-11	0.527964
2.77054e-11	0.527702
2.77067e-11	0.527439
2.77081e-11	0.527177
2.77094e-11	0.526914
2.77108e-11	0.526652
2.77121e-11	0.526389
2.77135e-11	0.526127
2.77148e-11	0.525864
2.77162e-11	0.525602
2.77175e-11	0.525339
2.77189e-11	0.525077
2.77202e-11	0.524814
2.77216e-11	0.524552
2.7723e-11	0.524289
2.77243e-11	0.524026
2.77257e-11	0.523764
2.7727e-11	0.523501
2.77284e-11	0.523239
2.77297e-11	0.522976
2.77311e-11	0.522714
2.77324e-11	0.522451
2.77338e-11	0.522189
2.77351e-11	0.521926
2.77365e-11	0.521663
2.77378e-11	0.521401
2.77392e-11	0.521138
2.77405e-11	0.520876
2.77419e-11	0.520613
2.77432e-11	0.52035
2.77446e-11	0.520088
2.77459e-11	0.519825
2.77473e-11	0.519563
2.77487e-11	0.5193
2.775e-11	0.519037
2.77514e-11	0.518775
2.77527e-11	0.518512
2.77541e-11	0.51825
2.77554e-11	0.517987
2.77568e-11	0.517724
2.77581e-11	0.517462
2.77595e-11	0.517199
2.77608e-11	0.516936
2.77622e-11	0.516674
2.77635e-11	0.516411
2.77649e-11	0.516148
2.77662e-11	0.515886
2.77676e-11	0.515623
2.77689e-11	0.51536
2.77703e-11	0.515098
2.77716e-11	0.514835
2.7773e-11	0.514573
2.77744e-11	0.51431
2.77757e-11	0.514047
2.77771e-11	0.513785
2.77784e-11	0.513522
2.77798e-11	0.513259
2.77811e-11	0.512996
2.77825e-11	0.512734
2.77838e-11	0.512471
2.77852e-11	0.512208
2.77865e-11	0.511946
2.77879e-11	0.511683
2.77892e-11	0.51142
2.77906e-11	0.511158
2.77919e-11	0.510895
2.77933e-11	0.510632
2.77946e-11	0.51037
2.7796e-11	0.510107
2.77973e-11	0.509844
2.77987e-11	0.509582
2.78001e-11	0.509319
2.78014e-11	0.509056
2.78028e-11	0.508794
2.78041e-11	0.508531
2.78055e-11	0.508268
2.78068e-11	0.508006
2.78082e-11	0.507743
2.78095e-11	0.50748
2.78109e-11	0.507217
2.78122e-11	0.506955
2.78136e-11	0.506692
2.78149e-11	0.506429
2.78163e-11	0.506167
2.78176e-11	0.505904
2.7819e-11	0.505641
2.78203e-11	0.505379
2.78217e-11	0.505116
2.7823e-11	0.504853
2.78244e-11	0.504591
2.78258e-11	0.504328
2.78271e-11	0.504065
2.78285e-11	0.503802
2.78298e-11	0.50354
2.78312e-11	0.503277
2.78325e-11	0.503014
2.78339e-11	0.502752
2.78352e-11	0.502489
2.78366e-11	0.502226
2.78379e-11	0.501964
2.78393e-11	0.501701
2.78406e-11	0.501438
2.7842e-11	0.501176
2.78433e-11	0.500913
2.78447e-11	0.50065
2.7846e-11	0.500388
2.78474e-11	0.500125
2.78488e-11	0.499862
2.78501e-11	0.4996
2.78515e-11	0.499337
2.78528e-11	0.499074
2.78542e-11	0.498812
2.78555e-11	0.498549
2.78569e-11	0.498286
2.78582e-11	0.498024
2.78596e-11	0.497761
2.78609e-11	0.497498
2.78623e-11	0.497236
2.78636e-11	0.496973
2.7865e-11	0.49671
2.78663e-11	0.496448
2.78677e-11	0.496185
2.7869e-11	0.495923
2.78704e-11	0.49566
2.78717e-11	0.495397
2.78731e-11	0.495135
2.78745e-11	0.494872
2.78758e-11	0.494609
2.78772e-11	0.494347
2.78785e-11	0.494084
2.78799e-11	0.493822
2.78812e-11	0.493559
2.78826e-11	0.493296
2.78839e-11	0.493034
2.78853e-11	0.492771
2.78866e-11	0.492508
2.7888e-11	0.492246
2.78893e-11	0.491983
2.78907e-11	0.491721
2.7892e-11	0.491458
2.78934e-11	0.491196
2.78947e-11	0.490933
2.78961e-11	0.49067
2.78974e-11	0.490408
2.78988e-11	0.490145
2.79002e-11	0.489883
2.79015e-11	0.48962
2.79029e-11	0.489358
2.79042e-11	0.489095
2.79056e-11	0.488833
2.79069e-11	0.48857
2.79083e-11	0.488307
2.79096e-11	0.488045
2.7911e-11	0.487782
2.79123e-11	0.48752
2.79137e-11	0.487257
2.7915e-11	0.486995
2.79164e-11	0.486732
2.79177e-11	0.48647
2.79191e-11	0.486207
2.79204e-11	0.485945
2.79218e-11	0.485682
2.79231e-11	0.48542
2.79245e-11	0.485157
2.79259e-11	0.484895
2.79272e-11	0.484632
2.79286e-11	0.48437
2.79299e-11	0.484108
2.79313e-11	0.483845
2.79326e-11	0.483583
2.7934e-11	0.48332
2.79353e-11	0.483058
2.79367e-11	0.482795
2.7938e-11	0.482533
2.79394e-11	0.482271
2.79407e-11	0.482008
2.79421e-11	0.481746
2.79434e-11	0.481483
2.79448e-11	0.481221
2.79461e-11	0.480959
2.79475e-11	0.480696
2.79488e-11	0.480434
2.79502e-11	0.480171
2.79516e-11	0.479909
2.79529e-11	0.479647
2.79543e-11	0.479384
2.79556e-11	0.479122
2.7957e-11	0.47886
2.79583e-11	0.478597
2.79597e-11	0.478335
2.7961e-11	0.478073
2.79624e-11	0.477811
2.79637e-11	0.477548
2.79651e-11	0.477286
2.79664e-11	0.477024
2.79678e-11	0.476761
2.79691e-11	0.476499
2.79705e-11	0.476237
2.79718e-11	0.475975
2.79732e-11	0.475712
2.79745e-11	0.47545
2.79759e-11	0.475188
2.79773e-11	0.474926
2.79786e-11	0.474663
2.798e-11	0.474401
2.79813e-11	0.474139
2.79827e-11	0.473877
2.7984e-11	0.473615
2.79854e-11	0.473353
2.79867e-11	0.47309
2.79881e-11	0.472828
2.79894e-11	0.472566
2.79908e-11	0.472304
2.79921e-11	0.472042
2.79935e-11	0.47178
2.79948e-11	0.471518
2.79962e-11	0.471256
2.79975e-11	0.470993
2.79989e-11	0.470731
2.80002e-11	0.470469
2.80016e-11	0.470207
2.8003e-11	0.469945
2.80043e-11	0.469683
2.80057e-11	0.469421
2.8007e-11	0.469159
2.80084e-11	0.468897
2.80097e-11	0.468635
2.80111e-11	0.468373
2.80124e-11	0.468111
2.80138e-11	0.467849
2.80151e-11	0.467587
2.80165e-11	0.467325
2.80178e-11	0.467063
2.80192e-11	0.466801
2.80205e-11	0.466539
2.80219e-11	0.466277
2.80232e-11	0.466015
2.80246e-11	0.465753
2.80259e-11	0.465492
2.80273e-11	0.46523
2.80287e-11	0.464968
2.803e-11	0.464706
2.80314e-11	0.464444
2.80327e-11	0.464182
2.80341e-11	0.46392
2.80354e-11	0.463659
2.80368e-11	0.463397
2.80381e-11	0.463135
2.80395e-11	0.462873
2.80408e-11	0.462611
2.80422e-11	0.46235
2.80435e-11	0.462088
2.80449e-11	0.461826
2.80462e-11	0.461564
2.80476e-11	0.461303
2.80489e-11	0.461041
2.80503e-11	0.460779
2.80516e-11	0.460518
2.8053e-11	0.460256
2.80544e-11	0.459994
2.80557e-11	0.459733
2.80571e-11	0.459471
2.80584e-11	0.459209
2.80598e-11	0.458948
2.80611e-11	0.458686
2.80625e-11	0.458425
2.80638e-11	0.458163
2.80652e-11	0.457901
2.80665e-11	0.45764
2.80679e-11	0.457378
2.80692e-11	0.457117
2.80706e-11	0.456855
2.80719e-11	0.456594
2.80733e-11	0.456332
2.80746e-11	0.456071
2.8076e-11	0.455809
2.80773e-11	0.455548
2.80787e-11	0.455286
2.80801e-11	0.455025
2.80814e-11	0.454763
2.80828e-11	0.454502
2.80841e-11	0.454241
2.80855e-11	0.453979
2.80868e-11	0.453718
2.80882e-11	0.453457
2.80895e-11	0.453195
2.80909e-11	0.452934
2.80922e-11	0.452673
2.80936e-11	0.452411
2.80949e-11	0.45215
2.80963e-11	0.451889
2.80976e-11	0.451627
2.8099e-11	0.451366
2.81003e-11	0.451105
2.81017e-11	0.450844
2.8103e-11	0.450582
2.81044e-11	0.450321
2.81058e-11	0.45006
2.81071e-11	0.449799
2.81085e-11	0.449538
2.81098e-11	0.449277
2.81112e-11	0.449015
2.81125e-11	0.448754
2.81139e-11	0.448493
2.81152e-11	0.448232
2.81166e-11	0.447971
2.81179e-11	0.44771
2.81193e-11	0.447449
2.81206e-11	0.447188
2.8122e-11	0.446927
2.81233e-11	0.446666
2.81247e-11	0.446405
2.8126e-11	0.446144
2.81274e-11	0.445883
2.81287e-11	0.445622
2.81301e-11	0.445361
2.81315e-11	0.4451
2.81328e-11	0.444839
2.81342e-11	0.444579
2.81355e-11	0.444318
2.81369e-11	0.444057
2.81382e-11	0.443796
2.81396e-11	0.443535
2.81409e-11	0.443274
2.81423e-11	0.443014
2.81436e-11	0.442753
2.8145e-11	0.442492
2.81463e-11	0.442231
2.81477e-11	0.441971
2.8149e-11	0.44171
2.81504e-11	0.441449
2.81517e-11	0.441189
2.81531e-11	0.440928
2.81544e-11	0.440667
2.81558e-11	0.440407
2.81572e-11	0.440146
2.81585e-11	0.439885
2.81599e-11	0.439625
2.81612e-11	0.439364
2.81626e-11	0.439104
2.81639e-11	0.438843
2.81653e-11	0.438583
2.81666e-11	0.438322
2.8168e-11	0.438062
2.81693e-11	0.437801
2.81707e-11	0.437541
2.8172e-11	0.43728
2.81734e-11	0.43702
2.81747e-11	0.43676
2.81761e-11	0.436499
2.81774e-11	0.436239
2.81788e-11	0.435978
2.81801e-11	0.435718
2.81815e-11	0.435458
2.81829e-11	0.435197
2.81842e-11	0.434937
2.81856e-11	0.434677
2.81869e-11	0.434417
2.81883e-11	0.434156
2.81896e-11	0.433896
2.8191e-11	0.433636
2.81923e-11	0.433376
2.81937e-11	0.433116
2.8195e-11	0.432856
2.81964e-11	0.432596
2.81977e-11	0.432335
2.81991e-11	0.432075
2.82004e-11	0.431815
2.82018e-11	0.431555
2.82031e-11	0.431295
2.82045e-11	0.431035
2.82058e-11	0.430775
2.82072e-11	0.430515
2.82086e-11	0.430255
2.82099e-11	0.429995
2.82113e-11	0.429735
2.82126e-11	0.429476
2.8214e-11	0.429216
2.82153e-11	0.428956
2.82167e-11	0.428696
2.8218e-11	0.428436
2.82194e-11	0.428176
2.82207e-11	0.427917
2.82221e-11	0.427657
2.82234e-11	0.427397
2.82248e-11	0.427137
2.82261e-11	0.426878
2.82275e-11	0.426618
2.82288e-11	0.426358
2.82302e-11	0.426099
2.82315e-11	0.425839
2.82329e-11	0.425579
2.82343e-11	0.42532
2.82356e-11	0.42506
2.8237e-11	0.424801
2.82383e-11	0.424541
2.82397e-11	0.424282
2.8241e-11	0.424022
2.82424e-11	0.423763
2.82437e-11	0.423503
2.82451e-11	0.423244
2.82464e-11	0.422984
2.82478e-11	0.422725
2.82491e-11	0.422466
2.82505e-11	0.422206
2.82518e-11	0.421947
2.82532e-11	0.421688
2.82545e-11	0.421428
2.82559e-11	0.421169
2.82572e-11	0.42091
2.82586e-11	0.420651
2.826e-11	0.420391
2.82613e-11	0.420132
2.82627e-11	0.419873
2.8264e-11	0.419614
2.82654e-11	0.419355
2.82667e-11	0.419096
2.82681e-11	0.418837
2.82694e-11	0.418578
2.82708e-11	0.418319
2.82721e-11	0.41806
2.82735e-11	0.417801
2.82748e-11	0.417542
2.82762e-11	0.417283
2.82775e-11	0.417024
2.82789e-11	0.416765
2.82802e-11	0.416506
2.82816e-11	0.416247
2.82829e-11	0.415988
2.82843e-11	0.415729
2.82857e-11	0.415471
2.8287e-11	0.415212
2.82884e-11	0.414953
2.82897e-11	0.414694
2.82911e-11	0.414436
2.82924e-11	0.414177
2.82938e-11	0.413918
2.82951e-11	0.41366
2.82965e-11	0.413401
2.82978e-11	0.413143
2.82992e-11	0.412884
2.83005e-11	0.412625
2.83019e-11	0.412367
2.83032e-11	0.412108
2.83046e-11	0.41185
2.83059e-11	0.411591
2.83073e-11	0.411333
2.83086e-11	0.411075
2.831e-11	0.410816
2.83114e-11	0.410558
2.83127e-11	0.4103
2.83141e-11	0.410041
2.83154e-11	0.409783
2.83168e-11	0.409525
2.83181e-11	0.409266
2.83195e-11	0.409008
2.83208e-11	0.40875
2.83222e-11	0.408492
2.83235e-11	0.408234
2.83249e-11	0.407975
2.83262e-11	0.407717
2.83276e-11	0.407459
2.83289e-11	0.407201
2.83303e-11	0.406943
2.83316e-11	0.406685
2.8333e-11	0.406427
2.83343e-11	0.406169
2.83357e-11	0.405911
2.83371e-11	0.405653
2.83384e-11	0.405395
2.83398e-11	0.405138
2.83411e-11	0.40488
2.83425e-11	0.404622
2.83438e-11	0.404364
2.83452e-11	0.404106
2.83465e-11	0.403849
2.83479e-11	0.403591
2.83492e-11	0.403333
2.83506e-11	0.403076
2.83519e-11	0.402818
2.83533e-11	0.40256
2.83546e-11	0.402303
2.8356e-11	0.402045
2.83573e-11	0.401788
2.83587e-11	0.40153
2.836e-11	0.401273
2.83614e-11	0.401015
2.83628e-11	0.400758
2.83641e-11	0.4005
2.83655e-11	0.400243
2.83668e-11	0.399985
2.83682e-11	0.399728
2.83695e-11	0.399471
2.83709e-11	0.399214
2.83722e-11	0.398956
2.83736e-11	0.398699
2.83749e-11	0.398442
2.83763e-11	0.398185
2.83776e-11	0.397927
2.8379e-11	0.39767
2.83803e-11	0.397413
2.83817e-11	0.397156
2.8383e-11	0.396899
2.83844e-11	0.396642
2.83857e-11	0.396385
2.83871e-11	0.396128
2.83885e-11	0.395871
2.83898e-11	0.395614
2.83912e-11	0.395357
2.83925e-11	0.3951
2.83939e-11	0.394844
2.83952e-11	0.394587
2.83966e-11	0.39433
2.83979e-11	0.394073
2.83993e-11	0.393816
2.84006e-11	0.39356
2.8402e-11	0.393303
2.84033e-11	0.393046
2.84047e-11	0.39279
2.8406e-11	0.392533
2.84074e-11	0.392277
2.84087e-11	0.39202
2.84101e-11	0.391764
2.84114e-11	0.391507
2.84128e-11	0.391251
2.84142e-11	0.390994
2.84155e-11	0.390738
2.84169e-11	0.390481
2.84182e-11	0.390225
2.84196e-11	0.389969
2.84209e-11	0.389712
2.84223e-11	0.389456
2.84236e-11	0.3892
2.8425e-11	0.388944
2.84263e-11	0.388687
2.84277e-11	0.388431
2.8429e-11	0.388175
2.84304e-11	0.387919
2.84317e-11	0.387663
2.84331e-11	0.387407
2.84344e-11	0.387151
2.84358e-11	0.386895
2.84371e-11	0.386639
2.84385e-11	0.386383
2.84399e-11	0.386127
2.84412e-11	0.385871
2.84426e-11	0.385615
2.84439e-11	0.38536
2.84453e-11	0.385104
2.84466e-11	0.384848
2.8448e-11	0.384592
2.84493e-11	0.384337
2.84507e-11	0.384081
2.8452e-11	0.383825
2.84534e-11	0.38357
2.84547e-11	0.383314
2.84561e-11	0.383058
2.84574e-11	0.382803
2.84588e-11	0.382547
2.84601e-11	0.382292
2.84615e-11	0.382037
2.84628e-11	0.381781
2.84642e-11	0.381526
2.84656e-11	0.38127
2.84669e-11	0.381015
2.84683e-11	0.38076
2.84696e-11	0.380504
2.8471e-11	0.380249
2.84723e-11	0.379994
2.84737e-11	0.379739
2.8475e-11	0.379484
2.84764e-11	0.379229
2.84777e-11	0.378974
2.84791e-11	0.378718
2.84804e-11	0.378463
2.84818e-11	0.378208
2.84831e-11	0.377954
2.84845e-11	0.377699
2.84858e-11	0.377444
2.84872e-11	0.377189
2.84885e-11	0.376934
2.84899e-11	0.376679
2.84913e-11	0.376424
2.84926e-11	0.37617
2.8494e-11	0.375915
2.84953e-11	0.37566
2.84967e-11	0.375406
2.8498e-11	0.375151
2.84994e-11	0.374896
2.85007e-11	0.374642
2.85021e-11	0.374387
2.85034e-11	0.374133
2.85048e-11	0.373878
2.85061e-11	0.373624
2.85075e-11	0.37337
2.85088e-11	0.373115
2.85102e-11	0.372861
2.85115e-11	0.372607
2.85129e-11	0.372352
2.85142e-11	0.372098
2.85156e-11	0.371844
2.8517e-11	0.37159
2.85183e-11	0.371335
2.85197e-11	0.371081
2.8521e-11	0.370827
2.85224e-11	0.370573
2.85237e-11	0.370319
2.85251e-11	0.370065
2.85264e-11	0.369811
2.85278e-11	0.369557
2.85291e-11	0.369303
2.85305e-11	0.36905
2.85318e-11	0.368796
2.85332e-11	0.368542
2.85345e-11	0.368288
2.85359e-11	0.368034
2.85372e-11	0.367781
2.85386e-11	0.367527
2.85399e-11	0.367273
2.85413e-11	0.36702
2.85427e-11	0.366766
2.8544e-11	0.366513
2.85454e-11	0.366259
2.85467e-11	0.366006
2.85481e-11	0.365752
2.85494e-11	0.365499
2.85508e-11	0.365246
2.85521e-11	0.364992
2.85535e-11	0.364739
2.85548e-11	0.364486
2.85562e-11	0.364232
2.85575e-11	0.363979
2.85589e-11	0.363726
2.85602e-11	0.363473
2.85616e-11	0.36322
2.85629e-11	0.362967
2.85643e-11	0.362714
2.85656e-11	0.362461
2.8567e-11	0.362208
2.85684e-11	0.361955
2.85697e-11	0.361702
2.85711e-11	0.361449
2.85724e-11	0.361196
2.85738e-11	0.360943
2.85751e-11	0.360691
2.85765e-11	0.360438
2.85778e-11	0.360185
2.85792e-11	0.359933
2.85805e-11	0.35968
2.85819e-11	0.359427
2.85832e-11	0.359175
2.85846e-11	0.358922
2.85859e-11	0.35867
2.85873e-11	0.358417
2.85886e-11	0.358165
2.859e-11	0.357913
2.85913e-11	0.35766
2.85927e-11	0.357408
2.85941e-11	0.357156
2.85954e-11	0.356903
2.85968e-11	0.356651
2.85981e-11	0.356399
2.85995e-11	0.356147
2.86008e-11	0.355895
2.86022e-11	0.355643
2.86035e-11	0.355391
2.86049e-11	0.355139
2.86062e-11	0.354887
2.86076e-11	0.354635
2.86089e-11	0.354383
2.86103e-11	0.354131
2.86116e-11	0.353879
2.8613e-11	0.353627
2.86143e-11	0.353376
2.86157e-11	0.353124
2.8617e-11	0.352872
2.86184e-11	0.352621
2.86198e-11	0.352369
2.86211e-11	0.352118
2.86225e-11	0.351866
2.86238e-11	0.351614
2.86252e-11	0.351363
2.86265e-11	0.351112
2.86279e-11	0.35086
2.86292e-11	0.350609
2.86306e-11	0.350358
2.86319e-11	0.350106
2.86333e-11	0.349855
2.86346e-11	0.349604
2.8636e-11	0.349353
2.86373e-11	0.349102
2.86387e-11	0.34885
2.864e-11	0.348599
2.86414e-11	0.348348
2.86427e-11	0.348097
2.86441e-11	0.347846
2.86455e-11	0.347596
2.86468e-11	0.347345
2.86482e-11	0.347094
2.86495e-11	0.346843
2.86509e-11	0.346592
2.86522e-11	0.346342
2.86536e-11	0.346091
2.86549e-11	0.34584
2.86563e-11	0.34559
2.86576e-11	0.345339
2.8659e-11	0.345088
2.86603e-11	0.344838
2.86617e-11	0.344587
2.8663e-11	0.344337
2.86644e-11	0.344087
2.86657e-11	0.343836
2.86671e-11	0.343586
2.86684e-11	0.343336
2.86698e-11	0.343085
2.86712e-11	0.342835
2.86725e-11	0.342585
2.86739e-11	0.342335
2.86752e-11	0.342085
2.86766e-11	0.341835
2.86779e-11	0.341585
2.86793e-11	0.341335
2.86806e-11	0.341085
2.8682e-11	0.340835
2.86833e-11	0.340585
2.86847e-11	0.340335
2.8686e-11	0.340086
2.86874e-11	0.339836
2.86887e-11	0.339586
2.86901e-11	0.339337
2.86914e-11	0.339087
2.86928e-11	0.338837
2.86941e-11	0.338588
2.86955e-11	0.338338
2.86969e-11	0.338089
2.86982e-11	0.337839
2.86996e-11	0.33759
2.87009e-11	0.337341
2.87023e-11	0.337091
2.87036e-11	0.336842
2.8705e-11	0.336593
2.87063e-11	0.336344
2.87077e-11	0.336094
2.8709e-11	0.335845
2.87104e-11	0.335596
2.87117e-11	0.335347
2.87131e-11	0.335098
2.87144e-11	0.334849
2.87158e-11	0.3346
2.87171e-11	0.334352
2.87185e-11	0.334103
2.87198e-11	0.333854
2.87212e-11	0.333605
2.87226e-11	0.333356
2.87239e-11	0.333108
2.87253e-11	0.332859
2.87266e-11	0.332611
2.8728e-11	0.332362
2.87293e-11	0.332113
2.87307e-11	0.331865
2.8732e-11	0.331617
2.87334e-11	0.331368
2.87347e-11	0.33112
2.87361e-11	0.330871
2.87374e-11	0.330623
2.87388e-11	0.330375
2.87401e-11	0.330127
2.87415e-11	0.329879
2.87428e-11	0.32963
2.87442e-11	0.329382
2.87455e-11	0.329134
2.87469e-11	0.328886
2.87483e-11	0.328638
2.87496e-11	0.328391
2.8751e-11	0.328143
2.87523e-11	0.327895
2.87537e-11	0.327647
2.8755e-11	0.327399
2.87564e-11	0.327152
2.87577e-11	0.326904
2.87591e-11	0.326656
2.87604e-11	0.326409
2.87618e-11	0.326161
2.87631e-11	0.325914
2.87645e-11	0.325666
2.87658e-11	0.325419
2.87672e-11	0.325171
2.87685e-11	0.324924
2.87699e-11	0.324677
2.87712e-11	0.32443
2.87726e-11	0.324182
2.8774e-11	0.323935
2.87753e-11	0.323688
2.87767e-11	0.323441
2.8778e-11	0.323194
2.87794e-11	0.322947
2.87807e-11	0.3227
2.87821e-11	0.322453
2.87834e-11	0.322206
2.87848e-11	0.321959
2.87861e-11	0.321713
2.87875e-11	0.321466
2.87888e-11	0.321219
2.87902e-11	0.320973
2.87915e-11	0.320726
2.87929e-11	0.320479
2.87942e-11	0.320233
2.87956e-11	0.319986
2.87969e-11	0.31974
2.87983e-11	0.319494
2.87997e-11	0.319247
2.8801e-11	0.319001
2.88024e-11	0.318755
2.88037e-11	0.318508
2.88051e-11	0.318262
2.88064e-11	0.318016
2.88078e-11	0.31777
2.88091e-11	0.317524
2.88105e-11	0.317278
2.88118e-11	0.317032
2.88132e-11	0.316786
2.88145e-11	0.31654
2.88159e-11	0.316294
2.88172e-11	0.316048
2.88186e-11	0.315803
2.88199e-11	0.315557
2.88213e-11	0.315311
2.88226e-11	0.315066
2.8824e-11	0.31482
2.88254e-11	0.314575
2.88267e-11	0.314329
2.88281e-11	0.314084
2.88294e-11	0.313838
2.88308e-11	0.313593
2.88321e-11	0.313348
2.88335e-11	0.313102
2.88348e-11	0.312857
2.88362e-11	0.312612
2.88375e-11	0.312367
2.88389e-11	0.312122
2.88402e-11	0.311877
2.88416e-11	0.311632
2.88429e-11	0.311387
2.88443e-11	0.311142
2.88456e-11	0.310897
2.8847e-11	0.310652
2.88483e-11	0.310407
2.88497e-11	0.310162
2.88511e-11	0.309918
2.88524e-11	0.309673
2.88538e-11	0.309429
2.88551e-11	0.309184
2.88565e-11	0.308939
2.88578e-11	0.308695
2.88592e-11	0.308451
2.88605e-11	0.308206
2.88619e-11	0.307962
2.88632e-11	0.307718
2.88646e-11	0.307473
2.88659e-11	0.307229
2.88673e-11	0.306985
2.88686e-11	0.306741
2.887e-11	0.306497
2.88713e-11	0.306253
2.88727e-11	0.306009
2.8874e-11	0.305765
2.88754e-11	0.305521
2.88768e-11	0.305277
2.88781e-11	0.305033
2.88795e-11	0.30479
2.88808e-11	0.304546
2.88822e-11	0.304302
2.88835e-11	0.304059
2.88849e-11	0.303815
2.88862e-11	0.303572
2.88876e-11	0.303328
2.88889e-11	0.303085
2.88903e-11	0.302841
2.88916e-11	0.302598
2.8893e-11	0.302355
2.88943e-11	0.302111
2.88957e-11	0.301868
2.8897e-11	0.301625
2.88984e-11	0.301382
2.88997e-11	0.301139
2.89011e-11	0.300896
2.89025e-11	0.300653
2.89038e-11	0.30041
2.89052e-11	0.300167
2.89065e-11	0.299924
2.89079e-11	0.299682
2.89092e-11	0.299439
2.89106e-11	0.299196
2.89119e-11	0.298954
2.89133e-11	0.298711
2.89146e-11	0.298468
2.8916e-11	0.298226
2.89173e-11	0.297983
2.89187e-11	0.297741
2.892e-11	0.297499
2.89214e-11	0.297256
2.89227e-11	0.297014
2.89241e-11	0.296772
2.89254e-11	0.29653
2.89268e-11	0.296288
2.89282e-11	0.296046
2.89295e-11	0.295804
2.89309e-11	0.295562
2.89322e-11	0.29532
2.89336e-11	0.295078
2.89349e-11	0.294836
2.89363e-11	0.294594
2.89376e-11	0.294352
2.8939e-11	0.294111
2.89403e-11	0.293869
2.89417e-11	0.293628
2.8943e-11	0.293386
2.89444e-11	0.293144
2.89457e-11	0.292903
2.89471e-11	0.292662
2.89484e-11	0.29242
2.89498e-11	0.292179
2.89511e-11	0.291938
2.89525e-11	0.291696
2.89539e-11	0.291455
2.89552e-11	0.291214
2.89566e-11	0.290973
2.89579e-11	0.290732
2.89593e-11	0.290491
2.89606e-11	0.29025
2.8962e-11	0.290009
2.89633e-11	0.289769
2.89647e-11	0.289528
2.8966e-11	0.289287
2.89674e-11	0.289046
2.89687e-11	0.288806
2.89701e-11	0.288565
2.89714e-11	0.288325
2.89728e-11	0.288084
2.89741e-11	0.287844
2.89755e-11	0.287603
2.89768e-11	0.287363
2.89782e-11	0.287123
2.89796e-11	0.286883
2.89809e-11	0.286642
2.89823e-11	0.286402
2.89836e-11	0.286162
2.8985e-11	0.285922
2.89863e-11	0.285682
2.89877e-11	0.285442
2.8989e-11	0.285202
2.89904e-11	0.284962
2.89917e-11	0.284723
2.89931e-11	0.284483
2.89944e-11	0.284243
2.89958e-11	0.284004
2.89971e-11	0.283764
2.89985e-11	0.283524
2.89998e-11	0.283285
2.90012e-11	0.283046
2.90025e-11	0.282806
2.90039e-11	0.282567
2.90053e-11	0.282327
2.90066e-11	0.282088
2.9008e-11	0.281849
2.90093e-11	0.28161
2.90107e-11	0.281371
2.9012e-11	0.281132
2.90134e-11	0.280893
2.90147e-11	0.280654
2.90161e-11	0.280415
2.90174e-11	0.280176
2.90188e-11	0.279937
2.90201e-11	0.279699
2.90215e-11	0.27946
2.90228e-11	0.279221
2.90242e-11	0.278983
2.90255e-11	0.278744
2.90269e-11	0.278506
2.90282e-11	0.278267
2.90296e-11	0.278029
2.9031e-11	0.27779
2.90323e-11	0.277552
2.90337e-11	0.277314
2.9035e-11	0.277076
2.90364e-11	0.276838
2.90377e-11	0.2766
2.90391e-11	0.276362
2.90404e-11	0.276124
2.90418e-11	0.275886
2.90431e-11	0.275648
2.90445e-11	0.27541
2.90458e-11	0.275172
2.90472e-11	0.274934
2.90485e-11	0.274697
2.90499e-11	0.274459
2.90512e-11	0.274222
2.90526e-11	0.273984
2.90539e-11	0.273747
2.90553e-11	0.273509
2.90567e-11	0.273272
2.9058e-11	0.273035
2.90594e-11	0.272797
2.90607e-11	0.27256
2.90621e-11	0.272323
2.90634e-11	0.272086
2.90648e-11	0.271849
2.90661e-11	0.271612
2.90675e-11	0.271375
2.90688e-11	0.271138
2.90702e-11	0.270901
2.90715e-11	0.270664
2.90729e-11	0.270428
2.90742e-11	0.270191
2.90756e-11	0.269954
2.90769e-11	0.269718
2.90783e-11	0.269481
2.90796e-11	0.269245
2.9081e-11	0.269008
2.90824e-11	0.268772
2.90837e-11	0.268536
2.90851e-11	0.268299
2.90864e-11	0.268063
2.90878e-11	0.267827
2.90891e-11	0.267591
2.90905e-11	0.267355
2.90918e-11	0.267119
2.90932e-11	0.266883
2.90945e-11	0.266647
2.90959e-11	0.266411
2.90972e-11	0.266175
2.90986e-11	0.26594
2.90999e-11	0.265704
2.91013e-11	0.265468
2.91026e-11	0.265233
2.9104e-11	0.264997
2.91053e-11	0.264762
2.91067e-11	0.264526
2.91081e-11	0.264291
2.91094e-11	0.264056
2.91108e-11	0.26382
2.91121e-11	0.263585
2.91135e-11	0.26335
2.91148e-11	0.263115
2.91162e-11	0.26288
2.91175e-11	0.262645
2.91189e-11	0.26241
2.91202e-11	0.262175
2.91216e-11	0.26194
2.91229e-11	0.261705
2.91243e-11	0.261471
2.91256e-11	0.261236
2.9127e-11	0.261001
2.91283e-11	0.260767
2.91297e-11	0.260532
2.9131e-11	0.260298
2.91324e-11	0.260064
2.91338e-11	0.259829
2.91351e-11	0.259595
2.91365e-11	0.259361
2.91378e-11	0.259127
2.91392e-11	0.258892
2.91405e-11	0.258658
2.91419e-11	0.258424
2.91432e-11	0.25819
2.91446e-11	0.257956
2.91459e-11	0.257723
2.91473e-11	0.257489
2.91486e-11	0.257255
2.915e-11	0.257021
2.91513e-11	0.256788
2.91527e-11	0.256554
2.9154e-11	0.256321
2.91554e-11	0.256087
2.91567e-11	0.255854
2.91581e-11	0.25562
2.91595e-11	0.255387
2.91608e-11	0.255154
2.91622e-11	0.254921
2.91635e-11	0.254688
2.91649e-11	0.254454
2.91662e-11	0.254221
2.91676e-11	0.253988
2.91689e-11	0.253756
2.91703e-11	0.253523
2.91716e-11	0.25329
2.9173e-11	0.253057
2.91743e-11	0.252824
2.91757e-11	0.252592
2.9177e-11	0.252359
2.91784e-11	0.252127
2.91797e-11	0.251894
2.91811e-11	0.251662
2.91824e-11	0.251429
2.91838e-11	0.251197
2.91852e-11	0.250965
2.91865e-11	0.250733
2.91879e-11	0.250501
2.91892e-11	0.250268
2.91906e-11	0.250036
2.91919e-11	0.249804
2.91933e-11	0.249573
2.91946e-11	0.249341
2.9196e-11	0.249109
2.91973e-11	0.248877
2.91987e-11	0.248645
2.92e-11	0.248414
2.92014e-11	0.248182
2.92027e-11	0.247951
2.92041e-11	0.247719
2.92054e-11	0.247488
2.92068e-11	0.247256
2.92081e-11	0.247025
2.92095e-11	0.246794
2.92109e-11	0.246563
2.92122e-11	0.246332
2.92136e-11	0.2461
2.92149e-11	0.245869
2.92163e-11	0.245639
2.92176e-11	0.245408
2.9219e-11	0.245177
2.92203e-11	0.244946
2.92217e-11	0.244715
2.9223e-11	0.244485
2.92244e-11	0.244254
2.92257e-11	0.244023
2.92271e-11	0.243793
2.92284e-11	0.243562
2.92298e-11	0.243332
2.92311e-11	0.243102
2.92325e-11	0.242871
2.92338e-11	0.242641
2.92352e-11	0.242411
2.92366e-11	0.242181
2.92379e-11	0.241951
2.92393e-11	0.241721
2.92406e-11	0.241491
2.9242e-11	0.241261
2.92433e-11	0.241031
2.92447e-11	0.240802
2.9246e-11	0.240572
2.92474e-11	0.240342
2.92487e-11	0.240113
2.92501e-11	0.239883
2.92514e-11	0.239654
2.92528e-11	0.239424
2.92541e-11	0.239195
2.92555e-11	0.238965
2.92568e-11	0.238736
2.92582e-11	0.238507
2.92595e-11	0.238278
2.92609e-11	0.238049
2.92623e-11	0.23782
2.92636e-11	0.237591
2.9265e-11	0.237362
2.92663e-11	0.237133
2.92677e-11	0.236904
2.9269e-11	0.236676
2.92704e-11	0.236447
2.92717e-11	0.236218
2.92731e-11	0.23599
2.92744e-11	0.235761
2.92758e-11	0.235533
2.92771e-11	0.235305
2.92785e-11	0.235076
2.92798e-11	0.234848
2.92812e-11	0.23462
2.92825e-11	0.234392
2.92839e-11	0.234164
2.92852e-11	0.233936
2.92866e-11	0.233708
2.9288e-11	0.23348
2.92893e-11	0.233252
2.92907e-11	0.233024
2.9292e-11	0.232796
2.92934e-11	0.232569
2.92947e-11	0.232341
2.92961e-11	0.232114
2.92974e-11	0.231886
2.92988e-11	0.231659
2.93001e-11	0.231431
2.93015e-11	0.231204
2.93028e-11	0.230977
2.93042e-11	0.23075
2.93055e-11	0.230522
2.93069e-11	0.230295
2.93082e-11	0.230068
2.93096e-11	0.229841
2.93109e-11	0.229614
2.93123e-11	0.229388
2.93137e-11	0.229161
2.9315e-11	0.228934
2.93164e-11	0.228707
2.93177e-11	0.228481
2.93191e-11	0.228254
2.93204e-11	0.228028
2.93218e-11	0.227801
2.93231e-11	0.227575
2.93245e-11	0.227349
2.93258e-11	0.227123
2.93272e-11	0.226896
2.93285e-11	0.22667
2.93299e-11	0.226444
2.93312e-11	0.226218
2.93326e-11	0.225992
2.93339e-11	0.225766
2.93353e-11	0.225541
2.93366e-11	0.225315
2.9338e-11	0.225089
2.93394e-11	0.224863
2.93407e-11	0.224638
2.93421e-11	0.224412
2.93434e-11	0.224187
2.93448e-11	0.223962
2.93461e-11	0.223736
2.93475e-11	0.223511
2.93488e-11	0.223286
2.93502e-11	0.223061
2.93515e-11	0.222835
2.93529e-11	0.22261
2.93542e-11	0.222385
2.93556e-11	0.22216
2.93569e-11	0.221936
2.93583e-11	0.221711
2.93596e-11	0.221486
2.9361e-11	0.221261
2.93623e-11	0.221037
2.93637e-11	0.220812
2.93651e-11	0.220588
2.93664e-11	0.220363
2.93678e-11	0.220139
2.93691e-11	0.219915
2.93705e-11	0.21969
2.93718e-11	0.219466
2.93732e-11	0.219242
2.93745e-11	0.219018
2.93759e-11	0.218794
2.93772e-11	0.21857
2.93786e-11	0.218346
2.93799e-11	0.218122
2.93813e-11	0.217899
2.93826e-11	0.217675
2.9384e-11	0.217451
2.93853e-11	0.217228
2.93867e-11	0.217004
2.9388e-11	0.216781
2.93894e-11	0.216557
2.93908e-11	0.216334
2.93921e-11	0.216111
2.93935e-11	0.215888
2.93948e-11	0.215664
2.93962e-11	0.215441
2.93975e-11	0.215218
2.93989e-11	0.214995
2.94002e-11	0.214773
2.94016e-11	0.21455
2.94029e-11	0.214327
2.94043e-11	0.214104
2.94056e-11	0.213882
2.9407e-11	0.213659
2.94083e-11	0.213436
2.94097e-11	0.213214
2.9411e-11	0.212992
2.94124e-11	0.212769
2.94138e-11	0.212547
2.94151e-11	0.212325
2.94165e-11	0.212103
2.94178e-11	0.211881
2.94192e-11	0.211659
2.94205e-11	0.211437
2.94219e-11	0.211215
2.94232e-11	0.210993
2.94246e-11	0.210771
2.94259e-11	0.210549
2.94273e-11	0.210328
2.94286e-11	0.210106
2.943e-11	0.209885
2.94313e-11	0.209663
2.94327e-11	0.209442
2.9434e-11	0.20922
2.94354e-11	0.208999
2.94367e-11	0.208778
2.94381e-11	0.208557
2.94395e-11	0.208336
2.94408e-11	0.208115
2.94422e-11	0.207894
2.94435e-11	0.207673
2.94449e-11	0.207452
2.94462e-11	0.207231
2.94476e-11	0.20701
2.94489e-11	0.20679
2.94503e-11	0.206569
2.94516e-11	0.206349
2.9453e-11	0.206128
2.94543e-11	0.205908
2.94557e-11	0.205688
2.9457e-11	0.205467
2.94584e-11	0.205247
2.94597e-11	0.205027
2.94611e-11	0.204807
2.94624e-11	0.204587
2.94638e-11	0.204367
2.94652e-11	0.204147
2.94665e-11	0.203927
2.94679e-11	0.203707
2.94692e-11	0.203488
2.94706e-11	0.203268
2.94719e-11	0.203049
2.94733e-11	0.202829
2.94746e-11	0.20261
2.9476e-11	0.20239
2.94773e-11	0.202171
2.94787e-11	0.201952
2.948e-11	0.201732
2.94814e-11	0.201513
2.94827e-11	0.201294
2.94841e-11	0.201075
2.94854e-11	0.200856
2.94868e-11	0.200638
2.94881e-11	0.200419
2.94895e-11	0.2002
2.94909e-11	0.199981
2.94922e-11	0.199763
2.94936e-11	0.199544
2.94949e-11	0.199326
2.94963e-11	0.199107
2.94976e-11	0.198889
2.9499e-11	0.198671
2.95003e-11	0.198452
2.95017e-11	0.198234
2.9503e-11	0.198016
2.95044e-11	0.197798
2.95057e-11	0.19758
2.95071e-11	0.197362
2.95084e-11	0.197144
2.95098e-11	0.196927
2.95111e-11	0.196709
2.95125e-11	0.196491
2.95138e-11	0.196274
2.95152e-11	0.196056
2.95166e-11	0.195839
2.95179e-11	0.195621
2.95193e-11	0.195404
2.95206e-11	0.195187
2.9522e-11	0.19497
2.95233e-11	0.194752
2.95247e-11	0.194535
2.9526e-11	0.194318
2.95274e-11	0.194102
2.95287e-11	0.193885
2.95301e-11	0.193668
2.95314e-11	0.193451
2.95328e-11	0.193234
2.95341e-11	0.193018
2.95355e-11	0.192801
2.95368e-11	0.192585
2.95382e-11	0.192368
2.95395e-11	0.192152
2.95409e-11	0.191936
2.95423e-11	0.19172
2.95436e-11	0.191503
2.9545e-11	0.191287
2.95463e-11	0.191071
2.95477e-11	0.190855
2.9549e-11	0.19064
2.95504e-11	0.190424
2.95517e-11	0.190208
2.95531e-11	0.189992
2.95544e-11	0.189777
2.95558e-11	0.189561
2.95571e-11	0.189346
2.95585e-11	0.18913
2.95598e-11	0.188915
2.95612e-11	0.1887
2.95625e-11	0.188484
2.95639e-11	0.188269
2.95652e-11	0.188054
2.95666e-11	0.187839
2.9568e-11	0.187624
2.95693e-11	0.187409
2.95707e-11	0.187194
2.9572e-11	0.18698
2.95734e-11	0.186765
2.95747e-11	0.18655
2.95761e-11	0.186336
2.95774e-11	0.186121
2.95788e-11	0.185907
2.95801e-11	0.185692
2.95815e-11	0.185478
2.95828e-11	0.185264
2.95842e-11	0.18505
2.95855e-11	0.184836
2.95869e-11	0.184622
2.95882e-11	0.184408
2.95896e-11	0.184194
2.95909e-11	0.18398
2.95923e-11	0.183766
2.95937e-11	0.183552
2.9595e-11	0.183339
2.95964e-11	0.183125
2.95977e-11	0.182912
2.95991e-11	0.182698
2.96004e-11	0.182485
2.96018e-11	0.182272
2.96031e-11	0.182058
2.96045e-11	0.181845
2.96058e-11	0.181632
2.96072e-11	0.181419
2.96085e-11	0.181206
2.96099e-11	0.180993
2.96112e-11	0.18078
2.96126e-11	0.180568
2.96139e-11	0.180355
2.96153e-11	0.180142
2.96166e-11	0.17993
2.9618e-11	0.179717
2.96194e-11	0.179505
2.96207e-11	0.179292
2.96221e-11	0.17908
2.96234e-11	0.178868
2.96248e-11	0.178656
2.96261e-11	0.178444
2.96275e-11	0.178232
2.96288e-11	0.17802
2.96302e-11	0.177808
2.96315e-11	0.177596
2.96329e-11	0.177384
2.96342e-11	0.177172
2.96356e-11	0.176961
2.96369e-11	0.176749
2.96383e-11	0.176538
2.96396e-11	0.176326
2.9641e-11	0.176115
2.96423e-11	0.175904
2.96437e-11	0.175692
2.96451e-11	0.175481
2.96464e-11	0.17527
2.96478e-11	0.175059
2.96491e-11	0.174848
2.96505e-11	0.174637
2.96518e-11	0.174427
2.96532e-11	0.174216
2.96545e-11	0.174005
2.96559e-11	0.173795
2.96572e-11	0.173584
2.96586e-11	0.173374
2.96599e-11	0.173163
2.96613e-11	0.172953
2.96626e-11	0.172743
2.9664e-11	0.172532
2.96653e-11	0.172322
2.96667e-11	0.172112
2.9668e-11	0.171902
2.96694e-11	0.171692
2.96708e-11	0.171482
2.96721e-11	0.171273
2.96735e-11	0.171063
2.96748e-11	0.170853
2.96762e-11	0.170644
2.96775e-11	0.170434
2.96789e-11	0.170225
2.96802e-11	0.170015
2.96816e-11	0.169806
2.96829e-11	0.169597
2.96843e-11	0.169388
2.96856e-11	0.169179
2.9687e-11	0.168969
2.96883e-11	0.168761
2.96897e-11	0.168552
2.9691e-11	0.168343
2.96924e-11	0.168134
2.96937e-11	0.167925
2.96951e-11	0.167717
2.96965e-11	0.167508
2.96978e-11	0.1673
2.96992e-11	0.167091
2.97005e-11	0.166883
2.97019e-11	0.166675
2.97032e-11	0.166466
2.97046e-11	0.166258
2.97059e-11	0.16605
2.97073e-11	0.165842
2.97086e-11	0.165634
2.971e-11	0.165426
2.97113e-11	0.165219
2.97127e-11	0.165011
2.9714e-11	0.164803
2.97154e-11	0.164596
2.97167e-11	0.164388
2.97181e-11	0.164181
2.97194e-11	0.163973
2.97208e-11	0.163766
2.97222e-11	0.163559
2.97235e-11	0.163352
2.97249e-11	0.163144
2.97262e-11	0.162937
2.97276e-11	0.162731
2.97289e-11	0.162524
2.97303e-11	0.162317
2.97316e-11	0.16211
2.9733e-11	0.161903
2.97343e-11	0.161697
2.97357e-11	0.16149
2.9737e-11	0.161284
2.97384e-11	0.161077
2.97397e-11	0.160871
2.97411e-11	0.160665
2.97424e-11	0.160459
2.97438e-11	0.160252
2.97451e-11	0.160046
2.97465e-11	0.15984
2.97479e-11	0.159634
2.97492e-11	0.159429
2.97506e-11	0.159223
2.97519e-11	0.159017
2.97533e-11	0.158811
2.97546e-11	0.158606
2.9756e-11	0.1584
2.97573e-11	0.158195
2.97587e-11	0.15799
2.976e-11	0.157784
2.97614e-11	0.157579
2.97627e-11	0.157374
2.97641e-11	0.157169
2.97654e-11	0.156964
2.97668e-11	0.156759
2.97681e-11	0.156554
2.97695e-11	0.156349
2.97708e-11	0.156145
2.97722e-11	0.15594
2.97736e-11	0.155735
2.97749e-11	0.155531
2.97763e-11	0.155326
2.97776e-11	0.155122
2.9779e-11	0.154918
2.97803e-11	0.154713
2.97817e-11	0.154509
2.9783e-11	0.154305
2.97844e-11	0.154101
2.97857e-11	0.153897
2.97871e-11	0.153693
2.97884e-11	0.15349
2.97898e-11	0.153286
2.97911e-11	0.153082
2.97925e-11	0.152879
2.97938e-11	0.152675
2.97952e-11	0.152472
2.97965e-11	0.152268
2.97979e-11	0.152065
2.97993e-11	0.151862
2.98006e-11	0.151659
2.9802e-11	0.151455
2.98033e-11	0.151252
2.98047e-11	0.151049
2.9806e-11	0.150847
2.98074e-11	0.150644
2.98087e-11	0.150441
2.98101e-11	0.150238
2.98114e-11	0.150036
2.98128e-11	0.149833
2.98141e-11	0.149631
2.98155e-11	0.149428
2.98168e-11	0.149226
2.98182e-11	0.149024
2.98195e-11	0.148822
2.98209e-11	0.14862
2.98222e-11	0.148417
2.98236e-11	0.148216
2.9825e-11	0.148014
2.98263e-11	0.147812
2.98277e-11	0.14761
2.9829e-11	0.147408
2.98304e-11	0.147207
2.98317e-11	0.147005
2.98331e-11	0.146804
2.98344e-11	0.146602
2.98358e-11	0.146401
2.98371e-11	0.1462
2.98385e-11	0.145999
2.98398e-11	0.145798
2.98412e-11	0.145597
2.98425e-11	0.145396
2.98439e-11	0.145195
2.98452e-11	0.144994
2.98466e-11	0.144793
2.98479e-11	0.144592
2.98493e-11	0.144392
2.98507e-11	0.144191
2.9852e-11	0.143991
2.98534e-11	0.143791
2.98547e-11	0.14359
2.98561e-11	0.14339
2.98574e-11	0.14319
2.98588e-11	0.14299
2.98601e-11	0.14279
2.98615e-11	0.14259
2.98628e-11	0.14239
2.98642e-11	0.14219
2.98655e-11	0.14199
2.98669e-11	0.141791
2.98682e-11	0.141591
2.98696e-11	0.141392
2.98709e-11	0.141192
2.98723e-11	0.140993
2.98736e-11	0.140793
2.9875e-11	0.140594
2.98764e-11	0.140395
2.98777e-11	0.140196
2.98791e-11	0.139997
2.98804e-11	0.139798
2.98818e-11	0.139599
2.98831e-11	0.1394
2.98845e-11	0.139202
2.98858e-11	0.139003
2.98872e-11	0.138804
2.98885e-11	0.138606
2.98899e-11	0.138407
2.98912e-11	0.138209
2.98926e-11	0.138011
2.98939e-11	0.137813
2.98953e-11	0.137614
2.98966e-11	0.137416
2.9898e-11	0.137218
2.98993e-11	0.13702
2.99007e-11	0.136823
2.99021e-11	0.136625
2.99034e-11	0.136427
2.99048e-11	0.13623
2.99061e-11	0.136032
2.99075e-11	0.135834
2.99088e-11	0.135637
2.99102e-11	0.13544
2.99115e-11	0.135242
2.99129e-11	0.135045
2.99142e-11	0.134848
2.99156e-11	0.134651
2.99169e-11	0.134454
2.99183e-11	0.134257
2.99196e-11	0.13406
2.9921e-11	0.133864
2.99223e-11	0.133667
2.99237e-11	0.13347
2.9925e-11	0.133274
2.99264e-11	0.133077
2.99278e-11	0.132881
2.99291e-11	0.132685
2.99305e-11	0.132488
2.99318e-11	0.132292
2.99332e-11	0.132096
2.99345e-11	0.1319
2.99359e-11	0.131704
2.99372e-11	0.131508
2.99386e-11	0.131312
2.99399e-11	0.131117
2.99413e-11	0.130921
2.99426e-11	0.130726
2.9944e-11	0.13053
2.99453e-11	0.130335
2.99467e-11	0.130139
2.9948e-11	0.129944
2.99494e-11	0.129749
2.99507e-11	0.129554
2.99521e-11	0.129359
2.99535e-11	0.129164
2.99548e-11	0.128969
2.99562e-11	0.128774
2.99575e-11	0.128579
2.99589e-11	0.128384
2.99602e-11	0.12819
2.99616e-11	0.127995
2.99629e-11	0.127801
2.99643e-11	0.127606
2.99656e-11	0.127412
2.9967e-11	0.127218
2.99683e-11	0.127023
2.99697e-11	0.126829
2.9971e-11	0.126635
2.99724e-11	0.126441
2.99737e-11	0.126247
2.99751e-11	0.126054
2.99764e-11	0.12586
2.99778e-11	0.125666
2.99792e-11	0.125473
2.99805e-11	0.125279
2.99819e-11	0.125086
2.99832e-11	0.124892
2.99846e-11	0.124699
2.99859e-11	0.124506
2.99873e-11	0.124313
2.99886e-11	0.12412
2.999e-11	0.123927
2.99913e-11	0.123734
2.99927e-11	0.123541
2.9994e-11	0.123348
2.99954e-11	0.123155
2.99967e-11	0.122963
2.99981e-11	0.12277
2.99994e-11	0.122578
3.00008e-11	0.122385
3.00021e-11	0.122193
3.00035e-11	0.122001
3.00049e-11	0.121809
3.00062e-11	0.121616
3.00076e-11	0.121424
3.00089e-11	0.121232
3.00103e-11	0.121041
3.00116e-11	0.120849
3.0013e-11	0.120657
3.00143e-11	0.120465
3.00157e-11	0.120274
3.0017e-11	0.120082
3.00184e-11	0.119891
3.00197e-11	0.119699
3.00211e-11	0.119508
3.00224e-11	0.119317
3.00238e-11	0.119126
3.00251e-11	0.118935
3.00265e-11	0.118744
3.00278e-11	0.118553
3.00292e-11	0.118362
3.00306e-11	0.118171
3.00319e-11	0.117981
3.00333e-11	0.11779
3.00346e-11	0.117599
3.0036e-11	0.117409
3.00373e-11	0.117219
3.00387e-11	0.117028
3.004e-11	0.116838
3.00414e-11	0.116648
3.00427e-11	0.116458
3.00441e-11	0.116268
3.00454e-11	0.116078
3.00468e-11	0.115888
3.00481e-11	0.115698
3.00495e-11	0.115509
3.00508e-11	0.115319
3.00522e-11	0.115129
3.00535e-11	0.11494
3.00549e-11	0.11475
3.00563e-11	0.114561
3.00576e-11	0.114372
3.0059e-11	0.114183
3.00603e-11	0.113994
3.00617e-11	0.113804
3.0063e-11	0.113616
3.00644e-11	0.113427
3.00657e-11	0.113238
3.00671e-11	0.113049
3.00684e-11	0.11286
3.00698e-11	0.112672
3.00711e-11	0.112483
3.00725e-11	0.112295
3.00738e-11	0.112107
3.00752e-11	0.111918
3.00765e-11	0.11173
3.00779e-11	0.111542
3.00792e-11	0.111354
3.00806e-11	0.111166
3.0082e-11	0.110978
3.00833e-11	0.11079
3.00847e-11	0.110602
3.0086e-11	0.110415
3.00874e-11	0.110227
3.00887e-11	0.11004
3.00901e-11	0.109852
3.00914e-11	0.109665
3.00928e-11	0.109478
3.00941e-11	0.10929
3.00955e-11	0.109103
3.00968e-11	0.108916
3.00982e-11	0.108729
3.00995e-11	0.108542
3.01009e-11	0.108355
3.01022e-11	0.108169
3.01036e-11	0.107982
3.01049e-11	0.107795
3.01063e-11	0.107609
3.01077e-11	0.107422
3.0109e-11	0.107236
3.01104e-11	0.10705
3.01117e-11	0.106863
3.01131e-11	0.106677
3.01144e-11	0.106491
3.01158e-11	0.106305
3.01171e-11	0.106119
3.01185e-11	0.105933
3.01198e-11	0.105748
3.01212e-11	0.105562
3.01225e-11	0.105376
3.01239e-11	0.105191
3.01252e-11	0.105005
3.01266e-11	0.10482
3.01279e-11	0.104635
3.01293e-11	0.104449
3.01306e-11	0.104264
3.0132e-11	0.104079
3.01334e-11	0.103894
3.01347e-11	0.103709
3.01361e-11	0.103524
3.01374e-11	0.103339
3.01388e-11	0.103155
3.01401e-11	0.10297
3.01415e-11	0.102785
3.01428e-11	0.102601
3.01442e-11	0.102417
3.01455e-11	0.102232
3.01469e-11	0.102048
3.01482e-11	0.101864
3.01496e-11	0.10168
3.01509e-11	0.101496
3.01523e-11	0.101312
3.01536e-11	0.101128
3.0155e-11	0.100944
3.01563e-11	0.10076
3.01577e-11	0.100577
3.01591e-11	0.100393
3.01604e-11	0.10021
3.01618e-11	0.100026
3.01631e-11	0.099843
3.01645e-11	0.0996597
3.01658e-11	0.0994766
3.01672e-11	0.0992934
3.01685e-11	0.0991104
3.01699e-11	0.0989275
3.01712e-11	0.0987446
3.01726e-11	0.0985618
3.01739e-11	0.0983791
3.01753e-11	0.0981964
3.01766e-11	0.0980139
3.0178e-11	0.0978314
3.01793e-11	0.097649
3.01807e-11	0.0974667
3.0182e-11	0.0972844
3.01834e-11	0.0971022
3.01848e-11	0.0969201
3.01861e-11	0.0967381
3.01875e-11	0.0965561
3.01888e-11	0.0963743
3.01902e-11	0.0961925
3.01915e-11	0.0960108
3.01929e-11	0.0958291
3.01942e-11	0.0956475
3.01956e-11	0.0954661
3.01969e-11	0.0952846
3.01983e-11	0.0951033
3.01996e-11	0.0949221
3.0201e-11	0.0947409
3.02023e-11	0.0945598
3.02037e-11	0.0943788
3.0205e-11	0.0941978
3.02064e-11	0.0940169
3.02077e-11	0.0938361
3.02091e-11	0.0936554
3.02105e-11	0.0934748
3.02118e-11	0.0932942
3.02132e-11	0.0931138
3.02145e-11	0.0929333
3.02159e-11	0.092753
3.02172e-11	0.0925728
3.02186e-11	0.0923926
3.02199e-11	0.0922125
3.02213e-11	0.0920325
3.02226e-11	0.0918525
3.0224e-11	0.0916727
3.02253e-11	0.0914929
3.02267e-11	0.0913132
3.0228e-11	0.0911335
3.02294e-11	0.090954
3.02307e-11	0.0907745
3.02321e-11	0.0905951
3.02334e-11	0.0904158
3.02348e-11	0.0902365
3.02362e-11	0.0900574
3.02375e-11	0.0898783
3.02389e-11	0.0896993
3.02402e-11	0.0895203
3.02416e-11	0.0893415
3.02429e-11	0.0891627
3.02443e-11	0.088984
3.02456e-11	0.0888054
3.0247e-11	0.0886268
3.02483e-11	0.0884483
3.02497e-11	0.08827
3.0251e-11	0.0880916
3.02524e-11	0.0879134
3.02537e-11	0.0877352
3.02551e-11	0.0875572
3.02564e-11	0.0873792
3.02578e-11	0.0872012
3.02591e-11	0.0870234
3.02605e-11	0.0868456
3.02619e-11	0.0866679
3.02632e-11	0.0864903
3.02646e-11	0.0863128
3.02659e-11	0.0861353
3.02673e-11	0.0859579
3.02686e-11	0.0857806
3.027e-11	0.0856034
3.02713e-11	0.0854263
3.02727e-11	0.0852492
3.0274e-11	0.0850722
3.02754e-11	0.0848953
3.02767e-11	0.0847185
3.02781e-11	0.0845417
3.02794e-11	0.084365
3.02808e-11	0.0841884
3.02821e-11	0.0840119
3.02835e-11	0.0838355
3.02848e-11	0.0836591
3.02862e-11	0.0834828
3.02876e-11	0.0833066
3.02889e-11	0.0831305
3.02903e-11	0.0829544
3.02916e-11	0.0827784
3.0293e-11	0.0826025
3.02943e-11	0.0824267
3.02957e-11	0.082251
3.0297e-11	0.0820753
3.02984e-11	0.0818997
3.02997e-11	0.0817242
3.03011e-11	0.0815488
3.03024e-11	0.0813734
3.03038e-11	0.0811982
3.03051e-11	0.081023
3.03065e-11	0.0808479
3.03078e-11	0.0806728
3.03092e-11	0.0804979
3.03105e-11	0.080323
3.03119e-11	0.0801482
3.03133e-11	0.0799735
3.03146e-11	0.0797988
3.0316e-11	0.0796243
3.03173e-11	0.0794498
3.03187e-11	0.0792753
3.032e-11	0.079101
3.03214e-11	0.0789268
3.03227e-11	0.0787526
3.03241e-11	0.0785785
3.03254e-11	0.0784045
3.03268e-11	0.0782305
3.03281e-11	0.0780567
3.03295e-11	0.0778829
3.03308e-11	0.0777092
3.03322e-11	0.0775356
3.03335e-11	0.077362
3.03349e-11	0.0771886
3.03362e-11	0.0770152
3.03376e-11	0.0768418
3.0339e-11	0.0766686
3.03403e-11	0.0764955
3.03417e-11	0.0763224
3.0343e-11	0.0761494
3.03444e-11	0.0759765
3.03457e-11	0.0758036
3.03471e-11	0.0756309
3.03484e-11	0.0754582
3.03498e-11	0.0752856
3.03511e-11	0.0751131
3.03525e-11	0.0749406
3.03538e-11	0.0747683
3.03552e-11	0.074596
3.03565e-11	0.0744238
3.03579e-11	0.0742516
3.03592e-11	0.0740796
3.03606e-11	0.0739076
3.03619e-11	0.0737357
3.03633e-11	0.0735639
3.03647e-11	0.0733921
3.0366e-11	0.0732205
3.03674e-11	0.0730489
3.03687e-11	0.0728774
3.03701e-11	0.072706
3.03714e-11	0.0725347
3.03728e-11	0.0723634
3.03741e-11	0.0721922
3.03755e-11	0.0720211
3.03768e-11	0.0718501
3.03782e-11	0.0716791
3.03795e-11	0.0715083
3.03809e-11	0.0713375
3.03822e-11	0.0711668
3.03836e-11	0.0709961
3.03849e-11	0.0708256
3.03863e-11	0.0706551
3.03876e-11	0.0704847
3.0389e-11	0.0703144
3.03904e-11	0.0701441
3.03917e-11	0.069974
3.03931e-11	0.0698039
3.03944e-11	0.0696339
3.03958e-11	0.069464
3.03971e-11	0.0692941
3.03985e-11	0.0691244
3.03998e-11	0.0689547
3.04012e-11	0.0687851
3.04025e-11	0.0686156
3.04039e-11	0.0684461
3.04052e-11	0.0682768
3.04066e-11	0.0681075
3.04079e-11	0.0679383
3.04093e-11	0.0677691
3.04106e-11	0.0676001
3.0412e-11	0.0674311
3.04133e-11	0.0672622
3.04147e-11	0.0670934
3.04161e-11	0.0669247
3.04174e-11	0.066756
3.04188e-11	0.0665875
3.04201e-11	0.066419
3.04215e-11	0.0662506
3.04228e-11	0.0660822
3.04242e-11	0.065914
3.04255e-11	0.0657458
3.04269e-11	0.0655777
3.04282e-11	0.0654097
3.04296e-11	0.0652417
3.04309e-11	0.0650739
3.04323e-11	0.0649061
3.04336e-11	0.0647384
3.0435e-11	0.0645708
3.04363e-11	0.0644032
3.04377e-11	0.0642358
3.0439e-11	0.0640684
3.04404e-11	0.0639011
3.04418e-11	0.0637339
3.04431e-11	0.0635667
3.04445e-11	0.0633996
3.04458e-11	0.0632327
3.04472e-11	0.0630658
3.04485e-11	0.0628989
3.04499e-11	0.0627322
3.04512e-11	0.0625655
3.04526e-11	0.0623989
3.04539e-11	0.0622324
3.04553e-11	0.062066
3.04566e-11	0.0618996
3.0458e-11	0.0617334
3.04593e-11	0.0615672
3.04607e-11	0.0614011
3.0462e-11	0.061235
3.04634e-11	0.0610691
3.04647e-11	0.0609032
3.04661e-11	0.0607374
3.04675e-11	0.0605717
3.04688e-11	0.0604061
3.04702e-11	0.0602405
3.04715e-11	0.0600751
3.04729e-11	0.0599097
3.04742e-11	0.0597443
3.04756e-11	0.0595791
3.04769e-11	0.059414
3.04783e-11	0.0592489
3.04796e-11	0.0590839
3.0481e-11	0.058919
3.04823e-11	0.0587541
3.04837e-11	0.0585894
3.0485e-11	0.0584247
3.04864e-11	0.0582601
3.04877e-11	0.0580956
3.04891e-11	0.0579312
3.04904e-11	0.0577668
3.04918e-11	0.0576025
3.04932e-11	0.0574383
3.04945e-11	0.0572742
3.04959e-11	0.0571102
3.04972e-11	0.0569462
3.04986e-11	0.0567823
3.04999e-11	0.0566185
3.05013e-11	0.0564548
3.05026e-11	0.0562912
3.0504e-11	0.0561276
3.05053e-11	0.0559642
3.05067e-11	0.0558008
3.0508e-11	0.0556374
3.05094e-11	0.0554742
3.05107e-11	0.055311
3.05121e-11	0.055148
3.05134e-11	0.054985
3.05148e-11	0.0548221
3.05161e-11	0.0546592
3.05175e-11	0.0544965
3.05189e-11	0.0543338
3.05202e-11	0.0541712
3.05216e-11	0.0540087
3.05229e-11	0.0538462
3.05243e-11	0.0536839
3.05256e-11	0.0535216
3.0527e-11	0.0533594
3.05283e-11	0.0531973
3.05297e-11	0.0530352
3.0531e-11	0.0528733
3.05324e-11	0.0527114
3.05337e-11	0.0525496
3.05351e-11	0.0523879
3.05364e-11	0.0522262
3.05378e-11	0.0520647
3.05391e-11	0.0519032
3.05405e-11	0.0517418
3.05418e-11	0.0515805
3.05432e-11	0.0514193
3.05446e-11	0.0512581
3.05459e-11	0.051097
3.05473e-11	0.050936
3.05486e-11	0.0507751
3.055e-11	0.0506143
3.05513e-11	0.0504535
3.05527e-11	0.0502929
3.0554e-11	0.0501323
3.05554e-11	0.0499717
3.05567e-11	0.0498113
3.05581e-11	0.049651
3.05594e-11	0.0494907
3.05608e-11	0.0493305
3.05621e-11	0.0491704
3.05635e-11	0.0490103
3.05648e-11	0.0488504
3.05662e-11	0.0486905
3.05675e-11	0.0485307
3.05689e-11	0.048371
3.05703e-11	0.0482114
3.05716e-11	0.0480518
3.0573e-11	0.0478924
3.05743e-11	0.047733
3.05757e-11	0.0475737
3.0577e-11	0.0474144
3.05784e-11	0.0472553
3.05797e-11	0.0470962
3.05811e-11	0.0469372
3.05824e-11	0.0467783
3.05838e-11	0.0466195
3.05851e-11	0.0464607
3.05865e-11	0.0463021
3.05878e-11	0.0461435
3.05892e-11	0.045985
3.05905e-11	0.0458266
3.05919e-11	0.0456682
3.05932e-11	0.0455099
3.05946e-11	0.0453518
3.0596e-11	0.0451937
3.05973e-11	0.0450356
3.05987e-11	0.0448777
3.06e-11	0.0447198
3.06014e-11	0.044562
3.06027e-11	0.0444043
3.06041e-11	0.0442467
3.06054e-11	0.0440892
3.06068e-11	0.0439317
3.06081e-11	0.0437743
3.06095e-11	0.043617
3.06108e-11	0.0434598
3.06122e-11	0.0433027
3.06135e-11	0.0431456
3.06149e-11	0.0429886
3.06162e-11	0.0428317
3.06176e-11	0.0426749
3.06189e-11	0.0425182
3.06203e-11	0.0423615
3.06217e-11	0.042205
3.0623e-11	0.0420485
3.06244e-11	0.0418921
3.06257e-11	0.0417357
3.06271e-11	0.0415795
3.06284e-11	0.0414233
3.06298e-11	0.0412672
3.06311e-11	0.0411112
3.06325e-11	0.0409553
3.06338e-11	0.0407994
3.06352e-11	0.0406437
3.06365e-11	0.040488
3.06379e-11	0.0403324
3.06392e-11	0.0401768
3.06406e-11	0.0400214
3.06419e-11	0.039866
3.06433e-11	0.0397107
3.06446e-11	0.0395555
3.0646e-11	0.0394004
3.06474e-11	0.0392454
3.06487e-11	0.0390904
3.06501e-11	0.0389355
3.06514e-11	0.0387807
3.06528e-11	0.038626
3.06541e-11	0.0384714
3.06555e-11	0.0383168
3.06568e-11	0.0381623
3.06582e-11	0.0380079
3.06595e-11	0.0378536
3.06609e-11	0.0376994
3.06622e-11	0.0375452
3.06636e-11	0.0373912
3.06649e-11	0.0372372
3.06663e-11	0.0370832
3.06676e-11	0.0369294
3.0669e-11	0.0367757
3.06703e-11	0.036622
3.06717e-11	0.0364684
3.06731e-11	0.0363149
3.06744e-11	0.0361615
3.06758e-11	0.0360081
3.06771e-11	0.0358549
3.06785e-11	0.0357017
3.06798e-11	0.0355486
3.06812e-11	0.0353955
3.06825e-11	0.0352426
3.06839e-11	0.0350897
3.06852e-11	0.034937
3.06866e-11	0.0347842
3.06879e-11	0.0346316
3.06893e-11	0.0344791
3.06906e-11	0.0343266
3.0692e-11	0.0341743
3.06933e-11	0.034022
3.06947e-11	0.0338697
3.0696e-11	0.0337176
3.06974e-11	0.0335656
3.06988e-11	0.0334136
3.07001e-11	0.0332617
3.07015e-11	0.0331099
3.07028e-11	0.0329581
3.07042e-11	0.0328065
3.07055e-11	0.0326549
3.07069e-11	0.0325034
3.07082e-11	0.032352
3.07096e-11	0.0322007
3.07109e-11	0.0320495
3.07123e-11	0.0318983
3.07136e-11	0.0317472
3.0715e-11	0.0315962
3.07163e-11	0.0314453
3.07177e-11	0.0312945
3.0719e-11	0.0311437
3.07204e-11	0.030993
3.07217e-11	0.0308424
3.07231e-11	0.0306919
3.07245e-11	0.0305415
3.07258e-11	0.0303911
3.07272e-11	0.0302408
3.07285e-11	0.0300906
3.07299e-11	0.0299405
3.07312e-11	0.0297905
3.07326e-11	0.0296406
3.07339e-11	0.0294907
3.07353e-11	0.0293409
3.07366e-11	0.0291912
3.0738e-11	0.0290416
3.07393e-11	0.028892
3.07407e-11	0.0287426
3.0742e-11	0.0285932
3.07434e-11	0.0284439
3.07447e-11	0.0282947
3.07461e-11	0.0281455
3.07474e-11	0.0279965
3.07488e-11	0.0278475
3.07502e-11	0.0276986
3.07515e-11	0.0275498
3.07529e-11	0.027401
3.07542e-11	0.0272524
3.07556e-11	0.0271038
3.07569e-11	0.0269553
3.07583e-11	0.0268069
3.07596e-11	0.0266586
3.0761e-11	0.0265103
3.07623e-11	0.0263622
3.07637e-11	0.0262141
3.0765e-11	0.0260661
3.07664e-11	0.0259181
3.07677e-11	0.0257703
3.07691e-11	0.0256225
3.07704e-11	0.0254749
3.07718e-11	0.0253273
3.07731e-11	0.0251797
3.07745e-11	0.0250323
3.07759e-11	0.0248849
3.07772e-11	0.0247377
3.07786e-11	0.0245905
3.07799e-11	0.0244434
3.07813e-11	0.0242963
3.07826e-11	0.0241494
3.0784e-11	0.0240025
3.07853e-11	0.0238557
3.07867e-11	0.023709
3.0788e-11	0.0235624
3.07894e-11	0.0234158
3.07907e-11	0.0232694
3.07921e-11	0.023123
3.07934e-11	0.0229767
3.07948e-11	0.0228305
3.07961e-11	0.0226843
3.07975e-11	0.0225383
3.07988e-11	0.0223923
3.08002e-11	0.0222464
3.08016e-11	0.0221006
3.08029e-11	0.0219548
3.08043e-11	0.0218092
3.08056e-11	0.0216636
3.0807e-11	0.0215181
3.08083e-11	0.0213727
3.08097e-11	0.0212274
3.0811e-11	0.0210821
3.08124e-11	0.020937
3.08137e-11	0.0207919
3.08151e-11	0.0206469
3.08164e-11	0.0205019
3.08178e-11	0.0203571
3.08191e-11	0.0202123
3.08205e-11	0.0200677
3.08218e-11	0.0199231
3.08232e-11	0.0197785
3.08245e-11	0.0196341
3.08259e-11	0.0194897
3.08273e-11	0.0193455
3.08286e-11	0.0192013
3.083e-11	0.0190572
3.08313e-11	0.0189131
3.08327e-11	0.0187692
3.0834e-11	0.0186253
3.08354e-11	0.0184815
3.08367e-11	0.0183378
3.08381e-11	0.0181942
3.08394e-11	0.0180507
3.08408e-11	0.0179072
3.08421e-11	0.0177638
3.08435e-11	0.0176205
3.08448e-11	0.0174773
3.08462e-11	0.0173342
3.08475e-11	0.0171911
3.08489e-11	0.0170481
3.08502e-11	0.0169052
3.08516e-11	0.0167624
3.0853e-11	0.0166197
3.08543e-11	0.016477
3.08557e-11	0.0163345
3.0857e-11	0.016192
3.08584e-11	0.0160496
3.08597e-11	0.0159072
3.08611e-11	0.015765
3.08624e-11	0.0156228
3.08638e-11	0.0154807
3.08651e-11	0.0153387
3.08665e-11	0.0151968
3.08678e-11	0.015055
3.08692e-11	0.0149132
3.08705e-11	0.0147716
3.08719e-11	0.01463
3.08732e-11	0.0144884
3.08746e-11	0.014347
3.08759e-11	0.0142057
3.08773e-11	0.0140644
3.08787e-11	0.0139232
3.088e-11	0.0137821
3.08814e-11	0.0136411
3.08827e-11	0.0135001
3.08841e-11	0.0133593
3.08854e-11	0.0132185
3.08868e-11	0.0130778
3.08881e-11	0.0129371
3.08895e-11	0.0127966
3.08908e-11	0.0126562
3.08922e-11	0.0125158
3.08935e-11	0.0123755
3.08949e-11	0.0122353
3.08962e-11	0.0120951
3.08976e-11	0.0119551
3.08989e-11	0.0118151
3.09003e-11	0.0116752
3.09016e-11	0.0115354
3.0903e-11	0.0113957
3.09044e-11	0.011256
3.09057e-11	0.0111165
3.09071e-11	0.010977
3.09084e-11	0.0108376
3.09098e-11	0.0106983
3.09111e-11	0.010559
3.09125e-11	0.0104199
3.09138e-11	0.0102808
3.09152e-11	0.0101418
3.09165e-11	0.0100029
3.09179e-11	0.00986403
3.09192e-11	0.00972528
3.09206e-11	0.00958661
3.09219e-11	0.00944802
3.09233e-11	0.00930951
3.09246e-11	0.00917108
3.0926e-11	0.00903273
3.09273e-11	0.00889446
3.09287e-11	0.00875628
3.09301e-11	0.00861818
3.09314e-11	0.00848015
3.09328e-11	0.00834221
3.09341e-11	0.00820435
3.09355e-11	0.00806657
3.09368e-11	0.00792887
3.09382e-11	0.00779126
3.09395e-11	0.00765372
3.09409e-11	0.00751627
3.09422e-11	0.0073789
3.09436e-11	0.0072416
3.09449e-11	0.00710439
3.09463e-11	0.00696726
3.09476e-11	0.00683022
3.0949e-11	0.00669325
3.09503e-11	0.00655636
3.09517e-11	0.00641956
3.09531e-11	0.00628284
3.09544e-11	0.00614619
3.09558e-11	0.00600963
3.09571e-11	0.00587315
3.09585e-11	0.00573675
3.09598e-11	0.00560044
3.09612e-11	0.0054642
3.09625e-11	0.00532804
3.09639e-11	0.00519197
3.09652e-11	0.00505598
3.09666e-11	0.00492007
3.09679e-11	0.00478424
3.09693e-11	0.00464849
3.09706e-11	0.00451282
3.0972e-11	0.00437723
3.09733e-11	0.00424173
3.09747e-11	0.0041063
3.0976e-11	0.00397096
3.09774e-11	0.0038357
3.09788e-11	0.00370051
3.09801e-11	0.00356541
3.09815e-11	0.0034304
3.09828e-11	0.00329546
3.09842e-11	0.0031606
3.09855e-11	0.00302583
3.09869e-11	0.00289113
3.09882e-11	0.00275652
3.09896e-11	0.00262199
3.09909e-11	0.00248754
3.09923e-11	0.00235317
3.09936e-11	0.00221888
3.0995e-11	0.00208467
3.09963e-11	0.00195055
3.09977e-11	0.0018165
3.0999e-11	0.00168254
3.10004e-11	0.00154865
3.10017e-11	0.00141485
3.10031e-11	0.00128113
3.10045e-11	0.00114749
3.10058e-11	0.00101393
3.10072e-11	0.000880458
3.10085e-11	0.000747062
3.10099e-11	0.000613747
3.10112e-11	0.000480513
3.10126e-11	0.00034736
3.10139e-11	0.000214289
3.10153e-11	8.12986e-05
3.10166e-11	-5.16106e-05
3.1018e-11	-0.000184439
3.10193e-11	-0.000317186
3.10207e-11	-0.000449852
3.1022e-11	-0.000582437
3.10234e-11	-0.00071494
3.10247e-11	-0.000847363
3.10261e-11	-0.000979705
3.10274e-11	-0.00111197
3.10288e-11	-0.00124414
3.10302e-11	-0.00137624
3.10315e-11	-0.00150826
3.10329e-11	-0.0016402
3.10342e-11	-0.00177205
3.10356e-11	-0.00190383
3.10369e-11	-0.00203552
3.10383e-11	-0.00216713
3.10396e-11	-0.00229866
3.1041e-11	-0.00243011
3.10423e-11	-0.00256148
3.10437e-11	-0.00269277
3.1045e-11	-0.00282397
3.10464e-11	-0.0029551
3.10477e-11	-0.00308614
3.10491e-11	-0.00321711
3.10504e-11	-0.00334799
3.10518e-11	-0.00347879
3.10531e-11	-0.00360951
3.10545e-11	-0.00374015
3.10559e-11	-0.00387071
3.10572e-11	-0.00400119
3.10586e-11	-0.00413158
3.10599e-11	-0.0042619
3.10613e-11	-0.00439213
3.10626e-11	-0.00452228
3.1064e-11	-0.00465236
3.10653e-11	-0.00478235
3.10667e-11	-0.00491226
3.1068e-11	-0.00504209
3.10694e-11	-0.00517183
3.10707e-11	-0.0053015
3.10721e-11	-0.00543109
3.10734e-11	-0.00556059
3.10748e-11	-0.00569002
3.10761e-11	-0.00581936
3.10775e-11	-0.00594862
3.10788e-11	-0.0060778
3.10802e-11	-0.0062069
3.10816e-11	-0.00633592
3.10829e-11	-0.00646486
3.10843e-11	-0.00659372
3.10856e-11	-0.0067225
3.1087e-11	-0.00685119
3.10883e-11	-0.00697981
3.10897e-11	-0.00710834
3.1091e-11	-0.00723679
3.10924e-11	-0.00736516
3.10937e-11	-0.00749345
3.10951e-11	-0.00762166
3.10964e-11	-0.00774979
3.10978e-11	-0.00787784
3.10991e-11	-0.00800581
3.11005e-11	-0.00813369
3.11018e-11	-0.0082615
3.11032e-11	-0.00838922
3.11045e-11	-0.00851687
3.11059e-11	-0.00864443
3.11073e-11	-0.00877191
3.11086e-11	-0.00889931
3.111e-11	-0.00902663
3.11113e-11	-0.00915387
3.11127e-11	-0.00928103
3.1114e-11	-0.00940811
3.11154e-11	-0.0095351
3.11167e-11	-0.00966202
3.11181e-11	-0.00978885
3.11194e-11	-0.00991561
3.11208e-11	-0.0100423
3.11221e-11	-0.0101689
3.11235e-11	-0.0102954
3.11248e-11	-0.0104218
3.11262e-11	-0.0105482
3.11275e-11	-0.0106744
3.11289e-11	-0.0108006
3.11302e-11	-0.0109267
3.11316e-11	-0.0110528
3.1133e-11	-0.0111787
3.11343e-11	-0.0113046
3.11357e-11	-0.0114303
3.1137e-11	-0.0115561
3.11384e-11	-0.0116817
3.11397e-11	-0.0118072
3.11411e-11	-0.0119327
3.11424e-11	-0.0120581
3.11438e-11	-0.0121834
3.11451e-11	-0.0123086
3.11465e-11	-0.0124337
3.11478e-11	-0.0125588
3.11492e-11	-0.0126837
3.11505e-11	-0.0128086
3.11519e-11	-0.0129335
3.11532e-11	-0.0130582
3.11546e-11	-0.0131828
3.11559e-11	-0.0133074
3.11573e-11	-0.0134319
3.11587e-11	-0.0135563
3.116e-11	-0.0136806
3.11614e-11	-0.0138049
3.11627e-11	-0.0139291
3.11641e-11	-0.0140532
3.11654e-11	-0.0141772
3.11668e-11	-0.0143011
3.11681e-11	-0.0144249
3.11695e-11	-0.0145487
3.11708e-11	-0.0146724
3.11722e-11	-0.014796
3.11735e-11	-0.0149195
3.11749e-11	-0.015043
3.11762e-11	-0.0151663
3.11776e-11	-0.0152896
3.11789e-11	-0.0154128
3.11803e-11	-0.0155359
3.11816e-11	-0.015659
3.1183e-11	-0.0157819
3.11844e-11	-0.0159048
3.11857e-11	-0.0160276
3.11871e-11	-0.0161503
3.11884e-11	-0.0162729
3.11898e-11	-0.0163955
3.11911e-11	-0.016518
3.11925e-11	-0.0166404
3.11938e-11	-0.0167627
3.11952e-11	-0.0168849
3.11965e-11	-0.0170071
3.11979e-11	-0.0171291
3.11992e-11	-0.0172511
3.12006e-11	-0.0173731
3.12019e-11	-0.0174949
3.12033e-11	-0.0176166
3.12046e-11	-0.0177383
3.1206e-11	-0.0178599
3.12073e-11	-0.0179814
3.12087e-11	-0.0181028
3.12101e-11	-0.0182242
3.12114e-11	-0.0183454
3.12128e-11	-0.0184666
3.12141e-11	-0.0185877
3.12155e-11	-0.0187088
3.12168e-11	-0.0188297
3.12182e-11	-0.0189506
3.12195e-11	-0.0190714
3.12209e-11	-0.0191921
3.12222e-11	-0.0193127
3.12236e-11	-0.0194332
3.12249e-11	-0.0195537
3.12263e-11	-0.0196741
3.12276e-11	-0.0197944
3.1229e-11	-0.0199146
3.12303e-11	-0.0200347
3.12317e-11	-0.0201548
3.1233e-11	-0.0202748
3.12344e-11	-0.0203947
3.12358e-11	-0.0205145
3.12371e-11	-0.0206342
3.12385e-11	-0.0207539
3.12398e-11	-0.0208735
3.12412e-11	-0.020993
3.12425e-11	-0.0211124
3.12439e-11	-0.0212317
3.12452e-11	-0.021351
3.12466e-11	-0.0214702
3.12479e-11	-0.0215893
3.12493e-11	-0.0217083
3.12506e-11	-0.0218272
3.1252e-11	-0.0219461
3.12533e-11	-0.0220648
3.12547e-11	-0.0221835
3.1256e-11	-0.0223021
3.12574e-11	-0.0224207
3.12587e-11	-0.0225391
3.12601e-11	-0.0226575
3.12615e-11	-0.0227758
3.12628e-11	-0.022894
3.12642e-11	-0.0230121
3.12655e-11	-0.0231302
3.12669e-11	-0.0232482
3.12682e-11	-0.0233661
3.12696e-11	-0.0234839
3.12709e-11	-0.0236016
3.12723e-11	-0.0237193
3.12736e-11	-0.0238368
3.1275e-11	-0.0239543
3.12763e-11	-0.0240717
3.12777e-11	-0.0241891
3.1279e-11	-0.0243063
3.12804e-11	-0.0244235
3.12817e-11	-0.0245406
3.12831e-11	-0.0246576
3.12844e-11	-0.0247745
3.12858e-11	-0.0248914
3.12872e-11	-0.0250081
3.12885e-11	-0.0251248
3.12899e-11	-0.0252414
3.12912e-11	-0.025358
3.12926e-11	-0.0254744
3.12939e-11	-0.0255908
3.12953e-11	-0.0257071
3.12966e-11	-0.0258233
3.1298e-11	-0.0259394
3.12993e-11	-0.0260555
3.13007e-11	-0.0261714
3.1302e-11	-0.0262873
3.13034e-11	-0.0264031
3.13047e-11	-0.0265189
3.13061e-11	-0.0266345
3.13074e-11	-0.0267501
3.13088e-11	-0.0268656
3.13101e-11	-0.026981
3.13115e-11	-0.0270963
3.13129e-11	-0.0272116
3.13142e-11	-0.0273267
3.13156e-11	-0.0274418
3.13169e-11	-0.0275568
3.13183e-11	-0.0276718
3.13196e-11	-0.0277866
3.1321e-11	-0.0279014
3.13223e-11	-0.0280161
3.13237e-11	-0.0281307
3.1325e-11	-0.0282452
3.13264e-11	-0.0283596
3.13277e-11	-0.028474
3.13291e-11	-0.0285883
3.13304e-11	-0.0287025
3.13318e-11	-0.0288166
3.13331e-11	-0.0289307
3.13345e-11	-0.0290447
3.13358e-11	-0.0291586
3.13372e-11	-0.0292724
3.13386e-11	-0.0293861
3.13399e-11	-0.0294998
3.13413e-11	-0.0296133
3.13426e-11	-0.0297268
3.1344e-11	-0.0298402
3.13453e-11	-0.0299536
3.13467e-11	-0.0300668
3.1348e-11	-0.03018
3.13494e-11	-0.0302931
3.13507e-11	-0.0304061
3.13521e-11	-0.030519
3.13534e-11	-0.0306319
3.13548e-11	-0.0307447
3.13561e-11	-0.0308574
3.13575e-11	-0.03097
3.13588e-11	-0.0310825
3.13602e-11	-0.031195
3.13615e-11	-0.0313073
3.13629e-11	-0.0314196
3.13643e-11	-0.0315318
3.13656e-11	-0.031644
3.1367e-11	-0.031756
3.13683e-11	-0.031868
3.13697e-11	-0.0319799
3.1371e-11	-0.0320917
3.13724e-11	-0.0322035
3.13737e-11	-0.0323151
3.13751e-11	-0.0324267
3.13764e-11	-0.0325382
3.13778e-11	-0.0326496
3.13791e-11	-0.032761
3.13805e-11	-0.0328722
3.13818e-11	-0.0329834
3.13832e-11	-0.0330945
3.13845e-11	-0.0332055
3.13859e-11	-0.0333165
3.13872e-11	-0.0334274
3.13886e-11	-0.0335381
3.139e-11	-0.0336488
3.13913e-11	-0.0337595
3.13927e-11	-0.03387
3.1394e-11	-0.0339805
3.13954e-11	-0.0340909
3.13967e-11	-0.0342012
3.13981e-11	-0.0343114
3.13994e-11	-0.0344216
3.14008e-11	-0.0345316
3.14021e-11	-0.0346416
3.14035e-11	-0.0347515
3.14048e-11	-0.0348614
3.14062e-11	-0.0349711
3.14075e-11	-0.0350808
3.14089e-11	-0.0351904
3.14102e-11	-0.0352999
3.14116e-11	-0.0354093
3.14129e-11	-0.0355187
3.14143e-11	-0.035628
3.14157e-11	-0.0357371
3.1417e-11	-0.0358463
3.14184e-11	-0.0359553
3.14197e-11	-0.0360643
3.14211e-11	-0.0361731
3.14224e-11	-0.0362819
3.14238e-11	-0.0363907
3.14251e-11	-0.0364993
3.14265e-11	-0.0366079
3.14278e-11	-0.0367164
3.14292e-11	-0.0368248
3.14305e-11	-0.0369331
3.14319e-11	-0.0370413
3.14332e-11	-0.0371495
3.14346e-11	-0.0372576
3.14359e-11	-0.0373656
3.14373e-11	-0.0374735
3.14386e-11	-0.0375814
3.144e-11	-0.0376891
3.14414e-11	-0.0377968
3.14427e-11	-0.0379044
3.14441e-11	-0.038012
3.14454e-11	-0.0381194
3.14468e-11	-0.0382268
3.14481e-11	-0.0383341
3.14495e-11	-0.0384413
3.14508e-11	-0.0385485
3.14522e-11	-0.0386555
3.14535e-11	-0.0387625
3.14549e-11	-0.0388694
3.14562e-11	-0.0389762
3.14576e-11	-0.039083
3.14589e-11	-0.0391896
3.14603e-11	-0.0392962
3.14616e-11	-0.0394027
3.1463e-11	-0.0395092
3.14643e-11	-0.0396155
3.14657e-11	-0.0397218
3.14671e-11	-0.039828
3.14684e-11	-0.0399341
3.14698e-11	-0.0400401
3.14711e-11	-0.0401461
3.14725e-11	-0.0402519
3.14738e-11	-0.0403577
3.14752e-11	-0.0404635
3.14765e-11	-0.0405691
3.14779e-11	-0.0406747
3.14792e-11	-0.0407801
3.14806e-11	-0.0408855
3.14819e-11	-0.0409909
3.14833e-11	-0.0410961
3.14846e-11	-0.0412013
3.1486e-11	-0.0413064
3.14873e-11	-0.0414114
3.14887e-11	-0.0415163
3.149e-11	-0.0416212
3.14914e-11	-0.0417259
3.14928e-11	-0.0418306
3.14941e-11	-0.0419352
3.14955e-11	-0.0420398
3.14968e-11	-0.0421442
3.14982e-11	-0.0422486
3.14995e-11	-0.0423529
3.15009e-11	-0.0424571
3.15022e-11	-0.0425613
3.15036e-11	-0.0426654
3.15049e-11	-0.0427693
3.15063e-11	-0.0428732
3.15076e-11	-0.0429771
3.1509e-11	-0.0430808
3.15103e-11	-0.0431845
3.15117e-11	-0.0432881
3.1513e-11	-0.0433916
3.15144e-11	-0.043495
3.15157e-11	-0.0435984
3.15171e-11	-0.0437017
3.15185e-11	-0.0438049
3.15198e-11	-0.043908
3.15212e-11	-0.044011
3.15225e-11	-0.044114
3.15239e-11	-0.0442169
3.15252e-11	-0.0443197
3.15266e-11	-0.0444224
3.15279e-11	-0.0445251
3.15293e-11	-0.0446277
3.15306e-11	-0.0447302
3.1532e-11	-0.0448326
3.15333e-11	-0.0449349
3.15347e-11	-0.0450372
3.1536e-11	-0.0451394
3.15374e-11	-0.0452415
3.15387e-11	-0.0453435
3.15401e-11	-0.0454454
3.15414e-11	-0.0455473
3.15428e-11	-0.0456491
3.15442e-11	-0.0457508
3.15455e-11	-0.0458524
3.15469e-11	-0.045954
3.15482e-11	-0.0460555
3.15496e-11	-0.0461569
3.15509e-11	-0.0462582
3.15523e-11	-0.0463594
3.15536e-11	-0.0464606
3.1555e-11	-0.0465617
3.15563e-11	-0.0466627
3.15577e-11	-0.0467636
3.1559e-11	-0.0468645
3.15604e-11	-0.0469653
3.15617e-11	-0.047066
3.15631e-11	-0.0471666
3.15644e-11	-0.0472671
3.15658e-11	-0.0473676
3.15671e-11	-0.047468
3.15685e-11	-0.0475683
3.15699e-11	-0.0476685
3.15712e-11	-0.0477686
3.15726e-11	-0.0478687
3.15739e-11	-0.0479687
3.15753e-11	-0.0480686
3.15766e-11	-0.0481685
3.1578e-11	-0.0482682
3.15793e-11	-0.0483679
3.15807e-11	-0.0484675
3.1582e-11	-0.048567
3.15834e-11	-0.0486665
3.15847e-11	-0.0487659
3.15861e-11	-0.0488651
3.15874e-11	-0.0489644
3.15888e-11	-0.0490635
3.15901e-11	-0.0491626
3.15915e-11	-0.0492615
3.15928e-11	-0.0493604
3.15942e-11	-0.0494593
3.15956e-11	-0.049558
3.15969e-11	-0.0496567
3.15983e-11	-0.0497553
3.15996e-11	-0.0498538
3.1601e-11	-0.0499522
3.16023e-11	-0.0500506
3.16037e-11	-0.0501489
3.1605e-11	-0.0502471
3.16064e-11	-0.0503452
3.16077e-11	-0.0504432
3.16091e-11	-0.0505412
3.16104e-11	-0.0506391
3.16118e-11	-0.0507369
3.16131e-11	-0.0508347
3.16145e-11	-0.0509323
3.16158e-11	-0.0510299
3.16172e-11	-0.0511274
3.16185e-11	-0.0512248
3.16199e-11	-0.0513222
3.16213e-11	-0.0514195
3.16226e-11	-0.0515167
3.1624e-11	-0.0516138
3.16253e-11	-0.0517108
3.16267e-11	-0.0518078
3.1628e-11	-0.0519047
3.16294e-11	-0.0520015
3.16307e-11	-0.0520982
3.16321e-11	-0.0521948
3.16334e-11	-0.0522914
3.16348e-11	-0.0523879
3.16361e-11	-0.0524843
3.16375e-11	-0.0525807
3.16388e-11	-0.052677
3.16402e-11	-0.0527731
3.16415e-11	-0.0528693
3.16429e-11	-0.0529653
3.16442e-11	-0.0530612
3.16456e-11	-0.0531571
3.1647e-11	-0.0532529
3.16483e-11	-0.0533486
3.16497e-11	-0.0534443
3.1651e-11	-0.0535399
3.16524e-11	-0.0536354
3.16537e-11	-0.0537308
3.16551e-11	-0.0538261
3.16564e-11	-0.0539214
3.16578e-11	-0.0540166
3.16591e-11	-0.0541117
3.16605e-11	-0.0542067
3.16618e-11	-0.0543016
3.16632e-11	-0.0543965
3.16645e-11	-0.0544913
3.16659e-11	-0.054586
3.16672e-11	-0.0546807
3.16686e-11	-0.0547753
3.16699e-11	-0.0548697
3.16713e-11	-0.0549642
3.16727e-11	-0.0550585
3.1674e-11	-0.0551527
3.16754e-11	-0.0552469
3.16767e-11	-0.055341
3.16781e-11	-0.0554351
3.16794e-11	-0.055529
3.16808e-11	-0.0556229
3.16821e-11	-0.0557167
3.16835e-11	-0.0558104
3.16848e-11	-0.0559041
3.16862e-11	-0.0559976
3.16875e-11	-0.0560911
3.16889e-11	-0.0561845
3.16902e-11	-0.0562779
3.16916e-11	-0.0563711
3.16929e-11	-0.0564643
3.16943e-11	-0.0565574
3.16956e-11	-0.0566504
3.1697e-11	-0.0567434
3.16984e-11	-0.0568363
3.16997e-11	-0.0569291
3.17011e-11	-0.0570218
3.17024e-11	-0.0571144
3.17038e-11	-0.057207
3.17051e-11	-0.0572995
3.17065e-11	-0.0573919
3.17078e-11	-0.0574842
3.17092e-11	-0.0575765
3.17105e-11	-0.0576687
3.17119e-11	-0.0577608
3.17132e-11	-0.0578528
3.17146e-11	-0.0579448
3.17159e-11	-0.0580367
3.17173e-11	-0.0581285
3.17186e-11	-0.0582202
3.172e-11	-0.0583118
3.17213e-11	-0.0584034
3.17227e-11	-0.0584949
3.17241e-11	-0.0585863
3.17254e-11	-0.0586777
3.17268e-11	-0.0587689
3.17281e-11	-0.0588601
3.17295e-11	-0.0589512
3.17308e-11	-0.0590423
3.17322e-11	-0.0591332
3.17335e-11	-0.0592241
3.17349e-11	-0.0593149
3.17362e-11	-0.0594057
3.17376e-11	-0.0594963
3.17389e-11	-0.0595869
3.17403e-11	-0.0596774
3.17416e-11	-0.0597678
3.1743e-11	-0.0598582
3.17443e-11	-0.0599485
3.17457e-11	-0.0600387
3.1747e-11	-0.0601288
3.17484e-11	-0.0602188
3.17498e-11	-0.0603088
3.17511e-11	-0.0603987
3.17525e-11	-0.0604885
3.17538e-11	-0.0605783
3.17552e-11	-0.0606679
3.17565e-11	-0.0607575
3.17579e-11	-0.060847
3.17592e-11	-0.0609365
3.17606e-11	-0.0610258
3.17619e-11	-0.0611151
3.17633e-11	-0.0612043
3.17646e-11	-0.0612934
3.1766e-11	-0.0613825
3.17673e-11	-0.0614715
3.17687e-11	-0.0615604
3.177e-11	-0.0616492
3.17714e-11	-0.061738
3.17727e-11	-0.0618266
3.17741e-11	-0.0619152
3.17755e-11	-0.0620038
3.17768e-11	-0.0620922
3.17782e-11	-0.0621806
3.17795e-11	-0.0622689
3.17809e-11	-0.0623571
3.17822e-11	-0.0624453
3.17836e-11	-0.0625333
3.17849e-11	-0.0626213
3.17863e-11	-0.0627092
3.17876e-11	-0.0627971
3.1789e-11	-0.0628849
3.17903e-11	-0.0629725
3.17917e-11	-0.0630602
3.1793e-11	-0.0631477
3.17944e-11	-0.0632352
3.17957e-11	-0.0633226
3.17971e-11	-0.0634099
3.17984e-11	-0.0634971
3.17998e-11	-0.0635843
3.18012e-11	-0.0636714
3.18025e-11	-0.0637584
3.18039e-11	-0.0638453
3.18052e-11	-0.0639322
3.18066e-11	-0.0640189
3.18079e-11	-0.0641057
3.18093e-11	-0.0641923
3.18106e-11	-0.0642788
3.1812e-11	-0.0643653
3.18133e-11	-0.0644517
3.18147e-11	-0.0645381
3.1816e-11	-0.0646243
3.18174e-11	-0.0647105
3.18187e-11	-0.0647966
3.18201e-11	-0.0648826
3.18214e-11	-0.0649686
3.18228e-11	-0.0650545
3.18241e-11	-0.0651403
3.18255e-11	-0.065226
3.18269e-11	-0.0653116
3.18282e-11	-0.0653972
3.18296e-11	-0.0654827
3.18309e-11	-0.0655682
3.18323e-11	-0.0656535
3.18336e-11	-0.0657388
3.1835e-11	-0.065824
3.18363e-11	-0.0659091
3.18377e-11	-0.0659942
3.1839e-11	-0.0660791
3.18404e-11	-0.066164
3.18417e-11	-0.0662489
3.18431e-11	-0.0663336
3.18444e-11	-0.0664183
3.18458e-11	-0.0665029
3.18471e-11	-0.0665874
3.18485e-11	-0.0666719
3.18498e-11	-0.0667562
3.18512e-11	-0.0668405
3.18526e-11	-0.0669248
3.18539e-11	-0.0670089
3.18553e-11	-0.067093
3.18566e-11	-0.067177
3.1858e-11	-0.0672609
3.18593e-11	-0.0673448
3.18607e-11	-0.0674286
3.1862e-11	-0.0675123
3.18634e-11	-0.0675959
3.18647e-11	-0.0676794
3.18661e-11	-0.0677629
3.18674e-11	-0.0678463
3.18688e-11	-0.0679296
3.18701e-11	-0.0680129
3.18715e-11	-0.0680961
3.18728e-11	-0.0681792
3.18742e-11	-0.0682622
3.18755e-11	-0.0683452
3.18769e-11	-0.068428
3.18783e-11	-0.0685108
3.18796e-11	-0.0685936
3.1881e-11	-0.0686762
3.18823e-11	-0.0687588
3.18837e-11	-0.0688413
3.1885e-11	-0.0689237
3.18864e-11	-0.0690061
3.18877e-11	-0.0690884
3.18891e-11	-0.0691706
3.18904e-11	-0.0692527
3.18918e-11	-0.0693348
3.18931e-11	-0.0694168
3.18945e-11	-0.0694987
3.18958e-11	-0.0695805
3.18972e-11	-0.0696623
3.18985e-11	-0.0697439
3.18999e-11	-0.0698256
3.19012e-11	-0.0699071
3.19026e-11	-0.0699886
3.1904e-11	-0.0700699
3.19053e-11	-0.0701513
3.19067e-11	-0.0702325
3.1908e-11	-0.0703137
3.19094e-11	-0.0703948
3.19107e-11	-0.0704758
3.19121e-11	-0.0705567
3.19134e-11	-0.0706376
3.19148e-11	-0.0707184
3.19161e-11	-0.0707991
3.19175e-11	-0.0708798
3.19188e-11	-0.0709603
3.19202e-11	-0.0710408
3.19215e-11	-0.0711212
3.19229e-11	-0.0712016
3.19242e-11	-0.0712819
3.19256e-11	-0.0713621
3.19269e-11	-0.0714422
3.19283e-11	-0.0715223
3.19297e-11	-0.0716022
3.1931e-11	-0.0716821
3.19324e-11	-0.071762
3.19337e-11	-0.0718417
3.19351e-11	-0.0719214
3.19364e-11	-0.072001
3.19378e-11	-0.0720806
3.19391e-11	-0.07216
3.19405e-11	-0.0722394
3.19418e-11	-0.0723187
3.19432e-11	-0.072398
3.19445e-11	-0.0724771
3.19459e-11	-0.0725562
3.19472e-11	-0.0726352
3.19486e-11	-0.0727142
3.19499e-11	-0.0727931
3.19513e-11	-0.0728719
3.19526e-11	-0.0729506
3.1954e-11	-0.0730292
3.19554e-11	-0.0731078
3.19567e-11	-0.0731863
3.19581e-11	-0.0732648
3.19594e-11	-0.0733431
3.19608e-11	-0.0734214
3.19621e-11	-0.0734996
3.19635e-11	-0.0735777
3.19648e-11	-0.0736558
3.19662e-11	-0.0737338
3.19675e-11	-0.0738117
3.19689e-11	-0.0738895
3.19702e-11	-0.0739673
3.19716e-11	-0.074045
3.19729e-11	-0.0741226
3.19743e-11	-0.0742002
3.19756e-11	-0.0742777
3.1977e-11	-0.0743551
3.19783e-11	-0.0744324
3.19797e-11	-0.0745096
3.19811e-11	-0.0745868
3.19824e-11	-0.0746639
3.19838e-11	-0.074741
3.19851e-11	-0.0748179
3.19865e-11	-0.0748948
3.19878e-11	-0.0749716
3.19892e-11	-0.0750484
3.19905e-11	-0.075125
3.19919e-11	-0.0752016
3.19932e-11	-0.0752781
3.19946e-11	-0.0753546
3.19959e-11	-0.075431
3.19973e-11	-0.0755073
3.19986e-11	-0.0755835
3.2e-11	-0.0756597
3.20013e-11	-0.0757357
3.20027e-11	-0.0758118
3.2004e-11	-0.0758877
3.20054e-11	-0.0759636
3.20068e-11	-0.0760394
3.20081e-11	-0.0761151
3.20095e-11	-0.0761907
3.20108e-11	-0.0762663
3.20122e-11	-0.0763418
3.20135e-11	-0.0764172
3.20149e-11	-0.0764926
3.20162e-11	-0.0765679
3.20176e-11	-0.0766431
3.20189e-11	-0.0767182
3.20203e-11	-0.0767933
3.20216e-11	-0.0768683
3.2023e-11	-0.0769432
3.20243e-11	-0.077018
3.20257e-11	-0.0770928
3.2027e-11	-0.0771675
3.20284e-11	-0.0772421
3.20297e-11	-0.0773167
3.20311e-11	-0.0773911
3.20325e-11	-0.0774656
3.20338e-11	-0.0775399
3.20352e-11	-0.0776142
3.20365e-11	-0.0776883
3.20379e-11	-0.0777625
3.20392e-11	-0.0778365
3.20406e-11	-0.0779105
3.20419e-11	-0.0779844
3.20433e-11	-0.0780582
3.20446e-11	-0.078132
3.2046e-11	-0.0782057
3.20473e-11	-0.0782793
3.20487e-11	-0.0783528
3.205e-11	-0.0784263
3.20514e-11	-0.0784997
3.20527e-11	-0.078573
3.20541e-11	-0.0786462
3.20554e-11	-0.0787194
3.20568e-11	-0.0787925
3.20582e-11	-0.0788656
3.20595e-11	-0.0789385
3.20609e-11	-0.0790114
3.20622e-11	-0.0790842
3.20636e-11	-0.079157
3.20649e-11	-0.0792296
3.20663e-11	-0.0793022
3.20676e-11	-0.0793748
3.2069e-11	-0.0794472
3.20703e-11	-0.0795196
3.20717e-11	-0.0795919
3.2073e-11	-0.0796642
3.20744e-11	-0.0797363
3.20757e-11	-0.0798084
3.20771e-11	-0.0798804
3.20784e-11	-0.0799524
3.20798e-11	-0.0800243
3.20811e-11	-0.0800961
3.20825e-11	-0.0801678
3.20839e-11	-0.0802395
3.20852e-11	-0.0803111
3.20866e-11	-0.0803826
3.20879e-11	-0.080454
3.20893e-11	-0.0805254
3.20906e-11	-0.0805967
3.2092e-11	-0.080668
3.20933e-11	-0.0807391
3.20947e-11	-0.0808102
3.2096e-11	-0.0808812
3.20974e-11	-0.0809522
3.20987e-11	-0.081023
3.21001e-11	-0.0810938
3.21014e-11	-0.0811646
3.21028e-11	-0.0812352
3.21041e-11	-0.0813058
3.21055e-11	-0.0813763
3.21068e-11	-0.0814468
3.21082e-11	-0.0815172
3.21096e-11	-0.0815875
3.21109e-11	-0.0816577
3.21123e-11	-0.0817279
3.21136e-11	-0.0817979
3.2115e-11	-0.081868
3.21163e-11	-0.0819379
3.21177e-11	-0.0820078
3.2119e-11	-0.0820776
3.21204e-11	-0.0821473
3.21217e-11	-0.082217
3.21231e-11	-0.0822866
3.21244e-11	-0.0823561
3.21258e-11	-0.0824255
3.21271e-11	-0.0824949
3.21285e-11	-0.0825642
3.21298e-11	-0.0826334
3.21312e-11	-0.0827026
3.21325e-11	-0.0827717
3.21339e-11	-0.0828407
3.21353e-11	-0.0829096
3.21366e-11	-0.0829785
3.2138e-11	-0.0830473
3.21393e-11	-0.0831161
3.21407e-11	-0.0831847
3.2142e-11	-0.0832533
3.21434e-11	-0.0833218
3.21447e-11	-0.0833903
3.21461e-11	-0.0834587
3.21474e-11	-0.083527
3.21488e-11	-0.0835952
3.21501e-11	-0.0836634
3.21515e-11	-0.0837315
3.21528e-11	-0.0837995
3.21542e-11	-0.0838675
3.21555e-11	-0.0839353
3.21569e-11	-0.0840031
3.21582e-11	-0.0840709
3.21596e-11	-0.0841386
3.2161e-11	-0.0842062
3.21623e-11	-0.0842737
3.21637e-11	-0.0843411
3.2165e-11	-0.0844085
3.21664e-11	-0.0844759
3.21677e-11	-0.0845431
3.21691e-11	-0.0846103
3.21704e-11	-0.0846774
3.21718e-11	-0.0847444
3.21731e-11	-0.0848114
3.21745e-11	-0.0848783
3.21758e-11	-0.0849451
3.21772e-11	-0.0850118
3.21785e-11	-0.0850785
3.21799e-11	-0.0851451
3.21812e-11	-0.0852117
3.21826e-11	-0.0852782
3.21839e-11	-0.0853446
3.21853e-11	-0.0854109
3.21867e-11	-0.0854771
3.2188e-11	-0.0855433
3.21894e-11	-0.0856095
3.21907e-11	-0.0856755
3.21921e-11	-0.0857415
3.21934e-11	-0.0858074
3.21948e-11	-0.0858732
3.21961e-11	-0.085939
3.21975e-11	-0.0860047
3.21988e-11	-0.0860703
3.22002e-11	-0.0861359
3.22015e-11	-0.0862014
3.22029e-11	-0.0862668
3.22042e-11	-0.0863321
3.22056e-11	-0.0863974
3.22069e-11	-0.0864626
3.22083e-11	-0.0865277
3.22096e-11	-0.0865928
3.2211e-11	-0.0866578
3.22124e-11	-0.0867227
3.22137e-11	-0.0867876
3.22151e-11	-0.0868524
3.22164e-11	-0.0869171
3.22178e-11	-0.0869818
3.22191e-11	-0.0870463
3.22205e-11	-0.0871108
3.22218e-11	-0.0871753
3.22232e-11	-0.0872396
3.22245e-11	-0.0873039
3.22259e-11	-0.0873682
3.22272e-11	-0.0874323
3.22286e-11	-0.0874964
3.22299e-11	-0.0875604
3.22313e-11	-0.0876244
3.22326e-11	-0.0876883
3.2234e-11	-0.0877521
3.22353e-11	-0.0878158
3.22367e-11	-0.0878795
3.22381e-11	-0.0879431
3.22394e-11	-0.0880066
3.22408e-11	-0.0880701
3.22421e-11	-0.0881335
3.22435e-11	-0.0881968
3.22448e-11	-0.0882601
3.22462e-11	-0.0883233
3.22475e-11	-0.0883864
3.22489e-11	-0.0884494
3.22502e-11	-0.0885124
3.22516e-11	-0.0885753
3.22529e-11	-0.0886381
3.22543e-11	-0.0887009
3.22556e-11	-0.0887636
3.2257e-11	-0.0888262
3.22583e-11	-0.0888888
3.22597e-11	-0.0889513
3.2261e-11	-0.0890137
3.22624e-11	-0.0890761
3.22638e-11	-0.0891384
3.22651e-11	-0.0892006
3.22665e-11	-0.0892627
3.22678e-11	-0.0893248
3.22692e-11	-0.0893868
3.22705e-11	-0.0894487
3.22719e-11	-0.0895106
3.22732e-11	-0.0895724
3.22746e-11	-0.0896342
3.22759e-11	-0.0896958
3.22773e-11	-0.0897574
3.22786e-11	-0.0898189
3.228e-11	-0.0898804
3.22813e-11	-0.0899418
3.22827e-11	-0.0900031
3.2284e-11	-0.0900643
3.22854e-11	-0.0901255
3.22867e-11	-0.0901866
3.22881e-11	-0.0902477
3.22895e-11	-0.0903087
3.22908e-11	-0.0903696
3.22922e-11	-0.0904304
3.22935e-11	-0.0904912
3.22949e-11	-0.0905519
3.22962e-11	-0.0906125
3.22976e-11	-0.0906731
3.22989e-11	-0.0907336
3.23003e-11	-0.090794
3.23016e-11	-0.0908544
3.2303e-11	-0.0909146
3.23043e-11	-0.0909749
3.23057e-11	-0.091035
3.2307e-11	-0.0910951
3.23084e-11	-0.0911551
3.23097e-11	-0.0912151
3.23111e-11	-0.0912749
3.23124e-11	-0.0913348
3.23138e-11	-0.0913945
3.23152e-11	-0.0914542
3.23165e-11	-0.0915138
3.23179e-11	-0.0915733
3.23192e-11	-0.0916328
3.23206e-11	-0.0916922
3.23219e-11	-0.0917515
3.23233e-11	-0.0918108
3.23246e-11	-0.09187
3.2326e-11	-0.0919291
3.23273e-11	-0.0919882
3.23287e-11	-0.0920472
3.233e-11	-0.0921061
3.23314e-11	-0.0921649
3.23327e-11	-0.0922237
3.23341e-11	-0.0922824
3.23354e-11	-0.0923411
3.23368e-11	-0.0923997
3.23381e-11	-0.0924582
3.23395e-11	-0.0925166
3.23409e-11	-0.092575
3.23422e-11	-0.0926333
3.23436e-11	-0.0926916
3.23449e-11	-0.0927498
3.23463e-11	-0.0928079
3.23476e-11	-0.0928659
3.2349e-11	-0.0929239
3.23503e-11	-0.0929818
3.23517e-11	-0.0930396
3.2353e-11	-0.0930974
3.23544e-11	-0.0931551
3.23557e-11	-0.0932127
3.23571e-11	-0.0932703
3.23584e-11	-0.0933278
3.23598e-11	-0.0933852
3.23611e-11	-0.0934426
3.23625e-11	-0.0934999
3.23638e-11	-0.0935571
3.23652e-11	-0.0936143
3.23666e-11	-0.0936714
3.23679e-11	-0.0937284
3.23693e-11	-0.0937854
3.23706e-11	-0.0938423
3.2372e-11	-0.0938991
3.23733e-11	-0.0939558
3.23747e-11	-0.0940125
3.2376e-11	-0.0940691
3.23774e-11	-0.0941257
3.23787e-11	-0.0941822
3.23801e-11	-0.0942386
3.23814e-11	-0.094295
3.23828e-11	-0.0943513
3.23841e-11	-0.0944075
3.23855e-11	-0.0944636
3.23868e-11	-0.0945197
3.23882e-11	-0.0945757
3.23895e-11	-0.0946317
3.23909e-11	-0.0946876
3.23923e-11	-0.0947434
3.23936e-11	-0.0947991
3.2395e-11	-0.0948548
3.23963e-11	-0.0949104
3.23977e-11	-0.094966
3.2399e-11	-0.0950215
3.24004e-11	-0.0950769
3.24017e-11	-0.0951322
3.24031e-11	-0.0951875
3.24044e-11	-0.0952427
3.24058e-11	-0.0952979
3.24071e-11	-0.0953529
3.24085e-11	-0.095408
3.24098e-11	-0.0954629
3.24112e-11	-0.0955178
3.24125e-11	-0.0955726
3.24139e-11	-0.0956274
3.24152e-11	-0.095682
3.24166e-11	-0.0957367
3.2418e-11	-0.0957912
3.24193e-11	-0.0958457
3.24207e-11	-0.0959001
3.2422e-11	-0.0959544
3.24234e-11	-0.0960087
3.24247e-11	-0.0960629
3.24261e-11	-0.0961171
3.24274e-11	-0.0961712
3.24288e-11	-0.0962252
3.24301e-11	-0.0962791
3.24315e-11	-0.096333
3.24328e-11	-0.0963868
3.24342e-11	-0.0964406
3.24355e-11	-0.0964943
3.24369e-11	-0.0965479
3.24382e-11	-0.0966014
3.24396e-11	-0.0966549
3.24409e-11	-0.0967083
3.24423e-11	-0.0967617
3.24437e-11	-0.096815
3.2445e-11	-0.0968682
3.24464e-11	-0.0969214
3.24477e-11	-0.0969744
3.24491e-11	-0.0970275
3.24504e-11	-0.0970804
3.24518e-11	-0.0971333
3.24531e-11	-0.0971861
3.24545e-11	-0.0972389
3.24558e-11	-0.0972916
3.24572e-11	-0.0973442
3.24585e-11	-0.0973968
3.24599e-11	-0.0974493
3.24612e-11	-0.0975017
3.24626e-11	-0.0975541
3.24639e-11	-0.0976064
3.24653e-11	-0.0976586
3.24666e-11	-0.0977108
3.2468e-11	-0.0977629
3.24694e-11	-0.0978149
3.24707e-11	-0.0978669
3.24721e-11	-0.0979188
3.24734e-11	-0.0979706
3.24748e-11	-0.0980224
3.24761e-11	-0.0980741
3.24775e-11	-0.0981257
3.24788e-11	-0.0981773
3.24802e-11	-0.0982288
3.24815e-11	-0.0982803
3.24829e-11	-0.0983316
3.24842e-11	-0.0983829
3.24856e-11	-0.0984342
3.24869e-11	-0.0984854
3.24883e-11	-0.0985365
3.24896e-11	-0.0985875
3.2491e-11	-0.0986385
3.24924e-11	-0.0986894
3.24937e-11	-0.0987403
3.24951e-11	-0.0987911
3.24964e-11	-0.0988418
3.24978e-11	-0.0988925
3.24991e-11	-0.0989431
3.25005e-11	-0.0989936
3.25018e-11	-0.0990441
3.25032e-11	-0.0990945
3.25045e-11	-0.0991448
3.25059e-11	-0.0991951
3.25072e-11	-0.0992453
3.25086e-11	-0.0992954
3.25099e-11	-0.0993455
3.25113e-11	-0.0993955
3.25126e-11	-0.0994454
3.2514e-11	-0.0994953
3.25153e-11	-0.0995451
3.25167e-11	-0.0995949
3.25181e-11	-0.0996446
3.25194e-11	-0.0996942
3.25208e-11	-0.0997437
3.25221e-11	-0.0997932
3.25235e-11	-0.0998426
3.25248e-11	-0.099892
3.25262e-11	-0.0999413
3.25275e-11	-0.0999905
3.25289e-11	-0.10004
3.25302e-11	-0.100089
3.25316e-11	-0.100138
3.25329e-11	-0.100187
3.25343e-11	-0.100236
3.25356e-11	-0.100285
3.2537e-11	-0.100333
3.25383e-11	-0.100382
3.25397e-11	-0.100431
3.2541e-11	-0.100479
3.25424e-11	-0.100528
3.25438e-11	-0.100576
3.25451e-11	-0.100625
3.25465e-11	-0.100673
3.25478e-11	-0.100721
3.25492e-11	-0.100769
3.25505e-11	-0.100818
3.25519e-11	-0.100866
3.25532e-11	-0.100914
3.25546e-11	-0.100962
3.25559e-11	-0.101009
3.25573e-11	-0.101057
3.25586e-11	-0.101105
3.256e-11	-0.101153
3.25613e-11	-0.1012
3.25627e-11	-0.101248
3.2564e-11	-0.101295
3.25654e-11	-0.101343
3.25667e-11	-0.10139
3.25681e-11	-0.101437
3.25695e-11	-0.101485
3.25708e-11	-0.101532
3.25722e-11	-0.101579
3.25735e-11	-0.101626
3.25749e-11	-0.101673
3.25762e-11	-0.10172
3.25776e-11	-0.101767
3.25789e-11	-0.101814
3.25803e-11	-0.10186
3.25816e-11	-0.101907
3.2583e-11	-0.101954
3.25843e-11	-0.102
3.25857e-11	-0.102047
3.2587e-11	-0.102093
3.25884e-11	-0.102139
3.25897e-11	-0.102186
3.25911e-11	-0.102232
3.25924e-11	-0.102278
3.25938e-11	-0.102324
3.25952e-11	-0.10237
3.25965e-11	-0.102416
3.25979e-11	-0.102462
3.25992e-11	-0.102508
3.26006e-11	-0.102554
3.26019e-11	-0.102599
3.26033e-11	-0.102645
3.26046e-11	-0.102691
3.2606e-11	-0.102736
3.26073e-11	-0.102782
3.26087e-11	-0.102827
3.261e-11	-0.102872
3.26114e-11	-0.102917
3.26127e-11	-0.102963
3.26141e-11	-0.103008
3.26154e-11	-0.103053
3.26168e-11	-0.103098
3.26181e-11	-0.103143
3.26195e-11	-0.103188
3.26209e-11	-0.103233
3.26222e-11	-0.103277
3.26236e-11	-0.103322
3.26249e-11	-0.103367
3.26263e-11	-0.103411
3.26276e-11	-0.103456
3.2629e-11	-0.1035
3.26303e-11	-0.103545
3.26317e-11	-0.103589
3.2633e-11	-0.103633
3.26344e-11	-0.103677
3.26357e-11	-0.103722
3.26371e-11	-0.103766
3.26384e-11	-0.10381
3.26398e-11	-0.103854
3.26411e-11	-0.103897
3.26425e-11	-0.103941
3.26438e-11	-0.103985
3.26452e-11	-0.104029
3.26466e-11	-0.104072
3.26479e-11	-0.104116
3.26493e-11	-0.104159
3.26506e-11	-0.104203
3.2652e-11	-0.104246
3.26533e-11	-0.10429
3.26547e-11	-0.104333
3.2656e-11	-0.104376
3.26574e-11	-0.104419
3.26587e-11	-0.104462
3.26601e-11	-0.104505
3.26614e-11	-0.104548
3.26628e-11	-0.104591
3.26641e-11	-0.104634
3.26655e-11	-0.104677
3.26668e-11	-0.104719
3.26682e-11	-0.104762
3.26695e-11	-0.104805
3.26709e-11	-0.104847
3.26723e-11	-0.10489
3.26736e-11	-0.104932
3.2675e-11	-0.104974
3.26763e-11	-0.105016
3.26777e-11	-0.105059
3.2679e-11	-0.105101
3.26804e-11	-0.105143
3.26817e-11	-0.105185
3.26831e-11	-0.105227
3.26844e-11	-0.105269
3.26858e-11	-0.105311
3.26871e-11	-0.105352
3.26885e-11	-0.105394
3.26898e-11	-0.105436
3.26912e-11	-0.105477
3.26925e-11	-0.105519
3.26939e-11	-0.10556
3.26952e-11	-0.105602
3.26966e-11	-0.105643
3.2698e-11	-0.105684
3.26993e-11	-0.105725
3.27007e-11	-0.105767
3.2702e-11	-0.105808
3.27034e-11	-0.105849
3.27047e-11	-0.10589
3.27061e-11	-0.105931
3.27074e-11	-0.105971
3.27088e-11	-0.106012
3.27101e-11	-0.106053
3.27115e-11	-0.106094
3.27128e-11	-0.106134
3.27142e-11	-0.106175
3.27155e-11	-0.106215
3.27169e-11	-0.106256
3.27182e-11	-0.106296
3.27196e-11	-0.106336
3.27209e-11	-0.106377
3.27223e-11	-0.106417
3.27237e-11	-0.106457
3.2725e-11	-0.106497
3.27264e-11	-0.106537
3.27277e-11	-0.106577
3.27291e-11	-0.106617
3.27304e-11	-0.106656
3.27318e-11	-0.106696
3.27331e-11	-0.106736
3.27345e-11	-0.106775
3.27358e-11	-0.106815
3.27372e-11	-0.106855
3.27385e-11	-0.106894
3.27399e-11	-0.106933
3.27412e-11	-0.106973
3.27426e-11	-0.107012
3.27439e-11	-0.107051
3.27453e-11	-0.10709
3.27466e-11	-0.107129
3.2748e-11	-0.107168
3.27494e-11	-0.107207
3.27507e-11	-0.107246
3.27521e-11	-0.107285
3.27534e-11	-0.107324
3.27548e-11	-0.107363
3.27561e-11	-0.107401
3.27575e-11	-0.10744
3.27588e-11	-0.107478
3.27602e-11	-0.107517
3.27615e-11	-0.107555
3.27629e-11	-0.107593
3.27642e-11	-0.107632
3.27656e-11	-0.10767
3.27669e-11	-0.107708
3.27683e-11	-0.107746
3.27696e-11	-0.107784
3.2771e-11	-0.107822
3.27723e-11	-0.10786
3.27737e-11	-0.107898
3.27751e-11	-0.107936
3.27764e-11	-0.107974
3.27778e-11	-0.108011
3.27791e-11	-0.108049
3.27805e-11	-0.108087
3.27818e-11	-0.108124
3.27832e-11	-0.108161
3.27845e-11	-0.108199
3.27859e-11	-0.108236
3.27872e-11	-0.108273
3.27886e-11	-0.108311
3.27899e-11	-0.108348
3.27913e-11	-0.108385
3.27926e-11	-0.108422
3.2794e-11	-0.108459
3.27953e-11	-0.108496
3.27967e-11	-0.108533
3.2798e-11	-0.108569
3.27994e-11	-0.108606
3.28008e-11	-0.108643
3.28021e-11	-0.108679
3.28035e-11	-0.108716
3.28048e-11	-0.108752
3.28062e-11	-0.108789
3.28075e-11	-0.108825
3.28089e-11	-0.108862
3.28102e-11	-0.108898
3.28116e-11	-0.108934
3.28129e-11	-0.10897
3.28143e-11	-0.109006
3.28156e-11	-0.109042
3.2817e-11	-0.109078
3.28183e-11	-0.109114
3.28197e-11	-0.10915
3.2821e-11	-0.109186
3.28224e-11	-0.109221
3.28237e-11	-0.109257
3.28251e-11	-0.109293
3.28265e-11	-0.109328
3.28278e-11	-0.109364
3.28292e-11	-0.109399
3.28305e-11	-0.109434
3.28319e-11	-0.10947
3.28332e-11	-0.109505
3.28346e-11	-0.10954
3.28359e-11	-0.109575
3.28373e-11	-0.10961
3.28386e-11	-0.109645
3.284e-11	-0.10968
3.28413e-11	-0.109715
3.28427e-11	-0.10975
3.2844e-11	-0.109785
3.28454e-11	-0.10982
3.28467e-11	-0.109854
3.28481e-11	-0.109889
3.28494e-11	-0.109923
3.28508e-11	-0.109958
3.28522e-11	-0.109992
3.28535e-11	-0.110027
3.28549e-11	-0.110061
3.28562e-11	-0.110095
3.28576e-11	-0.110129
3.28589e-11	-0.110163
3.28603e-11	-0.110197
3.28616e-11	-0.110231
3.2863e-11	-0.110265
3.28643e-11	-0.110299
3.28657e-11	-0.110333
3.2867e-11	-0.110367
3.28684e-11	-0.110401
3.28697e-11	-0.110434
3.28711e-11	-0.110468
3.28724e-11	-0.110501
3.28738e-11	-0.110535
3.28751e-11	-0.110568
3.28765e-11	-0.110602
3.28779e-11	-0.110635
3.28792e-11	-0.110668
3.28806e-11	-0.110701
3.28819e-11	-0.110735
3.28833e-11	-0.110768
3.28846e-11	-0.110801
3.2886e-11	-0.110834
3.28873e-11	-0.110867
3.28887e-11	-0.110899
3.289e-11	-0.110932
3.28914e-11	-0.110965
3.28927e-11	-0.110998
3.28941e-11	-0.11103
3.28954e-11	-0.111063
3.28968e-11	-0.111095
3.28981e-11	-0.111128
3.28995e-11	-0.11116
3.29008e-11	-0.111192
3.29022e-11	-0.111225
3.29036e-11	-0.111257
3.29049e-11	-0.111289
3.29063e-11	-0.111321
3.29076e-11	-0.111353
3.2909e-11	-0.111385
3.29103e-11	-0.111417
3.29117e-11	-0.111449
3.2913e-11	-0.111481
3.29144e-11	-0.111512
3.29157e-11	-0.111544
3.29171e-11	-0.111576
3.29184e-11	-0.111607
3.29198e-11	-0.111639
3.29211e-11	-0.11167
3.29225e-11	-0.111702
3.29238e-11	-0.111733
3.29252e-11	-0.111764
3.29265e-11	-0.111796
3.29279e-11	-0.111827
3.29293e-11	-0.111858
3.29306e-11	-0.111889
3.2932e-11	-0.11192
3.29333e-11	-0.111951
3.29347e-11	-0.111982
3.2936e-11	-0.112013
3.29374e-11	-0.112043
3.29387e-11	-0.112074
3.29401e-11	-0.112105
3.29414e-11	-0.112135
3.29428e-11	-0.112166
3.29441e-11	-0.112196
3.29455e-11	-0.112227
3.29468e-11	-0.112257
3.29482e-11	-0.112288
3.29495e-11	-0.112318
3.29509e-11	-0.112348
3.29522e-11	-0.112378
3.29536e-11	-0.112408
3.2955e-11	-0.112438
3.29563e-11	-0.112468
3.29577e-11	-0.112498
3.2959e-11	-0.112528
3.29604e-11	-0.112558
3.29617e-11	-0.112588
3.29631e-11	-0.112617
3.29644e-11	-0.112647
3.29658e-11	-0.112677
3.29671e-11	-0.112706
3.29685e-11	-0.112736
3.29698e-11	-0.112765
3.29712e-11	-0.112794
3.29725e-11	-0.112824
3.29739e-11	-0.112853
3.29752e-11	-0.112882
3.29766e-11	-0.112911
3.29779e-11	-0.11294
3.29793e-11	-0.112969
3.29807e-11	-0.112998
3.2982e-11	-0.113027
3.29834e-11	-0.113056
3.29847e-11	-0.113085
3.29861e-11	-0.113114
3.29874e-11	-0.113142
3.29888e-11	-0.113171
3.29901e-11	-0.113199
3.29915e-11	-0.113228
3.29928e-11	-0.113256
3.29942e-11	-0.113285
3.29955e-11	-0.113313
3.29969e-11	-0.113341
3.29982e-11	-0.11337
3.29996e-11	-0.113398
3.30009e-11	-0.113426
3.30023e-11	-0.113454
3.30036e-11	-0.113482
3.3005e-11	-0.11351
3.30064e-11	-0.113538
3.30077e-11	-0.113566
3.30091e-11	-0.113594
3.30104e-11	-0.113621
3.30118e-11	-0.113649
3.30131e-11	-0.113677
3.30145e-11	-0.113704
3.30158e-11	-0.113732
3.30172e-11	-0.113759
3.30185e-11	-0.113787
3.30199e-11	-0.113814
3.30212e-11	-0.113841
3.30226e-11	-0.113868
3.30239e-11	-0.113896
3.30253e-11	-0.113923
3.30266e-11	-0.11395
3.3028e-11	-0.113977
3.30293e-11	-0.114004
3.30307e-11	-0.114031
3.30321e-11	-0.114058
3.30334e-11	-0.114084
3.30348e-11	-0.114111
3.30361e-11	-0.114138
3.30375e-11	-0.114164
3.30388e-11	-0.114191
3.30402e-11	-0.114217
3.30415e-11	-0.114244
3.30429e-11	-0.11427
3.30442e-11	-0.114297
3.30456e-11	-0.114323
3.30469e-11	-0.114349
3.30483e-11	-0.114375
3.30496e-11	-0.114402
3.3051e-11	-0.114428
3.30523e-11	-0.114454
3.30537e-11	-0.11448
3.3055e-11	-0.114506
3.30564e-11	-0.114531
3.30578e-11	-0.114557
3.30591e-11	-0.114583
3.30605e-11	-0.114609
3.30618e-11	-0.114634
3.30632e-11	-0.11466
3.30645e-11	-0.114685
3.30659e-11	-0.114711
3.30672e-11	-0.114736
3.30686e-11	-0.114762
3.30699e-11	-0.114787
3.30713e-11	-0.114812
3.30726e-11	-0.114837
3.3074e-11	-0.114863
3.30753e-11	-0.114888
3.30767e-11	-0.114913
3.3078e-11	-0.114938
3.30794e-11	-0.114963
3.30807e-11	-0.114988
3.30821e-11	-0.115012
3.30835e-11	-0.115037
3.30848e-11	-0.115062
3.30862e-11	-0.115087
3.30875e-11	-0.115111
3.30889e-11	-0.115136
3.30902e-11	-0.11516
3.30916e-11	-0.115185
3.30929e-11	-0.115209
3.30943e-11	-0.115233
3.30956e-11	-0.115258
3.3097e-11	-0.115282
3.30983e-11	-0.115306
3.30997e-11	-0.11533
3.3101e-11	-0.115354
3.31024e-11	-0.115378
3.31037e-11	-0.115402
3.31051e-11	-0.115426
3.31064e-11	-0.11545
3.31078e-11	-0.115474
3.31092e-11	-0.115498
3.31105e-11	-0.115521
3.31119e-11	-0.115545
3.31132e-11	-0.115569
3.31146e-11	-0.115592
3.31159e-11	-0.115616
3.31173e-11	-0.115639
3.31186e-11	-0.115662
3.312e-11	-0.115686
3.31213e-11	-0.115709
3.31227e-11	-0.115732
3.3124e-11	-0.115755
3.31254e-11	-0.115778
3.31267e-11	-0.115801
3.31281e-11	-0.115824
3.31294e-11	-0.115847
3.31308e-11	-0.11587
3.31321e-11	-0.115893
3.31335e-11	-0.115916
3.31349e-11	-0.115939
3.31362e-11	-0.115961
3.31376e-11	-0.115984
3.31389e-11	-0.116007
3.31403e-11	-0.116029
3.31416e-11	-0.116052
3.3143e-11	-0.116074
3.31443e-11	-0.116096
3.31457e-11	-0.116119
3.3147e-11	-0.116141
3.31484e-11	-0.116163
3.31497e-11	-0.116185
3.31511e-11	-0.116207
3.31524e-11	-0.116229
3.31538e-11	-0.116251
3.31551e-11	-0.116273
3.31565e-11	-0.116295
3.31578e-11	-0.116317
3.31592e-11	-0.116339
3.31606e-11	-0.116361
3.31619e-11	-0.116382
3.31633e-11	-0.116404
3.31646e-11	-0.116426
3.3166e-11	-0.116447
3.31673e-11	-0.116468
3.31687e-11	-0.11649
3.317e-11	-0.116511
3.31714e-11	-0.116533
3.31727e-11	-0.116554
3.31741e-11	-0.116575
3.31754e-11	-0.116596
3.31768e-11	-0.116617
3.31781e-11	-0.116638
3.31795e-11	-0.116659
3.31808e-11	-0.11668
3.31822e-11	-0.116701
3.31835e-11	-0.116722
3.31849e-11	-0.116743
3.31863e-11	-0.116764
3.31876e-11	-0.116784
3.3189e-11	-0.116805
3.31903e-11	-0.116825
3.31917e-11	-0.116846
3.3193e-11	-0.116866
3.31944e-11	-0.116887
3.31957e-11	-0.116907
3.31971e-11	-0.116928
3.31984e-11	-0.116948
3.31998e-11	-0.116968
3.32011e-11	-0.116988
3.32025e-11	-0.117008
3.32038e-11	-0.117028
3.32052e-11	-0.117048
3.32065e-11	-0.117068
3.32079e-11	-0.117088
3.32092e-11	-0.117108
3.32106e-11	-0.117128
3.3212e-11	-0.117148
3.32133e-11	-0.117167
3.32147e-11	-0.117187
3.3216e-11	-0.117207
3.32174e-11	-0.117226
3.32187e-11	-0.117246
3.32201e-11	-0.117265
3.32214e-11	-0.117285
3.32228e-11	-0.117304
3.32241e-11	-0.117323
3.32255e-11	-0.117342
3.32268e-11	-0.117362
3.32282e-11	-0.117381
3.32295e-11	-0.1174
3.32309e-11	-0.117419
3.32322e-11	-0.117438
3.32336e-11	-0.117457
3.32349e-11	-0.117476
3.32363e-11	-0.117495
3.32377e-11	-0.117513
3.3239e-11	-0.117532
3.32404e-11	-0.117551
3.32417e-11	-0.117569
3.32431e-11	-0.117588
3.32444e-11	-0.117606
3.32458e-11	-0.117625
3.32471e-11	-0.117643
3.32485e-11	-0.117662
3.32498e-11	-0.11768
3.32512e-11	-0.117698
3.32525e-11	-0.117717
3.32539e-11	-0.117735
3.32552e-11	-0.117753
3.32566e-11	-0.117771
3.32579e-11	-0.117789
3.32593e-11	-0.117807
3.32606e-11	-0.117825
3.3262e-11	-0.117843
3.32634e-11	-0.11786
3.32647e-11	-0.117878
3.32661e-11	-0.117896
3.32674e-11	-0.117914
3.32688e-11	-0.117931
3.32701e-11	-0.117949
3.32715e-11	-0.117966
3.32728e-11	-0.117984
3.32742e-11	-0.118001
3.32755e-11	-0.118019
3.32769e-11	-0.118036
3.32782e-11	-0.118053
3.32796e-11	-0.11807
3.32809e-11	-0.118087
3.32823e-11	-0.118105
3.32836e-11	-0.118122
3.3285e-11	-0.118139
3.32863e-11	-0.118156
3.32877e-11	-0.118173
3.32891e-11	-0.118189
3.32904e-11	-0.118206
3.32918e-11	-0.118223
3.32931e-11	-0.11824
3.32945e-11	-0.118256
3.32958e-11	-0.118273
3.32972e-11	-0.11829
3.32985e-11	-0.118306
3.32999e-11	-0.118322
3.33012e-11	-0.118339
3.33026e-11	-0.118355
3.33039e-11	-0.118372
3.33053e-11	-0.118388
3.33066e-11	-0.118404
3.3308e-11	-0.11842
3.33093e-11	-0.118436
3.33107e-11	-0.118452
3.3312e-11	-0.118468
3.33134e-11	-0.118484
3.33148e-11	-0.1185
3.33161e-11	-0.118516
3.33175e-11	-0.118532
3.33188e-11	-0.118548
3.33202e-11	-0.118563
3.33215e-11	-0.118579
3.33229e-11	-0.118595
3.33242e-11	-0.11861
3.33256e-11	-0.118626
3.33269e-11	-0.118641
3.33283e-11	-0.118657
3.33296e-11	-0.118672
3.3331e-11	-0.118687
3.33323e-11	-0.118703
3.33337e-11	-0.118718
3.3335e-11	-0.118733
3.33364e-11	-0.118748
3.33377e-11	-0.118763
3.33391e-11	-0.118778
3.33405e-11	-0.118793
3.33418e-11	-0.118808
3.33432e-11	-0.118823
3.33445e-11	-0.118838
3.33459e-11	-0.118853
3.33472e-11	-0.118868
3.33486e-11	-0.118882
3.33499e-11	-0.118897
3.33513e-11	-0.118911
3.33526e-11	-0.118926
3.3354e-11	-0.118941
3.33553e-11	-0.118955
3.33567e-11	-0.118969
3.3358e-11	-0.118984
3.33594e-11	-0.118998
3.33607e-11	-0.119012
3.33621e-11	-0.119026
3.33634e-11	-0.119041
3.33648e-11	-0.119055
3.33662e-11	-0.119069
3.33675e-11	-0.119083
3.33689e-11	-0.119097
3.33702e-11	-0.119111
3.33716e-11	-0.119125
3.33729e-11	-0.119138
3.33743e-11	-0.119152
3.33756e-11	-0.119166
3.3377e-11	-0.119179
3.33783e-11	-0.119193
3.33797e-11	-0.119207
3.3381e-11	-0.11922
3.33824e-11	-0.119234
3.33837e-11	-0.119247
3.33851e-11	-0.119261
3.33864e-11	-0.119274
3.33878e-11	-0.119287
3.33891e-11	-0.1193
3.33905e-11	-0.119314
3.33919e-11	-0.119327
3.33932e-11	-0.11934
3.33946e-11	-0.119353
3.33959e-11	-0.119366
3.33973e-11	-0.119379
3.33986e-11	-0.119392
3.34e-11	-0.119405
3.34013e-11	-0.119417
3.34027e-11	-0.11943
3.3404e-11	-0.119443
3.34054e-11	-0.119456
3.34067e-11	-0.119468
3.34081e-11	-0.119481
3.34094e-11	-0.119493
3.34108e-11	-0.119506
3.34121e-11	-0.119518
3.34135e-11	-0.11953
3.34148e-11	-0.119543
3.34162e-11	-0.119555
3.34176e-11	-0.119567
3.34189e-11	-0.11958
3.34203e-11	-0.119592
3.34216e-11	-0.119604
3.3423e-11	-0.119616
3.34243e-11	-0.119628
3.34257e-11	-0.11964
3.3427e-11	-0.119652
3.34284e-11	-0.119664
3.34297e-11	-0.119675
3.34311e-11	-0.119687
3.34324e-11	-0.119699
3.34338e-11	-0.119711
3.34351e-11	-0.119722
3.34365e-11	-0.119734
3.34378e-11	-0.119745
3.34392e-11	-0.119757
3.34405e-11	-0.119768
3.34419e-11	-0.11978
3.34433e-11	-0.119791
3.34446e-11	-0.119802
3.3446e-11	-0.119813
3.34473e-11	-0.119825
3.34487e-11	-0.119836
3.345e-11	-0.119847
3.34514e-11	-0.119858
3.34527e-11	-0.119869
3.34541e-11	-0.11988
3.34554e-11	-0.119891
3.34568e-11	-0.119902
3.34581e-11	-0.119913
3.34595e-11	-0.119923
3.34608e-11	-0.119934
3.34622e-11	-0.119945
3.34635e-11	-0.119956
3.34649e-11	-0.119966
3.34662e-11	-0.119977
3.34676e-11	-0.119987
3.3469e-11	-0.119998
3.34703e-11	-0.120008
3.34717e-11	-0.120018
3.3473e-11	-0.120029
3.34744e-11	-0.120039
3.34757e-11	-0.120049
3.34771e-11	-0.120059
3.34784e-11	-0.12007
3.34798e-11	-0.12008
3.34811e-11	-0.12009
3.34825e-11	-0.1201
3.34838e-11	-0.12011
3.34852e-11	-0.12012
3.34865e-11	-0.120129
3.34879e-11	-0.120139
3.34892e-11	-0.120149
3.34906e-11	-0.120159
3.34919e-11	-0.120168
3.34933e-11	-0.120178
3.34947e-11	-0.120188
3.3496e-11	-0.120197
3.34974e-11	-0.120207
3.34987e-11	-0.120216
3.35001e-11	-0.120225
3.35014e-11	-0.120235
3.35028e-11	-0.120244
3.35041e-11	-0.120253
3.35055e-11	-0.120263
3.35068e-11	-0.120272
3.35082e-11	-0.120281
3.35095e-11	-0.12029
3.35109e-11	-0.120299
3.35122e-11	-0.120308
3.35136e-11	-0.120317
3.35149e-11	-0.120326
3.35163e-11	-0.120335
3.35176e-11	-0.120344
3.3519e-11	-0.120352
3.35204e-11	-0.120361
3.35217e-11	-0.12037
3.35231e-11	-0.120378
3.35244e-11	-0.120387
3.35258e-11	-0.120395
3.35271e-11	-0.120404
3.35285e-11	-0.120412
3.35298e-11	-0.120421
3.35312e-11	-0.120429
3.35325e-11	-0.120438
3.35339e-11	-0.120446
3.35352e-11	-0.120454
3.35366e-11	-0.120462
3.35379e-11	-0.12047
3.35393e-11	-0.120478
3.35406e-11	-0.120486
3.3542e-11	-0.120494
3.35433e-11	-0.120502
3.35447e-11	-0.12051
3.35461e-11	-0.120518
3.35474e-11	-0.120526
3.35488e-11	-0.120534
3.35501e-11	-0.120542
3.35515e-11	-0.120549
3.35528e-11	-0.120557
3.35542e-11	-0.120564
3.35555e-11	-0.120572
3.35569e-11	-0.12058
3.35582e-11	-0.120587
3.35596e-11	-0.120594
3.35609e-11	-0.120602
3.35623e-11	-0.120609
3.35636e-11	-0.120616
3.3565e-11	-0.120624
3.35663e-11	-0.120631
3.35677e-11	-0.120638
3.3569e-11	-0.120645
3.35704e-11	-0.120652
3.35718e-11	-0.120659
3.35731e-11	-0.120666
3.35745e-11	-0.120673
3.35758e-11	-0.12068
3.35772e-11	-0.120687
3.35785e-11	-0.120694
3.35799e-11	-0.1207
3.35812e-11	-0.120707
3.35826e-11	-0.120714
3.35839e-11	-0.12072
3.35853e-11	-0.120727
3.35866e-11	-0.120734
3.3588e-11	-0.12074
3.35893e-11	-0.120746
3.35907e-11	-0.120753
3.3592e-11	-0.120759
3.35934e-11	-0.120766
3.35947e-11	-0.120772
3.35961e-11	-0.120778
3.35975e-11	-0.120784
3.35988e-11	-0.12079
3.36002e-11	-0.120797
3.36015e-11	-0.120803
3.36029e-11	-0.120809
3.36042e-11	-0.120815
3.36056e-11	-0.12082
3.36069e-11	-0.120826
3.36083e-11	-0.120832
3.36096e-11	-0.120838
3.3611e-11	-0.120844
3.36123e-11	-0.120849
3.36137e-11	-0.120855
3.3615e-11	-0.120861
3.36164e-11	-0.120866
3.36177e-11	-0.120872
3.36191e-11	-0.120877
3.36204e-11	-0.120883
3.36218e-11	-0.120888
3.36232e-11	-0.120894
3.36245e-11	-0.120899
3.36259e-11	-0.120904
3.36272e-11	-0.120909
3.36286e-11	-0.120915
3.36299e-11	-0.12092
3.36313e-11	-0.120925
3.36326e-11	-0.12093
3.3634e-11	-0.120935
3.36353e-11	-0.12094
3.36367e-11	-0.120945
3.3638e-11	-0.12095
3.36394e-11	-0.120955
3.36407e-11	-0.120959
3.36421e-11	-0.120964
3.36434e-11	-0.120969
3.36448e-11	-0.120974
3.36461e-11	-0.120978
3.36475e-11	-0.120983
3.36489e-11	-0.120987
3.36502e-11	-0.120992
3.36516e-11	-0.120996
3.36529e-11	-0.121001
3.36543e-11	-0.121005
3.36556e-11	-0.121009
3.3657e-11	-0.121014
3.36583e-11	-0.121018
3.36597e-11	-0.121022
3.3661e-11	-0.121026
3.36624e-11	-0.12103
3.36637e-11	-0.121035
3.36651e-11	-0.121039
3.36664e-11	-0.121043
3.36678e-11	-0.121047
3.36691e-11	-0.12105
3.36705e-11	-0.121054
3.36718e-11	-0.121058
3.36732e-11	-0.121062
3.36746e-11	-0.121066
3.36759e-11	-0.121069
3.36773e-11	-0.121073
3.36786e-11	-0.121077
3.368e-11	-0.12108
3.36813e-11	-0.121084
3.36827e-11	-0.121087
3.3684e-11	-0.121091
3.36854e-11	-0.121094
3.36867e-11	-0.121098
3.36881e-11	-0.121101
3.36894e-11	-0.121104
3.36908e-11	-0.121107
3.36921e-11	-0.121111
3.36935e-11	-0.121114
3.36948e-11	-0.121117
3.36962e-11	-0.12112
3.36975e-11	-0.121123
3.36989e-11	-0.121126
3.37003e-11	-0.121129
3.37016e-11	-0.121132
3.3703e-11	-0.121135
3.37043e-11	-0.121138
3.37057e-11	-0.12114
3.3707e-11	-0.121143
3.37084e-11	-0.121146
3.37097e-11	-0.121148
3.37111e-11	-0.121151
3.37124e-11	-0.121154
3.37138e-11	-0.121156
3.37151e-11	-0.121159
3.37165e-11	-0.121161
3.37178e-11	-0.121163
3.37192e-11	-0.121166
3.37205e-11	-0.121168
3.37219e-11	-0.12117
3.37232e-11	-0.121173
3.37246e-11	-0.121175
3.3726e-11	-0.121177
3.37273e-11	-0.121179
3.37287e-11	-0.121181
3.373e-11	-0.121183
3.37314e-11	-0.121185
3.37327e-11	-0.121187
3.37341e-11	-0.121189
3.37354e-11	-0.121191
3.37368e-11	-0.121193
3.37381e-11	-0.121195
3.37395e-11	-0.121197
3.37408e-11	-0.121198
3.37422e-11	-0.1212
3.37435e-11	-0.121202
3.37449e-11	-0.121203
3.37462e-11	-0.121205
3.37476e-11	-0.121206
3.37489e-11	-0.121208
3.37503e-11	-0.121209
3.37517e-11	-0.121211
3.3753e-11	-0.121212
3.37544e-11	-0.121213
3.37557e-11	-0.121214
3.37571e-11	-0.121216
3.37584e-11	-0.121217
3.37598e-11	-0.121218
3.37611e-11	-0.121219
3.37625e-11	-0.12122
3.37638e-11	-0.121221
3.37652e-11	-0.121222
3.37665e-11	-0.121223
3.37679e-11	-0.121224
3.37692e-11	-0.121225
3.37706e-11	-0.121226
3.37719e-11	-0.121227
3.37733e-11	-0.121227
3.37746e-11	-0.121228
3.3776e-11	-0.121229
3.37774e-11	-0.121229
3.37787e-11	-0.12123
3.37801e-11	-0.12123
3.37814e-11	-0.121231
3.37828e-11	-0.121231
3.37841e-11	-0.121232
3.37855e-11	-0.121232
3.37868e-11	-0.121233
3.37882e-11	-0.121233
3.37895e-11	-0.121233
3.37909e-11	-0.121233
3.37922e-11	-0.121234
3.37936e-11	-0.121234
3.37949e-11	-0.121234
3.37963e-11	-0.121234
3.37976e-11	-0.121234
3.3799e-11	-0.121234
3.38003e-11	-0.121234
3.38017e-11	-0.121234
3.38031e-11	-0.121234
3.38044e-11	-0.121234
3.38058e-11	-0.121233
3.38071e-11	-0.121233
3.38085e-11	-0.121233
3.38098e-11	-0.121232
3.38112e-11	-0.121232
3.38125e-11	-0.121232
3.38139e-11	-0.121231
3.38152e-11	-0.121231
3.38166e-11	-0.12123
3.38179e-11	-0.12123
3.38193e-11	-0.121229
3.38206e-11	-0.121228
3.3822e-11	-0.121228
3.38233e-11	-0.121227
3.38247e-11	-0.121226
3.3826e-11	-0.121226
3.38274e-11	-0.121225
3.38288e-11	-0.121224
3.38301e-11	-0.121223
3.38315e-11	-0.121222
3.38328e-11	-0.121221
3.38342e-11	-0.12122
3.38355e-11	-0.121219
3.38369e-11	-0.121218
3.38382e-11	-0.121217
3.38396e-11	-0.121215
3.38409e-11	-0.121214
3.38423e-11	-0.121213
3.38436e-11	-0.121212
3.3845e-11	-0.12121
3.38463e-11	-0.121209
3.38477e-11	-0.121208
3.3849e-11	-0.121206
3.38504e-11	-0.121205
3.38517e-11	-0.121203
3.38531e-11	-0.121202
3.38545e-11	-0.1212
3.38558e-11	-0.121198
3.38572e-11	-0.121197
3.38585e-11	-0.121195
3.38599e-11	-0.121193
3.38612e-11	-0.121191
3.38626e-11	-0.12119
3.38639e-11	-0.121188
3.38653e-11	-0.121186
3.38666e-11	-0.121184
3.3868e-11	-0.121182
3.38693e-11	-0.12118
3.38707e-11	-0.121178
3.3872e-11	-0.121176
3.38734e-11	-0.121173
3.38747e-11	-0.121171
3.38761e-11	-0.121169
3.38774e-11	-0.121167
3.38788e-11	-0.121165
3.38802e-11	-0.121162
3.38815e-11	-0.12116
3.38829e-11	-0.121157
3.38842e-11	-0.121155
3.38856e-11	-0.121152
3.38869e-11	-0.12115
3.38883e-11	-0.121147
3.38896e-11	-0.121145
3.3891e-11	-0.121142
3.38923e-11	-0.12114
3.38937e-11	-0.121137
3.3895e-11	-0.121134
3.38964e-11	-0.121131
3.38977e-11	-0.121128
3.38991e-11	-0.121126
3.39004e-11	-0.121123
3.39018e-11	-0.12112
3.39031e-11	-0.121117
3.39045e-11	-0.121114
3.39059e-11	-0.121111
3.39072e-11	-0.121108
3.39086e-11	-0.121105
3.39099e-11	-0.121101
3.39113e-11	-0.121098
3.39126e-11	-0.121095
3.3914e-11	-0.121092
3.39153e-11	-0.121088
3.39167e-11	-0.121085
3.3918e-11	-0.121082
3.39194e-11	-0.121078
3.39207e-11	-0.121075
3.39221e-11	-0.121071
3.39234e-11	-0.121068
3.39248e-11	-0.121064
3.39261e-11	-0.121061
3.39275e-11	-0.121057
3.39288e-11	-0.121053
3.39302e-11	-0.12105
3.39316e-11	-0.121046
3.39329e-11	-0.121042
3.39343e-11	-0.121038
3.39356e-11	-0.121034
3.3937e-11	-0.12103
3.39383e-11	-0.121027
3.39397e-11	-0.121023
3.3941e-11	-0.121019
3.39424e-11	-0.121015
3.39437e-11	-0.12101
3.39451e-11	-0.121006
3.39464e-11	-0.121002
3.39478e-11	-0.120998
3.39491e-11	-0.120994
3.39505e-11	-0.12099
3.39518e-11	-0.120985
3.39532e-11	-0.120981
3.39545e-11	-0.120977
3.39559e-11	-0.120972
3.39573e-11	-0.120968
3.39586e-11	-0.120963
3.396e-11	-0.120959
3.39613e-11	-0.120954
3.39627e-11	-0.12095
3.3964e-11	-0.120945
3.39654e-11	-0.12094
3.39667e-11	-0.120936
3.39681e-11	-0.120931
3.39694e-11	-0.120926
3.39708e-11	-0.120921
3.39721e-11	-0.120916
3.39735e-11	-0.120912
3.39748e-11	-0.120907
3.39762e-11	-0.120902
3.39775e-11	-0.120897
3.39789e-11	-0.120892
3.39802e-11	-0.120887
3.39816e-11	-0.120882
3.3983e-11	-0.120876
3.39843e-11	-0.120871
3.39857e-11	-0.120866
3.3987e-11	-0.120861
3.39884e-11	-0.120856
3.39897e-11	-0.12085
3.39911e-11	-0.120845
3.39924e-11	-0.120839
3.39938e-11	-0.120834
3.39951e-11	-0.120829
3.39965e-11	-0.120823
3.39978e-11	-0.120818
3.39992e-11	-0.120812
3.40005e-11	-0.120806
3.40019e-11	-0.120801
3.40032e-11	-0.120795
3.40046e-11	-0.120789
3.40059e-11	-0.120784
3.40073e-11	-0.120778
3.40087e-11	-0.120772
3.401e-11	-0.120766
3.40114e-11	-0.12076
3.40127e-11	-0.120755
3.40141e-11	-0.120749
3.40154e-11	-0.120743
3.40168e-11	-0.120737
3.40181e-11	-0.120731
3.40195e-11	-0.120724
3.40208e-11	-0.120718
3.40222e-11	-0.120712
3.40235e-11	-0.120706
3.40249e-11	-0.1207
3.40262e-11	-0.120694
3.40276e-11	-0.120687
3.40289e-11	-0.120681
3.40303e-11	-0.120675
3.40317e-11	-0.120668
3.4033e-11	-0.120662
3.40344e-11	-0.120655
3.40357e-11	-0.120649
3.40371e-11	-0.120642
3.40384e-11	-0.120636
3.40398e-11	-0.120629
3.40411e-11	-0.120622
3.40425e-11	-0.120616
3.40438e-11	-0.120609
3.40452e-11	-0.120602
3.40465e-11	-0.120595
3.40479e-11	-0.120589
3.40492e-11	-0.120582
3.40506e-11	-0.120575
3.40519e-11	-0.120568
3.40533e-11	-0.120561
3.40546e-11	-0.120554
3.4056e-11	-0.120547
3.40574e-11	-0.12054
3.40587e-11	-0.120533
3.40601e-11	-0.120526
3.40614e-11	-0.120519
3.40628e-11	-0.120511
3.40641e-11	-0.120504
3.40655e-11	-0.120497
3.40668e-11	-0.12049
3.40682e-11	-0.120482
3.40695e-11	-0.120475
3.40709e-11	-0.120468
3.40722e-11	-0.12046
3.40736e-11	-0.120453
3.40749e-11	-0.120445
3.40763e-11	-0.120438
3.40776e-11	-0.12043
3.4079e-11	-0.120422
3.40803e-11	-0.120415
3.40817e-11	-0.120407
3.40831e-11	-0.120399
3.40844e-11	-0.120392
3.40858e-11	-0.120384
3.40871e-11	-0.120376
3.40885e-11	-0.120368
3.40898e-11	-0.12036
3.40912e-11	-0.120352
3.40925e-11	-0.120345
3.40939e-11	-0.120337
3.40952e-11	-0.120329
3.40966e-11	-0.120321
3.40979e-11	-0.120312
3.40993e-11	-0.120304
3.41006e-11	-0.120296
3.4102e-11	-0.120288
3.41033e-11	-0.12028
3.41047e-11	-0.120272
3.4106e-11	-0.120263
3.41074e-11	-0.120255
3.41088e-11	-0.120247
3.41101e-11	-0.120238
3.41115e-11	-0.12023
3.41128e-11	-0.120221
3.41142e-11	-0.120213
3.41155e-11	-0.120204
3.41169e-11	-0.120196
3.41182e-11	-0.120187
3.41196e-11	-0.120179
3.41209e-11	-0.12017
3.41223e-11	-0.120161
3.41236e-11	-0.120153
3.4125e-11	-0.120144
3.41263e-11	-0.120135
3.41277e-11	-0.120126
3.4129e-11	-0.120118
3.41304e-11	-0.120109
3.41317e-11	-0.1201
3.41331e-11	-0.120091
3.41345e-11	-0.120082
3.41358e-11	-0.120073
3.41372e-11	-0.120064
3.41385e-11	-0.120055
3.41399e-11	-0.120046
3.41412e-11	-0.120037
3.41426e-11	-0.120027
3.41439e-11	-0.120018
3.41453e-11	-0.120009
3.41466e-11	-0.12
3.4148e-11	-0.11999
3.41493e-11	-0.119981
3.41507e-11	-0.119972
3.4152e-11	-0.119962
3.41534e-11	-0.119953
3.41547e-11	-0.119943
3.41561e-11	-0.119934
3.41574e-11	-0.119924
3.41588e-11	-0.119915
3.41602e-11	-0.119905
3.41615e-11	-0.119896
3.41629e-11	-0.119886
3.41642e-11	-0.119876
3.41656e-11	-0.119867
3.41669e-11	-0.119857
3.41683e-11	-0.119847
3.41696e-11	-0.119837
3.4171e-11	-0.119827
3.41723e-11	-0.119818
3.41737e-11	-0.119808
3.4175e-11	-0.119798
3.41764e-11	-0.119788
3.41777e-11	-0.119778
3.41791e-11	-0.119768
3.41804e-11	-0.119758
3.41818e-11	-0.119748
3.41831e-11	-0.119737
3.41845e-11	-0.119727
3.41859e-11	-0.119717
3.41872e-11	-0.119707
3.41886e-11	-0.119697
3.41899e-11	-0.119686
3.41913e-11	-0.119676
3.41926e-11	-0.119666
3.4194e-11	-0.119655
3.41953e-11	-0.119645
3.41967e-11	-0.119634
3.4198e-11	-0.119624
3.41994e-11	-0.119613
3.42007e-11	-0.119603
3.42021e-11	-0.119592
3.42034e-11	-0.119582
3.42048e-11	-0.119571
3.42061e-11	-0.11956
3.42075e-11	-0.11955
3.42088e-11	-0.119539
3.42102e-11	-0.119528
3.42116e-11	-0.119517
3.42129e-11	-0.119507
3.42143e-11	-0.119496
3.42156e-11	-0.119485
3.4217e-11	-0.119474
3.42183e-11	-0.119463
3.42197e-11	-0.119452
3.4221e-11	-0.119441
3.42224e-11	-0.11943
3.42237e-11	-0.119419
3.42251e-11	-0.119408
3.42264e-11	-0.119397
3.42278e-11	-0.119385
3.42291e-11	-0.119374
3.42305e-11	-0.119363
3.42318e-11	-0.119352
3.42332e-11	-0.11934
3.42345e-11	-0.119329
3.42359e-11	-0.119318
3.42373e-11	-0.119306
3.42386e-11	-0.119295
3.424e-11	-0.119284
3.42413e-11	-0.119272
3.42427e-11	-0.119261
3.4244e-11	-0.119249
3.42454e-11	-0.119237
3.42467e-11	-0.119226
3.42481e-11	-0.119214
3.42494e-11	-0.119203
3.42508e-11	-0.119191
3.42521e-11	-0.119179
3.42535e-11	-0.119167
3.42548e-11	-0.119156
3.42562e-11	-0.119144
3.42575e-11	-0.119132
3.42589e-11	-0.11912
3.42602e-11	-0.119108
3.42616e-11	-0.119096
3.4263e-11	-0.119084
3.42643e-11	-0.119072
3.42657e-11	-0.11906
3.4267e-11	-0.119048
3.42684e-11	-0.119036
3.42697e-11	-0.119024
3.42711e-11	-0.119012
3.42724e-11	-0.119
3.42738e-11	-0.118988
3.42751e-11	-0.118975
3.42765e-11	-0.118963
3.42778e-11	-0.118951
3.42792e-11	-0.118938
3.42805e-11	-0.118926
3.42819e-11	-0.118914
3.42832e-11	-0.118901
3.42846e-11	-0.118889
3.42859e-11	-0.118876
3.42873e-11	-0.118864
3.42887e-11	-0.118851
3.429e-11	-0.118839
3.42914e-11	-0.118826
3.42927e-11	-0.118814
3.42941e-11	-0.118801
3.42954e-11	-0.118788
3.42968e-11	-0.118776
3.42981e-11	-0.118763
3.42995e-11	-0.11875
3.43008e-11	-0.118737
3.43022e-11	-0.118724
3.43035e-11	-0.118712
3.43049e-11	-0.118699
3.43062e-11	-0.118686
3.43076e-11	-0.118673
3.43089e-11	-0.11866
3.43103e-11	-0.118647
3.43116e-11	-0.118634
3.4313e-11	-0.118621
3.43144e-11	-0.118608
3.43157e-11	-0.118594
3.43171e-11	-0.118581
3.43184e-11	-0.118568
3.43198e-11	-0.118555
3.43211e-11	-0.118542
3.43225e-11	-0.118528
3.43238e-11	-0.118515
3.43252e-11	-0.118502
3.43265e-11	-0.118488
3.43279e-11	-0.118475
3.43292e-11	-0.118462
3.43306e-11	-0.118448
3.43319e-11	-0.118435
3.43333e-11	-0.118421
3.43346e-11	-0.118408
3.4336e-11	-0.118394
3.43373e-11	-0.118381
3.43387e-11	-0.118367
3.43401e-11	-0.118353
3.43414e-11	-0.11834
3.43428e-11	-0.118326
3.43441e-11	-0.118312
3.43455e-11	-0.118298
3.43468e-11	-0.118285
3.43482e-11	-0.118271
3.43495e-11	-0.118257
3.43509e-11	-0.118243
3.43522e-11	-0.118229
3.43536e-11	-0.118215
3.43549e-11	-0.118201
3.43563e-11	-0.118187
3.43576e-11	-0.118173
3.4359e-11	-0.118159
3.43603e-11	-0.118145
3.43617e-11	-0.118131
3.4363e-11	-0.118117
3.43644e-11	-0.118103
3.43658e-11	-0.118089
3.43671e-11	-0.118074
3.43685e-11	-0.11806
3.43698e-11	-0.118046
3.43712e-11	-0.118032
3.43725e-11	-0.118017
3.43739e-11	-0.118003
3.43752e-11	-0.117989
3.43766e-11	-0.117974
3.43779e-11	-0.11796
3.43793e-11	-0.117945
3.43806e-11	-0.117931
3.4382e-11	-0.117916
3.43833e-11	-0.117902
3.43847e-11	-0.117887
3.4386e-11	-0.117872
3.43874e-11	-0.117858
3.43887e-11	-0.117843
3.43901e-11	-0.117828
3.43915e-11	-0.117814
3.43928e-11	-0.117799
3.43942e-11	-0.117784
3.43955e-11	-0.117769
3.43969e-11	-0.117755
3.43982e-11	-0.11774
3.43996e-11	-0.117725
3.44009e-11	-0.11771
3.44023e-11	-0.117695
3.44036e-11	-0.11768
3.4405e-11	-0.117665
3.44063e-11	-0.11765
3.44077e-11	-0.117635
3.4409e-11	-0.11762
3.44104e-11	-0.117605
3.44117e-11	-0.11759
3.44131e-11	-0.117574
3.44144e-11	-0.117559
3.44158e-11	-0.117544
3.44172e-11	-0.117529
3.44185e-11	-0.117514
3.44199e-11	-0.117498
3.44212e-11	-0.117483
3.44226e-11	-0.117468
3.44239e-11	-0.117452
3.44253e-11	-0.117437
3.44266e-11	-0.117421
3.4428e-11	-0.117406
3.44293e-11	-0.11739
3.44307e-11	-0.117375
3.4432e-11	-0.117359
3.44334e-11	-0.117344
3.44347e-11	-0.117328
3.44361e-11	-0.117313
3.44374e-11	-0.117297
3.44388e-11	-0.117281
3.44401e-11	-0.117266
3.44415e-11	-0.11725
3.44429e-11	-0.117234
3.44442e-11	-0.117218
3.44456e-11	-0.117202
3.44469e-11	-0.117187
3.44483e-11	-0.117171
3.44496e-11	-0.117155
3.4451e-11	-0.117139
3.44523e-11	-0.117123
3.44537e-11	-0.117107
3.4455e-11	-0.117091
3.44564e-11	-0.117075
3.44577e-11	-0.117059
3.44591e-11	-0.117043
3.44604e-11	-0.117027
3.44618e-11	-0.117011
3.44631e-11	-0.116995
3.44645e-11	-0.116978
3.44658e-11	-0.116962
3.44672e-11	-0.116946
3.44686e-11	-0.11693
3.44699e-11	-0.116913
3.44713e-11	-0.116897
3.44726e-11	-0.116881
3.4474e-11	-0.116864
3.44753e-11	-0.116848
3.44767e-11	-0.116832
3.4478e-11	-0.116815
3.44794e-11	-0.116799
3.44807e-11	-0.116782
3.44821e-11	-0.116766
3.44834e-11	-0.116749
3.44848e-11	-0.116732
3.44861e-11	-0.116716
3.44875e-11	-0.116699
3.44888e-11	-0.116683
3.44902e-11	-0.116666
3.44915e-11	-0.116649
3.44929e-11	-0.116632
3.44943e-11	-0.116616
3.44956e-11	-0.116599
3.4497e-11	-0.116582
3.44983e-11	-0.116565
3.44997e-11	-0.116548
3.4501e-11	-0.116532
3.45024e-11	-0.116515
3.45037e-11	-0.116498
3.45051e-11	-0.116481
3.45064e-11	-0.116464
3.45078e-11	-0.116447
3.45091e-11	-0.11643
3.45105e-11	-0.116413
3.45118e-11	-0.116396
3.45132e-11	-0.116378
3.45145e-11	-0.116361
3.45159e-11	-0.116344
3.45172e-11	-0.116327
3.45186e-11	-0.11631
3.452e-11	-0.116292
3.45213e-11	-0.116275
3.45227e-11	-0.116258
3.4524e-11	-0.116241
3.45254e-11	-0.116223
3.45267e-11	-0.116206
3.45281e-11	-0.116188
3.45294e-11	-0.116171
3.45308e-11	-0.116154
3.45321e-11	-0.116136
3.45335e-11	-0.116119
3.45348e-11	-0.116101
3.45362e-11	-0.116084
3.45375e-11	-0.116066
3.45389e-11	-0.116048
3.45402e-11	-0.116031
3.45416e-11	-0.116013
3.45429e-11	-0.115995
3.45443e-11	-0.115978
3.45457e-11	-0.11596
3.4547e-11	-0.115942
3.45484e-11	-0.115924
3.45497e-11	-0.115907
3.45511e-11	-0.115889
3.45524e-11	-0.115871
3.45538e-11	-0.115853
3.45551e-11	-0.115835
3.45565e-11	-0.115817
3.45578e-11	-0.115799
3.45592e-11	-0.115781
3.45605e-11	-0.115763
3.45619e-11	-0.115745
3.45632e-11	-0.115727
3.45646e-11	-0.115709
3.45659e-11	-0.115691
3.45673e-11	-0.115673
3.45686e-11	-0.115655
3.457e-11	-0.115637
3.45714e-11	-0.115619
3.45727e-11	-0.1156
3.45741e-11	-0.115582
3.45754e-11	-0.115564
3.45768e-11	-0.115546
3.45781e-11	-0.115527
3.45795e-11	-0.115509
3.45808e-11	-0.115491
3.45822e-11	-0.115472
3.45835e-11	-0.115454
3.45849e-11	-0.115435
3.45862e-11	-0.115417
3.45876e-11	-0.115398
3.45889e-11	-0.11538
3.45903e-11	-0.115361
3.45916e-11	-0.115343
3.4593e-11	-0.115324
3.45943e-11	-0.115306
3.45957e-11	-0.115287
3.45971e-11	-0.115268
3.45984e-11	-0.11525
3.45998e-11	-0.115231
3.46011e-11	-0.115212
3.46025e-11	-0.115194
3.46038e-11	-0.115175
3.46052e-11	-0.115156
3.46065e-11	-0.115137
3.46079e-11	-0.115118
3.46092e-11	-0.115099
3.46106e-11	-0.115081
3.46119e-11	-0.115062
3.46133e-11	-0.115043
3.46146e-11	-0.115024
3.4616e-11	-0.115005
3.46173e-11	-0.114986
3.46187e-11	-0.114967
3.462e-11	-0.114948
3.46214e-11	-0.114929
3.46228e-11	-0.114909
3.46241e-11	-0.11489
3.46255e-11	-0.114871
3.46268e-11	-0.114852
3.46282e-11	-0.114833
3.46295e-11	-0.114814
3.46309e-11	-0.114794
3.46322e-11	-0.114775
3.46336e-11	-0.114756
3.46349e-11	-0.114737
3.46363e-11	-0.114717
3.46376e-11	-0.114698
3.4639e-11	-0.114678
3.46403e-11	-0.114659
3.46417e-11	-0.11464
3.4643e-11	-0.11462
3.46444e-11	-0.114601
3.46457e-11	-0.114581
3.46471e-11	-0.114562
3.46485e-11	-0.114542
3.46498e-11	-0.114523
3.46512e-11	-0.114503
3.46525e-11	-0.114483
3.46539e-11	-0.114464
3.46552e-11	-0.114444
3.46566e-11	-0.114424
3.46579e-11	-0.114405
3.46593e-11	-0.114385
3.46606e-11	-0.114365
3.4662e-11	-0.114345
3.46633e-11	-0.114326
3.46647e-11	-0.114306
3.4666e-11	-0.114286
3.46674e-11	-0.114266
3.46687e-11	-0.114246
3.46701e-11	-0.114226
3.46714e-11	-0.114206
3.46728e-11	-0.114186
3.46742e-11	-0.114166
3.46755e-11	-0.114146
3.46769e-11	-0.114126
3.46782e-11	-0.114106
3.46796e-11	-0.114086
3.46809e-11	-0.114066
3.46823e-11	-0.114046
3.46836e-11	-0.114026
3.4685e-11	-0.114006
3.46863e-11	-0.113986
3.46877e-11	-0.113965
3.4689e-11	-0.113945
3.46904e-11	-0.113925
3.46917e-11	-0.113905
3.46931e-11	-0.113884
3.46944e-11	-0.113864
3.46958e-11	-0.113844
3.46971e-11	-0.113823
3.46985e-11	-0.113803
3.46999e-11	-0.113783
3.47012e-11	-0.113762
3.47026e-11	-0.113742
3.47039e-11	-0.113721
3.47053e-11	-0.113701
3.47066e-11	-0.11368
3.4708e-11	-0.11366
3.47093e-11	-0.113639
3.47107e-11	-0.113619
3.4712e-11	-0.113598
3.47134e-11	-0.113577
3.47147e-11	-0.113557
3.47161e-11	-0.113536
3.47174e-11	-0.113515
3.47188e-11	-0.113495
3.47201e-11	-0.113474
3.47215e-11	-0.113453
3.47228e-11	-0.113432
3.47242e-11	-0.113412
3.47256e-11	-0.113391
3.47269e-11	-0.11337
3.47283e-11	-0.113349
3.47296e-11	-0.113328
3.4731e-11	-0.113307
3.47323e-11	-0.113286
3.47337e-11	-0.113265
3.4735e-11	-0.113245
3.47364e-11	-0.113224
3.47377e-11	-0.113203
3.47391e-11	-0.113181
3.47404e-11	-0.11316
3.47418e-11	-0.113139
3.47431e-11	-0.113118
3.47445e-11	-0.113097
3.47458e-11	-0.113076
3.47472e-11	-0.113055
3.47485e-11	-0.113034
3.47499e-11	-0.113012
3.47513e-11	-0.112991
3.47526e-11	-0.11297
3.4754e-11	-0.112949
3.47553e-11	-0.112927
3.47567e-11	-0.112906
3.4758e-11	-0.112885
3.47594e-11	-0.112863
3.47607e-11	-0.112842
3.47621e-11	-0.112821
3.47634e-11	-0.112799
3.47648e-11	-0.112778
3.47661e-11	-0.112756
3.47675e-11	-0.112735
3.47688e-11	-0.112713
3.47702e-11	-0.112692
3.47715e-11	-0.11267
3.47729e-11	-0.112649
3.47742e-11	-0.112627
3.47756e-11	-0.112606
3.4777e-11	-0.112584
3.47783e-11	-0.112562
3.47797e-11	-0.112541
3.4781e-11	-0.112519
3.47824e-11	-0.112497
3.47837e-11	-0.112476
3.47851e-11	-0.112454
3.47864e-11	-0.112432
3.47878e-11	-0.11241
3.47891e-11	-0.112388
3.47905e-11	-0.112367
3.47918e-11	-0.112345
3.47932e-11	-0.112323
3.47945e-11	-0.112301
3.47959e-11	-0.112279
3.47972e-11	-0.112257
3.47986e-11	-0.112235
3.47999e-11	-0.112213
3.48013e-11	-0.112191
3.48027e-11	-0.112169
3.4804e-11	-0.112147
3.48054e-11	-0.112125
3.48067e-11	-0.112103
3.48081e-11	-0.112081
3.48094e-11	-0.112059
3.48108e-11	-0.112037
3.48121e-11	-0.112015
3.48135e-11	-0.111992
3.48148e-11	-0.11197
3.48162e-11	-0.111948
3.48175e-11	-0.111926
3.48189e-11	-0.111904
3.48202e-11	-0.111881
3.48216e-11	-0.111859
3.48229e-11	-0.111837
3.48243e-11	-0.111814
3.48256e-11	-0.111792
3.4827e-11	-0.11177
3.48284e-11	-0.111747
3.48297e-11	-0.111725
3.48311e-11	-0.111702
3.48324e-11	-0.11168
3.48338e-11	-0.111657
3.48351e-11	-0.111635
3.48365e-11	-0.111612
3.48378e-11	-0.11159
3.48392e-11	-0.111567
3.48405e-11	-0.111545
3.48419e-11	-0.111522
3.48432e-11	-0.1115
3.48446e-11	-0.111477
3.48459e-11	-0.111454
3.48473e-11	-0.111432
3.48486e-11	-0.111409
3.485e-11	-0.111386
3.48513e-11	-0.111363
3.48527e-11	-0.111341
3.48541e-11	-0.111318
3.48554e-11	-0.111295
3.48568e-11	-0.111272
3.48581e-11	-0.11125
3.48595e-11	-0.111227
3.48608e-11	-0.111204
3.48622e-11	-0.111181
3.48635e-11	-0.111158
3.48649e-11	-0.111135
3.48662e-11	-0.111112
3.48676e-11	-0.111089
3.48689e-11	-0.111066
3.48703e-11	-0.111043
3.48716e-11	-0.11102
3.4873e-11	-0.110997
3.48743e-11	-0.110974
3.48757e-11	-0.110951
3.4877e-11	-0.110928
3.48784e-11	-0.110905
3.48798e-11	-0.110882
3.48811e-11	-0.110859
3.48825e-11	-0.110835
3.48838e-11	-0.110812
3.48852e-11	-0.110789
3.48865e-11	-0.110766
3.48879e-11	-0.110742
3.48892e-11	-0.110719
3.48906e-11	-0.110696
3.48919e-11	-0.110673
3.48933e-11	-0.110649
3.48946e-11	-0.110626
3.4896e-11	-0.110603
3.48973e-11	-0.110579
3.48987e-11	-0.110556
3.49e-11	-0.110532
3.49014e-11	-0.110509
3.49027e-11	-0.110486
3.49041e-11	-0.110462
3.49055e-11	-0.110439
3.49068e-11	-0.110415
3.49082e-11	-0.110392
3.49095e-11	-0.110368
3.49109e-11	-0.110344
3.49122e-11	-0.110321
3.49136e-11	-0.110297
3.49149e-11	-0.110274
3.49163e-11	-0.11025
3.49176e-11	-0.110226
3.4919e-11	-0.110203
3.49203e-11	-0.110179
3.49217e-11	-0.110155
3.4923e-11	-0.110132
3.49244e-11	-0.110108
3.49257e-11	-0.110084
3.49271e-11	-0.11006
3.49284e-11	-0.110036
3.49298e-11	-0.110013
3.49312e-11	-0.109989
3.49325e-11	-0.109965
3.49339e-11	-0.109941
3.49352e-11	-0.109917
3.49366e-11	-0.109893
3.49379e-11	-0.109869
3.49393e-11	-0.109845
3.49406e-11	-0.109821
3.4942e-11	-0.109797
3.49433e-11	-0.109773
3.49447e-11	-0.109749
3.4946e-11	-0.109725
3.49474e-11	-0.109701
3.49487e-11	-0.109677
3.49501e-11	-0.109653
3.49514e-11	-0.109629
3.49528e-11	-0.109605
3.49541e-11	-0.109581
3.49555e-11	-0.109557
3.49569e-11	-0.109532
3.49582e-11	-0.109508
3.49596e-11	-0.109484
3.49609e-11	-0.10946
3.49623e-11	-0.109436
3.49636e-11	-0.109411
3.4965e-11	-0.109387
3.49663e-11	-0.109363
3.49677e-11	-0.109338
3.4969e-11	-0.109314
3.49704e-11	-0.10929
3.49717e-11	-0.109265
3.49731e-11	-0.109241
3.49744e-11	-0.109217
3.49758e-11	-0.109192
3.49771e-11	-0.109168
3.49785e-11	-0.109143
3.49798e-11	-0.109119
3.49812e-11	-0.109094
3.49826e-11	-0.10907
3.49839e-11	-0.109045
3.49853e-11	-0.109021
3.49866e-11	-0.108996
3.4988e-11	-0.108972
3.49893e-11	-0.108947
3.49907e-11	-0.108922
3.4992e-11	-0.108898
3.49934e-11	-0.108873
3.49947e-11	-0.108848
3.49961e-11	-0.108824
3.49974e-11	-0.108799
3.49988e-11	-0.108774
3.50001e-11	-0.10875
3.50015e-11	-0.108725
3.50028e-11	-0.1087
3.50042e-11	-0.108675
3.50055e-11	-0.108651
3.50069e-11	-0.108626
3.50083e-11	-0.108601
3.50096e-11	-0.108576
3.5011e-11	-0.108551
3.50123e-11	-0.108526
3.50137e-11	-0.108501
3.5015e-11	-0.108476
3.50164e-11	-0.108452
3.50177e-11	-0.108427
3.50191e-11	-0.108402
3.50204e-11	-0.108377
3.50218e-11	-0.108352
3.50231e-11	-0.108327
3.50245e-11	-0.108302
3.50258e-11	-0.108277
3.50272e-11	-0.108251
3.50285e-11	-0.108226
3.50299e-11	-0.108201
3.50312e-11	-0.108176
3.50326e-11	-0.108151
3.5034e-11	-0.108126
3.50353e-11	-0.108101
3.50367e-11	-0.108076
3.5038e-11	-0.10805
3.50394e-11	-0.108025
3.50407e-11	-0.108
3.50421e-11	-0.107975
3.50434e-11	-0.107949
3.50448e-11	-0.107924
3.50461e-11	-0.107899
3.50475e-11	-0.107873
3.50488e-11	-0.107848
3.50502e-11	-0.107823
3.50515e-11	-0.107797
3.50529e-11	-0.107772
3.50542e-11	-0.107747
3.50556e-11	-0.107721
3.50569e-11	-0.107696
3.50583e-11	-0.10767
3.50597e-11	-0.107645
3.5061e-11	-0.107619
3.50624e-11	-0.107594
3.50637e-11	-0.107568
3.50651e-11	-0.107543
3.50664e-11	-0.107517
3.50678e-11	-0.107492
3.50691e-11	-0.107466
3.50705e-11	-0.107441
3.50718e-11	-0.107415
3.50732e-11	-0.107389
3.50745e-11	-0.107364
3.50759e-11	-0.107338
3.50772e-11	-0.107313
3.50786e-11	-0.107287
3.50799e-11	-0.107261
3.50813e-11	-0.107235
3.50826e-11	-0.10721
3.5084e-11	-0.107184
3.50854e-11	-0.107158
3.50867e-11	-0.107132
3.50881e-11	-0.107107
3.50894e-11	-0.107081
3.50908e-11	-0.107055
3.50921e-11	-0.107029
3.50935e-11	-0.107003
3.50948e-11	-0.106978
3.50962e-11	-0.106952
3.50975e-11	-0.106926
3.50989e-11	-0.1069
3.51002e-11	-0.106874
3.51016e-11	-0.106848
3.51029e-11	-0.106822
3.51043e-11	-0.106796
3.51056e-11	-0.10677
3.5107e-11	-0.106744
3.51083e-11	-0.106718
3.51097e-11	-0.106692
3.51111e-11	-0.106666
3.51124e-11	-0.10664
3.51138e-11	-0.106614
3.51151e-11	-0.106588
3.51165e-11	-0.106562
3.51178e-11	-0.106535
3.51192e-11	-0.106509
3.51205e-11	-0.106483
3.51219e-11	-0.106457
3.51232e-11	-0.106431
3.51246e-11	-0.106405
3.51259e-11	-0.106378
3.51273e-11	-0.106352
3.51286e-11	-0.106326
3.513e-11	-0.1063
3.51313e-11	-0.106273
3.51327e-11	-0.106247
3.5134e-11	-0.106221
3.51354e-11	-0.106194
3.51368e-11	-0.106168
3.51381e-11	-0.106142
3.51395e-11	-0.106115
3.51408e-11	-0.106089
3.51422e-11	-0.106063
3.51435e-11	-0.106036
3.51449e-11	-0.10601
3.51462e-11	-0.105983
3.51476e-11	-0.105957
3.51489e-11	-0.10593
3.51503e-11	-0.105904
3.51516e-11	-0.105877
3.5153e-11	-0.105851
3.51543e-11	-0.105824
3.51557e-11	-0.105798
3.5157e-11	-0.105771
3.51584e-11	-0.105745
3.51597e-11	-0.105718
3.51611e-11	-0.105692
3.51625e-11	-0.105665
3.51638e-11	-0.105638
3.51652e-11	-0.105612
3.51665e-11	-0.105585
3.51679e-11	-0.105558
3.51692e-11	-0.105532
3.51706e-11	-0.105505
3.51719e-11	-0.105478
3.51733e-11	-0.105452
3.51746e-11	-0.105425
3.5176e-11	-0.105398
3.51773e-11	-0.105371
3.51787e-11	-0.105345
3.518e-11	-0.105318
3.51814e-11	-0.105291
3.51827e-11	-0.105264
3.51841e-11	-0.105237
3.51854e-11	-0.10521
3.51868e-11	-0.105184
3.51882e-11	-0.105157
3.51895e-11	-0.10513
3.51909e-11	-0.105103
3.51922e-11	-0.105076
3.51936e-11	-0.105049
3.51949e-11	-0.105022
3.51963e-11	-0.104995
3.51976e-11	-0.104968
3.5199e-11	-0.104941
3.52003e-11	-0.104914
3.52017e-11	-0.104887
3.5203e-11	-0.10486
3.52044e-11	-0.104833
3.52057e-11	-0.104806
3.52071e-11	-0.104779
3.52084e-11	-0.104752
3.52098e-11	-0.104725
3.52111e-11	-0.104698
3.52125e-11	-0.104671
3.52139e-11	-0.104643
3.52152e-11	-0.104616
3.52166e-11	-0.104589
3.52179e-11	-0.104562
3.52193e-11	-0.104535
3.52206e-11	-0.104507
3.5222e-11	-0.10448
3.52233e-11	-0.104453
3.52247e-11	-0.104426
3.5226e-11	-0.104398
3.52274e-11	-0.104371
3.52287e-11	-0.104344
3.52301e-11	-0.104317
3.52314e-11	-0.104289
3.52328e-11	-0.104262
3.52341e-11	-0.104235
3.52355e-11	-0.104207
3.52368e-11	-0.10418
3.52382e-11	-0.104153
3.52396e-11	-0.104125
3.52409e-11	-0.104098
3.52423e-11	-0.10407
3.52436e-11	-0.104043
3.5245e-11	-0.104015
3.52463e-11	-0.103988
3.52477e-11	-0.10396
3.5249e-11	-0.103933
3.52504e-11	-0.103905
3.52517e-11	-0.103878
3.52531e-11	-0.10385
3.52544e-11	-0.103823
3.52558e-11	-0.103795
3.52571e-11	-0.103768
3.52585e-11	-0.10374
3.52598e-11	-0.103713
3.52612e-11	-0.103685
3.52625e-11	-0.103657
3.52639e-11	-0.10363
3.52653e-11	-0.103602
3.52666e-11	-0.103574
3.5268e-11	-0.103547
3.52693e-11	-0.103519
3.52707e-11	-0.103491
3.5272e-11	-0.103464
3.52734e-11	-0.103436
3.52747e-11	-0.103408
3.52761e-11	-0.103381
3.52774e-11	-0.103353
3.52788e-11	-0.103325
3.52801e-11	-0.103297
3.52815e-11	-0.103269
3.52828e-11	-0.103242
3.52842e-11	-0.103214
3.52855e-11	-0.103186
3.52869e-11	-0.103158
3.52882e-11	-0.10313
3.52896e-11	-0.103102
3.5291e-11	-0.103075
3.52923e-11	-0.103047
3.52937e-11	-0.103019
3.5295e-11	-0.102991
3.52964e-11	-0.102963
3.52977e-11	-0.102935
3.52991e-11	-0.102907
3.53004e-11	-0.102879
3.53018e-11	-0.102851
3.53031e-11	-0.102823
3.53045e-11	-0.102795
3.53058e-11	-0.102767
3.53072e-11	-0.102739
3.53085e-11	-0.102711
3.53099e-11	-0.102683
3.53112e-11	-0.102655
3.53126e-11	-0.102627
3.53139e-11	-0.102599
3.53153e-11	-0.102571
3.53167e-11	-0.102542
3.5318e-11	-0.102514
3.53194e-11	-0.102486
3.53207e-11	-0.102458
3.53221e-11	-0.10243
3.53234e-11	-0.102402
3.53248e-11	-0.102374
3.53261e-11	-0.102345
3.53275e-11	-0.102317
3.53288e-11	-0.102289
3.53302e-11	-0.102261
3.53315e-11	-0.102232
3.53329e-11	-0.102204
3.53342e-11	-0.102176
3.53356e-11	-0.102148
3.53369e-11	-0.102119
3.53383e-11	-0.102091
3.53396e-11	-0.102063
3.5341e-11	-0.102034
3.53424e-11	-0.102006
3.53437e-11	-0.101978
3.53451e-11	-0.101949
3.53464e-11	-0.101921
3.53478e-11	-0.101893
3.53491e-11	-0.101864
3.53505e-11	-0.101836
3.53518e-11	-0.101807
3.53532e-11	-0.101779
3.53545e-11	-0.10175
3.53559e-11	-0.101722
3.53572e-11	-0.101694
3.53586e-11	-0.101665
3.53599e-11	-0.101637
3.53613e-11	-0.101608
3.53626e-11	-0.10158
3.5364e-11	-0.101551
3.53653e-11	-0.101523
3.53667e-11	-0.101494
3.53681e-11	-0.101465
3.53694e-11	-0.101437
3.53708e-11	-0.101408
3.53721e-11	-0.10138
3.53735e-11	-0.101351
3.53748e-11	-0.101322
3.53762e-11	-0.101294
3.53775e-11	-0.101265
3.53789e-11	-0.101237
3.53802e-11	-0.101208
3.53816e-11	-0.101179
3.53829e-11	-0.101151
3.53843e-11	-0.101122
3.53856e-11	-0.101093
3.5387e-11	-0.101064
3.53883e-11	-0.101036
3.53897e-11	-0.101007
3.5391e-11	-0.100978
3.53924e-11	-0.100949
3.53938e-11	-0.100921
3.53951e-11	-0.100892
3.53965e-11	-0.100863
3.53978e-11	-0.100834
3.53992e-11	-0.100806
3.54005e-11	-0.100777
3.54019e-11	-0.100748
3.54032e-11	-0.100719
3.54046e-11	-0.10069
3.54059e-11	-0.100661
3.54073e-11	-0.100632
3.54086e-11	-0.100604
3.541e-11	-0.100575
3.54113e-11	-0.100546
3.54127e-11	-0.100517
3.5414e-11	-0.100488
3.54154e-11	-0.100459
3.54167e-11	-0.10043
3.54181e-11	-0.100401
3.54195e-11	-0.100372
3.54208e-11	-0.100343
3.54222e-11	-0.100314
3.54235e-11	-0.100285
3.54249e-11	-0.100256
3.54262e-11	-0.100227
3.54276e-11	-0.100198
3.54289e-11	-0.100169
3.54303e-11	-0.10014
3.54316e-11	-0.100111
3.5433e-11	-0.100082
3.54343e-11	-0.100053
3.54357e-11	-0.100024
3.5437e-11	-0.0999945
3.54384e-11	-0.0999654
3.54397e-11	-0.0999363
3.54411e-11	-0.0999072
3.54424e-11	-0.099878
3.54438e-11	-0.0998489
3.54452e-11	-0.0998197
3.54465e-11	-0.0997905
3.54479e-11	-0.0997613
3.54492e-11	-0.0997321
3.54506e-11	-0.0997029
3.54519e-11	-0.0996737
3.54533e-11	-0.0996445
3.54546e-11	-0.0996153
3.5456e-11	-0.099586
3.54573e-11	-0.0995567
3.54587e-11	-0.0995275
3.546e-11	-0.0994982
3.54614e-11	-0.0994689
3.54627e-11	-0.0994396
3.54641e-11	-0.0994103
3.54654e-11	-0.099381
3.54668e-11	-0.0993517
3.54681e-11	-0.0993223
3.54695e-11	-0.099293
3.54709e-11	-0.0992636
3.54722e-11	-0.0992343
3.54736e-11	-0.0992049
3.54749e-11	-0.0991755
3.54763e-11	-0.0991461
3.54776e-11	-0.0991167
3.5479e-11	-0.0990873
3.54803e-11	-0.0990579
3.54817e-11	-0.0990284
3.5483e-11	-0.098999
3.54844e-11	-0.0989695
3.54857e-11	-0.0989401
3.54871e-11	-0.0989106
3.54884e-11	-0.0988811
3.54898e-11	-0.0988516
3.54911e-11	-0.0988221
3.54925e-11	-0.0987926
3.54938e-11	-0.0987631
3.54952e-11	-0.0987336
3.54966e-11	-0.098704
3.54979e-11	-0.0986745
3.54993e-11	-0.0986449
3.55006e-11	-0.0986153
3.5502e-11	-0.0985858
3.55033e-11	-0.0985562
3.55047e-11	-0.0985266
3.5506e-11	-0.098497
3.55074e-11	-0.0984674
3.55087e-11	-0.0984377
3.55101e-11	-0.0984081
3.55114e-11	-0.0983785
3.55128e-11	-0.0983488
3.55141e-11	-0.0983192
3.55155e-11	-0.0982895
3.55168e-11	-0.0982598
3.55182e-11	-0.0982301
3.55195e-11	-0.0982004
3.55209e-11	-0.0981707
3.55223e-11	-0.098141
3.55236e-11	-0.0981113
3.5525e-11	-0.0980816
3.55263e-11	-0.0980518
3.55277e-11	-0.0980221
3.5529e-11	-0.0979923
3.55304e-11	-0.0979625
3.55317e-11	-0.0979327
3.55331e-11	-0.097903
3.55344e-11	-0.0978732
3.55358e-11	-0.0978434
3.55371e-11	-0.0978135
3.55385e-11	-0.0977837
3.55398e-11	-0.0977539
3.55412e-11	-0.0977241
3.55425e-11	-0.0976942
3.55439e-11	-0.0976643
3.55452e-11	-0.0976345
3.55466e-11	-0.0976046
3.5548e-11	-0.0975747
3.55493e-11	-0.0975448
3.55507e-11	-0.0975149
3.5552e-11	-0.097485
3.55534e-11	-0.0974551
3.55547e-11	-0.0974252
3.55561e-11	-0.0973952
3.55574e-11	-0.0973653
3.55588e-11	-0.0973353
3.55601e-11	-0.0973054
3.55615e-11	-0.0972754
3.55628e-11	-0.0972454
3.55642e-11	-0.0972154
3.55655e-11	-0.0971854
3.55669e-11	-0.0971554
3.55682e-11	-0.0971254
3.55696e-11	-0.0970954
3.55709e-11	-0.0970654
3.55723e-11	-0.0970353
3.55737e-11	-0.0970053
3.5575e-11	-0.0969752
3.55764e-11	-0.0969452
3.55777e-11	-0.0969151
3.55791e-11	-0.096885
3.55804e-11	-0.0968549
3.55818e-11	-0.0968248
3.55831e-11	-0.0967947
3.55845e-11	-0.0967646
3.55858e-11	-0.0967345
3.55872e-11	-0.0967043
3.55885e-11	-0.0966742
3.55899e-11	-0.0966441
3.55912e-11	-0.0966139
3.55926e-11	-0.0965837
3.55939e-11	-0.0965536
3.55953e-11	-0.0965234
3.55967e-11	-0.0964932
3.5598e-11	-0.096463
3.55994e-11	-0.0964328
3.56007e-11	-0.0964026
3.56021e-11	-0.0963724
3.56034e-11	-0.0963421
3.56048e-11	-0.0963119
3.56061e-11	-0.0962817
3.56075e-11	-0.0962514
3.56088e-11	-0.0962212
3.56102e-11	-0.0961909
3.56115e-11	-0.0961606
3.56129e-11	-0.0961303
3.56142e-11	-0.0961
3.56156e-11	-0.0960697
3.56169e-11	-0.0960394
3.56183e-11	-0.0960091
3.56196e-11	-0.0959788
3.5621e-11	-0.0959485
3.56224e-11	-0.0959181
3.56237e-11	-0.0958878
3.56251e-11	-0.0958574
3.56264e-11	-0.0958271
3.56278e-11	-0.0957967
3.56291e-11	-0.0957663
3.56305e-11	-0.0957359
3.56318e-11	-0.0957055
3.56332e-11	-0.0956751
3.56345e-11	-0.0956447
3.56359e-11	-0.0956143
3.56372e-11	-0.0955839
3.56386e-11	-0.0955535
3.56399e-11	-0.095523
3.56413e-11	-0.0954926
3.56426e-11	-0.0954621
3.5644e-11	-0.0954317
3.56453e-11	-0.0954012
3.56467e-11	-0.0953707
3.56481e-11	-0.0953403
3.56494e-11	-0.0953098
3.56508e-11	-0.0952793
3.56521e-11	-0.0952488
3.56535e-11	-0.0952183
3.56548e-11	-0.0951877
3.56562e-11	-0.0951572
3.56575e-11	-0.0951267
3.56589e-11	-0.0950961
3.56602e-11	-0.0950656
3.56616e-11	-0.095035
3.56629e-11	-0.0950045
3.56643e-11	-0.0949739
3.56656e-11	-0.0949433
3.5667e-11	-0.0949128
3.56683e-11	-0.0948822
3.56697e-11	-0.0948516
3.5671e-11	-0.094821
3.56724e-11	-0.0947903
3.56738e-11	-0.0947597
3.56751e-11	-0.0947291
3.56765e-11	-0.0946985
3.56778e-11	-0.0946678
3.56792e-11	-0.0946372
3.56805e-11	-0.0946065
3.56819e-11	-0.0945759
3.56832e-11	-0.0945452
3.56846e-11	-0.0945145
3.56859e-11	-0.0944838
3.56873e-11	-0.0944531
3.56886e-11	-0.0944225
3.569e-11	-0.0943917
3.56913e-11	-0.094361
3.56927e-11	-0.0943303
3.5694e-11	-0.0942996
3.56954e-11	-0.0942689
3.56967e-11	-0.0942381
3.56981e-11	-0.0942074
3.56995e-11	-0.0941766
3.57008e-11	-0.0941459
3.57022e-11	-0.0941151
3.57035e-11	-0.0940843
3.57049e-11	-0.0940536
3.57062e-11	-0.0940228
3.57076e-11	-0.093992
3.57089e-11	-0.0939612
3.57103e-11	-0.0939304
3.57116e-11	-0.0938996
3.5713e-11	-0.0938688
3.57143e-11	-0.0938379
3.57157e-11	-0.0938071
3.5717e-11	-0.0937763
3.57184e-11	-0.0937454
3.57197e-11	-0.0937146
3.57211e-11	-0.0936837
3.57224e-11	-0.0936529
3.57238e-11	-0.093622
3.57252e-11	-0.0935911
3.57265e-11	-0.0935602
3.57279e-11	-0.0935294
3.57292e-11	-0.0934985
3.57306e-11	-0.0934676
3.57319e-11	-0.0934366
3.57333e-11	-0.0934057
3.57346e-11	-0.0933748
3.5736e-11	-0.0933439
3.57373e-11	-0.0933129
3.57387e-11	-0.093282
3.574e-11	-0.0932511
3.57414e-11	-0.0932201
3.57427e-11	-0.0931892
3.57441e-11	-0.0931582
3.57454e-11	-0.0931272
3.57468e-11	-0.0930962
3.57481e-11	-0.0930653
3.57495e-11	-0.0930343
3.57509e-11	-0.0930033
3.57522e-11	-0.0929723
3.57536e-11	-0.0929413
3.57549e-11	-0.0929103
3.57563e-11	-0.0928792
3.57576e-11	-0.0928482
3.5759e-11	-0.0928172
3.57603e-11	-0.0927862
3.57617e-11	-0.0927551
3.5763e-11	-0.0927241
3.57644e-11	-0.092693
3.57657e-11	-0.0926619
3.57671e-11	-0.0926309
3.57684e-11	-0.0925998
3.57698e-11	-0.0925687
3.57711e-11	-0.0925376
3.57725e-11	-0.0925066
3.57738e-11	-0.0924755
3.57752e-11	-0.0924444
3.57766e-11	-0.0924132
3.57779e-11	-0.0923821
3.57793e-11	-0.092351
3.57806e-11	-0.0923199
3.5782e-11	-0.0922888
3.57833e-11	-0.0922576
3.57847e-11	-0.0922265
3.5786e-11	-0.0921953
3.57874e-11	-0.0921642
3.57887e-11	-0.092133
3.57901e-11	-0.0921019
3.57914e-11	-0.0920707
3.57928e-11	-0.0920395
3.57941e-11	-0.0920083
3.57955e-11	-0.0919771
3.57968e-11	-0.091946
3.57982e-11	-0.0919148
3.57995e-11	-0.0918836
3.58009e-11	-0.0918523
3.58023e-11	-0.0918211
3.58036e-11	-0.0917899
3.5805e-11	-0.0917587
3.58063e-11	-0.0917275
3.58077e-11	-0.0916962
3.5809e-11	-0.091665
3.58104e-11	-0.0916337
3.58117e-11	-0.0916025
3.58131e-11	-0.0915712
3.58144e-11	-0.09154
3.58158e-11	-0.0915087
3.58171e-11	-0.0914774
3.58185e-11	-0.0914461
3.58198e-11	-0.0914149
3.58212e-11	-0.0913836
3.58225e-11	-0.0913523
3.58239e-11	-0.091321
3.58252e-11	-0.0912897
3.58266e-11	-0.0912584
3.5828e-11	-0.091227
3.58293e-11	-0.0911957
3.58307e-11	-0.0911644
3.5832e-11	-0.0911331
3.58334e-11	-0.0911017
3.58347e-11	-0.0910704
3.58361e-11	-0.091039
3.58374e-11	-0.0910077
3.58388e-11	-0.0909763
3.58401e-11	-0.090945
3.58415e-11	-0.0909136
3.58428e-11	-0.0908822
3.58442e-11	-0.0908509
3.58455e-11	-0.0908195
3.58469e-11	-0.0907881
3.58482e-11	-0.0907567
3.58496e-11	-0.0907253
3.58509e-11	-0.0906939
3.58523e-11	-0.0906625
3.58537e-11	-0.0906311
3.5855e-11	-0.0905997
3.58564e-11	-0.0905683
3.58577e-11	-0.0905368
3.58591e-11	-0.0905054
3.58604e-11	-0.090474
3.58618e-11	-0.0904425
3.58631e-11	-0.0904111
3.58645e-11	-0.0903796
3.58658e-11	-0.0903482
3.58672e-11	-0.0903167
3.58685e-11	-0.0902853
3.58699e-11	-0.0902538
3.58712e-11	-0.0902223
3.58726e-11	-0.0901909
3.58739e-11	-0.0901594
3.58753e-11	-0.0901279
3.58766e-11	-0.0900964
3.5878e-11	-0.0900649
3.58794e-11	-0.0900334
3.58807e-11	-0.0900019
3.58821e-11	-0.0899704
3.58834e-11	-0.0899389
3.58848e-11	-0.0899073
3.58861e-11	-0.0898758
3.58875e-11	-0.0898443
3.58888e-11	-0.0898128
3.58902e-11	-0.0897812
3.58915e-11	-0.0897497
3.58929e-11	-0.0897182
3.58942e-11	-0.0896866
3.58956e-11	-0.089655
3.58969e-11	-0.0896235
3.58983e-11	-0.0895919
3.58996e-11	-0.0895604
3.5901e-11	-0.0895288
3.59023e-11	-0.0894972
3.59037e-11	-0.0894656
3.59051e-11	-0.0894341
3.59064e-11	-0.0894025
3.59078e-11	-0.0893709
3.59091e-11	-0.0893393
3.59105e-11	-0.0893077
3.59118e-11	-0.0892761
3.59132e-11	-0.0892445
3.59145e-11	-0.0892129
3.59159e-11	-0.0891812
3.59172e-11	-0.0891496
3.59186e-11	-0.089118
3.59199e-11	-0.0890864
3.59213e-11	-0.0890547
3.59226e-11	-0.0890231
3.5924e-11	-0.0889915
3.59253e-11	-0.0889598
3.59267e-11	-0.0889282
3.5928e-11	-0.0888965
3.59294e-11	-0.0888649
3.59308e-11	-0.0888332
3.59321e-11	-0.0888015
3.59335e-11	-0.0887699
3.59348e-11	-0.0887382
3.59362e-11	-0.0887065
3.59375e-11	-0.0886748
3.59389e-11	-0.0886431
3.59402e-11	-0.0886115
3.59416e-11	-0.0885798
3.59429e-11	-0.0885481
3.59443e-11	-0.0885164
3.59456e-11	-0.0884847
3.5947e-11	-0.088453
3.59483e-11	-0.0884212
3.59497e-11	-0.0883895
3.5951e-11	-0.0883578
3.59524e-11	-0.0883261
3.59537e-11	-0.0882944
3.59551e-11	-0.0882626
3.59565e-11	-0.0882309
3.59578e-11	-0.0881992
3.59592e-11	-0.0881674
3.59605e-11	-0.0881357
3.59619e-11	-0.0881039
3.59632e-11	-0.0880722
3.59646e-11	-0.0880404
3.59659e-11	-0.0880087
3.59673e-11	-0.0879769
3.59686e-11	-0.0879451
3.597e-11	-0.0879134
3.59713e-11	-0.0878816
3.59727e-11	-0.0878498
3.5974e-11	-0.087818
3.59754e-11	-0.0877863
3.59767e-11	-0.0877545
3.59781e-11	-0.0877227
3.59794e-11	-0.0876909
3.59808e-11	-0.0876591
3.59822e-11	-0.0876273
3.59835e-11	-0.0875955
3.59849e-11	-0.0875637
3.59862e-11	-0.0875319
3.59876e-11	-0.0875001
3.59889e-11	-0.0874682
3.59903e-11	-0.0874364
3.59916e-11	-0.0874046
3.5993e-11	-0.0873728
3.59943e-11	-0.0873409
3.59957e-11	-0.0873091
3.5997e-11	-0.0872773
3.59984e-11	-0.0872454
3.59997e-11	-0.0872136
3.60011e-11	-0.0871817
3.60024e-11	-0.0871499
3.60038e-11	-0.087118
3.60051e-11	-0.0870862
3.60065e-11	-0.0870543
3.60079e-11	-0.0870225
3.60092e-11	-0.0869906
3.60106e-11	-0.0869587
3.60119e-11	-0.0869269
3.60133e-11	-0.086895
3.60146e-11	-0.0868631
3.6016e-11	-0.0868312
3.60173e-11	-0.0867994
3.60187e-11	-0.0867675
3.602e-11	-0.0867356
3.60214e-11	-0.0867037
3.60227e-11	-0.0866718
3.60241e-11	-0.0866399
3.60254e-11	-0.086608
3.60268e-11	-0.0865761
3.60281e-11	-0.0865442
3.60295e-11	-0.0865123
3.60308e-11	-0.0864804
3.60322e-11	-0.0864485
3.60336e-11	-0.0864165
3.60349e-11	-0.0863846
3.60363e-11	-0.0863527
3.60376e-11	-0.0863208
3.6039e-11	-0.0862888
3.60403e-11	-0.0862569
3.60417e-11	-0.086225
3.6043e-11	-0.086193
3.60444e-11	-0.0861611
3.60457e-11	-0.0861292
3.60471e-11	-0.0860972
3.60484e-11	-0.0860653
3.60498e-11	-0.0860333
3.60511e-11	-0.0860014
3.60525e-11	-0.0859694
3.60538e-11	-0.0859374
3.60552e-11	-0.0859055
3.60565e-11	-0.0858735
3.60579e-11	-0.0858416
3.60593e-11	-0.0858096
3.60606e-11	-0.0857776
3.6062e-11	-0.0857456
3.60633e-11	-0.0857137
3.60647e-11	-0.0856817
3.6066e-11	-0.0856497
3.60674e-11	-0.0856177
3.60687e-11	-0.0855857
3.60701e-11	-0.0855538
3.60714e-11	-0.0855218
3.60728e-11	-0.0854898
3.60741e-11	-0.0854578
3.60755e-11	-0.0854258
3.60768e-11	-0.0853938
3.60782e-11	-0.0853618
3.60795e-11	-0.0853298
3.60809e-11	-0.0852978
3.60822e-11	-0.0852658
3.60836e-11	-0.0852337
3.6085e-11	-0.0852017
3.60863e-11	-0.0851697
3.60877e-11	-0.0851377
3.6089e-11	-0.0851057
3.60904e-11	-0.0850737
3.60917e-11	-0.0850416
3.60931e-11	-0.0850096
3.60944e-11	-0.0849776
3.60958e-11	-0.0849455
3.60971e-11	-0.0849135
3.60985e-11	-0.0848815
3.60998e-11	-0.0848494
3.61012e-11	-0.0848174
3.61025e-11	-0.0847854
3.61039e-11	-0.0847533
3.61052e-11	-0.0847213
3.61066e-11	-0.0846892
3.61079e-11	-0.0846572
3.61093e-11	-0.0846251
3.61107e-11	-0.0845931
3.6112e-11	-0.084561
3.61134e-11	-0.084529
3.61147e-11	-0.0844969
3.61161e-11	-0.0844648
3.61174e-11	-0.0844328
3.61188e-11	-0.0844007
3.61201e-11	-0.0843686
3.61215e-11	-0.0843366
3.61228e-11	-0.0843045
3.61242e-11	-0.0842724
3.61255e-11	-0.0842403
3.61269e-11	-0.0842083
3.61282e-11	-0.0841762
3.61296e-11	-0.0841441
3.61309e-11	-0.084112
3.61323e-11	-0.08408
3.61336e-11	-0.0840479
3.6135e-11	-0.0840158
3.61364e-11	-0.0839837
3.61377e-11	-0.0839516
3.61391e-11	-0.0839195
3.61404e-11	-0.0838874
3.61418e-11	-0.0838553
3.61431e-11	-0.0838232
3.61445e-11	-0.0837911
3.61458e-11	-0.083759
3.61472e-11	-0.0837269
3.61485e-11	-0.0836948
3.61499e-11	-0.0836627
3.61512e-11	-0.0836306
3.61526e-11	-0.0835985
3.61539e-11	-0.0835664
3.61553e-11	-0.0835343
3.61566e-11	-0.0835022
3.6158e-11	-0.08347
3.61593e-11	-0.0834379
3.61607e-11	-0.0834058
3.61621e-11	-0.0833737
3.61634e-11	-0.0833416
3.61648e-11	-0.0833094
3.61661e-11	-0.0832773
3.61675e-11	-0.0832452
3.61688e-11	-0.0832131
3.61702e-11	-0.0831809
3.61715e-11	-0.0831488
3.61729e-11	-0.0831167
3.61742e-11	-0.0830846
3.61756e-11	-0.0830524
3.61769e-11	-0.0830203
3.61783e-11	-0.0829882
3.61796e-11	-0.082956
3.6181e-11	-0.0829239
3.61823e-11	-0.0828917
3.61837e-11	-0.0828596
3.6185e-11	-0.0828275
3.61864e-11	-0.0827953
3.61878e-11	-0.0827632
3.61891e-11	-0.082731
3.61905e-11	-0.0826989
3.61918e-11	-0.0826667
3.61932e-11	-0.0826346
3.61945e-11	-0.0826024
3.61959e-11	-0.0825703
3.61972e-11	-0.0825381
3.61986e-11	-0.082506
3.61999e-11	-0.0824738
3.62013e-11	-0.0824417
3.62026e-11	-0.0824095
3.6204e-11	-0.0823774
3.62053e-11	-0.0823452
3.62067e-11	-0.082313
3.6208e-11	-0.0822809
3.62094e-11	-0.0822487
3.62107e-11	-0.0822165
3.62121e-11	-0.0821844
3.62135e-11	-0.0821522
3.62148e-11	-0.0821201
3.62162e-11	-0.0820879
3.62175e-11	-0.0820557
3.62189e-11	-0.0820236
3.62202e-11	-0.0819914
3.62216e-11	-0.0819592
3.62229e-11	-0.081927
3.62243e-11	-0.0818949
3.62256e-11	-0.0818627
3.6227e-11	-0.0818305
3.62283e-11	-0.0817984
3.62297e-11	-0.0817662
3.6231e-11	-0.081734
3.62324e-11	-0.0817018
3.62337e-11	-0.0816696
3.62351e-11	-0.0816375
3.62364e-11	-0.0816053
3.62378e-11	-0.0815731
3.62392e-11	-0.0815409
3.62405e-11	-0.0815087
3.62419e-11	-0.0814766
3.62432e-11	-0.0814444
3.62446e-11	-0.0814122
3.62459e-11	-0.08138
3.62473e-11	-0.0813478
3.62486e-11	-0.0813157
3.625e-11	-0.0812835
3.62513e-11	-0.0812513
3.62527e-11	-0.0812191
3.6254e-11	-0.0811869
3.62554e-11	-0.0811547
3.62567e-11	-0.0811225
3.62581e-11	-0.0810903
3.62594e-11	-0.0810582
3.62608e-11	-0.081026
3.62621e-11	-0.0809938
3.62635e-11	-0.0809616
3.62649e-11	-0.0809294
3.62662e-11	-0.0808972
3.62676e-11	-0.080865
3.62689e-11	-0.0808328
3.62703e-11	-0.0808006
3.62716e-11	-0.0807684
3.6273e-11	-0.0807362
3.62743e-11	-0.080704
3.62757e-11	-0.0806719
3.6277e-11	-0.0806397
3.62784e-11	-0.0806075
3.62797e-11	-0.0805753
3.62811e-11	-0.0805431
3.62824e-11	-0.0805109
3.62838e-11	-0.0804787
3.62851e-11	-0.0804465
3.62865e-11	-0.0804143
3.62878e-11	-0.0803821
3.62892e-11	-0.0803499
3.62906e-11	-0.0803177
3.62919e-11	-0.0802855
3.62933e-11	-0.0802533
3.62946e-11	-0.0802211
3.6296e-11	-0.0801889
3.62973e-11	-0.0801567
3.62987e-11	-0.0801245
3.63e-11	-0.0800923
3.63014e-11	-0.0800601
3.63027e-11	-0.0800279
3.63041e-11	-0.0799957
3.63054e-11	-0.0799635
3.63068e-11	-0.0799313
3.63081e-11	-0.0798991
3.63095e-11	-0.0798669
3.63108e-11	-0.0798347
3.63122e-11	-0.0798025
3.63135e-11	-0.0797703
3.63149e-11	-0.0797381
3.63163e-11	-0.0797059
3.63176e-11	-0.0796737
3.6319e-11	-0.0796416
3.63203e-11	-0.0796093
3.63217e-11	-0.0795772
3.6323e-11	-0.079545
3.63244e-11	-0.0795128
3.63257e-11	-0.0794806
3.63271e-11	-0.0794484
3.63284e-11	-0.0794162
3.63298e-11	-0.079384
3.63311e-11	-0.0793518
3.63325e-11	-0.0793196
3.63338e-11	-0.0792874
3.63352e-11	-0.0792552
3.63365e-11	-0.079223
3.63379e-11	-0.0791908
3.63392e-11	-0.0791586
3.63406e-11	-0.0791264
3.6342e-11	-0.0790942
3.63433e-11	-0.079062
3.63447e-11	-0.0790298
3.6346e-11	-0.0789976
3.63474e-11	-0.0789654
3.63487e-11	-0.0789332
3.63501e-11	-0.078901
3.63514e-11	-0.0788688
3.63528e-11	-0.0788366
3.63541e-11	-0.0788045
3.63555e-11	-0.0787723
3.63568e-11	-0.0787401
3.63582e-11	-0.0787079
3.63595e-11	-0.0786757
3.63609e-11	-0.0786435
3.63622e-11	-0.0786113
3.63636e-11	-0.0785791
3.63649e-11	-0.0785469
3.63663e-11	-0.0785148
3.63677e-11	-0.0784826
3.6369e-11	-0.0784504
3.63704e-11	-0.0784182
3.63717e-11	-0.078386
3.63731e-11	-0.0783538
3.63744e-11	-0.0783216
3.63758e-11	-0.0782894
3.63771e-11	-0.0782573
3.63785e-11	-0.0782251
3.63798e-11	-0.0781929
3.63812e-11	-0.0781607
3.63825e-11	-0.0781285
3.63839e-11	-0.0780964
3.63852e-11	-0.0780642
3.63866e-11	-0.078032
3.63879e-11	-0.0779998
3.63893e-11	-0.0779676
3.63906e-11	-0.0779355
3.6392e-11	-0.0779033
3.63934e-11	-0.0778711
3.63947e-11	-0.0778389
3.63961e-11	-0.0778068
3.63974e-11	-0.0777746
3.63988e-11	-0.0777424
3.64001e-11	-0.0777102
3.64015e-11	-0.0776781
3.64028e-11	-0.0776459
3.64042e-11	-0.0776137
3.64055e-11	-0.0775816
3.64069e-11	-0.0775494
3.64082e-11	-0.0775172
3.64096e-11	-0.0774851
3.64109e-11	-0.0774529
3.64123e-11	-0.0774207
3.64136e-11	-0.0773886
3.6415e-11	-0.0773564
3.64163e-11	-0.0773243
3.64177e-11	-0.0772921
3.64191e-11	-0.0772599
3.64204e-11	-0.0772278
3.64218e-11	-0.0771956
3.64231e-11	-0.0771635
3.64245e-11	-0.0771313
3.64258e-11	-0.0770992
3.64272e-11	-0.077067
3.64285e-11	-0.0770348
3.64299e-11	-0.0770027
3.64312e-11	-0.0769705
3.64326e-11	-0.0769384
3.64339e-11	-0.0769062
3.64353e-11	-0.0768741
3.64366e-11	-0.076842
3.6438e-11	-0.0768098
3.64393e-11	-0.0767777
3.64407e-11	-0.0767455
3.6442e-11	-0.0767134
3.64434e-11	-0.0766812
3.64448e-11	-0.0766491
3.64461e-11	-0.076617
3.64475e-11	-0.0765848
3.64488e-11	-0.0765527
3.64502e-11	-0.0765206
3.64515e-11	-0.0764884
3.64529e-11	-0.0764563
3.64542e-11	-0.0764242
3.64556e-11	-0.076392
3.64569e-11	-0.0763599
3.64583e-11	-0.0763278
3.64596e-11	-0.0762957
3.6461e-11	-0.0762635
3.64623e-11	-0.0762314
3.64637e-11	-0.0761993
3.6465e-11	-0.0761672
3.64664e-11	-0.0761351
3.64677e-11	-0.0761029
3.64691e-11	-0.0760708
3.64705e-11	-0.0760387
3.64718e-11	-0.0760066
3.64732e-11	-0.0759745
3.64745e-11	-0.0759424
3.64759e-11	-0.0759103
3.64772e-11	-0.0758782
3.64786e-11	-0.0758461
3.64799e-11	-0.075814
3.64813e-11	-0.0757819
3.64826e-11	-0.0757498
3.6484e-11	-0.0757177
3.64853e-11	-0.0756856
3.64867e-11	-0.0756535
3.6488e-11	-0.0756214
3.64894e-11	-0.0755893
3.64907e-11	-0.0755572
3.64921e-11	-0.0755251
3.64934e-11	-0.075493
3.64948e-11	-0.0754609
3.64962e-11	-0.0754288
3.64975e-11	-0.0753968
3.64989e-11	-0.0753647
3.65002e-11	-0.0753326
3.65016e-11	-0.0753005
3.65029e-11	-0.0752684
3.65043e-11	-0.0752364
3.65056e-11	-0.0752043
3.6507e-11	-0.0751722
3.65083e-11	-0.0751401
3.65097e-11	-0.0751081
3.6511e-11	-0.075076
3.65124e-11	-0.0750439
3.65137e-11	-0.0750119
3.65151e-11	-0.0749798
3.65164e-11	-0.0749478
3.65178e-11	-0.0749157
3.65191e-11	-0.0748837
3.65205e-11	-0.0748516
3.65219e-11	-0.0748195
3.65232e-11	-0.0747875
3.65246e-11	-0.0747554
3.65259e-11	-0.0747234
3.65273e-11	-0.0746914
3.65286e-11	-0.0746593
3.653e-11	-0.0746273
3.65313e-11	-0.0745952
3.65327e-11	-0.0745632
3.6534e-11	-0.0745312
3.65354e-11	-0.0744991
3.65367e-11	-0.0744671
3.65381e-11	-0.0744351
3.65394e-11	-0.074403
3.65408e-11	-0.074371
3.65421e-11	-0.074339
3.65435e-11	-0.074307
3.65448e-11	-0.074275
3.65462e-11	-0.0742429
3.65476e-11	-0.0742109
3.65489e-11	-0.0741789
3.65503e-11	-0.0741469
3.65516e-11	-0.0741149
3.6553e-11	-0.0740829
3.65543e-11	-0.0740509
3.65557e-11	-0.0740189
3.6557e-11	-0.0739869
3.65584e-11	-0.0739549
3.65597e-11	-0.0739229
3.65611e-11	-0.0738909
3.65624e-11	-0.0738589
3.65638e-11	-0.0738269
3.65651e-11	-0.0737949
3.65665e-11	-0.0737629
3.65678e-11	-0.073731
3.65692e-11	-0.073699
3.65705e-11	-0.073667
3.65719e-11	-0.073635
3.65733e-11	-0.073603
3.65746e-11	-0.0735711
3.6576e-11	-0.0735391
3.65773e-11	-0.0735071
3.65787e-11	-0.0734752
3.658e-11	-0.0734432
3.65814e-11	-0.0734112
3.65827e-11	-0.0733793
3.65841e-11	-0.0733473
3.65854e-11	-0.0733154
3.65868e-11	-0.0732834
3.65881e-11	-0.0732515
3.65895e-11	-0.0732195
3.65908e-11	-0.0731876
3.65922e-11	-0.0731556
3.65935e-11	-0.0731237
3.65949e-11	-0.0730918
3.65962e-11	-0.0730598
3.65976e-11	-0.0730279
3.6599e-11	-0.072996
3.66003e-11	-0.0729641
3.66017e-11	-0.0729321
3.6603e-11	-0.0729002
3.66044e-11	-0.0728683
3.66057e-11	-0.0728364
3.66071e-11	-0.0728045
3.66084e-11	-0.0727725
3.66098e-11	-0.0727406
3.66111e-11	-0.0727087
3.66125e-11	-0.0726768
3.66138e-11	-0.0726449
3.66152e-11	-0.072613
3.66165e-11	-0.0725811
3.66179e-11	-0.0725492
3.66192e-11	-0.0725173
3.66206e-11	-0.0724855
3.66219e-11	-0.0724536
3.66233e-11	-0.0724217
3.66247e-11	-0.0723898
3.6626e-11	-0.0723579
3.66274e-11	-0.0723261
3.66287e-11	-0.0722942
3.66301e-11	-0.0722623
3.66314e-11	-0.0722304
3.66328e-11	-0.0721986
3.66341e-11	-0.0721667
3.66355e-11	-0.0721349
3.66368e-11	-0.072103
3.66382e-11	-0.0720711
3.66395e-11	-0.0720393
3.66409e-11	-0.0720074
3.66422e-11	-0.0719756
3.66436e-11	-0.0719438
3.66449e-11	-0.0719119
3.66463e-11	-0.0718801
3.66476e-11	-0.0718483
3.6649e-11	-0.0718164
3.66504e-11	-0.0717846
3.66517e-11	-0.0717528
3.66531e-11	-0.0717209
3.66544e-11	-0.0716891
3.66558e-11	-0.0716573
3.66571e-11	-0.0716255
3.66585e-11	-0.0715937
3.66598e-11	-0.0715619
3.66612e-11	-0.0715301
3.66625e-11	-0.0714983
3.66639e-11	-0.0714665
3.66652e-11	-0.0714347
3.66666e-11	-0.0714029
3.66679e-11	-0.0713711
3.66693e-11	-0.0713393
3.66706e-11	-0.0713075
3.6672e-11	-0.0712757
3.66733e-11	-0.071244
3.66747e-11	-0.0712122
3.66761e-11	-0.0711804
3.66774e-11	-0.0711486
3.66788e-11	-0.0711169
3.66801e-11	-0.0710851
3.66815e-11	-0.0710534
3.66828e-11	-0.0710216
3.66842e-11	-0.0709898
3.66855e-11	-0.0709581
3.66869e-11	-0.0709263
3.66882e-11	-0.0708946
3.66896e-11	-0.0708629
3.66909e-11	-0.0708311
3.66923e-11	-0.0707994
3.66936e-11	-0.0707677
3.6695e-11	-0.0707359
3.66963e-11	-0.0707042
3.66977e-11	-0.0706725
3.6699e-11	-0.0706408
3.67004e-11	-0.070609
3.67018e-11	-0.0705773
3.67031e-11	-0.0705456
3.67045e-11	-0.0705139
3.67058e-11	-0.0704822
3.67072e-11	-0.0704505
3.67085e-11	-0.0704188
3.67099e-11	-0.0703871
3.67112e-11	-0.0703554
3.67126e-11	-0.0703238
3.67139e-11	-0.0702921
3.67153e-11	-0.0702604
3.67166e-11	-0.0702287
3.6718e-11	-0.070197
3.67193e-11	-0.0701654
3.67207e-11	-0.0701337
3.6722e-11	-0.070102
3.67234e-11	-0.0700704
3.67247e-11	-0.0700387
3.67261e-11	-0.0700071
3.67275e-11	-0.0699754
3.67288e-11	-0.0699438
3.67302e-11	-0.0699121
3.67315e-11	-0.0698805
3.67329e-11	-0.0698489
3.67342e-11	-0.0698172
3.67356e-11	-0.0697856
3.67369e-11	-0.069754
3.67383e-11	-0.0697223
3.67396e-11	-0.0696907
3.6741e-11	-0.0696591
3.67423e-11	-0.0696275
3.67437e-11	-0.0695959
3.6745e-11	-0.0695643
3.67464e-11	-0.0695327
3.67477e-11	-0.0695011
3.67491e-11	-0.0694695
3.67504e-11	-0.0694379
3.67518e-11	-0.0694063
3.67532e-11	-0.0693747
3.67545e-11	-0.0693432
3.67559e-11	-0.0693116
3.67572e-11	-0.06928
3.67586e-11	-0.0692484
3.67599e-11	-0.0692169
3.67613e-11	-0.0691853
3.67626e-11	-0.0691538
3.6764e-11	-0.0691222
3.67653e-11	-0.0690907
3.67667e-11	-0.0690591
3.6768e-11	-0.0690276
3.67694e-11	-0.068996
3.67707e-11	-0.0689645
3.67721e-11	-0.068933
3.67734e-11	-0.0689014
3.67748e-11	-0.0688699
3.67761e-11	-0.0688384
3.67775e-11	-0.0688069
3.67789e-11	-0.0687754
3.67802e-11	-0.0687439
3.67816e-11	-0.0687124
3.67829e-11	-0.0686808
3.67843e-11	-0.0686494
3.67856e-11	-0.0686179
3.6787e-11	-0.0685864
3.67883e-11	-0.0685549
3.67897e-11	-0.0685234
3.6791e-11	-0.0684919
3.67924e-11	-0.0684604
3.67937e-11	-0.068429
3.67951e-11	-0.0683975
3.67964e-11	-0.068366
3.67978e-11	-0.0683346
3.67991e-11	-0.0683031
3.68005e-11	-0.0682717
3.68018e-11	-0.0682402
3.68032e-11	-0.0682088
3.68046e-11	-0.0681773
3.68059e-11	-0.0681459
3.68073e-11	-0.0681145
3.68086e-11	-0.0680831
3.681e-11	-0.0680516
3.68113e-11	-0.0680202
3.68127e-11	-0.0679888
3.6814e-11	-0.0679574
3.68154e-11	-0.067926
3.68167e-11	-0.0678946
3.68181e-11	-0.0678632
3.68194e-11	-0.0678318
3.68208e-11	-0.0678004
3.68221e-11	-0.067769
3.68235e-11	-0.0677376
3.68248e-11	-0.0677062
3.68262e-11	-0.0676749
3.68275e-11	-0.0676435
3.68289e-11	-0.0676121
3.68303e-11	-0.0675808
3.68316e-11	-0.0675494
3.6833e-11	-0.0675181
3.68343e-11	-0.0674867
3.68357e-11	-0.0674554
3.6837e-11	-0.067424
3.68384e-11	-0.0673927
3.68397e-11	-0.0673613
3.68411e-11	-0.06733
3.68424e-11	-0.0672987
3.68438e-11	-0.0672674
3.68451e-11	-0.0672361
3.68465e-11	-0.0672047
3.68478e-11	-0.0671734
3.68492e-11	-0.0671421
3.68505e-11	-0.0671108
3.68519e-11	-0.0670795
3.68532e-11	-0.0670482
3.68546e-11	-0.067017
3.6856e-11	-0.0669857
3.68573e-11	-0.0669544
3.68587e-11	-0.0669231
3.686e-11	-0.0668918
3.68614e-11	-0.0668606
3.68627e-11	-0.0668293
3.68641e-11	-0.0667981
3.68654e-11	-0.0667668
3.68668e-11	-0.0667356
3.68681e-11	-0.0667043
3.68695e-11	-0.0666731
3.68708e-11	-0.0666419
3.68722e-11	-0.0666106
3.68735e-11	-0.0665794
3.68749e-11	-0.0665482
3.68762e-11	-0.066517
3.68776e-11	-0.0664857
3.68789e-11	-0.0664545
3.68803e-11	-0.0664233
3.68817e-11	-0.0663921
3.6883e-11	-0.0663609
3.68844e-11	-0.0663297
3.68857e-11	-0.0662986
3.68871e-11	-0.0662674
3.68884e-11	-0.0662362
3.68898e-11	-0.066205
3.68911e-11	-0.0661739
3.68925e-11	-0.0661427
3.68938e-11	-0.0661115
3.68952e-11	-0.0660804
3.68965e-11	-0.0660492
3.68979e-11	-0.0660181
3.68992e-11	-0.0659869
3.69006e-11	-0.0659558
3.69019e-11	-0.0659247
3.69033e-11	-0.0658935
3.69046e-11	-0.0658624
3.6906e-11	-0.0658313
3.69074e-11	-0.0658002
3.69087e-11	-0.0657691
3.69101e-11	-0.065738
3.69114e-11	-0.0657069
3.69128e-11	-0.0656758
3.69141e-11	-0.0656447
3.69155e-11	-0.0656136
3.69168e-11	-0.0655825
3.69182e-11	-0.0655515
3.69195e-11	-0.0655204
3.69209e-11	-0.0654893
3.69222e-11	-0.0654583
3.69236e-11	-0.0654272
3.69249e-11	-0.0653961
3.69263e-11	-0.0653651
3.69276e-11	-0.0653341
3.6929e-11	-0.065303
3.69303e-11	-0.065272
3.69317e-11	-0.0652409
3.69331e-11	-0.0652099
3.69344e-11	-0.0651789
3.69358e-11	-0.0651479
3.69371e-11	-0.0651169
3.69385e-11	-0.0650859
3.69398e-11	-0.0650549
3.69412e-11	-0.0650239
3.69425e-11	-0.0649929
3.69439e-11	-0.0649619
3.69452e-11	-0.0649309
3.69466e-11	-0.0649
3.69479e-11	-0.064869
3.69493e-11	-0.064838
3.69506e-11	-0.064807
3.6952e-11	-0.0647761
3.69533e-11	-0.0647451
3.69547e-11	-0.0647142
3.6956e-11	-0.0646833
3.69574e-11	-0.0646523
3.69588e-11	-0.0646214
3.69601e-11	-0.0645905
3.69615e-11	-0.0645595
3.69628e-11	-0.0645286
3.69642e-11	-0.0644977
3.69655e-11	-0.0644668
3.69669e-11	-0.0644359
3.69682e-11	-0.064405
3.69696e-11	-0.0643741
3.69709e-11	-0.0643432
3.69723e-11	-0.0643123
3.69736e-11	-0.0642815
3.6975e-11	-0.0642506
3.69763e-11	-0.0642197
3.69777e-11	-0.0641889
3.6979e-11	-0.064158
3.69804e-11	-0.0641272
3.69817e-11	-0.0640963
3.69831e-11	-0.0640655
3.69845e-11	-0.0640346
3.69858e-11	-0.0640038
3.69872e-11	-0.063973
3.69885e-11	-0.0639421
3.69899e-11	-0.0639113
3.69912e-11	-0.0638805
3.69926e-11	-0.0638497
3.69939e-11	-0.0638189
3.69953e-11	-0.0637881
3.69966e-11	-0.0637573
3.6998e-11	-0.0637265
3.69993e-11	-0.0636958
3.70007e-11	-0.063665
3.7002e-11	-0.0636342
3.70034e-11	-0.0636034
3.70047e-11	-0.0635727
3.70061e-11	-0.0635419
3.70074e-11	-0.0635112
3.70088e-11	-0.0634804
3.70102e-11	-0.0634497
3.70115e-11	-0.063419
3.70129e-11	-0.0633882
3.70142e-11	-0.0633575
3.70156e-11	-0.0633268
3.70169e-11	-0.0632961
3.70183e-11	-0.0632654
3.70196e-11	-0.0632347
3.7021e-11	-0.063204
3.70223e-11	-0.0631733
3.70237e-11	-0.0631426
3.7025e-11	-0.0631119
3.70264e-11	-0.0630812
3.70277e-11	-0.0630506
3.70291e-11	-0.0630199
3.70304e-11	-0.0629892
3.70318e-11	-0.0629586
3.70331e-11	-0.0629279
3.70345e-11	-0.0628973
3.70359e-11	-0.0628667
3.70372e-11	-0.062836
3.70386e-11	-0.0628054
3.70399e-11	-0.0627748
3.70413e-11	-0.0627442
3.70426e-11	-0.0627136
3.7044e-11	-0.0626829
3.70453e-11	-0.0626523
3.70467e-11	-0.0626218
3.7048e-11	-0.0625912
3.70494e-11	-0.0625606
3.70507e-11	-0.06253
3.70521e-11	-0.0624994
3.70534e-11	-0.0624689
3.70548e-11	-0.0624383
3.70561e-11	-0.0624077
3.70575e-11	-0.0623772
3.70588e-11	-0.0623466
3.70602e-11	-0.0623161
3.70616e-11	-0.0622856
3.70629e-11	-0.062255
3.70643e-11	-0.0622245
3.70656e-11	-0.062194
3.7067e-11	-0.0621635
3.70683e-11	-0.062133
3.70697e-11	-0.0621025
3.7071e-11	-0.062072
3.70724e-11	-0.0620415
3.70737e-11	-0.062011
3.70751e-11	-0.0619805
3.70764e-11	-0.0619501
3.70778e-11	-0.0619196
3.70791e-11	-0.0618891
3.70805e-11	-0.0618587
3.70818e-11	-0.0618282
3.70832e-11	-0.0617978
3.70845e-11	-0.0617673
3.70859e-11	-0.0617369
3.70873e-11	-0.0617065
3.70886e-11	-0.0616761
3.709e-11	-0.0616456
3.70913e-11	-0.0616152
3.70927e-11	-0.0615848
3.7094e-11	-0.0615544
3.70954e-11	-0.061524
3.70967e-11	-0.0614936
3.70981e-11	-0.0614633
3.70994e-11	-0.0614329
3.71008e-11	-0.0614025
3.71021e-11	-0.0613721
3.71035e-11	-0.0613418
3.71048e-11	-0.0613114
3.71062e-11	-0.0612811
3.71075e-11	-0.0612507
3.71089e-11	-0.0612204
3.71102e-11	-0.0611901
3.71116e-11	-0.0611597
3.7113e-11	-0.0611294
3.71143e-11	-0.0610991
3.71157e-11	-0.0610688
3.7117e-11	-0.0610385
3.71184e-11	-0.0610082
3.71197e-11	-0.0609779
3.71211e-11	-0.0609476
3.71224e-11	-0.0609173
3.71238e-11	-0.0608871
3.71251e-11	-0.0608568
3.71265e-11	-0.0608265
3.71278e-11	-0.0607963
3.71292e-11	-0.060766
3.71305e-11	-0.0607358
3.71319e-11	-0.0607056
3.71332e-11	-0.0606753
3.71346e-11	-0.0606451
3.7136e-11	-0.0606149
3.71373e-11	-0.0605847
3.71387e-11	-0.0605545
3.714e-11	-0.0605243
3.71414e-11	-0.0604941
3.71427e-11	-0.0604639
3.71441e-11	-0.0604337
3.71454e-11	-0.0604035
3.71468e-11	-0.0603733
3.71481e-11	-0.0603432
3.71495e-11	-0.060313
3.71508e-11	-0.0602828
3.71522e-11	-0.0602527
3.71535e-11	-0.0602226
3.71549e-11	-0.0601924
3.71562e-11	-0.0601623
3.71576e-11	-0.0601322
3.71589e-11	-0.060102
3.71603e-11	-0.0600719
3.71617e-11	-0.0600418
3.7163e-11	-0.0600117
3.71644e-11	-0.0599816
3.71657e-11	-0.0599515
3.71671e-11	-0.0599215
3.71684e-11	-0.0598914
3.71698e-11	-0.0598613
3.71711e-11	-0.0598313
3.71725e-11	-0.0598012
3.71738e-11	-0.0597711
3.71752e-11	-0.0597411
3.71765e-11	-0.0597111
3.71779e-11	-0.059681
3.71792e-11	-0.059651
3.71806e-11	-0.059621
3.71819e-11	-0.059591
3.71833e-11	-0.059561
3.71846e-11	-0.0595309
3.7186e-11	-0.059501
3.71874e-11	-0.059471
3.71887e-11	-0.059441
3.71901e-11	-0.059411
3.71914e-11	-0.059381
3.71928e-11	-0.0593511
3.71941e-11	-0.0593211
3.71955e-11	-0.0592912
3.71968e-11	-0.0592612
3.71982e-11	-0.0592313
3.71995e-11	-0.0592013
3.72009e-11	-0.0591714
3.72022e-11	-0.0591415
3.72036e-11	-0.0591116
3.72049e-11	-0.0590817
3.72063e-11	-0.0590517
3.72076e-11	-0.0590218
3.7209e-11	-0.058992
3.72103e-11	-0.0589621
3.72117e-11	-0.0589322
3.72131e-11	-0.0589023
3.72144e-11	-0.0588725
3.72158e-11	-0.0588426
3.72171e-11	-0.0588127
3.72185e-11	-0.0587829
3.72198e-11	-0.0587531
3.72212e-11	-0.0587232
3.72225e-11	-0.0586934
3.72239e-11	-0.0586636
3.72252e-11	-0.0586338
3.72266e-11	-0.0586039
3.72279e-11	-0.0585741
3.72293e-11	-0.0585444
3.72306e-11	-0.0585146
3.7232e-11	-0.0584848
3.72333e-11	-0.058455
3.72347e-11	-0.0584252
3.7236e-11	-0.0583955
3.72374e-11	-0.0583657
3.72388e-11	-0.058336
3.72401e-11	-0.0583062
3.72415e-11	-0.0582765
3.72428e-11	-0.0582467
3.72442e-11	-0.058217
3.72455e-11	-0.0581873
3.72469e-11	-0.0581576
3.72482e-11	-0.0581279
3.72496e-11	-0.0580982
3.72509e-11	-0.0580685
3.72523e-11	-0.0580388
3.72536e-11	-0.0580091
3.7255e-11	-0.0579794
3.72563e-11	-0.0579498
3.72577e-11	-0.0579201
3.7259e-11	-0.0578905
3.72604e-11	-0.0578608
3.72617e-11	-0.0578312
3.72631e-11	-0.0578015
3.72645e-11	-0.0577719
3.72658e-11	-0.0577423
3.72672e-11	-0.0577127
3.72685e-11	-0.0576831
3.72699e-11	-0.0576535
3.72712e-11	-0.0576239
3.72726e-11	-0.0575943
3.72739e-11	-0.0575647
3.72753e-11	-0.0575351
3.72766e-11	-0.0575056
3.7278e-11	-0.057476
3.72793e-11	-0.0574464
3.72807e-11	-0.0574169
3.7282e-11	-0.0573873
3.72834e-11	-0.0573578
3.72847e-11	-0.0573283
3.72861e-11	-0.0572988
3.72874e-11	-0.0572692
3.72888e-11	-0.0572397
3.72902e-11	-0.0572102
3.72915e-11	-0.0571807
3.72929e-11	-0.0571512
3.72942e-11	-0.0571218
3.72956e-11	-0.0570923
3.72969e-11	-0.0570628
3.72983e-11	-0.0570333
3.72996e-11	-0.0570039
3.7301e-11	-0.0569744
3.73023e-11	-0.056945
3.73037e-11	-0.0569156
3.7305e-11	-0.0568861
3.73064e-11	-0.0568567
3.73077e-11	-0.0568273
3.73091e-11	-0.0567979
3.73104e-11	-0.0567685
3.73118e-11	-0.0567391
3.73131e-11	-0.0567097
3.73145e-11	-0.0566803
3.73159e-11	-0.0566509
3.73172e-11	-0.0566216
3.73186e-11	-0.0565922
3.73199e-11	-0.0565629
3.73213e-11	-0.0565335
3.73226e-11	-0.0565042
3.7324e-11	-0.0564748
3.73253e-11	-0.0564455
3.73267e-11	-0.0564162
3.7328e-11	-0.0563869
3.73294e-11	-0.0563576
3.73307e-11	-0.0563283
3.73321e-11	-0.056299
3.73334e-11	-0.0562697
3.73348e-11	-0.0562404
3.73361e-11	-0.0562111
3.73375e-11	-0.0561819
3.73388e-11	-0.0561526
3.73402e-11	-0.0561233
3.73416e-11	-0.0560941
3.73429e-11	-0.0560649
3.73443e-11	-0.0560356
3.73456e-11	-0.0560064
3.7347e-11	-0.0559772
3.73483e-11	-0.055948
3.73497e-11	-0.0559188
3.7351e-11	-0.0558896
3.73524e-11	-0.0558604
3.73537e-11	-0.0558312
3.73551e-11	-0.055802
3.73564e-11	-0.0557728
3.73578e-11	-0.0557437
3.73591e-11	-0.0557145
3.73605e-11	-0.0556854
3.73618e-11	-0.0556562
3.73632e-11	-0.0556271
3.73645e-11	-0.055598
3.73659e-11	-0.0555689
3.73673e-11	-0.0555397
3.73686e-11	-0.0555106
3.737e-11	-0.0554815
3.73713e-11	-0.0554524
3.73727e-11	-0.0554234
3.7374e-11	-0.0553943
3.73754e-11	-0.0553652
3.73767e-11	-0.0553361
3.73781e-11	-0.0553071
3.73794e-11	-0.055278
3.73808e-11	-0.055249
3.73821e-11	-0.0552199
3.73835e-11	-0.0551909
3.73848e-11	-0.0551619
3.73862e-11	-0.0551329
3.73875e-11	-0.0551039
3.73889e-11	-0.0550749
3.73902e-11	-0.0550459
3.73916e-11	-0.0550169
3.7393e-11	-0.0549879
3.73943e-11	-0.0549589
3.73957e-11	-0.05493
3.7397e-11	-0.054901
3.73984e-11	-0.0548721
3.73997e-11	-0.0548431
3.74011e-11	-0.0548142
3.74024e-11	-0.0547852
3.74038e-11	-0.0547563
3.74051e-11	-0.0547274
3.74065e-11	-0.0546985
3.74078e-11	-0.0546696
3.74092e-11	-0.0546407
3.74105e-11	-0.0546118
3.74119e-11	-0.0545829
3.74132e-11	-0.054554
3.74146e-11	-0.0545252
3.74159e-11	-0.0544963
3.74173e-11	-0.0544675
3.74187e-11	-0.0544386
3.742e-11	-0.0544098
3.74214e-11	-0.0543809
3.74227e-11	-0.0543521
3.74241e-11	-0.0543233
3.74254e-11	-0.0542945
3.74268e-11	-0.0542657
3.74281e-11	-0.0542369
3.74295e-11	-0.0542081
3.74308e-11	-0.0541793
3.74322e-11	-0.0541506
3.74335e-11	-0.0541218
3.74349e-11	-0.054093
3.74362e-11	-0.0540643
3.74376e-11	-0.0540355
3.74389e-11	-0.0540068
3.74403e-11	-0.0539781
3.74416e-11	-0.0539494
3.7443e-11	-0.0539206
3.74444e-11	-0.0538919
3.74457e-11	-0.0538632
3.74471e-11	-0.0538345
3.74484e-11	-0.0538059
3.74498e-11	-0.0537772
3.74511e-11	-0.0537485
3.74525e-11	-0.0537198
3.74538e-11	-0.0536912
3.74552e-11	-0.0536625
3.74565e-11	-0.0536339
3.74579e-11	-0.0536053
3.74592e-11	-0.0535766
3.74606e-11	-0.053548
3.74619e-11	-0.0535194
3.74633e-11	-0.0534908
3.74646e-11	-0.0534622
3.7466e-11	-0.0534336
3.74673e-11	-0.053405
3.74687e-11	-0.0533764
3.74701e-11	-0.0533479
3.74714e-11	-0.0533193
3.74728e-11	-0.0532908
3.74741e-11	-0.0532622
3.74755e-11	-0.0532337
3.74768e-11	-0.0532051
3.74782e-11	-0.0531766
3.74795e-11	-0.0531481
3.74809e-11	-0.0531196
3.74822e-11	-0.0530911
3.74836e-11	-0.0530626
3.74849e-11	-0.0530341
3.74863e-11	-0.0530056
3.74876e-11	-0.0529772
3.7489e-11	-0.0529487
3.74903e-11	-0.0529202
3.74917e-11	-0.0528918
3.7493e-11	-0.0528633
3.74944e-11	-0.0528349
3.74958e-11	-0.0528065
3.74971e-11	-0.0527781
3.74985e-11	-0.0527497
3.74998e-11	-0.0527212
3.75012e-11	-0.0526929
3.75025e-11	-0.0526645
3.75039e-11	-0.0526361
3.75052e-11	-0.0526077
3.75066e-11	-0.0525793
3.75079e-11	-0.052551
3.75093e-11	-0.0525226
3.75106e-11	-0.0524943
3.7512e-11	-0.0524659
3.75133e-11	-0.0524376
3.75147e-11	-0.0524093
3.7516e-11	-0.052381
3.75174e-11	-0.0523527
3.75187e-11	-0.0523244
3.75201e-11	-0.0522961
3.75215e-11	-0.0522678
3.75228e-11	-0.0522395
3.75242e-11	-0.0522112
3.75255e-11	-0.052183
3.75269e-11	-0.0521547
3.75282e-11	-0.0521265
3.75296e-11	-0.0520982
3.75309e-11	-0.05207
3.75323e-11	-0.0520418
3.75336e-11	-0.0520136
3.7535e-11	-0.0519854
3.75363e-11	-0.0519572
3.75377e-11	-0.051929
3.7539e-11	-0.0519008
3.75404e-11	-0.0518726
3.75417e-11	-0.0518444
3.75431e-11	-0.0518163
3.75444e-11	-0.0517881
3.75458e-11	-0.05176
3.75472e-11	-0.0517318
3.75485e-11	-0.0517037
3.75499e-11	-0.0516756
3.75512e-11	-0.0516475
3.75526e-11	-0.0516193
3.75539e-11	-0.0515912
3.75553e-11	-0.0515632
3.75566e-11	-0.0515351
3.7558e-11	-0.051507
3.75593e-11	-0.0514789
3.75607e-11	-0.0514509
3.7562e-11	-0.0514228
3.75634e-11	-0.0513947
3.75647e-11	-0.0513667
3.75661e-11	-0.0513387
3.75674e-11	-0.0513107
3.75688e-11	-0.0512826
3.75701e-11	-0.0512546
3.75715e-11	-0.0512266
3.75729e-11	-0.0511986
3.75742e-11	-0.0511706
3.75756e-11	-0.0511427
3.75769e-11	-0.0511147
3.75783e-11	-0.0510867
3.75796e-11	-0.0510588
3.7581e-11	-0.0510308
3.75823e-11	-0.0510029
3.75837e-11	-0.050975
3.7585e-11	-0.050947
3.75864e-11	-0.0509191
3.75877e-11	-0.0508912
3.75891e-11	-0.0508633
3.75904e-11	-0.0508354
3.75918e-11	-0.0508075
3.75931e-11	-0.0507797
3.75945e-11	-0.0507518
3.75958e-11	-0.0507239
3.75972e-11	-0.0506961
3.75986e-11	-0.0506682
3.75999e-11	-0.0506404
3.76013e-11	-0.0506126
3.76026e-11	-0.0505847
3.7604e-11	-0.0505569
3.76053e-11	-0.0505291
3.76067e-11	-0.0505013
3.7608e-11	-0.0504735
3.76094e-11	-0.0504457
3.76107e-11	-0.050418
3.76121e-11	-0.0503902
3.76134e-11	-0.0503624
3.76148e-11	-0.0503347
3.76161e-11	-0.0503069
3.76175e-11	-0.0502792
3.76188e-11	-0.0502515
3.76202e-11	-0.0502238
3.76215e-11	-0.050196
3.76229e-11	-0.0501683
3.76243e-11	-0.0501406
3.76256e-11	-0.0501129
3.7627e-11	-0.0500853
3.76283e-11	-0.0500576
3.76297e-11	-0.0500299
3.7631e-11	-0.0500023
3.76324e-11	-0.0499746
3.76337e-11	-0.049947
3.76351e-11	-0.0499193
3.76364e-11	-0.0498917
3.76378e-11	-0.0498641
3.76391e-11	-0.0498365
3.76405e-11	-0.0498089
3.76418e-11	-0.0497813
3.76432e-11	-0.0497537
3.76445e-11	-0.0497261
3.76459e-11	-0.0496986
3.76472e-11	-0.049671
3.76486e-11	-0.0496434
3.765e-11	-0.0496159
3.76513e-11	-0.0495884
3.76527e-11	-0.0495608
3.7654e-11	-0.0495333
3.76554e-11	-0.0495058
3.76567e-11	-0.0494783
3.76581e-11	-0.0494508
3.76594e-11	-0.0494233
3.76608e-11	-0.0493958
3.76621e-11	-0.0493684
3.76635e-11	-0.0493409
3.76648e-11	-0.0493134
3.76662e-11	-0.049286
3.76675e-11	-0.0492585
3.76689e-11	-0.0492311
3.76702e-11	-0.0492037
3.76716e-11	-0.0491763
3.76729e-11	-0.0491488
3.76743e-11	-0.0491214
3.76757e-11	-0.0490941
3.7677e-11	-0.0490667
3.76784e-11	-0.0490393
3.76797e-11	-0.0490119
3.76811e-11	-0.0489846
3.76824e-11	-0.0489572
3.76838e-11	-0.0489299
3.76851e-11	-0.0489025
3.76865e-11	-0.0488752
3.76878e-11	-0.0488479
3.76892e-11	-0.0488206
3.76905e-11	-0.0487933
3.76919e-11	-0.048766
3.76932e-11	-0.0487387
3.76946e-11	-0.0487114
3.76959e-11	-0.0486841
3.76973e-11	-0.0486568
3.76986e-11	-0.0486296
3.77e-11	-0.0486023
3.77014e-11	-0.0485751
3.77027e-11	-0.0485479
3.77041e-11	-0.0485206
3.77054e-11	-0.0484934
3.77068e-11	-0.0484662
3.77081e-11	-0.048439
3.77095e-11	-0.0484118
3.77108e-11	-0.0483847
3.77122e-11	-0.0483575
3.77135e-11	-0.0483303
3.77149e-11	-0.0483031
3.77162e-11	-0.048276
3.77176e-11	-0.0482489
3.77189e-11	-0.0482217
3.77203e-11	-0.0481946
3.77216e-11	-0.0481675
3.7723e-11	-0.0481404
3.77243e-11	-0.0481133
3.77257e-11	-0.0480862
3.77271e-11	-0.0480591
3.77284e-11	-0.048032
3.77298e-11	-0.0480049
3.77311e-11	-0.0479779
3.77325e-11	-0.0479508
3.77338e-11	-0.0479238
3.77352e-11	-0.0478968
3.77365e-11	-0.0478697
3.77379e-11	-0.0478427
3.77392e-11	-0.0478157
3.77406e-11	-0.0477887
3.77419e-11	-0.0477617
3.77433e-11	-0.0477347
3.77446e-11	-0.0477077
3.7746e-11	-0.0476808
3.77473e-11	-0.0476538
3.77487e-11	-0.0476268
3.775e-11	-0.0475999
3.77514e-11	-0.047573
3.77528e-11	-0.047546
3.77541e-11	-0.0475191
3.77555e-11	-0.0474922
3.77568e-11	-0.0474653
3.77582e-11	-0.0474384
3.77595e-11	-0.0474115
3.77609e-11	-0.0473846
3.77622e-11	-0.0473578
3.77636e-11	-0.0473309
3.77649e-11	-0.047304
3.77663e-11	-0.0472772
3.77676e-11	-0.0472504
3.7769e-11	-0.0472235
3.77703e-11	-0.0471967
3.77717e-11	-0.0471699
3.7773e-11	-0.0471431
3.77744e-11	-0.0471163
3.77757e-11	-0.0470895
3.77771e-11	-0.0470627
3.77785e-11	-0.047036
3.77798e-11	-0.0470092
3.77812e-11	-0.0469824
3.77825e-11	-0.0469557
3.77839e-11	-0.0469289
3.77852e-11	-0.0469022
3.77866e-11	-0.0468755
3.77879e-11	-0.0468488
3.77893e-11	-0.0468221
3.77906e-11	-0.0467954
3.7792e-11	-0.0467687
3.77933e-11	-0.046742
3.77947e-11	-0.0467153
3.7796e-11	-0.0466887
3.77974e-11	-0.046662
3.77987e-11	-0.0466354
3.78001e-11	-0.0466087
3.78014e-11	-0.0465821
3.78028e-11	-0.0465555
3.78042e-11	-0.0465289
3.78055e-11	-0.0465023
3.78069e-11	-0.0464757
3.78082e-11	-0.0464491
3.78096e-11	-0.0464225
3.78109e-11	-0.0463959
3.78123e-11	-0.0463694
3.78136e-11	-0.0463428
3.7815e-11	-0.0463163
3.78163e-11	-0.0462897
3.78177e-11	-0.0462632
3.7819e-11	-0.0462367
3.78204e-11	-0.0462102
3.78217e-11	-0.0461837
3.78231e-11	-0.0461572
3.78244e-11	-0.0461307
3.78258e-11	-0.0461042
3.78271e-11	-0.0460778
3.78285e-11	-0.0460513
3.78299e-11	-0.0460248
3.78312e-11	-0.0459984
3.78326e-11	-0.045972
3.78339e-11	-0.0459455
3.78353e-11	-0.0459191
3.78366e-11	-0.0458927
3.7838e-11	-0.0458663
3.78393e-11	-0.0458399
3.78407e-11	-0.0458135
3.7842e-11	-0.0457871
3.78434e-11	-0.0457608
3.78447e-11	-0.0457344
3.78461e-11	-0.0457081
3.78474e-11	-0.0456817
3.78488e-11	-0.0456554
3.78501e-11	-0.0456291
3.78515e-11	-0.0456027
3.78528e-11	-0.0455764
3.78542e-11	-0.0455501
3.78556e-11	-0.0455238
3.78569e-11	-0.0454976
3.78583e-11	-0.0454713
3.78596e-11	-0.045445
3.7861e-11	-0.0454188
3.78623e-11	-0.0453925
3.78637e-11	-0.0453663
3.7865e-11	-0.04534
3.78664e-11	-0.0453138
3.78677e-11	-0.0452876
3.78691e-11	-0.0452614
3.78704e-11	-0.0452352
3.78718e-11	-0.045209
3.78731e-11	-0.0451828
3.78745e-11	-0.0451567
3.78758e-11	-0.0451305
3.78772e-11	-0.0451043
3.78785e-11	-0.0450782
3.78799e-11	-0.045052
3.78813e-11	-0.0450259
3.78826e-11	-0.0449998
3.7884e-11	-0.0449737
3.78853e-11	-0.0449476
3.78867e-11	-0.0449215
3.7888e-11	-0.0448954
3.78894e-11	-0.0448693
3.78907e-11	-0.0448432
3.78921e-11	-0.0448172
3.78934e-11	-0.0447911
3.78948e-11	-0.0447651
3.78961e-11	-0.0447391
3.78975e-11	-0.044713
3.78988e-11	-0.044687
3.79002e-11	-0.044661
3.79015e-11	-0.044635
3.79029e-11	-0.044609
3.79042e-11	-0.044583
3.79056e-11	-0.044557
3.7907e-11	-0.0445311
3.79083e-11	-0.0445051
3.79097e-11	-0.0444792
3.7911e-11	-0.0444532
3.79124e-11	-0.0444273
3.79137e-11	-0.0444014
3.79151e-11	-0.0443755
3.79164e-11	-0.0443496
3.79178e-11	-0.0443237
3.79191e-11	-0.0442978
3.79205e-11	-0.0442719
3.79218e-11	-0.044246
3.79232e-11	-0.0442201
3.79245e-11	-0.0441943
3.79259e-11	-0.0441684
3.79272e-11	-0.0441426
3.79286e-11	-0.0441168
3.79299e-11	-0.044091
3.79313e-11	-0.0440652
3.79327e-11	-0.0440394
3.7934e-11	-0.0440136
3.79354e-11	-0.0439878
3.79367e-11	-0.043962
3.79381e-11	-0.0439362
3.79394e-11	-0.0439105
3.79408e-11	-0.0438847
3.79421e-11	-0.043859
3.79435e-11	-0.0438332
3.79448e-11	-0.0438075
3.79462e-11	-0.0437818
3.79475e-11	-0.0437561
3.79489e-11	-0.0437304
3.79502e-11	-0.0437047
3.79516e-11	-0.043679
3.79529e-11	-0.0436534
3.79543e-11	-0.0436277
3.79556e-11	-0.043602
3.7957e-11	-0.0435764
3.79584e-11	-0.0435507
3.79597e-11	-0.0435251
3.79611e-11	-0.0434995
3.79624e-11	-0.0434739
3.79638e-11	-0.0434483
3.79651e-11	-0.0434227
3.79665e-11	-0.0433971
3.79678e-11	-0.0433715
3.79692e-11	-0.043346
3.79705e-11	-0.0433204
3.79719e-11	-0.0432949
3.79732e-11	-0.0432693
3.79746e-11	-0.0432438
3.79759e-11	-0.0432183
3.79773e-11	-0.0431927
3.79786e-11	-0.0431672
3.798e-11	-0.0431417
3.79813e-11	-0.0431162
3.79827e-11	-0.0430908
3.79841e-11	-0.0430653
3.79854e-11	-0.0430398
3.79868e-11	-0.0430144
3.79881e-11	-0.0429889
3.79895e-11	-0.0429635
3.79908e-11	-0.0429381
3.79922e-11	-0.0429126
3.79935e-11	-0.0428872
3.79949e-11	-0.0428618
3.79962e-11	-0.0428364
3.79976e-11	-0.0428111
3.79989e-11	-0.0427857
3.80003e-11	-0.0427603
3.80016e-11	-0.042735
3.8003e-11	-0.0427096
3.80043e-11	-0.0426843
3.80057e-11	-0.0426589
3.8007e-11	-0.0426336
3.80084e-11	-0.0426083
3.80098e-11	-0.042583
3.80111e-11	-0.0425577
3.80125e-11	-0.0425324
3.80138e-11	-0.0425071
3.80152e-11	-0.0424819
3.80165e-11	-0.0424566
3.80179e-11	-0.0424313
3.80192e-11	-0.0424061
3.80206e-11	-0.0423809
3.80219e-11	-0.0423556
3.80233e-11	-0.0423304
3.80246e-11	-0.0423052
3.8026e-11	-0.04228
3.80273e-11	-0.0422548
3.80287e-11	-0.0422296
3.803e-11	-0.0422045
3.80314e-11	-0.0421793
3.80327e-11	-0.0421542
3.80341e-11	-0.042129
3.80355e-11	-0.0421039
3.80368e-11	-0.0420787
3.80382e-11	-0.0420536
3.80395e-11	-0.0420285
3.80409e-11	-0.0420034
3.80422e-11	-0.0419783
3.80436e-11	-0.0419532
3.80449e-11	-0.0419282
3.80463e-11	-0.0419031
3.80476e-11	-0.041878
3.8049e-11	-0.041853
3.80503e-11	-0.0418279
3.80517e-11	-0.0418029
3.8053e-11	-0.0417779
3.80544e-11	-0.0417529
3.80557e-11	-0.0417279
3.80571e-11	-0.0417029
3.80584e-11	-0.0416779
3.80598e-11	-0.0416529
3.80612e-11	-0.0416279
3.80625e-11	-0.041603
3.80639e-11	-0.041578
3.80652e-11	-0.0415531
3.80666e-11	-0.0415282
3.80679e-11	-0.0415032
3.80693e-11	-0.0414783
3.80706e-11	-0.0414534
3.8072e-11	-0.0414285
3.80733e-11	-0.0414036
3.80747e-11	-0.0413787
3.8076e-11	-0.0413539
3.80774e-11	-0.041329
3.80787e-11	-0.0413042
3.80801e-11	-0.0412793
3.80814e-11	-0.0412545
3.80828e-11	-0.0412297
3.80841e-11	-0.0412048
3.80855e-11	-0.04118
3.80869e-11	-0.0411552
3.80882e-11	-0.0411304
3.80896e-11	-0.0411057
3.80909e-11	-0.0410809
3.80923e-11	-0.0410561
3.80936e-11	-0.0410314
3.8095e-11	-0.0410066
3.80963e-11	-0.0409819
3.80977e-11	-0.0409571
3.8099e-11	-0.0409324
3.81004e-11	-0.0409077
3.81017e-11	-0.040883
3.81031e-11	-0.0408583
3.81044e-11	-0.0408336
3.81058e-11	-0.040809
3.81071e-11	-0.0407843
3.81085e-11	-0.0407596
3.81098e-11	-0.040735
3.81112e-11	-0.0407103
3.81126e-11	-0.0406857
3.81139e-11	-0.0406611
3.81153e-11	-0.0406365
3.81166e-11	-0.0406119
3.8118e-11	-0.0405873
3.81193e-11	-0.0405627
3.81207e-11	-0.0405381
3.8122e-11	-0.0405136
3.81234e-11	-0.040489
3.81247e-11	-0.0404644
3.81261e-11	-0.0404399
3.81274e-11	-0.0404154
3.81288e-11	-0.0403909
3.81301e-11	-0.0403663
3.81315e-11	-0.0403418
3.81328e-11	-0.0403173
3.81342e-11	-0.0402929
3.81355e-11	-0.0402684
3.81369e-11	-0.0402439
3.81383e-11	-0.0402194
3.81396e-11	-0.040195
3.8141e-11	-0.0401706
3.81423e-11	-0.0401461
3.81437e-11	-0.0401217
3.8145e-11	-0.0400973
3.81464e-11	-0.0400729
3.81477e-11	-0.0400485
3.81491e-11	-0.0400241
3.81504e-11	-0.0399997
3.81518e-11	-0.0399753
3.81531e-11	-0.039951
3.81545e-11	-0.0399266
3.81558e-11	-0.0399023
3.81572e-11	-0.039878
3.81585e-11	-0.0398536
3.81599e-11	-0.0398293
3.81612e-11	-0.039805
3.81626e-11	-0.0397807
3.8164e-11	-0.0397564
3.81653e-11	-0.0397321
3.81667e-11	-0.0397079
3.8168e-11	-0.0396836
3.81694e-11	-0.0396594
3.81707e-11	-0.0396351
3.81721e-11	-0.0396109
3.81734e-11	-0.0395867
3.81748e-11	-0.0395624
3.81761e-11	-0.0395382
3.81775e-11	-0.039514
3.81788e-11	-0.0394898
3.81802e-11	-0.0394657
3.81815e-11	-0.0394415
3.81829e-11	-0.0394173
3.81842e-11	-0.0393932
3.81856e-11	-0.039369
3.81869e-11	-0.0393449
3.81883e-11	-0.0393208
3.81897e-11	-0.0392967
3.8191e-11	-0.0392725
3.81924e-11	-0.0392484
3.81937e-11	-0.0392244
3.81951e-11	-0.0392003
3.81964e-11	-0.0391762
3.81978e-11	-0.0391521
3.81991e-11	-0.0391281
3.82005e-11	-0.039104
3.82018e-11	-0.03908
3.82032e-11	-0.039056
3.82045e-11	-0.039032
3.82059e-11	-0.039008
3.82072e-11	-0.038984
3.82086e-11	-0.03896
3.82099e-11	-0.038936
3.82113e-11	-0.038912
3.82126e-11	-0.038888
3.8214e-11	-0.0388641
3.82154e-11	-0.0388401
3.82167e-11	-0.0388162
3.82181e-11	-0.0387923
3.82194e-11	-0.0387684
3.82208e-11	-0.0387445
3.82221e-11	-0.0387206
3.82235e-11	-0.0386967
3.82248e-11	-0.0386728
3.82262e-11	-0.0386489
3.82275e-11	-0.0386251
3.82289e-11	-0.0386012
3.82302e-11	-0.0385774
3.82316e-11	-0.0385535
3.82329e-11	-0.0385297
3.82343e-11	-0.0385059
3.82356e-11	-0.0384821
3.8237e-11	-0.0384583
3.82383e-11	-0.0384345
3.82397e-11	-0.0384107
3.82411e-11	-0.0383869
3.82424e-11	-0.0383632
3.82438e-11	-0.0383394
3.82451e-11	-0.0383157
3.82465e-11	-0.0382919
3.82478e-11	-0.0382682
3.82492e-11	-0.0382445
3.82505e-11	-0.0382208
3.82519e-11	-0.0381971
3.82532e-11	-0.0381734
3.82546e-11	-0.0381497
3.82559e-11	-0.038126
3.82573e-11	-0.0381024
3.82586e-11	-0.0380787
3.826e-11	-0.0380551
3.82613e-11	-0.0380314
3.82627e-11	-0.0380078
3.8264e-11	-0.0379842
3.82654e-11	-0.0379606
3.82668e-11	-0.037937
3.82681e-11	-0.0379134
3.82695e-11	-0.0378898
3.82708e-11	-0.0378662
3.82722e-11	-0.0378427
3.82735e-11	-0.0378191
3.82749e-11	-0.0377956
3.82762e-11	-0.037772
3.82776e-11	-0.0377485
3.82789e-11	-0.037725
3.82803e-11	-0.0377015
3.82816e-11	-0.037678
3.8283e-11	-0.0376545
3.82843e-11	-0.037631
3.82857e-11	-0.0376075
3.8287e-11	-0.0375841
3.82884e-11	-0.0375606
3.82897e-11	-0.0375372
3.82911e-11	-0.0375138
3.82925e-11	-0.0374903
3.82938e-11	-0.0374669
3.82952e-11	-0.0374435
3.82965e-11	-0.0374201
3.82979e-11	-0.0373967
3.82992e-11	-0.0373733
3.83006e-11	-0.03735
3.83019e-11	-0.0373266
3.83033e-11	-0.0373033
3.83046e-11	-0.0372799
3.8306e-11	-0.0372566
3.83073e-11	-0.0372332
3.83087e-11	-0.0372099
3.831e-11	-0.0371866
3.83114e-11	-0.0371633
3.83127e-11	-0.03714
3.83141e-11	-0.0371168
3.83154e-11	-0.0370935
3.83168e-11	-0.0370702
3.83182e-11	-0.037047
3.83195e-11	-0.0370237
3.83209e-11	-0.0370005
3.83222e-11	-0.0369773
3.83236e-11	-0.0369541
3.83249e-11	-0.0369309
3.83263e-11	-0.0369077
3.83276e-11	-0.0368845
3.8329e-11	-0.0368613
3.83303e-11	-0.0368381
3.83317e-11	-0.036815
3.8333e-11	-0.0367918
3.83344e-11	-0.0367687
3.83357e-11	-0.0367455
3.83371e-11	-0.0367224
3.83384e-11	-0.0366993
3.83398e-11	-0.0366762
3.83411e-11	-0.0366531
3.83425e-11	-0.03663
3.83439e-11	-0.0366069
3.83452e-11	-0.0365839
3.83466e-11	-0.0365608
3.83479e-11	-0.0365378
3.83493e-11	-0.0365147
3.83506e-11	-0.0364917
3.8352e-11	-0.0364687
3.83533e-11	-0.0364457
3.83547e-11	-0.0364226
3.8356e-11	-0.0363997
3.83574e-11	-0.0363767
3.83587e-11	-0.0363537
3.83601e-11	-0.0363307
3.83614e-11	-0.0363078
3.83628e-11	-0.0362848
3.83641e-11	-0.0362619
3.83655e-11	-0.0362389
3.83668e-11	-0.036216
3.83682e-11	-0.0361931
3.83696e-11	-0.0361702
3.83709e-11	-0.0361473
3.83723e-11	-0.0361244
3.83736e-11	-0.0361016
3.8375e-11	-0.0360787
3.83763e-11	-0.0360558
3.83777e-11	-0.036033
3.8379e-11	-0.0360101
3.83804e-11	-0.0359873
3.83817e-11	-0.0359645
3.83831e-11	-0.0359417
3.83844e-11	-0.0359189
3.83858e-11	-0.0358961
3.83871e-11	-0.0358733
3.83885e-11	-0.0358505
3.83898e-11	-0.0358278
3.83912e-11	-0.035805
3.83925e-11	-0.0357823
3.83939e-11	-0.0357595
3.83953e-11	-0.0357368
3.83966e-11	-0.0357141
3.8398e-11	-0.0356914
3.83993e-11	-0.0356687
3.84007e-11	-0.035646
3.8402e-11	-0.0356233
3.84034e-11	-0.0356006
3.84047e-11	-0.035578
3.84061e-11	-0.0355553
3.84074e-11	-0.0355327
3.84088e-11	-0.03551
3.84101e-11	-0.0354874
3.84115e-11	-0.0354648
3.84128e-11	-0.0354422
3.84142e-11	-0.0354196
3.84155e-11	-0.035397
3.84169e-11	-0.0353744
3.84182e-11	-0.0353518
3.84196e-11	-0.0353293
3.8421e-11	-0.0353067
3.84223e-11	-0.0352842
3.84237e-11	-0.0352616
3.8425e-11	-0.0352391
3.84264e-11	-0.0352166
3.84277e-11	-0.0351941
3.84291e-11	-0.0351716
3.84304e-11	-0.0351491
3.84318e-11	-0.0351266
3.84331e-11	-0.0351042
3.84345e-11	-0.0350817
3.84358e-11	-0.0350593
3.84372e-11	-0.0350368
3.84385e-11	-0.0350144
3.84399e-11	-0.034992
3.84412e-11	-0.0349695
3.84426e-11	-0.0349471
3.84439e-11	-0.0349247
3.84453e-11	-0.0349024
3.84467e-11	-0.03488
3.8448e-11	-0.0348576
3.84494e-11	-0.0348353
3.84507e-11	-0.0348129
3.84521e-11	-0.0347906
3.84534e-11	-0.0347682
3.84548e-11	-0.0347459
3.84561e-11	-0.0347236
3.84575e-11	-0.0347013
3.84588e-11	-0.034679
3.84602e-11	-0.0346567
3.84615e-11	-0.0346344
3.84629e-11	-0.0346122
3.84642e-11	-0.0345899
3.84656e-11	-0.0345677
3.84669e-11	-0.0345454
3.84683e-11	-0.0345232
3.84696e-11	-0.034501
3.8471e-11	-0.0344788
3.84724e-11	-0.0344566
3.84737e-11	-0.0344344
3.84751e-11	-0.0344122
3.84764e-11	-0.03439
3.84778e-11	-0.0343679
3.84791e-11	-0.0343457
3.84805e-11	-0.0343235
3.84818e-11	-0.0343014
3.84832e-11	-0.0342793
3.84845e-11	-0.0342572
3.84859e-11	-0.0342351
3.84872e-11	-0.034213
3.84886e-11	-0.0341909
3.84899e-11	-0.0341688
3.84913e-11	-0.0341467
3.84926e-11	-0.0341246
3.8494e-11	-0.0341026
3.84953e-11	-0.0340806
3.84967e-11	-0.0340585
3.84981e-11	-0.0340365
3.84994e-11	-0.0340145
3.85008e-11	-0.0339925
3.85021e-11	-0.0339705
3.85035e-11	-0.0339485
3.85048e-11	-0.0339265
3.85062e-11	-0.0339045
3.85075e-11	-0.0338826
3.85089e-11	-0.0338606
3.85102e-11	-0.0338387
3.85116e-11	-0.0338167
3.85129e-11	-0.0337948
3.85143e-11	-0.0337729
3.85156e-11	-0.033751
3.8517e-11	-0.0337291
3.85183e-11	-0.0337072
3.85197e-11	-0.0336853
3.8521e-11	-0.0336635
3.85224e-11	-0.0336416
3.85238e-11	-0.0336198
3.85251e-11	-0.0335979
3.85265e-11	-0.0335761
3.85278e-11	-0.0335543
3.85292e-11	-0.0335324
3.85305e-11	-0.0335106
3.85319e-11	-0.0334888
3.85332e-11	-0.0334671
3.85346e-11	-0.0334453
3.85359e-11	-0.0334235
3.85373e-11	-0.0334018
3.85386e-11	-0.03338
3.854e-11	-0.0333583
3.85413e-11	-0.0333365
3.85427e-11	-0.0333148
3.8544e-11	-0.0332931
3.85454e-11	-0.0332714
3.85467e-11	-0.0332497
3.85481e-11	-0.033228
3.85495e-11	-0.0332064
3.85508e-11	-0.0331847
3.85522e-11	-0.033163
3.85535e-11	-0.0331414
3.85549e-11	-0.0331198
3.85562e-11	-0.0330981
3.85576e-11	-0.0330765
3.85589e-11	-0.0330549
3.85603e-11	-0.0330333
3.85616e-11	-0.0330117
3.8563e-11	-0.0329901
3.85643e-11	-0.0329686
3.85657e-11	-0.032947
3.8567e-11	-0.0329254
3.85684e-11	-0.0329039
3.85697e-11	-0.0328824
3.85711e-11	-0.0328608
3.85724e-11	-0.0328393
3.85738e-11	-0.0328178
3.85752e-11	-0.0327963
3.85765e-11	-0.0327748
3.85779e-11	-0.0327533
3.85792e-11	-0.0327319
3.85806e-11	-0.0327104
3.85819e-11	-0.032689
3.85833e-11	-0.0326675
3.85846e-11	-0.0326461
3.8586e-11	-0.0326247
3.85873e-11	-0.0326032
3.85887e-11	-0.0325818
3.859e-11	-0.0325604
3.85914e-11	-0.0325391
3.85927e-11	-0.0325177
3.85941e-11	-0.0324963
3.85954e-11	-0.0324749
3.85968e-11	-0.0324536
3.85981e-11	-0.0324323
3.85995e-11	-0.0324109
3.86009e-11	-0.0323896
3.86022e-11	-0.0323683
3.86036e-11	-0.032347
3.86049e-11	-0.0323257
3.86063e-11	-0.0323044
3.86076e-11	-0.0322831
3.8609e-11	-0.0322619
3.86103e-11	-0.0322406
3.86117e-11	-0.0322194
3.8613e-11	-0.0321981
3.86144e-11	-0.0321769
3.86157e-11	-0.0321557
3.86171e-11	-0.0321345
3.86184e-11	-0.0321133
3.86198e-11	-0.0320921
3.86211e-11	-0.0320709
3.86225e-11	-0.0320497
3.86238e-11	-0.0320285
3.86252e-11	-0.0320074
3.86266e-11	-0.0319862
3.86279e-11	-0.0319651
3.86293e-11	-0.031944
3.86306e-11	-0.0319229
3.8632e-11	-0.0319017
3.86333e-11	-0.0318806
3.86347e-11	-0.0318596
3.8636e-11	-0.0318385
3.86374e-11	-0.0318174
3.86387e-11	-0.0317963
3.86401e-11	-0.0317753
3.86414e-11	-0.0317542
3.86428e-11	-0.0317332
3.86441e-11	-0.0317122
3.86455e-11	-0.0316912
3.86468e-11	-0.0316702
3.86482e-11	-0.0316492
3.86495e-11	-0.0316282
3.86509e-11	-0.0316072
3.86523e-11	-0.0315862
3.86536e-11	-0.0315653
3.8655e-11	-0.0315443
3.86563e-11	-0.0315234
3.86577e-11	-0.0315024
3.8659e-11	-0.0314815
3.86604e-11	-0.0314606
3.86617e-11	-0.0314397
3.86631e-11	-0.0314188
3.86644e-11	-0.0313979
3.86658e-11	-0.031377
3.86671e-11	-0.0313562
3.86685e-11	-0.0313353
3.86698e-11	-0.0313145
3.86712e-11	-0.0312936
3.86725e-11	-0.0312728
3.86739e-11	-0.031252
3.86753e-11	-0.0312311
3.86766e-11	-0.0312103
3.8678e-11	-0.0311895
3.86793e-11	-0.0311688
3.86807e-11	-0.031148
3.8682e-11	-0.0311272
3.86834e-11	-0.0311065
3.86847e-11	-0.0310857
3.86861e-11	-0.031065
3.86874e-11	-0.0310442
3.86888e-11	-0.0310235
3.86901e-11	-0.0310028
3.86915e-11	-0.0309821
3.86928e-11	-0.0309614
3.86942e-11	-0.0309407
3.86955e-11	-0.0309201
3.86969e-11	-0.0308994
3.86982e-11	-0.0308787
3.86996e-11	-0.0308581
3.8701e-11	-0.0308375
3.87023e-11	-0.0308168
3.87037e-11	-0.0307962
3.8705e-11	-0.0307756
3.87064e-11	-0.030755
3.87077e-11	-0.0307344
3.87091e-11	-0.0307138
3.87104e-11	-0.0306933
3.87118e-11	-0.0306727
3.87131e-11	-0.0306521
3.87145e-11	-0.0306316
3.87158e-11	-0.0306111
3.87172e-11	-0.0305905
3.87185e-11	-0.03057
3.87199e-11	-0.0305495
3.87212e-11	-0.030529
3.87226e-11	-0.0305085
3.87239e-11	-0.0304881
3.87253e-11	-0.0304676
3.87267e-11	-0.0304471
3.8728e-11	-0.0304267
3.87294e-11	-0.0304062
3.87307e-11	-0.0303858
3.87321e-11	-0.0303654
3.87334e-11	-0.030345
3.87348e-11	-0.0303246
3.87361e-11	-0.0303042
3.87375e-11	-0.0302838
3.87388e-11	-0.0302634
3.87402e-11	-0.030243
3.87415e-11	-0.0302227
3.87429e-11	-0.0302023
3.87442e-11	-0.030182
3.87456e-11	-0.0301616
3.87469e-11	-0.0301413
3.87483e-11	-0.030121
3.87496e-11	-0.0301007
3.8751e-11	-0.0300804
3.87524e-11	-0.0300601
3.87537e-11	-0.0300398
3.87551e-11	-0.0300196
3.87564e-11	-0.0299993
3.87578e-11	-0.0299791
3.87591e-11	-0.0299588
3.87605e-11	-0.0299386
3.87618e-11	-0.0299184
3.87632e-11	-0.0298982
3.87645e-11	-0.029878
3.87659e-11	-0.0298578
3.87672e-11	-0.0298376
3.87686e-11	-0.0298174
3.87699e-11	-0.0297973
3.87713e-11	-0.0297771
3.87726e-11	-0.0297569
3.8774e-11	-0.0297368
3.87753e-11	-0.0297167
3.87767e-11	-0.0296966
3.87781e-11	-0.0296765
3.87794e-11	-0.0296564
3.87808e-11	-0.0296363
3.87821e-11	-0.0296162
3.87835e-11	-0.0295961
3.87848e-11	-0.029576
3.87862e-11	-0.029556
3.87875e-11	-0.0295359
3.87889e-11	-0.0295159
3.87902e-11	-0.0294959
3.87916e-11	-0.0294759
3.87929e-11	-0.0294559
3.87943e-11	-0.0294359
3.87956e-11	-0.0294159
3.8797e-11	-0.0293959
3.87983e-11	-0.0293759
3.87997e-11	-0.0293559
3.8801e-11	-0.029336
3.88024e-11	-0.0293161
3.88038e-11	-0.0292961
3.88051e-11	-0.0292762
3.88065e-11	-0.0292563
3.88078e-11	-0.0292364
3.88092e-11	-0.0292165
3.88105e-11	-0.0291966
3.88119e-11	-0.0291767
3.88132e-11	-0.0291568
3.88146e-11	-0.029137
3.88159e-11	-0.0291171
3.88173e-11	-0.0290973
3.88186e-11	-0.0290774
3.882e-11	-0.0290576
3.88213e-11	-0.0290378
3.88227e-11	-0.029018
3.8824e-11	-0.0289982
3.88254e-11	-0.0289784
3.88267e-11	-0.0289586
3.88281e-11	-0.0289389
3.88295e-11	-0.0289191
3.88308e-11	-0.0288994
3.88322e-11	-0.0288796
3.88335e-11	-0.0288599
3.88349e-11	-0.0288402
3.88362e-11	-0.0288205
3.88376e-11	-0.0288007
3.88389e-11	-0.0287811
3.88403e-11	-0.0287614
3.88416e-11	-0.0287417
3.8843e-11	-0.028722
3.88443e-11	-0.0287024
3.88457e-11	-0.0286827
3.8847e-11	-0.0286631
3.88484e-11	-0.0286434
3.88497e-11	-0.0286238
3.88511e-11	-0.0286042
3.88524e-11	-0.0285846
3.88538e-11	-0.028565
3.88552e-11	-0.0285454
3.88565e-11	-0.0285259
3.88579e-11	-0.0285063
3.88592e-11	-0.0284867
3.88606e-11	-0.0284672
3.88619e-11	-0.0284476
3.88633e-11	-0.0284281
3.88646e-11	-0.0284086
3.8866e-11	-0.0283891
3.88673e-11	-0.0283696
3.88687e-11	-0.0283501
3.887e-11	-0.0283306
3.88714e-11	-0.0283111
3.88727e-11	-0.0282917
3.88741e-11	-0.0282722
3.88754e-11	-0.0282528
3.88768e-11	-0.0282333
3.88781e-11	-0.0282139
3.88795e-11	-0.0281945
3.88809e-11	-0.0281751
3.88822e-11	-0.0281557
3.88836e-11	-0.0281363
3.88849e-11	-0.0281169
3.88863e-11	-0.0280975
3.88876e-11	-0.0280782
3.8889e-11	-0.0280588
3.88903e-11	-0.0280395
3.88917e-11	-0.0280201
3.8893e-11	-0.0280008
3.88944e-11	-0.0279815
3.88957e-11	-0.0279622
3.88971e-11	-0.0279429
3.88984e-11	-0.0279236
3.88998e-11	-0.0279043
3.89011e-11	-0.027885
3.89025e-11	-0.0278658
3.89038e-11	-0.0278465
3.89052e-11	-0.0278273
3.89066e-11	-0.027808
3.89079e-11	-0.0277888
3.89093e-11	-0.0277696
3.89106e-11	-0.0277504
3.8912e-11	-0.0277312
3.89133e-11	-0.027712
3.89147e-11	-0.0276928
3.8916e-11	-0.0276736
3.89174e-11	-0.0276545
3.89187e-11	-0.0276353
3.89201e-11	-0.0276162
3.89214e-11	-0.027597
3.89228e-11	-0.0275779
3.89241e-11	-0.0275588
3.89255e-11	-0.0275397
3.89268e-11	-0.0275206
3.89282e-11	-0.0275015
3.89295e-11	-0.0274824
3.89309e-11	-0.0274633
3.89323e-11	-0.0274443
3.89336e-11	-0.0274252
3.8935e-11	-0.0274062
3.89363e-11	-0.0273871
3.89377e-11	-0.0273681
3.8939e-11	-0.0273491
3.89404e-11	-0.0273301
3.89417e-11	-0.0273111
3.89431e-11	-0.0272921
3.89444e-11	-0.0272731
3.89458e-11	-0.0272542
3.89471e-11	-0.0272352
3.89485e-11	-0.0272162
3.89498e-11	-0.0271973
3.89512e-11	-0.0271784
3.89525e-11	-0.0271594
3.89539e-11	-0.0271405
3.89552e-11	-0.0271216
3.89566e-11	-0.0271027
3.8958e-11	-0.0270838
3.89593e-11	-0.027065
3.89607e-11	-0.0270461
3.8962e-11	-0.0270272
3.89634e-11	-0.0270084
3.89647e-11	-0.0269895
3.89661e-11	-0.0269707
3.89674e-11	-0.0269519
3.89688e-11	-0.0269331
3.89701e-11	-0.0269143
3.89715e-11	-0.0268955
3.89728e-11	-0.0268767
3.89742e-11	-0.0268579
3.89755e-11	-0.0268391
3.89769e-11	-0.0268204
3.89782e-11	-0.0268016
3.89796e-11	-0.0267829
3.89809e-11	-0.0267641
3.89823e-11	-0.0267454
3.89837e-11	-0.0267267
3.8985e-11	-0.026708
3.89864e-11	-0.0266893
3.89877e-11	-0.0266706
3.89891e-11	-0.0266519
3.89904e-11	-0.0266333
3.89918e-11	-0.0266146
3.89931e-11	-0.0265959
3.89945e-11	-0.0265773
3.89958e-11	-0.0265587
3.89972e-11	-0.02654
3.89985e-11	-0.0265214
3.89999e-11	-0.0265028
3.90012e-11	-0.0264842
3.90026e-11	-0.0264656
3.90039e-11	-0.0264471
3.90053e-11	-0.0264285
3.90066e-11	-0.0264099
3.9008e-11	-0.0263914
3.90094e-11	-0.0263728
3.90107e-11	-0.0263543
3.90121e-11	-0.0263358
3.90134e-11	-0.0263173
3.90148e-11	-0.0262988
3.90161e-11	-0.0262803
3.90175e-11	-0.0262618
3.90188e-11	-0.0262433
3.90202e-11	-0.0262248
3.90215e-11	-0.0262064
3.90229e-11	-0.0261879
3.90242e-11	-0.0261695
3.90256e-11	-0.026151
3.90269e-11	-0.0261326
3.90283e-11	-0.0261142
3.90296e-11	-0.0260958
3.9031e-11	-0.0260774
3.90323e-11	-0.026059
3.90337e-11	-0.0260406
3.90351e-11	-0.0260223
3.90364e-11	-0.0260039
3.90378e-11	-0.0259856
3.90391e-11	-0.0259672
3.90405e-11	-0.0259489
3.90418e-11	-0.0259306
3.90432e-11	-0.0259122
3.90445e-11	-0.0258939
3.90459e-11	-0.0258756
3.90472e-11	-0.0258574
3.90486e-11	-0.0258391
3.90499e-11	-0.0258208
3.90513e-11	-0.0258025
3.90526e-11	-0.0257843
3.9054e-11	-0.025766
3.90553e-11	-0.0257478
3.90567e-11	-0.0257296
3.9058e-11	-0.0257114
3.90594e-11	-0.0256932
3.90608e-11	-0.025675
3.90621e-11	-0.0256568
3.90635e-11	-0.0256386
3.90648e-11	-0.0256204
3.90662e-11	-0.0256023
3.90675e-11	-0.0255841
3.90689e-11	-0.025566
3.90702e-11	-0.0255478
3.90716e-11	-0.0255297
3.90729e-11	-0.0255116
3.90743e-11	-0.0254935
3.90756e-11	-0.0254754
3.9077e-11	-0.0254573
3.90783e-11	-0.0254392
3.90797e-11	-0.0254212
3.9081e-11	-0.0254031
3.90824e-11	-0.025385
3.90837e-11	-0.025367
3.90851e-11	-0.025349
3.90865e-11	-0.0253309
3.90878e-11	-0.0253129
3.90892e-11	-0.0252949
3.90905e-11	-0.0252769
3.90919e-11	-0.0252589
3.90932e-11	-0.0252409
3.90946e-11	-0.025223
3.90959e-11	-0.025205
3.90973e-11	-0.0251871
3.90986e-11	-0.0251691
3.91e-11	-0.0251512
3.91013e-11	-0.0251332
3.91027e-11	-0.0251153
3.9104e-11	-0.0250974
3.91054e-11	-0.0250795
3.91067e-11	-0.0250616
3.91081e-11	-0.0250437
3.91094e-11	-0.0250259
3.91108e-11	-0.025008
3.91122e-11	-0.0249902
3.91135e-11	-0.0249723
3.91149e-11	-0.0249545
3.91162e-11	-0.0249366
3.91176e-11	-0.0249188
3.91189e-11	-0.024901
3.91203e-11	-0.0248832
3.91216e-11	-0.0248654
3.9123e-11	-0.0248476
3.91243e-11	-0.0248299
3.91257e-11	-0.0248121
3.9127e-11	-0.0247943
3.91284e-11	-0.0247766
3.91297e-11	-0.0247589
3.91311e-11	-0.0247411
3.91324e-11	-0.0247234
3.91338e-11	-0.0247057
3.91351e-11	-0.024688
3.91365e-11	-0.0246703
3.91379e-11	-0.0246526
3.91392e-11	-0.024635
3.91406e-11	-0.0246173
3.91419e-11	-0.0245996
3.91433e-11	-0.024582
3.91446e-11	-0.0245643
3.9146e-11	-0.0245467
3.91473e-11	-0.0245291
3.91487e-11	-0.0245115
3.915e-11	-0.0244939
3.91514e-11	-0.0244763
3.91527e-11	-0.0244587
3.91541e-11	-0.0244411
3.91554e-11	-0.0244236
3.91568e-11	-0.024406
3.91581e-11	-0.0243884
3.91595e-11	-0.0243709
3.91608e-11	-0.0243534
3.91622e-11	-0.0243358
3.91636e-11	-0.0243183
3.91649e-11	-0.0243008
3.91663e-11	-0.0242833
3.91676e-11	-0.0242658
3.9169e-11	-0.0242484
3.91703e-11	-0.0242309
3.91717e-11	-0.0242134
3.9173e-11	-0.024196
3.91744e-11	-0.0241785
3.91757e-11	-0.0241611
3.91771e-11	-0.0241437
3.91784e-11	-0.0241263
3.91798e-11	-0.0241089
3.91811e-11	-0.0240915
3.91825e-11	-0.0240741
3.91838e-11	-0.0240567
3.91852e-11	-0.0240393
3.91865e-11	-0.024022
3.91879e-11	-0.0240046
3.91893e-11	-0.0239873
3.91906e-11	-0.0239699
3.9192e-11	-0.0239526
3.91933e-11	-0.0239353
3.91947e-11	-0.023918
3.9196e-11	-0.0239007
3.91974e-11	-0.0238834
3.91987e-11	-0.0238661
3.92001e-11	-0.0238488
3.92014e-11	-0.0238316
3.92028e-11	-0.0238143
3.92041e-11	-0.0237971
3.92055e-11	-0.0237798
3.92068e-11	-0.0237626
3.92082e-11	-0.0237454
3.92095e-11	-0.0237282
3.92109e-11	-0.023711
3.92122e-11	-0.0236938
3.92136e-11	-0.0236766
3.9215e-11	-0.0236594
3.92163e-11	-0.0236423
3.92177e-11	-0.0236251
3.9219e-11	-0.0236079
3.92204e-11	-0.0235908
3.92217e-11	-0.0235737
3.92231e-11	-0.0235566
3.92244e-11	-0.0235394
3.92258e-11	-0.0235223
3.92271e-11	-0.0235052
3.92285e-11	-0.0234882
3.92298e-11	-0.0234711
3.92312e-11	-0.023454
3.92325e-11	-0.023437
3.92339e-11	-0.0234199
3.92352e-11	-0.0234029
3.92366e-11	-0.0233858
3.92379e-11	-0.0233688
3.92393e-11	-0.0233518
3.92407e-11	-0.0233348
3.9242e-11	-0.0233178
3.92434e-11	-0.0233008
3.92447e-11	-0.0232838
3.92461e-11	-0.0232668
3.92474e-11	-0.0232499
3.92488e-11	-0.0232329
3.92501e-11	-0.023216
3.92515e-11	-0.023199
3.92528e-11	-0.0231821
3.92542e-11	-0.0231652
3.92555e-11	-0.0231483
3.92569e-11	-0.0231314
3.92582e-11	-0.0231145
3.92596e-11	-0.0230976
3.92609e-11	-0.0230807
3.92623e-11	-0.0230639
3.92636e-11	-0.023047
3.9265e-11	-0.0230302
3.92664e-11	-0.0230133
3.92677e-11	-0.0229965
3.92691e-11	-0.0229797
3.92704e-11	-0.0229629
3.92718e-11	-0.0229461
3.92731e-11	-0.0229293
3.92745e-11	-0.0229125
3.92758e-11	-0.0228957
3.92772e-11	-0.0228789
3.92785e-11	-0.0228622
3.92799e-11	-0.0228454
3.92812e-11	-0.0228287
3.92826e-11	-0.022812
3.92839e-11	-0.0227952
3.92853e-11	-0.0227785
3.92866e-11	-0.0227618
3.9288e-11	-0.0227451
3.92893e-11	-0.0227284
3.92907e-11	-0.0227117
3.92921e-11	-0.0226951
3.92934e-11	-0.0226784
3.92948e-11	-0.0226618
3.92961e-11	-0.0226451
3.92975e-11	-0.0226285
3.92988e-11	-0.0226118
3.93002e-11	-0.0225952
3.93015e-11	-0.0225786
3.93029e-11	-0.022562
3.93042e-11	-0.0225454
3.93056e-11	-0.0225288
3.93069e-11	-0.0225123
3.93083e-11	-0.0224957
3.93096e-11	-0.0224791
3.9311e-11	-0.0224626
3.93123e-11	-0.0224461
3.93137e-11	-0.0224295
3.9315e-11	-0.022413
3.93164e-11	-0.0223965
3.93178e-11	-0.02238
3.93191e-11	-0.0223635
3.93205e-11	-0.022347
3.93218e-11	-0.0223305
3.93232e-11	-0.0223141
3.93245e-11	-0.0222976
3.93259e-11	-0.0222811
3.93272e-11	-0.0222647
3.93286e-11	-0.0222483
3.93299e-11	-0.0222318
3.93313e-11	-0.0222154
3.93326e-11	-0.022199
3.9334e-11	-0.0221826
3.93353e-11	-0.0221662
3.93367e-11	-0.0221498
3.9338e-11	-0.0221335
3.93394e-11	-0.0221171
3.93407e-11	-0.0221007
3.93421e-11	-0.0220844
3.93435e-11	-0.0220681
3.93448e-11	-0.0220517
3.93462e-11	-0.0220354
3.93475e-11	-0.0220191
3.93489e-11	-0.0220028
3.93502e-11	-0.0219865
3.93516e-11	-0.0219702
3.93529e-11	-0.0219539
3.93543e-11	-0.0219377
3.93556e-11	-0.0219214
3.9357e-11	-0.0219052
3.93583e-11	-0.0218889
3.93597e-11	-0.0218727
3.9361e-11	-0.0218565
3.93624e-11	-0.0218402
3.93637e-11	-0.021824
3.93651e-11	-0.0218078
3.93664e-11	-0.0217916
3.93678e-11	-0.0217755
3.93692e-11	-0.0217593
3.93705e-11	-0.0217431
3.93719e-11	-0.021727
3.93732e-11	-0.0217108
3.93746e-11	-0.0216947
3.93759e-11	-0.0216785
3.93773e-11	-0.0216624
3.93786e-11	-0.0216463
3.938e-11	-0.0216302
3.93813e-11	-0.0216141
3.93827e-11	-0.021598
3.9384e-11	-0.021582
3.93854e-11	-0.0215659
3.93867e-11	-0.0215498
3.93881e-11	-0.0215338
3.93894e-11	-0.0215177
3.93908e-11	-0.0215017
3.93921e-11	-0.0214857
3.93935e-11	-0.0214697
3.93949e-11	-0.0214536
3.93962e-11	-0.0214376
3.93976e-11	-0.0214217
3.93989e-11	-0.0214057
3.94003e-11	-0.0213897
3.94016e-11	-0.0213737
3.9403e-11	-0.0213578
3.94043e-11	-0.0213418
3.94057e-11	-0.0213259
3.9407e-11	-0.02131
3.94084e-11	-0.021294
3.94097e-11	-0.0212781
3.94111e-11	-0.0212622
3.94124e-11	-0.0212463
3.94138e-11	-0.0212304
3.94151e-11	-0.0212146
3.94165e-11	-0.0211987
3.94178e-11	-0.0211828
3.94192e-11	-0.021167
3.94206e-11	-0.0211511
3.94219e-11	-0.0211353
3.94233e-11	-0.0211195
3.94246e-11	-0.0211036
3.9426e-11	-0.0210878
3.94273e-11	-0.021072
3.94287e-11	-0.0210562
3.943e-11	-0.0210405
3.94314e-11	-0.0210247
3.94327e-11	-0.0210089
3.94341e-11	-0.0209932
3.94354e-11	-0.0209774
3.94368e-11	-0.0209617
3.94381e-11	-0.0209459
3.94395e-11	-0.0209302
3.94408e-11	-0.0209145
3.94422e-11	-0.0208988
3.94435e-11	-0.0208831
3.94449e-11	-0.0208674
3.94463e-11	-0.0208517
3.94476e-11	-0.020836
3.9449e-11	-0.0208204
3.94503e-11	-0.0208047
3.94517e-11	-0.0207891
3.9453e-11	-0.0207734
3.94544e-11	-0.0207578
3.94557e-11	-0.0207422
3.94571e-11	-0.0207266
3.94584e-11	-0.020711
3.94598e-11	-0.0206954
3.94611e-11	-0.0206798
3.94625e-11	-0.0206642
3.94638e-11	-0.0206487
3.94652e-11	-0.0206331
3.94665e-11	-0.0206175
3.94679e-11	-0.020602
3.94692e-11	-0.0205865
3.94706e-11	-0.0205709
3.9472e-11	-0.0205554
3.94733e-11	-0.0205399
3.94747e-11	-0.0205244
3.9476e-11	-0.0205089
3.94774e-11	-0.0204934
3.94787e-11	-0.020478
3.94801e-11	-0.0204625
3.94814e-11	-0.020447
3.94828e-11	-0.0204316
3.94841e-11	-0.0204161
3.94855e-11	-0.0204007
3.94868e-11	-0.0203853
3.94882e-11	-0.0203699
3.94895e-11	-0.0203545
3.94909e-11	-0.0203391
3.94922e-11	-0.0203237
3.94936e-11	-0.0203083
3.94949e-11	-0.0202929
3.94963e-11	-0.0202775
3.94977e-11	-0.0202622
3.9499e-11	-0.0202468
3.95004e-11	-0.0202315
3.95017e-11	-0.0202162
3.95031e-11	-0.0202009
3.95044e-11	-0.0201855
3.95058e-11	-0.0201702
3.95071e-11	-0.0201549
3.95085e-11	-0.0201396
3.95098e-11	-0.0201244
3.95112e-11	-0.0201091
3.95125e-11	-0.0200938
3.95139e-11	-0.0200786
3.95152e-11	-0.0200633
3.95166e-11	-0.0200481
3.95179e-11	-0.0200329
3.95193e-11	-0.0200176
3.95206e-11	-0.0200024
3.9522e-11	-0.0199872
3.95234e-11	-0.019972
3.95247e-11	-0.0199568
3.95261e-11	-0.0199417
3.95274e-11	-0.0199265
3.95288e-11	-0.0199113
3.95301e-11	-0.0198962
3.95315e-11	-0.019881
3.95328e-11	-0.0198659
3.95342e-11	-0.0198508
3.95355e-11	-0.0198357
3.95369e-11	-0.0198206
3.95382e-11	-0.0198054
3.95396e-11	-0.0197904
3.95409e-11	-0.0197753
3.95423e-11	-0.0197602
3.95436e-11	-0.0197451
3.9545e-11	-0.0197301
3.95463e-11	-0.019715
3.95477e-11	-0.0197
3.95491e-11	-0.0196849
3.95504e-11	-0.0196699
3.95518e-11	-0.0196549
3.95531e-11	-0.0196399
3.95545e-11	-0.0196249
3.95558e-11	-0.0196099
3.95572e-11	-0.0195949
3.95585e-11	-0.0195799
3.95599e-11	-0.019565
3.95612e-11	-0.01955
3.95626e-11	-0.0195351
3.95639e-11	-0.0195201
3.95653e-11	-0.0195052
3.95666e-11	-0.0194903
3.9568e-11	-0.0194753
3.95693e-11	-0.0194604
3.95707e-11	-0.0194455
3.9572e-11	-0.0194306
3.95734e-11	-0.0194158
3.95748e-11	-0.0194009
3.95761e-11	-0.019386
3.95775e-11	-0.0193712
3.95788e-11	-0.0193563
3.95802e-11	-0.0193415
3.95815e-11	-0.0193266
3.95829e-11	-0.0193118
3.95842e-11	-0.019297
3.95856e-11	-0.0192822
3.95869e-11	-0.0192674
3.95883e-11	-0.0192526
3.95896e-11	-0.0192378
3.9591e-11	-0.019223
3.95923e-11	-0.0192083
3.95937e-11	-0.0191935
3.9595e-11	-0.0191788
3.95964e-11	-0.019164
3.95977e-11	-0.0191493
3.95991e-11	-0.0191346
3.96005e-11	-0.0191198
3.96018e-11	-0.0191051
3.96032e-11	-0.0190904
3.96045e-11	-0.0190757
3.96059e-11	-0.0190611
3.96072e-11	-0.0190464
3.96086e-11	-0.0190317
3.96099e-11	-0.0190171
3.96113e-11	-0.0190024
3.96126e-11	-0.0189878
3.9614e-11	-0.0189731
3.96153e-11	-0.0189585
3.96167e-11	-0.0189439
3.9618e-11	-0.0189293
3.96194e-11	-0.0189147
3.96207e-11	-0.0189001
3.96221e-11	-0.0188855
3.96234e-11	-0.0188709
3.96248e-11	-0.0188564
3.96262e-11	-0.0188418
3.96275e-11	-0.0188273
3.96289e-11	-0.0188127
3.96302e-11	-0.0187982
3.96316e-11	-0.0187837
3.96329e-11	-0.0187692
3.96343e-11	-0.0187546
3.96356e-11	-0.0187402
3.9637e-11	-0.0187257
3.96383e-11	-0.0187112
3.96397e-11	-0.0186967
3.9641e-11	-0.0186822
3.96424e-11	-0.0186678
3.96437e-11	-0.0186533
3.96451e-11	-0.0186389
3.96464e-11	-0.0186244
3.96478e-11	-0.01861
3.96491e-11	-0.0185956
3.96505e-11	-0.0185812
3.96519e-11	-0.0185668
3.96532e-11	-0.0185524
3.96546e-11	-0.018538
3.96559e-11	-0.0185236
3.96573e-11	-0.0185093
3.96586e-11	-0.0184949
3.966e-11	-0.0184806
3.96613e-11	-0.0184662
3.96627e-11	-0.0184519
3.9664e-11	-0.0184376
3.96654e-11	-0.0184232
3.96667e-11	-0.0184089
3.96681e-11	-0.0183946
3.96694e-11	-0.0183803
3.96708e-11	-0.0183661
3.96721e-11	-0.0183518
3.96735e-11	-0.0183375
3.96748e-11	-0.0183233
3.96762e-11	-0.018309
3.96776e-11	-0.0182948
3.96789e-11	-0.0182805
3.96803e-11	-0.0182663
3.96816e-11	-0.0182521
3.9683e-11	-0.0182379
3.96843e-11	-0.0182237
3.96857e-11	-0.0182095
3.9687e-11	-0.0181953
3.96884e-11	-0.0181811
3.96897e-11	-0.0181669
3.96911e-11	-0.0181528
3.96924e-11	-0.0181386
3.96938e-11	-0.0181245
3.96951e-11	-0.0181103
3.96965e-11	-0.0180962
3.96978e-11	-0.0180821
3.96992e-11	-0.018068
3.97005e-11	-0.0180539
3.97019e-11	-0.0180398
3.97033e-11	-0.0180257
3.97046e-11	-0.0180116
3.9706e-11	-0.0179975
3.97073e-11	-0.0179835
3.97087e-11	-0.0179694
3.971e-11	-0.0179554
3.97114e-11	-0.0179413
3.97127e-11	-0.0179273
3.97141e-11	-0.0179133
3.97154e-11	-0.0178992
3.97168e-11	-0.0178852
3.97181e-11	-0.0178712
3.97195e-11	-0.0178572
3.97208e-11	-0.0178433
3.97222e-11	-0.0178293
3.97235e-11	-0.0178153
3.97249e-11	-0.0178014
3.97262e-11	-0.0177874
3.97276e-11	-0.0177735
3.9729e-11	-0.0177595
3.97303e-11	-0.0177456
3.97317e-11	-0.0177317
3.9733e-11	-0.0177178
3.97344e-11	-0.0177039
3.97357e-11	-0.01769
3.97371e-11	-0.0176761
3.97384e-11	-0.0176622
3.97398e-11	-0.0176484
3.97411e-11	-0.0176345
3.97425e-11	-0.0176207
3.97438e-11	-0.0176068
3.97452e-11	-0.017593
3.97465e-11	-0.0175791
3.97479e-11	-0.0175653
3.97492e-11	-0.0175515
3.97506e-11	-0.0175377
3.97519e-11	-0.0175239
3.97533e-11	-0.0175101
3.97547e-11	-0.0174963
3.9756e-11	-0.0174826
3.97574e-11	-0.0174688
3.97587e-11	-0.0174551
3.97601e-11	-0.0174413
3.97614e-11	-0.0174276
3.97628e-11	-0.0174138
3.97641e-11	-0.0174001
3.97655e-11	-0.0173864
3.97668e-11	-0.0173727
3.97682e-11	-0.017359
3.97695e-11	-0.0173453
3.97709e-11	-0.0173316
3.97722e-11	-0.0173179
3.97736e-11	-0.0173043
3.97749e-11	-0.0172906
3.97763e-11	-0.017277
3.97776e-11	-0.0172633
3.9779e-11	-0.0172497
3.97804e-11	-0.0172361
3.97817e-11	-0.0172224
3.97831e-11	-0.0172088
3.97844e-11	-0.0171952
3.97858e-11	-0.0171816
3.97871e-11	-0.0171681
3.97885e-11	-0.0171545
3.97898e-11	-0.0171409
3.97912e-11	-0.0171273
3.97925e-11	-0.0171138
3.97939e-11	-0.0171002
3.97952e-11	-0.0170867
3.97966e-11	-0.0170732
3.97979e-11	-0.0170597
3.97993e-11	-0.0170461
3.98006e-11	-0.0170326
3.9802e-11	-0.0170191
3.98033e-11	-0.0170056
3.98047e-11	-0.0169922
3.98061e-11	-0.0169787
3.98074e-11	-0.0169652
3.98088e-11	-0.0169518
3.98101e-11	-0.0169383
3.98115e-11	-0.0169249
3.98128e-11	-0.0169114
3.98142e-11	-0.016898
3.98155e-11	-0.0168846
3.98169e-11	-0.0168712
3.98182e-11	-0.0168578
3.98196e-11	-0.0168444
3.98209e-11	-0.016831
3.98223e-11	-0.0168176
3.98236e-11	-0.0168042
3.9825e-11	-0.0167909
3.98263e-11	-0.0167775
3.98277e-11	-0.0167642
3.9829e-11	-0.0167508
3.98304e-11	-0.0167375
3.98318e-11	-0.0167242
3.98331e-11	-0.0167109
3.98345e-11	-0.0166976
3.98358e-11	-0.0166843
3.98372e-11	-0.016671
3.98385e-11	-0.0166577
3.98399e-11	-0.0166444
3.98412e-11	-0.0166311
3.98426e-11	-0.0166179
3.98439e-11	-0.0166046
3.98453e-11	-0.0165914
3.98466e-11	-0.0165782
3.9848e-11	-0.0165649
3.98493e-11	-0.0165517
3.98507e-11	-0.0165385
3.9852e-11	-0.0165253
3.98534e-11	-0.0165121
3.98547e-11	-0.0164989
3.98561e-11	-0.0164857
3.98575e-11	-0.0164726
3.98588e-11	-0.0164594
3.98602e-11	-0.0164462
3.98615e-11	-0.0164331
3.98629e-11	-0.0164199
3.98642e-11	-0.0164068
3.98656e-11	-0.0163937
3.98669e-11	-0.0163806
3.98683e-11	-0.0163675
3.98696e-11	-0.0163544
3.9871e-11	-0.0163413
3.98723e-11	-0.0163282
3.98737e-11	-0.0163151
3.9875e-11	-0.016302
3.98764e-11	-0.016289
3.98777e-11	-0.0162759
3.98791e-11	-0.0162629
3.98804e-11	-0.0162498
3.98818e-11	-0.0162368
3.98832e-11	-0.0162238
3.98845e-11	-0.0162108
3.98859e-11	-0.0161978
3.98872e-11	-0.0161848
3.98886e-11	-0.0161718
3.98899e-11	-0.0161588
3.98913e-11	-0.0161458
3.98926e-11	-0.0161328
3.9894e-11	-0.0161199
3.98953e-11	-0.0161069
3.98967e-11	-0.016094
3.9898e-11	-0.016081
3.98994e-11	-0.0160681
3.99007e-11	-0.0160552
3.99021e-11	-0.0160423
3.99034e-11	-0.0160294
3.99048e-11	-0.0160165
3.99061e-11	-0.0160036
3.99075e-11	-0.0159907
3.99089e-11	-0.0159778
3.99102e-11	-0.015965
3.99116e-11	-0.0159521
3.99129e-11	-0.0159393
3.99143e-11	-0.0159264
3.99156e-11	-0.0159136
3.9917e-11	-0.0159007
3.99183e-11	-0.0158879
3.99197e-11	-0.0158751
3.9921e-11	-0.0158623
3.99224e-11	-0.0158495
3.99237e-11	-0.0158367
3.99251e-11	-0.0158239
3.99264e-11	-0.0158112
3.99278e-11	-0.0157984
3.99291e-11	-0.0157856
3.99305e-11	-0.0157729
3.99318e-11	-0.0157602
3.99332e-11	-0.0157474
3.99346e-11	-0.0157347
3.99359e-11	-0.015722
3.99373e-11	-0.0157093
3.99386e-11	-0.0156966
3.994e-11	-0.0156839
3.99413e-11	-0.0156712
3.99427e-11	-0.0156585
3.9944e-11	-0.0156458
3.99454e-11	-0.0156332
3.99467e-11	-0.0156205
3.99481e-11	-0.0156079
3.99494e-11	-0.0155952
3.99508e-11	-0.0155826
3.99521e-11	-0.01557
3.99535e-11	-0.0155573
3.99548e-11	-0.0155447
3.99562e-11	-0.0155321
3.99575e-11	-0.0155195
3.99589e-11	-0.0155069
3.99603e-11	-0.0154944
3.99616e-11	-0.0154818
3.9963e-11	-0.0154692
3.99643e-11	-0.0154567
3.99657e-11	-0.0154441
3.9967e-11	-0.0154316
3.99684e-11	-0.015419
3.99697e-11	-0.0154065
3.99711e-11	-0.015394
3.99724e-11	-0.0153815
3.99738e-11	-0.015369
3.99751e-11	-0.0153565
3.99765e-11	-0.015344
3.99778e-11	-0.0153315
3.99792e-11	-0.015319
3.99805e-11	-0.0153066
3.99819e-11	-0.0152941
3.99832e-11	-0.0152817
3.99846e-11	-0.0152692
3.9986e-11	-0.0152568
3.99873e-11	-0.0152444
3.99887e-11	-0.015232
3.999e-11	-0.0152195
3.99914e-11	-0.0152071
3.99927e-11	-0.0151947
3.99941e-11	-0.0151824
3.99954e-11	-0.01517
3.99968e-11	-0.0151576
3.99981e-11	-0.0151452
3.99995e-11	-0.0151329
4.00008e-11	-0.0151205
4.00022e-11	-0.0151082
4.00035e-11	-0.0150959
4.00049e-11	-0.0150835
4.00062e-11	-0.0150712
4.00076e-11	-0.0150589
4.00089e-11	-0.0150466
4.00103e-11	-0.0150343
4.00117e-11	-0.015022
4.0013e-11	-0.0150097
4.00144e-11	-0.0149975
4.00157e-11	-0.0149852
4.00171e-11	-0.0149729
4.00184e-11	-0.0149607
4.00198e-11	-0.0149484
4.00211e-11	-0.0149362
4.00225e-11	-0.014924
4.00238e-11	-0.0149118
4.00252e-11	-0.0148995
4.00265e-11	-0.0148873
4.00279e-11	-0.0148751
4.00292e-11	-0.0148629
4.00306e-11	-0.0148508
4.00319e-11	-0.0148386
4.00333e-11	-0.0148264
4.00346e-11	-0.0148143
4.0036e-11	-0.0148021
4.00374e-11	-0.01479
4.00387e-11	-0.0147778
4.00401e-11	-0.0147657
4.00414e-11	-0.0147536
4.00428e-11	-0.0147415
4.00441e-11	-0.0147293
4.00455e-11	-0.0147173
4.00468e-11	-0.0147052
4.00482e-11	-0.0146931
4.00495e-11	-0.014681
4.00509e-11	-0.0146689
4.00522e-11	-0.0146569
4.00536e-11	-0.0146448
4.00549e-11	-0.0146328
4.00563e-11	-0.0146207
4.00576e-11	-0.0146087
4.0059e-11	-0.0145967
4.00603e-11	-0.0145847
4.00617e-11	-0.0145726
4.00631e-11	-0.0145606
4.00644e-11	-0.0145486
4.00658e-11	-0.0145367
4.00671e-11	-0.0145247
4.00685e-11	-0.0145127
4.00698e-11	-0.0145007
4.00712e-11	-0.0144888
4.00725e-11	-0.0144768
4.00739e-11	-0.0144649
4.00752e-11	-0.014453
4.00766e-11	-0.014441
4.00779e-11	-0.0144291
4.00793e-11	-0.0144172
4.00806e-11	-0.0144053
4.0082e-11	-0.0143934
4.00833e-11	-0.0143815
4.00847e-11	-0.0143696
4.0086e-11	-0.0143578
4.00874e-11	-0.0143459
4.00888e-11	-0.014334
4.00901e-11	-0.0143222
4.00915e-11	-0.0143103
4.00928e-11	-0.0142985
4.00942e-11	-0.0142867
4.00955e-11	-0.0142748
4.00969e-11	-0.014263
4.00982e-11	-0.0142512
4.00996e-11	-0.0142394
4.01009e-11	-0.0142276
4.01023e-11	-0.0142158
4.01036e-11	-0.0142041
4.0105e-11	-0.0141923
4.01063e-11	-0.0141805
4.01077e-11	-0.0141688
4.0109e-11	-0.014157
4.01104e-11	-0.0141453
4.01117e-11	-0.0141335
4.01131e-11	-0.0141218
4.01145e-11	-0.0141101
4.01158e-11	-0.0140984
4.01172e-11	-0.0140867
4.01185e-11	-0.014075
4.01199e-11	-0.0140633
4.01212e-11	-0.0140516
4.01226e-11	-0.0140399
4.01239e-11	-0.0140283
4.01253e-11	-0.0140166
4.01266e-11	-0.014005
4.0128e-11	-0.0139933
4.01293e-11	-0.0139817
4.01307e-11	-0.0139701
4.0132e-11	-0.0139584
4.01334e-11	-0.0139468
4.01347e-11	-0.0139352
4.01361e-11	-0.0139236
4.01374e-11	-0.013912
4.01388e-11	-0.0139004
4.01402e-11	-0.0138888
4.01415e-11	-0.0138773
4.01429e-11	-0.0138657
4.01442e-11	-0.0138542
4.01456e-11	-0.0138426
4.01469e-11	-0.0138311
4.01483e-11	-0.0138195
4.01496e-11	-0.013808
4.0151e-11	-0.0137965
4.01523e-11	-0.013785
4.01537e-11	-0.0137735
4.0155e-11	-0.013762
4.01564e-11	-0.0137505
4.01577e-11	-0.013739
4.01591e-11	-0.0137275
4.01604e-11	-0.013716
4.01618e-11	-0.0137046
4.01631e-11	-0.0136931
4.01645e-11	-0.0136817
4.01659e-11	-0.0136702
4.01672e-11	-0.0136588
4.01686e-11	-0.0136474
4.01699e-11	-0.013636
4.01713e-11	-0.0136246
4.01726e-11	-0.0136132
4.0174e-11	-0.0136018
4.01753e-11	-0.0135904
4.01767e-11	-0.013579
4.0178e-11	-0.0135676
4.01794e-11	-0.0135563
4.01807e-11	-0.0135449
4.01821e-11	-0.0135335
4.01834e-11	-0.0135222
4.01848e-11	-0.0135109
4.01861e-11	-0.0134995
4.01875e-11	-0.0134882
4.01888e-11	-0.0134769
4.01902e-11	-0.0134656
4.01916e-11	-0.0134543
4.01929e-11	-0.013443
4.01943e-11	-0.0134317
4.01956e-11	-0.0134204
4.0197e-11	-0.0134091
4.01983e-11	-0.0133979
4.01997e-11	-0.0133866
4.0201e-11	-0.0133754
4.02024e-11	-0.0133641
4.02037e-11	-0.0133529
4.02051e-11	-0.0133417
4.02064e-11	-0.0133304
4.02078e-11	-0.0133192
4.02091e-11	-0.013308
4.02105e-11	-0.0132968
4.02118e-11	-0.0132856
4.02132e-11	-0.0132744
4.02145e-11	-0.0132633
4.02159e-11	-0.0132521
4.02173e-11	-0.0132409
4.02186e-11	-0.0132298
4.022e-11	-0.0132186
4.02213e-11	-0.0132075
4.02227e-11	-0.0131963
4.0224e-11	-0.0131852
4.02254e-11	-0.0131741
4.02267e-11	-0.013163
4.02281e-11	-0.0131519
4.02294e-11	-0.0131408
4.02308e-11	-0.0131297
4.02321e-11	-0.0131186
4.02335e-11	-0.0131075
4.02348e-11	-0.0130965
4.02362e-11	-0.0130854
4.02375e-11	-0.0130743
4.02389e-11	-0.0130633
4.02403e-11	-0.0130522
4.02416e-11	-0.0130412
4.0243e-11	-0.0130302
4.02443e-11	-0.0130192
4.02457e-11	-0.0130081
4.0247e-11	-0.0129971
4.02484e-11	-0.0129861
4.02497e-11	-0.0129751
4.02511e-11	-0.0129642
4.02524e-11	-0.0129532
4.02538e-11	-0.0129422
4.02551e-11	-0.0129312
4.02565e-11	-0.0129203
4.02578e-11	-0.0129093
4.02592e-11	-0.0128984
4.02605e-11	-0.0128875
4.02619e-11	-0.0128765
4.02632e-11	-0.0128656
4.02646e-11	-0.0128547
4.0266e-11	-0.0128438
4.02673e-11	-0.0128329
4.02687e-11	-0.012822
4.027e-11	-0.0128111
4.02714e-11	-0.0128002
4.02727e-11	-0.0127894
4.02741e-11	-0.0127785
4.02754e-11	-0.0127676
4.02768e-11	-0.0127568
4.02781e-11	-0.012746
4.02795e-11	-0.0127351
4.02808e-11	-0.0127243
4.02822e-11	-0.0127135
4.02835e-11	-0.0127027
4.02849e-11	-0.0126918
4.02862e-11	-0.012681
4.02876e-11	-0.0126702
4.02889e-11	-0.0126595
4.02903e-11	-0.0126487
4.02917e-11	-0.0126379
4.0293e-11	-0.0126271
4.02944e-11	-0.0126164
4.02957e-11	-0.0126056
4.02971e-11	-0.0125949
4.02984e-11	-0.0125842
4.02998e-11	-0.0125734
4.03011e-11	-0.0125627
4.03025e-11	-0.012552
4.03038e-11	-0.0125413
4.03052e-11	-0.0125306
4.03065e-11	-0.0125199
4.03079e-11	-0.0125092
4.03092e-11	-0.0124985
4.03106e-11	-0.0124878
4.03119e-11	-0.0124772
4.03133e-11	-0.0124665
4.03146e-11	-0.0124559
4.0316e-11	-0.0124452
4.03174e-11	-0.0124346
4.03187e-11	-0.0124239
4.03201e-11	-0.0124133
4.03214e-11	-0.0124027
4.03228e-11	-0.0123921
4.03241e-11	-0.0123815
4.03255e-11	-0.0123709
4.03268e-11	-0.0123603
4.03282e-11	-0.0123497
4.03295e-11	-0.0123391
4.03309e-11	-0.0123286
4.03322e-11	-0.012318
4.03336e-11	-0.0123074
4.03349e-11	-0.0122969
4.03363e-11	-0.0122863
4.03376e-11	-0.0122758
4.0339e-11	-0.0122653
4.03403e-11	-0.0122548
4.03417e-11	-0.0122443
4.03431e-11	-0.0122337
4.03444e-11	-0.0122232
4.03458e-11	-0.0122128
4.03471e-11	-0.0122023
4.03485e-11	-0.0121918
4.03498e-11	-0.0121813
4.03512e-11	-0.0121708
4.03525e-11	-0.0121604
4.03539e-11	-0.0121499
4.03552e-11	-0.0121395
4.03566e-11	-0.0121291
4.03579e-11	-0.0121186
4.03593e-11	-0.0121082
4.03606e-11	-0.0120978
4.0362e-11	-0.0120874
4.03633e-11	-0.012077
4.03647e-11	-0.0120666
4.0366e-11	-0.0120562
4.03674e-11	-0.0120458
4.03688e-11	-0.0120354
4.03701e-11	-0.0120251
4.03715e-11	-0.0120147
4.03728e-11	-0.0120043
4.03742e-11	-0.011994
4.03755e-11	-0.0119837
4.03769e-11	-0.0119733
4.03782e-11	-0.011963
4.03796e-11	-0.0119527
4.03809e-11	-0.0119424
4.03823e-11	-0.011932
4.03836e-11	-0.0119217
4.0385e-11	-0.0119115
4.03863e-11	-0.0119012
4.03877e-11	-0.0118909
4.0389e-11	-0.0118806
4.03904e-11	-0.0118703
4.03917e-11	-0.0118601
4.03931e-11	-0.0118498
4.03945e-11	-0.0118396
4.03958e-11	-0.0118294
4.03972e-11	-0.0118191
4.03985e-11	-0.0118089
4.03999e-11	-0.0117987
4.04012e-11	-0.0117885
4.04026e-11	-0.0117783
4.04039e-11	-0.0117681
4.04053e-11	-0.0117579
4.04066e-11	-0.0117477
4.0408e-11	-0.0117375
4.04093e-11	-0.0117273
4.04107e-11	-0.0117172
4.0412e-11	-0.011707
4.04134e-11	-0.0116969
4.04147e-11	-0.0116867
4.04161e-11	-0.0116766
4.04174e-11	-0.0116665
4.04188e-11	-0.0116563
4.04202e-11	-0.0116462
4.04215e-11	-0.0116361
4.04229e-11	-0.011626
4.04242e-11	-0.0116159
4.04256e-11	-0.0116058
4.04269e-11	-0.0115957
4.04283e-11	-0.0115857
4.04296e-11	-0.0115756
4.0431e-11	-0.0115655
4.04323e-11	-0.0115555
4.04337e-11	-0.0115454
4.0435e-11	-0.0115354
4.04364e-11	-0.0115254
4.04377e-11	-0.0115153
4.04391e-11	-0.0115053
4.04404e-11	-0.0114953
4.04418e-11	-0.0114853
4.04431e-11	-0.0114753
4.04445e-11	-0.0114653
4.04459e-11	-0.0114553
4.04472e-11	-0.0114453
4.04486e-11	-0.0114353
4.04499e-11	-0.0114254
4.04513e-11	-0.0114154
4.04526e-11	-0.0114055
4.0454e-11	-0.0113955
4.04553e-11	-0.0113856
4.04567e-11	-0.0113756
4.0458e-11	-0.0113657
4.04594e-11	-0.0113558
4.04607e-11	-0.0113459
4.04621e-11	-0.011336
4.04634e-11	-0.0113261
4.04648e-11	-0.0113162
4.04661e-11	-0.0113063
4.04675e-11	-0.0112964
4.04688e-11	-0.0112865
4.04702e-11	-0.0112767
4.04716e-11	-0.0112668
4.04729e-11	-0.0112569
4.04743e-11	-0.0112471
4.04756e-11	-0.0112373
4.0477e-11	-0.0112274
4.04783e-11	-0.0112176
4.04797e-11	-0.0112078
4.0481e-11	-0.011198
4.04824e-11	-0.0111882
4.04837e-11	-0.0111784
4.04851e-11	-0.0111686
4.04864e-11	-0.0111588
4.04878e-11	-0.011149
4.04891e-11	-0.0111392
4.04905e-11	-0.0111295
4.04918e-11	-0.0111197
4.04932e-11	-0.0111099
4.04945e-11	-0.0111002
4.04959e-11	-0.0110904
4.04973e-11	-0.0110807
4.04986e-11	-0.011071
4.05e-11	-0.0110613
4.05013e-11	-0.0110515
4.05027e-11	-0.0110418
4.0504e-11	-0.0110321
4.05054e-11	-0.0110224
4.05067e-11	-0.0110128
4.05081e-11	-0.0110031
4.05094e-11	-0.0109934
4.05108e-11	-0.0109837
4.05121e-11	-0.0109741
4.05135e-11	-0.0109644
4.05148e-11	-0.0109548
4.05162e-11	-0.0109451
4.05175e-11	-0.0109355
4.05189e-11	-0.0109259
4.05202e-11	-0.0109162
4.05216e-11	-0.0109066
4.0523e-11	-0.010897
4.05243e-11	-0.0108874
4.05257e-11	-0.0108778
4.0527e-11	-0.0108682
4.05284e-11	-0.0108586
4.05297e-11	-0.0108491
4.05311e-11	-0.0108395
4.05324e-11	-0.0108299
4.05338e-11	-0.0108204
4.05351e-11	-0.0108108
4.05365e-11	-0.0108013
4.05378e-11	-0.0107917
4.05392e-11	-0.0107822
4.05405e-11	-0.0107727
4.05419e-11	-0.0107632
4.05432e-11	-0.0107537
4.05446e-11	-0.0107441
4.05459e-11	-0.0107347
4.05473e-11	-0.0107252
4.05487e-11	-0.0107157
4.055e-11	-0.0107062
4.05514e-11	-0.0106967
4.05527e-11	-0.0106873
4.05541e-11	-0.0106778
4.05554e-11	-0.0106683
4.05568e-11	-0.0106589
4.05581e-11	-0.0106495
4.05595e-11	-0.01064
4.05608e-11	-0.0106306
4.05622e-11	-0.0106212
4.05635e-11	-0.0106118
4.05649e-11	-0.0106024
4.05662e-11	-0.010593
4.05676e-11	-0.0105836
4.05689e-11	-0.0105742
4.05703e-11	-0.0105648
4.05716e-11	-0.0105554
4.0573e-11	-0.010546
4.05744e-11	-0.0105367
4.05757e-11	-0.0105273
4.05771e-11	-0.010518
4.05784e-11	-0.0105086
4.05798e-11	-0.0104993
4.05811e-11	-0.01049
4.05825e-11	-0.0104806
4.05838e-11	-0.0104713
4.05852e-11	-0.010462
4.05865e-11	-0.0104527
4.05879e-11	-0.0104434
4.05892e-11	-0.0104341
4.05906e-11	-0.0104248
4.05919e-11	-0.0104156
4.05933e-11	-0.0104063
4.05946e-11	-0.010397
4.0596e-11	-0.0103878
4.05973e-11	-0.0103785
4.05987e-11	-0.0103693
4.06001e-11	-0.01036
4.06014e-11	-0.0103508
4.06028e-11	-0.0103416
4.06041e-11	-0.0103323
4.06055e-11	-0.0103231
4.06068e-11	-0.0103139
4.06082e-11	-0.0103047
4.06095e-11	-0.0102955
4.06109e-11	-0.0102863
4.06122e-11	-0.0102772
4.06136e-11	-0.010268
4.06149e-11	-0.0102588
4.06163e-11	-0.0102496
4.06176e-11	-0.0102405
4.0619e-11	-0.0102313
4.06203e-11	-0.0102222
4.06217e-11	-0.0102131
4.0623e-11	-0.0102039
4.06244e-11	-0.0101948
4.06258e-11	-0.0101857
4.06271e-11	-0.0101766
4.06285e-11	-0.0101675
4.06298e-11	-0.0101584
4.06312e-11	-0.0101493
4.06325e-11	-0.0101402
4.06339e-11	-0.0101311
4.06352e-11	-0.010122
4.06366e-11	-0.010113
4.06379e-11	-0.0101039
4.06393e-11	-0.0100948
4.06406e-11	-0.0100858
4.0642e-11	-0.0100767
4.06433e-11	-0.0100677
4.06447e-11	-0.0100587
4.0646e-11	-0.0100496
4.06474e-11	-0.0100406
4.06487e-11	-0.0100316
4.06501e-11	-0.0100226
4.06515e-11	-0.0100136
4.06528e-11	-0.0100046
4.06542e-11	-0.00999564
4.06555e-11	-0.00998665
4.06569e-11	-0.00997768
4.06582e-11	-0.00996871
4.06596e-11	-0.00995975
4.06609e-11	-0.0099508
4.06623e-11	-0.00994185
4.06636e-11	-0.00993291
4.0665e-11	-0.00992397
4.06663e-11	-0.00991504
4.06677e-11	-0.00990612
4.0669e-11	-0.0098972
4.06704e-11	-0.00988829
4.06717e-11	-0.00987938
4.06731e-11	-0.00987048
4.06744e-11	-0.00986159
4.06758e-11	-0.0098527
4.06772e-11	-0.00984382
4.06785e-11	-0.00983495
4.06799e-11	-0.00982608
4.06812e-11	-0.00981722
4.06826e-11	-0.00980836
4.06839e-11	-0.00979952
4.06853e-11	-0.00979067
4.06866e-11	-0.00978184
4.0688e-11	-0.00977301
4.06893e-11	-0.00976418
4.06907e-11	-0.00975536
4.0692e-11	-0.00974655
4.06934e-11	-0.00973775
4.06947e-11	-0.00972895
4.06961e-11	-0.00972015
4.06974e-11	-0.00971137
4.06988e-11	-0.00970259
4.07001e-11	-0.00969381
4.07015e-11	-0.00968504
4.07029e-11	-0.00967628
4.07042e-11	-0.00966753
4.07056e-11	-0.00965878
4.07069e-11	-0.00965003
4.07083e-11	-0.00964129
4.07096e-11	-0.00963256
4.0711e-11	-0.00962384
4.07123e-11	-0.00961512
4.07137e-11	-0.00960641
4.0715e-11	-0.0095977
4.07164e-11	-0.009589
4.07177e-11	-0.0095803
4.07191e-11	-0.00957162
4.07204e-11	-0.00956293
4.07218e-11	-0.00955426
4.07231e-11	-0.00954559
4.07245e-11	-0.00953692
4.07258e-11	-0.00952827
4.07272e-11	-0.00951961
4.07286e-11	-0.00951097
4.07299e-11	-0.00950233
4.07313e-11	-0.0094937
4.07326e-11	-0.00948507
4.0734e-11	-0.00947645
4.07353e-11	-0.00946783
4.07367e-11	-0.00945923
4.0738e-11	-0.00945062
4.07394e-11	-0.00944203
4.07407e-11	-0.00943344
4.07421e-11	-0.00942485
4.07434e-11	-0.00941627
4.07448e-11	-0.0094077
4.07461e-11	-0.00939914
4.07475e-11	-0.00939058
4.07488e-11	-0.00938202
4.07502e-11	-0.00937347
4.07515e-11	-0.00936493
4.07529e-11	-0.0093564
4.07543e-11	-0.00934787
4.07556e-11	-0.00933934
4.0757e-11	-0.00933083
4.07583e-11	-0.00932232
4.07597e-11	-0.00931381
4.0761e-11	-0.00930531
4.07624e-11	-0.00929682
4.07637e-11	-0.00928833
4.07651e-11	-0.00927985
4.07664e-11	-0.00927138
4.07678e-11	-0.00926291
4.07691e-11	-0.00925444
4.07705e-11	-0.00924599
4.07718e-11	-0.00923754
4.07732e-11	-0.00922909
4.07745e-11	-0.00922065
4.07759e-11	-0.00921222
4.07772e-11	-0.00920379
4.07786e-11	-0.00919537
4.078e-11	-0.00918696
4.07813e-11	-0.00917855
4.07827e-11	-0.00917015
4.0784e-11	-0.00916175
4.07854e-11	-0.00915336
4.07867e-11	-0.00914497
4.07881e-11	-0.0091366
4.07894e-11	-0.00912822
4.07908e-11	-0.00911986
4.07921e-11	-0.0091115
4.07935e-11	-0.00910314
4.07948e-11	-0.00909479
4.07962e-11	-0.00908645
4.07975e-11	-0.00907811
4.07989e-11	-0.00906978
4.08002e-11	-0.00906146
4.08016e-11	-0.00905314
4.08029e-11	-0.00904483
4.08043e-11	-0.00903652
4.08057e-11	-0.00902822
4.0807e-11	-0.00901992
4.08084e-11	-0.00901163
4.08097e-11	-0.00900335
4.08111e-11	-0.00899507
4.08124e-11	-0.0089868
4.08138e-11	-0.00897854
4.08151e-11	-0.00897028
4.08165e-11	-0.00896203
4.08178e-11	-0.00895378
4.08192e-11	-0.00894554
4.08205e-11	-0.0089373
4.08219e-11	-0.00892907
4.08232e-11	-0.00892085
4.08246e-11	-0.00891263
4.08259e-11	-0.00890442
4.08273e-11	-0.00889621
4.08286e-11	-0.00888801
4.083e-11	-0.00887982
4.08314e-11	-0.00887163
4.08327e-11	-0.00886345
4.08341e-11	-0.00885527
4.08354e-11	-0.0088471
4.08368e-11	-0.00883894
4.08381e-11	-0.00883078
4.08395e-11	-0.00882263
4.08408e-11	-0.00881448
4.08422e-11	-0.00880634
4.08435e-11	-0.0087982
4.08449e-11	-0.00879007
4.08462e-11	-0.00878195
4.08476e-11	-0.00877383
4.08489e-11	-0.00876572
4.08503e-11	-0.00875762
4.08516e-11	-0.00874952
4.0853e-11	-0.00874142
4.08543e-11	-0.00873333
4.08557e-11	-0.00872525
4.08571e-11	-0.00871718
4.08584e-11	-0.00870911
4.08598e-11	-0.00870104
4.08611e-11	-0.00869298
4.08625e-11	-0.00868493
4.08638e-11	-0.00867688
4.08652e-11	-0.00866884
4.08665e-11	-0.0086608
4.08679e-11	-0.00865277
4.08692e-11	-0.00864475
4.08706e-11	-0.00863673
4.08719e-11	-0.00862872
4.08733e-11	-0.00862071
4.08746e-11	-0.00861271
4.0876e-11	-0.00860472
4.08773e-11	-0.00859673
4.08787e-11	-0.00858875
4.088e-11	-0.00858077
4.08814e-11	-0.0085728
4.08828e-11	-0.00856483
4.08841e-11	-0.00855687
4.08855e-11	-0.00854892
4.08868e-11	-0.00854097
4.08882e-11	-0.00853303
4.08895e-11	-0.00852509
4.08909e-11	-0.00851716
4.08922e-11	-0.00850923
4.08936e-11	-0.00850132
4.08949e-11	-0.0084934
4.08963e-11	-0.00848549
4.08976e-11	-0.00847759
4.0899e-11	-0.0084697
4.09003e-11	-0.00846181
4.09017e-11	-0.00845392
4.0903e-11	-0.00844604
4.09044e-11	-0.00843817
4.09057e-11	-0.0084303
4.09071e-11	-0.00842244
4.09085e-11	-0.00841458
4.09098e-11	-0.00840673
4.09112e-11	-0.00839889
4.09125e-11	-0.00839105
4.09139e-11	-0.00838322
4.09152e-11	-0.00837539
4.09166e-11	-0.00836757
4.09179e-11	-0.00835975
4.09193e-11	-0.00835194
4.09206e-11	-0.00834414
4.0922e-11	-0.00833634
4.09233e-11	-0.00832854
4.09247e-11	-0.00832076
4.0926e-11	-0.00831298
4.09274e-11	-0.0083052
4.09287e-11	-0.00829743
4.09301e-11	-0.00828966
4.09314e-11	-0.00828191
4.09328e-11	-0.00827415
4.09342e-11	-0.00826641
4.09355e-11	-0.00825866
4.09369e-11	-0.00825093
4.09382e-11	-0.0082432
4.09396e-11	-0.00823547
4.09409e-11	-0.00822775
4.09423e-11	-0.00822004
4.09436e-11	-0.00821233
4.0945e-11	-0.00820463
4.09463e-11	-0.00819693
4.09477e-11	-0.00818924
4.0949e-11	-0.00818156
4.09504e-11	-0.00817388
4.09517e-11	-0.00816621
4.09531e-11	-0.00815854
4.09544e-11	-0.00815088
4.09558e-11	-0.00814322
4.09571e-11	-0.00813557
4.09585e-11	-0.00812792
4.09599e-11	-0.00812028
4.09612e-11	-0.00811265
4.09626e-11	-0.00810502
4.09639e-11	-0.0080974
4.09653e-11	-0.00808978
4.09666e-11	-0.00808217
4.0968e-11	-0.00807456
4.09693e-11	-0.00806696
4.09707e-11	-0.00805937
4.0972e-11	-0.00805178
4.09734e-11	-0.00804419
4.09747e-11	-0.00803662
4.09761e-11	-0.00802904
4.09774e-11	-0.00802148
4.09788e-11	-0.00801392
4.09801e-11	-0.00800636
4.09815e-11	-0.00799881
4.09828e-11	-0.00799126
4.09842e-11	-0.00798373
4.09856e-11	-0.00797619
4.09869e-11	-0.00796867
4.09883e-11	-0.00796114
4.09896e-11	-0.00795363
4.0991e-11	-0.00794612
4.09923e-11	-0.00793861
4.09937e-11	-0.00793111
4.0995e-11	-0.00792362
4.09964e-11	-0.00791613
4.09977e-11	-0.00790864
4.09991e-11	-0.00790117
4.10004e-11	-0.00789369
4.10018e-11	-0.00788623
4.10031e-11	-0.00787877
4.10045e-11	-0.00787131
4.10058e-11	-0.00786386
4.10072e-11	-0.00785642
4.10085e-11	-0.00784898
4.10099e-11	-0.00784155
4.10113e-11	-0.00783412
4.10126e-11	-0.0078267
4.1014e-11	-0.00781928
4.10153e-11	-0.00781187
4.10167e-11	-0.00780446
4.1018e-11	-0.00779706
4.10194e-11	-0.00778967
4.10207e-11	-0.00778228
4.10221e-11	-0.0077749
4.10234e-11	-0.00776752
4.10248e-11	-0.00776014
4.10261e-11	-0.00775278
4.10275e-11	-0.00774542
4.10288e-11	-0.00773806
4.10302e-11	-0.00773071
4.10315e-11	-0.00772336
4.10329e-11	-0.00771602
4.10342e-11	-0.00770869
4.10356e-11	-0.00770136
4.1037e-11	-0.00769404
4.10383e-11	-0.00768672
4.10397e-11	-0.00767941
4.1041e-11	-0.0076721
4.10424e-11	-0.0076648
4.10437e-11	-0.00765751
4.10451e-11	-0.00765021
4.10464e-11	-0.00764293
4.10478e-11	-0.00763565
4.10491e-11	-0.00762838
4.10505e-11	-0.00762111
4.10518e-11	-0.00761384
4.10532e-11	-0.00760659
4.10545e-11	-0.00759933
4.10559e-11	-0.00759209
4.10572e-11	-0.00758485
4.10586e-11	-0.00757761
4.10599e-11	-0.00757038
4.10613e-11	-0.00756316
4.10627e-11	-0.00755594
4.1064e-11	-0.00754872
4.10654e-11	-0.00754151
4.10667e-11	-0.00753431
4.10681e-11	-0.00752711
4.10694e-11	-0.00751992
4.10708e-11	-0.00751273
4.10721e-11	-0.00750555
4.10735e-11	-0.00749837
4.10748e-11	-0.0074912
4.10762e-11	-0.00748404
4.10775e-11	-0.00747688
4.10789e-11	-0.00746972
4.10802e-11	-0.00746257
4.10816e-11	-0.00745543
4.10829e-11	-0.00744829
4.10843e-11	-0.00744116
4.10856e-11	-0.00743403
4.1087e-11	-0.00742691
4.10884e-11	-0.00741979
4.10897e-11	-0.00741268
4.10911e-11	-0.00740557
4.10924e-11	-0.00739847
4.10938e-11	-0.00739137
4.10951e-11	-0.00738428
4.10965e-11	-0.0073772
4.10978e-11	-0.00737012
4.10992e-11	-0.00736304
4.11005e-11	-0.00735597
4.11019e-11	-0.00734891
4.11032e-11	-0.00734185
4.11046e-11	-0.0073348
4.11059e-11	-0.00732775
4.11073e-11	-0.00732071
4.11086e-11	-0.00731367
4.111e-11	-0.00730664
4.11113e-11	-0.00729962
4.11127e-11	-0.00729259
4.11141e-11	-0.00728558
4.11154e-11	-0.00727857
4.11168e-11	-0.00727156
4.11181e-11	-0.00726456
4.11195e-11	-0.00725757
4.11208e-11	-0.00725058
4.11222e-11	-0.0072436
4.11235e-11	-0.00723662
4.11249e-11	-0.00722964
4.11262e-11	-0.00722268
4.11276e-11	-0.00721571
4.11289e-11	-0.00720876
4.11303e-11	-0.0072018
4.11316e-11	-0.00719486
4.1133e-11	-0.00718792
4.11343e-11	-0.00718098
4.11357e-11	-0.00717405
4.1137e-11	-0.00716712
4.11384e-11	-0.0071602
4.11398e-11	-0.00715329
4.11411e-11	-0.00714638
4.11425e-11	-0.00713947
4.11438e-11	-0.00713257
4.11452e-11	-0.00712568
4.11465e-11	-0.00711879
4.11479e-11	-0.00711191
4.11492e-11	-0.00710503
4.11506e-11	-0.00709815
4.11519e-11	-0.00709129
4.11533e-11	-0.00708442
4.11546e-11	-0.00707757
4.1156e-11	-0.00707071
4.11573e-11	-0.00706387
4.11587e-11	-0.00705702
4.116e-11	-0.00705019
4.11614e-11	-0.00704336
4.11627e-11	-0.00703653
4.11641e-11	-0.00702971
4.11655e-11	-0.00702289
4.11668e-11	-0.00701608
4.11682e-11	-0.00700928
4.11695e-11	-0.00700248
4.11709e-11	-0.00699568
4.11722e-11	-0.00698889
4.11736e-11	-0.00698211
4.11749e-11	-0.00697533
4.11763e-11	-0.00696855
4.11776e-11	-0.00696179
4.1179e-11	-0.00695502
4.11803e-11	-0.00694826
4.11817e-11	-0.00694151
4.1183e-11	-0.00693476
4.11844e-11	-0.00692802
4.11857e-11	-0.00692128
4.11871e-11	-0.00691455
4.11884e-11	-0.00690782
4.11898e-11	-0.0069011
4.11912e-11	-0.00689438
4.11925e-11	-0.00688767
4.11939e-11	-0.00688096
4.11952e-11	-0.00687426
4.11966e-11	-0.00686756
4.11979e-11	-0.00686087
4.11993e-11	-0.00685418
4.12006e-11	-0.0068475
4.1202e-11	-0.00684083
4.12033e-11	-0.00683416
4.12047e-11	-0.00682749
4.1206e-11	-0.00682083
4.12074e-11	-0.00681417
4.12087e-11	-0.00680752
4.12101e-11	-0.00680088
4.12114e-11	-0.00679424
4.12128e-11	-0.0067876
4.12141e-11	-0.00678097
4.12155e-11	-0.00677435
4.12169e-11	-0.00676773
4.12182e-11	-0.00676111
4.12196e-11	-0.0067545
4.12209e-11	-0.0067479
4.12223e-11	-0.0067413
4.12236e-11	-0.0067347
4.1225e-11	-0.00672811
4.12263e-11	-0.00672153
4.12277e-11	-0.00671495
4.1229e-11	-0.00670838
4.12304e-11	-0.00670181
4.12317e-11	-0.00669524
4.12331e-11	-0.00668868
4.12344e-11	-0.00668213
4.12358e-11	-0.00667558
4.12371e-11	-0.00666904
4.12385e-11	-0.0066625
4.12398e-11	-0.00665597
4.12412e-11	-0.00664944
4.12426e-11	-0.00664291
4.12439e-11	-0.0066364
4.12453e-11	-0.00662988
4.12466e-11	-0.00662337
4.1248e-11	-0.00661687
4.12493e-11	-0.00661037
4.12507e-11	-0.00660388
4.1252e-11	-0.00659739
4.12534e-11	-0.00659091
4.12547e-11	-0.00658443
4.12561e-11	-0.00657796
4.12574e-11	-0.00657149
4.12588e-11	-0.00656503
4.12601e-11	-0.00655857
4.12615e-11	-0.00655212
4.12628e-11	-0.00654567
4.12642e-11	-0.00653922
4.12655e-11	-0.00653279
4.12669e-11	-0.00652635
4.12683e-11	-0.00651992
4.12696e-11	-0.0065135
4.1271e-11	-0.00650708
4.12723e-11	-0.00650067
4.12737e-11	-0.00649426
4.1275e-11	-0.00648786
4.12764e-11	-0.00648146
4.12777e-11	-0.00647507
4.12791e-11	-0.00646868
4.12804e-11	-0.0064623
4.12818e-11	-0.00645592
4.12831e-11	-0.00644955
4.12845e-11	-0.00644318
4.12858e-11	-0.00643681
4.12872e-11	-0.00643046
4.12885e-11	-0.0064241
4.12899e-11	-0.00641775
4.12912e-11	-0.00641141
4.12926e-11	-0.00640507
4.1294e-11	-0.00639874
4.12953e-11	-0.00639241
4.12967e-11	-0.00638609
4.1298e-11	-0.00637977
4.12994e-11	-0.00637345
4.13007e-11	-0.00636715
4.13021e-11	-0.00636084
4.13034e-11	-0.00635454
4.13048e-11	-0.00634825
4.13061e-11	-0.00634196
4.13075e-11	-0.00633567
4.13088e-11	-0.0063294
4.13102e-11	-0.00632312
4.13115e-11	-0.00631685
4.13129e-11	-0.00631059
4.13142e-11	-0.00630433
4.13156e-11	-0.00629807
4.13169e-11	-0.00629182
4.13183e-11	-0.00628558
4.13197e-11	-0.00627934
4.1321e-11	-0.0062731
4.13224e-11	-0.00626687
4.13237e-11	-0.00626065
4.13251e-11	-0.00625443
4.13264e-11	-0.00624821
4.13278e-11	-0.006242
4.13291e-11	-0.00623579
4.13305e-11	-0.00622959
4.13318e-11	-0.0062234
4.13332e-11	-0.0062172
4.13345e-11	-0.00621102
4.13359e-11	-0.00620484
4.13372e-11	-0.00619866
4.13386e-11	-0.00619249
4.13399e-11	-0.00618632
4.13413e-11	-0.00618016
4.13426e-11	-0.006174
4.1344e-11	-0.00616785
4.13454e-11	-0.0061617
4.13467e-11	-0.00615556
4.13481e-11	-0.00614942
4.13494e-11	-0.00614329
4.13508e-11	-0.00613716
4.13521e-11	-0.00613104
4.13535e-11	-0.00612492
4.13548e-11	-0.0061188
4.13562e-11	-0.00611269
4.13575e-11	-0.00610659
4.13589e-11	-0.00610049
4.13602e-11	-0.0060944
4.13616e-11	-0.00608831
4.13629e-11	-0.00608222
4.13643e-11	-0.00607614
4.13656e-11	-0.00607007
4.1367e-11	-0.006064
4.13683e-11	-0.00605793
4.13697e-11	-0.00605187
4.13711e-11	-0.00604581
4.13724e-11	-0.00603976
4.13738e-11	-0.00603371
4.13751e-11	-0.00602767
4.13765e-11	-0.00602164
4.13778e-11	-0.0060156
4.13792e-11	-0.00600958
4.13805e-11	-0.00600355
4.13819e-11	-0.00599754
4.13832e-11	-0.00599152
4.13846e-11	-0.00598551
4.13859e-11	-0.00597951
4.13873e-11	-0.00597351
4.13886e-11	-0.00596752
4.139e-11	-0.00596153
4.13913e-11	-0.00595554
4.13927e-11	-0.00594956
4.1394e-11	-0.00594359
4.13954e-11	-0.00593762
4.13968e-11	-0.00593165
4.13981e-11	-0.00592569
4.13995e-11	-0.00591974
4.14008e-11	-0.00591378
4.14022e-11	-0.00590784
4.14035e-11	-0.0059019
4.14049e-11	-0.00589596
4.14062e-11	-0.00589003
4.14076e-11	-0.0058841
4.14089e-11	-0.00587817
4.14103e-11	-0.00587226
4.14116e-11	-0.00586634
4.1413e-11	-0.00586043
4.14143e-11	-0.00585453
4.14157e-11	-0.00584863
4.1417e-11	-0.00584274
4.14184e-11	-0.00583684
4.14197e-11	-0.00583096
4.14211e-11	-0.00582508
4.14225e-11	-0.0058192
4.14238e-11	-0.00581333
4.14252e-11	-0.00580746
4.14265e-11	-0.0058016
4.14279e-11	-0.00579574
4.14292e-11	-0.00578989
4.14306e-11	-0.00578404
4.14319e-11	-0.0057782
4.14333e-11	-0.00577236
4.14346e-11	-0.00576653
4.1436e-11	-0.0057607
4.14373e-11	-0.00575487
4.14387e-11	-0.00574905
4.144e-11	-0.00574324
4.14414e-11	-0.00573743
4.14427e-11	-0.00573162
4.14441e-11	-0.00572582
4.14454e-11	-0.00572002
4.14468e-11	-0.00571423
4.14482e-11	-0.00570844
4.14495e-11	-0.00570266
4.14509e-11	-0.00569688
4.14522e-11	-0.00569111
4.14536e-11	-0.00568534
4.14549e-11	-0.00567958
4.14563e-11	-0.00567382
4.14576e-11	-0.00566806
4.1459e-11	-0.00566231
4.14603e-11	-0.00565656
4.14617e-11	-0.00565082
4.1463e-11	-0.00564509
4.14644e-11	-0.00563935
4.14657e-11	-0.00563363
4.14671e-11	-0.0056279
4.14684e-11	-0.00562218
4.14698e-11	-0.00561647
4.14711e-11	-0.00561076
4.14725e-11	-0.00560506
4.14739e-11	-0.00559936
4.14752e-11	-0.00559366
4.14766e-11	-0.00558797
4.14779e-11	-0.00558229
4.14793e-11	-0.0055766
4.14806e-11	-0.00557093
4.1482e-11	-0.00556525
4.14833e-11	-0.00555959
4.14847e-11	-0.00555392
4.1486e-11	-0.00554826
4.14874e-11	-0.00554261
4.14887e-11	-0.00553696
4.14901e-11	-0.00553131
4.14914e-11	-0.00552567
4.14928e-11	-0.00552004
4.14941e-11	-0.00551441
4.14955e-11	-0.00550878
4.14968e-11	-0.00550316
4.14982e-11	-0.00549754
4.14996e-11	-0.00549193
4.15009e-11	-0.00548632
4.15023e-11	-0.00548071
4.15036e-11	-0.00547511
4.1505e-11	-0.00546952
4.15063e-11	-0.00546393
4.15077e-11	-0.00545834
4.1509e-11	-0.00545276
4.15104e-11	-0.00544718
4.15117e-11	-0.00544161
4.15131e-11	-0.00543604
4.15144e-11	-0.00543048
4.15158e-11	-0.00542492
4.15171e-11	-0.00541936
4.15185e-11	-0.00541381
4.15198e-11	-0.00540827
4.15212e-11	-0.00540273
4.15225e-11	-0.00539719
4.15239e-11	-0.00539166
4.15253e-11	-0.00538613
4.15266e-11	-0.00538061
4.1528e-11	-0.00537509
4.15293e-11	-0.00536958
4.15307e-11	-0.00536407
4.1532e-11	-0.00535856
4.15334e-11	-0.00535306
4.15347e-11	-0.00534756
4.15361e-11	-0.00534207
4.15374e-11	-0.00533658
4.15388e-11	-0.0053311
4.15401e-11	-0.00532562
4.15415e-11	-0.00532015
4.15428e-11	-0.00531468
4.15442e-11	-0.00530921
4.15455e-11	-0.00530375
4.15469e-11	-0.0052983
4.15482e-11	-0.00529284
4.15496e-11	-0.0052874
4.1551e-11	-0.00528196
4.15523e-11	-0.00527652
4.15537e-11	-0.00527108
4.1555e-11	-0.00526565
4.15564e-11	-0.00526023
4.15577e-11	-0.00525481
4.15591e-11	-0.00524939
4.15604e-11	-0.00524398
4.15618e-11	-0.00523857
4.15631e-11	-0.00523317
4.15645e-11	-0.00522777
4.15658e-11	-0.00522237
4.15672e-11	-0.00521698
4.15685e-11	-0.0052116
4.15699e-11	-0.00520622
4.15712e-11	-0.00520084
4.15726e-11	-0.00519547
4.15739e-11	-0.0051901
4.15753e-11	-0.00518474
4.15767e-11	-0.00517938
4.1578e-11	-0.00517402
4.15794e-11	-0.00516867
4.15807e-11	-0.00516333
4.15821e-11	-0.00515799
4.15834e-11	-0.00515265
4.15848e-11	-0.00514732
4.15861e-11	-0.00514199
4.15875e-11	-0.00513666
4.15888e-11	-0.00513134
4.15902e-11	-0.00512603
4.15915e-11	-0.00512072
4.15929e-11	-0.00511541
4.15942e-11	-0.00511011
4.15956e-11	-0.00510481
4.15969e-11	-0.00509952
4.15983e-11	-0.00509423
4.15996e-11	-0.00508894
4.1601e-11	-0.00508366
4.16024e-11	-0.00507838
4.16037e-11	-0.00507311
4.16051e-11	-0.00506784
4.16064e-11	-0.00506258
4.16078e-11	-0.00505732
4.16091e-11	-0.00505207
4.16105e-11	-0.00504682
4.16118e-11	-0.00504157
4.16132e-11	-0.00503633
4.16145e-11	-0.00503109
4.16159e-11	-0.00502586
4.16172e-11	-0.00502063
4.16186e-11	-0.00501541
4.16199e-11	-0.00501019
4.16213e-11	-0.00500497
4.16226e-11	-0.00499976
4.1624e-11	-0.00499455
4.16253e-11	-0.00498935
4.16267e-11	-0.00498415
4.16281e-11	-0.00497895
4.16294e-11	-0.00497376
4.16308e-11	-0.00496858
4.16321e-11	-0.0049634
4.16335e-11	-0.00495822
4.16348e-11	-0.00495305
4.16362e-11	-0.00494788
4.16375e-11	-0.00494271
4.16389e-11	-0.00493755
4.16402e-11	-0.0049324
4.16416e-11	-0.00492724
4.16429e-11	-0.0049221
4.16443e-11	-0.00491695
4.16456e-11	-0.00491182
4.1647e-11	-0.00490668
4.16483e-11	-0.00490155
4.16497e-11	-0.00489642
4.1651e-11	-0.0048913
4.16524e-11	-0.00488618
4.16538e-11	-0.00488107
4.16551e-11	-0.00487596
4.16565e-11	-0.00487086
4.16578e-11	-0.00486576
4.16592e-11	-0.00486066
4.16605e-11	-0.00485557
4.16619e-11	-0.00485048
4.16632e-11	-0.00484539
4.16646e-11	-0.00484032
4.16659e-11	-0.00483524
4.16673e-11	-0.00483017
4.16686e-11	-0.0048251
4.167e-11	-0.00482004
4.16713e-11	-0.00481498
4.16727e-11	-0.00480993
4.1674e-11	-0.00480488
4.16754e-11	-0.00479983
4.16767e-11	-0.00479479
4.16781e-11	-0.00478975
4.16795e-11	-0.00478472
4.16808e-11	-0.00477969
4.16822e-11	-0.00477466
4.16835e-11	-0.00476964
4.16849e-11	-0.00476462
4.16862e-11	-0.00475961
4.16876e-11	-0.0047546
4.16889e-11	-0.0047496
4.16903e-11	-0.0047446
4.16916e-11	-0.0047396
4.1693e-11	-0.00473461
4.16943e-11	-0.00472962
4.16957e-11	-0.00472464
4.1697e-11	-0.00471966
4.16984e-11	-0.00471469
4.16997e-11	-0.00470972
4.17011e-11	-0.00470475
4.17024e-11	-0.00469979
4.17038e-11	-0.00469483
4.17052e-11	-0.00468987
4.17065e-11	-0.00468492
4.17079e-11	-0.00467998
4.17092e-11	-0.00467503
4.17106e-11	-0.0046701
4.17119e-11	-0.00466516
4.17133e-11	-0.00466023
4.17146e-11	-0.00465531
4.1716e-11	-0.00465039
4.17173e-11	-0.00464547
4.17187e-11	-0.00464056
4.172e-11	-0.00463565
4.17214e-11	-0.00463074
4.17227e-11	-0.00462584
4.17241e-11	-0.00462095
4.17254e-11	-0.00461605
4.17268e-11	-0.00461116
4.17281e-11	-0.00460628
4.17295e-11	-0.0046014
4.17309e-11	-0.00459652
4.17322e-11	-0.00459165
4.17336e-11	-0.00458678
4.17349e-11	-0.00458192
4.17363e-11	-0.00457706
4.17376e-11	-0.0045722
4.1739e-11	-0.00456735
4.17403e-11	-0.0045625
4.17417e-11	-0.00455766
4.1743e-11	-0.00455282
4.17444e-11	-0.00454799
4.17457e-11	-0.00454315
4.17471e-11	-0.00453833
4.17484e-11	-0.0045335
4.17498e-11	-0.00452868
4.17511e-11	-0.00452387
4.17525e-11	-0.00451906
4.17538e-11	-0.00451425
4.17552e-11	-0.00450945
4.17566e-11	-0.00450465
4.17579e-11	-0.00449985
4.17593e-11	-0.00449506
4.17606e-11	-0.00449028
4.1762e-11	-0.00448549
4.17633e-11	-0.00448072
4.17647e-11	-0.00447594
4.1766e-11	-0.00447117
4.17674e-11	-0.0044664
4.17687e-11	-0.00446164
4.17701e-11	-0.00445688
4.17714e-11	-0.00445213
4.17728e-11	-0.00444738
4.17741e-11	-0.00444263
4.17755e-11	-0.00443789
4.17768e-11	-0.00443315
4.17782e-11	-0.00442841
4.17796e-11	-0.00442368
4.17809e-11	-0.00441896
4.17823e-11	-0.00441423
4.17836e-11	-0.00440952
4.1785e-11	-0.0044048
4.17863e-11	-0.00440009
4.17877e-11	-0.00439538
4.1789e-11	-0.00439068
4.17904e-11	-0.00438598
4.17917e-11	-0.00438129
4.17931e-11	-0.0043766
4.17944e-11	-0.00437191
4.17958e-11	-0.00436723
4.17971e-11	-0.00436255
4.17985e-11	-0.00435787
4.17998e-11	-0.0043532
4.18012e-11	-0.00434854
4.18025e-11	-0.00434387
4.18039e-11	-0.00433922
4.18053e-11	-0.00433456
4.18066e-11	-0.00432991
4.1808e-11	-0.00432526
4.18093e-11	-0.00432062
4.18107e-11	-0.00431598
4.1812e-11	-0.00431134
4.18134e-11	-0.00430671
4.18147e-11	-0.00430209
4.18161e-11	-0.00429746
4.18174e-11	-0.00429284
4.18188e-11	-0.00428823
4.18201e-11	-0.00428362
4.18215e-11	-0.00427901
4.18228e-11	-0.0042744
4.18242e-11	-0.0042698
4.18255e-11	-0.00426521
4.18269e-11	-0.00426062
4.18282e-11	-0.00425603
4.18296e-11	-0.00425144
4.1831e-11	-0.00424686
4.18323e-11	-0.00424229
4.18337e-11	-0.00423771
4.1835e-11	-0.00423315
4.18364e-11	-0.00422858
4.18377e-11	-0.00422402
4.18391e-11	-0.00421946
4.18404e-11	-0.00421491
4.18418e-11	-0.00421036
4.18431e-11	-0.00420582
4.18445e-11	-0.00420127
4.18458e-11	-0.00419674
4.18472e-11	-0.0041922
4.18485e-11	-0.00418767
4.18499e-11	-0.00418315
4.18512e-11	-0.00417862
4.18526e-11	-0.00417411
4.18539e-11	-0.00416959
4.18553e-11	-0.00416508
4.18567e-11	-0.00416058
4.1858e-11	-0.00415607
4.18594e-11	-0.00415157
4.18607e-11	-0.00414708
4.18621e-11	-0.00414259
4.18634e-11	-0.0041381
4.18648e-11	-0.00413362
4.18661e-11	-0.00412914
4.18675e-11	-0.00412466
4.18688e-11	-0.00412019
4.18702e-11	-0.00411572
4.18715e-11	-0.00411126
4.18729e-11	-0.0041068
4.18742e-11	-0.00410234
4.18756e-11	-0.00409789
4.18769e-11	-0.00409344
4.18783e-11	-0.00408899
4.18796e-11	-0.00408455
4.1881e-11	-0.00408011
4.18824e-11	-0.00407568
4.18837e-11	-0.00407125
4.18851e-11	-0.00406682
4.18864e-11	-0.0040624
4.18878e-11	-0.00405798
4.18891e-11	-0.00405357
4.18905e-11	-0.00404916
4.18918e-11	-0.00404475
4.18932e-11	-0.00404035
4.18945e-11	-0.00403595
4.18959e-11	-0.00403155
4.18972e-11	-0.00402716
4.18986e-11	-0.00402277
4.18999e-11	-0.00401839
4.19013e-11	-0.00401401
4.19026e-11	-0.00400963
4.1904e-11	-0.00400526
4.19053e-11	-0.00400089
4.19067e-11	-0.00399652
4.19081e-11	-0.00399216
4.19094e-11	-0.0039878
4.19108e-11	-0.00398345
4.19121e-11	-0.0039791
4.19135e-11	-0.00397475
4.19148e-11	-0.00397041
4.19162e-11	-0.00396607
4.19175e-11	-0.00396173
4.19189e-11	-0.0039574
4.19202e-11	-0.00395307
4.19216e-11	-0.00394875
4.19229e-11	-0.00394443
4.19243e-11	-0.00394011
4.19256e-11	-0.0039358
4.1927e-11	-0.00393149
4.19283e-11	-0.00392718
4.19297e-11	-0.00392288
4.1931e-11	-0.00391858
4.19324e-11	-0.00391429
4.19338e-11	-0.00391
4.19351e-11	-0.00390571
4.19365e-11	-0.00390143
4.19378e-11	-0.00389715
4.19392e-11	-0.00389287
4.19405e-11	-0.0038886
4.19419e-11	-0.00388433
4.19432e-11	-0.00388007
4.19446e-11	-0.00387581
4.19459e-11	-0.00387155
4.19473e-11	-0.0038673
4.19486e-11	-0.00386305
4.195e-11	-0.0038588
4.19513e-11	-0.00385456
4.19527e-11	-0.00385032
4.1954e-11	-0.00384608
4.19554e-11	-0.00384185
4.19567e-11	-0.00383762
4.19581e-11	-0.0038334
4.19595e-11	-0.00382918
4.19608e-11	-0.00382496
4.19622e-11	-0.00382075
4.19635e-11	-0.00381654
4.19649e-11	-0.00381234
4.19662e-11	-0.00380813
4.19676e-11	-0.00380393
4.19689e-11	-0.00379974
4.19703e-11	-0.00379555
4.19716e-11	-0.00379136
4.1973e-11	-0.00378718
4.19743e-11	-0.003783
4.19757e-11	-0.00377882
4.1977e-11	-0.00377465
4.19784e-11	-0.00377048
4.19797e-11	-0.00376631
4.19811e-11	-0.00376215
4.19824e-11	-0.00375799
4.19838e-11	-0.00375384
4.19852e-11	-0.00374969
4.19865e-11	-0.00374554
4.19879e-11	-0.0037414
4.19892e-11	-0.00373726
4.19906e-11	-0.00373312
4.19919e-11	-0.00372899
4.19933e-11	-0.00372486
4.19946e-11	-0.00372073
4.1996e-11	-0.00371661
4.19973e-11	-0.00371249
4.19987e-11	-0.00370838
4.2e-11	-0.00370427
4.20014e-11	-0.00370016
4.20027e-11	-0.00369605
4.20041e-11	-0.00369195
4.20054e-11	-0.00368786
4.20068e-11	-0.00368376
4.20081e-11	-0.00367967
4.20095e-11	-0.00367559
4.20109e-11	-0.0036715
4.20122e-11	-0.00366743
4.20136e-11	-0.00366335
4.20149e-11	-0.00365928
4.20163e-11	-0.00365521
4.20176e-11	-0.00365115
4.2019e-11	-0.00364709
4.20203e-11	-0.00364303
4.20217e-11	-0.00363897
4.2023e-11	-0.00363492
4.20244e-11	-0.00363088
4.20257e-11	-0.00362683
4.20271e-11	-0.00362279
4.20284e-11	-0.00361876
4.20298e-11	-0.00361472
4.20311e-11	-0.0036107
4.20325e-11	-0.00360667
4.20338e-11	-0.00360265
4.20352e-11	-0.00359863
4.20366e-11	-0.00359462
4.20379e-11	-0.0035906
4.20393e-11	-0.0035866
4.20406e-11	-0.00358259
4.2042e-11	-0.00357859
4.20433e-11	-0.00357459
4.20447e-11	-0.0035706
4.2046e-11	-0.00356661
4.20474e-11	-0.00356262
4.20487e-11	-0.00355864
4.20501e-11	-0.00355466
4.20514e-11	-0.00355069
4.20528e-11	-0.00354671
4.20541e-11	-0.00354274
4.20555e-11	-0.00353878
4.20568e-11	-0.00353482
4.20582e-11	-0.00353086
4.20595e-11	-0.0035269
4.20609e-11	-0.00352295
4.20623e-11	-0.003519
4.20636e-11	-0.00351506
4.2065e-11	-0.00351112
4.20663e-11	-0.00350718
4.20677e-11	-0.00350325
4.2069e-11	-0.00349931
4.20704e-11	-0.00349539
4.20717e-11	-0.00349146
4.20731e-11	-0.00348754
4.20744e-11	-0.00348363
4.20758e-11	-0.00347971
4.20771e-11	-0.0034758
4.20785e-11	-0.0034719
4.20798e-11	-0.003468
4.20812e-11	-0.0034641
4.20825e-11	-0.0034602
4.20839e-11	-0.00345631
4.20852e-11	-0.00345242
4.20866e-11	-0.00344853
4.2088e-11	-0.00344465
4.20893e-11	-0.00344077
4.20907e-11	-0.0034369
4.2092e-11	-0.00343303
4.20934e-11	-0.00342916
4.20947e-11	-0.00342529
4.20961e-11	-0.00342143
4.20974e-11	-0.00341757
4.20988e-11	-0.00341372
4.21001e-11	-0.00340987
4.21015e-11	-0.00340602
4.21028e-11	-0.00340218
4.21042e-11	-0.00339834
4.21055e-11	-0.0033945
4.21069e-11	-0.00339066
4.21082e-11	-0.00338683
4.21096e-11	-0.00338301
4.21109e-11	-0.00337918
4.21123e-11	-0.00337536
4.21137e-11	-0.00337155
4.2115e-11	-0.00336773
4.21164e-11	-0.00336392
4.21177e-11	-0.00336011
4.21191e-11	-0.00335631
4.21204e-11	-0.00335251
4.21218e-11	-0.00334871
4.21231e-11	-0.00334492
4.21245e-11	-0.00334113
4.21258e-11	-0.00333735
4.21272e-11	-0.00333356
4.21285e-11	-0.00332978
4.21299e-11	-0.00332601
4.21312e-11	-0.00332223
4.21326e-11	-0.00331846
4.21339e-11	-0.0033147
4.21353e-11	-0.00331094
4.21366e-11	-0.00330718
4.2138e-11	-0.00330342
4.21394e-11	-0.00329967
4.21407e-11	-0.00329592
4.21421e-11	-0.00329217
4.21434e-11	-0.00328843
4.21448e-11	-0.00328469
4.21461e-11	-0.00328096
4.21475e-11	-0.00327722
4.21488e-11	-0.00327349
4.21502e-11	-0.00326977
4.21515e-11	-0.00326605
4.21529e-11	-0.00326233
4.21542e-11	-0.00325861
4.21556e-11	-0.0032549
4.21569e-11	-0.00325119
4.21583e-11	-0.00324748
4.21596e-11	-0.00324378
4.2161e-11	-0.00324008
4.21623e-11	-0.00323639
4.21637e-11	-0.00323269
4.21651e-11	-0.00322901
4.21664e-11	-0.00322532
4.21678e-11	-0.00322164
4.21691e-11	-0.00321796
4.21705e-11	-0.00321428
4.21718e-11	-0.00321061
4.21732e-11	-0.00320694
4.21745e-11	-0.00320327
4.21759e-11	-0.00319961
4.21772e-11	-0.00319595
4.21786e-11	-0.0031923
4.21799e-11	-0.00318864
4.21813e-11	-0.00318499
4.21826e-11	-0.00318135
4.2184e-11	-0.0031777
4.21853e-11	-0.00317407
4.21867e-11	-0.00317043
4.2188e-11	-0.0031668
4.21894e-11	-0.00316317
4.21908e-11	-0.00315954
4.21921e-11	-0.00315592
4.21935e-11	-0.0031523
4.21948e-11	-0.00314868
4.21962e-11	-0.00314507
4.21975e-11	-0.00314146
4.21989e-11	-0.00313785
4.22002e-11	-0.00313425
4.22016e-11	-0.00313065
4.22029e-11	-0.00312705
4.22043e-11	-0.00312346
4.22056e-11	-0.00311986
4.2207e-11	-0.00311628
4.22083e-11	-0.00311269
4.22097e-11	-0.00310911
4.2211e-11	-0.00310554
4.22124e-11	-0.00310196
4.22137e-11	-0.00309839
4.22151e-11	-0.00309482
4.22165e-11	-0.00309126
4.22178e-11	-0.0030877
4.22192e-11	-0.00308414
4.22205e-11	-0.00308058
4.22219e-11	-0.00307703
4.22232e-11	-0.00307348
4.22246e-11	-0.00306994
4.22259e-11	-0.0030664
4.22273e-11	-0.00306286
4.22286e-11	-0.00305932
4.223e-11	-0.00305579
4.22313e-11	-0.00305226
4.22327e-11	-0.00304873
4.2234e-11	-0.00304521
4.22354e-11	-0.00304169
4.22367e-11	-0.00303818
4.22381e-11	-0.00303466
4.22394e-11	-0.00303115
4.22408e-11	-0.00302765
4.22422e-11	-0.00302414
4.22435e-11	-0.00302064
4.22449e-11	-0.00301715
4.22462e-11	-0.00301365
4.22476e-11	-0.00301016
4.22489e-11	-0.00300667
4.22503e-11	-0.00300319
4.22516e-11	-0.00299971
4.2253e-11	-0.00299623
4.22543e-11	-0.00299275
4.22557e-11	-0.00298928
4.2257e-11	-0.00298581
4.22584e-11	-0.00298235
4.22597e-11	-0.00297889
4.22611e-11	-0.00297543
4.22624e-11	-0.00297197
4.22638e-11	-0.00296852
4.22651e-11	-0.00296507
4.22665e-11	-0.00296162
4.22679e-11	-0.00295818
4.22692e-11	-0.00295474
4.22706e-11	-0.0029513
4.22719e-11	-0.00294787
4.22733e-11	-0.00294444
4.22746e-11	-0.00294101
4.2276e-11	-0.00293759
4.22773e-11	-0.00293417
4.22787e-11	-0.00293075
4.228e-11	-0.00292733
4.22814e-11	-0.00292392
4.22827e-11	-0.00292051
4.22841e-11	-0.00291711
4.22854e-11	-0.0029137
4.22868e-11	-0.0029103
4.22881e-11	-0.00290691
4.22895e-11	-0.00290352
4.22908e-11	-0.00290012
4.22922e-11	-0.00289674
4.22936e-11	-0.00289335
4.22949e-11	-0.00288997
4.22963e-11	-0.0028866
4.22976e-11	-0.00288322
4.2299e-11	-0.00287985
4.23003e-11	-0.00287648
4.23017e-11	-0.00287312
4.2303e-11	-0.00286975
4.23044e-11	-0.0028664
4.23057e-11	-0.00286304
4.23071e-11	-0.00285969
4.23084e-11	-0.00285634
4.23098e-11	-0.00285299
4.23111e-11	-0.00284965
4.23125e-11	-0.00284631
4.23138e-11	-0.00284297
4.23152e-11	-0.00283964
4.23165e-11	-0.0028363
4.23179e-11	-0.00283298
4.23193e-11	-0.00282965
4.23206e-11	-0.00282633
4.2322e-11	-0.00282301
4.23233e-11	-0.00281969
4.23247e-11	-0.00281638
4.2326e-11	-0.00281307
4.23274e-11	-0.00280976
4.23287e-11	-0.00280646
4.23301e-11	-0.00280316
4.23314e-11	-0.00279986
4.23328e-11	-0.00279657
4.23341e-11	-0.00279328
4.23355e-11	-0.00278999
4.23368e-11	-0.0027867
4.23382e-11	-0.00278342
4.23395e-11	-0.00278014
4.23409e-11	-0.00277686
4.23422e-11	-0.00277359
4.23436e-11	-0.00277032
4.2345e-11	-0.00276705
4.23463e-11	-0.00276379
4.23477e-11	-0.00276053
4.2349e-11	-0.00275727
4.23504e-11	-0.00275402
4.23517e-11	-0.00275076
4.23531e-11	-0.00274751
4.23544e-11	-0.00274427
4.23558e-11	-0.00274103
4.23571e-11	-0.00273779
4.23585e-11	-0.00273455
4.23598e-11	-0.00273131
4.23612e-11	-0.00272808
4.23625e-11	-0.00272486
4.23639e-11	-0.00272163
4.23652e-11	-0.00271841
4.23666e-11	-0.00271519
4.23679e-11	-0.00271197
4.23693e-11	-0.00270876
4.23707e-11	-0.00270555
4.2372e-11	-0.00270234
4.23734e-11	-0.00269914
4.23747e-11	-0.00269594
4.23761e-11	-0.00269274
4.23774e-11	-0.00268954
4.23788e-11	-0.00268635
4.23801e-11	-0.00268316
4.23815e-11	-0.00267998
4.23828e-11	-0.00267679
4.23842e-11	-0.00267361
4.23855e-11	-0.00267044
4.23869e-11	-0.00266726
4.23882e-11	-0.00266409
4.23896e-11	-0.00266092
4.23909e-11	-0.00265776
4.23923e-11	-0.00265459
4.23936e-11	-0.00265143
4.2395e-11	-0.00264828
4.23964e-11	-0.00264512
4.23977e-11	-0.00264197
4.23991e-11	-0.00263883
4.24004e-11	-0.00263568
4.24018e-11	-0.00263254
4.24031e-11	-0.0026294
4.24045e-11	-0.00262626
4.24058e-11	-0.00262313
4.24072e-11	-0.00262
4.24085e-11	-0.00261687
4.24099e-11	-0.00261375
4.24112e-11	-0.00261063
4.24126e-11	-0.00260751
4.24139e-11	-0.00260439
4.24153e-11	-0.00260128
4.24166e-11	-0.00259817
4.2418e-11	-0.00259506
4.24193e-11	-0.00259196
4.24207e-11	-0.00258886
4.24221e-11	-0.00258576
4.24234e-11	-0.00258267
4.24248e-11	-0.00257957
4.24261e-11	-0.00257648
4.24275e-11	-0.0025734
4.24288e-11	-0.00257031
4.24302e-11	-0.00256723
4.24315e-11	-0.00256416
4.24329e-11	-0.00256108
4.24342e-11	-0.00255801
4.24356e-11	-0.00255494
4.24369e-11	-0.00255187
4.24383e-11	-0.00254881
4.24396e-11	-0.00254575
4.2441e-11	-0.00254269
4.24423e-11	-0.00253964
4.24437e-11	-0.00253659
4.2445e-11	-0.00253354
4.24464e-11	-0.00253049
4.24478e-11	-0.00252745
4.24491e-11	-0.00252441
4.24505e-11	-0.00252137
4.24518e-11	-0.00251833
4.24532e-11	-0.0025153
4.24545e-11	-0.00251227
4.24559e-11	-0.00250925
4.24572e-11	-0.00250622
4.24586e-11	-0.0025032
4.24599e-11	-0.00250019
4.24613e-11	-0.00249717
4.24626e-11	-0.00249416
4.2464e-11	-0.00249115
4.24653e-11	-0.00248815
4.24667e-11	-0.00248514
4.2468e-11	-0.00248214
4.24694e-11	-0.00247914
4.24707e-11	-0.00247615
4.24721e-11	-0.00247316
4.24735e-11	-0.00247017
4.24748e-11	-0.00246718
4.24762e-11	-0.0024642
4.24775e-11	-0.00246122
4.24789e-11	-0.00245824
4.24802e-11	-0.00245526
4.24816e-11	-0.00245229
4.24829e-11	-0.00244932
4.24843e-11	-0.00244636
4.24856e-11	-0.00244339
4.2487e-11	-0.00244043
4.24883e-11	-0.00243747
4.24897e-11	-0.00243452
4.2491e-11	-0.00243157
4.24924e-11	-0.00242862
4.24937e-11	-0.00242567
4.24951e-11	-0.00242273
4.24964e-11	-0.00241978
4.24978e-11	-0.00241685
4.24992e-11	-0.00241391
4.25005e-11	-0.00241098
4.25019e-11	-0.00240805
4.25032e-11	-0.00240512
4.25046e-11	-0.00240219
4.25059e-11	-0.00239927
4.25073e-11	-0.00239635
4.25086e-11	-0.00239344
4.251e-11	-0.00239052
4.25113e-11	-0.00238761
4.25127e-11	-0.00238471
4.2514e-11	-0.0023818
4.25154e-11	-0.0023789
4.25167e-11	-0.002376
4.25181e-11	-0.0023731
4.25194e-11	-0.00237021
4.25208e-11	-0.00236732
4.25221e-11	-0.00236443
4.25235e-11	-0.00236154
4.25249e-11	-0.00235866
4.25262e-11	-0.00235578
4.25276e-11	-0.0023529
4.25289e-11	-0.00235002
4.25303e-11	-0.00234715
4.25316e-11	-0.00234428
4.2533e-11	-0.00234142
4.25343e-11	-0.00233855
4.25357e-11	-0.00233569
4.2537e-11	-0.00233283
4.25384e-11	-0.00232998
4.25397e-11	-0.00232712
4.25411e-11	-0.00232427
4.25424e-11	-0.00232143
4.25438e-11	-0.00231858
4.25451e-11	-0.00231574
4.25465e-11	-0.0023129
4.25478e-11	-0.00231006
4.25492e-11	-0.00230723
4.25506e-11	-0.0023044
4.25519e-11	-0.00230157
4.25533e-11	-0.00229874
4.25546e-11	-0.00229592
4.2556e-11	-0.0022931
4.25573e-11	-0.00229028
4.25587e-11	-0.00228747
4.256e-11	-0.00228466
4.25614e-11	-0.00228185
4.25627e-11	-0.00227904
4.25641e-11	-0.00227624
4.25654e-11	-0.00227343
4.25668e-11	-0.00227063
4.25681e-11	-0.00226784
4.25695e-11	-0.00226505
4.25708e-11	-0.00226225
4.25722e-11	-0.00225947
4.25735e-11	-0.00225668
4.25749e-11	-0.0022539
4.25763e-11	-0.00225112
4.25776e-11	-0.00224834
4.2579e-11	-0.00224557
4.25803e-11	-0.00224279
4.25817e-11	-0.00224002
4.2583e-11	-0.00223726
4.25844e-11	-0.00223449
4.25857e-11	-0.00223173
4.25871e-11	-0.00222897
4.25884e-11	-0.00222622
4.25898e-11	-0.00222346
4.25911e-11	-0.00222071
4.25925e-11	-0.00221797
4.25938e-11	-0.00221522
4.25952e-11	-0.00221248
4.25965e-11	-0.00220974
4.25979e-11	-0.002207
4.25992e-11	-0.00220426
4.26006e-11	-0.00220153
4.2602e-11	-0.0021988
4.26033e-11	-0.00219608
4.26047e-11	-0.00219335
4.2606e-11	-0.00219063
4.26074e-11	-0.00218791
4.26087e-11	-0.00218519
4.26101e-11	-0.00218248
4.26114e-11	-0.00217977
4.26128e-11	-0.00217706
4.26141e-11	-0.00217436
4.26155e-11	-0.00217165
4.26168e-11	-0.00216895
4.26182e-11	-0.00216625
4.26195e-11	-0.00216356
4.26209e-11	-0.00216087
4.26222e-11	-0.00215817
4.26236e-11	-0.00215549
4.26249e-11	-0.0021528
4.26263e-11	-0.00215012
4.26277e-11	-0.00214744
4.2629e-11	-0.00214476
4.26304e-11	-0.00214209
4.26317e-11	-0.00213942
4.26331e-11	-0.00213675
4.26344e-11	-0.00213408
4.26358e-11	-0.00213142
4.26371e-11	-0.00212875
4.26385e-11	-0.00212609
4.26398e-11	-0.00212344
4.26412e-11	-0.00212078
4.26425e-11	-0.00211813
4.26439e-11	-0.00211548
4.26452e-11	-0.00211284
4.26466e-11	-0.00211019
4.26479e-11	-0.00210755
4.26493e-11	-0.00210492
4.26506e-11	-0.00210228
4.2652e-11	-0.00209965
4.26534e-11	-0.00209702
4.26547e-11	-0.00209439
4.26561e-11	-0.00209176
4.26574e-11	-0.00208914
4.26588e-11	-0.00208652
4.26601e-11	-0.0020839
4.26615e-11	-0.00208128
4.26628e-11	-0.00207867
4.26642e-11	-0.00207606
4.26655e-11	-0.00207345
4.26669e-11	-0.00207085
4.26682e-11	-0.00206825
4.26696e-11	-0.00206565
4.26709e-11	-0.00206305
4.26723e-11	-0.00206045
4.26736e-11	-0.00205786
4.2675e-11	-0.00205527
4.26763e-11	-0.00205268
4.26777e-11	-0.0020501
4.26791e-11	-0.00204752
4.26804e-11	-0.00204494
4.26818e-11	-0.00204236
4.26831e-11	-0.00203978
4.26845e-11	-0.00203721
4.26858e-11	-0.00203464
4.26872e-11	-0.00203207
4.26885e-11	-0.00202951
4.26899e-11	-0.00202695
4.26912e-11	-0.00202439
4.26926e-11	-0.00202183
4.26939e-11	-0.00201928
4.26953e-11	-0.00201672
4.26966e-11	-0.00201417
4.2698e-11	-0.00201163
4.26993e-11	-0.00200908
4.27007e-11	-0.00200654
4.2702e-11	-0.002004
4.27034e-11	-0.00200146
4.27048e-11	-0.00199893
4.27061e-11	-0.0019964
4.27075e-11	-0.00199387
4.27088e-11	-0.00199134
4.27102e-11	-0.00198881
4.27115e-11	-0.00198629
4.27129e-11	-0.00198377
4.27142e-11	-0.00198125
4.27156e-11	-0.00197874
4.27169e-11	-0.00197623
4.27183e-11	-0.00197372
4.27196e-11	-0.00197121
4.2721e-11	-0.00196871
4.27223e-11	-0.0019662
4.27237e-11	-0.0019637
4.2725e-11	-0.00196121
4.27264e-11	-0.00195871
4.27277e-11	-0.00195622
4.27291e-11	-0.00195373
4.27305e-11	-0.00195124
4.27318e-11	-0.00194875
4.27332e-11	-0.00194627
4.27345e-11	-0.00194379
4.27359e-11	-0.00194131
4.27372e-11	-0.00193884
4.27386e-11	-0.00193636
4.27399e-11	-0.00193389
4.27413e-11	-0.00193143
4.27426e-11	-0.00192896
4.2744e-11	-0.0019265
4.27453e-11	-0.00192404
4.27467e-11	-0.00192158
4.2748e-11	-0.00191912
4.27494e-11	-0.00191667
4.27507e-11	-0.00191422
4.27521e-11	-0.00191177
4.27534e-11	-0.00190932
4.27548e-11	-0.00190688
4.27562e-11	-0.00190444
4.27575e-11	-0.001902
4.27589e-11	-0.00189956
4.27602e-11	-0.00189713
4.27616e-11	-0.0018947
4.27629e-11	-0.00189227
4.27643e-11	-0.00188984
4.27656e-11	-0.00188741
4.2767e-11	-0.00188499
4.27683e-11	-0.00188257
4.27697e-11	-0.00188016
4.2771e-11	-0.00187774
4.27724e-11	-0.00187533
4.27737e-11	-0.00187292
4.27751e-11	-0.00187051
4.27764e-11	-0.00186811
4.27778e-11	-0.0018657
4.27791e-11	-0.0018633
4.27805e-11	-0.0018609
4.27819e-11	-0.00185851
4.27832e-11	-0.00185611
4.27846e-11	-0.00185372
4.27859e-11	-0.00185133
4.27873e-11	-0.00184895
4.27886e-11	-0.00184656
4.279e-11	-0.00184418
4.27913e-11	-0.0018418
4.27927e-11	-0.00183943
4.2794e-11	-0.00183705
4.27954e-11	-0.00183468
4.27967e-11	-0.00183231
4.27981e-11	-0.00182994
4.27994e-11	-0.00182758
4.28008e-11	-0.00182522
4.28021e-11	-0.00182286
4.28035e-11	-0.0018205
4.28048e-11	-0.00181814
4.28062e-11	-0.00181579
4.28076e-11	-0.00181344
4.28089e-11	-0.00181109
4.28103e-11	-0.00180874
4.28116e-11	-0.0018064
4.2813e-11	-0.00180406
4.28143e-11	-0.00180172
4.28157e-11	-0.00179938
4.2817e-11	-0.00179705
4.28184e-11	-0.00179472
4.28197e-11	-0.00179239
4.28211e-11	-0.00179006
4.28224e-11	-0.00178774
4.28238e-11	-0.00178541
4.28251e-11	-0.00178309
4.28265e-11	-0.00178077
4.28278e-11	-0.00177846
4.28292e-11	-0.00177614
4.28305e-11	-0.00177383
4.28319e-11	-0.00177152
4.28333e-11	-0.00176922
4.28346e-11	-0.00176691
4.2836e-11	-0.00176461
4.28373e-11	-0.00176231
4.28387e-11	-0.00176002
4.284e-11	-0.00175772
4.28414e-11	-0.00175543
4.28427e-11	-0.00175314
4.28441e-11	-0.00175085
4.28454e-11	-0.00174856
4.28468e-11	-0.00174628
4.28481e-11	-0.001744
4.28495e-11	-0.00174172
4.28508e-11	-0.00173944
4.28522e-11	-0.00173717
4.28535e-11	-0.0017349
4.28549e-11	-0.00173263
4.28562e-11	-0.00173036
4.28576e-11	-0.0017281
4.2859e-11	-0.00172583
4.28603e-11	-0.00172357
4.28617e-11	-0.00172131
4.2863e-11	-0.00171906
4.28644e-11	-0.00171681
4.28657e-11	-0.00171455
4.28671e-11	-0.0017123
4.28684e-11	-0.00171006
4.28698e-11	-0.00170781
4.28711e-11	-0.00170557
4.28725e-11	-0.00170333
4.28738e-11	-0.00170109
4.28752e-11	-0.00169886
4.28765e-11	-0.00169662
4.28779e-11	-0.00169439
4.28792e-11	-0.00169216
4.28806e-11	-0.00168994
4.28819e-11	-0.00168771
4.28833e-11	-0.00168549
4.28847e-11	-0.00168327
4.2886e-11	-0.00168105
4.28874e-11	-0.00167884
4.28887e-11	-0.00167663
4.28901e-11	-0.00167442
4.28914e-11	-0.00167221
4.28928e-11	-0.00167
4.28941e-11	-0.0016678
4.28955e-11	-0.0016656
4.28968e-11	-0.0016634
4.28982e-11	-0.0016612
4.28995e-11	-0.001659
4.29009e-11	-0.00165681
4.29022e-11	-0.00165462
4.29036e-11	-0.00165243
4.29049e-11	-0.00165024
4.29063e-11	-0.00164806
4.29076e-11	-0.00164588
4.2909e-11	-0.0016437
4.29104e-11	-0.00164152
4.29117e-11	-0.00163935
4.29131e-11	-0.00163717
4.29144e-11	-0.001635
4.29158e-11	-0.00163284
4.29171e-11	-0.00163067
4.29185e-11	-0.0016285
4.29198e-11	-0.00162634
4.29212e-11	-0.00162418
4.29225e-11	-0.00162203
4.29239e-11	-0.00161987
4.29252e-11	-0.00161772
4.29266e-11	-0.00161557
4.29279e-11	-0.00161342
4.29293e-11	-0.00161127
4.29306e-11	-0.00160913
4.2932e-11	-0.00160698
4.29333e-11	-0.00160484
4.29347e-11	-0.00160271
4.29361e-11	-0.00160057
4.29374e-11	-0.00159844
4.29388e-11	-0.00159631
4.29401e-11	-0.00159418
4.29415e-11	-0.00159205
4.29428e-11	-0.00158993
4.29442e-11	-0.0015878
4.29455e-11	-0.00158568
4.29469e-11	-0.00158357
4.29482e-11	-0.00158145
4.29496e-11	-0.00157934
4.29509e-11	-0.00157722
4.29523e-11	-0.00157511
4.29536e-11	-0.00157301
4.2955e-11	-0.0015709
4.29563e-11	-0.0015688
4.29577e-11	-0.0015667
4.2959e-11	-0.0015646
4.29604e-11	-0.0015625
4.29618e-11	-0.00156041
4.29631e-11	-0.00155832
4.29645e-11	-0.00155623
4.29658e-11	-0.00155414
4.29672e-11	-0.00155205
4.29685e-11	-0.00154997
4.29699e-11	-0.00154789
4.29712e-11	-0.00154581
4.29726e-11	-0.00154373
4.29739e-11	-0.00154165
4.29753e-11	-0.00153958
4.29766e-11	-0.00153751
4.2978e-11	-0.00153544
4.29793e-11	-0.00153338
4.29807e-11	-0.00153131
4.2982e-11	-0.00152925
4.29834e-11	-0.00152719
4.29847e-11	-0.00152513
4.29861e-11	-0.00152307
4.29875e-11	-0.00152102
4.29888e-11	-0.00151897
4.29902e-11	-0.00151692
4.29915e-11	-0.00151487
4.29929e-11	-0.00151283
4.29942e-11	-0.00151078
4.29956e-11	-0.00150874
4.29969e-11	-0.0015067
4.29983e-11	-0.00150466
4.29996e-11	-0.00150263
4.3001e-11	-0.0015006
4.30023e-11	-0.00149857
4.30037e-11	-0.00149654
4.3005e-11	-0.00149451
4.30064e-11	-0.00149249
4.30077e-11	-0.00149046
4.30091e-11	-0.00148844
4.30104e-11	-0.00148643
4.30118e-11	-0.00148441
4.30132e-11	-0.0014824
4.30145e-11	-0.00148038
4.30159e-11	-0.00147837
4.30172e-11	-0.00147637
4.30186e-11	-0.00147436
4.30199e-11	-0.00147236
4.30213e-11	-0.00147036
4.30226e-11	-0.00146836
4.3024e-11	-0.00146636
4.30253e-11	-0.00146436
4.30267e-11	-0.00146237
4.3028e-11	-0.00146038
4.30294e-11	-0.00145839
4.30307e-11	-0.0014564
4.30321e-11	-0.00145442
4.30334e-11	-0.00145243
4.30348e-11	-0.00145045
4.30361e-11	-0.00144848
4.30375e-11	-0.0014465
4.30389e-11	-0.00144452
4.30402e-11	-0.00144255
4.30416e-11	-0.00144058
4.30429e-11	-0.00143861
4.30443e-11	-0.00143665
4.30456e-11	-0.00143468
4.3047e-11	-0.00143272
4.30483e-11	-0.00143076
4.30497e-11	-0.0014288
4.3051e-11	-0.00142684
4.30524e-11	-0.00142489
4.30537e-11	-0.00142294
4.30551e-11	-0.00142099
4.30564e-11	-0.00141904
4.30578e-11	-0.00141709
4.30591e-11	-0.00141515
4.30605e-11	-0.00141321
4.30618e-11	-0.00141127
4.30632e-11	-0.00140933
4.30646e-11	-0.00140739
4.30659e-11	-0.00140546
4.30673e-11	-0.00140353
4.30686e-11	-0.0014016
4.307e-11	-0.00139967
4.30713e-11	-0.00139774
4.30727e-11	-0.00139582
4.3074e-11	-0.0013939
4.30754e-11	-0.00139198
4.30767e-11	-0.00139006
4.30781e-11	-0.00138814
4.30794e-11	-0.00138623
4.30808e-11	-0.00138432
4.30821e-11	-0.00138241
4.30835e-11	-0.0013805
4.30848e-11	-0.00137859
4.30862e-11	-0.00137669
4.30875e-11	-0.00137479
4.30889e-11	-0.00137289
4.30903e-11	-0.00137099
4.30916e-11	-0.0013691
4.3093e-11	-0.0013672
4.30943e-11	-0.00136531
4.30957e-11	-0.00136342
4.3097e-11	-0.00136153
4.30984e-11	-0.00135965
4.30997e-11	-0.00135776
4.31011e-11	-0.00135588
4.31024e-11	-0.001354
4.31038e-11	-0.00135212
4.31051e-11	-0.00135025
4.31065e-11	-0.00134837
4.31078e-11	-0.0013465
4.31092e-11	-0.00134463
4.31105e-11	-0.00134276
4.31119e-11	-0.0013409
4.31132e-11	-0.00133903
4.31146e-11	-0.00133717
4.3116e-11	-0.00133531
4.31173e-11	-0.00133345
4.31187e-11	-0.00133159
4.312e-11	-0.00132974
4.31214e-11	-0.00132789
4.31227e-11	-0.00132604
4.31241e-11	-0.00132419
4.31254e-11	-0.00132234
4.31268e-11	-0.0013205
4.31281e-11	-0.00131865
4.31295e-11	-0.00131681
4.31308e-11	-0.00131497
4.31322e-11	-0.00131314
4.31335e-11	-0.0013113
4.31349e-11	-0.00130947
4.31362e-11	-0.00130764
4.31376e-11	-0.00130581
4.31389e-11	-0.00130398
4.31403e-11	-0.00130216
4.31417e-11	-0.00130033
4.3143e-11	-0.00129851
4.31444e-11	-0.00129669
4.31457e-11	-0.00129487
4.31471e-11	-0.00129306
4.31484e-11	-0.00129124
4.31498e-11	-0.00128943
4.31511e-11	-0.00128762
4.31525e-11	-0.00128581
4.31538e-11	-0.00128401
4.31552e-11	-0.0012822
4.31565e-11	-0.0012804
4.31579e-11	-0.0012786
4.31592e-11	-0.0012768
4.31606e-11	-0.00127501
4.31619e-11	-0.00127321
4.31633e-11	-0.00127142
4.31646e-11	-0.00126963
4.3166e-11	-0.00126784
4.31674e-11	-0.00126605
4.31687e-11	-0.00126427
4.31701e-11	-0.00126248
4.31714e-11	-0.0012607
4.31728e-11	-0.00125892
4.31741e-11	-0.00125715
4.31755e-11	-0.00125537
4.31768e-11	-0.0012536
4.31782e-11	-0.00125183
4.31795e-11	-0.00125006
4.31809e-11	-0.00124829
4.31822e-11	-0.00124652
4.31836e-11	-0.00124476
4.31849e-11	-0.00124299
4.31863e-11	-0.00124123
4.31876e-11	-0.00123948
4.3189e-11	-0.00123772
4.31903e-11	-0.00123596
4.31917e-11	-0.00123421
4.31931e-11	-0.00123246
4.31944e-11	-0.00123071
4.31958e-11	-0.00122896
4.31971e-11	-0.00122722
4.31985e-11	-0.00122547
4.31998e-11	-0.00122373
4.32012e-11	-0.00122199
4.32025e-11	-0.00122025
4.32039e-11	-0.00121852
4.32052e-11	-0.00121678
4.32066e-11	-0.00121505
4.32079e-11	-0.00121332
4.32093e-11	-0.00121159
4.32106e-11	-0.00120986
4.3212e-11	-0.00120814
4.32133e-11	-0.00120642
4.32147e-11	-0.00120469
4.3216e-11	-0.00120297
4.32174e-11	-0.00120126
4.32188e-11	-0.00119954
4.32201e-11	-0.00119783
4.32215e-11	-0.00119611
4.32228e-11	-0.0011944
4.32242e-11	-0.00119269
4.32255e-11	-0.00119099
4.32269e-11	-0.00118928
4.32282e-11	-0.00118758
4.32296e-11	-0.00118588
4.32309e-11	-0.00118418
4.32323e-11	-0.00118248
4.32336e-11	-0.00118079
4.3235e-11	-0.00117909
4.32363e-11	-0.0011774
4.32377e-11	-0.00117571
4.3239e-11	-0.00117402
4.32404e-11	-0.00117233
4.32417e-11	-0.00117065
4.32431e-11	-0.00116897
4.32445e-11	-0.00116729
4.32458e-11	-0.00116561
4.32472e-11	-0.00116393
4.32485e-11	-0.00116225
4.32499e-11	-0.00116058
4.32512e-11	-0.00115891
4.32526e-11	-0.00115724
4.32539e-11	-0.00115557
4.32553e-11	-0.0011539
4.32566e-11	-0.00115224
4.3258e-11	-0.00115057
4.32593e-11	-0.00114891
4.32607e-11	-0.00114725
4.3262e-11	-0.00114559
4.32634e-11	-0.00114394
4.32647e-11	-0.00114228
4.32661e-11	-0.00114063
4.32674e-11	-0.00113898
4.32688e-11	-0.00113733
4.32702e-11	-0.00113568
4.32715e-11	-0.00113404
4.32729e-11	-0.0011324
4.32742e-11	-0.00113075
4.32756e-11	-0.00112911
4.32769e-11	-0.00112748
4.32783e-11	-0.00112584
4.32796e-11	-0.0011242
4.3281e-11	-0.00112257
4.32823e-11	-0.00112094
4.32837e-11	-0.00111931
4.3285e-11	-0.00111768
4.32864e-11	-0.00111606
4.32877e-11	-0.00111443
4.32891e-11	-0.00111281
4.32904e-11	-0.00111119
4.32918e-11	-0.00110957
4.32931e-11	-0.00110796
4.32945e-11	-0.00110634
4.32959e-11	-0.00110473
4.32972e-11	-0.00110312
4.32986e-11	-0.00110151
4.32999e-11	-0.0010999
4.33013e-11	-0.00109829
4.33026e-11	-0.00109669
4.3304e-11	-0.00109508
4.33053e-11	-0.00109348
4.33067e-11	-0.00109188
4.3308e-11	-0.00109028
4.33094e-11	-0.00108869
4.33107e-11	-0.00108709
4.33121e-11	-0.0010855
4.33134e-11	-0.00108391
4.33148e-11	-0.00108232
4.33161e-11	-0.00108073
4.33175e-11	-0.00107915
4.33189e-11	-0.00107756
4.33202e-11	-0.00107598
4.33216e-11	-0.0010744
4.33229e-11	-0.00107282
4.33243e-11	-0.00107125
4.33256e-11	-0.00106967
4.3327e-11	-0.0010681
4.33283e-11	-0.00106653
4.33297e-11	-0.00106496
4.3331e-11	-0.00106339
4.33324e-11	-0.00106182
4.33337e-11	-0.00106026
4.33351e-11	-0.00105869
4.33364e-11	-0.00105713
4.33378e-11	-0.00105557
4.33391e-11	-0.00105401
4.33405e-11	-0.00105246
4.33418e-11	-0.0010509
4.33432e-11	-0.00104935
4.33446e-11	-0.0010478
4.33459e-11	-0.00104625
4.33473e-11	-0.0010447
4.33486e-11	-0.00104315
4.335e-11	-0.00104161
4.33513e-11	-0.00104007
4.33527e-11	-0.00103853
4.3354e-11	-0.00103699
4.33554e-11	-0.00103545
4.33567e-11	-0.00103391
4.33581e-11	-0.00103238
4.33594e-11	-0.00103085
4.33608e-11	-0.00102932
4.33621e-11	-0.00102779
4.33635e-11	-0.00102626
4.33648e-11	-0.00102473
4.33662e-11	-0.00102321
4.33675e-11	-0.00102169
4.33689e-11	-0.00102017
4.33703e-11	-0.00101865
4.33716e-11	-0.00101713
4.3373e-11	-0.00101561
4.33743e-11	-0.0010141
4.33757e-11	-0.00101259
4.3377e-11	-0.00101108
4.33784e-11	-0.00100957
4.33797e-11	-0.00100806
4.33811e-11	-0.00100655
4.33824e-11	-0.00100505
4.33838e-11	-0.00100355
4.33851e-11	-0.00100205
4.33865e-11	-0.00100055
4.33878e-11	-0.000999048
4.33892e-11	-0.000997552
4.33905e-11	-0.000996058
4.33919e-11	-0.000994566
4.33932e-11	-0.000993075
4.33946e-11	-0.000991585
4.3396e-11	-0.000990098
4.33973e-11	-0.000988612
4.33987e-11	-0.000987127
4.34e-11	-0.000985645
4.34014e-11	-0.000984164
4.34027e-11	-0.000982684
4.34041e-11	-0.000981207
4.34054e-11	-0.00097973
4.34068e-11	-0.000978256
4.34081e-11	-0.000976783
4.34095e-11	-0.000975312
4.34108e-11	-0.000973842
4.34122e-11	-0.000972374
4.34135e-11	-0.000970908
4.34149e-11	-0.000969443
4.34162e-11	-0.00096798
4.34176e-11	-0.000966519
4.34189e-11	-0.000965059
4.34203e-11	-0.000963601
4.34217e-11	-0.000962144
4.3423e-11	-0.000960689
4.34244e-11	-0.000959236
4.34257e-11	-0.000957784
4.34271e-11	-0.000956334
4.34284e-11	-0.000954885
4.34298e-11	-0.000953438
4.34311e-11	-0.000951993
4.34325e-11	-0.000950549
4.34338e-11	-0.000949107
4.34352e-11	-0.000947667
4.34365e-11	-0.000946228
4.34379e-11	-0.000944791
4.34392e-11	-0.000943355
4.34406e-11	-0.000941921
4.34419e-11	-0.000940489
4.34433e-11	-0.000939058
4.34446e-11	-0.000937629
4.3446e-11	-0.000936201
4.34474e-11	-0.000934775
4.34487e-11	-0.00093335
4.34501e-11	-0.000931928
4.34514e-11	-0.000930506
4.34528e-11	-0.000929087
4.34541e-11	-0.000927668
4.34555e-11	-0.000926252
4.34568e-11	-0.000924837
4.34582e-11	-0.000923424
4.34595e-11	-0.000922012
4.34609e-11	-0.000920602
4.34622e-11	-0.000919193
4.34636e-11	-0.000917786
4.34649e-11	-0.000916381
4.34663e-11	-0.000914977
4.34676e-11	-0.000913574
4.3469e-11	-0.000912174
4.34703e-11	-0.000910775
4.34717e-11	-0.000909377
4.34731e-11	-0.000907981
4.34744e-11	-0.000906586
4.34758e-11	-0.000905194
4.34771e-11	-0.000903802
4.34785e-11	-0.000902413
4.34798e-11	-0.000901024
4.34812e-11	-0.000899638
4.34825e-11	-0.000898253
4.34839e-11	-0.000896869
4.34852e-11	-0.000895487
4.34866e-11	-0.000894107
4.34879e-11	-0.000892728
4.34893e-11	-0.000891351
4.34906e-11	-0.000889975
4.3492e-11	-0.000888601
4.34933e-11	-0.000887228
4.34947e-11	-0.000885857
4.3496e-11	-0.000884487
4.34974e-11	-0.000883119
4.34988e-11	-0.000881753
4.35001e-11	-0.000880388
4.35015e-11	-0.000879024
4.35028e-11	-0.000877663
4.35042e-11	-0.000876302
4.35055e-11	-0.000874943
4.35069e-11	-0.000873586
4.35082e-11	-0.000872231
4.35096e-11	-0.000870876
4.35109e-11	-0.000869524
4.35123e-11	-0.000868173
4.35136e-11	-0.000866823
4.3515e-11	-0.000865475
4.35163e-11	-0.000864128
4.35177e-11	-0.000862783
4.3519e-11	-0.00086144
4.35204e-11	-0.000860098
4.35217e-11	-0.000858757
4.35231e-11	-0.000857418
4.35245e-11	-0.000856081
4.35258e-11	-0.000854745
4.35272e-11	-0.000853411
4.35285e-11	-0.000852078
4.35299e-11	-0.000850746
4.35312e-11	-0.000849417
4.35326e-11	-0.000848088
4.35339e-11	-0.000846761
4.35353e-11	-0.000845436
4.35366e-11	-0.000844112
4.3538e-11	-0.00084279
4.35393e-11	-0.000841469
4.35407e-11	-0.00084015
4.3542e-11	-0.000838832
4.35434e-11	-0.000837516
4.35447e-11	-0.000836201
4.35461e-11	-0.000834887
4.35474e-11	-0.000833576
4.35488e-11	-0.000832265
4.35502e-11	-0.000830956
4.35515e-11	-0.000829649
4.35529e-11	-0.000828343
4.35542e-11	-0.000827039
4.35556e-11	-0.000825736
4.35569e-11	-0.000824434
4.35583e-11	-0.000823134
4.35596e-11	-0.000821836
4.3561e-11	-0.000820539
4.35623e-11	-0.000819244
4.35637e-11	-0.00081795
4.3565e-11	-0.000816657
4.35664e-11	-0.000815366
4.35677e-11	-0.000814076
4.35691e-11	-0.000812788
4.35704e-11	-0.000811502
4.35718e-11	-0.000810217
4.35731e-11	-0.000808933
4.35745e-11	-0.000807651
4.35759e-11	-0.00080637
4.35772e-11	-0.000805091
4.35786e-11	-0.000803813
4.35799e-11	-0.000802536
4.35813e-11	-0.000801261
4.35826e-11	-0.000799988
4.3584e-11	-0.000798716
4.35853e-11	-0.000797445
4.35867e-11	-0.000796176
4.3588e-11	-0.000794909
4.35894e-11	-0.000793643
4.35907e-11	-0.000792378
4.35921e-11	-0.000791115
4.35934e-11	-0.000789853
4.35948e-11	-0.000788593
4.35961e-11	-0.000787334
4.35975e-11	-0.000786076
4.35988e-11	-0.00078482
4.36002e-11	-0.000783566
4.36016e-11	-0.000782312
4.36029e-11	-0.000781061
4.36043e-11	-0.00077981
4.36056e-11	-0.000778562
4.3607e-11	-0.000777314
4.36083e-11	-0.000776068
4.36097e-11	-0.000774824
4.3611e-11	-0.000773581
4.36124e-11	-0.000772339
4.36137e-11	-0.000771099
4.36151e-11	-0.00076986
4.36164e-11	-0.000768623
4.36178e-11	-0.000767387
4.36191e-11	-0.000766152
4.36205e-11	-0.000764919
4.36218e-11	-0.000763688
4.36232e-11	-0.000762457
4.36245e-11	-0.000761228
4.36259e-11	-0.000760001
4.36273e-11	-0.000758775
4.36286e-11	-0.000757551
4.363e-11	-0.000756327
4.36313e-11	-0.000755106
4.36327e-11	-0.000753885
4.3634e-11	-0.000752666
4.36354e-11	-0.000751449
4.36367e-11	-0.000750233
4.36381e-11	-0.000749018
4.36394e-11	-0.000747805
4.36408e-11	-0.000746593
4.36421e-11	-0.000745383
4.36435e-11	-0.000744174
4.36448e-11	-0.000742966
4.36462e-11	-0.00074176
4.36475e-11	-0.000740555
4.36489e-11	-0.000739351
4.36502e-11	-0.000738149
4.36516e-11	-0.000736949
4.3653e-11	-0.000735749
4.36543e-11	-0.000734551
4.36557e-11	-0.000733355
4.3657e-11	-0.00073216
4.36584e-11	-0.000730966
4.36597e-11	-0.000729774
4.36611e-11	-0.000728583
4.36624e-11	-0.000727393
4.36638e-11	-0.000726205
4.36651e-11	-0.000725018
4.36665e-11	-0.000723833
4.36678e-11	-0.000722649
4.36692e-11	-0.000721466
4.36705e-11	-0.000720285
4.36719e-11	-0.000719105
4.36732e-11	-0.000717927
4.36746e-11	-0.000716749
4.36759e-11	-0.000715574
4.36773e-11	-0.000714399
4.36787e-11	-0.000713226
4.368e-11	-0.000712055
4.36814e-11	-0.000710884
4.36827e-11	-0.000709715
4.36841e-11	-0.000708548
4.36854e-11	-0.000707382
4.36868e-11	-0.000706217
4.36881e-11	-0.000705053
4.36895e-11	-0.000703891
4.36908e-11	-0.00070273
4.36922e-11	-0.000701571
4.36935e-11	-0.000700413
4.36949e-11	-0.000699256
4.36962e-11	-0.000698101
4.36976e-11	-0.000696947
4.36989e-11	-0.000695794
4.37003e-11	-0.000694643
4.37016e-11	-0.000693493
4.3703e-11	-0.000692345
4.37044e-11	-0.000691197
4.37057e-11	-0.000690051
4.37071e-11	-0.000688907
4.37084e-11	-0.000687764
4.37098e-11	-0.000686622
4.37111e-11	-0.000685481
4.37125e-11	-0.000684342
4.37138e-11	-0.000683204
4.37152e-11	-0.000682068
4.37165e-11	-0.000680933
4.37179e-11	-0.000679799
4.37192e-11	-0.000678666
4.37206e-11	-0.000677535
4.37219e-11	-0.000676405
4.37233e-11	-0.000675277
4.37246e-11	-0.00067415
4.3726e-11	-0.000673024
4.37273e-11	-0.000671899
4.37287e-11	-0.000670776
4.37301e-11	-0.000669654
4.37314e-11	-0.000668534
4.37328e-11	-0.000667414
4.37341e-11	-0.000666296
4.37355e-11	-0.00066518
4.37368e-11	-0.000664065
4.37382e-11	-0.000662951
4.37395e-11	-0.000661838
4.37409e-11	-0.000660727
4.37422e-11	-0.000659617
4.37436e-11	-0.000658508
4.37449e-11	-0.000657401
4.37463e-11	-0.000656294
4.37476e-11	-0.00065519
4.3749e-11	-0.000654086
4.37503e-11	-0.000652984
4.37517e-11	-0.000651883
4.3753e-11	-0.000650784
4.37544e-11	-0.000649685
4.37558e-11	-0.000648588
4.37571e-11	-0.000647493
4.37585e-11	-0.000646398
4.37598e-11	-0.000645305
4.37612e-11	-0.000644214
4.37625e-11	-0.000643123
4.37639e-11	-0.000642034
4.37652e-11	-0.000640946
4.37666e-11	-0.000639859
4.37679e-11	-0.000638774
4.37693e-11	-0.00063769
4.37706e-11	-0.000636607
4.3772e-11	-0.000635526
4.37733e-11	-0.000634446
4.37747e-11	-0.000633367
4.3776e-11	-0.000632289
4.37774e-11	-0.000631213
4.37787e-11	-0.000630138
4.37801e-11	-0.000629064
4.37815e-11	-0.000627992
4.37828e-11	-0.000626921
4.37842e-11	-0.000625851
4.37855e-11	-0.000624782
4.37869e-11	-0.000623715
4.37882e-11	-0.000622649
4.37896e-11	-0.000621584
4.37909e-11	-0.00062052
4.37923e-11	-0.000619458
4.37936e-11	-0.000618397
4.3795e-11	-0.000617337
4.37963e-11	-0.000616279
4.37977e-11	-0.000615221
4.3799e-11	-0.000614165
4.38004e-11	-0.000613111
4.38017e-11	-0.000612057
4.38031e-11	-0.000611005
4.38044e-11	-0.000609954
4.38058e-11	-0.000608905
4.38072e-11	-0.000607856
4.38085e-11	-0.000606809
4.38099e-11	-0.000605763
4.38112e-11	-0.000604718
4.38126e-11	-0.000603675
4.38139e-11	-0.000602633
4.38153e-11	-0.000601592
4.38166e-11	-0.000600552
4.3818e-11	-0.000599514
4.38193e-11	-0.000598477
4.38207e-11	-0.000597441
4.3822e-11	-0.000596406
4.38234e-11	-0.000595373
4.38247e-11	-0.000594341
4.38261e-11	-0.00059331
4.38274e-11	-0.00059228
4.38288e-11	-0.000591252
4.38301e-11	-0.000590224
4.38315e-11	-0.000589198
4.38329e-11	-0.000588174
4.38342e-11	-0.00058715
4.38356e-11	-0.000586128
4.38369e-11	-0.000585107
4.38383e-11	-0.000584087
4.38396e-11	-0.000583068
4.3841e-11	-0.000582051
4.38423e-11	-0.000581035
4.38437e-11	-0.00058002
4.3845e-11	-0.000579006
4.38464e-11	-0.000577994
4.38477e-11	-0.000576982
4.38491e-11	-0.000575972
4.38504e-11	-0.000574963
4.38518e-11	-0.000573956
4.38531e-11	-0.000572949
4.38545e-11	-0.000571944
4.38558e-11	-0.00057094
4.38572e-11	-0.000569938
4.38586e-11	-0.000568936
4.38599e-11	-0.000567936
4.38613e-11	-0.000566937
4.38626e-11	-0.000565939
4.3864e-11	-0.000564942
4.38653e-11	-0.000563946
4.38667e-11	-0.000562952
4.3868e-11	-0.000561959
4.38694e-11	-0.000560967
4.38707e-11	-0.000559977
4.38721e-11	-0.000558987
4.38734e-11	-0.000557999
4.38748e-11	-0.000557012
4.38761e-11	-0.000556026
4.38775e-11	-0.000555041
4.38788e-11	-0.000554058
4.38802e-11	-0.000553075
4.38815e-11	-0.000552094
4.38829e-11	-0.000551114
4.38843e-11	-0.000550136
4.38856e-11	-0.000549158
4.3887e-11	-0.000548182
4.38883e-11	-0.000547207
4.38897e-11	-0.000546233
4.3891e-11	-0.00054526
4.38924e-11	-0.000544288
4.38937e-11	-0.000543318
4.38951e-11	-0.000542349
4.38964e-11	-0.000541381
4.38978e-11	-0.000540414
4.38991e-11	-0.000539448
4.39005e-11	-0.000538484
4.39018e-11	-0.00053752
4.39032e-11	-0.000536558
4.39045e-11	-0.000535597
4.39059e-11	-0.000534637
4.39072e-11	-0.000533679
4.39086e-11	-0.000532721
4.391e-11	-0.000531765
4.39113e-11	-0.00053081
4.39127e-11	-0.000529856
4.3914e-11	-0.000528903
4.39154e-11	-0.000527951
4.39167e-11	-0.000527001
4.39181e-11	-0.000526052
4.39194e-11	-0.000525104
4.39208e-11	-0.000524157
4.39221e-11	-0.000523211
4.39235e-11	-0.000522266
4.39248e-11	-0.000521323
4.39262e-11	-0.00052038
4.39275e-11	-0.000519439
4.39289e-11	-0.000518499
4.39302e-11	-0.00051756
4.39316e-11	-0.000516622
4.39329e-11	-0.000515686
4.39343e-11	-0.00051475
4.39357e-11	-0.000513816
4.3937e-11	-0.000512883
4.39384e-11	-0.000511951
4.39397e-11	-0.00051102
4.39411e-11	-0.00051009
4.39424e-11	-0.000509162
4.39438e-11	-0.000508235
4.39451e-11	-0.000507308
4.39465e-11	-0.000506383
4.39478e-11	-0.000505459
4.39492e-11	-0.000504536
4.39505e-11	-0.000503615
4.39519e-11	-0.000502694
4.39532e-11	-0.000501775
4.39546e-11	-0.000500856
4.39559e-11	-0.000499939
4.39573e-11	-0.000499023
4.39586e-11	-0.000498108
4.396e-11	-0.000497194
4.39614e-11	-0.000496282
4.39627e-11	-0.00049537
4.39641e-11	-0.00049446
4.39654e-11	-0.000493551
4.39668e-11	-0.000492642
4.39681e-11	-0.000491735
4.39695e-11	-0.000490829
4.39708e-11	-0.000489925
4.39722e-11	-0.000489021
4.39735e-11	-0.000488118
4.39749e-11	-0.000487217
4.39762e-11	-0.000486317
4.39776e-11	-0.000485418
4.39789e-11	-0.000484519
4.39803e-11	-0.000483622
4.39816e-11	-0.000482727
4.3983e-11	-0.000481832
4.39843e-11	-0.000480938
4.39857e-11	-0.000480046
4.39871e-11	-0.000479154
4.39884e-11	-0.000478264
4.39898e-11	-0.000477375
4.39911e-11	-0.000476487
4.39925e-11	-0.0004756
4.39938e-11	-0.000474714
4.39952e-11	-0.000473829
4.39965e-11	-0.000472945
4.39979e-11	-0.000472063
4.39992e-11	-0.000471181
4.40006e-11	-0.000470301
4.40019e-11	-0.000469422
4.40033e-11	-0.000468543
4.40046e-11	-0.000467666
4.4006e-11	-0.00046679
4.40073e-11	-0.000465915
4.40087e-11	-0.000465041
4.401e-11	-0.000464169
4.40114e-11	-0.000463297
4.40128e-11	-0.000462427
4.40141e-11	-0.000461557
4.40155e-11	-0.000460689
4.40168e-11	-0.000459821
4.40182e-11	-0.000458955
4.40195e-11	-0.00045809
4.40209e-11	-0.000457226
4.40222e-11	-0.000456363
4.40236e-11	-0.000455501
4.40249e-11	-0.00045464
4.40263e-11	-0.000453781
4.40276e-11	-0.000452922
4.4029e-11	-0.000452064
4.40303e-11	-0.000451208
4.40317e-11	-0.000450352
4.4033e-11	-0.000449498
4.40344e-11	-0.000448645
4.40357e-11	-0.000447792
4.40371e-11	-0.000446941
4.40385e-11	-0.000446091
4.40398e-11	-0.000445242
4.40412e-11	-0.000444394
4.40425e-11	-0.000443547
4.40439e-11	-0.000442702
4.40452e-11	-0.000441857
4.40466e-11	-0.000441013
4.40479e-11	-0.00044017
4.40493e-11	-0.000439329
4.40506e-11	-0.000438488
4.4052e-11	-0.000437649
4.40533e-11	-0.000436811
4.40547e-11	-0.000435973
4.4056e-11	-0.000435137
4.40574e-11	-0.000434302
4.40587e-11	-0.000433467
4.40601e-11	-0.000432634
4.40614e-11	-0.000431802
4.40628e-11	-0.000430971
4.40642e-11	-0.000430141
4.40655e-11	-0.000429312
4.40669e-11	-0.000428484
4.40682e-11	-0.000427658
4.40696e-11	-0.000426832
4.40709e-11	-0.000426007
4.40723e-11	-0.000425183
4.40736e-11	-0.000424361
4.4075e-11	-0.000423539
4.40763e-11	-0.000422718
4.40777e-11	-0.000421899
4.4079e-11	-0.00042108
4.40804e-11	-0.000420263
4.40817e-11	-0.000419447
4.40831e-11	-0.000418631
4.40844e-11	-0.000417817
4.40858e-11	-0.000417003
4.40871e-11	-0.000416191
4.40885e-11	-0.00041538
4.40899e-11	-0.00041457
4.40912e-11	-0.00041376
4.40926e-11	-0.000412952
4.40939e-11	-0.000412145
4.40953e-11	-0.000411339
4.40966e-11	-0.000410534
4.4098e-11	-0.00040973
4.40993e-11	-0.000408927
4.41007e-11	-0.000408125
4.4102e-11	-0.000407324
4.41034e-11	-0.000406524
4.41047e-11	-0.000405725
4.41061e-11	-0.000404927
4.41074e-11	-0.00040413
4.41088e-11	-0.000403334
4.41101e-11	-0.000402539
4.41115e-11	-0.000401745
4.41128e-11	-0.000400952
4.41142e-11	-0.00040016
4.41156e-11	-0.000399369
4.41169e-11	-0.00039858
4.41183e-11	-0.000397791
4.41196e-11	-0.000397003
4.4121e-11	-0.000396216
4.41223e-11	-0.00039543
4.41237e-11	-0.000394645
4.4125e-11	-0.000393862
4.41264e-11	-0.000393079
4.41277e-11	-0.000392297
4.41291e-11	-0.000391516
4.41304e-11	-0.000390736
4.41318e-11	-0.000389958
4.41331e-11	-0.00038918
4.41345e-11	-0.000388403
4.41358e-11	-0.000387627
4.41372e-11	-0.000386852
4.41385e-11	-0.000386078
4.41399e-11	-0.000385306
4.41413e-11	-0.000384534
4.41426e-11	-0.000383763
4.4144e-11	-0.000382993
4.41453e-11	-0.000382224
4.41467e-11	-0.000381456
4.4148e-11	-0.000380689
4.41494e-11	-0.000379923
4.41507e-11	-0.000379159
4.41521e-11	-0.000378395
4.41534e-11	-0.000377632
4.41548e-11	-0.00037687
4.41561e-11	-0.000376109
4.41575e-11	-0.000375349
4.41588e-11	-0.00037459
4.41602e-11	-0.000373832
4.41615e-11	-0.000373074
4.41629e-11	-0.000372318
4.41642e-11	-0.000371563
4.41656e-11	-0.000370809
4.4167e-11	-0.000370056
4.41683e-11	-0.000369304
4.41697e-11	-0.000368552
4.4171e-11	-0.000367802
4.41724e-11	-0.000367053
4.41737e-11	-0.000366305
4.41751e-11	-0.000365557
4.41764e-11	-0.000364811
4.41778e-11	-0.000364065
4.41791e-11	-0.000363321
4.41805e-11	-0.000362577
4.41818e-11	-0.000361835
4.41832e-11	-0.000361093
4.41845e-11	-0.000360353
4.41859e-11	-0.000359613
4.41872e-11	-0.000358874
4.41886e-11	-0.000358137
4.41899e-11	-0.0003574
4.41913e-11	-0.000356664
4.41927e-11	-0.000355929
4.4194e-11	-0.000355195
4.41954e-11	-0.000354462
4.41967e-11	-0.00035373
4.41981e-11	-0.000352999
4.41994e-11	-0.000352269
4.42008e-11	-0.00035154
4.42021e-11	-0.000350812
4.42035e-11	-0.000350085
4.42048e-11	-0.000349358
4.42062e-11	-0.000348633
4.42075e-11	-0.000347909
4.42089e-11	-0.000347185
4.42102e-11	-0.000346463
4.42116e-11	-0.000345741
4.42129e-11	-0.00034502
4.42143e-11	-0.000344301
4.42156e-11	-0.000343582
4.4217e-11	-0.000342864
4.42184e-11	-0.000342147
4.42197e-11	-0.000341431
4.42211e-11	-0.000340716
4.42224e-11	-0.000340002
4.42238e-11	-0.000339289
4.42251e-11	-0.000338577
4.42265e-11	-0.000337866
4.42278e-11	-0.000337155
4.42292e-11	-0.000336446
4.42305e-11	-0.000335737
4.42319e-11	-0.00033503
4.42332e-11	-0.000334323
4.42346e-11	-0.000333617
4.42359e-11	-0.000332913
4.42373e-11	-0.000332209
4.42386e-11	-0.000331506
4.424e-11	-0.000330804
4.42413e-11	-0.000330103
4.42427e-11	-0.000329403
4.42441e-11	-0.000328703
4.42454e-11	-0.000328005
4.42468e-11	-0.000327308
4.42481e-11	-0.000326611
4.42495e-11	-0.000325916
4.42508e-11	-0.000325221
4.42522e-11	-0.000324527
4.42535e-11	-0.000323834
4.42549e-11	-0.000323143
4.42562e-11	-0.000322452
4.42576e-11	-0.000321761
4.42589e-11	-0.000321072
4.42603e-11	-0.000320384
4.42616e-11	-0.000319697
4.4263e-11	-0.00031901
4.42643e-11	-0.000318325
4.42657e-11	-0.00031764
4.4267e-11	-0.000316956
4.42684e-11	-0.000316273
4.42698e-11	-0.000315592
4.42711e-11	-0.00031491
4.42725e-11	-0.00031423
4.42738e-11	-0.000313551
4.42752e-11	-0.000312873
4.42765e-11	-0.000312195
4.42779e-11	-0.000311519
4.42792e-11	-0.000310843
4.42806e-11	-0.000310168
4.42819e-11	-0.000309495
4.42833e-11	-0.000308822
4.42846e-11	-0.00030815
4.4286e-11	-0.000307478
4.42873e-11	-0.000306808
4.42887e-11	-0.000306139
4.429e-11	-0.00030547
4.42914e-11	-0.000304803
4.42927e-11	-0.000304136
4.42941e-11	-0.00030347
4.42955e-11	-0.000302805
4.42968e-11	-0.000302141
4.42982e-11	-0.000301478
4.42995e-11	-0.000300816
4.43009e-11	-0.000300154
4.43022e-11	-0.000299494
4.43036e-11	-0.000298834
4.43049e-11	-0.000298175
4.43063e-11	-0.000297517
4.43076e-11	-0.00029686
4.4309e-11	-0.000296204
4.43103e-11	-0.000295549
4.43117e-11	-0.000294894
4.4313e-11	-0.000294241
4.43144e-11	-0.000293588
4.43157e-11	-0.000292937
4.43171e-11	-0.000292286
4.43184e-11	-0.000291636
4.43198e-11	-0.000290986
4.43212e-11	-0.000290338
4.43225e-11	-0.000289691
4.43239e-11	-0.000289044
4.43252e-11	-0.000288398
4.43266e-11	-0.000287754
4.43279e-11	-0.00028711
4.43293e-11	-0.000286467
4.43306e-11	-0.000285824
4.4332e-11	-0.000285183
4.43333e-11	-0.000284542
4.43347e-11	-0.000283903
4.4336e-11	-0.000283264
4.43374e-11	-0.000282626
4.43387e-11	-0.000281989
4.43401e-11	-0.000281353
4.43414e-11	-0.000280717
4.43428e-11	-0.000280083
4.43441e-11	-0.000279449
4.43455e-11	-0.000278816
4.43469e-11	-0.000278184
4.43482e-11	-0.000277553
4.43496e-11	-0.000276923
4.43509e-11	-0.000276294
4.43523e-11	-0.000275665
4.43536e-11	-0.000275037
4.4355e-11	-0.000274411
4.43563e-11	-0.000273785
4.43577e-11	-0.000273159
4.4359e-11	-0.000272535
4.43604e-11	-0.000271912
4.43617e-11	-0.000271289
4.43631e-11	-0.000270667
4.43644e-11	-0.000270046
4.43658e-11	-0.000269426
4.43671e-11	-0.000268807
4.43685e-11	-0.000268188
4.43698e-11	-0.000267571
4.43712e-11	-0.000266954
4.43726e-11	-0.000266338
4.43739e-11	-0.000265723
4.43753e-11	-0.000265109
4.43766e-11	-0.000264495
4.4378e-11	-0.000263883
4.43793e-11	-0.000263271
4.43807e-11	-0.00026266
4.4382e-11	-0.00026205
4.43834e-11	-0.000261441
4.43847e-11	-0.000260832
4.43861e-11	-0.000260225
4.43874e-11	-0.000259618
4.43888e-11	-0.000259012
4.43901e-11	-0.000258407
4.43915e-11	-0.000257802
4.43928e-11	-0.000257199
4.43942e-11	-0.000256596
4.43955e-11	-0.000255994
4.43969e-11	-0.000255393
4.43983e-11	-0.000254793
4.43996e-11	-0.000254194
4.4401e-11	-0.000253595
4.44023e-11	-0.000252997
4.44037e-11	-0.0002524
4.4405e-11	-0.000251804
4.44064e-11	-0.000251209
4.44077e-11	-0.000250614
4.44091e-11	-0.000250021
4.44104e-11	-0.000249428
4.44118e-11	-0.000248836
4.44131e-11	-0.000248245
4.44145e-11	-0.000247654
4.44158e-11	-0.000247064
4.44172e-11	-0.000246476
4.44185e-11	-0.000245888
4.44199e-11	-0.0002453
4.44212e-11	-0.000244714
4.44226e-11	-0.000244128
4.4424e-11	-0.000243544
4.44253e-11	-0.00024296
4.44267e-11	-0.000242376
4.4428e-11	-0.000241794
4.44294e-11	-0.000241212
4.44307e-11	-0.000240632
4.44321e-11	-0.000240052
4.44334e-11	-0.000239472
4.44348e-11	-0.000238894
4.44361e-11	-0.000238316
4.44375e-11	-0.00023774
4.44388e-11	-0.000237164
4.44402e-11	-0.000236588
4.44415e-11	-0.000236014
4.44429e-11	-0.00023544
4.44442e-11	-0.000234867
4.44456e-11	-0.000234295
4.44469e-11	-0.000233724
4.44483e-11	-0.000233154
4.44497e-11	-0.000232584
4.4451e-11	-0.000232015
4.44524e-11	-0.000231447
4.44537e-11	-0.00023088
4.44551e-11	-0.000230313
4.44564e-11	-0.000229747
4.44578e-11	-0.000229182
4.44591e-11	-0.000228618
4.44605e-11	-0.000228055
4.44618e-11	-0.000227492
4.44632e-11	-0.00022693
4.44645e-11	-0.000226369
4.44659e-11	-0.000225809
4.44672e-11	-0.000225249
4.44686e-11	-0.000224691
4.44699e-11	-0.000224133
4.44713e-11	-0.000223575
4.44726e-11	-0.000223019
4.4474e-11	-0.000222463
4.44754e-11	-0.000221908
4.44767e-11	-0.000221354
4.44781e-11	-0.000220801
4.44794e-11	-0.000220248
4.44808e-11	-0.000219697
4.44821e-11	-0.000219146
4.44835e-11	-0.000218595
4.44848e-11	-0.000218046
4.44862e-11	-0.000217497
4.44875e-11	-0.000216949
4.44889e-11	-0.000216402
4.44902e-11	-0.000215856
4.44916e-11	-0.00021531
4.44929e-11	-0.000214765
4.44943e-11	-0.000214221
4.44956e-11	-0.000213677
4.4497e-11	-0.000213135
4.44983e-11	-0.000212593
4.44997e-11	-0.000212052
4.45011e-11	-0.000211512
4.45024e-11	-0.000210972
4.45038e-11	-0.000210433
4.45051e-11	-0.000209895
4.45065e-11	-0.000209358
4.45078e-11	-0.000208821
4.45092e-11	-0.000208285
4.45105e-11	-0.00020775
4.45119e-11	-0.000207216
4.45132e-11	-0.000206682
4.45146e-11	-0.00020615
4.45159e-11	-0.000205617
4.45173e-11	-0.000205086
4.45186e-11	-0.000204556
4.452e-11	-0.000204026
4.45213e-11	-0.000203497
4.45227e-11	-0.000202968
4.4524e-11	-0.000202441
4.45254e-11	-0.000201914
4.45268e-11	-0.000201388
4.45281e-11	-0.000200862
4.45295e-11	-0.000200338
4.45308e-11	-0.000199814
4.45322e-11	-0.000199291
4.45335e-11	-0.000198768
4.45349e-11	-0.000198247
4.45362e-11	-0.000197726
4.45376e-11	-0.000197205
4.45389e-11	-0.000196686
4.45403e-11	-0.000196167
4.45416e-11	-0.000195649
4.4543e-11	-0.000195132
4.45443e-11	-0.000194615
4.45457e-11	-0.0001941
4.4547e-11	-0.000193585
4.45484e-11	-0.00019307
4.45497e-11	-0.000192557
4.45511e-11	-0.000192044
4.45525e-11	-0.000191532
4.45538e-11	-0.00019102
4.45552e-11	-0.000190509
4.45565e-11	-0.00019
4.45579e-11	-0.00018949
4.45592e-11	-0.000188982
4.45606e-11	-0.000188474
4.45619e-11	-0.000187967
4.45633e-11	-0.00018746
4.45646e-11	-0.000186955
4.4566e-11	-0.00018645
4.45673e-11	-0.000185946
4.45687e-11	-0.000185442
4.457e-11	-0.000184939
4.45714e-11	-0.000184437
4.45727e-11	-0.000183936
4.45741e-11	-0.000183435
4.45754e-11	-0.000182936
4.45768e-11	-0.000182436
4.45782e-11	-0.000181938
4.45795e-11	-0.00018144
4.45809e-11	-0.000180943
4.45822e-11	-0.000180447
4.45836e-11	-0.000179951
4.45849e-11	-0.000179456
4.45863e-11	-0.000178962
4.45876e-11	-0.000178468
4.4589e-11	-0.000177976
4.45903e-11	-0.000177484
4.45917e-11	-0.000176992
4.4593e-11	-0.000176501
4.45944e-11	-0.000176011
4.45957e-11	-0.000175522
4.45971e-11	-0.000175034
4.45984e-11	-0.000174546
4.45998e-11	-0.000174059
4.46011e-11	-0.000173572
4.46025e-11	-0.000173086
4.46039e-11	-0.000172601
4.46052e-11	-0.000172117
4.46066e-11	-0.000171633
4.46079e-11	-0.00017115
4.46093e-11	-0.000170668
4.46106e-11	-0.000170186
4.4612e-11	-0.000169705
4.46133e-11	-0.000169225
4.46147e-11	-0.000168746
4.4616e-11	-0.000168267
4.46174e-11	-0.000167789
4.46187e-11	-0.000167311
4.46201e-11	-0.000166835
4.46214e-11	-0.000166358
4.46228e-11	-0.000165883
4.46241e-11	-0.000165408
4.46255e-11	-0.000164934
4.46268e-11	-0.000164461
4.46282e-11	-0.000163989
4.46296e-11	-0.000163517
4.46309e-11	-0.000163045
4.46323e-11	-0.000162575
4.46336e-11	-0.000162105
4.4635e-11	-0.000161636
4.46363e-11	-0.000161167
4.46377e-11	-0.000160699
4.4639e-11	-0.000160232
4.46404e-11	-0.000159766
4.46417e-11	-0.0001593
4.46431e-11	-0.000158835
4.46444e-11	-0.00015837
4.46458e-11	-0.000157906
4.46471e-11	-0.000157443
4.46485e-11	-0.000156981
4.46498e-11	-0.000156519
4.46512e-11	-0.000156058
4.46525e-11	-0.000155598
4.46539e-11	-0.000155138
4.46553e-11	-0.000154679
4.46566e-11	-0.00015422
4.4658e-11	-0.000153763
4.46593e-11	-0.000153306
4.46607e-11	-0.000152849
4.4662e-11	-0.000152393
4.46634e-11	-0.000151938
4.46647e-11	-0.000151484
4.46661e-11	-0.00015103
4.46674e-11	-0.000150577
4.46688e-11	-0.000150125
4.46701e-11	-0.000149673
4.46715e-11	-0.000149222
4.46728e-11	-0.000148772
4.46742e-11	-0.000148322
4.46755e-11	-0.000147873
4.46769e-11	-0.000147424
4.46782e-11	-0.000146976
4.46796e-11	-0.000146529
4.4681e-11	-0.000146083
4.46823e-11	-0.000145637
4.46837e-11	-0.000145192
4.4685e-11	-0.000144747
4.46864e-11	-0.000144304
4.46877e-11	-0.00014386
4.46891e-11	-0.000143418
4.46904e-11	-0.000142976
4.46918e-11	-0.000142535
4.46931e-11	-0.000142094
4.46945e-11	-0.000141654
4.46958e-11	-0.000141215
4.46972e-11	-0.000140776
4.46985e-11	-0.000140338
4.46999e-11	-0.000139901
4.47012e-11	-0.000139464
4.47026e-11	-0.000139028
4.47039e-11	-0.000138593
4.47053e-11	-0.000138158
4.47067e-11	-0.000137724
4.4708e-11	-0.00013729
4.47094e-11	-0.000136858
4.47107e-11	-0.000136425
4.47121e-11	-0.000135994
4.47134e-11	-0.000135563
4.47148e-11	-0.000135133
4.47161e-11	-0.000134703
4.47175e-11	-0.000134274
4.47188e-11	-0.000133846
4.47202e-11	-0.000133418
4.47215e-11	-0.000132991
4.47229e-11	-0.000132564
4.47242e-11	-0.000132139
4.47256e-11	-0.000131713
4.47269e-11	-0.000131289
4.47283e-11	-0.000130865
4.47296e-11	-0.000130442
4.4731e-11	-0.000130019
4.47324e-11	-0.000129597
4.47337e-11	-0.000129176
4.47351e-11	-0.000128755
4.47364e-11	-0.000128335
4.47378e-11	-0.000127915
4.47391e-11	-0.000127496
4.47405e-11	-0.000127078
4.47418e-11	-0.000126661
4.47432e-11	-0.000126244
4.47445e-11	-0.000125827
4.47459e-11	-0.000125411
4.47472e-11	-0.000124996
4.47486e-11	-0.000124582
4.47499e-11	-0.000124168
4.47513e-11	-0.000123755
4.47526e-11	-0.000123342
4.4754e-11	-0.00012293
4.47553e-11	-0.000122518
4.47567e-11	-0.000122108
4.47581e-11	-0.000121698
4.47594e-11	-0.000121288
4.47608e-11	-0.000120879
4.47621e-11	-0.000120471
4.47635e-11	-0.000120063
4.47648e-11	-0.000119656
4.47662e-11	-0.000119249
4.47675e-11	-0.000118844
4.47689e-11	-0.000118438
4.47702e-11	-0.000118034
4.47716e-11	-0.00011763
4.47729e-11	-0.000117226
4.47743e-11	-0.000116823
4.47756e-11	-0.000116421
4.4777e-11	-0.00011602
4.47783e-11	-0.000115619
4.47797e-11	-0.000115218
4.4781e-11	-0.000114818
4.47824e-11	-0.000114419
4.47838e-11	-0.000114021
4.47851e-11	-0.000113623
4.47865e-11	-0.000113225
4.47878e-11	-0.000112829
4.47892e-11	-0.000112432
4.47905e-11	-0.000112037
4.47919e-11	-0.000111642
4.47932e-11	-0.000111248
4.47946e-11	-0.000110854
4.47959e-11	-0.000110461
4.47973e-11	-0.000110068
4.47986e-11	-0.000109676
4.48e-11	-0.000109285
4.48013e-11	-0.000108894
4.48027e-11	-0.000108504
4.4804e-11	-0.000108114
4.48054e-11	-0.000107725
4.48067e-11	-0.000107337
4.48081e-11	-0.000106949
4.48095e-11	-0.000106562
4.48108e-11	-0.000106175
4.48122e-11	-0.000105789
4.48135e-11	-0.000105404
4.48149e-11	-0.000105019
4.48162e-11	-0.000104635
4.48176e-11	-0.000104251
4.48189e-11	-0.000103868
4.48203e-11	-0.000103485
4.48216e-11	-0.000103103
4.4823e-11	-0.000102722
4.48243e-11	-0.000102341
4.48257e-11	-0.000101961
4.4827e-11	-0.000101582
4.48284e-11	-0.000101203
4.48297e-11	-0.000100824
4.48311e-11	-0.000100446
4.48324e-11	-0.000100069
4.48338e-11	-9.96924e-05
4.48352e-11	-9.93163e-05
4.48365e-11	-9.89408e-05
4.48379e-11	-9.85659e-05
4.48392e-11	-9.81915e-05
4.48406e-11	-9.78177e-05
4.48419e-11	-9.74445e-05
4.48433e-11	-9.70719e-05
4.48446e-11	-9.66998e-05
4.4846e-11	-9.63284e-05
4.48473e-11	-9.59575e-05
4.48487e-11	-9.55871e-05
4.485e-11	-9.52174e-05
4.48514e-11	-9.48482e-05
4.48527e-11	-9.44796e-05
4.48541e-11	-9.41115e-05
4.48554e-11	-9.37441e-05
4.48568e-11	-9.33772e-05
4.48581e-11	-9.30108e-05
4.48595e-11	-9.26451e-05
4.48609e-11	-9.22799e-05
4.48622e-11	-9.19152e-05
4.48636e-11	-9.15512e-05
4.48649e-11	-9.11876e-05
4.48663e-11	-9.08247e-05
4.48676e-11	-9.04623e-05
4.4869e-11	-9.01005e-05
4.48703e-11	-8.97393e-05
4.48717e-11	-8.93786e-05
4.4873e-11	-8.90185e-05
4.48744e-11	-8.86589e-05
4.48757e-11	-8.82999e-05
4.48771e-11	-8.79415e-05
4.48784e-11	-8.75836e-05
4.48798e-11	-8.72263e-05
4.48811e-11	-8.68695e-05
4.48825e-11	-8.65133e-05
4.48839e-11	-8.61576e-05
4.48852e-11	-8.58025e-05
4.48866e-11	-8.5448e-05
4.48879e-11	-8.5094e-05
4.48893e-11	-8.47406e-05
4.48906e-11	-8.43877e-05
4.4892e-11	-8.40354e-05
4.48933e-11	-8.36836e-05
4.48947e-11	-8.33324e-05
4.4896e-11	-8.29817e-05
4.48974e-11	-8.26316e-05
4.48987e-11	-8.2282e-05
4.49001e-11	-8.1933e-05
4.49014e-11	-8.15845e-05
4.49028e-11	-8.12366e-05
4.49041e-11	-8.08892e-05
4.49055e-11	-8.05423e-05
4.49068e-11	-8.01961e-05
4.49082e-11	-7.98503e-05
4.49096e-11	-7.95051e-05
4.49109e-11	-7.91605e-05
4.49123e-11	-7.88164e-05
4.49136e-11	-7.84728e-05
4.4915e-11	-7.81298e-05
4.49163e-11	-7.77873e-05
4.49177e-11	-7.74453e-05
4.4919e-11	-7.71039e-05
4.49204e-11	-7.67631e-05
4.49217e-11	-7.64228e-05
4.49231e-11	-7.6083e-05
4.49244e-11	-7.57437e-05
4.49258e-11	-7.5405e-05
4.49271e-11	-7.50668e-05
4.49285e-11	-7.47292e-05
4.49298e-11	-7.43921e-05
4.49312e-11	-7.40555e-05
4.49325e-11	-7.37195e-05
4.49339e-11	-7.3384e-05
4.49353e-11	-7.30491e-05
4.49366e-11	-7.27146e-05
4.4938e-11	-7.23807e-05
4.49393e-11	-7.20473e-05
4.49407e-11	-7.17145e-05
4.4942e-11	-7.13822e-05
4.49434e-11	-7.10504e-05
4.49447e-11	-7.07192e-05
4.49461e-11	-7.03885e-05
4.49474e-11	-7.00583e-05
4.49488e-11	-6.97286e-05
4.49501e-11	-6.93995e-05
4.49515e-11	-6.90708e-05
4.49528e-11	-6.87427e-05
4.49542e-11	-6.84152e-05
4.49555e-11	-6.80881e-05
4.49569e-11	-6.77616e-05
4.49582e-11	-6.74356e-05
4.49596e-11	-6.71102e-05
4.4961e-11	-6.67852e-05
4.49623e-11	-6.64608e-05
4.49637e-11	-6.61369e-05
4.4965e-11	-6.58135e-05
4.49664e-11	-6.54906e-05
4.49677e-11	-6.51683e-05
4.49691e-11	-6.48464e-05
4.49704e-11	-6.45251e-05
4.49718e-11	-6.42043e-05
4.49731e-11	-6.3884e-05
4.49745e-11	-6.35643e-05
4.49758e-11	-6.3245e-05
4.49772e-11	-6.29263e-05
4.49785e-11	-6.2608e-05
4.49799e-11	-6.22903e-05
4.49812e-11	-6.19731e-05
4.49826e-11	-6.16565e-05
4.49839e-11	-6.13403e-05
4.49853e-11	-6.10246e-05
4.49867e-11	-6.07095e-05
4.4988e-11	-6.03948e-05
4.49894e-11	-6.00807e-05
4.49907e-11	-5.97671e-05
4.49921e-11	-5.94539e-05
4.49934e-11	-5.91413e-05
4.49948e-11	-5.88292e-05
4.49961e-11	-5.85176e-05
4.49975e-11	-5.82065e-05
4.49988e-11	-5.7896e-05
4.50002e-11	-5.75859e-05
4.50015e-11	-5.72763e-05
4.50029e-11	-5.69672e-05
4.50042e-11	-5.66587e-05
4.50056e-11	-5.63506e-05
4.50069e-11	-5.6043e-05
4.50083e-11	-5.5736e-05
4.50096e-11	-5.54294e-05
4.5011e-11	-5.51233e-05
4.50124e-11	-5.48178e-05
4.50137e-11	-5.45127e-05
4.50151e-11	-5.42081e-05
4.50164e-11	-5.3904e-05
4.50178e-11	-5.36005e-05
4.50191e-11	-5.32974e-05
4.50205e-11	-5.29948e-05
4.50218e-11	-5.26927e-05
4.50232e-11	-5.23911e-05
4.50245e-11	-5.209e-05
4.50259e-11	-5.17894e-05
4.50272e-11	-5.14893e-05
4.50286e-11	-5.11897e-05
4.50299e-11	-5.08906e-05
4.50313e-11	-5.05919e-05
4.50326e-11	-5.02938e-05
4.5034e-11	-4.99961e-05
4.50353e-11	-4.9699e-05
4.50367e-11	-4.94023e-05
4.50381e-11	-4.91061e-05
4.50394e-11	-4.88104e-05
4.50408e-11	-4.85152e-05
4.50421e-11	-4.82205e-05
4.50435e-11	-4.79262e-05
4.50448e-11	-4.76325e-05
4.50462e-11	-4.73392e-05
4.50475e-11	-4.70464e-05
4.50489e-11	-4.67541e-05
4.50502e-11	-4.64623e-05
4.50516e-11	-4.61709e-05
4.50529e-11	-4.58801e-05
4.50543e-11	-4.55897e-05
4.50556e-11	-4.52998e-05
4.5057e-11	-4.50104e-05
4.50583e-11	-4.47215e-05
4.50597e-11	-4.4433e-05
4.5061e-11	-4.41451e-05
4.50624e-11	-4.38576e-05
4.50638e-11	-4.35705e-05
4.50651e-11	-4.3284e-05
4.50665e-11	-4.29979e-05
4.50678e-11	-4.27124e-05
4.50692e-11	-4.24272e-05
4.50705e-11	-4.21426e-05
4.50719e-11	-4.18584e-05
4.50732e-11	-4.15748e-05
4.50746e-11	-4.12915e-05
4.50759e-11	-4.10088e-05
4.50773e-11	-4.07265e-05
4.50786e-11	-4.04447e-05
4.508e-11	-4.01634e-05
4.50813e-11	-3.98825e-05
4.50827e-11	-3.96022e-05
4.5084e-11	-3.93222e-05
4.50854e-11	-3.90428e-05
4.50867e-11	-3.87638e-05
4.50881e-11	-3.84853e-05
4.50895e-11	-3.82073e-05
4.50908e-11	-3.79297e-05
4.50922e-11	-3.76526e-05
4.50935e-11	-3.73759e-05
4.50949e-11	-3.70997e-05
4.50962e-11	-3.6824e-05
4.50976e-11	-3.65488e-05
4.50989e-11	-3.6274e-05
4.51003e-11	-3.59996e-05
4.51016e-11	-3.57258e-05
4.5103e-11	-3.54524e-05
4.51043e-11	-3.51794e-05
4.51057e-11	-3.49069e-05
4.5107e-11	-3.46349e-05
4.51084e-11	-3.43634e-05
4.51097e-11	-3.40922e-05
4.51111e-11	-3.38216e-05
4.51124e-11	-3.35514e-05
4.51138e-11	-3.32817e-05
4.51152e-11	-3.30124e-05
4.51165e-11	-3.27436e-05
4.51179e-11	-3.24752e-05
4.51192e-11	-3.22073e-05
4.51206e-11	-3.19399e-05
4.51219e-11	-3.16729e-05
4.51233e-11	-3.14063e-05
4.51246e-11	-3.11402e-05
4.5126e-11	-3.08746e-05
4.51273e-11	-3.06094e-05
4.51287e-11	-3.03447e-05
4.513e-11	-3.00804e-05
4.51314e-11	-2.98166e-05
4.51327e-11	-2.95532e-05
4.51341e-11	-2.92902e-05
4.51354e-11	-2.90278e-05
4.51368e-11	-2.87657e-05
4.51381e-11	-2.85041e-05
4.51395e-11	-2.8243e-05
4.51409e-11	-2.79823e-05
4.51422e-11	-2.7722e-05
4.51436e-11	-2.74622e-05
4.51449e-11	-2.72029e-05
4.51463e-11	-2.6944e-05
4.51476e-11	-2.66855e-05
4.5149e-11	-2.64275e-05
4.51503e-11	-2.61699e-05
4.51517e-11	-2.59127e-05
4.5153e-11	-2.5656e-05
4.51544e-11	-2.53998e-05
4.51557e-11	-2.5144e-05
4.51571e-11	-2.48886e-05
4.51584e-11	-2.46336e-05
4.51598e-11	-2.43791e-05
4.51611e-11	-2.41251e-05
4.51625e-11	-2.38715e-05
4.51638e-11	-2.36183e-05
4.51652e-11	-2.33655e-05
4.51666e-11	-2.31132e-05
4.51679e-11	-2.28613e-05
4.51693e-11	-2.26099e-05
4.51706e-11	-2.23589e-05
4.5172e-11	-2.21083e-05
4.51733e-11	-2.18582e-05
4.51747e-11	-2.16085e-05
4.5176e-11	-2.13592e-05
4.51774e-11	-2.11104e-05
4.51787e-11	-2.0862e-05
4.51801e-11	-2.0614e-05
4.51814e-11	-2.03665e-05
4.51828e-11	-2.01194e-05
4.51841e-11	-1.98727e-05
4.51855e-11	-1.96264e-05
4.51868e-11	-1.93806e-05
4.51882e-11	-1.91352e-05
4.51895e-11	-1.88903e-05
4.51909e-11	-1.86457e-05
4.51923e-11	-1.84016e-05
4.51936e-11	-1.81579e-05
4.5195e-11	-1.79147e-05
4.51963e-11	-1.76718e-05
4.51977e-11	-1.74294e-05
4.5199e-11	-1.71874e-05
4.52004e-11	-1.69459e-05
4.52017e-11	-1.67047e-05
4.52031e-11	-1.6464e-05
4.52044e-11	-1.62237e-05
4.52058e-11	-1.59838e-05
4.52071e-11	-1.57444e-05
4.52085e-11	-1.55054e-05
4.52098e-11	-1.52667e-05
4.52112e-11	-1.50286e-05
4.52125e-11	-1.47908e-05
4.52139e-11	-1.45534e-05
4.52152e-11	-1.43165e-05
4.52166e-11	-1.408e-05
4.5218e-11	-1.38439e-05
4.52193e-11	-1.36082e-05
4.52207e-11	-1.33729e-05
4.5222e-11	-1.31381e-05
4.52234e-11	-1.29036e-05
4.52247e-11	-1.26696e-05
4.52261e-11	-1.2436e-05
4.52274e-11	-1.22028e-05
4.52288e-11	-1.197e-05
4.52301e-11	-1.17377e-05
4.52315e-11	-1.15057e-05
4.52328e-11	-1.12742e-05
4.52342e-11	-1.1043e-05
4.52355e-11	-1.08123e-05
4.52369e-11	-1.0582e-05
4.52382e-11	-1.03521e-05
4.52396e-11	-1.01226e-05
4.52409e-11	-9.89353e-06
4.52423e-11	-9.66485e-06
4.52437e-11	-9.43658e-06
4.5245e-11	-9.20872e-06
4.52464e-11	-8.98126e-06
4.52477e-11	-8.75422e-06
4.52491e-11	-8.52757e-06
4.52504e-11	-8.30133e-06
4.52518e-11	-8.0755e-06
4.52531e-11	-7.85007e-06
4.52545e-11	-7.62505e-06
4.52558e-11	-7.40043e-06
4.52572e-11	-7.17621e-06
4.52585e-11	-6.95239e-06
4.52599e-11	-6.72897e-06
4.52612e-11	-6.50596e-06
4.52626e-11	-6.28335e-06
4.52639e-11	-6.06113e-06
4.52653e-11	-5.83932e-06
4.52666e-11	-5.61791e-06
4.5268e-11	-5.39689e-06
4.52694e-11	-5.17628e-06
4.52707e-11	-4.95606e-06
4.52721e-11	-4.73624e-06
4.52734e-11	-4.51681e-06
4.52748e-11	-4.29778e-06
4.52761e-11	-4.07915e-06
4.52775e-11	-3.86091e-06
4.52788e-11	-3.64307e-06
4.52802e-11	-3.42563e-06
4.52815e-11	-3.20857e-06
4.52829e-11	-2.99191e-06
4.52842e-11	-2.77565e-06
4.52856e-11	-2.55977e-06
4.52869e-11	-2.34429e-06
4.52883e-11	-2.1292e-06
4.52896e-11	-1.9145e-06
4.5291e-11	-1.70019e-06
4.52923e-11	-1.48627e-06
4.52937e-11	-1.27274e-06
4.52951e-11	-1.0596e-06
4.52964e-11	-8.46851e-07
4.52978e-11	-6.34488e-07
4.52991e-11	-4.22513e-07
4.53005e-11	-2.10925e-07
4.53018e-11	2.76244e-10
4.53032e-11	2.11091e-07
4.53045e-11	4.2152e-07
4.53059e-11	6.31564e-07
4.53072e-11	8.41222e-07
4.53086e-11	1.0505e-06
4.53099e-11	1.25939e-06
4.53113e-11	1.46789e-06
4.53126e-11	1.67602e-06
4.5314e-11	1.88376e-06
4.53153e-11	2.09112e-06
4.53167e-11	2.2981e-06
4.5318e-11	2.50469e-06
4.53194e-11	2.71091e-06
4.53208e-11	2.91674e-06
4.53221e-11	3.1222e-06
4.53235e-11	3.32728e-06
4.53248e-11	3.53197e-06
4.53262e-11	3.73629e-06
4.53275e-11	3.94024e-06
4.53289e-11	4.1438e-06
4.53302e-11	4.34699e-06
4.53316e-11	4.5498e-06
4.53329e-11	4.75223e-06
4.53343e-11	4.95429e-06
4.53356e-11	5.15598e-06
4.5337e-11	5.35729e-06
4.53383e-11	5.55822e-06
4.53397e-11	5.75878e-06
4.5341e-11	5.95897e-06
4.53424e-11	6.15879e-06
4.53437e-11	6.35823e-06
4.53451e-11	6.55731e-06
4.53465e-11	6.75601e-06
4.53478e-11	6.95434e-06
4.53492e-11	7.1523e-06
4.53505e-11	7.34989e-06
4.53519e-11	7.54711e-06
4.53532e-11	7.74396e-06
4.53546e-11	7.94044e-06
4.53559e-11	8.13655e-06
4.53573e-11	8.3323e-06
4.53586e-11	8.52768e-06
4.536e-11	8.72269e-06
4.53613e-11	8.91734e-06
4.53627e-11	9.11162e-06
4.5364e-11	9.30553e-06
4.53654e-11	9.49908e-06
4.53667e-11	9.69227e-06
4.53681e-11	9.88509e-06
4.53694e-11	1.00775e-05
4.53708e-11	1.02696e-05
4.53722e-11	1.04614e-05
4.53735e-11	1.06527e-05
4.53749e-11	1.08438e-05
4.53762e-11	1.10344e-05
4.53776e-11	1.12247e-05
4.53789e-11	1.14146e-05
4.53803e-11	1.16042e-05
4.53816e-11	1.17934e-05
4.5383e-11	1.19822e-05
4.53843e-11	1.21707e-05
4.53857e-11	1.23589e-05
4.5387e-11	1.25466e-05
4.53884e-11	1.2734e-05
4.53897e-11	1.29211e-05
4.53911e-11	1.31078e-05
4.53924e-11	1.32941e-05
4.53938e-11	1.34801e-05
4.53951e-11	1.36658e-05
4.53965e-11	1.38511e-05
4.53979e-11	1.4036e-05
4.53992e-11	1.42206e-05
4.54006e-11	1.44048e-05
4.54019e-11	1.45886e-05
4.54033e-11	1.47722e-05
4.54046e-11	1.49553e-05
4.5406e-11	1.51381e-05
4.54073e-11	1.53206e-05
4.54087e-11	1.55027e-05
4.541e-11	1.56845e-05
4.54114e-11	1.58659e-05
4.54127e-11	1.60469e-05
4.54141e-11	1.62277e-05
4.54154e-11	1.6408e-05
4.54168e-11	1.6588e-05
4.54181e-11	1.67677e-05
4.54195e-11	1.6947e-05
4.54208e-11	1.7126e-05
4.54222e-11	1.73046e-05
4.54236e-11	1.74829e-05
4.54249e-11	1.76608e-05
4.54263e-11	1.78384e-05
4.54276e-11	1.80157e-05
4.5429e-11	1.81926e-05
4.54303e-11	1.83691e-05
4.54317e-11	1.85454e-05
4.5433e-11	1.87212e-05
4.54344e-11	1.88968e-05
4.54357e-11	1.9072e-05
4.54371e-11	1.92468e-05
4.54384e-11	1.94213e-05
4.54398e-11	1.95955e-05
4.54411e-11	1.97693e-05
4.54425e-11	1.99428e-05
4.54438e-11	2.0116e-05
4.54452e-11	2.02888e-05
4.54465e-11	2.04612e-05
4.54479e-11	2.06334e-05
4.54493e-11	2.08052e-05
4.54506e-11	2.09766e-05
4.5452e-11	2.11477e-05
4.54533e-11	2.13185e-05
4.54547e-11	2.1489e-05
4.5456e-11	2.16591e-05
4.54574e-11	2.18289e-05
4.54587e-11	2.19983e-05
4.54601e-11	2.21674e-05
4.54614e-11	2.23362e-05
4.54628e-11	2.25047e-05
4.54641e-11	2.26728e-05
4.54655e-11	2.28405e-05
4.54668e-11	2.3008e-05
4.54682e-11	2.31751e-05
4.54695e-11	2.33419e-05
4.54709e-11	2.35083e-05
4.54722e-11	2.36745e-05
4.54736e-11	2.38403e-05
4.5475e-11	2.40057e-05
4.54763e-11	2.41709e-05
4.54777e-11	2.43357e-05
4.5479e-11	2.45001e-05
4.54804e-11	2.46643e-05
4.54817e-11	2.48281e-05
4.54831e-11	2.49916e-05
4.54844e-11	2.51548e-05
4.54858e-11	2.53176e-05
4.54871e-11	2.54801e-05
4.54885e-11	2.56423e-05
4.54898e-11	2.58042e-05
4.54912e-11	2.59657e-05
4.54925e-11	2.6127e-05
4.54939e-11	2.62879e-05
4.54952e-11	2.64484e-05
4.54966e-11	2.66087e-05
4.54979e-11	2.67686e-05
4.54993e-11	2.69282e-05
4.55007e-11	2.70875e-05
4.5502e-11	2.72465e-05
4.55034e-11	2.74051e-05
4.55047e-11	2.75634e-05
4.55061e-11	2.77214e-05
4.55074e-11	2.78791e-05
4.55088e-11	2.80365e-05
4.55101e-11	2.81935e-05
4.55115e-11	2.83502e-05
4.55128e-11	2.85066e-05
4.55142e-11	2.86627e-05
4.55155e-11	2.88185e-05
4.55169e-11	2.8974e-05
4.55182e-11	2.91291e-05
4.55196e-11	2.92839e-05
4.55209e-11	2.94384e-05
4.55223e-11	2.95926e-05
4.55236e-11	2.97465e-05
4.5525e-11	2.99001e-05
4.55264e-11	3.00533e-05
4.55277e-11	3.02063e-05
4.55291e-11	3.03589e-05
4.55304e-11	3.05112e-05
4.55318e-11	3.06632e-05
4.55331e-11	3.08149e-05
4.55345e-11	3.09663e-05
4.55358e-11	3.11173e-05
4.55372e-11	3.12681e-05
4.55385e-11	3.14186e-05
4.55399e-11	3.15687e-05
4.55412e-11	3.17185e-05
4.55426e-11	3.1868e-05
4.55439e-11	3.20172e-05
4.55453e-11	3.21662e-05
4.55466e-11	3.23147e-05
4.5548e-11	3.2463e-05
4.55493e-11	3.2611e-05
4.55507e-11	3.27587e-05
4.55521e-11	3.29061e-05
4.55534e-11	3.30531e-05
4.55548e-11	3.31999e-05
4.55561e-11	3.33463e-05
4.55575e-11	3.34925e-05
4.55588e-11	3.36383e-05
4.55602e-11	3.37839e-05
4.55615e-11	3.39291e-05
4.55629e-11	3.4074e-05
4.55642e-11	3.42187e-05
4.55656e-11	3.4363e-05
4.55669e-11	3.4507e-05
4.55683e-11	3.46507e-05
4.55696e-11	3.47942e-05
4.5571e-11	3.49373e-05
4.55723e-11	3.50801e-05
4.55737e-11	3.52226e-05
4.5575e-11	3.53649e-05
4.55764e-11	3.55068e-05
4.55778e-11	3.56484e-05
4.55791e-11	3.57897e-05
4.55805e-11	3.59308e-05
4.55818e-11	3.60715e-05
4.55832e-11	3.62119e-05
4.55845e-11	3.63521e-05
4.55859e-11	3.64919e-05
4.55872e-11	3.66315e-05
4.55886e-11	3.67707e-05
4.55899e-11	3.69097e-05
4.55913e-11	3.70483e-05
4.55926e-11	3.71867e-05
4.5594e-11	3.73248e-05
4.55953e-11	3.74626e-05
4.55967e-11	3.76e-05
4.5598e-11	3.77372e-05
4.55994e-11	3.78741e-05
4.56007e-11	3.80108e-05
4.56021e-11	3.81471e-05
4.56035e-11	3.82831e-05
4.56048e-11	3.84188e-05
4.56062e-11	3.85543e-05
4.56075e-11	3.86894e-05
4.56089e-11	3.88243e-05
4.56102e-11	3.89589e-05
4.56116e-11	3.90932e-05
4.56129e-11	3.92272e-05
4.56143e-11	3.93609e-05
4.56156e-11	3.94943e-05
4.5617e-11	3.96274e-05
4.56183e-11	3.97603e-05
4.56197e-11	3.98928e-05
4.5621e-11	4.00251e-05
4.56224e-11	4.01571e-05
4.56237e-11	4.02888e-05
4.56251e-11	4.04202e-05
4.56264e-11	4.05514e-05
4.56278e-11	4.06822e-05
4.56292e-11	4.08128e-05
4.56305e-11	4.09431e-05
4.56319e-11	4.10731e-05
4.56332e-11	4.12028e-05
4.56346e-11	4.13322e-05
4.56359e-11	4.14614e-05
4.56373e-11	4.15902e-05
4.56386e-11	4.17188e-05
4.564e-11	4.18471e-05
4.56413e-11	4.19751e-05
4.56427e-11	4.21029e-05
4.5644e-11	4.22304e-05
4.56454e-11	4.23575e-05
4.56467e-11	4.24845e-05
4.56481e-11	4.26111e-05
4.56494e-11	4.27374e-05
4.56508e-11	4.28635e-05
4.56521e-11	4.29893e-05
4.56535e-11	4.31148e-05
4.56549e-11	4.32401e-05
4.56562e-11	4.3365e-05
4.56576e-11	4.34897e-05
4.56589e-11	4.36141e-05
4.56603e-11	4.37383e-05
4.56616e-11	4.38621e-05
4.5663e-11	4.39857e-05
4.56643e-11	4.4109e-05
4.56657e-11	4.4232e-05
4.5667e-11	4.43548e-05
4.56684e-11	4.44773e-05
4.56697e-11	4.45995e-05
4.56711e-11	4.47215e-05
4.56724e-11	4.48431e-05
4.56738e-11	4.49645e-05
4.56751e-11	4.50857e-05
4.56765e-11	4.52065e-05
4.56778e-11	4.53271e-05
4.56792e-11	4.54474e-05
4.56806e-11	4.55675e-05
4.56819e-11	4.56873e-05
4.56833e-11	4.58068e-05
4.56846e-11	4.5926e-05
4.5686e-11	4.6045e-05
4.56873e-11	4.61637e-05
4.56887e-11	4.62821e-05
4.569e-11	4.64003e-05
4.56914e-11	4.65182e-05
4.56927e-11	4.66358e-05
4.56941e-11	4.67532e-05
4.56954e-11	4.68703e-05
4.56968e-11	4.69871e-05
4.56981e-11	4.71037e-05
4.56995e-11	4.722e-05
4.57008e-11	4.7336e-05
4.57022e-11	4.74518e-05
4.57035e-11	4.75673e-05
4.57049e-11	4.76826e-05
4.57063e-11	4.77976e-05
4.57076e-11	4.79123e-05
4.5709e-11	4.80268e-05
4.57103e-11	4.8141e-05
4.57117e-11	4.82549e-05
4.5713e-11	4.83686e-05
4.57144e-11	4.8482e-05
4.57157e-11	4.85951e-05
4.57171e-11	4.8708e-05
4.57184e-11	4.88207e-05
4.57198e-11	4.8933e-05
4.57211e-11	4.90451e-05
4.57225e-11	4.9157e-05
4.57238e-11	4.92686e-05
4.57252e-11	4.93799e-05
4.57265e-11	4.9491e-05
4.57279e-11	4.96018e-05
4.57292e-11	4.97124e-05
4.57306e-11	4.98227e-05
4.5732e-11	4.99328e-05
4.57333e-11	5.00426e-05
4.57347e-11	5.01521e-05
4.5736e-11	5.02614e-05
4.57374e-11	5.03704e-05
4.57387e-11	5.04792e-05
4.57401e-11	5.05877e-05
4.57414e-11	5.0696e-05
4.57428e-11	5.0804e-05
4.57441e-11	5.09118e-05
4.57455e-11	5.10193e-05
4.57468e-11	5.11265e-05
4.57482e-11	5.12335e-05
4.57495e-11	5.13403e-05
4.57509e-11	5.14468e-05
4.57522e-11	5.1553e-05
4.57536e-11	5.1659e-05
4.57549e-11	5.17648e-05
4.57563e-11	5.18703e-05
4.57577e-11	5.19755e-05
4.5759e-11	5.20805e-05
4.57604e-11	5.21852e-05
4.57617e-11	5.22897e-05
4.57631e-11	5.2394e-05
4.57644e-11	5.2498e-05
4.57658e-11	5.26017e-05
4.57671e-11	5.27053e-05
4.57685e-11	5.28085e-05
4.57698e-11	5.29115e-05
4.57712e-11	5.30143e-05
4.57725e-11	5.31168e-05
4.57739e-11	5.32191e-05
4.57752e-11	5.33211e-05
4.57766e-11	5.34229e-05
4.57779e-11	5.35244e-05
4.57793e-11	5.36257e-05
4.57806e-11	5.37268e-05
4.5782e-11	5.38276e-05
4.57834e-11	5.39281e-05
4.57847e-11	5.40284e-05
4.57861e-11	5.41285e-05
4.57874e-11	5.42284e-05
4.57888e-11	5.43279e-05
4.57901e-11	5.44273e-05
4.57915e-11	5.45264e-05
4.57928e-11	5.46253e-05
4.57942e-11	5.47239e-05
4.57955e-11	5.48223e-05
4.57969e-11	5.49204e-05
4.57982e-11	5.50183e-05
4.57996e-11	5.5116e-05
4.58009e-11	5.52134e-05
4.58023e-11	5.53106e-05
4.58036e-11	5.54076e-05
4.5805e-11	5.55043e-05
4.58063e-11	5.56007e-05
4.58077e-11	5.5697e-05
4.58091e-11	5.5793e-05
4.58104e-11	5.58887e-05
4.58118e-11	5.59843e-05
4.58131e-11	5.60795e-05
4.58145e-11	5.61746e-05
4.58158e-11	5.62694e-05
4.58172e-11	5.6364e-05
4.58185e-11	5.64583e-05
4.58199e-11	5.65525e-05
4.58212e-11	5.66463e-05
4.58226e-11	5.674e-05
4.58239e-11	5.68334e-05
4.58253e-11	5.69266e-05
4.58266e-11	5.70195e-05
4.5828e-11	5.71122e-05
4.58293e-11	5.72047e-05
4.58307e-11	5.7297e-05
4.5832e-11	5.7389e-05
4.58334e-11	5.74808e-05
4.58348e-11	5.75723e-05
4.58361e-11	5.76636e-05
4.58375e-11	5.77547e-05
4.58388e-11	5.78456e-05
4.58402e-11	5.79362e-05
4.58415e-11	5.80266e-05
4.58429e-11	5.81168e-05
4.58442e-11	5.82067e-05
4.58456e-11	5.82965e-05
4.58469e-11	5.8386e-05
4.58483e-11	5.84752e-05
4.58496e-11	5.85642e-05
4.5851e-11	5.86531e-05
4.58523e-11	5.87416e-05
4.58537e-11	5.883e-05
4.5855e-11	5.89181e-05
4.58564e-11	5.9006e-05
4.58577e-11	5.90937e-05
4.58591e-11	5.91811e-05
4.58605e-11	5.92684e-05
4.58618e-11	5.93554e-05
4.58632e-11	5.94422e-05
4.58645e-11	5.95287e-05
4.58659e-11	5.9615e-05
4.58672e-11	5.97011e-05
4.58686e-11	5.9787e-05
4.58699e-11	5.98727e-05
4.58713e-11	5.99581e-05
4.58726e-11	6.00433e-05
4.5874e-11	6.01283e-05
4.58753e-11	6.02131e-05
4.58767e-11	6.02977e-05
4.5878e-11	6.0382e-05
4.58794e-11	6.04661e-05
4.58807e-11	6.055e-05
4.58821e-11	6.06337e-05
4.58834e-11	6.07171e-05
4.58848e-11	6.08003e-05
4.58862e-11	6.08833e-05
4.58875e-11	6.09661e-05
4.58889e-11	6.10487e-05
4.58902e-11	6.11311e-05
4.58916e-11	6.12132e-05
4.58929e-11	6.12951e-05
4.58943e-11	6.13768e-05
4.58956e-11	6.14583e-05
4.5897e-11	6.15396e-05
4.58983e-11	6.16206e-05
4.58997e-11	6.17015e-05
4.5901e-11	6.17821e-05
4.59024e-11	6.18625e-05
4.59037e-11	6.19427e-05
4.59051e-11	6.20227e-05
4.59064e-11	6.21025e-05
4.59078e-11	6.2182e-05
4.59091e-11	6.22613e-05
4.59105e-11	6.23405e-05
4.59119e-11	6.24194e-05
4.59132e-11	6.24981e-05
4.59146e-11	6.25766e-05
4.59159e-11	6.26548e-05
4.59173e-11	6.27329e-05
4.59186e-11	6.28107e-05
4.592e-11	6.28884e-05
4.59213e-11	6.29658e-05
4.59227e-11	6.3043e-05
4.5924e-11	6.312e-05
4.59254e-11	6.31968e-05
4.59267e-11	6.32734e-05
4.59281e-11	6.33498e-05
4.59294e-11	6.34259e-05
4.59308e-11	6.35019e-05
4.59321e-11	6.35777e-05
4.59335e-11	6.36532e-05
4.59348e-11	6.37285e-05
4.59362e-11	6.38037e-05
4.59376e-11	6.38786e-05
4.59389e-11	6.39533e-05
4.59403e-11	6.40278e-05
4.59416e-11	6.41021e-05
4.5943e-11	6.41762e-05
4.59443e-11	6.42501e-05
4.59457e-11	6.43237e-05
4.5947e-11	6.43972e-05
4.59484e-11	6.44705e-05
4.59497e-11	6.45435e-05
4.59511e-11	6.46164e-05
4.59524e-11	6.4689e-05
4.59538e-11	6.47615e-05
4.59551e-11	6.48338e-05
4.59565e-11	6.49058e-05
4.59578e-11	6.49776e-05
4.59592e-11	6.50493e-05
4.59605e-11	6.51207e-05
4.59619e-11	6.51919e-05
4.59633e-11	6.5263e-05
4.59646e-11	6.53338e-05
4.5966e-11	6.54044e-05
4.59673e-11	6.54749e-05
4.59687e-11	6.55451e-05
4.597e-11	6.56151e-05
4.59714e-11	6.5685e-05
4.59727e-11	6.57546e-05
4.59741e-11	6.5824e-05
4.59754e-11	6.58932e-05
4.59768e-11	6.59623e-05
4.59781e-11	6.60311e-05
4.59795e-11	6.60997e-05
4.59808e-11	6.61682e-05
4.59822e-11	6.62364e-05
4.59835e-11	6.63044e-05
4.59849e-11	6.63723e-05
4.59862e-11	6.64399e-05
4.59876e-11	6.65074e-05
4.5989e-11	6.65746e-05
4.59903e-11	6.66417e-05
4.59917e-11	6.67085e-05
4.5993e-11	6.67752e-05
4.59944e-11	6.68417e-05
4.59957e-11	6.6908e-05
4.59971e-11	6.6974e-05
4.59984e-11	6.70399e-05
4.59998e-11	6.71056e-05
4.60011e-11	6.71711e-05
4.60025e-11	6.72364e-05
4.60038e-11	6.73015e-05
4.60052e-11	6.73664e-05
4.60065e-11	6.74312e-05
4.60079e-11	6.74957e-05
4.60092e-11	6.75601e-05
4.60106e-11	6.76242e-05
4.60119e-11	6.76882e-05
4.60133e-11	6.77519e-05
4.60147e-11	6.78155e-05
4.6016e-11	6.78789e-05
4.60174e-11	6.79421e-05
4.60187e-11	6.80051e-05
4.60201e-11	6.80679e-05
4.60214e-11	6.81305e-05
4.60228e-11	6.8193e-05
4.60241e-11	6.82552e-05
4.60255e-11	6.83173e-05
4.60268e-11	6.83791e-05
4.60282e-11	6.84408e-05
4.60295e-11	6.85023e-05
4.60309e-11	6.85636e-05
4.60322e-11	6.86247e-05
4.60336e-11	6.86857e-05
4.60349e-11	6.87464e-05
4.60363e-11	6.8807e-05
4.60376e-11	6.88673e-05
4.6039e-11	6.89275e-05
4.60404e-11	6.89875e-05
4.60417e-11	6.90474e-05
4.60431e-11	6.9107e-05
4.60444e-11	6.91664e-05
4.60458e-11	6.92257e-05
4.60471e-11	6.92848e-05
4.60485e-11	6.93437e-05
4.60498e-11	6.94024e-05
4.60512e-11	6.94609e-05
4.60525e-11	6.95192e-05
4.60539e-11	6.95774e-05
4.60552e-11	6.96354e-05
4.60566e-11	6.96932e-05
4.60579e-11	6.97508e-05
4.60593e-11	6.98082e-05
4.60606e-11	6.98654e-05
4.6062e-11	6.99225e-05
4.60633e-11	6.99794e-05
4.60647e-11	7.00361e-05
4.60661e-11	7.00926e-05
4.60674e-11	7.0149e-05
4.60688e-11	7.02051e-05
4.60701e-11	7.02611e-05
4.60715e-11	7.03169e-05
4.60728e-11	7.03726e-05
4.60742e-11	7.0428e-05
4.60755e-11	7.04833e-05
4.60769e-11	7.05384e-05
4.60782e-11	7.05933e-05
4.60796e-11	7.0648e-05
4.60809e-11	7.07026e-05
4.60823e-11	7.07569e-05
4.60836e-11	7.08111e-05
4.6085e-11	7.08652e-05
4.60863e-11	7.0919e-05
4.60877e-11	7.09727e-05
4.6089e-11	7.10262e-05
4.60904e-11	7.10795e-05
4.60918e-11	7.11326e-05
4.60931e-11	7.11856e-05
4.60945e-11	7.12384e-05
4.60958e-11	7.1291e-05
4.60972e-11	7.13435e-05
4.60985e-11	7.13957e-05
4.60999e-11	7.14478e-05
4.61012e-11	7.14998e-05
4.61026e-11	7.15515e-05
4.61039e-11	7.16031e-05
4.61053e-11	7.16545e-05
4.61066e-11	7.17057e-05
4.6108e-11	7.17568e-05
4.61093e-11	7.18077e-05
4.61107e-11	7.18584e-05
4.6112e-11	7.19089e-05
4.61134e-11	7.19593e-05
4.61147e-11	7.20095e-05
4.61161e-11	7.20595e-05
4.61175e-11	7.21094e-05
4.61188e-11	7.21591e-05
4.61202e-11	7.22086e-05
4.61215e-11	7.2258e-05
4.61229e-11	7.23071e-05
4.61242e-11	7.23562e-05
4.61256e-11	7.2405e-05
4.61269e-11	7.24537e-05
4.61283e-11	7.25022e-05
4.61296e-11	7.25505e-05
4.6131e-11	7.25987e-05
4.61323e-11	7.26467e-05
4.61337e-11	7.26945e-05
4.6135e-11	7.27422e-05
4.61364e-11	7.27897e-05
4.61377e-11	7.2837e-05
4.61391e-11	7.28842e-05
4.61404e-11	7.29312e-05
4.61418e-11	7.2978e-05
4.61432e-11	7.30247e-05
4.61445e-11	7.30712e-05
4.61459e-11	7.31175e-05
4.61472e-11	7.31637e-05
4.61486e-11	7.32097e-05
4.61499e-11	7.32556e-05
4.61513e-11	7.33012e-05
4.61526e-11	7.33468e-05
4.6154e-11	7.33921e-05
4.61553e-11	7.34373e-05
4.61567e-11	7.34823e-05
4.6158e-11	7.35272e-05
4.61594e-11	7.35719e-05
4.61607e-11	7.36164e-05
4.61621e-11	7.36608e-05
4.61634e-11	7.3705e-05
4.61648e-11	7.37491e-05
4.61661e-11	7.3793e-05
4.61675e-11	7.38367e-05
4.61689e-11	7.38803e-05
4.61702e-11	7.39237e-05
4.61716e-11	7.39669e-05
4.61729e-11	7.401e-05
4.61743e-11	7.4053e-05
4.61756e-11	7.40957e-05
4.6177e-11	7.41383e-05
4.61783e-11	7.41808e-05
4.61797e-11	7.42231e-05
4.6181e-11	7.42652e-05
4.61824e-11	7.43072e-05
4.61837e-11	7.4349e-05
4.61851e-11	7.43906e-05
4.61864e-11	7.44321e-05
4.61878e-11	7.44735e-05
4.61891e-11	7.45147e-05
4.61905e-11	7.45557e-05
4.61918e-11	7.45966e-05
4.61932e-11	7.46373e-05
4.61946e-11	7.46778e-05
4.61959e-11	7.47182e-05
4.61973e-11	7.47585e-05
4.61986e-11	7.47986e-05
4.62e-11	7.48385e-05
4.62013e-11	7.48783e-05
4.62027e-11	7.49179e-05
4.6204e-11	7.49574e-05
4.62054e-11	7.49967e-05
4.62067e-11	7.50359e-05
4.62081e-11	7.50749e-05
4.62094e-11	7.51137e-05
4.62108e-11	7.51524e-05
4.62121e-11	7.5191e-05
4.62135e-11	7.52294e-05
4.62148e-11	7.52676e-05
4.62162e-11	7.53057e-05
4.62175e-11	7.53437e-05
4.62189e-11	7.53814e-05
4.62203e-11	7.54191e-05
4.62216e-11	7.54566e-05
4.6223e-11	7.54939e-05
4.62243e-11	7.55311e-05
4.62257e-11	7.55681e-05
4.6227e-11	7.5605e-05
4.62284e-11	7.56417e-05
4.62297e-11	7.56783e-05
4.62311e-11	7.57147e-05
4.62324e-11	7.5751e-05
4.62338e-11	7.57871e-05
4.62351e-11	7.58231e-05
4.62365e-11	7.5859e-05
4.62378e-11	7.58946e-05
4.62392e-11	7.59302e-05
4.62405e-11	7.59656e-05
4.62419e-11	7.60008e-05
4.62432e-11	7.60359e-05
4.62446e-11	7.60708e-05
4.6246e-11	7.61056e-05
4.62473e-11	7.61403e-05
4.62487e-11	7.61748e-05
4.625e-11	7.62091e-05
4.62514e-11	7.62434e-05
4.62527e-11	7.62774e-05
4.62541e-11	7.63113e-05
4.62554e-11	7.63451e-05
4.62568e-11	7.63787e-05
4.62581e-11	7.64122e-05
4.62595e-11	7.64456e-05
4.62608e-11	7.64787e-05
4.62622e-11	7.65118e-05
4.62635e-11	7.65447e-05
4.62649e-11	7.65775e-05
4.62662e-11	7.66101e-05
4.62676e-11	7.66426e-05
4.62689e-11	7.66749e-05
4.62703e-11	7.67071e-05
4.62717e-11	7.67391e-05
4.6273e-11	7.6771e-05
4.62744e-11	7.68028e-05
4.62757e-11	7.68344e-05
4.62771e-11	7.68659e-05
4.62784e-11	7.68972e-05
4.62798e-11	7.69284e-05
4.62811e-11	7.69594e-05
4.62825e-11	7.69903e-05
4.62838e-11	7.70211e-05
4.62852e-11	7.70517e-05
4.62865e-11	7.70822e-05
4.62879e-11	7.71126e-05
4.62892e-11	7.71428e-05
4.62906e-11	7.71728e-05
4.62919e-11	7.72028e-05
4.62933e-11	7.72325e-05
4.62946e-11	7.72622e-05
4.6296e-11	7.72917e-05
4.62974e-11	7.73211e-05
4.62987e-11	7.73503e-05
4.63001e-11	7.73794e-05
4.63014e-11	7.74084e-05
4.63028e-11	7.74372e-05
4.63041e-11	7.74659e-05
4.63055e-11	7.74944e-05
4.63068e-11	7.75228e-05
4.63082e-11	7.75511e-05
4.63095e-11	7.75792e-05
4.63109e-11	7.76072e-05
4.63122e-11	7.76351e-05
4.63136e-11	7.76628e-05
4.63149e-11	7.76904e-05
4.63163e-11	7.77178e-05
4.63176e-11	7.77451e-05
4.6319e-11	7.77723e-05
4.63203e-11	7.77994e-05
4.63217e-11	7.78263e-05
4.63231e-11	7.78531e-05
4.63244e-11	7.78797e-05
4.63258e-11	7.79062e-05
4.63271e-11	7.79326e-05
4.63285e-11	7.79588e-05
4.63298e-11	7.7985e-05
4.63312e-11	7.80109e-05
4.63325e-11	7.80368e-05
4.63339e-11	7.80625e-05
4.63352e-11	7.80881e-05
4.63366e-11	7.81135e-05
4.63379e-11	7.81388e-05
4.63393e-11	7.8164e-05
4.63406e-11	7.81891e-05
4.6342e-11	7.8214e-05
4.63433e-11	7.82388e-05
4.63447e-11	7.82634e-05
4.6346e-11	7.8288e-05
4.63474e-11	7.83123e-05
4.63488e-11	7.83366e-05
4.63501e-11	7.83607e-05
4.63515e-11	7.83847e-05
4.63528e-11	7.84086e-05
4.63542e-11	7.84324e-05
4.63555e-11	7.8456e-05
4.63569e-11	7.84795e-05
4.63582e-11	7.85028e-05
4.63596e-11	7.85261e-05
4.63609e-11	7.85492e-05
4.63623e-11	7.85721e-05
4.63636e-11	7.8595e-05
4.6365e-11	7.86177e-05
4.63663e-11	7.86403e-05
4.63677e-11	7.86628e-05
4.6369e-11	7.86851e-05
4.63704e-11	7.87073e-05
4.63717e-11	7.87294e-05
4.63731e-11	7.87513e-05
4.63745e-11	7.87732e-05
4.63758e-11	7.87949e-05
4.63772e-11	7.88164e-05
4.63785e-11	7.88379e-05
4.63799e-11	7.88592e-05
4.63812e-11	7.88804e-05
4.63826e-11	7.89015e-05
4.63839e-11	7.89224e-05
4.63853e-11	7.89433e-05
4.63866e-11	7.8964e-05
4.6388e-11	7.89845e-05
4.63893e-11	7.9005e-05
4.63907e-11	7.90253e-05
4.6392e-11	7.90455e-05
4.63934e-11	7.90656e-05
4.63947e-11	7.90856e-05
4.63961e-11	7.91054e-05
4.63974e-11	7.91251e-05
4.63988e-11	7.91447e-05
4.64002e-11	7.91642e-05
4.64015e-11	7.91835e-05
4.64029e-11	7.92027e-05
4.64042e-11	7.92218e-05
4.64056e-11	7.92408e-05
4.64069e-11	7.92597e-05
4.64083e-11	7.92784e-05
4.64096e-11	7.9297e-05
4.6411e-11	7.93155e-05
4.64123e-11	7.93339e-05
4.64137e-11	7.93522e-05
4.6415e-11	7.93703e-05
4.64164e-11	7.93883e-05
4.64177e-11	7.94062e-05
4.64191e-11	7.9424e-05
4.64204e-11	7.94416e-05
4.64218e-11	7.94592e-05
4.64232e-11	7.94766e-05
4.64245e-11	7.94939e-05
4.64259e-11	7.9511e-05
4.64272e-11	7.95281e-05
4.64286e-11	7.95451e-05
4.64299e-11	7.95619e-05
4.64313e-11	7.95786e-05
4.64326e-11	7.95952e-05
4.6434e-11	7.96116e-05
4.64353e-11	7.9628e-05
4.64367e-11	7.96442e-05
4.6438e-11	7.96604e-05
4.64394e-11	7.96764e-05
4.64407e-11	7.96922e-05
4.64421e-11	7.9708e-05
4.64434e-11	7.97237e-05
4.64448e-11	7.97392e-05
4.64461e-11	7.97546e-05
4.64475e-11	7.97699e-05
4.64489e-11	7.97851e-05
4.64502e-11	7.98002e-05
4.64516e-11	7.98152e-05
4.64529e-11	7.983e-05
4.64543e-11	7.98448e-05
4.64556e-11	7.98594e-05
4.6457e-11	7.98739e-05
4.64583e-11	7.98883e-05
4.64597e-11	7.99025e-05
4.6461e-11	7.99167e-05
4.64624e-11	7.99308e-05
4.64637e-11	7.99447e-05
4.64651e-11	7.99585e-05
4.64664e-11	7.99722e-05
4.64678e-11	7.99858e-05
4.64691e-11	7.99993e-05
4.64705e-11	8.00127e-05
4.64718e-11	8.0026e-05
4.64732e-11	8.00391e-05
4.64746e-11	8.00521e-05
4.64759e-11	8.00651e-05
4.64773e-11	8.00779e-05
4.64786e-11	8.00906e-05
4.648e-11	8.01032e-05
4.64813e-11	8.01157e-05
4.64827e-11	8.0128e-05
4.6484e-11	8.01403e-05
4.64854e-11	8.01525e-05
4.64867e-11	8.01645e-05
4.64881e-11	8.01764e-05
4.64894e-11	8.01883e-05
4.64908e-11	8.02e-05
4.64921e-11	8.02116e-05
4.64935e-11	8.02231e-05
4.64948e-11	8.02345e-05
4.64962e-11	8.02458e-05
4.64975e-11	8.02569e-05
4.64989e-11	8.0268e-05
4.65003e-11	8.02789e-05
4.65016e-11	8.02898e-05
4.6503e-11	8.03005e-05
4.65043e-11	8.03112e-05
4.65057e-11	8.03217e-05
4.6507e-11	8.03321e-05
4.65084e-11	8.03424e-05
4.65097e-11	8.03526e-05
4.65111e-11	8.03627e-05
4.65124e-11	8.03727e-05
4.65138e-11	8.03826e-05
4.65151e-11	8.03924e-05
4.65165e-11	8.0402e-05
4.65178e-11	8.04116e-05
4.65192e-11	8.04211e-05
4.65205e-11	8.04304e-05
4.65219e-11	8.04397e-05
4.65232e-11	8.04488e-05
4.65246e-11	8.04579e-05
4.6526e-11	8.04668e-05
4.65273e-11	8.04756e-05
4.65287e-11	8.04844e-05
4.653e-11	8.0493e-05
4.65314e-11	8.05015e-05
4.65327e-11	8.05099e-05
4.65341e-11	8.05182e-05
4.65354e-11	8.05265e-05
4.65368e-11	8.05346e-05
4.65381e-11	8.05426e-05
4.65395e-11	8.05505e-05
4.65408e-11	8.05583e-05
4.65422e-11	8.0566e-05
4.65435e-11	8.05736e-05
4.65449e-11	8.05811e-05
4.65462e-11	8.05885e-05
4.65476e-11	8.05957e-05
4.65489e-11	8.06029e-05
4.65503e-11	8.061e-05
4.65517e-11	8.0617e-05
4.6553e-11	8.06239e-05
4.65544e-11	8.06307e-05
4.65557e-11	8.06374e-05
4.65571e-11	8.06439e-05
4.65584e-11	8.06504e-05
4.65598e-11	8.06568e-05
4.65611e-11	8.06631e-05
4.65625e-11	8.06693e-05
4.65638e-11	8.06754e-05
4.65652e-11	8.06814e-05
4.65665e-11	8.06872e-05
4.65679e-11	8.0693e-05
4.65692e-11	8.06987e-05
4.65706e-11	8.07043e-05
4.65719e-11	8.07098e-05
4.65733e-11	8.07152e-05
4.65746e-11	8.07205e-05
4.6576e-11	8.07257e-05
4.65774e-11	8.07308e-05
4.65787e-11	8.07358e-05
4.65801e-11	8.07407e-05
4.65814e-11	8.07455e-05
4.65828e-11	8.07502e-05
4.65841e-11	8.07548e-05
4.65855e-11	8.07593e-05
4.65868e-11	8.07638e-05
4.65882e-11	8.07681e-05
4.65895e-11	8.07723e-05
4.65909e-11	8.07765e-05
4.65922e-11	8.07805e-05
4.65936e-11	8.07844e-05
4.65949e-11	8.07883e-05
4.65963e-11	8.0792e-05
4.65976e-11	8.07957e-05
4.6599e-11	8.07992e-05
4.66003e-11	8.08027e-05
4.66017e-11	8.08061e-05
4.66031e-11	8.08093e-05
4.66044e-11	8.08125e-05
4.66058e-11	8.08156e-05
4.66071e-11	8.08186e-05
4.66085e-11	8.08215e-05
4.66098e-11	8.08243e-05
4.66112e-11	8.0827e-05
4.66125e-11	8.08296e-05
4.66139e-11	8.08322e-05
4.66152e-11	8.08346e-05
4.66166e-11	8.0837e-05
4.66179e-11	8.08392e-05
4.66193e-11	8.08414e-05
4.66206e-11	8.08434e-05
4.6622e-11	8.08454e-05
4.66233e-11	8.08473e-05
4.66247e-11	8.08491e-05
4.6626e-11	8.08507e-05
4.66274e-11	8.08524e-05
4.66288e-11	8.08539e-05
4.66301e-11	8.08553e-05
4.66315e-11	8.08566e-05
4.66328e-11	8.08579e-05
4.66342e-11	8.0859e-05
4.66355e-11	8.08601e-05
4.66369e-11	8.0861e-05
4.66382e-11	8.08619e-05
4.66396e-11	8.08627e-05
4.66409e-11	8.08634e-05
4.66423e-11	8.0864e-05
4.66436e-11	8.08645e-05
4.6645e-11	8.0865e-05
4.66463e-11	8.08653e-05
4.66477e-11	8.08656e-05
4.6649e-11	8.08657e-05
4.66504e-11	8.08658e-05
4.66517e-11	8.08658e-05
4.66531e-11	8.08657e-05
4.66545e-11	8.08655e-05
4.66558e-11	8.08652e-05
4.66572e-11	8.08649e-05
4.66585e-11	8.08644e-05
4.66599e-11	8.08639e-05
4.66612e-11	8.08632e-05
4.66626e-11	8.08625e-05
4.66639e-11	8.08617e-05
4.66653e-11	8.08608e-05
4.66666e-11	8.08599e-05
4.6668e-11	8.08588e-05
4.66693e-11	8.08577e-05
4.66707e-11	8.08564e-05
4.6672e-11	8.08551e-05
4.66734e-11	8.08537e-05
4.66747e-11	8.08522e-05
4.66761e-11	8.08506e-05
4.66774e-11	8.0849e-05
4.66788e-11	8.08472e-05
4.66802e-11	8.08454e-05
4.66815e-11	8.08435e-05
4.66829e-11	8.08415e-05
4.66842e-11	8.08394e-05
4.66856e-11	8.08372e-05
4.66869e-11	8.08349e-05
4.66883e-11	8.08326e-05
4.66896e-11	8.08302e-05
4.6691e-11	8.08277e-05
4.66923e-11	8.08251e-05
4.66937e-11	8.08224e-05
4.6695e-11	8.08196e-05
4.66964e-11	8.08168e-05
4.66977e-11	8.08139e-05
4.66991e-11	8.08109e-05
4.67004e-11	8.08078e-05
4.67018e-11	8.08046e-05
4.67031e-11	8.08014e-05
4.67045e-11	8.0798e-05
4.67059e-11	8.07946e-05
4.67072e-11	8.07911e-05
4.67086e-11	8.07875e-05
4.67099e-11	8.07839e-05
4.67113e-11	8.07801e-05
4.67126e-11	8.07763e-05
4.6714e-11	8.07724e-05
4.67153e-11	8.07684e-05
4.67167e-11	8.07643e-05
4.6718e-11	8.07602e-05
4.67194e-11	8.07559e-05
4.67207e-11	8.07516e-05
4.67221e-11	8.07472e-05
4.67234e-11	8.07427e-05
4.67248e-11	8.07382e-05
4.67261e-11	8.07336e-05
4.67275e-11	8.07289e-05
4.67288e-11	8.07241e-05
4.67302e-11	8.07192e-05
4.67316e-11	8.07142e-05
4.67329e-11	8.07092e-05
4.67343e-11	8.07041e-05
4.67356e-11	8.06989e-05
4.6737e-11	8.06937e-05
4.67383e-11	8.06883e-05
4.67397e-11	8.06829e-05
4.6741e-11	8.06774e-05
4.67424e-11	8.06718e-05
4.67437e-11	8.06661e-05
4.67451e-11	8.06604e-05
4.67464e-11	8.06546e-05
4.67478e-11	8.06487e-05
4.67491e-11	8.06428e-05
4.67505e-11	8.06367e-05
4.67518e-11	8.06306e-05
4.67532e-11	8.06244e-05
4.67545e-11	8.06181e-05
4.67559e-11	8.06118e-05
4.67573e-11	8.06054e-05
4.67586e-11	8.05988e-05
4.676e-11	8.05923e-05
4.67613e-11	8.05856e-05
4.67627e-11	8.05789e-05
4.6764e-11	8.05721e-05
4.67654e-11	8.05652e-05
4.67667e-11	8.05582e-05
4.67681e-11	8.05512e-05
4.67694e-11	8.05441e-05
4.67708e-11	8.05369e-05
4.67721e-11	8.05297e-05
4.67735e-11	8.05223e-05
4.67748e-11	8.05149e-05
4.67762e-11	8.05075e-05
4.67775e-11	8.04999e-05
4.67789e-11	8.04923e-05
4.67802e-11	8.04846e-05
4.67816e-11	8.04768e-05
4.6783e-11	8.04689e-05
4.67843e-11	8.0461e-05
4.67857e-11	8.0453e-05
4.6787e-11	8.0445e-05
4.67884e-11	8.04368e-05
4.67897e-11	8.04286e-05
4.67911e-11	8.04203e-05
4.67924e-11	8.0412e-05
4.67938e-11	8.04035e-05
4.67951e-11	8.0395e-05
4.67965e-11	8.03865e-05
4.67978e-11	8.03778e-05
4.67992e-11	8.03691e-05
4.68005e-11	8.03603e-05
4.68019e-11	8.03514e-05
4.68032e-11	8.03425e-05
4.68046e-11	8.03335e-05
4.68059e-11	8.03244e-05
4.68073e-11	8.03153e-05
4.68087e-11	8.0306e-05
4.681e-11	8.02968e-05
4.68114e-11	8.02874e-05
4.68127e-11	8.0278e-05
4.68141e-11	8.02685e-05
4.68154e-11	8.02589e-05
4.68168e-11	8.02493e-05
4.68181e-11	8.02395e-05
4.68195e-11	8.02298e-05
4.68208e-11	8.02199e-05
4.68222e-11	8.021e-05
4.68235e-11	8.02e-05
4.68249e-11	8.019e-05
4.68262e-11	8.01798e-05
4.68276e-11	8.01696e-05
4.68289e-11	8.01594e-05
4.68303e-11	8.0149e-05
4.68316e-11	8.01386e-05
4.6833e-11	8.01282e-05
4.68344e-11	8.01176e-05
4.68357e-11	8.0107e-05
4.68371e-11	8.00963e-05
4.68384e-11	8.00856e-05
4.68398e-11	8.00748e-05
4.68411e-11	8.00639e-05
4.68425e-11	8.0053e-05
4.68438e-11	8.0042e-05
4.68452e-11	8.00309e-05
4.68465e-11	8.00197e-05
4.68479e-11	8.00085e-05
4.68492e-11	7.99972e-05
4.68506e-11	7.99859e-05
4.68519e-11	7.99745e-05
4.68533e-11	7.9963e-05
4.68546e-11	7.99515e-05
4.6856e-11	7.99398e-05
4.68573e-11	7.99282e-05
4.68587e-11	7.99164e-05
4.68601e-11	7.99046e-05
4.68614e-11	7.98927e-05
4.68628e-11	7.98808e-05
4.68641e-11	7.98688e-05
4.68655e-11	7.98567e-05
4.68668e-11	7.98446e-05
4.68682e-11	7.98324e-05
4.68695e-11	7.98201e-05
4.68709e-11	7.98078e-05
4.68722e-11	7.97954e-05
4.68736e-11	7.9783e-05
4.68749e-11	7.97704e-05
4.68763e-11	7.97579e-05
4.68776e-11	7.97452e-05
4.6879e-11	7.97325e-05
4.68803e-11	7.97197e-05
4.68817e-11	7.97069e-05
4.6883e-11	7.9694e-05
4.68844e-11	7.9681e-05
4.68858e-11	7.9668e-05
4.68871e-11	7.96549e-05
4.68885e-11	7.96417e-05
4.68898e-11	7.96285e-05
4.68912e-11	7.96152e-05
4.68925e-11	7.96019e-05
4.68939e-11	7.95885e-05
4.68952e-11	7.9575e-05
4.68966e-11	7.95615e-05
4.68979e-11	7.95479e-05
4.68993e-11	7.95342e-05
4.69006e-11	7.95205e-05
4.6902e-11	7.95067e-05
4.69033e-11	7.94929e-05
4.69047e-11	7.9479e-05
4.6906e-11	7.9465e-05
4.69074e-11	7.9451e-05
4.69087e-11	7.94369e-05
4.69101e-11	7.94228e-05
4.69115e-11	7.94086e-05
4.69128e-11	7.93943e-05
4.69142e-11	7.938e-05
4.69155e-11	7.93656e-05
4.69169e-11	7.93512e-05
4.69182e-11	7.93367e-05
4.69196e-11	7.93221e-05
4.69209e-11	7.93075e-05
4.69223e-11	7.92928e-05
4.69236e-11	7.92781e-05
4.6925e-11	7.92632e-05
4.69263e-11	7.92484e-05
4.69277e-11	7.92335e-05
4.6929e-11	7.92185e-05
4.69304e-11	7.92034e-05
4.69317e-11	7.91884e-05
4.69331e-11	7.91732e-05
4.69344e-11	7.9158e-05
4.69358e-11	7.91427e-05
4.69372e-11	7.91274e-05
4.69385e-11	7.9112e-05
4.69399e-11	7.90965e-05
4.69412e-11	7.9081e-05
4.69426e-11	7.90655e-05
4.69439e-11	7.90498e-05
4.69453e-11	7.90342e-05
4.69466e-11	7.90184e-05
4.6948e-11	7.90026e-05
4.69493e-11	7.89868e-05
4.69507e-11	7.89709e-05
4.6952e-11	7.89549e-05
4.69534e-11	7.89389e-05
4.69547e-11	7.89228e-05
4.69561e-11	7.89067e-05
4.69574e-11	7.88905e-05
4.69588e-11	7.88742e-05
4.69601e-11	7.88579e-05
4.69615e-11	7.88416e-05
4.69629e-11	7.88252e-05
4.69642e-11	7.88087e-05
4.69656e-11	7.87922e-05
4.69669e-11	7.87756e-05
4.69683e-11	7.87589e-05
4.69696e-11	7.87423e-05
4.6971e-11	7.87255e-05
4.69723e-11	7.87087e-05
4.69737e-11	7.86918e-05
4.6975e-11	7.86749e-05
4.69764e-11	7.8658e-05
4.69777e-11	7.86409e-05
4.69791e-11	7.86239e-05
4.69804e-11	7.86067e-05
4.69818e-11	7.85896e-05
4.69831e-11	7.85723e-05
4.69845e-11	7.8555e-05
4.69858e-11	7.85377e-05
4.69872e-11	7.85203e-05
4.69886e-11	7.85028e-05
4.69899e-11	7.84853e-05
4.69913e-11	7.84677e-05
4.69926e-11	7.84501e-05
4.6994e-11	7.84325e-05
4.69953e-11	7.84147e-05
4.69967e-11	7.8397e-05
4.6998e-11	7.83791e-05
4.69994e-11	7.83613e-05
4.70007e-11	7.83433e-05
4.70021e-11	7.83253e-05
4.70034e-11	7.83073e-05
4.70048e-11	7.82892e-05
4.70061e-11	7.82711e-05
4.70075e-11	7.82529e-05
4.70088e-11	7.82346e-05
4.70102e-11	7.82163e-05
4.70115e-11	7.8198e-05
4.70129e-11	7.81796e-05
4.70143e-11	7.81612e-05
4.70156e-11	7.81426e-05
4.7017e-11	7.81241e-05
4.70183e-11	7.81055e-05
4.70197e-11	7.80868e-05
4.7021e-11	7.80681e-05
4.70224e-11	7.80494e-05
4.70237e-11	7.80306e-05
4.70251e-11	7.80117e-05
4.70264e-11	7.79928e-05
4.70278e-11	7.79738e-05
4.70291e-11	7.79548e-05
4.70305e-11	7.79358e-05
4.70318e-11	7.79167e-05
4.70332e-11	7.78975e-05
4.70345e-11	7.78783e-05
4.70359e-11	7.7859e-05
4.70372e-11	7.78397e-05
4.70386e-11	7.78204e-05
4.704e-11	7.7801e-05
4.70413e-11	7.77815e-05
4.70427e-11	7.7762e-05
4.7044e-11	7.77425e-05
4.70454e-11	7.77229e-05
4.70467e-11	7.77032e-05
4.70481e-11	7.76835e-05
4.70494e-11	7.76638e-05
4.70508e-11	7.7644e-05
4.70521e-11	7.76241e-05
4.70535e-11	7.76042e-05
4.70548e-11	7.75843e-05
4.70562e-11	7.75643e-05
4.70575e-11	7.75443e-05
4.70589e-11	7.75242e-05
4.70602e-11	7.7504e-05
4.70616e-11	7.74839e-05
4.70629e-11	7.74636e-05
4.70643e-11	7.74434e-05
4.70657e-11	7.74231e-05
4.7067e-11	7.74027e-05
4.70684e-11	7.73823e-05
4.70697e-11	7.73618e-05
4.70711e-11	7.73413e-05
4.70724e-11	7.73207e-05
4.70738e-11	7.73001e-05
4.70751e-11	7.72795e-05
4.70765e-11	7.72588e-05
4.70778e-11	7.72381e-05
4.70792e-11	7.72173e-05
4.70805e-11	7.71964e-05
4.70819e-11	7.71756e-05
4.70832e-11	7.71546e-05
4.70846e-11	7.71337e-05
4.70859e-11	7.71127e-05
4.70873e-11	7.70916e-05
4.70886e-11	7.70705e-05
4.709e-11	7.70493e-05
4.70914e-11	7.70282e-05
4.70927e-11	7.70069e-05
4.70941e-11	7.69856e-05
4.70954e-11	7.69643e-05
4.70968e-11	7.69429e-05
4.70981e-11	7.69215e-05
4.70995e-11	7.69e-05
4.71008e-11	7.68785e-05
4.71022e-11	7.6857e-05
4.71035e-11	7.68354e-05
4.71049e-11	7.68138e-05
4.71062e-11	7.67921e-05
4.71076e-11	7.67703e-05
4.71089e-11	7.67486e-05
4.71103e-11	7.67268e-05
4.71116e-11	7.67049e-05
4.7113e-11	7.6683e-05
4.71143e-11	7.66611e-05
4.71157e-11	7.66391e-05
4.71171e-11	7.6617e-05
4.71184e-11	7.6595e-05
4.71198e-11	7.65728e-05
4.71211e-11	7.65507e-05
4.71225e-11	7.65285e-05
4.71238e-11	7.65062e-05
4.71252e-11	7.64839e-05
4.71265e-11	7.64616e-05
4.71279e-11	7.64392e-05
4.71292e-11	7.64168e-05
4.71306e-11	7.63944e-05
4.71319e-11	7.63719e-05
4.71333e-11	7.63493e-05
4.71346e-11	7.63268e-05
4.7136e-11	7.63041e-05
4.71373e-11	7.62815e-05
4.71387e-11	7.62588e-05
4.714e-11	7.6236e-05
4.71414e-11	7.62132e-05
4.71428e-11	7.61904e-05
4.71441e-11	7.61675e-05
4.71455e-11	7.61446e-05
4.71468e-11	7.61217e-05
4.71482e-11	7.60987e-05
4.71495e-11	7.60756e-05
4.71509e-11	7.60526e-05
4.71522e-11	7.60294e-05
4.71536e-11	7.60063e-05
4.71549e-11	7.59831e-05
4.71563e-11	7.59599e-05
4.71576e-11	7.59366e-05
4.7159e-11	7.59133e-05
4.71603e-11	7.58899e-05
4.71617e-11	7.58665e-05
4.7163e-11	7.58431e-05
4.71644e-11	7.58196e-05
4.71657e-11	7.57961e-05
4.71671e-11	7.57726e-05
4.71685e-11	7.5749e-05
4.71698e-11	7.57253e-05
4.71712e-11	7.57017e-05
4.71725e-11	7.5678e-05
4.71739e-11	7.56542e-05
4.71752e-11	7.56304e-05
4.71766e-11	7.56066e-05
4.71779e-11	7.55827e-05
4.71793e-11	7.55588e-05
4.71806e-11	7.55349e-05
4.7182e-11	7.55109e-05
4.71833e-11	7.54869e-05
4.71847e-11	7.54628e-05
4.7186e-11	7.54388e-05
4.71874e-11	7.54146e-05
4.71887e-11	7.53905e-05
4.71901e-11	7.53663e-05
4.71914e-11	7.5342e-05
4.71928e-11	7.53177e-05
4.71942e-11	7.52934e-05
4.71955e-11	7.52691e-05
4.71969e-11	7.52447e-05
4.71982e-11	7.52202e-05
4.71996e-11	7.51958e-05
4.72009e-11	7.51713e-05
4.72023e-11	7.51467e-05
4.72036e-11	7.51222e-05
4.7205e-11	7.50975e-05
4.72063e-11	7.50729e-05
4.72077e-11	7.50482e-05
4.7209e-11	7.50235e-05
4.72104e-11	7.49987e-05
4.72117e-11	7.49739e-05
4.72131e-11	7.49491e-05
4.72144e-11	7.49242e-05
4.72158e-11	7.48993e-05
4.72171e-11	7.48744e-05
4.72185e-11	7.48494e-05
4.72199e-11	7.48244e-05
4.72212e-11	7.47994e-05
4.72226e-11	7.47743e-05
4.72239e-11	7.47492e-05
4.72253e-11	7.4724e-05
4.72266e-11	7.46988e-05
4.7228e-11	7.46736e-05
4.72293e-11	7.46484e-05
4.72307e-11	7.46231e-05
4.7232e-11	7.45977e-05
4.72334e-11	7.45724e-05
4.72347e-11	7.4547e-05
4.72361e-11	7.45216e-05
4.72374e-11	7.44961e-05
4.72388e-11	7.44706e-05
4.72401e-11	7.44451e-05
4.72415e-11	7.44195e-05
4.72428e-11	7.43939e-05
4.72442e-11	7.43683e-05
4.72456e-11	7.43426e-05
4.72469e-11	7.43169e-05
4.72483e-11	7.42912e-05
4.72496e-11	7.42654e-05
4.7251e-11	7.42396e-05
4.72523e-11	7.42138e-05
4.72537e-11	7.41879e-05
4.7255e-11	7.4162e-05
4.72564e-11	7.41361e-05
4.72577e-11	7.41101e-05
4.72591e-11	7.40841e-05
4.72604e-11	7.40581e-05
4.72618e-11	7.4032e-05
4.72631e-11	7.40059e-05
4.72645e-11	7.39798e-05
4.72658e-11	7.39536e-05
4.72672e-11	7.39274e-05
4.72685e-11	7.39012e-05
4.72699e-11	7.38749e-05
4.72713e-11	7.38486e-05
4.72726e-11	7.38223e-05
4.7274e-11	7.37959e-05
4.72753e-11	7.37696e-05
4.72767e-11	7.37431e-05
4.7278e-11	7.37167e-05
4.72794e-11	7.36902e-05
4.72807e-11	7.36637e-05
4.72821e-11	7.36372e-05
4.72834e-11	7.36106e-05
4.72848e-11	7.3584e-05
4.72861e-11	7.35573e-05
4.72875e-11	7.35307e-05
4.72888e-11	7.3504e-05
4.72902e-11	7.34772e-05
4.72915e-11	7.34505e-05
4.72929e-11	7.34237e-05
4.72942e-11	7.33968e-05
4.72956e-11	7.337e-05
4.7297e-11	7.33431e-05
4.72983e-11	7.33162e-05
4.72997e-11	7.32892e-05
4.7301e-11	7.32623e-05
4.73024e-11	7.32353e-05
4.73037e-11	7.32082e-05
4.73051e-11	7.31812e-05
4.73064e-11	7.31541e-05
4.73078e-11	7.31269e-05
4.73091e-11	7.30998e-05
4.73105e-11	7.30726e-05
4.73118e-11	7.30454e-05
4.73132e-11	7.30181e-05
4.73145e-11	7.29909e-05
4.73159e-11	7.29636e-05
4.73172e-11	7.29362e-05
4.73186e-11	7.29089e-05
4.73199e-11	7.28815e-05
4.73213e-11	7.28541e-05
4.73227e-11	7.28266e-05
4.7324e-11	7.27992e-05
4.73254e-11	7.27717e-05
4.73267e-11	7.27441e-05
4.73281e-11	7.27166e-05
4.73294e-11	7.2689e-05
4.73308e-11	7.26614e-05
4.73321e-11	7.26337e-05
4.73335e-11	7.2606e-05
4.73348e-11	7.25783e-05
4.73362e-11	7.25506e-05
4.73375e-11	7.25228e-05
4.73389e-11	7.24951e-05
4.73402e-11	7.24672e-05
4.73416e-11	7.24394e-05
4.73429e-11	7.24115e-05
4.73443e-11	7.23836e-05
4.73456e-11	7.23557e-05
4.7347e-11	7.23278e-05
4.73484e-11	7.22998e-05
4.73497e-11	7.22718e-05
4.73511e-11	7.22438e-05
4.73524e-11	7.22157e-05
4.73538e-11	7.21876e-05
4.73551e-11	7.21595e-05
4.73565e-11	7.21314e-05
4.73578e-11	7.21032e-05
4.73592e-11	7.2075e-05
4.73605e-11	7.20468e-05
4.73619e-11	7.20185e-05
4.73632e-11	7.19903e-05
4.73646e-11	7.1962e-05
4.73659e-11	7.19336e-05
4.73673e-11	7.19053e-05
4.73686e-11	7.18769e-05
4.737e-11	7.18485e-05
4.73713e-11	7.18201e-05
4.73727e-11	7.17916e-05
4.73741e-11	7.17631e-05
4.73754e-11	7.17346e-05
4.73768e-11	7.17061e-05
4.73781e-11	7.16776e-05
4.73795e-11	7.1649e-05
4.73808e-11	7.16204e-05
4.73822e-11	7.15917e-05
4.73835e-11	7.15631e-05
4.73849e-11	7.15344e-05
4.73862e-11	7.15057e-05
4.73876e-11	7.1477e-05
4.73889e-11	7.14482e-05
4.73903e-11	7.14194e-05
4.73916e-11	7.13906e-05
4.7393e-11	7.13618e-05
4.73943e-11	7.13329e-05
4.73957e-11	7.1304e-05
4.7397e-11	7.12751e-05
4.73984e-11	7.12462e-05
4.73998e-11	7.12173e-05
4.74011e-11	7.11883e-05
4.74025e-11	7.11593e-05
4.74038e-11	7.11303e-05
4.74052e-11	7.11012e-05
4.74065e-11	7.10721e-05
4.74079e-11	7.1043e-05
4.74092e-11	7.10139e-05
4.74106e-11	7.09848e-05
4.74119e-11	7.09556e-05
4.74133e-11	7.09264e-05
4.74146e-11	7.08972e-05
4.7416e-11	7.0868e-05
4.74173e-11	7.08387e-05
4.74187e-11	7.08094e-05
4.742e-11	7.07801e-05
4.74214e-11	7.07508e-05
4.74227e-11	7.07214e-05
4.74241e-11	7.0692e-05
4.74255e-11	7.06627e-05
4.74268e-11	7.06332e-05
4.74282e-11	7.06038e-05
4.74295e-11	7.05743e-05
4.74309e-11	7.05448e-05
4.74322e-11	7.05153e-05
4.74336e-11	7.04858e-05
4.74349e-11	7.04562e-05
4.74363e-11	7.04266e-05
4.74376e-11	7.03971e-05
4.7439e-11	7.03674e-05
4.74403e-11	7.03378e-05
4.74417e-11	7.03081e-05
4.7443e-11	7.02784e-05
4.74444e-11	7.02487e-05
4.74457e-11	7.0219e-05
4.74471e-11	7.01892e-05
4.74484e-11	7.01595e-05
4.74498e-11	7.01297e-05
4.74512e-11	7.00999e-05
4.74525e-11	7.007e-05
4.74539e-11	7.00402e-05
4.74552e-11	7.00103e-05
4.74566e-11	6.99804e-05
4.74579e-11	6.99505e-05
4.74593e-11	6.99205e-05
4.74606e-11	6.98905e-05
4.7462e-11	6.98606e-05
4.74633e-11	6.98306e-05
4.74647e-11	6.98005e-05
4.7466e-11	6.97705e-05
4.74674e-11	6.97404e-05
4.74687e-11	6.97103e-05
4.74701e-11	6.96802e-05
4.74714e-11	6.96501e-05
4.74728e-11	6.96199e-05
4.74741e-11	6.95898e-05
4.74755e-11	6.95596e-05
4.74769e-11	6.95294e-05
4.74782e-11	6.94991e-05
4.74796e-11	6.94689e-05
4.74809e-11	6.94386e-05
4.74823e-11	6.94083e-05
4.74836e-11	6.9378e-05
4.7485e-11	6.93477e-05
4.74863e-11	6.93174e-05
4.74877e-11	6.9287e-05
4.7489e-11	6.92566e-05
4.74904e-11	6.92262e-05
4.74917e-11	6.91958e-05
4.74931e-11	6.91653e-05
4.74944e-11	6.91349e-05
4.74958e-11	6.91044e-05
4.74971e-11	6.90739e-05
4.74985e-11	6.90434e-05
4.74998e-11	6.90128e-05
4.75012e-11	6.89823e-05
4.75026e-11	6.89517e-05
4.75039e-11	6.89211e-05
4.75053e-11	6.88905e-05
4.75066e-11	6.88599e-05
4.7508e-11	6.88292e-05
4.75093e-11	6.87985e-05
4.75107e-11	6.87679e-05
4.7512e-11	6.87372e-05
4.75134e-11	6.87064e-05
4.75147e-11	6.86757e-05
4.75161e-11	6.86449e-05
4.75174e-11	6.86142e-05
4.75188e-11	6.85834e-05
4.75201e-11	6.85525e-05
4.75215e-11	6.85217e-05
4.75228e-11	6.84909e-05
4.75242e-11	6.846e-05
4.75255e-11	6.84291e-05
4.75269e-11	6.83982e-05
4.75283e-11	6.83673e-05
4.75296e-11	6.83364e-05
4.7531e-11	6.83054e-05
4.75323e-11	6.82745e-05
4.75337e-11	6.82435e-05
4.7535e-11	6.82125e-05
4.75364e-11	6.81814e-05
4.75377e-11	6.81504e-05
4.75391e-11	6.81193e-05
4.75404e-11	6.80883e-05
4.75418e-11	6.80572e-05
4.75431e-11	6.80261e-05
4.75445e-11	6.7995e-05
4.75458e-11	6.79638e-05
4.75472e-11	6.79327e-05
4.75485e-11	6.79015e-05
4.75499e-11	6.78703e-05
4.75512e-11	6.78391e-05
4.75526e-11	6.78079e-05
4.7554e-11	6.77767e-05
4.75553e-11	6.77454e-05
4.75567e-11	6.77141e-05
4.7558e-11	6.76829e-05
4.75594e-11	6.76516e-05
4.75607e-11	6.76202e-05
4.75621e-11	6.75889e-05
4.75634e-11	6.75576e-05
4.75648e-11	6.75262e-05
4.75661e-11	6.74948e-05
4.75675e-11	6.74634e-05
4.75688e-11	6.7432e-05
4.75702e-11	6.74006e-05
4.75715e-11	6.73692e-05
4.75729e-11	6.73377e-05
4.75742e-11	6.73062e-05
4.75756e-11	6.72748e-05
4.75769e-11	6.72433e-05
4.75783e-11	6.72118e-05
4.75797e-11	6.71802e-05
4.7581e-11	6.71487e-05
4.75824e-11	6.71171e-05
4.75837e-11	6.70855e-05
4.75851e-11	6.7054e-05
4.75864e-11	6.70224e-05
4.75878e-11	6.69907e-05
4.75891e-11	6.69591e-05
4.75905e-11	6.69275e-05
4.75918e-11	6.68958e-05
4.75932e-11	6.68641e-05
4.75945e-11	6.68324e-05
4.75959e-11	6.68007e-05
4.75972e-11	6.6769e-05
4.75986e-11	6.67373e-05
4.75999e-11	6.67055e-05
4.76013e-11	6.66738e-05
4.76026e-11	6.6642e-05
4.7604e-11	6.66102e-05
4.76054e-11	6.65784e-05
4.76067e-11	6.65466e-05
4.76081e-11	6.65148e-05
4.76094e-11	6.64829e-05
4.76108e-11	6.64511e-05
4.76121e-11	6.64192e-05
4.76135e-11	6.63873e-05
4.76148e-11	6.63554e-05
4.76162e-11	6.63235e-05
4.76175e-11	6.62916e-05
4.76189e-11	6.62597e-05
4.76202e-11	6.62277e-05
4.76216e-11	6.61958e-05
4.76229e-11	6.61638e-05
4.76243e-11	6.61318e-05
4.76256e-11	6.60998e-05
4.7627e-11	6.60678e-05
4.76283e-11	6.60358e-05
4.76297e-11	6.60037e-05
4.76311e-11	6.59717e-05
4.76324e-11	6.59396e-05
4.76338e-11	6.59075e-05
4.76351e-11	6.58755e-05
4.76365e-11	6.58433e-05
4.76378e-11	6.58112e-05
4.76392e-11	6.57791e-05
4.76405e-11	6.5747e-05
4.76419e-11	6.57148e-05
4.76432e-11	6.56827e-05
4.76446e-11	6.56505e-05
4.76459e-11	6.56183e-05
4.76473e-11	6.55861e-05
4.76486e-11	6.55539e-05
4.765e-11	6.55217e-05
4.76513e-11	6.54894e-05
4.76527e-11	6.54572e-05
4.7654e-11	6.5425e-05
4.76554e-11	6.53927e-05
4.76568e-11	6.53604e-05
4.76581e-11	6.53281e-05
4.76595e-11	6.52958e-05
4.76608e-11	6.52635e-05
4.76622e-11	6.52312e-05
4.76635e-11	6.51988e-05
4.76649e-11	6.51665e-05
4.76662e-11	6.51341e-05
4.76676e-11	6.51018e-05
4.76689e-11	6.50694e-05
4.76703e-11	6.5037e-05
4.76716e-11	6.50046e-05
4.7673e-11	6.49722e-05
4.76743e-11	6.49398e-05
4.76757e-11	6.49073e-05
4.7677e-11	6.48749e-05
4.76784e-11	6.48424e-05
4.76797e-11	6.481e-05
4.76811e-11	6.47775e-05
4.76825e-11	6.4745e-05
4.76838e-11	6.47125e-05
4.76852e-11	6.468e-05
4.76865e-11	6.46475e-05
4.76879e-11	6.4615e-05
4.76892e-11	6.45824e-05
4.76906e-11	6.45499e-05
4.76919e-11	6.45173e-05
4.76933e-11	6.44848e-05
4.76946e-11	6.44522e-05
4.7696e-11	6.44196e-05
4.76973e-11	6.4387e-05
4.76987e-11	6.43544e-05
4.77e-11	6.43218e-05
4.77014e-11	6.42891e-05
4.77027e-11	6.42565e-05
4.77041e-11	6.42239e-05
4.77054e-11	6.41912e-05
4.77068e-11	6.41585e-05
4.77082e-11	6.41259e-05
4.77095e-11	6.40932e-05
4.77109e-11	6.40605e-05
4.77122e-11	6.40278e-05
4.77136e-11	6.39951e-05
4.77149e-11	6.39624e-05
4.77163e-11	6.39296e-05
4.77176e-11	6.38969e-05
4.7719e-11	6.38642e-05
4.77203e-11	6.38314e-05
4.77217e-11	6.37986e-05
4.7723e-11	6.37659e-05
4.77244e-11	6.37331e-05
4.77257e-11	6.37003e-05
4.77271e-11	6.36675e-05
4.77284e-11	6.36347e-05
4.77298e-11	6.36019e-05
4.77311e-11	6.3569e-05
4.77325e-11	6.35362e-05
4.77339e-11	6.35034e-05
4.77352e-11	6.34705e-05
4.77366e-11	6.34377e-05
4.77379e-11	6.34048e-05
4.77393e-11	6.33719e-05
4.77406e-11	6.3339e-05
4.7742e-11	6.33061e-05
4.77433e-11	6.32733e-05
4.77447e-11	6.32403e-05
4.7746e-11	6.32074e-05
