% time-domain voltage integration by openEMS v0.0.36-93-g7b9cd51 @Fri Sep 11 13:29:41 2026
% start-coordinates: (-0.0145,0.00155,5e-05) m -> [8,47,41]
% stop-coordinates: (-0.0145,0.0038,5e-05) m -> [8,56,41]
% t/s	voltage
0	-0
9.62916597364e-13	-1.72282824451e-07
1.92583319473e-12	-2.57292708028e-07
2.88874979209e-12	-2.49747552417e-07
3.85166638946e-12	-2.24975647001e-08
4.81458298682e-12	6.4843290204e-07
5.77749958418e-12	2.0964573082e-06
6.74041618155e-12	4.72366690474e-06
7.70333277891e-12	8.8971439709e-06
8.66624937628e-12	1.47246283859e-05
9.62916597364e-12	2.17140659515e-05
1.0592082571e-11	2.83612414478e-05
1.15549991684e-11	3.17692165481e-05
1.25179157657e-11	2.74987689863e-05
1.34808323631e-11	9.89298496279e-06
1.44437489605e-11	-2.6907207257e-05
1.54066655578e-11	-8.71803122209e-05
1.63695821552e-11	-0.000171270641658
1.73324987526e-11	-0.000273195359114
1.82954153499e-11	-0.000379048095056
1.92583319473e-11	-0.000467148031021
2.02212485446e-11	-0.000510653448146
2.1184165142e-11	-0.000482760318846
2.21470817394e-11	-0.000363724717317
2.31099983367e-11	-0.000148059132698
2.40729149341e-11	0.000150296020365
2.50358315315e-11	0.000496908865898
2.59987481288e-11	0.000841099245008
2.69616647262e-11	0.00112518580863
2.79245813236e-11	0.00129679309612
2.88874979209e-11	0.00132106644742
2.98504145183e-11	0.00118936716171
3.08133311157e-11	0.00092186290567
3.1776247713e-11	0.000563164030609
3.27391643104e-11	0.000172201729583
3.37020809077e-11	-0.000190802580619
3.46649975051e-11	-0.000476714583783
3.56279141025e-11	-0.000656091913697
3.65908306998e-11	-0.00072224860196
3.75537472972e-11	-0.000688765394443
3.85166638946e-11	-0.000582949942327
3.94795804919e-11	-0.000437599042925
4.04424970893e-11	-0.000283416826278
4.14054136867e-11	-0.000143763845699
4.2368330284e-11	-3.24051998177e-05
4.33312468814e-11	4.60355190626e-05
4.42941634788e-11	9.38275084081e-05
4.52570800761e-11	0.000117192043945
4.62199966735e-11	0.000123595782497
4.71829132708e-11	0.000119828996958
4.81458298682e-11	0.000111019635824
4.91087464656e-11	0.000100437419178
5.00716630629e-11	8.97978056855e-05
5.10345796603e-11	7.97688680905e-05
5.19974962577e-11	7.04612330082e-05
5.2960412855e-11	6.17857419343e-05
5.39233294524e-11	5.36527398936e-05
5.48862460498e-11	4.60423036941e-05
5.58491626471e-11	3.89952099624e-05
5.68120792445e-11	3.25712447307e-05
5.77749958418e-11	2.68068428397e-05
5.87379124392e-11	2.16157742514e-05
5.97008290366e-11	1.70342659462e-05
6.06637456339e-11	1.29279347618e-05
6.16266622313e-11	9.14635494098e-06
6.25895788287e-11	5.53978576079e-06
6.3552495426e-11	1.98605498269e-06
6.45154120234e-11	-1.58907728576e-06
6.54783286208e-11	-5.19706405555e-06
6.64412452181e-11	-8.78395198356e-06
6.74041618155e-11	-1.22411760088e-05
6.83670784129e-11	-1.54251264632e-05
6.93299950102e-11	-1.81842727187e-05
7.02929116076e-11	-2.03889053978e-05
7.12558282049e-11	-2.19564736597e-05
7.22187448023e-11	-2.28671490845e-05
7.31816613997e-11	-2.31655562288e-05
7.4144577997e-11	-2.29492518145e-05
7.51074945944e-11	-2.23472981133e-05
7.60704111918e-11	-2.14938391565e-05
7.70333277891e-11	-2.05042726122e-05
7.79962443865e-11	-1.94593354195e-05
7.89591609839e-11	-1.83997284466e-05
7.99220775812e-11	-1.73311654876e-05
8.08849941786e-11	-1.62364777765e-05
8.1847910776e-11	-1.50903619325e-05
8.28108273733e-11	-1.38723513388e-05
8.37737439707e-11	-1.25746172586e-05
8.4736660568e-11	-1.12038599411e-05
8.56995771654e-11	-9.7783109112e-06
8.66624937628e-11	-8.32188547406e-06
8.76254103601e-11	-6.85815351176e-06
8.85883269575e-11	-5.40597932286e-06
8.95512435549e-11	-3.97781204242e-06
9.05141601522e-11	-2.58043236556e-06
9.14770767496e-11	-1.21720210267e-06
9.2439993347e-11	1.09242954238e-07
9.34029099443e-11	1.39476434668e-06
9.43658265417e-11	2.63256627875e-06
9.53287431391e-11	3.81304008101e-06
9.62916597364e-11	4.92424558729e-06
9.72545763338e-11	5.95264580738e-06
9.82174929311e-11	6.88380421821e-06
9.91804095285e-11	7.70310350617e-06
1.00143326126e-10	8.39649887041e-06
1.01106242723e-10	8.95145740287e-06
1.02069159321e-10	9.35804845881e-06
1.03032075918e-10	9.60986233167e-06
1.03994992515e-10	9.70435202419e-06
1.04957909113e-10	9.64215485055e-06
1.0592082571e-10	9.42540140159e-06
1.06883742307e-10	9.0553529617e-06
1.07846658905e-10	8.53011536606e-06
1.08809575502e-10	7.84341466442e-06
1.097724921e-10	6.98522477904e-06
1.10735408697e-10	5.94459672953e-06
1.11698325294e-10	4.71435067873e-06
1.12661241892e-10	3.29667889787e-06
1.13624158489e-10	1.7083810917e-06
1.14587075086e-10	-1.57216302199e-08
1.15549991684e-10	-1.82220677658e-06
1.16512908281e-10	-3.64183438961e-06
1.17475824878e-10	-5.39534912747e-06
1.18438741476e-10	-7.00129899656e-06
1.19401658073e-10	-8.38433484773e-06
1.20364574671e-10	-9.48210634988e-06
1.21327491268e-10	-1.02493842178e-05
1.22290407865e-10	-1.06584778621e-05
1.23253324463e-10	-1.06962960729e-05
1.2421624106e-10	-1.03593617666e-05
1.25179157657e-10	-9.64882139698e-06
1.26142074255e-10	-8.56781925407e-06
1.27104990852e-10	-7.12265230618e-06
1.28067907449e-10	-5.32802076236e-06
1.29030824047e-10	-3.21504623457e-06
1.29993740644e-10	-8.39403019981e-07
1.30956657242e-10	1.71341420163e-06
1.31919573839e-10	4.32819343388e-06
1.32882490436e-10	6.86653650916e-06
1.33845407034e-10	9.17903213349e-06
1.34808323631e-10	1.11207839382e-05
1.35771240228e-10	1.25672552542e-05
1.36734156826e-10	1.34274824575e-05
1.37697073423e-10	1.3652766981e-05
1.3865999002e-10	1.32401412003e-05
1.39622906618e-10	1.22310448685e-05
1.40585823215e-10	1.0706233013e-05
1.41548739813e-10	8.77800996335e-06
1.4251165641e-10	6.58060193359e-06
1.43474573007e-10	4.2592580769e-06
1.44437489605e-10	1.95854627094e-06
1.45400406202e-10	-1.89389453453e-07
1.46363322799e-10	-2.07561549814e-06
1.47326239397e-10	-3.62294652589e-06
1.48289155994e-10	-4.79107561091e-06
1.49252072591e-10	-5.57757842046e-06
1.50214989189e-10	-6.01469019301e-06
1.51177905786e-10	-6.16235455198e-06
1.52140822384e-10	-6.0985908803e-06
1.53103738981e-10	-5.90837410641e-06
1.54066655578e-10	-5.67235752413e-06
1.55029572176e-10	-5.45674563313e-06
1.55992488773e-10	-5.3054807978e-06
1.5695540537e-10	-5.23592323987e-06
1.57918321968e-10	-5.23870668445e-06
1.58881238565e-10	-5.2819904468e-06
1.59844155162e-10	-5.31947812021e-06
1.6080707176e-10	-5.30074418137e-06
1.61769988357e-10	-5.18181258613e-06
1.62732904955e-10	-4.93383953604e-06
1.63695821552e-10	-4.54823337748e-06
1.64658738149e-10	-4.03739405641e-06
1.65621654747e-10	-3.43141095982e-06
1.66584571344e-10	-2.77182458319e-06
1.67547487941e-10	-2.10407880274e-06
1.68510404539e-10	-1.47017050978e-06
1.69473321136e-10	-9.02675468595e-07
1.70436237733e-10	-4.20826841818e-07
1.71399154331e-10	-2.89361690164e-08
1.72362070928e-10	2.8283634812e-07
1.73324987526e-10	5.35485551012e-07
1.74287904123e-10	7.5636872765e-07
1.7525082072e-10	9.73265855464e-07
1.76213737318e-10	1.20843429841e-06
1.77176653915e-10	1.47392643157e-06
1.78139570512e-10	1.76931403928e-06
1.7910248711e-10	2.08245185718e-06
1.80065403707e-10	2.39303287231e-06
1.81028320304e-10	2.67785490848e-06
1.81991236902e-10	2.91622482962e-06
1.82954153499e-10	3.09395248799e-06
1.83917070097e-10	3.20497796302e-06
1.84879986694e-10	3.25063179041e-06
1.85842903291e-10	3.2371698655e-06
1.86805819889e-10	3.17289491392e-06
1.87768736486e-10	3.06581905107e-06
1.88731653083e-10	2.9224940139e-06
1.89694569681e-10	2.74798314948e-06
1.90657486278e-10	2.54643739339e-06
1.91620402875e-10	2.32174233439e-06
1.92583319473e-10	2.07789172535e-06
1.9354623607e-10	1.81904321295e-06
1.94509152668e-10	1.54954324927e-06
1.95472069265e-10	1.27410071471e-06
1.96434985862e-10	9.9814667287e-07
1.9739790246e-10	7.28144504691e-07
1.98360819057e-10	4.7144751214e-07
1.99323735654e-10	2.3549510253e-07
2.00286652252e-10	2.64520672033e-08
2.01249568849e-10	-1.5229002237e-07
2.02212485446e-10	-3.01093882271e-07
2.03175402044e-10	-4.24048431924e-07
2.04138318641e-10	-5.27814792761e-07
2.05101235239e-10	-6.19685099679e-07
2.06064151836e-10	-7.05507629206e-07
2.07027068433e-10	-7.88151691467e-07
2.07989985031e-10	-8.66970799152e-07
2.08952901628e-10	-9.38274061113e-07
2.09915818225e-10	-9.96492119043e-07
2.10878734823e-10	-1.03563404963e-06
2.1184165142e-10	-1.05060821909e-06
2.12804568017e-10	-1.03834733522e-06
2.13767484615e-10	-9.98727786694e-07
2.14730401212e-10	-9.35355821241e-07
2.1569331781e-10	-8.56162804652e-07
2.16656234407e-10	-7.7350518346e-07
2.17619151004e-10	-7.03443191696e-07
2.18582067602e-10	-6.63968947379e-07
2.19544984199e-10	-6.72288013703e-07
2.20507900796e-10	-7.41707015806e-07
2.21470817394e-10	-8.78939840021e-07
2.22433733991e-10	-1.08259796505e-06
2.23396650588e-10	-1.34339879843e-06
2.24359567186e-10	-1.64595810759e-06
2.25322483783e-10	-1.97163284099e-06
2.26285400381e-10	-2.30147776925e-06
2.27248316978e-10	-2.61845562477e-06
2.28211233575e-10	-2.90838494266e-06
2.29174150173e-10	-3.15954308228e-06
2.3013706677e-10	-3.36136665702e-06
2.31099983367e-10	-3.5029263632e-06
2.32062899965e-10	-3.57184161537e-06
2.33025816562e-10	-3.55415778053e-06
2.33988733159e-10	-3.43532608049e-06
2.34951649757e-10	-3.20212248006e-06
2.35914566354e-10	-2.84515977e-06
2.36877482952e-10	-2.36138804866e-06
2.37840399549e-10	-1.75609346798e-06
2.38803316146e-10	-1.04390583999e-06
2.39766232744e-10	-2.48517517676e-07
2.40729149341e-10	5.98837594623e-07
2.41692065938e-10	1.46191482386e-06
2.42654982536e-10	2.30250094546e-06
2.43617899133e-10	3.08331088661e-06
2.4458081573e-10	3.77031118148e-06
2.45543732328e-10	4.33418003354e-06
2.46506648925e-10	4.75104907594e-06
2.47469565523e-10	5.00293587891e-06
2.4843248212e-10	5.07829830099e-06
2.49395398717e-10	4.97305942559e-06
2.50358315315e-10	4.69202615427e-06
2.51321231912e-10	4.25025598538e-06
2.52284148509e-10	3.67371206345e-06
2.53247065107e-10	2.99852203867e-06
2.54209981704e-10	2.26851904728e-06
2.55172898302e-10	1.53125082392e-06
2.56135814899e-10	8.33031144509e-07
2.57098731496e-10	2.13982087161e-07
2.58061648094e-10	-2.96066311023e-07
2.59024564691e-10	-6.80170485268e-07
2.59987481288e-10	-9.3508769794e-07
2.60950397886e-10	-1.07045059394e-06
2.61913314483e-10	-1.10660358388e-06
2.6287623108e-10	-1.07149661588e-06
2.63839147678e-10	-9.97054264928e-07
2.64802064275e-10	-9.1529456725e-07
2.65764980873e-10	-8.54569695008e-07
2.6672789747e-10	-8.36304415941e-07
2.67690814067e-10	-8.72627680337e-07
2.68653730665e-10	-9.65304650435e-07
2.69616647262e-10	-1.10615954441e-06
2.70579563859e-10	-1.2788966508e-06
2.71542480457e-10	-1.46202692264e-06
2.72505397054e-10	-1.63228743588e-06
2.73468313651e-10	-1.7679873352e-06
2.74431230249e-10	-1.85177967893e-06
2.75394146846e-10	-1.87255028905e-06
2.76357063444e-10	-1.82637227475e-06
2.77319980041e-10	-1.71657299042e-06
2.78282896638e-10	-1.55302419635e-06
2.79245813236e-10	-1.35079653951e-06
2.80208729833e-10	-1.12824898046e-06
2.8117164643e-10	-9.04736486618e-07
2.82134563028e-10	-6.9813952841e-07
2.83097479625e-10	-5.22573105677e-07
2.84060396222e-10	-3.86670850006e-07
2.8502331282e-10	-2.92725008677e-07
2.85986229417e-10	-2.36870475234e-07
2.86949146015e-10	-2.1026648156e-07
2.87912062612e-10	-2.00978231391e-07
2.88874979209e-10	-1.96229974492e-07
2.89837895807e-10	-1.84653259794e-07
2.90800812404e-10	-1.58176401754e-07
2.91763729001e-10	-1.13380870914e-07
2.92726645599e-10	-5.21367926609e-08
2.93689562196e-10	1.85731341418e-08
2.94652478793e-10	8.76697257013e-08
2.95615395391e-10	1.41822130928e-07
2.96578311988e-10	1.67892316938e-07
2.97541228586e-10	1.55588315565e-07
2.98504145183e-10	9.98102986927e-08
2.9946706178e-10	2.11845829767e-09
3.00429978378e-10	-1.29063577603e-07
3.01392894975e-10	-2.79619415622e-07
3.02355811572e-10	-4.32038826048e-07
3.0331872817e-10	-5.6826993422e-07
3.04281644767e-10	-6.7247836455e-07
3.05244561364e-10	-7.33115328444e-07
3.06207477962e-10	-7.43969744477e-07
3.07170394559e-10	-7.04189874412e-07
3.08133311157e-10	-6.17520059976e-07
3.09096227754e-10	-4.91117207346e-07
3.10059144351e-10	-3.34291335946e-07
3.11022060949e-10	-1.5735655623e-07
3.11984977546e-10	2.93106019456e-08
3.12947894143e-10	2.16049409474e-07
3.13910810741e-10	3.94580574437e-07
3.14873727338e-10	5.58534793527e-07
3.15836643935e-10	7.03825554282e-07
3.16799560533e-10	8.28807683817e-07
3.1776247713e-10	9.34205914405e-07
3.18725393728e-10	1.02282538883e-06
3.19688310325e-10	1.0990783661e-06
3.20651226922e-10	1.168369689e-06
3.2161414352e-10	1.23633025417e-06
3.22577060117e-10	1.3078426111e-06
3.23539976714e-10	1.38589018128e-06
3.24502893312e-10	1.47031560083e-06
3.25465809909e-10	1.55672014479e-06
3.26428726506e-10	1.6358435051e-06
3.27391643104e-10	1.69374333758e-06
3.28354559701e-10	1.71298961682e-06
3.29317476299e-10	1.67485198688e-06
3.30280392896e-10	1.56214213298e-06
3.31243309493e-10	1.36224221947e-06
3.32206226091e-10	1.06973518932e-06
3.33169142688e-10	6.88120671555e-07
3.34132059285e-10	2.30339715301e-07
3.35094975883e-10	-2.81960636173e-07
3.3605789248e-10	-8.20241851329e-07
3.37020809077e-10	-1.35168581039e-06
3.37983725675e-10	-1.84229000411e-06
3.38946642272e-10	-2.26007515636e-06
3.3990955887e-10	-2.57811755588e-06
3.40872475467e-10	-2.77717737163e-06
3.41835392064e-10	-2.84764405478e-06
3.42798308662e-10	-2.79061229591e-06
3.43761225259e-10	-2.6179903525e-06
3.44724141856e-10	-2.35157762951e-06
3.45687058454e-10	-2.02117374037e-06
3.46649975051e-10	-1.66183572503e-06
3.47612891648e-10	-1.31047169027e-06
3.48575808246e-10	-1.00201560649e-06
3.49538724843e-10	-7.65486353416e-07
3.50501641441e-10	-6.20343405089e-07
3.51464558038e-10	-5.73639438173e-07
3.52427474635e-10	-6.18485875847e-07
3.53390391233e-10	-7.34268388314e-07
3.5435330783e-10	-8.88740059324e-07
3.55316224427e-10	-1.04185100192e-06
3.56279141025e-10	-1.15080473506e-06
3.57242057622e-10	-1.1755966991e-06
3.58204974219e-10	-1.08435699708e-06
3.59167890817e-10	-8.57927929587e-07
3.60130807414e-10	-4.9334047425e-07
3.61093724012e-10	-6.01160365932e-09
3.62056640609e-10	5.6959208905e-07
3.63019557206e-10	1.18115466563e-06
3.63982473804e-10	1.76204822822e-06
3.64945390401e-10	2.23761469798e-06
3.65908306998e-10	2.53409299056e-06
3.66871223596e-10	2.58947544118e-06
3.67834140193e-10	2.36481743343e-06
3.6879705679e-10	1.85394122987e-06
3.69759973388e-10	1.08944559152e-06
3.70722889985e-10	1.43332306024e-07
3.71685806583e-10	-8.7853723052e-07
3.7264872318e-10	-1.84778573242e-06
3.73611639777e-10	-2.62931125405e-06
3.74574556375e-10	-3.09933787968e-06
3.75537472972e-10	-3.16317853333e-06
3.76500389569e-10	-2.77021608319e-06
3.77463306167e-10	-1.92389740761e-06
3.78426222764e-10	-6.85192553362e-07
3.79389139361e-10	8.31290236647e-07
3.80352055959e-10	2.46842386353e-06
3.81314972556e-10	4.04377720287e-06
3.82277889154e-10	5.3709648995e-06
3.83240805751e-10	6.28245687473e-06
3.84203722348e-10	6.65082724538e-06
3.85166638946e-10	6.40562989673e-06
3.86129555543e-10	5.54355723104e-06
3.8709247214e-10	4.130438505e-06
3.88055388738e-10	2.29475556779e-06
3.89018305335e-10	2.13433345664e-07
3.89981221932e-10	-1.90821640977e-06
3.9094413853e-10	-3.85984263573e-06
3.91907055127e-10	-5.44988222195e-06
3.92869971725e-10	-6.52708874327e-06
3.93832888322e-10	-6.997471246e-06
3.94795804919e-10	-6.8348546467e-06
3.95758721517e-10	-6.08379802713e-06
3.96721638114e-10	-4.85425143637e-06
3.97684554711e-10	-3.30808189908e-06
3.98647471309e-10	-1.63857006896e-06
3.99610387906e-10	-4.52105126669e-08
4.00573304503e-10	1.29293292161e-06
4.01536221101e-10	2.24132831583e-06
4.02499137698e-10	2.72756963682e-06
4.03462054296e-10	2.74935091937e-06
4.04424970893e-10	2.37127141389e-06
4.0538788749e-10	1.71116654712e-06
4.06350804088e-10	9.18763660707e-07
4.07313720685e-10	1.50784202901e-07
4.08276637282e-10	-4.53075166718e-07
4.0923955388e-10	-7.89746660956e-07
4.10202470477e-10	-8.05832868878e-07
4.11165387074e-10	-5.03273843933e-07
4.12128303672e-10	6.22280786899e-08
4.13091220269e-10	7.89357502029e-07
4.14054136867e-10	1.54474435377e-06
4.15017053464e-10	2.18046967149e-06
4.15979970061e-10	2.55392473747e-06
4.16942886659e-10	2.54822322177e-06
4.17905803256e-10	2.09117558825e-06
4.18868719853e-10	1.17039833469e-06
4.19831636451e-10	-1.58282821516e-07
4.20794553048e-10	-1.77174825922e-06
4.21757469646e-10	-3.49131784816e-06
4.22720386243e-10	-5.10488915317e-06
4.2368330284e-10	-6.39685438841e-06
4.24646219438e-10	-7.18143513723e-06
4.25609136035e-10	-7.33381013163e-06
4.26572052632e-10	-6.81314094209e-06
4.2753496923e-10	-5.67245791672e-06
4.28497885827e-10	-4.05252630742e-06
4.29460802424e-10	-2.16007850895e-06
4.30423719022e-10	-2.34161214863e-07
4.31386635619e-10	1.49327377841e-06
4.32349552217e-10	2.83545992552e-06
4.33312468814e-10	3.6810851185e-06
4.34275385411e-10	4.01160636443e-06
4.35238302009e-10	3.90246859183e-06
4.36201218606e-10	3.50774358537e-06
4.37164135203e-10	3.03048395267e-06
4.38127051801e-10	2.68362597922e-06
4.39089968398e-10	2.64798748617e-06
4.40052884995e-10	3.03445411376e-06
4.41015801593e-10	3.85723282115e-06
4.4197871819e-10	5.0238481375e-06
4.42941634788e-10	6.34506493036e-06
4.43904551385e-10	7.56432143589e-06
4.44867467982e-10	8.40205162156e-06
4.4583038458e-10	8.6069197156e-06
4.46793301177e-10	8.00435072001e-06
4.47756217774e-10	6.5330052994e-06
4.48719134372e-10	4.26188849012e-06
4.49682050969e-10	1.38412054085e-06
4.50644967566e-10	-1.81221957973e-06
4.51607884164e-10	-4.99102624474e-06
4.52570800761e-10	-7.82384614695e-06
4.53533717359e-10	-1.004320535e-05
4.54496633956e-10	-1.14827358288e-05
4.55459550553e-10	-1.20958527958e-05
4.56422467151e-10	-1.19490778587e-05
4.57385383748e-10	-1.11919528649e-05
4.58348300345e-10	-1.00115414341e-05
4.59311216943e-10	-8.58374895074e-06
4.6027413354e-10	-7.03473637031e-06
4.61237050137e-10	-5.42263526171e-06
4.62199966735e-10	-3.743722651e-06
4.63162883332e-10	-1.95993523278e-06
4.6412579993e-10	-3.81205431665e-08
4.65088716527e-10	2.01212827022e-06
4.66051633124e-10	4.11464458416e-06
4.67014549722e-10	6.12486017815e-06
4.67977466319e-10	7.85085201471e-06
4.68940382916e-10	9.09125996884e-06
4.69903299514e-10	9.67964420795e-06
4.70866216111e-10	9.52371411245e-06
4.71829132708e-10	8.62974520999e-06
4.72792049306e-10	7.10645036861e-06
4.73754965903e-10	5.14771099347e-06
4.74717882501e-10	2.99857437369e-06
4.75680799098e-10	9.12367584149e-07
4.76643715695e-10	-8.91956169369e-07
4.77606632293e-10	-2.26397349756e-06
4.7856954889e-10	-3.14126984513e-06
4.79532465487e-10	-3.55077943226e-06
4.80495382085e-10	-3.59201865763e-06
4.81458298682e-10	-3.40598386117e-06
4.82421215279e-10	-3.1368207587e-06
4.83384131877e-10	-2.89521977948e-06
4.84347048474e-10	-2.7322296674e-06
4.85309965072e-10	-2.62993939337e-06
4.86272881669e-10	-2.51165887732e-06
4.87235798266e-10	-2.26939258141e-06
4.88198714864e-10	-1.80190185972e-06
4.89161631461e-10	-1.05362369851e-06
4.90124548058e-10	-4.42697327685e-08
4.91087464656e-10	1.11890714116e-06
4.92050381253e-10	2.25031166678e-06
4.9301329785e-10	3.11611023918e-06
4.93976214448e-10	3.47994657268e-06
4.94939131045e-10	3.15541932316e-06
4.95902047643e-10	2.05474585435e-06
4.9686496424e-10	2.23405912436e-07
4.97827880837e-10	-2.14740575899e-06
4.98790797435e-10	-4.73551629909e-06
4.99753714032e-10	-7.13018620502e-06
5.00716630629e-10	-8.8970656833e-06
5.01679547227e-10	-9.65500029793e-06
5.02642463824e-10	-9.15023196058e-06
5.03605380421e-10	-7.31293625478e-06
5.04568297019e-10	-4.28362881877e-06
5.05531213616e-10	-4.02278308442e-07
5.06494130214e-10	3.83982238716e-06
5.07457046811e-10	7.87738457575e-06
5.08419963408e-10	1.11631443218e-05
5.09382880006e-10	1.32570682183e-05
5.10345796603e-10	1.38962987251e-05
5.113087132e-10	1.30335392896e-05
5.12271629798e-10	1.08375851369e-05
5.13234546395e-10	7.65659528668e-06
5.14197462992e-10	3.95185804791e-06
5.1516037959e-10	2.15669384573e-07
5.16123296187e-10	-3.11011039855e-06
5.17086212785e-10	-5.69904729275e-06
5.18049129382e-10	-7.37699227926e-06
5.19012045979e-10	-8.12561035701e-06
5.19974962577e-10	-8.05512096491e-06
5.20937879174e-10	-7.35610096569e-06
5.21900795771e-10	-6.24466598254e-06
5.22863712369e-10	-4.91546288828e-06
5.23826628966e-10	-3.51280571742e-06
5.24789545563e-10	-2.12382190057e-06
5.25752462161e-10	-7.90847074938e-07
5.26715378758e-10	4.64889547303e-07
5.27678295356e-10	1.6188225036e-06
5.28641211953e-10	2.62737382606e-06
5.2960412855e-10	3.42639960138e-06
5.30567045148e-10	3.94348890609e-06
5.31529961745e-10	4.11899088704e-06
5.32492878342e-10	3.92788308545e-06
5.3345579494e-10	3.39425057128e-06
5.34418711537e-10	2.59220719556e-06
5.35381628134e-10	1.63142280485e-06
5.36344544732e-10	6.30730589535e-07
5.37307461329e-10	-3.12447809847e-07
5.38270377927e-10	-1.14739437507e-06
5.39233294524e-10	-1.8818031009e-06
5.40196211121e-10	-2.57518463798e-06
5.41159127719e-10	-3.31441908763e-06
5.42122044316e-10	-4.17746635861e-06
5.43084960913e-10	-5.19534624743e-06
5.44047877511e-10	-6.32365843956e-06
5.45010794108e-10	-7.43297433559e-06
5.45973710705e-10	-8.32305664744e-06
5.46936627303e-10	-8.7599063221e-06
5.478995439e-10	-8.52834213561e-06
5.48862460498e-10	-7.4877923808e-06
5.49825377095e-10	-5.61690410628e-06
5.50788293692e-10	-3.03422236492e-06
5.5175121029e-10	1.25279644436e-08
5.52714126887e-10	3.18813705036e-06
5.53677043484e-10	6.13373695302e-06
5.54639960082e-10	8.53737874706e-06
5.55602876679e-10	1.01934430745e-05
5.56565793276e-10	1.10354955041e-05
5.57528709874e-10	1.11343648825e-05
5.58491626471e-10	1.06628586707e-05
5.59454543069e-10	9.83773236385e-06
5.60417459666e-10	8.85541936668e-06
5.61380376263e-10	7.83944722116e-06
5.62343292861e-10	6.81367706079e-06
5.63306209458e-10	5.70753009299e-06
5.64269126055e-10	4.39015855136e-06
5.65232042653e-10	2.72331374163e-06
5.6619495925e-10	6.18516523332e-07
5.67157875847e-10	-1.9165387144e-06
5.68120792445e-10	-4.75427911795e-06
5.69083709042e-10	-7.65210720033e-06
5.7004662564e-10	-1.02850452777e-05
5.71009542237e-10	-1.22998947063e-05
5.71972458834e-10	-1.33805189364e-05
5.72935375432e-10	-1.33114156995e-05
5.73898292029e-10	-1.20265704595e-05
5.74861208626e-10	-9.63298553813e-06
5.75824125224e-10	-6.40248320849e-06
5.76787041821e-10	-2.73146063456e-06
5.77749958418e-10	9.24940920299e-07
5.78712875016e-10	4.13164964641e-06
5.79675791613e-10	6.54917621823e-06
5.80638708211e-10	7.98902657095e-06
5.81601624808e-10	8.43584733445e-06
5.82564541405e-10	8.0310774706e-06
5.83527458003e-10	7.02271613306e-06
5.844903746e-10	5.69406714135e-06
5.85453291197e-10	4.28994982826e-06
5.86416207795e-10	2.96036408542e-06
5.87379124392e-10	1.73716753693e-06
5.8834204099e-10	5.49536919081e-07
5.89304957587e-10	-7.27082198893e-07
5.90267874184e-10	-2.20328001888e-06
5.91230790782e-10	-3.91018696178e-06
5.92193707379e-10	-5.75739302455e-06
5.93156623976e-10	-7.5289307091e-06
5.94119540574e-10	-8.92107206596e-06
5.95082457171e-10	-9.61334123417e-06
5.96045373768e-10	-9.35353716613e-06
5.97008290366e-10	-8.03268771676e-06
5.97971206963e-10	-5.72856059478e-06
5.98934123561e-10	-2.70478961362e-06
5.99897040158e-10	6.35446777864e-07
6.00859956755e-10	3.82937314036e-06
6.01822873353e-10	6.44719926335e-06
6.0278578995e-10	8.17449765123e-06
6.03748706547e-10	8.86583311654e-06
6.04711623145e-10	8.55915401132e-06
6.05674539742e-10	7.45081309361e-06
6.06637456339e-10	5.84052332897e-06
6.07600372937e-10	4.06118085294e-06
6.08563289534e-10	2.40991410294e-06
6.09526206132e-10	1.09467801046e-06
6.10489122729e-10	2.05655673824e-07
6.11452039326e-10	-2.85040542281e-07
6.12414955924e-10	-4.97306871239e-07
6.13377872521e-10	-5.97885900788e-07
6.14340789118e-10	-7.47476157414e-07
6.15303705716e-10	-1.05277121776e-06
6.16266622313e-10	-1.53509868284e-06
6.1722953891e-10	-2.12412323286e-06
6.18192455508e-10	-2.67898514039e-06
6.19155372105e-10	-3.03170351401e-06
6.20118288703e-10	-3.04108105098e-06
6.210812053e-10	-2.64140713568e-06
6.22044121897e-10	-1.87115931816e-06
6.23007038495e-10	-8.72491385806e-07
6.23969955092e-10	1.39694858348e-07
6.24932871689e-10	9.3149107272e-07
6.25895788287e-10	1.31130332015e-06
6.26858704884e-10	1.18112735947e-06
6.27821621481e-10	5.63758028704e-07
6.28784538079e-10	-4.01219542923e-07
6.29747454676e-10	-1.49136134908e-06
6.30710371274e-10	-2.45547543187e-06
6.31673287871e-10	-3.07308843794e-06
6.32636204468e-10	-3.20423174571e-06
6.33599121066e-10	-2.81798979529e-06
6.34562037663e-10	-1.99452364313e-06
6.3552495426e-10	-9.02471143149e-07
6.36487870858e-10	2.41064356032e-07
6.37450787455e-10	1.21799587305e-06
6.38413704052e-10	1.85354515736e-06
6.3937662065e-10	2.04865249032e-06
6.40339537247e-10	1.79570398018e-06
6.41302453845e-10	1.17642601083e-06
6.42265370442e-10	3.43576353146e-07
6.43228287039e-10	-5.09646421065e-07
6.44191203637e-10	-1.18679508887e-06
6.45154120234e-10	-1.52559336186e-06
6.46117036831e-10	-1.4293521815e-06
6.47079953429e-10	-8.86997069571e-07
6.48042870026e-10	2.21439737658e-08
6.49005786623e-10	1.14055588263e-06
6.49968703221e-10	2.26043297324e-06
6.50931619818e-10	3.16251819754e-06
6.51894536416e-10	3.65870755736e-06
6.52857453013e-10	3.63024010142e-06
6.5382036961e-10	3.05349893281e-06
6.54783286208e-10	2.00732566213e-06
6.55746202805e-10	6.59515663415e-07
6.56709119402e-10	-7.6508304403e-07
6.57672036e-10	-2.0284960236e-06
6.58634952597e-10	-2.92659540158e-06
6.59597869194e-10	-3.32902028255e-06
6.60560785792e-10	-3.20325807834e-06
6.61523702389e-10	-2.61786274791e-06
6.62486618987e-10	-1.7246068218e-06
6.63449535584e-10	-7.2431299003e-07
6.64412452181e-10	1.75234745825e-07
6.65375368779e-10	7.99862073464e-07
6.66338285376e-10	1.0397357233e-06
6.67301201973e-10	8.64890079555e-07
6.68264118571e-10	3.24640410554e-07
6.69227035168e-10	-4.66345344563e-07
6.70189951765e-10	-1.35087278252e-06
6.71152868363e-10	-2.15613773769e-06
6.7211578496e-10	-2.72079018515e-06
6.73078701558e-10	-2.9195358735e-06
6.74041618155e-10	-2.68307718443e-06
6.75004534752e-10	-2.01120049326e-06
6.7596745135e-10	-9.76613170778e-07
6.76930367947e-10	2.83231440079e-07
6.77893284544e-10	1.58758379243e-06
6.78856201142e-10	2.74475594253e-06
6.79819117739e-10	3.58950217105e-06
6.80782034336e-10	4.01698352448e-06
6.81744950934e-10	4.00398666045e-06
6.82707867531e-10	3.61055184328e-06
6.83670784129e-10	2.96044828474e-06
6.84633700726e-10	2.20509561188e-06
6.85596617323e-10	1.48108279596e-06
6.86559533921e-10	8.73516368571e-07
6.87522450518e-10	3.95326269498e-07
6.88485367115e-10	-1.16716485365e-08
6.89448283713e-10	-4.5417540484e-07
6.9041120031e-10	-1.05002721362e-06
6.91374116907e-10	-1.88654534838e-06
6.92337033505e-10	-2.9852966037e-06
6.93299950102e-10	-4.28229763827e-06
6.942628667e-10	-5.62888874356e-06
6.95225783297e-10	-6.81364417687e-06
6.96188699894e-10	-7.60145591983e-06
6.97151616492e-10	-7.78223150633e-06
6.98114533089e-10	-7.21899853318e-06
6.99077449686e-10	-5.88483467823e-06
7.00040366284e-10	-3.87937611457e-06
7.01003282881e-10	-1.41881608151e-06
7.01966199478e-10	1.20086804678e-06
7.02929116076e-10	3.66062670665e-06
7.03892032673e-10	5.68228261244e-06
7.04854949271e-10	7.08365827506e-06
7.05817865868e-10	7.80966040992e-06
7.06780782465e-10	7.93004912225e-06
7.07743699063e-10	7.60410210887e-06
7.0870661566e-10	7.02262009611e-06
7.09669532257e-10	6.34536910127e-06
7.10632448855e-10	5.65412249642e-06
7.11595365452e-10	4.9365833803e-06
7.12558282049e-10	4.10627506575e-06
7.13521198647e-10	3.05139706569e-06
7.14484115244e-10	1.69540564343e-06
7.15447031842e-10	4.73378900523e-08
7.16409948439e-10	-1.77689005909e-06
7.17372865036e-10	-3.57090585368e-06
7.18335781634e-10	-5.08802457588e-06
7.19298698231e-10	-6.10963405556e-06
7.20261614828e-10	-6.50955163195e-06
7.21224531426e-10	-6.29313831979e-06
7.22187448023e-10	-5.59823777735e-06
7.2315036462e-10	-4.65721019793e-06
7.24113281218e-10	-3.73166318646e-06
7.25076197815e-10	-3.03972615967e-06
7.26039114413e-10	-2.69738154302e-06
7.2700203101e-10	-2.6907598567e-06
7.27964947607e-10	-2.88647912328e-06
7.28927864205e-10	-3.07544657119e-06
7.29890780802e-10	-3.03648093336e-06
7.30853697399e-10	-2.60153295351e-06
7.31816613997e-10	-1.70477217409e-06
7.32779530594e-10	-4.03218599843e-07
7.33742447191e-10	1.13497512189e-06
7.34705363789e-10	2.66999068543e-06
7.35668280386e-10	3.94663396719e-06
7.36631196984e-10	4.7531864098e-06
7.37594113581e-10	4.96896753965e-06
7.38557030178e-10	4.59016882104e-06
7.39519946776e-10	3.72898596268e-06
7.40482863373e-10	2.58712001155e-06
7.4144577997e-10	1.41006094978e-06
7.42408696568e-10	4.32642478287e-07
7.43371613165e-10	-1.72039705149e-07
7.44334529762e-10	-3.29106500274e-07
7.4529744636e-10	-7.56506981503e-08
7.46260362957e-10	4.51176932259e-07
7.47223279555e-10	1.04883609708e-06
7.48186196152e-10	1.49861825349e-06
7.49149112749e-10	1.6177419333e-06
7.50112029347e-10	1.30203689785e-06
7.51074945944e-10	5.49368984082e-07
7.52037862541e-10	-5.41145110944e-07
7.53000779139e-10	-1.79299296654e-06
7.53963695736e-10	-2.99235866486e-06
7.54926612333e-10	-3.93420555156e-06
7.55889528931e-10	-4.46338839311e-06
7.56852445528e-10	-4.50168851174e-06
7.57815362126e-10	-4.05609144671e-06
7.58778278723e-10	-3.20878768179e-06
7.5974119532e-10	-2.09351711788e-06
7.60704111918e-10	-8.65482503443e-07
7.61667028515e-10	3.2759382762e-07
7.62629945112e-10	1.36738668921e-06
7.6359286171e-10	2.1768033065e-06
7.64555778307e-10	2.72183305583e-06
7.65518694905e-10	3.0057519016e-06
7.66481611502e-10	3.05875820317e-06
7.67444528099e-10	2.92584284267e-06
7.68407444697e-10	2.65511705777e-06
7.69370361294e-10	2.28794972656e-06
7.70333277891e-10	1.85168777733e-06
7.71296194489e-10	1.35625870179e-06
7.72259111086e-10	7.96263821101e-07
7.73222027683e-10	1.59372151032e-07
7.74184944281e-10	-5.59739373074e-07
7.75147860878e-10	-1.34292802301e-06
7.76110777476e-10	-2.13495826529e-06
7.77073694073e-10	-2.83906268805e-06
7.7803661067e-10	-3.32660969349e-06
7.78999527268e-10	-3.46184748423e-06
7.79962443865e-10	-3.13728147283e-06
7.80925360462e-10	-2.31030699638e-06
7.8188827706e-10	-1.02952747483e-06
7.82851193657e-10	5.5920638431e-07
7.83814110254e-10	2.2316714734e-06
7.84777026852e-10	3.72614567823e-06
7.85739943449e-10	4.7962096037e-06
7.86702860047e-10	5.26123672273e-06
7.87665776644e-10	5.04105194921e-06
7.88628693241e-10	4.16619170274e-06
7.89591609839e-10	2.76257067e-06
7.90554526436e-10	1.0168794784e-06
7.91517443033e-10	-8.65946786277e-07
7.92480359631e-10	-2.7009709207e-06
7.93443276228e-10	-4.34795411408e-06
7.94406192825e-10	-5.71879583156e-06
7.95369109423e-10	-6.76983554371e-06
7.9633202602e-10	-7.48511628501e-06
7.97294942618e-10	-7.85815636561e-06
7.98257859215e-10	-7.87890868281e-06
7.99220775812e-10	-7.52962795048e-06
8.0018369241e-10	-6.78967798429e-06
8.01146609007e-10	-5.64689986504e-06
8.02109525604e-10	-4.11188253224e-06
8.03072442202e-10	-2.23087578455e-06
8.04035358799e-10	-9.37040951499e-08
8.04998275396e-10	2.16590898283e-06
8.05961191994e-10	4.37895501904e-06
8.06924108591e-10	6.35847843e-06
8.07887025189e-10	7.92385156956e-06
8.08849941786e-10	8.92841211453e-06
8.09812858383e-10	9.28498837816e-06
8.10775774981e-10	8.98330891985e-06
8.11738691578e-10	8.09443626792e-06
8.12701608175e-10	6.75971117658e-06
8.13664524773e-10	5.16525317806e-06
8.1462744137e-10	3.50716874209e-06
8.15590357967e-10	1.95554206073e-06
8.16553274565e-10	6.26118945135e-07
8.17516191162e-10	-4.33306754033e-07
8.1847910776e-10	-1.2389378039e-06
8.19442024357e-10	-1.85141847453e-06
8.20404940954e-10	-2.34700068269e-06
8.21367857552e-10	-2.78856671621e-06
8.22330774149e-10	-3.20531522924e-06
8.23293690746e-10	-3.58647792353e-06
8.24256607344e-10	-3.88965279718e-06
8.25219523941e-10	-4.05978159534e-06
8.26182440538e-10	-4.05148443861e-06
8.27145357136e-10	-3.84669564824e-06
8.28108273733e-10	-3.46177915667e-06
8.29071190331e-10	-2.94242882326e-06
8.30034106928e-10	-2.3492706358e-06
8.30997023525e-10	-1.74033982603e-06
8.31959940123e-10	-1.15709397619e-06
8.3292285672e-10	-6.18988558188e-07
8.33885773317e-10	-1.28162474411e-07
8.34848689915e-10	3.18682040756e-07
8.35811606512e-10	7.17066701128e-07
8.36774523109e-10	1.04625327424e-06
8.37737439707e-10	1.26968155811e-06
8.38700356304e-10	1.34500095328e-06
8.39663272902e-10	1.24048062844e-06
8.40626189499e-10	9.51938275762e-07
8.41589106096e-10	5.13493564114e-07
8.42552022694e-10	-2.60532750929e-09
8.43514939291e-10	-4.97948050793e-07
8.44477855888e-10	-8.68985301494e-07
8.45440772486e-10	-1.03157636033e-06
8.46403689083e-10	-9.42134713355e-07
8.4736660568e-10	-6.09375801375e-07
8.48329522278e-10	-9.35777233479e-08
8.49292438875e-10	5.06192897376e-07
8.50255355473e-10	1.07330892973e-06
8.5121827207e-10	1.49785795145e-06
8.52181188667e-10	1.69819453788e-06
8.53144105265e-10	1.6348824019e-06
8.54107021862e-10	1.3146555613e-06
8.55069938459e-10	7.84965374478e-07
8.56032855057e-10	1.21683127574e-07
8.56995771654e-10	-5.86390381585e-07
8.57958688251e-10	-1.25245983895e-06
8.58921604849e-10	-1.80319235454e-06
8.59884521446e-10	-2.18522998097e-06
8.60847438044e-10	-2.36716134339e-06
8.61810354641e-10	-2.33841181796e-06
8.62773271238e-10	-2.1065298057e-06
8.63736187836e-10	-1.69425817376e-06
8.64699104433e-10	-1.13710746241e-06
8.6566202103e-10	-4.81264528673e-07
8.66624937628e-10	2.18795976892e-07
8.67587854225e-10	9.03746471437e-07
8.68550770822e-10	1.51415841643e-06
8.6951368742e-10	1.99628440534e-06
8.70476604017e-10	2.30834800519e-06
8.71439520615e-10	2.42634315306e-06
8.72402437212e-10	2.34780087993e-06
8.73365353809e-10	2.09215392388e-06
8.74328270407e-10	1.69702181552e-06
8.75291187004e-10	1.21061582448e-06
8.76254103601e-10	6.8166679057e-07
8.77217020199e-10	1.49304858255e-07
8.78179936796e-10	-3.63864399944e-07
8.79142853393e-10	-8.52362621373e-07
8.80105769991e-10	-1.32088611871e-06
8.81068686588e-10	-1.77131757972e-06
8.82031603186e-10	-2.18772035865e-06
8.82994519783e-10	-2.52521793875e-06
8.8395743638e-10	-2.70877741748e-06
8.84920352978e-10	-2.6454559432e-06
8.85883269575e-10	-2.24923682168e-06
8.86846186172e-10	-1.47252399607e-06
8.8780910277e-10	-3.34976167693e-07
8.88772019367e-10	1.06017358625e-06
8.89734935964e-10	2.5299841937e-06
8.90697852562e-10	3.83822277605e-06
8.91660769159e-10	4.73973990722e-06
8.92623685757e-10	5.03258261375e-06
8.93586602354e-10	4.60492499599e-06
8.94549518951e-10	3.46482234725e-06
8.95512435549e-10	1.74499793104e-06
8.96475352146e-10	-3.19088361067e-07
8.97438268743e-10	-2.4328618764e-06
8.98401185341e-10	-4.29745684016e-06
8.99364101938e-10	-5.66331343066e-06
9.00327018535e-10	-6.37122866465e-06
9.01289935133e-10	-6.37284816918e-06
9.0225285173e-10	-5.72780062669e-06
9.03215768328e-10	-4.58042844009e-06
9.04178684925e-10	-3.1236439213e-06
9.05141601522e-10	-1.55962084136e-06
9.0610451812e-10	-6.64472281642e-08
9.07067434717e-10	1.22292151872e-06
9.08030351314e-10	2.22715686427e-06
9.08993267912e-10	2.91082244885e-06
9.09956184509e-10	3.2721438572e-06
9.10919101106e-10	3.33064049762e-06
9.11882017704e-10	3.11933344932e-06
9.12844934301e-10	2.68317869256e-06
9.13807850899e-10	2.08176474992e-06
9.14770767496e-10	1.39172331082e-06
9.15733684093e-10	7.03865397966e-07
9.16696600691e-10	1.12219071369e-07
9.17659517288e-10	-3.03830731241e-07
9.18622433885e-10	-4.99560266931e-07
9.19585350483e-10	-4.80393296698e-07
9.2054826708e-10	-3.06260538707e-07
9.21511183677e-10	-8.1030641752e-08
9.22474100275e-10	7.20784765207e-08
9.23437016872e-10	4.33473061889e-08
9.2439993347e-10	-2.31345628876e-07
9.25362850067e-10	-7.48575857301e-07
9.26325766664e-10	-1.43259174301e-06
9.27288683262e-10	-2.1501080596e-06
9.28251599859e-10	-2.7415399444e-06
9.29214516456e-10	-3.06066230493e-06
9.30177433054e-10	-3.01215594156e-06
9.31140349651e-10	-2.57701854878e-06
9.32103266249e-10	-1.81895571849e-06
9.33066182846e-10	-8.69838260087e-07
9.34029099443e-10	1.01934531926e-07
9.34992016041e-10	9.31649118741e-07
9.35954932638e-10	1.49636587743e-06
9.36917849235e-10	1.74094439132e-06
9.37880765833e-10	1.68567918912e-06
9.3884368243e-10	1.41443709367e-06
9.39806599027e-10	1.04743128659e-06
9.40769515625e-10	7.0695926091e-07
9.41732432222e-10	4.8611141068e-07
9.4269534882e-10	4.28827554799e-07
9.43658265417e-10	5.25813206309e-07
9.44621182014e-10	7.26103685622e-07
9.45584098612e-10	9.59442102655e-07
9.46547015209e-10	1.16150489582e-06
9.47509931806e-10	1.29363971979e-06
9.48472848404e-10	1.35129145562e-06
9.49435765001e-10	1.35938526746e-06
9.50398681598e-10	1.35720284611e-06
9.51361598196e-10	1.37851787052e-06
9.52324514793e-10	1.43419952536e-06
9.53287431391e-10	1.50366725471e-06
9.54250347988e-10	1.53820121973e-06
9.55213264585e-10	1.47477526014e-06
9.56176181183e-10	1.25585593302e-06
9.5713909778e-10	8.48756844363e-07
9.58102014377e-10	2.58084178029e-07
9.59064930975e-10	-4.72781159999e-07
9.60027847572e-10	-1.2713438533e-06
9.60990764169e-10	-2.05336141335e-06
9.61953680767e-10	-2.74219584107e-06
9.62916597364e-10	-3.2841844142e-06
9.63879513962e-10	-3.65573805361e-06
9.64842430559e-10	-3.86081315007e-06
9.65805347156e-10	-3.92102335134e-06
9.66768263754e-10	-3.86318782475e-06
9.67731180351e-10	-3.70919359938e-06
9.68694096948e-10	-3.47154048796e-06
9.69657013546e-10	-3.15547461582e-06
9.70619930143e-10	-2.76565510404e-06
9.7158284674e-10	-2.31340655787e-06
9.72545763338e-10	-1.82055558895e-06
9.73508679935e-10	-1.31759371946e-06
9.74471596533e-10	-8.36620186462e-07
9.7543451313e-10	-4.01781754533e-07
9.76397429727e-10	-2.11255564153e-08
9.77360346325e-10	3.16356770114e-07
9.78323262922e-10	6.36716919189e-07
9.79286179519e-10	9.71108804038e-07
9.80249096117e-10	1.34327697232e-06
9.81212012714e-10	1.7588211918e-06
9.82174929311e-10	2.19996438489e-06
9.83137845909e-10	2.62785225402e-06
9.84100762506e-10	2.99202579157e-06
9.85063679104e-10	3.24420232012e-06
9.86026595701e-10	3.35203853474e-06
9.86989512298e-10	3.30863382025e-06
9.87952428896e-10	3.13486495607e-06
9.88915345493e-10	2.87379240227e-06
9.8987826209e-10	2.57869426612e-06
9.90841178688e-10	2.29819120889e-06
9.91804095285e-10	2.06285379711e-06
9.92767011882e-10	1.87706974053e-06
9.9372992848e-10	1.71831385121e-06
9.94692845077e-10	1.54395570817e-06
9.95655761675e-10	1.30360362682e-06
9.96618678272e-10	9.53472262921e-07
9.97581594869e-10	4.68859090219e-07
9.98544511467e-10	-1.4851671537e-07
9.99507428064e-10	-8.69866340736e-07
1.00047034466e-09	-1.64495113353e-06
1.00143326126e-09	-2.41202850937e-06
1.00239617786e-09	-3.10901490508e-06
1.00335909445e-09	-3.68250808691e-06
1.00432201105e-09	-4.09254624856e-06
1.00528492765e-09	-4.31277112511e-06
1.00624784425e-09	-4.32731766864e-06
1.00721076084e-09	-4.12697951191e-06
1.00817367744e-09	-3.70750468903e-06
1.00913659404e-09	-3.0721821549e-06
1.01009951064e-09	-2.23902439167e-06
1.01106242723e-09	-1.25020921793e-06
1.01202534383e-09	-1.79649882526e-07
1.01298826043e-09	8.65756952351e-07
1.01395117702e-09	1.75472949593e-06
1.01491409362e-09	2.35116237235e-06
1.01587701022e-09	2.54204705108e-06
1.01683992682e-09	2.26751386379e-06
1.01780284341e-09	1.54473990222e-06
1.01876576001e-09	4.77763354212e-07
1.01972867661e-09	-7.51948839195e-07
1.02069159321e-09	-1.9147639243e-06
1.0216545098e-09	-2.77709719576e-06
1.0226174264e-09	-3.15073637402e-06
1.023580343e-09	-2.93516281857e-06
1.0245432596e-09	-2.14197667958e-06
1.02550617619e-09	-8.94595794776e-07
1.02646909279e-09	5.97419351323e-07
1.02743200939e-09	2.08333115381e-06
1.02839492598e-09	3.32429556416e-06
1.02935784258e-09	4.14138511218e-06
1.03032075918e-09	4.44708486214e-06
1.03128367578e-09	4.2534447573e-06
1.03224659237e-09	3.65650108414e-06
1.03320950897e-09	2.80291218679e-06
1.03417242557e-09	1.84907098522e-06
1.03513534217e-09	9.24103183308e-07
1.03609825876e-09	1.06074402595e-07
1.03706117536e-09	-5.83641783791e-07
1.03802409196e-09	-1.16838130815e-06
1.03898700856e-09	-1.6922167756e-06
1.03994992515e-09	-2.19265019119e-06
1.04091284175e-09	-2.67884377081e-06
1.04187575835e-09	-3.12173862227e-06
1.04283867495e-09	-3.45845258209e-06
1.04380159154e-09	-3.60911300668e-06
1.04476450814e-09	-3.50070019195e-06
1.04572742474e-09	-3.09076430938e-06
1.04669034133e-09	-2.38432950539e-06
1.04765325793e-09	-1.43960402887e-06
1.04861617453e-09	-3.61349179911e-07
1.04957909113e-09	7.16310388782e-07
1.05054200772e-09	1.65358342663e-06
1.05150492432e-09	2.32994307048e-06
1.05246784092e-09	2.66543521654e-06
1.05343075752e-09	2.6347905262e-06
1.05439367411e-09	2.27206023062e-06
1.05535659071e-09	1.6650976562e-06
1.05631950731e-09	9.40530171079e-07
1.05728242391e-09	2.41196886464e-07
1.0582453405e-09	-3.00583286261e-07
1.0592082571e-09	-5.89599453704e-07
1.0601711737e-09	-5.889153325e-07
1.0611340903e-09	-3.3016045009e-07
1.06209700689e-09	9.08318096293e-08
1.06305992349e-09	5.33871189035e-07
1.06402284009e-09	8.46871948568e-07
1.06498575668e-09	9.04128334867e-07
1.06594867328e-09	6.41093523157e-07
1.06691158988e-09	7.60646656772e-08
1.06787450648e-09	-6.88290448636e-07
1.06883742307e-09	-1.48526315513e-06
1.06980033967e-09	-2.12207028305e-06
1.07076325627e-09	-2.42635731773e-06
1.07172617287e-09	-2.28931697244e-06
1.07268908946e-09	-1.69427320884e-06
1.07365200606e-09	-7.23480413356e-07
1.07461492266e-09	4.5832241824e-07
1.07557783926e-09	1.63886061522e-06
1.07654075585e-09	2.60275910513e-06
1.07750367245e-09	3.17484202128e-06
1.07846658905e-09	3.25258427836e-06
1.07942950565e-09	2.82155213682e-06
1.08039242224e-09	1.95227646316e-06
1.08135533884e-09	7.8119498248e-07
1.08231825544e-09	-5.18515363979e-07
1.08328117203e-09	-1.7691349381e-06
1.08424408863e-09	-2.81705240113e-06
1.08520700523e-09	-3.55289509812e-06
1.08616992183e-09	-3.9208721283e-06
1.08713283842e-09	-3.91763501995e-06
1.08809575502e-09	-3.58290433411e-06
1.08905867162e-09	-2.98556360345e-06
1.09002158822e-09	-2.20910126636e-06
1.09098450481e-09	-1.33935729885e-06
1.09194742141e-09	-4.56281496142e-07
1.09291033801e-09	3.70216712398e-07
1.09387325461e-09	1.08151764522e-06
1.0948361712e-09	1.63037252143e-06
1.0957990878e-09	1.98147919583e-06
1.0967620044e-09	2.11343204715e-06
1.097724921e-09	2.02170940966e-06
1.09868783759e-09	1.7215290633e-06
1.09965075419e-09	1.24911988131e-06
1.10061367079e-09	6.60160132782e-07
1.10157658738e-09	2.4895600248e-08
1.10253950398e-09	-5.79676811441e-07
1.10350242058e-09	-1.07946391026e-06
1.10446533718e-09	-1.41312826507e-06
1.10542825377e-09	-1.54060505686e-06
1.10639117037e-09	-1.44910472422e-06
1.10735408697e-09	-1.15570308523e-06
1.10831700357e-09	-7.05929670275e-07
1.10927992016e-09	-1.68197132666e-07
1.11024283676e-09	3.75626031612e-07
1.11120575336e-09	8.42707876814e-07
1.11216866996e-09	1.16323911925e-06
1.11313158655e-09	1.29343954747e-06
1.11409450315e-09	1.22464781782e-06
1.11505741975e-09	9.85912686602e-07
1.11602033635e-09	6.38621090232e-07
1.11698325294e-09	2.63398929334e-07
1.11794616954e-09	-5.83893324801e-08
1.11890908614e-09	-2.64205548994e-07
1.11987200273e-09	-3.25830745496e-07
1.12083491933e-09	-2.56386801567e-07
1.12179783593e-09	-1.06267188826e-07
1.12276075253e-09	5.18550979933e-08
1.12372366912e-09	1.45578148647e-07
1.12468658572e-09	1.26943751511e-07
1.12564950232e-09	-8.78119621461e-09
1.12661241892e-09	-2.15794058178e-07
1.12757533551e-09	-4.05303033801e-07
1.12853825211e-09	-4.67619891253e-07
1.12950116871e-09	-3.04022989894e-07
1.13046408531e-09	1.39864326343e-07
1.1314270019e-09	8.48548779686e-07
1.1323899185e-09	1.7272476569e-06
1.1333528351e-09	2.61302443505e-06
1.13431575169e-09	3.30534246018e-06
1.13527866829e-09	3.60954922485e-06
1.13624158489e-09	3.3828669519e-06
1.13720450149e-09	2.57141907589e-06
1.13816741808e-09	1.22896727639e-06
1.13913033468e-09	-4.87646131475e-07
1.14009325128e-09	-2.34551454881e-06
1.14105616788e-09	-4.0789266933e-06
1.14201908447e-09	-5.43956760879e-06
1.14298200107e-09	-6.24314130704e-06
1.14394491767e-09	-6.40280021713e-06
1.14490783427e-09	-5.94293400979e-06
1.14587075086e-09	-4.99089814099e-06
1.14683366746e-09	-3.74852263008e-06
1.14779658406e-09	-2.44930118498e-06
1.14875950066e-09	-1.31005752735e-06
1.14972241725e-09	-4.87470846799e-07
1.15068533385e-09	-4.90512253037e-08
1.15164825045e-09	3.51068596416e-08
1.15261116704e-09	-1.21934219166e-07
1.15357408364e-09	-3.57022880593e-07
1.15453700024e-09	-5.00021769767e-07
1.15549991684e-09	-4.15936085574e-07
1.15646283343e-09	-3.59139757933e-08
1.15742575003e-09	6.29688241105e-07
1.15838866663e-09	1.49787324055e-06
1.15935158323e-09	2.43577608039e-06
1.16031449982e-09	3.29242055841e-06
1.16127741642e-09	3.93109223751e-06
1.16224033302e-09	4.25548388705e-06
1.16320324962e-09	4.22523017107e-06
1.16416616621e-09	3.85929202196e-06
1.16512908281e-09	3.22852203993e-06
1.16609199941e-09	2.44030409569e-06
1.16705491601e-09	1.61844322655e-06
1.1680178326e-09	8.81535338948e-07
1.1689807492e-09	3.23093686916e-07
1.1699436658e-09	-3.57349883018e-09
1.17090658239e-09	-9.34385866458e-08
1.17186949899e-09	1.07287387863e-08
1.17283241559e-09	2.27809499265e-07
1.17379533219e-09	4.5536112836e-07
1.17475824878e-09	5.90998116223e-07
1.17572116538e-09	5.53904429879e-07
1.17668408198e-09	3.01969043548e-07
1.17764699858e-09	-1.59429294655e-07
1.17860991517e-09	-7.79167809384e-07
1.17957283177e-09	-1.47240439929e-06
1.18053574837e-09	-2.14019212663e-06
1.18149866497e-09	-2.69195798808e-06
1.18246158156e-09	-3.06519419624e-06
1.18342449816e-09	-3.23733993923e-06
1.18438741476e-09	-3.22683717968e-06
1.18535033136e-09	-3.08317504505e-06
1.18631324795e-09	-2.86896817947e-06
1.18727616455e-09	-2.63967845271e-06
1.18823908115e-09	-2.42707657172e-06
1.18920199774e-09	-2.23113685927e-06
1.19016491434e-09	-2.02258382664e-06
1.19112783094e-09	-1.75490741405e-06
1.19209074754e-09	-1.38150153894e-06
1.19305366413e-09	-8.72318185685e-07
1.19401658073e-09	-2.25231360673e-07
1.19497949733e-09	5.30582736857e-07
1.19594241393e-09	1.33924319101e-06
1.19690533052e-09	2.12829699819e-06
1.19786824712e-09	2.82081983016e-06
1.19883116372e-09	3.34639146615e-06
1.19979408032e-09	3.64924601293e-06
1.20075699691e-09	3.69356025054e-06
1.20171991351e-09	3.46689998665e-06
1.20268283011e-09	2.98254190056e-06
1.20364574671e-09	2.28048974371e-06
1.2046086633e-09	1.42600344333e-06
1.2055715799e-09	5.0388239714e-07
1.2065344965e-09	-3.92489187817e-07
1.20749741309e-09	-1.17631281249e-06
1.20846032969e-09	-1.78349564628e-06
1.20942324629e-09	-2.18505965321e-06
1.21038616289e-09	-2.39140472225e-06
1.21134907948e-09	-2.44596124332e-06
1.21231199608e-09	-2.40909878002e-06
1.21327491268e-09	-2.33669027239e-06
1.21423782928e-09	-2.25999425396e-06
1.21520074587e-09	-2.17362062394e-06
1.21616366247e-09	-2.03608874827e-06
1.21712657907e-09	-1.78360383707e-06
1.21808949567e-09	-1.35366496146e-06
1.21905241226e-09	-7.11738152859e-07
1.22001532886e-09	1.27352420165e-07
1.22097824546e-09	1.09027251227e-06
1.22194116206e-09	2.05190460889e-06
1.22290407865e-09	2.85775164599e-06
1.22386699525e-09	3.35734320345e-06
1.22482991185e-09	3.44028849319e-06
1.22579282844e-09	3.06569797814e-06
1.22675574504e-09	2.27685580079e-06
1.22771866164e-09	1.19625091166e-06
1.22868157824e-09	1.21079146709e-09
1.22964449483e-09	-1.11435034e-06
1.23060741143e-09	-1.9825026456e-06
1.23157032803e-09	-2.49685009202e-06
1.23253324463e-09	-2.63131647316e-06
1.23349616122e-09	-2.43729652816e-06
1.23445907782e-09	-2.02058926391e-06
1.23542199442e-09	-1.50548886069e-06
1.23638491102e-09	-9.97564924887e-07
1.23734782761e-09	-5.57140156232e-07
1.23831074421e-09	-1.91439038844e-07
1.23927366081e-09	1.3320590142e-07
1.24023657741e-09	4.64234220843e-07
1.241199494e-09	8.31358569542e-07
1.2421624106e-09	1.22301294425e-06
1.2431253272e-09	1.57992985628e-06
1.24408824379e-09	1.80897585622e-06
1.24505116039e-09	1.8133101527e-06
1.24601407699e-09	1.52874774884e-06
1.24697699359e-09	9.5381961529e-07
1.24793991018e-09	1.62867003439e-07
1.24890282678e-09	-7.03596182206e-07
1.24986574338e-09	-1.4696162971e-06
1.25082865998e-09	-1.96704303868e-06
1.25179157657e-09	-2.0791309101e-06
1.25275449317e-09	-1.77225740217e-06
1.25371740977e-09	-1.10683166099e-06
1.25468032637e-09	-2.24677503269e-07
1.25564324296e-09	6.83163065673e-07
1.25660615956e-09	1.41941567477e-06
1.25756907616e-09	1.82334540177e-06
1.25853199275e-09	1.80334263078e-06
1.25949490935e-09	1.35304529891e-06
1.26045782595e-09	5.4934718996e-07
1.26142074255e-09	-4.65295343588e-07
1.26238365914e-09	-1.51097186318e-06
1.26334657574e-09	-2.40261177709e-06
1.26430949234e-09	-2.98111083197e-06
1.26527240894e-09	-3.13917126249e-06
1.26623532553e-09	-2.83878794249e-06
1.26719824213e-09	-2.11841729225e-06
1.26816115873e-09	-1.08860997727e-06
1.26912407533e-09	8.43321554811e-08
1.27008699192e-09	1.20538237525e-06
1.27104990852e-09	2.08503976218e-06
1.27201282512e-09	2.57517724656e-06
1.27297574172e-09	2.59912993528e-06
1.27393865831e-09	2.16890282445e-06
1.27490157491e-09	1.38457523491e-06
1.27586449151e-09	4.14500698653e-07
1.2768274081e-09	-5.40397167015e-07
1.2777903247e-09	-1.29043220909e-06
1.2787532413e-09	-1.69902666336e-06
1.2797161579e-09	-1.71277593886e-06
1.28067907449e-09	-1.3722136174e-06
1.28164199109e-09	-8.00644146537e-07
1.28260490769e-09	-1.73997172226e-07
1.28356782429e-09	3.20913445151e-07
1.28453074088e-09	5.29722756326e-07
1.28549365748e-09	3.65418479475e-07
1.28645657408e-09	-1.72584637248e-07
1.28741949068e-09	-9.98483310255e-07
1.28838240727e-09	-1.95801656666e-06
1.28934532387e-09	-2.85933543331e-06
1.29030824047e-09	-3.50989880538e-06
1.29127115707e-09	-3.7521344467e-06
1.29223407366e-09	-3.49152770873e-06
1.29319699026e-09	-2.71274484298e-06
1.29415990686e-09	-1.48177509907e-06
1.29512282345e-09	6.55877574474e-08
1.29608574005e-09	1.74659689378e-06
1.29704865665e-09	3.36164194259e-06
1.29801157325e-09	4.72596478573e-06
1.29897448984e-09	5.69705113662e-06
1.29993740644e-09	6.19289637882e-06
1.30090032304e-09	6.19823398296e-06
1.30186323964e-09	5.758458542e-06
1.30282615623e-09	4.963935055e-06
1.30378907283e-09	3.92925792347e-06
1.30475198943e-09	2.77235879231e-06
1.30571490603e-09	1.59751329143e-06
1.30667782262e-09	4.84489460106e-07
1.30764073922e-09	-5.1580780891e-07
1.30860365582e-09	-1.3802527512e-06
1.30956657242e-09	-2.10872365614e-06
1.31052948901e-09	-2.7172102488e-06
1.31149240561e-09	-3.2298617878e-06
1.31245532221e-09	-3.67087586994e-06
1.3134182388e-09	-4.05715381646e-06
1.3143811554e-09	-4.3926613813e-06
1.315344072e-09	-4.66559788492e-06
1.3163069886e-09	-4.84918345478e-06
1.31726990519e-09	-4.90618560889e-06
1.31823282179e-09	-4.79649051499e-06
1.31919573839e-09	-4.48622839144e-06
1.32015865499e-09	-3.95651047569e-06
1.32112157158e-09	-3.21001397907e-06
1.32208448818e-09	-2.2742239576e-06
1.32304740478e-09	-1.20080729005e-06
1.32401032138e-09	-6.12703168201e-08
1.32497323797e-09	1.06027971647e-06
1.32593615457e-09	2.07626072068e-06
1.32689907117e-09	2.90565884598e-06
1.32786198777e-09	3.4838051306e-06
1.32882490436e-09	3.77072738011e-06
1.32978782096e-09	3.75694860111e-06
1.33075073756e-09	3.46543136232e-06
1.33171365415e-09	2.94874523377e-06
1.33267657075e-09	2.28131604274e-06
1.33363948735e-09	1.54757154114e-06
1.33460240395e-09	8.28055380708e-07
1.33556532054e-09	1.86659331547e-07
1.33652823714e-09	-3.37716038246e-07
1.33749115374e-09	-7.3261438871e-07
1.33845407034e-09	-1.00592078667e-06
1.33941698693e-09	-1.17407834921e-06
1.34037990353e-09	-1.24880497232e-06
1.34134282013e-09	-1.22734287444e-06
1.34230573673e-09	-1.09039470875e-06
1.34326865332e-09	-8.09604328467e-07
1.34423156992e-09	-3.62761641171e-07
1.34519448652e-09	2.48524209212e-07
1.34615740312e-09	9.85246416008e-07
1.34712031971e-09	1.76730817714e-06
1.34808323631e-09	2.48272088221e-06
1.34904615291e-09	3.00819921506e-06
1.3500090695e-09	3.23573855532e-06
1.3509719861e-09	3.0977821126e-06
1.3519349027e-09	2.58363753147e-06
1.3528978193e-09	1.74259166386e-06
1.35386073589e-09	6.73352118952e-07
1.35482365249e-09	-4.96832450736e-07
1.35578656909e-09	-1.63725411184e-06
1.35674948569e-09	-2.63632195185e-06
1.35771240228e-09	-3.41655665181e-06
1.35867531888e-09	-3.93960074696e-06
1.35963823548e-09	-4.20191099693e-06
1.36060115208e-09	-4.22433282665e-06
1.36156406867e-09	-4.0397983696e-06
1.36252698527e-09	-3.68317943611e-06
1.36348990187e-09	-3.18589609627e-06
1.36445281847e-09	-2.57561257833e-06
1.36541573506e-09	-1.87957925135e-06
1.36637865166e-09	-1.12909190975e-06
1.36734156826e-09	-3.62269219067e-07
1.36830448485e-09	3.7670208286e-07
1.36926740145e-09	1.04218509733e-06
1.37023031805e-09	1.59432774005e-06
1.37119323465e-09	2.0065725117e-06
1.37215615124e-09	2.27108717255e-06
1.37311906784e-09	2.40030423981e-06
1.37408198444e-09	2.42376680148e-06
1.37504490104e-09	2.38097802097e-06
1.37600781763e-09	2.31182872135e-06
1.37697073423e-09	2.24647347657e-06
1.37793365083e-09	2.19675003876e-06
1.37889656743e-09	2.15104425649e-06
1.37985948402e-09	2.07400525198e-06
1.38082240062e-09	1.91208356881e-06
1.38178531722e-09	1.60492038681e-06
1.38274823381e-09	1.10118796037e-06
1.38371115041e-09	3.76025562687e-07
1.38467406701e-09	-5.53973654505e-07
1.38563698361e-09	-1.62273829218e-06
1.3865999002e-09	-2.71732331747e-06
1.3875628168e-09	-3.69249963939e-06
1.3885257334e-09	-4.39568788835e-06
1.38948865e-09	-4.69748302123e-06
1.39045156659e-09	-4.52096079151e-06
1.39141448319e-09	-3.86278977693e-06
1.39237739979e-09	-2.80056581126e-06
1.39334031639e-09	-1.48382597409e-06
1.39430323298e-09	-1.10065684567e-07
1.39526614958e-09	1.10967825862e-06
1.39622906618e-09	1.98909123128e-06
1.39719198278e-09	2.4012364559e-06
1.39815489937e-09	2.30276268987e-06
1.39911781597e-09	1.74296351041e-06
1.40008073257e-09	8.55754537454e-07
1.40104364916e-09	-1.6453510554e-07
1.40200656576e-09	-1.09944525306e-06
1.40296948236e-09	-1.74795516727e-06
1.40393239896e-09	-1.96544960751e-06
1.40489531555e-09	-1.69221642743e-06
1.40585823215e-09	-9.6521044668e-07
1.40682114875e-09	8.9562107064e-08
1.40778406535e-09	1.28260858645e-06
1.40874698194e-09	2.39914858469e-06
1.40970989854e-09	3.24147268316e-06
1.41067281514e-09	3.66636321125e-06
1.41163573174e-09	3.61003743876e-06
1.41259864833e-09	3.09583626112e-06
1.41356156493e-09	2.22413797957e-06
1.41452448153e-09	1.14810881335e-06
1.41548739813e-09	4.12408489581e-08
1.41645031472e-09	-9.36036125054e-07
1.41741323132e-09	-1.66381402344e-06
1.41837614792e-09	-2.07973711852e-06
1.41933906451e-09	-2.1835646038e-06
1.42030198111e-09	-2.02956454132e-06
1.42126489771e-09	-1.70952303336e-06
1.42222781431e-09	-1.33053263873e-06
1.4231907309e-09	-9.91949345774e-07
1.4241536475e-09	-7.65858054308e-07
1.4251165641e-09	-6.84549295471e-07
1.4260794807e-09	-7.37032150866e-07
1.42704239729e-09	-8.7503040902e-07
1.42800531389e-09	-1.02699333127e-06
1.42896823049e-09	-1.11688146731e-06
1.42993114709e-09	-1.08343977701e-06
1.43089406368e-09	-8.95429579373e-07
1.43185698028e-09	-5.59109045284e-07
1.43281989688e-09	-1.16209925238e-07
1.43378281348e-09	3.66680486863e-07
1.43474573007e-09	8.14152130602e-07
1.43570864667e-09	1.15883143081e-06
1.43667156327e-09	1.3543598838e-06
1.43763447986e-09	1.38144341832e-06
1.43859739646e-09	1.24637704602e-06
1.43956031306e-09	9.74031184597e-07
1.44052322966e-09	5.99016573233e-07
1.44148614625e-09	1.58594129829e-07
1.44244906285e-09	-3.10518885271e-07
1.44341197945e-09	-7.7131621623e-07
1.44437489605e-09	-1.18376879676e-06
1.44533781264e-09	-1.50343104011e-06
1.44630072924e-09	-1.68394334921e-06
1.44726364584e-09	-1.68426409353e-06
1.44822656244e-09	-1.47921281801e-06
1.44918947903e-09	-1.07012855644e-06
1.45015239563e-09	-4.91686968473e-07
1.45111531223e-09	1.88325566697e-07
1.45207822883e-09	8.7732252041e-07
1.45304114542e-09	1.47293448371e-06
1.45400406202e-09	1.88143565083e-06
1.45496697862e-09	2.03522717079e-06
1.45592989521e-09	1.90524961319e-06
1.45689281181e-09	1.50565150392e-06
1.45785572841e-09	8.90082233695e-07
1.45881864501e-09	1.40872382204e-07
1.4597815616e-09	-6.46202430232e-07
1.4607444782e-09	-1.37816713952e-06
1.4617073948e-09	-1.97889552567e-06
1.4626703114e-09	-2.39855769735e-06
1.46363322799e-09	-2.61720531824e-06
1.46459614459e-09	-2.64246191861e-06
1.46555906119e-09	-2.50241359545e-06
1.46652197779e-09	-2.23567231039e-06
1.46748489438e-09	-1.88112498023e-06
1.46844781098e-09	-1.46984469751e-06
1.46941072758e-09	-1.02093791554e-06
1.47037364418e-09	-5.42142551296e-07
1.47133656077e-09	-3.47557929103e-08
1.47229947737e-09	4.99020995193e-07
1.47326239397e-09	1.04900586884e-06
1.47422531056e-09	1.59280423873e-06
1.47518822716e-09	2.09629203596e-06
1.47615114376e-09	2.51902355508e-06
1.47711406036e-09	2.82298893772e-06
1.47807697695e-09	2.98201027604e-06
1.47903989355e-09	2.98850949676e-06
1.48000281015e-09	2.85505260145e-06
1.48096572675e-09	2.60998631063e-06
1.48192864334e-09	2.28839306438e-06
1.48289155994e-09	1.92121259524e-06
1.48385447654e-09	1.52616844318e-06
1.48481739314e-09	1.10353008509e-06
1.48578030973e-09	6.38239207262e-07
1.48674322633e-09	1.07872756061e-07
1.48770614293e-09	-5.05931955885e-07
1.48866905952e-09	-1.20583600527e-06
1.48963197612e-09	-1.97021124393e-06
1.49059489272e-09	-2.75006355821e-06
1.49155780932e-09	-3.47241522292e-06
1.49252072591e-09	-4.0497070799e-06
1.49348364251e-09	-4.39374210259e-06
1.49444655911e-09	-4.43184372578e-06
1.49540947571e-09	-4.122530326e-06
1.4963723923e-09	-3.46796156414e-06
1.4973353089e-09	-2.52039254889e-06
1.4982982255e-09	-1.38035344577e-06
1.4992611421e-09	-1.8552844594e-07
1.50022405869e-09	9.09105082769e-07
1.50118697529e-09	1.75714034611e-06
1.50214989189e-09	2.24769630996e-06
1.50311280849e-09	2.32760311114e-06
1.50407572508e-09	2.01331286753e-06
1.50503864168e-09	1.38877552835e-06
1.50600155828e-09	5.88894705444e-07
1.50696447487e-09	-2.28167907679e-07
1.50792739147e-09	-9.13590206153e-07
1.50889030807e-09	-1.35751615105e-06
1.50985322467e-09	-1.50862457993e-06
1.51081614126e-09	-1.37925089128e-06
1.51177905786e-09	-1.03525854023e-06
1.51274197446e-09	-5.7391589614e-07
1.51370489106e-09	-9.63428163914e-08
1.51466780765e-09	3.17850465947e-07
1.51563072425e-09	6.27182387802e-07
1.51659364085e-09	8.32277253338e-07
1.51755655745e-09	9.67132800511e-07
1.51851947404e-09	1.08124001486e-06
1.51948239064e-09	1.21854445467e-06
1.52044530724e-09	1.39992065584e-06
1.52140822384e-09	1.61423219147e-06
1.52237114043e-09	1.82013563688e-06
1.52333405703e-09	1.95766834921e-06
1.52429697363e-09	1.96577865452e-06
1.52525989022e-09	1.80045210207e-06
1.52622280682e-09	1.44830056037e-06
1.52718572342e-09	9.321239407e-07
1.52814864002e-09	3.07304961922e-07
1.52911155661e-09	-3.49764400553e-07
1.53007447321e-09	-9.58132309492e-07
1.53103738981e-09	-1.44943265745e-06
1.53200030641e-09	-1.78157423214e-06
1.532963223e-09	-1.94586496427e-06
1.5339261396e-09	-1.96599614277e-06
1.5348890562e-09	-1.88918752642e-06
1.5358519728e-09	-1.77162341863e-06
1.53681488939e-09	-1.66178199912e-06
1.53777780599e-09	-1.58599886113e-06
1.53874072259e-09	-1.5401641722e-06
1.53970363919e-09	-1.4901055998e-06
1.54066655578e-09	-1.38111845338e-06
1.54162947238e-09	-1.15464818329e-06
1.54259238898e-09	-7.68051064526e-07
1.54355530557e-09	-2.12297877056e-07
1.54451822217e-09	4.77297128043e-07
1.54548113877e-09	1.22067051045e-06
1.54644405537e-09	1.90380016285e-06
1.54740697196e-09	2.39896719023e-06
1.54836988856e-09	2.59052077745e-06
1.54933280516e-09	2.40074864877e-06
1.55029572176e-09	1.81036224944e-06
1.55125863835e-09	8.6911889241e-07
1.55222155495e-09	-3.06145906848e-07
1.55318447155e-09	-1.54641187322e-06
1.55414738815e-09	-2.65621693529e-06
1.55511030474e-09	-3.44608017855e-06
1.55607322134e-09	-3.76589281537e-06
1.55703613794e-09	-3.53315017776e-06
1.55799905454e-09	-2.75062261323e-06
1.55896197113e-09	-1.50972169344e-06
1.55992488773e-09	2.15533759729e-08
1.56088780433e-09	1.62428997896e-06
1.56185072092e-09	3.06362791669e-06
1.56281363752e-09	4.12679639794e-06
1.56377655412e-09	4.65724989773e-06
1.56473947072e-09	4.57876348214e-06
1.56570238731e-09	3.9053032399e-06
1.56666530391e-09	2.73516935501e-06
1.56762822051e-09	1.23113145634e-06
1.56859113711e-09	-4.0905121601e-07
1.5695540537e-09	-1.98551139619e-06
1.5705169703e-09	-3.32582371243e-06
1.5714798869e-09	-4.30577711086e-06
1.5724428035e-09	-4.85843402487e-06
1.57340572009e-09	-4.97150774237e-06
1.57436863669e-09	-4.67612817801e-06
1.57533155329e-09	-4.03191646292e-06
1.57629446989e-09	-3.11331018388e-06
1.57725738648e-09	-2.00070279277e-06
1.57822030308e-09	-7.77277014308e-07
1.57918321968e-09	4.7035828743e-07
1.58014613627e-09	1.65112139427e-06
1.58110905287e-09	2.67163436973e-06
1.58207196947e-09	3.44367674643e-06
1.58303488607e-09	3.89625743935e-06
1.58399780266e-09	3.98923772593e-06
1.58496071926e-09	3.72394233672e-06
1.58592363586e-09	3.1464928405e-06
1.58688655246e-09	2.3417915358e-06
1.58784946905e-09	1.41896672545e-06
1.58881238565e-09	4.91849311501e-07
1.58977530225e-09	-3.4029928031e-07
1.59073821885e-09	-1.00689145732e-06
1.59170113544e-09	-1.47196692168e-06
1.59266405204e-09	-1.73184883501e-06
1.59362696864e-09	-1.80705244723e-06
1.59458988524e-09	-1.73231248013e-06
1.59555280183e-09	-1.54829412935e-06
1.59651571843e-09	-1.29692676687e-06
1.59747863503e-09	-1.01997110313e-06
1.59844155162e-09	-7.58636744536e-07
1.59940446822e-09	-5.5162484891e-07
1.60036738482e-09	-4.30103693105e-07
1.60133030142e-09	-4.10170514442e-07
1.60229321801e-09	-4.8542631248e-07
1.60325613461e-09	-6.23389293963e-07
1.60421905121e-09	-7.68849020005e-07
1.60518196781e-09	-8.55151206736e-07
1.6061448844e-09	-8.21330795375e-07
1.607107801e-09	-6.30349164865e-07
1.6080707176e-09	-2.82719256006e-07
1.6090336342e-09	1.79251893329e-07
1.60999655079e-09	6.78724386027e-07
1.61095946739e-09	1.12164079269e-06
1.61192238399e-09	1.41935913867e-06
1.61288530058e-09	1.51018709182e-06
1.61384821718e-09	1.37389149302e-06
1.61481113378e-09	1.03556131315e-06
1.61577405038e-09	5.58477974977e-07
1.61673696697e-09	2.86641483882e-08
1.61769988357e-09	-4.64255206722e-07
1.61866280017e-09	-8.44768642594e-07
1.61962571677e-09	-1.06388158017e-06
1.62058863336e-09	-1.10448247881e-06
1.62155154996e-09	-9.79945136592e-07
1.62251446656e-09	-7.27689476676e-07
1.62347738316e-09	-4.0005151547e-07
1.62444029975e-09	-5.45703997545e-08
1.62540321635e-09	2.54896313834e-07
1.62636613295e-09	4.85405870165e-07
1.62732904955e-09	6.09953502817e-07
1.62829196614e-09	6.19843952165e-07
1.62925488274e-09	5.23988864742e-07
1.63021779934e-09	3.45004494307e-07
1.63118071593e-09	1.12678334219e-07
1.63214363253e-09	-1.43969165478e-07
1.63310654913e-09	-4.04029117718e-07
1.63406946573e-09	-6.59024452787e-07
1.63503238232e-09	-9.12448513191e-07
1.63599529892e-09	-1.17410166034e-06
1.63695821552e-09	-1.4505380026e-06
1.63792113212e-09	-1.73470011511e-06
1.63888404871e-09	-1.99873526441e-06
1.63984696531e-09	-2.19354081921e-06
1.64080988191e-09	-2.25675625032e-06
1.64177279851e-09	-2.12811168332e-06
1.6427357151e-09	-1.76823040654e-06
1.6436986317e-09	-1.17514033171e-06
1.6446615483e-09	-3.92712921737e-07
1.6456244649e-09	4.92750832137e-07
1.64658738149e-09	1.3679983315e-06
1.64755029809e-09	2.11656191063e-06
1.64851321469e-09	2.64403930217e-06
1.64947613128e-09	2.89751047688e-06
1.65043904788e-09	2.87345650918e-06
1.65140196448e-09	2.61226398379e-06
1.65236488108e-09	2.18192413115e-06
1.65332779767e-09	1.65701377064e-06
1.65429071427e-09	1.10027160005e-06
1.65525363087e-09	5.52744712223e-07
1.65621654747e-09	3.47949402624e-08
1.65717946406e-09	-4.43985747722e-07
1.65814238066e-09	-8.71290453119e-07
1.65910529726e-09	-1.22177951845e-06
1.66006821386e-09	-1.45519939032e-06
1.66103113045e-09	-1.52469174708e-06
1.66199404705e-09	-1.39284703415e-06
1.66295696365e-09	-1.04968944648e-06
1.66391988025e-09	-5.25675378782e-07
1.66488279684e-09	1.05783664495e-07
1.66584571344e-09	7.38413756807e-07
1.66680863004e-09	1.25368864978e-06
1.66777154663e-09	1.54634266281e-06
1.66873446323e-09	1.54779747774e-06
1.66969737983e-09	1.24130266954e-06
1.67066029643e-09	6.65195738492e-07
1.67162321302e-09	-9.57854826567e-08
1.67258612962e-09	-9.28205768247e-07
1.67354904622e-09	-1.71189455145e-06
1.67451196282e-09	-2.34107046282e-06
1.67547487941e-09	-2.74070165851e-06
1.67643779601e-09	-2.87591402426e-06
1.67740071261e-09	-2.75387281157e-06
1.67836362921e-09	-2.41891697605e-06
1.6793265458e-09	-1.94248713292e-06
1.6802894624e-09	-1.40955550876e-06
1.681252379e-09	-9.03577159761e-07
1.6822152956e-09	-4.92174038413e-07
1.68317821219e-09	-2.15594539554e-07
1.68414112879e-09	-8.00661599243e-08
1.68510404539e-09	-5.77143914882e-08
1.68606696198e-09	-9.34915078687e-08
1.68702987858e-09	-1.18257158732e-07
1.68799279518e-09	-6.5687585149e-08
1.68895571178e-09	1.10658108454e-07
1.68991862837e-09	4.24129789067e-07
1.69088154497e-09	8.49048674922e-07
1.69184446157e-09	1.32403361164e-06
1.69280737817e-09	1.76433105281e-06
1.69377029476e-09	2.0806864427e-06
1.69473321136e-09	2.2004777378e-06
1.69569612796e-09	2.0857681875e-06
1.69665904456e-09	1.74360443772e-06
1.69762196115e-09	1.22588030926e-06
1.69858487775e-09	6.18543605668e-07
1.69954779435e-09	2.2774940156e-08
1.70051071095e-09	-4.66973331115e-07
1.70147362754e-09	-7.82488585926e-07
1.70243654414e-09	-8.94204939428e-07
1.70339946074e-09	-8.14083728429e-07
1.70436237733e-09	-5.89157659547e-07
1.70532529393e-09	-2.88219361266e-07
1.70628821053e-09	1.43294549559e-08
1.70725112713e-09	2.53326025046e-07
1.70821404372e-09	3.83557043904e-07
1.70917696032e-09	3.8496264132e-07
1.71013987692e-09	2.62323645472e-07
1.71110279352e-09	4.0638955312e-08
1.71206571011e-09	-2.42161123154e-07
1.71302862671e-09	-5.43592738822e-07
1.71399154331e-09	-8.24716062553e-07
1.71495445991e-09	-1.05664751082e-06
1.7159173765e-09	-1.22433517902e-06
1.7168802931e-09	-1.32687639898e-06
1.7178432097e-09	-1.3743104823e-06
1.7188061263e-09	-1.38159779084e-06
1.71976904289e-09	-1.36137310669e-06
1.72073195949e-09	-1.31760248046e-06
1.72169487609e-09	-1.24217368835e-06
1.72265779268e-09	-1.11587462648e-06
1.72362070928e-09	-9.14097407545e-07
1.72458362588e-09	-6.16066165193e-07
1.72554654248e-09	-2.15190826047e-07
1.72650945907e-09	2.72411778468e-07
1.72747237567e-09	8.04154588252e-07
1.72843529227e-09	1.31406329373e-06
1.72939820887e-09	1.72317916736e-06
1.73036112546e-09	1.95566057926e-06
1.73132404206e-09	1.95701521477e-06
1.73228695866e-09	1.70986129433e-06
1.73324987526e-09	1.24259017298e-06
1.73421279185e-09	6.27480524429e-07
1.73517570845e-09	-3.2397245775e-08
1.73613862505e-09	-6.24822051876e-07
1.73710154164e-09	-1.05343225343e-06
1.73806445824e-09	-1.25958309916e-06
1.73902737484e-09	-1.23489854076e-06
1.73999029144e-09	-1.02103744481e-06
1.74095320803e-09	-6.96917249243e-07
1.74191612463e-09	-3.57130428341e-07
1.74287904123e-09	-8.77578028025e-08
1.74384195783e-09	5.37339808204e-08
1.74480487442e-09	4.94374656768e-08
1.74576779102e-09	-7.92617456113e-08
1.74673070762e-09	-2.81712278394e-07
1.74769362422e-09	-4.93810123459e-07
1.74865654081e-09	-6.54740661687e-07
1.74961945741e-09	-7.20280930011e-07
1.75058237401e-09	-6.70237804812e-07
1.75154529061e-09	-5.09909552804e-07
1.7525082072e-09	-2.66831523987e-07
1.7534711238e-09	1.53058703489e-08
1.7544340404e-09	2.8394218532e-07
1.75539695699e-09	4.85562646091e-07
1.75635987359e-09	5.7416864685e-07
1.75732279019e-09	5.19970488e-07
1.75828570679e-09	3.17324815313e-07
1.75924862338e-09	-1.00523358526e-08
1.76021153998e-09	-4.0901242393e-07
1.76117445658e-09	-8.038702628e-07
1.76213737318e-09	-1.11030539252e-06
1.76310028977e-09	-1.2538171319e-06
1.76406320637e-09	-1.18835252216e-06
1.76502612297e-09	-9.10057394776e-07
1.76598903957e-09	-4.61745004898e-07
1.76695195616e-09	7.39564427477e-08
1.76791487276e-09	5.91475632916e-07
1.76887778936e-09	9.85288384214e-07
1.76984070596e-09	1.17347988215e-06
1.77080362255e-09	1.11617957188e-06
1.77176653915e-09	8.24669616151e-07
1.77272945575e-09	3.59342767098e-07
1.77369237234e-09	-1.82658396852e-07
1.77465528894e-09	-6.8715244872e-07
1.77561820554e-09	-1.0457434918e-06
1.77658112214e-09	-1.17720767356e-06
1.77754403873e-09	-1.04330145412e-06
1.77850695533e-09	-6.56198483995e-07
1.77946987193e-09	-7.63982654917e-08
1.78043278853e-09	5.98485495829e-07
1.78139570512e-09	1.25172540955e-06
1.78235862172e-09	1.76866828561e-06
1.78332153832e-09	2.0571999837e-06
1.78428445492e-09	2.06357895216e-06
1.78524737151e-09	1.78062438927e-06
1.78621028811e-09	1.24699535853e-06
1.78717320471e-09	5.38098294811e-07
1.78813612131e-09	-2.49087118931e-07
1.7890990379e-09	-1.0137855142e-06
1.7900619545e-09	-1.66810131219e-06
1.7910248711e-09	-2.14919192487e-06
1.79198778769e-09	-2.42488754409e-06
1.79295070429e-09	-2.49265037944e-06
1.79391362089e-09	-2.37317175156e-06
1.79487653749e-09	-2.10112247423e-06
1.79583945408e-09	-1.71612793487e-06
1.79680237068e-09	-1.25632457149e-06
1.79776528728e-09	-7.55669804064e-07
1.79872820388e-09	-2.44802002669e-07
1.79969112047e-09	2.46129797432e-07
1.80065403707e-09	6.84851391597e-07
1.80161695367e-09	1.03645090199e-06
1.80257987027e-09	1.26606066608e-06
1.80354278686e-09	1.34462841395e-06
1.80450570346e-09	1.25633027537e-06
1.80546862006e-09	1.00533072001e-06
1.80643153666e-09	6.19572944061e-07
1.80739445325e-09	1.49961328688e-07
1.80835736985e-09	-3.35713178146e-07
1.80932028645e-09	-7.63456492692e-07
1.81028320304e-09	-1.06623035911e-06
1.81124611964e-09	-1.19674868593e-06
1.81220903624e-09	-1.1372178168e-06
1.81317195284e-09	-9.0366832417e-07
1.81413486943e-09	-5.43578071444e-07
1.81509778603e-09	-1.27179676568e-07
1.81606070263e-09	2.65890832907e-07
1.81702361923e-09	5.62066562182e-07
1.81798653582e-09	7.08202586353e-07
1.81894945242e-09	6.81836628047e-07
1.81991236902e-09	4.95326807126e-07
1.82087528562e-09	1.93027613449e-07
1.82183820221e-09	-1.57864807449e-07
1.82280111881e-09	-4.80784056123e-07
1.82376403541e-09	-7.04759415271e-07
1.82472695201e-09	-7.78046347349e-07
1.8256898686e-09	-6.77921976333e-07
1.8266527852e-09	-4.14896116574e-07
1.8276157018e-09	-3.09349310612e-08
1.82857861839e-09	4.07591928209e-07
1.82954153499e-09	8.21056739042e-07
1.83050445159e-09	1.13003662783e-06
1.83146736819e-09	1.26888545537e-06
1.83243028478e-09	1.19750557914e-06
1.83339320138e-09	9.09660370141e-07
1.83435611798e-09	4.36170523699e-07
1.83531903458e-09	-1.57959714642e-07
1.83628195117e-09	-7.82378879904e-07
1.83724486777e-09	-1.33532571844e-06
1.83820778437e-09	-1.72070084403e-06
1.83917070097e-09	-1.86525487322e-06
1.84013361756e-09	-1.73275357618e-06
1.84109653416e-09	-1.33232613031e-06
1.84205945076e-09	-7.18878229833e-07
1.84302236735e-09	1.49879575417e-08
1.84398528395e-09	7.5415354317e-07
1.84494820055e-09	1.38068876154e-06
1.84591111715e-09	1.79456682048e-06
1.84687403374e-09	1.93116928493e-06
1.84783695034e-09	1.77203533624e-06
1.84879986694e-09	1.34695410381e-06
1.84976278354e-09	7.27018043989e-07
1.85072570013e-09	1.01366168792e-08
1.85168861673e-09	-6.97598888877e-07
1.85265153333e-09	-1.30077954097e-06
1.85361444993e-09	-1.73017235028e-06
1.85457736652e-09	-1.95199713282e-06
1.85554028312e-09	-1.9697506275e-06
1.85650319972e-09	-1.81902180962e-06
1.85746611632e-09	-1.55694118575e-06
1.85842903291e-09	-1.24863542528e-06
1.85939194951e-09	-9.53344907018e-07
1.86035486611e-09	-7.12721005769e-07
1.8613177827e-09	-5.43264315311e-07
1.8622806993e-09	-4.34275767347e-07
1.8632436159e-09	-3.51949994482e-07
1.8642065325e-09	-2.49044468603e-07
1.86516944909e-09	-7.84146365618e-08
1.86613236569e-09	1.92199131277e-07
1.86709528229e-09	5.67609212965e-07
1.86805819889e-09	1.01822753784e-06
1.86902111548e-09	1.48097769603e-06
1.86998403208e-09	1.86887923448e-06
1.87094694868e-09	2.08798042145e-06
1.87190986528e-09	2.05809866038e-06
1.87287278187e-09	1.73283478055e-06
1.87383569847e-09	1.11421152837e-06
1.87479861507e-09	2.57987819552e-07
1.87576153167e-09	-7.32155038818e-07
1.87672444826e-09	-1.7206668339e-06
1.87768736486e-09	-2.56334505266e-06
1.87865028146e-09	-3.13289354636e-06
1.87961319805e-09	-3.3412521443e-06
1.88057611465e-09	-3.15398681927e-06
1.88153903125e-09	-2.5940578734e-06
1.88250194785e-09	-1.73472556142e-06
1.88346486444e-09	-6.84007268603e-07
1.88442778104e-09	4.35000080401e-07
1.88539069764e-09	1.50316923708e-06
1.88635361424e-09	2.4197604791e-06
1.88731653083e-09	3.11003636e-06
1.88827944743e-09	3.52630053158e-06
1.88924236403e-09	3.644545572e-06
1.89020528063e-09	3.45983707462e-06
1.89116819722e-09	2.98333478987e-06
1.89213111382e-09	2.24243262181e-06
1.89309403042e-09	1.28355769746e-06
1.89405694702e-09	1.75496898791e-07
1.89501986361e-09	-9.8980768648e-07
1.89598278021e-09	-2.10178617266e-06
1.89694569681e-09	-3.04223435421e-06
1.8979086134e-09	-3.70174506514e-06
1.89887153e-09	-3.9985056759e-06
1.8998344466e-09	-3.8948714689e-06
1.9007973632e-09	-3.40705803836e-06
1.90176027979e-09	-2.60500829619e-06
1.90272319639e-09	-1.60181916975e-06
1.90368611299e-09	-5.34698688881e-07
1.90464902959e-09	4.5812740268e-07
1.90561194618e-09	1.25929504513e-06
1.90657486278e-09	1.78861431621e-06
1.90753777938e-09	2.01119418186e-06
1.90850069598e-09	1.93696793183e-06
1.90946361257e-09	1.61343288774e-06
1.91042652917e-09	1.11443773321e-06
1.91138944577e-09	5.27604095524e-07
1.91235236237e-09	-5.7640193063e-08
1.91331527896e-09	-5.60450320819e-07
1.91427819556e-09	-9.17237020559e-07
1.91524111216e-09	-1.08850711555e-06
1.91620402875e-09	-1.06332907812e-06
1.91716694535e-09	-8.60523135415e-07
1.91812986195e-09	-5.25702912313e-07
1.91909277855e-09	-1.23774357874e-07
1.92005569514e-09	2.72328618323e-07
1.92101861174e-09	5.94602145298e-07
1.92198152834e-09	7.91907339703e-07
1.92294444494e-09	8.38278147341e-07
1.92390736153e-09	7.35863183721e-07
1.92487027813e-09	5.12226478122e-07
1.92583319473e-09	2.13201087007e-07
1.92679611133e-09	-1.06688199608e-07
1.92775902792e-09	-3.9397289342e-07
1.92872194452e-09	-6.04435992813e-07
1.92968486112e-09	-7.08979691844e-07
1.93064777772e-09	-6.96970770875e-07
1.93161069431e-09	-5.77109002364e-07
1.93257361091e-09	-3.7606820058e-07
1.93353652751e-09	-1.35043249472e-07
1.9344994441e-09	9.59390060729e-08
1.9354623607e-09	2.65725836002e-07
1.9364252773e-09	3.30828264339e-07
1.9373881939e-09	2.63885786111e-07
1.93835111049e-09	6.01155303315e-08
1.93931402709e-09	-2.60015516673e-07
1.94027694369e-09	-6.52964361691e-07
1.94123986029e-09	-1.05890964974e-06
1.94220277688e-09	-1.41200368375e-06
1.94316569348e-09	-1.65204757252e-06
1.94412861008e-09	-1.73499945433e-06
1.94509152668e-09	-1.64028133831e-06
1.94605444327e-09	-1.3737169855e-06
1.94701735987e-09	-9.65661120844e-07
1.94798027647e-09	-4.64948229251e-07
1.94894319307e-09	6.97972240005e-08
1.94990610966e-09	5.79766057385e-07
1.95086902626e-09	1.01482569903e-06
1.95183194286e-09	1.34012092978e-06
1.95279485945e-09	1.53939745395e-06
1.95375777605e-09	1.61470302551e-06
1.95472069265e-09	1.58274007767e-06
1.95568360925e-09	1.4688591321e-06
1.95664652584e-09	1.30013277833e-06
1.95760944244e-09	1.09908553725e-06
1.95857235904e-09	8.79673066834e-07
1.95953527564e-09	6.46463815812e-07
1.96049819223e-09	3.97052438927e-07
1.96146110883e-09	1.26966741121e-07
1.96242402543e-09	-1.64385252077e-07
1.96338694203e-09	-4.68667607834e-07
1.96434985862e-09	-7.66146316167e-07
1.96531277522e-09	-1.02672553481e-06
1.96627569182e-09	-1.214595299e-06
1.96723860841e-09	-1.29556890016e-06
1.96820152501e-09	-1.24541807267e-06
1.96916444161e-09	-1.05731346345e-06
1.97012735821e-09	-7.46463511447e-07
1.9710902748e-09	-3.50520011239e-07
1.9720531914e-09	7.45503871968e-08
1.973016108e-09	4.62606470464e-07
1.9739790246e-09	7.48191588684e-07
1.97494194119e-09	8.7776278157e-07
1.97590485779e-09	8.1883363201e-07
1.97686777439e-09	5.65175175993e-07
1.97783069099e-09	1.36988212773e-07
1.97879360758e-09	-4.23639242797e-07
1.97975652418e-09	-1.06030090841e-06
1.98071944078e-09	-1.7105759369e-06
1.98168235738e-09	-2.31282068519e-06
1.98264527397e-09	-2.81006648173e-06
1.98360819057e-09	-3.15126722228e-06
1.98457110717e-09	-3.29143882993e-06
1.98553402376e-09	-3.19266208759e-06
1.98649694036e-09	-2.82766251836e-06
1.98745985696e-09	-2.186498131e-06
1.98842277356e-09	-1.28488544959e-06
1.98938569015e-09	-1.71294802342e-07
1.99034860675e-09	1.07028210827e-06
1.99131152335e-09	2.32447132653e-06
1.99227443995e-09	3.45658915535e-06
1.99323735654e-09	4.33129579847e-06
1.99420027314e-09	4.83448724253e-06
1.99516318974e-09	4.8939558166e-06
1.99612610634e-09	4.49414695503e-06
1.99708902293e-09	3.68137409801e-06
1.99805193953e-09	2.55789779935e-06
1.99901485613e-09	1.2656669881e-06
1.99997777273e-09	-3.71621471373e-08
2.00094068932e-09	-1.20215637978e-06
2.00190360592e-09	-2.11353837187e-06
2.00286652252e-09	-2.703563311e-06
2.00382943911e-09	-2.95776496984e-06
2.00479235571e-09	-2.90986334761e-06
2.00575527231e-09	-2.62852718436e-06
2.00671818891e-09	-2.19990897676e-06
2.0076811055e-09	-1.71018998607e-06
2.0086440221e-09	-1.23155188447e-06
2.0096069387e-09	-8.13608727057e-07
2.0105698553e-09	-4.80717931239e-07
2.01153277189e-09	-2.34301321456e-07
2.01249568849e-09	-5.87117270356e-08
2.01345860509e-09	7.09475003191e-08
2.01442152169e-09	1.80434717834e-07
2.01538443828e-09	2.88650106484e-07
2.01634735488e-09	4.01891554702e-07
2.01731027148e-09	5.11276384785e-07
2.01827318808e-09	5.94140557197e-07
2.01923610467e-09	6.19551242309e-07
2.02019902127e-09	5.57080005237e-07
2.02116193787e-09	3.86873693969e-07
2.02212485446e-09	1.08393868103e-07
2.02308777106e-09	-2.54722188231e-07
2.02405068766e-09	-6.55472126354e-07
2.02501360426e-09	-1.03039577048e-06
2.02597652085e-09	-1.31146575733e-06
2.02693943745e-09	-1.44048577333e-06
2.02790235405e-09	-1.38272287131e-06
2.02886527065e-09	-1.13638431465e-06
2.02982818724e-09	-7.35339195757e-07
2.03079110384e-09	-2.43971335578e-07
2.03175402044e-09	2.55438123986e-07
2.03271693704e-09	6.80486746063e-07
2.03367985363e-09	9.67438239741e-07
2.03464277023e-09	1.08636123208e-06
2.03560568683e-09	1.04850568228e-06
2.03656860343e-09	9.03233919658e-07
2.03753152002e-09	7.24546985964e-07
2.03849443662e-09	5.90211220342e-07
2.03945735322e-09	5.58747597523e-07
2.04042026981e-09	6.50711486472e-07
2.04138318641e-09	8.39780293305e-07
2.04234610301e-09	1.05664246242e-06
2.04330901961e-09	1.20545792726e-06
2.0442719362e-09	1.18910195113e-06
2.0452348528e-09	9.36778159044e-07
2.0461977694e-09	4.26817752697e-07
2.047160686e-09	-3.01549441417e-07
2.04812360259e-09	-1.15115157939e-06
2.04908651919e-09	-1.98462337053e-06
2.05004943579e-09	-2.65336165661e-06
2.05101235239e-09	-3.03121756851e-06
2.05197526898e-09	-3.04490116321e-06
2.05293818558e-09	-2.69349980186e-06
2.05390110218e-09	-2.0517218644e-06
2.05486401878e-09	-1.25509724214e-06
2.05582693537e-09	-4.69792189151e-07
2.05678985197e-09	1.46186819094e-07
2.05775276857e-09	4.80886278353e-07
2.05871568516e-09	4.95642373366e-07
2.05967860176e-09	2.34203881178e-07
2.06064151836e-09	-1.89284680374e-07
2.06160443496e-09	-6.20760019387e-07
2.06256735155e-09	-9.07169152242e-07
2.06353026815e-09	-9.36690186748e-07
2.06449318475e-09	-6.67108984942e-07
2.06545610135e-09	-1.34603757473e-07
2.06641901794e-09	5.59071908768e-07
2.06738193454e-09	1.27670170436e-06
2.06834485114e-09	1.88352168173e-06
2.06930776774e-09	2.28133923663e-06
2.07027068433e-09	2.42911892379e-06
2.07123360093e-09	2.34501160534e-06
2.07219651753e-09	2.09084160474e-06
2.07315943413e-09	1.74572816647e-06
2.07412235072e-09	1.37864100935e-06
2.07508526732e-09	1.02908827948e-06
2.07604818392e-09	7.0150177045e-07
2.07701110051e-09	3.73787781172e-07
2.07797401711e-09	1.54236357019e-08
2.07893693371e-09	-3.92581547715e-07
2.07989985031e-09	-8.43551870133e-07
2.0808627669e-09	-1.30191384962e-06
2.0818256835e-09	-1.71165077845e-06
2.0827886001e-09	-2.0129514624e-06
2.0837515167e-09	-2.16098272432e-06
2.08471443329e-09	-2.14029500256e-06
2.08567734989e-09	-1.97005698155e-06
2.08664026649e-09	-1.69867459121e-06
2.08760318309e-09	-1.38991887333e-06
2.08856609968e-09	-1.10513387952e-06
2.08952901628e-09	-8.8695113476e-07
2.09049193288e-09	-7.49149842605e-07
2.09145484947e-09	-6.75091904156e-07
2.09241776607e-09	-6.24529000959e-07
2.09338068267e-09	-5.46445505734e-07
2.09434359927e-09	-3.94168802487e-07
2.09530651586e-09	-1.38776686143e-07
2.09626943246e-09	2.22235781777e-07
2.09723234906e-09	6.62692752229e-07
2.09819526566e-09	1.13188966466e-06
2.09915818225e-09	1.56380863636e-06
2.10012109885e-09	1.88929793588e-06
2.10108401545e-09	2.04874754495e-06
2.10204693205e-09	2.00298774367e-06
2.10300984864e-09	1.74080537185e-06
2.10397276524e-09	1.28197342875e-06
2.10493568184e-09	6.75230507952e-07
2.10589859844e-09	-8.55334469918e-09
2.10686151503e-09	-6.87097099217e-07
2.10782443163e-09	-1.27980239029e-06
2.10878734823e-09	-1.72106346241e-06
2.10975026482e-09	-1.97118519196e-06
2.11071318142e-09	-2.0224208086e-06
2.11167609802e-09	-1.89854882748e-06
2.11263901462e-09	-1.64785035395e-06
2.11360193121e-09	-1.33090892973e-06
2.11456484781e-09	-1.0060924911e-06
2.11552776441e-09	-7.16413090629e-07
2.11649068101e-09	-4.81163359822e-07
2.1174535976e-09	-2.94385369415e-07
2.1184165142e-09	-1.30362785455e-07
2.1193794308e-09	4.55736879346e-08
2.1203423474e-09	2.6404009823e-07
2.12130526399e-09	5.39938858068e-07
2.12226818059e-09	8.6517360387e-07
2.12323109719e-09	1.2075433915e-06
2.12419401379e-09	1.51604193199e-06
2.12515693038e-09	1.73130642089e-06
2.12611984698e-09	1.79883878637e-06
2.12708276358e-09	1.68203128226e-06
2.12804568017e-09	1.37209981332e-06
2.12900859677e-09	8.92544498754e-07
2.12997151337e-09	2.96781864861e-07
2.13093442997e-09	-3.40833405943e-07
2.13189734656e-09	-9.38790600813e-07
2.13286026316e-09	-1.42387581548e-06
2.13382317976e-09	-1.74451454171e-06
2.13478609636e-09	-1.87874930013e-06
2.13574901295e-09	-1.83493655292e-06
2.13671192955e-09	-1.64525397572e-06
2.13767484615e-09	-1.35438308391e-06
2.13863776275e-09	-1.00699144667e-06
2.13960067934e-09	-6.37771234935e-07
2.14056359594e-09	-2.66891330369e-07
2.14152651254e-09	9.83462555837e-08
2.14248942914e-09	4.5689432504e-07
2.14345234573e-09	8.05133236526e-07
2.14441526233e-09	1.12932417906e-06
2.14537817893e-09	1.40222536515e-06
2.14634109552e-09	1.58519311988e-06
2.14730401212e-09	1.63549833765e-06
2.14826692872e-09	1.51706967166e-06
2.14922984532e-09	1.21184471702e-06
2.15019276191e-09	7.28748753787e-07
2.15115567851e-09	1.07751620959e-07
2.15211859511e-09	-5.82565727214e-07
2.15308151171e-09	-1.25416894114e-06
2.1540444283e-09	-1.81428115731e-06
2.1550073449e-09	-2.1831392516e-06
2.1559702615e-09	-2.31114545279e-06
2.1569331781e-09	-2.19132687107e-06
2.15789609469e-09	-1.86353592824e-06
2.15885901129e-09	-1.40820608863e-06
2.15982192789e-09	-9.29885636936e-07
2.16078484449e-09	-5.33503595079e-07
2.16174776108e-09	-2.98766922313e-07
2.16271067768e-09	-2.59410793291e-07
2.16367359428e-09	-3.93252488351e-07
2.16463651087e-09	-6.26494895073e-07
2.16559942747e-09	-8.52051886824e-07
2.16656234407e-09	-9.57570996718e-07
2.16752526067e-09	-8.55705468261e-07
2.16848817726e-09	-5.08276849942e-07
2.16945109386e-09	6.23697413715e-08
2.17041401046e-09	7.7795071185e-07
2.17137692706e-09	1.52337485559e-06
2.17233984365e-09	2.17479918518e-06
2.17330276025e-09	2.62862785405e-06
2.17426567685e-09	2.82364273829e-06
2.17522859345e-09	2.75081578138e-06
2.17619151004e-09	2.44929082704e-06
2.17715442664e-09	1.99097178388e-06
2.17811734324e-09	1.45905013937e-06
2.17908025984e-09	9.27041529764e-07
2.18004317643e-09	4.43895054048e-07
2.18100609303e-09	2.81893424159e-08
2.18196900963e-09	-3.28387226745e-07
2.18293192622e-09	-6.50543968916e-07
2.18389484282e-09	-9.6588212628e-07
2.18485775942e-09	-1.29248845404e-06
2.18582067602e-09	-1.63070968462e-06
2.18678359261e-09	-1.96088477189e-06
2.18774650921e-09	-2.24715843267e-06
2.18870942581e-09	-2.44601972277e-06
2.18967234241e-09	-2.51736421752e-06
2.190635259e-09	-2.4354560928e-06
2.1915981756e-09	-2.19705852622e-06
2.1925610922e-09	-1.82472972732e-06
2.1935240088e-09	-1.36421562225e-06
2.19448692539e-09	-8.75946353673e-07
2.19544984199e-09	-4.22470623818e-07
2.19641275859e-09	-5.48339773587e-08
2.19737567519e-09	1.98825047093e-07
2.19833859178e-09	3.39220155965e-07
2.19930150838e-09	3.94413802951e-07
2.20026442498e-09	4.11064009498e-07
2.20122734157e-09	4.40502823551e-07
2.20219025817e-09	5.23325521584e-07
2.20315317477e-09	6.76941638744e-07
2.20411609137e-09	8.89711522234e-07
2.20507900796e-09	1.12354979365e-06
2.20604192456e-09	1.3246246553e-06
2.20700484116e-09	1.43921208462e-06
2.20796775776e-09	1.43015699194e-06
2.20893067435e-09	1.28913647224e-06
2.20989359095e-09	1.04076002394e-06
2.21085650755e-09	7.36877998619e-07
2.21181942415e-09	4.42498345521e-07
2.21278234074e-09	2.17194303431e-07
2.21374525734e-09	9.74092397854e-08
2.21470817394e-09	8.512550842e-08
2.21567109053e-09	1.46558178926e-07
2.21663400713e-09	2.2148344847e-07
2.21759692373e-09	2.40636371274e-07
2.21855984033e-09	1.46114008004e-07
2.21952275692e-09	-9.11430824146e-08
2.22048567352e-09	-4.6178743851e-07
2.22144859012e-09	-9.19022742352e-07
2.22241150672e-09	-1.38942752415e-06
2.22337442331e-09	-1.7902855447e-06
2.22433733991e-09	-2.04866453046e-06
2.22530025651e-09	-2.11738378653e-06
2.22626317311e-09	-1.98428313425e-06
2.2272260897e-09	-1.67329656264e-06
2.2281890063e-09	-1.23795066109e-06
2.2291519229e-09	-7.494305585e-07
2.2301148395e-09	-2.82089837711e-07
2.23107775609e-09	1.00476448495e-07
2.23204067269e-09	3.56065381624e-07
2.23300358929e-09	4.69380655232e-07
2.23396650588e-09	4.51617724551e-07
2.23492942248e-09	3.34448509776e-07
2.23589233908e-09	1.60063718724e-07
2.23685525568e-09	-3.00565741185e-08
2.23781817227e-09	-2.04591259489e-07
2.23878108887e-09	-3.47442455251e-07
2.23974400547e-09	-4.57228116701e-07
2.24070692207e-09	-5.41729589187e-07
2.24166983866e-09	-6.09426821896e-07
2.24263275526e-09	-6.61338029673e-07
2.24359567186e-09	-6.86116630177e-07
2.24455858846e-09	-6.60118343987e-07
2.24552150505e-09	-5.52658477204e-07
2.24648442165e-09	-3.34985116979e-07
2.24744733825e-09	9.65405888564e-09
2.24841025485e-09	4.77487029471e-07
2.24937317144e-09	1.03946555363e-06
2.25033608804e-09	1.64165764538e-06
2.25129900464e-09	2.21092259345e-06
2.25226192123e-09	2.66517209546e-06
2.25322483783e-09	2.92669781565e-06
2.25418775443e-09	2.93610546898e-06
2.25515067103e-09	2.66419973727e-06
2.25611358762e-09	2.11927553728e-06
2.25707650422e-09	1.34781071992e-06
2.25803942082e-09	4.28108617889e-07
2.25900233742e-09	-5.41894994655e-07
2.25996525401e-09	-1.46004982327e-06
2.26092817061e-09	-2.23511440112e-06
2.26189108721e-09	-2.79838047135e-06
2.26285400381e-09	-3.11003370612e-06
2.2638169204e-09	-3.16007340739e-06
2.264779837e-09	-2.96510703457e-06
2.2657427536e-09	-2.56315996694e-06
2.2667056702e-09	-2.0083147021e-06
2.26766858679e-09	-1.36607059176e-06
2.26863150339e-09	-7.09035900215e-07
2.26959441999e-09	-1.117315378e-07
2.27055733658e-09	3.56457698913e-07
2.27152025318e-09	6.40374686611e-07
2.27248316978e-09	7.09170349111e-07
2.27344608638e-09	5.64909699463e-07
2.27440900297e-09	2.4671149923e-07
2.27537191957e-09	-1.72065597326e-07
2.27633483617e-09	-5.94693807088e-07
2.27729775277e-09	-9.18831856822e-07
2.27826066936e-09	-1.05778040371e-06
2.27922358596e-09	-9.60366305591e-07
2.28018650256e-09	-6.24125508608e-07
2.28114941916e-09	-9.78521637052e-08
2.28211233575e-09	5.27664257177e-07
2.28307525235e-09	1.13898624932e-06
2.28403816895e-09	1.62477969923e-06
2.28500108555e-09	1.89950493734e-06
2.28596400214e-09	1.92009284206e-06
2.28692691874e-09	1.69178741238e-06
2.28788983534e-09	1.26254015598e-06
2.28885275193e-09	7.08696038743e-07
2.28981566853e-09	1.16776606163e-07
2.29077858513e-09	-4.3338439859e-07
2.29174150173e-09	-8.80199346298e-07
2.29270441832e-09	-1.18518160619e-06
2.29366733492e-09	-1.33215297282e-06
2.29463025152e-09	-1.32328741387e-06
2.29559316812e-09	-1.17474295536e-06
2.29655608471e-09	-9.13656464263e-07
2.29751900131e-09	-5.76516075768e-07
2.29848191791e-09	-2.07754803583e-07
2.29944483451e-09	1.42958123561e-07
2.3004077511e-09	4.25807668236e-07
2.3013706677e-09	5.98043939704e-07
2.3023335843e-09	6.31767480996e-07
2.3032965009e-09	5.20152781291e-07
2.30425941749e-09	2.80077703252e-07
2.30522233409e-09	-4.99474399618e-08
2.30618525069e-09	-4.16304542838e-07
2.30714816728e-09	-7.59862194499e-07
2.30811108388e-09	-1.02640158239e-06
2.30907400048e-09	-1.17556269252e-06
2.31003691708e-09	-1.18661707482e-06
2.31099983367e-09	-1.06013405166e-06
2.31196275027e-09	-8.15646184371e-07
2.31292566687e-09	-4.86386010579e-07
2.31388858347e-09	-1.12567115629e-07
2.31485150006e-09	2.65256829834e-07
2.31581441666e-09	6.11439258336e-07
2.31677733326e-09	8.98433688334e-07
2.31774024986e-09	1.10795898145e-06
2.31870316645e-09	1.23050870471e-06
2.31966608305e-09	1.26379229037e-06
2.32062899965e-09	1.21061132852e-06
2.32159191624e-09	1.07654496695e-06
2.32255483284e-09	8.67882713251e-07
2.32351774944e-09	5.90289319646e-07
2.32448066604e-09	2.48833536887e-07
2.32544358263e-09	-1.50028812484e-07
2.32640649923e-09	-5.94519338648e-07
2.32736941583e-09	-1.0625858895e-06
2.32833233243e-09	-1.5178667816e-06
2.32929524902e-09	-1.90914761156e-06
2.33025816562e-09	-2.17542342185e-06
2.33122108222e-09	-2.2570507241e-06
2.33218399882e-09	-2.11122431537e-06
2.33314691541e-09	-1.72773139795e-06
2.33410983201e-09	-1.13975226057e-06
2.33507274861e-09	-4.24987478098e-07
2.33603566521e-09	3.05155521296e-07
2.3369985818e-09	9.26895056708e-07
2.3379614984e-09	1.33110746958e-06
2.338924415e-09	1.4490124105e-06
2.33988733159e-09	1.26921134402e-06
2.34085024819e-09	8.41077067548e-07
2.34181316479e-09	2.63388157506e-07
2.34277608139e-09	-3.38836732894e-07
2.34373899798e-09	-8.43109326354e-07
2.34470191458e-09	-1.1562967952e-06
2.34566483118e-09	-1.2327759098e-06
2.34662774778e-09	-1.07988834408e-06
2.34759066437e-09	-7.50366123015e-07
2.34855358097e-09	-3.24830699228e-07
2.34951649757e-09	1.10255623298e-07
2.35047941417e-09	4.83116080474e-07
2.35144233076e-09	7.50648185388e-07
2.35240524736e-09	9.03189040002e-07
2.35336816396e-09	9.60028890162e-07
2.35433108056e-09	9.58039843013e-07
2.35529399715e-09	9.37268991308e-07
2.35625691375e-09	9.27560952491e-07
2.35721983035e-09	9.39484412044e-07
2.35818274694e-09	9.61437010005e-07
2.35914566354e-09	9.63179457081e-07
2.36010858014e-09	9.04542099889e-07
2.36107149674e-09	7.47114508926e-07
2.36203441333e-09	4.66208875949e-07
2.36299732993e-09	6.02568324126e-08
2.36396024653e-09	-4.44729387539e-07
2.36492316313e-09	-9.97001727399e-07
2.36588607972e-09	-1.52734257775e-06
2.36684899632e-09	-1.96235371241e-06
2.36781191292e-09	-2.2398036652e-06
2.36877482952e-09	-2.32223854546e-06
2.36973774611e-09	-2.20520259298e-06
2.37070066271e-09	-1.9176201107e-06
2.37166357931e-09	-1.51413746607e-06
2.37262649591e-09	-1.06151620116e-06
2.3735894125e-09	-6.23055923299e-07
2.3745523291e-09	-2.45654522502e-07
2.3755152457e-09	4.69766874289e-08
2.37647816229e-09	2.53556243557e-07
2.37744107889e-09	3.88111919492e-07
2.37840399549e-09	4.69838218109e-07
2.37936691209e-09	5.14009691699e-07
2.38032982868e-09	5.27191138744e-07
2.38129274528e-09	5.08105056696e-07
2.38225566188e-09	4.53151923097e-07
2.38321857848e-09	3.63737870046e-07
2.38418149507e-09	2.52010973867e-07
2.38514441167e-09	1.42303308692e-07
2.38610732827e-09	6.72394548928e-08
2.38707024487e-09	5.94333471327e-08
2.38803316146e-09	1.41333645232e-07
2.38899607806e-09	3.1651037169e-07
2.38995899466e-09	5.65188713608e-07
2.39092191126e-09	8.45641340064e-07
2.39188482785e-09	1.10141760246e-06
2.39284774445e-09	1.27278809536e-06
2.39381066105e-09	1.3096720437e-06
2.39477357764e-09	1.18294809681e-06
2.39573649424e-09	8.91533190384e-07
2.39669941084e-09	4.63742228618e-07
2.39766232744e-09	-4.72603947088e-08
2.39862524403e-09	-5.72828135148e-07
2.39958816063e-09	-1.04090160846e-06
2.40055107723e-09	-1.38845649822e-06
2.40151399383e-09	-1.57221578867e-06
2.40247691042e-09	-1.57583972005e-06
2.40343982702e-09	-1.41264871267e-06
2.40440274362e-09	-1.12369560412e-06
2.40536566022e-09	-7.71289268897e-07
2.40632857681e-09	-4.28577857647e-07
2.40729149341e-09	-1.66555610193e-07
2.40825441001e-09	-4.03793691817e-08
2.40921732661e-09	-7.74593971187e-08
2.4101802432e-09	-2.70191968355e-07
2.4111431598e-09	-5.75690386029e-07
2.4121060764e-09	-9.23553269416e-07
2.41306899299e-09	-1.23074359237e-06
2.41403190959e-09	-1.42046486928e-06
2.41499482619e-09	-1.44042864036e-06
2.41595774279e-09	-1.27558632101e-06
2.41692065938e-09	-9.51568795315e-07
2.41788357598e-09	-5.27691444319e-07
2.41884649258e-09	-8.12832823271e-08
2.41980940918e-09	3.12320146634e-07
2.42077232577e-09	5.98304835009e-07
2.42173524237e-09	7.54257129643e-07
2.42269815897e-09	7.92391082527e-07
2.42366107557e-09	7.51924634557e-07
2.42462399216e-09	6.84488954406e-07
2.42558690876e-09	6.37480381371e-07
2.42654982536e-09	6.40434004495e-07
2.42751274196e-09	6.98294613244e-07
2.42847565855e-09	7.93030686452e-07
2.42943857515e-09	8.92137151709e-07
2.43040149175e-09	9.60582475784e-07
2.43136440834e-09	9.71998829868e-07
2.43232732494e-09	9.15392897483e-07
2.43329024154e-09	7.9573345424e-07
2.43425315814e-09	6.29229196747e-07
2.43521607473e-09	4.35822050449e-07
2.43617899133e-09	2.32200019212e-07
2.43714190793e-09	2.81047984885e-08
2.43810482453e-09	-1.72929903286e-07
2.43906774112e-09	-3.69446432558e-07
2.44003065772e-09	-5.57048355887e-07
2.44099357432e-09	-7.25225079989e-07
2.44195649092e-09	-8.57945027022e-07
2.44291940751e-09	-9.38266474293e-07
2.44388232411e-09	-9.55211795883e-07
2.44484524071e-09	-9.10012211364e-07
2.4458081573e-09	-8.19005455455e-07
2.4467710739e-09	-7.11505752093e-07
2.4477339905e-09	-6.22714745546e-07
2.4486969071e-09	-5.83749871552e-07
2.44965982369e-09	-6.12028541624e-07
2.45062274029e-09	-7.0502749594e-07
2.45158565689e-09	-8.39497429794e-07
2.45254857349e-09	-9.76653915075e-07
2.45351149008e-09	-1.07190394338e-06
2.45447440668e-09	-1.08632481322e-06
2.45543732328e-09	-9.96726445379e-07
2.45640023988e-09	-8.01575595233e-07
2.45736315647e-09	-5.21319746483e-07
2.45832607307e-09	-1.93331285203e-07
2.45928898967e-09	1.36911694426e-07
2.46025190627e-09	4.25833583506e-07
2.46121482286e-09	6.40276542896e-07
2.46217773946e-09	7.62671826138e-07
2.46314065606e-09	7.92025879548e-07
2.46410357265e-09	7.41083418632e-07
2.46506648925e-09	6.31195527845e-07
2.46602940585e-09	4.86703967795e-07
2.46699232245e-09	3.30285718775e-07
2.46795523904e-09	1.80137899264e-07
2.46891815564e-09	4.91516445322e-08
2.46988107224e-09	-5.4502651281e-08
2.47084398884e-09	-1.26250146337e-07
2.47180690543e-09	-1.64018713278e-07
2.47276982203e-09	-1.67618106062e-07
2.47373273863e-09	-1.38837833674e-07
2.47469565523e-09	-8.19854246714e-08
2.47565857182e-09	-4.5328611975e-09
2.47662148842e-09	8.24006871625e-08
2.47758440502e-09	1.64240921308e-07
2.47854732162e-09	2.24270321425e-07
2.47951023821e-09	2.46196352194e-07
2.48047315481e-09	2.1785433546e-07
2.48143607141e-09	1.35359968567e-07
2.482398988e-09	6.36855546077e-09
2.4833619046e-09	-1.49099724567e-07
2.4843248212e-09	-3.01389421864e-07
2.4852877378e-09	-4.17648868378e-07
2.48625065439e-09	-4.70835601618e-07
2.48721357099e-09	-4.48726400037e-07
2.48817648759e-09	-3.59648796078e-07
2.48913940419e-09	-2.32468112316e-07
2.49010232078e-09	-1.0992529198e-07
2.49106523738e-09	-3.64387400253e-08
2.49202815398e-09	-4.39246452544e-08
2.49299107058e-09	-1.4030780715e-07
2.49395398717e-09	-3.04633147152e-07
2.49491690377e-09	-4.90971110878e-07
2.49587982037e-09	-6.40550631203e-07
2.49684273697e-09	-6.98535641774e-07
2.49780565356e-09	-6.30440093019e-07
2.49876857016e-09	-4.33247224763e-07
2.49973148676e-09	-1.37848309656e-07
2.50069440335e-09	1.97665187329e-07
2.50165731995e-09	5.0171586885e-07
2.50262023655e-09	7.05974532167e-07
2.50358315315e-09	7.60494652141e-07
2.50454606974e-09	6.4366501995e-07
2.50550898634e-09	3.65328338248e-07
2.50647190294e-09	-3.6606079945e-08
2.50743481954e-09	-5.04236655985e-07
2.50839773613e-09	-9.69985984867e-07
2.50936065273e-09	-1.36693968855e-06
2.51032356933e-09	-1.63778248918e-06
2.51128648593e-09	-1.74176738099e-06
2.51224940252e-09	-1.6596020469e-06
2.51321231912e-09	-1.39608276051e-06
2.51417523572e-09	-9.80102649706e-07
2.51513815232e-09	-4.61570520471e-07
2.51610106891e-09	9.50427043733e-08
2.51706398551e-09	6.20123033812e-07
2.51802690211e-09	1.04994213324e-06
2.5189898187e-09	1.33713382233e-06
2.5199527353e-09	1.45827205955e-06
2.5209156519e-09	1.41671372411e-06
2.5218785685e-09	1.23983509503e-06
2.52284148509e-09	9.71309146891e-07
2.52380440169e-09	6.60557240906e-07
2.52476731829e-09	3.52079833732e-07
2.52573023489e-09	7.72466339782e-08
2.52669315148e-09	-1.49365025237e-07
2.52765606808e-09	-3.28513145575e-07
2.52861898468e-09	-4.7072269993e-07
2.52958190128e-09	-5.88427669257e-07
2.53054481787e-09	-6.88381359026e-07
2.53150773447e-09	-7.66887019665e-07
2.53247065107e-09	-8.09304722793e-07
2.53343356767e-09	-7.94074049182e-07
2.53439648426e-09	-7.00252307695e-07
2.53535940086e-09	-5.1632864384e-07
2.53632231746e-09	-2.47611122717e-07
2.53728523405e-09	8.01241561987e-08
2.53824815065e-09	4.22100431052e-07
2.53921106725e-09	7.21151927507e-07
2.54017398385e-09	9.18075768297e-07
2.54113690044e-09	9.63435331514e-07
2.54209981704e-09	8.28240322548e-07
2.54306273364e-09	5.11193034569e-07
2.54402565024e-09	4.10888656432e-08
2.54498856683e-09	-5.25990614619e-07
2.54595148343e-09	-1.11417580584e-06
2.54691440003e-09	-1.63884040916e-06
2.54787731663e-09	-2.01945685063e-06
2.54884023322e-09	-2.19235009524e-06
2.54980314982e-09	-2.12151138435e-06
2.55076606642e-09	-1.80572681963e-06
2.55172898302e-09	-1.2806028078e-06
2.55269189961e-09	-6.14702848623e-07
2.55365481621e-09	1.00074565523e-07
2.55461773281e-09	7.62631119144e-07
2.5555806494e-09	1.2791141053e-06
2.556543566e-09	1.57878952223e-06
2.5575064826e-09	1.62630575318e-06
2.5584693992e-09	1.42790985258e-06
2.55943231579e-09	1.03027845277e-06
2.56039523239e-09	5.12078985437e-07
2.56135814899e-09	-3.0148276764e-08
2.56232106559e-09	-4.991346092e-07
2.56328398218e-09	-8.14005517213e-07
2.56424689878e-09	-9.24436605487e-07
2.56520981538e-09	-8.19280408848e-07
2.56617273198e-09	-5.28194913585e-07
2.56713564857e-09	-1.1612185169e-07
2.56809856517e-09	3.28713873898e-07
2.56906148177e-09	7.11525583341e-07
2.57002439836e-09	9.4937867523e-07
2.57098731496e-09	9.87923964857e-07
2.57195023156e-09	8.13226863627e-07
2.57291314816e-09	4.55811756339e-07
2.57387606475e-09	-1.44815572867e-08
2.57483898135e-09	-5.02248070688e-07
2.57580189795e-09	-9.06419657554e-07
2.57676481455e-09	-1.14203971791e-06
2.57772773114e-09	-1.15886033036e-06
2.57869064774e-09	-9.52447086533e-07
2.57965356434e-09	-5.65089544935e-07
2.58061648094e-09	-7.62418199685e-08
2.58157939753e-09	4.14966255136e-07
2.58254231413e-09	8.10769016368e-07
2.58350523073e-09	1.03437202448e-06
2.58446814733e-09	1.04368610288e-06
2.58543106392e-09	8.36546837135e-07
2.58639398052e-09	4.47179933971e-07
2.58735689712e-09	-6.41568647097e-08
2.58831981371e-09	-6.25012500421e-07
2.58928273031e-09	-1.16429024644e-06
2.59024564691e-09	-1.62244545976e-06
2.59120856351e-09	-1.95679246673e-06
2.5921714801e-09	-2.14207439697e-06
2.5931343967e-09	-2.16785034368e-06
2.5940973133e-09	-2.03496703755e-06
2.5950602299e-09	-1.75314528228e-06
2.59602314649e-09	-1.34068133839e-06
2.59698606309e-09	-8.25942509053e-07
2.59794897969e-09	-2.49141459463e-07
2.59891189629e-09	3.37715896137e-07
2.59987481288e-09	8.74463479406e-07
2.60083772948e-09	1.3004851187e-06
2.60180064608e-09	1.56537417872e-06
2.60276356268e-09	1.64000147684e-06
2.60372647927e-09	1.52469212011e-06
2.60468939587e-09	1.25163376019e-06
2.60565231247e-09	8.80071503673e-07
2.60661522906e-09	4.84824209224e-07
2.60757814566e-09	1.40717771657e-07
2.60854106226e-09	-9.32082482308e-08
2.60950397886e-09	-1.85825483001e-07
2.61046689545e-09	-1.39347564598e-07
2.61142981205e-09	1.3118236275e-08
2.61239272865e-09	2.16922041218e-07
2.61335564525e-09	4.09557294745e-07
2.61431856184e-09	5.35164804916e-07
2.61528147844e-09	5.56423755071e-07
2.61624439504e-09	4.61398746765e-07
2.61720731164e-09	2.64197380417e-07
2.61817022823e-09	-1.92168059243e-10
2.61913314483e-09	-2.851344032e-07
2.62009606143e-09	-5.43290177291e-07
2.62105897803e-09	-7.36756913255e-07
2.62202189462e-09	-8.44147256984e-07
2.62298481122e-09	-8.63286325981e-07
2.62394772782e-09	-8.09307017846e-07
2.62491064441e-09	-7.08911503722e-07
2.62587356101e-09	-5.92515945641e-07
2.62683647761e-09	-4.86459940774e-07
2.62779939421e-09	-4.07294818316e-07
2.6287623108e-09	-3.59527440708e-07
2.6297252274e-09	-3.37173077014e-07
2.630688144e-09	-3.28355328705e-07
2.6316510606e-09	-3.21221120814e-07
2.63261397719e-09	-3.09105306684e-07
2.63357689379e-09	-2.93280827179e-07
2.63453981039e-09	-2.82294340792e-07
2.63550272699e-09	-2.87945672639e-07
2.63646564358e-09	-3.19365566881e-07
2.63742856018e-09	-3.77300370502e-07
2.63839147678e-09	-4.50680357034e-07
2.63935439338e-09	-5.17151669044e-07
2.64031730997e-09	-5.47971442444e-07
2.64128022657e-09	-5.16164460507e-07
2.64224314317e-09	-4.05816964033e-07
2.64320605976e-09	-2.19627489528e-07
2.64416897636e-09	1.7992139334e-08
2.64513189296e-09	2.63587073945e-07
2.64609480956e-09	4.62992629124e-07
2.64705772615e-09	5.63752237781e-07
2.64802064275e-09	5.28554782164e-07
2.64898355935e-09	3.46233019144e-07
2.64994647595e-09	3.74648596591e-08
2.65090939254e-09	-3.46587883726e-07
2.65187230914e-09	-7.32823529859e-07
2.65283522574e-09	-1.04020895719e-06
2.65379814234e-09	-1.19627752682e-06
2.65476105893e-09	-1.1525133683e-06
2.65572397553e-09	-8.95029989678e-07
2.65668689213e-09	-4.48027826394e-07
2.65764980873e-09	1.30696475864e-07
2.65861272532e-09	7.61128505999e-07
2.65957564192e-09	1.35650314981e-06
2.66053855852e-09	1.83900074013e-06
2.66150147511e-09	2.15200827824e-06
2.66246439171e-09	2.26641107304e-06
2.66342730831e-09	2.18022609211e-06
2.66439022491e-09	1.91294681606e-06
2.6653531415e-09	1.49738387911e-06
2.6663160581e-09	9.71975824271e-07
2.6672789747e-09	3.75910735428e-07
2.6682418913e-09	-2.52118615762e-07
2.66920480789e-09	-8.72568175936e-07
2.67016772449e-09	-1.44320299356e-06
2.67113064109e-09	-1.91898418933e-06
2.67209355769e-09	-2.25535077725e-06
2.67305647428e-09	-2.41506706544e-06
2.67401939088e-09	-2.37703084416e-06
2.67498230748e-09	-2.14454034975e-06
2.67594522407e-09	-1.75013897596e-06
2.67690814067e-09	-1.2545169028e-06
2.67787105727e-09	-7.38573060488e-07
2.67883397387e-09	-2.89467356751e-07
2.67979689046e-09	1.69359903879e-08
2.68075980706e-09	1.33301116811e-07
2.68172272366e-09	5.34022550625e-08
2.68268564026e-09	-1.83524335284e-07
2.68364855685e-09	-4.98758842227e-07
2.68461147345e-09	-7.90018480856e-07
2.68557439005e-09	-9.54212133308e-07
2.68653730665e-09	-9.12089888061e-07
2.68750022324e-09	-6.28790218116e-07
2.68846313984e-09	-1.24788567035e-07
2.68942605644e-09	5.25878228075e-07
2.69038897304e-09	1.21015129473e-06
2.69135188963e-09	1.79999103267e-06
2.69231480623e-09	2.18002989705e-06
2.69327772283e-09	2.27217862125e-06
2.69424063942e-09	2.05140519505e-06
2.69520355602e-09	1.54933322882e-06
2.69616647262e-09	8.45758407308e-07
2.69712938922e-09	5.11048110496e-08
2.69809230581e-09	-7.15372673099e-07
2.69905522241e-09	-1.34640215599e-06
2.70001813901e-09	-1.76250049044e-06
2.70098105561e-09	-1.92082805128e-06
2.7019439722e-09	-1.81717619974e-06
2.7029068888e-09	-1.48253546328e-06
2.7038698054e-09	-9.7605140148e-07
2.704832722e-09	-3.75888408399e-07
2.70579563859e-09	2.31140852236e-07
2.70675855519e-09	7.60797160382e-07
2.70772147179e-09	1.14276864949e-06
2.70868438839e-09	1.33084541076e-06
2.70964730498e-09	1.31006200377e-06
2.71061022158e-09	1.09877093557e-06
2.71157313818e-09	7.44488179549e-07
2.71253605477e-09	3.13914588546e-07
2.71349897137e-09	-1.20778944179e-07
2.71446188797e-09	-4.95881078422e-07
2.71542480457e-09	-7.66718978085e-07
2.71638772116e-09	-9.12629825933e-07
2.71735063776e-09	-9.35841054428e-07
2.71831355436e-09	-8.55787117615e-07
2.71927647096e-09	-7.01752021826e-07
2.72023938755e-09	-5.06595920768e-07
2.72120230415e-09	-3.03178936178e-07
2.72216522075e-09	-1.23384115369e-07
2.72312813735e-09	1.99575822535e-09
2.72409105394e-09	4.45630963242e-08
2.72505397054e-09	-1.78529493411e-08
2.72601688714e-09	-1.94867163295e-07
2.72697980374e-09	-4.76727930021e-07
2.72794272033e-09	-8.3013171448e-07
2.72890563693e-09	-1.19938555088e-06
2.72986855353e-09	-1.51432024609e-06
2.73083147012e-09	-1.70407508548e-06
2.73179438672e-09	-1.71346585631e-06
2.73275730332e-09	-1.51736566778e-06
2.73372021992e-09	-1.12864334767e-06
2.73468313651e-09	-5.96856015278e-07
2.73564605311e-09	2.31745111989e-09
2.73660896971e-09	5.84127070269e-07
2.73757188631e-09	1.07356368861e-06
2.7385348029e-09	1.42066371644e-06
2.7394977195e-09	1.60820048478e-06
2.7404606361e-09	1.65024707321e-06
2.7414235527e-09	1.58285188512e-06
2.74238646929e-09	1.45028202247e-06
2.74334938589e-09	1.29143036709e-06
2.74431230249e-09	1.13041107319e-06
2.74527521909e-09	9.73509854063e-07
2.74623813568e-09	8.12382079829e-07
2.74720105228e-09	6.31449289301e-07
2.74816396888e-09	4.16407999637e-07
2.74912688547e-09	1.61029122481e-07
2.75008980207e-09	-1.29595788323e-07
2.75105271867e-09	-4.39644958661e-07
2.75201563527e-09	-7.45871991725e-07
2.75297855186e-09	-1.02214738007e-06
2.75394146846e-09	-1.24390836653e-06
2.75490438506e-09	-1.39166227697e-06
2.75586730166e-09	-1.45344034053e-06
2.75683021825e-09	-1.42645445678e-06
2.75779313485e-09	-1.31796735303e-06
2.75875605145e-09	-1.14510666727e-06
2.75971896805e-09	-9.33148410098e-07
2.76068188464e-09	-7.11820565158e-07
2.76164480124e-09	-5.09850723418e-07
2.76260771784e-09	-3.48828862684e-07
2.76357063444e-09	-2.38065695157e-07
2.76453355103e-09	-1.72328723735e-07
2.76549646763e-09	-1.33659881385e-07
2.76645938423e-09	-9.71579066089e-08
2.76742230082e-09	-3.93004100374e-08
2.76838521742e-09	5.37032462944e-08
2.76934813402e-09	1.8032339355e-07
2.77031105062e-09	3.22823467513e-07
2.77127396721e-09	4.51557433223e-07
2.77223688381e-09	5.33307291661e-07
2.77319980041e-09	5.41136802923e-07
2.77416271701e-09	4.62669257573e-07
2.7751256336e-09	3.04183828348e-07
2.7760885502e-09	8.93207978692e-08
2.7770514668e-09	-1.47104383785e-07
2.7780143834e-09	-3.68134342565e-07
2.77897729999e-09	-5.43634033789e-07
2.77994021659e-09	-6.56461631721e-07
2.78090313319e-09	-7.04177596234e-07
2.78186604979e-09	-6.96208957152e-07
2.78282896638e-09	-6.48028919414e-07
2.78379188298e-09	-5.74701312317e-07
2.78475479958e-09	-4.86070467431e-07
2.78571771617e-09	-3.8517040224e-07
2.78668063277e-09	-2.69951259568e-07
2.78764354937e-09	-1.37103006281e-07
2.78860646597e-09	1.3881606975e-08
2.78956938256e-09	1.78259284667e-07
2.79053229916e-09	3.46219081848e-07
2.79149521576e-09	5.05469245127e-07
2.79245813236e-09	6.45025522772e-07
2.79342104895e-09	7.58487134433e-07
2.79438396555e-09	8.45250612613e-07
2.79534688215e-09	9.09029042262e-07
2.79630979875e-09	9.54193597025e-07
2.79727271534e-09	9.81376322429e-07
2.79823563194e-09	9.84220202227e-07
2.79919854854e-09	9.48762371777e-07
2.80016146513e-09	8.56029013008e-07
2.80112438173e-09	6.87344844152e-07
2.80208729833e-09	4.30773775761e-07
2.80305021493e-09	8.66550351475e-08
2.80401313152e-09	-3.29434348245e-07
2.80497604812e-09	-7.87229126331e-07
2.80593896472e-09	-1.24572822457e-06
2.80690188132e-09	-1.65939287733e-06
2.80786479791e-09	-1.98503553328e-06
2.80882771451e-09	-2.1879114982e-06
2.80979063111e-09	-2.24604275445e-06
2.81075354771e-09	-2.15252843816e-06
2.8117164643e-09	-1.91604129363e-06
2.8126793809e-09	-1.55993902595e-06
2.8136422975e-09	-1.120343887e-06
2.8146052141e-09	-6.43154743685e-07
2.81556813069e-09	-1.79720828442e-07
2.81653104729e-09	2.1900749303e-07
2.81749396389e-09	5.0959064346e-07
2.81845688048e-09	6.63581142035e-07
2.81941979708e-09	6.73912976978e-07
2.82038271368e-09	5.58334679823e-07
2.82134563028e-09	3.58168826153e-07
2.82230854687e-09	1.31648610235e-07
2.82327146347e-09	-5.74686076504e-08
2.82423438007e-09	-1.53923423341e-07
2.82519729667e-09	-1.24354025743e-07
2.82616021326e-09	3.36249463828e-08
2.82712312986e-09	2.89509184626e-07
2.82808604646e-09	5.86279476522e-07
2.82904896306e-09	8.53886987784e-07
2.83001187965e-09	1.02648682976e-06
2.83097479625e-09	1.05891357727e-06
2.83193771285e-09	9.37934917289e-07
2.83290062945e-09	6.8518169094e-07
2.83386354604e-09	3.51152252165e-07
2.83482646264e-09	2.22002327632e-09
2.83578937924e-09	-2.95632489156e-07
2.83675229583e-09	-4.91929483815e-07
2.83771521243e-09	-5.61948809263e-07
2.83867812903e-09	-5.10075302884e-07
2.83964104563e-09	-3.66148157127e-07
2.84060396222e-09	-1.76435244192e-07
2.84156687882e-09	8.00967114856e-09
2.84252979542e-09	1.42787525803e-07
2.84349271202e-09	1.99108722398e-07
2.84445562861e-09	1.68723603977e-07
2.84541854521e-09	6.4232303032e-08
2.84638146181e-09	-8.49852828111e-08
2.84734437841e-09	-2.40258398954e-07
2.848307295e-09	-3.63055697505e-07
2.8492702116e-09	-4.24559457812e-07
2.8502331282e-09	-4.13267553512e-07
2.8511960448e-09	-3.38735283378e-07
2.85215896139e-09	-2.30349387564e-07
2.85312187799e-09	-1.30996088643e-07
2.85408479459e-09	-8.67418243899e-08
2.85504771118e-09	-1.3479770633e-07
2.85601062778e-09	-2.9270019386e-07
2.85697354438e-09	-5.51605602084e-07
2.85793646098e-09	-8.75624014185e-07
2.85889937757e-09	-1.20765069234e-06
2.85986229417e-09	-1.48070520289e-06
2.86082521077e-09	-1.63235851325e-06
2.86178812737e-09	-1.61885964012e-06
2.86275104396e-09	-1.42562555361e-06
2.86371396056e-09	-1.07168859209e-06
2.86467687716e-09	-6.06990385066e-07
2.86563979376e-09	-1.02941775992e-07
2.86660271035e-09	3.61752759304e-07
2.86756562695e-09	7.16952243351e-07
2.86852854355e-09	9.15179334982e-07
2.86949146015e-09	9.40978058139e-07
2.87045437674e-09	8.13591080728e-07
2.87141729334e-09	5.82344117817e-07
2.87238020994e-09	3.15706605747e-07
2.87334312653e-09	8.6464105209e-08
2.87430604313e-09	-4.37150671218e-08
2.87526895973e-09	-3.70359014568e-08
2.87623187633e-09	1.13063752138e-07
2.87719479292e-09	3.81433260088e-07
2.87815770952e-09	7.17441846376e-07
2.87912062612e-09	1.05613613322e-06
2.88008354272e-09	1.33142546765e-06
2.88104645931e-09	1.48829106372e-06
2.88200937591e-09	1.49156254281e-06
2.88297229251e-09	1.32987660351e-06
2.88393520911e-09	1.01495822236e-06
2.8848981257e-09	5.77446476413e-07
2.8858610423e-09	6.09064834123e-08
2.8868239589e-09	-4.8440542777e-07
2.8877868755e-09	-1.00712546747e-06
2.88874979209e-09	-1.45957846343e-06
2.88971270869e-09	-1.802005972e-06
2.89067562529e-09	-2.00644895543e-06
2.89163854188e-09	-2.06013068471e-06
2.89260145848e-09	-1.96754784199e-06
2.89356437508e-09	-1.75026466565e-06
2.89452729168e-09	-1.44375193756e-06
2.89549020827e-09	-1.09131812032e-06
2.89645312487e-09	-7.36207569574e-07
2.89741604147e-09	-4.13821650724e-07
2.89837895807e-09	-1.46208911644e-07
2.89934187466e-09	5.95421383309e-08
2.90030479126e-09	2.08603609053e-07
2.90126770786e-09	3.12558968929e-07
2.90223062446e-09	3.82615059635e-07
2.90319354105e-09	4.24438844959e-07
2.90415645765e-09	4.36603922793e-07
2.90511937425e-09	4.13196719506e-07
2.90608229085e-09	3.49407208944e-07
2.90704520744e-09	2.47604045711e-07
2.90800812404e-09	1.21154622335e-07
2.90897104064e-09	-6.06476113774e-09
2.90993395723e-09	-1.04962628811e-07
2.91089687383e-09	-1.49820799322e-07
2.91185979043e-09	-1.27299237818e-07
2.91282270703e-09	-4.25675796834e-08
2.91378562362e-09	8.0043319528e-08
2.91474854022e-09	2.02618494427e-07
2.91571145682e-09	2.84175879273e-07
2.91667437342e-09	2.93157913944e-07
2.91763729001e-09	2.17973722627e-07
2.91860020661e-09	7.21093016409e-08
2.91956312321e-09	-1.07942000227e-07
2.92052603981e-09	-2.71633632032e-07
2.9214889564e-09	-3.67946809021e-07
2.922451873e-09	-3.59768543845e-07
2.9234147896e-09	-2.35052766584e-07
2.92437770619e-09	-1.170377395e-08
2.92534062279e-09	2.65262910304e-07
2.92630353939e-09	5.33580903905e-07
2.92726645599e-09	7.28073787926e-07
2.92822937258e-09	7.95976218271e-07
2.92919228918e-09	7.09468405802e-07
2.93015520578e-09	4.72402113871e-07
2.93111812238e-09	1.19828552414e-07
2.93208103897e-09	-2.89527850583e-07
2.93304395557e-09	-6.86099671299e-07
2.93400687217e-09	-1.00449591223e-06
2.93496978877e-09	-1.19731151749e-06
2.93593270536e-09	-1.24458384398e-06
2.93689562196e-09	-1.15659318034e-06
2.93785853856e-09	-9.69501758874e-07
2.93882145516e-09	-7.35099382254e-07
2.93978437175e-09	-5.07226930679e-07
2.94074728835e-09	-3.28497559821e-07
2.94171020495e-09	-2.20841398502e-07
2.94267312154e-09	-1.82220782463e-07
2.94363603814e-09	-1.90224860752e-07
2.94459895474e-09	-2.11219553847e-07
2.94556187134e-09	-2.12235827135e-07
2.94652478793e-09	-1.72119746011e-07
2.94748770453e-09	-8.86117792476e-08
2.94845062113e-09	2.067219107e-08
2.94941353773e-09	1.23566154642e-07
2.95037645432e-09	1.83496490891e-07
2.95133937092e-09	1.71526457038e-07
2.95230228752e-09	7.67248540257e-08
2.95326520412e-09	-8.82464554763e-08
2.95422812071e-09	-2.88164059725e-07
2.95519103731e-09	-4.73029666992e-07
2.95615395391e-09	-5.90724642535e-07
2.95711687051e-09	-6.01084037655e-07
2.9580797871e-09	-4.87447175956e-07
2.9590427037e-09	-2.62268091689e-07
2.9600056203e-09	3.50781270697e-08
2.96096853689e-09	3.47878032159e-07
2.96193145349e-09	6.16288478028e-07
2.96289437009e-09	7.92105698366e-07
2.96385728669e-09	8.4998091765e-07
2.96482020328e-09	7.91961525692e-07
2.96578311988e-09	6.44339023026e-07
2.96674603648e-09	4.48287467592e-07
2.96770895308e-09	2.47513289864e-07
2.96867186967e-09	7.66204628633e-08
2.96963478627e-09	-4.65702818531e-08
2.97059770287e-09	-1.22855013274e-07
2.97156061947e-09	-1.67751380786e-07
2.97252353606e-09	-2.03726779446e-07
2.97348645266e-09	-2.51212675551e-07
2.97444936926e-09	-3.21169972395e-07
2.97541228586e-09	-4.11363165753e-07
2.97637520245e-09	-5.07269914962e-07
2.97733811905e-09	-5.87107697569e-07
2.97830103565e-09	-6.29235403338e-07
2.97926395224e-09	-6.19603863328e-07
2.98022686884e-09	-5.56915262351e-07
2.98118978544e-09	-4.53701934688e-07
2.98215270204e-09	-3.32826113336e-07
2.98311561863e-09	-2.20419609676e-07
2.98407853523e-09	-1.37461121597e-07
2.98504145183e-09	-9.28465215821e-08
2.98600436843e-09	-8.05112048141e-08
2.98696728502e-09	-8.19196550594e-08
2.98793020162e-09	-7.34617913167e-08
2.98889311822e-09	-3.64709435985e-08
2.98985603482e-09	3.35470495827e-08
2.99081895141e-09	1.21878796833e-07
2.99178186801e-09	1.96063954405e-07
2.99274478461e-09	2.14054796999e-07
2.99370770121e-09	1.37058238536e-07
2.9946706178e-09	-5.65453177614e-08
2.9956335344e-09	-3.6053407193e-07
2.996596451e-09	-7.36969063553e-07
2.99755936759e-09	-1.12080982717e-06
2.99852228419e-09	-1.43247186379e-06
2.99948520079e-09	-1.59545245815e-06
3.00044811739e-09	-1.55464268836e-06
3.00141103398e-09	-1.29083129075e-06
3.00237395058e-09	-8.27678361404e-07
3.00333686718e-09	-2.29131103424e-07
3.00429978378e-09	4.12220689583e-07
3.00526270037e-09	9.9330135761e-07
3.00622561697e-09	1.42122831903e-06
3.00718853357e-09	1.63183391955e-06
3.00815145017e-09	1.60196763765e-06
3.00911436676e-09	1.35293401726e-06
3.01007728336e-09	9.44479566556e-07
3.01104019996e-09	4.61013518915e-07
3.01200311656e-09	-6.65215438289e-09
3.01296603315e-09	-3.79847858056e-07
3.01392894975e-09	-6.06705738093e-07
3.01489186635e-09	-6.69949985266e-07
3.01585478294e-09	-5.86603663422e-07
3.01681769954e-09	-4.00325069094e-07
3.01778061614e-09	-1.68816789881e-07
3.01874353274e-09	5.02924972778e-08
3.01970644933e-09	2.11704032083e-07
3.02066936593e-09	2.90208717502e-07
3.02163228253e-09	2.82646526628e-07
3.02259519913e-09	2.04372343049e-07
3.02355811572e-09	8.18889969167e-08
3.02452103232e-09	-5.5982738445e-08
3.02548394892e-09	-1.85861129154e-07
3.02644686552e-09	-2.94503481157e-07
3.02740978211e-09	-3.79579510934e-07
3.02837269871e-09	-4.46846767588e-07
3.02933561531e-09	-5.05090687497e-07
3.03029853191e-09	-5.60796793891e-07
3.0312614485e-09	-6.14517102093e-07
3.0322243651e-09	-6.60203030023e-07
3.0331872817e-09	-6.87656896758e-07
3.03415019829e-09	-6.87062941651e-07
3.03511311489e-09	-6.53806598194e-07
3.03607603149e-09	-5.91646205805e-07
3.03703894809e-09	-5.12764918525e-07
3.03800186468e-09	-4.34437213315e-07
3.03896478128e-09	-3.73364894557e-07
3.03992769788e-09	-3.39613192679e-07
3.04089061448e-09	-3.32375485357e-07
3.04185353107e-09	-3.39263769078e-07
3.04281644767e-09	-3.39563349883e-07
3.04377936427e-09	-3.10470969822e-07
3.04474228087e-09	-2.34346666517e-07
3.04570519746e-09	-1.04630156983e-07
3.04666811406e-09	7.14960801673e-08
3.04763103066e-09	2.74410430379e-07
3.04859394725e-09	4.76698030383e-07
3.04955686385e-09	6.49530264241e-07
3.05051978045e-09	7.68754961911e-07
3.05148269705e-09	8.18993310503e-07
3.05244561364e-09	7.94976251939e-07
3.05340853024e-09	7.00340889281e-07
3.05437144684e-09	5.44993286056e-07
3.05533436344e-09	3.42460490188e-07
3.05629728003e-09	1.08242564245e-07
3.05726019663e-09	-1.40482482536e-07
3.05822311323e-09	-3.84192743397e-07
3.05918602983e-09	-6.0046073358e-07
3.06014894642e-09	-7.64705681888e-07
3.06111186302e-09	-8.52937869666e-07
3.06207477962e-09	-8.46368626739e-07
3.06303769622e-09	-7.36919128386e-07
3.06400061281e-09	-5.31938411541e-07
3.06496352941e-09	-2.56277470356e-07
3.06592644601e-09	4.95992615868e-08
3.0668893626e-09	3.35744845259e-07
3.0678522792e-09	5.52070948956e-07
3.0688151958e-09	6.58831758926e-07
3.0697781124e-09	6.35607177557e-07
3.07074102899e-09	4.86258388221e-07
3.07170394559e-09	2.38366455463e-07
3.07266686219e-09	-6.28690788318e-08
3.07362977879e-09	-3.64807416275e-07
3.07459269538e-09	-6.1903599935e-07
3.07555561198e-09	-7.9160287747e-07
3.07651852858e-09	-8.69282500204e-07
3.07748144518e-09	-8.60417573634e-07
3.07844436177e-09	-7.90444202536e-07
3.07940727837e-09	-6.93570420651e-07
3.08037019497e-09	-6.02957493712e-07
3.08133311157e-09	-5.42045006213e-07
3.08229602816e-09	-5.19166794888e-07
3.08325894476e-09	-5.26587072613e-07
3.08422186136e-09	-5.43871172098e-07
3.08518477795e-09	-5.44348276676e-07
3.08614769455e-09	-5.02694797788e-07
3.08711061115e-09	-4.01697308305e-07
3.08807352775e-09	-2.36717891511e-07
3.08903644434e-09	-1.70534057986e-08
3.08999936094e-09	2.3565691265e-07
3.09096227754e-09	4.91150036197e-07
3.09192519414e-09	7.15480657831e-07
3.09288811073e-09	8.76308620334e-07
3.09385102733e-09	9.47828345588e-07
3.09481394393e-09	9.14975201383e-07
3.09577686053e-09	7.76579312856e-07
3.09673977712e-09	5.47009285867e-07
3.09770269372e-09	2.55716527064e-07
3.09866561032e-09	-5.58322508226e-08
3.09962852692e-09	-3.39933576399e-07
3.10059144351e-09	-5.50688959322e-07
3.10155436011e-09	-6.53017474761e-07
3.10251727671e-09	-6.30625754283e-07
3.1034801933e-09	-4.90886657545e-07
3.1044431099e-09	-2.65064688421e-07
3.1054060265e-09	-3.25240279153e-09
3.1063689431e-09	2.35299799201e-07
3.10733185969e-09	3.94406466597e-07
3.10829477629e-09	4.32996968058e-07
3.10925769289e-09	3.34277995506e-07
3.11022060949e-09	1.09840051721e-07
3.11118352608e-09	-2.02183093378e-07
3.11214644268e-09	-5.4439742847e-07
3.11310935928e-09	-8.51341424024e-07
3.11407227588e-09	-1.06232772978e-06
3.11503519247e-09	-1.13342253272e-06
3.11599810907e-09	-1.04638582421e-06
3.11696102567e-09	-8.12958868224e-07
3.11792394227e-09	-4.7363202782e-07
3.11888685886e-09	-9.08928754484e-08
3.11984977546e-09	2.6223781191e-07
3.12081269206e-09	5.16544297113e-07
3.12177560865e-09	6.21174258697e-07
3.12273852525e-09	5.55401845403e-07
3.12370144185e-09	3.34620198217e-07
3.12466435845e-09	8.50556425291e-09
3.12562727504e-09	-3.48946404216e-07
3.12659019164e-09	-6.55844424102e-07
3.12755310824e-09	-8.41738213353e-07
3.12851602484e-09	-8.65084389901e-07
3.12947894143e-09	-7.241910982e-07
3.13044185803e-09	-4.5844772778e-07
3.13140477463e-09	-1.38994716181e-07
3.13236769123e-09	1.49138262628e-07
3.13333060782e-09	3.28889443679e-07
3.13429352442e-09	3.51338023563e-07
3.13525644102e-09	2.08880420516e-07
3.13621935762e-09	-6.21727771488e-08
3.13718227421e-09	-3.90277769213e-07
3.13814519081e-09	-6.86250562154e-07
3.13910810741e-09	-8.65133493733e-07
3.140071024e-09	-8.66770010433e-07
3.1410339406e-09	-6.70057994867e-07
3.1419968572e-09	-2.97704973562e-07
3.1429597738e-09	1.89031400311e-07
3.14392269039e-09	7.03803193502e-07
3.14488560699e-09	1.15335937245e-06
3.14584852359e-09	1.45614052016e-06
3.14681144019e-09	1.55747795993e-06
3.14777435678e-09	1.43886134119e-06
3.14873727338e-09	1.12000088315e-06
3.14970018998e-09	6.53867727962e-07
3.15066310658e-09	1.1620190854e-07
3.15162602317e-09	-4.08472287106e-07
3.15258893977e-09	-8.41898478043e-07
3.15355185637e-09	-1.12552387144e-06
3.15451477296e-09	-1.2300631056e-06
3.15547768956e-09	-1.15958770941e-06
3.15644060616e-09	-9.49314037157e-07
3.15740352276e-09	-6.57566767259e-07
3.15836643935e-09	-3.53520373864e-07
3.15932935595e-09	-1.03119210948e-07
3.16029227255e-09	4.38902532096e-08
3.16125518915e-09	6.32023677838e-08
3.16221810574e-09	-4.03330240317e-08
3.16318102234e-09	-2.35230476875e-07
3.16414393894e-09	-4.71399599355e-07
3.16510685554e-09	-6.91832646282e-07
3.16606977213e-09	-8.45325271115e-07
3.16703268873e-09	-8.97361573493e-07
3.16799560533e-09	-8.36768407453e-07
3.16895852193e-09	-6.7663162362e-07
3.16992143852e-09	-4.49367577815e-07
3.17088435512e-09	-1.97454250284e-07
3.17184727172e-09	3.7578109513e-08
3.17281018831e-09	2.24841121721e-07
3.17377310491e-09	3.49685990386e-07
3.17473602151e-09	4.13815776312e-07
3.17569893811e-09	4.30436948307e-07
3.1766618547e-09	4.16456602537e-07
3.1776247713e-09	3.84818605426e-07
3.1785876879e-09	3.40066959481e-07
3.1795506045e-09	2.78640781559e-07
3.18051352109e-09	1.93522101455e-07
3.18147643769e-09	8.12062932454e-08
3.18243935429e-09	-5.23406722408e-08
3.18340227089e-09	-1.89663669659e-07
3.18436518748e-09	-3.04955822372e-07
3.18532810408e-09	-3.71738851257e-07
3.18629102068e-09	-3.7245189155e-07
3.18725393728e-09	-3.06255902416e-07
3.18821685387e-09	-1.91985270348e-07
3.18917977047e-09	-6.47061124681e-08
3.19014268707e-09	3.35089858083e-08
3.19110560366e-09	6.58590373348e-08
3.19206852026e-09	1.24892647335e-08
3.19303143686e-09	-1.21998430913e-07
3.19399435346e-09	-3.07713010628e-07
3.19495727005e-09	-4.95747572771e-07
3.19592018665e-09	-6.30017153114e-07
3.19688310325e-09	-6.61749425035e-07
3.19784601985e-09	-5.62900680734e-07
3.19880893644e-09	-3.3503508412e-07
3.19977185304e-09	-1.12993170376e-08
3.20073476964e-09	3.49317243575e-07
3.20169768624e-09	6.74343548113e-07
3.20266060283e-09	8.94032806897e-07
3.20362351943e-09	9.57561205439e-07
3.20458643603e-09	8.45217211776e-07
3.20554935263e-09	5.73471220733e-07
3.20651226922e-09	1.91466446253e-07
3.20747518582e-09	-2.30387795952e-07
3.20843810242e-09	-6.16828068623e-07
3.20940101901e-09	-9.04891399145e-07
3.21036393561e-09	-1.05751673907e-06
3.21132685221e-09	-1.07022286144e-06
3.21228976881e-09	-9.69303050269e-07
3.2132526854e-09	-8.02404662714e-07
3.214215602e-09	-6.24390777304e-07
3.2151785186e-09	-4.82388950118e-07
3.2161414352e-09	-4.03966804896e-07
3.21710435179e-09	-3.91377280806e-07
3.21806726839e-09	-4.22986216719e-07
3.21903018499e-09	-4.61028212939e-07
3.21999310159e-09	-4.63362201941e-07
3.22095601818e-09	-3.96048756457e-07
3.22191893478e-09	-2.43396749866e-07
3.22288185138e-09	-1.29623849432e-08
3.22384476798e-09	2.65565990532e-07
3.22480768457e-09	5.47208845347e-07
3.22577060117e-09	7.8249840918e-07
3.22673351777e-09	9.29442798281e-07
3.22769643436e-09	9.63564273704e-07
3.22865935096e-09	8.83443471267e-07
3.22962226756e-09	7.10302938245e-07
3.23058518416e-09	4.81728756441e-07
3.23154810075e-09	2.41236568499e-07
3.23251101735e-09	2.64787125559e-08
3.23347393395e-09	-1.40608159782e-07
3.23443685055e-09	-2.58818239729e-07
3.23539976714e-09	-3.46352972969e-07
3.23636268374e-09	-4.33365537233e-07
3.23732560034e-09	-5.50324917192e-07
3.23828851694e-09	-7.1566348403e-07
3.23925143353e-09	-9.26532585765e-07
3.24021435013e-09	-1.155639616e-06
3.24117726673e-09	-1.35559044168e-06
3.24214018333e-09	-1.47001864725e-06
3.24310309992e-09	-1.44856431028e-06
3.24406601652e-09	-1.26150434632e-06
3.24502893312e-09	-9.09811616268e-07
3.24599184971e-09	-4.27657655067e-07
3.24695476631e-09	1.23447435385e-07
3.24791768291e-09	6.67336651716e-07
3.24888059951e-09	1.12922907647e-06
3.2498435161e-09	1.45079173741e-06
3.2508064327e-09	1.60041506447e-06
3.2517693493e-09	1.57649461663e-06
3.2527322659e-09	1.40351695244e-06
3.25369518249e-09	1.12272146602e-06
3.25465809909e-09	7.80494556096e-07
3.25562101569e-09	4.17912053408e-07
3.25658393229e-09	6.40862243273e-08
3.25754684888e-09	-2.65334994864e-07
3.25850976548e-09	-5.64867326247e-07
3.25947268208e-09	-8.32958386709e-07
3.26043559868e-09	-1.06540803202e-06
3.26139851527e-09	-1.25103841597e-06
3.26236143187e-09	-1.37140560952e-06
3.26332434847e-09	-1.40488880618e-06
3.26428726506e-09	-1.33391574586e-06
3.26525018166e-09	-1.15294932179e-06
3.26621309826e-09	-8.74460122091e-07
3.26717601486e-09	-5.30526790499e-07
3.26813893145e-09	-1.68982605686e-07
3.26910184805e-09	1.55315035499e-07
3.27006476465e-09	3.9195346524e-07
3.27102768125e-09	5.06147122437e-07
3.27199059784e-09	4.86662456112e-07
3.27295351444e-09	3.48392731553e-07
3.27391643104e-09	1.28944330768e-07
3.27487934764e-09	-1.19772234797e-07
3.27584226423e-09	-3.4266508564e-07
3.27680518083e-09	-4.92590007894e-07
3.27776809743e-09	-5.39070851957e-07
3.27873101402e-09	-4.72949739816e-07
3.27969393062e-09	-3.06465253175e-07
3.28065684722e-09	-6.93407704588e-08
3.28161976382e-09	1.9791244199e-07
3.28258268041e-09	4.51911549959e-07
3.28354559701e-09	6.53941468087e-07
3.28450851361e-09	7.75935376396e-07
3.28547143021e-09	8.04068188032e-07
3.2864343468e-09	7.39608111644e-07
3.2873972634e-09	5.97224156351e-07
3.28836018e-09	4.01277027606e-07
3.2893230966e-09	1.80918545922e-07
3.29028601319e-09	-3.50479769651e-08
3.29124892979e-09	-2.22716266762e-07
3.29221184639e-09	-3.66427142851e-07
3.29317476299e-09	-4.6059499148e-07
3.29413767958e-09	-5.09898534062e-07
3.29510059618e-09	-5.2782853821e-07
3.29606351278e-09	-5.33687460447e-07
3.29702642937e-09	-5.48303093595e-07
3.29798934597e-09	-5.88874765839e-07
3.29895226257e-09	-6.63675391976e-07
3.29991517917e-09	-7.67834496429e-07
3.30087809576e-09	-8.81660951357e-07
3.30184101236e-09	-9.72613209527e-07
3.30280392896e-09	-1.00134029246e-06
3.30376684556e-09	-9.3118301514e-07
3.30472976215e-09	-7.39139919048e-07
3.30569267875e-09	-4.25378777535e-07
3.30665559535e-09	-1.82158679252e-08
3.30761851195e-09	4.27682367743e-07
3.30858142854e-09	8.40362249122e-07
3.30954434514e-09	1.14539568408e-06
3.31050726174e-09	1.28290399637e-06
3.31147017834e-09	1.22217757159e-06
3.31243309493e-09	9.69845693533e-07
3.31339601153e-09	5.69127552197e-07
3.31435892813e-09	9.01086156802e-08
3.31532184472e-09	-3.86292374088e-07
3.31628476132e-09	-7.86262638997e-07
3.31724767792e-09	-1.05817434459e-06
3.31821059452e-09	-1.18100605029e-06
3.31917351111e-09	-1.16449253085e-06
3.32013642771e-09	-1.04182811356e-06
3.32109934431e-09	-8.57739657079e-07
3.32206226091e-09	-6.55794544002e-07
3.3230251775e-09	-4.68384595109e-07
3.3239880941e-09	-3.11546836329e-07
3.3249510107e-09	-1.85135862196e-07
3.3259139273e-09	-7.71975283698e-08
3.32687684389e-09	2.95582642806e-08
3.32783976049e-09	1.51324877962e-07
3.32880267709e-09	2.98362380136e-07
3.32976559369e-09	4.72449064759e-07
3.33072851028e-09	6.66448418229e-07
3.33169142688e-09	8.65267674399e-07
3.33265434348e-09	1.04749453733e-06
3.33361726007e-09	1.18744290312e-06
3.33458017667e-09	1.25767414438e-06
3.33554309327e-09	1.23223818171e-06
3.33650600987e-09	1.09090895961e-06
3.33746892646e-09	8.24087194928e-07
3.33843184306e-09	4.3734014632e-07
3.33939475966e-09	-4.58030200434e-08
3.34035767626e-09	-5.84294951977e-07
3.34132059285e-09	-1.12406114461e-06
3.34228350945e-09	-1.60601845067e-06
3.34324642605e-09	-1.97611756647e-06
3.34420934265e-09	-2.19495174747e-06
3.34517225924e-09	-2.24417171779e-06
3.34613517584e-09	-2.12808057753e-06
3.34709809244e-09	-1.87022714471e-06
3.34806100904e-09	-1.50629921514e-06
3.34902392563e-09	-1.07595747245e-06
3.34998684223e-09	-6.16303873713e-07
3.35094975883e-09	-1.58678158613e-07
3.35191267542e-09	2.70952115855e-07
3.35287559202e-09	6.49453486545e-07
3.35383850862e-09	9.54280922727e-07
3.35480142522e-09	1.16359189128e-06
3.35576434181e-09	1.25956724339e-06
3.35672725841e-09	1.23406133845e-06
3.35769017501e-09	1.09417701388e-06
3.35865309161e-09	8.6490929796e-07
3.3596160082e-09	5.8682301507e-07
3.3605789248e-09	3.08507548397e-07
3.3615418414e-09	7.5667273336e-08
3.362504758e-09	-7.98037547156e-08
3.36346767459e-09	-1.47272567474e-07
3.36443059119e-09	-1.38947912731e-07
3.36539350779e-09	-8.51485388864e-08
3.36635642439e-09	-2.49637963634e-08
3.36731934098e-09	4.65523974924e-09
3.36828225758e-09	-2.18036451116e-08
3.36924517418e-09	-1.13041362937e-07
3.37020809077e-09	-2.6021532662e-07
3.37117100737e-09	-4.40073131713e-07
3.37213392397e-09	-6.20490255621e-07
3.37309684057e-09	-7.66846786959e-07
3.37405975716e-09	-8.48144699361e-07
3.37502267376e-09	-8.42421515657e-07
3.37598559036e-09	-7.41231970025e-07
3.37694850696e-09	-5.52805484944e-07
3.37791142355e-09	-3.03077037245e-07
3.37887434015e-09	-3.34724887807e-08
3.37983725675e-09	2.05265418884e-07
3.38080017335e-09	3.62841557688e-07
3.38176308994e-09	4.01101891256e-07
3.38272600654e-09	3.04828398967e-07
3.38368892314e-09	8.83287949449e-08
3.38465183974e-09	-2.04791865244e-07
3.38561475633e-09	-5.09507231072e-07
3.38657767293e-09	-7.53518667906e-07
3.38754058953e-09	-8.7435933338e-07
3.38850350612e-09	-8.34959235974e-07
3.38946642272e-09	-6.3335734346e-07
3.39042933932e-09	-3.03832067061e-07
3.39139225592e-09	9.09649973124e-08
3.39235517251e-09	4.74828210528e-07
3.39331808911e-09	7.75768231875e-07
3.39428100571e-09	9.42055432773e-07
3.39524392231e-09	9.52456710834e-07
3.3962068389e-09	8.18260398106e-07
3.3971697555e-09	5.77165744531e-07
3.3981326721e-09	2.81330805763e-07
3.3990955887e-09	-1.67634084391e-08
3.40005850529e-09	-2.76547572398e-07
3.40102142189e-09	-4.76506505365e-07
3.40198433849e-09	-6.14920683262e-07
3.40294725508e-09	-7.04794600459e-07
3.40391017168e-09	-7.65195283137e-07
3.40487308828e-09	-8.12117083804e-07
3.40583600488e-09	-8.51688596981e-07
3.40679892147e-09	-8.77585256021e-07
3.40776183807e-09	-8.73099805787e-07
3.40872475467e-09	-8.16893484412e-07
3.40968767127e-09	-6.90628651157e-07
3.41065058786e-09	-4.86312833559e-07
3.41161350446e-09	-2.11336296019e-07
3.41257642106e-09	1.10055102809e-07
3.41353933766e-09	4.393020685e-07
3.41450225425e-09	7.29704863645e-07
3.41546517085e-09	9.34995240343e-07
3.41642808745e-09	1.01858859303e-06
3.41739100405e-09	9.61592611759e-07
3.41835392064e-09	7.67731929585e-07
3.41931683724e-09	4.63866804523e-07
3.42027975384e-09	9.56925632067e-08
3.42124267043e-09	-2.80719609336e-07
3.42220558703e-09	-6.09875021595e-07
3.42316850363e-09	-8.47846372665e-07
3.42413142023e-09	-9.70645933407e-07
3.42509433682e-09	-9.77916551292e-07
3.42605725342e-09	-8.90957348787e-07
3.42702017002e-09	-7.45560701176e-07
3.42798308662e-09	-5.81678838429e-07
3.42894600321e-09	-4.32729626354e-07
3.42990891981e-09	-3.17475516098e-07
3.43087183641e-09	-2.36760030248e-07
3.43183475301e-09	-1.75808255065e-07
3.4327976696e-09	-1.11168358075e-07
3.4337605862e-09	-2.00527132677e-08
3.4347235028e-09	1.10871509307e-07
3.4356864194e-09	2.79871187558e-07
3.43664933599e-09	4.69265511782e-07
3.43761225259e-09	6.49429937383e-07
3.43857516919e-09	7.863324889e-07
3.43953808578e-09	8.50248010664e-07
3.44050100238e-09	8.23213355261e-07
3.44146391898e-09	7.03228653975e-07
3.44242683558e-09	5.04240270871e-07
3.44338975217e-09	2.52258288924e-07
3.44435266877e-09	-2.11100310565e-08
3.44531558537e-09	-2.85859613314e-07
3.44627850197e-09	-5.19535868548e-07
3.44724141856e-09	-7.10468542664e-07
3.44820433516e-09	-8.57672185717e-07
3.44916725176e-09	-9.67659346429e-07
3.45013016836e-09	-1.04927048383e-06
3.45109308495e-09	-1.10823798671e-06
3.45205600155e-09	-1.14324765832e-06
3.45301891815e-09	-1.1448116144e-06
3.45398183475e-09	-1.0975553959e-06
3.45494475134e-09	-9.8551075034e-07
3.45590766794e-09	-7.98875964492e-07
3.45687058454e-09	-5.40101193991e-07
3.45783350113e-09	-2.27266804487e-07
3.45879641773e-09	1.06720031923e-07
3.45975933433e-09	4.19423397346e-07
3.46072225093e-09	6.67547544353e-07
3.46168516752e-09	8.16853404473e-07
3.46264808412e-09	8.50619123582e-07
3.46361100072e-09	7.74214891308e-07
3.46457391732e-09	6.14470994975e-07
3.46553683391e-09	4.13791207521e-07
3.46649975051e-09	2.20388313821e-07
3.46746266711e-09	7.71467743022e-08
3.46842558371e-09	1.18248042469e-08
3.4693885003e-09	3.0954005581e-08
3.4703514169e-09	1.18857576226e-07
3.4713143335e-09	2.41795428124e-07
3.4722772501e-09	3.56082878739e-07
3.47324016669e-09	4.18204205488e-07
3.47420308329e-09	3.94515559776e-07
3.47516599989e-09	2.68513447921e-07
3.47612891648e-09	4.44650716247e-08
3.47709183308e-09	-2.53056736454e-07
3.47805474968e-09	-5.83337211424e-07
3.47901766628e-09	-8.96335595968e-07
3.47998058287e-09	-1.14103619886e-06
3.48094349947e-09	-1.2741951636e-06
3.48190641607e-09	-1.26829133684e-06
3.48286933267e-09	-1.11754629906e-06
3.48383224926e-09	-8.40860677087e-07
3.48479516586e-09	-4.80632033728e-07
3.48575808246e-09	-9.69894227154e-08
3.48672099906e-09	2.42265848271e-07
3.48768391565e-09	4.7463007391e-07
3.48864683225e-09	5.5616711947e-07
3.48960974885e-09	4.7199201525e-07
3.49057266545e-09	2.41148892854e-07
3.49153558204e-09	-8.59239497331e-08
3.49249849864e-09	-4.3732408983e-07
3.49346141524e-09	-7.34999581198e-07
3.49442433183e-09	-9.11939302739e-07
3.49538724843e-09	-9.27064549572e-07
3.49635016503e-09	-7.74122160152e-07
3.49731308163e-09	-4.82394876045e-07
3.49827599822e-09	-1.09136070847e-07
3.49923891482e-09	2.74238756148e-07
3.50020183142e-09	5.98626378689e-07
3.50116474802e-09	8.12161882635e-07
3.50212766461e-09	8.89948255534e-07
3.50309058121e-09	8.36506190538e-07
3.50405349781e-09	6.80885293036e-07
3.50501641441e-09	4.66390567055e-07
3.505979331e-09	2.38241929296e-07
3.5069422476e-09	3.28354605728e-08
3.5079051642e-09	-1.28554651369e-07
3.50886808079e-09	-2.40609145052e-07
3.50983099739e-09	-3.10114707247e-07
3.51079391399e-09	-3.49524295729e-07
3.51175683059e-09	-3.70718993281e-07
3.51271974718e-09	-3.81216628043e-07
3.51368266378e-09	-3.83571613582e-07
3.51464558038e-09	-3.77295313214e-07
3.51560849698e-09	-3.6171622142e-07
3.51657141357e-09	-3.38069950701e-07
3.51753433017e-09	-3.09773273699e-07
3.51849724677e-09	-2.80997728197e-07
3.51946016337e-09	-2.54712638537e-07
3.52042307996e-09	-2.31586120947e-07
3.52138599656e-09	-2.10501301723e-07
3.52234891316e-09	-1.9047978661e-07
3.52331182976e-09	-1.72906203133e-07
3.52427474635e-09	-1.62496823108e-07
3.52523766295e-09	-1.65962383392e-07
3.52620057955e-09	-1.88585648431e-07
3.52716349614e-09	-2.30196036455e-07
3.52812641274e-09	-2.82662382389e-07
3.52908932934e-09	-3.30616661159e-07
3.53005224594e-09	-3.55852851186e-07
3.53101516253e-09	-3.44105494321e-07
3.53197807913e-09	-2.91489769211e-07
3.53294099573e-09	-2.07732982815e-07
3.53390391233e-09	-1.14327397327e-07
3.53486682892e-09	-3.76874131902e-08
3.53582974552e-09	3.34438254868e-10
3.53679266212e-09	-9.01876617831e-09
3.53775557872e-09	-5.72393457077e-08
3.53871849531e-09	-1.20694860328e-07
3.53968141191e-09	-1.68593464522e-07
3.54064432851e-09	-1.73835609019e-07
3.54160724511e-09	-1.22654912005e-07
3.5425701617e-09	-1.94664213637e-08
3.5435330783e-09	1.14879949109e-07
3.5444959949e-09	2.5066064957e-07
3.54545891149e-09	3.59606962874e-07
3.54642182809e-09	4.23931734161e-07
3.54738474469e-09	4.40671565016e-07
3.54834766129e-09	4.19913344984e-07
3.54931057788e-09	3.77923806028e-07
3.55027349448e-09	3.28242451886e-07
3.55123641108e-09	2.74514592391e-07
3.55219932768e-09	2.08053752004e-07
3.55316224427e-09	1.11170752604e-07
3.55412516087e-09	-3.4966983975e-08
3.55508807747e-09	-2.4093529305e-07
3.55605099407e-09	-5.01687246413e-07
3.55701391066e-09	-7.94002072979e-07
3.55797682726e-09	-1.07975472119e-06
3.55893974386e-09	-1.31402105552e-06
3.55990266046e-09	-1.45541702246e-06
3.56086557705e-09	-1.4754913078e-06
3.56182849365e-09	-1.36457833122e-06
3.56279141025e-09	-1.13284844439e-06
3.56375432684e-09	-8.06948182941e-07
3.56471724344e-09	-4.23871219013e-07
3.56568016004e-09	-2.41983535432e-08
3.56664307664e-09	3.53439551404e-07
3.56760599323e-09	6.75818965234e-07
3.56856890983e-09	9.16737715073e-07
3.56953182643e-09	1.05765335334e-06
3.57049474303e-09	1.08839049417e-06
3.57145765962e-09	1.00855322138e-06
3.57242057622e-09	8.29306962657e-07
3.57338349282e-09	5.74404833031e-07
3.57434640942e-09	2.79172262196e-07
3.57530932601e-09	-1.34717321743e-08
3.57627224261e-09	-2.59939961111e-07
3.57723515921e-09	-4.24579427616e-07
3.57819807581e-09	-4.87730767773e-07
3.5791609924e-09	-4.50733558921e-07
3.580123909e-09	-3.36045516747e-07
3.5810868256e-09	-1.82047005026e-07
3.58204974219e-09	-3.36754748531e-08
3.58301265879e-09	6.85683527735e-08
3.58397557539e-09	9.8132744597e-08
3.58493849199e-09	4.78282284888e-08
3.58590140858e-09	-7.02106053296e-08
3.58686432518e-09	-2.29593949186e-07
3.58782724178e-09	-3.97776785732e-07
3.58879015838e-09	-5.44498259814e-07
3.58975307497e-09	-6.4809271727e-07
3.59071599157e-09	-6.98167424318e-07
3.59167890817e-09	-6.94692106507e-07
3.59264182477e-09	-6.44795688842e-07
3.59360474136e-09	-5.59066634764e-07
3.59456765796e-09	-4.48913366924e-07
3.59553057456e-09	-3.25621599018e-07
3.59649349116e-09	-2.00811751228e-07
3.59745640775e-09	-8.72107861483e-08
3.59841932435e-09	1.55915103051e-09
3.59938224095e-09	5.27681507378e-08
3.60034515754e-09	5.76425893684e-08
3.60130807414e-09	1.47340220025e-08
3.60227099074e-09	-6.78016736089e-08
3.60323390734e-09	-1.72229885465e-07
3.60419682393e-09	-2.7397233815e-07
3.60515974053e-09	-3.46548331365e-07
3.60612265713e-09	-3.67549549907e-07
3.60708557373e-09	-3.24061433687e-07
3.60804849032e-09	-2.16060424663e-07
3.60901140692e-09	-5.69476714674e-08
3.60997432352e-09	1.28923108633e-07
3.61093724012e-09	3.11171936218e-07
3.61190015671e-09	4.59636080308e-07
3.61286307331e-09	5.50496718432e-07
3.61382598991e-09	5.70942384925e-07
3.61478890651e-09	5.21408958676e-07
3.6157518231e-09	4.14902991963e-07
3.6167147397e-09	2.73652382532e-07
3.6176776563e-09	1.23975599564e-07
3.61864057289e-09	-9.4384233762e-09
3.61960348949e-09	-1.08492397288e-07
3.62056640609e-09	-1.64746545295e-07
3.62152932269e-09	-1.80094636093e-07
3.62249223928e-09	-1.65249088191e-07
3.62345515588e-09	-1.36576284504e-07
3.62441807248e-09	-1.12146391729e-07
3.62538098908e-09	-1.07968212149e-07
3.62634390567e-09	-1.34982414579e-07
3.62730682227e-09	-1.9710497412e-07
3.62826973887e-09	-2.90513392009e-07
3.62923265547e-09	-4.04235660056e-07
3.63019557206e-09	-5.21959220734e-07
3.63115848866e-09	-6.24966368434e-07
3.63212140526e-09	-6.95945567841e-07
3.63308432185e-09	-7.22980697532e-07
3.63404723845e-09	-7.02771794536e-07
3.63501015505e-09	-6.42141611884e-07
3.63597307165e-09	-5.57080712227e-07
3.63693598824e-09	-4.69123889957e-07
3.63789890484e-09	-3.99689557895e-07
3.63886182144e-09	-3.63802810099e-07
3.63982473804e-09	-3.64958285815e-07
3.64078765463e-09	-3.92826889239e-07
3.64175057123e-09	-4.24925707065e-07
3.64271348783e-09	-4.3216032708e-07
3.64367640443e-09	-3.8692781601e-07
3.64463932102e-09	-2.71657587092e-07
3.64560223762e-09	-8.53051247418e-08
3.64656515422e-09	1.54329187652e-07
3.64752807082e-09	4.13375593311e-07
3.64849098741e-09	6.49228057981e-07
3.64945390401e-09	8.205717279e-07
3.65041682061e-09	8.97382292919e-07
3.6513797372e-09	8.68182496561e-07
3.6523426538e-09	7.42663290865e-07
3.6533055704e-09	5.49123663873e-07
3.654268487e-09	3.27596040961e-07
3.65523140359e-09	1.20568415696e-07
3.65619432019e-09	-3.6315935148e-08
3.65715723679e-09	-1.21495164151e-07
3.65812015339e-09	-1.31380243573e-07
3.65908306998e-09	-8.04198023729e-08
3.66004598658e-09	2.35678676574e-09
3.66100890318e-09	7.94158410145e-08
3.66197181978e-09	1.12343741421e-07
3.66293473637e-09	6.98693902734e-08
3.66389765297e-09	-6.50402327551e-08
3.66486056957e-09	-2.90280473436e-07
3.66582348617e-09	-5.83025043355e-07
3.66678640276e-09	-9.02218513232e-07
3.66774931936e-09	-1.1950963863e-06
3.66871223596e-09	-1.40683034289e-06
3.66967515255e-09	-1.49150080553e-06
3.67063806915e-09	-1.42200679498e-06
3.67160098575e-09	-1.19661027576e-06
3.67256390235e-09	-8.40537770941e-07
3.67352681894e-09	-4.02162205759e-07
3.67448973554e-09	5.55125083679e-08
3.67545265214e-09	4.66241850461e-07
3.67641556874e-09	7.72417571682e-07
3.67737848533e-09	9.35070621821e-07
3.67834140193e-09	9.40147453221e-07
3.67930431853e-09	8.00013483016e-07
3.68026723513e-09	5.50069263028e-07
3.68123015172e-09	2.41311111537e-07
3.68219306832e-09	-6.96350559437e-08
3.68315598492e-09	-3.3105646402e-07
3.68411890152e-09	-5.05206799062e-07
3.68508181811e-09	-5.74134448428e-07
3.68604473471e-09	-5.41200380511e-07
3.68700765131e-09	-4.2815987733e-07
3.6879705679e-09	-2.68741096932e-07
3.6889334845e-09	-1.00404028203e-07
3.6898964011e-09	4.36755964728e-08
3.6908593177e-09	1.40500050705e-07
3.69182223429e-09	1.79914879439e-07
3.69278515089e-09	1.63924065433e-07
3.69374806749e-09	1.03414166119e-07
3.69471098409e-09	1.37379654319e-08
3.69567390068e-09	-8.93032066074e-08
3.69663681728e-09	-1.9202027346e-07
3.69759973388e-09	-2.83616921948e-07
3.69856265048e-09	-3.55582708167e-07
3.69952556707e-09	-4.00533727074e-07
3.70048848367e-09	-4.11509924803e-07
3.70145140027e-09	-3.82353332995e-07
3.70241431687e-09	-3.09110578911e-07
3.70337723346e-09	-1.92083355444e-07
3.70434015006e-09	-3.78366280529e-08
3.70530306666e-09	1.39763507434e-07
3.70626598325e-09	3.19951274363e-07
3.70722889985e-09	4.76904400415e-07
3.70819181645e-09	5.82975571817e-07
3.70915473305e-09	6.12896480234e-07
3.71011764964e-09	5.48291660962e-07
3.71108056624e-09	3.81940309602e-07
3.71204348284e-09	1.21092545768e-07
3.71300639944e-09	-2.11046625509e-07
3.71396931603e-09	-5.76419301623e-07
3.71493223263e-09	-9.26209866137e-07
3.71589514923e-09	-1.20788392266e-06
3.71685806583e-09	-1.37432854252e-06
3.71782098242e-09	-1.39336371596e-06
3.71878389902e-09	-1.25543406249e-06
3.71974681562e-09	-9.77400452129e-07
3.72070973222e-09	-6.00938919959e-07
3.72167264881e-09	-1.85312755363e-07
3.72263556541e-09	2.0412677415e-07
3.72359848201e-09	5.09213300859e-07
3.7245613986e-09	6.90888860788e-07
3.7255243152e-09	7.36672079782e-07
3.7264872318e-09	6.6167287649e-07
3.7274501484e-09	5.02961940541e-07
3.72841306499e-09	3.08751758382e-07
3.72937598159e-09	1.25298114995e-07
3.73033889819e-09	-1.47016754326e-08
3.73130181479e-09	-9.89745245761e-08
3.73226473138e-09	-1.36043216692e-07
3.73322764798e-09	-1.49125026994e-07
3.73419056458e-09	-1.65639230332e-07
3.73515348118e-09	-2.05895021921e-07
3.73611639777e-09	-2.74638564335e-07
3.73707931437e-09	-3.5828343492e-07
3.73804223097e-09	-4.28929677554e-07
3.73900514757e-09	-4.53950312007e-07
3.73996806416e-09	-4.08098660643e-07
3.74093098076e-09	-2.84243728998e-07
3.74189389736e-09	-9.91022499619e-08
3.74285681395e-09	1.08202458549e-07
3.74381973055e-09	2.84774280601e-07
3.74478264715e-09	3.77625921644e-07
3.74574556375e-09	3.48677799522e-07
3.74670848034e-09	1.86864678398e-07
3.74767139694e-09	-8.61949054354e-08
3.74863431354e-09	-4.18858190798e-07
3.74959723014e-09	-7.40078759165e-07
3.75056014673e-09	-9.75467282061e-07
3.75152306333e-09	-1.0648712081e-06
3.75248597993e-09	-9.77072689423e-07
3.75344889653e-09	-7.17825015428e-07
3.75441181312e-09	-3.29222521245e-07
3.75537472972e-09	1.19446816882e-07
3.75633764632e-09	5.47141313589e-07
3.75730056291e-09	8.78934931947e-07
3.75826347951e-09	1.06196786653e-06
3.75922639611e-09	1.07569919905e-06
3.76018931271e-09	9.34106177297e-07
3.7611522293e-09	6.79644475809e-07
3.7621151459e-09	3.70877893729e-07
3.7630780625e-09	6.7184881658e-08
3.7640409791e-09	-1.85284303456e-07
3.76500389569e-09	-3.62808032506e-07
3.76596681229e-09	-4.66376222974e-07
3.76692972889e-09	-5.16843542187e-07
3.76789264549e-09	-5.44906148647e-07
3.76885556208e-09	-5.79370157183e-07
3.76981847868e-09	-6.37346996513e-07
3.77078139528e-09	-7.1924023537e-07
3.77174431188e-09	-8.09853272443e-07
3.77270722847e-09	-8.84785098521e-07
3.77367014507e-09	-9.19550192435e-07
3.77463306167e-09	-8.98207126454e-07
3.77559597826e-09	-8.18598397956e-07
3.77655889486e-09	-6.92617367903e-07
3.77752181146e-09	-5.41707393609e-07
3.77848472806e-09	-3.89479136942e-07
3.77944764465e-09	-2.5424240846e-07
3.78041056125e-09	-1.43979541178e-07
3.78137347785e-09	-5.5318903236e-08
3.78233639445e-09	2.34156800616e-08
3.78329931104e-09	1.0648171056e-07
3.78426222764e-09	2.04496991785e-07
3.78522514424e-09	3.19901870327e-07
3.78618806084e-09	4.45527213344e-07
3.78715097743e-09	5.6647020763e-07
3.78811389403e-09	6.64389078864e-07
3.78907681063e-09	7.22682765186e-07
3.79003972723e-09	7.30913145119e-07
3.79100264382e-09	6.8725151614e-07
3.79196556042e-09	5.98507304161e-07
3.79292847702e-09	4.78028399087e-07
3.79389139361e-09	3.42242767459e-07
3.79485431021e-09	2.06876471509e-07
3.79581722681e-09	8.37683700183e-08
3.79678014341e-09	-2.11863859789e-08
3.79774306e-09	-1.08718250402e-07
3.7987059766e-09	-1.85344072534e-07
3.7996688932e-09	-2.61183982886e-07
3.8006318098e-09	-3.46868485046e-07
3.80159472639e-09	-4.50003160068e-07
3.80255764299e-09	-5.71902134539e-07
3.80352055959e-09	-7.05501483012e-07
3.80448347619e-09	-8.35224287954e-07
3.80544639278e-09	-9.39206490358e-07
3.80640930938e-09	-9.93747406142e-07
3.80737222598e-09	-9.79087790398e-07
3.80833514258e-09	-8.85048260457e-07
3.80929805917e-09	-7.14894571985e-07
3.81026097577e-09	-4.86123429511e-07
3.81122389237e-09	-2.27705754696e-07
3.81218680896e-09	2.56007108845e-08
3.81314972556e-09	2.40308414945e-07
3.81411264216e-09	3.90729141486e-07
3.81507555876e-09	4.63215920732e-07
3.81603847535e-09	4.57119952557e-07
3.81700139195e-09	3.82688684297e-07
3.81796430855e-09	2.57023121009e-07
3.81892722515e-09	9.95160895911e-08
3.81989014174e-09	-7.18516091069e-08
3.82085305834e-09	-2.42516451365e-07
3.82181597494e-09	-4.01706076403e-07
3.82277889154e-09	-5.41686809186e-07
3.82374180813e-09	-6.56542207267e-07
3.82470472473e-09	-7.41100201651e-07
3.82566764133e-09	-7.90202163259e-07
3.82663055793e-09	-7.98295090476e-07
3.82759347452e-09	-7.59391188154e-07
3.82855639112e-09	-6.67473623039e-07
3.82951930772e-09	-5.17611711714e-07
3.83048222431e-09	-3.08025247975e-07
3.83144514091e-09	-4.29216235887e-08
3.83240805751e-09	2.64555103158e-07
3.83337097411e-09	5.90443452353e-07
3.8343338907e-09	9.0050508561e-07
3.8352968073e-09	1.15402609779e-06
3.8362597239e-09	1.31071133147e-06
3.8372226405e-09	1.33941465918e-06
3.83818555709e-09	1.22641765543e-06
3.83914847369e-09	9.8065480536e-07
3.84011139029e-09	6.34047747639e-07
3.84107430689e-09	2.36367048601e-07
3.84203722348e-09	-1.54407663544e-07
3.84300014008e-09	-4.83793538564e-07
3.84396305668e-09	-7.11503906459e-07
3.84492597328e-09	-8.18512384981e-07
3.84588888987e-09	-8.09031879712e-07
3.84685180647e-09	-7.07414633538e-07
3.84781472307e-09	-5.51275260108e-07
3.84877763966e-09	-3.82981387048e-07
3.84974055626e-09	-2.41649692256e-07
3.85070347286e-09	-1.57140448209e-07
3.85166638946e-09	-1.46725376737e-07
3.85262930605e-09	-2.14248712993e-07
3.85359222265e-09	-3.51152355194e-07
3.85455513925e-09	-5.38713704756e-07
3.85551805585e-09	-7.50919276982e-07
3.85648097244e-09	-9.57726593143e-07
3.85744388904e-09	-1.12867258295e-06
3.85840680564e-09	-1.23658386109e-06
3.85936972224e-09	-1.26107589082e-06
3.86033263883e-09	-1.19138501375e-06
3.86129555543e-09	-1.02792039769e-06
3.86225847203e-09	-7.82245496822e-07
3.86322138863e-09	-4.75442016423e-07
3.86418430522e-09	-1.35104832211e-07
3.86514722182e-09	2.08361731424e-07
3.86611013842e-09	5.25449362243e-07
3.86707305501e-09	7.90736612188e-07
3.86803597161e-09	9.8518872349e-07
3.86899888821e-09	1.09746926213e-06
3.86996180481e-09	1.12440557309e-06
3.8709247214e-09	1.07072573741e-06
3.871887638e-09	9.48149931901e-07
3.8728505546e-09	7.73951853716e-07
3.8738134712e-09	5.68999658057e-07
3.87477638779e-09	3.5533766507e-07
3.87573930439e-09	1.53596241503e-07
3.87670222099e-09	-1.94545712873e-08
3.87766513759e-09	-1.52879147564e-07
3.87862805418e-09	-2.42702098419e-07
3.87959097078e-09	-2.919439126e-07
3.88055388738e-09	-3.09585889369e-07
3.88151680397e-09	-3.08660389692e-07
3.88247972057e-09	-3.03787306422e-07
3.88344263717e-09	-3.08539418015e-07
3.88440555377e-09	-3.3301739677e-07
3.88536847036e-09	-3.8200956709e-07
3.88633138696e-09	-4.53948011625e-07
3.88729430356e-09	-5.4082679668e-07
3.88825722016e-09	-6.2922543087e-07
3.88922013675e-09	-7.02364138405e-07
3.89018305335e-09	-7.4299480346e-07
3.89114596995e-09	-7.36739870888e-07
3.89210888655e-09	-6.75192699973e-07
3.89307180314e-09	-5.58069709555e-07
3.89403471974e-09	-3.93877778393e-07
3.89499763634e-09	-1.9877963453e-07
3.89596055294e-09	6.1341900448e-09
3.89692346953e-09	1.98398725004e-07
3.89788638613e-09	3.57668541895e-07
3.89884930273e-09	4.68292407518e-07
3.89981221932e-09	5.20374603852e-07
3.90077513592e-09	5.09418670802e-07
3.90173805252e-09	4.35224320583e-07
3.90270096912e-09	3.00901337624e-07
3.90366388571e-09	1.12685107467e-07
3.90462680231e-09	-1.1923098775e-07
3.90558971891e-09	-3.79303648046e-07
3.90655263551e-09	-6.4569662328e-07
3.9075155521e-09	-8.90830314404e-07
3.9084784687e-09	-1.08398166532e-06
3.9094413853e-09	-1.19581064695e-06
3.9104043019e-09	-1.20386224012e-06
3.91136721849e-09	-1.09758047984e-06
3.91233013509e-09	-8.81431812871e-07
3.91329305169e-09	-5.75205671538e-07
3.91425596829e-09	-2.11463305533e-07
3.91521888488e-09	1.69251849869e-07
3.91618180148e-09	5.24413392711e-07
3.91714471808e-09	8.15470656335e-07
3.91810763467e-09	1.01287689702e-06
3.91907055127e-09	1.09972348916e-06
3.92003346787e-09	1.07369501201e-06
3.92099638447e-09	9.47180927469e-07
3.92195930106e-09	7.45493780485e-07
3.92292221766e-09	5.03140844543e-07
3.92388513426e-09	2.58377527373e-07
3.92484805086e-09	4.67325964593e-08
3.92581096745e-09	-1.05501259284e-07
3.92677388405e-09	-1.86404664149e-07
3.92773680065e-09	-2.00747287238e-07
3.92869971725e-09	-1.68754791474e-07
3.92966263384e-09	-1.21348412208e-07
3.93062555044e-09	-9.27226349035e-08
3.93158846704e-09	-1.12047001011e-07
3.93255138364e-09	-1.96333139968e-07
3.93351430023e-09	-3.46172157606e-07
3.93447721683e-09	-5.45360050452e-07
3.93544013343e-09	-7.6432543139e-07
3.93640305002e-09	-9.66299369409e-07
3.93736596662e-09	-1.11467179309e-06
3.93832888322e-09	-1.17974620473e-06
3.93929179982e-09	-1.1435699161e-06
3.94025471641e-09	-1.00241485335e-06
3.94121763301e-09	-7.67049051831e-07
3.94218054961e-09	-4.6135336973e-07
3.94314346621e-09	-1.199798767e-07
3.9441063828e-09	2.14797935882e-07
3.9450692994e-09	4.97333362048e-07
3.946032216e-09	6.84301168619e-07
3.9469951326e-09	7.41949689242e-07
3.94795804919e-09	6.54074566953e-07
3.94892096579e-09	4.28845700284e-07
3.94988388239e-09	1.02039390271e-07
3.95084679899e-09	-2.65637641661e-07
3.95180971558e-09	-5.98145112107e-07
3.95277263218e-09	-8.19543808817e-07
3.95373554878e-09	-8.72073615099e-07
3.95469846537e-09	-7.3216734009e-07
3.95566138197e-09	-4.19484639025e-07
3.95662429857e-09	4.36056168951e-09
3.95758721517e-09	4.47926495895e-07
3.95855013176e-09	8.10450103472e-07
3.95951304836e-09	1.0056719173e-06
3.96047596496e-09	9.82743509681e-07
3.96143888156e-09	7.3873576234e-07
3.96240179815e-09	3.19515249814e-07
3.96336471475e-09	-1.91128133764e-07
3.96432763135e-09	-6.91117662655e-07
3.96529054795e-09	-1.08335331461e-06
3.96625346454e-09	-1.2967834806e-06
3.96721638114e-09	-1.30032677959e-06
3.96817929774e-09	-1.10675944853e-06
3.96914221434e-09	-7.66423344345e-07
3.97010513093e-09	-3.53029903977e-07
3.97106804753e-09	5.44833564931e-08
3.97203096413e-09	3.89383052024e-07
3.97299388072e-09	6.09857391254e-07
3.97395679732e-09	7.04592817868e-07
3.97491971392e-09	6.90625437727e-07
3.97588263052e-09	6.04753534361e-07
3.97684554711e-09	4.91298033367e-07
3.97780846371e-09	3.89527563982e-07
3.97877138031e-09	3.23739895336e-07
3.97973429691e-09	2.98198939319e-07
3.9806972135e-09	2.97793405934e-07
3.9816601301e-09	2.93841830867e-07
3.9826230467e-09	2.53349437429e-07
3.9835859633e-09	1.49264014482e-07
3.98454887989e-09	-3.08602938759e-08
3.98551179649e-09	-2.79906757328e-07
3.98647471309e-09	-5.71204685329e-07
3.98743762968e-09	-8.6354524953e-07
3.98840054628e-09	-1.10997494396e-06
3.98936346288e-09	-1.26834707359e-06
3.99032637948e-09	-1.31109608503e-06
3.99128929607e-09	-1.23178164735e-06
3.99225221267e-09	-1.04689376812e-06
3.99321512927e-09	-7.92437813146e-07
3.99417804587e-09	-5.1602051343e-07
3.99514096246e-09	-2.66398860305e-07
3.99610387906e-09	-8.29639308364e-08
3.99706679566e-09	1.24380665767e-08
3.99802971226e-09	1.9394425621e-08
3.99899262885e-09	-4.22595611838e-08
3.99995554545e-09	-1.38144912398e-07
4.00091846205e-09	-2.28131806779e-07
4.00188137865e-09	-2.75976702824e-07
4.00284429524e-09	-2.57367094747e-07
4.00380721184e-09	-1.64652265155e-07
4.00477012844e-09	-7.38269356759e-09
4.00573304503e-09	1.91128378901e-07
4.00669596163e-09	3.99872806867e-07
4.00765887823e-09	5.87053269996e-07
4.00862179483e-09	7.26077660218e-07
4.00958471142e-09	7.99298087273e-07
4.01054762802e-09	7.99163517584e-07
4.01151054462e-09	7.27322222005e-07
4.01247346122e-09	5.92571746338e-07
4.01343637781e-09	4.08748025649e-07
4.01439929441e-09	1.93267705839e-07
4.01536221101e-09	-3.36972565407e-08
4.01632512761e-09	-2.4996323944e-07
4.0172880442e-09	-4.32711409815e-07
4.0182509608e-09	-5.60971056274e-07
4.0192138774e-09	-6.19095025911e-07
4.020176794e-09	-6.00481723012e-07
4.02113971059e-09	-5.10403548759e-07
4.02210262719e-09	-3.66705187105e-07
4.02306554379e-09	-1.97624871134e-07
4.02402846038e-09	-3.68793173777e-08
4.02499137698e-09	8.30230257876e-08
4.02595429358e-09	1.37704319059e-07
4.02691721018e-09	1.16295064245e-07
4.02788012677e-09	2.38053594614e-08
4.02884304337e-09	-1.20114036051e-07
4.02980595997e-09	-2.85738071426e-07
4.03076887657e-09	-4.40023987025e-07
4.03173179316e-09	-5.53830505012e-07
4.03269470976e-09	-6.07883166026e-07
4.03365762636e-09	-5.96217866189e-07
4.03462054296e-09	-5.26558995517e-07
4.03558345955e-09	-4.17906553807e-07
4.03654637615e-09	-2.962133685e-07
4.03750929275e-09	-1.89321673005e-07
4.03847220935e-09	-1.22174913741e-07
4.03943512594e-09	-1.12871845204e-07
4.04039804254e-09	-1.69789977633e-07
4.04136095914e-09	-2.89786433072e-07
4.04232387573e-09	-4.57459682579e-07
4.04328679233e-09	-6.45677877387e-07
4.04424970893e-09	-8.1790786588e-07
4.04521262553e-09	-9.32847443735e-07
4.04617554212e-09	-9.51354609313e-07
4.04713845872e-09	-8.44899476604e-07
4.04810137532e-09	-6.03863545834e-07
4.04906429192e-09	-2.43379169262e-07
4.05002720851e-09	1.95580287965e-07
4.05099012511e-09	6.5124080173e-07
4.05195304171e-09	1.05195447908e-06
4.05291595831e-09	1.33094287769e-06
4.0538788749e-09	1.44135317726e-06
4.0548417915e-09	1.36759410019e-06
4.0558047081e-09	1.12960560728e-06
4.0567676247e-09	7.78539725133e-07
4.05773054129e-09	3.84742556037e-07
4.05869345789e-09	2.11414139528e-08
4.05965637449e-09	-2.53485149315e-07
4.06061929108e-09	-4.06828513988e-07
4.06158220768e-09	-4.37847431201e-07
4.06254512428e-09	-3.73210006899e-07
4.06350804088e-09	-2.56974439949e-07
4.06447095747e-09	-1.36996867184e-07
4.06543387407e-09	-5.22956042914e-08
4.06639679067e-09	-2.48570195538e-08
4.06735970727e-09	-5.76163223798e-08
4.06832262386e-09	-1.38268839933e-07
4.06928554046e-09	-2.46709881857e-07
4.07024845706e-09	-3.63027455208e-07
4.07121137366e-09	-4.73263259693e-07
4.07217429025e-09	-5.71409131567e-07
4.07313720685e-09	-6.5770923463e-07
4.07410012345e-09	-7.34659717949e-07
4.07506304005e-09	-8.02825729451e-07
4.07602595664e-09	-8.58332057874e-07
4.07698887324e-09	-8.9286889704e-07
4.07795178984e-09	-8.95945190038e-07
4.07891470643e-09	-8.58288174754e-07
4.07987762303e-09	-7.74995719155e-07
4.08084053963e-09	-6.47350868022e-07
4.08180345623e-09	-4.82896888698e-07
4.08276637282e-09	-2.94079450569e-07
4.08372928942e-09	-9.62500852353e-08
4.08469220602e-09	9.43090476824e-08
4.08565512262e-09	2.62027802123e-07
4.08661803921e-09	3.93288782874e-07
4.08758095581e-09	4.77619812145e-07
4.08854387241e-09	5.09134387983e-07
4.08950678901e-09	4.87975157171e-07
4.0904697056e-09	4.21246809879e-07
4.0914326222e-09	3.22815992604e-07
4.0923955388e-09	2.11392292115e-07
4.0933584554e-09	1.06954328061e-07
4.09432137199e-09	2.63762274244e-08
4.09528428859e-09	-2.04838013218e-08
4.09624720519e-09	-3.28778515524e-08
4.09721012178e-09	-1.84714750162e-08
4.09817303838e-09	1.005586725e-08
4.09913595498e-09	3.99092172643e-08
4.10009887158e-09	6.28702068184e-08
4.10106178817e-09	7.79889433034e-08
4.10202470477e-09	9.1089450649e-08
4.10298762137e-09	1.11174397688e-07
4.10395053797e-09	1.4497184786e-07
4.10491345456e-09	1.9168637877e-07
4.10587637116e-09	2.40133966045e-07
4.10683928776e-09	2.6956722543e-07
4.10780220436e-09	2.54303165192e-07
4.10876512095e-09	1.71143451411e-07
4.10972803755e-09	7.40297068091e-09
4.11069095415e-09	-2.32922277021e-07
4.11165387074e-09	-5.26665925094e-07
4.11261678734e-09	-8.33722868521e-07
4.11357970394e-09	-1.10380101503e-06
4.11454262054e-09	-1.28624031959e-06
4.11550553713e-09	-1.34081323289e-06
4.11646845373e-09	-1.24706529014e-06
4.11743137033e-09	-1.00999449693e-06
4.11839428693e-09	-6.607145e-07
4.11935720352e-09	-2.51706003596e-07
4.12032012012e-09	1.5251960761e-07
4.12128303672e-09	4.87311925923e-07
4.12224595332e-09	6.99867467091e-07
4.12320886991e-09	7.58864645789e-07
4.12417178651e-09	6.5972293406e-07
4.12513470311e-09	4.2465458705e-07
4.12609761971e-09	9.78655112505e-08
4.1270605363e-09	-2.6284518917e-07
4.1280234529e-09	-5.9622345816e-07
4.1289863695e-09	-8.47534900927e-07
4.12994928609e-09	-9.76831568522e-07
4.13091220269e-09	-9.64502119061e-07
4.13187511929e-09	-8.13621525708e-07
4.13283803589e-09	-5.49003040362e-07
4.13380095248e-09	-2.13093331425e-07
4.13476386908e-09	1.40852487007e-07
4.13572678568e-09	4.57512296492e-07
4.13668970228e-09	6.88945966942e-07
4.13765261887e-09	8.031283798e-07
4.13861553547e-09	7.89714640348e-07
4.13957845207e-09	6.61511819544e-07
4.14054136867e-09	4.51108874699e-07
4.14150428526e-09	2.0322367611e-07
4.14246720186e-09	-3.55180613809e-08
4.14343011846e-09	-2.26747145504e-07
4.14439303506e-09	-3.47879581142e-07
4.14535595165e-09	-3.9517359518e-07
4.14631886825e-09	-3.81720731468e-07
4.14728178485e-09	-3.31380835661e-07
4.14824470144e-09	-2.70720176943e-07
4.14920761804e-09	-2.21337883133e-07
4.15017053464e-09	-1.94728288605e-07
4.15113345124e-09	-1.9081490521e-07
4.15209636783e-09	-2.00058948963e-07
4.15305928443e-09	-2.08113858591e-07
4.15402220103e-09	-2.01380847997e-07
4.15498511763e-09	-1.71734562571e-07
4.15594803422e-09	-1.19153215294e-07
4.15691095082e-09	-5.16764284697e-08
4.15787386742e-09	1.71374185953e-08
4.15883678402e-09	7.23594304475e-08
4.15979970061e-09	1.02150622183e-07
4.16076261721e-09	1.01199589153e-07
4.16172553381e-09	7.20030435275e-08
4.16268845041e-09	2.34979378178e-08
4.163651367e-09	-3.24869144919e-08
4.1646142836e-09	-8.58132178649e-08
4.1655772002e-09	-1.32112967677e-07
4.16654011679e-09	-1.74691941801e-07
4.16750303339e-09	-2.23314035708e-07
4.16846594999e-09	-2.9010091751e-07
4.16942886659e-09	-3.83760644596e-07
4.17039178318e-09	-5.04165779347e-07
4.17135469978e-09	-6.39360330013e-07
4.17231761638e-09	-7.66377892703e-07
4.17328053298e-09	-8.56030897722e-07
4.17424344957e-09	-8.80327743147e-07
4.17520636617e-09	-8.20311919725e-07
4.17616928277e-09	-6.72025125326e-07
4.17713219937e-09	-4.48727080382e-07
4.17809511596e-09	-1.78780059201e-07
4.17905803256e-09	9.99495775034e-08
4.18002094916e-09	3.47517461918e-07
4.18098386576e-09	5.29218551648e-07
4.18194678235e-09	6.21212283392e-07
4.18290969895e-09	6.13699734586e-07
4.18387261555e-09	5.11661900404e-07
4.18483553214e-09	3.3364061558e-07
4.18579844874e-09	1.09108240665e-07
4.18676136534e-09	-1.2528541582e-07
4.18772428194e-09	-3.30547697658e-07
4.18868719853e-09	-4.71162138638e-07
4.18965011513e-09	-5.2135433215e-07
4.19061303173e-09	-4.70701825961e-07
4.19157594833e-09	-3.27664350763e-07
4.19253886492e-09	-1.19563877021e-07
4.19350178152e-09	1.11815499082e-07
4.19446469812e-09	3.18567137114e-07
4.19542761472e-09	4.57263796605e-07
4.19639053131e-09	4.99225050632e-07
4.19735344791e-09	4.37637837081e-07
4.19831636451e-09	2.89428475853e-07
4.19927928111e-09	9.11559201455e-08
4.2002421977e-09	-1.10169386502e-07
4.2012051143e-09	-2.6894349503e-07
4.2021680309e-09	-3.52377284685e-07
4.20313094749e-09	-3.48432294572e-07
4.20409386409e-09	-2.68159054073e-07
4.20505678069e-09	-1.41930120989e-07
4.20601969729e-09	-1.06948672141e-08
4.20698261388e-09	8.53142765322e-08
4.20794553048e-09	1.17245157583e-07
4.20890844708e-09	7.47362758347e-08
4.20987136368e-09	-3.24127240603e-08
4.21083428027e-09	-1.78389877092e-07
4.21179719687e-09	-3.29960265333e-07
4.21276011347e-09	-4.56781771518e-07
4.21372303007e-09	-5.40309006425e-07
4.21468594666e-09	-5.78579339106e-07
4.21564886326e-09	-5.85372385231e-07
4.21661177986e-09	-5.84102057388e-07
4.21757469646e-09	-5.98487213566e-07
4.21853761305e-09	-6.43020387159e-07
4.21950052965e-09	-7.16334538353e-07
4.22046344625e-09	-7.99711136423e-07
4.22142636284e-09	-8.61356118875e-07
4.22238927944e-09	-8.65202755662e-07
4.22335219604e-09	-7.81728099142e-07
4.22431511264e-09	-5.97675370528e-07
4.22527802923e-09	-3.21864082053e-07
4.22624094583e-09	1.45701886112e-08
4.22720386243e-09	3.63601415643e-07
4.22816677903e-09	6.70052374474e-07
4.22912969562e-09	8.83280383945e-07
4.23009261222e-09	9.6800367011e-07
4.23105552882e-09	9.11853476282e-07
4.23201844542e-09	7.28170954645e-07
4.23298136201e-09	4.53580065951e-07
4.23394427861e-09	1.40988843711e-07
4.23490719521e-09	-1.50336179061e-07
4.2358701118e-09	-3.65696644522e-07
4.2368330284e-09	-4.64953815893e-07
4.237795945e-09	-4.29798467039e-07
4.2387588616e-09	-2.67164166345e-07
4.23972177819e-09	-8.26144486155e-09
4.24068469479e-09	2.96721168525e-07
4.24164761139e-09	5.87486411519e-07
4.24261052799e-09	8.04709612723e-07
4.24357344458e-09	9.01436449041e-07
4.24453636118e-09	8.52566918397e-07
4.24549927778e-09	6.60216938897e-07
4.24646219438e-09	3.53372801243e-07
4.24742511097e-09	-1.84495370092e-08
4.24838802757e-09	-3.96315702034e-07
4.24935094417e-09	-7.25185900663e-07
4.25031386077e-09	-9.6593189447e-07
4.25127677736e-09	-1.10265434827e-06
4.25223969396e-09	-1.14338429213e-06
4.25320261056e-09	-1.1141696703e-06
4.25416552715e-09	-1.04848110993e-06
4.25512844375e-09	-9.75556709193e-07
4.25609136035e-09	-9.1153193793e-07
4.25705427695e-09	-8.56004646721e-07
4.25801719354e-09	-7.94849150054e-07
4.25898011014e-09	-7.08004732175e-07
4.25994302674e-09	-5.79237889653e-07
4.26090594334e-09	-4.04371840901e-07
4.26186885993e-09	-1.95202883191e-07
4.26283177653e-09	2.21784635102e-08
4.26379469313e-09	2.14047128466e-07
4.26475760973e-09	3.48498726765e-07
4.26572052632e-09	4.04738623061e-07
4.26668344292e-09	3.79407712359e-07
4.26764635952e-09	2.88130578951e-07
4.26860927612e-09	1.61809404986e-07
4.26957219271e-09	3.87637939525e-08
4.27053510931e-09	-4.50510277972e-08
4.27149802591e-09	-6.52124985123e-08
4.2724609425e-09	-1.49744465716e-08
4.2734238591e-09	9.3244892696e-08
4.2743867757e-09	2.31266152895e-07
4.2753496923e-09	3.62469583237e-07
4.27631260889e-09	4.51168400417e-07
4.27727552549e-09	4.71597697782e-07
4.27823844209e-09	4.14288395589e-07
4.27920135869e-09	2.88337979271e-07
4.28016427528e-09	1.19082660177e-07
4.28112719188e-09	-5.81608130545e-08
4.28209010848e-09	-2.06678048897e-07
4.28305302508e-09	-2.97192986665e-07
4.28401594167e-09	-3.14837623527e-07
4.28497885827e-09	-2.62607136037e-07
4.28594177487e-09	-1.60505045699e-07
4.28690469147e-09	-4.05597972986e-08
4.28786760806e-09	6.11073645018e-08
4.28883052466e-09	1.13249338796e-07
4.28979344126e-09	9.72609974781e-08
4.29075635785e-09	1.17511742559e-08
4.29171927445e-09	-1.27314403464e-07
4.29268219105e-09	-2.91072064229e-07
4.29364510765e-09	-4.45701358487e-07
4.29460802424e-09	-5.61610518091e-07
4.29557094084e-09	-6.21231762921e-07
4.29653385744e-09	-6.23116440224e-07
4.29749677404e-09	-5.8100789424e-07
4.29845969063e-09	-5.1820485325e-07
4.29942260723e-09	-4.59135526043e-07
4.30038552383e-09	-4.2098811015e-07
4.30134844043e-09	-4.08227752047e-07
4.30231135702e-09	-4.11924791166e-07
4.30327427362e-09	-4.14110132851e-07
4.30423719022e-09	-3.95470612702e-07
4.30520010682e-09	-3.43582442497e-07
4.30616302341e-09	-2.58727355984e-07
4.30712594001e-09	-1.55118994982e-07
4.30808885661e-09	-5.70265754618e-08
4.3090517732e-09	8.87052209464e-09
4.3100146898e-09	2.2411633438e-08
4.3109776064e-09	-2.26378134016e-08
4.311940523e-09	-1.1507124853e-07
4.31290343959e-09	-2.27674414432e-07
4.31386635619e-09	-3.23197475893e-07
4.31482927279e-09	-3.63438042328e-07
4.31579218939e-09	-3.19221321377e-07
4.31675510598e-09	-1.78789688832e-07
4.31771802258e-09	4.73488626085e-08
4.31868093918e-09	3.26389564265e-07
4.31964385578e-09	6.08509285627e-07
4.32060677237e-09	8.36690782435e-07
4.32156968897e-09	9.59174309756e-07
4.32253260557e-09	9.41898063544e-07
4.32349552217e-09	7.77875056812e-07
4.32445843876e-09	4.90771256523e-07
4.32542135536e-09	1.31307871243e-07
4.32638427196e-09	-2.3317145903e-07
4.32734718855e-09	-5.33796884028e-07
4.32831010515e-09	-7.1617753683e-07
4.32927302175e-09	-7.53203098114e-07
4.33023593835e-09	-6.51276318209e-07
4.33119885494e-09	-4.4822899703e-07
4.33216177154e-09	-2.03477632965e-07
4.33312468814e-09	1.69482952117e-08
4.33408760474e-09	1.56576737353e-07
4.33505052133e-09	1.81680180233e-07
4.33601343793e-09	8.82875266228e-08
4.33697635453e-09	-9.83892753936e-08
4.33793927113e-09	-3.31642969087e-07
4.33890218772e-09	-5.5575641511e-07
4.33986510432e-09	-7.19869625243e-07
4.34082802092e-09	-7.89793729083e-07
4.34179093751e-09	-7.55025306276e-07
4.34275385411e-09	-6.2957400182e-07
4.34371677071e-09	-4.46833182011e-07
4.34467968731e-09	-2.50154634784e-07
4.3456426039e-09	-8.16764060829e-08
4.3466055205e-09	2.77465197485e-08
4.3475684371e-09	6.50364473387e-08
4.3485313537e-09	3.6489449684e-08
4.34949427029e-09	-3.5574666768e-08
4.35045718689e-09	-1.20006330206e-07
4.35142010349e-09	-1.85770764105e-07
4.35238302009e-09	-2.10202930617e-07
4.35334593668e-09	-1.8449137329e-07
4.35430885328e-09	-1.1516921461e-07
4.35527176988e-09	-2.15481037458e-08
4.35623468648e-09	6.99317670438e-08
4.35719760307e-09	1.3276372357e-07
4.35816051967e-09	1.46944376667e-07
4.35912343627e-09	1.03556223152e-07
4.36008635286e-09	6.64099886194e-09
4.36104926946e-09	-1.27757390445e-07
4.36201218606e-09	-2.74880274986e-07
4.36297510266e-09	-4.05973272777e-07
4.36393801925e-09	-4.93664670032e-07
4.36490093585e-09	-5.17298722968e-07
4.36586385245e-09	-4.67444889907e-07
4.36682676905e-09	-3.4872872412e-07
4.36778968564e-09	-1.80210747658e-07
4.36875260224e-09	7.28820559459e-09
4.36971551884e-09	1.77036691085e-07
4.37067843544e-09	2.94591281147e-07
4.37164135203e-09	3.36585632255e-07
4.37260426863e-09	2.97680113448e-07
4.37356718523e-09	1.93308427043e-07
4.37453010183e-09	5.68407436674e-08
4.37549301842e-09	-6.86573855546e-08
4.37645593502e-09	-1.42130884839e-07
4.37741885162e-09	-1.36398247363e-07
4.37838176821e-09	-4.65547635997e-08
4.37934468481e-09	1.0775935344e-07
4.38030760141e-09	2.87066324489e-07
4.38127051801e-09	4.4244409203e-07
4.3822334346e-09	5.28512209996e-07
4.3831963512e-09	5.15162200898e-07
4.3841592678e-09	3.94754968269e-07
4.3851221844e-09	1.83004498666e-07
4.38608510099e-09	-8.62266649193e-08
4.38704801759e-09	-3.70240323733e-07
4.38801093419e-09	-6.27951932231e-07
4.38897385079e-09	-8.28512375151e-07
4.38993676738e-09	-9.56091650295e-07
4.39089968398e-09	-1.01018753895e-06
4.39186260058e-09	-1.00211722298e-06
4.39282551718e-09	-9.49314051368e-07
4.39378843377e-09	-8.69393483427e-07
4.39475135037e-09	-7.75590541124e-07
4.39571426697e-09	-6.74565763248e-07
4.39667718356e-09	-5.6681564331e-07
4.39764010016e-09	-4.49118239487e-07
4.39860301676e-09	-3.18035779046e-07
4.39956593336e-09	-1.73379619994e-07
4.40052884995e-09	-2.05331440739e-08
4.40149176655e-09	1.29128411075e-07
4.40245468315e-09	2.59846043349e-07
4.40341759975e-09	3.54795943736e-07
4.40438051634e-09	4.00375974152e-07
4.40534343294e-09	3.90213905632e-07
4.40630634954e-09	3.27755207863e-07
4.40726926614e-09	2.26697654426e-07
4.40823218273e-09	1.08864533388e-07
4.40919509933e-09	-1.39248612641e-10
4.41015801593e-09	-7.64745511361e-08
4.41112093253e-09	-1.03531309747e-07
4.41208384912e-09	-7.59172547049e-08
4.41304676572e-09	-9.0497742633e-10
4.41400968232e-09	1.03068957813e-07
4.41497259891e-09	2.10590084038e-07
4.41593551551e-09	2.95160480945e-07
4.41689843211e-09	3.35257588802e-07
4.41786134871e-09	3.19035247998e-07
4.4188242653e-09	2.46523869762e-07
4.4197871819e-09	1.28820300205e-07
4.4207500985e-09	-1.53255115265e-08
4.4217130151e-09	-1.64340058895e-07
4.42267593169e-09	-2.98522207842e-07
4.42363884829e-09	-4.03276450456e-07
4.42460176489e-09	-4.70229201355e-07
4.42556468149e-09	-4.96414248374e-07
4.42652759808e-09	-4.82513261346e-07
4.42749051468e-09	-4.31470299489e-07
4.42845343128e-09	-3.48390157612e-07
4.42941634788e-09	-2.41711260784e-07
4.43037926447e-09	-1.2480938949e-07
4.43134218107e-09	-1.66283182779e-08
4.43230509767e-09	6.00327130229e-08
4.43326801426e-09	8.30159727627e-08
4.43423093086e-09	3.72109383306e-08
4.43519384746e-09	-7.91609391371e-08
4.43615676406e-09	-2.50848504635e-07
4.43711968065e-09	-4.46415974409e-07
4.43808259725e-09	-6.24276804473e-07
4.43904551385e-09	-7.42693785583e-07
4.44000843045e-09	-7.70979527331e-07
4.44097134704e-09	-6.98600922888e-07
4.44193426364e-09	-5.39231534091e-07
4.44289718024e-09	-3.28223752177e-07
4.44386009684e-09	-1.14114037331e-07
4.44482301343e-09	5.35734212548e-08
4.44578593003e-09	1.36974188436e-07
4.44674884663e-09	1.19456888825e-07
4.44771176323e-09	9.58530499418e-09
4.44867467982e-09	-1.61320379277e-07
4.44963759642e-09	-3.47191273065e-07
4.45060051302e-09	-4.98580609687e-07
4.45156342961e-09	-5.74325953906e-07
4.45252634621e-09	-5.50508241659e-07
4.45348926281e-09	-4.24692972345e-07
4.45445217941e-09	-2.14794518172e-07
4.455415096e-09	4.67383394209e-08
4.4563780126e-09	3.21409498127e-07
4.4573409292e-09	5.73162572515e-07
4.4583038458e-09	7.74627840983e-07
4.45926676239e-09	9.0979704126e-07
4.46022967899e-09	9.72990237713e-07
4.46119259559e-09	9.65416512955e-07
4.46215551219e-09	8.9127922287e-07
4.46311842878e-09	7.552010306e-07
4.46408134538e-09	5.62130955117e-07
4.46504426198e-09	3.19571411111e-07
4.46600717857e-09	4.07541271841e-08
4.46697009517e-09	-2.53053928034e-07
4.46793301177e-09	-5.32853837498e-07
4.46889592837e-09	-7.65649998513e-07
4.46985884496e-09	-9.21003673326e-07
4.47082176156e-09	-9.78665960716e-07
4.47178467816e-09	-9.34919228257e-07
4.47274759476e-09	-8.05374096302e-07
4.47371051135e-09	-6.22934768657e-07
4.47467342795e-09	-4.31138744261e-07
4.47563634455e-09	-2.74490856711e-07
4.47659926115e-09	-1.88275748769e-07
4.47756217774e-09	-1.90532171374e-07
4.47852509434e-09	-2.78230830375e-07
4.47948801094e-09	-4.28463788893e-07
4.48045092754e-09	-6.04109716917e-07
4.48141384413e-09	-7.62282313715e-07
4.48237676073e-09	-8.63356749647e-07
4.48333967733e-09	-8.78574175189e-07
4.48430259392e-09	-7.94860858022e-07
4.48526551052e-09	-6.16296395251e-07
4.48622842712e-09	-3.62539708476e-07
4.48719134372e-09	-6.50727507434e-08
4.48815426031e-09	2.37918820645e-07
4.48911717691e-09	5.07259024118e-07
4.49008009351e-09	7.08394143345e-07
4.49104301011e-09	8.1641053562e-07
4.4920059267e-09	8.19873433144e-07
4.4929688433e-09	7.22753460636e-07
4.4939317599e-09	5.43888777571e-07
4.4948946765e-09	3.13807928976e-07
4.49585759309e-09	6.9213612619e-08
4.49682050969e-09	-1.53808024095e-07
4.49778342629e-09	-3.2628742197e-07
4.49874634289e-09	-4.31074239415e-07
4.49970925948e-09	-4.64618304719e-07
4.50067217608e-09	-4.35571385182e-07
4.50163509268e-09	-3.60929591992e-07
4.50259800927e-09	-2.61001725121e-07
4.50356092587e-09	-1.54727604951e-07
4.50452384247e-09	-5.65826940857e-08
4.50548675907e-09	2.45628619666e-08
4.50644967566e-09	8.49355643595e-08
4.50741259226e-09	1.24380068911e-07
4.50837550886e-09	1.44773514066e-07
4.50933842546e-09	1.48868641858e-07
4.51030134205e-09	1.39636324725e-07
4.51126425865e-09	1.19868051485e-07
4.51222717525e-09	9.17236508968e-08
4.51319009185e-09	5.61536488419e-08
4.51415300844e-09	1.24842021165e-08
4.51511592504e-09	-4.14534859772e-08
4.51607884164e-09	-1.08335495241e-07
4.51704175824e-09	-1.89480447332e-07
4.51800467483e-09	-2.82667123486e-07
4.51896759143e-09	-3.80562225288e-07
4.51993050803e-09	-4.70724629054e-07
4.52089342462e-09	-5.37735649786e-07
4.52185634122e-09	-5.6722204711e-07
4.52281925782e-09	-5.5070395355e-07
4.52378217442e-09	-4.89676340365e-07
4.52474509101e-09	-3.97261471718e-07
4.52570800761e-09	-2.96364936148e-07
4.52667092421e-09	-2.1445018028e-07
4.52763384081e-09	-1.76141849551e-07
4.5285967574e-09	-1.95707007933e-07
4.529559674e-09	-2.7180361073e-07
4.5305225906e-09	-3.86320905932e-07
4.5314855072e-09	-5.07911392944e-07
4.53244842379e-09	-5.9945599773e-07
4.53341134039e-09	-6.27533712105e-07
4.53437425699e-09	-5.71374490832e-07
4.53533717359e-09	-4.28863732083e-07
4.53630009018e-09	-2.17890887555e-07
4.53726300678e-09	2.73067612966e-08
4.53822592338e-09	2.63833365821e-07
4.53918883997e-09	4.49996710117e-07
4.54015175657e-09	5.54921475882e-07
4.54111467317e-09	5.65535295038e-07
4.54207758977e-09	4.89264271764e-07
4.54304050636e-09	3.51846493274e-07
4.54400342296e-09	1.90875947936e-07
4.54496633956e-09	4.66747369643e-08
4.54592925616e-09	-4.7307562312e-08
4.54689217275e-09	-7.21582953389e-08
4.54785508935e-09	-2.73968865372e-08
4.54881800595e-09	6.96387747467e-08
4.54978092255e-09	1.88539662105e-07
4.55074383914e-09	2.93327341083e-07
4.55170675574e-09	3.50758281087e-07
4.55266967234e-09	3.3740199612e-07
4.55363258894e-09	2.44011729933e-07
4.55459550553e-09	7.67030208237e-08
4.55555842213e-09	-1.44780024414e-07
4.55652133873e-09	-3.90975607445e-07
4.55748425532e-09	-6.27762188898e-07
4.55844717192e-09	-8.21614653645e-07
4.55941008852e-09	-9.4447386445e-07
4.56037300512e-09	-9.77795570734e-07
4.56133592171e-09	-9.1537722291e-07
4.56229883831e-09	-7.64606841841e-07
4.56326175491e-09	-5.45729555768e-07
4.56422467151e-09	-2.88995131825e-07
4.5651875881e-09	-3.00296214562e-08
4.5661505047e-09	1.95810320847e-07
4.5671134213e-09	3.5898902695e-07
4.5680763379e-09	4.40059475082e-07
4.56903925449e-09	4.31909397136e-07
4.57000217109e-09	3.39847451514e-07
4.57096508769e-09	1.79822688295e-07
4.57192800429e-09	-2.44763915802e-08
4.57289092088e-09	-2.44828407325e-07
4.57385383748e-09	-4.51636669396e-07
4.57481675408e-09	-6.1699053866e-07
4.57577967067e-09	-7.17651003512e-07
4.57674258727e-09	-7.38033216763e-07
4.57770550387e-09	-6.72953033742e-07
4.57866842047e-09	-5.2949282825e-07
4.57963133706e-09	-3.27281510337e-07
4.58059425366e-09	-9.65694475497e-08
4.58155717026e-09	1.26077283724e-07
4.58252008686e-09	3.03901531495e-07
4.58348300345e-09	4.06846545786e-07
4.58444592005e-09	4.17786431228e-07
4.58540883665e-09	3.36515642019e-07
4.58637175325e-09	1.80417114137e-07
4.58733466984e-09	-1.84891195687e-08
4.58829758644e-09	-2.1978193665e-07
4.58926050304e-09	-3.82961552248e-07
4.59022341963e-09	-4.75942583122e-07
4.59118633623e-09	-4.81739544256e-07
4.59214925283e-09	-4.01734281397e-07
4.59311216943e-09	-2.54671288502e-07
4.59407508602e-09	-7.15673031948e-08
4.59503800262e-09	1.12101741223e-07
4.59600091922e-09	2.64746834233e-07
4.59696383582e-09	3.65237381672e-07
4.59792675241e-09	4.05991112729e-07
4.59888966901e-09	3.91989694037e-07
4.59985258561e-09	3.36394961664e-07
4.60081550221e-09	2.54547908085e-07
4.6017784188e-09	1.58645873327e-07
4.6027413354e-09	5.49071881295e-08
4.603704252e-09	-5.60217898737e-08
4.6046671686e-09	-1.75858327012e-07
4.60563008519e-09	-3.0426589781e-07
4.60659300179e-09	-4.35215788741e-07
4.60755591839e-09	-5.55776530575e-07
4.60851883498e-09	-6.48020323624e-07
4.60948175158e-09	-6.93503404037e-07
4.61044466818e-09	-6.78895496264e-07
4.61140758478e-09	-6.00914331628e-07
4.61237050137e-09	-4.68912094931e-07
4.61333341797e-09	-3.0420978625e-07
4.61429633457e-09	-1.36261670391e-07
4.61525925117e-09	3.42044081947e-09
4.61622216776e-09	8.81141213327e-08
4.61718508436e-09	1.01902951855e-07
4.61814800096e-09	4.3407590411e-08
4.61911091756e-09	-7.36663334777e-08
4.62007383415e-09	-2.23252728304e-07
4.62103675075e-09	-3.72375165369e-07
4.62199966735e-09	-4.88158424794e-07
4.62296258395e-09	-5.44773261169e-07
4.62392550054e-09	-5.28713988146e-07
4.62488841714e-09	-4.41262260509e-07
4.62585133374e-09	-2.97670704086e-07
4.62681425033e-09	-1.23401271424e-07
4.62777716693e-09	5.15487244002e-08
4.62874008353e-09	1.9885753666e-07
4.62970300013e-09	2.97242840119e-07
4.63066591672e-09	3.35984905675e-07
4.63162883332e-09	3.16176960169e-07
4.63259174992e-09	2.49661066931e-07
4.63355466652e-09	1.55974259286e-07
4.63451758311e-09	5.79432679615e-08
4.63548049971e-09	-2.32707400016e-08
4.63644341631e-09	-7.27932647493e-08
4.63740633291e-09	-8.53578718818e-08
4.6383692495e-09	-6.64011121643e-08
4.6393321661e-09	-3.04326697176e-08
4.6402950827e-09	3.15493764447e-09
4.6412579993e-09	1.59079611706e-08
4.64222091589e-09	-3.8095038235e-09
4.64318383249e-09	-5.67039659671e-08
4.64414674909e-09	-1.31672637238e-07
4.64510966568e-09	-2.08659813872e-07
4.64607258228e-09	-2.64596647703e-07
4.64703549888e-09	-2.80659090635e-07
4.64799841548e-09	-2.48580485973e-07
4.64896133207e-09	-1.7401012542e-07
4.64992424867e-09	-7.57623777048e-08
4.65088716527e-09	1.89193176681e-08
4.65185008187e-09	8.17051173385e-08
4.65281299846e-09	9.09857575948e-08
4.65377591506e-09	3.79260498562e-08
4.65473883166e-09	-7.09502980811e-08
4.65570174826e-09	-2.15364067913e-07
4.65666466485e-09	-3.66566574428e-07
4.65762758145e-09	-4.9473433883e-07
4.65859049805e-09	-5.76467529712e-07
4.65955341465e-09	-6.00394857386e-07
4.66051633124e-09	-5.69326198629e-07
4.66147924784e-09	-4.98459829856e-07
4.66244216444e-09	-4.1028954989e-07
4.66340508103e-09	-3.27745020456e-07
4.66436799763e-09	-2.6757813032e-07
4.66533091423e-09	-2.35950556871e-07
4.66629383083e-09	-2.27480351001e-07
4.66725674742e-09	-2.27943427689e-07
4.66821966402e-09	-2.1969962738e-07
4.66918258062e-09	-1.88057754258e-07
4.67014549722e-09	-1.2655264392e-07
4.67110841381e-09	-3.94850800944e-08
4.67207133041e-09	5.90249609189e-08
4.67303424701e-09	1.49107249214e-07
4.67399716361e-09	2.10962456393e-07
4.6749600802e-09	2.30595405881e-07
4.6759229968e-09	2.03757178241e-07
4.6768859134e-09	1.37010223611e-07
4.67784883e-09	4.57942501697e-08
4.67881174659e-09	-4.96769168024e-08
4.67977466319e-09	-1.29398030069e-07
4.68073757979e-09	-1.78045869603e-07
4.68170049638e-09	-1.87804964469e-07
4.68266341298e-09	-1.59173280778e-07
4.68362632958e-09	-9.99171430038e-08
4.68458924618e-09	-2.26568293016e-08
4.68555216277e-09	5.80726702282e-08
4.68651507937e-09	1.28570446734e-07
4.68747799597e-09	1.78197328893e-07
4.68844091257e-09	2.00811227202e-07
4.68940382916e-09	1.95216104615e-07
4.69036674576e-09	1.64711645212e-07
4.69132966236e-09	1.15846845006e-07
4.69229257896e-09	5.6512659441e-08
4.69325549555e-09	-6.21220408448e-09
4.69421841215e-09	-6.79162184269e-08
4.69518132875e-09	-1.27844273834e-07
4.69614424534e-09	-1.88639086574e-07
4.69710716194e-09	-2.54826401758e-07
4.69807007854e-09	-3.30421407568e-07
4.69903299514e-09	-4.16386043867e-07
4.69999591173e-09	-5.08851236702e-07
4.70095882833e-09	-5.98802765595e-07
4.70192174493e-09	-6.73416261421e-07
4.70288466153e-09	-7.18753820905e-07
4.70384757812e-09	-7.23115736179e-07
4.70481049472e-09	-6.80101525319e-07
4.70577341132e-09	-5.90538643763e-07
4.70673632792e-09	-4.62839331306e-07
4.70769924451e-09	-3.11777478501e-07
4.70866216111e-09	-1.5601761838e-07
4.70962507771e-09	-1.49682346517e-08
4.71058799431e-09	9.44190343688e-08
4.7115509109e-09	1.60363171631e-07
4.7125138275e-09	1.78098215287e-07
4.7134767441e-09	1.5057238123e-07
4.71443966069e-09	8.78887611577e-08
4.71540257729e-09	5.57695223335e-09
4.71636549389e-09	-7.8121267677e-08
4.71732841049e-09	-1.45493194381e-07
4.71829132708e-09	-1.8250943512e-07
4.71925424368e-09	-1.81322080905e-07
4.72021716028e-09	-1.41510490437e-07
4.72118007688e-09	-6.97496354007e-08
4.72214299347e-09	2.19561098191e-08
4.72310591007e-09	1.19048369385e-07
4.72406882667e-09	2.07494117888e-07
4.72503174327e-09	2.76318479209e-07
4.72599465986e-09	3.18920770681e-07
4.72695757646e-09	3.32908511425e-07
4.72792049306e-09	3.18750304373e-07
4.72888340966e-09	2.77908688062e-07
4.72984632625e-09	2.11273972539e-07
4.73080924285e-09	1.18706005026e-07
4.73177215945e-09	8.881784197e-12
4.73273507604e-09	-1.42956522176e-07
4.73369799264e-09	-3.03852029759e-07
4.73466090924e-09	-4.70190828494e-07
4.73562382584e-09	-6.23367993668e-07
4.73658674243e-09	-7.40927932341e-07
4.73754965903e-09	-8.00815710633e-07
4.73851257563e-09	-7.86638338468e-07
4.73947549223e-09	-6.92537339475e-07
4.74043840882e-09	-5.26304873461e-07
4.74140132542e-09	-3.09664981657e-07
4.74236424202e-09	-7.52903464019e-08
4.74332715862e-09	1.3890167061e-07
4.74429007521e-09	2.97002490157e-07
4.74525299181e-09	3.7237776418e-07
4.74621590841e-09	3.5329973791e-07
4.74717882501e-09	2.45669166787e-07
4.7481417416e-09	7.20916624175e-08
4.7491046582e-09	-1.32602998804e-07
4.7500675748e-09	-3.28445901587e-07
4.75103049139e-09	-4.78553390693e-07
4.75199340799e-09	-5.56673306562e-07
4.75295632459e-09	-5.52292735989e-07
4.75391924119e-09	-4.72154875197e-07
4.75488215778e-09	-3.37862621436e-07
4.75584507438e-09	-1.80205820044e-07
4.75680799098e-09	-3.17001340733e-08
4.75777090758e-09	8.07598024011e-08
4.75873382417e-09	1.41303617696e-07
4.75969674077e-09	1.47304856313e-07
4.76065965737e-09	1.08122188536e-07
4.76162257397e-09	4.09958307301e-08
4.76258549056e-09	-3.45232518129e-08
4.76354840716e-09	-1.01921635576e-07
4.76451132376e-09	-1.51385094682e-07
4.76547424036e-09	-1.80915749937e-07
4.76643715695e-09	-1.94888086114e-07
4.76740007355e-09	-2.00758487168e-07
4.76836299015e-09	-2.0513865806e-07
4.76932590674e-09	-2.10610323848e-07
4.77028882334e-09	-2.14319841874e-07
4.77125173994e-09	-2.08791378853e-07
4.77221465654e-09	-1.84728701669e-07
4.77317757313e-09	-1.34893365811e-07
4.77414048973e-09	-5.78236907245e-08
4.77510340633e-09	3.98689241621e-08
4.77606632293e-09	1.43550213494e-07
4.77702923952e-09	2.33095333257e-07
4.77799215612e-09	2.87356037632e-07
4.77895507272e-09	2.89429658906e-07
4.77991798932e-09	2.31229519088e-07
4.78088090591e-09	1.16080856927e-07
4.78184382251e-09	-4.13487342144e-08
4.78280673911e-09	-2.17788493018e-07
4.78376965571e-09	-3.86030654553e-07
4.7847325723e-09	-5.20319924036e-07
4.7856954889e-09	-6.01222355456e-07
4.7866584055e-09	-6.18934867802e-07
4.78762132209e-09	-5.74549620325e-07
4.78858423869e-09	-4.79350246607e-07
4.78954715529e-09	-3.52456456909e-07
4.79051007189e-09	-2.17377071898e-07
4.79147298848e-09	-9.80846053267e-08
4.79243590508e-09	-1.50564041235e-08
4.79339882168e-09	1.82954682515e-08
4.79436173828e-09	-1.69434422048e-09
4.79532465487e-09	-6.7670911541e-08
4.79628757147e-09	-1.61812618416e-07
4.79725048807e-09	-2.584574883e-07
4.79821340467e-09	-3.28701968755e-07
4.79917632126e-09	-3.46361970216e-07
4.80013923786e-09	-2.94142546764e-07
4.80110215446e-09	-1.68638701226e-07
4.80206507106e-09	1.70575038538e-08
4.80302798765e-09	2.34106753538e-07
4.80399090425e-09	4.42280953195e-07
4.80495382085e-09	5.9725130086e-07
4.80591673744e-09	6.59487804811e-07
4.80687965404e-09	6.02986084175e-07
4.80784257064e-09	4.21880516299e-07
4.80880548724e-09	1.33361160337e-07
4.80976840383e-09	-2.23929205845e-07
4.81073132043e-09	-5.95960631955e-07
4.81169423703e-09	-9.2282895281e-07
4.81265715363e-09	-1.14987158462e-06
4.81362007022e-09	-1.23811074282e-06
4.81458298682e-09	-1.17180918302e-06
4.81554590342e-09	-9.61506962938e-07
4.81650882002e-09	-6.41859999817e-07
4.81747173661e-09	-2.64786725879e-07
4.81843465321e-09	1.10523123098e-07
4.81939756981e-09	4.28519530971e-07
4.8203604864e-09	6.46738104848e-07
4.821323403e-09	7.41946136529e-07
4.8222863196e-09	7.12123174651e-07
4.8232492362e-09	5.74391265218e-07
4.82421215279e-09	3.5998703396e-07
4.82517506939e-09	1.07816605421e-07
4.82613798599e-09	-1.4202280596e-07
4.82710090259e-09	-3.53697133804e-07
4.82806381918e-09	-4.99600333548e-07
4.82902673578e-09	-5.62892488176e-07
4.82998965238e-09	-5.3879628048e-07
4.83095256898e-09	-4.34729654941e-07
4.83191548557e-09	-2.69255025387e-07
4.83287840217e-09	-6.97129092231e-08
4.83384131877e-09	1.3150480882e-07
4.83480423537e-09	3.01685382453e-07
4.83576715196e-09	4.12827397156e-07
4.83673006856e-09	4.46042980329e-07
4.83769298516e-09	3.94407463133e-07
4.83865590175e-09	2.63683793023e-07
4.83961881835e-09	7.08727956322e-08
4.84058173495e-09	-1.58928123994e-07
4.84154465155e-09	-3.96552996662e-07
4.84250756814e-09	-6.12908719333e-07
4.84347048474e-09	-7.82587423309e-07
4.84443340134e-09	-8.86585772797e-07
4.84539631794e-09	-9.1413617298e-07
4.84635923453e-09	-8.63791539629e-07
4.84732215113e-09	-7.43779400736e-07
4.84828506773e-09	-5.71435139207e-07
4.84924798433e-09	-3.71515101349e-07
4.85021090092e-09	-1.73133825498e-07
4.85117381752e-09	-5.26879873064e-09
4.85213673412e-09	1.0860301991e-07
4.85309965072e-09	1.55662677415e-07
4.85406256731e-09	1.37331428007e-07
4.85502548391e-09	6.99827893413e-08
4.85598840051e-09	-1.80115335979e-08
4.8569513171e-09	-9.27478218671e-08
4.8579142337e-09	-1.23380678119e-07
4.8588771503e-09	-9.05714685473e-08
4.8598400669e-09	7.55553131171e-09
4.86080298349e-09	1.53836124284e-07
4.86176590009e-09	3.15642065374e-07
4.86272881669e-09	4.5272443927e-07
4.86369173329e-09	5.27225948233e-07
4.86465464988e-09	5.1322612471e-07
4.86561756648e-09	4.03317292452e-07
4.86658048308e-09	2.10603802842e-07
4.86754339968e-09	-3.41351640287e-08
4.86850631627e-09	-2.8910598715e-07
4.86946923287e-09	-5.10233080675e-07
4.87043214947e-09	-6.59957695603e-07
4.87139506607e-09	-7.14307248018e-07
4.87235798266e-09	-6.67051791581e-07
4.87332089926e-09	-5.30458731163e-07
4.87428381586e-09	-3.32743720577e-07
4.87524673245e-09	-1.12775481398e-07
4.87620964905e-09	8.7021335915e-08
4.87717256565e-09	2.28411195735e-07
4.87813548225e-09	2.84503540726e-07
4.87909839884e-09	2.45037767854e-07
4.88006131544e-09	1.1873585315e-07
4.88102423204e-09	-6.78945912824e-08
4.88198714864e-09	-2.7536541225e-07
4.88295006523e-09	-4.58974419359e-07
4.88391298183e-09	-5.78183685818e-07
4.88487589843e-09	-6.0570923921e-07
4.88583881503e-09	-5.34271078934e-07
4.88680173162e-09	-3.79260438166e-07
4.88776464822e-09	-1.76245642081e-07
4.88872756482e-09	2.65750852435e-08
4.88969048142e-09	1.79489500596e-07
4.89065339801e-09	2.43475643202e-07
4.89161631461e-09	2.0046051219e-07
4.89257923121e-09	5.86814188352e-08
4.8935421478e-09	-1.48625399987e-07
4.8945050644e-09	-3.71172641067e-07
4.895467981e-09	-5.54434672395e-07
4.8964308976e-09	-6.53991618194e-07
4.89739381419e-09	-6.473531311e-07
4.89835673079e-09	-5.3988314086e-07
4.89931964739e-09	-3.63017159444e-07
4.90028256399e-09	-1.6509344114e-07
4.90124548058e-09	2.59826649085e-09
4.90220839718e-09	1.00537244307e-07
4.90317131378e-09	1.12256149265e-07
4.90413423038e-09	4.88325451187e-08
4.90509714697e-09	-5.47809992923e-08
4.90606006357e-09	-1.50424675383e-07
4.90702298017e-09	-1.91283278994e-07
4.90798589677e-09	-1.46167156601e-07
4.90894881336e-09	-9.36873334467e-09
4.90991172996e-09	1.96702515609e-07
4.91087464656e-09	4.26747627458e-07
4.91183756315e-09	6.241338113e-07
4.91280047975e-09	7.35557707188e-07
4.91376339635e-09	7.24795928164e-07
4.91472631295e-09	5.81895744034e-07
4.91568922954e-09	3.2556672025e-07
4.91665214614e-09	-1.57038115844e-09
4.91761506274e-09	-3.43303090844e-07
4.91857797934e-09	-6.42749851565e-07
4.91954089593e-09	-8.54497676173e-07
4.92050381253e-09	-9.52998433945e-07
4.92146672913e-09	-9.35491630827e-07
4.92242964573e-09	-8.19450310274e-07
4.92339256232e-09	-6.3597455302e-07
4.92435547892e-09	-4.2139171974e-07
4.92531839552e-09	-2.09595061307e-07
4.92628131212e-09	-2.69569220279e-08
4.92724422871e-09	1.09532031445e-07
4.92820714531e-09	1.91336035016e-07
4.92917006191e-09	2.15973178896e-07
4.9301329785e-09	1.84705973183e-07
4.9310958951e-09	1.01486078208e-07
4.9320588117e-09	-2.65238515595e-08
4.9330217283e-09	-1.87425067466e-07
4.93398464489e-09	-3.63179491814e-07
4.93494756149e-09	-5.29606186461e-07
4.93591047809e-09	-6.58653815933e-07
4.93687339469e-09	-7.22900621142e-07
4.93783631128e-09	-7.01326277053e-07
4.93879922788e-09	-5.84936675097e-07
4.93976214448e-09	-3.80604237904e-07
4.94072506108e-09	-1.11760307675e-07
4.94168797767e-09	1.84495757338e-07
4.94265089427e-09	4.63393428518e-07
4.94361381087e-09	6.80492366456e-07
4.94457672746e-09	7.9997672664e-07
4.94553964406e-09	8.01409647977e-07
4.94650256066e-09	6.83638615939e-07
4.94746547726e-09	4.6503585871e-07
4.94842839385e-09	1.79951481272e-07
4.94939131045e-09	-1.27777928682e-07
4.95035422705e-09	-4.12904785918e-07
4.95131714365e-09	-6.368294585e-07
4.95228006024e-09	-7.73897294692e-07
4.95324297684e-09	-8.14716710096e-07
4.95420589344e-09	-7.66157216781e-07
4.95516881004e-09	-6.4829319335e-07
4.95613172663e-09	-4.8921908391e-07
4.95709464323e-09	-3.19163044438e-07
4.95805755983e-09	-1.65176984979e-07
4.95902047643e-09	-4.71873775609e-08
4.95998339302e-09	2.42049544852e-08
4.96094630962e-09	4.8175058609e-08
4.96190922622e-09	3.26938511819e-08
4.96287214281e-09	-7.57940199492e-09
4.96383505941e-09	-5.43735048097e-08
4.96479797601e-09	-8.95525200661e-08
4.96576089261e-09	-9.90830200109e-08
4.9667238092e-09	-7.65644969647e-08
4.9676867258e-09	-2.53318628296e-08
4.9686496424e-09	4.17861905078e-08
4.969612559e-09	1.05409576179e-07
4.97057547559e-09	1.44837175142e-07
4.97153839219e-09	1.44252137346e-07
4.97250130879e-09	9.79876659812e-08
4.97346422539e-09	1.29610526756e-08
4.97442714198e-09	-9.28043313309e-08
4.97539005858e-09	-1.95286091298e-07
4.97635297518e-09	-2.71654146289e-07
4.97731589178e-09	-3.07135636035e-07
4.97827880837e-09	-2.99210007881e-07
4.97924172497e-09	-2.57755292665e-07
4.98020464157e-09	-2.01213195439e-07
4.98116755816e-09	-1.50307773339e-07
4.98213047476e-09	-1.21646632323e-07
4.98309339136e-09	-1.23383202322e-07
4.98405630796e-09	-1.54154687237e-07
4.98501922455e-09	-2.0517352084e-07
4.98598214115e-09	-2.6414093135e-07
4.98694505775e-09	-3.19165598839e-07
4.98790797435e-09	-3.61211202282e-07
4.98887089094e-09	-3.8451528539e-07
4.98983380754e-09	-3.85522104906e-07
4.99079672414e-09	-3.6158362704e-07
4.99175964074e-09	-3.10564809425e-07
4.99272255733e-09	-2.31837958609e-07
4.99368547393e-09	-1.28347334538e-07
4.99464839053e-09	-8.58894821931e-09
4.99561130713e-09	1.12880695013e-07
4.99657422372e-09	2.17233298017e-07
4.99753714032e-09	2.85246334997e-07
4.99850005692e-09	3.0217294622e-07
4.99946297351e-09	2.61998271966e-07
5.00042589011e-09	1.69489391411e-07
5.00138880671e-09	3.93070216376e-08
5.00235172331e-09	-1.07453104192e-07
5.0033146399e-09	-2.48119855328e-07
5.0042775565e-09	-3.63082550692e-07
5.0052404731e-09	-4.38798855029e-07
5.0062033897e-09	-4.68703055034e-07
5.00716630629e-09	-4.52408476903e-07
5.00812922289e-09	-3.94062771747e-07
5.00909213949e-09	-3.00967071709e-07
5.01005505609e-09	-1.83107401242e-07
5.01101797268e-09	-5.33021413673e-08
5.01198088928e-09	7.27602520456e-08
5.01294380588e-09	1.77432145421e-07
5.01390672248e-09	2.43626743668e-07
5.01486963907e-09	2.5866467368e-07
5.01583255567e-09	2.18224222692e-07
5.01679547227e-09	1.28927512222e-07
5.01775838886e-09	8.23992785115e-09
5.01872130546e-09	-1.18951644978e-07
5.01968422206e-09	-2.26415592053e-07
5.02064713866e-09	-2.93553002351e-07
5.02161005525e-09	-3.1112888621e-07
5.02257297185e-09	-2.83836287807e-07
5.02353588845e-09	-2.28716178441e-07
5.02449880505e-09	-1.69866762434e-07
5.02546172164e-09	-1.31034658679e-07
5.02642463824e-09	-1.28402030342e-07
5.02738755484e-09	-1.65813164088e-07
5.02835047144e-09	-2.33798926885e-07
5.02931338803e-09	-3.12620420218e-07
5.03027630463e-09	-3.7830158206e-07
5.03123922123e-09	-4.09751592656e-07
5.03220213783e-09	-3.94876021659e-07
5.03316505442e-09	-3.33948888098e-07
5.03412797102e-09	-2.3944325811e-07
5.03509088762e-09	-1.32547297582e-07
5.03605380421e-09	-3.7506699968e-08
5.03701672081e-09	2.45088216388e-08
5.03797963741e-09	4.03709652375e-08
5.03894255401e-09	7.60822338464e-09
5.0399054706e-09	-6.57715961694e-08
5.0408683872e-09	-1.63899157357e-07
5.0418313038e-09	-2.67071635918e-07
5.0427942204e-09	-3.5594391079e-07
5.04375713699e-09	-4.14842224572e-07
5.04472005359e-09	-4.3356083701e-07
5.04568297019e-09	-4.076112603e-07
5.04664588679e-09	-3.37356624414e-07
5.04760880338e-09	-2.26813298809e-07
5.04857171998e-09	-8.28386923502e-08
5.04953463658e-09	8.50558450338e-08
5.05049755318e-09	2.64361474933e-07
5.05146046977e-09	4.3913652803e-07
5.05242338637e-09	5.90236655995e-07
5.05338630297e-09	6.96779931531e-07
5.05434921956e-09	7.3893780872e-07
5.05531213616e-09	7.01743980258e-07
5.05627505276e-09	5.79088045072e-07
5.05723796936e-09	3.76703303218e-07
5.05820088595e-09	1.131297509e-07
5.05916380255e-09	-1.81936929522e-07
5.06012671915e-09	-4.71928499834e-07
5.06108963575e-09	-7.19560288687e-07
5.06205255234e-09	-8.93529600532e-07
5.06301546894e-09	-9.74236725071e-07
5.06397838554e-09	-9.57181576666e-07
5.06494130214e-09	-8.53245609278e-07
5.06590421873e-09	-6.85862332261e-07
5.06686713533e-09	-4.85884440238e-07
5.06783005193e-09	-2.85417687707e-07
5.06879296852e-09	-1.12072436664e-07
5.06975588512e-09	1.50920413944e-08
5.07071880172e-09	8.72973267008e-08
5.07168171832e-09	1.05492809155e-07
5.07264463491e-09	7.80651774335e-08
5.07360755151e-09	1.77189214412e-08
5.07457046811e-09	-6.15286133154e-08
5.07553338471e-09	-1.46594313577e-07
5.0764963013e-09	-2.26574419671e-07
5.0774592179e-09	-2.93126165118e-07
5.0784221345e-09	-3.40331707704e-07
5.0793850511e-09	-3.64402589881e-07
5.08034796769e-09	-3.63454930152e-07
5.08131088429e-09	-3.37431462327e-07
5.08227380089e-09	-2.88049083252e-07
5.08323671749e-09	-2.18607903335e-07
5.08419963408e-09	-1.33695786886e-07
5.08516255068e-09	-3.89011027835e-08
5.08612546728e-09	5.93469966503e-08
5.08708838387e-09	1.5375432838e-07
5.08805130047e-09	2.36046730606e-07
5.08901421707e-09	2.97136841354e-07
5.08997713367e-09	3.28015538287e-07
5.09094005026e-09	3.21496674616e-07
5.09190296686e-09	2.74524088795e-07
5.09286588346e-09	1.90295612157e-07
5.09382880006e-09	7.92139562833e-08
5.09479171665e-09	-4.21753423296e-08
5.09575463325e-09	-1.54406006203e-07
5.09671754985e-09	-2.39786077216e-07
5.09768046645e-09	-2.87203741678e-07
5.09864338304e-09	-2.95283079765e-07
5.09960629964e-09	-2.72631817566e-07
5.10056921624e-09	-2.3493286605e-07
5.10153213284e-09	-1.99717897331e-07
5.10249504943e-09	-1.80556787299e-07
5.10345796603e-09	-1.82689035455e-07
5.10442088263e-09	-2.01617818441e-07
5.10538379922e-09	-2.25087264383e-07
5.10634671582e-09	-2.37707103778e-07
5.10730963242e-09	-2.26591613028e-07
5.10827254902e-09	-1.86164138327e-07
5.10923546561e-09	-1.20633185219e-07
5.11019838221e-09	-4.34524549675e-08
5.11116129881e-09	2.59021755156e-08
5.11212421541e-09	6.6818184763e-08
5.113087132e-09	6.27801366448e-08
5.1140500486e-09	5.71168534691e-09
5.1150129652e-09	-1.01524044283e-07
5.1159758818e-09	-2.44943263894e-07
5.11693879839e-09	-4.01529652194e-07
5.11790171499e-09	-5.43245283424e-07
5.11886463159e-09	-6.42370906689e-07
5.11982754819e-09	-6.77195442833e-07
5.12079046478e-09	-6.36890350236e-07
5.12175338138e-09	-5.2449293797e-07
5.12271629798e-09	-3.57110105043e-07
5.12367921457e-09	-1.62901280021e-07
5.12464213117e-09	2.47382985208e-08
5.12560504777e-09	1.74526276098e-07
5.12656796437e-09	2.64381531778e-07
5.12753088096e-09	2.86362823232e-07
5.12849379756e-09	2.48049884632e-07
5.12945671416e-09	1.69835812969e-07
5.13041963076e-09	7.88506699934e-08
5.13138254735e-09	1.26995125527e-09
5.13234546395e-09	-4.48346479942e-08
5.13330838055e-09	-5.40271205551e-08
5.13427129715e-09	-3.41698633832e-08
5.13523421374e-09	-3.16162740432e-09
5.13619713034e-09	1.7201225333e-08
5.13716004694e-09	8.34308444553e-09
5.13812296354e-09	-3.90991914401e-08
5.13908588013e-09	-1.22037597805e-07
5.14004879673e-09	-2.25359742423e-07
5.14101171333e-09	-3.25877215879e-07
5.14197462992e-09	-3.98562237436e-07
5.14293754652e-09	-4.23369726832e-07
5.14390046312e-09	-3.90813308826e-07
5.14486337972e-09	-3.04722588496e-07
5.14582629631e-09	-1.8148087122e-07
5.14678921291e-09	-4.60647342493e-08
5.14775212951e-09	7.40930499177e-08
5.14871504611e-09	1.55735007112e-07
5.1496779627e-09	1.85015855081e-07
5.1506408793e-09	1.60074641542e-07
5.1516037959e-09	9.0428114774e-08
5.1525667125e-09	-6.49045972523e-09
5.15352962909e-09	-1.10417815335e-07
5.15449254569e-09	-2.03346132821e-07
5.15545546229e-09	-2.73278493168e-07
5.15641837889e-09	-3.15809357332e-07
5.15738129548e-09	-3.33381388273e-07
5.15834421208e-09	-3.32886037846e-07
5.15930712868e-09	-3.22574759792e-07
5.16027004527e-09	-3.09204811089e-07
5.16123296187e-09	-2.96180090231e-07
5.16219587847e-09	-2.82958859898e-07
5.16315879507e-09	-2.65595666349e-07
5.16412171166e-09	-2.38244703077e-07
5.16508462826e-09	-1.95287270799e-07
5.16604754486e-09	-1.33664794788e-07
5.16701046146e-09	-5.49823528928e-08
5.16797337805e-09	3.31804237419e-08
5.16893629465e-09	1.17337178196e-07
5.16989921125e-09	1.79987161175e-07
5.17086212785e-09	2.0331213868e-07
5.17182504444e-09	1.74016224541e-07
5.17278796104e-09	8.80332517994e-08
5.17375087764e-09	-4.64199860772e-08
5.17471379423e-09	-2.08705561278e-07
5.17567671083e-09	-3.6913939816e-07
5.17663962743e-09	-4.9536575375e-07
5.17760254403e-09	-5.60105494429e-07
5.17856546062e-09	-5.48158901381e-07
5.17952837722e-09	-4.60686585768e-07
5.18049129382e-09	-3.15440802368e-07
5.18145421042e-09	-1.4275373772e-07
5.18241712701e-09	2.15820694649e-08
5.18338004361e-09	1.44651240319e-07
5.18434296021e-09	2.03900478724e-07
5.18530587681e-09	1.91882755018e-07
5.1862687934e-09	1.17261913957e-07
5.18723171e-09	2.12206785477e-09
5.1881946266e-09	-1.23624781523e-07
5.1891575432e-09	-2.29320351153e-07
5.19012045979e-09	-2.90422102367e-07
5.19108337639e-09	-2.93648596994e-07
5.19204629299e-09	-2.39388617373e-07
5.19300920958e-09	-1.40987534536e-07
5.19397212618e-09	-2.12176978209e-08
5.19493504278e-09	9.31862160769e-08
5.19589795938e-09	1.77598385775e-07
5.19686087597e-09	2.14727727155e-07
5.19782379257e-09	1.97888169851e-07
5.19878670917e-09	1.31696841876e-07
5.19974962577e-09	3.01553573223e-08
5.20071254236e-09	-8.71779164413e-08
5.20167545896e-09	-1.99803874779e-07
5.20263837556e-09	-2.90558055838e-07
5.20360129216e-09	-3.48542494422e-07
5.20456420875e-09	-3.70204057631e-07
5.20552712535e-09	-3.58642163079e-07
5.20649004195e-09	-3.21617795507e-07
5.20745295855e-09	-2.69040056011e-07
5.20841587514e-09	-2.10724106608e-07
5.20937879174e-09	-1.54939888475e-07
5.21034170834e-09	-1.07946139138e-07
5.21130462493e-09	-7.43822905491e-08
5.21226754153e-09	-5.80282470963e-08
5.21323045813e-09	-6.23221154683e-08
5.21419337473e-09	-9.02106975786e-08
5.21515629132e-09	-1.43200447056e-07
5.21611920792e-09	-2.19801112422e-07
5.21708212452e-09	-3.13932229545e-07
5.21804504112e-09	-4.14168885854e-07
5.21900795771e-09	-5.04488287589e-07
5.21997087431e-09	-5.6676431015e-07
5.22093379091e-09	-5.84654513247e-07
5.22189670751e-09	-5.47863612255e-07
5.2228596241e-09	-4.55511221631e-07
5.2238225407e-09	-3.17350968615e-07
5.2247854573e-09	-1.52174633783e-07
5.2257483739e-09	1.62659645753e-08
5.22671129049e-09	1.64715318718e-07
5.22767420709e-09	2.75683744277e-07
5.22863712369e-09	3.40939397603e-07
5.22960004028e-09	3.62279868327e-07
5.23056295688e-09	3.49567054414e-07
5.23152587348e-09	3.16825508051e-07
5.23248879008e-09	2.77813832383e-07
5.23345170667e-09	2.42416891894e-07
5.23441462327e-09	2.14679529265e-07
5.23537753987e-09	1.927847606e-07
5.23634045647e-09	1.70578257297e-07
5.23730337306e-09	1.39844981817e-07
5.23826628966e-09	9.26576504412e-08
5.23922920626e-09	2.3334445487e-08
5.24019212286e-09	-7.01619491394e-08
5.24115503945e-09	-1.85322401869e-07
5.24211795605e-09	-3.14646300126e-07
5.24308087265e-09	-4.45794336557e-07
5.24404378925e-09	-5.62547437966e-07
5.24500670584e-09	-6.46853504094e-07
5.24596962244e-09	-6.8203227066e-07
5.24693253904e-09	-6.56690881229e-07
5.24789545563e-09	-5.68528490064e-07
5.24885837223e-09	-4.26862017733e-07
5.24982128883e-09	-2.52745040896e-07
5.25078420543e-09	-7.60621929885e-08
5.25174712202e-09	7.02311453438e-08
5.25271003862e-09	1.57528633693e-07
5.25367295522e-09	1.68746401741e-07
5.25463587182e-09	1.03201660551e-07
5.25559878841e-09	-2.24611671484e-08
5.25656170501e-09	-1.77899647014e-07
5.25752462161e-09	-3.26458319932e-07
5.25848753821e-09	-4.34396721261e-07
5.2594504548e-09	-4.7939279213e-07
5.2604133714e-09	-4.55872122274e-07
5.261376288e-09	-3.756971374e-07
5.2623392046e-09	-2.64102466119e-07
5.26330212119e-09	-1.52185251068e-07
5.26426503779e-09	-6.82188652235e-08
5.26522795439e-09	-3.02381266692e-08
5.26619087098e-09	-4.18546122205e-08
5.26715378758e-09	-9.22497278566e-08
5.26811670418e-09	-1.59998874594e-07
5.26907962078e-09	-2.19358540221e-07
5.27004253737e-09	-2.47215080407e-07
5.27100545397e-09	-2.28871947172e-07
5.27196837057e-09	-1.61327232462e-07
5.27293128717e-09	-5.35209814245e-08
5.27389420376e-09	7.62025198497e-08
5.27485712036e-09	2.04585010266e-07
5.27582003696e-09	3.08708296259e-07
5.27678295356e-09	3.70837282659e-07
5.27774587015e-09	3.81857123699e-07
5.27870878675e-09	3.42658177388e-07
5.27967170335e-09	2.63357586405e-07
5.28063461995e-09	1.60616714595e-07
5.28159753654e-09	5.36824718012e-08
5.28256045314e-09	-3.98959159043e-08
5.28352336974e-09	-1.07910326008e-07
5.28448628633e-09	-1.45725303824e-07
5.28544920293e-09	-1.56620723502e-07
5.28641211953e-09	-1.5019682742e-07
5.28737503613e-09	-1.39324805914e-07
5.28833795272e-09	-1.36489580527e-07
5.28930086932e-09	-1.5049132962e-07
5.29026378592e-09	-1.84357897837e-07
5.29122670252e-09	-2.35029276041e-07
5.29218961911e-09	-2.94836132397e-07
5.29315253571e-09	-3.54203130826e-07
5.29411545231e-09	-4.04743209614e-07
5.29507836891e-09	-4.41792611383e-07
5.2960412855e-09	-4.65512529857e-07
5.2970042021e-09	-4.80155683213e-07
5.2979671187e-09	-4.91799047708e-07
5.29893003529e-09	-5.05270773665e-07
5.29989295189e-09	-5.21251600105e-07
5.30085586849e-09	-5.34716809497e-07
5.30181878509e-09	-5.35408972269e-07
5.30278170168e-09	-5.1037243054e-07
5.30374461828e-09	-4.48036340472e-07
5.30470753488e-09	-3.42625213534e-07
5.30567045148e-09	-1.97481302422e-07
5.30663336807e-09	-2.62291877107e-08
5.30759628467e-09	1.48883415818e-07
5.30855920127e-09	3.01319339258e-07
5.30952211787e-09	4.06195413305e-07
5.31048503446e-09	4.46405975296e-07
5.31144795106e-09	4.17305324518e-07
5.31241086766e-09	3.28526411408e-07
5.31337378426e-09	2.02347655076e-07
5.31433670085e-09	6.8845228185e-08
5.31529961745e-09	-4.11447391713e-08
5.31626253405e-09	-1.03515267469e-07
5.31722545064e-09	-1.0692555108e-07
5.31818836724e-09	-5.58519079874e-08
5.31915128384e-09	3.02407059394e-08
5.32011420044e-09	1.21526513297e-07
5.32107711703e-09	1.85100070382e-07
5.32204003363e-09	1.93136347804e-07
5.32300295023e-09	1.29974022656e-07
5.32396586683e-09	-3.64141072851e-09
5.32492878342e-09	-1.90166586478e-07
5.32589170002e-09	-3.98693197567e-07
5.32685461662e-09	-5.91377282255e-07
5.32781753322e-09	-7.31390707998e-07
5.32878044981e-09	-7.90599202105e-07
5.32974336641e-09	-7.55394873764e-07
5.33070628301e-09	-6.29571287547e-07
5.33166919961e-09	-4.33689878676e-07
5.3326321162e-09	-2.0109198573e-07
5.3335950328e-09	2.8615263048e-08
5.3345579494e-09	2.1733829314e-07
5.33552086599e-09	3.35970225862e-07
5.33648378259e-09	3.69986139503e-07
5.33744669919e-09	3.21925325508e-07
5.33840961579e-09	2.10161084979e-07
5.33937253238e-09	6.42013873176e-08
5.34033544898e-09	-8.23719688015e-08
5.34129836558e-09	-1.99592738781e-07
5.34226128218e-09	-2.67596158565e-07
5.34322419877e-09	-2.80357927096e-07
5.34418711537e-09	-2.45919345332e-07
5.34515003197e-09	-1.83320029379e-07
5.34611294857e-09	-1.17213863504e-07
5.34707586516e-09	-7.16482126961e-08
5.34803878176e-09	-6.45819842049e-08
5.34900169836e-09	-1.0427453212e-07
5.34996461496e-09	-1.88041866522e-07
5.35092753155e-09	-3.03329496631e-07
5.35189044815e-09	-4.30608116275e-07
5.35285336475e-09	-5.47268987461e-07
5.35381628134e-09	-6.31672842033e-07
5.35477919794e-09	-6.66696280405e-07
5.35574211454e-09	-6.42259598393e-07
5.35670503114e-09	-5.5656887632e-07
5.35766794773e-09	-4.16061633146e-07
5.35863086433e-09	-2.3422015083e-07
5.35959378093e-09	-2.96010540524e-08
5.36055669753e-09	1.76505656313e-07
5.36151961412e-09	3.62412661659e-07
5.36248253072e-09	5.08176640324e-07
5.36344544732e-09	5.97507840538e-07
5.36440836392e-09	6.19475017061e-07
5.36537128051e-09	5.70007136602e-07
5.36633419711e-09	4.53080025054e-07
5.36729711371e-09	2.81291654858e-07
5.36826003031e-09	7.53216777838e-08
5.3692229469e-09	-1.38137844274e-07
5.3701858635e-09	-3.29983803837e-07
5.3711487801e-09	-4.73425302516e-07
5.37211169669e-09	-5.49013140727e-07
5.37307461329e-09	-5.48769477859e-07
5.37403752989e-09	-4.78261151571e-07
5.37500044649e-09	-3.55930712459e-07
5.37596336308e-09	-2.09643864935e-07
5.37692627968e-09	-7.10530621006e-08
5.37788919628e-09	3.10188692509e-08
5.37885211288e-09	7.66094281346e-08
5.37981502947e-09	5.87256270279e-08
5.38077794607e-09	-1.53581414253e-08
5.38174086267e-09	-1.25961443942e-07
5.38270377927e-09	-2.45625437323e-07
5.38366669586e-09	-3.45433706528e-07
5.38462961246e-09	-4.01586430776e-07
5.38559252906e-09	-4.0077168606e-07
5.38655544566e-09	-3.43116189683e-07
5.38751836225e-09	-2.42033173947e-07
5.38848127885e-09	-1.20997439623e-07
5.38944419545e-09	-8.02942246025e-09
5.39040711204e-09	7.07757816798e-08
5.39137002864e-09	9.71842979425e-08
5.39233294524e-09	6.48873808018e-08
5.39329586184e-09	-1.92060323201e-08
5.39425877843e-09	-1.3665393972e-07
5.39522169503e-09	-2.61664887091e-07
5.39618461163e-09	-3.667942714e-07
5.39714752823e-09	-4.28920925444e-07
5.39811044482e-09	-4.34268246252e-07
5.39907336142e-09	-3.8140458436e-07
5.40003627802e-09	-2.81615120556e-07
5.40099919462e-09	-1.56573074506e-07
5.40196211121e-09	-3.37612675594e-08
5.40292502781e-09	5.94010653998e-08
5.40388794441e-09	1.01471023584e-07
5.40485086101e-09	8.16198930664e-08
5.4058137776e-09	1.97556282444e-09
5.4067766942e-09	-1.22793021085e-07
5.4077396108e-09	-2.6845730261e-07
5.40870252739e-09	-4.06005364439e-07
5.40966544399e-09	-5.07127273508e-07
5.41062836059e-09	-5.49267575423e-07
5.41159127719e-09	-5.1933683487e-07
5.41255419378e-09	-4.15646690399e-07
5.41351711038e-09	-2.47980757706e-07
5.41448002698e-09	-3.59741001432e-08
5.41544294358e-09	1.93838822327e-07
5.41640586017e-09	4.11892784768e-07
5.41736877677e-09	5.89902811043e-07
5.41833169337e-09	7.05104806542e-07
5.41929460997e-09	7.43779425605e-07
5.42025752656e-09	7.03402568192e-07
5.42122044316e-09	5.92891199247e-07
5.42218335976e-09	4.30682391084e-07
5.42314627635e-09	2.40921563588e-07
5.42410919295e-09	4.8510338857e-08
5.42507210955e-09	-1.25848252708e-07
5.42603502615e-09	-2.69355380667e-07
5.42699794274e-09	-3.7859284685e-07
5.42796085934e-09	-4.58378679014e-07
5.42892377594e-09	-5.18434637442e-07
5.42988669254e-09	-5.68965942804e-07
5.43084960913e-09	-6.16591872671e-07
5.43181252573e-09	-6.6200674631e-07
5.43277544233e-09	-7.00102802398e-07
5.43373835893e-09	-7.22388655561e-07
5.43470127552e-09	-7.20754876227e-07
5.43566419212e-09	-6.91094545147e-07
5.43662710872e-09	-6.35345998035e-07
5.43759002532e-09	-5.61201215277e-07
5.43855294191e-09	-4.7959919236e-07
5.43951585851e-09	-4.00977578252e-07
5.44047877511e-09	-3.31752575633e-07
5.4414416917e-09	-2.72365509701e-07
5.4424046083e-09	-2.17606165975e-07
5.4433675249e-09	-1.59063985095e-07
5.4443304415e-09	-8.87669262539e-08
5.44529335809e-09	-2.69767852501e-09
5.44625627469e-09	9.69813598317e-08
5.44721919129e-09	2.01704777325e-07
5.44818210789e-09	2.98298068913e-07
5.44914502448e-09	3.72144958405e-07
5.45010794108e-09	4.108197178e-07
5.45107085768e-09	4.0727769246e-07
5.45203377428e-09	3.61861483e-07
5.45299669087e-09	2.82712663946e-07
5.45395960747e-09	1.84510247081e-07
5.45492252407e-09	8.57261834852e-08
5.45588544067e-09	4.8282444709e-09
5.45684835726e-09	-4.38867981956e-08
5.45781127386e-09	-5.39528830501e-08
5.45877419046e-09	-2.89137016551e-08
5.45973710705e-09	1.77612964336e-08
5.46070002365e-09	6.53570300102e-08
5.46166294025e-09	9.08744226535e-08
5.46262585685e-09	7.51682094347e-08
5.46358877344e-09	8.69201066678e-09
5.46455169004e-09	-1.04780419008e-07
5.46551460664e-09	-2.4774472962e-07
5.46647752324e-09	-3.9227398041e-07
5.46744043983e-09	-5.06378292187e-07
5.46840335643e-09	-5.61903634733e-07
5.46936627303e-09	-5.41974808144e-07
5.47032918963e-09	-4.4605692473e-07
5.47129210622e-09	-2.91268243302e-07
5.47225502282e-09	-1.09486904876e-07
5.47321793942e-09	5.91722137955e-08
5.47418085602e-09	1.75116934287e-07
5.47514377261e-09	2.0831275549e-07
5.47610668921e-09	1.45533189055e-07
5.47706960581e-09	-5.8683289339e-09
5.4780325224e-09	-2.18705121569e-07
5.478995439e-09	-4.51328112661e-07
5.4799583556e-09	-6.56593011072e-07
5.4809212722e-09	-7.92459170285e-07
5.48188418879e-09	-8.3179861754e-07
5.48284710539e-09	-7.68960861208e-07
5.48381002199e-09	-6.21231029285e-07
5.48477293859e-09	-4.24587971892e-07
5.48573585518e-09	-2.24701450335e-07
5.48669877178e-09	-6.53433041009e-08
5.48766168838e-09	2.27954632948e-08
5.48862460498e-09	2.98077331706e-08
5.48958752157e-09	-3.13188088796e-08
5.49055043817e-09	-1.28744385819e-07
5.49151335477e-09	-2.20873323187e-07
5.49247627137e-09	-2.67967479317e-07
5.49343918796e-09	-2.43014124379e-07
5.49440210456e-09	-1.38893788915e-07
5.49536502116e-09	2.99847151553e-08
5.49632793775e-09	2.31822804508e-07
5.49729085435e-09	4.25946490523e-07
5.49825377095e-09	5.73173410956e-07
5.49921668755e-09	6.45158761969e-07
5.50017960414e-09	6.30386866263e-07
5.50114252074e-09	5.35561031967e-07
5.50210543734e-09	3.82468369864e-07
5.50306835394e-09	2.01690921742e-07
5.50403127053e-09	2.5101003942e-08
5.50499418713e-09	-1.20909387391e-07
5.50595710373e-09	-2.19922362987e-07
5.50692002033e-09	-2.67123041908e-07
5.50788293692e-09	-2.68342533971e-07
5.50884585352e-09	-2.3725520748e-07
5.50980877012e-09	-1.91725661125e-07
5.51077168672e-09	-1.50240200725e-07
5.51173460331e-09	-1.28889645623e-07
5.51269751991e-09	-1.39021160805e-07
5.51366043651e-09	-1.85643319384e-07
5.5146233531e-09	-2.66599277765e-07
5.5155862697e-09	-3.72589980202e-07
5.5165491863e-09	-4.88344466198e-07
5.5175121029e-09	-5.95110376977e-07
5.51847501949e-09	-6.74236765086e-07
5.51943793609e-09	-7.11208704374e-07
5.52040085269e-09	-6.99140834115e-07
5.52136376929e-09	-6.40546820918e-07
5.52232668588e-09	-5.46519823175e-07
5.52328960248e-09	-4.33347516093e-07
5.52425251908e-09	-3.17514807335e-07
5.52521543568e-09	-2.10694100389e-07
5.52617835227e-09	-1.1659844823e-07
5.52714126887e-09	-3.11218872895e-08
5.52810418547e-09	5.40765272561e-08
5.52906710206e-09	1.45763705106e-07
5.53003001866e-09	2.43277519019e-07
5.53099293526e-09	3.35214267011e-07
5.53195585186e-09	4.00550252522e-07
5.53291876845e-09	4.14408022564e-07
5.53388168505e-09	3.56953174574e-07
5.53484460165e-09	2.22544484174e-07
5.53580751825e-09	2.56608760907e-08
5.53677043484e-09	-1.99085905095e-07
5.53773335144e-09	-4.03653123371e-07
5.53869626804e-09	-5.38577742404e-07
5.53965918464e-09	-5.66989241335e-07
5.54062210123e-09	-4.76347841172e-07
5.54158501783e-09	-2.8409257169e-07
5.54254793443e-09	-3.51087052763e-08
5.54351085103e-09	2.08697638726e-07
5.54447376762e-09	3.84050734326e-07
5.54543668422e-09	4.4290375989e-07
5.54639960082e-09	3.65349372089e-07
5.54736251741e-09	1.65285342746e-07
5.54832543401e-09	-1.1265311084e-07
5.54928835061e-09	-4.04045351843e-07
5.55025126721e-09	-6.40530403828e-07
5.5512141838e-09	-7.66313286604e-07
5.5521771004e-09	-7.51177951841e-07
5.553140017e-09	-5.96953132259e-07
5.5541029336e-09	-3.36168547221e-07
5.55506585019e-09	-2.36813857413e-08
5.55602876679e-09	2.76334858995e-07
5.55699168339e-09	5.0470603874e-07
5.55795459999e-09	6.19517638967e-07
5.55891751658e-09	6.03821431966e-07
5.55988043318e-09	4.67428497686e-07
5.56084334978e-09	2.42832115305e-07
5.56180626638e-09	-2.32965273739e-08
5.56276918297e-09	-2.80889278059e-07
5.56373209957e-09	-4.87106142089e-07
5.56469501617e-09	-6.14462987159e-07
5.56565793276e-09	-6.54910737197e-07
5.56662084936e-09	-6.19317395589e-07
5.56758376596e-09	-5.3275465639e-07
5.56854668256e-09	-4.26979029911e-07
5.56950959915e-09	-3.32075543952e-07
5.57047251575e-09	-2.69283214394e-07
5.57143543235e-09	-2.4669164489e-07
5.57239834895e-09	-2.58700714184e-07
5.57336126554e-09	-2.89168719192e-07
5.57432418214e-09	-3.17240880676e-07
5.57528709874e-09	-3.24106235183e-07
5.57625001534e-09	-2.98813533917e-07
5.57721293193e-09	-2.41551299851e-07
5.57817584853e-09	-1.63399331399e-07
5.57913876513e-09	-8.26624217964e-08
5.58010168173e-09	-1.8819910963e-08
5.58106459832e-09	1.41423992517e-08
5.58202751492e-09	1.28452537496e-08
5.58299043152e-09	-1.36798430361e-08
5.58395334811e-09	-4.63033735798e-08
5.58491626471e-09	-6.18814048892e-08
5.58587918131e-09	-4.14252259162e-08
5.58684209791e-09	2.23008953526e-08
5.5878050145e-09	1.20435849738e-07
5.5887679311e-09	2.28752046638e-07
5.5897308477e-09	3.13765115223e-07
5.5906937643e-09	3.42719800983e-07
5.59165668089e-09	2.94408357249e-07
5.59261959749e-09	1.6731323349e-07
5.59358251409e-09	-1.7699765209e-08
5.59454543069e-09	-2.21375454856e-07
5.59550834728e-09	-3.95854497626e-07
5.59647126388e-09	-4.97396836607e-07
5.59743418048e-09	-4.98335490207e-07
5.59839709708e-09	-3.94879537069e-07
5.59936001367e-09	-2.08613780472e-07
5.60032293027e-09	1.85818862519e-08
5.60128584687e-09	2.34584037528e-07
5.60224876346e-09	3.8920923906e-07
5.60321168006e-09	4.45457660092e-07
5.60417459666e-09	3.87263698443e-07
5.60513751326e-09	2.22244892711e-07
5.60610042985e-09	-2.06994288376e-08
5.60706334645e-09	-2.97914416691e-07
5.60802626305e-09	-5.60031626406e-07
5.60898917965e-09	-7.61599915577e-07
5.60995209624e-09	-8.6938471533e-07
5.61091501284e-09	-8.6795773413e-07
5.61187792944e-09	-7.6176655206e-07
5.61284084604e-09	-5.73458470043e-07
5.61380376263e-09	-3.3898813534e-07
5.61476667923e-09	-1.00620583865e-07
5.61572959583e-09	1.00814148141e-07
5.61669251243e-09	2.32937555467e-07
5.61765542902e-09	2.76833231894e-07
5.61861834562e-09	2.293250283e-07
5.61958126222e-09	1.0241200421e-07
5.62054417881e-09	-7.97667585317e-08
5.62150709541e-09	-2.85666249766e-07
5.62247001201e-09	-4.81749182768e-07
5.62343292861e-09	-6.37671513815e-07
5.6243958452e-09	-7.30525149706e-07
5.6253587618e-09	-7.47624859798e-07
5.6263216784e-09	-6.87567975888e-07
5.627284595e-09	-5.59541296852e-07
5.62824751159e-09	-3.8107867617e-07
5.62921042819e-09	-1.74727539992e-07
5.63017334479e-09	3.57479823521e-08
5.63113626139e-09	2.28891662957e-07
5.63209917798e-09	3.88050711564e-07
5.63306209458e-09	5.0245939498e-07
5.63402501118e-09	5.66994836859e-07
5.63498792778e-09	5.810365451e-07
5.63595084437e-09	5.47148930607e-07
5.63691376097e-09	4.7031824657e-07
5.63787667757e-09	3.58087037355e-07
5.63883959416e-09	2.21312800974e-07
5.63980251076e-09	7.47839195014e-08
5.64076542736e-09	-6.31796091e-08
5.64172834396e-09	-1.72758712225e-07
5.64269126055e-09	-2.36393772113e-07
5.64365417715e-09	-2.43466507399e-07
5.64461709375e-09	-1.94396287512e-07
5.64558001035e-09	-1.02578994188e-07
5.64654292694e-09	6.98306656943e-09
5.64750584354e-09	1.02584177597e-07
5.64846876014e-09	1.53279497539e-07
5.64943167674e-09	1.36923556937e-07
5.65039459333e-09	4.64215670348e-08
5.65135750993e-09	-1.0777638515e-07
5.65232042653e-09	-2.99911203427e-07
5.65328334312e-09	-4.95407515899e-07
5.65424625972e-09	-6.59799924918e-07
5.65520917632e-09	-7.67530830004e-07
5.65617209292e-09	-8.0805530267e-07
5.65713500951e-09	-7.87475292086e-07
5.65809792611e-09	-7.2536676754e-07
5.65906084271e-09	-6.47866301051e-07
5.66002375931e-09	-5.7913831597e-07
5.6609866759e-09	-5.33843284245e-07
5.6619495925e-09	-5.1282408009e-07
5.6629125091e-09	-5.03220034531e-07
5.6638754257e-09	-4.82941617364e-07
5.66483834229e-09	-4.28139314224e-07
5.66580125889e-09	-3.21475926768e-07
5.66676417549e-09	-1.58801109151e-07
5.66772709209e-09	4.77421071565e-08
5.66869000868e-09	2.71102290839e-07
5.66965292528e-09	4.7489608157e-07
5.67061584188e-09	6.21782014321e-07
5.67157875847e-09	6.82453022094e-07
5.67254167507e-09	6.42921561322e-07
5.67350459167e-09	5.08364161433e-07
5.67446750827e-09	3.0267185025e-07
5.67543042486e-09	6.38681285636e-08
5.67639334146e-09	-1.63445202261e-07
5.67735625806e-09	-3.36884530938e-07
5.67831917466e-09	-4.24535851806e-07
5.67928209125e-09	-4.11156934277e-07
5.68024500785e-09	-3.01253429313e-07
5.68120792445e-09	-1.1856315929e-07
5.68217084105e-09	9.79774608112e-08
5.68313375764e-09	3.0130717299e-07
5.68409667424e-09	4.45321587605e-07
5.68505959084e-09	4.94351755975e-07
5.68602250744e-09	4.31235283926e-07
5.68698542403e-09	2.62147766605e-07
5.68794834063e-09	1.66557114767e-08
5.68891125723e-09	-2.57556919792e-07
5.68987417382e-09	-5.04591408657e-07
5.69083709042e-09	-6.72883727404e-07
5.69180000702e-09	-7.27495837793e-07
5.69276292362e-09	-6.59069254283e-07
5.69372584021e-09	-4.86966611035e-07
5.69468875681e-09	-2.55460419041e-07
5.69565167341e-09	-2.36901573913e-08
5.69661459001e-09	1.48255816512e-07
5.6975775066e-09	2.13789677517e-07
5.6985404232e-09	1.51147116156e-07
5.6995033398e-09	-3.12561514448e-08
5.7004662564e-09	-2.96642735265e-07
5.70142917299e-09	-5.88367134569e-07
5.70239208959e-09	-8.42945398816e-07
5.70335500619e-09	-1.00430600725e-06
5.70431792279e-09	-1.03585273159e-06
5.70528083938e-09	-9.27724640221e-07
5.70624375598e-09	-6.97868378197e-07
5.70720667258e-09	-3.87100511645e-07
5.70816958917e-09	-4.97557763879e-08
5.70913250577e-09	2.57646400215e-07
5.71009542237e-09	4.87128264837e-07
5.71105833897e-09	6.07270512987e-07
5.71202125556e-09	6.07312719225e-07
5.71298417216e-09	4.97149859058e-07
5.71394708876e-09	3.03853697758e-07
5.71491000536e-09	6.58518475305e-08
5.71587292195e-09	-1.73909967316e-07
5.71683583855e-09	-3.74720920959e-07
5.71779875515e-09	-5.04025701176e-07
5.71876167175e-09	-5.41920529784e-07
5.71972458834e-09	-4.83816286589e-07
5.72068750494e-09	-3.41002648341e-07
5.72165042154e-09	-1.38854924003e-07
5.72261333814e-09	8.73294929704e-08
5.72357625473e-09	2.98440023805e-07
5.72453917133e-09	4.58688981908e-07
5.72550208793e-09	5.42369997802e-07
5.72646500452e-09	5.38645943848e-07
5.72742792112e-09	4.5312916086e-07
5.72839083772e-09	3.05737721362e-07
5.72935375432e-09	1.25337313861e-07
5.73031667091e-09	-5.73270391158e-08
5.73127958751e-09	-2.16425714683e-07
5.73224250411e-09	-3.35691645148e-07
5.73320542071e-09	-4.09856401262e-07
5.7341683373e-09	-4.42927095889e-07
5.7351312539e-09	-4.44347783457e-07
5.7360941705e-09	-4.24709199365e-07
5.7370570871e-09	-3.9256949691e-07
5.73802000369e-09	-3.53299965283e-07
5.73898292029e-09	-3.09971298407e-07
5.73994583689e-09	-2.65400396771e-07
5.74090875349e-09	-2.24068989141e-07
5.74187167008e-09	-1.9279546315e-07
5.74283458668e-09	-1.79646107767e-07
5.74379750328e-09	-1.91372222957e-07
5.74476041987e-09	-2.30322728889e-07
5.74572333647e-09	-2.92074227914e-07
5.74668625307e-09	-3.64833683264e-07
5.74764916967e-09	-4.31155749325e-07
5.74861208626e-09	-4.71670277946e-07
5.74957500286e-09	-4.69819697813e-07
5.75053791946e-09	-4.16344741794e-07
5.75150083606e-09	-3.12233652267e-07
5.75246375265e-09	-1.69250192528e-07
5.75342666925e-09	-7.90916221405e-09
5.75438958585e-09	1.46537427526e-07
5.75535250245e-09	2.6914143092e-07
5.75631541904e-09	3.4012208161e-07
5.75727833564e-09	3.48488670809e-07
5.75824125224e-09	2.93827962849e-07
5.75920416884e-09	1.86099065047e-07
5.76016708543e-09	4.36639417956e-08
5.76113000203e-09	-1.09978186558e-07
5.76209291863e-09	-2.50140319125e-07
5.76305583522e-09	-3.55002978125e-07
5.76401875182e-09	-4.09232987053e-07
5.76498166842e-09	-4.06555471955e-07
5.76594458502e-09	-3.50784777225e-07
5.76690750161e-09	-2.55039971364e-07
5.76787041821e-09	-1.39135948984e-07
5.76883333481e-09	-2.55125662818e-08
5.76979625141e-09	6.5467192556e-08
5.770759168e-09	1.1976360792e-07
5.7717220846e-09	1.32477405046e-07
5.7726850012e-09	1.08455378012e-07
5.7736479178e-09	6.04864105469e-08
5.77461083439e-09	5.64001290115e-09
5.77557375099e-09	-3.9389853157e-08
5.77653666759e-09	-6.276049902e-08
5.77749958418e-09	-6.05725514191e-08
5.77846250078e-09	-3.78152300584e-08
5.77942541738e-09	-6.91838941691e-09
5.78038833398e-09	1.57336970119e-08
5.78135125057e-09	1.44758853793e-08
5.78231416717e-09	-2.09406429974e-08
5.78327708377e-09	-9.18662168559e-08
5.78424000037e-09	-1.89473203349e-07
5.78520291696e-09	-2.96156717816e-07
5.78616583356e-09	-3.89427805558e-07
5.78712875016e-09	-4.47444159946e-07
5.78809166676e-09	-4.54804961691e-07
5.78905458335e-09	-4.07082834997e-07
5.79001749995e-09	-3.12814798065e-07
5.79098041655e-09	-1.92284376865e-07
5.79194333315e-09	-7.32848928209e-08
5.79290624974e-09	1.51377772539e-08
5.79386916634e-09	4.943899512e-08
5.79483208294e-09	1.7186819079e-08
5.79579499953e-09	-7.98165604721e-08
5.79675791613e-09	-2.2559309798e-07
5.79772083273e-09	-3.93098586571e-07
5.79868374933e-09	-5.49602741984e-07
5.79964666592e-09	-6.63125938161e-07
5.80060958252e-09	-7.08584471099e-07
5.80157249912e-09	-6.72500414467e-07
5.80253541572e-09	-5.55523389068e-07
5.80349833231e-09	-3.72473115462e-07
5.80446124891e-09	-1.49966679075e-07
5.80542416551e-09	7.79688082986e-08
5.80638708211e-09	2.75598157629e-07
5.8073499987e-09	4.11630850294e-07
5.8083129153e-09	4.64881864559e-07
5.8092758319e-09	4.28405307673e-07
5.8102387485e-09	3.1119344257e-07
5.81120166509e-09	1.36981331167e-07
5.81216458169e-09	-5.98169265231e-08
5.81312749829e-09	-2.40395380047e-07
5.81409041488e-09	-3.68827141273e-07
5.81505333148e-09	-4.18852732054e-07
5.81601624808e-09	-3.78809934531e-07
5.81697916468e-09	-2.53704200759e-07
5.81794208127e-09	-6.41230339937e-08
5.81890499787e-09	1.57616419472e-07
5.81986791447e-09	3.73219677385e-07
5.82083083107e-09	5.44897197585e-07
5.82179374766e-09	6.41445511818e-07
5.82275666426e-09	6.43055244609e-07
5.82371958086e-09	5.44270957192e-07
5.82468249746e-09	3.54795934854e-07
5.82564541405e-09	9.81101528907e-08
5.82660833065e-09	-1.91904141467e-07
5.82757124725e-09	-4.75961179802e-07
5.82853416385e-09	-7.15388223327e-07
5.82949708044e-09	-8.78278662242e-07
5.83045999704e-09	-9.44741108455e-07
5.83142291364e-09	-9.10258894038e-07
5.83238583023e-09	-7.8638255907e-07
5.83334874683e-09	-5.9846052558e-07
5.83431166343e-09	-3.80823287571e-07
5.83527458003e-09	-1.70383248843e-07
5.83623749662e-09	1.77653447508e-11
5.83720041322e-09	1.07093493185e-07
5.83816332982e-09	1.40351640532e-07
5.83912624642e-09	1.02609087449e-07
5.84008916301e-09	7.99812305274e-09
5.84105207961e-09	-1.21758858995e-07
5.84201499621e-09	-2.61740005669e-07
5.84297791281e-09	-3.87923257961e-07
5.8439408294e-09	-4.80357963184e-07
5.844903746e-09	-5.25185416933e-07
5.8458666626e-09	-5.15682138769e-07
5.8468295792e-09	-4.52645496196e-07
5.84779249579e-09	-3.44311523293e-07
5.84875541239e-09	-2.05698267308e-07
5.84971832899e-09	-5.71077976019e-08
5.85068124558e-09	7.8478889165e-08
5.85164416218e-09	1.79142386258e-07
5.85260707878e-09	2.28433009397e-07
5.85356999538e-09	2.19450395633e-07
5.85453291197e-09	1.57337938234e-07
5.85549582857e-09	5.91822200136e-08
5.85645874517e-09	-4.9093385357e-08
5.85742166177e-09	-1.38396415217e-07
5.85838457836e-09	-1.83393865427e-07
5.85934749496e-09	-1.68888592889e-07
5.86031041156e-09	-9.37971380566e-08
5.86127332816e-09	2.84040755361e-08
5.86223624475e-09	1.72814209165e-07
5.86319916135e-09	3.08993030274e-07
5.86416207795e-09	4.08013443476e-07
5.86512499455e-09	4.48767613292e-07
5.86608791114e-09	4.22028945124e-07
5.86705082774e-09	3.31553270172e-07
5.86801374434e-09	1.92245696695e-07
5.86897666093e-09	2.61793662304e-08
5.86993957753e-09	-1.42342413412e-07
5.87090249413e-09	-2.91554245635e-07
5.87186541073e-09	-4.05865629105e-07
5.87282832732e-09	-4.77816572086e-07
5.87379124392e-09	-5.08328838578e-07
5.87475416052e-09	-5.05388369376e-07
5.87571707712e-09	-4.81429767163e-07
5.87667999371e-09	-4.50052920264e-07
5.87764291031e-09	-4.22718485993e-07
5.87860582691e-09	-4.06021124277e-07
5.87956874351e-09	-4.00286122471e-07
5.8805316601e-09	-3.99976951115e-07
5.8814945767e-09	-3.95909692585e-07
5.8824574933e-09	-3.78829462022e-07
5.8834204099e-09	-3.43311356232e-07
5.88438332649e-09	-2.9063232887e-07
5.88534624309e-09	-2.29477075564e-07
5.88630915969e-09	-1.73893614175e-07
5.88727207628e-09	-1.38854804987e-07
5.88823499288e-09	-1.34808479046e-07
5.88919790948e-09	-1.63110319917e-07
5.89016082608e-09	-2.14137033439e-07
5.89112374267e-09	-2.69108161532e-07
5.89208665927e-09	-3.05282688018e-07
5.89304957587e-09	-3.0291804709e-07
5.89401249247e-09	-2.51638205384e-07
5.89497540906e-09	-1.5396594133e-07
5.89593832566e-09	-2.47049136703e-08
5.89690124226e-09	1.13599147866e-07
5.89786415886e-09	2.37436582395e-07
5.89882707545e-09	3.28969543162e-07
5.89978999205e-09	3.80240189557e-07
5.90075290865e-09	3.93630983808e-07
5.90171582524e-09	3.78750813823e-07
5.90267874184e-09	3.47239421217e-07
5.90364165844e-09	3.07599473004e-07
5.90460457504e-09	2.62030951603e-07
5.90556749163e-09	2.06387273494e-07
5.90653040823e-09	1.33080293452e-07
5.90749332483e-09	3.57303093779e-08
5.90845624143e-09	-8.62138023194e-08
5.90941915802e-09	-2.24665287263e-07
5.91038207462e-09	-3.62990833835e-07
5.91134499122e-09	-4.79125549901e-07
5.91230790782e-09	-5.50969311064e-07
5.91327082441e-09	-5.6261527881e-07
5.91423374101e-09	-5.09586673303e-07
5.91519665761e-09	-4.01529350214e-07
5.91615957421e-09	-2.61436852611e-07
5.9171224908e-09	-1.21284931431e-07
5.9180854074e-09	-1.49249039794e-08
5.919048324e-09	3.01427753868e-08
5.92001124059e-09	1.31965549599e-11
5.92097415719e-09	-1.01369913352e-07
5.92193707379e-09	-2.52209993334e-07
5.92289999039e-09	-4.17306987188e-07
5.92386290698e-09	-5.56079369218e-07
5.92482582358e-09	-6.32179654403e-07
5.92578874018e-09	-6.2222843944e-07
5.92675165678e-09	-5.21569225143e-07
5.92771457337e-09	-3.4568160423e-07
5.92867748997e-09	-1.26912876652e-07
5.92964040657e-09	9.25516605577e-08
5.93060332317e-09	2.69674464093e-07
5.93156623976e-09	3.69517918486e-07
5.93252915636e-09	3.72302167762e-07
5.93349207296e-09	2.77231604784e-07
5.93445498956e-09	1.02532240476e-07
5.93541790615e-09	-1.1812941203e-07
5.93638082275e-09	-3.42083170679e-07
5.93734373935e-09	-5.2575630427e-07
5.93830665594e-09	-6.33004431094e-07
5.93926957254e-09	-6.42160804531e-07
5.94023248914e-09	-5.50395393262e-07
5.94119540574e-09	-3.74437883366e-07
5.94215832233e-09	-1.4731431186e-07
5.94312123893e-09	8.84292727932e-08
5.94408415553e-09	2.89623262262e-07
5.94504707213e-09	4.21507957427e-07
5.94600998872e-09	4.64805975042e-07
5.94697290532e-09	4.19169776222e-07
5.94793582192e-09	3.02175017453e-07
5.94889873852e-09	1.442171218e-07
5.94986165511e-09	-1.91946529782e-08
5.95082457171e-09	-1.55734962703e-07
5.95178748831e-09	-2.43081998974e-07
5.95275040491e-09	-2.72647922017e-07
5.9537133215e-09	-2.49636077143e-07
5.9546762381e-09	-1.89860665856e-07
5.9556391547e-09	-1.14527823669e-07
5.95660207129e-09	-4.45627748036e-08
5.95756498789e-09	4.0493581821e-09
5.95852790449e-09	2.29127827822e-08
5.95949082109e-09	1.15432676751e-08
5.96045373768e-09	-2.42792275174e-08
5.96141665428e-09	-7.53600986059e-08
5.96237957088e-09	-1.32186213975e-07
5.96334248748e-09	-1.87386987704e-07
5.96430540407e-09	-2.37057047769e-07
5.96526832067e-09	-2.80794575147e-07
5.96623123727e-09	-3.2062307298e-07
5.96719415387e-09	-3.59273602868e-07
5.96815707046e-09	-3.9836715171e-07
5.96911998706e-09	-4.36961737904e-07
5.97008290366e-09	-4.70861811763e-07
5.97104582026e-09	-4.92894690396e-07
5.97200873685e-09	-4.94173914234e-07
5.97297165345e-09	-4.6619765115e-07
5.97393457005e-09	-4.03368019875e-07
5.97489748664e-09	-3.05359902697e-07
5.97586040324e-09	-1.78736174306e-07
5.97682331984e-09	-3.7177288803e-08
5.97778623644e-09	1.00090760569e-07
5.97874915303e-09	2.11563333963e-07
5.97971206963e-09	2.77824993233e-07
5.98067498623e-09	2.86072161515e-07
5.98163790283e-09	2.33581149089e-07
5.98260081942e-09	1.2902686386e-07
5.98356373602e-09	-8.83855832967e-09
5.98452665262e-09	-1.54924820528e-07
5.98548956922e-09	-2.83117506328e-07
5.98645248581e-09	-3.71805152e-07
5.98741540241e-09	-4.08186306089e-07
5.98837831901e-09	-3.9031624155e-07
5.98934123561e-09	-3.26483371893e-07
5.9903041522e-09	-2.32302898695e-07
5.9912670688e-09	-1.26490654395e-07
5.9922299854e-09	-2.65155151169e-08
5.99319290199e-09	5.47405729634e-08
5.99415581859e-09	1.10564304379e-07
5.99511873519e-09	1.40087358602e-07
5.99608165179e-09	1.46531752065e-07
5.99704456838e-09	1.34809925001e-07
5.99800748498e-09	1.09388311742e-07
5.99897040158e-09	7.31235587637e-08
5.99993331818e-09	2.73650702098e-08
6.00089623477e-09	-2.6842009504e-08
6.00185915137e-09	-8.70935856767e-08
6.00282206797e-09	-1.48331272598e-07
6.00378498457e-09	-2.02626965873e-07
6.00474790116e-09	-2.40393902118e-07
6.00571081776e-09	-2.52853192606e-07
6.00667373436e-09	-2.35030897855e-07
6.00763665095e-09	-1.88243310717e-07
6.00859956755e-09	-1.21104406503e-07
6.00956248415e-09	-4.84782436416e-08
6.01052540075e-09	1.16076268597e-08
6.01148831734e-09	4.2359421748e-08
6.01245123394e-09	3.26885238877e-08
6.01341415054e-09	-1.95737364095e-08
6.01437706714e-09	-1.06771584463e-07
6.01533998373e-09	-2.131472705e-07
6.01630290033e-09	-3.18712924496e-07
6.01726581693e-09	-4.04197983528e-07
6.01822873353e-09	-4.55634506125e-07
6.01919165012e-09	-4.67325721232e-07
6.02015456672e-09	-4.42493201191e-07
6.02111748332e-09	-3.91579147774e-07
6.02208039992e-09	-3.28909598224e-07
6.02304331651e-09	-2.6884258375e-07
6.02400623311e-09	-2.22496678859e-07
6.02496914971e-09	-1.95860294205e-07
6.0259320663e-09	-1.89570414477e-07
6.0268949829e-09	-2.00026303965e-07
6.0278578995e-09	-2.21184890847e-07
6.0288208161e-09	-2.46349278754e-07
6.02978373269e-09	-2.69353492399e-07
6.03074664929e-09	-2.84967795139e-07
6.03170956589e-09	-2.88687864725e-07
6.03267248249e-09	-2.76264342958e-07
6.03363539908e-09	-2.43444773673e-07
6.03459831568e-09	-1.86247056888e-07
6.03556123228e-09	-1.01831581389e-07
6.03652414888e-09	1.01610346803e-08
6.03748706547e-09	1.46100257226e-07
6.03844998207e-09	2.97192322307e-07
6.03941289867e-09	4.49104410549e-07
6.04037581527e-09	5.82722448073e-07
6.04133873186e-09	6.76284761525e-07
6.04230164846e-09	7.08788087778e-07
6.04326456506e-09	6.64164193864e-07
6.04422748165e-09	5.35460733531e-07
6.04519039825e-09	3.2800577543e-07
6.04615331485e-09	6.05426908606e-08
6.04711623145e-09	-2.36256649799e-07
6.04807914804e-09	-5.23961714904e-07
6.04904206464e-09	-7.62620746997e-07
6.05000498124e-09	-9.17828756108e-07
6.05096789784e-09	-9.67114933914e-07
6.05193081443e-09	-9.0428457078e-07
6.05289373103e-09	-7.40777940322e-07
6.05385664763e-09	-5.03799622464e-07
6.05481956423e-09	-2.31685408636e-07
6.05578248082e-09	3.25504458942e-08
6.05674539742e-09	2.48218173127e-07
6.05770831402e-09	3.83290167605e-07
6.05867123062e-09	4.19089888126e-07
6.05963414721e-09	3.52669591308e-07
6.06059706381e-09	1.96660431939e-07
6.06155998041e-09	-2.32515127152e-08
6.062522897e-09	-2.72699862691e-07
6.0634858136e-09	-5.14065364499e-07
6.0644487302e-09	-7.12110464818e-07
6.0654116468e-09	-8.39005688036e-07
6.06637456339e-09	-8.78009151606e-07
6.06733747999e-09	-8.2539045998e-07
6.06830039659e-09	-6.90481146037e-07
6.06926331319e-09	-4.93934601664e-07
6.07022622978e-09	-2.64481674783e-07
6.07118914638e-09	-3.46170967447e-08
6.07215206298e-09	1.64212767828e-07
6.07311497958e-09	3.06305432574e-07
6.07407789617e-09	3.75612001946e-07
6.07504081277e-09	3.68210537616e-07
6.07600372937e-09	2.92852380568e-07
6.07696664597e-09	1.6935458369e-07
6.07792956256e-09	2.50277079061e-08
6.07889247916e-09	-1.10240172546e-07
6.07985539576e-09	-2.09390597306e-07
6.08081831235e-09	-2.53120207461e-07
6.08178122895e-09	-2.33381532766e-07
6.08274414555e-09	-1.54774477679e-07
6.08370706215e-09	-3.36109682308e-08
6.08466997874e-09	1.05181353405e-07
6.08563289534e-09	2.3284736006e-07
6.08659581194e-09	3.22418916454e-07
6.08755872854e-09	3.54116380663e-07
6.08852164513e-09	3.19467428511e-07
6.08948456173e-09	2.23211356953e-07
6.09044747833e-09	8.24093930873e-08
6.09141039493e-09	-7.72223422985e-08
6.09237331152e-09	-2.27080231952e-07
6.09333622812e-09	-3.42231432526e-07
6.09429914472e-09	-4.07043559747e-07
6.09526206132e-09	-4.18400320612e-07
6.09622497791e-09	-3.85580229079e-07
6.09718789451e-09	-3.26774241444e-07
6.09815081111e-09	-2.63311074278e-07
6.0991137277e-09	-2.13415251693e-07
6.1000766443e-09	-1.87493968795e-07
6.1010395609e-09	-1.86359928378e-07
6.1020024775e-09	-2.02758362988e-07
6.10296539409e-09	-2.25484818372e-07
6.10392831069e-09	-2.44423791429e-07
6.10489122729e-09	-2.54571308034e-07
6.10585414389e-09	-2.57623700151e-07
6.10681706048e-09	-2.60662817553e-07
6.10777997708e-09	-2.72581507588e-07
6.10874289368e-09	-2.99731624409e-07
6.10970581028e-09	-3.4246542846e-07
6.11066872687e-09	-3.93789763464e-07
6.11163164347e-09	-4.40602697438e-07
6.11259456007e-09	-4.67038983487e-07
6.11355747667e-09	-4.58765999412e-07
6.11452039326e-09	-4.06943835074e-07
6.11548330986e-09	-3.10791024916e-07
6.11644622646e-09	-1.78204013324e-07
6.11740914305e-09	-2.44763835866e-08
6.11837205965e-09	1.30436834667e-07
6.11933497625e-09	2.65440517566e-07
6.12029789285e-09	3.61932645632e-07
6.12126080944e-09	4.06999552283e-07
6.12222372604e-09	3.9571096444e-07
6.12318664264e-09	3.3218206319e-07
6.12414955924e-09	2.29158287013e-07
6.12511247583e-09	1.06062515215e-07
6.12607539243e-09	-1.43291671861e-08
6.12703830903e-09	-1.1014583734e-07
6.12800122563e-09	-1.64862344221e-07
6.12896414222e-09	-1.70983815551e-07
6.12992705882e-09	-1.32026052313e-07
6.13088997542e-09	-6.21284961255e-08
6.13185289201e-09	1.68157203717e-08
6.13281580861e-09	8.00483839214e-08
6.13377872521e-09	1.05840907594e-07
6.13474164181e-09	8.09256324175e-08
6.1357045584e-09	3.98218524822e-09
6.136667475e-09	-1.13781279509e-07
6.1376303916e-09	-2.51218377656e-07
6.1385933082e-09	-3.82484479644e-07
6.13955622479e-09	-4.83502141435e-07
6.14051914139e-09	-5.37823490632e-07
6.14148205799e-09	-5.40272026228e-07
6.14244497459e-09	-4.97360355567e-07
6.14340789118e-09	-4.24447003766e-07
6.14437080778e-09	-3.40617129169e-07
6.14533372438e-09	-2.62950379692e-07
6.14629664098e-09	-2.0195789574e-07
6.14725955757e-09	-1.59564995883e-07
6.14822247417e-09	-1.30128002596e-07
6.14918539077e-09	-1.03953705199e-07
6.15014830736e-09	-7.20069177618e-08
6.15111122396e-09	-3.02388176721e-08
6.15207414056e-09	1.79300396752e-08
6.15303705716e-09	6.18500184402e-08
6.15399997375e-09	8.64785727472e-08
6.15496289035e-09	7.69874652917e-08
6.15592580695e-09	2.38666295616e-08
6.15688872355e-09	-7.30182971864e-08
6.15785164014e-09	-2.02644116598e-07
6.15881455674e-09	-3.43877722742e-07
6.15977747334e-09	-4.69289192395e-07
6.16074038994e-09	-5.50923301645e-07
6.16170330653e-09	-5.6664951309e-07
6.16266622313e-09	-5.05621391866e-07
6.16362913973e-09	-3.71519123021e-07
6.16459205633e-09	-1.82702491358e-07
6.16555497292e-09	3.08429903839e-08
6.16651788952e-09	2.33123316207e-07
6.16748080612e-09	3.89105737852e-07
6.16844372271e-09	4.7156485472e-07
6.16940663931e-09	4.66371796293e-07
6.17036955591e-09	3.7512523221e-07
6.17133247251e-09	2.14643293361e-07
6.1722953891e-09	1.3565870205e-08
6.1732583057e-09	-1.93178301799e-07
6.1742212223e-09	-3.70939202909e-07
6.1751841389e-09	-4.91604279063e-07
6.17614705549e-09	-5.38367954661e-07
6.17710997209e-09	-5.08191110526e-07
6.17807288869e-09	-4.1157984576e-07
6.17903580529e-09	-2.69882473702e-07
6.17999872188e-09	-1.10746825044e-07
6.18096163848e-09	3.73286539457e-08
6.18192455508e-09	1.50248947506e-07
6.18288747168e-09	2.12363513441e-07
6.18385038827e-09	2.18648745332e-07
6.18481330487e-09	1.74748299386e-07
6.18577622147e-09	9.49021421448e-08
6.18673913806e-09	-1.73726988351e-09
6.18770205466e-09	-9.55252357215e-08
6.18866497126e-09	-1.70552002743e-07
6.18962788786e-09	-2.17779703604e-07
6.19059080445e-09	-2.36384241958e-07
6.19155372105e-09	-2.32998058181e-07
6.19251663765e-09	-2.19089098863e-07
6.19347955425e-09	-2.07250865358e-07
6.19444247084e-09	-2.07449568634e-07
6.19540538744e-09	-2.24295066076e-07
6.19636830404e-09	-2.56128872778e-07
6.19733122064e-09	-2.96124923693e-07
6.19829413723e-09	-3.34919279865e-07
6.19925705383e-09	-3.63817713733e-07
6.20021997043e-09	-3.77438661658e-07
6.20118288703e-09	-3.74880079868e-07
6.20214580362e-09	-3.59091806956e-07
6.20310872022e-09	-3.34812852998e-07
6.20407163682e-09	-3.05999643402e-07
6.20503455341e-09	-2.73844449339e-07
6.20599747001e-09	-2.3623696066e-07
6.20696038661e-09	-1.8894913012e-07
6.20792330321e-09	-1.28106433905e-07
6.2088862198e-09	-5.29384553971e-08
6.2098491364e-09	3.23260556101e-08
6.210812053e-09	1.18244019021e-07
6.2117749696e-09	1.91810588746e-07
6.21273788619e-09	2.39497474297e-07
6.21370080279e-09	2.50739894625e-07
6.21466371939e-09	2.20714021282e-07
6.21562663599e-09	1.51613612331e-07
6.21658955258e-09	5.22867935615e-08
6.21755246918e-09	-6.35059667076e-08
6.21851538578e-09	-1.79572683834e-07
6.21947830238e-09	-2.79728030961e-07
6.22044121897e-09	-3.49807010025e-07
6.22140413557e-09	-3.79250849392e-07
6.22236705217e-09	-3.62378088425e-07
6.22332996876e-09	-2.99508231549e-07
6.22429288536e-09	-1.97892138232e-07
6.22525580196e-09	-7.19670651961e-08
6.22621871856e-09	5.7680221488e-08
6.22718163515e-09	1.67054430733e-07
6.22814455175e-09	2.33180156073e-07
6.22910746835e-09	2.39477941477e-07
6.23007038495e-09	1.80652781623e-07
6.23103330154e-09	6.54729408467e-08
6.23199621814e-09	-8.38145997051e-08
6.23295913474e-09	-2.35847753771e-07
6.23392205134e-09	-3.57474855051e-07
6.23488496793e-09	-4.22134228018e-07
6.23584788453e-09	-4.16905757916e-07
6.23681080113e-09	-3.46086622471e-07
6.23777371773e-09	-2.30145712266e-07
6.23873663432e-09	-1.00325236119e-07
6.23969955092e-09	9.53552437011e-09
6.24066246752e-09	7.15469354873e-08
6.24162538411e-09	7.02767177785e-08
6.24258830071e-09	5.63903768125e-09
6.24355121731e-09	-1.08227700579e-07
6.24451413391e-09	-2.47355558258e-07
6.2454770505e-09	-3.84036388468e-07
6.2464399671e-09	-4.92862509915e-07
6.2474028837e-09	-5.55416422188e-07
6.2483658003e-09	-5.62935378312e-07
6.24932871689e-09	-5.16920975357e-07
6.25029163349e-09	-4.28062712388e-07
6.25125455009e-09	-3.13894753745e-07
6.25221746669e-09	-1.95525903024e-07
6.25318038328e-09	-9.37784587762e-08
6.25414329988e-09	-2.51601672829e-08
6.25510621648e-09	1.72430247858e-09
6.25606913307e-09	-1.15469518391e-08
6.25703204967e-09	-5.30810133625e-08
6.25799496627e-09	-1.03116926553e-07
6.25895788287e-09	-1.38803358141e-07
6.25992079946e-09	-1.40280571159e-07
6.26088371606e-09	-9.64594129016e-08
6.26184663266e-09	-8.78781847291e-09
6.26280954926e-09	1.08233997764e-07
6.26377246585e-09	2.3017479478e-07
6.26473538245e-09	3.28702281394e-07
6.26569829905e-09	3.78872508477e-07
6.26666121565e-09	3.65718385353e-07
6.26762413224e-09	2.88350314293e-07
6.26858704884e-09	1.60457268805e-07
6.26954996544e-09	7.09103531449e-09
6.27051288204e-09	-1.41382381358e-07
6.27147579863e-09	-2.56526680786e-07
6.27243871523e-09	-3.18488718065e-07
6.27340163183e-09	-3.20427851364e-07
6.27436454842e-09	-2.69614144344e-07
6.27532746502e-09	-1.85112106976e-07
6.27629038162e-09	-9.28353935947e-08
6.27725329822e-09	-1.92525426712e-08
6.27821621481e-09	1.46502721066e-08
6.27917913141e-09	-2.3787745107e-09
6.28014204801e-09	-7.02332343394e-08
6.28110496461e-09	-1.78535715989e-07
6.2820678812e-09	-3.09848648072e-07
6.2830307978e-09	-4.43877659961e-07
6.2839937144e-09	-5.61433903812e-07
6.284956631e-09	-6.4726606297e-07
6.28591954759e-09	-6.91382561868e-07
6.28688246419e-09	-6.89023623934e-07
6.28784538079e-09	-6.39882888009e-07
6.28880829739e-09	-5.47250047944e-07
6.28977121398e-09	-4.17574176126e-07
6.29073413058e-09	-2.60555720999e-07
6.29169704718e-09	-8.94525040707e-08
6.29265996377e-09	7.897747345e-08
6.29362288037e-09	2.25499114492e-07
6.29458579697e-09	3.30715153041e-07
6.29554871357e-09	3.78513538735e-07
6.29651163016e-09	3.59939370753e-07
6.29747454676e-09	2.76440797364e-07
6.29843746336e-09	1.41351284455e-07
6.29940037996e-09	-2.12827577784e-08
6.30036329655e-09	-1.80682302897e-07
6.30132621315e-09	-3.0543673013e-07
6.30228912975e-09	-3.70368624658e-07
6.30325204635e-09	-3.62369652507e-07
6.30421496294e-09	-2.83581856664e-07
6.30517787954e-09	-1.51050171482e-07
6.30614079614e-09	7.10309855378e-09
6.30710371274e-09	1.57960299063e-07
6.30806662933e-09	2.70816180148e-07
6.30902954593e-09	3.23179213169e-07
6.30999246253e-09	3.04495243242e-07
6.31095537912e-09	2.17098230948e-07
6.31191829572e-09	7.47508188681e-08
6.31288121232e-09	-1.00423205751e-07
6.31384412892e-09	-2.81723799844e-07
6.31480704551e-09	-4.41688333908e-07
6.31576996211e-09	-5.5567183388e-07
6.31673287871e-09	-6.05187864267e-07
6.31769579531e-09	-5.80892173474e-07
6.3186587119e-09	-4.84849621785e-07
6.3196216285e-09	-3.31410754839e-07
6.3205845451e-09	-1.45942326668e-07
6.3215474617e-09	3.89831278369e-08
6.32251037829e-09	1.89688378782e-07
6.32347329489e-09	2.78582938051e-07
6.32443621149e-09	2.90547353288e-07
6.32539912809e-09	2.26639974343e-07
6.32636204468e-09	1.03840865684e-07
6.32732496128e-09	-4.94202598844e-08
6.32828787788e-09	-2.00795227556e-07
6.32925079447e-09	-3.22341618286e-07
6.33021371107e-09	-3.97183136158e-07
6.33117662767e-09	-4.2261942923e-07
6.33213954427e-09	-4.08892015358e-07
6.33310246086e-09	-3.74231628797e-07
6.33406537746e-09	-3.3808507105e-07
6.33502829406e-09	-3.14865307161e-07
6.33599121066e-09	-3.10101624379e-07
6.33695412725e-09	-3.19936665605e-07
6.33791704385e-09	-3.33737723679e-07
6.33887996045e-09	-3.38541953582e-07
6.33984287705e-09	-3.23616992759e-07
6.34080579364e-09	-2.83636612863e-07
6.34176871024e-09	-2.19667414925e-07
6.34273162684e-09	-1.38084818246e-07
6.34369454344e-09	-4.8195737179e-08
6.34465746003e-09	4.03428046525e-08
6.34562037663e-09	1.19374201191e-07
6.34658329323e-09	1.82995970377e-07
6.34754620982e-09	2.27345521964e-07
6.34850912642e-09	2.49982853973e-07
6.34947204302e-09	2.49487749571e-07
6.35043495962e-09	2.25585708336e-07
6.35139787621e-09	1.79774596987e-07
6.35236079281e-09	1.16003512574e-07
6.35332370941e-09	4.0800676615e-08
6.35428662601e-09	-3.75378004236e-08
6.3552495426e-09	-1.1064791039e-07
6.3562124592e-09	-1.72149151823e-07
6.3571753758e-09	-2.1923262139e-07
6.3581382924e-09	-2.53044902365e-07
6.35910120899e-09	-2.77542429927e-07
6.36006412559e-09	-2.97129219007e-07
6.36102704219e-09	-3.13982821964e-07
6.36198995878e-09	-3.262471715e-07
6.36295287538e-09	-3.2803751715e-07
6.36391579198e-09	-3.11480658155e-07
6.36487870858e-09	-2.70195148921e-07
6.36584162517e-09	-2.02995304122e-07
6.36680454177e-09	-1.16351802859e-07
6.36776745837e-09	-2.44358329127e-08
6.36873037497e-09	5.35451860628e-08
6.36969329156e-09	9.80516201565e-08
6.37065620816e-09	9.45961193821e-08
6.37161912476e-09	3.81549529749e-08
6.37258204136e-09	-6.47373097351e-08
6.37354495795e-09	-1.96815451048e-07
6.37450787455e-09	-3.33581771983e-07
6.37547079115e-09	-4.48486359161e-07
6.37643370775e-09	-5.18458787013e-07
6.37739662434e-09	-5.28519931819e-07
6.37835954094e-09	-4.74545737816e-07
6.37932245754e-09	-3.63821508031e-07
6.38028537413e-09	-2.1345622514e-07
6.38124829073e-09	-4.70900314298e-08
6.38221120733e-09	1.09403760717e-07
6.38317412393e-09	2.32479388629e-07
6.38413704052e-09	3.04968510889e-07
6.38509995712e-09	3.18881445693e-07
6.38606287372e-09	2.76396011856e-07
6.38702579032e-09	1.88798333411e-07
6.38798870691e-09	7.35407912344e-08
6.38895162351e-09	-4.99442007751e-08
6.38991454011e-09	-1.64677313563e-07
6.39087745671e-09	-2.59643311296e-07
6.3918403733e-09	-3.31392115527e-07
6.3928032899e-09	-3.83341271615e-07
6.3937662065e-09	-4.2299807923e-07
6.3947291231e-09	-4.57933536424e-07
6.39569203969e-09	-4.9181677042e-07
6.39665495629e-09	-5.21805638698e-07
6.39761787289e-09	-5.38206467837e-07
6.39858078948e-09	-5.26669298395e-07
6.39954370608e-09	-4.72443032251e-07
6.40050662268e-09	-3.6559252159e-07
6.40146953928e-09	-2.05713824641e-07
6.40243245587e-09	-4.73765560116e-09
6.40339537247e-09	2.13212388189e-07
6.40435828907e-09	4.15293026634e-07
6.40532120567e-09	5.6624972089e-07
6.40628412226e-09	6.36288902456e-07
6.40724703886e-09	6.08696954174e-07
6.40820995546e-09	4.8515106954e-07
6.40917287206e-09	2.87044192859e-07
6.41013578865e-09	5.20286267403e-08
6.41109870525e-09	-1.73826471439e-07
6.41206162185e-09	-3.46610356416e-07
6.41302453845e-09	-4.352869869e-07
6.41398745504e-09	-4.29652192935e-07
6.41495037164e-09	-3.4319933917e-07
6.41591328824e-09	-2.09818249886e-07
6.41687620483e-09	-7.49572137693e-08
6.41783912143e-09	1.64968909644e-08
6.41880203803e-09	3.23616866638e-08
6.41976495463e-09	-3.80642681819e-08
6.42072787122e-09	-1.81125997756e-07
6.42169078782e-09	-3.62680115273e-07
6.42265370442e-09	-5.37583387583e-07
6.42361662102e-09	-6.62101861337e-07
6.42457953761e-09	-7.05690071712e-07
6.42554245421e-09	-6.58785308971e-07
6.42650537081e-09	-5.34496773952e-07
6.42746828741e-09	-3.63914901769e-07
6.428431204e-09	-1.86656460954e-07
6.4293941206e-09	-3.96431083516e-08
6.4303570372e-09	5.25177608068e-08
6.4313199538e-09	8.28851174361e-08
6.43228287039e-09	6.20039894983e-08
6.43324578699e-09	1.26775638876e-08
6.43420870359e-09	-3.82705138691e-08
6.43517162018e-09	-6.8484380833e-08
6.43613453678e-09	-6.62831469711e-08
6.43709745338e-09	-3.29778924169e-08
6.43806036998e-09	1.89742834777e-08
6.43902328657e-09	7.09537282262e-08
6.43998620317e-09	1.04461582495e-07
6.44094911977e-09	1.06715564385e-07
6.44191203637e-09	7.40331618232e-08
6.44287495296e-09	1.23113608197e-08
6.44383786956e-09	-6.51912586136e-08
6.44480078616e-09	-1.41900656558e-07
6.44576370276e-09	-2.02558419815e-07
6.44672661935e-09	-2.37113223278e-07
6.44768953595e-09	-2.42959352192e-07
6.44865245255e-09	-2.25080128757e-07
6.44961536915e-09	-1.94099428086e-07
6.45057828574e-09	-1.62842615836e-07
6.45154120234e-09	-1.4237936341e-07
6.45250411894e-09	-1.38637104463e-07
6.45346703553e-09	-1.50550684808e-07
6.45442995213e-09	-1.70336829086e-07
6.45539286873e-09	-1.85873171077e-07
6.45635578533e-09	-1.84551939952e-07
6.45731870192e-09	-1.57514406851e-07
6.45828161852e-09	-1.02959900161e-07
6.45924453512e-09	-2.74881060136e-08
6.46020745172e-09	5.49673835337e-08
6.46117036831e-09	1.26365835129e-07
6.46213328491e-09	1.69056171728e-07
6.46309620151e-09	1.70259452759e-07
6.46405911811e-09	1.25269178142e-07
6.4650220347e-09	3.85668830205e-08
6.4659849513e-09	-7.72830475171e-08
6.4669478679e-09	-2.04520521407e-07
6.4679107845e-09	-3.23978222028e-07
6.46887370109e-09	-4.18760910392e-07
6.46983661769e-09	-4.77049129088e-07
6.47079953429e-09	-4.9361015364e-07
6.47176245088e-09	-4.69984025031e-07
6.47272536748e-09	-4.13625807383e-07
6.47368828408e-09	-3.36319791572e-07
6.47465120068e-09	-2.52168470993e-07
6.47561411727e-09	-1.75430651339e-07
6.47657703387e-09	-1.18374665625e-07
6.47753995047e-09	-8.93467380081e-08
6.47850286707e-09	-9.13570978867e-08
6.47946578366e-09	-1.21492233163e-07
6.48042870026e-09	-1.7134853536e-07
6.48139161686e-09	-2.28525667723e-07
6.48235453346e-09	-2.78990730962e-07
6.48331745005e-09	-3.09818775079e-07
6.48428036665e-09	-3.11664429375e-07
6.48524328325e-09	-2.80401902586e-07
6.48620619984e-09	-2.17598033814e-07
6.48716911644e-09	-1.2976728847e-07
6.48813203304e-09	-2.66993538389e-08
6.48909494964e-09	8.05971467344e-08
6.49005786623e-09	1.81785344111e-07
6.49102078283e-09	2.6848577761e-07
6.49198369943e-09	3.34792455092e-07
6.49294661603e-09	3.77119786066e-07
6.49390953262e-09	3.93632069162e-07
6.49487244922e-09	3.83634686685e-07
6.49583536582e-09	3.47196273509e-07
6.49679828242e-09	2.85088868068e-07
6.49776119901e-09	1.99005084411e-07
6.49872411561e-09	9.18864788702e-08
6.49968703221e-09	-3.18316253356e-08
6.50064994881e-09	-1.66195938789e-07
6.5016128654e-09	-3.03955385306e-07
6.502575782e-09	-4.36967201978e-07
6.5035386986e-09	-5.56685744613e-07
6.50450161519e-09	-6.54659578103e-07
6.50546453179e-09	-7.23049890183e-07
6.50642744839e-09	-7.55227773652e-07
6.50739036499e-09	-7.46559809528e-07
6.50835328158e-09	-6.95372577297e-07
6.50931619818e-09	-6.03875566441e-07
6.51027911478e-09	-4.78801396753e-07
6.51124203138e-09	-3.31412014276e-07
6.51220494797e-09	-1.76512061856e-07
6.51316786457e-09	-3.04370253446e-08
6.51413078117e-09	9.16422457919e-08
6.51509369777e-09	1.78473248624e-07
6.51605661436e-09	2.24799997284e-07
6.51701953096e-09	2.32100054731e-07
6.51798244756e-09	2.07652007589e-07
6.51894536416e-09	1.6217431309e-07
6.51990828075e-09	1.0683177365e-07
6.52087119735e-09	5.05474151424e-08
6.52183411395e-09	-1.56977719712e-09
6.52279703054e-09	-4.81909339101e-08
6.52375994714e-09	-9.03233381422e-08
6.52472286374e-09	-1.29173678864e-07
6.52568578034e-09	-1.64297327743e-07
6.52664869693e-09	-1.92906949081e-07
6.52761161353e-09	-2.10676679657e-07
6.52857453013e-09	-2.13790183778e-07
6.52953744673e-09	-2.01387694077e-07
6.53050036332e-09	-1.7730196511e-07
6.53146327992e-09	-1.50161401535e-07
6.53242619652e-09	-1.31472715381e-07
6.53338911312e-09	-1.32112571549e-07
6.53435202971e-09	-1.58280224483e-07
6.53531494631e-09	-2.0831325287e-07
6.53627786291e-09	-2.71672210062e-07
6.53724077951e-09	-3.30732948584e-07
6.5382036961e-09	-3.6512740742e-07
6.5391666127e-09	-3.57447484944e-07
6.5401295293e-09	-2.98635196572e-07
6.54109244589e-09	-1.91358356716e-07
6.54205536249e-09	-5.02052763807e-08
6.54301827909e-09	1.01425946752e-07
6.54398119569e-09	2.36865256298e-07
6.54494411228e-09	3.32523359958e-07
6.54590702888e-09	3.7320921642e-07
6.54686994548e-09	3.54966996241e-07
6.54783286208e-09	2.84842412768e-07
6.54879577867e-09	1.7790104323e-07
6.54975869527e-09	5.26716394944e-08
6.55072161187e-09	-7.34216669684e-08
6.55168452847e-09	-1.87383975003e-07
6.55264744506e-09	-2.8199816704e-07
6.55361036166e-09	-3.55146632103e-07
6.55457327826e-09	-4.07817459802e-07
6.55553619486e-09	-4.41822963992e-07
6.55649911145e-09	-4.58123501801e-07
6.55746202805e-09	-4.56357588163e-07
6.55842494465e-09	-4.35630964191e-07
6.55938786124e-09	-3.96063711605e-07
6.56035077784e-09	-3.40372627861e-07
6.56131369444e-09	-2.74739015538e-07
6.56227661104e-09	-2.08449248973e-07
6.56323952763e-09	-1.52270731135e-07
6.56420244423e-09	-1.15924581934e-07
6.56516536083e-09	-1.05371752213e-07
6.56612827743e-09	-1.20764928724e-07
6.56709119402e-09	-1.55715486727e-07
6.56805411062e-09	-1.98230424076e-07
6.56901702722e-09	-2.33227588353e-07
6.56997994382e-09	-2.46072914933e-07
6.57094286041e-09	-2.26263830783e-07
6.57190577701e-09	-1.7033439903e-07
6.57286869361e-09	-8.32162818654e-08
6.57383161021e-09	2.23847944625e-08
6.5747945268e-09	1.28475799777e-07
6.5757574434e-09	2.15566297257e-07
6.57672036e-09	2.66869561116e-07
6.57768327659e-09	2.71907005356e-07
6.57864619319e-09	2.2871264882e-07
6.57960910979e-09	1.44176297567e-07
6.58057202639e-09	3.25174394078e-08
6.58153494298e-09	-8.76917827242e-08
6.58249785958e-09	-1.97282563619e-07
6.58346077618e-09	-2.80226734262e-07
6.58442369278e-09	-3.26590690491e-07
6.58538660937e-09	-3.34239379285e-07
6.58634952597e-09	-3.08968635565e-07
6.58731244257e-09	-2.629820397e-07
6.58827535917e-09	-2.12055498494e-07
6.58923827576e-09	-1.71881778144e-07
6.59020119236e-09	-1.54298218646e-07
6.59116410896e-09	-1.64325474117e-07
6.59212702556e-09	-1.98729898315e-07
6.59308994215e-09	-2.46497100065e-07
6.59405285875e-09	-2.91311865297e-07
6.59501577535e-09	-3.15491950786e-07
6.59597869194e-09	-3.04393207529e-07
6.59694160854e-09	-2.5026858097e-07
6.59790452514e-09	-1.54588224888e-07
6.59886744174e-09	-2.82461680712e-08
6.59983035833e-09	1.10328391756e-07
6.60079327493e-09	2.38672877018e-07
6.60175619153e-09	3.34580620986e-07
6.60271910813e-09	3.80245388953e-07
6.60368202472e-09	3.65489094989e-07
6.60464494132e-09	2.8954877962e-07
6.60560785792e-09	1.61193554504e-07
6.60657077452e-09	-2.74618372487e-09
6.60753369111e-09	-1.80153561402e-07
6.60849660771e-09	-3.47281705615e-07
6.60945952431e-09	-4.82749877406e-07
6.6104224409e-09	-5.71192634524e-07
6.6113853575e-09	-6.05887946037e-07
6.6123482741e-09	-5.89805155826e-07
6.6133111907e-09	-5.34704881261e-07
6.61427410729e-09	-4.58333662579e-07
6.61523702389e-09	-3.80236093278e-07
6.61619994049e-09	-3.17101417124e-07
6.61716285709e-09	-2.78791565833e-07
6.61812577368e-09	-2.6613884252e-07
6.61908869028e-09	-2.71124310558e-07
6.62005160688e-09	-2.7945116976e-07
6.62101452348e-09	-2.74878166451e-07
6.62197744007e-09	-2.44099214619e-07
6.62294035667e-09	-1.80780972414e-07
6.62390327327e-09	-8.76571295549e-08
6.62486618987e-09	2.38617001713e-08
6.62582910646e-09	1.36439446408e-07
6.62679202306e-09	2.31102269765e-07
6.62775493966e-09	2.9186246131e-07
6.62871785625e-09	3.09516625663e-07
6.62968077285e-09	2.83725789529e-07
6.63064368945e-09	2.22962164287e-07
6.63160660605e-09	1.42527568414e-07
6.63256952264e-09	6.11571202569e-08
6.63353243924e-09	-3.10037151507e-09
6.63449535584e-09	-3.68630583836e-08
6.63545827244e-09	-3.45625732479e-08
6.63642118903e-09	-2.18614459868e-10
6.63738410563e-09	5.26666035228e-08
6.63834702223e-09	1.03330501489e-07
6.63930993883e-09	1.27895107838e-07
6.64027285542e-09	1.04877809548e-07
6.64123577202e-09	2.09893116221e-08
6.64219868862e-09	-1.24176883887e-07
6.64316160522e-09	-3.15962877195e-07
6.64412452181e-09	-5.26004114931e-07
6.64508743841e-09	-7.17242544468e-07
6.64605035501e-09	-8.51715505235e-07
6.6470132716e-09	-8.99354215989e-07
6.6479761882e-09	-8.45544425587e-07
6.6489391048e-09	-6.95350719226e-07
6.6499020214e-09	-4.73093729525e-07
6.65086493799e-09	-2.17260067714e-07
6.65182785459e-09	2.79836989137e-08
6.65279077119e-09	2.22516518988e-07
6.65375368779e-09	3.38711279468e-07
6.65471660438e-09	3.66451530454e-07
6.65567952098e-09	3.13675881713e-07
6.65664243758e-09	2.02651003534e-07
6.65760535418e-09	6.32598826655e-08
6.65856827077e-09	-7.46727373269e-08
6.65953118737e-09	-1.87974180221e-07
6.66049410397e-09	-2.64053612753e-07
6.66145702057e-09	-3.01507879996e-07
6.66241993716e-09	-3.07801586885e-07
6.66338285376e-09	-2.95083891544e-07
6.66434577036e-09	-2.75584047138e-07
6.66530868695e-09	-2.58013153953e-07
6.66627160355e-09	-2.4576327462e-07
6.66723452015e-09	-2.37066151598e-07
6.66819743675e-09	-2.26776210255e-07
6.66916035334e-09	-2.08873199625e-07
6.67012326994e-09	-1.78787615823e-07
6.67108618654e-09	-1.34948018982e-07
6.67204910314e-09	-7.91663694599e-08
6.67301201973e-09	-1.60056128351e-08
6.67397493633e-09	4.84294879755e-08
6.67493785293e-09	1.07867736077e-07
6.67590076953e-09	1.56924896189e-07
6.67686368612e-09	1.91602547162e-07
6.67782660272e-09	2.09329535039e-07
6.67878951932e-09	2.08668991419e-07
6.67975243592e-09	1.88933626077e-07
6.68071535251e-09	1.49984325404e-07
6.68167826911e-09	9.2327441692e-08
6.68264118571e-09	1.75118319845e-08
6.6836041023e-09	-7.13010326336e-08
6.6845670189e-09	-1.68799187961e-07
6.6855299355e-09	-2.67230575446e-07
6.6864928521e-09	-3.56620443398e-07
6.68745576869e-09	-4.25666703663e-07
6.68841868529e-09	-4.63319544508e-07
6.68938160189e-09	-4.60907221722e-07
6.69034451849e-09	-4.14472401289e-07
6.69130743508e-09	-3.26795658978e-07
6.69227035168e-09	-2.08503561083e-07
6.69323326828e-09	-7.76935173974e-08
6.69419618488e-09	4.22139745382e-08
6.69515910147e-09	1.26256177069e-07
6.69612201807e-09	1.52820124555e-07
6.69708493467e-09	1.08667240539e-07
6.69804785127e-09	-7.17519910154e-09
6.69901076786e-09	-1.81780513309e-07
6.69997368446e-09	-3.8960183435e-07
6.70093660106e-09	-5.96624019522e-07
6.70189951765e-09	-7.66616498282e-07
6.70286243425e-09	-8.68076629246e-07
6.70382535085e-09	-8.80217735144e-07
6.70478826745e-09	-7.96662961378e-07
6.70575118404e-09	-6.26129947889e-07
6.70671410064e-09	-3.90181844168e-07
6.70767701724e-09	-1.18868255683e-07
6.70863993384e-09	1.54497957539e-07
6.70960285043e-09	3.98276677416e-07
6.71056576703e-09	5.86348868126e-07
6.71152868363e-09	7.00558389966e-07
6.71249160023e-09	7.31881927507e-07
6.71345451682e-09	6.80651114138e-07
6.71441743342e-09	5.5611477201e-07
6.71538035002e-09	3.75421432608e-07
6.71634326662e-09	1.619008696e-07
6.71730618321e-09	-5.74969893918e-08
6.71826909981e-09	-2.5555039862e-07
6.71923201641e-09	-4.08541964703e-07
6.720194933e-09	-4.9987128925e-07
6.7211578496e-09	-5.22774831424e-07
6.7221207662e-09	-4.81446047473e-07
6.7230836828e-09	-3.90220293411e-07
6.72404659939e-09	-2.70904873645e-07
6.72500951599e-09	-1.48672333111e-07
6.72597243259e-09	-4.73217856012e-08
6.72693534919e-09	1.51487569156e-08
6.72789826578e-09	2.98013294042e-08
6.72886118238e-09	-1.85291959554e-09
6.72982409898e-09	-6.86987675635e-08
6.73078701558e-09	-1.52926848074e-07
6.73174993217e-09	-2.34370544305e-07
6.73271284877e-09	-2.95276224804e-07
6.73367576537e-09	-3.24325036161e-07
6.73463868196e-09	-3.1882770557e-07
6.73560159856e-09	-2.84505555115e-07
6.73656451516e-09	-2.33033704333e-07
6.73752743176e-09	-1.78200718182e-07
6.73849034835e-09	-1.31923654223e-07
6.73945326495e-09	-1.01355995596e-07
6.74041618155e-09	-8.79359216555e-08
6.74137909815e-09	-8.84227713271e-08
6.74234201474e-09	-9.7227086826e-08
6.74330493134e-09	-1.08965766188e-07
6.74426784794e-09	-1.20199784348e-07
6.74523076454e-09	-1.29826149831e-07
6.74619368113e-09	-1.382954391e-07
6.74715659773e-09	-1.46286387448e-07
6.74811951433e-09	-1.53696140259e-07
6.74908243093e-09	-1.59564290669e-07
6.75004534752e-09	-1.62885203991e-07
6.75100826412e-09	-1.63786442187e-07
6.75197118072e-09	-1.64305172135e-07
6.75293409731e-09	-1.68111863985e-07
6.75389701391e-09	-1.79032191738e-07
6.75485993051e-09	-1.98894289483e-07
6.75582284711e-09	-2.25650508057e-07
6.7567857637e-09	-2.52691796376e-07
6.7577486803e-09	-2.69903480898e-07
6.7587115969e-09	-2.66325535847e-07
6.7596745135e-09	-2.33580234266e-07
6.76063743009e-09	-1.6888385268e-07
6.76160034669e-09	-7.66653478479e-08
6.76256326329e-09	3.17732560262e-08
6.76352617989e-09	1.40497716572e-07
6.76448909648e-09	2.32277020729e-07
6.76545201308e-09	2.92009081804e-07
6.76641492968e-09	3.0944424978e-07
6.76737784628e-09	2.80657312501e-07
6.76834076287e-09	2.08184278705e-07
6.76930367947e-09	1.00241372536e-07
6.77026659607e-09	-3.05377501064e-08
6.77122951266e-09	-1.68661275168e-07
6.77219242926e-09	-2.97477679823e-07
6.77315534586e-09	-4.00965836533e-07
6.77411826246e-09	-4.65785923609e-07
6.77508117905e-09	-4.83442430976e-07
6.77604409565e-09	-4.52066897694e-07
6.77700701225e-09	-3.77355283021e-07
6.77796992885e-09	-2.72167400617e-07
6.77893284544e-09	-1.54538101427e-07
6.77989576204e-09	-4.43924541571e-08
6.78085867864e-09	4.03628330758e-08
6.78182159524e-09	8.74727170697e-08
6.78278451183e-09	9.27300209952e-08
6.78374742843e-09	6.04722156794e-08
6.78471034503e-09	2.04703454187e-09
6.78567326163e-09	-6.73659634742e-08
6.78663617822e-09	-1.32798447794e-07
6.78759909482e-09	-1.8333129681e-07
6.78856201142e-09	-2.14642843943e-07
6.78952492801e-09	-2.29615473302e-07
6.79048784461e-09	-2.36831386502e-07
6.79145076121e-09	-2.47262955e-07
6.79241367781e-09	-2.7010452186e-07
6.7933765944e-09	-3.09048902025e-07
6.794339511e-09	-3.60103429742e-07
6.7953024276e-09	-4.11715479487e-07
6.7962653442e-09	-4.47429369999e-07
6.79722826079e-09	-4.50365559956e-07
6.79819117739e-09	-4.08263675311e-07
6.79915409399e-09	-3.17716661868e-07
6.80011701059e-09	-1.86297681282e-07
6.80107992718e-09	-3.18555493095e-08
6.80204284378e-09	1.20853744789e-07
6.80300576038e-09	2.45371277074e-07
6.80396867698e-09	3.19326780129e-07
6.80493159357e-09	3.29339853167e-07
6.80589451017e-09	2.73867016176e-07
6.80685742677e-09	1.63464862979e-07
6.80782034336e-09	1.85052968504e-08
6.80878325996e-09	-1.35053905836e-07
6.80974617656e-09	-2.70816616244e-07
6.81070909316e-09	-3.66876255598e-07
6.81167200975e-09	-4.09507128651e-07
6.81263492635e-09	-3.94953948657e-07
6.81359784295e-09	-3.2914042869e-07
6.81456075955e-09	-2.25580714996e-07
6.81552367614e-09	-1.02145333081e-07
6.81648659274e-09	2.24504805857e-08
6.81744950934e-09	1.31604965148e-07
6.81841242594e-09	2.12714915904e-07
6.81937534253e-09	2.57867194264e-07
6.82033825913e-09	2.6357716898e-07
6.82130117573e-09	2.30071615093e-07
6.82226409233e-09	1.60671460137e-07
6.82322700892e-09	6.15265296489e-08
6.82418992552e-09	-5.83781343266e-08
6.82515284212e-09	-1.87228206272e-07
6.82611575871e-09	-3.10889676669e-07
6.82707867531e-09	-4.14318856556e-07
6.82804159191e-09	-4.83826362085e-07
6.82900450851e-09	-5.09757054346e-07
6.8299674251e-09	-4.88928096232e-07
6.8309303417e-09	-4.26013899713e-07
6.8318932583e-09	-3.33246315876e-07
6.8328561749e-09	-2.28334766206e-07
6.83381909149e-09	-1.31056165031e-07
6.83478200809e-09	-5.92866431504e-08
6.83574492469e-09	-2.54447503067e-08
6.83670784129e-09	-3.42751658167e-08
6.83767075788e-09	-8.24015033984e-08
6.83863367448e-09	-1.59546546641e-07
6.83959659108e-09	-2.50985374706e-07
6.84055950767e-09	-3.40498867324e-07
6.84152242427e-09	-4.13022310575e-07
6.84248534087e-09	-4.56558657547e-07
6.84344825747e-09	-4.63261859096e-07
6.84441117406e-09	-4.2978634518e-07
6.84537409066e-09	-3.57248302052e-07
6.84633700726e-09	-2.51102873605e-07
6.84729992386e-09	-1.20953092875e-07
6.84826284045e-09	1.98830072407e-08
6.84922575705e-09	1.55364709542e-07
6.85018867365e-09	2.68555776728e-07
6.85115159025e-09	3.44237228944e-07
6.85211450684e-09	3.71847070468e-07
6.85307742344e-09	3.47985999127e-07
6.85404034004e-09	2.776660466e-07
6.85500325664e-09	1.7367193994e-07
6.85596617323e-09	5.40092255363e-08
6.85692908983e-09	-6.19602058549e-08
6.85789200643e-09	-1.5770254258e-07
6.85885492302e-09	-2.22808250072e-07
6.85981783962e-09	-2.54459258997e-07
6.86078075622e-09	-2.56757246575e-07
6.86174367282e-09	-2.38278005327e-07
6.86270658941e-09	-2.08733919038e-07
6.86366950601e-09	-1.75887713283e-07
6.86463242261e-09	-1.43691517351e-07
6.86559533921e-09	-1.12085183801e-07
6.8665582558e-09	-7.83676696869e-08
6.8675211724e-09	-3.96144912429e-08
6.868484089e-09	4.76214090384e-09
6.8694470056e-09	5.11802760172e-08
6.87040992219e-09	9.13124971191e-08
6.87137283879e-09	1.13103331145e-07
6.87233575539e-09	1.03294935272e-07
6.87329867199e-09	5.08603879013e-08
6.87426158858e-09	-4.94116036975e-08
6.87522450518e-09	-1.94067771631e-07
6.87618742178e-09	-3.69844414649e-07
6.87715033837e-09	-5.54814583609e-07
6.87811325497e-09	-7.2181927635e-07
6.87907617157e-09	-8.43636205339e-07
6.88003908817e-09	-8.98719463294e-07
6.88100200476e-09	-8.75991663207e-07
6.88196492136e-09	-7.77373065475e-07
6.88292783796e-09	-6.17276798565e-07
6.88389075456e-09	-4.19162196508e-07
6.88485367115e-09	-2.1016709173e-07
6.88581658775e-09	-1.53689896365e-08
6.88677950435e-09	1.46756336861e-07
6.88774242095e-09	2.66544985195e-07
6.88870533754e-09	3.42707336287e-07
6.88966825414e-09	3.79835917386e-07
6.89063117074e-09	3.85018836369e-07
6.89159408734e-09	3.64835912592e-07
6.89255700393e-09	3.23720422912e-07
6.89351992053e-09	2.6401550457e-07
6.89448283713e-09	1.87376098637e-07
6.89544575372e-09	9.67024558207e-08
6.89640867032e-09	-2.31586305688e-09
6.89737158692e-09	-1.0076170831e-07
6.89833450352e-09	-1.87493524706e-07
6.89929742011e-09	-2.51352741287e-07
6.90026033671e-09	-2.83871500528e-07
6.90122325331e-09	-2.81701979077e-07
6.90218616991e-09	-2.47992748115e-07
6.9031490865e-09	-1.92118591258e-07
6.9041120031e-09	-1.27742787015e-07
6.9050749197e-09	-6.96529074418e-08
6.9060378363e-09	-3.01535827418e-08
6.90700075289e-09	-1.60314890252e-08
6.90796366949e-09	-2.69766466943e-08
6.90892658609e-09	-5.59846728976e-08
6.90988950269e-09	-9.17276725687e-08
6.91085241928e-09	-1.22229677046e-07
6.91181533588e-09	-1.38775540393e-07
6.91277825248e-09	-1.38907907399e-07
6.91374116907e-09	-1.27476207368e-07
6.91470408567e-09	-1.1529083821e-07
6.91566700227e-09	-1.15760682817e-07
6.91662991887e-09	-1.40397283133e-07
6.91759283546e-09	-1.94480005433e-07
6.91855575206e-09	-2.74315249627e-07
6.91951866866e-09	-3.67006329327e-07
6.92048158526e-09	-4.52924279415e-07
6.92144450185e-09	-5.10381941154e-07
6.92240741845e-09	-5.2133098194e-07
6.92337033505e-09	-4.76523869253e-07
6.92433325165e-09	-3.78684175573e-07
6.92529616824e-09	-2.4275093935e-07
6.92625908484e-09	-9.29564958341e-08
6.92722200144e-09	4.2613450546e-08
6.92818491804e-09	1.38564882235e-07
6.92914783463e-09	1.78160593833e-07
6.93011075123e-09	1.57115929156e-07
6.93107366783e-09	8.41841174548e-08
6.93203658442e-09	-2.15921129865e-08
6.93299950102e-09	-1.36094786995e-07
6.93396241762e-09	-2.362674838e-07
6.93492533422e-09	-3.05424324054e-07
6.93588825081e-09	-3.36261648748e-07
6.93685116741e-09	-3.30890857825e-07
6.93781408401e-09	-2.98194649417e-07
6.93877700061e-09	-2.49645403017e-07
6.9397399172e-09	-1.95109326029e-07
6.9407028338e-09	-1.40047456298e-07
6.9416657504e-09	-8.4906126574e-08
6.942628667e-09	-2.66654343051e-08
6.94359158359e-09	3.81735656418e-08
6.94455450019e-09	1.10400570463e-07
6.94551741679e-09	1.8594997897e-07
6.94648033339e-09	2.55496143353e-07
6.94744324998e-09	3.05974939607e-07
6.94840616658e-09	3.23649430811e-07
6.94936908318e-09	2.9779320343e-07
6.95033199977e-09	2.24010921812e-07
6.95129491637e-09	1.06325575899e-07
6.95225783297e-09	-4.25709885121e-08
6.95322074957e-09	-2.03017194167e-07
6.95418366616e-09	-3.51762378337e-07
6.95514658276e-09	-4.66380909003e-07
6.95610949936e-09	-5.29762832713e-07
6.95707241596e-09	-5.33713931716e-07
6.95803533255e-09	-4.80842071937e-07
6.95899824915e-09	-3.84208172832e-07
6.95996116575e-09	-2.64714874021e-07
6.96092408235e-09	-1.467945836e-07
6.96188699894e-09	-5.3360830421e-08
6.96284991554e-09	-1.11744036246e-09
6.96381283214e-09	2.63262656119e-09
6.96477574873e-09	-3.90408132489e-08
6.96573866533e-09	-1.14012109975e-07
6.96670158193e-09	-2.0433465231e-07
6.96766449853e-09	-2.9053967765e-07
6.96862741512e-09	-3.55867211255e-07
6.96959033172e-09	-3.89430915959e-07
6.97055324832e-09	-3.87708974259e-07
6.97151616492e-09	-3.54156338034e-07
6.97247908151e-09	-2.9722248307e-07
6.97344199811e-09	-2.27511062434e-07
6.97440491471e-09	-1.54925883677e-07
6.97536783131e-09	-8.6567364832e-08
6.9763307479e-09	-2.5907787915e-08
6.9772936645e-09	2.66526534176e-08
6.9782565811e-09	7.22008053344e-08
6.9792194977e-09	1.11309965689e-07
6.98018241429e-09	1.42356318733e-07
6.98114533089e-09	1.60799887183e-07
6.98210824749e-09	1.59777354902e-07
6.98307116408e-09	1.31912804235e-07
6.98403408068e-09	7.18625834395e-08
6.98499699728e-09	-2.1090723834e-08
6.98595991388e-09	-1.41230724893e-07
6.98692283047e-09	-2.7600600383e-07
6.98788574707e-09	-4.07314143303e-07
6.98884866367e-09	-5.14391579998e-07
6.98981158027e-09	-5.77720342676e-07
6.99077449686e-09	-5.83158646705e-07
6.99173741346e-09	-5.25336590229e-07
6.99270033006e-09	-4.09376687216e-07
6.99366324666e-09	-2.50485298281e-07
6.99462616325e-09	-7.13673529162e-08
6.99558907985e-09	1.02136798574e-07
6.99655199645e-09	2.46164443496e-07
6.99751491305e-09	3.43467348785e-07
6.99847782964e-09	3.8647854872e-07
6.99944074624e-09	3.77961718812e-07
7.00040366284e-09	3.29115929176e-07
7.00136657943e-09	2.55747920619e-07
7.00232949603e-09	1.73614427723e-07
7.00329241263e-09	9.43473636994e-08
7.00425532923e-09	2.3169857144e-08
7.00521824582e-09	-4.10366913783e-08
7.00618116242e-09	-1.03498294379e-07
7.00714407902e-09	-1.70056358328e-07
7.00810699562e-09	-2.43766320907e-07
7.00906991221e-09	-3.22793050955e-07
7.01003282881e-09	-4.00357986763e-07
7.01099574541e-09	-4.66706598701e-07
7.01195866201e-09	-5.12261420837e-07
7.0129215786e-09	-5.30792195086e-07
7.0138844952e-09	-5.21406361642e-07
7.0148474118e-09	-4.8863786084e-07
7.0158103284e-09	-4.40733829876e-07
7.01677324499e-09	-3.86886778614e-07
7.01773616159e-09	-3.34505136479e-07
7.01869907819e-09	-2.87554223988e-07
7.01966199478e-09	-2.46486054678e-07
7.02062491138e-09	-2.09539368967e-07
7.02158782798e-09	-1.74676360487e-07
7.02255074458e-09	-1.4119183156e-07
7.02351366117e-09	-1.10246993756e-07
7.02447657777e-09	-8.41832292764e-08
7.02543949437e-09	-6.50298410676e-08
7.02640241097e-09	-5.2972529474e-08
7.02736532756e-09	-4.55793927046e-08
7.02832824416e-09	-3.82438880564e-08
7.02929116076e-09	-2.56830965384e-08
7.03025407736e-09	-3.87253074052e-09
7.03121699395e-09	2.83586931715e-08
7.03217991055e-09	6.87367709418e-08
7.03314282715e-09	1.12149640685e-07
7.03410574375e-09	1.5213380955e-07
7.03506866034e-09	1.8258545964e-07
7.03603157694e-09	1.9902195092e-07
7.03699449354e-09	1.99004809076e-07
7.03795741013e-09	1.81728742277e-07
7.03892032673e-09	1.47214782587e-07
7.03988324333e-09	9.57679926472e-08
7.04084615993e-09	2.8132498997e-08
7.04180907652e-09	-5.36558957265e-08
7.04277199312e-09	-1.45110860217e-07
7.04373490972e-09	-2.38512242845e-07
7.04469782632e-09	-3.23222256071e-07
7.04566074291e-09	-3.87405901137e-07
7.04662365951e-09	-4.20852730443e-07
7.04758657611e-09	-4.18094828092e-07
7.04854949271e-09	-3.80677240841e-07
7.0495124093e-09	-3.17601074329e-07
7.0504753259e-09	-2.43486720564e-07
7.0514382425e-09	-1.74771217942e-07
7.0524011591e-09	-1.2508073155e-07
7.05336407569e-09	-1.01285870358e-07
7.05432699229e-09	-1.01649209938e-07
7.05528990889e-09	-1.16861192723e-07
7.05625282548e-09	-1.33748482511e-07
7.05721574208e-09	-1.40461329678e-07
7.05817865868e-09	-1.31372951628e-07
7.05914157528e-09	-1.0991417021e-07
7.06010449187e-09	-8.81168542577e-08
7.06106740847e-09	-8.27956707639e-08
7.06203032507e-09	-1.09501495871e-07
7.06299324167e-09	-1.76183961642e-07
7.06395615826e-09	-2.78705304169e-07
7.06491907486e-09	-3.99872581269e-07
7.06588199146e-09	-5.12637733152e-07
7.06684490806e-09	-5.86716856432e-07
7.06780782465e-09	-5.96765243444e-07
7.06877074125e-09	-5.29787458348e-07
7.06973365785e-09	-3.89624117858e-07
7.07069657445e-09	-1.97192155937e-07
7.07165949104e-09	1.36325848388e-08
7.07262240764e-09	2.03452252379e-07
7.07358532424e-09	3.36207829577e-07
7.07454824083e-09	3.87274660341e-07
7.07551115743e-09	3.48934531047e-07
7.07647407403e-09	2.32083719354e-07
7.07743699063e-09	6.38904396055e-08
7.07839990722e-09	-1.17982702719e-07
7.07936282382e-09	-2.73226165248e-07
7.08032574042e-09	-3.67118355271e-07
7.08128865702e-09	-3.77472622048e-07
7.08225157361e-09	-2.98923838571e-07
7.08321449021e-09	-1.43791461404e-07
7.08417740681e-09	6.05517254115e-08
7.08514032341e-09	2.7715707418e-07
7.08610324e-09	4.66566092427e-07
7.0870661566e-09	5.94021752676e-07
7.0880290732e-09	6.35476927968e-07
7.08899198979e-09	5.81329315352e-07
7.08995490639e-09	4.37383066654e-07
7.09091782299e-09	2.23172497371e-07
7.09188073959e-09	-3.18656585563e-08
7.09284365618e-09	-2.9363023657e-07
7.09380657278e-09	-5.29042999631e-07
7.09476948938e-09	-7.11263581366e-07
7.09573240598e-09	-8.23631062019e-07
7.09669532257e-09	-8.61684453568e-07
7.09765823917e-09	-8.32872691703e-07
7.09862115577e-09	-7.53979936263e-07
7.09958407237e-09	-6.46819190209e-07
7.10054698896e-09	-5.33204394415e-07
7.10150990556e-09	-4.3038746611e-07
7.10247282216e-09	-3.48051852228e-07
7.10343573876e-09	-2.87578613367e-07
7.10439865535e-09	-2.43618181628e-07
7.10536157195e-09	-2.07267829566e-07
7.10632448855e-09	-1.69725591803e-07
7.10728740514e-09	-1.25313396993e-07
7.10825032174e-09	-7.30089908529e-08
7.10921323834e-09	-1.61596913628e-08
7.11017615494e-09	3.9221232484e-08
7.11113907153e-09	8.67792913084e-08
7.11210198813e-09	1.21915974205e-07
7.11306490473e-09	1.4293670425e-07
7.11402782133e-09	1.50969350798e-07
7.11499073792e-09	1.48865169081e-07
7.11595365452e-09	1.3959430234e-07
7.11691657112e-09	1.24827119308e-07
7.11787948772e-09	1.04271585144e-07
7.11884240431e-09	7.59915330661e-08
7.11980532091e-09	3.76262656587e-08
7.12076823751e-09	-1.19342598026e-08
7.12173115411e-09	-7.11021765909e-08
7.1226940707e-09	-1.34963823228e-07
7.1236569873e-09	-1.95819620075e-07
7.1246199039e-09	-2.44837133678e-07
7.12558282049e-09	-2.7435077854e-07
7.12654573709e-09	-2.80052381285e-07
7.12750865369e-09	-2.62270463125e-07
7.12847157029e-09	-2.25876860327e-07
7.12943448688e-09	-1.78858901023e-07
7.13039740348e-09	-1.30029935264e-07
7.13136032008e-09	-8.66790861309e-08
7.13232323668e-09	-5.30013171129e-08
7.13328615327e-09	-2.97911242342e-08
7.13424906987e-09	-1.53682906401e-08
7.13521198647e-09	-7.21420434502e-09
7.13617490307e-09	-3.5868534809e-09
7.13713781966e-09	-4.44834213909e-09
7.13810073626e-09	-1.13258487033e-08
7.13906365286e-09	-2.62912145388e-08
7.14002656946e-09	-5.06250490417e-08
7.14098948605e-09	-8.38032079287e-08
7.14195240265e-09	-1.23313414591e-07
7.14291531925e-09	-1.65385818818e-07
7.14387823584e-09	-2.06288010673e-07
7.14484115244e-09	-2.43607535033e-07
7.14580406904e-09	-2.76877061722e-07
7.14676698564e-09	-3.0718636701e-07
7.14772990223e-09	-3.35963308729e-07
7.14869281883e-09	-3.63397321124e-07
7.14965573543e-09	-3.87193125562e-07
7.15061865203e-09	-4.02361662211e-07
7.15158156862e-09	-4.02290057266e-07
7.15254448522e-09	-3.80875286865e-07
7.15350740182e-09	-3.35090209802e-07
7.15447031842e-09	-2.67050436875e-07
7.15543323501e-09	-1.84774400225e-07
7.15639615161e-09	-1.01156784282e-07
7.15735906821e-09	-3.12036370076e-08
7.15832198481e-09	1.17589600279e-08
7.1592849014e-09	1.98496472592e-08
7.160247818e-09	-6.68980248975e-09
7.1612107346e-09	-5.87996762391e-08
7.16217365119e-09	-1.20278590643e-07
7.16313656779e-09	-1.71468459875e-07
7.16409948439e-09	-1.94011578358e-07
7.16506240099e-09	-1.75500684207e-07
7.16602531758e-09	-1.1284688739e-07
7.16698823418e-09	-1.34945477015e-08
7.16795115078e-09	1.05780083359e-07
7.16891406738e-09	2.22160080554e-07
7.16987698397e-09	3.11412496679e-07
7.17083990057e-09	3.52832675077e-07
7.17180281717e-09	3.33553783705e-07
7.17276573377e-09	2.51485603897e-07
7.17372865036e-09	1.16339201384e-07
7.17469156696e-09	-5.14559825859e-08
7.17565448356e-09	-2.23852488546e-07
7.17661740016e-09	-3.70041053799e-07
7.17758031675e-09	-4.6238822371e-07
7.17854323335e-09	-4.82433160087e-07
7.17950614995e-09	-4.25747321842e-07
7.18046906654e-09	-3.04371871707e-07
7.18143198314e-09	-1.45793693562e-07
7.18239489974e-09	1.18806209315e-08
7.18335781634e-09	1.27883501122e-07
7.18432073293e-09	1.68297850323e-07
7.18528364953e-09	1.14892150904e-07
7.18624656613e-09	-2.91206010417e-08
7.18720948273e-09	-2.38217038984e-07
7.18817239932e-09	-4.69204021414e-07
7.18913531592e-09	-6.70534690883e-07
7.19009823252e-09	-7.94162485107e-07
7.19106114912e-09	-8.06990970048e-07
7.19202406571e-09	-6.98989618186e-07
7.19298698231e-09	-4.85859219523e-07
7.19394989891e-09	-2.05571360823e-07
7.1949128155e-09	9.02833612315e-08
7.1958757321e-09	3.48073470491e-07
7.1968386487e-09	5.23637552874e-07
7.1978015653e-09	5.90869873918e-07
7.19876448189e-09	5.45489202253e-07
7.19972739849e-09	4.03509559987e-07
7.20069031509e-09	1.95354351362e-07
7.20165323169e-09	-4.23303472274e-08
7.20261614828e-09	-2.74705131531e-07
7.20357906488e-09	-4.74587842803e-07
7.20454198148e-09	-6.25056454595e-07
7.20550489808e-09	-7.18888973239e-07
7.20646781467e-09	-7.55892180848e-07
7.20743073127e-09	-7.39627349589e-07
7.20839364787e-09	-6.74929884426e-07
7.20935656447e-09	-5.67006839702e-07
7.21031948106e-09	-4.22048731963e-07
7.21128239766e-09	-2.48656593982e-07
7.21224531426e-09	-5.91142974571e-08
7.21320823085e-09	1.30410363397e-07
7.21417114745e-09	3.01184066132e-07
7.21513406405e-09	4.34561195917e-07
7.21609698065e-09	5.15331844753e-07
7.21705989724e-09	5.34855976397e-07
7.21802281384e-09	4.93103176069e-07
7.21898573044e-09	3.99027562992e-07
7.21994864704e-09	2.69094213579e-07
7.22091156363e-09	1.24243845434e-07
7.22187448023e-09	-1.40266758208e-08
