% time-domain current integration by openEMS v0.0.36-93-g7b9cd51 @Fri Sep 11 13:29:41 2026
% start-coordinates: (0.01425,0.00255,-0.0007) m -> [123,51,38]
% stop-coordinates: (0.0145,0.00255,0.00055) m -> [124,51,43]
% t/s	current
2.40729149341e-13	0
1.20364574671e-12	0
2.16656234407e-12	0
3.12947894143e-12	0
4.0923955388e-12	0
5.05531213616e-12	0
6.01822873353e-12	0
6.98114533089e-12	0
7.94406192825e-12	0
8.90697852562e-12	0
9.86989512298e-12	0
1.08328117203e-11	0
1.17957283177e-11	0
1.27586449151e-11	0
1.37215615124e-11	0
1.46844781098e-11	0
1.56473947072e-11	0
1.66103113045e-11	0
1.75732279019e-11	0
1.85361444993e-11	0
1.94990610966e-11	0
2.0461977694e-11	0
2.14248942914e-11	0
2.23878108887e-11	0
2.33507274861e-11	0
2.43136440834e-11	0
2.52765606808e-11	0
2.62394772782e-11	0
2.72023938755e-11	0
2.81653104729e-11	0
2.91282270703e-11	0
3.00911436676e-11	0
3.1054060265e-11	0
3.20169768624e-11	0
3.29798934597e-11	0
3.39428100571e-11	0
3.49057266545e-11	0
3.58686432518e-11	0
3.68315598492e-11	0
3.77944764465e-11	0
3.87573930439e-11	0
3.97203096413e-11	0
4.06832262386e-11	0
4.1646142836e-11	0
4.26090594334e-11	0
4.35719760307e-11	0
4.45348926281e-11	0
4.54978092255e-11	0
4.64607258228e-11	0
4.74236424202e-11	0
4.83865590175e-11	0
4.93494756149e-11	0
5.03123922123e-11	0
5.12753088096e-11	0
5.2238225407e-11	0
5.32011420044e-11	0
5.41640586017e-11	0
5.51269751991e-11	0
5.60898917965e-11	0
5.70528083938e-11	0
5.80157249912e-11	0
5.89786415886e-11	0
5.99415581859e-11	0
6.09044747833e-11	0
6.18673913806e-11	0
6.2830307978e-11	0
6.37932245754e-11	0
6.47561411727e-11	0
6.57190577701e-11	0
6.66819743675e-11	0
6.76448909648e-11	0
6.86078075622e-11	0
6.95707241596e-11	0
7.05336407569e-11	0
7.14965573543e-11	0
7.24594739517e-11	0
7.3422390549e-11	0
7.43853071464e-11	0
7.53482237437e-11	0
7.63111403411e-11	0
7.72740569385e-11	0
7.82369735358e-11	0
7.91998901332e-11	0
8.01628067306e-11	0
8.11257233279e-11	0
8.20886399253e-11	0
8.30515565227e-11	0
8.401447312e-11	0
8.49773897174e-11	0
8.59403063148e-11	0
8.69032229121e-11	0
8.78661395095e-11	0
8.88290561068e-11	0
8.97919727042e-11	0
9.07548893016e-11	0
9.17178058989e-11	0
9.26807224963e-11	0
9.36436390937e-11	1.66130220474e-29
9.4606555691e-11	2.92363869278e-28
9.55694722884e-11	2.44669812727e-27
9.65323888858e-11	1.92537419804e-26
9.74953054831e-11	1.41177025115e-25
9.84582220805e-11	9.63056381451e-25
9.94211386778e-11	6.11964329808e-24
1.00384055275e-10	3.62654188715e-23
1.01346971873e-10	2.00627523037e-22
1.0230988847e-10	1.03706426342e-21
1.03272805067e-10	5.01269956789e-21
1.04235721665e-10	2.26709316359e-20
1.05198638262e-10	9.59899673886e-20
1.06161554859e-10	3.80637550323e-19
1.07124471457e-10	1.41395637951e-18
1.08087388054e-10	4.92082467218e-18
1.09050304651e-10	1.60425194709e-17
1.10013221249e-10	4.89766262242e-17
1.10976137846e-10	1.39924125414e-16
1.11939054444e-10	3.73668875849e-16
1.12901971041e-10	9.31038816227e-16
1.13864887638e-10	2.15794857027e-15
1.14827804236e-10	4.62994731123e-15
1.15790720833e-10	9.11796324072e-15
1.1675363743e-10	1.62243502866e-14
1.17716554028e-10	2.52319917211e-14
1.18679470625e-10	3.13988201758e-14
1.19642387222e-10	2.05969190136e-14
1.2060530382e-10	-4.00144496801e-14
1.21568220417e-10	-2.16427190839e-13
1.22531137015e-10	-6.27570695064e-13
1.23494053612e-10	-1.46857265931e-12
1.24456970209e-10	-3.03184799315e-12
1.25419886807e-10	-5.7147043174e-12
1.26382803404e-10	-9.99493370013e-12
1.27345720001e-10	-1.6348533638e-11
1.28308636599e-10	-2.5078923313e-11
1.29271553196e-10	-3.60290200452e-11
1.30234469794e-10	-4.81611348024e-11
1.31197386391e-10	-5.90197751782e-11
1.32160302988e-10	-6.41409633739e-11
1.33123219586e-10	-5.65372332284e-11
1.34086136183e-10	-2.64589773702e-11
1.3504905278e-10	3.83078152533e-11
1.36011969378e-10	1.51327728126e-10
1.36974885975e-10	3.25355908881e-10
1.37937802572e-10	5.6904858603e-10
1.3890071917e-10	8.82709683125e-10
1.39863635767e-10	1.25358123881e-09
1.40826552365e-10	1.65155145115e-09
1.41789468962e-10	2.02647565395e-09
1.42752385559e-10	2.30845720317e-09
1.43715302157e-10	2.41228370612e-09
1.44678218754e-10	2.24676011129e-09
1.45641135351e-10	1.72878233951e-09
1.46604051949e-10	8.0092477095e-10
1.47566968546e-10	-5.49927436921e-10
1.48529885143e-10	-2.27632157568e-09
1.49492801741e-10	-4.26028456957e-09
1.50455718338e-10	-6.31333030299e-09
1.51418634936e-10	-8.18893397536e-09
1.52381551533e-10	-9.60807167161e-09
1.5334446813e-10	-1.02959551995e-08
1.54307384728e-10	-1.00257180335e-08
1.55270301325e-10	-8.66274074696e-09
1.56233217922e-10	-6.20243900684e-09
1.5719613452e-10	-2.79456457974e-09
1.58159051117e-10	1.25133348128e-09
1.59121967714e-10	5.4821618356e-09
1.60084884312e-10	9.3391774314e-09
1.61047800909e-10	1.22146621706e-08
1.62010717507e-10	1.35224489384e-08
1.62973634104e-10	1.27759660629e-08
1.63936550701e-10	9.66698721072e-09
1.64899467299e-10	4.13800371746e-09
1.65862383896e-10	-3.55923157613e-09
1.66825300493e-10	-1.28268267119e-08
1.67788217091e-10	-2.27142091802e-08
1.68751133688e-10	-3.19507122981e-08
1.69714050285e-10	-3.902461998e-08
1.70676966883e-10	-4.23128874161e-08
1.7163988348e-10	-4.02588646864e-08
1.72602800078e-10	-3.1587589433e-08
1.73565716675e-10	-1.55384114464e-08
1.74528633272e-10	7.91297161129e-09
1.7549154987e-10	3.78757398778e-08
1.76454466467e-10	7.24410966768e-08
1.77417383064e-10	1.08683224198e-07
1.78380299662e-10	1.42783861179e-07
1.79343216259e-10	1.70289908397e-07
1.80306132856e-10	1.86502305155e-07
1.81269049454e-10	1.86980116723e-07
1.82231966051e-10	1.68129886902e-07
1.83194882649e-10	1.27828045038e-07
1.84157799246e-10	6.60052350554e-08
1.85120715843e-10	-1.4899877776e-08
1.86083632441e-10	-1.09719032082e-07
1.87046549038e-10	-2.10663031908e-07
1.88009465635e-10	-3.07831442115e-07
1.88972382233e-10	-3.90140371564e-07
1.8993529883e-10	-4.46611011284e-07
1.90898215427e-10	-4.6787130259e-07
1.91861132025e-10	-4.47646783641e-07
1.92824048622e-10	-3.83972292184e-07
1.9378696522e-10	-2.79874768694e-07
1.94749881817e-10	-1.43354981219e-07
1.95712798414e-10	1.33814772596e-08
1.96675715012e-10	1.75355282295e-07
1.97638631609e-10	3.26701041331e-07
1.98601548206e-10	4.52725316791e-07
1.99564464804e-10	5.41808958587e-07
2.00527381401e-10	5.86845942507e-07
2.01490297998e-10	5.85975215017e-07
2.02453214596e-10	5.42492500699e-07
2.03416131193e-10	4.63984662247e-07
2.04379047791e-10	3.60884570227e-07
2.05341964388e-10	2.44738032507e-07
2.06304880985e-10	1.26501589648e-07
2.07267797583e-10	1.51476058363e-08
2.0823071418e-10	-8.32317681443e-08
2.09193630777e-10	-1.65735414726e-07
2.10156547375e-10	-2.32401163203e-07
2.11119463972e-10	-2.85504626163e-07
2.12082380569e-10	-3.28566528651e-07
2.13045297167e-10	-3.65216692444e-07
2.14008213764e-10	-3.9803867935e-07
2.14971130362e-10	-4.27524014412e-07
2.15934046959e-10	-4.5133100457e-07
2.16896963556e-10	-4.64105767151e-07
2.17859880154e-10	-4.58105404277e-07
2.18822796751e-10	-4.24712794711e-07
2.19785713348e-10	-3.56676679303e-07
2.20748629946e-10	-2.50639175192e-07
2.21711546543e-10	-1.0932437533e-07
2.2267446314e-10	5.72846303726e-08
2.23637379738e-10	2.32308750014e-07
2.24600296335e-10	3.94070013954e-07
2.25563212933e-10	5.19658442499e-07
2.2652612953e-10	5.89263436268e-07
2.27489046127e-10	5.90305660353e-07
2.28451962725e-10	5.2042128118e-07
2.29414879322e-10	3.88595083223e-07
2.30377795919e-10	2.14145060795e-07
2.31340712517e-10	2.37088269017e-08
2.32303629114e-10	-1.5320000557e-07
2.33266545711e-10	-2.89209310722e-07
2.34229462309e-10	-3.63743566822e-07
2.35192378906e-10	-3.66508885463e-07
2.36155295504e-10	-2.99256328162e-07
2.37118212101e-10	-1.75549502046e-07
2.38081128698e-10	-1.85315371937e-08
2.39044045296e-10	1.43028245247e-07
2.40006961893e-10	2.79833869854e-07
2.4096987849e-10	3.67477582586e-07
2.41932795088e-10	3.91194106442e-07
2.42895711685e-10	3.48986816334e-07
2.43858628282e-10	2.52342061913e-07
2.4482154488e-10	1.24139617697e-07
2.45784461477e-10	-6.03834582336e-09
2.46747378075e-10	-1.08337118832e-07
2.47710294672e-10	-1.59409410116e-07
2.48673211269e-10	-1.4796218295e-07
2.49636127867e-10	-7.76889734766e-08
2.50599044464e-10	3.32310001738e-08
2.51561961061e-10	1.56085320668e-07
2.52524877659e-10	2.58181103163e-07
2.53487794256e-10	3.10449479457e-07
2.54450710853e-10	2.94256579991e-07
2.55413627451e-10	2.05772479944e-07
2.56376544048e-10	5.68684512814e-08
2.57339460646e-10	-1.27640461756e-07
2.58302377243e-10	-3.15717187505e-07
2.5926529384e-10	-4.75385064647e-07
2.60228210438e-10	-5.81789549869e-07
2.61191127035e-10	-6.22344316525e-07
2.62154043632e-10	-5.98800738771e-07
2.6311696023e-10	-5.25869950252e-07
2.64079876827e-10	-4.2686971824e-07
2.65042793424e-10	-3.27554232626e-07
2.66005710022e-10	-2.49691623821e-07
2.66968626619e-10	-2.05969243439e-07
2.67931543217e-10	-1.97400368052e-07
2.68894459814e-10	-2.13726195852e-07
2.69857376411e-10	-2.36564261513e-07
2.70820293009e-10	-2.44433181251e-07
2.71783209606e-10	-2.18374395899e-07
2.72746126203e-10	-1.46779939314e-07
2.73709042801e-10	-2.82852461453e-08
2.74671959398e-10	1.27872283429e-07
2.75634875995e-10	3.03967482296e-07
2.76597792593e-10	4.77751996186e-07
2.7756070919e-10	6.27284180155e-07
2.78523625788e-10	7.35484377401e-07
2.79486542385e-10	7.93361323304e-07
2.80449458982e-10	8.01208557277e-07
2.8141237558e-10	7.67579138028e-07
2.82375292177e-10	7.06381399596e-07
2.83338208774e-10	6.32850003512e-07
2.84301125372e-10	5.59403929401e-07
2.85264041969e-10	4.92443973599e-07
2.86226958566e-10	4.30930413131e-07
2.87189875164e-10	3.67150704506e-07
2.88152791761e-10	2.89513650387e-07
2.89115708359e-10	1.86646857969e-07
2.90078624956e-10	5.16997751276e-08
2.91041541553e-10	-1.14328472023e-07
2.92004458151e-10	-3.01209354348e-07
2.92967374748e-10	-4.90547961363e-07
2.93930291345e-10	-6.59115471535e-07
2.94893207943e-10	-7.83640416557e-07
2.9585612454e-10	-8.45875774758e-07
2.96819041138e-10	-8.36700110085e-07
2.97781957735e-10	-7.58254316224e-07
2.98744874332e-10	-6.23647395059e-07
2.9970779093e-10	-4.54414447404e-07
3.00670707527e-10	-2.76425623724e-07
3.01633624124e-10	-1.1521270693e-07
3.02596540722e-10	8.30132318441e-09
3.03559457319e-10	8.0900889543e-08
3.04522373916e-10	9.85774519791e-08
3.05485290514e-10	6.63701413828e-08
3.06448207111e-10	-3.20920667818e-09
3.07411123709e-10	-9.27500138914e-08
3.08374040306e-10	-1.83055533398e-07
3.09336956903e-10	-2.56317548519e-07
3.10299873501e-10	-2.98859674785e-07
3.11262790098e-10	-3.03002764213e-07
3.12225706695e-10	-2.67746429472e-07
3.13188623293e-10	-1.98164627818e-07
3.1415153989e-10	-1.03667368023e-07
3.15114456487e-10	4.44820136281e-09
3.16077373085e-10	1.15503951292e-07
3.17040289682e-10	2.21283798396e-07
3.1800320628e-10	3.16710753623e-07
3.18966122877e-10	3.99271613105e-07
3.19929039474e-10	4.67531378945e-07
3.20891956072e-10	5.19411344158e-07
3.21854872669e-10	5.51048913167e-07
3.22817789266e-10	5.56883605896e-07
3.23780705864e-10	5.31151613359e-07
3.24743622461e-10	4.70387135465e-07
3.25706539058e-10	3.76029305471e-07
3.26669455656e-10	2.56053851899e-07
3.27632372253e-10	1.24782658872e-07
3.28595288851e-10	5.78898706749e-10
3.29558205448e-10	-9.81532153332e-08
3.30521122045e-10	-1.57554339353e-07
3.31484038643e-10	-1.72021486833e-07
3.3244695524e-10	-1.45763777937e-07
3.33409871837e-10	-9.15876228191e-08
3.34372788435e-10	-2.71998761292e-08
3.35335705032e-10	2.98746343219e-08
3.36298621629e-10	6.71712143685e-08
3.37261538227e-10	8.03719544251e-08
3.38224454824e-10	7.36329752726e-08
3.39187371422e-10	5.71532368099e-08
3.40150288019e-10	4.28867679148e-08
3.41113204616e-10	3.98804900215e-08
3.42076121214e-10	5.08058697335e-08
3.43039037811e-10	7.07936180788e-08
3.44001954408e-10	8.88772078156e-08
3.44964871006e-10	9.14917563932e-08
3.45927787603e-10	6.68321078479e-08
3.468907042e-10	8.69268390602e-09
3.47853620798e-10	-8.13290199631e-08
3.48816537395e-10	-1.93844414298e-07
3.49779453993e-10	-3.13800654794e-07
3.5074237059e-10	-4.24021607159e-07
3.51705287187e-10	-5.09154574502e-07
3.52668203785e-10	-5.5898908613e-07
3.53631120382e-10	-5.70339693695e-07
3.54594036979e-10	-5.47137062767e-07
3.55556953577e-10	-4.98835049711e-07
3.56519870174e-10	-4.37611646475e-07
3.57482786771e-10	-3.75128053065e-07
3.58445703369e-10	-3.19688155059e-07
3.59408619966e-10	-2.74462649941e-07
3.60371536564e-10	-2.3716226849e-07
3.61334453161e-10	-2.0117620636e-07
3.62297369758e-10	-1.57805118306e-07
3.63260286356e-10	-9.89713768718e-08
3.64223202953e-10	-1.96850145073e-08
3.6518611955e-10	8.03827902018e-08
3.66149036148e-10	1.96572983668e-07
3.67111952745e-10	3.20174763146e-07
3.68074869342e-10	4.40322537543e-07
3.6903778594e-10	5.46293620118e-07
3.70000702537e-10	6.29582416423e-07
3.70963619135e-10	6.85246391186e-07
3.71926535732e-10	7.12247015144e-07
3.72889452329e-10	7.12810674486e-07
3.73852368927e-10	6.91112404638e-07
3.74815285524e-10	6.51720824862e-07
3.75778202121e-10	5.98272549723e-07
3.76741118719e-10	5.32735498382e-07
3.77704035316e-10	4.55385958276e-07
3.78666951913e-10	3.65420817161e-07
3.79629868511e-10	2.61972331828e-07
3.80592785108e-10	1.45182781353e-07
3.81555701706e-10	1.70160170399e-08
3.82518618303e-10	-1.18395263371e-07
3.834815349e-10	-2.54928494314e-07
3.84444451498e-10	-3.85105806799e-07
3.85407368095e-10	-5.01010788412e-07
3.86370284692e-10	-5.95268033976e-07
3.8733320129e-10	-6.61865612983e-07
3.88296117887e-10	-6.96682889156e-07
3.89259034484e-10	-6.97686004969e-07
3.90221951082e-10	-6.64833578412e-07
3.91184867679e-10	-5.99816530666e-07
3.92147784277e-10	-5.05800642259e-07
3.93110700874e-10	-3.87322245388e-07
3.94073617471e-10	-2.50390172596e-07
3.95036534069e-10	-1.02722317763e-07
3.95999450666e-10	4.60822420223e-08
3.96962367263e-10	1.8470656471e-07
3.97925283861e-10	3.00870397041e-07
3.98888200458e-10	3.82791711218e-07
3.99851117055e-10	4.21207118961e-07
4.00814033653e-10	4.11523728872e-07
4.0177695025e-10	3.55507722816e-07
4.02739866848e-10	2.61884309793e-07
4.03702783445e-10	1.45436430898e-07
4.04665700042e-10	2.45824320899e-08
4.0562861664e-10	-8.21137078333e-08
4.06591533237e-10	-1.59656337928e-07
4.07554449834e-10	-1.99565675985e-07
4.08517366432e-10	-2.01238506747e-07
4.09480283029e-10	-1.71341483224e-07
4.10443199626e-10	-1.21435121514e-07
4.11406116224e-10	-6.45545057409e-08
4.12369032821e-10	-1.17835510238e-08
4.13331949419e-10	3.01752152154e-08
4.14294866016e-10	5.97966476334e-08
4.15257782613e-10	7.98031152272e-08
4.16220699211e-10	9.49678593543e-08
4.17183615808e-10	1.09484766142e-07
4.18146532405e-10	1.24829952597e-07
4.19109449003e-10	1.38822656481e-07
4.200723656e-10	1.46157702829e-07
4.21035282197e-10	1.40195780318e-07
4.21998198795e-10	1.15410330181e-07
4.22961115392e-10	6.97115467574e-08
4.2392403199e-10	5.91262061533e-09
4.24886948587e-10	-6.81414462633e-08
4.25849865184e-10	-1.40865125786e-07
4.26812781782e-10	-1.99339297069e-07
4.27775698379e-10	-2.32238477338e-07
4.28738614976e-10	-2.32544422829e-07
4.29701531574e-10	-1.99333072715e-07
4.30664448171e-10	-1.3813578903e-07
4.31627364768e-10	-5.97417511017e-08
4.32590281366e-10	2.22943885575e-08
4.33553197963e-10	9.48272997903e-08
4.34516114561e-10	1.48164758684e-07
4.35479031158e-10	1.78167113063e-07
4.36441947755e-10	1.86814361314e-07
4.37404864353e-10	1.81092971729e-07
4.3836778095e-10	1.70553150269e-07
4.39330697547e-10	1.64259759572e-07
4.40293614145e-10	1.68036336845e-07
4.41256530742e-10	1.82816847882e-07
4.42219447339e-10	2.04559469807e-07
4.43182363937e-10	2.25670049758e-07
4.44145280534e-10	2.37413004811e-07
4.45108197132e-10	2.32513258425e-07
4.46071113729e-10	2.07152083931e-07
4.47034030326e-10	1.61801523291e-07
4.47996946924e-10	1.00753517529e-07
4.48959863521e-10	3.06427949681e-08
4.49922780118e-10	-4.14424903283e-08
4.50885696716e-10	-1.0961758079e-07
4.51848613313e-10	-1.70146606138e-07
4.5281152991e-10	-2.21503029252e-07
4.53774446508e-10	-2.63697870651e-07
4.54737363105e-10	-2.97273061278e-07
4.55700279703e-10	-3.22432128996e-07
4.566631963e-10	-3.38643644682e-07
4.57626112897e-10	-3.44827583376e-07
4.58589029495e-10	-3.39984666198e-07
4.59551946092e-10	-3.23946494518e-07
4.60514862689e-10	-2.97889670264e-07
4.61477779287e-10	-2.64353502644e-07
4.62440695884e-10	-2.26698702477e-07
4.63403612482e-10	-1.8818131764e-07
4.64366529079e-10	-1.50970123514e-07
4.65329445676e-10	-1.1546924128e-07
4.66292362274e-10	-8.02302650982e-08
4.67255278871e-10	-4.2548283119e-08
4.68218195468e-10	4.09306144533e-10
4.69181112066e-10	5.02885697529e-08
4.70144028663e-10	1.06488798224e-07
4.7110694526e-10	1.65750606129e-07
4.72069861858e-10	2.22590486487e-07
4.73032778455e-10	2.70522548362e-07
4.73995695053e-10	3.03736953811e-07
4.7495861165e-10	3.18713176739e-07
4.75921528247e-10	3.15237286941e-07
4.76884444845e-10	2.96455880289e-07
4.77847361442e-10	2.67904056273e-07
4.78810278039e-10	2.35792469994e-07
4.79773194637e-10	2.05089463634e-07
4.80736111234e-10	1.78046263954e-07
4.81699027831e-10	1.53682364612e-07
4.82661944429e-10	1.28416260736e-07
4.83624861026e-10	9.76432943389e-08
4.84587777624e-10	5.77398502344e-08
4.85550694221e-10	7.81150522045e-09
4.86513610818e-10	-4.94063385759e-08
4.87476527416e-10	-1.07809263739e-07
4.88439444013e-10	-1.59273213285e-07
4.8940236061e-10	-1.95651438162e-07
4.90365277208e-10	-2.10809446344e-07
4.91328193805e-10	-2.02117362846e-07
4.92291110402e-10	-1.70997566329e-07
4.93254027e-10	-1.22451652373e-07
4.94216943597e-10	-6.38040660306e-08
4.95179860195e-10	-3.09407788279e-09
4.96142776792e-10	5.24183292328e-08
4.97105693389e-10	9.72826796897e-08
4.98068609987e-10	1.28256530729e-07
4.99031526584e-10	1.44112576095e-07
4.99994443181e-10	1.45070117696e-07
5.00957359779e-10	1.32141892095e-07
5.01920276376e-10	1.06644378661e-07
5.02883192973e-10	7.0017982523e-08
5.03846109571e-10	2.39805419966e-08
5.04809026168e-10	-2.90959256688e-08
5.05771942766e-10	-8.57958752931e-08
5.06734859363e-10	-1.41493217143e-07
5.0769777596e-10	-1.90580905723e-07
5.08660692558e-10	-2.27150422916e-07
5.09623609155e-10	-2.4602863391e-07
5.10586525752e-10	-2.43935403432e-07
5.1154944235e-10	-2.20423260089e-07
5.12512358947e-10	-1.78280089358e-07
5.13475275544e-10	-1.23204713987e-07
5.14438192142e-10	-6.27711358447e-08
5.15401108739e-10	-4.91581264583e-09
5.16364025337e-10	4.36541398585e-08
5.17326941934e-10	7.86891973803e-08
5.18289858531e-10	9.89194646195e-08
5.19252775129e-10	1.05763923841e-07
5.20215691726e-10	1.02381946476e-07
5.21178608323e-10	9.24191070339e-08
5.22141524921e-10	7.88805039065e-08
5.23104441518e-10	6.34876187178e-08
5.24067358115e-10	4.667418807e-08
5.25030274713e-10	2.81312182437e-08
5.2599319131e-10	7.60787877141e-09
5.26956107908e-10	-1.43890499515e-08
5.27919024505e-10	-3.62837653256e-08
5.28881941102e-10	-5.56305259636e-08
5.298448577e-10	-6.97342841249e-08
5.30807774297e-10	-7.64329683989e-08
5.31770690894e-10	-7.47362207676e-08
5.32733607492e-10	-6.50781828426e-08
5.33696524089e-10	-4.90968972144e-08
5.34659440686e-10	-2.90399633229e-08
5.35622357284e-10	-7.02372116024e-09
5.36585273881e-10	1.55696184834e-08
5.37548190479e-10	3.83224190159e-08
5.38511107076e-10	6.15579622831e-08
5.39474023673e-10	8.57555733091e-08
5.40436940271e-10	1.1083936613e-07
5.41399856868e-10	1.35633712262e-07
5.42362773465e-10	1.57738725193e-07
5.43325690063e-10	1.7393895746e-07
5.4428860666e-10	1.81052840276e-07
5.45251523257e-10	1.7695683141e-07
5.46214439855e-10	1.61419848155e-07
5.47177356452e-10	1.36419373575e-07
5.4814027305e-10	1.05766034153e-07
5.49103189647e-10	7.40896197726e-08
5.50066106244e-10	4.54904416358e-08
5.51029022842e-10	2.23027569746e-08
5.51991939439e-10	4.40953495939e-09
5.52954856036e-10	-1.06209991912e-08
5.53917772634e-10	-2.65856296977e-08
5.54880689231e-10	-4.716030233e-08
5.55843605828e-10	-7.43716555007e-08
5.56806522426e-10	-1.0756264146e-07
5.57769439023e-10	-1.43224824001e-07
5.58732355621e-10	-1.7578831546e-07
5.59695272218e-10	-1.99138781909e-07
5.60658188815e-10	-2.08389678846e-07
5.61621105413e-10	-2.01348640871e-07
5.6258402201e-10	-1.79206963935e-07
5.63546938607e-10	-1.46236985188e-07
5.64509855205e-10	-1.08605640037e-07
5.65472771802e-10	-7.26809332718e-08
5.66435688399e-10	-4.33517151066e-08
5.67398604997e-10	-2.28650200995e-08
5.68361521594e-10	-1.05068309608e-08
5.69324438192e-10	-3.17701243091e-09
5.70287354789e-10	3.36664296441e-09
5.71250271386e-10	1.30173107848e-08
5.72213187984e-10	2.80458838375e-08
5.73176104581e-10	4.84200484152e-08
5.74139021178e-10	7.19010486705e-08
5.75101937776e-10	9.48304403892e-08
5.76064854373e-10	1.13306455773e-07
5.7702777097e-10	1.24352183661e-07
5.77990687568e-10	1.26694132518e-07
5.78953604165e-10	1.20932412528e-07
5.79916520763e-10	1.09091331524e-07
5.8087943736e-10	9.37521136279e-08
5.81842353957e-10	7.71183863435e-08
5.82805270555e-10	6.03536562949e-08
5.83768187152e-10	4.34050022591e-08
5.84731103749e-10	2.53451748478e-08
5.85694020347e-10	5.06155561908e-09
5.86656936944e-10	-1.80058048471e-08
5.87619853541e-10	-4.33758700069e-08
5.88582770139e-10	-6.94735007301e-08
5.89545686736e-10	-9.40050668419e-08
5.90508603334e-10	-1.14593241562e-07
5.91471519931e-10	-1.29410466343e-07
5.92434436528e-10	-1.37556853019e-07
5.93397353126e-10	-1.39052161785e-07
5.94360269723e-10	-1.34480842462e-07
5.9532318632e-10	-1.24473118035e-07
5.96286102918e-10	-1.09271020676e-07
5.97249019515e-10	-8.85828370656e-08
5.98211936112e-10	-6.18051032575e-08
5.9917485271e-10	-2.85471628558e-08
6.00137769307e-10	1.07432196472e-08
6.01100685905e-10	5.43092042449e-08
6.02063602502e-10	9.89662680695e-08
6.03026519099e-10	1.40424219808e-07
6.03989435697e-10	1.73994138208e-07
6.04952352294e-10	1.95497335653e-07
6.05915268891e-10	2.02133648486e-07
6.06878185489e-10	1.93070562204e-07
6.07841102086e-10	1.69607375256e-07
6.08804018683e-10	1.34896382065e-07
6.09766935281e-10	9.3318647032e-08
6.10729851878e-10	4.96928365123e-08
6.11692768476e-10	8.52451531586e-09
6.12655685073e-10	-2.65393929055e-08
6.1361860167e-10	-5.29778034775e-08
6.14581518268e-10	-6.94159751902e-08
6.15544434865e-10	-7.54936380076e-08
6.16507351462e-10	-7.1697698445e-08
6.1747026806e-10	-5.92507518604e-08
6.18433184657e-10	-4.00717468096e-08
6.19396101254e-10	-1.6753496368e-08
6.20359017852e-10	7.54644169376e-09
6.21321934449e-10	2.93910957794e-08
6.22284851047e-10	4.55404638444e-08
6.23247767644e-10	5.35416795344e-08
6.24210684241e-10	5.22716092632e-08
6.25173600839e-10	4.22379358156e-08
6.26136517436e-10	2.54959111601e-08
6.27099434033e-10	5.14735365442e-09
6.28062350631e-10	-1.54721480072e-08
6.29025267228e-10	-3.36947749702e-08
6.29988183826e-10	-4.82423558879e-08
6.30951100423e-10	-5.9529902785e-08
6.3191401702e-10	-6.94336179663e-08
6.32876933618e-10	-8.05754183375e-08
6.33839850215e-10	-9.53259586822e-08
6.34802766812e-10	-1.14828758058e-07
6.3576568341e-10	-1.38348241308e-07
6.36728600007e-10	-1.63148428101e-07
6.37691516604e-10	-1.84961862715e-07
6.38654433202e-10	-1.98930251827e-07
6.39617349799e-10	-2.00754143975e-07
6.40580266397e-10	-1.87733860457e-07
6.41543182994e-10	-1.59412010703e-07
6.42506099591e-10	-1.17652746212e-07
6.43469016189e-10	-6.61675017e-08
6.44431932786e-10	-9.65916058249e-09
6.45394849383e-10	4.71357104459e-08
6.46357765981e-10	1.00221306809e-07
6.47320682578e-10	1.46740234186e-07
6.48283599175e-10	1.84943914405e-07
6.49246515773e-10	2.13843520669e-07
6.5020943237e-10	2.32761124153e-07
6.51172348968e-10	2.4101493068e-07
6.52135265565e-10	2.37896429667e-07
6.53098182162e-10	2.22956032303e-07
6.5406109876e-10	1.96465137492e-07
6.55024015357e-10	1.59836631042e-07
6.55986931954e-10	1.1579313508e-07
6.56949848552e-10	6.81583287587e-08
6.57912765149e-10	2.12950990175e-08
6.58875681746e-10	-2.06434798145e-08
6.59838598344e-10	-5.44178675455e-08
6.60801514941e-10	-7.8139123616e-08
6.61764431539e-10	-9.13241322564e-08
6.62727348136e-10	-9.46038056782e-08
6.63690264733e-10	-8.92415741305e-08
6.64653181331e-10	-7.66839178823e-08
6.65616097928e-10	-5.8325792196e-08
6.66579014525e-10	-3.55547307151e-08
6.67541931123e-10	-1.00074979414e-08
6.6850484772e-10	1.61315405478e-08
6.69467764317e-10	3.99990938149e-08
6.70430680915e-10	5.82389461101e-08
6.71393597512e-10	6.75323192922e-08
6.7235651411e-10	6.53566516462e-08
6.73319430707e-10	5.0742755775e-08
6.74282347304e-10	2.4780129948e-08
6.75245263902e-10	-9.32143606747e-09
6.76208180499e-10	-4.66850558212e-08
6.77171097096e-10	-8.1646135186e-08
6.78134013694e-10	-1.08845739533e-07
6.79096930291e-10	-1.24263408452e-07
6.80059846888e-10	-1.25936281847e-07
6.81022763486e-10	-1.14207786339e-07
6.81985680083e-10	-9.14866689072e-08
6.82948596681e-10	-6.16264586029e-08
6.83911513278e-10	-2.91190662693e-08
6.84874429875e-10	1.68726443928e-09
6.85837346473e-10	2.71856190892e-08
6.8680026307e-10	4.48445618417e-08
6.87763179667e-10	5.32944994802e-08
6.88726096265e-10	5.22557712657e-08
6.89689012862e-10	4.24129176224e-08
6.90651929459e-10	2.53089744717e-08
6.91614846057e-10	3.26457261224e-09
6.92577762654e-10	-2.07332568891e-08
6.93540679252e-10	-4.32460538491e-08
6.94503595849e-10	-6.07648829032e-08
6.95466512446e-10	-7.02554387999e-08
6.96429429044e-10	-6.97827431395e-08
6.97392345641e-10	-5.9060887736e-08
6.98355262238e-10	-3.97322956758e-08
6.99318178836e-10	-1.52327039871e-08
7.00281095433e-10	9.8070822574e-09
7.0124401203e-10	3.05400646994e-08
7.02206928628e-10	4.3039435127e-08
7.03169845225e-10	4.53051818283e-08
7.04132761823e-10	3.7856764834e-08
7.0509567842e-10	2.37156392302e-08
7.06058595017e-10	7.74198660736e-09
7.07021511615e-10	-4.5393724335e-09
7.07984428212e-10	-8.33237301379e-09
7.08947344809e-10	-8.19925016771e-10
7.09910261407e-10	1.80487020884e-08
7.10873178004e-10	4.54361241964e-08
7.11836094601e-10	7.61867937626e-08
7.12799011199e-10	1.03943555985e-07
7.13761927796e-10	1.22537159086e-07
7.14724844394e-10	1.27311579945e-07
7.15687760991e-10	1.16087171875e-07
7.16650677588e-10	8.95704062032e-08
7.17613594186e-10	5.11575279916e-08
7.18576510783e-10	6.22470475165e-09
7.1953942738e-10	-3.8901692534e-08
7.20502343978e-10	-7.80595286187e-08
7.21465260575e-10	-1.06226885066e-07
7.22428177172e-10	-1.20209136867e-07
7.2339109377e-10	-1.1896678842e-07
7.24354010367e-10	-1.03588661204e-07
7.25316926965e-10	-7.69744019635e-08
7.26279843562e-10	-4.33135447508e-08
7.27242760159e-10	-7.44092432114e-09
7.28205676757e-10	2.58563304101e-08
7.29168593354e-10	5.25108951877e-08
7.30131509951e-10	6.97521400639e-08
7.31094426549e-10	7.64997025726e-08
7.32057343146e-10	7.34865963636e-08
7.33020259743e-10	6.30451921779e-08
7.33983176341e-10	4.85545683659e-08
7.34946092938e-10	3.36419425651e-08
7.35909009536e-10	2.13133617422e-08
7.36871926133e-10	1.32349740056e-08
7.3783484273e-10	9.37311295246e-09
7.38797759328e-10	8.12292189067e-09
7.39760675925e-10	6.90992685293e-09
7.40723592522e-10	3.09223713302e-09
7.4168650912e-10	-5.11379605328e-09
7.42649425717e-10	-1.79863484107e-08
7.43612342314e-10	-3.41476464882e-08
7.44575258912e-10	-5.09678841354e-08
7.45538175509e-10	-6.53998313283e-08
7.46501092107e-10	-7.49617470319e-08
7.47464008704e-10	-7.8527783387e-08
7.48426925301e-10	-7.66517160855e-08
7.49389841899e-10	-7.13107368711e-08
7.50352758496e-10	-6.51627303228e-08
7.51315675093e-10	-6.0577583838e-08
7.52278591691e-10	-5.87769548588e-08
7.53241508288e-10	-5.93751003919e-08
7.54204424885e-10	-6.04727858899e-08
7.55167341483e-10	-5.92683129241e-08
7.5613025808e-10	-5.2974037601e-08
7.57093174678e-10	-3.97310735423e-08
7.58056091275e-10	-1.92338411864e-08
7.59019007872e-10	7.11351333393e-09
7.5998192447e-10	3.65250159007e-08
7.60944841067e-10	6.55179732689e-08
7.61907757664e-10	9.07311132892e-08
7.62870674262e-10	1.09629368694e-07
7.63833590859e-10	1.2090600876e-07
7.64796507456e-10	1.24505589838e-07
7.65759424054e-10	1.21324418956e-07
7.66722340651e-10	1.12733111735e-07
7.67685257249e-10	1.00100550071e-07
7.68648173846e-10	8.44769303399e-08
7.69611090443e-10	6.6517870323e-08
7.70574007041e-10	4.66364866725e-08
7.71536923638e-10	2.52821461544e-08
7.72499840235e-10	3.20125481679e-09
7.73462756833e-10	-1.8446797867e-08
7.7442567343e-10	-3.81860481014e-08
7.75388590027e-10	-5.45120002471e-08
7.76351506625e-10	-6.6270004595e-08
7.77314423222e-10	-7.29906659558e-08
7.7827733982e-10	-7.5055488935e-08
7.79240256417e-10	-7.36204910368e-08
7.80203173014e-10	-7.03156999293e-08
7.81166089612e-10	-6.6810379451e-08
7.82129006209e-10	-6.43777298137e-08
7.83091922806e-10	-6.35891126421e-08
7.84054839404e-10	-6.42095017156e-08
7.85017756001e-10	-6.52982308225e-08
7.85980672598e-10	-6.54547349654e-08
7.86943589196e-10	-6.31121110928e-08
7.87906505793e-10	-5.67955993347e-08
7.88869422391e-10	-4.53069155526e-08
7.89832338988e-10	-2.78524030506e-08
7.90795255585e-10	-4.16608703091e-09
7.91758172183e-10	2.5335523901e-08
7.9272108878e-10	5.93740168142e-08
7.93684005377e-10	9.56715453526e-08
7.94646921975e-10	1.30969056045e-07
7.95609838572e-10	1.61307283975e-07
7.96572755169e-10	1.82604253496e-07
7.97535671767e-10	1.91449117892e-07
7.98498588364e-10	1.8592079698e-07
7.99461504962e-10	1.6618440668e-07
8.00424421559e-10	1.34642334615e-07
8.01387338156e-10	9.55274686021e-08
8.02350254754e-10	5.40026370288e-08
8.03313171351e-10	1.49964627383e-08
8.04276087948e-10	-1.78945374074e-08
8.05239004546e-10	-4.31141700119e-08
8.06201921143e-10	-6.12576727121e-08
8.07164837741e-10	-7.45660528878e-08
8.08127754338e-10	-8.59764739403e-08
8.09090670935e-10	-9.80402745654e-08
8.10053587533e-10	-1.12048667233e-07
8.1101650413e-10	-1.27615152223e-07
8.11979420727e-10	-1.42812993431e-07
8.12942337325e-10	-1.54787144879e-07
8.13905253922e-10	-1.60620146517e-07
8.14868170519e-10	-1.58183624421e-07
8.15831087117e-10	-1.4674097315e-07
8.16794003714e-10	-1.27159708541e-07
8.17756920312e-10	-1.01716310041e-07
8.18719836909e-10	-7.35817522468e-08
8.19682753506e-10	-4.61442937194e-08
8.20645670104e-10	-2.23399041488e-08
8.21608586701e-10	-4.12346423673e-09
8.22571503298e-10	7.8342710097e-09
8.23534419896e-10	1.41858382818e-08
8.24497336493e-10	1.66955196335e-08
8.2546025309e-10	1.78299632836e-08
8.26423169688e-10	2.02198293664e-08
8.27386086285e-10	2.60799843943e-08
8.28349002883e-10	3.66887924486e-08
8.2931191948e-10	5.20322132047e-08
8.30274836077e-10	7.07098024577e-08
8.31237752675e-10	9.01560426314e-08
8.32200669272e-10	1.07173391939e-07
8.33163585869e-10	1.18704612362e-07
8.34126502467e-10	1.22685420934e-07
8.35089419064e-10	1.18760823398e-07
8.36052335661e-10	1.08638374741e-07
8.37015252259e-10	9.59036512427e-08
8.37978168856e-10	8.52464836498e-08
8.38941085454e-10	8.12068421396e-08
8.39904002051e-10	8.67251586101e-08
8.40866918648e-10	1.01901555638e-07
8.41829835246e-10	1.23377276395e-07
8.42792751843e-10	1.44637112953e-07
8.4375566844e-10	1.57290870106e-07
8.44718585038e-10	1.53094674715e-07
8.45681501635e-10	1.26216406215e-07
8.46644418232e-10	7.5116091125e-08
8.4760733483e-10	3.46848816335e-09
8.48570251427e-10	-8.02062558591e-08
8.49533168025e-10	-1.64181159334e-07
8.50496084622e-10	-2.36036953538e-07
8.51459001219e-10	-2.85396112076e-07
8.52421917817e-10	-3.06155158114e-07
8.53384834414e-10	-2.97638564462e-07
8.54347751011e-10	-2.64407162831e-07
8.55310667609e-10	-2.14830890855e-07
8.56273584206e-10	-1.58868402877e-07
8.57236500803e-10	-1.05681301932e-07
8.58199417401e-10	-6.16954025645e-08
8.59162333998e-10	-2.95532238681e-08
8.60125250596e-10	-8.12587686028e-09
8.61088167193e-10	6.54155796198e-09
8.6205108379e-10	1.9699697873e-08
8.63014000388e-10	3.62281369348e-08
8.63976916985e-10	5.92492241935e-08
8.64939833582e-10	8.93116904876e-08
8.6590275018e-10	1.24262172108e-07
8.66865666777e-10	1.59748367423e-07
8.67828583374e-10	1.90167668279e-07
8.68791499972e-10	2.09827064168e-07
8.69754416569e-10	2.1407730344e-07
8.70717333167e-10	2.00214259394e-07
8.71680249764e-10	1.68009847812e-07
8.72643166361e-10	1.19807694432e-07
8.73606082959e-10	6.01809020395e-08
8.74568999556e-10	-4.78628159328e-09
8.75531916153e-10	-6.84540637508e-08
8.76494832751e-10	-1.24628002141e-07
8.77457749348e-10	-1.68410082324e-07
8.78420665945e-10	-1.96746739789e-07
8.79383582543e-10	-2.08582207506e-07
8.8034649914e-10	-2.04626161349e-07
8.81309415738e-10	-1.86853853279e-07
8.82272332335e-10	-1.57915224008e-07
8.83235248932e-10	-1.20625074373e-07
8.8419816553e-10	-7.76523663149e-08
8.85161082127e-10	-3.14425143699e-08
8.86123998724e-10	1.56756225778e-08
8.87086915322e-10	6.13079578216e-08
8.88049831919e-10	1.02865328699e-07
8.89012748516e-10	1.37582560455e-07
8.89975665114e-10	1.62722798791e-07
8.90938581711e-10	1.75939533165e-07
8.91901498309e-10	1.75716607487e-07
8.92864414906e-10	1.61778515917e-07
8.93827331503e-10	1.35354284225e-07
8.94790248101e-10	9.91935706907e-08
8.95753164698e-10	5.7289724964e-08
8.96716081295e-10	1.43279379472e-08
8.97678997893e-10	-2.50536356106e-08
8.9864191449e-10	-5.7040644208e-08
8.99604831087e-10	-7.92729224486e-08
9.00567747685e-10	-9.11542059612e-08
9.01530664282e-10	-9.37437931725e-08
9.0249358088e-10	-8.92556926146e-08
9.03456497477e-10	-8.03033870511e-08
9.04419414074e-10	-6.91113513085e-08
9.05382330672e-10	-5.6942532467e-08
9.06345247269e-10	-4.39235776639e-08
9.07308163866e-10	-2.93172277566e-08
9.08271080464e-10	-1.21390915098e-08
9.09233997061e-10	8.10501088466e-09
9.10196913658e-10	3.08316323583e-08
9.11159830256e-10	5.41626654638e-08
9.12122746853e-10	7.51669446686e-08
9.13085663451e-10	9.04945949287e-08
9.14048580048e-10	9.72107230268e-08
9.15011496645e-10	9.3556870695e-08
9.15974413243e-10	7.94026249196e-08
9.1693732984e-10	5.6276860505e-08
9.17900246437e-10	2.70085713794e-08
9.18863163035e-10	-4.87833951013e-09
9.19826079632e-10	-3.58082274943e-08
9.20788996229e-10	-6.26469756071e-08
9.21751912827e-10	-8.29679009939e-08
9.22714829424e-10	-9.51258769533e-08
9.23677746022e-10	-9.82466872301e-08
9.24640662619e-10	-9.2256001949e-08
9.25603579216e-10	-7.80019178137e-08
9.26566495814e-10	-5.74069005665e-08
9.27529412411e-10	-3.35036567378e-08
9.28492329008e-10	-1.02009698466e-08
9.29455245606e-10	8.30891888626e-09
9.30418162203e-10	1.84418951221e-08
9.313810788e-10	1.81830497326e-08
9.32343995398e-10	7.8093584932e-09
9.33306911995e-10	-9.91100179704e-09
9.34269828593e-10	-3.0191735334e-08
9.3523274519e-10	-4.72969503562e-08
9.36195661787e-10	-5.59314621285e-08
9.37158578385e-10	-5.25681187469e-08
9.38121494982e-10	-3.63266892123e-08
9.39084411579e-10	-9.16399400808e-09
9.40047328177e-10	2.46432101392e-08
9.41010244774e-10	5.95437583684e-08
9.41973161371e-10	8.99729499793e-08
9.42936077969e-10	1.11483998921e-07
9.43898994566e-10	1.21491481764e-07
9.44861911164e-10	1.19515604524e-07
9.45824827761e-10	1.06960378332e-07
9.46787744358e-10	8.65684128826e-08
9.47750660956e-10	6.17483948417e-08
9.48713577553e-10	3.59309062503e-08
9.4967649415e-10	1.20381606905e-08
9.50639410748e-10	-7.88431542276e-09
9.51602327345e-10	-2.28809255987e-08
9.52565243942e-10	-3.31719967051e-08
9.5352816054e-10	-4.00833748415e-08
9.54491077137e-10	-4.57742856952e-08
9.55453993735e-10	-5.27431573971e-08
9.56416910332e-10	-6.31333421097e-08
9.57379826929e-10	-7.79519950811e-08
9.58342743527e-10	-9.64076463106e-08
9.59305660124e-10	-1.156106606e-07
9.60268576721e-10	-1.30842749968e-07
9.61231493319e-10	-1.3645653496e-07
9.62194409916e-10	-1.2725811871e-07
9.63157326513e-10	-1.00045873808e-07
9.64120243111e-10	-5.48704015557e-08
9.65083159708e-10	4.40477787578e-09
9.66046076306e-10	7.04885962932e-08
9.67008992903e-10	1.33963311555e-07
9.679719095e-10	1.85208619996e-07
9.68934826098e-10	2.16461856439e-07
9.69897742695e-10	2.23460133952e-07
9.70860659292e-10	2.06245786671e-07
9.7182357589e-10	1.68962742464e-07
9.72786492487e-10	1.18730177689e-07
9.73749409085e-10	6.39305923755e-08
9.74712325682e-10	1.23891750192e-08
9.75675242279e-10	-3.01010665282e-08
9.76638158877e-10	-6.05951839816e-08
9.77601075474e-10	-7.90323682054e-08
9.78563992071e-10	-8.75814620827e-08
9.79526908669e-10	-8.95592293659e-08
9.80489825266e-10	-8.82549784365e-08
9.81452741863e-10	-8.59695674649e-08
9.82415658461e-10	-8.34985058873e-08
9.83378575058e-10	-8.01519703941e-08
9.84341491656e-10	-7.42548280641e-08
9.85304408253e-10	-6.39525552515e-08
9.8626732485e-10	-4.80843667106e-08
9.87230241448e-10	-2.68759556832e-08
9.88193158045e-10	-2.2497190777e-09
9.89156074642e-10	2.23483187511e-08
9.9011899124e-10	4.25818988958e-08
9.91081907837e-10	5.41853175662e-08
9.92044824434e-10	5.40239462055e-08
9.93007741032e-10	4.09834761683e-08
9.93970657629e-10	1.64522404589e-08
9.94933574227e-10	-1.57499862041e-08
9.95896490824e-10	-5.00250081359e-08
9.96859407421e-10	-8.01146811114e-08
9.97822324019e-10	-1.00434242256e-07
9.98785240616e-10	-1.07294837903e-07
9.99748157213e-10	-9.97076057274e-08
1.00071107381e-09	-7.95540273657e-08
1.00167399041e-09	-5.10535116405e-08
1.00263690701e-09	-1.96496792171e-08
1.0035998236e-09	9.39065003536e-09
1.0045627402e-09	3.22828377364e-08
1.0055256568e-09	4.75685588697e-08
1.00648857339e-09	5.62651045755e-08
1.00745148999e-09	6.12842612213e-08
1.00841440659e-09	6.63008705715e-08
1.00937732319e-09	7.4427191521e-08
1.01034023978e-09	8.71000125358e-08
1.01130315638e-09	1.03508803306e-07
1.01226607298e-09	1.20723910868e-07
1.01322898958e-09	1.34465025781e-07
1.01419190617e-09	1.40253959557e-07
1.01515482277e-09	1.34602089474e-07
1.01611773937e-09	1.15907425879e-07
1.01708065597e-09	8.48443448831e-08
1.01804357256e-09	4.41978542653e-08
1.01900648916e-09	-1.736998545e-09
1.01996940576e-09	-4.79803041742e-08
1.02093232236e-09	-8.9693372729e-08
1.02189523895e-09	-1.22835416505e-07
1.02285815555e-09	-1.4457820896e-07
1.02382107215e-09	-1.53490731236e-07
1.02478398874e-09	-1.4955233496e-07
1.02574690534e-09	-1.34057486889e-07
1.02670982194e-09	-1.09438481388e-07
1.02767273854e-09	-7.89939349488e-08
1.02863565513e-09	-4.64991494198e-08
1.02959857173e-09	-1.56953827712e-08
1.03056148833e-09	1.02878736641e-08
1.03152440493e-09	2.94561921521e-08
1.03248732152e-09	4.12721909981e-08
1.03345023812e-09	4.66525342802e-08
1.03441315472e-09	4.75868375815e-08
1.03537607132e-09	4.6452665714e-08
1.03633898791e-09	4.52224249159e-08
1.03730190451e-09	4.48111450169e-08
1.03826482111e-09	4.47982095864e-08
1.03922773771e-09	4.36512124224e-08
1.0401906543e-09	3.93974453061e-08
1.0411535709e-09	3.05203045059e-08
1.0421164875e-09	1.67674336637e-08
1.04307940409e-09	-4.37803016062e-10
1.04404232069e-09	-1.81671779842e-08
1.04500523729e-09	-3.27193703242e-08
1.04596815389e-09	-4.06900504402e-08
1.04693107048e-09	-4.00274444701e-08
1.04789398708e-09	-3.07181196035e-08
1.04885690368e-09	-1.48752281603e-08
1.04981982028e-09	3.80284959078e-09
1.05078273687e-09	2.10256434485e-08
1.05174565347e-09	3.30347234012e-08
1.05270857007e-09	3.75161093302e-08
1.05367148667e-09	3.40534000998e-08
1.05463440326e-09	2.40337314494e-08
1.05559731986e-09	1.00886961008e-08
1.05656023646e-09	-4.71207250996e-09
1.05752315306e-09	-1.76559673548e-08
1.05848606965e-09	-2.69624500504e-08
1.05944898625e-09	-3.20218447314e-08
1.06041190285e-09	-3.3297691715e-08
1.06137481944e-09	-3.19897175416e-08
1.06233773604e-09	-2.9597194029e-08
1.06330065264e-09	-2.75169220743e-08
1.06426356924e-09	-2.67612492166e-08
1.06522648583e-09	-2.78184337787e-08
1.06618940243e-09	-3.06357179625e-08
1.06715231903e-09	-3.46718884714e-08
1.06811523563e-09	-3.89715424376e-08
1.06907815222e-09	-4.22525054944e-08
1.07004106882e-09	-4.3020239815e-08
1.07100398542e-09	-3.97396178187e-08
1.07196690202e-09	-3.10896517419e-08
1.07292981861e-09	-1.62834439266e-08
1.07389273521e-09	4.6073553861e-09
1.07485565181e-09	3.04166931642e-08
1.07581856841e-09	5.88393049838e-08
1.076781485e-09	8.66393534693e-08
1.0777444016e-09	1.10108118179e-07
1.0787073182e-09	1.25696530517e-07
1.07967023479e-09	1.30686288458e-07
1.08063315139e-09	1.23739781088e-07
1.08159606799e-09	1.05199383427e-07
1.08255898459e-09	7.70699486452e-08
1.08352190118e-09	4.26974509082e-08
1.08448481778e-09	6.23187634829e-09
1.08544773438e-09	-2.79974123885e-08
1.08641065098e-09	-5.60742172695e-08
1.08737356757e-09	-7.49647952603e-08
1.08833648417e-09	-8.28304820288e-08
1.08929940077e-09	-7.91993599591e-08
1.09026231737e-09	-6.50231513077e-08
1.09122523396e-09	-4.26303898848e-08
1.09218815056e-09	-1.55522990042e-08
1.09315106716e-09	1.1820478818e-08
1.09411398376e-09	3.47818556179e-08
1.09507690035e-09	4.90374638673e-08
1.09603981695e-09	5.15110087917e-08
1.09700273355e-09	4.10512868143e-08
1.09796565014e-09	1.8830792925e-08
1.09892856674e-09	-1.17240270825e-08
1.09989148334e-09	-4.55144331113e-08
1.10085439994e-09	-7.67638823618e-08
1.10181731653e-09	-1.00189936347e-07
1.10278023313e-09	-1.12059041157e-07
1.10374314973e-09	-1.10865492786e-07
1.10470606633e-09	-9.74788676444e-08
1.10566898292e-09	-7.47627240116e-08
1.10663189952e-09	-4.68049918823e-08
1.10759481612e-09	-1.79801329381e-08
1.10855773272e-09	7.92118282078e-09
1.10952064931e-09	2.83194196982e-08
1.11048356591e-09	4.21384740434e-08
1.11144648251e-09	4.97504473174e-08
1.1124093991e-09	5.26414538626e-08
1.1133723157e-09	5.29008197248e-08
1.1143352323e-09	5.26419263736e-08
1.1152981489e-09	5.34719184486e-08
1.11626106549e-09	5.61105473196e-08
1.11722398209e-09	6.02259717652e-08
1.11818689869e-09	6.45213447115e-08
1.11914981529e-09	6.70592967822e-08
1.12011273188e-09	6.57596146425e-08
1.12107564848e-09	5.89570987586e-08
1.12203856508e-09	4.58851090457e-08
1.12300148168e-09	2.69632298711e-08
1.12396439827e-09	3.80521036902e-09
1.12492731487e-09	-2.10667803202e-08
1.12589023147e-09	-4.47423680328e-08
1.12685314807e-09	-6.45501074814e-08
1.12781606466e-09	-7.8618846544e-08
1.12877898126e-09	-8.62178382022e-08
1.12974189786e-09	-8.77739481098e-08
1.13070481445e-09	-8.45465777388e-08
1.13166773105e-09	-7.8061162867e-08
1.13263064765e-09	-6.94910013976e-08
1.13359356425e-09	-5.92053375215e-08
1.13455648084e-09	-4.66660274867e-08
1.13551939744e-09	-3.07425160884e-08
1.13648231404e-09	-1.03642294746e-08
1.13744523064e-09	1.47043284215e-08
1.13840814723e-09	4.3256527249e-08
1.13937106383e-09	7.24643669514e-08
1.14033398043e-09	9.82561800811e-08
1.14129689703e-09	1.16193071165e-07
1.14225981362e-09	1.22605683828e-07
1.14322273022e-09	1.1564672775e-07
1.14418564682e-09	9.59188994898e-08
1.14514856342e-09	6.6461524284e-08
1.14611148001e-09	3.20858539737e-08
1.14707439661e-09	-1.74851066959e-09
1.14803731321e-09	-3.01881080134e-08
1.1490002298e-09	-5.00106516199e-08
1.1499631464e-09	-6.01409482215e-08
1.150926063e-09	-6.1551475028e-08
1.1518889796e-09	-5.66337980956e-08
1.15285189619e-09	-4.82769308974e-08
1.15381481279e-09	-3.89566956471e-08
1.15477772939e-09	-3.01100619993e-08
1.15574064599e-09	-2.1958747709e-08
1.15670356258e-09	-1.37943416689e-08
1.15766647918e-09	-4.58685533999e-09
1.15862939578e-09	6.31816421404e-09
1.15959231238e-09	1.86619892872e-08
1.16055522897e-09	3.1085654939e-08
1.16151814557e-09	4.13650909081e-08
1.16248106217e-09	4.70001282338e-08
1.16344397877e-09	4.59747795389e-08
1.16440689536e-09	3.74420707772e-08
1.16536981196e-09	2.21090274977e-08
1.16633272856e-09	2.18804308005e-09
1.16729564515e-09	-1.90804350098e-08
1.16825856175e-09	-3.81849929454e-08
1.16922147835e-09	-5.21545011622e-08
1.17018439495e-09	-5.91909774528e-08
1.17114731154e-09	-5.89492756831e-08
1.17211022814e-09	-5.24201979601e-08
1.17307314474e-09	-4.15098249107e-08
1.17403606134e-09	-2.84832069042e-08
1.17499897793e-09	-1.54658472695e-08
1.17596189453e-09	-4.14103018542e-09
1.17692481113e-09	4.33146940537e-09
1.17788772773e-09	9.24313603434e-09
1.17885064432e-09	1.02300159455e-08
1.17981356092e-09	7.24159221477e-09
1.18077647752e-09	6.26471652332e-10
1.18173939412e-09	-8.71267324953e-09
1.18270231071e-09	-1.92016482714e-08
1.18366522731e-09	-2.8642244132e-08
1.18462814391e-09	-3.450260877e-08
1.1855910605e-09	-3.442159624e-08
1.1865539771e-09	-2.68117368307e-08
1.1875168937e-09	-1.13918332545e-08
1.1884798103e-09	1.05289483798e-08
1.18944272689e-09	3.61314391739e-08
1.19040564349e-09	6.15404402993e-08
1.19136856009e-09	8.25603976295e-08
1.19233147669e-09	9.55197876351e-08
1.19329439328e-09	9.80254384331e-08
1.19425730988e-09	8.94596681178e-08
1.19522022648e-09	7.11060366143e-08
1.19618314308e-09	4.58842208673e-08
1.19714605967e-09	1.77681389602e-08
1.19810897627e-09	-8.98496210766e-09
1.19907189287e-09	-3.06267793349e-08
1.20003480947e-09	-4.45677876826e-08
1.20099772606e-09	-4.97659513599e-08
1.20196064266e-09	-4.67904754942e-08
1.20292355926e-09	-3.75712403411e-08
1.20388647585e-09	-2.49105092109e-08
1.20484939245e-09	-1.18673186833e-08
1.20581230905e-09	-1.14341780488e-09
1.20677522565e-09	5.40903766222e-09
1.20773814224e-09	7.07669922662e-09
1.20870105884e-09	4.32664704064e-09
1.20966397544e-09	-1.39742506455e-09
1.21062689204e-09	-8.06903432959e-09
1.21158980863e-09	-1.35789308686e-08
1.21255272523e-09	-1.62360613842e-08
1.21351564183e-09	-1.51499790491e-08
1.21447855843e-09	-1.04057358286e-08
1.21544147502e-09	-2.99499269829e-09
1.21640439162e-09	5.48007594858e-09
1.21736730822e-09	1.32385853391e-08
1.21833022482e-09	1.87558999443e-08
1.21929314141e-09	2.10782715726e-08
1.22025605801e-09	1.99264018619e-08
1.22121897461e-09	1.5583221824e-08
1.2221818912e-09	8.64411031642e-09
1.2231448078e-09	-2.53006504636e-10
1.2241077244e-09	-1.05865591848e-08
1.225070641e-09	-2.19261373502e-08
1.22603355759e-09	-3.3746879069e-08
1.22699647419e-09	-4.51823538583e-08
1.22795939079e-09	-5.48641807541e-08
1.22892230739e-09	-6.09757648817e-08
1.22988522398e-09	-6.15675261884e-08
1.23084814058e-09	-5.50812941924e-08
1.23181105718e-09	-4.092959216e-08
1.23277397378e-09	-1.99256540157e-08
1.23373689037e-09	5.60820634377e-09
1.23469980697e-09	3.21345545728e-08
1.23566272357e-09	5.55605623731e-08
1.23662564016e-09	7.21041999441e-08
1.23758855676e-09	7.9135162423e-08
1.23855147336e-09	7.57625642223e-08
1.23951438996e-09	6.30038456961e-08
1.24047730655e-09	4.349671201e-08
1.24144022315e-09	2.08467660912e-08
1.24240313975e-09	-1.2048069209e-09
1.24336605635e-09	-1.95574685335e-08
1.24432897294e-09	-3.22687867538e-08
1.24529188954e-09	-3.87099596821e-08
1.24625480614e-09	-3.93665722243e-08
1.24721772274e-09	-3.54068099284e-08
1.24818063933e-09	-2.81978955741e-08
1.24914355593e-09	-1.89344468993e-08
1.25010647253e-09	-8.48747561122e-09
1.25106938913e-09	2.51999043854e-09
1.25203230572e-09	1.35026549941e-08
1.25299522232e-09	2.36985666646e-08
1.25395813892e-09	3.2070762046e-08
1.25492105551e-09	3.73883928262e-08
1.25588397211e-09	3.84633089823e-08
1.25684688871e-09	3.4459478826e-08
1.25780980531e-09	2.51717402477e-08
1.2587727219e-09	1.11828075688e-08
1.2597356385e-09	-6.14033757174e-09
1.2606985551e-09	-2.47957494537e-08
1.2616614717e-09	-4.23992574383e-08
1.26262438829e-09	-5.64938140712e-08
1.26358730489e-09	-6.48789466595e-08
1.26455022149e-09	-6.59415562154e-08
1.26551313809e-09	-5.89620974267e-08
1.26647605468e-09	-4.43441194875e-08
1.26743897128e-09	-2.36998385361e-08
1.26840188788e-09	2.8380897632e-10
1.26936480448e-09	2.42396964723e-08
1.27032772107e-09	4.47415295923e-08
1.27129063767e-09	5.90333151251e-08
1.27225355427e-09	6.56787264575e-08
1.27321647086e-09	6.49278248943e-08
1.27417938746e-09	5.86521053947e-08
1.27514230406e-09	4.98176078167e-08
1.27610522066e-09	4.161692857e-08
1.27706813725e-09	3.6498011724e-08
1.27803105385e-09	3.53786724361e-08
1.27899397045e-09	3.72994364284e-08
1.27995688705e-09	3.96450374751e-08
1.28091980364e-09	3.88947825058e-08
1.28188272024e-09	3.17005870443e-08
1.28284563684e-09	1.5985152757e-08
1.28380855344e-09	-8.26167045886e-09
1.28477147003e-09	-3.87205432162e-08
1.28573438663e-09	-7.1096920351e-08
1.28669730323e-09	-1.00004228898e-07
1.28766021983e-09	-1.20140725812e-07
1.28862313642e-09	-1.27456729615e-07
1.28958605302e-09	-1.20027351613e-07
1.29054896962e-09	-9.84341568255e-08
1.29151188621e-09	-6.56049081726e-08
1.29247480281e-09	-2.61964494541e-08
1.29343771941e-09	1.42998528574e-08
1.29440063601e-09	5.05037078824e-08
1.2953635526e-09	7.79475826107e-08
1.2963264692e-09	9.36157391607e-08
1.2972893858e-09	9.61816155609e-08
1.2982523024e-09	8.59812345766e-08
1.29921521899e-09	6.48015117122e-08
1.30017813559e-09	3.5559708067e-08
1.30114105219e-09	1.92890281525e-09
1.30210396879e-09	-3.2065898381e-08
1.30306688538e-09	-6.24731768539e-08
1.30402980198e-09	-8.58442419371e-08
1.30499271858e-09	-9.96317339741e-08
1.30595563518e-09	-1.02496422016e-07
1.30691855177e-09	-9.44497173805e-08
1.30788146837e-09	-7.67851631167e-08
1.30884438497e-09	-5.1802373946e-08
1.30980730156e-09	-2.23814495826e-08
1.31077021816e-09	8.49285530791e-09
1.31173313476e-09	3.81474443145e-08
1.31269605136e-09	6.44924114113e-08
1.31365896795e-09	8.6112557085e-08
1.31462188455e-09	1.0220635005e-07
1.31558480115e-09	1.12439302313e-07
1.31654771775e-09	1.16787667537e-07
1.31751063434e-09	1.15431610936e-07
1.31847355094e-09	1.08717067349e-07
1.31943646754e-09	9.71702505126e-08
1.32039938414e-09	8.15290874812e-08
1.32136230073e-09	6.27482279469e-08
1.32232521733e-09	4.19521484218e-08
1.32328813393e-09	2.03380956521e-08
1.32425105053e-09	-9.54125223274e-10
1.32521396712e-09	-2.09721147115e-08
1.32617688372e-09	-3.9051172962e-08
1.32713980032e-09	-5.48629763841e-08
1.32810271691e-09	-6.83911167698e-08
1.32906563351e-09	-7.98281121206e-08
1.33002855011e-09	-8.94054963396e-08
1.33099146671e-09	-9.71810933947e-08
1.3319543833e-09	-1.02835784332e-07
1.3329172999e-09	-1.05550682861e-07
1.3338802165e-09	-1.04036686821e-07
1.3348431331e-09	-9.67634434801e-08
1.33580604969e-09	-8.23800192506e-08
1.33676896629e-09	-6.02530718652e-08
1.33773188289e-09	-3.09818801725e-08
1.33869479949e-09	3.28446247977e-09
1.33965771608e-09	3.88846110866e-08
1.34062063268e-09	7.1114627076e-08
1.34158354928e-09	9.50799190491e-08
1.34254646587e-09	1.06758065499e-07
1.34350938247e-09	1.0401114281e-07
1.34447229907e-09	8.72567653687e-08
1.34543521567e-09	5.95765534683e-08
1.34639813226e-09	2.61864023798e-08
1.34736104886e-09	-6.6316330205e-09
1.34832396546e-09	-3.28842979513e-08
1.34928688206e-09	-4.81685411557e-08
1.35024979865e-09	-5.05845179077e-08
1.35121271525e-09	-4.10253520045e-08
1.35217563185e-09	-2.27886207682e-08
1.35313854845e-09	-6.42894959491e-10
1.35410146504e-09	2.03810213151e-08
1.35506438164e-09	3.61437670904e-08
1.35602729824e-09	4.42020500202e-08
1.35699021484e-09	4.40926015699e-08
1.35795313143e-09	3.70926080961e-08
1.35891604803e-09	2.55979948349e-08
1.35987896463e-09	1.2348199796e-08
1.36084188122e-09	-2.64169797148e-10
1.36180479782e-09	-1.06328919003e-08
1.36276771442e-09	-1.80695742813e-08
1.36373063102e-09	-2.26777530088e-08
1.36469354761e-09	-2.50885481279e-08
1.36565646421e-09	-2.61715911165e-08
1.36661938081e-09	-2.68010520443e-08
1.36758229741e-09	-2.77055889342e-08
1.368545214e-09	-2.93724333744e-08
1.3695081306e-09	-3.1964077607e-08
1.3704710472e-09	-3.52328122233e-08
1.3714339638e-09	-3.8457592666e-08
1.37239688039e-09	-4.0460278683e-08
1.37335979699e-09	-3.97522406104e-08
1.37432271359e-09	-3.48250708271e-08
1.37528563019e-09	-2.45486653228e-08
1.37624854678e-09	-8.58312620977e-09
1.37721146338e-09	1.23246408634e-08
1.37817437998e-09	3.62684957622e-08
1.37913729657e-09	6.03867960081e-08
1.38010021317e-09	8.13212892581e-08
1.38106312977e-09	9.58342596391e-08
1.38202604637e-09	1.01438700995e-07
1.38298896296e-09	9.68893161257e-08
1.38395187956e-09	8.24213870487e-08
1.38491479616e-09	5.96906275518e-08
1.38587771276e-09	3.14434487336e-08
1.38684062935e-09	1.01143804443e-09
1.38780354595e-09	-2.82421908082e-08
1.38876646255e-09	-5.33961603821e-08
1.38972937915e-09	-7.22793700447e-08
1.39069229574e-09	-8.35895690443e-08
1.39165521234e-09	-8.68489280492e-08
1.39261812894e-09	-8.22648829057e-08
1.39358104554e-09	-7.05734350959e-08
1.39454396213e-09	-5.29161390261e-08
1.39550687873e-09	-3.07731653493e-08
1.39646979533e-09	-5.93608762145e-09
1.39743271192e-09	1.95221527832e-08
1.39839562852e-09	4.33204085937e-08
1.39935854512e-09	6.31098231452e-08
1.40032146172e-09	7.66806564911e-08
1.40128437831e-09	8.22156707159e-08
1.40224729491e-09	7.85624081345e-08
1.40321021151e-09	6.54838814285e-08
1.40417312811e-09	4.38427605332e-08
1.4051360447e-09	1.5678237375e-08
1.4060989613e-09	-1.58731801037e-08
1.4070618779e-09	-4.68582577184e-08
1.4080247945e-09	-7.30045925934e-08
1.40898771109e-09	-9.0397783481e-08
1.40995062769e-09	-9.62344017807e-08
1.41091354429e-09	-8.94902356663e-08
1.41187646089e-09	-7.13193557544e-08
1.41283937748e-09	-4.50187762624e-08
1.41380229408e-09	-1.54822270559e-08
1.41476521068e-09	1.17880842865e-08
1.41572812727e-09	3.19097708257e-08
1.41669104387e-09	4.1785927607e-08
1.41765396047e-09	4.08753670911e-08
1.41861687707e-09	3.13193098123e-08
1.41957979366e-09	1.7349371717e-08
1.42054271026e-09	4.10494838121e-09
1.42150562686e-09	-3.82206843952e-09
1.42246854346e-09	-3.69533958988e-09
1.42343146005e-09	4.5974117846e-09
1.42439437665e-09	1.85570492306e-08
1.42535729325e-09	3.38559118518e-08
1.42632020985e-09	4.56420501393e-08
1.42728312644e-09	4.99641714669e-08
1.42824604304e-09	4.4874784777e-08
1.42920895964e-09	3.08844221308e-08
1.43017187624e-09	1.06703286207e-08
1.43113479283e-09	-1.18073337774e-08
1.43209770943e-09	-3.24449267453e-08
1.43306062603e-09	-4.80058872654e-08
1.43402354262e-09	-5.67031399612e-08
1.43498645922e-09	-5.82396992854e-08
1.43594937582e-09	-5.34088258064e-08
1.43691229242e-09	-4.35040270474e-08
1.43787520901e-09	-2.98199331894e-08
1.43883812561e-09	-1.34386271e-08
1.43980104221e-09	4.6623367389e-09
1.44076395881e-09	2.33092229962e-08
1.4417268754e-09	4.08601152913e-08
1.442689792e-09	5.51645555902e-08
1.4436527086e-09	6.38560209154e-08
1.4446156252e-09	6.49259916941e-08
1.44557854179e-09	5.73826071104e-08
1.44654145839e-09	4.17420125132e-08
1.44750437499e-09	2.01517433851e-08
1.44846729159e-09	-3.934937709e-09
1.44943020818e-09	-2.64668269523e-08
1.45039312478e-09	-4.36815170701e-08
1.45135604138e-09	-5.29017327722e-08
1.45231895797e-09	-5.30174126823e-08
1.45328187457e-09	-4.45539747318e-08
1.45424479117e-09	-2.93549113906e-08
1.45520770777e-09	-1.00133057401e-08
1.45617062436e-09	1.07407975847e-08
1.45713354096e-09	3.0508800819e-08
1.45809645756e-09	4.74566874686e-08
1.45905937416e-09	6.03187970682e-08
1.46002229075e-09	6.82550407305e-08
1.46098520735e-09	7.06876051026e-08
1.46194812395e-09	6.72256916801e-08
1.46291104055e-09	5.77204808394e-08
1.46387395714e-09	4.24136814559e-08
1.46483687374e-09	2.21021672075e-08
1.46579979034e-09	-1.77297954096e-09
1.46676270693e-09	-2.71877276248e-08
1.46772562353e-09	-5.17594642702e-08
1.46868854013e-09	-7.30842160124e-08
1.46965145673e-09	-8.91100953027e-08
1.47061437332e-09	-9.84657120284e-08
1.47157728992e-09	-1.00671442738e-07
1.47254020652e-09	-9.61933537269e-08
1.47350312312e-09	-8.63397815465e-08
1.47446603971e-09	-7.3020530067e-08
1.47542895631e-09	-5.83974149038e-08
1.47639187291e-09	-4.44752075168e-08
1.47735478951e-09	-3.27007008138e-08
1.4783177061e-09	-2.36426416222e-08
1.4792806227e-09	-1.68365232867e-08
1.4802435393e-09	-1.08695967782e-08
1.4812064559e-09	-3.72217057176e-09
1.48216937249e-09	6.68469501974e-09
1.48313228909e-09	2.1843476361e-08
1.48409520569e-09	4.20781809396e-08
1.48505812228e-09	6.6199973503e-08
1.48602103888e-09	9.15239795063e-08
1.48698395548e-09	1.1427222546e-07
1.48794687208e-09	1.30290203515e-07
1.48890978867e-09	1.35927464839e-07
1.48987270527e-09	1.28872528649e-07
1.49083562187e-09	1.08744913518e-07
1.49179853847e-09	7.73187736058e-08
1.49276145506e-09	3.8324998286e-08
1.49372437166e-09	-3.13161407917e-09
1.49468728826e-09	-4.14123135783e-08
1.49565020486e-09	-7.12804464342e-08
1.49661312145e-09	-8.87717490627e-08
1.49757603805e-09	-9.18480793644e-08
1.49853895465e-09	-8.07250586377e-08
1.49950187125e-09	-5.78300785037e-08
1.50046478784e-09	-2.74100440123e-08
1.50142770444e-09	5.15440312654e-09
1.50239062104e-09	3.42255148666e-08
1.50335353763e-09	5.48332614869e-08
1.50431645423e-09	6.35039185681e-08
1.50527937083e-09	5.88575446159e-08
1.50624228743e-09	4.18562180471e-08
1.50720520402e-09	1.56342494506e-08
1.50816812062e-09	-1.50790810949e-08
1.50913103722e-09	-4.48585133483e-08
1.51009395382e-09	-6.86400198902e-08
1.51105687041e-09	-8.2714315397e-08
1.51201978701e-09	-8.54364898828e-08
1.51298270361e-09	-7.74820065885e-08
1.51394562021e-09	-6.1577246413e-08
1.5149085368e-09	-4.17664622887e-08
1.5158714534e-09	-2.23975575864e-08
1.51683437e-09	-7.08776504155e-09
1.5177972866e-09	2.06533279368e-09
1.51876020319e-09	4.83201390011e-09
1.51972311979e-09	2.68699551498e-09
1.52068603639e-09	-1.78739467671e-09
1.52164895298e-09	-5.73399994153e-09
1.52261186958e-09	-6.83967504855e-09
1.52357478618e-09	-3.90179266674e-09
1.52453770278e-09	3.00095015504e-09
1.52550061937e-09	1.27338708467e-08
1.52646353597e-09	2.36127153386e-08
1.52742645257e-09	3.39963222018e-08
1.52838936917e-09	4.27544257775e-08
1.52935228576e-09	4.94668803697e-08
1.53031520236e-09	5.43213403148e-08
1.53127811896e-09	5.77814383007e-08
1.53224103556e-09	6.0172148153e-08
1.53320395215e-09	6.13553936546e-08
1.53416686875e-09	6.06232433142e-08
1.53512978535e-09	5.68465168271e-08
1.53609270195e-09	4.88276405974e-08
1.53705561854e-09	3.57457956568e-08
1.53801853514e-09	1.75552639092e-08
1.53898145174e-09	-4.78735540099e-09
1.53994436833e-09	-2.93309927457e-08
1.54090728493e-09	-5.33754729304e-08
1.54187020153e-09	-7.39094829783e-08
1.54283311813e-09	-8.81529160779e-08
1.54379603472e-09	-9.40930107163e-08
1.54475895132e-09	-9.0905388106e-08
1.54572186792e-09	-7.91703982372e-08
1.54668478452e-09	-6.0823104775e-08
1.54764770111e-09	-3.88197065604e-08
1.54861061771e-09	-1.65765676741e-08
1.54957353431e-09	2.70124100865e-09
1.55053645091e-09	1.66494960041e-08
1.5514993675e-09	2.4172019053e-08
1.5524622841e-09	2.55510563818e-08
1.5534252007e-09	2.22195239985e-08
1.5543881173e-09	1.62709437035e-08
1.55535103389e-09	9.8562686901e-09
1.55631395049e-09	4.65264360372e-09
1.55727686709e-09	1.55631740828e-09
1.55823978368e-09	6.61572907568e-10
1.55920270028e-09	1.49383305725e-09
1.56016561688e-09	3.38805805633e-09
1.56112853348e-09	5.85681991794e-09
1.56209145007e-09	8.8110727603e-09
1.56305436667e-09	1.25701937748e-08
1.56401728327e-09	1.76720238443e-08
1.56498019987e-09	2.45554137024e-08
1.56594311646e-09	3.3234236696e-08
1.56690603306e-09	4.30816449182e-08
1.56786894966e-09	5.27936627748e-08
1.56883186626e-09	6.0549616876e-08
1.56979478285e-09	6.43440358772e-08
1.57075769945e-09	6.24135338967e-08
1.57172061605e-09	5.36547517527e-08
1.57268353265e-09	3.7944850817e-08
1.57364644924e-09	1.62949991278e-08
1.57460936584e-09	-9.20836384921e-09
1.57557228244e-09	-3.56716611805e-08
1.57653519903e-09	-5.98253251383e-08
1.57749811563e-09	-7.85442892948e-08
1.57846103223e-09	-8.93621034948e-08
1.57942394883e-09	-9.08833683866e-08
1.58038686542e-09	-8.30211348557e-08
1.58134978202e-09	-6.70144970627e-08
1.58231269862e-09	-4.52204886869e-08
1.58327561522e-09	-2.07166301891e-08
1.58423853181e-09	3.21117843427e-09
1.58520144841e-09	2.35985009311e-08
1.58616436501e-09	3.82533187349e-08
1.58712728161e-09	4.6040479873e-08
1.5880901982e-09	4.69482657195e-08
1.5890531148e-09	4.19394794449e-08
1.5900160314e-09	3.26359028691e-08
1.59097894799e-09	2.09268762319e-08
1.59194186459e-09	8.60906101963e-09
1.59290478119e-09	-2.86141088601e-09
1.59386769779e-09	-1.24672601132e-08
1.59483061438e-09	-1.95945162318e-08
1.59579353098e-09	-2.39276261027e-08
1.59675644758e-09	-2.53581244891e-08
1.59771936418e-09	-2.39594406537e-08
1.59868228077e-09	-2.00313525767e-08
1.59964519737e-09	-1.41781715257e-08
1.60060811397e-09	-7.34245997336e-09
1.60157103057e-09	-7.16981030102e-10
1.60253394716e-09	4.48064252367e-09
1.60349686376e-09	7.32483051991e-09
1.60445978036e-09	7.49479589501e-09
1.60542269696e-09	5.4561342111e-09
1.60638561355e-09	2.41404229939e-09
1.60734853015e-09	1.39599443116e-11
1.60831144675e-09	-1.50232493112e-10
1.60927436334e-09	2.91792012774e-09
1.61023727994e-09	9.19564069335e-09
1.61120019654e-09	1.74942016429e-08
1.61216311314e-09	2.56573464696e-08
1.61312602973e-09	3.10770253975e-08
1.61408894633e-09	3.13967092325e-08
1.61505186293e-09	2.52045495586e-08
1.61601477953e-09	1.25154562269e-08
1.61697769612e-09	-5.09828979034e-09
1.61794061272e-09	-2.47662139685e-08
1.61890352932e-09	-4.290227551e-08
1.61986644592e-09	-5.59583739346e-08
1.62082936251e-09	-6.11586727928e-08
1.62179227911e-09	-5.70473304151e-08
1.62275519571e-09	-4.3748038081e-08
1.62371811231e-09	-2.29141434716e-08
1.6246810289e-09	2.58962806754e-09
1.6256439455e-09	2.91873174518e-08
1.6266068621e-09	5.31696322525e-08
1.62756977869e-09	7.12661574198e-08
1.62853269529e-09	8.11452025573e-08
1.62949561189e-09	8.17780616558e-08
1.63045852849e-09	7.36130658652e-08
1.63142144508e-09	5.85178021595e-08
1.63238436168e-09	3.9469203017e-08
1.63334727828e-09	2.00163867703e-08
1.63431019488e-09	3.59740481848e-09
1.63527311147e-09	-7.16185244443e-09
1.63623602807e-09	-1.10043227863e-08
1.63719894467e-09	-8.31703239612e-09
1.63816186127e-09	-1.05187902832e-09
1.63912477786e-09	7.70850583365e-09
1.64008769446e-09	1.4445433294e-08
1.64105061106e-09	1.59965019009e-08
1.64201352766e-09	1.02672519375e-08
1.64297644425e-09	-3.29541371968e-09
1.64393936085e-09	-2.35641373081e-08
1.64490227745e-09	-4.79454058677e-08
1.64586519404e-09	-7.28944087314e-08
1.64682811064e-09	-9.46128153601e-08
1.64779102724e-09	-1.09780977198e-07
1.64875394384e-09	-1.16174312836e-07
1.64971686043e-09	-1.13033756577e-07
1.65067977703e-09	-1.01122864749e-07
1.65164269363e-09	-8.24647514719e-08
1.65260561023e-09	-5.98226961301e-08
1.65356852682e-09	-3.60621186246e-08
1.65453144342e-09	-1.35505793253e-08
1.65549436002e-09	6.25584872793e-09
1.65645727662e-09	2.29390995088e-08
1.65742019321e-09	3.69450816606e-08
1.65838310981e-09	4.91801515068e-08
1.65934602641e-09	6.05143171128e-08
1.66030894301e-09	7.13488148563e-08
1.6612718596e-09	8.13797100818e-08
1.6622347762e-09	8.96246987736e-08
1.6631976928e-09	9.46944282987e-08
1.66416060939e-09	9.52139487254e-08
1.66512352599e-09	9.02643861878e-08
1.66608644259e-09	7.97146810783e-08
1.66704935919e-09	6.43478301754e-08
1.66801227578e-09	4.57530937581e-08
1.66897519238e-09	2.60240042849e-08
1.66993810898e-09	7.34376115474e-09
1.67090102558e-09	-8.43560155062e-09
1.67186394217e-09	-2.01205629935e-08
1.67282685877e-09	-2.73392313233e-08
1.67378977537e-09	-3.05110852139e-08
1.67475269197e-09	-3.06428056263e-08
1.67571560856e-09	-2.90069124276e-08
1.67667852516e-09	-2.67862017012e-08
1.67764144176e-09	-2.47786822172e-08
1.67860435836e-09	-2.32443451154e-08
1.67956727495e-09	-2.1937157868e-08
1.68053019155e-09	-2.03107717311e-08
1.68149310815e-09	-1.78325940681e-08
1.68245602474e-09	-1.42997178543e-08
1.68341894134e-09	-1.00392645308e-08
1.68438185794e-09	-5.90979887249e-09
1.68534477454e-09	-3.08753733691e-09
1.68630769113e-09	-2.69607913772e-09
1.68727060773e-09	-5.40170663754e-09
1.68823352433e-09	-1.11198508179e-08
1.68919644093e-09	-1.89443198906e-08
1.69015935752e-09	-2.73410361018e-08
1.69112227412e-09	-3.45585462469e-08
1.69208519072e-09	-3.91221632867e-08
1.69304810732e-09	-4.02506721286e-08
1.69401102391e-09	-3.80613691675e-08
1.69497394051e-09	-3.34882983566e-08
1.69593685711e-09	-2.79356697774e-08
1.6968997737e-09	-2.27765291072e-08
1.6978626903e-09	-1.88541520174e-08
1.6988256069e-09	-1.61471582771e-08
1.6997885235e-09	-1.37136959566e-08
1.70075144009e-09	-9.94275772825e-09
1.70171435669e-09	-3.04987568533e-09
1.70267727329e-09	8.31536350887e-09
1.70364018989e-09	2.45251960962e-08
1.70460310648e-09	4.46539125676e-08
1.70556602308e-09	6.64856116828e-08
1.70652893968e-09	8.68705782864e-08
1.70749185628e-09	1.0235623904e-07
1.70845477287e-09	1.09939975346e-07
1.70941768947e-09	1.07759376533e-07
1.71038060607e-09	9.55493533183e-08
1.71134352267e-09	7.47429353964e-08
1.71230643926e-09	4.81866209157e-08
1.71326935586e-09	1.95402272141e-08
1.71423227246e-09	-7.49264650324e-09
1.71519518905e-09	-2.99127869141e-08
1.71615810565e-09	-4.59663702657e-08
1.71712102225e-09	-5.53552013116e-08
1.71808393885e-09	-5.90805058209e-08
1.71904685544e-09	-5.89801842921e-08
1.72000977204e-09	-5.71062308552e-08
1.72097268864e-09	-5.51269145888e-08
1.72193560524e-09	-5.39176383541e-08
1.72289852183e-09	-5.34453121759e-08
1.72386143843e-09	-5.29569952334e-08
1.72482435503e-09	-5.13864861773e-08
1.72578727163e-09	-4.78339146071e-08
1.72675018822e-09	-4.19569410326e-08
1.72771310482e-09	-3.41445201002e-08
1.72867602142e-09	-2.54208032402e-08
1.72963893802e-09	-1.71203851096e-08
1.73060185461e-09	-1.04467892115e-08
1.73156477121e-09	-6.06071015596e-09
1.73252768781e-09	-3.83316711705e-09
1.7334906044e-09	-2.83906587129e-09
1.734453521e-09	-1.5949166432e-09
1.7354164376e-09	1.52996593172e-09
1.7363793542e-09	7.84633247264e-09
1.73734227079e-09	1.79421011381e-08
1.73830518739e-09	3.14431325421e-08
1.73926810399e-09	4.69929304359e-08
1.74023102059e-09	6.2452677696e-08
1.74119393718e-09	7.52788196223e-08
1.74215685378e-09	8.30084658787e-08
1.74311977038e-09	8.37666291886e-08
1.74408268698e-09	7.66987540146e-08
1.74504560357e-09	6.2236949816e-08
1.74600852017e-09	4.21288142149e-08
1.74697143677e-09	1.91955109585e-08
1.74793435337e-09	-3.16347081863e-09
1.74889726996e-09	-2.16395381614e-08
1.74986018656e-09	-3.37127872285e-08
1.75082310316e-09	-3.82084444084e-08
1.75178601975e-09	-3.55647600259e-08
1.75274893635e-09	-2.77200911114e-08
1.75371185295e-09	-1.76252630268e-08
1.75467476955e-09	-8.49415915383e-09
1.75563768614e-09	-2.98308044933e-09
1.75660060274e-09	-2.51981369104e-09
1.75756351934e-09	-6.96841695458e-09
1.75852643594e-09	-1.47240708515e-08
1.75948935253e-09	-2.32136105893e-08
1.76045226913e-09	-2.96576310177e-08
1.76141518573e-09	-3.18714370451e-08
1.76237810233e-09	-2.88781816238e-08
1.76334101892e-09	-2.11634656466e-08
1.76430393552e-09	-1.05080610879e-08
1.76526685212e-09	5.36895361503e-10
1.76622976872e-09	9.36583965938e-09
1.76719268531e-09	1.40085560929e-08
1.76815560191e-09	1.36006166329e-08
1.76911851851e-09	8.52283399411e-09
1.7700814351e-09	2.01584970938e-10
1.7710443517e-09	-9.33330301933e-09
1.7720072683e-09	-1.79836963099e-08
1.7729701849e-09	-2.40589024258e-08
1.77393310149e-09	-2.65787640785e-08
1.77489601809e-09	-2.53651055715e-08
1.77585893469e-09	-2.09425348174e-08
1.77682185129e-09	-1.43164147204e-08
1.77778476788e-09	-6.71187461165e-09
1.77874768448e-09	6.70209387987e-10
1.77971060108e-09	6.8444228063e-09
1.78067351768e-09	1.1163653113e-08
1.78163643427e-09	1.33809319181e-08
1.78259935087e-09	1.36537678941e-08
1.78356226747e-09	1.24907888477e-08
1.78452518407e-09	1.06418811541e-08
1.78548810066e-09	8.9367988565e-09
1.78645101726e-09	8.0956379378e-09
1.78741393386e-09	8.5494669122e-09
1.78837685045e-09	1.03156532205e-08
1.78933976705e-09	1.29668675797e-08
1.79030268365e-09	1.57161927916e-08
1.79126560025e-09	1.76098211568e-08
1.79222851684e-09	1.7783420958e-08
1.79319143344e-09	1.57227848518e-08
1.79415435004e-09	1.14577076715e-08
1.79511726664e-09	5.62453417174e-09
1.79608018323e-09	-6.30310026395e-10
1.79704309983e-09	-5.89837201304e-09
1.79800601643e-09	-8.85899353875e-09
1.79896893303e-09	-8.64444960058e-09
1.79993184962e-09	-5.12590947466e-09
1.80089476622e-09	9.6859942289e-10
1.80185768282e-09	8.16021383798e-09
1.80282059942e-09	1.45461900303e-08
1.80378351601e-09	1.82839876572e-08
1.80474643261e-09	1.81144308442e-08
1.80570934921e-09	1.37800588718e-08
1.8066722658e-09	6.20523010753e-09
1.8076351824e-09	-2.64286104112e-09
1.808598099e-09	-1.02060226936e-08
1.8095610156e-09	-1.40053240116e-08
1.81052393219e-09	-1.23577352795e-08
1.81148684879e-09	-4.93545559976e-09
1.81244976539e-09	7.00070712512e-09
1.81341268199e-09	2.07822488107e-08
1.81437559858e-09	3.29056639714e-08
1.81533851518e-09	3.98608364094e-08
1.81630143178e-09	3.90017547147e-08
1.81726434838e-09	2.92312609673e-08
1.81822726497e-09	1.13200115948e-08
1.81919018157e-09	-1.22203047681e-08
1.82015309817e-09	-3.76699347271e-08
1.82111601476e-09	-6.08996231222e-08
1.82207893136e-09	-7.82321194492e-08
1.82304184796e-09	-8.7159556017e-08
1.82400476456e-09	-8.67577938379e-08
1.82496768115e-09	-7.7725374581e-08
1.82593059775e-09	-6.20731483991e-08
1.82689351435e-09	-4.25686508265e-08
1.82785643095e-09	-2.20913189963e-08
1.82881934754e-09	-3.0587259392e-09
1.82978226414e-09	1.29512507385e-08
1.83074518074e-09	2.53126231087e-08
1.83170809734e-09	3.42059536251e-08
1.83267101393e-09	4.02910877995e-08
1.83363393053e-09	4.43139533957e-08
1.83459684713e-09	4.67724845521e-08
1.83555976373e-09	4.77343462535e-08
1.83652268032e-09	4.6850743729e-08
1.83748559692e-09	4.35530189691e-08
1.83844851352e-09	3.73582764723e-08
1.83941143011e-09	2.81745666797e-08
1.84037434671e-09	1.65090447979e-08
1.84133726331e-09	3.51039886048e-09
1.84230017991e-09	-9.17626508112e-09
1.8432630965e-09	-1.97020391113e-08
1.8442260131e-09	-2.6382418028e-08
1.8451889297e-09	-2.80495147109e-08
1.8461518463e-09	-2.43023219326e-08
1.84711476289e-09	-1.56075277147e-08
1.84807767949e-09	-3.2366431757e-09
1.84904059609e-09	1.09417834793e-08
1.85000351269e-09	2.47651126273e-08
1.85096642928e-09	3.6121189595e-08
1.85192934588e-09	4.32793036964e-08
1.85289226248e-09	4.51529302836e-08
1.85385517908e-09	4.14591063702e-08
1.85481809567e-09	3.27448788084e-08
1.85578101227e-09	2.02683487771e-08
1.85674392887e-09	5.75518077639e-09
1.85770684546e-09	-8.92980001055e-09
1.85866976206e-09	-2.21231708508e-08
1.85963267866e-09	-3.26275859663e-08
1.86059559526e-09	-3.98357009601e-08
1.86155851185e-09	-4.36861427033e-08
1.86252142845e-09	-4.44795666965e-08
1.86348434505e-09	-4.26360813321e-08
1.86444726165e-09	-3.84988076974e-08
1.86541017824e-09	-3.22743147763e-08
1.86637309484e-09	-2.41442190685e-08
1.86733601144e-09	-1.45012961639e-08
1.86829892804e-09	-4.19647738781e-09
1.86926184463e-09	5.34774091676e-09
1.87022476123e-09	1.22707923822e-08
1.87118767783e-09	1.46855265726e-08
1.87215059443e-09	1.1283110446e-08
1.87311351102e-09	1.9472774504e-09
1.87407642762e-09	-1.18481686684e-08
1.87503934422e-09	-2.7055342855e-08
1.87600226081e-09	-3.95648598328e-08
1.87696517741e-09	-4.51416113378e-08
1.87792809401e-09	-4.05607885057e-08
1.87889101061e-09	-2.46270808191e-08
1.8798539272e-09	1.23907240024e-09
1.8808168438e-09	3.30630705037e-08
1.8817797604e-09	6.50637588251e-08
1.882742677e-09	9.09272941385e-08
1.88370559359e-09	1.05289466035e-07
1.88466851019e-09	1.05035688591e-07
1.88563142679e-09	9.00671253135e-08
1.88659434339e-09	6.33228083302e-08
1.88755725998e-09	3.00541103115e-08
1.88852017658e-09	-3.45066175633e-09
1.88948309318e-09	-3.13484882497e-08
1.89044600978e-09	-4.95342220574e-08
1.89140892637e-09	-5.64154980509e-08
1.89237184297e-09	-5.30035713098e-08
1.89333475957e-09	-4.234940576e-08
1.89429767616e-09	-2.8535087182e-08
1.89526059276e-09	-1.55379051847e-08
1.89622350936e-09	-6.2899854214e-09
1.89718642596e-09	-2.16760653871e-09
1.89814934255e-09	-2.98590840941e-09
1.89911225915e-09	-7.41215444577e-09
1.90007517575e-09	-1.36009115081e-08
1.90103809235e-09	-1.98140615026e-08
1.90200100894e-09	-2.48385987334e-08
1.90296392554e-09	-2.81172027883e-08
1.90392684214e-09	-2.96175102221e-08
1.90488975874e-09	-2.95554407614e-08
1.90585267533e-09	-2.81144671987e-08
1.90681559193e-09	-2.52763232567e-08
1.90777850853e-09	-2.08167811877e-08
1.90874142513e-09	-1.44435876592e-08
1.90970434172e-09	-6.00470118073e-09
1.91066725832e-09	4.32105906611e-09
1.91163017492e-09	1.59247175446e-08
1.91259309151e-09	2.77920602088e-08
1.91355600811e-09	3.86435523581e-08
1.91451892471e-09	4.71508982969e-08
1.91548184131e-09	5.21722256508e-08
1.9164447579e-09	5.29531369864e-08
1.9174076745e-09	4.92603078328e-08
1.9183705911e-09	4.14278602534e-08
1.9193335077e-09	3.03128651069e-08
1.92029642429e-09	1.71717466912e-08
1.92125934089e-09	3.47786577315e-09
1.92222225749e-09	-9.2939460572e-09
1.92318517409e-09	-1.98843732591e-08
1.92414809068e-09	-2.7429218008e-08
1.92511100728e-09	-3.15655199756e-08
1.92607392388e-09	-3.24391962181e-08
1.92703684048e-09	-3.06090406355e-08
1.92799975707e-09	-2.68673350234e-08
1.92896267367e-09	-2.20190941036e-08
1.92992559027e-09	-1.66823923564e-08
1.93088850686e-09	-1.11722791019e-08
1.93185142346e-09	-5.50382539544e-09
1.93281434006e-09	4.88613982608e-10
1.93377725666e-09	6.9565135874e-09
1.93474017325e-09	1.3837397006e-08
1.93570308985e-09	2.07313188838e-08
1.93666600645e-09	2.69085944637e-08
1.93762892305e-09	3.14538581847e-08
1.93859183964e-09	3.35035714727e-08
1.93955475624e-09	3.24989990474e-08
1.94051767284e-09	2.83688343927e-08
1.94148058944e-09	2.15781827961e-08
1.94244350603e-09	1.30261197384e-08
1.94340642263e-09	3.82892739736e-09
1.94436933923e-09	-4.93786567191e-09
1.94533225582e-09	-1.24586598815e-08
1.94629517242e-09	-1.82996213738e-08
1.94725808902e-09	-2.24110348057e-08
1.94822100562e-09	-2.50298182181e-08
1.94918392221e-09	-2.65303476965e-08
1.95014683881e-09	-2.72755205089e-08
1.95110975541e-09	-2.75098344105e-08
1.95207267201e-09	-2.73127760408e-08
1.9530355886e-09	-2.66082160749e-08
1.9539985052e-09	-2.5217200772e-08
1.9549614218e-09	-2.29364083282e-08
1.9559243384e-09	-1.96271638941e-08
1.95688725499e-09	-1.53008112846e-08
1.95785017159e-09	-1.01784358719e-08
1.95881308819e-09	-4.70456074098e-09
1.95977600479e-09	5.02553998416e-10
1.96073892138e-09	4.77305528435e-09
1.96170183798e-09	7.56431717264e-09
1.96266475458e-09	8.64733262773e-09
1.96362767117e-09	8.23210033474e-09
1.96459058777e-09	6.97649893411e-09
1.96555350437e-09	5.84758330646e-09
1.96651642097e-09	5.84992898567e-09
1.96747933756e-09	7.69562014113e-09
1.96844225416e-09	1.15235554432e-08
1.96940517076e-09	1.67715139554e-08
1.97036808736e-09	2.22606395539e-08
1.97133100395e-09	2.6487663618e-08
1.97229392055e-09	2.8049898404e-08
1.97325683715e-09	2.60749661862e-08
1.97421975375e-09	2.05174153223e-08
1.97518267034e-09	1.22217844734e-08
1.97614558694e-09	2.73138667239e-09
1.97710850354e-09	-6.10405326285e-09
1.97807142014e-09	-1.26063772754e-08
1.97903433673e-09	-1.56803139362e-08
1.97999725333e-09	-1.50365035978e-08
1.98096016993e-09	-1.1174535075e-08
1.98192308652e-09	-5.14945730501e-09
1.98288600312e-09	1.78985959387e-09
1.98384891972e-09	8.56148751893e-09
1.98481183632e-09	1.44866030283e-08
1.98577475291e-09	1.93340508048e-08
1.98673766951e-09	2.31882495427e-08
1.98770058611e-09	2.62162007658e-08
1.98866350271e-09	2.84368120163e-08
1.9896264193e-09	2.95933819672e-08
1.9905893359e-09	2.91808550656e-08
1.9915522525e-09	2.66130246729e-08
1.9925151691e-09	2.14563282697e-08
1.99347808569e-09	1.36325626343e-08
1.99444100229e-09	3.51158213618e-09
1.99540391889e-09	-8.14195910692e-09
1.99636683549e-09	-2.03422807488e-08
1.99732975208e-09	-3.21033866157e-08
1.99829266868e-09	-4.26218704774e-08
1.99925558528e-09	-5.13543696457e-08
2.00021850187e-09	-5.7973810641e-08
2.00118141847e-09	-6.22461655553e-08
2.00214433507e-09	-6.39016235482e-08
2.00310725167e-09	-6.25808951327e-08
2.00407016826e-09	-5.79070338347e-08
2.00503308486e-09	-4.96701133557e-08
2.00599600146e-09	-3.80581113291e-08
2.00695891806e-09	-2.38301485211e-08
2.00792183465e-09	-8.33430480185e-09
2.00888475125e-09	6.6717200653e-09
2.00984766785e-09	1.93754754463e-08
2.01081058445e-09	2.83470864559e-08
2.01177350104e-09	3.29173239777e-08
2.01273641764e-09	3.3371247099e-08
2.01369933424e-09	3.08870582444e-08
2.01466225084e-09	2.72248126265e-08
2.01562516743e-09	2.42501450032e-08
2.01658808403e-09	2.34289565526e-08
2.01755100063e-09	2.54378775821e-08
2.01851391722e-09	2.99997751085e-08
2.01947683382e-09	3.59782710291e-08
2.02043975042e-09	4.16974117456e-08
2.02140266702e-09	4.53971686909e-08
2.02236558361e-09	4.56964919238e-08
2.02332850021e-09	4.19479917468e-08
2.02429141681e-09	3.44018928899e-08
2.02525433341e-09	2.41467024154e-08
2.02621725e-09	1.28510944108e-08
2.0271801666e-09	2.37244224266e-09
2.0281430832e-09	-5.67592994827e-09
2.0291059998e-09	-1.03007922192e-08
2.03006891639e-09	-1.13656248857e-08
2.03103183299e-09	-9.63616919591e-09
2.03199474959e-09	-6.62571997267e-09
2.03295766619e-09	-4.26928492558e-09
2.03392058278e-09	-4.48568959754e-09
2.03488349938e-09	-8.71436078853e-09
2.03584641598e-09	-1.75264531777e-08
2.03680933257e-09	-3.03976470661e-08
2.03777224917e-09	-4.56979947216e-08
2.03873516577e-09	-6.09179124922e-08
2.03969808237e-09	-7.31070173288e-08
2.04066099896e-09	-7.94437085005e-08
2.04162391556e-09	-7.78163240511e-08
2.04258683216e-09	-6.72950903891e-08
2.04354974876e-09	-4.83877506952e-08
2.04451266535e-09	-2.30125927203e-08
2.04547558195e-09	5.81111914144e-09
2.04643849855e-09	3.44813777531e-08
2.04740141515e-09	5.94207669735e-08
2.04836433174e-09	7.7643740326e-08
2.04932724834e-09	8.71726584251e-08
2.05029016494e-09	8.72376020311e-08
2.05125308153e-09	7.82591911275e-08
2.05221599813e-09	6.16665545294e-08
2.05317891473e-09	3.96243642342e-08
2.05414183133e-09	1.47341729928e-08
2.05510474792e-09	-1.02490158582e-08
2.05606766452e-09	-3.2669021266e-08
2.05703058112e-09	-5.01981176626e-08
2.05799349772e-09	-6.10557151504e-08
2.05895641431e-09	-6.42058708422e-08
2.05991933091e-09	-5.95007350057e-08
2.06088224751e-09	-4.77274966215e-08
2.06184516411e-09	-3.05247809251e-08
2.0628080807e-09	-1.01598525148e-08
2.0637709973e-09	1.08030366874e-08
2.0647339139e-09	2.98829050394e-08
2.0656968305e-09	4.50310757572e-08
2.06665974709e-09	5.48780008103e-08
2.06762266369e-09	5.88373509913e-08
2.06858558029e-09	5.70640743547e-08
2.06954849688e-09	5.03005317398e-08
2.07051141348e-09	3.96693380367e-08
2.07147433008e-09	2.64723425403e-08
2.07243724668e-09	1.20342393828e-08
2.07340016327e-09	-2.39242181621e-09
2.07436307987e-09	-1.56717678834e-08
2.07532599647e-09	-2.6813644638e-08
2.07628891307e-09	-3.50182460807e-08
2.07725182966e-09	-3.97537256447e-08
2.07821474626e-09	-4.08585769662e-08
2.07917766286e-09	-3.86278884434e-08
2.08014057946e-09	-3.3834840707e-08
2.08110349605e-09	-2.764537399e-08
2.08206641265e-09	-2.14111786079e-08
2.08302932925e-09	-1.63754556581e-08
2.08399224585e-09	-1.33671340663e-08
2.08495516244e-09	-1.25742651846e-08
2.08591807904e-09	-1.34783011418e-08
2.08688099564e-09	-1.49889203271e-08
2.08784391223e-09	-1.57483608376e-08
2.08880682883e-09	-1.45165790499e-08
2.08976974543e-09	-1.05220356872e-08
2.09073266203e-09	-3.67146046898e-09
2.09169557862e-09	5.43913358797e-09
2.09265849522e-09	1.57044173221e-08
2.09362141182e-09	2.58081183091e-08
2.09458432842e-09	3.45250406042e-08
2.09554724501e-09	4.09310700888e-08
2.09651016161e-09	4.44765468899e-08
2.09747307821e-09	4.49255104229e-08
2.09843599481e-09	4.22247765641e-08
2.0993989114e-09	3.63941374815e-08
2.100361828e-09	2.7502748523e-08
2.1013247446e-09	1.57598858408e-08
2.1022876612e-09	1.68559610714e-09
2.10325057779e-09	-1.37242430753e-08
2.10421349439e-09	-2.89257062747e-08
2.10517641099e-09	-4.19229664317e-08
2.10613932758e-09	-5.0556174358e-08
2.10710224418e-09	-5.29292876195e-08
2.10806516078e-09	-4.78828319217e-08
2.10902807738e-09	-3.53871563163e-08
2.10999099397e-09	-1.67307803167e-08
2.11095391057e-09	5.57183144068e-09
2.11191682717e-09	2.81606649111e-08
2.11287974377e-09	4.74323016419e-08
2.11384266036e-09	6.0234746968e-08
2.11480557696e-09	6.44998650046e-08
2.11576849356e-09	5.96596478886e-08
2.11673141016e-09	4.6741167381e-08
2.11769432675e-09	2.81210290609e-08
2.11865724335e-09	7.00006497212e-09
2.11962015995e-09	-1.32715367585e-08
2.12058307655e-09	-2.98496978246e-08
2.12154599314e-09	-4.08816198672e-08
2.12250890974e-09	-4.57233859663e-08
2.12347182634e-09	-4.48668835418e-08
2.12443474293e-09	-3.96320807283e-08
2.12539765953e-09	-3.17311261711e-08
2.12636057613e-09	-2.28268106639e-08
2.12732349273e-09	-1.41956046917e-08
2.12828640932e-09	-6.56147003397e-09
2.12924932592e-09	-1.12193809798e-10
2.13021224252e-09	5.33621102861e-09
2.13117515912e-09	1.00927657343e-08
2.13213807571e-09	1.43447582701e-08
2.13310099231e-09	1.79849806159e-08
2.13406390891e-09	2.05624690608e-08
2.13502682551e-09	2.13717967767e-08
2.1359897421e-09	1.96538980646e-08
2.1369526587e-09	1.48498120467e-08
2.1379155753e-09	6.82951251108e-09
2.1388784919e-09	-3.97301924693e-09
2.13984140849e-09	-1.65575038125e-08
2.14080432509e-09	-2.94956095104e-08
2.14176724169e-09	-4.11693150681e-08
2.14273015828e-09	-5.00398549264e-08
2.14369307488e-09	-5.48811662782e-08
2.14465599148e-09	-5.49290959384e-08
2.14561890808e-09	-4.9925741763e-08
2.14658182467e-09	-4.00794633038e-08
2.14754474127e-09	-2.59835886141e-08
2.14850765787e-09	-8.52979198385e-09
2.14947057447e-09	1.11511013756e-08
2.15043349106e-09	3.17159205565e-08
2.15139640766e-09	5.16327212097e-08
2.15235932426e-09	6.92342965181e-08
2.15332224086e-09	8.28281443432e-08
2.15428515745e-09	9.08738400085e-08
2.15524807405e-09	9.22085661159e-08
2.15621099065e-09	8.62730473727e-08
2.15717390725e-09	7.3279387891e-08
2.15813682384e-09	5.42695417494e-08
2.15909974044e-09	3.10344780985e-08
2.16006265704e-09	5.90012039225e-09
2.16102557363e-09	-1.85739086334e-08
2.16198849023e-09	-3.9925946993e-08
2.16295140683e-09	-5.61016655354e-08
2.16391432343e-09	-6.56872032323e-08
2.16487724002e-09	-6.8040286294e-08
2.16584015662e-09	-6.33283434581e-08
2.16680307322e-09	-5.24835073179e-08
2.16776598982e-09	-3.70816870543e-08
2.16872890641e-09	-1.91621758461e-08
2.16969182301e-09	-9.98372606809e-10
2.17065473961e-09	1.51709080853e-08
2.17161765621e-09	2.74212688112e-08
2.1725805728e-09	3.43925208313e-08
2.1735434894e-09	3.54662432756e-08
2.174506406e-09	3.08299092922e-08
2.17546932259e-09	2.1405320183e-08
2.17643223919e-09	8.66152038981e-09
2.17739515579e-09	-5.64383828561e-09
2.17835807239e-09	-1.97443252858e-08
2.17932098898e-09	-3.21050492857e-08
2.18028390558e-09	-4.15764809247e-08
2.18124682218e-09	-4.74553871754e-08
2.18220973878e-09	-4.94725753697e-08
2.18317265537e-09	-4.77290456047e-08
2.18413557197e-09	-4.26155395417e-08
2.18509848857e-09	-3.47454438554e-08
2.18606140517e-09	-2.48990481566e-08
2.18702432176e-09	-1.39731097804e-08
2.18798723836e-09	-2.92475443864e-09
2.18895015496e-09	7.30911819957e-09
2.18991307156e-09	1.591381249e-08
2.19087598815e-09	2.2305307823e-08
2.19183890475e-09	2.62288146757e-08
2.19280182135e-09	2.78189400404e-08
2.19376473794e-09	2.75955223117e-08
2.19472765454e-09	2.63873651818e-08
2.19569057114e-09	2.51848248922e-08
2.19665348774e-09	2.49357370308e-08
2.19761640433e-09	2.63188404404e-08
2.19857932093e-09	2.95401108019e-08
2.19954223753e-09	3.42024222277e-08
2.20050515413e-09	3.92980155084e-08
2.20146807072e-09	4.33558717816e-08
2.20243098732e-09	4.47372130452e-08
2.20339390392e-09	4.20328376549e-08
2.20435682052e-09	3.44790294093e-08
2.20531973711e-09	2.22735128119e-08
2.20628265371e-09	6.67810207133e-09
2.20724557031e-09	-1.01563468746e-08
2.20820848691e-09	-2.56379664165e-08
2.2091714035e-09	-3.73604613912e-08
2.2101343201e-09	-4.37359943817e-08
2.2110972367e-09	-4.44403198685e-08
2.21206015329e-09	-4.05139033433e-08
2.21302306989e-09	-3.40557022582e-08
2.21398598649e-09	-2.75778102576e-08
2.21494890309e-09	-2.32128112287e-08
2.21591181968e-09	-2.20295106601e-08
2.21687473628e-09	-2.36930421949e-08
2.21783765288e-09	-2.66021338291e-08
2.21880056948e-09	-2.84664078976e-08
2.21976348607e-09	-2.71315432343e-08
2.22072640267e-09	-2.13769251189e-08
2.22168931927e-09	-1.14038103405e-08
2.22265223587e-09	1.16675313855e-09
2.22361515246e-09	1.37843851888e-08
2.22457806906e-09	2.37721042851e-08
2.22554098566e-09	2.91636794714e-08
2.22650390226e-09	2.92861486173e-08
2.22746681885e-09	2.48967406691e-08
2.22842973545e-09	1.78514820703e-08
2.22939265205e-09	1.04457775763e-08
2.23035556864e-09	4.67706939844e-09
2.23131848524e-09	1.68491687269e-09
2.23228140184e-09	1.53639456713e-09
2.23324431844e-09	3.38953620727e-09
2.23420723503e-09	5.9283973286e-09
2.23517015163e-09	7.88195642087e-09
2.23613306823e-09	8.43637870673e-09
2.23709598483e-09	7.41563566109e-09
2.23805890142e-09	5.21444221135e-09
2.23902181802e-09	2.55924126336e-09
2.23998473462e-09	2.14598672166e-10
2.24094765122e-09	-1.25066423884e-09
2.24191056781e-09	-1.57504409515e-09
2.24287348441e-09	-7.95681298627e-10
2.24383640101e-09	8.38662805869e-10
2.24479931761e-09	2.96869373528e-09
2.2457622342e-09	5.19648191144e-09
2.2467251508e-09	7.12633685396e-09
2.2476880674e-09	8.38920932722e-09
2.24865098399e-09	8.67451976916e-09
2.24961390059e-09	7.78383046907e-09
2.25057681719e-09	5.68929037215e-09
2.25153973379e-09	2.5687136862e-09
2.25250265038e-09	-1.20408261139e-09
2.25346556698e-09	-5.12595343949e-09
2.25442848358e-09	-8.66855565107e-09
2.25539140018e-09	-1.13826059689e-08
2.25635431677e-09	-1.29706911878e-08
2.25731723337e-09	-1.33082256326e-08
2.25828014997e-09	-1.24222356845e-08
2.25924306657e-09	-1.04585780036e-08
2.26020598316e-09	-7.66686270026e-09
2.26116889976e-09	-4.4181818204e-09
2.26213181636e-09	-1.23359544801e-09
2.26309473296e-09	1.22150378701e-09
2.26405764955e-09	2.21473572815e-09
2.26502056615e-09	1.114829562e-09
2.26598348275e-09	-2.38167263689e-09
2.26694639934e-09	-8.04286148792e-09
2.26790931594e-09	-1.50035539548e-08
2.26887223254e-09	-2.18523936724e-08
2.26983514914e-09	-2.69180553403e-08
2.27079806573e-09	-2.86929005e-08
2.27176098233e-09	-2.62695856179e-08
2.27272389893e-09	-1.96419307485e-08
2.27368681553e-09	-9.75683800419e-09
2.27464973212e-09	1.7150270093e-09
2.27561264872e-09	1.28262120924e-08
2.27657556532e-09	2.18745963565e-08
2.27753848192e-09	2.78343428306e-08
2.27850139851e-09	3.05637328779e-08
2.27946431511e-09	3.07256122767e-08
2.28042723171e-09	2.94634325826e-08
2.28139014831e-09	2.79595546715e-08
2.2823530649e-09	2.7022393212e-08
2.2833159815e-09	2.68307349671e-08
2.2842788981e-09	2.69051234625e-08
2.28524181469e-09	2.62964636732e-08
2.28620473129e-09	2.39186341844e-08
2.28716764789e-09	1.89188824606e-08
2.28813056449e-09	1.09818820704e-08
2.28909348108e-09	4.93206808727e-10
2.29005639768e-09	-1.14719629352e-08
2.29101931428e-09	-2.33278356632e-08
2.29198223088e-09	-3.32810117243e-08
2.29294514747e-09	-3.96944344061e-08
2.29390806407e-09	-4.14394385473e-08
2.29487098067e-09	-3.81552105466e-08
2.29583389727e-09	-3.0353525915e-08
2.29679681386e-09	-1.93375768731e-08
2.29775973046e-09	-6.93671653451e-09
2.29872264706e-09	4.88396656451e-09
2.29968556365e-09	1.44426000048e-08
2.30064848025e-09	2.06819521509e-08
2.30161139685e-09	2.33372485781e-08
2.30257431345e-09	2.28827978788e-08
2.30353723004e-09	2.02764329771e-08
2.30450014664e-09	1.65880109648e-08
2.30546306324e-09	1.26413226553e-08
2.30642597984e-09	8.79254091757e-09
2.30738889643e-09	4.91715201889e-09
2.30835181303e-09	6.03813221645e-10
2.30931472963e-09	-4.52525039663e-09
2.31027764623e-09	-1.05044692944e-08
2.31124056282e-09	-1.68590172933e-08
2.31220347942e-09	-2.26610001874e-08
2.31316639602e-09	-2.68017963378e-08
2.31412931262e-09	-2.83840613235e-08
2.31509222921e-09	-2.70825335491e-08
2.31605514581e-09	-2.33263399707e-08
2.31701806241e-09	-1.82199464405e-08
2.317980979e-09	-1.3216766348e-08
2.3189438956e-09	-9.65251345519e-09
2.3199068122e-09	-8.30293878096e-09
2.3208697288e-09	-9.12056385971e-09
2.32183264539e-09	-1.12432170241e-08
2.32279556199e-09	-1.32711086565e-08
2.32375847859e-09	-1.37123077337e-08
2.32472139519e-09	-1.1445917103e-08
2.32568431178e-09	-6.05044636615e-09
2.32664722838e-09	2.10456452265e-09
2.32761014498e-09	1.20168204276e-08
2.32857306158e-09	2.23847980152e-08
2.32953597817e-09	3.19875610444e-08
2.33049889477e-09	3.99752018154e-08
2.33146181137e-09	4.59732127922e-08
2.33242472797e-09	4.99844610147e-08
2.33338764456e-09	5.21490228778e-08
2.33435056116e-09	5.24790806367e-08
2.33531347776e-09	5.07007769102e-08
2.33627639435e-09	4.62888394281e-08
2.33723931095e-09	3.86970668842e-08
2.33820222755e-09	2.76966964918e-08
2.33916514415e-09	1.36868223422e-08
2.34012806074e-09	-2.16783391238e-09
2.34109097734e-09	-1.80664407878e-08
2.34205389394e-09	-3.19535686799e-08
2.34301681054e-09	-4.20385077859e-08
2.34397972713e-09	-4.72811301222e-08
2.34494264373e-09	-4.76679851147e-08
2.34590556033e-09	-4.41750387381e-08
2.34686847693e-09	-3.84278067145e-08
2.34783139352e-09	-3.2174011011e-08
2.34879431012e-09	-2.67544457699e-08
2.34975722672e-09	-2.27490204452e-08
2.35072014332e-09	-1.99050642635e-08
2.35168305991e-09	-1.73560099626e-08
2.35264597651e-09	-1.40338807242e-08
2.35360889311e-09	-9.12265996078e-09
2.3545718097e-09	-2.40180475508e-09
2.3555347263e-09	5.62207747024e-09
2.3564976429e-09	1.38211033729e-08
2.3574605595e-09	2.07384012185e-08
2.35842347609e-09	2.49659475315e-08
2.35938639269e-09	2.54979131142e-08
2.36034930929e-09	2.19755840192e-08
2.36131222589e-09	1.47752601265e-08
2.36227514248e-09	4.93150098535e-09
2.36323805908e-09	-6.06696604066e-09
2.36420097568e-09	-1.65529989715e-08
2.36516389228e-09	-2.49707063915e-08
2.36612680887e-09	-3.01183860074e-08
2.36708972547e-09	-3.13014787423e-08
2.36805264207e-09	-2.83791656841e-08
2.36901555867e-09	-2.17118341084e-08
2.36997847526e-09	-1.20422036787e-08
2.37094139186e-09	-3.50367290736e-10
2.37190430846e-09	1.22789316492e-08
2.37286722505e-09	2.47461642289e-08
2.37383014165e-09	3.5983124036e-08
2.37479305825e-09	4.49770176658e-08
2.37575597485e-09	5.07994890597e-08
2.37671889144e-09	5.26699501791e-08
2.37768180804e-09	5.0063459156e-08
2.37864472464e-09	4.28437516575e-08
2.37960764124e-09	3.13876888924e-08
2.38057055783e-09	1.66558411507e-08
2.38153347443e-09	1.64690261428e-10
2.38249639103e-09	-1.61603566085e-08
2.38345930763e-09	-3.02453528889e-08
2.38442222422e-09	-4.0201022955e-08
2.38538514082e-09	-4.46643468877e-08
2.38634805742e-09	-4.30735482837e-08
2.38731097402e-09	-3.58062024475e-08
2.38827389061e-09	-2.41422615233e-08
2.38923680721e-09	-1.00493480204e-08
2.39019972381e-09	4.17174428335e-09
2.3911626404e-09	1.63055560165e-08
2.392125557e-09	2.46109728153e-08
2.3930884736e-09	2.80947691778e-08
2.3940513902e-09	2.66157691442e-08
2.39501430679e-09	2.08081551989e-08
2.39597722339e-09	1.18560210538e-08
2.39694013999e-09	1.1883809492e-09
2.39790305659e-09	-9.81644721065e-09
2.39886597318e-09	-2.0044705451e-08
2.39982888978e-09	-2.87362702522e-08
2.40079180638e-09	-3.54456659579e-08
2.40175472298e-09	-3.99171966592e-08
2.40271763957e-09	-4.1942008977e-08
2.40368055617e-09	-4.12651282033e-08
2.40464347277e-09	-3.75922795115e-08
2.40560638937e-09	-3.07041112535e-08
2.40656930596e-09	-2.06363246491e-08
2.40753222256e-09	-7.85895082345e-09
2.40849513916e-09	6.62784005456e-09
2.40945805575e-09	2.1344837009e-08
2.41042097235e-09	3.45420936299e-08
2.41138388895e-09	4.45263523829e-08
2.41234680555e-09	5.00258892089e-08
2.41330972214e-09	5.04899055898e-08
2.41427263874e-09	4.62339571072e-08
2.41523555534e-09	3.83856217923e-08
2.41619847194e-09	2.86385635206e-08
2.41716138853e-09	1.88754505359e-08
2.41812430513e-09	1.07548334682e-08
2.41908722173e-09	5.36154942665e-09
2.42005013833e-09	2.99965519091e-09
2.42101305492e-09	3.1719875615e-09
2.42197597152e-09	4.74306460774e-09
2.42293888812e-09	6.23976159631e-09
2.42390180471e-09	6.2173355353e-09
2.42486472131e-09	3.60347796047e-09
2.42582763791e-09	-2.05240002771e-09
2.42679055451e-09	-1.0470118994e-08
2.4277534711e-09	-2.06869401609e-08
2.4287163877e-09	-3.12400239011e-08
2.4296793043e-09	-4.04360598338e-08
2.4306422209e-09	-4.66530352128e-08
2.43160513749e-09	-4.86183644455e-08
2.43256805409e-09	-4.56285000894e-08
2.43353097069e-09	-3.76847957284e-08
2.43449388729e-09	-2.55259777759e-08
2.43545680388e-09	-1.05555493235e-08
2.43641972048e-09	5.33397681579e-09
2.43738263708e-09	2.00321395027e-08
2.43834555368e-09	3.15430490616e-08
2.43930847027e-09	3.83265792436e-08
2.44027138687e-09	3.95808754661e-08
2.44123430347e-09	3.53939384468e-08
2.44219722006e-09	2.67194675274e-08
2.44316013666e-09	1.51699062201e-08
2.44412305326e-09	2.66811506222e-09
2.44508596986e-09	-8.95147245217e-09
2.44604888645e-09	-1.82921784386e-08
2.44701180305e-09	-2.46056046649e-08
2.44797471965e-09	-2.78115770413e-08
2.44893763625e-09	-2.83399668177e-08
2.44990055284e-09	-2.68548259186e-08
2.45086346944e-09	-2.39558097803e-08
2.45182638604e-09	-1.99591241312e-08
2.45278930264e-09	-1.48257530697e-08
2.45375221923e-09	-8.25591239817e-09
2.45471513583e-09	8.3540951934e-11
2.45567805243e-09	1.02771338106e-08
2.45664096903e-09	2.19204672192e-08
2.45760388562e-09	3.40104939767e-08
2.45856680222e-09	4.50184565182e-08
2.45952971882e-09	5.31411927795e-08
2.46049263541e-09	5.66768534327e-08
2.46145555201e-09	5.44341851594e-08
2.46241846861e-09	4.60682407777e-08
2.46338138521e-09	3.22508135753e-08
2.4643443018e-09	1.46249572452e-08
2.4653072184e-09	-4.4529180343e-09
2.466270135e-09	-2.2330979732e-08
2.4672330516e-09	-3.65507908384e-08
2.46819596819e-09	-4.52982753529e-08
2.46915888479e-09	-4.77164121548e-08
2.47012180139e-09	-4.40180052408e-08
2.47108471799e-09	-3.5382445418e-08
2.47204763458e-09	-2.3664687987e-08
2.47301055118e-09	-1.0990895305e-08
2.47397346778e-09	6.64338473122e-10
2.47493638438e-09	9.82681314099e-09
2.47589930097e-09	1.57252255661e-08
2.47686221757e-09	1.83150881128e-08
2.47782513417e-09	1.81353740913e-08
2.47878805076e-09	1.60506807845e-08
2.47975096736e-09	1.29556170236e-08
2.48071388396e-09	9.52008338828e-09
2.48167680056e-09	6.03758731899e-09
2.48263971715e-09	2.41020914338e-09
2.48360263375e-09	-1.73513114987e-09
2.48456555035e-09	-6.84003742535e-09
2.48552846695e-09	-1.31766615397e-08
2.48649138354e-09	-2.06456718388e-08
2.48745430014e-09	-2.86712129594e-08
2.48841721674e-09	-3.62290499822e-08
2.48938013334e-09	-4.20071160079e-08
2.49034304993e-09	-4.46633663387e-08
2.49130596653e-09	-4.31211653051e-08
2.49226888313e-09	-3.68282258023e-08
2.49323179973e-09	-2.59105767952e-08
2.49419471632e-09	-1.11848041939e-08
2.49515763292e-09	5.96849503154e-09
2.49612054952e-09	2.38301556266e-08
2.49708346611e-09	4.06035987055e-08
2.49804638271e-09	5.46478879926e-08
2.49900929931e-09	6.464028246e-08
2.49997221591e-09	6.96615174434e-08
2.5009351325e-09	6.92249244594e-08
2.5018980491e-09	6.32832097835e-08
2.5028609657e-09	5.22380503298e-08
2.5038238823e-09	3.69533452727e-08
2.50478679889e-09	1.87494926251e-08
2.50574971549e-09	-6.60427712518e-10
2.50671263209e-09	-1.93204563459e-08
2.50767554869e-09	-3.52665807668e-08
2.50863846528e-09	-4.68144456534e-08
2.50960138188e-09	-5.28355315055e-08
2.51056429848e-09	-5.29558299434e-08
2.51152721508e-09	-4.76240842318e-08
2.51249013167e-09	-3.80258242672e-08
2.51345304827e-09	-2.58693244604e-08
2.51441596487e-09	-1.30889334926e-08
2.51537888146e-09	-1.52613965909e-09
2.51634179806e-09	7.34950056369e-09
2.51730471466e-09	1.26413643997e-08
2.51826763126e-09	1.41237963547e-08
2.51923054785e-09	1.22322525442e-08
2.52019346445e-09	7.95653853913e-09
2.52115638105e-09	2.64992272569e-09
2.52211929765e-09	-2.22235474467e-09
2.52308221424e-09	-5.3572506431e-09
2.52404513084e-09	-5.86693316151e-09
2.52500804744e-09	-3.46531980888e-09
2.52597096404e-09	1.45788492389e-09
2.52693388063e-09	7.90633603032e-09
2.52789679723e-09	1.4484869304e-08
2.52885971383e-09	1.9707304233e-08
2.52982263042e-09	2.23384937215e-08
2.53078554702e-09	2.16894928684e-08
2.53174846362e-09	1.77871033458e-08
2.53271138022e-09	1.13657954159e-08
2.53367429681e-09	3.68177621723e-09
2.53463721341e-09	-3.79978448706e-09
2.53560013001e-09	-9.76445146961e-09
2.53656304661e-09	-1.3357549733e-08
2.5375259632e-09	-1.43571545763e-08
2.5384888798e-09	-1.31684307902e-08
2.5394517964e-09	-1.06515019027e-08
2.540414713e-09	-7.84225306916e-09
2.54137762959e-09	-5.64841773354e-09
2.54234054619e-09	-4.61129490148e-09
2.54330346279e-09	-4.79672390696e-09
2.54426637939e-09	-5.82931170001e-09
2.54522929598e-09	-7.04479985458e-09
2.54619221258e-09	-7.70658914462e-09
2.54715512918e-09	-7.21967863271e-09
2.54811804577e-09	-5.28445820436e-09
2.54908096237e-09	-1.96059524171e-09
2.55004387897e-09	2.35433361695e-09
2.55100679557e-09	7.00743196802e-09
2.55196971216e-09	1.12090985382e-08
2.55293262876e-09	1.41625644545e-08
2.55389554536e-09	1.51892649569e-08
2.55485846196e-09	1.38462716848e-08
2.55582137855e-09	1.00301393857e-08
2.55678429515e-09	4.05497591061e-09
2.55774721175e-09	-3.32047722651e-09
2.55871012835e-09	-1.09442428453e-08
2.55967304494e-09	-1.74184702217e-08
2.56063596154e-09	-2.13415525252e-08
2.56159887814e-09	-2.1608473233e-08
2.56256179474e-09	-1.77020886838e-08
2.56352471133e-09	-9.89925563744e-09
2.56448762793e-09	6.78563816248e-10
2.56545054453e-09	1.22132632896e-08
2.56641346112e-09	2.25242047236e-08
2.56737637772e-09	2.95250739413e-08
2.56833929432e-09	3.16965049763e-08
2.56930221092e-09	2.8450116929e-08
2.57026512751e-09	2.02892991297e-08
2.57122804411e-09	8.71512817469e-09
2.57219096071e-09	-4.10758449476e-09
2.57315387731e-09	-1.58338888667e-08
2.5741167939e-09	-2.44439419816e-08
2.5750797105e-09	-2.86423791351e-08
2.5760426271e-09	-2.80567000743e-08
2.5770055437e-09	-2.32031815983e-08
2.57796846029e-09	-1.52547894317e-08
2.57893137689e-09	-5.69880009849e-09
2.57989429349e-09	4.00656796629e-09
2.58085721009e-09	1.26903128006e-08
2.58182012668e-09	1.95961629146e-08
2.58278304328e-09	2.43766216101e-08
2.58374595988e-09	2.69891842208e-08
2.58470887647e-09	2.75515539272e-08
2.58567179307e-09	2.6211079529e-08
2.58663470967e-09	2.3066448307e-08
2.58759762627e-09	1.81541572886e-08
2.58856054286e-09	1.14948495167e-08
2.58952345946e-09	3.18080295436e-09
2.59048637606e-09	-6.52515108612e-09
2.59144929266e-09	-1.71077374489e-08
2.59241220925e-09	-2.77651892588e-08
2.59337512585e-09	-3.74448489993e-08
2.59433804245e-09	-4.4958316181e-08
2.59530095905e-09	-4.91694791549e-08
2.59626387564e-09	-4.92180696199e-08
2.59722679224e-09	-4.47298020845e-08
2.59818970884e-09	-3.59566207919e-08
2.59915262544e-09	-2.37892372468e-08
2.60011554203e-09	-9.62350554801e-09
2.60107845863e-09	4.89890616961e-09
2.60204137523e-09	1.82209127786e-08
2.60300429182e-09	2.91790929197e-08
2.60396720842e-09	3.71998396531e-08
2.60493012502e-09	4.23239896463e-08
2.60589304162e-09	4.50472370517e-08
2.60685595821e-09	4.6031235712e-08
2.60781887481e-09	4.57870825699e-08
2.60878179141e-09	4.44390515497e-08
2.60974470801e-09	4.16600691722e-08
2.6107076246e-09	3.68085615321e-08
2.6116705412e-09	2.9219043185e-08
2.6126334578e-09	1.85484783088e-08
2.6135963744e-09	5.05623898306e-09
2.61455929099e-09	-1.02849746497e-08
2.61552220759e-09	-2.58905821227e-08
2.61648512419e-09	-3.98530097812e-08
2.61744804079e-09	-5.03330284118e-08
2.61841095738e-09	-5.59453283699e-08
2.61937387398e-09	-5.60441222319e-08
2.62033679058e-09	-5.08475039851e-08
2.62129970717e-09	-4.13867589089e-08
2.62226262377e-09	-2.93083584069e-08
2.62322554037e-09	-1.65798521579e-08
2.62418845697e-09	-5.15328268946e-09
2.62515137356e-09	3.36865513262e-09
2.62611429016e-09	8.0182793738e-09
2.62707720676e-09	8.65731397681e-09
2.62804012336e-09	6.04184302588e-09
2.62900303995e-09	1.72096625839e-09
2.62996595655e-09	-2.25001972609e-09
2.63092887315e-09	-3.75628994576e-09
2.63189178975e-09	-1.15020504232e-09
2.63285470634e-09	6.25938856302e-09
2.63381762294e-09	1.78916792493e-08
2.63478053954e-09	3.18708508473e-08
2.63574345614e-09	4.53475514917e-08
2.63670637273e-09	5.51228360735e-08
2.63766928933e-09	5.843426365e-08
2.63863220593e-09	5.37026103586e-08
2.63959512252e-09	4.10310754262e-08
2.64055803912e-09	2.22964118279e-08
2.64152095572e-09	7.8091488831e-10
2.64248387232e-09	-1.95787066559e-08
2.64344678891e-09	-3.51342137606e-08
2.64440970551e-09	-4.34027960239e-08
2.64537262211e-09	-4.36396732084e-08
2.64633553871e-09	-3.69462505034e-08
2.6472984553e-09	-2.58854839785e-08
2.6482613719e-09	-1.37246569665e-08
2.6492242885e-09	-3.53108475792e-09
2.6501872051e-09	2.61677746138e-09
2.65115012169e-09	4.08217459835e-09
2.65211303829e-09	1.67686575736e-09
2.65307595489e-09	-2.74768074959e-09
2.65403887148e-09	-6.96990287707e-09
2.65500178808e-09	-9.10122643916e-09
2.65596470468e-09	-8.10980971266e-09
2.65692762128e-09	-4.02970634639e-09
2.65789053787e-09	2.16842122036e-09
2.65885345447e-09	8.95538576628e-09
2.65981637107e-09	1.47167735776e-08
2.66077928767e-09	1.81642967334e-08
2.66174220426e-09	1.85772783823e-08
2.66270512086e-09	1.58483253188e-08
2.66366803746e-09	1.03774455695e-08
2.66463095406e-09	2.89939938725e-09
2.66559387065e-09	-5.67342040014e-09
2.66655678725e-09	-1.43554732546e-08
2.66751970385e-09	-2.21454961036e-08
2.66848262045e-09	-2.80730105828e-08
2.66944553704e-09	-3.12767625132e-08
2.67040845364e-09	-3.11317442936e-08
2.67137137024e-09	-2.73983697952e-08
2.67233428683e-09	-2.03358023754e-08
2.67329720343e-09	-1.07233519842e-08
2.67426012003e-09	2.4126878273e-10
2.67522303663e-09	1.11556115456e-08
2.67618595322e-09	2.06840731209e-08
2.67714886982e-09	2.78067702197e-08
2.67811178642e-09	3.19725046438e-08
2.67907470302e-09	3.31214202731e-08
2.68003761961e-09	3.15937533912e-08
2.68100053621e-09	2.79767782274e-08
2.68196345281e-09	2.29491021742e-08
2.68292636941e-09	1.71744094501e-08
2.683889286e-09	1.12593943058e-08
2.6848522026e-09	5.74956171562e-09
2.6858151192e-09	1.12618225856e-09
2.6867780358e-09	-2.22789164894e-09
2.68774095239e-09	-4.10301570497e-09
2.68870386899e-09	-4.55137572075e-09
2.68966678559e-09	-3.94263732773e-09
2.69062970218e-09	-2.94002511225e-09
2.69159261878e-09	-2.37736563768e-09
2.69255553538e-09	-3.0590510125e-09
2.69351845198e-09	-5.5323403636e-09
2.69448136857e-09	-9.89959936248e-09
2.69544428517e-09	-1.57367061604e-08
2.69640720177e-09	-2.21470024542e-08
2.69737011837e-09	-2.79412724069e-08
2.69833303496e-09	-3.1902743558e-08
2.69929595156e-09	-3.30710143714e-08
2.70025886816e-09	-3.09725685099e-08
2.70122178476e-09	-2.57392542835e-08
2.70218470135e-09	-1.80885972867e-08
2.70314761795e-09	-9.17093778696e-09
2.70411053455e-09	-3.143281746e-10
2.70507345115e-09	7.27228544051e-09
2.70603636774e-09	1.27622463708e-08
2.70699928434e-09	1.58786637172e-08
2.70796220094e-09	1.69220708557e-08
2.70892511753e-09	1.6648002088e-08
2.70988803413e-09	1.60340327682e-08
2.71085095073e-09	1.60025219742e-08
2.71181386733e-09	1.71745604405e-08
2.71277678392e-09	1.97235348054e-08
2.71373970052e-09	2.33619772416e-08
2.71470261712e-09	2.74466493977e-08
2.71566553372e-09	3.11548014054e-08
2.71662845031e-09	3.36702754566e-08
2.71759136691e-09	3.43230546207e-08
2.71855428351e-09	3.26583524668e-08
2.71951720011e-09	2.8444352651e-08
2.7204801167e-09	2.1651169746e-08
2.7214430333e-09	1.24358363607e-08
2.7224059499e-09	1.15412790436e-09
2.7233688665e-09	-1.16036575903e-08
2.72433178309e-09	-2.49875657943e-08
2.72529469969e-09	-3.79130682404e-08
2.72625761629e-09	-4.91593503682e-08
2.72722053288e-09	-5.75363792166e-08
2.72818344948e-09	-6.20873805701e-08
2.72914636608e-09	-6.22714111387e-08
2.73010928268e-09	-5.80658436888e-08
2.73107219927e-09	-4.99588601599e-08
2.73203511587e-09	-3.88361200976e-08
2.73299803247e-09	-2.57961350059e-08
2.73396094907e-09	-1.19552145961e-08
2.73492386566e-09	1.70234293329e-09
2.73588678226e-09	1.43992533452e-08
2.73684969886e-09	2.55620111744e-08
2.73781261546e-09	3.4769371382e-08
2.73877553205e-09	4.16950207693e-08
2.73973844865e-09	4.60766642618e-08
2.74070136525e-09	4.77258090825e-08
2.74166428185e-09	4.6567862455e-08
2.74262719844e-09	4.26875104154e-08
2.74359011504e-09	3.63536898362e-08
2.74455303164e-09	2.80130318941e-08
2.74551594823e-09	1.82590795816e-08
2.74647886483e-09	7.79042785837e-09
2.74744178143e-09	-2.63248467469e-09
2.74840469803e-09	-1.22301218042e-08
2.74936761462e-09	-2.02555217044e-08
2.75033053122e-09	-2.60662460505e-08
2.75129344782e-09	-2.92153963244e-08
2.75225636442e-09	-2.95358741909e-08
2.75321928101e-09	-2.71810485231e-08
2.75418219761e-09	-2.25942002885e-08
2.75514511421e-09	-1.63996887181e-08
2.75610803081e-09	-9.24553145154e-09
2.7570709474e-09	-1.6606032105e-09
2.758033864e-09	6.00769745063e-09
2.7589967806e-09	1.35437154825e-08
2.7599596972e-09	2.07183159517e-08
2.76092261379e-09	2.71172684307e-08
2.76188553039e-09	3.20425499467e-08
2.76284844699e-09	3.45684050274e-08
2.76381136358e-09	3.37675274409e-08
2.76477428018e-09	2.90432549122e-08
2.76573719678e-09	2.0449737903e-08
2.76670011338e-09	8.85550122121e-09
2.76766302997e-09	-4.14864853582e-09
2.76862594657e-09	-1.65954539e-08
2.76958886317e-09	-2.66476263278e-08
2.77055177977e-09	-3.31008074284e-08
2.77151469636e-09	-3.57021221475e-08
2.77247761296e-09	-3.51693643097e-08
2.77344052956e-09	-3.28996527799e-08
2.77440344616e-09	-3.04650242811e-08
2.77536636275e-09	-2.90654131874e-08
2.77632927935e-09	-2.91194623969e-08
2.77729219595e-09	-3.01278610948e-08
2.77825511254e-09	-3.08408765193e-08
2.77921802914e-09	-2.96597377769e-08
2.78018094574e-09	-2.51420679831e-08
2.78114386234e-09	-1.64545888026e-08
2.78210677893e-09	-3.64804186859e-09
2.78306969553e-09	1.22985630568e-08
2.78403261213e-09	2.96534565791e-08
2.78499552873e-09	4.62632741005e-08
2.78595844532e-09	5.9944099462e-08
2.78692136192e-09	6.88438959173e-08
2.78788427852e-09	7.17201231737e-08
2.78884719512e-09	6.81016487647e-08
2.78981011171e-09	5.83256287712e-08
2.79077302831e-09	4.34695799356e-08
2.79173594491e-09	2.52016416624e-08
2.79269886151e-09	5.56582069322e-09
2.7936617781e-09	-1.32679680576e-08
2.7946246947e-09	-2.92656068268e-08
2.7955876113e-09	-4.07836751037e-08
2.79655052789e-09	-4.67827625528e-08
2.79751344449e-09	-4.69679548587e-08
2.79847636109e-09	-4.18347880782e-08
2.79943927769e-09	-3.25999778283e-08
2.80040219428e-09	-2.10134238898e-08
2.80136511088e-09	-9.07788777482e-09
2.80232802748e-09	1.27511834425e-09
2.80329094408e-09	8.49730596997e-09
2.80425386067e-09	1.1661849264e-08
2.80521677727e-09	1.05727986366e-08
2.80617969387e-09	5.73230352074e-09
2.80714261047e-09	-1.81050596737e-09
2.80810552706e-09	-1.06867386052e-08
2.80906844366e-09	-1.94475919812e-08
2.81003136026e-09	-2.67563358136e-08
2.81099427686e-09	-3.15132631101e-08
2.81195719345e-09	-3.29213634132e-08
2.81292011005e-09	-3.05140019918e-08
2.81388302665e-09	-2.41804691825e-08
2.81484594324e-09	-1.42047928975e-08
2.81580885984e-09	-1.3019452183e-09
2.81677177644e-09	1.33826176807e-08
2.81773469304e-09	2.83506444987e-08
2.81869760963e-09	4.1929290262e-08
2.81966052623e-09	5.25319698852e-08
2.82062344283e-09	5.89385997785e-08
2.82158635943e-09	6.05160863643e-08
2.82254927602e-09	5.7310856505e-08
2.82351219262e-09	4.99787873309e-08
2.82447510922e-09	3.95732406844e-08
2.82543802582e-09	2.7264897895e-08
2.82640094241e-09	1.40903644308e-08
2.82736385901e-09	8.07238831335e-10
2.82832677561e-09	-1.21104699602e-08
2.82928969221e-09	-2.4354189776e-08
2.8302526088e-09	-3.5608447746e-08
2.8312155254e-09	-4.54135999917e-08
2.832178442e-09	-5.31295931694e-08
2.83314135859e-09	-5.80206531708e-08
2.83410427519e-09	-5.94311195812e-08
2.83506719179e-09	-5.69843017217e-08
2.83603010839e-09	-5.07283317575e-08
2.83699302498e-09	-4.11705194381e-08
2.83795594158e-09	-2.91870350111e-08
2.83891885818e-09	-1.58435931041e-08
2.83988177478e-09	-2.19114237865e-09
2.84084469137e-09	1.08921200948e-08
2.84180760797e-09	2.27672156683e-08
2.84277052457e-09	3.30057083886e-08
2.84373344117e-09	4.12952161355e-08
2.84469635776e-09	4.73344314855e-08
2.84565927436e-09	5.07780626435e-08
2.84662219096e-09	5.12605495828e-08
2.84758510756e-09	4.84883102558e-08
2.84854802415e-09	4.2370412956e-08
2.84951094075e-09	3.3137180111e-08
2.85047385735e-09	2.13916493408e-08
2.85143677394e-09	8.0716064943e-09
2.85239969054e-09	-5.66728086682e-09
2.85336260714e-09	-1.861708121e-08
2.85432552374e-09	-2.96897226804e-08
2.85528844033e-09	-3.80478084594e-08
2.85625135693e-09	-4.31666826728e-08
2.85721427353e-09	-4.48309691592e-08
2.85817719013e-09	-4.3079413814e-08
2.85914010672e-09	-3.81290945484e-08
2.86010302332e-09	-3.03211571406e-08
2.86106593992e-09	-2.01080094797e-08
2.86202885652e-09	-8.08278510789e-09
2.86299177311e-09	4.96552976514e-09
2.86395468971e-09	1.8012947578e-08
2.86491760631e-09	2.98220896866e-08
2.86588052291e-09	3.90521393001e-08
2.8668434395e-09	4.44574155267e-08
2.8678063561e-09	4.51392558887e-08
2.8687692727e-09	4.07864710894e-08
2.86973218929e-09	3.18255715115e-08
2.87069510589e-09	1.9420470565e-08
2.87165802249e-09	5.30472599181e-09
2.87262093909e-09	-8.52644532756e-09
2.87358385568e-09	-2.01951753098e-08
2.87454677228e-09	-2.82958083631e-08
2.87550968888e-09	-3.21385691393e-08
2.87647260548e-09	-3.18284953948e-08
2.87743552207e-09	-2.81708629757e-08
2.87839843867e-09	-2.24393179593e-08
2.87936135527e-09	-1.607084954e-08
2.88032427187e-09	-1.03651505157e-08
2.88128718846e-09	-6.25211260541e-09
2.88225010506e-09	-4.15917611463e-09
2.88321302166e-09	-3.99289801223e-09
2.88417593825e-09	-5.22612042531e-09
2.88513885485e-09	-7.05146430136e-09
2.88610177145e-09	-8.56258619564e-09
2.88706468805e-09	-8.93465390561e-09
2.88802760464e-09	-7.56866569418e-09
2.88899052124e-09	-4.17942080944e-09
2.88995343784e-09	1.17370102526e-09
2.89091635444e-09	8.11288547453e-09
2.89187927103e-09	1.6013084192e-08
2.89284218763e-09	2.40995809975e-08
2.89380510423e-09	3.1554943547e-08
2.89476802083e-09	3.76164166482e-08
2.89573093742e-09	4.16501428901e-08
2.89669385402e-09	4.31966959979e-08
2.89765677062e-09	4.19901304838e-08
2.89861968722e-09	3.79602660416e-08
2.89958260381e-09	3.12327728125e-08
2.90054552041e-09	2.21364793163e-08
2.90150843701e-09	1.12196518742e-08
2.9024713536e-09	-7.40371264296e-10
2.9034342702e-09	-1.27589139254e-08
2.9043971868e-09	-2.37210127096e-08
2.9053601034e-09	-3.25325260064e-08
2.90632301999e-09	-3.83272720228e-08
2.90728593659e-09	-4.06763085437e-08
2.90824885319e-09	-3.97372943439e-08
2.90921176979e-09	-3.62803689313e-08
2.91017468638e-09	-3.15497885595e-08
2.91113760298e-09	-2.69789097729e-08
2.91210051958e-09	-2.38269457498e-08
2.91306343618e-09	-2.28378791434e-08
2.91402635277e-09	-2.40278481556e-08
2.91498926937e-09	-2.66655924008e-08
2.91595218597e-09	-2.9453488537e-08
2.91691510257e-09	-3.08557090989e-08
2.91787801916e-09	-2.9476263208e-08
2.91884093576e-09	-2.43880666773e-08
2.91980385236e-09	-1.53357930799e-08
2.92076676895e-09	-2.77878964283e-09
2.92172968555e-09	1.22077628006e-08
2.92269260215e-09	2.81258749624e-08
2.92365551875e-09	4.32894502467e-08
2.92461843534e-09	5.60615163181e-08
2.92558135194e-09	6.50666436286e-08
2.92654426854e-09	6.93654911288e-08
2.92750718514e-09	6.85820111812e-08
2.92847010173e-09	6.29604244295e-08
2.92943301833e-09	5.3332620098e-08
2.93039593493e-09	4.09836573567e-08
2.93135885153e-09	2.74220326446e-08
2.93232176812e-09	1.4098275436e-08
2.93328468472e-09	2.13575068742e-09
2.93424760132e-09	-7.85326115249e-09
2.93521051792e-09	-1.58068100831e-08
2.93617343451e-09	-2.20984386345e-08
2.93713635111e-09	-2.73045941412e-08
2.93809926771e-09	-3.1926195021e-08
2.9390621843e-09	-3.61606176114e-08
2.9400251009e-09	-3.97974666555e-08
2.9409880175e-09	-4.22665706878e-08
2.9419509341e-09	-4.28281090592e-08
2.94291385069e-09	-4.08403160179e-08
2.94387676729e-09	-3.60063978633e-08
2.94483968389e-09	-2.85282695245e-08
2.94580260049e-09	-1.91200903998e-08
2.94676551708e-09	-8.87012419071e-09
2.94772843368e-09	1.00083730192e-09
2.94869135028e-09	9.4069134704e-09
2.94965426688e-09	1.56148960428e-08
2.95061718347e-09	1.93525835357e-08
2.95158010007e-09	2.07870414215e-08
2.95254301667e-09	2.03948058441e-08
2.95350593327e-09	1.8775502042e-08
2.95446884986e-09	1.64743578779e-08
2.95543176646e-09	1.38633193814e-08
2.95639468306e-09	1.11037046224e-08
2.95735759965e-09	8.18925549595e-09
2.95832051625e-09	5.03897235049e-09
2.95928343285e-09	1.59613056105e-09
2.96024634945e-09	-2.09882999869e-09
2.96120926604e-09	-5.8762927857e-09
2.96217218264e-09	-9.44612743581e-09
2.96313509924e-09	-1.24405179491e-08
2.96409801584e-09	-1.44746437059e-08
2.96506093243e-09	-1.52090855465e-08
2.96602384903e-09	-1.44116034662e-08
2.96698676563e-09	-1.20118484048e-08
2.96794968223e-09	-8.13843925584e-09
2.96891259882e-09	-3.13261816487e-09
2.96987551542e-09	2.47291365163e-09
2.97083843202e-09	8.02292809965e-09
2.97180134862e-09	1.28464368032e-08
2.97276426521e-09	1.63829838584e-08
2.97372718181e-09	1.8304824323e-08
2.97469009841e-09	1.85948998421e-08
2.975653015e-09	1.75524856871e-08
2.9766159316e-09	1.57189390393e-08
2.9775788482e-09	1.37330911087e-08
2.9785417648e-09	1.2151313733e-08
2.97950468139e-09	1.12809432906e-08
2.98046759799e-09	1.1075810491e-08
2.98143051459e-09	1.11289901739e-08
2.98239343119e-09	1.07709601238e-08
2.98335634778e-09	9.25027876519e-09
2.98431926438e-09	5.95273874637e-09
2.98528218098e-09	6.0317506545e-10
2.98624509758e-09	-6.6085688033e-09
2.98720801417e-09	-1.50110608388e-08
2.98817093077e-09	-2.3549745265e-08
2.98913384737e-09	-3.0982953092e-08
2.99009676397e-09	-3.61312899599e-08
2.99105968056e-09	-3.81252931447e-08
2.99202259716e-09	-3.65964538673e-08
2.99298551376e-09	-3.17643014114e-08
2.99394843035e-09	-2.43961579827e-08
2.99491134695e-09	-1.56453534572e-08
2.99587426355e-09	-6.80019507371e-09
2.99683718015e-09	9.94783366792e-10
2.99780009674e-09	6.97925006676e-09
2.99876301334e-09	1.09193623032e-08
2.99972592994e-09	1.31072006582e-08
3.00068884654e-09	1.42196370234e-08
3.00165176313e-09	1.50813832533e-08
3.00261467973e-09	1.63987046164e-08
3.00357759633e-09	1.85404864794e-08
3.00454051293e-09	2.14322586345e-08
3.00550342952e-09	2.45882034733e-08
3.00646634612e-09	2.7260293578e-08
3.00742926272e-09	2.86527424009e-08
3.00839217931e-09	2.81347407594e-08
3.00935509591e-09	2.53911842663e-08
3.01031801251e-09	2.04791845704e-08
3.01128092911e-09	1.37909186293e-08
3.0122438457e-09	5.94748028604e-09
3.0132067623e-09	-2.33273000916e-09
3.0141696789e-09	-1.03530064521e-08
3.0151325955e-09	-1.752464307e-08
3.01609551209e-09	-2.3411629968e-08
3.01705842869e-09	-2.77393770176e-08
3.01802134529e-09	-3.03831519943e-08
3.01898426189e-09	-3.13472661162e-08
3.01994717848e-09	-3.07387821863e-08
3.02091009508e-09	-2.87411889843e-08
3.02187301168e-09	-2.5589010022e-08
3.02283592828e-09	-2.15419984073e-08
3.02379884487e-09	-1.68611986595e-08
3.02476176147e-09	-1.1789520471e-08
3.02572467807e-09	-6.536540198e-09
3.02668759466e-09	-1.26948362933e-09
3.02765051126e-09	3.88735088563e-09
3.02861342786e-09	8.84722695105e-09
3.02957634446e-09	1.35441755589e-08
3.03053926105e-09	1.79042931592e-08
3.03150217765e-09	2.1815793616e-08
3.03246509425e-09	2.51060967571e-08
3.03342801085e-09	2.7539774905e-08
3.03439092744e-09	2.88502501888e-08
3.03535384404e-09	2.88040507002e-08
3.03631676064e-09	2.72806275348e-08
3.03727967724e-09	2.43386288901e-08
3.03824259383e-09	2.02399217386e-08
3.03920551043e-09	1.54125814333e-08
3.04016842703e-09	1.03524708805e-08
3.04113134363e-09	5.48797940425e-09
3.04209426022e-09	1.05182440535e-09
3.04305717682e-09	-2.99090574529e-09
3.04402009342e-09	-6.92437041039e-09
3.04498301001e-09	-1.11681996984e-08
3.04594592661e-09	-1.60952922101e-08
3.04690884321e-09	-2.18345892478e-08
3.04787175981e-09	-2.81204517449e-08
3.0488346764e-09	-3.42452608493e-08
3.049797593e-09	-3.91511285613e-08
3.0507605096e-09	-4.16489704946e-08
3.0517234262e-09	-4.07160207772e-08
3.05268634279e-09	-3.58000740164e-08
3.05364925939e-09	-2.70432529703e-08
3.05461217599e-09	-1.53526666935e-08
3.05557509259e-09	-2.28179164452e-09
3.05653800918e-09	1.026495422e-08
3.05750092578e-09	2.04414067895e-08
3.05846384238e-09	2.68796576108e-08
3.05942675898e-09	2.90075163889e-08
3.06038967557e-09	2.7172127659e-08
3.06135259217e-09	2.25300738066e-08
3.06231550877e-09	1.67330238554e-08
3.06327842536e-09	1.14943654594e-08
3.06424134196e-09	8.15547807065e-09
3.06520425856e-09	7.37248750937e-09
3.06616717516e-09	9.00391405878e-09
3.06713009175e-09	1.2215256362e-08
3.06809300835e-09	1.57572443982e-08
3.06905592495e-09	1.83284925015e-08
3.07001884155e-09	1.89154487629e-08
3.07098175814e-09	1.70236766905e-08
3.07194467474e-09	1.27559234286e-08
3.07290759134e-09	6.73482025704e-09
3.07387050794e-09	-8.84943229806e-11
3.07483342453e-09	-6.67543309518e-09
3.07579634113e-09	-1.21256773511e-08
3.07675925773e-09	-1.58362087888e-08
3.07772217433e-09	-1.75684249371e-08
3.07868509092e-09	-1.74261174379e-08
3.07964800752e-09	-1.57656998567e-08
3.08061092412e-09	-1.3073369054e-08
3.08157384071e-09	-9.8484651545e-09
3.08253675731e-09	-6.51732889878e-09
3.08349967391e-09	-3.39191918997e-09
3.08446259051e-09	-6.72125133327e-10
3.0854255071e-09	1.52621182359e-09
3.0863884237e-09	3.13674175523e-09
3.0873513403e-09	4.11852019155e-09
3.0883142569e-09	4.44891323781e-09
3.08927717349e-09	4.12947631645e-09
3.09024009009e-09	3.19307935648e-09
3.09120300669e-09	1.69927538707e-09
3.09216592329e-09	-2.82049272826e-10
3.09312883988e-09	-2.69060973501e-09
3.09409175648e-09	-5.48647260956e-09
3.09505467308e-09	-8.63532623185e-09
3.09601758968e-09	-1.20625687217e-08
3.09698050627e-09	-1.55861297202e-08
3.09794342287e-09	-1.88584934335e-08
3.09890633947e-09	-2.1357202229e-08
3.09986925606e-09	-2.24492531231e-08
3.10083217266e-09	-2.1533763217e-08
3.10179508926e-09	-1.82345303301e-08
3.10275800586e-09	-1.25792141148e-08
3.10372092245e-09	-5.09392261705e-09
3.10468383905e-09	3.23931503843e-09
3.10564675565e-09	1.11792406443e-08
3.10660967225e-09	1.75352763421e-08
3.10757258884e-09	2.14989999137e-08
3.10853550544e-09	2.28870185026e-08
3.10949842204e-09	2.22052616294e-08
3.11046133864e-09	2.04996588593e-08
3.11142425523e-09	1.90272579914e-08
3.11238717183e-09	1.88464852613e-08
3.11335008843e-09	2.04615897559e-08
3.11431300503e-09	2.36399593234e-08
3.11527592162e-09	2.74615725715e-08
3.11623883822e-09	3.05876639572e-08
3.11720175482e-09	3.16617310148e-08
3.11816467141e-09	2.97083744272e-08
3.11912758801e-09	2.44055478049e-08
3.12009050461e-09	1.61547930588e-08
3.12105342121e-09	5.93974514018e-09
3.1220163378e-09	-4.96074781253e-09
3.1229792544e-09	-1.52937680298e-08
3.123942171e-09	-2.40840485333e-08
3.1249050876e-09	-3.07484739892e-08
3.12586800419e-09	-3.50639233204e-08
3.12683092079e-09	-3.7040855716e-08
3.12779383739e-09	-3.67854475769e-08
3.12875675399e-09	-3.44277175657e-08
3.12971967058e-09	-3.01503817468e-08
3.13068258718e-09	-2.42935360717e-08
3.13164550378e-09	-1.74688956633e-08
3.13260842037e-09	-1.05989697019e-08
3.13357133697e-09	-4.81743134273e-09
3.13453425357e-09	-1.22749899134e-09
3.13549717017e-09	-5.80409387219e-10
3.13646008676e-09	-2.98293301171e-09
3.13742300336e-09	-7.74828912142e-09
3.13838591996e-09	-1.34685160802e-08
3.13934883656e-09	-1.83164701184e-08
3.14031175315e-09	-2.04966461581e-08
3.14127466975e-09	-1.8714441552e-08
3.14223758635e-09	-1.25263817097e-08
3.14320050295e-09	-2.46246667501e-09
3.14416341954e-09	1.01067554326e-08
3.14512633614e-09	2.33042705133e-08
3.14608925274e-09	3.51713431712e-08
3.14705216934e-09	4.40589325024e-08
3.14801508593e-09	4.88928399989e-08
3.14897800253e-09	4.92655090056e-08
3.14994091913e-09	4.53755468754e-08
3.15090383572e-09	3.78841953363e-08
3.15186675232e-09	2.77509641933e-08
3.15282966892e-09	1.60946420635e-08
3.15379258552e-09	4.09620737329e-09
3.15475550211e-09	-7.07640568365e-09
3.15571841871e-09	-1.63502686945e-08
3.15668133531e-09	-2.28576020334e-08
3.15764425191e-09	-2.60652921469e-08
3.1586071685e-09	-2.58859405022e-08
3.1595700851e-09	-2.27273346809e-08
3.1605330017e-09	-1.74421828092e-08
3.1614959183e-09	-1.11658717827e-08
3.16245883489e-09	-5.07380493175e-09
3.16342175149e-09	-1.22702958905e-10
3.16438466809e-09	3.1500264619e-09
3.16534758469e-09	4.70702854471e-09
3.16631050128e-09	4.94530105755e-09
3.16727341788e-09	4.50528370166e-09
3.16823633448e-09	4.02050570614e-09
3.16919925107e-09	3.89322885042e-09
3.17016216767e-09	4.16903045419e-09
3.17112508427e-09	4.54988446918e-09
3.17208800087e-09	4.53632598152e-09
3.17305091746e-09	3.63782315382e-09
3.17401383406e-09	1.57111579302e-09
3.17497675066e-09	-1.6214311005e-09
3.17593966726e-09	-5.57391821587e-09
3.17690258385e-09	-9.70961533397e-09
3.17786550045e-09	-1.34133415486e-08
3.17882841705e-09	-1.61983546576e-08
3.17979133365e-09	-1.78047336874e-08
3.18075425024e-09	-1.82056094644e-08
3.18171716684e-09	-1.75389072155e-08
3.18268008344e-09	-1.60039537178e-08
3.18364300004e-09	-1.37757236729e-08
3.18460591663e-09	-1.09725917241e-08
3.18556883323e-09	-7.68167307541e-09
3.18653174983e-09	-4.01693966978e-09
3.18749466642e-09	-1.68014047119e-10
3.18845758302e-09	3.59497409619e-09
3.18942049962e-09	6.9756556087e-09
3.19038341622e-09	9.74437419643e-09
3.19134633281e-09	1.18239649183e-08
3.19230924941e-09	1.33275612768e-08
3.19327216601e-09	1.4517834046e-08
3.19423508261e-09	1.568881558e-08
3.1951979992e-09	1.70150702417e-08
3.1961609158e-09	1.84284196791e-08
3.1971238324e-09	1.95801064251e-08
3.198086749e-09	1.99209253537e-08
3.19904966559e-09	1.88850872718e-08
3.20001258219e-09	1.61208291161e-08
3.20097549879e-09	1.16834559805e-08
3.20193841539e-09	6.11242034765e-09
3.20290133198e-09	3.47971429449e-10
3.20386424858e-09	-4.50426496101e-09
3.20482716518e-09	-7.49325934635e-09
3.20579008177e-09	-8.12388911697e-09
3.20675299837e-09	-6.53800436012e-09
3.20771591497e-09	-3.51080320371e-09
3.20867883157e-09	-2.5307278495e-10
3.20964174816e-09	1.92679472377e-09
3.21060466476e-09	1.99714400573e-09
3.21156758136e-09	-4.99766894535e-10
3.21253049796e-09	-5.3105253528e-09
3.21349341455e-09	-1.15282432489e-08
3.21445633115e-09	-1.782518666e-08
3.21541924775e-09	-2.27889547233e-08
3.21638216435e-09	-2.52668854728e-08
3.21734508094e-09	-2.46297044981e-08
3.21830799754e-09	-2.08965005299e-08
3.21927091414e-09	-1.47043692778e-08
3.22023383074e-09	-7.13826597831e-09
3.22119674733e-09	5.25905485826e-10
3.22215966393e-09	7.09527769871e-09
3.22312258053e-09	1.16935527927e-08
3.22408549712e-09	1.39047875436e-08
3.22504841372e-09	1.38006583938e-08
3.22601133032e-09	1.18586038766e-08
3.22697424692e-09	8.80051409524e-09
3.22793716351e-09	5.39592015514e-09
3.22890008011e-09	2.27882201997e-09
3.22986299671e-09	-1.79374737286e-10
3.23082591331e-09	-1.91090032686e-09
3.2317888299e-09	-3.10027581385e-09
3.2327517465e-09	-4.06283540144e-09
3.2337146631e-09	-5.08689446121e-09
3.2346775797e-09	-6.28469098984e-09
3.23564049629e-09	-7.50643636138e-09
3.23660341289e-09	-8.35052116344e-09
3.23756632949e-09	-8.27146529048e-09
3.23852924609e-09	-6.76218014917e-09
3.23949216268e-09	-3.55703688726e-09
3.24045507928e-09	1.21529586394e-09
3.24141799588e-09	6.98840896263e-09
3.24238091247e-09	1.28508421682e-08
3.24334382907e-09	1.77548677982e-08
3.24430674567e-09	2.07820196607e-08
3.24526966227e-09	2.13845439134e-08
3.24623257886e-09	1.95239042711e-08
3.24719549546e-09	1.56679611507e-08
3.24815841206e-09	1.06568229796e-08
3.24912132866e-09	5.48638201536e-09
3.25008424525e-09	1.07977604635e-09
3.25104716185e-09	-1.89065851863e-09
3.25201007845e-09	-3.09450909342e-09
3.25297299505e-09	-2.55065302213e-09
3.25393591164e-09	-5.82158987683e-10
3.25489882824e-09	2.25018270683e-09
3.25586174484e-09	5.21812193455e-09
3.25682466143e-09	7.50162509888e-09
3.25778757803e-09	8.29001756131e-09
3.25875049463e-09	6.92219037646e-09
3.25971341123e-09	3.05393665911e-09
3.26067632782e-09	-3.18447845871e-09
3.26163924442e-09	-1.11012461446e-08
3.26260216102e-09	-1.94860341196e-08
3.26356507762e-09	-2.68081770116e-08
3.26452799421e-09	-3.15457526767e-08
3.26549091081e-09	-3.25668310097e-08
3.26645382741e-09	-2.94538686774e-08
3.26741674401e-09	-2.26691785343e-08
3.2683796606e-09	-1.34963045184e-08
3.2693425772e-09	-3.75918807194e-09
3.2703054938e-09	4.60662308299e-09
3.2712684104e-09	1.00148795923e-08
3.27223132699e-09	1.159756291e-08
3.27319424359e-09	9.3848946392e-09
3.27415716019e-09	4.25850998909e-09
3.27512007678e-09	-2.29506702532e-09
3.27608299338e-09	-8.54773318792e-09
3.27704590998e-09	-1.29108457259e-08
3.27800882658e-09	-1.42461296093e-08
3.27897174317e-09	-1.20466188136e-08
3.27993465977e-09	-6.4772001096e-09
3.28089757637e-09	1.70165281865e-09
3.28186049297e-09	1.1288880053e-08
3.28282340956e-09	2.0835818404e-08
3.28378632616e-09	2.88507493451e-08
3.28474924276e-09	3.40059003179e-08
3.28571215936e-09	3.534082893e-08
3.28667507595e-09	3.24456976841e-08
3.28763799255e-09	2.55905465707e-08
3.28860090915e-09	1.57542920931e-08
3.28956382575e-09	4.51864634599e-09
3.29052674234e-09	-6.18738393854e-09
3.29148965894e-09	-1.44660496915e-08
3.29245257554e-09	-1.88682456326e-08
3.29341549213e-09	-1.87405575502e-08
3.29437840873e-09	-1.43978935441e-08
3.29534132533e-09	-7.05240310594e-09
3.29630424193e-09	1.49421397477e-09
3.29726715852e-09	9.31134103155e-09
3.29823007512e-09	1.48219587714e-08
3.29919299172e-09	1.71618772526e-08
3.30015590832e-09	1.63133915265e-08
3.30111882491e-09	1.29900783463e-08
3.30208174151e-09	8.32824476049e-09
3.30304465811e-09	3.50156614815e-09
3.30400757471e-09	-6.10405836987e-10
3.3049704913e-09	-3.60426866131e-09
3.3059334079e-09	-5.55287682502e-09
3.3068963245e-09	-6.85846579529e-09
3.3078592411e-09	-8.04098831964e-09
3.30882215769e-09	-9.54740553283e-09
3.30978507429e-09	-1.16393410465e-08
3.31074799089e-09	-1.43711771372e-08
3.31171090748e-09	-1.76300414267e-08
3.31267382408e-09	-2.1195182498e-08
3.31363674068e-09	-2.47755149729e-08
3.31459965728e-09	-2.8010806119e-08
3.31556257387e-09	-3.0457567135e-08
3.31652549047e-09	-3.15921155902e-08
3.31748840707e-09	-3.08570449192e-08
3.31845132367e-09	-2.77629759182e-08
3.31941424026e-09	-2.20304414711e-08
3.32037715686e-09	-1.37297186953e-08
3.32134007346e-09	-3.37079031354e-09
3.32230299006e-09	8.09552158643e-09
3.32326590665e-09	1.93842151219e-08
3.32422882325e-09	2.90815904691e-08
3.32519173985e-09	3.5911789098e-08
3.32615465645e-09	3.90049414989e-08
3.32711757304e-09	3.81059663823e-08
3.32808048964e-09	3.36691741154e-08
3.32904340624e-09	2.67977817714e-08
3.33000632283e-09	1.902999891e-08
3.33096923943e-09	1.20159544537e-08
3.33193215603e-09	7.15043402266e-09
3.33289507263e-09	5.24613863462e-09
3.33385798922e-09	6.33594376964e-09
3.33482090582e-09	9.65910018635e-09
3.33578382242e-09	1.38380968906e-08
3.33674673902e-09	1.72134555498e-08
3.33770965561e-09	1.82593655751e-08
3.33867257221e-09	1.59725885851e-08
3.33963548881e-09	1.01417745313e-08
3.34059840541e-09	1.43124945229e-09
3.341561322e-09	-8.74815064833e-09
3.3425242386e-09	-1.85528730157e-08
3.3434871552e-09	-2.61276156266e-08
3.3444500718e-09	-3.00325417868e-08
3.34541298839e-09	-2.95793523009e-08
3.34637590499e-09	-2.49908840289e-08
3.34733882159e-09	-1.73451226715e-08
3.34830173818e-09	-8.32568680664e-09
3.34926465478e-09	1.60891855394e-10
3.35022757138e-09	6.40730180024e-09
3.35119048798e-09	9.26310406157e-09
3.35215340457e-09	8.34363778068e-09
3.35311632117e-09	4.05191080688e-09
3.35407923777e-09	-2.57157828365e-09
3.35504215437e-09	-1.01208987857e-08
3.35600507096e-09	-1.71369851643e-08
3.35696798756e-09	-2.23774705432e-08
3.35793090416e-09	-2.4995758352e-08
3.35889382076e-09	-2.46153213368e-08
3.35985673735e-09	-2.13111661651e-08
3.36081965395e-09	-1.55395341039e-08
3.36178257055e-09	-8.05617883515e-09
3.36274548714e-09	1.66975544502e-10
3.36370840374e-09	8.03189603715e-09
3.36467132034e-09	1.44285463577e-08
3.36563423694e-09	1.83896382566e-08
3.36659715353e-09	1.92763920381e-08
3.36756007013e-09	1.69543667994e-08
3.36852298673e-09	1.19023759737e-08
3.36948590333e-09	5.19807041854e-09
3.37044881992e-09	-1.65142854947e-09
3.37141173652e-09	-7.0117089912e-09
3.37237465312e-09	-9.48864720129e-09
3.37333756972e-09	-8.26819324118e-09
3.37430048631e-09	-3.33144334341e-09
3.37526340291e-09	4.5225556633e-09
3.37622631951e-09	1.38548763573e-08
3.37718923611e-09	2.29150778353e-08
3.3781521527e-09	3.00341085335e-08
3.3791150693e-09	3.39826691231e-08
3.3800779859e-09	3.4207829458e-08
3.38104090249e-09	3.08976133567e-08
3.38200381909e-09	2.48719480567e-08
3.38296673569e-09	1.73415433125e-08
3.38392965229e-09	9.60168744513e-09
3.38489256888e-09	2.74109646092e-09
3.38585548548e-09	-2.56454368852e-09
3.38681840208e-09	-6.13708195374e-09
3.38778131868e-09	-8.24991097659e-09
3.38874423527e-09	-9.47551193065e-09
3.38970715187e-09	-1.04839070758e-08
3.39067006847e-09	-1.18518315162e-08
3.39163298507e-09	-1.39307951841e-08
3.39259590166e-09	-1.68051670357e-08
3.39355881826e-09	-2.03311074642e-08
3.39452173486e-09	-2.42178810339e-08
3.39548465146e-09	-2.81097065624e-08
3.39644756805e-09	-3.16338280015e-08
3.39741048465e-09	-3.44028592281e-08
3.39837340125e-09	-3.59880516498e-08
3.39933631784e-09	-3.59041649745e-08
3.40029923444e-09	-3.36459500261e-08
3.40126215104e-09	-2.8790131168e-08
3.40222506764e-09	-2.11466719691e-08
3.40318798423e-09	-1.09139808302e-08
3.40415090083e-09	1.22803212044e-09
3.40511381743e-09	1.41390739117e-08
3.40607673403e-09	2.63675730139e-08
3.40703965062e-09	3.64054706381e-08
3.40800256722e-09	4.29866062746e-08
3.40896548382e-09	4.53499247044e-08
3.40992840042e-09	4.34000497762e-08
3.41089131701e-09	3.77243623007e-08
3.41185423361e-09	2.94680440049e-08
3.41281715021e-09	2.00942924522e-08
3.41378006681e-09	1.10864046832e-08
3.4147429834e-09	3.66309316213e-09
3.4157059e-09	-1.44008616143e-09
3.4166688166e-09	-4.08207201374e-09
3.41763173319e-09	-4.69347938292e-09
3.41859464979e-09	-4.12204004263e-09
3.41955756639e-09	-3.38730865579e-09
3.42052048299e-09	-3.40162897849e-09
3.42148339958e-09	-4.71923167211e-09
3.42244631618e-09	-7.38402938794e-09
3.42340923278e-09	-1.09190789743e-08
3.42437214938e-09	-1.44553711223e-08
3.42533506597e-09	-1.69663412208e-08
3.42629798257e-09	-1.75456875695e-08
3.42726089917e-09	-1.5649364471e-08
3.42822381577e-09	-1.12406794983e-08
3.42918673236e-09	-4.81101825045e-09
3.43014964896e-09	2.71831979148e-09
3.43111256556e-09	1.01823882659e-08
3.43207548216e-09	1.64000724112e-08
3.43303839875e-09	2.03894359174e-08
3.43400131535e-09	2.15387743197e-08
3.43496423195e-09	1.97123508627e-08
3.43592714854e-09	1.52691335131e-08
3.43689006514e-09	8.99505270269e-09
3.43785298174e-09	1.95891280974e-09
3.43881589834e-09	-4.69301841832e-09
3.43977881493e-09	-9.96699256461e-09
3.44074173153e-09	-1.32276509746e-08
3.44170464813e-09	-1.43302063549e-08
3.44266756473e-09	-1.36376714366e-08
3.44363048132e-09	-1.19125065368e-08
3.44459339792e-09	-1.01070636305e-08
3.44555631452e-09	-9.10421960043e-09
3.44651923112e-09	-9.4805310269e-09
3.44748214771e-09	-1.13553362269e-08
3.44844506431e-09	-1.43608538394e-08
3.44940798091e-09	-1.77404064772e-08
3.45037089751e-09	-2.05424210975e-08
3.4513338141e-09	-2.18494218274e-08
3.4522967307e-09	-2.09827035746e-08
3.4532596473e-09	-1.76426357967e-08
3.45422256389e-09	-1.19569438795e-08
3.45518548049e-09	-4.43640857384e-09
3.45614839709e-09	4.13076062244e-09
3.45711131369e-09	1.2818633266e-08
3.45807423028e-09	2.07097592408e-08
3.45903714688e-09	2.70178102113e-08
3.46000006348e-09	3.11750980586e-08
3.46096298008e-09	3.28823581697e-08
3.46192589667e-09	3.21240101187e-08
3.46288881327e-09	2.91534654195e-08
3.46385172987e-09	2.44529374527e-08
3.46481464647e-09	1.86740471975e-08
3.46577756306e-09	1.2556973239e-08
3.46674047966e-09	6.83081102792e-09
3.46770339626e-09	2.10788231314e-09
3.46866631286e-09	-1.2147306494e-09
3.46962922945e-09	-3.02380742667e-09
3.47059214605e-09	-3.50569950847e-09
3.47155506265e-09	-3.09870085147e-09
3.47251797924e-09	-2.38580044609e-09
3.47348089584e-09	-1.95110860801e-09
3.47444381244e-09	-2.2408990219e-09
3.47540672904e-09	-3.47231132736e-09
3.47636964563e-09	-5.61146196176e-09
3.47733256223e-09	-8.41945357877e-09
3.47829547883e-09	-1.15452607474e-08
3.47925839543e-09	-1.46170622273e-08
3.48022131202e-09	-1.72915228802e-08
3.48118422862e-09	-1.92545304145e-08
3.48214714522e-09	-2.01887679907e-08
3.48311006182e-09	-1.97444212091e-08
3.48407297841e-09	-1.75641847733e-08
3.48503589501e-09	-1.33854047846e-08
3.48599881161e-09	-7.1937829027e-09
3.4869617282e-09	6.23364027064e-10
3.4879246448e-09	9.20093068402e-09
3.4888875614e-09	1.72627778738e-08
3.489850478e-09	2.33460912824e-08
3.49081339459e-09	2.61409134339e-08
3.49177631119e-09	2.48520866108e-08
3.49273922779e-09	1.94679419252e-08
3.49370214439e-09	1.0838562936e-08
3.49466506098e-09	5.24883581043e-10
3.49562797758e-09	-9.55340428987e-09
3.49659089418e-09	-1.7576130773e-08
3.49755381078e-09	-2.22577387632e-08
3.49851672737e-09	-2.31417800478e-08
3.49947964397e-09	-2.06736654462e-08
3.50044256057e-09	-1.60383173409e-08
3.50140547717e-09	-1.0816703977e-08
3.50236839376e-09	-6.55549747819e-09
3.50333131036e-09	-4.36390168446e-09
3.50429422696e-09	-4.63745397639e-09
3.50525714355e-09	-6.96740931616e-09
3.50622006015e-09	-1.02522559331e-08
3.50718297675e-09	-1.29783916947e-08
3.50814589335e-09	-1.35992443973e-08
3.50910880994e-09	-1.0927719174e-08
3.51007172654e-09	-4.4511114794e-09
3.51103464314e-09	5.50250245368e-09
3.51199755974e-09	1.77861583239e-08
3.51296047633e-09	3.0645935567e-08
3.51392339293e-09	4.20738572871e-08
3.51488630953e-09	5.02207022635e-08
3.51584922613e-09	5.37759738961e-08
3.51681214272e-09	5.22249550272e-08
3.51777505932e-09	4.59197231351e-08
3.51873797592e-09	3.59556473484e-08
3.51970089252e-09	2.38943425046e-08
3.52066380911e-09	1.14067173485e-08
3.52162672571e-09	-7.0431382948e-11
3.52258964231e-09	-9.58307388998e-09
3.5235525589e-09	-1.67643676718e-08
3.5245154755e-09	-2.17853290962e-08
3.5254783921e-09	-2.51844340937e-08
3.5264413087e-09	-2.76334759519e-08
3.52740422529e-09	-2.97040507746e-08
3.52836714189e-09	-3.16939505751e-08
3.52933005849e-09	-3.35520269346e-08
3.53029297509e-09	-3.49120448107e-08
3.53125589168e-09	-3.52225022482e-08
3.53221880828e-09	-3.39348460443e-08
3.53318172488e-09	-3.06975636022e-08
3.53414464148e-09	-2.55053436149e-08
3.53510755807e-09	-1.87580031508e-08
3.53607047467e-09	-1.12067999325e-08
3.53703339127e-09	-3.79837494791e-09
3.53799630787e-09	2.54597543048e-09
3.53895922446e-09	7.15406578422e-09
3.53992214106e-09	9.76487424253e-09
3.54088505766e-09	1.05817203888e-08
3.54184797425e-09	1.01962154275e-08
3.54281089085e-09	9.40515132442e-09
3.54377380745e-09	8.97978402747e-09
3.54473672405e-09	9.45691347454e-09
3.54569964064e-09	1.10123616892e-08
3.54666255724e-09	1.34513751249e-08
3.54762547384e-09	1.63084710181e-08
3.54858839044e-09	1.90125355459e-08
3.54955130703e-09	2.10563904091e-08
3.55051422363e-09	2.2113384901e-08
3.55147714023e-09	2.20704254872e-08
3.55244005683e-09	2.09832187181e-08
3.55340297342e-09	1.89862863209e-08
3.55436589002e-09	1.62060000974e-08
3.55532880662e-09	1.2718958331e-08
3.55629172322e-09	8.57071746907e-09
3.55725463981e-09	3.84120868446e-09
3.55821755641e-09	-1.27865618094e-09
3.55918047301e-09	-6.44284314788e-09
3.5601433896e-09	-1.1168451941e-08
3.5611063062e-09	-1.49189052223e-08
3.5620692228e-09	-1.72279381871e-08
3.5630321394e-09	-1.78202785861e-08
3.56399505599e-09	-1.66837423876e-08
3.56495797259e-09	-1.40694549344e-08
3.56592088919e-09	-1.0420353469e-08
3.56688380579e-09	-6.25565510504e-09
3.56784672238e-09	-2.05826022892e-09
3.56880963898e-09	1.7958567966e-09
3.56977255558e-09	5.04626163078e-09
3.57073547218e-09	7.5042336789e-09
3.57169838877e-09	8.99255869768e-09
3.57266130537e-09	9.31039867424e-09
3.57362422197e-09	8.25522405989e-09
3.57458713857e-09	5.7049112101e-09
3.57555005516e-09	1.7256606144e-09
3.57651297176e-09	-3.34596084173e-09
3.57747588836e-09	-8.8969134282e-09
3.57843880495e-09	-1.41356011341e-08
3.57940172155e-09	-1.82759052336e-08
3.58036463815e-09	-2.07475849834e-08
3.58132755475e-09	-2.13572555197e-08
3.58229047134e-09	-2.03335837057e-08
3.58325338794e-09	-1.8230114307e-08
3.58421630454e-09	-1.57183581706e-08
3.58517922114e-09	-1.33425821502e-08
3.58614213773e-09	-1.1325164806e-08
3.58710505433e-09	-9.49956202589e-09
3.58806797093e-09	-7.39299643726e-09
3.58903088753e-09	-4.42605685436e-09
3.58999380412e-09	-1.58412838402e-10
3.59095672072e-09	5.51384760072e-09
3.59191963732e-09	1.22799601598e-08
3.59288255392e-09	1.94710541024e-08
3.59384547051e-09	2.6229059813e-08
3.59480838711e-09	3.17243760151e-08
3.59577130371e-09	3.53382461071e-08
3.5967342203e-09	3.67592818407e-08
3.5976971369e-09	3.5977837598e-08
3.5986600535e-09	3.31964713496e-08
3.5996229701e-09	2.87112378317e-08
3.60058588669e-09	2.28200036645e-08
3.60154880329e-09	1.57952690927e-08
3.60251171989e-09	7.92567433905e-09
3.60347463649e-09	-4.07762601462e-10
3.60443755308e-09	-8.66724114701e-09
3.60540046968e-09	-1.61520627984e-08
3.60636338628e-09	-2.20817533148e-08
3.60732630288e-09	-2.57548808946e-08
3.60828921947e-09	-2.67329927084e-08
3.60925213607e-09	-2.49919089867e-08
3.61021505267e-09	-2.09822221819e-08
3.61117796926e-09	-1.55652681855e-08
3.61214088586e-09	-9.83793135845e-09
3.61310380246e-09	-4.89417084637e-09
3.61406671906e-09	-1.59048940684e-09
3.61502963565e-09	-3.79310582943e-10
3.61599255225e-09	-1.24837740145e-09
3.61695546885e-09	-3.77171893717e-09
3.61791838545e-09	-7.2449779509e-09
3.61888130204e-09	-1.08550377576e-08
3.61984421864e-09	-1.38396218929e-08
3.62080713524e-09	-1.56086414904e-08
3.62177005184e-09	-1.58121284954e-08
3.62273296843e-09	-1.43590206392e-08
3.62369588503e-09	-1.13962999038e-08
3.62465880163e-09	-7.25378601629e-09
3.62562171823e-09	-2.36517960772e-09
3.62658463482e-09	2.82327627943e-09
3.62754755142e-09	7.94153276473e-09
3.62851046802e-09	1.27519221849e-08
3.62947338461e-09	1.71469363153e-08
3.63043630121e-09	2.10838138059e-08
3.63139921781e-09	2.44698910024e-08
3.63236213441e-09	2.70421338655e-08
3.633325051e-09	2.830706336e-08
3.6342879676e-09	2.75927867222e-08
3.6352508842e-09	2.4226578077e-08
3.6362138008e-09	1.7801326635e-08
3.63717671739e-09	8.44583247783e-09
3.63813963399e-09	-3.00939473341e-09
3.63910255059e-09	-1.50599923643e-08
3.64006546719e-09	-2.57790482294e-08
3.64102838378e-09	-3.32446141726e-08
3.64199130038e-09	-3.60268792576e-08
3.64295421698e-09	-3.35836389809e-08
3.64391713358e-09	-2.64316533105e-08
3.64488005017e-09	-1.60317235043e-08
3.64584296677e-09	-4.41430092479e-09
3.64680588337e-09	6.34116226195e-09
3.64776879996e-09	1.46137812962e-08
3.64873171656e-09	1.95876133091e-08
3.64969463316e-09	2.1340854417e-08
3.65065754976e-09	2.06717807316e-08
3.65162046635e-09	1.87376354432e-08
3.65258338295e-09	1.66327769335e-08
3.65354629955e-09	1.50416674671e-08
3.65450921615e-09	1.40694895734e-08
3.65547213274e-09	1.32883215542e-08
3.65643504934e-09	1.19637801888e-08
3.65739796594e-09	9.37953270608e-09
3.65836088254e-09	5.14955811326e-09
3.65932379913e-09	-5.82710601993e-10
3.66028671573e-09	-7.117749945e-09
3.66124963233e-09	-1.33585729145e-08
3.66221254893e-09	-1.8108496036e-08
3.66317546552e-09	-2.04184473773e-08
3.66413838212e-09	-1.98826342057e-08
3.66510129872e-09	-1.67920077843e-08
3.66606421531e-09	-1.20933449921e-08
3.66702713191e-09	-7.15354930847e-09
3.66799004851e-09	-3.38974714964e-09
3.66895296511e-09	-1.86928894585e-09
3.6699158817e-09	-2.99401547998e-09
3.6708787983e-09	-6.36656993791e-09
3.6718417149e-09	-1.088529622e-08
3.6728046315e-09	-1.50441881175e-08
3.67376754809e-09	-1.73532388459e-08
3.67473046469e-09	-1.67599214507e-08
3.67569338129e-09	-1.29480346445e-08
3.67665629789e-09	-6.42655351157e-09
3.67761921448e-09	1.61197066806e-09
3.67858213108e-09	9.61338653127e-09
3.67954504768e-09	1.60648117031e-08
3.68050796428e-09	1.9861269962e-08
3.68147088087e-09	2.05402308495e-08
3.68243379747e-09	1.83361770212e-08
3.68339671407e-09	1.40591520648e-08
3.68435963066e-09	8.85483242286e-09
3.68532254726e-09	3.92478138878e-09
3.68628546386e-09	2.76476619376e-10
3.68724838046e-09	-1.4462970821e-09
3.68821129705e-09	-1.03739106194e-09
3.68917421365e-09	1.2816487871e-09
3.69013713025e-09	4.93452079198e-09
3.69110004685e-09	9.10175224078e-09
3.69206296344e-09	1.28552013479e-08
3.69302588004e-09	1.53092791777e-08
3.69398879664e-09	1.57733950346e-08
3.69495171324e-09	1.38877576106e-08
3.69591462983e-09	9.72085256734e-09
3.69687754643e-09	3.79594533584e-09
3.69784046303e-09	-2.97618041323e-09
3.69880337963e-09	-9.46124956158e-09
3.69976629622e-09	-1.45339758006e-08
3.70072921282e-09	-1.73281389237e-08
3.70169212942e-09	-1.74428560484e-08
3.70265504601e-09	-1.50399390719e-08
3.70361796261e-09	-1.0798379968e-08
3.70458087921e-09	-5.73649794333e-09
3.70554379581e-09	-9.49291534269e-10
3.7065067124e-09	2.66242938807e-09
3.707469629e-09	4.59232429861e-09
3.7084325456e-09	4.80361794786e-09
3.7093954622e-09	3.665561632e-09
3.71035837879e-09	1.78417858265e-09
3.71132129539e-09	-2.07902139948e-10
3.71228421199e-09	-1.83313630941e-09
3.71324712859e-09	-2.87137558175e-09
3.71421004518e-09	-3.36395156175e-09
3.71517296178e-09	-3.53679263654e-09
3.71613587838e-09	-3.68107300197e-09
3.71709879497e-09	-4.03330568943e-09
3.71806171157e-09	-4.68973304635e-09
3.71902462817e-09	-5.57446222516e-09
3.71998754477e-09	-6.46351017153e-09
3.72095046136e-09	-7.05589764394e-09
3.72191337796e-09	-7.077049613e-09
3.72287629456e-09	-6.38941832776e-09
3.72383921116e-09	-5.07908737291e-09
3.72480212775e-09	-3.48621709279e-09
3.72576504435e-09	-2.15090256717e-09
3.72672796095e-09	-1.66746438879e-09
3.72769087755e-09	-2.47263054476e-09
3.72865379414e-09	-4.62311522398e-09
3.72961671074e-09	-7.64198127001e-09
3.73057962734e-09	-1.05104573933e-08
3.73154254394e-09	-1.1842710812e-08
3.73250546053e-09	-1.02293817861e-08
3.73346837713e-09	-4.67144989358e-09
3.73443129373e-09	5.02272090586e-09
3.73539421032e-09	1.80060659716e-08
3.73635712692e-09	3.24220081893e-08
3.73732004352e-09	4.57194389014e-08
3.73828296012e-09	5.51893784007e-08
3.73924587671e-09	5.85899719852e-08
3.74020879331e-09	5.46959988412e-08
3.74117170991e-09	4.36214691035e-08
3.74213462651e-09	2.68283812943e-08
3.7430975431e-09	6.82230005822e-09
3.7440604597e-09	-1.33815678538e-08
3.7450233763e-09	-3.08772918345e-08
3.7459862929e-09	-4.34171241182e-08
3.74694920949e-09	-4.97703140923e-08
3.74791212609e-09	-4.98308629915e-08
3.74887504269e-09	-4.44858727633e-08
3.74983795929e-09	-3.53140059417e-08
3.75080087588e-09	-2.42104309933e-08
3.75176379248e-09	-1.30306911927e-08
3.75272670908e-09	-3.31595062519e-09
3.75368962567e-09	3.87634191412e-09
3.75465254227e-09	8.03907873603e-09
3.75561545887e-09	9.19739839844e-09
3.75657837547e-09	7.82656428555e-09
3.75754129206e-09	4.72216532543e-09
3.75850420866e-09	8.3646023441e-10
3.75946712526e-09	-2.90270385506e-09
3.76043004186e-09	-5.7588103175e-09
3.76139295845e-09	-7.3016677149e-09
3.76235587505e-09	-7.44396544405e-09
3.76331879165e-09	-6.38817709842e-09
3.76428170825e-09	-4.49929959956e-09
3.76524462484e-09	-2.15225681721e-09
3.76620754144e-09	3.87559095927e-10
3.76717045804e-09	3.0082014657e-09
3.76813337464e-09	5.7058540115e-09
3.76909629123e-09	8.47902192902e-09
3.77005920783e-09	1.12185247758e-08
3.77102212443e-09	1.36510571735e-08
3.77198504102e-09	1.53765533639e-08
3.77294795762e-09	1.59893644991e-08
3.77391087422e-09	1.52312082946e-08
3.77487379082e-09	1.31133521819e-08
3.77583670741e-09	9.94668702958e-09
3.77679962401e-09	6.25943696875e-09
3.77776254061e-09	2.63482013985e-09
3.77872545721e-09	-4.67670346893e-10
3.7796883738e-09	-2.82952061781e-09
3.7806512904e-09	-4.48049686241e-09
3.781614207e-09	-5.59777113551e-09
3.7825771236e-09	-6.34575503256e-09
3.78354004019e-09	-6.7357270872e-09
3.78450295679e-09	-6.5773018143e-09
3.78546587339e-09	-5.55520252021e-09
3.78642878999e-09	-3.40386718811e-09
3.78739170658e-09	-1.04293018666e-10
3.78835462318e-09	3.98580191074e-09
3.78931753978e-09	8.13852807369e-09
3.79028045637e-09	1.14144400598e-08
3.79124337297e-09	1.29254358328e-08
3.79220628957e-09	1.2113764214e-08
3.79316920617e-09	8.9463263464e-09
3.79413212276e-09	3.95096622086e-09
3.79509503936e-09	-1.91599558441e-09
3.79605795596e-09	-7.52413953364e-09
3.79702087256e-09	-1.18638059377e-08
3.79798378915e-09	-1.42874281295e-08
3.79894670575e-09	-1.46332412854e-08
3.79990962235e-09	-1.32139668096e-08
3.80087253895e-09	-1.06892175111e-08
3.80183545554e-09	-7.87614862219e-09
3.80279837214e-09	-5.55783818967e-09
3.80376128874e-09	-4.32560787189e-09
3.80472420534e-09	-4.47810499793e-09
3.80568712193e-09	-5.98162186449e-09
3.80665003853e-09	-8.48057801761e-09
3.80761295513e-09	-1.13560920667e-08
3.80857587172e-09	-1.38292914897e-08
3.80953878832e-09	-1.51010723926e-08
3.81050170492e-09	-1.45177327937e-08
3.81146462152e-09	-1.17299316926e-08
3.81242753811e-09	-6.80440459533e-09
3.81339045471e-09	-2.51065501722e-10
3.81435337131e-09	7.06046954235e-09
3.81531628791e-09	1.40844491625e-08
3.8162792045e-09	1.98374063842e-08
3.8172421211e-09	2.36236186169e-08
3.8182050377e-09	2.51770195803e-08
3.8191679543e-09	2.46762610345e-08
3.82013087089e-09	2.26309762041e-08
3.82109378749e-09	1.96821829945e-08
3.82205670409e-09	1.63925637509e-08
3.82301962069e-09	1.31025066352e-08
3.82398253728e-09	9.89839410437e-09
3.82494545388e-09	6.69361854833e-09
3.82590837048e-09	3.37623395907e-09
3.82687128707e-09	-4.88176304936e-11
3.82783420367e-09	-3.38932037991e-09
3.82879712027e-09	-6.30082830355e-09
3.82976003687e-09	-8.41214919944e-09
3.83072295346e-09	-9.48709200088e-09
3.83168587006e-09	-9.54928047747e-09
3.83264878666e-09	-8.90940210496e-09
3.83361170326e-09	-8.07615396781e-09
3.83457461985e-09	-7.57732543377e-09
3.83553753645e-09	-7.75371677975e-09
3.83650045305e-09	-8.60545945613e-09
3.83746336965e-09	-9.75533254177e-09
3.83842628624e-09	-1.05492166114e-08
3.83938920284e-09	-1.02683470615e-08
3.84035211944e-09	-8.38988434282e-09
3.84131503603e-09	-4.80630957256e-09
3.84227795263e-09	7.25762783205e-11
3.84324086923e-09	5.37419175828e-09
3.84420378583e-09	9.9693719946e-09
3.84516670242e-09	1.27739561151e-08
3.84612961902e-09	1.30546089494e-08
3.84709253562e-09	1.0643448789e-08
3.84805545222e-09	5.99171512405e-09
3.84901836881e-09	4.65068539235e-11
3.84998128541e-09	-6.01028826708e-09
3.85094420201e-09	-1.10820064236e-08
3.85190711861e-09	-1.44335521313e-08
3.8528700352e-09	-1.58366706415e-08
3.8538329518e-09	-1.55493999898e-08
3.8547958684e-09	-1.41496006023e-08
3.855758785e-09	-1.22858034857e-08
3.85672170159e-09	-1.04360227127e-08
3.85768461819e-09	-8.75593819671e-09
3.85864753479e-09	-7.05688130154e-09
3.85961045138e-09	-4.90915841311e-09
3.86057336798e-09	-1.82983006525e-09
3.86153628458e-09	2.50927145728e-09
3.86249920118e-09	8.11560241232e-09
3.86346211777e-09	1.45951748465e-08
3.86442503437e-09	2.1177420706e-08
3.86538795097e-09	2.6837076561e-08
3.86635086757e-09	3.04887564084e-08
3.86731378416e-09	3.12203738417e-08
3.86827670076e-09	2.85181602777e-08
3.86923961736e-09	2.24350706901e-08
3.87020253396e-09	1.36571758347e-08
3.87116545055e-09	3.43180817097e-09
3.87212836715e-09	-6.64367227898e-09
3.87309128375e-09	-1.49356900181e-08
3.87405420035e-09	-2.01243484099e-08
3.87501711694e-09	-2.14959641198e-08
3.87598003354e-09	-1.90963689306e-08
3.87694295014e-09	-1.37022890812e-08
3.87790586673e-09	-6.61693100312e-09
3.87886878333e-09	6.47409403864e-10
3.87983169993e-09	6.70796840296e-09
3.88079461653e-09	1.0581532095e-08
3.88175753312e-09	1.18211200828e-08
3.88272044972e-09	1.05072555101e-08
3.88368336632e-09	7.12768333244e-09
3.88464628292e-09	2.40105291205e-09
3.88560919951e-09	-2.89614510152e-09
3.88657211611e-09	-8.06025202138e-09
3.88753503271e-09	-1.25330021916e-08
3.88849794931e-09	-1.59223478846e-08
3.8894608659e-09	-1.79962746927e-08
3.8904237825e-09	-1.86672757252e-08
3.8913866991e-09	-1.79718924187e-08
3.8923496157e-09	-1.60487854117e-08
3.89331253229e-09	-1.31126753899e-08
3.89427544889e-09	-9.42069355858e-09
3.89523836549e-09	-5.23660848017e-09
3.89620128208e-09	-8.01338106982e-10
3.89716419868e-09	3.68015529162e-09
3.89812711528e-09	8.0291489013e-09
3.89909003188e-09	1.20638752321e-08
3.90005294847e-09	1.55601771468e-08
3.90101586507e-09	1.82190689202e-08
3.90197878167e-09	1.9663453088e-08
3.90294169827e-09	1.94772766804e-08
3.90390461486e-09	1.72942762333e-08
3.90486753146e-09	1.29297950124e-08
3.90583044806e-09	6.52202780671e-09
3.90679336466e-09	-1.36261968375e-09
3.90775628125e-09	-9.70939506573e-09
3.90871919785e-09	-1.71606799881e-08
3.90968211445e-09	-2.22533564909e-08
3.91064503105e-09	-2.37518431589e-08
3.91160794764e-09	-2.09969392984e-08
3.91257086424e-09	-1.41640050799e-08
3.91353378084e-09	-4.33580282788e-09
3.91449669743e-09	6.66183774811e-09
3.91545961403e-09	1.66463536289e-08
3.91642253063e-09	2.35971846507e-08
3.91738544723e-09	2.61677541857e-08
3.91834836382e-09	2.40415207742e-08
3.91931128042e-09	1.80196799704e-08
3.92027419702e-09	9.80646408522e-09
3.92123711362e-09	1.54586476953e-09
3.92220003021e-09	-4.75853179083e-09
3.92316294681e-09	-7.77315634082e-09
3.92412586341e-09	-7.1650800848e-09
3.92508878001e-09	-3.64395691399e-09
3.9260516966e-09	1.2879046718e-09
3.9270146132e-09	5.79364511921e-09
3.9279775298e-09	8.22944379308e-09
3.9289404464e-09	7.58971996362e-09
3.92990336299e-09	3.74806985448e-09
3.93086627959e-09	-2.55607601751e-09
3.93182919619e-09	-9.96041471524e-09
3.93279211278e-09	-1.68663909506e-08
3.93375502938e-09	-2.18487397063e-08
3.93471794598e-09	-2.39750441722e-08
3.93568086258e-09	-2.29648158268e-08
3.93664377917e-09	-1.91739299993e-08
3.93760669577e-09	-1.34367397209e-08
3.93856961237e-09	-6.83158773995e-09
3.93953252897e-09	-4.42576558735e-10
3.94049544556e-09	4.82853712569e-09
3.94145836216e-09	8.37690272704e-09
3.94242127876e-09	9.93930093784e-09
3.94338419536e-09	9.5883949669e-09
3.94434711195e-09	7.69403385448e-09
3.94531002855e-09	4.86038231884e-09
3.94627294515e-09	1.83896209371e-09
3.94723586175e-09	-5.90295146097e-10
3.94819877834e-09	-1.76437997546e-09
3.94916169494e-09	-1.2896494983e-09
3.95012461154e-09	8.3268225648e-10
3.95108752813e-09	4.16048795415e-09
3.95205044473e-09	7.87955389825e-09
3.95301336133e-09	1.09892273059e-08
3.95397627793e-09	1.25735830636e-08
3.95493919452e-09	1.20822010174e-08
3.95590211112e-09	9.52765688567e-09
3.95686502772e-09	5.5223638995e-09
3.95782794432e-09	1.11898090793e-09
3.95879086091e-09	-2.50886933451e-09
3.95975377751e-09	-4.44974412872e-09
3.96071669411e-09	-4.37375202722e-09
3.96167961071e-09	-2.66726418729e-09
3.9626425273e-09	-3.21261545144e-10
3.9636054439e-09	1.40585831865e-09
3.9645683605e-09	1.44665412982e-09
3.96553127709e-09	-6.53071263734e-10
3.96649419369e-09	-4.50016157671e-09
3.96745711029e-09	-8.90283402555e-09
3.96842002689e-09	-1.22054402141e-08
3.96938294348e-09	-1.28104762354e-08
3.97034586008e-09	-9.7218872952e-09
3.97130877668e-09	-2.93647239857e-09
3.97227169328e-09	6.44964170959e-09
3.97323460987e-09	1.64635522992e-08
3.97419752647e-09	2.47422704547e-08
3.97516044307e-09	2.91437949329e-08
3.97612335967e-09	2.83089960362e-08
3.97708627626e-09	2.2016303447e-08
3.97804919286e-09	1.12375060368e-08
3.97901210946e-09	-2.10699391268e-09
3.97997502606e-09	-1.56136739093e-08
3.98093794265e-09	-2.69472781866e-08
3.98190085925e-09	-3.43341355347e-08
3.98286377585e-09	-3.6883569976e-08
3.98382669244e-09	-3.46761908077e-08
3.98478960904e-09	-2.86287171747e-08
3.98575252564e-09	-2.01994456717e-08
3.98671544224e-09	-1.10221236582e-08
3.98767835883e-09	-2.56587240344e-09
3.98864127543e-09	4.10729761313e-09
3.98960419203e-09	8.45971470653e-09
3.99056710863e-09	1.04666053602e-08
3.99153002522e-09	1.05045216969e-08
3.99249294182e-09	9.19375509056e-09
3.99345585842e-09	7.2353598668e-09
3.99441877502e-09	5.27170840314e-09
3.99538169161e-09	3.79537645756e-09
3.99634460821e-09	3.10798498049e-09
3.99730752481e-09	3.31928684538e-09
3.99827044141e-09	4.37556613164e-09
3.999233358e-09	6.09916916972e-09
4.0001962746e-09	8.22971735204e-09
4.0011591912e-09	1.04643476107e-08
4.00212210779e-09	1.24950698677e-08
4.00308502439e-09	1.40444349483e-08
4.00404794099e-09	1.49000598526e-08
4.00501085759e-09	1.4944346205e-08
4.00597377418e-09	1.41691209876e-08
4.00693669078e-09	1.2668361471e-08
4.00789960738e-09	1.0604251699e-08
4.00886252398e-09	8.15069167714e-09
4.00982544057e-09	5.43379252704e-09
4.01078835717e-09	2.49298226507e-09
4.01175127377e-09	-7.15836723231e-10
4.01271419037e-09	-4.27135615766e-09
4.01367710696e-09	-8.20202217255e-09
4.01464002356e-09	-1.23922960782e-08
4.01560294016e-09	-1.65272417973e-08
4.01656585676e-09	-2.01048315773e-08
4.01752877335e-09	-2.25239062956e-08
4.01849168995e-09	-2.32349854912e-08
4.01945460655e-09	-2.19095337428e-08
4.02041752314e-09	-1.85707005329e-08
4.02138043974e-09	-1.36384157301e-08
4.02234335634e-09	-7.86553222554e-09
4.02330627294e-09	-2.17464357632e-09
4.02426918953e-09	2.56187071557e-09
4.02523210613e-09	5.73199621101e-09
4.02619502273e-09	7.12327619112e-09
4.02715793933e-09	6.95362256664e-09
4.02812085592e-09	5.78202019597e-09
4.02908377252e-09	4.32589253307e-09
4.03004668912e-09	3.24388382822e-09
4.03100960572e-09	2.9492237541e-09
4.03197252231e-09	3.50432705076e-09
4.03293543891e-09	4.62794780276e-09
4.03389835551e-09	5.80987435939e-09
4.03486127211e-09	6.4900782526e-09
4.0358241887e-09	6.24823970341e-09
4.0367871053e-09	4.94553642483e-09
4.0377500219e-09	2.77502842927e-09
4.03871293849e-09	2.11504369574e-10
4.03967585509e-09	-2.12180473191e-09
4.04063877169e-09	-3.63125729486e-09
4.04160168829e-09	-3.92262577975e-09
4.04256460488e-09	-2.91445045875e-09
4.04352752148e-09	-8.66062888072e-10
4.04449043808e-09	1.68614455731e-09
4.04545335468e-09	4.06836520028e-09
4.04641627127e-09	5.64929392155e-09
4.04737918787e-09	6.01605965045e-09
4.04834210447e-09	5.09952702288e-09
4.04930502107e-09	3.20979554047e-09
4.05026793766e-09	9.68309765703e-10
4.05123085426e-09	-8.52178383415e-10
4.05219377086e-09	-1.54583768008e-09
4.05315668746e-09	-6.92874702057e-10
4.05411960405e-09	1.68813119039e-09
4.05508252065e-09	5.10441999779e-09
4.05604543725e-09	8.68774652218e-09
4.05700835384e-09	1.14125953132e-08
4.05797127044e-09	1.23755281578e-08
4.05893418704e-09	1.10522977437e-08
4.05989710364e-09	7.45815942338e-09
4.06086002023e-09	2.15891704514e-09
4.06182293683e-09	-3.87731047269e-09
4.06278585343e-09	-9.54039514056e-09
4.06374877003e-09	-1.38745068767e-08
4.06471168662e-09	-1.63265454489e-08
4.06567460322e-09	-1.68696185909e-08
4.06663751982e-09	-1.59670054956e-08
4.06760043642e-09	-1.4393607195e-08
4.06856335301e-09	-1.29688606521e-08
4.06952626961e-09	-1.22759828969e-08
4.07048918621e-09	-1.2453932996e-08
4.07145210281e-09	-1.31277522186e-08
4.0724150194e-09	-1.34983606515e-08
4.073377936e-09	-1.25769705761e-08
4.0743408526e-09	-9.50648626485e-09
4.07530376919e-09	-3.88015974906e-09
4.07626668579e-09	4.04054967262e-09
4.07722960239e-09	1.32850139778e-08
4.07819251899e-09	2.23374048147e-08
4.07915543558e-09	2.94783966126e-08
4.08011835218e-09	3.32194893815e-08
4.08108126878e-09	3.27063887084e-08
4.08204418538e-09	2.79703922246e-08
4.08300710197e-09	1.99477874219e-08
4.08397001857e-09	1.0250886362e-08
4.08493293517e-09	7.55496554206e-10
4.08589585177e-09	-6.87361856322e-09
4.08685876836e-09	-1.15845288917e-08
4.08782168496e-09	-1.31504327427e-08
4.08878460156e-09	-1.21410570486e-08
4.08974751815e-09	-9.67941282681e-09
4.09071043475e-09	-7.06339164935e-09
4.09167335135e-09	-5.37243982635e-09
4.09263626795e-09	-5.17631981722e-09
4.09359918454e-09	-6.41661213052e-09
4.09456210114e-09	-8.47918535385e-09
4.09552501774e-09	-1.04225286179e-08
4.09648793434e-09	-1.128489302e-08
4.09745085093e-09	-1.03819077779e-08
4.09841376753e-09	-7.51413509192e-09
4.09937668413e-09	-3.03513947308e-09
4.10033960073e-09	2.22738627542e-09
4.10130251732e-09	7.17569959008e-09
4.10226543392e-09	1.07158912854e-08
4.10322835052e-09	1.20279617377e-08
4.10419126712e-09	1.07698916452e-08
4.10515418371e-09	7.17173698206e-09
4.10611710031e-09	1.99586569494e-09
4.10708001691e-09	-3.6259832914e-09
4.1080429335e-09	-8.4356557295e-09
4.1090058501e-09	-1.13149827285e-08
4.1099687667e-09	-1.15197487105e-08
4.1109316833e-09	-8.83614337255e-09
4.11189459989e-09	-3.62484886551e-09
4.11285751649e-09	3.25211857444e-09
4.11382043309e-09	1.05967439268e-08
4.11478334969e-09	1.71015273054e-08
4.11574626628e-09	2.15952322691e-08
4.11670918288e-09	2.32568009295e-08
4.11767209948e-09	2.17571436423e-08
4.11863501608e-09	1.73043179785e-08
4.11959793267e-09	1.05823669827e-08
4.12056084927e-09	2.59867816155e-09
4.12152376587e-09	-5.52323875525e-09
4.12248668247e-09	-1.27580230824e-08
4.12344959906e-09	-1.83524022646e-08
4.12441251566e-09	-2.19185665173e-08
4.12537543226e-09	-2.34286812173e-08
4.12633834885e-09	-2.31276473528e-08
4.12730126545e-09	-2.13970920981e-08
4.12826418205e-09	-1.86157045334e-08
4.12922709865e-09	-1.50645078634e-08
4.13019001524e-09	-1.08999742565e-08
4.13115293184e-09	-6.19512130484e-09
4.13211584844e-09	-1.02926289713e-09
4.13307876504e-09	4.41460556999e-09
4.13404168163e-09	9.79012515501e-09
4.13500459823e-09	1.45941179142e-08
4.13596751483e-09	1.82445489827e-08
4.13693043143e-09	2.02117806936e-08
4.13789334802e-09	2.01648369114e-08
4.13885626462e-09	1.80861619015e-08
4.13981918122e-09	1.43150833409e-08
4.14078209782e-09	9.50069711791e-09
4.14174501441e-09	4.47060433117e-09
4.14270793101e-09	4.80139122905e-11
4.14367084761e-09	-3.13634251903e-09
4.1446337642e-09	-4.78659911707e-09
4.1455966808e-09	-4.99830798972e-09
4.1465595974e-09	-4.21307433385e-09
4.147522514e-09	-3.08107783731e-09
4.14848543059e-09	-2.26759877542e-09
4.14944834719e-09	-2.2543038547e-09
4.15041126379e-09	-3.19055182274e-09
4.15137418039e-09	-4.84037876447e-09
4.15233709698e-09	-6.64451027532e-09
4.15330001358e-09	-7.88530929441e-09
4.15426293018e-09	-7.91123255794e-09
4.15522584678e-09	-6.35673913507e-09
4.15618876337e-09	-3.28782601144e-09
4.15715167997e-09	7.78773379118e-10
4.15811459657e-09	4.99316366032e-09
4.15907751317e-09	8.39861602486e-09
4.16004042976e-09	1.01996100454e-08
4.16100334636e-09	9.98545957032e-09
4.16196626296e-09	7.83944198446e-09
4.16292917955e-09	4.29875068875e-09
4.16389209615e-09	1.82736548116e-10
4.16485501275e-09	-3.65029007021e-09
4.16581792935e-09	-6.53372023152e-09
4.16678084594e-09	-8.13592393456e-09
4.16774376254e-09	-8.48147063692e-09
4.16870667914e-09	-7.85978482298e-09
4.16966959574e-09	-6.66972521657e-09
4.17063251233e-09	-5.26714227789e-09
4.17159542893e-09	-3.8732106411e-09
4.17255834553e-09	-2.56637910923e-09
4.17352126213e-09	-1.34020905485e-09
4.17448417872e-09	-1.87264204143e-10
4.17544709532e-09	8.36809399551e-10
4.17641001192e-09	1.60312807473e-09
4.17737292852e-09	1.95353999644e-09
4.17833584511e-09	1.77378611799e-09
4.17929876171e-09	1.06144337764e-09
4.18026167831e-09	-4.40066871832e-11
4.1812245949e-09	-1.28060628768e-09
4.1821875115e-09	-2.32104624409e-09
4.1831504281e-09	-2.84192736011e-09
4.1841133447e-09	-2.58494758931e-09
4.18507626129e-09	-1.39678169031e-09
4.18603917789e-09	7.5437422975e-10
4.18700209449e-09	3.77067355117e-09
4.18796501109e-09	7.4149024698e-09
4.18892792768e-09	1.1304172709e-08
4.18989084428e-09	1.49218379875e-08
4.19085376088e-09	1.76647301231e-08
4.19181667748e-09	1.89350011226e-08
4.19277959407e-09	1.8271322233e-08
4.19374251067e-09	1.5488250682e-08
4.19470542727e-09	1.07745377065e-08
4.19566834386e-09	4.70705119326e-09
4.19663126046e-09	-1.84344317589e-09
4.19759417706e-09	-7.90388643424e-09
4.19855709366e-09	-1.26381793919e-08
4.19952001025e-09	-1.55623318676e-08
4.20048292685e-09	-1.66636695553e-08
4.20144584345e-09	-1.63745692561e-08
4.20240876005e-09	-1.54005199704e-08
4.20337167664e-09	-1.44547733782e-08
4.20433459324e-09	-1.39854581249e-08
4.20529750984e-09	-1.39913414188e-08
4.20626042644e-09	-1.39980267377e-08
4.20722334303e-09	-1.32166899647e-08
4.20818625963e-09	-1.08415578737e-08
4.20914917623e-09	-6.39047526008e-09
4.21011209283e-09	2.50164333693e-11
4.21107500942e-09	7.59976614972e-09
4.21203792602e-09	1.49535033245e-08
4.21300084262e-09	2.04470111953e-08
4.21396375921e-09	2.261353238e-08
4.21492667581e-09	2.05849932655e-08
4.21588959241e-09	1.4390794334e-08
4.21685250901e-09	5.03980768229e-09
4.2178154256e-09	-5.64604540898e-09
4.2187783422e-09	-1.54084514037e-08
4.2197412588e-09	-2.20474234425e-08
4.2207041754e-09	-2.3920643244e-08
4.22166709199e-09	-2.03285903666e-08
4.22263000859e-09	-1.16916041293e-08
4.22359292519e-09	5.18195708565e-10
4.22455584179e-09	1.40753364519e-08
4.22551875838e-09	2.64607411538e-08
4.22648167498e-09	3.53762175109e-08
4.22744459158e-09	3.92010086614e-08
4.22840750818e-09	3.72887214439e-08
4.22937042477e-09	3.00431786115e-08
4.23033334137e-09	1.87717414946e-08
4.23129625797e-09	5.36356647984e-09
4.23225917456e-09	-8.12171307984e-09
4.23322209116e-09	-1.98479064295e-08
4.23418500776e-09	-2.84924244198e-08
4.23514792436e-09	-3.33841789768e-08
4.23611084095e-09	-3.44844757194e-08
4.23707375755e-09	-3.22486819471e-08
4.23803667415e-09	-2.74287135227e-08
4.23899959075e-09	-2.08806465452e-08
4.23996250734e-09	-1.34222988279e-08
4.24092542394e-09	-5.75659786506e-09
4.24188834054e-09	1.5468607506e-09
4.24285125714e-09	8.03440247665e-09
4.24381417373e-09	1.3342486227e-08
4.24477709033e-09	1.71853002939e-08
4.24574000693e-09	1.9359788439e-08
4.24670292353e-09	1.97649416833e-08
4.24766584012e-09	1.8430952764e-08
4.24862875672e-09	1.5543143661e-08
4.24959167332e-09	1.14482201496e-08
4.25055458991e-09	6.6386873776e-09
4.25151750651e-09	1.70820291245e-09
4.25248042311e-09	-2.7235935729e-09
4.25344333971e-09	-6.10563466452e-09
4.2544062563e-09	-8.05749156285e-09
4.2553691729e-09	-8.45636805025e-09
4.2563320895e-09	-7.47646033972e-09
4.2572950061e-09	-5.56328849655e-09
4.25825792269e-09	-3.33896088556e-09
4.25922083929e-09	-1.44774814359e-09
4.26018375589e-09	-3.81390974358e-10
4.26114667249e-09	-3.35530436768e-10
4.26210958908e-09	-1.13950848757e-09
4.26307250568e-09	-2.29299312871e-09
4.26403542228e-09	-3.11002734676e-09
4.26499833888e-09	-2.9345923469e-09
4.26596125547e-09	-1.37152822433e-09
4.26692417207e-09	1.5381367291e-09
4.26788708867e-09	5.26006838086e-09
4.26885000526e-09	8.85655637717e-09
4.26981292186e-09	1.12104192596e-08
4.27077583846e-09	1.13324256645e-08
4.27173875506e-09	8.66910632169e-09
4.27270167165e-09	3.31950955612e-09
4.27366458825e-09	-3.90875065648e-09
4.27462750485e-09	-1.16326761557e-08
4.27559042145e-09	-1.8194242557e-08
4.27655333804e-09	-2.20564224662e-08
4.27751625464e-09	-2.21894236319e-08
4.27847917124e-09	-1.83441866142e-08
4.27944208784e-09	-1.11380762391e-08
4.28040500443e-09	-1.92704119328e-09
4.28136792103e-09	7.50206208266e-09
4.28233083763e-09	1.53383759027e-08
4.28329375423e-09	2.01466896499e-08
4.28425667082e-09	2.11606092648e-08
4.28521958742e-09	1.84066006881e-08
4.28618250402e-09	1.26447909921e-08
4.28714542061e-09	5.15950082658e-09
4.28810833721e-09	-2.53350340707e-09
4.28907125381e-09	-8.98819685347e-09
4.29003417041e-09	-1.30795081432e-08
4.290997087e-09	-1.41659128872e-08
4.2919600036e-09	-1.21524017516e-08
4.2929229202e-09	-7.46732897738e-09
4.2938858368e-09	-9.69677227403e-10
4.29484875339e-09	6.1972014187e-09
4.29581166999e-09	1.2790696502e-08
4.29677458659e-09	1.76749068714e-08
4.29773750319e-09	2.00202965317e-08
4.29870041978e-09	1.94582803204e-08
4.29966333638e-09	1.61508300067e-08
4.30062625298e-09	1.07521280768e-08
4.30158916958e-09	4.25724477893e-09
4.30255208617e-09	-2.22873275391e-09
4.30351500277e-09	-7.73937447462e-09
4.30447791937e-09	-1.16461951194e-08
4.30544083596e-09	-1.37484947871e-08
4.30640375256e-09	-1.42353639987e-08
4.30736666916e-09	-1.35457831618e-08
4.30832958576e-09	-1.21805525666e-08
4.30929250235e-09	-1.05365121073e-08
4.31025541895e-09	-8.82089956633e-09
4.31121833555e-09	-7.06289737806e-09
4.31218125215e-09	-5.20236209667e-09
4.31314416874e-09	-3.20816395671e-09
4.31410708534e-09	-1.16784470983e-09
4.31507000194e-09	6.93398893858e-10
4.31603291854e-09	2.07085348869e-09
4.31699583513e-09	2.68813926674e-09
4.31795875173e-09	2.40870456913e-09
4.31892166833e-09	1.302053243e-09
4.31988458492e-09	-3.62311125546e-10
4.32084750152e-09	-2.18927964646e-09
4.32181041812e-09	-3.77167008736e-09
4.32277333472e-09	-4.79847406254e-09
4.32373625131e-09	-5.11733233566e-09
4.32469916791e-09	-4.73564476522e-09
4.32566208451e-09	-3.76850906036e-09
4.32662500111e-09	-2.35830088791e-09
4.3275879177e-09	-6.02360494817e-10
4.3285508343e-09	1.48195433702e-09
4.3295137509e-09	3.94519483748e-09
4.3304766675e-09	6.85476830853e-09
4.33143958409e-09	1.0223303093e-08
4.33240250069e-09	1.39414257916e-08
4.33336541729e-09	1.77358341347e-08
4.33432833389e-09	2.11631832059e-08
4.33529125048e-09	2.36483170823e-08
4.33625416708e-09	2.45653666298e-08
4.33721708368e-09	2.33522481352e-08
4.33818000027e-09	1.96469382985e-08
4.33914291687e-09	1.34161126653e-08
4.34010583347e-09	5.04233010901e-09
4.34106875007e-09	-4.65900074076e-09
4.34203166666e-09	-1.4520337821e-08
4.34299458326e-09	-2.32018688706e-08
4.34395749986e-09	-2.94373183607e-08
4.34492041646e-09	-3.22922879548e-08
4.34588333305e-09	-3.137122917e-08
4.34684624965e-09	-2.6915191853e-08
4.34780916625e-09	-1.97643235111e-08
4.34877208285e-09	-1.11925322344e-08
4.34973499944e-09	-2.65203436989e-09
4.35069791604e-09	4.50638815153e-09
4.35166083264e-09	9.27668786233e-09
4.35262374924e-09	1.11600861885e-08
4.35358666583e-09	1.02196464624e-08
4.35454958243e-09	7.03130353941e-09
4.35551249903e-09	2.5494213407e-09
4.35647541562e-09	-2.09161621356e-09
4.35743833222e-09	-5.80658809923e-09
4.35840124882e-09	-7.7790671682e-09
4.35936416542e-09	-7.63211360777e-09
4.36032708201e-09	-5.51159606843e-09
4.36128999861e-09	-2.05116723606e-09
4.36225291521e-09	1.7892349824e-09
4.36321583181e-09	4.98466867782e-09
4.3641787484e-09	6.74227873532e-09
4.365141665e-09	6.74785072263e-09
4.3661045816e-09	5.27879873147e-09
4.3670674982e-09	3.13511883121e-09
4.36803041479e-09	1.39435352153e-09
4.36899333139e-09	1.05816944096e-09
4.36995624799e-09	2.70205258168e-09
4.37091916459e-09	6.24747142908e-09
4.37188208118e-09	1.09393765158e-08
4.37284499778e-09	1.55406709723e-08
4.37380791438e-09	1.86866575547e-08
4.37477083097e-09	1.92864533233e-08
4.37573374757e-09	1.68409641788e-08
4.37669666417e-09	1.15820490976e-08
4.37765958077e-09	4.39836345123e-09
4.37862249736e-09	-3.41523787029e-09
4.37958541396e-09	-1.04923500999e-08
4.38054833056e-09	-1.57095545461e-08
4.38151124716e-09	-1.83967578948e-08
4.38247416375e-09	-1.84032025174e-08
4.38343708035e-09	-1.60354787226e-08
4.38439999695e-09	-1.19172920421e-08
4.38536291355e-09	-6.8294867539e-09
4.38632583014e-09	-1.5773053974e-09
4.38728874674e-09	3.09878922522e-09
4.38825166334e-09	6.57850041108e-09
4.38921457994e-09	8.40381808587e-09
4.39017749653e-09	8.3251698868e-09
4.39114041313e-09	6.34937524779e-09
4.39210332973e-09	2.76912426322e-09
4.39306624632e-09	-1.84974946471e-09
4.39402916292e-09	-6.74308786586e-09
4.39499207952e-09	-1.10829674327e-08
4.39595499612e-09	-1.41419143063e-08
4.39691791271e-09	-1.54427404198e-08
4.39788082931e-09	-1.48469876393e-08
4.39884374591e-09	-1.25536461226e-08
4.39980666251e-09	-9.01173624612e-09
4.4007695791e-09	-4.77711203928e-09
4.4017324957e-09	-3.64705932121e-10
4.4026954123e-09	3.85265552794e-09
4.4036583289e-09	7.66933627716e-09
4.40462124549e-09	1.0995067079e-08
4.40558416209e-09	1.37567974789e-08
4.40654707869e-09	1.58043942378e-08
4.40750999529e-09	1.68678795376e-08
4.40847291188e-09	1.65912261707e-08
4.40943582848e-09	1.46397578504e-08
4.41039874508e-09	1.08497575368e-08
4.41136166167e-09	5.3657784882e-09
4.41232457827e-09	-1.28427146695e-09
4.41328749487e-09	-8.20942513968e-09
4.41425041147e-09	-1.42835148154e-08
4.41521332806e-09	-1.83557453681e-08
4.41617624466e-09	-1.94949425492e-08
4.41713916126e-09	-1.72136331855e-08
4.41810207786e-09	-1.16156755325e-08
4.41906499445e-09	-3.42738637471e-09
4.42002791105e-09	6.09996941847e-09
4.42099082765e-09	1.54029251576e-08
4.42195374425e-09	2.28938041857e-08
4.42291666084e-09	2.72643418953e-08
4.42387957744e-09	2.77404286209e-08
4.42484249404e-09	2.42300668418e-08
4.42580541064e-09	1.73310610307e-08
4.42676832723e-09	8.19838863464e-09
4.42773124383e-09	-1.6998007446e-09
4.42869416043e-09	-1.08803934751e-08
4.42965707702e-09	-1.81267019173e-08
4.43061999362e-09	-2.26891554433e-08
4.43158291022e-09	-2.43667148681e-08
4.43254582682e-09	-2.34615953332e-08
4.43350874341e-09	-2.06304715533e-08
4.43447166001e-09	-1.66798255208e-08
4.43543457661e-09	-1.23617702741e-08
4.43639749321e-09	-8.21954326824e-09
4.4373604098e-09	-4.51359927212e-09
4.4383233264e-09	-1.23539178887e-09
4.439286243e-09	1.80585879583e-09
4.4402491596e-09	4.85141971041e-09
4.44121207619e-09	8.05479949406e-09
4.44217499279e-09	1.13742189001e-08
4.44313790939e-09	1.45230067972e-08
4.44410082598e-09	1.6995498342e-08
4.44506374258e-09	1.8167844118e-08
4.44602665918e-09	1.74537859721e-08
4.44698957578e-09	1.44803564694e-08
4.44795249237e-09	9.23996346103e-09
4.44891540897e-09	2.17318452123e-09
4.44987832557e-09	-5.84965942352e-09
4.45084124217e-09	-1.36538602646e-08
4.45180415876e-09	-1.99741059248e-08
4.45276707536e-09	-2.37100401534e-08
4.45372999196e-09	-2.416355116e-08
4.45469290856e-09	-2.12010409228e-08
4.45565582515e-09	-1.52954484633e-08
4.45661874175e-09	-7.43438910433e-09
4.45758165835e-09	1.08467479443e-09
4.45854457495e-09	8.92477824976e-09
4.45950749154e-09	1.49815946315e-08
4.46047040814e-09	1.85895654425e-08
4.46143332474e-09	1.96101144212e-08
4.46239624133e-09	1.83851369684e-08
4.46335915793e-09	1.55750186082e-08
4.46432207453e-09	1.1932136168e-08
4.46528499113e-09	8.08451794398e-09
4.46624790772e-09	4.39670433394e-09
4.46721082432e-09	9.48163547676e-10
4.46817374092e-09	-2.3664707971e-09
4.46913665752e-09	-5.66352698073e-09
4.47009957411e-09	-8.89823503769e-09
4.47106249071e-09	-1.17664544774e-08
4.47202540731e-09	-1.37293465485e-08
4.47298832391e-09	-1.41619027616e-08
4.4739512405e-09	-1.25738592871e-08
4.4749141571e-09	-8.82155415383e-09
4.4758770737e-09	-3.22808668685e-09
4.4768399903e-09	3.43862227581e-09
4.47780290689e-09	1.01241495187e-08
4.47876582349e-09	1.57329651529e-08
4.47972874009e-09	1.93818525673e-08
4.48069165668e-09	2.05760937178e-08
4.48165457328e-09	1.92625559947e-08
4.48261748988e-09	1.57654262978e-08
4.48358040648e-09	1.06463442506e-08
4.48454332307e-09	4.54982140852e-09
4.48550623967e-09	-1.91018911799e-09
4.48646915627e-09	-8.1951716524e-09
4.48743207287e-09	-1.38312508113e-08
4.48839498946e-09	-1.83828543499e-08
4.48935790606e-09	-2.14516138186e-08
4.49032082266e-09	-2.27214407289e-08
4.49128373926e-09	-2.20415188323e-08
4.49224665585e-09	-1.95121270252e-08
4.49320957245e-09	-1.5525332131e-08
4.49417248905e-09	-1.07255031523e-08
4.49513540565e-09	-5.88415005609e-09
4.49609832224e-09	-1.71920300218e-09
4.49706123884e-09	1.28269994626e-09
4.49802415544e-09	2.98197200266e-09
4.49898707203e-09	3.5989968783e-09
4.49994998863e-09	3.61801499871e-09
4.50091290523e-09	3.61555030359e-09
4.50187582183e-09	4.06820577226e-09
4.50283873842e-09	5.20491116873e-09
4.50380165502e-09	6.95197099887e-09
4.50476457162e-09	8.97926355492e-09
4.50572748822e-09	1.08260760356e-08
4.50669040481e-09	1.2060076493e-08
4.50765332141e-09	1.24114647448e-08
4.50861623801e-09	1.18416663142e-08
4.50957915461e-09	1.05308322063e-08
4.5105420712e-09	8.79742767523e-09
4.5115049878e-09	6.98502811147e-09
4.5124679044e-09	5.35913491362e-09
4.513430821e-09	4.04829059164e-09
4.51439373759e-09	3.04148484176e-09
4.51535665419e-09	2.23620388873e-09
4.51631957079e-09	1.50939638566e-09
4.51728248738e-09	7.77809983088e-10
4.51824540398e-09	2.63364885456e-11
4.51920832058e-09	-7.07805258848e-10
4.52017123718e-09	-1.3834554613e-09
4.52113415377e-09	-2.00697836128e-09
4.52209707037e-09	-2.65986921377e-09
4.52305998697e-09	-3.48277473528e-09
4.52402290357e-09	-4.61597338131e-09
4.52498582016e-09	-6.11656059135e-09
4.52594873676e-09	-7.88740361912e-09
4.52691165336e-09	-9.65692681376e-09
4.52787456996e-09	-1.10255964358e-08
4.52883748655e-09	-1.15712781579e-08
4.52980040315e-09	-1.09835243123e-08
4.53076331975e-09	-9.1757144105e-09
4.53172623635e-09	-6.3332250555e-09
4.53268915294e-09	-2.8833355703e-09
4.53365206954e-09	6.04267968995e-10
4.53461498614e-09	3.55343576786e-09
4.53557790273e-09	5.50632828222e-09
4.53654081933e-09	6.19951467939e-09
4.53750373593e-09	5.58134249928e-09
4.53846665253e-09	3.78443809623e-09
4.53942956912e-09	1.07686892736e-09
4.54039248572e-09	-2.18379625494e-09
4.54135540232e-09	-5.57635893017e-09
4.54231831892e-09	-8.63043680965e-09
4.54328123551e-09	-1.08523261488e-08
4.54424415211e-09	-1.17756284723e-08
4.54520706871e-09	-1.10392655017e-08
4.54616998531e-09	-8.48086223471e-09
4.5471329019e-09	-4.21793533434e-09
4.5480958185e-09	1.31746857868e-09
4.5490587351e-09	7.41253858294e-09
4.55002165169e-09	1.31776332069e-08
4.55098456829e-09	1.77027672521e-08
4.55194748489e-09	2.02349088596e-08
4.55291040149e-09	2.03401260279e-08
4.55387331808e-09	1.80143935324e-08
4.55483623468e-09	1.37160363067e-08
4.55579915128e-09	8.30473378954e-09
4.55676206788e-09	2.8892106485e-09
4.55772498447e-09	-1.39573241853e-09
4.55868790107e-09	-3.64379082463e-09
4.55965081767e-09	-3.40612804628e-09
4.56061373427e-09	-8.33406010869e-10
4.56157665086e-09	3.32117089386e-09
4.56253956746e-09	7.85504461476e-09
4.56350248406e-09	1.13987574935e-08
4.56446540066e-09	1.27640387149e-08
4.56542831725e-09	1.12611457936e-08
4.56639123385e-09	6.89191193004e-09
4.56735415045e-09	3.61069396604e-10
4.56831706704e-09	-7.10220282585e-09
4.56927998364e-09	-1.40618947597e-08
4.57024290024e-09	-1.92395575027e-08
4.57120581684e-09	-2.18251230422e-08
4.57216873343e-09	-2.16526796493e-08
4.57313165003e-09	-1.92011118116e-08
4.57409456663e-09	-1.54329136137e-08
4.57505748323e-09	-1.15226512776e-08
4.57602039982e-09	-8.54716830645e-09
4.57698331642e-09	-7.21493309541e-09
4.57794623302e-09	-7.69456942606e-09
4.57890914962e-09	-9.57362278342e-09
4.57987206621e-09	-1.19543415167e-08
4.58083498281e-09	-1.36721887145e-08
4.58179789941e-09	-1.35926834233e-08
4.58276081601e-09	-1.0918415505e-08
4.5837237326e-09	-5.43480371817e-09
4.5846866492e-09	2.37274466741e-09
4.5856495658e-09	1.1375876241e-08
4.58661248239e-09	2.00361895963e-08
4.58757539899e-09	2.67638711193e-08
4.58853831559e-09	3.0312119037e-08
4.58950123219e-09	3.00976346068e-08
4.59046414878e-09	2.63491042318e-08
4.59142706538e-09	2.00385450455e-08
4.59238998198e-09	1.26152768232e-08
4.59335289858e-09	5.62184876429e-09
4.59431581517e-09	3.04523850581e-10
4.59527873177e-09	-2.67001976084e-09
4.59624164837e-09	-3.31627170169e-09
4.59720456497e-09	-2.23822249623e-09
4.59816748156e-09	-3.90106280612e-10
4.59913039816e-09	1.2272672878e-09
4.60009331476e-09	1.8407292357e-09
4.60105623136e-09	1.07961262152e-09
4.60201914795e-09	-9.80495573621e-10
4.60298206455e-09	-3.89688370461e-09
4.60394498115e-09	-7.01824331983e-09
4.60490789774e-09	-9.66734425845e-09
4.60587081434e-09	-1.12977938116e-08
4.60683373094e-09	-1.15966933834e-08
4.60779664754e-09	-1.0522472671e-08
4.60875956413e-09	-8.28379675966e-09
4.60972248073e-09	-5.28193577765e-09
4.61068539733e-09	-2.03226391271e-09
4.61164831393e-09	9.22147580518e-10
4.61261123052e-09	3.09472647508e-09
4.61357414712e-09	4.13653777898e-09
4.61453706372e-09	3.90913035275e-09
4.61549998032e-09	2.53191267952e-09
4.61646289691e-09	3.85174614426e-10
4.61742581351e-09	-1.94576377233e-09
4.61838873011e-09	-3.79248099591e-09
4.61935164671e-09	-4.57486315497e-09
4.6203145633e-09	-3.97854993395e-09
4.6212774799e-09	-2.08340433794e-09
4.6222403965e-09	6.12386474863e-10
4.62320331309e-09	3.3007159228e-09
4.62416622969e-09	5.08561814883e-09
4.62512914629e-09	5.25750198932e-09
4.62609206289e-09	3.53016771371e-09
4.62705497948e-09	1.56769666693e-10
4.62801789608e-09	-4.12304856923e-09
4.62898081268e-09	-8.29431900939e-09
4.62994372928e-09	-1.13658638057e-08
4.63090664587e-09	-1.26547261559e-08
4.63186956247e-09	-1.19624035122e-08
4.63283247907e-09	-9.58741974699e-09
4.63379539567e-09	-6.17801365621e-09
4.63475831226e-09	-2.49338993896e-09
4.63572122886e-09	8.37453106861e-10
4.63668414546e-09	3.48266904204e-09
4.63764706206e-09	5.45041167754e-09
4.63860997865e-09	7.00944235987e-09
4.63957289525e-09	8.5363174307e-09
4.64053581185e-09	1.03486170744e-08
4.64149872844e-09	1.25759225256e-08
4.64246164504e-09	1.51001717796e-08
4.64342456164e-09	1.75671406311e-08
4.64438747824e-09	1.9454221345e-08
4.64535039483e-09	2.01732639482e-08
4.64631331143e-09	1.91903488655e-08
4.64727622803e-09	1.61481903405e-08
4.64823914463e-09	1.0977215581e-08
4.64920206122e-09	3.9754981529e-09
4.65016497782e-09	-4.17184464752e-09
4.65112789442e-09	-1.24539587532e-08
4.65209081102e-09	-1.96832985466e-08
4.65305372761e-09	-2.47190055092e-08
4.65401664421e-09	-2.67164583789e-08
4.65497956081e-09	-2.53369787373e-08
4.65594247741e-09	-2.08562216386e-08
4.656905394e-09	-1.41315084079e-08
4.6578683106e-09	-6.4233258712e-09
4.6588312272e-09	8.88288553824e-10
4.65979414379e-09	6.61195498353e-09
4.66075706039e-09	9.99589655493e-09
4.66171997699e-09	1.08572129065e-08
4.66268289359e-09	9.5578398529e-09
4.66364581018e-09	6.84640522053e-09
4.66460872678e-09	3.62252161601e-09
4.66557164338e-09	6.97152002793e-10
4.66653455998e-09	-1.38284905749e-09
4.66749747657e-09	-2.40687780817e-09
4.66846039317e-09	-2.46606135512e-09
4.66942330977e-09	-1.84564641348e-09
4.67038622637e-09	-8.95316043525e-10
4.67134914296e-09	7.89670551171e-11
4.67231205956e-09	8.72479088976e-10
4.67327497616e-09	1.38358857704e-09
4.67423789275e-09	1.58068391709e-09
4.67520080935e-09	1.46396128553e-09
4.67616372595e-09	1.0427103625e-09
4.67712664255e-09	3.37418870622e-10
4.67808955914e-09	-6.0082006037e-10
4.67905247574e-09	-1.67560965103e-09
4.68001539234e-09	-2.74965916702e-09
4.68097830894e-09	-3.67451913341e-09
4.68194122553e-09	-4.33646230036e-09
4.68290414213e-09	-4.69364325184e-09
4.68386705873e-09	-4.78877826282e-09
4.68482997533e-09	-4.7253396751e-09
4.68579289192e-09	-4.60964644233e-09
4.68675580852e-09	-4.48516424001e-09
4.68771872512e-09	-4.28512425543e-09
4.68868164172e-09	-3.82678777555e-09
4.68964455831e-09	-2.85808066103e-09
4.69060747491e-09	-1.14103548832e-09
4.69157039151e-09	1.45574674537e-09
4.6925333081e-09	4.88259166431e-09
4.6934962247e-09	8.88033024893e-09
4.6944591413e-09	1.30095534345e-08
4.6954220579e-09	1.67268012774e-08
4.69638497449e-09	1.94887981309e-08
4.69734789109e-09	2.08564365778e-08
4.69831080769e-09	2.05722834323e-08
4.69927372429e-09	1.85998256796e-08
4.70023664088e-09	1.51199994747e-08
4.70119955748e-09	1.04896136222e-08
4.70216247408e-09	5.17758458329e-09
4.70312539068e-09	-3.07776415465e-10
4.70408830727e-09	-5.48649481402e-09
4.70505122387e-09	-9.95845628182e-09
4.70601414047e-09	-1.34347182268e-08
4.70697705707e-09	-1.57481920837e-08
4.70793997366e-09	-1.68504179499e-08
4.70890289026e-09	-1.68014722135e-08
4.70986580686e-09	-1.5758388372e-08
4.71082872345e-09	-1.39652085451e-08
4.71179164005e-09	-1.17416441014e-08
4.71275455665e-09	-9.46124245615e-09
4.71371747325e-09	-7.51182138714e-09
4.71468038984e-09	-6.23562357305e-09
4.71564330644e-09	-5.85389603458e-09
4.71660622304e-09	-6.39672670388e-09
4.71756913964e-09	-7.6637416413e-09
4.71853205623e-09	-9.231749587e-09
4.71949497283e-09	-1.0521591598e-08
4.72045788943e-09	-1.09184181696e-08
4.72142080603e-09	-9.91343096501e-09
4.72238372262e-09	-7.23219351073e-09
4.72334663922e-09	-2.91707991096e-09
4.72430955582e-09	2.66148614259e-09
4.72527247242e-09	8.86781226228e-09
4.72623538901e-09	1.49205678923e-08
4.72719830561e-09	2.00399021821e-08
4.72816122221e-09	2.3585318587e-08
4.7291241388e-09	2.51569804988e-08
4.7300870554e-09	2.46468498943e-08
4.731049972e-09	2.22322000809e-08
4.7320128886e-09	1.83201755988e-08
4.73297580519e-09	1.34625874892e-08
4.73393872179e-09	8.25838775143e-09
4.73490163839e-09	3.26114379945e-09
4.73586455499e-09	-1.09259523651e-09
4.73682747158e-09	-4.52259607542e-09
4.73779038818e-09	-6.90979407025e-09
4.73875330478e-09	-8.27293078487e-09
4.73971622138e-09	-8.7260012549e-09
4.74067913797e-09	-8.43000602657e-09
4.74164205457e-09	-7.55435181077e-09
4.74260497117e-09	-6.25429930068e-09
4.74356788777e-09	-4.66577265712e-09
4.74453080436e-09	-2.91607915592e-09
4.74549372096e-09	-1.13740794561e-09
4.74645663756e-09	5.27944132855e-10
4.74741955415e-09	1.93224702905e-09
4.74838247075e-09	2.94051649696e-09
4.74934538735e-09	3.4579459296e-09
4.75030830395e-09	3.44895934035e-09
4.75127122054e-09	2.93805224594e-09
4.75223413714e-09	1.99050131933e-09
4.75319705374e-09	6.7294303463e-10
4.75415997034e-09	-9.89361259585e-10
4.75512288693e-09	-3.03408409508e-09
4.75608580353e-09	-5.54541257358e-09
4.75704872013e-09	-8.59324611469e-09
4.75801163673e-09	-1.21410179688e-08
4.75897455332e-09	-1.5955025745e-08
4.75993746992e-09	-1.95579819007e-08
4.76090038652e-09	-2.22653362414e-08
4.76186330312e-09	-2.33146852935e-08
4.76282621971e-09	-2.20642846216e-08
4.76378913631e-09	-1.82060571063e-08
4.76475205291e-09	-1.19200498361e-08
4.7657149695e-09	-3.90872623157e-09
4.7666778861e-09	4.71706140814e-09
4.7676408027e-09	1.26821797508e-08
4.7686037193e-09	1.88535622669e-08
4.76956663589e-09	2.25127916309e-08
4.77052955249e-09	2.35107631141e-08
4.77149246909e-09	2.22551008733e-08
4.77245538569e-09	1.95360385646e-08
4.77341830228e-09	1.62545141791e-08
4.77438121888e-09	1.31469519715e-08
4.77534413548e-09	1.06005764167e-08
4.77630705208e-09	8.61770121929e-09
4.77726996867e-09	6.92842005989e-09
4.77823288527e-09	5.19888487815e-09
4.77919580187e-09	3.24625104575e-09
4.78015871847e-09	1.16992038279e-09
4.78112163506e-09	-6.51668718987e-10
4.78208455166e-09	-1.69907887759e-09
4.78304746826e-09	-1.53095969235e-09
4.78401038485e-09	3.02408098563e-12
4.78497330145e-09	2.638629093e-09
4.78593621805e-09	5.71386138404e-09
4.78689913465e-09	8.32343260981e-09
4.78786205124e-09	9.56040580036e-09
4.78882496784e-09	8.76789840731e-09
4.78978788444e-09	5.72127500931e-09
4.79075080104e-09	6.86378842651e-10
4.79171371763e-09	-5.6534856796e-09
4.79267663423e-09	-1.23671757279e-08
4.79363955083e-09	-1.848806086e-08
4.79460246743e-09	-2.32076562412e-08
4.79556538402e-09	-2.60037378297e-08
4.79652830062e-09	-2.66857451692e-08
4.79749121722e-09	-2.53655887406e-08
4.79845413381e-09	-2.23783125364e-08
4.79941705041e-09	-1.81817689793e-08
4.80037996701e-09	-1.32635369354e-08
4.80134288361e-09	-8.07170685846e-09
4.8023058002e-09	-2.97446511865e-09
4.8032687168e-09	1.75275560732e-09
4.8042316334e-09	5.91795412674e-09
4.80519455e-09	9.38908950587e-09
4.80615746659e-09	1.20686181049e-08
4.80712038319e-09	1.38754749912e-08
4.80808329979e-09	1.47412961837e-08
4.80904621639e-09	1.46269245604e-08
4.81000913298e-09	1.3555068179e-08
4.81097204958e-09	1.16435661113e-08
4.81193496618e-09	9.12394160224e-09
4.81289788278e-09	6.33221564073e-09
4.81386079937e-09	3.66488661641e-09
4.81482371597e-09	1.50654511089e-09
4.81578663257e-09	1.47214573865e-10
4.81674954916e-09	-2.83204126816e-10
4.81771246576e-09	1.5892431815e-10
4.81867538236e-09	1.24989718575e-09
4.81963829896e-09	2.65838906444e-09
4.82060121555e-09	4.02640143449e-09
4.82156413215e-09	5.0436348431e-09
4.82252704875e-09	5.49632295233e-09
4.82348996535e-09	5.28284260781e-09
4.82445288194e-09	4.40262093448e-09
4.82541579854e-09	2.93424951003e-09
4.82637871514e-09	1.02011132874e-09
4.82734163174e-09	-1.13655784784e-09
4.82830454833e-09	-3.272237592e-09
4.82926746493e-09	-5.07470776512e-09
4.83023038153e-09	-6.22014706408e-09
4.83119329813e-09	-6.44373887582e-09
4.83215621472e-09	-5.62757529465e-09
4.83311913132e-09	-3.87431109417e-09
4.83408204792e-09	-1.53347889942e-09
4.83504496451e-09	8.47627856793e-10
4.83600788111e-09	2.64988386789e-09
4.83697079771e-09	3.35322081213e-09
4.83793371431e-09	2.70164823846e-09
4.8388966309e-09	8.04666000498e-10
4.8398595475e-09	-1.86766158095e-09
4.8408224641e-09	-4.60388704937e-09
4.8417853807e-09	-6.65466259875e-09
4.84274829729e-09	-7.4577757303e-09
4.84371121389e-09	-6.8098962025e-09
4.84467413049e-09	-4.92839502542e-09
4.84563704709e-09	-2.38287478638e-09
4.84659996368e-09	8.14032175001e-11
4.84756288028e-09	1.7712563638e-09
4.84852579688e-09	2.25056862035e-09
4.84948871348e-09	1.45452294653e-09
4.85045163007e-09	-3.16038722969e-10
4.85141454667e-09	-2.50887222109e-09
4.85237746327e-09	-4.50213910597e-09
4.85334037986e-09	-5.78876635515e-09
4.85430329646e-09	-6.10434947035e-09
4.85526621306e-09	-5.46681544478e-09
4.85622912966e-09	-4.12556655505e-09
4.85719204625e-09	-2.4476300986e-09
4.85815496285e-09	-7.90266518891e-10
4.85911787945e-09	5.96634464056e-10
4.86008079605e-09	1.61545776756e-09
4.86104371264e-09	2.30818786306e-09
4.86200662924e-09	2.80392420393e-09
4.86296954584e-09	3.25741433826e-09
4.86393246244e-09	3.80138986955e-09
4.86489537903e-09	4.52259163453e-09
4.86585829563e-09	5.45715295175e-09
4.86682121223e-09	6.58971543999e-09
4.86778412883e-09	7.8440622886e-09
4.86874704542e-09	9.065961315e-09
4.86970996202e-09	1.00115054025e-08
4.87067287862e-09	1.03629043124e-08
4.87163579521e-09	9.79035696957e-09
4.87259871181e-09	8.05662647707e-09
4.87356162841e-09	5.13759124132e-09
4.87452454501e-09	1.31446553642e-09
4.8754874616e-09	-2.81188872187e-09
4.8764503782e-09	-6.4147238632e-09
4.8774132948e-09	-8.63598170753e-09
4.8783762114e-09	-8.83519302164e-09
4.87933912799e-09	-6.8157608446e-09
4.88030204459e-09	-2.94648838661e-09
4.88126496119e-09	1.87502902094e-09
4.88222787779e-09	6.42330277856e-09
4.88319079438e-09	9.46158884574e-09
4.88415371098e-09	1.00805390701e-08
4.88511662758e-09	7.95369103912e-09
4.88607954418e-09	3.43154216154e-09
4.88704246077e-09	-2.55347609723e-09
4.88800537737e-09	-8.73897043618e-09
4.88896829397e-09	-1.38640601222e-08
4.88993121056e-09	-1.69785216997e-08
4.89089412716e-09	-1.76429679755e-08
4.89185704376e-09	-1.59799284916e-08
4.89281996036e-09	-1.25772778858e-08
4.89378287695e-09	-8.29066149066e-09
4.89474579355e-09	-4.01440702902e-09
4.89570871015e-09	-4.83485584901e-10
4.89667162675e-09	1.84994364272e-09
4.89763454334e-09	2.85367218744e-09
4.89859745994e-09	2.67970512446e-09
4.89956037654e-09	1.67988201127e-09
4.90052329314e-09	3.01258629154e-10
4.90148620973e-09	-1.01272723541e-09
4.90244912633e-09	-1.90187154914e-09
4.90341204293e-09	-2.14348228056e-09
4.90437495952e-09	-1.67627511871e-09
4.90533787612e-09	-5.93718463282e-10
4.90630079272e-09	8.92452611811e-10
4.90726370932e-09	2.51059550926e-09
4.90822662591e-09	3.9965128984e-09
4.90918954251e-09	5.15673637125e-09
4.91015245911e-09	5.91218540791e-09
4.91111537571e-09	6.31007646135e-09
4.9120782923e-09	6.49874287717e-09
4.9130412089e-09	6.67361854667e-09
4.9140041255e-09	7.01021818372e-09
4.9149670421e-09	7.59989315924e-09
4.91592995869e-09	8.40671532387e-09
4.91689287529e-09	9.26113497002e-09
4.91785579189e-09	9.8928323311e-09
4.91881870849e-09	9.99695970449e-09
4.91978162508e-09	9.32091825945e-09
4.92074454168e-09	7.7498665263e-09
4.92170745828e-09	5.36830180309e-09
4.92267037487e-09	2.4760984374e-09
4.92363329147e-09	-4.52381049287e-10
4.92459620807e-09	-2.86399548521e-09
4.92555912467e-09	-4.2619996421e-09
4.92652204126e-09	-4.35085700801e-09
4.92748495786e-09	-3.14975912019e-09
4.92844787446e-09	-1.03753217129e-09
4.92941079106e-09	1.29393074033e-09
4.93037370765e-09	2.98225888429e-09
4.93133662425e-09	3.2046991727e-09
4.93229954085e-09	1.40186950937e-09
4.93326245745e-09	-2.54644128006e-09
4.93422537404e-09	-8.24975288083e-09
4.93518829064e-09	-1.48680809886e-08
4.93615120724e-09	-2.12947668388e-08
4.93711412384e-09	-2.64117492321e-08
4.93807704043e-09	-2.93430169052e-08
4.93903995703e-09	-2.96327797855e-08
4.94000287363e-09	-2.73010041241e-08
4.94096579022e-09	-2.27707097622e-08
4.94192870682e-09	-1.67040195009e-08
4.94289162342e-09	-9.81140235723e-09
4.94385454002e-09	-2.70258437851e-09
4.94481745661e-09	4.17794421281e-09
4.94578037321e-09	1.05275663742e-08
4.94674328981e-09	1.61048632208e-08
4.94770620641e-09	2.06450252449e-08
4.948669123e-09	2.38239827866e-08
4.9496320396e-09	2.52992951033e-08
4.9505949562e-09	2.48180036522e-08
4.9515578728e-09	2.23505516317e-08
4.95252078939e-09	1.81932833243e-08
4.95348370599e-09	1.29890267431e-08
4.95444662259e-09	7.64188001767e-09
4.95540953919e-09	3.13572434685e-09
4.95637245578e-09	3.03611441543e-10
4.95733537238e-09	-3.85557086258e-10
4.95829828898e-09	1.0370388992e-09
4.95926120557e-09	4.02674071864e-09
4.96022412217e-09	7.64777041695e-09
4.96118703877e-09	1.0800635053e-08
4.96214995537e-09	1.24949597335e-08
4.96311287196e-09	1.20967307282e-08
4.96407578856e-09	9.48367873121e-09
4.96503870516e-09	5.06497643826e-09
4.96600162176e-09	-3.41881190025e-10
4.96696453835e-09	-5.73841640872e-09
4.96792745495e-09	-1.02090043086e-08
4.96889037155e-09	-1.31489645838e-08
4.96985328815e-09	-1.43918619244e-08
4.97081620474e-09	-1.42010625481e-08
4.97177912134e-09	-1.31370736511e-08
4.97274203794e-09	-1.18498153512e-08
4.97370495454e-09	-1.08657882691e-08
4.97466787113e-09	-1.04393880207e-08
4.97563078773e-09	-1.05117239357e-08
4.97659370433e-09	-1.07809592365e-08
4.97755662092e-09	-1.0850992993e-08
4.97851953752e-09	-1.03970450027e-08
4.97948245412e-09	-9.28648091758e-09
4.98044537072e-09	-7.61716645314e-09
4.98140828731e-09	-5.66426550108e-09
4.98237120391e-09	-3.7632847949e-09
4.98333412051e-09	-2.18196616331e-09
4.98429703711e-09	-1.02878627839e-09
4.9852599537e-09	-2.27077023851e-10
4.9862228703e-09	4.40410374836e-10
4.9871857869e-09	1.23953225462e-09
4.9881487035e-09	2.38396902219e-09
4.98911162009e-09	3.96324040253e-09
4.99007453669e-09	5.91907323155e-09
4.99103745329e-09	8.06623567939e-09
4.99200036989e-09	1.01419104226e-08
4.99296328648e-09	1.18609149169e-08
4.99392620308e-09	1.29574520003e-08
4.99488911968e-09	1.32099531314e-08
4.99585203627e-09	1.24589263351e-08
4.99681495287e-09	1.06310560355e-08
4.99777786947e-09	7.7772606133e-09
4.99874078607e-09	4.11752498763e-09
4.99970370266e-09	7.17341741563e-11
5.00066661926e-09	-3.75092179539e-09
5.00162953586e-09	-6.62683996566e-09
5.00259245246e-09	-7.85917375623e-09
5.00355536905e-09	-6.9557892779e-09
5.00451828565e-09	-3.79578146692e-09
5.00548120225e-09	1.26764987396e-09
5.00644411885e-09	7.41423278328e-09
5.00740703544e-09	1.34889930337e-08
5.00836995204e-09	1.82327521969e-08
5.00933286864e-09	2.05543795317e-08
5.01029578524e-09	1.97762464182e-08
5.01125870183e-09	1.57890109875e-08
5.01222161843e-09	9.07827768515e-09
5.01318453503e-09	6.22626061819e-10
5.01414745162e-09	-8.30127966367e-09
5.01511036822e-09	-1.63580065049e-08
5.01607328482e-09	-2.23893703577e-08
5.01703620142e-09	-2.56010199706e-08
5.01799911801e-09	-2.56764849382e-08
5.01896203461e-09	-2.28146390668e-08
5.01992495121e-09	-1.76882473113e-08
5.02088786781e-09	-1.13265929969e-08
5.0218507844e-09	-4.93511542743e-09
5.022813701e-09	3.26027205233e-10
5.0237766176e-09	3.56749962904e-09
5.0247395342e-09	4.35438796131e-09
5.02570245079e-09	2.80022760535e-09
5.02666536739e-09	-4.64218996576e-10
5.02762828399e-09	-4.44863612614e-09
5.02859120058e-09	-8.0500441868e-09
5.02955411718e-09	-1.03222905778e-08
5.03051703378e-09	-1.06898836449e-08
5.03147995038e-09	-9.04296548754e-09
5.03244286697e-09	-5.69480107515e-09
5.03340578357e-09	-1.22901244737e-09
5.03436870017e-09	3.70265418326e-09
5.03533161677e-09	8.5532576577e-09
5.03629453336e-09	1.29656072545e-08
5.03725744996e-09	1.67506026827e-08
5.03822036656e-09	1.97864729046e-08
5.03918328316e-09	2.19006253133e-08
5.04014619975e-09	2.27968879329e-08
5.04110911635e-09	2.20770779435e-08
5.04207203295e-09	1.93624778433e-08
5.04303494955e-09	1.4470677101e-08
5.04399786614e-09	7.58385265698e-09
5.04496078274e-09	-6.60118848472e-10
5.04592369934e-09	-9.20388920633e-09
5.04688661593e-09	-1.67398681583e-08
5.04784953253e-09	-2.1973507458e-08
5.04881244913e-09	-2.39138753244e-08
5.04977536573e-09	-2.21138822809e-08
5.05073828232e-09	-1.67979230525e-08
5.05170119892e-09	-8.84594708594e-09
5.05266411552e-09	3.64433372368e-10
5.05362703212e-09	9.22013576599e-09
5.05458994871e-09	1.61804560861e-08
5.05555286531e-09	2.00689314056e-08
5.05651578191e-09	2.02923011727e-08
5.05747869851e-09	1.69451386256e-08
5.0584416151e-09	1.07818625139e-08
5.0594045317e-09	3.05844238824e-09
5.0603674483e-09	-4.7279864468e-09
5.0613303649e-09	-1.11463069885e-08
5.06229328149e-09	-1.51232519841e-08
5.06325619809e-09	-1.61565107959e-08
5.06421911469e-09	-1.43932430419e-08
5.06518203128e-09	-1.05535313821e-08
5.06614494788e-09	-5.72085623318e-09
5.06710786448e-09	-1.05555386654e-09
5.06807078108e-09	2.48896947497e-09
5.06903369767e-09	4.36770619672e-09
5.06999661427e-09	4.51378268096e-09
5.07095953087e-09	3.26860227773e-09
5.07192244747e-09	1.21118115537e-09
5.07288536406e-09	-1.04507036358e-09
5.07384828066e-09	-3.0220408398e-09
5.07481119726e-09	-4.46318892955e-09
5.07577411386e-09	-5.32497912431e-09
5.07673703045e-09	-5.70223024354e-09
5.07769994705e-09	-5.73175551466e-09
5.07866286365e-09	-5.51638867918e-09
5.07962578025e-09	-5.09404474158e-09
5.08058869684e-09	-4.45170655894e-09
5.08155161344e-09	-3.56490104103e-09
5.08251453004e-09	-2.4343611571e-09
5.08347744663e-09	-1.10148634658e-09
5.08444036323e-09	3.58924889809e-10
5.08540327983e-09	1.86086324128e-09
5.08636619643e-09	3.32814131809e-09
5.08732911302e-09	4.70106709116e-09
5.08829202962e-09	5.93035753838e-09
5.08925494622e-09	6.96770596775e-09
5.09021786282e-09	7.76076092279e-09
5.09118077941e-09	8.26038437651e-09
5.09214369601e-09	8.44000869193e-09
5.09310661261e-09	8.31632629428e-09
5.09406952921e-09	7.96155408267e-09
5.0950324458e-09	7.49946060807e-09
5.0959953624e-09	7.08399383598e-09
5.096958279e-09	6.86706336239e-09
5.0979211956e-09	6.96291069247e-09
5.09888411219e-09	7.41553529693e-09
5.09984702879e-09	8.17094569783e-09
5.10080994539e-09	9.05343711111e-09
5.10177286198e-09	9.75354907951e-09
5.10273577858e-09	9.84139258975e-09
5.10369869518e-09	8.81703421385e-09
5.10466161178e-09	6.20666273932e-09
5.10562452837e-09	1.70026104307e-09
5.10658744497e-09	-4.69789185331e-09
5.10755036157e-09	-1.25527446215e-08
5.10851327817e-09	-2.09672030849e-08
5.10947619476e-09	-2.86746981715e-08
5.11043911136e-09	-3.42580399604e-08
5.11140202796e-09	-3.64525725161e-08
5.11236494456e-09	-3.44621504667e-08
5.11332786115e-09	-2.81992864615e-08
5.11429077775e-09	-1.83745481053e-08
5.11525369435e-09	-6.40404218544e-09
5.11621661095e-09	5.85156767485e-09
5.11717952754e-09	1.64526419155e-08
5.11814244414e-09	2.37618564825e-08
5.11910536074e-09	2.67576414359e-08
5.12006827733e-09	2.52118983468e-08
5.12103119393e-09	1.97043164007e-08
5.12199411053e-09	1.14839062704e-08
5.12295702713e-09	2.2123300969e-09
5.12391994372e-09	-6.35625108103e-09
5.12488286032e-09	-1.26973382919e-08
5.12584577692e-09	-1.57845150284e-08
5.12680869352e-09	-1.52584984647e-08
5.12777161011e-09	-1.14645972715e-08
5.12873452671e-09	-5.35029220927e-09
5.12969744331e-09	1.75591741147e-09
5.13066035991e-09	8.43590441946e-09
5.1316232765e-09	1.34786111161e-08
5.1325861931e-09	1.6113894219e-08
5.1335491097e-09	1.61295776735e-08
5.1345120263e-09	1.38539668626e-08
5.13547494289e-09	1.00217052434e-08
5.13643785949e-09	5.5695297263e-09
5.13740077609e-09	1.42326084251e-09
5.13836369268e-09	-1.6730911101e-09
5.13932660928e-09	-3.25698112924e-09
5.14028952588e-09	-3.17420756346e-09
5.14125244248e-09	-1.553747353e-09
5.14221535907e-09	1.24666876822e-09
5.14317827567e-09	4.70497196758e-09
5.14414119227e-09	8.19956635922e-09
5.14510410887e-09	1.10788045404e-08
5.14606702546e-09	1.27401742489e-08
5.14702994206e-09	1.27192949506e-08
5.14799285866e-09	1.07776259028e-08
5.14895577526e-09	6.96856616855e-09
5.14991869185e-09	1.66087543718e-09
5.15088160845e-09	-4.49733938979e-09
5.15184452505e-09	-1.06754214357e-08
5.15280744164e-09	-1.60028506002e-08
5.15377035824e-09	-1.97301606164e-08
5.15473327484e-09	-2.13721378373e-08
5.15569619144e-09	-2.08017461034e-08
5.15665910803e-09	-1.82723400854e-08
5.15762202463e-09	-1.43580498602e-08
5.15858494123e-09	-9.82854153619e-09
5.15954785783e-09	-5.48872769457e-09
5.16051077442e-09	-2.01664196453e-09
5.16147369102e-09	1.58905333336e-10
5.16243660762e-09	9.12913522555e-10
5.16339952422e-09	4.0735867457e-10
5.16436244081e-09	-9.85524217789e-10
5.16532535741e-09	-2.79018630422e-09
5.16628827401e-09	-4.53238335751e-09
5.16725119061e-09	-5.81496006902e-09
5.1682141072e-09	-6.35011909722e-09
5.1691770238e-09	-5.95902260869e-09
5.1701399404e-09	-4.55827198209e-09
5.17110285699e-09	-2.14885842453e-09
5.17206577359e-09	1.17789644705e-09
5.17302869019e-09	5.21718046542e-09
5.17399160679e-09	9.63003543575e-09
5.17495452338e-09	1.39494620299e-08
5.17591743998e-09	1.76302261679e-08
5.17688035658e-09	2.01435419456e-08
5.17784327318e-09	2.10983337467e-08
5.17880618977e-09	2.03550243327e-08
5.17976910637e-09	1.80886878809e-08
5.18073202297e-09	1.47708831832e-08
5.18169493957e-09	1.10643156859e-08
5.18265785616e-09	7.65024132932e-09
5.18362077276e-09	5.04004393775e-09
5.18458368936e-09	3.43029560312e-09
5.18554660596e-09	2.64886113044e-09
5.18650952255e-09	2.21723084337e-09
5.18747243915e-09	1.51404488946e-09
5.18843535575e-09	-1.48288048507e-11
5.18939827234e-09	-2.66513744407e-09
5.19036118894e-09	-6.35965369256e-09
5.19132410554e-09	-1.06516431231e-08
5.19228702214e-09	-1.48413814571e-08
5.19324993873e-09	-1.81645862796e-08
5.19421285533e-09	-1.99936316392e-08
5.19517577193e-09	-1.99895549002e-08
5.19613868853e-09	-1.81697821233e-08
5.19710160512e-09	-1.48811185596e-08
5.19806452172e-09	-1.06970041713e-08
5.19902743832e-09	-6.2813056978e-09
5.19999035492e-09	-2.2545423306e-09
5.20095327151e-09	9.10790609598e-10
5.20191618811e-09	2.95105451187e-09
5.20287910471e-09	3.83092313427e-09
5.20384202131e-09	3.72695296846e-09
5.2048049379e-09	2.98036950674e-09
5.2057678545e-09	2.02292782525e-09
5.2067307711e-09	1.2840616348e-09
5.20769368769e-09	1.09265052561e-09
5.20865660429e-09	1.5904090267e-09
5.20961952089e-09	2.68516875401e-09
5.21058243749e-09	4.06627886917e-09
5.21154535408e-09	5.28542720701e-09
5.21250827068e-09	5.88920645583e-09
5.21347118728e-09	5.56707213661e-09
5.21443410388e-09	4.26476320925e-09
5.21539702047e-09	2.22048068821e-09
5.21635993707e-09	-9.34040622624e-11
5.21732285367e-09	-2.11068007516e-09
5.21828577027e-09	-3.35217409386e-09
5.21924868686e-09	-3.58236862397e-09
5.22021160346e-09	-2.88217760769e-09
5.22117452006e-09	-1.60497615198e-09
5.22213743666e-09	-2.27387525475e-10
5.22310035325e-09	8.50173931255e-10
5.22406326985e-09	1.47799084083e-09
5.22502618645e-09	1.83304349477e-09
5.22598910304e-09	2.35670127857e-09
5.22695201964e-09	3.56621576714e-09
5.22791493624e-09	5.80169245978e-09
5.22887785284e-09	9.00598973175e-09
5.22984076943e-09	1.26332189154e-08
5.23080368603e-09	1.57359369979e-08
5.23176660263e-09	1.72186762626e-08
5.23272951923e-09	1.61851527736e-08
5.23369243582e-09	1.22651782064e-08
5.23465535242e-09	5.80517678372e-09
5.23561826902e-09	-2.15212847543e-09
5.23658118562e-09	-1.01024646426e-08
5.23754410221e-09	-1.64653179979e-08
5.23850701881e-09	-2.00041014864e-08
5.23946993541e-09	-2.01509475772e-08
5.24043285201e-09	-1.71434439977e-08
5.2413957686e-09	-1.19381819985e-08
5.2423586852e-09	-5.93519633441e-09
5.2433216018e-09	-6.04988503738e-10
5.24428451839e-09	2.8761104609e-09
5.24524743499e-09	3.88375465121e-09
5.24621035159e-09	2.43751885343e-09
5.24717326819e-09	-8.69710192752e-10
5.24813618478e-09	-5.06359132402e-09
5.24909910138e-09	-9.03925378992e-09
5.25006201798e-09	-1.1803448885e-08
5.25102493458e-09	-1.26612524909e-08
5.25198785117e-09	-1.13255174128e-08
5.25295076777e-09	-7.94420262906e-09
5.25391368437e-09	-3.05424352476e-09
5.25487660097e-09	2.5239885737e-09
5.25583951756e-09	7.83774645186e-09
5.25680243416e-09	1.19823688749e-08
5.25776535076e-09	1.42840939077e-08
5.25872826736e-09	1.44453613515e-08
5.25969118395e-09	1.26134533929e-08
5.26065410055e-09	9.34569577282e-09
5.26161701715e-09	5.47001466344e-09
5.26257993374e-09	1.87373627725e-09
5.26354285034e-09	-7.21775639256e-10
5.26450576694e-09	-1.9343315838e-09
5.26546868354e-09	-1.78570869203e-09
5.26643160013e-09	-6.4186161941e-10
5.26739451673e-09	9.4193242095e-10
5.26835743333e-09	2.41454589656e-09
5.26932034993e-09	3.39315930908e-09
5.27028326652e-09	3.74459574459e-09
5.27124618312e-09	3.56510265753e-09
5.27220909972e-09	3.08325676102e-09
5.27317201632e-09	2.53463205979e-09
5.27413493291e-09	2.05760031236e-09
5.27509784951e-09	1.64949787163e-09
5.27606076611e-09	1.19055898473e-09
5.2770236827e-09	5.14093767556e-10
5.2779865993e-09	-5.12460851532e-10
5.2789495159e-09	-1.92499260976e-09
5.2799124325e-09	-3.63525543001e-09
5.28087534909e-09	-5.44321743234e-09
5.28183826569e-09	-7.07380820586e-09
5.28280118229e-09	-8.22197421257e-09
5.28376409889e-09	-8.60144755421e-09
5.28472701548e-09	-7.99213850655e-09
5.28568993208e-09	-6.28708640704e-09
5.28665284868e-09	-3.5403562304e-09
5.28761576528e-09	-1.51589851782e-12
5.28857868187e-09	3.8840308747e-09
5.28954159847e-09	7.52297779627e-09
5.29050451507e-09	1.02712460759e-08
5.29146743167e-09	1.15665272915e-08
5.29243034826e-09	1.10629052585e-08
5.29339326486e-09	8.72379324335e-09
5.29435618146e-09	4.84513984489e-09
5.29531909805e-09	1.87072579649e-13
5.29628201465e-09	-5.08282926859e-09
5.29724493125e-09	-9.67064384128e-09
5.29820784785e-09	-1.31583828278e-08
5.29917076444e-09	-1.51590544561e-08
5.30013368104e-09	-1.55378607758e-08
5.30109659764e-09	-1.43956322418e-08
5.30205951424e-09	-1.20175407403e-08
5.30302243083e-09	-8.80786021895e-09
5.30398534743e-09	-5.22365040112e-09
5.30494826403e-09	-1.70909730812e-09
5.30591118063e-09	1.36919153793e-09
5.30687409722e-09	3.7786156426e-09
5.30783701382e-09	5.45655653994e-09
5.30879993042e-09	6.51272458185e-09
5.30976284702e-09	7.18556147916e-09
5.31072576361e-09	7.7550481592e-09
5.31168868021e-09	8.43714254017e-09
5.31265159681e-09	9.29494525792e-09
5.3136145134e-09	1.02002282176e-08
5.31457743e-09	1.08675344279e-08
5.3155403466e-09	1.09548690119e-08
5.3165032632e-09	1.01988320012e-08
5.31746617979e-09	8.53416093349e-09
5.31842909639e-09	6.14882500471e-09
5.31939201299e-09	3.45158057691e-09
5.32035492959e-09	9.60123314186e-10
5.32131784618e-09	-8.53673354229e-10
5.32228076278e-09	-1.7087875559e-09
5.32324367938e-09	-1.60044777431e-09
5.32420659598e-09	-7.97706123379e-10
5.32516951257e-09	2.42262709893e-10
5.32613242917e-09	1.01054786761e-09
5.32709534577e-09	1.08831532675e-09
5.32805826237e-09	2.53047666154e-10
5.32902117896e-09	-1.47401557626e-09
5.32998409556e-09	-3.84248766139e-09
5.33094701216e-09	-6.43731556949e-09
5.33190992875e-09	-8.76892247703e-09
5.33287284535e-09	-1.03669650642e-08
5.33383576195e-09	-1.08664144349e-08
5.33479867855e-09	-1.00794750324e-08
5.33576159514e-09	-8.04654209929e-09
5.33672451174e-09	-5.05724795374e-09
5.33768742834e-09	-1.6305359285e-09
5.33865034494e-09	1.55750268238e-09
5.33961326153e-09	3.79976272669e-09
5.34057617813e-09	4.52014825569e-09
5.34153909473e-09	3.43355233134e-09
5.34250201133e-09	6.56296350598e-10
5.34346492792e-09	-3.27476312734e-09
5.34442784452e-09	-7.49517869991e-09
5.34539076112e-09	-1.1005580447e-08
5.34635367772e-09	-1.29149677619e-08
5.34731659431e-09	-1.2664020943e-08
5.34827951091e-09	-1.0164004749e-08
5.34924242751e-09	-5.80936676542e-09
5.3502053441e-09	-3.62108454333e-10
5.3511682607e-09	5.24945287239e-09
5.3521311773e-09	1.01513535355e-08
5.3530940939e-09	1.36991253896e-08
5.35405701049e-09	1.55634634069e-08
5.35501992709e-09	1.57182213911e-08
5.35598284369e-09	1.43622527204e-08
5.35694576029e-09	1.18214602551e-08
5.35790867688e-09	8.47117576086e-09
5.35887159348e-09	4.70360372873e-09
5.35983451008e-09	9.33899513278e-10
5.36079742668e-09	-2.38673192321e-09
5.36176034327e-09	-4.78592809827e-09
5.36272325987e-09	-5.83333648052e-09
5.36368617647e-09	-5.24638466004e-09
5.36464909307e-09	-3.00639468875e-09
5.36561200966e-09	5.64063351582e-10
5.36657492626e-09	4.80815387505e-09
5.36753784286e-09	8.84360762399e-09
5.36850075945e-09	1.17565974733e-08
5.36946367605e-09	1.28319950221e-08
5.37042659265e-09	1.17465681626e-08
5.37138950925e-09	8.65956462093e-09
5.37235242584e-09	4.16762890865e-09
5.37331534244e-09	-8.66142157996e-10
5.37427825904e-09	-5.5541451438e-09
5.37524117564e-09	-9.21679532695e-09
5.37620409223e-09	-1.15292007052e-08
5.37716700883e-09	-1.25396910633e-08
5.37812992543e-09	-1.25645573945e-08
5.37909284203e-09	-1.20103829104e-08
5.38005575862e-09	-1.12021947274e-08
5.38101867522e-09	-1.0282247942e-08
5.38198159182e-09	-9.21269194265e-09
5.38294450841e-09	-7.87075471465e-09
5.38390742501e-09	-6.17924689195e-09
5.38487034161e-09	-4.2066559125e-09
5.38583325821e-09	-2.18949680608e-09
5.3867961748e-09	-4.60473881247e-10
5.3877590914e-09	6.85887124874e-10
5.388722008e-09	1.12551246101e-09
5.3896849246e-09	9.74720082425e-10
5.39064784119e-09	5.62746405031e-10
5.39161075779e-09	3.12538050995e-10
5.39257367439e-09	5.75702208128e-10
5.39353659099e-09	1.48577705694e-09
5.39449950758e-09	2.89364110451e-09
5.39546242418e-09	4.41496261772e-09
5.39642534078e-09	5.57207791019e-09
5.39738825738e-09	5.98061955515e-09
5.39835117397e-09	5.50790524301e-09
5.39931409057e-09	4.33863167615e-09
5.40027700717e-09	2.92146240533e-09
5.40123992376e-09	1.81222192808e-09
5.40220284036e-09	1.47090495339e-09
5.40316575696e-09	2.09005435181e-09
5.40412867356e-09	3.51826012768e-09
5.40509159015e-09	5.31009547444e-09
5.40605450675e-09	6.88686441208e-09
5.40701742335e-09	7.74574626661e-09
5.40798033995e-09	7.63874563603e-09
5.40894325654e-09	6.6559691092e-09
5.40990617314e-09	5.17943687939e-09
5.41086908974e-09	3.72358743839e-09
5.41183200634e-09	2.72442202132e-09
5.41279492293e-09	2.35563746287e-09
5.41375783953e-09	2.44220133006e-09
5.41472075613e-09	2.50812770552e-09
5.41568367273e-09	1.94479876647e-09
5.41664658932e-09	2.44319869891e-10
5.41760950592e-09	-2.78240142038e-09
5.41857242252e-09	-6.8799410613e-09
5.41953533911e-09	-1.13633351617e-08
5.42049825571e-09	-1.527803839e-08
5.42146117231e-09	-1.76574985744e-08
5.42242408891e-09	-1.78019661234e-08
5.4233870055e-09	-1.54969068689e-08
5.4243499221e-09	-1.10991189572e-08
5.4253128387e-09	-5.46275780167e-09
5.4262757553e-09	2.70537536817e-10
5.42723867189e-09	4.9580082262e-09
5.42820158849e-09	7.73701014367e-09
5.42916450509e-09	8.22317325344e-09
5.43012742169e-09	6.57626975098e-09
5.43109033828e-09	3.42656103491e-09
5.43205325488e-09	-3.07253278375e-10
5.43301617148e-09	-3.65303320926e-09
5.43397908808e-09	-5.8075317888e-09
5.43494200467e-09	-6.29462659774e-09
5.43590492127e-09	-5.03559327569e-09
5.43686783787e-09	-2.32944108447e-09
5.43783075446e-09	1.24145294045e-09
5.43879367106e-09	4.95232388431e-09
5.43975658766e-09	8.09166067484e-09
5.44071950426e-09	1.01038573064e-08
5.44168242085e-09	1.06938644606e-08
5.44264533745e-09	9.87493908866e-09
5.44360825405e-09	7.94963739281e-09
5.44457117065e-09	5.42682432325e-09
5.44553408724e-09	2.89347745763e-09
5.44649700384e-09	8.7041746033e-10
5.44745992044e-09	-3.10824865846e-10
5.44842283704e-09	-5.75345548981e-10
5.44938575363e-09	-9.95042381824e-11
5.45034867023e-09	7.59462381872e-10
5.45131158683e-09	1.57487589636e-09
5.45227450343e-09	1.96892724347e-09
5.45323742002e-09	1.70324332416e-09
5.45420033662e-09	7.20938864163e-10
5.45516325322e-09	-8.61551663345e-10
5.45612616981e-09	-2.7985194162e-09
5.45708908641e-09	-4.77760142559e-09
5.45805200301e-09	-6.48022124849e-09
5.45901491961e-09	-7.62544694055e-09
5.4599778362e-09	-8.00141020108e-09
5.4609407528e-09	-7.4881167933e-09
5.4619036694e-09	-6.07230443705e-09
5.462866586e-09	-3.857912656e-09
5.46382950259e-09	-1.0691999508e-09
5.46479241919e-09	1.96227722959e-09
5.46575533579e-09	4.83133177909e-09
5.46671825239e-09	7.11191638914e-09
5.46768116898e-09	8.42546565849e-09
5.46864408558e-09	8.51485282283e-09
5.46960700218e-09	7.30856175579e-09
5.47056991878e-09	4.95940888356e-09
5.47153283537e-09	1.84286719218e-09
5.47249575197e-09	-1.49460699372e-09
5.47345866857e-09	-4.43465886235e-09
5.47442158516e-09	-6.41972919269e-09
5.47538450176e-09	-7.09279790456e-09
5.47634741836e-09	-6.40437125554e-09
5.47731033496e-09	-4.64967664371e-09
5.47827325155e-09	-2.41441333593e-09
5.47923616815e-09	-4.32958113805e-10
5.48019908475e-09	6.10582584493e-10
5.48116200135e-09	2.85006601652e-10
5.48212491794e-09	-1.4455807662e-09
5.48308783454e-09	-4.18696677329e-09
5.48405075114e-09	-7.20205717286e-09
5.48501366774e-09	-9.59916057752e-09
5.48597658433e-09	-1.05684510032e-08
5.48693950093e-09	-9.59646850873e-09
5.48790241753e-09	-6.59934329406e-09
5.48886533413e-09	-1.94193594538e-09
5.48982825072e-09	3.65489061238e-09
5.49079116732e-09	9.28353127705e-09
5.49175408392e-09	1.40450895358e-08
5.49271700051e-09	1.72209375648e-08
5.49367991711e-09	1.83846946555e-08
5.49464283371e-09	1.74450995871e-08
5.49560575031e-09	1.46284140357e-08
5.4965686669e-09	1.04169846082e-08
5.4975315835e-09	5.46453460259e-09
5.4984945001e-09	5.01036490075e-10
5.4994574167e-09	-3.76876441166e-09
5.50042033329e-09	-6.76718059367e-09
5.50138324989e-09	-8.13564060564e-09
5.50234616649e-09	-7.80435449599e-09
5.50330908309e-09	-6.0189755402e-09
5.50427199968e-09	-3.30774119206e-09
5.50523491628e-09	-3.86822907039e-10
5.50619783288e-09	1.98582972288e-09
5.50716074947e-09	3.17875059608e-09
5.50812366607e-09	2.83549894675e-09
5.50908658267e-09	9.6448105058e-10
5.51004949927e-09	-2.05367323147e-09
5.51101241586e-09	-5.54579315803e-09
5.51197533246e-09	-8.69730687469e-09
5.51293824906e-09	-1.07378017589e-08
5.51390116566e-09	-1.1116291887e-08
5.51486408225e-09	-9.62759116874e-09
5.51582699885e-09	-6.46196074428e-09
5.51678991545e-09	-2.16619278071e-09
5.51775283205e-09	2.47251530361e-09
5.51871574864e-09	6.59320242846e-09
5.51967866524e-09	9.44479605636e-09
5.52064158184e-09	1.05450048693e-08
5.52160449844e-09	9.77847580685e-09
5.52256741503e-09	7.41295025364e-09
5.52353033163e-09	4.02692146295e-09
5.52449324823e-09	3.63098884293e-10
5.52545616482e-09	-2.85639556452e-09
5.52641908142e-09	-5.10753661587e-09
5.52738199802e-09	-6.18618756221e-09
5.52834491462e-09	-6.23738660721e-09
5.52930783121e-09	-5.6826907624e-09
5.53027074781e-09	-5.06282837875e-09
5.53123366441e-09	-4.84308593229e-09
5.53219658101e-09	-5.24105470134e-09
5.5331594976e-09	-6.1307905419e-09
5.5341224142e-09	-7.06294489561e-09
5.5350853308e-09	-7.40063299531e-09
5.5360482474e-09	-6.53175957765e-09
5.53701116399e-09	-4.09641121024e-09
5.53797408059e-09	-1.56672452789e-10
5.53893699719e-09	4.7524868485e-09
5.53989991379e-09	9.71582814202e-09
5.54086283038e-09	1.36571554066e-08
5.54182574698e-09	1.56302633059e-08
5.54278866358e-09	1.50983634484e-08
5.54375158017e-09	1.21193828306e-08
5.54471449677e-09	7.37730232458e-09
5.54567741337e-09	2.03931738163e-09
5.54664032997e-09	-2.53031395836e-09
5.54760324656e-09	-5.12623810067e-09
5.54856616316e-09	-5.03021135856e-09
5.54952907976e-09	-2.21772111786e-09
5.55049199636e-09	2.61742671981e-09
5.55145491295e-09	8.22992607397e-09
5.55241782955e-09	1.31396085123e-08
5.55338074615e-09	1.60132440641e-08
5.55434366275e-09	1.6001699521e-08
5.55530657934e-09	1.29393535886e-08
5.55626949594e-09	7.36112193422e-09
5.55723241254e-09	3.37985445187e-10
5.55819532914e-09	-6.81657619239e-09
5.55915824573e-09	-1.28775079489e-08
5.56012116233e-09	-1.69876450684e-08
5.56108407893e-09	-1.88178219673e-08
5.56204699552e-09	-1.85754487347e-08
5.56300991212e-09	-1.68785909693e-08
5.56397282872e-09	-1.4544655258e-08
5.56493574532e-09	-1.23523156148e-08
5.56589866191e-09	-1.08379163422e-08
5.56686157851e-09	-1.01730872615e-08
5.56782449511e-09	-1.01444799228e-08
5.56878741171e-09	-1.02339274832e-08
5.5697503283e-09	-9.77751835052e-09
5.5707132449e-09	-8.16494338807e-09
5.5716761615e-09	-5.03126074136e-09
5.5726390781e-09	-3.94008714544e-10
5.57360199469e-09	5.30511101715e-09
5.57456491129e-09	1.12739737546e-08
5.57552782789e-09	1.65444262734e-08
5.57649074449e-09	2.02074765809e-08
5.57745366108e-09	2.16473026171e-08
5.57841657768e-09	2.07015258269e-08
5.57937949428e-09	1.77015699876e-08
5.58034241087e-09	1.33797746216e-08
5.58130532747e-09	8.66584581871e-09
5.58226824407e-09	4.43627179436e-09
5.58323116067e-09	1.29465804743e-09
5.58419407726e-09	-5.53896928324e-10
5.58515699386e-09	-1.30233335227e-09
5.58611991046e-09	-1.42255851543e-09
5.58708282706e-09	-1.4758292366e-09
5.58804574365e-09	-1.91735116672e-09
5.58900866025e-09	-2.95607405221e-09
5.58997157685e-09	-4.50940218499e-09
5.59093449345e-09	-6.25453511205e-09
5.59189741004e-09	-7.74905917211e-09
5.59286032664e-09	-8.57657767028e-09
5.59382324324e-09	-8.46875192195e-09
5.59478615984e-09	-7.36977057159e-09
5.59574907643e-09	-5.43466383007e-09
5.59671199303e-09	-2.97341418154e-09
5.59767490963e-09	-3.6639621892e-10
5.59863782622e-09	2.01949768019e-09
5.59960074282e-09	3.89378707055e-09
5.60056365942e-09	5.07589481558e-09
5.60152657602e-09	5.50124701348e-09
5.60248949261e-09	5.20943288507e-09
5.60345240921e-09	4.32396252137e-09
5.60441532581e-09	3.02931457696e-09
5.60537824241e-09	1.54485912951e-09
5.606341159e-09	9.33106369949e-11
5.6073040756e-09	-1.1345047124e-09
5.6082669922e-09	-2.0141821544e-09
5.6092299088e-09	-2.51301091048e-09
5.61019282539e-09	-2.69515143536e-09
5.61115574199e-09	-2.70083688747e-09
5.61211865859e-09	-2.70299782557e-09
5.61308157519e-09	-2.85413159773e-09
5.61404449178e-09	-3.2394891214e-09
5.61500740838e-09	-3.8513237044e-09
5.61597032498e-09	-4.59201565661e-09
5.61693324157e-09	-5.30373345242e-09
5.61789615817e-09	-5.81399728361e-09
5.61885907477e-09	-5.98004845642e-09
5.61982199137e-09	-5.71752867273e-09
5.62078490796e-09	-5.00848251761e-09
5.62174782456e-09	-3.89136767254e-09
5.62271074116e-09	-2.4401560772e-09
5.62367365776e-09	-7.41337990995e-10
5.62463657435e-09	1.12377396277e-09
5.62559949095e-09	3.08749603661e-09
5.62656240755e-09	5.0945585528e-09
5.62752532415e-09	7.09329484039e-09
5.62848824074e-09	9.0220098059e-09
5.62945115734e-09	1.07939657212e-08
5.63041407394e-09	1.22844490136e-08
5.63137699053e-09	1.33259865365e-08
5.63233990713e-09	1.37202098571e-08
5.63330282373e-09	1.32708093403e-08
5.63426574033e-09	1.1836289282e-08
5.63522865692e-09	9.39070154971e-09
5.63619157352e-09	6.07107253359e-09
5.63715449012e-09	2.1915866899e-09
5.63811740672e-09	-1.7904038252e-09
5.63908032331e-09	-5.36005906326e-09
5.64004323991e-09	-8.06370969997e-09
5.64100615651e-09	-9.62521617964e-09
5.64196907311e-09	-1.00247579127e-08
5.6429319897e-09	-9.51070155963e-09
5.6438949063e-09	-8.53362713826e-09
5.6448578229e-09	-7.61863994114e-09
5.6458207395e-09	-7.21165926976e-09
5.64678365609e-09	-7.54576756634e-09
5.64774657269e-09	-8.5686417961e-09
5.64870948929e-09	-9.9518269181e-09
5.64967240588e-09	-1.11781055523e-08
5.65063532248e-09	-1.16822169716e-08
5.65159823908e-09	-1.10056923575e-08
5.65256115568e-09	-8.92179397027e-09
5.65352407227e-09	-5.49743894851e-09
5.65448698887e-09	-1.08016484646e-09
5.65544990547e-09	3.78401354695e-09
5.65641282207e-09	8.47649950231e-09
5.65737573866e-09	1.24386367872e-08
5.65833865526e-09	1.52757095861e-08
5.65930157186e-09	1.68060232397e-08
5.66026448846e-09	1.70462364224e-08
5.66122740505e-09	1.61453925784e-08
5.66219032165e-09	1.4299128992e-08
5.66315323825e-09	1.16788818616e-08
5.66411615485e-09	8.40661851242e-09
5.66507907144e-09	4.58370896794e-09
5.66604198804e-09	3.55824786302e-10
5.66700490464e-09	-4.01830257957e-09
5.66796782123e-09	-8.13801470656e-09
5.66893073783e-09	-1.14994316291e-08
5.66989365443e-09	-1.3602702964e-08
5.67085657103e-09	-1.40990374931e-08
5.67181948762e-09	-1.2921852921e-08
5.67278240422e-09	-1.03487023395e-08
5.67374532082e-09	-6.96095270314e-09
5.67470823742e-09	-3.50280515704e-09
5.67567115401e-09	-6.81495970767e-10
5.67663407061e-09	1.02716979367e-09
5.67759698721e-09	1.50457668546e-09
5.67855990381e-09	1.00370989298e-09
5.6795228204e-09	5.03709574051e-11
5.680485737e-09	-7.32481186816e-10
5.6814486536e-09	-8.18982048845e-10
5.6824115702e-09	6.97950586215e-11
5.68337448679e-09	1.90145543755e-09
5.68433740339e-09	4.36282521221e-09
5.68530031999e-09	6.96665303224e-09
5.68626323658e-09	9.1928935575e-09
5.68722615318e-09	1.06213722262e-08
5.68818906978e-09	1.10209956716e-08
5.68915198638e-09	1.03787076711e-08
5.69011490297e-09	8.87352591405e-09
5.69107781957e-09	6.81003520242e-09
5.69204073617e-09	4.53417214885e-09
5.69300365277e-09	2.35209007826e-09
5.69396656936e-09	4.67521354963e-10
5.69492948596e-09	-1.04993380656e-09
5.69589240256e-09	-2.26195462361e-09
5.69685531916e-09	-3.32445204698e-09
5.69781823575e-09	-4.42524505928e-09
5.69878115235e-09	-5.71353808709e-09
5.69974406895e-09	-7.24108240036e-09
5.70070698555e-09	-8.93299034743e-09
5.70166990214e-09	-1.05986943666e-08
5.70263281874e-09	-1.19830225742e-08
5.70359573534e-09	-1.28384201048e-08
5.70455865193e-09	-1.29927490988e-08
5.70552156853e-09	-1.23899823734e-08
5.70648448513e-09	-1.10868452197e-08
5.70744740173e-09	-9.21023346478e-09
5.70841031832e-09	-6.89649493069e-09
5.70937323492e-09	-4.2388035304e-09
5.71033615152e-09	-1.26867716332e-09
5.71129906812e-09	2.01703165281e-09
5.71226198471e-09	5.5964259893e-09
5.71322490131e-09	9.355508368e-09
5.71418781791e-09	1.30436559331e-08
5.71515073451e-09	1.6278010051e-08
5.7161136511e-09	1.86036963612e-08
5.7170765677e-09	1.95936884495e-08
5.7180394843e-09	1.89580635634e-08
5.7190024009e-09	1.66292419834e-08
5.71996531749e-09	1.27954917772e-08
5.72092823409e-09	7.87433229732e-09
5.72189115069e-09	2.43604203476e-09
5.72285406728e-09	-2.90136092929e-09
5.72381698388e-09	-7.57658913386e-09
5.72477990048e-09	-1.11661151436e-08
5.72574281708e-09	-1.34294841914e-08
5.72670573367e-09	-1.43165097555e-08
5.72766865027e-09	-1.39459208626e-08
5.72863156687e-09	-1.2564052021e-08
5.72959448347e-09	-1.04892219355e-08
5.73055740006e-09	-8.0499331645e-09
5.73152031666e-09	-5.52462653403e-09
5.73248323326e-09	-3.09296499523e-09
5.73344614986e-09	-8.08846989386e-10
5.73440906645e-09	1.39099531893e-09
5.73537198305e-09	3.63576813101e-09
5.73633489965e-09	6.03725469617e-09
5.73729781624e-09	8.59547366616e-09
5.73826073284e-09	1.1128786781e-08
5.73922364944e-09	1.32648079187e-08
5.74018656604e-09	1.45071084034e-08
5.74114948263e-09	1.43690845889e-08
5.74211239923e-09	1.25403198936e-08
5.74307531583e-09	9.02831764904e-09
5.74403823243e-09	4.21850376853e-09
5.74500114902e-09	-1.17884813022e-09
5.74596406562e-09	-6.29075991299e-09
5.74692698222e-09	-1.03073105606e-08
5.74788989882e-09	-1.26962840241e-08
5.74885281541e-09	-1.33368427413e-08
5.74981573201e-09	-1.25263657225e-08
5.75077864861e-09	-1.08569562229e-08
5.75174156521e-09	-9.0062508562e-09
5.7527044818e-09	-7.51640971686e-09
5.7536673984e-09	-6.63862387285e-09
5.754630315e-09	-6.2917182575e-09
5.75559323159e-09	-6.13956441242e-09
5.75655614819e-09	-5.75124126101e-09
5.75751906479e-09	-4.78250106184e-09
5.75848198139e-09	-3.1119624655e-09
5.75944489798e-09	-8.84552098235e-10
5.76040781458e-09	1.54132351327e-09
5.76137073118e-09	3.71529274013e-09
5.76233364778e-09	5.24178567218e-09
5.76329656437e-09	5.89987703137e-09
5.76425948097e-09	5.70322855609e-09
5.76522239757e-09	4.8907660144e-09
5.76618531417e-09	3.85751253162e-09
5.76714823076e-09	3.05366931741e-09
5.76811114736e-09	2.87919244002e-09
5.76907406396e-09	3.59337937184e-09
5.77003698056e-09	5.25570698073e-09
5.77099989715e-09	7.70468489009e-09
5.77196281375e-09	1.05743875878e-08
5.77292573035e-09	1.3348270933e-08
5.77388864694e-09	1.54450727763e-08
5.77485156354e-09	1.63229234573e-08
5.77581448014e-09	1.55851846984e-08
5.77677739674e-09	1.30685773314e-08
5.77774031333e-09	8.89003182181e-09
5.77870322993e-09	3.4400116089e-09
5.77966614653e-09	-2.67761146588e-09
5.78062906313e-09	-8.75074146478e-09
5.78159197972e-09	-1.40855407338e-08
5.78255489632e-09	-1.81237052033e-08
5.78351781292e-09	-2.05273025244e-08
5.78448072952e-09	-2.12157136303e-08
5.78544364611e-09	-2.03480574612e-08
5.78640656271e-09	-1.82576442853e-08
5.78736947931e-09	-1.53587578211e-08
5.78833239591e-09	-1.20492300582e-08
5.7892953125e-09	-8.63135518614e-09
5.7902582291e-09	-5.27151877705e-09
5.7912211457e-09	-2.0074588658e-09
5.79218406229e-09	1.2013023909e-09
5.79314697889e-09	4.39800196261e-09
5.79410989549e-09	7.55220330717e-09
5.79507281209e-09	1.05089590363e-08
5.79603572868e-09	1.29890409539e-08
5.79699864528e-09	1.46442076243e-08
5.79796156188e-09	1.51512029589e-08
5.79892447848e-09	1.43186156265e-08
5.79988739507e-09	1.21701821953e-08
5.80085031167e-09	8.97179219805e-09
5.80181322827e-09	5.18929610394e-09
5.80277614487e-09	1.38641198522e-09
5.80373906146e-09	-1.90895188545e-09
5.80470197806e-09	-4.32866587019e-09
5.80566489466e-09	-5.73892666722e-09
5.80662781126e-09	-6.24398754923e-09
5.80759072785e-09	-6.12136119571e-09
5.80855364445e-09	-5.71337865907e-09
5.80951656105e-09	-5.31182964281e-09
5.81047947764e-09	-5.07180741849e-09
5.81144239424e-09	-4.98189711706e-09
5.81240531084e-09	-4.89547247184e-09
5.81336822744e-09	-4.60273552605e-09
5.81433114403e-09	-3.91596666205e-09
5.81529406063e-09	-2.73971378917e-09
5.81625697723e-09	-1.10475861792e-09
5.81721989383e-09	8.4008822121e-10
5.81818281042e-09	2.87236190388e-09
5.81914572702e-09	4.75444039694e-09
5.82010864362e-09	6.2850880056e-09
5.82107156022e-09	7.33483362936e-09
5.82203447681e-09	7.8566149142e-09
5.82299739341e-09	7.87207010688e-09
5.82396031001e-09	7.44777839401e-09
5.82492322661e-09	6.67128574605e-09
5.8258861432e-09	5.6332614129e-09
5.8268490598e-09	4.42024505887e-09
5.8278119764e-09	3.11269632292e-09
5.82877489299e-09	1.78253944938e-09
5.82973780959e-09	4.85471274292e-10
5.83070072619e-09	-7.55001949848e-10
5.83166364279e-09	-1.96414529086e-09
5.83262655938e-09	-3.21999538144e-09
5.83358947598e-09	-4.63441640619e-09
5.83455239258e-09	-6.30763885567e-09
5.83551530918e-09	-8.26421064914e-09
5.83647822577e-09	-1.03907078497e-08
5.83744114237e-09	-1.24039107874e-08
5.83840405897e-09	-1.38756410806e-08
5.83936697557e-09	-1.43222962379e-08
5.84032989216e-09	-1.33403776914e-08
5.84129280876e-09	-1.07499253943e-08
5.84225572536e-09	-6.69807054265e-09
5.84321864196e-09	-1.67824099062e-09
5.84418155855e-09	3.55576412758e-09
5.84514447515e-09	8.16567791162e-09
5.84610739175e-09	1.14445271038e-08
5.84707030834e-09	1.3005220012e-08
5.84803322494e-09	1.28804575894e-08
5.84899614154e-09	1.14970655218e-08
5.84995905814e-09	9.52679712896e-09
5.85092197473e-09	7.66025465282e-09
5.85188489133e-09	6.37838626361e-09
5.85284780793e-09	5.79780401466e-09
5.85381072453e-09	5.64684343729e-09
5.85477364112e-09	5.38112931991e-09
5.85573655772e-09	4.40084502173e-09
5.85669947432e-09	2.29875252167e-09
5.85766239092e-09	-9.50169720682e-10
5.85862530751e-09	-4.9234074595e-09
5.85958822411e-09	-8.83512818461e-09
5.86055114071e-09	-1.17494556306e-08
5.8615140573e-09	-1.285416662e-08
5.8624769739e-09	-1.17090088736e-08
5.8634398905e-09	-8.39530400754e-09
5.8644028071e-09	-3.5236569218e-09
5.86536572369e-09	1.89984294963e-09
5.86632864029e-09	6.71079281034e-09
5.86729155689e-09	9.86290515925e-09
5.86825447349e-09	1.06726272264e-08
5.86921739008e-09	8.97698715363e-09
5.87018030668e-09	5.17141218737e-09
5.87114322328e-09	1.20751408872e-10
5.87210613988e-09	-5.03464736568e-09
5.87306905647e-09	-9.13457931517e-09
5.87403197307e-09	-1.12601314939e-08
5.87499488967e-09	-1.0941244355e-08
5.87595780627e-09	-8.25786550251e-09
5.87692072286e-09	-3.80957310142e-09
5.87788363946e-09	1.43719380841e-09
5.87884655606e-09	6.39160813165e-09
5.87980947265e-09	1.01054258295e-08
5.88077238925e-09	1.19891918615e-08
5.88173530585e-09	1.1922876908e-08
5.88269822245e-09	1.02331441099e-08
5.88366113904e-09	7.55133111596e-09
5.88462405564e-09	4.59890259208e-09
5.88558697224e-09	1.96673588526e-09
5.88654988884e-09	-4.35234626117e-11
5.88751280543e-09	-1.47314449528e-09
5.88847572203e-09	-2.64373811731e-09
5.88943863863e-09	-4.00244415388e-09
5.89040155523e-09	-5.92693361057e-09
5.89136447182e-09	-8.55020321211e-09
5.89232738842e-09	-1.16603580125e-08
5.89329030502e-09	-1.47106149484e-08
5.89425322162e-09	-1.69408931328e-08
5.89521613821e-09	-1.75787580048e-08
5.89617905481e-09	-1.60672435356e-08
5.89714197141e-09	-1.22552208381e-08
5.898104888e-09	-6.48951781201e-09
5.8990678046e-09	4.2134723488e-10
5.9000307212e-09	7.36693772652e-09
5.9009936378e-09	1.31818245208e-08
5.90195655439e-09	1.69156226804e-08
5.90291947099e-09	1.80539405648e-08
5.90388238759e-09	1.66307323468e-08
5.90484530419e-09	1.32051498625e-08
5.90580822078e-09	8.7137941307e-09
5.90677113738e-09	4.23903667723e-09
5.90773405398e-09	7.54011963977e-10
5.90869697058e-09	-1.09193842857e-09
5.90965988717e-09	-1.09783093727e-09
5.91062280377e-09	4.75168349112e-10
5.91158572037e-09	2.99379721014e-09
5.91254863697e-09	5.62030022522e-09
5.91351155356e-09	7.51288720124e-09
5.91447447016e-09	8.01251953675e-09
5.91543738676e-09	6.78145983812e-09
5.91640030335e-09	3.87059939655e-09
5.91736321995e-09	-2.94371971243e-10
5.91832613655e-09	-5.00096586364e-09
5.91928905315e-09	-9.3922247757e-09
5.92025196974e-09	-1.26363772779e-08
5.92121488634e-09	-1.40918050562e-08
5.92217780294e-09	-1.34386262118e-08
5.92314071954e-09	-1.07524504855e-08
5.92410363613e-09	-6.49983533663e-09
5.92506655273e-09	-1.45477740965e-09
5.92602946933e-09	3.44766570848e-09
5.92699238593e-09	7.29668281352e-09
5.92795530252e-09	9.39192279503e-09
5.92891821912e-09	9.38906641323e-09
5.92988113572e-09	7.37028349462e-09
5.93084405232e-09	3.82196185811e-09
5.93180696891e-09	-4.75691264157e-10
5.93276988551e-09	-4.62421700931e-09
5.93373280211e-09	-7.80567344094e-09
5.9346957187e-09	-9.45838074529e-09
5.9356586353e-09	-9.39132061006e-09
5.9366215519e-09	-7.81137821093e-09
5.9375844685e-09	-5.25815524455e-09
5.93854738509e-09	-2.46351161692e-09
5.93951030169e-09	-1.69748770595e-10
5.94047321829e-09	1.0506617798e-09
5.94143613489e-09	9.34180288681e-10
5.94239905148e-09	-4.06110256534e-10
5.94336196808e-09	-2.5032949047e-09
5.94432488468e-09	-4.64724081439e-09
5.94528780128e-09	-6.05891337102e-09
5.94625071787e-09	-6.09007555497e-09
5.94721363447e-09	-4.40097291943e-09
5.94817655107e-09	-1.06992847915e-09
5.94913946767e-09	3.39778849501e-09
5.95010238426e-09	8.17202217007e-09
5.95106530086e-09	1.22931682611e-08
5.95202821746e-09	1.49125956028e-08
5.95299113405e-09	1.5514524776e-08
5.95395405065e-09	1.4059347464e-08
5.95491696725e-09	1.10018207877e-08
5.95587988385e-09	7.17350001622e-09
5.95684280044e-09	3.55758000836e-09
5.95780571704e-09	1.01612696035e-09
5.95876863364e-09	4.79194323111e-11
5.95973155024e-09	6.46883879796e-10
5.96069446683e-09	2.30644281451e-09
5.96165738343e-09	4.17048839907e-09
5.96262030003e-09	5.2874442602e-09
5.96358321663e-09	4.89622875577e-09
5.96454613322e-09	2.66069988264e-09
5.96550904982e-09	-1.21762233629e-09
5.96647196642e-09	-6.04056493714e-09
5.96743488302e-09	-1.07958548767e-08
5.96839779961e-09	-1.4428856332e-08
5.96936071621e-09	-1.61228701501e-08
5.97032363281e-09	-1.55094710408e-08
5.9712865494e-09	-1.27546488926e-08
5.972249466e-09	-8.50240766681e-09
5.9732123826e-09	-3.69851993476e-09
5.9741752992e-09	6.48242515222e-10
5.97513821579e-09	3.70022346097e-09
5.97610113239e-09	4.96442309483e-09
5.97706404899e-09	4.36981251184e-09
5.97802696559e-09	2.24207297173e-09
5.97898988218e-09	-8.01195498834e-10
5.97995279878e-09	-3.99871691315e-09
5.98091571538e-09	-6.60575327771e-09
5.98187863198e-09	-8.03609445654e-09
5.98284154857e-09	-7.9634911998e-09
5.98380446517e-09	-6.37309494067e-09
5.98476738177e-09	-3.5565208556e-09
5.98573029836e-09	-4.6996684322e-11
5.98669321496e-09	3.49857787185e-09
5.98765613156e-09	6.44981579256e-09
5.98861904816e-09	8.35348412664e-09
5.98958196475e-09	9.04519481537e-09
5.99054488135e-09	8.68426219824e-09
5.99150779795e-09	7.69310481985e-09
5.99247071455e-09	6.61369936594e-09
5.99343363114e-09	5.92020388268e-09
5.99439654774e-09	5.84670045711e-09
5.99535946434e-09	6.29342311598e-09
5.99632238094e-09	6.84887879743e-09
5.99728529753e-09	6.92663393309e-09
5.99824821413e-09	5.97731464325e-09
5.99921113073e-09	3.70585917508e-09
6.00017404733e-09	2.19309903571e-10
6.00113696392e-09	-3.94897137213e-09
6.00209988052e-09	-7.95251953178e-09
6.00306279712e-09	-1.08503490637e-08
6.00402571371e-09	-1.18649543523e-08
6.00498863031e-09	-1.06023678725e-08
6.00595154691e-09	-7.16963022285e-09
6.00691446351e-09	-2.1579595888e-09
6.0078773801e-09	3.49545459244e-09
6.0088402967e-09	8.72116601158e-09
6.0098032133e-09	1.25468018197e-08
6.0107661299e-09	1.4284369243e-08
6.01172904649e-09	1.3637185603e-08
6.01269196309e-09	1.07164748187e-08
6.01365487969e-09	5.9817120146e-09
6.01461779629e-09	1.33245525724e-10
6.01558071288e-09	-6.01264860123e-09
6.01654362948e-09	-1.16452216758e-08
6.01750654608e-09	-1.60637032565e-08
6.01846946268e-09	-1.87588522493e-08
6.01943237927e-09	-1.94689295796e-08
6.02039529587e-09	-1.82066592913e-08
6.02135821247e-09	-1.52512686924e-08
6.02232112906e-09	-1.10994538005e-08
6.02328404566e-09	-6.3763780922e-09
6.02424696226e-09	-1.71996461518e-09
6.02520987886e-09	2.33609576128e-09
6.02617279545e-09	5.45351408476e-09
6.02713571205e-09	7.52938511539e-09
6.02809862865e-09	8.67193250542e-09
6.02906154525e-09	9.12240949447e-09
6.03002446184e-09	9.14916498118e-09
6.03098737844e-09	8.95121310407e-09
6.03195029504e-09	8.60371507372e-09
6.03291321164e-09	8.06118638508e-09
6.03387612823e-09	7.21423232264e-09
6.03483904483e-09	5.97179816708e-09
6.03580196143e-09	4.33302460578e-09
6.03676487803e-09	2.42311770648e-09
6.03772779462e-09	4.7879333831e-10
6.03869071122e-09	-1.21201271241e-09
6.03965362782e-09	-2.38674058295e-09
6.04061654441e-09	-2.87319701364e-09
6.04157946101e-09	-2.62695598607e-09
6.04254237761e-09	-1.73276593074e-09
6.04350529421e-09	-3.75099395988e-10
6.0444682108e-09	1.20342191767e-09
6.0454311274e-09	2.73832911901e-09
6.046394044e-09	3.96967170246e-09
6.0473569606e-09	4.65997329613e-09
6.04831987719e-09	4.61260407647e-09
6.04928279379e-09	3.6985325913e-09
6.05024571039e-09	1.89051041488e-09
6.05120862699e-09	-7.02191638169e-10
6.05217154358e-09	-3.81286291429e-09
6.05313446018e-09	-7.02634483929e-09
6.05409737678e-09	-9.82546310979e-09
6.05506029338e-09	-1.16729932387e-08
6.05602320997e-09	-1.21171730427e-08
6.05698612657e-09	-1.08946629496e-08
6.05794904317e-09	-8.00672950163e-09
6.05891195976e-09	-3.75017705778e-09
6.05987487636e-09	1.3117549269e-09
6.06083779296e-09	6.43559960878e-09
6.06180070956e-09	1.08267155241e-08
6.06276362615e-09	1.37863533922e-08
6.06372654275e-09	1.48425574054e-08
6.06468945935e-09	1.38388962512e-08
6.06565237595e-09	1.09606732579e-08
6.06661529254e-09	6.68839783557e-09
6.06757820914e-09	1.69289460228e-09
6.06854112574e-09	-3.30073501864e-09
6.06950404234e-09	-7.65086305421e-09
6.07046695893e-09	-1.09073186039e-08
6.07142987553e-09	-1.28637100971e-08
6.07239279213e-09	-1.35483579911e-08
6.07335570873e-09	-1.31656587854e-08
6.07431862532e-09	-1.20087255695e-08
6.07528154192e-09	-1.03709147936e-08
6.07624445852e-09	-8.47927861258e-09
6.07720737511e-09	-6.46504316748e-09
6.07817029171e-09	-4.3730077337e-09
6.07913320831e-09	-2.19798912404e-09
6.08009612491e-09	6.80037692824e-11
6.0810590415e-09	2.39925501688e-09
6.0820219581e-09	4.72341943336e-09
6.0829848747e-09	6.93128354712e-09
6.0839477913e-09	8.90435547518e-09
6.08491070789e-09	1.05451585242e-08
6.08587362449e-09	1.17923955045e-08
6.08683654109e-09	1.2614624012e-08
6.08779945769e-09	1.29832802287e-08
6.08876237428e-09	1.28394148646e-08
6.08972529088e-09	1.20765104583e-08
6.09068820748e-09	1.05554338603e-08
6.09165112408e-09	8.15835488055e-09
6.09261404067e-09	4.87098406055e-09
6.09357695727e-09	8.62353743969e-10
6.09453987387e-09	-3.47459350181e-09
6.09550279046e-09	-7.54722684349e-09
6.09646570706e-09	-1.06623279095e-08
6.09742862366e-09	-1.21850849411e-08
6.09839154026e-09	-1.17131007116e-08
6.09935445685e-09	-9.21211018579e-09
6.10031737345e-09	-5.07168440578e-09
6.10128029005e-09	-5.62347945987e-11
6.10224320665e-09	4.8423940413e-09
6.10320612324e-09	8.6114617659e-09
6.10416903984e-09	1.04311981275e-08
6.10513195644e-09	9.84540271531e-09
6.10609487304e-09	6.851460288e-09
6.10705778963e-09	1.8961152648e-09
6.10802070623e-09	-4.2119978616e-09
6.10898362283e-09	-1.0448016674e-08
6.10994653942e-09	-1.57463944106e-08
6.11090945602e-09	-1.91772642211e-08
6.11187237262e-09	-2.00983230059e-08
6.11283528922e-09	-1.82621811007e-08
6.11379820581e-09	-1.38666322869e-08
6.11476112241e-09	-7.53614948223e-09
6.11572403901e-09	-2.26554996985e-10
6.11668695561e-09	6.93489932146e-09
6.1176498722e-09	1.2846316011e-08
6.1186127888e-09	1.66306826088e-08
6.1195757054e-09	1.77944645685e-08
6.120538622e-09	1.63036233403e-08
6.12150153859e-09	1.25611290258e-08
6.12246445519e-09	7.29616367323e-09
6.12342737179e-09	1.39446609815e-09
6.12439028839e-09	-4.28195301438e-09
6.12535320498e-09	-9.03826613552e-09
6.12631612158e-09	-1.24227828024e-08
6.12727903818e-09	-1.4229590839e-08
6.12824195477e-09	-1.44465701624e-08
6.12920487137e-09	-1.31813511217e-08
6.13016778797e-09	-1.05998143596e-08
6.13113070457e-09	-6.90060053543e-09
6.13209362116e-09	-2.32808305967e-09
6.13305653776e-09	2.79527734293e-09
6.13401945436e-09	8.0447311035e-09
6.13498237096e-09	1.29035031549e-08
6.13594528755e-09	1.6820983717e-08
6.13690820415e-09	1.93090397005e-08
6.13787112075e-09	2.0050450189e-08
6.13883403735e-09	1.89837781051e-08
6.13979695394e-09	1.63308335743e-08
6.14075987054e-09	1.25550227992e-08
6.14172278714e-09	8.25992696463e-09
6.14268570374e-09	4.05615674381e-09
6.14364862033e-09	4.37603814296e-10
6.14461153693e-09	-2.30062213724e-09
6.14557445353e-09	-4.08627442994e-09
6.14653737012e-09	-5.03678965202e-09
6.14750028672e-09	-5.38991251631e-09
6.14846320332e-09	-5.4293041174e-09
6.14942611992e-09	-5.42375877544e-09
6.15038903651e-09	-5.58719914778e-09
6.15135195311e-09	-6.06219296984e-09
6.15231486971e-09	-6.9145498216e-09
6.15327778631e-09	-8.12971734376e-09
6.1542407029e-09	-9.61073798322e-09
6.1552036195e-09	-1.11809121961e-08
6.1561665361e-09	-1.26016823643e-08
6.1571294527e-09	-1.36094842063e-08
6.15809236929e-09	-1.39674742883e-08
6.15905528589e-09	-1.35211468688e-08
6.16001820249e-09	-1.2239469882e-08
6.16098111909e-09	-1.02250314882e-08
6.16194403568e-09	-7.68796315498e-09
6.16290695228e-09	-4.89188334285e-09
6.16386986888e-09	-2.08632400245e-09
6.16483278547e-09	5.53865286967e-10
6.16579570207e-09	2.9631452847e-09
6.16675861867e-09	5.18509413183e-09
6.16772153527e-09	7.33668148456e-09
6.16868445186e-09	9.54654488794e-09
6.16964736846e-09	1.18859615483e-08
6.17061028506e-09	1.43098386474e-08
6.17157320166e-09	1.66249254363e-08
6.17253611825e-09	1.84992110519e-08
6.17349903485e-09	1.95166425243e-08
6.17446195145e-09	1.92709777025e-08
6.17542486805e-09	1.74768608474e-08
6.17638778464e-09	1.40717020258e-08
6.17735070124e-09	9.28163235159e-09
6.17831361784e-09	3.62213103955e-09
6.17927653444e-09	-2.17544959824e-09
6.18023945103e-09	-7.2992105693e-09
6.18120236763e-09	-1.10296500822e-08
6.18216528423e-09	-1.29063026932e-08
6.18312820082e-09	-1.28399850752e-08
6.18409111742e-09	-1.11382369994e-08
6.18505403402e-09	-8.42983727267e-09
6.18601695062e-09	-5.50221201934e-09
6.18697986721e-09	-3.09319103664e-09
6.18794278381e-09	-1.69310321319e-09
6.18890570041e-09	-1.4172741869e-09
6.18986861701e-09	-1.99185556937e-09
6.1908315336e-09	-2.85985324311e-09
6.1917944502e-09	-3.37737837697e-09
6.1927573668e-09	-3.04180902688e-09
6.1937202834e-09	-1.67561908793e-09
6.19468319999e-09	4.98209307143e-10
6.19564611659e-09	2.91567348043e-09
6.19660903319e-09	4.85081397272e-09
6.19757194979e-09	5.65325253277e-09
6.19853486638e-09	4.96124430427e-09
6.19949778298e-09	2.81947309944e-09
6.20046069958e-09	-3.35580452315e-10
6.20142361617e-09	-3.81211862077e-09
6.20238653277e-09	-6.86875756273e-09
6.20334944937e-09	-8.91623042065e-09
6.20431236597e-09	-9.6498995461e-09
6.20527528256e-09	-9.08160391333e-09
6.20623819916e-09	-7.47913553312e-09
6.20720111576e-09	-5.25198329271e-09
6.20816403236e-09	-2.83190115802e-09
6.20912694895e-09	-5.86679593795e-10
6.21008986555e-09	1.22013021908e-09
6.21105278215e-09	2.43510656084e-09
6.21201569875e-09	3.00503355533e-09
6.21297861534e-09	2.96890934059e-09
6.21394153194e-09	2.45754527839e-09
6.21490444854e-09	1.68941871603e-09
6.21586736513e-09	9.46235201305e-10
6.21683028173e-09	5.21929388597e-10
6.21779319833e-09	6.5482863576e-10
6.21875611493e-09	1.46517098454e-09
6.21971903152e-09	2.92184143547e-09
6.22068194812e-09	4.85140994044e-09
6.22164486472e-09	6.99001478921e-09
6.22260778132e-09	9.05642227877e-09
6.22357069791e-09	1.0814494189e-08
6.22453361451e-09	1.21042829093e-08
6.22549653111e-09	1.28346222539e-08
6.22645944771e-09	1.29483268552e-08
6.2274223643e-09	1.23853194367e-08
6.2283852809e-09	1.10675557607e-08
6.2293481975e-09	8.9154053029e-09
6.2303111141e-09	5.89321214051e-09
6.23127403069e-09	2.06442463124e-09
6.23223694729e-09	-2.37187980368e-09
6.23319986389e-09	-7.07901648411e-09
6.23416278048e-09	-1.16216094526e-08
6.23512569708e-09	-1.55378341304e-08
6.23608861368e-09	-1.84219803856e-08
6.23705153028e-09	-1.99939300671e-08
6.23801444687e-09	-2.01384562359e-08
6.23897736347e-09	-1.89060180844e-08
6.23994028007e-09	-1.64804330183e-08
6.24090319667e-09	-1.31278010684e-08
6.24186611326e-09	-9.1443981276e-09
6.24282902986e-09	-4.82153428294e-09
6.24379194646e-09	-4.35162739176e-10
6.24475486306e-09	3.74333497533e-09
6.24571777965e-09	7.42847250379e-09
6.24668069625e-09	1.03142800967e-08
6.24764361285e-09	1.20954410932e-08
6.24860652945e-09	1.25222205938e-08
6.24956944604e-09	1.14786891103e-08
6.25053236264e-09	9.05968366993e-09
6.25149527924e-09	5.61431479085e-09
6.25245819583e-09	1.72543979104e-09
6.25342111243e-09	-1.88183557626e-09
6.25438402903e-09	-4.4878358807e-09
6.25534694563e-09	-5.54847723322e-09
6.25630986222e-09	-4.83914508465e-09
6.25727277882e-09	-2.52611309648e-09
6.25823569542e-09	8.59338933346e-10
6.25919861202e-09	4.53950477208e-09
6.26016152861e-09	7.67125296619e-09
6.26112444521e-09	9.5408543288e-09
6.26208736181e-09	9.72010472111e-09
6.26305027841e-09	8.14306755359e-09
6.264013195e-09	5.09230257961e-09
6.2649761116e-09	1.10921127838e-09
6.2659390282e-09	-3.14319659189e-09
6.2669019448e-09	-7.02001479169e-09
6.26786486139e-09	-9.99874849583e-09
6.26882777799e-09	-1.17351479645e-08
6.26979069459e-09	-1.20693295358e-08
6.27075361118e-09	-1.09996056707e-08
6.27171652778e-09	-8.64923332955e-09
6.27267944438e-09	-5.24279020198e-09
6.27364236098e-09	-1.09693842898e-09
6.27460527757e-09	3.38537065048e-09
6.27556819417e-09	7.73469910342e-09
6.27653111077e-09	1.14629052916e-08
6.27749402737e-09	1.41379512542e-08
6.27845694396e-09	1.54680215303e-08
6.27941986056e-09	1.53673074266e-08
6.28038277716e-09	1.39753080219e-08
6.28134569376e-09	1.16143201723e-08
6.28230861035e-09	8.69596927799e-09
6.28327152695e-09	5.6050235564e-09
6.28423444355e-09	2.60034216382e-09
6.28519736015e-09	-2.29107233185e-10
6.28616027674e-09	-2.94299318249e-09
6.28712319334e-09	-5.6709117402e-09
6.28808610994e-09	-8.50694803489e-09
6.28904902653e-09	-1.14224487646e-08
6.29001194313e-09	-1.42272575943e-08
6.29097485973e-09	-1.65940026164e-08
6.29193777633e-09	-1.81378823072e-08
6.29290069292e-09	-1.85234458883e-08
6.29386360952e-09	-1.75624528254e-08
6.29482652612e-09	-1.527232385e-08
6.29578944272e-09	-1.18805125737e-08
6.29675235931e-09	-7.77690356557e-09
6.29771527591e-09	-3.43159456406e-09
6.29867819251e-09	6.96088187091e-10
6.29964110911e-09	4.23260759774e-09
6.3006040257e-09	6.93506585492e-09
6.3015669423e-09	8.70236682715e-09
6.3025298589e-09	9.55699874794e-09
6.3034927755e-09	9.61322133008e-09
6.30445569209e-09	9.04733266083e-09
6.30541860869e-09	8.07517519519e-09
6.30638152529e-09	6.93660640039e-09
6.30734444188e-09	5.87953286058e-09
6.30830735848e-09	5.13367526267e-09
6.30927027508e-09	4.87078066769e-09
6.31023319168e-09	5.1551127811e-09
6.31119610827e-09	5.90208548701e-09
6.31215902487e-09	6.86846179931e-09
6.31312194147e-09	7.68904939719e-09
6.31408485807e-09	7.96181254259e-09
6.31504777466e-09	7.36507788091e-09
6.31601069126e-09	5.7695563882e-09
6.31697360786e-09	3.3032163671e-09
6.31793652446e-09	3.43536976644e-10
6.31889944105e-09	-2.57016208316e-09
6.31986235765e-09	-4.88460960568e-09
6.32082527425e-09	-6.19409057379e-09
6.32178819085e-09	-6.36181995972e-09
6.32275110744e-09	-5.55840262706e-09
6.32371402404e-09	-4.20338208684e-09
6.32467694064e-09	-2.82829804021e-09
6.32563985723e-09	-1.90399340738e-09
6.32660277383e-09	-1.69073111067e-09
6.32756569043e-09	-2.16050133339e-09
6.32852860703e-09	-3.01559222038e-09
6.32949152362e-09	-3.79888076552e-09
6.33045444022e-09	-4.05727851316e-09
6.33141735682e-09	-3.50297946206e-09
6.33238027342e-09	-2.11906381331e-09
6.33334319001e-09	-1.74199210612e-10
6.33430610661e-09	1.85731963143e-09
6.33526902321e-09	3.44470185709e-09
6.33623193981e-09	4.16593337604e-09
6.3371948564e-09	3.83158660355e-09
6.338157773e-09	2.52841525494e-09
6.3391206896e-09	5.67584979017e-10
6.34008360619e-09	-1.64033253647e-09
6.34104652279e-09	-3.73238950857e-09
6.34200943939e-09	-5.50548939771e-09
6.34297235599e-09	-6.94996504791e-09
6.34393527258e-09	-8.19336332114e-09
6.34489818918e-09	-9.37838962045e-09
6.34586110578e-09	-1.05285620222e-08
6.34682402238e-09	-1.14636904414e-08
6.34778693897e-09	-1.18069145572e-08
6.34874985557e-09	-1.10904352368e-08
6.34971277217e-09	-8.92708307276e-09
6.35067568877e-09	-5.1855892913e-09
6.35163860536e-09	-9.95667298609e-11
6.35260152196e-09	5.73584735264e-09
6.35356443856e-09	1.14847651389e-08
6.35452735516e-09	1.62749103083e-08
6.35549027175e-09	1.94170262091e-08
6.35645318835e-09	2.05663557296e-08
6.35741610495e-09	1.9779152538e-08
6.35837902154e-09	1.74531020747e-08
6.35934193814e-09	1.41818858879e-08
6.36030485474e-09	1.05819681906e-08
6.36126777134e-09	7.15098424919e-09
6.36223068793e-09	4.19906331928e-09
6.36319360453e-09	1.85840431932e-09
6.36415652113e-09	1.44288858639e-10
6.36511943773e-09	-9.74280212063e-10
6.36608235432e-09	-1.53258061797e-09
6.36704527092e-09	-1.57337065598e-09
6.36800818752e-09	-1.1861741589e-09
6.36897110412e-09	-5.53023182803e-10
6.36993402071e-09	3.30494520639e-11
6.37089693731e-09	1.98507571492e-10
6.37185985391e-09	-4.31881475027e-10
6.37282277051e-09	-2.12910777897e-09
6.3737856871e-09	-4.96214980217e-09
6.3747486037e-09	-8.74345662538e-09
6.3757115203e-09	-1.30347563854e-08
6.37667443689e-09	-1.72118159725e-08
6.37763735349e-09	-2.05734096426e-08
6.37860027009e-09	-2.24704521656e-08
6.37956318669e-09	-2.24281233585e-08
6.38052610328e-09	-2.0239122378e-08
6.38148901988e-09	-1.60131730098e-08
6.38245193648e-09	-1.01771613359e-08
6.38341485308e-09	-3.42419381738e-09
6.38437776967e-09	3.38809869049e-09
6.38534068627e-09	9.37783095623e-09
6.38630360287e-09	1.3793928666e-08
6.38726651947e-09	1.61586850567e-08
6.38822943606e-09	1.63649733764e-08
6.38919235266e-09	1.46992604755e-08
6.39015526926e-09	1.1779838438e-08
6.39111818586e-09	8.41749248082e-09
6.39208110245e-09	5.42883604737e-09
6.39304401905e-09	3.44779182981e-09
6.39400693565e-09	2.78251954811e-09
6.39496985224e-09	3.35459193757e-09
6.39593276884e-09	4.73608130491e-09
6.39689568544e-09	6.27542728893e-09
6.39785860204e-09	7.2763355341e-09
6.39882151863e-09	7.18346004902e-09
6.39978443523e-09	5.72931879717e-09
6.40074735183e-09	3.00593328006e-09
6.40171026843e-09	-5.55010759573e-10
6.40267318502e-09	-4.28482982429e-09
6.40363610162e-09	-7.43517425406e-09
6.40459901822e-09	-9.35163235738e-09
6.40556193482e-09	-9.62301172081e-09
6.40652485141e-09	-8.17386425211e-09
6.40748776801e-09	-5.28005950073e-09
6.40845068461e-09	-1.50534518184e-09
6.40941360121e-09	2.42429765152e-09
6.4103765178e-09	5.77904035737e-09
6.4113394344e-09	7.98143329206e-09
6.412302351e-09	8.72330474522e-09
6.41326526759e-09	8.01483235335e-09
6.41422818419e-09	6.15522344205e-09
6.41519110079e-09	3.63435415096e-09
6.41615401739e-09	9.93849114117e-10
6.41711693398e-09	-1.31467459141e-09
6.41807985058e-09	-3.03358804743e-09
6.41904276718e-09	-4.13603373772e-09
6.42000568378e-09	-4.78910111568e-09
6.42096860037e-09	-5.25900745174e-09
6.42193151697e-09	-5.79341197238e-09
6.42289443357e-09	-6.52238663079e-09
6.42385735017e-09	-7.41050776298e-09
6.42482026676e-09	-8.2743616403e-09
6.42578318336e-09	-8.85547457585e-09
6.42674609996e-09	-8.91835938432e-09
6.42770901656e-09	-8.33692936908e-09
6.42867193315e-09	-7.13829972909e-09
6.42963484975e-09	-5.49055023669e-09
6.43059776635e-09	-3.64389229901e-09
6.43156068294e-09	-1.85020310184e-09
6.43252359954e-09	-2.91835444699e-10
6.43348651614e-09	9.55107881673e-10
6.43444943274e-09	1.91592564036e-09
6.43541234933e-09	2.68008504278e-09
6.43637526593e-09	3.35222249959e-09
6.43733818253e-09	4.012629784e-09
6.43830109913e-09	4.69962380123e-09
6.43926401572e-09	5.41559952438e-09
6.44022693232e-09	6.144639908e-09
6.44118984892e-09	6.86762735569e-09
6.44215276552e-09	7.56570628369e-09
6.44311568211e-09	8.20946777225e-09
6.44407859871e-09	8.74119976402e-09
6.44504151531e-09	9.06395136724e-09
6.44600443191e-09	9.05059849288e-09
6.4469673485e-09	8.57306581281e-09
6.4479302651e-09	7.54395479419e-09
6.4488931817e-09	5.9597180524e-09
6.44985609829e-09	3.92623888956e-09
6.45081901489e-09	1.65230207294e-09
6.45178193149e-09	-5.90807291978e-10
6.45274484809e-09	-2.535479382e-09
6.45370776468e-09	-3.99114830074e-09
6.45467068128e-09	-4.90171325751e-09
6.45563359788e-09	-5.36685540453e-09
6.45659651448e-09	-5.61130208965e-09
6.45755943107e-09	-5.90678439494e-09
6.45852234767e-09	-6.46799058757e-09
6.45948526427e-09	-7.35056993051e-09
6.46044818087e-09	-8.39269453934e-09
6.46141109746e-09	-9.2290743936e-09
6.46237401406e-09	-9.38164390618e-09
6.46333693066e-09	-8.41065617152e-09
6.46429984725e-09	-6.08386274692e-09
6.46526276385e-09	-2.50479526009e-09
6.46622568045e-09	1.85015680554e-09
6.46718859705e-09	6.20746298807e-09
6.46815151364e-09	9.6729886323e-09
6.46911443024e-09	1.14636966586e-08
6.47007734684e-09	1.11236655442e-08
6.47104026344e-09	8.65561133878e-09
6.47200318003e-09	4.53171811188e-09
6.47296609663e-09	-4.20369544729e-10
6.47392901323e-09	-5.22351717436e-09
6.47489192983e-09	-8.98011975892e-09
6.47585484642e-09	-1.1061135119e-08
6.47681776302e-09	-1.12147020559e-08
6.47778067962e-09	-9.5753316387e-09
6.47874359622e-09	-6.58896670558e-09
6.47970651281e-09	-2.89075785531e-09
6.48066942941e-09	8.27333590525e-10
6.48163234601e-09	3.93272969745e-09
6.4825952626e-09	5.93949067706e-09
6.4835581792e-09	6.56467369353e-09
6.4845210958e-09	5.76099479233e-09
6.4854840124e-09	3.72729624942e-09
6.48644692899e-09	8.87961260077e-10
6.48740984559e-09	-2.16434070666e-09
6.48837276219e-09	-4.76206940547e-09
6.48933567879e-09	-6.28791907431e-09
6.49029859538e-09	-6.30860164108e-09
6.49126151198e-09	-4.68128735776e-09
6.49222442858e-09	-1.60295487994e-09
6.49318734518e-09	2.41607667206e-09
6.49415026177e-09	6.65550725643e-09
6.49511317837e-09	1.0343478074e-08
6.49607609497e-09	1.28303980773e-08
6.49703901157e-09	1.37343842965e-08
6.49800192816e-09	1.3020258649e-08
6.49896484476e-09	1.09918341096e-08
6.49992776136e-09	8.20115264588e-09
6.50089067795e-09	5.2991619981e-09
6.50185359455e-09	2.86530799087e-09
6.50281651115e-09	1.26101173947e-09
6.50377942775e-09	5.47492495784e-10
6.50474234434e-09	4.87242635128e-10
6.50570526094e-09	6.28274599013e-10
6.50666817754e-09	4.48176218359e-10
6.50763109414e-09	-4.83598716627e-10
6.50859401073e-09	-2.37211095211e-09
6.50955692733e-09	-5.12864151148e-09
6.51051984393e-09	-8.38513170009e-09
6.51148276053e-09	-1.15878586726e-08
6.51244567712e-09	-1.41415910093e-08
6.51340859372e-09	-1.55594950257e-08
6.51437151032e-09	-1.55753383524e-08
6.51533442692e-09	-1.41913938378e-08
6.51629734351e-09	-1.16566738484e-08
6.51726026011e-09	-8.38552072224e-09
6.51822317671e-09	-4.84686291102e-09
6.5191860933e-09	-1.46336986973e-09
6.5201490099e-09	1.45522427442e-09
6.5211119265e-09	3.7354173088e-09
6.5220748431e-09	5.32195532088e-09
6.52303775969e-09	6.23628082508e-09
6.52400067629e-09	6.53464793388e-09
6.52496359289e-09	6.28158414173e-09
6.52592650949e-09	5.5451319092e-09
6.52688942608e-09	4.41001812845e-09
6.52785234268e-09	2.9970357307e-09
6.52881525928e-09	1.47582590593e-09
6.52977817588e-09	6.19444495698e-11
6.53074109247e-09	-1.00653207991e-09
6.53170400907e-09	-1.50924162057e-09
6.53266692567e-09	-1.29131705329e-09
6.53362984227e-09	-3.08056913312e-10
6.53459275886e-09	1.34475075519e-09
6.53555567546e-09	3.42286865518e-09
6.53651859206e-09	5.55884804854e-09
6.53748150865e-09	7.3239130316e-09
6.53844442525e-09	8.31660162959e-09
6.53940734185e-09	8.2644922017e-09
6.54037025845e-09	7.11405023779e-09
6.54133317504e-09	5.07671371608e-09
6.54229609164e-09	2.60781751749e-09
6.54325900824e-09	3.11561720867e-10
6.54422192484e-09	-1.21340237857e-09
6.54518484143e-09	-1.54828783128e-09
6.54614775803e-09	-5.92647986242e-10
6.54711067463e-09	1.3789219766e-09
6.54807359123e-09	3.76611364317e-09
6.54903650782e-09	5.79604808593e-09
6.54999942442e-09	6.73664857231e-09
6.55096234102e-09	6.10468298134e-09
6.55192525762e-09	3.80687614765e-09
6.55288817421e-09	1.68477148899e-10
6.55385109081e-09	-4.15726431058e-09
6.55481400741e-09	-8.36859292974e-09
6.555776924e-09	-1.17273044609e-08
6.5567398406e-09	-1.37362716757e-08
6.5577027572e-09	-1.42355114363e-08
6.5586656738e-09	-1.33953914627e-08
6.55962859039e-09	-1.16183578314e-08
6.56059150699e-09	-9.39265731859e-09
6.56155442359e-09	-7.14933978685e-09
6.56251734019e-09	-5.16621412316e-09
6.56348025678e-09	-3.54071572062e-09
6.56444317338e-09	-2.2287207635e-09
6.56540608998e-09	-1.1238338038e-09
6.56636900658e-09	-1.38563938101e-10
6.56733192317e-09	7.46141037844e-10
6.56829483977e-09	1.47894474445e-09
6.56925775637e-09	1.97902716437e-09
6.57022067296e-09	2.19689200165e-09
6.57118358956e-09	2.16359286043e-09
6.57214650616e-09	2.00472483058e-09
6.57310942276e-09	1.91065141486e-09
6.57407233935e-09	2.07284833742e-09
6.57503525595e-09	2.61436361448e-09
6.57599817255e-09	3.54362850175e-09
6.57696108915e-09	4.74775996295e-09
6.57792400574e-09	6.02987304532e-09
6.57888692234e-09	7.17602954836e-09
6.57984983894e-09	8.02114108467e-09
6.58081275554e-09	8.49013659376e-09
6.58177567213e-09	8.60347260101e-09
6.58273858873e-09	8.44782732656e-09
6.58370150533e-09	8.12886025159e-09
6.58466442193e-09	7.72723485198e-09
6.58562733852e-09	7.27360438546e-09
6.58659025512e-09	6.74717837157e-09
6.58755317172e-09	6.09039041422e-09
6.58851608831e-09	5.22834886496e-09
6.58947900491e-09	4.08234201998e-09
6.59044192151e-09	2.57733256959e-09
6.59140483811e-09	6.50072440322e-10
6.5923677547e-09	-1.73470027232e-09
6.5933306713e-09	-4.55372584085e-09
6.5942935879e-09	-7.68701191589e-09
6.5952565045e-09	-1.08912763253e-08
6.59621942109e-09	-1.38040352482e-08
6.59718233769e-09	-1.59899808949e-08
6.59814525429e-09	-1.7028726873e-08
6.59910817089e-09	-1.66229359166e-08
6.60007108748e-09	-1.46923149202e-08
6.60103400408e-09	-1.14188321021e-08
6.60199692068e-09	-7.22594917235e-09
6.60295983728e-09	-2.69666533548e-09
6.60392275387e-09	1.54889701065e-09
6.60488567047e-09	4.97832886026e-09
6.60584858707e-09	7.23674631331e-09
6.60681150366e-09	8.18391221458e-09
6.60777442026e-09	7.87912668443e-09
6.60873733686e-09	6.52995879591e-09
6.60970025346e-09	4.42957093227e-09
6.61066317005e-09	1.90296489677e-09
6.61162608665e-09	-7.2617289959e-10
6.61258900325e-09	-3.14921733136e-09
6.61355191985e-09	-5.08088504603e-09
6.61451483644e-09	-6.27241192319e-09
6.61547775304e-09	-6.53244525139e-09
6.61644066964e-09	-5.75690872751e-09
6.61740358624e-09	-3.96054833374e-09
6.61836650283e-09	-1.29614852185e-09
6.61932941943e-09	1.94739468995e-09
6.62029233603e-09	5.3718820503e-09
6.62125525263e-09	8.52140313867e-09
6.62221816922e-09	1.09544116e-08
6.62318108582e-09	1.23233547811e-08
6.62414400242e-09	1.24452652628e-08
6.62510691901e-09	1.13499050158e-08
6.62606983561e-09	9.28755383711e-09
6.62703275221e-09	6.68696964468e-09
6.62799566881e-09	4.06912104012e-09
6.6289585854e-09	1.92977855917e-09
6.629921502e-09	6.16402928699e-10
6.6308844186e-09	2.35403141424e-10
6.6318473352e-09	6.17932593983e-10
6.63281025179e-09	1.3573218105e-09
6.63377316839e-09	1.91631821522e-09
6.63473608499e-09	1.77819803326e-09
6.63569900159e-09	6.01725558269e-10
6.63666191818e-09	-1.66403113511e-09
6.63762483478e-09	-4.74138106554e-09
6.63858775138e-09	-8.0753803644e-09
6.63955066798e-09	-1.09639266554e-08
6.64051358457e-09	-1.27347306034e-08
6.64147650117e-09	-1.29207462507e-08
6.64243941777e-09	-1.13857332451e-08
6.64340233436e-09	-8.3658946437e-09
6.64436525096e-09	-4.41651959449e-09
6.64532816756e-09	-2.81866863183e-10
6.64629108416e-09	3.27705529379e-09
6.64725400075e-09	5.65109736783e-09
6.64821691735e-09	6.50469544894e-09
6.64917983395e-09	5.82610670818e-09
6.65014275055e-09	3.90022503183e-09
6.65110566714e-09	1.21879972781e-09
6.65206858374e-09	-1.64059388297e-09
6.65303150034e-09	-4.13540757194e-09
6.65399441694e-09	-5.85623460836e-09
6.65495733353e-09	-6.58432774969e-09
6.65592025013e-09	-6.30339069829e-09
6.65688316673e-09	-5.17465892358e-09
6.65784608333e-09	-3.48436213216e-09
6.65880899992e-09	-1.57339430373e-09
6.65977191652e-09	2.35514940883e-10
6.66073483312e-09	1.70127645305e-09
6.66169774971e-09	2.7075215403e-09
6.66266066631e-09	3.27434657166e-09
6.66362358291e-09	3.53557894073e-09
6.66458649951e-09	3.68486174906e-09
6.6655494161e-09	3.90504339975e-09
6.6665123327e-09	4.30390167949e-09
6.6674752493e-09	4.8759907223e-09
6.6684381659e-09	5.50358292273e-09
6.66940108249e-09	5.99666094558e-09
6.67036399909e-09	6.15776318824e-09
6.67132691569e-09	5.8490261523e-09
6.67228983229e-09	5.03499242299e-09
6.67325274888e-09	3.78978937121e-09
6.67421566548e-09	2.27261232055e-09
6.67517858208e-09	6.81117551249e-10
6.67614149868e-09	-7.93831500534e-10
6.67710441527e-09	-1.99403116241e-09
6.67806733187e-09	-2.80183942714e-09
6.67903024847e-09	-3.13495607251e-09
6.67999316506e-09	-2.94173352344e-09
6.68095608166e-09	-2.21592344474e-09
6.68191899826e-09	-1.0271848927e-09
6.68288191486e-09	4.51080894859e-10
6.68384483145e-09	1.93519467118e-09
6.68480774805e-09	3.06643466175e-09
6.68577066465e-09	3.49348394657e-09
6.68673358125e-09	2.98217606165e-09
6.68769649784e-09	1.51420120886e-09
6.68865941444e-09	-6.6813271582e-10
6.68962233104e-09	-3.09969383494e-09
6.69058524764e-09	-5.21284970745e-09
6.69154816423e-09	-6.50749809594e-09
6.69251108083e-09	-6.7129510839e-09
6.69347399743e-09	-5.8822768878e-09
6.69443691402e-09	-4.38218972221e-09
6.69539983062e-09	-2.77556000405e-09
6.69636274722e-09	-1.63397262387e-09
6.69732566382e-09	-1.34557620601e-09
6.69828858041e-09	-1.98448635302e-09
6.69925149701e-09	-3.28752403078e-09
6.70021441361e-09	-4.74564698649e-09
6.70117733021e-09	-5.77503911359e-09
6.7021402468e-09	-5.90637716513e-09
6.7031031634e-09	-4.93035168248e-09
6.70406608e-09	-2.95534396955e-09
6.7050289966e-09	-3.63924668179e-10
6.70599191319e-09	2.31039587462e-09
6.70695482979e-09	4.54037740738e-09
6.70791774639e-09	5.94312865587e-09
6.70888066299e-09	6.36187102998e-09
6.70984357958e-09	5.87796433749e-09
6.71080649618e-09	4.76135086913e-09
6.71176941278e-09	3.38376304754e-09
6.71273232937e-09	2.12271089595e-09
6.71369524597e-09	1.28006039102e-09
6.71465816257e-09	1.02795028045e-09
6.71562107917e-09	1.38487832313e-09
6.71658399576e-09	2.22155183138e-09
6.71754691236e-09	3.2931328775e-09
6.71850982896e-09	4.29367430499e-09
6.71947274556e-09	4.92810148245e-09
6.72043566215e-09	4.98889418665e-09
6.72139857875e-09	4.41841763177e-09
6.72236149535e-09	3.33614447179e-09
6.72332441195e-09	2.01458916216e-09
6.72428732854e-09	8.04870836646e-10
6.72525024514e-09	2.82967815846e-11
6.72621316174e-09	-1.33131561331e-10
6.72717607834e-09	2.93070179236e-10
6.72813899493e-09	1.06636677266e-09
6.72910191153e-09	1.80303083575e-09
6.73006482813e-09	2.09909867266e-09
6.73102774472e-09	1.66579039451e-09
6.73199066132e-09	4.30854185662e-10
6.73295357792e-09	-1.43057987678e-09
6.73391649452e-09	-3.5441654056e-09
6.73487941111e-09	-5.44549294546e-09
6.73584232771e-09	-6.71642563788e-09
6.73680524431e-09	-7.1027606019e-09
6.73776816091e-09	-6.57748788768e-09
6.7387310775e-09	-5.34070787594e-09
6.7396939941e-09	-3.76371867006e-09
6.7406569107e-09	-2.29585617184e-09
6.7416198273e-09	-1.36028366349e-09
6.74258274389e-09	-1.26268639988e-09
6.74354566049e-09	-2.1257706706e-09
6.74450857709e-09	-3.85360188204e-09
6.74547149369e-09	-6.13118933401e-09
6.74643441028e-09	-8.46550740619e-09
6.74739732688e-09	-1.02664543533e-08
6.74836024348e-09	-1.09614832766e-08
6.74932316007e-09	-1.01294359567e-08
6.75028607667e-09	-7.62231611162e-09
6.75124899327e-09	-3.63683794191e-09
6.75221190987e-09	1.29304522645e-09
6.75317482646e-09	6.39465236318e-09
6.75413774306e-09	1.08302167234e-08
6.75510065966e-09	1.3900861795e-08
6.75606357626e-09	1.52220636096e-08
6.75702649285e-09	1.48134757794e-08
6.75798940945e-09	1.30720465563e-08
6.75895232605e-09	1.0634493286e-08
6.75991524265e-09	8.17413514653e-09
6.76087815924e-09	6.20055518041e-09
6.76184107584e-09	4.92529173002e-09
6.76280399244e-09	4.23715196263e-09
6.76376690904e-09	3.79265996386e-09
6.76472982563e-09	3.18257753484e-09
6.76569274223e-09	2.11230477554e-09
6.76665565883e-09	5.30347155081e-10
6.76761857542e-09	-1.34082478453e-09
6.76858149202e-09	-3.0783577909e-09
6.76954440862e-09	-4.20956025593e-09
6.77050732522e-09	-4.38608616093e-09
6.77147024181e-09	-3.52021634065e-09
6.77243315841e-09	-1.83719039981e-09
6.77339607501e-09	1.71110625669e-10
6.77435899161e-09	1.87715776256e-09
6.7753219082e-09	2.69278088716e-09
6.7762848248e-09	2.23309637448e-09
6.7772477414e-09	4.23610063693e-10
6.778210658e-09	-2.47728193514e-09
6.77917357459e-09	-5.94360294315e-09
6.78013649119e-09	-9.31386701097e-09
6.78109940779e-09	-1.19496341711e-08
6.78206232439e-09	-1.33788118362e-08
6.78302524098e-09	-1.33889965781e-08
6.78398815758e-09	-1.20474101806e-08
6.78495107418e-09	-9.65250723794e-09
6.78591399077e-09	-6.64010268991e-09
6.78687690737e-09	-3.47234374587e-09
6.78783982397e-09	-5.4407311989e-10
6.78880274057e-09	1.87133331053e-09
6.78976565716e-09	3.63252827817e-09
6.79072857376e-09	4.70565586497e-09
6.79169149036e-09	5.12705655709e-09
6.79265440696e-09	4.97564922597e-09
6.79361732355e-09	4.36479963284e-09
6.79458024015e-09	3.44853412493e-09
6.79554315675e-09	2.43049780302e-09
6.79650607335e-09	1.55794799284e-09
6.79746898994e-09	1.08323960912e-09
6.79843190654e-09	1.19863341475e-09
6.79939482314e-09	1.96673921593e-09
6.80035773974e-09	3.27288818269e-09
6.80132065633e-09	4.82809170421e-09
6.80228357293e-09	6.23528872978e-09
6.80324648953e-09	7.10302572315e-09
6.80420940612e-09	7.16983405979e-09
6.80517232272e-09	6.39477315545e-09
6.80613523932e-09	4.97731988958e-09
6.80709815592e-09	3.29359939322e-09
6.80806107251e-09	1.768180935e-09
6.80902398911e-09	7.28545779261e-10
6.80998690571e-09	2.99199470755e-10
6.81094982231e-09	3.74915598567e-10
6.8119127389e-09	6.81661005419e-10
6.8128756555e-09	9.0292473498e-10
6.8138385721e-09	8.18481227238e-10
6.8148014887e-09	3.95287191868e-10
6.81576440529e-09	-2.05015060484e-10
6.81672732189e-09	-7.07724434612e-10
6.81769023849e-09	-8.62348414898e-10
6.81865315508e-09	-5.76866443502e-10
6.81961607168e-09	4.54147830453e-12
6.82057898828e-09	5.20329779263e-10
6.82154190488e-09	5.07298758556e-10
6.82250482147e-09	-4.30462887557e-10
6.82346773807e-09	-2.45725884085e-09
6.82443065467e-09	-5.405317971e-09
6.82539357127e-09	-8.78053452169e-09
6.82635648786e-09	-1.18761853685e-08
6.82731940446e-09	-1.39600579985e-08
6.82828232106e-09	-1.44777132505e-08
6.82924523766e-09	-1.32077824233e-08
6.83020815425e-09	-1.03218749103e-08
6.83117107085e-09	-6.33663566063e-09
6.83213398745e-09	-1.97588700956e-09
6.83309690405e-09	2.01556926704e-09
6.83405982064e-09	5.04829689163e-09
6.83502273724e-09	6.80762068939e-09
6.83598565384e-09	7.29118854181e-09
6.83694857043e-09	6.76336631145e-09
6.83791148703e-09	5.65071900382e-09
6.83887440363e-09	4.41555636499e-09
6.83983732023e-09	3.44139672315e-09
6.84080023682e-09	2.95687119234e-09
6.84176315342e-09	3.00959523969e-09
6.84272607002e-09	3.48394602057e-09
6.84368898662e-09	4.14965883877e-09
6.84465190321e-09	4.72558303599e-09
6.84561481981e-09	4.94581264832e-09
6.84657773641e-09	4.62096050313e-09
6.84754065301e-09	3.68882813184e-09
6.8485035696e-09	2.24550245065e-09
6.8494664862e-09	5.48124101662e-10
6.8504294028e-09	-1.01975761169e-09
6.8513923194e-09	-2.02659666826e-09
6.85235523599e-09	-2.10574047088e-09
6.85331815259e-09	-1.07934039484e-09
6.85428106919e-09	9.43755296134e-10
6.85524398578e-09	3.5352671901e-09
6.85620690238e-09	6.00514393767e-09
6.85716981898e-09	7.55337659086e-09
6.85813273558e-09	7.48363948588e-09
6.85909565217e-09	5.42045075491e-09
6.86005856877e-09	1.46561374148e-09
6.86102148537e-09	-3.76290287818e-09
6.86198440197e-09	-9.23551457532e-09
6.86294731856e-09	-1.37410021139e-08
6.86391023516e-09	-1.61851243519e-08
6.86487315176e-09	-1.58779993598e-08
6.86583606836e-09	-1.27282833162e-08
6.86679898495e-09	-7.28786941906e-09
6.86776190155e-09	-6.33405772277e-10
6.86872481815e-09	5.88799986545e-09
6.86968773475e-09	1.09792495095e-08
6.87065065134e-09	1.36926416872e-08
6.87161356794e-09	1.36328575095e-08
6.87257648454e-09	1.1013729484e-08
6.87353940113e-09	6.56169740765e-09
6.87450231773e-09	1.30398014608e-09
6.87546523433e-09	-3.69152952651e-09
6.87642815093e-09	-7.55238893646e-09
6.87739106752e-09	-9.75688507765e-09
6.87835398412e-09	-1.01814832121e-08
6.87931690072e-09	-9.04949359892e-09
6.88027981732e-09	-6.81794931623e-09
6.88124273391e-09	-4.04559807876e-09
6.88220565051e-09	-1.27803390093e-09
6.88316856711e-09	1.03010888708e-09
6.88413148371e-09	2.56052223868e-09
6.8850944003e-09	3.15511861082e-09
6.8860573169e-09	2.82641710037e-09
6.8870202335e-09	1.7557084675e-09
6.8879831501e-09	2.69349653692e-10
6.88894606669e-09	-1.21668985997e-09
6.88990898329e-09	-2.28334862129e-09
6.89087189989e-09	-2.61053711981e-09
6.89183481648e-09	-2.06484962462e-09
6.89279773308e-09	-7.38477945461e-10
6.89376064968e-09	1.07917386138e-09
6.89472356628e-09	2.99211277976e-09
6.89568648287e-09	4.62219595931e-09
6.89664939947e-09	5.72218805672e-09
6.89761231607e-09	6.23519502696e-09
6.89857523267e-09	6.28058227647e-09
6.89953814926e-09	6.07496719596e-09
6.90050106586e-09	5.82139891847e-09
6.90146398246e-09	5.61287105683e-09
6.90242689906e-09	5.38973843334e-09
6.90338981565e-09	4.96733543187e-09
6.90435273225e-09	4.12121048399e-09
6.90531564885e-09	2.69624189642e-09
6.90627856545e-09	6.9693728566e-10
6.90724148204e-09	-1.67518965366e-09
6.90820439864e-09	-4.05277367221e-09
6.90916731524e-09	-5.99387783851e-09
6.91013023183e-09	-7.10232450629e-09
6.91109314843e-09	-7.13987713397e-09
6.91205606503e-09	-6.09846262378e-09
6.91301898163e-09	-4.21168389053e-09
6.91398189822e-09	-1.90431626024e-09
6.91494481482e-09	3.04221370317e-10
6.91590773142e-09	1.91745375133e-09
6.91687064802e-09	2.56882737304e-09
6.91783356461e-09	2.09449746436e-09
6.91879648121e-09	5.60453738974e-10
6.91975939781e-09	-1.75815095815e-09
6.92072231441e-09	-4.43584191601e-09
6.921685231e-09	-6.97857904797e-09
6.9226481476e-09	-8.91001672443e-09
6.9236110642e-09	-9.84782566604e-09
6.9245739808e-09	-9.56111811945e-09
6.92553689739e-09	-8.00432253811e-09
6.92649981399e-09	-5.32610133774e-09
6.92746273059e-09	-1.85312543088e-09
6.92842564718e-09	1.95047977769e-09
6.92938856378e-09	5.5467328508e-09
6.93035148038e-09	8.40580760553e-09
6.93131439698e-09	1.00959063332e-08
6.93227731357e-09	1.03658948092e-08
6.93324023017e-09	9.20285891937e-09
6.93420314677e-09	6.84774370541e-09
6.93516606337e-09	3.76068465258e-09
6.93612897996e-09	5.35577804328e-10
6.93709189656e-09	-2.22030860364e-09
6.93805481316e-09	-4.014197863e-09
6.93901772976e-09	-4.57347315574e-09
6.93998064635e-09	-3.90029653019e-09
6.94094356295e-09	-2.26082241817e-09
6.94190647955e-09	-1.10609424397e-10
6.94286939614e-09	2.026570467e-09
6.94383231274e-09	3.69338470918e-09
6.94479522934e-09	4.6089523309e-09
6.94575814594e-09	4.72458383527e-09
6.94672106253e-09	4.21135215589e-09
6.94768397913e-09	3.38532157862e-09
6.94864689573e-09	2.59516585999e-09
6.94960981233e-09	2.10907424858e-09
6.95057272892e-09	2.0348345231e-09
6.95153564552e-09	2.29652075134e-09
6.95249856212e-09	2.67393107656e-09
6.95346147872e-09	2.88667290071e-09
6.95442439531e-09	2.6944337872e-09
6.95538731191e-09	1.9806865037e-09
6.95635022851e-09	7.92115373294e-10
6.95731314511e-09	-6.76001421507e-10
6.9582760617e-09	-2.14142303889e-09
6.9592389783e-09	-3.32437810613e-09
6.9602018949e-09	-4.03604261123e-09
6.96116481149e-09	-4.23901314051e-09
6.96212772809e-09	-4.06409217391e-09
6.96309064469e-09	-3.77684150621e-09
6.96405356129e-09	-3.70252828397e-09
6.96501647788e-09	-4.12765244207e-09
6.96597939448e-09	-5.20241760782e-09
6.96694231108e-09	-6.87345114159e-09
6.96790522768e-09	-8.86637785413e-09
6.96886814427e-09	-1.07251976189e-08
6.96983106087e-09	-1.19068550575e-08
6.97079397747e-09	-1.19129284215e-08
6.97175689407e-09	-1.04242037224e-08
6.97271981066e-09	-7.40396544074e-09
6.97368272726e-09	-3.13915293759e-09
6.97464564386e-09	1.79766890263e-09
6.97560856046e-09	6.66072885736e-09
6.97657147705e-09	1.06927755539e-08
6.97753439365e-09	1.32958675181e-08
6.97849731025e-09	1.41656659736e-08
6.97946022684e-09	1.33524542534e-08
6.98042314344e-09	1.12315614587e-08
6.98138606004e-09	8.39058778013e-09
6.98234897664e-09	5.4705266983e-09
6.98331189323e-09	3.00678903997e-09
6.98427480983e-09	1.31486654897e-09
6.98523772643e-09	4.55143034372e-10
6.98620064303e-09	2.78728207181e-10
6.98716355962e-09	5.30449129066e-10
6.98812647622e-09	9.68301216986e-10
6.98908939282e-09	1.44984169115e-09
6.99005230942e-09	1.95554084037e-09
6.99101522601e-09	2.54647569697e-09
6.99197814261e-09	3.27681570766e-09
6.99294105921e-09	4.10451761468e-09
6.99390397581e-09	4.84209605744e-09
6.9948668924e-09	5.17413489831e-09
6.995829809e-09	4.74188821542e-09
6.9967927256e-09	3.26475202428e-09
6.99775564219e-09	6.5766536661e-10
6.99871855879e-09	-2.89805024423e-09
6.99968147539e-09	-6.95939617046e-09
7.00064439199e-09	-1.09004432147e-08
7.00160730858e-09	-1.40430795881e-08
7.00257022518e-09	-1.58060871058e-08
7.00353314178e-09	-1.58306967535e-08
7.00449605838e-09	-1.4054349684e-08
7.00545897497e-09	-1.07222790646e-08
7.00642189157e-09	-6.33656904725e-09
7.00738480817e-09	-1.55828461246e-09
7.00834772477e-09	2.91354540494e-09
7.00931064136e-09	6.46320863495e-09
7.01027355796e-09	8.65910543268e-09
7.01123647456e-09	9.31766308554e-09
7.01219939116e-09	8.51878301233e-09
7.01316230775e-09	6.5721201814e-09
7.01412522435e-09	3.94407084769e-09
7.01508814095e-09	1.16059961641e-09
7.01605105754e-09	-1.29260802062e-09
7.01701397414e-09	-3.05201774964e-09
7.01797689074e-09	-3.92490928647e-09
7.01893980734e-09	-3.89896515074e-09
7.01990272393e-09	-3.11751802151e-09
7.02086564053e-09	-1.83082404792e-09
7.02182855713e-09	-3.37236932824e-10
7.02279147373e-09	1.0753498092e-09
7.02375439032e-09	2.17943241232e-09
7.02471730692e-09	2.8400530816e-09
7.02568022352e-09	3.02816949294e-09
7.02664314012e-09	2.81489920262e-09
7.02760605671e-09	2.34370145513e-09
7.02856897331e-09	1.78719239408e-09
7.02953188991e-09	1.30074206961e-09
7.03049480651e-09	9.84397341419e-10
7.0314577231e-09	8.66830607293e-10
7.0324206397e-09	9.17417031232e-10
7.0333835563e-09	1.07811348737e-09
7.03434647289e-09	1.30165145329e-09
7.03530938949e-09	1.57904533893e-09
7.03627230609e-09	1.93904980961e-09
7.03723522269e-09	2.41798181477e-09
7.03819813928e-09	3.01356051224e-09
7.03916105588e-09	3.64537111608e-09
7.04012397248e-09	4.14688505757e-09
7.04108688908e-09	4.29834168258e-09
7.04204980567e-09	3.89525789402e-09
7.04301272227e-09	2.83054202299e-09
7.04397563887e-09	1.15393938849e-09
7.04493855547e-09	-9.1618784781e-10
7.04590147206e-09	-3.03802671908e-09
7.04686438866e-09	-4.84034723414e-09
7.04782730526e-09	-6.03285021938e-09
7.04879022185e-09	-6.49161302491e-09
7.04975313845e-09	-6.2902119069e-09
7.05071605505e-09	-5.66460300888e-09
7.05167897165e-09	-4.92388663176e-09
7.05264188824e-09	-4.33951985457e-09
7.05360480484e-09	-4.05235178746e-09
7.05456772144e-09	-4.03080901989e-09
7.05553063804e-09	-4.0940175694e-09
7.05649355463e-09	-3.99053856626e-09
7.05745647123e-09	-3.50105699987e-09
7.05841938783e-09	-2.52597565087e-09
7.05938230443e-09	-1.12677400743e-09
7.06034522102e-09	4.92474672154e-10
7.06130813762e-09	2.05410266574e-09
7.06227105422e-09	3.2994011967e-09
7.06323397082e-09	4.06862765701e-09
7.06419688741e-09	4.33995861471e-09
7.06515980401e-09	4.21710399934e-09
7.06612272061e-09	3.87403709112e-09
7.0670856372e-09	3.4831213469e-09
7.0680485538e-09	3.15759196567e-09
7.0690114704e-09	2.92682522662e-09
7.069974387e-09	2.74850942006e-09
7.07093730359e-09	2.55044740882e-09
7.07190022019e-09	2.27803376163e-09
7.07286313679e-09	1.92212379346e-09
7.07382605339e-09	1.52113788232e-09
7.07478896998e-09	1.13679199387e-09
7.07575188658e-09	8.13704326141e-10
7.07671480318e-09	5.46845457805e-10
7.07767771978e-09	2.71770494997e-10
7.07864063637e-09	-1.15452869487e-10
7.07960355297e-09	-7.15218773095e-10
7.08056646957e-09	-1.57504564946e-09
7.08152938617e-09	-2.64806754302e-09
7.08249230276e-09	-3.77765951853e-09
7.08345521936e-09	-4.71847538819e-09
7.08441813596e-09	-5.1865605144e-09
7.08538105255e-09	-4.92826490728e-09
7.08634396915e-09	-3.79254583294e-09
7.08730688575e-09	-1.78737546985e-09
7.08826980235e-09	8.9126633851e-10
7.08923271894e-09	3.86883858283e-09
7.09019563554e-09	6.64400445771e-09
7.09115855214e-09	8.67332961008e-09
7.09212146874e-09	9.47738509893e-09
7.09308438533e-09	8.75325767424e-09
7.09404730193e-09	6.46789199976e-09
7.09501021853e-09	2.90498447519e-09
7.09597313513e-09	-1.35271904789e-09
7.09693605172e-09	-5.51415002548e-09
7.09789896832e-09	-8.73471872609e-09
7.09886188492e-09	-1.03072359536e-08
7.09982480152e-09	-9.84271419924e-09
7.10078771811e-09	-7.39107219871e-09
7.10175063471e-09	-3.46429773757e-09
7.10271355131e-09	1.05722186561e-09
7.1036764679e-09	5.12041697931e-09
7.1046393845e-09	7.74988606622e-09
7.1056023011e-09	8.28922797069e-09
7.1065652177e-09	6.56706111712e-09
7.10752813429e-09	2.94011459623e-09
7.10849105089e-09	-1.7974930433e-09
7.10945396749e-09	-6.61585541906e-09
7.11041688409e-09	-1.0507244852e-08
7.11137980068e-09	-1.27260388894e-08
7.11234271728e-09	-1.29452839559e-08
7.11330563388e-09	-1.12927152074e-08
7.11426855048e-09	-8.2652578115e-09
7.11523146707e-09	-4.55448700976e-09
7.11619438367e-09	-8.41375635829e-10
7.11715730027e-09	2.37398123382e-09
7.11812021687e-09	4.8587209811e-09
7.11908313346e-09	6.63535226764e-09
7.12004605006e-09	7.8885982191e-09
7.12100896666e-09	8.8316634006e-09
7.12197188325e-09	9.5889545193e-09
7.12293479985e-09	1.01390771334e-08
7.12389771645e-09	1.03319433009e-08
7.12486063305e-09	9.9682813115e-09
7.12582354964e-09	8.9061327202e-09
7.12678646624e-09	7.14818737535e-09
7.12774938284e-09	4.8737436309e-09
7.12871229944e-09	2.40326158973e-09
7.12967521603e-09	1.12420545095e-10
7.13063813263e-09	-1.67388869432e-09
7.13160104923e-09	-2.77130585147e-09
7.13256396583e-09	-3.17794901505e-09
7.13352688242e-09	-3.05947800427e-09
7.13448979902e-09	-2.68808841852e-09
7.13545271562e-09	-2.35680008842e-09
7.13641563222e-09	-2.29591723411e-09
7.13737854881e-09	-2.61674082402e-09
7.13834146541e-09	-3.29156346623e-09
7.13930438201e-09	-4.17059276003e-09
7.1402672986e-09	-5.03116259765e-09
7.1412302152e-09	-5.64254865054e-09
7.1421931318e-09	-5.83001424914e-09
7.1431560484e-09	-5.52363488282e-09
7.14411896499e-09	-4.77710182523e-09
7.14508188159e-09	-3.75062336744e-09
7.14604479819e-09	-2.66136113147e-09
7.14700771479e-09	-1.71503078406e-09
7.14797063138e-09	-1.04000597023e-09
7.14893354798e-09	-6.45497877372e-10
7.14989646458e-09	-4.23635793112e-10
7.15085938118e-09	-1.97117988598e-10
7.15182229777e-09	2.04866290598e-10
7.15278521437e-09	8.67287797135e-10
7.15374813097e-09	1.73744396648e-09
7.15471104757e-09	2.62519406213e-09
7.15567396416e-09	3.25809534907e-09
7.15663688076e-09	3.37375527515e-09
7.15759979736e-09	2.82038081778e-09
7.15856271395e-09	1.62949242988e-09
7.15952563055e-09	3.29229421503e-11
7.16048854715e-09	-1.58418034246e-09
7.16145146375e-09	-2.78089862249e-09
7.16241438034e-09	-3.17948956052e-09
7.16337729694e-09	-2.57248422564e-09
7.16434021354e-09	-9.87411707953e-10
7.16530313014e-09	1.30880861704e-09
7.16626604673e-09	3.86495946358e-09
7.16722896333e-09	6.14573503199e-09
7.16819187993e-09	7.65250796064e-09
7.16915479653e-09	8.03524713433e-09
7.17011771312e-09	7.17238668457e-09
7.17108062972e-09	5.20227283474e-09
7.17204354632e-09	2.49911691341e-09
7.17300646291e-09	-4.00907501641e-10
7.17396937951e-09	-2.90969914829e-09
7.17493229611e-09	-4.51111992206e-09
7.17589521271e-09	-4.87101914359e-09
7.1768581293e-09	-3.91071930395e-09
7.1778210459e-09	-1.82755754974e-09
7.1787839625e-09	9.44557210225e-10
7.1797468791e-09	3.82611986538e-09
7.18070979569e-09	6.21435658488e-09
7.18167271229e-09	7.60881579964e-09
7.18263562889e-09	7.71175834302e-09
7.18359854549e-09	6.48022302485e-09
7.18456146208e-09	4.11851708293e-09
7.18552437868e-09	1.0168460518e-09
7.18648729528e-09	-2.34724262249e-09
7.18745021188e-09	-5.51731682563e-09
7.18841312847e-09	-8.14497624901e-09
7.18937604507e-09	-1.00357473443e-08
7.19033896167e-09	-1.11465023878e-08
7.19130187826e-09	-1.15408882451e-08
7.19226479486e-09	-1.13236504617e-08
7.19322771146e-09	-1.05822195451e-08
7.19419062806e-09	-9.35951582903e-09
7.19515354465e-09	-7.66623031723e-09
7.19611646125e-09	-5.52439916035e-09
7.19707937785e-09	-3.0190629996e-09
7.19804229445e-09	-3.30984184505e-10
7.19900521104e-09	2.26907093115e-09
7.19996812764e-09	4.46923253961e-09
7.20093104424e-09	5.99484817343e-09
7.20189396084e-09	6.68671118476e-09
7.20285687743e-09	6.55045040432e-09
7.20381979403e-09	5.75892888932e-09
7.20478271063e-09	4.60570381833e-09
7.20574562723e-09	3.42801387276e-09
7.20670854382e-09	2.52588439054e-09
7.20767146042e-09	2.10278439106e-09
7.20863437702e-09	2.24098073431e-09
7.20959729361e-09	2.90974244699e-09
7.21056021021e-09	3.99361610448e-09
7.21152312681e-09	5.32344213156e-09
7.21248604341e-09	6.69867050718e-09
7.21344896e-09	7.89769671883e-09
7.2144118766e-09	8.68227445494e-09
7.2153747932e-09	8.8100602369e-09
7.2163377098e-09	8.06310840318e-09
7.21730062639e-09	6.29328367197e-09
7.21826354299e-09	3.47771278442e-09
7.21922645959e-09	-2.3400842375e-10
7.22018937619e-09	-4.49750814369e-09
7.22115229278e-09	-8.79094397277e-09
7.22211520938e-09	-1.24797647771e-08
