frequency_Hz,S11_dB,S21_dB,S11_mag,S21_mag,power_sum,Zin_real_ohm,Zin_imag_ohm,Zin_mag_ohm
1000000000.0,-5.274106473944587,1.8655596610355842,0.5448722326605535,1.2395897688153543,1.8334685448761998,21.81297630927398,32.366204959681305,39.03046449840236
1020000000.0,-5.202470261070767,1.919750215727942,0.5493846070312007,1.247347643155924,1.8576995893294654,22.31241353195842,34.09603845169725,40.74780528716532
1040000000.0,-5.225343190118645,1.8745583080975448,0.5479397919539737,1.240874658611669,1.8400079339911901,23.25060977047373,35.77204325046391,42.66415278675892
1060000000.0,-5.178989665395775,1.938845683186213,0.5508717695707535,1.2500928872908132,1.8661919333650951,23.923632759881862,37.47760835802955,44.4624710589452
1080000000.0,-5.211745988437837,1.8994126311840076,0.5487982282009831,1.244430456389604,1.8497866560665766,25.02259459827453,39.1534151568038,46.46633360693128
1100000000.0,-5.190771575426587,1.9732450984061352,0.5501250502347534,1.2550535455125937,1.8777969729995223,25.893631164133346,40.820565285641415,48.34044564444447
1120000000.0,-5.234785728427847,1.9408508174232977,0.5473444434770228,1.2503815040587958,1.8630398454975081,27.17824379142009,42.47517717647342,50.42615999418033
1140000000.0,-5.239484892563084,2.023525252926032,0.5470484040551651,1.262339763527609,1.892763634962243,28.2745538565854,44.07981008408043,52.36869344214678
1160000000.0,-5.296416602415642,1.999207003276716,0.5434744977687199,1.2588104807741618,1.8799683562318388,29.7717322568885,45.68064732246574,54.52593494269816
1180000000.0,-5.327400102208121,2.0898617653244673,0.5415393195004845,1.2720175059502306,1.9112933700088925,31.121349940027738,47.184765791937714,56.5238051172219
1200000000.0,-5.399234629418236,2.0744441523344874,0.537079119841454,1.2697616542906776,1.900748639676669,32.85670505768008,48.68332891347968,58.73354732472257
1220000000.0,-5.457423258306308,2.1720418835147877,0.5334931372087476,1.284109604156124,1.9335524029348288,34.48346082082277,50.03075175063038,60.76335401304328
1240000000.0,-5.546450540510347,2.166064359201314,0.528052949753233,1.2832261994491394,1.925509396695773,36.47517884865313,51.358922327994364,62.993472477187595
1260000000.0,-5.633208451485288,2.2694032947482405,0.5228048134031575,1.2985843503172776,1.9596461878064564,38.3910147645373,52.47132386120712,65.01622753127565
1280000000.0,-5.742078182584845,2.273083537994285,0.5162928264719091,1.2991346818422318,1.9543092042316696,40.63927179047076,53.53804554330007,67.21512279432527
1300000000.0,-5.85911537889403,2.3807758773885985,0.5093827468928409,1.3153423214568616,1.9895962054476217,42.83046442039851,54.31421043995639,69.1699511217327
1320000000.0,-5.990768253256461,2.3939607968676806,0.5017202007126986,1.3173404877722732,1.9871091205272813,45.30230039593719,55.008223613826274,71.26151195640213
1340000000.0,-6.140179274658738,2.504451595988526,0.4931636250720954,1.3342050489680957,2.023313473786209,47.71216042231648,55.33017458837239,73.06078614513146
1360000000.0,-6.297783374711122,2.526595256149093,0.4842959433735319,1.337610788180249,2.023745181424246,50.32286139912614,55.53165651520202,74.94101183409548
1380000000.0,-6.4818735498995,2.638105744840068,0.47413970210433315,1.3548938991975013,2.0605459351941944,52.83279077014771,55.283965329874704,76.46973651816118
1400000000.0,-6.66857684851581,2.66825161488684,0.4640568177784105,1.359604460582946,2.0638730193636685,55.43106756033483,54.891999456086225,78.01112007377778
1420000000.0,-6.889615132706578,2.778780408591215,0.4523965073444934,1.3770161075927219,2.1008359604273066,57.85151582282006,53.997378866660696,79.13605251380496
1440000000.0,-7.108055242344013,2.815504437387543,0.44116112737885715,1.3828504707343632,2.106898564720434,60.22063937475918,52.97224925283524,80.20339517507536
1460000000.0,-7.367532304709297,2.922877841907596,0.4281770490855714,1.4000511159827702,2.1434787127282284,62.306795568267276,51.43960366052133,80.7970890486617
1480000000.0,-7.618969901970926,2.964323996051978,0.4159599380958711,1.4067476547730733,2.151961634310263,64.19853274973903,49.84740184064598,81.27862620321625
1500000000.0,-7.916386015119773,3.0661889416845547,0.4019580208990655,1.423342597696221,2.18747440098172,65.70193829495508,47.80876130396308,81.25529123160783
1520000000.0,-8.198993264196073,3.110099420777907,0.38909023978502316,1.43055635521781,2.1978827001500316,66.90274999940056,45.840787716863495,81.10089873722013
1540000000.0,-8.5295600588288,3.203970646132754,0.3745605180830253,1.4461006865653196,2.231502777391313,67.64821518065126,43.54824360807362,80.45328171352503
1560000000.0,-8.835603717946391,3.2477862067444523,0.3615928331723336,1.453413903354376,2.2431613514653987,68.05344702492036,41.48904979369407,79.70328038893548
1580000000.0,-9.186630857064038,3.3311758111806355,0.3472709516246347,1.4674347204896498,2.273961772740816,68.00188291333717,39.255864945572434,78.5192907022487
1600000000.0,-9.498198454467481,3.372139611961803,0.33503492174412214,1.4743716810678025,2.286020252722788,67.65231872079549,37.405935847872314,77.30485279046351
1620000000.0,-9.843833780438246,3.442697509810161,0.3219647388737047,1.4863971895344714,2.313037898133988,66.91018417680624,35.52005173184453,75.75385681011261
1640000000.0,-10.128010499184272,3.4780194259977666,0.31160145365792974,1.4924540584044679,2.3245145823697015,65.97091997166652,34.11436741777605,74.2694576944187
1660000000.0,-10.425292278987225,3.5337007637342004,0.3011170770423547,1.50205224308482,2.3468324350426704,64.74338780330648,32.76856117698923,72.56366078044451
1680000000.0,-10.633588521230948,3.560800059299601,0.29398188749504983,1.506745846502837,2.356708396128703,63.438965074238816,31.932365088748227,71.02237837366191
1700000000.0,-10.82631030012818,3.6000937920549343,0.28753087435198177,1.513577592275715,2.373591131544766,61.95856975283252,31.205701500787605,69.3733390573992
1720000000.0,-10.906324125753864,3.616787132248355,0.28489432197455816,1.5164893217785897,2.38090463776183,60.50902164747074,30.960721954487855,67.96990513953355
1740000000.0,-10.945672849804458,3.6389053090574515,0.28360661575239077,1.520355905754855,2.39191479266219,58.98109311751843,30.84042200981337,66.55750126830753
1760000000.0,-10.867892487245406,3.6436178745110186,0.2861576598965958,1.521181004968458,2.3958778561943435,57.56239993385795,31.138459278575166,65.44488927631318
1780000000.0,-10.741446648909552,3.648650511007679,0.2903539025089594,1.5220626382401645,2.4009800634287926,56.13968447492302,31.559917150173746,64.40258180748458
1800000000.0,-10.519958852532028,3.640519654045859,0.2978530539520935,1.5206385028332035,2.4010578980473953,54.87488530055376,32.32159476377871,63.68625067330356
1820000000.0,-10.260535545702849,3.6295109371205054,0.3068832767604617,1.5187124278456154,2.4006647840479616,53.65878262442183,33.20213492546306,63.10029093707579
1840000000.0,-9.94392560907179,3.6084728513753976,0.31827587410208213,1.5150384070112455,2.396640906754617,52.6257292407881,34.343510914759094,62.84062475880485
1860000000.0,-9.60710029125488,3.5833851317810232,0.33086054854190233,1.5106687889238797,2.3915888924101902,51.67833595165705,35.60472911994315,62.75625181953473
1880000000.0,-9.250116473707559,3.55007606884767,0.3447419837137892,1.504886698165884,2.3835310096515347,50.925118030849774,37.05221844159016,62.97804806358558
1900000000.0,-8.886909342690007,3.5136866193057914,0.35946328004967587,1.4985951784199611,2.375001358487627,50.28451511887985,38.629503686115974,63.4095498783622
1920000000.0,-8.531055784401174,3.469363875152907,0.3744960236519109,1.4909675580900308,2.3632315310080423,49.843406834625725,40.32515192798874,64.11304924036439
1940000000.0,-8.175920451793054,3.425080070655288,0.3901251758297681,1.4833854113219218,2.3526299313389147,49.53713563304886,42.17071406384629,65.05610602688854
1960000000.0,-7.845884272316505,3.371400346995644,0.40523391595752223,1.4742462011234094,2.3376163881690726,49.43683037623624,44.07204772872704,66.22949183446865
1980000000.0,-7.517709119721099,3.322982955444017,0.42083760854784563,1.466051233797529,2.3264105128875268,49.49288317078327,46.15325188186128,67.67324540634455
2000000000.0,-7.225425292774643,3.26185462015168,0.435239933588942,1.45576988489275,2.308699757551157,49.76784069626953,48.23017701463706,69.30359256512239
2020000000.0,-6.932490843079395,3.2132326903829296,0.45016886834176373,1.4476435328128405,2.298323808118946,50.223865023551966,50.526277929486604,71.24143021663512
2040000000.0,-6.682175808866817,3.146636467317298,0.4633308411684483,1.4365866403677345,2.278456643660917,50.922713985004215,52.75589305316429,73.3233049680349
2060000000.0,-6.426586678251707,3.101674448855441,0.47716729123207713,1.4291694444531575,2.270213924780305,51.83391799486056,55.25319259936935,75.7606121089378
2080000000.0,-6.21827892190465,3.0315166579205277,0.48874919366078073,1.417672231984915,2.248670331645154,53.02781641672406,57.61376286253606,78.30258606908414
2100000000.0,-5.998971299118338,2.9938404882778173,0.5012465945335582,1.4115362128415965,2.2436826286946863,54.476803103899144,60.29893414300333,81.2630514760752
2120000000.0,-5.830815900403859,2.9218760503271546,0.5110450722721318,1.3998896496737023,2.2208580971571896,56.26935903407277,62.75970657558274,84.29128979650643
2140000000.0,-5.645330939603246,2.894765840880802,0.5220756682208597,1.3955271562082912,2.2200590470630575,58.377725567025436,65.60882452607339,87.82070768373497
2160000000.0,-5.514848076746418,2.822551781444253,0.5299777001116694,1.3839729093126882,2.196257376327081,60.91691619311419,68.11332171219101,91.37995006098072
2180000000.0,-5.360301102513937,2.808859940313398,0.5394919203215874,1.381793027829439,2.200403503850323,63.85985312469749,71.07254177581854,95.54782590715189
2200000000.0,-5.265051913800823,2.737719321999738,0.5454405280214474,1.3705218572114661,2.1758355307026815,67.35147180510694,73.50901219340564,99.69852370002464
2220000000.0,-5.138657126834723,2.7398067913395323,0.5534356659621477,1.370851272652396,2.1855242480916597,71.3744771178229,76.45835035343784,104.59538862976548
2240000000.0,-5.076567744067329,2.6708565453219304,0.5574059660965521,1.3600122721394448,2.160334791409926,76.09142623322644,78.60585947063142,109.40194828851631
2260000000.0,-4.975865039619315,2.6905814926032967,0.563906042175825,1.3631042586350792,2.1760432443114923,81.52184872413052,81.29178394018965,115.12673866473634
2280000000.0,-4.94547593357494,2.62470987848673,0.5658824215589868,1.3528059163209336,2.1503067622623835,87.7917133803104,82.722447031979,120.62498987029655
2300000000.0,-4.868477797688092,2.663415606146358,0.5709211213417135,1.358847689626418,2.172417970397134,95.01560233649721,84.6342907295886,127.24357686998546
2320000000.0,-4.869000855759002,2.6013318446273415,0.5708867419146766,1.349169740701812,2.146170661319349,103.12948572135899,84.55514165359455,133.36139923235442
2340000000.0,-4.814201649874423,2.6598057976421825,0.5744998471887178,1.3582830772483685,2.1749829923591575,112.45577723760722,84.73203778315052,140.8041904951681
2360000000.0,-4.8455678124740515,2.6019961021309816,0.5724289760192709,1.3492729230389904,2.1482123534326525,122.37217155711647,81.79556535617392,147.19192533403614
2380000000.0,-4.811943618309434,2.6804900660642095,0.5746492167382249,1.3615214986226474,2.1839625135095146,133.61210679953686,78.6384665738264,155.03613613765552
2400000000.0,-4.874818701716951,2.6272151085728206,0.5705044875700248,1.353196156010828,2.156615206980018,144.26476228991132,70.96789025962258,160.77550524400925
2420000000.0,-4.861774203580612,2.7254002158506245,0.5713619168032361,1.3685794382215106,2.1994641186957735,155.8568625351249,62.46985650515037,167.91022771429647
2440000000.0,-4.957495110353019,2.67668374548499,0.565099918264989,1.3609249849468927,2.1714547322757976,164.21044212637526,48.62197549457268,171.2576007198935
2460000000.0,-4.964714514187857,2.793627890968481,0.5646304223685511,1.3793719637602757,2.2214745282719677,172.4427521040562,33.89530217822926,175.74240883456235
2480000000.0,-5.095315743243937,2.7491793220195717,0.556204134504542,1.372331291471415,2.1926562127915483,173.86352816129852,15.292736739080501,174.53479372797125
2500000000.0,-5.1226952741098195,2.883324988532548,0.554453636581332,1.393690210266479,2.249791237310886,174.3912643694649,-2.892428790292257,174.41524942701398
2520000000.0,-5.29062753746433,2.842484602410455,0.5438368392202815,1.3871525677051404,2.2199507537840706,166.40004991212857,-20.677270058085387,167.67983214392203
2540000000.0,-5.337897079858368,2.991571338929615,0.5408852595420419,1.4111675035597204,2.2839505870928356,158.55875256399415,-36.45698469365595,162.69600409230517
2560000000.0,-5.54564631387993,2.9532196450211856,0.528101844446012,1.4049503675128956,2.2527770932819,144.16697294871307,-47.79133025920118,151.88195197961804
2580000000.0,-5.611929081740239,3.1142965861392966,0.5240871915960464,1.4312477907240861,2.3231376228476086,131.92860299432752,-57.26597207506527,143.82123572594222
2600000000.0,-5.861327161821116,3.0768334801850443,0.5092530537149161,1.4250879701516725,2.2902143953889813,116.55005870181941,-61.09801829527881,131.59363215219716
2620000000.0,-5.944347864366665,3.2461967597116197,0.5044087442978478,1.4531479647852328,2.3660671888835956,104.2833099465692,-64.5810225070744,122.66098483817692
2640000000.0,-6.235141510975226,3.207455720132804,0.48780126750425007,1.446681027706243,2.3308360725039443,91.25017209843453,-63.221802108016654,111.01166681830851
2660000000.0,-6.330016342576965,3.380675144559019,0.48250207222700675,1.475821242764549,2.4108565902984536,81.04383360429865,-62.888101654531056,102.58175420118278
2680000000.0,-6.657575227494017,3.338020412994223,0.464644968454633,1.4685915351875003,2.372656043934586,71.13351538811787,-58.91133319919671,92.36082606158512
2700000000.0,-6.755043106979971,3.510026493476822,0.45946014430947035,1.497963822088571,2.454999236495079,63.30137380962071,-56.66464509018236,84.95849533379027
2720000000.0,-7.1070105865538675,3.46041604990674,0.44121418921367533,1.4894324190937758,2.413078891811018,56.09567537619785,-51.71856396789144,76.29898200377676
2740000000.0,-7.191662663208962,3.6257130778241797,0.43693503244726284,1.5180485240252461,2.495383543874919,50.263359895372815,-48.702746475279675,69.9883051817026
2760000000.0,-7.544127923111344,3.5660547013194153,0.4195595431493021,1.5076576477945154,2.449061793200942,45.092025307660656,-43.618509120066165,62.736473316596346
2780000000.0,-7.59385763820466,3.718997104713812,0.417164283390282,1.5344398021817907,2.5285315458562203,40.775642821955266,-40.41201463317961,57.40891894345334
2800000000.0,-7.9096601918573395,3.6465029281092836,0.40226939321700106,1.5216863553535098,2.477350028788222,37.058996828879565,-35.54529512598897,51.35014363715608
2820000000.0,-7.8987983489610345,3.7817278808774066,0.4027727521435281,1.5455618670211824,2.550987374659275,33.85267007087534,-32.408399774492956,46.86478045260528
2840000000.0,-8.132707188521028,3.694495390164855,0.3920709279548759,1.5301174552214853,2.4949790393208717,31.16294518699169,-27.879418803336385,41.81376741623834
2860000000.0,-8.04134016380486,3.807428175109762,0.3962168964178792,1.5501417338320966,2.559927223974995,28.76703707238589,-24.911346077517894,38.054140186291036
2880000000.0,-8.15553510711363,3.704898541062871,0.39104185521058055,1.531951185538659,2.4997881673998354,26.80679138792578,-20.733862085986573,33.88948364192767
2900000000.0,-7.981219372114334,3.792242855661762,0.39896888902237065,1.5474340281485488,2.5537282458797885,25.010597328070045,-17.957725229458777,30.789768984576757
2920000000.0,-7.963374976090142,3.675658031389945,0.399789378023817,1.526802637720553,2.4909578413311086,23.576783227111893,-14.101463715455473,27.472094682723633
2940000000.0,-7.725611791449381,3.735710734883712,0.4108841707235584,1.5373952564536435,2.5324099763173504,22.235079922614172,-11.505424231645055,25.03544618965608
2960000000.0,-7.594401166953618,3.608210497646432,0.41713817970990097,1.5149926465895238,2.4692069801920193,21.190367261502647,-7.924494159861291,22.62364410007899
2980000000.0,-7.32601513480793,3.640989743311897,0.43022856628243883,1.5207208035774757,2.497688381678766,20.20427032602872,-5.481918857202727,20.93475516370324
3000000000.0,-7.1188404124812665,3.5074582448998175,0.44061368258490957,1.4975209688049023,2.4367094692914084,19.456238517160322,-2.1267134837120665,19.572126289149974
3020000000.0,-6.852404835094051,3.5146064604592926,0.45433872845162915,1.4987538889917,2.4526868999387883,18.760105417920414,0.19526577935609452,18.76112160869052
3040000000.0,-6.608297916366208,3.3812626003675588,0.46728851187975606,1.4759210608737572,2.396701531265514,18.248165758284234,3.373247478554085,18.557326103008176
3060000000.0,-6.367482442078234,3.3656715133961375,0.4804253087270236,1.473274173280114,2.4013452669196598,17.80060071146999,5.609890443014999,18.663661389765323
3080000000.0,-6.116862803600731,3.23947510714833,0.4944892558908816,1.4520238683749431,2.3528929385220523,17.487554011308895,8.657315839348872,19.513166397094214
3100000000.0,-5.915175071032798,3.2048894822545932,0.5061057208407735,1.4462536702991977,2.3477926795216595,17.26638216315702,10.845584549399558,20.390062707661333
3120000000.0,-5.678004131025304,3.0929528220318794,0.520115496454448,1.4277351150762319,2.308947688473798,17.1343256021061,13.808158326143017,22.005689041673318
3140000000.0,-5.521359318922448,3.0435684683815523,0.5295805594391564,1.4196406401095862,2.2958351159866455,17.134632303956142,15.986704258484936,23.434383653939733
3160000000.0,-5.309170957539651,2.9525869722184717,0.5426770457751463,1.4048480358517643,2.2680963798478,17.183149588949075,18.910600569890033,25.55134915635818
3180000000.0,-5.198888687291102,2.892743091291047,0.549611189145169,1.3952022069581755,2.2486616575345306,17.417694601214322,21.121459116697366,27.376853735217434
3200000000.0,-5.018021191072086,2.828793493442096,0.5611758078681044,1.3849677947182197,2.2330540797430687,17.666139620794272,24.05567088550258,29.84573321017618
3220000000.0,-4.9532807457854995,2.7626191536397093,0.5653741693805643,1.3744563677623447,2.2087782582852205,18.169279595069785,26.345585499904352,32.003321645363464
3240000000.0,-4.807417114764952,2.730840370823489,0.5749487634416185,1.369436876734164,2.205923439942468,18.662737671395796,29.34460417542376,34.77648014971661
3260000000.0,-4.786896813584449,2.6621527462703654,0.5763086781673773,1.3586501382467164,2.1780618906888516,19.499278753268385,31.76647354826384,37.27372685404842
3280000000.0,-4.678871383222559,2.666689209638995,0.583520920193987,1.3593599188963277,2.188356053405868,20.321296934663593,34.89300016164249,40.37916008768819
3300000000.0,-4.701882386720717,2.5988277785952807,0.5819770793224321,1.3487808429234982,2.157907083094091,21.60436746131193,37.50595004749142,43.283310667834954
3320000000.0,-4.635002968187668,2.6427455333899723,0.5864754694830767,1.3556178435240618,2.181653213986223,22.902252479417026,40.83087647727429,46.81531418813073
3340000000.0,-4.7021098344292565,2.5784002742252206,0.5819618399369989,1.3456125027322288,2.1493525906521493,24.82678762626827,43.694388581237895,50.25503932271907
3360000000.0,-4.681121553452191,2.6635746576173105,0.5833697725975472,1.3588725723628623,2.186854959500576,26.861710574325503,47.28786187846808,54.38467960755037
3380000000.0,-4.794708654155578,2.6045283328022744,0.5757905956440262,1.349666339085929,2.153134036893716,29.769712671124896,50.434887543658874,58.56546485824945
3400000000.0,-4.826424659563697,2.7314636000169044,0.5736919646395535,1.3695351399743823,2.2047489699166416,33.01550598432645,54.322274756861184,63.56833464989479
3420000000.0,-4.991004817413139,2.6781877856554788,0.5629239923958679,1.361160661792937,2.1696417684274896,37.5193282624893,57.66383937636994,68.79548215466056
3440000000.0,-5.084658653246159,2.84558580494213,0.5568869840013594,1.3876479238849084,2.235689873612227,42.85165065004792,61.65675828001061,75.08541672677464
3460000000.0,-5.306750428411667,2.796591868880883,0.5428282966770382,1.3798427417521761,2.1986285516394575,50.03112931769839,64.65455253537824,81.75160588241826
3480000000.0,-5.473117606011257,3.000693772487106,0.5325300502533014,1.412650373459471,2.279169332057967,58.99003272845316,67.74485427084247,89.82866603418788
3500000000.0,-5.759627536314844,2.951630802956508,0.5152507388153095,1.404693394400799,2.238646856122961,70.41464642225215,68.36204222858692,98.14067071522331
3520000000.0,-6.006707812415674,3.185074308134528,0.5008003334599385,1.4429580833458413,2.3329290042866897,84.78242751484457,66.83199559906568,107.95635993800184
3540000000.0,-6.359028546220754,3.1275470120872666,0.4808931298520159,1.43343284215871,2.285987915318065,100.32554551779185,59.19006495015884,116.48467226312032
3560000000.0,-6.677702512466245,3.3778983512561562,0.46356952138064356,1.4753495126677503,2.391552885682047,116.52135814694739,44.200695567446175,124.62314549494904
3580000000.0,-7.074791740416368,3.2983696634577377,0.4428538381313933,1.4619027503885673,2.333279173541364,125.01352979308847,21.743528831909252,126.89036085294849
3600000000.0,-7.401854402860344,3.5465816311907834,0.42648845549365816,1.50428138595462,2.4447548907989187,123.97687393173739,-6.344666988882727,124.13911578984975
3620000000.0,-7.765456832238339,3.4260005044516415,0.40900362614025687,1.4835426123074014,2.3681826487277475,110.8873430145645,-27.348740339478606,114.21014157677027
3640000000.0,-7.925357659283275,3.645963016901848,0.4015430533262307,1.5215917709162412,2.4764783409945754,90.83067048899639,-42.719575798032565,100.37516056198609
3660000000.0,-8.098893507700542,3.461793037818535,0.3936002128491615,1.4896685599036663,2.3740335459203683,72.91940025894051,-46.34910869295555,86.4030023248902
3680000000.0,-7.840038053044063,3.622703558791718,0.40550675891183907,1.5175226360926308,2.4673106825767115,55.06649871706537,-46.278550824093735,71.93068571433744
3700000000.0,-7.7076013716734,3.3543883279821585,0.41173703372998727,1.471361596211091,2.3344323317496185,44.05974165673554,-41.99438393936233,60.86697887446731
3720000000.0,-6.978637257721914,3.427566448768817,0.44778355209996556,1.4838100983851321,2.402202517600958,33.08899928840743,-37.064080680439474,49.685289076288505
3740000000.0,-6.641554506760773,3.064860116256159,0.4655027754059854,1.4231248618918513,2.2419772064453762,27.434414910702383,-31.759673300211084,41.968130404256875
3760000000.0,-5.685975887790718,3.0330584304649726,0.5196383625842442,1.4179238955696076,2.2805322014965257,20.908689517332743,-26.467988098827792,33.730219260062775
3780000000.0,-5.3367872400276815,2.5822381589712116,0.5409543755892104,1.3462071967719926,2.104905453109819,18.086504579096015,-21.86257451099007,28.37417509176705
3800000000.0,-4.3997477582742235,2.4458851086179303,0.6025770849009794,1.3252391444289964,2.11935793317466,13.985220628988518,-17.249323225631823,22.206430325106453
3820000000.0,-4.1421516634976365,1.9287997448908634,0.6207152519644867,1.248647888914044,1.9444089745108348,12.606142151702281,-13.4887448570561,18.462422857460567
3840000000.0,-3.331617021319824,1.7041974273202587,0.6814267041207637,1.216773860521243,1.9448809807366563,9.838894587555636,-9.637551495678323,13.772662979136717
3860000000.0,-3.182680824172355,1.1504772890623447,0.6932118192063871,1.1416260351705956,1.7838526304667626,9.22072421850599,-6.560703137348434,11.316562232858375
3880000000.0,-2.5159212159533215,0.8620775179820545,0.7485209139602977,1.1043427284293754,1.7798564204707965,7.224292103807298,-3.3566539539324767,7.9660229831191804
3900000000.0,-2.4564633562237845,0.3003843739115899,0.7536623708512061,1.0351879755099913,1.6396211138775354,7.025304888026262,-0.7893289407567513,7.069508394962259
3920000000.0,-1.9159337051056966,-0.027154857858797645,0.8020534564356872,0.9968785632996956,1.6370566169468979,5.500246376505801,1.8963366830778263,5.817972414669205
3940000000.0,-1.919831459613269,-0.5742776184803258,0.8016936192429062,0.9360221350957054,1.518850096523913,5.540610058655224,4.089932384800014,6.8866469877805825
3960000000.0,-1.4805843484617154,-0.9204475213886767,0.8432780238184665,0.8994512380863995,1.5201303551503351,4.320519431515704,6.362352332809026,7.690670670683099
3980000000.0,-1.5252991145182737,-1.4377670507732958,0.8389480023567967,0.8474452454820975,1.4219971947486725,4.499975209584582,8.280684220767336,9.42441022297634
4000000000.0,-1.1649450242077402,-1.7873542215603169,0.8744857739058681,0.8140147772104057,1.4273454262806515,3.4884895425777174,10.21974505629634,10.798738273722886
4020000000.0,-1.2337117200095715,-2.2658988840272833,0.8675897530556459,0.7703800999533662,1.346197478011315,3.7479450398748164,11.933024161108907,12.507763894938662
4040000000.0,-0.9347714913861443,-2.608217710157934,0.8979691682460541,0.740609220207446,1.3548506441767916,2.8873287655040936,13.598412371998,13.901564172387786
4060000000.0,-1.0158528480783042,-3.043617145216722,0.8896257758686955,0.704399668222205,1.287612913681531,3.189901476343478,15.156646727565274,15.488686563198103
4080000000.0,-0.7654213902279027,-3.3713486806845028,0.9156487998082474,0.6783167883081916,1.298526389891024,2.4446323572121575,16.59318793156895,16.77230196169548
4100000000.0,-0.8507996748923439,-3.762476370335644,0.9066924852141014,0.6484495324978887,1.2425780589404538,2.7659480087490054,18.032074463879518,18.24297612392228
4120000000.0,-0.6395570108576103,-4.070523651137619,0.9290137662119041,0.6258551315020265,1.2547612234386454,2.1137926644248326,19.27385972877314,19.389424650375762
4140000000.0,-0.7237823995364611,-4.418461850429016,0.920048835587801,0.6012802063707555,1.2080277464397269,2.4367830079253774,20.618817596994926,20.76231081854478
4160000000.0,-0.5450363085170802,-4.703204061954997,0.9391785920738321,0.5818885303992055,1.2206506896199327,1.8637432778361342,21.692172616976457,21.772089744679597
4180000000.0,-0.624369550846226,-5.010531370619531,0.9306395872228447,0.5616599170271263,1.1815519037012252,2.1757094030978705,22.96097394814168,23.063825269325328
4200000000.0,-0.4732729478392355,-5.269287741199204,0.9469702874561227,0.5451745991679977,1.1939680689027186,1.6729477827269648,23.886582527736305,23.945095095615894
4220000000.0,-0.5451253940074291,-5.539680285850871,0.9391689595825355,0.5284647033846909,1.1613132773668116,1.963954276869795,25.091139389187877,25.167884143274552
4240000000.0,-0.41810157955335703,-5.770349756796027,0.9530044334674198,0.5146150844677896,1.173046135370348,1.5258692836781995,25.885339224737354,25.930273115619105
4260000000.0,-0.4806036526788867,-6.0083075215445785,0.9461714019821286,0.5007081078930399,1.1459489312386548,1.7875831511247167,27.03289683436963,27.09193541960147
4280000000.0,-0.3749638445109301,-6.209186526528581,0.9577492217922846,0.48926108453723405,1.1566599806862772,1.4106578888853727,27.708718561277365,27.74460379943371
4300000000.0,-0.4267320316006357,-6.419611861012191,0.9520579818571102,0.477550613080358,1.1344689888712594,1.6357982670381357,28.802389323918835,28.84880355815538
4320000000.0,-0.3403484556480873,-6.5890425261822125,0.9615737017355072,0.4683255735769295,1.1439528267354862,1.317607167342443,29.36995887989828,29.399499540882463
4340000000.0,-0.3802927318584278,-6.776735071942122,0.9571618124832058,0.4583141294582514,1.1262105765372104,1.499460917907485,30.409042474339213,30.44598901744692
4360000000.0,-0.3114197421338343,-6.912447489306559,0.9647816016460342,0.45120886686613065,1.1343929804133046,1.23814889918635,30.875558866312616,30.900374560896374
4380000000.0,-0.33859207386665,-7.0809460702556475,0.9617681621038964,0.442540168101542,1.1208397980200477,1.3701496070166006,31.855022670568765,31.884475521608596
4400000000.0,-0.2856753895811207,-7.1787538760942535,0.9676453868959343,0.4375848789083514,1.127818121030219,1.1637867110036404,32.22399931610863,32.24500785289528
4420000000.0,-0.2991149900299419,-7.327934579603971,0.9661493154485989,0.4301335030500709,1.1184593301879218,1.2390082531113666,33.13302385193667,33.15618209360484
4440000000.0,-0.2606091485065421,-7.378469696128663,0.9704419069785374,0.4276382219903839,1.124631943727237,1.0848685487248306,33.40188746805685,33.41950068742419
4460000000.0,-0.2590257403458077,-7.499318128174243,0.970618831365856,0.42172960933523485,1.11995677919207,1.094776715791112,34.21981518471567,34.237323016461666
4480000000.0,-0.2329485643164322,-7.480882911107061,0.9735372464218325,0.42262565265041724,1.1263872124487948,0.9873843607016537,34.37354919063835,34.387727634099235
4500000000.0,-0.21372753781998466,-7.543497640209655,0.9756939748183014,0.4195899891729099,1.1280344915108589,0.9176279443078434,35.05925862646093,35.071265396065336
4520000000.0,-0.19602974341693385,-7.4041231577802815,0.9776840110417429,0.4263770712296723,1.1376634323170638,0.8415374386989859,35.05276641909869,35.06286666678332
4540000000.0,-0.15121806013404956,-7.326184610787503,0.9827410492789245,0.4302201718980495,1.1508693662458287,0.6548186390013035,35.51333096474335,35.51936744455597
4560000000.0,-0.12764776633522434,-6.931259999132584,0.985411466847643,0.4502326645572807,1.1737452112291722,0.5496379683272212,35.21392663059165,35.218215892360575
4580000000.0,-0.020980229016970636,-6.475989218998123,0.9975874766942431,0.47446102096555165,1.2202940340728605,0.0903006213623985,35.192002586179534,35.192118439046624
4600000000.0,0.09630198909060408,-5.409711301566907,1.011148866744024,0.5364317008652922,1.3101810004109544,-0.4064594268639026,34.1469909751257,34.149409979105094
4620000000.0,0.5694551079510537,-3.745928918868598,1.0677578067710114,0.6496860684344655,1.5621987214382735,-2.3441907186973956,32.790494990677594,32.87418123481221
4640000000.0,1.9175279190878052,-0.49669525018907196,1.2470285483924364,0.9444201346606343,2.447009591258158,-7.574858895720196,30.485929331961188,31.412901402503447
4660000000.0,3.73419498294266,0.5314830588494542,1.5371269930258418,1.0631000851669208,3.49294118377058,-17.884591929596517,39.91693955165167,43.74037827520931
4680000000.0,1.6912407498974176,-6.056583173216116,1.2149601610174636,0.497932921677567,1.7240653873499392,-9.680173949023787,49.40158423631582,50.34105971015276
4700000000.0,0.8027978679946155,-11.695934099488806,1.0968314467055715,0.2601376993425125,1.2707108451014526,-4.539213620192214,49.03656426411838,49.24620894159012
4720000000.0,0.4466164505870651,-15.037611871803588,1.0527635079329474,0.17705957050377227,1.1396610951422652,-2.4533023270712357,47.63841742043295,47.70154616604606
4740000000.0,0.34835857950251903,-17.313861222392227,1.0409213803780943,0.13624072275311488,1.1020788546645284,-1.8934237081560712,47.11648765027049,47.15451687629404
4760000000.0,0.24263364897746303,-18.406932416408186,1.028328050254039,0.1201305261417613,1.0718899222503697,-1.3024509093229788,46.498156382608066,46.516394156820354
4780000000.0,0.26828450334717746,-19.600026222126015,1.0313693599020994,0.104712538684388,1.0746874723025959,-1.4343486966257475,46.294911679378174,46.31712646079135
4800000000.0,0.21767441579534275,-20.29931717615931,1.025377352116614,0.09661268261325819,1.0607327246754088,-1.155419765470778,45.936001124140674,45.95052985670017
4820000000.0,0.2935276329358361,-21.411188833558406,1.0343711087048129,0.08500423403366777,1.0771493103268743,-1.5495702986623503,45.65892664115907,45.68521369254216
4840000000.0,0.2815337768107643,-22.711582233314253,1.0329437895384321,0.07318479966433848,1.0723288872479262,-1.4751129539042225,45.28179736386921,45.305817846379156
4860000000.0,0.4105046781618944,-23.58280897921074,1.0483957069784084,0.06620023803684937,1.1035160299268925,-2.1238697185953272,44.640132632000956,44.6906283686435
4880000000.0,0.4753842826674325,-26.852031318458426,1.0562560612514416,0.0454358266660063,1.1177412812752325,-2.427065221273269,43.96703744010048,44.03397582376036
4900000000.0,0.7332656876081111,-22.945921799614357,1.088086155212157,0.07123671922568219,1.1890061513304129,-3.6365112431538207,42.480925223818026,42.63628996398729
4920000000.0,1.053007925618419,-21.229626627875383,1.1288868036101507,0.08679978882949031,1.2819196187059871,-5.070764057374925,40.956713473162345,41.26941999408621
4940000000.0,1.8937147312737221,-13.860969518633137,1.243614383968988,0.20274564022930933,1.587682530646558,-8.502708785804098,37.27242631517455,38.22995971899927
4960000000.0,3.544902395707377,-7.792003587900512,1.5039905926539348,0.4077554933176734,2.4282522451222732,-14.91371015911436,33.65232953474771,36.80893959115535
4980000000.0,20.360414892703083,15.548061392960939,10.423672182165795,5.989672399638118,144.52911721624366,-44.728938300233644,-7.437359254821055,45.34305056071306
5000000000.0,1.6591560649780936,-5.063430245897516,1.2104805156007765,0.5582496863087674,1.776905790912959,-15.650848956567355,74.48407527911652,76.11062043661438
5020000000.0,2.3017740525180943,-3.9067397059241653,1.303432971382815,0.6377684258246162,2.105686075866643,-21.21441898819572,72.4007383643343,75.44480425256273
5040000000.0,0.9167244674979519,-4.464408004874453,1.111312561598003,0.5981079840173793,1.5927487701108491,-9.545259340531873,80.53880656919556,81.10247431162819
5060000000.0,0.7289188045891092,-4.993623783626728,1.0875417550289066,0.5627542853493075,1.4994394546103642,-7.062525537044669,76.71807719671307,77.04247293358537
5080000000.0,-0.01773845643629375,-3.453057533786139,0.9979598686346199,0.6719657277528472,1.4474618386796414,0.1871381713778483,81.63006011781528,81.630274626105
5100000000.0,-0.3368780340814647,-2.354834604421984,0.9619579724317437,0.7625323441594595,1.5068187166143119,3.6138053604754012,82.51824922324016,82.59734283893263
5120000000.0,-3.8329295633313314,2.4922606965674334,0.6432110871695191,1.3323337667780493,2.18883376875478,48.57310841581335,82.78461107109622,95.98249158761729
5140000000.0,-3.3487403446421498,0.16782380184263868,0.6800846658945853,1.0195092960332628,1.5019143574831886,16.81892087917405,42.35104912252465,45.56849197985833
5160000000.0,-0.7408059033497718,-5.287974950131429,0.9182473947352476,0.544002947134112,1.1391174844286691,4.098516169462967,47.96171006697672,48.136508674187056
5180000000.0,-0.0722900126869055,-11.837114611199976,0.9917118424669654,0.2559435971550295,1.0489995034138793,0.4456942624304678,53.433064467151475,53.43492324057675
5200000000.0,-0.13041816643434637,-14.574221626835019,0.9850972159400612,0.18676217313002397,1.0052966341651084,0.8329860078738259,55.203579949424885,55.20986419945134
5220000000.0,0.09496674856948681,-20.030215193780418,1.0109934395826126,0.09965273907636232,1.0320384032845031,-0.6250863881971201,56.71886025627081,56.722304623164646
5240000000.0,-0.058679387906016484,-21.37165657359813,0.9932670543427823,0.08539199721987432,0.9938712344319867,0.3932948272692553,57.633285590285716,57.63462751465123
5260000000.0,0.11519944985696928,-26.867506563035654,1.0133511682056557,0.04535494784254879,1.0289376613975676,-0.778880551922978,58.07233747999368,58.077560514405576
5280000000.0,-0.041015874154792284,-27.649261545484542,0.9952890046928698,0.04145118233892243,0.992318403379818,0.281807297094371,58.88776778026039,58.88844207053341
5300000000.0,0.11356014066439402,-32.70685007390165,1.0131599340081652,0.02315567771280937,1.027029237289769,-0.7793179652728387,58.82611675867355,58.8312786653162
5320000000.0,-0.03331392438204298,-34.83279435463167,0.9961719384966005,0.01812843368643252,0.992687171155998,0.2325718198348946,59.69745295963632,59.6979059894011
5340000000.0,0.10728553361412436,-34.92318768279338,1.0124283008539172,0.017940750884364205,1.0253329349122446,-0.7433672900582743,59.313503132460234,59.3181612052523
5360000000.0,-0.027129910445736583,-46.238436811989764,0.9968814265155597,0.004876162378532653,0.993796355491239,0.19157304041506917,60.277440441722995,60.277744868527364
5380000000.0,0.09998178202527208,-33.693326847252806,1.0115773325532715,0.020669675456582645,1.0237159352190726,-0.6972334515708498,59.64040323836368,59.644478645727226
5400000000.0,-0.020135429649733437,-42.986243455513346,0.9976845078896043,0.007090679036243588,0.9954246550121169,0.14336815243130407,60.7001803457511,60.700349656602796
5420000000.0,0.09263474053624461,-32.10916967300557,1.010722042125794,0.024805130508258288,1.0221743409384672,-0.6485404333082762,59.84015838367479,59.843672682054866
5440000000.0,-0.011502662183649561,-37.145099126619016,0.9986765835652309,0.01389136886970547,0.997547888690596,0.08236171132093258,60.98601435069283,60.98606996547985
5460000000.0,0.0854861210487757,-30.80559309199049,1.0098905447028828,0.028821749908068427,1.0207096055480485,-0.5993619148329833,59.91414546479289,59.917143302074365
5480000000.0,-0.0006699273413520081,-34.07203328525221,0.9999228747388266,0.019787837523095674,1.0002373139397995,0.004810175361211588,61.1276907721342,61.12769096139201
5500000000.0,0.07877378980857422,-29.69806209732355,1.009110417213303,0.0327413735776846,1.0193758316721597,-0.5515345559224493,59.843852646922954,59.8463941269063
5520000000.0,0.013041606280526587,-31.92875128654057,1.0015025981815764,0.02532575700930321,1.0036488481325423,-0.09358553429799221,61.097639664302676,61.09771133848797
5540000000.0,0.07290973482231493,-28.66048299124131,1.0084293721905335,0.036895708161668046,1.0182910919773445,-0.50794248704215,59.591186481167234,59.59335123823287
5560000000.0,0.030697988074672507,-30.13763660178245,1.0035404892641482,0.031125631387314664,1.0080623185217847,-0.21919668297510145,60.84465604775322,60.84505088135944
5580000000.0,0.06872180501740768,-27.58551838503123,1.007943271901313,0.04175649918100596,1.0176932445949776,-0.47406062160913437,59.090181470040164,59.09208305378342
5600000000.0,0.05429788016164103,-28.426986267143004,1.0062708544670422,0.037901001559401404,1.014017518469037,-0.38344431772069903,60.28093533887349,60.282154862564745
5620000000.0,0.0680176219706334,-26.370798137602144,1.0078615591668658,0.04802419492657973,1.018091245744612,-0.4612761760889059,58.227408139778724,58.22923522069474
5640000000.0,0.08794111877827504,-26.61424330778399,1.010176022587692,0.046696876771843754,1.0226361949113338,-0.6085880977945822,59.252188329635004,59.25531369694461
5660000000.0,0.0751021979510834,-24.892222879238474,1.0086839486785706,0.05693624951255599,1.0206850448303493,-0.4950907215080478,56.79641728200212,56.79857507802315
5680000000.0,0.14129116775657982,-24.518514363288382,1.0163997706681989,0.059439381518677864,1.0366015338896901,-0.9439336804673903,57.46706181201907,57.47481364997664
5700000000.0,0.10172354442122039,-22.963093109374178,1.0117802022766256,0.07109602903646543,1.0287538230636832,-0.6391950511137384,54.38519241781036,54.3889485524001
5720000000.0,0.2417094720315497,-21.880093406337412,1.028218642172729,0.08053697803653388,1.0637197809427876,-1.5166830283842485,54.307867089529736,54.329041545223454
5740000000.0,0.18840519895842897,-20.237780250721194,1.0219279089730675,0.09729958489575112,1.0538038603589515,-1.0856459743524207,50.04668301553231,50.05845690828672
5760000000.0,0.49396105683042213,-18.182217331045344,1.05851752541847,0.12327900868092041,1.1356570655993916,-2.7451880573181864,48.216687811816534,48.29477239838924
5780000000.0,0.542557124267362,-15.89168037540091,1.0644563478475308,0.16047817663937544,1.1588205616504021,-2.616300574970471,41.074095481286605,41.15733650644122
5800000000.0,1.5905471172527599,-11.90319948053598,1.2009567179369582,0.254003690093788,1.5068149129391717,-6.700496652000405,33.98552311159895,34.639752258821005
5820000000.0,3.4305642573739776,-6.733192622659422,1.4843223022660454,0.46061743106245945,2.415381114802953,-10.820971906410827,16.23833625574091,19.513508073994334
5840000000.0,12.990477703679682,5.185566999614249,4.461941635448966,1.8166796442432798,23.20924808796088,-38.17808888011191,-16.249698740674052,41.49239905935048
5860000000.0,4.475931306999242,-4.39087662484382,1.6741584736486215,0.6031928275189123,3.1666481820597423,-176.34319347600444,-60.00485254749597,186.27266094239988
5880000000.0,1.7092016373735808,-8.527766674612577,1.2174750836088686,0.3746378619476598,1.6225991068131354,-163.6503448313909,234.42211213811348,285.89362011546774
5900000000.0,-2.2150634339066237,-9.775756883210763,0.7749020829841766,0.3244980981880576,0.7057722539408819,115.68521057412389,174.52659015482385,209.38624266328782
5920000000.0,-1.6329954578865995,-20.676689583843807,0.8286101085060442,0.09250506673862319,0.6951518992907155,21.996665879925395,94.0940040038103,96.6309210310144
5940000000.0,-0.3348043321449857,-34.13778135146134,0.9621876613107229,0.019638618446625192,0.9261907709130904,4.03863271981463,89.25455882628376,89.34588309217222
5960000000.0,-0.11349932797535885,-30.638486769673136,0.9870179107734159,0.029381614852886758,0.9750676354788823,1.414059711207715,91.21484959846305,91.22580968200334
5980000000.0,-0.06668937611212307,-31.764650653114618,0.9923515016043436,0.025808779508810435,0.9854275958361299,0.7635852805894169,86.28354891292145,86.28692760487675
6000000000.0,0.019222221223803234,-30.55202562257554,1.0022154905826446,0.029675546040474784,1.0053165275966114,-0.2255906956244982,87.71355321996884,87.71384331811176
6020000000.0,-0.05353956551822177,-31.59919521747755,0.9938549880195945,0.026305117080678387,0.9884396963960564,0.5857300155778229,83.67948872514881,83.68153866267909
6040000000.0,0.0609111416497846,-31.903067685050395,1.0070373005766016,0.025400754425208956,1.0147693230779782,-0.6855285663553459,85.29527289295976,85.29802768704424
6060000000.0,-0.06749705350821196,-32.06801782084107,0.9922592298110422,0.02492293064609323,0.9851995316171926,0.7158281571779949,81.92277371427777,81.92590105083599
6080000000.0,0.08587883155255582,-33.52988212330362,1.009936205378616,0.02106230482569527,1.0204147596191289,-0.9389188494848641,83.64070474773888,83.64597455529075
6100000000.0,-0.08572631760199065,-32.504843630277925,0.9901789376851893,0.023700516930651554,0.98101604313815,0.8900764738638801,80.73325431320758,80.73816066848673
6120000000.0,0.10610672730652533,-35.262644456341604,1.0122909083776856,0.017253125332222723,1.0250305535178494,-1.135910474647931,82.44833432756786,82.45615881180022
6140000000.0,-0.10433974080231692,-32.79518203664656,0.988059306129508,0.022921387232696034,0.976786582421796,1.0673798864021915,79.90508628511537,79.91221504910015
6160000000.0,0.12459371396766775,-37.10988437226311,1.014447755751196,0.013947802250192893,1.0292987903362487,-1.3123874674896374,81.53554223841658,81.5461035793706
6180000000.0,-0.12257771937139605,-32.9357541218867,0.9859868299988065,0.02255341409513797,0.9726786854184422,1.2406483343753105,79.31148297045954,79.32118594211182
6200000000.0,0.14230099134573065,-39.14398315193139,1.0165179444158934,0.011035724305675423,1.0334305185304642,-1.479156241064817,80.791213911939,80.80475325468278
6220000000.0,-0.14031460152016376,-32.9501808790338,0.983975465683216,0.022515985279141358,0.9687146866595924,1.4090115142078108,78.87313997161112,78.88572445270773
6240000000.0,0.1595715496429864,-41.49195943806765,1.0185411450624782,0.008421743850298136,1.0374969899546642,-1.639600195123544,80.14412691142728,80.16089674644871
6260000000.0,-0.15756235849246647,-32.86432435234452,0.9820235032076384,0.0227396503389922,0.9648872525497423,1.5726910948692683,78.5378976787515,78.55364236671602
6280000000.0,0.17654999433072377,-44.35205275811374,1.020534050558758,0.00605894990920213,1.0415264592238678,-1.7946878967192907,79.54547930191,79.56572240617957
6300000000.0,-0.17435684521296163,-32.69940174167684,0.9801265591827271,0.023175542707375485,0.9611851777951531,1.7319472097788673,78.26976174641179,78.28892159799831
6320000000.0,0.1932748241736336,-47.90668701720995,1.0225009995094154,0.004024071133507476,1.045524487146241,-1.9440955739788786,78.95915188595984,78.98308156909832
6340000000.0,-0.19071799832107442,-32.47121653572092,0.9782820840902515,0.023792450432925535,0.9576019167495692,1.8867284158329383,78.04209104019424,78.06489427419395
6360000000.0,0.2097493080926131,-50.89582175424433,1.0244422124607835,0.002852390046453108,1.0494899828005222,-2.0869794525444765,78.35608589782568,78.383873854657
6380000000.0,-0.2066664520069428,-32.189562642600364,0.9764874755740729,0.02457660377766734,0.95413179940627,2.0368595890139964,77.83373598993126,77.86038309137503
6400000000.0,0.2259671898676871,-48.95123103323663,1.0263567892904528,0.003568111755871911,1.0534209903441094,-2.2222118633607195,77.71027476003796,77.74204157884108
6420000000.0,-0.2222160278973073,-31.859212309768964,0.9747409206909068,0.025529328079115423,0.9507716090615278,2.181965259302083,77.62652044403674,77.65718027742996
6440000000.0,0.2419127892937478,-44.998935862822904,1.0282427107546186,0.0056241022371350344,1.05731470274598,-2.348327716994099,76.99575740454972,77.03156042406694
6460000000.0,-0.2373929691835365,-31.480096777535213,0.9730392333136497,0.026668289507464665,0.9475165472328693,2.321626509767901,77.40312874833016,77.43793830985838
6480000000.0,0.2575706360969505,-41.65276630283905,1.030097971164403,0.008267261689144503,1.061170177812856,-2.4635057208020767,76.18325725918186,76.22307752285465
6500000000.0,-0.25226302544235235,-31.04664233305066,0.9713748361852685,0.028032890676235118,0.944354915333623,2.4555731694278666,77.14497234661533,77.18404367452162
6520000000.0,0.2729670013392025,-38.883267040111775,1.0319255132881813,0.011371994683818451,1.064999587238165,-2.5657365340670886,75.23531802532607,75.27905473858051
6540000000.0,-0.2669448243780961,-30.54526045289032,0.9697343037523806,0.02969866840514224,0.9412666307791528,2.583693093853662,76.82987360757414,76.87330452477664
6560000000.0,0.28815399491634053,-36.44639194051547,1.0337313795424772,0.015054987628799378,1.0688272177032963,-2.652221577301495,74.0982362235033,74.14568693274883
6580000000.0,-0.2817335606882175,-29.948983507297694,0.9680846232130935,0.03180905921756487,0.9381996539499439,2.7069188969382942,76.42690811212759,76.47483045744002
6600000000.0,0.3033222068473321,-34.13142206560793,1.0355381668926562,0.019653001926317287,1.0727255355761187,-2.719341966626692,72.68313142136984,72.73398389987706
6620000000.0,-0.2972492034941715,-29.203326282532863,0.9663568730024642,0.034660409215518787,0.935046949966088,2.8279270250374364,75.88600756668407,75.938681287403
6640000000.0,0.31906130707522995,-31.685787218243824,1.0374162951257913,0.02604417705245503,1.0769108685508624,-2.7621249637843825,70.817777805024,70.87162328857234
6660000000.0,-0.314954413031751,-28.186328219739583,0.9643890694116782,0.038965799275271114,0.9315646107138835,2.953888417544956,75.10759004885526,75.16565398990558
6680000000.0,0.33755651777522133,-28.604414993369005,1.0396276604941181,0.0371346427624069,1.082204654157565,-2.7745645671363808,68.08311790264156,68.13962981908693
6700000000.0,-0.33897230757721475,-26.56517387747709,0.9617260606395719,0.04696142926384258,0.9271223915518124,3.104620868339887,73.82234080815701,73.88759485280201
6720000000.0,0.37220076582693473,-23.460646154119175,1.0437825650558268,0.06713789063573981,1.093989539473538,-2.772326973829281,62.97566348964783,63.03665591392982
6740000000.0,-0.38187391889900124,-23.00326172374499,0.9569875857580239,0.07076799866173321,0.9208333489295583,3.3014738269363417,70.73390166720831,70.81090717182093
6760000000.0,0.8869130768784343,-9.705190157678501,1.1075048935471112,0.3271451544795819,1.3335910413302678,-4.255489382733691,40.79134215770893,41.012714917618425
6780000000.0,3.6201691350876857,-6.585422935377365,1.5170799083533393,0.4685207752501027,2.521043165170334,-45.49587008504531,83.49156623590105,95.08267890272745
6800000000.0,0.4901419295513486,-13.321195859651258,1.0580522046855974,0.2157447354738855,1.1660202587247501,-6.112917624451752,91.14238774434875,91.34715433785854
6820000000.0,-0.13280721678127014,-32.34306422064801,0.9848263026178881,0.024146088549853284,0.9704658799202773,1.3144018035893574,78.07320049909279,78.08426402466007
6840000000.0,0.39717361705060733,-17.119933722200006,1.0467878685205556,0.13931674334879504,1.115173996659122,-3.6524317862517752,74.0258123616635,74.11586303725697
6860000000.0,-0.20686581827005693,-34.11209218231488,0.97646506262239,0.019696787108228284,0.9538719819445348,1.9215891425896123,74.60702748786373,74.63176974591835
6880000000.0,0.3930749592462056,-16.867246320989345,1.0462940315813707,0.143429235627362,1.1153031461554477,-3.194985459455052,67.4882330798953,67.56381824861886
6900000000.0,-0.21375202640095986,-32.6110591405041,0.9756912239973466,0.023412459707785493,0.9525215078550091,1.891648463009343,72.00523701217085,72.0300804600863
6920000000.0,0.39328739077376695,-15.119129635726495,1.046319621194718,0.17540562571733065,1.1255518832303466,-2.8508184711166065,61.581712546144026,61.6476640763555
6940000000.0,-0.18527927000469263,-31.17092373965638,0.9788948338268594,0.027634640106420444,0.958998769026726,1.547960730910099,68.96043955624,68.97781097000883
6960000000.0,0.3809165910297552,-12.293661142217962,1.0448304706456155,0.24283816522939441,1.1506410868815171,-2.3864929783025053,54.218243451778896,54.2707404752492
6980000000.0,-0.09188179478918246,-28.278584478902577,0.989477470716452,0.03855411833790801,0.9805520850962406,0.7056073051505882,64.57623330513442,64.58008818163871
7000000000.0,0.3073862094421784,-8.133590470284476,1.0360227936445623,0.39203105967340923,1.2270315806997396,-1.5306922328339991,42.71742194292609,42.74483777208239
7020000000.0,0.26345887693156717,-20.578191457133443,1.030796520371325,0.09356004610334002,1.0712949486364904,-1.725547024257529,56.4594245614376,56.4857870117925
7040000000.0,-0.13202245043222377,-1.7326301435101767,0.9849152852654837,0.8191595388196785,1.6410804691888574,0.4263065572255913,17.45703052116135,17.462235020108178
7060000000.0,12.148064902750006,8.442329787076861,4.049517173896706,2.643117616833189,23.38466007809832,-30.318785780816548,-2.5369948481577542,30.42474509478465
7080000000.0,1.972432150112594,0.9836309113903358,1.2549360853633884,1.1199059333268482,2.8290538778478647,-26.92188458047224,-93.98797943297514,97.76772548882187
7100000000.0,2.122652947318484,6.493090570198307,1.27682873341948,2.1118084753665927,6.090026651115767,-15.501722830590897,61.063686917143436,63.0006132559944
7120000000.0,1.9100686910780398,3.6526531307093046,1.2459580907077108,1.5227641946817991,3.871222356404912,-16.518891165049652,69.71127423868599,71.6417163481169
7140000000.0,1.1725308557182117,-0.5278819018372765,1.1445283187849542,0.941035278276228,2.195492467461132,-4.637372695260846,30.57148348893804,30.92120353785024
7160000000.0,12.685149733347597,11.303040277297654,4.3078193892750765,3.6741088093546783,32.05638343359195,-32.15479251191535,-6.916099300643537,32.89016739119291
7180000000.0,5.983905157234604,1.7259013431358254,1.9915685426496823,1.2198180828809555,5.454301415395149,-87.21257239202414,-67.04745161610302,110.00633414239259
7200000000.0,1.2003985588713304,-11.140579132598427,1.1482063066367534,0.27731351994086845,1.3952805109424085,-688.2483050918474,158.0700018986877,706.1670163368237
7220000000.0,1.081577070798758,-11.771448424556034,1.1326059884227995,0.2578858888274811,1.3493014566675265,-65.62585566087573,214.86724269803688,224.6657181589554
7240000000.0,0.3487019260426852,-19.292562406255687,1.0409625280133203,0.10848554614651175,1.0953720984505897,-18.106491647018796,205.66531870854618,206.46081555406934
7260000000.0,0.3707386134798083,-18.627444991989005,1.0436068731298191,0.11711910647304011,1.1028321907448417,-9.909045404808582,143.6364206755643,143.97781261472974
7280000000.0,0.22393747493318678,-20.921062347123872,1.0261169787002775,0.08993875731976966,1.0610050340452102,-6.247733038353699,147.30747348650044,147.43990610785997
7300000000.0,0.14935929165387557,-23.750534934925778,1.017344319747269,0.06493416395624174,1.0392059105707294,-2.9804676791234295,121.76015541593866,121.79662817377103
7320000000.0,0.19006954891758365,-21.384742650883396,1.0221237448297193,0.08526344332644592,1.0520068045126112,-4.015272428530238,125.84113524798573,125.90517754714122
7340000000.0,0.05815040164431865,-28.38860806853522,1.006717272750056,0.038068835879637254,1.0149289035185414,-0.995565293921873,111.22017995212734,111.22463566511715
7360000000.0,0.17333761527836133,-21.734531284627373,1.0201566872501662,0.08189802632905821,1.0474269532578284,-3.100575705160734,114.14608859706627,114.18819164744109
7380000000.0,0.018895986630226642,-33.35583816986507,1.0021778489320103,0.02148859850260989,1.0048222007555976,-0.29303865075570446,104.7377619755998,104.73817191123891
7400000000.0,0.15888136848220627,-22.04917116333402,1.018460214955085,0.07898442153830901,1.0434997482920993,-2.5293325668085087,106.40845546986733,106.43851238492701
7420000000.0,0.006450072236854714,-39.999847550900334,1.000742867798774,0.010000175515052428,1.0015862909604463,-0.09293401932217973,100.07401806800594,100.0740612197163
7440000000.0,0.14266630939953595,-22.31551760205847,1.0165606988350735,0.07659917989325304,1.0392630887763719,-2.073672312088651,100.60756614939305,100.62893462301199
7460000000.0,0.010971068168656258,-50.767149674199665,1.0012638889362422,0.0028949596592571,1.0025377560791562,-0.14869947631727828,96.29460217498901,96.29471698682984
7480000000.0,0.1232845709585677,-22.51730085838068,1.0142948690389448,0.07484020304327442,1.0343951373502887,-1.658543587127379,95.82867448895819,95.84302593898582
7500000000.0,0.02852609429612999,-42.17033841447822,1.003289586828372,0.007789024668267379,1.0066506639435282,-0.3656303070795691,92.91370664759431,92.91442605169914
7520000000.0,0.10003350751647036,-22.639398827203845,1.0115833566328294,0.0737955304149125,1.0287466677257604,-1.2537040223594114,91.56853551548829,91.57711761257241
7540000000.0,0.05815152186572547,-36.68848908188853,1.0067174025866483,0.014641161996961421,1.013694292295429,-0.7051293044971283,89.62103658921542,89.62381048952086
7560000000.0,0.07229116216297152,-22.664616284469776,1.0083575586339155,0.07358159299135335,1.0221992168812954,-0.845199621729478,87.49124581213587,87.4953281961966
7580000000.0,0.10115893333121227,-33.29273053126854,1.011714435408739,0.021645293221819708,1.0240346175330823,-1.1559736387047463,86.16693404126572,86.17468768220293
7600000000.0,0.039303878005520015,-22.56877419168534,1.0045352795703684,0.07439800507235693,1.0146261910602647,-0.427251899382796,83.31781441251357,83.31890987443116
7620000000.0,0.16148724671042083,-30.66783664909616,1.0187658119135292,0.029282501050977648,1.038741244391633,-1.7242807108286253,82.29494207912539,82.31300405024918
7640000000.0,6.0313163582882845e-05,-22.31454046736178,1.0000069438336772,0.07660779753977548,1.0058826423594662,-0.0006042367319736253,78.7515363492301,78.75153635154815
7660000000.0,0.24772616296646788,-28.324516854046887,1.0289311330300315,0.03835077611404249,1.0601700585470137,-2.4348216327782195,77.67541964540005,77.71357135965665
7680000000.0,-0.046544246106726944,-21.840048082326383,0.9946557273471093,0.08090914202928513,0.995886305208322,0.4226492657803107,73.3975343832674,73.39875125603149
7700000000.0,0.3785590775139824,-25.973235004891503,1.0445469225222248,0.05027339908692628,1.0936056880064042,-3.339265696195807,71.80190895571951,71.8795160325612
7720000000.0,-0.10035063682836606,-21.03610142230894,0.988513189000756,0.0887554292822934,0.9850358510555286,0.8016553583820483,66.6215144943734,66.62633747128554
7740000000.0,0.5997047783994074,-23.331706081673698,1.0714828863695698,0.06814197171804724,1.1527189040924877,-4.540905413381901,63.770663091603666,63.9321303658505
7760000000.0,-0.15156850882829034,-19.69158144791452,0.9827013995269476,0.10361459352126422,0.9764380246227983,1.0077634461589409,57.225251258925745,57.23412416391638
7780000000.0,1.048493112344839,-19.954205057895305,1.1283001753009885,0.10052862607814354,1.2831672902454005,-6.26075401783933,51.69605325352103,52.07378383469721
7800000000.0,-0.11640139365424071,-17.342120151710457,0.9866881906801026,0.13579819343006022,0.9919947349664426,0.5772446133126766,42.512735725217,42.51665450368526
7820000000.0,2.2794877153311166,-14.83244191936241,1.3000928976553159,0.1812916927360855,1.7231082203889108,-9.050291376461855,30.748597375046025,32.05283161487526
7840000000.0,0.8610629218153139,-12.878647912758414,1.1042137380198886,0.22702182174362964,1.2708268867796515,-2.6931947910662286,14.777510674509879,15.020922738563025
7860000000.0,4.683943383028055,-8.387958771247945,1.7147356186443345,0.3807168174998477,3.085263536974781,-14.725054220272696,-16.537111119782782,22.14279264180591
7880000000.0,3.8327743474055618,-10.806690928009273,1.5546717869343496,0.2881810726961228,2.5000526957499316,-27.781958481593502,-58.545561337690586,64.80293179647256
7900000000.0,0.46312223269273173,-15.329024295981547,1.0547659747730835,0.17121774983542726,1.14184677939772,-32.924842190902396,-241.29904911361467,243.53495916691398
7920000000.0,1.7524777735702515,-19.288215371612004,1.2235561060543338,0.10853985358943535,1.5088704444800602,-497.29051686436065,3.4717546107834547,497.30263546788126
7940000000.0,-0.27304356863120527,-20.757673914863982,0.9690536497321113,0.0916465887236948,0.9474640732838154,70.6642581514607,466.2330747071611,471.5577560924956
7960000000.0,0.9796075219134739,-25.38562948894558,1.1193873020148577,0.053792103274290806,1.2559215222867743,-71.68952049952712,237.05456418056397,247.65753319511452
7980000000.0,-0.3179828606451207,-23.954472007917694,0.964052881317689,0.06342732556453405,0.9334209836052074,18.14815839951406,216.25345115497086,217.01361890381264
8000000000.0,0.6620868278716036,-29.951256244800724,1.079205975649289,0.03180073719327821,1.1656968247631698,-24.776267102147088,171.61860945451102,173.39783886374397
8020000000.0,-0.28028855046631307,-25.610755171366122,0.9682456900240795,0.05241580275142272,0.9402471326282819,9.778107135771105,166.48236749319565,166.76927194569768
8040000000.0,0.49332546473788735,-33.64939708471634,1.0584400709743103,0.020774479228495273,1.1207269628313181,-13.514200324404339,145.386199620033,146.0129468587091
8060000000.0,-0.23460825700700325,-25.990147656090954,0.9733512414921385,0.05017560493443369,0.9499302306448237,6.303801263814838,144.237543456562,144.3752293600162
8080000000.0,0.38931523657847694,-36.72478954159103,1.045841236957099,0.01458010067978298,1.0939964722557876,-8.864926276543988,131.1979946868318,131.49715102516294
8100000000.0,-0.19349879017231175,-25.412231675794672,0.9779689367283876,0.053627606770003784,0.9592991614135311,4.376316699729587,130.87692744378455,130.95007554401022
8120000000.0,0.3206419398652153,-39.08208367743731,1.0376050982871234,0.011114650634646195,1.0767478754501614,-6.431195224161863,122.01662906462344,122.18599772602911
8140000000.0,-0.15961219706898544,-24.205980308981147,0.9817917765528761,0.06161706170650778,0.9677117548001962,3.163679918724289,121.27764221949231,121.3188994878676
8160000000.0,0.27599334622703,-39.763349723734976,1.0322851202769527,0.010276199188476626,1.065718169814964,-5.023556864584751,115.28186173120537,115.3912638278326
8180000000.0,-0.13441774667434386,-22.57315095817421,0.9846437139333519,0.07436052581771019,0.975052731188351,2.3758627928261506,113.34936676280219,113.37426370009457
8200000000.0,0.2525201066441194,-37.5691842252117,1.0294991806998204,0.013229419522793823,1.0600435806025115,-4.234819618246041,109.78435417333105,109.86600073933006
8220000000.0,-0.12063179180201553,-20.56594418908911,0.9862077485199015,0.0936920605807298,0.9813839254565563,1.9051225182417275,105.89979837504788,105.91693343221992
8240000000.0,0.2544374742555933,-33.479193504694564,1.0297264626883005,0.02118557836760976,1.0607854166913302,-3.9508954879082916,104.76480626578741,104.83927797855317
8260000000.0,-0.12471020992152997,-18.100908772505388,0.9857447880666032,0.124438440962218,0.9871777127895798,1.7345746603500896,97.87179592093588,97.88716558385809
8280000000.0,0.29862701119140256,-28.641132603893645,1.034978553469084,0.03697799588673072,1.0725479783207568,-4.266267767585464,99.4765755897285,99.56801761471255
8300000000.0,-0.1638022479068532,-14.911341865662378,0.9813182769398425,0.17965235174204192,0.9952605281426278,1.9210874230529023,87.6607444649031,87.68179227769042
8320000000.0,0.4438264494925354,-22.961303530609047,1.0524254032850222,0.071110678664429,1.1126559580997575,-5.665631165166701,92.5497277063193,92.72298245318447
8340000000.0,-0.2958669481718005,-10.27607801481263,0.9665106693637792,0.3063346330247916,1.0279837813844541,2.582072270285137,71.24999585016481,71.29676714871073
8360000000.0,1.020451576738183,-14.893840269932646,1.1246634433544784,0.1800147064104558,1.2972731553419947,-10.343931131360756,78.98120891187656,79.65568575081018
8380000000.0,-0.7304169542618482,-1.4865137279069138,0.919346341779968,0.8427025607023547,1.5553453019585155,2.9085661084199814,30.959086799540078,31.095414650210184
8400000000.0,14.404288070783979,13.154573200116848,5.25066612416909,4.547038799359725,48.24505659037958,-51.63417117576903,-19.646935401700496,55.24572113464725
8420000000.0,1.2827578415667737,-1.6607954724014289,1.1591453359339097,0.8259623027141807,2.0258316353222483,-324.98930135945653,-336.95438062262673,468.1413254764908
8440000000.0,-0.8693547382372704,-12.480879656982506,0.9047576483354042,0.23765995860895475,0.875068658147421,23.91793027621198,144.58401768595218,146.54898689144687
8460000000.0,0.6868713018728632,-9.712043282802128,1.0822897990523013,0.32688714032642957,1.2782064116434617,-34.24579082931444,199.30696387954538,202.22769355458604
8480000000.0,-0.6253919285224894,-16.93047762186573,0.9305300521971781,0.14238889473329294,0.8861607753854518,11.786500649427431,117.30000109022262,117.8906775505391
8500000000.0,0.5441799562388356,-13.755768939248519,1.0646552445925375,0.20521615820240452,1.17560446142575,-15.421128830571886,148.01591255221535,148.81707423234124
8520000000.0,-0.5328574486509274,-19.08376160349087,0.9404963784643733,0.11112503731862132,0.8968822118236667,8.802446294637896,108.57724243624178,108.93346885061727
8540000000.0,0.4964481913591268,-16.357405495584178,1.058820666783962,0.1521001790229217,1.1442356688676385,-11.132367770349488,129.90203093725225,130.37817015818698
8560000000.0,-0.4948091763491205,-20.298913704632998,0.9446252304642945,0.09661717050954767,0.9016517036669924,7.546317468025948,103.46110211773899,103.73594631922653
8580000000.0,0.4819354426524275,-18.204974664656334,1.057053021944148,0.12295643614128401,1.132479376389821,-9.3727875242903,119.67453072511495,120.04100320412176
8600000000.0,-0.48083630590171594,-20.99507740196057,0.9461460589387434,0.08917561844295552,0.9031446557699997,6.892884322032152,99.58213103696326,99.82040210367737
8620000000.0,0.4829331723617717,-19.562387019677843,1.0571744503554568,0.10516728178035438,1.1286779756414307,-8.452358665646829,112.45610447681622,112.7733026966637
8640000000.0,-0.4796516106731729,-21.347735953624024,0.9462751155135856,0.08562748775066989,0.9027686608987409,6.505339400840298,96.17695776151346,96.39671490761533
8660000000.0,0.4928737334883547,-20.545828098645767,1.0583850256027048,0.09390929821390764,1.1289978187110665,-7.896418613827721,106.62269474087553,106.91469712219518
8680000000.0,-0.48650528744319743,-21.438217352253325,0.9455287434072798,0.08474013126240271,0.9012054944557187,6.247734566425988,92.88222477051299,93.09211494822003
8700000000.0,0.509319132270828,-21.20321004031969,1.0603908134175577,0.0870641767806092,1.1320088480588346,-7.525202889694738,101.4470315565784,101.72575332811492
8720000000.0,-0.4995403085618503,-21.300902669392126,0.9441108410223044,0.08609042792167945,0.8987568419155808,6.05445884499133,89.45556800031494,89.66022037762714
8740000000.0,0.5319935070741634,-21.543721497714504,1.0631625627621248,0.08371705168398082,1.1373231796015872,-7.25993245007715,96.51656053541538,96.7892198375738
8760000000.0,-0.5187192820699811,-20.93975913933306,0.9420284865942044,0.08974536806441391,0.8954719006439842,5.890039306572375,85.67279040251357,85.87502301825594
8780000000.0,0.5625763480341185,-21.55020370985067,1.0669125344601977,0.08365459760436887,1.1453004478886315,-7.067701411190607,91.52851985330834,91.80099318512411
8800000000.0,-0.5456965424673506,-20.331980917265092,0.9391072057160099,0.09625004786105044,0.8911864155409867,5.732577319431686,81.26329117160675,81.46523758490244
8820000000.0,0.6055525738351069,-21.182240058521696,1.0722045076085518,0.08727462613585348,1.1572393665032499,-6.943816031078236,86.18552757744656,86.46480061201935
8840000000.0,-0.5846820696690068,-19.421049556451006,0.9349015859627406,0.10689257081527745,0.8854669971311468,5.5659184908982375,75.82937414310186,76.03337051309674
8860000000.0,0.6713517211455146,-20.369044743889887,1.0803577359319252,0.09584021135853496,1.176358183701204,-6.913821082136006,80.09398126906558,80.39183265410247
8880000000.0,-0.6446720802211758,-18.09560115019916,0.9284668365221551,0.12451450387673643,0.8775545281971282,5.369306609990052,68.69280692485574,68.90233070577216
8900000000.0,0.7866162791818626,-18.975978396799704,1.0947899801440972,0.11251257913305418,1.2112241810870847,-7.060283551169667,72.577436767835,72.92003792930997
8920000000.0,-0.7449288457116143,-16.133496020188087,0.9178116324981295,0.15607207304935813,0.8667366847348057,5.09060035616074,58.517388144703396,58.73839397927064
8940000000.0,1.0371175171912224,-16.67976657257819,1.1268234486345534,0.14655872270942572,1.2912105435948864,-7.625822617648282,62.11938719392456,62.58571271420143
8960000000.0,-0.9149046372403289,-13.047478267917471,0.9000254043856512,0.22265173649217218,0.8596195243025346,4.507833352165573,42.13224594682177,42.372711856268715
8980000000.0,1.8696138780743656,-12.343994639681465,1.2401684935307065,0.24143502196803812,1.5963087621789291,-9.553761317775049,43.76720002270335,44.797791833351994
9000000000.0,-0.7056300165759731,-7.869704277122585,0.9219736289262566,0.4041241332327577,1.0133516874965782,2.101537956986027,9.388358574158781,9.62069324433711
9020000000.0,6.217788086113469,-1.8250091369971997,2.045923563675192,0.8104935128933966,4.842702962843676,-21.284075859034623,-22.618099049801167,31.05785391490785
9040000000.0,2.4596540352239895,-6.965551518603645,1.327341587776315,0.44845866945515284,1.962950868850035,-38.80034150326851,-100.3024462199923,107.54555880409339
9060000000.0,0.7871808359246253,-15.667837604169872,1.0948611405177344,0.16466758635260323,1.2258363310109863,-34.39637441927497,185.40306439506975,188.56671726546372
9080000000.0,0.8240168805066765,-13.018402492480703,1.0995142037173244,0.22339830588779996,1.258838287249681,-336.880465667411,490.0805721402492,594.6994327705431
9100000000.0,-0.2749832186541195,-16.15404914422908,0.9688372740748226,0.155703201628558,0.9628891506341163,2.42962837455615,71.91052192295652,71.9515549329579
9120000000.0,1.173293146939024,-15.9461605637303,1.1446287693100534,0.1594747653530228,1.3356072203166491,-37.630065078375736,155.2763576235352,159.770989339851
9140000000.0,-0.27040539329094215,-6.530316566572596,0.9693480262251829,0.47150268660169675,1.1619503794192758,0.9172626200113299,21.13094544870838,21.150844575816812
9160000000.0,9.995821145345463,3.8139041840663617,3.160756627674535,1.5512979164950353,12.396907685110337,-33.12685307930137,-21.26585782476872,39.36527789767139
9180000000.0,0.8247331295941585,-5.265295045961224,1.0996048747422829,0.5454252604687327,1.5066195953143766,-17.71348435202866,-126.08598401015809,127.3241646024014
9200000000.0,-0.6488268430159426,-19.40159627878253,0.9280228247773613,0.10713224012425476,0.872703680181794,52.08343827155846,254.2467516820002,259.52667547486504
9220000000.0,0.4922707783317627,-11.398291642135012,1.0583115574162356,0.26920642323510124,1.1924954508718146,-146.80653175426446,485.03447527226984,506.7648369494099
9240000000.0,-0.40648044987261706,-24.124038253439387,0.9542803419425656,0.062201103187591054,0.9145199482557733,15.240842673234853,172.7973612068584,173.46818534083934
9260000000.0,0.3718618955330588,-14.83388776203335,1.0437418438378916,0.18126151765197218,1.1222527743596178,-19.25221369627374,205.24578109454148,206.14673994345733
9280000000.0,-0.31716079219403037,-26.933711450012083,0.964144127579924,0.04501056116509938,0.9315998493632498,8.941865767612969,148.05225213855016,148.32203587701608
9300000000.0,0.31861496407183826,-17.037373976303883,1.0373629866418947,0.14064726817682213,1.0959036201001948,-9.739891589883396,154.82037886275103,155.12644906458874
9320000000.0,-0.27368135335877725,-28.981101763806482,0.9689824969828359,0.035558621128783545,0.940191494995672,6.4830065171015665,134.31325271195269,134.46962195070543
9340000000.0,0.29143108687088787,-18.57477233647177,1.0341214687638673,0.11783149372517586,1.0832914730718444,-6.692901469977705,131.94844252873045,132.11807755127424
9360000000.0,-0.25308612690216736,-30.505712968397887,0.9712827900970987,0.02983419689433908,0.9442803376431349,5.26245276026503,124.65191854645612,124.76295205855925
9380000000.0,0.2829856507927319,-19.67441886685743,1.0331164637977772,0.10381952956936086,1.0781081224900273,-5.320232438489192,117.50429225407089,117.62467246003135
9400000000.0,-0.25508949490596755,-31.52377064980884,0.9710587931822583,0.02653453415673372,0.9436592613194988,4.743893190796514,116.77014704057042,116.86646979558391
9420000000.0,0.30153162894509505,-20.42873834563811,1.0353247148770286,0.095183809572175,1.0809572228398727,-4.792460571736356,106.24354602433206,106.35158085405224
9440000000.0,-0.29814298601016526,-31.95348439284629,0.9662574394986364,0.02525374438930514,0.9342911909921413,4.977161660186273,109.45792555870861,109.57102539361136
9460000000.0,0.3814036539354448,-20.83380656975492,1.04488906135477,0.09084680779131488,1.1000462930247246,-5.110899824662714,95.50213378201109,95.63879366624654
9480000000.0,-0.45283911987312514,-31.623148352075752,0.9492006872906332,0.02623267522006437,0.9016700980022119,6.684116934914488,101.4283747117536,101.64837734006139
9500000000.0,0.6656426059045667,-20.67256157718841,1.0796478650397698,0.09254904062064563,1.174204837404735,-7.045409808336526,81.61998810168822,81.92350247082416
9520000000.0,-1.133881258218414,-29.88692317350064,0.8776188386770554,0.032037147543109476,0.7712412048235623,13.511295134636645,87.89909993118236,88.93147285931587
9540000000.0,2.5486774581316016,-17.593454557753905,1.3410157324329302,0.13192505141682773,1.8157274138239607,-12.814911547533022,42.75191484755203,44.63124668999775
9560000000.0,9.337353401407507,-17.89981860678887,2.930000335414502,0.12735296767063387,8.601120743903612,-94.50601130623656,22.60897439897343,97.17279401348891
9580000000.0,-2.261175431700468,-25.363253929380093,0.7707991523964371,0.05393085475695222,0.5970398704298814,65.55347658607445,137.65971231136194,152.47116017846767
9600000000.0,1.6585134655593512,-30.838279295472116,1.2103909651534133,0.02871349349839668,1.4658707532338937,-23.11957239691219,96.02267934569869,98.766743271928
9620000000.0,-1.2935175828439744,-23.43795602292582,0.8616365653143228,0.06731350408338656,0.7469486785186472,19.409406115941145,101.25599721284111,103.0994763194286
9640000000.0,1.3290834417189794,-28.2564074330742,1.1653440741287011,0.03865268151795378,1.359520840895408,-15.404081855191624,86.07038009564356,87.43795553196563
9660000000.0,-1.2003691419678502,-22.441830972383144,0.8709265756265071,0.07549330721426971,0.7642123395666621,14.054243230885673,86.81480374855195,87.94505047296572
9680000000.0,1.398848265645902,-25.382656073374545,1.174741775828478,0.05381052092225075,1.3829138120385698,-13.518863520458206,76.05245885069341,77.24465138843719
9700000000.0,-1.330600392665354,-21.240091056065452,0.8579658077082291,0.08669527872564269,0.7436213985497507,12.662079844924806,75.29792221255393,76.3551265831383
9720000000.0,1.6935014956942789,-21.88079106047223,1.2152764295492677,0.08053050953397914,1.4833819631838185,-13.083742297212249,64.22011268516479,65.53935600686906
9740000000.0,-1.6427077897498863,-19.421689800785522,0.8276840964349815,0.10688469196308248,0.6964853008674348,12.312828586222595,62.73988860219403,63.93668250393835
9760000000.0,2.3192742112047258,-17.263889350947,1.3060617496752718,0.13702680527796798,1.7245736393295183,-13.1025502302552,48.4913892357441,50.23038574955203
9780000000.0,-2.2220832402314303,-16.412007574568943,0.7742760716905922,0.15114703119999798,0.6223488602331883,11.856851575249543,45.76904201303139,47.279912606392685
9800000000.0,3.6680793018331026,-10.620406051642963,1.5254710323136813,0.2944283989948065,2.4137499525628137,-13.004851102135886,24.316772442163508,27.575923813948418
9820000000.0,-2.6595065296339793,-10.898944672361374,0.7362489247250094,0.28513646846574076,0.6233652848078469,8.412698435155908,16.190284769204908,18.245514952141612
9840000000.0,3.3390852770293105,-4.957335879848095,1.4687715911447852,0.5651102778221377,2.4766396130541977,-12.007002838296314,-25.130713690772293,27.851766331175938
9860000000.0,3.8117081415716028,-4.399719777311036,1.550905753381409,0.6025790260624597,2.7684101385219386,-33.91004059077876,-67.5803599791996,75.6108187218368
9880000000.0,0.3894988329511048,-7.940625581158528,1.0458633434648699,0.4008378471666406,1.2545011129247035,-59.19262605042222,-355.08485428164283,359.9847506755816
9900000000.0,1.7264071292334333,-9.865872945911033,1.2198891159031586,0.32114883633015673,1.591266030175204,-85.71644537349022,183.9693171014764,202.95816968589884
9920000000.0,2.2340883874661173,-6.958829814644092,1.29331531202736,0.4488058501369503,1.8740911874415782,-52.28414566035222,124.66021222673615,135.18062139170624
9940000000.0,-0.5876175043496505,-9.419395568583475,0.9345856852348167,0.33808836219194044,0.9877541436954604,3.9389579870362477,57.582546558024625,57.71711235093723
9960000000.0,7.409606242308925,-0.20962327330704805,2.3468228716845294,0.9761551195690096,6.4604564085224085,-23.06485908951826,-17.25919323134563,28.807420499174516
9980000000.0,3.2897413508663726,-8.624688110251599,1.460451259356795,0.37048070505753733,2.270173833776779,-36.90625810951612,-79.64804665540726,87.78316025108778
10000000000.0,-1.294200099694872,-18.333502236401877,0.8615688625924078,0.12115040998731685,0.7569783268288703,96.80907224822396,-231.47465678685222,250.90339416626645
10020000000.0,1.9014643125307256,-20.13534548075546,1.2447244362150052,0.09845385504110786,1.559032083683218,-366.22916493285055,182.57497022818447,409.21561676118307
10040000000.0,-1.1463626362317956,-27.699757151017405,0.8763586308590074,0.04121090411021518,0.7697027884986555,594.4286650768768,311.70503529830626,671.1970402909983
10060000000.0,1.2551919535195664,-25.961557209325505,1.1554724570430406,0.05034103491141849,1.3376508187810339,-89.28633318571637,227.47156034934684,244.36726470932499
10080000000.0,-0.8714578376458257,-34.312900767363914,0.9045386074526958,0.019246641707598836,0.8185605255894828,132.25034967789435,335.0624050682586,360.2179483035946
10100000000.0,0.9084565345738561,-29.286219112913194,1.1102552276433786,0.034331204782195604,1.2338453021312474,-39.45529787694152,183.86010315188577,188.04589349831667
10120000000.0,-0.6628085170801326,-37.345946807799216,0.926530188372448,0.013573837934618254,0.8586424390417593,54.35967313667048,256.7485599788872,262.4400829041896
10140000000.0,0.6811123037027023,-31.29826619416829,1.081572447187419,0.02723244845560108,1.1705405647638694,-22.57615822010747,160.74690114696372,162.3245180135492
10160000000.0,-0.5022257595237299,-37.51447144320254,0.9438189916461336,0.013313015199446224,0.8909715253656251,29.010611351748544,216.53529153815825,218.47001636956358
10180000000.0,0.5147190249475182,-32.562693926801444,1.0610502480961275,0.023543189791253662,1.1263819107704007,-14.318068496119214,146.57771458782616,147.2753662336298
10200000000.0,-0.37302500103502156,-37.025910761129886,0.9579630321412878,0.01408330101482144,0.9178915103168039,17.056350893560538,192.22179666988606,192.977040657181
10220000000.0,0.3843364373163521,-33.38473034288945,1.0452419268425495,0.021417238987972497,1.0929893837553935,-9.426336320076656,136.85133015696178,137.17558960015063
10240000000.0,-0.2650273020815546,-36.590673546328176,0.9699484087542471,0.014806974303010012,0.941019162132906,10.203330798053386,175.63092551871944,175.9270586292412
10260000000.0,0.27740419837147123,-33.936572881377366,1.032452808334784,0.020098856799159903,1.0663627654830152,-6.176141760491952,129.64081336655505,129.78784695566705
10280000000.0,-0.17208569710061658,-36.28187806765672,0.9803828718607438,0.015342852029727924,0.9613859785463257,5.786508098079882,163.33181021029927,163.43428007166173
10300000000.0,0.18691906453943655,-34.31694836671269,1.0217530745709376,0.0192376749178638,1.0443494335314092,-3.849138538078014,123.99354486842284,124.05327499313715
10320000000.0,-0.09032774745812254,-36.070027267152625,0.9896545202132955,0.015721668570351694,0.9796632402412441,2.716017653633863,153.6577711659664,153.68177312741855
10340000000.0,0.10861936015244616,-34.58418425604957,1.0125837837673626,0.018654808157482064,1.0256739210160213,-2.0954172692126107,119.38493111703968,119.40331884563521
10360000000.0,-0.017224311137460528,-35.922904553259215,0.9980189427861994,0.01599023227350064,0.9962974976882437,0.47056687760034027,145.70379017517223,145.70455004768007
10380000000.0,0.03982041608086073,-34.77364098050324,1.0045950196972195,0.018252314820061045,1.0095443005967475,-0.7262319644418955,115.50164602828603,115.50392914576395
10400000000.0,0.04889745974472844,-35.81727044703967,1.0056454036646336,0.016185886014609876,1.0115846608178818,-1.2275173306461673,138.93775937020854,138.94318183203885
10420000000.0,-0.021258565979218852,-34.90686250864992,0.9975555097880768,0.017974502325776267,0.9954400778424092,0.36899182624322086,112.14398946974416,112.14459652233774
10440000000.0,0.10916253987141265,-35.73821878531416,1.0126471085615067,0.016333868720655228,1.0257209617453635,-2.538875067512844,133.02647377152093,133.0506993994905
10460000000.0,-0.07582460081657098,-34.997844989298585,0.9913083628077829,0.017787206643896814,0.9830086548928396,1.2588936272705262,109.17742228658992,109.18468001651681
10480000000.0,0.16438761835587043,-35.67503852620269,1.0191060525776523,0.016453112743852992,1.0388478513193664,-3.563879952752045,127.75102860898164,127.800729853043
10500000000.0,-0.12470653983079276,-35.0552462979426,0.9857452045781789,0.017670046203694164,0.9720058388817165,1.9880809878925403,106.50872837099146,106.52728141288532
10520000000.0,0.21509495820590083,-35.62118023233158,1.0250728899590105,0.01655544993942535,1.0510485126516145,-4.3671106916554825,122.96197483209104,123.03950142292095
10540000000.0,-0.16850010207157054,-35.08487367993138,0.9807876642031739,0.017609876734386024,0.962254550011718,2.5869955026927145,104.06966846489324,104.10181766003774
10560000000.0,0.261662846469497,-35.571734931274584,1.0305833987873658,0.01664996225984179,1.062379363099373,-4.993188661917036,118.55359636924024,118.65870025031553
10580000000.0,-0.20760273607994445,-35.090568633368484,0.9763822220612514,0.017598334501824575,0.9536319449345049,3.0765939894461813,101.80935798487853,101.85583343073212
10600000000.0,0.3043479724581132,-35.52399801484355,1.0356604666464777,0.016741720965384045,1.0728728873952826,-5.473955454837981,114.44970603491421,114.58053674075641
10620000000.0,-0.24231637417971058,-35.07466436944586,0.972487843768412,0.017630587381964345,0.9460434438887685,3.4723360639959693,99.6887415061112,99.74919699332713
10640000000.0,0.3433057802297519,-35.47522515459847,1.0403160264651738,0.01683599322341913,1.0825408855881073,-5.83273660247458,110.59347652586374,110.74717994762042
10660000000.0,-0.27283349557966596,-35.039080205087714,0.9690770871147582,0.017702964144665295,0.9394237957103319,3.785390115327112,97.67676238462124,97.75008485043362
10680000000.0,0.3786477288291073,-35.423732596326104,1.044557583598385,0.016936098473374284,1.0913873768843967,-6.087753476975563,106.9421607786881,107.11529533363198
10700000000.0,-0.2993058166654192,-34.984110155821,0.9661280896437953,0.01781535546805109,0.9337208724892223,4.024576574991854,95.74859386225201,95.8331385440676
10720000000.0,0.41042348719949207,-35.36826888089702,1.0483859071925319,0.01704458988321747,1.0994035284441952,-6.253176969863174,103.46251599932128,103.6513118061042
10740000000.0,-0.321818572715601,-34.910858308284986,0.9636272469771626,0.017966235355439196,0.9289002567296326,4.196568403683,93.88353220617655,93.97727813612704
10760000000.0,0.43866605634589545,-35.3076516687922,1.0518003301959598,0.017163956949197565,1.1065785360184839,-6.34082522961279,100.12860044930211,100.32917169262625
10780000000.0,-0.34042496714083625,-34.81930418508984,0.9615652315478419,0.018156611071111276,0.9249373570472424,4.306817020429901,92.0643979704128,92.16508040739731
10800000000.0,0.4633684670361221,-35.24059039934731,1.0547958765217187,0.01729698783723889,1.1128935269154623,-6.3603636519314835,96.91966296130718,97.12813853007886
10820000000.0,-0.35513893800046964,-34.70930141559097,0.9599377107804203,0.01838801838156071,0.9218185277983545,4.359718615364147,90.27631414385844,90.38152489201413
10840000000.0,0.48452358167902765,-35.16669085401328,1.0573680395103018,0.017444778411953073,1.1183314912717013,-6.3203240112626995,93.81915254567936,94.03180249254396
10860000000.0,-0.3659819365269135,-34.580334288890725,0.9587401237112029,0.01866307861924031,0.9195309353173206,4.3594210659048445,88.5063818520515,88.61367942124403
10880000000.0,0.5021188840013334,-35.08458290874715,1.0595121569151387,0.017610466257236654,1.1228761391727666,-6.228184130296752,90.81308038652597,91.02640192191774
10900000000.0,-0.3729280966636961,-34.43217335945451,0.9579737197423381,0.01898415766287609,0.9180740459591408,4.3093040088790255,86.74342100996319,86.85039544845299
10920000000.0,0.5161235864550402,-34.99349793461808,1.0612218402876903,0.017796110891490153,1.1265084958664542,-6.090465262580737,87.8900722576934,88.1008431774479
10940000000.0,-0.3759634048813174,-34.263905291375615,0.9576390116555153,0.01935551518602298,0.9174471126126686,4.212784801400842,84.97725944217892,85.08162068323746
10960000000.0,0.5265188344344378,-34.89241114361615,1.0624926678732705,0.018004432743150466,1.1292148288828625,-5.91317241828458,85.04020967871315,85.2455445771089
10980000000.0,-0.37504807294130754,-34.074726165039344,0.9577399343933104,0.019781703665699375,0.9176570977316201,4.072978871547736,83.19884885449633,83.29848502584785
11000000000.0,0.5332887470253086,-34.78030676793697,1.0633211133955363,0.018238312871745172,1.1309844262491306,-5.701791032996432,82.25505193367773,82.45243470993431
11020000000.0,-0.3701393107589144,-33.86334978076826,0.9582813465540769,0.020269008787105948,0.9187139718707067,3.8930295775337105,81.40004739061372,81.49308801662697
11040000000.0,0.5364033316397822,-34.65631767611485,1.0637024672420587,0.018500527700479892,1.1318052083420393,-5.461159420707479,79.52722254368003,79.71451177627816
11060000000.0,-0.3612090122439392,-33.62871678647562,0.9592670992658424,0.020824000267317747,0.9206270067210368,3.676298714394918,79.57305128946652,79.65792907020324
11080000000.0,0.535885679814316,-34.51858532349093,1.0636390757946248,0.018796229272861772,1.1316813817921216,-5.196171611970185,76.8497558325091,77.0252242511329
11100000000.0,-0.3481804020860429,-33.369199897742035,0.9607070548212953,0.021455567450517243,0.9234183865580309,3.425797519660264,77.71109217229369,77.78656654755007
11120000000.0,0.5317399690065914,-34.366306503573625,1.0631315298732809,0.01912866558959154,1.1306145556579412,-4.9111050975998225,74.21666945184833,74.37898209712598
11140000000.0,-0.3309917629228942,-33.083203744718695,0.9626100949860499,0.022173784005853642,0.9271098716661902,3.144846590639672,75.80774534463289,75.872948501527
11160000000.0,0.5240004035058785,-34.19747171385113,1.0621846480128407,0.019504122425495568,1.1286166372657511,-4.610099108545972,71.62239489651077,71.77061003295394
11180000000.0,-0.3095855564666945,-32.76855442457653,0.9649853545732734,0.022991763247899245,0.9317253557181536,2.836971450164686,73.85711250584359,73.91157875941961
11200000000.0,0.5127202119304465,-34.01106884535904,1.0608061053394489,0.019927212760236093,1.1257066869338415,-4.2970310827879565,69.06158262450585,69.19513473307133
11220000000.0,-0.28388958668747305,-32.423123862193385,0.9678443534561139,0.023924551601225554,0.9372950766862027,2.5057248463326918,71.8538112038431,71.89748842291402
11240000000.0,0.49797204683922247,-33.804835793285875,1.0590064429435295,0.020406015412503416,1.1219110516609223,-3.9755357152690727,66.52915731284938,66.6478331004185
11260000000.0,-0.25382214374323964,-32.04412055806842,0.9712004899259984,0.02499159487219817,0.9438549714467555,2.1547368653254946,69.79288515937205,69.82613915882854
11280000000.0,0.47984436323324725,-33.57704025016898,1.0567985729626304,0.020948261542018932,1.1172620534774849,-3.6489825747538207,64.02030066905137,64.12420737589352
11300000000.0,-0.21930184207453737,-31.628309407608146,0.9750680089756659,0.02621709269667328,0.9514449580772353,1.7877838559026373,67.66967690619265,67.6932887641303
11320000000.0,0.45846510981483934,-33.32561943275078,1.054200591339853,0.021563488839211928,1.1118038708322147,-3.320647354465892,61.530279265221736,61.61981795906977
11340000000.0,-0.18024447260185375,-31.17227858045435,0.9794624171220478,0.02763032994136611,0.9601100616872332,1.4087389911726338,65.48000884172286,65.49516091634064
11360000000.0,0.43397635708739896,-33.047933175727,1.0512325937800289,0.022264007581426045,1.105585652259073,-2.9935066105180868,59.05442905818161,59.130251760118696
11380000000.0,-0.13657096722925888,-30.672001967400064,0.9843996523113032,0.029268461994325288,0.9698993183381279,1.0215855840751518,63.21991957709851,63.22817305948665
11400000000.0,0.40655642224294913,-32.74133134580477,1.0479192567720408,0.023063936448725474,1.0986667138781774,-2.670390061299527,56.58797989309487,56.6509527851103
11420000000.0,-0.08817844017158259,-30.121819708874675,0.989899438690478,0.03118236239782325,0.9808732384444327,0.6301553090483688,60.885711147486084,60.888972052816214
11440000000.0,0.37641508278583957,-32.402868657590744,1.0442891220186883,0.02398040795895525,1.091114830332441,-2.3539434476359364,54.12627090385378,54.17743304838313
11460000000.0,-0.03497587618451688,-29.515647505865708,0.9959813499169418,0.03343625469273077,0.9930968325102507,0.23835144077135748,58.473768514171496,58.47425429758153
11480000000.0,0.34381193513163827,-32.029302469235645,1.0403766508134853,0.025034266809871888,1.0830102900725926,-2.0467128132930528,51.664515798099124,51.70504062460575
11500000000.0,0.023125154365638258,-28.845500649623048,1.0026659290715396,0.03611810594015037,1.0066434828975976,-0.14999433304500032,55.98062993109404,55.98083087791791
11520000000.0,0.30902933943609173,-31.616810022029817,1.036218799030728,0.026251824903238883,1.0744385577754347,-1.7509560729195925,49.19780358488839,49.22895209880616
11540000000.0,0.08620018570836609,-28.100574148403208,1.0099735709466786,0.0393524062152709,1.0215952258857173,-0.5311349163256245,53.40252963358608,53.405170869171265
11560000000.0,0.2723967818152596,-31.160777612745697,1.031857770686656,0.02766693943348723,1.065495918464052,-1.46877566268987,46.720965762164525,46.74404714716795
11580000000.0,0.15432265510132778,-27.26691281814881,1.0179258252458077,0.043316599838235374,1.0380493135239044,-0.9015590988933029,50.73512041609578,50.743130100975606
11600000000.0,0.23432276842104974,-30.65587725980997,1.027344590344486,0.02932284718086391,1.056296736676872,-1.202257598779968,44.22862105289544,44.244958397250755
11620000000.0,0.2275441402108697,-26.324377646744658,1.0265431444815205,0.04828154040597863,1.056121934625982,-1.2579549090156632,47.97314636930363,47.98963662212651
11640000000.0,0.19527758241724363,-30.09493003290889,1.0227367909480312,0.03127904597083569,1.0469689222755223,-0.9533207853191425,41.715087130966246,41.725978896412094
11660000000.0,0.30588137661563136,-25.243187579435737,1.0358433179512794,0.05468152538129966,1.075961448562341,-1.597229414501191,45.109412885875486,45.137681295243084
11680000000.0,0.15583223792794187,-29.46764619237573,1.0181027532230724,0.03362154684445732,1.0376636245326145,-0.7238624031511783,39.174294630706854,39.180981822717555
11700000000.0,0.38927011009650236,-23.97703494940568,1.0458358034304143,0.06326277709079985,1.0977747067021804,-1.916354634330508,42.133171268516655,42.17672979531103
11720000000.0,0.1166920461177099,-28.758964178645847,1.0135253189480855,0.0364797447645974,1.0285643439269085,-0.515833075041372,36.59961476740508,36.603249649228715
11740000000.0,0.47750546572032904,-22.447407106831413,1.0565140412800067,0.07544485786089318,1.121913845999462,-2.212126354243251,39.02624042778922,39.08888518408714
11760000000.0,0.0788964099914207,-27.941707620100246,1.0091246630974255,0.04007879161677658,1.0199388952089536,-0.3319840732403278,33.98353029870845,33.985151831176516
11780000000.0,0.5701144551771143,-20.509840183643057,1.0678388635077725,0.09429919619167682,1.1491721768199676,-2.4804774398295373,35.75423494331568,35.84017417244675
11800000000.0,0.0440398629620819,-26.959270320077433,1.0050831522018486,0.04487830894974991,1.0122062054541936,-0.17648530333444531,31.3174270359284,31.31792431201327
11820000000.0,0.6657787216057236,-17.86194985656804,1.0796647842252254,0.12790941337971018,1.182036864327244,-2.7130794467427184,32.23521573964624,32.34918753022825
11840000000.0,0.016107317340836456,-25.65790395243448,1.0018561439463554,0.052132049911004244,1.0064334837909839,-0.061518308637947494,28.589892920971536,28.589959106912275
11860000000.0,0.7598444781226709,-13.718947250375834,1.0914207942558936,0.20608796814487546,1.2336716007482487,-2.8824035026090136,28.195899941582766,28.342847836228447
11880000000.0,0.012346685776617936,-23.371884826530707,1.0014224754907097,0.06782749197697138,1.0074475430858272,-0.044983712746197745,25.77989357991791,25.779932826256648
11900000000.0,0.8098227632115202,-4.629550539789374,1.0977188909382423,0.5868437356602265,1.5493723336063343,-2.7589307194005435,21.44982295908596,21.626525465052936
11920000000.0,2.1987534977028953,0.3368416855678722,1.2880646897072998,1.0395421046343414,2.7397584321783586,-7.536948566186671,21.997609611912353,23.252965882386746
11940000000.0,1.0988783897014631,-3.51177997843479,1.134864261009238,0.6674381104649325,1.7333905222170436,-4.2201519151292555,28.908692739052277,29.21510222586433
11960000000.0,-0.20200864225633056,-27.589249848457904,0.9770112575703999,0.041738564416444565,0.9562931051788398,0.6747134022585811,20.02933981164371,20.04070087261129
11980000000.0,1.168798956747223,-12.53667497608574,1.144036676962575,0.23613820149869,1.364581168442607,-3.946453188821288,20.854231414182617,21.2243600762859
12000000000.0,-0.19826091242269706,-24.990528705504214,0.9774329028410471,0.05629548495876398,0.9585442611830183,0.6359268491358606,16.914500118676848,16.92645022508178
12020000000.0,1.2881233955825164,-15.342925413912067,1.1598615985790053,0.17094394776720898,1.374500761136484,-4.077647561099149,15.908538747874863,16.422813849190817
12040000000.0,-0.22160128836846482,-23.113729742910788,0.9748099099371736,0.06987366330619464,0.9551366893355481,0.6854051735541923,13.661219294116002,13.67840242330449
12060000000.0,1.4264264192962433,-15.698528525458462,1.17847756990801,0.16408677286746146,1.4157338518063463,-4.295231564498781,10.977343957129106,11.787751886843628
12080000000.0,-0.2589344585925584,-21.319186275303288,0.9706290318470864,0.0859094000683675,0.949501142484519,0.7762626209386106,10.204003346255083,10.233487574969319
12100000000.0,1.591180476829964,-14.56485075977859,1.2010442927512428,0.18696377227278022,1.477462845292801,-4.62250736089821,5.487906632727849,7.175283514335615
12120000000.0,-0.3211841624528214,-19.356310027363783,0.9636976320921824,0.10769226188231146,0.9403107493694077,0.9396908721191496,6.443001180289298,6.5111660356923275
12140000000.0,1.8118219451668125,-12.291705222844989,1.231944370288229,0.242892854544318,1.5766838702735482,-5.199389629832669,-1.267150776112543,5.351572069234806
12160000000.0,-0.447708574230369,-17.001387024476568,0.9497615228766144,0.14123119986157226,0.9219932021512451,1.2907363087931487,2.163028133238695,2.5188669921254347
12180000000.0,2.1766970259113934,-8.72380734143663,1.2847979982588025,0.3662769869254998,1.7848647274810485,-6.549662684329739,-11.187618321844914,12.963829873682448
12200000000.0,-0.7858408219880937,-13.841135306540195,0.9134987531238465,0.2032091385016948,0.8757739259294233,2.269965130450512,-3.267889136092146,3.97892461592957
12220000000.0,2.930691717536074,-3.040788427570107,1.4013111766087103,0.7046291061203034,2.4601751908803857,-12.317694091327425,-33.71126133374176,35.89115111610876
12240000000.0,-2.3359254232025863,-8.60974533480406,0.7641941852844899,0.3711186103136663,0.7217217757437722,7.159405813627934,-13.219848336960103,15.034010830661133
12260000000.0,1.9687064985545653,2.18558854112699,1.2543979191887131,1.2861138853519738,3.227603065760123,-170.8772054995924,212.0807311891012,272.35501813084653
12280000000.0,4.420602064401603,2.0013064466483432,1.66352795418975,1.259114781294675,4.3526952868454725,-22.151365609939397,41.607942069939554,47.13707502254093
12300000000.0,-2.4565080120292926,1.6202059025338111,0.7536584961400206,1.205064506575688,2.020181593812544,7.457706170265164,12.298892991869284,14.38332889658936
12320000000.0,13.38749609797772,11.840688034246075,4.670622906082474,3.9087185664767436,37.0927991627423,-51.57665734230934,22.20569457749019,56.15375725875134
12340000000.0,1.617948392421574,-3.2830224665345002,1.2047513444329285,0.6852497356504031,1.9209930021218962,-5.928968065247119,26.163299926872483,26.826683085730256
12360000000.0,-1.1433937852125182,-11.440943385558164,0.8766582228431979,0.26788773527299403,0.8402934783882878,3.315917730738054,-4.7437837863960475,5.787814355099602
12380000000.0,1.2907220658684848,-12.453464080091585,1.160208661335502,0.23841127812281065,1.4029240753740697,-3.7452229788219173,4.983780400672926,6.234160909314686
12400000000.0,-0.2750008454103745,-17.447532219529588,0.9688353079617513,0.13416010485360416,0.9566407876876716,0.8451681793338764,-13.024498842197254,13.05189179168124
12420000000.0,1.1802657829910619,-15.947948093037743,1.1455479939878457,0.1594419493148365,1.3377019417308922,-3.4177727625982515,-4.3600713942163525,5.539981337461545
12440000000.0,-0.06247142130692259,-21.11007711245467,0.9928335144356126,0.08800272988587872,0.9934628678539368,0.20720370895494564,-19.51721661448352,19.51831646822226
12460000000.0,1.1356175970336329,-17.930409842103632,1.1396746278639105,0.1269052263035037,1.3149631938598865,-3.441979770302731,-11.6520516056515,12.14979552749506
12480000000.0,-0.0004482548329591567,-22.479976141442904,0.9999483940868192,0.0751624958592257,1.0055461916205968,0.0016410560145783833,-26.074789469553597,26.07478952119476
12500000000.0,1.1185214373825079,-19.069127683792345,1.1374336487763084,0.11131241772642822,1.3061457597086892,-3.6528720493982205,-18.410883574935784,18.769765800859503
12520000000.0,-0.009310565017302413,-21.419122765592085,0.9989286558885111,0.08492662426411061,1.005070991064125,0.03873922839740882,-33.37677239508653,33.3767948766988
12540000000.0,1.1300160160344095,-19.413854698929704,1.138939881981083,0.1069811507380177,1.3086290213803136,-4.0851363544987125,-25.319066628546828,25.646509976518065
12560000000.0,-0.07360315481617744,-19.091784569293846,0.9915619257375071,0.11102244094859452,0.9955210349664577,0.3628107098009108,-42.207710619881766,42.20926992240953
12580000000.0,1.187089346099346,-18.824803639968785,1.1464482806062002,0.11448796027003239,1.3274511531517053,-4.909320890034532,-33.02072159885465,33.383670956178484
12600000000.0,-0.19713327595610086,-16.296096914483652,0.9775598052746702,0.15317756247170253,0.9790865385334235,1.2330929527060155,-54.15296303701869,54.16700032232471
12620000000.0,1.3288390586146974,-17.064278110286086,1.1653112868831896,0.14021229389315054,1.3776098826961347,-6.624221627059384,-42.65837741018619,43.1696360354623
12640000000.0,-0.39229263273029175,-13.133793191039677,0.9558403685180505,0.22045012044740023,0.962229065693996,3.5934368330257698,-73.81633720387585,73.90375109877205
12660000000.0,1.6554433222372291,-13.760685704713744,1.2099632119556238,0.20510002568904234,1.5060769948236157,-11.169686931359816,-57.50315772370957,58.577939997429155
12680000000.0,-0.6454736774090992,-9.366040198529015,0.9283811547906801,0.3401715509251333,0.9776082526292872,13.442059307587451,-124.26204330261109,124.98697677825756
12700000000.0,2.4930607231753656,-8.09026080409669,1.3324564889859345,0.3939915974040188,1.930669673865694,-35.208449870516276,-94.13874103516292,100.50740025475798
12720000000.0,-0.5244842704836179,-4.526631021794718,0.9414034520060534,0.5938386345017637,1.2388847832758327,1096.3996980923177,783.161409767676,1347.3804554490982
12740000000.0,3.48914062739426,0.20048379469852817,1.4943661840644669,1.02334999018573,3.2803754944885295,-55.18991202100062,94.46826923817085,109.40831907008409
12760000000.0,2.525138027870621,0.6978356807420452,1.3373863965695023,1.083656858593751,2.9629145609064347,-12.295005119385639,41.188704729377264,42.98460827051404
12780000000.0,-1.355877875792323,-4.2782879557798665,0.8554726042607462,0.6110624573420416,1.1052307034135578,3.9854361499909263,-7.611226228482201,8.591534554827204
12800000000.0,3.795569394301949,-0.8123444924151901,1.5480267808943053,0.9107155990383374,3.2257898166977435,-11.008247831986509,-7.504608078787987,13.322937466889408
12820000000.0,-1.2007894774755454,-8.11987922671475,0.8708844299716743,0.39265039498410376,0.9126140230482607,4.947973533057664,-32.82373824781217,33.19458140487279
12840000000.0,3.8551465509580227,-5.846293908266067,1.5586813089053713,0.5101352154239681,2.68972536074662,-14.857240730424994,-29.04595206755524,32.62521928865025
12860000000.0,-0.3103786928920283,-8.085185721969776,0.9648972426902525,0.39422187018748994,1.086437571885374,1.5056775983441684,-41.39005690955073,41.41743444500158
12880000000.0,1.8632878317490509,-5.7673631030406955,1.2392655915343112,0.5147920659186994,1.8007900774937287,-9.708940087470351,-44.73099880214547,45.77254386048069
12900000000.0,-0.37840868667085,-9.040012204977948,0.9573694517436037,0.3531826735169696,1.0412942680044426,2.534517341834713,-57.57532679187459,57.63108565129772
12920000000.0,1.6644189516258865,-6.55320713813078,1.2112141827802074,0.4702617363745692,1.6881858972659507,-11.93934407503256,-60.532307297749256,61.69852643079219
12940000000.0,-0.27955695885363313,-8.232205678330063,0.9683272464665326,0.3876053082556894,1.0878955312374448,2.5986802916274176,-74.63367443172221,74.67890263279449
12960000000.0,1.5914033396083895,-5.956453298356753,1.2010751095717638,0.5037062447274384,1.6963013998102423,-17.127252515259134,-81.60324422151032,83.38124636989367
12980000000.0,-0.11830456702271325,-6.241887894718071,0.9864720201951827,0.4874225363690709,1.2107077755884232,1.8339577741617088,-104.70118482409953,104.71724549799646
13000000000.0,1.77554938350759,-3.619825618497656,1.2268104571147982,0.6591871292241237,1.9395915690209615,-41.18303012810365,-127.39822811045521,133.889321815505
13020000000.0,0.47191181886878164,-2.3540444262560145,1.0558338733095505,0.7626017168826115,1.6963465466201546,-34.2120883586207,-243.64191928907104,246.0322170463053
13040000000.0,2.797132491009033,1.8595866157692145,1.3799286278002785,1.2387376303601334,3.438673934692998,-214.29437811966315,142.85297718089313,257.54427499584983
13060000000.0,4.967262673874592,5.94010720234298,1.771589647199457,1.9815514822119358,7.065076154720616,-37.65939844144306,58.049108625095016,69.19486471653401
13080000000.0,1.2258000958660125,1.950577756745404,1.1515691048643535,1.251782534710215,2.8930709174836187,-3.5227550771810288,-0.5717066578277921,3.568844608050249
13100000000.0,2.8038223985144306,-0.4392549390217302,1.3809918638403047,0.9506863384311409,2.8109430420727284,-9.4851210131303,-21.207601066635117,23.232086941023375
13120000000.0,0.10710657902182646,-6.104629611125151,1.0124074421008167,0.49518618439519174,1.2701781860369874,-0.48923017857366025,-38.306802979277286,38.30992692058801
13140000000.0,1.0408378323926422,-8.043190361169124,1.1273061897803083,0.39613250651468984,1.4277402082346073,-5.59953381818539,-46.51724478744823,46.853055840535966
13160000000.0,0.08359395087970885,-11.072022844002507,1.0096705699254087,0.27951097028073735,1.0975610422807789,-0.5593270694595359,-57.54645742808119,57.54917557439543
13180000000.0,0.592722871815178,-13.233533406951226,1.0706219512387012,0.21793316679656885,1.193726227664145,-4.391392459553429,-62.657348588662664,62.81104727589732
13200000000.0,0.08385071171402385,-14.682480282288532,1.0097004169186898,0.18444886446116385,1.0535163155267888,-0.744037068488875,-72.15943040871645,72.1632661959648
13220000000.0,0.41356349866989556,-18.034597609893815,1.0487649747392722,0.12539208375401575,1.1156311469080404,-3.9723526929792325,-76.37721609491886,76.480446679706
13240000000.0,0.07243415032317156,-17.764518064185875,1.0083741584739927,0.12935228258317058,1.0335504564876092,-0.8207511340641517,-85.68274848377744,85.68667936242092
13260000000.0,0.3178403599072025,-23.969645486883692,1.0372704791505154,0.06331662037549457,1.0799390413329142,-3.8898825640417933,-90.11004871872687,90.19396912462256
13280000000.0,0.053861908130852086,-20.472161805100487,1.0062203478457983,0.09470914364124208,1.0214492103081767,-0.7737269708581178,-99.88419492100954,99.88719161355803
13300000000.0,0.2523950034775354,-25.534525301465287,1.029484352894568,0.05287784347315006,1.0626340991851186,-3.9708941405819345,-105.60995563737231,105.68458132577078
13320000000.0,0.03275930192173657,-19.96879237191918,1.003778675272855,0.10035993732020165,1.0176437459514427,-0.6061725841761251,-116.49863559968689,116.500212625516
13340000000.0,0.19828424838615716,-16.695187695123973,1.0230908778996894,0.14629874992736952,1.0681182686718684,-4.1585403580997005,-125.309448342113,125.37843236264612
13360000000.0,0.020538568514008867,-13.744478977716783,1.0023673879325437,0.20548307259213192,1.0469636735126138,-0.512756966648618,-138.50845354941373,138.50940265684835
13380000000.0,0.17212701009424802,-9.668155427916318,1.0200145117259034,0.3285430076711776,1.1483701120210565,-5.21582829328775,-154.2608278758289,154.34898082501607
13400000000.0,0.07021827933530524,-7.926448992283417,1.008116943364671,0.40149260487768634,1.1774960832703973,-2.589531727632855,-171.83156971269707,171.85108095236959
13420000000.0,0.20685709161799556,-6.788421807245503,1.0241011517831111,0.45769788927855903,1.2582705269335428,-10.326702675459183,-201.89894337470437,202.16286534368626
13440000000.0,0.14264990833072416,-6.766405173189317,1.0165587793234372,0.45885951456902574,1.2439438059300785,-9.046167650325456,-229.13932992724185,229.31782675723923
13460000000.0,0.16970112404204707,-7.517974628009384,1.0197296711892736,0.4208247446766699,1.2169420680359684,-19.45368636881758,-310.97412870078756,311.58201911302626
13480000000.0,0.1922244367776096,-7.014429897600669,1.0223773556146902,0.4459421312667633,1.24411984171243,-35.07550699048877,-393.43160763833305,394.99205191943173
13500000000.0,0.0787358757436675,-8.071599967831805,1.0091060124377476,0.3948389620875935,1.1741927503204197,-122.72321915129041,-1155.9927947101799,1162.4888515339437
13520000000.0,0.3071183997298248,-6.463484731363449,1.0359908507232745,0.47514456230200336,1.2990393978674963,-2416.4693844078884,997.6253532990777,2614.303087120112
13540000000.0,-0.051981280106675715,-7.608255254957501,0.9940333058113712,0.4164733701276182,1.161552281087739,7.7134339100852936,355.43046808381854,355.51415542136664
13560000000.0,0.6130093869926124,-4.7750170374678484,1.0731253875571543,0.5770974404528603,1.484639553196935,-31.06220409131271,201.5466081368353,203.92620178504134
13580000000.0,-0.20351589276665905,-6.216104861057588,0.9768417328566255,0.4888715419199671,1.193215155549541,2.8450815863549077,98.16669455899948,98.20791419164198
13600000000.0,1.3308398591795598,-2.2666585193769913,1.1655797480468142,0.7703127283435808,1.951957848505006,-8.976413665035768,57.65209490186112,58.346722691673456
13620000000.0,-0.07505066421920974,-5.181672956883585,0.9913966950379266,0.5507016176005665,1.286139678560004,0.2789230137923994,26.982980726190245,26.98442230097908
13640000000.0,1.502788274231672,-2.5211800087701914,1.1888838120790075,0.7480678659471912,1.9730502506862977,-4.3514450989575755,4.602188382915532,6.333657107949922
13660000000.0,0.403964722710956,-7.126862380021535,1.0476066248118967,0.44020693588409143,1.2912617867502347,-1.1957024650807861,-8.448421418579569,8.53261559259025
13680000000.0,0.7069052295588352,-6.642075635258941,1.0847889719609132,0.4654748474106691,1.3934339472600006,-2.5270152907683507,-24.60614010358728,24.735560173101863
13700000000.0,0.5531474068928434,-10.553554952741468,1.0657549791996876,0.29670321507985176,1.2238664735276474,-2.2020030132143975,-30.944407216164336,31.022655515445624
13720000000.0,0.3033531750409278,-10.407341430296658,1.0355418589501117,0.30174002951475626,1.163393987049419,-1.5551095966710349,-44.18287004589417,44.210229261450685
13740000000.0,0.5441953116079425,-13.45907880225674,1.0646571267473177,0.21234696584753882,1.17858603143851,-2.9743679344853406,-47.37874532510585,47.472016738189396
13760000000.0,0.13495480678273408,-13.12753347048968,1.0156585768944124,0.22060905103223527,1.0802306982165264,-0.9299527813802567,-59.033291780579034,59.040616109815254
13780000000.0,0.5100986271324018,-15.566466706273394,1.0604859799825421,0.16660063971636188,1.1523862868934338,-3.6268982342664953,-60.5786810734991,60.68715672534382
13800000000.0,0.05199474593861293,-14.92164499118491,1.0060040689443028,0.17943937605009214,1.0442426764097401,-0.4549361354212299,-71.41245240803448,71.41390148855545
13820000000.0,0.4792445183992338,-16.91755037852565,1.056725593302226,0.1426009704566925,1.1370040163151318,-4.245193185961096,-71.99880149092928,72.12384544182576
13840000000.0,-0.0008766180369636711,-15.76831116107982,0.9998990807114859,0.16277377736893198,1.0262934742066252,0.009433990021259605,-82.75012184834043,82.75012238610499
13860000000.0,0.4608945151349735,-17.451669748449792,1.0544954878705166,0.13409621282309972,1.1299425282327769,-4.9603035804767925,-82.65722723954646,82.80592869197538
13880000000.0,-0.056295109074914446,-15.222213760099901,0.9935397438172051,0.17333621619501868,1.0171666663891639,0.7446074604943231,-94.80669823000531,94.80962224133958
13900000000.0,0.47783246328478796,-16.61683620351018,1.0565538165978943,0.14762441506932217,1.1380989352921362,-6.257812379909817,-94.06151763616661,94.26945059668607
13920000000.0,-0.1921472911192348,-10.737700252608901,0.9781211176770922,0.29047916491223763,1.041099066093995,3.530537440088717,-115.97282748235062,116.0265547573784
13940000000.0,2.143129982807851,-2.512370652608858,1.2798424155975372,0.7488269521783114,2.198738413071198,-46.49386854406245,-120.67586724594588,129.32263818741757
13960000000.0,1.439990315703036,-3.8583256653523623,1.1803193196588202,0.6413331911989784,1.8044619584933255,-15.581528277068331,-82.1084637945293,83.5738227565702
13980000000.0,0.4562420108636043,-14.23814090016333,1.0539308098392395,0.19413013430143378,1.148456660972288,-7.743150142081204,-110.43065758160341,110.70179089801644
14000000000.0,0.6871797265281656,-9.88276563817665,1.0823282304391457,0.3205248592069905,1.2741705837751935,-13.557901922368282,-120.370212673574,121.13135351187155
14020000000.0,1.5845045819977053,-6.49036023183713,1.2001215358187243,0.4736766628694321,1.664661281683015,-46.322938411328856,-145.01175964380954,152.2308282118105
14040000000.0,7.454196821669992,4.302540391233698,2.358901687575598,1.6410696721606666,8.257526840532522,-64.01929766913072,-51.07451362368048,81.89674240129634
14060000000.0,0.8651399869400929,-9.296269169201846,1.1047321659828062,0.3429150464529416,1.3380238876408856,-8.918382340181681,-80.0249289509687,80.5203502052323
14080000000.0,0.41846243680518735,-15.137084069406288,1.0493566566641175,0.17504342263747366,1.1317895926939356,-5.1880200839979045,-90.82962271591755,90.97766712280487
14100000000.0,0.19778062115489348,-19.777663406642453,1.0230315585311425,0.10259278742489741,1.0571188497822686,-2.999398847867824,-103.27476207172442,103.31830851509271
14120000000.0,0.19294728880649634,-23.56751146561525,1.0224624428456939,0.06631693205275105,1.0498273825068731,-3.064345580814296,-106.24318295669487,106.28736584659718
14140000000.0,0.12387659341333815,-26.286772650647062,1.014364004824453,0.04849102535369675,1.031285713823356,-2.2283265119479783,-114.54480787376423,114.56648048134066
14160000000.0,0.15739802096687236,-30.41703120286781,1.018286300537468,0.03014036031804385,1.0378154311823842,-2.9003361584202687,-116.18357722743376,116.21977270324919
14180000000.0,0.08706451249417171,-30.75012002510421,1.0100740777089476,0.029006411161947347,1.0210910143480771,-1.7778273508960274,-123.42495997502907,123.43776332600619
14200000000.0,0.1538408669284736,-31.631950034568092,1.0178693645903403,0.026206106297079125,1.0367448033787967,-3.208380430652729,-124.92472879834513,124.96592163597194
14220000000.0,0.058026022385378594,-28.437634402503793,1.0067028569726226,0.037854566739356055,1.014883610459865,-1.3309341805826809,-131.9894688964069,131.9961790558674
14240000000.0,0.1642959669341683,-26.388237795144278,1.0190952992720386,0.04792786797418791,1.040852309526917,-3.87742742781485,-134.11314273875115,134.16918237331035
14260000000.0,0.033833694207053504,-23.783811707713145,1.0039028443345845,0.06468586865904129,1.0120051824672438,-0.8796589492986937,-141.7117302014867,141.71446036508073
14280000000.0,0.18962126683503366,-21.50890824631204,1.022070993994017,0.08405326493529676,1.051694068110201,-5.191520719168204,-145.79908664297753,145.8914855408088
14300000000.0,0.020843001217198082,-19.082426528744577,1.0024025206332747,0.11114211923420078,1.017163384039812,-0.6419690407777737,-155.73172812013965,155.73305130104657
14320000000.0,0.25942121307899224,-16.21725377437346,1.0303174626338834,0.15457430812830278,1.085447290541667,-9.0268334119397,-166.28579994855144,166.53063077397078
14340000000.0,0.08769587285907582,-12.933889077379526,1.010147500690675,0.2255825731086762,1.0712854704419486,-3.850461302897108,-188.74213014780764,188.7814020103068
14360000000.0,0.7286544616792625,-8.013506225875597,1.0875086577194149,0.39748861018703063,1.3406722758431007,-52.09462940701445,-238.81143354343934,244.4273945451424
14380000000.0,2.329211405274938,-0.18997094216875388,1.3075568200251155,0.9783662278118127,2.6669053133169083,-306.2950444033395,-143.6280888976894,338.29821481415814
14400000000.0,8.719952122953238,8.378284140711287,2.728962740591034,2.6237001917558787,14.331040335753961,-56.48612580517418,-41.35442411308735,70.00621973941361
14420000000.0,2.468003167191963,-0.868308131860695,1.328618080858294,0.9048666736875134,2.584009701933881,-27.54563371033457,-81.82388031226787,86.3360256547651
14440000000.0,1.6570693823064238,-3.803613125648398,1.2101897468438239,0.6453857079253364,1.8810819353602062,-20.905406019545104,-90.29733297076521,92.68572890405122
14460000000.0,0.7138012281631478,-7.498096259040825,1.0856505617250323,0.42178893942803175,1.356543051597702,-10.381049498988602,-100.26383777376567,100.79981822317167
14480000000.0,0.41992128775423043,-13.105415682211037,1.0495329176556696,0.2211715267493062,1.1504361894874415,-6.693792543252705,-106.35693676192165,106.56737238006531
14500000000.0,0.07664324670198251,-18.342066449262703,1.008862925053533,0.1210310155903133,1.0324529082823934,-1.3924384059330215,-115.2337298861158,115.24214241405187
14520000000.0,0.24253790107022516,-22.79147891086536,1.0283167146603132,0.07251469997688463,1.0626936473625175,-4.706312916660729,-119.73602667828882,119.82848353364662
14540000000.0,-0.0032014332989381464,-26.511270059825677,0.9996314892872411,0.047253773688668205,1.0014960335024476,0.0652199262865276,-123.2679182522153,123.26793550584684
14560000000.0,0.2328182116678722,-28.47226862473297,1.0271666506697248,0.03770392551239417,1.0564929142471045,-4.997810533571245,-126.98472622719724,127.08303901436143
14580000000.0,-0.029694766606827176,-32.08620150187455,0.9965871008787897,0.02487080972357447,0.993804406814297,0.6404547932058803,-127.41009784691833,127.41170752997326
14600000000.0,0.23498954843842929,-31.212168713609817,1.0274234583897677,0.02750372799621857,1.0563554179032808,-5.364404901368308,-131.54635729160847,131.655690939045
14620000000.0,-0.044932686179481776,-35.74565997081481,0.9948402905975267,0.016319881517957435,0.9899735423289314,0.9968273763985745,-129.49417712885534,129.4980137882342
14640000000.0,0.23665084717965118,-32.36910813993986,1.0276199863920694,0.02407379694142596,1.056582384131614,-5.617761526459894,-134.50886497946482,134.6261267460075
14660000000.0,-0.05429349832459831,-37.830655419111096,0.993768725426711,0.0128371090067131,0.98774107100388,1.21449169675595,-130.1086142951259,130.11428247459742
14680000000.0,0.2355487234501377,-32.700405057630654,1.0274896033721963,0.023172865831453313,1.0562718667487958,-5.715456192444326,-136.192211320341,136.3120862719523
14700000000.0,-0.05853404542919058,-38.5606424654618,0.9932836749893347,0.011802333346118188,0.9867517540727312,1.2973453346577402,-129.4216593677883,129.42816161264588
14720000000.0,0.22982481713922487,-32.36147144084526,1.026812722010055,0.024094972110962,1.0549249337627262,-5.601770775647701,-136.5453264826508,136.66018447256903
14740000000.0,-0.05579818651255352,-37.908053583220926,0.9935965861740469,0.012723228323464203,0.9873960565956912,1.2029773523736684,-127.37777433093504,127.3834547655736
14760000000.0,0.20915781541899203,-29.733493805223645,1.0243724522569462,0.032608086150935155,1.0504022082253361,-4.958806131022894,-134.43318886327071,134.5246149453433
14780000000.0,-0.18168079882787252,-33.96143849953876,0.9793004635049275,0.02004140087465775,0.9594310555699845,3.7500105307021476,-124.1643923683443,124.22100833265092
14800000000.0,0.227293373222406,-30.12810299009283,1.0265135079759178,0.031159813561575867,1.0547009160382168,-5.4732879104882635,-135.61224847234425,135.7226540275275
14820000000.0,-0.058171300893312405,-35.73231946067064,0.9933251578730099,0.016344966205013238,0.9869620271836831,1.0988141951239132,-117.9239632289776,117.92908248716542
14840000000.0,0.18851164772369838,-29.23377649270039,1.0219404331513875,0.034539112611896156,1.0455551992096628,-4.184343472625076,-129.4811149098024,129.54870840182988
14860000000.0,-0.044421324141934906,-31.000152810328775,0.9948988612856771,0.02818333348060906,0.9906180444736161,0.7268889146997369,-108.22551612679223,108.22795714788707
14880000000.0,0.10979578840027529,-26.118165645414226,1.0127209387268223,0.04944150904349978,1.0280481625522349,-2.10997423922705,-119.11480685776901,119.13349320847524
14900000000.0,-0.07550951850307616,-23.83170798595564,0.9913443233611158,0.06433015542833807,0.9869019363577426,0.9125431191061607,-89.42287806165126,89.42753410316745
14920000000.0,-0.3654157332494199,-19.77435787156829,0.9588026227200909,0.10263183795497292,0.9298357634969407,4.745099579366049,-93.61188055331844,93.73206575525187
14940000000.0,-3.5188142413334744,-10.181155452941155,0.6668978048945239,0.3097007287971525,0.5406672235906218,12.878940207427302,-26.17692104667823,29.17358902073095
14960000000.0,-3.881617506283794,-13.22477581245851,0.6396157136866834,0.21815300988316366,0.45669899691600896,227.47757109643868,-0.9312214128673598,227.47947715179734
14980000000.0,-0.9697224400943258,-16.104779260598455,0.8943631110862043,0.15658892295483787,0.8244054652639502,82.71593276498427,-255.05888402966968,268.1360845832613
15000000000.0,-0.18087725718864328,-22.2808195872577,0.9793910639077154,0.07690578697388344,0.9651213561323589,7.805816781684812,-186.8922851775345,187.05522455817723
15020000000.0,-0.422692994225998,-19.840627165586014,0.9525008025867355,0.1018517843209692,0.9176315648977406,12.540884582189664,-152.0961692628915,152.61231434766313
15040000000.0,-0.06568528144459816,-24.11155237657939,0.992466224734377,0.06229058092879422,0.9888693237109535,1.812476318310391,-146.50748308483807,146.5186939276301
15060000000.0,-0.3449394912023247,-20.567650174465278,0.9610655842321679,0.09367366044025202,0.9324218118557939,6.9193249270652055,-122.00315567890794,122.19921052551099
15080000000.0,-0.13692717628580298,-22.7577752313965,0.9843592828274638,0.07279662389845057,0.9742625461396113,2.770326404939374,-122.7484133940057,122.7796713594544
15100000000.0,-0.4140081202663466,-19.68405009855192,0.9534536683070708,0.10370447448325588,0.919828515636058,5.8820285794693765,-99.07189666426224,99.24635493993696
15120000000.0,-0.3785487811584529,-19.518416458509623,0.9573540104811934,0.10570101972402673,0.927699406955124,5.297674575430355,-98.15939612654103,98.3022502480709
15140000000.0,-0.7847821548879896,-16.94663399907539,0.9136101003841575,0.14212428735528362,0.8548827285801975,7.173183179102043,-73.5482424403275,73.89721593525796
15160000000.0,-1.2384239696799335,-11.86226605507369,0.8671191978320522,0.2552035417244761,0.8170245509576181,9.825865699343385,-65.89097017312602,66.61957360338863
15180000000.0,-2.7217988291407273,-13.45993405030782,0.7309876818231923,0.21232605833022533,0.5794253460232949,12.467516222574456,-38.11320057868405,40.10056133162177
15200000000.0,-6.557314850524398,-10.64293558810824,0.4700393937766883,0.2936656976182989,0.30717657365959883,20.036277855005235,-15.446881681951558,25.299379122405036
15220000000.0,-8.812142552853276,-10.982694310323499,0.3625708396783872,0.28240038501594467,0.21120759124224456,31.42792401797765,24.62576296119746,39.92671548601088
15240000000.0,-4.177170857248865,-10.946131991478016,0.6182177314324373,0.28359162452178166,0.4626173729563724,58.65291149017576,84.74670696539307,103.06390429123377
15260000000.0,-2.349142914760441,-13.290744722045591,0.7630321800934755,0.2165024243699696,0.6290914076162765,161.0294094235857,180.42831331572282,241.83640533481602
15280000000.0,-1.426637640797269,-14.196005910046367,0.8485317905539366,0.1950741415846717,0.7580601202956663,434.74705018822306,274.8832122913369,514.3595804949739
15300000000.0,-1.0063086854632939,-14.72576227012083,0.890603844897379,0.1835320377089371,0.8268592174115894,365.8935095655685,-425.26740677120756,561.0084024362884
15320000000.0,-0.9199550997323436,-16.154939697905885,0.8995022313457983,0.15568723838745147,0.8333427803927812,238.2946231105143,-408.1000629825083,472.57802404439974
15340000000.0,-0.6324853730034283,-14.58238057150876,0.929770432974169,0.18658682358546666,0.8992877007686877,47.24468113714761,-245.4861625523889,249.99103164003435
15360000000.0,-0.8670984000423752,-16.984565200659542,0.9049927082429072,0.14150498510417772,0.8390354627821655,62.953561004937825,-238.34423624196828,246.5180029794368
15380000000.0,-0.5701751557692366,-13.279062587386035,0.9364643353825757,0.2167938063908747,0.9239650059329733,17.506804239673937,-154.6000850018967,155.58815660994236
15400000000.0,-1.0618217494962985,-16.859767582851223,0.884929988104161,0.14355278447126313,0.8037084857754834,31.61797573510058,-149.97692623351728,153.273529325971
15420000000.0,-0.8266898245856458,-10.959067625163206,0.9092127322283771,0.28316959439790446,0.9068528116376642,11.588249791162859,-97.86741941527691,98.55110002545942
15440000000.0,-1.6905991703642378,-15.850796805938154,0.8231330535677814,0.16123531102543,0.7035448493972873,19.838961220516254,-86.18343009356863,88.43736769602644
15460000000.0,-1.9895731047940108,-7.736809726338558,0.7952823512107963,0.41035479609480036,0.8008650768253774,11.145357786272827,-48.231911254067356,49.50289146508779
15480000000.0,-3.5476499358369455,-16.883734687147403,0.6646874871825712,0.14315722313089585,0.4623034461516298,13.560198412520185,-28.613427544467033,31.663973484535692
15500000000.0,-3.737508141376492,-5.897393285093608,0.6503162300928486,0.5071428836557805,0.6801051035648753,10.690256661915669,4.645873552758565,11.656145527825819
15520000000.0,-3.1203442575704203,-5.810154017957499,0.6982047308004394,0.5122621867649197,0.7499023941012917,12.996255984359024,33.2126617920172,35.66487870331129
15540000000.0,-1.6910839096091332,-7.647238080341273,0.8230871177134359,0.4146083993263225,0.8493725281377468,13.180358084526592,64.66381093720013,65.9934109147141
15560000000.0,-1.1934068514589993,-11.765725527373412,0.8716249582828428,0.2580558588357542,0.8263228941810262,15.551812539857083,92.99593471745652,94.2873413945281
15580000000.0,-0.30079498921461323,-11.347508534600706,0.9659624637650691,0.27078498136762497,1.0064079875373475,7.604234260260108,139.3171821278708,139.52455559769842
15600000000.0,-0.8519076142534538,-13.701273168149022,0.90657683831224,0.20650774368457736,0.8645270119659125,25.92931183480043,152.8051888695524,154.98953176807106
15620000000.0,0.2193095293925955,-14.223092155034786,1.025570396967609,0.19446676615456363,1.089611962274913,-14.026661480933681,229.93155160508576,230.35899299967195
15640000000.0,-0.8596272064710063,-13.763871060636612,0.9057714752694722,0.20502482362813185,0.8624571437155827,44.27068825210718,201.04296771042252,205.85958492168695
15660000000.0,0.5358586956397484,-16.438180085215983,1.063635771426378,0.1506922771757076,1.1540292166581865,-69.85659196524622,325.5706677419207,332.98078493348385
15680000000.0,-1.0005839960693703,-12.60269333068216,0.8911910168626621,0.23435020268312465,0.8491414460343274,63.123440414082204,220.34955546793174,229.21277303986642
15700000000.0,0.833191543585202,-18.180413911082617,1.1006762035042885,0.1233046073145953,1.2266921311456205,-167.78899536055744,380.52646858840114,415.87683304130394
15720000000.0,-1.2714283326802023,-10.332085079235533,0.8638305982154377,0.3043657261380648,0.8388417976607924,66.13763786317371,196.54680147479598,207.376064945049
15740000000.0,1.2452310007641472,-19.24108605376895,1.1541481241347635,0.10913038750341388,1.3439673339204388,-248.45157999698299,332.0549695988191,414.7151919549969
15760000000.0,-1.8042694654541525,-6.556854278023113,0.8124310753256672,0.470064318449701,0.8810047156344017,44.430523885659596,131.23216269101903,138.54945679184837
15780000000.0,2.212936979279157,-16.407631682179783,1.2901697321277918,0.15122319723528435,1.68740639308076,-209.99186047390444,193.91225898737684,285.82957448605504
15800000000.0,-2.568405511886004,-0.037995285645441954,0.7440116302449037,0.9956351846997229,1.5448427269517306,12.751171003280207,42.125802762739085,44.01335729480415
15820000000.0,8.976100740756765,8.154496183496246,2.8106387985194283,2.5569651517556764,14.437761243035665,-23.86439996205079,-2.9467239002747205,24.045639257320236
15840000000.0,1.6419859637505454,1.0134303094798967,1.2080900242865062,1.1237546853349725,2.722306099592874,-8.272934417803015,-43.12584945304561,43.91218891068884
15860000000.0,-0.9070106067224916,-11.5900127846197,0.9008437497524043,0.26332940677699485,0.8808618379414965,152.703241117282,-347.77504114318003,379.82332615291455
15880000000.0,0.28889856403522657,-6.123178826802775,1.0338199965390973,0.49412981425795194,1.3129480585826971,-4.338755911995798,-102.61913355264747,102.71081429898206
15900000000.0,0.1260665465619148,-13.93940448522909,1.014619786304728,0.20092305630881432,1.0698233853175267,-278.5858283441671,-1356.2669297587947,1384.5829872245122
15920000000.0,-0.33820951530043464,-10.395782364256664,0.9618105228484063,0.30214184842843067,1.0163691784336735,6.599001885516327,-120.05232215230222,120.2335513908044
15940000000.0,0.8964666346140004,-13.967133563621248,1.108723701670825,0.20028264666718462,1.2693813852026685,-961.4247331263359,-89.4135619685656,965.5735614291397
15960000000.0,-1.4047326046685407,-13.537581424961864,0.8506744123859669,0.21043643157897637,0.7679304476239033,12.296149817522153,-70.8382683311192,71.89753514889503
15980000000.0,-9.244672888966317,-13.839376795133784,0.3449581066972574,0.2032502835977844,0.1603067731587362,75.42566102871822,37.29699315953828,84.14330656898235
16000000000.0,0.6099241122899605,-9.476145538862365,1.0727442753399612,0.3358866346445381,1.263600111607492,-293.352314740277,574.3622197743357,644.939950745479
16020000000.0,-0.024075736494093804,-13.35030296737278,0.99723201635292,0.21502296771441834,1.0407065710840264,3.373331598846046,345.2387926364882,345.25527267107145
16040000000.0,-0.20932670650099977,-12.401622741631137,0.9761884495053005,0.2398384798838016,1.0104663853805353,60.34313726951442,-494.26461394500177,497.9345366749821
16060000000.0,0.5058385087610999,-10.96759732225895,1.059965977050606,0.2828916533467241,1.203555560038089,-18.077162905167466,168.074640364033,169.04398407573987
16080000000.0,-0.5978642217170513,-13.09103084955089,0.9334838074369303,0.2215381157191047,0.9204711554633194,113.67854898230661,-387.2884865875159,403.62753169471875
16100000000.0,0.7658704659916254,-8.103448831937467,1.0921782492413528,0.3933938429110357,1.347612043756219,-6.0957229818765954,66.28747997682957,66.56716788590573
16120000000.0,-1.1165588271767657,-12.438923724160755,0.879370836668783,0.23881071769353301,0.8303236272688558,558.2539951658337,-350.02377966336854,658.9113517374284
16140000000.0,0.31898489366039073,-8.115815516071812,1.0374071685795965,0.39283414022727314,1.2305322951484363,-0.9347172642145863,6.744280642785451,6.808745681303667
16160000000.0,3.4335037347142716,-10.58161062006735,1.4848247113828432,0.2957464014665885,2.29217035751358,-10.478270163468515,-13.326347861538833,16.952453891557266
16180000000.0,0.1311198180537685,-14.277946419738521,1.0152102429164322,0.19324251408093793,1.0679945065707628,-0.49314371454552003,-27.69082546433042,27.69521629486229
16200000000.0,0.20647958905067776,-13.902486598312757,1.0240566436867526,0.20177886280354676,1.0894067189532692,-2.352371556640151,-85.9764638011836,86.00863898293429
16220000000.0,0.3458269893133514,-15.062926382476745,1.0406180375455776,0.17654429211598768,1.1140537871439444,-1.8170792705879695,-45.419575332938216,45.45590831234208
16240000000.0,-0.2891377835895813,-10.827954617615333,0.9672597382115415,0.2874764473081888,1.0182341089219977,3.450132111494606,-88.6360474978173,88.70316977212309
16260000000.0,0.5413588926159686,-7.247033059084402,1.0643095146078143,0.4341585389293888,1.321248379810023,-3.1317655166757565,-50.21444836753147,50.31201427200985
16280000000.0,-0.630739405463495,-6.046921663414971,0.9299573467193825,0.4984870917818774,1.1133100473905075,6.033812387935994,-76.07453215461987,76.31344137487906
16300000000.0,0.35883871491005614,3.8151379890172605,1.0421780830709386,1.5515182894303179,3.4933441592701957,-1.6354465864705099,-38.18725145480778,38.222256071690964
16320000000.0,-2.395101628456412,4.141005612195086,0.7590054923655246,1.6108321190876487,3.1708694533254373,14.290809158439666,-51.07896045537494,53.040432008088885
16340000000.0,-2.0761417448646604,7.6372261786869755,0.7873954715489286,2.4091359531270022,6.423927669264909,28.468304667932664,-93.9452677584816,98.16393281077852
16360000000.0,-0.6540574064315037,2.802790938307456,0.927464146139982,1.380827879074264,2.766875374003896,5.301856273509849,-67.2760298039219,67.48461947824218
16380000000.0,-0.0014089770451251066,1.0736441348526558,0.9998377986790331,1.1315720368792501,2.2801308983143898,0.008422222248605664,-51.88476368791157,51.884764371482454
16400000000.0,-0.30250435079514815,-2.411751752041858,0.9657723834475345,0.7575519359696788,1.5066012323213398,1.3502793357500116,-37.105766627095754,37.13032684032079
16420000000.0,0.055169903623837446,-1.0063632238312157,1.0063718845146867,0.8905982528475489,1.8059496179167485,-0.21028312316568223,-28.47235376124299,28.473130275704783
16440000000.0,-0.2569245328361377,-3.4898429847167383,0.9708536626113735,0.6691259157608602,1.3902863253487285,0.790425442554062,-13.128546407391886,13.152319306923747
16460000000.0,-0.4261658738007812,-2.1390340034646336,0.9521200402808345,0.7817147377374283,1.5176105023002742,1.2291250438239134,-2.3743248131339576,2.673605560216155
16480000000.0,-0.6375101861636073,-3.651899976174595,0.9292327135462131,0.6567574397745995,1.2948037706237452,1.9723103105973658,13.716728514334891,13.857801019543343
16500000000.0,-1.3605365449778715,-3.8227110506999433,0.8550138953150372,0.6439682379752459,1.1457438527027364,5.4825426530438115,31.60168316193738,32.07373773993174
16520000000.0,-2.4908573851066027,-3.785124627075975,0.7506839503685845,0.6467609177783368,0.9818260781064599,15.12299526467544,51.85192326022963,54.012285005914514
16540000000.0,-4.332401712845642,-3.744101894098733,0.6072673257314274,0.6498227403743894,0.7910431988086806,46.24300184782464,73.41035753457112,86.76114230029175
16560000000.0,-12.590604800983842,-3.6341785963505204,0.234676585101882,0.6580987564937998,0.4881670728937665,61.52834796090337,24.172454533681552,66.10631710344256
16580000000.0,-8.634545855196095,-3.7226461060453007,0.37006047951708837,0.6514299094742676,0.5613056854580698,34.50553396073779,29.239534690236578,45.22811363319476
16600000000.0,-4.354214744857819,-6.746409211442428,0.6057441976244271,0.4599170811692253,0.5784497545068807,21.45141081618886,40.885216652476444,46.1710295177056
16620000000.0,-1.790159193513938,-7.896522992426536,0.8137519463342862,0.402878276355677,0.8245031357221602,12.05613588880857,57.331524697174615,58.585443044088706
16640000000.0,-1.6593648779026793,-9.72070238523167,0.8260983526168537,0.3265614236862591,0.7890808516362761,16.290980466665378,76.58689893019611,78.3003776000432
16660000000.0,-0.6736753534842282,-11.378218906340125,0.9253717398137128,0.2698292676784017,0.9291206905417203,6.424403531381174,75.88476373694793,76.15622317412038
16680000000.0,-0.8007653336862621,-10.338175076811194,0.9119304835263153,0.3041523988964804,0.924125888539023,16.98652676267604,125.25529557168302,126.40186375290827
16700000000.0,-0.5983485666757611,-13.03466186725916,0.9334317557082766,0.22298051112744244,0.9210151509072914,6.2302930602377256,80.74435751302404,80.98436776197914
16720000000.0,0.07881577677810847,-8.068090773675973,1.0091152951927058,0.3949985135631133,1.1743375047089308,-9.210330255909554,314.51608012813216,314.6509094895303
16740000000.0,-1.2290502655500384,-12.242683511043818,0.868055487216934,0.24426757698956625,0.8131869780557823,9.91216350841131,66.73469340084105,67.46680879307794
16760000000.0,1.9739848388684058,-1.0926290581016997,1.2551604376634595,0.8817968581437715,2.352993423307754,-13.26000327795402,-57.08694591085792,58.60671531796138
16780000000.0,-2.044102732789059,-17.74246087844023,0.7903052434348586,0.1296811807376762,0.641399586438149,6.095904542236355,10.039020789002851,11.744870820493908
16800000000.0,7.562385207656678,-8.360242816667702,2.388467083074825,0.381933593621863,5.850648276868874,-20.54612108335999,2.4258374110948298,20.688832222171385
16820000000.0,2.7722862727560678,-6.150455469617556,1.3759869456015983,0.49258051279570275,2.1359756360520934,-17.970317030553886,-54.74736847711772,57.62123436154347
16840000000.0,-2.707736088859562,-14.783861408630074,0.7321721334357851,0.18230850494502443,0.5693124239551991,61.620729726316924,118.76794649296278,133.8018663777119
16860000000.0,2.69951444314033,-11.838618134071288,1.364506856068364,0.25589929728889826,1.9273634106105229,-127.49895846619769,-153.55842795918372,199.5900178046513
16880000000.0,-2.0826376619596654,-19.27577613069318,0.7868068221681376,0.1086954071017726,0.6308796669353434,51.1174233328799,128.89195744409906,138.6583126320391
16900000000.0,2.1635158543105537,-15.323438660582386,1.2828497465281392,0.1713278902509106,1.675056718145139,-358.845420300289,-125.55150068469537,380.1752424799255
16920000000.0,-1.6848522395671992,-21.270742691580118,0.8236778514155468,0.08638987894040621,0.6859084140958697,44.62467253709595,137.11941727062427,144.19811368973805
16940000000.0,1.749719331762634,-17.14153523967374,1.223167594044019,0.13897069774071596,1.5154518179499754,-445.1380371837988,152.66565455892462,470.58970901386056
16960000000.0,-1.229928098018014,-21.108778849335334,0.8679677623185179,0.08801588446672344,0.7611148323426749,29.156451194889172,131.82544692347383,135.01128509444524
16980000000.0,1.2225439065502086,-17.776629759550314,1.1511374824968228,0.12917203810392977,1.341802919037046,-216.3292087550998,324.67236887297554,390.1416072020479
17000000000.0,-0.23819879327574817,-17.950435456430785,0.9729489648300838,0.12661297900546353,0.9626605346165695,3.274098348803456,97.11453201650896,97.16970746474016
17020000000.0,-0.18686804915123717,-16.800703038718193,0.9787157956933944,0.14453227811177694,0.9787741881559342,8.838045490425637,196.2363492509526,196.4352713120347
17040000000.0,3.4532183649910047,-9.076589605552583,1.4881986911629848,0.35169850297585104,2.3384271813746755,-10.71402681453013,14.85336214146458,18.31427687592289
17060000000.0,6.092583363110089,-11.129011260179443,2.016643672989077,0.2776830922772488,4.14395960354353,-25.194686845867928,-32.05821349538922,40.77378199011352
17080000000.0,-2.2872416996952265,-18.40634029448578,0.768489459260088,0.12013871578561458,0.6050093600244791,29.21057088994701,-89.41360349721337,94.06407359918828
17100000000.0,3.9903114245334708,-23.454535677454686,1.583126327218035,0.0671851383981894,2.5108028107524483,-213.91875030746172,-39.1670511562501,217.47480228610962
17120000000.0,-2.4798848409166503,-24.719528103694394,0.7516328592354599,0.058079597076908955,0.5683251946790887,105.13872189303517,-155.77638071193257,187.93730770927297
17140000000.0,3.145156645028193,-20.970410280946584,1.4363419087473217,0.08942922887349405,2.0710756658008074,-226.44048544882952,107.09653783337416,250.4894446203211
17160000000.0,-2.3218075073016884,-27.930723655702522,0.7654373051540088,0.04012950633964672,0.5875046454004949,167.64830199904895,-183.29772447352423,248.402916569706
17180000000.0,2.7485821008666678,-18.571454141995908,1.3722369364733105,0.11787651645977132,1.896929082954347,-114.82068732588802,147.66252622218977,187.05082701850912
17200000000.0,-2.202310829154516,-28.95876790172079,0.7760406281798848,0.03565016998042498,0.6035099912054636,209.84252400684701,-194.9198358142519,286.4046565183937
17220000000.0,2.301217819615247,-15.089286529487351,1.3033495039290908,0.17600932342600412,1.7296992113250869,-34.16917841737085,97.62117002244386,103.4283597001761
17240000000.0,-2.236873609469167,-26.99721895202999,0.7729587530404967,0.04468266341929112,0.5994617743121612,258.5722058076645,-182.36003020128666,316.4091753272262
17260000000.0,0.9180767349634134,-9.385780284331606,1.1114855903689391,0.33939933400996325,1.3505921255241957,-3.481030830575283,28.169630528922212,28.383897896155876
17280000000.0,10.737288810126985,0.18865837695362953,3.4424246308947417,1.0219576967600188,12.894684873357841,-29.604583236894243,-11.38943049486328,31.719875088460252
17300000000.0,-0.8462395281091672,-1.3163306358302376,0.907168629459647,0.8593764894283584,1.561482872857904,26.627033497225394,-155.58817669692908,157.8501809968465
17320000000.0,10.915206416538481,-0.1202406697393969,3.5136647428601355,0.9862521580518612,13.318533244480335,-29.90888038413361,-11.116154127846187,31.907836160204347
17340000000.0,1.2079281423668942,-13.969980897575915,1.1492020899118558,0.20021700248523147,1.3607522915419483,-5.594638587482472,-38.955830947201946,39.35551734778143
17360000000.0,-3.182908399322412,-26.39909608673826,0.6931936569082578,0.04786799044453425,0.48280879048704156,74.40780819684909,-114.75883939851093,136.77029334161824
17380000000.0,1.8135243453273002,-21.546458471449323,1.232185850196689,0.08369067611571464,1.5252860986936425,-15.797838867342145,-70.18864168171983,71.94454207237241
17400000000.0,-2.548212591708489,-32.49946392303308,0.7457433175244479,0.023715200669564198,0.5566955063751672,75.55510962567118,-135.20337577385766,154.88230180105845
17420000000.0,1.9505595618152036,-25.218464005066608,1.251779912518023,0.054837392966963536,1.5699600890510423,-23.711029813810953,-87.59716366985356,90.749523512989
17440000000.0,-2.311175708554213,-36.60048480345304,0.7663747978371538,0.014790258339483846,0.587549082501687,66.09043053326482,-136.21190186810668,151.39890098213732
17460000000.0,1.972632700257296,-27.046777266761627,1.2549650611539565,0.044428447404585285,1.5769111916559357,-28.33288827349203,-96.88409869841047,100.9419691630866
17480000000.0,-2.166581636371851,-39.323550618769296,0.7792394267413255,0.010809919729694688,0.607330938552712,54.35563475356205,-129.56418867185656,140.50414234341665
17500000000.0,1.937467804067089,-27.596889509825008,1.249894595539077,0.041701869463789336,1.5639755458745679,-29.403988341218714,-100.17712054272533,104.40330459617763
17520000000.0,-2.04501108225828,-38.387564271149635,0.7902225995327505,0.012039869688732606,0.6245967152744195,42.64385595273425,-118.85833548147599,126.27668970932302
17540000000.0,1.8459761720600534,-27.08222259786909,1.2367980977280684,0.04424751346670093,1.5316273769917543,-27.098361967645943,-98.5276200288212,102.18616897542117
17560000000.0,-1.9043082980446033,-33.801367507578654,0.8031276631038171,0.020414165184890042,0.6454307813827943,31.633582963042816,-105.63332826822028,110.2682348280832
17580000000.0,1.6530498523219816,-25.226017845581836,1.2096298423534702,0.05478972337091326,1.4662062692991422,-21.6148538808991,-92.34194164268854,94.83794649102391
17600000000.0,-1.6605183013444538,-27.561011685389836,0.8259886600024636,0.04187447891519095,0.6840107384370843,20.99426953385546,-90.41265188173315,92.81813924846607
17620000000.0,1.1507012611836995,-20.600603292439665,1.1416554732261297,0.09331894823690634,1.3120856456472205,-12.108280869961785,-80.91072013009726,81.8117051380596
17640000000.0,-0.8361264030712012,-17.92646224828763,0.9082254760391614,0.1269629157476568,0.8409930973017079,7.296846039396607,-71.06547013613717,71.43909999288108
17660000000.0,-2.95091910789391,-7.410005463015893,0.7119574593754117,0.42608841559313904,0.6884347618629625,15.538048624874671,-44.796674013178695,47.41490227462216
17680000000.0,-6.842248052750457,-8.61333600412441,0.45487031690779683,0.3709652248958623,0.3445222032858372,73.19858281800589,-57.28110987647091,92.94707136453951
17700000000.0,3.581296819308044,-10.253438598140324,1.5103056287417076,0.307134123203899,2.3753544618451126,-31.002862366440667,-66.92859759903949,73.76052231028883
17720000000.0,-3.1829525469217574,-19.502152699003933,0.693190133635532,0.10589912337124098,0.491727185700444,19.21861695448781,-51.06713271270432,54.56379093446754
17740000000.0,2.1841506692623773,-15.049184002551243,1.28590099824529,0.17682383273961363,1.6848080451129603,-12.090482074236943,-47.56950943292273,49.08195171828815
17760000000.0,-2.699538787507417,-22.461747849584768,0.7328634464589224,0.07532039822850818,0.5427619935449509,11.437158433736,-34.15963741229708,36.02345654123137
17780000000.0,1.083483281399684,-16.376275915471275,1.1328545780958492,0.15177009438945055,1.3063936566637073,-4.155178860355497,-28.82792055815041,29.125839302388805
17800000000.0,-2.3172301026089364,-23.434910702942414,0.7658407917095802,0.06733710870045947,0.5910464044544941,7.511216206478688,-18.043309607651377,19.544293041653685
17820000000.0,-0.26726604991404845,-17.267133184847708,0.9696984412587933,0.13697564077726068,0.9590773931460745,0.8004531933401067,-10.078498758573833,10.110235533423673
17840000000.0,-1.8223026898612469,-23.644934276711908,0.8107460949224461,0.0657284341451934,0.6616294574871749,5.236888565698023,-2.2849306194181396,5.713659929072893
17860000000.0,-1.3234452833598715,-18.541248162908847,0.8586728588632965,0.11828715647904105,0.7513109299363638,3.910865898311109,8.442370290746805,9.304218838820217
17880000000.0,-1.3066686811807897,-23.75012261679993,0.8603329690624089,0.06493724644627788,0.7443896636317644,4.018089179783994,13.226475973686862,13.82333922535409
17900000000.0,-1.5324980254487854,-20.131142996283504,0.8382529659129145,0.09850150138738922,0.7123705806373677,5.636853038705877,26.38490504603818,26.980313683654952
17920000000.0,-0.9349557489409637,-23.937813968566054,0.8979501194375625,0.0635490849630023,0.8103529031975677,3.567078839230394,28.529609025966423,28.75174155803071
17940000000.0,-1.2484085304849097,-21.659338773883114,0.8661230039492761,0.08261008353239643,0.7569934838713474,6.322089930272033,43.46166820888536,43.9190781390694
17960000000.0,-0.7280765525376177,-24.040476392861553,0.919594091838678,0.06280239127949766,0.8495974340950261,3.694772497378813,43.640562252182036,43.7966895723177
17980000000.0,-0.8998682570943219,-22.787318716890006,0.9015848122561148,0.07254943993873812,0.8181185949263182,6.273535879102961,59.47907845896011,59.809012922414325
18000000000.0,-0.622648090625024,-23.819828525059027,0.9308240493635485,0.06441819826900114,0.8705831151417781,4.256474195764286,58.56446256755799,58.718939435297266
18020000000.0,-0.6228633362246554,-23.20237549353488,0.9308009828376644,0.06916417887676093,0.8711741532912587,5.768252468948796,74.32627100812269,74.54976390652375
18040000000.0,-0.5660583071745526,-23.05543636461522,0.9369082963159467,0.07034418167231224,0.8827454596007971,5.140038733254125,73.29312617385321,73.47314027939544
18060000000.0,-0.42823361055463705,-22.551085900308607,0.9518934084254239,0.07454966650336732,0.9116587137795341,5.05428711242604,87.94544830321618,88.09056530337688
18080000000.0,-0.5333296319660328,-21.512917536237698,0.9404452524835233,0.08401447603071716,0.8914957051015138,6.28324333597199,87.78590940494846,88.01048253971143
18100000000.0,-0.3022623108141393,-20.560976028663724,0.9657992959223668,0.09374566595154368,0.9415565298888379,4.374065358496831,100.27647155830493,100.37182471163877
18120000000.0,-0.5194078438625619,-19.14861011127022,0.9419538115590737,0.11029847158728251,0.8994427359451574,7.722237525522033,101.83027330392959,102.12265915825722
18140000000.0,-0.23077386783185747,-17.88717108240863,0.9737810226122031,0.12753854140804766,0.9645155595441604,3.9443818339130057,111.05781493263406,111.12783812197058
18160000000.0,-0.5016541296796403,-17.62598123586904,0.9438811076617653,0.13143194601075006,0.9081859018329735,9.074481061768434,114.66092893001792,115.0194541355288
18180000000.0,-0.1742206390894037,-17.719131339296553,0.9801419289711439,0.13002996122317637,0.9775859917429757,3.388386730059813,119.9325603695524,119.98041590788381
18200000000.0,-0.42822772050312646,-19.205705944615033,0.9518940539209739,0.1095758132963227,0.9181091487496565,9.180668661504246,126.69753422651797,127.02972036555863
18220000000.0,-0.12992959412011662,-19.84594574215076,0.9851526281986679,0.10178943714414615,0.9808867903608648,2.7938719080395105,127.16457079396582,127.19525850224164
18240000000.0,-0.35534918441633917,-20.92718454869337,0.9599144752767519,0.0898753868168191,0.9295133850013148,8.824115697988429,137.85200549474166,138.13413928777265
18260000000.0,-0.11700172161308246,-21.293412005925575,0.9866199977761035,0.08616470385634663,0.9808433762023705,2.6650662785691566,131.44893063272033,131.47594435011635
18280000000.0,-0.28187861162875144,-20.989939379553633,0.9680684567156501,0.08922838469817487,0.945118241523666,7.721774053289618,145.74918906135164,145.95359504504054
18300000000.0,-0.13560581504615274,-21.06739828496248,0.9845090421724485,0.0884362025596194,0.977079016042478,2.9920480033426164,129.06361276542347,129.09829004025377
18320000000.0,-0.15889552685888064,-18.35822463346263,0.9818727872468497,0.12080607334114571,0.9786682776920036,4.213983662099455,143.24872538265024,143.3106938859009
18340000000.0,-0.24115093678479263,-16.5358038717376,0.9726183369919736,0.14900807575807418,0.9681898360941563,3.5990590655785444,102.24304486565816,102.3063705228492
18360000000.0,2.607536840582754,-0.7531081181190369,1.3501339002847892,0.9169477603795094,2.663654743963215,-15.818723047115315,51.734400914008745,54.09880069625136
18380000000.0,0.21872896131277617,-10.193884980282949,1.02550184975339,0.30924718210975816,1.1472878634904506,-1268.5623303730342,-1851.1806266368835,2244.130142945633
18400000000.0,-0.3382678105255903,-12.701729177317773,0.9618040676923808,0.23169333515194568,0.9787488661834417,38.468824199164395,307.9750154269302,310.3682660364686
18420000000.0,-0.012310568417439473,-14.158777486313411,0.9985836973384011,0.19591203945956542,1.035550927795238,1.0682664024638218,269.9479652363994,269.95007895605244
18440000000.0,-0.24921085821128755,-17.157538312964707,0.9717162311988449,0.13871489080823624,0.9634742549072278,20.391592196447775,261.10472096041275,261.89977537241464
18460000000.0,-0.06735841951735924,-22.311003301552024,0.992275067216365,0.07663900098301996,0.9904833454909171,4.6420165847337795,239.4548041908244,239.49979450521246
18480000000.0,-0.17769212445667715,-24.673245716291046,0.9797502743854696,0.058389897676352595,0.9633199803090579,14.530340762444753,261.3915162433899,261.79506406097715
18500000000.0,-0.10598260880161094,-28.399930736088702,0.9878724401226684,0.03801924280778959,0.9773374207775927,7.031970197758044,234.70084517480515,234.80616544424467
18520000000.0,-0.12441524887014042,-29.813733289964638,0.9857782631932864,0.03230824261471734,0.9728026067252238,10.686393636537714,268.32178048778866,268.5344985157253
18540000000.0,-0.13920955548091307,-32.43182509294451,0.9841006580822218,0.023900596794381584,0.9690253437649896,9.350931607255154,236.13996897889103,236.32504071992702
18560000000.0,-0.07711392612058217,-33.79246117888754,0.9911612248457773,0.02043510817626058,0.9828181672839569,7.042499000866261,277.0869168688752,277.1763992335498
18580000000.0,-0.17025025874067284,-35.339939048369104,0.9805900610538183,0.01710027314849939,0.9618492871792844,11.802069749267357,239.95968569090962,240.24974423971136
18600000000.0,-0.03326921960729504,-37.192692361035654,0.9961770656348189,0.013815461023429901,0.9925596130600882,3.235292397910104,286.2806109921068,286.298891627114
18620000000.0,-0.19997880049112585,-37.56423463466914,0.9772396060856342,0.013236960358878093,0.955172464821948,14.431533766714363,244.9179552829748,245.34276836062045
18640000000.0,0.007895175810254602,-40.29689235423906,1.0009093789408865,0.009663965754196615,1.0019129770859294,-0.8153642879055336,295.29948466357996,295.300610330385
18660000000.0,-0.2285611720413304,-39.34343269270297,0.9740291210489729,0.010785204031151338,0.9488490492774282,17.24455912155314,250.5021727559864,251.0950285743762
18680000000.0,0.046645788991065834,-43.272436243150636,1.0053847408008192,0.006860854162231343,1.0108455483549659,-5.093070499505395,303.83019917808474,303.872883455743
18700000000.0,-0.25592552604575886,-40.821231121282466,0.9709653316769313,0.009097843124154976,0.942856446068005,20.232414917995317,256.4713922538019,257.26819791419507
18720000000.0,0.0830466952742674,-46.239710417364776,1.009606957503912,0.004875447442977461,1.019329978628075,-9.53637662620323,311.694515145068,311.840365011773
18740000000.0,-0.28191879968258937,-42.0880687343639,0.9680639776468528,0.00786315005058895,0.9372096939461645,23.3803310097745,262.70366655667124,263.74202604144324
18760000000.0,0.11708226922267562,-49.29325078344065,1.013570853705916,0.003430342316832097,1.02733764273055,-14.061795049099706,318.79101312393135,319.10099361892543
18780000000.0,-0.3063688000441688,-43.20322658183536,0.9653427961056926,0.006915740214552658,0.931934541455872,26.670734849366998,269.13652532223443,270.4547972581203
18800000000.0,0.14869092657003125,-52.47623835246617,1.0172660397679276,0.0023778698612664864,1.0348358499302,-18.57454913895656,325.0694963109745,325.59974095134993
18820000000.0,-0.3291030174522736,-44.20459849456306,0.9628194371746497,0.006162686497603859,0.927059247306177,30.08377799509156,275.73885939869456,277.37511114184525
18840000000.0,0.17779760135352843,-55.630404309393676,1.0206806465836296,0.0016537878027310523,1.0417917173244726,-22.978156653200582,330.51798721878043,331.3157641259059
18860000000.0,-0.3499659894461866,-45.118136932323196,0.9605095793600036,0.005547446893792332,0.9226094262093705,33.59835463296731,282.4974869261171,284.488452408203
18880000000.0,0.2043269403091249,-57.99412074802656,1.0238028802619203,0.0012597778340030618,1.048173924672795,-27.180946928515848,335.1537972163509,336.25417717029126
18900000000.0,-0.36882111691115216,-45.960562622040854,0.9584267889308848,0.0050346799596671515,0.9186072577426632,37.19206425382684,289.410147144006,291.7901350515058
18920000000.0,0.22820600742808067,-58.4517080606483,1.0266213703363187,0.0011951284832377976,1.0539528663633124,-31.100107831631455,339.0163090159778,340.43982505863806
18940000000.0,-0.38554945906762417,-46.74382981472924,0.9565827104558188,0.004600536802764986,0.9150716468818745,40.84083628202474,296.48125356329774,299.2809843987412
18960000000.0,0.24937268254729938,-57.41820233204656,1.0291261983500877,0.001346138927755591,1.0591025442205166,-34.66545853675443,342.16165040442024,343.9131998383315
18980000000.0,-0.400052243046753,-47.4749873746038,0.9549868420419062,0.004229126066464342,0.9120177539804588,44.5190267044619,303.7196215462558,306.9650668250598
19000000000.0,0.267775212083711,-56.05592552433737,1.0313088880302195,0.0015747213794088345,1.0636005022775505,-37.820757732851334,344.6571695127405,346.7260795094897
19020000000.0,-0.4122517097771202,-48.15853773540795,0.9536464897018672,0.0039090669917426464,0.9094569081254393,48.19932137280549,311.1367394564427,314.84797159960436
19040000000.0,0.28337251882765224,-54.84493541816765,1.0331624796526653,0.0018103111615796765,1.0674279865885457,-40.524012851405296,346.5767357957753,348.93785895548143
19060000000.0,-0.42208658557742007,-48.796660573180006,0.9525673041095328,0.0036321767267354366,0.9073976615662774,51.851907638159,318.74530550644715,322.9352723195695
19080000000.0,0.2961395232946104,-53.85841841798562,1.034682196029364,0.0020280519665002382,1.0705713597749258,-42.74773933953583,347.99715989582967,350.6128812725005
19100000000.0,-0.42951522610039145,-49.39085285439368,0.9517529655414056,0.0033920118225415517,0.9058452131610644,55.444742578281506,326.5587533172813,331.23215249686865
19120000000.0,0.3060623901214192,-53.071373387428046,1.035864905099173,0.0022204005724583424,1.073021031794821,-44.476809918275606,348.9941212107908,351.81683197396706
19140000000.0,-0.4345090721830791,-49.940316750127096,0.9512059240792952,0.003184081405056259,0.9048028483779399,58.94225503470241,334.58985407609816,339.74190185969195
19160000000.0,0.31315133069385837,-52.4462633197636,1.0367106655709872,0.0023860900735341926,1.0747746975344783,-45.708917658541615,349.6406861823441,352.6158172679946
19180000000.0,-0.437058923026984,-50.445321909558515,0.9509267267424542,0.0030042350213308165,0.9042706650611815,62.30657831577698,342.8517813838442,348.46729215163845
19200000000.0,0.3174186054450199,-51.956507416298805,1.037220114380707,0.002524495664490771,1.0758319387542867,-46.449402012848665,350.0055143729003,353.07422312991037
19220000000.0,-0.43717186156585713,-50.90306594581904,0.9509143623697347,0.0028500120925038044,0.9042462471299666,65.49586154488523,351.35412017148985,357.4065271381995
19240000000.0,0.3189028053189983,-51.59461244932966,1.0373973643298353,0.0026318999603379307,1.0762002184158903,-46.71275763569501,350.15089891146533,353.2530732130131
19260000000.0,-0.4348640212829486,-51.30836245643565,0.9511670538193584,0.002720081252422603,0.904726163113418,68.46418706387581,360.10544607979216,366.5559673592063
19280000000.0,0.3176614912290975,-51.40255207222467,1.0372491188412296,0.002690744098255691,1.0758929746407095,-46.520639307821476,350.1356422005404,353.2125957844557
19300000000.0,-0.4301836397357859,-51.64134152646726,0.9516797271963271,0.0026177786638487853,0.9057011559216085,71.16474291845257,369.1105988628908,375.908306409384
19320000000.0,0.3137998912990331,-51.89382450741231,1.036788077883099,0.0025427799283378686,1.0749359841702948,-45.908263174999874,350.02920971395497,353.0269342142621
19340000000.0,-0.42380365491033767,-50.769522880935334,0.952379014537005,0.0028941687904389664,0.9070341635434643,73.6557786573052,378.3552643953725,385.4580130511054
19360000000.0,0.3069734696348244,-48.96336779752184,1.035973564641361,0.0035631295269906113,1.0732539225277544,-44.79377770736825,349.70183814957977,352.55901367925907
19380000000.0,-0.4136825825668553,-52.4350999180023,0.9534894033835232,0.002389158729468212,0.9091477504441016,75.50373840123481,387.87951601162325,395.1598834066702
19400000000.0,0.29803757443214507,-49.751368088741486,1.034908320743276,0.0032541052501372887,1.0710458215446466,-43.40113936902439,349.5032879165476,352.18774419761775
19420000000.0,-0.40216369102980787,-52.624943118904426,0.95475472304639,0.0023375065906816725,0.9115620451164503,77.05396441261482,397.6203513470449,405.0176011447502
19440000000.0,0.2865973501644762,-49.75691759354039,1.0335461356112225,0.003252026832641098,1.0682281901154118,-41.63070045437986,349.26007084656294,351.7324442073385
19460000000.0,-0.3884868067242894,-52.80592943498445,0.9562592731282317,0.002289304322353671,0.9144370383580143,78.091816299659,407.57551836111213,414.98931906774294
19480000000.0,0.2728457799059998,-49.6826351458506,1.031911111698707,0.0032799576988055226,1.0648513005697673,-39.531253060516185,349.0331748990441,351.2646824669985
19500000000.0,-0.37275928708757244,-52.95495758748116,0.9579923380665141,0.0022503606267504192,0.9177543839170966,78.55342245209812,417.7125800289318,425.03463352221615
19520000000.0,0.2569132674525847,-49.595064896723684,1.0300200138668296,0.0033131931528709332,1.0609522062150922,-37.13167375235162,348.8481139004639,350.81871068624906
19540000000.0,-0.35508754402178244,-53.06913322536224,0.9599433907011033,0.0022209733058018203,0.9214962460731563,78.37208045218334,427.98668928272735,435.10319373407646
19560000000.0,0.23894483510485012,-49.51016569664668,1.027891421934074,0.0033457363528795313,1.0565719692373954,-34.459409918888674,348.72285965265996,350.4212946958086
19580000000.0,-0.33557693962611357,-53.151739965981676,0.96210207879068,0.002199950969145507,0.9256452497976145,77.48133073373499,438.34329805223797,445.1384094409104
19600000000.0,0.2190812994739929,-49.43193608182103,1.025543449495001,0.0033760058919915814,1.0517507642178885,-31.53890836410647,348.6742592992742,350.0977604022868
19620000000.0,-0.3143537930537738,-53.20345335003076,0.9644557581900123,0.0021868919830377526,0.9301796920024169,75.82056696421033,448.7115193602331,455.0722865450534
19640000000.0,0.19747332568008533,-49.36082636672603,1.0229953656458268,0.0034037580515180795,1.0465311037017122,-28.392806246552485,348.71404958704096,349.8680320148549
19660000000.0,-0.29154464520012385,-53.22722340944306,0.96699174749267,0.002180915452033794,0.9350777961111366,73.33440645588783,459.0063080133755,464.82763038174386
19680000000.0,0.174277182992492,-49.29568536335593,1.0202670453332352,0.003429380956217843,1.0409566044467526,-25.04204493288161,348.85236452183636,349.7500196524607
19700000000.0,-0.2672794998504379,-53.226772810861746,0.9696969397001969,0.0021810285944913075,0.9403169117496573,69.97639714094419,469.12705530066677,474.3172885020132
19720000000.0,0.14966284595984067,-49.23586841880652,1.017379874498497,0.003453079514825608,1.0350737327927133,-21.507159949845757,349.098213895609,349.76009045374605
19740000000.0,-0.24169919367216117,-53.20422350462937,0.9725569468643875,0.002186698085772071,0.9458717965426975,65.71589410900508,478.96148688249957,483.44874046297895
19760000000.0,0.12379307044891089,-49.178373475966836,1.0143542508113492,0.0034760124733224733,1.0289266288017684,-17.80539796695058,349.45996293674773,349.9132719582305
19780000000.0,-0.2149620605634769,-53.16313027793736,0.975555309597112,0.0021970679363234203,0.9517129891906339,60.542572159947646,488.3816044282723,492.11989858943514
19800000000.0,0.09684368194388793,-49.12200703573434,1.011211928700539,0.0034986431505521164,1.0225618052501588,-13.953516784165767,349.94183263047506,350.2199121343922
19820000000.0,-0.18721130346268353,-53.10469138143227,0.9786771189668263,0.002211899706157496,0.9578137956895176,54.463089036876475,497.25329241232896,500.22701334728
19840000000.0,0.06899268483679752,-49.06366982812024,1.0079747063035764,0.003522220241834144,1.0160254145832133,-9.96716542376273,350.5506049896192,350.6922740026828
19860000000.0,-0.1586089939991578,-53.03113336631586,0.9819051781094826,0.0022307111172311695,0.9641427548703033,47.513113741936706,505.43748208510857,507.66578008960647
19880000000.0,0.04041461018382057,-49.00157957402445,1.0046637455133933,0.0035474887044749043,1.0093618262251087,-5.8598026685688405,351.29073993907963,351.3396095720786
19900000000.0,-0.1293173778630152,-52.94428458512048,0.985222068145032,0.0022531275127862537,0.9706676001435629,39.75447090433317,512.795346019127,514.3340207061551
19920000000.0,0.011288192211631317,-48.93120864077541,1.0013004460031982,0.003576346322864572,1.002615373419225,-1.6443059523554502,352.1665212635847,352.1703599693759
19940000000.0,-0.0994998674243128,-52.84418568299436,0.9886100170748232,0.0022792434522840607,0.977354960811397,31.276567503757647,519.1955760789866,520.13677998658
19960000000.0,-0.01820563762391413,-48.849140461612215,0.9979061935871631,0.0036102973860465035,0.9958298054468364,2.667045535811456,353.1819951086442,353.1920650309297
19980000000.0,-0.06932190679060148,-52.73095615229931,0.9920507839995278,0.0023091502511244986,0.9841700902089602,22.195946539775495,524.5224524853946,524.9918696552259
20000000000.0,-0.04789315023171689,-48.74883144477251,0.9945012709709234,0.0036522325922164764,0.9890461167656898,7.0636748663724305,354.34168801972896,354.41208694299456
20020000000.0,-0.038960776046801184,-52.604079151135785,0.9955245198363393,0.002343128154480762,0.9910745598449222,12.65638006618309,528.6796840494299,528.8311566870702
20040000000.0,-0.07760122373089712,-48.62234709549977,0.9911056200697249,0.003705805702089031,0.9823040831296956,11.535308212101057,355.64708462901064,355.8341076128914
20060000000.0,-0.008572920644765334,-52.461753703301866,0.9990134929543313,0.0023818385215272644,0.9980336322595563,2.8139607298343052,531.5978950261599,531.605342684997
20080000000.0,-0.10716064886732105,-48.45835117601311,0.9877384671563725,0.0037764387145597126,0.9756415409897851,16.072191644522864,357.1010952803329,357.4625960777878
20100000000.0,0.021672256505222996,-52.297880151928396,1.0024982261173543,0.0024272023973928147,1.00500858467992,-7.158327594565763,533.2387249810062,533.2867703903034
20120000000.0,-0.13644017985286974,-48.238309293797776,0.9844144749745554,0.003873330318601954,0.9690868612271865,20.667754356408487,358.6868028844957,359.2817538278807
20140000000.0,0.05207780041111555,-52.09597126617305,1.0060136884007123,0.002484285111956923,1.0120697129221228,-17.235607243813014,533.5480811111344,533.8263959513773
20160000000.0,-0.16501336551487725,-47.93028084223146,0.9811814562986729,0.004013155222552645,0.9627331555992249,25.29150527259485,360.561361096599,361.4473064705086
20180000000.0,0.08090194023922787,-51.873996988751784,1.009357692042565,0.002548591031926155,1.0188094458017416,-26.73181075923525,532.7240682977443,533.3943406619227
20200000000.0,-0.19323572391544752,-47.4837194575392,0.9779985565525166,0.004224876585458283,0.9564990262009683,29.974203317173718,362.4319898325869,363.6693554844945
20220000000.0,0.10972982970560348,-51.56487273748114,1.0127132483807155,0.0026409267959125082,1.0255950979401622,-36.050263360893354,530.6400002808747,531.8631697969662
20240000000.0,-0.22066052806885425,-46.791194784192825,0.9749154963728778,0.004575517921974323,0.950481160432229,34.68070625324568,364.4732357947984,366.11950371013376
20260000000.0,0.13779031958240065,-51.116894917321275,1.015990193244668,0.0027807071535713534,1.0322438051016118,-44.84518465281539,527.4497647007247,529.3527603303821
20280000000.0,-0.24729777408358397,-45.61448288654166,0.9719302771644814,0.0052393312336558445,0.9446759142608017,39.40710310185051,366.59901911927466,368.7109445000164
20300000000.0,0.1650746769899218,-50.34244456051442,1.0191866676136334,0.003040029318108161,1.0387507052196379,-53.036051970504886,523.2452204199351,525.9262148827767
20320000000.0,-0.2733794801921653,-43.283102856463145,0.969016174004996,0.006852433935340826,0.9390393013341188,44.14820640679107,368.60028712473877,371.2347448682255
20340000000.0,0.1920773852157871,-48.47770969656902,1.0223600469772858,0.0037680314168761545,1.0452342637161567,-60.70880076783568,518.0628695624214,521.6077983599547
20360000000.0,-0.301727369725597,-36.69099781706879,0.9658587787914746,0.014636933818183399,0.9330974204001566,48.92298168111137,368.7801633257668,372.0111113920518
20380000000.0,0.25574887931063567,-31.677947792538333,1.0298819436455133,0.026067693763403847,1.061336342505203,-78.11055748379279,506.7138642954047,512.6989364720886
20400000000.0,-0.30776604663602136,-36.40715547623737,0.965187519731547,0.015123148830991995,0.9318156578760998,53.45169102190788,381.5225088373615,385.24863143515006
20420000000.0,0.2332960709638662,-57.3296180675312,1.0272231623979662,0.0013599379606184724,1.0551892747981353,-71.02649865048141,506.91114513613945,511.8629431535155
20440000000.0,-0.33524217310469645,-47.869408282828594,0.9621391602856526,0.004041379050489634,0.9257280964998105,58.22477852959706,380.84261149276864,385.26772452860956
20460000000.0,0.256259400308673,-55.16337293194007,1.0299424776646446,0.0017451443413932417,1.0607845528267592,-76.16912695075806,499.94774418872964,505.7168010060969
20480000000.0,-0.35574539119006826,-51.44815175121917,0.9598706897856816,0.0026766550913635513,0.9213589055921183,62.89118993733318,383.64809166465346,388.7687744786919
20500000000.0,0.27636252314435306,-54.13311915281998,1.0323289964892197,0.0019649162411709636,1.0657070178882742,-80.08860044407461,492.8325032375772,499.297566756045
20520000000.0,-0.37386494739342296,-52.34887576519645,0.957870399297685,0.0024129938317580825,0.9175215243899386,67.49646477251464,387.10918694571905,392.9494819624565
20540000000.0,0.29435932048082847,-53.5976035994274,1.0344701561013887,0.0020898726384304366,1.0701328714320764,-83.05384675621247,485.56083492912353,492.61269358195796
20560000000.0,-0.389960290319284,-52.455723283151706,0.956097066042705,0.00238349275326315,0.9141272807331733,72.02840469813273,390.9656884258457,397.54529378380704
20580000000.0,0.310308852280632,-53.262694627150495,1.0363714550024945,0.0021720272454172286,1.0740705104463422,-85.14822904706566,478.21598224052553,485.7373226139023
20600000000.0,-0.4040711526993547,-52.36993029019292,0.9545450774992823,0.002407151837902223,0.9111620993580816,76.47032866689669,395.1594864239691,402.4906593664978
20620000000.0,0.32416284599179745,-53.02846662818352,1.0380257864205757,0.002231396094352345,1.0775025124025848,-86.43178359742633,470.8817143202498,478.74841210912615
20640000000.0,-0.41616556203475547,-52.253385126224686,0.9532168744484222,0.002439668078075401,0.9086283617135502,80.80064532447602,399.6763885264075,407.7621363373059
20660000000.0,0.3358572846195895,-52.85192859765924,1.0394242965237255,0.0022772125579718187,1.0804080539008758,-86.96478046118784,463.6336781663156,471.7192603346712
20680000000.0,-0.42620638185007803,-52.146299911338204,0.9521155999255917,0.002469932043355674,0.9065302161859682,84.99606143144467,404.5154201492811,413.34858847878905
20700000000.0,0.3453373115641092,-52.712476317331046,1.0405593730729443,0.0023140683590138454,1.0827691638023291,-86.80973269617117,456.53267117196623,464.71282480494483
20720000000.0,-0.43414905108195767,-52.05668604213618,0.951245351393679,0.0024955466799866594,0.9048739463013159,89.02957720941806,409.6838331217871,419.2458810047488
20740000000.0,0.3525394788908753,-52.59915562780981,1.041422542068283,0.002344456713430012,1.0845664076052457,-86.02633265152257,449.63102457556744,457.7866186012266
20760000000.0,-0.43995784291420936,-51.98444957703906,0.9506094074410244,0.0025163875113614004,0.9036645777214829,92.86974914271569,415.18736645511,425.4472230133378
20780000000.0,0.35743037442996217,-52.50441369068237,1.0420091167751695,0.0023701690102690648,1.085788617143706,-84.67731992522815,442.96685109668834,450.98767131733774
20800000000.0,-0.4436023197127484,-51.926701429584334,0.9502106288065187,0.0025331734555375887,0.9029066560646356,96.48229872623011,421.03577790811016,431.94902505525465
20820000000.0,0.35997532842864577,-52.42582778580385,1.042314468778631,0.002391710503044952,1.08642517210441,-82.82068837815125,436.57096392904464,444.35737078320875
20840000000.0,-0.4450699270944841,-51.88131262303833,0.9500500904639656,0.002546445401336075,0.9026016587747712,99.82953923272134,427.2349945725312,438.7432933855607
20860000000.0,0.36015517619431286,-52.35912941145547,1.0423360508936341,0.0024101469861198405,1.0864702518010312,-80.51146128675231,430.4640181513166,437.9284945302204
20880000000.0,-0.44434757380194034,-51.84570422657009,0.950129103711528,0.0025569061554219356,0.9027518514887592,102.86659305874649,433.78847963728117,445.81832738632187
20900000000.0,0.3579745948455264,-52.302675275621795,1.0420744066215792,0.0024258628082239613,1.085924953746081,-77.80345288845301,424.65946885369715,431.7279719551073
20920000000.0,-0.44143110293330096,-51.8175371611148,0.9504481831881122,0.0025652112857432238,0.9033583292345237,105.54512129127622,440.7000570768153,453.162567889161
20940000000.0,0.3534391912829423,-52.25568724016505,1.0415304215527041,0.002439021552514315,1.0847915678458873,-74.74436360780872,419.16761973362367,425.7795360562647
20960000000.0,-0.43633982403739197,-51.7957531863432,0.9510054565886481,0.002571652840064681,0.9044179918597129,107.81347860270962,447.96536148491845,460.7566725059232
20980000000.0,0.3465739838429799,-52.215952085472416,1.0407075355061361,0.0024502048530649755,1.0830781779630778,-71.37810019042887,413.9915054098999,420.0997497480212
21000000000.0,-0.42909812022898797,-51.779859276612534,0.9517986708517994,0.0025763628972954454,0.9059273474810304,109.61454580092442,455.57554195529195,468.57701936714835
21020000000.0,0.3374153384361157,-52.1837980829585,1.0396107626564384,0.0024592919932568944,1.0807965859482094,-67.74395558719732,409.13060191686867,414.70120923799993
21040000000.0,-0.41973520273699294,-51.76842714026249,0.9528252113259725,0.002579756069959248,0.9078825384797647,110.88496445566112,463.5143277214547,476.59312557506047
21060000000.0,0.32601625342055046,-52.15792500176617,1.0382473054657382,0.0024666285271437486,1.077963551563157,-63.878084522562155,404.58215604932076,409.593860642208
21080000000.0,-0.4082987057508223,-51.76022792385358,0.954080599105003,0.0025821924311999174,0.9102764573063131,111.55956123887853,471.756324271011,484.76753727276997
21100000000.0,0.3124388277334127,-52.139120490260254,1.0366256277505843,0.002471974437803133,1.0745988027669142,-59.81182518343675,400.3409256238502,404.7842773146397
21120000000.0,-0.39484107030356325,-51.75500273213626,0.9555599663601255,0.0025837462742975647,0.9131015250549742,111.56817724543102,480.26473556505607,493.05341941947944
21140000000.0,0.29676690821457846,-52.12601363246104,1.034756934194171,0.0024757074204306297,1.0707280419901513,-55.57458084363978,396.39955256313954,400.2763286883243
21160000000.0,-0.3794259761928354,-51.75289015132834,0.9572573314056795,0.002584374769116775,0.9163482775228702,110.8403080603919,488.99231480798557,501.39710592722275
21180000000.0,0.279087418500675,-52.11914144361705,1.0326529045620472,0.002477666950411674,1.0663781601339495,-51.190920660886746,392.7506834792302,396.0727328806057
21200000000.0,-0.36212188810569595,-51.752865751328734,0.9591662868216421,0.0025843820290330924,0.9200066448056886,109.30352861231543,497.8765814935521,509.73360862984987
21220000000.0,0.25950744463779146,-52.11752335107413,1.0303276914447002,0.0024781285574586483,1.0615812928789126,-46.684171363563024,389.38689768883205,392.1754300662338
21240000000.0,-0.3430216274930225,-51.75563728800515,0.9612778130755657,0.002583557523168657,0.9240617086808177,106.89382031218693,506.84090347785707,517.9903379979056
21260000000.0,0.23813242260609357,-52.12138269632174,1.027795285231744,0.0024770277111850476,1.056369284010884,-42.07212596725157,386.2986284440482,388.58293081549147
21280000000.0,-0.3222087911490156,-51.76140792588068,0.963583956458409,0.0025818416570744834,0.9285007070503832,103.54666354156375,515.7909481154036,526.0819457920759
21300000000.0,0.21508502739608945,-52.13190372235158,1.0250717179664435,0.002474029158704815,1.050778147794954,-37.3721540486654,383.4788996954454,385.29565843630616
21320000000.0,-0.29979482450250317,-51.76925422754351,0.9660736990254125,0.0025795104322711114,0.9333050458227135,99.21330269837463,524.613553822879,533.9125961119386
21340000000.0,0.1904973221039859,-52.149168840574134,1.0221740848543353,0.0024691163652364066,1.0448459562834227,-32.59898306981534,380.9186411639826,382.3110054437369
21360000000.0,-0.27588771113725863,-51.780648288137876,0.9687363908672922,0.002576128875476177,0.9384568314305703,93.85640357365236,533.1814230723717,541.3792149697471
21380000000.0,0.16451143567686205,-52.172607271352135,1.0191205800337757,0.0024624625619998077,1.0386128203702487,-27.765902000843763,378.60961955583707,379.6263812409988
21400000000.0,-0.2506040198170454,-51.796220936319266,0.9715603865772655,0.002571514355900566,0.9439361974522482,87.45790205258626,541.352672001816,548.3717718071797
21420000000.0,0.13727199736812196,-52.205624230027105,1.015929566803806,0.0024531199732283184,1.032118902503772,-22.883886227589283,376.5451362885842,377.2398599186805
21440000000.0,-0.2240716431314017,-51.81728714522404,0.9745327035727089,0.002565285124214776,0.9497205710205019,80.02451461087455,548.9727456740093,554.7747276431818
21460000000.0,0.10893182261335183,-52.24847631590477,1.0126202106764208,0.0024410472404919775,1.0254056497819892,-17.962711938344505,374.71857324435297,375.1488613263586
21480000000.0,-0.196426058998614,-51.846567986711875,0.9776394027650854,0.0025566518989317845,0.9557853383078053,71.59145890986554,555.880816867776,560.471961431104
21500000000.0,0.07964773221577631,-52.30659823363241,1.0092119553161785,0.0024247674213847773,1.018514650250152,-13.010684454758348,373.1235532621916,373.3503233010316
21520000000.0,-0.1678085480860066,-51.888157633518894,0.9808657557572161,0.0025444394376566565,0.9621041049892267,62.224885561495995,561.9150843963437,565.3498902938704
21540000000.0,0.04957041387539316,-52.385788185873885,1.0057233207777405,0.002402761091561802,1.0114851712170692,-8.033412574687675,371.7540429669785,371.84083178140787
21560000000.0,-0.138361730513021,-51.94952318819553,0.9841967203009375,0.0025265263999607146,0.9686495675867716,52.02125246425219,566.9158195774462,569.2975998501286
21580000000.0,0.018869989221307643,-52.50244832560085,1.00217484935575,0.0023707053715005724,1.0043600489251787,-3.038360467779026,370.60391488501784,370.6163695284299
21600000000.0,-0.10822972029785241,-52.05124607757847,0.9876169024073325,0.0024971101280805577,0.9753933814796462,41.10915300578902,570.7410370491358,572.2196202794662
21620000000.0,-0.012299756398754018,-52.69350170162049,0.9985849403558426,0.002319129044155962,0.9971772614650051,1.970551877461806,369.6666147439857,369.6718668373077
21640000000.0,-0.07754418768906379,-52.24452902796423,0.9911121282029803,0.0024421568224104774,0.9823092148009862,29.640098405229892,573.2672507874704,574.032992308714
21660000000.0,-0.043832475405435264,-53.078481956098436,0.994966311462985,0.0022185841306692675,0.9899628830618025,6.997088798176737,368.92718612276985,368.9935336995954
21680000000.0,-0.046350523015442055,-52.75423206921164,0.9946779115952505,0.002302970614823679,0.9893894514891417,17.75471508862696,574.3724315970624,574.6467785401746
21700000000.0,-0.07594724943444886,-54.25131710026261,0.9912943651924252,0.0019383586872126495,0.9826682756966535,12.091618777153448,368.30153405739685,368.4999691094748
21720000000.0,-0.012307079393663701,-54.02881200538707,0.9985840984582757,0.001988654785947293,0.9971741564415848,4.692501654972388,573.2869486674398,573.3061530144305
21740000000.0,-0.10363908236595593,-46.78995946669286,0.9881390124164146,0.004576168703822528,0.9764396491792929,16.560589686133365,368.81568303537506,369.1872982425082
21760000000.0,0.0143495778972153,-49.9905532250999,1.0016534216045017,0.003165718824802082,1.0033195987876833,-5.46370421254469,572.88035123035,572.9064049995701
21780000000.0,-0.13679748548664,-50.77568011811153,0.9843739806074787,0.0028921179044881433,0.9690004980429864,21.83403686748698,368.33258005093546,368.97915211148387
21800000000.0,0.04576206072279802,-50.89676439428107,1.0052824551679327,0.002852080506351271,1.0106009490316814,-17.244422454841896,569.661510499167,569.9224566991492
21820000000.0,-0.16780875219076397,-51.39416494991096,0.9808657327084125,0.0026933435440221337,0.962104839701057,26.844249548165372,368.4348607065543,369.41150539427196
21840000000.0,0.07646735103006218,-51.1671635663415,1.0088424950420212,0.0027646605896422868,1.0177708231507865,-28.41498844240606,565.2127160780824,565.9265199516144
21860000000.0,-0.198090294736,-51.658144860549804,0.9774521028292644,0.002612719321552347,0.9554194396276041,31.812569789166417,368.78763992962155,370.1572138449429
21880000000.0,0.10657601403868294,-51.30009633712737,1.01234560254785,0.002722671110161633,1.0248510319359438,-38.90894284192374,559.5604216913857,560.9115539517059
21900000000.0,-0.227596427471426,-51.813274842483395,0.9741373127866473,0.002566470388891247,0.9489500909334474,36.75070864954246,369.3714474953284,371.19520580287366
21920000000.0,0.1359524791681075,-51.38341562168221,1.0157752434367864,0.0026966787874007775,1.031806617255545,-48.59170276422381,552.8223072138868,554.9537430550512
21940000000.0,-0.25618779609020115,-51.92108392558859,0.9709360138653207,0.0025348122876179234,0.9427231682940117,41.65528466077803,370.1830207848113,372.51930368443794
21960000000.0,0.16444697856065285,-51.44286333217341,1.0191130172701834,0.002678285273700695,1.0385985151815444,-57.35518260718778,545.1510665976261,548.1599240955447
21980000000.0,-0.283730195744246,-52.00523798664918,0.9678621141054269,0.0025103721063529758,0.9367633738887388,46.52326215644788,371.2261294389556,374.1299949214254
22000000000.0,0.19188494752316426,-51.49015479496197,1.0223373966285858,0.002663742624645,1.0451808480700848,-65.11447767808272,536.7085951391606,540.6440708077182
22020000000.0,-0.3100788946699844,-52.07576672328801,0.964930547220031,0.002490070618251965,0.9310971614100324,51.34796521787745,372.50467880940096,376.02705922168866
22040000000.0,0.21810533611156926,-51.52942255913115,1.0254282239227266,0.002651727374878582,1.0515100740753882,-71.82203560300638,527.6626278429537,532.5281716682142
22060000000.0,-0.335100596715336,-52.13816202251145,0.9621548428817011,0.002472247229491937,0.9257480536870746,56.12277735572943,374.02408409706777,378.2112922993855
22080000000.0,0.24294589073203712,-51.56498789621275,1.028365017420257,0.0026408917823702326,1.0575415833631716,-77.45891606863226,518.175894714608,523.933336925426
22100000000.0,-0.35865864712401224,-52.19473696021511,0.9595488021952719,0.0024561967477996992,0.9207399366968451,60.83854979747074,375.79171149374565,380.6845670221711
22120000000.0,0.2662497233754082,-51.59949429564739,1.0311277768276343,0.002630421134146717,1.0632314112608425,-82.0338488664749,508.4034371769101,514.9792299628637
22140000000.0,-0.38063213629443227,-52.246566849576666,0.9571244117526371,0.0024415839281635935,0.9160931009049098,65.48595093397907,377.81455826143434,383.44784548098625
22160000000.0,0.28786919316371873,-51.633181200123204,1.033697485066002,0.0026202392023670865,1.0685373562852547,-85.57812456061977,498.4838665208998,505.77641363050856
22180000000.0,-0.40089736923904984,-52.29562534188815,0.954893927537548,0.0024278325678174935,0.9118283072190613,70.05260921410434,380.10156687300525,386.50300024322934
22200000000.0,0.3076671626010895,-51.66690672121496,1.0360563053050007,0.0026100850789781724,1.0734194803063684,-88.1424168426153,488.54251248207447,496.43012816423146
22220000000.0,-0.4193492021463457,-52.342364737446005,0.9528675557814185,0.0024148033136318484,0.9079624101358982,74.52662852438402,382.66316641793776,389.8529431621799
22240000000.0,0.3255017654020948,-51.70262771944454,1.0381858091767677,0.0025993730626772044,1.077836531116339,-89.78523542468896,478.68487610231523,487.0324415368608
22260000000.0,-0.43588484352549334,-52.385600904806005,0.951055273049615,0.0024028128993250977,0.9045119059053068,78.89193280449174,385.5077003970638,393.4972987544651
22280000000.0,0.34125927169861575,-51.73965749888765,1.04007094335685,0.0025883149753123977,1.0817542665896194,-90.5795873161621,469.0003504788608,477.66723813514835
22300000000.0,-0.45042335618380286,-52.42811510667218,0.9494647205164691,0.002391080758789918,0.9014889727726119,83.13361559345714,388.6463299120523,397.43825658301756
22320000000.0,0.35481807080471,-51.779048748108664,1.041695776977308,0.0025766033232145057,1.0851367306570427,-90.59575239008761,459.55708045007805,468.40185796271726
22340000000.0,-0.4628689780601971,-52.46656274645503,0.9481052492779651,0.002380520154108885,0.8989092305846365,87.22826630865148,392.08784224165646,401.6735571044366
22360000000.0,0.3660894959266413,-51.82095867034189,1.0430484326026008,0.002564201007464595,1.0879566078815488,-89.9137043582905,450.41350082337055,459.3003330669318
22380000000.0,-0.4731578431726077,-52.50236855449699,0.9469828367085336,0.0023707271441295976,0.8967821133677331,91.15496602588726,395.84334853408905,406.2033781369389
22400000000.0,0.3749822076660605,-51.864013145365846,1.0441168641904437,0.0025515221493918635,1.0901865363521643,-88.60610835879626,441.60950587966033,450.4109214059629
22420000000.0,-0.48122930098063,-52.534425130179045,0.9461032513106323,0.0023619937466578343,0.8951169411550088,94.88764846594664,399.92229309836466,411.02494613885824
22440000000.0,0.38142059466735595,-51.91112470093798,1.0448910992810465,0.0025377203654781168,1.091803849381407,-86.74409588408271,433.1745181495357,441.77449150537126
22460000000.0,-0.487027019128352,-52.55612451278722,0.9454719504350316,0.002356100298842277,0.8939227602680412,98.39461565793798,404.33200214345766,416.13203235008285
22480000000.0,0.3853471675797986,-51.961675381076766,1.0453635631010836,0.0025229940768861626,1.0927913445585051,-84.39561901127834,425.1276243631232,433.4237159004218
22500000000.0,-0.4905128049897162,-52.5586475116135,0.9450925936078223,0.0023554160194792623,0.8932055584769851,101.64188691268878,409.0786831762986,421.5168350189899
22520000000.0,0.3867235524853504,-52.01312877549803,1.0455292268033092,0.0025080925676980443,1.0931376546282539,-81.62415956340087,417.47831310189827,425.38293963773174
22540000000.0,-0.49164906261932423,-52.50381918259643,0.9449689679945446,0.002370331242685554,0.8929719689428747,104.58701007850019,414.16317579960327,427.1645805372601
22560000000.0,0.38550171562472696,-52.06505320877541,1.0453821634217146,0.0024931438632575494,1.0928300833665874,-78.48340487302508,410.2322181552922,417.67226105293895
22580000000.0,-0.4903793132226022,-52.01032880651451,0.9451071186657207,0.002508901202588136,0.8932337603378651,107.14767678047252,419.5322425051749,432.9987611308762
22600000000.0,0.38266478095580003,-52.176219982788616,1.045040782542926,0.0024614385659325238,1.092116295857745,-75.2187250011233,403.3451182686993,410.29884355428743
22620000000.0,-0.48695006294307785,-53.53412647319437,0.9454803272668756,0.0021052015269081917,0.893937481122147,109.5256084783601,425.5270031276952,439.39627820839877
22640000000.0,0.3754437950632853,-52.204115078864874,1.0441723523456041,0.0024535462335941887,1.0903019212920728,-71.33722640007836,396.9287038849209,403.28822923340977
22660000000.0,-0.4809700582783817,-53.13390742806718,0.9461314895261697,0.002204472211012289,0.8951696551707377,111.27763457862437,431.6017953592522,445.7160774694398
22680000000.0,0.3664805623636391,-52.26985125846754,1.0430953950248507,0.0024350474985701813,1.0880539325783698,-67.39018742562017,390.8626316475976,396.62959317194895
22700000000.0,-0.47268106556126854,-53.085372585999096,0.9470348190184139,0.002216824796792839,0.8968798627454196,112.56794311392284,438.0469624950444,452.2794304056224
22720000000.0,0.3550179250375396,-52.34154643919976,1.0417197457029241,0.002415030823130904,1.0851858609612417,-63.2595306820105,385.16951128554814,390.3297588527631
22740000000.0,-0.4620837382632715,-53.092119891043666,0.9481909657281974,0.002215103408928039,0.8990710141716839,113.31153843380042,444.8096047878363,459.0153475143786
22760000000.0,0.34104775489155037,-52.41589279715537,1.0400456160943996,0.0023944477253944525,1.081700616937089,-58.96662839678278,379.8391652980294,384.3889368319384
22780000000.0,-0.4492111443431085,-53.11923425788979,0.9495972380526444,0.0022081993977918235,0.901739790661791,113.43345981979603,451.84274023237515,465.8637265417763
22800000000.0,0.324688120138244,-52.49517072618475,1.0380885623271077,0.0023726925339701706,1.077633492904222,-54.5481172066368,374.8556840546622,378.80374992715923
22820000000.0,-0.4341103484305747,-53.152277291764285,0.9512495899692045,0.0021998148801709717,0.9048806216020867,112.86980685675697,459.1119428283218,472.7825814763884
22840000000.0,0.3060031974024159,-52.57919396217636,1.0358578458969634,0.0023498508734465058,1.0730069987054247,-50.0254245416983,370.2069477978632,373.5715825626823
22860000000.0,-0.4168476836757867,-53.191540367916154,0.9531420192113391,0.0021898934348407273,0.9084845044195247,111.55333949886221,466.56070752312837,479.71141466284763
22880000000.0,0.2850826312545844,-52.666379216981426,1.03336591280807,0.0023263820548603755,1.067850521807121,-45.418562539904045,365.8797478899804,368.68799239902944
22900000000.0,-0.3975091864417153,-53.235120083246265,0.9552664842263217,0.002178933599577969,0.9125388036377486,109.42035335197295,474.1162268077141,486.57888389248296
22920000000.0,0.2620275379593607,-52.75729011626677,1.0306266704499292,0.0023021599491117647,1.0621966337831381,-40.743216166947185,361.85590129608715,364.1424212673253
22940000000.0,-0.3761195594668057,-53.27909924575323,0.9576217954134328,0.002167928914252787,0.9170442029666238,106.3905250480274,481.6915881525961,493.3008513239818
22960000000.0,0.23703063233763114,-52.852553197878976,1.0276649194234024,0.0022770488100560325,1.0561003715647916,-36.02841032145779,358.1331409616529,359.9408187540702
22980000000.0,-0.35287822389936707,-53.326694778467626,0.9601875904416141,0.0021560819363660713,0.9219648575273891,102.44778619408027,489.1956298934514,499.8078762913993
23000000000.0,0.21013383344691655,-52.951538253705756,1.0244875656417223,0.0022512466901466206,1.049579840266162,-31.27037126487651,354.68799402275323,356.0637712867287
23020000000.0,-0.32781991197719856,-53.37320023156317,0.9629616782340833,0.0021445688247104934,0.9272997929228461,97.52484585541491,496.50037284887935,505.9878613150701
23040000000.0,0.18153070179934344,-53.05411266409875,1.0211194182542698,0.002224817371140466,1.0426898161482732,-26.488996288939468,351.51310259410315,352.50975620502754
23060000000.0,-0.3010724072044158,-53.42275730596921,0.9659316124537226,0.0021323678927961977,0.9330284269302789,91.60597291218109,503.48377437036777,511.7495142424843
23080000000.0,0.15130023467955037,-53.15781531706365,1.017571680223059,0.002198412750045083,1.035456957410599,-21.68333224789136,348.6011368653905,349.27484810849916
23100000000.0,-0.2727842426799087,-53.47331541784768,0.9690825822331562,0.0021199920343120808,0.9391255455539076,84.68318081911194,509.9630285089664,516.9463526901793
23120000000.0,0.11974103745783525,-53.26386560302139,1.013881157266496,0.0021717344463871788,1.027959717490555,-16.8804940884816,345.9366193987079,346.34822898591204
23140000000.0,-0.2430862687846535,-53.52276153763999,0.9724016488022684,0.002107957852396434,0.9455694100796777,76.7924631646161,515.8170257710509,521.501952512339
23160000000.0,0.08695339215366496,-53.37378237181931,1.0100611557099148,0.002144425097578121,1.020228136833048,-12.077300840734766,343.5111765456034,343.72342021942916
23180000000.0,-0.2121071522431622,-53.57046240929363,0.9758760112003017,0.0020964131709141857,0.9523383841843944,67.98038425721481,520.8809224170271,525.2982657326899
23200000000.0,0.05311757686189245,-53.48328401041795,1.0061341241877009,0.002117560364645304,1.01231035991685,-7.280407182136717,341.31966859490194,341.3973059332358
23220000000.0,-0.18002019785143322,-53.61956372673553,0.979487707741007,0.002084595585150779,0.959400515154486,58.339149927702074,524.9957075914334,528.2271759420531
23240000000.0,0.018421116386291313,-53.59220173243542,1.0021230599063076,0.0020911727614662365,1.0042550001994992,-2.4955160095559092,339.35533498115177,339.36451049030404
23260000000.0,-0.14699643992871897,-53.66349704044876,0.9832188089582928,0.0020740783012237526,0.9667235280901635,47.99205995865907,528.0195763552023,530.1961060149374
23280000000.0,-0.016962069494557794,-53.702599747664806,0.9980490751145004,0.0020647620655536553,0.9961062195792969,2.2747697545820778,337.61035825466536,337.6180217024557
23300000000.0,-0.11320309140694894,-53.704147797368414,0.9870515740822022,0.0020643941044561397,0.9742750716211717,37.08833476240454,529.8238822212468,531.1204107803068
23320000000.0,-0.05281387025327429,-53.80957295271202,0.9939380268352971,0.0020394889299139517,0.987916960704339,7.02272368401251,336.0794864477146,336.15285192736593
23340000000.0,-0.07881309487206915,-53.73974387979126,0.9909673488547469,0.0020559512187774123,0.9820205134316197,25.805359939884305,530.3201253242343,530.9475980975321
23360000000.0,-0.08894743079347459,-53.91097786492811,0.9898118034889194,0.002015817015475344,0.9797314698442271,11.745700059566905,334.76124886274965,334.9672449808147
23380000000.0,-0.044031580120796464,-53.76961186335241,0.9949435043330328,0.0020488936045316582,0.9899167747794984,14.347246305238357,529.4502192360987,529.6445771701021
23400000000.0,-0.1251795028164528,-54.00682384469815,0.98569153036386,0.0019936954042828214,0.9715917678524134,16.441663531495127,333.6496995391344,334.0545618641326
23420000000.0,-0.009039250263522544,-53.79047139837381,0.9989598591764348,0.002043979002688147,0.9979249780959658,2.9184955234935326,527.192763267466,527.2008414804619
23440000000.0,-0.16130521182345342,-54.092338650036986,0.981600428740484,0.0019741632702370573,0.9635432990241196,21.10613444194219,332.74456927136197,333.41328301473766
23460000000.0,0.02595305599231748,-53.80274109539589,1.0029924243821258,0.002041093714116555,1.0059979694314842,-8.267529509638424,523.5719892345558,523.6372598996585
23480000000.0,-0.19713036780460236,-54.169862198234775,0.9775601325747635,0.0019566218095221164,0.9556276411684946,25.73557791426097,332.04270235760146,333.0385505606216
23500000000.0,0.060758212059462004,-53.82573871708355,1.007019570159514,0.002035696660281814,1.0140925587451448,-19.016602715394995,518.6529562369401,519.0014645375796
23520000000.0,-0.2324609391284197,-54.11266117089327,0.9735919022634634,0.0019695496868507006,0.9478850712789582,30.326707103429023,331.54624255394936,332.9303532503148
23540000000.0,0.09514852890688764,-53.723691282531945,1.0110145981120564,0.002059754383935296,1.022154760183805,-29.14223176289561,512.5369062611405,513.3647338412169
23560000000.0,-0.2671160942037498,-54.216532366454196,0.9697151825575914,0.0019461368751218702,0.9403513227314395,34.876652595010846,331.2533277312515,333.08429568092964
23580000000.0,0.1289246340938739,-53.67793607641204,1.0149537013594696,0.002070633310052739,1.0301353034255922,-38.49434023870446,505.35203463535345,506.8160348099738
23600000000.0,-0.3008999018692932,-54.21850039619449,0.9659507964427116,0.0019456959736669217,0.9330647268811308,39.38002205571331,331.1654203254357,333.49860832757753
23620000000.0,0.16188590775195305,-53.589088652150224,1.0188125718399372,0.0020919223859398187,1.037983432678376,-46.95522153408626,497.25220462855066,499.464260820801
23640000000.0,-0.3336335189068631,-54.17495239738193,0.9623173679991353,0.0019554755047293745,0.9260585406372327,43.833061047356765,331.28650881118085,334.17373948454104
23660000000.0,0.1938053456037696,-53.46018982549622,1.0225634542816735,0.0021231980601293414,1.0456405260024708,-54.43381580093988,488.402210378469,491.42625021993376
23680000000.0,-0.36514368845400835,-54.08235191865153,0.9588326531900833,0.001976434399334689,0.9193639631164694,48.23047946408155,331.61740288686343,335.1063727337388
23700000000.0,0.22448591422983905,-53.279676089485555,1.0261817712160388,0.002167784943429575,1.0530537268676476,-60.8817979919116,478.9696166914908,482.82345328320736
23720000000.0,-0.39525182716269486,-53.931394509450996,0.955514778872575,0.002011084295042707,0.9130125371039476,52.56550051190003,332.1631321057054,336.296711512823
23740000000.0,0.2537140161188258,-53.03586437426092,1.0296406991113374,0.0022294964300948717,1.0601649399208155,-66.27823620994525,469.1215328745211,473.7803469981017
23760000000.0,-0.4238094241061111,-53.70532097019358,0.9523783819640171,0.0020641152927726087,0.9070288430043412,56.83267587578428,332.9262719126516,337.7422916616437
23780000000.0,0.2812867402468571,-52.717049976717405,1.0329144118619462,0.0023128501793111557,1.0669175315080621,-70.63108497012763,459.0099455589881,464.41240324319784
23800000000.0,-0.4506392620364611,-53.38100281417442,0.9494411198893801,0.00214264321172031,0.901443031056733,61.02000253648502,333.9096531595336,339.439386610736
23820000000.0,0.3070169711375655,-52.301889588749646,1.0359787531161855,0.0024260822508886514,1.0732578627832543,-73.97607747942672,448.778520829864,454.83471810920815
23840000000.0,-0.47560414481323177,-52.91160028527736,0.9467161651793304,0.0022616218209672734,0.8962766123451184,65.11787837299883,335.1153975836144,341.383461493706
23860000000.0,0.3306884723129941,-51.73045498439003,1.0388059383506096,0.0025910586929278746,1.0791244911376408,-76.35672667537253,438.5495710927542,445.1472520573571
23880000000.0,-0.4985393583688653,-52.11017611342919,0.9442196453498645,0.002480225648604489,0.8915568901838918,69.10214118380364,336.52859160139,343.54999473351984
23900000000.0,0.35204186779712066,-50.76065494507044,1.041362881102315,0.0028971251265605216,1.0844450434717132,-77.81900701707231,428.4288631290045,435.4389608373767
23920000000.0,-0.5190280638549931,-48.674182916175816,0.941994998249381,0.0036837559827455715,0.8873681467849918,72.82677450583088,337.9589642709814,345.71664787226786
23940000000.0,0.3761002808893143,-58.645668217443315,1.044251274630271,0.0011687364508221928,1.0904620905118372,-79.540886387927,418.31162957868605,425.8067308629033
23960000000.0,-0.5387044762835725,-49.93759146748933,0.9398634832680365,0.0031850805984150322,0.8833535119191451,77.07783679689503,340.5818887419086,349.19481076369766
23980000000.0,0.3887069108328308,-50.791738226306606,1.04576799289133,0.0028867760177450096,1.0936390284317372,-78.60382706737914,408.75867599574735,416.2477829747984
24000000000.0,-0.555072067562782,-49.47251631313134,0.938094082891803,0.0033602700749897386,0.8800317997715897,80.6302209204693,342.55279507845404,351.9142650444068
24020000000.0,0.40408167216776447,-46.11003988433366,1.0476207302007092,0.004948778385084815,1.0975336847537718,-77.99878210505902,398.9968464222267,406.5492509705982
24040000000.0,-0.5658342394754103,-58.432997085962,0.936932465814156,0.0011977057807798105,0.877843879995732,83.87482980733779,345.54291868203745,355.57684925555975
24060000000.0,0.412438863737729,-51.13380206460085,1.0486291911384862,0.0027752997513775025,1.0996308827964658,-76.39525301075254,390.73228529548936,398.13057337362653
24080000000.0,-0.5787983568021471,-51.80500048114049,0.9355350911292473,0.0025689164275074184,0.8752325060658205,87.30352809762667,347.9745545491829,358.75924605784775
24100000000.0,0.4209978052182934,-49.62759361282335,1.0496630034131909,0.00330080842677032,1.1018033160706706,-74.58758395411567,382.0259868720342,389.23920964577025
24120000000.0,-0.5875755104126691,-50.28349887671084,0.9345902037158105,0.003060730252580308,0.8734682169512392,90.41760461214965,350.9831088849723,362.4423898309348
24140000000.0,0.42627998455756205,-48.54405610449943,1.050301532648879,0.003739359282825258,1.1031472922924301,-72.30510603763834,373.7904071247792,380.71944633499135
24160000000.0,-0.593547880101816,-49.14078403096522,0.9339478055392948,0.003491088017850086,0.8722706911672128,93.29334962115509,354.3061716118043,366.3830131511945
24180000000.0,0.42841879614248635,-47.52579187055766,1.0505601905156237,0.0042044617560299,1.1036943913948816,-69.63124235365147,365.9759525123355,372.5411490413162
24200000000.0,-0.5967687750284877,-48.056945257195935,0.9336015439353168,0.003955056911119291,0.8716274853135775,95.9067812986056,357.9280665890511,370.55446502671475
24220000000.0,0.42738815688980963,-46.501560316217684,1.0504355418751736,0.004730662706289996,1.1034372068042304,-66.62454868738836,358.5704203254825,364.7075222972394
24240000000.0,-0.5972014311759023,-46.96057778875968,0.9335550411124511,0.004487155402079399,0.8715451493500728,98.21982597031547,361.8452328616403,374.93880401784736
24260000000.0,0.4231725740122397,-45.44537894956936,1.0499258504263271,0.005342334198265813,1.1023728319281323,-63.33969601268499,351.56753971114625,357.2277313836759
24280000000.0,-0.5948429952231642,-45.821990878776774,0.9338085590368022,0.00511564567210717,0.8720245947610313,100.19616059449537,366.05421433349863,379.51937819983954
24300000000.0,0.41575292380816176,-44.34328876343237,1.0490293669796609,0.00606506642749241,1.1004993978165178,-59.821556334047855,344.9575539997703,350.1061734156256
24320000000.0,-0.5896806327284836,-44.62023949636945,0.9343637227931527,0.005874731538865612,0.8730700789425333,101.7917542956969,370.548436637417,384.27555885982315
24340000000.0,0.40513284900946184,-43.182336505381585,1.0477475221973176,0.006932392994756787,1.0978229283432523,-56.11043080557256,338.72911197724744,343.3450039626055
24360000000.0,-0.5817334625503133,-43.34129871551487,0.9352190117581441,0.006806675775669931,0.8746809307889948,102.96176834381859,375.3150220485654,389.1818232083833
24380000000.0,0.39132464529436917,-41.94857447582016,1.0460832116641503,0.007990450698131138,1.0943539330279428,-52.24005979483759,332.8694830529075,336.9437884800343
24400000000.0,-0.5710239799806972,-41.95825823046195,0.9363728243462698,0.007981547240937609,0.8768577712705695,103.65502222223836,380.3329723643868,394.2049384513367
24420000000.0,0.37437567766613067,-40.62862069247628,1.0440439567373887,0.009301842150212836,1.09011430786725,-48.24188747202423,327.36526844896736,330.90073843001306
24440000000.0,-0.5576088318485651,-40.43489886449828,0.9378201470955695,0.009511632382456656,0.8795970994489346,103.82336199536473,385.5759139148186,399.30949886932086
24460000000.0,0.3543389593728411,-39.19725569005365,1.0416383188916616,0.010968246835560379,1.0851306898220927,-44.140811772741856,322.20135443062,325.2108916701324
24480000000.0,-0.5415521159292569,-38.71992076851163,0.9395554026968115,0.011587879264107015,0.8828986336826071,103.41534899737097,391.0073887753429,404.4521139580806
24500000000.0,0.3312836270473338,-37.617803369240214,1.0388771194822708,0.013155574899613984,1.0794387385347197,-39.9586397569429,317.3660812542327,319.871728075323
24520000000.0,-0.5229816830853719,-36.70317411902638,0.9415663211399733,0.014616429428841563,0.8867607771143116,102.3909372250093,396.5810428807807,409.58567797009636
24540000000.0,0.30526740380212036,-35.84534981282115,1.0357701006775393,0.016133645473110955,1.0730799959738118,-35.70974640100208,312.8465206495635,314.8779628214106
24560000000.0,-0.5020922373375889,-34.156934423766,0.9438335004355561,0.019595361452774292,0.8912056547348999,100.72557667516558,402.2406066585526,414.6602795561507
24580000000.0,0.2763499425960019,-33.7934084392889,1.03232750127618,0.020432879698339977,1.066117572463888,-31.40549623385733,308.637118619524,310.23084337869597
24600000000.0,-0.4794055314277102,-30.440271568773248,0.9463019247380531,0.030059823175874308,0.8963909257323087,98.47995974440926,407.93289801668436,419.6517029103433
24620000000.0,0.24447167091076655,-31.30135190352345,1.0285456778759503,0.027222775698989742,1.0586472909940556,-27.04012406618381,304.73869377857443,305.9360060460134
24640000000.0,-0.45837225952014005,-22.137833027572654,0.9485962140956297,0.07818228309208222,0.9059472467860522,96.49163370516379,413.7694317281801,424.8714841075506
24660000000.0,0.20039949096616028,-19.19639233698778,1.0233400577771206,0.10969337102713461,1.059257509498577,-21.40900875948559,299.7514184467602,300.51498883900695
24680000000.0,-0.41664649214836025,-26.0629609506443,0.9531640971247857,0.04975674392853652,0.9109975296140779,88.7449458969034,418.0599023661251,427.37541738922977
24700000000.0,0.170231662614532,-23.624507054461652,1.0197919587003303,0.06588319427094241,1.044316234317199,-17.957194352542487,298.0166866573834,298.55720784342157
24720000000.0,-0.3930027634770745,-41.4073123076781,0.9557622252400867,0.008504218002086436,0.9135537529197092,85.39272632027046,423.1622198809029,431.692230695599
24740000000.0,0.11611960137569177,-14.62889167321803,1.0134585246246863,0.1855903609177985,1.0615419632000447,-12.095439602159267,296.36881215378315,296.6155297293348
24760000000.0,-0.40038718603351225,-9.885183921805536,0.9549500168010501,0.3204356326384541,1.014608529252732,85.02350919906743,418.14984408883197,426.7063266791792
24780000000.0,0.13640987398380158,-11.305780001590415,1.0158287350862216,0.2720890096611575,1.1059404482052624,-13.368653258863564,287.14645730496403,287.45749047945725
24800000000.0,-0.3254312953699442,-20.828132460254466,0.9632265287734453,0.09090617340172562,0.9360692780954855,73.44734520442644,433.85604513997987,440.0290677013082
24820000000.0,0.0705543433516691,-21.265378029880043,1.0081559489699938,0.08644325235920083,1.0238508533220252,-6.897022217664098,286.9895395467758,287.07240327962796
24840000000.0,-0.3146791450033237,-12.537756734314785,0.9644196327385643,0.23610879420166184,0.9858525907109501,72.2402886537325,437.91423501207737,443.8327799194056
24860000000.0,-0.009886994142889408,-8.806762556563285,0.9988623653311226,0.36279548379470794,1.1293465879367213,0.9108527909357125,278.4226019708647,278.4240918832875
24880000000.0,-0.20849542164346477,-11.824584505020395,0.9762818802928387,0.25631308316912826,1.0188227063917852,46.718669576133834,435.8716084974952,438.3682164358608
24900000000.0,-0.020328330251232988,-29.44465423098231,0.9976623510567804,0.03371066256661585,0.9964665754868227,1.9266171590378658,282.51892492729746,282.52549406337374
24920000000.0,-0.19248528119997857,-20.135615920696537,0.9780830572345528,0.09845078967401659,0.9663390248367268,43.74057500448027,439.31562605740487,441.4877769541668
24940000000.0,-0.06888037255410258,-28.772238769622994,0.9921012147023206,0.036424035578969415,0.985591530581678,6.436756400823207,280.40767737485805,280.48154549582404
24960000000.0,-0.15747603635586022,-21.6094607126351,0.9820332628053032,0.08308583032250935,0.9712925844564105,35.88640413394612,440.6496628800073,442.10853802876164
24980000000.0,-0.13371289546930817,-18.328649722388633,0.9847236200221682,0.12121811155074622,0.9843744383974926,12.313120454155012,278.10036763515467,278.37282089695236
25000000000.0,-0.11489182317187459,-19.691216570795717,0.9868596877713327,0.10361894625771688,0.9846289293716919,25.310971224235136,433.84669043782236,434.58439464408485
25020000000.0,-0.14348720783818203,-24.03563866186836,0.983616124631152,0.06283737971613097,0.9714492169239952,13.114305883571115,276.9868144685514,277.29709772776846
25040000000.0,-0.07654743623427988,-35.78214194274007,0.9912258700511847,0.01625147944408645,0.9827928360428496,17.014885387895305,436.2161773668555,436.54788937906363
25060000000.0,-0.19626733327122353,-30.0039319770295,0.9776572682860223,0.031608464666215676,0.9568128292710428,17.755645923410665,275.27519712098734,275.8472350997123
25080000000.0,-0.035473553355458515,-34.91301523367022,0.9959242846074565,0.017961774440138623,0.9921878060119125,7.779154636897588,433.4943065552603,433.56410029278345
25100000000.0,-0.24385438783991506,-32.469650838495085,0.972315660234405,0.023796739588423675,0.9459640279521061,21.87833417272799,273.80761652225834,274.6803093994429
25120000000.0,0.006061135983386624,-35.11581531457062,1.0006980575969773,0.01754725689469859,1.0017045087028917,-1.3039651438194908,429.3746581595766,429.3766381566998
25140000000.0,-0.29011773265708146,-33.952969354387896,0.9671506173441884,0.020060951699736592,0.9357827584123438,25.854916039683086,272.5212451702187,273.7449647985247
25160000000.0,0.047607124187903596,-35.54576817969542,1.005496020734786,0.01669981234449015,1.0113011314458304,-10.000140859438744,424.09168871631374,424.2095746862196
25180000000.0,-0.3354286234361835,-35.012127307449546,0.9621185073361603,0.01775798294815236,0.9259873681171481,29.73886983447837,271.40813233961063,273.0325524165711
25200000000.0,0.08879928499017904,-36.005139349890165,1.0102758329459878,0.01583955705143329,1.020908150202295,-18.132799638140753,417.7835645461483,418.176882703483
25220000000.0,-0.37972088030751855,-35.83793916152166,0.9572248310694633,0.016147416294972475,0.9165401162689658,33.54241369864058,270.4626753619004,272.53468087685184
25240000000.0,0.12934300962985226,-36.44547343501888,1.0150025900793744,0.015056579730544688,1.0304569584610208,-25.571700554784876,410.58831547215823,411.38385562820537
25260000000.0,-0.4228152659751715,-36.51564793665178,0.9524873942745944,0.01493542561348491,0.9074553031902626,37.26823323858852,269.68803124458447,272.25090524239914
25280000000.0,0.16890944471496142,-36.85152278164094,1.019636731704219,0.014368911202415258,1.0398655302496045,-32.21254601782837,402.6548615757467,403.9413146380727
25300000000.0,-0.46453282886794395,-37.090101472782415,0.9479236496182442,0.01397960583572706,0.898754674884894,40.91703943866356,269.0834225392714,272.17658312550185
25320000000.0,0.20718408033134184,-37.221824126856376,1.0241397057868153,0.01376920270998546,1.0490517279123734,-37.98722507025858,394.13583958937073,395.96223218554144
25340000000.0,-0.5046719606560961,-37.58751552210795,0.9435532219778537,0.013201528690691322,0.8904669630645601,44.4856469928015,268.64705613490366,272.30536821428666
25360000000.0,0.2438886329063628,-37.55886285912632,1.0284766393412481,0.013245149269295821,1.0579396316498337,-42.86531680114012,385.1803766242413,387.5581993983026
25380000000.0,-0.5430039272438919,-38.025017166649555,0.9393983729359892,0.012553046618257669,0.8826268820541839,47.96886544949878,268.3838832399816,272.63697628070224
25400000000.0,0.27869937086827545,-37.867129396349625,1.0326067711686517,0.01278331616163916,1.0664401570354367,-46.83681680260594,375.9349719103205,378.84137909343315
25420000000.0,-0.5793509792378202,-38.41535482399019,0.9354755714650408,0.01200140961723766,0.8752585786406454,51.36246978180827,268.2927071980211,273.1649319325785
25440000000.0,0.3113433783752167,-38.15396710308786,1.0364948985655706,0.012368061748993391,1.0744746437038797,-49.923114640716115,366.5287796328503,369.91304880279176
25460000000.0,-0.6134727804791993,-38.76413669966117,0.9318078417216802,0.011529040505600436,0.8683987726689956,54.65594661306937,268.37715421200784,273.8860518593573
25480000000.0,0.3415475567916792,-38.43064464081563,1.0401054639341367,0.01198030205662793,1.0819629037430138,-52.166289285542284,357.08688283723797,360.87721406627793
25500000000.0,-0.6452663878934263,-39.073198641966414,0.9284033109524915,0.011126025933620094,0.8620564962406242,57.84956494972446,268.64020182356467,274.79834461051246
25520000000.0,0.3690327103311357,-38.74857803624067,1.0434019295359742,0.01154971049093714,1.0888209823718187,-53.617162606701285,347.7058476697741,351.8155150497908
25540000000.0,-0.6748966264458212,-38.99186626870117,0.9252416377648236,0.011230696386202386,0.8561982167950521,60.971388226427194,269.0915253543692,275.9125934055907
25560000000.0,0.3930296037966009,-34.78627066601396,1.0462885681211727,0.01822579439524323,1.0950519473623914,-54.2177564778522,338.3231463039433,342.6399224294961
25580000000.0,-0.6996004739312122,-38.83481888733934,0.9226138637764599,0.01143560262381878,0.851347114639898,63.73831464814549,269.7087003825939,277.1377921111695
25600000000.0,0.4146810289843706,-38.7899870396958,1.0488999179748915,0.011494779585662983,1.100323167885457,-54.37929259580093,329.44200248836245,333.8998958771355
25620000000.0,-0.7234261564400759,-39.63228231948821,0.9200865712465719,0.010432439721077675,0.846668134386807,66.57548212955967,270.53092043943144,278.60235773336393
25640000000.0,0.4324222597874229,-39.04700186897176,1.0510445219004227,0.011159632848163308,1.104819124422194,-53.84290078539542,320.6903775787756,325.17899107507486
25660000000.0,-0.7437685646548658,-39.91607848558904,0.917934244069953,0.010097086474865381,0.8427052275915571,69.21271660753524,271.5421899848101,280.2241265165112
25680000000.0,0.4464385885527397,-39.23688540726367,1.0527419505853568,0.010918317761097293,1.108384824184994,-52.78178046755575,312.2442926503263,316.6739879466387
25700000000.0,-0.7608456765865174,-40.13301005925449,0.9161312892996623,0.009848033041365938,0.8393935229886453,71.66799942165397,272.74484275002,282.0036371890181
25720000000.0,0.4565285647449624,-39.4009741697895,1.0539655803646104,0.010713991352555498,1.1109582342040125,-51.26210785499708,304.1266522731107,308.4166408036165
25740000000.0,-0.774553313919819,-40.31833668999138,0.9146866368810552,0.009640136103544007,0.8367445759128703,73.92162941930383,274.13753116957565,283.9292047179278
25760000000.0,0.4625713924394783,-39.55006065327376,1.0546990859271337,0.010531663328791333,1.1125010777880024,-49.353587198697255,296.35289799701866,300.43438005762715
25780000000.0,-0.7847584996043158,-40.480785900287444,0.9136125885271597,0.009461515495923965,0.8347774821907767,75.95111404643636,275.72540666482996,285.9948803831646
25800000000.0,0.4643788293613067,-39.68887144246199,1.054918579899846,0.010364692641219234,1.1129606370714547,-47.11166714907696,288.93528219737175,292.75092908484555
25820000000.0,-0.7914146503785562,-40.62715089914339,0.9129127392378976,0.009303416305878505,0.8334962230178021,77.73535513680108,277.50468411563634,288.1868059859155
25840000000.0,0.46181398237599947,-39.81743734076432,1.0546071201174714,0.010212407431180171,1.1123004710680071,-44.58747887346865,281.8722834651556,285.3769918163569
25860000000.0,-0.7944466471767692,-40.75833383431403,0.9125941230030694,0.009163962604381782,0.8329120115503559,79.24490336851194,279.46771692713355,290.48573031105894
25880000000.0,0.45478633569367993,-39.939612982085194,1.053754195534372,0.010069765357903855,1.110499304780655,-41.82934399470826,275.1590008765225,278.3202647713489
25900000000.0,-0.7938026336346587,-40.875433676304304,0.9126617896195007,0.00904124662910193,0.8330332863720781,80.44879797376417,281.6043833684438,292.8703430321087
25920000000.0,0.4432626955506786,-40.055114824029936,1.0523570982822512,0.009936747604738,1.107554201258,-38.88209176716974,268.7845794931632,271.58233969370536
25940000000.0,-0.7894070064240372,-40.98122121380658,0.9131237729547,0.008931798961021824,0.8338748017677068,81.31108425215874,283.9044621177272,295.3188717854273
25960000000.0,0.4272141891691972,-40.16518930811428,1.050414503149787,0.009811615815506991,1.1034668962323246,-35.784384110901655,262.74136748867016,265.16701969893046
25980000000.0,-0.7812526164291378,-41.075134977905215,0.9139814241490762,0.008835746576393104,0.8354401141071358,81.79840488131197,286.35082500334454,297.80492611980594
26000000000.0,0.4066144119284608,-40.270828593069965,1.0479262530284439,0.009693007981467652,1.098243386189963,-32.5665458931423,257.0160010873136,259.0710418520838
26020000000.0,-0.7693546078226934,-41.15983302429375,0.9152342618824123,0.008750005958922422,0.8377303167277252,81.87335071160759,288.91530658197223,300.2920244263921
26040000000.0,0.38154110303068633,-40.37216376533489,1.0449055962404807,0.009580580221654292,1.0919194925720581,-29.26043176293592,251.59263578063658,253.28842698789356
26060000000.0,-0.7537021503964361,-41.237424798793455,0.9168850520141673,0.008672189515853523,0.8407534054780211,81.4967620710642,291.57022630288435,302.7456343110216
26080000000.0,0.3520413501210431,-40.468035614935935,1.0413628190374422,0.009475414545325439,1.0845263043544144,-25.889554082377302,246.45852670536024,247.8145968185916
26100000000.0,-0.7343482715312476,-41.35466959177869,0.9189303309274753,0.008555916163381997,0.8445061567998742,80.63258065010977,294.2752654109683,305.12218027372626
26120000000.0,0.3182128902407053,-40.5754757357093,1.0373149677429623,0.009358930306572909,1.0761099318800662,-22.474902284030996,241.59773724856882,242.64086192623293
26140000000.0,-0.7113496642712351,-41.327283162287046,0.9213667102696184,0.008582935362312015,0.8489902815724926,79.24474594889027,296.98113590037394,307.37196495643605
26160000000.0,0.280170471494185,-40.6624052380835,1.0327816752001064,0.009265732074360747,1.066723842420012,-19.03392054145012,236.9967038068246,237.7598110414752
26180000000.0,-0.684803580746204,-41.38242705535262,0.9241869270184125,0.008528617697565537,0.8541942133915679,77.30218883523337,299.62600307520046,309.4371828296304
26200000000.0,0.23812494661945482,-40.75214152863275,1.0277944006038207,0.00917049806504781,1.0564454279473279,-15.585310919518642,232.63836414355865,233.1598387112349
26220000000.0,-0.6547859306973198,-41.42357082333316,0.9273863588517557,0.00848831443403079,0.8601175100662484,74.7785544593853,302.14486094708366,311.26090214443536
26240000000.0,0.19223584234035918,-40.83980735543702,1.0223786981135274,0.009078406649756572,1.0453406198236097,-12.140654618410023,228.51104295977638,228.83332853657546
26260000000.0,-0.6214457560603356,-41.45634357138881,0.9309529065604246,0.008456347502555453,0.8667448240463868,71.659878624915,304.45697763477114,312.7765807010446
26280000000.0,0.14273668344002569,-40.92592354408724,1.0165689351558849,0.008988843573968749,1.033493199232767,-8.712235519191756,224.59972087338596,224.76863140604107
26300000000.0,-0.5849216771081402,-41.48190453718418,0.9348757962860955,0.00843149861755381,0.874063844650499,67.94129184787461,306.4750740152281,313.9155780310968
26320000000.0,0.08989758422480526,-41.00997837125955,1.0104035867368821,0.008902276547640172,1.0209946586184868,-5.311526945612118,220.89251942155798,220.95637002561688
26340000000.0,-0.5453751950831441,-41.50016152565865,0.9391419500242021,0.008413794949300717,0.8820583942407098,63.634143728434545,308.10782479907823,314.61045111450215
26360000000.0,0.03396324762199337,-41.09356367557075,1.003917818046791,0.008817019803081007,1.0079287252300375,-1.9455954603459469,217.37953850168367,217.3882450844578
26380000000.0,-0.5030340246187028,-41.51303562019872,0.9437311686958034,0.008401333386853335,0.8906991011706241,58.77075576214638,309.2554041462095,314.79025830938485
26400000000.0,-0.024743682447067386,-41.1782678565099,0.9971553320400359,0.00873145474037479,0.9943949945177575,1.3764597731780583,214.04845721514945,214.05288289974712
26420000000.0,-0.45811911768409863,-41.51253164489881,0.9486238604158694,0.008401820865687075,0.899957819144166,53.40169172637935,309.82441083648183,314.39291695172193
26440000000.0,-0.08597621657311375,-41.246740529074714,0.9901504499713771,0.008662893465091715,0.9804729593017081,4.651634715259639,210.88813858872896,210.93943373144614
26460000000.0,-0.41085756032821136,-41.52435832986569,0.9537995692928516,0.00839038875276322,0.9098040170066517,47.59273003087973,309.7178915006372,313.35321965378415
26480000000.0,-0.1492950722327418,-41.32698536454139,0.982958644532311,0.00858322963529097,0.9662813686917703,7.868116001410865,207.89128123951164,208.0401212862975
26500000000.0,-0.36153480504089813,-41.52779330953324,0.9592311194798552,0.008387071289856721,0.9201946835433973,41.43859190388894,308.86361051029235,311.63101064629404
26520000000.0,-0.21440927354706357,-41.403705933669535,0.9756173978220389,0.008507749679309833,0.9519016887376524,11.02372794505928,205.05009983623304,205.34621014437016
26540000000.0,-0.3104579255495917,-41.53280105273481,0.9648884409408283,0.008382237220356631,0.9310799653620406,35.04828830510327,307.19752377246084,309.1903962367675
26560000000.0,-0.28096784035116196,-41.48220843750222,0.968169970228813,0.008431203622982905,0.937424176447393,14.113960005652283,202.3565164153241,202.84812940420844
26580000000.0,-0.2579759466797021,-41.56237742971978,0.9707361493519727,0.00835374335196933,0.9423984566866861,28.546599081987573,304.6768368776779,306.0112469320938
26600000000.0,-0.3486072980514099,-41.57291227407547,0.9606598389453774,0.008343617499380482,0.9229369421155345,17.134431512994816,199.80348630556486,200.5368342303517
26620000000.0,-0.20441609525139082,-41.9191271532702,0.9767404985760526,0.008017586282192535,0.9540862832483883,22.060260386822964,301.2762713309714,302.0828475028457
26640000000.0,-0.41663335173733285,-41.44481275809453,0.9531655391161082,0.008467581045679271,0.9085962448872663,20.066523219605234,197.39225983080362,198.40960056215638
26660000000.0,-0.1503887823015348,-41.19754937430956,0.9828348801133613,0.00871209357167673,0.9660403021418469,15.75220378481449,297.0517719352695,297.46913643933163
26680000000.0,-0.48526750422478815,-42.21555944005693,0.9456634956381886,0.00774857833604899,0.8943394874488683,22.93071101859176,195.0921983423584,196.43518870577205
26700000000.0,-0.09578198230301599,-41.340828058249095,0.9890332696571776,0.008569561445111475,0.978260245872129,9.68851459480669,292.0085320865486,292.1692148847901
26720000000.0,-0.553943116831307,-41.71683739776137,0.9382160198348354,0.008206502953070094,0.880316646565439,25.720207977710075,192.93186614617042,194.63872706391314
26740000000.0,-0.041632271506018496,-41.327013161699696,0.9952183761488889,0.008583202166715953,0.9905332875838659,4.04636161103084,286.1904301203904,286.2190338443292
26760000000.0,-0.6219618265721258,-41.77775484204993,0.9308975958103811,0.008149148987417174,0.8666367425147669,28.410463729885045,190.88406779578574,192.98673992690078
26780000000.0,0.011893334250347875,-41.304978298352715,1.001370208586699,0.008605004169185106,1.0028163407417205,-1.105533061125185,279.7099423556304,279.7121271163253
26800000000.0,-0.6890205605004596,-41.83540508728123,0.9237383452592479,0.008095240313238489,0.8533580634180226,31.00280145510244,188.95326269594648,191.47978791900687
26820000000.0,0.06423453232564807,-41.277710928887586,1.0074226863997533,0.008632060062852774,1.0149749815338245,-5.685394960178769,272.6680026962286,272.72726928234323
26840000000.0,-0.75477674129923,-41.88937832984823,0.9167716249005696,0.008045093271720203,0.8405349357485814,33.49415194024546,187.13583583522643,190.1096506438983
26860000000.0,0.11484841729504061,-41.24690595245908,1.0133102153403089,0.00866272848124216,1.0268726353777629,-9.639608883661696,265.1695332961562,265.344687996446
26880000000.0,-0.8187949585686882,-41.93809092518434,0.9100395186821344,0.008000100701868879,0.8282359271744509,35.876175185949435,185.42789828104776,188.86663391636844
26900000000.0,0.16318679481916867,-41.21448383393834,1.0189651709873482,0.008695124570699903,1.0383656248765758,-12.940593728854758,257.3307517973926,257.65592325166244
26920000000.0,-0.8807597995032185,-41.98315779144403,0.9035704303058163,0.007958699559697453,0.8165028634217195,38.14598873234468,183.82762628049858,187.7437419470775
26940000000.0,0.20860711913298075,-41.18036662654352,1.02430750781879,0.008729345215325616,1.0492820720418288,-15.576831361158712,249.25477651383525,249.7410284479023
26960000000.0,-0.9402314064902486,-42.02340182115941,0.8974048858293384,0.007921910087928483,0.8053982857698091,40.29225592702795,182.3291770665939,186.72813043960588
26980000000.0,0.2505592332961934,-41.14379716393766,1.0292667934902495,0.008766175111740568,1.0594669780077897,-17.565781895821416,241.04334716778143,241.68254365481005
27000000000.0,-0.9968013929251028,-42.05776518712794,0.8915792046257889,0.007890631113975928,0.7949757401805312,42.3053279489816,180.9303862222844,185.81050947515288
27020000000.0,0.2884343219426121,-41.10402857655501,1.0337647425636436,0.008806403311088291,1.0687470957069538,-18.937270666421725,232.78723237681575,233.55623686373895
27040000000.0,-1.0500478292894226,-42.08477674049347,0.8861303441246273,0.007866130787027107,0.7852888627919891,44.173819481444106,179.62918909304332,184.98100416476152
27060000000.0,0.32158017377596315,-41.05373607766583,1.0377171845454531,0.008857541506496262,1.0769354111424814,-19.73192804336302,224.56846151095604,225.43367736366764
27080000000.0,-1.0996528404610502,-42.093774502051616,0.8810840876660172,0.00785798643735534,0.7763709174891076,45.88909489117837,178.42173851912625,184.2284609014553
27100000000.0,0.34932044966036974,-40.95152393733423,1.0410366577640724,0.00896238927241719,1.0838376472300608,-19.997277383234533,216.44942539767553,217.37121441839054
27120000000.0,-1.145349079463048,-41.92630307206285,0.876460899145334,0.008010965223083087,0.7682478832944527,47.440345356509546,177.2981616278177,183.5353494129909
27140000000.0,0.37118352448596625,-41.516852611018614,1.043660330414573,0.008397642254600504,1.0892974056764921,-19.794615877901453,208.462966766326,209.40065742679033
27160000000.0,-1.1861209915838562,-42.27464209527456,0.8723563976384264,0.0076960502597143736,0.7610649136902924,48.79349296024334,176.27306030322418,182.90160399494977
27180000000.0,0.3861790181842799,-41.12858149747851,1.045463682719191,0.008781544877955034,1.0930714274152167,-19.169663269489465,200.69153998510268,201.60498558184932
27200000000.0,-1.2224307652104358,-42.24460208314943,0.8687172828339514,0.007722713007753517,0.7547293577906037,49.957994145867666,175.3155199304951,182.294631592865
27220000000.0,0.3939295110466171,-41.07437776583759,1.0463969751450457,0.008836516886154415,1.0950247136233808,-18.187341744892187,193.1285012158411,193.98298219592007
27240000000.0,-1.2535545290564374,-42.24504709800971,0.8656100170381512,0.007722317350641129,0.7493403357820524,50.90540321971357,174.4293168440549,181.7056593825446
27260000000.0,0.3936439362376701,-41.04822886268632,1.0463625722552572,0.008863159336674172,1.0949531882100656,-16.895731778152992,185.79846938942003,186.56510118393135
27280000000.0,-1.2791414572530988,-42.24665903599192,0.8630638517049348,0.007720884366549647,0.7449388241751593,51.613766105866304,173.59971675487856,181.11002873669125
27300000000.0,0.38479441665214487,-41.0344903939669,1.0452970405780113,0.008877189285473945,1.0927247075307587,-15.35083256108385,178.71248925641845,179.37057137820548
27320000000.0,-1.2989173196277046,-42.24673130682216,0.8611010801814732,0.0077208201253002985,0.7415546813531072,52.06510154261069,172.81326301097874,180.48600685688652
27340000000.0,0.3668263312884863,-41.02897741251854,1.043136919516546,0.00888282547432081,1.0882135374468764,-13.600858480821508,171.86891910487208,172.40623163242213
27360000000.0,-1.3124985863560659,-42.24178447286547,0.8597557136542299,0.007725218580143907,0.7392395661632051,52.235646242389166,172.05462659478474,179.80922465499603
27380000000.0,0.3390686980721467,-41.032568603144,1.039808671465532,0.008879153619475732,1.081280912623913,-11.685593865894658,165.2680317366622,165.68064285881144
27400000000.0,-1.3195201965458296,-42.23229055915163,0.8590609742196087,0.007733667070625843,0.7380455670335025,52.098101980634986,171.29903465977506,179.0462831375046
27420000000.0,0.3011109670450174,-41.04254914720143,1.0352745748068906,0.0088689568643642,1.07187210363745,-9.648531668426868,158.9035732192776,159.1962303109309
27440000000.0,-1.3197766554737311,-42.218403165565526,0.8590356100239791,0.007746041897742303,0.7380021804543514,51.63403158139456,170.52014038542234,178.16619066032868
27460000000.0,0.25248418998370004,-41.06039783566501,1.029494923669445,0.008850750702306552,1.059938133649151,-7.523984471849994,152.7562698521863,152.941453901441
27480000000.0,-1.3123668367217036,-42.19914885746587,0.8597687547317373,0.007763231859017143,0.7392625793818591,50.8042750010348,169.70320286034936,177.1447188584567
27500000000.0,0.1923211227324688,-41.085941471465254,1.0223887361508404,0.008824760474850778,1.045356604205551,-5.333509134532002,146.8450511099447,146.94187747259255
27520000000.0,-1.2982849842540845,-42.17562493481782,0.8611637708805823,0.0077842854520445755,0.7416636353772629,49.618278355386565,168.7628237846573,175.90583912628912
27540000000.0,0.12077100564815667,-41.119268371330016,1.0140013898852525,0.008790965616539194,1.0282760997656948,-3.117591749591076,141.11536359299058,141.1497970962022
27560000000.0,-1.2763150063358193,-42.1463511208087,0.8633447445852761,0.007810564873890799,0.7454251529266649,48.03565597965021,167.68396617167886,174.428600740991
27580000000.0,0.037318228156961085,-41.15979606125122,1.0043056626363804,0.008750043194892946,1.0087064272594117,-0.8970723973669019,135.56864291881305,135.5716108989443
27600000000.0,-1.2462707122162533,-42.112189056594346,0.8663362050767593,0.007841344729147284,0.7505999069139622,46.04690770288005,166.40921006239518,172.662511572686
27620000000.0,-0.058676664473748974,-41.20709951556937,0.9932673657784651,0.00870251988327777,0.98665579377281,1.3140454501914178,130.19349407606182,130.20012525024202
27640000000.0,-1.208295984822433,-42.073141546784726,0.8701321205791461,0.007876674932434626,0.7571919492715529,43.65296974552137,164.85359844351242,170.53530627813774
27660000000.0,-0.1669444666064963,-41.21636943771456,0.9809633381727929,0.008693237167003081,0.962364643211551,3.4838310719747287,124.9639386359009,125.01249152918786
27680000000.0,-1.162049409947881,-42.01704782457219,0.8747773497495211,0.00792770733004691,0.7652982601783069,40.861693607904115,162.95684657392187,168.00182097174704
27700000000.0,-0.28756033531456643,-41.352004004288275,0.9674354186344244,0.008558542266627557,0.9360045378740937,5.59177315185199,119.85451796556333,119.98488823072394
27720000000.0,-1.1058484570615275,-41.971110475443496,0.8804558373661651,0.00796974592301545,0.7752659984022323,37.65933855573815,160.68901589558345,165.04298109870282
27740000000.0,-0.4216400284368433,-41.42360431430148,0.9526162785593713,0.008488281704934106,0.907549825102608,7.643134449627661,114.88688058853208,115.14083913007893
27760000000.0,-1.0413653305416917,-41.915234173435266,0.8870165713985821,0.008021180536630442,0.7868627372728971,34.12875569965273,157.91716240025,161.56299745348102
27780000000.0,-0.5689275951363615,-41.509260777978206,0.9365988500947378,0.008404985355920793,0.8772880497776183,9.6125818145977,110.01922644802502,110.43836252572811
27800000000.0,-0.9678740138412862,-41.85398356966928,0.8945534589076585,0.00807794369123713,0.8002911440179346,30.311697005560656,154.58331965332818,157.52714588412994
27820000000.0,-0.7296593474437963,-41.60477346438679,0.9194265331549488,0.00831306788098163,0.845414256966922,11.486974718124069,105.23465911534026,105.85973770653644
27840000000.0,-0.8849678929520588,-41.78768304321554,0.9031327793507242,0.008139839616427292,0.815715074126745,26.27520477981792,150.62434223174606,152.89891712817172
27860000000.0,-0.9039025667112768,-41.71065060125878,0.9011661530439562,0.00821235037367273,0.8121678780907031,13.252262836045354,100.52282771728319,101.3926099997146
27880000000.0,-0.7926009596260453,-41.71753749117095,0.9127880631349372,0.008205841525474432,0.8332493840367713,22.11534559660546,145.9922062516265,147.6577556279207
27900000000.0,-1.0921342824218008,-41.82634930094578,0.8818470895057519,0.008103684698131225,0.7777199589754523,14.89975294438527,95.86632394065909,97.01729074602682
27920000000.0,-0.6906816082316058,-41.64415532859558,0.9235617108737391,0.008275461710062123,0.8530347170585426,17.9367819469977,140.65125064277697,141.79034682936427
27940000000.0,-1.29443161724911,-41.952435282644345,0.861545898259927,0.007986899797453111,0.7423251253768791,16.414250596777084,91.24842107516714,92.71300864153208
27960000000.0,-0.5790656892162858,-41.56813754993684,0.9355062978776473,0.008348205333828846,0.875241725901037,13.851888418241174,134.59755601659225,135.30845094963985
27980000000.0,-1.51093267946982,-42.09088131978888,0.8403367679920036,0.007860604289375135,0.7062276727390406,17.781914157407932,86.65437923821692,88.46003567861672
28000000000.0,-0.4576641208811997,-41.49093472673701,0.9486735539011333,0.008422737457836015,0.90005245437769,9.97393903879752,127.85662832301347,128.24506565977055
28020000000.0,-1.7418526933234917,-42.24162075328817,0.8182902288664218,0.007725364193488427,0.669658579910183,18.99057173552508,82.07171354957326,84.24018031679022
28040000000.0,-0.32678653392634405,-41.41565280050297,0.9630762505692917,0.008496055876080058,0.9275880473760546,6.4143243389580675,120.48230007102907,120.65292448644104
28060000000.0,-1.9877465011609856,-42.406271059119405,0.795449613108861,0.007580300930595353,0.632797547957235,20.03017766034194,77.48340006437878,80.03052731702718
28080000000.0,-0.1870513696184487,-41.34525366731119,0.978695139577434,0.008565196219422663,0.9579175388187703,3.268002887074848,112.54739303538541,112.59482901950449
28100000000.0,-2.2488816322477585,-42.58668369699309,0.7718908954239079,0.007424476127232146,0.595870677284086,20.886046210593292,72.87027448440827,75.80437869769821
28120000000.0,-0.03926107349566488,-41.28314619517375,0.9954901021407154,0.008626660170551885,0.9910749627258302,0.6032855495451985,104.14635193251283,104.1480992352002
28140000000.0,-2.5249849705299487,-42.78581698386897,0.7477402373001018,0.007256198434271464,0.55916811489333,21.53979340706624,68.2145881351259,71.53455622609225
28160000000.0,0.11520573350720431,-41.23745842447931,1.0133519012965508,0.00867215594326994,1.026957282150039,-1.5387327447568933,95.3914347874413,95.4038444155499
28180000000.0,-2.8157665824413636,-43.00632796210468,0.7231221603878385,0.007074302099505981,0.5229557045941698,21.976498350158913,63.4982387470837,67.19369616054901
28200000000.0,0.2735223749084229,-41.21724486323649,1.0319914964518897,0.008692361045096747,1.0650820058895492,-3.1397122016365704,86.39333309089447,86.45036607940621
28220000000.0,-3.1198179526264114,-43.25384443937902,0.6982470384684295,0.006875555277601701,0.48759619999030784,22.17503513855042,58.6963607826587,62.7454775463856
28240000000.0,0.43203759328210495,-41.23652856489006,1.0509979759865755,0.00867308438230735,1.104671967920581,-4.217904752844426,77.25980928591058,77.37485929809075
28260000000.0,-3.4335622172380464,-43.53486416509743,0.6734756360850053,0.0066566663845492955,0.45361374360745765,22.11196802110187,53.78758075589613,58.155334865670575
28280000000.0,0.584412497714336,-41.31671416249573,1.0695981051670145,0.008593385443776386,1.144113952850253,-4.809884283286363,68.09102868931454,68.26070007542891
28300000000.0,-3.750182704246152,-43.86041586386504,0.6493679722346134,0.006411788774258879,0.42171987439937936,21.76146728387819,48.74452471152887,53.38155250365194
28320000000.0,0.7213873791067859,-41.48902249294953,1.0865991699845872,0.008424591961735856,1.1807687299609155,-4.973801280829936,58.97242725018717,59.181803579815
28340000000.0,-4.056956559720612,-44.24494239698029,0.6268334617545728,0.00613412865038574,0.3929578163095209,21.09692968564783,43.53762910672224,48.37980560518693
28360000000.0,0.8288946651554819,-41.800402538497295,1.1001318375958467,0.008127928472543483,1.2103561233132691,-4.775791146221388,49.96868751406122,50.19639342572556
28380000000.0,-4.330371207736824,-44.711101247659364,0.607409303536398,0.005813597194656434,0.3689798599349138,20.08557489323148,38.127888006636866,43.094850767095764
28400000000.0,0.8890325430930023,-42.318356993323476,1.1077751716318154,0.007657414394345493,1.2272244668791048,-4.293813061686756,41.12515078960194,41.348698384304775
28420000000.0,-4.528247274704261,-45.293836350386236,0.5937281444808074,0.005436359676400175,0.3525426635551537,18.687295963336833,32.47013997437157,37.46364932006261
28440000000.0,0.8821162349223266,-43.14052517685848,1.1068934352518895,0.006965843951017341,1.225261599985679,-3.6105880074347407,32.471488283996486,32.67160689554697
28460000000.0,-4.581238056030666,-46.04140745111253,0.59011696098962,0.004988036553666963,0.34826290815628536,16.857550553521254,26.513849279348218,31.419121793463905
28480000000.0,0.7916913126152575,-44.39795633036735,1.0954298362176527,0.00602701376686505,1.2000028509707794,-2.8041532387893526,24.024460366691905,24.187558192123547
28500000000.0,-4.3895908893431965,-47.14630837733445,0.6032821222103766,0.004392225015861937,0.3639686106192457,14.546177174411252,20.191485394970133,24.885484782190904
28520000000.0,0.6166974315911101,-46.32314189840181,1.0735811353047746,0.004828840994732037,1.152599771787641,-1.9513263398296008,15.78477528054345,15.904930214929216
28540000000.0,-3.8372359385660815,-48.69803487527533,0.6428922687318854,0.0036736540507482577,0.4133239649293154,11.693145144907385,13.420133065713124,17.799708280792633
28560000000.0,0.38172075978448844,-49.25374445244688,1.0449272090281982,0.0034459801971329826,1.091884746946979,-1.124871959396805,7.744639206195725,7.825903996292131
28580000000.0,-2.841491927200251,-51.303263512242474,0.7209836291782273,0.002721678511293442,0.5198248010769264,8.23005046774939,6.094657270477203,10.24102426255707
28600000000.0,0.1362656013630056,-54.09714833788076,1.0158118623117731,0.0019730704080119527,1.0318776326201475,-0.39219784255190915,-0.11172689565644708,0.40780147978569026
28620000000.0,-1.4178567883218238,-56.73827950050752,0.8493900330828945,0.0014557474062155732,0.7214655475010714,4.077926803507379,-1.9200362603542052,4.507330280314376
28640000000.0,-0.062425876814756004,-65.10882849319528,0.9928387203752062,0.0005553395133218188,0.9857290330782519,0.18405234840800486,-7.803894985563609,7.80606509149516
28660000000.0,0.28262748568529933,-66.16222203313285,1.033073863827515,0.0004919136777255857,1.0672418501025773,-0.8513659597277285,-10.80144146977246,10.834941708302049
28680000000.0,-0.17316788192116908,-60.55782827531635,0.9802607324580588,0.0009377964539663503,0.960911983061399,0.5454100103309515,-15.354967557094993,15.364651013244945
28700000000.0,1.975144876935965,-51.82763010033837,1.2553280809542904,0.002562232260426462,1.5758551558665377,-6.653664568666727,-20.784678360876047,21.82370515648981
28720000000.0,-0.18320090927846508,-53.30328443725304,0.9791290919269767,0.0021619008791624044,0.9586984524731574,0.6368265061206343,-22.789315855613065,22.79821188527282
28740000000.0,3.286691136486904,-45.98774538374976,1.4599384843234096,0.0050189484012208565,2.1314455678515887,-13.427346374480878,-32.18662795188208,34.87510071058092
28760000000.0,-0.10334544350420988,-49.73079996264797,0.9881724184268024,0.00326182007940367,0.9764953680097058,0.4054757359023847,-30.1314497082903,30.13417780686298
28780000000.0,3.928720249399543,-42.843893752937944,1.5719401708712906,0.007207842900535999,2.4710478537981406,-21.260916065652285,-45.439501602542705,50.16746812266084
28800000000.0,0.044885019742240365,-47.47651232723938,1.0051809538323424,0.004228383638099566,1.0104066291754885,-0.20148719296409484,-37.40398149883969,37.4045241789609
28820000000.0,3.9139699428594903,-41.28514281435685,1.569272980308019,0.008624677394302137,2.462692071784968,-30.201796061219785,-61.13803186653867,68.19096293378917
28840000000.0,0.23902447815297878,-45.872441259243985,1.027900846965328,0.0050860185173622185,1.0566060187763975,-1.2361540109551472,-44.62796257354284,44.64507946240371
28860000000.0,3.491604749724825,-40.582879280855686,1.4947901847837686,0.009350956484148007,2.234485136913061,-40.20225040169866,-80.11034065136394,89.63195644767805
28880000000.0,0.46105866549258384,-44.659264096626295,1.0545154164505794,0.0058483963200252655,1.112036967271455,-2.7539751272995883,-51.82185369129823,51.894979516366554
28900000000.0,2.9051648618011776,-40.33164476012827,1.3971989258653772,0.009625377295634424,1.9522574863274471,-51.00176914429525,-103.49782086666441,115.38188497331869
28920000000.0,0.6978536077672739,-43.69528373731765,1.083659095182598,0.006534852856468359,1.1743597388738225,-4.813318900712649,-58.99705187205038,59.19307534191276
28940000000.0,2.2936248316084424,-40.289790379946425,1.302210646164649,0.009671870678812599,1.6958461120669803,-61.88671397298935,-132.84791663166675,146.555567344775
28960000000.0,0.9401121962568666,-42.90231827997468,1.1143089271067725,0.007159522957205746,1.2417356437988212,-7.475373203741766,-66.16432819034411,66.58528012567632
28980000000.0,1.716613151048445,-40.33837480195453,1.2185143765801643,0.009617922204133949,1.4848697903600712,-71.27093250003331,-170.15030101782585,184.47403816223317
29000000000.0,1.1821543741970904,-42.231091891918126,1.1457970999722469,0.0077347344032045766,1.312910820421099,-10.812380073701869,-73.32455304978029,74.117458421132
29020000000.0,1.1936906441454977,-40.42197623273469,1.1473199153731937,0.009525794064021058,1.3164337289645023,-75.9357357012125,-217.56796902643055,230.43883592565348
29040000000.0,1.4198117615708639,-41.648917135200676,1.1775804530150382,0.008270926152950166,1.38676413154253,-14.90207941635985,-80.47067104739065,81.83887138608921
29060000000.0,0.7274918578945695,-40.51444530013392,1.0873631047453471,0.009424921355277152,1.1824473507039939,-69.99478513038551,-276.3445917257632,285.0712249974164
29080000000.0,1.6497358068066592,-41.1354672900715,1.2091684038758264,0.008774586012786623,1.4621652222913093,-19.826801966533434,-87.58407658687513,89.80018122362416
29100000000.0,0.3140029354347234,-40.60339979046247,1.0368123144562627,0.009328890822264952,1.0750668036121258,-44.400108690558795,-344.09427144029223,346.94702375111814
29120000000.0,1.8698074489710246,-40.67683811540489,1.2401961318282533,0.009250348488517291,1.5381720143489213,-25.68732751209281,-94.63906291917301,98.063199136744
29140000000.0,-0.05196968990989334,-40.68331556729758,0.9940346322211909,0.009243452666285302,0.9881902914723122,10.22480874268589,-410.22989254104453,410.35729730085393
29160000000.0,2.0781825249336014,-40.262789205362246,1.2703082723149994,0.009701983679577862,1.6137772351992377,-32.59526342163078,-101.58694489727763,106.68813697449225
29180000000.0,-0.3757654995756555,-40.75140385907786,0.9576608314124231,0.00917127692418302,0.9171983803419534,94.36853645401038,-454.8244493076298,464.51124890626767
29200000000.0,2.273235862273525,-39.88667791030061,1.2991574649418909,0.010131321670890514,1.6879127623930394,-40.676530006914305,-108.35547956292783,115.73888734870172
29220000000.0,-0.6621532373173311,-40.807885989652746,0.9266000901798273,0.009111831930878658,0.8586707526024006,190.54952859440908,-460.03365240352844,497.9358233661061
29240000000.0,2.45303079776275,-39.541929000623625,1.3263298379223991,0.010541527595058088,1.759261962767295,-50.06430161045446,-114.8457617526127,125.28361141139104
29260000000.0,-0.9152269538270584,-40.856480788856516,0.899992006801055,0.009060996456345822,0.810067713962572,272.2241578831006,-427.4361236639951,506.76190854094926
29280000000.0,2.6161714482289895,-39.21634887314751,1.3514767302572275,0.01094416309148056,1.8266091271325395,-60.91890950397613,-120.9230550190492,135.401250992351
29300000000.0,-1.1382384387097795,-40.985096952922085,0.8771787012952943,0.008927814383519504,0.7695221798757657,324.5581225897964,-375.83001757274445,496.5744426042713
29320000000.0,2.761059689715282,-38.997236514390124,1.3742096201282212,0.011223754902864673,1.8885780527270697,-73.40554638281748,-126.39837251102642,146.16744785757248
29340000000.0,-1.3337324897417757,-40.873377762487316,0.8576564844419218,0.009043386907722727,0.7356564281520391,349.58914322606864,-323.6398531146424,476.39828251747934
29360000000.0,2.8861502283941625,-38.71133273841969,1.3941436064921635,0.011599342254556215,1.9437709402637149,-87.6875628913138,-131.014043417837,157.65084287281496
29380000000.0,-1.5041607410356628,-40.88767128000211,0.8409921905274236,0.00902851733003872,0.7073493786532931,356.4190509531186,-279.885032831226,453.17785855584145
29400000000.0,2.989815307808736,-38.47624369078326,1.410882235880948,0.011917572852437735,1.9907307120671165,-103.93314803599856,-134.44453623528452,169.9336122848965
29420000000.0,-1.6511657626979308,-40.88475299429919,0.8268785229501143,0.009031551241451729,0.6838096606339897,353.1657979439866,-246.55187542733813,430.71325509455875
29440000000.0,3.0708536880307395,-38.26992061442569,1.4241072073855234,0.01220404974709094,2.0282302769576237,-122.28619704282931,-136.24944906256434,183.0787435969834
29460000000.0,-1.7760443088239688,-40.8686161007202,0.8150753977042438,0.009048345910996762,0.6644297765064562,345.09548720904445,-222.54538501848404,410.63042225957037
29480000000.0,3.1282864599461653,-38.08926992088451,1.4335548784738468,0.012460529679379809,2.0552348543960566,-142.83138265141372,-135.85776095717466,197.124668883454
29500000000.0,-1.8803732292657376,-40.84061469858257,0.8053438351473283,0.009077562861835224,0.6486610949573177,335.0838871845167,-205.94292640213695,393.31120043263695
29520000000.0,3.160993777631536,-37.93421764707047,1.4389632047595715,0.012684960454625976,2.070776012873672,-165.53210556032587,-132.57125122573652,212.0754927444287
29540000000.0,-1.9650060108078828,-40.801457641378214,0.7975349048798551,0.00911857801123597,0.6361450729666666,324.6498197547953,-195.05610937964613,378.74053291553776
29560000000.0,3.168448835322794,-37.803739044728516,1.4401987901947766,0.012876951138303951,2.0743383711491163,-190.1964828765323,-125.52926366399169,227.88659051077792
29580000000.0,-2.030829339266151,-40.752342633703606,0.7915138763122845,0.009170285742258743,0.6265783105354931,314.4904640678213,-188.53633305791303,366.67451625729035
29600000000.0,3.1502374060947878,-37.69717431617713,1.4371823344429493,0.013035907921653097,2.065662997330227,-216.33498318270287,-113.75482963824734,244.41969277185302
29620000000.0,-2.078659361313691,-40.692073024687765,0.7871672770165751,0.009234137748426277,0.6197175913056463,304.878162746064,-185.38762529741916,356.81825308247863
29640000000.0,3.1066666493239987,-37.61544099542221,1.4299910932869577,0.013159153417613393,2.0450476901986967,-243.0512312636401,-96.19662224332572,261.3956601586885
29660000000.0,-2.1092836263445185,-40.621154346168105,0.784396809784292,0.009309841403716256,0.6153650283467371,295.8817525757062,-184.88328433657767,348.8951709817023
29680000000.0,3.037861225577643,-37.55547097103846,1.4187081423600223,0.013250322583599981,2.0129083642471945,-268.96339340359407,-71.91238707246215,278.4110242171386
29700000000.0,-2.1230601513758014,-40.539893709808354,0.7831536789756555,0.009397348101330283,0.6134179950444416,287.4963464637262,-186.54709808606353,342.71558037871915
29720000000.0,2.9446003487737182,-37.518734644877966,1.4035568802016674,0.013306482518873354,1.9701489784384625,-292.03671735643496,-40.41938895613998,294.8205747364149
29740000000.0,-2.120959535956563,-40.44977577247686,0.7833431015571326,0.00949535511285191,0.6137165765258673,279.65732946354433,-189.963448138481,338.0744497168379
29760000000.0,2.827833726419,-37.50897566719776,1.3848147680236074,0.013321441337029687,1.9178894025355735,-309.8547703921386,-1.7814790402946565,309.8598915676825
29780000000.0,-2.103388065136839,-40.35295336334642,0.7849294010766794,0.009601792841361508,0.6162063591003631,272.21327405445834,-194.93208183997152,334.81126489697596
29800000000.0,2.6887396698078376,-37.572268186069074,1.362815246175047,0.013224723196729094,1.8574402885107837,-319.77057965186066,42.73528234479945,322.613589248774
29820000000.0,-2.0714753831656783,-40.33282359724342,0.7878186014036253,0.009624071041177113,0.6207507714609698,265.1017059722886,-201.19693045198423,332.8049268456198
29840000000.0,2.528819456994982,-37.28907085976056,1.337953354816802,0.013663012227866082,1.7903058575686743,-319.52427091374295,90.7561914475854,332.16328212045016
29860000000.0,-2.025160967661277,-40.08981252758193,0.7920305832073098,0.009897132251731167,0.6274103979625195,258.2014348525995,-208.74326806061305,332.0267051316297
29880000000.0,2.3496012281802012,-37.38692417095166,1.31062986957118,0.013509951547328779,1.7179331738029795,-307.9873057102408,138.7900908475341,337.81484543477376
29900000000.0,-1.9653674714116673,-39.83414414400506,0.7975017164026739,0.010192783338750589,0.6361128804974016,251.43293186201015,-217.466230365001,332.43056504161876
29920000000.0,2.152252573196747,-37.57566191740172,1.281187310823808,0.01321955707183489,1.6416156821051164,-285.6130688264654,183.13947273264725,339.28585522721585
29940000000.0,-1.8928743950350846,-39.83452132640992,0.8041855778261233,0.010192340729505096,0.6468183273930821,244.67975359890085,-227.33355771356656,333.9891140200925
29960000000.0,1.9386936214451422,-37.57552770937937,1.2500710024125876,0.013219761332352989,1.562852273162496,-254.24276790880305,220.57606886539068,336.5905334230882
29980000000.0,-1.8081260879606438,-39.6762798581121,0.812070427814763,0.010379728814696688,0.6595661185015188,237.8378211051954,-238.39353119698427,336.746647889232
30000000000.0,1.710292226445265,-37.619204956566385,1.2176279578032552,0.013153452238582284,1.4827908569299184,-216.9054269550669,249.0574434062061,330.2689424674918
