6.76318e-16	6.32128e-05
2.02895e-15	6.32457e-05
3.38159e-15	6.32786e-05
4.73423e-15	6.33115e-05
6.08686e-15	6.33444e-05
7.4395e-15	6.33773e-05
8.79214e-15	6.34102e-05
1.01448e-14	6.3443e-05
1.14974e-14	6.34759e-05
1.285e-14	6.35088e-05
1.42027e-14	6.35416e-05
1.55553e-14	6.35744e-05
1.6908e-14	6.36073e-05
1.82606e-14	6.36401e-05
1.96132e-14	6.36729e-05
2.09659e-14	6.37057e-05
2.23185e-14	6.37385e-05
2.36711e-14	6.37712e-05
2.50238e-14	6.3804e-05
2.63764e-14	6.38368e-05
2.7729e-14	6.38695e-05
2.90817e-14	6.39023e-05
3.04343e-14	6.3935e-05
3.1787e-14	6.39677e-05
3.31396e-14	6.40005e-05
3.44922e-14	6.40332e-05
3.58449e-14	6.40659e-05
3.71975e-14	6.40985e-05
3.85501e-14	6.41312e-05
3.99028e-14	6.41639e-05
4.12554e-14	6.41966e-05
4.2608e-14	6.42292e-05
4.39607e-14	6.42619e-05
4.53133e-14	6.42945e-05
4.66659e-14	6.43271e-05
4.80186e-14	6.43597e-05
4.93712e-14	6.43923e-05
5.07239e-14	6.44249e-05
5.20765e-14	6.44575e-05
5.34291e-14	6.44901e-05
5.47818e-14	6.45227e-05
5.61344e-14	6.45552e-05
5.7487e-14	6.45878e-05
5.88397e-14	6.46203e-05
6.01923e-14	6.46528e-05
6.15449e-14	6.46853e-05
6.28976e-14	6.47178e-05
6.42502e-14	6.47503e-05
6.56029e-14	6.47828e-05
6.69555e-14	6.48153e-05
6.83081e-14	6.48478e-05
6.96608e-14	6.48802e-05
7.10134e-14	6.49126e-05
7.2366e-14	6.49451e-05
7.37187e-14	6.49775e-05
7.50713e-14	6.50099e-05
7.64239e-14	6.50423e-05
7.77766e-14	6.50747e-05
7.91292e-14	6.51071e-05
8.04819e-14	6.51394e-05
8.18345e-14	6.51718e-05
8.31871e-14	6.52041e-05
8.45398e-14	6.52365e-05
8.58924e-14	6.52688e-05
8.7245e-14	6.53011e-05
8.85977e-14	6.53334e-05
8.99503e-14	6.53657e-05
9.13029e-14	6.5398e-05
9.26556e-14	6.54302e-05
9.40082e-14	6.54625e-05
9.53609e-14	6.54947e-05
9.67135e-14	6.5527e-05
9.80661e-14	6.55592e-05
9.94188e-14	6.55914e-05
1.00771e-13	6.56236e-05
1.02124e-13	6.56558e-05
1.03477e-13	6.56879e-05
1.04829e-13	6.57201e-05
1.06182e-13	6.57522e-05
1.07535e-13	6.57844e-05
1.08887e-13	6.58165e-05
1.1024e-13	6.58486e-05
1.11592e-13	6.58807e-05
1.12945e-13	6.59128e-05
1.14298e-13	6.59449e-05
1.1565e-13	6.59769e-05
1.17003e-13	6.6009e-05
1.18356e-13	6.6041e-05
1.19708e-13	6.6073e-05
1.21061e-13	6.6105e-05
1.22414e-13	6.6137e-05
1.23766e-13	6.6169e-05
1.25119e-13	6.6201e-05
1.26471e-13	6.6233e-05
1.27824e-13	6.62649e-05
1.29177e-13	6.62968e-05
1.30529e-13	6.63288e-05
1.31882e-13	6.63607e-05
1.33235e-13	6.63926e-05
1.34587e-13	6.64244e-05
1.3594e-13	6.64563e-05
1.37293e-13	6.64882e-05
1.38645e-13	6.652e-05
1.39998e-13	6.65518e-05
1.4135e-13	6.65836e-05
1.42703e-13	6.66154e-05
1.44056e-13	6.66472e-05
1.45408e-13	6.6679e-05
1.46761e-13	6.67107e-05
1.48114e-13	6.67425e-05
1.49466e-13	6.67742e-05
1.50819e-13	6.68059e-05
1.52172e-13	6.68376e-05
1.53524e-13	6.68693e-05
1.54877e-13	6.6901e-05
1.56229e-13	6.69326e-05
1.57582e-13	6.69643e-05
1.58935e-13	6.69959e-05
1.60287e-13	6.70275e-05
1.6164e-13	6.70591e-05
1.62993e-13	6.70907e-05
1.64345e-13	6.71223e-05
1.65698e-13	6.71538e-05
1.67051e-13	6.71854e-05
1.68403e-13	6.72169e-05
1.69756e-13	6.72484e-05
1.71108e-13	6.72799e-05
1.72461e-13	6.73114e-05
1.73814e-13	6.73429e-05
1.75166e-13	6.73743e-05
1.76519e-13	6.74058e-05
1.77872e-13	6.74372e-05
1.79224e-13	6.74686e-05
1.80577e-13	6.75e-05
1.8193e-13	6.75313e-05
1.83282e-13	6.75627e-05
1.84635e-13	6.75941e-05
1.85987e-13	6.76254e-05
1.8734e-13	6.76567e-05
1.88693e-13	6.7688e-05
1.90045e-13	6.77193e-05
1.91398e-13	6.77505e-05
1.92751e-13	6.77818e-05
1.94103e-13	6.7813e-05
1.95456e-13	6.78442e-05
1.96809e-13	6.78754e-05
1.98161e-13	6.79066e-05
1.99514e-13	6.79378e-05
2.00866e-13	6.79689e-05
2.02219e-13	6.80001e-05
2.03572e-13	6.80312e-05
2.04924e-13	6.80623e-05
2.06277e-13	6.80934e-05
2.0763e-13	6.81244e-05
2.08982e-13	6.81555e-05
2.10335e-13	6.81865e-05
2.11688e-13	6.82175e-05
2.1304e-13	6.82485e-05
2.14393e-13	6.82795e-05
2.15745e-13	6.83105e-05
2.17098e-13	6.83414e-05
2.18451e-13	6.83724e-05
2.19803e-13	6.84033e-05
2.21156e-13	6.84342e-05
2.22509e-13	6.84651e-05
2.23861e-13	6.84959e-05
2.25214e-13	6.85268e-05
2.26567e-13	6.85576e-05
2.27919e-13	6.85884e-05
2.29272e-13	6.86192e-05
2.30624e-13	6.865e-05
2.31977e-13	6.86807e-05
2.3333e-13	6.87115e-05
2.34682e-13	6.87422e-05
2.36035e-13	6.87729e-05
2.37388e-13	6.88036e-05
2.3874e-13	6.88342e-05
2.40093e-13	6.88649e-05
2.41446e-13	6.88955e-05
2.42798e-13	6.89261e-05
2.44151e-13	6.89567e-05
2.45503e-13	6.89873e-05
2.46856e-13	6.90178e-05
2.48209e-13	6.90484e-05
2.49561e-13	6.90789e-05
2.50914e-13	6.91094e-05
2.52267e-13	6.91399e-05
2.53619e-13	6.91703e-05
2.54972e-13	6.92008e-05
2.56325e-13	6.92312e-05
2.57677e-13	6.92616e-05
2.5903e-13	6.9292e-05
2.60382e-13	6.93223e-05
2.61735e-13	6.93527e-05
2.63088e-13	6.9383e-05
2.6444e-13	6.94133e-05
2.65793e-13	6.94436e-05
2.67146e-13	6.94738e-05
2.68498e-13	6.95041e-05
2.69851e-13	6.95343e-05
2.71204e-13	6.95645e-05
2.72556e-13	6.95947e-05
2.73909e-13	6.96249e-05
2.75261e-13	6.9655e-05
2.76614e-13	6.96851e-05
2.77967e-13	6.97153e-05
2.79319e-13	6.97453e-05
2.80672e-13	6.97754e-05
2.82025e-13	6.98055e-05
2.83377e-13	6.98355e-05
2.8473e-13	6.98655e-05
2.86083e-13	6.98955e-05
2.87435e-13	6.99254e-05
2.88788e-13	6.99554e-05
2.9014e-13	6.99853e-05
2.91493e-13	7.00152e-05
2.92846e-13	7.0045e-05
2.94198e-13	7.00749e-05
2.95551e-13	7.01047e-05
2.96904e-13	7.01346e-05
2.98256e-13	7.01643e-05
2.99609e-13	7.01941e-05
3.00962e-13	7.02239e-05
3.02314e-13	7.02536e-05
3.03667e-13	7.02833e-05
3.05019e-13	7.0313e-05
3.06372e-13	7.03426e-05
3.07725e-13	7.03723e-05
3.09077e-13	7.04019e-05
3.1043e-13	7.04315e-05
3.11783e-13	7.04611e-05
3.13135e-13	7.04906e-05
3.14488e-13	7.05202e-05
3.15841e-13	7.05497e-05
3.17193e-13	7.05791e-05
3.18546e-13	7.06086e-05
3.19898e-13	7.06381e-05
3.21251e-13	7.06675e-05
3.22604e-13	7.06969e-05
3.23956e-13	7.07262e-05
3.25309e-13	7.07556e-05
3.26662e-13	7.07849e-05
3.28014e-13	7.08142e-05
3.29367e-13	7.08435e-05
3.3072e-13	7.08728e-05
3.32072e-13	7.0902e-05
3.33425e-13	7.09312e-05
3.34777e-13	7.09604e-05
3.3613e-13	7.09895e-05
3.37483e-13	7.10187e-05
3.38835e-13	7.10478e-05
3.40188e-13	7.10769e-05
3.41541e-13	7.1106e-05
3.42893e-13	7.1135e-05
3.44246e-13	7.1164e-05
3.45599e-13	7.1193e-05
3.46951e-13	7.1222e-05
3.48304e-13	7.12509e-05
3.49656e-13	7.12799e-05
3.51009e-13	7.13088e-05
3.52362e-13	7.13377e-05
3.53714e-13	7.13665e-05
3.55067e-13	7.13953e-05
3.5642e-13	7.14241e-05
3.57772e-13	7.14529e-05
3.59125e-13	7.14817e-05
3.60478e-13	7.15104e-05
3.6183e-13	7.15391e-05
3.63183e-13	7.15678e-05
3.64535e-13	7.15964e-05
3.65888e-13	7.16251e-05
3.67241e-13	7.16537e-05
3.68593e-13	7.16822e-05
3.69946e-13	7.17108e-05
3.71299e-13	7.17393e-05
3.72651e-13	7.17678e-05
3.74004e-13	7.17963e-05
3.75357e-13	7.18247e-05
3.76709e-13	7.18532e-05
3.78062e-13	7.18816e-05
3.79414e-13	7.19099e-05
3.80767e-13	7.19383e-05
3.8212e-13	7.19666e-05
3.83472e-13	7.19949e-05
3.84825e-13	7.20232e-05
3.86178e-13	7.20514e-05
3.8753e-13	7.20796e-05
3.88883e-13	7.21078e-05
3.90236e-13	7.2136e-05
3.91588e-13	7.21641e-05
3.92941e-13	7.21922e-05
3.94293e-13	7.22203e-05
3.95646e-13	7.22484e-05
3.96999e-13	7.22764e-05
3.98351e-13	7.23044e-05
3.99704e-13	7.23324e-05
4.01057e-13	7.23603e-05
4.02409e-13	7.23882e-05
4.03762e-13	7.24161e-05
4.05115e-13	7.2444e-05
4.06467e-13	7.24718e-05
4.0782e-13	7.24996e-05
4.09172e-13	7.25274e-05
4.10525e-13	7.25552e-05
4.11878e-13	7.25829e-05
4.1323e-13	7.26106e-05
4.14583e-13	7.26382e-05
4.15936e-13	7.26659e-05
4.17288e-13	7.26935e-05
4.18641e-13	7.27211e-05
4.19994e-13	7.27486e-05
4.21346e-13	7.27762e-05
4.22699e-13	7.28037e-05
4.24051e-13	7.28311e-05
4.25404e-13	7.28586e-05
4.26757e-13	7.2886e-05
4.28109e-13	7.29134e-05
4.29462e-13	7.29407e-05
4.30815e-13	7.29681e-05
4.32167e-13	7.29953e-05
4.3352e-13	7.30226e-05
4.34873e-13	7.30499e-05
4.36225e-13	7.30771e-05
4.37578e-13	7.31042e-05
4.3893e-13	7.31314e-05
4.40283e-13	7.31585e-05
4.41636e-13	7.31856e-05
4.42988e-13	7.32127e-05
4.44341e-13	7.32397e-05
4.45694e-13	7.32667e-05
4.47046e-13	7.32937e-05
4.48399e-13	7.33206e-05
4.49752e-13	7.33475e-05
4.51104e-13	7.33744e-05
4.52457e-13	7.34012e-05
4.53809e-13	7.34281e-05
4.55162e-13	7.34549e-05
4.56515e-13	7.34816e-05
4.57867e-13	7.35083e-05
4.5922e-13	7.3535e-05
4.60573e-13	7.35617e-05
4.61925e-13	7.35883e-05
4.63278e-13	7.36149e-05
4.64631e-13	7.36415e-05
4.65983e-13	7.3668e-05
4.67336e-13	7.36946e-05
4.68688e-13	7.3721e-05
4.70041e-13	7.37475e-05
4.71394e-13	7.37739e-05
4.72746e-13	7.38003e-05
4.74099e-13	7.38266e-05
4.75452e-13	7.38529e-05
4.76804e-13	7.38792e-05
4.78157e-13	7.39055e-05
4.7951e-13	7.39317e-05
4.80862e-13	7.39579e-05
4.82215e-13	7.39841e-05
4.83567e-13	7.40102e-05
4.8492e-13	7.40363e-05
4.86273e-13	7.40623e-05
4.87625e-13	7.40884e-05
4.88978e-13	7.41144e-05
4.90331e-13	7.41403e-05
4.91683e-13	7.41662e-05
4.93036e-13	7.41921e-05
4.94389e-13	7.4218e-05
4.95741e-13	7.42438e-05
4.97094e-13	7.42696e-05
4.98446e-13	7.42954e-05
4.99799e-13	7.43211e-05
5.01152e-13	7.43468e-05
5.02504e-13	7.43725e-05
5.03857e-13	7.43981e-05
5.0521e-13	7.44237e-05
5.06562e-13	7.44492e-05
5.07915e-13	7.44748e-05
5.09268e-13	7.45003e-05
5.1062e-13	7.45257e-05
5.11973e-13	7.45511e-05
5.13325e-13	7.45765e-05
5.14678e-13	7.46019e-05
5.16031e-13	7.46272e-05
5.17383e-13	7.46525e-05
5.18736e-13	7.46777e-05
5.20089e-13	7.4703e-05
5.21441e-13	7.47281e-05
5.22794e-13	7.47533e-05
5.24147e-13	7.47784e-05
5.25499e-13	7.48035e-05
5.26852e-13	7.48285e-05
5.28204e-13	7.48535e-05
5.29557e-13	7.48785e-05
5.3091e-13	7.49034e-05
5.32262e-13	7.49283e-05
5.33615e-13	7.49532e-05
5.34968e-13	7.4978e-05
5.3632e-13	7.50028e-05
5.37673e-13	7.50275e-05
5.39026e-13	7.50523e-05
5.40378e-13	7.50769e-05
5.41731e-13	7.51016e-05
5.43083e-13	7.51262e-05
5.44436e-13	7.51507e-05
5.45789e-13	7.51753e-05
5.47141e-13	7.51998e-05
5.48494e-13	7.52242e-05
5.49847e-13	7.52487e-05
5.51199e-13	7.5273e-05
5.52552e-13	7.52974e-05
5.53905e-13	7.53217e-05
5.55257e-13	7.5346e-05
5.5661e-13	7.53702e-05
5.57962e-13	7.53944e-05
5.59315e-13	7.54186e-05
5.60668e-13	7.54427e-05
5.6202e-13	7.54668e-05
5.63373e-13	7.54908e-05
5.64726e-13	7.55149e-05
5.66078e-13	7.55388e-05
5.67431e-13	7.55628e-05
5.68784e-13	7.55866e-05
5.70136e-13	7.56105e-05
5.71489e-13	7.56343e-05
5.72841e-13	7.56581e-05
5.74194e-13	7.56818e-05
5.75547e-13	7.57055e-05
5.76899e-13	7.57292e-05
5.78252e-13	7.57528e-05
5.79605e-13	7.57764e-05
5.80957e-13	7.58e-05
5.8231e-13	7.58235e-05
5.83663e-13	7.58469e-05
5.85015e-13	7.58704e-05
5.86368e-13	7.58938e-05
5.8772e-13	7.59171e-05
5.89073e-13	7.59404e-05
5.90426e-13	7.59637e-05
5.91778e-13	7.59869e-05
5.93131e-13	7.60101e-05
5.94484e-13	7.60332e-05
5.95836e-13	7.60563e-05
5.97189e-13	7.60794e-05
5.98542e-13	7.61024e-05
5.99894e-13	7.61254e-05
6.01247e-13	7.61484e-05
6.02599e-13	7.61713e-05
6.03952e-13	7.61941e-05
6.05305e-13	7.6217e-05
6.06657e-13	7.62397e-05
6.0801e-13	7.62625e-05
6.09363e-13	7.62852e-05
6.10715e-13	7.63078e-05
6.12068e-13	7.63305e-05
6.13421e-13	7.6353e-05
6.14773e-13	7.63756e-05
6.16126e-13	7.63981e-05
6.17478e-13	7.64205e-05
6.18831e-13	7.64429e-05
6.20184e-13	7.64653e-05
6.21536e-13	7.64876e-05
6.22889e-13	7.65099e-05
6.24242e-13	7.65321e-05
6.25594e-13	7.65543e-05
6.26947e-13	7.65765e-05
6.283e-13	7.65986e-05
6.29652e-13	7.66206e-05
6.31005e-13	7.66427e-05
6.32357e-13	7.66646e-05
6.3371e-13	7.66866e-05
6.35063e-13	7.67085e-05
6.36415e-13	7.67303e-05
6.37768e-13	7.67521e-05
6.39121e-13	7.67739e-05
6.40473e-13	7.67956e-05
6.41826e-13	7.68173e-05
6.43179e-13	7.68389e-05
6.44531e-13	7.68605e-05
6.45884e-13	7.68821e-05
6.47236e-13	7.69036e-05
6.48589e-13	7.6925e-05
6.49942e-13	7.69464e-05
6.51294e-13	7.69678e-05
6.52647e-13	7.69891e-05
6.54e-13	7.70104e-05
6.55352e-13	7.70316e-05
6.56705e-13	7.70528e-05
6.58058e-13	7.7074e-05
6.5941e-13	7.70951e-05
6.60763e-13	7.71161e-05
6.62115e-13	7.71371e-05
6.63468e-13	7.71581e-05
6.64821e-13	7.7179e-05
6.66173e-13	7.71999e-05
6.67526e-13	7.72207e-05
6.68879e-13	7.72415e-05
6.70231e-13	7.72622e-05
6.71584e-13	7.72829e-05
6.72937e-13	7.73035e-05
6.74289e-13	7.73241e-05
6.75642e-13	7.73447e-05
6.76994e-13	7.73652e-05
6.78347e-13	7.73856e-05
6.797e-13	7.7406e-05
6.81052e-13	7.74264e-05
6.82405e-13	7.74467e-05
6.83758e-13	7.7467e-05
6.8511e-13	7.74872e-05
6.86463e-13	7.75073e-05
6.87815e-13	7.75275e-05
6.89168e-13	7.75475e-05
6.90521e-13	7.75676e-05
6.91873e-13	7.75876e-05
6.93226e-13	7.76075e-05
6.94579e-13	7.76274e-05
6.95931e-13	7.76472e-05
6.97284e-13	7.7667e-05
6.98637e-13	7.76867e-05
6.99989e-13	7.77064e-05
7.01342e-13	7.77261e-05
7.02694e-13	7.77457e-05
7.04047e-13	7.77652e-05
7.054e-13	7.77847e-05
7.06752e-13	7.78042e-05
7.08105e-13	7.78235e-05
7.09458e-13	7.78429e-05
7.1081e-13	7.78622e-05
7.12163e-13	7.78814e-05
7.13516e-13	7.79006e-05
7.14868e-13	7.79198e-05
7.16221e-13	7.79389e-05
7.17573e-13	7.79579e-05
7.18926e-13	7.79769e-05
7.20279e-13	7.79959e-05
7.21631e-13	7.80148e-05
7.22984e-13	7.80336e-05
7.24337e-13	7.80524e-05
7.25689e-13	7.80712e-05
7.27042e-13	7.80899e-05
7.28395e-13	7.81085e-05
7.29747e-13	7.81271e-05
7.311e-13	7.81457e-05
7.32452e-13	7.81642e-05
7.33805e-13	7.81826e-05
7.35158e-13	7.8201e-05
7.3651e-13	7.82194e-05
7.37863e-13	7.82376e-05
7.39216e-13	7.82559e-05
7.40568e-13	7.82741e-05
7.41921e-13	7.82922e-05
7.43274e-13	7.83103e-05
7.44626e-13	7.83283e-05
7.45979e-13	7.83463e-05
7.47331e-13	7.83642e-05
7.48684e-13	7.83821e-05
7.50037e-13	7.83999e-05
7.51389e-13	7.84177e-05
7.52742e-13	7.84354e-05
7.54095e-13	7.8453e-05
7.55447e-13	7.84706e-05
7.568e-13	7.84882e-05
7.58153e-13	7.85057e-05
7.59505e-13	7.85231e-05
7.60858e-13	7.85405e-05
7.6221e-13	7.85579e-05
7.63563e-13	7.85751e-05
7.64916e-13	7.85924e-05
7.66268e-13	7.86095e-05
7.67621e-13	7.86267e-05
7.68974e-13	7.86437e-05
7.70326e-13	7.86607e-05
7.71679e-13	7.86777e-05
7.73032e-13	7.86946e-05
7.74384e-13	7.87115e-05
7.75737e-13	7.87283e-05
7.77089e-13	7.8745e-05
7.78442e-13	7.87617e-05
7.79795e-13	7.87783e-05
7.81147e-13	7.87949e-05
7.825e-13	7.88114e-05
7.83853e-13	7.88279e-05
7.85205e-13	7.88443e-05
7.86558e-13	7.88606e-05
7.87911e-13	7.88769e-05
7.89263e-13	7.88931e-05
7.90616e-13	7.89093e-05
7.91968e-13	7.89254e-05
7.93321e-13	7.89415e-05
7.94674e-13	7.89575e-05
7.96026e-13	7.89735e-05
7.97379e-13	7.89894e-05
7.98732e-13	7.90052e-05
8.00084e-13	7.9021e-05
8.01437e-13	7.90367e-05
8.0279e-13	7.90524e-05
8.04142e-13	7.9068e-05
8.05495e-13	7.90836e-05
8.06847e-13	7.90991e-05
8.082e-13	7.91145e-05
8.09553e-13	7.91299e-05
8.10905e-13	7.91452e-05
8.12258e-13	7.91605e-05
8.13611e-13	7.91757e-05
8.14963e-13	7.91908e-05
8.16316e-13	7.92059e-05
8.17669e-13	7.92209e-05
8.19021e-13	7.92359e-05
8.20374e-13	7.92508e-05
8.21726e-13	7.92657e-05
8.23079e-13	7.92805e-05
8.24432e-13	7.92952e-05
8.25784e-13	7.93099e-05
8.27137e-13	7.93245e-05
8.2849e-13	7.9339e-05
8.29842e-13	7.93536e-05
8.31195e-13	7.9368e-05
8.32548e-13	7.93824e-05
8.339e-13	7.93967e-05
8.35253e-13	7.94109e-05
8.36605e-13	7.94251e-05
8.37958e-13	7.94393e-05
8.39311e-13	7.94533e-05
8.40663e-13	7.94673e-05
8.42016e-13	7.94813e-05
8.43369e-13	7.94952e-05
8.44721e-13	7.9509e-05
8.46074e-13	7.95228e-05
8.47427e-13	7.95365e-05
8.48779e-13	7.95501e-05
8.50132e-13	7.95637e-05
8.51484e-13	7.95772e-05
8.52837e-13	7.95907e-05
8.5419e-13	7.96041e-05
8.55542e-13	7.96174e-05
8.56895e-13	7.96307e-05
8.58248e-13	7.96439e-05
8.596e-13	7.9657e-05
8.60953e-13	7.96701e-05
8.62306e-13	7.96831e-05
8.63658e-13	7.96961e-05
8.65011e-13	7.9709e-05
8.66363e-13	7.97218e-05
8.67716e-13	7.97346e-05
8.69069e-13	7.97473e-05
8.70421e-13	7.97599e-05
8.71774e-13	7.97725e-05
8.73127e-13	7.9785e-05
8.74479e-13	7.97974e-05
8.75832e-13	7.98098e-05
8.77185e-13	7.98222e-05
8.78537e-13	7.98344e-05
8.7989e-13	7.98466e-05
8.81242e-13	7.98587e-05
8.82595e-13	7.98708e-05
8.83948e-13	7.98828e-05
8.853e-13	7.98947e-05
8.86653e-13	7.99066e-05
8.88006e-13	7.99184e-05
8.89358e-13	7.99301e-05
8.90711e-13	7.99418e-05
8.92064e-13	7.99534e-05
8.93416e-13	7.99649e-05
8.94769e-13	7.99764e-05
8.96121e-13	7.99878e-05
8.97474e-13	7.99991e-05
8.98827e-13	8.00104e-05
9.00179e-13	8.00216e-05
9.01532e-13	8.00327e-05
9.02885e-13	8.00438e-05
9.04237e-13	8.00548e-05
9.0559e-13	8.00657e-05
9.06943e-13	8.00766e-05
9.08295e-13	8.00874e-05
9.09648e-13	8.00981e-05
9.11e-13	8.01088e-05
9.12353e-13	8.01194e-05
9.13706e-13	8.01299e-05
9.15058e-13	8.01403e-05
9.16411e-13	8.01507e-05
9.17764e-13	8.01611e-05
9.19116e-13	8.01713e-05
9.20469e-13	8.01815e-05
9.21822e-13	8.01916e-05
9.23174e-13	8.02017e-05
9.24527e-13	8.02116e-05
9.25879e-13	8.02215e-05
9.27232e-13	8.02314e-05
9.28585e-13	8.02411e-05
9.29937e-13	8.02508e-05
9.3129e-13	8.02605e-05
9.32643e-13	8.027e-05
9.33995e-13	8.02795e-05
9.35348e-13	8.02889e-05
9.36701e-13	8.02983e-05
9.38053e-13	8.03076e-05
9.39406e-13	8.03168e-05
9.40758e-13	8.03259e-05
9.42111e-13	8.0335e-05
9.43464e-13	8.0344e-05
9.44816e-13	8.03529e-05
9.46169e-13	8.03617e-05
9.47522e-13	8.03705e-05
9.48874e-13	8.03792e-05
9.50227e-13	8.03879e-05
9.5158e-13	8.03964e-05
9.52932e-13	8.04049e-05
9.54285e-13	8.04133e-05
9.55637e-13	8.04217e-05
9.5699e-13	8.043e-05
9.58343e-13	8.04382e-05
9.59695e-13	8.04463e-05
9.61048e-13	8.04543e-05
9.62401e-13	8.04623e-05
9.63753e-13	8.04702e-05
9.65106e-13	8.04781e-05
9.66459e-13	8.04858e-05
9.67811e-13	8.04935e-05
9.69164e-13	8.05011e-05
9.70516e-13	8.05087e-05
9.71869e-13	8.05162e-05
9.73222e-13	8.05235e-05
9.74574e-13	8.05309e-05
9.75927e-13	8.05381e-05
9.7728e-13	8.05453e-05
9.78632e-13	8.05524e-05
9.79985e-13	8.05594e-05
9.81338e-13	8.05663e-05
9.8269e-13	8.05732e-05
9.84043e-13	8.058e-05
9.85395e-13	8.05867e-05
9.86748e-13	8.05934e-05
9.88101e-13	8.05999e-05
9.89453e-13	8.06064e-05
9.90806e-13	8.06128e-05
9.92159e-13	8.06192e-05
9.93511e-13	8.06254e-05
9.94864e-13	8.06316e-05
9.96217e-13	8.06377e-05
9.97569e-13	8.06437e-05
9.98922e-13	8.06497e-05
1.00027e-12	8.06556e-05
1.00163e-12	8.06614e-05
1.00298e-12	8.06671e-05
1.00433e-12	8.06727e-05
1.00569e-12	8.06783e-05
1.00704e-12	8.06838e-05
1.00839e-12	8.06892e-05
1.00974e-12	8.06945e-05
1.0111e-12	8.06998e-05
1.01245e-12	8.07049e-05
1.0138e-12	8.071e-05
1.01515e-12	8.07151e-05
1.01651e-12	8.072e-05
1.01786e-12	8.07249e-05
1.01921e-12	8.07296e-05
1.02056e-12	8.07343e-05
1.02192e-12	8.07389e-05
1.02327e-12	8.07435e-05
1.02462e-12	8.07479e-05
1.02597e-12	8.07523e-05
1.02733e-12	8.07566e-05
1.02868e-12	8.07608e-05
1.03003e-12	8.0765e-05
1.03139e-12	8.0769e-05
1.03274e-12	8.0773e-05
1.03409e-12	8.07769e-05
1.03544e-12	8.07807e-05
1.0368e-12	8.07845e-05
1.03815e-12	8.07881e-05
1.0395e-12	8.07917e-05
1.04085e-12	8.07952e-05
1.04221e-12	8.07986e-05
1.04356e-12	8.08019e-05
1.04491e-12	8.08051e-05
1.04626e-12	8.08083e-05
1.04762e-12	8.08114e-05
1.04897e-12	8.08144e-05
1.05032e-12	8.08173e-05
1.05167e-12	8.08201e-05
1.05303e-12	8.08229e-05
1.05438e-12	8.08255e-05
1.05573e-12	8.08281e-05
1.05709e-12	8.08306e-05
1.05844e-12	8.0833e-05
1.05979e-12	8.08353e-05
1.06114e-12	8.08376e-05
1.0625e-12	8.08397e-05
1.06385e-12	8.08418e-05
1.0652e-12	8.08438e-05
1.06655e-12	8.08457e-05
1.06791e-12	8.08475e-05
1.06926e-12	8.08492e-05
1.07061e-12	8.08509e-05
1.07196e-12	8.08524e-05
1.07332e-12	8.08539e-05
1.07467e-12	8.08553e-05
1.07602e-12	8.08566e-05
1.07737e-12	8.08578e-05
1.07873e-12	8.0859e-05
1.08008e-12	8.086e-05
1.08143e-12	8.0861e-05
1.08279e-12	8.08619e-05
1.08414e-12	8.08627e-05
1.08549e-12	8.08633e-05
1.08684e-12	8.0864e-05
1.0882e-12	8.08645e-05
1.08955e-12	8.08649e-05
1.0909e-12	8.08653e-05
1.09225e-12	8.08655e-05
1.09361e-12	8.08657e-05
1.09496e-12	8.08658e-05
1.09631e-12	8.08658e-05
1.09766e-12	8.08657e-05
1.09902e-12	8.08655e-05
1.10037e-12	8.08653e-05
1.10172e-12	8.08649e-05
1.10307e-12	8.08645e-05
1.10443e-12	8.08639e-05
1.10578e-12	8.08633e-05
1.10713e-12	8.08626e-05
1.10849e-12	8.08618e-05
1.10984e-12	8.08609e-05
1.11119e-12	8.08599e-05
1.11254e-12	8.08588e-05
1.1139e-12	8.08577e-05
1.11525e-12	8.08564e-05
1.1166e-12	8.08551e-05
1.11795e-12	8.08536e-05
1.11931e-12	8.08521e-05
1.12066e-12	8.08505e-05
1.12201e-12	8.08488e-05
1.12336e-12	8.0847e-05
1.12472e-12	8.08451e-05
1.12607e-12	8.08431e-05
1.12742e-12	8.0841e-05
1.12877e-12	8.08388e-05
1.13013e-12	8.08366e-05
1.13148e-12	8.08342e-05
1.13283e-12	8.08318e-05
1.13419e-12	8.08292e-05
1.13554e-12	8.08266e-05
1.13689e-12	8.08239e-05
1.13824e-12	8.0821e-05
1.1396e-12	8.08181e-05
1.14095e-12	8.08151e-05
1.1423e-12	8.0812e-05
1.14365e-12	8.08088e-05
1.14501e-12	8.08055e-05
1.14636e-12	8.08021e-05
1.14771e-12	8.07987e-05
1.14906e-12	8.07951e-05
1.15042e-12	8.07914e-05
1.15177e-12	8.07876e-05
1.15312e-12	8.07838e-05
1.15447e-12	8.07798e-05
1.15583e-12	8.07758e-05
1.15718e-12	8.07716e-05
1.15853e-12	8.07674e-05
1.15989e-12	8.0763e-05
1.16124e-12	8.07586e-05
1.16259e-12	8.07541e-05
1.16394e-12	8.07495e-05
1.1653e-12	8.07447e-05
1.16665e-12	8.07399e-05
1.168e-12	8.0735e-05
1.16935e-12	8.073e-05
1.17071e-12	8.07248e-05
1.17206e-12	8.07196e-05
1.17341e-12	8.07143e-05
1.17476e-12	8.07089e-05
1.17612e-12	8.07034e-05
1.17747e-12	8.06978e-05
1.17882e-12	8.06921e-05
1.18018e-12	8.06863e-05
1.18153e-12	8.06804e-05
1.18288e-12	8.06744e-05
1.18423e-12	8.06683e-05
1.18559e-12	8.06621e-05
1.18694e-12	8.06558e-05
1.18829e-12	8.06494e-05
1.18964e-12	8.06429e-05
1.191e-12	8.06363e-05
1.19235e-12	8.06296e-05
1.1937e-12	8.06228e-05
1.19505e-12	8.06159e-05
1.19641e-12	8.06089e-05
1.19776e-12	8.06018e-05
1.19911e-12	8.05946e-05
1.20046e-12	8.05873e-05
1.20182e-12	8.05798e-05
1.20317e-12	8.05723e-05
1.20452e-12	8.05647e-05
1.20588e-12	8.0557e-05
1.20723e-12	8.05492e-05
1.20858e-12	8.05413e-05
1.20993e-12	8.05333e-05
1.21129e-12	8.05251e-05
1.21264e-12	8.05169e-05
1.21399e-12	8.05086e-05
1.21534e-12	8.05001e-05
1.2167e-12	8.04916e-05
1.21805e-12	8.04829e-05
1.2194e-12	8.04742e-05
1.22075e-12	8.04654e-05
1.22211e-12	8.04564e-05
1.22346e-12	8.04473e-05
1.22481e-12	8.04382e-05
1.22616e-12	8.04289e-05
1.22752e-12	8.04195e-05
1.22887e-12	8.041e-05
1.23022e-12	8.04005e-05
1.23158e-12	8.03908e-05
1.23293e-12	8.0381e-05
1.23428e-12	8.03711e-05
1.23563e-12	8.03611e-05
1.23699e-12	8.0351e-05
1.23834e-12	8.03407e-05
1.23969e-12	8.03304e-05
1.24104e-12	8.032e-05
1.2424e-12	8.03094e-05
1.24375e-12	8.02988e-05
1.2451e-12	8.0288e-05
1.24645e-12	8.02772e-05
1.24781e-12	8.02662e-05
1.24916e-12	8.02551e-05
1.25051e-12	8.02439e-05
1.25186e-12	8.02326e-05
1.25322e-12	8.02212e-05
1.25457e-12	8.02097e-05
1.25592e-12	8.01981e-05
1.25728e-12	8.01863e-05
1.25863e-12	8.01745e-05
1.25998e-12	8.01625e-05
1.26133e-12	8.01505e-05
1.26269e-12	8.01383e-05
1.26404e-12	8.0126e-05
1.26539e-12	8.01136e-05
1.26674e-12	8.01011e-05
1.2681e-12	8.00885e-05
1.26945e-12	8.00758e-05
1.2708e-12	8.0063e-05
1.27215e-12	8.005e-05
1.27351e-12	8.0037e-05
1.27486e-12	8.00238e-05
1.27621e-12	8.00105e-05
1.27756e-12	7.99971e-05
1.27892e-12	7.99836e-05
1.28027e-12	7.997e-05
1.28162e-12	7.99563e-05
1.28298e-12	7.99424e-05
1.28433e-12	7.99285e-05
1.28568e-12	7.99144e-05
1.28703e-12	7.99002e-05
1.28839e-12	7.98859e-05
1.28974e-12	7.98715e-05
1.29109e-12	7.9857e-05
1.29244e-12	7.98423e-05
1.2938e-12	7.98276e-05
1.29515e-12	7.98127e-05
1.2965e-12	7.97977e-05
1.29785e-12	7.97827e-05
1.29921e-12	7.97674e-05
1.30056e-12	7.97521e-05
1.30191e-12	7.97367e-05
1.30326e-12	7.97211e-05
1.30462e-12	7.97054e-05
1.30597e-12	7.96896e-05
1.30732e-12	7.96737e-05
1.30868e-12	7.96577e-05
1.31003e-12	7.96416e-05
1.31138e-12	7.96253e-05
1.31273e-12	7.9609e-05
1.31409e-12	7.95925e-05
1.31544e-12	7.95759e-05
1.31679e-12	7.95591e-05
1.31814e-12	7.95423e-05
1.3195e-12	7.95253e-05
1.32085e-12	7.95082e-05
1.3222e-12	7.9491e-05
1.32355e-12	7.94737e-05
1.32491e-12	7.94563e-05
1.32626e-12	7.94387e-05
1.32761e-12	7.94211e-05
1.32897e-12	7.94033e-05
1.33032e-12	7.93854e-05
1.33167e-12	7.93673e-05
1.33302e-12	7.93492e-05
1.33438e-12	7.93309e-05
1.33573e-12	7.93125e-05
1.33708e-12	7.9294e-05
1.33843e-12	7.92753e-05
1.33979e-12	7.92566e-05
1.34114e-12	7.92377e-05
1.34249e-12	7.92187e-05
1.34384e-12	7.91996e-05
1.3452e-12	7.91804e-05
1.34655e-12	7.9161e-05
1.3479e-12	7.91415e-05
1.34925e-12	7.91219e-05
1.35061e-12	7.91022e-05
1.35196e-12	7.90823e-05
1.35331e-12	7.90623e-05
1.35467e-12	7.90422e-05
1.35602e-12	7.9022e-05
1.35737e-12	7.90017e-05
1.35872e-12	7.89812e-05
1.36008e-12	7.89606e-05
1.36143e-12	7.89399e-05
1.36278e-12	7.8919e-05
1.36413e-12	7.8898e-05
1.36549e-12	7.8877e-05
1.36684e-12	7.88557e-05
1.36819e-12	7.88344e-05
1.36954e-12	7.88129e-05
1.3709e-12	7.87913e-05
1.37225e-12	7.87696e-05
1.3736e-12	7.87477e-05
1.37495e-12	7.87258e-05
1.37631e-12	7.87037e-05
1.37766e-12	7.86814e-05
1.37901e-12	7.86591e-05
1.38037e-12	7.86366e-05
1.38172e-12	7.8614e-05
1.38307e-12	7.85912e-05
1.38442e-12	7.85684e-05
1.38578e-12	7.85454e-05
1.38713e-12	7.85223e-05
1.38848e-12	7.8499e-05
1.38983e-12	7.84756e-05
1.39119e-12	7.84521e-05
1.39254e-12	7.84285e-05
1.39389e-12	7.84047e-05
1.39524e-12	7.83808e-05
1.3966e-12	7.83568e-05
1.39795e-12	7.83326e-05
1.3993e-12	7.83084e-05
1.40065e-12	7.82839e-05
1.40201e-12	7.82594e-05
1.40336e-12	7.82347e-05
1.40471e-12	7.82099e-05
1.40607e-12	7.8185e-05
1.40742e-12	7.81599e-05
1.40877e-12	7.81347e-05
1.41012e-12	7.81094e-05
1.41148e-12	7.80839e-05
1.41283e-12	7.80583e-05
1.41418e-12	7.80325e-05
1.41553e-12	7.80067e-05
1.41689e-12	7.79807e-05
1.41824e-12	7.79546e-05
1.41959e-12	7.79283e-05
1.42094e-12	7.79019e-05
1.4223e-12	7.78754e-05
1.42365e-12	7.78487e-05
1.425e-12	7.78219e-05
1.42635e-12	7.7795e-05
1.42771e-12	7.77679e-05
1.42906e-12	7.77407e-05
1.43041e-12	7.77133e-05
1.43177e-12	7.76859e-05
1.43312e-12	7.76583e-05
1.43447e-12	7.76305e-05
1.43582e-12	7.76026e-05
1.43718e-12	7.75746e-05
1.43853e-12	7.75465e-05
1.43988e-12	7.75182e-05
1.44123e-12	7.74897e-05
1.44259e-12	7.74612e-05
1.44394e-12	7.74325e-05
1.44529e-12	7.74036e-05
1.44664e-12	7.73746e-05
1.448e-12	7.73455e-05
1.44935e-12	7.73163e-05
1.4507e-12	7.72869e-05
1.45205e-12	7.72573e-05
1.45341e-12	7.72277e-05
1.45476e-12	7.71979e-05
1.45611e-12	7.71679e-05
1.45747e-12	7.71378e-05
1.45882e-12	7.71076e-05
1.46017e-12	7.70772e-05
1.46152e-12	7.70467e-05
1.46288e-12	7.70161e-05
1.46423e-12	7.69853e-05
1.46558e-12	7.69543e-05
1.46693e-12	7.69233e-05
1.46829e-12	7.68921e-05
1.46964e-12	7.68607e-05
1.47099e-12	7.68292e-05
1.47234e-12	7.67976e-05
1.4737e-12	7.67658e-05
1.47505e-12	7.67339e-05
1.4764e-12	7.67018e-05
1.47776e-12	7.66696e-05
1.47911e-12	7.66372e-05
1.48046e-12	7.66047e-05
1.48181e-12	7.65721e-05
1.48317e-12	7.65393e-05
1.48452e-12	7.65064e-05
1.48587e-12	7.64733e-05
1.48722e-12	7.64401e-05
1.48858e-12	7.64067e-05
1.48993e-12	7.63732e-05
1.49128e-12	7.63396e-05
1.49263e-12	7.63058e-05
1.49399e-12	7.62718e-05
1.49534e-12	7.62378e-05
1.49669e-12	7.62035e-05
1.49804e-12	7.61691e-05
1.4994e-12	7.61346e-05
1.50075e-12	7.60999e-05
1.5021e-12	7.60651e-05
1.50346e-12	7.60302e-05
1.50481e-12	7.5995e-05
1.50616e-12	7.59598e-05
1.50751e-12	7.59244e-05
1.50887e-12	7.58888e-05
1.51022e-12	7.58531e-05
1.51157e-12	7.58172e-05
1.51292e-12	7.57812e-05
1.51428e-12	7.57451e-05
1.51563e-12	7.57088e-05
1.51698e-12	7.56723e-05
1.51833e-12	7.56357e-05
1.51969e-12	7.5599e-05
1.52104e-12	7.5562e-05
1.52239e-12	7.5525e-05
1.52374e-12	7.54878e-05
1.5251e-12	7.54504e-05
1.52645e-12	7.54129e-05
1.5278e-12	7.53753e-05
1.52916e-12	7.53375e-05
1.53051e-12	7.52995e-05
1.53186e-12	7.52614e-05
1.53321e-12	7.52231e-05
1.53457e-12	7.51847e-05
1.53592e-12	7.51461e-05
1.53727e-12	7.51074e-05
1.53862e-12	7.50685e-05
1.53998e-12	7.50295e-05
1.54133e-12	7.49903e-05
1.54268e-12	7.49509e-05
1.54403e-12	7.49114e-05
1.54539e-12	7.48718e-05
1.54674e-12	7.4832e-05
1.54809e-12	7.4792e-05
1.54944e-12	7.47519e-05
1.5508e-12	7.47116e-05
1.55215e-12	7.46712e-05
1.5535e-12	7.46306e-05
1.55486e-12	7.45899e-05
1.55621e-12	7.4549e-05
1.55756e-12	7.45079e-05
1.55891e-12	7.44667e-05
1.56027e-12	7.44254e-05
1.56162e-12	7.43838e-05
1.56297e-12	7.43421e-05
1.56432e-12	7.43003e-05
1.56568e-12	7.42583e-05
1.56703e-12	7.42162e-05
1.56838e-12	7.41738e-05
1.56973e-12	7.41314e-05
1.57109e-12	7.40887e-05
1.57244e-12	7.40459e-05
1.57379e-12	7.4003e-05
1.57514e-12	7.39599e-05
1.5765e-12	7.39166e-05
1.57785e-12	7.38731e-05
1.5792e-12	7.38295e-05
1.58056e-12	7.37858e-05
1.58191e-12	7.37419e-05
1.58326e-12	7.36978e-05
1.58461e-12	7.36536e-05
1.58597e-12	7.36092e-05
1.58732e-12	7.35646e-05
1.58867e-12	7.35199e-05
1.59002e-12	7.3475e-05
1.59138e-12	7.34299e-05
1.59273e-12	7.33847e-05
1.59408e-12	7.33393e-05
1.59543e-12	7.32938e-05
1.59679e-12	7.32481e-05
1.59814e-12	7.32022e-05
1.59949e-12	7.31562e-05
1.60084e-12	7.311e-05
1.6022e-12	7.30636e-05
1.60355e-12	7.30171e-05
1.6049e-12	7.29704e-05
1.60626e-12	7.29235e-05
1.60761e-12	7.28765e-05
1.60896e-12	7.28293e-05
1.61031e-12	7.27819e-05
1.61167e-12	7.27344e-05
1.61302e-12	7.26867e-05
1.61437e-12	7.26388e-05
1.61572e-12	7.25908e-05
1.61708e-12	7.25426e-05
1.61843e-12	7.24943e-05
1.61978e-12	7.24457e-05
1.62113e-12	7.2397e-05
1.62249e-12	7.23481e-05
1.62384e-12	7.22991e-05
1.62519e-12	7.22499e-05
1.62655e-12	7.22005e-05
1.6279e-12	7.2151e-05
1.62925e-12	7.21012e-05
1.6306e-12	7.20514e-05
1.63196e-12	7.20013e-05
1.63331e-12	7.19511e-05
1.63466e-12	7.19007e-05
1.63601e-12	7.18501e-05
1.63737e-12	7.17994e-05
1.63872e-12	7.17484e-05
1.64007e-12	7.16974e-05
1.64142e-12	7.16461e-05
1.64278e-12	7.15947e-05
1.64413e-12	7.15431e-05
1.64548e-12	7.14913e-05
1.64683e-12	7.14393e-05
1.64819e-12	7.13872e-05
1.64954e-12	7.13349e-05
1.65089e-12	7.12824e-05
1.65225e-12	7.12298e-05
1.6536e-12	7.11769e-05
1.65495e-12	7.11239e-05
1.6563e-12	7.10708e-05
1.65766e-12	7.10174e-05
1.65901e-12	7.09639e-05
1.66036e-12	7.09102e-05
1.66171e-12	7.08563e-05
1.66307e-12	7.08023e-05
1.66442e-12	7.0748e-05
1.66577e-12	7.06936e-05
1.66712e-12	7.0639e-05
1.66848e-12	7.05843e-05
1.66983e-12	7.05293e-05
1.67118e-12	7.04742e-05
1.67253e-12	7.04189e-05
1.67389e-12	7.03635e-05
1.67524e-12	7.03078e-05
1.67659e-12	7.0252e-05
1.67795e-12	7.0196e-05
1.6793e-12	7.01398e-05
1.68065e-12	7.00834e-05
1.682e-12	7.00268e-05
1.68336e-12	6.99701e-05
1.68471e-12	6.99132e-05
1.68606e-12	6.98561e-05
1.68741e-12	6.97988e-05
1.68877e-12	6.97413e-05
1.69012e-12	6.96837e-05
1.69147e-12	6.96259e-05
1.69282e-12	6.95679e-05
1.69418e-12	6.95097e-05
1.69553e-12	6.94513e-05
1.69688e-12	6.93928e-05
1.69823e-12	6.9334e-05
1.69959e-12	6.92751e-05
1.70094e-12	6.9216e-05
1.70229e-12	6.91567e-05
1.70365e-12	6.90972e-05
1.705e-12	6.90376e-05
1.70635e-12	6.89777e-05
1.7077e-12	6.89177e-05
1.70906e-12	6.88575e-05
1.71041e-12	6.87971e-05
1.71176e-12	6.87365e-05
1.71311e-12	6.86757e-05
1.71447e-12	6.86147e-05
1.71582e-12	6.85536e-05
1.71717e-12	6.84923e-05
1.71852e-12	6.84307e-05
1.71988e-12	6.8369e-05
1.72123e-12	6.83071e-05
1.72258e-12	6.8245e-05
1.72393e-12	6.81828e-05
1.72529e-12	6.81203e-05
1.72664e-12	6.80576e-05
1.72799e-12	6.79948e-05
1.72935e-12	6.79317e-05
1.7307e-12	6.78685e-05
1.73205e-12	6.78051e-05
1.7334e-12	6.77415e-05
1.73476e-12	6.76777e-05
1.73611e-12	6.76137e-05
1.73746e-12	6.75495e-05
1.73881e-12	6.74851e-05
1.74017e-12	6.74206e-05
1.74152e-12	6.73558e-05
1.74287e-12	6.72909e-05
1.74422e-12	6.72257e-05
1.74558e-12	6.71604e-05
1.74693e-12	6.70949e-05
1.74828e-12	6.70291e-05
1.74963e-12	6.69632e-05
1.75099e-12	6.68971e-05
1.75234e-12	6.68308e-05
1.75369e-12	6.67643e-05
1.75505e-12	6.66976e-05
1.7564e-12	6.66307e-05
1.75775e-12	6.65636e-05
1.7591e-12	6.64963e-05
1.76046e-12	6.64289e-05
1.76181e-12	6.63612e-05
1.76316e-12	6.62933e-05
1.76451e-12	6.62252e-05
1.76587e-12	6.6157e-05
1.76722e-12	6.60885e-05
1.76857e-12	6.60198e-05
1.76992e-12	6.5951e-05
1.77128e-12	6.58819e-05
1.77263e-12	6.58126e-05
1.77398e-12	6.57432e-05
1.77533e-12	6.56735e-05
1.77669e-12	6.56037e-05
1.77804e-12	6.55336e-05
1.77939e-12	6.54633e-05
1.78075e-12	6.53929e-05
1.7821e-12	6.53222e-05
1.78345e-12	6.52514e-05
1.7848e-12	6.51803e-05
1.78616e-12	6.5109e-05
1.78751e-12	6.50376e-05
1.78886e-12	6.49659e-05
1.79021e-12	6.4894e-05
1.79157e-12	6.48219e-05
1.79292e-12	6.47496e-05
1.79427e-12	6.46772e-05
1.79562e-12	6.46045e-05
1.79698e-12	6.45316e-05
1.79833e-12	6.44585e-05
1.79968e-12	6.43852e-05
1.80104e-12	6.43117e-05
1.80239e-12	6.4238e-05
1.80374e-12	6.4164e-05
1.80509e-12	6.40899e-05
1.80645e-12	6.40156e-05
1.8078e-12	6.39411e-05
1.80915e-12	6.38663e-05
1.8105e-12	6.37914e-05
1.81186e-12	6.37162e-05
1.81321e-12	6.36408e-05
1.81456e-12	6.35653e-05
1.81591e-12	6.34895e-05
1.81727e-12	6.34135e-05
1.81862e-12	6.33373e-05
1.81997e-12	6.32609e-05
1.82132e-12	6.31842e-05
1.82268e-12	6.31074e-05
1.82403e-12	6.30304e-05
1.82538e-12	6.29531e-05
1.82674e-12	6.28757e-05
1.82809e-12	6.2798e-05
1.82944e-12	6.27201e-05
1.83079e-12	6.2642e-05
1.83215e-12	6.25637e-05
1.8335e-12	6.24852e-05
1.83485e-12	6.24065e-05
1.8362e-12	6.23275e-05
1.83756e-12	6.22484e-05
1.83891e-12	6.2169e-05
1.84026e-12	6.20894e-05
1.84161e-12	6.20096e-05
1.84297e-12	6.19296e-05
1.84432e-12	6.18494e-05
1.84567e-12	6.17689e-05
1.84702e-12	6.16883e-05
1.84838e-12	6.16074e-05
1.84973e-12	6.15263e-05
1.85108e-12	6.1445e-05
1.85244e-12	6.13635e-05
1.85379e-12	6.12817e-05
1.85514e-12	6.11998e-05
1.85649e-12	6.11176e-05
1.85785e-12	6.10352e-05
1.8592e-12	6.09526e-05
1.86055e-12	6.08698e-05
1.8619e-12	6.07867e-05
1.86326e-12	6.07034e-05
1.86461e-12	6.062e-05
1.86596e-12	6.05363e-05
1.86731e-12	6.04523e-05
1.86867e-12	6.03682e-05
1.87002e-12	6.02838e-05
1.87137e-12	6.01992e-05
1.87272e-12	6.01144e-05
1.87408e-12	6.00294e-05
1.87543e-12	5.99441e-05
1.87678e-12	5.98587e-05
1.87814e-12	5.9773e-05
1.87949e-12	5.9687e-05
1.88084e-12	5.96009e-05
1.88219e-12	5.95145e-05
1.88355e-12	5.94279e-05
1.8849e-12	5.93411e-05
1.88625e-12	5.92541e-05
1.8876e-12	5.91668e-05
1.88896e-12	5.90793e-05
1.89031e-12	5.89916e-05
1.89166e-12	5.89037e-05
1.89301e-12	5.88155e-05
1.89437e-12	5.87271e-05
1.89572e-12	5.86385e-05
1.89707e-12	5.85497e-05
1.89842e-12	5.84606e-05
1.89978e-12	5.83713e-05
1.90113e-12	5.82818e-05
1.90248e-12	5.8192e-05
1.90384e-12	5.8102e-05
1.90519e-12	5.80118e-05
1.90654e-12	5.79214e-05
1.90789e-12	5.78307e-05
1.90925e-12	5.77398e-05
1.9106e-12	5.76487e-05
1.91195e-12	5.75573e-05
1.9133e-12	5.74657e-05
1.91466e-12	5.73739e-05
1.91601e-12	5.72819e-05
1.91736e-12	5.71896e-05
1.91871e-12	5.70971e-05
1.92007e-12	5.70043e-05
1.92142e-12	5.69113e-05
1.92277e-12	5.68181e-05
1.92412e-12	5.67247e-05
1.92548e-12	5.6631e-05
1.92683e-12	5.65371e-05
1.92818e-12	5.64429e-05
1.92954e-12	5.63485e-05
1.93089e-12	5.62539e-05
1.93224e-12	5.6159e-05
1.93359e-12	5.6064e-05
1.93495e-12	5.59686e-05
1.9363e-12	5.58731e-05
1.93765e-12	5.57773e-05
1.939e-12	5.56812e-05
1.94036e-12	5.55849e-05
1.94171e-12	5.54884e-05
1.94306e-12	5.53917e-05
1.94441e-12	5.52947e-05
1.94577e-12	5.51975e-05
1.94712e-12	5.51e-05
1.94847e-12	5.50023e-05
1.94983e-12	5.49044e-05
1.95118e-12	5.48062e-05
1.95253e-12	5.47078e-05
1.95388e-12	5.46091e-05
1.95524e-12	5.45102e-05
1.95659e-12	5.4411e-05
1.95794e-12	5.43116e-05
1.95929e-12	5.4212e-05
1.96065e-12	5.41121e-05
1.962e-12	5.4012e-05
1.96335e-12	5.39117e-05
1.9647e-12	5.38111e-05
1.96606e-12	5.37102e-05
1.96741e-12	5.36091e-05
1.96876e-12	5.35078e-05
1.97011e-12	5.34062e-05
1.97147e-12	5.33044e-05
1.97282e-12	5.32023e-05
1.97417e-12	5.31e-05
1.97553e-12	5.29975e-05
1.97688e-12	5.28947e-05
1.97823e-12	5.27916e-05
1.97958e-12	5.26883e-05
1.98094e-12	5.25848e-05
1.98229e-12	5.2481e-05
1.98364e-12	5.23769e-05
1.98499e-12	5.22726e-05
1.98635e-12	5.21681e-05
1.9877e-12	5.20633e-05
1.98905e-12	5.19583e-05
1.9904e-12	5.1853e-05
1.99176e-12	5.17475e-05
1.99311e-12	5.16417e-05
1.99446e-12	5.15356e-05
1.99581e-12	5.14293e-05
1.99717e-12	5.13228e-05
1.99852e-12	5.1216e-05
1.99987e-12	5.1109e-05
2.00123e-12	5.10017e-05
2.00258e-12	5.08941e-05
2.00393e-12	5.07863e-05
2.00528e-12	5.06783e-05
2.00664e-12	5.057e-05
2.00799e-12	5.04614e-05
2.00934e-12	5.03526e-05
2.01069e-12	5.02435e-05
2.01205e-12	5.01342e-05
2.0134e-12	5.00246e-05
2.01475e-12	4.99148e-05
2.0161e-12	4.98047e-05
2.01746e-12	4.96943e-05
2.01881e-12	4.95837e-05
2.02016e-12	4.94728e-05
2.02151e-12	4.93617e-05
2.02287e-12	4.92503e-05
2.02422e-12	4.91387e-05
2.02557e-12	4.90268e-05
2.02693e-12	4.89146e-05
2.02828e-12	4.88022e-05
2.02963e-12	4.86895e-05
2.03098e-12	4.85766e-05
2.03234e-12	4.84634e-05
2.03369e-12	4.835e-05
2.03504e-12	4.82362e-05
2.03639e-12	4.81223e-05
2.03775e-12	4.8008e-05
2.0391e-12	4.78935e-05
2.04045e-12	4.77787e-05
2.0418e-12	4.76637e-05
2.04316e-12	4.75484e-05
2.04451e-12	4.74329e-05
2.04586e-12	4.7317e-05
2.04721e-12	4.7201e-05
2.04857e-12	4.70846e-05
2.04992e-12	4.6968e-05
2.05127e-12	4.68511e-05
2.05263e-12	4.6734e-05
2.05398e-12	4.66166e-05
2.05533e-12	4.64989e-05
2.05668e-12	4.63809e-05
2.05804e-12	4.62627e-05
2.05939e-12	4.61443e-05
2.06074e-12	4.60255e-05
2.06209e-12	4.59065e-05
2.06345e-12	4.57872e-05
2.0648e-12	4.56677e-05
2.06615e-12	4.55478e-05
2.0675e-12	4.54277e-05
2.06886e-12	4.53074e-05
2.07021e-12	4.51867e-05
2.07156e-12	4.50658e-05
2.07291e-12	4.49447e-05
2.07427e-12	4.48232e-05
2.07562e-12	4.47015e-05
2.07697e-12	4.45795e-05
2.07833e-12	4.44573e-05
2.07968e-12	4.43347e-05
2.08103e-12	4.42119e-05
2.08238e-12	4.40888e-05
2.08374e-12	4.39655e-05
2.08509e-12	4.38418e-05
2.08644e-12	4.37179e-05
2.08779e-12	4.35938e-05
2.08915e-12	4.34693e-05
2.0905e-12	4.33446e-05
2.09185e-12	4.32196e-05
2.0932e-12	4.30943e-05
2.09456e-12	4.29687e-05
2.09591e-12	4.28429e-05
2.09726e-12	4.27168e-05
2.09862e-12	4.25904e-05
2.09997e-12	4.24637e-05
2.10132e-12	4.23367e-05
2.10267e-12	4.22095e-05
2.10403e-12	4.2082e-05
2.10538e-12	4.19542e-05
2.10673e-12	4.18261e-05
2.10808e-12	4.16978e-05
2.10944e-12	4.15691e-05
2.11079e-12	4.14402e-05
2.11214e-12	4.1311e-05
2.11349e-12	4.11815e-05
2.11485e-12	4.10518e-05
2.1162e-12	4.09217e-05
2.11755e-12	4.07914e-05
2.1189e-12	4.06608e-05
2.12026e-12	4.05299e-05
2.12161e-12	4.03987e-05
2.12296e-12	4.02672e-05
2.12432e-12	4.01355e-05
2.12567e-12	4.00035e-05
2.12702e-12	3.98711e-05
2.12837e-12	3.97385e-05
2.12973e-12	3.96056e-05
2.13108e-12	3.94725e-05
2.13243e-12	3.9339e-05
2.13378e-12	3.92052e-05
2.13514e-12	3.90712e-05
2.13649e-12	3.89368e-05
2.13784e-12	3.88022e-05
2.13919e-12	3.86673e-05
2.14055e-12	3.85321e-05
2.1419e-12	3.83966e-05
2.14325e-12	3.82608e-05
2.1446e-12	3.81248e-05
2.14596e-12	3.79884e-05
2.14731e-12	3.78517e-05
2.14866e-12	3.77148e-05
2.15002e-12	3.75775e-05
2.15137e-12	3.744e-05
2.15272e-12	3.73022e-05
2.15407e-12	3.71641e-05
2.15543e-12	3.70256e-05
2.15678e-12	3.68869e-05
2.15813e-12	3.67479e-05
2.15948e-12	3.66086e-05
2.16084e-12	3.6469e-05
2.16219e-12	3.63291e-05
2.16354e-12	3.61889e-05
2.16489e-12	3.60485e-05
2.16625e-12	3.59077e-05
2.1676e-12	3.57666e-05
2.16895e-12	3.56252e-05
2.1703e-12	3.54835e-05
2.17166e-12	3.53416e-05
2.17301e-12	3.51993e-05
2.17436e-12	3.50567e-05
2.17572e-12	3.49138e-05
2.17707e-12	3.47707e-05
2.17842e-12	3.46272e-05
2.17977e-12	3.44834e-05
2.18113e-12	3.43394e-05
2.18248e-12	3.4195e-05
2.18383e-12	3.40503e-05
2.18518e-12	3.39053e-05
2.18654e-12	3.376e-05
2.18789e-12	3.36144e-05
2.18924e-12	3.34685e-05
2.19059e-12	3.33223e-05
2.19195e-12	3.31758e-05
2.1933e-12	3.3029e-05
2.19465e-12	3.28819e-05
2.196e-12	3.27345e-05
2.19736e-12	3.25868e-05
2.19871e-12	3.24388e-05
2.20006e-12	3.22904e-05
2.20142e-12	3.21418e-05
2.20277e-12	3.19928e-05
2.20412e-12	3.18436e-05
2.20547e-12	3.1694e-05
2.20683e-12	3.15441e-05
2.20818e-12	3.13939e-05
2.20953e-12	3.12434e-05
2.21088e-12	3.10926e-05
2.21224e-12	3.09415e-05
2.21359e-12	3.07901e-05
2.21494e-12	3.06383e-05
2.21629e-12	3.04863e-05
2.21765e-12	3.03339e-05
2.219e-12	3.01812e-05
2.22035e-12	3.00282e-05
2.2217e-12	2.98749e-05
2.22306e-12	2.97213e-05
2.22441e-12	2.95674e-05
2.22576e-12	2.94131e-05
2.22712e-12	2.92586e-05
2.22847e-12	2.91037e-05
2.22982e-12	2.89485e-05
2.23117e-12	2.8793e-05
2.23253e-12	2.86372e-05
2.23388e-12	2.8481e-05
2.23523e-12	2.83246e-05
2.23658e-12	2.81678e-05
2.23794e-12	2.80107e-05
2.23929e-12	2.78533e-05
2.24064e-12	2.76956e-05
2.24199e-12	2.75375e-05
2.24335e-12	2.73791e-05
2.2447e-12	2.72204e-05
2.24605e-12	2.70614e-05
2.24741e-12	2.69021e-05
2.24876e-12	2.67424e-05
2.25011e-12	2.65824e-05
2.25146e-12	2.64221e-05
2.25282e-12	2.62615e-05
2.25417e-12	2.61006e-05
2.25552e-12	2.59393e-05
2.25687e-12	2.57777e-05
2.25823e-12	2.56158e-05
2.25958e-12	2.54535e-05
2.26093e-12	2.5291e-05
2.26228e-12	2.51281e-05
2.26364e-12	2.49648e-05
2.26499e-12	2.48013e-05
2.26634e-12	2.46374e-05
2.26769e-12	2.44732e-05
2.26905e-12	2.43087e-05
2.2704e-12	2.41438e-05
2.27175e-12	2.39786e-05
2.27311e-12	2.38131e-05
2.27446e-12	2.36473e-05
2.27581e-12	2.34811e-05
2.27716e-12	2.33146e-05
2.27852e-12	2.31477e-05
2.27987e-12	2.29806e-05
2.28122e-12	2.28131e-05
2.28257e-12	2.26452e-05
2.28393e-12	2.24771e-05
2.28528e-12	2.23086e-05
2.28663e-12	2.21397e-05
2.28798e-12	2.19706e-05
2.28934e-12	2.18011e-05
2.29069e-12	2.16312e-05
2.29204e-12	2.14611e-05
2.29339e-12	2.12906e-05
2.29475e-12	2.11197e-05
2.2961e-12	2.09486e-05
2.29745e-12	2.0777e-05
2.29881e-12	2.06052e-05
2.30016e-12	2.0433e-05
2.30151e-12	2.02605e-05
2.30286e-12	2.00876e-05
2.30422e-12	1.99144e-05
2.30557e-12	1.97409e-05
2.30692e-12	1.9567e-05
2.30827e-12	1.93928e-05
2.30963e-12	1.92182e-05
2.31098e-12	1.90433e-05
2.31233e-12	1.8868e-05
2.31368e-12	1.86924e-05
2.31504e-12	1.85165e-05
2.31639e-12	1.83402e-05
2.31774e-12	1.81636e-05
2.31909e-12	1.79867e-05
2.32045e-12	1.78094e-05
2.3218e-12	1.76317e-05
2.32315e-12	1.74537e-05
2.32451e-12	1.72754e-05
2.32586e-12	1.70967e-05
2.32721e-12	1.69177e-05
2.32856e-12	1.67383e-05
2.32992e-12	1.65586e-05
2.33127e-12	1.63785e-05
2.33262e-12	1.61981e-05
2.33397e-12	1.60173e-05
2.33533e-12	1.58362e-05
2.33668e-12	1.56547e-05
2.33803e-12	1.54729e-05
2.33938e-12	1.52907e-05
2.34074e-12	1.51082e-05
2.34209e-12	1.49253e-05
2.34344e-12	1.47421e-05
2.34479e-12	1.45585e-05
2.34615e-12	1.43746e-05
2.3475e-12	1.41903e-05
2.34885e-12	1.40057e-05
2.35021e-12	1.38207e-05
2.35156e-12	1.36354e-05
2.35291e-12	1.34497e-05
2.35426e-12	1.32636e-05
2.35562e-12	1.30772e-05
2.35697e-12	1.28905e-05
2.35832e-12	1.27034e-05
2.35967e-12	1.25159e-05
2.36103e-12	1.23281e-05
2.36238e-12	1.21399e-05
2.36373e-12	1.19513e-05
2.36508e-12	1.17624e-05
2.36644e-12	1.15731e-05
2.36779e-12	1.13835e-05
2.36914e-12	1.11935e-05
2.37049e-12	1.10032e-05
2.37185e-12	1.08125e-05
2.3732e-12	1.06214e-05
2.37455e-12	1.043e-05
2.37591e-12	1.02382e-05
2.37726e-12	1.0046e-05
2.37861e-12	9.85352e-06
2.37996e-12	9.66064e-06
2.38132e-12	9.4674e-06
2.38267e-12	9.27379e-06
2.38402e-12	9.07981e-06
2.38537e-12	8.88547e-06
2.38673e-12	8.69076e-06
2.38808e-12	8.49569e-06
2.38943e-12	8.30025e-06
2.39078e-12	8.10444e-06
2.39214e-12	7.90827e-06
2.39349e-12	7.71173e-06
2.39484e-12	7.51482e-06
2.39619e-12	7.31754e-06
2.39755e-12	7.11989e-06
2.3989e-12	6.92187e-06
2.40025e-12	6.72347e-06
2.40161e-12	6.52471e-06
2.40296e-12	6.32558e-06
2.40431e-12	6.12608e-06
2.40566e-12	5.9262e-06
2.40702e-12	5.72595e-06
2.40837e-12	5.52532e-06
2.40972e-12	5.32433e-06
2.41107e-12	5.12296e-06
2.41243e-12	4.92121e-06
2.41378e-12	4.71909e-06
2.41513e-12	4.51659e-06
2.41648e-12	4.31372e-06
2.41784e-12	4.11047e-06
2.41919e-12	3.90684e-06
2.42054e-12	3.70284e-06
2.4219e-12	3.49846e-06
2.42325e-12	3.2937e-06
2.4246e-12	3.08856e-06
2.42595e-12	2.88304e-06
2.42731e-12	2.67714e-06
2.42866e-12	2.47087e-06
2.43001e-12	2.26421e-06
2.43136e-12	2.05717e-06
2.43272e-12	1.84975e-06
2.43407e-12	1.64194e-06
2.43542e-12	1.43376e-06
2.43677e-12	1.22519e-06
2.43813e-12	1.01623e-06
2.43948e-12	8.06895e-07
2.44083e-12	5.97174e-07
2.44218e-12	3.87067e-07
2.44354e-12	1.76575e-07
2.44489e-12	-3.43032e-08
2.44624e-12	-2.45568e-07
2.4476e-12	-4.57219e-07
2.44895e-12	-6.69258e-07
2.4503e-12	-8.81684e-07
2.45165e-12	-1.0945e-06
2.45301e-12	-1.3077e-06
2.45436e-12	-1.5213e-06
2.45571e-12	-1.73528e-06
2.45706e-12	-1.94965e-06
2.45842e-12	-2.16441e-06
2.45977e-12	-2.37957e-06
2.46112e-12	-2.59512e-06
2.46247e-12	-2.81105e-06
2.46383e-12	-3.02739e-06
2.46518e-12	-3.24411e-06
2.46653e-12	-3.46123e-06
2.46788e-12	-3.67874e-06
2.46924e-12	-3.89665e-06
2.47059e-12	-4.11495e-06
2.47194e-12	-4.33364e-06
2.4733e-12	-4.55274e-06
2.47465e-12	-4.77223e-06
2.476e-12	-4.99211e-06
2.47735e-12	-5.2124e-06
2.47871e-12	-5.43308e-06
2.48006e-12	-5.65416e-06
2.48141e-12	-5.87564e-06
2.48276e-12	-6.09752e-06
2.48412e-12	-6.3198e-06
2.48547e-12	-6.54247e-06
2.48682e-12	-6.76555e-06
2.48817e-12	-6.98903e-06
2.48953e-12	-7.21292e-06
2.49088e-12	-7.4372e-06
2.49223e-12	-7.66189e-06
2.49358e-12	-7.88698e-06
2.49494e-12	-8.11248e-06
2.49629e-12	-8.33838e-06
2.49764e-12	-8.56468e-06
2.499e-12	-8.79139e-06
2.50035e-12	-9.01851e-06
2.5017e-12	-9.24603e-06
2.50305e-12	-9.47396e-06
2.50441e-12	-9.70229e-06
2.50576e-12	-9.93103e-06
2.50711e-12	-1.01602e-05
2.50846e-12	-1.03897e-05
2.50982e-12	-1.06197e-05
2.51117e-12	-1.08501e-05
2.51252e-12	-1.10809e-05
2.51387e-12	-1.13121e-05
2.51523e-12	-1.15437e-05
2.51658e-12	-1.17757e-05
2.51793e-12	-1.20082e-05
2.51928e-12	-1.2241e-05
2.52064e-12	-1.24743e-05
2.52199e-12	-1.27079e-05
2.52334e-12	-1.2942e-05
2.5247e-12	-1.31765e-05
2.52605e-12	-1.34115e-05
2.5274e-12	-1.36468e-05
2.52875e-12	-1.38825e-05
2.53011e-12	-1.41187e-05
2.53146e-12	-1.43553e-05
2.53281e-12	-1.45923e-05
2.53416e-12	-1.48297e-05
2.53552e-12	-1.50676e-05
2.53687e-12	-1.53058e-05
2.53822e-12	-1.55445e-05
2.53957e-12	-1.57836e-05
2.54093e-12	-1.60231e-05
2.54228e-12	-1.62631e-05
2.54363e-12	-1.65034e-05
2.54498e-12	-1.67442e-05
2.54634e-12	-1.69854e-05
2.54769e-12	-1.7227e-05
2.54904e-12	-1.74691e-05
2.5504e-12	-1.77116e-05
2.55175e-12	-1.79545e-05
2.5531e-12	-1.81978e-05
2.55445e-12	-1.84416e-05
2.55581e-12	-1.86858e-05
2.55716e-12	-1.89304e-05
2.55851e-12	-1.91754e-05
2.55986e-12	-1.94209e-05
2.56122e-12	-1.96668e-05
2.56257e-12	-1.99131e-05
2.56392e-12	-2.01598e-05
2.56527e-12	-2.0407e-05
2.56663e-12	-2.06546e-05
2.56798e-12	-2.09027e-05
2.56933e-12	-2.11511e-05
2.57069e-12	-2.14e-05
2.57204e-12	-2.16494e-05
2.57339e-12	-2.18992e-05
2.57474e-12	-2.21494e-05
2.5761e-12	-2.24e-05
2.57745e-12	-2.26511e-05
2.5788e-12	-2.29026e-05
2.58015e-12	-2.31545e-05
2.58151e-12	-2.34069e-05
2.58286e-12	-2.36597e-05
2.58421e-12	-2.3913e-05
2.58556e-12	-2.41667e-05
2.58692e-12	-2.44208e-05
2.58827e-12	-2.46754e-05
2.58962e-12	-2.49304e-05
2.59097e-12	-2.51858e-05
2.59233e-12	-2.54417e-05
2.59368e-12	-2.56981e-05
2.59503e-12	-2.59548e-05
2.59639e-12	-2.62121e-05
2.59774e-12	-2.64697e-05
2.59909e-12	-2.67278e-05
2.60044e-12	-2.69864e-05
2.6018e-12	-2.72453e-05
2.60315e-12	-2.75048e-05
2.6045e-12	-2.77647e-05
2.60585e-12	-2.8025e-05
2.60721e-12	-2.82857e-05
2.60856e-12	-2.8547e-05
2.60991e-12	-2.88086e-05
2.61126e-12	-2.90707e-05
2.61262e-12	-2.93333e-05
2.61397e-12	-2.95963e-05
2.61532e-12	-2.98598e-05
2.61667e-12	-3.01237e-05
2.61803e-12	-3.0388e-05
2.61938e-12	-3.06528e-05
2.62073e-12	-3.09181e-05
2.62209e-12	-3.11838e-05
2.62344e-12	-3.145e-05
2.62479e-12	-3.17166e-05
2.62614e-12	-3.19837e-05
2.6275e-12	-3.22512e-05
2.62885e-12	-3.25192e-05
2.6302e-12	-3.27876e-05
2.63155e-12	-3.30565e-05
2.63291e-12	-3.33258e-05
2.63426e-12	-3.35957e-05
2.63561e-12	-3.38659e-05
2.63696e-12	-3.41366e-05
2.63832e-12	-3.44078e-05
2.63967e-12	-3.46795e-05
2.64102e-12	-3.49516e-05
2.64237e-12	-3.52241e-05
2.64373e-12	-3.54971e-05
2.64508e-12	-3.57706e-05
2.64643e-12	-3.60446e-05
2.64779e-12	-3.6319e-05
2.64914e-12	-3.65938e-05
2.65049e-12	-3.68692e-05
2.65184e-12	-3.71449e-05
2.6532e-12	-3.74212e-05
2.65455e-12	-3.76979e-05
2.6559e-12	-3.79751e-05
2.65725e-12	-3.82528e-05
2.65861e-12	-3.85309e-05
2.65996e-12	-3.88095e-05
2.66131e-12	-3.90885e-05
2.66266e-12	-3.93681e-05
2.66402e-12	-3.96481e-05
2.66537e-12	-3.99285e-05
2.66672e-12	-4.02095e-05
2.66807e-12	-4.04909e-05
2.66943e-12	-4.07727e-05
2.67078e-12	-4.10551e-05
2.67213e-12	-4.13379e-05
2.67349e-12	-4.16212e-05
2.67484e-12	-4.1905e-05
2.67619e-12	-4.21892e-05
2.67754e-12	-4.24739e-05
2.6789e-12	-4.27591e-05
2.68025e-12	-4.30448e-05
2.6816e-12	-4.33309e-05
2.68295e-12	-4.36175e-05
2.68431e-12	-4.39046e-05
2.68566e-12	-4.41922e-05
2.68701e-12	-4.44803e-05
2.68836e-12	-4.47688e-05
2.68972e-12	-4.50578e-05
2.69107e-12	-4.53473e-05
2.69242e-12	-4.56373e-05
2.69377e-12	-4.59277e-05
2.69513e-12	-4.62186e-05
2.69648e-12	-4.65101e-05
2.69783e-12	-4.6802e-05
2.69919e-12	-4.70943e-05
2.70054e-12	-4.73872e-05
2.70189e-12	-4.76806e-05
2.70324e-12	-4.79744e-05
2.7046e-12	-4.82687e-05
2.70595e-12	-4.85635e-05
2.7073e-12	-4.88588e-05
2.70865e-12	-4.91546e-05
2.71001e-12	-4.94509e-05
2.71136e-12	-4.97476e-05
2.71271e-12	-5.00449e-05
2.71406e-12	-5.03426e-05
2.71542e-12	-5.06408e-05
2.71677e-12	-5.09395e-05
2.71812e-12	-5.12388e-05
2.71948e-12	-5.15385e-05
2.72083e-12	-5.18387e-05
2.72218e-12	-5.21393e-05
2.72353e-12	-5.24405e-05
2.72489e-12	-5.27422e-05
2.72624e-12	-5.30444e-05
2.72759e-12	-5.3347e-05
2.72894e-12	-5.36502e-05
2.7303e-12	-5.39538e-05
2.73165e-12	-5.4258e-05
2.733e-12	-5.45626e-05
2.73435e-12	-5.48678e-05
2.73571e-12	-5.51734e-05
2.73706e-12	-5.54796e-05
2.73841e-12	-5.57862e-05
2.73976e-12	-5.60934e-05
2.74112e-12	-5.6401e-05
2.74247e-12	-5.67092e-05
2.74382e-12	-5.70178e-05
2.74518e-12	-5.7327e-05
2.74653e-12	-5.76367e-05
2.74788e-12	-5.79468e-05
2.74923e-12	-5.82575e-05
2.75059e-12	-5.85687e-05
2.75194e-12	-5.88803e-05
2.75329e-12	-5.91925e-05
2.75464e-12	-5.95052e-05
2.756e-12	-5.98184e-05
2.75735e-12	-6.01321e-05
2.7587e-12	-6.04463e-05
2.76005e-12	-6.07611e-05
2.76141e-12	-6.10763e-05
2.76276e-12	-6.1392e-05
2.76411e-12	-6.17083e-05
2.76546e-12	-6.20251e-05
2.76682e-12	-6.23424e-05
2.76817e-12	-6.26602e-05
2.76952e-12	-6.29785e-05
2.77088e-12	-6.32973e-05
2.77223e-12	-6.36166e-05
2.77358e-12	-6.39365e-05
2.77493e-12	-6.42568e-05
2.77629e-12	-6.45777e-05
2.77764e-12	-6.48991e-05
2.77899e-12	-6.5221e-05
2.78034e-12	-6.55435e-05
2.7817e-12	-6.58664e-05
2.78305e-12	-6.61899e-05
2.7844e-12	-6.65139e-05
2.78575e-12	-6.68384e-05
2.78711e-12	-6.71635e-05
2.78846e-12	-6.7489e-05
2.78981e-12	-6.78151e-05
2.79116e-12	-6.81417e-05
2.79252e-12	-6.84688e-05
2.79387e-12	-6.87965e-05
2.79522e-12	-6.91246e-05
2.79658e-12	-6.94533e-05
2.79793e-12	-6.97826e-05
2.79928e-12	-7.01123e-05
2.80063e-12	-7.04426e-05
2.80199e-12	-7.07734e-05
2.80334e-12	-7.11048e-05
2.80469e-12	-7.14366e-05
2.80604e-12	-7.1769e-05
2.8074e-12	-7.21019e-05
2.80875e-12	-7.24354e-05
2.8101e-12	-7.27694e-05
2.81145e-12	-7.31039e-05
2.81281e-12	-7.34389e-05
2.81416e-12	-7.37745e-05
2.81551e-12	-7.41107e-05
2.81686e-12	-7.44473e-05
2.81822e-12	-7.47845e-05
2.81957e-12	-7.51222e-05
2.82092e-12	-7.54605e-05
2.82228e-12	-7.57993e-05
2.82363e-12	-7.61386e-05
2.82498e-12	-7.64785e-05
2.82633e-12	-7.68189e-05
2.82769e-12	-7.71598e-05
2.82904e-12	-7.75013e-05
2.83039e-12	-7.78434e-05
2.83174e-12	-7.81859e-05
2.8331e-12	-7.8529e-05
2.83445e-12	-7.88727e-05
2.8358e-12	-7.92169e-05
2.83715e-12	-7.95616e-05
2.83851e-12	-7.99069e-05
2.83986e-12	-8.02528e-05
2.84121e-12	-8.05991e-05
2.84256e-12	-8.09461e-05
2.84392e-12	-8.12935e-05
2.84527e-12	-8.16415e-05
2.84662e-12	-8.19901e-05
2.84798e-12	-8.23392e-05
2.84933e-12	-8.26889e-05
2.85068e-12	-8.30391e-05
2.85203e-12	-8.33899e-05
2.85339e-12	-8.37412e-05
2.85474e-12	-8.4093e-05
2.85609e-12	-8.44455e-05
2.85744e-12	-8.47984e-05
2.8588e-12	-8.5152e-05
2.86015e-12	-8.5506e-05
2.8615e-12	-8.58607e-05
2.86285e-12	-8.62159e-05
2.86421e-12	-8.65716e-05
2.86556e-12	-8.69279e-05
2.86691e-12	-8.72848e-05
2.86827e-12	-8.76422e-05
2.86962e-12	-8.80002e-05
2.87097e-12	-8.83587e-05
2.87232e-12	-8.87178e-05
2.87368e-12	-8.90774e-05
2.87503e-12	-8.94377e-05
2.87638e-12	-8.97984e-05
2.87773e-12	-9.01598e-05
2.87909e-12	-9.05217e-05
2.88044e-12	-9.08841e-05
2.88179e-12	-9.12472e-05
2.88314e-12	-9.16108e-05
2.8845e-12	-9.19749e-05
2.88585e-12	-9.23397e-05
2.8872e-12	-9.27049e-05
2.88855e-12	-9.30708e-05
2.88991e-12	-9.34372e-05
2.89126e-12	-9.38042e-05
2.89261e-12	-9.41718e-05
2.89397e-12	-9.45399e-05
2.89532e-12	-9.49087e-05
2.89667e-12	-9.52779e-05
2.89802e-12	-9.56478e-05
2.89938e-12	-9.60182e-05
2.90073e-12	-9.63892e-05
2.90208e-12	-9.67608e-05
2.90343e-12	-9.71329e-05
2.90479e-12	-9.75056e-05
2.90614e-12	-9.78789e-05
2.90749e-12	-9.82528e-05
2.90884e-12	-9.86273e-05
2.9102e-12	-9.90023e-05
2.91155e-12	-9.93779e-05
2.9129e-12	-9.97541e-05
2.91425e-12	-0.000100131
2.91561e-12	-0.000100508
2.91696e-12	-0.000100886
2.91831e-12	-0.000101265
2.91967e-12	-0.000101644
2.92102e-12	-0.000102023
2.92237e-12	-0.000102404
2.92372e-12	-0.000102784
2.92508e-12	-0.000103166
2.92643e-12	-0.000103548
2.92778e-12	-0.000103931
2.92913e-12	-0.000104314
2.93049e-12	-0.000104697
2.93184e-12	-0.000105082
2.93319e-12	-0.000105467
2.93454e-12	-0.000105852
2.9359e-12	-0.000106238
2.93725e-12	-0.000106625
2.9386e-12	-0.000107012
2.93995e-12	-0.0001074
2.94131e-12	-0.000107789
2.94266e-12	-0.000108178
2.94401e-12	-0.000108568
2.94537e-12	-0.000108958
2.94672e-12	-0.000109349
2.94807e-12	-0.00010974
2.94942e-12	-0.000110132
2.95078e-12	-0.000110525
2.95213e-12	-0.000110918
2.95348e-12	-0.000111312
2.95483e-12	-0.000111707
2.95619e-12	-0.000112102
2.95754e-12	-0.000112497
2.95889e-12	-0.000112894
2.96024e-12	-0.00011329
2.9616e-12	-0.000113688
2.96295e-12	-0.000114086
2.9643e-12	-0.000114485
2.96565e-12	-0.000114884
2.96701e-12	-0.000115284
2.96836e-12	-0.000115684
2.96971e-12	-0.000116085
2.97107e-12	-0.000116487
2.97242e-12	-0.000116889
2.97377e-12	-0.000117292
2.97512e-12	-0.000117696
2.97648e-12	-0.0001181
2.97783e-12	-0.000118505
2.97918e-12	-0.00011891
2.98053e-12	-0.000119316
2.98189e-12	-0.000119723
2.98324e-12	-0.00012013
2.98459e-12	-0.000120538
2.98594e-12	-0.000120946
2.9873e-12	-0.000121355
2.98865e-12	-0.000121765
2.99e-12	-0.000122175
2.99135e-12	-0.000122586
2.99271e-12	-0.000122997
2.99406e-12	-0.000123409
2.99541e-12	-0.000123822
2.99677e-12	-0.000124236
2.99812e-12	-0.00012465
2.99947e-12	-0.000125064
3.00082e-12	-0.000125479
3.00218e-12	-0.000125895
3.00353e-12	-0.000126312
3.00488e-12	-0.000126729
3.00623e-12	-0.000127147
3.00759e-12	-0.000127565
3.00894e-12	-0.000127984
3.01029e-12	-0.000128404
3.01164e-12	-0.000128824
3.013e-12	-0.000129245
3.01435e-12	-0.000129666
3.0157e-12	-0.000130088
3.01706e-12	-0.000130511
3.01841e-12	-0.000130934
3.01976e-12	-0.000131358
3.02111e-12	-0.000131783
3.02247e-12	-0.000132208
3.02382e-12	-0.000132634
3.02517e-12	-0.000133061
3.02652e-12	-0.000133488
3.02788e-12	-0.000133916
3.02923e-12	-0.000134344
3.03058e-12	-0.000134773
3.03193e-12	-0.000135203
3.03329e-12	-0.000135634
3.03464e-12	-0.000136065
3.03599e-12	-0.000136496
3.03734e-12	-0.000136928
3.0387e-12	-0.000137361
3.04005e-12	-0.000137795
3.0414e-12	-0.000138229
3.04276e-12	-0.000138664
3.04411e-12	-0.0001391
3.04546e-12	-0.000139536
3.04681e-12	-0.000139973
3.04817e-12	-0.00014041
3.04952e-12	-0.000140848
3.05087e-12	-0.000141287
3.05222e-12	-0.000141726
3.05358e-12	-0.000142166
3.05493e-12	-0.000142607
3.05628e-12	-0.000143048
3.05763e-12	-0.00014349
3.05899e-12	-0.000143933
3.06034e-12	-0.000144376
3.06169e-12	-0.00014482
3.06304e-12	-0.000145265
3.0644e-12	-0.00014571
3.06575e-12	-0.000146156
3.0671e-12	-0.000146603
3.06846e-12	-0.00014705
3.06981e-12	-0.000147498
3.07116e-12	-0.000147946
3.07251e-12	-0.000148395
3.07387e-12	-0.000148845
3.07522e-12	-0.000149296
3.07657e-12	-0.000149747
3.07792e-12	-0.000150199
3.07928e-12	-0.000150651
3.08063e-12	-0.000151105
3.08198e-12	-0.000151558
3.08333e-12	-0.000152013
3.08469e-12	-0.000152468
3.08604e-12	-0.000152924
3.08739e-12	-0.00015338
3.08874e-12	-0.000153838
3.0901e-12	-0.000154295
3.09145e-12	-0.000154754
3.0928e-12	-0.000155213
3.09416e-12	-0.000155673
3.09551e-12	-0.000156134
3.09686e-12	-0.000156595
3.09821e-12	-0.000157057
3.09957e-12	-0.000157519
3.10092e-12	-0.000157982
3.10227e-12	-0.000158446
3.10362e-12	-0.000158911
3.10498e-12	-0.000159376
3.10633e-12	-0.000159842
3.10768e-12	-0.000160309
3.10903e-12	-0.000160776
3.11039e-12	-0.000161244
3.11174e-12	-0.000161712
3.11309e-12	-0.000162182
3.11444e-12	-0.000162652
3.1158e-12	-0.000163122
3.11715e-12	-0.000163594
3.1185e-12	-0.000164066
3.11986e-12	-0.000164539
3.12121e-12	-0.000165012
3.12256e-12	-0.000165486
3.12391e-12	-0.000165961
3.12527e-12	-0.000166436
3.12662e-12	-0.000166913
3.12797e-12	-0.000167389
3.12932e-12	-0.000167867
3.13068e-12	-0.000168345
3.13203e-12	-0.000168824
3.13338e-12	-0.000169304
3.13473e-12	-0.000169784
3.13609e-12	-0.000170265
3.13744e-12	-0.000170747
3.13879e-12	-0.000171229
3.14014e-12	-0.000171712
3.1415e-12	-0.000172196
3.14285e-12	-0.000172681
3.1442e-12	-0.000173166
3.14556e-12	-0.000173652
3.14691e-12	-0.000174138
3.14826e-12	-0.000174626
3.14961e-12	-0.000175114
3.15097e-12	-0.000175602
3.15232e-12	-0.000176092
3.15367e-12	-0.000176582
3.15502e-12	-0.000177073
3.15638e-12	-0.000177564
3.15773e-12	-0.000178056
3.15908e-12	-0.000178549
3.16043e-12	-0.000179043
3.16179e-12	-0.000179537
3.16314e-12	-0.000180032
3.16449e-12	-0.000180528
3.16584e-12	-0.000181024
3.1672e-12	-0.000181522
3.16855e-12	-0.000182019
3.1699e-12	-0.000182518
3.17126e-12	-0.000183017
3.17261e-12	-0.000183517
3.17396e-12	-0.000184018
3.17531e-12	-0.00018452
3.17667e-12	-0.000185022
3.17802e-12	-0.000185525
3.17937e-12	-0.000186028
3.18072e-12	-0.000186533
3.18208e-12	-0.000187038
3.18343e-12	-0.000187543
3.18478e-12	-0.00018805
3.18613e-12	-0.000188557
3.18749e-12	-0.000189065
3.18884e-12	-0.000189574
3.19019e-12	-0.000190083
3.19155e-12	-0.000190593
3.1929e-12	-0.000191104
3.19425e-12	-0.000191615
3.1956e-12	-0.000192128
3.19696e-12	-0.000192641
3.19831e-12	-0.000193154
3.19966e-12	-0.000193669
3.20101e-12	-0.000194184
3.20237e-12	-0.0001947
3.20372e-12	-0.000195217
3.20507e-12	-0.000195734
3.20642e-12	-0.000196252
3.20778e-12	-0.000196771
3.20913e-12	-0.000197291
3.21048e-12	-0.000197811
3.21183e-12	-0.000198332
3.21319e-12	-0.000198854
3.21454e-12	-0.000199376
3.21589e-12	-0.0001999
3.21725e-12	-0.000200424
3.2186e-12	-0.000200948
3.21995e-12	-0.000201474
3.2213e-12	-0.000202
3.22266e-12	-0.000202527
3.22401e-12	-0.000203055
3.22536e-12	-0.000203583
3.22671e-12	-0.000204112
3.22807e-12	-0.000204642
3.22942e-12	-0.000205173
3.23077e-12	-0.000205705
3.23212e-12	-0.000206237
3.23348e-12	-0.00020677
3.23483e-12	-0.000207303
3.23618e-12	-0.000207838
3.23753e-12	-0.000208373
3.23889e-12	-0.000208909
3.24024e-12	-0.000209446
3.24159e-12	-0.000209983
3.24295e-12	-0.000210521
3.2443e-12	-0.00021106
3.24565e-12	-0.0002116
3.247e-12	-0.000212141
3.24836e-12	-0.000212682
3.24971e-12	-0.000213224
3.25106e-12	-0.000213766
3.25241e-12	-0.00021431
3.25377e-12	-0.000214854
3.25512e-12	-0.000215399
3.25647e-12	-0.000215945
3.25782e-12	-0.000216492
3.25918e-12	-0.000217039
3.26053e-12	-0.000217587
3.26188e-12	-0.000218136
3.26323e-12	-0.000218685
3.26459e-12	-0.000219236
3.26594e-12	-0.000219787
3.26729e-12	-0.000220339
3.26865e-12	-0.000220892
3.27e-12	-0.000221445
3.27135e-12	-0.000221999
3.2727e-12	-0.000222554
3.27406e-12	-0.00022311
3.27541e-12	-0.000223667
3.27676e-12	-0.000224224
3.27811e-12	-0.000224782
3.27947e-12	-0.000225341
3.28082e-12	-0.000225901
3.28217e-12	-0.000226461
3.28352e-12	-0.000227022
3.28488e-12	-0.000227584
3.28623e-12	-0.000228147
3.28758e-12	-0.000228711
3.28893e-12	-0.000229275
3.29029e-12	-0.00022984
3.29164e-12	-0.000230406
3.29299e-12	-0.000230972
3.29435e-12	-0.00023154
3.2957e-12	-0.000232108
3.29705e-12	-0.000232677
3.2984e-12	-0.000233247
3.29976e-12	-0.000233818
3.30111e-12	-0.000234389
3.30246e-12	-0.000234961
3.30381e-12	-0.000235534
3.30517e-12	-0.000236108
3.30652e-12	-0.000236683
3.30787e-12	-0.000237258
3.30922e-12	-0.000237834
3.31058e-12	-0.000238411
3.31193e-12	-0.000238989
3.31328e-12	-0.000239567
3.31463e-12	-0.000240147
3.31599e-12	-0.000240727
3.31734e-12	-0.000241308
3.31869e-12	-0.000241889
3.32005e-12	-0.000242472
3.3214e-12	-0.000243055
3.32275e-12	-0.000243639
3.3241e-12	-0.000244224
3.32546e-12	-0.00024481
3.32681e-12	-0.000245397
3.32816e-12	-0.000245984
3.32951e-12	-0.000246572
3.33087e-12	-0.000247161
3.33222e-12	-0.000247751
3.33357e-12	-0.000248341
3.33492e-12	-0.000248933
3.33628e-12	-0.000249525
3.33763e-12	-0.000250118
3.33898e-12	-0.000250712
3.34034e-12	-0.000251306
3.34169e-12	-0.000251902
3.34304e-12	-0.000252498
3.34439e-12	-0.000253095
3.34575e-12	-0.000253693
3.3471e-12	-0.000254292
3.34845e-12	-0.000254891
3.3498e-12	-0.000255492
3.35116e-12	-0.000256093
3.35251e-12	-0.000256695
3.35386e-12	-0.000257298
3.35521e-12	-0.000257901
3.35657e-12	-0.000258506
3.35792e-12	-0.000259111
3.35927e-12	-0.000259717
3.36062e-12	-0.000260324
3.36198e-12	-0.000260932
3.36333e-12	-0.00026154
3.36468e-12	-0.00026215
3.36604e-12	-0.00026276
3.36739e-12	-0.000263371
3.36874e-12	-0.000263983
3.37009e-12	-0.000264596
3.37145e-12	-0.000265209
3.3728e-12	-0.000265824
3.37415e-12	-0.000266439
3.3755e-12	-0.000267055
3.37686e-12	-0.000267672
3.37821e-12	-0.00026829
3.37956e-12	-0.000268908
3.38091e-12	-0.000269528
3.38227e-12	-0.000270148
3.38362e-12	-0.000270769
3.38497e-12	-0.000271391
3.38632e-12	-0.000272014
3.38768e-12	-0.000272637
3.38903e-12	-0.000273262
3.39038e-12	-0.000273887
3.39174e-12	-0.000274513
3.39309e-12	-0.00027514
3.39444e-12	-0.000275768
3.39579e-12	-0.000276397
3.39715e-12	-0.000277026
3.3985e-12	-0.000277657
3.39985e-12	-0.000278288
3.4012e-12	-0.00027892
3.40256e-12	-0.000279553
3.40391e-12	-0.000280187
3.40526e-12	-0.000280821
3.40661e-12	-0.000281457
3.40797e-12	-0.000282093
3.40932e-12	-0.000282731
3.41067e-12	-0.000283369
3.41202e-12	-0.000284008
3.41338e-12	-0.000284647
3.41473e-12	-0.000285288
3.41608e-12	-0.00028593
3.41744e-12	-0.000286572
3.41879e-12	-0.000287215
3.42014e-12	-0.000287859
3.42149e-12	-0.000288504
3.42285e-12	-0.00028915
3.4242e-12	-0.000289797
3.42555e-12	-0.000290444
3.4269e-12	-0.000291093
3.42826e-12	-0.000291742
3.42961e-12	-0.000292392
3.43096e-12	-0.000293043
3.43231e-12	-0.000293695
3.43367e-12	-0.000294348
3.43502e-12	-0.000295002
3.43637e-12	-0.000295656
3.43772e-12	-0.000296312
3.43908e-12	-0.000296968
3.44043e-12	-0.000297625
3.44178e-12	-0.000298283
3.44314e-12	-0.000298942
3.44449e-12	-0.000299602
3.44584e-12	-0.000300262
3.44719e-12	-0.000300924
3.44855e-12	-0.000301586
3.4499e-12	-0.00030225
3.45125e-12	-0.000302914
3.4526e-12	-0.000303579
3.45396e-12	-0.000304245
3.45531e-12	-0.000304912
3.45666e-12	-0.00030558
3.45801e-12	-0.000306248
3.45937e-12	-0.000306918
3.46072e-12	-0.000307588
3.46207e-12	-0.00030826
3.46342e-12	-0.000308932
3.46478e-12	-0.000309605
3.46613e-12	-0.000310279
3.46748e-12	-0.000310954
3.46884e-12	-0.00031163
3.47019e-12	-0.000312306
3.47154e-12	-0.000312984
3.47289e-12	-0.000313662
3.47425e-12	-0.000314342
3.4756e-12	-0.000315022
3.47695e-12	-0.000315703
3.4783e-12	-0.000316385
3.47966e-12	-0.000317068
3.48101e-12	-0.000317752
3.48236e-12	-0.000318437
3.48371e-12	-0.000319123
3.48507e-12	-0.000319809
3.48642e-12	-0.000320497
3.48777e-12	-0.000321185
3.48913e-12	-0.000321874
3.49048e-12	-0.000322565
3.49183e-12	-0.000323256
3.49318e-12	-0.000323948
3.49454e-12	-0.000324641
3.49589e-12	-0.000325335
3.49724e-12	-0.00032603
3.49859e-12	-0.000326725
3.49995e-12	-0.000327422
3.5013e-12	-0.000328119
3.50265e-12	-0.000328818
3.504e-12	-0.000329517
3.50536e-12	-0.000330218
3.50671e-12	-0.000330919
3.50806e-12	-0.000331621
3.50941e-12	-0.000332324
3.51077e-12	-0.000333028
3.51212e-12	-0.000333733
3.51347e-12	-0.000334439
3.51483e-12	-0.000335146
3.51618e-12	-0.000335853
3.51753e-12	-0.000336562
3.51888e-12	-0.000337272
3.52024e-12	-0.000337982
3.52159e-12	-0.000338694
3.52294e-12	-0.000339406
3.52429e-12	-0.000340119
3.52565e-12	-0.000340833
3.527e-12	-0.000341549
3.52835e-12	-0.000342265
3.5297e-12	-0.000342982
3.53106e-12	-0.0003437
3.53241e-12	-0.000344419
3.53376e-12	-0.000345138
3.53511e-12	-0.000345859
3.53647e-12	-0.000346581
3.53782e-12	-0.000347304
3.53917e-12	-0.000348027
3.54053e-12	-0.000348752
3.54188e-12	-0.000349477
3.54323e-12	-0.000350204
3.54458e-12	-0.000350931
3.54594e-12	-0.00035166
3.54729e-12	-0.000352389
3.54864e-12	-0.000353119
3.54999e-12	-0.00035385
3.55135e-12	-0.000354582
3.5527e-12	-0.000355316
3.55405e-12	-0.00035605
3.5554e-12	-0.000356785
3.55676e-12	-0.000357521
3.55811e-12	-0.000358258
3.55946e-12	-0.000358995
3.56081e-12	-0.000359734
3.56217e-12	-0.000360474
3.56352e-12	-0.000361215
3.56487e-12	-0.000361957
3.56623e-12	-0.000362699
3.56758e-12	-0.000363443
3.56893e-12	-0.000364187
3.57028e-12	-0.000364933
3.57164e-12	-0.00036568
3.57299e-12	-0.000366427
3.57434e-12	-0.000367176
3.57569e-12	-0.000367925
3.57705e-12	-0.000368675
3.5784e-12	-0.000369427
3.57975e-12	-0.000370179
3.5811e-12	-0.000370933
3.58246e-12	-0.000371687
3.58381e-12	-0.000372442
3.58516e-12	-0.000373198
3.58651e-12	-0.000373956
3.58787e-12	-0.000374714
3.58922e-12	-0.000375473
3.59057e-12	-0.000376233
3.59193e-12	-0.000376994
3.59328e-12	-0.000377757
3.59463e-12	-0.00037852
3.59598e-12	-0.000379284
3.59734e-12	-0.000380049
3.59869e-12	-0.000380815
3.60004e-12	-0.000381582
3.60139e-12	-0.00038235
3.60275e-12	-0.000383119
3.6041e-12	-0.000383889
3.60545e-12	-0.00038466
3.6068e-12	-0.000385432
3.60816e-12	-0.000386205
3.60951e-12	-0.000386979
3.61086e-12	-0.000387754
3.61221e-12	-0.00038853
3.61357e-12	-0.000389307
3.61492e-12	-0.000390085
3.61627e-12	-0.000390864
3.61763e-12	-0.000391644
3.61898e-12	-0.000392425
3.62033e-12	-0.000393207
3.62168e-12	-0.00039399
3.62304e-12	-0.000394774
3.62439e-12	-0.000395559
3.62574e-12	-0.000396345
3.62709e-12	-0.000397132
3.62845e-12	-0.00039792
3.6298e-12	-0.000398709
3.63115e-12	-0.000399499
3.6325e-12	-0.00040029
3.63386e-12	-0.000401082
3.63521e-12	-0.000401875
3.63656e-12	-0.000402669
3.63792e-12	-0.000403464
3.63927e-12	-0.00040426
3.64062e-12	-0.000405057
3.64197e-12	-0.000405856
3.64333e-12	-0.000406655
3.64468e-12	-0.000407455
3.64603e-12	-0.000408256
3.64738e-12	-0.000409058
3.64874e-12	-0.000409861
3.65009e-12	-0.000410666
3.65144e-12	-0.000411471
3.65279e-12	-0.000412277
3.65415e-12	-0.000413085
3.6555e-12	-0.000413893
3.65685e-12	-0.000414702
3.6582e-12	-0.000415513
3.65956e-12	-0.000416324
3.66091e-12	-0.000417137
3.66226e-12	-0.00041795
3.66362e-12	-0.000418765
3.66497e-12	-0.00041958
3.66632e-12	-0.000420397
3.66767e-12	-0.000421214
3.66903e-12	-0.000422033
3.67038e-12	-0.000422853
3.67173e-12	-0.000423674
3.67308e-12	-0.000424495
3.67444e-12	-0.000425318
3.67579e-12	-0.000426142
3.67714e-12	-0.000426967
3.67849e-12	-0.000427793
3.67985e-12	-0.00042862
3.6812e-12	-0.000429448
3.68255e-12	-0.000430277
3.6839e-12	-0.000431107
3.68526e-12	-0.000431939
3.68661e-12	-0.000432771
3.68796e-12	-0.000433604
3.68932e-12	-0.000434438
3.69067e-12	-0.000435274
3.69202e-12	-0.00043611
3.69337e-12	-0.000436948
3.69473e-12	-0.000437786
3.69608e-12	-0.000438626
3.69743e-12	-0.000439467
3.69878e-12	-0.000440308
3.70014e-12	-0.000441151
3.70149e-12	-0.000441995
3.70284e-12	-0.00044284
3.70419e-12	-0.000443686
3.70555e-12	-0.000444533
3.7069e-12	-0.000445381
3.70825e-12	-0.00044623
3.7096e-12	-0.000447081
3.71096e-12	-0.000447932
3.71231e-12	-0.000448784
3.71366e-12	-0.000449638
3.71502e-12	-0.000450492
3.71637e-12	-0.000451348
3.71772e-12	-0.000452205
3.71907e-12	-0.000453063
3.72043e-12	-0.000453921
3.72178e-12	-0.000454781
3.72313e-12	-0.000455642
3.72448e-12	-0.000456504
3.72584e-12	-0.000457367
3.72719e-12	-0.000458232
3.72854e-12	-0.000459097
3.72989e-12	-0.000459963
3.73125e-12	-0.000460831
3.7326e-12	-0.000461699
3.73395e-12	-0.000462569
3.7353e-12	-0.00046344
3.73666e-12	-0.000464312
3.73801e-12	-0.000465185
3.73936e-12	-0.000466059
3.74072e-12	-0.000466934
3.74207e-12	-0.00046781
3.74342e-12	-0.000468687
3.74477e-12	-0.000469566
3.74613e-12	-0.000470445
3.74748e-12	-0.000471326
3.74883e-12	-0.000472207
3.75018e-12	-0.00047309
3.75154e-12	-0.000473974
3.75289e-12	-0.000474859
3.75424e-12	-0.000475745
3.75559e-12	-0.000476632
3.75695e-12	-0.00047752
3.7583e-12	-0.00047841
3.75965e-12	-0.0004793
3.761e-12	-0.000480192
3.76236e-12	-0.000481085
3.76371e-12	-0.000481978
3.76506e-12	-0.000482873
3.76642e-12	-0.000483769
3.76777e-12	-0.000484667
3.76912e-12	-0.000485565
3.77047e-12	-0.000486464
3.77183e-12	-0.000487365
3.77318e-12	-0.000488266
3.77453e-12	-0.000489169
3.77588e-12	-0.000490073
3.77724e-12	-0.000490978
3.77859e-12	-0.000491884
3.77994e-12	-0.000492791
3.78129e-12	-0.000493699
3.78265e-12	-0.000494609
3.784e-12	-0.000495519
3.78535e-12	-0.000496431
3.7867e-12	-0.000497344
3.78806e-12	-0.000498258
3.78941e-12	-0.000499173
3.79076e-12	-0.000500089
3.79212e-12	-0.000501007
3.79347e-12	-0.000501925
3.79482e-12	-0.000502845
3.79617e-12	-0.000503766
3.79753e-12	-0.000504687
3.79888e-12	-0.00050561
3.80023e-12	-0.000506535
3.80158e-12	-0.00050746
3.80294e-12	-0.000508386
3.80429e-12	-0.000509314
3.80564e-12	-0.000510243
3.80699e-12	-0.000511173
3.80835e-12	-0.000512104
3.8097e-12	-0.000513036
3.81105e-12	-0.000513969
3.81241e-12	-0.000514904
3.81376e-12	-0.000515839
3.81511e-12	-0.000516776
3.81646e-12	-0.000517714
3.81782e-12	-0.000518653
3.81917e-12	-0.000519593
3.82052e-12	-0.000520535
3.82187e-12	-0.000521477
3.82323e-12	-0.000522421
3.82458e-12	-0.000523366
3.82593e-12	-0.000524312
3.82728e-12	-0.000525259
3.82864e-12	-0.000526207
3.82999e-12	-0.000527157
3.83134e-12	-0.000528107
3.83269e-12	-0.000529059
3.83405e-12	-0.000530012
3.8354e-12	-0.000530966
3.83675e-12	-0.000531922
3.83811e-12	-0.000532878
3.83946e-12	-0.000533836
3.84081e-12	-0.000534795
3.84216e-12	-0.000535755
3.84352e-12	-0.000536716
3.84487e-12	-0.000537678
3.84622e-12	-0.000538642
3.84757e-12	-0.000539606
3.84893e-12	-0.000540572
3.85028e-12	-0.000541539
3.85163e-12	-0.000542508
3.85298e-12	-0.000543477
3.85434e-12	-0.000544448
3.85569e-12	-0.000545419
3.85704e-12	-0.000546392
3.85839e-12	-0.000547366
3.85975e-12	-0.000548342
3.8611e-12	-0.000549318
3.86245e-12	-0.000550296
3.86381e-12	-0.000551275
3.86516e-12	-0.000552255
3.86651e-12	-0.000553236
3.86786e-12	-0.000554219
3.86922e-12	-0.000555202
3.87057e-12	-0.000556187
3.87192e-12	-0.000557173
3.87327e-12	-0.000558161
3.87463e-12	-0.000559149
3.87598e-12	-0.000560139
3.87733e-12	-0.00056113
3.87868e-12	-0.000562122
3.88004e-12	-0.000563115
3.88139e-12	-0.00056411
3.88274e-12	-0.000565105
3.88409e-12	-0.000566102
3.88545e-12	-0.0005671
3.8868e-12	-0.0005681
3.88815e-12	-0.0005691
3.88951e-12	-0.000570102
3.89086e-12	-0.000571105
3.89221e-12	-0.000572109
3.89356e-12	-0.000573114
3.89492e-12	-0.000574121
3.89627e-12	-0.000575129
3.89762e-12	-0.000576138
3.89897e-12	-0.000577148
3.90033e-12	-0.000578159
3.90168e-12	-0.000579172
3.90303e-12	-0.000580186
3.90438e-12	-0.000581201
3.90574e-12	-0.000582217
3.90709e-12	-0.000583235
3.90844e-12	-0.000584254
3.90979e-12	-0.000585274
3.91115e-12	-0.000586295
3.9125e-12	-0.000587318
3.91385e-12	-0.000588341
3.91521e-12	-0.000589366
3.91656e-12	-0.000590393
3.91791e-12	-0.00059142
3.91926e-12	-0.000592449
3.92062e-12	-0.000593479
3.92197e-12	-0.00059451
3.92332e-12	-0.000595542
3.92467e-12	-0.000596576
3.92603e-12	-0.000597611
3.92738e-12	-0.000598647
3.92873e-12	-0.000599684
3.93008e-12	-0.000600723
3.93144e-12	-0.000601762
3.93279e-12	-0.000602804
3.93414e-12	-0.000603846
3.93549e-12	-0.00060489
3.93685e-12	-0.000605934
3.9382e-12	-0.000606981
3.93955e-12	-0.000608028
3.94091e-12	-0.000609076
3.94226e-12	-0.000610126
3.94361e-12	-0.000611177
3.94496e-12	-0.00061223
3.94632e-12	-0.000613283
3.94767e-12	-0.000614338
3.94902e-12	-0.000615395
3.95037e-12	-0.000616452
3.95173e-12	-0.000617511
3.95308e-12	-0.000618571
3.95443e-12	-0.000619632
3.95578e-12	-0.000620694
3.95714e-12	-0.000621758
3.95849e-12	-0.000622823
3.95984e-12	-0.000623889
3.9612e-12	-0.000624957
3.96255e-12	-0.000626026
3.9639e-12	-0.000627096
3.96525e-12	-0.000628167
3.96661e-12	-0.00062924
3.96796e-12	-0.000630314
3.96931e-12	-0.000631389
3.97066e-12	-0.000632466
3.97202e-12	-0.000633544
3.97337e-12	-0.000634623
3.97472e-12	-0.000635703
3.97607e-12	-0.000636785
3.97743e-12	-0.000637868
3.97878e-12	-0.000638952
3.98013e-12	-0.000640037
3.98148e-12	-0.000641124
3.98284e-12	-0.000642212
3.98419e-12	-0.000643302
3.98554e-12	-0.000644392
3.9869e-12	-0.000645484
3.98825e-12	-0.000646578
3.9896e-12	-0.000647672
3.99095e-12	-0.000648768
3.99231e-12	-0.000649865
3.99366e-12	-0.000650964
3.99501e-12	-0.000652063
3.99636e-12	-0.000653165
3.99772e-12	-0.000654267
3.99907e-12	-0.000655371
4.00042e-12	-0.000656476
4.00177e-12	-0.000657582
4.00313e-12	-0.000658689
4.00448e-12	-0.000659798
4.00583e-12	-0.000660909
4.00718e-12	-0.00066202
4.00854e-12	-0.000663133
4.00989e-12	-0.000664247
4.01124e-12	-0.000665363
4.0126e-12	-0.00066648
4.01395e-12	-0.000667598
4.0153e-12	-0.000668717
4.01665e-12	-0.000669838
4.01801e-12	-0.00067096
4.01936e-12	-0.000672083
4.02071e-12	-0.000673208
4.02206e-12	-0.000674334
4.02342e-12	-0.000675462
4.02477e-12	-0.00067659
4.02612e-12	-0.00067772
4.02747e-12	-0.000678852
4.02883e-12	-0.000679984
4.03018e-12	-0.000681119
4.03153e-12	-0.000682254
4.03288e-12	-0.000683391
4.03424e-12	-0.000684529
4.03559e-12	-0.000685668
4.03694e-12	-0.000686809
4.0383e-12	-0.000687951
4.03965e-12	-0.000689094
4.041e-12	-0.000690239
4.04235e-12	-0.000691385
4.04371e-12	-0.000692533
4.04506e-12	-0.000693681
4.04641e-12	-0.000694832
4.04776e-12	-0.000695983
4.04912e-12	-0.000697136
4.05047e-12	-0.00069829
4.05182e-12	-0.000699446
4.05317e-12	-0.000700603
4.05453e-12	-0.000701761
4.05588e-12	-0.00070292
4.05723e-12	-0.000704081
4.05858e-12	-0.000705244
4.05994e-12	-0.000706407
4.06129e-12	-0.000707573
4.06264e-12	-0.000708739
4.064e-12	-0.000709907
4.06535e-12	-0.000711076
4.0667e-12	-0.000712246
4.06805e-12	-0.000713418
4.06941e-12	-0.000714592
4.07076e-12	-0.000715766
4.07211e-12	-0.000716942
4.07346e-12	-0.00071812
4.07482e-12	-0.000719298
4.07617e-12	-0.000720478
4.07752e-12	-0.00072166
4.07887e-12	-0.000722843
4.08023e-12	-0.000724027
4.08158e-12	-0.000725213
4.08293e-12	-0.0007264
4.08428e-12	-0.000727588
4.08564e-12	-0.000728778
4.08699e-12	-0.000729969
4.08834e-12	-0.000731162
4.0897e-12	-0.000732356
4.09105e-12	-0.000733551
4.0924e-12	-0.000734748
4.09375e-12	-0.000735946
4.09511e-12	-0.000737145
4.09646e-12	-0.000738346
4.09781e-12	-0.000739548
4.09916e-12	-0.000740752
4.10052e-12	-0.000741957
4.10187e-12	-0.000743164
4.10322e-12	-0.000744372
4.10457e-12	-0.000745581
4.10593e-12	-0.000746792
4.10728e-12	-0.000748004
4.10863e-12	-0.000749217
4.10999e-12	-0.000750432
4.11134e-12	-0.000751648
4.11269e-12	-0.000752866
4.11404e-12	-0.000754085
4.1154e-12	-0.000755306
4.11675e-12	-0.000756528
4.1181e-12	-0.000757751
4.11945e-12	-0.000758976
4.12081e-12	-0.000760202
4.12216e-12	-0.00076143
4.12351e-12	-0.000762659
4.12486e-12	-0.000763889
4.12622e-12	-0.000765121
4.12757e-12	-0.000766354
4.12892e-12	-0.000767589
4.13027e-12	-0.000768825
4.13163e-12	-0.000770063
4.13298e-12	-0.000771302
4.13433e-12	-0.000772542
4.13569e-12	-0.000773784
4.13704e-12	-0.000775028
4.13839e-12	-0.000776272
4.13974e-12	-0.000777519
4.1411e-12	-0.000778766
4.14245e-12	-0.000780015
4.1438e-12	-0.000781266
4.14515e-12	-0.000782518
4.14651e-12	-0.000783771
4.14786e-12	-0.000785026
4.14921e-12	-0.000786282
4.15056e-12	-0.00078754
4.15192e-12	-0.000788799
4.15327e-12	-0.00079006
4.15462e-12	-0.000791322
4.15597e-12	-0.000792585
4.15733e-12	-0.00079385
4.15868e-12	-0.000795116
4.16003e-12	-0.000796384
4.16139e-12	-0.000797654
4.16274e-12	-0.000798924
4.16409e-12	-0.000800197
4.16544e-12	-0.00080147
4.1668e-12	-0.000802745
4.16815e-12	-0.000804022
4.1695e-12	-0.0008053
4.17085e-12	-0.00080658
4.17221e-12	-0.000807861
4.17356e-12	-0.000809143
4.17491e-12	-0.000810427
4.17626e-12	-0.000811712
4.17762e-12	-0.000812999
4.17897e-12	-0.000814288
4.18032e-12	-0.000815577
4.18167e-12	-0.000816869
4.18303e-12	-0.000818162
4.18438e-12	-0.000819456
4.18573e-12	-0.000820751
4.18709e-12	-0.000822049
4.18844e-12	-0.000823347
4.18979e-12	-0.000824648
4.19114e-12	-0.000825949
4.1925e-12	-0.000827252
4.19385e-12	-0.000828557
4.1952e-12	-0.000829863
4.19655e-12	-0.000831171
4.19791e-12	-0.00083248
4.19926e-12	-0.00083379
4.20061e-12	-0.000835103
4.20196e-12	-0.000836416
4.20332e-12	-0.000837731
4.20467e-12	-0.000839048
4.20602e-12	-0.000840366
4.20737e-12	-0.000841685
4.20873e-12	-0.000843006
4.21008e-12	-0.000844329
4.21143e-12	-0.000845653
4.21279e-12	-0.000846979
4.21414e-12	-0.000848306
4.21549e-12	-0.000849634
4.21684e-12	-0.000850964
4.2182e-12	-0.000852296
4.21955e-12	-0.000853629
4.2209e-12	-0.000854964
4.22225e-12	-0.0008563
4.22361e-12	-0.000857638
4.22496e-12	-0.000858977
4.22631e-12	-0.000860318
4.22766e-12	-0.00086166
4.22902e-12	-0.000863004
4.23037e-12	-0.000864349
4.23172e-12	-0.000865696
4.23307e-12	-0.000867044
4.23443e-12	-0.000868394
4.23578e-12	-0.000869745
4.23713e-12	-0.000871098
4.23849e-12	-0.000872453
4.23984e-12	-0.000873809
4.24119e-12	-0.000875166
4.24254e-12	-0.000876525
4.2439e-12	-0.000877886
4.24525e-12	-0.000879248
4.2466e-12	-0.000880611
4.24795e-12	-0.000881977
4.24931e-12	-0.000883343
4.25066e-12	-0.000884712
4.25201e-12	-0.000886081
4.25336e-12	-0.000887453
4.25472e-12	-0.000888826
4.25607e-12	-0.0008902
4.25742e-12	-0.000891576
4.25878e-12	-0.000892954
4.26013e-12	-0.000894333
4.26148e-12	-0.000895713
4.26283e-12	-0.000897096
4.26419e-12	-0.000898479
4.26554e-12	-0.000899865
4.26689e-12	-0.000901252
4.26824e-12	-0.00090264
4.2696e-12	-0.00090403
4.27095e-12	-0.000905422
4.2723e-12	-0.000906815
4.27365e-12	-0.00090821
4.27501e-12	-0.000909606
4.27636e-12	-0.000911004
4.27771e-12	-0.000912403
4.27906e-12	-0.000913804
4.28042e-12	-0.000915207
4.28177e-12	-0.000916611
4.28312e-12	-0.000918016
4.28448e-12	-0.000919424
4.28583e-12	-0.000920833
4.28718e-12	-0.000922243
4.28853e-12	-0.000923655
4.28989e-12	-0.000925069
4.29124e-12	-0.000926484
4.29259e-12	-0.000927901
4.29394e-12	-0.000929319
4.2953e-12	-0.000930739
4.29665e-12	-0.000932161
4.298e-12	-0.000933584
4.29935e-12	-0.000935008
4.30071e-12	-0.000936435
4.30206e-12	-0.000937863
4.30341e-12	-0.000939292
4.30476e-12	-0.000940723
4.30612e-12	-0.000942156
4.30747e-12	-0.00094359
4.30882e-12	-0.000945026
4.31018e-12	-0.000946464
4.31153e-12	-0.000947903
4.31288e-12	-0.000949343
4.31423e-12	-0.000950786
4.31559e-12	-0.00095223
4.31694e-12	-0.000953675
4.31829e-12	-0.000955122
4.31964e-12	-0.000956571
4.321e-12	-0.000958022
4.32235e-12	-0.000959474
4.3237e-12	-0.000960927
4.32505e-12	-0.000962382
4.32641e-12	-0.000963839
4.32776e-12	-0.000965298
4.32911e-12	-0.000966758
4.33046e-12	-0.00096822
4.33182e-12	-0.000969683
4.33317e-12	-0.000971148
4.33452e-12	-0.000972615
4.33588e-12	-0.000974083
4.33723e-12	-0.000975553
4.33858e-12	-0.000977024
4.33993e-12	-0.000978497
4.34129e-12	-0.000979972
4.34264e-12	-0.000981449
4.34399e-12	-0.000982927
4.34534e-12	-0.000984406
4.3467e-12	-0.000985888
4.34805e-12	-0.00098737
4.3494e-12	-0.000988855
4.35075e-12	-0.000990341
4.35211e-12	-0.000991829
4.35346e-12	-0.000993319
4.35481e-12	-0.00099481
4.35616e-12	-0.000996303
4.35752e-12	-0.000997797
4.35887e-12	-0.000999294
4.36022e-12	-0.00100079
4.36158e-12	-0.00100229
4.36293e-12	-0.00100379
4.36428e-12	-0.00100529
4.36563e-12	-0.0010068
4.36699e-12	-0.00100831
4.36834e-12	-0.00100981
4.36969e-12	-0.00101132
4.37104e-12	-0.00101283
4.3724e-12	-0.00101435
4.37375e-12	-0.00101586
4.3751e-12	-0.00101738
4.37645e-12	-0.00101889
4.37781e-12	-0.00102041
4.37916e-12	-0.00102194
4.38051e-12	-0.00102346
4.38186e-12	-0.00102498
4.38322e-12	-0.00102651
4.38457e-12	-0.00102804
4.38592e-12	-0.00102957
4.38728e-12	-0.0010311
4.38863e-12	-0.00103263
4.38998e-12	-0.00103417
4.39133e-12	-0.0010357
4.39269e-12	-0.00103724
4.39404e-12	-0.00103878
4.39539e-12	-0.00104032
4.39674e-12	-0.00104186
4.3981e-12	-0.00104341
4.39945e-12	-0.00104495
4.4008e-12	-0.0010465
4.40215e-12	-0.00104805
4.40351e-12	-0.0010496
4.40486e-12	-0.00105116
4.40621e-12	-0.00105271
4.40756e-12	-0.00105427
4.40892e-12	-0.00105583
4.41027e-12	-0.00105739
4.41162e-12	-0.00105895
4.41298e-12	-0.00106051
4.41433e-12	-0.00106208
4.41568e-12	-0.00106364
4.41703e-12	-0.00106521
4.41839e-12	-0.00106678
4.41974e-12	-0.00106836
4.42109e-12	-0.00106993
4.42244e-12	-0.00107151
4.4238e-12	-0.00107308
4.42515e-12	-0.00107466
4.4265e-12	-0.00107624
4.42785e-12	-0.00107782
4.42921e-12	-0.00107941
4.43056e-12	-0.00108099
4.43191e-12	-0.00108258
4.43327e-12	-0.00108417
4.43462e-12	-0.00108576
4.43597e-12	-0.00108736
4.43732e-12	-0.00108895
4.43868e-12	-0.00109055
4.44003e-12	-0.00109214
4.44138e-12	-0.00109374
4.44273e-12	-0.00109535
4.44409e-12	-0.00109695
4.44544e-12	-0.00109855
4.44679e-12	-0.00110016
4.44814e-12	-0.00110177
4.4495e-12	-0.00110338
4.45085e-12	-0.00110499
4.4522e-12	-0.0011066
4.45355e-12	-0.00110822
4.45491e-12	-0.00110984
4.45626e-12	-0.00111146
4.45761e-12	-0.00111308
4.45897e-12	-0.0011147
4.46032e-12	-0.00111632
4.46167e-12	-0.00111795
4.46302e-12	-0.00111958
4.46438e-12	-0.00112121
4.46573e-12	-0.00112284
4.46708e-12	-0.00112447
4.46843e-12	-0.00112611
4.46979e-12	-0.00112774
4.47114e-12	-0.00112938
4.47249e-12	-0.00113102
4.47384e-12	-0.00113266
4.4752e-12	-0.00113431
4.47655e-12	-0.00113595
4.4779e-12	-0.0011376
4.47925e-12	-0.00113925
4.48061e-12	-0.0011409
4.48196e-12	-0.00114255
4.48331e-12	-0.00114421
4.48467e-12	-0.00114587
4.48602e-12	-0.00114752
4.48737e-12	-0.00114918
4.48872e-12	-0.00115084
4.49008e-12	-0.00115251
4.49143e-12	-0.00115417
4.49278e-12	-0.00115584
4.49413e-12	-0.00115751
4.49549e-12	-0.00115918
4.49684e-12	-0.00116085
4.49819e-12	-0.00116253
4.49954e-12	-0.0011642
4.5009e-12	-0.00116588
4.50225e-12	-0.00116756
4.5036e-12	-0.00116924
4.50495e-12	-0.00117093
4.50631e-12	-0.00117261
4.50766e-12	-0.0011743
4.50901e-12	-0.00117599
4.51037e-12	-0.00117768
4.51172e-12	-0.00117937
4.51307e-12	-0.00118106
4.51442e-12	-0.00118276
4.51578e-12	-0.00118446
4.51713e-12	-0.00118616
4.51848e-12	-0.00118786
4.51983e-12	-0.00118956
4.52119e-12	-0.00119127
4.52254e-12	-0.00119297
4.52389e-12	-0.00119468
4.52524e-12	-0.00119639
4.5266e-12	-0.00119811
4.52795e-12	-0.00119982
4.5293e-12	-0.00120154
4.53065e-12	-0.00120326
4.53201e-12	-0.00120498
4.53336e-12	-0.0012067
4.53471e-12	-0.00120842
4.53607e-12	-0.00121015
4.53742e-12	-0.00121187
4.53877e-12	-0.0012136
4.54012e-12	-0.00121533
4.54148e-12	-0.00121707
4.54283e-12	-0.0012188
4.54418e-12	-0.00122054
4.54553e-12	-0.00122228
4.54689e-12	-0.00122402
4.54824e-12	-0.00122576
4.54959e-12	-0.0012275
4.55094e-12	-0.00122925
4.5523e-12	-0.001231
4.55365e-12	-0.00123275
4.555e-12	-0.0012345
4.55635e-12	-0.00123625
4.55771e-12	-0.00123801
4.55906e-12	-0.00123976
4.56041e-12	-0.00124152
4.56177e-12	-0.00124328
4.56312e-12	-0.00124505
4.56447e-12	-0.00124681
4.56582e-12	-0.00124858
4.56718e-12	-0.00125035
4.56853e-12	-0.00125212
4.56988e-12	-0.00125389
4.57123e-12	-0.00125566
4.57259e-12	-0.00125744
4.57394e-12	-0.00125922
4.57529e-12	-0.001261
4.57664e-12	-0.00126278
4.578e-12	-0.00126456
4.57935e-12	-0.00126635
4.5807e-12	-0.00126813
4.58206e-12	-0.00126992
4.58341e-12	-0.00127171
4.58476e-12	-0.00127351
4.58611e-12	-0.0012753
4.58747e-12	-0.0012771
4.58882e-12	-0.0012789
4.59017e-12	-0.0012807
4.59152e-12	-0.0012825
4.59288e-12	-0.0012843
4.59423e-12	-0.00128611
4.59558e-12	-0.00128792
4.59693e-12	-0.00128973
4.59829e-12	-0.00129154
4.59964e-12	-0.00129336
4.60099e-12	-0.00129517
4.60234e-12	-0.00129699
4.6037e-12	-0.00129881
4.60505e-12	-0.00130063
4.6064e-12	-0.00130245
4.60776e-12	-0.00130428
4.60911e-12	-0.00130611
4.61046e-12	-0.00130794
4.61181e-12	-0.00130977
4.61317e-12	-0.0013116
4.61452e-12	-0.00131344
4.61587e-12	-0.00131527
4.61722e-12	-0.00131711
4.61858e-12	-0.00131896
4.61993e-12	-0.0013208
4.62128e-12	-0.00132264
4.62263e-12	-0.00132449
4.62399e-12	-0.00132634
4.62534e-12	-0.00132819
4.62669e-12	-0.00133004
4.62804e-12	-0.0013319
4.6294e-12	-0.00133375
4.63075e-12	-0.00133561
4.6321e-12	-0.00133747
4.63346e-12	-0.00133934
4.63481e-12	-0.0013412
4.63616e-12	-0.00134307
4.63751e-12	-0.00134494
4.63887e-12	-0.00134681
4.64022e-12	-0.00134868
4.64157e-12	-0.00135055
4.64292e-12	-0.00135243
4.64428e-12	-0.00135431
4.64563e-12	-0.00135619
4.64698e-12	-0.00135807
4.64833e-12	-0.00135995
4.64969e-12	-0.00136184
4.65104e-12	-0.00136373
4.65239e-12	-0.00136562
4.65374e-12	-0.00136751
4.6551e-12	-0.00136941
4.65645e-12	-0.0013713
4.6578e-12	-0.0013732
4.65916e-12	-0.0013751
4.66051e-12	-0.001377
4.66186e-12	-0.00137891
4.66321e-12	-0.00138081
4.66457e-12	-0.00138272
4.66592e-12	-0.00138463
4.66727e-12	-0.00138654
4.66862e-12	-0.00138846
4.66998e-12	-0.00139037
4.67133e-12	-0.00139229
4.67268e-12	-0.00139421
4.67403e-12	-0.00139613
4.67539e-12	-0.00139806
4.67674e-12	-0.00139998
4.67809e-12	-0.00140191
4.67944e-12	-0.00140384
4.6808e-12	-0.00140578
4.68215e-12	-0.00140771
4.6835e-12	-0.00140965
4.68486e-12	-0.00141158
4.68621e-12	-0.00141352
4.68756e-12	-0.00141547
4.68891e-12	-0.00141741
4.69027e-12	-0.00141936
4.69162e-12	-0.00142131
4.69297e-12	-0.00142326
4.69432e-12	-0.00142521
4.69568e-12	-0.00142716
4.69703e-12	-0.00142912
4.69838e-12	-0.00143108
4.69973e-12	-0.00143304
4.70109e-12	-0.001435
4.70244e-12	-0.00143697
4.70379e-12	-0.00143893
4.70514e-12	-0.0014409
4.7065e-12	-0.00144287
4.70785e-12	-0.00144485
4.7092e-12	-0.00144682
4.71056e-12	-0.0014488
4.71191e-12	-0.00145078
4.71326e-12	-0.00145276
4.71461e-12	-0.00145474
4.71597e-12	-0.00145673
4.71732e-12	-0.00145872
4.71867e-12	-0.0014607
4.72002e-12	-0.0014627
4.72138e-12	-0.00146469
4.72273e-12	-0.00146669
4.72408e-12	-0.00146868
4.72543e-12	-0.00147068
4.72679e-12	-0.00147269
4.72814e-12	-0.00147469
4.72949e-12	-0.00147669
4.73085e-12	-0.0014787
4.7322e-12	-0.00148071
4.73355e-12	-0.00148273
4.7349e-12	-0.00148474
4.73626e-12	-0.00148676
4.73761e-12	-0.00148877
4.73896e-12	-0.0014908
4.74031e-12	-0.00149282
4.74167e-12	-0.00149484
4.74302e-12	-0.00149687
4.74437e-12	-0.0014989
4.74572e-12	-0.00150093
4.74708e-12	-0.00150296
4.74843e-12	-0.001505
4.74978e-12	-0.00150704
4.75113e-12	-0.00150908
4.75249e-12	-0.00151112
4.75384e-12	-0.00151316
4.75519e-12	-0.00151521
4.75655e-12	-0.00151725
4.7579e-12	-0.0015193
4.75925e-12	-0.00152136
4.7606e-12	-0.00152341
4.76196e-12	-0.00152547
4.76331e-12	-0.00152753
4.76466e-12	-0.00152959
4.76601e-12	-0.00153165
4.76737e-12	-0.00153371
4.76872e-12	-0.00153578
4.77007e-12	-0.00153785
4.77142e-12	-0.00153992
4.77278e-12	-0.00154199
4.77413e-12	-0.00154407
4.77548e-12	-0.00154615
4.77683e-12	-0.00154823
4.77819e-12	-0.00155031
4.77954e-12	-0.00155239
4.78089e-12	-0.00155448
4.78225e-12	-0.00155657
4.7836e-12	-0.00155866
4.78495e-12	-0.00156075
4.7863e-12	-0.00156285
4.78766e-12	-0.00156494
4.78901e-12	-0.00156704
4.79036e-12	-0.00156914
4.79171e-12	-0.00157125
4.79307e-12	-0.00157335
4.79442e-12	-0.00157546
4.79577e-12	-0.00157757
4.79712e-12	-0.00157968
4.79848e-12	-0.0015818
4.79983e-12	-0.00158391
4.80118e-12	-0.00158603
4.80253e-12	-0.00158815
4.80389e-12	-0.00159027
4.80524e-12	-0.0015924
4.80659e-12	-0.00159453
4.80795e-12	-0.00159666
4.8093e-12	-0.00159879
4.81065e-12	-0.00160092
4.812e-12	-0.00160306
4.81336e-12	-0.0016052
4.81471e-12	-0.00160734
4.81606e-12	-0.00160948
4.81741e-12	-0.00161162
4.81877e-12	-0.00161377
4.82012e-12	-0.00161592
4.82147e-12	-0.00161807
4.82282e-12	-0.00162022
4.82418e-12	-0.00162238
4.82553e-12	-0.00162454
4.82688e-12	-0.0016267
4.82823e-12	-0.00162886
4.82959e-12	-0.00163102
4.83094e-12	-0.00163319
4.83229e-12	-0.00163536
4.83365e-12	-0.00163753
4.835e-12	-0.0016397
4.83635e-12	-0.00164188
4.8377e-12	-0.00164406
4.83906e-12	-0.00164624
4.84041e-12	-0.00164842
4.84176e-12	-0.0016506
4.84311e-12	-0.00165279
4.84447e-12	-0.00165498
4.84582e-12	-0.00165717
4.84717e-12	-0.00165936
4.84852e-12	-0.00166156
4.84988e-12	-0.00166376
4.85123e-12	-0.00166596
4.85258e-12	-0.00166816
4.85393e-12	-0.00167036
4.85529e-12	-0.00167257
4.85664e-12	-0.00167478
4.85799e-12	-0.00167699
4.85935e-12	-0.0016792
4.8607e-12	-0.00168142
4.86205e-12	-0.00168364
4.8634e-12	-0.00168586
4.86476e-12	-0.00168808
4.86611e-12	-0.0016903
4.86746e-12	-0.00169253
4.86881e-12	-0.00169476
4.87017e-12	-0.00169699
4.87152e-12	-0.00169922
4.87287e-12	-0.00170146
4.87422e-12	-0.0017037
4.87558e-12	-0.00170594
4.87693e-12	-0.00170818
4.87828e-12	-0.00171043
4.87964e-12	-0.00171267
4.88099e-12	-0.00171492
4.88234e-12	-0.00171717
4.88369e-12	-0.00171943
4.88505e-12	-0.00172168
4.8864e-12	-0.00172394
4.88775e-12	-0.0017262
4.8891e-12	-0.00172847
4.89046e-12	-0.00173073
4.89181e-12	-0.001733
4.89316e-12	-0.00173527
4.89451e-12	-0.00173754
4.89587e-12	-0.00173982
4.89722e-12	-0.00174209
4.89857e-12	-0.00174437
4.89992e-12	-0.00174665
4.90128e-12	-0.00174894
4.90263e-12	-0.00175122
4.90398e-12	-0.00175351
4.90534e-12	-0.0017558
4.90669e-12	-0.0017581
4.90804e-12	-0.00176039
4.90939e-12	-0.00176269
4.91075e-12	-0.00176499
4.9121e-12	-0.00176729
4.91345e-12	-0.0017696
4.9148e-12	-0.0017719
4.91616e-12	-0.00177421
4.91751e-12	-0.00177652
4.91886e-12	-0.00177884
4.92021e-12	-0.00178115
4.92157e-12	-0.00178347
4.92292e-12	-0.00178579
4.92427e-12	-0.00178812
4.92562e-12	-0.00179044
4.92698e-12	-0.00179277
4.92833e-12	-0.0017951
4.92968e-12	-0.00179743
4.93104e-12	-0.00179977
4.93239e-12	-0.0018021
4.93374e-12	-0.00180444
4.93509e-12	-0.00180678
4.93645e-12	-0.00180913
4.9378e-12	-0.00181148
4.93915e-12	-0.00181382
4.9405e-12	-0.00181618
4.94186e-12	-0.00181853
4.94321e-12	-0.00182088
4.94456e-12	-0.00182324
4.94591e-12	-0.0018256
4.94727e-12	-0.00182797
4.94862e-12	-0.00183033
4.94997e-12	-0.0018327
4.95132e-12	-0.00183507
4.95268e-12	-0.00183744
4.95403e-12	-0.00183982
4.95538e-12	-0.00184219
4.95674e-12	-0.00184457
4.95809e-12	-0.00184695
4.95944e-12	-0.00184934
4.96079e-12	-0.00185173
4.96215e-12	-0.00185411
4.9635e-12	-0.00185651
4.96485e-12	-0.0018589
4.9662e-12	-0.0018613
4.96756e-12	-0.00186369
4.96891e-12	-0.0018661
4.97026e-12	-0.0018685
4.97161e-12	-0.0018709
4.97297e-12	-0.00187331
4.97432e-12	-0.00187572
4.97567e-12	-0.00187814
4.97702e-12	-0.00188055
4.97838e-12	-0.00188297
4.97973e-12	-0.00188539
4.98108e-12	-0.00188781
4.98244e-12	-0.00189024
4.98379e-12	-0.00189266
4.98514e-12	-0.00189509
4.98649e-12	-0.00189753
4.98785e-12	-0.00189996
4.9892e-12	-0.0019024
4.99055e-12	-0.00190484
4.9919e-12	-0.00190728
4.99326e-12	-0.00190972
4.99461e-12	-0.00191217
4.99596e-12	-0.00191462
4.99731e-12	-0.00191707
4.99867e-12	-0.00191952
5.00002e-12	-0.00192198
5.00137e-12	-0.00192444
5.00272e-12	-0.0019269
5.00408e-12	-0.00192936
5.00543e-12	-0.00193183
5.00678e-12	-0.0019343
5.00814e-12	-0.00193677
5.00949e-12	-0.00193924
5.01084e-12	-0.00194172
5.01219e-12	-0.0019442
5.01355e-12	-0.00194668
5.0149e-12	-0.00194916
5.01625e-12	-0.00195165
5.0176e-12	-0.00195414
5.01896e-12	-0.00195663
5.02031e-12	-0.00195912
5.02166e-12	-0.00196161
5.02301e-12	-0.00196411
5.02437e-12	-0.00196661
5.02572e-12	-0.00196912
5.02707e-12	-0.00197162
5.02843e-12	-0.00197413
5.02978e-12	-0.00197664
5.03113e-12	-0.00197915
5.03248e-12	-0.00198167
5.03384e-12	-0.00198418
5.03519e-12	-0.0019867
5.03654e-12	-0.00198923
5.03789e-12	-0.00199175
5.03925e-12	-0.00199428
5.0406e-12	-0.00199681
5.04195e-12	-0.00199934
5.0433e-12	-0.00200188
5.04466e-12	-0.00200442
5.04601e-12	-0.00200696
5.04736e-12	-0.0020095
5.04871e-12	-0.00201204
5.05007e-12	-0.00201459
5.05142e-12	-0.00201714
5.05277e-12	-0.00201969
5.05413e-12	-0.00202225
5.05548e-12	-0.00202481
5.05683e-12	-0.00202737
5.05818e-12	-0.00202993
5.05954e-12	-0.00203249
5.06089e-12	-0.00203506
5.06224e-12	-0.00203763
5.06359e-12	-0.00204021
5.06495e-12	-0.00204278
5.0663e-12	-0.00204536
5.06765e-12	-0.00204794
5.069e-12	-0.00205052
5.07036e-12	-0.00205311
5.07171e-12	-0.00205569
5.07306e-12	-0.00205829
5.07441e-12	-0.00206088
5.07577e-12	-0.00206347
5.07712e-12	-0.00206607
5.07847e-12	-0.00206867
5.07983e-12	-0.00207128
5.08118e-12	-0.00207388
5.08253e-12	-0.00207649
5.08388e-12	-0.0020791
5.08524e-12	-0.00208171
5.08659e-12	-0.00208433
5.08794e-12	-0.00208695
5.08929e-12	-0.00208957
5.09065e-12	-0.00209219
5.092e-12	-0.00209482
5.09335e-12	-0.00209745
5.0947e-12	-0.00210008
5.09606e-12	-0.00210271
5.09741e-12	-0.00210535
5.09876e-12	-0.00210799
5.10011e-12	-0.00211063
5.10147e-12	-0.00211327
5.10282e-12	-0.00211592
5.10417e-12	-0.00211857
5.10553e-12	-0.00212122
5.10688e-12	-0.00212387
5.10823e-12	-0.00212653
5.10958e-12	-0.00212919
5.11094e-12	-0.00213185
5.11229e-12	-0.00213452
5.11364e-12	-0.00213718
5.11499e-12	-0.00213985
5.11635e-12	-0.00214253
5.1177e-12	-0.0021452
5.11905e-12	-0.00214788
5.1204e-12	-0.00215056
5.12176e-12	-0.00215324
5.12311e-12	-0.00215593
5.12446e-12	-0.00215862
5.12581e-12	-0.00216131
5.12717e-12	-0.002164
5.12852e-12	-0.0021667
5.12987e-12	-0.00216939
5.13123e-12	-0.0021721
5.13258e-12	-0.0021748
5.13393e-12	-0.00217751
5.13528e-12	-0.00218021
5.13664e-12	-0.00218293
5.13799e-12	-0.00218564
5.13934e-12	-0.00218836
5.14069e-12	-0.00219108
5.14205e-12	-0.0021938
5.1434e-12	-0.00219652
5.14475e-12	-0.00219925
5.1461e-12	-0.00220198
5.14746e-12	-0.00220471
5.14881e-12	-0.00220745
5.15016e-12	-0.00221019
5.15151e-12	-0.00221293
5.15287e-12	-0.00221567
5.15422e-12	-0.00221842
5.15557e-12	-0.00222116
5.15693e-12	-0.00222392
5.15828e-12	-0.00222667
5.15963e-12	-0.00222943
5.16098e-12	-0.00223218
5.16234e-12	-0.00223495
5.16369e-12	-0.00223771
5.16504e-12	-0.00224048
5.16639e-12	-0.00224325
5.16775e-12	-0.00224602
5.1691e-12	-0.0022488
5.17045e-12	-0.00225157
5.1718e-12	-0.00225435
5.17316e-12	-0.00225714
5.17451e-12	-0.00225992
5.17586e-12	-0.00226271
5.17721e-12	-0.0022655
5.17857e-12	-0.0022683
5.17992e-12	-0.00227109
5.18127e-12	-0.00227389
5.18263e-12	-0.00227669
5.18398e-12	-0.0022795
5.18533e-12	-0.00228231
5.18668e-12	-0.00228512
5.18804e-12	-0.00228793
5.18939e-12	-0.00229074
5.19074e-12	-0.00229356
5.19209e-12	-0.00229638
5.19345e-12	-0.00229921
5.1948e-12	-0.00230203
5.19615e-12	-0.00230486
5.1975e-12	-0.00230769
5.19886e-12	-0.00231053
5.20021e-12	-0.00231337
5.20156e-12	-0.00231621
5.20292e-12	-0.00231905
5.20427e-12	-0.00232189
5.20562e-12	-0.00232474
5.20697e-12	-0.00232759
5.20833e-12	-0.00233044
5.20968e-12	-0.0023333
5.21103e-12	-0.00233616
5.21238e-12	-0.00233902
5.21374e-12	-0.00234189
5.21509e-12	-0.00234475
5.21644e-12	-0.00234762
5.21779e-12	-0.0023505
5.21915e-12	-0.00235337
5.2205e-12	-0.00235625
5.22185e-12	-0.00235913
5.2232e-12	-0.00236201
5.22456e-12	-0.0023649
5.22591e-12	-0.00236779
5.22726e-12	-0.00237068
5.22862e-12	-0.00237358
5.22997e-12	-0.00237647
5.23132e-12	-0.00237937
5.23267e-12	-0.00238228
5.23403e-12	-0.00238518
5.23538e-12	-0.00238809
5.23673e-12	-0.002391
5.23808e-12	-0.00239391
5.23944e-12	-0.00239683
5.24079e-12	-0.00239975
5.24214e-12	-0.00240267
5.24349e-12	-0.0024056
5.24485e-12	-0.00240853
5.2462e-12	-0.00241146
5.24755e-12	-0.00241439
5.2489e-12	-0.00241733
5.25026e-12	-0.00242027
5.25161e-12	-0.00242321
5.25296e-12	-0.00242615
5.25432e-12	-0.0024291
5.25567e-12	-0.00243205
5.25702e-12	-0.002435
5.25837e-12	-0.00243796
5.25973e-12	-0.00244092
5.26108e-12	-0.00244388
5.26243e-12	-0.00244684
5.26378e-12	-0.00244981
5.26514e-12	-0.00245278
5.26649e-12	-0.00245575
5.26784e-12	-0.00245873
5.26919e-12	-0.00246171
5.27055e-12	-0.00246469
5.2719e-12	-0.00246767
5.27325e-12	-0.00247066
5.2746e-12	-0.00247365
5.27596e-12	-0.00247664
5.27731e-12	-0.00247963
5.27866e-12	-0.00248263
5.28002e-12	-0.00248563
5.28137e-12	-0.00248864
5.28272e-12	-0.00249164
5.28407e-12	-0.00249465
5.28543e-12	-0.00249767
5.28678e-12	-0.00250068
5.28813e-12	-0.0025037
5.28948e-12	-0.00250672
5.29084e-12	-0.00250974
5.29219e-12	-0.00251277
5.29354e-12	-0.0025158
5.29489e-12	-0.00251883
5.29625e-12	-0.00252187
5.2976e-12	-0.0025249
5.29895e-12	-0.00252795
5.3003e-12	-0.00253099
5.30166e-12	-0.00253404
5.30301e-12	-0.00253709
5.30436e-12	-0.00254014
5.30572e-12	-0.00254319
5.30707e-12	-0.00254625
5.30842e-12	-0.00254931
5.30977e-12	-0.00255238
5.31113e-12	-0.00255544
5.31248e-12	-0.00255851
5.31383e-12	-0.00256158
5.31518e-12	-0.00256466
5.31654e-12	-0.00256774
5.31789e-12	-0.00257082
5.31924e-12	-0.0025739
5.32059e-12	-0.00257699
5.32195e-12	-0.00258008
5.3233e-12	-0.00258317
5.32465e-12	-0.00258627
5.326e-12	-0.00258937
5.32736e-12	-0.00259247
5.32871e-12	-0.00259557
5.33006e-12	-0.00259868
5.33142e-12	-0.00260179
5.33277e-12	-0.0026049
5.33412e-12	-0.00260802
5.33547e-12	-0.00261114
5.33683e-12	-0.00261426
5.33818e-12	-0.00261739
5.33953e-12	-0.00262051
5.34088e-12	-0.00262364
5.34224e-12	-0.00262678
5.34359e-12	-0.00262991
5.34494e-12	-0.00263305
5.34629e-12	-0.0026362
5.34765e-12	-0.00263934
5.349e-12	-0.00264249
5.35035e-12	-0.00264564
5.35171e-12	-0.00264879
5.35306e-12	-0.00265195
5.35441e-12	-0.00265511
5.35576e-12	-0.00265827
5.35712e-12	-0.00266144
5.35847e-12	-0.00266461
5.35982e-12	-0.00266778
5.36117e-12	-0.00267096
5.36253e-12	-0.00267413
5.36388e-12	-0.00267731
5.36523e-12	-0.0026805
5.36658e-12	-0.00268369
5.36794e-12	-0.00268688
5.36929e-12	-0.00269007
5.37064e-12	-0.00269326
5.37199e-12	-0.00269646
5.37335e-12	-0.00269966
5.3747e-12	-0.00270287
5.37605e-12	-0.00270608
5.37741e-12	-0.00270929
5.37876e-12	-0.0027125
5.38011e-12	-0.00271572
5.38146e-12	-0.00271894
5.38282e-12	-0.00272216
5.38417e-12	-0.00272538
5.38552e-12	-0.00272861
5.38687e-12	-0.00273184
5.38823e-12	-0.00273508
5.38958e-12	-0.00273832
5.39093e-12	-0.00274156
5.39228e-12	-0.0027448
5.39364e-12	-0.00274805
5.39499e-12	-0.0027513
5.39634e-12	-0.00275455
5.39769e-12	-0.0027578
5.39905e-12	-0.00276106
5.4004e-12	-0.00276432
5.40175e-12	-0.00276759
5.40311e-12	-0.00277086
5.40446e-12	-0.00277413
5.40581e-12	-0.0027774
5.40716e-12	-0.00278068
5.40852e-12	-0.00278396
5.40987e-12	-0.00278724
5.41122e-12	-0.00279053
5.41257e-12	-0.00279382
5.41393e-12	-0.00279711
5.41528e-12	-0.0028004
5.41663e-12	-0.0028037
5.41798e-12	-0.002807
5.41934e-12	-0.00281031
5.42069e-12	-0.00281361
5.42204e-12	-0.00281692
5.42339e-12	-0.00282024
5.42475e-12	-0.00282355
5.4261e-12	-0.00282687
5.42745e-12	-0.0028302
5.42881e-12	-0.00283352
5.43016e-12	-0.00283685
5.43151e-12	-0.00284018
5.43286e-12	-0.00284352
5.43422e-12	-0.00284685
5.43557e-12	-0.00285019
5.43692e-12	-0.00285354
5.43827e-12	-0.00285689
5.43963e-12	-0.00286024
5.44098e-12	-0.00286359
5.44233e-12	-0.00286695
5.44368e-12	-0.00287031
5.44504e-12	-0.00287367
5.44639e-12	-0.00287703
5.44774e-12	-0.0028804
5.44909e-12	-0.00288377
5.45045e-12	-0.00288715
5.4518e-12	-0.00289053
5.45315e-12	-0.00289391
5.45451e-12	-0.00289729
5.45586e-12	-0.00290068
5.45721e-12	-0.00290407
5.45856e-12	-0.00290746
5.45992e-12	-0.00291086
5.46127e-12	-0.00291426
5.46262e-12	-0.00291766
5.46397e-12	-0.00292107
5.46533e-12	-0.00292448
5.46668e-12	-0.00292789
5.46803e-12	-0.00293131
5.46938e-12	-0.00293473
5.47074e-12	-0.00293815
5.47209e-12	-0.00294157
5.47344e-12	-0.002945
5.47479e-12	-0.00294843
5.47615e-12	-0.00295187
5.4775e-12	-0.0029553
5.47885e-12	-0.00295874
5.48021e-12	-0.00296219
5.48156e-12	-0.00296563
5.48291e-12	-0.00296908
5.48426e-12	-0.00297254
5.48562e-12	-0.00297599
5.48697e-12	-0.00297945
5.48832e-12	-0.00298292
5.48967e-12	-0.00298638
5.49103e-12	-0.00298985
5.49238e-12	-0.00299332
5.49373e-12	-0.0029968
5.49508e-12	-0.00300028
5.49644e-12	-0.00300376
5.49779e-12	-0.00300724
5.49914e-12	-0.00301073
5.5005e-12	-0.00301422
5.50185e-12	-0.00301772
5.5032e-12	-0.00302122
5.50455e-12	-0.00302472
5.50591e-12	-0.00302822
5.50726e-12	-0.00303173
5.50861e-12	-0.00303524
5.50996e-12	-0.00303875
5.51132e-12	-0.00304227
5.51267e-12	-0.00304579
5.51402e-12	-0.00304931
5.51537e-12	-0.00305284
5.51673e-12	-0.00305637
5.51808e-12	-0.0030599
5.51943e-12	-0.00306344
5.52078e-12	-0.00306698
5.52214e-12	-0.00307052
5.52349e-12	-0.00307406
5.52484e-12	-0.00307761
5.5262e-12	-0.00308117
5.52755e-12	-0.00308472
5.5289e-12	-0.00308828
5.53025e-12	-0.00309184
5.53161e-12	-0.00309541
5.53296e-12	-0.00309898
5.53431e-12	-0.00310255
5.53566e-12	-0.00310612
5.53702e-12	-0.0031097
5.53837e-12	-0.00311328
5.53972e-12	-0.00311687
5.54107e-12	-0.00312045
5.54243e-12	-0.00312404
5.54378e-12	-0.00312764
5.54513e-12	-0.00313124
5.54648e-12	-0.00313484
5.54784e-12	-0.00313844
5.54919e-12	-0.00314205
5.55054e-12	-0.00314566
5.5519e-12	-0.00314927
5.55325e-12	-0.00315289
5.5546e-12	-0.00315651
5.55595e-12	-0.00316013
5.55731e-12	-0.00316376
5.55866e-12	-0.00316739
5.56001e-12	-0.00317102
5.56136e-12	-0.00317466
5.56272e-12	-0.0031783
5.56407e-12	-0.00318195
5.56542e-12	-0.00318559
5.56677e-12	-0.00318924
5.56813e-12	-0.0031929
5.56948e-12	-0.00319655
5.57083e-12	-0.00320021
5.57218e-12	-0.00320387
5.57354e-12	-0.00320754
5.57489e-12	-0.00321121
5.57624e-12	-0.00321488
5.5776e-12	-0.00321856
5.57895e-12	-0.00322224
5.5803e-12	-0.00322592
5.58165e-12	-0.00322961
5.58301e-12	-0.0032333
5.58436e-12	-0.00323699
5.58571e-12	-0.00324069
5.58706e-12	-0.00324439
5.58842e-12	-0.00324809
5.58977e-12	-0.0032518
5.59112e-12	-0.00325551
5.59247e-12	-0.00325922
5.59383e-12	-0.00326294
5.59518e-12	-0.00326666
5.59653e-12	-0.00327038
5.59788e-12	-0.0032741
5.59924e-12	-0.00327783
5.60059e-12	-0.00328157
5.60194e-12	-0.0032853
5.6033e-12	-0.00328904
5.60465e-12	-0.00329279
5.606e-12	-0.00329653
5.60735e-12	-0.00330028
5.60871e-12	-0.00330404
5.61006e-12	-0.00330779
5.61141e-12	-0.00331155
5.61276e-12	-0.00331532
5.61412e-12	-0.00331908
5.61547e-12	-0.00332285
5.61682e-12	-0.00332663
5.61817e-12	-0.0033304
5.61953e-12	-0.00333418
5.62088e-12	-0.00333797
5.62223e-12	-0.00334175
5.62358e-12	-0.00334554
5.62494e-12	-0.00334934
5.62629e-12	-0.00335313
5.62764e-12	-0.00335693
5.629e-12	-0.00336074
5.63035e-12	-0.00336455
5.6317e-12	-0.00336836
5.63305e-12	-0.00337217
5.63441e-12	-0.00337599
5.63576e-12	-0.00337981
5.63711e-12	-0.00338363
5.63846e-12	-0.00338746
5.63982e-12	-0.00339129
5.64117e-12	-0.00339513
5.64252e-12	-0.00339896
5.64387e-12	-0.00340281
5.64523e-12	-0.00340665
5.64658e-12	-0.0034105
5.64793e-12	-0.00341435
5.64929e-12	-0.00341821
5.65064e-12	-0.00342206
5.65199e-12	-0.00342593
5.65334e-12	-0.00342979
5.6547e-12	-0.00343366
5.65605e-12	-0.00343753
5.6574e-12	-0.00344141
5.65875e-12	-0.00344529
5.66011e-12	-0.00344917
5.66146e-12	-0.00345306
5.66281e-12	-0.00345695
5.66416e-12	-0.00346084
5.66552e-12	-0.00346473
5.66687e-12	-0.00346863
5.66822e-12	-0.00347254
5.66957e-12	-0.00347644
5.67093e-12	-0.00348036
5.67228e-12	-0.00348427
5.67363e-12	-0.00348819
5.67499e-12	-0.00349211
5.67634e-12	-0.00349603
5.67769e-12	-0.00349996
5.67904e-12	-0.00350389
5.6804e-12	-0.00350782
5.68175e-12	-0.00351176
5.6831e-12	-0.0035157
5.68445e-12	-0.00351965
5.68581e-12	-0.0035236
5.68716e-12	-0.00352755
5.68851e-12	-0.00353151
5.68986e-12	-0.00353546
5.69122e-12	-0.00353943
5.69257e-12	-0.00354339
5.69392e-12	-0.00354736
5.69527e-12	-0.00355134
5.69663e-12	-0.00355531
5.69798e-12	-0.00355929
5.69933e-12	-0.00356328
5.70069e-12	-0.00356726
5.70204e-12	-0.00357125
5.70339e-12	-0.00357525
5.70474e-12	-0.00357925
5.7061e-12	-0.00358325
5.70745e-12	-0.00358725
5.7088e-12	-0.00359126
5.71015e-12	-0.00359527
5.71151e-12	-0.00359929
5.71286e-12	-0.00360331
5.71421e-12	-0.00360733
5.71556e-12	-0.00361136
5.71692e-12	-0.00361539
5.71827e-12	-0.00361942
5.71962e-12	-0.00362346
5.72097e-12	-0.0036275
5.72233e-12	-0.00363154
5.72368e-12	-0.00363559
5.72503e-12	-0.00363964
5.72639e-12	-0.00364369
5.72774e-12	-0.00364775
5.72909e-12	-0.00365181
5.73044e-12	-0.00365588
5.7318e-12	-0.00365995
5.73315e-12	-0.00366402
5.7345e-12	-0.00366809
5.73585e-12	-0.00367217
5.73721e-12	-0.00367626
5.73856e-12	-0.00368034
5.73991e-12	-0.00368443
5.74126e-12	-0.00368853
5.74262e-12	-0.00369262
5.74397e-12	-0.00369673
5.74532e-12	-0.00370083
5.74667e-12	-0.00370494
5.74803e-12	-0.00370905
5.74938e-12	-0.00371317
5.75073e-12	-0.00371729
5.75209e-12	-0.00372141
5.75344e-12	-0.00372553
5.75479e-12	-0.00372966
5.75614e-12	-0.0037338
5.7575e-12	-0.00373793
5.75885e-12	-0.00374208
5.7602e-12	-0.00374622
5.76155e-12	-0.00375037
5.76291e-12	-0.00375452
5.76426e-12	-0.00375867
5.76561e-12	-0.00376283
5.76696e-12	-0.003767
5.76832e-12	-0.00377116
5.76967e-12	-0.00377533
5.77102e-12	-0.00377951
5.77237e-12	-0.00378368
5.77373e-12	-0.00378786
5.77508e-12	-0.00379205
5.77643e-12	-0.00379624
5.77779e-12	-0.00380043
5.77914e-12	-0.00380462
5.78049e-12	-0.00380882
5.78184e-12	-0.00381302
5.7832e-12	-0.00381723
5.78455e-12	-0.00382144
5.7859e-12	-0.00382565
5.78725e-12	-0.00382987
5.78861e-12	-0.00383409
5.78996e-12	-0.00383832
5.79131e-12	-0.00384255
5.79266e-12	-0.00384678
5.79402e-12	-0.00385101
5.79537e-12	-0.00385525
5.79672e-12	-0.0038595
5.79807e-12	-0.00386374
5.79943e-12	-0.00386799
5.80078e-12	-0.00387225
5.80213e-12	-0.00387651
5.80349e-12	-0.00388077
5.80484e-12	-0.00388503
5.80619e-12	-0.0038893
5.80754e-12	-0.00389357
5.8089e-12	-0.00389785
5.81025e-12	-0.00390213
5.8116e-12	-0.00390641
5.81295e-12	-0.0039107
5.81431e-12	-0.00391499
5.81566e-12	-0.00391929
5.81701e-12	-0.00392359
5.81836e-12	-0.00392789
5.81972e-12	-0.0039322
5.82107e-12	-0.0039365
5.82242e-12	-0.00394082
5.82378e-12	-0.00394514
5.82513e-12	-0.00394946
5.82648e-12	-0.00395378
5.82783e-12	-0.00395811
5.82919e-12	-0.00396244
5.83054e-12	-0.00396678
5.83189e-12	-0.00397112
5.83324e-12	-0.00397546
5.8346e-12	-0.00397981
5.83595e-12	-0.00398416
5.8373e-12	-0.00398852
5.83865e-12	-0.00399287
5.84001e-12	-0.00399724
5.84136e-12	-0.0040016
5.84271e-12	-0.00400597
5.84406e-12	-0.00401035
5.84542e-12	-0.00401472
5.84677e-12	-0.0040191
5.84812e-12	-0.00402349
5.84948e-12	-0.00402788
5.85083e-12	-0.00403227
5.85218e-12	-0.00403667
5.85353e-12	-0.00404107
5.85489e-12	-0.00404547
5.85624e-12	-0.00404988
5.85759e-12	-0.00405429
5.85894e-12	-0.00405871
5.8603e-12	-0.00406313
5.86165e-12	-0.00406755
5.863e-12	-0.00407198
5.86435e-12	-0.00407641
5.86571e-12	-0.00408084
5.86706e-12	-0.00408528
5.86841e-12	-0.00408972
5.86976e-12	-0.00409417
5.87112e-12	-0.00409862
5.87247e-12	-0.00410307
5.87382e-12	-0.00410753
5.87518e-12	-0.00411199
5.87653e-12	-0.00411645
5.87788e-12	-0.00412092
5.87923e-12	-0.00412539
5.88059e-12	-0.00412987
5.88194e-12	-0.00413435
5.88329e-12	-0.00413883
5.88464e-12	-0.00414332
5.886e-12	-0.00414781
5.88735e-12	-0.00415231
5.8887e-12	-0.00415681
5.89005e-12	-0.00416131
5.89141e-12	-0.00416582
5.89276e-12	-0.00417033
5.89411e-12	-0.00417485
5.89546e-12	-0.00417937
5.89682e-12	-0.00418389
5.89817e-12	-0.00418841
5.89952e-12	-0.00419295
5.90088e-12	-0.00419748
5.90223e-12	-0.00420202
5.90358e-12	-0.00420656
5.90493e-12	-0.00421111
5.90629e-12	-0.00421566
5.90764e-12	-0.00422021
5.90899e-12	-0.00422477
5.91034e-12	-0.00422933
5.9117e-12	-0.00423389
5.91305e-12	-0.00423846
5.9144e-12	-0.00424304
5.91575e-12	-0.00424761
5.91711e-12	-0.00425219
5.91846e-12	-0.00425678
5.91981e-12	-0.00426137
5.92116e-12	-0.00426596
5.92252e-12	-0.00427056
5.92387e-12	-0.00427516
5.92522e-12	-0.00427976
5.92658e-12	-0.00428437
5.92793e-12	-0.00428898
5.92928e-12	-0.0042936
5.93063e-12	-0.00429822
5.93199e-12	-0.00430284
5.93334e-12	-0.00430747
5.93469e-12	-0.0043121
5.93604e-12	-0.00431674
5.9374e-12	-0.00432138
5.93875e-12	-0.00432602
5.9401e-12	-0.00433067
5.94145e-12	-0.00433532
5.94281e-12	-0.00433998
5.94416e-12	-0.00434464
5.94551e-12	-0.0043493
5.94686e-12	-0.00435397
5.94822e-12	-0.00435864
5.94957e-12	-0.00436332
5.95092e-12	-0.004368
5.95228e-12	-0.00437268
5.95363e-12	-0.00437737
5.95498e-12	-0.00438206
5.95633e-12	-0.00438675
5.95769e-12	-0.00439145
5.95904e-12	-0.00439616
5.96039e-12	-0.00440086
5.96174e-12	-0.00440557
5.9631e-12	-0.00441029
5.96445e-12	-0.00441501
5.9658e-12	-0.00441973
5.96715e-12	-0.00442446
5.96851e-12	-0.00442919
5.96986e-12	-0.00443393
5.97121e-12	-0.00443866
5.97257e-12	-0.00444341
5.97392e-12	-0.00444815
5.97527e-12	-0.00445291
5.97662e-12	-0.00445766
5.97798e-12	-0.00446242
5.97933e-12	-0.00446718
5.98068e-12	-0.00447195
5.98203e-12	-0.00447672
5.98339e-12	-0.0044815
5.98474e-12	-0.00448628
5.98609e-12	-0.00449106
5.98744e-12	-0.00449585
5.9888e-12	-0.00450064
5.99015e-12	-0.00450544
5.9915e-12	-0.00451024
5.99285e-12	-0.00451504
5.99421e-12	-0.00451985
5.99556e-12	-0.00452466
5.99691e-12	-0.00452947
5.99827e-12	-0.00453429
5.99962e-12	-0.00453912
6.00097e-12	-0.00454395
6.00232e-12	-0.00454878
6.00368e-12	-0.00455361
6.00503e-12	-0.00455845
6.00638e-12	-0.0045633
6.00773e-12	-0.00456815
6.00909e-12	-0.004573
6.01044e-12	-0.00457786
6.01179e-12	-0.00458272
6.01314e-12	-0.00458758
6.0145e-12	-0.00459245
6.01585e-12	-0.00459732
6.0172e-12	-0.0046022
6.01855e-12	-0.00460708
6.01991e-12	-0.00461196
6.02126e-12	-0.00461685
6.02261e-12	-0.00462175
6.02397e-12	-0.00462664
6.02532e-12	-0.00463155
6.02667e-12	-0.00463645
6.02802e-12	-0.00464136
6.02938e-12	-0.00464627
6.03073e-12	-0.00465119
6.03208e-12	-0.00465611
6.03343e-12	-0.00466104
6.03479e-12	-0.00466597
6.03614e-12	-0.00467091
6.03749e-12	-0.00467584
6.03884e-12	-0.00468079
6.0402e-12	-0.00468573
6.04155e-12	-0.00469068
6.0429e-12	-0.00469564
6.04425e-12	-0.0047006
6.04561e-12	-0.00470556
6.04696e-12	-0.00471053
6.04831e-12	-0.0047155
6.04967e-12	-0.00472048
6.05102e-12	-0.00472546
6.05237e-12	-0.00473044
6.05372e-12	-0.00473543
6.05508e-12	-0.00474042
6.05643e-12	-0.00474542
6.05778e-12	-0.00475042
6.05913e-12	-0.00475542
6.06049e-12	-0.00476043
6.06184e-12	-0.00476545
6.06319e-12	-0.00477046
6.06454e-12	-0.00477549
6.0659e-12	-0.00478051
6.06725e-12	-0.00478554
6.0686e-12	-0.00479057
6.06995e-12	-0.00479561
6.07131e-12	-0.00480066
6.07266e-12	-0.0048057
6.07401e-12	-0.00481075
6.07537e-12	-0.00481581
6.07672e-12	-0.00482087
6.07807e-12	-0.00482593
6.07942e-12	-0.004831
6.08078e-12	-0.00483607
6.08213e-12	-0.00484115
6.08348e-12	-0.00484623
6.08483e-12	-0.00485131
6.08619e-12	-0.0048564
6.08754e-12	-0.00486149
6.08889e-12	-0.00486659
6.09024e-12	-0.00487169
6.0916e-12	-0.0048768
6.09295e-12	-0.00488191
6.0943e-12	-0.00488702
6.09565e-12	-0.00489214
6.09701e-12	-0.00489726
6.09836e-12	-0.00490239
6.09971e-12	-0.00490752
6.10107e-12	-0.00491266
6.10242e-12	-0.0049178
6.10377e-12	-0.00492294
6.10512e-12	-0.00492809
6.10648e-12	-0.00493324
6.10783e-12	-0.0049384
6.10918e-12	-0.00494356
6.11053e-12	-0.00494872
6.11189e-12	-0.00495389
6.11324e-12	-0.00495907
6.11459e-12	-0.00496425
6.11594e-12	-0.00496943
6.1173e-12	-0.00497461
6.11865e-12	-0.00497981
6.12e-12	-0.004985
6.12136e-12	-0.0049902
6.12271e-12	-0.0049954
6.12406e-12	-0.00500061
6.12541e-12	-0.00500582
6.12677e-12	-0.00501104
6.12812e-12	-0.00501626
6.12947e-12	-0.00502149
6.13082e-12	-0.00502672
6.13218e-12	-0.00503195
6.13353e-12	-0.00503719
6.13488e-12	-0.00504243
6.13623e-12	-0.00504768
6.13759e-12	-0.00505293
6.13894e-12	-0.00505818
6.14029e-12	-0.00506344
6.14164e-12	-0.00506871
6.143e-12	-0.00507398
6.14435e-12	-0.00507925
6.1457e-12	-0.00508453
6.14706e-12	-0.00508981
6.14841e-12	-0.00509509
6.14976e-12	-0.00510038
6.15111e-12	-0.00510568
6.15247e-12	-0.00511098
6.15382e-12	-0.00511628
6.15517e-12	-0.00512159
6.15652e-12	-0.0051269
6.15788e-12	-0.00513221
6.15923e-12	-0.00513753
6.16058e-12	-0.00514286
6.16193e-12	-0.00514819
6.16329e-12	-0.00515352
6.16464e-12	-0.00515886
6.16599e-12	-0.0051642
6.16734e-12	-0.00516955
6.1687e-12	-0.0051749
6.17005e-12	-0.00518026
6.1714e-12	-0.00518562
6.17276e-12	-0.00519098
6.17411e-12	-0.00519635
6.17546e-12	-0.00520172
6.17681e-12	-0.0052071
6.17817e-12	-0.00521248
6.17952e-12	-0.00521787
6.18087e-12	-0.00522326
6.18222e-12	-0.00522865
6.18358e-12	-0.00523405
6.18493e-12	-0.00523946
6.18628e-12	-0.00524486
6.18763e-12	-0.00525028
6.18899e-12	-0.00525569
6.19034e-12	-0.00526112
6.19169e-12	-0.00526654
6.19304e-12	-0.00527197
6.1944e-12	-0.00527741
6.19575e-12	-0.00528285
6.1971e-12	-0.00528829
6.19846e-12	-0.00529374
6.19981e-12	-0.00529919
6.20116e-12	-0.00530465
6.20251e-12	-0.00531011
6.20387e-12	-0.00531557
6.20522e-12	-0.00532105
6.20657e-12	-0.00532652
6.20792e-12	-0.005332
6.20928e-12	-0.00533748
6.21063e-12	-0.00534297
6.21198e-12	-0.00534846
6.21333e-12	-0.00535396
6.21469e-12	-0.00535946
6.21604e-12	-0.00536497
6.21739e-12	-0.00537048
6.21874e-12	-0.00537599
6.2201e-12	-0.00538151
6.22145e-12	-0.00538704
6.2228e-12	-0.00539257
6.22416e-12	-0.0053981
6.22551e-12	-0.00540364
6.22686e-12	-0.00540918
6.22821e-12	-0.00541472
6.22957e-12	-0.00542027
6.23092e-12	-0.00542583
6.23227e-12	-0.00543139
6.23362e-12	-0.00543695
6.23498e-12	-0.00544252
6.23633e-12	-0.0054481
6.23768e-12	-0.00545367
6.23903e-12	-0.00545926
6.24039e-12	-0.00546484
6.24174e-12	-0.00547043
6.24309e-12	-0.00547603
6.24444e-12	-0.00548163
6.2458e-12	-0.00548724
6.24715e-12	-0.00549285
6.2485e-12	-0.00549846
6.24986e-12	-0.00550408
6.25121e-12	-0.0055097
6.25256e-12	-0.00551533
6.25391e-12	-0.00552096
6.25527e-12	-0.0055266
6.25662e-12	-0.00553224
6.25797e-12	-0.00553789
6.25932e-12	-0.00554354
6.26068e-12	-0.00554919
6.26203e-12	-0.00555485
6.26338e-12	-0.00556051
6.26473e-12	-0.00556618
6.26609e-12	-0.00557186
6.26744e-12	-0.00557753
6.26879e-12	-0.00558322
6.27015e-12	-0.0055889
6.2715e-12	-0.00559459
6.27285e-12	-0.00560029
6.2742e-12	-0.00560599
6.27556e-12	-0.0056117
6.27691e-12	-0.00561741
6.27826e-12	-0.00562312
6.27961e-12	-0.00562884
6.28097e-12	-0.00563456
6.28232e-12	-0.00564029
6.28367e-12	-0.00564603
6.28502e-12	-0.00565176
6.28638e-12	-0.0056575
6.28773e-12	-0.00566325
6.28908e-12	-0.005669
6.29043e-12	-0.00567476
6.29179e-12	-0.00568052
6.29314e-12	-0.00568628
6.29449e-12	-0.00569205
6.29585e-12	-0.00569783
6.2972e-12	-0.00570361
6.29855e-12	-0.00570939
6.2999e-12	-0.00571518
6.30126e-12	-0.00572097
6.30261e-12	-0.00572677
6.30396e-12	-0.00573257
6.30531e-12	-0.00573838
6.30667e-12	-0.00574419
6.30802e-12	-0.00575001
6.30937e-12	-0.00575583
6.31072e-12	-0.00576165
6.31208e-12	-0.00576748
6.31343e-12	-0.00577332
6.31478e-12	-0.00577916
6.31613e-12	-0.005785
6.31749e-12	-0.00579085
6.31884e-12	-0.0057967
6.32019e-12	-0.00580256
6.32155e-12	-0.00580843
6.3229e-12	-0.00581429
6.32425e-12	-0.00582016
6.3256e-12	-0.00582604
6.32696e-12	-0.00583192
6.32831e-12	-0.00583781
6.32966e-12	-0.0058437
6.33101e-12	-0.0058496
6.33237e-12	-0.0058555
6.33372e-12	-0.0058614
6.33507e-12	-0.00586731
6.33642e-12	-0.00587323
6.33778e-12	-0.00587915
6.33913e-12	-0.00588507
6.34048e-12	-0.005891
6.34183e-12	-0.00589693
6.34319e-12	-0.00590287
6.34454e-12	-0.00590881
6.34589e-12	-0.00591476
6.34725e-12	-0.00592071
6.3486e-12	-0.00592667
6.34995e-12	-0.00593263
6.3513e-12	-0.0059386
6.35266e-12	-0.00594457
6.35401e-12	-0.00595054
6.35536e-12	-0.00595652
6.35671e-12	-0.00596251
6.35807e-12	-0.0059685
6.35942e-12	-0.00597449
6.36077e-12	-0.00598049
6.36212e-12	-0.0059865
6.36348e-12	-0.00599251
6.36483e-12	-0.00599852
6.36618e-12	-0.00600454
6.36753e-12	-0.00601056
6.36889e-12	-0.00601659
6.37024e-12	-0.00602263
6.37159e-12	-0.00602866
6.37295e-12	-0.00603471
6.3743e-12	-0.00604075
6.37565e-12	-0.00604681
6.377e-12	-0.00605286
6.37836e-12	-0.00605892
6.37971e-12	-0.00606499
6.38106e-12	-0.00607106
6.38241e-12	-0.00607714
6.38377e-12	-0.00608322
6.38512e-12	-0.0060893
6.38647e-12	-0.00609539
6.38782e-12	-0.00610149
6.38918e-12	-0.00610759
6.39053e-12	-0.00611369
6.39188e-12	-0.0061198
6.39323e-12	-0.00612592
6.39459e-12	-0.00613204
6.39594e-12	-0.00613816
6.39729e-12	-0.00614429
6.39865e-12	-0.00615043
6.4e-12	-0.00615656
6.40135e-12	-0.00616271
6.4027e-12	-0.00616886
6.40406e-12	-0.00617501
6.40541e-12	-0.00618117
6.40676e-12	-0.00618733
6.40811e-12	-0.0061935
6.40947e-12	-0.00619967
6.41082e-12	-0.00620585
6.41217e-12	-0.00621203
6.41352e-12	-0.00621822
6.41488e-12	-0.00622441
6.41623e-12	-0.00623061
6.41758e-12	-0.00623681
6.41893e-12	-0.00624302
6.42029e-12	-0.00624923
6.42164e-12	-0.00625544
6.42299e-12	-0.00626167
6.42435e-12	-0.00626789
6.4257e-12	-0.00627412
6.42705e-12	-0.00628036
6.4284e-12	-0.0062866
6.42976e-12	-0.00629285
6.43111e-12	-0.0062991
6.43246e-12	-0.00630535
6.43381e-12	-0.00631161
6.43517e-12	-0.00631788
6.43652e-12	-0.00632415
6.43787e-12	-0.00633042
6.43922e-12	-0.0063367
6.44058e-12	-0.00634299
6.44193e-12	-0.00634928
6.44328e-12	-0.00635557
6.44464e-12	-0.00636187
6.44599e-12	-0.00636818
6.44734e-12	-0.00637449
6.44869e-12	-0.0063808
6.45005e-12	-0.00638712
6.4514e-12	-0.00639345
6.45275e-12	-0.00639978
6.4541e-12	-0.00640611
6.45546e-12	-0.00641245
6.45681e-12	-0.00641879
6.45816e-12	-0.00642514
6.45951e-12	-0.0064315
6.46087e-12	-0.00643786
6.46222e-12	-0.00644422
6.46357e-12	-0.00645059
6.46492e-12	-0.00645696
6.46628e-12	-0.00646334
6.46763e-12	-0.00646973
6.46898e-12	-0.00647612
6.47034e-12	-0.00648251
6.47169e-12	-0.00648891
6.47304e-12	-0.00649531
6.47439e-12	-0.00650172
6.47575e-12	-0.00650814
6.4771e-12	-0.00651455
6.47845e-12	-0.00652098
6.4798e-12	-0.00652741
6.48116e-12	-0.00653384
6.48251e-12	-0.00654028
6.48386e-12	-0.00654672
6.48521e-12	-0.00655317
6.48657e-12	-0.00655963
6.48792e-12	-0.00656608
6.48927e-12	-0.00657255
6.49062e-12	-0.00657902
6.49198e-12	-0.00658549
6.49333e-12	-0.00659197
6.49468e-12	-0.00659845
6.49604e-12	-0.00660494
6.49739e-12	-0.00661144
6.49874e-12	-0.00661794
6.50009e-12	-0.00662444
6.50145e-12	-0.00663095
6.5028e-12	-0.00663746
6.50415e-12	-0.00664398
6.5055e-12	-0.00665051
6.50686e-12	-0.00665704
6.50821e-12	-0.00666357
6.50956e-12	-0.00667011
6.51091e-12	-0.00667665
6.51227e-12	-0.0066832
6.51362e-12	-0.00668976
6.51497e-12	-0.00669632
6.51632e-12	-0.00670288
6.51768e-12	-0.00670945
6.51903e-12	-0.00671603
6.52038e-12	-0.00672261
6.52174e-12	-0.00672919
6.52309e-12	-0.00673578
6.52444e-12	-0.00674238
6.52579e-12	-0.00674898
6.52715e-12	-0.00675558
6.5285e-12	-0.0067622
6.52985e-12	-0.00676881
6.5312e-12	-0.00677543
6.53256e-12	-0.00678206
6.53391e-12	-0.00678869
6.53526e-12	-0.00679532
6.53661e-12	-0.00680197
6.53797e-12	-0.00680861
6.53932e-12	-0.00681526
6.54067e-12	-0.00682192
6.54202e-12	-0.00682858
6.54338e-12	-0.00683525
6.54473e-12	-0.00684192
6.54608e-12	-0.0068486
6.54744e-12	-0.00685528
6.54879e-12	-0.00686197
6.55014e-12	-0.00686866
6.55149e-12	-0.00687536
6.55285e-12	-0.00688206
6.5542e-12	-0.00688877
6.55555e-12	-0.00689548
6.5569e-12	-0.0069022
6.55826e-12	-0.00690892
6.55961e-12	-0.00691565
6.56096e-12	-0.00692238
6.56231e-12	-0.00692912
6.56367e-12	-0.00693587
6.56502e-12	-0.00694262
6.56637e-12	-0.00694937
6.56772e-12	-0.00695613
6.56908e-12	-0.00696289
6.57043e-12	-0.00696966
6.57178e-12	-0.00697644
6.57314e-12	-0.00698322
6.57449e-12	-0.00699
6.57584e-12	-0.0069968
6.57719e-12	-0.00700359
6.57855e-12	-0.00701039
6.5799e-12	-0.0070172
6.58125e-12	-0.00702401
6.5826e-12	-0.00703083
6.58396e-12	-0.00703765
6.58531e-12	-0.00704448
6.58666e-12	-0.00705131
6.58801e-12	-0.00705815
6.58937e-12	-0.00706499
6.59072e-12	-0.00707184
6.59207e-12	-0.00707869
6.59343e-12	-0.00708555
6.59478e-12	-0.00709241
6.59613e-12	-0.00709928
6.59748e-12	-0.00710615
6.59884e-12	-0.00711303
6.60019e-12	-0.00711992
6.60154e-12	-0.00712681
6.60289e-12	-0.0071337
6.60425e-12	-0.0071406
6.6056e-12	-0.00714751
6.60695e-12	-0.00715442
6.6083e-12	-0.00716134
6.60966e-12	-0.00716826
6.61101e-12	-0.00717518
6.61236e-12	-0.00718212
6.61371e-12	-0.00718905
6.61507e-12	-0.007196
6.61642e-12	-0.00720294
6.61777e-12	-0.0072099
6.61913e-12	-0.00721685
6.62048e-12	-0.00722382
6.62183e-12	-0.00723079
6.62318e-12	-0.00723776
6.62454e-12	-0.00724474
6.62589e-12	-0.00725172
6.62724e-12	-0.00725871
6.62859e-12	-0.00726571
6.62995e-12	-0.00727271
6.6313e-12	-0.00727972
6.63265e-12	-0.00728673
6.634e-12	-0.00729374
6.63536e-12	-0.00730077
6.63671e-12	-0.00730779
6.63806e-12	-0.00731483
6.63941e-12	-0.00732186
6.64077e-12	-0.00732891
6.64212e-12	-0.00733596
6.64347e-12	-0.00734301
6.64483e-12	-0.00735007
6.64618e-12	-0.00735713
6.64753e-12	-0.0073642
6.64888e-12	-0.00737128
6.65024e-12	-0.00737836
6.65159e-12	-0.00738544
6.65294e-12	-0.00739254
6.65429e-12	-0.00739963
6.65565e-12	-0.00740673
6.657e-12	-0.00741384
6.65835e-12	-0.00742095
6.6597e-12	-0.00742807
6.66106e-12	-0.0074352
6.66241e-12	-0.00744232
6.66376e-12	-0.00744946
6.66511e-12	-0.0074566
6.66647e-12	-0.00746374
6.66782e-12	-0.00747089
6.66917e-12	-0.00747805
6.67053e-12	-0.00748521
6.67188e-12	-0.00749238
6.67323e-12	-0.00749955
6.67458e-12	-0.00750673
6.67594e-12	-0.00751391
6.67729e-12	-0.0075211
6.67864e-12	-0.00752829
6.67999e-12	-0.00753549
6.68135e-12	-0.00754269
6.6827e-12	-0.0075499
6.68405e-12	-0.00755712
6.6854e-12	-0.00756434
6.68676e-12	-0.00757156
6.68811e-12	-0.0075788
6.68946e-12	-0.00758603
6.69081e-12	-0.00759328
6.69217e-12	-0.00760052
6.69352e-12	-0.00760778
6.69487e-12	-0.00761503
6.69623e-12	-0.0076223
6.69758e-12	-0.00762957
6.69893e-12	-0.00763684
6.70028e-12	-0.00764412
6.70164e-12	-0.00765141
6.70299e-12	-0.0076587
6.70434e-12	-0.007666
6.70569e-12	-0.0076733
6.70705e-12	-0.00768061
6.7084e-12	-0.00768792
6.70975e-12	-0.00769524
6.7111e-12	-0.00770256
6.71246e-12	-0.00770989
6.71381e-12	-0.00771723
6.71516e-12	-0.00772457
6.71651e-12	-0.00773191
6.71787e-12	-0.00773926
6.71922e-12	-0.00774662
6.72057e-12	-0.00775398
6.72193e-12	-0.00776135
6.72328e-12	-0.00776873
6.72463e-12	-0.0077761
6.72598e-12	-0.00778349
6.72734e-12	-0.00779088
6.72869e-12	-0.00779827
6.73004e-12	-0.00780568
6.73139e-12	-0.00781308
6.73275e-12	-0.00782049
6.7341e-12	-0.00782791
6.73545e-12	-0.00783534
6.7368e-12	-0.00784276
6.73816e-12	-0.0078502
6.73951e-12	-0.00785764
6.74086e-12	-0.00786508
6.74222e-12	-0.00787253
6.74357e-12	-0.00787999
6.74492e-12	-0.00788745
6.74627e-12	-0.00789492
6.74763e-12	-0.00790239
6.74898e-12	-0.00790987
6.75033e-12	-0.00791735
6.75168e-12	-0.00792484
6.75304e-12	-0.00793234
6.75439e-12	-0.00793984
6.75574e-12	-0.00794735
6.75709e-12	-0.00795486
6.75845e-12	-0.00796237
6.7598e-12	-0.0079699
6.76115e-12	-0.00797743
6.7625e-12	-0.00798496
6.76386e-12	-0.0079925
6.76521e-12	-0.00800005
6.76656e-12	-0.0080076
6.76792e-12	-0.00801515
6.76927e-12	-0.00802272
6.77062e-12	-0.00803028
6.77197e-12	-0.00803786
6.77333e-12	-0.00804544
6.77468e-12	-0.00805302
6.77603e-12	-0.00806061
6.77738e-12	-0.00806821
6.77874e-12	-0.00807581
6.78009e-12	-0.00808341
6.78144e-12	-0.00809103
6.78279e-12	-0.00809865
6.78415e-12	-0.00810627
6.7855e-12	-0.0081139
6.78685e-12	-0.00812153
6.7882e-12	-0.00812917
6.78956e-12	-0.00813682
6.79091e-12	-0.00814447
6.79226e-12	-0.00815213
6.79362e-12	-0.00815979
6.79497e-12	-0.00816746
6.79632e-12	-0.00817514
6.79767e-12	-0.00818282
6.79903e-12	-0.0081905
6.80038e-12	-0.0081982
6.80173e-12	-0.00820589
6.80308e-12	-0.0082136
6.80444e-12	-0.0082213
6.80579e-12	-0.00822902
6.80714e-12	-0.00823674
6.80849e-12	-0.00824446
6.80985e-12	-0.0082522
6.8112e-12	-0.00825993
6.81255e-12	-0.00826767
6.8139e-12	-0.00827542
6.81526e-12	-0.00828318
6.81661e-12	-0.00829094
6.81796e-12	-0.0082987
6.81932e-12	-0.00830647
6.82067e-12	-0.00831425
6.82202e-12	-0.00832203
6.82337e-12	-0.00832982
6.82473e-12	-0.00833762
6.82608e-12	-0.00834541
6.82743e-12	-0.00835322
6.82878e-12	-0.00836103
6.83014e-12	-0.00836885
6.83149e-12	-0.00837667
6.83284e-12	-0.0083845
6.83419e-12	-0.00839233
6.83555e-12	-0.00840017
6.8369e-12	-0.00840802
6.83825e-12	-0.00841587
6.8396e-12	-0.00842373
6.84096e-12	-0.00843159
6.84231e-12	-0.00843946
6.84366e-12	-0.00844733
6.84502e-12	-0.00845521
6.84637e-12	-0.0084631
6.84772e-12	-0.00847099
6.84907e-12	-0.00847889
6.85043e-12	-0.00848679
6.85178e-12	-0.0084947
6.85313e-12	-0.00850261
6.85448e-12	-0.00851053
6.85584e-12	-0.00851846
6.85719e-12	-0.00852639
6.85854e-12	-0.00853433
6.85989e-12	-0.00854227
6.86125e-12	-0.00855022
6.8626e-12	-0.00855818
6.86395e-12	-0.00856614
6.8653e-12	-0.0085741
6.86666e-12	-0.00858208
6.86801e-12	-0.00859005
6.86936e-12	-0.00859804
6.87072e-12	-0.00860603
6.87207e-12	-0.00861402
6.87342e-12	-0.00862203
6.87477e-12	-0.00863003
6.87613e-12	-0.00863805
6.87748e-12	-0.00864607
6.87883e-12	-0.00865409
6.88018e-12	-0.00866212
6.88154e-12	-0.00867016
6.88289e-12	-0.0086782
6.88424e-12	-0.00868625
6.88559e-12	-0.0086943
6.88695e-12	-0.00870236
6.8883e-12	-0.00871043
6.88965e-12	-0.0087185
6.89101e-12	-0.00872658
6.89236e-12	-0.00873466
6.89371e-12	-0.00874275
6.89506e-12	-0.00875084
6.89642e-12	-0.00875894
6.89777e-12	-0.00876705
6.89912e-12	-0.00877516
6.90047e-12	-0.00878328
6.90183e-12	-0.00879141
6.90318e-12	-0.00879954
6.90453e-12	-0.00880767
6.90588e-12	-0.00881581
6.90724e-12	-0.00882396
6.90859e-12	-0.00883212
6.90994e-12	-0.00884027
6.91129e-12	-0.00884844
6.91265e-12	-0.00885661
6.914e-12	-0.00886479
6.91535e-12	-0.00887297
6.91671e-12	-0.00888116
6.91806e-12	-0.00888936
6.91941e-12	-0.00889756
6.92076e-12	-0.00890576
6.92212e-12	-0.00891398
6.92347e-12	-0.0089222
6.92482e-12	-0.00893042
6.92617e-12	-0.00893865
6.92753e-12	-0.00894689
6.92888e-12	-0.00895513
6.93023e-12	-0.00896338
6.93158e-12	-0.00897163
6.93294e-12	-0.00897989
6.93429e-12	-0.00898816
6.93564e-12	-0.00899643
6.93699e-12	-0.00900471
6.93835e-12	-0.00901299
6.9397e-12	-0.00902128
6.94105e-12	-0.00902958
6.94241e-12	-0.00903788
6.94376e-12	-0.00904619
6.94511e-12	-0.0090545
6.94646e-12	-0.00906282
6.94782e-12	-0.00907115
6.94917e-12	-0.00907948
6.95052e-12	-0.00908782
6.95187e-12	-0.00909616
6.95323e-12	-0.00910451
6.95458e-12	-0.00911287
6.95593e-12	-0.00912123
6.95728e-12	-0.0091296
6.95864e-12	-0.00913797
6.95999e-12	-0.00914635
6.96134e-12	-0.00915473
6.96269e-12	-0.00916313
6.96405e-12	-0.00917152
6.9654e-12	-0.00917993
6.96675e-12	-0.00918834
6.96811e-12	-0.00919675
6.96946e-12	-0.00920517
6.97081e-12	-0.0092136
6.97216e-12	-0.00922203
6.97352e-12	-0.00923047
6.97487e-12	-0.00923892
6.97622e-12	-0.00924737
6.97757e-12	-0.00925583
6.97893e-12	-0.00926429
6.98028e-12	-0.00927276
6.98163e-12	-0.00928124
6.98298e-12	-0.00928972
6.98434e-12	-0.00929821
6.98569e-12	-0.0093067
6.98704e-12	-0.0093152
6.98839e-12	-0.00932371
6.98975e-12	-0.00933222
6.9911e-12	-0.00934074
6.99245e-12	-0.00934927
6.99381e-12	-0.0093578
6.99516e-12	-0.00936633
6.99651e-12	-0.00937487
6.99786e-12	-0.00938342
6.99922e-12	-0.00939198
7.00057e-12	-0.00940054
7.00192e-12	-0.00940911
7.00327e-12	-0.00941768
7.00463e-12	-0.00942626
7.00598e-12	-0.00943484
7.00733e-12	-0.00944343
7.00868e-12	-0.00945203
7.01004e-12	-0.00946064
7.01139e-12	-0.00946925
7.01274e-12	-0.00947786
7.01409e-12	-0.00948648
7.01545e-12	-0.00949511
7.0168e-12	-0.00950375
7.01815e-12	-0.00951239
7.01951e-12	-0.00952103
7.02086e-12	-0.00952968
7.02221e-12	-0.00953834
7.02356e-12	-0.00954701
7.02492e-12	-0.00955568
7.02627e-12	-0.00956436
7.02762e-12	-0.00957304
7.02897e-12	-0.00958173
7.03033e-12	-0.00959042
7.03168e-12	-0.00959913
7.03303e-12	-0.00960783
7.03438e-12	-0.00961655
7.03574e-12	-0.00962527
7.03709e-12	-0.00963399
7.03844e-12	-0.00964272
7.0398e-12	-0.00965146
7.04115e-12	-0.00966021
7.0425e-12	-0.00966896
7.04385e-12	-0.00967772
7.04521e-12	-0.00968648
7.04656e-12	-0.00969525
7.04791e-12	-0.00970402
7.04926e-12	-0.00971281
7.05062e-12	-0.00972159
7.05197e-12	-0.00973039
7.05332e-12	-0.00973919
7.05467e-12	-0.009748
7.05603e-12	-0.00975681
7.05738e-12	-0.00976563
7.05873e-12	-0.00977445
7.06008e-12	-0.00978328
7.06144e-12	-0.00979212
7.06279e-12	-0.00980096
7.06414e-12	-0.00980982
7.0655e-12	-0.00981867
7.06685e-12	-0.00982753
7.0682e-12	-0.0098364
7.06955e-12	-0.00984528
7.07091e-12	-0.00985416
7.07226e-12	-0.00986305
7.07361e-12	-0.00987194
7.07496e-12	-0.00988084
7.07632e-12	-0.00988975
7.07767e-12	-0.00989866
7.07902e-12	-0.00990758
7.08037e-12	-0.0099165
7.08173e-12	-0.00992543
7.08308e-12	-0.00993437
7.08443e-12	-0.00994331
7.08578e-12	-0.00995226
7.08714e-12	-0.00996122
7.08849e-12	-0.00997018
7.08984e-12	-0.00997915
7.0912e-12	-0.00998813
7.09255e-12	-0.00999711
7.0939e-12	-0.0100061
7.09525e-12	-0.0100151
7.09661e-12	-0.0100241
7.09796e-12	-0.0100331
7.09931e-12	-0.0100421
7.10066e-12	-0.0100511
7.10202e-12	-0.0100602
7.10337e-12	-0.0100692
7.10472e-12	-0.0100782
7.10607e-12	-0.0100873
7.10743e-12	-0.0100963
7.10878e-12	-0.0101054
7.11013e-12	-0.0101144
7.11148e-12	-0.0101235
7.11284e-12	-0.0101326
7.11419e-12	-0.0101417
7.11554e-12	-0.0101508
7.1169e-12	-0.0101598
7.11825e-12	-0.0101689
7.1196e-12	-0.0101781
7.12095e-12	-0.0101872
7.12231e-12	-0.0101963
7.12366e-12	-0.0102054
7.12501e-12	-0.0102145
7.12636e-12	-0.0102237
7.12772e-12	-0.0102328
7.12907e-12	-0.010242
7.13042e-12	-0.0102511
7.13177e-12	-0.0102603
7.13313e-12	-0.0102695
7.13448e-12	-0.0102787
7.13583e-12	-0.0102878
7.13718e-12	-0.010297
7.13854e-12	-0.0103062
7.13989e-12	-0.0103154
7.14124e-12	-0.0103246
7.1426e-12	-0.0103339
7.14395e-12	-0.0103431
7.1453e-12	-0.0103523
7.14665e-12	-0.0103615
7.14801e-12	-0.0103708
7.14936e-12	-0.01038
7.15071e-12	-0.0103893
7.15206e-12	-0.0103985
7.15342e-12	-0.0104078
7.15477e-12	-0.0104171
7.15612e-12	-0.0104264
7.15747e-12	-0.0104356
7.15883e-12	-0.0104449
7.16018e-12	-0.0104542
7.16153e-12	-0.0104635
7.16288e-12	-0.0104729
7.16424e-12	-0.0104822
7.16559e-12	-0.0104915
7.16694e-12	-0.0105008
7.1683e-12	-0.0105102
7.16965e-12	-0.0105195
7.171e-12	-0.0105289
7.17235e-12	-0.0105382
7.17371e-12	-0.0105476
7.17506e-12	-0.010557
7.17641e-12	-0.0105663
7.17776e-12	-0.0105757
7.17912e-12	-0.0105851
7.18047e-12	-0.0105945
7.18182e-12	-0.0106039
7.18317e-12	-0.0106133
7.18453e-12	-0.0106227
7.18588e-12	-0.0106321
7.18723e-12	-0.0106416
7.18858e-12	-0.010651
7.18994e-12	-0.0106604
7.19129e-12	-0.0106699
7.19264e-12	-0.0106793
7.194e-12	-0.0106888
7.19535e-12	-0.0106983
7.1967e-12	-0.0107077
7.19805e-12	-0.0107172
7.19941e-12	-0.0107267
7.20076e-12	-0.0107362
7.20211e-12	-0.0107457
7.20346e-12	-0.0107552
7.20482e-12	-0.0107647
7.20617e-12	-0.0107742
7.20752e-12	-0.0107838
7.20887e-12	-0.0107933
7.21023e-12	-0.0108028
7.21158e-12	-0.0108124
7.21293e-12	-0.0108219
7.21429e-12	-0.0108315
7.21564e-12	-0.0108411
7.21699e-12	-0.0108506
7.21834e-12	-0.0108602
7.2197e-12	-0.0108698
7.22105e-12	-0.0108794
7.2224e-12	-0.010889
7.22375e-12	-0.0108986
7.22511e-12	-0.0109082
7.22646e-12	-0.0109178
7.22781e-12	-0.0109274
7.22916e-12	-0.0109371
7.23052e-12	-0.0109467
7.23187e-12	-0.0109563
7.23322e-12	-0.010966
7.23457e-12	-0.0109757
7.23593e-12	-0.0109853
7.23728e-12	-0.010995
7.23863e-12	-0.0110047
7.23999e-12	-0.0110143
7.24134e-12	-0.011024
7.24269e-12	-0.0110337
7.24404e-12	-0.0110434
7.2454e-12	-0.0110531
7.24675e-12	-0.0110629
7.2481e-12	-0.0110726
7.24945e-12	-0.0110823
7.25081e-12	-0.011092
7.25216e-12	-0.0111018
7.25351e-12	-0.0111115
7.25486e-12	-0.0111213
7.25622e-12	-0.0111311
7.25757e-12	-0.0111408
7.25892e-12	-0.0111506
7.26027e-12	-0.0111604
7.26163e-12	-0.0111702
7.26298e-12	-0.01118
7.26433e-12	-0.0111898
7.26569e-12	-0.0111996
7.26704e-12	-0.0112094
7.26839e-12	-0.0112192
7.26974e-12	-0.011229
7.2711e-12	-0.0112389
7.27245e-12	-0.0112487
7.2738e-12	-0.0112586
7.27515e-12	-0.0112684
7.27651e-12	-0.0112783
7.27786e-12	-0.0112881
7.27921e-12	-0.011298
7.28056e-12	-0.0113079
7.28192e-12	-0.0113178
7.28327e-12	-0.0113277
7.28462e-12	-0.0113376
7.28597e-12	-0.0113475
7.28733e-12	-0.0113574
7.28868e-12	-0.0113673
7.29003e-12	-0.0113773
7.29139e-12	-0.0113872
7.29274e-12	-0.0113971
7.29409e-12	-0.0114071
7.29544e-12	-0.011417
7.2968e-12	-0.011427
7.29815e-12	-0.011437
7.2995e-12	-0.011447
7.30085e-12	-0.0114569
7.30221e-12	-0.0114669
7.30356e-12	-0.0114769
7.30491e-12	-0.0114869
7.30626e-12	-0.0114969
7.30762e-12	-0.0115069
7.30897e-12	-0.011517
7.31032e-12	-0.011527
7.31167e-12	-0.011537
7.31303e-12	-0.0115471
7.31438e-12	-0.0115571
7.31573e-12	-0.0115672
7.31709e-12	-0.0115772
7.31844e-12	-0.0115873
7.31979e-12	-0.0115974
7.32114e-12	-0.0116075
7.3225e-12	-0.0116176
7.32385e-12	-0.0116277
7.3252e-12	-0.0116378
7.32655e-12	-0.0116479
7.32791e-12	-0.011658
7.32926e-12	-0.0116681
7.33061e-12	-0.0116783
7.33196e-12	-0.0116884
7.33332e-12	-0.0116985
7.33467e-12	-0.0117087
7.33602e-12	-0.0117188
7.33737e-12	-0.011729
7.33873e-12	-0.0117392
7.34008e-12	-0.0117494
7.34143e-12	-0.0117595
7.34279e-12	-0.0117697
7.34414e-12	-0.0117799
7.34549e-12	-0.0117901
7.34684e-12	-0.0118004
7.3482e-12	-0.0118106
7.34955e-12	-0.0118208
7.3509e-12	-0.011831
7.35225e-12	-0.0118413
7.35361e-12	-0.0118515
7.35496e-12	-0.0118618
7.35631e-12	-0.011872
7.35766e-12	-0.0118823
7.35902e-12	-0.0118926
7.36037e-12	-0.0119029
7.36172e-12	-0.0119131
7.36308e-12	-0.0119234
7.36443e-12	-0.0119337
7.36578e-12	-0.011944
7.36713e-12	-0.0119544
7.36849e-12	-0.0119647
7.36984e-12	-0.011975
7.37119e-12	-0.0119853
7.37254e-12	-0.0119957
7.3739e-12	-0.012006
7.37525e-12	-0.0120164
7.3766e-12	-0.0120268
7.37795e-12	-0.0120371
7.37931e-12	-0.0120475
7.38066e-12	-0.0120579
7.38201e-12	-0.0120683
7.38336e-12	-0.0120787
7.38472e-12	-0.0120891
7.38607e-12	-0.0120995
7.38742e-12	-0.0121099
7.38878e-12	-0.0121203
7.39013e-12	-0.0121308
7.39148e-12	-0.0121412
7.39283e-12	-0.0121517
7.39419e-12	-0.0121621
7.39554e-12	-0.0121726
7.39689e-12	-0.012183
7.39824e-12	-0.0121935
7.3996e-12	-0.012204
7.40095e-12	-0.0122145
7.4023e-12	-0.012225
7.40365e-12	-0.0122355
7.40501e-12	-0.012246
7.40636e-12	-0.0122565
7.40771e-12	-0.012267
7.40906e-12	-0.0122775
7.41042e-12	-0.0122881
7.41177e-12	-0.0122986
7.41312e-12	-0.0123092
7.41448e-12	-0.0123197
7.41583e-12	-0.0123303
7.41718e-12	-0.0123409
7.41853e-12	-0.0123514
7.41989e-12	-0.012362
7.42124e-12	-0.0123726
7.42259e-12	-0.0123832
7.42394e-12	-0.0123938
7.4253e-12	-0.0124044
7.42665e-12	-0.012415
7.428e-12	-0.0124257
7.42935e-12	-0.0124363
7.43071e-12	-0.0124469
7.43206e-12	-0.0124576
7.43341e-12	-0.0124683
7.43476e-12	-0.0124789
7.43612e-12	-0.0124896
7.43747e-12	-0.0125003
7.43882e-12	-0.0125109
7.44018e-12	-0.0125216
7.44153e-12	-0.0125323
7.44288e-12	-0.012543
7.44423e-12	-0.0125537
7.44559e-12	-0.0125645
7.44694e-12	-0.0125752
7.44829e-12	-0.0125859
7.44964e-12	-0.0125966
7.451e-12	-0.0126074
7.45235e-12	-0.0126181
7.4537e-12	-0.0126289
7.45505e-12	-0.0126397
7.45641e-12	-0.0126504
7.45776e-12	-0.0126612
7.45911e-12	-0.012672
7.46046e-12	-0.0126828
7.46182e-12	-0.0126936
7.46317e-12	-0.0127044
7.46452e-12	-0.0127152
7.46588e-12	-0.0127261
7.46723e-12	-0.0127369
7.46858e-12	-0.0127477
7.46993e-12	-0.0127586
7.47129e-12	-0.0127694
7.47264e-12	-0.0127803
7.47399e-12	-0.0127911
7.47534e-12	-0.012802
7.4767e-12	-0.0128129
7.47805e-12	-0.0128238
7.4794e-12	-0.0128347
7.48075e-12	-0.0128456
7.48211e-12	-0.0128565
7.48346e-12	-0.0128674
7.48481e-12	-0.0128783
7.48616e-12	-0.0128893
7.48752e-12	-0.0129002
7.48887e-12	-0.0129111
7.49022e-12	-0.0129221
7.49158e-12	-0.012933
7.49293e-12	-0.012944
7.49428e-12	-0.012955
7.49563e-12	-0.012966
7.49699e-12	-0.0129769
7.49834e-12	-0.0129879
7.49969e-12	-0.0129989
7.50104e-12	-0.0130099
7.5024e-12	-0.013021
7.50375e-12	-0.013032
7.5051e-12	-0.013043
7.50645e-12	-0.013054
7.50781e-12	-0.0130651
7.50916e-12	-0.0130761
7.51051e-12	-0.0130872
7.51187e-12	-0.0130983
7.51322e-12	-0.0131093
7.51457e-12	-0.0131204
7.51592e-12	-0.0131315
7.51728e-12	-0.0131426
7.51863e-12	-0.0131537
7.51998e-12	-0.0131648
7.52133e-12	-0.0131759
7.52269e-12	-0.013187
7.52404e-12	-0.0131982
7.52539e-12	-0.0132093
7.52674e-12	-0.0132205
7.5281e-12	-0.0132316
7.52945e-12	-0.0132428
7.5308e-12	-0.0132539
7.53215e-12	-0.0132651
7.53351e-12	-0.0132763
7.53486e-12	-0.0132875
7.53621e-12	-0.0132987
7.53757e-12	-0.0133099
7.53892e-12	-0.0133211
7.54027e-12	-0.0133323
7.54162e-12	-0.0133435
7.54298e-12	-0.0133547
7.54433e-12	-0.013366
7.54568e-12	-0.0133772
7.54703e-12	-0.0133885
7.54839e-12	-0.0133997
7.54974e-12	-0.013411
7.55109e-12	-0.0134223
7.55244e-12	-0.0134336
7.5538e-12	-0.0134448
7.55515e-12	-0.0134561
7.5565e-12	-0.0134674
7.55785e-12	-0.0134787
7.55921e-12	-0.0134901
7.56056e-12	-0.0135014
7.56191e-12	-0.0135127
7.56327e-12	-0.0135241
7.56462e-12	-0.0135354
7.56597e-12	-0.0135468
7.56732e-12	-0.0135581
7.56868e-12	-0.0135695
7.57003e-12	-0.0135809
7.57138e-12	-0.0135922
7.57273e-12	-0.0136036
7.57409e-12	-0.013615
7.57544e-12	-0.0136264
7.57679e-12	-0.0136378
7.57814e-12	-0.0136493
7.5795e-12	-0.0136607
7.58085e-12	-0.0136721
7.5822e-12	-0.0136836
7.58355e-12	-0.013695
7.58491e-12	-0.0137065
7.58626e-12	-0.0137179
7.58761e-12	-0.0137294
7.58897e-12	-0.0137409
7.59032e-12	-0.0137524
7.59167e-12	-0.0137639
7.59302e-12	-0.0137754
7.59438e-12	-0.0137869
7.59573e-12	-0.0137984
7.59708e-12	-0.0138099
7.59843e-12	-0.0138214
7.59979e-12	-0.013833
7.60114e-12	-0.0138445
7.60249e-12	-0.013856
7.60384e-12	-0.0138676
7.6052e-12	-0.0138792
7.60655e-12	-0.0138907
7.6079e-12	-0.0139023
7.60925e-12	-0.0139139
7.61061e-12	-0.0139255
7.61196e-12	-0.0139371
7.61331e-12	-0.0139487
7.61467e-12	-0.0139603
7.61602e-12	-0.013972
7.61737e-12	-0.0139836
7.61872e-12	-0.0139952
7.62008e-12	-0.0140069
7.62143e-12	-0.0140185
7.62278e-12	-0.0140302
7.62413e-12	-0.0140419
7.62549e-12	-0.0140535
7.62684e-12	-0.0140652
7.62819e-12	-0.0140769
7.62954e-12	-0.0140886
7.6309e-12	-0.0141003
7.63225e-12	-0.014112
7.6336e-12	-0.0141237
7.63495e-12	-0.0141355
7.63631e-12	-0.0141472
7.63766e-12	-0.0141589
7.63901e-12	-0.0141707
7.64037e-12	-0.0141825
7.64172e-12	-0.0141942
7.64307e-12	-0.014206
7.64442e-12	-0.0142178
7.64578e-12	-0.0142296
7.64713e-12	-0.0142413
7.64848e-12	-0.0142531
7.64983e-12	-0.014265
7.65119e-12	-0.0142768
7.65254e-12	-0.0142886
7.65389e-12	-0.0143004
7.65524e-12	-0.0143123
7.6566e-12	-0.0143241
7.65795e-12	-0.014336
7.6593e-12	-0.0143478
7.66066e-12	-0.0143597
7.66201e-12	-0.0143716
7.66336e-12	-0.0143835
7.66471e-12	-0.0143953
7.66607e-12	-0.0144072
7.66742e-12	-0.0144192
7.66877e-12	-0.0144311
7.67012e-12	-0.014443
7.67148e-12	-0.0144549
7.67283e-12	-0.0144669
7.67418e-12	-0.0144788
7.67553e-12	-0.0144907
7.67689e-12	-0.0145027
7.67824e-12	-0.0145147
7.67959e-12	-0.0145266
7.68094e-12	-0.0145386
7.6823e-12	-0.0145506
7.68365e-12	-0.0145626
7.685e-12	-0.0145746
7.68636e-12	-0.0145866
7.68771e-12	-0.0145986
7.68906e-12	-0.0146107
7.69041e-12	-0.0146227
7.69177e-12	-0.0146347
7.69312e-12	-0.0146468
7.69447e-12	-0.0146588
7.69582e-12	-0.0146709
7.69718e-12	-0.014683
7.69853e-12	-0.0146951
7.69988e-12	-0.0147071
7.70123e-12	-0.0147192
7.70259e-12	-0.0147313
7.70394e-12	-0.0147434
7.70529e-12	-0.0147556
7.70664e-12	-0.0147677
7.708e-12	-0.0147798
7.70935e-12	-0.014792
7.7107e-12	-0.0148041
7.71206e-12	-0.0148163
7.71341e-12	-0.0148284
7.71476e-12	-0.0148406
7.71611e-12	-0.0148528
7.71747e-12	-0.0148649
7.71882e-12	-0.0148771
7.72017e-12	-0.0148893
7.72152e-12	-0.0149015
7.72288e-12	-0.0149138
7.72423e-12	-0.014926
7.72558e-12	-0.0149382
7.72693e-12	-0.0149504
7.72829e-12	-0.0149627
7.72964e-12	-0.0149749
7.73099e-12	-0.0149872
7.73234e-12	-0.0149995
7.7337e-12	-0.0150117
7.73505e-12	-0.015024
7.7364e-12	-0.0150363
7.73776e-12	-0.0150486
7.73911e-12	-0.0150609
7.74046e-12	-0.0150732
7.74181e-12	-0.0150856
7.74317e-12	-0.0150979
7.74452e-12	-0.0151102
7.74587e-12	-0.0151226
7.74722e-12	-0.0151349
7.74858e-12	-0.0151473
7.74993e-12	-0.0151596
7.75128e-12	-0.015172
7.75263e-12	-0.0151844
7.75399e-12	-0.0151968
7.75534e-12	-0.0152092
7.75669e-12	-0.0152216
7.75804e-12	-0.015234
7.7594e-12	-0.0152464
7.76075e-12	-0.0152588
7.7621e-12	-0.0152713
7.76346e-12	-0.0152837
7.76481e-12	-0.0152962
7.76616e-12	-0.0153086
7.76751e-12	-0.0153211
7.76887e-12	-0.0153336
7.77022e-12	-0.015346
7.77157e-12	-0.0153585
7.77292e-12	-0.015371
7.77428e-12	-0.0153835
7.77563e-12	-0.015396
7.77698e-12	-0.0154086
7.77833e-12	-0.0154211
7.77969e-12	-0.0154336
7.78104e-12	-0.0154462
7.78239e-12	-0.0154587
7.78374e-12	-0.0154713
7.7851e-12	-0.0154838
7.78645e-12	-0.0154964
7.7878e-12	-0.015509
7.78916e-12	-0.0155216
7.79051e-12	-0.0155342
7.79186e-12	-0.0155468
7.79321e-12	-0.0155594
7.79457e-12	-0.015572
7.79592e-12	-0.0155846
7.79727e-12	-0.0155973
7.79862e-12	-0.0156099
7.79998e-12	-0.0156226
7.80133e-12	-0.0156352
7.80268e-12	-0.0156479
7.80403e-12	-0.0156606
7.80539e-12	-0.0156733
7.80674e-12	-0.0156859
7.80809e-12	-0.0156986
7.80944e-12	-0.0157113
7.8108e-12	-0.0157241
7.81215e-12	-0.0157368
7.8135e-12	-0.0157495
7.81486e-12	-0.0157622
7.81621e-12	-0.015775
7.81756e-12	-0.0157877
7.81891e-12	-0.0158005
7.82027e-12	-0.0158133
7.82162e-12	-0.015826
7.82297e-12	-0.0158388
7.82432e-12	-0.0158516
7.82568e-12	-0.0158644
7.82703e-12	-0.0158772
7.82838e-12	-0.01589
7.82973e-12	-0.0159028
7.83109e-12	-0.0159157
7.83244e-12	-0.0159285
7.83379e-12	-0.0159414
7.83515e-12	-0.0159542
7.8365e-12	-0.0159671
7.83785e-12	-0.0159799
7.8392e-12	-0.0159928
7.84056e-12	-0.0160057
7.84191e-12	-0.0160186
7.84326e-12	-0.0160315
7.84461e-12	-0.0160444
7.84597e-12	-0.0160573
7.84732e-12	-0.0160702
7.84867e-12	-0.0160832
7.85002e-12	-0.0160961
7.85138e-12	-0.016109
7.85273e-12	-0.016122
7.85408e-12	-0.016135
7.85543e-12	-0.0161479
7.85679e-12	-0.0161609
7.85814e-12	-0.0161739
7.85949e-12	-0.0161869
7.86085e-12	-0.0161999
7.8622e-12	-0.0162129
7.86355e-12	-0.0162259
7.8649e-12	-0.0162389
7.86626e-12	-0.016252
7.86761e-12	-0.016265
7.86896e-12	-0.0162781
7.87031e-12	-0.0162911
7.87167e-12	-0.0163042
7.87302e-12	-0.0163172
7.87437e-12	-0.0163303
7.87572e-12	-0.0163434
7.87708e-12	-0.0163565
7.87843e-12	-0.0163696
7.87978e-12	-0.0163827
7.88113e-12	-0.0163958
7.88249e-12	-0.016409
7.88384e-12	-0.0164221
7.88519e-12	-0.0164352
7.88655e-12	-0.0164484
7.8879e-12	-0.0164615
7.88925e-12	-0.0164747
7.8906e-12	-0.0164879
7.89196e-12	-0.0165011
7.89331e-12	-0.0165143
7.89466e-12	-0.0165275
7.89601e-12	-0.0165407
7.89737e-12	-0.0165539
7.89872e-12	-0.0165671
7.90007e-12	-0.0165803
7.90142e-12	-0.0165936
7.90278e-12	-0.0166068
7.90413e-12	-0.0166201
7.90548e-12	-0.0166333
7.90683e-12	-0.0166466
7.90819e-12	-0.0166599
7.90954e-12	-0.0166732
7.91089e-12	-0.0166864
7.91225e-12	-0.0166997
7.9136e-12	-0.0167131
7.91495e-12	-0.0167264
7.9163e-12	-0.0167397
7.91766e-12	-0.016753
7.91901e-12	-0.0167664
7.92036e-12	-0.0167797
7.92171e-12	-0.0167931
7.92307e-12	-0.0168064
7.92442e-12	-0.0168198
7.92577e-12	-0.0168332
7.92712e-12	-0.0168466
7.92848e-12	-0.01686
7.92983e-12	-0.0168734
7.93118e-12	-0.0168868
7.93253e-12	-0.0169002
7.93389e-12	-0.0169136
7.93524e-12	-0.0169271
7.93659e-12	-0.0169405
7.93795e-12	-0.016954
7.9393e-12	-0.0169674
7.94065e-12	-0.0169809
7.942e-12	-0.0169944
7.94336e-12	-0.0170079
7.94471e-12	-0.0170213
7.94606e-12	-0.0170348
7.94741e-12	-0.0170483
7.94877e-12	-0.0170619
7.95012e-12	-0.0170754
7.95147e-12	-0.0170889
7.95282e-12	-0.0171025
7.95418e-12	-0.017116
7.95553e-12	-0.0171296
7.95688e-12	-0.0171431
7.95823e-12	-0.0171567
7.95959e-12	-0.0171703
7.96094e-12	-0.0171839
7.96229e-12	-0.0171975
7.96365e-12	-0.0172111
7.965e-12	-0.0172247
7.96635e-12	-0.0172383
7.9677e-12	-0.0172519
7.96906e-12	-0.0172656
7.97041e-12	-0.0172792
7.97176e-12	-0.0172929
7.97311e-12	-0.0173065
7.97447e-12	-0.0173202
7.97582e-12	-0.0173339
7.97717e-12	-0.0173475
7.97852e-12	-0.0173612
7.97988e-12	-0.0173749
7.98123e-12	-0.0173886
7.98258e-12	-0.0174024
7.98394e-12	-0.0174161
7.98529e-12	-0.0174298
7.98664e-12	-0.0174436
7.98799e-12	-0.0174573
7.98935e-12	-0.0174711
7.9907e-12	-0.0174848
7.99205e-12	-0.0174986
7.9934e-12	-0.0175124
7.99476e-12	-0.0175262
7.99611e-12	-0.01754
7.99746e-12	-0.0175538
7.99881e-12	-0.0175676
8.00017e-12	-0.0175814
8.00152e-12	-0.0175952
8.00287e-12	-0.0176091
8.00422e-12	-0.0176229
8.00558e-12	-0.0176368
8.00693e-12	-0.0176506
8.00828e-12	-0.0176645
8.00964e-12	-0.0176784
8.01099e-12	-0.0176923
8.01234e-12	-0.0177062
8.01369e-12	-0.0177201
8.01505e-12	-0.017734
8.0164e-12	-0.0177479
8.01775e-12	-0.0177618
8.0191e-12	-0.0177758
8.02046e-12	-0.0177897
8.02181e-12	-0.0178037
8.02316e-12	-0.0178176
8.02451e-12	-0.0178316
8.02587e-12	-0.0178456
8.02722e-12	-0.0178595
8.02857e-12	-0.0178735
8.02992e-12	-0.0178875
8.03128e-12	-0.0179015
8.03263e-12	-0.0179156
8.03398e-12	-0.0179296
8.03534e-12	-0.0179436
8.03669e-12	-0.0179577
8.03804e-12	-0.0179717
8.03939e-12	-0.0179858
8.04075e-12	-0.0179998
8.0421e-12	-0.0180139
8.04345e-12	-0.018028
8.0448e-12	-0.0180421
8.04616e-12	-0.0180562
8.04751e-12	-0.0180703
8.04886e-12	-0.0180844
8.05021e-12	-0.0180985
8.05157e-12	-0.0181126
8.05292e-12	-0.0181268
8.05427e-12	-0.0181409
8.05562e-12	-0.0181551
8.05698e-12	-0.0181692
8.05833e-12	-0.0181834
8.05968e-12	-0.0181976
8.06104e-12	-0.0182118
8.06239e-12	-0.018226
8.06374e-12	-0.0182402
8.06509e-12	-0.0182544
8.06645e-12	-0.0182686
8.0678e-12	-0.0182828
8.06915e-12	-0.0182971
8.0705e-12	-0.0183113
8.07186e-12	-0.0183256
8.07321e-12	-0.0183398
8.07456e-12	-0.0183541
8.07591e-12	-0.0183684
8.07727e-12	-0.0183827
8.07862e-12	-0.018397
8.07997e-12	-0.0184113
8.08132e-12	-0.0184256
8.08268e-12	-0.0184399
8.08403e-12	-0.0184542
8.08538e-12	-0.0184686
8.08674e-12	-0.0184829
8.08809e-12	-0.0184973
8.08944e-12	-0.0185116
8.09079e-12	-0.018526
8.09215e-12	-0.0185404
8.0935e-12	-0.0185548
8.09485e-12	-0.0185692
8.0962e-12	-0.0185836
8.09756e-12	-0.018598
8.09891e-12	-0.0186124
8.10026e-12	-0.0186268
8.10161e-12	-0.0186412
8.10297e-12	-0.0186557
8.10432e-12	-0.0186701
8.10567e-12	-0.0186846
8.10702e-12	-0.0186991
8.10838e-12	-0.0187135
8.10973e-12	-0.018728
8.11108e-12	-0.0187425
8.11244e-12	-0.018757
8.11379e-12	-0.0187715
8.11514e-12	-0.0187861
8.11649e-12	-0.0188006
8.11785e-12	-0.0188151
8.1192e-12	-0.0188297
8.12055e-12	-0.0188442
8.1219e-12	-0.0188588
8.12326e-12	-0.0188733
8.12461e-12	-0.0188879
8.12596e-12	-0.0189025
8.12731e-12	-0.0189171
8.12867e-12	-0.0189317
8.13002e-12	-0.0189463
8.13137e-12	-0.0189609
8.13273e-12	-0.0189755
8.13408e-12	-0.0189902
8.13543e-12	-0.0190048
8.13678e-12	-0.0190195
8.13814e-12	-0.0190341
8.13949e-12	-0.0190488
8.14084e-12	-0.0190635
8.14219e-12	-0.0190782
8.14355e-12	-0.0190928
8.1449e-12	-0.0191075
8.14625e-12	-0.0191223
8.1476e-12	-0.019137
8.14896e-12	-0.0191517
8.15031e-12	-0.0191664
8.15166e-12	-0.0191812
8.15301e-12	-0.0191959
8.15437e-12	-0.0192107
8.15572e-12	-0.0192255
8.15707e-12	-0.0192402
8.15843e-12	-0.019255
8.15978e-12	-0.0192698
8.16113e-12	-0.0192846
8.16248e-12	-0.0192994
8.16384e-12	-0.0193142
8.16519e-12	-0.0193291
8.16654e-12	-0.0193439
8.16789e-12	-0.0193587
8.16925e-12	-0.0193736
8.1706e-12	-0.0193884
8.17195e-12	-0.0194033
8.1733e-12	-0.0194182
8.17466e-12	-0.0194331
8.17601e-12	-0.019448
8.17736e-12	-0.0194629
8.17871e-12	-0.0194778
8.18007e-12	-0.0194927
8.18142e-12	-0.0195076
8.18277e-12	-0.0195226
8.18413e-12	-0.0195375
8.18548e-12	-0.0195525
8.18683e-12	-0.0195674
8.18818e-12	-0.0195824
8.18954e-12	-0.0195974
8.19089e-12	-0.0196123
8.19224e-12	-0.0196273
8.19359e-12	-0.0196423
8.19495e-12	-0.0196574
8.1963e-12	-0.0196724
8.19765e-12	-0.0196874
8.199e-12	-0.0197024
8.20036e-12	-0.0197175
8.20171e-12	-0.0197325
8.20306e-12	-0.0197476
8.20441e-12	-0.0197627
8.20577e-12	-0.0197777
8.20712e-12	-0.0197928
8.20847e-12	-0.0198079
8.20983e-12	-0.019823
8.21118e-12	-0.0198381
8.21253e-12	-0.0198533
8.21388e-12	-0.0198684
8.21524e-12	-0.0198835
8.21659e-12	-0.0198987
8.21794e-12	-0.0199138
8.21929e-12	-0.019929
8.22065e-12	-0.0199442
8.222e-12	-0.0199593
8.22335e-12	-0.0199745
8.2247e-12	-0.0199897
8.22606e-12	-0.0200049
8.22741e-12	-0.0200201
8.22876e-12	-0.0200354
8.23011e-12	-0.0200506
8.23147e-12	-0.0200658
8.23282e-12	-0.0200811
8.23417e-12	-0.0200963
8.23553e-12	-0.0201116
8.23688e-12	-0.0201269
8.23823e-12	-0.0201422
8.23958e-12	-0.0201574
8.24094e-12	-0.0201727
8.24229e-12	-0.020188
8.24364e-12	-0.0202034
8.24499e-12	-0.0202187
8.24635e-12	-0.020234
8.2477e-12	-0.0202494
8.24905e-12	-0.0202647
8.2504e-12	-0.0202801
8.25176e-12	-0.0202954
8.25311e-12	-0.0203108
8.25446e-12	-0.0203262
8.25581e-12	-0.0203416
8.25717e-12	-0.020357
8.25852e-12	-0.0203724
8.25987e-12	-0.0203878
8.26123e-12	-0.0204032
8.26258e-12	-0.0204187
8.26393e-12	-0.0204341
8.26528e-12	-0.0204496
8.26664e-12	-0.020465
8.26799e-12	-0.0204805
8.26934e-12	-0.020496
8.27069e-12	-0.0205114
8.27205e-12	-0.0205269
8.2734e-12	-0.0205424
8.27475e-12	-0.020558
8.2761e-12	-0.0205735
8.27746e-12	-0.020589
8.27881e-12	-0.0206045
8.28016e-12	-0.0206201
8.28152e-12	-0.0206356
8.28287e-12	-0.0206512
8.28422e-12	-0.0206668
8.28557e-12	-0.0206824
8.28693e-12	-0.0206979
8.28828e-12	-0.0207135
8.28963e-12	-0.0207291
8.29098e-12	-0.0207448
8.29234e-12	-0.0207604
8.29369e-12	-0.020776
8.29504e-12	-0.0207916
8.29639e-12	-0.0208073
8.29775e-12	-0.020823
8.2991e-12	-0.0208386
8.30045e-12	-0.0208543
8.3018e-12	-0.02087
8.30316e-12	-0.0208857
8.30451e-12	-0.0209014
8.30586e-12	-0.0209171
8.30722e-12	-0.0209328
8.30857e-12	-0.0209485
8.30992e-12	-0.0209642
8.31127e-12	-0.02098
8.31263e-12	-0.0209957
8.31398e-12	-0.0210115
8.31533e-12	-0.0210273
8.31668e-12	-0.021043
8.31804e-12	-0.0210588
8.31939e-12	-0.0210746
8.32074e-12	-0.0210904
8.32209e-12	-0.0211062
8.32345e-12	-0.0211221
8.3248e-12	-0.0211379
8.32615e-12	-0.0211537
8.3275e-12	-0.0211696
8.32886e-12	-0.0211854
8.33021e-12	-0.0212013
8.33156e-12	-0.0212172
8.33292e-12	-0.021233
8.33427e-12	-0.0212489
8.33562e-12	-0.0212648
8.33697e-12	-0.0212807
8.33833e-12	-0.0212966
8.33968e-12	-0.0213126
8.34103e-12	-0.0213285
8.34238e-12	-0.0213444
8.34374e-12	-0.0213604
8.34509e-12	-0.0213763
8.34644e-12	-0.0213923
8.34779e-12	-0.0214083
8.34915e-12	-0.0214243
8.3505e-12	-0.0214403
8.35185e-12	-0.0214563
8.3532e-12	-0.0214723
8.35456e-12	-0.0214883
8.35591e-12	-0.0215043
8.35726e-12	-0.0215204
8.35862e-12	-0.0215364
8.35997e-12	-0.0215525
8.36132e-12	-0.0215685
8.36267e-12	-0.0215846
8.36403e-12	-0.0216007
8.36538e-12	-0.0216168
8.36673e-12	-0.0216328
8.36808e-12	-0.021649
8.36944e-12	-0.0216651
8.37079e-12	-0.0216812
8.37214e-12	-0.0216973
8.37349e-12	-0.0217135
8.37485e-12	-0.0217296
8.3762e-12	-0.0217458
8.37755e-12	-0.0217619
8.3789e-12	-0.0217781
8.38026e-12	-0.0217943
8.38161e-12	-0.0218105
8.38296e-12	-0.0218267
8.38432e-12	-0.0218429
8.38567e-12	-0.0218591
8.38702e-12	-0.0218753
8.38837e-12	-0.0218916
8.38973e-12	-0.0219078
8.39108e-12	-0.0219241
8.39243e-12	-0.0219403
8.39378e-12	-0.0219566
8.39514e-12	-0.0219729
8.39649e-12	-0.0219892
8.39784e-12	-0.0220055
8.39919e-12	-0.0220218
8.40055e-12	-0.0220381
8.4019e-12	-0.0220544
8.40325e-12	-0.0220707
8.4046e-12	-0.0220871
8.40596e-12	-0.0221034
8.40731e-12	-0.0221198
8.40866e-12	-0.0221361
8.41002e-12	-0.0221525
8.41137e-12	-0.0221689
8.41272e-12	-0.0221853
8.41407e-12	-0.0222017
8.41543e-12	-0.0222181
8.41678e-12	-0.0222345
8.41813e-12	-0.022251
8.41948e-12	-0.0222674
8.42084e-12	-0.0222838
8.42219e-12	-0.0223003
8.42354e-12	-0.0223168
8.42489e-12	-0.0223332
8.42625e-12	-0.0223497
8.4276e-12	-0.0223662
8.42895e-12	-0.0223827
8.4303e-12	-0.0223992
8.43166e-12	-0.0224157
8.43301e-12	-0.0224322
8.43436e-12	-0.0224488
8.43572e-12	-0.0224653
8.43707e-12	-0.0224819
8.43842e-12	-0.0224984
8.43977e-12	-0.022515
8.44113e-12	-0.0225316
8.44248e-12	-0.0225481
8.44383e-12	-0.0225647
8.44518e-12	-0.0225813
8.44654e-12	-0.022598
8.44789e-12	-0.0226146
8.44924e-12	-0.0226312
8.45059e-12	-0.0226478
8.45195e-12	-0.0226645
8.4533e-12	-0.0226811
8.45465e-12	-0.0226978
8.45601e-12	-0.0227145
8.45736e-12	-0.0227312
8.45871e-12	-0.0227478
8.46006e-12	-0.0227645
8.46142e-12	-0.0227813
8.46277e-12	-0.022798
8.46412e-12	-0.0228147
8.46547e-12	-0.0228314
8.46683e-12	-0.0228482
8.46818e-12	-0.0228649
8.46953e-12	-0.0228817
8.47088e-12	-0.0228985
8.47224e-12	-0.0229152
8.47359e-12	-0.022932
8.47494e-12	-0.0229488
8.47629e-12	-0.0229656
8.47765e-12	-0.0229824
8.479e-12	-0.0229993
8.48035e-12	-0.0230161
8.48171e-12	-0.0230329
8.48306e-12	-0.0230498
8.48441e-12	-0.0230666
8.48576e-12	-0.0230835
8.48712e-12	-0.0231004
8.48847e-12	-0.0231173
8.48982e-12	-0.0231342
8.49117e-12	-0.0231511
8.49253e-12	-0.023168
8.49388e-12	-0.0231849
8.49523e-12	-0.0232018
8.49658e-12	-0.0232188
8.49794e-12	-0.0232357
8.49929e-12	-0.0232527
8.50064e-12	-0.0232696
8.50199e-12	-0.0232866
8.50335e-12	-0.0233036
8.5047e-12	-0.0233206
8.50605e-12	-0.0233376
8.50741e-12	-0.0233546
8.50876e-12	-0.0233716
8.51011e-12	-0.0233886
8.51146e-12	-0.0234056
8.51282e-12	-0.0234227
8.51417e-12	-0.0234397
8.51552e-12	-0.0234568
8.51687e-12	-0.0234739
8.51823e-12	-0.023491
8.51958e-12	-0.023508
8.52093e-12	-0.0235251
8.52228e-12	-0.0235422
8.52364e-12	-0.0235594
8.52499e-12	-0.0235765
8.52634e-12	-0.0235936
8.52769e-12	-0.0236108
8.52905e-12	-0.0236279
8.5304e-12	-0.0236451
8.53175e-12	-0.0236622
8.53311e-12	-0.0236794
8.53446e-12	-0.0236966
8.53581e-12	-0.0237138
8.53716e-12	-0.023731
8.53852e-12	-0.0237482
8.53987e-12	-0.0237654
8.54122e-12	-0.0237827
8.54257e-12	-0.0237999
8.54393e-12	-0.0238171
8.54528e-12	-0.0238344
8.54663e-12	-0.0238517
8.54798e-12	-0.0238689
8.54934e-12	-0.0238862
8.55069e-12	-0.0239035
8.55204e-12	-0.0239208
8.55339e-12	-0.0239381
8.55475e-12	-0.0239554
8.5561e-12	-0.0239728
8.55745e-12	-0.0239901
8.55881e-12	-0.0240075
8.56016e-12	-0.0240248
8.56151e-12	-0.0240422
8.56286e-12	-0.0240595
8.56422e-12	-0.0240769
8.56557e-12	-0.0240943
8.56692e-12	-0.0241117
8.56827e-12	-0.0241291
8.56963e-12	-0.0241465
8.57098e-12	-0.024164
8.57233e-12	-0.0241814
8.57368e-12	-0.0241988
8.57504e-12	-0.0242163
8.57639e-12	-0.0242338
8.57774e-12	-0.0242512
8.57909e-12	-0.0242687
8.58045e-12	-0.0242862
8.5818e-12	-0.0243037
8.58315e-12	-0.0243212
8.58451e-12	-0.0243387
8.58586e-12	-0.0243562
8.58721e-12	-0.0243738
8.58856e-12	-0.0243913
8.58992e-12	-0.0244089
8.59127e-12	-0.0244264
8.59262e-12	-0.024444
8.59397e-12	-0.0244616
8.59533e-12	-0.0244792
8.59668e-12	-0.0244968
8.59803e-12	-0.0245144
8.59938e-12	-0.024532
8.60074e-12	-0.0245496
8.60209e-12	-0.0245672
8.60344e-12	-0.0245849
8.6048e-12	-0.0246025
8.60615e-12	-0.0246202
8.6075e-12	-0.0246378
8.60885e-12	-0.0246555
8.61021e-12	-0.0246732
8.61156e-12	-0.0246909
8.61291e-12	-0.0247086
8.61426e-12	-0.0247263
8.61562e-12	-0.024744
8.61697e-12	-0.0247618
8.61832e-12	-0.0247795
8.61967e-12	-0.0247973
8.62103e-12	-0.024815
8.62238e-12	-0.0248328
8.62373e-12	-0.0248506
8.62508e-12	-0.0248683
8.62644e-12	-0.0248861
8.62779e-12	-0.0249039
8.62914e-12	-0.0249217
8.6305e-12	-0.0249396
8.63185e-12	-0.0249574
8.6332e-12	-0.0249752
8.63455e-12	-0.0249931
8.63591e-12	-0.0250109
8.63726e-12	-0.0250288
8.63861e-12	-0.0250467
8.63996e-12	-0.0250646
8.64132e-12	-0.0250825
8.64267e-12	-0.0251004
8.64402e-12	-0.0251183
8.64537e-12	-0.0251362
8.64673e-12	-0.0251541
8.64808e-12	-0.025172
8.64943e-12	-0.02519
8.65078e-12	-0.025208
8.65214e-12	-0.0252259
8.65349e-12	-0.0252439
8.65484e-12	-0.0252619
8.6562e-12	-0.0252799
8.65755e-12	-0.0252979
8.6589e-12	-0.0253159
8.66025e-12	-0.0253339
8.66161e-12	-0.0253519
8.66296e-12	-0.02537
8.66431e-12	-0.025388
8.66566e-12	-0.0254061
8.66702e-12	-0.0254241
8.66837e-12	-0.0254422
8.66972e-12	-0.0254603
8.67107e-12	-0.0254784
8.67243e-12	-0.0254965
8.67378e-12	-0.0255146
8.67513e-12	-0.0255327
8.67648e-12	-0.0255508
8.67784e-12	-0.0255689
8.67919e-12	-0.0255871
8.68054e-12	-0.0256052
8.6819e-12	-0.0256234
8.68325e-12	-0.0256416
8.6846e-12	-0.0256598
8.68595e-12	-0.025678
8.68731e-12	-0.0256962
8.68866e-12	-0.0257144
8.69001e-12	-0.0257326
8.69136e-12	-0.0257508
8.69272e-12	-0.025769
8.69407e-12	-0.0257873
8.69542e-12	-0.0258055
8.69677e-12	-0.0258238
8.69813e-12	-0.0258421
8.69948e-12	-0.0258603
8.70083e-12	-0.0258786
8.70218e-12	-0.0258969
8.70354e-12	-0.0259152
8.70489e-12	-0.0259336
8.70624e-12	-0.0259519
8.7076e-12	-0.0259702
8.70895e-12	-0.0259886
8.7103e-12	-0.0260069
8.71165e-12	-0.0260253
8.71301e-12	-0.0260437
8.71436e-12	-0.026062
8.71571e-12	-0.0260804
8.71706e-12	-0.0260988
8.71842e-12	-0.0261172
8.71977e-12	-0.0261356
8.72112e-12	-0.0261541
8.72247e-12	-0.0261725
8.72383e-12	-0.0261909
8.72518e-12	-0.0262094
8.72653e-12	-0.0262279
8.72788e-12	-0.0262463
8.72924e-12	-0.0262648
8.73059e-12	-0.0262833
8.73194e-12	-0.0263018
8.7333e-12	-0.0263203
8.73465e-12	-0.0263388
8.736e-12	-0.0263573
8.73735e-12	-0.0263759
8.73871e-12	-0.0263944
8.74006e-12	-0.026413
8.74141e-12	-0.0264315
8.74276e-12	-0.0264501
8.74412e-12	-0.0264687
8.74547e-12	-0.0264873
8.74682e-12	-0.0265059
8.74817e-12	-0.0265245
8.74953e-12	-0.0265431
8.75088e-12	-0.0265617
8.75223e-12	-0.0265804
8.75359e-12	-0.026599
8.75494e-12	-0.0266177
8.75629e-12	-0.0266363
8.75764e-12	-0.026655
8.759e-12	-0.0266737
8.76035e-12	-0.0266924
8.7617e-12	-0.0267111
8.76305e-12	-0.0267298
8.76441e-12	-0.0267485
8.76576e-12	-0.0267672
8.76711e-12	-0.0267859
8.76846e-12	-0.0268047
8.76982e-12	-0.0268234
8.77117e-12	-0.0268422
8.77252e-12	-0.026861
8.77387e-12	-0.0268798
8.77523e-12	-0.0268985
8.77658e-12	-0.0269173
8.77793e-12	-0.0269361
8.77929e-12	-0.026955
8.78064e-12	-0.0269738
8.78199e-12	-0.0269926
8.78334e-12	-0.0270115
8.7847e-12	-0.0270303
8.78605e-12	-0.0270492
8.7874e-12	-0.0270681
8.78875e-12	-0.0270869
8.79011e-12	-0.0271058
8.79146e-12	-0.0271247
8.79281e-12	-0.0271436
8.79416e-12	-0.0271625
8.79552e-12	-0.0271815
8.79687e-12	-0.0272004
8.79822e-12	-0.0272194
8.79957e-12	-0.0272383
8.80093e-12	-0.0272573
8.80228e-12	-0.0272762
8.80363e-12	-0.0272952
8.80499e-12	-0.0273142
8.80634e-12	-0.0273332
8.80769e-12	-0.0273522
8.80904e-12	-0.0273712
8.8104e-12	-0.0273903
8.81175e-12	-0.0274093
8.8131e-12	-0.0274283
8.81445e-12	-0.0274474
8.81581e-12	-0.0274665
8.81716e-12	-0.0274855
8.81851e-12	-0.0275046
8.81986e-12	-0.0275237
8.82122e-12	-0.0275428
8.82257e-12	-0.0275619
8.82392e-12	-0.027581
8.82527e-12	-0.0276002
8.82663e-12	-0.0276193
8.82798e-12	-0.0276384
8.82933e-12	-0.0276576
8.83069e-12	-0.0276768
8.83204e-12	-0.0276959
8.83339e-12	-0.0277151
8.83474e-12	-0.0277343
8.8361e-12	-0.0277535
8.83745e-12	-0.0277727
8.8388e-12	-0.0277919
8.84015e-12	-0.0278112
8.84151e-12	-0.0278304
8.84286e-12	-0.0278497
8.84421e-12	-0.0278689
8.84556e-12	-0.0278882
8.84692e-12	-0.0279074
8.84827e-12	-0.0279267
8.84962e-12	-0.027946
8.85097e-12	-0.0279653
8.85233e-12	-0.0279846
8.85368e-12	-0.028004
8.85503e-12	-0.0280233
8.85639e-12	-0.0280426
8.85774e-12	-0.028062
8.85909e-12	-0.0280813
8.86044e-12	-0.0281007
8.8618e-12	-0.0281201
8.86315e-12	-0.0281395
8.8645e-12	-0.0281588
8.86585e-12	-0.0281782
8.86721e-12	-0.0281977
8.86856e-12	-0.0282171
8.86991e-12	-0.0282365
8.87126e-12	-0.0282559
8.87262e-12	-0.0282754
8.87397e-12	-0.0282949
8.87532e-12	-0.0283143
8.87667e-12	-0.0283338
8.87803e-12	-0.0283533
8.87938e-12	-0.0283728
8.88073e-12	-0.0283923
8.88209e-12	-0.0284118
8.88344e-12	-0.0284313
8.88479e-12	-0.0284508
8.88614e-12	-0.0284704
8.8875e-12	-0.0284899
8.88885e-12	-0.0285095
8.8902e-12	-0.0285291
8.89155e-12	-0.0285486
8.89291e-12	-0.0285682
8.89426e-12	-0.0285878
8.89561e-12	-0.0286074
8.89696e-12	-0.028627
8.89832e-12	-0.0286467
8.89967e-12	-0.0286663
8.90102e-12	-0.0286859
8.90238e-12	-0.0287056
8.90373e-12	-0.0287252
8.90508e-12	-0.0287449
8.90643e-12	-0.0287646
8.90779e-12	-0.0287843
8.90914e-12	-0.028804
8.91049e-12	-0.0288237
8.91184e-12	-0.0288434
8.9132e-12	-0.0288631
8.91455e-12	-0.0288829
8.9159e-12	-0.0289026
8.91725e-12	-0.0289223
8.91861e-12	-0.0289421
8.91996e-12	-0.0289619
8.92131e-12	-0.0289817
8.92266e-12	-0.0290014
8.92402e-12	-0.0290212
8.92537e-12	-0.0290411
8.92672e-12	-0.0290609
8.92808e-12	-0.0290807
8.92943e-12	-0.0291005
8.93078e-12	-0.0291204
8.93213e-12	-0.0291402
8.93349e-12	-0.0291601
8.93484e-12	-0.02918
8.93619e-12	-0.0291998
8.93754e-12	-0.0292197
8.9389e-12	-0.0292396
8.94025e-12	-0.0292595
8.9416e-12	-0.0292795
8.94295e-12	-0.0292994
8.94431e-12	-0.0293193
8.94566e-12	-0.0293393
8.94701e-12	-0.0293592
8.94836e-12	-0.0293792
8.94972e-12	-0.0293992
8.95107e-12	-0.0294191
8.95242e-12	-0.0294391
8.95378e-12	-0.0294591
8.95513e-12	-0.0294791
8.95648e-12	-0.0294992
8.95783e-12	-0.0295192
8.95919e-12	-0.0295392
8.96054e-12	-0.0295593
8.96189e-12	-0.0295793
8.96324e-12	-0.0295994
8.9646e-12	-0.0296195
8.96595e-12	-0.0296396
8.9673e-12	-0.0296596
8.96865e-12	-0.0296797
8.97001e-12	-0.0296999
8.97136e-12	-0.02972
8.97271e-12	-0.0297401
8.97406e-12	-0.0297602
8.97542e-12	-0.0297804
8.97677e-12	-0.0298006
8.97812e-12	-0.0298207
8.97948e-12	-0.0298409
8.98083e-12	-0.0298611
8.98218e-12	-0.0298813
8.98353e-12	-0.0299015
8.98489e-12	-0.0299217
8.98624e-12	-0.0299419
8.98759e-12	-0.0299621
8.98894e-12	-0.0299824
8.9903e-12	-0.0300026
8.99165e-12	-0.0300229
8.993e-12	-0.0300432
8.99435e-12	-0.0300634
8.99571e-12	-0.0300837
8.99706e-12	-0.030104
8.99841e-12	-0.0301243
8.99976e-12	-0.0301446
9.00112e-12	-0.030165
9.00247e-12	-0.0301853
9.00382e-12	-0.0302056
9.00518e-12	-0.030226
9.00653e-12	-0.0302464
9.00788e-12	-0.0302667
9.00923e-12	-0.0302871
9.01059e-12	-0.0303075
9.01194e-12	-0.0303279
9.01329e-12	-0.0303483
9.01464e-12	-0.0303687
9.016e-12	-0.0303891
9.01735e-12	-0.0304096
9.0187e-12	-0.03043
9.02005e-12	-0.0304505
9.02141e-12	-0.0304709
9.02276e-12	-0.0304914
9.02411e-12	-0.0305119
9.02546e-12	-0.0305324
9.02682e-12	-0.0305529
9.02817e-12	-0.0305734
9.02952e-12	-0.0305939
9.03088e-12	-0.0306144
9.03223e-12	-0.030635
9.03358e-12	-0.0306555
9.03493e-12	-0.0306761
9.03629e-12	-0.0306966
9.03764e-12	-0.0307172
9.03899e-12	-0.0307378
9.04034e-12	-0.0307584
9.0417e-12	-0.030779
9.04305e-12	-0.0307996
9.0444e-12	-0.0308202
9.04575e-12	-0.0308408
9.04711e-12	-0.0308615
9.04846e-12	-0.0308821
9.04981e-12	-0.0309028
9.05117e-12	-0.0309235
9.05252e-12	-0.0309441
9.05387e-12	-0.0309648
9.05522e-12	-0.0309855
9.05658e-12	-0.0310062
9.05793e-12	-0.0310269
9.05928e-12	-0.0310476
9.06063e-12	-0.0310684
9.06199e-12	-0.0310891
9.06334e-12	-0.0311099
9.06469e-12	-0.0311306
9.06604e-12	-0.0311514
9.0674e-12	-0.0311722
9.06875e-12	-0.031193
9.0701e-12	-0.0312138
9.07145e-12	-0.0312346
9.07281e-12	-0.0312554
9.07416e-12	-0.0312762
9.07551e-12	-0.031297
9.07687e-12	-0.0313179
9.07822e-12	-0.0313387
9.07957e-12	-0.0313596
9.08092e-12	-0.0313804
9.08228e-12	-0.0314013
9.08363e-12	-0.0314222
9.08498e-12	-0.0314431
9.08633e-12	-0.031464
9.08769e-12	-0.0314849
9.08904e-12	-0.0315059
9.09039e-12	-0.0315268
9.09174e-12	-0.0315477
9.0931e-12	-0.0315687
9.09445e-12	-0.0315897
9.0958e-12	-0.0316106
9.09715e-12	-0.0316316
9.09851e-12	-0.0316526
9.09986e-12	-0.0316736
9.10121e-12	-0.0316946
9.10257e-12	-0.0317156
9.10392e-12	-0.0317367
9.10527e-12	-0.0317577
9.10662e-12	-0.0317787
9.10798e-12	-0.0317998
9.10933e-12	-0.0318209
9.11068e-12	-0.0318419
9.11203e-12	-0.031863
9.11339e-12	-0.0318841
9.11474e-12	-0.0319052
9.11609e-12	-0.0319263
9.11744e-12	-0.0319474
9.1188e-12	-0.0319686
9.12015e-12	-0.0319897
9.1215e-12	-0.0320108
9.12285e-12	-0.032032
9.12421e-12	-0.0320532
9.12556e-12	-0.0320744
9.12691e-12	-0.0320955
9.12827e-12	-0.0321167
9.12962e-12	-0.0321379
9.13097e-12	-0.0321591
9.13232e-12	-0.0321804
9.13368e-12	-0.0322016
9.13503e-12	-0.0322228
9.13638e-12	-0.0322441
9.13773e-12	-0.0322653
9.13909e-12	-0.0322866
9.14044e-12	-0.0323079
9.14179e-12	-0.0323292
9.14314e-12	-0.0323505
9.1445e-12	-0.0323718
9.14585e-12	-0.0323931
9.1472e-12	-0.0324144
9.14855e-12	-0.0324357
9.14991e-12	-0.0324571
9.15126e-12	-0.0324784
9.15261e-12	-0.0324998
9.15397e-12	-0.0325212
9.15532e-12	-0.0325426
9.15667e-12	-0.0325639
9.15802e-12	-0.0325853
9.15938e-12	-0.0326067
9.16073e-12	-0.0326282
9.16208e-12	-0.0326496
9.16343e-12	-0.032671
9.16479e-12	-0.0326925
9.16614e-12	-0.0327139
9.16749e-12	-0.0327354
9.16884e-12	-0.0327569
9.1702e-12	-0.0327783
9.17155e-12	-0.0327998
9.1729e-12	-0.0328213
9.17425e-12	-0.0328428
9.17561e-12	-0.0328644
9.17696e-12	-0.0328859
9.17831e-12	-0.0329074
9.17967e-12	-0.032929
9.18102e-12	-0.0329505
9.18237e-12	-0.0329721
9.18372e-12	-0.0329937
9.18508e-12	-0.0330152
9.18643e-12	-0.0330368
9.18778e-12	-0.0330584
9.18913e-12	-0.03308
9.19049e-12	-0.0331017
9.19184e-12	-0.0331233
9.19319e-12	-0.0331449
9.19454e-12	-0.0331666
9.1959e-12	-0.0331882
9.19725e-12	-0.0332099
9.1986e-12	-0.0332316
9.19995e-12	-0.0332533
9.20131e-12	-0.033275
9.20266e-12	-0.0332967
9.20401e-12	-0.0333184
9.20537e-12	-0.0333401
9.20672e-12	-0.0333618
9.20807e-12	-0.0333836
9.20942e-12	-0.0334053
9.21078e-12	-0.0334271
9.21213e-12	-0.0334489
9.21348e-12	-0.0334706
9.21483e-12	-0.0334924
9.21619e-12	-0.0335142
9.21754e-12	-0.033536
9.21889e-12	-0.0335578
9.22024e-12	-0.0335797
9.2216e-12	-0.0336015
9.22295e-12	-0.0336233
9.2243e-12	-0.0336452
9.22566e-12	-0.033667
9.22701e-12	-0.0336889
9.22836e-12	-0.0337108
9.22971e-12	-0.0337327
9.23107e-12	-0.0337546
9.23242e-12	-0.0337765
9.23377e-12	-0.0337984
9.23512e-12	-0.0338203
9.23648e-12	-0.0338423
9.23783e-12	-0.0338642
9.23918e-12	-0.0338862
9.24053e-12	-0.0339081
9.24189e-12	-0.0339301
9.24324e-12	-0.0339521
9.24459e-12	-0.0339741
9.24594e-12	-0.0339961
9.2473e-12	-0.0340181
9.24865e-12	-0.0340401
9.25e-12	-0.0340621
9.25136e-12	-0.0340842
9.25271e-12	-0.0341062
9.25406e-12	-0.0341283
9.25541e-12	-0.0341503
9.25677e-12	-0.0341724
9.25812e-12	-0.0341945
9.25947e-12	-0.0342166
9.26082e-12	-0.0342387
9.26218e-12	-0.0342608
9.26353e-12	-0.0342829
9.26488e-12	-0.034305
9.26623e-12	-0.0343272
9.26759e-12	-0.0343493
9.26894e-12	-0.0343715
9.27029e-12	-0.0343936
9.27164e-12	-0.0344158
9.273e-12	-0.034438
9.27435e-12	-0.0344602
9.2757e-12	-0.0344824
9.27706e-12	-0.0345046
9.27841e-12	-0.0345268
9.27976e-12	-0.0345491
9.28111e-12	-0.0345713
9.28247e-12	-0.0345936
9.28382e-12	-0.0346158
9.28517e-12	-0.0346381
9.28652e-12	-0.0346604
9.28788e-12	-0.0346827
9.28923e-12	-0.0347049
9.29058e-12	-0.0347273
9.29193e-12	-0.0347496
9.29329e-12	-0.0347719
9.29464e-12	-0.0347942
9.29599e-12	-0.0348166
9.29734e-12	-0.0348389
9.2987e-12	-0.0348613
9.30005e-12	-0.0348836
9.3014e-12	-0.034906
9.30276e-12	-0.0349284
9.30411e-12	-0.0349508
9.30546e-12	-0.0349732
9.30681e-12	-0.0349956
9.30817e-12	-0.0350181
9.30952e-12	-0.0350405
9.31087e-12	-0.0350629
9.31222e-12	-0.0350854
9.31358e-12	-0.0351079
9.31493e-12	-0.0351303
9.31628e-12	-0.0351528
9.31763e-12	-0.0351753
9.31899e-12	-0.0351978
9.32034e-12	-0.0352203
9.32169e-12	-0.0352428
9.32304e-12	-0.0352653
9.3244e-12	-0.0352879
9.32575e-12	-0.0353104
9.3271e-12	-0.035333
9.32846e-12	-0.0353555
9.32981e-12	-0.0353781
9.33116e-12	-0.0354007
9.33251e-12	-0.0354233
9.33387e-12	-0.0354459
9.33522e-12	-0.0354685
9.33657e-12	-0.0354911
9.33792e-12	-0.0355137
9.33928e-12	-0.0355364
9.34063e-12	-0.035559
9.34198e-12	-0.0355817
9.34333e-12	-0.0356043
9.34469e-12	-0.035627
9.34604e-12	-0.0356497
9.34739e-12	-0.0356724
9.34874e-12	-0.0356951
9.3501e-12	-0.0357178
9.35145e-12	-0.0357405
9.3528e-12	-0.0357633
9.35416e-12	-0.035786
9.35551e-12	-0.0358087
9.35686e-12	-0.0358315
9.35821e-12	-0.0358543
9.35957e-12	-0.035877
9.36092e-12	-0.0358998
9.36227e-12	-0.0359226
9.36362e-12	-0.0359454
9.36498e-12	-0.0359682
9.36633e-12	-0.0359911
9.36768e-12	-0.0360139
9.36903e-12	-0.0360367
9.37039e-12	-0.0360596
9.37174e-12	-0.0360824
9.37309e-12	-0.0361053
9.37445e-12	-0.0361282
9.3758e-12	-0.0361511
9.37715e-12	-0.036174
9.3785e-12	-0.0361969
9.37986e-12	-0.0362198
9.38121e-12	-0.0362427
9.38256e-12	-0.0362656
9.38391e-12	-0.0362886
9.38527e-12	-0.0363115
9.38662e-12	-0.0363345
9.38797e-12	-0.0363575
9.38932e-12	-0.0363804
9.39068e-12	-0.0364034
9.39203e-12	-0.0364264
9.39338e-12	-0.0364494
9.39473e-12	-0.0364724
9.39609e-12	-0.0364955
9.39744e-12	-0.0365185
9.39879e-12	-0.0365415
9.40015e-12	-0.0365646
9.4015e-12	-0.0365876
9.40285e-12	-0.0366107
9.4042e-12	-0.0366338
9.40556e-12	-0.0366569
9.40691e-12	-0.03668
9.40826e-12	-0.0367031
9.40961e-12	-0.0367262
9.41097e-12	-0.0367493
9.41232e-12	-0.0367725
9.41367e-12	-0.0367956
9.41502e-12	-0.0368188
9.41638e-12	-0.0368419
9.41773e-12	-0.0368651
9.41908e-12	-0.0368883
9.42043e-12	-0.0369115
9.42179e-12	-0.0369347
9.42314e-12	-0.0369579
9.42449e-12	-0.0369811
9.42585e-12	-0.0370043
9.4272e-12	-0.0370275
9.42855e-12	-0.0370508
9.4299e-12	-0.037074
9.43126e-12	-0.0370973
9.43261e-12	-0.0371206
9.43396e-12	-0.0371439
9.43531e-12	-0.0371671
9.43667e-12	-0.0371904
9.43802e-12	-0.0372138
9.43937e-12	-0.0372371
9.44072e-12	-0.0372604
9.44208e-12	-0.0372837
9.44343e-12	-0.0373071
9.44478e-12	-0.0373304
9.44613e-12	-0.0373538
9.44749e-12	-0.0373772
9.44884e-12	-0.0374005
9.45019e-12	-0.0374239
9.45155e-12	-0.0374473
9.4529e-12	-0.0374707
9.45425e-12	-0.0374942
9.4556e-12	-0.0375176
9.45696e-12	-0.037541
9.45831e-12	-0.0375645
9.45966e-12	-0.0375879
9.46101e-12	-0.0376114
9.46237e-12	-0.0376349
9.46372e-12	-0.0376583
9.46507e-12	-0.0376818
9.46642e-12	-0.0377053
9.46778e-12	-0.0377288
9.46913e-12	-0.0377524
9.47048e-12	-0.0377759
9.47183e-12	-0.0377994
9.47319e-12	-0.037823
9.47454e-12	-0.0378465
9.47589e-12	-0.0378701
9.47725e-12	-0.0378937
9.4786e-12	-0.0379172
9.47995e-12	-0.0379408
9.4813e-12	-0.0379644
9.48266e-12	-0.0379881
9.48401e-12	-0.0380117
9.48536e-12	-0.0380353
9.48671e-12	-0.0380589
9.48807e-12	-0.0380826
9.48942e-12	-0.0381062
9.49077e-12	-0.0381299
9.49212e-12	-0.0381536
9.49348e-12	-0.0381773
9.49483e-12	-0.0382009
9.49618e-12	-0.0382247
9.49753e-12	-0.0382484
9.49889e-12	-0.0382721
9.50024e-12	-0.0382958
9.50159e-12	-0.0383195
9.50295e-12	-0.0383433
9.5043e-12	-0.038367
9.50565e-12	-0.0383908
9.507e-12	-0.0384146
9.50836e-12	-0.0384384
9.50971e-12	-0.0384622
9.51106e-12	-0.038486
9.51241e-12	-0.0385098
9.51377e-12	-0.0385336
9.51512e-12	-0.0385574
9.51647e-12	-0.0385813
9.51782e-12	-0.0386051
9.51918e-12	-0.038629
9.52053e-12	-0.0386528
9.52188e-12	-0.0386767
9.52324e-12	-0.0387006
9.52459e-12	-0.0387245
9.52594e-12	-0.0387484
9.52729e-12	-0.0387723
9.52865e-12	-0.0387962
9.53e-12	-0.0388201
9.53135e-12	-0.0388441
9.5327e-12	-0.038868
9.53406e-12	-0.038892
9.53541e-12	-0.0389159
9.53676e-12	-0.0389399
9.53811e-12	-0.0389639
9.53947e-12	-0.0389879
9.54082e-12	-0.0390119
9.54217e-12	-0.0390359
9.54352e-12	-0.0390599
9.54488e-12	-0.0390839
9.54623e-12	-0.039108
9.54758e-12	-0.039132
9.54894e-12	-0.0391561
9.55029e-12	-0.0391801
9.55164e-12	-0.0392042
9.55299e-12	-0.0392283
9.55435e-12	-0.0392524
9.5557e-12	-0.0392765
9.55705e-12	-0.0393006
9.5584e-12	-0.0393247
9.55976e-12	-0.0393488
9.56111e-12	-0.039373
9.56246e-12	-0.0393971
9.56381e-12	-0.0394213
9.56517e-12	-0.0394454
9.56652e-12	-0.0394696
9.56787e-12	-0.0394938
9.56922e-12	-0.039518
9.57058e-12	-0.0395422
9.57193e-12	-0.0395664
9.57328e-12	-0.0395906
9.57464e-12	-0.0396148
9.57599e-12	-0.0396391
9.57734e-12	-0.0396633
9.57869e-12	-0.0396876
9.58005e-12	-0.0397118
9.5814e-12	-0.0397361
9.58275e-12	-0.0397604
9.5841e-12	-0.0397847
9.58546e-12	-0.039809
9.58681e-12	-0.0398333
9.58816e-12	-0.0398576
9.58951e-12	-0.0398819
9.59087e-12	-0.0399063
9.59222e-12	-0.0399306
9.59357e-12	-0.039955
9.59492e-12	-0.0399793
9.59628e-12	-0.0400037
9.59763e-12	-0.0400281
9.59898e-12	-0.0400525
9.60034e-12	-0.0400769
9.60169e-12	-0.0401013
9.60304e-12	-0.0401257
9.60439e-12	-0.0401501
9.60575e-12	-0.0401746
9.6071e-12	-0.040199
9.60845e-12	-0.0402235
9.6098e-12	-0.0402479
9.61116e-12	-0.0402724
9.61251e-12	-0.0402969
9.61386e-12	-0.0403214
9.61521e-12	-0.0403459
9.61657e-12	-0.0403704
9.61792e-12	-0.0403949
9.61927e-12	-0.0404194
9.62062e-12	-0.0404439
9.62198e-12	-0.0404685
9.62333e-12	-0.040493
9.62468e-12	-0.0405176
9.62604e-12	-0.0405422
9.62739e-12	-0.0405667
9.62874e-12	-0.0405913
9.63009e-12	-0.0406159
9.63145e-12	-0.0406405
9.6328e-12	-0.0406651
9.63415e-12	-0.0406898
9.6355e-12	-0.0407144
9.63686e-12	-0.040739
9.63821e-12	-0.0407637
9.63956e-12	-0.0407883
9.64091e-12	-0.040813
9.64227e-12	-0.0408377
9.64362e-12	-0.0408624
9.64497e-12	-0.0408871
9.64632e-12	-0.0409118
9.64768e-12	-0.0409365
9.64903e-12	-0.0409612
9.65038e-12	-0.0409859
9.65174e-12	-0.0410107
9.65309e-12	-0.0410354
9.65444e-12	-0.0410602
9.65579e-12	-0.0410849
9.65715e-12	-0.0411097
9.6585e-12	-0.0411345
9.65985e-12	-0.0411593
9.6612e-12	-0.0411841
9.66256e-12	-0.0412089
9.66391e-12	-0.0412337
9.66526e-12	-0.0412585
9.66661e-12	-0.0412834
9.66797e-12	-0.0413082
9.66932e-12	-0.0413331
9.67067e-12	-0.0413579
9.67203e-12	-0.0413828
9.67338e-12	-0.0414077
9.67473e-12	-0.0414326
9.67608e-12	-0.0414575
9.67744e-12	-0.0414824
9.67879e-12	-0.0415073
9.68014e-12	-0.0415322
9.68149e-12	-0.0415572
9.68285e-12	-0.0415821
9.6842e-12	-0.0416071
9.68555e-12	-0.041632
9.6869e-12	-0.041657
9.68826e-12	-0.041682
9.68961e-12	-0.041707
9.69096e-12	-0.041732
9.69231e-12	-0.041757
9.69367e-12	-0.041782
9.69502e-12	-0.041807
9.69637e-12	-0.041832
9.69773e-12	-0.0418571
9.69908e-12	-0.0418821
9.70043e-12	-0.0419072
9.70178e-12	-0.0419323
9.70314e-12	-0.0419573
9.70449e-12	-0.0419824
9.70584e-12	-0.0420075
9.70719e-12	-0.0420326
9.70855e-12	-0.0420577
9.7099e-12	-0.0420829
9.71125e-12	-0.042108
9.7126e-12	-0.0421331
9.71396e-12	-0.0421583
9.71531e-12	-0.0421834
9.71666e-12	-0.0422086
9.71801e-12	-0.0422338
9.71937e-12	-0.042259
9.72072e-12	-0.0422841
9.72207e-12	-0.0423094
9.72343e-12	-0.0423346
9.72478e-12	-0.0423598
9.72613e-12	-0.042385
9.72748e-12	-0.0424102
9.72884e-12	-0.0424355
9.73019e-12	-0.0424607
9.73154e-12	-0.042486
9.73289e-12	-0.0425113
9.73425e-12	-0.0425366
9.7356e-12	-0.0425618
9.73695e-12	-0.0425871
9.7383e-12	-0.0426124
9.73966e-12	-0.0426378
9.74101e-12	-0.0426631
9.74236e-12	-0.0426884
9.74371e-12	-0.0427138
9.74507e-12	-0.0427391
9.74642e-12	-0.0427645
9.74777e-12	-0.0427898
9.74913e-12	-0.0428152
9.75048e-12	-0.0428406
9.75183e-12	-0.042866
9.75318e-12	-0.0428914
9.75454e-12	-0.0429168
9.75589e-12	-0.0429422
9.75724e-12	-0.0429677
9.75859e-12	-0.0429931
9.75995e-12	-0.0430185
9.7613e-12	-0.043044
9.76265e-12	-0.0430695
9.764e-12	-0.0430949
9.76536e-12	-0.0431204
9.76671e-12	-0.0431459
9.76806e-12	-0.0431714
9.76941e-12	-0.0431969
9.77077e-12	-0.0432224
9.77212e-12	-0.043248
9.77347e-12	-0.0432735
9.77483e-12	-0.043299
9.77618e-12	-0.0433246
9.77753e-12	-0.0433501
9.77888e-12	-0.0433757
9.78024e-12	-0.0434013
9.78159e-12	-0.0434269
9.78294e-12	-0.0434525
9.78429e-12	-0.0434781
9.78565e-12	-0.0435037
9.787e-12	-0.0435293
9.78835e-12	-0.0435549
9.7897e-12	-0.0435806
9.79106e-12	-0.0436062
9.79241e-12	-0.0436319
9.79376e-12	-0.0436576
9.79511e-12	-0.0436832
9.79647e-12	-0.0437089
9.79782e-12	-0.0437346
9.79917e-12	-0.0437603
9.80053e-12	-0.043786
9.80188e-12	-0.0438117
9.80323e-12	-0.0438375
9.80458e-12	-0.0438632
9.80594e-12	-0.0438889
9.80729e-12	-0.0439147
9.80864e-12	-0.0439404
9.80999e-12	-0.0439662
9.81135e-12	-0.043992
9.8127e-12	-0.0440178
9.81405e-12	-0.0440436
9.8154e-12	-0.0440694
9.81676e-12	-0.0440952
9.81811e-12	-0.044121
9.81946e-12	-0.0441468
9.82081e-12	-0.0441727
9.82217e-12	-0.0441985
9.82352e-12	-0.0442244
9.82487e-12	-0.0442502
9.82623e-12	-0.0442761
9.82758e-12	-0.044302
9.82893e-12	-0.0443279
9.83028e-12	-0.0443538
9.83164e-12	-0.0443797
9.83299e-12	-0.0444056
9.83434e-12	-0.0444315
9.83569e-12	-0.0444575
9.83705e-12	-0.0444834
9.8384e-12	-0.0445094
9.83975e-12	-0.0445353
9.8411e-12	-0.0445613
9.84246e-12	-0.0445873
9.84381e-12	-0.0446133
9.84516e-12	-0.0446393
9.84652e-12	-0.0446653
9.84787e-12	-0.0446913
9.84922e-12	-0.0447173
9.85057e-12	-0.0447433
9.85193e-12	-0.0447694
9.85328e-12	-0.0447954
9.85463e-12	-0.0448215
9.85598e-12	-0.0448475
9.85734e-12	-0.0448736
9.85869e-12	-0.0448997
9.86004e-12	-0.0449258
9.86139e-12	-0.0449519
9.86275e-12	-0.044978
9.8641e-12	-0.0450041
9.86545e-12	-0.0450302
9.8668e-12	-0.0450563
9.86816e-12	-0.0450825
9.86951e-12	-0.0451086
9.87086e-12	-0.0451348
9.87222e-12	-0.0451609
9.87357e-12	-0.0451871
9.87492e-12	-0.0452133
9.87627e-12	-0.0452395
9.87763e-12	-0.0452657
9.87898e-12	-0.0452919
9.88033e-12	-0.0453181
9.88168e-12	-0.0453443
9.88304e-12	-0.0453706
9.88439e-12	-0.0453968
9.88574e-12	-0.0454231
9.88709e-12	-0.0454493
9.88845e-12	-0.0454756
9.8898e-12	-0.0455019
9.89115e-12	-0.0455281
9.8925e-12	-0.0455544
9.89386e-12	-0.0455807
9.89521e-12	-0.0456071
9.89656e-12	-0.0456334
9.89792e-12	-0.0456597
9.89927e-12	-0.045686
9.90062e-12	-0.0457124
9.90197e-12	-0.0457387
9.90333e-12	-0.0457651
9.90468e-12	-0.0457915
9.90603e-12	-0.0458178
9.90738e-12	-0.0458442
9.90874e-12	-0.0458706
9.91009e-12	-0.045897
9.91144e-12	-0.0459234
9.91279e-12	-0.0459499
9.91415e-12	-0.0459763
9.9155e-12	-0.0460027
9.91685e-12	-0.0460292
9.9182e-12	-0.0460556
9.91956e-12	-0.0460821
9.92091e-12	-0.0461086
9.92226e-12	-0.046135
9.92362e-12	-0.0461615
9.92497e-12	-0.046188
9.92632e-12	-0.0462145
9.92767e-12	-0.046241
9.92903e-12	-0.0462676
9.93038e-12	-0.0462941
9.93173e-12	-0.0463206
9.93308e-12	-0.0463472
9.93444e-12	-0.0463737
9.93579e-12	-0.0464003
9.93714e-12	-0.0464269
9.93849e-12	-0.0464534
9.93985e-12	-0.04648
9.9412e-12	-0.0465066
9.94255e-12	-0.0465332
9.9439e-12	-0.0465599
9.94526e-12	-0.0465865
9.94661e-12	-0.0466131
9.94796e-12	-0.0466397
9.94932e-12	-0.0466664
9.95067e-12	-0.0466931
9.95202e-12	-0.0467197
9.95337e-12	-0.0467464
9.95473e-12	-0.0467731
9.95608e-12	-0.0467998
9.95743e-12	-0.0468265
9.95878e-12	-0.0468532
9.96014e-12	-0.0468799
9.96149e-12	-0.0469066
9.96284e-12	-0.0469333
9.96419e-12	-0.0469601
9.96555e-12	-0.0469868
9.9669e-12	-0.0470136
9.96825e-12	-0.0470403
9.9696e-12	-0.0470671
9.97096e-12	-0.0470939
9.97231e-12	-0.0471207
9.97366e-12	-0.0471475
9.97502e-12	-0.0471743
9.97637e-12	-0.0472011
9.97772e-12	-0.0472279
9.97907e-12	-0.0472548
9.98043e-12	-0.0472816
9.98178e-12	-0.0473084
9.98313e-12	-0.0473353
9.98448e-12	-0.0473622
9.98584e-12	-0.047389
9.98719e-12	-0.0474159
9.98854e-12	-0.0474428
9.98989e-12	-0.0474697
9.99125e-12	-0.0474966
9.9926e-12	-0.0475235
9.99395e-12	-0.0475504
9.99531e-12	-0.0475774
9.99666e-12	-0.0476043
9.99801e-12	-0.0476313
9.99936e-12	-0.0476582
1.00007e-11	-0.0476852
1.00021e-11	-0.0477121
1.00034e-11	-0.0477391
1.00048e-11	-0.0477661
1.00061e-11	-0.0477931
1.00075e-11	-0.0478201
1.00088e-11	-0.0478471
1.00102e-11	-0.0478741
1.00115e-11	-0.0479012
1.00129e-11	-0.0479282
1.00142e-11	-0.0479553
1.00156e-11	-0.0479823
1.00169e-11	-0.0480094
1.00183e-11	-0.0480364
1.00197e-11	-0.0480635
1.0021e-11	-0.0480906
1.00224e-11	-0.0481177
1.00237e-11	-0.0481448
1.00251e-11	-0.0481719
1.00264e-11	-0.048199
1.00278e-11	-0.0482262
1.00291e-11	-0.0482533
1.00305e-11	-0.0482804
1.00318e-11	-0.0483076
1.00332e-11	-0.0483348
1.00345e-11	-0.0483619
1.00359e-11	-0.0483891
1.00372e-11	-0.0484163
1.00386e-11	-0.0484435
1.00399e-11	-0.0484707
1.00413e-11	-0.0484979
1.00426e-11	-0.0485251
1.0044e-11	-0.0485523
1.00454e-11	-0.0485796
1.00467e-11	-0.0486068
1.00481e-11	-0.0486341
1.00494e-11	-0.0486613
1.00508e-11	-0.0486886
1.00521e-11	-0.0487159
1.00535e-11	-0.0487431
1.00548e-11	-0.0487704
1.00562e-11	-0.0487977
1.00575e-11	-0.048825
1.00589e-11	-0.0488523
1.00602e-11	-0.0488797
1.00616e-11	-0.048907
1.00629e-11	-0.0489343
1.00643e-11	-0.0489617
1.00656e-11	-0.048989
1.0067e-11	-0.0490164
1.00683e-11	-0.0490438
1.00697e-11	-0.0490712
1.00711e-11	-0.0490985
1.00724e-11	-0.0491259
1.00738e-11	-0.0491533
1.00751e-11	-0.0491807
1.00765e-11	-0.0492082
1.00778e-11	-0.0492356
1.00792e-11	-0.049263
1.00805e-11	-0.0492905
1.00819e-11	-0.0493179
1.00832e-11	-0.0493454
1.00846e-11	-0.0493729
1.00859e-11	-0.0494003
1.00873e-11	-0.0494278
1.00886e-11	-0.0494553
1.009e-11	-0.0494828
1.00913e-11	-0.0495103
1.00927e-11	-0.0495378
1.0094e-11	-0.0495653
1.00954e-11	-0.0495929
1.00968e-11	-0.0496204
1.00981e-11	-0.049648
1.00995e-11	-0.0496755
1.01008e-11	-0.0497031
1.01022e-11	-0.0497307
1.01035e-11	-0.0497582
1.01049e-11	-0.0497858
1.01062e-11	-0.0498134
1.01076e-11	-0.049841
1.01089e-11	-0.0498686
1.01103e-11	-0.0498962
1.01116e-11	-0.0499239
1.0113e-11	-0.0499515
1.01143e-11	-0.0499792
1.01157e-11	-0.0500068
1.0117e-11	-0.0500345
1.01184e-11	-0.0500621
1.01197e-11	-0.0500898
1.01211e-11	-0.0501175
1.01225e-11	-0.0501452
1.01238e-11	-0.0501729
1.01252e-11	-0.0502006
1.01265e-11	-0.0502283
1.01279e-11	-0.050256
1.01292e-11	-0.0502837
1.01306e-11	-0.0503115
1.01319e-11	-0.0503392
1.01333e-11	-0.050367
1.01346e-11	-0.0503947
1.0136e-11	-0.0504225
1.01373e-11	-0.0504503
1.01387e-11	-0.0504781
1.014e-11	-0.0505059
1.01414e-11	-0.0505337
1.01427e-11	-0.0505615
1.01441e-11	-0.0505893
1.01454e-11	-0.0506171
1.01468e-11	-0.0506449
1.01482e-11	-0.0506728
1.01495e-11	-0.0507006
1.01509e-11	-0.0507285
1.01522e-11	-0.0507564
1.01536e-11	-0.0507842
1.01549e-11	-0.0508121
1.01563e-11	-0.05084
1.01576e-11	-0.0508679
1.0159e-11	-0.0508958
1.01603e-11	-0.0509237
1.01617e-11	-0.0509516
1.0163e-11	-0.0509795
1.01644e-11	-0.0510075
1.01657e-11	-0.0510354
1.01671e-11	-0.0510634
1.01684e-11	-0.0510913
1.01698e-11	-0.0511193
1.01711e-11	-0.0511472
1.01725e-11	-0.0511752
1.01739e-11	-0.0512032
1.01752e-11	-0.0512312
1.01766e-11	-0.0512592
1.01779e-11	-0.0512872
1.01793e-11	-0.0513152
1.01806e-11	-0.0513433
1.0182e-11	-0.0513713
1.01833e-11	-0.0513993
1.01847e-11	-0.0514274
1.0186e-11	-0.0514554
1.01874e-11	-0.0514835
1.01887e-11	-0.0515116
1.01901e-11	-0.0515397
1.01914e-11	-0.0515678
1.01928e-11	-0.0515958
1.01941e-11	-0.051624
1.01955e-11	-0.0516521
1.01968e-11	-0.0516802
1.01982e-11	-0.0517083
1.01996e-11	-0.0517364
1.02009e-11	-0.0517646
1.02023e-11	-0.0517927
1.02036e-11	-0.0518209
1.0205e-11	-0.0518491
1.02063e-11	-0.0518772
1.02077e-11	-0.0519054
1.0209e-11	-0.0519336
1.02104e-11	-0.0519618
1.02117e-11	-0.05199
1.02131e-11	-0.0520182
1.02144e-11	-0.0520464
1.02158e-11	-0.0520746
1.02171e-11	-0.0521029
1.02185e-11	-0.0521311
1.02198e-11	-0.0521594
1.02212e-11	-0.0521876
1.02225e-11	-0.0522159
1.02239e-11	-0.0522441
1.02253e-11	-0.0522724
1.02266e-11	-0.0523007
1.0228e-11	-0.052329
1.02293e-11	-0.0523573
1.02307e-11	-0.0523856
1.0232e-11	-0.0524139
1.02334e-11	-0.0524423
1.02347e-11	-0.0524706
1.02361e-11	-0.0524989
1.02374e-11	-0.0525273
1.02388e-11	-0.0525556
1.02401e-11	-0.052584
1.02415e-11	-0.0526124
1.02428e-11	-0.0526407
1.02442e-11	-0.0526691
1.02455e-11	-0.0526975
1.02469e-11	-0.0527259
1.02482e-11	-0.0527543
1.02496e-11	-0.0527827
1.0251e-11	-0.0528111
1.02523e-11	-0.0528396
1.02537e-11	-0.052868
1.0255e-11	-0.0528965
1.02564e-11	-0.0529249
1.02577e-11	-0.0529534
1.02591e-11	-0.0529818
1.02604e-11	-0.0530103
1.02618e-11	-0.0530388
1.02631e-11	-0.0530673
1.02645e-11	-0.0530958
1.02658e-11	-0.0531243
1.02672e-11	-0.0531528
1.02685e-11	-0.0531813
1.02699e-11	-0.0532098
1.02712e-11	-0.0532384
1.02726e-11	-0.0532669
1.02739e-11	-0.0532954
1.02753e-11	-0.053324
1.02767e-11	-0.0533526
1.0278e-11	-0.0533811
1.02794e-11	-0.0534097
1.02807e-11	-0.0534383
1.02821e-11	-0.0534669
1.02834e-11	-0.0534955
1.02848e-11	-0.0535241
1.02861e-11	-0.0535527
1.02875e-11	-0.0535813
1.02888e-11	-0.0536099
1.02902e-11	-0.0536386
1.02915e-11	-0.0536672
1.02929e-11	-0.0536959
1.02942e-11	-0.0537245
1.02956e-11	-0.0537532
1.02969e-11	-0.0537819
1.02983e-11	-0.0538106
1.02996e-11	-0.0538392
1.0301e-11	-0.0538679
1.03024e-11	-0.0538966
1.03037e-11	-0.0539253
1.03051e-11	-0.0539541
1.03064e-11	-0.0539828
1.03078e-11	-0.0540115
1.03091e-11	-0.0540403
1.03105e-11	-0.054069
1.03118e-11	-0.0540978
1.03132e-11	-0.0541265
1.03145e-11	-0.0541553
1.03159e-11	-0.0541841
1.03172e-11	-0.0542128
1.03186e-11	-0.0542416
1.03199e-11	-0.0542704
1.03213e-11	-0.0542992
1.03226e-11	-0.054328
1.0324e-11	-0.0543569
1.03253e-11	-0.0543857
1.03267e-11	-0.0544145
1.03281e-11	-0.0544433
1.03294e-11	-0.0544722
1.03308e-11	-0.054501
1.03321e-11	-0.0545299
1.03335e-11	-0.0545588
1.03348e-11	-0.0545877
1.03362e-11	-0.0546165
1.03375e-11	-0.0546454
1.03389e-11	-0.0546743
1.03402e-11	-0.0547032
1.03416e-11	-0.0547321
1.03429e-11	-0.054761
1.03443e-11	-0.05479
1.03456e-11	-0.0548189
1.0347e-11	-0.0548478
1.03483e-11	-0.0548768
1.03497e-11	-0.0549057
1.0351e-11	-0.0549347
1.03524e-11	-0.0549637
1.03538e-11	-0.0549926
1.03551e-11	-0.0550216
1.03565e-11	-0.0550506
1.03578e-11	-0.0550796
1.03592e-11	-0.0551086
1.03605e-11	-0.0551376
1.03619e-11	-0.0551666
1.03632e-11	-0.0551957
1.03646e-11	-0.0552247
1.03659e-11	-0.0552537
1.03673e-11	-0.0552828
1.03686e-11	-0.0553118
1.037e-11	-0.0553409
1.03713e-11	-0.05537
1.03727e-11	-0.055399
1.0374e-11	-0.0554281
1.03754e-11	-0.0554572
1.03767e-11	-0.0554863
1.03781e-11	-0.0555154
1.03795e-11	-0.0555445
1.03808e-11	-0.0555736
1.03822e-11	-0.0556027
1.03835e-11	-0.0556319
1.03849e-11	-0.055661
1.03862e-11	-0.0556902
1.03876e-11	-0.0557193
1.03889e-11	-0.0557485
1.03903e-11	-0.0557776
1.03916e-11	-0.0558068
1.0393e-11	-0.055836
1.03943e-11	-0.0558652
1.03957e-11	-0.0558944
1.0397e-11	-0.0559236
1.03984e-11	-0.0559528
1.03997e-11	-0.055982
1.04011e-11	-0.0560112
1.04024e-11	-0.0560404
1.04038e-11	-0.0560697
1.04052e-11	-0.0560989
1.04065e-11	-0.0561281
1.04079e-11	-0.0561574
1.04092e-11	-0.0561867
1.04106e-11	-0.0562159
1.04119e-11	-0.0562452
1.04133e-11	-0.0562745
1.04146e-11	-0.0563038
1.0416e-11	-0.0563331
1.04173e-11	-0.0563624
1.04187e-11	-0.0563917
1.042e-11	-0.056421
1.04214e-11	-0.0564503
1.04227e-11	-0.0564796
1.04241e-11	-0.056509
1.04254e-11	-0.0565383
1.04268e-11	-0.0565677
1.04281e-11	-0.056597
1.04295e-11	-0.0566264
1.04309e-11	-0.0566558
1.04322e-11	-0.0566851
1.04336e-11	-0.0567145
1.04349e-11	-0.0567439
1.04363e-11	-0.0567733
1.04376e-11	-0.0568027
1.0439e-11	-0.0568321
1.04403e-11	-0.0568615
1.04417e-11	-0.056891
1.0443e-11	-0.0569204
1.04444e-11	-0.0569498
1.04457e-11	-0.0569793
1.04471e-11	-0.0570087
1.04484e-11	-0.0570382
1.04498e-11	-0.0570676
1.04511e-11	-0.0570971
1.04525e-11	-0.0571266
1.04538e-11	-0.0571561
1.04552e-11	-0.0571856
1.04566e-11	-0.0572151
1.04579e-11	-0.0572446
1.04593e-11	-0.0572741
1.04606e-11	-0.0573036
1.0462e-11	-0.0573331
1.04633e-11	-0.0573626
1.04647e-11	-0.0573922
1.0466e-11	-0.0574217
1.04674e-11	-0.0574513
1.04687e-11	-0.0574808
1.04701e-11	-0.0575104
1.04714e-11	-0.05754
1.04728e-11	-0.0575695
1.04741e-11	-0.0575991
1.04755e-11	-0.0576287
1.04768e-11	-0.0576583
1.04782e-11	-0.0576879
1.04795e-11	-0.0577175
1.04809e-11	-0.0577471
1.04823e-11	-0.0577768
1.04836e-11	-0.0578064
1.0485e-11	-0.057836
1.04863e-11	-0.0578657
1.04877e-11	-0.0578953
1.0489e-11	-0.057925
1.04904e-11	-0.0579546
1.04917e-11	-0.0579843
1.04931e-11	-0.058014
1.04944e-11	-0.0580437
1.04958e-11	-0.0580734
1.04971e-11	-0.058103
1.04985e-11	-0.0581327
1.04998e-11	-0.0581625
1.05012e-11	-0.0581922
1.05025e-11	-0.0582219
1.05039e-11	-0.0582516
1.05052e-11	-0.0582814
1.05066e-11	-0.0583111
1.0508e-11	-0.0583408
1.05093e-11	-0.0583706
1.05107e-11	-0.0584003
1.0512e-11	-0.0584301
1.05134e-11	-0.0584599
1.05147e-11	-0.0584897
1.05161e-11	-0.0585194
1.05174e-11	-0.0585492
1.05188e-11	-0.058579
1.05201e-11	-0.0586088
1.05215e-11	-0.0586386
1.05228e-11	-0.0586685
1.05242e-11	-0.0586983
1.05255e-11	-0.0587281
1.05269e-11	-0.0587579
1.05282e-11	-0.0587878
1.05296e-11	-0.0588176
1.05309e-11	-0.0588475
1.05323e-11	-0.0588774
1.05337e-11	-0.0589072
1.0535e-11	-0.0589371
1.05364e-11	-0.058967
1.05377e-11	-0.0589969
1.05391e-11	-0.0590267
1.05404e-11	-0.0590566
1.05418e-11	-0.0590866
1.05431e-11	-0.0591165
1.05445e-11	-0.0591464
1.05458e-11	-0.0591763
1.05472e-11	-0.0592062
1.05485e-11	-0.0592362
1.05499e-11	-0.0592661
1.05512e-11	-0.0592961
1.05526e-11	-0.059326
1.05539e-11	-0.059356
1.05553e-11	-0.0593859
1.05566e-11	-0.0594159
1.0558e-11	-0.0594459
1.05594e-11	-0.0594759
1.05607e-11	-0.0595059
1.05621e-11	-0.0595359
1.05634e-11	-0.0595659
1.05648e-11	-0.0595959
1.05661e-11	-0.0596259
1.05675e-11	-0.0596559
1.05688e-11	-0.0596859
1.05702e-11	-0.059716
1.05715e-11	-0.059746
1.05729e-11	-0.0597761
1.05742e-11	-0.0598061
1.05756e-11	-0.0598362
1.05769e-11	-0.0598662
1.05783e-11	-0.0598963
1.05796e-11	-0.0599264
1.0581e-11	-0.0599565
1.05823e-11	-0.0599866
1.05837e-11	-0.0600167
1.05851e-11	-0.0600468
1.05864e-11	-0.0600769
1.05878e-11	-0.060107
1.05891e-11	-0.0601371
1.05905e-11	-0.0601672
1.05918e-11	-0.0601974
1.05932e-11	-0.0602275
1.05945e-11	-0.0602576
1.05959e-11	-0.0602878
1.05972e-11	-0.0603179
1.05986e-11	-0.0603481
1.05999e-11	-0.0603783
1.06013e-11	-0.0604084
1.06026e-11	-0.0604386
1.0604e-11	-0.0604688
1.06053e-11	-0.060499
1.06067e-11	-0.0605292
1.0608e-11	-0.0605594
1.06094e-11	-0.0605896
1.06108e-11	-0.0606198
1.06121e-11	-0.0606501
1.06135e-11	-0.0606803
1.06148e-11	-0.0607105
1.06162e-11	-0.0607408
1.06175e-11	-0.060771
1.06189e-11	-0.0608012
1.06202e-11	-0.0608315
1.06216e-11	-0.0608618
1.06229e-11	-0.060892
1.06243e-11	-0.0609223
1.06256e-11	-0.0609526
1.0627e-11	-0.0609829
1.06283e-11	-0.0610132
1.06297e-11	-0.0610435
1.0631e-11	-0.0610738
1.06324e-11	-0.0611041
1.06337e-11	-0.0611344
1.06351e-11	-0.0611647
1.06365e-11	-0.061195
1.06378e-11	-0.0612254
1.06392e-11	-0.0612557
1.06405e-11	-0.061286
1.06419e-11	-0.0613164
1.06432e-11	-0.0613468
1.06446e-11	-0.0613771
1.06459e-11	-0.0614075
1.06473e-11	-0.0614379
1.06486e-11	-0.0614682
1.065e-11	-0.0614986
1.06513e-11	-0.061529
1.06527e-11	-0.0615594
1.0654e-11	-0.0615898
1.06554e-11	-0.0616202
1.06567e-11	-0.0616506
1.06581e-11	-0.061681
1.06594e-11	-0.0617115
1.06608e-11	-0.0617419
1.06622e-11	-0.0617723
1.06635e-11	-0.0618028
1.06649e-11	-0.0618332
1.06662e-11	-0.0618637
1.06676e-11	-0.0618941
1.06689e-11	-0.0619246
1.06703e-11	-0.0619551
1.06716e-11	-0.0619855
1.0673e-11	-0.062016
1.06743e-11	-0.0620465
1.06757e-11	-0.062077
1.0677e-11	-0.0621075
1.06784e-11	-0.062138
1.06797e-11	-0.0621685
1.06811e-11	-0.062199
1.06824e-11	-0.0622295
1.06838e-11	-0.06226
1.06851e-11	-0.0622906
1.06865e-11	-0.0623211
1.06879e-11	-0.0623517
1.06892e-11	-0.0623822
1.06906e-11	-0.0624127
1.06919e-11	-0.0624433
1.06933e-11	-0.0624739
1.06946e-11	-0.0625044
1.0696e-11	-0.062535
1.06973e-11	-0.0625656
1.06987e-11	-0.0625962
1.07e-11	-0.0626268
1.07014e-11	-0.0626574
1.07027e-11	-0.062688
1.07041e-11	-0.0627186
1.07054e-11	-0.0627492
1.07068e-11	-0.0627798
1.07081e-11	-0.0628104
1.07095e-11	-0.0628411
1.07108e-11	-0.0628717
1.07122e-11	-0.0629023
1.07136e-11	-0.062933
1.07149e-11	-0.0629636
1.07163e-11	-0.0629943
1.07176e-11	-0.0630249
1.0719e-11	-0.0630556
1.07203e-11	-0.0630863
1.07217e-11	-0.0631169
1.0723e-11	-0.0631476
1.07244e-11	-0.0631783
1.07257e-11	-0.063209
1.07271e-11	-0.0632397
1.07284e-11	-0.0632704
1.07298e-11	-0.0633011
1.07311e-11	-0.0633318
1.07325e-11	-0.0633626
1.07338e-11	-0.0633933
1.07352e-11	-0.063424
1.07365e-11	-0.0634547
1.07379e-11	-0.0634855
1.07393e-11	-0.0635162
1.07406e-11	-0.063547
1.0742e-11	-0.0635777
1.07433e-11	-0.0636085
1.07447e-11	-0.0636393
1.0746e-11	-0.06367
1.07474e-11	-0.0637008
1.07487e-11	-0.0637316
1.07501e-11	-0.0637624
1.07514e-11	-0.0637932
1.07528e-11	-0.063824
1.07541e-11	-0.0638548
1.07555e-11	-0.0638856
1.07568e-11	-0.0639164
1.07582e-11	-0.0639472
1.07595e-11	-0.063978
1.07609e-11	-0.0640088
1.07622e-11	-0.0640397
1.07636e-11	-0.0640705
1.0765e-11	-0.0641014
1.07663e-11	-0.0641322
1.07677e-11	-0.0641631
1.0769e-11	-0.0641939
1.07704e-11	-0.0642248
1.07717e-11	-0.0642556
1.07731e-11	-0.0642865
1.07744e-11	-0.0643174
1.07758e-11	-0.0643483
1.07771e-11	-0.0643792
1.07785e-11	-0.0644101
1.07798e-11	-0.064441
1.07812e-11	-0.0644719
1.07825e-11	-0.0645028
1.07839e-11	-0.0645337
1.07852e-11	-0.0645646
1.07866e-11	-0.0645955
1.07879e-11	-0.0646265
1.07893e-11	-0.0646574
1.07907e-11	-0.0646883
1.0792e-11	-0.0647193
1.07934e-11	-0.0647502
1.07947e-11	-0.0647812
1.07961e-11	-0.0648121
1.07974e-11	-0.0648431
1.07988e-11	-0.0648741
1.08001e-11	-0.064905
1.08015e-11	-0.064936
1.08028e-11	-0.064967
1.08042e-11	-0.064998
1.08055e-11	-0.065029
1.08069e-11	-0.06506
1.08082e-11	-0.065091
1.08096e-11	-0.065122
1.08109e-11	-0.065153
1.08123e-11	-0.065184
1.08136e-11	-0.065215
1.0815e-11	-0.065246
1.08164e-11	-0.0652771
1.08177e-11	-0.0653081
1.08191e-11	-0.0653391
1.08204e-11	-0.0653702
1.08218e-11	-0.0654012
1.08231e-11	-0.0654323
1.08245e-11	-0.0654633
1.08258e-11	-0.0654944
1.08272e-11	-0.0655255
1.08285e-11	-0.0655565
1.08299e-11	-0.0655876
1.08312e-11	-0.0656187
1.08326e-11	-0.0656498
1.08339e-11	-0.0656809
1.08353e-11	-0.065712
1.08366e-11	-0.0657431
1.0838e-11	-0.0657742
1.08394e-11	-0.0658053
1.08407e-11	-0.0658364
1.08421e-11	-0.0658675
1.08434e-11	-0.0658986
1.08448e-11	-0.0659298
1.08461e-11	-0.0659609
1.08475e-11	-0.065992
1.08488e-11	-0.0660232
1.08502e-11	-0.0660543
1.08515e-11	-0.0660855
1.08529e-11	-0.0661166
1.08542e-11	-0.0661478
1.08556e-11	-0.066179
1.08569e-11	-0.0662101
1.08583e-11	-0.0662413
1.08596e-11	-0.0662725
1.0861e-11	-0.0663037
1.08623e-11	-0.0663349
1.08637e-11	-0.066366
1.08651e-11	-0.0663972
1.08664e-11	-0.0664284
1.08678e-11	-0.0664596
1.08691e-11	-0.0664909
1.08705e-11	-0.0665221
1.08718e-11	-0.0665533
1.08732e-11	-0.0665845
1.08745e-11	-0.0666157
1.08759e-11	-0.066647
1.08772e-11	-0.0666782
1.08786e-11	-0.0667094
1.08799e-11	-0.0667407
1.08813e-11	-0.0667719
1.08826e-11	-0.0668032
1.0884e-11	-0.0668344
1.08853e-11	-0.0668657
1.08867e-11	-0.066897
1.0888e-11	-0.0669282
1.08894e-11	-0.0669595
1.08908e-11	-0.0669908
1.08921e-11	-0.0670221
1.08935e-11	-0.0670534
1.08948e-11	-0.0670847
1.08962e-11	-0.067116
1.08975e-11	-0.0671473
1.08989e-11	-0.0671786
1.09002e-11	-0.0672099
1.09016e-11	-0.0672412
1.09029e-11	-0.0672725
1.09043e-11	-0.0673038
1.09056e-11	-0.0673352
1.0907e-11	-0.0673665
1.09083e-11	-0.0673978
1.09097e-11	-0.0674292
1.0911e-11	-0.0674605
1.09124e-11	-0.0674918
1.09137e-11	-0.0675232
1.09151e-11	-0.0675545
1.09165e-11	-0.0675859
1.09178e-11	-0.0676173
1.09192e-11	-0.0676486
1.09205e-11	-0.06768
1.09219e-11	-0.0677114
1.09232e-11	-0.0677428
1.09246e-11	-0.0677741
1.09259e-11	-0.0678055
1.09273e-11	-0.0678369
1.09286e-11	-0.0678683
1.093e-11	-0.0678997
1.09313e-11	-0.0679311
1.09327e-11	-0.0679625
1.0934e-11	-0.0679939
1.09354e-11	-0.0680254
1.09367e-11	-0.0680568
1.09381e-11	-0.0680882
1.09394e-11	-0.0681196
1.09408e-11	-0.0681511
1.09422e-11	-0.0681825
1.09435e-11	-0.0682139
1.09449e-11	-0.0682454
1.09462e-11	-0.0682768
1.09476e-11	-0.0683083
1.09489e-11	-0.0683397
1.09503e-11	-0.0683712
1.09516e-11	-0.0684027
1.0953e-11	-0.0684341
1.09543e-11	-0.0684656
1.09557e-11	-0.0684971
1.0957e-11	-0.0685286
1.09584e-11	-0.06856
1.09597e-11	-0.0685915
1.09611e-11	-0.068623
1.09624e-11	-0.0686545
1.09638e-11	-0.068686
1.09651e-11	-0.0687175
1.09665e-11	-0.068749
1.09679e-11	-0.0687805
1.09692e-11	-0.068812
1.09706e-11	-0.0688436
1.09719e-11	-0.0688751
1.09733e-11	-0.0689066
1.09746e-11	-0.0689381
1.0976e-11	-0.0689697
1.09773e-11	-0.0690012
1.09787e-11	-0.0690327
1.098e-11	-0.0690643
1.09814e-11	-0.0690958
1.09827e-11	-0.0691274
1.09841e-11	-0.0691589
1.09854e-11	-0.0691905
1.09868e-11	-0.0692221
1.09881e-11	-0.0692536
1.09895e-11	-0.0692852
1.09908e-11	-0.0693168
1.09922e-11	-0.0693483
1.09936e-11	-0.0693799
1.09949e-11	-0.0694115
1.09963e-11	-0.0694431
1.09976e-11	-0.0694747
1.0999e-11	-0.0695063
1.10003e-11	-0.0695379
1.10017e-11	-0.0695695
1.1003e-11	-0.0696011
1.10044e-11	-0.0696327
1.10057e-11	-0.0696643
1.10071e-11	-0.0696959
1.10084e-11	-0.0697275
1.10098e-11	-0.0697592
1.10111e-11	-0.0697908
1.10125e-11	-0.0698224
1.10138e-11	-0.069854
1.10152e-11	-0.0698857
1.10165e-11	-0.0699173
1.10179e-11	-0.069949
1.10193e-11	-0.0699806
1.10206e-11	-0.0700123
1.1022e-11	-0.0700439
1.10233e-11	-0.0700756
1.10247e-11	-0.0701072
1.1026e-11	-0.0701389
1.10274e-11	-0.0701706
1.10287e-11	-0.0702022
1.10301e-11	-0.0702339
1.10314e-11	-0.0702656
1.10328e-11	-0.0702973
1.10341e-11	-0.0703289
1.10355e-11	-0.0703606
1.10368e-11	-0.0703923
1.10382e-11	-0.070424
1.10395e-11	-0.0704557
1.10409e-11	-0.0704874
1.10422e-11	-0.0705191
1.10436e-11	-0.0705508
1.1045e-11	-0.0705825
1.10463e-11	-0.0706142
1.10477e-11	-0.070646
1.1049e-11	-0.0706777
1.10504e-11	-0.0707094
1.10517e-11	-0.0707411
1.10531e-11	-0.0707729
1.10544e-11	-0.0708046
1.10558e-11	-0.0708363
1.10571e-11	-0.0708681
1.10585e-11	-0.0708998
1.10598e-11	-0.0709315
1.10612e-11	-0.0709633
1.10625e-11	-0.070995
1.10639e-11	-0.0710268
1.10652e-11	-0.0710586
1.10666e-11	-0.0710903
1.10679e-11	-0.0711221
1.10693e-11	-0.0711538
1.10707e-11	-0.0711856
1.1072e-11	-0.0712174
1.10734e-11	-0.0712492
1.10747e-11	-0.0712809
1.10761e-11	-0.0713127
1.10774e-11	-0.0713445
1.10788e-11	-0.0713763
1.10801e-11	-0.0714081
1.10815e-11	-0.0714399
1.10828e-11	-0.0714717
1.10842e-11	-0.0715035
1.10855e-11	-0.0715353
1.10869e-11	-0.0715671
1.10882e-11	-0.0715989
1.10896e-11	-0.0716307
1.10909e-11	-0.0716625
1.10923e-11	-0.0716943
1.10936e-11	-0.0717262
1.1095e-11	-0.071758
1.10964e-11	-0.0717898
1.10977e-11	-0.0718216
1.10991e-11	-0.0718535
1.11004e-11	-0.0718853
1.11018e-11	-0.0719171
1.11031e-11	-0.071949
1.11045e-11	-0.0719808
1.11058e-11	-0.0720127
1.11072e-11	-0.0720445
1.11085e-11	-0.0720764
1.11099e-11	-0.0721082
1.11112e-11	-0.0721401
1.11126e-11	-0.0721719
1.11139e-11	-0.0722038
1.11153e-11	-0.0722357
1.11166e-11	-0.0722675
1.1118e-11	-0.0722994
1.11193e-11	-0.0723313
1.11207e-11	-0.0723632
1.11221e-11	-0.072395
1.11234e-11	-0.0724269
1.11248e-11	-0.0724588
1.11261e-11	-0.0724907
1.11275e-11	-0.0725226
1.11288e-11	-0.0725545
1.11302e-11	-0.0725864
1.11315e-11	-0.0726183
1.11329e-11	-0.0726501
1.11342e-11	-0.0726821
1.11356e-11	-0.072714
1.11369e-11	-0.0727459
1.11383e-11	-0.0727778
1.11396e-11	-0.0728097
1.1141e-11	-0.0728416
1.11423e-11	-0.0728735
1.11437e-11	-0.0729054
1.1145e-11	-0.0729374
1.11464e-11	-0.0729693
1.11478e-11	-0.0730012
1.11491e-11	-0.0730331
1.11505e-11	-0.0730651
1.11518e-11	-0.073097
1.11532e-11	-0.0731289
1.11545e-11	-0.0731609
1.11559e-11	-0.0731928
1.11572e-11	-0.0732248
1.11586e-11	-0.0732567
1.11599e-11	-0.0732887
1.11613e-11	-0.0733206
1.11626e-11	-0.0733526
1.1164e-11	-0.0733845
1.11653e-11	-0.0734165
1.11667e-11	-0.0734484
1.1168e-11	-0.0734804
1.11694e-11	-0.0735124
1.11707e-11	-0.0735443
1.11721e-11	-0.0735763
1.11735e-11	-0.0736083
1.11748e-11	-0.0736403
1.11762e-11	-0.0736722
1.11775e-11	-0.0737042
1.11789e-11	-0.0737362
1.11802e-11	-0.0737682
1.11816e-11	-0.0738002
1.11829e-11	-0.0738321
1.11843e-11	-0.0738641
1.11856e-11	-0.0738961
1.1187e-11	-0.0739281
1.11883e-11	-0.0739601
1.11897e-11	-0.0739921
1.1191e-11	-0.0740241
1.11924e-11	-0.0740561
1.11937e-11	-0.0740881
1.11951e-11	-0.0741201
1.11964e-11	-0.0741521
1.11978e-11	-0.0741842
1.11992e-11	-0.0742162
1.12005e-11	-0.0742482
1.12019e-11	-0.0742802
1.12032e-11	-0.0743122
1.12046e-11	-0.0743442
1.12059e-11	-0.0743763
1.12073e-11	-0.0744083
1.12086e-11	-0.0744403
1.121e-11	-0.0744723
1.12113e-11	-0.0745044
1.12127e-11	-0.0745364
1.1214e-11	-0.0745685
1.12154e-11	-0.0746005
1.12167e-11	-0.0746325
1.12181e-11	-0.0746646
1.12194e-11	-0.0746966
1.12208e-11	-0.0747287
1.12221e-11	-0.0747607
1.12235e-11	-0.0747928
1.12249e-11	-0.0748248
1.12262e-11	-0.0748568
1.12276e-11	-0.0748889
1.12289e-11	-0.074921
1.12303e-11	-0.074953
1.12316e-11	-0.0749851
1.1233e-11	-0.0750171
1.12343e-11	-0.0750492
1.12357e-11	-0.0750813
1.1237e-11	-0.0751133
1.12384e-11	-0.0751454
1.12397e-11	-0.0751775
1.12411e-11	-0.0752095
1.12424e-11	-0.0752416
1.12438e-11	-0.0752737
1.12451e-11	-0.0753058
1.12465e-11	-0.0753378
1.12478e-11	-0.0753699
1.12492e-11	-0.075402
1.12506e-11	-0.0754341
1.12519e-11	-0.0754662
1.12533e-11	-0.0754983
1.12546e-11	-0.0755304
1.1256e-11	-0.0755624
1.12573e-11	-0.0755945
1.12587e-11	-0.0756266
1.126e-11	-0.0756587
1.12614e-11	-0.0756908
1.12627e-11	-0.0757229
1.12641e-11	-0.075755
1.12654e-11	-0.0757871
1.12668e-11	-0.0758192
1.12681e-11	-0.0758513
1.12695e-11	-0.0758834
1.12708e-11	-0.0759155
1.12722e-11	-0.0759476
1.12735e-11	-0.0759798
1.12749e-11	-0.0760119
1.12763e-11	-0.076044
1.12776e-11	-0.0760761
1.1279e-11	-0.0761082
1.12803e-11	-0.0761403
1.12817e-11	-0.0761724
1.1283e-11	-0.0762046
1.12844e-11	-0.0762367
1.12857e-11	-0.0762688
1.12871e-11	-0.0763009
1.12884e-11	-0.0763331
1.12898e-11	-0.0763652
1.12911e-11	-0.0763973
1.12925e-11	-0.0764294
1.12938e-11	-0.0764616
1.12952e-11	-0.0764937
1.12965e-11	-0.0765258
1.12979e-11	-0.076558
1.12992e-11	-0.0765901
1.13006e-11	-0.0766222
1.1302e-11	-0.0766544
1.13033e-11	-0.0766865
1.13047e-11	-0.0767187
1.1306e-11	-0.0767508
1.13074e-11	-0.0767829
1.13087e-11	-0.0768151
1.13101e-11	-0.0768472
1.13114e-11	-0.0768794
1.13128e-11	-0.0769115
1.13141e-11	-0.0769437
1.13155e-11	-0.0769758
1.13168e-11	-0.077008
1.13182e-11	-0.0770401
1.13195e-11	-0.0770723
1.13209e-11	-0.0771044
1.13222e-11	-0.0771366
1.13236e-11	-0.0771687
1.13249e-11	-0.0772009
1.13263e-11	-0.077233
1.13277e-11	-0.0772652
1.1329e-11	-0.0772974
1.13304e-11	-0.0773295
1.13317e-11	-0.0773617
1.13331e-11	-0.0773938
1.13344e-11	-0.077426
1.13358e-11	-0.0774582
1.13371e-11	-0.0774903
1.13385e-11	-0.0775225
1.13398e-11	-0.0775547
1.13412e-11	-0.0775868
1.13425e-11	-0.077619
1.13439e-11	-0.0776512
1.13452e-11	-0.0776833
1.13466e-11	-0.0777155
1.13479e-11	-0.0777477
1.13493e-11	-0.0777799
1.13506e-11	-0.077812
1.1352e-11	-0.0778442
1.13534e-11	-0.0778764
1.13547e-11	-0.0779086
1.13561e-11	-0.0779407
1.13574e-11	-0.0779729
1.13588e-11	-0.0780051
1.13601e-11	-0.0780373
1.13615e-11	-0.0780694
1.13628e-11	-0.0781016
1.13642e-11	-0.0781338
1.13655e-11	-0.078166
1.13669e-11	-0.0781982
1.13682e-11	-0.0782304
1.13696e-11	-0.0782625
1.13709e-11	-0.0782947
1.13723e-11	-0.0783269
1.13736e-11	-0.0783591
1.1375e-11	-0.0783913
1.13763e-11	-0.0784235
1.13777e-11	-0.0784556
1.13791e-11	-0.0784878
1.13804e-11	-0.07852
1.13818e-11	-0.0785522
1.13831e-11	-0.0785844
1.13845e-11	-0.0786166
1.13858e-11	-0.0786488
1.13872e-11	-0.078681
1.13885e-11	-0.0787132
1.13899e-11	-0.0787454
1.13912e-11	-0.0787775
1.13926e-11	-0.0788097
1.13939e-11	-0.0788419
1.13953e-11	-0.0788741
1.13966e-11	-0.0789063
1.1398e-11	-0.0789385
1.13993e-11	-0.0789707
1.14007e-11	-0.0790029
1.1402e-11	-0.0790351
1.14034e-11	-0.0790673
1.14048e-11	-0.0790995
1.14061e-11	-0.0791317
1.14075e-11	-0.0791639
1.14088e-11	-0.0791961
1.14102e-11	-0.0792283
1.14115e-11	-0.0792605
1.14129e-11	-0.0792927
1.14142e-11	-0.0793248
1.14156e-11	-0.079357
1.14169e-11	-0.0793892
1.14183e-11	-0.0794214
1.14196e-11	-0.0794536
1.1421e-11	-0.0794858
1.14223e-11	-0.079518
1.14237e-11	-0.0795502
1.1425e-11	-0.0795824
1.14264e-11	-0.0796146
1.14277e-11	-0.0796468
1.14291e-11	-0.079679
1.14305e-11	-0.0797112
1.14318e-11	-0.0797434
1.14332e-11	-0.0797756
1.14345e-11	-0.0798078
1.14359e-11	-0.07984
1.14372e-11	-0.0798722
1.14386e-11	-0.0799044
1.14399e-11	-0.0799366
1.14413e-11	-0.0799688
1.14426e-11	-0.080001
1.1444e-11	-0.0800332
1.14453e-11	-0.0800654
1.14467e-11	-0.0800976
1.1448e-11	-0.0801298
1.14494e-11	-0.080162
1.14507e-11	-0.0801942
1.14521e-11	-0.0802264
1.14534e-11	-0.0802586
1.14548e-11	-0.0802908
1.14562e-11	-0.080323
1.14575e-11	-0.0803552
1.14589e-11	-0.0803874
1.14602e-11	-0.0804196
1.14616e-11	-0.0804518
1.14629e-11	-0.080484
1.14643e-11	-0.0805162
1.14656e-11	-0.0805484
1.1467e-11	-0.0805805
1.14683e-11	-0.0806127
1.14697e-11	-0.0806449
1.1471e-11	-0.0806771
1.14724e-11	-0.0807093
1.14737e-11	-0.0807415
1.14751e-11	-0.0807737
1.14764e-11	-0.0808059
1.14778e-11	-0.0808381
1.14791e-11	-0.0808703
1.14805e-11	-0.0809025
1.14819e-11	-0.0809347
1.14832e-11	-0.0809669
1.14846e-11	-0.0809991
1.14859e-11	-0.0810312
1.14873e-11	-0.0810634
1.14886e-11	-0.0810956
1.149e-11	-0.0811278
1.14913e-11	-0.08116
1.14927e-11	-0.0811922
1.1494e-11	-0.0812244
1.14954e-11	-0.0812566
1.14967e-11	-0.0812887
1.14981e-11	-0.0813209
1.14994e-11	-0.0813531
1.15008e-11	-0.0813853
1.15021e-11	-0.0814175
1.15035e-11	-0.0814497
1.15048e-11	-0.0814818
1.15062e-11	-0.081514
1.15076e-11	-0.0815462
1.15089e-11	-0.0815784
1.15103e-11	-0.0816106
1.15116e-11	-0.0816427
1.1513e-11	-0.0816749
1.15143e-11	-0.0817071
1.15157e-11	-0.0817393
1.1517e-11	-0.0817714
1.15184e-11	-0.0818036
1.15197e-11	-0.0818358
1.15211e-11	-0.081868
1.15224e-11	-0.0819001
1.15238e-11	-0.0819323
1.15251e-11	-0.0819645
1.15265e-11	-0.0819967
1.15278e-11	-0.0820288
1.15292e-11	-0.082061
1.15305e-11	-0.0820932
1.15319e-11	-0.0821253
1.15333e-11	-0.0821575
1.15346e-11	-0.0821897
1.1536e-11	-0.0822218
1.15373e-11	-0.082254
1.15387e-11	-0.0822861
1.154e-11	-0.0823183
1.15414e-11	-0.0823505
1.15427e-11	-0.0823826
1.15441e-11	-0.0824148
1.15454e-11	-0.0824469
1.15468e-11	-0.0824791
1.15481e-11	-0.0825112
1.15495e-11	-0.0825434
1.15508e-11	-0.0825755
1.15522e-11	-0.0826077
1.15535e-11	-0.0826399
1.15549e-11	-0.082672
1.15562e-11	-0.0827041
1.15576e-11	-0.0827363
1.1559e-11	-0.0827684
1.15603e-11	-0.0828006
1.15617e-11	-0.0828327
1.1563e-11	-0.0828649
1.15644e-11	-0.082897
1.15657e-11	-0.0829291
1.15671e-11	-0.0829613
1.15684e-11	-0.0829934
1.15698e-11	-0.0830256
1.15711e-11	-0.0830577
1.15725e-11	-0.0830898
1.15738e-11	-0.083122
1.15752e-11	-0.0831541
1.15765e-11	-0.0831862
1.15779e-11	-0.0832183
1.15792e-11	-0.0832505
1.15806e-11	-0.0832826
1.15819e-11	-0.0833147
1.15833e-11	-0.0833468
1.15847e-11	-0.083379
1.1586e-11	-0.0834111
1.15874e-11	-0.0834432
1.15887e-11	-0.0834753
1.15901e-11	-0.0835074
1.15914e-11	-0.0835395
1.15928e-11	-0.0835716
1.15941e-11	-0.0836038
1.15955e-11	-0.0836359
1.15968e-11	-0.083668
1.15982e-11	-0.0837001
1.15995e-11	-0.0837322
1.16009e-11	-0.0837643
1.16022e-11	-0.0837964
1.16036e-11	-0.0838285
1.16049e-11	-0.0838606
1.16063e-11	-0.0838927
1.16076e-11	-0.0839248
1.1609e-11	-0.0839569
1.16104e-11	-0.0839889
1.16117e-11	-0.084021
1.16131e-11	-0.0840531
1.16144e-11	-0.0840852
1.16158e-11	-0.0841173
1.16171e-11	-0.0841494
1.16185e-11	-0.0841815
1.16198e-11	-0.0842135
1.16212e-11	-0.0842456
1.16225e-11	-0.0842777
1.16239e-11	-0.0843098
1.16252e-11	-0.0843418
1.16266e-11	-0.0843739
1.16279e-11	-0.084406
1.16293e-11	-0.084438
1.16306e-11	-0.0844701
1.1632e-11	-0.0845022
1.16333e-11	-0.0845342
1.16347e-11	-0.0845663
1.16361e-11	-0.0845983
1.16374e-11	-0.0846304
1.16388e-11	-0.0846624
1.16401e-11	-0.0846945
1.16415e-11	-0.0847265
1.16428e-11	-0.0847586
1.16442e-11	-0.0847906
1.16455e-11	-0.0848227
1.16469e-11	-0.0848547
1.16482e-11	-0.0848867
1.16496e-11	-0.0849188
1.16509e-11	-0.0849508
1.16523e-11	-0.0849828
1.16536e-11	-0.0850149
1.1655e-11	-0.0850469
1.16563e-11	-0.0850789
1.16577e-11	-0.0851109
1.1659e-11	-0.0851429
1.16604e-11	-0.085175
1.16618e-11	-0.085207
1.16631e-11	-0.085239
1.16645e-11	-0.085271
1.16658e-11	-0.085303
1.16672e-11	-0.085335
1.16685e-11	-0.085367
1.16699e-11	-0.085399
1.16712e-11	-0.085431
1.16726e-11	-0.085463
1.16739e-11	-0.085495
1.16753e-11	-0.085527
1.16766e-11	-0.085559
1.1678e-11	-0.085591
1.16793e-11	-0.085623
1.16807e-11	-0.085655
1.1682e-11	-0.0856869
1.16834e-11	-0.0857189
1.16847e-11	-0.0857509
1.16861e-11	-0.0857829
1.16875e-11	-0.0858148
1.16888e-11	-0.0858468
1.16902e-11	-0.0858788
1.16915e-11	-0.0859107
1.16929e-11	-0.0859427
1.16942e-11	-0.0859746
1.16956e-11	-0.0860066
1.16969e-11	-0.0860386
1.16983e-11	-0.0860705
1.16996e-11	-0.0861024
1.1701e-11	-0.0861344
1.17023e-11	-0.0861663
1.17037e-11	-0.0861983
1.1705e-11	-0.0862302
1.17064e-11	-0.0862621
1.17077e-11	-0.0862941
1.17091e-11	-0.086326
1.17104e-11	-0.0863579
1.17118e-11	-0.0863898
1.17132e-11	-0.0864218
1.17145e-11	-0.0864537
1.17159e-11	-0.0864856
1.17172e-11	-0.0865175
1.17186e-11	-0.0865494
1.17199e-11	-0.0865813
1.17213e-11	-0.0866132
1.17226e-11	-0.0866451
1.1724e-11	-0.086677
1.17253e-11	-0.0867089
1.17267e-11	-0.0867408
1.1728e-11	-0.0867727
1.17294e-11	-0.0868046
1.17307e-11	-0.0868365
1.17321e-11	-0.0868683
1.17334e-11	-0.0869002
1.17348e-11	-0.0869321
1.17361e-11	-0.086964
1.17375e-11	-0.0869958
1.17389e-11	-0.0870277
1.17402e-11	-0.0870595
1.17416e-11	-0.0870914
1.17429e-11	-0.0871233
1.17443e-11	-0.0871551
1.17456e-11	-0.087187
1.1747e-11	-0.0872188
1.17483e-11	-0.0872506
1.17497e-11	-0.0872825
1.1751e-11	-0.0873143
1.17524e-11	-0.0873462
1.17537e-11	-0.087378
1.17551e-11	-0.0874098
1.17564e-11	-0.0874416
1.17578e-11	-0.0874735
1.17591e-11	-0.0875053
1.17605e-11	-0.0875371
1.17618e-11	-0.0875689
1.17632e-11	-0.0876007
1.17646e-11	-0.0876325
1.17659e-11	-0.0876643
1.17673e-11	-0.0876961
1.17686e-11	-0.0877279
1.177e-11	-0.0877597
1.17713e-11	-0.0877915
1.17727e-11	-0.0878232
1.1774e-11	-0.087855
1.17754e-11	-0.0878868
1.17767e-11	-0.0879186
1.17781e-11	-0.0879503
1.17794e-11	-0.0879821
1.17808e-11	-0.0880139
1.17821e-11	-0.0880456
1.17835e-11	-0.0880774
1.17848e-11	-0.0881091
1.17862e-11	-0.0881409
1.17875e-11	-0.0881726
1.17889e-11	-0.0882044
1.17903e-11	-0.0882361
1.17916e-11	-0.0882678
1.1793e-11	-0.0882996
1.17943e-11	-0.0883313
1.17957e-11	-0.088363
1.1797e-11	-0.0883947
1.17984e-11	-0.0884264
1.17997e-11	-0.0884582
1.18011e-11	-0.0884899
1.18024e-11	-0.0885216
1.18038e-11	-0.0885533
1.18051e-11	-0.088585
1.18065e-11	-0.0886166
1.18078e-11	-0.0886483
1.18092e-11	-0.08868
1.18105e-11	-0.0887117
1.18119e-11	-0.0887434
1.18132e-11	-0.088775
1.18146e-11	-0.0888067
1.1816e-11	-0.0888384
1.18173e-11	-0.08887
1.18187e-11	-0.0889017
1.182e-11	-0.0889333
1.18214e-11	-0.088965
1.18227e-11	-0.0889966
1.18241e-11	-0.0890283
1.18254e-11	-0.0890599
1.18268e-11	-0.0890916
1.18281e-11	-0.0891232
1.18295e-11	-0.0891548
1.18308e-11	-0.0891864
1.18322e-11	-0.089218
1.18335e-11	-0.0892496
1.18349e-11	-0.0892813
1.18362e-11	-0.0893129
1.18376e-11	-0.0893445
1.18389e-11	-0.0893761
1.18403e-11	-0.0894076
1.18417e-11	-0.0894392
1.1843e-11	-0.0894708
1.18444e-11	-0.0895024
1.18457e-11	-0.089534
1.18471e-11	-0.0895655
1.18484e-11	-0.0895971
1.18498e-11	-0.0896287
1.18511e-11	-0.0896602
1.18525e-11	-0.0896918
1.18538e-11	-0.0897233
1.18552e-11	-0.0897549
1.18565e-11	-0.0897864
1.18579e-11	-0.0898179
1.18592e-11	-0.0898495
1.18606e-11	-0.089881
1.18619e-11	-0.0899125
1.18633e-11	-0.089944
1.18646e-11	-0.0899755
1.1866e-11	-0.0900071
1.18674e-11	-0.0900386
1.18687e-11	-0.0900701
1.18701e-11	-0.0901015
1.18714e-11	-0.090133
1.18728e-11	-0.0901645
1.18741e-11	-0.090196
1.18755e-11	-0.0902275
1.18768e-11	-0.0902589
1.18782e-11	-0.0902904
1.18795e-11	-0.0903219
1.18809e-11	-0.0903533
1.18822e-11	-0.0903848
1.18836e-11	-0.0904162
1.18849e-11	-0.0904477
1.18863e-11	-0.0904791
1.18876e-11	-0.0905106
1.1889e-11	-0.090542
1.18903e-11	-0.0905734
1.18917e-11	-0.0906048
1.18931e-11	-0.0906362
1.18944e-11	-0.0906677
1.18958e-11	-0.0906991
1.18971e-11	-0.0907305
1.18985e-11	-0.0907618
1.18998e-11	-0.0907932
1.19012e-11	-0.0908246
1.19025e-11	-0.090856
1.19039e-11	-0.0908874
1.19052e-11	-0.0909187
1.19066e-11	-0.0909501
1.19079e-11	-0.0909815
1.19093e-11	-0.0910128
1.19106e-11	-0.0910442
1.1912e-11	-0.0910755
1.19133e-11	-0.0911069
1.19147e-11	-0.0911382
1.1916e-11	-0.0911695
1.19174e-11	-0.0912009
1.19188e-11	-0.0912322
1.19201e-11	-0.0912635
1.19215e-11	-0.0912948
1.19228e-11	-0.0913261
1.19242e-11	-0.0913574
1.19255e-11	-0.0913887
1.19269e-11	-0.09142
1.19282e-11	-0.0914513
1.19296e-11	-0.0914825
1.19309e-11	-0.0915138
1.19323e-11	-0.0915451
1.19336e-11	-0.0915763
1.1935e-11	-0.0916076
1.19363e-11	-0.0916388
1.19377e-11	-0.0916701
1.1939e-11	-0.0917013
1.19404e-11	-0.0917326
1.19417e-11	-0.0917638
1.19431e-11	-0.091795
1.19445e-11	-0.0918262
1.19458e-11	-0.0918575
1.19472e-11	-0.0918887
1.19485e-11	-0.0919199
1.19499e-11	-0.0919511
1.19512e-11	-0.0919823
1.19526e-11	-0.0920134
1.19539e-11	-0.0920446
1.19553e-11	-0.0920758
1.19566e-11	-0.092107
1.1958e-11	-0.0921381
1.19593e-11	-0.0921693
1.19607e-11	-0.0922004
1.1962e-11	-0.0922316
1.19634e-11	-0.0922627
1.19647e-11	-0.0922939
1.19661e-11	-0.092325
1.19674e-11	-0.0923561
1.19688e-11	-0.0923872
1.19702e-11	-0.0924183
1.19715e-11	-0.0924495
1.19729e-11	-0.0924806
1.19742e-11	-0.0925116
1.19756e-11	-0.0925427
1.19769e-11	-0.0925738
1.19783e-11	-0.0926049
1.19796e-11	-0.092636
1.1981e-11	-0.092667
1.19823e-11	-0.0926981
1.19837e-11	-0.0927292
1.1985e-11	-0.0927602
1.19864e-11	-0.0927912
1.19877e-11	-0.0928223
1.19891e-11	-0.0928533
1.19904e-11	-0.0928843
1.19918e-11	-0.0929153
1.19931e-11	-0.0929464
1.19945e-11	-0.0929774
1.19959e-11	-0.0930084
1.19972e-11	-0.0930394
1.19986e-11	-0.0930703
1.19999e-11	-0.0931013
1.20013e-11	-0.0931323
1.20026e-11	-0.0931633
1.2004e-11	-0.0931942
1.20053e-11	-0.0932252
1.20067e-11	-0.0932561
1.2008e-11	-0.0932871
1.20094e-11	-0.093318
1.20107e-11	-0.093349
1.20121e-11	-0.0933799
1.20134e-11	-0.0934108
1.20148e-11	-0.0934417
1.20161e-11	-0.0934726
1.20175e-11	-0.0935035
1.20188e-11	-0.0935344
1.20202e-11	-0.0935653
1.20216e-11	-0.0935962
1.20229e-11	-0.0936271
1.20243e-11	-0.0936579
1.20256e-11	-0.0936888
1.2027e-11	-0.0937196
1.20283e-11	-0.0937505
1.20297e-11	-0.0937813
1.2031e-11	-0.0938122
1.20324e-11	-0.093843
1.20337e-11	-0.0938738
1.20351e-11	-0.0939046
1.20364e-11	-0.0939354
1.20378e-11	-0.0939662
1.20391e-11	-0.093997
1.20405e-11	-0.0940278
1.20418e-11	-0.0940586
1.20432e-11	-0.0940894
1.20445e-11	-0.0941202
1.20459e-11	-0.0941509
1.20473e-11	-0.0941817
1.20486e-11	-0.0942124
1.205e-11	-0.0942432
1.20513e-11	-0.0942739
1.20527e-11	-0.0943046
1.2054e-11	-0.0943354
1.20554e-11	-0.0943661
1.20567e-11	-0.0943968
1.20581e-11	-0.0944275
1.20594e-11	-0.0944582
1.20608e-11	-0.0944889
1.20621e-11	-0.0945195
1.20635e-11	-0.0945502
1.20648e-11	-0.0945809
1.20662e-11	-0.0946115
1.20675e-11	-0.0946422
1.20689e-11	-0.0946729
1.20702e-11	-0.0947035
1.20716e-11	-0.0947341
1.2073e-11	-0.0947647
1.20743e-11	-0.0947954
1.20757e-11	-0.094826
1.2077e-11	-0.0948566
1.20784e-11	-0.0948872
1.20797e-11	-0.0949178
1.20811e-11	-0.0949483
1.20824e-11	-0.0949789
1.20838e-11	-0.0950095
1.20851e-11	-0.0950401
1.20865e-11	-0.0950706
1.20878e-11	-0.0951011
1.20892e-11	-0.0951317
1.20905e-11	-0.0951622
1.20919e-11	-0.0951927
1.20932e-11	-0.0952233
1.20946e-11	-0.0952538
1.20959e-11	-0.0952843
1.20973e-11	-0.0953148
1.20987e-11	-0.0953453
1.21e-11	-0.0953757
1.21014e-11	-0.0954062
1.21027e-11	-0.0954367
1.21041e-11	-0.0954671
1.21054e-11	-0.0954976
1.21068e-11	-0.095528
1.21081e-11	-0.0955585
1.21095e-11	-0.0955889
1.21108e-11	-0.0956193
1.21122e-11	-0.0956497
1.21135e-11	-0.0956801
1.21149e-11	-0.0957105
1.21162e-11	-0.0957409
1.21176e-11	-0.0957713
1.21189e-11	-0.0958017
1.21203e-11	-0.095832
1.21216e-11	-0.0958624
1.2123e-11	-0.0958928
1.21244e-11	-0.0959231
1.21257e-11	-0.0959534
1.21271e-11	-0.0959838
1.21284e-11	-0.0960141
1.21298e-11	-0.0960444
1.21311e-11	-0.0960747
1.21325e-11	-0.096105
1.21338e-11	-0.0961353
1.21352e-11	-0.0961656
1.21365e-11	-0.0961958
1.21379e-11	-0.0962261
1.21392e-11	-0.0962564
1.21406e-11	-0.0962866
1.21419e-11	-0.0963169
1.21433e-11	-0.0963471
1.21446e-11	-0.0963773
1.2146e-11	-0.0964075
1.21473e-11	-0.0964378
1.21487e-11	-0.0964679
1.21501e-11	-0.0964981
1.21514e-11	-0.0965283
1.21528e-11	-0.0965585
1.21541e-11	-0.0965887
1.21555e-11	-0.0966188
1.21568e-11	-0.096649
1.21582e-11	-0.0966791
1.21595e-11	-0.0967093
1.21609e-11	-0.0967394
1.21622e-11	-0.0967695
1.21636e-11	-0.0967996
1.21649e-11	-0.0968297
1.21663e-11	-0.0968598
1.21676e-11	-0.0968899
1.2169e-11	-0.09692
1.21703e-11	-0.0969501
1.21717e-11	-0.0969801
1.2173e-11	-0.0970102
1.21744e-11	-0.0970402
1.21758e-11	-0.0970703
1.21771e-11	-0.0971003
1.21785e-11	-0.0971303
1.21798e-11	-0.0971603
1.21812e-11	-0.0971903
1.21825e-11	-0.0972203
1.21839e-11	-0.0972503
1.21852e-11	-0.0972803
1.21866e-11	-0.0973103
1.21879e-11	-0.0973402
1.21893e-11	-0.0973702
1.21906e-11	-0.0974001
1.2192e-11	-0.0974301
1.21933e-11	-0.09746
1.21947e-11	-0.0974899
1.2196e-11	-0.0975198
1.21974e-11	-0.0975497
1.21987e-11	-0.0975796
1.22001e-11	-0.0976095
1.22015e-11	-0.0976394
1.22028e-11	-0.0976692
1.22042e-11	-0.0976991
1.22055e-11	-0.0977289
1.22069e-11	-0.0977588
1.22082e-11	-0.0977886
1.22096e-11	-0.0978184
1.22109e-11	-0.0978482
1.22123e-11	-0.097878
1.22136e-11	-0.0979078
1.2215e-11	-0.0979376
1.22163e-11	-0.0979674
1.22177e-11	-0.0979972
1.2219e-11	-0.0980269
1.22204e-11	-0.0980567
1.22217e-11	-0.0980864
1.22231e-11	-0.0981162
1.22244e-11	-0.0981459
1.22258e-11	-0.0981756
1.22272e-11	-0.0982053
1.22285e-11	-0.098235
1.22299e-11	-0.0982647
1.22312e-11	-0.0982944
1.22326e-11	-0.098324
1.22339e-11	-0.0983537
1.22353e-11	-0.0983833
1.22366e-11	-0.098413
1.2238e-11	-0.0984426
1.22393e-11	-0.0984722
1.22407e-11	-0.0985018
1.2242e-11	-0.0985314
1.22434e-11	-0.098561
1.22447e-11	-0.0985906
1.22461e-11	-0.0986202
1.22474e-11	-0.0986498
1.22488e-11	-0.0986793
1.22501e-11	-0.0987089
1.22515e-11	-0.0987384
1.22529e-11	-0.0987679
1.22542e-11	-0.0987974
1.22556e-11	-0.098827
1.22569e-11	-0.0988565
1.22583e-11	-0.0988859
1.22596e-11	-0.0989154
1.2261e-11	-0.0989449
1.22623e-11	-0.0989744
1.22637e-11	-0.0990038
1.2265e-11	-0.0990333
1.22664e-11	-0.0990627
1.22677e-11	-0.0990921
1.22691e-11	-0.0991215
1.22704e-11	-0.0991509
1.22718e-11	-0.0991803
1.22731e-11	-0.0992097
1.22745e-11	-0.0992391
1.22758e-11	-0.0992684
1.22772e-11	-0.0992978
1.22786e-11	-0.0993271
1.22799e-11	-0.0993565
1.22813e-11	-0.0993858
1.22826e-11	-0.0994151
1.2284e-11	-0.0994444
1.22853e-11	-0.0994737
1.22867e-11	-0.099503
1.2288e-11	-0.0995323
1.22894e-11	-0.0995615
1.22907e-11	-0.0995908
1.22921e-11	-0.09962
1.22934e-11	-0.0996493
1.22948e-11	-0.0996785
1.22961e-11	-0.0997077
1.22975e-11	-0.0997369
1.22988e-11	-0.0997661
1.23002e-11	-0.0997953
1.23015e-11	-0.0998245
1.23029e-11	-0.0998536
1.23043e-11	-0.0998828
1.23056e-11	-0.0999119
1.2307e-11	-0.0999411
1.23083e-11	-0.0999702
1.23097e-11	-0.0999993
1.2311e-11	-0.100028
1.23124e-11	-0.100058
1.23137e-11	-0.100087
1.23151e-11	-0.100116
1.23164e-11	-0.100145
1.23178e-11	-0.100174
1.23191e-11	-0.100203
1.23205e-11	-0.100232
1.23218e-11	-0.100261
1.23232e-11	-0.10029
1.23245e-11	-0.100319
1.23259e-11	-0.100348
1.23272e-11	-0.100377
1.23286e-11	-0.100406
1.233e-11	-0.100435
1.23313e-11	-0.100464
1.23327e-11	-0.100493
1.2334e-11	-0.100522
1.23354e-11	-0.100551
1.23367e-11	-0.100579
1.23381e-11	-0.100608
1.23394e-11	-0.100637
1.23408e-11	-0.100666
1.23421e-11	-0.100695
1.23435e-11	-0.100724
1.23448e-11	-0.100753
1.23462e-11	-0.100781
1.23475e-11	-0.10081
1.23489e-11	-0.100839
1.23502e-11	-0.100868
1.23516e-11	-0.100897
1.23529e-11	-0.100925
1.23543e-11	-0.100954
1.23557e-11	-0.100983
1.2357e-11	-0.101012
1.23584e-11	-0.10104
1.23597e-11	-0.101069
1.23611e-11	-0.101098
1.23624e-11	-0.101127
1.23638e-11	-0.101155
1.23651e-11	-0.101184
1.23665e-11	-0.101213
1.23678e-11	-0.101241
1.23692e-11	-0.10127
1.23705e-11	-0.101299
1.23719e-11	-0.101327
1.23732e-11	-0.101356
1.23746e-11	-0.101384
1.23759e-11	-0.101413
1.23773e-11	-0.101442
1.23787e-11	-0.10147
1.238e-11	-0.101499
1.23814e-11	-0.101527
1.23827e-11	-0.101556
1.23841e-11	-0.101584
1.23854e-11	-0.101613
1.23868e-11	-0.101641
1.23881e-11	-0.10167
1.23895e-11	-0.101698
1.23908e-11	-0.101727
1.23922e-11	-0.101755
1.23935e-11	-0.101784
1.23949e-11	-0.101812
1.23962e-11	-0.10184
1.23976e-11	-0.101869
1.23989e-11	-0.101897
1.24003e-11	-0.101926
1.24016e-11	-0.101954
1.2403e-11	-0.101982
1.24044e-11	-0.102011
1.24057e-11	-0.102039
1.24071e-11	-0.102067
1.24084e-11	-0.102096
1.24098e-11	-0.102124
1.24111e-11	-0.102152
1.24125e-11	-0.102181
1.24138e-11	-0.102209
1.24152e-11	-0.102237
1.24165e-11	-0.102265
1.24179e-11	-0.102294
1.24192e-11	-0.102322
1.24206e-11	-0.10235
1.24219e-11	-0.102378
1.24233e-11	-0.102406
1.24246e-11	-0.102434
1.2426e-11	-0.102463
1.24273e-11	-0.102491
1.24287e-11	-0.102519
1.24301e-11	-0.102547
1.24314e-11	-0.102575
1.24328e-11	-0.102603
1.24341e-11	-0.102631
1.24355e-11	-0.102659
1.24368e-11	-0.102687
1.24382e-11	-0.102716
1.24395e-11	-0.102744
1.24409e-11	-0.102772
1.24422e-11	-0.1028
1.24436e-11	-0.102828
1.24449e-11	-0.102856
1.24463e-11	-0.102884
1.24476e-11	-0.102912
1.2449e-11	-0.10294
1.24503e-11	-0.102967
1.24517e-11	-0.102995
1.2453e-11	-0.103023
1.24544e-11	-0.103051
1.24558e-11	-0.103079
1.24571e-11	-0.103107
1.24585e-11	-0.103135
1.24598e-11	-0.103163
1.24612e-11	-0.103191
1.24625e-11	-0.103218
1.24639e-11	-0.103246
1.24652e-11	-0.103274
1.24666e-11	-0.103302
1.24679e-11	-0.10333
1.24693e-11	-0.103357
1.24706e-11	-0.103385
1.2472e-11	-0.103413
1.24733e-11	-0.103441
1.24747e-11	-0.103468
1.2476e-11	-0.103496
1.24774e-11	-0.103524
1.24787e-11	-0.103551
1.24801e-11	-0.103579
1.24815e-11	-0.103607
1.24828e-11	-0.103634
1.24842e-11	-0.103662
1.24855e-11	-0.10369
1.24869e-11	-0.103717
1.24882e-11	-0.103745
1.24896e-11	-0.103772
1.24909e-11	-0.1038
1.24923e-11	-0.103827
1.24936e-11	-0.103855
1.2495e-11	-0.103882
1.24963e-11	-0.10391
1.24977e-11	-0.103937
1.2499e-11	-0.103965
1.25004e-11	-0.103992
1.25017e-11	-0.10402
1.25031e-11	-0.104047
1.25044e-11	-0.104075
1.25058e-11	-0.104102
1.25072e-11	-0.10413
1.25085e-11	-0.104157
1.25099e-11	-0.104184
1.25112e-11	-0.104212
1.25126e-11	-0.104239
1.25139e-11	-0.104266
1.25153e-11	-0.104294
1.25166e-11	-0.104321
1.2518e-11	-0.104348
1.25193e-11	-0.104376
1.25207e-11	-0.104403
1.2522e-11	-0.10443
1.25234e-11	-0.104457
1.25247e-11	-0.104485
1.25261e-11	-0.104512
1.25274e-11	-0.104539
1.25288e-11	-0.104566
1.25301e-11	-0.104593
1.25315e-11	-0.104621
1.25329e-11	-0.104648
1.25342e-11	-0.104675
1.25356e-11	-0.104702
1.25369e-11	-0.104729
1.25383e-11	-0.104756
1.25396e-11	-0.104783
1.2541e-11	-0.10481
1.25423e-11	-0.104837
1.25437e-11	-0.104865
1.2545e-11	-0.104892
1.25464e-11	-0.104919
1.25477e-11	-0.104946
1.25491e-11	-0.104973
1.25504e-11	-0.105
1.25518e-11	-0.105027
1.25531e-11	-0.105053
1.25545e-11	-0.10508
1.25558e-11	-0.105107
1.25572e-11	-0.105134
1.25586e-11	-0.105161
1.25599e-11	-0.105188
1.25613e-11	-0.105215
1.25626e-11	-0.105242
1.2564e-11	-0.105269
1.25653e-11	-0.105295
1.25667e-11	-0.105322
1.2568e-11	-0.105349
1.25694e-11	-0.105376
1.25707e-11	-0.105403
1.25721e-11	-0.105429
1.25734e-11	-0.105456
1.25748e-11	-0.105483
1.25761e-11	-0.105509
1.25775e-11	-0.105536
1.25788e-11	-0.105563
1.25802e-11	-0.105589
1.25815e-11	-0.105616
1.25829e-11	-0.105643
1.25843e-11	-0.105669
1.25856e-11	-0.105696
1.2587e-11	-0.105723
1.25883e-11	-0.105749
1.25897e-11	-0.105776
1.2591e-11	-0.105802
1.25924e-11	-0.105829
1.25937e-11	-0.105855
1.25951e-11	-0.105882
1.25964e-11	-0.105908
1.25978e-11	-0.105935
1.25991e-11	-0.105961
1.26005e-11	-0.105988
1.26018e-11	-0.106014
1.26032e-11	-0.106041
1.26045e-11	-0.106067
1.26059e-11	-0.106093
1.26072e-11	-0.10612
1.26086e-11	-0.106146
1.261e-11	-0.106172
1.26113e-11	-0.106199
1.26127e-11	-0.106225
1.2614e-11	-0.106251
1.26154e-11	-0.106278
1.26167e-11	-0.106304
1.26181e-11	-0.10633
1.26194e-11	-0.106356
1.26208e-11	-0.106383
1.26221e-11	-0.106409
1.26235e-11	-0.106435
1.26248e-11	-0.106461
1.26262e-11	-0.106487
1.26275e-11	-0.106514
1.26289e-11	-0.10654
1.26302e-11	-0.106566
1.26316e-11	-0.106592
1.26329e-11	-0.106618
1.26343e-11	-0.106644
1.26357e-11	-0.10667
1.2637e-11	-0.106696
1.26384e-11	-0.106722
1.26397e-11	-0.106748
1.26411e-11	-0.106774
1.26424e-11	-0.1068
1.26438e-11	-0.106826
1.26451e-11	-0.106852
1.26465e-11	-0.106878
1.26478e-11	-0.106904
1.26492e-11	-0.10693
1.26505e-11	-0.106956
1.26519e-11	-0.106982
1.26532e-11	-0.107008
1.26546e-11	-0.107033
1.26559e-11	-0.107059
1.26573e-11	-0.107085
1.26586e-11	-0.107111
1.266e-11	-0.107137
1.26614e-11	-0.107162
1.26627e-11	-0.107188
1.26641e-11	-0.107214
1.26654e-11	-0.10724
1.26668e-11	-0.107265
1.26681e-11	-0.107291
1.26695e-11	-0.107317
1.26708e-11	-0.107342
1.26722e-11	-0.107368
1.26735e-11	-0.107394
1.26749e-11	-0.107419
1.26762e-11	-0.107445
1.26776e-11	-0.10747
1.26789e-11	-0.107496
1.26803e-11	-0.107522
1.26816e-11	-0.107547
1.2683e-11	-0.107573
1.26843e-11	-0.107598
1.26857e-11	-0.107624
1.26871e-11	-0.107649
1.26884e-11	-0.107675
1.26898e-11	-0.1077
1.26911e-11	-0.107725
1.26925e-11	-0.107751
1.26938e-11	-0.107776
1.26952e-11	-0.107802
1.26965e-11	-0.107827
1.26979e-11	-0.107852
1.26992e-11	-0.107878
1.27006e-11	-0.107903
1.27019e-11	-0.107928
1.27033e-11	-0.107954
1.27046e-11	-0.107979
1.2706e-11	-0.108004
1.27073e-11	-0.108029
1.27087e-11	-0.108054
1.271e-11	-0.10808
1.27114e-11	-0.108105
1.27128e-11	-0.10813
1.27141e-11	-0.108155
1.27155e-11	-0.10818
1.27168e-11	-0.108205
1.27182e-11	-0.10823
1.27195e-11	-0.108256
1.27209e-11	-0.108281
1.27222e-11	-0.108306
1.27236e-11	-0.108331
1.27249e-11	-0.108356
1.27263e-11	-0.108381
1.27276e-11	-0.108406
1.2729e-11	-0.108431
1.27303e-11	-0.108456
1.27317e-11	-0.108481
1.2733e-11	-0.108505
1.27344e-11	-0.10853
1.27357e-11	-0.108555
1.27371e-11	-0.10858
1.27385e-11	-0.108605
1.27398e-11	-0.10863
1.27412e-11	-0.108655
1.27425e-11	-0.108679
1.27439e-11	-0.108704
1.27452e-11	-0.108729
1.27466e-11	-0.108754
1.27479e-11	-0.108778
1.27493e-11	-0.108803
1.27506e-11	-0.108828
1.2752e-11	-0.108852
1.27533e-11	-0.108877
1.27547e-11	-0.108902
1.2756e-11	-0.108926
1.27574e-11	-0.108951
1.27587e-11	-0.108976
1.27601e-11	-0.109
1.27614e-11	-0.109025
1.27628e-11	-0.109049
1.27642e-11	-0.109074
1.27655e-11	-0.109098
1.27669e-11	-0.109123
1.27682e-11	-0.109147
1.27696e-11	-0.109172
1.27709e-11	-0.109196
1.27723e-11	-0.109221
1.27736e-11	-0.109245
1.2775e-11	-0.109269
1.27763e-11	-0.109294
1.27777e-11	-0.109318
1.2779e-11	-0.109342
1.27804e-11	-0.109367
1.27817e-11	-0.109391
1.27831e-11	-0.109415
1.27844e-11	-0.10944
1.27858e-11	-0.109464
1.27871e-11	-0.109488
1.27885e-11	-0.109512
1.27899e-11	-0.109536
1.27912e-11	-0.109561
1.27926e-11	-0.109585
1.27939e-11	-0.109609
1.27953e-11	-0.109633
1.27966e-11	-0.109657
1.2798e-11	-0.109681
1.27993e-11	-0.109705
1.28007e-11	-0.109729
1.2802e-11	-0.109753
1.28034e-11	-0.109777
1.28047e-11	-0.109801
1.28061e-11	-0.109825
1.28074e-11	-0.109849
1.28088e-11	-0.109873
1.28101e-11	-0.109897
1.28115e-11	-0.109921
1.28128e-11	-0.109945
1.28142e-11	-0.109969
1.28156e-11	-0.109993
1.28169e-11	-0.110017
1.28183e-11	-0.11004
1.28196e-11	-0.110064
1.2821e-11	-0.110088
1.28223e-11	-0.110112
1.28237e-11	-0.110135
1.2825e-11	-0.110159
1.28264e-11	-0.110183
1.28277e-11	-0.110207
1.28291e-11	-0.11023
1.28304e-11	-0.110254
1.28318e-11	-0.110278
1.28331e-11	-0.110301
1.28345e-11	-0.110325
1.28358e-11	-0.110348
1.28372e-11	-0.110372
1.28385e-11	-0.110395
1.28399e-11	-0.110419
1.28413e-11	-0.110442
1.28426e-11	-0.110466
1.2844e-11	-0.110489
1.28453e-11	-0.110513
1.28467e-11	-0.110536
1.2848e-11	-0.11056
1.28494e-11	-0.110583
1.28507e-11	-0.110606
1.28521e-11	-0.11063
1.28534e-11	-0.110653
1.28548e-11	-0.110676
1.28561e-11	-0.1107
1.28575e-11	-0.110723
1.28588e-11	-0.110746
1.28602e-11	-0.11077
1.28615e-11	-0.110793
1.28629e-11	-0.110816
1.28642e-11	-0.110839
1.28656e-11	-0.110862
1.2867e-11	-0.110885
1.28683e-11	-0.110909
1.28697e-11	-0.110932
1.2871e-11	-0.110955
1.28724e-11	-0.110978
1.28737e-11	-0.111001
1.28751e-11	-0.111024
1.28764e-11	-0.111047
1.28778e-11	-0.11107
1.28791e-11	-0.111093
1.28805e-11	-0.111116
1.28818e-11	-0.111139
1.28832e-11	-0.111162
1.28845e-11	-0.111185
1.28859e-11	-0.111208
1.28872e-11	-0.11123
1.28886e-11	-0.111253
1.28899e-11	-0.111276
1.28913e-11	-0.111299
1.28927e-11	-0.111322
1.2894e-11	-0.111344
1.28954e-11	-0.111367
1.28967e-11	-0.11139
1.28981e-11	-0.111413
1.28994e-11	-0.111435
1.29008e-11	-0.111458
1.29021e-11	-0.111481
1.29035e-11	-0.111503
1.29048e-11	-0.111526
1.29062e-11	-0.111548
1.29075e-11	-0.111571
1.29089e-11	-0.111594
1.29102e-11	-0.111616
1.29116e-11	-0.111639
1.29129e-11	-0.111661
1.29143e-11	-0.111684
1.29156e-11	-0.111706
1.2917e-11	-0.111728
1.29184e-11	-0.111751
1.29197e-11	-0.111773
1.29211e-11	-0.111796
1.29224e-11	-0.111818
1.29238e-11	-0.11184
1.29251e-11	-0.111863
1.29265e-11	-0.111885
1.29278e-11	-0.111907
1.29292e-11	-0.111929
1.29305e-11	-0.111952
1.29319e-11	-0.111974
1.29332e-11	-0.111996
1.29346e-11	-0.112018
1.29359e-11	-0.11204
1.29373e-11	-0.112062
1.29386e-11	-0.112085
1.294e-11	-0.112107
1.29413e-11	-0.112129
1.29427e-11	-0.112151
1.29441e-11	-0.112173
1.29454e-11	-0.112195
1.29468e-11	-0.112217
1.29481e-11	-0.112239
1.29495e-11	-0.112261
1.29508e-11	-0.112283
1.29522e-11	-0.112305
1.29535e-11	-0.112326
1.29549e-11	-0.112348
1.29562e-11	-0.11237
1.29576e-11	-0.112392
1.29589e-11	-0.112414
1.29603e-11	-0.112436
1.29616e-11	-0.112457
1.2963e-11	-0.112479
1.29643e-11	-0.112501
1.29657e-11	-0.112523
1.2967e-11	-0.112544
1.29684e-11	-0.112566
1.29698e-11	-0.112588
1.29711e-11	-0.112609
1.29725e-11	-0.112631
1.29738e-11	-0.112652
1.29752e-11	-0.112674
1.29765e-11	-0.112695
1.29779e-11	-0.112717
1.29792e-11	-0.112738
1.29806e-11	-0.11276
1.29819e-11	-0.112781
1.29833e-11	-0.112803
1.29846e-11	-0.112824
1.2986e-11	-0.112846
1.29873e-11	-0.112867
1.29887e-11	-0.112888
1.299e-11	-0.11291
1.29914e-11	-0.112931
1.29927e-11	-0.112952
1.29941e-11	-0.112973
1.29955e-11	-0.112995
1.29968e-11	-0.113016
1.29982e-11	-0.113037
1.29995e-11	-0.113058
1.30009e-11	-0.113079
1.30022e-11	-0.113101
1.30036e-11	-0.113122
1.30049e-11	-0.113143
1.30063e-11	-0.113164
1.30076e-11	-0.113185
1.3009e-11	-0.113206
1.30103e-11	-0.113227
1.30117e-11	-0.113248
1.3013e-11	-0.113269
1.30144e-11	-0.11329
1.30157e-11	-0.113311
1.30171e-11	-0.113332
1.30184e-11	-0.113353
1.30198e-11	-0.113373
1.30212e-11	-0.113394
1.30225e-11	-0.113415
1.30239e-11	-0.113436
1.30252e-11	-0.113457
1.30266e-11	-0.113477
1.30279e-11	-0.113498
1.30293e-11	-0.113519
1.30306e-11	-0.113539
1.3032e-11	-0.11356
1.30333e-11	-0.113581
1.30347e-11	-0.113601
1.3036e-11	-0.113622
1.30374e-11	-0.113643
1.30387e-11	-0.113663
1.30401e-11	-0.113684
1.30414e-11	-0.113704
1.30428e-11	-0.113725
1.30441e-11	-0.113745
1.30455e-11	-0.113766
1.30469e-11	-0.113786
1.30482e-11	-0.113806
1.30496e-11	-0.113827
1.30509e-11	-0.113847
1.30523e-11	-0.113867
1.30536e-11	-0.113888
1.3055e-11	-0.113908
1.30563e-11	-0.113928
1.30577e-11	-0.113949
1.3059e-11	-0.113969
1.30604e-11	-0.113989
1.30617e-11	-0.114009
1.30631e-11	-0.114029
1.30644e-11	-0.114049
1.30658e-11	-0.11407
1.30671e-11	-0.11409
1.30685e-11	-0.11411
1.30698e-11	-0.11413
1.30712e-11	-0.11415
1.30726e-11	-0.11417
1.30739e-11	-0.11419
1.30753e-11	-0.11421
1.30766e-11	-0.11423
1.3078e-11	-0.114249
1.30793e-11	-0.114269
1.30807e-11	-0.114289
1.3082e-11	-0.114309
1.30834e-11	-0.114329
1.30847e-11	-0.114349
1.30861e-11	-0.114368
1.30874e-11	-0.114388
1.30888e-11	-0.114408
1.30901e-11	-0.114428
1.30915e-11	-0.114447
1.30928e-11	-0.114467
1.30942e-11	-0.114487
1.30955e-11	-0.114506
1.30969e-11	-0.114526
1.30983e-11	-0.114545
1.30996e-11	-0.114565
1.3101e-11	-0.114584
1.31023e-11	-0.114604
1.31037e-11	-0.114623
1.3105e-11	-0.114643
1.31064e-11	-0.114662
1.31077e-11	-0.114682
1.31091e-11	-0.114701
1.31104e-11	-0.11472
1.31118e-11	-0.11474
1.31131e-11	-0.114759
1.31145e-11	-0.114778
1.31158e-11	-0.114798
1.31172e-11	-0.114817
1.31185e-11	-0.114836
1.31199e-11	-0.114855
1.31212e-11	-0.114874
1.31226e-11	-0.114893
1.3124e-11	-0.114913
1.31253e-11	-0.114932
1.31267e-11	-0.114951
1.3128e-11	-0.11497
1.31294e-11	-0.114989
1.31307e-11	-0.115008
1.31321e-11	-0.115027
1.31334e-11	-0.115046
1.31348e-11	-0.115065
1.31361e-11	-0.115084
1.31375e-11	-0.115103
1.31388e-11	-0.115121
1.31402e-11	-0.11514
1.31415e-11	-0.115159
1.31429e-11	-0.115178
1.31442e-11	-0.115197
1.31456e-11	-0.115215
1.31469e-11	-0.115234
1.31483e-11	-0.115253
1.31497e-11	-0.115271
1.3151e-11	-0.11529
1.31524e-11	-0.115309
1.31537e-11	-0.115327
1.31551e-11	-0.115346
1.31564e-11	-0.115364
1.31578e-11	-0.115383
1.31591e-11	-0.115401
1.31605e-11	-0.11542
1.31618e-11	-0.115438
1.31632e-11	-0.115457
1.31645e-11	-0.115475
1.31659e-11	-0.115494
1.31672e-11	-0.115512
1.31686e-11	-0.11553
1.31699e-11	-0.115549
1.31713e-11	-0.115567
1.31726e-11	-0.115585
1.3174e-11	-0.115603
1.31754e-11	-0.115622
1.31767e-11	-0.11564
1.31781e-11	-0.115658
1.31794e-11	-0.115676
1.31808e-11	-0.115694
1.31821e-11	-0.115712
1.31835e-11	-0.11573
1.31848e-11	-0.115748
1.31862e-11	-0.115766
1.31875e-11	-0.115784
1.31889e-11	-0.115802
1.31902e-11	-0.11582
1.31916e-11	-0.115838
1.31929e-11	-0.115856
1.31943e-11	-0.115874
1.31956e-11	-0.115892
1.3197e-11	-0.11591
1.31983e-11	-0.115927
1.31997e-11	-0.115945
1.32011e-11	-0.115963
1.32024e-11	-0.115981
1.32038e-11	-0.115998
1.32051e-11	-0.116016
1.32065e-11	-0.116034
1.32078e-11	-0.116051
1.32092e-11	-0.116069
1.32105e-11	-0.116086
1.32119e-11	-0.116104
1.32132e-11	-0.116121
1.32146e-11	-0.116139
1.32159e-11	-0.116156
1.32173e-11	-0.116174
1.32186e-11	-0.116191
1.322e-11	-0.116209
1.32213e-11	-0.116226
1.32227e-11	-0.116243
1.3224e-11	-0.116261
1.32254e-11	-0.116278
1.32268e-11	-0.116295
1.32281e-11	-0.116313
1.32295e-11	-0.11633
1.32308e-11	-0.116347
1.32322e-11	-0.116364
1.32335e-11	-0.116381
1.32349e-11	-0.116398
1.32362e-11	-0.116415
1.32376e-11	-0.116432
1.32389e-11	-0.11645
1.32403e-11	-0.116467
1.32416e-11	-0.116484
1.3243e-11	-0.1165
1.32443e-11	-0.116517
1.32457e-11	-0.116534
1.3247e-11	-0.116551
1.32484e-11	-0.116568
1.32497e-11	-0.116585
1.32511e-11	-0.116602
1.32525e-11	-0.116618
1.32538e-11	-0.116635
1.32552e-11	-0.116652
1.32565e-11	-0.116669
1.32579e-11	-0.116685
1.32592e-11	-0.116702
1.32606e-11	-0.116719
1.32619e-11	-0.116735
1.32633e-11	-0.116752
1.32646e-11	-0.116768
1.3266e-11	-0.116785
1.32673e-11	-0.116801
1.32687e-11	-0.116818
1.327e-11	-0.116834
1.32714e-11	-0.116851
1.32727e-11	-0.116867
1.32741e-11	-0.116883
1.32754e-11	-0.1169
1.32768e-11	-0.116916
1.32782e-11	-0.116932
1.32795e-11	-0.116949
1.32809e-11	-0.116965
1.32822e-11	-0.116981
1.32836e-11	-0.116997
1.32849e-11	-0.117013
1.32863e-11	-0.117029
1.32876e-11	-0.117046
1.3289e-11	-0.117062
1.32903e-11	-0.117078
1.32917e-11	-0.117094
1.3293e-11	-0.11711
1.32944e-11	-0.117126
1.32957e-11	-0.117142
1.32971e-11	-0.117158
1.32984e-11	-0.117173
1.32998e-11	-0.117189
1.33011e-11	-0.117205
1.33025e-11	-0.117221
1.33039e-11	-0.117237
1.33052e-11	-0.117252
1.33066e-11	-0.117268
1.33079e-11	-0.117284
1.33093e-11	-0.1173
1.33106e-11	-0.117315
1.3312e-11	-0.117331
1.33133e-11	-0.117346
1.33147e-11	-0.117362
1.3316e-11	-0.117377
1.33174e-11	-0.117393
1.33187e-11	-0.117408
1.33201e-11	-0.117424
1.33214e-11	-0.117439
1.33228e-11	-0.117455
1.33241e-11	-0.11747
1.33255e-11	-0.117485
1.33268e-11	-0.117501
1.33282e-11	-0.117516
1.33296e-11	-0.117531
1.33309e-11	-0.117547
1.33323e-11	-0.117562
1.33336e-11	-0.117577
1.3335e-11	-0.117592
1.33363e-11	-0.117607
1.33377e-11	-0.117622
1.3339e-11	-0.117637
1.33404e-11	-0.117652
1.33417e-11	-0.117668
1.33431e-11	-0.117682
1.33444e-11	-0.117697
1.33458e-11	-0.117712
1.33471e-11	-0.117727
1.33485e-11	-0.117742
1.33498e-11	-0.117757
1.33512e-11	-0.117772
1.33525e-11	-0.117787
1.33539e-11	-0.117801
1.33553e-11	-0.117816
1.33566e-11	-0.117831
1.3358e-11	-0.117846
1.33593e-11	-0.11786
1.33607e-11	-0.117875
1.3362e-11	-0.117889
1.33634e-11	-0.117904
1.33647e-11	-0.117919
1.33661e-11	-0.117933
1.33674e-11	-0.117948
1.33688e-11	-0.117962
1.33701e-11	-0.117976
1.33715e-11	-0.117991
1.33728e-11	-0.118005
1.33742e-11	-0.11802
1.33755e-11	-0.118034
1.33769e-11	-0.118048
1.33782e-11	-0.118063
1.33796e-11	-0.118077
1.3381e-11	-0.118091
1.33823e-11	-0.118105
1.33837e-11	-0.118119
1.3385e-11	-0.118133
1.33864e-11	-0.118148
1.33877e-11	-0.118162
1.33891e-11	-0.118176
1.33904e-11	-0.11819
1.33918e-11	-0.118204
1.33931e-11	-0.118218
1.33945e-11	-0.118231
1.33958e-11	-0.118245
1.33972e-11	-0.118259
1.33985e-11	-0.118273
1.33999e-11	-0.118287
1.34012e-11	-0.118301
1.34026e-11	-0.118314
1.34039e-11	-0.118328
1.34053e-11	-0.118342
1.34067e-11	-0.118356
1.3408e-11	-0.118369
1.34094e-11	-0.118383
1.34107e-11	-0.118396
1.34121e-11	-0.11841
1.34134e-11	-0.118423
1.34148e-11	-0.118437
1.34161e-11	-0.11845
1.34175e-11	-0.118464
1.34188e-11	-0.118477
1.34202e-11	-0.118491
1.34215e-11	-0.118504
1.34229e-11	-0.118517
1.34242e-11	-0.118531
1.34256e-11	-0.118544
1.34269e-11	-0.118557
1.34283e-11	-0.11857
1.34296e-11	-0.118583
1.3431e-11	-0.118597
1.34324e-11	-0.11861
1.34337e-11	-0.118623
1.34351e-11	-0.118636
1.34364e-11	-0.118649
1.34378e-11	-0.118662
1.34391e-11	-0.118675
1.34405e-11	-0.118688
1.34418e-11	-0.118701
1.34432e-11	-0.118714
1.34445e-11	-0.118726
1.34459e-11	-0.118739
1.34472e-11	-0.118752
1.34486e-11	-0.118765
1.34499e-11	-0.118778
1.34513e-11	-0.11879
1.34526e-11	-0.118803
1.3454e-11	-0.118816
1.34553e-11	-0.118828
1.34567e-11	-0.118841
1.34581e-11	-0.118853
1.34594e-11	-0.118866
1.34608e-11	-0.118878
1.34621e-11	-0.118891
1.34635e-11	-0.118903
1.34648e-11	-0.118916
1.34662e-11	-0.118928
1.34675e-11	-0.11894
1.34689e-11	-0.118953
1.34702e-11	-0.118965
1.34716e-11	-0.118977
1.34729e-11	-0.11899
1.34743e-11	-0.119002
1.34756e-11	-0.119014
1.3477e-11	-0.119026
1.34783e-11	-0.119038
1.34797e-11	-0.11905
1.3481e-11	-0.119062
1.34824e-11	-0.119074
1.34838e-11	-0.119086
1.34851e-11	-0.119098
1.34865e-11	-0.11911
1.34878e-11	-0.119122
1.34892e-11	-0.119134
1.34905e-11	-0.119146
1.34919e-11	-0.119158
1.34932e-11	-0.119169
1.34946e-11	-0.119181
1.34959e-11	-0.119193
1.34973e-11	-0.119204
1.34986e-11	-0.119216
1.35e-11	-0.119228
1.35013e-11	-0.119239
1.35027e-11	-0.119251
1.3504e-11	-0.119262
1.35054e-11	-0.119274
1.35067e-11	-0.119285
1.35081e-11	-0.119297
1.35095e-11	-0.119308
1.35108e-11	-0.11932
1.35122e-11	-0.119331
1.35135e-11	-0.119342
1.35149e-11	-0.119354
1.35162e-11	-0.119365
1.35176e-11	-0.119376
1.35189e-11	-0.119387
1.35203e-11	-0.119398
1.35216e-11	-0.11941
1.3523e-11	-0.119421
1.35243e-11	-0.119432
1.35257e-11	-0.119443
