frequency_hz,s11_db,s21_db
1.000000000000000000e+07,-5.851072846696305874e+01,-6.119441262799877969e-06
1.699900000000000000e+07,-5.390243466127644467e+01,-1.768242111567377314e-05
2.399800000000000000e+07,-5.090766487490981973e+01,-3.523867625637305416e-05
3.099700000000000000e+07,-4.868512634979005327e+01,-5.878609547009256141e-05
3.799600000000000000e+07,-4.691720584403259409e+01,-8.832184709527635352e-05
4.499500000000000000e+07,-4.544921215895836042e+01,-1.238423793808590689e-04
5.199400000000000000e+07,-4.419405659570563216e+01,-1.653434209315072395e-04
5.899300000000000000e+07,-4.309782551677821516e+01,-2.128199812428083573e-04
6.599200000000000000e+07,-4.212481337401206360e+01,-2.662663513302882955e-04
7.299100000000000000e+07,-4.125014700390295985e+01,-3.256761044436050812e-04
7.999000000000000000e+07,-4.045580350222635957e+01,-3.910420968727000481e-04
8.698900000000000000e+07,-3.972830490680183146e+01,-4.623564688478700086e-04
9.398800000000000000e+07,-3.905730782640523557e+01,-5.396106455222268641e-04
1.009870000000000000e+08,-3.843470097709830924e+01,-6.227953380491234054e-04
1.079860000000000000e+08,-3.785400580579536722e+01,-7.119005447507342245e-04
1.149850000000000000e+08,-3.730996570382318822e+01,-8.069155523643395519e-04
1.219840000000000000e+08,-3.679825680027115453e+01,-9.078289373933698045e-04
1.289830000000000000e+08,-3.631527955739451841e+01,-1.014628567538193799e-03
1.359820000000000000e+08,-3.585800550519667240e+01,-1.127301603212494535e-03
1.429810000000000000e+08,-3.542386248519834879e+01,-1.245834499158805569e-03
1.499800000000000000e+08,-3.501064734598362094e+01,-1.370213006141088839e-03
1.569790000000000000e+08,-3.461645856866670101e+01,-1.500422172729857064e-03
1.639780000000000000e+08,-3.423964360026795362e+01,-1.636446347180885554e-03
1.709770000000000000e+08,-3.387875720280949565e+01,-1.778269179384438367e-03
1.779760000000000000e+08,-3.353252816385989377e+01,-1.925873622920781184e-03
1.849750000000000000e+08,-3.319983243182663557e+01,-2.079241937189274005e-03
1.919740000000000000e+08,-3.287967124315987633e+01,-2.238355689628488028e-03
1.989730000000000000e+08,-3.257115316813912642e+01,-2.403195758019733251e-03
2.059720000000000000e+08,-3.227347926186849492e+01,-2.573742332882763412e-03
2.129710000000000000e+08,-3.198593069753341567e+01,-2.749974919944467907e-03
2.199700000000000000e+08,-3.170785840001163081e+01,-2.931872342703809205e-03
2.269690000000000000e+08,-3.143867430371530602e+01,-3.119412745075741782e-03
2.339680000000000000e+08,-3.117784393853998992e+01,-3.312573594120005009e-03
2.409670000000000000e+08,-3.092488010891359806e+01,-3.511331682852984575e-03
2.479660000000000000e+08,-3.067933747808490352e+01,-3.715663133140812736e-03
2.549650000000000000e+08,-3.044080790639601730e+01,-3.925543398679621522e-03
2.619640000000000000e+08,-3.020891642098736085e+01,-4.140947268053419596e-03
2.689630000000000000e+08,-2.998331771699282555e+01,-4.361848867878395652e-03
2.759620000000000000e+08,-2.976369310829456793e+01,-4.588221666017375765e-03
2.829610000000000000e+08,-2.954974786021964661e+01,-4.820038474893504309e-03
2.899600000000000000e+08,-2.934120884821308550e+01,-5.057271454862753701e-03
2.969590000000000000e+08,-2.913782249577902306e+01,-5.299892117683999322e-03
3.039580000000000000e+08,-2.893935295267618102e+01,-5.547871330055905575e-03
3.109570000000000000e+08,-2.874558048052680448e+01,-5.801179317238138594e-03
3.179560000000000000e+08,-2.855630001813268137e+01,-6.059785666748362942e-03
3.249550000000000000e+08,-2.837131990302179219e+01,-6.323659332136110853e-03
3.319540000000000000e+08,-2.819046072923365287e+01,-6.592768636839491450e-03
3.389530000000000000e+08,-2.801355432429927106e+01,-6.867081278104585074e-03
3.459520000000000000e+08,-2.784044283078102211e+01,-7.146564330992787213e-03
3.529510000000000000e+08,-2.767097787980698698e+01,-7.431184252461763701e-03
3.599500000000000000e+08,-2.750501984577415726e+01,-7.720906885508595739e-03
3.669490000000000000e+08,-2.734243717281126607e+01,-8.015697463406142032e-03
3.739480000000000000e+08,-2.718310576489636787e+01,-8.315520613993215501e-03
3.809470000000000000e+08,-2.702690843252139175e+01,-8.620340364049607074e-03
3.879460000000000000e+08,-2.687373438973816775e+01,-8.930120143737780083e-03
3.949450000000000000e+08,-2.672347879617768740e+01,-9.244822791113323918e-03
4.019440000000000000e+08,-2.657604233929591331e+01,-9.564410556713982825e-03
4.089430000000000000e+08,-2.643133085269144544e+01,-9.888845108207153581e-03
4.159420000000000000e+08,-2.628925496680760432e+01,-1.021808753511241341e-02
4.229410000000000000e+08,-2.614972978878311594e+01,-1.055209835359637721e-02
4.299400000000000000e+08,-2.601267460858439406e+01,-1.089083751132357940e-02
4.369390000000000000e+08,-2.587801262886204512e+01,-1.123426439238487187e-02
4.439380000000000000e+08,-2.574567071628102255e+01,-1.158233782228411217e-02
4.509370000000000000e+08,-2.561557917229848869e+01,-1.193501607299494657e-02
4.579360000000000000e+08,-2.548767152159992833e+01,-1.229225686807915684e-02
4.649350000000000000e+08,-2.536188431658038311e+01,-1.265401738787156477e-02
4.719340000000000000e+08,-2.523815695643826018e+01,-1.302025427472005593e-02
4.789330000000000000e+08,-2.511643151958249476e+01,-1.339092363830219831e-02
4.859320000000000000e+08,-2.499665260820415114e+01,-1.376598106098475202e-02
4.929310000000000000e+08,-2.487876720395885854e+01,-1.414538160326106117e-02
4.999300000000000000e+08,-2.476272453382808791e+01,-1.452907980923653225e-02
5.069290000000000000e+08,-2.464847594530517583e+01,-1.491702971217592419e-02
5.139280000000000000e+08,-2.453597479014003824e+01,-1.530918484011255763e-02
5.209270000000000000e+08,-2.442517631594923699e+01,-1.570549822150810876e-02
5.279260000000000000e+08,-2.431603756505938208e+01,-1.610592239097662082e-02
5.349250000000000000e+08,-2.420851728001382241e+01,-1.651040939505743835e-02
5.419240000000000000e+08,-2.410257581522363779e+01,-1.691891079804311998e-02
5.489230000000000000e+08,-2.399817505428605813e+01,-1.733137768786913863e-02
5.559220000000000000e+08,-2.389527833254455658e+01,-1.774776068204437021e-02
5.629210000000000000e+08,-2.379385036449168922e+01,-1.816800993364862254e-02
5.699200000000000000e+08,-2.369385717566207106e+01,-1.859207513736542416e-02
5.769190000000000000e+08,-2.359526603867936956e+01,-1.901990553557931021e-02
5.839180000000000000e+08,-2.349804541316427375e+01,-1.945144992450966587e-02
5.909170000000000000e+08,-2.340216488921880611e+01,-1.988665666041039212e-02
5.979160000000000000e+08,-2.330759513424407459e+01,-2.032547366579869411e-02
6.049150000000000000e+08,-2.321430784285013260e+01,-2.076784843574324899e-02
6.119140000000000000e+08,-2.312227568964912194e+01,-2.121372804419637687e-02
6.189130000000000000e+08,-2.303147228473528685e+01,-2.166305915036553092e-02
6.259120000000000000e+08,-2.294187213166656392e+01,-2.211578800513886237e-02
6.329110000000000000e+08,-2.285345058778549543e+01,-2.257186045754652065e-02
6.399100000000000000e+08,-2.276618382672233309e+01,-2.303122196126761168e-02
6.469090000000000000e+08,-2.268004880293900527e+01,-2.349381758117710661e-02
6.539080000000000000e+08,-2.259502321818111170e+01,-2.395959199993777725e-02
6.609070000000000000e+08,-2.251108548971746615e+01,-2.442848952462653433e-02
6.679060000000000000e+08,-2.242821472025309149e+01,-2.490045409340513327e-02
6.749050000000000000e+08,-2.234639066941238639e+01,-2.537542928222079330e-02
6.819040000000000000e+08,-2.226559372669209580e+01,-2.585335831155722436e-02
6.889030000000000000e+08,-2.218580488579870647e+01,-2.633418405321011346e-02
6.959020000000000000e+08,-2.210700572028294886e+01,-2.681784903709970996e-02
7.029010000000000000e+08,-2.202917836039350519e+01,-2.730429545812654638e-02
7.099000000000000000e+08,-2.195230547107926000e+01,-2.779346518305298580e-02
7.168990000000000000e+08,-2.187637023107311762e+01,-2.828529975741069305e-02
7.238980000000000000e+08,-2.180135631298881549e+01,-2.877974041246227424e-02
7.308970000000000000e+08,-2.172724786438047673e+01,-2.927672807216979284e-02
7.378960000000000000e+08,-2.165402948970318420e+01,-2.977620336020702849e-02
7.448950000000000000e+08,-2.158168623312685952e+01,-3.027810660699633075e-02
7.518940000000000000e+08,-2.151020356215476426e+01,-3.078237785677491456e-02
7.588930000000000000e+08,-2.143956735200136876e+01,-3.128895687468791903e-02
7.658920000000000000e+08,-2.136976387068882843e+01,-3.179778315390732746e-02
7.728910000000000000e+08,-2.130077976482213842e+01,-3.230879592277787621e-02
7.798900000000000000e+08,-2.123260204600624945e+01,-3.282193415198514375e-02
7.868890000000000000e+08,-2.116521807787119869e+01,-3.333713656174892848e-02
7.938880000000000000e+08,-2.109861556367217261e+01,-3.385434162904100985e-02
8.008870000000000000e+08,-2.103278253443551549e+01,-3.437348759481871630e-02
8.078860000000000000e+08,-2.096770733762054917e+01,-3.489451247128975281e-02
8.148850000000000000e+08,-2.090337862627212218e+01,-3.541735404918350955e-02
8.218840000000000000e+08,-2.083978534863726750e+01,-3.594194990505670401e-02
8.288830000000000000e+08,-2.077691673822410579e+01,-3.646823740860070939e-02
8.358820000000000000e+08,-2.071476230427802534e+01,-3.699615372998358437e-02
8.428810000000000000e+08,-2.065331182265769172e+01,-3.752563584719483675e-02
8.498800000000000000e+08,-2.059255532708809255e+01,-3.805662055341149652e-02
8.568790000000000000e+08,-2.053248310077337990e+01,-3.858904446438068958e-02
8.638780000000000000e+08,-2.047308566835233634e+01,-3.912284402581300835e-02
8.708770000000000000e+08,-2.041435378817913815e+01,-3.965795552078574954e-02
8.778760000000000000e+08,-2.035627844491330407e+01,-4.019431507716966084e-02
8.848750000000000000e+08,-2.029885084240635607e+01,-4.073185867505123292e-02
8.918740000000000000e+08,-2.024206239686811770e+01,-4.127052215417954112e-02
8.988730000000000000e+08,-2.018590473030203469e+01,-4.181024122141457910e-02
9.058720000000000000e+08,-2.013036966419586093e+01,-4.235095145818282975e-02
9.128710000000000000e+08,-2.007544921345574096e+01,-4.289258832794996812e-02
9.198700000000000000e+08,-2.002113558057367371e+01,-4.343508718368825627e-02
9.268690000000000000e+08,-1.996742115001553231e+01,-4.397838327536509467e-02
9.338680000000000000e+08,-1.991429848282381343e+01,-4.452241175741469825e-02
9.408670000000000000e+08,-1.986176031141977205e+01,-4.506710769623972768e-02
9.478660000000000000e+08,-1.980979953460133203e+01,-4.561240607769714156e-02
9.548650000000000000e+08,-1.975840921272497752e+01,-4.615824181459753789e-02
9.618640000000000000e+08,-1.970758256306515932e+01,-4.670454975419949251e-02
9.688630000000000000e+08,-1.965731295534258649e+01,-4.725126468570864380e-02
9.758620000000000000e+08,-1.960759390741445429e+01,-4.779832134777678432e-02
9.828610000000000000e+08,-1.955841908111945671e+01,-4.834565443600272183e-02
9.898600000000000000e+08,-1.950978227827190992e+01,-4.889319861042550064e-02
9.968590000000000000e+08,-1.946167743679758289e+01,-4.944088850301843474e-02
1.003858000000000000e+09,-1.941409862700509947e+01,-4.998865872518711700e-02
1.010857000000000000e+09,-1.936704004798954770e+01,-5.053644387524694470e-02
1.017856000000000000e+09,-1.932049602415940015e+01,-5.108417854591534163e-02
1.024855000000000000e+09,-1.927446100188440070e+01,-5.163179733178539788e-02
1.031854000000000000e+09,-1.922892954625816486e+01,-5.217923483680156349e-02
1.038853000000000000e+09,-1.918389633797201199e+01,-5.272642568171771738e-02
1.045852000000000000e+09,-1.913935617029370562e+01,-5.327330451156028074e-02
1.052851000000000000e+09,-1.909530394614872861e+01,-5.381980600307357393e-02
1.059850000000000000e+09,-1.905173467529867892e+01,-5.436586487216530511e-02
1.066849000000000000e+09,-1.900864347161451207e+01,-5.491141588132758544e-02
1.073848000000000000e+09,-1.896602555043914862e+01,-5.545639384706185088e-02
1.080847000000000000e+09,-1.892387622603695618e+01,-5.600073364728504893e-02
1.087846000000000000e+09,-1.888219090912700082e+01,-5.654437022872513263e-02
1.094845000000000000e+09,-1.884096510449622741e+01,-5.708723861430069213e-02
1.101844000000000000e+09,-1.880019440868937863e+01,-5.762927391049561809e-02
1.108843000000000000e+09,-1.875987450777373411e+01,-5.817041131470908344e-02
1.115842000000000000e+09,-1.872000117517514894e+01,-5.871058612259558163e-02
1.122841000000000000e+09,-1.868057026958237188e+01,-5.924973373538998389e-02
1.129840000000000000e+09,-1.864157773291815801e+01,-5.978778966721374349e-02
1.136839000000000000e+09,-1.860301958837369796e+01,-6.032468955236502950e-02
1.143838000000000000e+09,-1.856489193850464048e+01,-6.086036915259284558e-02
1.150837000000000000e+09,-1.852719096338633165e+01,-6.139476436434819495e-02
1.157836000000000000e+09,-1.848991291882622079e+01,-6.192781122601800914e-02
1.164835000000000000e+09,-1.845305413463058741e+01,-6.245944592514581645e-02
1.171834000000000000e+09,-1.841661101292543989e+01,-6.298960480561752173e-02
1.178833000000000000e+09,-1.838058002652761402e+01,-6.351822437483957418e-02
1.185832000000000000e+09,-1.834495771736539282e+01,-6.404524131088892847e-02
1.192831000000000000e+09,-1.830974069494718393e+01,-6.457059246964158561e-02
1.199830000000000000e+09,-1.827492563487570365e+01,-6.509421489187776355e-02
1.206829000000000000e+09,-1.824050927740663752e+01,-6.561604581036432904e-02
1.213828000000000000e+09,-1.820648842605036677e+01,-6.613602265691080617e-02
1.220827000000000000e+09,-1.817285994621468959e+01,-6.665408306940259764e-02
1.227826000000000000e+09,-1.813962076388789768e+01,-6.717016489880744956e-02
1.234825000000000000e+09,-1.810676786436026475e+01,-6.768420621615509059e-02
1.241824000000000000e+09,-1.807429829098274610e+01,-6.819614531949390324e-02
1.248823000000000000e+09,-1.804220914396234576e+01,-6.870592074081062484e-02
1.255822000000000000e+09,-1.801049757919151162e+01,-6.921347125293486613e-02
1.262821000000000000e+09,-1.797916080711192777e+01,-6.971873587640546599e-02
1.269820000000000000e+09,-1.794819609161087826e+01,-7.022165388630956240e-02
1.276819000000000000e+09,-1.791760074894877164e+01,-7.072216481909709973e-02
1.283818000000000000e+09,-1.788737214671768783e+01,-7.122020847935713050e-02
1.290817000000000000e+09,-1.785750770282945865e+01,-7.171572494656626440e-02
1.297816000000000000e+09,-1.782800488453201382e+01,-7.220865458181041641e-02
1.304815000000000000e+09,-1.779886120745390343e+01,-7.269893803446685066e-02
1.311814000000000000e+09,-1.777007423467526337e+01,-7.318651624885919027e-02
1.318813000000000000e+09,-1.774164157582517376e+01,-7.367133047087737197e-02
1.325812000000000000e+09,-1.771356088620423108e+01,-7.415332225456058857e-02
1.332811000000000000e+09,-1.768582986593091277e+01,-7.463243346865461314e-02
1.339810000000000000e+09,-1.765844625911259413e+01,-7.510860630312415909e-02
1.346809000000000000e+09,-1.763140785303856717e+01,-7.558178327564120391e-02
1.353808000000000000e+09,-1.760471247739636880e+01,-7.605190723802129904e-02
1.360807000000000000e+09,-1.757835800350830269e+01,-7.651892138264822230e-02
1.367806000000000000e+09,-1.755234234359039291e+01,-7.698276924883373784e-02
1.374805000000000000e+09,-1.752666345003076032e+01,-7.744339472916142442e-02
1.381804000000000000e+09,-1.750131931468783009e+01,-7.790074207578293053e-02
1.388803000000000000e+09,-1.747630796820785903e+01,-7.835475590668049273e-02
1.395802000000000000e+09,-1.745162747936113945e+01,-7.880538121188446210e-02
1.402801000000000000e+09,-1.742727595439592392e+01,-7.925256335965980004e-02
1.409800000000000000e+09,-1.740325153641009592e+01,-7.969624810264709647e-02
1.416799000000000000e+09,-1.737955240473997165e+01,-8.013638158396479971e-02
1.423798000000000000e+09,-1.735617677436542294e+01,-8.057291034327315749e-02
1.430797000000000000e+09,-1.733312289533106565e+01,-8.100578132279533106e-02
1.437796000000000000e+09,-1.731038905218357371e+01,-8.143494187329498868e-02
1.444795000000000000e+09,-1.728797356342345637e+01,-8.186033976001662327e-02
1.451794000000000000e+09,-1.726587478097217954e+01,-8.228192316858010114e-02
1.458793000000000000e+09,-1.724409108965353710e+01,-8.269964071083280022e-02
1.465792000000000000e+09,-1.722262090668896661e+01,-8.311344143065849122e-02
1.472791000000000000e+09,-1.720146268120611310e+01,-8.352327480975033080e-02
1.479790000000000000e+09,-1.718061489376168538e+01,-8.392909077332097456e-02
1.486789000000000000e+09,-1.716007605587601148e+01,-8.433083969578886174e-02
1.493788000000000000e+09,-1.713984470958091677e+01,-8.472847240640832278e-02
1.500787000000000000e+09,-1.711991942697951430e+01,-8.512194019485801177e-02
1.507786000000000000e+09,-1.710029880981822004e+01,-8.551119481677860179e-02
1.514785000000000000e+09,-1.708098148906997693e+01,-8.589618849927331545e-02
1.521784000000000000e+09,-1.706196612452925976e+01,-8.627687394635175089e-02
1.528783000000000000e+09,-1.704325140441748587e+01,-8.665320434433992913e-02
1.535782000000000000e+09,-1.702483604500007530e+01,-8.702513336722553228e-02
1.542781000000000000e+09,-1.700671879021302857e+01,-8.739261518197505296e-02
1.549780000000000000e+09,-1.698889841130067424e+01,-8.775560445378367824e-02
1.556779000000000000e+09,-1.697137370646263221e+01,-8.811405635129493374e-02
1.563778000000000000e+09,-1.695414350051106211e+01,-8.846792655175558795e-02
1.570777000000000000e+09,-1.693720664453714519e+01,-8.881717124613415504e-02
1.577776000000000000e+09,-1.692056201558710882e+01,-8.916174714418034775e-02
1.584775000000000000e+09,-1.690420851634697996e+01,-8.950161147944260542e-02
1.591774000000000000e+09,-1.688814507483659710e+01,-8.983672201422850112e-02
1.598773000000000000e+09,-1.687237064411197807e+01,-9.016703704452094792e-02
1.605772000000000000e+09,-1.685688420197657678e+01,-9.049251540483566059e-02
1.612771000000000000e+09,-1.684168475070023518e+01,-9.081311647303738632e-02
1.619770000000000000e+09,-1.682677131674688908e+01,-9.112880017509412955e-02
1.626769000000000000e+09,-1.681214295050965291e+01,-9.143952698978956295e-02
1.633768000000000000e+09,-1.679779872605418589e+01,-9.174525795337230838e-02
1.640767000000000000e+09,-1.678373774086913883e+01,-9.204595466416415350e-02
1.647766000000000000e+09,-1.676995911562451624e+01,-9.234157928710473584e-02
1.654765000000000000e+09,-1.675646199393699831e+01,-9.263209455825088812e-02
1.661764000000000000e+09,-1.674324554214268801e+01,-9.291746378921711402e-02
1.668763000000000000e+09,-1.673030894907642718e+01,-9.319765087156756111e-02
1.675762000000000000e+09,-1.671765142585858044e+01,-9.347262028114664001e-02
1.682761000000000000e+09,-1.670527220568802917e+01,-9.374233708236202889e-02
1.689760000000000000e+09,-1.669317054364222486e+01,-9.400676693240606063e-02
1.696759000000000000e+09,-1.668134571648321085e+01,-9.426587608542986996e-02
1.703758000000000000e+09,-1.666979702247038375e+01,-9.451963139665697788e-02
1.710757000000000000e+09,-1.665852378117961408e+01,-9.476800032643845073e-02
1.717756000000000000e+09,-1.664752533332806195e+01,-9.501095094425966725e-02
1.724755000000000000e+09,-1.663680104060545872e+01,-9.524845193268403898e-02
1.731754000000000000e+09,-1.662635028551120797e+01,-9.548047259124171904e-02
1.738753000000000000e+09,-1.661617247119706064e+01,-9.570698284026492308e-02
1.745752000000000000e+09,-1.660626702131597909e+01,-9.592795322466018959e-02
1.752751000000000000e+09,-1.659663337987635856e+01,-9.614335491762880659e-02
1.759750000000000000e+09,-1.658727101110205737e+01,-9.635315972432023646e-02
1.766749000000000000e+09,-1.657817939929736895e+01,-9.655734008544400448e-02
1.773748000000000000e+09,-1.656935804871844908e+01,-9.675586908079961135e-02
1.780747000000000000e+09,-1.656080648344882178e+01,-9.694872043277266704e-02
1.787746000000000000e+09,-1.655252424728102056e+01,-9.713586850975361453e-02
1.794745000000000000e+09,-1.654451090360337773e+01,-9.731728832950178876e-02
1.801744000000000000e+09,-1.653676603529140010e+01,-9.749295556245650418e-02
1.808743000000000000e+09,-1.652928924460454851e+01,-9.766284653498311097e-02
1.815742000000000000e+09,-1.652208015308838540e+01,-9.782693823255250720e-02
1.822741000000000000e+09,-1.651513840148085421e+01,-9.798520830287484051e-02
1.829740000000000000e+09,-1.650846364962425028e+01,-9.813763505895743700e-02
1.836739000000000000e+09,-1.650205557638141940e+01,-9.828419748211499052e-02
1.843738000000000000e+09,-1.649591387955723576e+01,-9.842487522490568630e-02
1.850737000000000000e+09,-1.649003827582436443e+01,-9.855964861401828037e-02
1.857736000000000000e+09,-1.648442850065426768e+01,-9.868849865308503000e-02
1.864735000000000000e+09,-1.647908430825230042e+01,-9.881140702544427556e-02
1.871734000000000000e+09,-1.647400547149800332e+01,-9.892835609682974762e-02
1.878733000000000000e+09,-1.646919178188944244e+01,-9.903932891800555638e-02
1.885732000000000000e+09,-1.646464304949241253e+01,-9.914430922733809270e-02
1.892731000000000000e+09,-1.646035910289442583e+01,-9.924328145329229522e-02
1.899730000000000000e+09,-1.645633978916259110e+01,-9.933623071688210682e-02
1.906729000000000000e+09,-1.645258497380626750e+01,-9.942314283404998787e-02
1.913728000000000000e+09,-1.644909454074461408e+01,-9.950400431797122580e-02
1.920727000000000000e+09,-1.644586839227768138e+01,-9.957880238131636141e-02
1.927726000000000000e+09,-1.644290644906262600e+01,-9.964752493843057057e-02
1.934725000000000000e+09,-1.644020865009420262e+01,-9.971016060745420406e-02
1.941724000000000000e+09,-1.643777495268961175e+01,-9.976669871237697773e-02
1.948723000000000000e+09,-1.643560533247719135e+01,-9.981712928503894133e-02
1.955722000000000000e+09,-1.643369978339075743e+01,-9.986144306703853557e-02
1.962721000000000000e+09,-1.643205831766688618e+01,-9.989963151160710653e-02
1.969720000000000000e+09,-1.643068096584750393e+01,-9.993168678539381122e-02
1.976719000000000000e+09,-1.642956777678666569e+01,-9.995760177019197279e-02
1.983718000000000000e+09,-1.642871881766131281e+01,-9.997737006460294396e-02
1.990717000000000000e+09,-1.642813417398690845e+01,-9.999098598562634888e-02
1.997716000000000000e+09,-1.642781394963726171e+01,-9.999844457018530752e-02
2.004715000000000000e+09,-1.642775826686857243e+01,-9.999974157658741980e-02
2.011714000000000000e+09,-1.642796726634813709e+01,-9.999487348591470925e-02
2.018713000000000000e+09,-1.642844110718734996e+01,-9.998383750334477460e-02
2.025712000000000000e+09,-1.642917996697915228e+01,-9.996663155940732626e-02
2.032711000000000000e+09,-1.643018404183986192e+01,-9.994325431117280500e-02
2.039710000000000000e+09,-1.643145354645582046e+01,-9.991370514336112008e-02
2.046709000000000000e+09,-1.643298871413386664e+01,-9.987798416940250890e-02
2.053708000000000000e+09,-1.643478979685723829e+01,-9.983609223240494379e-02
2.060707000000000000e+09,-1.643685706534501278e+01,-9.978803090607384074e-02
2.067706000000000000e+09,-1.643919080911697606e+01,-9.973380249554866794e-02
2.074705000000000000e+09,-1.644179133656275482e+01,-9.967341003817060952e-02
2.081704000000000000e+09,-1.644465897501551410e+01,-9.960685730418765427e-02
2.088703000000000000e+09,-1.644779407083065692e+01,-9.953414879737976229e-02
2.095702000000000000e+09,-1.645119698946895426e+01,-9.945528975562069329e-02
2.102701000000000000e+09,-1.645486811558456708e+01,-9.937028615136581089e-02
2.109700000000000000e+09,-1.645880785311802086e+01,-9.927914469206759740e-02
2.116699000000000000e+09,-1.646301662539391231e+01,-9.918187282052112752e-02
2.123698000000000000e+09,-1.646749487522339450e+01,-9.907847871514328941e-02
2.130697000000000000e+09,-1.647224306501244939e+01,-9.896897129016042627e-02
2.137696000000000000e+09,-1.647726167687381604e+01,-9.885336019575709232e-02
2.144695000000000000e+09,-1.648255121274543811e+01,-9.873165581811665925e-02
2.151694000000000000e+09,-1.648811219451323495e+01,-9.860386927941638957e-02
2.158693000000000000e+09,-1.649394516413936884e+01,-9.847001243773287338e-02
2.165692000000000000e+09,-1.650005068379597617e+01,-9.833009788688348851e-02
2.172691000000000000e+09,-1.650642933600387963e+01,-9.818413895619201859e-02
2.179690000000000000e+09,-1.651308172377735772e+01,-9.803214971017563950e-02
2.186689000000000000e+09,-1.652000847077389167e+01,-9.787414494816901178e-02
2.193688000000000000e+09,-1.652721022144990926e+01,-9.771014020386278864e-02
2.200687000000000000e+09,-1.653468764122223433e+01,-9.754015174477373429e-02
2.207686000000000000e+09,-1.654244141663507506e+01,-9.736419657164098462e-02
2.214685000000000000e+09,-1.655047225553343893e+01,-9.718229241774316296e-02
2.221684000000000000e+09,-1.655878088724184494e+01,-9.699445774814788312e-02
2.228683000000000000e+09,-1.656736806274996354e+01,-9.680071175887526580e-02
2.235682000000000000e+09,-1.657623455490407238e+01,-9.660107437599305125e-02
2.242681000000000000e+09,-1.658538115860447704e+01,-9.639556625464146267e-02
2.249680000000000000e+09,-1.659480869101028588e+01,-9.618420877796740598e-02
2.256679000000000000e+09,-1.660451799175007892e+01,-9.596702405599452645e-02
2.263678000000000000e+09,-1.661450992313941555e+01,-9.574403492441330155e-02
2.270677000000000000e+09,-1.662478537040552951e+01,-9.551526494329079520e-02
2.277676000000000000e+09,-1.663534524191824104e+01,-9.528073839571524206e-02
2.284675000000000000e+09,-1.664619046942909009e+01,-9.504048028634470846e-02
2.291674000000000000e+09,-1.665732200831662269e+01,-9.479451633989875725e-02
2.298673000000000000e+09,-1.666874083783979898e+01,-9.454287299955829726e-02
2.305672000000000000e+09,-1.668044796139882635e+01,-9.428557742529200536e-02
2.312671000000000000e+09,-1.669244440680343544e+01,-9.402265749211062562e-02
2.319670000000000000e+09,-1.670473122654947318e+01,-9.375414178823456013e-02
2.326669000000000000e+09,-1.671730949810330458e+01,-9.348005961318751889e-02
2.333668000000000000e+09,-1.673018032419474821e+01,-9.320044097580847120e-02
2.340667000000000000e+09,-1.674334483311766775e+01,-9.291531659219801065e-02
2.347666000000000000e+09,-1.675680417904058572e+01,-9.262471788356251012e-02
2.354665000000000000e+09,-1.677055954232476864e+01,-9.232867697400086449e-02
2.361664000000000000e+09,-1.678461212985222417e+01,-9.202722668819904306e-02
2.368663000000000000e+09,-1.679896317536235273e+01,-9.172040054905672424e-02
2.375662000000000000e+09,-1.681361393979874208e+01,-9.140823277521926971e-02
2.382661000000000000e+09,-1.682856571166505333e+01,-9.109075827854462570e-02
2.389660000000000000e+09,-1.684381980739139095e+01,-9.076801266148015745e-02
2.396659000000000000e+09,-1.685937757171036466e+01,-9.044003221436572315e-02
2.403658000000000000e+09,-1.687524037804386268e+01,-9.010685391265470245e-02
2.410657000000000000e+09,-1.689140962890069986e+01,-8.976851541405402035e-02
2.417656000000000000e+09,-1.690788675628495952e+01,-8.942505505558123735e-02
2.424655000000000000e+09,-1.692467322211566483e+01,-8.907651185055071030e-02
2.431654000000000000e+09,-1.694177051865833761e+01,-8.872292548546280300e-02
2.438653000000000000e+09,-1.695918016896795422e+01,-8.836433631682892587e-02
2.445652000000000000e+09,-1.697690372734421516e+01,-8.800078536790892358e-02
2.452651000000000000e+09,-1.699494277979979628e+01,-8.763231432536029708e-02
2.459650000000000000e+09,-1.701329894454069702e+01,-8.725896553581753701e-02
2.466649000000000000e+09,-1.703197387246044769e+01,-8.688078200238383286e-02
2.473648000000000000e+09,-1.705096924764729494e+01,-8.649780738104417832e-02
2.480647000000000000e+09,-1.707028678790600651e+01,-8.611008597699143507e-02
2.487646000000000000e+09,-1.708992824529318710e+01,-8.571766274088002402e-02
2.494645000000000000e+09,-1.710989540666801290e+01,-8.532058326498978551e-02
2.501644000000000000e+09,-1.713019009425791950e+01,-8.491889377930829375e-02
2.508643000000000000e+09,-1.715081416623932142e+01,-8.451264114754213075e-02
2.515642000000000000e+09,-1.717176951733533130e+01,-8.410187286302847620e-02
2.522641000000000000e+09,-1.719305807942920339e+01,-8.368663704457908470e-02
2.529640000000000000e+09,-1.721468182219491894e+01,-8.326698243223840112e-02
2.536639000000000000e+09,-1.723664275374541432e+01,-8.284295838295405168e-02
2.543638000000000000e+09,-1.725894292129866159e+01,-8.241461486617268628e-02
2.550637000000000000e+09,-1.728158441186199568e+01,-8.198200245935333141e-02
2.557636000000000000e+09,-1.730456935293637954e+01,-8.154517234338605480e-02
2.564635000000000000e+09,-1.732789991323915757e+01,-8.110417629794709760e-02
2.571634000000000000e+09,-1.735157830344756746e+01,-8.065906669676355112e-02
2.578633000000000000e+09,-1.737560677696387401e+01,-8.020989650278378957e-02
2.585632000000000000e+09,-1.739998763070043708e+01,-7.975671926328986583e-02
2.592631000000000000e+09,-1.742472320588836965e+01,-7.929958910490644830e-02
2.599630000000000000e+09,-1.744981588890819779e+01,-7.883856072853956398e-02
2.606629000000000000e+09,-1.747526811214479991e+01,-7.837368940422562158e-02
2.613628000000000000e+09,-1.750108235486577257e+01,-7.790503096590686849e-02
2.620627000000000000e+09,-1.752726114412583769e+01,-7.743264180611687808e-02
2.627626000000000000e+09,-1.755380705569656286e+01,-7.695657887058852953e-02
2.634625000000000000e+09,-1.758072271502331319e+01,-7.647689965277550128e-02
2.641624000000000000e+09,-1.760801079820908299e+01,-7.599366218829983755e-02
2.648623000000000000e+09,-1.763567403302777947e+01,-7.550692504930914262e-02
2.655622000000000000e+09,-1.766371519996630823e+01,-7.501674733875760004e-02
2.662621000000000000e+09,-1.769213713329718729e+01,-7.452318868460580670e-02
2.669620000000000000e+09,-1.772094272218328115e+01,-7.402630923392908291e-02
2.676619000000000000e+09,-1.775013491181369574e+01,-7.352616964696659374e-02
2.683618000000000000e+09,-1.777971670457502995e+01,-7.302283109105982273e-02
2.690617000000000000e+09,-1.780969116125586638e+01,-7.251635523453618670e-02
2.697616000000000000e+09,-1.784006140228817117e+01,-7.200680424049596406e-02
2.704615000000000000e+09,-1.787083060902532239e+01,-7.149424076052833532e-02
2.711614000000000000e+09,-1.790200202505917204e+01,-7.097872792833599676e-02
2.718613000000000000e+09,-1.793357895757637621e+01,-7.046032935329209212e-02
2.725612000000000000e+09,-1.796556477875643054e+01,-6.993910911390530116e-02
2.732611000000000000e+09,-1.799796292721205049e+01,-6.941513175121559465e-02
2.739610000000000000e+09,-1.803077690947389655e+01,-6.888846226210249002e-02
2.746609000000000000e+09,-1.806401030152123255e+01,-6.835916609251854736e-02
2.753608000000000000e+09,-1.809766675035984562e+01,-6.782730913064061173e-02
2.760607000000000000e+09,-1.813174997564900792e+01,-6.729295769994662890e-02
2.767606000000000000e+09,-1.816626377138014092e+01,-6.675617855220584984e-02
2.774605000000000000e+09,-1.820121200760705804e+01,-6.621703886040264386e-02
2.781604000000000000e+09,-1.823659863223233302e+01,-6.567560621157228495e-02
2.788603000000000000e+09,-1.827242767284967329e+01,-6.513194859956188132e-02
2.795602000000000000e+09,-1.830870323864548865e+01,-6.458613441771823838e-02
2.802601000000000000e+09,-1.834542952236182600e+01,-6.403823245149346810e-02
2.809600000000000000e+09,-1.838261080232256361e+01,-6.348831187097794815e-02
2.816599000000000000e+09,-1.842025144452599150e+01,-6.293644222335140204e-02
2.823598000000000000e+09,-1.845835590480522725e+01,-6.238269342526934352e-02
2.830597000000000000e+09,-1.849692873106069868e+01,-6.182713575515933618e-02
2.837596000000000000e+09,-1.853597456556563472e+01,-6.126983984545786993e-02
2.844595000000000000e+09,-1.857549814734914406e+01,-6.071087667476025157e-02
2.851594000000000000e+09,-1.861550431465889233e+01,-6.015031755990268153e-02
2.858593000000000000e+09,-1.865599800750665693e+01,-5.958823414797236734e-02
2.865592000000000000e+09,-1.869698427030086663e+01,-5.902469840823831859e-02
2.872591000000000000e+09,-1.873846825456857346e+01,-5.845978262401554243e-02
2.879590000000000000e+09,-1.878045522177108850e+01,-5.789355938445500671e-02
2.886589000000000000e+09,-1.882295054621733854e+01,-5.732610157626046032e-02
2.893588000000000000e+09,-1.886595971807805228e+01,-5.675748237534015278e-02
2.900587000000000000e+09,-1.890948834650611232e+01,-5.618777523838185128e-02
2.907586000000000000e+09,-1.895354216286698446e+01,-5.561705389436001623e-02
2.914585000000000000e+09,-1.899812702408367571e+01,-5.504539233597441350e-02
2.921584000000000000e+09,-1.904324891610085402e+01,-5.447286481102499300e-02
2.928583000000000000e+09,-1.908891395747484410e+01,-5.389954581370688669e-02
2.935582000000000000e+09,-1.913512840309222796e+01,-5.332551007585257380e-02
2.942581000000000000e+09,-1.918189864802558731e+01,-5.275083255809537297e-02
2.949580000000000000e+09,-1.922923123152998670e+01,-5.217558844097355819e-02
2.956579000000000000e+09,-1.927713284118711812e+01,-5.159985311597352353e-02
2.963578000000000000e+09,-1.932561031720539546e+01,-5.102370217649251222e-02
2.970577000000000000e+09,-1.937467065687917867e+01,-5.044721140876179399e-02
2.977576000000000000e+09,-1.942432101921943044e+01,-4.987045678267713888e-02
2.984575000000000000e+09,-1.947456872975745412e+01,-4.929351444259966186e-02
2.991574000000000000e+09,-1.952542128553593059e+01,-4.871646069806886969e-02
2.998573000000000000e+09,-1.957688636029121199e+01,-4.813937201446606001e-02
3.005572000000000000e+09,-1.962897180983708978e+01,-4.756232500362680971e-02
3.012571000000000000e+09,-1.968168567766191046e+01,-4.698539641437009945e-02
3.019570000000000000e+09,-1.973503620074463427e+01,-4.640866312299515850e-02
3.026569000000000000e+09,-1.978903181560358959e+01,-4.583220212371144631e-02
3.033568000000000000e+09,-1.984368116458880849e+01,-4.525609051900364443e-02
3.040567000000000000e+09,-1.989899310242836350e+01,-4.468040550995214244e-02
3.047566000000000000e+09,-1.995497670304077076e+01,-4.410522438650420207e-02
3.054565000000000000e+09,-2.001164126663002918e+01,-4.353062451767159002e-02
3.061564000000000000e+09,-2.006899632707252223e+01,-4.295668334169450153e-02
3.068563000000000000e+09,-2.012705165961349252e+01,-4.238347835614857118e-02
3.075562000000000000e+09,-2.018581728888817040e+01,-4.181108710799779499e-02
3.082561000000000000e+09,-2.024530349728326684e+01,-4.123958718360133668e-02
3.089560000000000000e+09,-2.030552083365702742e+01,-4.066905619867020039e-02
3.096559000000000000e+09,-2.036648012243587402e+01,-4.009957178817956380e-02
3.103558000000000000e+09,-2.042819247310758612e+01,-3.953121159623325387e-02
3.110557000000000000e+09,-2.049066929013199001e+01,-3.896405326588073953e-02
3.117556000000000000e+09,-2.055392228329105819e+01,-3.839817442889408017e-02
3.124555000000000000e+09,-2.061796347850198075e+01,-3.783365269549847365e-02
3.131554000000000000e+09,-2.068280522911770802e+01,-3.727056564406835970e-02
3.138553000000000000e+09,-2.074846022774388388e+01,-3.670899081076758885e-02
3.145552000000000000e+09,-2.081494151859641306e+01,-3.614900567917046087e-02
3.152551000000000000e+09,-2.088226251043406023e+01,-3.559068766982877163e-02
3.159550000000000000e+09,-2.095043699009567462e+01,-3.503411412980612233e-02
3.166549000000000000e+09,-2.101947913667623169e+01,-3.447936232218525021e-02
3.173548000000000000e+09,-2.108940353637997589e+01,-3.392650941552796673e-02
3.180547000000000000e+09,-2.116022519808871039e+01,-3.337563247330712496e-02
3.187546000000000000e+09,-2.123195956968579523e+01,-3.282680844331039433e-02
3.194545000000000000e+09,-2.130462255518141745e+01,-3.228011414701303233e-02
3.201544000000000000e+09,-2.137823053268843054e+01,-3.173562626891266586e-02
3.208543000000000000e+09,-2.145280037329546730e+01,-3.119342134584933771e-02
3.215542000000000000e+09,-2.152834946089613055e+01,-3.065357575628745168e-02
3.222541000000000000e+09,-2.160489571303038403e+01,-3.011616570957985697e-02
3.229540000000000000e+09,-2.168245760279992496e+01,-2.958126723521012011e-02
3.236539000000000000e+09,-2.176105418192882723e+01,-2.904895617200221186e-02
3.243538000000000000e+09,-2.184070510503603657e+01,-2.851930815732075380e-02
3.250537000000000000e+09,-2.192143065520222933e+01,-2.799239861624425868e-02
3.257536000000000000e+09,-2.200325177090962114e+01,-2.746830275073060615e-02
3.264535000000000000e+09,-2.208619007445140525e+01,-2.694709552874565914e-02
3.271534000000000000e+09,-2.217026790189733987e+01,-2.642885167340700003e-02
3.278533000000000000e+09,-2.225550833473068835e+01,-2.591364565208376103e-02
3.285532000000000000e+09,-2.234193523325961195e+01,-2.540155166550945448e-02
3.292531000000000000e+09,-2.242957327193069972e+01,-2.489264363686595483e-02
3.299530000000000000e+09,-2.251844797667079945e+01,-2.438699520087442285e-02
3.306529000000000000e+09,-2.260858576440366008e+01,-2.388467969286388673e-02
3.313528000000000000e+09,-2.270001398488918198e+01,-2.338577013784923220e-02
3.320527000000000000e+09,-2.279276096505679305e+01,-2.289033923959624128e-02
3.327526000000000000e+09,-2.288685605600981532e+01,-2.239845936968119094e-02
3.334525000000000000e+09,-2.298232968289617162e+01,-2.191020255656416296e-02
3.341524000000000000e+09,-2.307921339786019388e+01,-2.142564047464787930e-02
3.348523000000000000e+09,-2.317753993630424247e+01,-2.094484443334888521e-02
3.355522000000000000e+09,-2.327734327671255343e+01,-2.046788536616931872e-02
3.362521000000000000e+09,-2.337865870431206972e+01,-1.999483381977482446e-02
3.369520000000000000e+09,-2.348152287886683354e+01,-1.952575994308230339e-02
3.376519000000000000e+09,-2.358597390693425666e+01,-1.906073347635918458e-02
3.383518000000000000e+09,-2.369205141894211408e+01,-1.859982374032436575e-02
3.390517000000000000e+09,-2.379979665147098444e+01,-1.814309962527470288e-02
3.397516000000000000e+09,-2.390925253517693605e+01,-1.769062958021851845e-02
3.404515000000000000e+09,-2.402046378882123889e+01,-1.724248160202457997e-02
3.411514000000000000e+09,-2.413347701992046979e+01,-1.679872322459973963e-02
3.418513000000000000e+09,-2.424834083259138495e+01,-1.635942150807391526e-02
3.425512000000000000e+09,-2.436510594321099887e+01,-1.592464302801323284e-02
3.432511000000000000e+09,-2.448382530458006912e+01,-1.549445386466121594e-02
3.439510000000000000e+09,-2.460455423936073771e+01,-1.506891959219220853e-02
3.446509000000000000e+09,-2.472735058361697824e+01,-1.464810526801161444e-02
3.453508000000000000e+09,-2.485227484140524012e+01,-1.423207542206692336e-02
3.460507000000000000e+09,-2.497939035144281306e+01,-1.382089404619918013e-02
3.467506000000000000e+09,-2.510876346700313633e+01,-1.341462458352981994e-02
3.474505000000000000e+09,-2.524046375032716583e+01,-1.301332991787292580e-02
3.481504000000000000e+09,-2.537456418296646277e+01,-1.261707236319581198e-02
3.488503000000000000e+09,-2.551114139366328359e+01,-1.222591365310928685e-02
3.495502000000000000e+09,-2.565027590554247183e+01,-1.183991493040084664e-02
3.502501000000000000e+09,-2.579205240461897120e+01,-1.145913673661145930e-02
3.509500000000000000e+09,-2.593656003185973447e+01,-1.108363900165761085e-02
3.516499000000000000e+09,-2.608389270132818893e+01,-1.071348103349923850e-02
3.523498000000000000e+09,-2.623414944725866604e+01,-1.034872150785134601e-02
3.530497000000000000e+09,-2.638743480326930069e+01,-9.989418457948687560e-03
3.537496000000000000e+09,-2.654385921735484288e+01,-9.635629264369914571e-03
3.544495000000000000e+09,-2.670353950679530541e+01,-9.287410644898734524e-03
3.551494000000000000e+09,-2.686659935766584795e+01,-8.944818644459380172e-03
3.558493000000000000e+09,-2.703316987431083618e+01,-8.607908625093316571e-03
3.565492000000000000e+09,-2.720339018489264404e+01,-8.276735256011566455e-03
3.572491000000000000e+09,-2.737740811003503083e+01,-7.951352503697287077e-03
3.579490000000000000e+09,-2.755538090261524076e+01,-7.631813622067949547e-03
3.586489000000000000e+09,-2.773747606797140008e+01,-7.318171142726684689e-03
3.593488000000000000e+09,-2.792387227528564253e+01,-7.010476865246551351e-03
3.600487000000000000e+09,-2.811476037253365590e+01,-6.708781847556882783e-03
3.607486000000000000e+09,-2.831034451949601305e+01,-6.413136396376382942e-03
3.614485000000000000e+09,-2.851084345567484490e+01,-6.123590057735139522e-03
3.621484000000000000e+09,-2.871649192287714669e+01,-5.840191607564957331e-03
3.628483000000000000e+09,-2.892754226566975717e+01,-5.562989042364473863e-03
3.635482000000000000e+09,-2.914426623706874153e+01,-5.292029569954160434e-03
3.642481000000000000e+09,-2.936695704190598377e+01,-5.027359600295833349e-03
3.649480000000000000e+09,-2.959593165639194012e+01,-4.769024736410123165e-03
3.656479000000000000e+09,-2.983153346995643318e+01,-4.517069765372292746e-03
3.663478000000000000e+09,-3.007413530462541473e+01,-4.271538649390927388e-03
3.670477000000000000e+09,-3.032414287857451285e+01,-4.032474516985589189e-03
3.677476000000000000e+09,-3.058199879467736437e+01,-3.799919654243834148e-03
3.684475000000000000e+09,-3.084818715251757482e+01,-3.573915496176582017e-03
3.691474000000000000e+09,-3.112323890459046538e+01,-3.354502618170577752e-03
3.698473000000000000e+09,-3.140773810563964474e+01,-3.141720727525095045e-03
3.705472000000000000e+09,-3.170232923998185015e+01,-2.935608655103468141e-03
3.712471000000000000e+09,-3.200772585800451253e+01,-2.736204347070204067e-03
3.719470000000000000e+09,-3.232472081291999189e+01,-2.543544856738475749e-03
3.726469000000000000e+09,-3.265419846737075460e+01,-2.357666336516122708e-03
3.733468000000000000e+09,-3.299714934297992386e+01,-2.178604029957599119e-03
3.740467000000000000e+09,-3.335468782411701483e+01,-2.006392263931227205e-03
3.747466000000000000e+09,-3.372807371338134885e+01,-1.841064440882191761e-03
3.754465000000000000e+09,-3.411873869029572148e+01,-1.682653031213181228e-03
3.761464000000000000e+09,-3.452831907565156655e+01,-1.531189565783370315e-03
3.768463000000000000e+09,-3.495869679553691611e+01,-1.386704628511016340e-03
3.775462000000000000e+09,-3.541205113780810620e+01,-1.249227849099651157e-03
3.782461000000000000e+09,-3.589092490385152701e+01,-1.118787895876048903e-03
3.789460000000000000e+09,-3.639831004461566977e+01,-9.954124687589994882e-04
3.796459000000000000e+09,-3.693776010117361608e+01,-8.791282923335658455e-04
3.803458000000000000e+09,-3.751354019389405892e+01,-7.699611090614480197e-04
3.810457000000000000e+09,-3.813083069093310229e+01,-6.679356726146744956e-04
3.817456000000000000e+09,-3.879600939899327017e+01,-5.730757413237150179e-04
3.824455000000000000e+09,-3.951705166222956933e+01,-4.854040717725756110e-04
3.831454000000000000e+09,-4.030411292354676789e+01,-4.049424125069025918e-04
3.838453000000000000e+09,-4.117040371345868266e+01,-3.317114978818864850e-04
3.845452000000000000e+09,-4.213355307202733968e+01,-2.657310420439702009e-04
3.852451000000000000e+09,-4.321782918028519305e+01,-2.070197330432686550e-04
3.859450000000000000e+09,-4.445795820269988496e+01,-1.555952270784334665e-04
3.866449000000000000e+09,-4.590615743175394670e+01,-1.114741428949910163e-04
3.873448000000000000e+09,-4.764629933900195624e+01,-7.467205630225664549e-05
3.880447000000000000e+09,-4.982614558498848822e+01,-4.520349484433194761e-05
3.887446000000000000e+09,-5.274513296696953546e+01,-2.308193260862485594e-05
3.894445000000000000e+09,-5.717672614231357642e+01,-8.319785185234021961e-06
3.901444000000000000e+09,-6.670047002596307095e+01,-9.284047529376864975e-07
3.908443000000000000e+09,-6.674906035647956060e+01,-9.180753388952181657e-07
3.915442000000000000e+09,-5.718810866810569848e+01,-8.298008195029725118e-06
3.922441000000000000e+09,-5.274618585783714764e+01,-2.307633735557349013e-05
3.929440000000000000e+09,-4.982070918160318485e+01,-4.526011531683207583e-05
3.936439000000000000e+09,-4.763565447234029904e+01,-7.485530889209309759e-05
3.943438000000000000e+09,-4.589088708191898291e+01,-1.118667952001098777e-04
3.950437000000000000e+09,-4.443837711145783942e+01,-1.562983578227448772e-04
3.957436000000000000e+09,-4.319412705531637187e+01,-2.081526831104708267e-04
3.964435000000000000e+09,-4.210585355334625746e+01,-2.674313566501168777e-04
3.971434000000000000e+09,-4.113879230519852825e+01,-3.341348598832174013e-04
3.978433000000000000e+09,-4.026865162463354864e+01,-4.082625668922623555e-04
3.985432000000000000e+09,-3.947778723609077645e+01,-4.898127413412955945e-04
3.992431000000000000e+09,-3.875297833541395676e+01,-5.787825335785340202e-04
3.999430000000000000e+09,-3.808406233019613296e+01,-6.751679779077246956e-04
4.006429000000000000e+09,-3.746305877366171444e+01,-7.789639900176069864e-04
4.013428000000000000e+09,-3.688358614318295992e+01,-8.901643645762159340e-04
4.020427000000000000e+09,-3.634046132119210881e+01,-1.008761772987127161e-03
4.027426000000000000e+09,-3.582941712828873193e+01,-1.134747761329829010e-03
4.034425000000000000e+09,-3.534689846826282889e+01,-1.268112748441799480e-03
4.041424000000000000e+09,-3.488991220971082896e+01,-1.408846024192462760e-03
4.048423000000000000e+09,-3.445591465418542754e+01,-1.556935747911441072e-03
4.055422000000000000e+09,-3.404272583426702425e+01,-1.712368946996222028e-03
4.062421000000000000e+09,-3.364846331355295916e+01,-1.875131515682893456e-03
4.069420000000000000e+09,-3.327149039419361287e+01,-2.045208213999300667e-03
4.076419000000000000e+09,-3.291037512575379509e+01,-2.222582666880437013e-03
4.083418000000000000e+09,-3.256385752008701218e+01,-2.407237363459651270e-03
4.090417000000000000e+09,-3.223082307657629997e+01,-2.599153656545412101e-03
4.097416000000000000e+09,-3.191028121413339846e+01,-2.798311762252855828e-03
4.104415000000000000e+09,-3.160134755749979973e+01,-3.004690759829777187e-03
4.111414000000000000e+09,-3.130322927981987391e+01,-3.218268591644386084e-03
4.118413000000000000e+09,-3.101521288969886569e+01,-3.439022063360998652e-03
4.125412000000000000e+09,-3.073665398931914439e+01,-3.666926844287408255e-03
4.132411000000000000e+09,-3.046696863377874109e+01,-3.901957467894072613e-03
4.139410000000000000e+09,-3.020562600032094025e+01,-4.144087332526507489e-03
4.146409000000000000e+09,-2.995214213618427124e+01,-4.393288702283067171e-03
4.153408000000000000e+09,-2.970607460004838529e+01,-4.649532708073732951e-03
4.160407000000000000e+09,-2.946701784805280511e+01,-4.912789348870690020e-03
4.167406000000000000e+09,-2.923459924362223816e+01,-5.183027493117135440e-03
4.174405000000000000e+09,-2.900847559250873076e+01,-5.460214880337928983e-03
4.181404000000000000e+09,-2.878833012225495480e+01,-5.744318122912739875e-03
4.188403000000000000e+09,-2.857386983934753744e+01,-6.035302708047605991e-03
4.195402000000000000e+09,-2.836482320880506691e+01,-6.333132999908487604e-03
4.202401000000000000e+09,-2.816093811008936498e+01,-6.637772241947902802e-03
4.209400000000000000e+09,-2.796198003077699923e+01,-6.949182559417198257e-03
4.216399000000000000e+09,-2.776773046557688218e+01,-7.267324962040576895e-03
4.223398000000000000e+09,-2.757798549327246462e+01,-7.592159346895522090e-03
4.230397000000000000e+09,-2.739255450840355621e+01,-7.923644501453610059e-03
4.237396000000000000e+09,-2.721125908790746450e+01,-8.261738106813779417e-03
4.244395000000000000e+09,-2.703393197585295837e+01,-8.606396741118758908e-03
4.251394000000000000e+09,-2.686041617180418584e+01,-8.957575883145241571e-03
4.258393000000000000e+09,-2.669056411037123411e+01,-9.315229916077817293e-03
4.265392000000000000e+09,-2.652423692121656273e+01,-9.679312131470772448e-03
4.272391000000000000e+09,-2.636130376023508148e+01,-1.004977473338270096e-02
4.279390000000000000e+09,-2.620164120384711737e+01,-1.042656884269675156e-02
4.286389000000000000e+09,-2.604513269938895803e+01,-1.080964450161817601e-02
4.293388000000000000e+09,-2.589166806547974886e+01,-1.119895067835918225e-02
4.300387000000000000e+09,-2.574114303701265172e+01,-1.159443527199403856e-02
4.307386000000000000e+09,-2.559345885006528931e+01,-1.199604511750509625e-02
4.314385000000000000e+09,-2.544852186260833093e+01,-1.240372599099685662e-02
4.321384000000000000e+09,-2.530624320735981314e+01,-1.281742261510268599e-02
4.328383000000000000e+09,-2.516653847358156426e+01,-1.323707866455739457e-02
4.335382000000000000e+09,-2.502932741496025670e+01,-1.366263677195838494e-02
4.342381000000000000e+09,-2.489453368105812103e+01,-1.409403853369537926e-02
4.349380000000000000e+09,-2.476208457007676600e+01,-1.453122451607139973e-02
4.356379000000000000e+09,-2.463191080094910035e+01,-1.497413426158445034e-02
4.363378000000000000e+09,-2.450394630296265319e+01,-1.542270629539639094e-02
4.370377000000000000e+09,-2.437812802132857115e+01,-1.587687813197685011e-02
4.377376000000000000e+09,-2.425439573726407616e+01,-1.633658628191775319e-02
4.384375000000000000e+09,-2.413269190130849751e+01,-1.680176625892953676e-02
4.391374000000000000e+09,-2.401296147872482933e+01,-1.727235258700006784e-02
4.398373000000000000e+09,-2.389515180594491284e+01,-1.774827880774096367e-02
4.405372000000000000e+09,-2.377921245712951048e+01,-1.822947748789937802e-02
4.412371000000000000e+09,-2.366509512000210336e+01,-1.871588022703192522e-02
4.419370000000000000e+09,-2.355275348018484394e+01,-1.920741766537688647e-02
4.426369000000000000e+09,-2.344214311336008905e+01,-1.970401949186327203e-02
4.433368000000000000e+09,-2.333322138462136053e+01,-2.020561445231324957e-02
4.440367000000000000e+09,-2.322594735444937442e+01,-2.071213035780551312e-02
4.447366000000000000e+09,-2.312028169079972884e+01,-2.122349409320292701e-02
4.454365000000000000e+09,-2.301618658682618701e+01,-2.173963162585555026e-02
4.461364000000000000e+09,-2.291362568381852327e+01,-2.226046801445814502e-02
4.468363000000000000e+09,-2.281256399895788434e+01,-2.278592741808010275e-02
4.475362000000000000e+09,-2.271296785753445846e+01,-2.331593310536532460e-02
4.482361000000000000e+09,-2.261480482930555524e+01,-2.385040746387435268e-02
4.489360000000000000e+09,-2.251804366868608298e+01,-2.438927200961288344e-02
4.496359000000000000e+09,-2.242265425850650118e+01,-2.493244739670250412e-02
4.503358000000000000e+09,-2.232860755707902456e+01,-2.547985342722604643e-02
4.510357000000000000e+09,-2.223587554834924163e+01,-2.603140906121224896e-02
4.517356000000000000e+09,-2.214443119491070178e+01,-2.658703242680075449e-02
4.524355000000000000e+09,-2.205424839369700862e+01,-2.714664083054538213e-02
4.531354000000000000e+09,-2.196530193416325361e+01,-2.771015076788313145e-02
4.538353000000000000e+09,-2.187756745879705989e+01,-2.827747793374717905e-02
4.545352000000000000e+09,-2.179102142579935375e+01,-2.884853723334652315e-02
4.552351000000000000e+09,-2.170564107379948382e+01,-2.942324279308372592e-02
4.559350000000000000e+09,-2.162140438846963519e+01,-3.000150797162949579e-02
4.566349000000000000e+09,-2.153829007091884051e+01,-3.058324537114305228e-02
4.573348000000000000e+09,-2.145627750775231490e+01,-3.116836684864923018e-02
4.580347000000000000e+09,-2.137534674269650381e+01,-3.175678352754379707e-02
4.587346000000000000e+09,-2.129547844968721293e+01,-3.234840580926415243e-02
4.594345000000000000e+09,-2.121665390733664225e+01,-3.294314338508617240e-02
4.601344000000000000e+09,-2.113885497469098596e+01,-3.354090524807755436e-02
4.608343000000000000e+09,-2.106206406820590260e+01,-3.414159970518108878e-02
4.615342000000000000e+09,-2.098626413986361428e+01,-3.474513438944461241e-02
4.622341000000000000e+09,-2.091143865636692567e+01,-3.535141627238453516e-02
4.629340000000000000e+09,-2.083757157934691051e+01,-3.596035167648530678e-02
4.636339000000000000e+09,-2.076464734652480715e+01,-3.657184628783899383e-02
4.643338000000000000e+09,-2.069265085377499247e+01,-3.718580516891580034e-02
4.650337000000000000e+09,-2.062156743803802428e+01,-3.780213277146390882e-02
4.657336000000000000e+09,-2.055138286103480993e+01,-3.842073294954183316e-02
4.664335000000000000e+09,-2.048208329373881043e+01,-3.904150897268387349e-02
4.671334000000000000e+09,-2.041365530156422992e+01,-3.966436353918523922e-02
4.678333000000000000e+09,-2.034608583023045014e+01,-4.028919878952089834e-02
4.685332000000000000e+09,-2.027936219226766568e+01,-4.091591631988299171e-02
4.692331000000000000e+09,-2.021347205412869030e+01,-4.154441719583897713e-02
4.699330000000000000e+09,-2.014840342387252292e+01,-4.217460196612850265e-02
4.706329000000000000e+09,-2.008414463939569927e+01,-4.280637067654959049e-02
4.713328000000000000e+09,-2.002068435717507455e+01,-4.343962288399490917e-02
4.720327000000000000e+09,-1.995801154150237267e+01,-4.407425767057892435e-02
4.727326000000000000e+09,-1.989611545418122063e+01,-4.471017365789542453e-02
4.734325000000000000e+09,-1.983498564466503211e+01,-4.534726902138107307e-02
4.741324000000000000e+09,-1.977461194061265815e+01,-4.598544150479424997e-02
4.748323000000000000e+09,-1.971498443884179608e+01,-4.662458843480071780e-02
4.755322000000000000e+09,-1.965609349666055294e+01,-4.726460673566522386e-02
4.762321000000000000e+09,-1.959792972355665341e+01,-4.790539294405823240e-02
4.769320000000000000e+09,-1.954048397322996422e+01,-4.854684322396052298e-02
4.776319000000000000e+09,-1.948374733595003150e+01,-4.918885338166570365e-02
4.783318000000000000e+09,-1.942771113122211091e+01,-4.983131888090057415e-02
4.790317000000000000e+09,-1.937236690074980316e+01,-5.047413485802739602e-02
4.797316000000000000e+09,-1.931770640167783171e+01,-5.111719613735561663e-02
4.804315000000000000e+09,-1.926372160010342327e+01,-5.176039724654171725e-02
4.811314000000000000e+09,-1.921040466484281239e+01,-5.240363243209118088e-02
4.818313000000000000e+09,-1.915774796144181380e+01,-5.304679567494988146e-02
4.825312000000000000e+09,-1.910574404641957358e+01,-5.368978070618335430e-02
4.832311000000000000e+09,-1.905438566173449288e+01,-5.433248102274583491e-02
4.839310000000000000e+09,-1.900366572946163046e+01,-5.497478990334515175e-02
4.846309000000000000e+09,-1.895357734667445015e+01,-5.561660042437927692e-02
4.853308000000000000e+09,-1.890411378051897273e+01,-5.625780547597190179e-02
4.860307000000000000e+09,-1.885526846347478624e+01,-5.689829777807496602e-02
4.867306000000000000e+09,-1.880703498879248059e+01,-5.753796989666454947e-02
4.874305000000000000e+09,-1.875940710610129969e+01,-5.817671426000498719e-02
4.881304000000000000e+09,-1.871237871717914558e+01,-5.881442317499860351e-02
4.888303000000000000e+09,-1.866594387187824466e+01,-5.945098884360382197e-02
4.895302000000000000e+09,-1.862009676420017712e+01,-6.008630337932641119e-02
4.902301000000000000e+09,-1.857483172851290831e+01,-6.072025882379167988e-02
4.909300000000000000e+09,-1.853014323590609891e+01,-6.135274716336958784e-02
4.916299000000000000e+09,-1.848602589067617075e+01,-6.198366034588661394e-02
4.923298000000000000e+09,-1.844247442693889383e+01,-6.261289029738457967e-02
4.930297000000000000e+09,-1.839948370536173172e+01,-6.324032893895767393e-02
4.937296000000000000e+09,-1.835704871001221861e+01,-6.386586820365079686e-02
4.944295000000000000e+09,-1.831516454531901772e+01,-6.448940005340395021e-02
4.951294000000000000e+09,-1.827382643313793764e+01,-6.511081649607927679e-02
4.958293000000000000e+09,-1.823302970992273231e+01,-6.573000960251847158e-02
4.965292000000000000e+09,-1.819276982399331288e+01,-6.634687152367969853e-02
4.972291000000000000e+09,-1.815304233289965197e+01,-6.696129450780954895e-02
4.979290000000000000e+09,-1.811384290087699611e+01,-6.757317091767497952e-02
4.986289000000000000e+09,-1.807516729638871311e+01,-6.818239324784350353e-02
4.993288000000000000e+09,-1.803701138975382534e+01,-6.878885414201144077e-02
5.000287000000000000e+09,-1.799937115085610273e+01,-6.939244641037735362e-02
5.007286000000000000e+09,-1.796224264693147177e+01,-6.999306304705923965e-02
5.014285000000000000e+09,-1.792562204043108665e+01,-7.059059724755260834e-02
5.021284000000000000e+09,-1.788950558695699300e+01,-7.118494242623303603e-02
5.028283000000000000e+09,-1.785388963326791867e+01,-7.177599223389524719e-02
5.035282000000000000e+09,-1.781877061535308115e+01,-7.236364057532750083e-02
5.042281000000000000e+09,-1.778414505657085343e+01,-7.294778162692211465e-02
5.049280000000000000e+09,-1.775000956585050105e+01,-7.352830985432079469e-02
5.056279000000000000e+09,-1.771636083595478794e+01,-7.410512003008773441e-02
5.063278000000000000e+09,-1.768319564180133341e+01,-7.467810725141221795e-02
5.070277000000000000e+09,-1.765051083884000249e+01,-7.524716695784720855e-02
5.077276000000000000e+09,-1.761830336148597098e+01,-7.581219494905835909e-02
5.084275000000000000e+09,-1.758657022160507921e+01,-7.637308740260935480e-02
5.091274000000000000e+09,-1.755530850705017443e+01,-7.692974089176873864e-02
5.098273000000000000e+09,-1.752451538024772759e+01,-7.748205240332513288e-02
5.105272000000000000e+09,-1.749418807683126076e+01,-7.802991935543805713e-02
5.112271000000000000e+09,-1.746432390432194737e+01,-7.857323961548842717e-02
5.119270000000000000e+09,-1.743492024085347225e+01,-7.911191151795712861e-02
5.126269000000000000e+09,-1.740597453394062200e+01,-7.964583388230764283e-02
5.133268000000000000e+09,-1.737748429928974758e+01,-8.017490603088298085e-02
5.140267000000000000e+09,-1.734944711965012587e+01,-8.069902780681301180e-02
5.147266000000000000e+09,-1.732186064370494449e+01,-8.121809959192044515e-02
5.154265000000000000e+09,-1.729472258499999882e+01,-8.173202232464910066e-02
5.161264000000000000e+09,-1.726803072091053437e+01,-8.224069751797542793e-02
5.168263000000000000e+09,-1.724178289164344591e+01,-8.274402727733559670e-02
5.175262000000000000e+09,-1.721597699927473357e+01,-8.324191431854843781e-02
5.182261000000000000e+09,-1.719061100682110066e+01,-8.373426198573258317e-02
5.189260000000000000e+09,-1.716568293734481543e+01,-8.422097426922078856e-02
5.196259000000000000e+09,-1.714119087308997891e+01,-8.470195582347773977e-02
5.203258000000000000e+09,-1.711713295465120765e+01,-8.517711198498999214e-02
5.210257000000000000e+09,-1.709350738017182181e+01,-8.564634879016619351e-02
5.217256000000000000e+09,-1.707031240457221699e+01,-8.610957299321209124e-02
5.224255000000000000e+09,-1.704754633880672543e+01,-8.656669208399948856e-02
5.231254000000000000e+09,-1.702520754914901602e+01,-8.701761430591455071e-02
5.238253000000000000e+09,-1.700329445650465487e+01,-8.746224867368936062e-02
5.245252000000000000e+09,-1.698180553575030061e+01,-8.790050499121947192e-02
5.252251000000000000e+09,-1.696073931509945965e+01,-8.833229386934994543e-02
5.259250000000000000e+09,-1.694009437549336639e+01,-8.875752674364345562e-02
5.266249000000000000e+09,-1.691986935001657955e+01,-8.917611589212728895e-02
5.273248000000000000e+09,-1.690006292333753635e+01,-8.958797445300378803e-02
5.280247000000000000e+09,-1.688067383117227038e+01,-8.999301644233652364e-02
5.287246000000000000e+09,-1.686170085977175859e+01,-9.039115677170563024e-02
5.294245000000000000e+09,-1.684314284543200557e+01,-9.078231126582499144e-02
5.301244000000000000e+09,-1.682499867402633598e+01,-9.116639668013015729e-02
5.308243000000000000e+09,-1.680726728055983088e+01,-9.154333071832222724e-02
5.315242000000000000e+09,-1.678994764874464352e+01,-9.191303204988114650e-02
5.322241000000000000e+09,-1.677303881059732760e+01,-9.227542032752286683e-02
5.329240000000000000e+09,-1.675653984605583702e+01,-9.263041620462789116e-02
5.336239000000000000e+09,-1.674044988261747591e+01,-9.297794135261697179e-02
5.343238000000000000e+09,-1.672476809499677941e+01,-9.331791847827571040e-02
5.350237000000000000e+09,-1.670949370480279228e+01,-9.365027134103279249e-02
5.357236000000000000e+09,-1.669462598023572752e+01,-9.397492477019238344e-02
5.364235000000000000e+09,-1.668016423580308683e+01,-9.429180468209695520e-02
5.371234000000000000e+09,-1.666610783205400281e+01,-9.460083809724935400e-02
5.378233000000000000e+09,-1.665245617533284417e+01,-9.490195315736123238e-02
5.385232000000000000e+09,-1.663920871755025033e+01,-9.519507914235557366e-02
5.392231000000000000e+09,-1.662636495597289965e+01,-9.548014648729800935e-02
5.399230000000000000e+09,-1.661392443303139643e+01,-9.575708679925577782e-02
5.406229000000000000e+09,-1.660188673614475618e+01,-9.602583287410926260e-02
5.413228000000000000e+09,-1.659025149756390860e+01,-9.628631871326953640e-02
5.420227000000000000e+09,-1.657901839423133694e+01,-9.653847954034128209e-02
5.427226000000000000e+09,-1.656818714765876521e+01,-9.678225181770404306e-02
5.434225000000000000e+09,-1.655775752382147914e+01,-9.701757326301796436e-02
5.441224000000000000e+09,-1.654772933306989913e+01,-9.724438286565056933e-02
5.448223000000000000e+09,-1.653810243005806058e+01,-9.746262090301972825e-02
5.455222000000000000e+09,-1.652887671368903710e+01,-9.767222895685354067e-02
5.462221000000000000e+09,-1.652005212707653570e+01,-9.787314992936904656e-02
5.469220000000000000e+09,-1.651162865752422348e+01,-9.806532805935068431e-02
5.476219000000000000e+09,-1.650360633652049458e+01,-9.824870893815337847e-02
5.483218000000000000e+09,-1.649598523975128472e+01,-9.842323952558933164e-02
5.490217000000000000e+09,-1.648876548712800627e+01,-9.858886816574696788e-02
5.497216000000000000e+09,-1.648194724283364465e+01,-9.874554460267867539e-02
5.504215000000000000e+09,-1.647553071538405334e+01,-9.889321999601922986e-02
5.511214000000000000e+09,-1.646951615770707633e+01,-9.903184693647494596e-02
5.518213000000000000e+09,-1.646390386723789589e+01,-9.916137946121583724e-02
5.525212000000000000e+09,-1.645869418603119527e+01,-9.928177306916061151e-02
5.532211000000000000e+09,-1.645388750089015772e+01,-9.939298473614502361e-02
5.539210000000000000e+09,-1.644948424351247596e+01,-9.949497292997874776e-02
5.546209000000000000e+09,-1.644548489065357444e+01,-9.958769762537875159e-02
5.553208000000000000e+09,-1.644188996430669647e+01,-9.967112031878805345e-02
5.560207000000000000e+09,-1.643870003190049545e+01,-9.974520404306763677e-02
5.567206000000000000e+09,-1.643591570651387812e+01,-9.980991338206597618e-02
5.574205000000000000e+09,-1.643353764710886722e+01,-9.986521448505090992e-02
5.581204000000000000e+09,-1.643156655878043537e+01,-9.991107508102449464e-02
5.588203000000000000e+09,-1.643000319302550949e+01,-9.994746449288098578e-02
5.595202000000000000e+09,-1.642884834802898553e+01,-9.997435365144748121e-02
5.602201000000000000e+09,-1.642810286896865080e+01,-9.999171510937536478e-02
5.609200000000000000e+09,-1.642776764833902448e+01,-9.999952305488139792e-02
5.616199000000000000e+09,-1.642784362629361539e+01,-9.999775332535111583e-02
5.623198000000000000e+09,-1.642833179100657048e+01,-9.998638342078612629e-02
5.630197000000000000e+09,-1.642923317905368208e+01,-9.996539251710293006e-02
5.637196000000000000e+09,-1.643054887581370593e+01,-9.993476147926119713e-02
5.644195000000000000e+09,-1.643228001588872189e+01,-9.989447287425501365e-02
5.651194000000000000e+09,-1.643442778354604172e+01,-9.984451098391658452e-02
5.658193000000000000e+09,-1.643699341318038165e+01,-9.978486181756805740e-02
5.665192000000000000e+09,-1.643997818979731207e+01,-9.971551312449687676e-02
5.672191000000000000e+09,-1.644338344951840369e+01,-9.963645440626091310e-02
5.679190000000000000e+09,-1.644721058010833659e+01,-9.954767692881519303e-02
5.686189000000000000e+09,-1.645146102152477852e+01,-9.944917373445141817e-02
5.693188000000000000e+09,-1.645613626649098293e+01,-9.934093965356310951e-02
5.700187000000000000e+09,-1.646123786109165366e+01,-9.922297131622184740e-02
5.707186000000000000e+09,-1.646676740539366790e+01,-9.909526716354946640e-02
5.714185000000000000e+09,-1.647272655409036801e+01,-9.895782745891130994e-02
5.721184000000000000e+09,-1.647911701717142208e+01,-9.881065429890303897e-02
5.728183000000000000e+09,-1.648594056061883606e+01,-9.865375162412690080e-02
5.735182000000000000e+09,-1.649319900712855969e+01,-9.848712522977642880e-02
5.742181000000000000e+09,-1.650089423685938073e+01,-9.831078277600260873e-02
5.749180000000000000e+09,-1.650902818821006335e+01,-9.812473379806163631e-02
5.756179000000000000e+09,-1.651760285862414435e+01,-9.792898971625083049e-02
5.763178000000000000e+09,-1.652662030542445848e+01,-9.772356384561972642e-02
5.770177000000000000e+09,-1.653608264667730765e+01,-9.750847140545644554e-02
5.777176000000000000e+09,-1.654599206208789042e+01,-9.728372952853474309e-02
5.784175000000000000e+09,-1.655635079392671116e+01,-9.704935727014252222e-02
5.791174000000000000e+09,-1.656716114798932793e+01,-9.680537561685166603e-02
5.798173000000000000e+09,-1.657842549458895576e+01,-9.655180749506254989e-02
5.805172000000000000e+09,-1.659014626958394345e+01,-9.628867777928858118e-02
5.812171000000000000e+09,-1.660232597544064248e+01,-9.601601330019320091e-02
5.819170000000000000e+09,-1.661496718233293279e+01,-9.573384285236993807e-02
5.826169000000000000e+09,-1.662807252927899526e+01,-9.544219720186725153e-02
5.833168000000000000e+09,-1.664164472531781058e+01,-9.514110909343401201e-02
5.840167000000000000e+09,-1.665568655072500803e+01,-9.483061325750828663e-02
5.847166000000000000e+09,-1.667020085827012466e+01,-9.451074641692974732e-02
5.854165000000000000e+09,-1.668519057451683096e+01,-9.418154729336863928e-02
5.861164000000000000e+09,-1.670065870116711793e+01,-9.384305661346986627e-02
5.868163000000000000e+09,-1.671660831645090184e+01,-9.349531711471498197e-02
5.875162000000000000e+09,-1.673304257656267424e+01,-9.313837355098623927e-02
5.882161000000000000e+09,-1.674996471714657176e+01,-9.277227269783751284e-02
5.889160000000000000e+09,-1.676737805483232080e+01,-9.239706335745009880e-02
5.896159000000000000e+09,-1.678528598882202161e+01,-9.201279636330098044e-02
5.903158000000000000e+09,-1.680369200253192119e+01,-9.161952458449743042e-02
5.910157000000000000e+09,-1.682259966528905792e+01,-9.121730292980603783e-02
5.917156000000000000e+09,-1.684201263408560223e+01,-9.080618835135875755e-02
5.924155000000000000e+09,-1.686193465539327008e+01,-9.038623984802121591e-02
5.931154000000000000e+09,-1.688236956703888225e+01,-8.995751846844571298e-02
5.938153000000000000e+09,-1.690332130014450840e+01,-8.952008731376803752e-02
5.945152000000000000e+09,-1.692479388113413563e+01,-8.907401153996760690e-02
5.952151000000000000e+09,-1.694679143380847108e+01,-8.861935835988613008e-02
5.959150000000000000e+09,-1.696931818149185389e+01,-8.815619704488367181e-02
5.966149000000000000e+09,-1.699237844925337626e+01,-8.768459892613289508e-02
5.973148000000000000e+09,-1.701597666620412141e+01,-8.720463739556372218e-02
5.980147000000000000e+09,-1.704011736787539277e+01,-8.671638790642025030e-02
5.987146000000000000e+09,-1.706480519867903212e+01,-8.621992797345684467e-02
5.994145000000000000e+09,-1.709004491445468688e+01,-8.571533717274215647e-02
6.001144000000000000e+09,-1.711584138510622211e+01,-8.520269714108436032e-02
6.008143000000000000e+09,-1.714219959733143739e+01,-8.468209157506489948e-02
6.015142000000000000e+09,-1.716912465744882965e+01,-8.415360622966971960e-02
6.022141000000000000e+09,-1.719662179432539162e+01,-8.361732891651729727e-02
6.029140000000000000e+09,-1.722469636240839108e+01,-8.307334950169256715e-02
6.036139000000000000e+09,-1.725335384486812629e+01,-8.252175990313857790e-02
6.043138000000000000e+09,-1.728259985685243549e+01,-8.196265408766278959e-02
6.050137000000000000e+09,-1.731244014886116034e+01,-8.139612806749242646e-02
6.057136000000000000e+09,-1.734288061024375693e+01,-8.082227989640637655e-02
6.064135000000000000e+09,-1.737392727282541571e+01,-8.024120966543284161e-02
6.071134000000000000e+09,-1.740558631466729977e+01,-7.965301949810833781e-02
6.078133000000000000e+09,-1.743786406396762345e+01,-7.905781354527309512e-02
6.085132000000000000e+09,-1.747076700310789121e+01,-7.845569797943127699e-02
6.092131000000000000e+09,-1.750430177285215194e+01,-7.784678098863921647e-02
6.099130000000000000e+09,-1.753847517670536504e+01,-7.723117276993515801e-02
6.106129000000000000e+09,-1.757329418543838884e+01,-7.660898552229186698e-02
6.113128000000000000e+09,-1.760876594178628096e+01,-7.598033343909768589e-02
6.120127000000000000e+09,-1.764489776532869314e+01,-7.534533270015293660e-02
6.127126000000000000e+09,-1.768169715756046756e+01,-7.470410146317317535e-02
6.134125000000000000e+09,-1.771917180715988493e+01,-7.405675985481223467e-02
6.141124000000000000e+09,-1.775732959546614609e+01,-7.340342996117042718e-02
6.148123000000000000e+09,-1.779617860217410907e+01,-7.274423581779798642e-02
6.155122000000000000e+09,-1.783572711125634669e+01,-7.207930339920386176e-02
6.162121000000000000e+09,-1.787598361712471018e+01,-7.140876060782852530e-02
6.169120000000000000e+09,-1.791695683104208570e+01,-7.073273726250244031e-02
6.176119000000000000e+09,-1.795865568779643340e+01,-7.005136508637148374e-02
6.183118000000000000e+09,-1.800108935264939802e+01,-6.936477769430210438e-02
6.190117000000000000e+09,-1.804426722857455800e+01,-6.867311057972909361e-02
6.197116000000000000e+09,-1.808819896379849368e+01,-6.797650110096477294e-02
6.204115000000000000e+09,-1.813289445965914837e+01,-6.727508846696714229e-02
6.211114000000000000e+09,-1.817836387879993509e+01,-6.656901372253375138e-02
6.218113000000000000e+09,-1.822461765371385667e+01,-6.585841973295274154e-02
6.225112000000000000e+09,-1.827166649565801393e+01,-6.514345116806785629e-02
6.232111000000000000e+09,-1.831952140395552675e+01,-6.442425448579232328e-02
6.239110000000000000e+09,-1.836819367570753769e+01,-6.370097791502402074e-02
6.246109000000000000e+09,-1.841769491593456465e+01,-6.297377143799336163e-02
6.253108000000000000e+09,-1.846803704817175174e+01,-6.224278677201658394e-02
6.260107000000000000e+09,-1.851923232554186427e+01,-6.150817735065172015e-02
6.267106000000000000e+09,-1.857129334233155404e+01,-6.077009830426821635e-02
6.274105000000000000e+09,-1.862423304609909991e+01,-6.002870643999987099e-02
6.281104000000000000e+09,-1.867806475034252145e+01,-5.928416022110021000e-02
6.288103000000000000e+09,-1.873280214776004371e+01,-5.853661974567453408e-02
6.295102000000000000e+09,-1.878845932413439002e+01,-5.778624672480892066e-02
6.302101000000000000e+09,-1.884505077287955643e+01,-5.703320446005969574e-02
6.309100000000000000e+09,-1.890259141028453627e+01,-5.627765782032935482e-02
6.316099000000000000e+09,-1.896109659149723115e+01,-5.551977321810428606e-02
6.323098000000000000e+09,-1.902058212728994135e+01,-5.475971858506269163e-02
6.330097000000000000e+09,-1.908106430165438638e+01,-5.399766334702991999e-02
6.337096000000000000e+09,-1.914255989027363469e+01,-5.323377839830820829e-02
6.344095000000000000e+09,-1.920508617992583211e+01,-5.246823607534430861e-02
6.351094000000000000e+09,-1.926866098887545320e+01,-5.170121012974934760e-02
6.358093000000000000e+09,-1.933330268831299747e+01,-5.093287570066647868e-02
6.365092000000000000e+09,-1.939903022490869233e+01,-5.016340928647147757e-02
6.372091000000000000e+09,-1.946586314454932420e+01,-4.939298871582034622e-02
6.379090000000000000e+09,-1.953382161733473410e+01,-4.862179311802489190e-02
6.386089000000000000e+09,-1.960292646391356897e+01,-4.785000289275805063e-02
6.393088000000000000e+09,-1.967319918324558614e+01,-4.707779967909390961e-02
6.400087000000000000e+09,-1.974466198188506993e+01,-4.630536632386179213e-02
6.407086000000000000e+09,-1.981733780488418262e+01,-4.553288684933606140e-02
6.414085000000000000e+09,-1.989125036842688843e+01,-4.476054642023483826e-02
6.421084000000000000e+09,-1.996642419431060844e+01,-4.398853131003679917e-02
6.428083000000000000e+09,-2.004288464640014311e+01,-4.321702886662497772e-02
6.435082000000000000e+09,-2.012065796919454641e+01,-4.244622747722708034e-02
6.442081000000000000e+09,-2.019977132865192004e+01,-4.167631653267931530e-02
6.449080000000000000e+09,-2.028025285543417411e+01,-4.090748639099888589e-02
6.456079000000000000e+09,-2.036213169074652285e+01,-4.013992834025330303e-02
6.463078000000000000e+09,-2.044543803495743362e+01,-3.937383456076090638e-02
6.470077000000000000e+09,-2.053020319920901215e+01,-3.860939808656809608e-02
6.477076000000000000e+09,-2.061645966023519705e+01,-3.784681276625687096e-02
6.484075000000000000e+09,-2.070424111863427541e+01,-3.708627322304764579e-02
6.491074000000000000e+09,-2.079358256085861001e+01,-3.632797481420213526e-02
6.498073000000000000e+09,-2.088452032520812551e+01,-3.557211358974571996e-02
6.505072000000000000e+09,-2.097709217214560695e+01,-3.481888625047593888e-02
6.512071000000000000e+09,-2.107133735927283880e+01,-3.406849010529590382e-02
6.519070000000000000e+09,-2.116729672134768947e+01,-3.332112302783731689e-02
6.526069000000000000e+09,-2.126501275575091654e+01,-3.257698341240188034e-02
6.533068000000000000e+09,-2.136452971385562449e+01,-3.183627012921004529e-02
6.540067000000000000e+09,-2.146589369879555065e+01,-3.109918247895368873e-02
6.547066000000000000e+09,-2.156915277017641586e+01,-3.036592014666489314e-02
6.554065000000000000e+09,-2.167435705632978937e+01,-2.963668315490490882e-02
6.561064000000000000e+09,-2.178155887477502262e+01,-2.891167181624957824e-02
6.568063000000000000e+09,-2.189081286161130890e+01,-2.819108668512456534e-02
6.575062000000000000e+09,-2.200217611065721357e+01,-2.747512850893159275e-02
6.582061000000000000e+09,-2.211570832322304625e+01,-2.676399817851798923e-02
6.589060000000000000e+09,-2.223147196950868576e+01,-2.605789667797892353e-02
6.596059000000000000e+09,-2.234953246273213878e+01,-2.535702503376716099e-02
6.603058000000000000e+09,-2.246995834720147656e+01,-2.466158426317587721e-02
6.610057000000000000e+09,-2.259282150170491121e+01,-2.397177532212959802e-02
6.617056000000000000e+09,-2.271819735972918508e+01,-2.328779905234480349e-02
6.624055000000000000e+09,-2.284616514821280120e+01,-2.260985612783177057e-02
6.631054000000000000e+09,-2.297680814673592309e+01,-2.193814700074978030e-02
6.638053000000000000e+09,-2.311021396927881000e+01,-2.127287184663925745e-02
6.645052000000000000e+09,-2.324647487095495180e+01,-2.061423050900992870e-02
6.652051000000000000e+09,-2.338568808241841879e+01,-1.996242244331033339e-02
6.659050000000000000e+09,-2.352795617499826619e+01,-1.931764666027985591e-02
6.666049000000000000e+09,-2.367338746001122374e+01,-1.868010166869196742e-02
6.673048000000000000e+09,-2.382209642616509626e+01,-1.804998541749251381e-02
6.680047000000000000e+09,-2.397420421949708924e+01,-1.742749523734744149e-02
6.687046000000000000e+09,-2.412983917091038322e+01,-1.681282778160071364e-02
6.694045000000000000e+09,-2.428913737708684550e+01,-1.620617896665846672e-02
6.701044000000000000e+09,-2.445224334139014388e+01,-1.560774391180677276e-02
6.708043000000000000e+09,-2.461931068235360698e+01,-1.501771687846540672e-02
6.715042000000000000e+09,-2.479050291848421850e+01,-1.443629120890209221e-02
6.722041000000000000e+09,-2.496599433947249125e+01,-1.386365926439594304e-02
6.729040000000000000e+09,-2.514597097546824145e+01,-1.330001236289566485e-02
6.736039000000000000e+09,-2.533063167799441828e+01,-1.274554071613297375e-02
6.743038000000000000e+09,-2.552018932826939945e+01,-1.220043336625887750e-02
6.750037000000000000e+09,-2.571487219141532421e+01,-1.166487812196883786e-02
6.757036000000000000e+09,-2.591492543820020344e+01,-1.113906149415626150e-02
6.764035000000000000e+09,-2.612061285981955550e+01,-1.062316863110075206e-02
6.771034000000000000e+09,-2.633221880587732855e+01,-1.011738325319267752e-02
6.778033000000000000e+09,-2.655005038135019646e+01,-9.621887587226382946e-03
6.785032000000000000e+09,-2.677443994521858528e+01,-9.136862300262456327e-03
6.792031000000000000e+09,-2.700574796187652282e+01,-8.662486433078634210e-03
6.799030000000000000e+09,-2.724436626682535234e+01,-8.198937333225030794e-03
6.806029000000000000e+09,-2.749072182106268514e+01,-7.746390587689577258e-03
6.813028000000000000e+09,-2.774528104461599298e+01,-7.305019955210410171e-03
6.820027000000000000e+09,-2.800855483987712091e+01,-6.874997298221626092e-03
6.827026000000000000e+09,-2.828110444081391961e+01,-6.456492514478614532e-03
6.834025000000000000e+09,-2.856354825657455621e+01,-6.049673468359850238e-03
6.841024000000000000e+09,-2.885656991950467898e+01,-5.654705921864159983e-03
6.848023000000000000e+09,-2.916092780122783523e+01,-5.271753465335890163e-03
6.855022000000000000e+09,-2.947746633038106978e+01,-4.900977447915622065e-03
6.862021000000000000e+09,-2.980712953745905480e+01,-4.542536907755460006e-03
6.869020000000000000e+09,-3.015097737432635938e+01,-4.196588501994453178e-03
6.876019000000000000e+09,-3.051020551968278482e+01,-3.863286436540782319e-03
6.883018000000000000e+09,-3.088616960408857892e+01,-3.542782395651293808e-03
6.890017000000000000e+09,-3.128041509350525828e+01,-3.235225471353927237e-03
6.897016000000000000e+09,-3.169471449548115416e+01,-2.940762092721844936e-03
6.904015000000000000e+09,-3.213111415267124471e+01,-2.659535955011870997e-03
6.911014000000000000e+09,-3.259199375007825950e+01,-2.391687948711653054e-03
6.918013000000000000e+09,-3.308014292060504147e+01,-2.137356088489724640e-03
6.925012000000000000e+09,-3.359886120572858914e+01,-1.896675442093747905e-03
6.932011000000000000e+09,-3.415209047380391638e+01,-1.669778059202620905e-03
6.939010000000000000e+09,-3.474459332665616529e+01,-1.456792900272816304e-03
6.946009000000000000e+09,-3.538219810050588165e+01,-1.257845765373004614e-03
6.953008000000000000e+09,-3.607214271438721909e+01,-1.073059223073314283e-03
6.960007000000000000e+09,-3.682356945693394579e+01,-9.025525393649035848e-04
6.967006000000000000e+09,-3.764825793845503910e+01,-7.464416066780914759e-04
6.974005000000000000e+09,-3.856174857399598466e+01,-6.048388729901220439e-04
6.981004000000000000e+09,-3.958513640498930641e+01,-4.778532710657188961e-04
6.988003000000000000e+09,-4.074808107092013643e+01,-3.655901478542859448e-04
6.995002000000000000e+09,-4.209417983599447410e+01,-2.681511940618346371e-04
7.002001000000000000e+09,-4.369135195326415300e+01,-1.856343739263354299e-04
7.009000000000000000e+09,-4.565415840824849170e+01,-1.181338552329177713e-04
7.015999000000000000e+09,-4.819958297741406739e+01,-6.573993957354220782e-05
7.022998000000000000e+09,-5.182347094677059829e+01,-2.853899290979850246e-05
7.029997000000000000e+09,-5.817361399069455530e+01,-6.613376425188850653e-06
7.036996000000000000e+09,-8.021017545077613420e+01,-4.137774008546526523e-08
7.043995000000000000e+09,-5.688534211133416107e+01,-8.897142470984277716e-06
7.050994000000000000e+09,-5.115986406278060628e+01,-3.325060620830305340e-05
7.057993000000000000e+09,-4.773470187340745241e+01,-7.316742689734691231e-05
7.064992000000000000e+09,-4.528182108394383931e+01,-1.287089176852383482e-04
7.071991000000000000e+09,-4.336912040342204477e+01,-1.999319802446050307e-04
7.078990000000000000e+09,-4.180084700549762289e+01,-2.868890385993600064e-04
7.085989000000000000e+09,-4.047153662866283241e+01,-3.896279735098155412e-04
7.092988000000000000e+09,-3.931781847530911733e+01,-5.081920574030996101e-04
7.099987000000000000e+09,-3.829862278497321881e+01,-6.426198899198029774e-04
7.106986000000000000e+09,-3.738580710021303588e+01,-7.929453340832768628e-04
7.113985000000000000e+09,-3.655924253343189889e+01,-9.591974531251128014e-04
7.120984000000000000e+09,-3.580403341396679906e+01,-1.141400448007201095e-03
7.127983000000000000e+09,-3.510884709687938710e+01,-1.339573595655818225e-03
7.134982000000000000e+09,-3.446486112151593773e+01,-1.553731187953213359e-03
7.141981000000000000e+09,-3.386507264246861126e+01,-1.783882471505305158e-03
7.148980000000000000e+09,-3.330383013137674197e+01,-2.030031588229307560e-03
7.155979000000000000e+09,-3.277650666774323440e+01,-2.292177516776333808e-03
7.162978000000000000e+09,-3.227926636405506855e+01,-2.570314014836961713e-03
7.169977000000000000e+09,-3.180889377692595588e+01,-2.864429562348015310e-03
7.176976000000000000e+09,-3.136266696123232478e+01,-3.174507305645034479e-03
7.183975000000000000e+09,-3.093826141837260124e+01,-3.500525002578054514e-03
7.190974000000000000e+09,-3.053367633364173628e+01,-3.842454968633602502e-03
7.197973000000000000e+09,-3.014717717034359978e+01,-4.200264024091517404e-03
7.204972000000000000e+09,-2.977725045238112855e+01,-4.573913442243478580e-03
7.211971000000000000e+09,-2.942256775598407259e+01,-4.963358898713820556e-03
7.218970000000000000e+09,-2.908195674771964079e+01,-5.368550421914756315e-03
7.225969000000000000e+09,-2.875437767632481467e+01,-5.789432344655780216e-03
7.232968000000000000e+09,-2.843890413055498101e+01,-6.225943256957161553e-03
7.239967000000000000e+09,-2.813470716653518977e+01,-6.678015960086785066e-03
7.246966000000000000e+09,-2.784104212047491700e+01,-7.145577421857185647e-03
7.253965000000000000e+09,-2.755723757938533325e+01,-7.628548733215050059e-03
7.260964000000000000e+09,-2.728268609942644929e+01,-8.126845066169185311e-03
7.267963000000000000e+09,-2.701683634980279081e+01,-8.640375633052053972e-03
7.274962000000000000e+09,-2.675918642727014429e+01,-9.169043647196159497e-03
7.281961000000000000e+09,-2.650927813801241939e+01,-9.712746285021788689e-03
7.288960000000000000e+09,-2.626669208364208430e+01,-1.027137464958126703e-02
7.295959000000000000e+09,-2.603104341933736521e+01,-1.084481373559919963e-02
7.302958000000000000e+09,-2.580197817674642380e+01,-1.143294239602735130e-02
7.309957000000000000e+09,-2.557917006376840163e+01,-1.203563331016000229e-02
7.316956000000000000e+09,-2.536231766888640493e+01,-1.265275295332983496e-02
7.323955000000000000e+09,-2.515114201020202245e+01,-1.328416156823277947e-02
7.330954000000000000e+09,-2.494538437941007913e+01,-1.392971313789946770e-02
7.337953000000000000e+09,-2.474480443913418171e+01,-1.458925536035354797e-02
7.344952000000000000e+09,-2.454917853872411371e+01,-1.526262962499156522e-02
7.351951000000000000e+09,-2.435829821910516557e+01,-1.594967099070875027e-02
7.358950000000000000e+09,-2.417196888177946335e+01,-1.665020816581757115e-02
7.365949000000000000e+09,-2.399000860083392084e+01,-1.736406348977141342e-02
7.372948000000000000e+09,-2.381224705991019874e+01,-1.809105291674856231e-02
7.379947000000000000e+09,-2.363852459870298262e+01,-1.883098600111610815e-02
7.386946000000000000e+09,-2.346869135572862675e+01,-1.958366588480735596e-02
7.393945000000000000e+09,-2.330260649594407596e+01,-2.034888928664163599e-02
7.400944000000000000e+09,-2.314013751333812152e+01,-2.112644649364376487e-02
7.407943000000000000e+09,-2.298115959994964186e+01,-2.191612135435597186e-02
7.414942000000000000e+09,-2.282555507386646099e+01,-2.271769127421071482e-02
7.421941000000000000e+09,-2.267321285972498046e+01,-2.353092721297802420e-02
7.428940000000000000e+09,-2.252402801604285187e+01,-2.435559368432930680e-02
7.435939000000000000e+09,-2.237790130442145653e+01,-2.519144875754143753e-02
7.442938000000000000e+09,-2.223473879625361604e+01,-2.603824406138942685e-02
7.449937000000000000e+09,-2.209445151310042021e+01,-2.689572479024140983e-02
7.456936000000000000e+09,-2.195695509734615314e+01,-2.776362971240566371e-02
7.463935000000000000e+09,-2.182216951013557704e+01,-2.864169118075460263e-02
7.470934000000000000e+09,-2.169001875393721690e+01,-2.952963514566630046e-02
7.477933000000000000e+09,-2.156043061737510413e+01,-3.042718117030599953e-02
7.484932000000000000e+09,-2.143333644022974482e+01,-3.133404244829165325e-02
7.491931000000000000e+09,-2.130867089673683878e+01,-3.224992582376925293e-02
7.498930000000000000e+09,-2.118637179551182115e+01,-3.317453181395208645e-02
7.505929000000000000e+09,-2.106637989460875104e+01,-3.410755463411928312e-02
7.512928000000000000e+09,-2.094863873036823065e+01,-3.504868222515031273e-02
7.519927000000000000e+09,-2.083309445885429767e+01,-3.599759628360486852e-02
7.526926000000000000e+09,-2.071969570879661049e+01,-3.695397229439807002e-02
7.533925000000000000e+09,-2.060839344506635840e+01,-3.791747956607877112e-02
7.540924000000000000e+09,-2.049914084180123197e+01,-3.888778126879527397e-02
7.547923000000000000e+09,-2.039189316439131261e+01,-3.986453447492932511e-02
7.554922000000000000e+09,-2.028660765960326984e+01,-4.084739020248021740e-02
7.561921000000000000e+09,-2.018324345319400237e+01,-4.183599346120427803e-02
7.568920000000000000e+09,-2.008176145442224936e+01,-4.282998330156867484e-02
7.575919000000000000e+09,-1.998212426692273525e+01,-4.382899286654633186e-02
7.582918000000000000e+09,-1.988429610545590265e+01,-4.483264944627901594e-02
7.589917000000000000e+09,-1.978824271808545632e+01,-4.584057453568624041e-02
7.596916000000000000e+09,-1.969393131338453884e+01,-4.685238389500727407e-02
7.603915000000000000e+09,-1.960133049229653679e+01,-4.786768761335297162e-02
7.610914000000000000e+09,-1.951041018431448038e+01,-4.888609017530163442e-02
7.617913000000000000e+09,-1.942114158767071430e+01,-4.990719053056710819e-02
7.624912000000000000e+09,-1.933349711325437070e+01,-5.093058216678870986e-02
7.631911000000000000e+09,-1.924745033199586430e+01,-5.195585318549077875e-02
7.638910000000000000e+09,-1.916297592548309581e+01,-5.298258638124501291e-02
7.645909000000000000e+09,-1.908004963958918054e+01,-5.401035932408701501e-02
7.652908000000000000e+09,-1.899864824091246263e+01,-5.503874444522989517e-02
7.659907000000000000e+09,-1.891874947584382483e+01,-5.606730912611754269e-02
7.666906000000000000e+09,-1.884033203209227381e+01,-5.709561579086416122e-02
7.673905000000000000e+09,-1.876337550251042785e+01,-5.812322200214371792e-02
7.680904000000000000e+09,-1.868786035107903132e+01,-5.914968056054661916e-02
7.687903000000000000e+09,-1.861376788091457968e+01,-6.017453960748352093e-02
7.694902000000000000e+09,-1.854108020417884717e+01,-6.119734273167455607e-02
7.701901000000000000e+09,-1.846978021377656631e+01,-6.221762907927350095e-02
7.708900000000000000e+09,-1.839985155673727135e+01,-6.323493346768509216e-02
7.715899000000000000e+09,-1.833127860918336438e+01,-6.424878650312949857e-02
7.722898000000000000e+09,-1.826404645279573202e+01,-6.525871470201448366e-02
7.729897000000000000e+09,-1.819814085269507231e+01,-6.626424061614943906e-02
7.736896000000000000e+09,-1.813354823665930127e+01,-6.726488296191066030e-02
7.743895000000000000e+09,-1.807025567561082013e+01,-6.826015675335073141e-02
7.750894000000000000e+09,-1.800825086530360508e+01,-6.924957343937906962e-02
7.757893000000000000e+09,-1.794752210915273238e+01,-7.023264104503011696e-02
7.764892000000000000e+09,-1.788805830214892367e+01,-7.120886431690857943e-02
7.771891000000000000e+09,-1.782984891580619191e+01,-7.217774487287588470e-02
7.778890000000000000e+09,-1.777288398409560699e+01,-7.313878135603529840e-02
7.785889000000000000e+09,-1.771715409031962807e+01,-7.409146959311010971e-02
7.792888000000000000e+09,-1.766265035488776647e+01,-7.503530275725672771e-02
7.799887000000000000e+09,-1.760936442395477641e+01,-7.596977153541668859e-02
7.806886000000000000e+09,-1.755728845888718581e+01,-7.689436430026788671e-02
7.813885000000000000e+09,-1.750641512652694232e+01,-7.780856728685553447e-02
7.820884000000000000e+09,-1.745673759022188776e+01,-7.871186477399771952e-02
7.827883000000000000e+09,-1.740824950159761286e+01,-7.960373927052846743e-02
7.834882000000000000e+09,-1.736094499304597960e+01,-8.048367170648079716e-02
7.841881000000000000e+09,-1.731481867090785443e+01,-8.135114162929990567e-02
7.848880000000000000e+09,-1.726986560933105608e+01,-8.220562740516179634e-02
7.855879000000000000e+09,-1.722608134478528186e+01,-8.304660642550634742e-02
7.862878000000000000e+09,-1.718346187121789725e+01,-8.387355531887664972e-02
7.869877000000000000e+09,-1.714200363583681863e+01,-8.468595016816768406e-02
7.876876000000000000e+09,-1.710170353550851985e+01,-8.548326673337415527e-02
7.883875000000000000e+09,-1.706255891375994693e+01,-8.626498067996694885e-02
7.890874000000000000e+09,-1.702456755837695113e+01,-8.703056781297387190e-02
7.897873000000000000e+09,-1.698772769959001749e+01,-8.777950431691437794e-02
7.904872000000000000e+09,-1.695203800884439715e+01,-8.851126700166313255e-02
7.911871000000000000e+09,-1.691749759814811327e+01,-8.922533355439959957e-02
7.918870000000000000e+09,-1.688410601999743221e+01,-8.992118279773439471e-02
7.925869000000000000e+09,-1.685186326787851385e+01,-9.059829495414553624e-02
7.932868000000000000e+09,-1.682076977734507395e+01,-9.125615191687372341e-02
7.939867000000000000e+09,-1.679082642767600575e+01,-9.189423752737069240e-02
7.946866000000000000e+09,-1.676203454411550098e+01,-9.251203785947223479e-02
7.953865000000000000e+09,-1.673439590070208638e+01,-9.310904151041043963e-02
7.960864000000000000e+09,-1.670791272369314839e+01,-9.368473989882231123e-02
7.967863000000000000e+09,-1.668258769559392363e+01,-9.423862756989682954e-02
7.974862000000000000e+09,-1.665842395980126867e+01,-9.477020250781456601e-02
7.981861000000000000e+09,-1.663542512587473610e+01,-9.527896645562838884e-02
7.988860000000000000e+09,-1.661359527544867731e+01,-9.576442524275027846e-02
7.995859000000000000e+09,-1.659293896880089392e+01,-9.622608912021299310e-02
8.002858000000000000e+09,-1.657346125209665999e+01,-9.666347310385267622e-02
8.009857000000000000e+09,-1.655516766532638329e+01,-9.707609732562282046e-02
8.016856000000000000e+09,-1.653806425096039945e+01,-9.746348739317234333e-02
8.023855000000000000e+09,-1.652215756334408781e+01,-9.782517475789910544e-02
8.030854000000000000e+09,-1.650745467885972673e+01,-9.816069709166071189e-02
8.037853000000000000e+09,-1.649396320688511253e+01,-9.846959867231401542e-02
8.044852000000000000e+09,-1.648169130157913997e+01,-9.875143077830376981e-02
8.051851000000000000e+09,-1.647064767452965484e+01,-9.900575209248801967e-02
8.058850000000000000e+09,-1.646084160830122300e+01,-9.923212911539207315e-02
8.065849000000000000e+09,-1.645228297092232950e+01,-9.943013658812688282e-02
8.072848000000000000e+09,-1.644498223135674664e+01,-9.959935792516516617e-02
8.079847000000000000e+09,-1.643895047600642556e+01,-9.973938565720368021e-02
8.086846000000000000e+09,-1.643419942629750352e+01,-9.984982188432875438e-02
8.093845000000000000e+09,-1.643074145740498082e+01,-9.993027873971707664e-02
8.100844000000000000e+09,-1.642858961817584884e+01,-9.998037886411322017e-02
8.107843000000000000e+09,-1.642775765231655072e+01,-9.999975589130667697e-02
8.114842000000000000e+09,-1.642826002091434390e+01,-9.998805494485897560e-02
8.121841000000000000e+09,-1.643011192636845053e+01,-9.994493314633906555e-02
8.128840000000000000e+09,-1.643332933781352168e+01,-9.987006013530043413e-02
8.135839000000000000e+09,-1.643792901812393126e+01,-9.976311860127004549e-02
8.142838000000000000e+09,-1.644392855259397734e+01,-9.962380482802200843e-02
8.149837000000000000e+09,-1.645134637939936795e+01,-9.945182925037052146e-02
8.156836000000000000e+09,-1.646020182195049131e+01,-9.924691702379126457e-02
8.163835000000000000e+09,-1.647051512326004641e+01,-9.900880860712618636e-02
8.170834000000000000e+09,-1.648230748245651966e+01,-9.873726035864992256e-02
8.177833000000000000e+09,-1.649560109358522908e+01,-9.843204514581119224e-02
8.184832000000000000e+09,-1.651041918685342580e+01,-9.809295296889206095e-02
8.191831000000000000e+09,-1.652678607248534348e+01,-9.771979159892860145e-02
8.198830000000000000e+09,-1.654472718737141435e+01,-9.731238723014942749e-02
8.205829000000000000e+09,-1.656426914470803169e+01,-9.687058514726822056e-02
8.212828000000000000e+09,-1.658543978684596709e+01,-9.639425040789317833e-02
8.219827000000000000e+09,-1.660826824157928883e+01,-9.588326854041277769e-02
8.226826000000000000e+09,-1.663278498213343326e+01,-9.533754625762147494e-02
8.233825000000000000e+09,-1.665902189112982512e+01,-9.475701218642872126e-02
8.240824000000000000e+09,-1.668701232883325147e+01,-9.414161761394482242e-02
8.247823000000000000e+09,-1.671679120601334745e+01,-9.349133725029433462e-02
8.254822000000000000e+09,-1.674839506178722459e+01,-9.280617000843399689e-02
8.261821000000000000e+09,-1.678186214684066258e+01,-9.208613980133047161e-02
8.268820000000000000e+09,-1.681723251246665640e+01,-9.133129635680670155e-02
8.275819000000000000e+09,-1.685454810590298536e+01,-9.054171605036370751e-02
8.282818000000000000e+09,-1.689385287249555390e+01,-8.971750275634027272e-02
8.289817000000000000e+09,-1.693519286527189394e+01,-8.885878871767831366e-02
8.296816000000000000e+09,-1.697861636256390483e+01,-8.796573543465781297e-02
8.303815000000000000e+09,-1.702417399438926182e+01,-8.703853457289563444e-02
8.310814000000000000e+09,-1.707191887837277733e+01,-8.607740889092271863e-02
8.317813000000000000e+09,-1.712190676607312767e+01,-8.508261318766822956e-02
8.324812000000000000e+09,-1.717419620067535746e+01,-8.405443527013085891e-02
8.331811000000000000e+09,-1.722884868711215844e+01,-8.299319694157140936e-02
8.338810000000000000e+09,-1.728592887579983639e+01,-8.189925501048488099e-02
8.345809000000000000e+09,-1.734550476130513275e+01,-8.077300232067274877e-02
8.352808000000000000e+09,-1.740764789741401231e+01,-7.961486880268250910e-02
8.359807000000000000e+09,-1.747243363024495366e+01,-7.842532254688389104e-02
8.366806000000000000e+09,-1.753994135124536413e+01,-7.720487089843898476e-02
8.373805000000000000e+09,-1.761025477213143020e+01,-7.595406157444002659e-02
8.380804000000000000e+09,-1.768346222408941770e+01,-7.467348380341175262e-02
8.387803000000000000e+09,-1.775965698384401747e+01,-7.336376948743178472e-02
8.394802000000000000e+09,-1.783893762953426432e+01,-7.202559438707087369e-02
8.401801000000000000e+09,-1.792140842972266768e+01,-7.065967932931845052e-02
8.408800000000000000e+09,-1.800717976930061326e+01,-6.926679143869687860e-02
8.415799000000000000e+09,-1.809636861656706586e+01,-6.784774539168443586e-02
8.422798000000000000e+09,-1.818909903634482816e+01,-6.640340469458747008e-02
8.429797000000000000e+09,-1.828550275468452213e+01,-6.493468298496109237e-02
8.436796000000000000e+09,-1.838571978150468667e+01,-6.344254535664853312e-02
8.443795000000000000e+09,-1.848989909844681279e+01,-6.192800970848814923e-02
8.450794000000000000e+09,-1.859819942031540307e+01,-6.039214811669681160e-02
8.457793000000000000e+09,-1.871079003975447819e+01,-5.883608823091878576e-02
8.464792000000000000e+09,-1.882785176632328472e+01,-5.726101469387499115e-02
8.471791000000000000e+09,-1.894957797292125790e+01,-5.566817058452137174e-02
8.478790000000000000e+09,-1.907617576463495368e+01,-5.405885888457964694e-02
8.485789000000000000e+09,-1.920786728760739237e+01,-5.243444396826785203e-02
8.492788000000000000e+09,-1.934489119856073813e+01,-5.079635311497625316e-02
8.499787000000000000e+09,-1.948750431923268778e+01,-4.914607804464661556e-02
8.506786000000000000e+09,-1.963598350438207163e+01,-4.748517647548470416e-02
8.513785000000000000e+09,-1.979062775733004642e+01,-4.581527370364261997e-02
8.520784000000000000e+09,-1.995176063348634443e+01,-4.413806420440460898e-02
8.527783000000000000e+09,-2.011973298023454149e+01,-4.245531325436048553e-02
8.534782000000000000e+09,-2.029492607130685045e+01,-4.076885857399095009e-02
8.541781000000000000e+09,-2.047775520585139475e+01,-3.908061198998857844e-02
8.548780000000000000e+09,-2.066867385741521090e+01,-3.739256111659935988e-02
8.555779000000000000e+09,-2.086817847688075744e+01,-3.570677105515993738e-02
8.562778000000000000e+09,-2.107681407711108790e+01,-3.402538611092546794e-02
8.569777000000000000e+09,-2.129518075715585823e+01,-3.235063152620096250e-02
8.576776000000000000e+09,-2.152394136236404520e+01,-3.068481522869042494e-02
8.583775000000000000e+09,-2.176383052635102544e+01,-2.903032959388014006e-02
8.590774000000000000e+09,-2.201566540523469229e+01,-2.738965322016022677e-02
8.597773000000000000e+09,-2.228035849908280852e+01,-2.576535271528332047e-02
8.604772000000000000e+09,-2.255893306741471349e+01,-2.416008449266208655e-02
8.611771000000000000e+09,-2.285254179527838403e+01,-2.257659657585094765e-02
8.618770000000000000e+09,-2.316248956884210486e+01,-2.101773040946164003e-02
8.625769000000000000e+09,-2.349026149648409145e+01,-1.948642267462670843e-02
8.632768000000000000e+09,-2.383755769549154735e+01,-1.798570710697842273e-02
8.639767000000000000e+09,-2.420633690461974297e+01,-1.651871631497899701e-02
8.646766000000000000e+09,-2.459887175402662507e+01,-1.508868359627827532e-02
8.653765000000000000e+09,-2.501781964407234327e+01,-1.369894474965297794e-02
8.660764000000000000e+09,-2.546631484122546851e+01,-1.235293987986463456e-02
8.667763000000000000e+09,-2.594808990074439947e+01,-1.105421519269252778e-02
8.674762000000000000e+09,-2.646763838969031113e+01,-9.806424777135714504e-03
8.681761000000000000e+09,-2.703043700624684220e+01,-8.613332371691562531e-03
8.688760000000000000e+09,-2.764325517553312750e+01,-7.478813111357367725e-03
8.695759000000000000e+09,-2.831459702459801164e+01,-6.406855251898560533e-03
8.702758000000000000e+09,-2.905535006684071675e+01,-5.401561867658865798e-03
8.709757000000000000e+09,-2.987976869225802545e+01,-4.467152519043948722e-03
8.716756000000000000e+09,-3.080702394921339149e+01,-3.607964885606656548e-03
8.723755000000000000e+09,-3.186376243939711728e+01,-2.828456360429653163e-03
8.730754000000000000e+09,-3.308858251840311482e+01,-2.133205601330034808e-03
8.737753000000000000e+09,-3.454046067961055400e+01,-1.526914034173725791e-03
8.744752000000000000e+09,-3.631622663350859170e+01,-1.014407303402101125e-03
8.751751000000000000e+09,-3.859202503513326832e+01,-6.006366646143988753e-04
8.758750000000000000e+09,-4.174383224719466057e+01,-2.906803139054286978e-04
8.765749000000000000e+09,-4.684780238386277773e+01,-8.974464833977867373e-05
8.772748000000000000e+09,-6.137348758847652164e+01,-3.165451841949219552e-06
8.779747000000000000e+09,-5.076577375325919661e+01,-3.640900046469663025e-05
8.786746000000000000e+09,-4.347596721972805511e+01,-1.950730808376667817e-04
8.793745000000000000e+09,-3.952167194925421967e+01,-4.848879153801029154e-04
8.800744000000000000e+09,-3.677969849454329676e+01,-9.117169876322322054e-04
8.807743000000000000e+09,-3.467139799282043811e+01,-1.481557760863153831e-03
8.814742000000000000e+09,-3.295364615917308271e+01,-2.200542282933075182e-03
8.821741000000000000e+09,-3.150101732181127190e+01,-3.074937670163588928e-03
8.828740000000000000e+09,-3.024026903270211974e+01,-4.111146462821611315e-03
8.835739000000000000e+09,-2.912489047466250724e+01,-5.315706844596930492e-03
8.842738000000000000e+09,-2.812349463800507010e+01,-6.695292718361839888e-03
8.849737000000000000e+09,-2.721389859465491412e+01,-8.256713630286108621e-03
8.856736000000000000e+09,-2.637984370316572580e+01,-1.000691453429376765e-02
8.863735000000000000e+09,-2.560905797707435738e+01,-1.195297538869068837e-02
8.870734000000000000e+09,-2.489205110310336266e+01,-1.410211057673197571e-02
8.877733000000000000e+09,-2.422133292392205561e+01,-1.646166814278665971e-02
8.884732000000000000e+09,-2.359088847268128575e+01,-1.903912883572660142e-02
8.891731000000000000e+09,-2.299581469280369106e+01,-2.184210495110648631e-02
8.898730000000000000e+09,-2.243206253716674325e+01,-2.487833896372834003e-02
8.905729000000000000e+09,-2.189624976741497875e+01,-2.815570194217038164e-02
8.912728000000000000e+09,-2.138552239927818732e+01,-3.168219173696298213e-02
8.919727000000000000e+09,-2.089745037076403023e+01,-3.546593093412062081e-02
8.926726000000000000e+09,-2.042994776506653309e+01,-3.951516456591380733e-02
8.933725000000000000e+09,-1.998121096375576045e+01,-4.383825757090669545e-02
8.940724000000000000e+09,-1.954967010139984751e+01,-4.844369199546967597e-02
8.947723000000000000e+09,-1.913395052956227360e+01,-5.334006392923652806e-02
8.954722000000000000e+09,-1.873284191112479391e+01,-5.853608016727031294e-02
8.961721000000000000e+09,-1.834527320051035204e+01,-6.404055459199599343e-02
8.968720000000000000e+09,-1.797029221360304874e+01,-6.986240426838749573e-02
8.975719000000000000e+09,-1.760704881242025976e+01,-7.601064524627233754e-02
8.982718000000000000e+09,-1.725478096294680341e+01,-8.249438806414309544e-02
8.989717000000000000e+09,-1.691280309617456368e+01,-8.932283294937205798e-02
8.996716000000000000e+09,-1.658049633007265200e+01,-9.650526471030954068e-02
9.003715000000000000e+09,-1.625730020621699268e+01,-1.040510473164098920e-01
9.010714000000000000e+09,-1.594270566771241704e+01,-1.119696181631937570e-01
9.017713000000000000e+09,-1.563624906091010658e+01,-1.202704820196415503e-01
9.024712000000000000e+09,-1.533750698661707723e+01,-1.289632046563816137e-01
9.031711000000000000e+09,-1.504609186015038524e+01,-1.380574061539623365e-01
9.038710000000000000e+09,-1.476164806602245250e+01,-1.475627538913167058e-01
9.045709000000000000e+09,-1.448384861394160161e+01,-1.574889552156357730e-01
9.052708000000000000e+09,-1.421239221945908682e+01,-1.678457497957452638e-01
9.059707000000000000e+09,-1.394700074592368111e+01,-1.786429016623005128e-01
9.066706000000000000e+09,-1.368741695515819146e+01,-1.898901909391046416e-01
9.073705000000000000e+09,-1.343340252298273363e+01,-2.015974052711267395e-01
9.080704000000000000e+09,-1.318473628281311427e+01,-2.137743309559975435e-01
9.087703000000000000e+09,-1.294121266638335221e+01,-2.264307437868951500e-01
9.094702000000000000e+09,-1.270264031542718186e+01,-2.395763996162330045e-01
9.101701000000000000e+09,-1.246884084212075194e+01,-2.532210246506190199e-01
9.108700000000000000e+09,-1.223964771937492912e+01,-2.673743054891524751e-01
9.115699000000000000e+09,-1.201490528481660647e+01,-2.820458789182146986e-01
9.122698000000000000e+09,-1.179446784459388731e+01,-2.972453214775434560e-01
9.129697000000000000e+09,-1.157819886507877882e+01,-3.129821388134825799e-01
9.136696000000000000e+09,-1.136597024216968421e+01,-3.292657548369056775e-01
9.143695000000000000e+09,-1.115766163928189059e+01,-3.461055007044703258e-01
9.150694000000000000e+09,-1.095315988628782655e+01,-3.635106036432942389e-01
9.157693000000000000e+09,-1.075235843267099511e+01,-3.814901756404800448e-01
9.164692000000000000e+09,-1.055515684901630991e+01,-4.000532020200214256e-01
9.171691000000000000e+09,-1.036146037169252665e+01,-4.192085299310872037e-01
9.178690000000000000e+09,-1.017117948621829626e+01,-4.389648567725417116e-01
9.185689000000000000e+09,-9.984229545345833401e+00,-4.593307185800153958e-01
9.192688000000000000e+09,-9.800530418372524366e+00,-4.803144784024591107e-01
9.199687000000000000e+09,-9.620006168596329843e+00,-5.019243146964925684e-01
9.206686000000000000e+09,-9.442584756191337192e+00,-5.241682097672389906e-01
9.213685000000000000e+09,-9.268197764086130164e+00,-5.470539382855520438e-01
9.220684000000000000e+09,-9.096780144702218962e+00,-5.705890559117788863e-01
9.227683000000000000e+09,-8.928269985645547635e+00,-5.947808880569080969e-01
9.234682000000000000e+09,-8.762608292651419717e+00,-6.196365188124582923e-01
9.241681000000000000e+09,-8.599738788269224443e+00,-6.451627800803204638e-01
9.248680000000000000e+09,-8.439607724930450416e+00,-6.713662409344267612e-01
9.255679000000000000e+09,-8.282163711189522104e+00,-6.982531972455272573e-01
9.262678000000000000e+09,-8.127357550049024937e+00,-7.258296616007074986e-01
9.269677000000000000e+09,-7.975142088395092976e+00,-7.541013535484563102e-01
9.276676000000000000e+09,-7.825472076664193644e+00,-7.830736902000845490e-01
9.283675000000000000e+09,-7.678304037952731420e+00,-8.127517772171737320e-01
9.290674000000000000e+09,-7.533596145855567805e+00,-8.431404002144292642e-01
9.297673000000000000e+09,-7.391308110391411113e+00,-8.742440166058335071e-01
9.304672000000000000e+09,-7.251401071431394563e+00,-9.060667479214550291e-01
9.311671000000000000e+09,-7.113837499104670670e+00,-9.386123726204547157e-01
9.318670000000000000e+09,-6.978581100701614304e+00,-9.718843194247970274e-01
9.325669000000000000e+09,-6.845596733638967812e+00,-1.005885661196637804e+00
9.332668000000000000e+09,-6.714850324091534262e+00,-1.040619109380272800e+00
9.339667000000000000e+09,-6.586308790927056123e+00,-1.076087009028403818e+00
9.346666000000000000e+09,-6.459939974614794522e+00,-1.112291334429803547e+00
9.353665000000000000e+09,-6.335712570803121224e+00,-1.149233685354188017e+00
9.360664000000000000e+09,-6.213596068288661733e+00,-1.186915283927299392e+00
9.367663000000000000e+09,-6.093560691119282779e+00,-1.225336972147663239e+00
9.374662000000000000e+09,-5.975577344595206952e+00,-1.264499210053565470e+00
9.381661000000000000e+09,-5.859617564947829926e+00,-1.304402074547164947e+00
9.388660000000000000e+09,-5.745653472493764902e+00,-1.345045258879649097e+00
9.395659000000000000e+09,-5.633657728074181748e+00,-1.386428072799409605e+00
9.402658000000000000e+09,-5.523603492602539689e+00,-1.428549443362739257e+00
9.409657000000000000e+09,-5.415464389555816105e+00,-1.471407916403856486e+00
9.416656000000000000e+09,-5.309214470252906715e+00,-1.515001658659261841e+00
9.423655000000000000e+09,-5.204828181774844964e+00,-1.559328460538390582e+00
9.430654000000000000e+09,-5.102280337387550269e+00,-1.604385739530996835e+00
9.437653000000000000e+09,-5.001546089337117529e+00,-1.650170544238690251e+00
9.444652000000000000e+09,-4.902600903892381012e+00,-1.696679559016665895e+00
9.451651000000000000e+09,-4.805420538517096496e+00,-1.743909109208849895e+00
9.458650000000000000e+09,-4.709981021057945583e+00,-1.791855166958419954e+00
9.465649000000000000e+09,-4.616258630840709642e+00,-1.840513357573185793e+00
9.472648000000000000e+09,-4.524229881570672518e+00,-1.889878966423951923e+00
9.479647000000000000e+09,-4.433871505937347024e+00,-1.939946946352393731e+00
9.486646000000000000e+09,-4.345160441828303632e+00,-1.990711925563041218e+00
9.493645000000000000e+09,-4.258073820058909220e+00,-2.042168215973394929e+00
9.500644000000000000e+09,-4.172588953529799305e+00,-2.094309821994094545e+00
9.507643000000000000e+09,-4.088683327725204819e+00,-2.147130449711012190e+00
9.514642000000000000e+09,-4.006334592469943168e+00,-2.200623516439243144e+00
9.521641000000000000e+09,-3.925520554864028622e+00,-2.254782160619257958e+00
9.528640000000000000e+09,-3.846219173318079498e+00,-2.309599252023930571e+00
9.535639000000000000e+09,-3.768408552613939477e+00,-2.365067402245649042e+00
9.542638000000000000e+09,-3.692066939918563495e+00,-2.421178975431745428e+00
9.549637000000000000e+09,-3.617172721681177094e+00,-2.477926099236698043e+00
9.556636000000000000e+09,-3.543704421345905242e+00,-2.535300675959828887e+00
9.563635000000000000e+09,-3.471640697815473686e+00,-2.593294393836676370e+00
9.570634000000000000e+09,-3.400960344602645957e+00,-2.651898738453521975e+00
9.577633000000000000e+09,-3.331642289609805907e+00,-2.711105004253987261e+00
9.584632000000000000e+09,-3.263665595478203230e+00,-2.770904306108164405e+00
9.591631000000000000e+09,-3.197009460451957885e+00,-2.831287590914459251e+00
9.598630000000000000e+09,-3.131653219703038893e+00,-2.892245649206137248e+00
9.605629000000000000e+09,-3.067576347067045184e+00,-2.953769126734391737e+00
9.612628000000000000e+09,-3.004758457140747296e+00,-3.015848536001783486e+00
9.619627000000000000e+09,-2.943179307695683811e+00,-3.078474267720049617e+00
9.626626000000000000e+09,-2.882818802363835253e+00,-3.141636602167959147e+00
9.633625000000000000e+09,-2.823656993553678607e+00,-3.205325720426132285e+00
9.640624000000000000e+09,-2.765674085557795259e+00,-3.269531715466309940e+00
9.647623000000000000e+09,-2.708850437814536605e+00,-3.334244603074927316e+00
9.654622000000000000e+09,-2.653166568289493377e+00,-3.399454332590933880e+00
9.661621000000000000e+09,-2.598603156943706249e+00,-3.465150797440368802e+00
9.668620000000000000e+09,-2.545141049258683896e+00,-3.531323845450389243e+00
9.675619000000000000e+09,-2.492761259789444850e+00,-3.597963288927940706e+00
9.682618000000000000e+09,-2.441444975719826438e+00,-3.665058914488520614e+00
9.689617000000000000e+09,-2.391173560395388975e+00,-3.732600492622936805e+00
9.696616000000000000e+09,-2.341928556812012285e+00,-3.800577786990332108e+00
9.703615000000000000e+09,-2.293691691039708047e+00,-3.868980563427673047e+00
9.710614000000000000e+09,-2.246444875562997101e+00,-3.937798598667225924e+00
9.717613000000000000e+09,-2.200170212521462609e+00,-4.007021688754185185e+00
9.724612000000000000e+09,-2.154849996835084713e+00,-4.076639657158805718e+00
9.731611000000000000e+09,-2.110466719201373298e+00,-4.146642362577562579e+00
9.738610000000000000e+09,-2.067003068952141476e+00,-4.217019706420021663e+00
9.745609000000000000e+09,-2.024441936760045913e+00,-4.287761639978126205e+00
9.752608000000000000e+09,-1.982766417185608976e+00,-4.358858171276903448e+00
9.759607000000000000e+09,-1.941959811057676788e+00,-4.430299371605206815e+00
9.766606000000000000e+09,-1.902005627680708244e+00,-4.502075381727459913e+00
9.773605000000000000e+09,-1.862887586864222733e+00,-4.574176417777028547e+00
9.780604000000000000e+09,-1.824589620770406651e+00,-4.646592776833485594e+00
9.787603000000000000e+09,-1.787095875577029425e+00,-4.719314842186699721e+00
9.794602000000000000e+09,-1.750390712954104977e+00,-4.792333088290830823e+00
9.801601000000000000e+09,-1.714458711353139764e+00,-4.865638085412977709e+00
9.808600000000000000e+09,-1.679284667109255169e+00,-4.939220503980709331e+00
9.815599000000000000e+09,-1.644853595356670528e+00,-5.013071118634425005e+00
9.822598000000000000e+09,-1.611150730759338456e+00,-5.087180811989791884e+00
9.829597000000000000e+09,-1.578161528058578122e+00,-5.161540578117278955e+00
9.836596000000000000e+09,-1.545871662440783334e+00,-5.236141525744782754e+00
9.843595000000000000e+09,-1.514267029728197045e+00,-5.310974881191164343e+00
9.850594000000000000e+09,-1.483333746396806374e+00,-5.386031991037384614e+00
9.857593000000000000e+09,-1.453058149425296763e+00,-5.461304324543593047e+00
9.864592000000000000e+09,-1.423426795979887860e+00,-5.536783475819459177e+00
9.871591000000000000e+09,-1.394426462939814648e+00,-5.612461165756128523e+00
9.878590000000000000e+09,-1.366044146268645454e+00,-5.688329243728087903e+00
9.885589000000000000e+09,-1.338267060237015471e+00,-5.764379689072805846e+00
9.892588000000000000e+09,-1.311082636502150178e+00,-5.840604612357248371e+00
9.899587000000000000e+09,-1.284478523050281984e+00,-5.916996256438800117e+00
9.906586000000000000e+09,-1.258442583007547189e+00,-5.993546997329961101e+00
9.913585000000000000e+09,-1.232962893325670439e+00,-6.070249344874348196e+00
9.920584000000000000e+09,-1.208027743348211613e+00,-6.147095943243172655e+00
9.927583000000000000e+09,-1.183625633263740484e+00,-6.224079571259749422e+00
9.934582000000000000e+09,-1.159745272451784048e+00,-6.301193142560931548e+00
9.941581000000000000e+09,-1.136375577727811503e+00,-6.378429705603068101e+00
9.948580000000000000e+09,-1.113505671493234761e+00,-6.455782443520588387e+00
9.955579000000000000e+09,-1.091124879796304459e+00,-6.533244673845379324e+00
9.962578000000000000e+09,-1.069222730309986158e+00,-6.610809848094026719e+00
9.969577000000000000e+09,-1.047788950232415139e+00,-6.688471551231092604e+00
9.976576000000000000e+09,-1.026813464115808650e+00,-6.766223501015132591e+00
9.983575000000000000e+09,-1.006286391629234611e+00,-6.844059547235220364e+00
9.990574000000000000e+09,-9.861980452608442027e-01,-6.921973670844288051e+00
9.997573000000000000e+09,-9.665389279646968701e-01,-6.999959982996697860e+00
1.000457200000000000e+10,-9.472997307574954062e-01,-7.078012723995915856e+00
1.001157100000000000e+10,-9.284713302700654536e-01,-7.156126262159252960e+00
1.001857000000000000e+10,-9.100447862585321346e-01,-7.234295092605274036e+00
1.002556900000000000e+10,-8.920113390798141140e-01,-7.312513835969991050e+00
1.003256800000000000e+10,-8.743624071358656602e-01,-7.390777237057736038e+00
1.003956700000000000e+10,-8.570895842911505635e-01,-7.469080163431581987e+00
1.004656600000000000e+10,-8.401846372672909791e-01,-7.547417603949366338e+00
1.005356500000000000e+10,-8.236395030190836186e-01,-7.625784667249462245e+00
1.006056400000000000e+10,-8.074462860954731980e-01,-7.704176580192035217e+00
1.006756300000000000e+10,-7.915972559893312832e-01,-7.782588686259424904e+00
1.007456200000000000e+10,-7.760848444792813883e-01,-7.861016443921041486e+00
1.008156100000000000e+10,-7.609016429670587556e-01,-7.939455424966012309e+00
1.008856000000000000e+10,-7.460403998133560144e-01,-8.017901312808440650e+00
1.009555900000000000e+10,-7.314940176752493528e-01,-8.096349900768348817e+00
1.010255800000000000e+10,-7.172555508479163677e-01,-8.174797090332329930e+00
1.010955700000000000e+10,-7.033182026132868137e-01,-8.253238889397337630e+00
1.011655600000000000e+10,-6.896753225981819835e-01,-8.331671410500444352e+00
1.012355500000000000e+10,-6.763204041441572834e-01,-8.410090869038214123e+00
1.013055400000000000e+10,-6.632470816913709211e-01,-8.488493581477928984e+00
1.013755300000000000e+10,-6.504491281783865153e-01,-8.566875963564037022e+00
1.014455200000000000e+10,-6.379204524599377812e-01,-8.645234528521728024e+00
1.015155100000000000e+10,-6.256550967443303968e-01,-8.723565885260658348e+00
1.015855000000000000e+10,-6.136472340522166613e-01,-8.801866736580446826e+00
1.016554900000000000e+10,-6.018911656981742464e-01,-8.880133877380686158e+00
1.017254800000000000e+10,-5.903813187965690767e-01,-8.958364192876912213e+00
1.017954700000000000e+10,-5.791122437929667743e-01,-9.036554656824488774e+00
1.018654600000000000e+10,-5.680786120222305335e-01,-9.114702329752486065e+00
1.019354500000000000e+10,-5.572752132944651660e-01,-9.192804357208450128e+00
1.020054400000000000e+10,-5.466969535096857236e-01,-9.270857968016226636e+00
1.020754300000000000e+10,-5.363388523021856980e-01,-9.348860472547556810e+00
1.021454200000000000e+10,-5.261960407152933561e-01,-9.426809261009307050e+00
1.022154100000000000e+10,-5.162637589073195699e-01,-9.504701801746795908e+00
1.022854000000000000e+10,-5.065373538892101735e-01,-9.582535639564985885e+00
1.023553900000000000e+10,-4.970122772945450018e-01,-9.660308394067744331e+00
1.024253800000000000e+10,-4.876840831822507050e-01,-9.738017758016756176e+00
1.024953700000000000e+10,-4.785484258725015150e-01,-9.815661495710267914e+00
1.025653600000000000e+10,-4.696010578160970672e-01,-9.893237441382630948e+00
1.026353500000000000e+10,-4.608378274975665212e-01,-9.970743497625441876e+00
1.027053400000000000e+10,-4.522546773722593283e-01,-1.004817763383030460e+01
1.027753300000000000e+10,-4.438476418374986965e-01,-1.012553788465441329e+01
1.028453200000000000e+10,-4.356128452379780525e-01,-1.020282234850856717e+01
1.029153100000000000e+10,-4.275464999053627535e-01,-1.028002918606879490e+01
1.029853000000000000e+10,-4.196449042321755973e-01,-1.035715661881117455e+01
1.030552900000000000e+10,-4.119044407798643781e-01,-1.043420292757068069e+01
1.031252800000000000e+10,-4.043215744210174045e-01,-1.051116645112378123e+01
1.031952700000000000e+10,-3.968928505155728259e-01,-1.058804558479535274e+01
1.032652600000000000e+10,-3.896148931208825439e-01,-1.066483877908977185e+01
1.033352500000000000e+10,-3.824844032354651202e-01,-1.074154453834618295e+01
1.034052400000000000e+10,-3.754981570761768417e-01,-1.081816141941842169e+01
1.034752300000000000e+10,-3.686530043886331320e-01,-1.089468803037892641e+01
1.035452200000000000e+10,-3.619458667905320892e-01,-1.097112302924731608e+01
1.036152100000000000e+10,-3.553737361476633771e-01,-1.104746512274287618e+01
1.036852000000000000e+10,-3.489336729822220540e-01,-1.112371306506155300e+01
1.037551900000000000e+10,-3.426228049131587738e-01,-1.119986565667661260e+01
1.038251800000000000e+10,-3.364383251281469200e-01,-1.127592174316359497e+01
1.038951700000000000e+10,-3.303774908868788995e-01,-1.135188021404857395e+01
1.039651600000000000e+10,-3.244376220552313006e-01,-1.142774000168038384e+01
1.040351500000000000e+10,-3.186160996699722303e-01,-1.150350008012584802e+01
1.041051400000000000e+10,-3.129103645335639672e-01,-1.157915946408831331e+01
1.041751300000000000e+10,-3.073179158386628584e-01,-1.165471720784904797e+01
1.042451200000000000e+10,-3.018363098219004614e-01,-1.173017240423111929e+01
1.043151100000000000e+10,-2.964631584464849090e-01,-1.180552418358594835e+01
1.043851000000000000e+10,-2.911961281132309232e-01,-1.188077171280157707e+01
1.044550900000000000e+10,-2.860329383995244834e-01,-1.195591419433307578e+01
1.045250800000000000e+10,-2.809713608258226913e-01,-1.203095086525422985e+01
1.045950700000000000e+10,-2.760092176491961702e-01,-1.210588099633062242e+01
1.046650600000000000e+10,-2.711443806834971104e-01,-1.218070389111342777e+01
1.047350500000000000e+10,-2.663747701456630201e-01,-1.225541888505402000e+01
1.048050400000000000e+10,-2.616983535277362938e-01,-1.233002534463857813e+01
1.048750300000000000e+10,-2.571131444941070487e-01,-1.240452266654291158e+01
1.049450200000000000e+10,-2.526172018035466871e-01,-1.247891027680672593e+01
1.050150100000000000e+10,-2.482086282555746870e-01,-1.255318763002713567e+01
1.050850000000000000e+10,-2.438855696606846979e-01,-1.262735420857137569e+01
1.051549900000000000e+10,-2.396462138340094694e-01,-1.270140952180780936e+01
1.052249800000000000e+10,-2.354887896119399471e-01,-1.277535310535550295e+01
1.052949700000000000e+10,-2.314115658912895279e-01,-1.284918452035148562e+01
1.053649600000000000e+10,-2.274128506905143676e-01,-1.292290335273593271e+01
1.054349500000000000e+10,-2.234909902326032705e-01,-1.299650921255424763e+01
1.055049400000000000e+10,-2.196443680491436401e-01,-1.307000173327649861e+01
1.055749300000000000e+10,-2.158714041051886801e-01,-1.314338057113308622e+01
1.056449200000000000e+10,-2.121705539444469490e-01,-1.321664540446698410e+01
1.057149100000000000e+10,-2.085403078544126321e-01,-1.328979593310178942e+01
1.057849000000000000e+10,-2.049791900509949638e-01,-1.336283187772535186e+01
1.058548900000000000e+10,-2.014857578822407402e-01,-1.343575297928893875e+01
1.059248800000000000e+10,-1.980586010507495442e-01,-1.350855899842107810e+01
1.059948700000000000e+10,-1.946963408543709861e-01,-1.358124971485636046e+01
1.060648600000000000e+10,-1.913976294447990167e-01,-1.365382492687832539e+01
1.061348500000000000e+10,-1.881611491036564443e-01,-1.372628445077670278e+01
1.062048400000000000e+10,-1.849856115357131903e-01,-1.379862812031805674e+01
1.062748300000000000e+10,-1.818697571788299994e-01,-1.387085578623017135e+01
1.063448200000000000e+10,-1.788123545302816864e-01,-1.394296731569934344e+01
1.064148100000000000e+10,-1.758121994890754491e-01,-1.401496259188070326e+01
1.064848000000000000e+10,-1.728681147139180252e-01,-1.408684151342101032e+01
1.065547900000000000e+10,-1.699789489964747546e-01,-1.415860399399366365e+01
1.066247800000000000e+10,-1.671435766495675268e-01,-1.423024996184585333e+01
1.066947700000000000e+10,-1.643608969099811246e-01,-1.430177935935730282e+01
1.067647600000000000e+10,-1.616298333555351574e-01,-1.437319214261055933e+01
1.068347500000000000e+10,-1.589493333361036154e-01,-1.444448828097232784e+01
1.069047400000000000e+10,-1.563183674182408445e-01,-1.451566775668596065e+01
1.069747300000000000e+10,-1.537359288431298099e-01,-1.458673056447427996e+01
1.070447200000000000e+10,-1.512010329975056744e-01,-1.465767671115312965e+01
1.071147100000000000e+10,-1.487127168972843527e-01,-1.472850621525486225e+01
1.071847000000000000e+10,-1.462700386835742439e-01,-1.479921910666191387e+01
1.072546900000000000e+10,-1.438720771307958335e-01,-1.486981542624994823e+01
1.073246800000000000e+10,-1.415179311666208972e-01,-1.494029522554038181e+01
1.073946700000000000e+10,-1.392067194034368460e-01,-1.501065856636241769e+01
1.074646600000000000e+10,-1.369375796810912427e-01,-1.508090552052365574e+01
1.075346500000000000e+10,-1.347096686206164240e-01,-1.515103616948990606e+01
1.076046400000000000e+10,-1.325221611887010820e-01,-1.522105060407318433e+01
1.076746300000000000e+10,-1.303742502726303321e-01,-1.529094892412830475e+01
1.077446200000000000e+10,-1.282651462654570140e-01,-1.536073123825748254e+01
1.078146100000000000e+10,-1.261940766611517051e-01,-1.543039766352301179e+01
1.078846000000000000e+10,-1.241602856594979792e-01,-1.549994832516741816e+01
1.079545900000000000e+10,-1.221630337804848615e-01,-1.556938335634151294e+01
1.080245800000000000e+10,-1.202015974879901139e-01,-1.563870289783950440e+01
1.080945700000000000e+10,-1.182752688225025273e-01,-1.570790709784143147e+01
1.081645600000000000e+10,-1.163833550426870839e-01,-1.577699611166258009e+01
1.082345500000000000e+10,-1.145251782755660197e-01,-1.584597010150958596e+01
1.083045400000000000e+10,-1.127000751751087715e-01,-1.591482923624346846e+01
1.083745300000000000e+10,-1.109073965890306213e-01,-1.598357369114873094e+01
1.084445200000000000e+10,-1.091465072335920938e-01,-1.605220364770918096e+01
1.085145100000000000e+10,-1.074167853762168640e-01,-1.612071929338954845e+01
1.085845000000000000e+10,-1.057176225257194790e-01,-1.618912082142335152e+01
1.086544900000000000e+10,-1.040484231299753509e-01,-1.625740843060643570e+01
1.087244800000000000e+10,-1.024086042808390884e-01,-1.632558232509630258e+01
1.087944700000000000e+10,-1.007975954261356583e-01,-1.639364271421692365e+01
1.088644600000000000e+10,-9.921483808855921516e-02,-1.646158981226886908e+01
1.089344500000000000e+10,-9.765978559129563641e-02,-1.652942383834493256e+01
1.090044400000000000e+10,-9.613190279022051921e-02,-1.659714501615057003e+01
1.090744300000000000e+10,-9.463066581249512943e-02,-1.666475357382963551e+01
1.091444200000000000e+10,-9.315556180141919274e-02,-1.673224974379465024e+01
1.092144100000000000e+10,-9.170608866737048337e-02,-1.679963376256215213e+01
1.092844000000000000e+10,-9.028175484469956602e-02,-1.686690587059225521e+01
1.093543900000000000e+10,-8.888207905441217194e-02,-1.693406631213313673e+01
1.094243800000000000e+10,-8.750659007252024890e-02,-1.700111533506949613e+01
1.094943700000000000e+10,-8.615482650389998109e-02,-1.706805319077555794e+01
1.095643600000000000e+10,-8.482633656154030255e-02,-1.713488013397196852e+01
1.096343500000000000e+10,-8.352067785103543807e-02,-1.720159642258701282e+01
1.097043400000000000e+10,-8.223741716019838943e-02,-1.726820231762151892e+01
1.097743300000000000e+10,-8.097613025367347839e-02,-1.733469808301760651e+01
1.098443200000000000e+10,-7.973640167241008436e-02,-1.740108398553142877e+01
1.099143100000000000e+10,-7.851782453790166760e-02,-1.746736029460905826e+01
1.099843000000000000e+10,-7.732000036104674789e-02,-1.753352728226645496e+01
1.100542900000000000e+10,-7.614253885553792789e-02,-1.759958522297237238e+01
1.101242800000000000e+10,-7.498505775565776632e-02,-1.766553439353501531e+01
1.101942700000000000e+10,-7.384718263837622421e-02,-1.773137507299156823e+01
1.102642600000000000e+10,-7.272854674964393529e-02,-1.779710754250129767e+01
1.103342500000000000e+10,-7.162879083477448339e-02,-1.786273208524139022e+01
1.104042400000000000e+10,-7.054756297282430144e-02,-1.792824898630597374e+01
1.104742300000000000e+10,-6.948451841485860092e-02,-1.799365853260810511e+01
1.105442200000000000e+10,-6.843931942602210494e-02,-1.805896101278436561e+01
1.106142100000000000e+10,-6.741163513130862817e-02,-1.812415671710255438e+01
1.106842000000000000e+10,-6.640114136494983110e-02,-1.818924593737176920e+01
1.107541900000000000e+10,-6.540752052332432509e-02,-1.825422896685534369e+01
1.108241800000000000e+10,-6.443046142130970377e-02,-1.831910610018616126e+01
1.108941700000000000e+10,-6.346965915198513053e-02,-1.838387763328461944e+01
1.109641600000000000e+10,-6.252481494961026343e-02,-1.844854386327881102e+01
1.110341500000000000e+10,-6.159563605579254641e-02,-1.851310508842733427e+01
1.111041400000000000e+10,-6.068183558877276312e-02,-1.857756160804404644e+01
1.111741300000000000e+10,-5.978313241574609999e-02,-1.864191372242534683e+01
1.112441200000000000e+10,-5.889925102814752567e-02,-1.870616173277952754e+01
1.113141100000000000e+10,-5.802992141982879493e-02,-1.877030594115809237e+01
1.113841000000000000e+10,-5.717487896805788228e-02,-1.883434665038942768e+01
1.114540900000000000e+10,-5.633386431726973564e-02,-1.889828416401409328e+01
1.115240800000000000e+10,-5.550662326550014070e-02,-1.896211878622249003e+01
1.115940700000000000e+10,-5.469290665344462427e-02,-1.902585082179399834e+01
1.116640600000000000e+10,-5.389247025606863639e-02,-1.908948057603825887e+01
1.117340500000000000e+10,-5.310507467671608806e-02,-1.915300835473804852e+01
1.118040400000000000e+10,-5.233048524364507931e-02,-1.921643446409411737e+01
1.118740300000000000e+10,-5.156847190894874727e-02,-1.927975921067140064e+01
1.119440200000000000e+10,-5.081880914978075675e-02,-1.934298290134725917e+01
1.120140100000000000e+10,-5.008127587185225854e-02,-1.940610584326099897e+01
1.120840000000000000e+10,-4.935565531512795673e-02,-1.946912834376510304e+01
1.121539900000000000e+10,-4.864173496167859684e-02,-1.953205071037804430e+01
1.122239800000000000e+10,-4.793930644563612620e-02,-1.959487325073833119e+01
1.122939700000000000e+10,-4.724816546519129690e-02,-1.965759627256037945e+01
1.123639600000000000e+10,-4.656811169660310390e-02,-1.972022008359128620e+01
1.124339500000000000e+10,-4.589894871015082894e-02,-1.978274499156950839e+01
1.125039400000000000e+10,-4.524048388800042120e-02,-1.984517130418435116e+01
1.125739300000000000e+10,-4.459252834392211928e-02,-1.990749932903712960e+01
1.126439200000000000e+10,-4.395489684483282200e-02,-1.996972937360335010e+01
1.127139100000000000e+10,-4.332740773410107687e-02,-2.003186174519625240e+01
1.127839000000000000e+10,-4.270988285658829098e-02,-2.009389675093142458e+01
1.128538900000000000e+10,-4.210214748537493418e-02,-2.015583469769264013e+01
1.129238800000000000e+10,-4.150403025013410518e-02,-2.021767589209881066e+01
1.129938700000000000e+10,-4.091536306711561488e-02,-2.027942064047193682e+01
1.130638600000000000e+10,-4.033598107069648331e-02,-2.034106924880633471e+01
1.131338500000000000e+10,-3.976572254646906779e-02,-2.040262202273855152e+01
1.132038400000000000e+10,-3.920442886581790992e-02,-2.046407926751872708e+01
1.132738300000000000e+10,-3.865194442196655256e-02,-2.052544128798242085e+01
1.133438200000000000e+10,-3.810811656744231279e-02,-2.058670838852389551e+01
1.134138100000000000e+10,-3.757279555293627227e-02,-2.064788087306988729e+01
1.134838000000000000e+10,-3.704583446752372777e-02,-2.070895904505458418e+01
1.135537900000000000e+10,-3.652708918020731998e-02,-2.076994320739534317e+01
1.136237800000000000e+10,-3.601641828276331420e-02,-2.083083366246917123e+01
1.136937700000000000e+10,-3.551368303384262737e-02,-2.089163071209023315e+01
1.137637600000000000e+10,-3.501874730431706745e-02,-2.095233465748798807e+01
1.138337500000000000e+10,-3.453147752382507846e-02,-2.101294579928623207e+01
1.139037400000000000e+10,-3.405174262849861022e-02,-2.107346443748273401e+01
1.139737300000000000e+10,-3.357941400983843749e-02,-2.113389087142985900e+01
1.140437200000000000e+10,-3.311436546471469705e-02,-2.119422539981557918e+01
1.141137100000000000e+10,-3.265647314646178551e-02,-2.125446832064552538e+01
1.141837000000000000e+10,-3.220561551704535785e-02,-2.131461993122540477e+01
1.142536900000000000e+10,-3.176167330027721697e-02,-2.137468052814438124e+01
1.143236800000000000e+10,-3.132452943604982498e-02,-2.143465040725874360e+01
1.143936700000000000e+10,-3.089406903557108397e-02,-2.149452986367654361e+01
1.144636600000000000e+10,-3.047017933756849054e-02,-2.155431919174263911e+01
1.145336500000000000e+10,-3.005274966545570109e-02,-2.161401868502426993e+01
1.146036400000000000e+10,-2.964167138541595400e-02,-2.167362863629745817e+01
1.146736300000000000e+10,-2.923683786540639401e-02,-2.173314933753365708e+01
1.147436200000000000e+10,-2.883814443504040606e-02,-2.179258107988720639e+01
1.148136100000000000e+10,-2.844548834634207449e-02,-2.185192415368305774e+01
1.148836000000000000e+10,-2.805876873534718721e-02,-2.191117884840530650e+01
1.149535900000000000e+10,-2.767788658452861872e-02,-2.197034545268587635e+01
1.150235800000000000e+10,-2.730274468603241522e-02,-2.202942425429404238e+01
1.150935700000000000e+10,-2.693324760570414006e-02,-2.208841554012602515e+01
1.151635600000000000e+10,-2.656930164788465915e-02,-2.214731959619546586e+01
1.152335500000000000e+10,-2.621081482096253301e-02,-2.220613670762400460e+01
1.153035400000000000e+10,-2.585769680365897563e-02,-2.226486715863241628e+01
1.153735300000000000e+10,-2.550985891203704642e-02,-2.232351123253222269e+01
1.154435200000000000e+10,-2.516721406721227766e-02,-2.238206921171752839e+01
1.155135100000000000e+10,-2.482967676374981530e-02,-2.244054137765751022e+01
1.155835000000000000e+10,-2.449716303873411549e-02,-2.249892801088898864e+01
1.156534900000000000e+10,-2.416959044149497721e-02,-2.255722939100963487e+01
1.157234800000000000e+10,-2.384687800397627955e-02,-2.261544579667135935e+01
1.157934700000000000e+10,-2.352894621172679779e-02,-2.267357750557414064e+01
1.158634600000000000e+10,-2.321571697551232799e-02,-2.273162479446011375e+01
1.159334500000000000e+10,-2.290711360351656983e-02,-2.278958793910813441e+01
1.160034400000000000e+10,-2.260306077413581916e-02,-2.284746721432847849e+01
1.160734300000000000e+10,-2.230348450934196286e-02,-2.290526289395795700e+01
1.161434200000000000e+10,-2.200831214860246576e-02,-2.296297525085533309e+01
1.162134100000000000e+10,-2.171747232335368219e-02,-2.302060455689698415e+01
1.162834000000000000e+10,-2.143089493200138473e-02,-2.307815108297294060e+01
1.163533900000000000e+10,-2.114851111544835405e-02,-2.313561509898300983e+01
1.164233800000000000e+10,-2.087025323313067976e-02,-2.319299687383342246e+01
1.164933700000000000e+10,-2.059605483955458463e-02,-2.325029667543351053e+01
1.165633600000000000e+10,-2.032585066132039375e-02,-2.330751477069278010e+01
1.166333500000000000e+10,-2.005957657462253269e-02,-2.336465142551815788e+01
1.167033400000000000e+10,-1.979716958322106854e-02,-2.342170690481149364e+01
1.167733300000000000e+10,-1.953856779686125034e-02,-2.347868147246734338e+01
1.168433200000000000e+10,-1.928371041014958348e-02,-2.353557539137081633e+01
1.169133100000000000e+10,-1.903253768185578232e-02,-2.359238892339587323e+01
1.169833000000000000e+10,-1.878499091464876786e-02,-2.364912232940358550e+01
1.170532900000000000e+10,-1.854101243524580028e-02,-2.370577586924082425e+01
1.171232800000000000e+10,-1.830054557497130460e-02,-2.376234980173894229e+01
1.171932700000000000e+10,-1.806353465071431491e-02,-2.381884438471286813e+01
1.172632600000000000e+10,-1.782992494627534674e-02,-2.387525987496007218e+01
1.173332500000000000e+10,-1.759966269409651146e-02,-2.393159652826011197e+01
1.174032400000000000e+10,-1.737269505736233413e-02,-2.398785459937396070e+01
1.174732300000000000e+10,-1.714897011246714620e-02,-2.404403434204377632e+01
1.175432200000000000e+10,-1.692843683183993184e-02,-2.410013600899275943e+01
1.176132100000000000e+10,-1.671104506711772186e-02,-2.415615985192501114e+01
1.176832000000000000e+10,-1.649674553266040899e-02,-2.421210612152585284e+01
1.177531900000000000e+10,-1.628548978940005595e-02,-2.426797506746195765e+01
1.178231800000000000e+10,-1.607723022901619281e-02,-2.432376693838193660e+01
1.178931700000000000e+10,-1.587192005843359247e-02,-2.437948198191675431e+01
1.179631600000000000e+10,-1.566951328462927798e-02,-2.443512044468061006e+01
1.180331500000000000e+10,-1.546996469974808511e-02,-2.449068257227158796e+01
1.181031400000000000e+10,-1.527322986651614978e-02,-2.454616860927278310e+01
1.181731300000000000e+10,-1.507926510394917881e-02,-2.460157879925328217e+01
1.182431200000000000e+10,-1.488802747334586410e-02,-2.465691338476940686e+01
1.183131100000000000e+10,-1.469947476456195251e-02,-2.471217260736604260e+01
1.183831000000000000e+10,-1.451356548255969617e-02,-2.476735670757793883e+01
1.184530900000000000e+10,-1.433025883422387597e-02,-2.482246592493144277e+01
1.185230800000000000e+10,-1.414951471544493612e-02,-2.487750049794594531e+01
1.185930700000000000e+10,-1.397129369845181296e-02,-2.493246066413571072e+01
1.186630600000000000e+10,-1.379555701940467748e-02,-2.498734666001165650e+01
1.187330500000000000e+10,-1.362226656622919987e-02,-2.504215872108332164e+01
1.188030400000000000e+10,-1.345138486669198233e-02,-2.509689708186073887e+01
1.188730300000000000e+10,-1.328287507671383101e-02,-2.515156197585673326e+01
1.189430200000000000e+10,-1.311670096891270378e-02,-2.520615363558887623e+01
1.190130100000000000e+10,-1.295282692137119523e-02,-2.526067229258188362e+01
1.190830000000000000e+10,-1.279121790663004590e-02,-2.531511817736993208e+01
1.191529900000000000e+10,-1.263183948089286954e-02,-2.536949151949893988e+01
1.192229800000000000e+10,-1.247465777344418728e-02,-2.542379254752921014e+01
1.192929700000000000e+10,-1.231963947627844752e-02,-2.547802148903779340e+01
1.193629600000000000e+10,-1.216675183392671236e-02,-2.553217857062131557e+01
1.194329500000000000e+10,-1.201596263348602735e-02,-2.558626401789840088e+01
1.195029400000000000e+10,-1.186724019484241416e-02,-2.564027805551258510e+01
1.195729300000000000e+10,-1.172055336108437755e-02,-2.569422090713503692e+01
1.196429200000000000e+10,-1.157587148910178311e-02,-2.574809279546740015e+01
1.197129100000000000e+10,-1.143316444036932694e-02,-2.580189394224472466e+01
1.197829000000000000e+10,-1.129240257190812328e-02,-2.585562456823840094e+01
1.198528900000000000e+10,-1.115355672742267441e-02,-2.590928489325909112e+01
1.199228800000000000e+10,-1.101659822860723628e-02,-2.596287513615995834e+01
1.199928700000000000e+10,-1.088149886662373791e-02,-2.601639551483960133e+01
1.200628600000000000e+10,-1.074823089374184887e-02,-2.606984624624521274e+01
1.201328500000000000e+10,-1.061676701513858054e-02,-2.612322754637585831e+01
1.202028400000000000e+10,-1.048708038086007890e-02,-2.617653963028556774e+01
1.202728300000000000e+10,-1.035914457793287932e-02,-2.622978271208670265e+01
1.203428200000000000e+10,-1.023293362263020395e-02,-2.628295700495318599e+01
1.204128100000000000e+10,-1.010842195288392566e-02,-2.633606272112389490e+01
1.204828000000000000e+10,-9.985584420842531436e-03,-2.638910007190590434e+01
1.205527900000000000e+10,-9.864396285571000109e-03,-2.644206926767807531e+01
1.206227800000000000e+10,-9.744833205891017397e-03,-2.649497051789425939e+01
1.206927700000000000e+10,-9.626871233354082971e-03,-2.654780403108693321e+01
1.207627600000000000e+10,-9.510486805353646905e-03,-2.660057001487061612e+01
1.208327500000000000e+10,-9.395656738361629276e-03,-2.665326867594531279e+01
1.209027400000000000e+10,-9.282358221298339998e-03,-2.670590022010015829e+01
1.209727300000000000e+10,-9.170568809024561355e-03,-2.675846485221688908e+01
1.210427200000000000e+10,-9.060266415959025016e-03,-2.681096277627350233e+01
1.211127100000000000e+10,-8.951429309814384547e-03,-2.686339419534767714e+01
1.211827000000000000e+10,-8.844036105452526483e-03,-2.691575931162068613e+01
1.212526900000000000e+10,-8.738065758853288956e-03,-2.696805832638069944e+01
1.213226800000000000e+10,-8.633497561200827522e-03,-2.702029144002670336e+01
1.213926700000000000e+10,-8.530311133075414026e-03,-2.707245885207197489e+01
1.214626600000000000e+10,-8.428486418758800863e-03,-2.712456076114791159e+01
1.215326500000000000e+10,-8.328003680643802226e-03,-2.717659736500765533e+01
1.216026400000000000e+10,-8.228843493747584059e-03,-2.722856886052973735e+01
1.216726300000000000e+10,-8.130986740328490989e-03,-2.728047544372195077e+01
1.217426200000000000e+10,-8.034414604605381524e-03,-2.733231730972495299e+01
1.218126100000000000e+10,-7.939108567568728403e-03,-2.738409465281606714e+01
1.218826000000000000e+10,-7.845050401895016512e-03,-2.743580766641297330e+01
1.219525900000000000e+10,-7.752222166952225935e-03,-2.748745654307758102e+01
1.220225800000000000e+10,-7.660606203896356756e-03,-2.753904147451962814e+01
1.220925700000000000e+10,-7.570185130862742626e-03,-2.759056265160063504e+01
1.221625600000000000e+10,-7.480941838241958117e-03,-2.764202026433747150e+01
1.222325500000000000e+10,-7.392859484045530109e-03,-2.769341450190634646e+01
1.223025400000000000e+10,-7.305921489355111931e-03,-2.774474555264647080e+01
1.223725300000000000e+10,-7.220111533858421422e-03,-2.779601360406384458e+01
1.224425200000000000e+10,-7.135413551462211137e-03,-2.784721884283510107e+01
1.225125100000000000e+10,-7.051811725990908726e-03,-2.789836145481122287e+01
1.225825000000000000e+10,-6.969290486960702177e-03,-2.794944162502146412e+01
1.226524900000000000e+10,-6.887834505430453363e-03,-2.800045953767697071e+01
1.227224800000000000e+10,-6.807428689932299576e-03,-2.805141537617473446e+01
1.227924700000000000e+10,-6.728058182471221595e-03,-2.810230932310124885e+01
1.228624600000000000e+10,-6.649708354601765320e-03,-2.815314156023644188e+01
1.229324500000000000e+10,-6.572364803573619782e-03,-2.820391226855729272e+01
1.230024400000000000e+10,-6.496013348547477473e-03,-2.825462162824180368e+01
1.230724300000000000e+10,-6.420640026881569047e-03,-2.830526981867265945e+01
1.231424200000000000e+10,-6.346231090481614309e-03,-2.835585701844104278e+01
1.232124100000000000e+10,-6.272773002219908002e-03,-2.840638340535040030e+01
1.232824000000000000e+10,-6.200252432418680570e-03,-2.845684915642022972e+01
1.233523900000000000e+10,-6.128656255393812556e-03,-2.850725444788986707e+01
1.234223800000000000e+10,-6.057971546067075774e-03,-2.855759945522216725e+01
1.234923700000000000e+10,-5.988185576630909723e-03,-2.860788435310738720e+01
1.235623600000000000e+10,-5.919285813282128099e-03,-2.865810931546678120e+01
1.236323500000000000e+10,-5.851259913004217515e-03,-2.870827451545651599e+01
1.237023400000000000e+10,-5.784095720417987800e-03,-2.875838012547123412e+01
1.237723300000000000e+10,-5.717781264679302686e-03,-2.880842631714790159e+01
1.238423200000000000e+10,-5.652304756438325528e-03,-2.885841326136950968e+01
1.239123100000000000e+10,-5.587654584847693770e-03,-2.890834112826870950e+01
1.239823000000000000e+10,-5.523819314631178007e-03,-2.895821008723165590e+01
1.240522900000000000e+10,-5.460787683196863598e-03,-2.900802030690154254e+01
1.241222800000000000e+10,-5.398548597805424495e-03,-2.905777195518242451e+01
1.241922700000000000e+10,-5.337091132789135994e-03,-2.910746519924279596e+01
1.242622600000000000e+10,-5.276404526819655771e-03,-2.915710020551934178e+01
1.243322500000000000e+10,-5.216478180220189553e-03,-2.920667713972050450e+01
1.244022400000000000e+10,-5.157301652332156594e-03,-2.925619616683023949e+01
1.244722300000000000e+10,-5.098864658923308105e-03,-2.930565745111152154e+01
1.245422200000000000e+10,-5.041157069642070859e-03,-2.935506115611006095e+01
1.246122100000000000e+10,-4.984168905518589557e-03,-2.940440744465794864e+01
1.246822000000000000e+10,-4.927890336506654881e-03,-2.945369647887713427e+01
1.247521900000000000e+10,-4.872311679073228034e-03,-2.950292842018313166e+01
1.248221800000000000e+10,-4.817423393823986807e-03,-2.955210342928852185e+01
1.248921700000000000e+10,-4.763216083177381453e-03,-2.960122166620660167e+01
1.249621600000000000e+10,-4.709680489074175198e-03,-2.965028329025486187e+01
1.250321500000000000e+10,-4.656807490726781913e-03,-2.969928846005858603e+01
1.251021400000000000e+10,-4.604588102414167161e-03,-2.974823733355432154e+01
1.251721300000000000e+10,-4.553013471305886531e-03,-2.979713006799349984e+01
1.252421200000000000e+10,-4.502074875330687280e-03,-2.984596681994580081e+01
1.253121100000000000e+10,-4.451763721080479255e-03,-2.989474774530280143e+01
1.253821000000000000e+10,-4.402071541749180694e-03,-2.994347299928132600e+01
1.254520900000000000e+10,-4.352989995108825887e-03,-2.999214273642696682e+01
1.255220800000000000e+10,-4.304510861518579673e-03,-3.004075711061757659e+01
1.255920700000000000e+10,-4.256626041971946217e-03,-3.008931627506660789e+01
1.256620600000000000e+10,-4.209327556173474150e-03,-3.013782038232667304e+01
1.257320500000000000e+10,-4.162607540649763266e-03,-3.018626958429278417e+01
1.258020400000000000e+10,-4.116458246895722539e-03,-3.023466403220593790e+01
1.258720300000000000e+10,-4.070872039548346054e-03,-3.028300387665635895e+01
1.259420200000000000e+10,-4.025841394594747123e-03,-3.033128926758694632e+01
1.260120100000000000e+10,-3.981358897609608982e-03,-3.037952035429658793e+01
1.260820000000000000e+10,-3.937417242023970657e-03,-3.042769728544354280e+01
1.261519900000000000e+10,-3.894009227421474373e-03,-3.047582020904872735e+01
1.262219800000000000e+10,-3.851127757866402643e-03,-3.052388927249904427e+01
1.262919700000000000e+10,-3.808765840256738734e-03,-3.057190462255071495e+01
1.263619600000000000e+10,-3.766916582709958772e-03,-3.061986640533248050e+01
1.264319500000000000e+10,-3.725573192970923781e-03,-3.066777476634899102e+01
1.265019400000000000e+10,-3.684728976850555702e-03,-3.071562985048391070e+01
1.265719300000000000e+10,-3.644377336689485613e-03,-3.076343180200332483e+01
1.266419200000000000e+10,-3.604511769848114423e-03,-3.081118076455881294e+01
1.267119100000000000e+10,-3.565125867223078657e-03,-3.085887688119076699e+01
1.267819000000000000e+10,-3.526213311785765005e-03,-3.090652029433152137e+01
1.268518900000000000e+10,-3.487767877147690543e-03,-3.095411114580857515e+01
1.269218800000000000e+10,-3.449783426152254646e-03,-3.100164957684772205e+01
1.269918700000000000e+10,-3.412253909484174244e-03,-3.104913572807624433e+01
1.270618600000000000e+10,-3.375173364308643124e-03,-3.109656973952601078e+01
1.271318500000000000e+10,-3.338535912928643386e-03,-3.114395175063657817e+01
1.272018400000000000e+10,-3.302335761466661419e-03,-3.119128190025840652e+01
1.272718300000000000e+10,-3.266567198569837824e-03,-3.123856032665578297e+01
1.273418200000000000e+10,-3.231224594133235220e-03,-3.128578716751004762e+01
1.274118100000000000e+10,-3.196302398047494529e-03,-3.133296255992254231e+01
1.274818000000000000e+10,-3.161795138966038993e-03,-3.138008664041775475e+01
1.275517900000000000e+10,-3.127697423093752337e-03,-3.142715954494624242e+01
1.276217800000000000e+10,-3.094003932992783843e-03,-3.147418140888774829e+01
1.276917700000000000e+10,-3.060709426413189913e-03,-3.152115236705412471e+01
1.277617600000000000e+10,-3.027808735138273494e-03,-3.156807255369236032e+01
1.278317500000000000e+10,-2.995296763851373802e-03,-3.161494210248754300e+01
1.279017400000000000e+10,-2.963168489021681621e-03,-3.166176114656576601e+01
1.279717300000000000e+10,-2.931418957807627786e-03,-3.170852981849716912e+01
1.280417200000000000e+10,-2.900043286976884249e-03,-3.175524825029873455e+01
1.281117100000000000e+10,-2.869036661847295874e-03,-3.180191657343732459e+01
1.281817000000000000e+10,-2.838394335243927830e-03,-3.184853491883244203e+01
1.282516900000000000e+10,-2.808111626471736320e-03,-3.189510341685924999e+01
1.283216800000000000e+10,-2.778183920307231939e-03,-3.194162219735129682e+01
1.283916700000000000e+10,-2.748606666005273293e-03,-3.198809138960347909e+01
1.284616600000000000e+10,-2.719375376323396060e-03,-3.203451112237479492e+01
1.285316500000000000e+10,-2.690485626560305214e-03,-3.208088152389121461e+01
1.286016400000000000e+10,-2.661933053611398748e-03,-3.212720272184846237e+01
1.286716300000000000e+10,-2.633713355040863662e-03,-3.217347484341478037e+01
1.287416200000000000e+10,-2.605822288164528090e-03,-3.221969801523376020e+01
1.288116100000000000e+10,-2.578255669153125488e-03,-3.226587236342703591e+01
1.288816000000000000e+10,-2.551009372145830994e-03,-3.231199801359709767e+01
1.289515900000000000e+10,-2.524079328380826256e-03,-3.235807509082991373e+01
1.290215800000000000e+10,-2.497461525339016511e-03,-3.240410371969781522e+01
1.290915700000000000e+10,-2.471152005900432817e-03,-3.245008402426199723e+01
1.291615600000000000e+10,-2.445146867516670083e-03,-3.249601612807537521e+01
1.292315500000000000e+10,-2.419442261394556554e-03,-3.254190015418511450e+01
1.293015400000000000e+10,-2.394034391695370762e-03,-3.258773622513538726e+01
1.293715300000000000e+10,-2.368919514742385581e-03,-3.263352446297000142e+01
1.294415200000000000e+10,-2.344093938247817765e-03,-3.267926498923492318e+01
1.295115100000000000e+10,-2.319554020546161707e-03,-3.272495792498105516e+01
1.295815000000000000e+10,-2.295296169843550737e-03,-3.277060339076668782e+01
1.296514900000000000e+10,-2.271316843476389648e-03,-3.281620150666017111e+01
1.297214800000000000e+10,-2.247612547185041595e-03,-3.286175239224244393e+01
1.297914700000000000e+10,-2.224179834396784045e-03,-3.290725616660959929e+01
1.298614600000000000e+10,-2.201015305519470576e-03,-3.295271294837539955e+01
1.299314500000000000e+10,-2.178115607251208084e-03,-3.299812285567388415e+01
1.300014400000000000e+10,-2.155477431893017704e-03,-3.304348600616172149e+01
1.300714300000000000e+10,-2.133097516681367860e-03,-3.308880251702092323e+01
1.301414200000000000e+10,-2.110972643124645141e-03,-3.313407250496114642e+01
1.302114100000000000e+10,-2.089099636352258725e-03,-3.317929608622222304e+01
1.302814000000000000e+10,-2.067475364476365363e-03,-3.322447337657666822e+01
1.303513900000000000e+10,-2.046096737960430029e-03,-3.326960449133200370e+01
1.304213800000000000e+10,-2.024960708997506666e-03,-3.331468954533333715e+01
1.304913700000000000e+10,-2.004064270902590136e-03,-3.335972865296562162e+01
1.305613600000000000e+10,-1.983404457510826776e-03,-3.340472192815617802e+01
1.306313500000000000e+10,-1.962978342584960172e-03,-3.344966948437701149e+01
1.307013400000000000e+10,-1.942783039234910036e-03,-3.349457143464722719e+01
1.307713300000000000e+10,-1.922815699344167890e-03,-3.353942789153533255e+01
1.308413200000000000e+10,-1.903073513006392058e-03,-3.358423896716167434e+01
1.309113100000000000e+10,-1.883553707968816868e-03,-3.362900477320064851e+01
1.309813000000000000e+10,-1.864253549088751207e-03,-3.367372542088314447e+01
1.310512900000000000e+10,-1.845170337793028284e-03,-3.371840102099879743e+01
1.311212800000000000e+10,-1.826301411550543437e-03,-3.376303168389820542e+01
1.311912700000000000e+10,-1.807644143349667601e-03,-3.380761751949536631e+01
1.312612600000000000e+10,-1.789195941186815485e-03,-3.385215863726980956e+01
1.313312500000000000e+10,-1.770954247559889836e-03,-3.389665514626892673e+01
1.314012400000000000e+10,-1.752916538972390569e-03,-3.394110715511013154e+01
1.314712300000000000e+10,-1.735080325443365355e-03,-3.398551477198323312e+01
1.315412200000000000e+10,-1.717443150024642803e-03,-3.402987810465243967e+01
1.316112100000000000e+10,-1.700002588329213409e-03,-3.407419726045880282e+01
1.316812000000000000e+10,-1.682756248061582655e-03,-3.411847234632216441e+01
1.317511900000000000e+10,-1.665701768558784874e-03,-3.416270346874351560e+01
1.318211800000000000e+10,-1.648836820338196339e-03,-3.420689073380711420e+01
1.318911700000000000e+10,-1.632159104651659297e-03,-3.425103424718252398e+01
1.319611600000000000e+10,-1.615666353045439214e-03,-3.429513411412695234e+01
1.320311500000000000e+10,-1.599356326930354011e-03,-3.433919043948716876e+01
1.321011400000000000e+10,-1.583226817154353159e-03,-3.438320332770180698e+01
1.321711300000000000e+10,-1.567275643584784125e-03,-3.442717288280330479e+01
1.322411200000000000e+10,-1.551500654695038778e-03,-3.447109920842010666e+01
1.323111100000000000e+10,-1.535899727159437556e-03,-3.451498240777868887e+01
1.323811000000000000e+10,-1.520470765452970434e-03,-3.455882258370564131e+01
1.324510900000000000e+10,-1.505211701455902483e-03,-3.460261983862969259e+01
1.325210800000000000e+10,-1.490120494068053122e-03,-3.464637427458378482e+01
1.325910700000000000e+10,-1.475195128826975888e-03,-3.469008599320708441e+01
1.326610600000000000e+10,-1.460433617529540004e-03,-3.473375509574701425e+01
1.327310500000000000e+10,-1.445833997864161193e-03,-3.477738168306123612e+01
1.328010400000000000e+10,-1.431394333044023678e-03,-3.482096585561964730e+01
1.328710300000000000e+10,-1.417112711449499459e-03,-3.486450771350639144e+01
1.329410200000000000e+10,-1.402987246273491254e-03,-3.490800735642177699e+01
1.330110100000000000e+10,-1.389016075172589803e-03,-3.495146488368430937e+01
1.330810000000000000e+10,-1.375197359926459391e-03,-3.499488039423253127e+01
1.331509900000000000e+10,-1.361529286096289232e-03,-3.503825398662709745e+01
1.332209800000000000e+10,-1.348010062694360734e-03,-3.508158575905252263e+01
1.332909700000000000e+10,-1.334637921855571108e-03,-3.512487580931929898e+01
1.333609600000000000e+10,-1.321411118515253584e-03,-3.516812423486563688e+01
1.334309500000000000e+10,-1.308327930088950706e-03,-3.521133113275937632e+01
1.335009400000000000e+10,-1.295386656162339023e-03,-3.525449659969999061e+01
1.335709300000000000e+10,-1.282585618180215499e-03,-3.529762073202026329e+01
1.336409200000000000e+10,-1.269923159144184651e-03,-3.534070362568833445e+01
1.337109100000000000e+10,-1.257397643311818037e-03,-3.538374537630937766e+01
1.337809000000000000e+10,-1.245007455903067266e-03,-3.542674607912758944e+01
1.338508900000000000e+10,-1.232751002809111263e-03,-3.546970582902786617e+01
1.339208800000000000e+10,-1.220626710305565280e-03,-3.551262472053775809e+01
1.339908700000000000e+10,-1.208633024773424387e-03,-3.555550284782916037e+01
1.340608600000000000e+10,-1.196768412417135562e-03,-3.559834030472016764e+01
1.341308500000000000e+10,-1.185031358994743456e-03,-3.564113718467683611e+01
1.342008400000000000e+10,-1.173420369547092685e-03,-3.568389358081495999e+01
1.342708300000000000e+10,-1.161933968130904630e-03,-3.572660958590183355e+01
1.343408200000000000e+10,-1.150570697559590017e-03,-3.576928529235797072e+01
1.344108100000000000e+10,-1.139329119145041829e-03,-3.581192079225892400e+01
1.344808000000000000e+10,-1.128207812442339310e-03,-3.585451617733690455e+01
1.345507900000000000e+10,-1.117205375000739249e-03,-3.589707153898261538e+01
1.346207800000000000e+10,-1.106320422117574665e-03,-3.593958696824683585e+01
1.346907700000000000e+10,-1.095551586595063919e-03,-3.598206255584227620e+01
1.347607600000000000e+10,-1.084897518500511655e-03,-3.602449839214511940e+01
1.348307500000000000e+10,-1.074356884932310208e-03,-3.606689456719676912e+01
1.349007400000000000e+10,-1.063928369785957073e-03,-3.610925117070556212e+01
1.349707300000000000e+10,-1.053610673525389721e-03,-3.615156829204831013e+01
1.350407200000000000e+10,-1.043402512959641258e-03,-3.619384602027209041e+01
1.351107100000000000e+10,-1.033302621017578122e-03,-3.623608444409573792e+01
1.351807000000000000e+10,-1.023309746531333086e-03,-3.627828365191164295e+01
1.352506900000000000e+10,-1.013422654020233737e-03,-3.632044373178717223e+01
1.353206800000000000e+10,-1.003640123476669515e-03,-3.636256477146650923e+01
1.353906700000000000e+10,-9.939609501596917071e-04,-3.640464685837203263e+01
1.354606600000000000e+10,-9.843839443847627983e-04,-3.644669007960611395e+01
1.355306500000000000e+10,-9.749079313241293702e-04,-3.648869452195248897e+01
1.356006400000000000e+10,-9.655317508038300731e-04,-3.653066027187803400e+01
1.356706300000000000e+10,-9.562542571065012599e-04,-3.657258741553422254e+01
1.357406200000000000e+10,-9.470743187790162110e-04,-3.661447603875864587e+01
1.358106100000000000e+10,-9.379908184367591025e-04,-3.665632622707665433e+01
1.358806000000000000e+10,-9.290026525780356158e-04,-3.669813806570287795e+01
1.359505900000000000e+10,-9.201087313960836650e-04,-3.673991163954267591e+01
1.360205800000000000e+10,-9.113079785959147866e-04,-3.678164703319370687e+01
1.360905700000000000e+10,-9.025993312126128062e-04,-3.682334433094751347e+01
1.361605600000000000e+10,-8.939817394349461798e-04,-3.686500361679085103e+01
1.362305500000000000e+10,-8.854541664260951643e-04,-3.690662497440735734e+01
1.363005400000000000e+10,-8.770155881545162787e-04,-3.694820848717891693e+01
1.363705300000000000e+10,-8.686649932199911727e-04,-3.698975423818722419e+01
1.364405200000000000e+10,-8.604013826864371226e-04,-3.703126231021511217e+01
1.365105100000000000e+10,-8.522237699161704658e-04,-3.707273278574821518e+01
1.365805000000000000e+10,-8.441311804061088064e-04,-3.711416574697624071e+01
1.366504900000000000e+10,-8.361226516273548466e-04,-3.715556127579447576e+01
1.367204800000000000e+10,-8.281972328647898684e-04,-3.719691945380526477e+01
1.367904700000000000e+10,-8.203539850610122629e-04,-3.723824036231930279e+01
1.368604600000000000e+10,-8.125919806626964335e-04,-3.727952408235722004e+01
1.369304500000000000e+10,-8.049103034679226014e-04,-3.732077069465086794e+01
1.370004400000000000e+10,-7.973080484764066356e-04,-3.736198027964476154e+01
1.370704300000000000e+10,-7.897843217407008939e-04,-3.740315291749745086e+01
1.371404200000000000e+10,-7.823382402212605705e-04,-3.744428868808294908e+01
1.372104100000000000e+10,-7.749689316419965243e-04,-3.748538767099203994e+01
1.372804000000000000e+10,-7.676755343506595297e-04,-3.752644994553369884e+01
1.373503900000000000e+10,-7.604571971763343695e-04,-3.756747559073644993e+01
1.374203800000000000e+10,-7.533130792927284457e-04,-3.760846468534965936e+01
1.374903700000000000e+10,-7.462423500838766439e-04,-3.764941730784496343e+01
1.375603600000000000e+10,-7.392441890079230402e-04,-3.769033353641752626e+01
1.376303500000000000e+10,-7.323177854671768846e-04,-3.773121344898742535e+01
1.377003400000000000e+10,-7.254623386776922964e-04,-3.777205712320092346e+01
1.377703300000000000e+10,-7.186770575388522946e-04,-3.781286463643182572e+01
1.378403200000000000e+10,-7.119611605101924812e-04,-3.785363606578275153e+01
1.379103100000000000e+10,-7.053138754848525295e-04,-3.789437148808645617e+01
1.379803000000000000e+10,-6.987344396654454441e-04,-3.793507097990706001e+01
1.380502900000000000e+10,-6.922220994471643034e-04,-3.797573461754144120e+01
1.381202800000000000e+10,-6.857761102922124577e-04,-3.801636247702041516e+01
1.381902700000000000e+10,-6.793957366177421275e-04,-3.805695463411002066e+01
1.382602600000000000e+10,-6.730802516760815051e-04,-3.809751116431282014e+01
1.383302500000000000e+10,-6.668289374407519298e-04,-3.813803214286909338e+01
1.384002400000000000e+10,-6.606410844949010992e-04,-3.817851764475812359e+01
1.384702300000000000e+10,-6.545159919182942914e-04,-3.821896774469941249e+01
1.385402200000000000e+10,-6.484529671781657807e-04,-3.825938251715397342e+01
1.386102100000000000e+10,-6.424513260215223252e-04,-3.829976203632541853e+01
1.386802000000000000e+10,-6.365103923664852930e-04,-3.834010637616136563e+01
1.387501900000000000e+10,-6.306294981989412577e-04,-3.838041561035441873e+01
1.388201800000000000e+10,-6.248079834672668354e-04,-3.842068981234361047e+01
1.388901700000000000e+10,-6.190451959813979190e-04,-3.846092905531541817e+01
1.389601600000000000e+10,-6.133404913099725023e-04,-3.850113341220502150e+01
1.390301500000000000e+10,-6.076932326823001555e-04,-3.854130295569752462e+01
1.391001400000000000e+10,-6.021027908888869091e-04,-3.858143775822901489e+01
1.391701300000000000e+10,-5.965685441848576692e-04,-3.862153789198788445e+01
1.392401200000000000e+10,-5.910898781957929331e-04,-3.866160342891579660e+01
1.393101100000000000e+10,-5.856661858211562998e-04,-3.870163444070909975e+01
1.393801000000000000e+10,-5.802968671425484150e-04,-3.874163099881972983e+01
1.394500900000000000e+10,-5.749813293334100602e-04,-3.878159317445645371e+01
1.395200800000000000e+10,-5.697189865653525063e-04,-3.882152103858607006e+01
1.395900700000000000e+10,-5.645092599217238320e-04,-3.886141466193437566e+01
1.396600600000000000e+10,-5.593515773087671212e-04,-3.890127411498751542e+01
1.397300500000000000e+10,-5.542453733687098408e-04,-3.894109946799282795e+01
1.398000400000000000e+10,-5.491900893947854840e-04,-3.898089079096016007e+01
1.398700300000000000e+10,-5.441851732452920084e-04,-3.902064815366293971e+01
1.399400200000000000e+10,-5.392300792624763828e-04,-3.906037162563917065e+01
1.400100100000000000e+10,-5.343242681894913148e-04,-3.910006127619258365e+01
1.400800000000000000e+10,-5.294672070888020981e-04,-3.913971717439383724e+01
1.401499900000000000e+10,-5.246583692625236654e-04,-3.917933938908133484e+01
1.402199800000000000e+10,-5.198972341751720511e-04,-3.921892798886253928e+01
1.402899700000000000e+10,-5.151832873730414911e-04,-3.925848304211493200e+01
1.403599600000000000e+10,-5.105160204103352355e-04,-3.929800461698708602e+01
1.404299500000000000e+10,-5.058949307719229739e-04,-3.933749278139970329e+01
1.404999400000000000e+10,-5.013195217994755514e-04,-3.937694760304670183e+01
1.405699300000000000e+10,-4.967893026166373457e-04,-3.941636914939622471e+01
1.406399200000000000e+10,-4.923037880585407660e-04,-3.945575748769169167e+01
1.407099100000000000e+10,-4.878624985974644077e-04,-3.949511268495284355e+01
1.407799000000000000e+10,-4.834649602752447563e-04,-3.953443480797670162e+01
1.408498900000000000e+10,-4.791107046308668233e-04,-3.957372392333870437e+01
1.409198800000000000e+10,-4.747992686328794828e-04,-3.961298009739357440e+01
1.409898700000000000e+10,-4.705301946113294755e-04,-3.965220339627645529e+01
1.410598600000000000e+10,-4.663030301916267027e-04,-3.969139388590382111e+01
1.411298500000000000e+10,-4.621173282264819712e-04,-3.973055163197456352e+01
1.411998400000000000e+10,-4.579726467336327515e-04,-3.976967669997086574e+01
1.412698300000000000e+10,-4.538685488287487360e-04,-3.980876915515926839e+01
1.413398200000000000e+10,-4.498046026636432111e-04,-3.984782906259165003e+01
1.414098100000000000e+10,-4.457803813630389174e-04,-3.988685648710615794e+01
1.414798000000000000e+10,-4.417954629637469094e-04,-3.992585149332823846e+01
1.415497900000000000e+10,-4.378494303519178676e-04,-3.996481414567149670e+01
1.416197800000000000e+10,-4.339418712051166995e-04,-4.000374450833876949e+01
1.416897700000000000e+10,-4.300723779310232668e-04,-4.004264264532299222e+01
1.417597600000000000e+10,-4.262405476109565111e-04,-4.008150862040820783e+01
1.418297500000000000e+10,-4.224459819400245967e-04,-4.012034249717042655e+01
1.418997400000000000e+10,-4.186882871716154941e-04,-4.015914433897869174e+01
1.419697300000000000e+10,-4.149670740609256048e-04,-4.019791420899586853e+01
1.420397200000000000e+10,-4.112819578084882244e-04,-4.023665217017964579e+01
1.421097100000000000e+10,-4.076325580070799988e-04,-4.027535828528350237e+01
1.421797000000000000e+10,-4.040184985862163873e-04,-4.031403261685746031e+01
1.422496900000000000e+10,-4.004394077600242517e-04,-4.035267522724918621e+01
1.423196800000000000e+10,-3.968949179731872225e-04,-4.039128617860474435e+01
1.423896700000000000e+10,-3.933846658512305298e-04,-4.042986553286965545e+01
1.424596600000000000e+10,-3.899082921469508990e-04,-4.046841335178957877e+01
1.425296500000000000e+10,-3.864654416907042011e-04,-4.050692969691142054e+01
1.425996400000000000e+10,-3.830557633421408916e-04,-4.054541462958405162e+01
1.426696300000000000e+10,-3.796789099385670875e-04,-4.058386821095932362e+01
1.427396200000000000e+10,-3.763345382471642653e-04,-4.062229050199279357e+01
1.428096100000000000e+10,-3.730223089181741161e-04,-4.066068156344477558e+01
1.428796000000000000e+10,-3.697418864351915621e-04,-4.069904145588103006e+01
1.429495900000000000e+10,-3.664929390717267931e-04,-4.073737023967373716e+01
1.430195800000000000e+10,-3.632751388424643613e-04,-4.077566797500232809e+01
1.430895700000000000e+10,-3.600881614583802473e-04,-4.081393472185428806e+01
1.431595600000000000e+10,-3.569316862818605520e-04,-4.085217054002608705e+01
1.432295500000000000e+10,-3.538053962842314004e-04,-4.089037548912400410e+01
1.432995400000000000e+10,-3.507089779984678317e-04,-4.092854962856484491e+01
1.433695300000000000e+10,-3.476421214791365405e-04,-4.096669301757694370e+01
1.434395200000000000e+10,-3.446045202589636592e-04,-4.100480571520091644e+01
1.435095100000000000e+10,-3.415958713054041674e-04,-4.104288778029043527e+01
1.435795000000000000e+10,-3.386158749805863672e-04,-4.108093927151315228e+01
1.436494900000000000e+10,-3.356642350012577149e-04,-4.111896024735145261e+01
1.437194800000000000e+10,-3.327406583953558560e-04,-4.115695076610322900e+01
1.437894700000000000e+10,-3.298448554648488427e-04,-4.119491088588276284e+01
1.438594600000000000e+10,-3.269765397447186271e-04,-4.123284066462151998e+01
1.439294500000000000e+10,-3.241354279658024713e-04,-4.127074016006887547e+01
1.439994400000000000e+10,-3.213212400137777959e-04,-4.130860942979296624e+01
1.440694300000000000e+10,-3.185336988939337414e-04,-4.134644853118150110e+01
1.441394200000000000e+10,-3.157725306920860044e-04,-4.138425752144244996e+01
1.442094100000000000e+10,-3.130374645388673931e-04,-4.142203645760494624e+01
1.442794000000000000e+10,-3.103282325725727599e-04,-4.145978539651993344e+01
1.443493900000000000e+10,-3.076445699020038818e-04,-4.149750439486109599e+01
1.444193800000000000e+10,-3.049862145736555391e-04,-4.153519350912543473e+01
1.444893700000000000e+10,-3.023529075350437864e-04,-4.157285279563421909e+01
1.445593600000000000e+10,-2.997443925994817959e-04,-4.161048231053358393e+01
1.446293500000000000e+10,-2.971604164132671299e-04,-4.164808210979540348e+01
1.446993400000000000e+10,-2.946007284214227401e-04,-4.168565224921796641e+01
1.447693300000000000e+10,-2.920650808339210350e-04,-4.172319278442677160e+01
1.448393200000000000e+10,-2.895532285948012479e-04,-4.176070377087528129e+01
1.449093100000000000e+10,-2.870649293455011775e-04,-4.179818526384556776e+01
1.449793000000000000e+10,-2.845999433983153765e-04,-4.183563731844913036e+01
1.450492900000000000e+10,-2.821580337002099585e-04,-4.187305998962764875e+01
1.451192800000000000e+10,-2.797389658033887314e-04,-4.191045333215362945e+01
1.451892700000000000e+10,-2.773425078353770239e-04,-4.194781740063116615e+01
1.452592600000000000e+10,-2.749684304671780712e-04,-4.198515224949666447e+01
1.453292500000000000e+10,-2.726165068838399619e-04,-4.202245793301959509e+01
1.453992400000000000e+10,-2.702865127535766386e-04,-4.205973450530308355e+01
1.454692300000000000e+10,-2.679782262007472486e-04,-4.209698202028479841e+01
1.455392200000000000e+10,-2.656914277754602650e-04,-4.213420053173742730e+01
1.456092100000000000e+10,-2.634259004246241502e-04,-4.217139009326963617e+01
1.456792000000000000e+10,-2.611814294654100444e-04,-4.220855075832653824e+01
1.457491900000000000e+10,-2.589578025558215307e-04,-4.224568258019054667e+01
1.458191800000000000e+10,-2.567548096671929260e-04,-4.228278561198195007e+01
1.458891700000000000e+10,-2.545722430581354688e-04,-4.231985990665965858e+01
1.459591600000000000e+10,-2.524098972475185133e-04,-4.235690551702190021e+01
1.460291500000000000e+10,-2.502675689874519160e-04,-4.239392249570683191e+01
1.460991400000000000e+10,-2.481450572372324403e-04,-4.243091089519331405e+01
1.461691300000000000e+10,-2.460421631372908128e-04,-4.246787076780145043e+01
1.462391200000000000e+10,-2.439586899855502331e-04,-4.250480216569339120e+01
1.463091100000000000e+10,-2.418944432094449596e-04,-4.254170514087385868e+01
1.463791000000000000e+10,-2.398492303427616156e-04,-4.257857974519097866e+01
1.464490900000000000e+10,-2.378228610015160698e-04,-4.261542603033675647e+01
1.465190800000000000e+10,-2.358151468574198927e-04,-4.265224404784785861e+01
1.465890700000000000e+10,-2.338259016176154521e-04,-4.268903384910618826e+01
1.466590600000000000e+10,-2.318549409976605497e-04,-4.272579548533961713e+01
1.467290500000000000e+10,-2.299020826993353444e-04,-4.276252900762248998e+01
1.467990400000000000e+10,-2.279671463884495744e-04,-4.279923446687640620e+01
1.468690300000000000e+10,-2.260499536712033718e-04,-4.283591191387080244e+01
1.469390200000000000e+10,-2.241503280719949723e-04,-4.287256139922352816e+01
1.470090100000000000e+10,-2.222680950107463614e-04,-4.290918297340159882e+01
1.470790000000000000e+10,-2.204030817816759243e-04,-4.294577668672167903e+01
1.471489900000000000e+10,-2.185551175311067516e-04,-4.298234258935082863e+01
1.472189800000000000e+10,-2.167240332372041747e-04,-4.301888073130704981e+01
1.472889700000000000e+10,-2.149096616868201347e-04,-4.305539116245992659e+01
1.473589600000000000e+10,-2.131118374561954683e-04,-4.309187393253124299e+01
1.474289500000000000e+10,-2.113303968906979303e-04,-4.312832909109559409e+01
1.474989400000000000e+10,-2.095651780826318015e-04,-4.316475668758096162e+01
1.475689300000000000e+10,-2.078160208529050593e-04,-4.320115677126938181e+01
1.476389200000000000e+10,-2.060827667302858796e-04,-4.323752939129744277e+01
1.477089100000000000e+10,-2.043652589330703239e-04,-4.327387459665702352e+01
1.477789000000000000e+10,-2.026633423468928124e-04,-4.331019243619577708e+01
1.478488900000000000e+10,-2.009768635092869238e-04,-4.334648295861771317e+01
1.479188800000000000e+10,-1.993056705874964377e-04,-4.338274621248390872e+01
1.479888700000000000e+10,-1.976496133620724949e-04,-4.341898224621292712e+01
1.480588600000000000e+10,-1.960085432075775631e-04,-4.345519110808158558e+01
1.481288500000000000e+10,-1.943823130747366235e-04,-4.349137284622533173e+01
1.481988400000000000e+10,-1.927707774711415970e-04,-4.352752750863903941e+01
1.482688300000000000e+10,-1.911737924458136611e-04,-4.356365514317736398e+01
1.483388200000000000e+10,-1.895912155694259383e-04,-4.359975579755543151e+01
1.484088100000000000e+10,-1.880229059188659750e-04,-4.363582951934945697e+01
1.484788000000000000e+10,-1.864687240579410361e-04,-4.367187635599717055e+01
1.485487900000000000e+10,-1.849285320229053335e-04,-4.370789635479849267e+01
1.486187800000000000e+10,-1.834021933041299628e-04,-4.374388956291603137e+01
1.486887700000000000e+10,-1.818895728301837518e-04,-4.377985602737564363e+01
1.487587600000000000e+10,-1.803905369509500921e-04,-4.381579579506703226e+01
1.488287500000000000e+10,-1.789049534231548452e-04,-4.385170891274426452e+01
1.488987400000000000e+10,-1.774326913915544323e-04,-4.388759542702629091e+01
1.489687300000000000e+10,-1.759736213768751153e-04,-4.392345538439754904e+01
1.490387200000000000e+10,-1.745276152565191307e-04,-4.395928883120844688e+01
1.491087100000000000e+10,-1.730945462529863053e-04,-4.399509581367595246e+01
1.491787000000000000e+10,-1.716742889155449948e-04,-4.403087637788413389e+01
1.492486900000000000e+10,-1.702667191072073196e-04,-4.406663056978459281e+01
1.493186800000000000e+10,-1.688717139888113415e-04,-4.410235843519713939e+01
1.493886700000000000e+10,-1.674891520055141008e-04,-4.413806001981023996e+01
1.494586600000000000e+10,-1.661189128708744165e-04,-4.417373536918151444e+01
1.495286500000000000e+10,-1.647608775547924659e-04,-4.420938452873830471e+01
1.495986400000000000e+10,-1.634149282675927475e-04,-4.424500754377825729e+01
1.496686300000000000e+10,-1.620809484455533163e-04,-4.428060445946971413e+01
1.497386200000000000e+10,-1.607588227402924742e-04,-4.431617532085227396e+01
1.498086100000000000e+10,-1.594484370014055165e-04,-4.435172017283731805e+01
1.498786000000000000e+10,-1.581496782658516119e-04,-4.438723906020854315e+01
1.499485900000000000e+10,-1.568624347434836343e-04,-4.442273202762247308e+01
1.500185800000000000e+10,-1.555865958030601111e-04,-4.445819911960885662e+01
1.500885700000000000e+10,-1.543220519616326190e-04,-4.449364038057130699e+01
1.501585600000000000e+10,-1.530686948705580310e-04,-4.452905585478770689e+01
1.502285500000000000e+10,-1.518264173015108172e-04,-4.456444558641074849e+01
1.502985400000000000e+10,-1.505951131368350282e-04,-4.459980961946838818e+01
1.503685300000000000e+10,-1.493746773541103519e-04,-4.463514799786448606e+01
1.504385200000000000e+10,-1.481650060165041777e-04,-4.467046076537901911e+01
1.505085100000000000e+10,-1.469659962597486750e-04,-4.470574796566883435e+01
1.505785000000000000e+10,-1.457775462796000708e-04,-4.474100964226798993e+01
1.506484900000000000e+10,-1.445995553212268850e-04,-4.477624583858829510e+01
1.507184800000000000e+10,-1.434319236671512988e-04,-4.481145659791973657e+01
1.507884700000000000e+10,-1.422745526247089199e-04,-4.484664196343102560e+01
1.508584600000000000e+10,-1.411273445173657321e-04,-4.488180197816998884e+01
1.509284500000000000e+10,-1.399902026707312375e-04,-4.491693668506417225e+01
1.509984400000000000e+10,-1.388630314019470167e-04,-4.495204612692113244e+01
1.510684300000000000e+10,-1.377457360110038965e-04,-4.498713034642904773e+01
1.511384200000000000e+10,-1.366382227667554158e-04,-4.502218938615716581e+01
1.512084100000000000e+10,-1.355403988991995266e-04,-4.505722328855614478e+01
1.512784000000000000e+10,-1.344521725864565120e-04,-4.509223209595870685e+01
1.513483900000000000e+10,-1.333734529456043346e-04,-4.512721585057998652e+01
1.514183800000000000e+10,-1.323041500220675489e-04,-4.516217459451787875e+01
1.514883700000000000e+10,-1.312441747794884140e-04,-4.519710836975379209e+01
1.515583600000000000e+10,-1.301934390895981687e-04,-4.523201721815279086e+01
1.516283500000000000e+10,-1.291518557235347129e-04,-4.526690118146423458e+01
1.516983400000000000e+10,-1.281193383383388428e-04,-4.530176030132213327e+01
1.517683300000000000e+10,-1.270958014716473249e-04,-4.533659461924565193e+01
1.518383200000000000e+10,-1.260811605291534750e-04,-4.537140417663954395e+01
1.519083100000000000e+10,-1.250753317764072823e-04,-4.540618901479450642e+01
1.519783000000000000e+10,-1.240782323296515705e-04,-4.544094917488778407e+01
1.520482900000000000e+10,-1.230897801442467840e-04,-4.547568469798342505e+01
1.521182800000000000e+10,-1.221098940093646589e-04,-4.551039562503284941e+01
1.521882700000000000e+10,-1.211384935354489095e-04,-4.554508199687522563e+01
1.522582600000000000e+10,-1.201754991464980266e-04,-4.557974385423790409e+01
1.523282500000000000e+10,-1.192208320723478721e-04,-4.561438123773687181e+01
1.523982400000000000e+10,-1.182744143380614189e-04,-4.564899418787713614e+01
1.524682300000000000e+10,-1.173361687562115901e-04,-4.568358274505314398e+01
1.525382200000000000e+10,-1.164060189186818574e-04,-4.571814694954929337e+01
1.526082100000000000e+10,-1.154838891875027544e-04,-4.575268684154025323e+01
1.526782000000000000e+10,-1.145697046871346477e-04,-4.578720246109139680e+01
1.527481900000000000e+10,-1.136633912948221454e-04,-4.582169384815928481e+01
1.528181800000000000e+10,-1.127648756348058269e-04,-4.585616104259202785e+01
1.528881700000000000e+10,-1.118740850681944387e-04,-4.589060408412964875e+01
1.529581600000000000e+10,-1.109909476862123073e-04,-4.592502301240462259e+01
1.530281500000000000e+10,-1.101153923015182277e-04,-4.595941786694218223e+01
1.530981400000000000e+10,-1.092473484404885996e-04,-4.599378868716071622e+01
1.531681300000000000e+10,-1.083867463364650979e-04,-4.602813551237225198e+01
1.532381200000000000e+10,-1.075335169210735745e-04,-4.606245838178281105e+01
1.533081100000000000e+10,-1.066875918169894885e-04,-4.609675733449279278e+01
1.533781000000000000e+10,-1.058489033316678838e-04,-4.613103240949739359e+01
1.534480900000000000e+10,-1.050173844472158708e-04,-4.616528364568704035e+01
1.535180800000000000e+10,-1.041929688170156200e-04,-4.619951108184768884e+01
1.535880700000000000e+10,-1.033755907541504510e-04,-4.623371475666135666e+01
1.536580600000000000e+10,-1.025651852280278940e-04,-4.626789470870630794e+01
1.537280500000000000e+10,-1.017616878561810348e-04,-4.630205097645767864e+01
1.537980400000000000e+10,-1.009650348955877958e-04,-4.633618359828769684e+01
1.538680300000000000e+10,-1.001751632388118133e-04,-4.637029261246613032e+01
1.539380200000000000e+10,-9.939201040483969577e-05,-4.640437805716067032e+01
1.540080100000000000e+10,-9.861551453329328153e-05,-4.643843997043730099e+01
1.540780000000000000e+10,-9.784561437815988754e-05,-4.647247839026064753e+01
1.541479900000000000e+10,-9.708224930055818708e-05,-4.650649335449443811e+01
1.542179800000000000e+10,-9.632535926295072504e-05,-4.654048490090183066e+01
1.542879700000000000e+10,-9.557488482239198115e-05,-4.657445306714571842e+01
1.543579600000000000e+10,-9.483076712329436978e-05,-4.660839789078926287e+01
1.544279500000000000e+10,-9.409294789260513945e-05,-4.664231940929607134e+01
1.544979400000000000e+10,-9.336136943353682475e-05,-4.667621766003075834e+01
1.545679300000000000e+10,-9.263597461881532304e-05,-4.671009268025915162e+01
1.546379200000000000e+10,-9.191670688392829648e-05,-4.674394450714875404e+01
1.547079100000000000e+10,-9.120351022278432474e-05,-4.677777317776913435e+01
1.547779000000000000e+10,-9.049632918144338389e-05,-4.681157872909209772e+01
1.548478900000000000e+10,-8.979510885184725766e-05,-4.684536119799232523e+01
1.549178800000000000e+10,-8.909979486458594381e-05,-4.687912062124749468e+01
1.549878700000000000e+10,-8.841033338696759807e-05,-4.691285703553879927e+01
1.550578600000000000e+10,-8.772667111337395952e-05,-4.694657047745116785e+01
1.551278500000000000e+10,-8.704875526236626262e-05,-4.698026098347375523e+01
1.551978400000000000e+10,-8.637653356993353084e-05,-4.701392859000016244e+01
1.552678300000000000e+10,-8.570995428418775154e-05,-4.704757333332891278e+01
1.553378200000000000e+10,-8.504896616005873931e-05,-4.708119524966365077e+01
1.554078100000000000e+10,-8.439351845495369510e-05,-4.711479437511368928e+01
1.554778000000000000e+10,-8.374356092152339588e-05,-4.714837074569415876e+01
1.555477900000000000e+10,-8.309904380380397980e-05,-4.718192439732645482e+01
1.556177800000000000e+10,-8.245991783142973255e-05,-4.721545536583856517e+01
1.556877700000000000e+10,-8.182613421577480484e-05,-4.724896368696537508e+01
1.557577600000000000e+10,-8.119764464320181768e-05,-4.728244939634911503e+01
1.558277500000000000e+10,-8.057440127120352570e-05,-4.731591252953951710e+01
1.558977400000000000e+10,-7.995635672309807341e-05,-4.734935312199431223e+01
1.559677300000000000e+10,-7.934346408272407525e-05,-4.738277120907946482e+01
1.560377200000000000e+10,-7.873567689106457271e-05,-4.741616682606963451e+01
1.561077100000000000e+10,-7.813294913949585642e-05,-4.744954000814828987e+01
1.561777000000000000e+10,-7.753523526689333760e-05,-4.748289079040826977e+01
1.562476900000000000e+10,-7.694249015432708886e-05,-4.751621920785196096e+01
1.563176800000000000e+10,-7.635466911927473897e-05,-4.754952529539164630e+01
1.563876700000000000e+10,-7.577172791272773723e-05,-4.758280908784992391e+01
1.564576600000000000e+10,-7.519362271485100760e-05,-4.761607061995989199e+01
1.565276500000000000e+10,-7.462031012871390197e-05,-4.764930992636560347e+01
1.565976400000000000e+10,-7.405174717643209388e-05,-4.768252704162226507e+01
1.566676300000000000e+10,-7.348789129723811873e-05,-4.771572200019665644e+01
1.567376200000000000e+10,-7.292870033976587944e-05,-4.774889483646735755e+01
1.568076100000000000e+10,-7.237413255963910978e-05,-4.778204558472521057e+01
1.568776000000000000e+10,-7.182414661513108263e-05,-4.781517427917342644e+01
1.569475900000000000e+10,-7.127870156186005607e-05,-4.784828095392804670e+01
1.570175800000000000e+10,-7.073775685085984064e-05,-4.788136564301824194e+01
1.570875700000000000e+10,-7.020127232231099669e-05,-4.791442838038661023e+01
1.571575600000000000e+10,-6.966920820312925695e-05,-4.794746919988939737e+01
1.572275500000000000e+10,-6.914152510214315798e-05,-4.798048813529698009e+01
1.572975400000000000e+10,-6.861818400527173924e-05,-4.801348522029398680e+01
1.573675300000000000e+10,-6.809914627359520535e-05,-4.804646048847971684e+01
1.574375200000000000e+10,-6.758437363901478347e-05,-4.807941397336846734e+01
1.575075100000000000e+10,-6.707382819894823706e-05,-4.811234570838970370e+01
1.575775000000000000e+10,-6.656747241440059591e-05,-4.814525572688849309e+01
1.576474900000000000e+10,-6.606526910465971051e-05,-4.817814406212572464e+01
1.577174800000000000e+10,-6.556718144488481029e-05,-4.821101074727846481e+01
1.577874700000000000e+10,-6.507317296224857345e-05,-4.824385581544017043e+01
1.578574600000000000e+10,-6.458320753111490738e-05,-4.827667929962107962e+01
1.579274500000000000e+10,-6.409724937159189118e-05,-4.830948123274848172e+01
1.579974400000000000e+10,-6.361526304422731649e-05,-4.834226164766691625e+01
1.580674300000000000e+10,-6.313721344663306471e-05,-4.837502057713859216e+01
1.581374200000000000e+10,-6.266306581107365160e-05,-4.840775805384362229e+01
1.582074100000000000e+10,-6.219278570060845981e-05,-4.844047411038030049e+01
1.582774000000000000e+10,-6.172633900523383579e-05,-4.847316877926539291e+01
1.583473900000000000e+10,-6.126369193947172936e-05,-4.850584209293448623e+01
1.584173800000000000e+10,-6.080481103802974077e-05,-4.853849408374212970e+01
1.584873700000000000e+10,-6.034966315242543014e-05,-4.857112478396228283e+01
1.585573600000000000e+10,-5.989821545002158764e-05,-4.860373422578848590e+01
1.586273500000000000e+10,-5.945043540775743745e-05,-4.863632244133420812e+01
1.586973400000000000e+10,-5.900629081070186488e-05,-4.866888946263308213e+01
1.587673300000000000e+10,-5.856574974867764447e-05,-4.870143532163918110e+01
1.588373200000000000e+10,-5.812878061336807027e-05,-4.873396005022733846e+01
1.589073100000000000e+10,-5.769535209494137376e-05,-4.876646368019336109e+01
1.589773000000000000e+10,-5.726543317867504679e-05,-4.879894624325439167e+01
1.590472900000000000e+10,-5.683899314254465727e-05,-4.883140777104910057e+01
1.591172800000000000e+10,-5.641600155433041850e-05,-4.886384829513800554e+01
1.591872700000000000e+10,-5.599642826824160027e-05,-4.889626784700367068e+01
1.592572600000000000e+10,-5.558024342202317269e-05,-4.892866645805113990e+01
1.593272500000000000e+10,-5.516741743502670564e-05,-4.896104415960796530e+01
1.593972400000000000e+10,-5.475792100387048361e-05,-4.899340098292472589e+01
1.594672300000000000e+10,-5.435172510099268539e-05,-4.902573695917511287e+01
1.595372200000000000e+10,-5.394880097079363682e-05,-4.905805211945625643e+01
1.596072100000000000e+10,-5.354912012722459264e-05,-4.909034649478898871e+01
1.596772000000000000e+10,-5.315265435185877820e-05,-4.912262011611812795e+01
1.597471900000000000e+10,-5.275937569051584113e-05,-4.915487301431275569e+01
1.598171800000000000e+10,-5.236925645085066712e-05,-4.918710522016631614e+01
1.598871700000000000e+10,-5.198226919849570718e-05,-4.921931676439715631e+01
1.599571600000000000e+10,-5.159838675609635625e-05,-4.925150767764850457e+01
1.600271500000000000e+10,-5.121758220138189325e-05,-4.928367799048891129e+01
1.600971400000000000e+10,-5.083982886137923638e-05,-4.931582773341244774e+01
1.601671300000000000e+10,-5.046510031337692081e-05,-4.934795693683894768e+01
1.602371200000000000e+10,-5.009337038010311632e-05,-4.938006563111425606e+01
1.603071100000000000e+10,-4.972461312876102617e-05,-4.941215384651052034e+01
1.603771000000000000e+10,-4.935880286765341338e-05,-4.944422161322641074e+01
1.604470900000000000e+10,-4.899591414425362207e-05,-4.947626896138734764e+01
1.605170800000000000e+10,-4.863592174231232980e-05,-4.950829592104584265e+01
1.605870700000000000e+10,-4.827880068089291933e-05,-4.954030252218166197e+01
1.606570600000000000e+10,-4.792452620906733794e-05,-4.957228879470203253e+01
1.607270500000000000e+10,-4.757307380736237575e-05,-4.960425476844208958e+01
1.607970400000000000e+10,-4.722441918293773073e-05,-4.963620047316483408e+01
1.608670300000000000e+10,-4.687853826765703009e-05,-4.966812593856164426e+01
1.609370200000000000e+10,-4.653540721712331047e-05,-4.970003119425233251e+01
1.610070100000000000e+10,-4.619500240633923449e-05,-4.973191626978547930e+01
1.610770000000000000e+10,-4.585730043018897790e-05,-4.976378119463866767e+01
1.611469900000000000e+10,-4.552227809861640313e-05,-4.979562599821868929e+01
1.612169800000000000e+10,-4.518991243614258927e-05,-4.982745070986176472e+01
1.612869700000000000e+10,-4.486018067993693476e-05,-4.985925535883388449e+01
1.613569600000000000e+10,-4.453306027547746882e-05,-4.989103997433092275e+01
1.614269500000000000e+10,-4.420852887751493076e-05,-4.992280458547899258e+01
1.614969400000000000e+10,-4.388656434669739793e-05,-4.995454922133448150e+01
1.615669300000000000e+10,-4.356714474571270115e-05,-4.998627391088460570e+01
1.616369200000000000e+10,-4.325024834073478428e-05,-5.001797868304728922e+01
1.617069100000000000e+10,-4.293585359756608581e-05,-5.004966356667166849e+01
1.617769000000000000e+10,-4.262393917826218709e-05,-5.008132859053814911e+01
1.618468900000000000e+10,-4.231448394209600007e-05,-5.011297378335871855e+01
1.619168800000000000e+10,-4.200746694218231397e-05,-5.014459917377724452e+01
1.619868700000000000e+10,-4.170286742354902665e-05,-5.017620479036945369e+01
1.620568600000000000e+10,-4.140066482024385629e-05,-5.020779066164347881e+01
1.621268500000000000e+10,-4.110083875629857655e-05,-5.023935681603980186e+01
1.621968400000000000e+10,-4.080336904090712912e-05,-5.027090328193168745e+01
1.622668300000000000e+10,-4.050823566842541356e-05,-5.030243008762528945e+01
1.623368200000000000e+10,-4.021541881547816845e-05,-5.033393726135992097e+01
1.624068100000000000e+10,-3.992489883999443117e-05,-5.036542483130823911e+01
1.624768000000000000e+10,-3.963665627879652979e-05,-5.039689282557650074e+01
1.625467900000000000e+10,-3.935067184711775543e-05,-5.042834127220479701e+01
1.626167800000000000e+10,-3.906692643474488612e-05,-5.045977019916716699e+01
1.626867700000000000e+10,-3.878540110553581165e-05,-5.049117963437201695e+01
1.627567600000000000e+10,-3.850607709693726018e-05,-5.052256960566208477e+01
1.628267500000000000e+10,-3.822893581516292427e-05,-5.055394014081487342e+01
1.628967400000000000e+10,-3.795395883663987461e-05,-5.058529126754276461e+01
1.629667300000000000e+10,-3.768112790511532592e-05,-5.061662301349318938e+01
1.630367200000000000e+10,-3.741042492924571690e-05,-5.064793540624898327e+01
1.631067100000000000e+10,-3.714183198259655435e-05,-5.067922847332847880e+01
1.631767000000000000e+10,-3.687533129978492352e-05,-5.071050224218573277e+01
1.632466900000000000e+10,-3.661090527889019128e-05,-5.074175674021080340e+01
1.633166800000000000e+10,-3.634853647422135443e-05,-5.077299199472983560e+01
1.633866700000000000e+10,-3.608820760017426513e-05,-5.080420803300546595e+01
1.634566600000000000e+10,-3.582990152640981108e-05,-5.083540488223680143e+01
1.635266500000000000e+10,-3.557360127785379363e-05,-5.086658256955979596e+01
1.635966400000000000e+10,-3.531929003228595346e-05,-5.089774112204743517e+01
1.636666300000000000e+10,-3.506695111889335356e-05,-5.092888056670980745e+01
1.637366200000000000e+10,-3.481656801827028431e-05,-5.096000093049450186e+01
1.638066100000000000e+10,-3.456812435856074673e-05,-5.099110224028662941e+01
1.638766000000000000e+10,-3.432160391642273507e-05,-5.102218452290924233e+01
1.639465900000000000e+10,-3.407699061365289188e-05,-5.105324780512325589e+01
1.640165800000000000e+10,-3.383426851670426843e-05,-5.108429211362791023e+01
1.640865700000000000e+10,-3.359342183620403765e-05,-5.111531747506080592e+01
1.641565600000000000e+10,-3.335443492357820342e-05,-5.114632391599823791e+01
1.642265500000000000e+10,-3.311729227056933386e-05,-5.117731146295519551e+01
1.642965400000000000e+10,-3.288197850923645972e-05,-5.120828014238579584e+01
1.643665300000000000e+10,-3.264847840761545347e-05,-5.123922998068330514e+01
1.644365200000000000e+10,-3.241677687164761499e-05,-5.127016100418036615e+01
1.645065100000000000e+10,-3.218685894180438073e-05,-5.130107323914933914e+01
1.645765000000000000e+10,-3.195870979212291237e-05,-5.133196671180225223e+01
1.646464900000000000e+10,-3.173231472972380977e-05,-5.136284144829119924e+01
1.647164800000000000e+10,-3.150765919288237634e-05,-5.139369747470845340e+01
1.647864700000000000e+10,-3.128472874909983011e-05,-5.142453481708663077e+01
1.648564600000000000e+10,-3.106350909606756607e-05,-5.145535350139891051e+01
1.649264500000000000e+10,-3.084398605780971388e-05,-5.148615355355929069e+01
1.649964400000000000e+10,-3.062614558516522841e-05,-5.151693499942267351e+01
1.650664300000000000e+10,-3.040997375434130652e-05,-5.154769786478507854e+01
1.651364200000000000e+10,-3.019545676450244667e-05,-5.157844217538390552e+01
1.652064100000000000e+10,-2.998258093825254962e-05,-5.160916795689801972e+01
1.652764000000000000e+10,-2.977133272018832845e-05,-5.163987523494800058e+01
1.653463900000000000e+10,-2.956169867448839186e-05,-5.167056403509630513e+01
1.654163800000000000e+10,-2.935366548539533813e-05,-5.170123438284750961e+01
1.654863700000000000e+10,-2.914721995384049477e-05,-5.173188630364835205e+01
1.655563600000000000e+10,-2.894234899937253127e-05,-5.176251982288810893e+01
1.656263500000000000e+10,-2.873903965678219205e-05,-5.179313496589859511e+01
1.656963400000000000e+10,-2.853727907513790537e-05,-5.182373175795450493e+01
1.657663300000000000e+10,-2.833705451826786707e-05,-5.185431022427344061e+01
1.658363200000000000e+10,-2.813835336234914427e-05,-5.188487039001625334e+01
1.659063100000000000e+10,-2.794116309397891353e-05,-5.191541228028705746e+01
1.659763000000000000e+10,-2.774547131162093566e-05,-5.194593592013355732e+01
1.660462900000000000e+10,-2.755126572271245034e-05,-5.197644133454716098e+01
1.661162800000000000e+10,-2.735853414269977485e-05,-5.200692854846306545e+01
1.661862700000000000e+10,-2.716726449552043523e-05,-5.203739758676064042e+01
1.662562600000000000e+10,-2.697744481022790942e-05,-5.206784847426344243e+01
1.663262500000000000e+10,-2.678906322243807493e-05,-5.209828123573945646e+01
1.663962400000000000e+10,-2.660210797095396209e-05,-5.212869589590120256e+01
1.664662300000000000e+10,-2.641656739873005362e-05,-5.215909247940601290e+01
1.665362200000000000e+10,-2.623242995142570827e-05,-5.218947101085614548e+01
1.666062100000000000e+10,-2.604968417499425426e-05,-5.221983151479895469e+01
1.666762000000000000e+10,-2.586831871712947425e-05,-5.225017401572706177e+01
1.667461900000000000e+10,-2.568832232437248978e-05,-5.228049853807856096e+01
1.668161800000000000e+10,-2.550968384259392631e-05,-5.231080510623718283e+01
1.668861700000000000e+10,-2.533239221410082471e-05,-5.234109374453235830e+01
1.669561600000000000e+10,-2.515643647956526416e-05,-5.237136447723960941e+01
1.670261500000000000e+10,-2.498180577416697076e-05,-5.240161732858049248e+01
1.670961400000000000e+10,-2.480848932903977527e-05,-5.243185232272290364e+01
1.671661300000000000e+10,-2.463647646886071689e-05,-5.246206948378114987e+01
1.672361200000000000e+10,-2.446575661185000251e-05,-5.249226883581623326e+01
1.673061100000000000e+10,-2.429631926784227888e-05,-5.252245040283595756e+01
1.673761000000000000e+10,-2.412815403925092875e-05,-5.255261420879499923e+01
1.674460900000000000e+10,-2.396125061865718474e-05,-5.258276027759525562e+01
1.675160800000000000e+10,-2.379559878784574844e-05,-5.261288863308589470e+01
1.675860700000000000e+10,-2.363118841780474633e-05,-5.264299929906349007e+01
1.676560600000000000e+10,-2.346800946872567225e-05,-5.267309229927226966e+01
1.677260500000000000e+10,-2.330605198662820160e-05,-5.270316765740424358e+01
1.677960400000000000e+10,-2.314530610480661872e-05,-5.273322539709933920e+01
1.678660300000000000e+10,-2.298576204190112962e-05,-5.276326554194564977e+01
1.679360200000000000e+10,-2.282741010141564614e-05,-5.279328811547942735e+01
1.680060100000000000e+10,-2.267024067123555992e-05,-5.282329314118540964e+01
1.680760000000000000e+10,-2.251424422218123716e-05,-5.285328064249693369e+01
1.681459900000000000e+10,-2.235941130752577220e-05,-5.288325064279599985e+01
1.682159800000000000e+10,-2.220573256347714924e-05,-5.291320316541358437e+01
1.682859700000000000e+10,-2.205319870532085089e-05,-5.294313823362962523e+01
1.683559600000000000e+10,-2.190180053031281446e-05,-5.297305587067337740e+01
1.684259500000000000e+10,-2.175152891382208463e-05,-5.300295609972338440e+01
1.684959400000000000e+10,-2.160237481174159455e-05,-5.303283894390774122e+01
1.685659300000000000e+10,-2.145432925614861952e-05,-5.306270442630415118e+01
1.686359200000000000e+10,-2.130738335771559884e-05,-5.309255256994027405e+01
1.687059100000000000e+10,-2.116152830281707776e-05,-5.312238339779364082e+01
1.687759000000000000e+10,-2.101675535449403423e-05,-5.315219693279196633e+01
1.688458900000000000e+10,-2.087305585100730920e-05,-5.318199319781321321e+01
1.689158800000000000e+10,-2.073042120439110478e-05,-5.321177221568581928e+01
1.689858700000000000e+10,-2.058884290093511199e-05,-5.324153400918881829e+01
1.690558600000000000e+10,-2.044831250022011293e-05,-5.327127860105193236e+01
1.691258500000000000e+10,-2.030882163415367441e-05,-5.330100601395579929e+01
1.691958400000000000e+10,-2.017036200697005989e-05,-5.333071627053215025e+01
1.692658300000000000e+10,-2.003292539233725281e-05,-5.336040939336379552e+01
1.693358200000000000e+10,-1.989650363673203389e-05,-5.339008540498493716e+01
1.694058100000000000e+10,-1.976108865510050938e-05,-5.341974432788130400e+01
1.694758000000000000e+10,-1.962667243182236661e-05,-5.344938618449013035e+01
1.695457900000000000e+10,-1.949324702022872587e-05,-5.347901099720055385e+01
1.696157800000000000e+10,-1.936080454067340574e-05,-5.350861878835359420e+01
1.696857700000000000e+10,-1.922933718149724978e-05,-5.353820958024223842e+01
1.697557600000000000e+10,-1.909883719806375918e-05,-5.356778339511186715e+01
1.698257500000000000e+10,-1.896929691131257393e-05,-5.359734025516005573e+01
1.698957400000000000e+10,-1.884070870775943896e-05,-5.362688018253695077e+01
1.699657300000000000e+10,-1.871306503853185373e-05,-5.365640319934529145e+01
1.700357200000000000e+10,-1.858635842033336843e-05,-5.368590932764070800e+01
1.701057100000000000e+10,-1.846058143206840161e-05,-5.371539858943160084e+01
1.701757000000000000e+10,-1.833572671628871836e-05,-5.374487100667957407e+01
1.702456900000000000e+10,-1.821178697822906296e-05,-5.377432660129932174e+01
1.703156800000000000e+10,-1.808875498532497690e-05,-5.380376539515899026e+01
1.703856700000000000e+10,-1.796662356576628010e-05,-5.383318741008011443e+01
1.704556600000000000e+10,-1.784538560946136366e-05,-5.386259266783796562e+01
1.705256500000000000e+10,-1.772503406610851956e-05,-5.389198119016147359e+01
1.705956400000000000e+10,-1.760556194519591699e-05,-5.392135299873349652e+01
1.706656300000000000e+10,-1.748696231551939999e-05,-5.395070811519100573e+01
1.707356200000000000e+10,-1.736922830421814724e-05,-5.398004656112503596e+01
1.708056100000000000e+10,-1.725235309773898520e-05,-5.400936835808102643e+01
1.708756000000000000e+10,-1.713632993846118542e-05,-5.403867352755878528e+01
1.709455900000000000e+10,-1.702115212710729648e-05,-5.406796209101280226e+01
1.710155800000000000e+10,-1.690681302129661503e-05,-5.409723406985217764e+01
1.710855700000000000e+10,-1.679330603265217182e-05,-5.412648948544094196e+01
1.711555600000000000e+10,-1.668062463114019676e-05,-5.415572835909806315e+01
1.712255500000000000e+10,-1.656876233976629329e-05,-5.418495071209768099e+01
1.712955400000000000e+10,-1.645771273746839814e-05,-5.421415656566914265e+01
1.713655300000000000e+10,-1.634746945525944071e-05,-5.424334594099720164e+01
1.714355200000000000e+10,-1.623802618056682164e-05,-5.427251885922213859e+01
1.715055100000000000e+10,-1.612937665144639844e-05,-5.430167534143983943e+01
1.715755000000000000e+10,-1.602151465995763741e-05,-5.433081540870201565e+01
1.716454900000000000e+10,-1.591443404975274102e-05,-5.435993908201626823e+01
1.717154800000000000e+10,-1.580812871655884342e-05,-5.438904638234624400e+01
1.717854700000000000e+10,-1.570259260721360920e-05,-5.441813733061172798e+01
1.718554600000000000e+10,-1.559781971918309553e-05,-5.444721194768885653e+01
1.719254500000000000e+10,-1.549380410007953962e-05,-5.447627025441012449e+01
1.719954400000000000e+10,-1.539053984766135198e-05,-5.450531227156464809e+01
1.720654300000000000e+10,-1.528802110935094461e-05,-5.453433801989820040e+01
1.721354200000000000e+10,-1.518624208078819861e-05,-5.456334752011331091e+01
1.722054100000000000e+10,-1.508519700727696776e-05,-5.459234079286952124e+01
1.722754000000000000e+10,-1.498488018040988431e-05,-5.462131785878337809e+01
1.723453900000000000e+10,-1.488528594144351762e-05,-5.465027873842866768e+01
1.724153800000000000e+10,-1.478640867792318844e-05,-5.467922345233640158e+01
1.724853700000000000e+10,-1.468824282416513389e-05,-5.470815202099512220e+01
1.725553600000000000e+10,-1.459078286077431199e-05,-5.473706446485086019e+01
1.726253500000000000e+10,-1.449402331464439993e-05,-5.476596080430734759e+01
1.726953400000000000e+10,-1.439795875799343861e-05,-5.479484105972612440e+01
1.727653300000000000e+10,-1.430258380884599935e-05,-5.482370525142668782e+01
1.728353200000000000e+10,-1.420789312958665662e-05,-5.485255339968653487e+01
1.729053100000000000e+10,-1.411388142647782298e-05,-5.488138552474136134e+01
1.729753000000000000e+10,-1.402054345062405716e-05,-5.491020164678516835e+01
1.730452900000000000e+10,-1.392787399556123375e-05,-5.493900178597034767e+01
1.731152800000000000e+10,-1.383586789918518308e-05,-5.496778596240781667e+01
1.731852700000000000e+10,-1.374452004230519099e-05,-5.499655419616716756e+01
1.732552600000000000e+10,-1.365382534671531157e-05,-5.502530650727678108e+01
1.733252500000000000e+10,-1.356377877760520085e-05,-5.505404291572391173e+01
1.733952400000000000e+10,-1.347437534163143291e-05,-5.508276344145482284e+01
1.734652300000000000e+10,-1.338561008595314951e-05,-5.511146810437485044e+01
1.735352200000000000e+10,-1.329747810016073035e-05,-5.514015692434871596e+01
1.736052100000000000e+10,-1.320997451241843896e-05,-5.516882992120041962e+01
1.736752000000000000e+10,-1.312309449283958468e-05,-5.519748711471339675e+01
1.737451900000000000e+10,-1.303683325107567379e-05,-5.522612852463077360e+01
1.738151800000000000e+10,-1.295118603583423432e-05,-5.525475417065532469e+01
1.738851700000000000e+10,-1.286614813487881940e-05,-5.528336407244971440e+01
1.739551600000000000e+10,-1.278171487551114184e-05,-5.531195824963646857e+01
1.740251500000000000e+10,-1.269788162312458240e-05,-5.534053672179828709e+01
1.740951400000000000e+10,-1.261464378072200950e-05,-5.536909950847786632e+01
1.741651300000000000e+10,-1.253199679036226248e-05,-5.539764662917841065e+01
1.742351200000000000e+10,-1.244993613074932473e-05,-5.542617810336331274e+01
1.743051100000000000e+10,-1.236845731723230334e-05,-5.545469395045667937e+01
1.743751000000000000e+10,-1.228755590276975581e-05,-5.548319418984304718e+01
1.744450900000000000e+10,-1.220722747744751485e-05,-5.551167884086784454e+01
1.745150800000000000e+10,-1.212746766606785301e-05,-5.554014792283727076e+01
1.745850700000000000e+10,-1.204827212959596765e-05,-5.556860145501850923e+01
1.746550600000000000e+10,-1.196963656564213918e-05,-5.559703945663980562e+01
1.747250500000000000e+10,-1.189155670605089913e-05,-5.562546194689059575e+01
1.747950400000000000e+10,-1.181402831786534496e-05,-5.565386894492163350e+01
1.748650300000000000e+10,-1.173704720236280321e-05,-5.568226046984500499e+01
1.749350200000000000e+10,-1.166060919601916127e-05,-5.571063654073440574e+01
1.750050100000000000e+10,-1.158471016809801680e-05,-5.573899717662506248e+01
1.750750000000000000e+10,-1.150934602306150968e-05,-5.576734239651397473e+01
1.751449900000000000e+10,-1.143451269767731482e-05,-5.579567221935995747e+01
1.752149800000000000e+10,-1.136020616198297061e-05,-5.582398666408381160e+01
1.752849700000000000e+10,-1.128642241928586024e-05,-5.585228574956837377e+01
1.753549600000000000e+10,-1.121315750519889177e-05,-5.588056949465860157e+01
1.754249500000000000e+10,-1.114040748764047787e-05,-5.590883791816175830e+01
1.754949400000000000e+10,-1.106816846635236055e-05,-5.593709103884749112e+01
1.755649300000000000e+10,-1.099643657289961461e-05,-5.596532887544788082e+01
1.756349200000000000e+10,-1.092520797067063402e-05,-5.599355144665761230e+01
1.757049100000000000e+10,-1.085447885391280024e-05,-5.602175877113407410e+01
1.757749000000000000e+10,-1.078424544725030186e-05,-5.604995086749741517e+01
1.758448900000000000e+10,-1.071450400664845962e-05,-5.607812775433074393e+01
1.759148800000000000e+10,-1.064525081844940144e-05,-5.610628945018009972e+01
1.759848700000000000e+10,-1.057648219840770691e-05,-5.613443597355466608e+01
1.760548600000000000e+10,-1.050819449313691596e-05,-5.616256734292679909e+01
1.761248500000000000e+10,-1.044038407769867827e-05,-5.619068357673221925e+01
1.761948400000000000e+10,-1.037304735704925517e-05,-5.621878469337002571e+01
1.762648300000000000e+10,-1.030618076507518106e-05,-5.624687071120280990e+01
1.763348200000000000e+10,-1.023978076507541662e-05,-5.627494164855684744e+01
1.764048100000000000e+10,-1.017384384783269038e-05,-5.630299752372209809e+01
1.764748000000000000e+10,-1.010836653354214524e-05,-5.633103835495229816e+01
1.765447900000000000e+10,-1.004334536940051676e-05,-5.635906416046516654e+01
1.766147800000000000e+10,-9.978776931534781379e-06,-5.638707495844239759e+01
1.766847700000000000e+10,-9.914657823073487857e-06,-5.641507076702985302e+01
1.767547600000000000e+10,-9.850984674146758932e-06,-5.644305160433753343e+01
1.768247500000000000e+10,-9.787754142850614629e-06,-5.647101748843988389e+01
1.768947400000000000e+10,-9.724962913800466990e-06,-5.649896843737564467e+01
1.769647300000000000e+10,-9.662607697648953342e-06,-5.652690446914812128e+01
1.770347200000000000e+10,-9.600685232050266369e-06,-5.655482560172525552e+01
1.771047100000000000e+10,-9.539192281660133782e-06,-5.658273185303965391e+01
1.771747000000000000e+10,-9.478125635242841664e-06,-5.661062324098875109e+01
1.772446900000000000e+10,-9.417482109046372771e-06,-5.663849978343491642e+01
1.773146800000000000e+10,-9.357258543909412936e-06,-5.666636149820547530e+01
1.773846700000000000e+10,-9.297451806707846174e-06,-5.669420840309286547e+01
1.774546600000000000e+10,-9.238058787943922729e-06,-5.672204051585475781e+01
1.775246500000000000e+10,-9.179076404157077477e-06,-5.674985785421405637e+01
1.775946400000000000e+10,-9.120501597441758109e-06,-5.677766043585908307e+01
1.776646300000000000e+10,-9.062331332072280055e-06,-5.680544827844362032e+01
1.777346200000000000e+10,-9.004562598360119657e-06,-5.683322139958710295e+01
1.778046100000000000e+10,-8.947192409760939207e-06,-5.686097981687446890e+01
1.778746000000000000e+10,-8.890217804321066803e-06,-5.688872354785664243e+01
1.779445900000000000e+10,-8.833635843231001246e-06,-5.691645261005018597e+01
1.780145800000000000e+10,-8.777443610343245312e-06,-5.694416702093778326e+01
1.780845700000000000e+10,-8.721638214583117370e-06,-5.697186679796806885e+01
1.781545600000000000e+10,-8.666216786091441272e-06,-5.699955195855580570e+01
1.782245500000000000e+10,-8.611176479599684655e-06,-5.702722252008209125e+01
1.782945400000000000e+10,-8.556514470090477011e-06,-5.705487849989417981e+01
1.783645300000000000e+10,-8.502227957619254962e-06,-5.708251991530591596e+01
1.784345200000000000e+10,-8.448314162974771856e-06,-5.711014678359751429e+01
1.785045100000000000e+10,-8.394770328643426146e-06,-5.713775912201584362e+01
1.785745000000000000e+10,-8.341593720737916449e-06,-5.716535694777441989e+01
1.786444900000000000e+10,-8.288781625139916181e-06,-5.719294027805360514e+01
1.787144800000000000e+10,-8.236331350393065462e-06,-5.722050913000054351e+01
1.787844700000000000e+10,-8.184240226256469237e-06,-5.724806352072941706e+01
1.788544600000000000e+10,-8.132505603704692190e-06,-5.727560346732134633e+01
1.789244500000000000e+10,-8.081124853481261950e-06,-5.730312898682473133e+01
1.789944400000000000e+10,-8.030095368991660990e-06,-5.733064009625504553e+01
1.790644300000000000e+10,-7.979414562928157831e-06,-5.735813681259521246e+01
1.791344200000000000e+10,-7.929079868716308927e-06,-5.738561915279541381e+01
1.792044100000000000e+10,-7.879088740514950188e-06,-5.741308713377343764e+01
1.792744000000000000e+10,-7.829438652251861835e-06,-5.744054077241460732e+01
1.793443900000000000e+10,-7.780127097141610135e-06,-5.746798008557189519e+01
1.794143800000000000e+10,-7.731151589614192299e-06,-5.749540509006605760e+01
1.794843700000000000e+10,-7.682509662422051352e-06,-5.752281580268559225e+01
1.795543600000000000e+10,-7.634198868568732886e-06,-5.755021224018705794e+01
1.796243500000000000e+10,-7.586216779380219836e-06,-5.757759441929493249e+01
1.796943400000000000e+10,-7.538560985951420811e-06,-5.760496235670183296e+01
1.797643300000000000e+10,-7.491229098181849341e-06,-5.763231606906850857e+01
1.798343200000000000e+10,-7.444218745257773664e-06,-5.765965557302401834e+01
1.799043100000000000e+10,-7.397527574205725855e-06,-5.768698088516575950e+01
1.799743000000000000e+10,-7.351153250856827668e-06,-5.771429202205954567e+01
1.800442900000000000e+10,-7.305093458882457915e-06,-5.774158900023974184e+01
1.801142800000000000e+10,-7.259345901240745886e-06,-5.776887183620929989e+01
1.801842700000000000e+10,-7.213908298247904424e-06,-5.779614054643984389e+01
1.802542600000000000e+10,-7.168778387578236709e-06,-5.782339514737178376e+01
1.803242500000000000e+10,-7.123953925228453620e-06,-5.785063565541438635e+01
1.803942400000000000e+10,-7.079432684553347050e-06,-5.787786208694591039e+01
1.804642300000000000e+10,-7.035212456265787370e-06,-5.790507445831348576e+01
1.805342200000000000e+10,-6.991291048918884225e-06,-5.793227278583349005e+01
1.806042100000000000e+10,-6.947666287459491431e-06,-5.795945708579141353e+01
1.806742000000000000e+10,-6.904336014192532809e-06,-5.798662737444202264e+01
1.807441900000000000e+10,-6.861298087816671268e-06,-5.801378366800947362e+01
1.808141800000000000e+10,-6.818550383906471301e-06,-5.804092598268725567e+01
1.808841700000000000e+10,-6.776090795394559780e-06,-5.806805433463847521e+01
1.809541600000000000e+10,-6.733917230642971752e-06,-5.809516873999576347e+01
1.810241500000000000e+10,-6.692027614889629444e-06,-5.812226921486144704e+01
1.810941400000000000e+10,-6.650419888801859867e-06,-5.814935577530757627e+01
1.811641300000000000e+10,-6.609092009440713875e-06,-5.817642843737604608e+01
1.812341200000000000e+10,-6.568041950743131197e-06,-5.820348721707866702e+01
1.813041100000000000e+10,-6.527267700628951077e-06,-5.823053213039727183e+01
1.813741000000000000e+10,-6.486767263411730673e-06,-5.825756319328368704e+01
1.814440900000000000e+10,-6.446538659798749289e-06,-5.828458042165991060e+01
1.815140800000000000e+10,-6.406579924480175580e-06,-5.831158383141822554e+01
1.815840700000000000e+10,-6.366889107575564348e-06,-5.833857343842115029e+01
1.816540600000000000e+10,-6.327464275116017346e-06,-5.836554925850160203e+01
1.817240500000000000e+10,-6.288303508079855745e-06,-5.839251130746296781e+01
1.817940400000000000e+10,-6.249404900946118256e-06,-5.841945960107914004e+01
1.818640300000000000e+10,-6.210766564587553877e-06,-5.844639415509470126e+01
1.819340200000000000e+10,-6.172386623377625760e-06,-5.847331498522482462e+01
1.820040100000000000e+10,-6.134263216637011391e-06,-5.850022210715550841e+01
1.820740000000000000e+10,-6.096394498151425704e-06,-5.852711553654359733e+01
1.821439900000000000e+10,-6.058778635689465356e-06,-5.855399528901684647e+01
1.822139800000000000e+10,-6.021413811002601111e-06,-5.858086138017399236e+01
1.822839700000000000e+10,-5.984298220789504514e-06,-5.860771382558485243e+01
1.823539600000000000e+10,-5.947430074285230348e-06,-5.863455264079040319e+01
1.824239500000000000e+10,-5.910807595189863214e-06,-5.866137784130280863e+01
1.824939400000000000e+10,-5.874429021668526005e-06,-5.868818944260556236e+01
1.825639300000000000e+10,-5.838292603940548801e-06,-5.871498746015355863e+01
1.826339200000000000e+10,-5.802396606690291506e-06,-5.874177190937302839e+01
1.827039100000000000e+10,-5.766739308102814618e-06,-5.876854280566182354e+01
1.827739000000000000e+10,-5.731318997935219943e-06,-5.879530016438934581e+01
1.828438900000000000e+10,-5.696133981856129976e-06,-5.882204400089668894e+01
1.829138800000000000e+10,-5.661182575659706639e-06,-5.884877433049666706e+01
1.829838700000000000e+10,-5.626463110087306707e-06,-5.887549116847389996e+01
1.830538600000000000e+10,-5.591973927934478898e-06,-5.890219453008491968e+01
1.831238500000000000e+10,-5.557713384533139916e-06,-5.892888443055820602e+01
1.831938400000000000e+10,-5.523679848233727629e-06,-5.895556088509426473e+01
1.832638300000000000e+10,-5.489871698958716977e-06,-5.898222390886567723e+01
1.833338200000000000e+10,-5.456287330613429049e-06,-5.900887351701729955e+01
1.834038100000000000e+10,-5.422925148193051041e-06,-5.903550972466610602e+01
1.834738000000000000e+10,-5.389783569229126279e-06,-5.906213254690147352e+01
1.835437900000000000e+10,-5.356861022825223299e-06,-5.908874199878513878e+01
1.836137800000000000e+10,-5.324155950621265074e-06,-5.911533809535129080e+01
1.836837700000000000e+10,-5.291666806311361434e-06,-5.914192085160668455e+01
1.837537600000000000e+10,-5.259392055643808221e-06,-5.916849028253064802e+01
1.838237500000000000e+10,-5.227330174492432232e-06,-5.919504640307518883e+01
1.838937400000000000e+10,-5.195479652231733756e-06,-5.922158922816503690e+01
1.839637300000000000e+10,-5.163838988361740651e-06,-5.924811877269778648e+01
1.840337200000000000e+10,-5.132406694436663394e-06,-5.927463505154386070e+01
1.841037100000000000e+10,-5.101181293100563326e-06,-5.930113807954666072e+01
1.841737000000000000e+10,-5.070161319051681020e-06,-5.932762787152257999e+01
1.842436900000000000e+10,-5.039345317113780384e-06,-5.935410444226116056e+01
1.843136800000000000e+10,-5.008731842718306911e-06,-5.938056780652500777e+01
1.843836700000000000e+10,-4.978319464315214557e-06,-5.940701797905005321e+01
1.844536600000000000e+10,-4.948106758551313689e-06,-5.943345497454544102e+01
1.845236500000000000e+10,-4.918092315574088169e-06,-5.945987880769369127e+01
1.845936400000000000e+10,-4.888274733727873193e-06,-5.948628949315082082e+01
1.846636300000000000e+10,-4.858652623893347378e-06,-5.951268704554627931e+01
1.847336200000000000e+10,-4.829224606112369899e-06,-5.953907147948309841e+01
1.848036100000000000e+10,-4.799989311998809047e-06,-5.956544280953792736e+01
1.848736000000000000e+10,-4.770945382809878707e-06,-5.959180105026112528e+01
1.849435900000000000e+10,-4.742091469928305926e-06,-5.961814621617679677e+01
1.850135800000000000e+10,-4.713426235344490876e-06,-5.964447832178295528e+01
1.850835700000000000e+10,-4.684948351174343502e-06,-5.967079738155143076e+01
1.851535600000000000e+10,-4.656656499177118495e-06,-5.969710340992799047e+01
1.852235500000000000e+10,-4.628549371719741973e-06,-5.972339642133253079e+01
1.852935400000000000e+10,-4.600625669848153879e-06,-5.974967643015899910e+01
1.853635300000000000e+10,-4.572884106180291414e-06,-5.977594345077542926e+01
1.854335200000000000e+10,-4.545323401048778082e-06,-5.980219749752421166e+01
1.855035100000000000e+10,-4.517942285393903725e-06,-5.982843858472193688e+01
1.855735000000000000e+10,-4.490739500281463731e-06,-5.985466672665956622e+01
1.856434900000000000e+10,-4.463713795456260538e-06,-5.988088193760252409e+01
1.857134800000000000e+10,-4.436863930306435399e-06,-5.990708423179064823e+01
1.857834700000000000e+10,-4.410188672899136617e-06,-5.993327362343835318e+01
1.858534600000000000e+10,-4.383686801427014650e-06,-5.995945012673472263e+01
1.859234500000000000e+10,-4.357357103243888654e-06,-5.998561375584338862e+01
1.859934400000000000e+10,-4.331198373900420646e-06,-6.001176452490285840e+01
1.860634300000000000e+10,-4.305209419072769718e-06,-6.003790244802635812e+01
1.861334200000000000e+10,-4.279389052633935282e-06,-6.006402753930197491e+01
1.862034100000000000e+10,-4.253736097618084602e-06,-6.009013981279280614e+01
1.862734000000000000e+10,-4.228249385738388603e-06,-6.011623928253685278e+01
1.863433900000000000e+10,-4.202927757869183519e-06,-6.014232596254717578e+01
1.864133800000000000e+10,-4.177770063081643366e-06,-6.016839986681198127e+01
1.864833700000000000e+10,-4.152775158643779092e-06,-6.019446100929467747e+01
1.865533600000000000e+10,-4.127941911949092788e-06,-6.022050940393386043e+01
1.866233500000000000e+10,-4.103269197141430918e-06,-6.024654506464342774e+01
1.866933400000000000e+10,-4.078755897043639371e-06,-6.027256800531268510e+01
1.867633300000000000e+10,-4.054400904121888450e-06,-6.029857823980633214e+01
1.868333200000000000e+10,-4.030203117592689442e-06,-6.032457578196454051e+01
1.869033100000000000e+10,-4.006161445351553059e-06,-6.035056064560303923e+01
1.869733000000000000e+10,-3.982274803490819326e-06,-6.037653284451313596e+01
1.870432900000000000e+10,-3.958542116781825150e-06,-6.040249239246190882e+01
1.871132800000000000e+10,-3.934962317228410070e-06,-6.042843930319202173e+01
1.871832700000000000e+10,-3.911534344549078747e-06,-6.045437359042202274e+01
1.872532600000000000e+10,-3.888257146659165997e-06,-6.048029526784625176e+01
1.873232500000000000e+10,-3.865129680153000983e-06,-6.050620434913498258e+01
1.873932400000000000e+10,-3.842150907893083731e-06,-6.053210084793445134e+01
1.874632300000000000e+10,-3.819319801420906073e-06,-6.055798477786694178e+01
1.875332200000000000e+10,-3.796635339510458233e-06,-6.058385615253076395e+01
1.876032100000000000e+10,-3.774096508650395981e-06,-6.060971498550040337e+01
1.876732000000000000e+10,-3.751702303044034279e-06,-6.063556129032654951e+01
1.877431900000000000e+10,-3.729451723645023990e-06,-6.066139508053618101e+01
1.878131800000000000e+10,-3.707343779121673900e-06,-6.068721636963253019e+01
1.878831700000000000e+10,-3.685377486339120833e-06,-6.071302517109523933e+01
1.879531600000000000e+10,-3.663551868430666126e-06,-6.073882149838042466e+01
1.880231500000000000e+10,-3.641865955762110354e-06,-6.076460536492060527e+01
1.880931400000000000e+10,-3.620318786413908631e-06,-6.079037678412497314e+01
1.881631300000000000e+10,-3.598909404734686083e-06,-6.081613576937919419e+01
1.882331200000000000e+10,-3.577636863269888257e-06,-6.084188233404567114e+01
1.883031100000000000e+10,-3.556500220833125633e-06,-6.086761649146354358e+01
1.883731000000000000e+10,-3.535498542988339509e-06,-6.089333825494869501e+01
1.884430900000000000e+10,-3.514630902531961105e-06,-6.091904763779385945e+01
1.885130800000000000e+10,-3.493896379010751613e-06,-6.094474465326867829e+01
1.885830700000000000e+10,-3.473294059203963841e-06,-6.097042931461967896e+01
1.886530600000000000e+10,-3.452823035676847109e-06,-6.099610163507045968e+01
1.887230500000000000e+10,-3.432482408227144897e-06,-6.102176162782168234e+01
1.887930400000000000e+10,-3.412271283885088910e-06,-6.104740930605111515e+01
1.888630300000000000e+10,-3.392188774502579842e-06,-6.107304468291360422e+01
1.889330200000000000e+10,-3.372233999646174188e-06,-6.109866777154138617e+01
1.890030100000000000e+10,-3.352406086114915825e-06,-6.112427858504388212e+01
1.890730000000000000e+10,-3.332704165529516769e-06,-6.114987713650783263e+01
1.891429900000000000e+10,-3.313127376261013923e-06,-6.117546343899745409e+01
1.892129800000000000e+10,-3.293674863912931571e-06,-6.120103750555433919e+01
1.892829700000000000e+10,-3.274345779392625476e-06,-6.122659934919762748e+01
1.893529600000000000e+10,-3.255139279875610405e-06,-6.125214898292399113e+01
1.894229500000000000e+10,-3.236054529287722627e-06,-6.127768641970769181e+01
1.894929400000000000e+10,-3.217090697822958263e-06,-6.130321167250073700e+01
1.895629300000000000e+10,-3.198246960496978184e-06,-6.132872475423273784e+01
1.896329200000000000e+10,-3.179522499075763912e-06,-6.135422567781124314e+01
1.897029100000000000e+10,-3.160916501593455553e-06,-6.137971445612143384e+01
1.897729000000000000e+10,-3.142428161870185066e-06,-6.140519110202649955e+01
1.898428900000000000e+10,-3.124056679512076687e-06,-6.143065562836753912e+01
1.899128800000000000e+10,-3.105801259911246931e-06,-6.145610804796365301e+01
1.899828700000000000e+10,-3.087661113763639552e-06,-6.148154837361190062e+01
1.900528600000000000e+10,-3.069635458997681878e-06,-6.150697661808752059e+01
1.901228500000000000e+10,-3.051723517399135913e-06,-6.153239279414386687e+01
1.901928400000000000e+10,-3.033924517504083044e-06,-6.155779691451251523e+01
1.902628300000000000e+10,-3.016237693152429360e-06,-6.158318899190323492e+01
1.903328200000000000e+10,-2.998662283970072803e-06,-6.160856903900415205e+01
1.904028100000000000e+10,-2.981197535368899358e-06,-6.163393706848167852e+01
1.904728000000000000e+10,-2.963842697100294298e-06,-6.165929309298075367e+01
1.905427900000000000e+10,-2.946597025665957198e-06,-6.168463712512465946e+01
1.906127800000000000e+10,-2.929459781907087346e-06,-6.170996917751520527e+01
1.906827700000000000e+10,-2.912430232933034567e-06,-6.173528926273282025e+01
1.907527600000000000e+10,-2.895507650192644585e-06,-6.176059739333649645e+01
1.908227500000000000e+10,-2.878691311885080392e-06,-6.178589358186391678e+01
1.908927400000000000e+10,-2.861980499584672081e-06,-6.181117784083139099e+01
1.909627300000000000e+10,-2.845374501616064469e-06,-6.183645018273413996e+01
1.910327200000000000e+10,-2.828872610161234512e-06,-6.186171062004607535e+01
1.911027100000000000e+10,-2.812474123670308005e-06,-6.188695916522004126e+01
1.911727000000000000e+10,-2.796178345415071681e-06,-6.191219583068778576e+01
1.912426900000000000e+10,-2.779984582524639754e-06,-6.193742062885998934e+01
1.913126800000000000e+10,-2.763892149360607888e-06,-6.196263357212635725e+01
1.913826700000000000e+10,-2.747900362695405393e-06,-6.198783467285569770e+01
1.914526600000000000e+10,-2.732008546051778419e-06,-6.201302394339592183e+01
1.915226500000000000e+10,-2.716216027291963939e-06,-6.203820139607405793e+01
1.915926400000000000e+10,-2.700522139099858165e-06,-6.206336704319638642e+01
1.916626300000000000e+10,-2.684926218498847707e-06,-6.208852089704845412e+01
1.917326200000000000e+10,-2.669427608298305523e-06,-6.211366296989513103e+01
1.918026100000000000e+10,-2.654025654682766591e-06,-6.213879327398061037e+01
1.918726000000000000e+10,-2.638719710104917273e-06,-6.216391182152848671e+01
1.919425900000000000e+10,-2.623509130392603833e-06,-6.218901862474186970e+01
1.920125800000000000e+10,-2.608393276677494695e-06,-6.221411369580329875e+01
1.920825700000000000e+10,-2.593371514430749103e-06,-6.223919704687499177e+01
1.921525600000000000e+10,-2.578443213945181309e-06,-6.226426869009861775e+01
1.922225500000000000e+10,-2.563607749370931350e-06,-6.228932863759559524e+01
1.922925400000000000e+10,-2.548864500161960151e-06,-6.231437690146699282e+01
1.923625300000000000e+10,-2.534212849629552729e-06,-6.233941349379371388e+01
1.924325200000000000e+10,-2.519652185424486616e-06,-6.236443842663629056e+01
1.925025100000000000e+10,-2.505181900501355149e-06,-6.238945171203523898e+01
1.925725000000000000e+10,-2.490801391189915381e-06,-6.241445336201092431e+01
1.926424900000000000e+10,-2.476510058641576832e-06,-6.243944338856362464e+01
1.927124800000000000e+10,-2.462307307865075228e-06,-6.246442180367365893e+01
1.927824700000000000e+10,-2.448192548690799188e-06,-6.248938861930127331e+01
1.928524600000000000e+10,-2.434165194324299350e-06,-6.251434384738686134e+01
1.929224500000000000e+10,-2.420224663274940466e-06,-6.253928749985095692e+01
1.929924400000000000e+10,-2.406370377427251848e-06,-6.256421958859421295e+01
1.930624300000000000e+10,-2.392601763005248547e-06,-6.258914012549752215e+01
1.931324200000000000e+10,-2.378918249608106364e-06,-6.261404912242200282e+01
1.932024100000000000e+10,-2.365319272620982366e-06,-6.263894659120919073e+01
1.932724000000000000e+10,-2.351804269839865146e-06,-6.266383254368081168e+01
1.933423900000000000e+10,-2.338372683882394917e-06,-6.268870699163911553e+01
1.934123800000000000e+10,-2.325023960741370949e-06,-6.271356994686674113e+01
1.934823700000000000e+10,-2.311757550749081213e-06,-6.273842142112681586e+01
1.935523600000000000e+10,-2.298572908095136076e-06,-6.276326142616306214e+01
1.936223500000000000e+10,-2.285469490826469998e-06,-6.278808997369971223e+01
1.936923400000000000e+10,-2.272446761329503175e-06,-6.281290707544164320e+01
1.937623300000000000e+10,-2.259504184401488178e-06,-6.283771274307441246e+01
1.938323200000000000e+10,-2.246641230625654184e-06,-6.286250698826429328e+01
1.939023100000000000e+10,-2.233857372031735640e-06,-6.288728982265831746e+01
1.939723000000000000e+10,-2.221152086917606519e-06,-6.291206125788431791e+01
1.940422900000000000e+10,-2.208524854545481447e-06,-6.293682130555095000e+01
1.941122800000000000e+10,-2.195975160445715427e-06,-6.296156997724781945e+01
1.941822700000000000e+10,-2.183502492559494562e-06,-6.298630728454541838e+01
1.942522600000000000e+10,-2.171106342203162317e-06,-6.301103323899525321e+01
1.943222500000000000e+10,-2.158786204068219522e-06,-6.303574785212981624e+01
1.943922400000000000e+10,-2.146541578149980692e-06,-6.306045113546271352e+01
1.944622300000000000e+10,-2.134371965890262228e-06,-6.308514310048862228e+01
1.945322200000000000e+10,-2.122276873552528758e-06,-6.310982375868342587e+01
1.946022100000000000e+10,-2.110255810293239358e-06,-6.313449312150413562e+01
1.946722000000000000e+10,-2.098308288644009616e-06,-6.315915120038905428e+01
1.947421900000000000e+10,-2.086433825475938741e-06,-6.318379800675775471e+01
1.948121800000000000e+10,-2.074631940070956624e-06,-6.320843355201119351e+01
1.948821700000000000e+10,-2.062902155568312585e-06,-6.323305784753156900e+01
1.949521600000000000e+10,-2.051243998482412461e-06,-6.325767090468260534e+01
1.950221500000000000e+10,-2.039656998220654839e-06,-6.328227273480943893e+01
1.950921400000000000e+10,-2.028140687565594821e-06,-6.330686334923872494e+01
1.951621300000000000e+10,-2.016694603639271127e-06,-6.333144275927864442e+01
1.952321200000000000e+10,-2.005318285492386008e-06,-6.335601097621896827e+01
1.953021100000000000e+10,-1.994011276032962839e-06,-6.338056801133106433e+01
1.953721000000000000e+10,-1.982773121062016052e-06,-6.340511387586800396e+01
1.954420900000000000e+10,-1.971603369755715322e-06,-6.342964858106456205e+01
1.955120800000000000e+10,-1.960501574665387266e-06,-6.345417213813724544e+01
1.955820700000000000e+10,-1.949467291717512470e-06,-6.347868455828432843e+01
1.956520600000000000e+10,-1.938500078767235898e-06,-6.350318585268602334e+01
1.957220500000000000e+10,-1.927599497527020675e-06,-6.352767603250427442e+01
1.957920400000000000e+10,-1.916765113084486439e-06,-6.355215510888308472e+01
1.958620300000000000e+10,-1.905996493420243040e-06,-6.357662309294828162e+01
1.959320200000000000e+10,-1.895293208925727195e-06,-6.360107999580777260e+01
1.960020100000000000e+10,-1.884654833849694841e-06,-6.362552582855150263e+01
1.960720000000000000e+10,-1.874080944369564174e-06,-6.364996060225146124e+01
1.961419900000000000e+10,-1.863571120520072820e-06,-6.367438432796174652e+01
1.962119800000000000e+10,-1.853124945711111745e-06,-6.369879701671868588e+01
1.962819700000000000e+10,-1.842742004316907702e-06,-6.372319867954072947e+01
1.963519600000000000e+10,-1.832421885533332921e-06,-6.374758932742863493e+01
1.964219500000000000e+10,-1.822164180967086078e-06,-6.377196897136538212e+01
1.964919400000000000e+10,-1.811968484153528320e-06,-6.379633762231628680e+01
1.965619300000000000e+10,-1.801834392485338317e-06,-6.382069529122907880e+01
1.966319200000000000e+10,-1.791761505766021398e-06,-6.384504198903381678e+01
1.967019100000000000e+10,-1.781749426692072464e-06,-6.386937772664306578e+01
1.967719000000000000e+10,-1.771797760370812017e-06,-6.389370251495179076e+01
1.968418900000000000e+10,-1.761906115284714741e-06,-6.391801636483755544e+01
1.969118800000000000e+10,-1.752074101844916522e-06,-6.394231928716042290e+01
1.969818700000000000e+10,-1.742301333837707851e-06,-6.396661129276311186e+01
1.970518600000000000e+10,-1.732587427942366891e-06,-6.399089239247091143e+01
1.971218500000000000e+10,-1.722932001802506956e-06,-6.401516259709181611e+01
1.971918400000000000e+10,-1.713334678365550177e-06,-6.403942191741660395e+01
1.972618300000000000e+10,-1.703795081061087533e-06,-6.406367036421866601e+01
1.973318200000000000e+10,-1.694312836693863344e-06,-6.408790794825431192e+01
1.974018100000000000e+10,-1.684887574479447524e-06,-6.411213468026258511e+01
1.974718000000000000e+10,-1.675518926526398504e-06,-6.413635057096547598e+01
1.975417900000000000e+10,-1.666206527354099891e-06,-6.416055563106786508e+01
1.976117800000000000e+10,-1.656950013892760251e-06,-6.418474987125752307e+01
1.976817700000000000e+10,-1.647749025483412904e-06,-6.420893330220528128e+01
1.977517600000000000e+10,-1.638603204360079686e-06,-6.423310593456493223e+01
1.978217500000000000e+10,-1.629512194685443416e-06,-6.425726777897335751e+01
1.978917400000000000e+10,-1.620475643515175643e-06,-6.428141884605055623e+01
1.979617300000000000e+10,-1.611493199833608054e-06,-6.430555914639958814e+01
1.980317200000000000e+10,-1.602564516000225253e-06,-6.432968869060678685e+01
1.981017100000000000e+10,-1.593689245821008005e-06,-6.435380748924160343e+01
1.981717000000000000e+10,-1.584867045994925381e-06,-6.437791555285679124e+01
1.982416900000000000e+10,-1.576097575149607012e-06,-6.440201289198836321e+01
1.983116800000000000e+10,-1.567380494805670623e-06,-6.442609951715569139e+01
1.983816700000000000e+10,-1.558715468412394079e-06,-6.445017543886143585e+01
1.984516600000000000e+10,-1.550102162312043124e-06,-6.447424066759172945e+01
1.985216500000000000e+10,-1.541540243811216112e-06,-6.449829521381607833e+01
1.985916400000000000e+10,-1.533029384073826808e-06,-6.452233908798751827e+01
1.986616300000000000e+10,-1.524569255228121798e-06,-6.454637230054247254e+01
1.987316200000000000e+10,-1.516159532777498254e-06,-6.457039486190109301e+01
1.988016100000000000e+10,-1.507799894154014123e-06,-6.459440678246690482e+01
1.988716000000000000e+10,-1.499490017754058691e-06,-6.461840807262717590e+01
1.989415900000000000e+10,-1.491229586313501479e-06,-6.464239874275284592e+01
1.990115800000000000e+10,-1.483018283050378945e-06,-6.466637880319842679e+01
1.990815700000000000e+10,-1.474855793593551666e-06,-6.469034826430223006e+01
1.991515600000000000e+10,-1.466741806947031437e-06,-6.471430713638633847e+01
1.992215500000000000e+10,-1.458676012596997631e-06,-6.473825542975656333e+01
1.992915400000000000e+10,-1.450658103404781688e-06,-6.476219315470260085e+01
1.993615300000000000e+10,-1.442687773678209518e-06,-6.478612032149800370e+01
1.994315200000000000e+10,-1.434764719653766747e-06,-6.481003694040023788e+01
1.995015100000000000e+10,-1.426888640460926455e-06,-6.483394302165065426e+01
1.995715000000000000e+10,-1.419059236193492855e-06,-6.485783857547458808e+01
1.996414900000000000e+10,-1.411276209838257191e-06,-6.488172361208144423e+01
1.997114800000000000e+10,-1.403539266310670209e-06,-6.490559814166461194e+01
1.997814700000000000e+10,-1.395848112454841316e-06,-6.492946217440155010e+01
1.998514600000000000e+10,-1.388202456561375869e-06,-6.495331572045384405e+01
1.999214500000000000e+10,-1.380602009813864986e-06,-6.497715878996727668e+01
1.999914400000000000e+10,-1.373046484842395740e-06,-6.500099139307171470e+01
2.000614300000000000e+10,-1.365535596205713435e-06,-6.502481353988132184e+01
2.001314200000000000e+10,-1.358069060391223093e-06,-6.504862524049445938e+01
2.002014100000000000e+10,-1.350646595814987968e-06,-6.507242650499377135e+01
2.002714000000000000e+10,-1.343267923303894371e-06,-6.509621734344631250e+01
2.003413900000000000e+10,-1.335932765131322873e-06,-6.511999776590333511e+01
2.004113800000000000e+10,-1.328640845499313547e-06,-6.514376778240064425e+01
2.004813700000000000e+10,-1.321391890056400724e-06,-6.516752740295831359e+01
2.005513600000000000e+10,-1.314185627344105133e-06,-6.519127663758096958e+01
2.006213500000000000e+10,-1.307021787350443031e-06,-6.521501549625770622e+01
2.006913400000000000e+10,-1.299900100545596135e-06,-6.523874398896214188e+01
2.007613300000000000e+10,-1.292820301739225120e-06,-6.526246212565239091e+01
2.008313200000000000e+10,-1.285782125258829441e-06,-6.528616991627127675e+01
2.009013100000000000e+10,-1.278785308324894738e-06,-6.530986737074611881e+01
2.009713000000000000e+10,-1.271829590086565095e-06,-6.533355449898897405e+01
2.010412900000000000e+10,-1.264914711139478856e-06,-6.535723131089655169e+01
2.011112800000000000e+10,-1.258040413043605068e-06,-6.538089781635028430e+01
2.011812700000000000e+10,-1.251206440734062517e-06,-6.540455402521638462e+01
2.012512600000000000e+10,-1.244412539628137355e-06,-6.542819994734584554e+01
2.013212500000000000e+10,-1.237658457553936248e-06,-6.545183559257446859e+01
2.013912400000000000e+10,-1.230943943303897838e-06,-6.547546097072289228e+01
2.014612300000000000e+10,-1.224268748081281707e-06,-6.549907609159667743e+01
2.015312200000000000e+10,-1.217632624053678352e-06,-6.552268096498627870e+01
2.016012100000000000e+10,-1.211035326281663822e-06,-6.554627560066717251e+01
2.016712000000000000e+10,-1.204476609825816708e-06,-6.556986000839967232e+01
2.017411900000000000e+10,-1.197956232639701574e-06,-6.559343419792925545e+01
2.018111800000000000e+10,-1.191473954123376395e-06,-6.561699817898632148e+01
2.018811700000000000e+10,-1.185029534641230061e-06,-6.564055196128649072e+01
2.019511600000000000e+10,-1.178622736486308853e-06,-6.566409555453037683e+01
2.020211500000000000e+10,-1.172253324362481045e-06,-6.568762896840379995e+01
2.020911400000000000e+10,-1.165921063455781009e-06,-6.571115221257771566e+01
2.021611300000000000e+10,-1.159625720880900713e-06,-6.573466529670832870e+01
2.022311200000000000e+10,-1.153367065681190360e-06,-6.575816823043705028e+01
2.023011100000000000e+10,-1.147144867382165609e-06,-6.578166102339059762e+01
2.023711000000000000e+10,-1.140958898402328309e-06,-6.580514368518096546e+01
2.024410900000000000e+10,-1.134808932124509104e-06,-6.582861622540544033e+01
2.025110800000000000e+10,-1.128694743378033535e-06,-6.585207865364682789e+01
2.025810700000000000e+10,-1.122616107956556574e-06,-6.587553097947309766e+01
2.026510600000000000e+10,-1.116572804546718533e-06,-6.589897321243788042e+01
2.027210500000000000e+10,-1.110564611835161420e-06,-6.592240536208008450e+01
2.027910400000000000e+10,-1.104591311401513004e-06,-6.594582743792422264e+01
2.028610300000000000e+10,-1.098652684825402958e-06,-6.596923944948026985e+01
2.029310200000000000e+10,-1.092748515615118133e-06,-6.599264140624377717e+01
2.030010100000000000e+10,-1.086878590171930929e-06,-6.601603331769590000e+01
2.030710000000000000e+10,-1.081042693932787488e-06,-6.603941519330334131e+01
2.031409900000000000e+10,-1.075240615709783480e-06,-6.606278704251850797e+01
2.032109800000000000e+10,-1.069472144315015843e-06,-6.608614887477943967e+01
2.032809700000000000e+10,-1.063737070971403305e-06,-6.610950069950990837e+01
2.033509600000000000e+10,-1.058035187866193601e-06,-6.613284252611943259e+01
2.034209500000000000e+10,-1.052366288633128515e-06,-6.615617436400324891e+01
2.034909400000000000e+10,-1.046730168352442605e-06,-6.617949622254242570e+01
2.035609300000000000e+10,-1.041126623550864051e-06,-6.620280811110386310e+01
2.036309200000000000e+10,-1.035555451237286704e-06,-6.622611003904023619e+01
2.037009100000000000e+10,-1.030016451313589330e-06,-6.624940201569027920e+01
2.037709000000000000e+10,-1.024509423681652178e-06,-6.627268405037844445e+01
2.038408900000000000e+10,-1.019034170172012671e-06,-6.629595615241524342e+01
2.039108800000000000e+10,-1.013590494061701643e-06,-6.631921833109713305e+01
2.039808700000000000e+10,-1.008178199592079151e-06,-6.634247059570658678e+01
2.040508600000000000e+10,-1.002797091968834686e-06,-6.636571295551208038e+01
2.041208500000000000e+10,-9.974469788084786785e-07,-6.638894541976819141e+01
2.041908400000000000e+10,-9.921276677275228302e-07,-6.641216799771554236e+01
2.042608300000000000e+10,-9.868389687532997813e-07,-6.643538069858095696e+01
2.043308200000000000e+10,-9.815806923953080542e-07,-6.645858353157731813e+01
2.044008100000000000e+10,-9.763526506095389465e-07,-6.648177650590371002e+01
2.044708000000000000e+10,-9.711546563163125554e-07,-6.650495963074550332e+01
2.045407900000000000e+10,-9.659865243646063644e-07,-6.652813291527421313e+01
2.046107800000000000e+10,-9.608480705677268684e-07,-6.655129636864765530e+01
2.046807700000000000e+10,-9.557391117033097847e-07,-6.657445000000996060e+01
2.047507600000000000e+10,-9.506594659954840298e-07,-6.659759381849154636e+01
2.048207500000000000e+10,-9.456089526327068955e-07,-6.662072783320920166e+01
2.048907400000000000e+10,-9.405873922499295082e-07,-6.664385205326608741e+01
2.049607300000000000e+10,-9.355946059642678171e-07,-6.666696648775180734e+01
2.050307200000000000e+10,-9.306304173036583932e-07,-6.669007114574236539e+01
2.051007100000000000e+10,-9.256946502782027365e-07,-6.671316603630023678e+01
2.051707000000000000e+10,-9.207871298623319933e-07,-6.673625116847441063e+01
2.052406900000000000e+10,-9.159076829591335320e-07,-6.675932655130041837e+01
2.053106800000000000e+10,-9.110561359895323329e-07,-6.678239219380024849e+01
2.053806700000000000e+10,-9.062323182674376567e-07,-6.680544810498255970e+01
2.054506600000000000e+10,-9.014360595889240104e-07,-6.682849429384259565e+01
2.055206500000000000e+10,-8.966671907143945948e-07,-6.685153076936225602e+01
2.055906400000000000e+10,-8.919255438507458091e-07,-6.687455754051003964e+01
2.056606300000000000e+10,-8.872109516870385585e-07,-6.689757461624115820e+01
2.057306200000000000e+10,-8.825232483588271583e-07,-6.692058200549759306e+01
2.058006100000000000e+10,-8.778622694481579583e-07,-6.694357971720801004e+01
2.058706000000000000e+10,-8.732278515014065311e-07,-6.696656776028787306e+01
2.059405900000000000e+10,-8.686198310649495080e-07,-6.698954614363947258e+01
2.060105800000000000e+10,-8.640380475781480120e-07,-6.701251487615185454e+01
2.060805700000000000e+10,-8.594823399981999315e-07,-6.703547396670097669e+01
2.061505600000000000e+10,-8.549525492109599061e-07,-6.705842342414969437e+01
2.062205500000000000e+10,-8.504485170666115866e-07,-6.708136325734771788e+01
2.062905400000000000e+10,-8.459700854153393647e-07,-6.710429347513172615e+01
2.063605300000000000e+10,-8.415170985181479363e-07,-6.712721408632535258e+01
2.064305200000000000e+10,-8.370894011182071381e-07,-6.715012509973919919e+01
2.065005100000000000e+10,-8.326868389230153942e-07,-6.717302652417097875e+01
2.065705000000000000e+10,-8.283092586043997163e-07,-6.719591836840533006e+01
2.066404900000000000e+10,-8.239565082806798912e-07,-6.721880064121398846e+01
2.067104800000000000e+10,-8.196284355880125769e-07,-6.724167335135584267e+01
2.067804700000000000e+10,-8.153248915377026874e-07,-6.726453650757689218e+01
2.068504600000000000e+10,-8.110457261767281378e-07,-6.728739011861024721e+01
2.069204500000000000e+10,-8.067907909985594062e-07,-6.731023419317614298e+01
2.069904400000000000e+10,-8.025599389431596407e-07,-6.733306873998222386e+01
2.070604300000000000e+10,-7.983530234326562828e-07,-6.735589376772310288e+01
2.071304200000000000e+10,-7.941698993356698673e-07,-6.737870928508085910e+01
2.072004100000000000e+10,-7.900104220029850105e-07,-6.740151530072472497e+01
2.072704000000000000e+10,-7.858744477497153403e-07,-6.742431182331128525e+01
2.073403900000000000e+10,-7.817618343374669418e-07,-6.744709886148444866e+01
2.074103800000000000e+10,-7.776724390456827712e-07,-6.746987642387553308e+01
2.074803700000000000e+10,-7.736061220467897474e-07,-6.749264451910318030e+01
2.075503600000000000e+10,-7.695627435132153184e-07,-6.751540315577342710e+01
2.076203500000000000e+10,-7.655421636173884146e-07,-6.753815234247981891e+01
2.076903400000000000e+10,-7.615442449425575294e-07,-6.756089208780331035e+01
2.077603300000000000e+10,-7.575688505541360852e-07,-6.758362240031239310e+01
2.078303200000000000e+10,-7.536158435175380335e-07,-6.760634328856301067e+01
2.079003100000000000e+10,-7.496850883446697840e-07,-6.762905476109870051e+01
2.079703000000000000e+10,-7.457764514760940738e-07,-6.765175682645052291e+01
2.080402900000000000e+10,-7.418897983880464294e-07,-6.767444949313714631e+01
2.081102800000000000e+10,-7.380249960032549407e-07,-6.769713276966483306e+01
2.081802700000000000e+10,-7.341819136552673662e-07,-6.771980666452752473e+01
2.082502600000000000e+10,-7.303604192311409128e-07,-6.774247118620685626e+01
2.083202500000000000e+10,-7.265603825465890093e-07,-6.776512634317202810e+01
2.083902400000000000e+10,-7.227816748638169069e-07,-6.778777214388009043e+01
2.084602300000000000e+10,-7.190241669628670456e-07,-6.781040859677575838e+01
2.085302200000000000e+10,-7.152877310702742169e-07,-6.783303571029152579e+01
2.086002100000000000e+10,-7.115722408590650349e-07,-6.785565349284769354e+01
2.086702000000000000e+10,-7.078775700022671725e-07,-6.787826195285235542e+01
2.087401900000000000e+10,-7.042035931372363607e-07,-6.790086109870148334e+01
2.088101800000000000e+10,-7.005501853834930477e-07,-6.792345093877885631e+01
2.088801700000000000e+10,-6.969172237892135861e-07,-6.794603148145617411e+01
2.089501600000000000e+10,-6.933045854025753873e-07,-6.796860273509305728e+01
2.090201500000000000e+10,-6.897121472717557570e-07,-6.799116470803704715e+01
2.090901400000000000e+10,-6.861397893379161749e-07,-6.801371740862366266e+01
2.091601300000000000e+10,-6.825873900957273572e-07,-6.803626084517640038e+01
2.092301200000000000e+10,-6.790548299685156069e-07,-6.805879502600673447e+01
2.093001100000000000e+10,-6.755419903439356025e-07,-6.808131995941424464e+01
2.093701000000000000e+10,-6.720487530918069519e-07,-6.810383565368650238e+01
2.094400900000000000e+10,-6.685750000819489450e-07,-6.812634211709922738e+01
2.095100800000000000e+10,-6.651206151128378351e-07,-6.814883935791614533e+01
2.095800700000000000e+10,-6.616854819829496638e-07,-6.817132738438925799e+01
2.096500600000000000e+10,-6.582694859372530360e-07,-6.819380620475855892e+01
2.097200500000000000e+10,-6.548725117385528984e-07,-6.821627582725230354e+01
2.097900400000000000e+10,-6.514944460783106315e-07,-6.823873626008700910e+01
2.098600300000000000e+10,-6.481351761301512741e-07,-6.826118751146728414e+01
2.099300200000000000e+10,-6.447945895498651118e-07,-6.828362958958611273e+01
2.100000100000000000e+10,-6.414725739932423242e-07,-6.830606250262465551e+01
2.100700000000000000e+10,-6.381690200090568418e-07,-6.832848625875242021e+01
2.101399900000000000e+10,-6.348838157352641968e-07,-6.835090086612720484e+01
2.102099800000000000e+10,-6.316168531671304596e-07,-6.837330633289519710e+01
2.102799700000000000e+10,-6.283680228534312548e-07,-6.839570266719090341e+01
2.103499600000000000e+10,-6.251372167894343469e-07,-6.841808987713723411e+01
2.104199500000000000e+10,-6.219243274525714765e-07,-6.844046797084550349e+01
2.104899400000000000e+10,-6.187292487667663126e-07,-6.846283695641551503e+01
2.105599300000000000e+10,-6.155518741737793951e-07,-6.848519684193544776e+01
2.106299200000000000e+10,-6.123920980796994279e-07,-6.850754763548198412e+01
2.106999100000000000e+10,-6.092498168192709133e-07,-6.852988934512039521e+01
2.107699000000000000e+10,-6.061249252807474843e-07,-6.855222197890438451e+01
2.108398900000000000e+10,-6.030173212453655715e-07,-6.857454554487620157e+01
2.109098800000000000e+10,-5.999269005657073953e-07,-6.859686005106678408e+01
2.109798700000000000e+10,-5.968535629516661379e-07,-6.861916550549548788e+01
2.110498600000000000e+10,-5.937972052201523953e-07,-6.864146191617041382e+01
2.111198500000000000e+10,-5.907577280453878313e-07,-6.866374929108832248e+01
2.111898400000000000e+10,-5.877350311372666869e-07,-6.868602763823452051e+01
2.112598300000000000e+10,-5.847290142056841559e-07,-6.870829696558311639e+01
2.113298200000000000e+10,-5.817395788891907012e-07,-6.873055728109687834e+01
2.113998100000000000e+10,-5.787666273085012915e-07,-6.875280859272727696e+01
2.114698000000000000e+10,-5.758100615843311070e-07,-6.877505090841455626e+01
2.115397900000000000e+10,-5.728697843195598333e-07,-6.879728423608780474e+01
2.116097800000000000e+10,-5.699457000457226373e-07,-6.881950858366478485e+01
2.116797700000000000e+10,-5.670377123300273686e-07,-6.884172395905217456e+01
2.117497600000000000e+10,-5.641457261861742287e-07,-6.886393037014546792e+01
2.118197500000000000e+10,-5.612696475921909479e-07,-6.888612782482897501e+01
2.118897400000000000e+10,-5.584093815617782572e-07,-6.890831633097596409e+01
2.119597300000000000e+10,-5.555648355194562386e-07,-6.893049589644854791e+01
2.120297200000000000e+10,-5.527359168897455035e-07,-6.895266652909785421e+01
2.120997100000000000e+10,-5.499225330971669812e-07,-6.897482823676386943e+01
2.121697000000000000e+10,-5.471245920484057885e-07,-6.899698102727556659e+01
2.122396900000000000e+10,-5.443420035788026292e-07,-6.901912490845097636e+01
2.123096800000000000e+10,-5.415746770415350780e-07,-6.904125988809707337e+01
2.123796700000000000e+10,-5.388225227541081324e-07,-6.906338597400994672e+01
2.124496600000000000e+10,-5.360854505518637666e-07,-6.908550317397465790e+01
2.125196500000000000e+10,-5.333633726809634119e-07,-6.910761149576541129e+01
2.125896400000000000e+10,-5.306562004232408651e-07,-6.912971094714546894e+01
2.126596300000000000e+10,-5.279638465070221689e-07,-6.915180153586729261e+01
2.127296200000000000e+10,-5.252862231784693897e-07,-6.917388326967238754e+01
2.127996100000000000e+10,-5.226232446124007105e-07,-6.919595615629150132e+01
2.128696000000000000e+10,-5.199748245014705495e-07,-6.921802020344452444e+01
2.129395900000000000e+10,-5.173408775026611715e-07,-6.924007541884058980e+01
2.130095800000000000e+10,-5.147213182729554765e-07,-6.926212181017800162e+01
2.130795700000000000e+10,-5.121160633979915277e-07,-6.928415938514442018e+01
2.131495600000000000e+10,-5.095250280169169425e-07,-6.930618815141667710e+01
2.132195500000000000e+10,-5.069481296796978421e-07,-6.932820811666093164e+01
2.132895400000000000e+10,-5.043852844898101137e-07,-6.935021928853265649e+01
2.133595300000000000e+10,-5.018364114437120187e-07,-6.937222167467665201e+01
2.134295200000000000e+10,-4.993014276092075023e-07,-6.939421528272708883e+01
2.134995100000000000e+10,-4.967802529470833075e-07,-6.941620012030750786e+01
2.135695000000000000e+10,-4.942728054894712258e-07,-6.943817619503084870e+01
2.136394900000000000e+10,-4.917790056793227175e-07,-6.946014351449944968e+01
2.137094800000000000e+10,-4.892987734774254786e-07,-6.948210208630507623e+01
2.137794700000000000e+10,-4.868320298088950512e-07,-6.950405191802902038e+01
2.138494600000000000e+10,-4.843786960810112715e-07,-6.952599301724194447e+01
2.139194500000000000e+10,-4.819386937010540813e-07,-6.954792539150415109e+01
2.139894400000000000e+10,-4.795119450406314806e-07,-6.956984904836529893e+01
2.140594300000000000e+10,-4.770983729535152337e-07,-6.959176399536472957e+01
2.141294200000000000e+10,-4.746979007756417162e-07,-6.961367024003125437e+01
2.141994100000000000e+10,-4.723104513607832219e-07,-6.963556778988329654e+01
2.142694000000000000e+10,-4.699359499735316604e-07,-6.965745665242886275e+01
2.143393900000000000e+10,-4.675743204319877011e-07,-6.967933683516561416e+01
2.144093800000000000e+10,-4.652254880007437299e-07,-6.970120834558082379e+01
2.144793700000000000e+10,-4.628893784265561089e-07,-6.972307119115141916e+01
2.145493600000000000e+10,-4.605659174561814651e-07,-6.974492537934402492e+01
2.146193500000000000e+10,-4.582550318007043772e-07,-6.976677091761499128e+01
2.146893400000000000e+10,-4.559566486533733476e-07,-6.978860781341029451e+01
2.147593300000000000e+10,-4.536706947252734316e-07,-6.981043607416577856e+01
2.148293200000000000e+10,-4.513970986561451127e-07,-6.983225570730692766e+01
2.148993100000000000e+10,-4.491357876392376872e-07,-6.985406672024909369e+01
2.149693000000000000e+10,-4.468866917607834079e-07,-6.987586912039736831e+01
2.150392900000000000e+10,-4.446497391783596292e-07,-6.989766291514672503e+01
2.151092800000000000e+10,-4.424248599781993451e-07,-6.991944811188190556e+01
2.151792700000000000e+10,-4.402119842465353910e-07,-6.994122471797754770e+01
2.152492600000000000e+10,-4.380110420696011313e-07,-6.996299274079814268e+01
2.153192500000000000e+10,-4.358219649801214886e-07,-6.998475218769810624e+01
2.153892400000000000e+10,-4.336446835464938565e-07,-7.000650306602176443e+01
2.154592300000000000e+10,-4.314791302657712154e-07,-7.002824538310332514e+01
2.155292200000000000e+10,-4.293252366706790701e-07,-7.004997914626704869e+01
2.155992100000000000e+10,-4.271829362225984591e-07,-7.007170436282711989e+01
2.156692000000000000e+10,-4.250521609364190220e-07,-7.009342104008764807e+01
2.157391900000000000e+10,-4.229328452378497496e-07,-7.011512918534289440e+01
2.158091800000000000e+10,-4.208249221061084985e-07,-7.013682880587701618e+01
2.158791700000000000e+10,-4.187283264490683413e-07,-7.015851990896429413e+01
2.159491600000000000e+10,-4.166429926924389041e-07,-7.018020250186908982e+01
2.160191500000000000e+10,-4.145688557440936832e-07,-7.020187659184578877e+01
2.160891400000000000e+10,-4.125058514762341269e-07,-7.022354218613895682e+01
2.161591300000000000e+10,-4.104539152788979195e-07,-7.024519929198319801e+01
2.162291200000000000e+10,-4.084129835064505385e-07,-7.026684791660333929e+01
2.162991100000000000e+10,-4.063829934775855193e-07,-7.028848806721434528e+01
2.163691000000000000e+10,-4.043638810645047870e-07,-7.031011975102134670e+01
2.164390900000000000e+10,-4.023555850323934349e-07,-7.033174297521972562e+01
2.165090800000000000e+10,-4.003580422177816048e-07,-7.035335774699495914e+01
2.165790700000000000e+10,-3.983711909036909433e-07,-7.037496407352293204e+01
2.166490600000000000e+10,-3.963949698553070201e-07,-7.039656196196968097e+01
2.167190500000000000e+10,-3.944293183199793813e-07,-7.041815141949147971e+01
2.167890400000000000e+10,-3.924741755450579432e-07,-7.043973245323499555e+01
2.168590300000000000e+10,-3.905294807778925164e-07,-7.046130507033717549e+01
2.169290200000000000e+10,-3.885951742301608109e-07,-7.048286927792528900e+01
2.169990100000000000e+10,-3.866711965957045654e-07,-7.050442508311691370e+01
2.170690000000000000e+10,-3.847574885683654659e-07,-7.052597249302006333e+01
2.171389900000000000e+10,-3.828539913241493863e-07,-7.054751151473303139e+01
2.172089800000000000e+10,-3.809606460390623062e-07,-7.056904215534466118e+01
2.172789700000000000e+10,-3.790773953356014984e-07,-7.059056442193411840e+01
2.173489600000000000e+10,-3.772041808719372893e-07,-7.061207832157103326e+01
2.174189500000000000e+10,-3.753409457527310865e-07,-7.063358386131541522e+01
2.174889400000000000e+10,-3.734876321183170867e-07,-7.065508104821793722e+01
2.175589300000000000e+10,-3.716441840376848614e-07,-7.067656988931958040e+01
2.176289200000000000e+10,-3.698105450976600061e-07,-7.069805039165191829e+01
2.176989100000000000e+10,-3.679866584029050403e-07,-7.071952256223701738e+01
2.177689000000000000e+10,-3.661724694689010933e-07,-7.074098640808757921e+01
2.178388900000000000e+10,-3.643679218824743960e-07,-7.076244193620672718e+01
2.179088800000000000e+10,-3.625729616412704242e-07,-7.078388915358826239e+01
2.179788700000000000e+10,-3.607875332964432553e-07,-7.080532806721662098e+01
2.180488600000000000e+10,-3.590115833278024471e-07,-7.082675868406671782e+01
2.181188500000000000e+10,-3.572450567686661059e-07,-7.084818101110425914e+01
2.181888400000000000e+10,-3.554879005810078187e-07,-7.086959505528548675e+01
2.182588300000000000e+10,-3.537400612446374612e-07,-7.089100082355736276e+01
2.183288200000000000e+10,-3.520014857215287792e-07,-7.091239832285751277e+01
2.183988100000000000e+10,-3.502721214558195477e-07,-7.093378756011433950e+01
2.184688000000000000e+10,-3.485519158916475946e-07,-7.095516854224686654e+01
2.185387900000000000e+10,-3.468408174374784352e-07,-7.097654127616490882e+01
2.186087800000000000e+10,-3.451387735374501622e-07,-7.099790576876903003e+01
2.186787700000000000e+10,-3.434457335643562959e-07,-7.101926202695058521e+01
2.187487600000000000e+10,-3.417616459266625636e-07,-7.104061005759169234e+01
2.188187500000000000e+10,-3.400864599971626975e-07,-7.106194986756530341e+01
2.188887400000000000e+10,-3.384201251486504829e-07,-7.108328146373517598e+01
2.189587300000000000e+10,-3.367625912360835752e-07,-7.110460485295588740e+01
2.190287200000000000e+10,-3.351138085965835000e-07,-7.112592004207296270e+01
2.190987100000000000e+10,-3.334737275672718890e-07,-7.114722703792271830e+01
2.191687000000000000e+10,-3.318422989674345086e-07,-7.116852584733237563e+01
2.192386900000000000e+10,-3.302194731341932021e-07,-7.118981647712010385e+01
2.193086800000000000e+10,-3.286052018511613176e-07,-7.121109893409497715e+01
2.193786700000000000e+10,-3.269994373841161793e-07,-7.123237322505703162e+01
2.194486600000000000e+10,-3.254021305523438714e-07,-7.125363935679719418e+01
2.195186500000000000e+10,-3.238132341037856940e-07,-7.127489733609748157e+01
2.195886400000000000e+10,-3.222327003042191833e-07,-7.129614716973082977e+01
2.196586300000000000e+10,-3.206604819015859042e-07,-7.131738886446117931e+01
2.197286200000000000e+10,-3.190965321259913449e-07,-7.133862242704358891e+01
2.197986100000000000e+10,-3.175408046897047049e-07,-7.135984786422400816e+01
2.198686000000000000e+10,-3.159932523406679199e-07,-7.138106518273959011e+01
2.199385900000000000e+10,-3.144538297554779299e-07,-7.140227438931850656e+01
2.200085800000000000e+10,-3.129224901642406995e-07,-7.142347549068004753e+01
2.200785700000000000e+10,-3.113991892078809621e-07,-7.144466849353455018e+01
2.201485600000000000e+10,-3.098838810808324228e-07,-7.146585340458358360e+01
2.202185500000000000e+10,-3.083765204596924981e-07,-7.148703023051973560e+01
2.202885400000000000e+10,-3.068770629853862390e-07,-7.150819897802685432e+01
2.203585300000000000e+10,-3.053854638166752500e-07,-7.152935965377993455e+01
2.204285200000000000e+10,-3.039016795588124283e-07,-7.155051226444511769e+01
2.204985100000000000e+10,-3.024256653705592724e-07,-7.157165681667984813e+01
2.205685000000000000e+10,-3.009573778571689974e-07,-7.159279331713270267e+01
2.206384900000000000e+10,-2.994967741060584768e-07,-7.161392177244356105e+01
2.207084800000000000e+10,-2.980438107224810314e-07,-7.163504218924350653e+01
2.207784700000000000e+10,-2.965984443116900351e-07,-7.165615457415493950e+01
2.208484600000000000e+10,-2.951606329254302077e-07,-7.167725893379154911e+01
2.209184500000000000e+10,-2.937303336511188992e-07,-7.169835527475831327e+01
2.209884400000000000e+10,-2.923075045405010940e-07,-7.171944360365151283e+01
2.210584300000000000e+10,-2.908921041274855940e-07,-7.174052392705877423e+01
2.211284200000000000e+10,-2.894840904638175954e-07,-7.176159625155914057e+01
2.211984100000000000e+10,-2.880834220834060059e-07,-7.178266058372291525e+01
2.212684000000000000e+10,-2.866900580023237094e-07,-7.180371693011188938e+01
2.213383900000000000e+10,-2.853039572366437483e-07,-7.182476529727918546e+01
2.214083800000000000e+10,-2.839250797667665881e-07,-7.184580569176932840e+01
2.214783700000000000e+10,-2.825533841266016130e-07,-7.186683812011834505e+01
2.215483600000000000e+10,-2.811888312608771347e-07,-7.188786258885370728e+01
2.216183500000000000e+10,-2.798313801856664075e-07,-7.190887910449426101e+01
2.216883400000000000e+10,-2.784809923278616134e-07,-7.192988767355039670e+01
2.217583300000000000e+10,-2.771376276678638002e-07,-7.195088830252400669e+01
2.218283200000000000e+10,-2.758012466682377799e-07,-7.197188099790847104e+01
2.218983100000000000e+10,-2.744718112380397636e-07,-7.199286576618871436e+01
2.219683000000000000e+10,-2.731492823219986453e-07,-7.201384261384112051e+01
2.220382900000000000e+10,-2.718336208648430545e-07,-7.203481154733378844e+01
2.221082800000000000e+10,-2.705247892577933899e-07,-7.205577257312620532e+01
2.221782700000000000e+10,-2.692227494099060744e-07,-7.207672569766961601e+01
2.222482600000000000e+10,-2.679274632302378484e-07,-7.209767092740673888e+01
2.223182500000000000e+10,-2.666388931100090048e-07,-7.211860826877193631e+01
2.223882400000000000e+10,-2.653570019226039186e-07,-7.213953772819125732e+01
2.224582300000000000e+10,-2.640817525414069648e-07,-7.216045931208238073e+01
2.225282200000000000e+10,-2.628131078398026243e-07,-7.218137302685457257e+01
2.225982100000000000e+10,-2.615510311733390894e-07,-7.220227887890887075e+01
2.226682000000000000e+10,-2.602954858975647110e-07,-7.222317687463797142e+01
2.227381900000000000e+10,-2.590464363323554748e-07,-7.224406702042625739e+01
2.228081800000000000e+10,-2.578038458332598909e-07,-7.226494932264988336e+01
2.228781700000000000e+10,-2.565676787201539976e-07,-7.228582378767667649e+01
2.229481600000000000e+10,-2.553378997950777039e-07,-7.230669042186630691e+01
2.230181500000000000e+10,-2.541144728957435487e-07,-7.232754923157008875e+01
2.230881400000000000e+10,-2.528973633063552581e-07,-7.234840022313123598e+01
2.231581300000000000e+10,-2.516865358289530056e-07,-7.236924340288469182e+01
2.232281200000000000e+10,-2.504819562299044405e-07,-7.239007877715722827e+01
2.232981100000000000e+10,-2.492835888290860777e-07,-7.241090635226750294e+01
2.233681000000000000e+10,-2.480914003571933601e-07,-7.243172613452587427e+01
2.234380900000000000e+10,-2.469053556162665668e-07,-7.245253813023468581e+01
2.235080800000000000e+10,-2.457254218191650110e-07,-7.247334234568810984e+01
2.235780700000000000e+10,-2.445515642500928420e-07,-7.249413878717220427e+01
2.236480600000000000e+10,-2.433837496397458733e-07,-7.251492746096491260e+01
2.237180500000000000e+10,-2.422219442366558360e-07,-7.253570837333612076e+01
2.237880400000000000e+10,-2.410661157358461249e-07,-7.255648153054761451e+01
2.238580300000000000e+10,-2.399162303858486302e-07,-7.257724693885313627e+01
2.239280200000000000e+10,-2.387722558816867997e-07,-7.259800460449842774e+01
2.239980100000000000e+10,-2.376341594362203962e-07,-7.261875453372114464e+01
2.240680000000000000e+10,-2.365019087444727616e-07,-7.263949673275089935e+01
2.241379900000000000e+10,-2.353754710193037382e-07,-7.266023120780941724e+01
2.242079800000000000e+10,-2.342548149200644349e-07,-7.268095796511035189e+01
2.242779700000000000e+10,-2.331399086239423284e-07,-7.270167701085939882e+01
2.243479600000000000e+10,-2.320307198259610519e-07,-7.272238835125438072e+01
2.244179500000000000e+10,-2.309272181497995077e-07,-7.274309199248500590e+01
2.244879400000000000e+10,-2.298293712904814346e-07,-7.276378794073323775e+01
2.245579300000000000e+10,-2.287371483895220500e-07,-7.278447620217303893e+01
2.246279200000000000e+10,-2.276505185884365711e-07,-7.280515678297044246e+01
2.246979100000000000e+10,-2.265694515109039267e-07,-7.282582968928367961e+01
2.247679000000000000e+10,-2.254939167806032837e-07,-7.284649492726300934e+01
2.248378900000000000e+10,-2.244238830568862009e-07,-7.286715250305095992e+01
2.249078800000000000e+10,-2.233593209277593474e-07,-7.288780242278210153e+01
2.249778700000000000e+10,-2.223002000169020491e-07,-7.290844469258325944e+01
2.250478600000000000e+10,-2.212464904301572371e-07,-7.292907931857337189e+01
2.251178500000000000e+10,-2.201981632376955833e-07,-7.294970630686358959e+01
2.251878400000000000e+10,-2.191551880631963868e-07,-7.297032566355736094e+01
2.252578300000000000e+10,-2.181175359768303723e-07,-7.299093739475027576e+01
2.253278200000000000e+10,-2.170851775666045532e-07,-7.301154150653015051e+01
2.253978100000000000e+10,-2.160580843848534712e-07,-7.303213800497711361e+01
2.254678000000000000e+10,-2.150362275017479306e-07,-7.305272689616356274e+01
2.255377900000000000e+10,-2.140195779874587883e-07,-7.307330818615412227e+01
2.256077800000000000e+10,-2.130081073943208245e-07,-7.309388188100574268e+01
2.256777700000000000e+10,-2.120017877568324514e-07,-7.311444798676771484e+01
2.257477600000000000e+10,-2.110005906273284491e-07,-7.313500650948154203e+01
2.258177500000000000e+10,-2.100044880403073886e-07,-7.315555745518125264e+01
2.258877400000000000e+10,-2.090134525124316848e-07,-7.317610082989303066e+01
2.259577300000000000e+10,-2.080274560781999614e-07,-7.319663663963554256e+01
2.260277200000000000e+10,-2.070464712542746862e-07,-7.321716489041979514e+01
2.260977100000000000e+10,-2.060704705573183798e-07,-7.323768558824916397e+01
2.261677000000000000e+10,-2.050994274683211180e-07,-7.325819873911949287e+01
2.262376900000000000e+10,-2.041333140217816307e-07,-7.327870434901895180e+01
2.263076800000000000e+10,-2.031721046630176810e-07,-7.329920242392820739e+01
2.263776700000000000e+10,-2.022157714265281312e-07,-7.331969296982036610e+01
2.264476600000000000e+10,-2.012642882754669802e-07,-7.334017599266098841e+01
2.265176500000000000e+10,-2.003176291729882004e-07,-7.336065149840803201e+01
2.265876400000000000e+10,-1.993757676000821325e-07,-7.338111949301205073e+01
2.266576300000000000e+10,-1.984386770377391168e-07,-7.340157998241605242e+01
2.267276200000000000e+10,-1.975063319312769431e-07,-7.342203297255551320e+01
2.267976100000000000e+10,-1.965787072081774303e-07,-7.344247846935849111e+01
2.268676000000000000e+10,-1.956557758672671809e-07,-7.346291647874554087e+01
2.269375900000000000e+10,-1.947375133181917516e-07,-7.348334700662977070e+01
2.270075800000000000e+10,-1.938238944884328818e-07,-7.350377005891689919e+01
2.270775700000000000e+10,-1.929148933411449146e-07,-7.352418564150519842e+01
2.271475600000000000e+10,-1.920104852859734861e-07,-7.354459376028540873e+01
2.272175500000000000e+10,-1.911106452504004945e-07,-7.356499442114107978e+01
2.272875400000000000e+10,-1.902153486440715493e-07,-7.358538762994822946e+01
2.273575300000000000e+10,-1.893245708766324721e-07,-7.360577339257554286e+01
2.274275200000000000e+10,-1.884382878398927161e-07,-7.362615171488437227e+01
2.274975100000000000e+10,-1.875564744613343384e-07,-7.364652260272865192e+01
2.275675000000000000e+10,-1.866791071149306362e-07,-7.366688606195508271e+01
2.276374900000000000e+10,-1.858061612103274837e-07,-7.368724209840299011e+01
2.277074800000000000e+10,-1.849376136036620748e-07,-7.370759071790433836e+01
2.277774700000000000e+10,-1.840734397045802574e-07,-7.372793192628391523e+01
2.278474600000000000e+10,-1.832136163692193310e-07,-7.374826572935907620e+01
2.279174500000000000e+10,-1.823581204537164632e-07,-7.376859213294005713e+01
2.279874400000000000e+10,-1.815069278498814779e-07,-7.378891114282977526e+01
2.280574300000000000e+10,-1.806600158960153597e-07,-7.380922276482385769e+01
2.281274200000000000e+10,-1.798173609660918292e-07,-7.382952700471074081e+01
2.281974100000000000e+10,-1.789789408805756619e-07,-7.384982386827164191e+01
2.282674000000000000e+10,-1.781447320134404991e-07,-7.387011336128057337e+01
2.283373900000000000e+10,-1.773147121851513809e-07,-7.389039548950435687e+01
2.284073800000000000e+10,-1.764888587340093713e-07,-7.391067025870258078e+01
2.284773700000000000e+10,-1.756671489983158522e-07,-7.393093767462775645e+01
2.285473600000000000e+10,-1.748495607985357576e-07,-7.395119774302514770e+01
2.286173500000000000e+10,-1.740360719551341808e-07,-7.397145046963294135e+01
2.286873400000000000e+10,-1.732266607707399526e-07,-7.399169586018210509e+01
2.287573300000000000e+10,-1.724213050658181398e-07,-7.401193392039658647e+01
2.288273200000000000e+10,-1.716199826608339413e-07,-7.403216465599317075e+01
2.288973100000000000e+10,-1.708226728227437432e-07,-7.405238807268156620e+01
2.289673000000000000e+10,-1.700293528898490067e-07,-7.407260417616440407e+01
2.290372900000000000e+10,-1.692400021291061442e-07,-7.409281297213715334e+01
2.291072800000000000e+10,-1.684545993253079895e-07,-7.411301446628837652e+01
2.291772700000000000e+10,-1.676731227810835322e-07,-7.413320866429950229e+01
2.292472600000000000e+10,-1.668955522455530553e-07,-7.415339557184492492e+01
2.293172500000000000e+10,-1.661218655391819164e-07,-7.417357519459200432e+01
2.293872400000000000e+10,-1.653520433754179271e-07,-7.419374753820112289e+01
2.294572300000000000e+10,-1.645860635747265247e-07,-7.421391260832567127e+01
2.295272200000000000e+10,-1.638239068505555471e-07,-7.423407041061206257e+01
2.295972100000000000e+10,-1.630655519876979601e-07,-7.425422095069964712e+01
2.296672000000000000e+10,-1.623109787352742585e-07,-7.427436423422089717e+01
2.297371900000000000e+10,-1.615601668424048043e-07,-7.429450026680132169e+01
2.298071800000000000e+10,-1.608130965403739890e-07,-7.431462905405950892e+01
2.298771700000000000e+10,-1.600697470961384897e-07,-7.433475060160705539e+01
2.299471600000000000e+10,-1.593300997053101207e-07,-7.435486491504867956e+01
2.300171500000000000e+10,-1.585941336348457709e-07,-7.437497199998223607e+01
2.300871400000000000e+10,-1.578618300803572015e-07,-7.439507186199863042e+01
2.301571300000000000e+10,-1.571331687909650659e-07,-7.441516450668191851e+01
2.302271200000000000e+10,-1.564081304801174933e-07,-7.443524993960927816e+01
2.302971100000000000e+10,-1.556866963434264566e-07,-7.445532816635103757e+01
2.303671000000000000e+10,-1.549688461300125297e-07,-7.447539919247068951e+01
2.304370900000000000e+10,-1.542545619998152673e-07,-7.449546302352489136e+01
2.305070800000000000e+10,-1.535438241841191135e-07,-7.451551966506343661e+01
2.305770700000000000e+10,-1.528366138785360412e-07,-7.453556912262936862e+01
2.306470600000000000e+10,-1.521329122786781028e-07,-7.455561140175892376e+01
2.307170500000000000e+10,-1.514327005801573506e-07,-7.457564650798153139e+01
2.307870400000000000e+10,-1.507359609429133126e-07,-7.459567444681985648e+01
2.308570300000000000e+10,-1.500426745625580413e-07,-7.461569522378982811e+01
2.309270200000000000e+10,-1.493528226347037476e-07,-7.463570884440058251e+01
2.309970100000000000e+10,-1.486663873192899597e-07,-7.465571531415453421e+01
2.310670000000000000e+10,-1.479833502940926002e-07,-7.467571463854736180e+01
2.311369900000000000e+10,-1.473036932368875651e-07,-7.469570682306805054e+01
2.312069800000000000e+10,-1.466273992719420170e-07,-7.471569187319884975e+01
2.312769700000000000e+10,-1.459544495948682200e-07,-7.473566979441531544e+01
2.313469600000000000e+10,-1.452848263656058611e-07,-7.475564059218640978e+01
2.314169500000000000e+10,-1.446185127084221293e-07,-7.477560427197428794e+01
2.314869400000000000e+10,-1.439554907832568439e-07,-7.479556083923453969e+01
2.315569300000000000e+10,-1.432957427500497447e-07,-7.481551029941604725e+01
2.316269200000000000e+10,-1.426392517330681002e-07,-7.483545265796112744e+01
2.316969100000000000e+10,-1.419860003744155205e-07,-7.485538792030541799e+01
2.317669000000000000e+10,-1.413359717983593006e-07,-7.487531609187794857e+01
2.318368900000000000e+10,-1.406891481648392861e-07,-7.489523717810112657e+01
2.319068800000000000e+10,-1.400455135624503273e-07,-7.491515118439083665e+01
2.319768700000000000e+10,-1.394050501511322963e-07,-7.493505811615631274e+01
2.320468600000000000e+10,-1.387677415373163583e-07,-7.495495797880026601e+01
2.321168500000000000e+10,-1.381335713274336521e-07,-7.497485077771879958e+01
2.321868400000000000e+10,-1.375025226457516315e-07,-7.499473651830152221e+01
2.322568300000000000e+10,-1.368745795808651996e-07,-7.501461520593149146e+01
2.323268200000000000e+10,-1.362497247748780987e-07,-7.503448684598521368e+01
2.323968100000000000e+10,-1.356279427985490493e-07,-7.505435144383271506e+01
2.324668000000000000e+10,-1.350092167761454787e-07,-7.507420900483748483e+01
2.325367900000000000e+10,-1.343935307962624753e-07,-7.509405953435651782e+01
2.326067800000000000e+10,-1.337808694296587594e-07,-7.511390303774041399e+01
2.326767700000000000e+10,-1.331712162827656287e-07,-7.513373952033316527e+01
2.327467600000000000e+10,-1.325645554441781185e-07,-7.515356898747239711e+01
2.328167500000000000e+10,-1.319608710024913173e-07,-7.517339144448928323e+01
2.328867400000000000e+10,-1.313601475284640512e-07,-7.519320689670851721e+01
2.329567300000000000e+10,-1.307623700750189110e-07,-7.521301534944839773e+01
2.330267200000000000e+10,-1.301675217664234827e-07,-7.523281680802080018e+01
2.330967100000000000e+10,-1.295755886199278592e-07,-7.525261127773119085e+01
2.331667000000000000e+10,-1.289865542419635233e-07,-7.527239876387864115e+01
2.332366900000000000e+10,-1.284004041676167771e-07,-7.529217927175585601e+01
2.333066800000000000e+10,-1.278171229676466056e-07,-7.531195280664910285e+01
2.333766700000000000e+10,-1.272366952128118616e-07,-7.533171937383838213e+01
2.334466600000000000e+10,-1.266591064381990322e-07,-7.535147897859728516e+01
2.335166500000000000e+10,-1.260843416967308142e-07,-7.537123162619306527e+01
2.335866400000000000e+10,-1.255123860413299038e-07,-7.539097732188665191e+01
2.336566300000000000e+10,-1.249432245249190505e-07,-7.541071607093266493e+01
2.337266200000000000e+10,-1.243768431647484795e-07,-7.543044787857937195e+01
2.337966100000000000e+10,-1.238132270137409403e-07,-7.545017275006883040e+01
2.338666000000000000e+10,-1.232523611248192351e-07,-7.546989069063670286e+01
2.339365900000000000e+10,-1.226942319973973270e-07,-7.548960170551247018e+01
2.340065800000000000e+10,-1.221388251665618093e-07,-7.550930579991924674e+01
2.340765700000000000e+10,-1.215861256852354312e-07,-7.552900297907396521e+01
2.341465600000000000e+10,-1.210361195706685504e-07,-7.554869324818730547e+01
2.342165500000000000e+10,-1.204887938044390002e-07,-7.556837661246369464e+01
2.342865400000000000e+10,-1.199441329573058184e-07,-7.558805307710132126e+01
2.343565300000000000e+10,-1.194021240108468649e-07,-7.560772264729216374e+01
2.344265200000000000e+10,-1.188627529823125237e-07,-7.562738532822201876e+01
2.344965100000000000e+10,-1.183260058889531523e-07,-7.564704112507048706e+01
2.345665000000000000e+10,-1.177918692301828725e-07,-7.566669004301094503e+01
2.346364900000000000e+10,-1.172603290232520948e-07,-7.568633208721058736e+01
2.347064800000000000e+10,-1.167313722497386790e-07,-7.570596726283058331e+01
2.347764700000000000e+10,-1.162049854090568527e-07,-7.572559557502576411e+01
2.348464600000000000e+10,-1.156811545184569869e-07,-7.574521702894490716e+01
2.349164500000000000e+10,-1.151598670416807848e-07,-7.576483162973065077e+01
2.349864400000000000e+10,-1.146411089959786968e-07,-7.578443938251952261e+01
2.350564300000000000e+10,-1.141248678450924131e-07,-7.580404029244191122e+01
2.351264200000000000e+10,-1.136111300884361350e-07,-7.582363436462210871e+01
2.351964100000000000e+10,-1.130998831897516320e-07,-7.584322160417829650e+01
2.352664000000000000e+10,-1.125911136484530923e-07,-7.586280201622265906e+01
2.353363900000000000e+10,-1.120848089282822988e-07,-7.588237560586117070e+01
2.354063800000000000e+10,-1.115809564929809550e-07,-7.590194237819386558e+01
2.354763700000000000e+10,-1.110795428419633680e-07,-7.592150233831466721e+01
2.355463600000000000e+10,-1.105805554389713075e-07,-7.594105549131141686e+01
2.356163500000000000e+10,-1.100839827120740057e-07,-7.596060184226605827e+01
2.356863400000000000e+10,-1.095898106785220716e-07,-7.598014139625436769e+01
2.357563300000000000e+10,-1.090980282485485149e-07,-7.599967415834619544e+01
2.358263200000000000e+10,-1.086086219215676428e-07,-7.601920013360532380e+01
2.358963100000000000e+10,-1.081215801256487669e-07,-7.603871932708960912e+01
2.359663000000000000e+10,-1.076368903245337363e-07,-7.605823174385089658e+01
2.360362900000000000e+10,-1.071545404641281379e-07,-7.607773738893507698e+01
2.361062800000000000e+10,-1.066745180081737944e-07,-7.609723626738198732e+01
2.361762700000000000e+10,-1.061968118669038081e-07,-7.611672838422565235e+01
2.362462600000000000e+10,-1.057214090218962903e-07,-7.613621374449405721e+01
2.363162500000000000e+10,-1.052482979012206187e-07,-7.615569235320926111e+01
2.363862400000000000e+10,-1.047774669329461711e-07,-7.617516421538743998e+01
2.364562300000000000e+10,-1.043089040629785610e-07,-7.619462933603881538e+01
2.365262200000000000e+10,-1.038425977193872057e-07,-7.621408772016775401e+01
2.365962100000000000e+10,-1.033785363302414964e-07,-7.623353937277263981e+01
2.366662000000000000e+10,-1.029167083236108240e-07,-7.625298429884605866e+01
2.367361900000000000e+10,-1.024571016454008682e-07,-7.627242250337468477e+01
2.368061800000000000e+10,-1.019997052058448107e-07,-7.629185399133933743e+01
2.368761700000000000e+10,-1.015445079151758334e-07,-7.631127876771493845e+01
2.369461600000000000e+10,-1.010914982014633405e-07,-7.633069683747064005e+01
2.370161500000000000e+10,-1.006406644927768156e-07,-7.635010820556968270e+01
2.370861400000000000e+10,-1.001919961815131786e-07,-7.636951287696949464e+01
2.371561300000000000e+10,-9.974548121357816182e-08,-7.638891085662172031e+01
2.372261200000000000e+10,-9.930110946353248912e-08,-7.640830214947217769e+01
2.372961100000000000e+10,-9.885886935944561766e-08,-7.642768676046088672e+01
2.373661000000000000e+10,-9.841875029371452007e-08,-7.644706469452204090e+01
2.374360900000000000e+10,-9.798074117657245760e-08,-7.646643595658412096e+01
2.375060800000000000e+10,-9.754483091825266499e-08,-7.648580055156976698e+01
2.375760700000000000e+10,-9.711100939331586601e-08,-7.650515848439589206e+01
2.376460600000000000e+10,-9.667926502983161047e-08,-7.652450975997369653e+01
2.377160500000000000e+10,-9.624958770236064860e-08,-7.654385438320856849e+01
2.377860400000000000e+10,-9.582196680329997950e-08,-7.656319235900018327e+01
2.378560300000000000e+10,-9.539639124288291735e-08,-7.658252369224253187e+01
2.379260200000000000e+10,-9.497285137783395024e-08,-7.660184838782382144e+01
2.379960100000000000e+10,-9.455133611838640557e-08,-7.662116645062658904e+01
2.380660000000000000e+10,-9.413183533910107327e-08,-7.664047788552770157e+01
2.381359900000000000e+10,-9.371433891453874327e-08,-7.665978269739831319e+01
2.382059800000000000e+10,-9.329883623709645437e-08,-7.667908089110387948e+01
2.382759700000000000e+10,-9.288531718133507591e-08,-7.669837247150422854e+01
2.383459600000000000e+10,-9.247377162181537134e-08,-7.671765744345348992e+01
2.384159500000000000e+10,-9.206418943309819676e-08,-7.673693581180016565e+01
2.384859400000000000e+10,-9.165656097190810644e-08,-7.675620758138713029e+01
2.385559300000000000e+10,-9.125087563064221860e-08,-7.677547275705160246e+01
2.386259200000000000e+10,-9.084712376602511398e-08,-7.679473134362514486e+01
2.386959100000000000e+10,-9.044529525261763544e-08,-7.681398334593380639e+01
2.387659000000000000e+10,-9.004538092930814131e-08,-7.683322876879793739e+01
2.388358900000000000e+10,-8.964737018849371009e-08,-7.685246761703230334e+01
2.389058800000000000e+10,-8.925125386906276628e-08,-7.687169989544614168e+01
2.389758700000000000e+10,-8.885702232773987740e-08,-7.689092560884304817e+01
2.390458600000000000e+10,-8.846466543908595246e-08,-7.691014476202113315e+01
2.391158500000000000e+10,-8.807417404198933656e-08,-7.692935735977280842e+01
2.391858400000000000e+10,-8.768553897533842773e-08,-7.694856340688504304e+01
2.392558300000000000e+10,-8.729875011369413500e-08,-7.696776290813927801e+01
2.393258200000000000e+10,-8.691379829594482991e-08,-7.698695586831134108e+01
2.393958100000000000e+10,-8.653067387881517263e-08,-7.700614229217158879e+01
2.394658000000000000e+10,-8.614936818335731229e-08,-7.702532218448486390e+01
2.395357900000000000e+10,-8.576987156629592227e-08,-7.704449555001046690e+01
2.396057800000000000e+10,-8.539217534868313846e-08,-7.706366239350222713e+01
2.396757700000000000e+10,-8.501626940507989639e-08,-7.708282271970850275e+01
2.397457600000000000e+10,-8.464214505653838487e-08,-7.710197653337210966e+01
2.398157500000000000e+10,-8.426979410627449094e-08,-7.712112383923046366e+01
2.398857400000000000e+10,-8.389920594668545191e-08,-7.714026464201546673e+01
2.399557300000000000e+10,-8.353037286315090592e-08,-7.715939894645363495e+01
2.400257200000000000e+10,-8.316328569455930393e-08,-7.717852675726595635e+01
2.400957100000000000e+10,-8.279793527979912337e-08,-7.719764807916801885e+01
2.401657000000000000e+10,-8.243431293992252660e-08,-7.721676291686999605e+01
2.402356900000000000e+10,-8.207241047814548006e-08,-7.723587127507663297e+01
2.403056800000000000e+10,-8.171221825119271006e-08,-7.725497315848724611e+01
2.403756700000000000e+10,-8.135372806228014331e-08,-7.727406857179578026e+01
2.404456600000000000e+10,-8.099693075029628373e-08,-7.729315751969076587e+01
2.405156500000000000e+10,-8.064181908278457348e-08,-7.731224000685540432e+01
2.405856400000000000e+10,-8.028838293430601424e-08,-7.733131603796738318e+01
2.406556300000000000e+10,-7.993661507240404818e-08,-7.735038561769920307e+01
2.407256200000000000e+10,-7.958650633596719245e-08,-7.736944875071786498e+01
2.407956100000000000e+10,-7.923804852821142670e-08,-7.738850544168511192e+01
2.408656000000000000e+10,-7.889123345235271734e-08,-7.740755569525728674e+01
2.409355900000000000e+10,-7.854605242944334587e-08,-7.742659951608540325e+01
2.410055800000000000e+10,-7.820249774486304304e-08,-7.744563690881521723e+01
2.410755700000000000e+10,-7.786056071966405064e-08,-7.746466787808704169e+01
2.411455600000000000e+10,-7.752023363922611266e-08,-7.748369242853604533e+01
2.412155500000000000e+10,-7.718150782460155030e-08,-7.750271056479196830e+01
2.412855400000000000e+10,-7.684437556117005461e-08,-7.752172229147932114e+01
2.413555300000000000e+10,-7.650882865214768466e-08,-7.754072761321725693e+01
2.414255200000000000e+10,-7.617485938291417122e-08,-7.755972653461979860e+01
2.414955100000000000e+10,-7.584245955668558657e-08,-7.757871906029559739e+01
2.415655000000000000e+10,-7.551162145884166150e-08,-7.759770519484801810e+01
2.416354900000000000e+10,-7.518233689259845506e-08,-7.761668494287528119e+01
2.417054800000000000e+10,-7.485459814333575096e-08,-7.763565830897027809e+01
2.417754700000000000e+10,-7.452839797859707078e-08,-7.765462529772074163e+01
2.418454600000000000e+10,-7.420372771943470923e-08,-7.767358591370913246e+01
2.419154500000000000e+10,-7.388058061555595225e-08,-7.769254016151266740e+01
2.419854400000000000e+10,-7.355894798801310778e-08,-7.771148804570343316e+01
2.420554300000000000e+10,-7.323882308651348823e-08,-7.773042957084827265e+01
2.421254200000000000e+10,-7.292019819643685082e-08,-7.774936474150882759e+01
2.421954100000000000e+10,-7.260306560316304545e-08,-7.776829356224160961e+01
2.422654000000000000e+10,-7.228741759207184257e-08,-7.778721603759788650e+01
2.423353900000000000e+10,-7.197324741287058105e-08,-7.780613217212378174e+01
2.424053800000000000e+10,-7.166054686877531997e-08,-7.782504197036033133e+01
2.424753700000000000e+10,-7.134930872732963383e-08,-7.784394543684331325e+01
2.425453600000000000e+10,-7.103952623824082180e-08,-7.786284257610344639e+01
2.426153500000000000e+10,-7.073119168688872053e-08,-7.788173339266622008e+01
2.426853400000000000e+10,-7.042429784081690453e-08,-7.790061789105214984e+01
2.427553300000000000e+10,-7.011883746756893509e-08,-7.791949607577647896e+01
2.428253200000000000e+10,-6.981480333468842644e-08,-7.793836795134942008e+01
2.428953100000000000e+10,-6.951218869188267773e-08,-7.795723352227608416e+01
2.429653000000000000e+10,-6.921098582453155209e-08,-7.797609279305645202e+01
2.430352900000000000e+10,-6.891118798234237514e-08,-7.799494576818548808e+01
2.431052800000000000e+10,-6.861278841502248574e-08,-7.801379245215298397e+01
2.431752700000000000e+10,-6.831577989011548490e-08,-7.803263284944374334e+01
2.432452600000000000e+10,-6.802015517516498683e-08,-7.805146696453745392e+01
2.433152500000000000e+10,-6.772590751987830393e-08,-7.807029480190877280e+01
2.433852400000000000e+10,-6.743303065612656588e-08,-7.808911636602732642e+01
2.434552300000000000e+10,-6.714151686928960932e-08,-7.810793166135768217e+01
2.435252200000000000e+10,-6.685135989123855071e-08,-7.812674069235939101e+01
2.435952100000000000e+10,-6.656255248951700427e-08,-7.814554346348695901e+01
2.436652000000000000e+10,-6.627508839599607320e-08,-7.816433997918990428e+01
2.437351900000000000e+10,-6.598896086038310962e-08,-7.818313024391271426e+01
2.438051800000000000e+10,-6.570416313238550532e-08,-7.820191426209491681e+01
2.438751700000000000e+10,-6.542068846171061240e-08,-7.822069203817098071e+01
2.439451600000000000e+10,-6.513853058022956056e-08,-7.823946357657047201e+01
2.440151500000000000e+10,-6.485768273764970188e-08,-7.825822888171794034e+01
2.440851400000000000e+10,-6.457813818367844142e-08,-7.827698795803293308e+01
2.441551300000000000e+10,-6.429989065018688237e-08,-7.829574080993013752e+01
2.442251200000000000e+10,-6.402293386904616767e-08,-7.831448744181918187e+01
2.442951100000000000e+10,-6.374726108996367587e-08,-7.833322785810483424e+01
2.443651000000000000e+10,-6.347286604481053666e-08,-7.835196206318684631e+01
2.444350900000000000e+10,-6.319974246545789295e-08,-7.837069006146010963e+01
2.445050800000000000e+10,-6.292788408377687443e-08,-7.838941185731454198e+01
2.445750700000000000e+10,-6.265728463163862402e-08,-7.840812745513521520e+01
2.446450600000000000e+10,-6.238793735875053352e-08,-7.842683685930224158e+01
2.447150500000000000e+10,-6.211983696131124806e-08,-7.844554007419083064e+01
2.447850400000000000e+10,-6.185297668902814622e-08,-7.846423710417131758e+01
2.448550300000000000e+10,-6.158735027377241062e-08,-7.848292795360917751e+01
2.449250200000000000e+10,-6.132295192957890882e-08,-7.850161262686496855e+01
2.449950100000000000e+10,-6.105977538831879696e-08,-7.852029112829443136e+01
2.450650000000000000e+10,-6.079781438186325767e-08,-7.853896346224834701e+01
2.451349900000000000e+10,-6.053706360641089638e-08,-7.855762963307276436e+01
2.452049800000000000e+10,-6.027751631166915784e-08,-7.857628964510885794e+01
2.452749700000000000e+10,-6.001916719383668718e-08,-7.859494350269289953e+01
2.453449600000000000e+10,-5.976200950262090268e-08,-7.861359121015638607e+01
2.454149500000000000e+10,-5.950603841638419397e-08,-7.863223277182596860e+01
2.454849400000000000e+10,-5.925124718483400580e-08,-7.865086819202350910e+01
2.455549300000000000e+10,-5.899763002200523219e-08,-7.866949747506605206e+01
2.456249200000000000e+10,-5.874518162409654475e-08,-7.868812062526579609e+01
2.456949100000000000e+10,-5.849389620514285736e-08,-7.870673764693020757e+01
2.457649000000000000e+10,-5.824376749701536588e-08,-7.872534854436196383e+01
2.458348900000000000e+10,-5.799479019591270882e-08,-7.874395332185895313e+01
2.459048800000000000e+10,-5.774695851586982654e-08,-7.876255198371420363e+01
2.459748700000000000e+10,-5.750026715308537740e-08,-7.878114453421615337e+01
2.460448600000000000e+10,-5.725470983943056389e-08,-7.879973097764835188e+01
2.461148500000000000e+10,-5.701028127110405099e-08,-7.881831131828963066e+01
2.461848400000000000e+10,-5.676697566214077904e-08,-7.883688556041410322e+01
2.462548300000000000e+10,-5.652478819090315754e-08,-7.885545370829116507e+01
2.463248200000000000e+10,-5.628371258926238234e-08,-7.887401576618542265e+01
2.463948100000000000e+10,-5.604374403558088278e-08,-7.889257173835675019e+01
2.464648000000000000e+10,-5.580487626172985471e-08,-7.891112162906046024e+01
2.465347900000000000e+10,-5.556710492823546534e-08,-7.892966544254693417e+01
2.466047800000000000e+10,-5.533042376696892376e-08,-7.894820318306206275e+01
2.466747700000000000e+10,-5.509482747412890820e-08,-7.896673485484694766e+01
2.467447600000000000e+10,-5.486031122807786123e-08,-7.898526046213800100e+01
2.468147500000000000e+10,-5.462686972501446769e-08,-7.900378000916694532e+01
2.468847400000000000e+10,-5.439449669680994991e-08,-7.902229350016091303e+01
2.469547300000000000e+10,-5.416318828615421960e-08,-7.904080093934227591e+01
2.470247200000000000e+10,-5.393293822491847921e-08,-7.905930233092885828e+01
2.470947100000000000e+10,-5.370374169146519780e-08,-7.907779767913370961e+01
2.471647000000000000e+10,-5.347559386415679809e-08,-7.909628698816538872e+01
2.472346900000000000e+10,-5.324848895702824689e-08,-7.911477026222769382e+01
2.473046800000000000e+10,-5.302242214844198677e-08,-7.913324750551983300e+01
2.473746700000000000e+10,-5.279738861676047355e-08,-7.915171872223641003e+01
2.474446600000000000e+10,-5.257338257601866741e-08,-7.917018391656745280e+01
2.475146500000000000e+10,-5.235040016890650654e-08,-7.918864309269827118e+01
2.475846400000000000e+10,-5.212843512729521325e-08,-7.920709625480968441e+01
2.476546300000000000e+10,-5.190748311171098786e-08,-7.922554340707789322e+01
2.477246200000000000e+10,-5.168753930051628617e-08,-7.924398455367450822e+01
2.477946100000000000e+10,-5.146859887207356397e-08,-7.926241969876652149e+01
2.478646000000000000e+10,-5.125065604041779471e-08,-7.928084884651642028e+01
2.479345900000000000e+10,-5.103370694823892980e-08,-7.929927200108208751e+01
2.480045800000000000e+10,-5.081774580957193605e-08,-7.931768916661687285e+01
2.480745700000000000e+10,-5.060276876710677812e-08,-7.933610034726957849e+01
2.481445600000000000e+10,-5.038877003487842281e-08,-7.935450554718441651e+01
2.482145500000000000e+10,-5.017574575557682154e-08,-7.937290477050110837e+01
2.482845400000000000e+10,-4.996369062540071209e-08,-7.939129802135485647e+01
2.483545300000000000e+10,-4.975260030487628814e-08,-7.940968530387632995e+01
2.484245200000000000e+10,-4.954246949020229409e-08,-7.942806662219160785e+01
2.484945100000000000e+10,-4.933329432406868136e-08,-7.944644198042239225e+01
2.485645000000000000e+10,-4.912506902051043660e-08,-7.946481138268580935e+01
2.486344900000000000e+10,-4.891779020438125574e-08,-7.948317483309448050e+01
2.487044800000000000e+10,-4.871145257187988977e-08,-7.950153233575659328e+01
2.487744700000000000e+10,-4.850605178353253900e-08,-7.951988389477578778e+01
2.488444600000000000e+10,-4.830158301770169894e-08,-7.953822951425127030e+01
2.489144500000000000e+10,-4.809804145274983864e-08,-7.955656919827777074e+01
2.489844400000000000e+10,-4.789542371353066722e-08,-7.957490295094555677e+01
2.490544300000000000e+10,-4.769372401407918460e-08,-7.959323077634047650e+01
2.491244200000000000e+10,-4.749293897924909991e-08,-7.961155267854387318e+01
2.491944100000000000e+10,-4.729306330523916417e-08,-7.962986866163265631e+01
2.492644000000000000e+10,-4.709409361690307990e-08,-7.964817872967940104e+01
2.493343900000000000e+10,-4.689602412827585362e-08,-7.966648288675204981e+01
2.494043800000000000e+10,-4.669885146421120109e-08,-7.968478113691436704e+01
2.494743700000000000e+10,-4.650257128523534908e-08,-7.970307348422554128e+01
2.495443600000000000e+10,-4.630717828754706183e-08,-7.972135993274039834e+01
2.496143500000000000e+10,-4.611266957816377975e-08,-7.973964048650935865e+01
2.496843400000000000e+10,-4.591903985328426047e-08,-7.975791514957847994e+01
2.497543300000000000e+10,-4.572628525559848849e-08,-7.977618392598935770e+01
2.498243200000000000e+10,-4.553440144563271042e-08,-7.979444681977933840e+01
2.498943100000000000e+10,-4.534338408391314642e-08,-7.981270383498126364e+01
2.499643000000000000e+10,-4.515322931312978099e-08,-7.983095497562365495e+01
2.500342900000000000e+10,-4.496393279380886074e-08,-7.984920024573069952e+01
2.501042800000000000e+10,-4.477549018647663229e-08,-7.986743964932219342e+01
2.501742700000000000e+10,-4.458789763382306692e-08,-7.988567319041359838e+01
2.502442600000000000e+10,-4.440115079637442447e-08,-7.990390087301604183e+01
2.503142500000000000e+10,-4.421524581682068944e-08,-7.992212270113627426e+01
2.503842400000000000e+10,-4.403017835568810183e-08,-7.994033867877681132e+01
2.504542300000000000e+10,-4.384594455566664615e-08,-7.995854880993576330e+01
2.505242200000000000e+10,-4.366254055944632011e-08,-7.997675309860694881e+01
2.505942100000000000e+10,-4.347996250971711485e-08,-7.999495154877988057e+01
2.506642000000000000e+10,-4.329820558484153909e-08,-8.001314416443976540e+01
2.507341900000000000e+10,-4.311726640967332184e-08,-8.003133094956754690e+01
2.508041800000000000e+10,-4.293714112690246082e-08,-8.004951190813982009e+01
2.508741700000000000e+10,-4.275782539705520928e-08,-8.006768704412891680e+01
2.509441600000000000e+10,-4.257931584498531604e-08,-8.008585636150293396e+01
2.510141500000000000e+10,-4.240160813121902113e-08,-8.010401986422563425e+01
2.510841400000000000e+10,-4.222469839844632888e-08,-8.012217755625658810e+01
2.511541300000000000e+10,-4.204858327152097491e-08,-8.014032944155103166e+01
2.512241200000000000e+10,-4.187325889313296356e-08,-8.015847552406000887e+01
2.512941100000000000e+10,-4.169872092380855469e-08,-8.017661580773028618e+01
2.513641000000000000e+10,-4.152496598840149052e-08,-8.019475029650442366e+01
2.514340900000000000e+10,-4.135198974743803091e-08,-8.021287899432070390e+01
2.515040800000000000e+10,-4.117978979009939384e-08,-8.023100190511321728e+01
2.515740700000000000e+10,-4.100836081258437664e-08,-8.024911903281181935e+01
2.516440600000000000e+10,-4.083769992191045942e-08,-8.026723038134218768e+01
2.517140500000000000e+10,-4.066780374293138440e-08,-8.028533595462573658e+01
2.517840400000000000e+10,-4.049866793617342467e-08,-8.030343575657967392e+01
2.518540300000000000e+10,-4.033028912649032908e-08,-8.032152979111712909e+01
2.519240200000000000e+10,-4.016266345657210197e-08,-8.033961806214691137e+01
2.519940100000000000e+10,-3.999578803343623006e-08,-8.035770057357369467e+01
2.520640000000000000e+10,-3.982965851760898644e-08,-8.037577732929797492e+01
2.521339900000000000e+10,-3.966427153394413981e-08,-8.039384833321611268e+01
2.522039800000000000e+10,-3.949962322513167466e-08,-8.041191358922023369e+01
2.522739700000000000e+10,-3.933571069818910419e-08,-8.042997310119841359e+01
2.523439600000000000e+10,-3.917253057797017061e-08,-8.044802687303443633e+01
2.524139500000000000e+10,-3.901007852500115363e-08,-8.046607490860805001e+01
2.524839400000000000e+10,-3.884835116413581534e-08,-8.048411721179482470e+01
2.525539300000000000e+10,-3.868734560239163583e-08,-8.050215378646620934e+01
2.526239200000000000e+10,-3.852705846462239041e-08,-8.052018463648950330e+01
2.526939100000000000e+10,-3.836748541135434556e-08,-8.053820976572788481e+01
2.527639000000000000e+10,-3.820862354960500785e-08,-8.055622917804052463e+01
2.528338900000000000e+10,-3.805046998639187061e-08,-8.057424287728230183e+01
2.529038800000000000e+10,-3.789302086440495805e-08,-8.059225086730410226e+01
2.529738700000000000e+10,-3.773627232633428775e-08,-8.061025315195274743e+01
2.530438600000000000e+10,-3.758022196136110415e-08,-8.062824973507089510e+01
2.531138500000000000e+10,-3.742486591217542484e-08,-8.064624062049709607e+01
2.531838400000000000e+10,-3.727020080363101852e-08,-8.066422581206595055e+01
2.532538300000000000e+10,-3.711622374274538513e-08,-8.068220531360785230e+01
2.533238200000000000e+10,-3.696293087220855551e-08,-8.070017912894918766e+01
2.533938100000000000e+10,-3.681031929903803620e-08,-8.071814726191232126e+01
2.534638000000000000e+10,-3.665838613025132056e-08,-8.073610971631546818e+01
2.535337900000000000e+10,-3.650712750853844602e-08,-8.075406649597290709e+01
2.536037800000000000e+10,-3.635654054091691253e-08,-8.077201760469478131e+01
2.536737700000000000e+10,-3.620662185224050202e-08,-8.078996304628722669e+01
2.537437600000000000e+10,-3.605736854952670783e-08,-8.080790282455237161e+01
2.538137500000000000e+10,-3.590877725762929865e-08,-8.082583694328829438e+01
2.538837400000000000e+10,-3.576084508356580091e-08,-8.084376540628906582e+01
2.539537300000000000e+10,-3.561356865218997005e-08,-8.086168821734473511e+01
2.540237200000000000e+10,-3.546694458835558803e-08,-8.087960538024134394e+01
2.540937100000000000e+10,-3.532096999908016139e-08,-8.089751689876098339e+01
2.541637000000000000e+10,-3.517564199138119673e-08,-8.091542277668168026e+01
2.542336900000000000e+10,-3.503095767227621383e-08,-8.093332301777748228e+01
2.543036800000000000e+10,-3.488691366661898801e-08,-8.095121762581848657e+01
2.543736700000000000e+10,-3.474350708142703247e-08,-8.096910660457082543e+01
2.544436600000000000e+10,-3.460073454155412251e-08,-8.098698995779655263e+01
2.545136500000000000e+10,-3.445859315401777132e-08,-8.100486768925392767e+01
2.545836400000000000e+10,-3.431708050799922996e-08,-8.102273980269707465e+01
2.546536300000000000e+10,-3.417619274618854911e-08,-8.104060630187630920e+01
2.547236200000000000e+10,-3.403592793993071108e-08,-8.105846719053788263e+01
2.547936100000000000e+10,-3.389628223191575994e-08,-8.107632247242422352e+01
2.548636000000000000e+10,-3.375725272916122210e-08,-8.109417215127365353e+01
2.549335900000000000e+10,-3.361883750301207989e-08,-8.111201623082078527e+01
2.550035800000000000e+10,-3.348103221399464610e-08,-8.112985471479606758e+01
2.550735700000000000e+10,-3.334383541561765417e-08,-8.114768760692621186e+01
2.551435600000000000e+10,-3.320724325057114814e-08,-8.116551491093396464e+01
2.552135500000000000e+10,-3.307125282587264783e-08,-8.118333663053810767e+01
2.552835400000000000e+10,-3.293586221286715541e-08,-8.120115276945358573e+01
2.553535300000000000e+10,-3.280106755424470831e-08,-8.121896333139144986e+01
2.554235200000000000e+10,-3.266686692135031533e-08,-8.123676832005875781e+01
2.554935100000000000e+10,-3.253325645687402052e-08,-8.125456773915882991e+01
2.555635000000000000e+10,-3.240023471432455731e-08,-8.127236159239100743e+01
2.556334900000000000e+10,-3.226779783639197638e-08,-8.129014988345075210e+01
2.557034800000000000e+10,-3.213594341225754202e-08,-8.130793261602974553e+01
2.557734700000000000e+10,-3.200466854893878727e-08,-8.132570979381570453e+01
2.558434600000000000e+10,-3.187397083561696320e-08,-8.134348142049256580e+01
2.559134500000000000e+10,-3.174384737930959624e-08,-8.136124749974035808e+01
2.559834400000000000e+10,-3.161429576919796390e-08,-8.137900803523527316e+01
2.560534300000000000e+10,-3.148531263013585475e-08,-8.139676303064972274e+01
2.561234200000000000e+10,-3.135689603346825772e-08,-8.141451248965219634e+01
2.561934100000000000e+10,-3.122904260404898120e-08,-8.143225641590740338e+01
2.562634000000000000e+10,-3.110175041322302077e-08,-8.144999481307624478e+01
2.563333900000000000e+10,-3.097501656800790283e-08,-8.146772768481571347e+01
2.564033800000000000e+10,-3.084883817542116705e-08,-8.148545503477916441e+01
2.564733700000000000e+10,-3.072321282464407773e-08,-8.150317686661591665e+01
2.565433600000000000e+10,-3.059813762269416791e-08,-8.152089318397162288e+01
2.566133500000000000e+10,-3.047361064091643976e-08,-8.153860399048821250e+01
2.566833400000000000e+10,-3.034962898632843293e-08,-8.155630928980363592e+01
2.567533300000000000e+10,-3.022618976594767386e-08,-8.157400908555216290e+01
2.568233200000000000e+10,-3.010329105111917795e-08,-8.159170338136431155e+01
2.568933100000000000e+10,-2.998092946669673374e-08,-8.160939218086680569e+01
2.569633000000000000e+10,-2.985910356618909453e-08,-8.162707548768251797e+01
2.570332900000000000e+10,-2.973780997445004886e-08,-8.164475330543064047e+01
2.571032800000000000e+10,-2.961704676282461215e-08,-8.166242563772662777e+01
2.571732700000000000e+10,-2.949681103833032403e-08,-8.168009248818208334e+01
2.572432600000000000e+10,-2.937710039014845214e-08,-8.169775386040497267e+01
2.573132500000000000e+10,-2.925791240746027399e-08,-8.171540975799942430e+01
2.573832400000000000e+10,-2.913924516161080169e-08,-8.173306018456591460e+01
2.574532300000000000e+10,-2.902109527745383372e-08,-8.175070514370108299e+01
2.575232200000000000e+10,-2.890346082633438216e-08,-8.176834463899800198e+01
2.575932100000000000e+10,-2.878633987959745914e-08,-8.178597867404583610e+01
2.576632000000000000e+10,-2.866972906209687303e-08,-8.180360725243016873e+01
2.577331900000000000e+10,-2.855362644517762933e-08,-8.182123037773283158e+01
2.578031800000000000e+10,-2.843803010018474676e-08,-8.183884805353193315e+01
2.578731700000000000e+10,-2.832293665197202379e-08,-8.185646028340190128e+01
2.579431600000000000e+10,-2.820834513621195819e-08,-8.187406707091348324e+01
2.580131500000000000e+10,-2.809425169559461056e-08,-8.189166841963370302e+01
2.580831400000000000e+10,-2.798065536579247207e-08,-8.190926433312596089e+01
2.581531300000000000e+10,-2.786755277165934450e-08,-8.192685481494989119e+01
2.582231200000000000e+10,-2.775494198454024987e-08,-8.194443986866153296e+01
2.582931100000000000e+10,-2.764282107578020360e-08,-8.196201949781317353e+01
2.583631000000000000e+10,-2.753118715239674533e-08,-8.197959370595354756e+01
2.584330900000000000e+10,-2.742003876789863498e-08,-8.199716249662769485e+01
2.585030800000000000e+10,-2.730937254713967763e-08,-8.201472587337688935e+01
2.585730700000000000e+10,-2.719918752579236114e-08,-8.203228383973893756e+01
2.586430600000000000e+10,-2.708948032871050053e-08,-8.204983639924785166e+01
2.587130500000000000e+10,-2.698024902723911119e-08,-8.206738355543419061e+01
2.587830400000000000e+10,-2.687149217488694974e-08,-8.208492531182463381e+01
2.588530300000000000e+10,-2.676320639650782786e-08,-8.210246167194242162e+01
2.589230200000000000e+10,-2.665539024561049555e-08,-8.211999263930712800e+01
2.589930100000000000e+10,-2.654804179353997483e-08,-8.213751821743468895e+01
2.590630000000000000e+10,-2.644115814731382190e-08,-8.215503840983745931e+01
2.591329900000000000e+10,-2.633473737827705217e-08,-8.217255322002414175e+01
2.592029800000000000e+10,-2.622877755777468435e-08,-8.219006265149988621e+01
2.592729700000000000e+10,-2.612327627498800591e-08,-8.220756670776623309e+01
2.593429600000000000e+10,-2.601823160126203557e-08,-8.222506539232114164e+01
2.594129500000000000e+10,-2.591364112577806409e-08,-8.224255870865891893e+01
2.594829400000000000e+10,-2.580950340204485138e-08,-8.226004666027040457e+01
2.595529300000000000e+10,-2.570581553707994370e-08,-8.227752925064278600e+01
2.596229200000000000e+10,-2.560257608439210759e-08,-8.229500648325969792e+01
2.596929100000000000e+10,-2.549978263316261727e-08,-8.231247836160122233e+01
2.597629000000000000e+10,-2.539743325473650469e-08,-8.232994488914383169e+01
2.598328900000000000e+10,-2.529552553829506392e-08,-8.234740606936051677e+01
2.599028800000000000e+10,-2.519405803734704826e-08,-8.236486190572071564e+01
2.599728700000000000e+10,-2.509302785891001390e-08,-8.238231240169022840e+01
2.600428600000000000e+10,-2.499243403865644869e-08,-8.239975756073141611e+01
2.601128500000000000e+10,-2.489227416576765664e-08,-8.241719738630305869e+01
2.601828400000000000e+10,-2.479254582942491860e-08,-8.243463188186042601e+01
2.602528300000000000e+10,-2.469324758313699777e-08,-8.245206105085523518e+01
2.603228200000000000e+10,-2.459437701608518823e-08,-8.246948489673572169e+01
2.603928100000000000e+10,-2.449593219961451200e-08,-8.248690342294656830e+01
2.604628000000000000e+10,-2.439791120507000105e-08,-8.250431663292897611e+01
2.605327900000000000e+10,-2.430031258596041196e-08,-8.252172453012062192e+01
2.606027800000000000e+10,-2.420313393146704212e-08,-8.253912711795571511e+01
2.606727700000000000e+10,-2.410637283077118230e-08,-8.255652439986491231e+01
2.607427600000000000e+10,-2.401002831954533358e-08,-8.257391637927541694e+01
2.608127500000000000e+10,-2.391409798697078343e-08,-8.259130305961099339e+01
2.608827400000000000e+10,-2.381857990439257042e-08,-8.260868444429183910e+01
2.609527300000000000e+10,-2.372347262531945113e-08,-8.262606053673472672e+01
2.610227200000000000e+10,-2.362877325676898509e-08,-8.264343134035293303e+01
2.610927100000000000e+10,-2.353448083441367668e-08,-8.266079685855629577e+01
2.611627000000000000e+10,-2.344059342959855125e-08,-8.267815709475121366e+01
2.612326900000000000e+10,-2.334710863150490948e-08,-8.269551205234051849e+01
2.613026800000000000e+10,-2.325402499364151127e-08,-8.271286173472373093e+01
2.613726700000000000e+10,-2.316134106951712647e-08,-8.273020614529681893e+01
2.614426600000000000e+10,-2.306905396614931788e-08,-8.274754528745239668e+01
2.615126500000000000e+10,-2.297716271921058329e-08,-8.276487916457958249e+01
2.615826400000000000e+10,-2.288566491788221677e-08,-8.278220778006408409e+01
2.616526300000000000e+10,-2.279455911567298816e-08,-8.279953113728815595e+01
2.617226200000000000e+10,-2.270384386609167058e-08,-8.281684923963068456e+01
2.617926100000000000e+10,-2.261351675831955481e-08,-8.283416209046708900e+01
2.618626000000000000e+10,-2.252357586370167941e-08,-8.285146969316940613e+01
2.619325900000000000e+10,-2.243402021791053887e-08,-8.286877205110621958e+01
2.620025800000000000e+10,-2.234484741012744048e-08,-8.288606916764281607e+01
2.620725700000000000e+10,-2.225605599386114416e-08,-8.290336104614092960e+01
2.621425600000000000e+10,-2.216764404045669508e-08,-8.292064768995906832e+01
2.622125500000000000e+10,-2.207961010342285316e-08,-8.293792910245217342e+01
2.622825400000000000e+10,-2.199195225410465697e-08,-8.295520528697197449e+01
2.623525300000000000e+10,-2.190466856384713845e-08,-8.297247624686673362e+01
2.624225200000000000e+10,-2.181775758615907074e-08,-8.298974198548128811e+01
2.624925100000000000e+10,-2.173121787454922368e-08,-8.300700250615724940e+01
2.625625000000000000e+10,-2.164504701819889465e-08,-8.302425781223270462e+01
2.626324900000000000e+10,-2.155924357061685678e-08,-8.304150790704250085e+01
2.627024800000000000e+10,-2.147380656747561447e-08,-8.305875279391810295e+01
2.627724700000000000e+10,-2.138873311579273717e-08,-8.307599247618759364e+01
2.628424600000000000e+10,-2.130402273340446383e-08,-8.309322695717567342e+01
2.629124500000000000e+10,-2.121967300949209514e-08,-8.311045624020383116e+01
2.629824400000000000e+10,-2.113568249756440425e-08,-8.312768032859008827e+01
2.630524300000000000e+10,-2.105204975113016098e-08,-8.314489922564919766e+01
2.631224200000000000e+10,-2.096877284153440721e-08,-8.316211293469257271e+01
2.631924100000000000e+10,-2.088585080444964734e-08,-8.317932145902830143e+01
2.632624000000000000e+10,-2.080328074689345081e-08,-8.319652480196114652e+01
2.633323900000000000e+10,-2.072106218670205657e-08,-8.321372296679260216e+01
2.634023800000000000e+10,-2.063919319522050982e-08,-8.323091595682078037e+01
2.634723700000000000e+10,-2.055767232595757377e-08,-8.324810377534052463e+01
2.635423600000000000e+10,-2.047649716809456234e-08,-8.326528642564340998e+01
2.636123500000000000e+10,-2.039566723946771119e-08,-8.328246391101765767e+01
2.636823400000000000e+10,-2.031518061142206551e-08,-8.329963623474823464e+01
2.637523300000000000e+10,-2.023503535530266718e-08,-8.331680340011681096e+01
2.638223200000000000e+10,-2.015523050678201398e-08,-8.333396541040175975e+01
2.638923100000000000e+10,-2.007576413720515440e-08,-8.335112226887822828e+01
2.639623000000000000e+10,-1.999663480008085827e-08,-8.336827397881802426e+01
2.640322900000000000e+10,-1.991784104891791197e-08,-8.338542054348974375e+01
2.641022800000000000e+10,-1.983938095506133752e-08,-8.340256196615865747e+01
2.641722700000000000e+10,-1.976125355418365917e-08,-8.341969825008683870e+01
2.642422600000000000e+10,-1.968345691762991218e-08,-8.343682939853310643e+01
2.643122500000000000e+10,-1.960598959890887300e-08,-8.345395541475296852e+01
2.643822400000000000e+10,-1.952885063369305594e-08,-8.347107630199874961e+01
2.644522300000000000e+10,-1.945203761116376172e-08,-8.348819206351947741e+01
2.645222200000000000e+10,-1.937555004915723920e-08,-8.350530270256101062e+01
2.645922100000000000e+10,-1.929938601901853359e-08,-8.352240822236589679e+01
2.646622000000000000e+10,-1.922354359209268014e-08,-8.353950862617352868e+01
2.647321900000000000e+10,-1.914802228621593106e-08,-8.355660391722000213e+01
2.648021800000000000e+10,-1.907281969056959034e-08,-8.357369409873831501e+01
2.648721700000000000e+10,-1.899793484082616899e-08,-8.359077917395808299e+01
2.649421600000000000e+10,-1.892336629049444678e-08,-8.360785914610585223e+01
2.650121500000000000e+10,-1.884911259308320346e-08,-8.362493401840490037e+01
2.650821400000000000e+10,-1.877517230210121217e-08,-8.364200379407529340e+01
2.651521300000000000e+10,-1.870154397105725596e-08,-8.365906847633395671e+01
2.652221200000000000e+10,-1.862822615346010799e-08,-8.367612806839457562e+01
2.652921100000000000e+10,-1.855521788498228256e-08,-8.369318257346768064e+01
2.653621000000000000e+10,-1.848251675480509030e-08,-8.371023199476053378e+01
2.654320900000000000e+10,-1.841012228076477680e-08,-8.372727633547732751e+01
2.655020800000000000e+10,-1.833803301637012511e-08,-8.374431559881905685e+01
2.655720700000000000e+10,-1.826624751512991168e-08,-8.376134978798349096e+01
2.656420600000000000e+10,-1.819476384838918170e-08,-8.377837890616527261e+01
2.657120500000000000e+10,-1.812358105182044618e-08,-8.379540295655587556e+01
2.657820400000000000e+10,-1.805269816109622606e-08,-8.381242194234361875e+01
2.658520300000000000e+10,-1.798211324756155661e-08,-8.382943586671365210e+01
2.659220200000000000e+10,-1.791182486472522419e-08,-8.384644473284801336e+01
2.659920100000000000e+10,-1.784183253042347770e-08,-8.386344854392555703e+01
2.660620000000000000e+10,-1.777213431600136232e-08,-8.388044730312201125e+01
2.661319900000000000e+10,-1.770272877496765782e-08,-8.389744101361000617e+01
2.662019800000000000e+10,-1.763361446083114393e-08,-8.391442967855894608e+01
2.662719700000000000e+10,-1.756479089142806956e-08,-8.393141330113520837e+01
2.663419600000000000e+10,-1.749625613810348320e-08,-8.394839188450197298e+01
2.664119500000000000e+10,-1.742800875436616460e-08,-8.396536543181935031e+01
2.664819400000000000e+10,-1.736004777588863140e-08,-8.398233394624432435e+01
2.665519300000000000e+10,-1.729237175617966003e-08,-8.399929743093075274e+01
2.666219200000000000e+10,-1.722497973091176815e-08,-8.401625588902938091e+01
2.666919100000000000e+10,-1.715787025359374210e-08,-8.403320932368791318e+01
2.667619000000000000e+10,-1.709104187773435835e-08,-8.405015773805087065e+01
2.668318900000000000e+10,-1.702449363900613452e-08,-8.406710113525973327e+01
2.669018800000000000e+10,-1.695822360875411911e-08,-8.408403951845288304e+01
2.669718700000000000e+10,-1.689223130481456101e-08,-8.410097289076560401e+01
2.670418600000000000e+10,-1.682651528069624328e-08,-8.411790125533013907e+01
2.671118500000000000e+10,-1.676107408990794568e-08,-8.413482461527559053e+01
2.671818400000000000e+10,-1.669590676812219245e-08,-8.415174297372801959e+01
2.672518300000000000e+10,-1.663101186884776005e-08,-8.416865633381044631e+01
2.673218200000000000e+10,-1.656638842775716940e-08,-8.418556469864282121e+01
2.673918100000000000e+10,-1.650203499835919697e-08,-8.420246807134196843e+01
2.674618000000000000e+10,-1.643795061632637029e-08,-8.421936645502171359e+01
2.675317900000000000e+10,-1.637413335300372796e-08,-8.423625985279285544e+01
2.676017800000000000e+10,-1.631058320839126334e-08,-8.425314826776306631e+01
2.676717700000000000e+10,-1.624729777167028706e-08,-8.427003170303704849e+01
2.677417600000000000e+10,-1.618427656067705131e-08,-8.428691016171642048e+01
2.678117500000000000e+10,-1.612151861108408036e-08,-8.430378364689978810e+01
2.678817400000000000e+10,-1.605902199423641606e-08,-8.432065216168271604e+01
2.679517300000000000e+10,-1.599678622797031394e-08,-8.433751570915775631e+01
2.680217200000000000e+10,-1.593480986579456036e-08,-8.435437429241443397e+01
2.680917100000000000e+10,-1.587309146121793507e-08,-8.437122791453921877e+01
2.681617000000000000e+10,-1.581163053207669690e-08,-8.438807657861556777e+01
2.682316900000000000e+10,-1.575042514971589104e-08,-8.440492028772402477e+01
2.683016800000000000e+10,-1.568947483197176967e-08,-8.442175904494204985e+01
2.683716700000000000e+10,-1.562877813235312248e-08,-8.443859285334404774e+01
2.684416600000000000e+10,-1.556833408653246711e-08,-8.445542171600152415e+01
2.685116500000000000e+10,-1.550814124801858330e-08,-8.447224563598297209e+01
2.685816400000000000e+10,-1.544819865248399862e-08,-8.448906461635382925e+01
2.686516300000000000e+10,-1.538850533560122407e-08,-8.450587866017663430e+01
2.687216200000000000e+10,-1.532906033304278722e-08,-8.452268777051085635e+01
2.687916100000000000e+10,-1.526986219831747112e-08,-8.453949195041305131e+01
2.688616000000000000e+10,-1.521090996709779342e-08,-8.455629120293679080e+01
2.689315900000000000e+10,-1.515220219289253717e-08,-8.457308553113264793e+01
2.690015800000000000e+10,-1.509373839353796118e-08,-8.458987493804823998e+01
2.690715700000000000e+10,-1.503551712254285184e-08,-8.460665942672824258e+01
2.691415600000000000e+10,-1.497753741557972676e-08,-8.462343900021436127e+01
2.692115500000000000e+10,-1.491979830832110690e-08,-8.464021366154534576e+01
2.692815400000000000e+10,-1.486229835427577863e-08,-8.465698341375698988e+01
2.693515300000000000e+10,-1.480503658911626287e-08,-8.467374825988213161e+01
2.694215200000000000e+10,-1.474801253067881184e-08,-8.469050820295066728e+01
2.694915100000000000e+10,-1.469122425030848395e-08,-8.470726324598963686e+01
2.695615000000000000e+10,-1.463467126584152810e-08,-8.472401339202299653e+01
2.696314900000000000e+10,-1.457835261295046852e-08,-8.474075864407191716e+01
2.697014800000000000e+10,-1.452226684514408829e-08,-8.475749900515452850e+01
2.697714700000000000e+10,-1.446641299809491497e-08,-8.477423447828613234e+01
2.698414600000000000e+10,-1.441079058963919743e-08,-8.479096506647903198e+01
2.699114500000000000e+10,-1.435539769112199246e-08,-8.480769077274263168e+01
2.699814400000000000e+10,-1.430023430254328847e-08,-8.482441160008350778e+01
2.700514300000000000e+10,-1.424529849524813726e-08,-8.484112755150522389e+01
2.701214200000000000e+10,-1.419058978707279765e-08,-8.485783863000847305e+01
2.701914100000000000e+10,-1.413610721368978893e-08,-8.487454483859107768e+01
2.702614000000000000e+10,-1.408184932860790077e-08,-8.489124618024794700e+01
2.703313900000000000e+10,-1.402781564966338703e-08,-8.490794265797104856e+01
2.704013800000000000e+10,-1.397400473036503740e-08,-8.492463427474957882e+01
2.704713700000000000e+10,-1.392041560638537115e-08,-8.494132103356972152e+01
2.705413600000000000e+10,-1.386704779556064710e-08,-8.495800293741487508e+01
2.706113500000000000e+10,-1.381390033356338950e-08,-8.497467998926552468e+01
2.706813400000000000e+10,-1.376097129173864519e-08,-8.499135219209927072e+01
2.707513300000000000e+10,-1.370826067008641087e-08,-8.500801954889085721e+01
2.708213200000000000e+10,-1.365576702211547621e-08,-8.502468206261218597e+01
2.708913100000000000e+10,-1.360348986566209010e-08,-8.504133973623224563e+01
2.709613000000000000e+10,-1.355142775423504884e-08,-8.505799257271723945e+01
2.710312900000000000e+10,-1.349957972350687007e-08,-8.507464057503042909e+01
2.711012800000000000e+10,-1.344794529131381591e-08,-8.509128374613231927e+01
2.711712700000000000e+10,-1.339652349332840564e-08,-8.510792208898047306e+01
2.712412600000000000e+10,-1.334531240089569272e-08,-8.512455560652972508e+01
2.713112500000000000e+10,-1.329431249617940675e-08,-8.514118430173196828e+01
2.713812400000000000e+10,-1.324352185052459790e-08,-8.515780817753631027e+01
2.714512300000000000e+10,-1.319293998176752662e-08,-8.517442723688901651e+01
2.715212200000000000e+10,-1.314256592558071386e-08,-8.519104148273353871e+01
2.715912100000000000e+10,-1.309239871763668717e-08,-8.520765091801050062e+01
2.716612000000000000e+10,-1.304243739360796749e-08,-8.522425554565768380e+01
2.717311900000000000e+10,-1.299268098916707743e-08,-8.524085536861008450e+01
2.718011800000000000e+10,-1.294312902215027744e-08,-8.525745038979984258e+01
2.718711700000000000e+10,-1.289378004606635224e-08,-8.527404061215636943e+01
2.719411600000000000e+10,-1.284463309658783105e-08,-8.529062603860623426e+01
2.720111500000000000e+10,-1.279568817371470064e-08,-8.530720667207313568e+01
2.720811400000000000e+10,-1.274694334879202107e-08,-8.532378251547808645e+01
2.721511300000000000e+10,-1.269839862181978408e-08,-8.534035357173921454e+01
2.722211200000000000e+10,-1.265005254630677769e-08,-8.535691984377191943e+01
2.722911100000000000e+10,-1.260190415792552615e-08,-8.537348133448880105e+01
2.723611000000000000e+10,-1.255395345667602451e-08,-8.539003804679964560e+01
2.724310900000000000e+10,-1.250619851390332621e-08,-8.540658998361151077e+01
2.725010800000000000e+10,-1.245863884744368843e-08,-8.542313714782864054e+01
2.725710700000000000e+10,-1.241127397513337162e-08,-8.543967954235253615e+01
2.726410600000000000e+10,-1.236410245048116713e-08,-8.545621717008187090e+01
2.727110500000000000e+10,-1.231712379132333377e-08,-8.547275003391263226e+01
2.727810400000000000e+10,-1.227033703333239248e-08,-8.548927813673799392e+01
2.728510300000000000e+10,-1.222374169434460704e-08,-8.550580148144844372e+01
2.729210200000000000e+10,-1.217733632786876382e-08,-8.552232007093159893e+01
2.729910100000000000e+10,-1.213112045174112329e-08,-8.553883390807243359e+01
2.730610000000000000e+10,-1.208509358379794592e-08,-8.555534299575310797e+01
2.731309900000000000e+10,-1.203925379538428518e-08,-8.557184733685306810e+01
2.732009800000000000e+10,-1.199360156866387396e-08,-8.558834693424910256e+01
2.732709700000000000e+10,-1.194813545714549535e-08,-8.560484179081505829e+01
2.733409600000000000e+10,-1.190285449650168019e-08,-8.562133190942226690e+01
2.734109500000000000e+10,-1.185775820456868567e-08,-8.563781729293918943e+01
2.734809400000000000e+10,-1.181284513485530310e-08,-8.565429794423164367e+01
2.735509300000000000e+10,-1.176811576952526209e-08,-8.567077386616267631e+01
2.736209200000000000e+10,-1.172356817992361611e-08,-8.568724506159264820e+01
2.736909100000000000e+10,-1.167920188388662893e-08,-8.570371153337923431e+01
2.737609000000000000e+10,-1.163501591708682149e-08,-8.572017328437726746e+01
2.738308900000000000e+10,-1.159100979736045758e-08,-8.573663031743906515e+01
2.739008800000000000e+10,-1.154718304254379434e-08,-8.575308263541408849e+01
2.739708700000000000e+10,-1.150353420614562312e-08,-8.576953024114916957e+01
2.740408600000000000e+10,-1.146006280600220604e-08,-8.578597313748845465e+01
2.741108500000000000e+10,-1.141676787778606570e-08,-8.580241132727336151e+01
2.741808400000000000e+10,-1.137364942149720044e-08,-8.581884481334259362e+01
2.742508300000000000e+10,-1.133070550848066371e-08,-8.583527359853226812e+01
2.743208200000000000e+10,-1.128793613873645222e-08,-8.585169768567570259e+01
2.743908100000000000e+10,-1.124534034793708856e-08,-8.586811707760362822e+01
2.744608000000000000e+10,-1.120291717175510193e-08,-8.588453177714407616e+01
2.745307900000000000e+10,-1.116066661019048737e-08,-8.590094178712236328e+01
2.746007800000000000e+10,-1.111858721675203457e-08,-8.591734711036119165e+01
2.746707700000000000e+10,-1.107667802711227108e-08,-8.593374774968057750e+01
2.747407600000000000e+10,-1.103493904127119029e-08,-8.595014370789786540e+01
2.748107500000000000e+10,-1.099336929490131975e-08,-8.596653498782777092e+01
2.748807400000000000e+10,-1.095196782367518371e-08,-8.598292159228233800e+01
2.749507300000000000e+10,-1.091073366326531138e-08,-8.599930352407092471e+01
2.750207200000000000e+10,-1.086966681367169449e-08,-8.601568078600038803e+01
2.750907100000000000e+10,-1.082876631056686225e-08,-8.603205338087471432e+01
2.751607000000000000e+10,-1.078803070745960600e-08,-8.604842131149540307e+01
2.752306900000000000e+10,-1.074746048651365368e-08,-8.606478458066132475e+01
2.753006800000000000e+10,-1.070705420123779829e-08,-8.608114319116863555e+01
2.753706700000000000e+10,-1.066681088730456738e-08,-8.609749714581090529e+01
2.754406600000000000e+10,-1.062673054471395765e-08,-8.611384644737907479e+01
2.755106500000000000e+10,-1.058681220913849003e-08,-8.613019109866144163e+01
2.755806400000000000e+10,-1.054705491625069705e-08,-8.614653110244374545e+01
2.756506300000000000e+10,-1.050745818388683752e-08,-8.616286646150905426e+01
2.757206200000000000e+10,-1.046802104771943734e-08,-8.617919717863783546e+01
2.757906100000000000e+10,-1.042874350774849485e-08,-8.619552325660791325e+01
2.758606000000000000e+10,-1.038962411748279809e-08,-8.621184469819456808e+01
2.759305900000000000e+10,-1.035066287692234706e-08,-8.622816150617046560e+01
2.760005800000000000e+10,-1.031185833957593143e-08,-8.624447368330562824e+01
2.760705700000000000e+10,-1.027321050544354956e-08,-8.626078123236752049e+01
2.761405600000000000e+10,-1.023471841019772733e-08,-8.627708415612097781e+01
2.762105500000000000e+10,-1.019638108951099067e-08,-8.629338245732836299e+01
2.762805400000000000e+10,-1.015819854338333460e-08,-8.630967613874923927e+01
2.763505300000000000e+10,-1.012016980748728999e-08,-8.632596520314079669e+01
2.764205200000000000e+10,-1.008229391749538274e-08,-8.634224965325751100e+01
2.764905100000000000e+10,-1.004457039124387002e-08,-8.635852949185138527e+01
2.765605000000000000e+10,-1.000699874656902056e-08,-8.637480472167177936e+01
2.766304900000000000e+10,-9.969578019143355305e-09,-8.639107534546545253e+01
2.767004800000000000e+10,-9.932307726803141342e-09,-8.640734136597671977e+01
2.767704700000000000e+10,-9.895187387384635833e-09,-8.642360278594719603e+01
2.768404600000000000e+10,-9.858216518724105864e-09,-8.643985960811605196e+01
2.769104500000000000e+10,-9.821393674330337808e-09,-8.645611183521980081e+01
2.769804400000000000e+10,-9.784719336367067887e-09,-8.647235946999251155e+01
2.770504300000000000e+10,-9.748191576179349559e-09,-8.648860251516563835e+01
2.771204200000000000e+10,-9.711810875930920701e-09,-8.650484097346804901e+01
2.771904100000000000e+10,-9.675575789130569341e-09,-8.652107484762616707e+01
2.772604000000000000e+10,-9.639486315778290513e-09,-8.653730414036380125e+01
2.773303900000000000e+10,-9.603541491546616740e-09,-8.655352885440224497e+01
2.774003800000000000e+10,-9.567740834271808490e-09,-8.656974899246030475e+01
2.774703700000000000e+10,-9.532083861790126233e-09,-8.658596455725417229e+01
2.775403600000000000e+10,-9.496569609774099182e-09,-8.660217555149758084e+01
2.776103500000000000e+10,-9.461197596059987805e-09,-8.661838197790169147e+01
2.776803400000000000e+10,-9.425967338484055881e-09,-8.663458383917517835e+01
2.777503300000000000e+10,-9.390877872718832621e-09,-8.665078113802424298e+01
2.778203200000000000e+10,-9.355929198764313063e-09,-8.666697387715244361e+01
2.778903100000000000e+10,-9.321120352293021455e-09,-8.668316205926095108e+01
2.779603000000000000e+10,-9.286450368977493625e-09,-8.669934568704834987e+01
2.780302900000000000e+10,-9.251919248817717994e-09,-8.671552476321079439e+01
2.781002800000000000e+10,-9.217526027486230390e-09,-8.673169929044186688e+01
2.781702700000000000e+10,-9.183270704983022540e-09,-8.674786927143270532e+01
2.782402600000000000e+10,-9.149151834816889090e-09,-8.676403470887191816e+01
2.783102500000000000e+10,-9.115169416987828385e-09,-8.678019560544564115e+01
2.783802400000000000e+10,-9.081322969332100896e-09,-8.679635196383753737e+01
2.784502300000000000e+10,-9.047611045358501265e-09,-8.681250378672872614e+01
2.785202200000000000e+10,-9.014034127230762406e-09,-8.682865107679789674e+01
2.785902100000000000e+10,-8.980591250621410222e-09,-8.684479383672127994e+01
2.786602000000000000e+10,-8.947281451202973924e-09,-8.686093206917256282e+01
2.787301900000000000e+10,-8.914104728975451857e-09,-8.687706577682300235e+01
2.788001800000000000e+10,-8.881060119611369925e-09,-8.689319496234141127e+01
2.788701700000000000e+10,-8.848147623110726473e-09,-8.690931962839407277e+01
2.789401600000000000e+10,-8.815365792982316145e-09,-8.692543977764485419e+01
2.790101500000000000e+10,-8.782714629226135633e-09,-8.694155541275513599e+01
2.790801400000000000e+10,-8.750193649678448714e-09,-8.695766653638388277e+01
2.791501300000000000e+10,-8.717801890011781293e-09,-8.697377315118755803e+01
2.792201200000000000e+10,-8.685539350226131714e-09,-8.698987525982020941e+01
2.792901100000000000e+10,-8.653405065994029189e-09,-8.700597286493345450e+01
2.793601000000000000e+10,-8.621398555151735841e-09,-8.702206596917636716e+01
2.794300900000000000e+10,-8.589519335535517105e-09,-8.703815457519569065e+01
2.795000800000000000e+10,-8.557766924981631795e-09,-8.705423868563569556e+01
2.795700700000000000e+10,-8.526140359162612431e-09,-8.707031830313823662e+01
2.796400600000000000e+10,-8.494639638078454051e-09,-8.708639343034269586e+01
2.797100500000000000e+10,-8.463264279565420433e-09,-8.710246406988601109e+01
2.797800400000000000e+10,-8.432013319296040787e-09,-8.711853022440277527e+01
2.798500300000000000e+10,-8.400886757270311807e-09,-8.713459189652508030e+01
2.799200200000000000e+10,-8.369883146997029790e-09,-8.715064908888265904e+01
2.799900100000000000e+10,-8.339002970639922685e-09,-8.716670180410281432e+01
2.800600000000000000e+10,-8.308245263871523014e-09,-8.718275004481037627e+01
2.801299900000000000e+10,-8.277609544528091245e-09,-8.719879381362784443e+01
2.801999800000000000e+10,-8.247094848282159900e-09,-8.721483311317527409e+01
2.802699700000000000e+10,-8.216701657297456927e-09,-8.723086794607033312e+01
2.803399600000000000e+10,-8.186428525082778625e-09,-8.724689831492825931e+01
2.804099500000000000e+10,-8.156275451638123340e-09,-8.726292422236191726e+01
2.804799400000000000e+10,-8.126241954799753196e-09,-8.727894567098176992e+01
2.805499300000000000e+10,-8.096327070240199059e-09,-8.729496266339589283e+01
2.806199200000000000e+10,-8.066530797959457621e-09,-8.731097520220998831e+01
2.806899100000000000e+10,-8.036852173630058092e-09,-8.732698329002731441e+01
2.807599000000000000e+10,-8.007291197251995509e-09,-8.734298692944882703e+01
2.808298900000000000e+10,-7.977846904497802393e-09,-8.735898612307303779e+01
2.808998800000000000e+10,-7.948519295367477089e-09,-8.737498087349612774e+01
2.809698700000000000e+10,-7.919307405533545500e-09,-8.739097118331186209e+01
2.810398600000000000e+10,-7.890210752832273058e-09,-8.740695705511164704e+01
2.811098500000000000e+10,-7.861229337263658111e-09,-8.742293849148455820e+01
2.811798400000000000e+10,-7.832362194500228213e-09,-8.743891549501728377e+01
2.812498300000000000e+10,-7.803608842378247145e-09,-8.745488806829413875e+01
2.813198200000000000e+10,-7.774969280897714906e-09,-8.747085621389703647e+01
2.813898100000000000e+10,-7.746443027894893619e-09,-8.748681993440567339e+01
2.814598000000000000e+10,-7.718028636878579585e-09,-8.750277923239723066e+01
2.815297900000000000e+10,-7.689726590012502407e-09,-8.751873411044667250e+01
2.815997800000000000e+10,-7.661535922969192950e-09,-8.753468457112649048e+01
2.816697700000000000e+10,-7.633456635748647906e-09,-8.755063061700695926e+01
2.817397600000000000e+10,-7.605488246187134362e-09,-8.756657225065595185e+01
2.818097500000000000e+10,-7.577629307793445308e-09,-8.758250947463895386e+01
2.818797400000000000e+10,-7.549880784895046570e-09,-8.759844229151921979e+01
2.819497300000000000e+10,-7.522240748837001534e-09,-8.761437070385758830e+01
2.820197200000000000e+10,-7.494710163946774370e-09,-8.763029471421261007e+01
2.820897100000000000e+10,-7.467287583733161377e-09,-8.764621432514049104e+01
2.821597000000000000e+10,-7.439973008196160074e-09,-8.766212953919514916e+01
2.822296900000000000e+10,-7.412765955172035067e-09,-8.767804035892811498e+01
2.822996800000000000e+10,-7.385665460333316393e-09,-8.769394678688868794e+01
2.823696700000000000e+10,-7.358671523680001572e-09,-8.770984882562376583e+01
2.824396600000000000e+10,-7.331784145212088949e-09,-8.772574647767800116e+01
2.825096500000000000e+10,-7.305001878438372342e-09,-8.774163974559370160e+01
2.825796400000000000e+10,-7.278325205522585489e-09,-8.775752863191087272e+01
2.826496300000000000e+10,-7.251752679973525518e-09,-8.777341313916721788e+01
2.827196200000000000e+10,-7.225285266118656599e-09,-8.778929326989822357e+01
2.827896100000000000e+10,-7.198921035303041290e-09,-8.780516902663688938e+01
2.828596000000000000e+10,-7.172660469690411679e-09,-8.782104041191409749e+01
2.829295900000000000e+10,-7.146502604953298629e-09,-8.783690742825834263e+01
2.829995800000000000e+10,-7.120447923255432573e-09,-8.785277007819593109e+01
2.830695700000000000e+10,-7.094494978105609809e-09,-8.786862836425072487e+01
2.831395600000000000e+10,-7.068643769503830337e-09,-8.788448228894444014e+01
2.832095500000000000e+10,-7.042893815286356281e-09,-8.790033185479646249e+01
2.832795400000000000e+10,-7.017244633289453075e-09,-8.791617706432393220e+01
2.833495300000000000e+10,-6.991695741349383669e-09,-8.793201792004161632e+01
2.834195200000000000e+10,-6.966247139466147236e-09,-8.794785442446215029e+01
2.834895100000000000e+10,-6.940897863312273815e-09,-8.796368658009581054e+01
2.835595000000000000e+10,-6.915647912887760925e-09,-8.797951438945061398e+01
2.836294900000000000e+10,-6.890496806028873997e-09,-8.799533785503234640e+01
2.836994800000000000e+10,-6.865443578408142245e-09,-8.801115697934450566e+01
2.837694700000000000e+10,-6.840488712189299407e-09,-8.802697176488834430e+01
2.838394600000000000e+10,-6.815631243044873867e-09,-8.804278221416285533e+01
2.839094500000000000e+10,-6.790871170974864800e-09,-8.805858832966481486e+01
2.839794400000000000e+10,-6.766207531651802243e-09,-8.807439011388868266e+01
2.840494300000000000e+10,-6.741639842911951628e-09,-8.809018756932673000e+01
2.841194200000000000e+10,-6.717168586919043388e-09,-8.810598069846895442e+01
2.841894100000000000e+10,-6.692792317181875476e-09,-8.812176950380310814e+01
2.842594000000000000e+10,-6.668511515864179149e-09,-8.813755398781474071e+01
2.843293900000000000e+10,-6.644325218638486101e-09,-8.815333415298715636e+01
2.843993800000000000e+10,-6.620233425504794677e-09,-8.816911000180138558e+01
2.844693700000000000e+10,-6.596235654299367002e-09,-8.818488153673624197e+01
2.845393600000000000e+10,-6.572330940694736422e-09,-8.820064876026840750e+01
2.846093500000000000e+10,-6.548519766854634197e-09,-8.821641167487217672e+01
2.846793400000000000e+10,-6.524801168451589537e-09,-8.823217028301979781e+01
2.847493300000000000e+10,-6.501175145485603270e-09,-8.824792458718110311e+01
2.848193200000000000e+10,-6.477640733629202953e-09,-8.826367458982394965e+01
2.848893100000000000e+10,-6.454197932882391067e-09,-8.827942029341372177e+01
2.849593000000000000e+10,-6.430846261081428909e-09,-8.829516170041380008e+01
2.850292900000000000e+10,-6.407585718226315653e-09,-8.831089881328524882e+01
2.850992800000000000e+10,-6.384415339989583818e-09,-8.832663163448697219e+01
2.851692700000000000e+10,-6.361335608534962181e-09,-8.834236016647564327e+01
2.852392600000000000e+10,-6.338345077371251177e-09,-8.835808441170576089e+01
2.853092500000000000e+10,-6.315443746498447497e-09,-8.837380437262962118e+01
2.853792400000000000e+10,-6.292631615916548659e-09,-8.838952005169730342e+01
2.854492300000000000e+10,-6.269908203461822578e-09,-8.840523145135674099e+01
2.855192200000000000e+10,-6.247272544806797638e-09,-8.842093857405362201e+01
2.855892100000000000e+10,-6.224725122115205925e-09,-8.843664142223150293e+01
2.856592000000000000e+10,-6.202264971059579132e-09,-8.845233999833172334e+01
2.857291900000000000e+10,-6.179892091639916431e-09,-8.846803430479346275e+01
2.857991800000000000e+10,-6.157605519528747033e-09,-8.848372434405368381e+01
2.858691700000000000e+10,-6.135405736889804680e-09,-8.849941011854724593e+01
2.859391600000000000e+10,-6.113292261559353976e-09,-8.851509163070673480e+01
2.860091500000000000e+10,-6.091264129209925787e-09,-8.853076888296268976e+01
2.860791400000000000e+10,-6.069321339841517632e-09,-8.854644187774339059e+01
2.861491300000000000e+10,-6.047463411290396598e-09,-8.856211061747494284e+01
2.862191200000000000e+10,-6.025690343556559377e-09,-8.857777510458137726e+01
2.862891100000000000e+10,-6.004001172312536833e-09,-8.859343534148449351e+01
2.863591000000000000e+10,-5.982396379722062707e-09,-8.860909133060400222e+01
2.864290900000000000e+10,-5.960875001457667865e-09,-8.862474307435732612e+01
2.864990800000000000e+10,-5.939436555355616085e-09,-8.864039057515988418e+01
2.865690700000000000e+10,-5.918081523579640280e-09,-8.865603383542490690e+01
2.866390600000000000e+10,-5.896808459638538403e-09,-8.867167285756343631e+01
2.867090500000000000e+10,-5.875617845696042540e-09,-8.868730764398435440e+01
2.867790400000000000e+10,-5.854509199588417296e-09,-8.870293819709451100e+01
2.868490300000000000e+10,-5.833482039151928931e-09,-8.871856451929851062e+01
2.869190200000000000e+10,-5.812535882222840397e-09,-8.873418661299891141e+01
2.869890100000000000e+10,-5.791670728801150867e-09,-8.874980448059601201e+01
2.870590000000000000e+10,-5.770886096723126600e-09,-8.876541812448812152e+01
2.871289900000000000e+10,-5.750181503825030548e-09,-8.878102754707131794e+01
2.871989800000000000e+10,-5.729556950106864365e-09,-8.879663275073964712e+01
2.872689700000000000e+10,-5.709011953404890176e-09,-8.881223373788493802e+01
2.873389600000000000e+10,-5.688546031555375068e-09,-8.882783051089697324e+01
2.874089500000000000e+10,-5.668158702394582818e-09,-8.884342307216334689e+01
2.874789400000000000e+10,-5.647849965922511774e-09,-8.885901142406962094e+01
2.875489300000000000e+10,-5.627619822139161934e-09,-8.887459556899918312e+01
2.876189200000000000e+10,-5.607467306717064992e-09,-8.889017550933333212e+01
2.876889100000000000e+10,-5.587392419656217640e-09,-8.890575124745126345e+01
2.877589000000000000e+10,-5.567395160956621530e-09,-8.892132278573006943e+01
2.878288900000000000e+10,-5.547474084127071309e-09,-8.893689012654475334e+01
2.878988800000000000e+10,-5.527630153495035282e-09,-8.895245327226818688e+01
2.879688700000000000e+10,-5.507862404733044316e-09,-8.896801222527113850e+01
2.880388600000000000e+10,-5.488170837841097583e-09,-8.898356698792233033e+01
2.881088500000000000e+10,-5.468554488491725949e-09,-8.899911756258836704e+01
2.881788400000000000e+10,-5.449013838848661500e-09,-8.901466395163376433e+01
2.882488300000000000e+10,-5.429548406748170496e-09,-8.903020615742096311e+01
2.883188200000000000e+10,-5.410157227862785457e-09,-8.904574418231030108e+01
2.883888100000000000e+10,-5.390840784356235159e-09,-8.906127802866004117e+01
2.884588000000000000e+10,-5.371598594064789172e-09,-8.907680769882634308e+01
2.885287900000000000e+10,-5.352430174824709620e-09,-8.909233319516340543e+01
2.885987800000000000e+10,-5.333335044472262763e-09,-8.910785452002316731e+01
2.886687700000000000e+10,-5.314313203007448600e-09,-8.912337167575564933e+01
2.887387600000000000e+10,-5.295364168266530084e-09,-8.913888466470872629e+01
2.888087500000000000e+10,-5.276487940249507213e-09,-8.915439348922825502e+01
2.888787400000000000e+10,-5.257684036792646249e-09,-8.916989815165794653e+01
2.889487300000000000e+10,-5.238952457895945536e-09,-8.918539865433959335e+01
2.890187200000000000e+10,-5.220292239231937596e-09,-8.920089499961278534e+01
2.890887100000000000e+10,-5.201703380800618292e-09,-8.921638718981510863e+01
2.891587000000000000e+10,-5.183185882601989278e-09,-8.923187522728213139e+01
2.892286900000000000e+10,-5.164739262472315160e-09,-8.924735911434731861e+01
2.892986800000000000e+10,-5.146363038247861371e-09,-8.926283885334213153e+01
2.893686700000000000e+10,-5.128057209928625430e-09,-8.927831444659591398e+01
2.894386600000000000e+10,-5.109821295350876077e-09,-8.929378589643611974e+01
2.895086500000000000e+10,-5.091655294514609178e-09,-8.930925320518792887e+01
2.895786400000000000e+10,-5.073558725256091820e-09,-8.932471637517467400e+01
2.896486300000000000e+10,-5.055531105411587780e-09,-8.934017540871761298e+01
2.897186200000000000e+10,-5.037571952817364146e-09,-8.935563030813588625e+01
2.897886100000000000e+10,-5.019681749637153005e-09,-8.937108107574670157e+01
2.898586000000000000e+10,-5.001860013707218960e-09,-8.938652771386514928e+01
2.899285900000000000e+10,-4.984106262863829101e-09,-8.940197022480440125e+01
2.899985800000000000e+10,-4.966420014943247204e-09,-8.941740861087551195e+01
2.900685700000000000e+10,-4.948801269945473271e-09,-8.943284287438756053e+01
2.901385600000000000e+10,-4.931250027870505647e-09,-8.944827301764757976e+01
2.902085500000000000e+10,-4.913765324390876852e-09,-8.946369904296061293e+01
2.902785400000000000e+10,-4.896347159506585231e-09,-8.947912095262965693e+01
2.903485300000000000e+10,-4.878995533217630785e-09,-8.949453874895573335e+01
2.904185200000000000e+10,-4.861710445524011859e-09,-8.950995243423783165e+01
2.904885100000000000e+10,-4.844490449934527234e-09,-8.952536201077295175e+01
2.905585000000000000e+10,-4.827336510776643562e-09,-8.954076748085606141e+01
2.906284900000000000e+10,-4.810247663722890882e-09,-8.955616884678013889e+01
2.906984800000000000e+10,-4.793223908773270020e-09,-8.957156611083617292e+01
2.907684700000000000e+10,-4.776264763764047238e-09,-8.958695927531314851e+01
2.908384600000000000e+10,-4.759370228695218399e-09,-8.960234834249803271e+01
2.909084500000000000e+10,-4.742539821403052244e-09,-8.961773331467584569e+01
2.909784400000000000e+10,-4.725773541887547120e-09,-8.963311419412960390e+01
2.910484300000000000e+10,-4.709070907984968459e-09,-8.964849098314030584e+01
2.911184200000000000e+10,-4.692431437531580867e-09,-8.966386368398698892e+01
2.911884100000000000e+10,-4.675855612691118911e-09,-8.967923229894667259e+01
2.912584000000000000e+10,-4.659342469136112630e-09,-8.969459683029448627e+01
2.913283900000000000e+10,-4.642892006866562023e-09,-8.970995728030347038e+01
2.913983800000000000e+10,-4.626504225882467091e-09,-8.972531365124476110e+01
2.914683700000000000e+10,-4.610178161856357872e-09,-8.974066594538751929e+01
2.915383600000000000e+10,-4.593914296951969761e-09,-8.975601416499884522e+01
2.916083500000000000e+10,-4.577712149005566536e-09,-8.977135831234400598e+01
2.916783400000000000e+10,-4.561571235853414457e-09,-8.978669838968622230e+01
2.917483300000000000e+10,-4.545491557495511869e-09,-8.980203439928675380e+01
2.918183200000000000e+10,-4.529473113931859601e-09,-8.981736634340494163e+01
2.918883100000000000e+10,-4.513514940834987690e-09,-8.983269422429808060e+01
2.919583000000000000e+10,-4.497617520368631531e-09,-8.984801804422160387e+01
2.920282900000000000e+10,-4.481779888205320335e-09,-8.986333780542892669e+01
2.920982800000000000e+10,-4.466002526508788669e-09,-8.987865351017154580e+01
2.921682700000000000e+10,-4.450284470951569054e-09,-8.989396516069899690e+01
2.922382600000000000e+10,-4.434626203697392748e-09,-8.990927275925885453e+01
2.923082500000000000e+10,-4.419027242582526838e-09,-8.992457630809680325e+01
2.923782400000000000e+10,-4.403487105443235930e-09,-8.993987580945645277e+01
2.924482300000000000e+10,-4.388005792279520023e-09,-8.995517126557967913e+01
2.925182200000000000e+10,-4.372582820927643725e-09,-8.997046267870621250e+01
2.925882100000000000e+10,-4.357218191387607860e-09,-8.998575005107394986e+01
2.926582000000000000e+10,-4.341911421495677864e-09,-9.000103338491885552e+01
2.927281900000000000e+10,-4.326662511251852080e-09,-9.001631268247496109e+01
2.927981800000000000e+10,-4.311471460656130510e-09,-9.003158794597436554e+01
2.928681700000000000e+10,-4.296337305381045673e-09,-9.004685917764717829e+01
2.929381600000000000e+10,-4.281260527590328828e-09,-9.006212637972166135e+01
2.930081500000000000e+10,-4.266240645120247889e-09,-9.007738955442414408e+01
2.930781400000000000e+10,-4.251277175807066635e-09,-9.009264870397899472e+01
2.931481300000000000e+10,-4.236370601814520460e-09,-9.010790383060873410e+01
2.932181200000000000e+10,-4.221519476651404835e-09,-9.012315493653389353e+01
2.932881100000000000e+10,-4.206724764645188068e-09,-9.013840202397311430e+01
2.933581000000000000e+10,-4.191985983632136419e-09,-9.015364509514311919e+01
2.934280900000000000e+10,-4.177302169284780752e-09,-9.016888415225879783e+01
2.934980800000000000e+10,-4.162673803766854809e-09,-9.018411919753302186e+01
2.935680700000000000e+10,-4.148100887078357762e-09,-9.019935023317680134e+01
2.936380600000000000e+10,-4.133582454891822959e-09,-9.021457726139929889e+01
2.937080500000000000e+10,-4.119118507207247090e-09,-9.022980028440768763e+01
2.937780400000000000e+10,-4.104709044024631811e-09,-9.024501930440732167e+01
2.938480300000000000e+10,-4.090354065343975466e-09,-9.026023432360156562e+01
2.939180200000000000e+10,-4.076052606837811403e-09,-9.027544534419200772e+01
2.939880100000000000e+10,-4.061805150669870880e-09,-9.029065236837828934e+01
2.940580000000000000e+10,-4.047611214676421812e-09,-9.030585539835813336e+01
2.941279900000000000e+10,-4.033470316693727151e-09,-9.032105443632742947e+01
2.941979800000000000e+10,-4.019382938885523117e-09,-9.033624948448013470e+01
2.942679700000000000e+10,-4.005348116924339749e-09,-9.035144054500833022e+01
2.943379600000000000e+10,-3.991365850810177875e-09,-9.036662762010230665e+01
2.944079500000000000e+10,-3.977436140543036667e-09,-9.038181071195033667e+01
2.944779400000000000e+10,-3.963558986122913644e-09,-9.039698982273891659e+01
2.945479300000000000e+10,-3.949733905386077547e-09,-9.041216495465266689e+01
2.946179200000000000e+10,-3.935960416168792155e-09,-9.042733610987426118e+01
2.946879100000000000e+10,-3.922238518471057467e-09,-9.044250329058456828e+01
2.947579000000000000e+10,-3.908567730129139745e-09,-9.045766649896259537e+01
2.948278900000000000e+10,-3.894948533306772727e-09,-9.047282573718547383e+01
2.948978800000000000e+10,-3.881380445840220193e-09,-9.048798100742843076e+01
2.949678700000000000e+10,-3.867862985565750056e-09,-9.050313231186491691e+01
2.950378600000000000e+10,-3.854396152483360663e-09,-9.051827965266642195e+01
2.951078500000000000e+10,-3.840979464429317447e-09,-9.053342303200270180e+01
2.951778400000000000e+10,-3.827613403567355800e-09,-9.054856245204155130e+01
2.952478300000000000e+10,-3.814297005570004936e-09,-9.056369791494894628e+01
2.953178200000000000e+10,-3.801030752601000248e-09,-9.057882942288905781e+01
2.953878100000000000e+10,-3.787813680332873430e-09,-9.059395697802416692e+01
2.954578000000000000e+10,-3.774646270929357393e-09,-9.060908058251470720e+01
2.955277900000000000e+10,-3.761528042226717571e-09,-9.062420023851929329e+01
2.955977800000000000e+10,-3.748458512061221052e-09,-9.063931594819472082e+01
2.956677700000000000e+10,-3.735438162596599920e-09,-9.065442771369583852e+01
2.957377600000000000e+10,-3.722466029505387110e-09,-9.066953553717581826e+01
2.958077500000000000e+10,-3.709542594951315120e-09,-9.068463942078587081e+01
2.958777400000000000e+10,-3.696667376770650624e-09,-9.069973936667544478e+01
2.959477300000000000e+10,-3.683839892799659056e-09,-9.071483537699211297e+01
2.960177200000000000e+10,-3.671060625202073741e-09,-9.072992745388168601e+01
2.960877100000000000e+10,-3.658329091814160526e-09,-9.074501559948805607e+01
2.961577000000000000e+10,-3.645644810472186084e-09,-9.076009981595336740e+01
2.962276900000000000e+10,-3.633007781176148762e-09,-9.077518010541793103e+01
2.962976800000000000e+10,-3.620417521762314820e-09,-9.079025647002021060e+01
2.963676700000000000e+10,-3.607874514394418410e-09,-9.080532891189689337e+01
2.964376600000000000e+10,-3.595378276908724552e-09,-9.082039743318279079e+01
2.965076500000000000e+10,-3.582928327141499506e-09,-9.083546203601100899e+01
2.965776400000000000e+10,-3.570524665092742445e-09,-9.085052272251272143e+01
2.966476300000000000e+10,-3.558167290762452956e-09,-9.086557949481736784e+01
2.967176200000000000e+10,-3.545855721986897712e-09,-9.088063235505254056e+01
2.967876100000000000e+10,-3.533589958766076300e-09,-9.089568130534409818e+01
2.968576000000000000e+10,-3.521370001099987478e-09,-9.091072634781602346e+01
2.969275900000000000e+10,-3.509195366824897920e-09,-9.092576748459049440e+01
2.969975800000000000e+10,-3.497066055940807214e-09,-9.094080471778795527e+01
2.970675700000000000e+10,-3.484981586283979963e-09,-9.095583804952703133e+01
2.971375600000000000e+10,-3.472942440018151978e-09,-9.097086748192454309e+01
2.972075500000000000e+10,-3.460947652815853295e-09,-9.098589301709550625e+01
2.972775400000000000e+10,-3.448997224677084742e-09,-9.100091465715317440e+01
2.973475300000000000e+10,-3.437091155601845906e-09,-9.101593240420902475e+01
2.974175200000000000e+10,-3.425229445590135132e-09,-9.103094626037268711e+01
2.974875100000000000e+10,-3.413411612478220335e-09,-9.104595622775205754e+01
2.975575000000000000e+10,-3.401637656266099860e-09,-9.106096230845325579e+01
2.976274900000000000e+10,-3.389907576953774120e-09,-9.107596450458061099e+01
2.976974800000000000e+10,-3.378220892377508136e-09,-9.109096281823669017e+01
2.977674700000000000e+10,-3.366577120373568995e-09,-9.110595725152225555e+01
2.978374600000000000e+10,-3.354976743105689608e-09,-9.112094780653629300e+01
2.979074500000000000e+10,-3.343419278410135410e-09,-9.113593448537608310e+01
2.979774400000000000e+10,-3.331904726286906399e-09,-9.115091729013704480e+01
2.980474300000000000e+10,-3.320432604572268837e-09,-9.116589622291287753e+01
2.981174200000000000e+10,-3.309003395429956049e-09,-9.118087128579557543e+01
2.981874100000000000e+10,-3.297615652368767230e-09,-9.119584248087525680e+01
2.982574000000000000e+10,-3.286270821879901116e-09,-9.121080981024033463e+01
2.983273900000000000e+10,-3.274967457472158558e-09,-9.122577327597750241e+01
2.983973800000000000e+10,-3.263706041309271640e-09,-9.124073288017159200e+01
2.984673700000000000e+10,-3.252486091227507035e-09,-9.125568862490582944e+01
2.985373600000000000e+10,-3.241307607226864331e-09,-9.127064051226156494e+01
2.986073500000000000e+10,-3.230170589307342700e-09,-9.128558854431844338e+01
2.986773400000000000e+10,-3.219074555305208402e-09,-9.130053272315436175e+01
2.987473300000000000e+10,-3.208019505220461024e-09,-9.131547305084545485e+01
2.988173200000000000e+10,-3.197005439053100979e-09,-9.133040952946615221e+01
2.988873100000000000e+10,-3.186031874639393700e-09,-9.134534216108909277e+01
2.989573000000000000e+10,-3.175098811979338773e-09,-9.136027094778523860e+01
2.990272900000000000e+10,-3.164205768909202873e-09,-9.137519589162369016e+01
2.990972800000000000e+10,-3.153353227592718911e-09,-9.139011699467201311e+01
2.991672700000000000e+10,-3.142540705866152735e-09,-9.140503425899581202e+01
2.992372600000000000e+10,-3.131767721565770604e-09,-9.141994768665912829e+01
2.993072500000000000e+10,-3.121034756855305845e-09,-9.143485727972419852e+01
2.993772400000000000e+10,-3.110340847407291391e-09,-9.144976304025156821e+01
2.994472300000000000e+10,-3.099686957549193482e-09,-9.146466497030002074e+01
2.995172200000000000e+10,-3.089071640789811725e-09,-9.147956307192660574e+01
2.995872100000000000e+10,-3.078495861456612359e-09,-9.149445734718671019e+01
2.996572000000000000e+10,-3.067958655222127491e-09,-9.150934779813397313e+01
2.997271900000000000e+10,-3.057460504250092101e-09,-9.152423442682028565e+01
2.997971800000000000e+10,-3.047000926376770794e-09,-9.153911723529586197e+01
2.998671700000000000e+10,-3.036579921602163986e-09,-9.155399622560918260e+01
2.999371600000000000e+10,-3.026197007762537521e-09,-9.156887139980698009e+01
3.000071500000000000e+10,-3.015852184857890574e-09,-9.158374275993439539e+01
3.000771400000000000e+10,-3.005545452888224797e-09,-9.159861030803470783e+01
3.001471300000000000e+10,-2.995276329689803971e-09,-9.161347404614963352e+01
3.002171200000000000e+10,-2.985045297426362661e-09,-9.162833397631908383e+01
3.002871100000000000e+10,-2.974851391770432975e-09,-9.164319010058127901e+01
3.003571000000000000e+10,-2.964695094885749066e-09,-9.165804242097279086e+01
3.004270900000000000e+10,-2.954576406772309279e-09,-9.167289093952842904e+01
3.004970800000000000e+10,-2.944494363102647789e-09,-9.168773565828139738e+01
3.005670700000000000e+10,-2.934449446040496682e-09,-9.170257657926312334e+01
3.006370600000000000e+10,-2.924441655585855958e-09,-9.171741370450332909e+01
3.007070500000000000e+10,-2.914470027411258136e-09,-9.173224703603013097e+01
3.007770400000000000e+10,-2.904535043680437371e-09,-9.174707657586989740e+01
3.008470300000000000e+10,-2.894636704393392421e-09,-9.176190232604731989e+01
3.009170200000000000e+10,-2.884774527386389961e-09,-9.177672428858535625e+01
3.009870100000000000e+10,-2.874948512659429576e-09,-9.179154246550544372e+01
3.010570000000000000e+10,-2.865158178048777113e-09,-9.180635685882714370e+01
3.011269900000000000e+10,-2.855404005718166726e-09,-9.182116747056846862e+01
3.011969800000000000e+10,-2.845685513503863847e-09,-9.183597430274565454e+01
3.012669700000000000e+10,-2.836002219242134737e-09,-9.185077735737336013e+01
3.013369600000000000e+10,-2.826354605096713136e-09,-9.186557663646452454e+01
3.014069500000000000e+10,-2.816742188903864889e-09,-9.188037214203038161e+01
3.014769400000000000e+10,-2.807164970663589997e-09,-9.189516387608057357e+01
3.015469300000000000e+10,-2.797622468212154307e-09,-9.190995184062300893e+01
3.016169200000000000e+10,-2.788115163713291558e-09,-9.192473603766396195e+01
3.016869100000000000e+10,-2.778642575003267597e-09,-9.193951646920805842e+01
3.017569000000000000e+10,-2.769204219918348684e-09,-9.195429313725817622e+01
3.018268900000000000e+10,-2.759800580622268559e-09,-9.196906604381567263e+01
3.018968800000000000e+10,-2.750431174951293068e-09,-9.198383519088012861e+01
3.019668700000000000e+10,-2.741096002905421797e-09,-9.199860058044950506e+01
3.020368600000000000e+10,-2.731795064484654748e-09,-9.201336221452017128e+01
3.021068500000000000e+10,-2.722527877525258593e-09,-9.202812009508673441e+01
3.021768400000000000e+10,-2.713294442027232505e-09,-9.204287422414222419e+01
3.022468300000000000e+10,-2.704094275826842331e-09,-9.205762460367799349e+01
3.023168200000000000e+10,-2.694928343251556377e-09,-9.207237123568374670e+01
3.023868100000000000e+10,-2.685795197810172184e-09,-9.208711412214759662e+01
3.024568000000000000e+10,-2.676695803830157644e-09,-9.210185326505593650e+01
3.025267900000000000e+10,-2.667629196984045278e-09,-9.211658866639356802e+01
3.025967800000000000e+10,-2.658595377271833846e-09,-9.213132032814363015e+01
3.026667700000000000e+10,-2.649594826857258740e-09,-9.214604825228762763e+01
3.027367600000000000e+10,-2.640627063576584567e-09,-9.216077244080545938e+01
3.028067500000000000e+10,-2.631691605266078001e-09,-9.217549289567534743e+01
3.028767400000000000e+10,-2.622788934089472368e-09,-9.219020961887389376e+01
3.029467300000000000e+10,-2.613918567883033928e-09,-9.220492261237609455e+01
3.030167200000000000e+10,-2.605080506646762681e-09,-9.221963187815531171e+01
3.030867100000000000e+10,-2.596274268216924474e-09,-9.223433741818324449e+01
3.031567000000000000e+10,-2.587500334757253459e-09,-9.224903923442997211e+01
3.032266900000000000e+10,-2.578757741940281331e-09,-9.226373732886402479e+01
3.032966800000000000e+10,-2.570047454093475155e-09,-9.227843170345225587e+01
3.033666700000000000e+10,-2.561368506889368692e-09,-9.229312236015987025e+01
3.034366600000000000e+10,-2.552721382491693614e-09,-9.230780930095049541e+01
3.035066500000000000e+10,-2.544105116572984510e-09,-9.232249252778615300e+01
3.035766400000000000e+10,-2.535520191296973051e-09,-9.233717204262724465e+01
3.036466300000000000e+10,-2.526966606663659650e-09,-9.235184784743252351e+01
3.037166200000000000e+10,-2.518443880509310982e-09,-9.236651994415916533e+01
3.037866100000000000e+10,-2.509952494997660373e-09,-9.238118833476275427e+01
3.038566000000000000e+10,-2.501491485801240343e-09,-9.239585302119722598e+01
3.039265900000000000e+10,-2.493060852920050891e-09,-9.241051400541495298e+01
3.039965800000000000e+10,-2.484661078517824518e-09,-9.242517128936667348e+01
3.040665700000000000e+10,-2.476291680430827897e-09,-9.243982487500154832e+01
3.041365600000000000e+10,-2.467952658659061854e-09,-9.245447476426710409e+01
3.042065500000000000e+10,-2.459644013202525564e-09,-9.246912095910931839e+01
3.042765400000000000e+10,-2.451364779733750718e-09,-9.248376346147252036e+01
3.043465300000000000e+10,-2.443115922580205624e-09,-9.249840227329951858e+01
3.044165200000000000e+10,-2.434896959578156128e-09,-9.251303739653145897e+01
3.044865100000000000e+10,-2.426707408563868490e-09,-9.252766883310795265e+01
3.045565000000000000e+10,-2.418547751701076451e-09,-9.254229658496696231e+01
3.046264900000000000e+10,-2.410417506826045442e-09,-9.255692065404488744e+01
3.046964800000000000e+10,-2.402316191775042553e-09,-9.257154104227660696e+01
3.047664700000000000e+10,-2.394244770875534434e-09,-9.258615775159532291e+01
3.048364600000000000e+10,-2.386202279800053193e-09,-9.260077078393271677e+01
3.049064500000000000e+10,-2.378188718548600070e-09,-9.261538014121882156e+01
3.049764400000000000e+10,-2.370204087121173825e-09,-9.262998582538219239e+01
3.050464300000000000e+10,-2.362248385517774457e-09,-9.264458783834976430e+01
3.051164200000000000e+10,-2.354321131574668641e-09,-9.265918618204686652e+01
3.051864100000000000e+10,-2.346422325291855962e-09,-9.267378085839726509e+01
3.052564000000000000e+10,-2.338552448833069747e-09,-9.268837186932323391e+01
3.053263900000000000e+10,-2.330711020034576670e-09,-9.270295921674536999e+01
3.053963800000000000e+10,-2.322897556732642164e-09,-9.271754290258277820e+01
3.054663700000000000e+10,-2.315112058927267055e-09,-9.273212292875292917e+01
3.055363600000000000e+10,-2.307355008782184257e-09,-9.274669929717178718e+01
3.056063500000000000e+10,-2.299625441969926703e-09,-9.276127200975379594e+01
3.056763400000000000e+10,-2.291923840654227306e-09,-9.277584106841169387e+01
3.057463300000000000e+10,-2.284250204835086893e-09,-9.279040647505682671e+01
3.058163200000000000e+10,-2.276604052348770897e-09,-9.280496823159886333e+01
3.058863100000000000e+10,-2.268985383195279732e-09,-9.281952633994595203e+01
3.059563000000000000e+10,-2.261394197374612983e-09,-9.283408080200474899e+01
3.060262900000000000e+10,-2.253830012723036499e-09,-9.284863161968031875e+01
3.060962800000000000e+10,-2.246293311404284845e-09,-9.286317879487609162e+01
3.061662700000000000e+10,-2.238783611254623040e-09,-9.287772232949406259e+01
3.062362600000000000e+10,-2.231300430110318587e-09,-9.289226222543464928e+01
3.063062500000000000e+10,-2.223844732298837723e-09,-9.290679848459674872e+01
3.063762400000000000e+10,-2.216415553492713383e-09,-9.292133110887762371e+01
3.064462300000000000e+10,-2.209013375855678893e-09,-9.293586010017313015e+01
3.065162200000000000e+10,-2.201637235060267187e-09,-9.295038546037746130e+01
3.065862100000000000e+10,-2.194287613270211590e-09,-9.296490719138333247e+01
3.066562000000000000e+10,-2.186964510485512104e-09,-9.297942529508196685e+01
3.067261900000000000e+10,-2.179667926706168727e-09,-9.299393977336293915e+01
3.067961800000000000e+10,-2.172397379768447307e-09,-9.300845062811438879e+01
3.068661700000000000e+10,-2.165152869672347844e-09,-9.302295786122286358e+01
3.069361600000000000e+10,-2.157933914254137010e-09,-9.303746147457349025e+01
3.070061500000000000e+10,-2.150741477841281460e-09,-9.305196147004970442e+01
3.070761400000000000e+10,-2.143574113942580799e-09,-9.306645784953353484e+01
3.071461300000000000e+10,-2.136432786885501268e-09,-9.308095061490548972e+01
3.072161200000000000e+10,-2.129317014506309953e-09,-9.309543976804445720e+01
3.072861100000000000e+10,-2.122226796805006441e-09,-9.310992531082790435e+01
3.073561000000000000e+10,-2.115161651617856993e-09,-9.312440724513172086e+01
3.074260900000000000e+10,-2.108122061108595347e-09,-9.313888557283034686e+01
3.074960800000000000e+10,-2.101107543113487350e-09,-9.315336029579660249e+01
3.075660700000000000e+10,-2.094118097632533417e-09,-9.316783141590191519e+01
3.076360600000000000e+10,-2.087153724665732719e-09,-9.318229893501609240e+01
3.077060500000000000e+10,-2.080213942049352345e-09,-9.319676285500750623e+01
3.077760400000000000e+10,-2.073299231947125619e-09,-9.321122317774296562e+01
3.078460300000000000e+10,-2.066409112195318804e-09,-9.322567990508787261e+01
3.079160200000000000e+10,-2.059543582793931070e-09,-9.324013303890595239e+01
3.079860100000000000e+10,-2.052702643742963246e-09,-9.325458258105959430e+01
3.080560000000000000e+10,-2.045886295042415332e-09,-9.326902853340956767e+01
3.081259900000000000e+10,-2.039094054528552760e-09,-9.328347089781524915e+01
3.081959800000000000e+10,-2.032325922201375944e-09,-9.329790967613446639e+01
3.082659700000000000e+10,-2.025581898060884470e-09,-9.331234487022345547e+01
3.083359600000000000e+10,-2.018861982107079166e-09,-9.332677648193714504e+01
3.084059500000000000e+10,-2.012166174339959204e-09,-9.334120451312881528e+01
3.084759400000000000e+10,-2.005493992595790431e-09,-9.335562896565031110e+01
3.085459300000000000e+10,-1.998845919038307414e-09,-9.337004984135198526e+01
3.086159200000000000e+10,-1.992221471503775585e-09,-9.338446714208274102e+01
3.086859100000000000e+10,-1.985620167828462033e-09,-9.339888086968994685e+01
3.087559000000000000e+10,-1.979042972339832996e-09,-9.341329102601946488e+01
3.088258900000000000e+10,-1.972488920710421822e-09,-9.342769761291572195e+01
3.088958800000000000e+10,-1.965958012940228510e-09,-9.344210063222165275e+01
3.089658700000000000e+10,-1.959450731192986386e-09,-9.345650008577871404e+01
3.090358600000000000e+10,-1.952966111141227972e-09,-9.347089597542684203e+01
3.091058500000000000e+10,-1.946504634948686593e-09,-9.348528830300458026e+01
3.091758400000000000e+10,-1.940066302615362663e-09,-9.349967707034889486e+01
3.092458300000000000e+10,-1.933651114141256182e-09,-9.351406227929535930e+01
3.093158200000000000e+10,-1.927258105198898843e-09,-9.352844393167801229e+01
3.093858100000000000e+10,-1.920888240115759366e-09,-9.354282202932951407e+01
3.094558000000000000e+10,-1.914541036728102771e-09,-9.355719657408094747e+01
3.095257900000000000e+10,-1.908216012872196145e-09,-9.357156756776197426e+01
3.095957800000000000e+10,-1.901913650711772401e-09,-9.358593501220083510e+01
3.096657700000000000e+10,-1.895633468083098626e-09,-9.360029890922422169e+01
3.097357600000000000e+10,-1.889375947149907319e-09,-9.361465926065744725e+01
3.098057500000000000e+10,-1.883140605748465567e-09,-9.362901606832429025e+01
3.098757400000000000e+10,-1.876926961715039631e-09,-9.364336933404712227e+01
3.099457300000000000e+10,-1.870735497213362837e-09,-9.365771905964679434e+01
3.100157200000000000e+10,-1.864566212243435184e-09,-9.367206524694282166e+01
3.100857100000000000e+10,-1.858418624641522934e-09,-9.368640789775314204e+01
3.101557000000000000e+10,-1.852292734407626292e-09,-9.370074701389430061e+01
3.102256900000000000e+10,-1.846188541541744639e-09,-9.371508259718135037e+01
3.102956800000000000e+10,-1.840106046043878388e-09,-9.372941464942798007e+01
3.103656700000000000e+10,-1.834045247914027331e-09,-9.374374317244632948e+01
3.104356600000000000e+10,-1.828005664988457730e-09,-9.375806816804713151e+01
3.105056500000000000e+10,-1.821987297267169584e-09,-9.377238963803968375e+01
3.105756400000000000e+10,-1.815990626913896426e-09,-9.378670758423184850e+01
3.106456300000000000e+10,-1.810014689601170777e-09,-9.380102200843003857e+01
3.107156200000000000e+10,-1.804059967492726790e-09,-9.381533291243920303e+01
3.107856100000000000e+10,-1.798126460588563638e-09,-9.382964029806286987e+01
3.108556000000000000e+10,-1.792214168888681320e-09,-9.384394416710316023e+01
3.109255900000000000e+10,-1.786322610229346924e-09,-9.385824452136066043e+01
3.109955800000000000e+10,-1.780451784610559624e-09,-9.387254136263467785e+01
3.110655700000000000e+10,-1.774601692032319831e-09,-9.388683469272295667e+01
3.111355600000000000e+10,-1.768771850330893601e-09,-9.390112451342187683e+01
3.112055500000000000e+10,-1.762963223833747998e-09,-9.391541082652634032e+01
3.112755400000000000e+10,-1.757174848213415958e-09,-9.392969363382987069e+01
3.113455300000000000e+10,-1.751406723469897478e-09,-9.394397293712451358e+01
3.114155200000000000e+10,-1.745659331766926301e-09,-9.395824873820100720e+01
3.114855100000000000e+10,-1.739931708777034532e-09,-9.397252103884845553e+01
3.115555000000000000e+10,-1.734224336663956118e-09,-9.398678984085478305e+01
3.116254900000000000e+10,-1.728537697591424178e-09,-9.400105514600632262e+01
3.116954800000000000e+10,-1.722870345068238733e-09,-9.401531695608802863e+01
3.117654700000000000e+10,-1.717223243421866024e-09,-9.402957527288349127e+01
3.118354600000000000e+10,-1.711596392652306255e-09,-9.404383009817485117e+01
3.119054500000000000e+10,-1.705988828432092569e-09,-9.405808143374279950e+01
3.119754400000000000e+10,-1.700401032924958083e-09,-9.407232928136670580e+01
3.120454300000000000e+10,-1.694833006130902800e-09,-9.408657364282439062e+01
3.121154200000000000e+10,-1.689284748049926924e-09,-9.410081451989240975e+01
3.121854100000000000e+10,-1.683755776518296510e-09,-9.411505191434584106e+01
3.122554000000000000e+10,-1.678246573699745090e-09,-9.412928582795834132e+01
3.123253900000000000e+10,-1.672756175266805806e-09,-9.414351626250221727e+01
3.123953800000000000e+10,-1.667285545546945309e-09,-9.415774321974831196e+01
3.124653700000000000e+10,-1.661834202376430481e-09,-9.417196670146611837e+01
3.125353600000000000e+10,-1.656401663591527168e-09,-9.418618670942370841e+01
3.126053500000000000e+10,-1.650988411355968695e-09,-9.420040324538776133e+01
3.126753400000000000e+10,-1.645593963506022565e-09,-9.421461631112353530e+01
3.127453300000000000e+10,-1.640218320041687535e-09,-9.422882590839491002e+01
3.128153200000000000e+10,-1.634861963126697760e-09,-9.424303203896442938e+01
3.128853100000000000e+10,-1.629524410597319294e-09,-9.425723470459310249e+01
3.129553000000000000e+10,-1.624205180289818602e-09,-9.427143390704068793e+01
3.130252900000000000e+10,-1.618904754367929425e-09,-9.428562964806550895e+01
3.130952800000000000e+10,-1.613623132831651555e-09,-9.429982192942446773e+01
3.131652700000000000e+10,-1.608359833517251254e-09,-9.431401075287311642e+01
3.132352600000000000e+10,-1.603114856424728728e-09,-9.432819612016560029e+01
3.133052500000000000e+10,-1.597888683717817095e-09,-9.434237803305472880e+01
3.133752400000000000e+10,-1.592680351069049705e-09,-9.435655649329190453e+01
3.134452300000000000e+10,-1.587490822805893209e-09,-9.437073150262705212e+01
3.135152200000000000e+10,-1.582318652437147215e-09,-9.438490306280890252e+01
3.135852100000000000e+10,-1.577165286454011701e-09,-9.439907117558465188e+01
3.136552000000000000e+10,-1.572029760529020222e-09,-9.441323584270023161e+01
3.137251900000000000e+10,-1.566912074662172572e-09,-9.442739706590012361e+01
3.137951800000000000e+10,-1.561812228853468543e-09,-9.444155484692743130e+01
3.138651700000000000e+10,-1.556730223102908134e-09,-9.445570918752396494e+01
3.139351600000000000e+10,-1.551666057410491348e-09,-9.446986008943008528e+01
3.140051500000000000e+10,-1.546619731776217769e-09,-9.448400755438487408e+01
3.140751400000000000e+10,-1.541590764036354485e-09,-9.449815158412596361e+01
3.141451300000000000e+10,-1.536579636354634408e-09,-9.451229218038957924e+01
3.142151200000000000e+10,-1.531585866567324213e-09,-9.452642934491072424e+01
3.142851100000000000e+10,-1.526609454674423899e-09,-9.454056307942295234e+01
3.143551000000000000e+10,-1.521650882839666586e-09,-9.455469338565848147e+01
3.144250900000000000e+10,-1.516709186735585622e-09,-9.456882026534812269e+01
3.144950800000000000e+10,-1.511784848525914332e-09,-9.458294372022139385e+01
3.145650700000000000e+10,-1.506877386046918976e-09,-9.459706375200640593e+01
3.146350600000000000e+10,-1.501987281462333502e-09,-9.461118036242999096e+01
3.147050500000000000e+10,-1.497114052608423756e-09,-9.462529355321748881e+01
3.147750400000000000e+10,-1.492258181648923477e-09,-9.463940332609300299e+01
3.148450300000000000e+10,-1.487419186420098927e-09,-9.465350968277930122e+01
3.149150200000000000e+10,-1.482596584758216984e-09,-9.466761262499773011e+01
3.149850100000000000e+10,-1.477791340990744303e-09,-9.468171215446824363e+01
3.150550000000000000e+10,-1.473002490790213816e-09,-9.469580827290963043e+01
3.151249900000000000e+10,-1.468230516320358850e-09,-9.470990098203915863e+01
3.151949800000000000e+10,-1.463474935417446286e-09,-9.472399028357281736e+01
3.152649700000000000e+10,-1.458735748081475710e-09,-9.473807617922530255e+01
3.153349600000000000e+10,-1.454013436476180654e-09,-9.475215867070987485e+01
3.154049500000000000e+10,-1.449307518437827587e-09,-9.476623775973850172e+01
3.154749400000000000e+10,-1.444617993966416507e-09,-9.478031344802182900e+01
3.155449300000000000e+10,-1.439944380898213883e-09,-9.479438573726916673e+01
3.156149200000000000e+10,-1.435287161396953246e-09,-9.480845462918847488e+01
3.156849100000000000e+10,-1.430646335462634390e-09,-9.482252012548630660e+01
3.157549000000000000e+10,-1.426021420931523575e-09,-9.483658222786803549e+01
3.158248900000000000e+10,-1.421412899967354748e-09,-9.485064093803762830e+01
3.158948800000000000e+10,-1.416819808242660430e-09,-9.486469625769765912e+01
3.159648700000000000e+10,-1.412243110084907892e-09,-9.487874818854947989e+01
3.160348600000000000e+10,-1.407682323330363602e-09,-9.489279673229306411e+01
3.161048500000000000e+10,-1.403136965815293614e-09,-9.490684189062704945e+01
3.161748400000000000e+10,-1.398608001867165200e-09,-9.492088366524880882e+01
3.162448300000000000e+10,-1.394093984994777967e-09,-9.493492205785430826e+01
3.163148200000000000e+10,-1.389596361689332102e-09,-9.494895707013826325e+01
3.163848100000000000e+10,-1.385113685459627212e-09,-9.496298870379403922e+01
3.164548000000000000e+10,-1.380646920633129949e-09,-9.497701696051368003e+01
3.165247900000000000e+10,-1.376195585046107402e-09,-9.499104184198793632e+01
3.165947800000000000e+10,-1.371759678698558535e-09,-9.500506334990623714e+01
3.166647700000000000e+10,-1.367338719426751056e-09,-9.501908148595667569e+01
3.167347600000000000e+10,-1.362933671558150999e-09,-9.503309625182603781e+01
3.168047500000000000e+10,-1.358543570765291502e-09,-9.504710764919984456e+01
3.168747400000000000e+10,-1.354168417048172981e-09,-9.506111567976221011e+01
3.169447300000000000e+10,-1.349808692570528347e-09,-9.507512034519608335e+01
3.170147200000000000e+10,-1.345464397332357601e-09,-9.508912164718296367e+01
3.170847100000000000e+10,-1.341134567006194090e-09,-9.510311958740315674e+01
3.171547000000000000e+10,-1.336819683755771140e-09,-9.511711416753557558e+01
3.172246900000000000e+10,-1.332520229744821871e-09,-9.513110538925788262e+01
3.172946800000000000e+10,-1.328235240645879836e-09,-9.514509325424643293e+01
3.173646700000000000e+10,-1.323965198622677950e-09,-9.515907776417628838e+01
3.174346600000000000e+10,-1.319709621511483298e-09,-9.517305892072117501e+01
3.175046500000000000e+10,-1.315468991476028588e-09,-9.518703672555355411e+01
3.175746400000000000e+10,-1.311242826352580699e-09,-9.520101118034460796e+01
3.176446300000000000e+10,-1.307031608304872957e-09,-9.521498228676418307e+01
3.177146200000000000e+10,-1.302834855169172037e-09,-9.522895004648086115e+01
3.177846100000000000e+10,-1.298652084781744612e-09,-9.524291446116191651e+01
3.178546000000000000e+10,-1.294484261470056921e-09,-9.525687553247331607e+01
3.179245900000000000e+10,-1.290330420906642518e-09,-9.527083326207980463e+01
3.179945800000000000e+10,-1.286191045255234729e-09,-9.528478765164480535e+01
3.180645700000000000e+10,-1.282066134515833142e-09,-9.529873870283041981e+01
3.181345600000000000e+10,-1.277955206524704843e-09,-9.531268641729751323e+01
3.182045500000000000e+10,-1.273858743445582952e-09,-9.532663079670561501e+01
3.182745400000000000e+10,-1.269776263114734349e-09,-9.534057184271303242e+01
3.183445300000000000e+10,-1.265707283368424880e-09,-9.535450955697677955e+01
3.184145200000000000e+10,-1.261652768534122026e-09,-9.536844394115254886e+01
3.184845100000000000e+10,-1.257612236448091633e-09,-9.538237499689478227e+01
3.185545000000000000e+10,-1.253585687110334322e-09,-9.539630272585668536e+01
3.186244900000000000e+10,-1.249573120520849679e-09,-9.541022712969012787e+01
3.186944800000000000e+10,-1.245574054515904376e-09,-9.542414821004571479e+01
3.187644700000000000e+10,-1.241588489095498416e-09,-9.543806596857281477e+01
3.188344600000000000e+10,-1.237616906423365123e-09,-9.545198040691951746e+01
3.189044500000000000e+10,-1.233659306499504498e-09,-9.546589152673257672e+01
3.189744400000000000e+10,-1.229714724996449475e-09,-9.547979932965758110e+01
3.190444300000000000e+10,-1.225784126241667119e-09,-9.549370381733878332e+01
3.191144200000000000e+10,-1.221866545907690365e-09,-9.550760499141917137e+01
3.191844100000000000e+10,-1.217962948321986279e-09,-9.552150285354052528e+01
3.192544000000000000e+10,-1.214072369157087795e-09,-9.553539740534330349e+01
3.193243900000000000e+10,-1.210195290576728031e-09,-9.554928864846671388e+01
3.193943800000000000e+10,-1.206331230417174076e-09,-9.556317658454872799e+01
3.194643700000000000e+10,-1.202480670842158842e-09,-9.557706121522602416e+01
3.195343600000000000e+10,-1.198643611851682536e-09,-9.559094254213407282e+01
3.196043500000000000e+10,-1.194819571282011831e-09,-9.560482056690705122e+01
3.196743400000000000e+10,-1.191008066969412988e-09,-9.561869529117788602e+01
3.197443300000000000e+10,-1.187210063241353073e-09,-9.563256671657823915e+01
3.198143200000000000e+10,-1.183425077934098346e-09,-9.564643484473853619e+01
3.198843100000000000e+10,-1.179653111047648807e-09,-9.566029967728796635e+01
3.199543000000000000e+10,-1.175894162582004663e-09,-9.567416121585445410e+01
3.200242900000000000e+10,-1.172147750373432380e-09,-9.568801946206464493e+01
3.200942800000000000e+10,-1.168414356585665285e-09,-9.570187441754400481e+01
3.201642700000000000e+10,-1.164693499054970052e-09,-9.571572608391669235e+01
3.202342600000000000e+10,-1.160985659945080007e-09,-9.572957446280562976e+01
3.203042500000000000e+10,-1.157290357092261409e-09,-9.574341955583255981e+01
3.203742400000000000e+10,-1.153607590496514674e-09,-9.575726136461788940e+01
3.204442300000000000e+10,-1.149937842321572713e-09,-9.577109989078087438e+01
3.205142200000000000e+10,-1.146280148239969287e-09,-9.578493513593946318e+01
3.205842100000000000e+10,-1.142634990415437309e-09,-9.579876710171036791e+01
3.206542000000000000e+10,-1.139002851011710105e-09,-9.581259578970913537e+01
3.207241900000000000e+10,-1.135382283537587904e-09,-9.582642120154999077e+01
3.207941800000000000e+10,-1.131774734484270477e-09,-9.584024333884597979e+01
3.208641700000000000e+10,-1.128179239524290965e-09,-9.585406220320891180e+01
3.209341600000000000e+10,-1.124595798657649574e-09,-9.586787779624934558e+01
3.210041500000000000e+10,-1.121024894048079425e-09,-9.588169011957660359e+01
3.210741400000000000e+10,-1.117466043531847398e-09,-9.589549917479880037e+01
3.211441300000000000e+10,-1.113919729272686611e-09,-9.590930496352282830e+01
3.212141200000000000e+10,-1.110384986943130414e-09,-9.592310748735430082e+01
3.212841100000000000e+10,-1.106862298706911924e-09,-9.593690674789769446e+01
3.213541000000000000e+10,-1.103351664564031556e-09,-9.595070274675619260e+01
3.214240900000000000e+10,-1.099853084514488690e-09,-9.596449548553178488e+01
3.214940800000000000e+10,-1.096366558558283738e-09,-9.597828496582523883e+01
3.215640700000000000e+10,-1.092892086695416494e-09,-9.599207118923607140e+01
3.216340600000000000e+10,-1.089428704598420306e-09,-9.600585415736262007e+01
3.217040500000000000e+10,-1.085977858758494945e-09,-9.601963387180198595e+01
3.217740400000000000e+10,-1.082538102684440640e-09,-9.603341033415009065e+01
3.218440300000000000e+10,-1.079110400703723836e-09,-9.604718354600157681e+01
3.219140200000000000e+10,-1.075694752816344740e-09,-9.606095350894987916e+01
3.219840100000000000e+10,-1.072290194694836493e-09,-9.607472022458729555e+01
3.220540000000000000e+10,-1.068897208502932421e-09,-9.608848369450484483e+01
3.221239900000000000e+10,-1.065515794240632317e-09,-9.610224392029238061e+01
3.221939800000000000e+10,-1.062145951907936388e-09,-9.611600090353849168e+01
3.222639700000000000e+10,-1.058787681504844634e-09,-9.612975464583061580e+01
3.223339600000000000e+10,-1.055440500867623521e-09,-9.614350514875495435e+01
3.224039500000000000e+10,-1.052104892160006170e-09,-9.615725241389647238e+01
3.224739400000000000e+10,-1.048780855381992994e-09,-9.617099644283902649e+01
3.225439300000000000e+10,-1.045467426206117134e-09,-9.618473723716518009e+01
3.226139200000000000e+10,-1.042166051123578361e-09,-9.619847479845634552e+01
3.226839100000000000e+10,-1.038875283643176903e-09,-9.621220912829271299e+01
3.227539000000000000e+10,-1.035595605928645881e-09,-9.622594022825326476e+01
3.228238900000000000e+10,-1.032327500143718620e-09,-9.623966809991586047e+01
3.228938800000000000e+10,-1.029070484124662001e-09,-9.625339274485705232e+01
3.229638700000000000e+10,-1.025824075707742284e-09,-9.626711416465225568e+01
3.230338600000000000e+10,-1.022588757056693001e-09,-9.628083236087570640e+01
3.231038500000000000e+10,-1.019364528171514154e-09,-9.629454733510041819e+01
3.231738400000000000e+10,-1.016151389052205535e-09,-9.630825908889825371e+01
3.232438300000000000e+10,-1.012948857535034025e-09,-9.632196762383982502e+01
3.233138200000000000e+10,-1.009757415783732743e-09,-9.633567294149459315e+01
3.233838100000000000e+10,-1.006576581634568363e-09,-9.634937504343083958e+01
3.234538000000000000e+10,-1.003406355087540677e-09,-9.636307393121563791e+01
3.235237900000000000e+10,-1.000247218306383427e-09,-9.637676960641491064e+01
3.235937800000000000e+10,-9.970986891273628722e-10,-9.639046207059334392e+01
3.236637700000000000e+10,-9.939607675504792191e-10,-9.640415132531447284e+01
3.237337600000000000e+10,-9.908334535757322610e-10,-9.641783737214066718e+01
3.238037500000000000e+10,-9.877162650393886717e-10,-9.643152021263310303e+01
3.238737400000000000e+10,-9.846101662689153106e-10,-9.644519984835176274e+01
3.239437300000000000e+10,-9.815141929368453182e-10,-9.645887628085546339e+01
3.240137200000000000e+10,-9.784293093706451405e-10,-9.647254951170182835e+01
3.240837100000000000e+10,-9.753540690791150052e-10,-9.648621954244738674e+01
3.241537000000000000e+10,-9.722894363897213582e-10,-9.649988637464736030e+01
3.242236900000000000e+10,-9.692354113024644063e-10,-9.651355000985589072e+01
3.242936800000000000e+10,-9.661915116536108231e-10,-9.652721044962591179e+01
3.243636700000000000e+10,-9.631582196068937282e-10,-9.654086769550923464e+01
3.244336600000000000e+10,-9.601345708348462621e-10,-9.655452174905646245e+01
3.245036500000000000e+10,-9.571215296649354911e-10,-9.656817261181701895e+01
3.245736400000000000e+10,-9.541186139334276752e-10,-9.658182028533920516e+01
3.246436300000000000e+10,-9.511253414765896950e-10,-9.659546477117009999e+01
3.247136200000000000e+10,-9.481426766218882030e-10,-9.660910607085563129e+01
3.247836100000000000e+10,-9.451701372055898730e-10,-9.662274418594064684e+01
3.248536000000000000e+10,-9.422072410639611718e-10,-9.663637911796871549e+01
3.249235900000000000e+10,-9.392544703607352190e-10,-9.665001086848234024e+01
3.249935800000000000e+10,-9.363113429321791017e-10,-9.666363943902280198e+01
3.250635700000000000e+10,-9.333783409420259397e-10,-9.667726483113021629e+01
3.251335600000000000e+10,-9.304554643902757327e-10,-9.669088704634361875e+01
3.252035500000000000e+10,-9.275422311131951546e-10,-9.670450608620080857e+01
3.252735400000000000e+10,-9.246386411107839985e-10,-9.671812195223844810e+01
3.253435300000000000e+10,-9.217451765467757975e-10,-9.673173464599210547e+01
3.254135200000000000e+10,-9.188613552574371220e-10,-9.674534416899612665e+01
3.254835100000000000e+10,-9.159866950790345421e-10,-9.675895052278374919e+01
3.255535000000000000e+10,-9.131221603390348140e-10,-9.677255370888701691e+01
3.256234900000000000e+10,-9.102672688737044045e-10,-9.678615372883686518e+01
3.256934800000000000e+10,-9.074220206830435204e-10,-9.679975058416306410e+01
3.257634700000000000e+10,-9.045859336033186286e-10,-9.681334427639424689e+01
3.258334600000000000e+10,-9.017594897982631588e-10,-9.682693480705790989e+01
3.259034500000000000e+10,-8.989426892678771110e-10,-9.684052217768035575e+01
3.259734400000000000e+10,-8.961355320121602784e-10,-9.685410638978682130e+01
3.260434300000000000e+10,-8.933375358673794381e-10,-9.686768744490136385e+01
3.261134200000000000e+10,-8.905487008335345901e-10,-9.688126534454684702e+01
3.261834100000000000e+10,-8.877695090743589573e-10,-9.689484009024508282e+01
3.262534000000000000e+10,-8.849999605898527465e-10,-9.690841168351670376e+01
3.263233900000000000e+10,-8.822390910525488914e-10,-9.692198012588123390e+01
3.263933800000000000e+10,-8.794878647899143550e-10,-9.693554541885701781e+01
3.264633700000000000e+10,-8.767453174744822776e-10,-9.694910756396127738e+01
3.265333600000000000e+10,-8.740124134337194155e-10,-9.696266656271012607e+01
3.266033500000000000e+10,-8.712886705038923389e-10,-9.697622241661854048e+01
3.266733400000000000e+10,-8.685740886850010478e-10,-9.698977512720028926e+01
3.267433300000000000e+10,-8.658681858133123192e-10,-9.700332469596817475e+01
3.268133200000000000e+10,-8.631719262162925990e-10,-9.701687112443369188e+01
3.268833100000000000e+10,-8.604843455664752345e-10,-9.703041441410735501e+01
3.269533000000000000e+10,-8.578054438638602258e-10,-9.704395456649845642e+01
3.270232900000000000e+10,-8.551357032721810026e-10,-9.705749158311517988e+01
3.270932800000000000e+10,-8.524751237914374614e-10,-9.707102546546460076e+01
3.271632700000000000e+10,-8.498232232578960692e-10,-9.708455621505268596e+01
3.272332600000000000e+10,-8.471804838352905658e-10,-9.709808383338426552e+01
3.273032500000000000e+10,-8.445464233598871080e-10,-9.711160832196301840e+01
3.273732400000000000e+10,-8.419210418316861093e-10,-9.712512968229155774e+01
3.274432300000000000e+10,-8.393043392506872596e-10,-9.713864791587135983e+01
3.275132200000000000e+10,-8.366967977806239886e-10,-9.715216302420276406e+01
3.275832100000000000e+10,-8.340974530940296435e-10,-9.716567500878500141e+01
3.276532000000000000e+10,-8.315067873546374474e-10,-9.717918387111620859e+01
3.277231900000000000e+10,-8.289252827261808299e-10,-9.719268961269337126e+01
3.277931800000000000e+10,-8.263519748811929317e-10,-9.720619223501242345e+01
3.278631700000000000e+10,-8.237873459834072858e-10,-9.721969173956810550e+01
3.279331600000000000e+10,-8.212313960328236854e-10,-9.723318812785413456e+01
3.280031500000000000e+10,-8.186836428657089077e-10,-9.724668140136301986e+01
3.280731400000000000e+10,-8.161445686457962789e-10,-9.726017156158624744e+01
3.281431300000000000e+10,-8.136141733730855922e-10,-9.727365861001419489e+01
3.282131200000000000e+10,-8.110919748838436247e-10,-9.728714254813608875e+01
3.282831100000000000e+10,-8.085779731780704798e-10,-9.730062337744000445e+01
3.283531000000000000e+10,-8.060726504194993805e-10,-9.731410109941307951e+01
3.284230900000000000e+10,-8.035755244443968969e-10,-9.732757571554117249e+01
3.284930800000000000e+10,-8.010865952527630292e-10,-9.734104722730911874e+01
3.285630700000000000e+10,-7.986063450083311036e-10,-9.735451563620068782e+01
3.286330600000000000e+10,-7.961342915473678972e-10,-9.736798094369851242e+01
3.287030500000000000e+10,-7.936699527061399803e-10,-9.738144315128408834e+01
3.287730400000000000e+10,-7.912142928121139021e-10,-9.739490226043785981e+01
3.288430300000000000e+10,-7.887663475378230099e-10,-9.740835827263919100e+01
3.289130200000000000e+10,-7.863270812107342668e-10,-9.742181118936630924e+01
3.289830100000000000e+10,-7.838955295033805028e-10,-9.743526101209636181e+01
3.290530000000000000e+10,-7.814721745794953547e-10,-9.744870774230545862e+01
3.291229900000000000e+10,-7.790570164390788224e-10,-9.746215138146848744e+01
3.291929800000000000e+10,-7.766495729183972693e-10,-9.747559193105939812e+01
3.292629700000000000e+10,-7.742503261811843320e-10,-9.748902939255094680e+01
3.293329600000000000e+10,-7.718587940637064774e-10,-9.750246376741480958e+01
3.294029500000000000e+10,-7.694754587296971352e-10,-9.751589505712166783e+01
3.294729400000000000e+10,-7.670998380154227723e-10,-9.752932326314098077e+01
3.295429300000000000e+10,-7.647324140846169218e-10,-9.754274838694126970e+01
3.296129200000000000e+10,-7.623727047735462573e-10,-9.755617042998980537e+01
3.296829100000000000e+10,-7.600207100822104687e-10,-9.756958939375293482e+01
3.297529000000000000e+10,-7.576764300106097628e-10,-9.758300527969582561e+01
3.298228900000000000e+10,-7.553398645587441395e-10,-9.759641808928259366e+01
3.298928800000000000e+10,-7.530114958903469252e-10,-9.760982782397630331e+01
3.299628700000000000e+10,-7.506903596779513638e-10,-9.762323448523888203e+01
3.300328600000000000e+10,-7.483769380852907817e-10,-9.763663807453120569e+01
3.301028500000000000e+10,-7.460717132760985053e-10,-9.765003859331309854e+01
3.301728400000000000e+10,-7.437737209229078817e-10,-9.766343604304327641e+01
3.302428300000000000e+10,-7.414829610257188077e-10,-9.767683042517943193e+01
3.303128200000000000e+10,-7.392003979119981426e-10,-9.769022174117813506e+01
3.303828100000000000e+10,-7.369250672542789237e-10,-9.770360999249484735e+01
3.304528000000000000e+10,-7.346574512162946841e-10,-9.771699518058406397e+01
3.305227900000000000e+10,-7.323970676343118905e-10,-9.773037730689914326e+01
3.305927800000000000e+10,-7.301443986720641797e-10,-9.774375637289240615e+01
3.306627700000000000e+10,-7.278989621658179149e-10,-9.775713238001506511e+01
3.307327600000000000e+10,-7.256607581155731997e-10,-9.777050532971728103e+01
3.308027500000000000e+10,-7.234302686850632570e-10,-9.778387522344820582e+01
3.308727400000000000e+10,-7.212074938742883969e-10,-9.779724206265584030e+01
3.309427300000000000e+10,-7.189914693557813464e-10,-9.781060584878716213e+01
3.310127200000000000e+10,-7.167831594570093786e-10,-9.782396658328809735e+01
3.310827100000000000e+10,-7.145815998505054271e-10,-9.783732426760353462e+01
3.311527000000000000e+10,-7.123877548637363515e-10,-9.785067890317721151e+01
3.312226900000000000e+10,-7.102011423329686187e-10,-9.786403049145187083e+01
3.312926800000000000e+10,-7.080212800944690056e-10,-9.787737903386926064e+01
3.313626700000000000e+10,-7.058491324757040616e-10,-9.789072453186990685e+01
3.314326600000000000e+10,-7.036837351492072373e-10,-9.790406698689345433e+01
3.315026500000000000e+10,-7.015260524424452890e-10,-9.791740640037838261e+01
3.315726400000000000e+10,-6.993751200279512536e-10,-9.793074277376217651e+01
3.316426300000000000e+10,-6.972309379057252346e-10,-9.794407610848116974e+01
3.317126200000000000e+10,-6.950939882395006618e-10,-9.795740640597075810e+01
3.317826100000000000e+10,-6.929642710292773282e-10,-9.797073366766527158e+01
3.318526000000000000e+10,-6.908417862750553374e-10,-9.798405789499797436e+01
3.319225900000000000e+10,-6.887260518131014664e-10,-9.799737908940100795e+01
3.319925800000000000e+10,-6.866170676434154049e-10,-9.801069725230560437e+01
3.320625700000000000e+10,-6.845153159297306862e-10,-9.802401238514180193e+01
3.321325600000000000e+10,-6.824203145083139839e-10,-9.803732448933874366e+01
3.322025500000000000e+10,-6.803320633791652979e-10,-9.805063356632442151e+01
3.322725400000000000e+10,-6.782510447060178513e-10,-9.806393961752581845e+01
3.323425300000000000e+10,-6.761762941614047846e-10,-9.807724264436885164e+01
3.324125200000000000e+10,-6.741087760727932673e-10,-9.809054264827847192e+01
3.324825100000000000e+10,-6.720480082764494563e-10,-9.810383963067849322e+01
3.325525000000000000e+10,-6.699939907723735582e-10,-9.811713359299174897e+01
3.326224900000000000e+10,-6.679467235605656765e-10,-9.813042453664002096e+01
3.326924800000000000e+10,-6.659062066410253976e-10,-9.814371246304409624e+01
3.327624700000000000e+10,-6.638724400137531351e-10,-9.815699737362362498e+01
3.328324600000000000e+10,-6.618449415150154592e-10,-9.817027926979730523e+01
3.329024500000000000e+10,-6.598246754722789193e-10,-9.818355815298278344e+01
3.329724400000000000e+10,-6.578106775580768626e-10,-9.819683402459666866e+01
3.330424300000000000e+10,-6.558034299361426155e-10,-9.821010688605454675e+01
3.331124200000000000e+10,-6.538024504427429550e-10,-9.822337673877092357e+01
3.331824100000000000e+10,-6.518082212416110007e-10,-9.823664358415938125e+01
3.332524000000000000e+10,-6.498207423327467526e-10,-9.824990742363237928e+01
3.333223900000000000e+10,-6.478395315524170912e-10,-9.826316825860135395e+01
3.333923800000000000e+10,-6.458650710643551359e-10,-9.827642609047677524e+01
3.334623700000000000e+10,-6.438968787048275605e-10,-9.828968092066804729e+01
3.335323600000000000e+10,-6.419349544738344683e-10,-9.830293275058357949e+01
3.336023500000000000e+10,-6.399797805351091858e-10,-9.831618158163067278e+01
3.336723400000000000e+10,-6.380308747249182830e-10,-9.832942741521571861e+01
3.337423300000000000e+10,-6.360882370432617602e-10,-9.834267025274401419e+01
3.338123200000000000e+10,-6.341518674901394103e-10,-9.835591009561987619e+01
3.338823100000000000e+10,-6.322222482292849735e-10,-9.836914694524656966e+01
3.339523000000000000e+10,-6.302984149332315901e-10,-9.838238080302633648e+01
3.340222900000000000e+10,-6.283813319294458096e-10,-9.839561167036046641e+01
3.340922800000000000e+10,-6.264700348904611859e-10,-9.840883954864918337e+01
3.341622700000000000e+10,-6.245654881437440617e-10,-9.842206443929164550e+01
3.342322600000000000e+10,-6.226667273618279909e-10,-9.843528634368608721e+01
3.343022500000000000e+10,-6.207742347084461966e-10,-9.844850526322970552e+01
3.343722400000000000e+10,-6.188880101835986787e-10,-9.846172119931866007e+01
3.344422300000000000e+10,-6.170080537872856441e-10,-9.847493415334810152e+01
3.345122200000000000e+10,-6.151343655195068860e-10,-9.848814412671219998e+01
3.345822100000000000e+10,-6.132664632165288711e-10,-9.850135112080408817e+01
3.346522000000000000e+10,-6.114048290420853395e-10,-9.851455513701591826e+01
3.347221900000000000e+10,-6.095489808324426546e-10,-9.852775617673881925e+01
3.347921800000000000e+10,-6.076994007513342461e-10,-9.854095424136284009e+01
3.348621700000000000e+10,-6.058560887987602175e-10,-9.855414933227720553e+01
3.349321600000000000e+10,-6.040185628109868288e-10,-9.856734145086994658e+01
3.350021500000000000e+10,-6.021868227880144936e-10,-9.858053059852819899e+01
3.350721400000000000e+10,-6.003613508935763315e-10,-9.859371677663807532e+01
3.351421300000000000e+10,-5.985416649639392228e-10,-9.860689998658466493e+01
3.352121200000000000e+10,-5.967277649991028575e-10,-9.862008022975206245e+01
3.352821100000000000e+10,-5.949201331628006652e-10,-9.863325750752341037e+01
3.353521000000000000e+10,-5.931178051275660967e-10,-9.864643182128079957e+01
3.354220900000000000e+10,-5.913217452208657012e-10,-9.865960317240534039e+01
3.354920800000000000e+10,-5.895314712789661525e-10,-9.867277156227714840e+01
3.355620700000000000e+10,-5.877474654656007768e-10,-9.868593699227531602e+01
3.356320600000000000e+10,-5.859687634533029214e-10,-9.869909946377801191e+01
3.357020500000000000e+10,-5.841958474058057060e-10,-9.871225897816231054e+01
3.357720400000000000e+10,-5.824287173231095440e-10,-9.872541553680437687e+01
3.358420300000000000e+10,-5.806673732052141254e-10,-9.873856914107939531e+01
3.359120200000000000e+10,-5.789118150521194501e-10,-9.875171979236148445e+01
3.359820100000000000e+10,-5.771615607000922951e-10,-9.876486749202379656e+01
3.360520000000000000e+10,-5.754175744765993132e-10,-9.877801224143853176e+01
3.361219900000000000e+10,-5.736788920541736449e-10,-9.879115404197689543e+01
3.361919800000000000e+10,-5.719459955965488233e-10,-9.880429289500906975e+01
3.362619700000000000e+10,-5.702188851037247450e-10,-9.881742880190428480e+01
3.363319600000000000e+10,-5.684970784119681870e-10,-9.883056176403076165e+01
3.364019500000000000e+10,-5.667805755212790460e-10,-9.884369178275576928e+01
3.364719400000000000e+10,-5.650703407591238713e-10,-9.885681885944556768e+01
3.365419300000000000e+10,-5.633654097980362169e-10,-9.886994299546542209e+01
3.366119200000000000e+10,-5.616657826380158761e-10,-9.888306419217967402e+01
3.366819100000000000e+10,-5.599714592790629523e-10,-9.889618245095164184e+01
3.367519000000000000e+10,-5.582834040486440981e-10,-9.890929777314366333e+01
3.368218900000000000e+10,-5.566001704555592311e-10,-9.892241016011710997e+01
3.368918800000000000e+10,-5.549227228272751075e-10,-9.893551961323237265e+01
3.369618700000000000e+10,-5.532505790000584008e-10,-9.894862613384887595e+01
3.370318600000000000e+10,-5.515837389739091111e-10,-9.896172972332506390e+01
3.371018500000000000e+10,-5.499222027488270315e-10,-9.897483038301839997e+01
3.371718400000000000e+10,-5.482664524885456953e-10,-9.898792811428536709e+01
3.372418300000000000e+10,-5.466155238655983463e-10,-9.900102291848151026e+01
3.373118200000000000e+10,-5.449703812074517406e-10,-9.901411479696137974e+01
3.373818100000000000e+10,-5.433305423503723450e-10,-9.902720375107855943e+01
3.374518000000000000e+10,-5.416955251306270401e-10,-9.904028978218563850e+01
3.375217900000000000e+10,-5.400662938756823751e-10,-9.905337289163426817e+01
3.375917800000000000e+10,-5.384418842580715939e-10,-9.906645308077514755e+01
3.376617700000000000e+10,-5.368232606052615561e-10,-9.907953035095798100e+01
3.377317600000000000e+10,-5.352094585897854020e-10,-9.909260470353147809e+01
3.378017500000000000e+10,-5.336009603753766649e-10,-9.910567613984346735e+01
3.378717400000000000e+10,-5.319977659620351380e-10,-9.911874466124075411e+01
3.379417300000000000e+10,-5.303998753497608213e-10,-9.913181026906919158e+01
3.380117200000000000e+10,-5.288068063748205952e-10,-9.914487296467365240e+01
3.380817100000000000e+10,-5.272190412009475792e-10,-9.915793274939809976e+01
3.381517000000000000e+10,-5.256360976644084471e-10,-9.917098962458551625e+01
3.382216900000000000e+10,-5.240589400926699549e-10,-9.918404359157787553e+01
3.382916800000000000e+10,-5.224861219945320202e-10,-9.919709465171624174e+01
3.383616700000000000e+10,-5.209186076974613990e-10,-9.921014280634075533e+01
3.384316600000000000e+10,-5.193563972014579881e-10,-9.922318805679051934e+01
3.385016500000000000e+10,-5.177990083427884609e-10,-9.923623040440372733e+01
3.385716400000000000e+10,-5.162469232851861439e-10,-9.924926985051762074e+01
3.386416300000000000e+10,-5.146991777011843844e-10,-9.926230639646848886e+01
3.387116200000000000e+10,-5.131572180819832648e-10,-9.927534004359162623e+01
3.387816100000000000e+10,-5.116195979363825993e-10,-9.928837079322147474e+01
3.388516000000000000e+10,-5.100872815918492474e-10,-9.930139864669141048e+01
3.389215900000000000e+10,-5.085597868846495724e-10,-9.931442360533395686e+01
3.389915800000000000e+10,-5.070371138147839882e-10,-9.932744567048055728e+01
3.390615700000000000e+10,-5.055192623822521843e-10,-9.934046484346188777e+01
3.391315600000000000e+10,-5.040067147507874872e-10,-9.935348112560757272e+01
3.392015500000000000e+10,-5.024985065929233476e-10,-9.936649451824621337e+01
3.392715400000000000e+10,-5.009956022361264182e-10,-9.937950502270564357e+01
3.393415300000000000e+10,-4.994970373529300462e-10,-9.939251264031261712e+01
3.394115200000000000e+10,-4.980037762708007810e-10,-9.940551737239303520e+01
3.394815100000000000e+10,-4.965148546622720733e-10,-9.941851922027177579e+01
3.395515000000000000e+10,-4.950312368548103690e-10,-9.943151818527285002e+01
3.396214900000000000e+10,-4.935519585209493256e-10,-9.944451426871924582e+01
3.396914800000000000e+10,-4.920775018244220625e-10,-9.945750747193307006e+01
3.397614700000000000e+10,-4.906078667652285800e-10,-9.947049779623547749e+01
3.398314600000000000e+10,-4.891430533433688778e-10,-9.948348524294674178e+01
3.399014500000000000e+10,-4.876825793951097331e-10,-9.949646981338608498e+01
3.399714400000000000e+10,-4.862269270841843689e-10,-9.950945150887186230e+01
3.400414300000000000e+10,-4.847760964105926817e-10,-9.952243033072150524e+01
3.401114200000000000e+10,-4.833300873743348783e-10,-9.953540628025146475e+01
3.401814100000000000e+10,-4.818884178116774256e-10,-9.954837935877733912e+01
3.402514000000000000e+10,-4.804510877226206337e-10,-9.956134956761367505e+01
3.403213900000000000e+10,-4.790190614346307419e-10,-9.957431690807418079e+01
3.403913800000000000e+10,-4.775908924565080812e-10,-9.958728138147162667e+01
3.404613700000000000e+10,-4.761680272794524238e-10,-9.960024298911781671e+01
3.405313600000000000e+10,-4.747490194122638943e-10,-9.961320173232363118e+01
3.406013500000000000e+10,-4.733348331824091451e-10,-9.962615761239904089e+01
3.406713400000000000e+10,-4.719254685898881764e-10,-9.963911063065310714e+01
3.407413300000000000e+10,-4.705199613072342320e-10,-9.965206078839395332e+01
3.408113200000000000e+10,-4.691197578256473943e-10,-9.966500808692870805e+01
3.408813100000000000e+10,-4.677234116539276845e-10,-9.967795252756371838e+01
3.409513000000000000e+10,-4.663318871195416516e-10,-9.969089411160426550e+01
3.410212900000000000e+10,-4.649442198950226431e-10,-9.970383284035479221e+01
3.410912800000000000e+10,-4.635613743078374150e-10,-9.971676871511877494e+01
3.411612700000000000e+10,-4.621833503579858640e-10,-9.972970173719880904e+01
3.412312600000000000e+10,-4.608091837180014407e-10,-9.974263190789655198e+01
3.413012500000000000e+10,-4.594393565516173681e-10,-9.975555922851273749e+01
3.413712400000000000e+10,-4.580743510225670242e-10,-9.976848370034721825e+01
3.414412300000000000e+10,-4.567132028033837046e-10,-9.978140532469886637e+01
3.415112200000000000e+10,-4.553568762215340621e-10,-9.979432410286565869e+01
3.415812100000000000e+10,-4.540048891132847703e-10,-9.980724003614470519e+01
3.416512000000000000e+10,-4.526567593149026062e-10,-9.982015312583217792e+01
3.417211900000000000e+10,-4.513129689901207411e-10,-9.983306337322323998e+01
3.417911800000000000e+10,-4.499740003026725530e-10,-9.984597077961232969e+01
3.418611700000000000e+10,-4.486388889250913376e-10,-9.985887534629277695e+01
3.419311600000000000e+10,-4.473081170211105763e-10,-9.987177707455720110e+01
3.420011500000000000e+10,-4.459812024269967876e-10,-9.988467596569708462e+01
3.420711400000000000e+10,-4.446591094702166759e-10,-9.989757202100322786e+01
3.421411300000000000e+10,-4.433408738233035369e-10,-9.991046524176532273e+01
3.422111200000000000e+10,-4.420269776499908002e-10,-9.992335562927229375e+01
3.422811100000000000e+10,-4.407174209502783109e-10,-9.993624318481212754e+01
3.423511000000000000e+10,-4.394117215604328459e-10,-9.994912790967188698e+01
3.424210900000000000e+10,-4.381103616441877316e-10,-9.996200980513768286e+01
3.424910800000000000e+10,-4.368128590378095899e-10,-9.997488887249483014e+01
3.425610700000000000e+10,-4.355196959050316955e-10,-9.998776511302767744e+01
3.426310600000000000e+10,-4.342308722458542552e-10,-1.000006385280196497e+02
3.427010500000000000e+10,-4.329459058965436842e-10,-1.000135091187533334e+02
3.427710400000000000e+10,-4.316647968571001375e-10,-1.000263768865103629e+02
3.428410300000000000e+10,-4.303880272912568898e-10,-1.000392418325714630e+02
3.429110200000000000e+10,-4.291151150352805630e-10,-1.000521039582165201e+02
3.429810100000000000e+10,-4.278465422529045869e-10,-1.000649632647244971e+02
3.430510000000000000e+10,-4.265818267803954800e-10,-1.000778197533734470e+02
3.431209900000000000e+10,-4.253209686177534492e-10,-1.000906734254405137e+02
3.431909800000000000e+10,-4.240644499287115623e-10,-1.001035242822020024e+02
3.432609700000000000e+10,-4.228117885495367515e-10,-1.001163723249332662e+02
3.433309600000000000e+10,-4.215629844802288616e-10,-1.001292175549087631e+02
3.434009500000000000e+10,-4.203185198845211672e-10,-1.001420599734021266e+02
3.434709400000000000e+10,-4.190774304349471709e-10,-1.001548995816860383e+02
3.435409300000000000e+10,-4.178406804589734219e-10,-1.001677363810322987e+02
3.436109200000000000e+10,-4.166077877928665938e-10,-1.001805703727118271e+02
3.436809100000000000e+10,-4.153787524366267383e-10,-1.001934015579946333e+02
3.437509000000000000e+10,-4.141535743902538038e-10,-1.002062299381499031e+02
3.438208900000000000e+10,-4.129322536537476868e-10,-1.002190555144458699e+02
3.438908800000000000e+10,-4.117147902271086459e-10,-1.002318782881498862e+02
3.439608700000000000e+10,-4.105011841103364225e-10,-1.002446982605283665e+02
3.440308600000000000e+10,-4.092914353034311201e-10,-1.002575154328470433e+02
3.441008500000000000e+10,-4.080855438063927903e-10,-1.002703298063705688e+02
3.441708400000000000e+10,-4.068835096192213298e-10,-1.002831413823627145e+02
3.442408300000000000e+10,-4.056853327419167902e-10,-1.002959501620864842e+02
3.443108200000000000e+10,-4.044910131744791716e-10,-1.003087561468039581e+02
3.443808100000000000e+10,-4.033000687531750441e-10,-1.003215593377762929e+02
3.444508000000000000e+10,-4.021129816417378893e-10,-1.003343597362638207e+02
3.445207900000000000e+10,-4.009302340039009301e-10,-1.003471573435258648e+02
3.445907800000000000e+10,-3.997503793484641875e-10,-1.003599521608210807e+02
3.446607700000000000e+10,-3.985748641666277438e-10,-1.003727441894071717e+02
3.447307600000000000e+10,-3.974027241309247914e-10,-1.003855334305407894e+02
3.448007500000000000e+10,-3.962344414050887082e-10,-1.003983198854779602e+02
3.448707400000000000e+10,-3.950700159891195459e-10,-1.004111035554736731e+02
3.449407300000000000e+10,-3.939089657192839265e-10,-1.004238844417821355e+02
3.450107200000000000e+10,-3.927517727593151764e-10,-1.004366625456566311e+02
3.450807100000000000e+10,-3.915979549454799692e-10,-1.004494378683496052e+02
3.451507000000000000e+10,-3.904479944415116313e-10,-1.004622104111125367e+02
3.452206900000000000e+10,-3.893018912474102142e-10,-1.004749801751961797e+02
3.452906800000000000e+10,-3.881591631994422884e-10,-1.004877471618503506e+02
3.453606700000000000e+10,-3.870198102976078538e-10,-1.005005113723239418e+02
3.454306600000000000e+10,-3.858843147056403401e-10,-1.005132728078650644e+02
3.455006500000000000e+10,-3.847521942598063177e-10,-1.005260314697209054e+02
3.455706400000000000e+10,-3.836239311238392162e-10,-1.005387873591378138e+02
3.456406300000000000e+10,-3.824990431340055541e-10,-1.005515404773612715e+02
3.457106200000000000e+10,-3.813775302903054350e-10,-1.005642908256358794e+02
3.457806100000000000e+10,-3.802598747564721852e-10,-1.005770384052054283e+02
3.458506000000000000e+10,-3.791455943687724782e-10,-1.005897832173127568e+02
3.459205900000000000e+10,-3.780346891272062107e-10,-1.006025252631999081e+02
3.459905800000000000e+10,-3.769276411955068125e-10,-1.006152645441080153e+02
3.460605700000000000e+10,-3.758239684099409055e-10,-1.006280010612773879e+02
3.461305600000000000e+10,-3.747231886067752668e-10,-1.006407348159474964e+02
3.462005500000000000e+10,-3.736267482772096685e-10,-1.006534658093568879e+02
3.462705400000000000e+10,-3.725332009300442868e-10,-1.006661940427433137e+02
3.463405300000000000e+10,-3.714430287290124480e-10,-1.006789195173436156e+02
3.464105200000000000e+10,-3.703567138378473751e-10,-1.006916422343937825e+02
3.464805100000000000e+10,-3.692732919290824670e-10,-1.007043621951290504e+02
3.465505000000000000e+10,-3.681937273301844282e-10,-1.007170794007836037e+02
3.466204900000000000e+10,-3.671175378774198805e-10,-1.007297938525909728e+02
3.466904800000000000e+10,-3.660442414070554461e-10,-1.007425055517836938e+02
3.467604700000000000e+10,-3.649748022465578808e-10,-1.007552144995935635e+02
3.468304600000000000e+10,-3.639087382321937551e-10,-1.007679206972514265e+02
3.469004500000000000e+10,-3.628455672002297942e-10,-1.007806241459873320e+02
3.469704400000000000e+10,-3.617862534781326509e-10,-1.007933248470304335e+02
3.470404300000000000e+10,-3.607298327384356208e-10,-1.008060228016091173e+02
3.471104200000000000e+10,-3.596767871448720818e-10,-1.008187180109508319e+02
3.471804100000000000e+10,-3.586271166974420341e-10,-1.008314104762822012e+02
3.472504000000000000e+10,-3.575808213961454775e-10,-1.008441001988290964e+02
3.473203900000000000e+10,-3.565379012409823605e-10,-1.008567871798163935e+02
3.473903800000000000e+10,-3.554978740682193566e-10,-1.008694714204682157e+02
3.474603700000000000e+10,-3.544612220415897922e-10,-1.008821529220078048e+02
3.475303600000000000e+10,-3.534279451610937708e-10,-1.008948316856576355e+02
3.476003500000000000e+10,-3.523980434267311371e-10,-1.009075077126391875e+02
3.476703400000000000e+10,-3.513710346747687200e-10,-1.009201810041732585e+02
3.477403300000000000e+10,-3.503474010689396907e-10,-1.009328515614796800e+02
3.478103200000000000e+10,-3.493271426092441526e-10,-1.009455193857775157e+02
3.478803100000000000e+10,-3.483097771319487276e-10,-1.009581844782849913e+02
3.479503000000000000e+10,-3.472957868007867422e-10,-1.009708468402194512e+02
3.480202900000000000e+10,-3.462851716157581963e-10,-1.009835064727974583e+02
3.480902800000000000e+10,-3.452774494131297635e-10,-1.009961633772346659e+02
3.481602700000000000e+10,-3.442726201929014439e-10,-1.010088175547459741e+02
3.482302600000000000e+10,-3.432711661188066155e-10,-1.010214690065453453e+02
3.483002500000000000e+10,-3.422730871908451749e-10,-1.010341177338459886e+02
3.483702400000000000e+10,-3.412779012452838475e-10,-1.010467637378602603e+02
3.484402300000000000e+10,-3.402856082821226849e-10,-1.010594070197996928e+02
3.485102200000000000e+10,-3.392966904650949101e-10,-1.010720475808748944e+02
3.485802100000000000e+10,-3.383106656304672485e-10,-1.010846854222958200e+02
3.486502000000000000e+10,-3.373280159419729747e-10,-1.010973205452714154e+02
3.487201900000000000e+10,-3.363482592358789175e-10,-1.011099529510099160e+02
3.487901800000000000e+10,-3.353713955121848700e-10,-1.011225826407186617e+02
3.488601700000000000e+10,-3.343979069346242620e-10,-1.011352096156041824e+02
3.489301600000000000e+10,-3.334273113394637672e-10,-1.011478338768721841e+02
3.490001500000000000e+10,-3.324596087267033339e-10,-1.011604554257275481e+02
3.490701400000000000e+10,-3.314947990963429620e-10,-1.011730742633743176e+02
3.491401300000000000e+10,-3.305333646121160813e-10,-1.011856903910157257e+02
3.492101200000000000e+10,-3.295748231102892621e-10,-1.011983038098541670e+02
3.492801100000000000e+10,-3.286191745908626077e-10,-1.012109145210912402e+02
3.493501000000000000e+10,-3.276664190538359114e-10,-1.012235225259276348e+02
3.494200900000000000e+10,-3.267170386629427063e-10,-1.012361278255633437e+02
3.494900800000000000e+10,-3.257700690907162363e-10,-1.012487304211974504e+02
3.495600700000000000e+10,-3.248264746646231541e-10,-1.012613303140282284e+02
3.496300600000000000e+10,-3.238857732209301851e-10,-1.012739275052531838e+02
3.497000500000000000e+10,-3.229474825959039512e-10,-1.012865219960689274e+02
3.497700400000000000e+10,-3.220125671170111052e-10,-1.012991137876713168e+02
3.498400300000000000e+10,-3.210805446205183205e-10,-1.013117028812553286e+02
3.499100200000000000e+10,-3.201514151064257008e-10,-1.013242892780151863e+02
3.499800100000000000e+10,-3.192251785747330908e-10,-1.013368729791442604e+02
3.500500000000000000e+10,-3.183018350254405422e-10,-1.013494539858350976e+02
3.501199900000000000e+10,-3.173809022948147288e-10,-1.013620322992794200e+02
3.501899800000000000e+10,-3.164633447103223549e-10,-1.013746079206682396e+02
3.502599700000000000e+10,-3.155486801082299390e-10,-1.013871808511916299e+02
3.503299600000000000e+10,-3.146364263248043617e-10,-1.013997510920388549e+02
3.503999500000000000e+10,-3.137275476875121204e-10,-1.014123186443984679e+02
3.504699400000000000e+10,-3.128210798688866660e-10,-1.014248835094581267e+02
3.505399300000000000e+10,-3.119175050326612731e-10,-1.014374456884047220e+02
3.506099200000000000e+10,-3.110168231788358899e-10,-1.014500051824242917e+02
3.506799100000000000e+10,-3.101190343074106199e-10,-1.014625619927021063e+02
3.507499000000000000e+10,-3.092236562546519816e-10,-1.014751161204226264e+02
3.508198900000000000e+10,-3.083311711842935081e-10,-1.014876675667694315e+02
3.508898800000000000e+10,-3.074415790963349927e-10,-1.015002163329254614e+02
3.509598700000000000e+10,-3.065548799907765388e-10,-1.015127624200726331e+02
3.510298600000000000e+10,-3.056705917038849234e-10,-1.015253058293922095e+02
3.510998500000000000e+10,-3.047891963993932143e-10,-1.015378465620646296e+02
3.511698400000000000e+10,-3.039106940773016702e-10,-1.015503846192694937e+02
3.512398300000000000e+10,-3.030346025738767577e-10,-1.015629200021855780e+02
3.513098200000000000e+10,-3.021614040528519067e-10,-1.015754527119909625e+02
3.513798100000000000e+10,-3.012910985142271172e-10,-1.015879827498627606e+02
3.514498000000000000e+10,-3.004232037942690110e-10,-1.016005101169774889e+02
3.515197900000000000e+10,-2.995577198929776400e-10,-1.016130348145106552e+02
3.515897800000000000e+10,-2.986956111378196569e-10,-1.016255568436371135e+02
3.516597700000000000e+10,-2.978354310375950307e-10,-1.016380762055308793e+02
3.517297600000000000e+10,-2.969786260835037407e-10,-1.016505929013651723e+02
3.517997500000000000e+10,-2.961242319480792375e-10,-1.016631069323123739e+02
3.518697400000000000e+10,-2.952722486313213661e-10,-1.016756182995440980e+02
3.519397300000000000e+10,-2.944226761332302297e-10,-1.016881270042311911e+02
3.520097200000000000e+10,-2.935764787812724294e-10,-1.017006330475437039e+02
3.520797100000000000e+10,-2.927322100842480380e-10,-1.017131364306508488e+02
3.521497000000000000e+10,-2.918908343696237080e-10,-1.017256371547210279e+02
3.522196900000000000e+10,-2.910523516373993360e-10,-1.017381352209219472e+02
3.522896800000000000e+10,-2.902157975601083728e-10,-1.017506306304204458e+02
3.523596700000000000e+10,-2.893821364652174194e-10,-1.017631233843825953e+02
3.524296600000000000e+10,-2.885513683527264758e-10,-1.017756134839736291e+02
3.524996500000000000e+10,-2.877225288951689409e-10,-1.017881009303580981e+02
3.525696400000000000e+10,-2.868965824200114158e-10,-1.018005857246996868e+02
3.526396300000000000e+10,-2.860735289272539004e-10,-1.018130678681612551e+02
3.527096200000000000e+10,-2.852524040894297422e-10,-1.018255473619049951e+02
3.527796100000000000e+10,-2.844341722340056454e-10,-1.018380242070922037e+02
3.528496000000000000e+10,-2.836183511972481803e-10,-1.018504984048834388e+02
3.529195900000000000e+10,-2.828049409791574503e-10,-1.018629699564384197e+02
3.529895800000000000e+10,-2.819944237434667301e-10,-1.018754388629161980e+02
3.530595700000000000e+10,-2.811858351627093669e-10,-1.018879051254749868e+02
3.531295600000000000e+10,-2.803801395643520136e-10,-1.019003687452721039e+02
3.531995500000000000e+10,-2.795768547846612919e-10,-1.019128297234642275e+02
3.532695400000000000e+10,-2.787759808236373054e-10,-1.019252880612072687e+02
3.533395300000000000e+10,-2.779775176812800023e-10,-1.019377437596562004e+02
3.534095200000000000e+10,-2.771819475213227089e-10,-1.019501968199653561e+02
3.534795100000000000e+10,-2.763883060162988243e-10,-1.019626472432882736e+02
3.535495000000000000e+10,-2.755970753299415198e-10,-1.019750950307776094e+02
3.536194900000000000e+10,-2.748087376259842767e-10,-1.019875401835853950e+02
3.536894800000000000e+10,-2.740223285769603390e-10,-1.019999827028627379e+02
3.537594700000000000e+10,-2.732388125103364627e-10,-1.020124225897600923e+02
3.538294600000000000e+10,-2.724572250986458918e-10,-1.020248598454270734e+02
3.538994500000000000e+10,-2.716780485056220561e-10,-1.020372944710125296e+02
3.539694400000000000e+10,-2.709017648949981784e-10,-1.020497264676644988e+02
3.540394300000000000e+10,-2.701274099393076578e-10,-1.020621558365303230e+02
3.541094200000000000e+10,-2.693554658022837689e-10,-1.020745825787565195e+02
3.541794100000000000e+10,-2.685859324839266151e-10,-1.020870066954888244e+02
3.542494000000000000e+10,-2.678192921479693677e-10,-1.020994281878722632e+02
3.543193900000000000e+10,-2.670540983032122544e-10,-1.021118470570510226e+02
3.543893800000000000e+10,-2.662917974408550475e-10,-1.021242633041685508e+02
3.544593700000000000e+10,-2.655319073971645757e-10,-1.021366769303674857e+02
3.545293600000000000e+10,-2.647739460084074092e-10,-1.021490879367897833e+02
3.545993500000000000e+10,-2.640188776020502009e-10,-1.021614963245765892e+02
3.546693400000000000e+10,-2.632657378506263496e-10,-1.021739020948682395e+02
3.547393300000000000e+10,-2.625150089178691817e-10,-1.021863052488043593e+02
3.548093200000000000e+10,-2.617662086400453709e-10,-1.021987057875237639e+02
3.548793100000000000e+10,-2.610203013446214665e-10,-1.022111037121645296e+02
3.549493000000000000e+10,-2.602763227041309708e-10,-1.022234990238639796e+02
3.550192900000000000e+10,-2.595347548823071069e-10,-1.022358917237586553e+02
3.550892800000000000e+10,-2.587951157154166000e-10,-1.022482818129843309e+02
3.551592700000000000e+10,-2.580578873671927766e-10,-1.022606692926760275e+02
3.552292600000000000e+10,-2.573230698376355332e-10,-1.022730541639680411e+02
3.552992500000000000e+10,-2.565906631267449732e-10,-1.022854364279938011e+02
3.553692400000000000e+10,-2.558601850707877702e-10,-1.022978160858860832e+02
3.554392300000000000e+10,-2.551321178334971990e-10,-1.023101931387768389e+02
3.555092200000000000e+10,-2.544059792511399849e-10,-1.023225675877973373e+02
3.555792100000000000e+10,-2.536822514874494025e-10,-1.023349394340780094e+02
3.556492000000000000e+10,-2.529609345424255035e-10,-1.023473086787485329e+02
3.557191900000000000e+10,-2.522415462523349099e-10,-1.023596753229379033e+02
3.557891800000000000e+10,-2.515245687809108963e-10,-1.023720393677743061e+02
3.558591700000000000e+10,-2.508095199644202915e-10,-1.023844008143851170e+02
3.559291600000000000e+10,-2.500968819665963701e-10,-1.023967596638970292e+02
3.559991500000000000e+10,-2.493861726237057024e-10,-1.024091159174360399e+02
3.560691400000000000e+10,-2.486778740994816664e-10,-1.024214695761272935e+02
3.561391300000000000e+10,-2.479719863939243138e-10,-1.024338206410951244e+02
3.562091200000000000e+10,-2.472675451795669919e-10,-1.024461691134632986e+02
3.562791100000000000e+10,-2.465659969476095764e-10,-1.024585149943547151e+02
3.563491000000000000e+10,-2.458658952068521917e-10,-1.024708582848915341e+02
3.564190900000000000e+10,-2.451682042847614386e-10,-1.024831989861951342e+02
3.564890800000000000e+10,-2.444729241813373690e-10,-1.024955370993862402e+02
3.565590700000000000e+10,-2.437795727328465531e-10,-1.025078726255847386e+02
3.566290600000000000e+10,-2.430881499392890942e-10,-1.025202055659098050e+02
3.566990500000000000e+10,-2.423991379643982671e-10,-1.025325359214798766e+02
3.567690400000000000e+10,-2.417120546444407453e-10,-1.025448636934126228e+02
3.568390300000000000e+10,-2.410268999794165806e-10,-1.025571888828249598e+02
3.569090200000000000e+10,-2.403441561330589960e-10,-1.025695114908331220e+02
3.569790100000000000e+10,-2.396628587779014420e-10,-1.025818315185524767e+02
3.570490000000000000e+10,-2.389844544051438462e-10,-1.025941489670977802e+02
3.571189900000000000e+10,-2.383074965235862293e-10,-1.026064638375829361e+02
3.571889800000000000e+10,-2.376329494606952442e-10,-1.026187761311212512e+02
3.572589700000000000e+10,-2.369603310527375644e-10,-1.026310858488250801e+02
3.573289600000000000e+10,-2.362896412997131901e-10,-1.026433929918062802e+02
3.573989500000000000e+10,-2.356213623653554474e-10,-1.026556975611757281e+02
3.574689400000000000e+10,-2.349550120859310619e-10,-1.026679995580437321e+02
3.575389300000000000e+10,-2.342905904614399300e-10,-1.026802989835198048e+02
3.576089200000000000e+10,-2.336280974918821551e-10,-1.026925958387126769e+02
3.576789100000000000e+10,-2.329675331772576340e-10,-1.027048901247304258e+02
3.577489000000000000e+10,-2.323088975175664958e-10,-1.027171818426803611e+02
3.578188900000000000e+10,-2.316526726765419117e-10,-1.027294709936689969e+02
3.578888800000000000e+10,-2.309983764904506589e-10,-1.027417575788021793e+02
3.579588700000000000e+10,-2.303455267955594110e-10,-1.027540415991850580e+02
3.580288600000000000e+10,-2.296950879193347689e-10,-1.027663230559218590e+02
3.580988500000000000e+10,-2.290465776980434322e-10,-1.027786019501163395e+02
3.581688400000000000e+10,-2.283999961316854009e-10,-1.027908782828713328e+02
3.582388300000000000e+10,-2.277558253839939754e-10,-1.028031520552890044e+02
3.583088200000000000e+10,-2.271131011275025549e-10,-1.028154232684707523e+02
3.583788100000000000e+10,-2.264723055259444138e-10,-1.028276919235172926e+02
3.584488000000000000e+10,-2.258334385793196299e-10,-1.028399580215286448e+02
3.585187900000000000e+10,-2.251969824513613742e-10,-1.028522215636039618e+02
3.585887800000000000e+10,-2.245619728146031493e-10,-1.028644825508417853e+02
3.586587700000000000e+10,-2.239288918327782298e-10,-1.028767409843399037e+02
3.587287600000000000e+10,-2.232977395058866157e-10,-1.028889968651953382e+02
3.587987500000000000e+10,-2.226689979976615815e-10,-1.029012501945044562e+02
3.588687400000000000e+10,-2.220417029806365523e-10,-1.029135009733628578e+02
3.589387300000000000e+10,-2.214163366185448284e-10,-1.029257492028653473e+02
3.590087200000000000e+10,-2.207928989113864099e-10,-1.029379948841061179e+02
3.590787100000000000e+10,-2.201713898591612451e-10,-1.029502380181786094e+02
3.591487000000000000e+10,-2.195513272981360851e-10,-1.029624786061754662e+02
3.592186900000000000e+10,-2.189336755557775052e-10,-1.029747166491887498e+02
3.592886800000000000e+10,-2.183179524683522307e-10,-1.029869521483095980e+02
3.593586700000000000e+10,-2.177036758721269869e-10,-1.029991851046286655e+02
3.594286600000000000e+10,-2.170913279308349967e-10,-1.030114155192356407e+02
3.594986500000000000e+10,-2.164809086444762861e-10,-1.030236433932197428e+02
3.595686400000000000e+10,-2.158724180130508809e-10,-1.030358687276692251e+02
3.596386300000000000e+10,-2.152658560365587552e-10,-1.030480915236718147e+02
3.597086200000000000e+10,-2.146612227149999090e-10,-1.030603117823143720e+02
3.597786100000000000e+10,-2.140580358846410419e-10,-1.030725295046832315e+02
3.598486000000000000e+10,-2.134567777092155060e-10,-1.030847446918637758e+02
3.599185900000000000e+10,-2.128574481887231979e-10,-1.030969573449408188e+02
3.599885800000000000e+10,-2.122595651594309205e-10,-1.031091674649984355e+02
3.600585700000000000e+10,-2.116640929488051973e-10,-1.031213750531199764e+02
3.601285600000000000e+10,-2.110700672293794532e-10,-1.031335801103880954e+02
3.601985500000000000e+10,-2.104774880011536880e-10,-1.031457826378846221e+02
3.602685400000000000e+10,-2.098873195915945029e-10,-1.031579826366909174e+02
3.603385300000000000e+10,-2.092985976732353486e-10,-1.031701801078874041e+02
3.604085200000000000e+10,-2.087118044098094220e-10,-1.031823750525537662e+02
3.604785100000000000e+10,-2.081264576375834745e-10,-1.031945674717692185e+02
3.605485000000000000e+10,-2.075430395202908065e-10,-1.032067573666120666e+02
3.606184900000000000e+10,-2.069615500579314439e-10,-1.032189447381599479e+02
3.606884800000000000e+10,-2.063819892505053350e-10,-1.032311295874898462e+02
3.607584700000000000e+10,-2.058038749342792051e-10,-1.032433119156779071e+02
3.608284600000000000e+10,-2.052272071092530542e-10,-1.032554917237997358e+02
3.608984500000000000e+10,-2.046524679391601570e-10,-1.032676690129301420e+02
3.609684400000000000e+10,-2.040796574240005652e-10,-1.032798437841432104e+02
3.610384300000000000e+10,-2.035087755637742271e-10,-1.032920160385123722e+02
3.611084200000000000e+10,-2.029393401947478680e-10,-1.033041857771102769e+02
3.611784100000000000e+10,-2.023713513169214879e-10,-1.033163530010089630e+02
3.612484000000000000e+10,-2.018052910940283615e-10,-1.033285177112796873e+02
3.613183900000000000e+10,-2.012411595260684888e-10,-1.033406799089930246e+02
3.613883800000000000e+10,-2.006784744493085951e-10,-1.033528395952189385e+02
3.614583700000000000e+10,-2.001172358637487322e-10,-1.033649967710265116e+02
3.615283600000000000e+10,-1.995579259331220712e-10,-1.033771514374842440e+02
3.615983500000000000e+10,-1.990005446574287156e-10,-1.033893035956599533e+02
3.616683400000000000e+10,-1.984446098729352874e-10,-1.034014532466206759e+02
3.617383300000000000e+10,-1.978901215796418640e-10,-1.034136003914328086e+02
3.618083200000000000e+10,-1.973375619412816684e-10,-1.034257450311619806e+02
3.618783100000000000e+10,-1.967864487941214778e-10,-1.034378871668732245e+02
3.619483000000000000e+10,-1.962372643018945149e-10,-1.034500267996308054e+02
3.620182900000000000e+10,-1.956895263008675311e-10,-1.034621639304982779e+02
3.620882800000000000e+10,-1.951437169547738010e-10,-1.034742985605385570e+02
3.621582700000000000e+10,-1.945993540998800499e-10,-1.034864306908138190e+02
3.622282600000000000e+10,-1.940564377361862520e-10,-1.034985603223855577e+02
3.622982500000000000e+10,-1.935154500274257077e-10,-1.035106874563145709e+02
3.623682400000000000e+10,-1.929759088098651684e-10,-1.035228120936609599e+02
3.624382300000000000e+10,-1.924378140835045563e-10,-1.035349342354841156e+02
3.625082200000000000e+10,-1.919016480120771721e-10,-1.035470538828427891e+02
3.625782100000000000e+10,-1.913669284318497928e-10,-1.035591710367950071e+02
3.626482000000000000e+10,-1.908341375065556413e-10,-1.035712856983980288e+02
3.627181900000000000e+10,-1.903023109087281942e-10,-1.035833978687085732e+02
3.627881800000000000e+10,-1.897724129658339750e-10,-1.035955075487825781e+02
3.628581700000000000e+10,-1.892444436778730094e-10,-1.036076147396752845e+02
3.629281600000000000e+10,-1.887174387173786964e-10,-1.036197194424412942e+02
3.629981500000000000e+10,-1.881923624118176631e-10,-1.036318216581344132e+02
3.630681400000000000e+10,-1.876687325974565312e-10,-1.036439213878079215e+02
3.631381300000000000e+10,-1.871470314380287047e-10,-1.036560186325142183e+02
3.632081200000000000e+10,-1.866262946060675308e-10,-1.036681133933052621e+02
3.632781100000000000e+10,-1.861074864290396107e-10,-1.036802056712320734e+02
3.633481000000000000e+10,-1.855901247432116437e-10,-1.036922954673451756e+02
3.634180900000000000e+10,-1.850742095485836041e-10,-1.037043827826942959e+02
3.634880800000000000e+10,-1.845602230088888181e-10,-1.037164676183284655e+02
3.635580700000000000e+10,-1.840472007966607107e-10,-1.037285499752961613e+02
3.636280600000000000e+10,-1.835361072393658311e-10,-1.037406298546450500e+02
3.636980500000000000e+10,-1.830264601732709047e-10,-1.037527072574221307e+02
3.637680400000000000e+10,-1.825182595983759573e-10,-1.037647821846738339e+02
3.638380300000000000e+10,-1.820115055146809372e-10,-1.037768546374456946e+02
3.639080200000000000e+10,-1.815061979221858445e-10,-1.037889246167827935e+02
3.639780100000000000e+10,-1.810028189846240313e-10,-1.038009921237294577e+02
3.640480000000000000e+10,-1.805004043745288708e-10,-1.038130571593292188e+02
3.641179900000000000e+10,-1.799999184193669123e-10,-1.038251197246250683e+02
3.641879800000000000e+10,-1.795008789554049328e-10,-1.038371798206592302e+02
3.642579700000000000e+10,-1.790032859826429065e-10,-1.038492374484733887e+02
3.643279600000000000e+10,-1.785071395010808076e-10,-1.038612926091083466e+02
3.643979500000000000e+10,-1.780124395107186876e-10,-1.038733453036043954e+02
3.644679400000000000e+10,-1.775191860115564950e-10,-1.038853955330010876e+02
3.645379300000000000e+10,-1.770273790035942297e-10,-1.038974432983373077e+02
3.646079200000000000e+10,-1.765370184868319435e-10,-1.039094886006512013e+02
3.646779100000000000e+10,-1.760481044612695588e-10,-1.039215314409804023e+02
3.647479000000000000e+10,-1.755606369269071272e-10,-1.039335718203616921e+02
3.648178900000000000e+10,-1.750746158837446488e-10,-1.039456097398312977e+02
3.648878800000000000e+10,-1.745900413317821494e-10,-1.039576452004246789e+02
3.649578700000000000e+10,-1.741069132710195516e-10,-1.039696782031767270e+02
3.650278600000000000e+10,-1.736252317014569069e-10,-1.039817087491216512e+02
3.650978500000000000e+10,-1.731454787868274900e-10,-1.039937368392928363e+02
3.651678400000000000e+10,-1.726666901996647258e-10,-1.040057624747232126e+02
3.652378300000000000e+10,-1.721893481037018890e-10,-1.040177856564449144e+02
3.653078200000000000e+10,-1.717129703352057048e-10,-1.040298063854893797e+02
3.653778100000000000e+10,-1.712385212216427485e-10,-1.040418246628875067e+02
3.654478000000000000e+10,-1.707655185992797195e-10,-1.040538404896693976e+02
3.655177900000000000e+10,-1.702939624681166437e-10,-1.040658538668645718e+02
3.655877800000000000e+10,-1.698233706644202206e-10,-1.040778647955018386e+02
3.656577700000000000e+10,-1.693547075156570512e-10,-1.040898732766093531e+02
3.657277600000000000e+10,-1.688870086943604827e-10,-1.041018793112145886e+02
3.657977500000000000e+10,-1.684207563642638416e-10,-1.041138829003444073e+02
3.658677400000000000e+10,-1.679559505253671536e-10,-1.041258840450249750e+02
3.659377300000000000e+10,-1.674925911776703930e-10,-1.041378827462817185e+02
3.660077200000000000e+10,-1.670306783211735856e-10,-1.041498790051395105e+02
3.660777100000000000e+10,-1.665702119558767314e-10,-1.041618728226225699e+02
3.661477000000000000e+10,-1.661107099180464781e-10,-1.041738641997543624e+02
3.662176900000000000e+10,-1.656526543714161781e-10,-1.041858531375577144e+02
3.662876800000000000e+10,-1.651965274797191058e-10,-1.041978396370548978e+02
3.663576700000000000e+10,-1.647408827517553599e-10,-1.042098236992673321e+02
3.664276600000000000e+10,-1.642871666787248677e-10,-1.042218053252159535e+02
3.664976500000000000e+10,-1.638348970968942511e-10,-1.042337845159209451e+02
3.665676400000000000e+10,-1.633835918425303131e-10,-1.042457612724018787e+02
3.666376300000000000e+10,-1.629337330793663024e-10,-1.042577355956776728e+02
3.667076200000000000e+10,-1.624853208074022449e-10,-1.042697074867665208e+02
3.667776100000000000e+10,-1.620378728629048142e-10,-1.042816769466859625e+02
3.668476000000000000e+10,-1.615918714096072850e-10,-1.042936439764530405e+02
3.669175900000000000e+10,-1.611473164475097089e-10,-1.043056085770839161e+02
3.669875800000000000e+10,-1.607042079766120602e-10,-1.043175707495942106e+02
3.670575700000000000e+10,-1.602620638331810125e-10,-1.043295304949989770e+02
3.671275600000000000e+10,-1.598218483446832185e-10,-1.043414878143124014e+02
3.671975500000000000e+10,-1.593821150199187767e-10,-1.043534427085482434e+02
3.672675400000000000e+10,-1.589443103500875368e-10,-1.043653951787194103e+02
3.673375300000000000e+10,-1.585074700077229238e-10,-1.043773452258383116e+02
3.674075200000000000e+10,-1.580720761565582640e-10,-1.043892928509166325e+02
3.674775100000000000e+10,-1.576376466328602310e-10,-1.044012380549653756e+02
3.675475000000000000e+10,-1.572051457640953742e-10,-1.044131808389950038e+02
3.676174900000000000e+10,-1.567731270590638953e-10,-1.044251212040151984e+02
3.676874800000000000e+10,-1.563430370089656185e-10,-1.044370591510351005e+02
3.677574700000000000e+10,-1.559139112863339944e-10,-1.044489946810631409e+02
3.678274600000000000e+10,-1.554862320549022717e-10,-1.044609277951071249e+02
3.678974500000000000e+10,-1.550595171509371759e-10,-1.044728584941741758e+02
3.679674400000000000e+10,-1.546342487381720074e-10,-1.044847867792708627e+02
3.680374300000000000e+10,-1.542099446528734916e-10,-1.044967126514029871e+02
3.681074200000000000e+10,-1.537875692225081777e-10,-1.045086361115757541e+02
3.681774100000000000e+10,-1.533656759558761902e-10,-1.045205571607937998e+02
3.682474000000000000e+10,-1.529457113441774306e-10,-1.045324758000609791e+02
3.683173900000000000e+10,-1.525262288962119714e-10,-1.045443920303806067e+02
3.683873800000000000e+10,-1.521086751031797660e-10,-1.045563058527553011e+02
3.684573700000000000e+10,-1.516920856376141873e-10,-1.045682172681870981e+02
3.685273600000000000e+10,-1.512764604995152355e-10,-1.045801262776772944e+02
3.685973500000000000e+10,-1.508622818526161593e-10,-1.045920328822266185e+02
3.686673400000000000e+10,-1.504495496969170622e-10,-1.046039370828351309e+02
3.687373300000000000e+10,-1.500377818686845660e-10,-1.046158388805022668e+02
3.688073200000000000e+10,-1.496269783679186967e-10,-1.046277382762268360e+02
3.688773100000000000e+10,-1.492176213583527031e-10,-1.046396352710069522e+02
3.689473000000000000e+10,-1.488097108399866884e-10,-1.046515298658401321e+02
3.690172900000000000e+10,-1.484027646490872748e-10,-1.046634220617232245e+02
3.690872800000000000e+10,-1.479972649493877626e-10,-1.046753118596525098e+02
3.691572700000000000e+10,-1.475927295771549031e-10,-1.046871992606235580e+02
3.692272600000000000e+10,-1.471891585323886705e-10,-1.046990842656313419e+02
3.692972500000000000e+10,-1.467870339788223135e-10,-1.047109668756701240e+02
3.693672400000000000e+10,-1.463858737527226091e-10,-1.047228470917336693e+02
3.694372300000000000e+10,-1.459861600178228321e-10,-1.047347249148150041e+02
3.695072200000000000e+10,-1.455874106103896561e-10,-1.047466003459065007e+02
3.695772100000000000e+10,-1.451901076941564075e-10,-1.047584733859999915e+02
3.696472000000000000e+10,-1.447937691053897857e-10,-1.047703440360866267e+02
3.697171900000000000e+10,-1.443983948440897648e-10,-1.047822122971568746e+02
3.697871800000000000e+10,-1.440044670739896713e-10,-1.047940781702006916e+02
3.698571700000000000e+10,-1.436119857950894793e-10,-1.048059416562072386e+02
3.699271600000000000e+10,-1.432199866799226395e-10,-1.048178027561652215e+02
3.699971500000000000e+10,-1.428294340559556753e-10,-1.048296614710626073e+02
3.700671400000000000e+10,-1.424403279231886384e-10,-1.048415178018867095e+02
3.701371300000000000e+10,-1.420517039541549538e-10,-1.048533717496243298e+02
3.702071200000000000e+10,-1.416650086400544452e-10,-1.048652233152615310e+02
3.702771100000000000e+10,-1.412787954896872630e-10,-1.048770724997837362e+02
3.703471000000000000e+10,-1.408940288305200082e-10,-1.048889193041758858e+02
3.704170900000000000e+10,-1.405102264988193802e-10,-1.049007637294221951e+02
3.704870800000000000e+10,-1.401273884945853273e-10,-1.049126057765061404e+02
3.705570700000000000e+10,-1.397459969815512276e-10,-1.049244454464108003e+02
3.706270600000000000e+10,-1.393655697959837289e-10,-1.049362827401184717e+02
3.706970500000000000e+10,-1.389865891016161575e-10,-1.049481176586108546e+02
3.707670400000000000e+10,-1.386080905709818866e-10,-1.049599502028690381e+02
3.708370300000000000e+10,-1.382310385315475172e-10,-1.049717803738735427e+02
3.709070200000000000e+10,-1.378554329833131010e-10,-1.049836081726041357e+02
3.709770100000000000e+10,-1.374803095988119853e-10,-1.049954336000401156e+02
3.710470000000000000e+10,-1.371066327055107711e-10,-1.050072566571600134e+02
3.711169900000000000e+10,-1.367339201396761578e-10,-1.050190773449417918e+02
3.711869800000000000e+10,-1.363626540650414719e-10,-1.050308956643628449e+02
3.712569700000000000e+10,-1.359918701541401124e-10,-1.050427116163998988e+02
3.713269600000000000e+10,-1.356225327344386543e-10,-1.050545252020290263e+02
3.713969500000000000e+10,-1.352541596422037972e-10,-1.050663364222257883e+02
3.714669400000000000e+10,-1.348867508774355669e-10,-1.050781452779649925e+02
3.715369300000000000e+10,-1.345207886038672640e-10,-1.050899517702209494e+02
3.716069200000000000e+10,-1.341557906577655362e-10,-1.051017558999672161e+02
3.716769100000000000e+10,-1.337912748753971607e-10,-1.051135576681768669e+02
3.717469000000000000e+10,-1.334286877479619612e-10,-1.051253570758223077e+02
3.718168900000000000e+10,-1.330665827842600881e-10,-1.051371541238752911e+02
3.718868800000000000e+10,-1.327054421480248418e-10,-1.051489488133070154e+02
3.719568700000000000e+10,-1.323457480029894970e-10,-1.051607411450879965e+02
3.720268600000000000e+10,-1.319870181854207532e-10,-1.051725311201882107e+02
3.720968500000000000e+10,-1.316292526953186104e-10,-1.051843187395769377e+02
3.721668400000000000e+10,-1.312724515326830944e-10,-1.051961040042229172e+02
3.722368300000000000e+10,-1.309170968612475058e-10,-1.052078869150942353e+02
3.723068200000000000e+10,-1.305622243535451918e-10,-1.052196674731583670e+02
3.723768100000000000e+10,-1.302087983370428051e-10,-1.052314456793821904e+02
3.724468000000000000e+10,-1.298558544842737448e-10,-1.052432215347319868e+02
3.725167900000000000e+10,-1.295043571227045860e-10,-1.052549950401733270e+02
3.725867800000000000e+10,-1.291538240886020023e-10,-1.052667661966713553e+02
3.726567700000000000e+10,-1.288042553819660713e-10,-1.052785350051904203e+02
3.727267600000000000e+10,-1.284561331665300159e-10,-1.052903014666943449e+02
3.727967500000000000e+10,-1.281084931148272869e-10,-1.053020655821463691e+02
3.728667400000000000e+10,-1.277618173905911847e-10,-1.053138273525090938e+02
3.729367300000000000e+10,-1.274165881575549582e-10,-1.053255867787444515e+02
3.730067200000000000e+10,-1.270718410882520579e-10,-1.053373438618138493e+02
3.730767100000000000e+10,-1.267285405101490592e-10,-1.053490986026780973e+02
3.731467000000000000e+10,-1.263862042595126356e-10,-1.053608510022973235e+02
3.732166900000000000e+10,-1.260443501726095642e-10,-1.053726010616311726e+02
3.732866800000000000e+10,-1.257039425769063943e-10,-1.053843487816384368e+02
3.733566700000000000e+10,-1.253644993086698254e-10,-1.053960941632776525e+02
3.734266600000000000e+10,-1.250260203678998833e-10,-1.054078372075064749e+02
3.734966500000000000e+10,-1.246885057545965164e-10,-1.054195779152820336e+02
3.735666400000000000e+10,-1.243519554687597505e-10,-1.054313162875608754e+02
3.736366300000000000e+10,-1.240163695103896372e-10,-1.054430523252990071e+02
3.737066200000000000e+10,-1.236817478794860991e-10,-1.054547860294516681e+02
3.737766100000000000e+10,-1.233480905760491619e-10,-1.054665174009736575e+02
3.738466000000000000e+10,-1.230153976000788517e-10,-1.054782464408191061e+02
3.739165900000000000e+10,-1.226836689515751423e-10,-1.054899731499415196e+02
3.739865800000000000e+10,-1.223529046305380340e-10,-1.055016975292937929e+02
3.740565700000000000e+10,-1.220231046369675267e-10,-1.055134195798283088e+02
3.741265600000000000e+10,-1.216942689708636204e-10,-1.055251393024968252e+02
3.741965500000000000e+10,-1.213663976322263409e-10,-1.055368566982504035e+02
3.742665400000000000e+10,-1.210394906210556365e-10,-1.055485717680396505e+02
3.743365300000000000e+10,-1.207135479373515590e-10,-1.055602845128144196e+02
3.744065200000000000e+10,-1.203885695811140825e-10,-1.055719949335241239e+02
3.744765100000000000e+10,-1.200645555523432069e-10,-1.055837030311175084e+02
3.745465000000000000e+10,-1.197410236873056319e-10,-1.055954088065426504e+02
3.746164900000000000e+10,-1.194189383134679842e-10,-1.056071122607471722e+02
3.746864800000000000e+10,-1.190978172670969116e-10,-1.056188133946779715e+02
3.747564700000000000e+10,-1.187771783844591654e-10,-1.056305122092814486e+02
3.748264600000000000e+10,-1.184575038292880201e-10,-1.056422087055033501e+02
3.748964500000000000e+10,-1.181392757653167764e-10,-1.056539028842888541e+02
3.749664400000000000e+10,-1.178215298650788331e-10,-1.056655947465825562e+02
3.750364300000000000e+10,-1.175047482923074909e-10,-1.056772842933284267e+02
3.751064200000000000e+10,-1.171889310470027496e-10,-1.056889715254698672e+02
3.751764100000000000e+10,-1.168740781291646351e-10,-1.057006564439496685e+02
3.752464000000000000e+10,-1.165601895387930958e-10,-1.057123390497100672e+02
3.753163900000000000e+10,-1.162472652758881704e-10,-1.057240193436926745e+02
3.753863800000000000e+10,-1.159348231767165456e-10,-1.057356973268385190e+02
3.754563700000000000e+10,-1.156238275687448221e-10,-1.057473730000880607e+02
3.755263600000000000e+10,-1.153133141245064122e-10,-1.057590463643811205e+02
3.755963500000000000e+10,-1.150037650077346032e-10,-1.057707174206569931e+02
3.756663400000000000e+10,-1.146951802184293822e-10,-1.057823861698543197e+02
3.757363300000000000e+10,-1.143875597565907752e-10,-1.057940526129112584e+02
3.758063200000000000e+10,-1.140809036222187692e-10,-1.058057167507651855e+02
3.758763100000000000e+10,-1.137747296515800636e-10,-1.058173785843531505e+02
3.759463000000000000e+10,-1.134700021721412466e-10,-1.058290381146113930e+02
3.760162900000000000e+10,-1.131657568564357431e-10,-1.058406953424757262e+02
3.760862800000000000e+10,-1.128624758681968534e-10,-1.058523502688812528e+02
3.761562700000000000e+10,-1.125601592074245519e-10,-1.058640028947625353e+02
3.762262600000000000e+10,-1.122583247103855637e-10,-1.058756532210536392e+02
3.762962500000000000e+10,-1.119579367045464512e-10,-1.058873012486879048e+02
3.763662400000000000e+10,-1.116580308624406650e-10,-1.058989469785981754e+02
3.764362300000000000e+10,-1.113590893478014669e-10,-1.059105904117166688e+02
3.765062200000000000e+10,-1.110611121606288568e-10,-1.059222315489751054e+02
3.765762100000000000e+10,-1.107636171371895860e-10,-1.059338703913044810e+02
3.766462000000000000e+10,-1.104670864412168904e-10,-1.059455069396353508e+02
3.767161900000000000e+10,-1.101715200727108087e-10,-1.059571411948976163e+02
3.767861800000000000e+10,-1.098769180316713150e-10,-1.059687731580205963e+02
3.768561700000000000e+10,-1.095832803180984223e-10,-1.059804028299330412e+02
3.769261600000000000e+10,-1.092901247682588172e-10,-1.059920302115631472e+02
3.769961500000000000e+10,-1.089979335458858390e-10,-1.060036553038385279e+02
3.770661400000000000e+10,-1.087067066509794358e-10,-1.060152781076861572e+02
3.771361300000000000e+10,-1.084164440835396595e-10,-1.060268986240324978e+02
3.772061200000000000e+10,-1.081266636798331708e-10,-1.060385168538034151e+02
3.772761100000000000e+10,-1.078378476035932831e-10,-1.060501327979241921e+02
3.773461000000000000e+10,-1.075499958548199834e-10,-1.060617464573195576e+02
3.774160900000000000e+10,-1.072626262697799843e-10,-1.060733578329136293e+02
3.774860800000000000e+10,-1.069762210122065990e-10,-1.060849669256299563e+02
3.775560700000000000e+10,-1.066907800820998018e-10,-1.060965737363915764e+02
3.776260600000000000e+10,-1.064063034794596056e-10,-1.061081782661208308e+02
3.776960500000000000e+10,-1.061223090405527228e-10,-1.061197805157395777e+02
3.777660400000000000e+10,-1.058392789291124281e-10,-1.061313804861691494e+02
3.778360300000000000e+10,-1.055567309814054339e-10,-1.061429781783301394e+02
3.779060200000000000e+10,-1.052756295248983282e-10,-1.061545735931427430e+02
3.779760100000000000e+10,-1.049945280683912484e-10,-1.061661667315264310e+02
3.780460000000000000e+10,-1.047148731030840313e-10,-1.061777575944002479e+02
3.781159900000000000e+10,-1.044357003015101405e-10,-1.061893461826825700e+02
3.781859800000000000e+10,-1.041574918274028378e-10,-1.062009324972912481e+02
3.782559700000000000e+10,-1.038802476807621232e-10,-1.062125165391435360e+02
3.783259600000000000e+10,-1.036034856978547220e-10,-1.062240983091560906e+02
3.783959500000000000e+10,-1.033276880424138959e-10,-1.062356778082451285e+02
3.784659400000000000e+10,-1.030523725507063962e-10,-1.062472550373261129e+02
3.785359300000000000e+10,-1.027785035501987721e-10,-1.062588299973141091e+02
3.786059200000000000e+10,-1.025046345496911739e-10,-1.062704026891235003e+02
3.786759100000000000e+10,-1.022322120403834383e-10,-1.062819731136681156e+02
3.787459000000000000e+10,-1.019602716948090291e-10,-1.062935412718613435e+02
3.788158900000000000e+10,-1.016888135129679075e-10,-1.063051071646158050e+02
3.788858800000000000e+10,-1.014183196585933869e-10,-1.063166707928436807e+02
3.789558700000000000e+10,-1.011487901316854543e-10,-1.063282321574565970e+02
3.790258600000000000e+10,-1.008802249322441228e-10,-1.063397912593655974e+02
3.790958500000000000e+10,-1.006121418965360917e-10,-1.063513480994810720e+02
3.791658400000000000e+10,-1.003445410245613611e-10,-1.063629026787129703e+02
3.792358300000000000e+10,-1.000779044800532186e-10,-1.063744549979706022e+02
3.793058200000000000e+10,-9.981223226301167703e-11,-1.063860050581627803e+02
3.793758100000000000e+10,-9.954704220970343599e-11,-1.063975528601977203e+02
3.794458000000000000e+10,-9.928281648386178302e-11,-1.064090984049829842e+02
3.795157900000000000e+10,-9.901955508548673103e-11,-1.064206416934257788e+02
3.795857800000000000e+10,-9.875677585084496662e-11,-1.064321827264326146e+02
3.796557700000000000e+10,-9.849447877993652855e-11,-1.064437215049093481e+02
3.797257600000000000e+10,-9.823314603649466562e-11,-1.064552580297615094e+02
3.797957500000000000e+10,-9.797277762051939075e-11,-1.064667923018938609e+02
3.798657400000000000e+10,-9.771289136827742931e-11,-1.064783243222107814e+02
3.799357300000000000e+10,-9.745396944350205593e-11,-1.064898540916159533e+02
3.800057200000000000e+10,-9.719552968245998304e-11,-1.065013816110125191e+02
3.800757100000000000e+10,-9.693805424888449822e-11,-1.065129068813031523e+02
3.801457000000000000e+10,-9.668106097904232682e-11,-1.065244299033898585e+02
3.802156900000000000e+10,-9.642503203666673055e-11,-1.065359506781742027e+02
3.802856800000000000e+10,-9.616948525802444771e-11,-1.065474692065570963e+02
3.803556700000000000e+10,-9.591490280684874001e-11,-1.065589854894389390e+02
3.804256600000000000e+10,-9.566080251940634572e-11,-1.065704995277195337e+02
3.804956500000000000e+10,-9.540766655943055243e-11,-1.065820113222982002e+02
3.805656400000000000e+10,-9.515501276318803378e-11,-1.065935208740736471e+02
3.806356300000000000e+10,-9.490332329441212904e-11,-1.066050281839440572e+02
3.807056200000000000e+10,-9.465211598936951188e-11,-1.066165332528070309e+02
3.807756100000000000e+10,-9.440187301179348278e-11,-1.066280360815596708e+02
3.808456000000000000e+10,-9.415211219795076710e-11,-1.066395366710984547e+02
3.809155900000000000e+10,-9.390331571157462655e-11,-1.066510350223193484e+02
3.809855800000000000e+10,-9.365500138893179943e-11,-1.066625311361178063e+02
3.810555700000000000e+10,-9.340765139375556038e-11,-1.066740250133886292e+02
3.811255600000000000e+10,-9.316078356231260889e-11,-1.066855166550261771e+02
3.811955500000000000e+10,-9.291439789460295790e-11,-1.066970060619241849e+02
3.812655400000000000e+10,-9.266897655435990789e-11,-1.067084932349758475e+02
3.813355300000000000e+10,-9.242451954158343303e-11,-1.067199781750738623e+02
3.814055200000000000e+10,-9.218054469254027159e-11,-1.067314608831103016e+02
3.814755100000000000e+10,-9.193705200723041064e-11,-1.067429413599767543e+02
3.815455000000000000e+10,-9.169452364938713775e-11,-1.067544196065642268e+02
3.816154900000000000e+10,-9.145247745527713951e-11,-1.067658956237631998e+02
3.816854800000000000e+10,-9.121091342490046762e-11,-1.067773694124635995e+02
3.817554700000000000e+10,-9.097031372199038379e-11,-1.067888409735547839e+02
3.818254600000000000e+10,-9.073067834654687510e-11,-1.068003103079255709e+02
3.818954500000000000e+10,-9.049104297110337933e-11,-1.068117774164642952e+02
3.819654400000000000e+10,-9.025285408685977212e-11,-1.068232423000586380e+02
3.820354300000000000e+10,-9.001466520261616492e-11,-1.068347049595958254e+02
3.821054200000000000e+10,-8.977744064583914578e-11,-1.068461653959625153e+02
3.821754100000000000e+10,-8.954118041652871470e-11,-1.068576236100447829e+02
3.822454000000000000e+10,-8.930492018721828362e-11,-1.068690796027282488e+02
3.823153900000000000e+10,-8.907010644910774110e-11,-1.068805333748978512e+02
3.823853800000000000e+10,-8.883529271099721151e-11,-1.068919849274381448e+02
3.824553700000000000e+10,-8.860144330035325706e-11,-1.069034342612330306e+02
3.825253600000000000e+10,-8.836807605344261602e-11,-1.069148813771658979e+02
3.825953500000000000e+10,-8.813567313399853720e-11,-1.069263262761196387e+02
3.826653400000000000e+10,-8.790375237828777181e-11,-1.069377689589765339e+02
3.827353300000000000e+10,-8.767231378631029398e-11,-1.069492094266183528e+02
3.828053200000000000e+10,-8.744183952179943006e-11,-1.069606476799263675e+02
3.828753100000000000e+10,-8.721184742102184079e-11,-1.069720837197812102e+02
3.829453000000000000e+10,-8.698281964771083959e-11,-1.069835175470630872e+02
3.830152900000000000e+10,-8.675379187439985131e-11,-1.069949491626516505e+02
3.830852800000000000e+10,-8.652572842855545109e-11,-1.070063785674258980e+02
3.831552700000000000e+10,-8.629862931017763894e-11,-1.070178057622644161e+02
3.832252600000000000e+10,-8.607201235553311436e-11,-1.070292307480451939e+02
3.832952500000000000e+10,-8.584587756462190320e-11,-1.070406535256457516e+02
3.833652400000000000e+10,-8.562022493744396668e-11,-1.070520740959429418e+02
3.834352300000000000e+10,-8.539553663773263115e-11,-1.070634924598132613e+02
3.835052200000000000e+10,-8.517133050175458319e-11,-1.070749086181324969e+02
3.835752100000000000e+10,-8.494760652950984866e-11,-1.070863225717760088e+02
3.836452000000000000e+10,-8.472484688473168926e-11,-1.070977343216185886e+02
3.837151900000000000e+10,-8.450256940368683036e-11,-1.071091438685344599e+02
3.837851800000000000e+10,-8.428077408637524610e-11,-1.071205512133974338e+02
3.838551700000000000e+10,-8.405994309653027575e-11,-1.071319563570806110e+02
3.839251600000000000e+10,-8.383959427041858006e-11,-1.071433593004567228e+02
3.839951500000000000e+10,-8.361972760804019778e-11,-1.071547600443978752e+02
3.840651400000000000e+10,-8.340034310939511599e-11,-1.071661585897756908e+02
3.841351300000000000e+10,-8.318192293821660935e-11,-1.071775549374611671e+02
3.842051200000000000e+10,-8.296398493077137735e-11,-1.071889490883249323e+02
3.842751100000000000e+10,-8.274652908705947169e-11,-1.072003410432369321e+02
3.843451000000000000e+10,-8.253003757081414118e-11,-1.072117308030666436e+02
3.844150900000000000e+10,-8.231354605456881066e-11,-1.072231183686830747e+02
3.844850800000000000e+10,-8.209801886579008114e-11,-1.072345037409545512e+02
3.845550700000000000e+10,-8.188345600447791383e-11,-1.072458869207490437e+02
3.846250600000000000e+10,-8.166889314316577236e-11,-1.072572679089338976e+02
3.846950500000000000e+10,-8.145529460932020604e-11,-1.072686467063759324e+02
3.847650400000000000e+10,-8.124217823920794022e-11,-1.072800233139414274e+02
3.848350300000000000e+10,-8.102954403282896196e-11,-1.072913977324962502e+02
3.849050200000000000e+10,-8.081787415391657177e-11,-1.073027699629055292e+02
3.849750100000000000e+10,-8.060668643873749500e-11,-1.073141400060341368e+02
3.850450000000000000e+10,-8.039598088729169287e-11,-1.073255078627461643e+02
3.851149900000000000e+10,-8.018575749957917831e-11,-1.073368735339053472e+02
3.851849800000000000e+10,-7.997601627559997717e-11,-1.073482370203748104e+02
3.852549700000000000e+10,-7.976723937908735118e-11,-1.073595983230171811e+02
3.853249600000000000e+10,-7.955894464630801275e-11,-1.073709574426946460e+02
3.853949500000000000e+10,-7.935113207726198774e-11,-1.073823143802686673e+02
3.854649400000000000e+10,-7.914380167194925030e-11,-1.073936691366003799e+02
3.855349300000000000e+10,-7.893743559410307508e-11,-1.074050217125503224e+02
3.856049200000000000e+10,-7.873106951625693863e-11,-1.074163721089784644e+02
3.856749100000000000e+10,-7.852566776587736439e-11,-1.074277203267443497e+02
3.857449000000000000e+10,-7.832074817923110358e-11,-1.074390663667069248e+02
3.858148900000000000e+10,-7.811679292005139205e-11,-1.074504102297246106e+02
3.858848800000000000e+10,-7.791283766087170638e-11,-1.074617519166554160e+02
3.859548700000000000e+10,-7.770984672915860877e-11,-1.074730914283566818e+02
3.860248600000000000e+10,-7.750685579744551116e-11,-1.074844287656853936e+02
3.860948500000000000e+10,-7.730482919319900161e-11,-1.074957639294978406e+02
3.861648400000000000e+10,-7.710376691641906721e-11,-1.075070969206498859e+02
3.862348300000000000e+10,-7.690270463963914573e-11,-1.075184277399969091e+02
3.863048200000000000e+10,-7.670212452659251182e-11,-1.075297563883936789e+02
3.863748100000000000e+10,-7.650250874101246597e-11,-1.075410828666945804e+02
3.864448000000000000e+10,-7.630337511916570770e-11,-1.075524071757533164e+02
3.865147900000000000e+10,-7.610472366105223699e-11,-1.075637293164231778e+02
3.865847800000000000e+10,-7.590655436667206678e-11,-1.075750492895569437e+02
3.866547700000000000e+10,-7.570886723602519706e-11,-1.075863670960068248e+02
3.867247600000000000e+10,-7.551214443284490249e-11,-1.075976827366245914e+02
3.867947500000000000e+10,-7.531542162966462083e-11,-1.076089962122613883e+02
3.868647400000000000e+10,-7.511966315395091432e-11,-1.076203075237679627e+02
3.869347300000000000e+10,-7.492438684197049538e-11,-1.076316166719944363e+02
3.870047200000000000e+10,-7.472959269372337693e-11,-1.076429236577905613e+02
3.870747100000000000e+10,-7.453528070920955898e-11,-1.076542284820054221e+02
3.871447000000000000e+10,-7.434145088842901567e-11,-1.076655311454876767e+02
3.872146900000000000e+10,-7.414810323138177286e-11,-1.076768316490854716e+02
3.872846800000000000e+10,-7.395571990180110519e-11,-1.076881299936463989e+02
3.873546700000000000e+10,-7.376333657222046336e-11,-1.076994261800176105e+02
3.874246600000000000e+10,-7.357191757010638375e-11,-1.077107202090456184e+02
3.874946500000000000e+10,-7.338098073172560464e-11,-1.077220120815766222e+02
3.875646400000000000e+10,-7.319052605707812602e-11,-1.077333017984560968e+02
3.876346300000000000e+10,-7.300055354616392205e-11,-1.077445893605291758e+02
3.877046200000000000e+10,-7.281106319898301857e-11,-1.077558747686403962e+02
3.877746100000000000e+10,-7.262205501553540266e-11,-1.077671580236337689e+02
3.878446000000000000e+10,-7.243352899582110017e-11,-1.077784391263528931e+02
3.879145900000000000e+10,-7.224596730357335990e-11,-1.077897180776407851e+02
3.879845800000000000e+10,-7.205840561132561962e-11,-1.078009948783398784e+02
3.880545700000000000e+10,-7.187180824654446741e-11,-1.078122695292923368e+02
3.881245600000000000e+10,-7.168521088176332813e-11,-1.078235420313395707e+02
3.881945500000000000e+10,-7.149957784444875106e-11,-1.078348123853226070e+02
3.882645400000000000e+10,-7.131442697086748741e-11,-1.078460805920819894e+02
3.883345300000000000e+10,-7.112927609728622376e-11,-1.078573466524576645e+02
3.884045200000000000e+10,-7.094508955117152232e-11,-1.078686105672890818e+02
3.884745100000000000e+10,-7.076138516879013431e-11,-1.078798723374153354e+02
3.885445000000000000e+10,-7.057816295014202094e-11,-1.078911319636747805e+02
3.886144900000000000e+10,-7.039542289522720806e-11,-1.079023894469055023e+02
3.886844800000000000e+10,-7.021316500404568276e-11,-1.079136447879448895e+02
3.887544700000000000e+10,-7.003187144033074552e-11,-1.079248979876299330e+02
3.888244600000000000e+10,-6.985057787661580827e-11,-1.079361490467971265e+02
3.888944500000000000e+10,-6.966976647663415860e-11,-1.079473979662824235e+02
3.889644400000000000e+10,-6.948943724038580943e-11,-1.079586447469212516e+02
3.890344300000000000e+10,-6.931007233160402247e-11,-1.079698893895486549e+02
3.891044200000000000e+10,-6.913070742282224843e-11,-1.079811318949989953e+02
3.891744100000000000e+10,-6.895182467777377489e-11,-1.079923722641062795e+02
3.892444000000000000e+10,-6.877390626019187649e-11,-1.080036104977039884e+02
3.893143900000000000e+10,-6.859598784260997809e-11,-1.080148465966250342e+02
3.893843800000000000e+10,-6.841903375249466775e-11,-1.080260805617018747e+02
3.894543700000000000e+10,-6.824207966237934449e-11,-1.080373123937665412e+02
3.895243600000000000e+10,-6.806608989973060929e-11,-1.080485420936504681e+02
3.895943500000000000e+10,-6.789010013708187409e-11,-1.080597696621845500e+02
3.896643400000000000e+10,-6.771507470189972696e-11,-1.080709951001993687e+02
3.897343300000000000e+10,-6.754004926671757983e-11,-1.080822184085248097e+02
3.898043200000000000e+10,-6.736598815900200783e-11,-1.080934395879903605e+02
3.898743100000000000e+10,-6.719192705128643584e-11,-1.081046586394250397e+02
3.899443000000000000e+10,-6.701883027103745191e-11,-1.081158755636572835e+02
3.900142900000000000e+10,-6.684621565452175556e-11,-1.081270903615151013e+02
3.900842800000000000e+10,-6.667360103800607212e-11,-1.081383030338259630e+02
3.901542700000000000e+10,-6.650195074895695091e-11,-1.081495135814168975e+02
3.902242600000000000e+10,-6.633030045990782969e-11,-1.081607220051144083e+02
3.902942500000000000e+10,-6.615961449832529654e-11,-1.081719283057444727e+02
3.903642400000000000e+10,-6.598892853674277631e-11,-1.081831324841325568e+02
3.904342300000000000e+10,-6.581872473889353072e-11,-1.081943345411037996e+02
3.905042200000000000e+10,-6.564948526851087320e-11,-1.082055344774826438e+02
3.905742100000000000e+10,-6.548024579812821569e-11,-1.082167322940931342e+02
3.906442000000000000e+10,-6.531197065521213331e-11,-1.082279279917588468e+02
3.907141900000000000e+10,-6.514369551229605093e-11,-1.082391215713027890e+02
3.907841800000000000e+10,-6.497590253311326905e-11,-1.082503130335475419e+02
3.908541700000000000e+10,-6.480859171766377473e-11,-1.082615023793152318e+02
3.909241600000000000e+10,-6.464224522968085556e-11,-1.082726896094273314e+02
3.909941500000000000e+10,-6.447589874169793638e-11,-1.082838747247050151e+02
3.910641400000000000e+10,-6.431003441744831770e-11,-1.082950577259688174e+02
3.911341300000000000e+10,-6.414465225693197367e-11,-1.083062386140389037e+02
3.912041200000000000e+10,-6.397975226014893013e-11,-1.083174173897348425e+02
3.912741100000000000e+10,-6.381533442709917416e-11,-1.083285940538758325e+02
3.913441000000000000e+10,-6.365139875778271869e-11,-1.083397686072804902e+02
3.914140900000000000e+10,-6.348794525219953786e-11,-1.083509410507669486e+02
3.914840800000000000e+10,-6.332449174661636995e-11,-1.083621113851529003e+02
3.915540700000000000e+10,-6.316200256849977719e-11,-1.083732796112555263e+02
3.916240600000000000e+10,-6.299999555411647199e-11,-1.083844457298915245e+02
3.916940500000000000e+10,-6.283798853973316680e-11,-1.083956097418771094e+02
3.917640400000000000e+10,-6.267694585281643674e-11,-1.084067716480279842e+02
3.918340300000000000e+10,-6.251590316589973254e-11,-1.084179314491594113e+02
3.919040200000000000e+10,-6.235582480644957762e-11,-1.084290891460861701e+02
3.919740100000000000e+10,-6.219574644699943563e-11,-1.084402447396224858e+02
3.920440000000000000e+10,-6.203615025128259414e-11,-1.084513982305821287e+02
3.921139900000000000e+10,-6.187703621929902729e-11,-1.084625496197784571e+02
3.921839800000000000e+10,-6.171840435104876093e-11,-1.084736989080242751e+02
3.922539700000000000e+10,-6.156025464653176922e-11,-1.084848460961319319e+02
3.923239600000000000e+10,-6.140258710574806508e-11,-1.084959911849132368e+02
3.923939500000000000e+10,-6.124491956496437387e-11,-1.085071341751795870e+02
3.924639400000000000e+10,-6.108821635164727072e-11,-1.085182750677418539e+02
3.925339300000000000e+10,-6.093151313833015464e-11,-1.085294138634105252e+02
3.926039200000000000e+10,-6.077577425247961370e-11,-1.085405505629954348e+02
3.926739100000000000e+10,-6.062003536662908569e-11,-1.085516851673060330e+02
3.927439000000000000e+10,-6.046477864451184525e-11,-1.085628176771514006e+02
3.928138900000000000e+10,-6.031000408612787946e-11,-1.085739480933398795e+02
3.928838800000000000e+10,-6.015571169147722708e-11,-1.085850764166795557e+02
3.929538700000000000e+10,-6.000190146055984935e-11,-1.085962026479779894e+02
3.930238600000000000e+10,-5.984809122964247162e-11,-1.086073267880421440e+02
3.930938500000000000e+10,-5.969524532619166903e-11,-1.086184488376786561e+02
3.931638400000000000e+10,-5.954239942274087936e-11,-1.086295687976935938e+02
3.932338300000000000e+10,-5.939051784675666484e-11,-1.086406866688925845e+02
3.933038200000000000e+10,-5.923863627077243738e-11,-1.086518024520807728e+02
3.933738100000000000e+10,-5.908723685852151043e-11,-1.086629161480628056e+02
3.934438000000000000e+10,-5.893631961000387104e-11,-1.086740277576428753e+02
3.935137900000000000e+10,-5.878540236148623166e-11,-1.086851372816247050e+02
3.935837800000000000e+10,-5.863544944043518033e-11,-1.086962447208115492e+02
3.936537700000000000e+10,-5.848549651938411609e-11,-1.087073500760061222e+02
3.937237600000000000e+10,-5.833650792579962698e-11,-1.087184533480107262e+02
3.937937500000000000e+10,-5.818751933221514434e-11,-1.087295545376271662e+02
3.938637400000000000e+10,-5.803901290236395573e-11,-1.087406536456568062e+02
3.939337300000000000e+10,-5.789098863624604822e-11,-1.087517506729004992e+02
3.940037200000000000e+10,-5.774296437012814718e-11,-1.087628456201586147e+02
3.940737100000000000e+10,-5.759590443147682128e-11,-1.087739384882310958e+02
3.941437000000000000e+10,-5.744884449282549538e-11,-1.087850292779173174e+02
3.942136900000000000e+10,-5.730226671790745704e-11,-1.087961179900163842e+02
3.942836800000000000e+10,-5.715617110672271274e-11,-1.088072046253267189e+02
3.943536700000000000e+10,-5.701055765927124955e-11,-1.088182891846463463e+02
3.944236600000000000e+10,-5.686542637555308039e-11,-1.088293716687728363e+02
3.944936500000000000e+10,-5.672029509183491123e-11,-1.088404520785032759e+02
3.945636400000000000e+10,-5.657564597185002964e-11,-1.088515304146342828e+02
3.946336300000000000e+10,-5.643196117933172319e-11,-1.088626066779620203e+02
3.947036200000000000e+10,-5.628827638681341675e-11,-1.088736808692821256e+02
3.947736100000000000e+10,-5.614459159429511676e-11,-1.088847529893898667e+02
3.948436000000000000e+10,-5.600187112924338545e-11,-1.088958230390799429e+02
3.949135900000000000e+10,-5.585915066419166060e-11,-1.089068910191466557e+02
3.949835800000000000e+10,-5.571691236287322332e-11,-1.089179569303838093e+02
3.950535700000000000e+10,-5.557515622528808008e-11,-1.089290207735846963e+02
3.951235600000000000e+10,-5.543388225143621148e-11,-1.089400825495422254e+02
3.951935500000000000e+10,-5.529309044131763691e-11,-1.089511422590487655e+02
3.952635400000000000e+10,-5.515229863119906881e-11,-1.089621999028963160e+02
3.953335300000000000e+10,-5.501198898481378827e-11,-1.089732554818762651e+02
3.954035200000000000e+10,-5.487216150216179531e-11,-1.089843089967797312e+02
3.954735100000000000e+10,-5.473281618324308345e-11,-1.089953604483971219e+02
3.955435000000000000e+10,-5.459395302805766562e-11,-1.090064098375186177e+02
3.956134900000000000e+10,-5.445508987287224780e-11,-1.090174571649337736e+02
3.956834800000000000e+10,-5.431670888142011108e-11,-1.090285024314317468e+02
3.957534700000000000e+10,-5.417881005370127486e-11,-1.090395456378011971e+02
3.958234600000000000e+10,-5.404139338971571974e-11,-1.090505867848304149e+02
3.958934500000000000e+10,-5.390397672573017109e-11,-1.090616258733071078e+02
3.959634400000000000e+10,-5.376704222547789708e-11,-1.090726629040185571e+02
3.960334300000000000e+10,-5.363058988895892357e-11,-1.090836978777515611e+02
3.961034200000000000e+10,-5.349461971617323117e-11,-1.090947307952925627e+02
3.961734100000000000e+10,-5.335913170712083279e-11,-1.091057616574274505e+02
3.962434000000000000e+10,-5.322364369806843442e-11,-1.091167904649416585e+02
3.963133900000000000e+10,-5.308863785274932362e-11,-1.091278172186201658e+02
3.963833800000000000e+10,-5.295411417116349392e-11,-1.091388419192474828e+02
3.964533700000000000e+10,-5.282007265331095180e-11,-1.091498645676077075e+02
3.965233600000000000e+10,-5.268603113545841613e-11,-1.091608851644844549e+02
3.965933500000000000e+10,-5.255247178133916804e-11,-1.091719037106608141e+02
3.966633400000000000e+10,-5.241939459095321398e-11,-1.091829202069195048e+02
3.967333300000000000e+10,-5.228679956430053456e-11,-1.091939346540427493e+02
3.968033200000000000e+10,-5.215420453764786161e-11,-1.092049470528122868e+02
3.968733100000000000e+10,-5.202209167472848269e-11,-1.092159574040094867e+02
3.969433000000000000e+10,-5.189046097554237842e-11,-1.092269657084151788e+02
3.970132900000000000e+10,-5.175931244008956817e-11,-1.092379719668097806e+02
3.970832800000000000e+10,-5.162816390463675793e-11,-1.092489761799731696e+02
3.971532700000000000e+10,-5.149749753291723526e-11,-1.092599783486848537e+02
3.972232600000000000e+10,-5.136731332493100015e-11,-1.092709784737239147e+02
3.972932500000000000e+10,-5.123712911694477151e-11,-1.092819765558688516e+02
3.973632400000000000e+10,-5.110790923642511155e-11,-1.092929725958978082e+02
3.974332300000000000e+10,-5.097868935590545159e-11,-1.093039665945884451e+02
3.975032200000000000e+10,-5.084946947538579162e-11,-1.093149585527179681e+02
3.975732100000000000e+10,-5.072121392233270680e-11,-1.093259484710630858e+02
3.976432000000000000e+10,-5.059295836927961552e-11,-1.093369363504001797e+02
3.977131900000000000e+10,-5.046518497995982472e-11,-1.093479221915050772e+02
3.977831800000000000e+10,-5.033789375437331504e-11,-1.093589059951530942e+02
3.978531700000000000e+10,-5.021060252878680536e-11,-1.093698877621192196e+02
3.979231600000000000e+10,-5.008379346693358324e-11,-1.093808674931779734e+02
3.979931500000000000e+10,-4.995746656881364870e-11,-1.093918451891033499e+02
3.980631400000000000e+10,-4.983113967069371416e-11,-1.094028208506688884e+02
3.981331300000000000e+10,-4.970577710004035476e-11,-1.094137944786477732e+02
3.982031200000000000e+10,-4.957993236565370778e-11,-1.094247660738126910e+02
3.982731100000000000e+10,-4.945505195873363595e-11,-1.094357356369358314e+02
3.983431000000000000e+10,-4.933017155181356412e-11,-1.094467031687890000e+02
3.984130900000000000e+10,-4.920577330862677985e-11,-1.094576686701435335e+02
3.984830800000000000e+10,-4.908185722917328316e-11,-1.094686321417702857e+02
3.985530700000000000e+10,-4.895794114971978647e-11,-1.094795935844396695e+02
3.986230600000000000e+10,-4.883498939773285845e-11,-1.094905529989217285e+02
3.986930500000000000e+10,-4.871155548201264933e-11,-1.095015103859859096e+02
3.987630400000000000e+10,-4.858908589375900242e-11,-1.095124657464013751e+02
3.988330300000000000e+10,-4.846661630550536844e-11,-1.095234190809366908e+02
3.989030200000000000e+10,-4.834462888098502202e-11,-1.095343703903601096e+02
3.989730100000000000e+10,-4.822264145646467561e-11,-1.095453196754393588e+02
3.990430000000000000e+10,-4.810161835941089141e-11,-1.095562669369416540e+02
3.991129900000000000e+10,-4.798011309862383257e-11,-1.095672121756339266e+02
3.991829800000000000e+10,-4.785957216530334886e-11,-1.095781553922825537e+02
3.992529700000000000e+10,-4.773903123198286516e-11,-1.095890965876535148e+02
3.993229600000000000e+10,-4.761897246239565610e-11,-1.096000357625122632e+02
3.993929500000000000e+10,-4.749939585654174108e-11,-1.096109729176239256e+02
3.994629400000000000e+10,-4.737981925068782605e-11,-1.096219080537531170e+02
3.995329300000000000e+10,-4.726072480856719213e-11,-1.096328411716639550e+02
3.996029200000000000e+10,-4.714211253017985871e-11,-1.096437722721201879e+02
3.996729100000000000e+10,-4.702350025179251236e-11,-1.096547013558851802e+02
3.997429000000000000e+10,-4.690537013713846004e-11,-1.096656284237216425e+02
3.998128900000000000e+10,-4.678724002248440773e-11,-1.096765534763921437e+02
3.998828800000000000e+10,-4.667007423529692409e-11,-1.096874765146584849e+02
3.999528700000000000e+10,-4.655242628437615934e-11,-1.096983975392822970e+02
4.000228600000000000e+10,-4.643574266092195681e-11,-1.097093165510246280e+02
4.000928500000000000e+10,-4.631905903746777367e-11,-1.097202335506460571e+02
4.001628400000000000e+10,-4.620285757774686517e-11,-1.097311485389068650e+02
4.002328300000000000e+10,-4.608713828175923132e-11,-1.097420615165667215e+02
4.003028200000000000e+10,-4.597141898577161685e-11,-1.097529724843849550e+02
4.003728100000000000e+10,-4.585618185351727703e-11,-1.097638814431204821e+02
4.004428000000000000e+10,-4.574094472126294367e-11,-1.097747883935317361e+02
4.005127900000000000e+10,-4.562618975274189789e-11,-1.097856933363766245e+02
4.005827800000000000e+10,-4.551191694795412674e-11,-1.097965962724127849e+02
4.006527700000000000e+10,-4.539764414316636852e-11,-1.098074972023973004e+02
4.007227600000000000e+10,-4.528385350211189788e-11,-1.098183961270868565e+02
4.007927500000000000e+10,-4.517054502479070187e-11,-1.098292930472376838e+02
4.008627400000000000e+10,-4.505723654746951879e-11,-1.098401879636055867e+02
4.009327300000000000e+10,-4.494441023388161036e-11,-1.098510808769459288e+02
4.010027200000000000e+10,-4.483206608402698950e-11,-1.098619717880136051e+02
4.010727100000000000e+10,-4.471972193417238156e-11,-1.098728606975631692e+02
4.011427000000000000e+10,-4.460785994805104180e-11,-1.098837476063486349e+02
4.012126900000000000e+10,-4.449599796192972144e-11,-1.098946325151236181e+02
4.012826800000000000e+10,-4.438461813954166925e-11,-1.099055154246412940e+02
4.013526700000000000e+10,-4.427372048088691110e-11,-1.099163963356544116e+02
4.014226600000000000e+10,-4.416282282223215294e-11,-1.099272752489153220e+02
4.014926500000000000e+10,-4.405240732731068236e-11,-1.099381521651758220e+02
4.015626400000000000e+10,-4.394199183238921178e-11,-1.099490270851874527e+02
4.016326300000000000e+10,-4.383254066493430987e-11,-1.099599000097011583e+02
4.017026200000000000e+10,-4.372260733374613332e-11,-1.099707709394674993e+02
4.017726100000000000e+10,-4.361363833002451252e-11,-1.099816398752366524e+02
4.018426000000000000e+10,-4.350466932630289173e-11,-1.099925068177583114e+02
4.019125900000000000e+10,-4.339570032258128385e-11,-1.100033717677817577e+02
4.019825800000000000e+10,-4.328721348259295709e-11,-1.100142347260558751e+02
4.020525700000000000e+10,-4.317920880633791143e-11,-1.100250956933289928e+02
4.021225600000000000e+10,-4.307120413008287223e-11,-1.100359546703491418e+02
4.021925500000000000e+10,-4.296368161756111414e-11,-1.100468116578638700e+02
4.022625400000000000e+10,-4.285664126877263716e-11,-1.100576666566202846e+02
4.023325300000000000e+10,-4.274960091998417311e-11,-1.100685196673651092e+02
4.024025200000000000e+10,-4.264304273492899016e-11,-1.100793706908445557e+02
4.024725100000000000e+10,-4.253648454987380721e-11,-1.100902197278044383e+02
4.025425000000000000e+10,-4.243040852855190537e-11,-1.101010667789901873e+02
4.026124900000000000e+10,-4.232481467096328464e-11,-1.101119118451467784e+02
4.026824800000000000e+10,-4.221922081337467683e-11,-1.101227549270187325e+02
4.027524700000000000e+10,-4.211362695578606256e-11,-1.101335960253501867e+02
4.028224600000000000e+10,-4.200899742566402343e-11,-1.101444351408847808e+02
4.028924500000000000e+10,-4.190436789554198430e-11,-1.101552722743658137e+02
4.029624400000000000e+10,-4.179973836541993871e-11,-1.101661074265361009e+02
4.030324300000000000e+10,-4.169559099903118068e-11,-1.101769405981380032e+02
4.031024200000000000e+10,-4.159192579637571023e-11,-1.101877717899135547e+02
4.031724100000000000e+10,-4.148826059372023978e-11,-1.101986010026042919e+02
4.032424000000000000e+10,-4.138507755479805043e-11,-1.102094282369512825e+02
4.033123900000000000e+10,-4.128189451587587401e-11,-1.102202534936952958e+02
4.033823800000000000e+10,-4.117919364068697224e-11,-1.102310767735765182e+02
4.034523700000000000e+10,-4.107649276549807046e-11,-1.102418980773349091e+02
4.035223600000000000e+10,-4.097427405404246272e-11,-1.102527174057097739e+02
4.035923500000000000e+10,-4.087253750632012962e-11,-1.102635347594401480e+02
4.036623400000000000e+10,-4.077080095859779652e-11,-1.102743501392646266e+02
4.037323300000000000e+10,-4.066954657460875746e-11,-1.102851635459213497e+02
4.038023200000000000e+10,-4.056829219061971193e-11,-1.102959749801480314e+02
4.038723100000000000e+10,-4.046751997036396044e-11,-1.103067844426819875e+02
4.039423000000000000e+10,-4.036674775010820248e-11,-1.103175919342600366e+02
4.040122900000000000e+10,-4.026645769358573209e-11,-1.103283974556187275e+02
4.040822800000000000e+10,-4.016664980079653635e-11,-1.103392010074939833e+02
4.041522700000000000e+10,-4.006684190800735353e-11,-1.103500025906215285e+02
4.042222600000000000e+10,-3.996703401521815779e-11,-1.103608022057365048e+02
4.042922500000000000e+10,-3.986819044989554365e-11,-1.103715998535736276e+02
4.043622400000000000e+10,-3.976886472083964194e-11,-1.103823955348673422e+02
4.044322300000000000e+10,-3.967050331925030891e-11,-1.103931892503514973e+02
4.045022200000000000e+10,-3.957165975392769477e-11,-1.104039810007596287e+02
4.045722100000000000e+10,-3.947378051607164284e-11,-1.104147707868248460e+02
4.046422000000000000e+10,-3.937590127821559738e-11,-1.104255586092797614e+02
4.047121900000000000e+10,-3.927802204035955192e-11,-1.104363444688566886e+02
4.047821800000000000e+10,-3.918062496623679402e-11,-1.104471283662874015e+02
4.048521700000000000e+10,-3.908371005584731724e-11,-1.104579103023033468e+02
4.049221600000000000e+10,-3.898679514545784045e-11,-1.104686902776355026e+02
4.049921500000000000e+10,-3.888988023506835721e-11,-1.104794682930144063e+02
4.050621400000000000e+10,-3.879344748841217445e-11,-1.104902443491702968e+02
4.051321300000000000e+10,-3.869749690548926635e-11,-1.105010184468328589e+02
4.052021200000000000e+10,-3.860154632256635824e-11,-1.105117905867314079e+02
4.052721100000000000e+10,-3.850607790337673770e-11,-1.105225607695948611e+02
4.053421000000000000e+10,-3.841060948418711716e-11,-1.105333289961517380e+02
4.054120900000000000e+10,-3.831562322873077774e-11,-1.105440952671300892e+02
4.054820800000000000e+10,-3.822063697327443831e-11,-1.105548595832575529e+02
4.055520700000000000e+10,-3.812613288155138645e-11,-1.105656219452613840e+02
4.056220600000000000e+10,-3.803162878982833459e-11,-1.105763823538684392e+02
4.056920500000000000e+10,-3.793760686183857030e-11,-1.105871408098050921e+02
4.057620400000000000e+10,-3.784358493384879954e-11,-1.105978973137973469e+02
4.058320300000000000e+10,-3.775004516959232282e-11,-1.106086518665707956e+02
4.059020200000000000e+10,-3.765698756906911429e-11,-1.106194044688506040e+02
4.059720100000000000e+10,-3.756392996854591868e-11,-1.106301551213615824e+02
4.060420000000000000e+10,-3.747087236802272306e-11,-1.106409038248279586e+02
4.061119900000000000e+10,-3.737829693123281502e-11,-1.106516505799737757e+02
4.061819800000000000e+10,-3.728572149444290052e-11,-1.106623953875225510e+02
4.062519700000000000e+10,-3.719362822138627358e-11,-1.106731382481972759e+02
4.063219600000000000e+10,-3.710201711206292776e-11,-1.106838791627207286e+02
4.063919500000000000e+10,-3.701040600273958193e-11,-1.106946181318152043e+02
4.064619400000000000e+10,-3.691879489341624257e-11,-1.107053551562025575e+02
4.065319300000000000e+10,-3.682766594782618431e-11,-1.107160902366042308e+02
4.066019200000000000e+10,-3.673701916596940070e-11,-1.107268233737413112e+02
4.066719100000000000e+10,-3.664637238411262355e-11,-1.107375545683344029e+02
4.067419000000000000e+10,-3.655572560225585932e-11,-1.107482838211037546e+02
4.068118900000000000e+10,-3.646556098413236328e-11,-1.107590111327691886e+02
4.068818800000000000e+10,-3.637587852974216127e-11,-1.107697365040500870e+02
4.069518700000000000e+10,-3.628571391161867169e-11,-1.107804599356654762e+02
4.070218600000000000e+10,-3.619651362096175079e-11,-1.107911814283339709e+02
4.070918500000000000e+10,-3.610731333030482989e-11,-1.108019009827737307e+02
4.071618400000000000e+10,-3.601811303964790899e-11,-1.108126185997025601e+02
4.072318300000000000e+10,-3.592939491272426919e-11,-1.108233342798378231e+02
4.073018200000000000e+10,-3.584115894953391697e-11,-1.108340480238964574e+02
4.073718100000000000e+10,-3.575244082261028364e-11,-1.108447598325950167e+02
4.074418000000000000e+10,-3.566468702315321252e-11,-1.108554697066496573e+02
4.075117900000000000e+10,-3.557693322369614141e-11,-1.108661776467761229e+02
4.075817800000000000e+10,-3.548917942423907675e-11,-1.108768836536897737e+02
4.076517700000000000e+10,-3.540190778851529321e-11,-1.108875877281055011e+02
4.077217600000000000e+10,-3.531463615279150966e-11,-1.108982898707378695e+02
4.077917500000000000e+10,-3.522784668080100722e-11,-1.109089900823009742e+02
4.078617400000000000e+10,-3.514105720881050478e-11,-1.109196883635085555e+02
4.079317300000000000e+10,-3.505474990055328991e-11,-1.109303847150738562e+02
4.080017200000000000e+10,-3.496844259229607504e-11,-1.109410791377098633e+02
4.080717100000000000e+10,-3.488261744777214128e-11,-1.109517716321290806e+02
4.081417000000000000e+10,-3.479679230324821398e-11,-1.109624621990435287e+02
4.082116900000000000e+10,-3.471096715872428669e-11,-1.109731508391649299e+02
4.082816800000000000e+10,-3.462562417793364049e-11,-1.109838375532046086e+02
4.083516700000000000e+10,-3.454076336087626895e-11,-1.109945223418734628e+02
4.084216600000000000e+10,-3.445590254381891033e-11,-1.110052052058819356e+02
4.084916500000000000e+10,-3.437104172676154524e-11,-1.110158861459401436e+02
4.085616400000000000e+10,-3.428666307343746773e-11,-1.110265651627577483e+02
4.086316300000000000e+10,-3.420276658384666486e-11,-1.110372422570440420e+02
4.087016200000000000e+10,-3.411887009425587492e-11,-1.110479174295079332e+02
4.087716100000000000e+10,-3.403497360466507851e-11,-1.110585906808578329e+02
4.088416000000000000e+10,-3.395155927880756321e-11,-1.110692620118018823e+02
4.089115900000000000e+10,-3.386814495295005438e-11,-1.110799314230477535e+02
4.089815800000000000e+10,-3.378521279082582665e-11,-1.110905989153026638e+02
4.090515700000000000e+10,-3.370228062870159892e-11,-1.111012644892736034e+02
4.091215600000000000e+10,-3.361934846657737766e-11,-1.111119281456669370e+02
4.091915500000000000e+10,-3.353689846818643104e-11,-1.111225898851888587e+02
4.092615400000000000e+10,-3.345493063352876552e-11,-1.111332497085449376e+02
4.093315300000000000e+10,-3.337296279887110647e-11,-1.111439076164405435e+02
4.094015200000000000e+10,-3.329099496421344742e-11,-1.111545636095805207e+02
4.094715100000000000e+10,-3.320950929328907594e-11,-1.111652176886693724e+02
4.095415000000000000e+10,-3.312802362236469800e-11,-1.111758698544111894e+02
4.096114900000000000e+10,-3.304702011517360762e-11,-1.111865201075096650e+02
4.096814800000000000e+10,-3.296601660798251079e-11,-1.111971684486680942e+02
4.097514700000000000e+10,-3.288549526452470152e-11,-1.112078148785893745e+02
4.098214600000000000e+10,-3.280497392106689872e-11,-1.112184593979760052e+02
4.098914500000000000e+10,-3.272445257760908946e-11,-1.112291020075300878e+02
4.099614400000000000e+10,-3.264441339788456130e-11,-1.112397427079533685e+02
4.100314300000000000e+10,-3.256485638189332071e-11,-1.112503814999471672e+02
4.101014200000000000e+10,-3.248481720216879901e-11,-1.112610183842123490e+02
4.101714100000000000e+10,-3.240574234991083953e-11,-1.112716533614495233e+02
4.102414000000000000e+10,-3.232618533391959895e-11,-1.112822864323587169e+02
4.103113900000000000e+10,-3.224711048166163947e-11,-1.112929175976397573e+02
4.103813800000000000e+10,-3.216851779313696756e-11,-1.113035468579919751e+02
4.104513700000000000e+10,-3.208992510461228918e-11,-1.113141742141142743e+02
4.105213600000000000e+10,-3.201133241608761727e-11,-1.113247996667053030e+02
4.105913500000000000e+10,-3.193322189129622647e-11,-1.113354232164631128e+02
4.106613400000000000e+10,-3.185511136650483567e-11,-1.113460448640855560e+02
4.107313300000000000e+10,-3.177748300544672597e-11,-1.113566646102699877e+02
4.108013200000000000e+10,-3.169985464438862274e-11,-1.113672824557134078e+02
4.108713100000000000e+10,-3.162222628333051951e-11,-1.113778984011124180e+02
4.109413000000000000e+10,-3.154508008600569092e-11,-1.113885124471631940e+02
4.110112900000000000e+10,-3.146841605241414990e-11,-1.113991245945615702e+02
4.110812800000000000e+10,-3.139126985508932778e-11,-1.114097348440029691e+02
4.111512700000000000e+10,-3.131460582149778676e-11,-1.114203431961824009e+02
4.112212600000000000e+10,-3.123842395163953331e-11,-1.114309496517945917e+02
4.112912500000000000e+10,-3.116224208178127340e-11,-1.114415542115336848e+02
4.113612400000000000e+10,-3.108606021192301350e-11,-1.114521568760935821e+02
4.114312300000000000e+10,-3.101036050579804116e-11,-1.114627576461677734e+02
4.115012200000000000e+10,-3.093466079967306882e-11,-1.114733565224493503e+02
4.115712100000000000e+10,-3.085944325728137758e-11,-1.114839535056310496e+02
4.116412000000000000e+10,-3.078422571488968635e-11,-1.114945485964050533e+02
4.117111900000000000e+10,-3.070949033623127623e-11,-1.115051417954633592e+02
4.117811800000000000e+10,-3.063475495757287257e-11,-1.115157331034974959e+02
4.118511700000000000e+10,-3.056001957891446890e-11,-1.115263225211986367e+02
4.119211600000000000e+10,-3.048528420025605878e-11,-1.115369100492574717e+02
4.119911500000000000e+10,-3.041151314906421733e-11,-1.115474956883644211e+02
4.120611400000000000e+10,-3.033725993413909478e-11,-1.115580794392094504e+02
4.121311300000000000e+10,-3.026348888294725333e-11,-1.115686613024821270e+02
4.122011200000000000e+10,-3.018971783175541835e-11,-1.115792412788717201e+02
4.122711100000000000e+10,-3.011642894429685801e-11,-1.115898193690670155e+02
4.123411000000000000e+10,-3.004314005683829767e-11,-1.116003955737564866e+02
4.124110900000000000e+10,-2.996985116937973733e-11,-1.116109698936281660e+02
4.124810800000000000e+10,-2.989704444565446456e-11,-1.116215423293697029e+02
4.125510700000000000e+10,-2.982471988566247290e-11,-1.116321128816684194e+02
4.126210600000000000e+10,-2.975191316193720013e-11,-1.116426815512111546e+02
4.126910500000000000e+10,-2.967958860194520847e-11,-1.116532483386845200e+02
4.127610400000000000e+10,-2.960774620568649791e-11,-1.116638132447745875e+02
4.128310300000000000e+10,-2.953542164569450625e-11,-1.116743762701671159e+02
4.129010200000000000e+10,-2.946406141316908327e-11,-1.116849374155474379e+02
4.129710100000000000e+10,-2.939221901691037271e-11,-1.116954966816006021e+02
4.130410000000000000e+10,-2.932085878438494973e-11,-1.117060540690111878e+02
4.131109900000000000e+10,-2.924998071559280139e-11,-1.117166095784633910e+02
4.131809800000000000e+10,-2.917862048306737841e-11,-1.117271632106410379e+02
4.132509700000000000e+10,-2.910822457800851764e-11,-1.117377149662276423e+02
4.133209600000000000e+10,-2.903734650921637899e-11,-1.117482648459062204e+02
4.133909500000000000e+10,-2.896695060415752146e-11,-1.117588128503594902e+02
4.134609400000000000e+10,-2.889655469909866069e-11,-1.117693589802697574e+02
4.135309300000000000e+10,-2.882664095777308103e-11,-1.117799032363189582e+02
4.136009200000000000e+10,-2.875672721644750783e-11,-1.117904456191886453e+02
4.136709100000000000e+10,-2.868681347512192817e-11,-1.118009861295599592e+02
4.137409000000000000e+10,-2.861738189752963284e-11,-1.118115247681137419e+02
4.138108900000000000e+10,-2.854795031993734075e-11,-1.118220615355303380e+02
4.138808800000000000e+10,-2.847900090607832654e-11,-1.118325964324898223e+02
4.139508700000000000e+10,-2.841005149221931556e-11,-1.118431294596719141e+02
4.140208600000000000e+10,-2.834110207836030457e-11,-1.118536606177557644e+02
4.140908500000000000e+10,-2.827263482823457470e-11,-1.118641899074202826e+02
4.141608400000000000e+10,-2.820416757810884805e-11,-1.118747173293441080e+02
4.142308300000000000e+10,-2.813570032798312141e-11,-1.118852428842052547e+02
4.143008200000000000e+10,-2.806771524159067264e-11,-1.118957665726815662e+02
4.143708100000000000e+10,-2.799973015519822710e-11,-1.119062883954503889e+02
4.144408000000000000e+10,-2.793222723253906267e-11,-1.119168083531887135e+02
4.145107900000000000e+10,-2.786472430987990147e-11,-1.119273264465732609e+02
4.145807800000000000e+10,-2.779722138722073381e-11,-1.119378426762801979e+02
4.146507700000000000e+10,-2.772971846456157262e-11,-1.119483570429854353e+02
4.147207600000000000e+10,-2.766269770563569253e-11,-1.119588695473644577e+02
4.147907500000000000e+10,-2.759615911044309354e-11,-1.119693801900924655e+02
4.148607400000000000e+10,-2.752913835151721345e-11,-1.119798889718441472e+02
4.149307300000000000e+10,-2.746259975632461447e-11,-1.119903958932938934e+02
4.150007200000000000e+10,-2.739654332486529659e-11,-1.120009009551157249e+02
4.150707100000000000e+10,-2.733048689340598518e-11,-1.120114041579832644e+02
4.151407000000000000e+10,-2.726443046194666731e-11,-1.120219055025697941e+02
4.152106900000000000e+10,-2.719837403048735266e-11,-1.120324049895481551e+02
4.152806800000000000e+10,-2.713279976276131912e-11,-1.120429026195908762e+02
4.153506700000000000e+10,-2.706722549503528882e-11,-1.120533983933701165e+02
4.154206600000000000e+10,-2.700213339104253639e-11,-1.120638923115575949e+02
4.154906500000000000e+10,-2.693655912331650285e-11,-1.120743843748247457e+02
4.155606400000000000e+10,-2.687194918305703153e-11,-1.120848745838425486e+02
4.156306300000000000e+10,-2.680685707906428557e-11,-1.120953629392816993e+02
4.157006200000000000e+10,-2.674224713880481425e-11,-1.121058494418124667e+02
4.157706100000000000e+10,-2.667763719854534939e-11,-1.121163340921046938e+02
4.158406000000000000e+10,-2.661350942201916240e-11,-1.121268168908279819e+02
4.159105900000000000e+10,-2.654938164549297542e-11,-1.121372978386514632e+02
4.159805800000000000e+10,-2.648525386896679167e-11,-1.121477769362439290e+02
4.160505700000000000e+10,-2.642160825617388903e-11,-1.121582541842737868e+02
4.161205600000000000e+10,-2.635796264338098315e-11,-1.121687295834091458e+02
4.161905500000000000e+10,-2.629431703058807728e-11,-1.121792031343176319e+02
4.162605400000000000e+10,-2.623115358152845574e-11,-1.121896748376665869e+02
4.163305300000000000e+10,-2.616799013246883744e-11,-1.122001446941229261e+02
4.164005200000000000e+10,-2.610482668340921267e-11,-1.122106127043532098e+02
4.164705100000000000e+10,-2.604214539808287547e-11,-1.122210788690237280e+02
4.165405000000000000e+10,-2.597946411275653828e-11,-1.122315431888002308e+02
4.166104900000000000e+10,-2.591678282743019785e-11,-1.122420056643482269e+02
4.166804800000000000e+10,-2.585458370583713853e-11,-1.122524662963327842e+02
4.167504700000000000e+10,-2.579238458424408244e-11,-1.122629250854186864e+02
4.168204600000000000e+10,-2.573018546265102958e-11,-1.122733820322702769e+02
4.168904500000000000e+10,-2.566846850479125460e-11,-1.122838371375515152e+02
4.169604400000000000e+10,-2.560675154693147638e-11,-1.122942904019261050e+02
4.170304300000000000e+10,-2.554503458907170140e-11,-1.123047418260572954e+02
4.171004200000000000e+10,-2.548379979494521076e-11,-1.123151914106078948e+02
4.171704100000000000e+10,-2.542256500081871688e-11,-1.123256391562405696e+02
4.172404000000000000e+10,-2.536133020669222624e-11,-1.123360850636173893e+02
4.173103900000000000e+10,-2.530057757629901024e-11,-1.123465291334002103e+02
4.173803800000000000e+10,-2.523982494590580394e-11,-1.123569713662504768e+02
4.174503700000000000e+10,-2.517907231551259117e-11,-1.123674117628292208e+02
4.175203600000000000e+10,-2.511880184885266598e-11,-1.123778503237971762e+02
4.175903500000000000e+10,-2.505853138219273432e-11,-1.123882870498146644e+02
4.176603400000000000e+10,-2.499826091553280912e-11,-1.123987219415417229e+02
4.177303300000000000e+10,-2.493847261260615857e-11,-1.124091549996378774e+02
4.178003200000000000e+10,-2.487868430967951448e-11,-1.124195862247624689e+02
4.178703100000000000e+10,-2.481889600675286393e-11,-1.124300156175742700e+02
4.179403000000000000e+10,-2.475958986755950418e-11,-1.124404431787320107e+02
4.180102900000000000e+10,-2.469980156463285686e-11,-1.124508689088936677e+02
4.180802800000000000e+10,-2.464097758917277175e-11,-1.124612928087171042e+02
4.181502700000000000e+10,-2.458167144997940877e-11,-1.124717148788597711e+02
4.182202600000000000e+10,-2.452284747451932690e-11,-1.124821351199787358e+02
4.182902500000000000e+10,-2.446402349905924179e-11,-1.124925535327307102e+02
4.183602400000000000e+10,-2.440568168733244103e-11,-1.125029701177720654e+02
4.184302300000000000e+10,-2.434685771187236238e-11,-1.125133848757588027e+02
4.185002200000000000e+10,-2.428851590014556162e-11,-1.125237978073465399e+02
4.185702100000000000e+10,-2.423065625215203873e-11,-1.125342089131905254e+02
4.186402000000000000e+10,-2.417231444042524442e-11,-1.125446181939457233e+02
4.187101900000000000e+10,-2.411445479243172477e-11,-1.125550256502666286e+02
4.187801800000000000e+10,-2.405707730817148298e-11,-1.125654312828075092e+02
4.188501700000000000e+10,-2.399921766017796656e-11,-1.125758350922221354e+02
4.189201600000000000e+10,-2.394184017591772801e-11,-1.125862370791640075e+02
4.189901500000000000e+10,-2.388494485539077379e-11,-1.125966372442862280e+02
4.190601400000000000e+10,-2.382756737113053524e-11,-1.126070355882416010e+02
4.191301300000000000e+10,-2.377067205060357780e-11,-1.126174321116824331e+02
4.192001200000000000e+10,-2.371377673007662682e-11,-1.126278268152608746e+02
4.192701100000000000e+10,-2.365736357328295048e-11,-1.126382196996285359e+02
4.193401000000000000e+10,-2.360046825275599627e-11,-1.126486107654367288e+02
4.194100900000000000e+10,-2.354405509596232317e-11,-1.126590000133364811e+02
4.194800800000000000e+10,-2.348812410290193117e-11,-1.126693874439784224e+02
4.195500700000000000e+10,-2.343171094610825484e-11,-1.126797730580126995e+02
4.196200600000000000e+10,-2.337577995304786607e-11,-1.126901568560893168e+02
4.196900500000000000e+10,-2.332033112372075195e-11,-1.127005388388577387e+02
4.197600400000000000e+10,-2.326440013066036318e-11,-1.127109190069672451e+02
4.198300300000000000e+10,-2.320895130133325229e-11,-1.127212973610665756e+02
4.199000200000000000e+10,-2.315350247200614464e-11,-1.127316739018042142e+02
4.199700100000000000e+10,-2.309805364267903375e-11,-1.127420486298283606e+02
4.200400000000000000e+10,-2.304308697708520073e-11,-1.127524215457866887e+02
4.201099900000000000e+10,-2.298812031149137418e-11,-1.127627926503266451e+02
4.201799800000000000e+10,-2.293315364589754763e-11,-1.127731619440953352e+02
4.202499700000000000e+10,-2.287866914403699896e-11,-1.127835294277393530e+02
4.203199600000000000e+10,-2.282418464217645029e-11,-1.127938951019051359e+02
4.203899500000000000e+10,-2.276970014031590484e-11,-1.128042589672386811e+02
4.204599400000000000e+10,-2.271569780218864051e-11,-1.128146210243855450e+02
4.205299300000000000e+10,-2.266121330032809183e-11,-1.128249812739911135e+02
4.205999200000000000e+10,-2.260721096220082427e-11,-1.128353397167002754e+02
4.206699100000000000e+10,-2.255369078780684104e-11,-1.128456963531576207e+02
4.207399000000000000e+10,-2.249968844967957994e-11,-1.128560511840073843e+02
4.208098900000000000e+10,-2.244616827528559348e-11,-1.128664042098934175e+02
4.208798800000000000e+10,-2.239264810089161025e-11,-1.128767554314592587e+02
4.209498700000000000e+10,-2.233961009023090490e-11,-1.128871048493481339e+02
4.210198600000000000e+10,-2.228657207957020278e-11,-1.128974524642028285e+02
4.210898500000000000e+10,-2.223353406890949743e-11,-1.129077982766658153e+02
4.211598400000000000e+10,-2.218049605824879854e-11,-1.129181422873792258e+02
4.212298300000000000e+10,-2.212745804758809319e-11,-1.129284844969848365e+02
4.212998200000000000e+10,-2.207490220066067541e-11,-1.129388249061240401e+02
4.213698100000000000e+10,-2.202234635373325440e-11,-1.129491635154379594e+02
4.214398000000000000e+10,-2.197027267053911126e-11,-1.129595003255672907e+02
4.215097900000000000e+10,-2.191819898734497136e-11,-1.129698353371523751e+02
4.215797800000000000e+10,-2.186612530415083145e-11,-1.129801685508332696e+02
4.216497700000000000e+10,-2.181405162095669155e-11,-1.129904999672497183e+02
4.217197600000000000e+10,-2.176197793776255487e-11,-1.130008295870408972e+02
4.217897500000000000e+10,-2.171038641830169285e-11,-1.130111574108459251e+02
4.218597400000000000e+10,-2.165879489884083728e-11,-1.130214834393033527e+02
4.219297300000000000e+10,-2.160768554311325636e-11,-1.130318076730515031e+02
4.219997200000000000e+10,-2.155609402365240079e-11,-1.130421301127283300e+02
4.220697100000000000e+10,-2.150498466792482311e-11,-1.130524507589713181e+02
4.221397000000000000e+10,-2.145387531219724865e-11,-1.130627696124178527e+02
4.222096900000000000e+10,-2.140324812020294883e-11,-1.130730866737046938e+02
4.222796800000000000e+10,-2.135213876447537438e-11,-1.130834019434684876e+02
4.223496700000000000e+10,-2.130151157248107456e-11,-1.130937154223453831e+02
4.224196600000000000e+10,-2.125088438048678121e-11,-1.131040271109712734e+02
4.224896500000000000e+10,-2.120073935222576574e-11,-1.131143370099816394e+02
4.225596400000000000e+10,-2.115059432396474703e-11,-1.131246451200116923e+02
4.226296300000000000e+10,-2.110044929570373479e-11,-1.131349514416961597e+02
4.226996200000000000e+10,-2.105030426744271932e-11,-1.131452559756695706e+02
4.227696100000000000e+10,-2.100064140291498495e-11,-1.131555587225660986e+02
4.228396000000000000e+10,-2.095049637465397271e-11,-1.131658596830194341e+02
4.229095900000000000e+10,-2.090083351012624157e-11,-1.131761588576631254e+02
4.229795800000000000e+10,-2.085165280933178508e-11,-1.131864562471301383e+02
4.230495700000000000e+10,-2.080198994480405395e-11,-1.131967518520533389e+02
4.231195600000000000e+10,-2.075280924400959746e-11,-1.132070456730650818e+02
4.231895500000000000e+10,-2.070362854321514743e-11,-1.132173377107975085e+02
4.232595400000000000e+10,-2.065493000615397528e-11,-1.132276279658822347e+02
4.233295300000000000e+10,-2.060574930535952202e-11,-1.132379164389506911e+02
4.233995200000000000e+10,-2.055705076829834987e-11,-1.132482031306339110e+02
4.234695100000000000e+10,-2.050835223123717772e-11,-1.132584880415625861e+02
4.235395000000000000e+10,-2.046013585790928667e-11,-1.132687711723670816e+02
4.236094900000000000e+10,-2.041191948458139886e-11,-1.132790525236774357e+02
4.236794800000000000e+10,-2.036322094752022994e-11,-1.132893320961232888e+02
4.237494700000000000e+10,-2.031548673792561678e-11,-1.132996098903339401e+02
4.238194600000000000e+10,-2.026727036459772250e-11,-1.133098859069384332e+02
4.238894500000000000e+10,-2.021953615500311580e-11,-1.133201601465653852e+02
4.239594400000000000e+10,-2.017180194540850586e-11,-1.133304326098431147e+02
4.240294300000000000e+10,-2.012406773581389916e-11,-1.133407032973995712e+02
4.240994200000000000e+10,-2.007633352621928922e-11,-1.133509722098624337e+02
4.241694100000000000e+10,-2.002908148035796039e-11,-1.133612393478589553e+02
4.242394000000000000e+10,-1.998182943449662833e-11,-1.133715047120160335e+02
4.243093900000000000e+10,-1.993457738863530274e-11,-1.133817683029603529e+02
4.243793800000000000e+10,-1.988732534277397714e-11,-1.133920301213181716e+02
4.244493700000000000e+10,-1.984055546064592619e-11,-1.134022901677154351e+02
4.245193600000000000e+10,-1.979378557851787847e-11,-1.134125484427776485e+02
4.245893500000000000e+10,-1.974701569638983075e-11,-1.134228049471301603e+02
4.246593400000000000e+10,-1.970072797799506413e-11,-1.134330596813978502e+02
4.247293300000000000e+10,-1.965395809586701641e-11,-1.134433126462052996e+02
4.247993200000000000e+10,-1.960767037747224980e-11,-1.134535638421767487e+02
4.248693100000000000e+10,-1.956138265907748319e-11,-1.134638132699361108e+02
4.249393000000000000e+10,-1.951557710441599445e-11,-1.134740609301069583e+02
4.250092900000000000e+10,-1.946928938602123107e-11,-1.134843068233124797e+02
4.250792800000000000e+10,-1.942348383135974556e-11,-1.134945509501756646e+02
4.251492700000000000e+10,-1.937767827669825683e-11,-1.135047933113189345e+02
4.252192600000000000e+10,-1.933235488577004920e-11,-1.135150339073646535e+02
4.252892500000000000e+10,-1.928654933110856692e-11,-1.135252727389346035e+02
4.253592400000000000e+10,-1.924122594018036253e-11,-1.135355098066503672e+02
4.254292300000000000e+10,-1.919590254925215490e-11,-1.135457451111332006e+02
4.254992200000000000e+10,-1.915057915832395373e-11,-1.135559786530039332e+02
4.255692100000000000e+10,-1.910573793112902398e-11,-1.135662104328831248e+02
4.256392000000000000e+10,-1.906089670393410069e-11,-1.135764404513910222e+02
4.257091900000000000e+10,-1.901605547673918063e-11,-1.135866687091474034e+02
4.257791800000000000e+10,-1.897121424954425411e-11,-1.135968952067719471e+02
4.258491700000000000e+10,-1.892637302234932759e-11,-1.136071199448837490e+02
4.259191600000000000e+10,-1.888201395888768540e-11,-1.136173429241017629e+02
4.259891500000000000e+10,-1.883765489542604322e-11,-1.136275641450444738e+02
4.260591400000000000e+10,-1.879329583196439781e-11,-1.136377836083301247e+02
4.261291300000000000e+10,-1.874941893223603350e-11,-1.136480013145766179e+02
4.261991200000000000e+10,-1.870505986877439132e-11,-1.136582172644014435e+02
4.262691100000000000e+10,-1.866118296904603025e-11,-1.136684314584218356e+02
4.263391000000000000e+10,-1.861730606931766594e-11,-1.136786438972546591e+02
4.264090900000000000e+10,-1.857391133332257951e-11,-1.136888545815164946e+02
4.264790800000000000e+10,-1.853003443359421843e-11,-1.136990635118235389e+02
4.265490700000000000e+10,-1.848663969759913524e-11,-1.137092706887916620e+02
4.266190600000000000e+10,-1.844324496160405527e-11,-1.137194761130364640e+02
4.266890500000000000e+10,-1.839985022560897207e-11,-1.137296797851731469e+02
4.267590400000000000e+10,-1.835693765334716998e-11,-1.137398817058165719e+02
4.268290300000000000e+10,-1.831354291735208678e-11,-1.137500818755813441e+02
4.268990200000000000e+10,-1.827063034509028469e-11,-1.137602802950816994e+02
4.269690100000000000e+10,-1.822771777282848583e-11,-1.137704769649314755e+02
4.270390000000000000e+10,-1.818528736429996162e-11,-1.137806718857442831e+02
4.271089900000000000e+10,-1.814237479203816276e-11,-1.137908650581333916e+02
4.271789800000000000e+10,-1.809994438350964178e-11,-1.138010564827117150e+02
4.272489700000000000e+10,-1.805751397498112079e-11,-1.138112461600918124e+02
4.273189600000000000e+10,-1.801508356645259658e-11,-1.138214340908859157e+02
4.273889500000000000e+10,-1.797313532165735670e-11,-1.138316202757059870e+02
4.274589400000000000e+10,-1.793118707686211683e-11,-1.138418047151636472e+02
4.275289300000000000e+10,-1.788875666833359261e-11,-1.138519874098701479e+02
4.275989200000000000e+10,-1.784729058727163385e-11,-1.138621683604364421e+02
4.276689100000000000e+10,-1.780534234247639397e-11,-1.138723475674730707e+02
4.277389000000000000e+10,-1.776339409768115086e-11,-1.138825250315904469e+02
4.278088900000000000e+10,-1.772192801661919210e-11,-1.138927007533984579e+02
4.278788800000000000e+10,-1.768046193555723333e-11,-1.139028747335067635e+02
4.279488700000000000e+10,-1.763899585449527133e-11,-1.139130469725246542e+02
4.280188600000000000e+10,-1.759801193716659044e-11,-1.139232174710611076e+02
4.280888500000000000e+10,-1.755702801983790955e-11,-1.139333862297248032e+02
4.281588400000000000e+10,-1.751556193877595078e-11,-1.139435532491240934e+02
4.282288300000000000e+10,-1.747457802144726989e-11,-1.139537185298669328e+02
4.282988200000000000e+10,-1.743407626785187010e-11,-1.139638820725610344e+02
4.283688100000000000e+10,-1.739309235052319244e-11,-1.139740438778137133e+02
4.284388000000000000e+10,-1.735259059692779266e-11,-1.139842039462320855e+02
4.285087900000000000e+10,-1.731208884333239288e-11,-1.139943622784227415e+02
4.285787800000000000e+10,-1.727158708973699309e-11,-1.140045188749921437e+02
4.286487700000000000e+10,-1.723108533614159331e-11,-1.140146737365463707e+02
4.287187600000000000e+10,-1.719106574627947463e-11,-1.140248268636910467e+02
4.287887500000000000e+10,-1.715104615641735596e-11,-1.140349782570316393e+02
4.288587400000000000e+10,-1.711102656655523405e-11,-1.140451279171732608e+02
4.289287300000000000e+10,-1.707100697669311537e-11,-1.140552758447206685e+02
4.289987200000000000e+10,-1.703098738683099670e-11,-1.140654220402782784e+02
4.290687100000000000e+10,-1.699144996070215913e-11,-1.140755665044502223e+02
4.291387000000000000e+10,-1.695191253457331833e-11,-1.140857092378402768e+02
4.292086900000000000e+10,-1.691237510844448076e-11,-1.140958502410519202e+02
4.292786800000000000e+10,-1.687283768231564319e-11,-1.141059895146883321e+02
4.293486700000000000e+10,-1.683330025618680239e-11,-1.141161270593522801e+02
4.294186600000000000e+10,-1.679424499379124270e-11,-1.141262628756463329e+02
4.294886500000000000e+10,-1.675518973139568624e-11,-1.141363969641726328e+02
4.295586400000000000e+10,-1.671613446900012655e-11,-1.141465293255330806e+02
4.296286300000000000e+10,-1.667707920660456686e-11,-1.141566599603291507e+02
4.296986200000000000e+10,-1.663802394420901040e-11,-1.141667888691621613e+02
4.297686100000000000e+10,-1.659945084554672858e-11,-1.141769160526329898e+02
4.298386000000000000e+10,-1.656087774688445000e-11,-1.141870415113421302e+02
4.299085900000000000e+10,-1.652230464822217141e-11,-1.141971652458899484e+02
4.299785800000000000e+10,-1.648373154955989606e-11,-1.142072872568763557e+02
4.300485700000000000e+10,-1.644515845089761747e-11,-1.142174075449009507e+02
4.301185600000000000e+10,-1.640706751596861677e-11,-1.142275261105630335e+02
4.301885500000000000e+10,-1.636897658103961929e-11,-1.142376429544616059e+02
4.302585400000000000e+10,-1.633088564611062181e-11,-1.142477580771953853e+02
4.303285300000000000e+10,-1.629279471118162434e-11,-1.142578714793626347e+02
4.303985200000000000e+10,-1.625518593998590474e-11,-1.142679831615614034e+02
4.304685100000000000e+10,-1.621709500505690726e-11,-1.142780931243894429e+02
4.305385000000000000e+10,-1.617948623386119089e-11,-1.142882013684440921e+02
4.306084900000000000e+10,-1.614187746266547129e-11,-1.142983078943225053e+02
4.306784800000000000e+10,-1.610426869146975169e-11,-1.143084127026213395e+02
4.307484700000000000e+10,-1.606714208400731320e-11,-1.143185157939370669e+02
4.308184600000000000e+10,-1.602953331281159683e-11,-1.143286171688658612e+02
4.308884500000000000e+10,-1.599240670534915834e-11,-1.143387168280034700e+02
4.309584400000000000e+10,-1.595528009788671984e-11,-1.143488147719454275e+02
4.310284300000000000e+10,-1.591815349042428458e-11,-1.143589110012868559e+02
4.310984200000000000e+10,-1.588102688296184609e-11,-1.143690055166226500e+02
4.311684100000000000e+10,-1.584438243923268547e-11,-1.143790983185473920e+02
4.312384000000000000e+10,-1.580773799550352809e-11,-1.143891894076552092e+02
4.313083900000000000e+10,-1.577109355177436747e-11,-1.143992787845401153e+02
4.313783800000000000e+10,-1.573444910804521332e-11,-1.144093664497955984e+02
4.314483700000000000e+10,-1.569780466431605593e-11,-1.144194524040150327e+02
4.315183600000000000e+10,-1.566164238432017642e-11,-1.144295366477913660e+02
4.315883500000000000e+10,-1.562499794059101904e-11,-1.144396191817172053e+02
4.316583400000000000e+10,-1.558883566059513953e-11,-1.144497000063849015e+02
4.317283300000000000e+10,-1.555267338059926325e-11,-1.144597791223865215e+02
4.317983200000000000e+10,-1.551651110060338374e-11,-1.144698565303137343e+02
4.318683100000000000e+10,-1.548083098434078534e-11,-1.144799322307579246e+02
4.319383000000000000e+10,-1.544466870434490907e-11,-1.144900062243102354e+02
4.320082900000000000e+10,-1.540898858808231067e-11,-1.145000785115613553e+02
4.320782800000000000e+10,-1.537330847181971226e-11,-1.145101490931018304e+02
4.321482700000000000e+10,-1.533762835555711386e-11,-1.145202179695217382e+02
4.322182600000000000e+10,-1.530243040302779657e-11,-1.145302851414109000e+02
4.322882500000000000e+10,-1.526675028676519817e-11,-1.145403506093589101e+02
4.323582400000000000e+10,-1.523155233423587765e-11,-1.145504143739549079e+02
4.324282300000000000e+10,-1.519635438170656358e-11,-1.145604764357878338e+02
4.324982200000000000e+10,-1.516115642917724306e-11,-1.145705367954462162e+02
4.325682100000000000e+10,-1.512595847664792577e-11,-1.145805954535184128e+02
4.326382000000000000e+10,-1.509124268785188635e-11,-1.145906524105922841e+02
4.327081900000000000e+10,-1.505604473532256906e-11,-1.146007076672555627e+02
4.327781800000000000e+10,-1.502132894652653287e-11,-1.146107612240955262e+02
4.328481700000000000e+10,-1.498661315773049345e-11,-1.146208130816993105e+02
4.329181600000000000e+10,-1.495189736893445404e-11,-1.146308632406534684e+02
4.329881500000000000e+10,-1.491718158013841785e-11,-1.146409117015445389e+02
4.330581400000000000e+10,-1.488294795507565954e-11,-1.146509584649585918e+02
4.331281300000000000e+10,-1.484871433001289800e-11,-1.146610035314814127e+02
4.331981200000000000e+10,-1.481448070495013969e-11,-1.146710469016984888e+02
4.332681100000000000e+10,-1.478024707988738138e-11,-1.146810885761949663e+02
4.333381000000000000e+10,-1.474601345482462631e-11,-1.146911285555557356e+02
4.334080900000000000e+10,-1.471177982976186800e-11,-1.147011668403653175e+02
4.334780800000000000e+10,-1.467802836843238756e-11,-1.147112034312080056e+02
4.335480700000000000e+10,-1.464379474336962925e-11,-1.147212383286677237e+02
4.336180600000000000e+10,-1.461004328204014882e-11,-1.147312715333280551e+02
4.336880500000000000e+10,-1.457629182071067162e-11,-1.147413030457723693e+02
4.337580400000000000e+10,-1.454302252311447230e-11,-1.147513328665836951e+02
4.338280300000000000e+10,-1.450927106178499509e-11,-1.147613609963446777e+02
4.338980200000000000e+10,-1.447600176418879577e-11,-1.147713874356377630e+02
4.339680100000000000e+10,-1.444273246659259644e-11,-1.147814121850450704e+02
4.340380000000000000e+10,-1.440946316899639712e-11,-1.147914352451483069e+02
4.341079900000000000e+10,-1.437619387140019779e-11,-1.148014566165289949e+02
4.341779800000000000e+10,-1.434292457380400008e-11,-1.148114762997683300e+02
4.342479700000000000e+10,-1.430965527620780237e-11,-1.148214942954471667e+02
4.343179600000000000e+10,-1.427686814234488254e-11,-1.148315106041460467e+02
4.343879500000000000e+10,-1.424408100848196271e-11,-1.148415252264452278e+02
4.344579400000000000e+10,-1.421129387461904288e-11,-1.148515381629246832e+02
4.345279300000000000e+10,-1.417850674075612304e-11,-1.148615494141640312e+02
4.345979200000000000e+10,-1.414571960689320644e-11,-1.148715589807426625e+02
4.346679100000000000e+10,-1.411341463676356610e-11,-1.148815668632395557e+02
4.347379000000000000e+10,-1.408062750290064950e-11,-1.148915730622334905e+02
4.348078900000000000e+10,-1.404832253277100916e-11,-1.149015775783028630e+02
4.348778800000000000e+10,-1.401601756264136882e-11,-1.149115804120257991e+02
4.349478700000000000e+10,-1.398371259251173009e-11,-1.149215815639801122e+02
4.350178600000000000e+10,-1.395188978611536924e-11,-1.149315810347433597e+02
4.350878500000000000e+10,-1.391958481598573052e-11,-1.149415788248927299e+02
4.351578400000000000e+10,-1.388776200958936967e-11,-1.149515749350051124e+02
4.352278300000000000e+10,-1.385545703945973094e-11,-1.149615693656571409e+02
4.352978200000000000e+10,-1.382363423306337171e-11,-1.149715621174250941e+02
4.353678100000000000e+10,-1.379229359040028874e-11,-1.149815531908849806e+02
4.354378000000000000e+10,-1.376047078400392950e-11,-1.149915425866125247e+02
4.355077900000000000e+10,-1.372864797760757027e-11,-1.150015303051830813e+02
4.355777800000000000e+10,-1.369730733494449053e-11,-1.150115163471718205e+02
4.356477700000000000e+10,-1.366596669228141079e-11,-1.150215007131534293e+02
4.357177600000000000e+10,-1.363462604961832943e-11,-1.150314834037024667e+02
4.357877500000000000e+10,-1.360328540695524969e-11,-1.150414644193931224e+02
4.358577400000000000e+10,-1.357194476429216995e-11,-1.150514437607992733e+02
4.359277300000000000e+10,-1.354060412162909021e-11,-1.150614214284944978e+02
4.359977200000000000e+10,-1.350974564269928834e-11,-1.150713974230521046e+02
4.360677100000000000e+10,-1.347888716376948809e-11,-1.150813717450450611e+02
4.361377000000000000e+10,-1.344754652110640674e-11,-1.150913443950460930e+02
4.362076900000000000e+10,-1.341668804217660810e-11,-1.151013153736275427e+02
4.362776800000000000e+10,-1.338631172698008411e-11,-1.151112846813615107e+02
4.363476700000000000e+10,-1.335545324805028548e-11,-1.151212523188197991e+02
4.364176600000000000e+10,-1.332507693285376311e-11,-1.151312182865739118e+02
4.364876500000000000e+10,-1.329421845392396447e-11,-1.151411825851949970e+02
4.365576400000000000e+10,-1.326384213872744210e-11,-1.151511452152539619e+02
4.366276300000000000e+10,-1.323346582353091973e-11,-1.151611061773213862e+02
4.366976200000000000e+10,-1.320308950833440059e-11,-1.151710654719676086e+02
4.367676100000000000e+10,-1.317271319313787821e-11,-1.151810230997625837e+02
4.368376000000000000e+10,-1.314281904167463533e-11,-1.151909790612760105e+02
4.369075900000000000e+10,-1.311244272647811619e-11,-1.152009333570773038e+02
4.369775800000000000e+10,-1.308254857501487493e-11,-1.152108859877355940e+02
4.370475700000000000e+10,-1.305265442355163205e-11,-1.152208369538196422e+02
4.371175600000000000e+10,-1.302276027208839078e-11,-1.152307862558979252e+02
4.371875500000000000e+10,-1.299286612062514951e-11,-1.152407338945387494e+02
4.372575400000000000e+10,-1.296345413289518613e-11,-1.152506798703099236e+02
4.373275300000000000e+10,-1.293355998143194486e-11,-1.152606241837791572e+02
4.373975200000000000e+10,-1.290414799370198147e-11,-1.152705668355137334e+02
4.374675100000000000e+10,-1.287473600597201970e-11,-1.152805078260806368e+02
4.375375000000000000e+10,-1.284532401824205793e-11,-1.152904471560466675e+02
4.376074900000000000e+10,-1.281591203051209454e-11,-1.153003848259781989e+02
4.376774800000000000e+10,-1.278650004278213276e-11,-1.153103208364414201e+02
4.377474700000000000e+10,-1.275708805505217099e-11,-1.153202551880021218e+02
4.378174600000000000e+10,-1.272815823105548871e-11,-1.153301878812258821e+02
4.378874500000000000e+10,-1.269922840705880643e-11,-1.153401189166779659e+02
4.379574400000000000e+10,-1.267029858306212092e-11,-1.153500482949233401e+02
4.380274300000000000e+10,-1.264136875906543864e-11,-1.153599760165265451e+02
4.380974200000000000e+10,-1.261243893506875635e-11,-1.153699020820521355e+02
4.381674100000000000e+10,-1.258350911107207246e-11,-1.153798264920640690e+02
4.382374000000000000e+10,-1.255457928707539179e-11,-1.153897492471261330e+02
4.383073900000000000e+10,-1.252613162681198739e-11,-1.153996703478018730e+02
4.383773800000000000e+10,-1.249768396654858298e-11,-1.154095897946544369e+02
4.384473700000000000e+10,-1.246923630628517858e-11,-1.154195075882467023e+02
4.385173600000000000e+10,-1.244078864602177579e-11,-1.154294237291413339e+02
4.385873500000000000e+10,-1.241234098575837300e-11,-1.154393382179006124e+02
4.386573400000000000e+10,-1.238389332549496860e-11,-1.154492510550865632e+02
4.387273300000000000e+10,-1.235592782896484368e-11,-1.154591622412609127e+02
4.387973200000000000e+10,-1.232748016870144251e-11,-1.154690717769851460e+02
4.388673100000000000e+10,-1.229951467217131598e-11,-1.154789796628203078e+02
4.389373000000000000e+10,-1.227154917564119430e-11,-1.154888858993273573e+02
4.390072900000000000e+10,-1.224358367911106939e-11,-1.154987904870667990e+02
4.390772800000000000e+10,-1.221561818258094448e-11,-1.155086934265989385e+02
4.391472700000000000e+10,-1.218765268605081956e-11,-1.155185947184837119e+02
4.392172600000000000e+10,-1.216016935325397414e-11,-1.155284943632808705e+02
4.392872500000000000e+10,-1.213220385672385246e-11,-1.155383923615497110e+02
4.393572400000000000e+10,-1.210472052392700704e-11,-1.155482887138494448e+02
4.394272300000000000e+10,-1.207723719113016162e-11,-1.155581834207388425e+02
4.394972200000000000e+10,-1.204975385833331620e-11,-1.155680764827764193e+02
4.395672100000000000e+10,-1.202227052553647078e-11,-1.155779679005204486e+02
4.396372000000000000e+10,-1.199478719273962536e-11,-1.155878576745288626e+02
4.397071900000000000e+10,-1.196778602367605781e-11,-1.155977458053592954e+02
4.397771800000000000e+10,-1.194030269087921563e-11,-1.156076322935691394e+02
4.398471700000000000e+10,-1.191330152181564808e-11,-1.156175171397154600e+02
4.399171600000000000e+10,-1.188630035275208215e-11,-1.156274003443550384e+02
4.399871500000000000e+10,-1.185929918368851622e-11,-1.156372819080444145e+02
4.400571400000000000e+10,-1.183229801462495191e-11,-1.156471618313398011e+02
4.401271300000000000e+10,-1.180529684556138598e-11,-1.156570401147970983e+02
4.401971200000000000e+10,-1.177877784023109793e-11,-1.156669167589719507e+02
4.402671100000000000e+10,-1.175177667116753362e-11,-1.156767917644196757e+02
4.403371000000000000e+10,-1.172525766583724718e-11,-1.156866651316953778e+02
4.404070900000000000e+10,-1.169873866050695913e-11,-1.156965368613538061e+02
4.404770800000000000e+10,-1.167173749144339482e-11,-1.157064069539494540e+02
4.405470700000000000e+10,-1.164570064984638464e-11,-1.157162754100365589e+02
4.406170600000000000e+10,-1.161918164451609982e-11,-1.157261422301689606e+02
4.406870500000000000e+10,-1.159266263918581177e-11,-1.157360074149003424e+02
4.407570400000000000e+10,-1.156614363385552695e-11,-1.157458709647840323e+02
4.408270300000000000e+10,-1.154010679225852000e-11,-1.157557328803730599e+02
4.408970200000000000e+10,-1.151406995066151144e-11,-1.157655931622202274e+02
4.409670100000000000e+10,-1.148803310906450288e-11,-1.157754518108779678e+02
4.410370000000000000e+10,-1.146199626746749755e-11,-1.157853088268985005e+02
4.411069900000000000e+10,-1.143595942587048899e-11,-1.157951642108337467e+02
4.411769800000000000e+10,-1.140992258427348043e-11,-1.158050179632353291e+02
4.412469700000000000e+10,-1.138388574267647511e-11,-1.158148700846545864e+02
4.413169600000000000e+10,-1.135833106481274442e-11,-1.158247205756425728e+02
4.413869500000000000e+10,-1.133277638694901697e-11,-1.158345694367500300e+02
4.414569400000000000e+10,-1.130673954535201003e-11,-1.158444166685274723e+02
4.415269300000000000e+10,-1.128118486748828096e-11,-1.158542622715251156e+02
4.415969200000000000e+10,-1.125563018962455189e-11,-1.158641062462928346e+02
4.416669100000000000e+10,-1.123007551176082444e-11,-1.158739485933803053e+02
4.417369000000000000e+10,-1.120500299763037486e-11,-1.158837893133368624e+02
4.418068900000000000e+10,-1.117944831976664579e-11,-1.158936284067115139e+02
4.418768800000000000e+10,-1.115437580563619622e-11,-1.159034658740531398e+02
4.419468700000000000e+10,-1.112882112777246877e-11,-1.159133017159101797e+02
4.420168600000000000e+10,-1.110374861364201919e-11,-1.159231359328308599e+02
4.420868500000000000e+10,-1.107867609951156961e-11,-1.159329685253631510e+02
4.421568400000000000e+10,-1.105360358538112004e-11,-1.159427994940546398e+02
4.422268300000000000e+10,-1.102853107125067046e-11,-1.159526288394527285e+02
4.422968200000000000e+10,-1.100345855712022250e-11,-1.159624565621045491e+02
4.423668100000000000e+10,-1.097886820672304919e-11,-1.159722826625568217e+02
4.424368000000000000e+10,-1.095379569259260284e-11,-1.159821071413561100e+02
4.425067900000000000e+10,-1.092920534219543114e-11,-1.159919299990486508e+02
4.425767800000000000e+10,-1.090461499179825944e-11,-1.160017512361804251e+02
4.426467700000000000e+10,-1.088002464140108936e-11,-1.160115708532971439e+02
4.427167600000000000e+10,-1.085543429100392089e-11,-1.160213888509440778e+02
4.427867500000000000e+10,-1.083084394060674919e-11,-1.160312052296664689e+02
4.428567400000000000e+10,-1.080625359020957911e-11,-1.160410199900091044e+02
4.429267300000000000e+10,-1.078214540354568690e-11,-1.160508331325165585e+02
4.429967200000000000e+10,-1.075755505314851843e-11,-1.160606446577330928e+02
4.430667100000000000e+10,-1.073344686648462623e-11,-1.160704545662027130e+02
4.431367000000000000e+10,-1.070933867982073402e-11,-1.160802628584691121e+02
4.432066900000000000e+10,-1.068523049315684181e-11,-1.160900695350757701e+02
4.432766800000000000e+10,-1.066112230649295122e-11,-1.160998745965658543e+02
4.433466700000000000e+10,-1.063701411982905901e-11,-1.161096780434821767e+02
4.434166600000000000e+10,-1.061290593316517004e-11,-1.161194798763673788e+02
4.434866500000000000e+10,-1.058879774650127783e-11,-1.161292800957637894e+02
4.435566400000000000e+10,-1.056517172357066511e-11,-1.161390787022134532e+02
4.436266300000000000e+10,-1.054154570064005240e-11,-1.161488756962580879e+02
4.436966200000000000e+10,-1.051743751397616019e-11,-1.161586710784392409e+02
4.437666100000000000e+10,-1.049381149104554747e-11,-1.161684648492980898e+02
4.438366000000000000e+10,-1.047018546811493638e-11,-1.161782570093755567e+02
4.439065900000000000e+10,-1.044655944518432366e-11,-1.161880475592123076e+02
4.439765800000000000e+10,-1.042341558598698882e-11,-1.161978364993487247e+02
4.440465700000000000e+10,-1.039978956305637772e-11,-1.162076238303249198e+02
4.441165600000000000e+10,-1.037616354012576501e-11,-1.162174095526806639e+02
4.441865500000000000e+10,-1.035301968092843178e-11,-1.162271936669554862e+02
4.442565400000000000e+10,-1.032987582173109533e-11,-1.162369761736887739e+02
4.443265300000000000e+10,-1.030624979880048584e-11,-1.162467570734194169e+02
4.443965200000000000e+10,-1.028310593960315101e-11,-1.162565363666861629e+02
4.444665100000000000e+10,-1.025996208040581778e-11,-1.162663140540274469e+02
4.445365000000000000e+10,-1.023730038494176082e-11,-1.162760901359814341e+02
4.446064900000000000e+10,-1.021415652574442760e-11,-1.162858646130859910e+02
4.446764800000000000e+10,-1.019101266654709599e-11,-1.162956374858787285e+02
4.447464700000000000e+10,-1.016835097108303903e-11,-1.163054087548970301e+02
4.448164600000000000e+10,-1.014520711188570580e-11,-1.163151784206779240e+02
4.448864500000000000e+10,-1.012254541642165046e-11,-1.163249464837581826e+02
4.449564400000000000e+10,-1.009988372095759673e-11,-1.163347129446743793e+02
4.450264300000000000e+10,-1.007722202549354299e-11,-1.163444778039626897e+02
4.450964200000000000e+10,-1.005456033002948765e-11,-1.163542410621590619e+02
4.451664100000000000e+10,-1.003189863456543230e-11,-1.163640027197992310e+02
4.452364000000000000e+10,-1.000923693910137857e-11,-1.163737627774186194e+02
4.453063900000000000e+10,-9.987057407370601099e-12,-1.163835212355523510e+02
4.453763800000000000e+10,-9.964395711906545752e-12,-1.163932780947352654e+02
4.454463700000000000e+10,-9.942216180175771513e-12,-1.164030333555019752e+02
4.455163600000000000e+10,-9.920036648444994042e-12,-1.164127870183868367e+02
4.455863500000000000e+10,-9.897374952980938696e-12,-1.164225390839238372e+02
4.456563400000000000e+10,-9.875195421250164456e-12,-1.164322895526467789e+02
4.457263300000000000e+10,-9.853498053252664863e-12,-1.164420384250892084e+02
4.457963200000000000e+10,-9.831318521521890623e-12,-1.164517857017842744e+02
4.458663100000000000e+10,-9.809138989791114769e-12,-1.164615313832650401e+02
4.459363000000000000e+10,-9.786959458060338914e-12,-1.164712754700640716e+02
4.460062900000000000e+10,-9.765262090062840936e-12,-1.164810179627138353e+02
4.460762800000000000e+10,-9.743564722065342957e-12,-1.164907588617464995e+02
4.461462700000000000e+10,-9.721385190334567103e-12,-1.165004981676938769e+02
4.462162600000000000e+10,-9.699687822337070740e-12,-1.165102358810876240e+02
4.462862500000000000e+10,-9.677990454339571146e-12,-1.165199720024590420e+02
4.463562400000000000e+10,-9.656293086342076399e-12,-1.165297065323392047e+02
4.464262300000000000e+10,-9.634595718344578421e-12,-1.165394394712588877e+02
4.464962200000000000e+10,-9.613380514080359934e-12,-1.165491708197485679e+02
4.465662100000000000e+10,-9.591683146082861956e-12,-1.165589005783385659e+02
4.466362000000000000e+10,-9.569985778085365593e-12,-1.165686287475588045e+02
4.467061900000000000e+10,-9.548770573821145491e-12,-1.165783553279389935e+02
4.467761800000000000e+10,-9.527555369556927005e-12,-1.165880803200085722e+02
4.468461700000000000e+10,-9.506340165292708519e-12,-1.165978037242967247e+02
4.469161600000000000e+10,-9.484642797295213772e-12,-1.166075255413323362e+02
4.469861500000000000e+10,-9.463909756764271546e-12,-1.166172457716440078e+02
4.470561400000000000e+10,-9.442694552500053060e-12,-1.166269644157601419e+02
4.471261300000000000e+10,-9.421479348235834574e-12,-1.166366814742088422e+02
4.471961200000000000e+10,-9.400264143971617703e-12,-1.166463969475178573e+02
4.472661100000000000e+10,-9.379531103440675478e-12,-1.166561108362147223e+02
4.473361000000000000e+10,-9.358315899176456992e-12,-1.166658231408268733e+02
4.474060900000000000e+10,-9.337582858645516382e-12,-1.166755338618811635e+02
4.474760800000000000e+10,-9.316849818114577388e-12,-1.166852429999044318e+02
4.475460700000000000e+10,-9.295634613850360517e-12,-1.166949505554231052e+02
4.476160600000000000e+10,-9.274901573319419907e-12,-1.167046565289634259e+02
4.476860500000000000e+10,-9.254168532788479297e-12,-1.167143609210513659e+02
4.477560400000000000e+10,-9.233917655990818180e-12,-1.167240637322125565e+02
4.478260300000000000e+10,-9.213184615459877570e-12,-1.167337649629723728e+02
4.478960200000000000e+10,-9.192451574928936960e-12,-1.167434646138560339e+02
4.479660100000000000e+10,-9.172200698131275842e-12,-1.167531626853884177e+02
4.480360000000000000e+10,-9.151467657600336848e-12,-1.167628591780940752e+02
4.481059900000000000e+10,-9.131216780802675730e-12,-1.167725540924973870e+02
4.481759800000000000e+10,-9.110965904005014613e-12,-1.167822474291224211e+02
4.482459700000000000e+10,-9.090715027207351879e-12,-1.167919391884930178e+02
4.483159600000000000e+10,-9.070464150409690762e-12,-1.168016293711326625e+02
4.483859500000000000e+10,-9.050213273612029644e-12,-1.168113179775647126e+02
4.484559400000000000e+10,-9.029962396814366910e-12,-1.168210050083120990e+02
4.485259300000000000e+10,-9.009711520016705793e-12,-1.168306904638976391e+02
4.485959200000000000e+10,-8.989942806952324167e-12,-1.168403743448437950e+02
4.486659100000000000e+10,-8.969691930154663049e-12,-1.168500566516728156e+02
4.487359000000000000e+10,-8.949923217090279808e-12,-1.168597373849065804e+02
4.488058900000000000e+10,-8.929672340292618690e-12,-1.168694165450668407e+02
4.488758800000000000e+10,-8.909903627228237065e-12,-1.168790941326749646e+02
4.489458700000000000e+10,-8.890134914163853823e-12,-1.168887701482522345e+02
4.490158600000000000e+10,-8.870366201099470582e-12,-1.168984445923194642e+02
4.490858500000000000e+10,-8.850597488035087341e-12,-1.169081174653972539e+02
4.491558400000000000e+10,-8.830828774970705715e-12,-1.169177887680060621e+02
4.492258300000000000e+10,-8.811060061906322474e-12,-1.169274585006659208e+02
4.492958200000000000e+10,-8.791773512575217109e-12,-1.169371266638967199e+02
4.493658100000000000e+10,-8.772004799510835483e-12,-1.169467932582180225e+02
4.494358000000000000e+10,-8.752718250179730118e-12,-1.169564582841491784e+02
4.495057900000000000e+10,-8.732949537115348493e-12,-1.169661217422091966e+02
4.495757800000000000e+10,-8.713662987784244743e-12,-1.169757836329169152e+02
4.496457700000000000e+10,-8.694376438453139379e-12,-1.169854439567908173e+02
4.497157600000000000e+10,-8.675089889122035629e-12,-1.169951027143492297e+02
4.497857500000000000e+10,-8.655803339790931880e-12,-1.170047599061101096e+02
4.498557400000000000e+10,-8.636516790459826515e-12,-1.170144155325912152e+02
4.499257300000000000e+10,-8.617230241128722766e-12,-1.170240695943100491e+02
4.499957200000000000e+10,-8.598425855530896893e-12,-1.170337220917838010e+02
4.500657100000000000e+10,-8.579139306199793144e-12,-1.170433730255294904e+02
4.501357000000000000e+10,-8.560334920601967271e-12,-1.170530223960637528e+02
4.502056900000000000e+10,-8.541048371270861906e-12,-1.170626702039030533e+02
4.502756800000000000e+10,-8.522243985673037649e-12,-1.170723164495635871e+02
4.503456700000000000e+10,-8.503439600075210161e-12,-1.170819611335612507e+02
4.504156600000000000e+10,-8.484635214477385904e-12,-1.170916042564116992e+02
4.504856500000000000e+10,-8.465830828879558415e-12,-1.171012458186303604e+02
4.505556400000000000e+10,-8.447026443281734158e-12,-1.171108858207323067e+02
4.506256300000000000e+10,-8.428222057683906670e-12,-1.171205242632324826e+02
4.506956200000000000e+10,-8.409417672086082412e-12,-1.171301611466454915e+02
4.507656100000000000e+10,-8.390613286488256540e-12,-1.171397964714857096e+02
4.508356000000000000e+10,-8.372291064623708543e-12,-1.171494302382671719e+02
4.509055900000000000e+10,-8.353486679025882671e-12,-1.171590624475037714e+02
4.509755800000000000e+10,-8.335164457161334674e-12,-1.171686930997090457e+02
4.510455700000000000e+10,-8.316842235296788293e-12,-1.171783221953963903e+02
4.511155600000000000e+10,-8.298520013432240297e-12,-1.171879497350788029e+02
4.511855500000000000e+10,-8.279715627834416040e-12,-1.171975757192691248e+02
4.512555400000000000e+10,-8.261393405969868044e-12,-1.172072001484798704e+02
4.513255300000000000e+10,-8.243553347838597924e-12,-1.172168230232233839e+02
4.513955200000000000e+10,-8.225231125974051543e-12,-1.172264443440116111e+02
4.514655100000000000e+10,-8.206908904109505162e-12,-1.172360641113564270e+02
4.515355000000000000e+10,-8.188586682244957166e-12,-1.172456823257693088e+02
4.516054900000000000e+10,-8.170746624113688662e-12,-1.172552989877614777e+02
4.516754800000000000e+10,-8.152424402249140665e-12,-1.172649140978439277e+02
4.517454700000000000e+10,-8.134584344117872161e-12,-1.172745276565274963e+02
4.518154600000000000e+10,-8.116744285986602041e-12,-1.172841396643225949e+02
4.518854500000000000e+10,-8.098422064122055660e-12,-1.172937501217395351e+02
4.519554400000000000e+10,-8.080582005990787156e-12,-1.173033590292881456e+02
4.520254300000000000e+10,-8.062741947859518652e-12,-1.173129663874782693e+02
4.520954200000000000e+10,-8.044901889728248532e-12,-1.173225721968193369e+02
4.521654100000000000e+10,-8.027061831596980028e-12,-1.173321764578205517e+02
4.522354000000000000e+10,-8.009703937198989400e-12,-1.173417791709908187e+02
4.523053900000000000e+10,-7.991863879067719280e-12,-1.173513803368389290e+02
4.523753800000000000e+10,-7.974023820936450776e-12,-1.173609799558732334e+02
4.524453700000000000e+10,-7.956665926538460148e-12,-1.173705780286019831e+02
4.525153600000000000e+10,-7.938825868407191644e-12,-1.173801745555330598e+02
4.525853500000000000e+10,-7.921467974009201016e-12,-1.173897695371741747e+02
4.526553400000000000e+10,-7.904110079611210388e-12,-1.173993629740326980e+02
4.527253300000000000e+10,-7.886752185213219760e-12,-1.174089548666158720e+02
4.527953200000000000e+10,-7.869394290815229132e-12,-1.174185452154305267e+02
4.528653100000000000e+10,-7.852036396417238505e-12,-1.174281340209833644e+02
4.529353000000000000e+10,-7.834678502019247877e-12,-1.174377212837808173e+02
4.530052900000000000e+10,-7.817320607621257249e-12,-1.174473070043289482e+02
4.530752800000000000e+10,-7.799962713223266621e-12,-1.174568911831337346e+02
4.531452700000000000e+10,-7.782604818825275993e-12,-1.174664738207007844e+02
4.532152600000000000e+10,-7.765729088160563242e-12,-1.174760549175354498e+02
4.532852500000000000e+10,-7.748371193762574230e-12,-1.174856344741429126e+02
4.533552400000000000e+10,-7.731495463097861478e-12,-1.174952124910280702e+02
4.534252300000000000e+10,-7.714619732433148727e-12,-1.175047889686954932e+02
4.534952200000000000e+10,-7.697261838035158099e-12,-1.175143639076496527e+02
4.535652100000000000e+10,-7.680386107370446963e-12,-1.175239373083945793e+02
4.536352000000000000e+10,-7.663510376705734212e-12,-1.175335091714341615e+02
4.537051900000000000e+10,-7.646634646041021461e-12,-1.175430794972720747e+02
4.537751800000000000e+10,-7.629758915376308709e-12,-1.175526482864116105e+02
4.538451700000000000e+10,-7.612883184711597574e-12,-1.175622155393559467e+02
4.539151600000000000e+10,-7.596489617780162699e-12,-1.175717812566079346e+02
4.539851500000000000e+10,-7.579613887115451563e-12,-1.175813454386701409e+02
4.540551400000000000e+10,-7.563220320184016688e-12,-1.175909080860450047e+02
4.541251300000000000e+10,-7.546344589519303937e-12,-1.176004691992345528e+02
4.541951200000000000e+10,-7.529951022587870677e-12,-1.176100287787407410e+02
4.542651100000000000e+10,-7.513075291923159542e-12,-1.176195868250650847e+02
4.543351000000000000e+10,-7.496681724991724667e-12,-1.176291433387090137e+02
4.544050900000000000e+10,-7.480288158060289792e-12,-1.176386983201736172e+02
4.544750800000000000e+10,-7.463894591128856532e-12,-1.176482517699597139e+02
4.545450700000000000e+10,-7.447501024197421658e-12,-1.176578036885679381e+02
4.546150600000000000e+10,-7.431107457265988398e-12,-1.176673540764986825e+02
4.546850500000000000e+10,-7.414713890334553523e-12,-1.176769029342519843e+02
4.547550400000000000e+10,-7.398320323403120264e-12,-1.176864502623277673e+02
4.548250300000000000e+10,-7.382408920204964881e-12,-1.176959960612256282e+02
4.548950200000000000e+10,-7.366015353273530006e-12,-1.177055403314448654e+02
4.549650100000000000e+10,-7.349621786342096747e-12,-1.177150830734846778e+02
4.550350000000000000e+10,-7.333710383143941364e-12,-1.177246242878438522e+02
4.551049900000000000e+10,-7.317798979945784366e-12,-1.177341639750210476e+02
4.551749800000000000e+10,-7.301405413014351106e-12,-1.177437021355146243e+02
4.552449700000000000e+10,-7.285494009816194108e-12,-1.177532387698226870e+02
4.553149600000000000e+10,-7.269582606618038725e-12,-1.177627738784431131e+02
4.553849500000000000e+10,-7.253671203419883342e-12,-1.177723074618735097e+02
4.554549400000000000e+10,-7.237759800221727151e-12,-1.177818395206112427e+02
4.555249300000000000e+10,-7.221848397023571769e-12,-1.177913700551535072e+02
4.555949200000000000e+10,-7.205936993825415578e-12,-1.178008990659970436e+02
4.556649100000000000e+10,-7.190025590627260195e-12,-1.178104265536386208e+02
4.557349000000000000e+10,-7.174596351162381881e-12,-1.178199525185745244e+02
4.558048900000000000e+10,-7.158684947964226498e-12,-1.178294769613009123e+02
4.558748800000000000e+10,-7.143255708499348992e-12,-1.178389998823137006e+02
4.559448700000000000e+10,-7.127344305301193609e-12,-1.178485212821085497e+02
4.560148600000000000e+10,-7.111915065836315295e-12,-1.178580411611808074e+02
4.560848500000000000e+10,-7.096003662638159912e-12,-1.178675595200256367e+02
4.561548400000000000e+10,-7.080574423173282405e-12,-1.178770763591379165e+02
4.562248300000000000e+10,-7.065145183708404899e-12,-1.178865916790122981e+02
4.562948200000000000e+10,-7.049715944243527393e-12,-1.178961054801432482e+02
4.563648100000000000e+10,-7.034286704778649886e-12,-1.179056177630249351e+02
4.564348000000000000e+10,-7.018857465313771572e-12,-1.179151285281511861e+02
4.565047900000000000e+10,-7.003428225848894066e-12,-1.179246377760157145e+02
4.565747800000000000e+10,-6.988481150117293628e-12,-1.179341455071120350e+02
4.566447700000000000e+10,-6.973051910652416929e-12,-1.179436517219332075e+02
4.567147600000000000e+10,-6.957622671187539423e-12,-1.179531564209722490e+02
4.567847500000000000e+10,-6.942675595455940601e-12,-1.179626596047218499e+02
4.568547400000000000e+10,-6.927246355991063094e-12,-1.179721612736743737e+02
4.569247300000000000e+10,-6.912299280259462657e-12,-1.179816614283221554e+02
4.569947200000000000e+10,-6.897352204527863834e-12,-1.179911600691570470e+02
4.570647100000000000e+10,-6.881922965062986328e-12,-1.180006571966708151e+02
4.571347000000000000e+10,-6.866975889331386698e-12,-1.180101528113549278e+02
4.572046900000000000e+10,-6.852028813599787068e-12,-1.180196469137005977e+02
4.572746800000000000e+10,-6.837081737868187438e-12,-1.180291395041988096e+02
4.573446700000000000e+10,-6.822134662136587808e-12,-1.180386305833403640e+02
4.574146600000000000e+10,-6.807187586404988986e-12,-1.180481201516157057e+02
4.574846500000000000e+10,-6.792240510673388548e-12,-1.180576082095150525e+02
4.575546400000000000e+10,-6.777775598675067603e-12,-1.180670947575284799e+02
4.576246300000000000e+10,-6.762828522943468781e-12,-1.180765797961457224e+02
4.576946200000000000e+10,-6.747881447211869151e-12,-1.180860633258563439e+02
4.577646100000000000e+10,-6.733416535213547397e-12,-1.180955453471496099e+02
4.578346000000000000e+10,-6.718469459481947767e-12,-1.181050258605145302e+02
4.579045900000000000e+10,-6.704004547483626822e-12,-1.181145048664399440e+02
4.579745800000000000e+10,-6.689539635485304260e-12,-1.181239823654144203e+02
4.580445700000000000e+10,-6.674592559753706246e-12,-1.181334583579262016e+02
4.581145600000000000e+10,-6.660127647755384492e-12,-1.181429328444634450e+02
4.581845500000000000e+10,-6.645662735757062739e-12,-1.181524058255139664e+02
4.582545400000000000e+10,-6.631197823758741793e-12,-1.181618773015653403e+02
4.583245300000000000e+10,-6.616732911760419232e-12,-1.181713472731049137e+02
4.583945200000000000e+10,-6.602267999762098286e-12,-1.181808157406197779e+02
4.584645100000000000e+10,-6.587803087763777341e-12,-1.181902827045968536e+02
4.585345000000000000e+10,-6.573820339498733464e-12,-1.181997481655227347e+02
4.586044900000000000e+10,-6.559355427500411710e-12,-1.182092121238838303e+02
4.586744800000000000e+10,-6.544890515502090764e-12,-1.182186745801662511e+02
4.587444700000000000e+10,-6.530907767237047695e-12,-1.182281355348559373e+02
4.588144600000000000e+10,-6.516442855238726750e-12,-1.182375949884385591e+02
4.588844500000000000e+10,-6.502460106973682872e-12,-1.182470529413995166e+02
4.589544400000000000e+10,-6.488477358708639803e-12,-1.182565093942240111e+02
4.590244300000000000e+10,-6.474012446710318050e-12,-1.182659643473969737e+02
4.590944200000000000e+10,-6.460029698445275788e-12,-1.182754178014031652e+02
4.591644100000000000e+10,-6.446046950180231104e-12,-1.182848697567270051e+02
4.592344000000000000e+10,-6.432064201915188034e-12,-1.182943202138526999e+02
4.593043900000000000e+10,-6.418081453650144965e-12,-1.183037691732643140e+02
4.593743800000000000e+10,-6.404098705385101088e-12,-1.183132166354455421e+02
4.594443700000000000e+10,-6.390115957120058019e-12,-1.183226626008799798e+02
4.595143600000000000e+10,-6.376133208855014950e-12,-1.183321070700507818e+02
4.595843500000000000e+10,-6.362632624323248949e-12,-1.183415500434410603e+02
4.596543400000000000e+10,-6.348649876058205880e-12,-1.183509915215336008e+02
4.597243300000000000e+10,-6.335149291526439879e-12,-1.183604315048109612e+02
4.597943200000000000e+10,-6.321166543261396810e-12,-1.183698699937555290e+02
4.598643100000000000e+10,-6.307665958729631617e-12,-1.183793069888492369e+02
4.599343000000000000e+10,-6.293683210464588548e-12,-1.183887424905740886e+02
4.600042900000000000e+10,-6.280182625932822547e-12,-1.183981764994116190e+02
4.600742800000000000e+10,-6.266682041401057355e-12,-1.184076090158431782e+02
4.601442700000000000e+10,-6.252699293136015093e-12,-1.184170400403499741e+02
4.602142600000000000e+10,-6.239198708604249900e-12,-1.184264695734128878e+02
4.602842500000000000e+10,-6.225698124072483900e-12,-1.184358976155125447e+02
4.603542400000000000e+10,-6.212197539540718707e-12,-1.184453241671294279e+02
4.604242300000000000e+10,-6.198696955008953514e-12,-1.184547492287436512e+02
4.604942200000000000e+10,-6.185196370477187514e-12,-1.184641728008352572e+02
4.605642100000000000e+10,-6.172177949678700198e-12,-1.184735948838839050e+02
4.606342000000000000e+10,-6.158677365146935005e-12,-1.184830154783690972e+02
4.607041900000000000e+10,-6.145176780615169812e-12,-1.184924345847700380e+02
4.607741800000000000e+10,-6.132158359816681688e-12,-1.185018522035658464e+02
4.608441700000000000e+10,-6.118657775284917303e-12,-1.185112683352351581e+02
4.609141600000000000e+10,-6.105639354486429179e-12,-1.185206829802566233e+02
4.609841500000000000e+10,-6.092138769954663986e-12,-1.185300961391084940e+02
4.610541400000000000e+10,-6.079120349156176670e-12,-1.185395078122688517e+02
4.611241300000000000e+10,-6.066101928357689353e-12,-1.185489180002155507e+02
4.611941200000000000e+10,-6.052601343825924161e-12,-1.185583267034261894e+02
4.612641100000000000e+10,-6.039582923027436037e-12,-1.185677339223780677e+02
4.613341000000000000e+10,-6.026564502228949528e-12,-1.185771396575484147e+02
4.614040900000000000e+10,-6.013546081430461404e-12,-1.185865439094140754e+02
4.614740800000000000e+10,-6.000527660631974895e-12,-1.185959466784517105e+02
4.615440700000000000e+10,-5.987509239833487579e-12,-1.186053479651378098e+02
4.616140600000000000e+10,-5.974490819034999455e-12,-1.186147477699484796e+02
4.616840500000000000e+10,-5.961472398236512946e-12,-1.186241460933596983e+02
4.617540400000000000e+10,-5.948936141171302699e-12,-1.186335429358472311e+02
4.618240300000000000e+10,-5.935917720372815383e-12,-1.186429382978866442e+02
4.618940200000000000e+10,-5.922899299574328066e-12,-1.186523321799530919e+02
4.619640100000000000e+10,-5.910363042509118626e-12,-1.186617245825215718e+02
4.620340000000000000e+10,-5.897344621710631310e-12,-1.186711155060669682e+02
4.621039900000000000e+10,-5.884808364645421870e-12,-1.186805049510638668e+02
4.621739800000000000e+10,-5.872272107580211623e-12,-1.186898929179865405e+02
4.622439700000000000e+10,-5.859253686781725114e-12,-1.186992794073091062e+02
4.623139600000000000e+10,-5.846717429716514866e-12,-1.187086644195054106e+02
4.623839500000000000e+10,-5.834181172651306234e-12,-1.187180479550491583e+02
4.624539400000000000e+10,-5.821644915586095987e-12,-1.187274300144136134e+02
4.625239300000000000e+10,-5.809108658520886547e-12,-1.187368105980721253e+02
4.625939200000000000e+10,-5.796572401455677107e-12,-1.187461897064975034e+02
4.626639100000000000e+10,-5.784036144390467667e-12,-1.187555673401625427e+02
4.627339000000000000e+10,-5.771499887325259035e-12,-1.187649434995396405e+02
4.628038900000000000e+10,-5.758963630260048787e-12,-1.187743181851011087e+02
4.628738800000000000e+10,-5.746427373194839348e-12,-1.187836913973189326e+02
4.629438700000000000e+10,-5.734373279862906976e-12,-1.187930631366648981e+02
4.630138600000000000e+10,-5.721837022797698344e-12,-1.188024334036105500e+02
4.630838500000000000e+10,-5.709782929465766781e-12,-1.188118021986272765e+02
4.631538400000000000e+10,-5.697246672400557341e-12,-1.188211695221860822e+02
4.632238300000000000e+10,-5.685192579068624970e-12,-1.188305353747579147e+02
4.632938200000000000e+10,-5.672656322003416338e-12,-1.188398997568133382e+02
4.633638100000000000e+10,-5.660602228671484774e-12,-1.188492626688228029e+02
4.634338000000000000e+10,-5.648548135339553211e-12,-1.188586241112565034e+02
4.635037900000000000e+10,-5.636011878274343771e-12,-1.188679840845842932e+02
4.635737800000000000e+10,-5.623957784942412208e-12,-1.188773425892759406e+02
4.636437700000000000e+10,-5.611903691610480644e-12,-1.188866996258009578e+02
4.637137600000000000e+10,-5.599849598278549081e-12,-1.188960551946285591e+02
4.637837500000000000e+10,-5.587795504946616710e-12,-1.189054092962278162e+02
4.638537400000000000e+10,-5.575741411614685146e-12,-1.189147619310674600e+02
4.639237300000000000e+10,-5.563687318282753583e-12,-1.189241130996161360e+02
4.639937200000000000e+10,-5.551633224950822827e-12,-1.189334628023421487e+02
4.640637100000000000e+10,-5.540061295352168333e-12,-1.189428110397136322e+02
4.641337000000000000e+10,-5.528007202020235962e-12,-1.189521578121984646e+02
4.642036900000000000e+10,-5.515953108688305206e-12,-1.189615031202642683e+02
4.642736800000000000e+10,-5.504381179089650711e-12,-1.189708469643785094e+02
4.643436700000000000e+10,-5.492327085757719956e-12,-1.189801893450083696e+02
4.644136600000000000e+10,-5.480755156159065461e-12,-1.189895302626208888e+02
4.644836500000000000e+10,-5.468701062827134705e-12,-1.189988697176826662e+02
4.645536400000000000e+10,-5.457129133228481018e-12,-1.190082077106603862e+02
4.646236300000000000e+10,-5.445557203629825716e-12,-1.190175442420202643e+02
4.646936200000000000e+10,-5.433503110297894960e-12,-1.190268793122283739e+02
4.647636100000000000e+10,-5.421931180699242081e-12,-1.190362129217505469e+02
4.648336000000000000e+10,-5.410359251100586779e-12,-1.190455450710524019e+02
4.649035900000000000e+10,-5.398787321501933092e-12,-1.190548757605993160e+02
4.649735800000000000e+10,-5.387215391903279405e-12,-1.190642049908564815e+02
4.650435700000000000e+10,-5.375643462304625718e-12,-1.190735327622888065e+02
4.651135600000000000e+10,-5.364071532705972031e-12,-1.190828590753609717e+02
4.651835500000000000e+10,-5.352499603107318344e-12,-1.190921839305375016e+02
4.652535400000000000e+10,-5.340927673508664657e-12,-1.191015073282826222e+02
4.653235300000000000e+10,-5.329837907643288039e-12,-1.191108292690603889e+02
4.653935200000000000e+10,-5.318265978044634352e-12,-1.191201497533345730e+02
4.654635100000000000e+10,-5.306694048445980665e-12,-1.191294687815688036e+02
4.655335000000000000e+10,-5.295604282580604854e-12,-1.191387863542263545e+02
4.656034900000000000e+10,-5.284032352981951975e-12,-1.191481024717704287e+02
4.656734800000000000e+10,-5.272942587116575357e-12,-1.191574171346638877e+02
4.657434700000000000e+10,-5.261370657517920862e-12,-1.191667303433694656e+02
4.658134600000000000e+10,-5.250280891652545860e-12,-1.191760420983495550e+02
4.658834500000000000e+10,-5.239191125787169241e-12,-1.191853524000664066e+02
4.659534400000000000e+10,-5.227619196188515554e-12,-1.191946612489820154e+02
4.660234300000000000e+10,-5.216529430323139744e-12,-1.192039686455581915e+02
4.660934200000000000e+10,-5.205439664457763126e-12,-1.192132745902564466e+02
4.661634100000000000e+10,-5.194349898592387315e-12,-1.192225790835381503e+02
4.662334000000000000e+10,-5.183260132727010697e-12,-1.192318821258644164e+02
4.663033900000000000e+10,-5.172170366861634886e-12,-1.192411837176960887e+02
4.663733800000000000e+10,-5.161080600996259884e-12,-1.192504838594938974e+02
4.664433700000000000e+10,-5.149990835130883265e-12,-1.192597825517182031e+02
4.665133600000000000e+10,-5.138901069265507455e-12,-1.192690797948292811e+02
4.665833500000000000e+10,-5.127811303400131645e-12,-1.192783755892871369e+02
4.666533400000000000e+10,-5.117203701268032095e-12,-1.192876699355514347e+02
4.667233300000000000e+10,-5.106113935402656284e-12,-1.192969628340818531e+02
4.667933200000000000e+10,-5.095024169537281282e-12,-1.193062542853376158e+02
4.668633100000000000e+10,-5.084416567405182540e-12,-1.193155442897779039e+02
4.669333000000000000e+10,-5.073326801539806729e-12,-1.193248328478616003e+02
4.670032900000000000e+10,-5.062719199407708795e-12,-1.193341199600472464e+02
4.670732800000000000e+10,-5.051629433542332985e-12,-1.193434056267934125e+02
4.671432700000000000e+10,-5.041021831410234243e-12,-1.193526898485582279e+02
4.672132600000000000e+10,-5.030414229278135501e-12,-1.193619726257997229e+02
4.672832500000000000e+10,-5.019324463412759691e-12,-1.193712539589756858e+02
4.673532400000000000e+10,-5.008716861280661757e-12,-1.193805338485436209e+02
4.674232300000000000e+10,-4.998109259148563015e-12,-1.193898122949609046e+02
4.674932200000000000e+10,-4.987501657016464273e-12,-1.193990892986845864e+02
4.675632100000000000e+10,-4.976894054884367147e-12,-1.194083648601715879e+02
4.676332000000000000e+10,-4.966286452752268405e-12,-1.194176389798786033e+02
4.677031900000000000e+10,-4.955678850620169663e-12,-1.194269116582620285e+02
4.677731800000000000e+10,-4.945071248488071729e-12,-1.194361828957781029e+02
4.678431700000000000e+10,-4.934463646355973795e-12,-1.194454526928828244e+02
4.679131600000000000e+10,-4.923856044223875054e-12,-1.194547210500320205e+02
4.679831500000000000e+10,-4.913248442091777120e-12,-1.194639879676811915e+02
4.680531400000000000e+10,-4.903123003692956254e-12,-1.194732534462857245e+02
4.681231300000000000e+10,-4.892515401560857512e-12,-1.194825174863007362e+02
4.681931200000000000e+10,-4.881907799428760386e-12,-1.194917800881811019e+02
4.682631100000000000e+10,-4.871782361029938713e-12,-1.195010412523815546e+02
4.683331000000000000e+10,-4.861174758897840779e-12,-1.195103009793565434e+02
4.684030900000000000e+10,-4.851049320499019914e-12,-1.195195592695602897e+02
4.684730800000000000e+10,-4.840441718366921980e-12,-1.195288161234468305e+02
4.685430700000000000e+10,-4.830316279968101922e-12,-1.195380715414699893e+02
4.686130600000000000e+10,-4.820190841569280249e-12,-1.195473255240833339e+02
4.686830500000000000e+10,-4.809583239437182315e-12,-1.195565780717402902e+02
4.687530400000000000e+10,-4.799457801038362257e-12,-1.195658291848939569e+02
4.688230300000000000e+10,-4.789332362639540584e-12,-1.195750788639972484e+02
4.688930200000000000e+10,-4.779206924240720527e-12,-1.195843271095029223e+02
4.689630100000000000e+10,-4.769081485841899661e-12,-1.195935739218635518e+02
4.690330000000000000e+10,-4.758956047443079604e-12,-1.196028193015312411e+02
4.691029900000000000e+10,-4.748830609044258738e-12,-1.196120632489581510e+02
4.691729800000000000e+10,-4.738705170645438681e-12,-1.196213057645961442e+02
4.692429700000000000e+10,-4.728579732246617815e-12,-1.196305468488968557e+02
4.693129600000000000e+10,-4.718454293847796142e-12,-1.196397865023116225e+02
4.693829500000000000e+10,-4.708328855448976085e-12,-1.196490247252916674e+02
4.694529400000000000e+10,-4.698685580783433904e-12,-1.196582615182880005e+02
4.695229300000000000e+10,-4.688560142384613038e-12,-1.196674968817513474e+02
4.695929200000000000e+10,-4.678434703985792981e-12,-1.196767308161322489e+02
4.696629100000000000e+10,-4.668791429320249184e-12,-1.196859633218810188e+02
4.697329000000000000e+10,-4.658665990921429127e-12,-1.196951943994478285e+02
4.698028900000000000e+10,-4.649022716255885330e-12,-1.197044240492824798e+02
4.698728800000000000e+10,-4.638897277857065272e-12,-1.197136522718347464e+02
4.699428700000000000e+10,-4.629254003191521476e-12,-1.197228790675539756e+02
4.700128600000000000e+10,-4.619128564792701418e-12,-1.197321044368895429e+02
4.700828500000000000e+10,-4.609485290127159237e-12,-1.197413283802903265e+02
4.701528400000000000e+10,-4.599842015461615440e-12,-1.197505508982052618e+02
4.702228300000000000e+10,-4.589716577062795383e-12,-1.197597719910828857e+02
4.702928200000000000e+10,-4.580073302397252394e-12,-1.197689916593716219e+02
4.703628100000000000e+10,-4.570430027731709405e-12,-1.197782099035195955e+02
4.704328000000000000e+10,-4.560786753066165608e-12,-1.197874267239747468e+02
4.705027900000000000e+10,-4.551143478400623427e-12,-1.197966421211848456e+02
4.705727800000000000e+10,-4.541500203735080438e-12,-1.198058560955974059e+02
4.706427700000000000e+10,-4.531856929069537449e-12,-1.198150686476597571e+02
4.707127600000000000e+10,-4.522213654403994460e-12,-1.198242797778189299e+02
4.707827500000000000e+10,-4.512570379738451472e-12,-1.198334894865218416e+02
4.708527400000000000e+10,-4.502927105072908483e-12,-1.198426977742151678e+02
4.709227300000000000e+10,-4.493765994140642562e-12,-1.198519046413453282e+02
4.709927200000000000e+10,-4.484122719475099574e-12,-1.198611100883585578e+02
4.710627100000000000e+10,-4.474479444809557392e-12,-1.198703141157009213e+02
4.711327000000000000e+10,-4.465318333877291472e-12,-1.198795167238181847e+02
4.712026900000000000e+10,-4.455675059211748483e-12,-1.198887179131559151e+02
4.712726800000000000e+10,-4.446031784546205494e-12,-1.198979176841595518e+02
4.713426700000000000e+10,-4.436870673613940382e-12,-1.199071160372742639e+02
4.714126600000000000e+10,-4.427227398948397393e-12,-1.199163129729449508e+02
4.714826500000000000e+10,-4.418066288016132281e-12,-1.199255084916163838e+02
4.715526400000000000e+10,-4.408905177083866360e-12,-1.199347025937331068e+02
4.716226300000000000e+10,-4.399261902418324179e-12,-1.199438952797394222e+02
4.716926200000000000e+10,-4.390100791486058259e-12,-1.199530865500793908e+02
4.717626100000000000e+10,-4.380939680553793147e-12,-1.199622764051969455e+02
4.718326000000000000e+10,-4.371778569621528034e-12,-1.199714648455358059e+02
4.719025900000000000e+10,-4.362135294955985045e-12,-1.199806518715393366e+02
4.719725800000000000e+10,-4.352974184023719125e-12,-1.199898374836509021e+02
4.720425700000000000e+10,-4.343813073091454013e-12,-1.199990216823134688e+02
4.721125600000000000e+10,-4.334651962159188900e-12,-1.200082044679699038e+02
4.721825500000000000e+10,-4.325490851226923788e-12,-1.200173858410627474e+02
4.722525400000000000e+10,-4.316329740294657868e-12,-1.200265658020344972e+02
4.723225300000000000e+10,-4.307168629362392755e-12,-1.200357443513273239e+02
4.723925200000000000e+10,-4.298489682163404711e-12,-1.200449214893831709e+02
4.724625100000000000e+10,-4.289328571231139599e-12,-1.200540972166438536e+02
4.725325000000000000e+10,-4.280167460298873679e-12,-1.200632715335509459e+02
4.726024900000000000e+10,-4.271006349366608566e-12,-1.200724444405457660e+02
4.726724800000000000e+10,-4.262327402167620523e-12,-1.200816159380694899e+02
4.727424700000000000e+10,-4.253166291235355410e-12,-1.200907860265629949e+02
4.728124600000000000e+10,-4.244005180303090298e-12,-1.200999547064670168e+02
4.728824500000000000e+10,-4.235326233104102254e-12,-1.201091219782220918e+02
4.729524400000000000e+10,-4.226165122171837142e-12,-1.201182878422685008e+02
4.730224300000000000e+10,-4.217486174972849098e-12,-1.201274522990463254e+02
4.730924200000000000e+10,-4.208325064040583985e-12,-1.201366153489954769e+02
4.731624100000000000e+10,-4.199646116841595942e-12,-1.201457769925556249e+02
4.732324000000000000e+10,-4.190967169642607898e-12,-1.201549372301661691e+02
4.733023900000000000e+10,-4.181806058710342785e-12,-1.201640960622664380e+02
4.733723800000000000e+10,-4.173127111511354742e-12,-1.201732534892953765e+02
4.734423700000000000e+10,-4.164448164312366698e-12,-1.201824095116918869e+02
4.735123600000000000e+10,-4.155769217113379462e-12,-1.201915641298946014e+02
4.735823500000000000e+10,-4.146608106181114349e-12,-1.202007173443418537e+02
4.736523400000000000e+10,-4.137929158982126306e-12,-1.202098691554719778e+02
4.737223300000000000e+10,-4.129250211783138262e-12,-1.202190195637228669e+02
4.737923200000000000e+10,-4.120571264584150218e-12,-1.202281685695323432e+02
4.738623100000000000e+10,-4.111892317385162982e-12,-1.202373161733379590e+02
4.739323000000000000e+10,-4.103213370186174938e-12,-1.202464623755771100e+02
4.740022900000000000e+10,-4.094534422987187702e-12,-1.202556071766869508e+02
4.740722800000000000e+10,-4.086337639521476727e-12,-1.202647505771044507e+02
4.741422700000000000e+10,-4.077658692322488684e-12,-1.202738925772663805e+02
4.742122600000000000e+10,-4.068979745123501448e-12,-1.202830331776092123e+02
4.742822500000000000e+10,-4.060300797924513404e-12,-1.202921723785693189e+02
4.743522400000000000e+10,-4.051621850725525360e-12,-1.203013101805827887e+02
4.744222300000000000e+10,-4.043425067259815193e-12,-1.203104465840856108e+02
4.744922200000000000e+10,-4.034746120060827149e-12,-1.203195815895134189e+02
4.745622100000000000e+10,-4.026549336595116982e-12,-1.203287151973017757e+02
4.746322000000000000e+10,-4.017870389396129746e-12,-1.203378474078859028e+02
4.747021900000000000e+10,-4.009673605930418771e-12,-1.203469782217010078e+02
4.747721800000000000e+10,-4.000994658731430727e-12,-1.203561076391818574e+02
4.748421700000000000e+10,-3.992797875265720559e-12,-1.203652356607631759e+02
4.749121600000000000e+10,-3.984118928066733323e-12,-1.203743622868794603e+02
4.749821500000000000e+10,-3.975922144601023156e-12,-1.203834875179649089e+02
4.750521400000000000e+10,-3.967725361135312181e-12,-1.203926113544535923e+02
4.751221300000000000e+10,-3.959046413936324945e-12,-1.204017337967794106e+02
4.751921200000000000e+10,-3.950849630470613970e-12,-1.204108548453759795e+02
4.752621100000000000e+10,-3.942652847004904610e-12,-1.204199745006767586e+02
4.753321000000000000e+10,-3.934456063539193635e-12,-1.204290927631148946e+02
4.754020900000000000e+10,-3.926259280073483468e-12,-1.204382096331235488e+02
4.754720800000000000e+10,-3.918062496607772493e-12,-1.204473251111354841e+02
4.755420700000000000e+10,-3.909865713142062326e-12,-1.204564391975832223e+02
4.756120600000000000e+10,-3.901668929676352158e-12,-1.204655518928993558e+02
4.756820500000000000e+10,-3.893472146210641991e-12,-1.204746631975159374e+02
4.757520400000000000e+10,-3.885275362744931824e-12,-1.204837731118650765e+02
4.758220300000000000e+10,-3.877078579279221656e-12,-1.204928816363785131e+02
4.758920200000000000e+10,-3.868881795813511489e-12,-1.205019887714878593e+02
4.759620100000000000e+10,-3.860685012347801322e-12,-1.205110945176245423e+02
4.760320000000000000e+10,-3.852488228882091154e-12,-1.205201988752196627e+02
4.761019900000000000e+10,-3.844773609149658056e-12,-1.205293018447042925e+02
4.761719800000000000e+10,-3.836576825683947889e-12,-1.205384034265091344e+02
4.762419700000000000e+10,-3.828380042218237721e-12,-1.205475036210647630e+02
4.763119600000000000e+10,-3.820665422485804623e-12,-1.205566024288016251e+02
4.763819500000000000e+10,-3.812468639020094455e-12,-1.205656998501497696e+02
4.764519400000000000e+10,-3.804754019287661357e-12,-1.205747958855392881e+02
4.765219300000000000e+10,-3.796557235821951189e-12,-1.205838905353998456e+02
4.765919200000000000e+10,-3.788842616089518091e-12,-1.205929838001610364e+02
4.766619100000000000e+10,-3.780645832623807923e-12,-1.206020756802521987e+02
4.767319000000000000e+10,-3.772931212891374825e-12,-1.206111661761025005e+02
4.768018900000000000e+10,-3.764734429425664657e-12,-1.206202552881408678e+02
4.768718800000000000e+10,-3.757019809693231559e-12,-1.206293430167960707e+02
4.769418700000000000e+10,-3.749305189960798460e-12,-1.206384293624965807e+02
4.770118600000000000e+10,-3.741590570228365361e-12,-1.206475143256708691e+02
4.770818500000000000e+10,-3.733393786762656002e-12,-1.206565979067469243e+02
4.771518400000000000e+10,-3.725679167030222903e-12,-1.206656801061527631e+02
4.772218300000000000e+10,-3.717964547297789805e-12,-1.206747609243161321e+02
4.772918200000000000e+10,-3.710249927565357514e-12,-1.206838403616644939e+02
4.773618100000000000e+10,-3.702535307832924415e-12,-1.206929184186252257e+02
4.774318000000000000e+10,-3.694820688100491317e-12,-1.207019950956254348e+02
4.775017900000000000e+10,-3.687106068368058218e-12,-1.207110703930920863e+02
4.775717800000000000e+10,-3.679391448635625927e-12,-1.207201443114518327e+02
4.776417700000000000e+10,-3.671676828903192828e-12,-1.207292168511312980e+02
4.777117600000000000e+10,-3.663962209170759730e-12,-1.207382880125566942e+02
4.777817500000000000e+10,-3.656247589438326631e-12,-1.207473577961542048e+02
4.778517400000000000e+10,-3.648532969705894340e-12,-1.207564262023497292e+02
4.779217300000000000e+10,-3.641300513706739118e-12,-1.207654932315689820e+02
4.779917200000000000e+10,-3.633585893974305616e-12,-1.207745588842375071e+02
4.780617100000000000e+10,-3.625871274241872921e-12,-1.207836231607806212e+02
4.781317000000000000e+10,-3.618156654509440630e-12,-1.207926860616233853e+02
4.782016900000000000e+10,-3.610924198510284600e-12,-1.208017475871907891e+02
4.782716800000000000e+10,-3.603209578777851905e-12,-1.208108077379074814e+02
4.783416700000000000e+10,-3.595977122778696279e-12,-1.208198665141980825e+02
4.784116600000000000e+10,-3.588262503046263988e-12,-1.208289239164867581e+02
4.784816500000000000e+10,-3.581030047047108362e-12,-1.208379799451977590e+02
4.785516400000000000e+10,-3.573315427314675667e-12,-1.208470346007549381e+02
4.786216300000000000e+10,-3.566082971315519637e-12,-1.208560878835820063e+02
4.786916200000000000e+10,-3.558368351583086943e-12,-1.208651397941025323e+02
4.787616100000000000e+10,-3.551135895583931317e-12,-1.208741903327397722e+02
4.788316000000000000e+10,-3.543903439584776094e-12,-1.208832394999169111e+02
4.789015900000000000e+10,-3.536188819852343400e-12,-1.208922872960568498e+02
4.789715800000000000e+10,-3.528956363853187774e-12,-1.209013337215822617e+02
4.790415700000000000e+10,-3.521723907854032551e-12,-1.209103787769157066e+02
4.791115600000000000e+10,-3.514491451854876925e-12,-1.209194224624795311e+02
4.791815500000000000e+10,-3.506776832122444231e-12,-1.209284647786958402e+02
4.792515400000000000e+10,-3.499544376123288605e-12,-1.209375057259865400e+02
4.793215300000000000e+10,-3.492311920124132978e-12,-1.209465453047734087e+02
4.793915200000000000e+10,-3.485079464124978160e-12,-1.209555835154779402e+02
4.794615100000000000e+10,-3.477847008125822534e-12,-1.209646203585214863e+02
4.795315000000000000e+10,-3.470614552126667312e-12,-1.209736558343251716e+02
4.796014900000000000e+10,-3.463382096127511686e-12,-1.209826899433099214e+02
4.796714800000000000e+10,-3.456149640128356060e-12,-1.209917226858965336e+02
4.797414700000000000e+10,-3.448917184129200838e-12,-1.210007540625054787e+02
4.798114600000000000e+10,-3.442166891863322684e-12,-1.210097840735571424e+02
4.798814500000000000e+10,-3.434934435864167058e-12,-1.210188127194716685e+02
4.799514400000000000e+10,-3.427701979865011432e-12,-1.210278400006689878e+02
4.800214300000000000e+10,-3.420469523865856614e-12,-1.210368659175689174e+02
4.800914200000000000e+10,-3.413237067866700988e-12,-1.210458904705909333e+02
4.801614100000000000e+10,-3.406486775600822430e-12,-1.210549136601544262e+02
4.802314000000000000e+10,-3.399254319601667612e-12,-1.210639354866785879e+02
4.803013900000000000e+10,-3.392021863602511986e-12,-1.210729559505823403e+02
4.803713800000000000e+10,-3.385271571336634236e-12,-1.210819750522844913e+02
4.804413700000000000e+10,-3.378039115337478610e-12,-1.210909927922036076e+02
4.805113600000000000e+10,-3.371288823071600053e-12,-1.211000091707580708e+02
4.805813500000000000e+10,-3.364056367072444830e-12,-1.211090241883660212e+02
4.806513400000000000e+10,-3.357306074806566677e-12,-1.211180378454454853e+02
4.807213300000000000e+10,-3.350073618807411455e-12,-1.211270501424143333e+02
4.807913200000000000e+10,-3.343323326541533301e-12,-1.211360610796899806e+02
4.808613100000000000e+10,-3.336573034275655148e-12,-1.211450706576899705e+02
4.809313000000000000e+10,-3.329340578276499925e-12,-1.211540788768314485e+02
4.810012900000000000e+10,-3.322590286010621772e-12,-1.211630857375314463e+02
4.810712800000000000e+10,-3.315839993744743618e-12,-1.211720912402067540e+02
4.811412700000000000e+10,-3.308607537745588396e-12,-1.211810953852739914e+02
4.812112600000000000e+10,-3.301857245479710243e-12,-1.211900981731496643e+02
4.812812500000000000e+10,-3.295106953213832089e-12,-1.211990996042498807e+02
4.813512400000000000e+10,-3.288356660947953936e-12,-1.212080996789907203e+02
4.814212300000000000e+10,-3.281606368682075782e-12,-1.212170983977880496e+02
4.814912200000000000e+10,-3.274856076416198033e-12,-1.212260957610575076e+02
4.815612100000000000e+10,-3.268105784150319475e-12,-1.212350917692145629e+02
4.816312000000000000e+10,-3.261355491884441322e-12,-1.212440864226744281e+02
4.817011900000000000e+10,-3.254605199618563572e-12,-1.212530797218521883e+02
4.817711800000000000e+10,-3.247854907352685822e-12,-1.212620716671627150e+02
4.818411700000000000e+10,-3.241104615086807265e-12,-1.212710622590206953e+02
4.819111600000000000e+10,-3.234354322820929111e-12,-1.212800514978405602e+02
4.819811500000000000e+10,-3.227604030555051362e-12,-1.212890393840366983e+02
4.820511400000000000e+10,-3.220853738289173208e-12,-1.212980259180231428e+02
4.821211300000000000e+10,-3.214103446023295459e-12,-1.213070111002137708e+02
4.821911200000000000e+10,-3.207835317490694374e-12,-1.213159949310223169e+02
4.822611100000000000e+10,-3.201085025224816624e-12,-1.213249774108622887e+02
4.823311000000000000e+10,-3.194334732958938067e-12,-1.213339585401470799e+02
4.824010900000000000e+10,-3.187584440693060317e-12,-1.213429383192897006e+02
4.824710800000000000e+10,-3.181316312160459232e-12,-1.213519167487031893e+02
4.825410700000000000e+10,-3.174566019894581079e-12,-1.213608938288002292e+02
4.826110600000000000e+10,-3.168297891361980398e-12,-1.213698695599934183e+02
4.826810500000000000e+10,-3.161547599096102648e-12,-1.213788439426950703e+02
4.827510400000000000e+10,-3.154797306830224495e-12,-1.213878169773173852e+02
4.828210300000000000e+10,-3.148529178297623410e-12,-1.213967886642723926e+02
4.828910200000000000e+10,-3.141778886031745660e-12,-1.214057590039717809e+02
4.829610100000000000e+10,-3.135510757499144979e-12,-1.214147279968271391e+02
4.830310000000000000e+10,-3.129242628966543894e-12,-1.214236956432499568e+02
4.831009900000000000e+10,-3.122492336700665741e-12,-1.214326619436514108e+02
4.831709800000000000e+10,-3.116224208168065060e-12,-1.214416268984424505e+02
4.832409700000000000e+10,-3.109956079635464783e-12,-1.214505905080339687e+02
4.833109600000000000e+10,-3.103205787369586629e-12,-1.214595527728366022e+02
4.833809500000000000e+10,-3.096937658836985948e-12,-1.214685136932608032e+02
4.834509400000000000e+10,-3.090669530304384864e-12,-1.214774732697167678e+02
4.835209300000000000e+10,-3.084401401771784183e-12,-1.214864315026146073e+02
4.835909200000000000e+10,-3.077651109505906029e-12,-1.214953883923642053e+02
4.836609100000000000e+10,-3.071382980973305752e-12,-1.215043439393751754e+02
4.837309000000000000e+10,-3.065114852440705071e-12,-1.215132981440570603e+02
4.838008900000000000e+10,-3.058846723908103986e-12,-1.215222510068192037e+02
4.838708800000000000e+10,-3.052578595375502901e-12,-1.215312025280705654e+02
4.839408700000000000e+10,-3.046310466842902220e-12,-1.215401527082202620e+02
4.840108600000000000e+10,-3.040042338310301943e-12,-1.215491015476768553e+02
4.840808500000000000e+10,-3.033774209777700858e-12,-1.215580490468489927e+02
4.841508400000000000e+10,-3.027506081245100177e-12,-1.215669952061449663e+02
4.842208300000000000e+10,-3.021237952712499093e-12,-1.215759400259729404e+02
4.842908200000000000e+10,-3.014969824179898816e-12,-1.215848835067409368e+02
4.843608100000000000e+10,-3.008701695647297731e-12,-1.215938256488567362e+02
4.844308000000000000e+10,-3.002433567114697050e-12,-1.216027664527278489e+02
4.845007900000000000e+10,-2.996647602315373841e-12,-1.216117059187617002e+02
4.845707800000000000e+10,-2.990379473782772757e-12,-1.216206440473655590e+02
4.846407700000000000e+10,-2.984111345250172076e-12,-1.216295808389463957e+02
4.847107600000000000e+10,-2.977843216717571798e-12,-1.216385162939111524e+02
4.847807500000000000e+10,-2.972057251918247782e-12,-1.216474504126663447e+02
4.848507400000000000e+10,-2.965789123385647505e-12,-1.216563831956184885e+02
4.849207300000000000e+10,-2.959520994853046420e-12,-1.216653146431738151e+02
4.849907200000000000e+10,-2.953735030053722808e-12,-1.216742447557384708e+02
4.850607100000000000e+10,-2.947466901521122127e-12,-1.216831735337183460e+02
4.851307000000000000e+10,-2.941680936721798515e-12,-1.216921009775191180e+02
4.852006900000000000e+10,-2.935412808189198238e-12,-1.217010270875462794e+02
4.852706800000000000e+10,-2.929626843389874222e-12,-1.217099518642052374e+02
4.853406700000000000e+10,-2.923358714857273945e-12,-1.217188753079010155e+02
4.854106600000000000e+10,-2.917572750057950332e-12,-1.217277974190386800e+02
4.854806500000000000e+10,-2.911304621525349651e-12,-1.217367181980229134e+02
4.855506400000000000e+10,-2.905518656726026039e-12,-1.217456376452584124e+02
4.856206300000000000e+10,-2.899732691926702831e-12,-1.217545557611494331e+02
4.856906200000000000e+10,-2.893464563394101746e-12,-1.217634725461002745e+02
4.857606100000000000e+10,-2.887678598594778537e-12,-1.217723880005149226e+02
4.858306000000000000e+10,-2.881892633795454521e-12,-1.217813021247971790e+02
4.859005900000000000e+10,-2.875624505262854244e-12,-1.217902149193507597e+02
4.859705800000000000e+10,-2.869838540463530228e-12,-1.217991263845790826e+02
4.860405700000000000e+10,-2.864052575664207020e-12,-1.218080365208853664e+02
4.861105600000000000e+10,-2.858266610864883811e-12,-1.218169453286728157e+02
4.861805500000000000e+10,-2.852480646065559795e-12,-1.218258528083442371e+02
4.862505400000000000e+10,-2.846694681266236587e-12,-1.218347589603023806e+02
4.863205300000000000e+10,-2.840426552733635906e-12,-1.218436637849496975e+02
4.863905200000000000e+10,-2.834640587934312293e-12,-1.218525672826886250e+02
4.864605100000000000e+10,-2.828854623134989085e-12,-1.218614694539213161e+02
4.865305000000000000e+10,-2.823068658335665473e-12,-1.218703702990496538e+02
4.866004900000000000e+10,-2.817282693536341860e-12,-1.218792698184754784e+02
4.866704800000000000e+10,-2.811496728737018652e-12,-1.218881680126004028e+02
4.867404700000000000e+10,-2.805710763937695040e-12,-1.218970648818257700e+02
4.868104600000000000e+10,-2.800406962871648496e-12,-1.219059604265528804e+02
4.868804500000000000e+10,-2.794620998072325288e-12,-1.219148546471827785e+02
4.869504400000000000e+10,-2.788835033273001675e-12,-1.219237475441162530e+02
4.870204300000000000e+10,-2.783049068473678063e-12,-1.219326391177540074e+02
4.870904200000000000e+10,-2.777263103674354855e-12,-1.219415293684965604e+02
4.871604100000000000e+10,-2.771477138875031646e-12,-1.219504182967441466e+02
4.872304000000000000e+10,-2.766173337808984699e-12,-1.219593059028969719e+02
4.873003900000000000e+10,-2.760387373009661490e-12,-1.219681921873548589e+02
4.873703800000000000e+10,-2.754601408210338282e-12,-1.219770771505176299e+02
4.874403700000000000e+10,-2.749297607144291334e-12,-1.219859607927848231e+02
4.875103600000000000e+10,-2.743511642344968126e-12,-1.219948431145558629e+02
4.875803500000000000e+10,-2.737725677545644918e-12,-1.220037241162299324e+02
4.876503400000000000e+10,-2.732421876479598778e-12,-1.220126037982059728e+02
4.877203300000000000e+10,-2.726635911680275569e-12,-1.220214821608828970e+02
4.877903200000000000e+10,-2.721332110614228622e-12,-1.220303592046592911e+02
4.878603100000000000e+10,-2.715546145814905414e-12,-1.220392349299336132e+02
4.879303000000000000e+10,-2.710242344748859274e-12,-1.220481093371041936e+02
4.880002900000000000e+10,-2.704456379949535662e-12,-1.220569824265691352e+02
4.880702800000000000e+10,-2.699152578883489522e-12,-1.220658541987262424e+02
4.881402700000000000e+10,-2.693366614084166313e-12,-1.220747246539733624e+02
4.882102600000000000e+10,-2.688062813018119366e-12,-1.220835937927079158e+02
4.882802500000000000e+10,-2.682276848218796157e-12,-1.220924616153274371e+02
4.883502400000000000e+10,-2.676973047152750018e-12,-1.221013281222289777e+02
4.884202300000000000e+10,-2.671669246086703474e-12,-1.221101933138095319e+02
4.884902200000000000e+10,-2.665883281287380266e-12,-1.221190571904659663e+02
4.885602100000000000e+10,-2.660579480221334126e-12,-1.221279197525948632e+02
4.886302000000000000e+10,-2.655275679155287986e-12,-1.221367810005926913e+02
4.887001900000000000e+10,-2.649971878089241847e-12,-1.221456409348557912e+02
4.887701800000000000e+10,-2.644668077023194899e-12,-1.221544995557801059e+02
4.888401700000000000e+10,-2.638882112223872094e-12,-1.221633568637616634e+02
4.889101600000000000e+10,-2.633578311157825955e-12,-1.221722128591960796e+02
4.889801500000000000e+10,-2.628274510091779007e-12,-1.221810675424790418e+02
4.890501400000000000e+10,-2.622970709025732868e-12,-1.221899209140056826e+02
4.891201300000000000e+10,-2.617666907959686728e-12,-1.221987729741713906e+02
4.891901200000000000e+10,-2.612363106893640184e-12,-1.222076237233710714e+02
4.892601100000000000e+10,-2.607059305827594044e-12,-1.222164731619995450e+02
4.893301000000000000e+10,-2.601755504761547905e-12,-1.222253212904514044e+02
4.894000900000000000e+10,-2.596451703695501765e-12,-1.222341681091211427e+02
4.894700800000000000e+10,-2.591147902629455625e-12,-1.222430136184030545e+02
4.895400700000000000e+10,-2.585844101563409082e-12,-1.222518578186911782e+02
4.896100600000000000e+10,-2.580540300497362942e-12,-1.222607007103794956e+02
4.896800500000000000e+10,-2.575236499431316802e-12,-1.222695422938615906e+02
4.897500400000000000e+10,-2.569932698365270259e-12,-1.222783825695311748e+02
4.898200300000000000e+10,-2.564628897299224119e-12,-1.222872215377815053e+02
4.898900200000000000e+10,-2.559807259966455048e-12,-1.222960591990058390e+02
4.899600100000000000e+10,-2.554503458900408908e-12,-1.223048955535971061e+02
4.900300000000000000e+10,-2.549199657834362768e-12,-1.223137306019481940e+02
4.900999900000000000e+10,-2.543895856768316225e-12,-1.223225643444517345e+02
4.901699800000000000e+10,-2.539074219435547154e-12,-1.223313967815001888e+02
4.902399700000000000e+10,-2.533770418369501014e-12,-1.223402279134858048e+02
4.903099600000000000e+10,-2.528466617303454470e-12,-1.223490577408007596e+02
4.903799500000000000e+10,-2.523644979970685399e-12,-1.223578862638369174e+02
4.904499400000000000e+10,-2.518341178904639259e-12,-1.223667134829861283e+02
4.905199300000000000e+10,-2.513037377838593524e-12,-1.223755393986398445e+02
4.905899200000000000e+10,-2.508215740505824049e-12,-1.223843640111894615e+02
4.906599100000000000e+10,-2.502911939439777909e-12,-1.223931873210262893e+02
4.907299000000000000e+10,-2.498090302107008838e-12,-1.224020093285412827e+02
4.907998900000000000e+10,-2.492786501040962698e-12,-1.224108300341252829e+02
4.908698800000000000e+10,-2.487964863708193627e-12,-1.224196494381690457e+02
4.909398700000000000e+10,-2.482661062642147487e-12,-1.224284675410629433e+02
4.910098600000000000e+10,-2.477839425309378012e-12,-1.224372843431974331e+02
4.910798500000000000e+10,-2.472535624243331873e-12,-1.224460998449625180e+02
4.911498400000000000e+10,-2.467713986910562802e-12,-1.224549140467482857e+02
4.912198300000000000e+10,-2.462892349577793327e-12,-1.224637269489443838e+02
4.912898200000000000e+10,-2.457588548511747995e-12,-1.224725385519405449e+02
4.913598100000000000e+10,-2.452766911178978520e-12,-1.224813488561261323e+02
4.914298000000000000e+10,-2.447945273846209449e-12,-1.224901578618903670e+02
4.914997900000000000e+10,-2.442641472780163309e-12,-1.224989655696223423e+02
4.915697800000000000e+10,-2.437819835447393834e-12,-1.225077719797109808e+02
4.916397700000000000e+10,-2.432998198114624763e-12,-1.225165770925449635e+02
4.917097600000000000e+10,-2.428176560781855692e-12,-1.225253809085128722e+02
4.917797500000000000e+10,-2.422872759715809956e-12,-1.225341834280030042e+02
4.918497400000000000e+10,-2.418051122383040885e-12,-1.225429846514035859e+02
4.919197300000000000e+10,-2.413229485050271410e-12,-1.225517845791026019e+02
4.919897200000000000e+10,-2.408407847717502339e-12,-1.225605832114878808e+02
4.920597100000000000e+10,-2.403586210384733268e-12,-1.225693805489471089e+02
4.921297000000000000e+10,-2.398764573051964197e-12,-1.225781765918677308e+02
4.921996900000000000e+10,-2.393942935719195126e-12,-1.225869713406370209e+02
4.922696800000000000e+10,-2.389121298386425651e-12,-1.225957647956421681e+02
4.923396700000000000e+10,-2.384299661053656984e-12,-1.226045569572700913e+02
4.924096600000000000e+10,-2.379478023720887912e-12,-1.226133478259074963e+02
4.924796500000000000e+10,-2.374656386388118841e-12,-1.226221374019410604e+02
4.925496400000000000e+10,-2.369834749055349770e-12,-1.226309256857571626e+02
4.926196300000000000e+10,-2.365013111722580295e-12,-1.226397126777420681e+02
4.926896200000000000e+10,-2.360191474389811628e-12,-1.226484983782818006e+02
4.927596100000000000e+10,-2.355369837057042557e-12,-1.226572827877622984e+02
4.928296000000000000e+10,-2.350548199724273486e-12,-1.226660659065692300e+02
4.928995900000000000e+10,-2.345726562391504415e-12,-1.226748477350881785e+02
4.929695800000000000e+10,-2.340904925058735344e-12,-1.226836282737044712e+02
4.930395700000000000e+10,-2.336565451459243342e-12,-1.226924075228033075e+02
4.931095600000000000e+10,-2.331743814126474270e-12,-1.227011854827697022e+02
4.931795500000000000e+10,-2.326922176793705199e-12,-1.227099621539884708e+02
4.932495400000000000e+10,-2.322100539460936128e-12,-1.227187375368443298e+02
4.933195300000000000e+10,-2.317761065861443722e-12,-1.227275116317217254e+02
4.933895200000000000e+10,-2.312939428528675055e-12,-1.227362844390049474e+02
4.934595100000000000e+10,-2.308117791195905984e-12,-1.227450559590781722e+02
4.935295000000000000e+10,-2.303778317596413981e-12,-1.227538261923253771e+02
4.935994900000000000e+10,-2.298956680263644910e-12,-1.227625951391303118e+02
4.936694800000000000e+10,-2.294135042930875839e-12,-1.227713627998765702e+02
4.937394700000000000e+10,-2.289795569331383837e-12,-1.227801291749476320e+02
4.938094600000000000e+10,-2.284973931998614766e-12,-1.227888942647267498e+02
4.938794500000000000e+10,-2.280634458399122763e-12,-1.227976580695970767e+02
4.939494400000000000e+10,-2.275812821066354096e-12,-1.228064205899414389e+02
4.940194300000000000e+10,-2.271473347466861690e-12,-1.228151818261426200e+02
4.940894200000000000e+10,-2.266651710134093023e-12,-1.228239417785832046e+02
4.941594100000000000e+10,-2.262312236534601020e-12,-1.228327004476455215e+02
4.942294000000000000e+10,-2.257490599201831949e-12,-1.228414578337118996e+02
4.942993900000000000e+10,-2.253151125602339947e-12,-1.228502139371642841e+02
4.943693800000000000e+10,-2.248329488269570876e-12,-1.228589687583846199e+02
4.944393700000000000e+10,-2.243990014670078873e-12,-1.228677222977545966e+02
4.945093600000000000e+10,-2.239650541070586871e-12,-1.228764745556557330e+02
4.945793500000000000e+10,-2.234828903737817800e-12,-1.228852255324693772e+02
4.946493400000000000e+10,-2.230489430138325798e-12,-1.228939752285767213e+02
4.947193300000000000e+10,-2.226149956538833795e-12,-1.229027236443588151e+02
4.947893200000000000e+10,-2.221328319206065128e-12,-1.229114707801963959e+02
4.948593100000000000e+10,-2.216988845606572722e-12,-1.229202166364702293e+02
4.949293000000000000e+10,-2.212649372007081123e-12,-1.229289612135607968e+02
4.949992900000000000e+10,-2.208309898407588717e-12,-1.229377045118483807e+02
4.950692800000000000e+10,-2.203488261074820050e-12,-1.229464465317131499e+02
4.951392700000000000e+10,-2.199148787475328047e-12,-1.229551872735350884e+02
4.952092600000000000e+10,-2.194809313875836045e-12,-1.229639267376939671e+02
4.952792500000000000e+10,-2.190469840276344043e-12,-1.229726649245694432e+02
4.953492400000000000e+10,-2.186130366676852040e-12,-1.229814018345409750e+02
4.954192300000000000e+10,-2.181790893077360038e-12,-1.229901374679878643e+02
4.954892200000000000e+10,-2.176969255744591371e-12,-1.229988718252892141e+02
4.955592100000000000e+10,-2.172629782145099368e-12,-1.230076049068239854e+02
4.956292000000000000e+10,-2.168290308545607366e-12,-1.230163367129708973e+02
4.956991900000000000e+10,-2.163950834946115363e-12,-1.230250672441086408e+02
4.957691800000000000e+10,-2.159611361346623361e-12,-1.230337965006155940e+02
4.958391700000000000e+10,-2.155271887747131359e-12,-1.230425244828700073e+02
4.959091600000000000e+10,-2.150932414147639760e-12,-1.230512511912500315e+02
4.959791500000000000e+10,-2.146592940548147758e-12,-1.230599766261335191e+02
4.960491400000000000e+10,-2.142253466948655755e-12,-1.230687007878982229e+02
4.961191300000000000e+10,-2.138396157082440822e-12,-1.230774236769217822e+02
4.961891200000000000e+10,-2.134056683482948819e-12,-1.230861452935814953e+02
4.962591100000000000e+10,-2.129717209883456817e-12,-1.230948656382547313e+02
4.963291000000000000e+10,-2.125377736283964814e-12,-1.231035847113184758e+02
4.963990900000000000e+10,-2.121038262684472812e-12,-1.231123025131496149e+02
4.964690800000000000e+10,-2.116698789084980810e-12,-1.231210190441249495e+02
4.965390700000000000e+10,-2.112359315485489211e-12,-1.231297343046209392e+02
4.966090600000000000e+10,-2.108502005619273873e-12,-1.231384482950140580e+02
4.966790500000000000e+10,-2.104162532019782275e-12,-1.231471610156804672e+02
4.967490400000000000e+10,-2.099823058420290273e-12,-1.231558724669961862e+02
4.968190300000000000e+10,-2.095483584820798674e-12,-1.231645826493371771e+02
4.968890200000000000e+10,-2.091626274954583336e-12,-1.231732915630790615e+02
4.969590100000000000e+10,-2.087286801355091738e-12,-1.231819992085974604e+02
4.970290000000000000e+10,-2.082947327755599735e-12,-1.231907055862676401e+02
4.970989900000000000e+10,-2.079090017889384802e-12,-1.231994106964649234e+02
4.971689800000000000e+10,-2.074750544289892799e-12,-1.232081145395642494e+02
4.972389700000000000e+10,-2.070411070690400797e-12,-1.232168171159405148e+02
4.973089600000000000e+10,-2.066553760824185863e-12,-1.232255184259683602e+02
4.973789500000000000e+10,-2.062214287224694265e-12,-1.232342184700223555e+02
4.974489400000000000e+10,-2.058356977358478927e-12,-1.232429172484768856e+02
4.975189300000000000e+10,-2.054017503758987329e-12,-1.232516147617060795e+02
4.975889200000000000e+10,-2.050160193892771991e-12,-1.232603110100839814e+02
4.976589100000000000e+10,-2.045820720293280392e-12,-1.232690059939844218e+02
4.977289000000000000e+10,-2.041963410427065459e-12,-1.232776997137810895e+02
4.977988900000000000e+10,-2.037623936827573860e-12,-1.232863921698475167e+02
4.978688800000000000e+10,-2.033766626961358523e-12,-1.232950833625569942e+02
4.979388700000000000e+10,-2.029427153361866924e-12,-1.233037732922827843e+02
4.980088600000000000e+10,-2.025569843495651990e-12,-1.233124619593978224e+02
4.980788500000000000e+10,-2.021712533629437057e-12,-1.233211493642749588e+02
4.981488400000000000e+10,-2.017373060029945054e-12,-1.233298355072868731e+02
4.982188300000000000e+10,-2.013515750163730524e-12,-1.233385203888060886e+02
4.982888200000000000e+10,-2.009176276564238522e-12,-1.233472040092049724e+02
4.983588100000000000e+10,-2.005318966698023588e-12,-1.233558863688556073e+02
4.984288000000000000e+10,-2.001461656831808654e-12,-1.233645674681300619e+02
4.984987900000000000e+10,-1.997604346965593721e-12,-1.233732473074001632e+02
4.985687800000000000e+10,-1.993264873366101718e-12,-1.233819258870375393e+02
4.986387700000000000e+10,-1.989407563499887189e-12,-1.233906032074137613e+02
4.987087600000000000e+10,-1.985550253633671851e-12,-1.233992792689000595e+02
4.987787500000000000e+10,-1.981692943767457321e-12,-1.234079540718677208e+02
4.988487400000000000e+10,-1.977353470167965319e-12,-1.234166276166877196e+02
4.989187300000000000e+10,-1.973496160301750385e-12,-1.234252999037308172e+02
4.989887200000000000e+10,-1.969638850435535451e-12,-1.234339709333677604e+02
4.990587100000000000e+10,-1.965781540569320921e-12,-1.234426407059690121e+02
4.991287000000000000e+10,-1.961924230703105584e-12,-1.234513092219049071e+02
4.991986900000000000e+10,-1.958066920836891054e-12,-1.234599764815456808e+02
4.992686800000000000e+10,-1.954209610970675716e-12,-1.234686424852611992e+02
4.993386700000000000e+10,-1.949870137371184522e-12,-1.234773072334214419e+02
4.994086600000000000e+10,-1.946012827504969184e-12,-1.234859707263960047e+02
4.994786500000000000e+10,-1.942155517638754654e-12,-1.234946329645543983e+02
4.995486400000000000e+10,-1.938298207772539720e-12,-1.235032939482659913e+02
4.996186300000000000e+10,-1.934440897906324787e-12,-1.235119536778999532e+02
4.996886200000000000e+10,-1.930583588040109853e-12,-1.235206121538252688e+02
4.997586100000000000e+10,-1.926726278173894919e-12,-1.235292693764108094e+02
4.998286000000000000e+10,-1.922868968307679985e-12,-1.235379253460252471e+02
4.998985900000000000e+10,-1.919011658441465456e-12,-1.235465800630370694e+02
4.999685800000000000e+10,-1.915636512308527187e-12,-1.235552335278146359e+02
5.000385700000000000e+10,-1.911779202442312657e-12,-1.235638857407261355e+02
5.001085600000000000e+10,-1.907921892576097319e-12,-1.235725367021396295e+02
5.001785500000000000e+10,-1.904064582709882789e-12,-1.235811864124229089e+02
5.002485400000000000e+10,-1.900207272843667856e-12,-1.235898348719437223e+02
5.003185300000000000e+10,-1.896349962977453326e-12,-1.235984820810695197e+02
5.003885200000000000e+10,-1.892492653111238392e-12,-1.236071280401677086e+02
5.004585100000000000e+10,-1.889117506978300527e-12,-1.236157727496054690e+02
5.005285000000000000e+10,-1.885260197112085593e-12,-1.236244162097498815e+02
5.005984900000000000e+10,-1.881402887245870660e-12,-1.236330584209676999e+02
5.006684800000000000e+10,-1.877545577379655726e-12,-1.236416993836257632e+02
5.007384700000000000e+10,-1.873688267513441196e-12,-1.236503390980905550e+02
5.008084600000000000e+10,-1.870313121380502927e-12,-1.236589775647283886e+02
5.008784500000000000e+10,-1.866455811514288397e-12,-1.236676147839055631e+02
5.009484400000000000e+10,-1.862598501648073463e-12,-1.236762507559881072e+02
5.010184300000000000e+10,-1.859223355515135598e-12,-1.236848854813418939e+02
5.010884200000000000e+10,-1.855366045648920665e-12,-1.236935189603326251e+02
5.011584100000000000e+10,-1.851508735782706135e-12,-1.237021511933258751e+02
5.012284000000000000e+10,-1.848133589649767866e-12,-1.237107821806870476e+02
5.012983900000000000e+10,-1.844276279783553336e-12,-1.237194119227813758e+02
5.013683800000000000e+10,-1.840901133650615471e-12,-1.237280404199739223e+02
5.014383700000000000e+10,-1.837043823784400537e-12,-1.237366676726295793e+02
5.015083600000000000e+10,-1.833186513918185603e-12,-1.237452936811130968e+02
5.015783500000000000e+10,-1.829811367785247738e-12,-1.237539184457890684e+02
5.016483400000000000e+10,-1.825954057919032805e-12,-1.237625419670218889e+02
5.017183300000000000e+10,-1.822578911786094940e-12,-1.237711642451758109e+02
5.017883200000000000e+10,-1.818721601919880208e-12,-1.237797852806149734e+02
5.018583100000000000e+10,-1.815346455786942545e-12,-1.237884050737032453e+02
5.019283000000000000e+10,-1.811489145920727611e-12,-1.237970236248044245e+02
5.019982900000000000e+10,-1.808113999787789746e-12,-1.238056409342820814e+02
5.020682800000000000e+10,-1.804738853654851881e-12,-1.238142570024997582e+02
5.021382700000000000e+10,-1.800881543788636947e-12,-1.238228718298206132e+02
5.022082600000000000e+10,-1.797506397655699284e-12,-1.238314854166078192e+02
5.022782500000000000e+10,-1.793649087789484552e-12,-1.238400977632243638e+02
5.023482400000000000e+10,-1.790273941656546485e-12,-1.238487088700330077e+02
5.024182300000000000e+10,-1.786898795523608620e-12,-1.238573187373963691e+02
5.024882200000000000e+10,-1.783041485657393888e-12,-1.238659273656769102e+02
5.025582100000000000e+10,-1.779666339524456023e-12,-1.238745347552369793e+02
5.026282000000000000e+10,-1.776291193391518158e-12,-1.238831409064387543e+02
5.026981900000000000e+10,-1.772433883525303224e-12,-1.238917458196441714e+02
5.027681800000000000e+10,-1.769058737392365561e-12,-1.239003494952150817e+02
5.028381700000000000e+10,-1.765683591259427696e-12,-1.239089519335131371e+02
5.029081600000000000e+10,-1.762308445126489629e-12,-1.239175531348998334e+02
5.029781500000000000e+10,-1.758451135260275099e-12,-1.239261530997365668e+02
5.030481400000000000e+10,-1.755075989127337234e-12,-1.239347518283844352e+02
5.031181300000000000e+10,-1.751700842994399167e-12,-1.239433493212045221e+02
5.031881200000000000e+10,-1.748325696861461504e-12,-1.239519455785577264e+02
5.032581100000000000e+10,-1.744950550728523639e-12,-1.239605406008046629e+02
5.033281000000000000e+10,-1.741093240862308705e-12,-1.239691343883059176e+02
5.033980900000000000e+10,-1.737718094729371042e-12,-1.239777269414218921e+02
5.034680800000000000e+10,-1.734342948596432975e-12,-1.239863182605127321e+02
5.035380700000000000e+10,-1.730967802463495312e-12,-1.239949083459386117e+02
5.036080600000000000e+10,-1.727592656330557447e-12,-1.240034971980593212e+02
5.036780500000000000e+10,-1.724217510197619784e-12,-1.240120848172346655e+02
5.037480400000000000e+10,-1.720842364064681717e-12,-1.240206712038242358e+02
5.038180300000000000e+10,-1.717467217931744054e-12,-1.240292563581874106e+02
5.038880200000000000e+10,-1.714092071798805987e-12,-1.240378402806834970e+02
5.039580100000000000e+10,-1.710716925665868324e-12,-1.240464229716715181e+02
5.040280000000000000e+10,-1.707341779532930459e-12,-1.240550044315104827e+02
5.040979900000000000e+10,-1.703966633399992593e-12,-1.240635846605592008e+02
5.041679800000000000e+10,-1.700591487267054728e-12,-1.240721636591762689e+02
5.042379700000000000e+10,-1.697216341134116863e-12,-1.240807414277201559e+02
5.043079600000000000e+10,-1.693841195001179200e-12,-1.240893179665491317e+02
5.043779500000000000e+10,-1.690466048868241335e-12,-1.240978932760213382e+02
5.044479400000000000e+10,-1.687090902735303672e-12,-1.241064673564948464e+02
5.045179300000000000e+10,-1.683715756602365605e-12,-1.241150402083274429e+02
5.045879200000000000e+10,-1.680340610469427942e-12,-1.241236118318767865e+02
5.046579100000000000e+10,-1.676965464336490077e-12,-1.241321822275003797e+02
5.047279000000000000e+10,-1.673590318203552212e-12,-1.241407513955556112e+02
5.047978900000000000e+10,-1.670697335803891415e-12,-1.241493193363996426e+02
5.048678800000000000e+10,-1.667322189670953348e-12,-1.241578860503895640e+02
5.049378700000000000e+10,-1.663947043538015685e-12,-1.241664515378821818e+02
5.050078600000000000e+10,-1.660571897405077820e-12,-1.241750157992343020e+02
5.050778500000000000e+10,-1.657196751272139955e-12,-1.241835788348024323e+02
5.051478400000000000e+10,-1.654303768872479159e-12,-1.241921406449430094e+02
5.052178300000000000e+10,-1.650928622739541294e-12,-1.242007012300122426e+02
5.052878200000000000e+10,-1.647553476606603630e-12,-1.242092605903662843e+02
5.053578100000000000e+10,-1.644178330473665563e-12,-1.242178187263610312e+02
5.054278000000000000e+10,-1.641285348074004767e-12,-1.242263756383522235e+02
5.054977900000000000e+10,-1.637910201941067104e-12,-1.242349313266955448e+02
5.055677800000000000e+10,-1.634535055808129441e-12,-1.242434857917464086e+02
5.056377700000000000e+10,-1.631642073408468240e-12,-1.242520390338601715e+02
5.057077600000000000e+10,-1.628266927275530375e-12,-1.242605910533919200e+02
5.057777500000000000e+10,-1.624891781142592712e-12,-1.242691418506966272e+02
5.058477400000000000e+10,-1.621998798742931916e-12,-1.242776914261292234e+02
5.059177300000000000e+10,-1.618623652609994253e-12,-1.242862397800443119e+02
5.059877200000000000e+10,-1.615730670210333052e-12,-1.242947869127964111e+02
5.060577100000000000e+10,-1.612355524077395187e-12,-1.243033328247399396e+02
5.061277000000000000e+10,-1.608980377944457524e-12,-1.243118775162290603e+02
5.061976900000000000e+10,-1.606087395544796728e-12,-1.243204209876177799e+02
5.062676800000000000e+10,-1.602712249411859065e-12,-1.243289632392600907e+02
5.063376700000000000e+10,-1.599819267012198066e-12,-1.243375042715096725e+02
5.064076600000000000e+10,-1.596444120879260403e-12,-1.243460440847201056e+02
5.064776500000000000e+10,-1.593551138479599203e-12,-1.243545826792448565e+02
5.065476400000000000e+10,-1.590175992346661540e-12,-1.243631200554370935e+02
5.066176300000000000e+10,-1.587283009947000542e-12,-1.243716562136500414e+02
5.066876200000000000e+10,-1.583907863814062878e-12,-1.243801911542365843e+02
5.067576100000000000e+10,-1.581014881414401880e-12,-1.243887248775496062e+02
5.068276000000000000e+10,-1.577639735281464217e-12,-1.243972573839416498e+02
5.068975900000000000e+10,-1.574746752881803421e-12,-1.244057886737652439e+02
5.069675800000000000e+10,-1.571853770482142422e-12,-1.244143187473727608e+02
5.070375700000000000e+10,-1.568478624349204759e-12,-1.244228476051163739e+02
5.071075600000000000e+10,-1.565585641949543761e-12,-1.244313752473480577e+02
5.071775500000000000e+10,-1.562210495816606098e-12,-1.244399016744196871e+02
5.072475400000000000e+10,-1.559317513416945301e-12,-1.244484268866830234e+02
5.073175300000000000e+10,-1.556424531017284303e-12,-1.244569508844896006e+02
5.073875200000000000e+10,-1.553049384884346640e-12,-1.244654736681908105e+02
5.074575100000000000e+10,-1.550156402484685641e-12,-1.244739952381379169e+02
5.075275000000000000e+10,-1.547263420085024845e-12,-1.244825155946820274e+02
5.075974900000000000e+10,-1.543888273952087182e-12,-1.244910347381740507e+02
5.076674800000000000e+10,-1.540995291552426183e-12,-1.244995526689647960e+02
5.077374700000000000e+10,-1.538102309152765387e-12,-1.245080693874049018e+02
5.078074600000000000e+10,-1.535209326753104389e-12,-1.245165848938447795e+02
5.078774500000000000e+10,-1.531834180620166726e-12,-1.245250991886348544e+02
5.079474400000000000e+10,-1.528941198220505929e-12,-1.245336122721252252e+02
5.080174300000000000e+10,-1.526048215820844931e-12,-1.245421241446659053e+02
5.080874200000000000e+10,-1.523155233421183932e-12,-1.245506348066068227e+02
5.081574100000000000e+10,-1.520262251021523136e-12,-1.245591442582975930e+02
5.082274000000000000e+10,-1.516887104888585473e-12,-1.245676525000878030e+02
5.082973900000000000e+10,-1.513994122488924878e-12,-1.245761595323268836e+02
5.083673800000000000e+10,-1.511101140089263880e-12,-1.245846653553640380e+02
5.084373700000000000e+10,-1.508208157689602882e-12,-1.245931699695484127e+02
5.085073600000000000e+10,-1.505315175289942085e-12,-1.246016733752288843e+02
5.085773500000000000e+10,-1.502422192890281289e-12,-1.246101755727542439e+02
5.086473400000000000e+10,-1.499529210490620291e-12,-1.246186765624731834e+02
5.087173300000000000e+10,-1.496636228090959292e-12,-1.246271763447341385e+02
5.087873200000000000e+10,-1.493743245691298496e-12,-1.246356749198854175e+02
5.088573100000000000e+10,-1.490850263291637901e-12,-1.246441722882752003e+02
5.089273000000000000e+10,-1.487475117158700238e-12,-1.246526684502515536e+02
5.089972900000000000e+10,-1.484582134759039240e-12,-1.246611634061623164e+02
5.090672800000000000e+10,-1.481689152359378242e-12,-1.246696571563551572e+02
5.091372700000000000e+10,-1.478796169959717445e-12,-1.246781497011777162e+02
5.092072600000000000e+10,-1.475903187560056851e-12,-1.246866410409773778e+02
5.092772500000000000e+10,-1.473010205160395852e-12,-1.246951311761013415e+02
5.093472400000000000e+10,-1.470117222760735056e-12,-1.247036201068968069e+02
5.094172300000000000e+10,-1.467706404094350924e-12,-1.247121078337106326e+02
5.094872200000000000e+10,-1.464813421694690128e-12,-1.247205943568896913e+02
5.095572100000000000e+10,-1.461920439295029332e-12,-1.247290796767806142e+02
5.096272000000000000e+10,-1.459027456895368535e-12,-1.247375637937298762e+02
5.096971900000000000e+10,-1.456134474495707537e-12,-1.247460467080838100e+02
5.097671800000000000e+10,-1.453241492096046942e-12,-1.247545284201886631e+02
5.098371700000000000e+10,-1.450348509696386146e-12,-1.247630089303904128e+02
5.099071600000000000e+10,-1.447455527296725148e-12,-1.247714882390350510e+02
5.099771500000000000e+10,-1.444562544897064149e-12,-1.247799663464681714e+02
5.100471400000000000e+10,-1.442151726230680421e-12,-1.247884432530354815e+02
5.101171300000000000e+10,-1.439258743831019625e-12,-1.247969189590823476e+02
5.101871200000000000e+10,-1.436365761431358627e-12,-1.248053934649540793e+02
5.102571100000000000e+10,-1.433472779031698032e-12,-1.248138667709958156e+02
5.103271000000000000e+10,-1.430579796632037034e-12,-1.248223388775525393e+02
5.103970900000000000e+10,-1.427686814232376237e-12,-1.248308097849690341e+02
5.104670800000000000e+10,-1.425275995565992106e-12,-1.248392794935900270e+02
5.105370700000000000e+10,-1.422383013166331511e-12,-1.248477480037600458e+02
5.106070600000000000e+10,-1.419490030766670513e-12,-1.248562153158234622e+02
5.106770500000000000e+10,-1.416597048367009919e-12,-1.248646814301245058e+02
5.107470400000000000e+10,-1.414186229700625787e-12,-1.248731463470072356e+02
5.108170300000000000e+10,-1.411293247300964991e-12,-1.248816100668156253e+02
5.108870200000000000e+10,-1.408400264901304194e-12,-1.248900725898933786e+02
5.109570100000000000e+10,-1.405989446234920264e-12,-1.248985339165841708e+02
5.110270000000000000e+10,-1.403096463835259266e-12,-1.249069940472314499e+02
5.110969900000000000e+10,-1.400203481435598672e-12,-1.249154529821786070e+02
5.111669800000000000e+10,-1.397792662769214540e-12,-1.249239107217687916e+02
5.112369700000000000e+10,-1.394899680369553744e-12,-1.249323672663449400e+02
5.113069600000000000e+10,-1.392006697969893149e-12,-1.249408226162500455e+02
5.113769500000000000e+10,-1.389595879303509018e-12,-1.249492767718267459e+02
5.114469400000000000e+10,-1.386702896903848221e-12,-1.249577297334177075e+02
5.115169300000000000e+10,-1.384292078237464291e-12,-1.249661815013652699e+02
5.115869200000000000e+10,-1.381399095837803697e-12,-1.249746320760117442e+02
5.116569100000000000e+10,-1.378506113438142699e-12,-1.249830814576993276e+02
5.117269000000000000e+10,-1.376095294771758567e-12,-1.249915296467698624e+02
5.117968900000000000e+10,-1.373202312372097973e-12,-1.249999766435653044e+02
5.118668800000000000e+10,-1.370791493705713841e-12,-1.250084224484272823e+02
5.119368700000000000e+10,-1.367898511306053246e-12,-1.250168670616972975e+02
5.120068600000000000e+10,-1.365487692639669115e-12,-1.250253104837167655e+02
5.120768500000000000e+10,-1.362594710240008520e-12,-1.250337527148269601e+02
5.121468400000000000e+10,-1.360183891573624389e-12,-1.250421937553688849e+02
5.122168300000000000e+10,-1.357290909173963794e-12,-1.250506336056835579e+02
5.122868200000000000e+10,-1.354880090507579663e-12,-1.250590722661116985e+02
5.123568100000000000e+10,-1.351987108107919068e-12,-1.250675097369939834e+02
5.124268000000000000e+10,-1.349576289441534937e-12,-1.250759460186708623e+02
5.124967900000000000e+10,-1.347165470775151209e-12,-1.250843811114827417e+02
5.125667800000000000e+10,-1.344272488375490210e-12,-1.250928150157697871e+02
5.126367700000000000e+10,-1.341861669709106483e-12,-1.251012477318720073e+02
5.127067600000000000e+10,-1.338968687309445484e-12,-1.251096792601293686e+02
5.127767500000000000e+10,-1.336557868643061757e-12,-1.251181096008816098e+02
5.128467400000000000e+10,-1.334147049976677625e-12,-1.251265387544682852e+02
5.129167300000000000e+10,-1.331254067577017030e-12,-1.251349667212288921e+02
5.129867200000000000e+10,-1.328843248910632899e-12,-1.251433935015026861e+02
5.130567100000000000e+10,-1.325950266510972304e-12,-1.251518190956289089e+02
5.131267000000000000e+10,-1.323539447844588173e-12,-1.251602435039465178e+02
5.131966900000000000e+10,-1.321128629178204445e-12,-1.251686667267943278e+02
5.132666800000000000e+10,-1.318717810511820313e-12,-1.251770887645111827e+02
5.133366700000000000e+10,-1.315824828112159517e-12,-1.251855096174355708e+02
5.134066600000000000e+10,-1.313414009445775587e-12,-1.251939292859058952e+02
5.134766500000000000e+10,-1.311003190779391658e-12,-1.252023477702604737e+02
5.135466400000000000e+10,-1.308110208379731063e-12,-1.252107650708374251e+02
5.136166300000000000e+10,-1.305699389713346932e-12,-1.252191811879747263e+02
5.136866200000000000e+10,-1.303288571046963204e-12,-1.252275961220102545e+02
5.137566100000000000e+10,-1.300877752380579072e-12,-1.252360098732816027e+02
5.138266000000000000e+10,-1.297984769980918478e-12,-1.252444224421264209e+02
5.138965900000000000e+10,-1.295573951314534548e-12,-1.252528338288820180e+02
5.139665800000000000e+10,-1.293163132648150618e-12,-1.252612440338856459e+02
5.140365700000000000e+10,-1.290752313981766689e-12,-1.252696530574744997e+02
5.141065600000000000e+10,-1.288341495315382557e-12,-1.252780608999854337e+02
5.141765500000000000e+10,-1.285930676648998829e-12,-1.252864675617553019e+02
5.142465400000000000e+10,-1.283037694249338235e-12,-1.252948730431207593e+02
5.143165300000000000e+10,-1.280626875582954103e-12,-1.253032773444182908e+02
5.143865200000000000e+10,-1.278216056916570173e-12,-1.253116804659843808e+02
5.144565100000000000e+10,-1.275805238250186244e-12,-1.253200824081550877e+02
5.145265000000000000e+10,-1.273394419583802314e-12,-1.253284831712666261e+02
5.145964900000000000e+10,-1.270983600917418384e-12,-1.253368827556548695e+02
5.146664800000000000e+10,-1.268572782251034455e-12,-1.253452811616555778e+02
5.147364700000000000e+10,-1.266161963584650525e-12,-1.253536783896044824e+02
5.148064600000000000e+10,-1.263268981184989931e-12,-1.253620744398369879e+02
5.148764500000000000e+10,-1.260858162518605799e-12,-1.253704693126884706e+02
5.149464400000000000e+10,-1.258447343852222071e-12,-1.253788630084942071e+02
5.150164300000000000e+10,-1.256036525185838142e-12,-1.253872555275891756e+02
5.150864200000000000e+10,-1.253625706519454010e-12,-1.253956468703083402e+02
5.151564100000000000e+10,-1.251214887853070282e-12,-1.254040370369864235e+02
5.152264000000000000e+10,-1.248804069186686554e-12,-1.254124260279581051e+02
5.152963900000000000e+10,-1.246393250520302423e-12,-1.254208138435577951e+02
5.153663800000000000e+10,-1.243982431853918493e-12,-1.254292004841199315e+02
5.154363700000000000e+10,-1.241571613187534765e-12,-1.254375859499785690e+02
5.155063600000000000e+10,-1.239160794521150634e-12,-1.254459702414678901e+02
5.155763500000000000e+10,-1.236749975854766704e-12,-1.254543533589217219e+02
5.156463400000000000e+10,-1.234339157188382976e-12,-1.254627353026738490e+02
5.157163300000000000e+10,-1.232410502255275711e-12,-1.254711160730578712e+02
5.157863200000000000e+10,-1.229999683588891782e-12,-1.254794956704072604e+02
5.158563100000000000e+10,-1.227588864922508054e-12,-1.254878740950553464e+02
5.159263000000000000e+10,-1.225178046256123922e-12,-1.254962513473352885e+02
5.159962900000000000e+10,-1.222767227589740195e-12,-1.255046274275801608e+02
5.160662800000000000e+10,-1.220356408923356265e-12,-1.255130023361228382e+02
5.161362700000000000e+10,-1.217945590256972537e-12,-1.255213760732960679e+02
5.162062600000000000e+10,-1.215534771590588405e-12,-1.255297486394324551e+02
5.162762500000000000e+10,-1.213123952924204476e-12,-1.255381200348644484e+02
5.163462400000000000e+10,-1.211195297991097615e-12,-1.255464902599243828e+02
5.164162300000000000e+10,-1.208784479324713685e-12,-1.255548593149444372e+02
5.164862200000000000e+10,-1.206373660658329553e-12,-1.255632272002566197e+02
5.165562100000000000e+10,-1.203962841991945826e-12,-1.255715939161928105e+02
5.166262000000000000e+10,-1.201552023325562098e-12,-1.255799594630848048e+02
5.166961900000000000e+10,-1.199141204659178168e-12,-1.255883238412641703e+02
5.167661800000000000e+10,-1.197212549726070903e-12,-1.255966870510623465e+02
5.168361700000000000e+10,-1.194801731059687176e-12,-1.256050490928106740e+02
5.169061600000000000e+10,-1.192390912393303246e-12,-1.256134099668403650e+02
5.169761500000000000e+10,-1.189980093726919316e-12,-1.256217696734823619e+02
5.170461400000000000e+10,-1.188051438793812253e-12,-1.256301282130675787e+02
5.171161300000000000e+10,-1.185640620127428324e-12,-1.256384855859267873e+02
5.171861200000000000e+10,-1.183229801461044394e-12,-1.256468417923905747e+02
5.172561100000000000e+10,-1.180818982794660666e-12,-1.256551968327894144e+02
5.173261000000000000e+10,-1.178890327861553401e-12,-1.256635507074536235e+02
5.173960900000000000e+10,-1.176479509195169472e-12,-1.256719034167132776e+02
5.174660800000000000e+10,-1.174068690528785744e-12,-1.256802549608985800e+02
5.175360700000000000e+10,-1.172140035595678681e-12,-1.256886053403392367e+02
5.176060600000000000e+10,-1.169729216929294953e-12,-1.256969545553651528e+02
5.176760500000000000e+10,-1.167318398262910821e-12,-1.257053026063058496e+02
5.177460400000000000e+10,-1.165389743329803759e-12,-1.257136494934908058e+02
5.178160300000000000e+10,-1.162978924663420031e-12,-1.257219952172493720e+02
5.178860200000000000e+10,-1.160568105997036101e-12,-1.257303397779106149e+02
5.179560100000000000e+10,-1.158639451063929240e-12,-1.257386831758037431e+02
5.180260000000000000e+10,-1.156228632397545108e-12,-1.257470254112575390e+02
5.180959900000000000e+10,-1.154299977464438045e-12,-1.257553664846007848e+02
5.181659800000000000e+10,-1.151889158798054318e-12,-1.257637063961620782e+02
5.182359700000000000e+10,-1.149478340131670388e-12,-1.257720451462699032e+02
5.183059600000000000e+10,-1.147549685198563325e-12,-1.257803827352526298e+02
5.183759500000000000e+10,-1.145138866532179395e-12,-1.257887191634383584e+02
5.184459400000000000e+10,-1.143210211599072332e-12,-1.257970544311552032e+02
5.185159300000000000e+10,-1.140799392932688403e-12,-1.258053885387310515e+02
5.185859200000000000e+10,-1.138870737999581542e-12,-1.258137214864937192e+02
5.186559100000000000e+10,-1.136459919333197612e-12,-1.258220532747707239e+02
5.187259000000000000e+10,-1.134531264400090549e-12,-1.258303839038896541e+02
5.187958900000000000e+10,-1.132120445733706619e-12,-1.258387133741777859e+02
5.188658800000000000e+10,-1.130191790800599556e-12,-1.258470416859623526e+02
5.189358700000000000e+10,-1.127780972134215627e-12,-1.258553688395704597e+02
5.190058600000000000e+10,-1.125852317201108766e-12,-1.258636948353289142e+02
5.190758500000000000e+10,-1.123441498534724836e-12,-1.258720196735646084e+02
5.191458400000000000e+10,-1.121512843601617773e-12,-1.258803433546040935e+02
5.192158300000000000e+10,-1.119102024935233843e-12,-1.258886658787739634e+02
5.192858200000000000e+10,-1.117173370002126780e-12,-1.258969872464004993e+02
5.193558100000000000e+10,-1.114762551335743053e-12,-1.259053074578099682e+02
5.194258000000000000e+10,-1.112833896402635990e-12,-1.259136265133284525e+02
5.194957900000000000e+10,-1.110905241469528927e-12,-1.259219444132818779e+02
5.195657800000000000e+10,-1.108494422803144997e-12,-1.259302611579960001e+02
5.196357700000000000e+10,-1.106565767870037934e-12,-1.259385767477965601e+02
5.197057600000000000e+10,-1.104154949203654004e-12,-1.259468911830090576e+02
5.197757500000000000e+10,-1.102226294270547143e-12,-1.259552044639588075e+02
5.198457400000000000e+10,-1.100297639337439878e-12,-1.259635165909711816e+02
5.199157300000000000e+10,-1.097886820671056151e-12,-1.259718275643711394e+02
5.199857200000000000e+10,-1.095958165737949088e-12,-1.259801373844837542e+02
5.200557100000000000e+10,-1.094029510804842025e-12,-1.259884460516338009e+02
5.201257000000000000e+10,-1.091618692138458297e-12,-1.259967535661459834e+02
5.201956900000000000e+10,-1.089690037205351032e-12,-1.260050599283448491e+02
5.202656800000000000e+10,-1.087761382272244171e-12,-1.260133651385547893e+02
5.203356700000000000e+10,-1.085350563605860241e-12,-1.260216691971000387e+02
5.204056600000000000e+10,-1.083421908672753178e-12,-1.260299721043047896e+02
5.204756500000000000e+10,-1.081493253739646115e-12,-1.260382738604930353e+02
5.205456400000000000e+10,-1.079082435073262186e-12,-1.260465744659885843e+02
5.206156300000000000e+10,-1.077153780140155325e-12,-1.260548739211152025e+02
5.206856200000000000e+10,-1.075225125207048262e-12,-1.260631722261963574e+02
5.207556100000000000e+10,-1.073296470273941199e-12,-1.260714693815555734e+02
5.208256000000000000e+10,-1.070885651607557471e-12,-1.260797653875162041e+02
5.208955900000000000e+10,-1.068956996674450206e-12,-1.260880602444012624e+02
5.209655800000000000e+10,-1.067028341741343345e-12,-1.260963539525338888e+02
5.210355700000000000e+10,-1.065099686808236282e-12,-1.261046465122368687e+02
5.211055600000000000e+10,-1.062688868141852352e-12,-1.261129379238330444e+02
5.211755500000000000e+10,-1.060760213208745491e-12,-1.261212281876449879e+02
5.212455400000000000e+10,-1.058831558275638226e-12,-1.261295173039951578e+02
5.213155300000000000e+10,-1.056902903342531164e-12,-1.261378052732059132e+02
5.213855200000000000e+10,-1.054974248409424302e-12,-1.261460920955993856e+02
5.214555100000000000e+10,-1.052563429743040373e-12,-1.261543777714976642e+02
5.215255000000000000e+10,-1.050634774809933310e-12,-1.261626623012227242e+02
5.215954900000000000e+10,-1.048706119876826449e-12,-1.261709456850962567e+02
5.216654800000000000e+10,-1.046777464943719184e-12,-1.261792279234399672e+02
5.217354700000000000e+10,-1.044848810010612323e-12,-1.261875090165753335e+02
5.218054600000000000e+10,-1.042920155077505260e-12,-1.261957889648237199e+02
5.218754500000000000e+10,-1.040991500144398197e-12,-1.262040677685063628e+02
5.219454400000000000e+10,-1.039062845211291134e-12,-1.262123454279443990e+02
5.220154300000000000e+10,-1.036652026544907406e-12,-1.262206219434587524e+02
5.220854200000000000e+10,-1.034723371611800343e-12,-1.262288973153701761e+02
5.221554100000000000e+10,-1.032794716678693280e-12,-1.262371715439994944e+02
5.222254000000000000e+10,-1.030866061745586217e-12,-1.262454446296671762e+02
5.222953900000000000e+10,-1.028937406812479154e-12,-1.262537165726936053e+02
5.223653800000000000e+10,-1.027008751879372293e-12,-1.262619873733991369e+02
5.224353700000000000e+10,-1.025080096946265230e-12,-1.262702570321038138e+02
5.225053600000000000e+10,-1.023151442013158167e-12,-1.262785255491276928e+02
5.225753500000000000e+10,-1.021222787080051104e-12,-1.262867929247906460e+02
5.226453400000000000e+10,-1.019294132146944041e-12,-1.262950591594123608e+02
5.227153300000000000e+10,-1.017365477213836978e-12,-1.263033242533124820e+02
5.227853200000000000e+10,-1.015436822280729915e-12,-1.263115882068104412e+02
5.228553100000000000e+10,-1.013508167347623054e-12,-1.263198510202255278e+02
5.229253000000000000e+10,-1.011579512414515991e-12,-1.263281126938769319e+02
5.229952900000000000e+10,-1.009650857481408929e-12,-1.263363732280837439e+02
5.230652800000000000e+10,-1.007722202548301866e-12,-1.263446326231648555e+02
5.231352700000000000e+10,-1.005793547615195005e-12,-1.263528908794390446e+02
5.232052600000000000e+10,-1.003864892682087942e-12,-1.263611479972249185e+02
5.232752500000000000e+10,-1.001936237748980879e-12,-1.263694039768410846e+02
5.233452400000000000e+10,-1.000007582815873816e-12,-1.263776588186057950e+02
5.234152300000000000e+10,-9.980789278827669546e-13,-1.263859125228373301e+02
5.234852200000000000e+10,-9.961502729496598916e-13,-1.263941650898537858e+02
5.235552100000000000e+10,-9.942216180165528286e-13,-1.264024165199730874e+02
5.236252000000000000e+10,-9.922929630834457657e-13,-1.264106668135131315e+02
5.236951900000000000e+10,-9.903643081503389047e-13,-1.264189159707916303e+02
5.237651800000000000e+10,-9.889178169505085065e-13,-1.264271639921260260e+02
5.238351700000000000e+10,-9.869891620174014435e-13,-1.264354108778338173e+02
5.239051600000000000e+10,-9.850605070842943805e-13,-1.264436566282323042e+02
5.239751500000000000e+10,-9.831318521511875195e-13,-1.264519012436385879e+02
5.240451400000000000e+10,-9.812031972180804565e-13,-1.264601447243697550e+02
5.241151300000000000e+10,-9.792745422849733935e-13,-1.264683870707426081e+02
5.241851200000000000e+10,-9.773458873518665325e-13,-1.264766282830740067e+02
5.242551100000000000e+10,-9.754172324187594696e-13,-1.264848683616804550e+02
5.243251000000000000e+10,-9.739707412189292733e-13,-1.264931073068784713e+02
5.243950900000000000e+10,-9.720420862858222103e-13,-1.265013451189844176e+02
5.244650800000000000e+10,-9.701134313527151474e-13,-1.265095817983144855e+02
5.245350700000000000e+10,-9.681847764196082863e-13,-1.265178173451847954e+02
5.246050600000000000e+10,-9.662561214865012234e-13,-1.265260517599112120e+02
5.246750500000000000e+10,-9.648096302866710271e-13,-1.265342850428096000e+02
5.247450400000000000e+10,-9.628809753535639641e-13,-1.265425171941956393e+02
5.248150300000000000e+10,-9.609523204204569012e-13,-1.265507482143848392e+02
5.248850200000000000e+10,-9.590236654873500401e-13,-1.265589781036926240e+02
5.249550100000000000e+10,-9.570950105542429772e-13,-1.265672068624343183e+02
5.250250000000000000e+10,-9.556485193544127809e-13,-1.265754344909249482e+02
5.250949900000000000e+10,-9.537198644213057180e-13,-1.265836609894796254e+02
5.251649800000000000e+10,-9.517912094881986550e-13,-1.265918863584131486e+02
5.252349700000000000e+10,-9.503447182883684587e-13,-1.266001105980403167e+02
5.253049600000000000e+10,-9.484160633552613958e-13,-1.266083337086757012e+02
5.253749500000000000e+10,-9.464874084221545347e-13,-1.266165556906337599e+02
5.254449400000000000e+10,-9.445587534890474718e-13,-1.266247765442288511e+02
5.255149300000000000e+10,-9.431122622892170736e-13,-1.266329962697752052e+02
5.255849200000000000e+10,-9.411836073561102125e-13,-1.266412148675868679e+02
5.256549100000000000e+10,-9.392549524230031496e-13,-1.266494323379777853e+02
5.257249000000000000e+10,-9.378084612231729533e-13,-1.266576486812617475e+02
5.257948900000000000e+10,-9.358798062900660923e-13,-1.266658638977524731e+02
5.258648800000000000e+10,-9.339511513569590293e-13,-1.266740779877634537e+02
5.259348700000000000e+10,-9.325046601571286311e-13,-1.266822909516081239e+02
5.260048600000000000e+10,-9.305760052240217701e-13,-1.266905027895997762e+02
5.260748500000000000e+10,-9.286473502909149091e-13,-1.266987135020515041e+02
5.261448400000000000e+10,-9.272008590910845109e-13,-1.267069230892764296e+02
5.262148300000000000e+10,-9.252722041579776499e-13,-1.267151315515872767e+02
5.262848200000000000e+10,-9.233435492248705869e-13,-1.267233388892968833e+02
5.263548100000000000e+10,-9.218970580250401887e-13,-1.267315451027178881e+02
5.264248000000000000e+10,-9.199684030919333277e-13,-1.267397501921627168e+02
5.264947900000000000e+10,-9.185219118921031314e-13,-1.267479541579437097e+02
5.265647800000000000e+10,-9.165932569589962704e-13,-1.267561570003731504e+02
5.266347700000000000e+10,-9.146646020258892074e-13,-1.267643587197630808e+02
5.267047600000000000e+10,-9.132181108260590112e-13,-1.267725593164254576e+02
5.267747500000000000e+10,-9.112894558929519482e-13,-1.267807587906721380e+02
5.268447400000000000e+10,-9.098429646931217519e-13,-1.267889571428147519e+02
5.269147300000000000e+10,-9.079143097600146890e-13,-1.267971543731648723e+02
5.269847200000000000e+10,-9.064678185601844927e-13,-1.268053504820340152e+02
5.270547100000000000e+10,-9.045391636270775307e-13,-1.268135454697333699e+02
5.271247000000000000e+10,-9.026105086939705687e-13,-1.268217393365741259e+02
5.271946900000000000e+10,-9.011640174941403725e-13,-1.268299320828673302e+02
5.272646800000000000e+10,-8.992353625610333095e-13,-1.268381237089239164e+02
5.273346700000000000e+10,-8.977888713612031132e-13,-1.268463142150546048e+02
5.274046600000000000e+10,-8.958602164280960503e-13,-1.268545036015700731e+02
5.274746500000000000e+10,-8.944137252282658540e-13,-1.268626918687808001e+02
5.275446400000000000e+10,-8.924850702951588920e-13,-1.268708790169972076e+02
5.276146300000000000e+10,-8.910385790953286958e-13,-1.268790650465294618e+02
5.276846200000000000e+10,-8.891099241622217338e-13,-1.268872499576877431e+02
5.277546100000000000e+10,-8.876634329623915375e-13,-1.268954337507820469e+02
5.278246000000000000e+10,-8.862169417625613413e-13,-1.269036164261222268e+02
5.278945900000000000e+10,-8.842882868294542783e-13,-1.269117979840179373e+02
5.279645800000000000e+10,-8.828417956296240820e-13,-1.269199784247788756e+02
5.280345700000000000e+10,-8.809131406965170191e-13,-1.269281577487143693e+02
5.281045600000000000e+10,-8.794666494966868228e-13,-1.269363359561339166e+02
5.281745500000000000e+10,-8.775379945635799618e-13,-1.269445130473466179e+02
5.282445400000000000e+10,-8.760915033637496646e-13,-1.269526890226615734e+02
5.283145300000000000e+10,-8.741628484306428035e-13,-1.269608638823876703e+02
5.283845200000000000e+10,-8.727163572308126073e-13,-1.269690376268337815e+02
5.284545100000000000e+10,-8.712698660309823101e-13,-1.269772102563086094e+02
5.285245000000000000e+10,-8.693412110978753481e-13,-1.269853817711206716e+02
5.285944900000000000e+10,-8.678947198980451518e-13,-1.269935521715783864e+02
5.286644800000000000e+10,-8.659660649649381898e-13,-1.270017214579900298e+02
5.287344700000000000e+10,-8.645195737651079936e-13,-1.270098896306637926e+02
5.288044600000000000e+10,-8.630730825652777973e-13,-1.270180566899077093e+02
5.288744500000000000e+10,-8.611444276321707343e-13,-1.270262226360297007e+02
5.289444400000000000e+10,-8.596979364323405381e-13,-1.270343874693375454e+02
5.290144300000000000e+10,-8.582514452325103418e-13,-1.270425511901388091e+02
5.290844200000000000e+10,-8.563227902994033798e-13,-1.270507137987410573e+02
5.291544100000000000e+10,-8.548762990995731836e-13,-1.270588752954517417e+02
5.292244000000000000e+10,-8.534298078997429873e-13,-1.270670356805780443e+02
5.292943900000000000e+10,-8.515011529666359244e-13,-1.270751949544270758e+02
5.293643800000000000e+10,-8.500546617668057281e-13,-1.270833531173059185e+02
5.294343700000000000e+10,-8.486081705669755318e-13,-1.270915101695213423e+02
5.295043600000000000e+10,-8.466795156338686708e-13,-1.270996661113801594e+02
5.295743500000000000e+10,-8.452330244340383736e-13,-1.271078209431889547e+02
5.296443400000000000e+10,-8.437865332342081773e-13,-1.271159746652542566e+02
5.297143300000000000e+10,-8.423400420343779811e-13,-1.271241272778823514e+02
5.297843200000000000e+10,-8.404113871012711201e-13,-1.271322787813795117e+02
5.298543100000000000e+10,-8.389648959014409238e-13,-1.271404291760517822e+02
5.299243000000000000e+10,-8.375184047016105256e-13,-1.271485784622052364e+02
5.299942900000000000e+10,-8.355897497685036646e-13,-1.271567266401456209e+02
5.300642800000000000e+10,-8.341432585686734683e-13,-1.271648737101787106e+02
5.301342700000000000e+10,-8.326967673688432721e-13,-1.271730196726100530e+02
5.302042600000000000e+10,-8.312502761690130758e-13,-1.271811645277450964e+02
5.302742500000000000e+10,-8.298037849691828796e-13,-1.271893082758891893e+02
5.303442400000000000e+10,-8.278751300360758166e-13,-1.271974509173475099e+02
5.304142300000000000e+10,-8.264286388362456203e-13,-1.272055924524251509e+02
5.304842200000000000e+10,-8.249821476364154241e-13,-1.272137328814270774e+02
5.305542100000000000e+10,-8.235356564365852278e-13,-1.272218722046580979e+02
5.306242000000000000e+10,-8.216070015034783668e-13,-1.272300104224228505e+02
5.306941900000000000e+10,-8.201605103036480696e-13,-1.272381475350259734e+02
5.307641800000000000e+10,-8.187140191038178733e-13,-1.272462835427718488e+02
5.308341700000000000e+10,-8.172675279039876771e-13,-1.272544184459647596e+02
5.309041600000000000e+10,-8.158210367041574808e-13,-1.272625522449089885e+02
5.309741500000000000e+10,-8.143745455043272846e-13,-1.272706849399084774e+02
5.310441400000000000e+10,-8.124458905712204236e-13,-1.272788165312672106e+02
5.311141300000000000e+10,-8.109993993713902273e-13,-1.272869470192889452e+02
5.311841200000000000e+10,-8.095529081715600310e-13,-1.272950764042773955e+02
5.312541100000000000e+10,-8.081064169717298348e-13,-1.273032046865360769e+02
5.313241000000000000e+10,-8.066599257718996385e-13,-1.273113318663684055e+02
5.313940900000000000e+10,-8.052134345720694423e-13,-1.273194579440777119e+02
5.314640800000000000e+10,-8.037669433722392460e-13,-1.273275829199671136e+02
5.315340700000000000e+10,-8.018382884391321831e-13,-1.273357067943396146e+02
5.316040600000000000e+10,-8.003917972393019868e-13,-1.273438295674982044e+02
5.316740500000000000e+10,-7.989453060394717906e-13,-1.273519512397456452e+02
5.317440400000000000e+10,-7.974988148396415943e-13,-1.273600718113845005e+02
5.318140300000000000e+10,-7.960523236398113980e-13,-1.273681912827174472e+02
5.318840200000000000e+10,-7.946058324399812018e-13,-1.273763096540467785e+02
5.319540100000000000e+10,-7.931593412401510055e-13,-1.273844269256748163e+02
5.320240000000000000e+10,-7.917128500403208093e-13,-1.273925430979036832e+02
5.320939900000000000e+10,-7.902663588404906130e-13,-1.274006581710354311e+02
5.321639800000000000e+10,-7.888198676406604168e-13,-1.274087721453719411e+02
5.322339700000000000e+10,-7.873733764408302205e-13,-1.274168850212149806e+02
5.323039600000000000e+10,-7.859268852410000243e-13,-1.274249967988662178e+02
5.323739500000000000e+10,-7.844803940411698280e-13,-1.274331074786271643e+02
5.324439400000000000e+10,-7.830339028413397327e-13,-1.274412170607991754e+02
5.325139300000000000e+10,-7.815874116415095365e-13,-1.274493255456835925e+02
5.325839200000000000e+10,-7.801409204416793402e-13,-1.274574329335814724e+02
5.326539100000000000e+10,-7.782122655085723782e-13,-1.274655392247939147e+02
5.327239000000000000e+10,-7.767657743087421820e-13,-1.274736444196217633e+02
5.327938900000000000e+10,-7.753192831089119857e-13,-1.274817485183657766e+02
5.328638800000000000e+10,-7.738727919090818904e-13,-1.274898515213266421e+02
5.329338700000000000e+10,-7.724263007092516942e-13,-1.274979534288048058e+02
5.330038600000000000e+10,-7.714619732426981627e-13,-1.275060542411007134e+02
5.330738500000000000e+10,-7.700154820428679664e-13,-1.275141539585145978e+02
5.331438400000000000e+10,-7.685689908430377702e-13,-1.275222525813466063e+02
5.332138300000000000e+10,-7.671224996432075739e-13,-1.275303501098967729e+02
5.332838200000000000e+10,-7.656760084433773777e-13,-1.275384465444649749e+02
5.333538100000000000e+10,-7.642295172435471814e-13,-1.275465418853509618e+02
5.334238000000000000e+10,-7.627830260437169852e-13,-1.275546361328543981e+02
5.334937900000000000e+10,-7.613365348438869909e-13,-1.275627292872747489e+02
5.335637800000000000e+10,-7.598900436440567946e-13,-1.275708213489114371e+02
5.336337700000000000e+10,-7.584435524442265984e-13,-1.275789123180637574e+02
5.337037600000000000e+10,-7.569970612443964021e-13,-1.275870021950308058e+02
5.337737500000000000e+10,-7.555505700445662059e-13,-1.275950909801115785e+02
5.338437400000000000e+10,-7.541040788447360096e-13,-1.276031786736050577e+02
5.339137300000000000e+10,-7.526575876449058134e-13,-1.276112652758098989e+02
5.339837200000000000e+10,-7.512110964450756171e-13,-1.276193507870248567e+02
5.340537100000000000e+10,-7.497646052452454208e-13,-1.276274352075483591e+02
5.341237000000000000e+10,-7.488002777786919903e-13,-1.276355185376788199e+02
5.341936900000000000e+10,-7.473537865788617941e-13,-1.276436007777145534e+02
5.342636800000000000e+10,-7.459072953790315978e-13,-1.276516819279536463e+02
5.343336700000000000e+10,-7.444608041792014016e-13,-1.276597619886941715e+02
5.344036600000000000e+10,-7.430143129793712053e-13,-1.276678409602340025e+02
5.344736500000000000e+10,-7.415678217795411100e-13,-1.276759188428708853e+02
5.345436400000000000e+10,-7.401213305797109138e-13,-1.276839956369025231e+02
5.346136300000000000e+10,-7.386748393798807175e-13,-1.276920713426264484e+02
5.346836200000000000e+10,-7.377105119133272870e-13,-1.277001459603400093e+02
5.347536100000000000e+10,-7.362640207134970908e-13,-1.277082194903405252e+02
5.348236000000000000e+10,-7.348175295136669955e-13,-1.277162919329251736e+02
5.348935900000000000e+10,-7.333710383138367992e-13,-1.277243632883908617e+02
5.349635800000000000e+10,-7.319245471140066030e-13,-1.277324335570346534e+02
5.350335700000000000e+10,-7.304780559141764067e-13,-1.277405027391532855e+02
5.351035600000000000e+10,-7.295137284476230772e-13,-1.277485708350433811e+02
5.351735500000000000e+10,-7.280672372477928809e-13,-1.277566378450015350e+02
5.352435400000000000e+10,-7.266207460479626847e-13,-1.277647037693241003e+02
5.353135300000000000e+10,-7.251742548481324884e-13,-1.277727686083074445e+02
5.353835200000000000e+10,-7.237277636483022922e-13,-1.277808323622476649e+02
5.354535100000000000e+10,-7.227634361817488617e-13,-1.277888950314408731e+02
5.355235000000000000e+10,-7.213169449819186654e-13,-1.277969566161829675e+02
5.355934900000000000e+10,-7.198704537820884692e-13,-1.278050171167697613e+02
5.356634800000000000e+10,-7.184239625822582729e-13,-1.278130765334968828e+02
5.357334700000000000e+10,-7.174596351157048424e-13,-1.278211348666599747e+02
5.358034600000000000e+10,-7.160131439158746461e-13,-1.278291921165544096e+02
5.358734500000000000e+10,-7.145666527160444499e-13,-1.278372482834755175e+02
5.359434400000000000e+10,-7.131201615162142536e-13,-1.278453033677184862e+02
5.360134300000000000e+10,-7.121558340496609241e-13,-1.278533573695784469e+02
5.360834200000000000e+10,-7.107093428498307278e-13,-1.278614102893502036e+02
5.361534100000000000e+10,-7.092628516500005316e-13,-1.278694621273286884e+02
5.362234000000000000e+10,-7.078163604501704363e-13,-1.278775128838086061e+02
5.362933900000000000e+10,-7.068520329836170058e-13,-1.278855625590844767e+02
5.363633800000000000e+10,-7.054055417837868095e-13,-1.278936111534507631e+02
5.364333700000000000e+10,-7.039590505839567143e-13,-1.279016586672018718e+02
5.365033600000000000e+10,-7.029947231174031828e-13,-1.279097051006319674e+02
5.365733500000000000e+10,-7.015482319175729865e-13,-1.279177504540351435e+02
5.366433400000000000e+10,-7.001017407177428912e-13,-1.279257947277053376e+02
5.367133300000000000e+10,-6.986552495179126950e-13,-1.279338379219364441e+02
5.367833200000000000e+10,-6.976909220513591635e-13,-1.279418800370221732e+02
5.368533100000000000e+10,-6.962444308515291692e-13,-1.279499210732561352e+02
5.369233000000000000e+10,-6.947979396516989729e-13,-1.279579610309318269e+02
5.369932900000000000e+10,-6.938336121851454415e-13,-1.279659999103425605e+02
5.370632800000000000e+10,-6.923871209853153462e-13,-1.279740377117816195e+02
5.371332700000000000e+10,-6.909406297854851499e-13,-1.279820744355421738e+02
5.372032600000000000e+10,-6.899763023189318204e-13,-1.279901100819171234e+02
5.372732500000000000e+10,-6.885298111191016241e-13,-1.279981446511993965e+02
5.373432400000000000e+10,-6.875654836525480926e-13,-1.280061781436817228e+02
5.374132300000000000e+10,-6.861189924527179974e-13,-1.280142105596567887e+02
5.374832200000000000e+10,-6.846725012528878011e-13,-1.280222418994170539e+02
5.375532100000000000e+10,-6.837081737863342696e-13,-1.280302721632549492e+02
5.376232000000000000e+10,-6.822616825865042753e-13,-1.280383013514627351e+02
5.376931900000000000e+10,-6.808151913866740791e-13,-1.280463294643325582e+02
5.377631800000000000e+10,-6.798508639201206486e-13,-1.280543565021565087e+02
5.378331700000000000e+10,-6.784043727202904523e-13,-1.280623824652263920e+02
5.379031600000000000e+10,-6.774400452537370218e-13,-1.280704073538340708e+02
5.379731500000000000e+10,-6.759935540539069265e-13,-1.280784311682712087e+02
5.380431400000000000e+10,-6.745470628540767303e-13,-1.280864539088293554e+02
5.381131300000000000e+10,-6.735827353875232998e-13,-1.280944755757998905e+02
5.381831200000000000e+10,-6.721362441876931035e-13,-1.281024961694742217e+02
5.382531100000000000e+10,-6.711719167211397740e-13,-1.281105156901434441e+02
5.383231000000000000e+10,-6.697254255213095777e-13,-1.281185341380986813e+02
5.383930900000000000e+10,-6.687610980547560462e-13,-1.281265515136308863e+02
5.384630800000000000e+10,-6.673146068549259509e-13,-1.281345678170308418e+02
5.385330700000000000e+10,-6.658681156550957547e-13,-1.281425830485893300e+02
5.386030600000000000e+10,-6.649037881885424252e-13,-1.281505972085968494e+02
5.386730500000000000e+10,-6.634572969887122289e-13,-1.281586102973439552e+02
5.387430400000000000e+10,-6.624929695221587984e-13,-1.281666223151209465e+02
5.388130300000000000e+10,-6.610464783223286021e-13,-1.281746332622180660e+02
5.388830200000000000e+10,-6.600821508557752726e-13,-1.281826431389254424e+02
5.389530100000000000e+10,-6.586356596559450763e-13,-1.281906519455330624e+02
5.390230000000000000e+10,-6.576713321893915449e-13,-1.281986596823307991e+02
5.390929900000000000e+10,-6.562248409895614496e-13,-1.282066663496083834e+02
5.391629800000000000e+10,-6.552605135230080191e-13,-1.282146719476554892e+02
5.392329700000000000e+10,-6.538140223231779238e-13,-1.282226764767615634e+02
5.393029600000000000e+10,-6.528496948566243923e-13,-1.282306799372160810e+02
5.393729500000000000e+10,-6.514032036567942970e-13,-1.282386823293082614e+02
5.394429400000000000e+10,-6.504388761902407655e-13,-1.282466836533272669e+02
5.395129300000000000e+10,-6.489923849904107712e-13,-1.282546839095622033e+02
5.395829200000000000e+10,-6.480280575238572397e-13,-1.282626830983018920e+02
5.396529100000000000e+10,-6.465815663240271445e-13,-1.282706812198352395e+02
5.397229000000000000e+10,-6.456172388574737140e-13,-1.282786782744508400e+02
5.397928900000000000e+10,-6.441707476576436187e-13,-1.282866742624372591e+02
5.398628800000000000e+10,-6.432064201910900872e-13,-1.282946691840830056e+02
5.399328700000000000e+10,-6.417599289912599919e-13,-1.283026630396763608e+02
5.400028600000000000e+10,-6.407956015247064604e-13,-1.283106558295055493e+02
5.400728500000000000e+10,-6.398312740581531309e-13,-1.283186475538586251e+02
5.401428400000000000e+10,-6.383847828583229346e-13,-1.283266382130236423e+02
5.402128300000000000e+10,-6.374204553917696051e-13,-1.283346278072883422e+02
5.402828200000000000e+10,-6.359739641919394088e-13,-1.283426163369405515e+02
5.403528100000000000e+10,-6.350096367253859783e-13,-1.283506038022678695e+02
5.404228000000000000e+10,-6.335631455255557821e-13,-1.283585902035577817e+02
5.404927900000000000e+10,-6.325988180590023516e-13,-1.283665755410976317e+02
5.405627800000000000e+10,-6.316344905924490220e-13,-1.283745598151747060e+02
5.406327700000000000e+10,-6.301879993926188258e-13,-1.283825430260761777e+02
5.407027600000000000e+10,-6.292236719260654962e-13,-1.283905251740890492e+02
5.407727500000000000e+10,-6.277771807262353000e-13,-1.283985062595002375e+02
5.408427400000000000e+10,-6.268128532596818695e-13,-1.284064862825965463e+02
5.409127300000000000e+10,-6.258485257931284390e-13,-1.284144652436646084e+02
5.409827200000000000e+10,-6.244020345932982427e-13,-1.284224431429910283e+02
5.410527100000000000e+10,-6.234377071267449132e-13,-1.284304199808621831e+02
5.411227000000000000e+10,-6.219912159269147169e-13,-1.284383957575644786e+02
5.411926900000000000e+10,-6.210268884603613874e-13,-1.284463704733840359e+02
5.412626800000000000e+10,-6.200625609938078559e-13,-1.284543441286070049e+02
5.413326700000000000e+10,-6.186160697939777606e-13,-1.284623167235193080e+02
5.414026600000000000e+10,-6.176517423274242291e-13,-1.284702882584068391e+02
5.414726500000000000e+10,-6.166874148608708996e-13,-1.284782587335552932e+02
5.415426400000000000e+10,-6.152409236610408043e-13,-1.284862281492503087e+02
5.416126300000000000e+10,-6.142765961944872728e-13,-1.284941965057773814e+02
5.416826200000000000e+10,-6.133122687279339433e-13,-1.285021638034219222e+02
5.417526100000000000e+10,-6.118657775281037470e-13,-1.285101300424691146e+02
5.418226000000000000e+10,-6.109014500615503165e-13,-1.285180952232042273e+02
5.418925900000000000e+10,-6.099371225949969870e-13,-1.285260593459122163e+02
5.419625800000000000e+10,-6.084906313951667907e-13,-1.285340224108780376e+02
5.420325700000000000e+10,-6.075263039286133602e-13,-1.285419844183864484e+02
5.421025600000000000e+10,-6.065619764620600307e-13,-1.285499453687221489e+02
5.421725500000000000e+10,-6.051154852622298344e-13,-1.285579052621697258e+02
5.422425400000000000e+10,-6.041511577956764039e-13,-1.285658640990135950e+02
5.423125300000000000e+10,-6.031868303291229734e-13,-1.285738218795381442e+02
5.423825200000000000e+10,-6.022225028625695429e-13,-1.285817786040275621e+02
5.424525100000000000e+10,-6.007760116627394476e-13,-1.285897342727658952e+02
5.425225000000000000e+10,-5.998116841961859161e-13,-1.285976888860372185e+02
5.425924900000000000e+10,-5.988473567296325866e-13,-1.286056424441253512e+02
5.426624800000000000e+10,-5.974008655298023903e-13,-1.286135949473141409e+02
5.427324700000000000e+10,-5.964365380632490608e-13,-1.286215463958870657e+02
5.428024600000000000e+10,-5.954722105966956303e-13,-1.286294967901277460e+02
5.428724500000000000e+10,-5.945078831301421998e-13,-1.286374461303195744e+02
5.429424400000000000e+10,-5.930613919303120035e-13,-1.286453944167458587e+02
5.430124300000000000e+10,-5.920970644637586740e-13,-1.286533416496897360e+02
5.430824200000000000e+10,-5.911327369972051425e-13,-1.286612878294343147e+02
5.431524100000000000e+10,-5.901684095306518130e-13,-1.286692329562624479e+02
5.432224000000000000e+10,-5.887219183308217177e-13,-1.286771770304570452e+02
5.432923900000000000e+10,-5.877575908642681862e-13,-1.286851200523008174e+02
5.433623800000000000e+10,-5.867932633977148567e-13,-1.286930620220763615e+02
5.434323700000000000e+10,-5.858289359311614262e-13,-1.287010029400661040e+02
5.435023600000000000e+10,-5.848646084646080966e-13,-1.287089428065524146e+02
5.435723500000000000e+10,-5.834181172647779004e-13,-1.287168816218176062e+02
5.436423400000000000e+10,-5.824537897982244699e-13,-1.287248193861438210e+02
5.437123300000000000e+10,-5.814894623316711403e-13,-1.287327560998130309e+02
5.437823200000000000e+10,-5.805251348651176088e-13,-1.287406917631070939e+02
5.438523100000000000e+10,-5.795608073985641783e-13,-1.287486263763079535e+02
5.439223000000000000e+10,-5.781143161987341840e-13,-1.287565599396971550e+02
5.439922900000000000e+10,-5.771499887321806525e-13,-1.287644924535563007e+02
5.440622800000000000e+10,-5.761856612656273230e-13,-1.287724239181668224e+02
5.441322700000000000e+10,-5.752213337990738925e-13,-1.287803543338100667e+02
5.442022600000000000e+10,-5.742570063325203610e-13,-1.287882837007672947e+02
5.442722500000000000e+10,-5.728105151326902657e-13,-1.287962120193195688e+02
5.443422400000000000e+10,-5.718461876661369362e-13,-1.288041392897478659e+02
5.444122300000000000e+10,-5.708818601995834047e-13,-1.288120655123330209e+02
5.444822200000000000e+10,-5.699175327330300752e-13,-1.288199906873558689e+02
5.445522100000000000e+10,-5.689532052664766447e-13,-1.288279148150970741e+02
5.446222000000000000e+10,-5.679888777999232141e-13,-1.288358378958370736e+02
5.446921900000000000e+10,-5.665423866000931189e-13,-1.288437599298563612e+02
5.447621800000000000e+10,-5.655780591335396884e-13,-1.288516809174352034e+02
5.448321700000000000e+10,-5.646137316669863588e-13,-1.288596008588538098e+02
5.449021600000000000e+10,-5.636494042004329283e-13,-1.288675197543922195e+02
5.449721500000000000e+10,-5.626850767338794978e-13,-1.288754376043304433e+02
5.450421400000000000e+10,-5.617207492673260673e-13,-1.288833544089483212e+02
5.451121300000000000e+10,-5.607564218007726368e-13,-1.288912701685255513e+02
5.451821200000000000e+10,-5.597920943342192063e-13,-1.288991848833417180e+02
5.452521100000000000e+10,-5.583456031343891110e-13,-1.289070985536764340e+02
5.453221000000000000e+10,-5.573812756678357814e-13,-1.289150111798090563e+02
5.453920900000000000e+10,-5.564169482012822500e-13,-1.289229227620188283e+02
5.454620800000000000e+10,-5.554526207347289204e-13,-1.289308333005849363e+02
5.455320700000000000e+10,-5.544882932681754899e-13,-1.289387427957863963e+02
5.456020600000000000e+10,-5.535239658016220594e-13,-1.289466512479021958e+02
5.456720500000000000e+10,-5.525596383350686289e-13,-1.289545586572111517e+02
5.457420400000000000e+10,-5.515953108685152994e-13,-1.289624650239919106e+02
5.458120300000000000e+10,-5.506309834019618688e-13,-1.289703703485232040e+02
5.458820200000000000e+10,-5.496666559354084383e-13,-1.289782746310833943e+02
5.459520100000000000e+10,-5.487023284688550078e-13,-1.289861778719509289e+02
5.460220000000000000e+10,-5.472558372690249125e-13,-1.289940800714040279e+02
5.460919900000000000e+10,-5.462915098024714820e-13,-1.290019812297208261e+02
5.461619800000000000e+10,-5.453271823359181525e-13,-1.290098813471794301e+02
5.462319700000000000e+10,-5.443628548693646210e-13,-1.290177804240576620e+02
5.463019600000000000e+10,-5.433985274028112915e-13,-1.290256784606334008e+02
5.463719500000000000e+10,-5.424341999362578610e-13,-1.290335754571843268e+02
5.464419400000000000e+10,-5.414698724697044304e-13,-1.290414714139879777e+02
5.465119300000000000e+10,-5.405055450031511009e-13,-1.290493663313218917e+02
5.465819200000000000e+10,-5.395412175365976704e-13,-1.290572602094633794e+02
5.466519100000000000e+10,-5.385768900700442399e-13,-1.290651530486897798e+02
5.467219000000000000e+10,-5.376125626034908094e-13,-1.290730448492780624e+02
5.467918900000000000e+10,-5.366482351369373789e-13,-1.290809356115053390e+02
5.468618800000000000e+10,-5.356839076703840493e-13,-1.290888253356485507e+02
5.469318700000000000e+10,-5.347195802038306188e-13,-1.290967140219844111e+02
5.470018600000000000e+10,-5.337552527372771883e-13,-1.291046016707897479e+02
5.470718500000000000e+10,-5.327909252707237578e-13,-1.291124882823409337e+02
5.471418400000000000e+10,-5.318265978041704283e-13,-1.291203738569145685e+02
5.472118300000000000e+10,-5.308622703376169977e-13,-1.291282583947869682e+02
5.472818200000000000e+10,-5.298979428710635672e-13,-1.291361418962343350e+02
5.473518100000000000e+10,-5.289336154045102377e-13,-1.291440243615328427e+02
5.474218000000000000e+10,-5.279692879379568072e-13,-1.291519057909584660e+02
5.474917900000000000e+10,-5.270049604714033767e-13,-1.291597861847871513e+02
5.475617800000000000e+10,-5.260406330048499462e-13,-1.291676655432946745e+02
5.476317700000000000e+10,-5.250763055382965157e-13,-1.291755438667566409e+02
5.477017600000000000e+10,-5.241119780717431861e-13,-1.291834211554487126e+02
5.477717500000000000e+10,-5.231476506051897556e-13,-1.291912974096462676e+02
5.478417400000000000e+10,-5.221833231386363251e-13,-1.291991726296247407e+02
5.479117300000000000e+10,-5.212189956720829956e-13,-1.292070468156592540e+02
5.479817200000000000e+10,-5.202546682055295650e-13,-1.292149199680250149e+02
5.480517100000000000e+10,-5.192903407389761345e-13,-1.292227920869970035e+02
5.481217000000000000e+10,-5.183260132724228050e-13,-1.292306631728501145e+02
5.481916900000000000e+10,-5.173616858058693745e-13,-1.292385332258591006e+02
5.482616800000000000e+10,-5.163973583393159440e-13,-1.292464022462987145e+02
5.483316700000000000e+10,-5.154330308727625135e-13,-1.292542702344434531e+02
5.484016600000000000e+10,-5.149508671394858487e-13,-1.292621371905678416e+02
5.484716500000000000e+10,-5.139865396729324182e-13,-1.292700031149461495e+02
5.485416400000000000e+10,-5.130222122063790886e-13,-1.292778680078526463e+02
5.486116300000000000e+10,-5.120578847398256581e-13,-1.292857318695614595e+02
5.486816200000000000e+10,-5.110935572732722276e-13,-1.292935947003465742e+02
5.487516100000000000e+10,-5.101292298067187971e-13,-1.293014565004819190e+02
5.488216000000000000e+10,-5.091649023401654676e-13,-1.293093172702412517e+02
5.488915900000000000e+10,-5.082005748736120371e-13,-1.293171770098982734e+02
5.489615800000000000e+10,-5.072362474070586066e-13,-1.293250357197265714e+02
5.490315700000000000e+10,-5.062719199405052770e-13,-1.293328933999995627e+02
5.491015600000000000e+10,-5.053075924739518465e-13,-1.293407500509906356e+02
5.491715500000000000e+10,-5.043432650073984160e-13,-1.293486056729729796e+02
5.492415400000000000e+10,-5.038611012741217512e-13,-1.293564602662197842e+02
5.493115300000000000e+10,-5.028967738075684217e-13,-1.293643138310040399e+02
5.493815200000000000e+10,-5.019324463410148902e-13,-1.293721663675986235e+02
5.494515100000000000e+10,-5.009681188744615607e-13,-1.293800178762763835e+02
5.495215000000000000e+10,-5.000037914079081302e-13,-1.293878683573099408e+02
5.495914900000000000e+10,-4.990394639413546996e-13,-1.293957178109719450e+02
5.496614800000000000e+10,-4.980751364748013701e-13,-1.294035662375348466e+02
5.497314700000000000e+10,-4.971108090082479396e-13,-1.294114136372709822e+02
5.498014600000000000e+10,-4.966286452749712748e-13,-1.294192600104526321e+02
5.498714500000000000e+10,-4.956643178084178443e-13,-1.294271053573518486e+02
5.499414400000000000e+10,-4.946999903418644138e-13,-1.294349496782407698e+02
5.500114300000000000e+10,-4.937356628753110843e-13,-1.294427929733912777e+02
5.500814200000000000e+10,-4.927713354087576538e-13,-1.294506352430751406e+02
5.501514100000000000e+10,-4.918070079422042233e-13,-1.294584764875641554e+02
5.502214000000000000e+10,-4.908426804756508937e-13,-1.294663167071298062e+02
5.502913900000000000e+10,-4.903605167423741280e-13,-1.294741559020436625e+02
5.503613800000000000e+10,-4.893961892758207984e-13,-1.294819940725770095e+02
5.504313700000000000e+10,-4.884318618092674689e-13,-1.294898312190012177e+02
5.505013600000000000e+10,-4.874675343427139374e-13,-1.294976673415873449e+02
5.505713500000000000e+10,-4.865032068761606079e-13,-1.295055024406064774e+02
5.506413400000000000e+10,-4.860210431428839431e-13,-1.295133365163295593e+02
5.507113300000000000e+10,-4.850567156763305126e-13,-1.295211695690274212e+02
5.507813200000000000e+10,-4.840923882097770821e-13,-1.295290015989707513e+02
5.508513100000000000e+10,-4.831280607432237525e-13,-1.295368326064302096e+02
5.509213000000000000e+10,-4.821637332766703220e-13,-1.295446625916762002e+02
5.509912900000000000e+10,-4.811994058101168915e-13,-1.295524915549792695e+02
5.510612800000000000e+10,-4.807172420768402268e-13,-1.295603194966095657e+02
5.511312700000000000e+10,-4.797529146102867962e-13,-1.295681464168373225e+02
5.512012600000000000e+10,-4.787885871437334667e-13,-1.295759723159325745e+02
5.512712500000000000e+10,-4.778242596771800362e-13,-1.295837971941653564e+02
5.513412400000000000e+10,-4.773420959439033714e-13,-1.295916210518053902e+02
5.514112300000000000e+10,-4.763777684773499409e-13,-1.295994438891225400e+02
5.514812200000000000e+10,-4.754134410107965104e-13,-1.296072657063863858e+02
5.515512100000000000e+10,-4.744491135442431809e-13,-1.296150865038664506e+02
5.516212000000000000e+10,-4.734847860776897504e-13,-1.296229062818321438e+02
5.516911900000000000e+10,-4.730026223444130856e-13,-1.296307250405527896e+02
5.517611800000000000e+10,-4.720382948778596551e-13,-1.296385427802976551e+02
5.518311700000000000e+10,-4.710739674113063255e-13,-1.296463595013356667e+02
5.519011600000000000e+10,-4.701096399447528950e-13,-1.296541752039359494e+02
5.519711500000000000e+10,-4.696274762114762303e-13,-1.296619898883673727e+02
5.520411400000000000e+10,-4.686631487449227998e-13,-1.296698035548985786e+02
5.521111300000000000e+10,-4.676988212783694702e-13,-1.296776162037984079e+02
5.521811200000000000e+10,-4.667344938118160397e-13,-1.296854278353353038e+02
5.522511100000000000e+10,-4.662523300785393749e-13,-1.296932384497777377e+02
5.523211000000000000e+10,-4.652880026119859444e-13,-1.297010480473940675e+02
5.523910900000000000e+10,-4.643236751454325139e-13,-1.297088566284524518e+02
5.524610800000000000e+10,-4.633593476788791844e-13,-1.297166641932211064e+02
5.525310700000000000e+10,-4.628771839456024186e-13,-1.297244707419679912e+02
5.526010600000000000e+10,-4.619128564790490891e-13,-1.297322762749610092e+02
5.526710500000000000e+10,-4.609485290124957596e-13,-1.297400807924680350e+02
5.527410400000000000e+10,-4.604663652792189938e-13,-1.297478842947566307e+02
5.528110300000000000e+10,-4.595020378126656643e-13,-1.297556867820945286e+02
5.528810200000000000e+10,-4.585377103461122338e-13,-1.297634882547491486e+02
5.529510100000000000e+10,-4.575733828795588033e-13,-1.297712887129878254e+02
5.530210000000000000e+10,-4.570912191462821385e-13,-1.297790881570778652e+02
5.530909900000000000e+10,-4.561268916797287080e-13,-1.297868865872864035e+02
5.531609800000000000e+10,-4.551625642131753784e-13,-1.297946840038805192e+02
5.532309700000000000e+10,-4.546804004798986632e-13,-1.298024804071271205e+02
5.533009600000000000e+10,-4.537160730133452832e-13,-1.298102757972931158e+02
5.533709500000000000e+10,-4.527517455467919031e-13,-1.298180701746451575e+02
5.534409400000000000e+10,-4.522695818135152384e-13,-1.298258635394498981e+02
5.535109300000000000e+10,-4.513052543469618583e-13,-1.298336558919738764e+02
5.535809200000000000e+10,-4.503409268804084278e-13,-1.298414472324834890e+02
5.536509100000000000e+10,-4.498587631471317126e-13,-1.298492375612450473e+02
5.537209000000000000e+10,-4.488944356805783326e-13,-1.298570268785246924e+02
5.537908900000000000e+10,-4.479301082140249525e-13,-1.298648151845886218e+02
5.538608800000000000e+10,-4.474479444807482373e-13,-1.298726024797027492e+02
5.539308700000000000e+10,-4.464836170141949077e-13,-1.298803887641329311e+02
5.540008600000000000e+10,-4.455192895476414772e-13,-1.298881740381450527e+02
5.540708500000000000e+10,-4.450371258143648125e-13,-1.298959583020046864e+02
5.541408400000000000e+10,-4.440727983478114324e-13,-1.299037415559774331e+02
5.542108300000000000e+10,-4.431084708812580524e-13,-1.299115238003286663e+02
5.542808200000000000e+10,-4.426263071479813876e-13,-1.299193050353238732e+02
5.543508100000000000e+10,-4.416619796814279571e-13,-1.299270852612281999e+02
5.544208000000000000e+10,-4.406976522148745266e-13,-1.299348644783067925e+02
5.544907900000000000e+10,-4.402154884815978619e-13,-1.299426426868247404e+02
5.545607800000000000e+10,-4.392511610150444818e-13,-1.299504198870468485e+02
5.546307700000000000e+10,-4.382868335484911018e-13,-1.299581960792380926e+02
5.547007600000000000e+10,-4.378046698152143865e-13,-1.299659712636631070e+02
5.547707500000000000e+10,-4.368403423486610065e-13,-1.299737454405864696e+02
5.548407400000000000e+10,-4.363581786153843418e-13,-1.299815186102727296e+02
5.549107300000000000e+10,-4.353938511488309617e-13,-1.299892907729862657e+02
5.549807200000000000e+10,-4.344295236822775817e-13,-1.299970619289914282e+02
5.550507100000000000e+10,-4.339473599490008665e-13,-1.300048320785523401e+02
5.551207000000000000e+10,-4.329830324824474864e-13,-1.300126012219330391e+02
5.551906900000000000e+10,-4.325008687491708217e-13,-1.300203693593976482e+02
5.552606800000000000e+10,-4.315365412826174416e-13,-1.300281364912098923e+02
5.553306700000000000e+10,-4.305722138160640616e-13,-1.300359026176336101e+02
5.554006600000000000e+10,-4.300900500827873464e-13,-1.300436677389324700e+02
5.554706500000000000e+10,-4.291257226162339663e-13,-1.300514318553700264e+02
5.555406400000000000e+10,-4.286435588829573016e-13,-1.300591949672096916e+02
5.556106300000000000e+10,-4.276792314164039215e-13,-1.300669570747148498e+02
5.556806200000000000e+10,-4.267149039498505415e-13,-1.300747181781486574e+02
5.557506100000000000e+10,-4.262327402165738263e-13,-1.300824782777744133e+02
5.558206000000000000e+10,-4.252684127500204462e-13,-1.300902373738550182e+02
5.558905900000000000e+10,-4.247862490167437815e-13,-1.300979954666534297e+02
5.559605800000000000e+10,-4.238219215501904014e-13,-1.301057525564324919e+02
5.560305700000000000e+10,-4.228575940836370214e-13,-1.301135086434549351e+02
5.561005600000000000e+10,-4.223754303503603062e-13,-1.301212637279833189e+02
5.561705500000000000e+10,-4.214111028838069261e-13,-1.301290178102801747e+02
5.562405400000000000e+10,-4.209289391505302614e-13,-1.301367708906079486e+02
5.563105300000000000e+10,-4.199646116839768813e-13,-1.301445229692288876e+02
5.563805200000000000e+10,-4.194824479507001661e-13,-1.301522740464051822e+02
5.564505100000000000e+10,-4.185181204841467861e-13,-1.301600241223989656e+02
5.565205000000000000e+10,-4.180359567508701213e-13,-1.301677731974722860e+02
5.565904900000000000e+10,-4.170716292843167413e-13,-1.301755212718868790e+02
5.566604800000000000e+10,-4.165894655510400260e-13,-1.301832683459045938e+02
5.567304700000000000e+10,-4.156251380844866460e-13,-1.301910144197871091e+02
5.568004600000000000e+10,-4.146608106179332660e-13,-1.301987594937960750e+02
5.568704500000000000e+10,-4.141786468846566012e-13,-1.302065035681927725e+02
5.569404400000000000e+10,-4.132143194181032212e-13,-1.302142466432387664e+02
5.570104300000000000e+10,-4.127321556848265059e-13,-1.302219887191951671e+02
5.570804200000000000e+10,-4.117678282182731259e-13,-1.302297297963231983e+02
5.571504100000000000e+10,-4.112856644849964611e-13,-1.302374698748839137e+02
5.572204000000000000e+10,-4.103213370184430811e-13,-1.302452089551382812e+02
5.572903900000000000e+10,-4.098391732851663659e-13,-1.302529470373470986e+02
5.573603800000000000e+10,-4.088748458186129858e-13,-1.302606841217711349e+02
5.574303700000000000e+10,-4.083926820853363211e-13,-1.302684202086709888e+02
5.575003600000000000e+10,-4.074283546187829410e-13,-1.302761552983072590e+02
5.575703500000000000e+10,-4.069461908855062258e-13,-1.302838893909403453e+02
5.576403400000000000e+10,-4.059818634189528458e-13,-1.302916224868305335e+02
5.577103300000000000e+10,-4.054996996856761810e-13,-1.302993545862381666e+02
5.577803200000000000e+10,-4.045353722191228010e-13,-1.303070856894232747e+02
5.578503100000000000e+10,-4.040532084858460857e-13,-1.303148157966458598e+02
5.579203000000000000e+10,-4.030888810192927057e-13,-1.303225449081659235e+02
5.579902900000000000e+10,-4.026067172860160409e-13,-1.303302730242431835e+02
5.580602800000000000e+10,-4.016423898194626609e-13,-1.303380001451374142e+02
5.581302700000000000e+10,-4.011602260861859456e-13,-1.303457262711082194e+02
5.582002600000000000e+10,-4.001958986196325656e-13,-1.303534514024150894e+02
5.582702500000000000e+10,-3.997137348863559008e-13,-1.303611755393174292e+02
5.583402400000000000e+10,-3.987494074198025208e-13,-1.303688986820745299e+02
5.584102300000000000e+10,-3.982672436865258056e-13,-1.303766208309455976e+02
5.584802200000000000e+10,-3.973029162199724255e-13,-1.303843419861897246e+02
5.585502100000000000e+10,-3.968207524866957608e-13,-1.303920621480659179e+02
5.586202000000000000e+10,-3.963385887534190455e-13,-1.303997813168330424e+02
5.586901900000000000e+10,-3.953742612868657160e-13,-1.304074994927498494e+02
5.587601800000000000e+10,-3.948920975535890512e-13,-1.304152166760750902e+02
5.588301700000000000e+10,-3.939277700870356712e-13,-1.304229328670672885e+02
5.589001600000000000e+10,-3.934456063537589559e-13,-1.304306480659849683e+02
5.589701500000000000e+10,-3.924812788872056264e-13,-1.304383622730865113e+02
5.590401400000000000e+10,-3.919991151539289111e-13,-1.304460754886301856e+02
5.591101300000000000e+10,-3.910347876873755311e-13,-1.304537877128741172e+02
5.591801200000000000e+10,-3.905526239540988663e-13,-1.304614989460764605e+02
5.592501100000000000e+10,-3.895882964875454358e-13,-1.304692091884950571e+02
5.593201000000000000e+10,-3.891061327542687711e-13,-1.304769184403879194e+02
5.593900900000000000e+10,-3.886239690209921063e-13,-1.304846267020126902e+02
5.594600800000000000e+10,-3.876596415544386758e-13,-1.304923339736270975e+02
5.595300700000000000e+10,-3.871774778211620110e-13,-1.305000402554886989e+02
5.596000600000000000e+10,-3.862131503546086310e-13,-1.305077455478549666e+02
5.596700500000000000e+10,-3.857309866213320167e-13,-1.305154498509832024e+02
5.597400400000000000e+10,-3.847666591547786367e-13,-1.305231531651307648e+02
5.598100300000000000e+10,-3.842844954215019214e-13,-1.305308554905546430e+02
5.598800200000000000e+10,-3.838023316882252567e-13,-1.305385568275120249e+02
5.599500100000000000e+10,-3.828380042216718766e-13,-1.305462571762597861e+02
5.600200000000000000e+10,-3.823558404883951614e-13,-1.305539565370548587e+02
5.600899900000000000e+10,-3.813915130218417814e-13,-1.305616549101539476e+02
5.601599800000000000e+10,-3.809093492885651166e-13,-1.305693522958136725e+02
5.602299700000000000e+10,-3.804271855552884013e-13,-1.305770486942906246e+02
5.602999600000000000e+10,-3.794628580887350213e-13,-1.305847441058412812e+02
5.603699500000000000e+10,-3.789806943554583565e-13,-1.305924385307218358e+02
5.604399400000000000e+10,-3.780163668889050270e-13,-1.306001319691886806e+02
5.605099300000000000e+10,-3.775342031556283118e-13,-1.306078244214978952e+02
5.605799200000000000e+10,-3.770520394223516470e-13,-1.306155158879054738e+02
5.606499100000000000e+10,-3.760877119557982670e-13,-1.306232063686675247e+02
5.607199000000000000e+10,-3.756055482225215517e-13,-1.306308958640396725e+02
5.607898900000000000e+10,-3.751233844892448869e-13,-1.306385843742778263e+02
5.608598800000000000e+10,-3.741590570226915069e-13,-1.306462718996374974e+02
5.609298700000000000e+10,-3.736768932894147917e-13,-1.306539584403743106e+02
5.609998600000000000e+10,-3.727125658228614621e-13,-1.306616439967436918e+02
5.610698500000000000e+10,-3.722304020895847469e-13,-1.306693285690008963e+02
5.611398400000000000e+10,-3.717482383563081326e-13,-1.306770121574012364e+02
5.612098300000000000e+10,-3.707839108897547526e-13,-1.306846947621998254e+02
5.612798200000000000e+10,-3.703017471564780373e-13,-1.306923763836516912e+02
5.613498100000000000e+10,-3.698195834232013725e-13,-1.307000570220118050e+02
5.614198000000000000e+10,-3.688552559566479925e-13,-1.307077366775349105e+02
5.614897900000000000e+10,-3.683730922233712773e-13,-1.307154153504758369e+02
5.615597800000000000e+10,-3.678909284900946125e-13,-1.307230930410891858e+02
5.616297700000000000e+10,-3.669266010235412325e-13,-1.307307697496294168e+02
5.616997600000000000e+10,-3.664444372902646182e-13,-1.307384454763510746e+02
5.617697500000000000e+10,-3.659622735569879029e-13,-1.307461202215084199e+02
5.618397400000000000e+10,-3.649979460904345229e-13,-1.307537939853556850e+02
5.619097300000000000e+10,-3.645157823571578581e-13,-1.307614667681470735e+02
5.619797200000000000e+10,-3.640336186238811429e-13,-1.307691385701365050e+02
5.620497100000000000e+10,-3.630692911573277629e-13,-1.307768093915779843e+02
5.621197000000000000e+10,-3.625871274240510981e-13,-1.307844792327253742e+02
5.621896900000000000e+10,-3.621049636907743828e-13,-1.307921480938323384e+02
5.622596800000000000e+10,-3.611406362242210533e-13,-1.307998159751525407e+02
5.623296700000000000e+10,-3.606584724909443885e-13,-1.308074828769394458e+02
5.623996600000000000e+10,-3.601763087576676733e-13,-1.308151487994466038e+02
5.624696500000000000e+10,-3.592119812911142932e-13,-1.308228137429273090e+02
5.625396400000000000e+10,-3.587298175578376285e-13,-1.308304777076347420e+02
5.626096300000000000e+10,-3.582476538245609132e-13,-1.308381406938220834e+02
5.626796200000000000e+10,-3.572833263580075332e-13,-1.308458027017423717e+02
5.627496100000000000e+10,-3.568011626247309189e-13,-1.308534637316485032e+02
5.628196000000000000e+10,-3.563189988914542541e-13,-1.308611237837933743e+02
5.628895900000000000e+10,-3.553546714249008236e-13,-1.308687828584296824e+02
5.629595800000000000e+10,-3.548725076916241589e-13,-1.308764409558100681e+02
5.630295700000000000e+10,-3.543903439583474941e-13,-1.308840980761871151e+02
5.630995600000000000e+10,-3.539081802250707788e-13,-1.308917542198132082e+02
5.631695500000000000e+10,-3.529438527585173988e-13,-1.308994093869406754e+02
5.632395400000000000e+10,-3.524616890252407845e-13,-1.309070635778217877e+02
5.633095300000000000e+10,-3.519795252919640693e-13,-1.309147167927087025e+02
5.633795200000000000e+10,-3.510151978254106893e-13,-1.309223690318534921e+02
5.634495100000000000e+10,-3.505330340921340245e-13,-1.309300202955080010e+02
5.635195000000000000e+10,-3.500508703588573092e-13,-1.309376705839241595e+02
5.635894900000000000e+10,-3.495687066255806445e-13,-1.309453198973536985e+02
5.636594800000000000e+10,-3.486043791590272644e-13,-1.309529682360482923e+02
5.637294700000000000e+10,-3.481222154257506502e-13,-1.309606156002594162e+02
5.637994600000000000e+10,-3.476400516924739349e-13,-1.309682619902386023e+02
5.638694500000000000e+10,-3.466757242259205549e-13,-1.309759074062371837e+02
5.639394400000000000e+10,-3.461935604926438901e-13,-1.309835518485063517e+02
5.640094300000000000e+10,-3.457113967593671749e-13,-1.309911953172973256e+02
5.640794200000000000e+10,-3.452292330260904596e-13,-1.309988378128611544e+02
5.641494100000000000e+10,-3.442649055595371806e-13,-1.310064793354488017e+02
5.642194000000000000e+10,-3.437827418262604653e-13,-1.310141198853111177e+02
5.642893900000000000e+10,-3.433005780929838005e-13,-1.310217594626988955e+02
5.643593800000000000e+10,-3.428184143597070853e-13,-1.310293980678627577e+02
5.644293700000000000e+10,-3.418540868931537052e-13,-1.310370357010532985e+02
5.644993600000000000e+10,-3.413719231598770405e-13,-1.310446723625209415e+02
5.645693500000000000e+10,-3.408897594266003757e-13,-1.310523080525161390e+02
5.646393400000000000e+10,-3.404075956933237109e-13,-1.310599427712891156e+02
5.647093300000000000e+10,-3.394432682267703309e-13,-1.310675765190900393e+02
5.647793200000000000e+10,-3.389611044934936157e-13,-1.310752092961690209e+02
5.648493100000000000e+10,-3.384789407602169509e-13,-1.310828411027760296e+02
5.649193000000000000e+10,-3.379967770269402861e-13,-1.310904719391609206e+02
5.649892900000000000e+10,-3.370324495603869566e-13,-1.310981018055734921e+02
5.650592800000000000e+10,-3.365502858271102413e-13,-1.311057307022634575e+02
5.651292700000000000e+10,-3.360681220938335766e-13,-1.311133586294803592e+02
5.651992600000000000e+10,-3.355859583605568613e-13,-1.311209855874737400e+02
5.652692500000000000e+10,-3.351037946272801965e-13,-1.311286115764929718e+02
5.653392400000000000e+10,-3.341394671607268670e-13,-1.311362365967873416e+02
5.654092300000000000e+10,-3.336573034274502022e-13,-1.311438606486060792e+02
5.654792200000000000e+10,-3.331751396941734870e-13,-1.311514837321982156e+02
5.655492100000000000e+10,-3.326929759608967717e-13,-1.311591058478128673e+02
5.656192000000000000e+10,-3.322108122276201070e-13,-1.311667269956988378e+02
5.656891900000000000e+10,-3.312464847610667269e-13,-1.311743471761049875e+02
5.657591800000000000e+10,-3.307643210277901127e-13,-1.311819663892800634e+02
5.658291700000000000e+10,-3.302821572945133974e-13,-1.311895846354725848e+02
5.658991600000000000e+10,-3.297999935612367326e-13,-1.311972019149311564e+02
5.659691500000000000e+10,-3.293178298279600174e-13,-1.312048182279041839e+02
5.660391400000000000e+10,-3.283535023614066373e-13,-1.312124335746399311e+02
5.661091300000000000e+10,-3.278713386281300231e-13,-1.312200479553867467e+02
5.661791200000000000e+10,-3.273891748948533583e-13,-1.312276613703926671e+02
5.662491100000000000e+10,-3.269070111615766430e-13,-1.312352738199057569e+02
5.663191000000000000e+10,-3.264248474282999278e-13,-1.312428853041739387e+02
5.663890900000000000e+10,-3.254605199617465982e-13,-1.312504958234450498e+02
5.664590800000000000e+10,-3.249783562284699335e-13,-1.312581053779668991e+02
5.665290700000000000e+10,-3.244961924951932687e-13,-1.312657139679870681e+02
5.665990600000000000e+10,-3.240140287619165535e-13,-1.312733215937531099e+02
5.666690500000000000e+10,-3.235318650286398887e-13,-1.312809282555125208e+02
5.667390400000000000e+10,-3.225675375620865087e-13,-1.312885339535126263e+02
5.668090300000000000e+10,-3.220853738288098439e-13,-1.312961386880007240e+02
5.668790200000000000e+10,-3.216032100955331791e-13,-1.313037424592239404e+02
5.669490100000000000e+10,-3.211210463622565144e-13,-1.313113452674294024e+02
5.670190000000000000e+10,-3.206388826289797991e-13,-1.313189471128640378e+02
5.670889900000000000e+10,-3.201567188957030838e-13,-1.313265479957746891e+02
5.671589800000000000e+10,-3.191923914291498048e-13,-1.313341479164081989e+02
5.672289700000000000e+10,-3.187102276958730895e-13,-1.313417468750112675e+02
5.672989600000000000e+10,-3.182280639625964248e-13,-1.313493448718304535e+02
5.673689500000000000e+10,-3.177459002293197095e-13,-1.313569419071122581e+02
5.674389400000000000e+10,-3.172637364960430447e-13,-1.313645379811030409e+02
5.675089300000000000e+10,-3.167815727627663295e-13,-1.313721330940491612e+02
5.675789200000000000e+10,-3.162994090294897152e-13,-1.313797272461968078e+02
5.676489100000000000e+10,-3.153350815629363352e-13,-1.313873204377920274e+02
5.677189000000000000e+10,-3.148529178296596704e-13,-1.313949126690809521e+02
5.677888900000000000e+10,-3.143707540963829552e-13,-1.314025039403094297e+02
5.678588800000000000e+10,-3.138885903631063409e-13,-1.314100942517232511e+02
5.679288700000000000e+10,-3.134064266298296256e-13,-1.314176836035682925e+02
5.679988600000000000e+10,-3.129242628965529609e-13,-1.314252719960899753e+02
5.680688500000000000e+10,-3.124420991632762456e-13,-1.314328594295340338e+02
5.681388400000000000e+10,-3.114777716967228656e-13,-1.314404459041458040e+02
5.682088300000000000e+10,-3.109956079634462513e-13,-1.314480314201705937e+02
5.682788200000000000e+10,-3.105134442301695865e-13,-1.314556159778537676e+02
5.683488100000000000e+10,-3.100312804968928713e-13,-1.314631995774404061e+02
5.684188000000000000e+10,-3.095491167636161560e-13,-1.314707822191755611e+02
5.684887900000000000e+10,-3.090669530303394913e-13,-1.314783639033042846e+02
5.685587800000000000e+10,-3.085847892970628770e-13,-1.314859446300713444e+02
5.686287700000000000e+10,-3.081026255637861617e-13,-1.314935243997215935e+02
5.686987600000000000e+10,-3.071382980972327817e-13,-1.315011032124996575e+02
5.687687500000000000e+10,-3.066561343639561169e-13,-1.315086810686501622e+02
5.688387400000000000e+10,-3.061739706306795026e-13,-1.315162579684175626e+02
5.689087300000000000e+10,-3.056918068974027874e-13,-1.315238339120462570e+02
5.689787200000000000e+10,-3.052096431641260721e-13,-1.315314088997805868e+02
5.690487100000000000e+10,-3.047274794308494074e-13,-1.315389829318647230e+02
5.691187000000000000e+10,-3.042453156975727426e-13,-1.315465560085428081e+02
5.691886900000000000e+10,-3.037631519642960778e-13,-1.315541281300588423e+02
5.692586800000000000e+10,-3.032809882310194131e-13,-1.315616992966567125e+02
5.693286700000000000e+10,-3.027988244977426978e-13,-1.315692695085803052e+02
5.693986600000000000e+10,-3.018344970311893178e-13,-1.315768387660733367e+02
5.694686500000000000e+10,-3.013523332979127035e-13,-1.315844070693793810e+02
5.695386400000000000e+10,-3.008701695646359882e-13,-1.315919744187420406e+02
5.696086300000000000e+10,-3.003880058313593235e-13,-1.315995408144048326e+02
5.696786200000000000e+10,-2.999058420980826587e-13,-1.316071062566110186e+02
5.697486100000000000e+10,-2.994236783648059434e-13,-1.316146707456038598e+02
5.698186000000000000e+10,-2.989415146315293292e-13,-1.316222342816265893e+02
5.698885900000000000e+10,-2.984593508982526139e-13,-1.316297968649221559e+02
5.699585800000000000e+10,-2.979771871649759491e-13,-1.316373584957336789e+02
5.700285700000000000e+10,-2.974950234316992339e-13,-1.316449191743039933e+02
5.700985600000000000e+10,-2.970128596984225691e-13,-1.316524789008758773e+02
5.701685500000000000e+10,-2.965306959651459043e-13,-1.316600376756920525e+02
5.702385400000000000e+10,-2.960485322318692396e-13,-1.316675954989950696e+02
5.703085300000000000e+10,-2.950842047653158596e-13,-1.316751523710275080e+02
5.703785200000000000e+10,-2.946020410320392453e-13,-1.316827082920317196e+02
5.704485100000000000e+10,-2.941198772987625300e-13,-1.316902632622500562e+02
5.705185000000000000e+10,-2.936377135654858653e-13,-1.316978172819247845e+02
5.705884900000000000e+10,-2.931555498322091500e-13,-1.317053703512979439e+02
5.706584800000000000e+10,-2.926733860989324852e-13,-1.317129224706116588e+02
5.707284700000000000e+10,-2.921912223656558205e-13,-1.317204736401078264e+02
5.707984600000000000e+10,-2.917090586323791557e-13,-1.317280238600283155e+02
5.708684500000000000e+10,-2.912268948991024909e-13,-1.317355731306149096e+02
5.709384400000000000e+10,-2.907447311658257757e-13,-1.317431214521092784e+02
5.710084300000000000e+10,-2.902625674325491614e-13,-1.317506688247529780e+02
5.710784200000000000e+10,-2.897804036992724461e-13,-1.317582152487874509e+02
5.711484100000000000e+10,-2.892982399659957814e-13,-1.317657607244541396e+02
5.712184000000000000e+10,-2.888160762327190661e-13,-1.317733052519943158e+02
5.712883900000000000e+10,-2.883339124994424013e-13,-1.317808488316491946e+02
5.713583800000000000e+10,-2.878517487661657366e-13,-1.317883914636598206e+02
5.714283700000000000e+10,-2.873695850328890718e-13,-1.317959331482672951e+02
5.714983600000000000e+10,-2.868874212996124070e-13,-1.318034738857124637e+02
5.715683500000000000e+10,-2.864052575663356918e-13,-1.318110136762362572e+02
5.716383400000000000e+10,-2.859230938330590775e-13,-1.318185525200793222e+02
5.717083300000000000e+10,-2.854409300997823622e-13,-1.318260904174823054e+02
5.717783200000000000e+10,-2.849587663665056975e-13,-1.318336273686857965e+02
5.718483100000000000e+10,-2.839944388999523174e-13,-1.318411633739301863e+02
5.719183000000000000e+10,-2.835122751666756527e-13,-1.318486984334559509e+02
5.719882900000000000e+10,-2.830301114333989879e-13,-1.318562325475032537e+02
5.720582800000000000e+10,-2.825479477001223231e-13,-1.318637657163123151e+02
5.721282700000000000e+10,-2.820657839668456584e-13,-1.318712979401232417e+02
5.721982600000000000e+10,-2.815836202335689431e-13,-1.318788292191759979e+02
5.722682500000000000e+10,-2.811014565002922783e-13,-1.318863595537104629e+02
5.723382400000000000e+10,-2.806192927670156136e-13,-1.318938889439664877e+02
5.724082300000000000e+10,-2.801371290337389488e-13,-1.319014173901837523e+02
5.724782200000000000e+10,-2.796549653004622336e-13,-1.319089448926019656e+02
5.725482100000000000e+10,-2.791728015671855688e-13,-1.319164714514605805e+02
5.726182000000000000e+10,-2.786906378339089040e-13,-1.319239970669990498e+02
5.726881900000000000e+10,-2.782084741006322393e-13,-1.319315217394567128e+02
5.727581800000000000e+10,-2.777263103673555745e-13,-1.319390454690727950e+02
5.728281700000000000e+10,-2.772441466340789097e-13,-1.319465682560865503e+02
5.728981600000000000e+10,-2.767619829008021945e-13,-1.319540901007370053e+02
5.729681500000000000e+10,-2.762798191675255297e-13,-1.319616110032631298e+02
5.730381400000000000e+10,-2.757976554342488649e-13,-1.319691309639037797e+02
5.731081300000000000e+10,-2.753154917009722002e-13,-1.319766499828978112e+02
5.731781200000000000e+10,-2.748333279676954849e-13,-1.319841680604838530e+02
5.732481100000000000e+10,-2.743511642344188706e-13,-1.319916851969006188e+02
5.733181000000000000e+10,-2.738690005011421554e-13,-1.319992013923865670e+02
5.733880900000000000e+10,-2.733868367678654906e-13,-1.320067166471800988e+02
5.734580800000000000e+10,-2.729046730345888258e-13,-1.320142309615195870e+02
5.735280700000000000e+10,-2.724225093013121611e-13,-1.320217443356432909e+02
5.735980600000000000e+10,-2.724225093013121611e-13,-1.320292567697892991e+02
5.736680500000000000e+10,-2.719403455680354458e-13,-1.320367682641957572e+02
5.737380400000000000e+10,-2.714581818347588315e-13,-1.320442788191005832e+02
5.738080300000000000e+10,-2.709760181014821163e-13,-1.320517884347416100e+02
5.738780200000000000e+10,-2.704938543682054515e-13,-1.320592971113567273e+02
5.739480100000000000e+10,-2.700116906349287867e-13,-1.320668048491836259e+02
5.740180000000000000e+10,-2.695295269016521220e-13,-1.320743116484597977e+02
5.740879900000000000e+10,-2.690473631683754572e-13,-1.320818175094228764e+02
5.741579800000000000e+10,-2.685651994350987419e-13,-1.320893224323101265e+02
5.742279700000000000e+10,-2.680830357018220772e-13,-1.320968264173590967e+02
5.742979600000000000e+10,-2.676008719685454124e-13,-1.321043294648068525e+02
5.743679500000000000e+10,-2.671187082352687476e-13,-1.321118315748906298e+02
5.744379400000000000e+10,-2.666365445019920829e-13,-1.321193327478474373e+02
5.745079300000000000e+10,-2.661543807687154181e-13,-1.321268329839142268e+02
5.745779200000000000e+10,-2.656722170354387028e-13,-1.321343322833279785e+02
5.746479100000000000e+10,-2.651900533021620381e-13,-1.321418306463253600e+02
5.747179000000000000e+10,-2.647078895688853733e-13,-1.321493280731431526e+02
5.747878900000000000e+10,-2.642257258356087085e-13,-1.321568245640178816e+02
5.748578800000000000e+10,-2.637435621023319933e-13,-1.321643201191861010e+02
5.749278700000000000e+10,-2.632613983690553790e-13,-1.321718147388841942e+02
5.749978600000000000e+10,-2.627792346357787142e-13,-1.321793084233485729e+02
5.750678500000000000e+10,-2.622970709025019990e-13,-1.321868011728153931e+02
5.751378400000000000e+10,-2.618149071692253342e-13,-1.321942929875208677e+02
5.752078300000000000e+10,-2.618149071692253342e-13,-1.322017838677010388e+02
5.752778200000000000e+10,-2.613327434359486694e-13,-1.322092738135918637e+02
5.753478100000000000e+10,-2.608505797026720047e-13,-1.322167628254291856e+02
5.754178000000000000e+10,-2.603684159693953399e-13,-1.322242509034488194e+02
5.754877900000000000e+10,-2.598862522361186751e-13,-1.322317380478864948e+02
5.755577800000000000e+10,-2.594040885028419599e-13,-1.322392242589777993e+02
5.756277700000000000e+10,-2.589219247695652951e-13,-1.322467095369582069e+02
5.756977600000000000e+10,-2.584397610362886303e-13,-1.322541938820632481e+02
5.757677500000000000e+10,-2.579575973030119656e-13,-1.322616772945281127e+02
5.758377400000000000e+10,-2.574754335697353008e-13,-1.322691597745881893e+02
5.759077300000000000e+10,-2.569932698364585855e-13,-1.322766413224785538e+02
5.759777200000000000e+10,-2.565111061031819713e-13,-1.322841219384342537e+02
5.760477100000000000e+10,-2.560289423699052560e-13,-1.322916016226903650e+02
5.761177000000000000e+10,-2.555467786366285912e-13,-1.322990803754816795e+02
5.761876900000000000e+10,-2.555467786366285912e-13,-1.323065581970430173e+02
5.762576800000000000e+10,-2.550646149033519265e-13,-1.323140350876090849e+02
5.763276700000000000e+10,-2.545824511700752617e-13,-1.323215110474145604e+02
5.763976600000000000e+10,-2.541002874367985969e-13,-1.323289860766938375e+02
5.764676500000000000e+10,-2.536181237035219322e-13,-1.323364601756815375e+02
5.765376400000000000e+10,-2.531359599702452674e-13,-1.323439333446118553e+02
5.766076300000000000e+10,-2.526537962369685521e-13,-1.323514055837191279e+02
5.766776200000000000e+10,-2.521716325036918874e-13,-1.323588768932374364e+02
5.767476100000000000e+10,-2.516894687704152226e-13,-1.323663472734009758e+02
5.768176000000000000e+10,-2.512073050371385578e-13,-1.323738167244436568e+02
5.768875900000000000e+10,-2.512073050371385578e-13,-1.323812852465993899e+02
5.769575800000000000e+10,-2.507251413038618931e-13,-1.323887528401020290e+02
5.770275700000000000e+10,-2.502429775705851778e-13,-1.323962195051852859e+02
5.770975600000000000e+10,-2.497608138373085635e-13,-1.324036852420827586e+02
5.771675500000000000e+10,-2.492786501040318988e-13,-1.324111500510280166e+02
5.772375400000000000e+10,-2.487964863707551835e-13,-1.324186139322545159e+02
5.773075300000000000e+10,-2.483143226374785187e-13,-1.324260768859955704e+02
5.773775200000000000e+10,-2.478321589042018540e-13,-1.324335389124845506e+02
5.774475100000000000e+10,-2.473499951709251892e-13,-1.324410000119545430e+02
5.775175000000000000e+10,-2.473499951709251892e-13,-1.324484601846387193e+02
5.775874900000000000e+10,-2.468678314376485244e-13,-1.324559194307700523e+02
5.776574800000000000e+10,-2.463856677043718597e-13,-1.324633777505815146e+02
5.777274700000000000e+10,-2.459035039710951949e-13,-1.324708351443058234e+02
5.777974600000000000e+10,-2.454213402378184796e-13,-1.324782916121758944e+02
5.778674500000000000e+10,-2.449391765045418149e-13,-1.324857471544242173e+02
5.779374400000000000e+10,-2.444570127712652006e-13,-1.324932017712833954e+02
5.780074300000000000e+10,-2.439748490379884853e-13,-1.325006554629859750e+02
5.780774200000000000e+10,-2.439748490379884853e-13,-1.325081082297643036e+02
5.781474100000000000e+10,-2.434926853047118206e-13,-1.325155600718506719e+02
5.782174000000000000e+10,-2.430105215714351558e-13,-1.325230109894772852e+02
5.782873900000000000e+10,-2.425283578381584910e-13,-1.325304609828762921e+02
5.783573800000000000e+10,-2.420461941048818263e-13,-1.325379100522796989e+02
5.784273700000000000e+10,-2.415640303716051110e-13,-1.325453581979194837e+02
5.784973600000000000e+10,-2.410818666383284462e-13,-1.325528054200274823e+02
5.785673500000000000e+10,-2.410818666383284462e-13,-1.325602517188354454e+02
5.786373400000000000e+10,-2.405997029050518320e-13,-1.325676970945750384e+02
5.787073300000000000e+10,-2.401175391717751167e-13,-1.325751415474779833e+02
5.787773200000000000e+10,-2.396353754384984519e-13,-1.325825850777756045e+02
5.788473100000000000e+10,-2.391532117052217872e-13,-1.325900276856994537e+02
5.789173000000000000e+10,-2.386710479719451224e-13,-1.325974693714807984e+02
5.789872900000000000e+10,-2.381888842386684576e-13,-1.326049101353509059e+02
5.790572800000000000e+10,-2.381888842386684576e-13,-1.326123499775409016e+02
5.791272700000000000e+10,-2.377067205053917929e-13,-1.326197888982818824e+02
5.791972600000000000e+10,-2.372245567721151281e-13,-1.326272268978047180e+02
5.792672500000000000e+10,-2.367423930388384633e-13,-1.326346639763404482e+02
5.793372400000000000e+10,-2.362602293055617481e-13,-1.326421001341198007e+02
5.794072300000000000e+10,-2.357780655722850833e-13,-1.326495353713734744e+02
5.794772200000000000e+10,-2.357780655722850833e-13,-1.326569696883321683e+02
5.795472100000000000e+10,-2.352959018390084690e-13,-1.326644030852263256e+02
5.796172000000000000e+10,-2.348137381057317538e-13,-1.326718355622864465e+02
5.796871900000000000e+10,-2.343315743724550890e-13,-1.326792671197428604e+02
5.797571800000000000e+10,-2.338494106391784242e-13,-1.326866977578258684e+02
5.798271700000000000e+10,-2.333672469059017595e-13,-1.326941274767657148e+02
5.798971600000000000e+10,-2.333672469059017595e-13,-1.327015562767923882e+02
5.799671500000000000e+10,-2.328850831726250947e-13,-1.327089841581359622e+02
5.800371400000000000e+10,-2.324029194393483794e-13,-1.327164111210263684e+02
5.801071300000000000e+10,-2.319207557060717147e-13,-1.327238371656933680e+02
5.801771200000000000e+10,-2.314385919727951004e-13,-1.327312622923668357e+02
5.802471100000000000e+10,-2.309564282395183851e-13,-1.327386865012763337e+02
5.803171000000000000e+10,-2.309564282395183851e-13,-1.327461097926514526e+02
5.803870900000000000e+10,-2.304742645062417204e-13,-1.327535321667217545e+02
5.804570800000000000e+10,-2.299921007729650556e-13,-1.327609536237166026e+02
5.805270700000000000e+10,-2.295099370396883908e-13,-1.327683741638652748e+02
5.805970600000000000e+10,-2.290277733064117260e-13,-1.327757937873970207e+02
5.806670500000000000e+10,-2.290277733064117260e-13,-1.327832124945410044e+02
5.807370400000000000e+10,-2.285456095731350613e-13,-1.327906302855262197e+02
5.808070300000000000e+10,-2.280634458398583965e-13,-1.327980471605816888e+02
5.808770200000000000e+10,-2.275812821065817317e-13,-1.328054631199362916e+02
5.809470100000000000e+10,-2.270991183733050670e-13,-1.328128781638188229e+02
5.810170000000000000e+10,-2.270991183733050670e-13,-1.328202922924579354e+02
5.810869900000000000e+10,-2.266169546400283770e-13,-1.328277055060823102e+02
5.811569800000000000e+10,-2.261347909067517122e-13,-1.328351178049204577e+02
5.812269700000000000e+10,-2.256526271734750474e-13,-1.328425291892008318e+02
5.812969600000000000e+10,-2.251704634401983574e-13,-1.328499396591517439e+02
5.813669500000000000e+10,-2.251704634401983574e-13,-1.328573492150015909e+02
5.814369400000000000e+10,-2.246882997069216926e-13,-1.328647578569783718e+02
5.815069300000000000e+10,-2.242061359736450531e-13,-1.328721655853103982e+02
5.815769200000000000e+10,-2.237239722403683631e-13,-1.328795724002255270e+02
5.816469100000000000e+10,-2.232418085070916983e-13,-1.328869783019517286e+02
5.817169000000000000e+10,-2.232418085070916983e-13,-1.328943832907169167e+02
5.817868900000000000e+10,-2.227596447738150336e-13,-1.329017873667487493e+02
5.818568800000000000e+10,-2.222774810405383688e-13,-1.329091905302749126e+02
5.819268700000000000e+10,-2.217953173072617040e-13,-1.329165927815230646e+02
5.819968600000000000e+10,-2.213131535739850393e-13,-1.329239941207206073e+02
5.820668500000000000e+10,-2.213131535739850393e-13,-1.329313945480949997e+02
5.821368400000000000e+10,-2.208309898407083745e-13,-1.329387940638735870e+02
5.822068300000000000e+10,-2.203488261074316845e-13,-1.329461926682836008e+02
5.822768200000000000e+10,-2.198666623741550197e-13,-1.329535903615521306e+02
5.823468100000000000e+10,-2.198666623741550197e-13,-1.329609871439062942e+02
5.824168000000000000e+10,-2.193844986408783802e-13,-1.329683830155730959e+02
5.824867900000000000e+10,-2.189023349076016649e-13,-1.329757779767793693e+02
5.825567800000000000e+10,-2.184201711743250254e-13,-1.329831720277519764e+02
5.826267700000000000e+10,-2.179380074410483606e-13,-1.329905651687176373e+02
5.826967600000000000e+10,-2.179380074410483606e-13,-1.329979573999029583e+02
5.827667500000000000e+10,-2.174558437077716959e-13,-1.330053487215345172e+02
5.828367400000000000e+10,-2.169736799744950059e-13,-1.330127391338387781e+02
5.829067300000000000e+10,-2.164915162412183411e-13,-1.330201286370421201e+02
5.829767200000000000e+10,-2.164915162412183411e-13,-1.330275172313708367e+02
5.830467100000000000e+10,-2.160093525079417016e-13,-1.330349049170511080e+02
5.831167000000000000e+10,-2.155271887746650116e-13,-1.330422916943091707e+02
5.831866900000000000e+10,-2.150450250413883468e-13,-1.330496775633709490e+02
5.832566800000000000e+10,-2.150450250413883468e-13,-1.330570625244624239e+02
5.833266700000000000e+10,-2.145628613081116820e-13,-1.330644465778094911e+02
5.833966600000000000e+10,-2.140806975748350173e-13,-1.330718297236379044e+02
5.834666500000000000e+10,-2.135985338415583525e-13,-1.330792119621733889e+02
5.835366400000000000e+10,-2.135985338415583525e-13,-1.330865932936415561e+02
5.836066300000000000e+10,-2.131163701082816877e-13,-1.330939737182679323e+02
5.836766200000000000e+10,-2.126342063750050229e-13,-1.331013532362779301e+02
5.837466100000000000e+10,-2.121520426417283329e-13,-1.331087318478969337e+02
5.838166000000000000e+10,-2.121520426417283329e-13,-1.331161095533502134e+02
5.838865900000000000e+10,-2.116698789084516682e-13,-1.331234863528629830e+02
5.839565800000000000e+10,-2.111877151751750286e-13,-1.331308622466602856e+02
5.840265700000000000e+10,-2.107055514418983639e-13,-1.331382372349672210e+02
5.840965600000000000e+10,-2.107055514418983639e-13,-1.331456113180087186e+02
5.841665500000000000e+10,-2.102233877086216739e-13,-1.331529844960095090e+02
5.842365400000000000e+10,-2.097412239753450091e-13,-1.331603567691945216e+02
5.843065300000000000e+10,-2.092590602420683443e-13,-1.331677281377882878e+02
5.843765200000000000e+10,-2.092590602420683443e-13,-1.331750986020154528e+02
5.844465100000000000e+10,-2.087768965087917048e-13,-1.331824681621006050e+02
5.845165000000000000e+10,-2.082947327755149895e-13,-1.331898368182681054e+02
5.845864900000000000e+10,-2.078125690422383500e-13,-1.331972045707422581e+02
5.846564800000000000e+10,-2.078125690422383500e-13,-1.332045714197473671e+02
5.847264700000000000e+10,-2.073304053089616853e-13,-1.332119373655076231e+02
5.847964600000000000e+10,-2.068482415756850205e-13,-1.332193024082471027e+02
5.848664500000000000e+10,-2.063660778424083305e-13,-1.332266665481897689e+02
5.849364400000000000e+10,-2.063660778424083305e-13,-1.332340297855595566e+02
5.850064300000000000e+10,-2.058839141091316657e-13,-1.332413921205803717e+02
5.850764200000000000e+10,-2.054017503758550262e-13,-1.332487535534758365e+02
5.851464100000000000e+10,-2.054017503758550262e-13,-1.332561140844697434e+02
5.852164000000000000e+10,-2.049195866425783362e-13,-1.332634737137856291e+02
5.852863900000000000e+10,-2.044374229093016714e-13,-1.332708324416469452e+02
5.853563800000000000e+10,-2.039552591760250066e-13,-1.332781902682771715e+02
5.854263700000000000e+10,-2.039552591760250066e-13,-1.332855471938996175e+02
5.854963600000000000e+10,-2.034730954427483419e-13,-1.332929032187375356e+02
5.855663500000000000e+10,-2.029909317094717023e-13,-1.333002583430140646e+02
5.856363400000000000e+10,-2.029909317094717023e-13,-1.333076125669522867e+02
5.857063300000000000e+10,-2.025087679761950123e-13,-1.333149658907752837e+02
5.857763200000000000e+10,-2.020266042429183476e-13,-1.333223183147058251e+02
5.858463100000000000e+10,-2.015444405096416828e-13,-1.333296698389668791e+02
5.859163000000000000e+10,-2.015444405096416828e-13,-1.333370204637810446e+02
5.859862900000000000e+10,-2.010622767763650180e-13,-1.333443701893710909e+02
5.860562800000000000e+10,-2.005801130430883532e-13,-1.333517190159595316e+02
5.861262700000000000e+10,-2.005801130430883532e-13,-1.333590669437689371e+02
5.861962600000000000e+10,-2.000979493098116885e-13,-1.333664139730216505e+02
5.862662500000000000e+10,-1.996157855765350237e-13,-1.333737601039400147e+02
5.863362400000000000e+10,-1.996157855765350237e-13,-1.333811053367462875e+02
5.864062300000000000e+10,-1.991336218432583589e-13,-1.333884496716626131e+02
5.864762200000000000e+10,-1.986514581099816689e-13,-1.333957931089110502e+02
5.865462100000000000e+10,-1.981692943767050294e-13,-1.334031356487136293e+02
5.866162000000000000e+10,-1.981692943767050294e-13,-1.334104772912922670e+02
5.866861900000000000e+10,-1.976871306434283646e-13,-1.334178180368687379e+02
5.867561800000000000e+10,-1.972049669101516999e-13,-1.334251578856648166e+02
5.868261700000000000e+10,-1.972049669101516999e-13,-1.334324968379021641e+02
5.868961600000000000e+10,-1.967228031768750351e-13,-1.334398348938023275e+02
5.869661500000000000e+10,-1.962406394435983451e-13,-1.334471720535868542e+02
5.870361400000000000e+10,-1.962406394435983451e-13,-1.334545083174771491e+02
5.871061300000000000e+10,-1.957584757103217056e-13,-1.334618436856945038e+02
5.871761200000000000e+10,-1.952763119770450408e-13,-1.334691781584601529e+02
5.872461100000000000e+10,-1.952763119770450408e-13,-1.334765117359952740e+02
5.873161000000000000e+10,-1.947941482437683760e-13,-1.334838444185209880e+02
5.873860900000000000e+10,-1.943119845104916860e-13,-1.334911762062582739e+02
5.874560800000000000e+10,-1.938298207772150212e-13,-1.334985070994279965e+02
5.875260700000000000e+10,-1.938298207772150212e-13,-1.335058370982510496e+02
5.875960600000000000e+10,-1.933476570439383817e-13,-1.335131662029480992e+02
5.876660500000000000e+10,-1.928654933106617170e-13,-1.335204944137399536e+02
5.877360400000000000e+10,-1.928654933106617170e-13,-1.335278217308469948e+02
5.878060300000000000e+10,-1.923833295773850522e-13,-1.335351481544899173e+02
5.878760200000000000e+10,-1.919011658441083622e-13,-1.335424736848890177e+02
5.879460100000000000e+10,-1.919011658441083622e-13,-1.335497983222646781e+02
5.880160000000000000e+10,-1.914190021108316974e-13,-1.335571220668371666e+02
5.880859900000000000e+10,-1.909368383775550579e-13,-1.335644449188265810e+02
5.881559800000000000e+10,-1.909368383775550579e-13,-1.335717668784531043e+02
5.882259700000000000e+10,-1.904546746442783931e-13,-1.335790879459366920e+02
5.882959600000000000e+10,-1.899725109110017283e-13,-1.335864081214972430e+02
5.883659500000000000e+10,-1.899725109110017283e-13,-1.335937274053545991e+02
5.884359400000000000e+10,-1.894903471777250383e-13,-1.336010457977286308e+02
5.885059300000000000e+10,-1.890081834444483736e-13,-1.336083632988388956e+02
5.885759200000000000e+10,-1.890081834444483736e-13,-1.336156799089050367e+02
5.886459100000000000e+10,-1.885260197111717340e-13,-1.336229956281465547e+02
5.887159000000000000e+10,-1.880438559778950693e-13,-1.336303104567828370e+02
5.887858900000000000e+10,-1.880438559778950693e-13,-1.336376243950333276e+02
5.888558800000000000e+10,-1.875616922446184045e-13,-1.336449374431172430e+02
5.889258700000000000e+10,-1.870795285113417145e-13,-1.336522496012537147e+02
5.889958600000000000e+10,-1.870795285113417145e-13,-1.336595608696619593e+02
5.890658500000000000e+10,-1.865973647780650497e-13,-1.336668712485609092e+02
5.891358400000000000e+10,-1.865973647780650497e-13,-1.336741807381695253e+02
5.892058300000000000e+10,-1.861152010447884102e-13,-1.336814893387066832e+02
5.892758200000000000e+10,-1.856330373115117454e-13,-1.336887970503911731e+02
5.893458100000000000e+10,-1.856330373115117454e-13,-1.336961038734416434e+02
5.894158000000000000e+10,-1.851508735782350807e-13,-1.337034098080767421e+02
5.894857900000000000e+10,-1.846687098449584159e-13,-1.337107148545149755e+02
5.895557800000000000e+10,-1.846687098449584159e-13,-1.337180190129747643e+02
5.896257700000000000e+10,-1.841865461116817259e-13,-1.337253222836745863e+02
5.896957600000000000e+10,-1.837043823784050864e-13,-1.337326246668326064e+02
5.897657500000000000e+10,-1.837043823784050864e-13,-1.337399261626671318e+02
5.898357400000000000e+10,-1.832222186451284216e-13,-1.337472267713961855e+02
5.899057300000000000e+10,-1.827400549118517568e-13,-1.337545264932379325e+02
5.899757200000000000e+10,-1.827400549118517568e-13,-1.337618253284101684e+02
5.900457100000000000e+10,-1.822578911785750920e-13,-1.337691232771309444e+02
5.901157000000000000e+10,-1.822578911785750920e-13,-1.337764203396179425e+02
5.901856900000000000e+10,-1.817757274452984273e-13,-1.337837165160889867e+02
5.902556800000000000e+10,-1.812935637120217625e-13,-1.337910118067615599e+02
5.903256700000000000e+10,-1.812935637120217625e-13,-1.337983062118534008e+02
5.903956600000000000e+10,-1.808113999787450977e-13,-1.338055997315818217e+02
5.904656500000000000e+10,-1.803292362454684330e-13,-1.338128923661643057e+02
5.905356400000000000e+10,-1.803292362454684330e-13,-1.338201841158181651e+02
5.906056300000000000e+10,-1.798470725121917682e-13,-1.338274749807605701e+02
5.906756200000000000e+10,-1.793649087789151034e-13,-1.338347649612087480e+02
5.907456100000000000e+10,-1.793649087789151034e-13,-1.338420540573797552e+02
5.908156000000000000e+10,-1.788827450456384639e-13,-1.338493422694904780e+02
5.908855900000000000e+10,-1.788827450456384639e-13,-1.338566295977580012e+02
5.909555800000000000e+10,-1.784005813123617739e-13,-1.338639160423990120e+02
5.910255700000000000e+10,-1.779184175790851091e-13,-1.338712016036303112e+02
5.910955600000000000e+10,-1.779184175790851091e-13,-1.338784862816685859e+02
5.911655500000000000e+10,-1.774362538458084444e-13,-1.338857700767303243e+02
5.912355400000000000e+10,-1.774362538458084444e-13,-1.338930529890321566e+02
5.913055300000000000e+10,-1.769540901125317796e-13,-1.339003350187904289e+02
5.913755200000000000e+10,-1.764719263792551401e-13,-1.339076161662215441e+02
5.914455100000000000e+10,-1.764719263792551401e-13,-1.339148964315417061e+02
5.915155000000000000e+10,-1.759897626459784753e-13,-1.339221758149671189e+02
5.915854900000000000e+10,-1.755075989127017853e-13,-1.339294543167138443e+02
5.916554800000000000e+10,-1.755075989127017853e-13,-1.339367319369980578e+02
5.917254700000000000e+10,-1.750254351794251205e-13,-1.339440086760355086e+02
5.917954600000000000e+10,-1.750254351794251205e-13,-1.339512845340421734e+02
5.918654500000000000e+10,-1.745432714461484558e-13,-1.339585595112338012e+02
5.919354400000000000e+10,-1.740611077128718162e-13,-1.339658336078261129e+02
5.920054300000000000e+10,-1.740611077128718162e-13,-1.339731068240347440e+02
5.920754200000000000e+10,-1.735789439795951515e-13,-1.339803791600751595e+02
5.921454100000000000e+10,-1.735789439795951515e-13,-1.339876506161628811e+02
5.922154000000000000e+10,-1.730967802463184867e-13,-1.339949211925132886e+02
5.922853900000000000e+10,-1.726146165130418472e-13,-1.340021908893416480e+02
5.923553800000000000e+10,-1.726146165130418472e-13,-1.340094597068632538e+02
5.924253700000000000e+10,-1.721324527797651824e-13,-1.340167276452932015e+02
5.924953600000000000e+10,-1.721324527797651824e-13,-1.340239947048465581e+02
5.925653500000000000e+10,-1.716502890464884924e-13,-1.340312608857382770e+02
5.926353400000000000e+10,-1.711681253132118276e-13,-1.340385261881832832e+02
5.927053300000000000e+10,-1.711681253132118276e-13,-1.340457906123964165e+02
5.927753200000000000e+10,-1.706859615799351628e-13,-1.340530541585924311e+02
5.928453100000000000e+10,-1.706859615799351628e-13,-1.340603168269859395e+02
5.929153000000000000e+10,-1.702037978466585233e-13,-1.340675786177915256e+02
5.929852900000000000e+10,-1.697216341133818586e-13,-1.340748395312237733e+02
5.930552800000000000e+10,-1.697216341133818586e-13,-1.340820995674970391e+02
5.931252700000000000e+10,-1.692394703801051938e-13,-1.340893587268257079e+02
5.931952600000000000e+10,-1.692394703801051938e-13,-1.340966170094239942e+02
5.932652500000000000e+10,-1.687573066468285290e-13,-1.341038744155061408e+02
5.933352400000000000e+10,-1.687573066468285290e-13,-1.341111309452861917e+02
5.934052300000000000e+10,-1.682751429135518390e-13,-1.341183865989782191e+02
5.934752200000000000e+10,-1.677929791802751995e-13,-1.341256413767962101e+02
5.935452100000000000e+10,-1.677929791802751995e-13,-1.341328952789539244e+02
5.936152000000000000e+10,-1.673108154469985347e-13,-1.341401483056652637e+02
5.936851900000000000e+10,-1.673108154469985347e-13,-1.341474004571438741e+02
5.937551800000000000e+10,-1.668286517137218699e-13,-1.341546517336034583e+02
5.938251700000000000e+10,-1.663464879804452052e-13,-1.341619021352574634e+02
5.938951600000000000e+10,-1.663464879804452052e-13,-1.341691516623194218e+02
5.939651500000000000e+10,-1.658643242471685404e-13,-1.341764003150027236e+02
5.940351400000000000e+10,-1.658643242471685404e-13,-1.341836480935206737e+02
5.941051300000000000e+10,-1.653821605138919009e-13,-1.341908949980865771e+02
5.941751200000000000e+10,-1.653821605138919009e-13,-1.341981410289134828e+02
5.942451100000000000e+10,-1.648999967806152361e-13,-1.342053861862145254e+02
5.943151000000000000e+10,-1.644178330473385713e-13,-1.342126304702027255e+02
5.943850900000000000e+10,-1.644178330473385713e-13,-1.342198738810909902e+02
5.944550800000000000e+10,-1.639356693140618813e-13,-1.342271164190921127e+02
5.945250700000000000e+10,-1.639356693140618813e-13,-1.342343580844189432e+02
5.945950600000000000e+10,-1.634535055807852166e-13,-1.342415988772841047e+02
5.946650500000000000e+10,-1.634535055807852166e-13,-1.342488387979002482e+02
5.947350400000000000e+10,-1.629713418475085770e-13,-1.342560778464798545e+02
5.948050300000000000e+10,-1.624891781142319123e-13,-1.342633160232354044e+02
5.948750200000000000e+10,-1.624891781142319123e-13,-1.342705533283792647e+02
5.949450100000000000e+10,-1.620070143809552475e-13,-1.342777897621237173e+02
5.950150000000000000e+10,-1.620070143809552475e-13,-1.342850253246809871e+02
5.950849900000000000e+10,-1.615248506476786080e-13,-1.342922600162632421e+02
5.951549800000000000e+10,-1.615248506476786080e-13,-1.342994938370824798e+02
5.952249700000000000e+10,-1.610426869144019432e-13,-1.343067267873507546e+02
5.952949600000000000e+10,-1.610426869144019432e-13,-1.343139588672798652e+02
5.953649500000000000e+10,-1.605605231811252784e-13,-1.343211900770817238e+02
5.954349400000000000e+10,-1.600783594478486137e-13,-1.343284204169680152e+02
5.955049300000000000e+10,-1.600783594478486137e-13,-1.343356498871504527e+02
5.955749200000000000e+10,-1.595961957145719489e-13,-1.343428784878406077e+02
5.956449100000000000e+10,-1.595961957145719489e-13,-1.343501062192500228e+02
5.957149000000000000e+10,-1.591140319812953094e-13,-1.343573330815900420e+02
5.957848900000000000e+10,-1.591140319812953094e-13,-1.343645590750720942e+02
5.958548800000000000e+10,-1.586318682480186194e-13,-1.343717841999074665e+02
5.959248700000000000e+10,-1.586318682480186194e-13,-1.343790084563073037e+02
5.959948600000000000e+10,-1.581497045147419546e-13,-1.343862318444827508e+02
5.960648500000000000e+10,-1.581497045147419546e-13,-1.343934543646448674e+02
5.961348400000000000e+10,-1.576675407814652898e-13,-1.344006760170045993e+02
5.962048300000000000e+10,-1.571853770481886251e-13,-1.344078968017728641e+02
5.962748200000000000e+10,-1.571853770481886251e-13,-1.344151167191604088e+02
5.963448100000000000e+10,-1.567032133149119855e-13,-1.344223357693780656e+02
5.964148000000000000e+10,-1.567032133149119855e-13,-1.344295539526363825e+02
5.964847900000000000e+10,-1.562210495816353208e-13,-1.344367712691460213e+02
5.965547800000000000e+10,-1.562210495816353208e-13,-1.344439877191173878e+02
5.966247700000000000e+10,-1.557388858483586560e-13,-1.344512033027610016e+02
5.966947600000000000e+10,-1.557388858483586560e-13,-1.344584180202871835e+02
5.967647500000000000e+10,-1.552567221150820165e-13,-1.344656318719061119e+02
5.968347400000000000e+10,-1.552567221150820165e-13,-1.344728448578281075e+02
5.969047300000000000e+10,-1.547745583818053517e-13,-1.344800569782632351e+02
5.969747200000000000e+10,-1.547745583818053517e-13,-1.344872682334214744e+02
5.970447100000000000e+10,-1.542923946485286869e-13,-1.344944786235128333e+02
5.971147000000000000e+10,-1.538102309152520222e-13,-1.345016881487472062e+02
5.971846900000000000e+10,-1.538102309152520222e-13,-1.345088968093344022e+02
5.972546800000000000e+10,-1.533280671819753574e-13,-1.345161046054840597e+02
5.973246700000000000e+10,-1.533280671819753574e-13,-1.345233115374059309e+02
5.973946600000000000e+10,-1.528459034486987179e-13,-1.345305176053095693e+02
5.974646500000000000e+10,-1.528459034486987179e-13,-1.345377228094043858e+02
5.975346400000000000e+10,-1.523637397154220279e-13,-1.345449271498998769e+02
5.976046300000000000e+10,-1.523637397154220279e-13,-1.345521306270053969e+02
5.976746200000000000e+10,-1.518815759821453631e-13,-1.345593332409301865e+02
5.977446100000000000e+10,-1.518815759821453631e-13,-1.345665349918833726e+02
5.978146000000000000e+10,-1.513994122488686983e-13,-1.345737358800741674e+02
5.978845900000000000e+10,-1.513994122488686983e-13,-1.345809359057115273e+02
5.979545800000000000e+10,-1.509172485155920336e-13,-1.345881350690044655e+02
5.980245700000000000e+10,-1.509172485155920336e-13,-1.345953333701617964e+02
5.980945600000000000e+10,-1.504350847823153940e-13,-1.346025308093923911e+02
5.981645500000000000e+10,-1.504350847823153940e-13,-1.346097273869048934e+02
5.982345400000000000e+10,-1.499529210490387293e-13,-1.346169231029080606e+02
5.983045300000000000e+10,-1.499529210490387293e-13,-1.346241179576103661e+02
5.983745200000000000e+10,-1.494707573157620645e-13,-1.346313119512204253e+02
5.984445100000000000e+10,-1.494707573157620645e-13,-1.346385050839465123e+02
5.985145000000000000e+10,-1.489885935824854250e-13,-1.346456973559970720e+02
5.985844900000000000e+10,-1.489885935824854250e-13,-1.346528887675803503e+02
5.986544800000000000e+10,-1.485064298492087602e-13,-1.346600793189045078e+02
5.987244700000000000e+10,-1.485064298492087602e-13,-1.346672690101776766e+02
5.987944600000000000e+10,-1.480242661159320954e-13,-1.346744578416079037e+02
5.988644500000000000e+10,-1.475421023826554307e-13,-1.346816458134031507e+02
5.989344400000000000e+10,-1.475421023826554307e-13,-1.346888329257712940e+02
5.990044300000000000e+10,-1.470599386493787659e-13,-1.346960191789201815e+02
5.990744200000000000e+10,-1.470599386493787659e-13,-1.347032045730574623e+02
5.991444100000000000e+10,-1.465777749161021264e-13,-1.347103891083908707e+02
5.992144000000000000e+10,-1.465777749161021264e-13,-1.347175727851279703e+02
5.992843900000000000e+10,-1.460956111828254616e-13,-1.347247556034762113e+02
5.993543800000000000e+10,-1.460956111828254616e-13,-1.347319375636430721e+02
5.994243700000000000e+10,-1.456134474495487968e-13,-1.347391186658359459e+02
5.994943600000000000e+10,-1.456134474495487968e-13,-1.347462989102620554e+02
5.995643500000000000e+10,-1.451312837162721573e-13,-1.347534782971285381e+02
5.996343400000000000e+10,-1.451312837162721573e-13,-1.347606568266426450e+02
5.997043300000000000e+10,-1.446491199829954925e-13,-1.347678344990113430e+02
5.997743200000000000e+10,-1.446491199829954925e-13,-1.347750113144416844e+02
5.998443100000000000e+10,-1.441669562497188278e-13,-1.347821872731404937e+02
5.999143000000000000e+10,-1.441669562497188278e-13,-1.347893623753145960e+02
5.999842900000000000e+10,-1.436847925164421630e-13,-1.347965366211707874e+02
6.000542800000000000e+10,-1.436847925164421630e-13,-1.348037100109156654e+02
6.001242700000000000e+10,-1.436847925164421630e-13,-1.348108825447558843e+02
6.001942600000000000e+10,-1.432026287831654982e-13,-1.348180542228979562e+02
6.002642500000000000e+10,-1.432026287831654982e-13,-1.348252250455482795e+02
6.003342400000000000e+10,-1.427204650498888587e-13,-1.348323950129133095e+02
6.004042300000000000e+10,-1.427204650498888587e-13,-1.348395641251992174e+02
6.004742200000000000e+10,-1.422383013166121687e-13,-1.348467323826123447e+02
6.005442100000000000e+10,-1.422383013166121687e-13,-1.348538997853587773e+02
6.006142000000000000e+10,-1.417561375833355292e-13,-1.348610663336445725e+02
6.006841900000000000e+10,-1.417561375833355292e-13,-1.348682320276757025e+02
6.007541800000000000e+10,-1.412739738500588644e-13,-1.348753968676581678e+02
6.008241700000000000e+10,-1.412739738500588644e-13,-1.348825608537976848e+02
6.008941600000000000e+10,-1.407918101167821996e-13,-1.348897239863001403e+02
6.009641500000000000e+10,-1.407918101167821996e-13,-1.348968862653711369e+02
6.010341400000000000e+10,-1.403096463835055349e-13,-1.349040476912163342e+02
6.011041300000000000e+10,-1.403096463835055349e-13,-1.349112082640412495e+02
6.011741200000000000e+10,-1.398274826502288953e-13,-1.349183679840513719e+02
6.012441100000000000e+10,-1.398274826502288953e-13,-1.349255268514521049e+02
6.013141000000000000e+10,-1.393453189169522306e-13,-1.349326848664486818e+02
6.013840900000000000e+10,-1.393453189169522306e-13,-1.349398420292464493e+02
6.014540800000000000e+10,-1.388631551836755658e-13,-1.349469983400504987e+02
6.015240700000000000e+10,-1.388631551836755658e-13,-1.349541537990659492e+02
6.015940600000000000e+10,-1.383809914503989010e-13,-1.349613084064977784e+02
6.016640500000000000e+10,-1.383809914503989010e-13,-1.349684621625510204e+02
6.017340400000000000e+10,-1.378988277171222615e-13,-1.349756150674304251e+02
6.018040300000000000e+10,-1.378988277171222615e-13,-1.349827671213408564e+02
6.018740200000000000e+10,-1.374166639838455967e-13,-1.349899183244870073e+02
6.019440100000000000e+10,-1.374166639838455967e-13,-1.349970686770735426e+02
6.020140000000000000e+10,-1.374166639838455967e-13,-1.350042181793050133e+02
6.020839900000000000e+10,-1.369345002505689320e-13,-1.350113668313858568e+02
6.021539800000000000e+10,-1.369345002505689320e-13,-1.350185146335205673e+02
6.022239700000000000e+10,-1.364523365172922672e-13,-1.350256615859134683e+02
6.022939600000000000e+10,-1.364523365172922672e-13,-1.350328076887688553e+02
6.023639500000000000e+10,-1.359701727840156277e-13,-1.350399529422908813e+02
6.024339400000000000e+10,-1.359701727840156277e-13,-1.350470973466836710e+02
6.025039300000000000e+10,-1.354880090507389629e-13,-1.350542409021512356e+02
6.025739200000000000e+10,-1.354880090507389629e-13,-1.350613836088976143e+02
6.026439100000000000e+10,-1.350058453174622981e-13,-1.350685254671266762e+02
6.027139000000000000e+10,-1.350058453174622981e-13,-1.350756664770422617e+02
6.027838900000000000e+10,-1.345236815841856334e-13,-1.350828066388480408e+02
6.028538800000000000e+10,-1.345236815841856334e-13,-1.350899459527478257e+02
6.029238700000000000e+10,-1.345236815841856334e-13,-1.350970844189450872e+02
6.029938600000000000e+10,-1.340415178509089939e-13,-1.351042220376434102e+02
6.030638500000000000e+10,-1.340415178509089939e-13,-1.351113588090462940e+02
6.031338400000000000e+10,-1.335593541176323291e-13,-1.351184947333569824e+02
6.032038300000000000e+10,-1.335593541176323291e-13,-1.351256298107788894e+02
6.032738200000000000e+10,-1.330771903843556643e-13,-1.351327640415152302e+02
6.033438100000000000e+10,-1.330771903843556643e-13,-1.351398974257691350e+02
6.034138000000000000e+10,-1.325950266510789995e-13,-1.351470299637437051e+02
6.034837900000000000e+10,-1.325950266510789995e-13,-1.351541616556419569e+02
6.035537800000000000e+10,-1.321128629178023600e-13,-1.351612925016667646e+02
6.036237700000000000e+10,-1.321128629178023600e-13,-1.351684225020210590e+02
6.036937600000000000e+10,-1.321128629178023600e-13,-1.351755516569076008e+02
6.037637500000000000e+10,-1.316306991845256953e-13,-1.351826799665290935e+02
6.038337400000000000e+10,-1.316306991845256953e-13,-1.351898074310881839e+02
6.039037300000000000e+10,-1.311485354512490305e-13,-1.351969340507874620e+02
6.039737200000000000e+10,-1.311485354512490305e-13,-1.352040598258293471e+02
6.040437100000000000e+10,-1.306663717179723657e-13,-1.352111847564163725e+02
6.041137000000000000e+10,-1.306663717179723657e-13,-1.352183088427507869e+02
6.041836900000000000e+10,-1.301842079846957262e-13,-1.352254320850348677e+02
6.042536800000000000e+10,-1.301842079846957262e-13,-1.352325544834709206e+02
6.043236700000000000e+10,-1.301842079846957262e-13,-1.352396760382609102e+02
6.043936600000000000e+10,-1.297020442514190614e-13,-1.352467967496070003e+02
6.044636500000000000e+10,-1.297020442514190614e-13,-1.352539166177111838e+02
6.045336400000000000e+10,-1.292198805181423967e-13,-1.352610356427752265e+02
6.046036300000000000e+10,-1.292198805181423967e-13,-1.352681538250011215e+02
6.046736200000000000e+10,-1.287377167848657319e-13,-1.352752711645905208e+02
6.047436100000000000e+10,-1.287377167848657319e-13,-1.352823876617451901e+02
6.048136000000000000e+10,-1.282555530515890924e-13,-1.352895033166666110e+02
6.048835900000000000e+10,-1.282555530515890924e-13,-1.352966181295564922e+02
6.049535800000000000e+10,-1.282555530515890924e-13,-1.353037321006161449e+02
6.050235700000000000e+10,-1.277733893183124276e-13,-1.353108452300470503e+02
6.050935600000000000e+10,-1.277733893183124276e-13,-1.353179575180505481e+02
6.051635500000000000e+10,-1.272912255850357628e-13,-1.353250689648278353e+02
6.052335400000000000e+10,-1.272912255850357628e-13,-1.353321795705800810e+02
6.053035300000000000e+10,-1.268090618517590981e-13,-1.353392893355084254e+02
6.053735200000000000e+10,-1.268090618517590981e-13,-1.353463982598138386e+02
6.054435100000000000e+10,-1.268090618517590981e-13,-1.353535063436973189e+02
6.055135000000000000e+10,-1.263268981184824585e-13,-1.353606135873597225e+02
6.055834900000000000e+10,-1.263268981184824585e-13,-1.353677199910018771e+02
6.056534800000000000e+10,-1.258447343852057938e-13,-1.353748255548245538e+02
6.057234700000000000e+10,-1.258447343852057938e-13,-1.353819302790283530e+02
6.057934600000000000e+10,-1.253625706519291290e-13,-1.353890341638138750e+02
6.058634500000000000e+10,-1.253625706519291290e-13,-1.353961372093816635e+02
6.059334400000000000e+10,-1.253625706519291290e-13,-1.354032394159321484e+02
6.060034300000000000e+10,-1.248804069186524642e-13,-1.354103407836657311e+02
6.060734200000000000e+10,-1.248804069186524642e-13,-1.354174413127826426e+02
6.061434100000000000e+10,-1.243982431853758247e-13,-1.354245410034832560e+02
6.062134000000000000e+10,-1.243982431853758247e-13,-1.354316398559675463e+02
6.062833900000000000e+10,-1.239160794520991599e-13,-1.354387378704357161e+02
6.063533800000000000e+10,-1.239160794520991599e-13,-1.354458350470877122e+02
6.064233700000000000e+10,-1.239160794520991599e-13,-1.354529313861235380e+02
6.064933600000000000e+10,-1.234339157188224952e-13,-1.354600268877429983e+02
6.065633500000000000e+10,-1.234339157188224952e-13,-1.354671215521458976e+02
6.066333400000000000e+10,-1.229517519855458304e-13,-1.354742153795320121e+02
6.067033300000000000e+10,-1.229517519855458304e-13,-1.354813083701008907e+02
6.067733200000000000e+10,-1.229517519855458304e-13,-1.354884005240521958e+02
6.068433100000000000e+10,-1.224695882522691909e-13,-1.354954918415854479e+02
6.069133000000000000e+10,-1.224695882522691909e-13,-1.355025823229000252e+02
6.069832900000000000e+10,-1.219874245189925513e-13,-1.355096719681952777e+02
6.070532800000000000e+10,-1.219874245189925513e-13,-1.355167607776705267e+02
6.071232700000000000e+10,-1.215052607857158866e-13,-1.355238487515250085e+02
6.071932600000000000e+10,-1.215052607857158866e-13,-1.355309358899578456e+02
6.072632500000000000e+10,-1.215052607857158866e-13,-1.355380221931680751e+02
6.073332400000000000e+10,-1.210230970524392218e-13,-1.355451076613547343e+02
6.074032300000000000e+10,-1.210230970524392218e-13,-1.355521922947167752e+02
6.074732200000000000e+10,-1.205409333191625570e-13,-1.355592760934530077e+02
6.075432100000000000e+10,-1.205409333191625570e-13,-1.355663590577622131e+02
6.076132000000000000e+10,-1.205409333191625570e-13,-1.355734411878431729e+02
6.076831900000000000e+10,-1.200587695858858923e-13,-1.355805224838944412e+02
6.077531800000000000e+10,-1.200587695858858923e-13,-1.355876029461146288e+02
6.078231700000000000e+10,-1.195766058526092527e-13,-1.355946825747023183e+02
6.078931600000000000e+10,-1.195766058526092527e-13,-1.356017613698558080e+02
6.079631500000000000e+10,-1.195766058526092527e-13,-1.356088393317735097e+02
6.080331400000000000e+10,-1.190944421193325880e-13,-1.356159164606537217e+02
6.081031300000000000e+10,-1.190944421193325880e-13,-1.356229927566945719e+02
6.081731200000000000e+10,-1.186122783860559232e-13,-1.356300682200943299e+02
6.082431100000000000e+10,-1.186122783860559232e-13,-1.356371428510509531e+02
6.083131000000000000e+10,-1.186122783860559232e-13,-1.356442166497625408e+02
6.083830900000000000e+10,-1.181301146527792837e-13,-1.356512896164269364e+02
6.084530800000000000e+10,-1.181301146527792837e-13,-1.356583617512420119e+02
6.085230700000000000e+10,-1.176479509195026189e-13,-1.356654330544055824e+02
6.085930600000000000e+10,-1.176479509195026189e-13,-1.356725035261152925e+02
6.086630500000000000e+10,-1.176479509195026189e-13,-1.356795731665689004e+02
6.087330400000000000e+10,-1.171657871862259794e-13,-1.356866419759638802e+02
6.088030300000000000e+10,-1.171657871862259794e-13,-1.356937099544977627e+02
6.088730200000000000e+10,-1.166836234529493146e-13,-1.357007771023679936e+02
6.089430100000000000e+10,-1.166836234529493146e-13,-1.357078434197718479e+02
6.090130000000000000e+10,-1.166836234529493146e-13,-1.357149089069067429e+02
6.090829900000000000e+10,-1.162014597196726499e-13,-1.357219735639698115e+02
6.091529800000000000e+10,-1.162014597196726499e-13,-1.357290373911581867e+02
6.092229700000000000e+10,-1.157192959863959851e-13,-1.357361003886689730e+02
6.092929600000000000e+10,-1.157192959863959851e-13,-1.357431625566991613e+02
6.093629500000000000e+10,-1.157192959863959851e-13,-1.357502238954456857e+02
6.094329400000000000e+10,-1.152371322531193456e-13,-1.357572844051053949e+02
6.095029300000000000e+10,-1.152371322531193456e-13,-1.357643440858751092e+02
6.095729200000000000e+10,-1.147549685198426808e-13,-1.357714029379515068e+02
6.096429100000000000e+10,-1.147549685198426808e-13,-1.357784609615312661e+02
6.097129000000000000e+10,-1.147549685198426808e-13,-1.357855181568109515e+02
6.097828900000000000e+10,-1.142728047865660160e-13,-1.357925745239870707e+02
6.098528800000000000e+10,-1.142728047865660160e-13,-1.357996300632560747e+02
6.099228700000000000e+10,-1.142728047865660160e-13,-1.358066847748143005e+02
6.099928600000000000e+10,-1.137906410532893765e-13,-1.358137386588580569e+02
6.100628500000000000e+10,-1.137906410532893765e-13,-1.358207917155835389e+02
6.101328400000000000e+10,-1.133084773200127117e-13,-1.358278439451869701e+02
6.102028300000000000e+10,-1.133084773200127117e-13,-1.358348953478644034e+02
6.102728200000000000e+10,-1.133084773200127117e-13,-1.358419459238117781e+02
6.103428100000000000e+10,-1.128263135867360596e-13,-1.358489956732251471e+02
6.104128000000000000e+10,-1.128263135867360596e-13,-1.358560445963003076e+02
6.104827900000000000e+10,-1.123441498534594074e-13,-1.358630926932331136e+02
6.105527800000000000e+10,-1.123441498534594074e-13,-1.358701399642192200e+02
6.106227700000000000e+10,-1.123441498534594074e-13,-1.358771864094543673e+02
6.106927600000000000e+10,-1.118619861201827427e-13,-1.358842320291341252e+02
6.107627500000000000e+10,-1.118619861201827427e-13,-1.358912768234540067e+02
6.108327400000000000e+10,-1.118619861201827427e-13,-1.358983207926094394e+02
6.109027300000000000e+10,-1.113798223869060779e-13,-1.359053639367957942e+02
6.109727200000000000e+10,-1.113798223869060779e-13,-1.359124062562084418e+02
6.110427100000000000e+10,-1.108976586536294258e-13,-1.359194477510425827e+02
6.111127000000000000e+10,-1.108976586536294258e-13,-1.359264884214933886e+02
6.111826900000000000e+10,-1.108976586536294258e-13,-1.359335282677559746e+02
6.112526800000000000e+10,-1.104154949203527862e-13,-1.359405672900253421e+02
6.113226700000000000e+10,-1.104154949203527862e-13,-1.359476054884964640e+02
6.113926600000000000e+10,-1.104154949203527862e-13,-1.359546428633642563e+02
6.114626500000000000e+10,-1.099333311870761215e-13,-1.359616794148235215e+02
6.115326400000000000e+10,-1.099333311870761215e-13,-1.359687151430689482e+02
6.116026300000000000e+10,-1.099333311870761215e-13,-1.359757500482953390e+02
6.116726200000000000e+10,-1.094511674537994693e-13,-1.359827841306971834e+02
6.117426100000000000e+10,-1.094511674537994693e-13,-1.359898173904691134e+02
6.118126000000000000e+10,-1.089690037205228045e-13,-1.359968498278055620e+02
6.118825900000000000e+10,-1.089690037205228045e-13,-1.360038814429009335e+02
6.119525800000000000e+10,-1.089690037205228045e-13,-1.360109122359495473e+02
6.120225700000000000e+10,-1.084868399872461524e-13,-1.360179422071456656e+02
6.120925600000000000e+10,-1.084868399872461524e-13,-1.360249713566834942e+02
6.121625500000000000e+10,-1.084868399872461524e-13,-1.360319996847571531e+02
6.122325400000000000e+10,-1.080046762539695003e-13,-1.360390271915607627e+02
6.123025300000000000e+10,-1.080046762539695003e-13,-1.360460538772881591e+02
6.123725200000000000e+10,-1.080046762539695003e-13,-1.360530797421333489e+02
6.124425100000000000e+10,-1.075225125206928481e-13,-1.360601047862901964e+02
6.125125000000000000e+10,-1.075225125206928481e-13,-1.360671290099524526e+02
6.125824900000000000e+10,-1.070403487874161960e-13,-1.360741524133138114e+02
6.126524800000000000e+10,-1.070403487874161960e-13,-1.360811749965678814e+02
6.127224700000000000e+10,-1.070403487874161960e-13,-1.360881967599083282e+02
6.127924600000000000e+10,-1.065581850541395312e-13,-1.360952177035285331e+02
6.128624500000000000e+10,-1.065581850541395312e-13,-1.361022378276220195e+02
6.129324400000000000e+10,-1.065581850541395312e-13,-1.361092571323820835e+02
6.130024300000000000e+10,-1.060760213208628664e-13,-1.361162756180020779e+02
6.130724200000000000e+10,-1.060760213208628664e-13,-1.361232932846751851e+02
6.131424100000000000e+10,-1.060760213208628664e-13,-1.361303101325945022e+02
6.132124000000000000e+10,-1.055938575875862269e-13,-1.361373261619532400e+02
6.132823900000000000e+10,-1.055938575875862269e-13,-1.361443413729443535e+02
6.133523800000000000e+10,-1.055938575875862269e-13,-1.361513557657607691e+02
6.134223700000000000e+10,-1.051116938543095748e-13,-1.361583693405953568e+02
6.134923600000000000e+10,-1.051116938543095748e-13,-1.361653820976409577e+02
6.135623500000000000e+10,-1.046295301210329100e-13,-1.361723940370902994e+02
6.136323400000000000e+10,-1.046295301210329100e-13,-1.361794051591360528e+02
6.137023300000000000e+10,-1.046295301210329100e-13,-1.361864154639707749e+02
6.137723200000000000e+10,-1.041473663877562578e-13,-1.361934249517871081e+02
6.138423100000000000e+10,-1.041473663877562578e-13,-1.362004336227774388e+02
6.139123000000000000e+10,-1.041473663877562578e-13,-1.362074414771341537e+02
6.139822900000000000e+10,-1.036652026544795931e-13,-1.362144485150496109e+02
6.140522800000000000e+10,-1.036652026544795931e-13,-1.362214547367160549e+02
6.141222700000000000e+10,-1.036652026544795931e-13,-1.362284601423256731e+02
6.141922600000000000e+10,-1.031830389212029535e-13,-1.362354647320706249e+02
6.142622500000000000e+10,-1.031830389212029535e-13,-1.362424685061428704e+02
6.143322400000000000e+10,-1.031830389212029535e-13,-1.362494714647345120e+02
6.144022300000000000e+10,-1.027008751879262888e-13,-1.362564736080373393e+02
6.144722200000000000e+10,-1.027008751879262888e-13,-1.362634749362433126e+02
6.145422100000000000e+10,-1.027008751879262888e-13,-1.362704754495441648e+02
6.146122000000000000e+10,-1.022187114546496366e-13,-1.362774751481315718e+02
6.146821900000000000e+10,-1.022187114546496366e-13,-1.362844740321972097e+02
6.147521800000000000e+10,-1.022187114546496366e-13,-1.362914721019326407e+02
6.148221700000000000e+10,-1.017365477213729845e-13,-1.362984693575294557e+02
6.148921600000000000e+10,-1.017365477213729845e-13,-1.363054657991789327e+02
6.149621500000000000e+10,-1.017365477213729845e-13,-1.363124614270725772e+02
6.150321400000000000e+10,-1.012543839880963197e-13,-1.363194562414016104e+02
6.151021300000000000e+10,-1.012543839880963197e-13,-1.363264502423572537e+02
6.151721200000000000e+10,-1.012543839880963197e-13,-1.363334434301307283e+02
6.152421100000000000e+10,-1.007722202548196802e-13,-1.363404358049131702e+02
6.153121000000000000e+10,-1.007722202548196802e-13,-1.363474273668954879e+02
6.153820900000000000e+10,-1.007722202548196802e-13,-1.363544181162687039e+02
6.154520800000000000e+10,-1.002900565215430154e-13,-1.363614080532237267e+02
6.155220700000000000e+10,-1.002900565215430154e-13,-1.363683971779513513e+02
6.155920600000000000e+10,-1.002900565215430154e-13,-1.363753854906423157e+02
6.156620500000000000e+10,-9.980789278826636327e-14,-1.363823729914873866e+02
6.157320400000000000e+10,-9.980789278826636327e-14,-1.363893596806771029e+02
6.158020300000000000e+10,-9.980789278826636327e-14,-1.363963455584020608e+02
6.158720200000000000e+10,-9.932572905498969851e-14,-1.364033306248527424e+02
6.159420100000000000e+10,-9.932572905498969851e-14,-1.364103148802195449e+02
6.160120000000000000e+10,-9.932572905498969851e-14,-1.364172983246927799e+02
6.160819900000000000e+10,-9.884356532171305898e-14,-1.364242809584628731e+02
6.161519800000000000e+10,-9.884356532171305898e-14,-1.364312627817198802e+02
6.162219700000000000e+10,-9.884356532171305898e-14,-1.364382437946539710e+02
6.162919600000000000e+10,-9.836140158843640683e-14,-1.364452239974553436e+02
6.163619500000000000e+10,-9.836140158843640683e-14,-1.364522033903139118e+02
6.164319400000000000e+10,-9.836140158843640683e-14,-1.364591819734196179e+02
6.165019300000000000e+10,-9.787923785515974207e-14,-1.364661597469623757e+02
6.165719200000000000e+10,-9.787923785515974207e-14,-1.364731367111319571e+02
6.166419100000000000e+10,-9.787923785515974207e-14,-1.364801128661181338e+02
6.167119000000000000e+10,-9.739707412188307730e-14,-1.364870882121105637e+02
6.167818900000000000e+10,-9.739707412188307730e-14,-1.364940627492988483e+02
6.168518800000000000e+10,-9.739707412188307730e-14,-1.365010364778725602e+02
6.169218700000000000e+10,-9.691491038860643777e-14,-1.365080093980210734e+02
6.169918600000000000e+10,-9.691491038860643777e-14,-1.365149815099339889e+02
6.170618500000000000e+10,-9.691491038860643777e-14,-1.365219528138004250e+02
6.171318400000000000e+10,-9.643274665532978563e-14,-1.365289233098097554e+02
6.172018300000000000e+10,-9.643274665532978563e-14,-1.365358929981512404e+02
6.172718200000000000e+10,-9.643274665532978563e-14,-1.365428618790138842e+02
6.173418100000000000e+10,-9.595058292205312086e-14,-1.365498299525868902e+02
6.174118000000000000e+10,-9.595058292205312086e-14,-1.365567972190591490e+02
6.174817900000000000e+10,-9.595058292205312086e-14,-1.365637636786196367e+02
6.175517800000000000e+10,-9.546841918877646871e-14,-1.365707293314572439e+02
6.176217700000000000e+10,-9.546841918877646871e-14,-1.365776941777607192e+02
6.176917600000000000e+10,-9.546841918877646871e-14,-1.365846582177188395e+02
6.177617500000000000e+10,-9.498625545549982919e-14,-1.365916214515202682e+02
6.178317400000000000e+10,-9.498625545549982919e-14,-1.365985838793536118e+02
6.179017300000000000e+10,-9.498625545549982919e-14,-1.366055455014073914e+02
6.179717200000000000e+10,-9.450409172222316442e-14,-1.366125063178700429e+02
6.180417100000000000e+10,-9.450409172222316442e-14,-1.366194663289300024e+02
6.181117000000000000e+10,-9.450409172222316442e-14,-1.366264255347755920e+02
6.181816900000000000e+10,-9.450409172222316442e-14,-1.366333839355951056e+02
6.182516800000000000e+10,-9.402192798894649965e-14,-1.366403415315766949e+02
6.183216700000000000e+10,-9.402192798894649965e-14,-1.366472983229085116e+02
6.183916600000000000e+10,-9.402192798894649965e-14,-1.366542543097785938e+02
6.184616500000000000e+10,-9.353976425566986012e-14,-1.366612094923750078e+02
6.185316400000000000e+10,-9.353976425566986012e-14,-1.366681638708856497e+02
6.186016300000000000e+10,-9.353976425566986012e-14,-1.366751174454983584e+02
6.186716200000000000e+10,-9.305760052239320798e-14,-1.366820702164009731e+02
6.187416100000000000e+10,-9.305760052239320798e-14,-1.366890221837812476e+02
6.188116000000000000e+10,-9.305760052239320798e-14,-1.366959733478267935e+02
6.188815900000000000e+10,-9.257543678911654321e-14,-1.367029237087252227e+02
6.189515800000000000e+10,-9.257543678911654321e-14,-1.367098732666641183e+02
6.190215700000000000e+10,-9.257543678911654321e-14,-1.367168220218308647e+02
6.190915600000000000e+10,-9.257543678911654321e-14,-1.367237699744128747e+02
6.191615500000000000e+10,-9.209327305583989106e-14,-1.367307171245975610e+02
6.192315400000000000e+10,-9.209327305583989106e-14,-1.367376634725721942e+02
6.193015300000000000e+10,-9.209327305583989106e-14,-1.367446090185238745e+02
6.193715200000000000e+10,-9.161110932256325154e-14,-1.367515537626398157e+02
6.194415100000000000e+10,-9.161110932256325154e-14,-1.367584977051070609e+02
6.195115000000000000e+10,-9.161110932256325154e-14,-1.367654408461126252e+02
6.195814900000000000e+10,-9.112894558928658677e-14,-1.367723831858434380e+02
6.196514800000000000e+10,-9.112894558928658677e-14,-1.367793247244863437e+02
6.197214700000000000e+10,-9.112894558928658677e-14,-1.367862654622282435e+02
6.197914600000000000e+10,-9.064678185600992200e-14,-1.367932053992557826e+02
6.198614500000000000e+10,-9.064678185600992200e-14,-1.368001445357556634e+02
6.199314400000000000e+10,-9.064678185600992200e-14,-1.368070828719144743e+02
6.200014300000000000e+10,-9.064678185600992200e-14,-1.368140204079188038e+02
6.200714200000000000e+10,-9.016461812273328248e-14,-1.368209571439550984e+02
6.201414100000000000e+10,-9.016461812273328248e-14,-1.368278930802097761e+02
6.202114000000000000e+10,-9.016461812273328248e-14,-1.368348282168691412e+02
6.202813900000000000e+10,-8.968245438945663033e-14,-1.368417625541195548e+02
6.203513800000000000e+10,-8.968245438945663033e-14,-1.368486960921471791e+02
6.204213700000000000e+10,-8.968245438945663033e-14,-1.368556288311382048e+02
6.204913600000000000e+10,-8.920029065617996556e-14,-1.368625607712786234e+02
6.205613500000000000e+10,-8.920029065617996556e-14,-1.368694919127545120e+02
6.206313400000000000e+10,-8.920029065617996556e-14,-1.368764222557518337e+02
6.207013300000000000e+10,-8.920029065617996556e-14,-1.368833518004564098e+02
6.207713200000000000e+10,-8.871812692290332604e-14,-1.368902805470541466e+02
6.208413100000000000e+10,-8.871812692290332604e-14,-1.368972084957307516e+02
6.209113000000000000e+10,-8.871812692290332604e-14,-1.369041356466718753e+02
6.209812900000000000e+10,-8.823596318962667389e-14,-1.369110620000632252e+02
6.210512800000000000e+10,-8.823596318962667389e-14,-1.369179875560903099e+02
6.211212700000000000e+10,-8.823596318962667389e-14,-1.369249123149385809e+02
6.211912600000000000e+10,-8.823596318962667389e-14,-1.369318362767935184e+02
6.212612500000000000e+10,-8.775379945635000912e-14,-1.369387594418404888e+02
6.213312400000000000e+10,-8.775379945635000912e-14,-1.369456818102648015e+02
6.214012300000000000e+10,-8.775379945635000912e-14,-1.369526033822515956e+02
6.214712200000000000e+10,-8.727163572307336960e-14,-1.369595241579861522e+02
6.215412100000000000e+10,-8.727163572307336960e-14,-1.369664441376534967e+02
6.216112000000000000e+10,-8.727163572307336960e-14,-1.369733633214387112e+02
6.216811900000000000e+10,-8.727163572307336960e-14,-1.369802817095266789e+02
6.217511800000000000e+10,-8.678947198979670483e-14,-1.369871993021024537e+02
6.218211700000000000e+10,-8.678947198979670483e-14,-1.369941160993506912e+02
6.218911600000000000e+10,-8.678947198979670483e-14,-1.370010321014563033e+02
6.219611500000000000e+10,-8.630730825652005268e-14,-1.370079473086039741e+02
6.220311400000000000e+10,-8.630730825652005268e-14,-1.370148617209783026e+02
6.221011300000000000e+10,-8.630730825652005268e-14,-1.370217753387639164e+02
6.221711200000000000e+10,-8.630730825652005268e-14,-1.370286881621452721e+02
6.222411100000000000e+10,-8.582514452324340053e-14,-1.370356001913068837e+02
6.223111000000000000e+10,-8.582514452324340053e-14,-1.370425114264330659e+02
6.223810900000000000e+10,-8.582514452324340053e-14,-1.370494218677082756e+02
6.224510800000000000e+10,-8.534298078996674839e-14,-1.370563315153166286e+02
6.225210700000000000e+10,-8.534298078996674839e-14,-1.370632403694423260e+02
6.225910600000000000e+10,-8.534298078996674839e-14,-1.370701484302695690e+02
6.226610500000000000e+10,-8.534298078996674839e-14,-1.370770556979823311e+02
6.227310400000000000e+10,-8.486081705669009624e-14,-1.370839621727647000e+02
6.228010300000000000e+10,-8.486081705669009624e-14,-1.370908678548005639e+02
6.228710200000000000e+10,-8.486081705669009624e-14,-1.370977727442737546e+02
6.229410100000000000e+10,-8.437865332341344409e-14,-1.371046768413681036e+02
6.230110000000000000e+10,-8.437865332341344409e-14,-1.371115801462673573e+02
6.230809900000000000e+10,-8.437865332341344409e-14,-1.371184826591551769e+02
6.231509800000000000e+10,-8.437865332341344409e-14,-1.371253843802152232e+02
6.232209700000000000e+10,-8.389648959013679195e-14,-1.371322853096309302e+02
6.232909600000000000e+10,-8.389648959013679195e-14,-1.371391854475858736e+02
6.233609500000000000e+10,-8.389648959013679195e-14,-1.371460847942634302e+02
6.234309400000000000e+10,-8.341432585686012718e-14,-1.371529833498469202e+02
6.235009300000000000e+10,-8.341432585686012718e-14,-1.371598811145196919e+02
6.235709200000000000e+10,-8.341432585686012718e-14,-1.371667780884649517e+02
6.236409100000000000e+10,-8.341432585686012718e-14,-1.371736742718658491e+02
6.237109000000000000e+10,-8.293216212358348765e-14,-1.371805696649054767e+02
6.237808900000000000e+10,-8.293216212358348765e-14,-1.371874642677668135e+02
6.238508800000000000e+10,-8.293216212358348765e-14,-1.371943580806328953e+02
6.239208700000000000e+10,-8.293216212358348765e-14,-1.372012511036866158e+02
6.239908600000000000e+10,-8.244999839030682288e-14,-1.372081433371107835e+02
6.240608500000000000e+10,-8.244999839030682288e-14,-1.372150347810881783e+02
6.241308400000000000e+10,-8.244999839030682288e-14,-1.372219254358015235e+02
6.242008300000000000e+10,-8.196783465703017074e-14,-1.372288153014334853e+02
6.242708200000000000e+10,-8.196783465703017074e-14,-1.372357043781665311e+02
6.243408100000000000e+10,-8.196783465703017074e-14,-1.372425926661832705e+02
6.244108000000000000e+10,-8.196783465703017074e-14,-1.372494801656662275e+02
6.244807900000000000e+10,-8.148567092375353121e-14,-1.372563668767976424e+02
6.245507800000000000e+10,-8.148567092375353121e-14,-1.372632527997598686e+02
6.246207700000000000e+10,-8.148567092375353121e-14,-1.372701379347352599e+02
6.246907600000000000e+10,-8.148567092375353121e-14,-1.372770222819059427e+02
6.247607500000000000e+10,-8.100350719047686644e-14,-1.372839058414540432e+02
6.248307400000000000e+10,-8.100350719047686644e-14,-1.372907886135616309e+02
6.249007300000000000e+10,-8.100350719047686644e-14,-1.372976705984108037e+02
6.249707200000000000e+10,-8.100350719047686644e-14,-1.373045517961833468e+02
6.250407100000000000e+10,-8.052134345720022692e-14,-1.373114322070612729e+02
6.251107000000000000e+10,-8.052134345720022692e-14,-1.373183118312263389e+02
6.251806900000000000e+10,-8.052134345720022692e-14,-1.373251906688603015e+02
6.252506800000000000e+10,-8.003917972392357477e-14,-1.373320687201448038e+02
6.253206700000000000e+10,-8.003917972392357477e-14,-1.373389459852615460e+02
6.253906600000000000e+10,-8.003917972392357477e-14,-1.373458224643920289e+02
6.254606500000000000e+10,-8.003917972392357477e-14,-1.373526981577178105e+02
6.255306400000000000e+10,-7.955701599064691000e-14,-1.373595730654203066e+02
6.256006300000000000e+10,-7.955701599064691000e-14,-1.373664471876807909e+02
6.256706200000000000e+10,-7.955701599064691000e-14,-1.373733205246806506e+02
6.257406100000000000e+10,-7.955701599064691000e-14,-1.373801930766011878e+02
6.258106000000000000e+10,-7.907485225737027048e-14,-1.373870648436234774e+02
6.258805900000000000e+10,-7.907485225737027048e-14,-1.373939358259286507e+02
6.259505800000000000e+10,-7.907485225737027048e-14,-1.374008060236978395e+02
6.260205700000000000e+10,-7.907485225737027048e-14,-1.374076754371119478e+02
6.260905600000000000e+10,-7.859268852409360571e-14,-1.374145440663519366e+02
6.261605500000000000e+10,-7.859268852409360571e-14,-1.374214119115986250e+02
6.262305400000000000e+10,-7.859268852409360571e-14,-1.374282789730329171e+02
6.263005300000000000e+10,-7.859268852409360571e-14,-1.374351452508354612e+02
6.263705200000000000e+10,-7.811052479081696619e-14,-1.374420107451869342e+02
6.264405100000000000e+10,-7.811052479081696619e-14,-1.374488754562679844e+02
6.265105000000000000e+10,-7.811052479081696619e-14,-1.374557393842590898e+02
6.265804900000000000e+10,-7.811052479081696619e-14,-1.374626025293408418e+02
6.266504800000000000e+10,-7.762836105754030142e-14,-1.374694648916936330e+02
6.267204700000000000e+10,-7.762836105754030142e-14,-1.374763264714977424e+02
6.267904600000000000e+10,-7.762836105754030142e-14,-1.374831872689335057e+02
6.268604500000000000e+10,-7.762836105754030142e-14,-1.374900472841811734e+02
6.269304400000000000e+10,-7.714619732426364927e-14,-1.374969065174209391e+02
6.270004300000000000e+10,-7.714619732426364927e-14,-1.375037649688328258e+02
6.270704200000000000e+10,-7.714619732426364927e-14,-1.375106226385969705e+02
6.271404100000000000e+10,-7.714619732426364927e-14,-1.375174795268932542e+02
6.272104000000000000e+10,-7.666403359098700975e-14,-1.375243356339017282e+02
6.272803900000000000e+10,-7.666403359098700975e-14,-1.375311909598021316e+02
6.273503800000000000e+10,-7.666403359098700975e-14,-1.375380455047743453e+02
6.274203700000000000e+10,-7.666403359098700975e-14,-1.375448992689979946e+02
6.274903600000000000e+10,-7.618186985771034498e-14,-1.375517522526528182e+02
6.275603500000000000e+10,-7.618186985771034498e-14,-1.375586044559184131e+02
6.276303400000000000e+10,-7.618186985771034498e-14,-1.375654558789742907e+02
6.277003300000000000e+10,-7.618186985771034498e-14,-1.375723065220000194e+02
6.277703200000000000e+10,-7.569970612443370545e-14,-1.375791563851748549e+02
6.278403100000000000e+10,-7.569970612443370545e-14,-1.375860054686783087e+02
6.279103000000000000e+10,-7.569970612443370545e-14,-1.375928537726895797e+02
6.279802900000000000e+10,-7.569970612443370545e-14,-1.375997012973879805e+02
6.280502800000000000e+10,-7.521754239115705331e-14,-1.376065480429525962e+02
6.281202700000000000e+10,-7.521754239115705331e-14,-1.376133940095625405e+02
6.281902600000000000e+10,-7.521754239115705331e-14,-1.376202391973968986e+02
6.282602500000000000e+10,-7.521754239115705331e-14,-1.376270836066346419e+02
6.283302400000000000e+10,-7.473537865788038854e-14,-1.376339272374546567e+02
6.284002300000000000e+10,-7.473537865788038854e-14,-1.376407700900358293e+02
6.284702200000000000e+10,-7.473537865788038854e-14,-1.376476121645569322e+02
6.285402100000000000e+10,-7.473537865788038854e-14,-1.376544534611966810e+02
6.286102000000000000e+10,-7.425321492460374901e-14,-1.376612939801338200e+02
6.286801900000000000e+10,-7.425321492460374901e-14,-1.376681337215468943e+02
6.287501800000000000e+10,-7.425321492460374901e-14,-1.376749726856143923e+02
6.288201700000000000e+10,-7.425321492460374901e-14,-1.376818108725149443e+02
6.288901600000000000e+10,-7.377105119132708424e-14,-1.376886482824268114e+02
6.289601500000000000e+10,-7.377105119132708424e-14,-1.376954849155285103e+02
6.290301400000000000e+10,-7.377105119132708424e-14,-1.377023207719982167e+02
6.291001300000000000e+10,-7.377105119132708424e-14,-1.377091558520141916e+02
6.291701200000000000e+10,-7.328888745805044472e-14,-1.377159901557546391e+02
6.292401100000000000e+10,-7.328888745805044472e-14,-1.377228236833976496e+02
6.293101000000000000e+10,-7.328888745805044472e-14,-1.377296564351212567e+02
6.293800900000000000e+10,-7.328888745805044472e-14,-1.377364884111034655e+02
6.294500800000000000e+10,-7.280672372477377995e-14,-1.377433196115221961e+02
6.295200700000000000e+10,-7.280672372477377995e-14,-1.377501500365553397e+02
6.295900600000000000e+10,-7.280672372477377995e-14,-1.377569796863805891e+02
6.296600500000000000e+10,-7.280672372477377995e-14,-1.377638085611758640e+02
6.297300400000000000e+10,-7.232455999149712780e-14,-1.377706366611186866e+02
6.298000300000000000e+10,-7.232455999149712780e-14,-1.377774639863867208e+02
6.298700200000000000e+10,-7.232455999149712780e-14,-1.377842905371575739e+02
6.299400100000000000e+10,-7.232455999149712780e-14,-1.377911163136086827e+02
6.300100000000000000e+10,-7.232455999149712780e-14,-1.377979413159174555e+02
6.300799900000000000e+10,-7.184239625822048828e-14,-1.378047655442613291e+02
6.301499800000000000e+10,-7.184239625822048828e-14,-1.378115889988175411e+02
6.302199700000000000e+10,-7.184239625822048828e-14,-1.378184116797634431e+02
6.302899600000000000e+10,-7.184239625822048828e-14,-1.378252335872761023e+02
6.303599500000000000e+10,-7.136023252494382351e-14,-1.378320547215326428e+02
6.304299400000000000e+10,-7.136023252494382351e-14,-1.378388750827102456e+02
6.304999300000000000e+10,-7.136023252494382351e-14,-1.378456946709858073e+02
6.305699200000000000e+10,-7.136023252494382351e-14,-1.378525134865363384e+02
6.306399100000000000e+10,-7.087806879166718399e-14,-1.378593315295386503e+02
6.307099000000000000e+10,-7.087806879166718399e-14,-1.378661488001695830e+02
6.307798900000000000e+10,-7.087806879166718399e-14,-1.378729652986058909e+02
6.308498800000000000e+10,-7.087806879166718399e-14,-1.378797810250243003e+02
6.309198700000000000e+10,-7.087806879166718399e-14,-1.378865959796013669e+02
6.309898600000000000e+10,-7.039590505839053184e-14,-1.378934101625137600e+02
6.310598500000000000e+10,-7.039590505839053184e-14,-1.379002235739379216e+02
6.311298400000000000e+10,-7.039590505839053184e-14,-1.379070362140503789e+02
6.311998300000000000e+10,-7.039590505839053184e-14,-1.379138480830273750e+02
6.312698200000000000e+10,-6.991374132511387969e-14,-1.379206591810453801e+02
6.313398100000000000e+10,-6.991374132511387969e-14,-1.379274695082805522e+02
6.314098000000000000e+10,-6.991374132511387969e-14,-1.379342790649091910e+02
6.314797900000000000e+10,-6.991374132511387969e-14,-1.379410878511073690e+02
6.315497800000000000e+10,-6.943157759183722755e-14,-1.379478958670512156e+02
6.316197700000000000e+10,-6.943157759183722755e-14,-1.379547031129167181e+02
6.316897600000000000e+10,-6.943157759183722755e-14,-1.379615095888798635e+02
6.317597500000000000e+10,-6.943157759183722755e-14,-1.379683152951165539e+02
6.318297400000000000e+10,-6.943157759183722755e-14,-1.379751202318025776e+02
6.318997300000000000e+10,-6.894941385856057540e-14,-1.379819243991137796e+02
6.319697200000000000e+10,-6.894941385856057540e-14,-1.379887277972258914e+02
6.320397100000000000e+10,-6.894941385856057540e-14,-1.379955304263144740e+02
6.321097000000000000e+10,-6.894941385856057540e-14,-1.380023322865552018e+02
6.321796900000000000e+10,-6.846725012528392325e-14,-1.380091333781235790e+02
6.322496800000000000e+10,-6.846725012528392325e-14,-1.380159337011950527e+02
6.323196700000000000e+10,-6.846725012528392325e-14,-1.380227332559450986e+02
6.323896600000000000e+10,-6.846725012528392325e-14,-1.380295320425490786e+02
6.324596500000000000e+10,-6.846725012528392325e-14,-1.380363300611821842e+02
6.325296400000000000e+10,-6.798508639200727111e-14,-1.380431273120197204e+02
6.325996300000000000e+10,-6.798508639200727111e-14,-1.380499237952369072e+02
6.326696200000000000e+10,-6.798508639200727111e-14,-1.380567195110087368e+02
6.327396100000000000e+10,-6.798508639200727111e-14,-1.380635144595103441e+02
6.328096000000000000e+10,-6.750292265873061896e-14,-1.380703086409166929e+02
6.328795900000000000e+10,-6.750292265873061896e-14,-1.380771020554027189e+02
6.329495800000000000e+10,-6.750292265873061896e-14,-1.380838947031432724e+02
6.330195700000000000e+10,-6.750292265873061896e-14,-1.380906865843131754e+02
6.330895600000000000e+10,-6.750292265873061896e-14,-1.380974776990872215e+02
6.331595500000000000e+10,-6.702075892545396681e-14,-1.381042680476400335e+02
6.332295400000000000e+10,-6.702075892545396681e-14,-1.381110576301462629e+02
6.332995300000000000e+10,-6.702075892545396681e-14,-1.381178464467804758e+02
6.333695200000000000e+10,-6.702075892545396681e-14,-1.381246344977171532e+02
6.334395100000000000e+10,-6.653859519217731467e-14,-1.381314217831308042e+02
6.335095000000000000e+10,-6.653859519217731467e-14,-1.381382083031957677e+02
6.335794900000000000e+10,-6.653859519217731467e-14,-1.381449940580864109e+02
6.336494800000000000e+10,-6.653859519217731467e-14,-1.381517790479769019e+02
6.337194700000000000e+10,-6.653859519217731467e-14,-1.381585632730415796e+02
6.337894600000000000e+10,-6.605643145890067514e-14,-1.381653467334544985e+02
6.338594500000000000e+10,-6.605643145890067514e-14,-1.381721294293898268e+02
6.339294400000000000e+10,-6.605643145890067514e-14,-1.381789113610214486e+02
6.339994300000000000e+10,-6.605643145890067514e-14,-1.381856925285234752e+02
6.340694200000000000e+10,-6.605643145890067514e-14,-1.381924729320697338e+02
6.341394100000000000e+10,-6.557426772562402299e-14,-1.381992525718341085e+02
6.342094000000000000e+10,-6.557426772562402299e-14,-1.382060314479903980e+02
6.342793900000000000e+10,-6.557426772562402299e-14,-1.382128095607122873e+02
6.343493800000000000e+10,-6.557426772562402299e-14,-1.382195869101734047e+02
6.344193700000000000e+10,-6.557426772562402299e-14,-1.382263634965474637e+02
6.344893600000000000e+10,-6.509210399234737085e-14,-1.382331393200079219e+02
6.345593500000000000e+10,-6.509210399234737085e-14,-1.382399143807283508e+02
6.346293400000000000e+10,-6.509210399234737085e-14,-1.382466886788820943e+02
6.346993300000000000e+10,-6.509210399234737085e-14,-1.382534622146425534e+02
6.347693200000000000e+10,-6.460994025907071870e-14,-1.382602349881830719e+02
6.348393100000000000e+10,-6.460994025907071870e-14,-1.382670069996768518e+02
6.349093000000000000e+10,-6.460994025907071870e-14,-1.382737782492970950e+02
6.349792900000000000e+10,-6.460994025907071870e-14,-1.382805487372169182e+02
6.350492800000000000e+10,-6.460994025907071870e-14,-1.382873184636094095e+02
6.351192700000000000e+10,-6.412777652579406655e-14,-1.382940874286475719e+02
6.351892600000000000e+10,-6.412777652579406655e-14,-1.383008556325043799e+02
6.352592500000000000e+10,-6.412777652579406655e-14,-1.383076230753526374e+02
6.353292400000000000e+10,-6.412777652579406655e-14,-1.383143897573652907e+02
6.353992300000000000e+10,-6.412777652579406655e-14,-1.383211556787150585e+02
6.354692200000000000e+10,-6.364561279251741441e-14,-1.383279208395746309e+02
6.355392100000000000e+10,-6.364561279251741441e-14,-1.383346852401167553e+02
6.356092000000000000e+10,-6.364561279251741441e-14,-1.383414488805138660e+02
6.356791900000000000e+10,-6.364561279251741441e-14,-1.383482117609386250e+02
6.357491800000000000e+10,-6.364561279251741441e-14,-1.383549738815634669e+02
6.358191700000000000e+10,-6.316344905924076226e-14,-1.383617352425608260e+02
6.358891600000000000e+10,-6.316344905924076226e-14,-1.383684958441030517e+02
6.359591500000000000e+10,-6.316344905924076226e-14,-1.383752556863623795e+02
6.360291400000000000e+10,-6.316344905924076226e-14,-1.383820147695111586e+02
6.360991300000000000e+10,-6.316344905924076226e-14,-1.383887730937214826e+02
6.361691200000000000e+10,-6.268128532596412274e-14,-1.383955306591655301e+02
6.362391100000000000e+10,-6.268128532596412274e-14,-1.384022874660153093e+02
6.363091000000000000e+10,-6.268128532596412274e-14,-1.384090435144428568e+02
6.363790900000000000e+10,-6.268128532596412274e-14,-1.384157988046201240e+02
6.364490800000000000e+10,-6.268128532596412274e-14,-1.384225533367189200e+02
6.365190700000000000e+10,-6.219912159268747059e-14,-1.384293071109111679e+02
6.365890600000000000e+10,-6.219912159268747059e-14,-1.384360601273685916e+02
6.366590500000000000e+10,-6.219912159268747059e-14,-1.384428123862628865e+02
6.367290400000000000e+10,-6.219912159268747059e-14,-1.384495638877656916e+02
6.367990300000000000e+10,-6.219912159268747059e-14,-1.384563146320486169e+02
6.368690200000000000e+10,-6.171695785941081844e-14,-1.384630646192832160e+02
6.369390100000000000e+10,-6.171695785941081844e-14,-1.384698138496409285e+02
6.370090000000000000e+10,-6.171695785941081844e-14,-1.384765623232931659e+02
6.370789900000000000e+10,-6.171695785941081844e-14,-1.384833100404113111e+02
6.371489800000000000e+10,-6.171695785941081844e-14,-1.384900570011666048e+02
6.372189700000000000e+10,-6.123479412613416630e-14,-1.384968032057303162e+02
6.372889600000000000e+10,-6.123479412613416630e-14,-1.385035486542736578e+02
6.373589500000000000e+10,-6.123479412613416630e-14,-1.385102933469676714e+02
6.374289400000000000e+10,-6.123479412613416630e-14,-1.385170372839834556e+02
6.374989300000000000e+10,-6.123479412613416630e-14,-1.385237804654920808e+02
6.375689200000000000e+10,-6.075263039285751415e-14,-1.385305228916643330e+02
6.376389100000000000e+10,-6.075263039285751415e-14,-1.385372645626712256e+02
6.377089000000000000e+10,-6.075263039285751415e-14,-1.385440054786835731e+02
6.377788900000000000e+10,-6.075263039285751415e-14,-1.385507456398721047e+02
6.378488800000000000e+10,-6.075263039285751415e-14,-1.385574850464075212e+02
6.379188700000000000e+10,-6.027046665958086200e-14,-1.385642236984604665e+02
6.379888600000000000e+10,-6.027046665958086200e-14,-1.385709615962016414e+02
6.380588500000000000e+10,-6.027046665958086200e-14,-1.385776987398014057e+02
6.381288400000000000e+10,-6.027046665958086200e-14,-1.385844351294303749e+02
6.381988300000000000e+10,-6.027046665958086200e-14,-1.385911707652588802e+02
6.382688200000000000e+10,-5.978830292630420986e-14,-1.385979056474573667e+02
6.383388100000000000e+10,-5.978830292630420986e-14,-1.386046397761960236e+02
6.384088000000000000e+10,-5.978830292630420986e-14,-1.386113731516452106e+02
6.384787900000000000e+10,-5.978830292630420986e-14,-1.386181057739750031e+02
6.385487800000000000e+10,-5.978830292630420986e-14,-1.386248376433556189e+02
6.386187700000000000e+10,-5.930613919302755771e-14,-1.386315687599570481e+02
6.386887600000000000e+10,-5.930613919302755771e-14,-1.386382991239493379e+02
6.387587500000000000e+10,-5.930613919302755771e-14,-1.386450287355024500e+02
6.388287400000000000e+10,-5.930613919302755771e-14,-1.386517575947862611e+02
6.388987300000000000e+10,-5.930613919302755771e-14,-1.386584857019706192e+02
6.389687200000000000e+10,-5.882397545975090556e-14,-1.386652130572252588e+02
6.390387100000000000e+10,-5.882397545975090556e-14,-1.386719396607199428e+02
6.391087000000000000e+10,-5.882397545975090556e-14,-1.386786655126242920e+02
6.391786900000000000e+10,-5.882397545975090556e-14,-1.386853906131079839e+02
6.392486800000000000e+10,-5.882397545975090556e-14,-1.386921149623404972e+02
6.393186700000000000e+10,-5.882397545975090556e-14,-1.386988385604913105e+02
6.393886600000000000e+10,-5.834181172647426604e-14,-1.387055614077298742e+02
6.394586500000000000e+10,-5.834181172647426604e-14,-1.387122835042255815e+02
6.395286400000000000e+10,-5.834181172647426604e-14,-1.387190048501477690e+02
6.395986300000000000e+10,-5.834181172647426604e-14,-1.387257254456656028e+02
6.396686200000000000e+10,-5.834181172647426604e-14,-1.387324452909483057e+02
6.397386100000000000e+10,-5.785964799319761389e-14,-1.387391643861650721e+02
6.398086000000000000e+10,-5.785964799319761389e-14,-1.387458827314849827e+02
6.398785900000000000e+10,-5.785964799319761389e-14,-1.387526003270769479e+02
6.399485800000000000e+10,-5.785964799319761389e-14,-1.387593171731100483e+02
6.400185700000000000e+10,-5.785964799319761389e-14,-1.387660332697531658e+02
6.400885600000000000e+10,-5.737748425992096174e-14,-1.387727486171751536e+02
6.401585500000000000e+10,-5.737748425992096174e-14,-1.387794632155447516e+02
6.402285400000000000e+10,-5.737748425992096174e-14,-1.387861770650308131e+02
6.402985300000000000e+10,-5.737748425992096174e-14,-1.387928901658019072e+02
6.403685200000000000e+10,-5.737748425992096174e-14,-1.387996025180267168e+02
6.404385100000000000e+10,-5.737748425992096174e-14,-1.388063141218737542e+02
6.405085000000000000e+10,-5.689532052664430960e-14,-1.388130249775115317e+02
6.405784900000000000e+10,-5.689532052664430960e-14,-1.388197350851085901e+02
6.406484800000000000e+10,-5.689532052664430960e-14,-1.388264444448331858e+02
6.407184700000000000e+10,-5.689532052664430960e-14,-1.388331530568537460e+02
6.407884600000000000e+10,-5.689532052664430960e-14,-1.388398609213384987e+02
6.408584500000000000e+10,-5.641315679336765745e-14,-1.388465680384556720e+02
6.409284400000000000e+10,-5.641315679336765745e-14,-1.388532744083734940e+02
6.409984300000000000e+10,-5.641315679336765745e-14,-1.388599800312599655e+02
6.410684200000000000e+10,-5.641315679336765745e-14,-1.388666849072832008e+02
6.411384100000000000e+10,-5.641315679336765745e-14,-1.388733890366111439e+02
6.412084000000000000e+10,-5.641315679336765745e-14,-1.388800924194117670e+02
6.412783900000000000e+10,-5.593099306009101793e-14,-1.388867950558529003e+02
6.413483800000000000e+10,-5.593099306009101793e-14,-1.388934969461024309e+02
6.414183700000000000e+10,-5.593099306009101793e-14,-1.389001980903280753e+02
6.414883600000000000e+10,-5.593099306009101793e-14,-1.389068984886975500e+02
6.415583500000000000e+10,-5.593099306009101793e-14,-1.389135981413784862e+02
6.416283400000000000e+10,-5.544882932681436578e-14,-1.389202970485385151e+02
6.416983300000000000e+10,-5.544882932681436578e-14,-1.389269952103450692e+02
6.417683200000000000e+10,-5.544882932681436578e-14,-1.389336926269657511e+02
6.418383100000000000e+10,-5.544882932681436578e-14,-1.389403892985679363e+02
6.419083000000000000e+10,-5.544882932681436578e-14,-1.389470852253189150e+02
6.419782900000000000e+10,-5.544882932681436578e-14,-1.389537804073860912e+02
6.420482800000000000e+10,-5.496666559353771363e-14,-1.389604748449366980e+02
6.421182700000000000e+10,-5.496666559353771363e-14,-1.389671685381378268e+02
6.421882600000000000e+10,-5.496666559353771363e-14,-1.389738614871567108e+02
6.422582500000000000e+10,-5.496666559353771363e-14,-1.389805536921604130e+02
6.423282400000000000e+10,-5.496666559353771363e-14,-1.389872451533159676e+02
6.423982300000000000e+10,-5.496666559353771363e-14,-1.389939358707902670e+02
6.424682200000000000e+10,-5.448450186026106149e-14,-1.390006258447502887e+02
6.425382100000000000e+10,-5.448450186026106149e-14,-1.390073150753628681e+02
6.426082000000000000e+10,-5.448450186026106149e-14,-1.390140035627947555e+02
6.426781900000000000e+10,-5.448450186026106149e-14,-1.390206913072128145e+02
6.427481800000000000e+10,-5.448450186026106149e-14,-1.390273783087835398e+02
6.428181700000000000e+10,-5.448450186026106149e-14,-1.390340645676736813e+02
6.428881600000000000e+10,-5.400233812698441565e-14,-1.390407500840497903e+02
6.429581500000000000e+10,-5.400233812698441565e-14,-1.390474348580783612e+02
6.430281400000000000e+10,-5.400233812698441565e-14,-1.390541188899258032e+02
6.430981300000000000e+10,-5.400233812698441565e-14,-1.390608021797586389e+02
6.431681200000000000e+10,-5.400233812698441565e-14,-1.390674847277430786e+02
6.432381100000000000e+10,-5.352017439370776350e-14,-1.390741665340454745e+02
6.433081000000000000e+10,-5.352017439370776350e-14,-1.390808475988320367e+02
6.433780900000000000e+10,-5.352017439370776350e-14,-1.390875279222689471e+02
6.434480800000000000e+10,-5.352017439370776350e-14,-1.390942075045223305e+02
6.435180700000000000e+10,-5.352017439370776350e-14,-1.391008863457582265e+02
6.435880600000000000e+10,-5.352017439370776350e-14,-1.391075644461426180e+02
6.436580500000000000e+10,-5.303801066043111136e-14,-1.391142418058414876e+02
6.437280400000000000e+10,-5.303801066043111136e-14,-1.391209184250207329e+02
6.437980300000000000e+10,-5.303801066043111136e-14,-1.391275943038461662e+02
6.438680200000000000e+10,-5.303801066043111136e-14,-1.391342694424835429e+02
6.439380100000000000e+10,-5.303801066043111136e-14,-1.391409438410986183e+02
6.440080000000000000e+10,-5.303801066043111136e-14,-1.391476174998570627e+02
6.440779900000000000e+10,-5.255584692715446552e-14,-1.391542904189244609e+02
6.441479800000000000e+10,-5.255584692715446552e-14,-1.391609625984663694e+02
6.442179700000000000e+10,-5.255584692715446552e-14,-1.391676340386483162e+02
6.442879600000000000e+10,-5.255584692715446552e-14,-1.391743047396357156e+02
6.443579500000000000e+10,-5.255584692715446552e-14,-1.391809747015939251e+02
6.444279400000000000e+10,-5.255584692715446552e-14,-1.391876439246883592e+02
6.444979300000000000e+10,-5.207368319387781969e-14,-1.391943124090842048e+02
6.445679200000000000e+10,-5.207368319387781969e-14,-1.392009801549467056e+02
6.446379100000000000e+10,-5.207368319387781969e-14,-1.392076471624410487e+02
6.447079000000000000e+10,-5.207368319387781969e-14,-1.392143134317322790e+02
6.447778900000000000e+10,-5.207368319387781969e-14,-1.392209789629855550e+02
6.448478800000000000e+10,-5.207368319387781969e-14,-1.392276437563657510e+02
6.449178700000000000e+10,-5.159151946060116754e-14,-1.392343078120378550e+02
6.449878600000000000e+10,-5.159151946060116754e-14,-1.392409711301667699e+02
6.450578500000000000e+10,-5.159151946060116754e-14,-1.392476337109172562e+02
6.451278400000000000e+10,-5.159151946060116754e-14,-1.392542955544541314e+02
6.451978300000000000e+10,-5.159151946060116754e-14,-1.392609566609421563e+02
6.452678200000000000e+10,-5.159151946060116754e-14,-1.392676170305458925e+02
6.453378100000000000e+10,-5.110935572732452170e-14,-1.392742766634300153e+02
6.454078000000000000e+10,-5.110935572732452170e-14,-1.392809355597590013e+02
6.454777900000000000e+10,-5.110935572732452170e-14,-1.392875937196974405e+02
6.455477800000000000e+10,-5.110935572732452170e-14,-1.392942511434096673e+02
6.456177700000000000e+10,-5.110935572732452170e-14,-1.393009078310601296e+02
6.456877600000000000e+10,-5.110935572732452170e-14,-1.393075637828131335e+02
6.457577500000000000e+10,-5.062719199404786956e-14,-1.393142189988329562e+02
6.458277400000000000e+10,-5.062719199404786956e-14,-1.393208734792838186e+02
6.458977300000000000e+10,-5.062719199404786956e-14,-1.393275272243298275e+02
6.459677200000000000e+10,-5.062719199404786956e-14,-1.393341802341351183e+02
6.460377100000000000e+10,-5.062719199404786956e-14,-1.393408325088637696e+02
6.461077000000000000e+10,-5.062719199404786956e-14,-1.393474840486797177e+02
6.461776900000000000e+10,-5.062719199404786956e-14,-1.393541348537469560e+02
6.462476800000000000e+10,-5.014502826077121741e-14,-1.393607849242292787e+02
6.463176700000000000e+10,-5.014502826077121741e-14,-1.393674342602906222e+02
6.463876600000000000e+10,-5.014502826077121741e-14,-1.393740828620946957e+02
6.464576500000000000e+10,-5.014502826077121741e-14,-1.393807307298052365e+02
6.465276400000000000e+10,-5.014502826077121741e-14,-1.393873778635858685e+02
6.465976300000000000e+10,-5.014502826077121741e-14,-1.393940242636001585e+02
6.466676200000000000e+10,-4.966286452749456526e-14,-1.394006699300117873e+02
6.467376100000000000e+10,-4.966286452749456526e-14,-1.394073148629842080e+02
6.468076000000000000e+10,-4.966286452749456526e-14,-1.394139590626807603e+02
6.468775900000000000e+10,-4.966286452749456526e-14,-1.394206025292649542e+02
6.469475800000000000e+10,-4.966286452749456526e-14,-1.394272452629000441e+02
6.470175700000000000e+10,-4.966286452749456526e-14,-1.394338872637493125e+02
6.470875600000000000e+10,-4.918070079421792574e-14,-1.394405285319759287e+02
6.471575500000000000e+10,-4.918070079421792574e-14,-1.394471690677432321e+02
6.472275400000000000e+10,-4.918070079421792574e-14,-1.394538088712141644e+02
6.472975300000000000e+10,-4.918070079421792574e-14,-1.394604479425518093e+02
6.473675200000000000e+10,-4.918070079421792574e-14,-1.394670862819191939e+02
6.474375100000000000e+10,-4.918070079421792574e-14,-1.394737238894792597e+02
6.475075000000000000e+10,-4.918070079421792574e-14,-1.394803607653948916e+02
6.475774900000000000e+10,-4.869853706094127359e-14,-1.394869969098289175e+02
6.476474800000000000e+10,-4.869853706094127359e-14,-1.394936323229441371e+02
6.477174700000000000e+10,-4.869853706094127359e-14,-1.395002670049032361e+02
6.477874600000000000e+10,-4.869853706094127359e-14,-1.395069009558689004e+02
6.478574500000000000e+10,-4.869853706094127359e-14,-1.395135341760037875e+02
6.479274400000000000e+10,-4.869853706094127359e-14,-1.395201666654704411e+02
6.479974300000000000e+10,-4.821637332766462144e-14,-1.395267984244312913e+02
6.480674200000000000e+10,-4.821637332766462144e-14,-1.395334294530488535e+02
6.481374100000000000e+10,-4.821637332766462144e-14,-1.395400597514855008e+02
6.482074000000000000e+10,-4.821637332766462144e-14,-1.395466893199036349e+02
6.482773900000000000e+10,-4.821637332766462144e-14,-1.395533181584655154e+02
6.483473800000000000e+10,-4.821637332766462144e-14,-1.395599462673332596e+02
6.484173700000000000e+10,-4.821637332766462144e-14,-1.395665736466692124e+02
6.484873600000000000e+10,-4.773420959438796930e-14,-1.395732002966353775e+02
6.485573500000000000e+10,-4.773420959438796930e-14,-1.395798262173939008e+02
6.486273400000000000e+10,-4.773420959438796930e-14,-1.395864514091067292e+02
6.486973300000000000e+10,-4.773420959438796930e-14,-1.395930758719358948e+02
6.487673200000000000e+10,-4.773420959438796930e-14,-1.395996996060432878e+02
6.488373100000000000e+10,-4.773420959438796930e-14,-1.396063226115907128e+02
6.489073000000000000e+10,-4.725204586111132346e-14,-1.396129448887399462e+02
6.489772900000000000e+10,-4.725204586111132346e-14,-1.396195664376527930e+02
6.490472800000000000e+10,-4.725204586111132346e-14,-1.396261872584909156e+02
6.491172700000000000e+10,-4.725204586111132346e-14,-1.396328073514159769e+02
6.491872600000000000e+10,-4.725204586111132346e-14,-1.396394267165894973e+02
6.492572500000000000e+10,-4.725204586111132346e-14,-1.396460453541730544e+02
6.493272400000000000e+10,-4.725204586111132346e-14,-1.396526632643280834e+02
6.493972300000000000e+10,-4.676988212783467763e-14,-1.396592804472160196e+02
6.494672200000000000e+10,-4.676988212783467763e-14,-1.396658969029982131e+02
6.495372100000000000e+10,-4.676988212783467763e-14,-1.396725126318359571e+02
6.496072000000000000e+10,-4.676988212783467763e-14,-1.396791276338905448e+02
6.496771900000000000e+10,-4.676988212783467763e-14,-1.396857419093231840e+02
6.497471800000000000e+10,-4.676988212783467763e-14,-1.396923554582949407e+02
6.498171700000000000e+10,-4.676988212783467763e-14,-1.396989682809669944e+02
6.498871600000000000e+10,-4.628771839455802548e-14,-1.397055803775003255e+02
6.499571500000000000e+10,-4.628771839455802548e-14,-1.397121917480558579e+02
6.500271400000000000e+10,-4.628771839455802548e-14,-1.397188023927946574e+02
6.500971300000000000e+10,-4.628771839455802548e-14,-1.397254123118775624e+02
6.501671200000000000e+10,-4.628771839455802548e-14,-1.397320215054653545e+02
6.502371100000000000e+10,-4.628771839455802548e-14,-1.397386299737187585e+02
6.503071000000000000e+10,-4.628771839455802548e-14,-1.397452377167985560e+02
6.503770900000000000e+10,-4.580555466128137964e-14,-1.397518447348654149e+02
6.504470800000000000e+10,-4.580555466128137964e-14,-1.397584510280799464e+02
6.505170700000000000e+10,-4.580555466128137964e-14,-1.397650565966026477e+02
6.505870600000000000e+10,-4.580555466128137964e-14,-1.397716614405939879e+02
6.506570500000000000e+10,-4.580555466128137964e-14,-1.397782655602145212e+02
6.507270400000000000e+10,-4.580555466128137964e-14,-1.397848689556245176e+02
6.507970300000000000e+10,-4.580555466128137964e-14,-1.397914716269844178e+02
6.508670200000000000e+10,-4.532339092800472750e-14,-1.397980735744544631e+02
6.509370100000000000e+10,-4.532339092800472750e-14,-1.398046747981948670e+02
6.510070000000000000e+10,-4.532339092800472750e-14,-1.398112752983657856e+02
6.510769900000000000e+10,-4.532339092800472750e-14,-1.398178750751274322e+02
6.511469800000000000e+10,-4.532339092800472750e-14,-1.398244741286397641e+02
6.512169700000000000e+10,-4.532339092800472750e-14,-1.398310724590628809e+02
6.512869600000000000e+10,-4.532339092800472750e-14,-1.398376700665566545e+02
6.513569500000000000e+10,-4.484122719472808166e-14,-1.398442669512810426e+02
6.514269400000000000e+10,-4.484122719472808166e-14,-1.398508631133959170e+02
6.514969300000000000e+10,-4.484122719472808166e-14,-1.398574585530610648e+02
6.515669200000000000e+10,-4.484122719472808166e-14,-1.398640532704362158e+02
6.516369100000000000e+10,-4.484122719472808166e-14,-1.398706472656810718e+02
6.517069000000000000e+10,-4.484122719472808166e-14,-1.398772405389552773e+02
6.517768900000000000e+10,-4.484122719472808166e-14,-1.398838330904183920e+02
6.518468800000000000e+10,-4.435906346145143583e-14,-1.398904249202299752e+02
6.519168700000000000e+10,-4.435906346145143583e-14,-1.398970160285495297e+02
6.519868600000000000e+10,-4.435906346145143583e-14,-1.399036064155364443e+02
6.520568500000000000e+10,-4.435906346145143583e-14,-1.399101960813500227e+02
6.521268400000000000e+10,-4.435906346145143583e-14,-1.399167850261497392e+02
6.521968300000000000e+10,-4.435906346145143583e-14,-1.399233732500947269e+02
6.522668200000000000e+10,-4.435906346145143583e-14,-1.399299607533443179e+02
6.523368100000000000e+10,-4.387689972817478368e-14,-1.399365475360575033e+02
6.524068000000000000e+10,-4.387689972817478368e-14,-1.399431335983935867e+02
6.524767900000000000e+10,-4.387689972817478368e-14,-1.399497189405114739e+02
6.525467800000000000e+10,-4.387689972817478368e-14,-1.399563035625702412e+02
6.526167700000000000e+10,-4.387689972817478368e-14,-1.399628874647287944e+02
6.526867600000000000e+10,-4.387689972817478368e-14,-1.399694706471460393e+02
6.527567500000000000e+10,-4.387689972817478368e-14,-1.399760531099807963e+02
6.528267400000000000e+10,-4.339473599489813153e-14,-1.399826348533919145e+02
6.528967300000000000e+10,-4.339473599489813153e-14,-1.399892158775380722e+02
6.529667200000000000e+10,-4.339473599489813153e-14,-1.399957961825779762e+02
6.530367100000000000e+10,-4.339473599489813153e-14,-1.400023757686701913e+02
6.531067000000000000e+10,-4.339473599489813153e-14,-1.400089546359733959e+02
6.531766900000000000e+10,-4.339473599489813153e-14,-1.400155327846460409e+02
6.532466800000000000e+10,-4.339473599489813153e-14,-1.400221102148466628e+02
6.533166700000000000e+10,-4.291257226162149201e-14,-1.400286869267335703e+02
6.533866600000000000e+10,-4.291257226162149201e-14,-1.400352629204652430e+02
6.534566500000000000e+10,-4.291257226162149201e-14,-1.400418381961999046e+02
6.535266400000000000e+10,-4.291257226162149201e-14,-1.400484127540959207e+02
6.535966300000000000e+10,-4.291257226162149201e-14,-1.400549865943113161e+02
6.536666200000000000e+10,-4.291257226162149201e-14,-1.400615597170043998e+02
6.537366100000000000e+10,-4.291257226162149201e-14,-1.400681321223332247e+02
6.538066000000000000e+10,-4.291257226162149201e-14,-1.400747038104558442e+02
6.538765900000000000e+10,-4.243040852834483986e-14,-1.400812747815302544e+02
6.539465800000000000e+10,-4.243040852834483986e-14,-1.400878450357143095e+02
6.540165700000000000e+10,-4.243040852834483986e-14,-1.400944145731660058e+02
6.540865600000000000e+10,-4.243040852834483986e-14,-1.401009833940431974e+02
6.541565500000000000e+10,-4.243040852834483986e-14,-1.401075514985035682e+02
6.542265400000000000e+10,-4.243040852834483986e-14,-1.401141188867049721e+02
6.542965300000000000e+10,-4.243040852834483986e-14,-1.401206855588049507e+02
6.543665200000000000e+10,-4.194824479506818771e-14,-1.401272515149611877e+02
6.544365100000000000e+10,-4.194824479506818771e-14,-1.401338167553313383e+02
6.545065000000000000e+10,-4.194824479506818771e-14,-1.401403812800727451e+02
6.545764900000000000e+10,-4.194824479506818771e-14,-1.401469450893430349e+02
6.546464800000000000e+10,-4.194824479506818771e-14,-1.401535081832995502e+02
6.547164700000000000e+10,-4.194824479506818771e-14,-1.401600705620997189e+02
6.547864600000000000e+10,-4.194824479506818771e-14,-1.401666322259007416e+02
6.548564500000000000e+10,-4.194824479506818771e-14,-1.401731931748599891e+02
6.549264400000000000e+10,-4.146608106179154819e-14,-1.401797534091346051e+02
6.549964300000000000e+10,-4.146608106179154819e-14,-1.401863129288817618e+02
6.550664200000000000e+10,-4.146608106179154819e-14,-1.401928717342585742e+02
6.551364100000000000e+10,-4.146608106179154819e-14,-1.401994298254220723e+02
6.552064000000000000e+10,-4.146608106179154819e-14,-1.402059872025292293e+02
6.552763900000000000e+10,-4.146608106179154819e-14,-1.402125438657370751e+02
6.553463800000000000e+10,-4.146608106179154819e-14,-1.402190998152023838e+02
6.554163700000000000e+10,-4.146608106179154819e-14,-1.402256550510821000e+02
6.554863600000000000e+10,-4.098391732851489604e-14,-1.402322095735329412e+02
6.555563500000000000e+10,-4.098391732851489604e-14,-1.402387633827116815e+02
6.556263400000000000e+10,-4.098391732851489604e-14,-1.402453164787749813e+02
6.556963300000000000e+10,-4.098391732851489604e-14,-1.402518688618795295e+02
6.557663200000000000e+10,-4.098391732851489604e-14,-1.402584205321818445e+02
6.558363100000000000e+10,-4.098391732851489604e-14,-1.402649714898384730e+02
6.559063000000000000e+10,-4.098391732851489604e-14,-1.402715217350058765e+02
6.559762900000000000e+10,-4.050175359523824390e-14,-1.402780712678405166e+02
6.560462800000000000e+10,-4.050175359523824390e-14,-1.402846200884987411e+02
6.561162700000000000e+10,-4.050175359523824390e-14,-1.402911681971368978e+02
6.561862600000000000e+10,-4.050175359523824390e-14,-1.402977155939111924e+02
6.562562500000000000e+10,-4.050175359523824390e-14,-1.403042622789778591e+02
6.563262400000000000e+10,-4.050175359523824390e-14,-1.403108082524931319e+02
6.563962300000000000e+10,-4.050175359523824390e-14,-1.403173535146130746e+02
6.564662200000000000e+10,-4.050175359523824390e-14,-1.403238980654937222e+02
6.565362100000000000e+10,-4.001958986196160437e-14,-1.403304419052910816e+02
6.566062000000000000e+10,-4.001958986196160437e-14,-1.403369850341611595e+02
6.566761900000000000e+10,-4.001958986196160437e-14,-1.403435274522599059e+02
6.567461800000000000e+10,-4.001958986196160437e-14,-1.403500691597430432e+02
6.568161700000000000e+10,-4.001958986196160437e-14,-1.403566101567664077e+02
6.568861600000000000e+10,-4.001958986196160437e-14,-1.403631504434858073e+02
6.569561500000000000e+10,-4.001958986196160437e-14,-1.403696900200569075e+02
6.570261400000000000e+10,-4.001958986196160437e-14,-1.403762288866353742e+02
6.570961300000000000e+10,-3.953742612868495222e-14,-1.403827670433767878e+02
6.571661200000000000e+10,-3.953742612868495222e-14,-1.403893044904366434e+02
6.572361100000000000e+10,-3.953742612868495222e-14,-1.403958412279705783e+02
6.573061000000000000e+10,-3.953742612868495222e-14,-1.404023772561338887e+02
6.573760900000000000e+10,-3.953742612868495222e-14,-1.404089125750819562e+02
6.574460800000000000e+10,-3.953742612868495222e-14,-1.404154471849701906e+02
6.575160700000000000e+10,-3.953742612868495222e-14,-1.404219810859539166e+02
6.575860600000000000e+10,-3.953742612868495222e-14,-1.404285142781882598e+02
6.576560500000000000e+10,-3.905526239540830008e-14,-1.404350467618284597e+02
6.577260400000000000e+10,-3.905526239540830008e-14,-1.404415785370296703e+02
6.577960300000000000e+10,-3.905526239540830008e-14,-1.404481096039469037e+02
6.578660200000000000e+10,-3.905526239540830008e-14,-1.404546399627352571e+02
6.579360100000000000e+10,-3.905526239540830008e-14,-1.404611696135496857e+02
6.580060000000000000e+10,-3.905526239540830008e-14,-1.404676985565450877e+02
6.580759900000000000e+10,-3.905526239540830008e-14,-1.404742267918763332e+02
6.581459800000000000e+10,-3.905526239540830008e-14,-1.404807543196983204e+02
6.582159700000000000e+10,-3.905526239540830008e-14,-1.404872811401657486e+02
6.582859600000000000e+10,-3.857309866213166055e-14,-1.404938072534333742e+02
6.583559500000000000e+10,-3.857309866213166055e-14,-1.405003326596558395e+02
6.584259400000000000e+10,-3.857309866213166055e-14,-1.405068573589877587e+02
6.584959300000000000e+10,-3.857309866213166055e-14,-1.405133813515837744e+02
6.585659200000000000e+10,-3.857309866213166055e-14,-1.405199046375983301e+02
6.586359100000000000e+10,-3.857309866213166055e-14,-1.405264272171858977e+02
6.587059000000000000e+10,-3.857309866213166055e-14,-1.405329490905009209e+02
6.587758900000000000e+10,-3.857309866213166055e-14,-1.405394702576977011e+02
6.588458800000000000e+10,-3.809093492885500841e-14,-1.405459907189306250e+02
6.589158700000000000e+10,-3.809093492885500841e-14,-1.405525104743538805e+02
6.589858600000000000e+10,-3.809093492885500841e-14,-1.405590295241217973e+02
6.590558500000000000e+10,-3.809093492885500841e-14,-1.405655478683883928e+02
6.591258400000000000e+10,-3.809093492885500841e-14,-1.405720655073078547e+02
6.591958300000000000e+10,-3.809093492885500841e-14,-1.405785824410342002e+02
6.592658200000000000e+10,-3.809093492885500841e-14,-1.405850986697214751e+02
6.593358100000000000e+10,-3.809093492885500841e-14,-1.405916141935236112e+02
6.594058000000000000e+10,-3.760877119557835626e-14,-1.405981290125945122e+02
6.594757900000000000e+10,-3.760877119557835626e-14,-1.406046431270880532e+02
6.595457800000000000e+10,-3.760877119557835626e-14,-1.406111565371579957e+02
6.596157700000000000e+10,-3.760877119557835626e-14,-1.406176692429581294e+02
6.596857600000000000e+10,-3.760877119557835626e-14,-1.406241812446421307e+02
6.597557500000000000e+10,-3.760877119557835626e-14,-1.406306925423637040e+02
6.598257400000000000e+10,-3.760877119557835626e-14,-1.406372031362763551e+02
6.598957300000000000e+10,-3.760877119557835626e-14,-1.406437130265336748e+02
6.599657200000000000e+10,-3.760877119557835626e-14,-1.406502222132891973e+02
6.600357100000000000e+10,-3.712660746230171673e-14,-1.406567306966963429e+02
6.601057000000000000e+10,-3.712660746230171673e-14,-1.406632384769084467e+02
6.601756900000000000e+10,-3.712660746230171673e-14,-1.406697455540789861e+02
6.602456800000000000e+10,-3.712660746230171673e-14,-1.406762519283611539e+02
6.603156700000000000e+10,-3.712660746230171673e-14,-1.406827575999082285e+02
6.603856600000000000e+10,-3.712660746230171673e-14,-1.406892625688734313e+02
6.604556500000000000e+10,-3.712660746230171673e-14,-1.406957668354098132e+02
6.605256400000000000e+10,-3.712660746230171673e-14,-1.407022703996705673e+02
6.605956300000000000e+10,-3.712660746230171673e-14,-1.407087732618086875e+02
6.606656200000000000e+10,-3.664444372902506459e-14,-1.407152754219772248e+02
6.607356100000000000e+10,-3.664444372902506459e-14,-1.407217768803290028e+02
6.608056000000000000e+10,-3.664444372902506459e-14,-1.407282776370170154e+02
6.608755900000000000e+10,-3.664444372902506459e-14,-1.407347776921940579e+02
6.609455800000000000e+10,-3.664444372902506459e-14,-1.407412770460129252e+02
6.610155700000000000e+10,-3.664444372902506459e-14,-1.407477756986264126e+02
6.610855600000000000e+10,-3.664444372902506459e-14,-1.407542736501871730e+02
6.611555500000000000e+10,-3.664444372902506459e-14,-1.407607709008477173e+02
6.612255400000000000e+10,-3.616227999574841244e-14,-1.407672674507608974e+02
6.612955300000000000e+10,-3.616227999574841244e-14,-1.407737633000790254e+02
6.613655200000000000e+10,-3.616227999574841244e-14,-1.407802584489546973e+02
6.614355100000000000e+10,-3.616227999574841244e-14,-1.407867528975403104e+02
6.615055000000000000e+10,-3.616227999574841244e-14,-1.407932466459882619e+02
6.615754900000000000e+10,-3.616227999574841244e-14,-1.407997396944509205e+02
6.616454800000000000e+10,-3.616227999574841244e-14,-1.408062320430805698e+02
6.617154700000000000e+10,-3.616227999574841244e-14,-1.408127236920294081e+02
6.617854600000000000e+10,-3.616227999574841244e-14,-1.408192146414496051e+02
6.618554500000000000e+10,-3.568011626247177292e-14,-1.408257048914933875e+02
6.619254400000000000e+10,-3.568011626247177292e-14,-1.408321944423127832e+02
6.619954300000000000e+10,-3.568011626247177292e-14,-1.408386832940598481e+02
6.620654200000000000e+10,-3.568011626247177292e-14,-1.408451714468865532e+02
6.621354100000000000e+10,-3.568011626247177292e-14,-1.408516589009448410e+02
6.622054000000000000e+10,-3.568011626247177292e-14,-1.408581456563865970e+02
6.622753900000000000e+10,-3.568011626247177292e-14,-1.408646317133636501e+02
6.623453800000000000e+10,-3.568011626247177292e-14,-1.408711170720278290e+02
6.624153700000000000e+10,-3.568011626247177292e-14,-1.408776017325308203e+02
6.624853600000000000e+10,-3.519795252919512077e-14,-1.408840856950243108e+02
6.625553500000000000e+10,-3.519795252919512077e-14,-1.408905689596600155e+02
6.626253400000000000e+10,-3.519795252919512077e-14,-1.408970515265894505e+02
6.626953300000000000e+10,-3.519795252919512077e-14,-1.409035333959641036e+02
6.627653200000000000e+10,-3.519795252919512077e-14,-1.409100145679356331e+02
6.628353100000000000e+10,-3.519795252919512077e-14,-1.409164950426553276e+02
6.629053000000000000e+10,-3.519795252919512077e-14,-1.409229748202746464e+02
6.629752900000000000e+10,-3.519795252919512077e-14,-1.409294539009448783e+02
6.630452800000000000e+10,-3.519795252919512077e-14,-1.409359322848173406e+02
6.631152700000000000e+10,-3.519795252919512077e-14,-1.409424099720432935e+02
6.631852600000000000e+10,-3.471578879591847493e-14,-1.409488869627738836e+02
6.632552500000000000e+10,-3.471578879591847493e-14,-1.409553632571602577e+02
6.633252400000000000e+10,-3.471578879591847493e-14,-1.409618388553535624e+02
6.633952300000000000e+10,-3.471578879591847493e-14,-1.409683137575047454e+02
6.634652200000000000e+10,-3.471578879591847493e-14,-1.409747879637649532e+02
6.635352100000000000e+10,-3.471578879591847493e-14,-1.409812614742849064e+02
6.636052000000000000e+10,-3.471578879591847493e-14,-1.409877342892156662e+02
6.636751900000000000e+10,-3.471578879591847493e-14,-1.409942064087080382e+02
6.637451800000000000e+10,-3.471578879591847493e-14,-1.410006778329128281e+02
6.638151700000000000e+10,-3.423362506264182910e-14,-1.410071485619806708e+02
6.638851600000000000e+10,-3.423362506264182910e-14,-1.410136185960624005e+02
6.639551500000000000e+10,-3.423362506264182910e-14,-1.410200879353085952e+02
6.640251400000000000e+10,-3.423362506264182910e-14,-1.410265565798698901e+02
6.640951300000000000e+10,-3.423362506264182910e-14,-1.410330245298967782e+02
6.641651200000000000e+10,-3.423362506264182910e-14,-1.410394917855397807e+02
6.642351100000000000e+10,-3.423362506264182910e-14,-1.410459583469493055e+02
6.643051000000000000e+10,-3.423362506264182910e-14,-1.410524242142758737e+02
6.643750900000000000e+10,-3.423362506264182910e-14,-1.410588893876696943e+02
6.644450800000000000e+10,-3.375146132936518326e-14,-1.410653538672811180e+02
6.645150700000000000e+10,-3.375146132936518326e-14,-1.410718176532604389e+02
6.645850600000000000e+10,-3.375146132936518326e-14,-1.410782807457578087e+02
6.646550500000000000e+10,-3.375146132936518326e-14,-1.410847431449233511e+02
6.647250400000000000e+10,-3.375146132936518326e-14,-1.410912048509072463e+02
6.647950300000000000e+10,-3.375146132936518326e-14,-1.410976658638594756e+02
6.648650200000000000e+10,-3.375146132936518326e-14,-1.411041261839301342e+02
6.649350100000000000e+10,-3.375146132936518326e-14,-1.411105858112690896e+02
6.650050000000000000e+10,-3.375146132936518326e-14,-1.411170447460262380e+02
6.650749900000000000e+10,-3.375146132936518326e-14,-1.411235029883515324e+02
6.651449800000000000e+10,-3.326929759608853112e-14,-1.411299605383947267e+02
6.652149700000000000e+10,-3.326929759608853112e-14,-1.411364173963055464e+02
6.652849600000000000e+10,-3.326929759608853112e-14,-1.411428735622337456e+02
6.653549500000000000e+10,-3.326929759608853112e-14,-1.411493290363289361e+02
6.654249400000000000e+10,-3.326929759608853112e-14,-1.411557838187408151e+02
6.654949300000000000e+10,-3.326929759608853112e-14,-1.411622379096188524e+02
6.655649200000000000e+10,-3.326929759608853112e-14,-1.411686913091126030e+02
6.656349100000000000e+10,-3.326929759608853112e-14,-1.411751440173715935e+02
6.657049000000000000e+10,-3.326929759608853112e-14,-1.411815960345451231e+02
6.657748900000000000e+10,-3.326929759608853112e-14,-1.411880473607826332e+02
6.658448800000000000e+10,-3.278713386281188528e-14,-1.411944979962334514e+02
6.659148700000000000e+10,-3.278713386281188528e-14,-1.412009479410468202e+02
6.659848600000000000e+10,-3.278713386281188528e-14,-1.412073971953719251e+02
6.660548500000000000e+10,-3.278713386281188528e-14,-1.412138457593579801e+02
6.661248400000000000e+10,-3.278713386281188528e-14,-1.412202936331541423e+02
6.661948300000000000e+10,-3.278713386281188528e-14,-1.412267408169093983e+02
6.662648200000000000e+10,-3.278713386281188528e-14,-1.412331873107728484e+02
6.663348100000000000e+10,-3.278713386281188528e-14,-1.412396331148934507e+02
6.664048000000000000e+10,-3.278713386281188528e-14,-1.412460782294200783e+02
6.664747900000000000e+10,-3.278713386281188528e-14,-1.412525226545017460e+02
6.665447800000000000e+10,-3.230497012953523944e-14,-1.412589663902871280e+02
6.666147700000000000e+10,-3.230497012953523944e-14,-1.412654094369250970e+02
6.666847600000000000e+10,-3.230497012953523944e-14,-1.412718517945643839e+02
6.667547500000000000e+10,-3.230497012953523944e-14,-1.412782934633536343e+02
6.668247400000000000e+10,-3.230497012953523944e-14,-1.412847344434414936e+02
6.668947300000000000e+10,-3.230497012953523944e-14,-1.412911747349766074e+02
6.669647200000000000e+10,-3.230497012953523944e-14,-1.412976143381074507e+02
6.670347100000000000e+10,-3.230497012953523944e-14,-1.413040532529825271e+02
6.671047000000000000e+10,-3.230497012953523944e-14,-1.413104914797502829e+02
6.671746900000000000e+10,-3.230497012953523944e-14,-1.413169290185591080e+02
6.672446800000000000e+10,-3.182280639625858730e-14,-1.413233658695574206e+02
6.673146700000000000e+10,-3.182280639625858730e-14,-1.413298020328933831e+02
6.673846600000000000e+10,-3.182280639625858730e-14,-1.413362375087153566e+02
6.674546500000000000e+10,-3.182280639625858730e-14,-1.413426722971715037e+02
6.675246400000000000e+10,-3.182280639625858730e-14,-1.413491063984099299e+02
6.675946300000000000e+10,-3.182280639625858730e-14,-1.413555398125788258e+02
6.676646200000000000e+10,-3.182280639625858730e-14,-1.413619725398262119e+02
6.677346100000000000e+10,-3.182280639625858730e-14,-1.413684045803000799e+02
6.678046000000000000e+10,-3.182280639625858730e-14,-1.413748359341483933e+02
6.678745900000000000e+10,-3.182280639625858730e-14,-1.413812666015190587e+02
6.679445800000000000e+10,-3.134064266298194146e-14,-1.413876965825599825e+02
6.680145700000000000e+10,-3.134064266298194146e-14,-1.413941258774189293e+02
6.680845600000000000e+10,-3.134064266298194146e-14,-1.414005544862436636e+02
6.681545500000000000e+10,-3.134064266298194146e-14,-1.414069824091819498e+02
6.682245400000000000e+10,-3.134064266298194146e-14,-1.414134096463814103e+02
6.682945300000000000e+10,-3.134064266298194146e-14,-1.414198361979896674e+02
6.683645200000000000e+10,-3.134064266298194146e-14,-1.414262620641544004e+02
6.684345100000000000e+10,-3.134064266298194146e-14,-1.414326872450229473e+02
6.685045000000000000e+10,-3.134064266298194146e-14,-1.414391117407429590e+02
6.685744900000000000e+10,-3.134064266298194146e-14,-1.414455355514617452e+02
6.686444800000000000e+10,-3.085847892970529563e-14,-1.414519586773267861e+02
6.687144700000000000e+10,-3.085847892970529563e-14,-1.414583811184853346e+02
6.687844600000000000e+10,-3.085847892970529563e-14,-1.414648028750847288e+02
6.688544500000000000e+10,-3.085847892970529563e-14,-1.414712239472721649e+02
6.689244400000000000e+10,-3.085847892970529563e-14,-1.414776443351948672e+02
6.689944300000000000e+10,-3.085847892970529563e-14,-1.414840640390000033e+02
6.690644200000000000e+10,-3.085847892970529563e-14,-1.414904830588345988e+02
6.691344100000000000e+10,-3.085847892970529563e-14,-1.414969013948456791e+02
6.692044000000000000e+10,-3.085847892970529563e-14,-1.415033190471803550e+02
6.692743900000000000e+10,-3.085847892970529563e-14,-1.415097360159855384e+02
6.693443800000000000e+10,-3.085847892970529563e-14,-1.415161523014080842e+02
6.694143700000000000e+10,-3.037631519642864979e-14,-1.415225679035948474e+02
6.694843600000000000e+10,-3.037631519642864979e-14,-1.415289828226927114e+02
6.695543500000000000e+10,-3.037631519642864979e-14,-1.415353970588483321e+02
6.696243400000000000e+10,-3.037631519642864979e-14,-1.415418106122085078e+02
6.696943300000000000e+10,-3.037631519642864979e-14,-1.415482234829198944e+02
6.697643200000000000e+10,-3.037631519642864979e-14,-1.415546356711290343e+02
6.698343100000000000e+10,-3.037631519642864979e-14,-1.415610471769826120e+02
6.699043000000000000e+10,-3.037631519642864979e-14,-1.415674580006270560e+02
6.699742900000000000e+10,-3.037631519642864979e-14,-1.415738681422088519e+02
6.700442800000000000e+10,-3.037631519642864979e-14,-1.415802776018744566e+02
6.701142700000000000e+10,-3.037631519642864979e-14,-1.415866863797702422e+02
6.701842600000000000e+10,-2.989415146315200395e-14,-1.415930944760425518e+02
6.702542500000000000e+10,-2.989415146315200395e-14,-1.415995018908376153e+02
6.703242400000000000e+10,-2.989415146315200395e-14,-1.416059086243017191e+02
6.703942300000000000e+10,-2.989415146315200395e-14,-1.416123146765810077e+02
6.704642200000000000e+10,-2.989415146315200395e-14,-1.416187200478217108e+02
6.705342100000000000e+10,-2.989415146315200395e-14,-1.416251247381698022e+02
6.706042000000000000e+10,-2.989415146315200395e-14,-1.416315287477714264e+02
6.706741900000000000e+10,-2.989415146315200395e-14,-1.416379320767725574e+02
6.707441800000000000e+10,-2.989415146315200395e-14,-1.416443347253191121e+02
6.708141700000000000e+10,-2.989415146315200395e-14,-1.416507366935570360e+02
6.708841600000000000e+10,-2.989415146315200395e-14,-1.416571379816321610e+02
6.709541500000000000e+10,-2.941198772987535812e-14,-1.416635385896902619e+02
6.710241400000000000e+10,-2.941198772987535812e-14,-1.416699385178771990e+02
6.710941300000000000e+10,-2.941198772987535812e-14,-1.416763377663386052e+02
6.711641200000000000e+10,-2.941198772987535812e-14,-1.416827363352201985e+02
6.712341100000000000e+10,-2.941198772987535812e-14,-1.416891342246675265e+02
6.713041000000000000e+10,-2.941198772987535812e-14,-1.416955314348262789e+02
6.713740900000000000e+10,-2.941198772987535812e-14,-1.417019279658418327e+02
6.714440800000000000e+10,-2.941198772987535812e-14,-1.417083238178597924e+02
6.715140700000000000e+10,-2.941198772987535812e-14,-1.417147189910255349e+02
6.715840600000000000e+10,-2.941198772987535812e-14,-1.417211134854844659e+02
6.716540500000000000e+10,-2.941198772987535812e-14,-1.417275073013819053e+02
6.717240400000000000e+10,-2.892982399659871228e-14,-1.417339004388631736e+02
6.717940300000000000e+10,-2.892982399659871228e-14,-1.417402928980734771e+02
6.718640200000000000e+10,-2.892982399659871228e-14,-1.417466846791579655e+02
6.719340100000000000e+10,-2.892982399659871228e-14,-1.417530757822619307e+02
6.720040000000000000e+10,-2.892982399659871228e-14,-1.417594662075303518e+02
6.720739900000000000e+10,-2.892982399659871228e-14,-1.417658559551083499e+02
6.721439800000000000e+10,-2.892982399659871228e-14,-1.417722450251409043e+02
6.722139700000000000e+10,-2.892982399659871228e-14,-1.417786334177729941e+02
6.722839600000000000e+10,-2.892982399659871228e-14,-1.417850211331494563e+02
6.723539500000000000e+10,-2.892982399659871228e-14,-1.417914081714152985e+02
6.724239400000000000e+10,-2.892982399659871228e-14,-1.417977945327152440e+02
6.724939300000000000e+10,-2.844766026332206645e-14,-1.418041802171940731e+02
6.725639200000000000e+10,-2.844766026332206645e-14,-1.418105652249965374e+02
6.726339100000000000e+10,-2.844766026332206645e-14,-1.418169495562673319e+02
6.727039000000000000e+10,-2.844766026332206645e-14,-1.418233332111510379e+02
6.727738900000000000e+10,-2.844766026332206645e-14,-1.418297161897922649e+02
6.728438800000000000e+10,-2.844766026332206645e-14,-1.418360984923355943e+02
6.729138700000000000e+10,-2.844766026332206645e-14,-1.418424801189254367e+02
6.729838600000000000e+10,-2.844766026332206645e-14,-1.418488610697063166e+02
6.730538500000000000e+10,-2.844766026332206645e-14,-1.418552413448226162e+02
6.731238400000000000e+10,-2.844766026332206645e-14,-1.418616209444186609e+02
6.731938300000000000e+10,-2.844766026332206645e-14,-1.418679998686387194e+02
6.732638200000000000e+10,-2.796549653004541746e-14,-1.418743781176271739e+02
6.733338100000000000e+10,-2.796549653004541746e-14,-1.418807556915281793e+02
6.734038000000000000e+10,-2.796549653004541746e-14,-1.418871325904858054e+02
6.734737900000000000e+10,-2.796549653004541746e-14,-1.418935088146443206e+02
6.735437800000000000e+10,-2.796549653004541746e-14,-1.418998843641477094e+02
6.736137700000000000e+10,-2.796549653004541746e-14,-1.419062592391400699e+02
6.736837600000000000e+10,-2.796549653004541746e-14,-1.419126334397652727e+02
6.737537500000000000e+10,-2.796549653004541746e-14,-1.419190069661673306e+02
6.738237400000000000e+10,-2.796549653004541746e-14,-1.419253798184901143e+02
6.738937300000000000e+10,-2.796549653004541746e-14,-1.419317519968774945e+02
6.739637200000000000e+10,-2.796549653004541746e-14,-1.419381235014731999e+02
6.740337100000000000e+10,-2.796549653004541746e-14,-1.419444943324210442e+02
6.741037000000000000e+10,-2.748333279676877162e-14,-1.419508644898647276e+02
6.741736900000000000e+10,-2.748333279676877162e-14,-1.419572339739478366e+02
6.742436800000000000e+10,-2.748333279676877162e-14,-1.419636027848140429e+02
6.743136700000000000e+10,-2.748333279676877162e-14,-1.419699709226068478e+02
6.743836600000000000e+10,-2.748333279676877162e-14,-1.419763383874698377e+02
6.744536500000000000e+10,-2.748333279676877162e-14,-1.419827051795464854e+02
6.745236400000000000e+10,-2.748333279676877162e-14,-1.419890712989801500e+02
6.745936300000000000e+10,-2.748333279676877162e-14,-1.419954367459142190e+02
6.746636200000000000e+10,-2.748333279676877162e-14,-1.420018015204920516e+02
6.747336100000000000e+10,-2.748333279676877162e-14,-1.420081656228569784e+02
6.748036000000000000e+10,-2.748333279676877162e-14,-1.420145290531521596e+02
6.748735900000000000e+10,-2.748333279676877162e-14,-1.420208918115208121e+02
6.749435800000000000e+10,-2.700116906349212263e-14,-1.420272538981060677e+02
6.750135700000000000e+10,-2.700116906349212263e-14,-1.420336153130510581e+02
6.750835600000000000e+10,-2.700116906349212263e-14,-1.420399760564988298e+02
6.751535500000000000e+10,-2.700116906349212263e-14,-1.420463361285923440e+02
6.752235400000000000e+10,-2.700116906349212263e-14,-1.420526955294746756e+02
6.752935300000000000e+10,-2.700116906349212263e-14,-1.420590542592886436e+02
6.753635200000000000e+10,-2.700116906349212263e-14,-1.420654123181771524e+02
6.754335100000000000e+10,-2.700116906349212263e-14,-1.420717697062829927e+02
6.755035000000000000e+10,-2.700116906349212263e-14,-1.420781264237489552e+02
6.755734900000000000e+10,-2.700116906349212263e-14,-1.420844824707178304e+02
6.756434800000000000e+10,-2.700116906349212263e-14,-1.420908378473322102e+02
6.757134700000000000e+10,-2.700116906349212263e-14,-1.420971925537348284e+02
6.757834600000000000e+10,-2.651900533021547679e-14,-1.421035465900681913e+02
6.758534500000000000e+10,-2.651900533021547679e-14,-1.421098999564748908e+02
6.759234400000000000e+10,-2.651900533021547679e-14,-1.421162526530974617e+02
6.759934300000000000e+10,-2.651900533021547679e-14,-1.421226046800783251e+02
6.760634200000000000e+10,-2.651900533021547679e-14,-1.421289560375598739e+02
6.761334100000000000e+10,-2.651900533021547679e-14,-1.421353067256844724e+02
6.762034000000000000e+10,-2.651900533021547679e-14,-1.421416567445945134e+02
6.762733900000000000e+10,-2.651900533021547679e-14,-1.421480060944321622e+02
6.763433800000000000e+10,-2.651900533021547679e-14,-1.421543547753397263e+02
6.764133700000000000e+10,-2.651900533021547679e-14,-1.421607027874593712e+02
6.764833600000000000e+10,-2.651900533021547679e-14,-1.421670501309332053e+02
6.765533500000000000e+10,-2.651900533021547679e-14,-1.421733968059033089e+02
6.766233400000000000e+10,-2.651900533021547679e-14,-1.421797428125117904e+02
6.766933300000000000e+10,-2.603684159693883096e-14,-1.421860881509006447e+02
6.767633200000000000e+10,-2.603684159693883096e-14,-1.421924328212117530e+02
6.768333100000000000e+10,-2.603684159693883096e-14,-1.421987768235870817e+02
6.769033000000000000e+10,-2.603684159693883096e-14,-1.422051201581684836e+02
6.769732900000000000e+10,-2.603684159693883096e-14,-1.422114628250977262e+02
6.770432800000000000e+10,-2.603684159693883096e-14,-1.422178048245166906e+02
6.771132700000000000e+10,-2.603684159693883096e-14,-1.422241461565669738e+02
6.771832600000000000e+10,-2.603684159693883096e-14,-1.422304868213903148e+02
6.772532500000000000e+10,-2.603684159693883096e-14,-1.422368268191283960e+02
6.773232400000000000e+10,-2.603684159693883096e-14,-1.422431661499227289e+02
6.773932300000000000e+10,-2.603684159693883096e-14,-1.422495048139149105e+02
6.774632200000000000e+10,-2.603684159693883096e-14,-1.422558428112463673e+02
6.775332100000000000e+10,-2.603684159693883096e-14,-1.422621801420586678e+02
6.776032000000000000e+10,-2.555467786366218512e-14,-1.422685168064930963e+02
6.776731900000000000e+10,-2.555467786366218512e-14,-1.422748528046911076e+02
6.777431800000000000e+10,-2.555467786366218512e-14,-1.422811881367939577e+02
6.778131700000000000e+10,-2.555467786366218512e-14,-1.422875228029429593e+02
6.778831600000000000e+10,-2.555467786366218512e-14,-1.422938568032793114e+02
6.779531500000000000e+10,-2.555467786366218512e-14,-1.423001901379442131e+02
6.780231400000000000e+10,-2.555467786366218512e-14,-1.423065228070787782e+02
6.780931300000000000e+10,-2.555467786366218512e-14,-1.423128548108241205e+02
6.781631200000000000e+10,-2.555467786366218512e-14,-1.423191861493212400e+02
6.782331100000000000e+10,-2.555467786366218512e-14,-1.423255168227112506e+02
6.783031000000000000e+10,-2.555467786366218512e-14,-1.423318468311349818e+02
6.783730900000000000e+10,-2.555467786366218512e-14,-1.423381761747333485e+02
6.784430800000000000e+10,-2.507251413038553929e-14,-1.423445048536472939e+02
6.785130700000000000e+10,-2.507251413038553929e-14,-1.423508328680176191e+02
6.785830600000000000e+10,-2.507251413038553929e-14,-1.423571602179850402e+02
6.786530500000000000e+10,-2.507251413038553929e-14,-1.423634869036903297e+02
6.787230400000000000e+10,-2.507251413038553929e-14,-1.423698129252741467e+02
6.787930300000000000e+10,-2.507251413038553929e-14,-1.423761382828771787e+02
6.788630200000000000e+10,-2.507251413038553929e-14,-1.423824629766399994e+02
6.789330100000000000e+10,-2.507251413038553929e-14,-1.423887870067030690e+02
6.790030000000000000e+10,-2.507251413038553929e-14,-1.423951103732070465e+02
6.790729900000000000e+10,-2.507251413038553929e-14,-1.424014330762922782e+02
6.791429800000000000e+10,-2.507251413038553929e-14,-1.424077551160991959e+02
6.792129700000000000e+10,-2.507251413038553929e-14,-1.424140764927682028e+02
6.792829600000000000e+10,-2.507251413038553929e-14,-1.424203972064395600e+02
6.793529500000000000e+10,-2.507251413038553929e-14,-1.424267172572536424e+02
6.794229400000000000e+10,-2.459035039710889029e-14,-1.424330366453505974e+02
6.794929300000000000e+10,-2.459035039710889029e-14,-1.424393553708706577e+02
6.795629200000000000e+10,-2.459035039710889029e-14,-1.424456734339539423e+02
6.796329100000000000e+10,-2.459035039710889029e-14,-1.424519908347405419e+02
6.797029000000000000e+10,-2.459035039710889029e-14,-1.424583075733705755e+02
6.797728900000000000e+10,-2.459035039710889029e-14,-1.424646236499839915e+02
6.798428800000000000e+10,-2.459035039710889029e-14,-1.424709390647207385e+02
6.799128700000000000e+10,-2.459035039710889029e-14,-1.424772538177208503e+02
6.799828600000000000e+10,-2.459035039710889029e-14,-1.424835679091240763e+02
6.800528500000000000e+10,-2.459035039710889029e-14,-1.424898813390702799e+02
6.801228400000000000e+10,-2.459035039710889029e-14,-1.424961941076992673e+02
6.801928300000000000e+10,-2.459035039710889029e-14,-1.425025062151507598e+02
6.802628200000000000e+10,-2.459035039710889029e-14,-1.425088176615645068e+02
6.803328100000000000e+10,-2.410818666383224446e-14,-1.425151284470800874e+02
6.804028000000000000e+10,-2.410818666383224446e-14,-1.425214385718371375e+02
6.804727900000000000e+10,-2.410818666383224446e-14,-1.425277480359752076e+02
6.805427800000000000e+10,-2.410818666383224446e-14,-1.425340568396338767e+02
6.806127700000000000e+10,-2.410818666383224446e-14,-1.425403649829525250e+02
6.806827600000000000e+10,-2.410818666383224446e-14,-1.425466724660706745e+02
6.807527500000000000e+10,-2.410818666383224446e-14,-1.425529792891276202e+02
6.808227400000000000e+10,-2.410818666383224446e-14,-1.425592854522627988e+02
6.808927300000000000e+10,-2.410818666383224446e-14,-1.425655909556153915e+02
6.809627200000000000e+10,-2.410818666383224446e-14,-1.425718957993247500e+02
6.810327100000000000e+10,-2.410818666383224446e-14,-1.425781999835300269e+02
6.811027000000000000e+10,-2.410818666383224446e-14,-1.425845035083704033e+02
6.811726900000000000e+10,-2.410818666383224446e-14,-1.425908063739850036e+02
6.812426800000000000e+10,-2.410818666383224446e-14,-1.425971085805128666e+02
6.813126700000000000e+10,-2.362602293055559862e-14,-1.426034101280930599e+02
6.813826600000000000e+10,-2.362602293055559862e-14,-1.426097110168645372e+02
6.814526500000000000e+10,-2.362602293055559862e-14,-1.426160112469662806e+02
6.815226400000000000e+10,-2.362602293055559862e-14,-1.426223108185371302e+02
6.815926300000000000e+10,-2.362602293055559862e-14,-1.426286097317159829e+02
6.816626200000000000e+10,-2.362602293055559862e-14,-1.426349079866416218e+02
6.817326100000000000e+10,-2.362602293055559862e-14,-1.426412055834528303e+02
6.818026000000000000e+10,-2.362602293055559862e-14,-1.426475025222882778e+02
6.818725900000000000e+10,-2.362602293055559862e-14,-1.426537988032866906e+02
6.819425800000000000e+10,-2.362602293055559862e-14,-1.426600944265866815e+02
6.820125700000000000e+10,-2.362602293055559862e-14,-1.426663893923268631e+02
6.820825600000000000e+10,-2.362602293055559862e-14,-1.426726837006457345e+02
6.821525500000000000e+10,-2.362602293055559862e-14,-1.426789773516818229e+02
6.822225400000000000e+10,-2.362602293055559862e-14,-1.426852703455735423e+02
6.822925300000000000e+10,-2.314385919727894963e-14,-1.426915626824593346e+02
6.823625200000000000e+10,-2.314385919727894963e-14,-1.426978543624775568e+02
6.824325100000000000e+10,-2.314385919727894963e-14,-1.427041453857665658e+02
6.825025000000000000e+10,-2.314385919727894963e-14,-1.427104357524645479e+02
6.825724900000000000e+10,-2.314385919727894963e-14,-1.427167254627098600e+02
6.826424800000000000e+10,-2.314385919727894963e-14,-1.427230145166406032e+02
6.827124700000000000e+10,-2.314385919727894963e-14,-1.427293029143949354e+02
6.827824600000000000e+10,-2.314385919727894963e-14,-1.427355906561109862e+02
6.828524500000000000e+10,-2.314385919727894963e-14,-1.427418777419267713e+02
6.829224400000000000e+10,-2.314385919727894963e-14,-1.427481641719803633e+02
6.829924300000000000e+10,-2.314385919727894963e-14,-1.427544499464096646e+02
6.830624200000000000e+10,-2.314385919727894963e-14,-1.427607350653526055e+02
6.831324100000000000e+10,-2.314385919727894963e-14,-1.427670195289471735e+02
6.832024000000000000e+10,-2.314385919727894963e-14,-1.427733033373310718e+02
6.832723900000000000e+10,-2.266169546400230380e-14,-1.427795864906421741e+02
6.833423800000000000e+10,-2.266169546400230380e-14,-1.427858689890182120e+02
6.834123700000000000e+10,-2.266169546400230380e-14,-1.427921508325968603e+02
6.834823600000000000e+10,-2.266169546400230380e-14,-1.427984320215158220e+02
6.835523500000000000e+10,-2.266169546400230380e-14,-1.428047125559126869e+02
6.836223400000000000e+10,-2.266169546400230380e-14,-1.428109924359250726e+02
6.836923300000000000e+10,-2.266169546400230380e-14,-1.428172716616904552e+02
6.837623200000000000e+10,-2.266169546400230380e-14,-1.428235502333463387e+02
6.838323100000000000e+10,-2.266169546400230380e-14,-1.428298281510301990e+02
6.839023000000000000e+10,-2.266169546400230380e-14,-1.428361054148793983e+02
6.839722900000000000e+10,-2.266169546400230380e-14,-1.428423820250312986e+02
6.840422800000000000e+10,-2.266169546400230380e-14,-1.428486579816232620e+02
6.841122700000000000e+10,-2.266169546400230380e-14,-1.428549332847925086e+02
6.841822600000000000e+10,-2.266169546400230380e-14,-1.428612079346762584e+02
6.842522500000000000e+10,-2.266169546400230380e-14,-1.428674819314117315e+02
6.843222400000000000e+10,-2.217953173072566111e-14,-1.428737552751360056e+02
6.843922300000000000e+10,-2.217953173072566111e-14,-1.428800279659862156e+02
6.844622200000000000e+10,-2.217953173072566111e-14,-1.428863000040994393e+02
6.845322100000000000e+10,-2.217953173072566111e-14,-1.428925713896126410e+02
6.846022000000000000e+10,-2.217953173072566111e-14,-1.428988421226628134e+02
6.846721900000000000e+10,-2.217953173072566111e-14,-1.429051122033868637e+02
6.847421800000000000e+10,-2.217953173072566111e-14,-1.429113816319216426e+02
6.848121700000000000e+10,-2.217953173072566111e-14,-1.429176504084040289e+02
6.848821600000000000e+10,-2.217953173072566111e-14,-1.429239185329707880e+02
6.849521500000000000e+10,-2.217953173072566111e-14,-1.429301860057586566e+02
6.850221400000000000e+10,-2.217953173072566111e-14,-1.429364528269043717e+02
6.850921300000000000e+10,-2.217953173072566111e-14,-1.429427189965446416e+02
6.851621200000000000e+10,-2.217953173072566111e-14,-1.429489845148159475e+02
6.852321100000000000e+10,-2.217953173072566111e-14,-1.429552493818549124e+02
6.853021000000000000e+10,-2.217953173072566111e-14,-1.429615135977981595e+02
6.853720900000000000e+10,-2.169736799744901528e-14,-1.429677771627820562e+02
6.854420800000000000e+10,-2.169736799744901528e-14,-1.429740400769431403e+02
6.855120700000000000e+10,-2.169736799744901528e-14,-1.429803023404176656e+02
6.855820600000000000e+10,-2.169736799744901528e-14,-1.429865639533422268e+02
6.856520500000000000e+10,-2.169736799744901528e-14,-1.429928249158529070e+02
6.857220400000000000e+10,-2.169736799744901528e-14,-1.429990852280861304e+02
6.857920300000000000e+10,-2.169736799744901528e-14,-1.430053448901780087e+02
6.858620200000000000e+10,-2.169736799744901528e-14,-1.430116039022648806e+02
6.859320100000000000e+10,-2.169736799744901528e-14,-1.430178622644826874e+02
6.860020000000000000e+10,-2.169736799744901528e-14,-1.430241199769676541e+02
6.860719900000000000e+10,-2.169736799744901528e-14,-1.430303770398558356e+02
6.861419800000000000e+10,-2.169736799744901528e-14,-1.430366334532832013e+02
6.862119700000000000e+10,-2.169736799744901528e-14,-1.430428892173857776e+02
6.862819600000000000e+10,-2.169736799744901528e-14,-1.430491443322994485e+02
6.863519500000000000e+10,-2.169736799744901528e-14,-1.430553987981600699e+02
6.864219400000000000e+10,-2.169736799744901528e-14,-1.430616526151035259e+02
6.864919300000000000e+10,-2.121520426417236944e-14,-1.430679057832656440e+02
6.865619200000000000e+10,-2.121520426417236944e-14,-1.430741583027820809e+02
6.866319100000000000e+10,-2.121520426417236944e-14,-1.430804101737886072e+02
6.867019000000000000e+10,-2.121520426417236944e-14,-1.430866613964208796e+02
6.867718900000000000e+10,-2.121520426417236944e-14,-1.430929119708145549e+02
6.868418800000000000e+10,-2.121520426417236944e-14,-1.430991618971052333e+02
6.869118700000000000e+10,-2.121520426417236944e-14,-1.431054111754283440e+02
6.869818600000000000e+10,-2.121520426417236944e-14,-1.431116598059194587e+02
6.870518500000000000e+10,-2.121520426417236944e-14,-1.431179077887140352e+02
6.871218400000000000e+10,-2.121520426417236944e-14,-1.431241551239474745e+02
6.871918300000000000e+10,-2.121520426417236944e-14,-1.431304018117551209e+02
6.872618200000000000e+10,-2.121520426417236944e-14,-1.431366478522723469e+02
6.873318100000000000e+10,-2.121520426417236944e-14,-1.431428932456343830e+02
6.874018000000000000e+10,-2.121520426417236944e-14,-1.431491379919765166e+02
6.874717900000000000e+10,-2.121520426417236944e-14,-1.431553820914339212e+02
6.875417800000000000e+10,-2.073304053089572045e-14,-1.431616255441416854e+02
6.876117700000000000e+10,-2.073304053089572045e-14,-1.431678683502350964e+02
6.876817600000000000e+10,-2.073304053089572045e-14,-1.431741105098490436e+02
6.877517500000000000e+10,-2.073304053089572045e-14,-1.431803520231186440e+02
6.878217400000000000e+10,-2.073304053089572045e-14,-1.431865928901788436e+02
6.878917300000000000e+10,-2.073304053089572045e-14,-1.431928331111646173e+02
6.879617200000000000e+10,-2.073304053089572045e-14,-1.431990726862108261e+02
6.880317100000000000e+10,-2.073304053089572045e-14,-1.432053116154523593e+02
6.881017000000000000e+10,-2.073304053089572045e-14,-1.432115498990239928e+02
6.881716900000000000e+10,-2.073304053089572045e-14,-1.432177875370605591e+02
6.882416800000000000e+10,-2.073304053089572045e-14,-1.432240245296967203e+02
6.883116700000000000e+10,-2.073304053089572045e-14,-1.432302608770671952e+02
6.883816600000000000e+10,-2.073304053089572045e-14,-1.432364965793066176e+02
6.884516500000000000e+10,-2.073304053089572045e-14,-1.432427316365496210e+02
6.885216400000000000e+10,-2.073304053089572045e-14,-1.432489660489306686e+02
6.885916300000000000e+10,-2.073304053089572045e-14,-1.432551998165844225e+02
6.886616200000000000e+10,-2.073304053089572045e-14,-1.432614329396452035e+02
6.887316100000000000e+10,-2.025087679761907462e-14,-1.432676654182475602e+02
6.888016000000000000e+10,-2.025087679761907462e-14,-1.432738972525257566e+02
6.888715900000000000e+10,-2.025087679761907462e-14,-1.432801284426142843e+02
6.889415800000000000e+10,-2.025087679761907462e-14,-1.432863589886473790e+02
6.890115700000000000e+10,-2.025087679761907462e-14,-1.432925888907592480e+02
6.890815600000000000e+10,-2.025087679761907462e-14,-1.432988181490841839e+02
6.891515500000000000e+10,-2.025087679761907462e-14,-1.433050467637563656e+02
6.892215400000000000e+10,-2.025087679761907462e-14,-1.433112747349098584e+02
6.892915300000000000e+10,-2.025087679761907462e-14,-1.433175020626788410e+02
6.893615200000000000e+10,-2.025087679761907462e-14,-1.433237287471973218e+02
6.894315100000000000e+10,-2.025087679761907462e-14,-1.433299547885992524e+02
6.895015000000000000e+10,-2.025087679761907462e-14,-1.433361801870186980e+02
6.895714900000000000e+10,-2.025087679761907462e-14,-1.433424049425895248e+02
6.896414800000000000e+10,-2.025087679761907462e-14,-1.433486290554455991e+02
6.897114700000000000e+10,-2.025087679761907462e-14,-1.433548525257208155e+02
6.897814600000000000e+10,-2.025087679761907462e-14,-1.433610753535489550e+02
6.898514500000000000e+10,-1.976871306434243194e-14,-1.433672975390637134e+02
6.899214400000000000e+10,-1.976871306434243194e-14,-1.433735190823989001e+02
6.899914300000000000e+10,-1.976871306434243194e-14,-1.433797399836880970e+02
6.900614200000000000e+10,-1.976871306434243194e-14,-1.433859602430649716e+02
6.901314100000000000e+10,-1.976871306434243194e-14,-1.433921798606631057e+02
6.902014000000000000e+10,-1.976871306434243194e-14,-1.433983988366160247e+02
6.902713900000000000e+10,-1.976871306434243194e-14,-1.434046171710572821e+02
6.903413800000000000e+10,-1.976871306434243194e-14,-1.434108348641202895e+02
6.904113700000000000e+10,-1.976871306434243194e-14,-1.434170519159384867e+02
6.904813600000000000e+10,-1.976871306434243194e-14,-1.434232683266452000e+02
6.905513500000000000e+10,-1.976871306434243194e-14,-1.434294840963738409e+02
6.906213400000000000e+10,-1.976871306434243194e-14,-1.434356992252576788e+02
6.906913300000000000e+10,-1.976871306434243194e-14,-1.434419137134299262e+02
6.907613200000000000e+10,-1.976871306434243194e-14,-1.434481275610238242e+02
6.908313100000000000e+10,-1.976871306434243194e-14,-1.434543407681725284e+02
6.909013000000000000e+10,-1.976871306434243194e-14,-1.434605533350091946e+02
6.909712900000000000e+10,-1.976871306434243194e-14,-1.434667652616668363e+02
6.910412800000000000e+10,-1.928654933106578610e-14,-1.434729765482786092e+02
6.911112700000000000e+10,-1.928654933106578610e-14,-1.434791871949773565e+02
6.911812600000000000e+10,-1.928654933106578610e-14,-1.434853972018961770e+02
6.912512500000000000e+10,-1.928654933106578610e-14,-1.434916065691678853e+02
6.913212400000000000e+10,-1.928654933106578610e-14,-1.434978152969254097e+02
6.913912300000000000e+10,-1.928654933106578610e-14,-1.435040233853015650e+02
6.914612200000000000e+10,-1.928654933106578610e-14,-1.435102308344291657e+02
6.915312100000000000e+10,-1.928654933106578610e-14,-1.435164376444409413e+02
6.916012000000000000e+10,-1.928654933106578610e-14,-1.435226438154695643e+02
6.916711900000000000e+10,-1.928654933106578610e-14,-1.435288493476477640e+02
6.917411800000000000e+10,-1.928654933106578610e-14,-1.435350542411081278e+02
6.918111700000000000e+10,-1.928654933106578610e-14,-1.435412584959832429e+02
6.918811600000000000e+10,-1.928654933106578610e-14,-1.435474621124056682e+02
6.919511500000000000e+10,-1.928654933106578610e-14,-1.435536650905078488e+02
6.920211400000000000e+10,-1.928654933106578610e-14,-1.435598674304222584e+02
6.920911300000000000e+10,-1.928654933106578610e-14,-1.435660691322813989e+02
6.921611200000000000e+10,-1.928654933106578610e-14,-1.435722701962175449e+02
6.922311100000000000e+10,-1.928654933106578610e-14,-1.435784706223630565e+02
6.923011000000000000e+10,-1.880438559778914026e-14,-1.435846704108502365e+02
6.923710900000000000e+10,-1.880438559778914026e-14,-1.435908695618113029e+02
6.924410800000000000e+10,-1.880438559778914026e-14,-1.435970680753785018e+02
6.925110700000000000e+10,-1.880438559778914026e-14,-1.436032659516840226e+02
6.925810600000000000e+10,-1.880438559778914026e-14,-1.436094631908599126e+02
6.926510500000000000e+10,-1.880438559778914026e-14,-1.436156597930383043e+02
6.927210400000000000e+10,-1.880438559778914026e-14,-1.436218557583512165e+02
6.927910300000000000e+10,-1.880438559778914026e-14,-1.436280510869306966e+02
6.928610200000000000e+10,-1.880438559778914026e-14,-1.436342457789086495e+02
6.929310100000000000e+10,-1.880438559778914026e-14,-1.436404398344170374e+02
6.930010000000000000e+10,-1.880438559778914026e-14,-1.436466332535877086e+02
6.930709900000000000e+10,-1.880438559778914026e-14,-1.436528260365525114e+02
6.931409800000000000e+10,-1.880438559778914026e-14,-1.436590181834432371e+02
6.932109700000000000e+10,-1.880438559778914026e-14,-1.436652096943915922e+02
6.932809600000000000e+10,-1.880438559778914026e-14,-1.436714005695293679e+02
6.933509500000000000e+10,-1.880438559778914026e-14,-1.436775908089882137e+02
6.934209400000000000e+10,-1.880438559778914026e-14,-1.436837804128996936e+02
6.934909300000000000e+10,-1.880438559778914026e-14,-1.436899693813955139e+02
6.935609200000000000e+10,-1.832222186451249127e-14,-1.436961577146071534e+02
6.936309100000000000e+10,-1.832222186451249127e-14,-1.437023454126660340e+02
6.937009000000000000e+10,-1.832222186451249127e-14,-1.437085324757037768e+02
6.937708900000000000e+10,-1.832222186451249127e-14,-1.437147189038516899e+02
6.938408800000000000e+10,-1.832222186451249127e-14,-1.437209046972412807e+02
6.939108700000000000e+10,-1.832222186451249127e-14,-1.437270898560037153e+02
6.939808600000000000e+10,-1.832222186451249127e-14,-1.437332743802704158e+02
6.940508500000000000e+10,-1.832222186451249127e-14,-1.437394582701726335e+02
6.941208400000000000e+10,-1.832222186451249127e-14,-1.437456415258415348e+02
6.941908300000000000e+10,-1.832222186451249127e-14,-1.437518241474083425e+02
6.942608200000000000e+10,-1.832222186451249127e-14,-1.437580061350041376e+02
6.943308100000000000e+10,-1.832222186451249127e-14,-1.437641874887600864e+02
6.944008000000000000e+10,-1.832222186451249127e-14,-1.437703682088072128e+02
6.944707900000000000e+10,-1.832222186451249127e-14,-1.437765482952765410e+02
6.945407800000000000e+10,-1.832222186451249127e-14,-1.437827277482989814e+02
6.946107700000000000e+10,-1.832222186451249127e-14,-1.437889065680055296e+02
6.946807600000000000e+10,-1.832222186451249127e-14,-1.437950847545270676e+02
6.947507500000000000e+10,-1.832222186451249127e-14,-1.438012623079944206e+02
6.948207400000000000e+10,-1.784005813123584544e-14,-1.438074392285384135e+02
6.948907300000000000e+10,-1.784005813123584544e-14,-1.438136155162897865e+02
6.949607200000000000e+10,-1.784005813123584544e-14,-1.438197911713793076e+02
6.950307100000000000e+10,-1.784005813123584544e-14,-1.438259661939376883e+02
6.951007000000000000e+10,-1.784005813123584544e-14,-1.438321405840954696e+02
6.951706900000000000e+10,-1.784005813123584544e-14,-1.438383143419833061e+02
6.952406800000000000e+10,-1.784005813123584544e-14,-1.438444874677317955e+02
6.953106700000000000e+10,-1.784005813123584544e-14,-1.438506599614714219e+02
6.953806600000000000e+10,-1.784005813123584544e-14,-1.438568318233326977e+02
6.954506500000000000e+10,-1.784005813123584544e-14,-1.438630030534460502e+02
6.955206400000000000e+10,-1.784005813123584544e-14,-1.438691736519418214e+02
6.955906300000000000e+10,-1.784005813123584544e-14,-1.438753436189504669e+02
6.956606200000000000e+10,-1.784005813123584544e-14,-1.438815129546022717e+02
6.957306100000000000e+10,-1.784005813123584544e-14,-1.438876816590275212e+02
6.958006000000000000e+10,-1.784005813123584544e-14,-1.438938497323563865e+02
6.958705900000000000e+10,-1.784005813123584544e-14,-1.439000171747191530e+02
6.959405800000000000e+10,-1.784005813123584544e-14,-1.439061839862458783e+02
6.960105700000000000e+10,-1.784005813123584544e-14,-1.439123501670667906e+02
6.960805600000000000e+10,-1.784005813123584544e-14,-1.439185157173119194e+02
6.961505500000000000e+10,-1.735789439795920276e-14,-1.439246806371112086e+02
6.962205400000000000e+10,-1.735789439795920276e-14,-1.439308449265948298e+02
6.962905300000000000e+10,-1.735789439795920276e-14,-1.439370085858925847e+02
6.963605200000000000e+10,-1.735789439795920276e-14,-1.439431716151345029e+02
6.964305100000000000e+10,-1.735789439795920276e-14,-1.439493340144503577e+02
6.965005000000000000e+10,-1.735789439795920276e-14,-1.439554957839700080e+02
6.965704900000000000e+10,-1.735789439795920276e-14,-1.439616569238232842e+02
6.966404800000000000e+10,-1.735789439795920276e-14,-1.439678174341399313e+02
6.967104700000000000e+10,-1.735789439795920276e-14,-1.439739773150495523e+02
6.967804600000000000e+10,-1.735789439795920276e-14,-1.439801365666819777e+02
6.968504500000000000e+10,-1.735789439795920276e-14,-1.439862951891667535e+02
6.969204400000000000e+10,-1.735789439795920276e-14,-1.439924531826335112e+02
6.969904300000000000e+10,-1.735789439795920276e-14,-1.439986105472117401e+02
6.970604200000000000e+10,-1.735789439795920276e-14,-1.440047672830309580e+02
6.971304100000000000e+10,-1.735789439795920276e-14,-1.440109233902206824e+02
6.972004000000000000e+10,-1.735789439795920276e-14,-1.440170788689102892e+02
6.972703900000000000e+10,-1.735789439795920276e-14,-1.440232337192291823e+02
6.973403800000000000e+10,-1.735789439795920276e-14,-1.440293879413067373e+02
6.974103700000000000e+10,-1.735789439795920276e-14,-1.440355415352722446e+02
6.974803600000000000e+10,-1.735789439795920276e-14,-1.440416945012549377e+02
6.975503500000000000e+10,-1.687573066468255692e-14,-1.440478468393841069e+02
6.976203400000000000e+10,-1.687573066468255692e-14,-1.440539985497888722e+02
6.976903300000000000e+10,-1.687573066468255692e-14,-1.440601496325984385e+02
6.977603200000000000e+10,-1.687573066468255692e-14,-1.440663000879418405e+02
6.978303100000000000e+10,-1.687573066468255692e-14,-1.440724499159482548e+02
6.979003000000000000e+10,-1.687573066468255692e-14,-1.440785991167466022e+02
6.979702900000000000e+10,-1.687573066468255692e-14,-1.440847476904658890e+02
6.980402800000000000e+10,-1.687573066468255692e-14,-1.440908956372350929e+02
6.981102700000000000e+10,-1.687573066468255692e-14,-1.440970429571831630e+02
6.981802600000000000e+10,-1.687573066468255692e-14,-1.441031896504388499e+02
6.982502500000000000e+10,-1.687573066468255692e-14,-1.441093357171310458e+02
6.983202400000000000e+10,-1.687573066468255692e-14,-1.441154811573885013e+02
6.983902300000000000e+10,-1.687573066468255692e-14,-1.441216259713400234e+02
6.984602200000000000e+10,-1.687573066468255692e-14,-1.441277701591142772e+02
6.985302100000000000e+10,-1.687573066468255692e-14,-1.441339137208399563e+02
6.986002000000000000e+10,-1.687573066468255692e-14,-1.441400566566456689e+02
6.986701900000000000e+10,-1.687573066468255692e-14,-1.441461989666599379e+02
6.987401800000000000e+10,-1.687573066468255692e-14,-1.441523406510114000e+02
6.988101700000000000e+10,-1.687573066468255692e-14,-1.441584817098284930e+02
6.988801600000000000e+10,-1.687573066468255692e-14,-1.441646221432397397e+02
6.989501500000000000e+10,-1.639356693140591109e-14,-1.441707619513735779e+02
6.990201400000000000e+10,-1.639356693140591109e-14,-1.441769011343583315e+02
6.990901300000000000e+10,-1.639356693140591109e-14,-1.441830396923223532e+02
6.991601200000000000e+10,-1.639356693140591109e-14,-1.441891776253939668e+02
6.992301100000000000e+10,-1.639356693140591109e-14,-1.441953149337014679e+02
6.993001000000000000e+10,-1.639356693140591109e-14,-1.442014516173730385e+02
6.993700900000000000e+10,-1.639356693140591109e-14,-1.442075876765369173e+02
6.994400800000000000e+10,-1.639356693140591109e-14,-1.442137231113211442e+02
6.995100700000000000e+10,-1.639356693140591109e-14,-1.442198579218539294e+02
6.995800600000000000e+10,-1.639356693140591109e-14,-1.442259921082633696e+02
6.996500500000000000e+10,-1.639356693140591109e-14,-1.442321256706773909e+02
6.997200400000000000e+10,-1.639356693140591109e-14,-1.442382586092240047e+02
6.997900300000000000e+10,-1.639356693140591109e-14,-1.442443909240311655e+02
6.998600200000000000e+10,-1.639356693140591109e-14,-1.442505226152268278e+02
6.999300100000000000e+10,-1.639356693140591109e-14,-1.442566536829388042e+02
7.000000000000000000e+10,-1.639356693140591109e-14,-1.442627841272949922e+02
